t_ms,segment_id,packet_type,source_mode,frame_fid,note,walk_fid,walk_dt_ms,walk_exec_ms,walk_out,walk_state,walk_tilt_forward_deg,walk_pos_rad,walk_vel_rad_s,walk_tq_nm,walk_temp_c,walk_vbus_v,walk_err_code,walk_fb_age_ms,walk_typical_stride_ms,walk_effective_step_count,walk_tilt_accel_deg,walk_acc_x,walk_acc_y,walk_acc_z,walk_gyr_x,walk_gyr_y,walk_gyr_z,cfg_fid,cfg_robot_id,cfg_ble_target,cfg_gait_model,cfg_gait_mode,cfg_side_is_left,cfg_assist_pct
87820,2,walk,walk,8663,,8663.0,20.0,0.0,0.0,1.0,1.67,-0.021,0.019,0.0,32.0,28.18,0.0,0.0,0.0,0.0,2.38,0.04,-1.0,-0.06,0.33,-1.28,1.13,231.0,TESTR,AKR-TESTR-<MAC6>,0.0,1.0,0.0,100.0
87860,2,walk,walk,8664,,8664.0,20.0,0.0,0.0,1.0,1.67,-0.021,-0.08,0.0,32.0,28.18,0.0,0.0,0.0,0.0,2.36,0.04,-1.0,-0.06,0.34,-1.27,1.2,231.0,TESTR,AKR-TESTR-<MAC6>,0.0,1.0,0.0,100.0
87860,2,walk,walk,8665,,8665.0,20.0,1.0,0.0,1.0,1.67,-0.021,-0.002,0.0,32.0,28.18,0.0,1.0,0.0,0.0,2.33,0.04,-1.0,-0.06,0.35,-1.26,1.24,231.0,TESTR,AKR-TESTR-<MAC6>,0.0,1.0,0.0,100.0
87860,2,walk,walk,8666,,8666.0,20.0,0.0,0.0,1.0,1.68,-0.021,0.021,0.0,32.0,28.18,0.0,0.0,0.0,0.0,2.29,0.04,-1.0,-0.06,0.35,-1.25,1.27,231.0,TESTR,AKR-TESTR-<MAC6>,0.0,1.0,0.0,100.0
87880,2,walk,walk,8667,,8667.0,20.0,1.0,0.0,1.0,1.68,-0.021,0.04,0.0,32.0,28.18,0.0,1.0,0.0,0.0,2.24,0.04,-1.0,-0.06,0.34,-1.24,1.28,231.0,TESTR,AKR-TESTR-<MAC6>,0.0,1.0,0.0,100.0
87880,2,walk,walk,8668,,8668.0,20.0,1.0,0.0,1.0,1.68,-0.021,-0.014,0.0,32.0,28.18,0.0,1.0,0.0,0.0,2.18,0.04,-1.0,-0.06,0.32,-1.23,1.28,231.0,TESTR,AKR-TESTR-<MAC6>,0.0,1.0,0.0,100.0
87920,2,walk,walk,8669,,8669.0,20.0,0.0,0.0,1.0,1.68,-0.021,-0.014,0.0,32.0,28.18,0.0,20.0,0.0,0.0,2.12,0.04,-1.0,-0.06,0.3,-1.21,1.27,231.0,TESTR,AKR-TESTR-<MAC6>,0.0,1.0,0.0,100.0
87940,2,walk,walk,8670,,8670.0,20.0,1.0,0.0,1.0,1.67,-0.021,-0.007,0.0,32.0,28.18,0.0,20.0,0.0,0.0,2.05,0.04,-1.0,-0.06,0.29,-1.19,1.25,231.0,TESTR,AKR-TESTR-<MAC6>,0.0,1.0,0.0,100.0
87940,2,walk,walk,8671,,8671.0,20.0,1.0,0.0,1.0,1.67,-0.021,-0.028,0.0,32.0,28.18,0.0,19.0,0.0,0.0,1.98,0.03,-1.0,-0.06,0.27,-1.16,1.21,231.0,TESTR,AKR-TESTR-<MAC6>,0.0,1.0,0.0,100.0
87980,2,walk,walk,8672,,8672.0,20.0,1.0,0.0,1.0,1.66,-0.021,-0.044,0.0,32.0,28.18,0.0,19.0,0.0,0.0,1.91,0.03,-1.0,-0.06,0.26,-1.13,1.15,231.0,TESTR,AKR-TESTR-<MAC6>,0.0,1.0,0.0,100.0
88100,2,walk,walk,8673,,8673.0,20.0,1.0,0.0,1.0,1.66,-0.021,-0.025,0.0,32.0,28.18,0.0,19.0,0.0,0.0,1.85,0.03,-1.0,-0.06,0.24,-1.1,1.09,231.0,TESTR,AKR-TESTR-<MAC6>,0.0,1.0,0.0,100.0
88100,2,walk,walk,8674,,8674.0,20.0,1.0,0.0,1.0,1.65,-0.021,-0.052,0.0,32.0,28.18,0.0,19.0,0.0,0.0,1.79,0.03,-1.0,-0.06,0.23,-1.07,1.0,231.0,TESTR,AKR-TESTR-<MAC6>,0.0,1.0,0.0,100.0
88100,2,walk,walk,8675,,8675.0,20.0,1.0,0.0,1.0,1.64,-0.021,-0.015,0.0,32.0,28.18,0.0,19.0,0.0,0.0,1.74,0.03,-1.0,-0.06,0.22,-1.05,0.91,231.0,TESTR,AKR-TESTR-<MAC6>,0.0,1.0,0.0,100.0
88100,2,walk,walk,8676,,8676.0,20.0,1.0,0.0,1.0,1.63,-0.021,-0.026,0.0,32.0,28.18,0.0,19.0,0.0,0.0,1.7,0.03,-1.0,-0.06,0.22,-1.04,0.83,231.0,TESTR,AKR-TESTR-<MAC6>,0.0,1.0,0.0,100.0
88100,2,walk,walk,8677,,8677.0,20.0,1.0,0.0,1.0,1.62,-0.021,0.017,0.0,32.0,28.18,0.0,19.0,0.0,0.0,1.67,0.03,-1.0,-0.06,0.21,-1.03,0.75,231.0,TESTR,AKR-TESTR-<MAC6>,0.0,1.0,0.0,100.0
88140,2,walk,walk,8678,,8678.0,20.0,1.0,0.0,1.0,1.61,-0.021,0.025,0.0,32.0,28.18,0.0,19.0,0.0,0.0,1.64,0.03,-1.0,-0.06,0.21,-1.03,0.69,231.0,TESTR,AKR-TESTR-<MAC6>,0.0,1.0,0.0,100.0
88140,2,walk,walk,8679,,8679.0,20.0,1.0,0.0,1.0,1.6,-0.021,-0.002,0.0,32.0,28.18,0.0,19.0,0.0,0.0,1.63,0.03,-1.0,-0.06,0.21,-1.03,0.65,231.0,TESTR,AKR-TESTR-<MAC6>,0.0,1.0,0.0,100.0
88160,2,walk,walk,8680,,8680.0,20.0,1.0,0.0,1.0,1.59,-0.021,-0.061,0.0,32.0,28.18,0.0,19.0,0.0,0.0,1.61,0.03,-1.0,-0.06,0.21,-1.03,0.64,231.0,TESTR,AKR-TESTR-<MAC6>,0.0,1.0,0.0,100.0
88180,2,walk,walk,8681,,8681.0,20.0,1.0,0.0,1.0,1.57,-0.021,-0.013,0.0,32.0,28.18,0.0,19.0,0.0,0.0,1.6,0.03,-1.0,-0.06,0.21,-1.03,0.63,231.0,TESTR,AKR-TESTR-<MAC6>,0.0,1.0,0.0,100.0
88180,2,walk,walk,8682,,8682.0,20.0,1.0,6.0,2.0,1.56,-0.021,-0.013,0.0,32.0,28.18,0.0,19.0,0.0,0.0,1.59,0.03,-1.0,-0.06,0.2,-1.03,0.63,231.0,TESTR,AKR-TESTR-<MAC6>,0.0,1.0,0.0,100.0
88180,2,walk,walk,8683,,8683.0,20.0,0.0,6.0,2.0,1.55,-0.021,0.037,-0.049,32.0,28.14,0.0,17.0,0.0,0.0,1.58,0.03,-1.0,-0.06,0.19,-1.13,0.6,231.0,TESTR,AKR-TESTR-<MAC6>,0.0,1.0,0.0,100.0
88220,2,walk,walk,8684,,8684.0,20.0,0.0,6.0,2.0,1.54,-0.014,0.383,0.592,32.0,28.14,0.0,17.0,0.0,0.0,1.56,0.03,-1.0,-0.06,0.18,-1.36,0.47,231.0,TESTR,AKR-TESTR-<MAC6>,0.0,1.0,0.0,100.0
88240,2,walk,walk,8685,,8685.0,20.0,1.0,6.0,2.0,1.53,-0.01,0.203,0.747,32.0,28.14,0.0,18.0,0.0,0.0,1.55,0.03,-1.0,-0.06,0.16,-1.69,0.25,231.0,TESTR,AKR-TESTR-<MAC6>,0.0,1.0,0.0,100.0
88240,2,walk,walk,8686,,8686.0,20.0,1.0,6.0,2.0,1.51,-0.009,0.049,0.856,32.0,28.14,0.0,18.0,0.0,0.0,1.54,0.03,-1.0,-0.06,0.14,-2.04,-0.03,231.0,TESTR,AKR-TESTR-<MAC6>,0.0,1.0,0.0,100.0
88280,2,walk,walk,8687,,8687.0,20.0,1.0,6.0,2.0,1.5,-0.008,-0.011,0.869,32.0,28.14,0.0,18.0,0.0,0.0,1.54,0.03,-1.0,-0.06,0.11,-2.38,-0.33,231.0,TESTR,AKR-TESTR-<MAC6>,0.0,1.0,0.0,100.0
88300,2,walk,walk,8688,,8688.0,20.0,1.0,6.0,2.0,1.49,-0.008,-0.019,0.833,32.0,28.14,0.0,18.0,0.0,0.0,1.55,0.03,-1.0,-0.06,0.08,-2.65,-0.61,231.0,TESTR,AKR-TESTR-<MAC6>,0.0,1.0,0.0,100.0
88320,2,walk,walk,8689,,8689.0,20.0,0.0,6.0,2.0,1.49,-0.007,-0.068,0.846,32.0,28.14,0.0,17.0,0.0,0.0,1.56,0.03,-1.0,-0.06,0.06,-2.83,-0.85,231.0,TESTR,AKR-TESTR-<MAC6>,0.0,1.0,0.0,100.0
88360,2,walk,walk,8690,,8690.0,20.0,1.0,6.0,2.0,1.48,-0.007,0.003,0.83,32.0,28.14,0.0,18.0,0.0,0.0,1.58,0.03,-1.0,-0.06,0.04,-2.93,-1.04,231.0,TESTR,AKR-TESTR-<MAC6>,0.0,1.0,0.0,100.0
88360,2,walk,walk,8691,,8691.0,20.0,1.0,6.0,2.0,1.47,-0.007,0.022,0.775,32.0,28.14,0.0,18.0,0.0,0.0,1.61,0.03,-1.0,-0.06,0.02,-2.94,-1.17,231.0,TESTR,AKR-TESTR-<MAC6>,0.0,1.0,0.0,100.0
88360,2,walk,walk,8692,,8692.0,20.0,1.0,6.0,2.0,1.47,-0.007,0.003,0.787,32.0,28.14,0.0,18.0,0.0,0.0,1.65,0.03,-1.0,-0.06,0.0,-2.89,-1.23,231.0,TESTR,AKR-TESTR-<MAC6>,0.0,1.0,0.0,100.0
88400,2,walk,walk,8693,,8693.0,20.0,1.0,6.0,2.0,1.47,-0.007,-0.005,0.755,32.0,28.14,0.0,18.0,0.0,0.0,1.69,0.03,-1.0,-0.06,-0.01,-2.8,-1.24,231.0,TESTR,AKR-TESTR-<MAC6>,0.0,1.0,0.0,100.0
88420,2,walk,walk,8694,,8694.0,20.0,1.0,6.0,2.0,1.47,-0.007,0.072,0.794,32.0,28.14,0.0,18.0,0.0,0.0,1.73,0.03,-1.0,-0.06,-0.03,-2.68,-1.2,231.0,TESTR,AKR-TESTR-<MAC6>,0.0,1.0,0.0,100.0
88420,2,walk,walk,8695,,8695.0,20.0,1.0,6.0,2.0,1.47,-0.007,-0.019,0.75,32.0,28.14,0.0,18.0,0.0,0.0,1.78,0.03,-1.0,-0.06,-0.04,-2.55,-1.11,231.0,TESTR,AKR-TESTR-<MAC6>,0.0,1.0,0.0,100.0
88480,2,walk,walk,8696,,8696.0,20.0,1.0,6.0,2.0,1.48,-0.007,-0.033,0.792,32.0,28.14,0.0,18.0,0.0,0.0,1.82,0.03,-1.0,-0.06,-0.06,-2.4,-0.99,231.0,TESTR,AKR-TESTR-<MAC6>,0.0,1.0,0.0,100.0
88480,2,walk,walk,8697,,8697.0,20.0,1.0,6.0,2.0,1.49,-0.007,0.096,0.781,32.0,28.14,0.0,18.0,0.0,0.0,1.85,0.03,-1.0,-0.07,-0.06,-2.26,-0.86,231.0,TESTR,AKR-TESTR-<MAC6>,0.0,1.0,0.0,100.0
88500,2,walk,walk,8698,,8698.0,20.0,1.0,6.0,2.0,1.5,-0.007,0.084,0.773,32.0,28.14,0.0,18.0,0.0,0.0,1.88,0.03,-1.0,-0.07,-0.07,-2.11,-0.71,231.0,TESTR,AKR-TESTR-<MAC6>,0.0,1.0,0.0,100.0
88540,2,walk,walk,8699,,8699.0,20.0,1.0,6.0,2.0,1.51,-0.007,-0.103,0.748,32.0,28.14,0.0,18.0,0.0,0.0,1.91,0.03,-1.0,-0.07,-0.06,-1.98,-0.56,231.0,TESTR,AKR-TESTR-<MAC6>,0.0,1.0,0.0,100.0
88540,2,walk,walk,8700,,8700.0,20.0,1.0,6.0,2.0,1.53,-0.007,0.052,0.733,32.0,28.14,0.0,18.0,0.0,0.0,1.94,0.03,-1.0,-0.07,-0.05,-1.86,-0.42,231.0,TESTR,AKR-TESTR-<MAC6>,0.0,1.0,0.0,100.0
88560,2,walk,walk,8701,,8701.0,20.0,1.0,6.0,2.0,1.54,-0.007,0.028,0.695,32.0,28.14,0.0,18.0,0.0,0.0,1.96,0.03,-1.0,-0.07,-0.03,-1.74,-0.29,231.0,TESTR,AKR-TESTR-<MAC6>,0.0,1.0,0.0,100.0
88580,2,walk,walk,8702,,8702.0,20.0,1.0,6.0,2.0,1.56,-0.006,-0.023,0.777,32.0,28.14,0.0,18.0,0.0,0.0,1.97,0.03,-1.0,-0.07,0.0,-1.64,-0.17,231.0,TESTR,AKR-TESTR-<MAC6>,0.0,1.0,0.0,100.0
88600,2,walk,walk,8703,,8703.0,20.0,1.0,6.0,2.0,1.57,-0.006,-0.073,0.776,32.0,28.14,0.0,18.0,0.0,0.0,1.99,0.03,-1.0,-0.07,0.04,-1.55,-0.06,231.0,TESTR,AKR-TESTR-<MAC6>,0.0,1.0,0.0,100.0
88600,2,walk,walk,8704,,8704.0,20.0,1.0,6.0,2.0,1.59,-0.006,-0.018,0.744,32.0,28.14,0.0,18.0,0.0,0.0,2.0,0.04,-1.0,-0.07,0.09,-1.47,0.04,231.0,TESTR,AKR-TESTR-<MAC6>,0.0,1.0,0.0,100.0
88640,2,walk,walk,8705,,8705.0,20.0,1.0,6.0,2.0,1.61,-0.006,-0.017,0.698,32.0,28.14,0.0,18.0,0.0,0.0,2.02,0.04,-1.0,-0.07,0.13,-1.39,0.12,231.0,TESTR,AKR-TESTR-<MAC6>,0.0,1.0,0.0,100.0
88700,2,walk,walk,8706,,8706.0,20.0,1.0,6.0,2.0,1.62,-0.007,-0.062,0.726,32.0,28.14,0.0,18.0,0.0,0.0,2.03,0.04,-1.0,-0.07,0.17,-1.32,0.2,232.0,TESTR,AKR-TESTR-<MAC6>,0.0,1.0,0.0,100.0
88700,2,walk,walk,8707,,8707.0,20.0,1.0,6.0,2.0,1.64,-0.007,-0.08,0.726,32.0,28.14,0.0,18.0,0.0,0.0,2.05,0.04,-1.0,-0.07,0.21,-1.27,0.27,232.0,TESTR,AKR-TESTR-<MAC6>,0.0,1.0,0.0,100.0
88700,2,walk,walk,8708,,8708.0,20.0,1.0,6.0,2.0,1.65,-0.006,0.037,0.727,32.0,28.14,0.0,18.0,0.0,0.0,2.06,0.04,-1.0,-0.07,0.24,-1.23,0.34,232.0,TESTR,AKR-TESTR-<MAC6>,0.0,1.0,0.0,100.0
88720,2,walk,walk,8709,,8709.0,20.0,1.0,6.0,2.0,1.66,-0.006,0.041,0.733,32.0,28.14,0.0,18.0,0.0,0.0,2.07,0.04,-1.0,-0.07,0.27,-1.19,0.41,232.0,TESTR,AKR-TESTR-<MAC6>,0.0,1.0,0.0,100.0
88740,2,walk,walk,8710,,8710.0,20.0,1.0,6.0,2.0,1.68,-0.007,-0.005,0.779,32.0,28.14,0.0,18.0,0.0,0.0,2.08,0.04,-1.0,-0.07,0.29,-1.17,0.47,232.0,TESTR,AKR-TESTR-<MAC6>,0.0,1.0,0.0,100.0
88760,2,walk,walk,8711,,8711.0,20.0,1.0,6.0,2.0,1.69,-0.007,-0.003,0.739,32.0,28.14,0.0,18.0,0.0,0.0,2.09,0.04,-1.0,-0.07,0.31,-1.17,0.54,232.0,TESTR,AKR-TESTR-<MAC6>,0.0,1.0,0.0,100.0
88780,2,walk,walk,8712,,8712.0,20.0,1.0,6.0,2.0,1.7,-0.007,0.044,0.747,32.0,28.14,0.0,18.0,0.0,0.0,2.09,0.04,-1.0,-0.07,0.33,-1.17,0.59,232.0,TESTR,AKR-TESTR-<MAC6>,0.0,1.0,0.0,100.0
88820,2,walk,walk,8713,,8713.0,20.0,1.0,6.0,2.0,1.7,-0.007,0.081,0.748,32.0,28.14,0.0,18.0,0.0,0.0,2.09,0.04,-1.0,-0.07,0.34,-1.18,0.64,232.0,TESTR,AKR-TESTR-<MAC6>,0.0,1.0,0.0,100.0
88840,2,walk,walk,8714,,8714.0,20.0,1.0,6.0,2.0,1.71,-0.007,-0.104,0.746,32.0,28.14,0.0,18.0,0.0,0.0,2.09,0.04,-1.0,-0.07,0.36,-1.19,0.68,232.0,TESTR,AKR-TESTR-<MAC6>,0.0,1.0,0.0,100.0
88840,2,walk,walk,8715,,8715.0,20.0,1.0,6.0,2.0,1.71,-0.007,0.083,0.755,32.0,28.14,0.0,18.0,0.0,0.0,2.08,0.04,-1.0,-0.07,0.37,-1.2,0.71,232.0,TESTR,AKR-TESTR-<MAC6>,0.0,1.0,0.0,100.0
88860,2,walk,walk,8716,,8716.0,20.0,1.0,6.0,2.0,1.72,-0.007,-0.001,0.788,32.0,28.14,0.0,18.0,0.0,0.0,2.07,0.04,-1.0,-0.07,0.38,-1.2,0.72,232.0,TESTR,AKR-TESTR-<MAC6>,0.0,1.0,0.0,100.0
88880,2,walk,walk,8717,,8717.0,20.0,1.0,6.0,2.0,1.72,-0.006,0.041,0.762,32.0,28.14,0.0,18.0,0.0,0.0,2.05,0.04,-1.0,-0.07,0.39,-1.21,0.71,232.0,TESTR,AKR-TESTR-<MAC6>,0.0,1.0,0.0,100.0
88900,2,walk,walk,8718,,8718.0,20.0,1.0,6.0,2.0,1.72,-0.007,0.006,0.774,32.0,28.14,0.0,18.0,0.0,0.0,2.04,0.04,-1.0,-0.07,0.4,-1.2,0.69,232.0,TESTR,AKR-TESTR-<MAC6>,0.0,1.0,0.0,100.0
88920,2,walk,walk,8719,,8719.0,20.0,1.0,6.0,2.0,1.72,-0.007,-0.099,0.78,32.0,28.14,0.0,18.0,0.0,0.0,2.02,0.04,-1.0,-0.07,0.41,-1.19,0.65,232.0,TESTR,AKR-TESTR-<MAC6>,0.0,1.0,0.0,100.0
88940,2,walk,walk,8720,,8720.0,20.0,1.0,6.0,2.0,1.72,-0.006,-0.029,0.715,32.0,28.14,0.0,18.0,0.0,0.0,2.01,0.04,-1.0,-0.07,0.42,-1.16,0.6,232.0,TESTR,AKR-TESTR-<MAC6>,0.0,1.0,0.0,100.0
88960,2,walk,walk,8721,,8721.0,20.0,1.0,6.0,2.0,1.72,-0.006,-0.009,0.72,32.0,28.14,0.0,18.0,0.0,0.0,2.0,0.04,-1.0,-0.07,0.43,-1.13,0.56,232.0,TESTR,AKR-TESTR-<MAC6>,0.0,1.0,0.0,100.0
89000,2,walk,walk,8722,,8722.0,20.0,1.0,6.0,2.0,1.72,-0.007,-0.025,0.778,32.0,28.14,0.0,18.0,0.0,0.0,2.0,0.04,-1.0,-0.07,0.43,-1.09,0.53,232.0,TESTR,AKR-TESTR-<MAC6>,0.0,1.0,0.0,100.0
89000,2,walk,walk,8723,,8723.0,20.0,1.0,6.0,2.0,1.72,-0.007,-0.088,0.717,32.0,28.14,0.0,18.0,0.0,0.0,2.0,0.04,-1.0,-0.07,0.43,-1.05,0.51,232.0,TESTR,AKR-TESTR-<MAC6>,0.0,1.0,0.0,100.0
89020,2,walk,walk,8724,,8724.0,20.0,1.0,6.0,2.0,1.71,-0.006,0.037,0.754,32.0,28.14,0.0,18.0,0.0,0.0,2.01,0.04,-1.0,-0.07,0.42,-1.03,0.51,232.0,TESTR,AKR-TESTR-<MAC6>,0.0,1.0,0.0,100.0
89040,2,walk,walk,8725,,8725.0,20.0,2.0,6.0,2.0,1.71,-0.006,-0.005,0.739,32.0,28.14,0.0,19.0,0.0,0.0,2.02,0.04,-1.0,-0.07,0.41,-1.03,0.52,232.0,TESTR,AKR-TESTR-<MAC6>,0.0,1.0,0.0,100.0
89060,2,walk,walk,8726,,8726.0,20.0,2.0,6.0,2.0,1.71,-0.007,0.009,0.747,32.0,28.14,0.0,19.0,0.0,0.0,2.03,0.04,-1.0,-0.07,0.39,-1.03,0.55,232.0,TESTR,AKR-TESTR-<MAC6>,0.0,1.0,0.0,100.0
89080,2,walk,walk,8727,,8727.0,20.0,2.0,6.0,2.0,1.7,-0.007,0.006,0.758,32.0,28.14,0.0,19.0,0.0,0.0,2.04,0.04,-1.0,-0.07,0.37,-1.05,0.58,232.0,TESTR,AKR-TESTR-<MAC6>,0.0,1.0,0.0,100.0
89100,2,walk,walk,8728,,8728.0,20.0,2.0,6.0,2.0,1.7,-0.007,-0.002,0.753,32.0,28.14,0.0,19.0,0.0,0.0,2.04,0.04,-1.0,-0.07,0.34,-1.07,0.63,232.0,TESTR,AKR-TESTR-<MAC6>,0.0,1.0,0.0,100.0
89120,2,walk,walk,8729,,8729.0,20.0,2.0,6.0,2.0,1.69,-0.007,0.019,0.778,32.0,28.14,0.0,19.0,0.0,0.0,2.04,0.04,-1.0,-0.07,0.32,-1.1,0.67,232.0,TESTR,AKR-TESTR-<MAC6>,0.0,1.0,0.0,100.0
89160,2,walk,walk,8730,,8730.0,20.0,2.0,6.0,2.0,1.69,-0.006,0.075,0.74,32.0,28.14,0.0,19.0,0.0,0.0,2.03,0.04,-1.0,-0.07,0.29,-1.13,0.7,232.0,TESTR,AKR-TESTR-<MAC6>,0.0,1.0,0.0,100.0
89160,2,walk,walk,8731,,8731.0,20.0,2.0,6.0,2.0,1.69,-0.007,-0.101,0.756,32.0,28.14,0.0,19.0,0.0,0.0,2.03,0.04,-1.0,-0.07,0.28,-1.17,0.72,232.0,TESTR,AKR-TESTR-<MAC6>,0.0,1.0,0.0,100.0
89180,2,walk,walk,8732,,8732.0,20.0,2.0,6.0,2.0,1.68,-0.007,0.068,0.763,32.0,28.14,0.0,19.0,0.0,0.0,2.02,0.04,-1.0,-0.07,0.27,-1.19,0.73,232.0,TESTR,AKR-TESTR-<MAC6>,0.0,1.0,0.0,100.0
89200,2,walk,walk,8733,,8733.0,20.0,2.0,6.0,2.0,1.68,-0.007,-0.046,0.74,32.0,28.14,0.0,19.0,0.0,0.0,2.01,0.04,-1.0,-0.07,0.26,-1.21,0.73,232.0,TESTR,AKR-TESTR-<MAC6>,0.0,1.0,0.0,100.0
89220,2,walk,walk,8734,,8734.0,20.0,2.0,6.0,2.0,1.67,-0.007,-0.032,0.741,32.0,28.14,0.0,19.0,0.0,0.0,2.0,0.04,-1.0,-0.07,0.26,-1.23,0.72,232.0,TESTR,AKR-TESTR-<MAC6>,0.0,1.0,0.0,100.0
89240,2,walk,walk,8735,,8735.0,20.0,2.0,6.0,2.0,1.67,-0.006,0.091,0.785,32.0,28.14,0.0,19.0,0.0,0.0,2.0,0.03,-1.0,-0.07,0.26,-1.23,0.69,232.0,TESTR,AKR-TESTR-<MAC6>,0.0,1.0,0.0,100.0
89260,2,walk,walk,8736,,8736.0,20.0,2.0,6.0,2.0,1.66,-0.007,-0.038,0.753,32.0,28.14,0.0,19.0,0.0,0.0,1.99,0.03,-1.0,-0.07,0.26,-1.23,0.67,232.0,TESTR,AKR-TESTR-<MAC6>,0.0,1.0,0.0,100.0
89300,2,walk,walk,8737,,8737.0,20.0,2.0,6.0,2.0,1.66,-0.007,0.046,0.731,32.0,28.14,0.0,19.0,0.0,0.0,1.99,0.03,-1.0,-0.07,0.26,-1.22,0.65,232.0,TESTR,AKR-TESTR-<MAC6>,0.0,1.0,0.0,100.0
89300,2,walk,walk,8738,,8738.0,20.0,2.0,6.0,2.0,1.65,-0.007,-0.025,0.734,32.0,28.14,0.0,19.0,0.0,0.0,1.99,0.03,-1.0,-0.07,0.26,-1.22,0.63,232.0,TESTR,AKR-TESTR-<MAC6>,0.0,1.0,0.0,100.0
89320,2,walk,walk,8739,,8739.0,20.0,2.0,6.0,2.0,1.65,-0.007,0.037,0.772,32.0,28.14,0.0,19.0,0.0,0.0,2.0,0.03,-1.0,-0.07,0.26,-1.22,0.61,232.0,TESTR,AKR-TESTR-<MAC6>,0.0,1.0,0.0,100.0
89340,2,walk,walk,8740,,8740.0,20.0,2.0,6.0,2.0,1.64,-0.007,-0.064,0.763,32.0,28.14,0.0,19.0,0.0,0.0,2.0,0.04,-1.0,-0.07,0.26,-1.21,0.6,232.0,TESTR,AKR-TESTR-<MAC6>,0.0,1.0,0.0,100.0
89360,2,walk,walk,8741,,8741.0,20.0,2.0,6.0,2.0,1.64,-0.007,-0.009,0.772,32.0,28.14,0.0,19.0,0.0,0.0,2.0,0.04,-1.0,-0.07,0.25,-1.21,0.6,232.0,TESTR,AKR-TESTR-<MAC6>,0.0,1.0,0.0,100.0
89380,2,walk,walk,8742,,8742.0,20.0,2.0,6.0,2.0,1.63,-0.007,-0.001,0.746,32.0,28.14,0.0,19.0,0.0,0.0,2.01,0.04,-1.0,-0.07,0.25,-1.2,0.6,232.0,TESTR,AKR-TESTR-<MAC6>,0.0,1.0,0.0,100.0
89400,2,walk,walk,8743,,8743.0,20.0,2.0,6.0,2.0,1.63,-0.007,-0.003,0.748,32.0,28.14,0.0,19.0,0.0,0.0,2.01,0.04,-1.0,-0.07,0.24,-1.19,0.6,232.0,TESTR,AKR-TESTR-<MAC6>,0.0,1.0,0.0,100.0
89440,2,walk,walk,8744,,8744.0,20.0,2.0,6.0,2.0,1.62,-0.007,-0.104,0.753,32.0,28.14,0.0,19.0,0.0,0.0,2.01,0.04,-1.0,-0.07,0.23,-1.17,0.59,232.0,TESTR,AKR-TESTR-<MAC6>,0.0,1.0,0.0,100.0
89460,2,walk,walk,8745,,8745.0,20.0,2.0,6.0,2.0,1.62,-0.007,-0.002,0.758,32.0,28.14,0.0,19.0,0.0,0.0,2.0,0.04,-1.0,-0.07,0.23,-1.14,0.59,232.0,TESTR,AKR-TESTR-<MAC6>,0.0,1.0,0.0,100.0
89500,2,walk,walk,8746,,8746.0,20.0,2.0,6.0,2.0,1.61,-0.007,-0.092,0.741,32.0,28.14,0.0,19.0,0.0,0.0,2.0,0.03,-1.0,-0.07,0.23,-1.12,0.58,232.0,TESTR,AKR-TESTR-<MAC6>,0.0,1.0,0.0,100.0
89500,2,walk,walk,8747,,8747.0,20.0,2.0,6.0,2.0,1.61,-0.006,0.002,0.775,32.0,28.14,0.0,19.0,0.0,0.0,1.99,0.03,-1.0,-0.07,0.24,-1.1,0.56,232.0,TESTR,AKR-TESTR-<MAC6>,0.0,1.0,0.0,100.0
89500,2,walk,walk,8748,,8748.0,20.0,2.0,6.0,2.0,1.6,-0.006,0.038,0.761,32.0,28.14,0.0,19.0,0.0,0.0,1.99,0.03,-1.0,-0.07,0.24,-1.08,0.54,232.0,TESTR,AKR-TESTR-<MAC6>,0.0,1.0,0.0,100.0
89520,2,walk,walk,8749,,8749.0,20.0,2.0,6.0,2.0,1.6,-0.007,-0.032,0.706,32.0,28.14,0.0,19.0,0.0,0.0,1.98,0.03,-1.0,-0.07,0.25,-1.06,0.52,232.0,TESTR,AKR-TESTR-<MAC6>,0.0,1.0,0.0,100.0
89540,2,walk,walk,8750,,8750.0,20.0,2.0,6.0,2.0,1.59,-0.007,-0.003,0.719,32.0,28.14,0.0,19.0,0.0,0.0,1.98,0.03,-1.0,-0.07,0.26,-1.04,0.49,232.0,TESTR,AKR-TESTR-<MAC6>,0.0,1.0,0.0,100.0
89560,2,walk,walk,8751,,8751.0,20.0,2.0,6.0,2.0,1.59,-0.006,-0.014,0.685,32.0,28.14,0.0,19.0,0.0,0.0,1.98,0.03,-1.0,-0.07,0.27,-1.02,0.48,232.0,TESTR,AKR-TESTR-<MAC6>,0.0,1.0,0.0,100.0
89580,2,walk,walk,8752,,8752.0,20.0,2.0,6.0,2.0,1.59,-0.007,-0.057,0.728,32.0,28.14,0.0,19.0,0.0,0.0,1.98,0.03,-1.0,-0.07,0.28,-1.0,0.47,232.0,TESTR,AKR-TESTR-<MAC6>,0.0,1.0,0.0,100.0
89600,2,walk,walk,8753,,8753.0,20.0,2.0,6.0,2.0,1.58,-0.007,-0.068,0.739,32.0,28.14,0.0,19.0,0.0,0.0,1.98,0.03,-1.0,-0.07,0.28,-0.98,0.46,232.0,TESTR,AKR-TESTR-<MAC6>,0.0,1.0,0.0,100.0
89620,2,walk,walk,8754,,8754.0,20.0,2.0,6.0,2.0,1.58,-0.007,-0.019,0.734,32.0,28.14,0.0,19.0,0.0,0.0,1.99,0.03,-1.0,-0.07,0.28,-0.95,0.47,232.0,TESTR,AKR-TESTR-<MAC6>,0.0,1.0,0.0,100.0
89660,2,walk,walk,8755,,8755.0,20.0,2.0,6.0,2.0,1.58,-0.007,-0.049,0.768,32.0,28.14,0.0,19.0,0.0,0.0,1.99,0.03,-1.0,-0.07,0.27,-0.93,0.48,232.0,TESTR,AKR-TESTR-<MAC6>,0.0,1.0,0.0,100.0
89660,2,walk,walk,8756,,8756.0,20.0,2.0,6.0,2.0,1.57,-0.007,-0.042,0.747,32.0,28.14,0.0,19.0,0.0,0.0,2.0,0.03,-1.0,-0.07,0.26,-0.92,0.5,232.0,TESTR,AKR-TESTR-<MAC6>,0.0,1.0,0.0,100.0
89680,2,walk,walk,8757,,8757.0,20.0,2.0,6.0,2.0,1.57,-0.007,0.046,0.739,32.0,28.14,0.0,19.0,0.0,0.0,2.0,0.04,-1.0,-0.07,0.25,-0.92,0.53,232.0,TESTR,AKR-TESTR-<MAC6>,0.0,1.0,0.0,100.0
89700,2,walk,walk,8758,,8758.0,20.0,2.0,6.0,2.0,1.57,-0.007,-0.053,0.749,32.0,28.14,0.0,19.0,0.0,0.0,2.01,0.04,-1.0,-0.07,0.25,-0.93,0.56,232.0,TESTR,AKR-TESTR-<MAC6>,0.0,1.0,0.0,100.0
89720,2,walk,walk,8759,,8759.0,20.0,2.0,6.0,2.0,1.57,-0.007,0.032,0.799,32.0,28.14,0.0,19.0,0.0,0.0,2.01,0.04,-1.0,-0.07,0.24,-0.94,0.6,232.0,TESTR,AKR-TESTR-<MAC6>,0.0,1.0,0.0,100.0
89740,2,walk,walk,8760,,8760.0,20.0,2.0,6.0,2.0,1.57,-0.007,0.005,0.751,32.0,28.14,0.0,19.0,0.0,0.0,2.02,0.04,-1.0,-0.07,0.23,-0.96,0.65,232.0,TESTR,AKR-TESTR-<MAC6>,0.0,1.0,0.0,100.0
89760,2,walk,walk,8761,,8761.0,20.0,2.0,6.0,2.0,1.56,-0.007,-0.018,0.765,32.0,28.14,0.0,19.0,0.0,0.0,2.02,0.04,-1.0,-0.07,0.22,-0.98,0.69,232.0,TESTR,AKR-TESTR-<MAC6>,0.0,1.0,0.0,100.0
89780,2,walk,walk,8762,,8762.0,20.0,2.0,6.0,2.0,1.56,-0.007,0.032,0.76,32.0,28.14,0.0,19.0,0.0,0.0,2.02,0.04,-1.0,-0.07,0.21,-0.99,0.73,233.0,TESTR,AKR-TESTR-<MAC6>,0.0,1.0,0.0,100.0
89820,2,walk,walk,8763,,8763.0,20.0,2.0,6.0,2.0,1.56,-0.007,-0.023,0.759,32.0,28.14,0.0,19.0,0.0,0.0,2.01,0.04,-1.0,-0.07,0.21,-1.0,0.75,233.0,TESTR,AKR-TESTR-<MAC6>,0.0,1.0,0.0,100.0
89840,2,walk,walk,8764,,8764.0,20.0,2.0,6.0,2.0,1.56,-0.007,-0.044,0.769,32.0,28.14,0.0,19.0,0.0,0.0,2.01,0.04,-1.0,-0.07,0.2,-1.0,0.76,233.0,TESTR,AKR-TESTR-<MAC6>,0.0,1.0,0.0,100.0
89860,2,walk,walk,8765,,8765.0,20.0,2.0,6.0,2.0,1.56,-0.007,-0.013,0.721,32.0,28.14,0.0,19.0,0.0,0.0,2.0,0.03,-1.0,-0.07,0.21,-0.99,0.75,233.0,TESTR,AKR-TESTR-<MAC6>,0.0,1.0,0.0,100.0
89860,2,walk,walk,8766,,8766.0,20.0,2.0,6.0,2.0,1.55,-0.007,-0.077,0.746,32.0,28.14,0.0,19.0,0.0,0.0,1.99,0.03,-1.0,-0.07,0.21,-0.97,0.72,233.0,TESTR,AKR-TESTR-<MAC6>,0.0,1.0,0.0,100.0
89900,2,walk,walk,8767,,8767.0,20.0,2.0,6.0,2.0,1.55,-0.006,0.021,0.742,32.0,28.14,0.0,19.0,0.0,0.0,1.98,0.03,-1.0,-0.07,0.22,-0.96,0.68,233.0,TESTR,AKR-TESTR-<MAC6>,0.0,1.0,0.0,100.0
89920,2,walk,walk,8768,,8768.0,20.0,2.0,6.0,2.0,1.55,-0.006,-0.048,0.739,32.0,28.14,0.0,19.0,0.0,0.0,1.98,0.03,-1.0,-0.07,0.23,-0.94,0.63,233.0,TESTR,AKR-TESTR-<MAC6>,0.0,1.0,0.0,100.0
89920,2,walk,walk,8769,,8769.0,20.0,2.0,6.0,2.0,1.55,-0.006,-0.081,0.73,32.0,28.14,0.0,19.0,0.0,0.0,1.98,0.03,-1.0,-0.07,0.25,-0.93,0.58,233.0,TESTR,AKR-TESTR-<MAC6>,0.0,1.0,0.0,100.0
89940,2,walk,walk,8770,,8770.0,20.0,2.0,6.0,2.0,1.54,-0.006,0.03,0.739,32.0,28.14,0.0,19.0,0.0,0.0,1.99,0.03,-1.0,-0.07,0.26,-0.92,0.54,233.0,TESTR,AKR-TESTR-<MAC6>,0.0,1.0,0.0,100.0
89980,2,walk,walk,8771,,8771.0,20.0,2.0,6.0,2.0,1.54,-0.007,-0.087,0.726,32.0,28.14,0.0,19.0,0.0,0.0,2.0,0.04,-1.0,-0.07,0.27,-0.92,0.5,233.0,TESTR,AKR-TESTR-<MAC6>,0.0,1.0,0.0,100.0
90000,2,walk,walk,8772,,8772.0,20.0,2.0,6.0,2.0,1.54,-0.006,0.022,0.736,32.0,28.14,0.0,19.0,0.0,0.0,2.01,0.04,-1.0,-0.07,0.29,-0.92,0.48,233.0,TESTR,AKR-TESTR-<MAC6>,0.0,1.0,0.0,100.0
90000,2,walk,walk,8773,,8773.0,20.0,2.0,6.0,2.0,1.53,-0.006,0.014,0.782,32.0,28.14,0.0,19.0,0.0,0.0,2.03,0.04,-1.0,-0.07,0.31,-0.93,0.47,233.0,TESTR,AKR-TESTR-<MAC6>,0.0,1.0,0.0,100.0
90020,2,walk,walk,8774,,8774.0,20.0,2.0,6.0,2.0,1.53,-0.006,0.058,0.725,32.0,28.14,0.0,19.0,0.0,0.0,2.04,0.04,-1.0,-0.07,0.32,-0.94,0.47,233.0,TESTR,AKR-TESTR-<MAC6>,0.0,1.0,0.0,100.0
90060,2,walk,walk,8775,,8775.0,20.0,2.0,6.0,2.0,1.53,-0.006,-0.054,0.72,32.0,28.14,0.0,19.0,0.0,0.0,2.05,0.04,-1.0,-0.07,0.34,-0.95,0.47,233.0,TESTR,AKR-TESTR-<MAC6>,0.0,1.0,0.0,100.0
90060,2,walk,walk,8776,,8776.0,20.0,2.0,6.0,2.0,1.52,-0.007,0.025,0.729,32.0,28.14,0.0,19.0,0.0,0.0,2.06,0.04,-1.0,-0.07,0.35,-0.96,0.48,233.0,TESTR,AKR-TESTR-<MAC6>,0.0,1.0,0.0,100.0
90080,2,walk,walk,8777,,8777.0,20.0,2.0,6.0,2.0,1.52,-0.006,-0.011,0.695,32.0,28.14,0.0,19.0,0.0,0.0,2.06,0.04,-1.0,-0.07,0.35,-0.99,0.49,233.0,TESTR,AKR-TESTR-<MAC6>,0.0,1.0,0.0,100.0
90100,2,walk,walk,8778,,8778.0,20.0,2.0,6.0,2.0,1.52,-0.006,0.009,0.76,32.0,28.14,0.0,19.0,0.0,0.0,2.07,0.04,-1.0,-0.07,0.36,-1.02,0.49,233.0,TESTR,AKR-TESTR-<MAC6>,0.0,1.0,0.0,100.0
90140,2,walk,walk,8779,,8779.0,20.0,2.0,6.0,2.0,1.52,-0.006,0.057,0.767,32.0,28.14,0.0,19.0,0.0,0.0,2.07,0.04,-1.0,-0.07,0.36,-1.06,0.5,233.0,TESTR,AKR-TESTR-<MAC6>,0.0,1.0,0.0,100.0
90140,2,walk,walk,8780,,8780.0,20.0,2.0,6.0,2.0,1.52,-0.006,-0.065,0.703,32.0,28.14,0.0,19.0,0.0,0.0,2.07,0.04,-1.0,-0.07,0.37,-1.09,0.51,233.0,TESTR,AKR-TESTR-<MAC6>,0.0,1.0,0.0,100.0
90160,2,walk,walk,8781,,8781.0,20.0,2.0,6.0,2.0,1.52,-0.006,0.001,0.709,32.0,28.14,0.0,19.0,0.0,0.0,2.07,0.04,-1.0,-0.07,0.37,-1.12,0.51,233.0,TESTR,AKR-TESTR-<MAC6>,0.0,1.0,0.0,100.0
90220,2,walk,walk,8782,,8782.0,20.0,2.0,6.0,2.0,1.52,-0.006,0.048,0.725,32.0,28.14,0.0,19.0,0.0,0.0,2.06,0.04,-1.0,-0.07,0.37,-1.14,0.51,233.0,TESTR,AKR-TESTR-<MAC6>,0.0,1.0,0.0,100.0
90220,2,walk,walk,8783,,8783.0,20.0,2.0,6.0,2.0,1.52,-0.006,-0.023,0.691,32.0,28.14,0.0,19.0,0.0,0.0,2.06,0.04,-1.0,-0.07,0.37,-1.15,0.49,233.0,TESTR,AKR-TESTR-<MAC6>,0.0,1.0,0.0,100.0
90220,2,walk,walk,8784,,8784.0,20.0,2.0,6.0,2.0,1.52,-0.006,-0.042,0.671,32.0,28.14,0.0,19.0,0.0,0.0,2.05,0.04,-1.0,-0.07,0.37,-1.15,0.46,233.0,TESTR,AKR-TESTR-<MAC6>,0.0,1.0,0.0,100.0
90220,2,walk,walk,8785,,8785.0,20.0,2.0,6.0,2.0,1.52,-0.006,0.028,0.661,32.0,28.14,0.0,19.0,0.0,0.0,2.04,0.04,-1.0,-0.07,0.37,-1.13,0.42,233.0,TESTR,AKR-TESTR-<MAC6>,0.0,1.0,0.0,100.0
90260,2,walk,walk,8786,,8786.0,20.0,2.0,6.0,2.0,1.52,-0.006,-0.007,0.623,32.0,28.14,0.0,19.0,0.0,0.0,2.04,0.04,-1.0,-0.07,0.38,-1.1,0.35,233.0,TESTR,AKR-TESTR-<MAC6>,0.0,1.0,0.0,100.0
90280,2,walk,walk,8787,,8787.0,20.0,2.0,6.0,2.0,1.52,-0.006,0.034,0.605,32.0,28.14,0.0,19.0,0.0,0.0,2.04,0.04,-1.0,-0.07,0.38,-1.05,0.28,233.0,TESTR,AKR-TESTR-<MAC6>,0.0,1.0,0.0,100.0
90320,2,walk,walk,8788,,8788.0,20.0,2.0,6.0,2.0,1.52,-0.006,0.066,0.657,32.0,28.14,0.0,19.0,0.0,0.0,2.04,0.04,-1.0,-0.07,0.39,-1.01,0.2,233.0,TESTR,AKR-TESTR-<MAC6>,0.0,1.0,0.0,100.0
90320,2,walk,walk,8789,,8789.0,20.0,2.0,6.0,2.0,1.52,-0.006,-0.003,0.636,32.0,28.14,0.0,19.0,0.0,0.0,2.05,0.04,-1.0,-0.07,0.41,-0.95,0.13,233.0,TESTR,AKR-TESTR-<MAC6>,0.0,1.0,0.0,100.0
90340,2,walk,walk,8790,,8790.0,20.0,2.0,6.0,2.0,1.52,-0.006,0.06,0.618,32.0,28.14,0.0,19.0,0.0,0.0,2.06,0.04,-1.0,-0.07,0.42,-0.9,0.07,233.0,TESTR,AKR-TESTR-<MAC6>,0.0,1.0,0.0,100.0
90360,2,walk,walk,8791,,8791.0,20.0,2.0,6.0,2.0,1.52,-0.005,0.097,0.606,32.0,28.14,0.0,19.0,0.0,0.0,2.08,0.04,-1.0,-0.07,0.44,-0.86,0.03,233.0,TESTR,AKR-TESTR-<MAC6>,0.0,1.0,0.0,100.0
90400,2,walk,walk,8792,,8792.0,20.0,2.0,6.0,2.0,1.52,-0.006,-0.01,0.626,32.0,28.14,0.0,19.0,0.0,0.0,2.1,0.04,-1.0,-0.07,0.46,-0.82,0.0,233.0,TESTR,AKR-TESTR-<MAC6>,0.0,1.0,0.0,100.0
90400,2,walk,walk,8793,,8793.0,20.0,2.0,6.0,2.0,1.53,-0.006,-0.053,0.595,32.0,28.14,0.0,19.0,0.0,0.0,2.12,0.04,-1.0,-0.07,0.46,-0.79,-0.02,233.0,TESTR,AKR-TESTR-<MAC6>,0.0,1.0,0.0,100.0
90420,2,walk,walk,8794,,8794.0,20.0,2.0,6.0,2.0,1.53,-0.006,-0.042,0.651,32.0,28.14,0.0,19.0,0.0,0.0,2.14,0.04,-1.0,-0.06,0.47,-0.78,-0.01,233.0,TESTR,AKR-TESTR-<MAC6>,0.0,1.0,0.0,100.0
90480,2,walk,walk,8795,,8795.0,20.0,2.0,6.0,2.0,1.54,-0.006,-0.088,0.649,32.0,28.14,0.0,19.0,0.0,0.0,2.16,0.04,-1.0,-0.06,0.46,-0.79,0.02,233.0,TESTR,AKR-TESTR-<MAC6>,0.0,1.0,0.0,100.0
90480,2,walk,walk,8796,,8796.0,20.0,2.0,6.0,2.0,1.54,-0.006,0.033,0.581,32.0,28.14,0.0,19.0,0.0,0.0,2.18,0.04,-1.0,-0.06,0.46,-0.82,0.06,233.0,TESTR,AKR-TESTR-<MAC6>,0.0,1.0,0.0,100.0
90480,2,walk,walk,8797,,8797.0,20.0,2.0,6.0,2.0,1.55,-0.006,-0.03,0.622,32.0,28.14,0.0,19.0,0.0,0.0,2.2,0.04,-1.0,-0.06,0.45,-0.85,0.12,233.0,TESTR,AKR-TESTR-<MAC6>,0.0,1.0,0.0,100.0
90500,2,walk,walk,8798,,8798.0,20.0,2.0,6.0,2.0,1.55,-0.006,-0.023,0.615,32.0,28.14,0.0,19.0,0.0,0.0,2.22,0.04,-1.0,-0.06,0.43,-0.89,0.18,233.0,TESTR,AKR-TESTR-<MAC6>,0.0,1.0,0.0,100.0
90520,2,walk,walk,8799,,8799.0,20.0,2.0,6.0,2.0,1.56,-0.006,-0.073,0.601,32.0,28.14,0.0,19.0,0.0,0.0,2.23,0.04,-1.0,-0.06,0.41,-0.93,0.24,233.0,TESTR,AKR-TESTR-<MAC6>,0.0,1.0,0.0,100.0
90540,2,walk,walk,8800,,8800.0,20.0,2.0,6.0,2.0,1.57,-0.006,0.023,0.637,32.0,28.14,0.0,19.0,0.0,0.0,2.23,0.04,-1.0,-0.06,0.37,-0.97,0.29,233.0,TESTR,AKR-TESTR-<MAC6>,0.0,1.0,0.0,100.0
90560,2,walk,walk,8801,,8801.0,20.0,2.0,6.0,2.0,1.57,-0.006,0.019,0.561,32.0,28.14,0.0,19.0,0.0,0.0,2.24,0.04,-1.0,-0.06,0.34,-1.0,0.33,233.0,TESTR,AKR-TESTR-<MAC6>,0.0,1.0,0.0,100.0
90580,2,walk,walk,8802,,8802.0,20.0,2.0,6.0,2.0,1.58,-0.006,0.042,0.596,32.0,28.14,0.0,19.0,0.0,0.0,2.24,0.04,-1.0,-0.06,0.3,-1.02,0.35,233.0,TESTR,AKR-TESTR-<MAC6>,0.0,1.0,0.0,100.0
90620,2,walk,walk,8803,,8803.0,20.0,2.0,6.0,2.0,1.59,-0.005,0.079,0.634,32.0,28.14,0.0,19.0,0.0,0.0,2.24,0.04,-1.0,-0.06,0.26,-1.04,0.37,233.0,TESTR,AKR-TESTR-<MAC6>,0.0,1.0,0.0,100.0
90620,2,walk,walk,8804,,8804.0,20.0,2.0,6.0,2.0,1.6,-0.006,0.019,0.64,32.0,28.14,0.0,19.0,0.0,0.0,2.24,0.04,-1.0,-0.06,0.24,-1.04,0.37,233.0,TESTR,AKR-TESTR-<MAC6>,0.0,1.0,0.0,100.0
90640,2,walk,walk,8805,,8805.0,20.0,2.0,6.0,2.0,1.6,-0.006,-0.028,0.596,32.0,28.14,0.0,19.0,0.0,0.0,2.23,0.04,-1.0,-0.06,0.21,-1.04,0.37,233.0,TESTR,AKR-TESTR-<MAC6>,0.0,1.0,0.0,100.0
90660,2,walk,walk,8806,,8806.0,20.0,2.0,6.0,2.0,1.61,-0.005,0.034,0.618,32.0,28.14,0.0,19.0,0.0,0.0,2.23,0.04,-1.0,-0.06,0.2,-1.04,0.37,233.0,TESTR,AKR-TESTR-<MAC6>,0.0,1.0,0.0,100.0
90680,2,walk,walk,8807,,8807.0,20.0,2.0,6.0,2.0,1.62,-0.005,-0.003,0.585,32.0,28.14,0.0,19.0,0.0,0.0,2.23,0.04,-1.0,-0.06,0.18,-1.04,0.37,233.0,TESTR,AKR-TESTR-<MAC6>,0.0,1.0,0.0,100.0
90700,2,walk,walk,8808,,8808.0,20.0,2.0,6.0,2.0,1.63,-0.005,0.053,0.622,32.0,28.14,0.0,19.0,0.0,0.0,2.24,0.04,-1.0,-0.06,0.17,-1.05,0.38,233.0,TESTR,AKR-TESTR-<MAC6>,0.0,1.0,0.0,100.0
90700,2,walk,walk,8809,,8809.0,20.0,2.0,6.0,2.0,1.63,-0.006,-0.041,0.584,32.0,28.14,0.0,19.0,0.0,0.0,2.24,0.04,-1.0,-0.06,0.17,-1.06,0.39,233.0,TESTR,AKR-TESTR-<MAC6>,0.0,1.0,0.0,100.0
90740,2,walk,walk,8810,,8810.0,20.0,2.0,6.0,2.0,1.64,-0.006,-0.049,0.599,32.0,28.14,0.0,19.0,0.0,0.0,2.24,0.04,-1.0,-0.06,0.16,-1.08,0.42,233.0,TESTR,AKR-TESTR-<MAC6>,0.0,1.0,0.0,100.0
90760,2,walk,walk,8811,,8811.0,20.0,2.0,6.0,2.0,1.64,-0.006,0.046,0.62,32.0,28.14,0.0,19.0,0.0,0.0,2.25,0.04,-1.0,-0.06,0.16,-1.09,0.46,234.0,TESTR,AKR-TESTR-<MAC6>,0.0,1.0,0.0,100.0
90800,2,walk,walk,8812,,8812.0,20.0,2.0,6.0,2.0,1.65,-0.006,-0.037,0.624,32.0,28.14,0.0,19.0,0.0,0.0,2.25,0.04,-1.0,-0.06,0.16,-1.11,0.5,234.0,TESTR,AKR-TESTR-<MAC6>,0.0,1.0,0.0,100.0
90800,2,walk,walk,8813,,8813.0,20.0,2.0,6.0,2.0,1.66,-0.006,0.076,0.666,32.0,28.14,0.0,19.0,0.0,0.0,2.25,0.04,-1.0,-0.06,0.17,-1.13,0.55,234.0,TESTR,AKR-TESTR-<MAC6>,0.0,1.0,0.0,100.0
90820,2,walk,walk,8814,,8814.0,20.0,2.0,6.0,2.0,1.66,-0.006,-0.131,0.654,32.0,28.14,0.0,19.0,0.0,0.0,2.24,0.04,-1.0,-0.06,0.17,-1.14,0.6,234.0,TESTR,AKR-TESTR-<MAC6>,0.0,1.0,0.0,100.0
90840,2,walk,walk,8815,,8815.0,20.0,2.0,6.0,2.0,1.66,-0.006,0.011,0.633,32.0,28.14,0.0,19.0,0.0,0.0,2.23,0.04,-1.0,-0.06,0.18,-1.16,0.63,234.0,TESTR,AKR-TESTR-<MAC6>,0.0,1.0,0.0,100.0
90860,2,walk,walk,8816,,8816.0,20.0,2.0,6.0,2.0,1.67,-0.006,-0.028,0.577,32.0,28.14,0.0,19.0,0.0,0.0,2.22,0.04,-1.0,-0.06,0.19,-1.17,0.65,234.0,TESTR,AKR-TESTR-<MAC6>,0.0,1.0,0.0,100.0
90880,2,walk,walk,8817,,8817.0,20.0,2.0,6.0,2.0,1.67,-0.005,0.053,0.581,32.0,28.14,0.0,19.0,0.0,0.0,2.21,0.04,-1.0,-0.06,0.2,-1.18,0.65,234.0,TESTR,AKR-TESTR-<MAC6>,0.0,1.0,0.0,100.0
90900,2,walk,walk,8818,,8818.0,20.0,2.0,6.0,2.0,1.68,-0.006,-0.093,0.586,32.0,28.14,0.0,19.0,0.0,0.0,2.2,0.04,-1.0,-0.06,0.21,-1.18,0.64,234.0,TESTR,AKR-TESTR-<MAC6>,0.0,1.0,0.0,100.0
90920,2,walk,walk,8819,,8819.0,20.0,2.0,6.0,2.0,1.68,-0.006,0.017,0.619,32.0,28.14,0.0,19.0,0.0,0.0,2.19,0.04,-1.0,-0.06,0.22,-1.17,0.62,234.0,TESTR,AKR-TESTR-<MAC6>,0.0,1.0,0.0,100.0
90960,2,walk,walk,8820,,8820.0,20.0,2.0,6.0,2.0,1.68,-0.006,-0.009,0.596,32.0,28.14,0.0,19.0,0.0,0.0,2.19,0.04,-1.0,-0.06,0.21,-1.16,0.61,234.0,TESTR,AKR-TESTR-<MAC6>,0.0,1.0,0.0,100.0
90960,2,walk,walk,8821,,8821.0,20.0,2.0,6.0,2.0,1.68,-0.006,-0.079,0.683,32.0,28.14,0.0,19.0,0.0,0.0,2.19,0.04,-1.0,-0.06,0.21,-1.14,0.59,234.0,TESTR,AKR-TESTR-<MAC6>,0.0,1.0,0.0,100.0
90980,2,walk,walk,8822,,8822.0,20.0,2.0,6.0,2.0,1.68,-0.006,0.007,0.635,32.0,28.14,0.0,19.0,0.0,0.0,2.19,0.04,-1.0,-0.06,0.21,-1.12,0.59,234.0,TESTR,AKR-TESTR-<MAC6>,0.0,1.0,0.0,100.0
91000,2,walk,walk,8823,,8823.0,20.0,2.0,6.0,2.0,1.68,-0.006,0.046,0.609,32.0,28.14,0.0,19.0,0.0,0.0,2.19,0.04,-1.0,-0.06,0.21,-1.11,0.59,234.0,TESTR,AKR-TESTR-<MAC6>,0.0,1.0,0.0,100.0
91020,2,walk,walk,8824,,8824.0,20.0,2.0,6.0,2.0,1.68,-0.006,-0.058,0.632,32.0,28.14,0.0,19.0,0.0,0.0,2.2,0.04,-1.0,-0.06,0.21,-1.1,0.6,234.0,TESTR,AKR-TESTR-<MAC6>,0.0,1.0,0.0,100.0
91040,2,walk,walk,8825,,8825.0,20.0,2.0,6.0,2.0,1.68,-0.006,0.053,0.604,32.0,28.14,0.0,19.0,0.0,0.0,2.21,0.04,-1.0,-0.06,0.22,-1.09,0.61,234.0,TESTR,AKR-TESTR-<MAC6>,0.0,1.0,0.0,100.0
91060,2,walk,walk,8826,,8826.0,20.0,2.0,6.0,2.0,1.68,-0.006,0.003,0.587,32.0,28.14,0.0,19.0,0.0,0.0,2.21,0.04,-1.0,-0.06,0.23,-1.08,0.63,234.0,TESTR,AKR-TESTR-<MAC6>,0.0,1.0,0.0,100.0
91100,2,walk,walk,8827,,8827.0,20.0,2.0,6.0,2.0,1.68,-0.006,-0.066,0.646,32.0,28.14,0.0,19.0,0.0,0.0,2.21,0.04,-1.0,-0.06,0.24,-1.07,0.64,234.0,TESTR,AKR-TESTR-<MAC6>,0.0,1.0,0.0,100.0
91100,2,walk,walk,8828,,8828.0,20.0,2.0,6.0,2.0,1.68,-0.006,0.022,0.622,32.0,28.14,0.0,19.0,0.0,0.0,2.21,0.04,-1.0,-0.06,0.25,-1.06,0.64,234.0,TESTR,AKR-TESTR-<MAC6>,0.0,1.0,0.0,100.0
91120,2,walk,walk,8829,,8829.0,20.0,2.0,6.0,2.0,1.68,-0.006,-0.01,0.598,32.0,28.14,0.0,19.0,0.0,0.0,2.21,0.04,-1.0,-0.06,0.26,-1.05,0.64,234.0,TESTR,AKR-TESTR-<MAC6>,0.0,1.0,0.0,100.0
91140,2,walk,walk,8830,,8830.0,20.0,2.0,6.0,2.0,1.68,-0.006,-0.038,0.623,32.0,28.14,0.0,19.0,0.0,0.0,2.21,0.04,-1.0,-0.06,0.27,-1.03,0.63,234.0,TESTR,AKR-TESTR-<MAC6>,0.0,1.0,0.0,100.0
91160,2,walk,walk,8831,,8831.0,20.0,2.0,6.0,2.0,1.68,-0.006,0.081,0.627,32.0,28.14,0.0,19.0,0.0,0.0,2.21,0.04,-1.0,-0.06,0.28,-1.01,0.62,234.0,TESTR,AKR-TESTR-<MAC6>,0.0,1.0,0.0,100.0
91180,2,walk,walk,8832,,8832.0,20.0,2.0,6.0,2.0,1.68,-0.006,-0.014,0.627,32.0,28.14,0.0,19.0,0.0,0.0,2.21,0.04,-1.0,-0.06,0.28,-0.99,0.6,234.0,TESTR,AKR-TESTR-<MAC6>,0.0,1.0,0.0,100.0
91200,2,walk,walk,8833,,8833.0,20.0,2.0,6.0,2.0,1.68,-0.006,-0.034,0.593,32.0,28.14,0.0,19.0,0.0,0.0,2.21,0.04,-1.0,-0.06,0.28,-0.97,0.59,234.0,TESTR,AKR-TESTR-<MAC6>,0.0,1.0,0.0,100.0
91220,2,walk,walk,8834,,8834.0,20.0,2.0,6.0,2.0,1.68,-0.006,0.002,0.601,32.0,28.14,0.0,19.0,0.0,0.0,2.22,0.04,-1.0,-0.06,0.28,-0.97,0.59,234.0,TESTR,AKR-TESTR-<MAC6>,0.0,1.0,0.0,100.0
91240,2,walk,walk,8835,,8835.0,20.0,2.0,6.0,2.0,1.68,-0.006,0.03,0.613,32.0,28.14,0.0,19.0,0.0,0.0,2.22,0.04,-1.0,-0.06,0.28,-0.97,0.59,234.0,TESTR,AKR-TESTR-<MAC6>,0.0,1.0,0.0,100.0
91280,2,walk,walk,8836,,8836.0,20.0,2.0,6.0,2.0,1.67,-0.006,-0.045,0.602,32.0,28.14,0.0,19.0,0.0,0.0,2.23,0.04,-1.0,-0.06,0.28,-0.98,0.61,234.0,TESTR,AKR-TESTR-<MAC6>,0.0,1.0,0.0,100.0
91280,2,walk,walk,8837,,8837.0,20.0,2.0,6.0,2.0,1.67,-0.006,-0.069,0.64,32.0,28.14,0.0,19.0,0.0,0.0,2.24,0.04,-1.0,-0.06,0.28,-0.98,0.63,234.0,TESTR,AKR-TESTR-<MAC6>,0.0,1.0,0.0,100.0
91300,2,walk,walk,8838,,8838.0,20.0,2.0,6.0,2.0,1.67,-0.006,-0.084,0.651,32.0,28.14,0.0,19.0,0.0,0.0,2.24,0.04,-1.0,-0.06,0.28,-0.98,0.67,234.0,TESTR,AKR-TESTR-<MAC6>,0.0,1.0,0.0,100.0
91320,2,walk,walk,8839,,8839.0,20.0,2.0,6.0,2.0,1.67,-0.006,-0.042,0.624,32.0,28.14,0.0,19.0,0.0,0.0,2.24,0.04,-1.0,-0.06,0.27,-0.98,0.71,234.0,TESTR,AKR-TESTR-<MAC6>,0.0,1.0,0.0,100.0
91360,2,walk,walk,8840,,8840.0,20.0,2.0,6.0,2.0,1.67,-0.006,0.139,0.642,32.0,28.14,0.0,19.0,0.0,0.0,2.24,0.04,-1.0,-0.06,0.26,-0.98,0.75,234.0,TESTR,AKR-TESTR-<MAC6>,0.0,1.0,0.0,100.0
91360,2,walk,walk,8841,,8841.0,20.0,2.0,6.0,2.0,1.67,-0.006,-0.08,0.661,32.0,28.14,0.0,19.0,0.0,0.0,2.24,0.04,-1.0,-0.06,0.25,-0.98,0.79,234.0,TESTR,AKR-TESTR-<MAC6>,0.0,1.0,0.0,100.0
91380,2,walk,walk,8842,,8842.0,20.0,2.0,6.0,2.0,1.67,-0.006,0.013,0.636,32.0,28.14,0.0,19.0,0.0,0.0,2.24,0.04,-1.0,-0.06,0.25,-0.98,0.83,234.0,TESTR,AKR-TESTR-<MAC6>,0.0,1.0,0.0,100.0
91400,2,walk,walk,8843,,8843.0,20.0,2.0,6.0,2.0,1.67,-0.006,0.057,0.68,32.0,28.14,0.0,19.0,0.0,0.0,2.23,0.04,-1.0,-0.06,0.25,-0.99,0.87,234.0,TESTR,AKR-TESTR-<MAC6>,0.0,1.0,0.0,100.0
91440,2,walk,walk,8844,,8844.0,20.0,2.0,6.0,2.0,1.66,-0.006,-0.014,0.621,32.0,28.14,0.0,19.0,0.0,0.0,2.22,0.04,-1.0,-0.06,0.25,-0.99,0.9,234.0,TESTR,AKR-TESTR-<MAC6>,0.0,1.0,0.0,100.0
91440,2,walk,walk,8845,,8845.0,20.0,2.0,6.0,2.0,1.66,-0.006,-0.026,0.665,32.0,28.14,0.0,19.0,0.0,0.0,2.21,0.04,-1.0,-0.06,0.25,-0.99,0.92,234.0,TESTR,AKR-TESTR-<MAC6>,0.0,1.0,0.0,100.0
91460,2,walk,walk,8846,,8846.0,20.0,2.0,6.0,2.0,1.66,-0.006,0.021,0.652,32.0,28.14,0.0,19.0,0.0,0.0,2.21,0.04,-1.0,-0.06,0.25,-0.99,0.92,234.0,TESTR,AKR-TESTR-<MAC6>,0.0,1.0,0.0,100.0
91480,2,walk,walk,8847,,8847.0,20.0,2.0,6.0,2.0,1.66,-0.006,0.003,0.636,32.0,28.14,0.0,19.0,0.0,0.0,2.2,0.04,-1.0,-0.06,0.25,-0.99,0.93,234.0,TESTR,AKR-TESTR-<MAC6>,0.0,1.0,0.0,100.0
91500,2,walk,walk,8848,,8848.0,20.0,2.0,6.0,2.0,1.65,-0.006,0.029,0.647,32.0,28.14,0.0,19.0,0.0,0.0,2.19,0.04,-1.0,-0.06,0.26,-0.99,0.93,234.0,TESTR,AKR-TESTR-<MAC6>,0.0,1.0,0.0,100.0
91520,2,walk,walk,8849,,8849.0,20.0,2.0,6.0,2.0,1.65,-0.006,0.088,0.674,32.0,28.14,0.0,19.0,0.0,0.0,2.19,0.04,-1.0,-0.06,0.26,-1.0,0.93,234.0,TESTR,AKR-TESTR-<MAC6>,0.0,1.0,0.0,100.0
91540,2,walk,walk,8850,,8850.0,20.0,2.0,6.0,2.0,1.65,-0.006,-0.002,0.684,32.0,28.14,0.0,19.0,0.0,0.0,2.19,0.04,-1.0,-0.06,0.26,-1.01,0.93,234.0,TESTR,AKR-TESTR-<MAC6>,0.0,1.0,0.0,100.0
91580,2,walk,walk,8851,,8851.0,20.0,2.0,6.0,2.0,1.64,-0.006,0.001,0.702,32.0,28.14,0.0,19.0,0.0,0.0,2.19,0.04,-1.0,-0.06,0.26,-1.04,0.94,234.0,TESTR,AKR-TESTR-<MAC6>,0.0,1.0,0.0,100.0
91580,2,walk,walk,8852,,8852.0,20.0,2.0,6.0,2.0,1.64,-0.006,0.038,0.699,32.0,28.14,0.0,19.0,0.0,0.0,2.19,0.04,-1.0,-0.06,0.26,-1.07,0.96,234.0,TESTR,AKR-TESTR-<MAC6>,0.0,1.0,0.0,100.0
91600,2,walk,walk,8853,,8853.0,20.0,2.0,6.0,2.0,1.64,-0.006,0.017,0.68,32.0,28.14,0.0,19.0,0.0,0.0,2.19,0.04,-1.0,-0.06,0.26,-1.12,0.97,234.0,TESTR,AKR-TESTR-<MAC6>,0.0,1.0,0.0,100.0
91620,2,walk,walk,8854,,8854.0,20.0,2.0,6.0,2.0,1.63,-0.006,-0.007,0.664,32.0,28.14,0.0,19.0,0.0,0.0,2.18,0.04,-1.0,-0.06,0.25,-1.16,0.98,234.0,TESTR,AKR-TESTR-<MAC6>,0.0,1.0,0.0,100.0
91640,2,walk,walk,8855,,8855.0,20.0,2.0,6.0,2.0,1.63,-0.006,0.036,0.684,32.0,28.14,0.0,19.0,0.0,0.0,2.18,0.04,-1.0,-0.06,0.25,-1.2,0.98,234.0,TESTR,AKR-TESTR-<MAC6>,0.0,1.0,0.0,100.0
91660,2,walk,walk,8856,,8856.0,20.0,2.0,6.0,2.0,1.62,-0.006,0.056,0.699,32.0,28.14,0.0,19.0,0.0,0.0,2.17,0.04,-1.0,-0.06,0.24,-1.23,0.97,234.0,TESTR,AKR-TESTR-<MAC6>,0.0,1.0,0.0,100.0
91680,2,walk,walk,8857,,8857.0,20.0,2.0,6.0,2.0,1.61,-0.006,-0.014,0.714,32.0,28.14,0.0,19.0,0.0,0.0,2.16,0.04,-1.0,-0.06,0.23,-1.25,0.95,234.0,TESTR,AKR-TESTR-<MAC6>,0.0,1.0,0.0,100.0
91700,2,walk,walk,8858,,8858.0,20.0,2.0,6.0,2.0,1.61,-0.006,-0.015,0.659,32.0,28.14,0.0,19.0,0.0,0.0,2.15,0.04,-1.0,-0.06,0.22,-1.26,0.93,235.0,TESTR,AKR-TESTR-<MAC6>,0.0,1.0,0.0,100.0
91740,2,walk,walk,8859,,8859.0,20.0,2.0,6.0,2.0,1.6,-0.006,-0.019,0.698,32.0,28.14,0.0,19.0,0.0,0.0,2.14,0.04,-1.0,-0.06,0.21,-1.26,0.9,235.0,TESTR,AKR-TESTR-<MAC6>,0.0,1.0,0.0,100.0
91740,2,walk,walk,8860,,8860.0,20.0,2.0,6.0,2.0,1.6,-0.006,-0.013,0.657,32.0,28.14,0.0,19.0,0.0,0.0,2.14,0.04,-1.0,-0.06,0.19,-1.25,0.87,235.0,TESTR,AKR-TESTR-<MAC6>,0.0,1.0,0.0,100.0
91760,2,walk,walk,8861,,8861.0,20.0,2.0,6.0,2.0,1.59,-0.006,-0.079,0.682,32.0,28.14,0.0,19.0,0.0,0.0,2.13,0.04,-1.0,-0.06,0.17,-1.23,0.84,235.0,TESTR,AKR-TESTR-<MAC6>,0.0,1.0,0.0,100.0
91780,2,walk,walk,8862,,8862.0,20.0,2.0,6.0,2.0,1.58,-0.006,-0.003,0.619,32.0,28.14,0.0,19.0,0.0,0.0,2.12,0.04,-1.0,-0.06,0.15,-1.2,0.81,235.0,TESTR,AKR-TESTR-<MAC6>,0.0,1.0,0.0,100.0
91800,2,walk,walk,8863,,8863.0,20.0,2.0,6.0,2.0,1.58,-0.006,0.034,0.682,32.0,28.14,0.0,19.0,0.0,0.0,2.11,0.04,-1.0,-0.06,0.14,-1.16,0.78,235.0,TESTR,AKR-TESTR-<MAC6>,0.0,1.0,0.0,100.0
91820,2,walk,walk,8864,,8864.0,20.0,2.0,6.0,2.0,1.57,-0.006,-0.026,0.63,32.0,28.14,0.0,19.0,0.0,0.0,2.1,0.04,-1.0,-0.06,0.12,-1.11,0.76,235.0,TESTR,AKR-TESTR-<MAC6>,0.0,1.0,0.0,100.0
91840,2,walk,walk,8865,,8865.0,20.0,2.0,6.0,2.0,1.57,-0.006,-0.006,0.667,32.0,28.14,0.0,19.0,0.0,0.0,2.08,0.04,-1.0,-0.06,0.11,-1.06,0.73,235.0,TESTR,AKR-TESTR-<MAC6>,0.0,1.0,0.0,100.0
91860,2,walk,walk,8866,,8866.0,20.0,2.0,6.0,2.0,1.56,-0.006,-0.015,0.67,32.0,28.14,0.0,19.0,0.0,0.0,2.07,0.04,-1.0,-0.06,0.1,-1.02,0.7,235.0,TESTR,AKR-TESTR-<MAC6>,0.0,1.0,0.0,100.0
91900,2,walk,walk,8867,,8867.0,20.0,2.0,6.0,2.0,1.56,-0.006,-0.019,0.602,32.0,28.14,0.0,19.0,0.0,0.0,2.06,0.04,-1.0,-0.06,0.08,-0.98,0.67,235.0,TESTR,AKR-TESTR-<MAC6>,0.0,1.0,0.0,100.0
91920,2,walk,walk,8868,,8868.0,20.0,2.0,6.0,2.0,1.55,-0.006,-0.005,0.651,32.0,28.14,0.0,19.0,0.0,0.0,2.05,0.04,-1.0,-0.06,0.06,-0.94,0.63,235.0,TESTR,AKR-TESTR-<MAC6>,0.0,1.0,0.0,100.0
91920,2,walk,walk,8869,,8869.0,20.0,2.0,6.0,2.0,1.55,-0.006,-0.002,0.661,32.0,28.14,0.0,19.0,0.0,0.0,2.05,0.04,-1.0,-0.06,0.04,-0.91,0.6,235.0,TESTR,AKR-TESTR-<MAC6>,0.0,1.0,0.0,100.0
91940,2,walk,walk,8870,,8870.0,20.0,2.0,6.0,2.0,1.54,-0.006,-0.023,0.638,32.0,28.14,0.0,19.0,0.0,0.0,2.04,0.04,-1.0,-0.06,0.03,-0.88,0.57,235.0,TESTR,AKR-TESTR-<MAC6>,0.0,1.0,0.0,100.0
91960,2,walk,walk,8871,,8871.0,20.0,2.0,6.0,2.0,1.54,-0.006,-0.021,0.622,32.0,28.14,0.0,19.0,0.0,0.0,2.05,0.04,-1.0,-0.06,0.02,-0.85,0.54,235.0,TESTR,AKR-TESTR-<MAC6>,0.0,1.0,0.0,100.0
91980,2,walk,walk,8872,,8872.0,20.0,2.0,6.0,2.0,1.53,-0.006,0.033,0.642,32.0,28.14,0.0,19.0,0.0,0.0,2.05,0.04,-1.0,-0.06,0.01,-0.82,0.51,235.0,TESTR,AKR-TESTR-<MAC6>,0.0,1.0,0.0,100.0
92000,2,walk,walk,8873,,8873.0,20.0,2.0,6.0,2.0,1.53,-0.006,-0.007,0.639,32.0,28.14,0.0,19.0,0.0,0.0,2.05,0.04,-1.0,-0.06,0.0,-0.79,0.49,235.0,TESTR,AKR-TESTR-<MAC6>,0.0,1.0,0.0,100.0
92020,2,walk,walk,8874,,8874.0,20.0,2.0,6.0,2.0,1.53,-0.006,0.058,0.68,32.0,28.14,0.0,19.0,0.0,0.0,2.06,0.04,-1.0,-0.06,-0.01,-0.76,0.47,235.0,TESTR,AKR-TESTR-<MAC6>,0.0,1.0,0.0,100.0
92060,2,walk,walk,8875,,8875.0,20.0,2.0,6.0,2.0,1.52,-0.006,-0.032,0.632,32.0,28.14,0.0,19.0,0.0,0.0,2.07,0.04,-1.0,-0.07,-0.02,-0.73,0.46,235.0,TESTR,AKR-TESTR-<MAC6>,0.0,1.0,0.0,100.0
92060,2,walk,walk,8876,,8876.0,20.0,2.0,6.0,2.0,1.52,-0.006,-0.003,0.627,32.0,28.14,0.0,19.0,0.0,0.0,2.08,0.04,-1.0,-0.07,-0.04,-0.71,0.45,235.0,TESTR,AKR-TESTR-<MAC6>,0.0,1.0,0.0,100.0
92080,2,walk,walk,8877,,8877.0,20.0,2.0,6.0,2.0,1.52,-0.006,0.073,0.629,32.0,28.14,0.0,19.0,0.0,0.0,2.09,0.04,-1.0,-0.07,-0.05,-0.7,0.44,235.0,TESTR,AKR-TESTR-<MAC6>,0.0,1.0,0.0,100.0
92100,2,walk,walk,8878,,8878.0,20.0,2.0,6.0,2.0,1.52,-0.006,-0.011,0.666,32.0,28.14,0.0,19.0,0.0,0.0,2.1,0.04,-1.0,-0.07,-0.06,-0.7,0.42,235.0,TESTR,AKR-TESTR-<MAC6>,0.0,1.0,0.0,100.0
92140,2,walk,walk,8879,,8879.0,20.0,2.0,6.0,2.0,1.52,-0.006,0.029,0.623,32.0,28.14,0.0,19.0,0.0,0.0,2.11,0.04,-1.0,-0.07,-0.07,-0.7,0.41,235.0,TESTR,AKR-TESTR-<MAC6>,0.0,1.0,0.0,100.0
92140,2,walk,walk,8880,,8880.0,20.0,2.0,6.0,2.0,1.52,-0.006,0.048,0.638,32.0,28.14,0.0,19.0,0.0,0.0,2.11,0.04,-1.0,-0.07,-0.07,-0.71,0.39,235.0,TESTR,AKR-TESTR-<MAC6>,0.0,1.0,0.0,100.0
92160,2,walk,walk,8881,,8881.0,20.0,2.0,6.0,2.0,1.52,-0.006,0.005,0.642,32.0,28.14,0.0,19.0,0.0,0.0,2.12,0.04,-1.0,-0.07,-0.06,-0.73,0.38,235.0,TESTR,AKR-TESTR-<MAC6>,0.0,1.0,0.0,100.0
92180,2,walk,walk,8882,,8882.0,20.0,2.0,6.0,2.0,1.52,-0.006,-0.053,0.604,32.0,28.14,0.0,19.0,0.0,0.0,2.12,0.04,-1.0,-0.07,-0.04,-0.75,0.36,235.0,TESTR,AKR-TESTR-<MAC6>,0.0,1.0,0.0,100.0
92200,2,walk,walk,8883,,8883.0,20.0,2.0,6.0,2.0,1.52,-0.006,-0.021,0.637,32.0,28.14,0.0,19.0,0.0,0.0,2.13,0.04,-1.0,-0.07,-0.01,-0.78,0.34,235.0,TESTR,AKR-TESTR-<MAC6>,0.0,1.0,0.0,100.0
92240,2,walk,walk,8884,,8884.0,20.0,2.0,6.0,2.0,1.52,-0.005,0.075,0.59,32.0,28.14,0.0,19.0,0.0,0.0,2.13,0.04,-1.0,-0.07,0.02,-0.82,0.32,235.0,TESTR,AKR-TESTR-<MAC6>,0.0,1.0,0.0,100.0
92260,2,walk,walk,8885,,8885.0,20.0,2.0,6.0,2.0,1.52,-0.005,0.101,0.609,32.0,28.14,0.0,19.0,0.0,0.0,2.13,0.04,-1.0,-0.07,0.06,-0.86,0.29,235.0,TESTR,AKR-TESTR-<MAC6>,0.0,1.0,0.0,100.0
92260,2,walk,walk,8886,,8886.0,20.0,2.0,6.0,2.0,1.52,-0.006,0.017,0.621,32.0,28.14,0.0,19.0,0.0,0.0,2.13,0.04,-1.0,-0.07,0.11,-0.91,0.27,235.0,TESTR,AKR-TESTR-<MAC6>,0.0,1.0,0.0,100.0
92300,2,walk,walk,8887,,8887.0,20.0,2.0,6.0,2.0,1.52,-0.006,0.081,0.594,32.0,28.14,0.0,19.0,0.0,0.0,2.14,0.04,-1.0,-0.07,0.16,-0.96,0.25,235.0,TESTR,AKR-TESTR-<MAC6>,0.0,1.0,0.0,100.0
92320,2,walk,walk,8888,,8888.0,20.0,2.0,6.0,2.0,1.53,-0.006,0.097,0.663,32.0,28.14,0.0,19.0,0.0,0.0,2.15,0.04,-1.0,-0.07,0.22,-1.01,0.25,235.0,TESTR,AKR-TESTR-<MAC6>,0.0,1.0,0.0,100.0
92320,2,walk,walk,8889,,8889.0,20.0,2.0,6.0,2.0,1.53,-0.006,-0.093,0.57,32.0,28.14,0.0,19.0,0.0,0.0,2.16,0.04,-1.0,-0.07,0.27,-1.04,0.27,235.0,TESTR,AKR-TESTR-<MAC6>,0.0,1.0,0.0,100.0
92340,2,walk,walk,8890,,8890.0,20.0,2.0,6.0,2.0,1.53,-0.006,0.032,0.594,32.0,28.14,0.0,19.0,0.0,0.0,2.17,0.04,-1.0,-0.07,0.32,-1.07,0.3,235.0,TESTR,AKR-TESTR-<MAC6>,0.0,1.0,0.0,100.0
92360,2,walk,walk,8891,,8891.0,20.0,2.0,6.0,2.0,1.54,-0.006,0.073,0.623,32.0,28.14,0.0,19.0,0.0,0.0,2.18,0.04,-1.0,-0.07,0.37,-1.09,0.34,235.0,TESTR,AKR-TESTR-<MAC6>,0.0,1.0,0.0,100.0
92400,2,walk,walk,8892,,8892.0,20.0,2.0,6.0,2.0,1.54,-0.005,0.14,0.605,32.0,28.14,0.0,19.0,0.0,0.0,2.19,0.04,-1.0,-0.07,0.4,-1.1,0.37,235.0,TESTR,AKR-TESTR-<MAC6>,0.0,1.0,0.0,100.0
92400,2,walk,walk,8893,,8893.0,20.0,2.0,6.0,2.0,1.55,-0.006,-0.018,0.59,32.0,28.14,0.0,19.0,0.0,0.0,2.19,0.04,-1.0,-0.07,0.42,-1.11,0.41,235.0,TESTR,AKR-TESTR-<MAC6>,0.0,1.0,0.0,100.0
92420,2,walk,walk,8894,,8894.0,20.0,2.0,6.0,2.0,1.55,-0.006,-0.065,0.62,32.0,28.14,0.0,19.0,0.0,0.0,2.2,0.04,-1.0,-0.07,0.43,-1.12,0.45,235.0,TESTR,AKR-TESTR-<MAC6>,0.0,1.0,0.0,100.0
92440,2,walk,walk,8895,,8895.0,20.0,2.0,6.0,2.0,1.56,-0.006,0.05,0.611,32.0,28.14,0.0,19.0,0.0,0.0,2.21,0.04,-1.0,-0.07,0.44,-1.12,0.48,235.0,TESTR,AKR-TESTR-<MAC6>,0.0,1.0,0.0,100.0
92440,2,walk,walk,8896,,8896.0,20.0,2.0,6.0,2.0,1.56,-0.006,0.045,0.56,32.0,28.14,0.0,19.0,0.0,0.0,2.21,0.04,-1.0,-0.07,0.44,-1.12,0.5,235.0,TESTR,AKR-TESTR-<MAC6>,0.0,1.0,0.0,100.0
92480,2,walk,walk,8897,,8897.0,20.0,2.0,6.0,2.0,1.57,-0.006,-0.06,0.585,32.0,28.14,0.0,19.0,0.0,0.0,2.21,0.04,-1.0,-0.07,0.45,-1.13,0.51,235.0,TESTR,AKR-TESTR-<MAC6>,0.0,1.0,0.0,100.0
92500,2,walk,walk,8898,,8898.0,20.0,2.0,6.0,2.0,1.57,-0.006,-0.068,0.578,32.0,28.14,0.0,19.0,0.0,0.0,2.21,0.04,-1.0,-0.07,0.44,-1.13,0.52,235.0,TESTR,AKR-TESTR-<MAC6>,0.0,1.0,0.0,100.0
92540,2,walk,walk,8899,,8899.0,20.0,2.0,6.0,2.0,1.57,-0.005,0.135,0.628,32.0,28.14,0.0,19.0,0.0,0.0,2.21,0.04,-1.0,-0.07,0.44,-1.13,0.51,235.0,TESTR,AKR-TESTR-<MAC6>,0.0,1.0,0.0,100.0
92560,2,walk,walk,8900,,8900.0,20.0,2.0,6.0,2.0,1.58,-0.006,-0.037,0.604,32.0,28.14,0.0,19.0,0.0,0.0,2.21,0.04,-1.0,-0.07,0.44,-1.12,0.5,235.0,TESTR,AKR-TESTR-<MAC6>,0.0,1.0,0.0,100.0
92560,2,walk,walk,8901,,8901.0,20.0,2.0,6.0,2.0,1.58,-0.005,0.056,0.599,32.0,28.14,0.0,19.0,0.0,0.0,2.21,0.04,-1.0,-0.07,0.43,-1.1,0.5,235.0,TESTR,AKR-TESTR-<MAC6>,0.0,1.0,0.0,100.0
92580,2,walk,walk,8902,,8902.0,20.0,2.0,6.0,2.0,1.59,-0.006,0.026,0.619,32.0,28.14,0.0,19.0,0.0,0.0,2.2,0.04,-1.0,-0.06,0.44,-1.07,0.5,235.0,TESTR,AKR-TESTR-<MAC6>,0.0,1.0,0.0,100.0
92600,2,walk,walk,8903,,8903.0,20.0,2.0,6.0,2.0,1.59,-0.006,-0.072,0.627,32.0,28.14,0.0,19.0,0.0,0.0,2.2,0.04,-1.0,-0.06,0.44,-1.03,0.5,235.0,TESTR,AKR-TESTR-<MAC6>,0.0,1.0,0.0,100.0
92620,2,walk,walk,8904,,8904.0,20.0,2.0,6.0,2.0,1.59,-0.005,0.01,0.608,32.0,28.14,0.0,19.0,0.0,0.0,2.2,0.04,-1.0,-0.06,0.44,-1.0,0.5,235.0,TESTR,AKR-TESTR-<MAC6>,0.0,1.0,0.0,100.0
92640,2,walk,walk,8905,,8905.0,20.0,2.0,6.0,2.0,1.6,-0.006,-0.081,0.616,32.0,28.14,0.0,19.0,0.0,0.0,2.2,0.04,-1.0,-0.06,0.45,-0.97,0.49,235.0,TESTR,AKR-TESTR-<MAC6>,0.0,1.0,0.0,100.0
92660,2,walk,walk,8906,,8906.0,20.0,2.0,6.0,2.0,1.6,-0.005,-0.005,0.624,32.0,28.14,0.0,19.0,0.0,0.0,2.21,0.04,-1.0,-0.06,0.46,-0.95,0.49,236.0,TESTR,AKR-TESTR-<MAC6>,0.0,1.0,0.0,100.0
92700,2,walk,walk,8907,,8907.0,20.0,2.0,6.0,2.0,1.6,-0.006,0.034,0.607,32.0,28.14,0.0,19.0,0.0,0.0,2.21,0.04,-1.0,-0.06,0.46,-0.94,0.48,236.0,TESTR,AKR-TESTR-<MAC6>,0.0,1.0,0.0,100.0
92700,2,walk,walk,8908,,8908.0,20.0,2.0,6.0,2.0,1.61,-0.005,0.014,0.604,32.0,28.14,0.0,19.0,0.0,0.0,2.21,0.04,-1.0,-0.06,0.47,-0.92,0.48,236.0,TESTR,AKR-TESTR-<MAC6>,0.0,1.0,0.0,100.0
92720,2,walk,walk,8909,,8909.0,20.0,2.0,6.0,2.0,1.61,-0.006,0.009,0.649,32.0,28.14,0.0,19.0,0.0,0.0,2.21,0.04,-1.0,-0.06,0.48,-0.9,0.48,236.0,TESTR,AKR-TESTR-<MAC6>,0.0,1.0,0.0,100.0
92740,2,walk,walk,8910,,8910.0,20.0,2.0,6.0,2.0,1.61,-0.005,0.083,0.652,32.0,28.14,0.0,19.0,0.0,0.0,2.22,0.04,-1.0,-0.06,0.49,-0.88,0.49,236.0,TESTR,AKR-TESTR-<MAC6>,0.0,1.0,0.0,100.0
92760,2,walk,walk,8911,,8911.0,20.0,2.0,6.0,2.0,1.61,-0.006,-0.058,0.631,32.0,28.14,0.0,19.0,0.0,0.0,2.22,0.04,-1.0,-0.06,0.49,-0.87,0.5,236.0,TESTR,AKR-TESTR-<MAC6>,0.0,1.0,0.0,100.0
92780,2,walk,walk,8912,,8912.0,20.0,2.0,6.0,2.0,1.62,-0.005,0.028,0.621,32.0,28.14,0.0,19.0,0.0,0.0,2.23,0.04,-1.0,-0.06,0.49,-0.87,0.51,236.0,TESTR,AKR-TESTR-<MAC6>,0.0,1.0,0.0,100.0
92800,2,walk,walk,8913,,8913.0,20.0,2.0,6.0,2.0,1.62,-0.005,0.068,0.606,32.0,28.14,0.0,19.0,0.0,0.0,2.23,0.04,-1.0,-0.06,0.49,-0.86,0.51,236.0,TESTR,AKR-TESTR-<MAC6>,0.0,1.0,0.0,100.0
92820,2,walk,walk,8914,,8914.0,20.0,2.0,6.0,2.0,1.62,-0.005,0.025,0.572,32.0,28.14,0.0,19.0,0.0,0.0,2.23,0.04,-1.0,-0.06,0.49,-0.86,0.52,236.0,TESTR,AKR-TESTR-<MAC6>,0.0,1.0,0.0,100.0
92880,2,walk,walk,8915,,8915.0,20.0,2.0,6.0,2.0,1.62,-0.006,-0.017,0.584,32.0,28.14,0.0,19.0,0.0,0.0,2.24,0.04,-1.0,-0.06,0.49,-0.85,0.52,236.0,TESTR,AKR-TESTR-<MAC6>,0.0,1.0,0.0,100.0
92880,2,walk,walk,8916,,8916.0,20.0,2.0,6.0,2.0,1.63,-0.006,0.022,0.583,32.0,28.14,0.0,19.0,0.0,0.0,2.24,0.04,-1.0,-0.06,0.49,-0.85,0.52,236.0,TESTR,AKR-TESTR-<MAC6>,0.0,1.0,0.0,100.0
92880,2,walk,walk,8917,,8917.0,20.0,2.0,6.0,2.0,1.63,-0.005,-0.013,0.595,32.0,28.14,0.0,19.0,0.0,0.0,2.24,0.04,-1.0,-0.06,0.48,-0.85,0.53,236.0,TESTR,AKR-TESTR-<MAC6>,0.0,1.0,0.0,100.0
92900,2,walk,walk,8918,,8918.0,20.0,2.0,6.0,2.0,1.63,-0.006,0.007,0.586,32.0,28.14,0.0,19.0,0.0,0.0,2.25,0.04,-1.0,-0.06,0.48,-0.86,0.54,236.0,TESTR,AKR-TESTR-<MAC6>,0.0,1.0,0.0,100.0
92920,2,walk,walk,8919,,8919.0,20.0,2.0,6.0,2.0,1.63,-0.005,0.084,0.567,32.0,28.14,0.0,19.0,0.0,0.0,2.25,0.04,-1.0,-0.06,0.48,-0.87,0.56,236.0,TESTR,AKR-TESTR-<MAC6>,0.0,1.0,0.0,100.0
92940,2,walk,walk,8920,,8920.0,20.0,2.0,6.0,2.0,1.63,-0.006,0.013,0.598,32.0,28.14,0.0,19.0,0.0,0.0,2.26,0.04,-1.0,-0.06,0.47,-0.9,0.58,236.0,TESTR,AKR-TESTR-<MAC6>,0.0,1.0,0.0,100.0
92960,2,walk,walk,8921,,8921.0,20.0,2.0,6.0,2.0,1.64,-0.006,0.034,0.61,32.0,28.14,0.0,19.0,0.0,0.0,2.26,0.04,-1.0,-0.06,0.47,-0.93,0.61,236.0,TESTR,AKR-TESTR-<MAC6>,0.0,1.0,0.0,100.0
92980,2,walk,walk,8922,,8922.0,20.0,2.0,6.0,2.0,1.64,-0.006,0.032,0.612,32.0,28.14,0.0,19.0,0.0,0.0,2.26,0.04,-1.0,-0.06,0.46,-0.98,0.63,236.0,TESTR,AKR-TESTR-<MAC6>,0.0,1.0,0.0,100.0
93020,2,walk,walk,8923,,8923.0,20.0,2.0,6.0,2.0,1.64,-0.006,-0.061,0.585,32.0,28.14,0.0,19.0,0.0,0.0,2.26,0.04,-1.0,-0.06,0.45,-1.03,0.65,236.0,TESTR,AKR-TESTR-<MAC6>,0.0,1.0,0.0,100.0
93020,2,walk,walk,8924,,8924.0,20.0,2.0,6.0,2.0,1.64,-0.006,0.033,0.603,32.0,28.14,0.0,19.0,0.0,0.0,2.26,0.04,-1.0,-0.06,0.45,-1.08,0.67,236.0,TESTR,AKR-TESTR-<MAC6>,0.0,1.0,0.0,100.0
93040,2,walk,walk,8925,,8925.0,20.0,2.0,6.0,2.0,1.64,-0.005,-0.01,0.611,32.0,28.14,0.0,19.0,0.0,0.0,2.26,0.04,-1.0,-0.06,0.45,-1.13,0.68,236.0,TESTR,AKR-TESTR-<MAC6>,0.0,1.0,0.0,100.0
93060,2,walk,walk,8926,,8926.0,20.0,2.0,6.0,2.0,1.64,-0.006,-0.056,0.63,32.0,28.14,0.0,19.0,0.0,0.0,2.25,0.04,-1.0,-0.06,0.46,-1.17,0.69,236.0,TESTR,AKR-TESTR-<MAC6>,0.0,1.0,0.0,100.0
93080,2,walk,walk,8927,,8927.0,20.0,2.0,6.0,2.0,1.64,-0.006,0.062,0.625,32.0,28.14,0.0,19.0,0.0,0.0,2.24,0.04,-1.0,-0.06,0.47,-1.2,0.7,236.0,TESTR,AKR-TESTR-<MAC6>,0.0,1.0,0.0,100.0
93100,2,walk,walk,8928,,8928.0,20.0,2.0,6.0,2.0,1.64,-0.006,-0.021,0.646,32.0,28.14,0.0,19.0,0.0,0.0,2.24,0.04,-1.0,-0.06,0.48,-1.22,0.72,236.0,TESTR,AKR-TESTR-<MAC6>,0.0,1.0,0.0,100.0
93100,2,walk,walk,8929,,8929.0,20.0,2.0,6.0,2.0,1.65,-0.006,0.038,0.66,32.0,28.14,0.0,19.0,0.0,0.0,2.23,0.04,-1.0,-0.06,0.5,-1.23,0.74,236.0,TESTR,AKR-TESTR-<MAC6>,0.0,1.0,0.0,100.0
93140,2,walk,walk,8930,,8930.0,20.0,2.0,6.0,2.0,1.65,-0.006,-0.088,0.656,32.0,28.14,0.0,19.0,0.0,0.0,2.23,0.04,-1.0,-0.06,0.52,-1.23,0.76,236.0,TESTR,AKR-TESTR-<MAC6>,0.0,1.0,0.0,100.0
93160,2,walk,walk,8931,,8931.0,20.0,2.0,6.0,2.0,1.65,-0.006,0.036,0.648,32.0,28.14,0.0,19.0,0.0,0.0,2.23,0.04,-1.0,-0.06,0.55,-1.23,0.79,236.0,TESTR,AKR-TESTR-<MAC6>,0.0,1.0,0.0,100.0
93200,2,walk,walk,8932,,8932.0,20.0,2.0,6.0,2.0,1.65,-0.006,-0.013,0.666,32.0,28.14,0.0,19.0,0.0,0.0,2.23,0.04,-1.0,-0.06,0.57,-1.23,0.82,236.0,TESTR,AKR-TESTR-<MAC6>,0.0,1.0,0.0,100.0
93200,2,walk,walk,8933,,8933.0,20.0,2.0,6.0,2.0,1.65,-0.006,0.025,0.645,32.0,28.14,0.0,19.0,0.0,0.0,2.22,0.04,-1.0,-0.06,0.6,-1.23,0.85,236.0,TESTR,AKR-TESTR-<MAC6>,0.0,1.0,0.0,100.0
93220,2,walk,walk,8934,,8934.0,20.0,2.0,6.0,2.0,1.64,-0.006,-0.01,0.658,32.0,28.14,0.0,19.0,0.0,0.0,2.22,0.04,-1.0,-0.06,0.61,-1.24,0.88,236.0,TESTR,AKR-TESTR-<MAC6>,0.0,1.0,0.0,100.0
93240,2,walk,walk,8935,,8935.0,20.0,2.0,6.0,2.0,1.64,-0.006,-0.009,0.625,32.0,28.14,0.0,19.0,0.0,0.0,2.21,0.04,-1.0,-0.06,0.62,-1.24,0.91,236.0,TESTR,AKR-TESTR-<MAC6>,0.0,1.0,0.0,100.0
93280,2,walk,walk,8936,,8936.0,20.0,2.0,6.0,2.0,1.64,-0.006,0.001,0.644,32.0,28.14,0.0,19.0,0.0,0.0,2.21,0.04,-1.0,-0.06,0.63,-1.25,0.94,236.0,TESTR,AKR-TESTR-<MAC6>,0.0,1.0,0.0,100.0
93280,2,walk,walk,8937,,8937.0,20.0,2.0,6.0,2.0,1.64,-0.006,-0.046,0.636,32.0,28.14,0.0,19.0,0.0,0.0,2.2,0.04,-1.0,-0.06,0.63,-1.25,0.96,236.0,TESTR,AKR-TESTR-<MAC6>,0.0,1.0,0.0,100.0
93300,2,walk,walk,8938,,8938.0,20.0,2.0,6.0,2.0,1.64,-0.006,-0.089,0.694,32.0,28.14,0.0,19.0,0.0,0.0,2.19,0.04,-1.0,-0.06,0.64,-1.25,0.98,236.0,TESTR,AKR-TESTR-<MAC6>,0.0,1.0,0.0,100.0
93320,2,walk,walk,8939,,8939.0,20.0,2.0,6.0,2.0,1.63,-0.006,0.088,0.711,32.0,28.14,0.0,19.0,0.0,0.0,2.18,0.04,-1.0,-0.06,0.65,-1.24,1.0,236.0,TESTR,AKR-TESTR-<MAC6>,0.0,1.0,0.0,100.0
93360,2,walk,walk,8940,,8940.0,20.0,2.0,6.0,2.0,1.63,-0.006,-0.077,0.715,32.0,28.14,0.0,19.0,0.0,0.0,2.17,0.04,-1.0,-0.06,0.67,-1.22,1.01,236.0,TESTR,AKR-TESTR-<MAC6>,0.0,1.0,0.0,100.0
93360,2,walk,walk,8941,,8941.0,20.0,2.0,6.0,2.0,1.63,-0.006,-0.005,0.641,32.0,28.14,0.0,19.0,0.0,0.0,2.16,0.04,-1.0,-0.06,0.7,-1.2,1.01,236.0,TESTR,AKR-TESTR-<MAC6>,0.0,1.0,0.0,100.0
93380,2,walk,walk,8942,,8942.0,20.0,2.0,6.0,2.0,1.62,-0.006,-0.037,0.659,32.0,28.14,0.0,19.0,0.0,0.0,2.15,0.04,-1.0,-0.06,0.73,-1.19,1.0,236.0,TESTR,AKR-TESTR-<MAC6>,0.0,1.0,0.0,100.0
93400,2,walk,walk,8943,,8943.0,20.0,2.0,6.0,2.0,1.62,-0.006,-0.061,0.682,32.0,28.14,0.0,19.0,0.0,0.0,2.13,0.04,-1.0,-0.06,0.76,-1.18,0.98,236.0,TESTR,AKR-TESTR-<MAC6>,0.0,1.0,0.0,100.0
93420,2,walk,walk,8944,,8944.0,20.0,2.0,6.0,2.0,1.61,-0.006,-0.058,0.706,32.0,28.14,0.0,19.0,0.0,0.0,2.13,0.04,-1.0,-0.06,0.8,-1.17,0.96,236.0,TESTR,AKR-TESTR-<MAC6>,0.0,1.0,0.0,100.0
93440,2,walk,walk,8945,,8945.0,20.0,2.0,6.0,2.0,1.61,-0.006,-0.014,0.709,32.0,28.14,0.0,19.0,0.0,0.0,2.12,0.04,-1.0,-0.06,0.83,-1.15,0.94,236.0,TESTR,AKR-TESTR-<MAC6>,0.0,1.0,0.0,100.0
93460,2,walk,walk,8946,,8946.0,20.0,2.0,6.0,2.0,1.6,-0.006,-0.072,0.663,32.0,28.14,0.0,19.0,0.0,0.0,2.11,0.04,-1.0,-0.06,0.87,-1.13,0.93,236.0,TESTR,AKR-TESTR-<MAC6>,0.0,1.0,0.0,100.0
93500,2,walk,walk,8947,,8947.0,20.0,2.0,6.0,2.0,1.6,-0.006,0.017,0.68,32.0,28.14,0.0,19.0,0.0,0.0,2.11,0.04,-1.0,-0.06,0.91,-1.1,0.91,236.0,TESTR,AKR-TESTR-<MAC6>,0.0,1.0,0.0,100.0
93500,2,walk,walk,8948,,8948.0,20.0,2.0,6.0,2.0,1.59,-0.006,0.046,0.693,32.0,28.14,0.0,19.0,0.0,0.0,2.11,0.04,-1.0,-0.06,0.94,-1.07,0.9,236.0,TESTR,AKR-TESTR-<MAC6>,0.0,1.0,0.0,100.0
93520,2,walk,walk,8949,,8949.0,20.0,2.0,6.0,2.0,1.58,-0.006,-0.095,0.701,32.0,28.14,0.0,19.0,0.0,0.0,2.1,0.04,-1.0,-0.06,0.96,-1.03,0.88,236.0,TESTR,AKR-TESTR-<MAC6>,0.0,1.0,0.0,100.0
93540,2,walk,walk,8950,,8950.0,20.0,2.0,6.0,2.0,1.58,-0.006,0.041,0.708,32.0,28.14,0.0,19.0,0.0,0.0,2.1,0.04,-1.0,-0.06,0.98,-1.0,0.86,236.0,TESTR,AKR-TESTR-<MAC6>,0.0,1.0,0.0,100.0
93560,2,walk,walk,8951,,8951.0,20.0,2.0,6.0,2.0,1.57,-0.006,0.054,0.745,32.0,28.14,0.0,19.0,0.0,0.0,2.09,0.04,-1.0,-0.06,0.99,-0.96,0.81,236.0,TESTR,AKR-TESTR-<MAC6>,0.0,1.0,0.0,100.0
93600,2,walk,walk,8952,,8952.0,20.0,2.0,6.0,2.0,1.56,-0.006,0.019,0.683,32.0,28.14,0.0,19.0,0.0,0.0,2.08,0.04,-1.0,-0.06,1.0,-0.93,0.76,236.0,TESTR,AKR-TESTR-<MAC6>,0.0,1.0,0.0,100.0
93600,2,walk,walk,8953,,8953.0,20.0,2.0,6.0,2.0,1.56,-0.006,-0.111,0.675,32.0,28.14,0.0,19.0,0.0,0.0,2.07,0.04,-1.0,-0.06,1.0,-0.88,0.68,236.0,TESTR,AKR-TESTR-<MAC6>,0.0,1.0,0.0,100.0
93620,2,walk,walk,8954,,8954.0,20.0,2.0,6.0,2.0,1.55,-0.006,0.023,0.667,32.0,28.14,0.0,19.0,0.0,0.0,2.06,0.04,-1.0,-0.06,1.0,-0.84,0.59,236.0,TESTR,AKR-TESTR-<MAC6>,0.0,1.0,0.0,100.0
93640,2,walk,walk,8955,,8955.0,20.0,2.0,6.0,2.0,1.55,-0.006,-0.022,0.672,32.0,28.14,0.0,19.0,0.0,0.0,2.06,0.04,-1.0,-0.06,1.0,-0.8,0.48,237.0,TESTR,AKR-TESTR-<MAC6>,0.0,1.0,0.0,100.0
93680,2,walk,walk,8956,,8956.0,20.0,2.0,6.0,2.0,1.54,-0.006,-0.009,0.659,32.0,28.14,0.0,19.0,0.0,0.0,2.06,0.04,-1.0,-0.06,0.99,-0.76,0.38,237.0,TESTR,AKR-TESTR-<MAC6>,0.0,1.0,0.0,100.0
93680,2,walk,walk,8957,,8957.0,20.0,2.0,6.0,2.0,1.53,-0.006,0.005,0.657,32.0,28.14,0.0,19.0,0.0,0.0,2.07,0.04,-1.0,-0.06,0.98,-0.74,0.27,237.0,TESTR,AKR-TESTR-<MAC6>,0.0,1.0,0.0,100.0
93700,2,walk,walk,8958,,8958.0,20.0,2.0,6.0,2.0,1.53,-0.006,-0.023,0.604,32.0,28.14,0.0,19.0,0.0,0.0,2.08,0.04,-1.0,-0.06,0.97,-0.71,0.17,237.0,TESTR,AKR-TESTR-<MAC6>,0.0,1.0,0.0,100.0
93720,2,walk,walk,8959,,8959.0,20.0,2.0,6.0,2.0,1.53,-0.006,-0.06,0.618,32.0,28.14,0.0,19.0,0.0,0.0,2.1,0.04,-1.0,-0.06,0.94,-0.7,0.09,237.0,TESTR,AKR-TESTR-<MAC6>,0.0,1.0,0.0,100.0
93740,2,walk,walk,8960,,8960.0,20.0,2.0,6.0,2.0,1.52,-0.006,-0.085,0.625,32.0,28.14,0.0,19.0,0.0,0.0,2.12,0.04,-1.0,-0.06,0.92,-0.69,0.03,237.0,TESTR,AKR-TESTR-<MAC6>,0.0,1.0,0.0,100.0
93760,2,walk,walk,8961,,8961.0,20.0,2.0,6.0,2.0,1.52,-0.006,0.025,0.662,32.0,28.14,0.0,19.0,0.0,0.0,2.14,0.04,-1.0,-0.06,0.89,-0.7,-0.01,237.0,TESTR,AKR-TESTR-<MAC6>,0.0,1.0,0.0,100.0
93780,2,walk,walk,8962,,8962.0,20.0,2.0,6.0,2.0,1.52,-0.006,0.052,0.666,32.0,28.14,0.0,19.0,0.0,0.0,2.16,0.04,-1.0,-0.06,0.87,-0.7,-0.02,237.0,TESTR,AKR-TESTR-<MAC6>,0.0,1.0,0.0,100.0
93800,2,walk,walk,8963,,8963.0,20.0,2.0,6.0,2.0,1.52,-0.006,0.06,0.623,32.0,28.14,0.0,19.0,0.0,0.0,2.18,0.04,-1.0,-0.06,0.86,-0.71,-0.02,237.0,TESTR,AKR-TESTR-<MAC6>,0.0,1.0,0.0,100.0
93840,2,walk,walk,8964,,8964.0,20.0,2.0,6.0,2.0,1.52,-0.006,-0.038,0.647,32.0,28.14,0.0,19.0,0.0,0.0,2.19,0.04,-1.0,-0.06,0.86,-0.73,-0.01,237.0,TESTR,AKR-TESTR-<MAC6>,0.0,1.0,0.0,100.0
93840,2,walk,walk,8965,,8965.0,20.0,2.0,6.0,2.0,1.52,-0.006,0.08,0.689,32.0,28.14,0.0,19.0,0.0,0.0,2.21,0.04,-1.0,-0.06,0.85,-0.76,0.0,237.0,TESTR,AKR-TESTR-<MAC6>,0.0,1.0,0.0,100.0
93860,2,walk,walk,8966,,8966.0,20.0,2.0,6.0,2.0,1.53,-0.006,-0.01,0.682,32.0,28.14,0.0,19.0,0.0,0.0,2.22,0.04,-1.0,-0.06,0.86,-0.78,0.03,237.0,TESTR,AKR-TESTR-<MAC6>,0.0,1.0,0.0,100.0
93880,2,walk,walk,8967,,8967.0,20.0,2.0,6.0,2.0,1.53,-0.006,0.01,0.647,32.0,28.14,0.0,19.0,0.0,0.0,2.24,0.04,-1.0,-0.06,0.86,-0.8,0.06,237.0,TESTR,AKR-TESTR-<MAC6>,0.0,1.0,0.0,100.0
93900,2,walk,walk,8968,,8968.0,20.0,2.0,6.0,2.0,1.54,-0.006,-0.003,0.64,32.0,28.14,0.0,19.0,0.0,0.0,2.26,0.04,-1.0,-0.06,0.87,-0.82,0.11,237.0,TESTR,AKR-TESTR-<MAC6>,0.0,1.0,0.0,100.0
93920,2,walk,walk,8969,,8969.0,20.0,2.0,6.0,2.0,1.55,-0.006,0.052,0.624,32.0,28.14,0.0,19.0,0.0,0.0,2.27,0.04,-1.0,-0.06,0.86,-0.85,0.18,237.0,TESTR,AKR-TESTR-<MAC6>,0.0,1.0,0.0,100.0
93940,2,walk,walk,8970,,8970.0,20.0,2.0,6.0,2.0,1.55,-0.006,-0.033,0.62,32.0,28.14,0.0,19.0,0.0,0.0,2.29,0.04,-1.0,-0.05,0.85,-0.89,0.27,237.0,TESTR,AKR-TESTR-<MAC6>,0.0,1.0,0.0,100.0
93960,2,walk,walk,8971,,8971.0,20.0,2.0,6.0,2.0,1.56,-0.006,-0.097,0.637,32.0,28.14,0.0,19.0,0.0,0.0,2.29,0.04,-1.0,-0.05,0.81,-0.92,0.36,237.0,TESTR,AKR-TESTR-<MAC6>,0.0,1.0,0.0,100.0
94000,2,walk,walk,8972,,8972.0,20.0,2.0,6.0,2.0,1.57,-0.006,-0.045,0.635,32.0,28.14,0.0,19.0,0.0,0.0,2.3,0.04,-1.0,-0.05,0.75,-0.95,0.45,237.0,TESTR,AKR-TESTR-<MAC6>,0.0,1.0,0.0,100.0
94020,2,walk,walk,8973,,8973.0,20.0,2.0,6.0,2.0,1.58,-0.006,0.005,0.613,32.0,28.14,0.0,19.0,0.0,0.0,2.29,0.04,-1.0,-0.05,0.67,-0.98,0.51,237.0,TESTR,AKR-TESTR-<MAC6>,0.0,1.0,0.0,100.0
94020,2,walk,walk,8974,,8974.0,20.0,2.0,6.0,2.0,1.59,-0.006,0.119,0.636,32.0,28.14,0.0,19.0,0.0,0.0,2.29,0.04,-1.0,-0.05,0.58,-0.99,0.55,237.0,TESTR,AKR-TESTR-<MAC6>,0.0,1.0,0.0,100.0
94060,2,walk,walk,8975,,8975.0,20.0,2.0,6.0,2.0,1.6,-0.005,0.066,0.608,32.0,28.14,0.0,19.0,0.0,0.0,2.28,0.04,-1.0,-0.05,0.48,-1.0,0.58,237.0,TESTR,AKR-TESTR-<MAC6>,0.0,1.0,0.0,100.0
94060,2,walk,walk,8976,,8976.0,20.0,2.0,6.0,2.0,1.6,-0.005,0.028,0.575,32.0,28.14,0.0,19.0,0.0,0.0,2.28,0.04,-1.0,-0.05,0.38,-1.0,0.59,237.0,TESTR,AKR-TESTR-<MAC6>,0.0,1.0,0.0,100.0
94100,2,walk,walk,8977,,8977.0,20.0,2.0,6.0,2.0,1.61,-0.005,0.099,0.593,32.0,28.14,0.0,19.0,0.0,0.0,2.28,0.04,-1.0,-0.05,0.28,-1.0,0.59,237.0,TESTR,AKR-TESTR-<MAC6>,0.0,1.0,0.0,100.0
94100,2,walk,walk,8978,,8978.0,20.0,2.0,6.0,2.0,1.62,-0.005,-0.044,0.573,32.0,28.14,0.0,19.0,0.0,0.0,2.27,0.04,-1.0,-0.05,0.19,-1.01,0.59,237.0,TESTR,AKR-TESTR-<MAC6>,0.0,1.0,0.0,100.0
94120,2,walk,walk,8979,,8979.0,20.0,2.0,6.0,2.0,1.63,-0.005,0.05,0.565,32.0,28.14,0.0,19.0,0.0,0.0,2.27,0.04,-1.0,-0.05,0.11,-1.01,0.57,237.0,TESTR,AKR-TESTR-<MAC6>,0.0,1.0,0.0,100.0
94160,2,walk,walk,8980,,8980.0,20.0,2.0,6.0,2.0,1.63,-0.005,0.119,0.509,32.0,28.14,0.0,19.0,0.0,0.0,2.27,0.04,-1.0,-0.05,0.03,-1.01,0.54,237.0,TESTR,AKR-TESTR-<MAC6>,0.0,1.0,0.0,100.0
94160,2,walk,walk,8981,,8981.0,20.0,2.0,6.0,2.0,1.64,-0.005,0.011,0.568,32.0,28.14,0.0,19.0,0.0,0.0,2.27,0.04,-1.0,-0.05,-0.04,-1.02,0.52,237.0,TESTR,AKR-TESTR-<MAC6>,0.0,1.0,0.0,100.0
94180,2,walk,walk,8982,,8982.0,20.0,2.0,6.0,2.0,1.64,-0.005,-0.001,0.547,32.0,28.14,0.0,19.0,0.0,0.0,2.27,0.04,-1.0,-0.05,-0.11,-1.04,0.5,237.0,TESTR,AKR-TESTR-<MAC6>,0.0,1.0,0.0,100.0
94200,2,walk,walk,8983,,8983.0,20.0,2.0,6.0,2.0,1.65,-0.005,0.009,0.577,32.0,28.14,0.0,19.0,0.0,0.0,2.28,0.04,-1.0,-0.05,-0.17,-1.06,0.5,237.0,TESTR,AKR-TESTR-<MAC6>,0.0,1.0,0.0,100.0
94240,2,walk,walk,8984,,8984.0,20.0,2.0,6.0,2.0,1.65,-0.005,0.056,0.588,32.0,28.14,0.0,19.0,0.0,0.0,2.29,0.04,-1.0,-0.05,-0.22,-1.09,0.51,237.0,TESTR,AKR-TESTR-<MAC6>,0.0,1.0,0.0,100.0
94240,2,walk,walk,8985,,8985.0,20.0,2.0,6.0,2.0,1.65,-0.005,-0.021,0.594,32.0,28.14,0.0,19.0,0.0,0.0,2.3,0.04,-1.0,-0.05,-0.27,-1.13,0.54,237.0,TESTR,AKR-TESTR-<MAC6>,0.0,1.0,0.0,100.0
94240,2,walk,walk,8986,,8986.0,20.0,2.0,6.0,2.0,1.66,-0.005,0.046,0.551,32.0,28.14,0.0,19.0,0.0,0.0,2.31,0.04,-1.0,-0.05,-0.32,-1.17,0.59,237.0,TESTR,AKR-TESTR-<MAC6>,0.0,1.0,0.0,100.0
94280,2,walk,walk,8987,,8987.0,20.0,2.0,6.0,2.0,1.66,-0.005,-0.053,0.583,32.0,28.14,0.0,19.0,0.0,0.0,2.32,0.04,-1.0,-0.05,-0.35,-1.2,0.65,237.0,TESTR,AKR-TESTR-<MAC6>,0.0,1.0,0.0,100.0
94300,2,walk,walk,8988,,8988.0,20.0,2.0,6.0,2.0,1.66,-0.005,-0.001,0.604,32.0,28.14,0.0,19.0,0.0,0.0,2.32,0.04,-1.0,-0.05,-0.39,-1.22,0.72,237.0,TESTR,AKR-TESTR-<MAC6>,0.0,1.0,0.0,100.0
94340,2,walk,walk,8989,,8989.0,20.0,2.0,6.0,2.0,1.67,-0.005,0.014,0.608,32.0,28.14,0.0,19.0,0.0,0.0,2.31,0.04,-1.0,-0.05,-0.41,-1.22,0.79,237.0,TESTR,AKR-TESTR-<MAC6>,0.0,1.0,0.0,100.0
94340,2,walk,walk,8990,,8990.0,20.0,2.0,6.0,2.0,1.67,-0.005,0.08,0.603,32.0,28.14,0.0,19.0,0.0,0.0,2.3,0.04,-1.0,-0.05,-0.43,-1.22,0.85,237.0,TESTR,AKR-TESTR-<MAC6>,0.0,1.0,0.0,100.0
94360,2,walk,walk,8991,,8991.0,20.0,2.0,6.0,2.0,1.67,-0.005,0.002,0.609,32.0,28.14,0.0,19.0,0.0,0.0,2.28,0.04,-1.0,-0.05,-0.44,-1.2,0.89,237.0,TESTR,AKR-TESTR-<MAC6>,0.0,1.0,0.0,100.0
94380,2,walk,walk,8992,,8992.0,20.0,2.0,6.0,2.0,1.67,-0.005,-0.052,0.561,32.0,28.14,0.0,19.0,0.0,0.0,2.26,0.04,-1.0,-0.06,-0.43,-1.18,0.9,237.0,TESTR,AKR-TESTR-<MAC6>,0.0,1.0,0.0,100.0
94400,2,walk,walk,8993,,8993.0,20.0,2.0,6.0,2.0,1.67,-0.005,0.033,0.609,32.0,28.14,0.0,19.0,0.0,0.0,2.25,0.04,-1.0,-0.06,-0.42,-1.15,0.89,237.0,TESTR,AKR-TESTR-<MAC6>,0.0,1.0,0.0,100.0
94420,2,walk,walk,8994,,8994.0,20.0,2.0,6.0,2.0,1.67,-0.005,0.019,0.648,32.0,28.14,0.0,19.0,0.0,0.0,2.23,0.04,-1.0,-0.06,-0.39,-1.12,0.85,237.0,TESTR,AKR-TESTR-<MAC6>,0.0,1.0,0.0,100.0
94440,2,walk,walk,8995,,8995.0,20.0,2.0,6.0,2.0,1.67,-0.005,-0.009,0.587,32.0,28.14,0.0,19.0,0.0,0.0,2.22,0.04,-1.0,-0.06,-0.35,-1.1,0.81,237.0,TESTR,AKR-TESTR-<MAC6>,0.0,1.0,0.0,100.0
94460,2,walk,walk,8996,,8996.0,20.0,2.0,6.0,2.0,1.67,-0.005,0.007,0.574,32.0,28.14,0.0,19.0,0.0,0.0,2.21,0.04,-1.0,-0.06,-0.3,-1.08,0.76,237.0,TESTR,AKR-TESTR-<MAC6>,0.0,1.0,0.0,100.0
94500,2,walk,walk,8997,,8997.0,20.0,2.0,6.0,2.0,1.67,-0.005,0.03,0.6,32.0,28.14,0.0,19.0,0.0,0.0,2.2,0.04,-1.0,-0.06,-0.25,-1.06,0.71,237.0,TESTR,AKR-TESTR-<MAC6>,0.0,1.0,0.0,100.0
94500,2,walk,walk,8998,,8998.0,20.0,2.0,6.0,2.0,1.67,-0.005,0.048,0.582,32.0,28.14,0.0,19.0,0.0,0.0,2.2,0.04,-1.0,-0.06,-0.19,-1.03,0.67,237.0,TESTR,AKR-TESTR-<MAC6>,0.0,1.0,0.0,100.0
94520,2,walk,walk,8999,,8999.0,20.0,2.0,6.0,2.0,1.67,-0.005,0.025,0.603,32.0,28.14,0.0,19.0,0.0,0.0,2.2,0.04,-1.0,-0.06,-0.11,-1.01,0.62,237.0,TESTR,AKR-TESTR-<MAC6>,0.0,1.0,0.0,100.0
94540,2,walk,walk,9000,,9000.0,20.0,2.0,6.0,2.0,1.66,-0.005,0.018,0.583,32.0,28.14,0.0,19.0,0.0,0.0,2.2,0.04,-1.0,-0.06,-0.03,-0.99,0.59,237.0,TESTR,AKR-TESTR-<MAC6>,0.0,1.0,0.0,100.0
94560,2,walk,walk,9001,,9001.0,20.0,2.0,6.0,2.0,1.66,-0.005,-0.029,0.592,32.0,28.14,0.0,19.0,0.0,0.0,2.21,0.04,-1.0,-0.06,0.06,-0.98,0.56,237.0,TESTR,AKR-TESTR-<MAC6>,0.0,1.0,0.0,100.0
94580,2,walk,walk,9002,,9002.0,20.0,2.0,6.0,2.0,1.66,-0.005,0.095,0.584,32.0,28.14,0.0,19.0,0.0,0.0,2.21,0.04,-1.0,-0.06,0.15,-0.97,0.55,237.0,TESTR,AKR-TESTR-<MAC6>,0.0,1.0,0.0,100.0
94600,2,walk,walk,9003,,9003.0,20.0,2.0,6.0,2.0,1.66,-0.006,-0.06,0.576,32.0,28.14,0.0,19.0,0.0,0.0,2.22,0.04,-1.0,-0.06,0.23,-0.97,0.55,237.0,TESTR,AKR-TESTR-<MAC6>,0.0,1.0,0.0,100.0
94640,2,walk,walk,9004,,9004.0,20.0,2.0,6.0,2.0,1.65,-0.006,-0.023,0.595,32.0,28.14,0.0,19.0,0.0,0.0,2.22,0.04,-1.0,-0.06,0.31,-0.97,0.55,237.0,TESTR,AKR-TESTR-<MAC6>,0.0,1.0,0.0,100.0
94640,2,walk,walk,9005,,9005.0,20.0,2.0,6.0,2.0,1.65,-0.005,0.023,0.625,32.0,28.14,0.0,19.0,0.0,0.0,2.22,0.04,-1.0,-0.06,0.38,-0.96,0.56,237.0,TESTR,AKR-TESTR-<MAC6>,0.0,1.0,0.0,100.0
94660,2,walk,walk,9006,,9006.0,20.0,2.0,6.0,2.0,1.65,-0.006,-0.017,0.574,32.0,28.14,0.0,19.0,0.0,0.0,2.22,0.04,-1.0,-0.06,0.43,-0.94,0.56,237.0,TESTR,AKR-TESTR-<MAC6>,0.0,1.0,0.0,100.0
94680,2,walk,walk,9007,,9007.0,20.0,2.0,6.0,2.0,1.65,-0.006,-0.069,0.604,32.0,28.14,0.0,19.0,0.0,0.0,2.22,0.04,-1.0,-0.06,0.46,-0.92,0.57,237.0,TESTR,AKR-TESTR-<MAC6>,0.0,1.0,0.0,100.0
94700,2,walk,walk,9008,,9008.0,20.0,2.0,6.0,2.0,1.65,-0.006,0.033,0.622,32.0,28.14,0.0,19.0,0.0,0.0,2.21,0.04,-1.0,-0.06,0.49,-0.9,0.58,237.0,TESTR,AKR-TESTR-<MAC6>,0.0,1.0,0.0,100.0
94720,2,walk,walk,9009,,9009.0,20.0,2.0,6.0,2.0,1.65,-0.006,-0.081,0.59,32.0,28.14,0.0,19.0,0.0,0.0,2.22,0.04,-1.0,-0.06,0.5,-0.89,0.6,237.0,TESTR,AKR-TESTR-<MAC6>,0.0,1.0,0.0,100.0
94740,2,walk,walk,9010,,9010.0,20.0,2.0,6.0,2.0,1.65,-0.006,-0.011,0.623,32.0,28.14,0.0,19.0,0.0,0.0,2.22,0.04,-1.0,-0.06,0.52,-0.88,0.62,237.0,TESTR,AKR-TESTR-<MAC6>,0.0,1.0,0.0,100.0
94780,2,walk,walk,9011,,9011.0,20.0,2.0,6.0,2.0,1.64,-0.006,-0.066,0.63,32.0,28.14,0.0,19.0,0.0,0.0,2.22,0.04,-1.0,-0.06,0.54,-0.88,0.64,237.0,TESTR,AKR-TESTR-<MAC6>,0.0,1.0,0.0,100.0
94800,2,walk,walk,9012,,9012.0,20.0,2.0,6.0,2.0,1.64,-0.006,0.025,0.62,32.0,28.14,0.0,19.0,0.0,0.0,2.22,0.04,-1.0,-0.06,0.56,-0.89,0.68,238.0,TESTR,AKR-TESTR-<MAC6>,0.0,1.0,0.0,100.0
94840,2,walk,walk,9013,,9013.0,20.0,2.0,6.0,2.0,1.64,-0.006,-0.073,0.61,32.0,28.14,0.0,19.0,0.0,0.0,2.22,0.04,-1.0,-0.06,0.59,-0.91,0.71,238.0,TESTR,AKR-TESTR-<MAC6>,0.0,1.0,0.0,100.0
94840,2,walk,walk,9014,,9014.0,20.0,2.0,6.0,2.0,1.64,-0.006,0.034,0.639,32.0,28.14,0.0,19.0,0.0,0.0,2.22,0.04,-1.0,-0.06,0.63,-0.93,0.74,238.0,TESTR,AKR-TESTR-<MAC6>,0.0,1.0,0.0,100.0
94860,2,walk,walk,9015,,9015.0,20.0,2.0,6.0,2.0,1.64,-0.006,-0.009,0.654,32.0,28.14,0.0,19.0,0.0,0.0,2.21,0.04,-1.0,-0.06,0.68,-0.96,0.75,238.0,TESTR,AKR-TESTR-<MAC6>,0.0,1.0,0.0,100.0
94880,2,walk,walk,9016,,9016.0,20.0,2.0,6.0,2.0,1.64,-0.006,-0.036,0.638,32.0,28.14,0.0,19.0,0.0,0.0,2.2,0.04,-1.0,-0.06,0.73,-0.98,0.75,238.0,TESTR,AKR-TESTR-<MAC6>,0.0,1.0,0.0,100.0
94880,2,walk,walk,9017,,9017.0,20.0,2.0,6.0,2.0,1.64,-0.006,0.045,0.629,32.0,28.14,0.0,19.0,0.0,0.0,2.2,0.04,-1.0,-0.06,0.8,-0.99,0.73,238.0,TESTR,AKR-TESTR-<MAC6>,0.0,1.0,0.0,100.0
94900,2,walk,walk,9018,,9018.0,20.0,2.0,6.0,2.0,1.64,-0.006,0.069,0.617,32.0,28.14,0.0,19.0,0.0,0.0,2.19,0.04,-1.0,-0.06,0.86,-0.99,0.7,238.0,TESTR,AKR-TESTR-<MAC6>,0.0,1.0,0.0,100.0
94920,2,walk,walk,9019,,9019.0,20.0,2.0,6.0,2.0,1.64,-0.006,-0.049,0.58,32.0,28.14,0.0,19.0,0.0,0.0,2.19,0.04,-1.0,-0.06,0.92,-0.99,0.66,238.0,TESTR,AKR-TESTR-<MAC6>,0.0,1.0,0.0,100.0
94940,2,walk,walk,9020,,9020.0,20.0,2.0,6.0,2.0,1.64,-0.006,-0.036,0.615,32.0,28.14,0.0,19.0,0.0,0.0,2.19,0.04,-1.0,-0.06,0.97,-0.99,0.61,238.0,TESTR,AKR-TESTR-<MAC6>,0.0,1.0,0.0,100.0
94980,2,walk,walk,9021,,9021.0,20.0,2.0,6.0,2.0,1.64,-0.006,0.019,0.623,32.0,28.14,0.0,19.0,0.0,0.0,2.19,0.04,-1.0,-0.06,1.0,-0.99,0.57,238.0,TESTR,AKR-TESTR-<MAC6>,0.0,1.0,0.0,100.0
94980,2,walk,walk,9022,,9022.0,20.0,2.0,6.0,2.0,1.63,-0.006,-0.019,0.639,32.0,28.14,0.0,19.0,0.0,0.0,2.2,0.04,-1.0,-0.06,1.03,-1.0,0.54,238.0,TESTR,AKR-TESTR-<MAC6>,0.0,1.0,0.0,100.0
95000,2,walk,walk,9023,,9023.0,20.0,2.0,6.0,2.0,1.63,-0.006,-0.05,0.644,32.0,28.14,0.0,19.0,0.0,0.0,2.21,0.04,-1.0,-0.05,1.05,-1.01,0.52,238.0,TESTR,AKR-TESTR-<MAC6>,0.0,1.0,0.0,100.0
95020,2,walk,walk,9024,,9024.0,20.0,2.0,6.0,2.0,1.63,-0.006,-0.015,0.618,32.0,28.14,0.0,19.0,0.0,0.0,2.22,0.04,-1.0,-0.05,1.04,-1.02,0.52,238.0,TESTR,AKR-TESTR-<MAC6>,0.0,1.0,0.0,100.0
95040,2,walk,walk,9025,,9025.0,20.0,2.0,6.0,2.0,1.63,-0.006,-0.023,0.686,32.0,28.14,0.0,19.0,0.0,0.0,2.23,0.04,-1.0,-0.05,1.02,-1.04,0.53,238.0,TESTR,AKR-TESTR-<MAC6>,0.0,1.0,0.0,100.0
95060,2,walk,walk,9026,,9026.0,20.0,2.0,6.0,2.0,1.63,-0.006,-0.041,0.625,32.0,28.14,0.0,19.0,0.0,0.0,2.23,0.04,-1.0,-0.05,0.97,-1.04,0.54,238.0,TESTR,AKR-TESTR-<MAC6>,0.0,1.0,0.0,100.0
95080,2,walk,walk,9027,,9027.0,20.0,2.0,6.0,2.0,1.63,-0.006,0.057,0.581,32.0,28.14,0.0,19.0,0.0,0.0,2.24,0.04,-1.0,-0.05,0.91,-1.04,0.55,238.0,TESTR,AKR-TESTR-<MAC6>,0.0,1.0,0.0,100.0
95120,2,walk,walk,9028,,9028.0,20.0,2.0,6.0,2.0,1.63,-0.006,0.085,0.604,32.0,28.14,0.0,19.0,0.0,0.0,2.24,0.04,-1.0,-0.05,0.84,-1.03,0.57,238.0,TESTR,AKR-TESTR-<MAC6>,0.0,1.0,0.0,100.0
95120,2,walk,walk,9029,,9029.0,20.0,2.0,6.0,2.0,1.63,-0.006,-0.007,0.633,32.0,28.14,0.0,19.0,0.0,0.0,2.24,0.04,-1.0,-0.05,0.75,-1.02,0.58,238.0,TESTR,AKR-TESTR-<MAC6>,0.0,1.0,0.0,100.0
95140,2,walk,walk,9030,,9030.0,20.0,2.0,6.0,2.0,1.63,-0.006,-0.029,0.628,32.0,28.14,0.0,19.0,0.0,0.0,2.24,0.04,-1.0,-0.05,0.65,-1.02,0.6,238.0,TESTR,AKR-TESTR-<MAC6>,0.0,1.0,0.0,100.0
95160,2,walk,walk,9031,,9031.0,20.0,2.0,6.0,2.0,1.63,-0.006,-0.015,0.651,32.0,28.14,0.0,19.0,0.0,0.0,2.24,0.04,-1.0,-0.05,0.55,-1.02,0.62,238.0,TESTR,AKR-TESTR-<MAC6>,0.0,1.0,0.0,100.0
95200,2,walk,walk,9032,,9032.0,20.0,2.0,6.0,2.0,1.63,-0.006,0.019,0.647,32.0,28.14,0.0,19.0,0.0,0.0,2.24,0.04,-1.0,-0.05,0.44,-1.04,0.65,238.0,TESTR,AKR-TESTR-<MAC6>,0.0,1.0,0.0,100.0
95200,2,walk,walk,9033,,9033.0,20.0,2.0,6.0,2.0,1.63,-0.006,-0.044,0.592,32.0,28.14,0.0,19.0,0.0,0.0,2.24,0.04,-1.0,-0.05,0.33,-1.05,0.68,238.0,TESTR,AKR-TESTR-<MAC6>,0.0,1.0,0.0,100.0
95220,2,walk,walk,9034,,9034.0,20.0,2.0,6.0,2.0,1.63,-0.006,0.022,0.632,32.0,28.14,0.0,19.0,0.0,0.0,2.24,0.04,-1.0,-0.05,0.23,-1.07,0.72,238.0,TESTR,AKR-TESTR-<MAC6>,0.0,1.0,0.0,100.0
95240,2,walk,walk,9035,,9035.0,20.0,2.0,6.0,2.0,1.63,-0.006,0.003,0.652,32.0,28.14,0.0,19.0,0.0,0.0,2.23,0.04,-1.0,-0.05,0.14,-1.09,0.76,238.0,TESTR,AKR-TESTR-<MAC6>,0.0,1.0,0.0,100.0
95260,2,walk,walk,9036,,9036.0,20.0,2.0,6.0,2.0,1.63,-0.006,0.013,0.653,32.0,28.14,0.0,19.0,0.0,0.0,2.23,0.04,-1.0,-0.05,0.06,-1.1,0.78,238.0,TESTR,AKR-TESTR-<MAC6>,0.0,1.0,0.0,100.0
95300,2,walk,walk,9037,,9037.0,20.0,2.0,6.0,2.0,1.63,-0.006,-0.066,0.623,32.0,28.14,0.0,19.0,0.0,0.0,2.21,0.04,-1.0,-0.05,-0.01,-1.1,0.8,238.0,TESTR,AKR-TESTR-<MAC6>,0.0,1.0,0.0,100.0
95300,2,walk,walk,9038,,9038.0,20.0,2.0,6.0,2.0,1.63,-0.006,0.068,0.632,32.0,28.14,0.0,19.0,0.0,0.0,2.2,0.04,-1.0,-0.05,-0.06,-1.1,0.81,238.0,TESTR,AKR-TESTR-<MAC6>,0.0,1.0,0.0,100.0
95320,2,walk,walk,9039,,9039.0,20.0,2.0,6.0,2.0,1.63,-0.006,0.069,0.607,32.0,28.14,0.0,19.0,0.0,0.0,2.18,0.04,-1.0,-0.05,-0.11,-1.08,0.81,238.0,TESTR,AKR-TESTR-<MAC6>,0.0,1.0,0.0,100.0
95340,2,walk,walk,9040,,9040.0,20.0,2.0,6.0,2.0,1.63,-0.006,0.073,0.649,32.0,28.14,0.0,19.0,0.0,0.0,2.17,0.04,-1.0,-0.05,-0.14,-1.05,0.78,238.0,TESTR,AKR-TESTR-<MAC6>,0.0,1.0,0.0,100.0
95360,2,walk,walk,9041,,9041.0,20.0,2.0,6.0,2.0,1.63,-0.006,-0.025,0.621,32.0,28.14,0.0,19.0,0.0,0.0,2.15,0.04,-1.0,-0.05,-0.17,-1.01,0.75,238.0,TESTR,AKR-TESTR-<MAC6>,0.0,1.0,0.0,100.0
95380,2,walk,walk,9042,,9042.0,20.0,2.0,6.0,2.0,1.62,-0.006,-0.03,0.607,32.0,28.14,0.0,19.0,0.0,0.0,2.14,0.04,-1.0,-0.05,-0.19,-0.96,0.71,238.0,TESTR,AKR-TESTR-<MAC6>,0.0,1.0,0.0,100.0
95400,2,walk,walk,9043,,9043.0,20.0,2.0,6.0,2.0,1.62,-0.006,0.042,0.632,32.0,28.14,0.0,19.0,0.0,0.0,2.13,0.04,-1.0,-0.05,-0.21,-0.91,0.67,238.0,TESTR,AKR-TESTR-<MAC6>,0.0,1.0,0.0,100.0
95420,2,walk,walk,9044,,9044.0,20.0,2.0,6.0,2.0,1.62,-0.006,-0.04,0.613,32.0,28.14,0.0,19.0,0.0,0.0,2.13,0.04,-1.0,-0.05,-0.22,-0.87,0.64,238.0,TESTR,AKR-TESTR-<MAC6>,0.0,1.0,0.0,100.0
95460,2,walk,walk,9045,,9045.0,20.0,2.0,6.0,2.0,1.62,-0.006,-0.042,0.613,32.0,28.14,0.0,19.0,0.0,0.0,2.13,0.04,-1.0,-0.05,-0.23,-0.84,0.62,238.0,TESTR,AKR-TESTR-<MAC6>,0.0,1.0,0.0,100.0
95460,2,walk,walk,9046,,9046.0,20.0,2.0,6.0,2.0,1.62,-0.006,0.038,0.588,32.0,28.14,0.0,19.0,0.0,0.0,2.13,0.04,-1.0,-0.05,-0.23,-0.82,0.6,238.0,TESTR,AKR-TESTR-<MAC6>,0.0,1.0,0.0,100.0
95480,2,walk,walk,9047,,9047.0,20.0,2.0,6.0,2.0,1.61,-0.006,-0.05,0.596,32.0,28.14,0.0,19.0,0.0,0.0,2.13,0.04,-1.0,-0.05,-0.23,-0.81,0.58,238.0,TESTR,AKR-TESTR-<MAC6>,0.0,1.0,0.0,100.0
95500,2,walk,walk,9048,,9048.0,20.0,2.0,6.0,2.0,1.61,-0.006,0.13,0.617,32.0,28.14,0.0,19.0,0.0,0.0,2.13,0.04,-1.0,-0.05,-0.22,-0.81,0.57,238.0,TESTR,AKR-TESTR-<MAC6>,0.0,1.0,0.0,100.0
95520,2,walk,walk,9049,,9049.0,20.0,2.0,6.0,2.0,1.61,-0.006,-0.021,0.623,32.0,28.14,0.0,19.0,0.0,0.0,2.13,0.04,-1.0,-0.05,-0.21,-0.81,0.55,238.0,TESTR,AKR-TESTR-<MAC6>,0.0,1.0,0.0,100.0
95540,2,walk,walk,9050,,9050.0,20.0,2.0,6.0,2.0,1.61,-0.005,0.018,0.616,32.0,28.14,0.0,19.0,0.0,0.0,2.14,0.04,-1.0,-0.06,-0.2,-0.82,0.52,238.0,TESTR,AKR-TESTR-<MAC6>,0.0,1.0,0.0,100.0
95560,2,walk,walk,9051,,9051.0,20.0,2.0,6.0,2.0,1.61,-0.006,0.001,0.596,32.0,28.14,0.0,19.0,0.0,0.0,2.14,0.04,-1.0,-0.06,-0.17,-0.83,0.5,238.0,TESTR,AKR-TESTR-<MAC6>,0.0,1.0,0.0,100.0
95580,2,walk,walk,9052,,9052.0,20.0,2.0,6.0,2.0,1.6,-0.005,0.077,0.585,32.0,28.14,0.0,19.0,0.0,0.0,2.15,0.04,-1.0,-0.06,-0.15,-0.84,0.47,238.0,TESTR,AKR-TESTR-<MAC6>,0.0,1.0,0.0,100.0
95600,2,walk,walk,9053,,9053.0,20.0,2.0,6.0,2.0,1.6,-0.005,-0.033,0.56,32.0,28.14,0.0,19.0,0.0,0.0,2.16,0.04,-1.0,-0.06,-0.14,-0.85,0.44,238.0,TESTR,AKR-TESTR-<MAC6>,0.0,1.0,0.0,100.0
95620,2,walk,walk,9054,,9054.0,20.0,2.0,6.0,2.0,1.6,-0.005,0.056,0.593,32.0,28.14,0.0,19.0,0.0,0.0,2.17,0.04,-1.0,-0.06,-0.13,-0.87,0.43,238.0,TESTR,AKR-TESTR-<MAC6>,0.0,1.0,0.0,100.0
95640,2,walk,walk,9055,,9055.0,20.0,2.0,6.0,2.0,1.6,-0.006,-0.01,0.592,32.0,28.14,0.0,19.0,0.0,0.0,2.18,0.04,-1.0,-0.06,-0.13,-0.89,0.43,238.0,TESTR,AKR-TESTR-<MAC6>,0.0,1.0,0.0,100.0
95660,2,walk,walk,9056,,9056.0,20.0,2.0,6.0,2.0,1.6,-0.006,0.05,0.616,32.0,28.14,0.0,19.0,0.0,0.0,2.2,0.04,-1.0,-0.06,-0.13,-0.92,0.46,238.0,TESTR,AKR-TESTR-<MAC6>,0.0,1.0,0.0,100.0
95680,2,walk,walk,9057,,9057.0,20.0,2.0,6.0,2.0,1.6,-0.005,0.108,0.613,32.0,28.14,0.0,19.0,0.0,0.0,2.22,0.04,-1.0,-0.06,-0.14,-0.95,0.51,238.0,TESTR,AKR-TESTR-<MAC6>,0.0,1.0,0.0,100.0
95700,2,walk,walk,9058,,9058.0,20.0,2.0,6.0,2.0,1.6,-0.006,0.041,0.617,32.0,28.14,0.0,19.0,0.0,0.0,2.24,0.04,-1.0,-0.06,-0.15,-0.99,0.58,238.0,TESTR,AKR-TESTR-<MAC6>,0.0,1.0,0.0,100.0
95720,2,walk,walk,9059,,9059.0,20.0,2.0,6.0,2.0,1.6,-0.006,0.026,0.653,32.0,28.14,0.0,19.0,0.0,0.0,2.25,0.04,-1.0,-0.06,-0.17,-1.03,0.67,238.0,TESTR,AKR-TESTR-<MAC6>,0.0,1.0,0.0,100.0
95740,2,walk,walk,9060,,9060.0,20.0,2.0,6.0,2.0,1.6,-0.006,0.013,0.627,32.0,28.14,0.0,19.0,0.0,0.0,2.26,0.04,-1.0,-0.06,-0.18,-1.06,0.77,239.0,TESTR,AKR-TESTR-<MAC6>,0.0,1.0,0.0,100.0
95780,2,walk,walk,9061,,9061.0,20.0,2.0,6.0,2.0,1.6,-0.006,-0.081,0.654,32.0,28.14,0.0,19.0,0.0,0.0,2.26,0.04,-1.0,-0.06,-0.19,-1.08,0.88,239.0,TESTR,AKR-TESTR-<MAC6>,0.0,1.0,0.0,100.0
95780,2,walk,walk,9062,,9062.0,20.0,2.0,6.0,2.0,1.6,-0.006,-0.021,0.636,32.0,28.14,0.0,19.0,0.0,0.0,2.26,0.04,-1.0,-0.06,-0.19,-1.1,0.99,239.0,TESTR,AKR-TESTR-<MAC6>,0.0,1.0,0.0,100.0
95800,2,walk,walk,9063,,9063.0,20.0,2.0,6.0,2.0,1.6,-0.006,0.014,0.664,32.0,28.14,0.0,19.0,0.0,0.0,2.26,0.04,-1.0,-0.06,-0.18,-1.12,1.1,239.0,TESTR,AKR-TESTR-<MAC6>,0.0,1.0,0.0,100.0
95820,2,walk,walk,9064,,9064.0,20.0,2.0,6.0,2.0,1.6,-0.006,-0.056,0.649,32.0,28.14,0.0,19.0,0.0,0.0,2.25,0.04,-1.0,-0.06,-0.16,-1.13,1.2,239.0,TESTR,AKR-TESTR-<MAC6>,0.0,1.0,0.0,100.0
95840,2,walk,walk,9065,,9065.0,20.0,2.0,6.0,2.0,1.6,-0.006,0.019,0.66,32.0,28.14,0.0,19.0,0.0,0.0,2.24,0.04,-1.0,-0.06,-0.13,-1.14,1.28,239.0,TESTR,AKR-TESTR-<MAC6>,0.0,1.0,0.0,100.0
95860,2,walk,walk,9066,,9066.0,20.0,2.0,6.0,2.0,1.6,-0.006,-0.013,0.696,32.0,28.14,0.0,19.0,0.0,0.0,2.23,0.04,-1.0,-0.06,-0.1,-1.15,1.35,239.0,TESTR,AKR-TESTR-<MAC6>,0.0,1.0,0.0,100.0
95880,2,walk,walk,9067,,9067.0,20.0,2.0,6.0,2.0,1.6,-0.006,-0.036,0.706,32.0,28.14,0.0,19.0,0.0,0.0,2.21,0.04,-1.0,-0.06,-0.06,-1.16,1.4,239.0,TESTR,AKR-TESTR-<MAC6>,0.0,1.0,0.0,100.0
95900,2,walk,walk,9068,,9068.0,20.0,2.0,6.0,2.0,1.6,-0.006,0.025,0.76,32.0,28.14,0.0,19.0,0.0,0.0,2.18,0.04,-1.0,-0.06,-0.01,-1.16,1.43,239.0,TESTR,AKR-TESTR-<MAC6>,0.0,1.0,0.0,100.0
95940,2,walk,walk,9069,,9069.0,20.0,2.0,6.0,2.0,1.59,-0.006,-0.053,0.682,32.0,28.14,0.0,19.0,0.0,0.0,2.16,0.04,-1.0,-0.06,0.05,-1.15,1.43,239.0,TESTR,AKR-TESTR-<MAC6>,0.0,1.0,0.0,100.0
95940,2,walk,walk,9070,,9070.0,20.0,2.0,6.0,2.0,1.59,-0.006,0.002,0.693,32.0,28.14,0.0,19.0,0.0,0.0,2.13,0.04,-1.0,-0.06,0.12,-1.13,1.41,239.0,TESTR,AKR-TESTR-<MAC6>,0.0,1.0,0.0,100.0
95960,2,walk,walk,9071,,9071.0,20.0,2.0,6.0,2.0,1.58,-0.006,-0.007,0.674,32.0,28.14,0.0,19.0,0.0,0.0,2.1,0.04,-1.0,-0.06,0.19,-1.1,1.37,239.0,TESTR,AKR-TESTR-<MAC6>,0.0,1.0,0.0,100.0
95980,2,walk,walk,9072,,9072.0,20.0,2.0,6.0,2.0,1.58,-0.006,0.058,0.713,32.0,28.14,0.0,19.0,0.0,0.0,2.07,0.04,-1.0,-0.06,0.26,-1.06,1.3,239.0,TESTR,AKR-TESTR-<MAC6>,0.0,1.0,0.0,100.0
96000,2,walk,walk,9073,,9073.0,20.0,2.0,6.0,2.0,1.57,-0.006,-0.017,0.674,32.0,28.14,0.0,19.0,0.0,0.0,2.04,0.04,-1.0,-0.06,0.34,-1.02,1.22,239.0,TESTR,AKR-TESTR-<MAC6>,0.0,1.0,0.0,100.0
96020,2,walk,walk,9074,,9074.0,20.0,2.0,6.0,2.0,1.56,-0.006,-0.018,0.661,32.0,28.14,0.0,19.0,0.0,0.0,2.02,0.04,-1.0,-0.06,0.42,-0.96,1.12,239.0,TESTR,AKR-TESTR-<MAC6>,0.0,1.0,0.0,100.0
96040,2,walk,walk,9075,,9075.0,20.0,2.0,6.0,2.0,1.55,-0.006,0.1,0.676,32.0,28.14,0.0,19.0,0.0,0.0,2.01,0.04,-1.0,-0.06,0.49,-0.9,1.02,239.0,TESTR,AKR-TESTR-<MAC6>,0.0,1.0,0.0,100.0
96080,2,walk,walk,9076,,9076.0,20.0,2.0,6.0,2.0,1.54,-0.006,0.018,0.708,32.0,28.14,0.0,19.0,0.0,0.0,1.99,0.03,-1.0,-0.06,0.57,-0.84,0.92,239.0,TESTR,AKR-TESTR-<MAC6>,0.0,1.0,0.0,100.0
96080,2,walk,walk,9077,,9077.0,20.0,2.0,6.0,2.0,1.53,-0.006,0.025,0.674,32.0,28.14,0.0,19.0,0.0,0.0,1.98,0.03,-1.0,-0.06,0.65,-0.8,0.82,239.0,TESTR,AKR-TESTR-<MAC6>,0.0,1.0,0.0,100.0
96100,2,walk,walk,9078,,9078.0,20.0,2.0,6.0,2.0,1.52,-0.006,-0.132,0.656,32.0,28.14,0.0,19.0,0.0,0.0,1.97,0.03,-1.0,-0.06,0.74,-0.76,0.73,239.0,TESTR,AKR-TESTR-<MAC6>,0.0,1.0,0.0,100.0
96120,2,walk,walk,9079,,9079.0,20.0,2.0,6.0,2.0,1.51,-0.006,0.058,0.669,32.0,28.14,0.0,19.0,0.0,0.0,1.96,0.03,-1.0,-0.06,0.83,-0.74,0.63,239.0,TESTR,AKR-TESTR-<MAC6>,0.0,1.0,0.0,100.0
96160,2,walk,walk,9080,,9080.0,20.0,2.0,6.0,2.0,1.5,-0.006,0.021,0.692,32.0,28.14,0.0,19.0,0.0,0.0,1.95,0.03,-1.0,-0.06,0.93,-0.71,0.53,239.0,TESTR,AKR-TESTR-<MAC6>,0.0,1.0,0.0,100.0
96160,2,walk,walk,9081,,9081.0,20.0,2.0,6.0,2.0,1.49,-0.006,0.056,0.654,32.0,28.14,0.0,19.0,0.0,0.0,1.95,0.03,-1.0,-0.06,1.02,-0.68,0.41,239.0,TESTR,AKR-TESTR-<MAC6>,0.0,1.0,0.0,100.0
96180,2,walk,walk,9082,,9082.0,20.0,2.0,6.0,2.0,1.48,-0.006,-0.013,0.599,32.0,28.14,0.0,19.0,0.0,0.0,1.95,0.03,-1.0,-0.06,1.09,-0.64,0.3,239.0,TESTR,AKR-TESTR-<MAC6>,0.0,1.0,0.0,100.0
96200,2,walk,walk,9083,,9083.0,20.0,2.0,6.0,2.0,1.47,-0.006,0.073,0.636,32.0,28.14,0.0,19.0,0.0,0.0,1.96,0.03,-1.0,-0.06,1.15,-0.6,0.19,239.0,TESTR,AKR-TESTR-<MAC6>,0.0,1.0,0.0,100.0
96220,2,walk,walk,9084,,9084.0,20.0,2.0,6.0,2.0,1.47,-0.006,-0.029,0.635,32.0,28.14,0.0,19.0,0.0,0.0,1.97,0.03,-1.0,-0.06,1.19,-0.57,0.09,239.0,TESTR,AKR-TESTR-<MAC6>,0.0,1.0,0.0,100.0
96260,2,walk,walk,9085,,9085.0,20.0,2.0,6.0,2.0,1.46,-0.006,0.007,0.609,32.0,28.14,0.0,19.0,0.0,0.0,1.99,0.03,-1.0,-0.06,1.21,-0.55,0.01,239.0,TESTR,AKR-TESTR-<MAC6>,0.0,1.0,0.0,100.0
96260,2,walk,walk,9086,,9086.0,20.0,2.0,6.0,2.0,1.45,-0.006,0.009,0.626,32.0,28.14,0.0,19.0,0.0,0.0,2.0,0.04,-1.0,-0.06,1.21,-0.53,-0.05,239.0,TESTR,AKR-TESTR-<MAC6>,0.0,1.0,0.0,100.0
96280,2,walk,walk,9087,,9087.0,20.0,2.0,6.0,2.0,1.45,-0.006,0.01,0.621,32.0,28.14,0.0,19.0,0.0,0.0,2.02,0.04,-1.0,-0.06,1.2,-0.53,-0.09,239.0,TESTR,AKR-TESTR-<MAC6>,0.0,1.0,0.0,100.0
96300,2,walk,walk,9088,,9088.0,20.0,2.0,6.0,2.0,1.45,-0.006,-0.023,0.567,32.0,28.14,0.0,19.0,0.0,0.0,2.04,0.04,-1.0,-0.06,1.19,-0.52,-0.11,239.0,TESTR,AKR-TESTR-<MAC6>,0.0,1.0,0.0,100.0
96340,2,walk,walk,9089,,9089.0,20.0,2.0,6.0,2.0,1.45,-0.005,0.009,0.607,32.0,28.14,0.0,19.0,0.0,0.0,2.05,0.04,-1.0,-0.06,1.19,-0.51,-0.13,239.0,TESTR,AKR-TESTR-<MAC6>,0.0,1.0,0.0,100.0
96340,2,walk,walk,9090,,9090.0,20.0,2.0,6.0,2.0,1.45,-0.006,0.026,0.626,32.0,28.14,0.0,19.0,0.0,0.0,2.07,0.04,-1.0,-0.05,1.18,-0.5,-0.13,239.0,TESTR,AKR-TESTR-<MAC6>,0.0,1.0,0.0,100.0
96360,2,walk,walk,9091,,9091.0,20.0,2.0,6.0,2.0,1.45,-0.005,-0.109,0.59,32.0,28.14,0.0,19.0,0.0,0.0,2.09,0.04,-1.0,-0.05,1.18,-0.49,-0.13,239.0,TESTR,AKR-TESTR-<MAC6>,0.0,1.0,0.0,100.0
96380,2,walk,walk,9092,,9092.0,20.0,2.0,6.0,2.0,1.45,-0.005,-0.023,0.594,32.0,28.14,0.0,19.0,0.0,0.0,2.1,0.04,-1.0,-0.05,1.18,-0.48,-0.11,239.0,TESTR,AKR-TESTR-<MAC6>,0.0,1.0,0.0,100.0
96420,2,walk,walk,9093,,9093.0,20.0,2.0,6.0,2.0,1.46,-0.005,0.117,0.592,32.0,28.14,0.0,19.0,0.0,0.0,2.13,0.04,-1.0,-0.05,1.17,-0.49,-0.09,239.0,TESTR,AKR-TESTR-<MAC6>,0.0,1.0,0.0,100.0
96420,2,walk,walk,9094,,9094.0,20.0,2.0,6.0,2.0,1.47,-0.005,-0.01,0.62,32.0,28.14,0.0,19.0,0.0,0.0,2.15,0.04,-1.0,-0.05,1.15,-0.52,-0.04,239.0,TESTR,AKR-TESTR-<MAC6>,0.0,1.0,0.0,100.0
96460,2,walk,walk,9095,,9095.0,20.0,2.0,6.0,2.0,1.47,-0.006,0.025,0.606,32.0,28.14,0.0,19.0,0.0,0.0,2.17,0.04,-1.0,-0.05,1.13,-0.57,0.04,239.0,TESTR,AKR-TESTR-<MAC6>,0.0,1.0,0.0,100.0
96460,2,walk,walk,9096,,9096.0,20.0,2.0,6.0,2.0,1.48,-0.006,-0.034,0.578,32.0,28.14,0.0,19.0,0.0,0.0,2.2,0.04,-1.0,-0.05,1.09,-0.63,0.13,239.0,TESTR,AKR-TESTR-<MAC6>,0.0,1.0,0.0,100.0
96520,2,walk,walk,9097,,9097.0,20.0,2.0,6.0,2.0,1.49,-0.006,0.05,0.614,32.0,28.14,0.0,19.0,0.0,0.0,2.22,0.04,-1.0,-0.05,1.04,-0.68,0.25,239.0,TESTR,AKR-TESTR-<MAC6>,0.0,1.0,0.0,100.0
96540,2,walk,walk,9098,,9098.0,20.0,2.0,6.0,2.0,1.5,-0.006,0.037,0.642,32.0,28.14,0.0,19.0,0.0,0.0,2.24,0.04,-1.0,-0.05,0.99,-0.7,0.37,239.0,TESTR,AKR-TESTR-<MAC6>,0.0,1.0,0.0,100.0
96540,2,walk,walk,9099,,9099.0,20.0,2.0,6.0,2.0,1.51,-0.006,-0.036,0.606,32.0,28.14,0.0,19.0,0.0,0.0,2.25,0.04,-1.0,-0.05,0.94,-0.71,0.48,239.0,TESTR,AKR-TESTR-<MAC6>,0.0,1.0,0.0,100.0
96560,2,walk,walk,9100,,9100.0,20.0,2.0,6.0,2.0,1.52,-0.006,-0.007,0.64,32.0,28.14,0.0,19.0,0.0,0.0,2.25,0.04,-1.0,-0.05,0.89,-0.7,0.6,239.0,TESTR,AKR-TESTR-<MAC6>,0.0,1.0,0.0,100.0
96580,2,walk,walk,9101,,9101.0,20.0,2.0,6.0,2.0,1.53,-0.006,-0.018,0.635,32.0,28.14,0.0,19.0,0.0,0.0,2.25,0.04,-1.0,-0.05,0.83,-0.68,0.7,239.0,TESTR,AKR-TESTR-<MAC6>,0.0,1.0,0.0,100.0
96580,2,walk,walk,9102,,9102.0,20.0,2.0,6.0,2.0,1.54,-0.006,0.034,0.649,32.0,28.14,0.0,19.0,0.0,0.0,2.25,0.04,-1.0,-0.05,0.77,-0.67,0.79,239.0,TESTR,AKR-TESTR-<MAC6>,0.0,1.0,0.0,100.0
96620,2,walk,walk,9103,,9103.0,20.0,2.0,6.0,2.0,1.55,-0.006,-0.064,0.685,32.0,28.14,0.0,19.0,0.0,0.0,2.25,0.04,-1.0,-0.05,0.72,-0.66,0.87,239.0,TESTR,AKR-TESTR-<MAC6>,0.0,1.0,0.0,100.0
96640,2,walk,walk,9104,,9104.0,20.0,2.0,6.0,2.0,1.55,-0.006,-0.036,0.634,32.0,28.14,0.0,19.0,0.0,0.0,2.25,0.04,-1.0,-0.05,0.66,-0.67,0.95,239.0,TESTR,AKR-TESTR-<MAC6>,0.0,1.0,0.0,100.0
96640,2,walk,walk,9105,,9105.0,20.0,2.0,6.0,2.0,1.56,-0.006,-0.044,0.703,32.0,28.14,0.0,19.0,0.0,0.0,2.24,0.04,-1.0,-0.05,0.61,-0.69,1.03,239.0,TESTR,AKR-TESTR-<MAC6>,0.0,1.0,0.0,100.0
96660,2,walk,walk,9106,,9106.0,20.0,2.0,6.0,2.0,1.57,-0.006,-0.025,0.661,32.0,28.14,0.0,19.0,0.0,0.0,2.24,0.04,-1.0,-0.05,0.56,-0.71,1.1,239.0,TESTR,AKR-TESTR-<MAC6>,0.0,1.0,0.0,100.0
96680,2,walk,walk,9107,,9107.0,20.0,2.0,6.0,2.0,1.57,-0.006,-0.01,0.729,32.0,28.14,0.0,19.0,0.0,0.0,2.22,0.04,-1.0,-0.05,0.52,-0.76,1.17,240.0,TESTR,AKR-TESTR-<MAC6>,0.0,1.0,0.0,100.0
96720,2,walk,walk,9108,,9108.0,20.0,2.0,6.0,2.0,1.58,-0.006,-0.048,0.691,32.0,28.14,0.0,19.0,0.0,0.0,2.21,0.04,-1.0,-0.05,0.48,-0.8,1.22,240.0,TESTR,AKR-TESTR-<MAC6>,0.0,1.0,0.0,100.0
96720,2,walk,walk,9109,,9109.0,20.0,2.0,6.0,2.0,1.58,-0.006,0.041,0.677,32.0,28.14,0.0,19.0,0.0,0.0,2.19,0.04,-1.0,-0.05,0.45,-0.85,1.24,240.0,TESTR,AKR-TESTR-<MAC6>,0.0,1.0,0.0,100.0
96740,2,walk,walk,9110,,9110.0,20.0,2.0,6.0,2.0,1.58,-0.006,0.028,0.681,32.0,28.14,0.0,19.0,0.0,0.0,2.16,0.04,-1.0,-0.05,0.43,-0.89,1.24,240.0,TESTR,AKR-TESTR-<MAC6>,0.0,1.0,0.0,100.0
96760,2,walk,walk,9111,,9111.0,20.0,2.0,6.0,2.0,1.58,-0.006,0.005,0.638,32.0,28.14,0.0,19.0,0.0,0.0,2.14,0.04,-1.0,-0.05,0.41,-0.92,1.2,240.0,TESTR,AKR-TESTR-<MAC6>,0.0,1.0,0.0,100.0
96820,2,walk,walk,9112,,9112.0,20.0,2.0,6.0,2.0,1.58,-0.006,-0.023,0.633,32.0,28.14,0.0,19.0,0.0,0.0,2.11,0.04,-1.0,-0.05,0.38,-0.93,1.12,240.0,TESTR,AKR-TESTR-<MAC6>,0.0,1.0,0.0,100.0
96840,2,walk,walk,9113,,9113.0,20.0,2.0,6.0,2.0,1.58,-0.006,0.002,0.636,32.0,28.14,0.0,19.0,0.0,0.0,2.08,0.04,-1.0,-0.05,0.34,-0.93,1.0,240.0,TESTR,AKR-TESTR-<MAC6>,0.0,1.0,0.0,100.0
96840,2,walk,walk,9114,,9114.0,20.0,2.0,6.0,2.0,1.57,-0.006,-0.025,0.586,32.0,28.14,0.0,19.0,0.0,0.0,2.06,0.04,-1.0,-0.05,0.3,-0.91,0.86,240.0,TESTR,AKR-TESTR-<MAC6>,0.0,1.0,0.0,100.0
96860,2,walk,walk,9115,,9115.0,20.0,2.0,6.0,2.0,1.57,-0.005,0.03,0.581,32.0,28.14,0.0,19.0,0.0,0.0,2.04,0.04,-1.0,-0.05,0.23,-0.89,0.71,240.0,TESTR,AKR-TESTR-<MAC6>,0.0,1.0,0.0,100.0
96860,2,walk,walk,9116,,9116.0,20.0,2.0,6.0,2.0,1.56,-0.005,0.033,0.592,32.0,28.14,0.0,19.0,0.0,0.0,2.04,0.04,-1.0,-0.05,0.16,-0.86,0.56,240.0,TESTR,AKR-TESTR-<MAC6>,0.0,1.0,0.0,100.0
96880,2,walk,walk,9117,,9117.0,20.0,2.0,6.0,2.0,1.56,-0.005,-0.066,0.584,32.0,28.14,0.0,19.0,0.0,0.0,2.04,0.04,-1.0,-0.05,0.09,-0.83,0.44,240.0,TESTR,AKR-TESTR-<MAC6>,0.0,1.0,0.0,100.0
96900,2,walk,walk,9118,,9118.0,20.0,2.0,6.0,2.0,1.55,-0.005,-0.029,0.601,32.0,28.14,0.0,19.0,0.0,0.0,2.05,0.04,-1.0,-0.05,0.01,-0.8,0.33,240.0,TESTR,AKR-TESTR-<MAC6>,0.0,1.0,0.0,100.0
96920,2,walk,walk,9119,,9119.0,20.0,2.0,6.0,2.0,1.54,-0.005,0.021,0.601,32.0,28.14,0.0,19.0,0.0,0.0,2.07,0.04,-1.0,-0.05,-0.07,-0.78,0.26,240.0,TESTR,AKR-TESTR-<MAC6>,0.0,1.0,0.0,100.0
96940,2,walk,walk,9120,,9120.0,20.0,2.0,6.0,2.0,1.54,-0.005,0.147,0.639,32.0,28.14,0.0,19.0,0.0,0.0,2.09,0.04,-1.0,-0.05,-0.13,-0.78,0.24,240.0,TESTR,AKR-TESTR-<MAC6>,0.0,1.0,0.0,100.0
96960,2,walk,walk,9121,,9121.0,20.0,2.0,6.0,2.0,1.53,-0.005,0.009,0.612,32.0,28.14,0.0,19.0,0.0,0.0,2.11,0.04,-1.0,-0.05,-0.18,-0.79,0.26,240.0,TESTR,AKR-TESTR-<MAC6>,0.0,1.0,0.0,100.0
96980,2,walk,walk,9122,,9122.0,20.0,2.0,6.0,2.0,1.53,-0.006,-0.034,0.642,32.0,28.14,0.0,19.0,0.0,0.0,2.14,0.04,-1.0,-0.05,-0.2,-0.83,0.33,240.0,TESTR,AKR-TESTR-<MAC6>,0.0,1.0,0.0,100.0
97000,2,walk,walk,9123,,9123.0,20.0,2.0,6.0,2.0,1.53,-0.006,0.019,0.635,32.0,28.14,0.0,19.0,0.0,0.0,2.16,0.04,-1.0,-0.05,-0.2,-0.87,0.44,240.0,TESTR,AKR-TESTR-<MAC6>,0.0,1.0,0.0,100.0
97040,2,walk,walk,9124,,9124.0,20.0,2.0,6.0,2.0,1.53,-0.006,0.038,0.62,32.0,28.14,0.0,19.0,0.0,0.0,2.17,0.04,-1.0,-0.05,-0.2,-0.92,0.56,240.0,TESTR,AKR-TESTR-<MAC6>,0.0,1.0,0.0,100.0
97060,2,walk,walk,9125,,9125.0,20.0,2.0,6.0,2.0,1.52,-0.006,0.079,0.653,32.0,28.14,0.0,19.0,0.0,0.0,2.18,0.04,-1.0,-0.05,-0.19,-0.98,0.7,240.0,TESTR,AKR-TESTR-<MAC6>,0.0,1.0,0.0,100.0
97080,2,walk,walk,9126,,9126.0,20.0,2.0,6.0,2.0,1.52,-0.006,-0.025,0.654,32.0,28.14,0.0,19.0,0.0,0.0,2.19,0.04,-1.0,-0.05,-0.18,-1.05,0.84,240.0,TESTR,AKR-TESTR-<MAC6>,0.0,1.0,0.0,100.0
97080,2,walk,walk,9127,,9127.0,20.0,2.0,6.0,2.0,1.52,-0.006,-0.111,0.678,32.0,28.14,0.0,19.0,0.0,0.0,2.18,0.04,-1.0,-0.05,-0.17,-1.12,0.97,240.0,TESTR,AKR-TESTR-<MAC6>,0.0,1.0,0.0,100.0
97120,2,walk,walk,9128,,9128.0,20.0,2.0,6.0,2.0,1.52,-0.006,-0.036,0.677,32.0,28.14,0.0,19.0,0.0,0.0,2.18,0.04,-1.0,-0.05,-0.17,-1.18,1.09,240.0,TESTR,AKR-TESTR-<MAC6>,0.0,1.0,0.0,100.0
97120,2,walk,walk,9129,,9129.0,20.0,2.0,6.0,2.0,1.52,-0.006,-0.018,0.714,32.0,28.14,0.0,19.0,0.0,0.0,2.16,0.04,-1.0,-0.05,-0.15,-1.24,1.19,240.0,TESTR,AKR-TESTR-<MAC6>,0.0,1.0,0.0,100.0
97140,2,walk,walk,9130,,9130.0,20.0,2.0,6.0,2.0,1.52,-0.006,-0.002,0.749,32.0,28.14,0.0,19.0,0.0,0.0,2.14,0.04,-1.0,-0.05,-0.13,-1.26,1.26,240.0,TESTR,AKR-TESTR-<MAC6>,0.0,1.0,0.0,100.0
97160,2,walk,walk,9131,,9131.0,20.0,2.0,6.0,2.0,1.52,-0.006,0.005,0.695,32.0,28.14,0.0,19.0,0.0,0.0,2.11,0.04,-1.0,-0.05,-0.11,-1.26,1.28,240.0,TESTR,AKR-TESTR-<MAC6>,0.0,1.0,0.0,100.0
97200,2,walk,walk,9132,,9132.0,20.0,2.0,6.0,2.0,1.52,-0.006,-0.064,0.666,32.0,28.14,0.0,19.0,0.0,0.0,2.08,0.04,-1.0,-0.05,-0.09,-1.23,1.25,240.0,TESTR,AKR-TESTR-<MAC6>,0.0,1.0,0.0,100.0
97200,2,walk,walk,9133,,9133.0,20.0,2.0,6.0,2.0,1.52,-0.006,0.011,0.658,32.0,28.14,0.0,19.0,0.0,0.0,2.05,0.04,-1.0,-0.05,-0.06,-1.18,1.17,240.0,TESTR,AKR-TESTR-<MAC6>,0.0,1.0,0.0,100.0
97220,2,walk,walk,9134,,9134.0,20.0,2.0,6.0,2.0,1.52,-0.006,-0.044,0.666,32.0,28.14,0.0,19.0,0.0,0.0,2.02,0.04,-1.0,-0.05,-0.03,-1.12,1.06,240.0,TESTR,AKR-TESTR-<MAC6>,0.0,1.0,0.0,100.0
97240,2,walk,walk,9135,,9135.0,20.0,2.0,6.0,2.0,1.51,-0.006,-0.002,0.608,32.0,28.14,0.0,19.0,0.0,0.0,2.0,0.04,-1.0,-0.05,0.0,-1.05,0.92,240.0,TESTR,AKR-TESTR-<MAC6>,0.0,1.0,0.0,100.0
97260,2,walk,walk,9136,,9136.0,20.0,2.0,6.0,2.0,1.51,-0.006,-0.021,0.602,32.0,28.14,0.0,19.0,0.0,0.0,1.99,0.03,-1.0,-0.05,0.03,-0.98,0.75,240.0,TESTR,AKR-TESTR-<MAC6>,0.0,1.0,0.0,100.0
97300,2,walk,walk,9137,,9137.0,20.0,2.0,6.0,2.0,1.5,-0.006,0.007,0.613,32.0,28.14,0.0,19.0,0.0,0.0,1.98,0.03,-1.0,-0.05,0.07,-0.91,0.56,240.0,TESTR,AKR-TESTR-<MAC6>,0.0,1.0,0.0,100.0
97340,2,walk,walk,9138,,9138.0,20.0,2.0,6.0,2.0,1.5,-0.005,0.025,0.555,32.0,28.14,0.0,19.0,0.0,0.0,1.97,0.03,-1.0,-0.05,0.12,-0.83,0.36,240.0,TESTR,AKR-TESTR-<MAC6>,0.0,1.0,0.0,100.0
97340,2,walk,walk,9139,,9139.0,20.0,2.0,6.0,2.0,1.49,-0.005,0.023,0.529,32.0,28.14,0.0,19.0,0.0,0.0,1.97,0.03,-1.0,-0.05,0.15,-0.75,0.15,240.0,TESTR,AKR-TESTR-<MAC6>,0.0,1.0,0.0,100.0
97360,2,walk,walk,9140,,9140.0,20.0,2.0,6.0,2.0,1.49,-0.005,0.019,0.513,32.0,28.14,0.0,19.0,0.0,0.0,1.99,0.03,-1.0,-0.05,0.18,-0.68,-0.06,240.0,TESTR,AKR-TESTR-<MAC6>,0.0,1.0,0.0,100.0
97380,2,walk,walk,9141,,9141.0,20.0,2.0,6.0,2.0,1.48,-0.004,0.076,0.484,32.0,28.14,0.0,19.0,0.0,0.0,2.02,0.04,-1.0,-0.05,0.2,-0.63,-0.24,240.0,TESTR,AKR-TESTR-<MAC6>,0.0,1.0,0.0,100.0
97380,2,walk,walk,9142,,9142.0,20.0,2.0,6.0,2.0,1.48,-0.004,0.05,0.506,32.0,28.14,0.0,19.0,0.0,0.0,2.06,0.04,-1.0,-0.05,0.2,-0.61,-0.38,240.0,TESTR,AKR-TESTR-<MAC6>,0.0,1.0,0.0,100.0
97400,2,walk,walk,9143,,9143.0,20.0,2.0,6.0,2.0,1.47,-0.004,0.061,0.544,32.0,28.14,0.0,19.0,0.0,0.0,2.1,0.04,-1.0,-0.05,0.18,-0.61,-0.45,240.0,TESTR,AKR-TESTR-<MAC6>,0.0,1.0,0.0,100.0
97420,2,walk,walk,9144,,9144.0,20.0,2.0,6.0,2.0,1.47,-0.005,0.009,0.524,32.0,28.14,0.0,19.0,0.0,0.0,2.16,0.04,-1.0,-0.05,0.15,-0.63,-0.45,240.0,TESTR,AKR-TESTR-<MAC6>,0.0,1.0,0.0,100.0
97440,2,walk,walk,9145,,9145.0,20.0,2.0,6.0,2.0,1.47,-0.005,-0.032,0.55,32.0,28.14,0.0,19.0,0.0,0.0,2.21,0.04,-1.0,-0.05,0.11,-0.67,-0.38,240.0,TESTR,AKR-TESTR-<MAC6>,0.0,1.0,0.0,100.0
97460,2,walk,walk,9146,,9146.0,20.0,2.0,6.0,2.0,1.47,-0.005,-0.07,0.589,32.0,28.14,0.0,19.0,0.0,0.0,2.26,0.04,-1.0,-0.05,0.06,-0.73,-0.23,240.0,TESTR,AKR-TESTR-<MAC6>,0.0,1.0,0.0,100.0
97500,2,walk,walk,9147,,9147.0,20.0,2.0,6.0,2.0,1.48,-0.005,0.037,0.566,32.0,28.14,0.0,19.0,0.0,0.0,2.3,0.04,-1.0,-0.05,0.0,-0.8,-0.04,240.0,TESTR,AKR-TESTR-<MAC6>,0.0,1.0,0.0,100.0
97500,2,walk,walk,9148,,9148.0,20.0,2.0,6.0,2.0,1.48,-0.005,0.005,0.618,32.0,28.14,0.0,19.0,0.0,0.0,2.33,0.04,-1.0,-0.05,-0.06,-0.87,0.2,240.0,TESTR,AKR-TESTR-<MAC6>,0.0,1.0,0.0,100.0
97520,2,walk,walk,9149,,9149.0,20.0,2.0,6.0,2.0,1.49,-0.005,0.034,0.61,32.0,28.14,0.0,19.0,0.0,0.0,2.35,0.04,-1.0,-0.05,-0.1,-0.94,0.45,240.0,TESTR,AKR-TESTR-<MAC6>,0.0,1.0,0.0,100.0
97540,2,walk,walk,9150,,9150.0,20.0,2.0,6.0,2.0,1.5,-0.006,-0.065,0.626,32.0,28.14,0.0,19.0,0.0,0.0,2.35,0.04,-1.0,-0.05,-0.11,-1.0,0.7,240.0,TESTR,AKR-TESTR-<MAC6>,0.0,1.0,0.0,100.0
97560,2,walk,walk,9151,,9151.0,20.0,2.0,6.0,2.0,1.51,-0.006,-0.044,0.649,32.0,28.14,0.0,19.0,0.0,0.0,2.34,0.04,-1.0,-0.05,-0.07,-1.04,0.93,240.0,TESTR,AKR-TESTR-<MAC6>,0.0,1.0,0.0,100.0
97580,2,walk,walk,9152,,9152.0,20.0,2.0,6.0,2.0,1.52,-0.006,-0.005,0.639,32.0,28.14,0.0,19.0,0.0,0.0,2.31,0.04,-1.0,-0.05,0.01,-1.07,1.11,240.0,TESTR,AKR-TESTR-<MAC6>,0.0,1.0,0.0,100.0
97600,2,walk,walk,9153,,9153.0,20.0,2.0,6.0,2.0,1.53,-0.006,0.038,0.604,32.0,28.14,0.0,19.0,0.0,0.0,2.27,0.04,-1.0,-0.05,0.14,-1.08,1.24,240.0,TESTR,AKR-TESTR-<MAC6>,0.0,1.0,0.0,100.0
97620,2,walk,walk,9154,,9154.0,20.0,2.0,6.0,2.0,1.54,-0.006,-0.013,0.599,32.0,28.14,0.0,19.0,0.0,0.0,2.23,0.04,-1.0,-0.06,0.3,-1.09,1.31,240.0,TESTR,AKR-TESTR-<MAC6>,0.0,1.0,0.0,100.0
97660,2,walk,walk,9155,,9155.0,20.0,2.0,6.0,2.0,1.54,-0.006,-0.057,0.613,32.0,28.14,0.0,19.0,0.0,0.0,2.19,0.04,-1.0,-0.06,0.48,-1.07,1.33,241.0,TESTR,AKR-TESTR-<MAC6>,0.0,1.0,0.0,100.0
97680,2,walk,walk,9156,,9156.0,20.0,2.0,6.0,2.0,1.55,-0.005,0.044,0.589,32.0,28.14,0.0,19.0,0.0,0.0,2.16,0.04,-1.0,-0.06,0.67,-1.05,1.33,241.0,TESTR,AKR-TESTR-<MAC6>,0.0,1.0,0.0,100.0
97680,2,walk,walk,9157,,9157.0,20.0,2.0,6.0,2.0,1.56,-0.006,-0.05,0.592,32.0,28.14,0.0,19.0,0.0,0.0,2.14,0.04,-1.0,-0.06,0.88,-1.04,1.32,241.0,TESTR,AKR-TESTR-<MAC6>,0.0,1.0,0.0,100.0
97700,2,walk,walk,9158,,9158.0,20.0,2.0,6.0,2.0,1.56,-0.006,0.07,0.644,32.0,28.14,0.0,19.0,0.0,0.0,2.14,0.04,-1.0,-0.06,1.09,-1.03,1.33,241.0,TESTR,AKR-TESTR-<MAC6>,0.0,1.0,0.0,100.0
97720,2,walk,walk,9159,,9159.0,20.0,2.0,6.0,2.0,1.56,-0.006,-0.021,0.675,32.0,28.14,0.0,19.0,0.0,0.0,2.14,0.04,-1.0,-0.06,1.31,-1.03,1.38,241.0,TESTR,AKR-TESTR-<MAC6>,0.0,1.0,0.0,100.0
97740,2,walk,walk,9160,,9160.0,20.0,2.0,6.0,2.0,1.56,-0.006,-0.085,0.667,32.0,28.14,0.0,19.0,0.0,0.0,2.14,0.04,-1.0,-0.06,1.52,-1.04,1.47,241.0,TESTR,AKR-TESTR-<MAC6>,0.0,1.0,0.0,100.0
97760,2,walk,walk,9161,,9161.0,20.0,2.0,6.0,2.0,1.56,-0.006,-0.088,0.831,32.0,28.14,0.0,19.0,0.0,0.0,2.15,0.04,-1.0,-0.05,1.72,-1.06,1.61,241.0,TESTR,AKR-TESTR-<MAC6>,0.0,1.0,0.0,100.0
97780,2,walk,walk,9162,,9162.0,20.0,2.0,6.0,2.0,1.56,-0.007,-0.054,0.879,32.0,28.14,0.0,19.0,0.0,0.0,2.16,0.04,-1.0,-0.05,1.9,-1.07,1.8,241.0,TESTR,AKR-TESTR-<MAC6>,0.0,1.0,0.0,100.0
97820,2,walk,walk,9163,,9163.0,20.0,2.0,6.0,2.0,1.55,-0.007,-0.037,0.939,32.0,28.14,0.0,19.0,0.0,0.0,2.15,0.04,-1.0,-0.05,2.04,-1.07,2.04,241.0,TESTR,AKR-TESTR-<MAC6>,0.0,1.0,0.0,100.0
97840,2,walk,walk,9164,,9164.0,20.0,2.0,6.0,2.0,1.54,-0.009,-0.03,0.992,32.0,28.14,0.0,19.0,0.0,0.0,2.14,0.04,-1.0,-0.05,2.14,-1.06,2.3,241.0,TESTR,AKR-TESTR-<MAC6>,0.0,1.0,0.0,100.0
97840,2,walk,walk,9165,,9165.0,20.0,2.0,6.0,2.0,1.54,-0.009,0.058,1.074,32.0,28.14,0.0,19.0,0.0,0.0,2.12,0.04,-1.0,-0.05,2.18,-1.05,2.58,241.0,TESTR,AKR-TESTR-<MAC6>,0.0,1.0,0.0,100.0
97900,2,walk,walk,9166,,9166.0,20.0,2.0,6.0,2.0,1.52,-0.009,-0.06,1.115,32.0,28.14,0.0,19.0,0.0,0.0,2.08,0.04,-1.0,-0.05,2.17,-1.04,2.84,241.0,TESTR,AKR-TESTR-<MAC6>,0.0,1.0,0.0,100.0
97900,2,walk,walk,9167,,9167.0,20.0,2.0,6.0,2.0,1.51,-0.01,-0.032,1.104,32.0,28.14,0.0,19.0,0.0,0.0,2.03,0.04,-1.0,-0.05,2.1,-1.04,3.06,241.0,TESTR,AKR-TESTR-<MAC6>,0.0,1.0,0.0,100.0
97900,2,walk,walk,9168,,9168.0,20.0,2.0,6.0,2.0,1.5,-0.01,-0.028,1.094,32.0,28.14,0.0,19.0,0.0,0.0,1.95,0.03,-1.0,-0.05,2.0,-1.02,3.2,241.0,TESTR,AKR-TESTR-<MAC6>,0.0,1.0,0.0,100.0
97920,2,walk,walk,9169,,9169.0,20.0,2.0,6.0,2.0,1.48,-0.01,0.013,1.098,32.0,28.14,0.0,19.0,0.0,0.0,1.86,0.03,-1.0,-0.05,1.85,-0.99,3.24,241.0,TESTR,AKR-TESTR-<MAC6>,0.0,1.0,0.0,100.0
97940,2,walk,walk,9170,,9170.0,20.0,2.0,6.0,2.0,1.46,-0.009,0.042,1.065,32.0,28.14,0.0,19.0,0.0,0.0,1.76,0.03,-1.0,-0.05,1.68,-0.94,3.19,241.0,TESTR,AKR-TESTR-<MAC6>,0.0,1.0,0.0,100.0
97960,2,walk,walk,9171,,9171.0,20.0,2.0,6.0,2.0,1.43,-0.009,0.026,1.035,32.0,28.14,0.0,19.0,0.0,0.0,1.66,0.03,-1.0,-0.05,1.49,-0.87,3.04,241.0,TESTR,AKR-TESTR-<MAC6>,0.0,1.0,0.0,100.0
98020,2,walk,walk,9172,,9172.0,20.0,2.0,6.0,2.0,1.41,-0.009,0.007,1.009,32.0,28.14,0.0,19.0,0.0,0.0,1.57,0.03,-1.0,-0.04,1.27,-0.79,2.81,241.0,TESTR,AKR-TESTR-<MAC6>,0.0,1.0,0.0,100.0
98020,2,walk,walk,9173,,9173.0,20.0,2.0,6.0,2.0,1.38,-0.008,-0.018,0.954,32.0,28.14,0.0,19.0,0.0,0.0,1.48,0.03,-1.0,-0.04,1.05,-0.7,2.51,241.0,TESTR,AKR-TESTR-<MAC6>,0.0,1.0,0.0,100.0
98020,2,walk,walk,9174,,9174.0,20.0,2.0,6.0,2.0,1.35,-0.008,0.048,0.881,32.0,28.14,0.0,19.0,0.0,0.0,1.41,0.02,-1.0,-0.04,0.8,-0.61,2.17,241.0,TESTR,AKR-TESTR-<MAC6>,0.0,1.0,0.0,100.0
98040,2,walk,walk,9175,,9175.0,20.0,2.0,6.0,2.0,1.32,-0.007,0.064,0.803,32.0,28.14,0.0,19.0,0.0,0.0,1.35,0.02,-1.0,-0.04,0.56,-0.53,1.8,241.0,TESTR,AKR-TESTR-<MAC6>,0.0,1.0,0.0,100.0
98080,2,walk,walk,9176,,9176.0,20.0,2.0,6.0,2.0,1.28,-0.007,0.075,0.722,32.0,28.14,0.0,19.0,0.0,0.0,1.31,0.02,-1.0,-0.04,0.34,-0.45,1.42,241.0,TESTR,AKR-TESTR-<MAC6>,0.0,1.0,0.0,100.0
98080,2,walk,walk,9177,,9177.0,20.0,2.0,6.0,2.0,1.25,-0.006,0.044,0.678,32.0,28.14,0.0,19.0,0.0,0.0,1.28,0.02,-1.0,-0.04,0.14,-0.38,1.06,241.0,TESTR,AKR-TESTR-<MAC6>,0.0,1.0,0.0,100.0
98100,2,walk,walk,9178,,9178.0,20.0,2.0,6.0,2.0,1.21,-0.006,0.023,0.671,32.0,28.14,0.0,19.0,0.0,0.0,1.28,0.02,-1.0,-0.04,-0.02,-0.33,0.76,241.0,TESTR,AKR-TESTR-<MAC6>,0.0,1.0,0.0,100.0
98120,2,walk,walk,9179,,9179.0,20.0,2.0,6.0,2.0,1.18,-0.006,-0.002,0.646,32.0,28.14,0.0,19.0,0.0,0.0,1.3,0.02,-1.0,-0.04,-0.13,-0.29,0.53,241.0,TESTR,AKR-TESTR-<MAC6>,0.0,1.0,0.0,100.0
98160,2,walk,walk,9180,,9180.0,20.0,2.0,6.0,2.0,1.14,-0.006,0.036,0.712,32.0,28.14,0.0,19.0,0.0,0.0,1.33,0.02,-1.0,-0.04,-0.21,-0.29,0.41,241.0,TESTR,AKR-TESTR-<MAC6>,0.0,1.0,0.0,100.0
98160,2,walk,walk,9181,,9181.0,20.0,2.0,6.0,2.0,1.11,-0.006,0.011,0.767,32.0,28.14,0.0,19.0,0.0,0.0,1.37,0.02,-1.0,-0.05,-0.26,-0.34,0.39,241.0,TESTR,AKR-TESTR-<MAC6>,0.0,1.0,0.0,100.0
98180,2,walk,walk,9182,,9182.0,20.0,2.0,6.0,2.0,1.08,-0.007,-0.193,0.826,32.0,28.14,0.0,19.0,0.0,0.0,1.42,0.02,-1.0,-0.05,-0.29,-0.41,0.47,241.0,TESTR,AKR-TESTR-<MAC6>,0.0,1.0,0.0,100.0
98200,2,walk,walk,9183,,9183.0,20.0,2.0,6.0,2.0,1.06,-0.007,-0.044,0.901,32.0,28.14,0.0,19.0,0.0,0.0,1.46,0.03,-1.0,-0.05,-0.3,-0.51,0.64,241.0,TESTR,AKR-TESTR-<MAC6>,0.0,1.0,0.0,100.0
98220,2,walk,walk,9184,,9184.0,20.0,2.0,6.0,2.0,1.03,-0.008,-0.03,0.97,32.0,28.14,0.0,19.0,0.0,0.0,1.5,0.03,-1.0,-0.05,-0.29,-0.62,0.87,241.0,TESTR,AKR-TESTR-<MAC6>,0.0,1.0,0.0,100.0
98240,2,walk,walk,9185,,9185.0,20.0,2.0,6.0,2.0,1.01,-0.009,0.056,1.019,32.0,28.14,0.0,19.0,0.0,0.0,1.52,0.03,-1.0,-0.05,-0.27,-0.72,1.14,241.0,TESTR,AKR-TESTR-<MAC6>,0.0,1.0,0.0,100.0
98260,2,walk,walk,9186,,9186.0,20.0,2.0,6.0,2.0,0.99,-0.009,-0.034,1.052,32.0,28.14,0.0,19.0,0.0,0.0,1.53,0.03,-1.0,-0.05,-0.23,-0.81,1.41,241.0,TESTR,AKR-TESTR-<MAC6>,0.0,1.0,0.0,100.0
98280,2,walk,walk,9187,,9187.0,20.0,2.0,6.0,2.0,0.97,-0.009,0.001,1.063,32.0,28.14,0.0,19.0,0.0,0.0,1.52,0.03,-1.0,-0.05,-0.17,-0.88,1.65,241.0,TESTR,AKR-TESTR-<MAC6>,0.0,1.0,0.0,100.0
98320,2,walk,walk,9188,,9188.0,20.0,2.0,6.0,2.0,0.95,-0.009,0.014,1.077,32.0,28.14,0.0,19.0,0.0,0.0,1.49,0.03,-1.0,-0.05,-0.1,-0.95,1.85,241.0,TESTR,AKR-TESTR-<MAC6>,0.0,1.0,0.0,100.0
98340,2,walk,walk,9189,,9189.0,20.0,2.0,6.0,2.0,0.94,-0.009,0.007,1.066,32.0,28.14,0.0,19.0,0.0,0.0,1.45,0.03,-1.0,-0.05,-0.01,-1.0,1.98,241.0,TESTR,AKR-TESTR-<MAC6>,0.0,1.0,0.0,100.0
98340,2,walk,walk,9190,,9190.0,20.0,2.0,6.0,2.0,0.93,-0.009,-0.057,1.035,32.0,28.14,0.0,19.0,0.0,0.0,1.39,0.02,-1.0,-0.05,0.09,-1.04,2.03,241.0,TESTR,AKR-TESTR-<MAC6>,0.0,1.0,0.0,100.0
98360,2,walk,walk,9191,,9191.0,20.0,2.0,6.0,2.0,0.91,-0.009,-0.017,1.039,32.0,28.14,0.0,19.0,0.0,0.0,1.33,0.02,-1.0,-0.05,0.19,-1.06,2.0,241.0,TESTR,AKR-TESTR-<MAC6>,0.0,1.0,0.0,100.0
98380,2,walk,walk,9192,,9192.0,20.0,2.0,6.0,2.0,0.9,-0.009,-0.081,1.001,32.0,28.14,0.0,19.0,0.0,0.0,1.27,0.02,-1.0,-0.05,0.29,-1.06,1.9,241.0,TESTR,AKR-TESTR-<MAC6>,0.0,1.0,0.0,100.0
98400,2,walk,walk,9193,,9193.0,20.0,2.0,6.0,2.0,0.88,-0.008,0.112,0.959,32.0,28.14,0.0,19.0,0.0,0.0,1.22,0.02,-1.0,-0.05,0.37,-1.04,1.73,241.0,TESTR,AKR-TESTR-<MAC6>,0.0,1.0,0.0,100.0
98440,2,walk,walk,9194,,9194.0,20.0,2.0,6.0,2.0,0.87,-0.008,0.03,0.944,32.0,28.14,0.0,19.0,0.0,0.0,1.18,0.02,-1.0,-0.05,0.44,-1.01,1.5,241.0,TESTR,AKR-TESTR-<MAC6>,0.0,1.0,0.0,100.0
98440,2,walk,walk,9195,,9195.0,20.0,2.0,6.0,2.0,0.85,-0.008,0.069,0.876,32.0,28.14,0.0,19.0,0.0,0.0,1.14,0.02,-1.0,-0.05,0.49,-0.96,1.24,241.0,TESTR,AKR-TESTR-<MAC6>,0.0,1.0,0.0,100.0
98480,2,walk,walk,9196,,9196.0,20.0,2.0,6.0,2.0,0.83,-0.007,-0.025,0.849,32.0,28.14,0.0,19.0,0.0,0.0,1.11,0.02,-1.0,-0.05,0.51,-0.89,0.95,241.0,TESTR,AKR-TESTR-<MAC6>,0.0,1.0,0.0,100.0
98480,2,walk,walk,9197,,9197.0,20.0,2.0,6.0,2.0,0.81,-0.007,0.002,0.748,32.0,28.14,0.0,19.0,0.0,0.0,1.1,0.02,-1.0,-0.05,0.52,-0.82,0.63,241.0,TESTR,AKR-TESTR-<MAC6>,0.0,1.0,0.0,100.0
98500,2,walk,walk,9198,,9198.0,20.0,2.0,6.0,2.0,0.8,-0.006,-0.017,0.684,32.0,28.14,0.0,19.0,0.0,0.0,1.1,0.02,-1.0,-0.05,0.52,-0.73,0.3,241.0,TESTR,AKR-TESTR-<MAC6>,0.0,1.0,0.0,100.0
98520,2,walk,walk,9199,,9199.0,20.0,2.0,6.0,2.0,0.78,-0.006,-0.003,0.701,32.0,28.14,0.0,19.0,0.0,0.0,1.12,0.02,-1.0,-0.05,0.52,-0.64,0.01,241.0,TESTR,AKR-TESTR-<MAC6>,0.0,1.0,0.0,100.0
98540,2,walk,walk,9200,,9200.0,20.0,2.0,6.0,2.0,0.76,-0.006,0.023,0.714,32.0,28.14,0.0,19.0,0.0,0.0,1.16,0.02,-1.0,-0.05,0.51,-0.57,-0.23,241.0,TESTR,AKR-TESTR-<MAC6>,0.0,1.0,0.0,100.0
98560,2,walk,walk,9201,,9201.0,20.0,2.0,6.0,2.0,0.75,-0.006,-0.089,0.768,32.0,28.14,0.0,19.0,0.0,0.0,1.22,0.02,-1.0,-0.05,0.49,-0.53,-0.37,241.0,TESTR,AKR-TESTR-<MAC6>,0.0,1.0,0.0,100.0
98580,2,walk,walk,9202,,9202.0,20.0,2.0,6.0,2.0,0.73,-0.007,-0.003,0.81,32.0,28.14,0.0,19.0,0.0,0.0,1.28,0.02,-1.0,-0.05,0.46,-0.53,-0.4,241.0,TESTR,AKR-TESTR-<MAC6>,0.0,1.0,0.0,100.0
98600,2,walk,walk,9203,,9203.0,20.0,2.0,6.0,2.0,0.72,-0.007,0.057,0.866,32.0,28.14,0.0,19.0,0.0,0.0,1.35,0.02,-1.0,-0.05,0.41,-0.56,-0.31,241.0,TESTR,AKR-TESTR-<MAC6>,0.0,1.0,0.0,100.0
98620,2,walk,walk,9204,,9204.0,20.0,2.0,6.0,2.0,0.72,-0.008,-0.003,0.938,32.0,28.14,0.0,19.0,0.0,0.0,1.4,0.02,-1.0,-0.05,0.37,-0.6,-0.12,241.0,TESTR,AKR-TESTR-<MAC6>,0.0,1.0,0.0,100.0
98660,2,walk,walk,9205,,9205.0,20.0,2.0,6.0,2.0,0.71,-0.008,-0.048,0.942,32.0,28.14,0.0,19.0,0.0,0.0,1.43,0.03,-1.0,-0.05,0.31,-0.65,0.12,241.0,TESTR,AKR-TESTR-<MAC6>,0.0,1.0,0.0,100.0
98660,2,walk,walk,9206,,9206.0,20.0,2.0,6.0,2.0,0.71,-0.008,0.009,0.94,32.0,28.14,0.0,19.0,0.0,0.0,1.45,0.03,-1.0,-0.05,0.25,-0.7,0.38,241.0,TESTR,AKR-TESTR-<MAC6>,0.0,1.0,0.0,100.0
98680,2,walk,walk,9207,,9207.0,20.0,2.0,6.0,2.0,0.7,-0.008,-0.058,0.933,32.0,28.14,0.0,19.0,0.0,0.0,1.44,0.03,-1.0,-0.05,0.17,-0.73,0.61,241.0,TESTR,AKR-TESTR-<MAC6>,0.0,1.0,0.0,100.0
98700,2,walk,walk,9208,,9208.0,20.0,2.0,6.0,2.0,0.7,-0.008,-0.009,0.916,32.0,28.14,0.0,19.0,0.0,0.0,1.43,0.03,-1.0,-0.05,0.08,-0.76,0.79,241.0,TESTR,AKR-TESTR-<MAC6>,0.0,1.0,0.0,100.0
98720,2,walk,walk,9209,,9209.0,20.0,2.0,6.0,2.0,0.71,-0.008,-0.013,0.925,32.0,28.14,0.0,19.0,0.0,0.0,1.4,0.02,-1.0,-0.05,-0.02,-0.78,0.91,241.0,TESTR,AKR-TESTR-<MAC6>,0.0,1.0,0.0,100.0
98740,2,walk,walk,9210,,9210.0,20.0,2.0,6.0,2.0,0.71,-0.008,-0.037,0.931,32.0,28.14,0.0,19.0,0.0,0.0,1.37,0.02,-1.0,-0.05,-0.1,-0.79,0.98,241.0,TESTR,AKR-TESTR-<MAC6>,0.0,1.0,0.0,100.0
98760,2,walk,walk,9211,,9211.0,20.0,2.0,6.0,2.0,0.71,-0.008,-0.003,0.92,32.0,28.14,0.0,19.0,0.0,0.0,1.34,0.02,-1.0,-0.05,-0.17,-0.79,1.01,241.0,TESTR,AKR-TESTR-<MAC6>,0.0,1.0,0.0,100.0
98780,2,walk,walk,9212,,9212.0,20.0,2.0,6.0,2.0,0.71,-0.008,-0.026,0.902,32.0,28.14,0.0,19.0,0.0,0.0,1.32,0.02,-1.0,-0.05,-0.23,-0.79,1.0,242.0,TESTR,AKR-TESTR-<MAC6>,0.0,1.0,0.0,100.0
98820,2,walk,walk,9213,,9213.0,20.0,2.0,6.0,2.0,0.72,-0.007,0.103,0.893,32.0,28.14,0.0,19.0,0.0,0.0,1.29,0.02,-1.0,-0.05,-0.28,-0.8,0.95,242.0,TESTR,AKR-TESTR-<MAC6>,0.0,1.0,0.0,100.0
98820,2,walk,walk,9214,,9214.0,20.0,2.0,6.0,2.0,0.72,-0.007,0.021,0.814,32.0,28.14,0.0,19.0,0.0,0.0,1.25,0.02,-1.0,-0.05,-0.32,-0.8,0.85,242.0,TESTR,AKR-TESTR-<MAC6>,0.0,1.0,0.0,100.0
98840,2,walk,walk,9215,,9215.0,20.0,2.0,6.0,2.0,0.72,-0.007,-0.014,0.733,32.0,28.14,0.0,19.0,0.0,0.0,1.22,0.02,-1.0,-0.05,-0.35,-0.8,0.67,242.0,TESTR,AKR-TESTR-<MAC6>,0.0,1.0,0.0,100.0
98860,2,walk,walk,9216,,9216.0,20.0,2.0,6.0,2.0,0.72,-0.006,-0.064,0.582,32.0,28.14,0.0,19.0,0.0,0.0,1.19,0.02,-1.0,-0.05,-0.36,-0.78,0.42,242.0,TESTR,AKR-TESTR-<MAC6>,0.0,1.0,0.0,100.0
98880,2,walk,walk,9217,,9217.0,20.0,2.0,6.0,2.0,0.72,-0.005,0.112,0.525,32.0,28.14,0.0,19.0,0.0,0.0,1.16,0.02,-1.0,-0.05,-0.36,-0.74,0.1,242.0,TESTR,AKR-TESTR-<MAC6>,0.0,1.0,0.0,100.0
98920,2,walk,walk,9218,,9218.0,20.0,2.0,6.0,2.0,0.72,-0.005,0.108,0.457,32.0,28.14,0.0,19.0,0.0,0.0,1.15,0.02,-1.0,-0.05,-0.34,-0.69,-0.28,242.0,TESTR,AKR-TESTR-<MAC6>,0.0,1.0,0.0,100.0
98920,2,walk,walk,9219,,9219.0,20.0,2.0,6.0,2.0,0.73,-0.004,0.064,0.414,32.0,28.14,0.0,19.0,0.0,0.0,1.15,0.02,-1.0,-0.05,-0.31,-0.64,-0.67,242.0,TESTR,AKR-TESTR-<MAC6>,0.0,1.0,0.0,100.0
98960,2,walk,walk,9220,,9220.0,20.0,2.0,6.0,2.0,0.73,-0.004,-0.054,0.388,32.0,28.14,0.0,19.0,0.0,0.0,1.17,0.02,-1.0,-0.05,-0.29,-0.6,-1.04,242.0,TESTR,AKR-TESTR-<MAC6>,0.0,1.0,0.0,100.0
98980,2,walk,walk,9221,,9221.0,20.0,2.0,6.0,2.0,0.73,-0.004,0.007,0.439,32.0,28.14,0.0,19.0,0.0,0.0,1.21,0.02,-1.0,-0.05,-0.28,-0.57,-1.37,242.0,TESTR,AKR-TESTR-<MAC6>,0.0,1.0,0.0,100.0
98980,2,walk,walk,9222,,9222.0,20.0,2.0,6.0,2.0,0.73,-0.004,0.077,0.48,32.0,28.14,0.0,19.0,0.0,0.0,1.27,0.02,-1.0,-0.05,-0.26,-0.55,-1.66,242.0,TESTR,AKR-TESTR-<MAC6>,0.0,1.0,0.0,100.0
99020,2,walk,walk,9223,,9223.0,20.0,2.0,6.0,2.0,0.73,-0.004,-0.049,0.301,32.0,28.14,0.0,19.0,0.0,0.0,1.33,0.02,-1.0,-0.05,-0.25,-0.53,-1.9,242.0,TESTR,AKR-TESTR-<MAC6>,0.0,1.0,0.0,100.0
99040,2,walk,walk,9224,,9224.0,20.0,2.0,6.0,2.0,0.74,-0.003,0.009,0.34,32.0,28.14,0.0,19.0,0.0,0.0,1.4,0.02,-1.0,-0.05,-0.23,-0.53,-2.1,242.0,TESTR,AKR-TESTR-<MAC6>,0.0,1.0,0.0,100.0
99040,2,walk,walk,9225,,9225.0,20.0,2.0,6.0,2.0,0.75,-0.003,-0.109,0.346,32.0,28.14,0.0,19.0,0.0,0.0,1.47,0.03,-1.0,-0.05,-0.22,-0.52,-2.24,242.0,TESTR,AKR-TESTR-<MAC6>,0.0,1.0,0.0,100.0
99060,2,walk,walk,9226,,9226.0,20.0,2.0,6.0,2.0,0.76,-0.003,0.056,0.272,32.0,28.14,0.0,19.0,0.0,0.0,1.56,0.03,-1.0,-0.05,-0.23,-0.53,-2.32,242.0,TESTR,AKR-TESTR-<MAC6>,0.0,1.0,0.0,100.0
99080,2,walk,walk,9227,,9227.0,20.0,2.0,6.0,2.0,0.78,-0.003,-0.104,0.288,32.0,28.14,0.0,19.0,0.0,0.0,1.66,0.03,-1.0,-0.05,-0.25,-0.56,-2.3,242.0,TESTR,AKR-TESTR-<MAC6>,0.0,1.0,0.0,100.0
99100,2,walk,walk,9228,,9228.0,20.0,2.0,6.0,2.0,0.8,-0.003,0.014,0.344,32.0,28.14,0.0,19.0,0.0,0.0,1.77,0.03,-1.0,-0.05,-0.3,-0.61,-2.18,242.0,TESTR,AKR-TESTR-<MAC6>,0.0,1.0,0.0,100.0
99140,2,walk,walk,9229,,9229.0,20.0,2.0,6.0,2.0,0.83,-0.003,-0.068,0.425,32.0,28.14,0.0,19.0,0.0,0.0,1.87,0.03,-1.0,-0.05,-0.37,-0.69,-1.96,242.0,TESTR,AKR-TESTR-<MAC6>,0.0,1.0,0.0,100.0
99140,2,walk,walk,9230,,9230.0,20.0,2.0,6.0,2.0,0.85,-0.004,0.072,0.486,32.0,28.14,0.0,19.0,0.0,0.0,1.96,0.03,-1.0,-0.05,-0.45,-0.78,-1.67,242.0,TESTR,AKR-TESTR-<MAC6>,0.0,1.0,0.0,100.0
99160,2,walk,walk,9231,,9231.0,20.0,2.0,6.0,2.0,0.89,-0.004,-0.013,0.474,32.0,28.14,0.0,19.0,0.0,0.0,2.03,0.04,-1.0,-0.05,-0.54,-0.89,-1.34,242.0,TESTR,AKR-TESTR-<MAC6>,0.0,1.0,0.0,100.0
99200,2,walk,walk,9232,,9232.0,20.0,2.0,6.0,2.0,0.92,-0.004,0.01,0.466,32.0,28.14,0.0,19.0,0.0,0.0,2.08,0.04,-1.0,-0.05,-0.64,-0.98,-1.02,242.0,TESTR,AKR-TESTR-<MAC6>,0.0,1.0,0.0,100.0
99220,2,walk,walk,9233,,9233.0,20.0,2.0,6.0,2.0,0.96,-0.004,0.037,0.408,32.0,28.14,0.0,19.0,0.0,0.0,2.11,0.04,-1.0,-0.05,-0.75,-1.04,-0.76,242.0,TESTR,AKR-TESTR-<MAC6>,0.0,1.0,0.0,100.0
99220,2,walk,walk,9234,,9234.0,20.0,2.0,6.0,2.0,0.99,-0.004,-0.03,0.278,32.0,28.14,0.0,19.0,0.0,0.0,2.12,0.04,-1.0,-0.05,-0.84,-1.06,-0.59,242.0,TESTR,AKR-TESTR-<MAC6>,0.0,1.0,0.0,100.0
99240,2,walk,walk,9235,,9235.0,20.0,2.0,6.0,2.0,1.03,-0.003,0.028,0.279,32.0,28.14,0.0,19.0,0.0,0.0,2.12,0.04,-1.0,-0.05,-0.92,-1.05,-0.48,242.0,TESTR,AKR-TESTR-<MAC6>,0.0,1.0,0.0,100.0
99260,2,walk,walk,9236,,9236.0,20.0,2.0,6.0,2.0,1.07,-0.003,-0.061,0.315,32.0,28.14,0.0,19.0,0.0,0.0,2.13,0.04,-1.0,-0.05,-0.97,-1.03,-0.39,242.0,TESTR,AKR-TESTR-<MAC6>,0.0,1.0,0.0,100.0
99300,2,walk,walk,9237,,9237.0,20.0,2.0,6.0,2.0,1.11,-0.003,-0.015,0.394,32.0,28.14,0.0,19.0,0.0,0.0,2.15,0.04,-1.0,-0.05,-1.0,-1.01,-0.31,242.0,TESTR,AKR-TESTR-<MAC6>,0.0,1.0,0.0,100.0
99300,2,walk,walk,9238,,9238.0,20.0,2.0,6.0,2.0,1.15,-0.003,-0.07,0.334,32.0,28.14,0.0,19.0,0.0,0.0,2.17,0.04,-1.0,-0.05,-1.01,-1.02,-0.2,242.0,TESTR,AKR-TESTR-<MAC6>,0.0,1.0,0.0,100.0
99320,2,walk,walk,9239,,9239.0,20.0,2.0,6.0,2.0,1.18,-0.003,-0.087,0.383,32.0,28.14,0.0,19.0,0.0,0.0,2.19,0.04,-1.0,-0.05,-1.01,-1.04,-0.07,242.0,TESTR,AKR-TESTR-<MAC6>,0.0,1.0,0.0,100.0
99340,2,walk,walk,9240,,9240.0,20.0,2.0,6.0,2.0,1.22,-0.003,0.037,0.403,32.0,28.14,0.0,19.0,0.0,0.0,2.2,0.04,-1.0,-0.05,-1.0,-1.06,0.03,242.0,TESTR,AKR-TESTR-<MAC6>,0.0,1.0,0.0,100.0
99360,2,walk,walk,9241,,9241.0,20.0,2.0,6.0,2.0,1.26,-0.003,0.142,0.333,32.0,28.14,0.0,19.0,0.0,0.0,2.18,0.04,-1.0,-0.05,-0.99,-1.05,0.06,242.0,TESTR,AKR-TESTR-<MAC6>,0.0,1.0,0.0,100.0
99380,2,walk,walk,9242,,9242.0,20.0,2.0,6.0,2.0,1.29,-0.003,0.029,0.229,32.0,28.14,0.0,19.0,0.0,0.0,2.15,0.04,-1.0,-0.05,-0.97,-1.01,-0.01,242.0,TESTR,AKR-TESTR-<MAC6>,0.0,1.0,0.0,100.0
99400,2,walk,walk,9243,,9243.0,20.0,2.0,6.0,2.0,1.32,-0.002,0.022,0.1,32.0,28.14,0.0,19.0,0.0,0.0,2.12,0.04,-1.0,-0.06,-0.92,-0.92,-0.18,242.0,TESTR,AKR-TESTR-<MAC6>,0.0,1.0,0.0,100.0
99420,2,walk,walk,9244,,9244.0,20.0,2.0,6.0,2.0,1.35,-0.001,-0.013,0.088,32.0,28.14,0.0,19.0,0.0,0.0,2.1,0.04,-1.0,-0.06,-0.83,-0.81,-0.4,242.0,TESTR,AKR-TESTR-<MAC6>,0.0,1.0,0.0,100.0
99460,2,walk,walk,9245,,9245.0,20.0,2.0,6.0,2.0,1.37,-0.001,0.029,0.078,32.0,28.14,0.0,19.0,0.0,0.0,2.11,0.04,-1.0,-0.06,-0.71,-0.69,-0.64,242.0,TESTR,AKR-TESTR-<MAC6>,0.0,1.0,0.0,100.0
99480,2,walk,walk,9246,,9246.0,20.0,2.0,6.0,2.0,1.4,-0.001,-0.017,0.114,32.0,28.14,0.0,19.0,0.0,0.0,2.14,0.04,-1.0,-0.06,-0.56,-0.59,-0.81,242.0,TESTR,AKR-TESTR-<MAC6>,0.0,1.0,0.0,100.0
99480,2,walk,walk,9247,,9247.0,20.0,2.0,6.0,2.0,1.42,-0.002,-0.028,0.238,32.0,28.14,0.0,19.0,0.0,0.0,2.2,0.04,-1.0,-0.06,-0.41,-0.53,-0.88,242.0,TESTR,AKR-TESTR-<MAC6>,0.0,1.0,0.0,100.0
99500,2,walk,walk,9248,,9248.0,20.0,2.0,6.0,2.0,1.45,-0.002,-0.127,0.308,32.0,28.14,0.0,19.0,0.0,0.0,2.26,0.04,-1.0,-0.06,-0.27,-0.52,-0.83,242.0,TESTR,AKR-TESTR-<MAC6>,0.0,1.0,0.0,100.0
99520,2,walk,walk,9249,,9249.0,20.0,2.0,6.0,2.0,1.47,-0.002,-0.029,0.295,32.0,28.14,0.0,19.0,0.0,0.0,2.31,0.04,-1.0,-0.06,-0.16,-0.54,-0.67,242.0,TESTR,AKR-TESTR-<MAC6>,0.0,1.0,0.0,100.0
99540,2,walk,walk,9250,,9250.0,20.0,2.0,6.0,2.0,1.49,-0.002,0.014,0.289,32.0,28.14,0.0,19.0,0.0,0.0,2.35,0.04,-1.0,-0.06,-0.06,-0.59,-0.45,242.0,TESTR,AKR-TESTR-<MAC6>,0.0,1.0,0.0,100.0
99560,2,walk,walk,9251,,9251.0,20.0,2.0,6.0,2.0,1.52,-0.002,-0.068,0.243,32.0,28.14,0.0,19.0,0.0,0.0,2.38,0.04,-1.0,-0.06,0.02,-0.64,-0.22,242.0,TESTR,AKR-TESTR-<MAC6>,0.0,1.0,0.0,100.0
99580,2,walk,walk,9252,,9252.0,20.0,2.0,6.0,2.0,1.54,-0.002,0.045,0.184,32.0,28.14,0.0,19.0,0.0,0.0,2.38,0.04,-1.0,-0.06,0.08,-0.67,-0.05,242.0,TESTR,AKR-TESTR-<MAC6>,0.0,1.0,0.0,100.0
99620,2,walk,walk,9253,,9253.0,20.0,2.0,6.0,2.0,1.56,-0.002,-0.037,0.201,32.0,28.14,0.0,19.0,0.0,0.0,2.37,0.04,-1.0,-0.06,0.1,-0.66,0.05,242.0,TESTR,AKR-TESTR-<MAC6>,0.0,1.0,0.0,100.0
99620,2,walk,walk,9254,,9254.0,20.0,2.0,6.0,2.0,1.58,-0.002,-0.005,0.118,32.0,28.14,0.0,19.0,0.0,0.0,2.35,0.04,-1.0,-0.06,0.1,-0.61,0.05,242.0,TESTR,AKR-TESTR-<MAC6>,0.0,1.0,0.0,100.0
99660,2,walk,walk,9255,,9255.0,20.0,2.0,6.0,2.0,1.6,-0.001,0.117,0.107,32.0,28.14,0.0,19.0,0.0,0.0,2.34,0.04,-1.0,-0.06,0.09,-0.55,-0.03,242.0,TESTR,AKR-TESTR-<MAC6>,0.0,1.0,0.0,100.0
99680,2,walk,walk,9256,,9256.0,20.0,2.0,6.0,2.0,1.62,-0.001,0.105,0.093,32.0,28.14,0.0,19.0,0.0,0.0,2.33,0.04,-1.0,-0.06,0.07,-0.47,-0.19,242.0,TESTR,AKR-TESTR-<MAC6>,0.0,1.0,0.0,100.0
99680,2,walk,walk,9257,,9257.0,20.0,2.0,6.0,2.0,1.64,-0.001,0.065,0.092,32.0,28.14,0.0,19.0,0.0,0.0,2.34,0.04,-1.0,-0.06,0.07,-0.4,-0.39,242.0,TESTR,AKR-TESTR-<MAC6>,0.0,1.0,0.0,100.0
99700,2,walk,walk,9258,,9258.0,20.0,2.0,6.0,2.0,1.66,-0.001,-0.07,0.064,32.0,28.14,0.0,19.0,0.0,0.0,2.36,0.04,-1.0,-0.06,0.07,-0.32,-0.61,242.0,TESTR,AKR-TESTR-<MAC6>,0.0,1.0,0.0,100.0
99720,2,walk,walk,9259,,9259.0,20.0,2.0,6.0,2.0,1.68,-0.001,-0.034,0.1,32.0,28.14,0.0,19.0,0.0,0.0,2.4,0.04,-1.0,-0.06,0.08,-0.27,-0.82,242.0,TESTR,AKR-TESTR-<MAC6>,0.0,1.0,0.0,100.0
99760,2,walk,walk,9260,,9260.0,20.0,2.0,6.0,2.0,1.7,-0.001,-0.028,0.067,32.0,28.14,0.0,19.0,0.0,0.0,2.44,0.04,-1.0,-0.06,0.11,-0.23,-0.98,242.0,TESTR,AKR-TESTR-<MAC6>,0.0,1.0,0.0,100.0
99800,2,walk,walk,9261,,9261.0,20.0,2.0,6.0,2.0,1.72,-0.001,-0.022,0.058,32.0,28.14,0.0,19.0,0.0,0.0,2.5,0.04,-1.0,-0.06,0.15,-0.2,-1.09,243.0,TESTR,AKR-TESTR-<MAC6>,0.0,1.0,0.0,100.0
99800,2,walk,walk,9262,,9262.0,20.0,2.0,6.0,2.0,1.74,-0.001,0.091,0.049,32.0,28.14,0.0,19.0,0.0,0.0,2.55,0.04,-1.0,-0.06,0.2,-0.2,-1.13,243.0,TESTR,AKR-TESTR-<MAC6>,0.0,1.0,0.0,100.0
99840,2,walk,walk,9263,,9263.0,20.0,2.0,6.0,2.0,1.76,-0.001,-0.025,0.09,32.0,28.14,0.0,19.0,0.0,0.0,2.61,0.05,-1.0,-0.06,0.25,-0.2,-1.11,243.0,TESTR,AKR-TESTR-<MAC6>,0.0,1.0,0.0,100.0
99840,2,walk,walk,9264,,9264.0,20.0,2.0,6.0,2.0,1.78,-0.001,0.107,0.077,32.0,28.14,0.0,19.0,0.0,0.0,2.66,0.05,-1.0,-0.06,0.29,-0.23,-1.04,243.0,TESTR,AKR-TESTR-<MAC6>,0.0,1.0,0.0,100.0
99840,2,walk,walk,9265,,9265.0,20.0,2.0,6.0,2.0,1.8,-0.001,0.028,0.058,32.0,28.14,0.0,19.0,0.0,0.0,2.7,0.05,-1.0,-0.06,0.32,-0.26,-0.95,243.0,TESTR,AKR-TESTR-<MAC6>,0.0,1.0,0.0,100.0
99860,2,walk,walk,9266,,9266.0,20.0,2.0,6.0,2.0,1.82,-0.001,0.001,0.051,32.0,28.14,0.0,19.0,0.0,0.0,2.73,0.05,-1.0,-0.06,0.34,-0.29,-0.84,243.0,TESTR,AKR-TESTR-<MAC6>,0.0,1.0,0.0,100.0
99900,2,walk,walk,9267,,9267.0,20.0,2.0,6.0,2.0,1.85,-0.001,-0.048,0.072,32.0,28.14,0.0,19.0,0.0,0.0,2.75,0.05,-1.0,-0.06,0.37,-0.31,-0.75,243.0,TESTR,AKR-TESTR-<MAC6>,0.0,1.0,0.0,100.0
99920,2,walk,walk,9268,,9268.0,20.0,2.0,6.0,2.0,1.87,-0.001,0.013,0.091,32.0,28.14,0.0,19.0,0.0,0.0,2.77,0.05,-1.0,-0.06,0.42,-0.33,-0.67,243.0,TESTR,AKR-TESTR-<MAC6>,0.0,1.0,0.0,100.0
99920,2,walk,walk,9269,,9269.0,20.0,2.0,6.0,2.0,1.9,-0.001,0.04,0.079,32.0,28.14,0.0,19.0,0.0,0.0,2.8,0.05,-1.0,-0.06,0.47,-0.34,-0.58,243.0,TESTR,AKR-TESTR-<MAC6>,0.0,1.0,0.0,100.0
99940,2,walk,walk,9270,,9270.0,20.0,2.0,6.0,2.0,1.92,-0.001,-0.087,0.095,32.0,28.14,0.0,19.0,0.0,0.0,2.84,0.05,-1.0,-0.06,0.54,-0.34,-0.47,243.0,TESTR,AKR-TESTR-<MAC6>,0.0,1.0,0.0,100.0
99980,2,walk,walk,9271,,9271.0,20.0,2.0,6.0,2.0,1.95,-0.001,-0.006,0.084,32.0,28.14,0.0,19.0,0.0,0.0,2.88,0.05,-1.0,-0.06,0.62,-0.36,-0.31,243.0,TESTR,AKR-TESTR-<MAC6>,0.0,1.0,0.0,100.0
100020,2,walk,walk,9272,,9272.0,20.0,2.0,6.0,2.0,1.98,-0.001,-0.029,0.154,32.0,28.14,0.0,19.0,0.0,0.0,2.92,0.05,-1.0,-0.06,0.69,-0.4,-0.1,243.0,TESTR,AKR-TESTR-<MAC6>,0.0,1.0,0.0,100.0
100020,2,walk,walk,9273,,9273.0,20.0,2.0,6.0,2.0,2.0,-0.001,-0.026,0.094,32.0,28.14,0.0,19.0,0.0,0.0,2.94,0.05,-1.0,-0.06,0.74,-0.47,0.13,243.0,TESTR,AKR-TESTR-<MAC6>,0.0,1.0,0.0,100.0
100020,2,walk,walk,9274,,9274.0,20.0,2.0,6.0,2.0,2.03,-0.001,-0.034,0.104,32.0,28.14,0.0,19.0,0.0,0.0,2.95,0.05,-1.0,-0.06,0.78,-0.54,0.35,243.0,TESTR,AKR-TESTR-<MAC6>,0.0,1.0,0.0,100.0
100060,2,walk,walk,9275,,9275.0,20.0,2.0,6.0,2.0,2.05,-0.001,-0.003,0.114,32.0,28.14,0.0,19.0,0.0,0.0,2.94,0.05,-1.0,-0.06,0.79,-0.62,0.52,243.0,TESTR,AKR-TESTR-<MAC6>,0.0,1.0,0.0,100.0
100080,2,walk,walk,9276,,9276.0,20.0,2.0,6.0,2.0,2.08,-0.001,-0.057,0.094,32.0,28.14,0.0,19.0,0.0,0.0,2.91,0.05,-1.0,-0.06,0.79,-0.7,0.61,243.0,TESTR,AKR-TESTR-<MAC6>,0.0,1.0,0.0,100.0
100100,2,walk,walk,9277,,9277.0,20.0,2.0,6.0,2.0,2.1,-0.001,0.052,0.068,32.0,28.14,0.0,19.0,0.0,0.0,2.88,0.05,-1.0,-0.06,0.76,-0.76,0.61,243.0,TESTR,AKR-TESTR-<MAC6>,0.0,1.0,0.0,100.0
100100,2,walk,walk,9278,,9278.0,20.0,2.0,6.0,2.0,2.12,-0.001,-0.104,0.044,32.0,28.14,0.0,19.0,0.0,0.0,2.85,0.05,-1.0,-0.06,0.72,-0.81,0.52,243.0,TESTR,AKR-TESTR-<MAC6>,0.0,1.0,0.0,100.0
100140,2,walk,walk,9279,,9279.0,20.0,2.0,6.0,2.0,2.14,-0.001,0.025,0.012,32.0,28.14,0.0,19.0,0.0,0.0,2.81,0.05,-1.0,-0.06,0.69,-0.83,0.36,243.0,TESTR,AKR-TESTR-<MAC6>,0.0,1.0,0.0,100.0
100140,2,walk,walk,9280,,9280.0,20.0,2.0,6.0,2.0,2.16,0.0,-0.002,0.004,32.0,28.14,0.0,19.0,0.0,0.0,2.79,0.05,-1.0,-0.06,0.66,-0.83,0.13,243.0,TESTR,AKR-TESTR-<MAC6>,0.0,1.0,0.0,100.0
100160,2,walk,walk,9281,,9281.0,20.0,2.0,6.0,2.0,2.17,0.0,0.006,-0.069,32.0,28.14,0.0,19.0,0.0,0.0,2.78,0.05,-1.0,-0.06,0.64,-0.8,-0.13,243.0,TESTR,AKR-TESTR-<MAC6>,0.0,1.0,0.0,100.0
100180,2,walk,walk,9282,,9282.0,20.0,2.0,6.0,2.0,2.19,0.0,0.062,-0.05,32.0,28.14,0.0,19.0,0.0,0.0,2.79,0.05,-1.0,-0.06,0.64,-0.77,-0.39,243.0,TESTR,AKR-TESTR-<MAC6>,0.0,1.0,0.0,100.0
100220,2,walk,walk,9283,,9283.0,20.0,2.0,6.0,2.0,2.2,0.0,0.007,-0.038,32.0,28.14,0.0,19.0,0.0,0.0,2.82,0.05,-1.0,-0.06,0.65,-0.74,-0.6,243.0,TESTR,AKR-TESTR-<MAC6>,0.0,1.0,0.0,100.0
100220,2,walk,walk,9284,,9284.0,20.0,2.0,6.0,2.0,2.22,0.0,-0.005,-0.03,32.0,28.14,0.0,19.0,0.0,0.0,2.88,0.05,-1.0,-0.06,0.66,-0.74,-0.73,243.0,TESTR,AKR-TESTR-<MAC6>,0.0,1.0,0.0,100.0
100240,2,walk,walk,9285,,9285.0,20.0,2.0,6.0,2.0,2.23,0.0,0.04,-0.001,32.0,28.14,0.0,19.0,0.0,0.0,2.95,0.05,-1.0,-0.06,0.66,-0.77,-0.77,243.0,TESTR,AKR-TESTR-<MAC6>,0.0,1.0,0.0,100.0
100280,2,walk,walk,9286,,9286.0,20.0,2.0,6.0,2.0,2.24,-0.001,-0.026,0.07,32.0,28.14,0.0,19.0,0.0,0.0,3.01,0.05,-1.0,-0.06,0.63,-0.83,-0.72,243.0,TESTR,AKR-TESTR-<MAC6>,0.0,1.0,0.0,100.0
100280,2,walk,walk,9287,,9287.0,20.0,2.0,6.0,2.0,2.26,-0.001,-0.002,0.012,32.0,28.14,0.0,19.0,0.0,0.0,3.08,0.05,-1.0,-0.05,0.59,-0.92,-0.61,243.0,TESTR,AKR-TESTR-<MAC6>,0.0,1.0,0.0,100.0
100300,2,walk,walk,9288,,9288.0,20.0,2.0,6.0,2.0,2.27,-0.001,0.06,0.053,32.0,28.14,0.0,19.0,0.0,0.0,3.13,0.05,-1.0,-0.05,0.54,-1.01,-0.44,243.0,TESTR,AKR-TESTR-<MAC6>,0.0,1.0,0.0,100.0
100340,2,walk,walk,9289,,9289.0,20.0,2.0,6.0,2.0,2.28,-0.001,0.044,0.039,32.0,28.14,0.0,19.0,0.0,0.0,3.17,0.06,-1.0,-0.05,0.47,-1.1,-0.24,243.0,TESTR,AKR-TESTR-<MAC6>,0.0,1.0,0.0,100.0
100340,2,walk,walk,9290,,9290.0,20.0,2.0,6.0,2.0,2.3,-0.001,0.014,0.1,32.0,28.14,0.0,19.0,0.0,0.0,3.2,0.06,-1.0,-0.05,0.4,-1.19,-0.02,243.0,TESTR,AKR-TESTR-<MAC6>,0.0,1.0,0.0,100.0
100400,2,walk,walk,9291,,9291.0,20.0,2.0,6.0,2.0,2.32,-0.001,-0.068,0.103,32.0,28.14,0.0,19.0,0.0,0.0,3.22,0.06,-1.0,-0.05,0.34,-1.26,0.2,243.0,TESTR,AKR-TESTR-<MAC6>,0.0,1.0,0.0,100.0
100420,2,walk,walk,9292,,9292.0,20.0,2.0,6.0,2.0,2.33,-0.001,-0.005,0.086,32.0,28.14,0.0,19.0,0.0,0.0,3.23,0.06,-1.0,-0.05,0.3,-1.34,0.42,243.0,TESTR,AKR-TESTR-<MAC6>,0.0,1.0,0.0,100.0
100420,2,walk,walk,9293,,9293.0,20.0,2.0,6.0,2.0,2.35,-0.001,-0.081,0.178,32.0,28.14,0.0,19.0,0.0,0.0,3.24,0.06,-1.0,-0.05,0.27,-1.41,0.66,243.0,TESTR,AKR-TESTR-<MAC6>,0.0,1.0,0.0,100.0
100420,2,walk,walk,9294,,9294.0,20.0,2.0,6.0,2.0,2.37,-0.002,0.062,0.158,32.0,28.14,0.0,19.0,0.0,0.0,3.24,0.06,-1.0,-0.05,0.27,-1.48,0.9,243.0,TESTR,AKR-TESTR-<MAC6>,0.0,1.0,0.0,100.0
100460,2,walk,walk,9295,,9295.0,20.0,2.0,6.0,2.0,2.38,-0.002,0.034,0.227,32.0,28.14,0.0,19.0,0.0,0.0,3.25,0.06,-1.0,-0.05,0.27,-1.57,1.15,243.0,TESTR,AKR-TESTR-<MAC6>,0.0,1.0,0.0,100.0
100460,2,walk,walk,9296,,9296.0,20.0,2.0,6.0,2.0,2.4,-0.002,-0.009,0.261,32.0,28.14,0.0,19.0,0.0,0.0,3.24,0.06,-1.0,-0.05,0.27,-1.66,1.42,243.0,TESTR,AKR-TESTR-<MAC6>,0.0,1.0,0.0,100.0
100480,2,walk,walk,9297,,9297.0,20.0,2.0,6.0,2.0,2.41,-0.003,0.069,0.33,32.0,28.14,0.0,19.0,0.0,0.0,3.24,0.06,-1.0,-0.05,0.27,-1.77,1.7,243.0,TESTR,AKR-TESTR-<MAC6>,0.0,1.0,0.0,100.0
100500,2,walk,walk,9298,,9298.0,20.0,2.0,6.0,2.0,2.42,-0.004,-0.17,0.465,32.0,28.14,0.0,19.0,0.0,0.0,3.22,0.06,-1.0,-0.05,0.27,-1.88,1.99,243.0,TESTR,AKR-TESTR-<MAC6>,0.0,1.0,0.0,100.0
100540,2,walk,walk,9299,,9299.0,20.0,2.0,6.0,2.0,2.43,-0.004,-0.075,0.554,32.0,28.14,0.0,19.0,0.0,0.0,3.2,0.06,-1.0,-0.05,0.28,-1.97,2.28,243.0,TESTR,AKR-TESTR-<MAC6>,0.0,1.0,0.0,100.0
100540,2,walk,walk,9300,,9300.0,20.0,2.0,6.0,2.0,2.44,-0.005,-0.069,0.663,32.0,28.14,0.0,19.0,0.0,0.0,3.17,0.06,-1.0,-0.05,0.27,-2.05,2.59,243.0,TESTR,AKR-TESTR-<MAC6>,0.0,1.0,0.0,100.0
100580,2,walk,walk,9301,,9301.0,20.0,2.0,6.0,2.0,2.44,-0.006,-0.061,0.711,32.0,28.14,0.0,19.0,0.0,0.0,3.14,0.05,-1.0,-0.05,0.25,-2.12,2.89,243.0,TESTR,AKR-TESTR-<MAC6>,0.0,1.0,0.0,100.0
100600,2,walk,walk,9302,,9302.0,20.0,2.0,6.0,2.0,2.45,-0.006,-0.057,0.771,32.0,28.14,0.0,19.0,0.0,0.0,3.1,0.05,-1.0,-0.05,0.21,-2.19,3.2,243.0,TESTR,AKR-TESTR-<MAC6>,0.0,1.0,0.0,100.0
100600,2,walk,walk,9303,,9303.0,20.0,2.0,6.0,2.0,2.44,-0.007,-0.014,0.845,32.0,28.14,0.0,19.0,0.0,0.0,3.06,0.05,-1.0,-0.05,0.16,-2.27,3.53,243.0,TESTR,AKR-TESTR-<MAC6>,0.0,1.0,0.0,100.0
100640,2,walk,walk,9304,,9304.0,20.0,2.0,6.0,2.0,2.44,-0.008,-0.113,0.991,32.0,28.14,0.0,19.0,0.0,0.0,3.02,0.05,-1.0,-0.05,0.1,-2.35,3.88,243.0,TESTR,AKR-TESTR-<MAC6>,0.0,1.0,0.0,100.0
100660,2,walk,walk,9305,,9305.0,20.0,2.0,6.0,2.0,2.42,-0.009,-0.083,1.172,32.0,28.14,0.0,19.0,0.0,0.0,2.98,0.05,-1.0,-0.05,0.06,-2.45,4.27,243.0,TESTR,AKR-TESTR-<MAC6>,0.0,1.0,0.0,100.0
100660,2,walk,walk,9306,,9306.0,20.0,2.0,6.0,2.0,2.41,-0.011,-0.117,1.385,32.0,28.11,0.0,19.0,0.0,0.0,2.95,0.05,-1.0,-0.05,0.03,-2.56,4.73,243.0,TESTR,AKR-TESTR-<MAC6>,0.0,1.0,0.0,100.0
100720,2,walk,walk,9307,,9307.0,20.0,2.0,6.0,2.0,2.39,-0.013,-0.096,1.645,32.0,28.11,0.0,19.0,0.0,0.0,2.91,0.05,-1.0,-0.06,0.05,-2.7,5.27,243.0,TESTR,AKR-TESTR-<MAC6>,0.0,1.0,0.0,100.0
100720,2,walk,walk,9308,,9308.0,20.0,2.0,6.0,2.0,2.36,-0.015,-0.126,1.912,32.0,28.11,0.0,19.0,0.0,0.0,2.87,0.05,-1.0,-0.06,0.09,-2.86,5.9,243.0,TESTR,AKR-TESTR-<MAC6>,0.0,1.0,0.0,100.0
100720,2,walk,walk,9309,,9309.0,20.0,0.0,6.0,2.0,2.33,-0.017,-0.126,2.118,32.0,28.07,0.0,17.0,0.0,0.0,2.8,0.05,-1.0,-0.06,0.16,-3.05,6.63,243.0,TESTR,AKR-TESTR-<MAC6>,0.0,1.0,0.0,100.0
100720,2,walk,walk,9310,,9310.0,20.0,1.0,6.0,2.0,2.3,-0.019,-0.1,2.368,32.0,28.07,0.0,18.0,0.0,0.0,2.7,0.05,-1.0,-0.06,0.24,-3.26,7.41,243.0,TESTR,AKR-TESTR-<MAC6>,0.0,1.0,0.0,100.0
100780,2,walk,walk,9311,,9311.0,20.0,1.0,6.0,2.0,2.25,-0.021,-0.08,2.557,32.0,28.04,0.0,18.0,0.0,0.0,2.56,0.04,-1.0,-0.06,0.34,-3.47,8.18,244.0,TESTR,AKR-TESTR-<MAC6>,0.0,1.0,0.0,100.0
100780,2,walk,walk,9312,,9312.0,20.0,1.0,6.0,2.0,2.2,-0.022,-0.099,2.68,32.0,28.04,0.0,18.0,0.0,0.0,2.37,0.04,-1.0,-0.06,0.47,-3.64,8.85,244.0,TESTR,AKR-TESTR-<MAC6>,0.0,1.0,0.0,100.0
100780,2,walk,walk,9313,,9313.0,20.0,1.0,6.0,2.0,2.14,-0.023,-0.073,2.72,32.0,28.04,0.0,18.0,0.0,0.0,2.14,0.04,-1.0,-0.06,0.62,-3.76,9.37,244.0,TESTR,AKR-TESTR-<MAC6>,0.0,1.0,0.0,100.0
100820,2,walk,walk,9314,,9314.0,20.0,1.0,6.0,2.0,2.08,-0.023,0.002,2.712,32.0,28.04,0.0,18.0,0.0,0.0,1.89,0.03,-1.0,-0.06,0.78,-3.82,9.68,244.0,TESTR,AKR-TESTR-<MAC6>,0.0,1.0,0.0,100.0
100840,2,walk,walk,9315,,9315.0,20.0,1.0,6.0,2.0,2.0,-0.023,-0.037,2.723,32.0,28.04,0.0,18.0,0.0,0.0,1.62,0.03,-1.0,-0.06,0.95,-3.83,9.78,244.0,TESTR,AKR-TESTR-<MAC6>,0.0,1.0,0.0,100.0
100860,2,walk,walk,9316,,9316.0,20.0,1.0,6.0,2.0,1.92,-0.023,-0.07,2.749,32.0,28.0,0.0,18.0,0.0,0.0,1.35,0.02,-1.0,-0.06,1.13,-3.8,9.68,244.0,TESTR,AKR-TESTR-<MAC6>,0.0,1.0,0.0,100.0
100880,2,walk,walk,9317,,9317.0,20.0,1.0,6.0,2.0,1.82,-0.023,-0.015,2.732,32.0,28.04,0.0,18.0,0.0,0.0,1.08,0.02,-1.0,-0.06,1.34,-3.73,9.39,244.0,TESTR,AKR-TESTR-<MAC6>,0.0,1.0,0.0,100.0
100900,2,walk,walk,9318,,9318.0,20.0,1.0,6.0,2.0,1.72,-0.023,0.01,2.703,32.0,28.04,0.0,18.0,0.0,0.0,0.8,0.01,-1.0,-0.06,1.62,-3.61,8.88,244.0,TESTR,AKR-TESTR-<MAC6>,0.0,1.0,0.0,100.0
100940,2,walk,walk,9319,,9319.0,20.0,1.0,6.0,2.0,1.61,-0.022,0.036,2.622,32.0,28.04,0.0,18.0,0.0,0.0,0.52,0.01,-1.01,-0.06,1.97,-3.42,8.14,244.0,TESTR,AKR-TESTR-<MAC6>,0.0,1.0,0.0,100.0
100940,2,walk,walk,9320,,9320.0,20.0,1.0,6.0,2.0,1.49,-0.021,0.054,2.441,32.0,28.04,0.0,18.0,0.0,0.0,0.25,0.0,-1.01,-0.06,2.38,-3.15,7.16,244.0,TESTR,AKR-TESTR-<MAC6>,0.0,1.0,0.0,100.0
100960,2,walk,walk,9321,,9321.0,20.0,1.0,6.0,2.0,1.36,-0.019,0.138,2.167,32.0,28.07,0.0,18.0,0.0,0.0,0.0,0.0,-1.01,-0.06,2.85,-2.81,5.92,244.0,TESTR,AKR-TESTR-<MAC6>,0.0,1.0,0.0,100.0
100960,2,walk,walk,9322,,9322.0,20.0,1.0,6.0,2.0,1.23,-0.017,0.13,1.963,32.0,28.07,0.0,18.0,0.0,0.0,-0.22,0.0,-1.01,-0.06,3.39,-2.38,4.44,244.0,TESTR,AKR-TESTR-<MAC6>,0.0,1.0,0.0,100.0
101000,2,walk,walk,9323,,9323.0,20.0,1.0,6.0,2.0,1.1,-0.015,0.14,1.707,32.0,28.07,0.0,18.0,0.0,0.0,-0.41,-0.01,-1.01,-0.05,4.0,-1.89,2.73,244.0,TESTR,AKR-TESTR-<MAC6>,0.0,1.0,0.0,100.0
101020,2,walk,walk,9324,,9324.0,20.0,1.0,6.0,2.0,0.97,-0.012,0.197,1.401,32.0,28.11,0.0,18.0,0.0,0.0,-0.55,-0.01,-1.01,-0.05,4.61,-1.31,0.79,244.0,TESTR,AKR-TESTR-<MAC6>,0.0,1.0,0.0,100.0
101020,2,walk,walk,9325,,9325.0,20.0,1.0,6.0,2.0,0.83,-0.01,0.117,1.036,32.0,28.14,0.0,18.0,0.0,0.0,-0.63,-0.01,-1.01,-0.05,5.17,-0.6,-1.34,244.0,TESTR,AKR-TESTR-<MAC6>,0.0,1.0,0.0,100.0
101060,2,walk,walk,9326,,9326.0,20.0,1.0,6.0,2.0,0.71,-0.007,0.101,0.818,32.0,28.14,0.0,18.0,0.0,0.0,-0.6,-0.01,-1.01,-0.06,5.45,0.58,-3.6,244.0,TESTR,AKR-TESTR-<MAC6>,0.0,1.0,0.0,100.0
101080,2,walk,walk,9327,,9327.0,20.0,1.0,6.0,2.0,0.59,-0.007,-0.053,0.81,32.0,28.14,0.0,18.0,0.0,0.0,-0.44,-0.01,-1.01,-0.06,5.26,2.76,-5.82,244.0,TESTR,AKR-TESTR-<MAC6>,0.0,1.0,0.0,100.0
101120,2,walk,walk,9328,,9328.0,20.0,1.0,6.0,2.0,0.48,-0.007,-0.005,0.896,32.0,28.14,0.0,18.0,0.0,0.0,-0.18,0.0,-1.01,-0.07,4.46,6.49,-7.85,244.0,TESTR,AKR-TESTR-<MAC6>,0.0,1.0,0.0,100.0
101140,2,walk,walk,9329,,9329.0,20.0,1.0,6.0,2.0,0.38,-0.008,-0.1,1.021,32.0,28.14,0.0,18.0,0.0,0.0,0.14,0.0,-1.02,-0.08,2.98,12.19,-9.51,244.0,TESTR,AKR-TESTR-<MAC6>,0.0,1.0,0.0,100.0
101140,2,walk,walk,9330,,9330.0,20.0,1.0,6.0,2.0,0.31,-0.009,-0.08,1.114,32.0,28.11,0.0,18.0,0.0,0.0,0.48,0.01,-1.01,-0.09,0.76,20.23,-10.62,244.0,TESTR,AKR-TESTR-<MAC6>,0.0,1.0,0.0,100.0
101140,2,walk,walk,9331,,9331.0,20.0,1.0,6.0,2.0,0.25,-0.01,-0.01,1.114,32.0,28.11,0.0,18.0,0.0,0.0,0.73,0.01,-1.01,-0.1,-2.22,30.79,-10.95,244.0,TESTR,AKR-TESTR-<MAC6>,0.0,1.0,0.0,100.0
101200,2,walk,walk,9332,,9332.0,20.0,1.0,6.0,2.0,0.22,-0.009,0.038,1.062,32.0,28.14,0.0,18.0,0.0,0.0,0.75,0.01,-1.01,-0.11,-5.94,43.6,-10.23,244.0,TESTR,AKR-TESTR-<MAC6>,0.0,1.0,0.0,100.0
101200,2,walk,walk,9333,,9333.0,20.0,1.0,6.0,2.0,0.2,-0.009,0.061,0.982,32.0,28.14,0.0,18.0,0.0,0.0,0.34,0.01,-1.01,-0.12,-10.17,57.76,-8.33,244.0,TESTR,AKR-TESTR-<MAC6>,0.0,1.0,0.0,100.0
101200,2,walk,walk,9334,,9334.0,20.0,1.0,6.0,2.0,0.21,-0.008,0.081,0.904,32.0,28.14,0.0,18.0,0.0,0.0,-0.62,-0.01,-1.01,-0.13,-14.51,71.8,-5.29,244.0,TESTR,AKR-TESTR-<MAC6>,0.0,1.0,0.0,100.0
101260,2,walk,walk,9335,,9335.0,20.0,1.0,6.0,2.0,0.24,-0.007,0.076,0.814,32.0,28.14,0.0,18.0,0.0,0.0,-2.14,-0.04,-1.01,-0.13,-18.51,84.03,-1.36,244.0,TESTR,AKR-TESTR-<MAC6>,0.0,1.0,0.0,100.0
101260,2,walk,walk,9336,,9336.0,20.0,1.0,6.0,2.0,0.28,-0.007,0.014,0.756,32.0,28.14,0.0,18.0,0.0,0.0,-4.1,-0.07,-1.01,-0.13,-21.78,92.95,3.15,244.0,TESTR,AKR-TESTR-<MAC6>,0.0,1.0,0.0,100.0
101260,2,walk,walk,9337,,9337.0,20.0,1.0,6.0,2.0,0.33,-0.007,-0.014,0.727,32.0,28.14,0.0,18.0,0.0,0.0,-6.31,-0.11,-1.02,-0.13,-24.12,97.57,7.89,244.0,TESTR,AKR-TESTR-<MAC6>,0.0,1.0,0.0,100.0
101320,2,walk,walk,9338,,9338.0,20.0,1.0,1.0,5.0,0.38,-0.006,-0.005,0.717,32.0,28.14,0.0,18.0,0.0,1.0,-8.52,-0.15,-1.02,-0.12,-25.41,97.59,12.55,244.0,TESTR,AKR-TESTR-<MAC6>,0.0,1.0,0.0,100.0
101340,2,walk,walk,9339,,9339.0,20.0,0.0,1.0,6.0,0.42,-0.006,-0.007,0.676,32.0,28.07,0.0,19.0,0.0,1.0,-10.49,-0.19,-1.03,-0.11,-25.58,93.22,16.64,244.0,TESTR,AKR-TESTR-<MAC6>,0.0,1.0,0.0,100.0
101340,2,walk,walk,9340,,9340.0,20.0,0.0,1.0,6.0,0.44,0.031,3.321,1.702,32.0,28.0,0.0,19.0,0.0,1.0,-12.04,-0.22,-1.03,-0.1,-24.69,85.31,19.81,244.0,TESTR,AKR-TESTR-<MAC6>,0.0,1.0,0.0,100.0
101380,2,walk,walk,9341,,9341.0,20.0,0.0,1.0,6.0,0.43,0.078,2.99,2.199,32.0,27.97,0.0,19.0,0.0,1.0,-13.07,-0.24,-1.04,-0.09,-22.92,75.15,21.96,244.0,TESTR,AKR-TESTR-<MAC6>,0.0,1.0,0.0,100.0
101380,2,walk,walk,9342,,9342.0,20.0,0.0,1.0,6.0,0.38,0.117,2.399,2.715,32.0,27.9,0.0,19.0,0.0,1.0,-13.54,-0.25,-1.04,-0.08,-20.57,64.3,23.2,244.0,TESTR,AKR-TESTR-<MAC6>,0.0,1.0,0.0,100.0
101400,2,walk,walk,9343,,9343.0,20.0,0.0,1.0,6.0,0.29,0.149,1.913,3.106,32.0,27.86,0.0,19.0,0.0,1.0,-13.5,-0.25,-1.03,-0.07,-18.0,54.24,23.76,244.0,TESTR,AKR-TESTR-<MAC6>,0.0,1.0,0.0,100.0
101440,2,walk,walk,9344,,9344.0,20.0,0.0,1.0,6.0,0.14,0.174,1.535,3.591,32.0,27.86,0.0,19.0,0.0,1.0,-12.99,-0.24,-1.03,-0.06,-15.52,45.98,23.87,244.0,TESTR,AKR-TESTR-<MAC6>,0.0,1.0,0.0,100.0
101440,2,walk,walk,9345,,9345.0,20.0,0.0,3.0,7.0,-0.06,0.195,1.373,3.759,32.0,27.83,0.0,19.0,0.0,1.0,-12.11,-0.22,-1.02,-0.06,-13.34,39.94,23.72,244.0,TESTR,AKR-TESTR-<MAC6>,0.0,1.0,0.0,100.0
101460,2,walk,walk,9346,,9346.0,20.0,0.0,3.0,7.0,-0.31,0.212,0.946,4.289,32.0,27.76,0.0,19.0,0.0,1.0,-10.98,-0.2,-1.02,-0.06,-11.56,35.9,23.39,244.0,TESTR,AKR-TESTR-<MAC6>,0.0,1.0,0.0,100.0
101480,2,walk,walk,9347,,9347.0,20.0,0.0,3.0,7.0,-0.6,0.224,0.72,4.664,32.0,27.76,0.0,19.0,0.0,1.0,-9.69,-0.17,-1.01,-0.06,-10.14,33.34,22.94,244.0,TESTR,AKR-TESTR-<MAC6>,0.0,1.0,0.0,100.0
101500,2,walk,walk,9348,,9348.0,20.0,0.0,3.0,7.0,-0.94,0.234,0.598,4.653,32.0,27.72,0.0,19.0,0.0,1.0,-8.35,-0.15,-1.0,-0.07,-9.01,31.56,22.38,244.0,TESTR,AKR-TESTR-<MAC6>,0.0,1.0,0.0,100.0
101500,2,walk,walk,9349,,9349.0,20.0,0.0,3.0,7.0,-1.32,0.243,0.535,4.535,32.0,27.76,0.0,19.0,0.0,1.0,-6.98,-0.12,-1.0,-0.08,-8.11,30.02,21.72,244.0,TESTR,AKR-TESTR-<MAC6>,0.0,1.0,0.0,100.0
101560,2,walk,walk,9350,,9350.0,20.0,0.0,3.0,7.0,-1.73,0.25,0.455,4.718,32.0,27.76,0.0,19.0,0.0,1.0,-5.62,-0.1,-0.99,-0.09,-7.41,28.41,20.98,244.0,TESTR,AKR-TESTR-<MAC6>,0.0,1.0,0.0,100.0
101620,2,walk,walk,9351,,9351.0,20.0,1.0,3.0,7.0,-2.16,0.254,0.228,4.799,32.0,27.76,0.0,20.0,0.0,1.0,-4.26,-0.07,-0.98,-0.1,-6.9,26.68,20.17,244.0,TESTR,AKR-TESTR-<MAC6>,0.0,1.0,0.0,100.0
101620,2,walk,walk,9352,,9352.0,20.0,0.0,3.0,7.0,-2.61,0.258,0.242,4.665,32.0,27.76,0.0,19.0,0.0,1.0,-2.89,-0.05,-0.98,-0.11,-6.59,24.96,19.23,244.0,TESTR,AKR-TESTR-<MAC6>,0.0,1.0,0.0,100.0
101620,2,walk,walk,9353,,9353.0,20.0,0.0,3.0,7.0,-3.07,0.259,0.049,4.774,32.0,27.76,0.0,19.0,0.0,1.0,-1.52,-0.03,-0.97,-0.12,-6.5,23.43,18.14,244.0,TESTR,AKR-TESTR-<MAC6>,0.0,1.0,0.0,100.0
101620,2,walk,walk,9354,,9354.0,20.0,0.0,3.0,7.0,-3.53,0.259,-0.085,4.708,32.0,27.79,0.0,19.0,0.0,1.0,-0.2,0.0,-0.96,-0.13,-6.67,22.23,16.87,244.0,TESTR,AKR-TESTR-<MAC6>,0.0,1.0,0.0,100.0
101620,2,walk,walk,9355,,9355.0,20.0,0.0,3.0,7.0,-3.98,0.258,-0.092,4.547,32.0,27.83,0.0,19.0,0.0,1.0,1.03,0.02,-0.95,-0.14,-7.08,21.44,15.45,244.0,TESTR,AKR-TESTR-<MAC6>,0.0,1.0,0.0,100.0
101660,2,walk,walk,9356,,9356.0,20.0,0.0,3.0,7.0,-4.42,0.256,-0.187,4.415,32.0,27.83,0.0,19.0,0.0,1.0,2.11,0.03,-0.95,-0.15,-7.63,20.95,13.95,244.0,TESTR,AKR-TESTR-<MAC6>,0.0,1.0,0.0,100.0
101680,2,walk,walk,9357,,9357.0,20.0,0.0,3.0,7.0,-4.84,0.251,-0.668,4.569,32.0,27.83,0.0,19.0,0.0,1.0,2.87,0.05,-0.94,-0.15,-8.01,20.15,12.33,244.0,TESTR,AKR-TESTR-<MAC6>,0.0,1.0,0.0,100.0
101680,2,walk,walk,9358,,9358.0,20.0,0.0,3.0,7.0,-5.23,0.239,-0.805,4.388,32.0,27.86,0.0,19.0,0.0,1.0,3.25,0.05,-0.95,-0.16,-8.03,18.52,10.65,244.0,TESTR,AKR-TESTR-<MAC6>,0.0,1.0,0.0,100.0
101740,2,walk,walk,9359,,9359.0,20.0,0.0,3.0,7.0,-5.6,0.221,-1.538,4.989,32.0,27.86,0.0,19.0,0.0,1.0,3.22,0.05,-0.95,-0.16,-7.67,15.85,9.05,244.0,TESTR,AKR-TESTR-<MAC6>,0.0,1.0,0.0,100.0
101760,2,walk,walk,9360,,9360.0,20.0,0.0,3.0,7.0,-5.94,0.191,-2.145,5.013,32.0,27.9,0.0,19.0,0.0,1.0,2.87,0.05,-0.96,-0.16,-6.99,12.47,7.75,245.0,TESTR,AKR-TESTR-<MAC6>,0.0,1.0,0.0,100.0
101760,2,walk,walk,9361,,9361.0,20.0,0.0,3.0,7.0,-6.24,0.154,-2.714,4.775,32.0,27.97,0.0,19.0,0.0,1.0,2.33,0.04,-0.97,-0.16,-6.1,8.96,6.95,245.0,TESTR,AKR-TESTR-<MAC6>,0.0,1.0,0.0,100.0
101800,2,walk,walk,9362,,9362.0,20.0,0.0,3.0,7.0,-6.51,0.11,-2.955,4.297,32.0,28.0,0.0,19.0,0.0,1.0,1.68,0.03,-0.99,-0.15,-5.13,5.81,6.79,245.0,TESTR,AKR-TESTR-<MAC6>,0.0,1.0,0.0,100.0
101800,2,walk,walk,9363,,9363.0,20.0,0.0,3.0,7.0,-6.74,0.061,-3.186,3.91,32.0,28.07,0.0,19.0,0.0,1.0,0.99,0.02,-1.0,-0.15,-4.17,3.46,7.31,245.0,TESTR,AKR-TESTR-<MAC6>,0.0,1.0,0.0,100.0
101800,2,walk,walk,9364,,9364.0,20.0,0.0,3.0,7.0,-6.94,0.013,-3.265,3.682,32.0,28.07,0.0,19.0,0.0,1.0,0.26,0.0,-1.0,-0.14,-3.34,2.22,8.44,245.0,TESTR,AKR-TESTR-<MAC6>,0.0,1.0,0.0,100.0
101840,2,walk,walk,9365,,9365.0,20.0,0.0,3.0,7.0,-7.11,-0.032,-2.8,3.545,32.0,28.07,0.0,19.0,0.0,1.0,-0.49,-0.01,-1.01,-0.13,-2.7,2.09,9.97,245.0,TESTR,AKR-TESTR-<MAC6>,0.0,1.0,0.0,100.0
101860,2,walk,walk,9366,,9366.0,20.0,0.0,3.0,7.0,-7.25,-0.07,-2.238,3.264,32.0,28.07,0.0,19.0,0.0,1.0,-1.22,-0.02,-1.01,-0.13,-2.26,2.97,11.59,245.0,TESTR,AKR-TESTR-<MAC6>,0.0,1.0,0.0,100.0
101860,2,walk,walk,9367,,9367.0,20.0,0.0,3.0,7.0,-7.37,-0.098,-1.46,2.971,32.0,28.07,0.0,19.0,0.0,1.0,-1.85,-0.03,-1.01,-0.12,-1.96,4.49,13.02,245.0,TESTR,AKR-TESTR-<MAC6>,0.0,1.0,0.0,100.0
101900,2,walk,walk,9368,,9368.0,20.0,1.0,3.0,7.0,-7.47,-0.109,-0.277,2.394,32.0,28.07,0.0,20.0,0.0,1.0,-2.33,-0.04,-1.01,-0.12,-1.69,6.28,13.95,245.0,TESTR,AKR-TESTR-<MAC6>,0.0,1.0,0.0,100.0
101920,2,walk,walk,9369,,9369.0,20.0,1.0,3.0,7.0,-7.56,-0.11,0.04,2.477,32.0,28.04,0.0,20.0,0.0,1.0,-2.64,-0.05,-1.02,-0.13,-1.35,7.98,14.23,245.0,TESTR,AKR-TESTR-<MAC6>,0.0,1.0,0.0,100.0
101960,2,walk,walk,9370,,9370.0,20.0,1.0,3.0,7.0,-7.64,-0.109,0.076,2.58,32.0,28.04,0.0,20.0,0.0,1.0,-2.8,-0.05,-1.02,-0.13,-0.98,9.38,13.88,245.0,TESTR,AKR-TESTR-<MAC6>,0.0,1.0,0.0,100.0
101960,2,walk,walk,9371,,9371.0,20.0,1.0,3.0,7.0,-7.72,-0.107,0.166,2.622,32.0,28.04,0.0,20.0,0.0,1.0,-2.83,-0.05,-1.02,-0.13,-0.63,10.37,13.04,245.0,TESTR,AKR-TESTR-<MAC6>,0.0,1.0,0.0,100.0
101980,2,walk,walk,9372,,9372.0,20.0,0.0,3.0,7.0,-7.8,-0.107,0.014,2.718,32.0,28.0,0.0,19.0,0.0,1.0,-2.81,-0.05,-1.02,-0.14,-0.37,10.91,11.9,245.0,TESTR,AKR-TESTR-<MAC6>,0.0,1.0,0.0,100.0
101980,2,walk,walk,9373,,9373.0,20.0,0.0,3.0,7.0,-7.88,-0.107,0.005,2.711,32.0,28.0,0.0,19.0,0.0,1.0,-2.77,-0.05,-1.02,-0.14,-0.23,11.01,10.68,245.0,TESTR,AKR-TESTR-<MAC6>,0.0,1.0,0.0,100.0
102020,2,walk,walk,9374,,9374.0,20.0,0.0,3.0,7.0,-7.97,-0.108,-0.003,2.748,32.0,28.0,0.0,19.0,0.0,1.0,-2.75,-0.05,-1.02,-0.14,-0.21,10.75,9.55,245.0,TESTR,AKR-TESTR-<MAC6>,0.0,1.0,0.0,100.0
102040,2,walk,walk,9375,,9375.0,20.0,0.0,3.0,7.0,-8.05,-0.109,-0.185,2.78,32.0,28.0,0.0,19.0,0.0,1.0,-2.8,-0.05,-1.02,-0.14,-0.31,10.22,8.61,245.0,TESTR,AKR-TESTR-<MAC6>,0.0,1.0,0.0,100.0
102040,2,walk,walk,9376,,9376.0,20.0,0.0,3.0,7.0,-8.14,-0.11,-0.038,2.679,32.0,28.04,0.0,19.0,0.0,1.0,-2.96,-0.05,-1.01,-0.15,-0.49,9.51,7.86,245.0,TESTR,AKR-TESTR-<MAC6>,0.0,1.0,0.0,100.0
102100,2,walk,walk,9377,,9377.0,20.0,0.0,3.0,7.0,-8.23,-0.11,0.113,2.692,32.0,28.0,0.0,19.0,0.0,1.0,-3.26,-0.06,-1.01,-0.15,-0.71,8.71,7.18,245.0,TESTR,AKR-TESTR-<MAC6>,0.0,1.0,0.0,100.0
102100,2,walk,walk,9378,,9378.0,20.0,0.0,3.0,7.0,-8.32,-0.108,0.232,2.518,32.0,28.04,0.0,19.0,0.0,1.0,-3.68,-0.06,-1.01,-0.15,-0.89,7.89,6.37,245.0,TESTR,AKR-TESTR-<MAC6>,0.0,1.0,0.0,100.0
102100,2,walk,walk,9379,,9379.0,20.0,0.0,3.0,7.0,-8.4,-0.102,0.489,2.382,32.0,28.04,0.0,19.0,0.0,1.0,-4.19,-0.07,-1.01,-0.16,-0.97,7.11,5.22,245.0,TESTR,AKR-TESTR-<MAC6>,0.0,1.0,0.0,100.0
102140,2,walk,walk,9380,,9380.0,20.0,0.0,3.0,7.0,-8.49,-0.093,0.726,2.145,32.0,28.04,0.0,19.0,0.0,1.0,-4.72,-0.08,-1.0,-0.16,-0.91,6.4,3.63,245.0,TESTR,AKR-TESTR-<MAC6>,0.0,1.0,0.0,100.0
102160,2,walk,walk,9381,,9381.0,20.0,0.0,0.0,1.0,-8.56,-0.085,0.437,1.809,32.0,28.07,0.0,19.0,0.0,1.0,-5.22,-0.09,-1.0,-0.16,-0.7,5.84,1.66,245.0,TESTR,AKR-TESTR-<MAC6>,0.0,1.0,0.0,100.0
102160,2,walk,walk,9382,,9382.0,20.0,0.0,0.0,1.0,-8.63,-0.085,0.437,1.809,32.0,28.07,0.0,39.0,0.0,1.0,-5.62,-0.1,-1.0,-0.17,-0.33,5.68,-0.37,245.0,TESTR,AKR-TESTR-<MAC6>,0.0,1.0,0.0,100.0
102200,2,walk,walk,9383,,9383.0,20.0,0.0,0.0,1.0,-8.69,-0.096,-3.265,0.0,32.0,28.14,0.0,14.0,0.0,1.0,-5.92,-0.1,-1.0,-0.17,0.18,5.95,-2.29,245.0,TESTR,AKR-TESTR-<MAC6>,0.0,1.0,0.0,100.0
102220,2,walk,walk,9384,,9384.0,20.0,0.0,0.0,1.0,-8.74,-0.093,0.25,0.0,32.0,28.18,0.0,14.0,0.0,1.0,-6.12,-0.11,-1.0,-0.17,0.82,6.46,-4.06,245.0,TESTR,AKR-TESTR-<MAC6>,0.0,1.0,0.0,100.0
102260,2,walk,walk,9385,,9385.0,20.0,0.0,0.0,1.0,-8.78,-0.086,0.485,0.0,32.0,28.18,0.0,14.0,0.0,1.0,-6.23,-0.11,-1.0,-0.18,1.56,7.04,-5.71,245.0,TESTR,AKR-TESTR-<MAC6>,0.0,1.0,0.0,100.0
102280,2,walk,walk,9386,,9386.0,20.0,0.0,0.0,1.0,-8.81,-0.079,0.53,0.0,32.0,28.18,0.0,14.0,0.0,1.0,-6.27,-0.11,-1.0,-0.18,2.38,7.55,-7.28,245.0,TESTR,AKR-TESTR-<MAC6>,0.0,1.0,0.0,100.0
102280,2,walk,walk,9387,,9387.0,20.0,0.0,0.0,1.0,-8.82,-0.071,0.558,0.0,32.0,28.18,0.0,14.0,0.0,1.0,-6.25,-0.11,-0.99,-0.18,3.29,7.92,-8.86,245.0,TESTR,AKR-TESTR-<MAC6>,0.0,1.0,0.0,100.0
102280,2,walk,walk,9388,,9388.0,20.0,0.0,0.0,1.0,-8.81,-0.06,0.824,0.0,32.0,28.18,0.0,14.0,0.0,1.0,-6.19,-0.11,-0.99,-0.18,4.26,8.11,-10.53,245.0,TESTR,AKR-TESTR-<MAC6>,0.0,1.0,0.0,100.0
102320,2,walk,walk,9389,,9389.0,20.0,0.0,0.0,1.0,-8.79,-0.046,0.863,0.0,32.0,28.18,0.0,14.0,0.0,1.0,-6.1,-0.11,-0.99,-0.18,5.25,8.11,-12.37,245.0,TESTR,AKR-TESTR-<MAC6>,0.0,1.0,0.0,100.0
102340,2,walk,walk,9390,,9390.0,20.0,0.0,0.0,1.0,-8.74,-0.034,0.927,0.0,32.0,28.18,0.0,14.0,0.0,1.0,-5.97,-0.1,-0.99,-0.18,6.25,7.94,-14.42,245.0,TESTR,AKR-TESTR-<MAC6>,0.0,1.0,0.0,100.0
102360,2,walk,walk,9391,,9391.0,20.0,0.0,0.0,1.0,-8.67,-0.021,0.669,0.0,32.0,28.18,0.0,14.0,0.0,1.0,-5.82,-0.1,-0.99,-0.18,7.26,7.59,-16.7,245.0,TESTR,AKR-TESTR-<MAC6>,0.0,1.0,0.0,100.0
102380,2,walk,walk,9392,,9392.0,20.0,0.0,0.0,1.0,-8.58,-0.011,0.88,0.0,32.0,28.18,0.0,14.0,0.0,1.0,-5.64,-0.1,-0.99,-0.17,8.31,7.11,-19.16,245.0,TESTR,AKR-TESTR-<MAC6>,0.0,1.0,0.0,100.0
102400,2,walk,walk,9393,,9393.0,20.0,0.0,0.0,1.0,-8.47,0.0,0.566,0.0,32.0,28.18,0.0,14.0,0.0,1.0,-5.4,-0.09,-0.99,-0.17,9.45,6.57,-21.72,245.0,TESTR,AKR-TESTR-<MAC6>,0.0,1.0,0.0,100.0
102440,2,walk,walk,9394,,9394.0,20.0,0.0,0.0,1.0,-8.33,0.006,0.425,0.0,32.0,28.18,0.0,14.0,0.0,1.0,-5.1,-0.09,-1.0,-0.17,10.67,6.03,-24.26,245.0,TESTR,AKR-TESTR-<MAC6>,0.0,1.0,0.0,100.0
102440,2,walk,walk,9395,,9395.0,20.0,0.0,0.0,1.0,-8.16,0.014,0.73,0.0,32.0,28.18,0.0,14.0,0.0,1.0,-4.73,-0.08,-1.0,-0.17,12.0,5.52,-26.77,245.0,TESTR,AKR-TESTR-<MAC6>,0.0,1.0,0.0,100.0
102460,2,walk,walk,9396,,9396.0,20.0,0.0,0.0,1.0,-7.97,0.026,0.741,0.0,32.0,28.18,0.0,14.0,0.0,1.0,-4.31,-0.08,-1.0,-0.17,13.41,5.17,-29.22,245.0,TESTR,AKR-TESTR-<MAC6>,0.0,1.0,0.0,100.0
102460,2,walk,walk,9397,,9397.0,20.0,0.0,0.0,1.0,-7.74,0.034,0.381,0.0,32.0,28.18,0.0,14.0,0.0,1.0,-3.82,-0.07,-1.01,-0.17,14.68,5.3,-31.58,245.0,TESTR,AKR-TESTR-<MAC6>,0.0,1.0,0.0,100.0
102500,2,walk,walk,9398,,9398.0,20.0,0.0,0.0,1.0,-7.47,0.036,-0.068,0.0,32.0,28.18,0.0,14.0,0.0,1.0,-3.26,-0.06,-1.01,-0.17,15.61,6.32,-33.67,245.0,TESTR,AKR-TESTR-<MAC6>,0.0,1.0,0.0,100.0
102520,2,walk,walk,9399,,9399.0,20.0,0.0,0.0,1.0,-7.18,0.033,-0.437,0.0,32.0,28.18,0.0,14.0,0.0,1.0,-2.65,-0.05,-1.02,-0.17,15.99,8.63,-35.29,245.0,TESTR,AKR-TESTR-<MAC6>,0.0,1.0,0.0,100.0
102540,2,walk,walk,9400,,9400.0,20.0,0.0,0.0,1.0,-6.85,0.02,-0.903,0.0,32.0,28.18,0.0,14.0,0.0,1.0,-2.03,-0.04,-1.02,-0.17,15.7,12.51,-36.23,245.0,TESTR,AKR-TESTR-<MAC6>,0.0,1.0,0.0,100.0
102560,2,walk,walk,9401,,9401.0,20.0,0.0,0.0,1.0,-6.48,0.004,-1.38,0.0,32.0,28.18,0.0,14.0,0.0,1.0,-1.43,-0.03,-1.03,-0.18,14.66,18.18,-36.17,245.0,TESTR,AKR-TESTR-<MAC6>,0.0,1.0,0.0,100.0
102600,2,walk,walk,9402,,9402.0,20.0,0.0,0.0,1.0,-6.07,-0.018,-1.399,0.0,32.0,28.18,0.0,14.0,0.0,1.0,-1.02,-0.02,-1.03,-0.18,12.87,25.67,-34.69,245.0,TESTR,AKR-TESTR-<MAC6>,0.0,1.0,0.0,100.0
102640,2,walk,walk,9403,,9403.0,20.0,0.0,0.0,1.0,-5.64,-0.034,-0.596,0.0,32.0,28.18,0.0,14.0,0.0,1.0,-1.05,-0.02,-1.03,-0.19,10.3,34.39,-31.36,245.0,TESTR,AKR-TESTR-<MAC6>,0.0,1.0,0.0,100.0
102640,2,walk,walk,9404,,9404.0,20.0,0.0,0.0,1.0,-5.17,-0.036,0.101,0.0,32.0,28.18,0.0,14.0,0.0,1.0,-1.74,-0.03,-1.03,-0.19,7.02,43.27,-26.08,245.0,TESTR,AKR-TESTR-<MAC6>,0.0,1.0,0.0,100.0
102640,2,walk,walk,9405,,9405.0,20.0,0.0,0.0,1.0,-4.68,-0.036,0.033,0.0,32.0,28.18,0.0,14.0,0.0,1.0,-3.19,-0.06,-1.02,-0.2,3.27,50.97,-19.11,245.0,TESTR,AKR-TESTR-<MAC6>,0.0,1.0,0.0,100.0
102640,2,walk,walk,9406,,9406.0,20.0,0.0,0.0,1.0,-4.17,-0.037,-0.264,0.0,32.0,28.18,0.0,14.0,0.0,1.0,-5.29,-0.09,-1.02,-0.2,-0.57,56.32,-10.97,245.0,TESTR,AKR-TESTR-<MAC6>,0.0,1.0,0.0,100.0
102680,2,walk,walk,9407,,9407.0,20.0,0.0,0.0,1.0,-3.66,-0.046,-0.841,0.0,32.0,28.18,0.0,14.0,0.0,1.0,-7.76,-0.14,-1.02,-0.2,-4.13,58.63,-2.25,245.0,TESTR,AKR-TESTR-<MAC6>,0.0,1.0,0.0,100.0
102700,2,walk,walk,9408,,9408.0,20.0,1.0,0.0,1.0,-3.15,-0.059,-0.575,0.0,32.0,28.14,0.0,15.0,0.0,1.0,-10.25,-0.18,-1.02,-0.2,-7.12,57.77,6.44,245.0,TESTR,AKR-TESTR-<MAC6>,0.0,1.0,0.0,100.0
102720,2,walk,walk,9409,,9409.0,20.0,1.0,0.0,1.0,-2.68,-0.062,-0.052,0.0,32.0,28.18,0.0,15.0,0.0,1.0,-12.44,-0.23,-1.02,-0.19,-9.35,54.19,14.57,246.0,TESTR,AKR-TESTR-<MAC6>,0.0,1.0,0.0,100.0
102740,2,walk,walk,9410,,9410.0,20.0,1.0,0.0,1.0,-2.24,-0.062,-0.042,0.0,32.0,28.18,0.0,15.0,0.0,1.0,-14.12,-0.26,-1.03,-0.18,-10.76,48.69,21.78,246.0,TESTR,AKR-TESTR-<MAC6>,0.0,1.0,0.0,100.0
102760,2,walk,walk,9411,,9411.0,20.0,1.0,0.0,1.0,-1.86,-0.062,0.022,0.0,32.0,28.18,0.0,15.0,0.0,1.0,-15.2,-0.28,-1.03,-0.17,-11.37,42.2,27.84,246.0,TESTR,AKR-TESTR-<MAC6>,0.0,1.0,0.0,100.0
102780,2,walk,walk,9412,,9412.0,20.0,1.0,0.0,1.0,-1.56,-0.061,0.173,0.0,32.0,28.18,0.0,15.0,0.0,1.0,-15.69,-0.29,-1.04,-0.16,-11.29,35.59,32.71,246.0,TESTR,AKR-TESTR-<MAC6>,0.0,1.0,0.0,100.0
102800,2,walk,walk,9413,,9413.0,20.0,1.0,0.0,1.0,-1.34,-0.059,0.191,0.0,32.0,28.18,0.0,15.0,0.0,1.0,-15.68,-0.29,-1.04,-0.15,-10.71,29.43,36.38,246.0,TESTR,AKR-TESTR-<MAC6>,0.0,1.0,0.0,100.0
102820,2,walk,walk,9414,,9414.0,20.0,1.0,0.0,1.0,-1.21,-0.054,0.346,0.0,32.0,28.18,0.0,15.0,0.0,1.0,-15.3,-0.29,-1.05,-0.15,-9.83,23.96,38.96,246.0,TESTR,AKR-TESTR-<MAC6>,0.0,1.0,0.0,100.0
102820,2,walk,walk,9415,,9415.0,20.0,1.0,0.0,1.0,-1.18,-0.049,0.245,0.0,32.0,28.18,0.0,15.0,0.0,1.0,-14.7,-0.28,-1.05,-0.14,-8.86,19.11,40.63,246.0,TESTR,AKR-TESTR-<MAC6>,0.0,1.0,0.0,100.0
102880,2,walk,walk,9416,,9416.0,20.0,1.0,0.0,1.0,-1.26,-0.047,0.156,0.0,32.0,28.18,0.0,15.0,0.0,1.0,-14.0,-0.26,-1.06,-0.14,-7.96,14.66,41.63,246.0,TESTR,AKR-TESTR-<MAC6>,0.0,1.0,0.0,100.0
102900,2,walk,walk,9417,,9417.0,20.0,1.0,0.0,1.0,-1.44,-0.045,0.132,0.0,32.0,28.18,0.0,15.0,0.0,1.0,-13.28,-0.25,-1.06,-0.14,-7.23,10.35,42.16,246.0,TESTR,AKR-TESTR-<MAC6>,0.0,1.0,0.0,100.0
102940,2,walk,walk,9418,,9418.0,20.0,1.0,0.0,1.0,-1.71,-0.043,0.186,0.0,32.0,28.18,0.0,15.0,0.0,1.0,-12.56,-0.23,-1.05,-0.15,-6.72,6.0,42.41,246.0,TESTR,AKR-TESTR-<MAC6>,0.0,1.0,0.0,100.0
102940,2,walk,walk,9419,,9419.0,20.0,2.0,0.0,1.0,-2.08,-0.039,0.301,0.0,32.0,28.18,0.0,16.0,0.0,1.0,-11.84,-0.22,-1.05,-0.15,-6.48,1.6,42.49,246.0,TESTR,AKR-TESTR-<MAC6>,0.0,1.0,0.0,100.0
102940,2,walk,walk,9420,,9420.0,20.0,2.0,0.0,1.0,-2.52,-0.036,0.399,0.0,32.0,28.18,0.0,16.0,0.0,1.0,-11.1,-0.2,-1.04,-0.16,-6.51,-2.81,42.49,246.0,TESTR,AKR-TESTR-<MAC6>,0.0,1.0,0.0,100.0
102960,2,walk,walk,9421,,9421.0,20.0,2.0,0.0,1.0,-3.04,-0.03,0.472,0.0,32.0,28.18,0.0,16.0,0.0,1.0,-10.31,-0.19,-1.04,-0.17,-6.8,-7.09,42.43,246.0,TESTR,AKR-TESTR-<MAC6>,0.0,1.0,0.0,100.0
102980,2,walk,walk,9422,,9422.0,20.0,2.0,0.0,1.0,-3.63,-0.025,0.242,0.0,32.0,28.18,0.0,16.0,0.0,1.0,-9.44,-0.17,-1.03,-0.17,-7.32,-11.0,42.3,246.0,TESTR,AKR-TESTR-<MAC6>,0.0,1.0,0.0,100.0
103000,2,walk,walk,9423,,9423.0,20.0,2.0,6.0,2.0,-4.26,-0.024,0.038,0.0,32.0,28.18,0.0,16.0,0.0,1.0,-8.5,-0.15,-1.02,-0.18,-8.06,-14.27,42.05,246.0,TESTR,AKR-TESTR-<MAC6>,0.0,1.0,0.0,100.0
103000,2,walk,walk,9424,,9424.0,20.0,0.0,6.0,2.0,-4.94,-0.023,0.052,0.008,32.0,28.14,0.0,17.0,0.0,1.0,-7.49,-0.13,-1.01,-0.19,-8.96,-16.73,41.65,246.0,TESTR,AKR-TESTR-<MAC6>,0.0,1.0,0.0,100.0
103040,2,walk,walk,9425,,9425.0,20.0,0.0,6.0,2.0,-5.65,-0.014,0.685,0.079,32.0,28.14,0.0,17.0,0.0,1.0,-6.45,-0.11,-0.99,-0.19,-10.01,-18.29,40.96,246.0,TESTR,AKR-TESTR-<MAC6>,0.0,1.0,0.0,100.0
103060,2,walk,walk,9426,,9426.0,20.0,0.0,6.0,2.0,-6.39,-0.007,0.265,0.184,32.0,28.14,0.0,17.0,0.0,1.0,-5.41,-0.09,-0.98,-0.19,-11.17,-18.97,39.94,246.0,TESTR,AKR-TESTR-<MAC6>,0.0,1.0,0.0,100.0
103100,2,walk,walk,9427,,9427.0,20.0,1.0,6.0,2.0,-7.13,-0.004,0.238,0.182,32.0,28.14,0.0,18.0,0.0,1.0,-4.41,-0.07,-0.97,-0.2,-12.4,-18.86,38.56,246.0,TESTR,AKR-TESTR-<MAC6>,0.0,1.0,0.0,100.0
103100,2,walk,walk,9428,,9428.0,20.0,1.0,6.0,2.0,-7.89,-0.004,0.048,0.233,32.0,28.14,0.0,18.0,0.0,1.0,-3.5,-0.06,-0.96,-0.2,-13.63,-18.17,36.85,246.0,TESTR,AKR-TESTR-<MAC6>,0.0,1.0,0.0,100.0
103120,2,walk,walk,9429,,9429.0,20.0,0.0,6.0,2.0,-8.64,-0.003,-0.022,0.296,32.0,28.14,0.0,17.0,0.0,1.0,-2.7,-0.04,-0.95,-0.19,-14.81,-17.12,34.79,246.0,TESTR,AKR-TESTR-<MAC6>,0.0,1.0,0.0,100.0
103140,2,walk,walk,9430,,9430.0,20.0,1.0,6.0,2.0,-9.38,-0.003,-0.053,0.33,32.0,28.14,0.0,18.0,0.0,1.0,-2.02,-0.03,-0.94,-0.19,-15.89,-15.95,32.38,246.0,TESTR,AKR-TESTR-<MAC6>,0.0,1.0,0.0,100.0
103160,2,walk,walk,9431,,9431.0,20.0,1.0,6.0,2.0,-10.1,-0.003,-0.036,0.288,32.0,28.14,0.0,18.0,0.0,1.0,-1.46,-0.02,-0.93,-0.19,-16.84,-14.86,29.65,246.0,TESTR,AKR-TESTR-<MAC6>,0.0,1.0,0.0,100.0
103180,2,walk,walk,9432,,9432.0,20.0,1.0,6.0,2.0,-10.8,-0.003,-0.084,0.315,32.0,28.14,0.0,18.0,0.0,1.0,-1.0,-0.02,-0.93,-0.19,-17.64,-13.96,26.62,246.0,TESTR,AKR-TESTR-<MAC6>,0.0,1.0,0.0,100.0
103180,2,walk,walk,9433,,9433.0,20.0,1.0,6.0,2.0,-11.47,-0.003,-0.022,0.35,32.0,28.14,0.0,18.0,0.0,1.0,-0.65,-0.01,-0.92,-0.18,-18.32,-13.24,23.33,246.0,TESTR,AKR-TESTR-<MAC6>,0.0,1.0,0.0,100.0
103240,2,walk,walk,9434,,9434.0,20.0,1.0,6.0,2.0,-12.11,-0.003,0.014,0.384,32.0,28.14,0.0,18.0,0.0,1.0,-0.39,-0.01,-0.91,-0.18,-18.89,-12.63,19.87,246.0,TESTR,AKR-TESTR-<MAC6>,0.0,1.0,0.0,100.0
103240,2,walk,walk,9435,,9435.0,20.0,1.0,6.0,2.0,-12.7,-0.004,0.005,0.426,32.0,28.14,0.0,18.0,0.0,1.0,-0.23,0.0,-0.91,-0.18,-19.35,-11.99,16.36,246.0,TESTR,AKR-TESTR-<MAC6>,0.0,1.0,0.0,100.0
103240,2,walk,walk,9436,,9436.0,20.0,1.0,6.0,2.0,-13.25,-0.004,-0.066,0.494,32.0,28.14,0.0,18.0,0.0,1.0,-0.18,0.0,-0.91,-0.17,-19.71,-11.22,12.89,246.0,TESTR,AKR-TESTR-<MAC6>,0.0,1.0,0.0,100.0
103280,2,walk,walk,9437,,9437.0,20.0,1.0,6.0,2.0,-13.75,-0.005,-0.034,0.618,32.0,28.14,0.0,18.0,0.0,1.0,-0.24,0.0,-0.91,-0.17,-19.95,-10.26,9.57,246.0,TESTR,AKR-TESTR-<MAC6>,0.0,1.0,0.0,100.0
103300,2,walk,walk,9438,,9438.0,20.0,1.0,6.0,2.0,-14.2,-0.006,-0.08,0.663,32.0,28.14,0.0,18.0,0.0,1.0,-0.39,-0.01,-0.9,-0.17,-20.07,-9.15,6.44,246.0,TESTR,AKR-TESTR-<MAC6>,0.0,1.0,0.0,100.0
103300,2,walk,walk,9439,,9439.0,20.0,1.0,6.0,2.0,-14.6,-0.006,0.013,0.763,32.0,28.14,0.0,18.0,0.0,1.0,-0.59,-0.01,-0.9,-0.16,-20.06,-8.01,3.5,246.0,TESTR,AKR-TESTR-<MAC6>,0.0,1.0,0.0,100.0
103340,2,walk,walk,9440,,9440.0,20.0,1.0,6.0,2.0,-14.93,-0.007,0.002,0.852,32.0,28.14,0.0,18.0,0.0,1.0,-0.89,-0.01,-0.91,-0.16,-19.94,-6.94,0.69,246.0,TESTR,AKR-TESTR-<MAC6>,0.0,1.0,0.0,100.0
103360,2,walk,walk,9441,,9441.0,20.0,1.0,6.0,2.0,-15.21,-0.01,-0.467,1.463,32.0,28.14,0.0,18.0,0.0,1.0,-1.58,-0.03,-0.92,-0.16,-19.53,-6.45,-1.85,246.0,TESTR,AKR-TESTR-<MAC6>,0.0,1.0,0.0,100.0
103400,2,walk,walk,9442,,9442.0,20.0,1.0,6.0,2.0,-15.43,-0.02,-0.704,2.86,32.0,28.04,0.0,18.0,0.0,1.0,-2.7,-0.04,-0.93,-0.16,-18.66,-6.85,-4.25,246.0,TESTR,AKR-TESTR-<MAC6>,0.0,1.0,0.0,100.0
103420,2,walk,walk,9443,,9443.0,20.0,1.0,6.0,2.0,-15.59,-0.028,-0.524,3.645,32.0,27.93,0.0,18.0,0.0,1.0,-4.08,-0.07,-0.95,-0.16,-17.35,-7.96,-6.55,246.0,TESTR,AKR-TESTR-<MAC6>,0.0,1.0,0.0,100.0
103420,2,walk,walk,9444,,9444.0,20.0,1.0,6.0,2.0,-15.7,-0.036,-0.5,4.813,32.0,27.83,0.0,18.0,0.0,1.0,-5.55,-0.09,-0.97,-0.15,-15.68,-9.13,-8.8,246.0,TESTR,AKR-TESTR-<MAC6>,0.0,1.0,0.0,100.0
103420,2,walk,walk,9445,,9445.0,20.0,1.0,6.0,2.0,-15.75,-0.044,-0.488,5.898,32.0,27.65,0.0,18.0,0.0,1.0,-6.94,-0.12,-0.99,-0.15,-13.86,-9.71,-11.1,246.0,TESTR,AKR-TESTR-<MAC6>,0.0,1.0,0.0,100.0
103460,2,walk,walk,9446,,9446.0,20.0,1.0,6.0,2.0,-15.75,-0.048,-0.089,5.769,32.0,27.62,0.0,18.0,0.0,1.0,-8.15,-0.14,-1.01,-0.14,-12.05,-9.56,-13.54,246.0,TESTR,AKR-TESTR-<MAC6>,0.0,1.0,0.0,100.0
103480,2,walk,walk,9447,,9447.0,20.0,1.0,6.0,2.0,-15.7,-0.047,0.042,5.671,32.0,27.62,0.0,18.0,0.0,1.0,-9.09,-0.16,-1.02,-0.13,-10.33,-8.85,-16.13,246.0,TESTR,AKR-TESTR-<MAC6>,0.0,1.0,0.0,100.0
103500,2,walk,walk,9448,,9448.0,20.0,1.0,6.0,2.0,-15.61,-0.046,0.113,5.472,32.0,27.65,0.0,18.0,0.0,1.0,-9.71,-0.18,-1.04,-0.13,-8.67,-7.75,-18.72,246.0,TESTR,AKR-TESTR-<MAC6>,0.0,1.0,0.0,100.0
103520,2,walk,walk,9449,,9449.0,20.0,1.0,6.0,2.0,-15.48,-0.045,0.026,5.404,32.0,27.65,0.0,18.0,0.0,1.0,-10.01,-0.18,-1.05,-0.13,-7.04,-6.47,-21.12,246.0,TESTR,AKR-TESTR-<MAC6>,0.0,1.0,0.0,100.0
103540,2,walk,walk,9450,,9450.0,20.0,1.0,6.0,2.0,-15.3,-0.044,-0.005,5.291,32.0,27.69,0.0,18.0,0.0,1.0,-10.01,-0.19,-1.05,-0.13,-5.4,-5.2,-23.1,246.0,TESTR,AKR-TESTR-<MAC6>,0.0,1.0,0.0,100.0
103580,2,walk,walk,9451,,9451.0,20.0,1.0,6.0,2.0,-15.09,-0.044,-0.042,5.299,32.0,27.72,0.0,18.0,0.0,1.0,-9.77,-0.18,-1.06,-0.14,-3.83,-4.05,-24.47,246.0,TESTR,AKR-TESTR-<MAC6>,0.0,1.0,0.0,100.0
103580,2,walk,walk,9452,,9452.0,20.0,1.0,6.0,2.0,-14.85,-0.044,-0.038,5.338,32.0,27.69,0.0,18.0,0.0,1.0,-9.35,-0.17,-1.06,-0.14,-2.39,-3.07,-25.13,246.0,TESTR,AKR-TESTR-<MAC6>,0.0,1.0,0.0,100.0
103600,2,walk,walk,9453,,9453.0,20.0,1.0,6.0,2.0,-14.57,-0.044,-0.018,5.294,32.0,27.69,0.0,18.0,0.0,1.0,-8.85,-0.17,-1.06,-0.15,-1.15,-2.25,-25.09,246.0,TESTR,AKR-TESTR-<MAC6>,0.0,1.0,0.0,100.0
103600,2,walk,walk,9454,,9454.0,20.0,0.0,6.0,2.0,-14.27,-0.043,0.068,5.133,32.0,27.72,0.0,17.0,0.0,1.0,-8.36,-0.16,-1.06,-0.15,-0.14,-1.56,-24.54,246.0,TESTR,AKR-TESTR-<MAC6>,0.0,1.0,0.0,100.0
103640,2,walk,walk,9455,,9455.0,20.0,1.0,6.0,2.0,-13.93,-0.04,0.248,4.711,32.0,27.76,0.0,18.0,0.0,1.0,-7.94,-0.15,-1.05,-0.16,0.68,-0.99,-23.71,246.0,TESTR,AKR-TESTR-<MAC6>,0.0,1.0,0.0,100.0
103660,2,walk,walk,9456,,9456.0,20.0,1.0,6.0,2.0,-13.57,-0.038,0.232,4.288,32.0,27.83,0.0,18.0,0.0,1.0,-7.63,-0.14,-1.05,-0.17,1.36,-0.51,-22.86,246.0,TESTR,AKR-TESTR-<MAC6>,0.0,1.0,0.0,100.0
103660,2,walk,walk,9457,,9457.0,20.0,1.0,6.0,2.0,-13.19,-0.033,0.41,3.673,32.0,27.9,0.0,18.0,0.0,1.0,-7.42,-0.14,-1.04,-0.17,1.95,-0.09,-22.18,246.0,TESTR,AKR-TESTR-<MAC6>,0.0,1.0,0.0,100.0
103700,2,walk,walk,9458,,9458.0,20.0,1.0,6.0,2.0,-12.79,-0.03,0.136,3.259,32.0,27.93,0.0,18.0,0.0,1.0,-7.26,-0.13,-1.04,-0.18,2.5,0.28,-21.75,246.0,TESTR,AKR-TESTR-<MAC6>,0.0,1.0,0.0,100.0
103720,2,walk,walk,9459,,9459.0,20.0,1.0,6.0,2.0,-12.37,-0.026,0.224,2.849,32.0,27.97,0.0,18.0,0.0,1.0,-7.11,-0.13,-1.03,-0.19,3.04,0.63,-21.53,247.0,TESTR,AKR-TESTR-<MAC6>,0.0,1.0,0.0,100.0
103760,2,walk,walk,9460,,9460.0,20.0,1.0,6.0,2.0,-11.95,-0.023,0.117,2.683,32.0,28.0,0.0,18.0,0.0,1.0,-6.94,-0.12,-1.02,-0.19,3.58,0.96,-21.43,247.0,TESTR,AKR-TESTR-<MAC6>,0.0,1.0,0.0,100.0
103760,2,walk,walk,9461,,9461.0,20.0,1.0,6.0,2.0,-11.51,-0.021,0.177,2.43,32.0,28.04,0.0,18.0,0.0,1.0,-6.72,-0.12,-1.02,-0.2,4.12,1.27,-21.36,247.0,TESTR,AKR-TESTR-<MAC6>,0.0,1.0,0.0,100.0
103780,2,walk,walk,9462,,9462.0,20.0,1.0,6.0,2.0,-11.06,-0.019,0.158,2.285,32.0,28.04,0.0,18.0,0.0,1.0,-6.44,-0.11,-1.01,-0.2,4.65,1.57,-21.21,247.0,TESTR,AKR-TESTR-<MAC6>,0.0,1.0,0.0,100.0
103780,2,walk,walk,9463,,9463.0,20.0,1.0,6.0,2.0,-10.62,-0.018,0.073,2.091,32.0,28.07,0.0,18.0,0.0,1.0,-6.12,-0.11,-1.01,-0.2,5.17,1.85,-20.94,247.0,TESTR,AKR-TESTR-<MAC6>,0.0,1.0,0.0,100.0
103840,2,walk,walk,9464,,9464.0,20.0,1.0,6.0,2.0,-10.17,-0.016,0.163,1.884,32.0,28.07,0.0,18.0,0.0,1.0,-5.77,-0.1,-1.01,-0.21,5.68,2.13,-20.54,247.0,TESTR,AKR-TESTR-<MAC6>,0.0,1.0,0.0,100.0
103840,2,walk,walk,9465,,9465.0,20.0,1.0,6.0,2.0,-9.72,-0.014,0.065,1.603,32.0,28.11,0.0,18.0,0.0,1.0,-5.41,-0.1,-1.0,-0.21,6.18,2.41,-20.07,247.0,TESTR,AKR-TESTR-<MAC6>,0.0,1.0,0.0,100.0
103840,2,walk,walk,9466,,9466.0,20.0,1.0,6.0,2.0,-9.27,-0.012,0.175,1.267,32.0,28.11,0.0,18.0,0.0,1.0,-5.07,-0.09,-1.0,-0.21,6.7,2.71,-19.59,247.0,TESTR,AKR-TESTR-<MAC6>,0.0,1.0,0.0,100.0
103900,2,walk,walk,9467,,9467.0,20.0,1.0,6.0,2.0,-8.82,-0.009,0.245,0.879,32.0,28.14,0.0,18.0,0.0,1.0,-4.76,-0.08,-1.0,-0.21,7.24,3.05,-19.18,247.0,TESTR,AKR-TESTR-<MAC6>,0.0,1.0,0.0,100.0
103900,2,walk,walk,9468,,9468.0,20.0,1.0,6.0,2.0,-8.38,-0.005,0.22,0.46,32.0,28.14,0.0,18.0,0.0,1.0,-4.45,-0.08,-1.0,-0.21,7.82,3.43,-18.89,247.0,TESTR,AKR-TESTR-<MAC6>,0.0,1.0,0.0,100.0
103900,2,walk,walk,9469,,9469.0,20.0,1.0,6.0,2.0,-7.94,-0.003,0.066,0.105,32.0,28.14,0.0,18.0,0.0,1.0,-4.17,-0.07,-1.0,-0.21,8.44,3.84,-18.74,247.0,TESTR,AKR-TESTR-<MAC6>,0.0,1.0,0.0,100.0
103940,2,walk,walk,9470,,9470.0,20.0,1.0,6.0,2.0,-7.51,0.0,0.21,-0.304,32.0,28.14,0.0,18.0,0.0,1.0,-3.88,-0.07,-0.99,-0.21,9.11,4.29,-18.73,247.0,TESTR,AKR-TESTR-<MAC6>,0.0,1.0,0.0,100.0
103960,2,walk,walk,9471,,9471.0,20.0,1.0,6.0,2.0,-7.09,0.002,0.178,-0.636,32.0,28.14,0.0,18.0,0.0,1.0,-3.59,-0.06,-0.99,-0.2,9.8,4.8,-18.83,247.0,TESTR,AKR-TESTR-<MAC6>,0.0,1.0,0.0,100.0
103960,2,walk,walk,9472,,9472.0,20.0,1.0,6.0,2.0,-6.67,0.005,0.3,-1.024,32.0,28.14,0.0,18.0,0.0,1.0,-3.29,-0.06,-0.99,-0.2,10.48,5.33,-19.04,247.0,TESTR,AKR-TESTR-<MAC6>,0.0,1.0,0.0,100.0
104000,2,walk,walk,9473,,9473.0,20.0,1.0,6.0,2.0,-6.26,0.009,0.299,-1.433,32.0,28.11,0.0,18.0,0.0,1.0,-2.98,-0.05,-0.99,-0.2,11.16,5.83,-19.37,247.0,TESTR,AKR-TESTR-<MAC6>,0.0,1.0,0.0,100.0
104020,2,walk,walk,9474,,9474.0,20.0,1.0,6.0,2.0,-5.85,0.012,0.281,-1.67,33.0,28.11,0.0,18.0,0.0,1.0,-2.67,-0.05,-0.99,-0.2,11.86,6.23,-19.79,247.0,TESTR,AKR-TESTR-<MAC6>,0.0,1.0,0.0,100.0
104040,2,walk,walk,9475,,9475.0,20.0,1.0,6.0,2.0,-5.45,0.014,0.112,-1.839,32.0,28.11,0.0,18.0,0.0,1.0,-2.35,-0.04,-1.0,-0.19,12.62,6.5,-20.26,247.0,TESTR,AKR-TESTR-<MAC6>,0.0,1.0,0.0,100.0
104080,2,walk,walk,9476,,9476.0,20.0,1.0,6.0,2.0,-5.05,0.015,0.046,-1.949,33.0,28.07,0.0,18.0,0.0,1.0,-2.02,-0.04,-1.0,-0.19,13.51,6.65,-20.77,247.0,TESTR,AKR-TESTR-<MAC6>,0.0,1.0,0.0,100.0
104080,2,walk,walk,9477,,9477.0,20.0,1.0,6.0,2.0,-4.66,0.016,0.003,-2.044,33.0,28.07,0.0,18.0,0.0,1.0,-1.7,-0.03,-1.0,-0.19,14.53,6.73,-21.33,247.0,TESTR,AKR-TESTR-<MAC6>,0.0,1.0,0.0,100.0
104100,2,walk,walk,9478,,9478.0,20.0,1.0,6.0,2.0,-4.27,0.017,0.045,-2.095,33.0,28.07,0.0,18.0,0.0,1.0,-1.37,-0.02,-1.0,-0.19,15.69,6.78,-21.93,247.0,TESTR,AKR-TESTR-<MAC6>,0.0,1.0,0.0,100.0
104120,2,walk,walk,9479,,9479.0,20.0,2.0,6.0,2.0,-3.88,0.017,0.041,-2.097,33.0,28.07,0.0,19.0,0.0,1.0,-1.04,-0.02,-1.0,-0.19,16.89,6.91,-22.62,247.0,TESTR,AKR-TESTR-<MAC6>,0.0,1.0,0.0,100.0
104140,2,walk,walk,9480,,9480.0,20.0,1.0,6.0,2.0,-3.49,0.017,-0.003,-2.045,33.0,28.07,0.0,18.0,0.0,1.0,-0.71,-0.01,-1.01,-0.19,17.99,7.31,-23.4,247.0,TESTR,AKR-TESTR-<MAC6>,0.0,1.0,0.0,100.0
104140,2,walk,walk,9481,,9481.0,20.0,1.0,6.0,2.0,-3.1,0.015,-0.124,-1.799,33.0,28.07,0.0,18.0,0.0,1.0,-0.4,-0.01,-1.02,-0.18,18.85,8.13,-24.3,247.0,TESTR,AKR-TESTR-<MAC6>,0.0,1.0,0.0,100.0
104180,2,walk,walk,9482,,9482.0,20.0,2.0,6.0,2.0,-2.71,0.012,-0.291,-1.285,33.0,28.11,0.0,19.0,0.0,1.0,-0.11,0.0,-1.02,-0.18,19.37,9.38,-25.33,247.0,TESTR,AKR-TESTR-<MAC6>,0.0,1.0,0.0,100.0
104200,2,walk,walk,9483,,9483.0,20.0,2.0,6.0,2.0,-2.31,0.007,-0.424,-0.621,33.0,28.14,0.0,19.0,0.0,1.0,0.15,0.0,-1.03,-0.18,19.5,11.03,-26.51,247.0,TESTR,AKR-TESTR-<MAC6>,0.0,1.0,0.0,100.0
104240,2,walk,walk,9484,,9484.0,20.0,2.0,6.0,2.0,-1.91,0.003,-0.241,-0.028,33.0,28.14,0.0,19.0,0.0,1.0,0.37,0.01,-1.04,-0.17,19.18,13.07,-27.81,247.0,TESTR,AKR-TESTR-<MAC6>,0.0,1.0,0.0,100.0
104240,2,walk,walk,9485,,9485.0,20.0,2.0,6.0,2.0,-1.5,0.0,-0.186,0.295,33.0,28.14,0.0,19.0,0.0,1.0,0.49,0.01,-1.04,-0.17,18.36,15.65,-29.1,247.0,TESTR,AKR-TESTR-<MAC6>,0.0,1.0,0.0,100.0
104280,2,walk,walk,9486,,9486.0,20.0,2.0,6.0,2.0,-1.09,-0.002,-0.117,0.36,33.0,28.14,0.0,19.0,0.0,1.0,0.31,0.01,-1.04,-0.16,17.03,19.03,-29.88,247.0,TESTR,AKR-TESTR-<MAC6>,0.0,1.0,0.0,100.0
104300,2,walk,walk,9487,,9487.0,20.0,2.0,6.0,2.0,-0.67,-0.002,-0.019,0.168,33.0,28.14,0.0,19.0,0.0,1.0,-0.36,-0.01,-1.04,-0.15,15.21,23.31,-29.39,247.0,TESTR,AKR-TESTR-<MAC6>,0.0,1.0,0.0,100.0
104300,2,walk,walk,9488,,9488.0,20.0,0.0,6.0,2.0,-0.24,-0.002,0.034,0.179,33.0,28.14,0.0,17.0,0.0,1.0,-1.65,-0.03,-1.04,-0.14,13.06,28.17,-27.09,247.0,TESTR,AKR-TESTR-<MAC6>,0.0,1.0,0.0,100.0
104320,2,walk,walk,9489,,9489.0,20.0,1.0,6.0,2.0,0.2,-0.001,0.075,0.109,33.0,28.14,0.0,18.0,0.0,1.0,-3.53,-0.06,-1.04,-0.14,10.84,32.83,-22.87,247.0,TESTR,AKR-TESTR-<MAC6>,0.0,1.0,0.0,100.0
104320,2,walk,walk,9490,,9490.0,20.0,1.0,6.0,2.0,0.64,-0.001,0.041,0.099,33.0,28.14,0.0,18.0,0.0,1.0,-5.84,-0.11,-1.05,-0.13,8.78,36.31,-17.03,247.0,TESTR,AKR-TESTR-<MAC6>,0.0,1.0,0.0,100.0
104380,2,walk,walk,9491,,9491.0,20.0,1.0,6.0,2.0,1.07,-0.001,-0.022,0.115,33.0,28.14,0.0,18.0,0.0,1.0,-8.32,-0.15,-1.05,-0.13,7.02,37.72,-10.18,247.0,TESTR,AKR-TESTR-<MAC6>,0.0,1.0,0.0,100.0
104380,2,walk,walk,9492,,9492.0,20.0,1.0,1.0,5.0,1.5,-0.001,-0.044,0.129,33.0,28.14,0.0,18.0,0.0,2.0,-10.7,-0.2,-1.05,-0.13,5.64,36.49,-2.92,247.0,TESTR,AKR-TESTR-<MAC6>,0.0,1.0,0.0,100.0
104380,2,walk,walk,9493,,9493.0,20.0,0.0,1.0,6.0,1.9,-0.001,-0.01,0.123,33.0,28.07,0.0,19.0,0.0,2.0,-12.74,-0.24,-1.05,-0.13,4.69,32.24,4.08,247.0,TESTR,AKR-TESTR-<MAC6>,0.0,1.0,0.0,100.0
104420,2,walk,walk,9494,,9494.0,20.0,0.0,1.0,6.0,2.26,0.039,3.476,1.192,33.0,28.07,0.0,19.0,0.0,2.0,-14.29,-0.27,-1.06,-0.13,4.18,25.19,10.13,247.0,TESTR,AKR-TESTR-<MAC6>,0.0,1.0,0.0,100.0
104440,2,walk,walk,9495,,9495.0,20.0,0.0,1.0,6.0,2.58,0.089,3.015,1.666,33.0,28.04,0.0,19.0,0.0,2.0,-15.24,-0.29,-1.06,-0.14,4.06,16.25,14.89,247.0,TESTR,AKR-TESTR-<MAC6>,0.0,1.0,0.0,100.0
104460,2,walk,walk,9496,,9496.0,20.0,0.0,1.0,6.0,2.84,0.13,2.682,1.931,33.0,28.0,0.0,19.0,0.0,2.0,-15.6,-0.29,-1.06,-0.14,4.21,6.64,18.44,247.0,TESTR,AKR-TESTR-<MAC6>,0.0,1.0,0.0,100.0
104480,2,walk,walk,9497,,9497.0,20.0,0.0,1.0,6.0,3.03,0.165,2.026,2.528,33.0,27.97,0.0,19.0,0.0,2.0,-15.43,-0.29,-1.06,-0.15,4.43,-2.38,21.08,247.0,TESTR,AKR-TESTR-<MAC6>,0.0,1.0,0.0,100.0
104500,2,walk,walk,9498,,9498.0,20.0,0.0,1.0,6.0,3.14,0.193,1.758,2.595,33.0,27.97,0.0,19.0,0.0,2.0,-14.82,-0.28,-1.05,-0.16,4.52,-9.86,23.18,247.0,TESTR,AKR-TESTR-<MAC6>,0.0,1.0,0.0,100.0
104520,2,walk,walk,9499,,9499.0,20.0,0.0,1.0,6.0,3.17,0.216,1.37,2.971,33.0,27.93,0.0,19.0,0.0,2.0,-13.86,-0.26,-1.05,-0.17,4.33,-15.33,25.08,247.0,TESTR,AKR-TESTR-<MAC6>,0.0,1.0,0.0,100.0
104560,2,walk,walk,9500,,9500.0,20.0,0.0,1.0,6.0,3.13,0.235,1.174,3.22,33.0,27.9,0.0,19.0,0.0,2.0,-12.65,-0.24,-1.05,-0.18,3.77,-18.81,27.02,247.0,TESTR,AKR-TESTR-<MAC6>,0.0,1.0,0.0,100.0
104560,2,walk,walk,9501,,9501.0,20.0,0.0,1.0,6.0,3.0,0.252,1.016,3.353,33.0,27.9,0.0,19.0,0.0,2.0,-11.27,-0.21,-1.05,-0.19,2.85,-20.71,29.1,247.0,TESTR,AKR-TESTR-<MAC6>,0.0,1.0,0.0,100.0
104580,2,walk,walk,9502,,9502.0,20.0,0.0,1.0,6.0,2.79,0.264,0.767,3.619,33.0,27.86,0.0,19.0,0.0,2.0,-9.74,-0.18,-1.04,-0.2,1.61,-21.55,31.29,247.0,TESTR,AKR-TESTR-<MAC6>,0.0,1.0,0.0,100.0
104600,2,walk,walk,9503,,9503.0,20.0,0.0,1.0,6.0,2.51,0.274,0.456,3.933,33.0,27.86,0.0,19.0,0.0,2.0,-8.08,-0.15,-1.04,-0.21,0.11,-21.83,33.47,247.0,TESTR,AKR-TESTR-<MAC6>,0.0,1.0,0.0,100.0
104620,2,walk,walk,9504,,9504.0,20.0,0.0,1.0,6.0,2.16,0.281,0.528,3.887,33.0,27.83,0.0,19.0,0.0,2.0,-6.28,-0.11,-1.03,-0.22,-1.57,-21.92,35.48,247.0,TESTR,AKR-TESTR-<MAC6>,0.0,1.0,0.0,100.0
104620,2,walk,walk,9505,,9505.0,20.0,0.0,1.0,6.0,1.75,0.288,0.451,4.018,33.0,27.83,0.0,19.0,0.0,2.0,-4.35,-0.08,-1.02,-0.22,-3.38,-21.95,37.14,247.0,TESTR,AKR-TESTR-<MAC6>,0.0,1.0,0.0,100.0
104660,2,walk,walk,9506,,9506.0,20.0,0.0,1.0,6.0,1.29,0.293,0.377,4.201,33.0,27.83,0.0,19.0,0.0,2.0,-2.3,-0.04,-1.01,-0.23,-5.26,-21.82,38.31,247.0,TESTR,AKR-TESTR-<MAC6>,0.0,1.0,0.0,100.0
104680,2,walk,walk,9507,,9507.0,20.0,0.0,1.0,6.0,0.78,0.298,0.346,4.168,33.0,27.83,0.0,19.0,0.0,2.0,-0.17,0.0,-1.0,-0.23,-7.19,-21.36,38.87,248.0,TESTR,AKR-TESTR-<MAC6>,0.0,1.0,0.0,100.0
104720,2,walk,walk,9508,,9508.0,20.0,0.0,3.0,7.0,0.23,0.303,0.336,4.069,33.0,27.83,0.0,19.0,0.0,2.0,1.95,0.03,-0.99,-0.22,-9.15,-20.44,38.8,248.0,TESTR,AKR-TESTR-<MAC6>,0.0,1.0,0.0,100.0
104720,2,walk,walk,9509,,9509.0,20.0,0.0,3.0,7.0,-0.35,0.306,0.254,4.037,33.0,27.86,0.0,19.0,0.0,2.0,3.99,0.07,-0.97,-0.22,-11.1,-19.05,38.05,248.0,TESTR,AKR-TESTR-<MAC6>,0.0,1.0,0.0,100.0
104740,2,walk,walk,9510,,9510.0,20.0,0.0,3.0,7.0,-0.95,0.31,0.245,4.171,33.0,27.83,0.0,19.0,0.0,2.0,5.86,0.1,-0.96,-0.21,-12.99,-17.27,36.67,248.0,TESTR,AKR-TESTR-<MAC6>,0.0,1.0,0.0,100.0
104740,2,walk,walk,9511,,9511.0,20.0,0.0,3.0,7.0,-1.56,0.311,0.01,4.348,33.0,27.83,0.0,19.0,0.0,2.0,7.49,0.12,-0.95,-0.21,-14.78,-15.34,34.7,248.0,TESTR,AKR-TESTR-<MAC6>,0.0,1.0,0.0,100.0
104800,2,walk,walk,9512,,9512.0,20.0,0.0,3.0,7.0,-2.18,0.311,-0.041,4.346,33.0,27.83,0.0,19.0,0.0,2.0,8.83,0.15,-0.94,-0.2,-16.44,-13.52,32.21,248.0,TESTR,AKR-TESTR-<MAC6>,0.0,1.0,0.0,100.0
104800,2,walk,walk,9513,,9513.0,20.0,0.0,3.0,7.0,-2.8,0.31,-0.073,4.266,33.0,27.86,0.0,19.0,0.0,2.0,9.87,0.16,-0.93,-0.2,-17.95,-12.01,29.28,248.0,TESTR,AKR-TESTR-<MAC6>,0.0,1.0,0.0,100.0
104800,2,walk,walk,9514,,9514.0,20.0,0.0,3.0,7.0,-3.4,0.308,-0.119,4.198,33.0,27.86,0.0,19.0,0.0,2.0,10.62,0.17,-0.92,-0.19,-19.29,-10.95,26.01,248.0,TESTR,AKR-TESTR-<MAC6>,0.0,1.0,0.0,100.0
104860,2,walk,walk,9515,,9515.0,20.0,0.0,3.0,7.0,-3.98,0.304,-0.386,4.201,33.0,27.86,0.0,19.0,0.0,2.0,11.13,0.18,-0.91,-0.19,-20.49,-10.31,22.54,248.0,TESTR,AKR-TESTR-<MAC6>,0.0,1.0,0.0,100.0
104860,2,walk,walk,9516,,9516.0,20.0,0.0,3.0,7.0,-4.53,0.298,-0.327,3.987,33.0,27.9,0.0,19.0,0.0,2.0,11.42,0.18,-0.91,-0.19,-21.57,-10.01,18.99,248.0,TESTR,AKR-TESTR-<MAC6>,0.0,1.0,0.0,100.0
104860,2,walk,walk,9517,,9517.0,20.0,1.0,3.0,7.0,-5.05,0.29,-0.641,3.76,33.0,27.93,0.0,20.0,0.0,2.0,11.54,0.18,-0.9,-0.18,-22.58,-9.88,15.5,248.0,TESTR,AKR-TESTR-<MAC6>,0.0,1.0,0.0,100.0
104900,2,walk,walk,9518,,9518.0,20.0,0.0,3.0,7.0,-5.52,0.279,-0.802,3.639,33.0,27.97,0.0,19.0,0.0,2.0,11.51,0.18,-0.9,-0.18,-23.53,-9.77,12.16,248.0,TESTR,AKR-TESTR-<MAC6>,0.0,1.0,0.0,100.0
104920,2,walk,walk,9519,,9519.0,20.0,0.0,3.0,7.0,-5.95,0.262,-1.189,3.461,33.0,28.04,0.0,19.0,0.0,2.0,11.35,0.18,-0.9,-0.18,-24.4,-9.62,9.01,248.0,TESTR,AKR-TESTR-<MAC6>,0.0,1.0,0.0,100.0
104920,2,walk,walk,9520,,9520.0,20.0,0.0,3.0,7.0,-6.33,0.241,-1.561,2.977,33.0,28.07,0.0,19.0,0.0,2.0,10.88,0.17,-0.9,-0.18,-24.92,-9.58,6.17,248.0,TESTR,AKR-TESTR-<MAC6>,0.0,1.0,0.0,100.0
104960,2,walk,walk,9521,,9521.0,20.0,0.0,3.0,7.0,-6.65,0.217,-1.875,2.627,33.0,28.11,0.0,19.0,0.0,2.0,9.69,0.16,-0.92,-0.17,-24.62,-10.4,4.0,248.0,TESTR,AKR-TESTR-<MAC6>,0.0,1.0,0.0,100.0
104980,2,walk,walk,9522,,9522.0,20.0,0.0,0.0,1.0,-6.91,0.163,-4.905,2.818,33.0,28.25,0.0,19.0,0.0,2.0,7.72,0.13,-0.94,-0.16,-23.37,-12.44,2.79,248.0,TESTR,AKR-TESTR-<MAC6>,0.0,1.0,0.0,100.0
105000,2,walk,walk,9523,,9523.0,20.0,0.0,0.0,1.0,-7.13,0.077,-6.135,2.123,33.0,28.25,0.0,19.0,0.0,2.0,5.19,0.09,-0.97,-0.15,-21.32,-15.7,3.51,248.0,TESTR,AKR-TESTR-<MAC6>,0.0,1.0,0.0,100.0
105040,2,walk,walk,9524,,9524.0,20.0,0.0,0.0,1.0,-7.28,-0.138,-32.768,0.0,33.0,28.14,0.0,12.0,0.0,2.0,2.51,0.04,-1.0,-0.13,-18.9,-19.84,6.44,248.0,TESTR,AKR-TESTR-<MAC6>,0.0,1.0,0.0,100.0
105040,2,walk,walk,9525,,9525.0,20.0,0.0,0.0,1.0,-7.4,-0.236,-3.562,0.0,33.0,28.18,0.0,12.0,0.0,2.0,0.04,0.0,-1.02,-0.12,-16.42,-24.17,10.58,248.0,TESTR,AKR-TESTR-<MAC6>,0.0,1.0,0.0,100.0
105040,2,walk,walk,9526,,9526.0,20.0,0.0,0.0,1.0,-7.47,-0.253,0.148,0.0,33.0,28.18,0.0,12.0,0.0,2.0,-2.01,-0.04,-1.04,-0.11,-14.06,-27.86,14.7,248.0,TESTR,AKR-TESTR-<MAC6>,0.0,1.0,0.0,100.0
105080,2,walk,walk,9527,,9527.0,20.0,1.0,0.0,1.0,-7.52,-0.251,0.107,0.0,33.0,28.18,0.0,13.0,0.0,2.0,-3.58,-0.07,-1.05,-0.1,-11.85,-30.6,17.88,248.0,TESTR,AKR-TESTR-<MAC6>,0.0,1.0,0.0,100.0
105100,2,walk,walk,9528,,9528.0,20.0,0.0,0.0,1.0,-7.55,-0.247,0.703,0.0,33.0,28.18,0.0,12.0,0.0,2.0,-4.68,-0.09,-1.07,-0.09,-9.79,-32.27,19.57,248.0,TESTR,AKR-TESTR-<MAC6>,0.0,1.0,0.0,100.0
105100,2,walk,walk,9529,,9529.0,20.0,1.0,0.0,1.0,-7.57,-0.236,0.691,0.0,33.0,28.18,0.0,13.0,0.0,2.0,-5.36,-0.1,-1.08,-0.09,-7.89,-32.87,19.74,248.0,TESTR,AKR-TESTR-<MAC6>,0.0,1.0,0.0,100.0
105140,2,walk,walk,9530,,9530.0,20.0,1.0,0.0,1.0,-7.59,-0.229,0.361,0.0,33.0,28.18,0.0,13.0,0.0,2.0,-5.74,-0.11,-1.08,-0.09,-6.22,-32.49,18.66,248.0,TESTR,AKR-TESTR-<MAC6>,0.0,1.0,0.0,100.0
105160,2,walk,walk,9531,,9531.0,20.0,1.0,0.0,1.0,-7.63,-0.226,0.182,0.0,33.0,28.18,0.0,13.0,0.0,2.0,-5.9,-0.11,-1.09,-0.09,-4.84,-31.29,16.77,248.0,TESTR,AKR-TESTR-<MAC6>,0.0,1.0,0.0,100.0
105200,2,walk,walk,9532,,9532.0,20.0,1.0,0.0,1.0,-7.68,-0.224,0.022,0.0,33.0,28.18,0.0,13.0,0.0,2.0,-5.94,-0.11,-1.09,-0.09,-3.75,-29.46,14.54,248.0,TESTR,AKR-TESTR-<MAC6>,0.0,1.0,0.0,100.0
105200,2,walk,walk,9533,,9533.0,20.0,1.0,0.0,1.0,-7.74,-0.225,-0.002,0.0,33.0,28.18,0.0,13.0,0.0,2.0,-5.94,-0.11,-1.09,-0.09,-2.91,-27.19,12.34,248.0,TESTR,AKR-TESTR-<MAC6>,0.0,1.0,0.0,100.0
105220,2,walk,walk,9534,,9534.0,20.0,1.0,0.0,1.0,-7.83,-0.225,0.052,0.0,33.0,28.18,0.0,13.0,0.0,2.0,-5.98,-0.11,-1.08,-0.1,-2.26,-24.66,10.39,248.0,TESTR,AKR-TESTR-<MAC6>,0.0,1.0,0.0,100.0
105220,2,walk,walk,9535,,9535.0,20.0,1.0,0.0,1.0,-7.93,-0.226,-0.069,0.0,33.0,28.18,0.0,13.0,0.0,2.0,-6.09,-0.11,-1.08,-0.11,-1.76,-22.01,8.77,248.0,TESTR,AKR-TESTR-<MAC6>,0.0,1.0,0.0,100.0
105260,2,walk,walk,9536,,9536.0,20.0,1.0,0.0,1.0,-8.05,-0.225,0.03,0.0,33.0,28.18,0.0,13.0,0.0,2.0,-6.35,-0.12,-1.07,-0.12,-1.4,-19.38,7.36,248.0,TESTR,AKR-TESTR-<MAC6>,0.0,1.0,0.0,100.0
105280,2,walk,walk,9537,,9537.0,20.0,1.0,0.0,1.0,-8.18,-0.222,0.469,0.0,33.0,28.18,0.0,13.0,0.0,2.0,-6.75,-0.13,-1.06,-0.12,-1.15,-16.84,6.06,248.0,TESTR,AKR-TESTR-<MAC6>,0.0,1.0,0.0,100.0
105280,2,walk,walk,9538,,9538.0,20.0,1.0,0.0,1.0,-8.31,-0.208,1.186,0.0,33.0,28.18,0.0,13.0,0.0,2.0,-7.31,-0.13,-1.05,-0.13,-1.01,-14.49,4.61,248.0,TESTR,AKR-TESTR-<MAC6>,0.0,1.0,0.0,100.0
105340,2,walk,walk,9539,,9539.0,20.0,1.0,0.0,1.0,-8.45,-0.192,1.025,0.0,33.0,28.18,0.0,13.0,0.0,2.0,-7.97,-0.15,-1.04,-0.14,-0.94,-12.4,2.78,248.0,TESTR,AKR-TESTR-<MAC6>,0.0,1.0,0.0,100.0
105340,2,walk,walk,9540,,9540.0,20.0,0.0,0.0,1.0,-8.59,-0.176,0.984,0.0,33.0,28.18,0.0,12.0,0.0,2.0,-8.65,-0.16,-1.03,-0.15,-0.9,-10.59,0.44,248.0,TESTR,AKR-TESTR-<MAC6>,0.0,1.0,0.0,100.0
105340,2,walk,walk,9541,,9541.0,20.0,0.0,0.0,1.0,-8.72,-0.165,0.832,0.0,33.0,28.18,0.0,12.0,0.0,2.0,-9.3,-0.17,-1.02,-0.15,-0.84,-9.07,-2.35,248.0,TESTR,AKR-TESTR-<MAC6>,0.0,1.0,0.0,100.0
105380,2,walk,walk,9542,,9542.0,20.0,0.0,0.0,1.0,-8.84,-0.152,0.605,0.0,33.0,28.18,0.0,12.0,0.0,2.0,-9.86,-0.18,-1.01,-0.16,-0.71,-7.79,-5.45,248.0,TESTR,AKR-TESTR-<MAC6>,0.0,1.0,0.0,100.0
105400,2,walk,walk,9543,,9543.0,20.0,0.0,0.0,1.0,-8.95,-0.142,0.915,0.0,33.0,28.18,0.0,12.0,0.0,2.0,-10.29,-0.18,-1.0,-0.17,-0.49,-6.7,-8.68,248.0,TESTR,AKR-TESTR-<MAC6>,0.0,1.0,0.0,100.0
105420,2,walk,walk,9544,,9544.0,20.0,0.0,0.0,1.0,-9.05,-0.129,0.753,0.0,33.0,28.18,0.0,12.0,0.0,2.0,-10.59,-0.19,-1.0,-0.17,-0.17,-5.78,-11.91,248.0,TESTR,AKR-TESTR-<MAC6>,0.0,1.0,0.0,100.0
105440,2,walk,walk,9545,,9545.0,20.0,0.0,0.0,1.0,-9.13,-0.118,0.902,0.0,33.0,28.18,0.0,12.0,0.0,2.0,-10.76,-0.19,-0.99,-0.18,0.26,-4.99,-15.02,248.0,TESTR,AKR-TESTR-<MAC6>,0.0,1.0,0.0,100.0
105460,2,walk,walk,9546,,9546.0,20.0,0.0,0.0,1.0,-9.19,-0.104,0.808,0.0,33.0,28.18,0.0,12.0,0.0,2.0,-10.8,-0.19,-0.99,-0.18,0.78,-4.31,-17.94,248.0,TESTR,AKR-TESTR-<MAC6>,0.0,1.0,0.0,100.0
105500,2,walk,walk,9547,,9547.0,20.0,0.0,0.0,1.0,-9.22,-0.093,0.829,0.0,33.0,28.18,0.0,12.0,0.0,2.0,-10.73,-0.19,-0.99,-0.19,1.39,-3.73,-20.63,248.0,TESTR,AKR-TESTR-<MAC6>,0.0,1.0,0.0,100.0
105500,2,walk,walk,9548,,9548.0,20.0,0.0,0.0,1.0,-9.23,-0.079,0.916,0.0,33.0,28.18,0.0,12.0,0.0,2.0,-10.55,-0.18,-0.98,-0.19,2.07,-3.23,-23.1,248.0,TESTR,AKR-TESTR-<MAC6>,0.0,1.0,0.0,100.0
105520,2,walk,walk,9549,,9549.0,20.0,0.0,0.0,1.0,-9.2,-0.067,0.93,0.0,33.0,28.18,0.0,12.0,0.0,2.0,-10.29,-0.18,-0.98,-0.19,2.82,-2.8,-25.35,248.0,TESTR,AKR-TESTR-<MAC6>,0.0,1.0,0.0,100.0
105520,2,walk,walk,9550,,9550.0,20.0,0.0,0.0,1.0,-9.14,-0.052,0.984,0.0,33.0,28.18,0.0,12.0,0.0,2.0,-9.94,-0.17,-0.98,-0.19,3.61,-2.43,-27.42,248.0,TESTR,AKR-TESTR-<MAC6>,0.0,1.0,0.0,100.0
105580,2,walk,walk,9551,,9551.0,20.0,0.0,0.0,1.0,-9.04,-0.039,0.904,0.0,33.0,28.18,0.0,12.0,0.0,2.0,-9.53,-0.16,-0.98,-0.19,4.42,-2.13,-29.32,248.0,TESTR,AKR-TESTR-<MAC6>,0.0,1.0,0.0,100.0
105580,2,walk,walk,9552,,9552.0,20.0,0.0,0.0,1.0,-8.91,-0.023,1.004,0.0,33.0,28.18,0.0,12.0,0.0,2.0,-9.06,-0.16,-0.98,-0.19,5.26,-1.88,-31.1,248.0,TESTR,AKR-TESTR-<MAC6>,0.0,1.0,0.0,100.0
105600,2,walk,walk,9553,,9553.0,20.0,0.0,0.0,1.0,-8.74,-0.009,1.031,0.0,33.0,28.18,0.0,12.0,0.0,2.0,-8.54,-0.15,-0.98,-0.19,6.09,-1.69,-32.8,248.0,TESTR,AKR-TESTR-<MAC6>,0.0,1.0,0.0,100.0
105640,2,walk,walk,9554,,9554.0,20.0,0.0,0.0,1.0,-8.53,0.008,0.869,0.0,33.0,28.18,0.0,12.0,0.0,2.0,-7.97,-0.14,-0.98,-0.19,6.93,-1.53,-34.45,248.0,TESTR,AKR-TESTR-<MAC6>,0.0,1.0,0.0,100.0
105640,2,walk,walk,9555,,9555.0,20.0,0.0,0.0,1.0,-8.28,0.023,1.111,0.0,33.0,28.18,0.0,12.0,0.0,2.0,-7.38,-0.13,-0.98,-0.19,7.78,-1.4,-36.1,248.0,TESTR,AKR-TESTR-<MAC6>,0.0,1.0,0.0,100.0
105640,2,walk,walk,9556,,9556.0,20.0,0.0,0.0,1.0,-7.99,0.036,0.688,0.0,33.0,28.18,0.0,12.0,0.0,2.0,-6.77,-0.12,-0.99,-0.19,8.67,-1.3,-37.72,248.0,TESTR,AKR-TESTR-<MAC6>,0.0,1.0,0.0,100.0
105680,2,walk,walk,9557,,9557.0,20.0,0.0,0.0,1.0,-7.67,0.047,0.836,0.0,33.0,28.18,0.0,12.0,0.0,2.0,-6.13,-0.11,-0.99,-0.19,9.66,-1.21,-39.32,248.0,TESTR,AKR-TESTR-<MAC6>,0.0,1.0,0.0,100.0
105700,2,walk,walk,9558,,9558.0,20.0,0.0,0.0,1.0,-7.3,0.057,0.625,0.0,33.0,28.18,0.0,12.0,0.0,2.0,-5.47,-0.09,-0.99,-0.18,10.78,-1.11,-40.88,248.0,TESTR,AKR-TESTR-<MAC6>,0.0,1.0,0.0,100.0
105720,2,walk,walk,9559,,9559.0,20.0,0.0,6.0,2.0,-6.9,0.071,1.118,0.0,33.0,28.18,0.0,12.0,0.0,2.0,-4.78,-0.08,-0.99,-0.18,12.02,-0.98,-42.45,248.0,TESTR,AKR-TESTR-<MAC6>,0.0,1.0,0.0,100.0
105740,2,walk,walk,9560,,9560.0,20.0,0.0,6.0,2.0,-6.46,0.082,1.4,-0.19,33.0,28.11,0.0,18.0,0.0,2.0,-4.06,-0.07,-1.0,-0.18,13.36,-0.35,-43.85,248.0,TESTR,AKR-TESTR-<MAC6>,0.0,1.0,0.0,100.0
105760,2,walk,walk,9561,,9561.0,20.0,0.0,6.0,2.0,-5.98,0.059,-1.793,-2.043,33.0,28.04,0.0,18.0,0.0,2.0,-3.28,-0.06,-1.0,-0.18,14.72,1.04,-44.67,248.0,TESTR,AKR-TESTR-<MAC6>,0.0,1.0,0.0,100.0
105800,2,walk,walk,9562,,9562.0,20.0,0.0,6.0,2.0,-5.47,0.039,-1.041,-2.341,33.0,28.0,0.0,18.0,0.0,2.0,-2.46,-0.04,-1.01,-0.18,15.97,3.15,-44.8,249.0,TESTR,AKR-TESTR-<MAC6>,0.0,1.0,0.0,100.0
105820,2,walk,walk,9563,,9563.0,20.0,0.0,6.0,2.0,-4.92,0.027,-0.681,-2.308,33.0,28.04,0.0,18.0,0.0,2.0,-1.66,-0.03,-1.02,-0.18,17.02,5.76,-44.34,249.0,TESTR,AKR-TESTR-<MAC6>,0.0,1.0,0.0,100.0
105820,2,walk,walk,9564,,9564.0,20.0,1.0,6.0,2.0,-4.34,0.02,-0.389,-1.829,33.0,28.07,0.0,19.0,0.0,2.0,-0.89,-0.02,-1.03,-0.17,17.79,8.6,-43.48,249.0,TESTR,AKR-TESTR-<MAC6>,0.0,1.0,0.0,100.0
105840,2,walk,walk,9565,,9565.0,20.0,1.0,6.0,2.0,-3.73,0.013,-0.463,-1.116,33.0,28.11,0.0,19.0,0.0,2.0,-0.16,0.0,-1.03,-0.17,18.15,11.54,-42.42,249.0,TESTR,AKR-TESTR-<MAC6>,0.0,1.0,0.0,100.0
105860,2,walk,walk,9566,,9566.0,20.0,1.0,6.0,2.0,-3.1,0.006,-0.502,-0.31,33.0,28.14,0.0,19.0,0.0,2.0,0.48,0.01,-1.04,-0.17,17.96,14.64,-41.28,249.0,TESTR,AKR-TESTR-<MAC6>,0.0,1.0,0.0,100.0
105880,2,walk,walk,9567,,9567.0,20.0,1.0,6.0,2.0,-2.44,0.002,-0.154,-0.017,33.0,28.14,0.0,19.0,0.0,2.0,0.92,0.02,-1.04,-0.16,17.11,18.27,-39.91,249.0,TESTR,AKR-TESTR-<MAC6>,0.0,1.0,0.0,100.0
105880,2,walk,walk,9568,,9568.0,20.0,1.0,6.0,2.0,-1.77,0.0,-0.091,0.136,33.0,28.14,0.0,19.0,0.0,2.0,0.92,0.02,-1.05,-0.16,15.57,22.67,-37.66,249.0,TESTR,AKR-TESTR-<MAC6>,0.0,1.0,0.0,100.0
105920,2,walk,walk,9569,,9569.0,20.0,1.0,6.0,2.0,-1.08,-0.001,0.064,0.045,33.0,28.14,0.0,19.0,0.0,2.0,0.26,0.0,-1.04,-0.15,13.37,27.77,-33.8,249.0,TESTR,AKR-TESTR-<MAC6>,0.0,1.0,0.0,100.0
105940,2,walk,walk,9570,,9570.0,20.0,1.0,6.0,2.0,-0.38,-0.001,0.028,0.068,33.0,28.14,0.0,19.0,0.0,2.0,-1.21,-0.02,-1.04,-0.15,10.69,33.11,-28.03,249.0,TESTR,AKR-TESTR-<MAC6>,0.0,1.0,0.0,100.0
105960,2,walk,walk,9571,,9571.0,20.0,1.0,1.0,5.0,0.31,-0.001,-0.081,0.11,33.0,28.14,0.0,19.0,0.0,3.0,-3.41,-0.06,-1.04,-0.15,7.77,37.89,-20.53,249.0,TESTR,AKR-TESTR-<MAC6>,0.0,1.0,0.0,100.0
106000,2,walk,walk,9572,,9572.0,20.0,0.0,1.0,5.0,1.0,-0.002,-0.066,0.268,33.0,28.07,0.0,19.0,0.0,3.0,-6.12,-0.11,-1.04,-0.15,4.88,41.11,-12.07,249.0,TESTR,AKR-TESTR-<MAC6>,0.0,1.0,0.0,100.0
106000,2,walk,walk,9573,,9573.0,20.0,0.0,1.0,5.0,1.66,0.035,3.331,1.558,33.0,28.04,0.0,19.0,0.0,3.0,-9.01,-0.16,-1.04,-0.15,2.23,42.07,-3.54,249.0,TESTR,AKR-TESTR-<MAC6>,0.0,1.0,0.0,100.0
106000,2,walk,walk,9574,,9574.0,20.0,0.0,1.0,6.0,2.28,0.082,2.945,2.054,33.0,27.97,0.0,19.0,0.0,3.0,-11.76,-0.22,-1.03,-0.15,-0.07,40.57,4.44,249.0,TESTR,AKR-TESTR-<MAC6>,0.0,1.0,0.0,100.0
106040,2,walk,walk,9575,,9575.0,20.0,0.0,1.0,6.0,2.86,0.122,2.427,2.502,33.0,27.93,0.0,19.0,0.0,3.0,-14.08,-0.26,-1.03,-0.15,-1.96,36.98,11.54,249.0,TESTR,AKR-TESTR-<MAC6>,0.0,1.0,0.0,100.0
106060,2,walk,walk,9576,,9576.0,20.0,0.0,1.0,6.0,3.37,0.155,2.116,2.771,33.0,27.93,0.0,19.0,0.0,3.0,-15.78,-0.29,-1.03,-0.15,-3.39,31.98,17.67,249.0,TESTR,AKR-TESTR-<MAC6>,0.0,1.0,0.0,100.0
106060,2,walk,walk,9577,,9577.0,20.0,0.0,1.0,6.0,3.79,0.181,1.605,3.388,33.0,27.9,0.0,19.0,0.0,3.0,-16.75,-0.31,-1.03,-0.15,-4.38,26.41,22.84,249.0,TESTR,AKR-TESTR-<MAC6>,0.0,1.0,0.0,100.0
106100,2,walk,walk,9578,,9578.0,20.0,0.0,1.0,6.0,4.13,0.203,1.368,3.512,33.0,27.86,0.0,19.0,0.0,3.0,-16.97,-0.32,-1.03,-0.15,-5.0,20.98,27.18,249.0,TESTR,AKR-TESTR-<MAC6>,0.0,1.0,0.0,100.0
106120,2,walk,walk,9579,,9579.0,20.0,0.0,1.0,6.0,4.37,0.221,1.161,3.8,33.0,27.83,0.0,19.0,0.0,3.0,-16.52,-0.31,-1.04,-0.15,-5.4,16.19,30.81,249.0,TESTR,AKR-TESTR-<MAC6>,0.0,1.0,0.0,100.0
106160,2,walk,walk,9580,,9580.0,20.0,0.0,1.0,6.0,4.49,0.235,0.916,3.96,33.0,27.83,0.0,19.0,0.0,3.0,-15.53,-0.29,-1.05,-0.15,-5.71,12.17,33.85,249.0,TESTR,AKR-TESTR-<MAC6>,0.0,1.0,0.0,100.0
106160,2,walk,walk,9581,,9581.0,20.0,0.0,1.0,6.0,4.51,0.247,0.707,4.14,33.0,27.79,0.0,19.0,0.0,3.0,-14.13,-0.26,-1.05,-0.15,-6.03,8.83,36.38,249.0,TESTR,AKR-TESTR-<MAC6>,0.0,1.0,0.0,100.0
106180,2,walk,walk,9582,,9582.0,20.0,0.0,1.0,6.0,4.42,0.257,0.553,4.434,33.0,27.76,0.0,19.0,0.0,3.0,-12.42,-0.23,-1.05,-0.16,-6.42,5.94,38.47,249.0,TESTR,AKR-TESTR-<MAC6>,0.0,1.0,0.0,100.0
106180,2,walk,walk,9583,,9583.0,20.0,0.0,1.0,6.0,4.22,0.262,0.404,4.654,33.0,27.72,0.0,19.0,0.0,3.0,-10.45,-0.19,-1.05,-0.16,-6.89,3.26,40.11,249.0,TESTR,AKR-TESTR-<MAC6>,0.0,1.0,0.0,100.0
106220,2,walk,walk,9584,,9584.0,20.0,0.0,1.0,6.0,3.92,0.266,0.15,5.04,33.0,27.72,0.0,19.0,0.0,3.0,-8.25,-0.15,-1.05,-0.17,-7.45,0.65,41.26,249.0,TESTR,AKR-TESTR-<MAC6>,0.0,1.0,0.0,100.0
106240,2,walk,walk,9585,,9585.0,20.0,0.0,1.0,6.0,3.53,0.269,0.226,5.143,33.0,27.69,0.0,19.0,0.0,3.0,-5.83,-0.11,-1.04,-0.17,-8.07,-1.93,41.81,249.0,TESTR,AKR-TESTR-<MAC6>,0.0,1.0,0.0,100.0
106240,2,walk,walk,9586,,9586.0,20.0,1.0,3.0,7.0,3.05,0.271,0.146,5.162,33.0,27.69,0.0,20.0,0.0,3.0,-3.21,-0.06,-1.03,-0.18,-8.78,-4.39,41.67,249.0,TESTR,AKR-TESTR-<MAC6>,0.0,1.0,0.0,100.0
106300,2,walk,walk,9587,,9587.0,20.0,0.0,3.0,7.0,2.51,0.273,0.003,5.3,33.0,27.69,0.0,19.0,0.0,3.0,-0.43,-0.01,-1.02,-0.18,-9.61,-6.58,40.73,249.0,TESTR,AKR-TESTR-<MAC6>,0.0,1.0,0.0,100.0
106300,2,walk,walk,9588,,9588.0,20.0,0.0,3.0,7.0,1.91,0.274,0.075,5.328,33.0,27.69,0.0,19.0,0.0,3.0,2.45,0.04,-1.0,-0.18,-10.62,-8.32,38.98,249.0,TESTR,AKR-TESTR-<MAC6>,0.0,1.0,0.0,100.0
106300,2,walk,walk,9589,,9589.0,20.0,0.0,3.0,7.0,1.26,0.274,-0.005,5.319,33.0,27.69,0.0,19.0,0.0,3.0,5.32,0.09,-0.98,-0.19,-11.81,-9.52,36.42,249.0,TESTR,AKR-TESTR-<MAC6>,0.0,1.0,0.0,100.0
106340,2,walk,walk,9590,,9590.0,20.0,0.0,3.0,7.0,0.58,0.274,0.038,5.231,33.0,27.72,0.0,19.0,0.0,3.0,8.04,0.14,-0.96,-0.19,-13.19,-10.18,33.17,249.0,TESTR,AKR-TESTR-<MAC6>,0.0,1.0,0.0,100.0
106360,2,walk,walk,9591,,9591.0,20.0,0.0,3.0,7.0,-0.11,0.273,-0.026,5.043,33.0,27.76,0.0,19.0,0.0,3.0,10.48,0.18,-0.95,-0.2,-14.76,-10.39,29.35,249.0,TESTR,AKR-TESTR-<MAC6>,0.0,1.0,0.0,100.0
106380,2,walk,walk,9592,,9592.0,20.0,0.0,3.0,7.0,-0.8,0.271,-0.146,4.896,33.0,27.79,0.0,19.0,0.0,3.0,12.53,0.21,-0.93,-0.2,-16.47,-10.26,25.17,249.0,TESTR,AKR-TESTR-<MAC6>,0.0,1.0,0.0,100.0
106400,2,walk,walk,9593,,9593.0,20.0,1.0,3.0,7.0,-1.48,0.265,-0.488,4.887,33.0,27.79,0.0,20.0,0.0,3.0,14.12,0.23,-0.92,-0.2,-18.26,-9.99,20.84,249.0,TESTR,AKR-TESTR-<MAC6>,0.0,1.0,0.0,100.0
106420,2,walk,walk,9594,,9594.0,20.0,0.0,3.0,7.0,-2.13,0.255,-0.75,4.662,33.0,27.83,0.0,19.0,0.0,3.0,15.21,0.25,-0.91,-0.21,-20.11,-9.71,16.56,249.0,TESTR,AKR-TESTR-<MAC6>,0.0,1.0,0.0,100.0
106440,2,walk,walk,9595,,9595.0,20.0,0.0,3.0,7.0,-2.75,0.24,-0.938,4.267,33.0,27.9,0.0,19.0,0.0,3.0,15.5,0.25,-0.91,-0.21,-21.97,-9.51,12.48,249.0,TESTR,AKR-TESTR-<MAC6>,0.0,1.0,0.0,100.0
106480,2,walk,walk,9596,,9596.0,20.0,0.0,3.0,7.0,-3.31,0.218,-2.018,4.694,33.0,27.93,0.0,19.0,0.0,3.0,14.78,0.24,-0.92,-0.2,-23.21,-10.27,8.84,249.0,TESTR,AKR-TESTR-<MAC6>,0.0,1.0,0.0,100.0
106500,2,walk,walk,9597,,9597.0,20.0,0.0,3.0,7.0,-3.82,0.169,-3.705,4.984,33.0,28.0,0.0,19.0,0.0,3.0,13.16,0.22,-0.93,-0.19,-23.45,-12.58,5.82,249.0,TESTR,AKR-TESTR-<MAC6>,0.0,1.0,0.0,100.0
106500,2,walk,walk,9598,,9598.0,20.0,0.0,3.0,7.0,-4.26,0.101,-4.948,4.318,33.0,28.18,0.0,19.0,0.0,3.0,11.0,0.19,-0.96,-0.17,-22.67,-16.38,3.7,249.0,TESTR,AKR-TESTR-<MAC6>,0.0,1.0,0.0,100.0
106520,2,walk,walk,9599,,9599.0,20.0,0.0,0.0,1.0,-4.64,0.008,-6.507,3.274,33.0,28.28,0.0,19.0,0.0,3.0,8.65,0.15,-0.98,-0.14,-21.13,-20.85,2.84,249.0,TESTR,AKR-TESTR-<MAC6>,0.0,1.0,0.0,100.0
106540,2,walk,walk,9600,,9600.0,20.0,0.0,0.0,1.0,-4.95,-0.093,-7.001,2.022,33.0,28.28,0.0,19.0,0.0,3.0,6.36,0.11,-1.0,-0.11,-19.21,-24.63,3.54,249.0,TESTR,AKR-TESTR-<MAC6>,0.0,1.0,0.0,100.0
106560,2,walk,walk,9601,,9601.0,20.0,0.0,0.0,1.0,-5.19,-0.273,-32.768,0.0,33.0,28.25,0.0,14.0,0.0,3.0,4.47,0.08,-1.03,-0.09,-17.29,-27.05,6.39,249.0,TESTR,AKR-TESTR-<MAC6>,0.0,1.0,0.0,100.0
106580,2,walk,walk,9602,,9602.0,20.0,0.0,0.0,1.0,-5.38,-0.27,3.16,0.0,33.0,28.18,0.0,14.0,0.0,3.0,2.98,0.05,-1.04,-0.07,-15.39,-27.88,10.32,249.0,TESTR,AKR-TESTR-<MAC6>,0.0,1.0,0.0,100.0
106640,2,walk,walk,9603,,9603.0,20.0,1.0,0.0,1.0,-5.52,-0.23,1.111,0.0,33.0,28.18,0.0,15.0,0.0,3.0,1.86,0.03,-1.06,-0.06,-13.42,-27.55,13.89,249.0,TESTR,AKR-TESTR-<MAC6>,0.0,1.0,0.0,100.0
106640,2,walk,walk,9604,,9604.0,20.0,0.0,0.0,1.0,-5.62,-0.227,0.127,0.0,33.0,28.18,0.0,14.0,0.0,3.0,1.05,0.02,-1.07,-0.06,-11.37,-26.37,16.5,249.0,TESTR,AKR-TESTR-<MAC6>,0.0,1.0,0.0,100.0
106640,2,walk,walk,9605,,9605.0,20.0,1.0,0.0,1.0,-5.68,-0.227,-0.05,0.0,33.0,28.14,0.0,15.0,0.0,3.0,0.43,0.01,-1.08,-0.05,-9.36,-24.62,18.03,249.0,TESTR,AKR-TESTR-<MAC6>,0.0,1.0,0.0,100.0
106660,2,walk,walk,9606,,9606.0,20.0,1.0,0.0,1.0,-5.74,-0.227,-0.048,0.0,33.0,28.18,0.0,15.0,0.0,3.0,-0.08,0.0,-1.08,-0.06,-7.54,-22.52,18.6,249.0,TESTR,AKR-TESTR-<MAC6>,0.0,1.0,0.0,100.0
106660,2,walk,walk,9607,,9607.0,20.0,1.0,0.0,1.0,-5.78,-0.228,-0.038,0.0,33.0,28.18,0.0,15.0,0.0,3.0,-0.56,-0.01,-1.08,-0.06,-6.02,-20.23,18.47,249.0,TESTR,AKR-TESTR-<MAC6>,0.0,1.0,0.0,100.0
106700,2,walk,walk,9608,,9608.0,20.0,1.0,0.0,1.0,-5.82,-0.228,-0.045,0.0,33.0,28.18,0.0,15.0,0.0,3.0,-1.09,-0.02,-1.08,-0.07,-4.82,-17.89,17.87,249.0,TESTR,AKR-TESTR-<MAC6>,0.0,1.0,0.0,100.0
106720,2,walk,walk,9609,,9609.0,20.0,0.0,0.0,1.0,-5.87,-0.228,-0.081,0.0,33.0,28.18,0.0,14.0,0.0,3.0,-1.71,-0.03,-1.07,-0.07,-3.86,-15.6,16.97,249.0,TESTR,AKR-TESTR-<MAC6>,0.0,1.0,0.0,100.0
106720,2,walk,walk,9610,,9610.0,20.0,1.0,0.0,1.0,-5.93,-0.228,-0.032,0.0,33.0,28.14,0.0,15.0,0.0,3.0,-2.44,-0.05,-1.07,-0.09,-3.02,-13.45,15.85,249.0,TESTR,AKR-TESTR-<MAC6>,0.0,1.0,0.0,100.0
106760,2,walk,walk,9611,,9611.0,20.0,1.0,0.0,1.0,-6.0,-0.225,0.469,0.0,33.0,28.14,0.0,15.0,0.0,3.0,-3.28,-0.06,-1.06,-0.1,-2.26,-11.47,14.49,249.0,TESTR,AKR-TESTR-<MAC6>,0.0,1.0,0.0,100.0
106820,2,walk,walk,9612,,9612.0,20.0,1.0,0.0,1.0,-6.08,-0.215,0.816,0.0,33.0,28.18,0.0,15.0,0.0,3.0,-4.21,-0.08,-1.05,-0.11,-1.57,-9.74,12.79,250.0,TESTR,AKR-TESTR-<MAC6>,0.0,1.0,0.0,100.0
106820,2,walk,walk,9613,,9613.0,20.0,1.0,0.0,1.0,-6.19,-0.202,0.742,0.0,33.0,28.18,0.0,15.0,0.0,3.0,-5.19,-0.09,-1.04,-0.12,-0.98,-8.26,10.66,250.0,TESTR,AKR-TESTR-<MAC6>,0.0,1.0,0.0,100.0
106820,2,walk,walk,9614,,9614.0,20.0,1.0,0.0,1.0,-6.3,-0.192,0.664,0.0,33.0,28.14,0.0,15.0,0.0,3.0,-6.16,-0.11,-1.03,-0.13,-0.54,-7.0,8.13,250.0,TESTR,AKR-TESTR-<MAC6>,0.0,1.0,0.0,100.0
106840,2,walk,walk,9615,,9615.0,20.0,1.0,0.0,1.0,-6.42,-0.181,0.647,0.0,33.0,28.18,0.0,15.0,0.0,3.0,-7.07,-0.13,-1.02,-0.14,-0.21,-5.93,5.26,250.0,TESTR,AKR-TESTR-<MAC6>,0.0,1.0,0.0,100.0
106840,2,walk,walk,9616,,9616.0,20.0,1.0,0.0,1.0,-6.56,-0.174,0.391,0.0,33.0,28.18,0.0,15.0,0.0,3.0,-7.88,-0.14,-1.01,-0.14,0.05,-5.03,2.23,250.0,TESTR,AKR-TESTR-<MAC6>,0.0,1.0,0.0,100.0
106880,2,walk,walk,9617,,9617.0,20.0,0.0,0.0,1.0,-6.69,-0.167,0.481,0.0,33.0,28.18,0.0,14.0,0.0,3.0,-8.56,-0.15,-1.01,-0.15,0.31,-4.28,-0.81,250.0,TESTR,AKR-TESTR-<MAC6>,0.0,1.0,0.0,100.0
106900,2,walk,walk,9618,,9618.0,20.0,0.0,0.0,1.0,-6.83,-0.158,0.536,0.0,33.0,28.18,0.0,14.0,0.0,3.0,-9.1,-0.16,-1.0,-0.16,0.59,-3.67,-3.72,250.0,TESTR,AKR-TESTR-<MAC6>,0.0,1.0,0.0,100.0
106900,2,walk,walk,9619,,9619.0,20.0,0.0,0.0,1.0,-6.96,-0.153,0.253,0.0,33.0,28.18,0.0,14.0,0.0,3.0,-9.5,-0.17,-1.0,-0.16,0.88,-3.15,-6.38,250.0,TESTR,AKR-TESTR-<MAC6>,0.0,1.0,0.0,100.0
106960,2,walk,walk,9620,,9620.0,20.0,0.0,0.0,1.0,-7.09,-0.147,0.546,0.0,33.0,28.18,0.0,14.0,0.0,3.0,-9.77,-0.17,-0.99,-0.17,1.2,-2.73,-8.73,250.0,TESTR,AKR-TESTR-<MAC6>,0.0,1.0,0.0,100.0
106960,2,walk,walk,9621,,9621.0,20.0,0.0,0.0,1.0,-7.2,-0.139,0.61,0.0,33.0,28.18,0.0,14.0,0.0,3.0,-9.94,-0.17,-0.99,-0.17,1.52,-2.39,-10.76,250.0,TESTR,AKR-TESTR-<MAC6>,0.0,1.0,0.0,100.0
106960,2,walk,walk,9622,,9622.0,20.0,0.0,0.0,1.0,-7.3,-0.132,0.328,0.0,33.0,28.18,0.0,14.0,0.0,3.0,-10.0,-0.17,-0.99,-0.17,1.87,-2.11,-12.49,250.0,TESTR,AKR-TESTR-<MAC6>,0.0,1.0,0.0,100.0
107000,2,walk,walk,9623,,9623.0,20.0,0.0,0.0,1.0,-7.38,-0.126,0.39,0.0,33.0,28.14,0.0,14.0,0.0,3.0,-9.99,-0.17,-0.99,-0.17,2.26,-1.85,-13.94,250.0,TESTR,AKR-TESTR-<MAC6>,0.0,1.0,0.0,100.0
107020,2,walk,walk,9624,,9624.0,20.0,0.0,0.0,1.0,-7.43,-0.119,0.605,0.0,33.0,28.18,0.0,14.0,0.0,3.0,-9.92,-0.17,-0.98,-0.18,2.71,-1.62,-15.19,250.0,TESTR,AKR-TESTR-<MAC6>,0.0,1.0,0.0,100.0
107020,2,walk,walk,9625,,9625.0,20.0,0.0,0.0,1.0,-7.46,-0.108,0.793,0.0,33.0,28.18,0.0,14.0,0.0,3.0,-9.81,-0.17,-0.98,-0.18,3.2,-1.43,-16.35,250.0,TESTR,AKR-TESTR-<MAC6>,0.0,1.0,0.0,100.0
107060,2,walk,walk,9626,,9626.0,20.0,0.0,0.0,1.0,-7.47,-0.098,0.589,0.0,33.0,28.18,0.0,14.0,0.0,3.0,-9.65,-0.17,-0.98,-0.18,3.73,-1.27,-17.46,250.0,TESTR,AKR-TESTR-<MAC6>,0.0,1.0,0.0,100.0
107080,2,walk,walk,9627,,9627.0,20.0,0.0,0.0,1.0,-7.45,-0.087,0.873,0.0,33.0,28.18,0.0,14.0,0.0,3.0,-9.46,-0.16,-0.98,-0.18,4.29,-1.14,-18.61,250.0,TESTR,AKR-TESTR-<MAC6>,0.0,1.0,0.0,100.0
107140,2,walk,walk,9628,,9628.0,20.0,0.0,0.0,1.0,-7.4,-0.074,0.714,0.0,33.0,28.18,0.0,14.0,0.0,3.0,-9.22,-0.16,-0.98,-0.18,4.86,-1.06,-19.83,250.0,TESTR,AKR-TESTR-<MAC6>,0.0,1.0,0.0,100.0
107140,2,walk,walk,9629,,9629.0,20.0,0.0,0.0,1.0,-7.33,-0.063,0.816,0.0,33.0,28.18,0.0,14.0,0.0,3.0,-8.95,-0.15,-0.98,-0.18,5.41,-1.02,-21.14,250.0,TESTR,AKR-TESTR-<MAC6>,0.0,1.0,0.0,100.0
107140,2,walk,walk,9630,,9630.0,20.0,0.0,0.0,1.0,-7.23,-0.05,0.837,0.0,33.0,28.18,0.0,14.0,0.0,3.0,-8.64,-0.15,-0.98,-0.18,5.96,-1.0,-22.49,250.0,TESTR,AKR-TESTR-<MAC6>,0.0,1.0,0.0,100.0
107160,2,walk,walk,9631,,9631.0,20.0,0.0,0.0,1.0,-7.1,-0.041,0.542,0.0,33.0,28.18,0.0,14.0,0.0,3.0,-8.27,-0.14,-0.98,-0.18,6.52,-1.0,-23.84,250.0,TESTR,AKR-TESTR-<MAC6>,0.0,1.0,0.0,100.0
107180,2,walk,walk,9632,,9632.0,20.0,0.0,0.0,1.0,-6.94,-0.031,0.707,0.0,33.0,28.18,0.0,14.0,0.0,3.0,-7.86,-0.14,-0.98,-0.18,7.11,-1.02,-25.15,250.0,TESTR,AKR-TESTR-<MAC6>,0.0,1.0,0.0,100.0
107200,2,walk,walk,9633,,9633.0,20.0,0.0,0.0,1.0,-6.76,-0.021,0.54,0.0,33.0,28.18,0.0,14.0,0.0,3.0,-7.42,-0.13,-0.99,-0.17,7.77,-1.06,-26.4,250.0,TESTR,AKR-TESTR-<MAC6>,0.0,1.0,0.0,100.0
107220,2,walk,walk,9634,,9634.0,20.0,0.0,0.0,1.0,-6.56,-0.014,0.612,0.0,33.0,28.18,0.0,14.0,0.0,3.0,-6.94,-0.12,-0.99,-0.17,8.56,-1.1,-27.6,250.0,TESTR,AKR-TESTR-<MAC6>,0.0,1.0,0.0,100.0
107240,2,walk,walk,9635,,9635.0,20.0,0.0,0.0,1.0,-6.32,-0.001,0.871,0.0,33.0,28.18,0.0,14.0,0.0,3.0,-6.46,-0.11,-0.99,-0.17,9.5,-1.14,-28.81,250.0,TESTR,AKR-TESTR-<MAC6>,0.0,1.0,0.0,100.0
107260,2,walk,walk,9636,,9636.0,20.0,0.0,6.0,2.0,-6.06,0.01,0.712,0.0,33.0,28.18,0.0,14.0,0.0,3.0,-5.97,-0.1,-0.99,-0.17,10.61,-1.18,-30.11,250.0,TESTR,AKR-TESTR-<MAC6>,0.0,1.0,0.0,100.0
107300,2,walk,walk,9637,,9637.0,20.0,0.0,6.0,2.0,-5.78,0.021,1.56,-0.307,33.0,28.14,0.0,18.0,0.0,3.0,-5.46,-0.1,-0.99,-0.17,11.91,-1.31,-31.4,250.0,TESTR,AKR-TESTR-<MAC6>,0.0,1.0,0.0,100.0
107300,2,walk,walk,9638,,9638.0,20.0,0.0,6.0,2.0,-5.47,0.019,-0.201,-1.347,33.0,28.11,0.0,18.0,0.0,3.0,-4.91,-0.09,-1.0,-0.17,13.34,-1.42,-32.54,250.0,TESTR,AKR-TESTR-<MAC6>,0.0,1.0,0.0,100.0
107320,2,walk,walk,9639,,9639.0,20.0,0.0,6.0,2.0,-5.13,0.018,0.03,-1.79,33.0,28.11,0.0,18.0,0.0,3.0,-4.34,-0.08,-1.0,-0.17,14.81,-1.37,-33.5,250.0,TESTR,AKR-TESTR-<MAC6>,0.0,1.0,0.0,100.0
107340,2,walk,walk,9640,,9640.0,20.0,0.0,6.0,2.0,-4.77,0.018,-0.019,-2.057,33.0,28.07,0.0,18.0,0.0,3.0,-3.75,-0.07,-1.01,-0.16,16.22,-1.02,-34.29,250.0,TESTR,AKR-TESTR-<MAC6>,0.0,1.0,0.0,100.0
107360,2,walk,walk,9641,,9641.0,20.0,1.0,6.0,2.0,-4.39,0.017,-0.036,-1.986,33.0,28.07,0.0,19.0,0.0,3.0,-3.19,-0.06,-1.01,-0.16,17.49,-0.37,-35.03,250.0,TESTR,AKR-TESTR-<MAC6>,0.0,1.0,0.0,100.0
107380,2,walk,walk,9642,,9642.0,20.0,1.0,6.0,2.0,-3.98,0.015,-0.22,-1.68,33.0,28.11,0.0,19.0,0.0,3.0,-2.7,-0.05,-1.02,-0.16,18.54,0.6,-35.88,250.0,TESTR,AKR-TESTR-<MAC6>,0.0,1.0,0.0,100.0
107380,2,walk,walk,9643,,9643.0,20.0,1.0,6.0,2.0,-3.54,0.011,-0.279,-1.157,33.0,28.11,0.0,19.0,0.0,3.0,-2.27,-0.04,-1.03,-0.15,19.25,1.92,-36.95,250.0,TESTR,AKR-TESTR-<MAC6>,0.0,1.0,0.0,100.0
107440,2,walk,walk,9644,,9644.0,20.0,1.0,6.0,2.0,-3.09,0.006,-0.456,-0.438,33.0,28.14,0.0,19.0,0.0,3.0,-1.92,-0.03,-1.04,-0.15,19.53,3.68,-38.37,250.0,TESTR,AKR-TESTR-<MAC6>,0.0,1.0,0.0,100.0
107440,2,walk,walk,9645,,9645.0,20.0,1.0,6.0,2.0,-2.61,0.002,-0.181,0.053,33.0,28.14,0.0,19.0,0.0,3.0,-1.61,-0.03,-1.05,-0.14,19.26,6.05,-40.11,250.0,TESTR,AKR-TESTR-<MAC6>,0.0,1.0,0.0,100.0
107440,2,walk,walk,9646,,9646.0,20.0,1.0,6.0,2.0,-2.11,-0.001,-0.217,0.419,33.0,28.14,0.0,19.0,0.0,3.0,-1.34,-0.02,-1.06,-0.14,18.35,9.46,-41.82,250.0,TESTR,AKR-TESTR-<MAC6>,0.0,1.0,0.0,100.0
107480,2,walk,walk,9647,,9647.0,20.0,1.0,6.0,2.0,-1.59,-0.004,-0.076,0.564,33.0,28.14,0.0,19.0,0.0,3.0,-1.24,-0.02,-1.06,-0.13,16.79,14.32,-42.61,250.0,TESTR,AKR-TESTR-<MAC6>,0.0,1.0,0.0,100.0
107500,2,walk,walk,9648,,9648.0,20.0,0.0,6.0,2.0,-1.05,-0.004,0.009,0.344,33.0,28.14,0.0,18.0,0.0,3.0,-1.49,-0.03,-1.06,-0.13,14.67,20.72,-41.57,250.0,TESTR,AKR-TESTR-<MAC6>,0.0,1.0,0.0,100.0
107500,2,walk,walk,9649,,9649.0,20.0,1.0,6.0,2.0,-0.48,-0.003,0.015,0.328,33.0,28.14,0.0,19.0,0.0,3.0,-2.26,-0.04,-1.06,-0.12,12.25,28.19,-38.18,250.0,TESTR,AKR-TESTR-<MAC6>,0.0,1.0,0.0,100.0
107540,2,walk,walk,9650,,9650.0,20.0,1.0,6.0,2.0,0.09,-0.002,0.042,0.197,33.0,28.14,0.0,19.0,0.0,3.0,-3.6,-0.07,-1.06,-0.12,9.77,35.77,-32.45,250.0,TESTR,AKR-TESTR-<MAC6>,0.0,1.0,0.0,100.0
107560,2,walk,walk,9651,,9651.0,20.0,1.0,6.0,2.0,0.68,-0.002,-0.065,0.183,33.0,28.14,0.0,19.0,0.0,3.0,-5.42,-0.1,-1.06,-0.12,7.39,42.26,-24.85,250.0,TESTR,AKR-TESTR-<MAC6>,0.0,1.0,0.0,100.0
107580,2,walk,walk,9652,,9652.0,20.0,1.0,1.0,5.0,1.27,-0.002,0.048,0.173,33.0,28.14,0.0,19.0,0.0,4.0,-7.54,-0.14,-1.06,-0.12,5.15,46.59,-16.1,250.0,TESTR,AKR-TESTR-<MAC6>,0.0,1.0,0.0,100.0
107620,2,walk,walk,9653,,9653.0,20.0,0.0,1.0,5.0,1.85,-0.002,-0.026,0.165,33.0,28.07,0.0,19.0,0.0,4.0,-9.69,-0.18,-1.06,-0.12,3.05,48.14,-6.92,250.0,TESTR,AKR-TESTR-<MAC6>,0.0,1.0,0.0,100.0
107640,2,walk,walk,9654,,9654.0,20.0,0.0,1.0,6.0,2.4,0.039,3.496,1.153,33.0,28.07,0.0,19.0,0.0,4.0,-11.64,-0.22,-1.05,-0.12,1.16,46.55,1.7,250.0,TESTR,AKR-TESTR-<MAC6>,0.0,1.0,0.0,100.0
107640,2,walk,walk,9655,,9655.0,20.0,0.0,1.0,6.0,2.92,0.088,3.0,1.664,33.0,28.04,0.0,19.0,0.0,4.0,-13.18,-0.25,-1.05,-0.13,-0.41,41.83,9.06,250.0,TESTR,AKR-TESTR-<MAC6>,0.0,1.0,0.0,100.0
107660,2,walk,walk,9656,,9656.0,20.0,0.0,1.0,6.0,3.39,0.13,2.686,1.969,33.0,28.0,0.0,19.0,0.0,4.0,-14.17,-0.26,-1.04,-0.13,-1.59,34.46,14.89,250.0,TESTR,AKR-TESTR-<MAC6>,0.0,1.0,0.0,100.0
107680,2,walk,walk,9657,,9657.0,20.0,0.0,1.0,6.0,3.79,0.165,2.079,2.465,33.0,27.97,0.0,19.0,0.0,4.0,-14.53,-0.27,-1.04,-0.14,-2.34,25.42,19.3,250.0,TESTR,AKR-TESTR-<MAC6>,0.0,1.0,0.0,100.0
107680,2,walk,walk,9658,,9658.0,20.0,0.0,1.0,6.0,4.11,0.193,1.797,2.585,33.0,27.97,0.0,19.0,0.0,4.0,-14.25,-0.26,-1.04,-0.14,-2.75,15.88,22.56,250.0,TESTR,AKR-TESTR-<MAC6>,0.0,1.0,0.0,100.0
107720,2,walk,walk,9659,,9659.0,20.0,0.0,1.0,6.0,4.34,0.217,1.342,2.904,33.0,27.93,0.0,19.0,0.0,4.0,-13.39,-0.25,-1.03,-0.14,-2.97,7.02,25.03,250.0,TESTR,AKR-TESTR-<MAC6>,0.0,1.0,0.0,100.0
107740,2,walk,walk,9660,,9660.0,20.0,0.0,1.0,6.0,4.48,0.237,1.282,3.038,33.0,27.93,0.0,19.0,0.0,4.0,-12.04,-0.22,-1.03,-0.15,-3.23,-0.27,27.07,251.0,TESTR,AKR-TESTR-<MAC6>,0.0,1.0,0.0,100.0
107780,2,walk,walk,9661,,9661.0,20.0,0.0,1.0,6.0,4.52,0.254,1.028,3.228,33.0,27.9,0.0,19.0,0.0,4.0,-10.32,-0.19,-1.03,-0.15,-3.69,-5.54,28.92,251.0,TESTR,AKR-TESTR-<MAC6>,0.0,1.0,0.0,100.0
107780,2,walk,walk,9662,,9662.0,20.0,0.0,1.0,6.0,4.47,0.267,0.794,3.485,33.0,27.9,0.0,19.0,0.0,4.0,-8.34,-0.15,-1.03,-0.16,-4.47,-8.78,30.71,251.0,TESTR,AKR-TESTR-<MAC6>,0.0,1.0,0.0,100.0
107800,2,walk,walk,9663,,9663.0,20.0,0.0,1.0,6.0,4.33,0.278,0.618,3.598,33.0,27.86,0.0,19.0,0.0,4.0,-6.21,-0.11,-1.02,-0.16,-5.57,-10.43,32.41,251.0,TESTR,AKR-TESTR-<MAC6>,0.0,1.0,0.0,100.0
107800,2,walk,walk,9664,,9664.0,20.0,0.0,1.0,6.0,4.1,0.286,0.585,3.645,33.0,27.86,0.0,19.0,0.0,4.0,-4.0,-0.07,-1.02,-0.17,-6.92,-11.1,33.91,251.0,TESTR,AKR-TESTR-<MAC6>,0.0,1.0,0.0,100.0
107840,2,walk,walk,9665,,9665.0,20.0,0.0,1.0,6.0,3.8,0.293,0.307,3.953,33.0,27.86,0.0,19.0,0.0,4.0,-1.76,-0.03,-1.01,-0.17,-8.41,-11.38,35.03,251.0,TESTR,AKR-TESTR-<MAC6>,0.0,1.0,0.0,100.0
107860,2,walk,walk,9666,,9666.0,20.0,0.0,1.0,6.0,3.42,0.299,0.421,3.969,33.0,27.86,0.0,19.0,0.0,4.0,0.48,0.01,-1.0,-0.17,-9.95,-11.68,35.62,251.0,TESTR,AKR-TESTR-<MAC6>,0.0,1.0,0.0,100.0
107860,2,walk,walk,9667,,9667.0,20.0,0.0,3.0,7.0,2.99,0.304,0.296,3.995,33.0,27.86,0.0,19.0,0.0,4.0,2.68,0.05,-0.99,-0.16,-11.47,-12.17,35.55,251.0,TESTR,AKR-TESTR-<MAC6>,0.0,1.0,0.0,100.0
107920,2,walk,walk,9668,,9668.0,20.0,0.0,3.0,7.0,2.51,0.308,0.237,3.994,33.0,27.86,0.0,19.0,0.0,4.0,4.8,0.08,-0.98,-0.16,-12.92,-12.81,34.81,251.0,TESTR,AKR-TESTR-<MAC6>,0.0,1.0,0.0,100.0
107920,2,walk,walk,9669,,9669.0,20.0,0.0,3.0,7.0,2.0,0.311,0.195,4.187,33.0,27.86,0.0,19.0,0.0,4.0,6.79,0.12,-0.97,-0.16,-14.32,-13.42,33.44,251.0,TESTR,AKR-TESTR-<MAC6>,0.0,1.0,0.0,100.0
107920,2,walk,walk,9670,,9670.0,20.0,0.0,3.0,7.0,1.45,0.312,0.018,4.311,33.0,27.83,0.0,19.0,0.0,4.0,8.59,0.15,-0.96,-0.15,-15.66,-13.76,31.53,251.0,TESTR,AKR-TESTR-<MAC6>,0.0,1.0,0.0,100.0
107980,2,walk,walk,9671,,9671.0,20.0,1.0,3.0,7.0,0.89,0.312,0.019,4.326,33.0,27.86,0.0,20.0,0.0,4.0,10.14,0.17,-0.95,-0.15,-16.95,-13.65,29.2,251.0,TESTR,AKR-TESTR-<MAC6>,0.0,1.0,0.0,100.0
108000,2,walk,walk,9672,,9672.0,20.0,0.0,3.0,7.0,0.33,0.311,-0.058,4.216,33.0,27.86,0.0,19.0,0.0,4.0,11.4,0.19,-0.94,-0.14,-18.19,-13.03,26.58,251.0,TESTR,AKR-TESTR-<MAC6>,0.0,1.0,0.0,100.0
108000,2,walk,walk,9673,,9673.0,20.0,0.0,3.0,7.0,-0.23,0.31,-0.095,4.08,33.0,27.86,0.0,19.0,0.0,4.0,12.34,0.2,-0.93,-0.14,-19.37,-11.97,23.78,251.0,TESTR,AKR-TESTR-<MAC6>,0.0,1.0,0.0,100.0
108020,2,walk,walk,9674,,9674.0,20.0,0.0,3.0,7.0,-0.77,0.307,-0.242,3.953,33.0,27.9,0.0,19.0,0.0,4.0,12.94,0.21,-0.93,-0.13,-20.47,-10.64,20.87,251.0,TESTR,AKR-TESTR-<MAC6>,0.0,1.0,0.0,100.0
108040,2,walk,walk,9675,,9675.0,20.0,0.0,3.0,7.0,-1.29,0.3,-0.398,4.02,33.0,27.9,0.0,19.0,0.0,4.0,13.21,0.22,-0.93,-0.13,-21.47,-9.22,17.95,251.0,TESTR,AKR-TESTR-<MAC6>,0.0,1.0,0.0,100.0
108080,2,walk,walk,9676,,9676.0,20.0,0.0,3.0,7.0,-1.78,0.291,-0.738,3.896,33.0,27.93,0.0,19.0,0.0,4.0,13.19,0.22,-0.92,-0.13,-22.35,-7.88,15.13,251.0,TESTR,AKR-TESTR-<MAC6>,0.0,1.0,0.0,100.0
108080,2,walk,walk,9677,,9677.0,20.0,0.0,3.0,7.0,-2.23,0.278,-1.052,3.955,33.0,27.97,0.0,19.0,0.0,4.0,12.91,0.21,-0.92,-0.13,-23.14,-6.71,12.56,251.0,TESTR,AKR-TESTR-<MAC6>,0.0,1.0,0.0,100.0
108100,2,walk,walk,9678,,9678.0,20.0,0.0,3.0,7.0,-2.64,0.257,-1.6,3.949,33.0,28.0,0.0,19.0,0.0,4.0,12.23,0.2,-0.93,-0.13,-23.55,-6.1,10.39,251.0,TESTR,AKR-TESTR-<MAC6>,0.0,1.0,0.0,100.0
108120,2,walk,walk,9679,,9679.0,20.0,0.0,3.0,7.0,-3.01,0.225,-2.426,4.32,33.0,28.0,0.0,19.0,0.0,4.0,11.09,0.18,-0.94,-0.12,-23.15,-6.62,8.68,251.0,TESTR,AKR-TESTR-<MAC6>,0.0,1.0,0.0,100.0
108140,2,walk,walk,9680,,9680.0,20.0,0.0,3.0,7.0,-3.32,0.176,-3.785,4.569,33.0,28.07,0.0,19.0,0.0,4.0,9.6,0.16,-0.96,-0.11,-21.93,-8.26,7.63,251.0,TESTR,AKR-TESTR-<MAC6>,0.0,1.0,0.0,100.0
108160,2,walk,walk,9681,,9681.0,20.0,0.0,3.0,7.0,-3.59,0.112,-4.472,4.258,33.0,28.14,0.0,19.0,0.0,4.0,7.95,0.14,-0.98,-0.1,-20.06,-10.44,7.45,251.0,TESTR,AKR-TESTR-<MAC6>,0.0,1.0,0.0,100.0
108180,2,walk,walk,9682,,9682.0,20.0,0.0,3.0,7.0,-3.81,0.035,-5.199,3.76,33.0,28.21,0.0,19.0,0.0,4.0,6.32,0.11,-1.0,-0.08,-17.8,-12.41,8.31,251.0,TESTR,AKR-TESTR-<MAC6>,0.0,1.0,0.0,100.0
108220,2,walk,walk,9683,,9683.0,20.0,1.0,3.0,7.0,-3.99,-0.039,-4.624,3.412,33.0,28.18,0.0,20.0,0.0,4.0,4.8,0.09,-1.02,-0.07,-15.42,-13.4,10.08,251.0,TESTR,AKR-TESTR-<MAC6>,0.0,1.0,0.0,100.0
108220,2,walk,walk,9684,,9684.0,20.0,1.0,3.0,7.0,-4.13,-0.103,-3.947,3.263,33.0,28.14,0.0,20.0,0.0,4.0,3.41,0.06,-1.03,-0.05,-13.16,-13.13,12.36,251.0,TESTR,AKR-TESTR-<MAC6>,0.0,1.0,0.0,100.0
108220,2,walk,walk,9685,,9685.0,20.0,1.0,3.0,7.0,-4.25,-0.147,-2.304,2.626,33.0,28.11,0.0,20.0,0.0,4.0,2.21,0.04,-1.04,-0.05,-11.07,-11.99,14.69,251.0,TESTR,AKR-TESTR-<MAC6>,0.0,1.0,0.0,100.0
108260,2,walk,walk,9686,,9686.0,20.0,1.0,3.0,7.0,-4.34,-0.17,-0.755,1.84,33.0,28.11,0.0,20.0,0.0,4.0,1.3,0.02,-1.05,-0.04,-9.03,-10.26,16.57,251.0,TESTR,AKR-TESTR-<MAC6>,0.0,1.0,0.0,100.0
108280,2,walk,walk,9687,,9687.0,20.0,0.0,3.0,7.0,-4.41,-0.171,0.211,1.73,33.0,28.07,0.0,19.0,0.0,4.0,0.67,0.01,-1.06,-0.05,-7.04,-8.3,17.77,251.0,TESTR,AKR-TESTR-<MAC6>,0.0,1.0,0.0,100.0
108300,2,walk,walk,9688,,9688.0,20.0,0.0,3.0,7.0,-4.47,-0.168,0.194,1.928,33.0,28.07,0.0,19.0,0.0,4.0,0.28,0.01,-1.07,-0.05,-5.19,-6.38,18.24,251.0,TESTR,AKR-TESTR-<MAC6>,0.0,1.0,0.0,100.0
108320,2,walk,walk,9689,,9689.0,20.0,0.0,3.0,7.0,-4.54,-0.165,0.097,2.056,33.0,28.07,0.0,19.0,0.0,4.0,0.04,0.0,-1.07,-0.06,-3.61,-4.67,18.13,251.0,TESTR,AKR-TESTR-<MAC6>,0.0,1.0,0.0,100.0
108340,2,walk,walk,9690,,9690.0,20.0,0.0,3.0,7.0,-4.61,-0.165,-0.054,2.219,33.0,28.07,0.0,19.0,0.0,4.0,-0.11,0.0,-1.07,-0.06,-2.39,-3.25,17.68,251.0,TESTR,AKR-TESTR-<MAC6>,0.0,1.0,0.0,100.0
108360,2,walk,walk,9691,,9691.0,20.0,0.0,3.0,7.0,-4.68,-0.166,-0.113,2.285,33.0,28.04,0.0,19.0,0.0,4.0,-0.27,0.0,-1.07,-0.07,-1.53,-2.1,17.08,251.0,TESTR,AKR-TESTR-<MAC6>,0.0,1.0,0.0,100.0
108400,2,walk,walk,9692,,9692.0,20.0,0.0,3.0,7.0,-4.77,-0.168,-0.261,2.333,33.0,28.07,0.0,19.0,0.0,4.0,-0.52,-0.01,-1.07,-0.08,-0.92,-1.18,16.44,251.0,TESTR,AKR-TESTR-<MAC6>,0.0,1.0,0.0,100.0
108400,2,walk,walk,9693,,9693.0,20.0,0.0,3.0,7.0,-4.87,-0.17,-0.046,2.278,33.0,28.07,0.0,19.0,0.0,4.0,-0.93,-0.02,-1.06,-0.09,-0.47,-0.42,15.68,251.0,TESTR,AKR-TESTR-<MAC6>,0.0,1.0,0.0,100.0
108400,2,walk,walk,9694,,9694.0,20.0,0.0,3.0,7.0,-4.99,-0.169,0.13,2.148,33.0,28.07,0.0,19.0,0.0,4.0,-1.54,-0.03,-1.06,-0.1,-0.08,0.2,14.64,251.0,TESTR,AKR-TESTR-<MAC6>,0.0,1.0,0.0,100.0
108440,2,walk,walk,9695,,9695.0,20.0,0.0,3.0,7.0,-5.11,-0.165,0.532,1.891,33.0,28.07,0.0,19.0,0.0,4.0,-2.3,-0.04,-1.05,-0.11,0.3,0.7,13.12,251.0,TESTR,AKR-TESTR-<MAC6>,0.0,1.0,0.0,100.0
108460,2,walk,walk,9696,,9696.0,20.0,0.0,3.0,7.0,-5.25,-0.155,0.719,1.794,33.0,28.07,0.0,19.0,0.0,4.0,-3.15,-0.06,-1.04,-0.12,0.71,1.06,11.04,251.0,TESTR,AKR-TESTR-<MAC6>,0.0,1.0,0.0,100.0
108460,2,walk,walk,9697,,9697.0,20.0,1.0,3.0,7.0,-5.39,-0.143,0.845,1.812,33.0,28.07,0.0,20.0,0.0,4.0,-4.01,-0.07,-1.03,-0.13,1.14,1.28,8.41,251.0,TESTR,AKR-TESTR-<MAC6>,0.0,1.0,0.0,100.0
108520,2,walk,walk,9698,,9698.0,20.0,1.0,3.0,7.0,-5.54,-0.13,0.655,2.036,33.0,28.07,0.0,20.0,0.0,4.0,-4.84,-0.09,-1.03,-0.14,1.63,1.37,5.39,251.0,TESTR,AKR-TESTR-<MAC6>,0.0,1.0,0.0,100.0
108540,2,walk,walk,9699,,9699.0,20.0,0.0,0.0,1.0,-5.7,-0.122,0.621,1.876,33.0,28.07,0.0,19.0,0.0,4.0,-5.58,-0.1,-1.02,-0.14,2.19,1.37,2.15,251.0,TESTR,AKR-TESTR-<MAC6>,0.0,1.0,0.0,100.0
108540,2,walk,walk,9700,,9700.0,20.0,0.0,0.0,1.0,-5.85,-0.115,0.362,1.417,33.0,28.07,0.0,19.0,0.0,4.0,-6.16,-0.11,-1.01,-0.15,2.82,1.33,-0.84,251.0,TESTR,AKR-TESTR-<MAC6>,0.0,1.0,0.0,100.0
108580,2,walk,walk,9701,,9701.0,20.0,0.0,0.0,1.0,-6.0,-0.129,-3.35,0.0,33.0,28.14,0.0,9.0,0.0,4.0,-6.62,-0.12,-1.01,-0.16,3.52,1.24,-3.42,251.0,TESTR,AKR-TESTR-<MAC6>,0.0,1.0,0.0,100.0
108580,2,walk,walk,9702,,9702.0,20.0,0.0,0.0,1.0,-6.14,-0.125,0.538,0.0,33.0,28.18,0.0,9.0,0.0,4.0,-6.95,-0.12,-1.01,-0.16,4.31,1.13,-5.67,251.0,TESTR,AKR-TESTR-<MAC6>,0.0,1.0,0.0,100.0
108580,2,walk,walk,9703,,9703.0,20.0,0.0,0.0,1.0,-6.27,-0.113,0.839,0.0,33.0,28.18,0.0,9.0,0.0,4.0,-7.2,-0.13,-1.0,-0.17,5.19,0.99,-7.74,251.0,TESTR,AKR-TESTR-<MAC6>,0.0,1.0,0.0,100.0
108620,2,walk,walk,9704,,9704.0,20.0,0.0,0.0,1.0,-6.38,-0.102,0.688,0.0,33.0,28.18,0.0,9.0,0.0,4.0,-7.35,-0.13,-1.0,-0.17,6.16,0.84,-9.73,251.0,TESTR,AKR-TESTR-<MAC6>,0.0,1.0,0.0,100.0
108640,2,walk,walk,9705,,9705.0,20.0,0.0,0.0,1.0,-6.47,-0.091,0.919,0.0,33.0,28.18,0.0,9.0,0.0,4.0,-7.43,-0.13,-1.0,-0.17,7.19,0.69,-11.76,251.0,TESTR,AKR-TESTR-<MAC6>,0.0,1.0,0.0,100.0
108640,2,walk,walk,9706,,9706.0,20.0,0.0,0.0,1.0,-6.54,-0.077,0.786,0.0,33.0,28.18,0.0,9.0,0.0,4.0,-7.44,-0.13,-1.0,-0.17,8.27,0.55,-13.91,251.0,TESTR,AKR-TESTR-<MAC6>,0.0,1.0,0.0,100.0
108680,2,walk,walk,9707,,9707.0,20.0,0.0,0.0,1.0,-6.58,-0.064,0.986,0.0,33.0,28.18,0.0,9.0,0.0,4.0,-7.39,-0.13,-0.99,-0.17,9.4,0.43,-16.2,251.0,TESTR,AKR-TESTR-<MAC6>,0.0,1.0,0.0,100.0
108700,2,walk,walk,9708,,9708.0,20.0,0.0,0.0,1.0,-6.6,-0.05,0.878,0.0,33.0,28.18,0.0,9.0,0.0,4.0,-7.29,-0.13,-0.99,-0.17,10.58,0.31,-18.63,252.0,TESTR,AKR-TESTR-<MAC6>,0.0,1.0,0.0,100.0
108740,2,walk,walk,9709,,9709.0,20.0,0.0,0.0,1.0,-6.59,-0.038,0.855,0.0,33.0,28.18,0.0,9.0,0.0,4.0,-7.13,-0.12,-0.99,-0.17,11.82,0.19,-21.2,252.0,TESTR,AKR-TESTR-<MAC6>,0.0,1.0,0.0,100.0
108740,2,walk,walk,9710,,9710.0,20.0,0.0,0.0,1.0,-6.55,-0.023,0.857,0.0,33.0,28.18,0.0,9.0,0.0,4.0,-6.92,-0.12,-0.99,-0.17,13.16,0.04,-23.86,252.0,TESTR,AKR-TESTR-<MAC6>,0.0,1.0,0.0,100.0
108760,2,walk,walk,9711,,9711.0,20.0,0.0,0.0,1.0,-6.48,-0.015,0.491,0.0,33.0,28.18,0.0,9.0,0.0,4.0,-6.66,-0.12,-1.0,-0.17,14.64,-0.09,-26.54,252.0,TESTR,AKR-TESTR-<MAC6>,0.0,1.0,0.0,100.0
108780,2,walk,walk,9712,,9712.0,20.0,0.0,0.0,1.0,-6.37,-0.005,0.771,0.0,33.0,28.18,0.0,9.0,0.0,4.0,-6.34,-0.11,-1.0,-0.17,16.26,-0.21,-29.18,252.0,TESTR,AKR-TESTR-<MAC6>,0.0,1.0,0.0,100.0
108800,2,walk,walk,9713,,9713.0,20.0,0.0,0.0,1.0,-6.23,0.004,0.304,0.0,33.0,28.18,0.0,9.0,0.0,4.0,-5.96,-0.1,-1.0,-0.16,18.03,-0.26,-31.76,252.0,TESTR,AKR-TESTR-<MAC6>,0.0,1.0,0.0,100.0
108820,2,walk,walk,9714,,9714.0,20.0,0.0,0.0,1.0,-6.05,0.007,0.057,0.0,33.0,28.18,0.0,9.0,0.0,4.0,-5.49,-0.1,-1.01,-0.16,19.89,-0.08,-34.21,252.0,TESTR,AKR-TESTR-<MAC6>,0.0,1.0,0.0,100.0
108820,2,walk,walk,9715,,9715.0,20.0,0.0,0.0,1.0,-5.84,0.006,-0.209,0.0,33.0,28.18,0.0,9.0,0.0,4.0,-4.91,-0.09,-1.01,-0.17,21.62,0.75,-36.37,252.0,TESTR,AKR-TESTR-<MAC6>,0.0,1.0,0.0,100.0
108880,2,walk,walk,9716,,9716.0,20.0,0.0,0.0,1.0,-5.58,-0.001,-0.86,0.0,33.0,28.18,0.0,9.0,0.0,4.0,-4.21,-0.08,-1.02,-0.17,22.91,2.82,-38.08,252.0,TESTR,AKR-TESTR-<MAC6>,0.0,1.0,0.0,100.0
108880,2,walk,walk,9717,,9717.0,20.0,0.0,0.0,1.0,-5.29,-0.02,-1.682,0.0,33.0,28.18,0.0,9.0,0.0,4.0,-3.42,-0.06,-1.02,-0.18,23.47,6.85,-39.02,252.0,TESTR,AKR-TESTR-<MAC6>,0.0,1.0,0.0,100.0
108880,2,walk,walk,9718,,9718.0,20.0,0.0,0.0,1.0,-4.95,-0.048,-1.958,0.0,33.0,28.18,0.0,9.0,0.0,4.0,-2.66,-0.05,-1.03,-0.19,23.0,13.58,-38.8,252.0,TESTR,AKR-TESTR-<MAC6>,0.0,1.0,0.0,100.0
108920,2,walk,walk,9719,,9719.0,20.0,0.0,0.0,1.0,-4.57,-0.073,-1.459,0.0,33.0,28.18,0.0,9.0,0.0,4.0,-2.2,-0.04,-1.03,-0.21,21.29,23.43,-36.95,252.0,TESTR,AKR-TESTR-<MAC6>,0.0,1.0,0.0,100.0
108940,2,walk,walk,9720,,9720.0,20.0,0.0,0.0,1.0,-4.16,-0.082,0.065,0.0,33.0,28.18,0.0,9.0,0.0,4.0,-2.35,-0.04,-1.02,-0.23,18.13,35.83,-33.07,252.0,TESTR,AKR-TESTR-<MAC6>,0.0,1.0,0.0,100.0
108940,2,walk,walk,9721,,9721.0,20.0,0.0,0.0,1.0,-3.72,-0.081,-0.056,0.0,33.0,28.18,0.0,9.0,0.0,4.0,-3.33,-0.06,-1.02,-0.25,13.47,49.24,-27.25,252.0,TESTR,AKR-TESTR-<MAC6>,0.0,1.0,0.0,100.0
108980,2,walk,walk,9722,,9722.0,20.0,0.0,0.0,1.0,-3.24,-0.082,-0.146,0.0,33.0,28.18,0.0,9.0,0.0,4.0,-5.2,-0.09,-1.01,-0.27,7.66,61.52,-19.96,252.0,TESTR,AKR-TESTR-<MAC6>,0.0,1.0,0.0,100.0
109000,2,walk,walk,9723,,9723.0,20.0,0.0,0.0,1.0,-2.76,-0.086,-0.378,0.0,33.0,28.18,0.0,9.0,0.0,4.0,-7.76,-0.14,-1.0,-0.29,1.31,70.55,-11.89,252.0,TESTR,AKR-TESTR-<MAC6>,0.0,1.0,0.0,100.0
109020,2,walk,walk,9724,,9724.0,20.0,0.0,0.0,1.0,-2.26,-0.097,-0.871,0.0,33.0,28.18,0.0,9.0,0.0,4.0,-10.67,-0.19,-1.0,-0.3,-4.92,74.9,-3.67,252.0,TESTR,AKR-TESTR-<MAC6>,0.0,1.0,0.0,100.0
109060,2,walk,walk,9725,,9725.0,20.0,1.0,0.0,1.0,-1.78,-0.111,-0.614,0.0,33.0,28.18,0.0,10.0,0.0,4.0,-13.52,-0.24,-1.0,-0.3,-10.5,74.13,4.21,252.0,TESTR,AKR-TESTR-<MAC6>,0.0,1.0,0.0,100.0
109060,2,walk,walk,9726,,9726.0,20.0,1.0,0.0,1.0,-1.33,-0.113,-0.025,0.0,33.0,28.18,0.0,10.0,0.0,4.0,-15.96,-0.29,-1.0,-0.29,-15.09,68.73,11.4,252.0,TESTR,AKR-TESTR-<MAC6>,0.0,1.0,0.0,100.0
109060,2,walk,walk,9727,,9727.0,20.0,1.0,0.0,1.0,-0.91,-0.113,0.001,0.0,33.0,28.18,0.0,10.0,0.0,4.0,-17.8,-0.32,-1.0,-0.28,-18.49,59.91,17.67,252.0,TESTR,AKR-TESTR-<MAC6>,0.0,1.0,0.0,100.0
109100,2,walk,walk,9728,,9728.0,20.0,1.0,0.0,1.0,-0.56,-0.113,-0.023,0.0,33.0,28.14,0.0,10.0,0.0,4.0,-18.96,-0.35,-1.01,-0.26,-20.65,49.26,22.99,252.0,TESTR,AKR-TESTR-<MAC6>,0.0,1.0,0.0,100.0
109120,2,walk,walk,9729,,9729.0,20.0,1.0,0.0,1.0,-0.28,-0.113,0.134,0.0,33.0,28.18,0.0,10.0,0.0,4.0,-19.49,-0.36,-1.01,-0.24,-21.66,38.33,27.45,252.0,TESTR,AKR-TESTR-<MAC6>,0.0,1.0,0.0,100.0
109140,2,walk,walk,9730,,9730.0,20.0,1.0,0.0,1.0,-0.08,-0.112,0.152,0.0,33.0,28.18,0.0,10.0,0.0,4.0,-19.48,-0.36,-1.02,-0.21,-21.71,28.32,31.14,252.0,TESTR,AKR-TESTR-<MAC6>,0.0,1.0,0.0,100.0
109160,2,walk,walk,9731,,9731.0,20.0,1.0,0.0,1.0,0.02,-0.109,0.132,0.0,33.0,28.18,0.0,10.0,0.0,4.0,-19.06,-0.35,-1.02,-0.2,-21.08,19.98,34.18,252.0,TESTR,AKR-TESTR-<MAC6>,0.0,1.0,0.0,100.0
109180,2,walk,walk,9732,,9732.0,20.0,1.0,0.0,1.0,0.02,-0.108,0.058,0.0,33.0,28.18,0.0,10.0,0.0,4.0,-18.36,-0.34,-1.03,-0.18,-20.07,13.5,36.61,252.0,TESTR,AKR-TESTR-<MAC6>,0.0,1.0,0.0,100.0
109220,2,walk,walk,9733,,9733.0,20.0,1.0,0.0,1.0,-0.08,-0.107,0.163,0.0,33.0,28.18,0.0,10.0,0.0,4.0,-17.5,-0.32,-1.03,-0.17,-18.95,8.68,38.48,252.0,TESTR,AKR-TESTR-<MAC6>,0.0,1.0,0.0,100.0
109220,2,walk,walk,9734,,9734.0,20.0,1.0,0.0,1.0,-0.27,-0.105,0.028,0.0,33.0,28.18,0.0,10.0,0.0,4.0,-16.57,-0.31,-1.03,-0.17,-17.93,5.04,39.83,252.0,TESTR,AKR-TESTR-<MAC6>,0.0,1.0,0.0,100.0
109240,2,walk,walk,9735,,9735.0,20.0,1.0,0.0,1.0,-0.57,-0.105,0.021,0.0,33.0,28.14,0.0,10.0,0.0,4.0,-15.61,-0.29,-1.03,-0.17,-17.14,2.06,40.7,252.0,TESTR,AKR-TESTR-<MAC6>,0.0,1.0,0.0,100.0
109260,2,walk,walk,9736,,9736.0,20.0,2.0,0.0,1.0,-0.95,-0.105,0.033,0.0,33.0,28.18,0.0,11.0,0.0,4.0,-14.63,-0.27,-1.03,-0.17,-16.6,-0.69,41.17,252.0,TESTR,AKR-TESTR-<MAC6>,0.0,1.0,0.0,100.0
109280,2,walk,walk,9737,,9737.0,20.0,2.0,0.0,1.0,-1.42,-0.105,0.002,0.0,33.0,28.18,0.0,11.0,0.0,4.0,-13.63,-0.25,-1.02,-0.17,-16.29,-3.45,41.3,252.0,TESTR,AKR-TESTR-<MAC6>,0.0,1.0,0.0,100.0
109300,2,walk,walk,9738,,9738.0,20.0,2.0,0.0,1.0,-1.97,-0.105,-0.001,0.0,33.0,28.18,0.0,11.0,0.0,4.0,-12.57,-0.23,-1.02,-0.17,-16.13,-6.25,41.11,252.0,TESTR,AKR-TESTR-<MAC6>,0.0,1.0,0.0,100.0
109300,2,walk,walk,9739,,9739.0,20.0,2.0,0.0,1.0,-2.57,-0.106,0.019,0.0,33.0,28.18,0.0,11.0,0.0,4.0,-11.43,-0.2,-1.01,-0.18,-16.05,-8.95,40.63,252.0,TESTR,AKR-TESTR-<MAC6>,0.0,1.0,0.0,100.0
109340,2,walk,walk,9740,,9740.0,20.0,1.0,0.0,1.0,-3.23,-0.106,0.045,0.0,33.0,28.18,0.0,10.0,0.0,4.0,-10.16,-0.18,-1.0,-0.18,-16.02,-11.31,39.84,252.0,TESTR,AKR-TESTR-<MAC6>,0.0,1.0,0.0,100.0
109360,2,walk,walk,9741,,9741.0,20.0,1.0,0.0,1.0,-3.94,-0.106,0.046,0.0,33.0,28.18,0.0,10.0,0.0,4.0,-8.79,-0.15,-0.99,-0.18,-16.03,-13.11,38.67,252.0,TESTR,AKR-TESTR-<MAC6>,0.0,1.0,0.0,100.0
109400,2,walk,walk,9742,,9742.0,20.0,1.0,0.0,1.0,-4.67,-0.106,-0.046,0.0,33.0,28.18,0.0,10.0,0.0,4.0,-7.31,-0.13,-0.98,-0.18,-16.08,-14.25,37.03,252.0,TESTR,AKR-TESTR-<MAC6>,0.0,1.0,0.0,100.0
109420,2,walk,walk,9743,,9743.0,20.0,1.0,0.0,1.0,-5.43,-0.107,-0.029,0.0,33.0,28.18,0.0,10.0,0.0,4.0,-5.8,-0.1,-0.97,-0.18,-16.2,-14.73,34.84,252.0,TESTR,AKR-TESTR-<MAC6>,0.0,1.0,0.0,100.0
109420,2,walk,walk,9744,,9744.0,20.0,1.0,0.0,1.0,-6.19,-0.107,-0.12,0.0,33.0,28.18,0.0,10.0,0.0,4.0,-4.3,-0.07,-0.96,-0.18,-16.4,-14.68,32.08,252.0,TESTR,AKR-TESTR-<MAC6>,0.0,1.0,0.0,100.0
109420,2,walk,walk,9745,,9745.0,20.0,0.0,0.0,1.0,-6.96,-0.112,-0.304,0.0,33.0,28.18,0.0,9.0,0.0,4.0,-2.9,-0.05,-0.95,-0.18,-16.69,-14.27,28.81,252.0,TESTR,AKR-TESTR-<MAC6>,0.0,1.0,0.0,100.0
109460,2,walk,walk,9746,,9746.0,20.0,0.0,0.0,1.0,-7.72,-0.122,-0.816,0.0,33.0,28.18,0.0,9.0,0.0,4.0,-1.67,-0.03,-0.94,-0.18,-17.05,-13.68,25.2,252.0,TESTR,AKR-TESTR-<MAC6>,0.0,1.0,0.0,100.0
109480,2,walk,walk,9747,,9747.0,20.0,0.0,0.0,1.0,-8.46,-0.137,-0.985,0.0,33.0,28.18,0.0,9.0,0.0,4.0,-0.66,-0.01,-0.93,-0.18,-17.43,-13.07,21.44,252.0,TESTR,AKR-TESTR-<MAC6>,0.0,1.0,0.0,100.0
109480,2,walk,walk,9748,,9748.0,20.0,0.0,0.0,1.0,-9.17,-0.149,-0.869,0.0,33.0,28.18,0.0,9.0,0.0,4.0,0.09,0.0,-0.92,-0.18,-17.81,-12.6,17.72,252.0,TESTR,AKR-TESTR-<MAC6>,0.0,1.0,0.0,100.0
109540,2,walk,walk,9749,,9749.0,20.0,1.0,0.0,1.0,-9.84,-0.164,-0.91,0.0,33.0,28.18,0.0,10.0,0.0,4.0,0.6,0.01,-0.92,-0.18,-18.16,-12.36,14.14,252.0,TESTR,AKR-TESTR-<MAC6>,0.0,1.0,0.0,100.0
109540,2,walk,walk,9750,,9750.0,20.0,1.0,0.0,1.0,-10.46,-0.179,-1.155,0.0,33.0,28.18,0.0,10.0,0.0,4.0,0.92,0.01,-0.91,-0.18,-18.47,-12.32,10.8,252.0,TESTR,AKR-TESTR-<MAC6>,0.0,1.0,0.0,100.0
109540,2,walk,walk,9751,,9751.0,20.0,1.0,0.0,1.0,-11.04,-0.196,-1.323,0.0,33.0,28.18,0.0,10.0,0.0,4.0,0.91,0.01,-0.91,-0.18,-18.59,-12.62,7.83,252.0,TESTR,AKR-TESTR-<MAC6>,0.0,1.0,0.0,100.0
109580,2,walk,walk,9752,,9752.0,20.0,1.0,0.0,1.0,-11.55,-0.242,-4.553,0.0,33.0,28.18,0.0,10.0,0.0,4.0,0.29,0.0,-0.92,-0.19,-18.21,-13.79,5.7,252.0,TESTR,AKR-TESTR-<MAC6>,0.0,1.0,0.0,100.0
109600,2,walk,walk,9753,,9753.0,20.0,1.0,0.0,1.0,-12.01,-0.319,-4.69,0.0,33.0,28.18,0.0,10.0,0.0,4.0,-0.89,-0.01,-0.93,-0.18,-17.35,-15.74,4.57,252.0,TESTR,AKR-TESTR-<MAC6>,0.0,1.0,0.0,100.0
109600,2,walk,walk,9754,,9754.0,20.0,1.0,0.0,1.0,-12.4,-0.335,1.005,0.0,33.0,28.18,0.0,10.0,0.0,4.0,-2.29,-0.04,-0.94,-0.18,-15.92,-17.79,3.98,252.0,TESTR,AKR-TESTR-<MAC6>,0.0,1.0,0.0,100.0
109640,2,walk,walk,9755,,9755.0,20.0,1.0,0.0,1.0,-12.73,-0.311,1.565,0.0,33.0,28.18,0.0,10.0,0.0,4.0,-3.71,-0.06,-0.96,-0.17,-13.98,-19.57,3.36,252.0,TESTR,AKR-TESTR-<MAC6>,0.0,1.0,0.0,100.0
109660,2,walk,walk,9756,,9756.0,20.0,1.0,0.0,1.0,-13.01,-0.298,0.851,0.0,33.0,28.18,0.0,10.0,0.0,4.0,-4.99,-0.09,-0.99,-0.16,-11.76,-20.83,2.34,252.0,TESTR,AKR-TESTR-<MAC6>,0.0,1.0,0.0,100.0
109680,2,walk,walk,9757,,9757.0,20.0,0.0,0.0,1.0,-13.23,-0.281,0.606,0.0,33.0,28.18,0.0,9.0,0.0,4.0,-6.07,-0.11,-1.01,-0.15,-9.56,-21.46,0.91,253.0,TESTR,AKR-TESTR-<MAC6>,0.0,1.0,0.0,100.0
109720,2,walk,walk,9758,,9758.0,20.0,0.0,0.0,1.0,-13.39,-0.279,0.124,0.0,33.0,28.18,0.0,9.0,0.0,4.0,-6.95,-0.13,-1.03,-0.14,-7.65,-21.42,-0.75,253.0,TESTR,AKR-TESTR-<MAC6>,0.0,1.0,0.0,100.0
109720,2,walk,walk,9759,,9759.0,20.0,0.0,0.0,1.0,-13.52,-0.275,0.338,0.0,33.0,28.18,0.0,9.0,0.0,4.0,-7.67,-0.14,-1.04,-0.12,-6.11,-20.83,-2.43,253.0,TESTR,AKR-TESTR-<MAC6>,0.0,1.0,0.0,100.0
109720,2,walk,walk,9760,,9760.0,20.0,0.0,0.0,1.0,-13.6,-0.274,0.002,0.0,33.0,28.18,0.0,9.0,0.0,4.0,-8.26,-0.15,-1.05,-0.11,-4.89,-19.8,-3.9,253.0,TESTR,AKR-TESTR-<MAC6>,0.0,1.0,0.0,100.0
109760,2,walk,walk,9761,,9761.0,20.0,0.0,0.0,1.0,-13.64,-0.274,0.107,0.0,33.0,28.18,0.0,9.0,0.0,4.0,-8.77,-0.16,-1.06,-0.11,-3.92,-18.43,-5.07,253.0,TESTR,AKR-TESTR-<MAC6>,0.0,1.0,0.0,100.0
109780,2,walk,walk,9762,,9762.0,20.0,0.0,0.0,1.0,-13.65,-0.27,0.651,0.0,33.0,28.18,0.0,9.0,0.0,4.0,-9.27,-0.17,-1.06,-0.11,-3.11,-16.86,-6.04,253.0,TESTR,AKR-TESTR-<MAC6>,0.0,1.0,0.0,100.0
109800,2,walk,walk,9763,,9763.0,20.0,0.0,0.0,1.0,-13.64,-0.258,0.888,0.0,33.0,28.18,0.0,9.0,0.0,4.0,-9.79,-0.18,-1.06,-0.11,-2.44,-15.23,-7.03,253.0,TESTR,AKR-TESTR-<MAC6>,0.0,1.0,0.0,100.0
109820,2,walk,walk,9764,,9764.0,20.0,0.0,0.0,1.0,-13.6,-0.242,1.221,0.0,33.0,28.18,0.0,9.0,0.0,4.0,-10.35,-0.19,-1.05,-0.11,-1.88,-13.62,-8.31,253.0,TESTR,AKR-TESTR-<MAC6>,0.0,1.0,0.0,100.0
109840,2,walk,walk,9765,,9765.0,20.0,0.0,0.0,1.0,-13.53,-0.224,1.123,0.0,33.0,28.18,0.0,9.0,0.0,4.0,-10.93,-0.2,-1.05,-0.12,-1.41,-12.13,-10.02,253.0,TESTR,AKR-TESTR-<MAC6>,0.0,1.0,0.0,100.0
109880,2,walk,walk,9766,,9766.0,20.0,0.0,0.0,1.0,-13.45,-0.206,1.129,0.0,33.0,28.18,0.0,9.0,0.0,4.0,-11.5,-0.21,-1.04,-0.13,-0.98,-10.76,-12.17,253.0,TESTR,AKR-TESTR-<MAC6>,0.0,1.0,0.0,100.0
109880,2,walk,walk,9767,,9767.0,20.0,0.0,0.0,1.0,-13.34,-0.193,0.832,0.0,33.0,28.18,0.0,9.0,0.0,4.0,-12.0,-0.22,-1.03,-0.14,-0.56,-9.53,-14.64,253.0,TESTR,AKR-TESTR-<MAC6>,0.0,1.0,0.0,100.0
109900,2,walk,walk,9768,,9768.0,20.0,0.0,0.0,1.0,-13.22,-0.179,0.731,0.0,33.0,28.18,0.0,9.0,0.0,4.0,-12.41,-0.22,-1.02,-0.15,-0.14,-8.44,-17.24,253.0,TESTR,AKR-TESTR-<MAC6>,0.0,1.0,0.0,100.0
109900,2,walk,walk,9769,,9769.0,20.0,0.0,0.0,1.0,-13.08,-0.17,0.727,0.0,33.0,28.18,0.0,9.0,0.0,4.0,-12.68,-0.23,-1.01,-0.16,0.29,-7.48,-19.77,253.0,TESTR,AKR-TESTR-<MAC6>,0.0,1.0,0.0,100.0
109940,2,walk,walk,9770,,9770.0,20.0,0.0,0.0,1.0,-12.92,-0.159,0.7,0.0,33.0,28.18,0.0,9.0,0.0,4.0,-12.8,-0.23,-1.01,-0.17,0.7,-6.62,-22.11,253.0,TESTR,AKR-TESTR-<MAC6>,0.0,1.0,0.0,100.0
109960,2,walk,walk,9771,,9771.0,20.0,0.0,0.0,1.0,-12.75,-0.15,0.402,0.0,33.0,28.18,0.0,9.0,0.0,4.0,-12.79,-0.23,-1.0,-0.17,1.1,-5.86,-24.13,253.0,TESTR,AKR-TESTR-<MAC6>,0.0,1.0,0.0,100.0
109960,2,walk,walk,9772,,9772.0,20.0,0.0,0.0,1.0,-12.55,-0.142,0.667,0.0,33.0,28.18,0.0,9.0,0.0,4.0,-12.64,-0.22,-0.99,-0.18,1.46,-5.2,-25.75,253.0,TESTR,AKR-TESTR-<MAC6>,0.0,1.0,0.0,100.0
110020,2,walk,walk,9773,,9773.0,20.0,0.0,0.0,1.0,-12.34,-0.133,0.547,0.0,33.0,28.18,0.0,9.0,0.0,4.0,-12.38,-0.22,-0.99,-0.18,1.79,-4.62,-26.94,253.0,TESTR,AKR-TESTR-<MAC6>,0.0,1.0,0.0,100.0
110020,2,walk,walk,9774,,9774.0,20.0,0.0,0.0,1.0,-12.1,-0.128,0.316,0.0,33.0,28.18,0.0,9.0,0.0,4.0,-12.05,-0.21,-0.99,-0.19,2.11,-4.1,-27.7,253.0,TESTR,AKR-TESTR-<MAC6>,0.0,1.0,0.0,100.0
110020,2,walk,walk,9775,,9775.0,20.0,0.0,0.0,1.0,-11.85,-0.122,0.323,0.0,33.0,28.18,0.0,9.0,0.0,4.0,-11.66,-0.2,-0.98,-0.19,2.44,-3.63,-28.04,253.0,TESTR,AKR-TESTR-<MAC6>,0.0,1.0,0.0,100.0
110080,2,walk,walk,9776,,9776.0,20.0,0.0,6.0,2.0,-11.57,-0.114,0.539,0.0,33.0,28.18,0.0,9.0,0.0,4.0,-11.24,-0.2,-0.98,-0.2,2.81,-3.2,-28.05,253.0,TESTR,AKR-TESTR-<MAC6>,0.0,1.0,0.0,100.0
110080,2,walk,walk,9777,,9777.0,20.0,0.0,6.0,2.0,-11.26,-0.11,0.762,-0.122,33.0,28.11,0.0,18.0,0.0,4.0,-10.82,-0.19,-0.98,-0.2,3.21,-2.83,-27.82,253.0,TESTR,AKR-TESTR-<MAC6>,0.0,1.0,0.0,100.0
110080,2,walk,walk,9778,,9778.0,20.0,0.0,6.0,2.0,-10.94,-0.074,2.549,1.719,33.0,28.04,0.0,18.0,0.0,4.0,-10.41,-0.18,-0.98,-0.2,3.66,-2.71,-27.79,253.0,TESTR,AKR-TESTR-<MAC6>,0.0,1.0,0.0,100.0
110120,2,walk,walk,9779,,9779.0,20.0,0.0,6.0,2.0,-10.6,-0.046,1.502,2.183,33.0,28.0,0.0,18.0,0.0,4.0,-9.99,-0.17,-0.98,-0.2,4.14,-2.87,-28.19,253.0,TESTR,AKR-TESTR-<MAC6>,0.0,1.0,0.0,100.0
110140,2,walk,walk,9780,,9780.0,20.0,0.0,6.0,2.0,-10.23,-0.031,0.655,2.352,33.0,28.04,0.0,18.0,0.0,4.0,-9.55,-0.16,-0.98,-0.2,4.68,-3.16,-28.94,253.0,TESTR,AKR-TESTR-<MAC6>,0.0,1.0,0.0,100.0
110160,2,walk,walk,9781,,9781.0,20.0,1.0,6.0,2.0,-9.85,-0.024,0.445,2.171,33.0,28.04,0.0,19.0,0.0,4.0,-9.08,-0.16,-0.98,-0.2,5.29,-3.47,-29.85,253.0,TESTR,AKR-TESTR-<MAC6>,0.0,1.0,0.0,100.0
110200,2,walk,walk,9782,,9782.0,20.0,1.0,6.0,2.0,-9.46,-0.019,0.285,1.992,33.0,28.07,0.0,19.0,0.0,4.0,-8.57,-0.15,-0.98,-0.21,6.0,-3.69,-30.73,253.0,TESTR,AKR-TESTR-<MAC6>,0.0,1.0,0.0,100.0
110200,2,walk,walk,9783,,9783.0,20.0,1.0,6.0,2.0,-9.05,-0.016,0.182,1.769,33.0,28.07,0.0,19.0,0.0,4.0,-8.02,-0.14,-0.98,-0.2,6.82,-3.76,-31.39,253.0,TESTR,AKR-TESTR-<MAC6>,0.0,1.0,0.0,100.0
110220,2,walk,walk,9784,,9784.0,20.0,1.0,6.0,2.0,-8.62,-0.014,0.199,1.493,33.0,28.11,0.0,19.0,0.0,4.0,-7.44,-0.13,-0.98,-0.2,7.76,-3.7,-31.77,253.0,TESTR,AKR-TESTR-<MAC6>,0.0,1.0,0.0,100.0
110240,2,walk,walk,9785,,9785.0,20.0,1.0,6.0,2.0,-8.18,-0.011,0.105,1.202,33.0,28.11,0.0,19.0,0.0,4.0,-6.85,-0.12,-0.99,-0.2,8.85,-3.5,-31.84,253.0,TESTR,AKR-TESTR-<MAC6>,0.0,1.0,0.0,100.0
110260,2,walk,walk,9786,,9786.0,20.0,1.0,6.0,2.0,-7.73,-0.009,0.179,0.943,33.0,28.14,0.0,19.0,0.0,4.0,-6.26,-0.11,-0.99,-0.2,10.11,-3.2,-31.65,253.0,TESTR,AKR-TESTR-<MAC6>,0.0,1.0,0.0,100.0
110280,2,walk,walk,9787,,9787.0,20.0,1.0,6.0,2.0,-7.27,-0.006,0.122,0.61,33.0,28.14,0.0,19.0,0.0,4.0,-5.67,-0.1,-0.99,-0.2,11.54,-2.8,-31.26,253.0,TESTR,AKR-TESTR-<MAC6>,0.0,1.0,0.0,100.0
110300,2,walk,walk,9788,,9788.0,20.0,1.0,6.0,2.0,-6.79,-0.004,0.104,0.251,33.0,28.14,0.0,19.0,0.0,4.0,-5.08,-0.09,-0.99,-0.2,13.13,-2.3,-30.77,253.0,TESTR,AKR-TESTR-<MAC6>,0.0,1.0,0.0,100.0
110320,2,walk,walk,9789,,9789.0,20.0,1.0,6.0,2.0,-6.3,-0.002,0.123,-0.027,33.0,28.14,0.0,19.0,0.0,4.0,-4.5,-0.08,-1.0,-0.2,14.85,-1.7,-30.26,253.0,TESTR,AKR-TESTR-<MAC6>,0.0,1.0,0.0,100.0
110360,2,walk,walk,9790,,9790.0,20.0,1.0,6.0,2.0,-5.81,0.0,0.109,-0.337,33.0,28.14,0.0,19.0,0.0,4.0,-3.93,-0.07,-1.0,-0.19,16.63,-1.04,-29.78,253.0,TESTR,AKR-TESTR-<MAC6>,0.0,1.0,0.0,100.0
110360,2,walk,walk,9791,,9791.0,20.0,1.0,6.0,2.0,-5.31,0.002,0.089,-0.514,33.0,28.14,0.0,19.0,0.0,4.0,-3.37,-0.06,-1.0,-0.19,18.4,-0.32,-29.36,253.0,TESTR,AKR-TESTR-<MAC6>,0.0,1.0,0.0,100.0
110380,2,walk,walk,9792,,9792.0,20.0,1.0,6.0,2.0,-4.8,0.003,0.045,-0.55,33.0,28.14,0.0,19.0,0.0,4.0,-2.82,-0.05,-1.0,-0.18,20.1,0.47,-29.02,253.0,TESTR,AKR-TESTR-<MAC6>,0.0,1.0,0.0,100.0
110380,2,walk,walk,9793,,9793.0,20.0,1.0,6.0,2.0,-4.29,0.004,-0.019,-0.634,33.0,28.14,0.0,19.0,0.0,4.0,-2.27,-0.04,-1.01,-0.18,21.64,1.43,-28.78,253.0,TESTR,AKR-TESTR-<MAC6>,0.0,1.0,0.0,100.0
110420,2,walk,walk,9794,,9794.0,20.0,1.0,6.0,2.0,-3.77,0.004,-0.044,-0.481,33.0,28.14,0.0,19.0,0.0,4.0,-1.76,-0.03,-1.01,-0.17,22.96,2.63,-28.71,253.0,TESTR,AKR-TESTR-<MAC6>,0.0,1.0,0.0,100.0
110440,2,walk,walk,9795,,9795.0,20.0,1.0,6.0,2.0,-3.26,0.002,-0.117,-0.162,33.0,28.14,0.0,19.0,0.0,4.0,-1.31,-0.02,-1.02,-0.17,24.0,4.13,-28.91,253.0,TESTR,AKR-TESTR-<MAC6>,0.0,1.0,0.0,100.0
110440,2,walk,walk,9796,,9796.0,20.0,1.0,6.0,2.0,-2.74,0.001,-0.173,0.107,33.0,28.14,0.0,19.0,0.0,4.0,-0.93,-0.02,-1.03,-0.16,24.64,5.99,-29.48,253.0,TESTR,AKR-TESTR-<MAC6>,0.0,1.0,0.0,100.0
110500,2,walk,walk,9797,,9797.0,20.0,1.0,6.0,2.0,-2.22,-0.002,-0.234,0.613,33.0,28.14,0.0,19.0,0.0,4.0,-0.61,-0.01,-1.03,-0.16,24.75,8.29,-30.48,253.0,TESTR,AKR-TESTR-<MAC6>,0.0,1.0,0.0,100.0
110500,2,walk,walk,9798,,9798.0,20.0,1.0,6.0,2.0,-1.7,-0.005,-0.211,0.931,33.0,28.14,0.0,19.0,0.0,4.0,-0.34,-0.01,-1.04,-0.15,24.15,11.24,-31.89,253.0,TESTR,AKR-TESTR-<MAC6>,0.0,1.0,0.0,100.0
110500,2,walk,walk,9799,,9799.0,20.0,1.0,6.0,2.0,-1.18,-0.009,-0.16,1.234,33.0,28.14,0.0,19.0,0.0,4.0,-0.19,0.0,-1.05,-0.15,22.65,15.19,-33.38,253.0,TESTR,AKR-TESTR-<MAC6>,0.0,1.0,0.0,100.0
110560,2,walk,walk,9800,,9800.0,20.0,1.0,6.0,2.0,-0.66,-0.01,-0.062,1.146,33.0,28.11,0.0,19.0,0.0,4.0,-0.31,-0.01,-1.05,-0.15,20.13,20.47,-34.25,253.0,TESTR,AKR-TESTR-<MAC6>,0.0,1.0,0.0,100.0
110560,2,walk,walk,9801,,9801.0,20.0,1.0,6.0,2.0,-0.14,-0.009,0.045,1.03,33.0,28.14,0.0,19.0,0.0,4.0,-0.9,-0.02,-1.05,-0.14,16.71,26.93,-33.68,253.0,TESTR,AKR-TESTR-<MAC6>,0.0,1.0,0.0,100.0
110560,2,walk,walk,9802,,9802.0,20.0,1.0,6.0,2.0,0.39,-0.008,0.085,0.94,33.0,28.14,0.0,19.0,0.0,4.0,-2.09,-0.04,-1.05,-0.14,12.76,33.92,-31.11,253.0,TESTR,AKR-TESTR-<MAC6>,0.0,1.0,0.0,100.0
110600,2,walk,walk,9803,,9803.0,20.0,1.0,6.0,2.0,0.91,-0.007,0.073,0.74,33.0,28.14,0.0,19.0,0.0,4.0,-3.85,-0.07,-1.05,-0.14,8.69,40.37,-26.41,253.0,TESTR,AKR-TESTR-<MAC6>,0.0,1.0,0.0,100.0
110620,2,walk,walk,9804,,9804.0,20.0,1.0,6.0,2.0,1.43,-0.006,0.079,0.632,33.0,28.14,0.0,19.0,0.0,4.0,-6.03,-0.11,-1.05,-0.14,4.87,45.13,-19.85,253.0,TESTR,AKR-TESTR-<MAC6>,0.0,1.0,0.0,100.0
110640,2,walk,walk,9805,,9805.0,20.0,1.0,1.0,5.0,1.95,-0.006,0.017,0.563,33.0,28.14,0.0,19.0,0.0,5.0,-8.39,-0.15,-1.05,-0.14,1.49,47.27,-12.02,254.0,TESTR,AKR-TESTR-<MAC6>,0.0,1.0,0.0,100.0
110680,2,walk,walk,9806,,9806.0,20.0,0.0,1.0,5.0,2.44,-0.006,0.049,0.572,33.0,28.07,0.0,19.0,0.0,5.0,-10.65,-0.2,-1.04,-0.15,-1.29,46.17,-3.94,254.0,TESTR,AKR-TESTR-<MAC6>,0.0,1.0,0.0,100.0
110680,2,walk,walk,9807,,9807.0,20.0,0.0,1.0,6.0,2.9,0.033,3.526,1.581,33.0,28.04,0.0,19.0,0.0,5.0,-12.54,-0.23,-1.04,-0.15,-3.41,41.73,3.49,254.0,TESTR,AKR-TESTR-<MAC6>,0.0,1.0,0.0,100.0
110680,2,walk,walk,9808,,9808.0,20.0,0.0,1.0,6.0,3.33,0.08,2.901,2.05,33.0,27.97,0.0,19.0,0.0,5.0,-13.89,-0.26,-1.03,-0.16,-4.9,34.48,9.74,254.0,TESTR,AKR-TESTR-<MAC6>,0.0,1.0,0.0,100.0
110720,2,walk,walk,9809,,9809.0,20.0,0.0,1.0,6.0,3.7,0.12,2.438,2.52,33.0,27.93,0.0,19.0,0.0,5.0,-14.58,-0.27,-1.03,-0.16,-5.87,25.51,14.69,254.0,TESTR,AKR-TESTR-<MAC6>,0.0,1.0,0.0,100.0
110740,2,walk,walk,9810,,9810.0,20.0,0.0,1.0,6.0,4.0,0.154,2.121,2.749,33.0,27.93,0.0,19.0,0.0,5.0,-14.6,-0.27,-1.02,-0.17,-6.54,16.12,18.52,254.0,TESTR,AKR-TESTR-<MAC6>,0.0,1.0,0.0,100.0
110760,2,walk,walk,9811,,9811.0,20.0,0.0,1.0,6.0,4.23,0.18,1.744,3.299,33.0,27.9,0.0,19.0,0.0,5.0,-13.97,-0.25,-1.02,-0.18,-7.12,7.52,21.5,254.0,TESTR,AKR-TESTR-<MAC6>,0.0,1.0,0.0,100.0
110780,2,walk,walk,9812,,9812.0,20.0,0.0,1.0,6.0,4.38,0.203,1.458,3.379,33.0,27.86,0.0,19.0,0.0,5.0,-12.8,-0.23,-1.02,-0.19,-7.83,0.55,23.91,254.0,TESTR,AKR-TESTR-<MAC6>,0.0,1.0,0.0,100.0
110820,2,walk,walk,9813,,9813.0,20.0,0.0,1.0,6.0,4.44,0.221,1.057,3.788,33.0,27.83,0.0,19.0,0.0,5.0,-11.2,-0.2,-1.01,-0.2,-8.83,-4.38,25.97,254.0,TESTR,AKR-TESTR-<MAC6>,0.0,1.0,0.0,100.0
110820,2,walk,walk,9814,,9814.0,20.0,0.0,1.0,6.0,4.42,0.235,0.853,3.999,33.0,27.83,0.0,19.0,0.0,5.0,-9.31,-0.17,-1.01,-0.21,-10.21,-7.39,27.78,254.0,TESTR,AKR-TESTR-<MAC6>,0.0,1.0,0.0,100.0
110840,2,walk,walk,9815,,9815.0,20.0,0.0,1.0,6.0,4.31,0.247,0.777,4.105,33.0,27.79,0.0,19.0,0.0,5.0,-7.22,-0.13,-1.0,-0.21,-11.92,-8.96,29.33,254.0,TESTR,AKR-TESTR-<MAC6>,0.0,1.0,0.0,100.0
110860,2,walk,walk,9816,,9816.0,20.0,0.0,1.0,6.0,4.12,0.257,0.601,4.335,33.0,27.79,0.0,19.0,0.0,5.0,-5.01,-0.09,-1.0,-0.22,-13.86,-9.68,30.55,254.0,TESTR,AKR-TESTR-<MAC6>,0.0,1.0,0.0,100.0
110860,2,walk,walk,9817,,9817.0,20.0,0.0,1.0,6.0,3.86,0.264,0.433,4.54,33.0,27.76,0.0,19.0,0.0,5.0,-2.75,-0.05,-0.99,-0.22,-15.89,-10.14,31.34,254.0,TESTR,AKR-TESTR-<MAC6>,0.0,1.0,0.0,100.0
110900,2,walk,walk,9818,,9818.0,20.0,0.0,1.0,6.0,3.53,0.269,0.283,4.793,33.0,27.76,0.0,19.0,0.0,5.0,-0.48,-0.01,-0.98,-0.22,-17.88,-10.66,31.57,254.0,TESTR,AKR-TESTR-<MAC6>,0.0,1.0,0.0,100.0
110920,2,walk,walk,9819,,9819.0,20.0,1.0,3.0,7.0,3.14,0.273,0.177,4.882,33.0,27.76,0.0,20.0,0.0,5.0,1.79,0.03,-0.97,-0.22,-19.75,-11.33,31.2,254.0,TESTR,AKR-TESTR-<MAC6>,0.0,1.0,0.0,100.0
110920,2,walk,walk,9820,,9820.0,20.0,0.0,3.0,7.0,2.71,0.275,0.049,4.991,33.0,27.72,0.0,19.0,0.0,5.0,4.01,0.07,-0.96,-0.21,-21.45,-12.04,30.17,254.0,TESTR,AKR-TESTR-<MAC6>,0.0,1.0,0.0,100.0
110960,2,walk,walk,9821,,9821.0,20.0,0.0,3.0,7.0,2.24,0.278,0.228,4.874,33.0,27.72,0.0,19.0,0.0,5.0,6.15,0.1,-0.96,-0.21,-22.96,-12.57,28.48,254.0,TESTR,AKR-TESTR-<MAC6>,0.0,1.0,0.0,100.0
110980,2,walk,walk,9822,,9822.0,20.0,0.0,3.0,7.0,1.74,0.28,0.112,4.915,33.0,27.72,0.0,19.0,0.0,5.0,8.15,0.14,-0.95,-0.2,-24.27,-12.7,26.2,254.0,TESTR,AKR-TESTR-<MAC6>,0.0,1.0,0.0,100.0
111020,2,walk,walk,9823,,9823.0,20.0,0.0,3.0,7.0,1.23,0.28,-0.025,4.896,33.0,27.76,0.0,19.0,0.0,5.0,9.95,0.16,-0.94,-0.18,-25.38,-12.34,23.44,254.0,TESTR,AKR-TESTR-<MAC6>,0.0,1.0,0.0,100.0
111020,2,walk,walk,9824,,9824.0,20.0,0.0,3.0,7.0,0.72,0.279,-0.084,4.678,33.0,27.79,0.0,19.0,0.0,5.0,11.48,0.19,-0.93,-0.17,-26.25,-11.5,20.34,254.0,TESTR,AKR-TESTR-<MAC6>,0.0,1.0,0.0,100.0
111040,2,walk,walk,9825,,9825.0,20.0,0.0,3.0,7.0,0.21,0.277,-0.362,4.67,33.0,27.83,0.0,19.0,0.0,5.0,12.65,0.21,-0.93,-0.16,-26.64,-10.51,17.04,254.0,TESTR,AKR-TESTR-<MAC6>,0.0,1.0,0.0,100.0
111040,2,walk,walk,9826,,9826.0,20.0,0.0,3.0,7.0,-0.27,0.267,-0.798,4.958,33.0,27.83,0.0,19.0,0.0,5.0,13.17,0.22,-0.93,-0.15,-26.14,-10.23,13.65,254.0,TESTR,AKR-TESTR-<MAC6>,0.0,1.0,0.0,100.0
111080,2,walk,walk,9827,,9827.0,20.0,0.0,3.0,7.0,-0.73,0.246,-1.812,5.305,33.0,27.83,0.0,19.0,0.0,5.0,12.94,0.22,-0.95,-0.13,-24.66,-11.2,10.37,254.0,TESTR,AKR-TESTR-<MAC6>,0.0,1.0,0.0,100.0
111100,2,walk,walk,9828,,9828.0,20.0,0.0,3.0,7.0,-1.16,0.21,-2.911,5.771,33.0,27.86,0.0,19.0,0.0,5.0,12.05,0.21,-0.96,-0.12,-22.31,-13.63,7.35,254.0,TESTR,AKR-TESTR-<MAC6>,0.0,1.0,0.0,100.0
111100,2,walk,walk,9829,,9829.0,20.0,0.0,3.0,7.0,-1.54,0.158,-3.901,5.546,33.0,27.97,0.0,19.0,0.0,5.0,10.76,0.19,-0.98,-0.1,-19.32,-17.25,4.83,254.0,TESTR,AKR-TESTR-<MAC6>,0.0,1.0,0.0,100.0
111160,2,walk,walk,9830,,9830.0,20.0,0.0,3.0,7.0,-1.87,0.089,-4.995,4.885,33.0,28.18,0.0,19.0,0.0,5.0,9.28,0.16,-1.01,-0.08,-15.99,-21.2,3.19,254.0,TESTR,AKR-TESTR-<MAC6>,0.0,1.0,0.0,100.0
111160,2,walk,walk,9831,,9831.0,20.0,0.0,3.0,7.0,-2.16,-0.007,-6.846,3.372,33.0,28.28,0.0,19.0,0.0,5.0,7.79,0.14,-1.02,-0.07,-12.64,-24.41,3.01,254.0,TESTR,AKR-TESTR-<MAC6>,0.0,1.0,0.0,100.0
111180,2,walk,walk,9832,,9832.0,20.0,0.0,3.0,7.0,-2.4,-0.117,-7.653,1.752,33.0,28.28,0.0,19.0,0.0,5.0,6.39,0.12,-1.04,-0.06,-9.57,-25.87,4.7,254.0,TESTR,AKR-TESTR-<MAC6>,0.0,1.0,0.0,100.0
111200,2,walk,walk,9833,,9833.0,20.0,0.0,3.0,7.0,-2.59,-0.22,-6.003,0.045,33.0,28.14,0.0,19.0,0.0,5.0,5.26,0.1,-1.05,-0.05,-6.93,-25.51,8.41,254.0,TESTR,AKR-TESTR-<MAC6>,0.0,1.0,0.0,100.0
111220,2,walk,walk,9834,,9834.0,20.0,0.0,3.0,7.0,-2.74,-0.277,-1.855,-1.83,33.0,28.04,0.0,19.0,0.0,5.0,4.4,0.08,-1.06,-0.05,-4.5,-23.45,13.59,254.0,TESTR,AKR-TESTR-<MAC6>,0.0,1.0,0.0,100.0
111220,2,walk,walk,9835,,9835.0,20.0,1.0,3.0,7.0,-2.86,-0.284,0.159,-1.733,33.0,28.11,0.0,20.0,0.0,5.0,3.73,0.07,-1.07,-0.05,-2.18,-20.32,19.2,254.0,TESTR,AKR-TESTR-<MAC6>,0.0,1.0,0.0,100.0
111260,2,walk,walk,9836,,9836.0,20.0,1.0,3.0,7.0,-2.96,-0.274,1.075,-0.938,33.0,28.14,0.0,20.0,0.0,5.0,3.15,0.06,-1.07,-0.06,-0.06,-16.87,24.2,254.0,TESTR,AKR-TESTR-<MAC6>,0.0,1.0,0.0,100.0
111280,2,walk,walk,9837,,9837.0,20.0,0.0,3.0,7.0,-3.03,-0.255,1.005,-0.137,33.0,28.14,0.0,19.0,0.0,5.0,2.58,0.05,-1.07,-0.07,1.66,-13.6,27.92,254.0,TESTR,AKR-TESTR-<MAC6>,0.0,1.0,0.0,100.0
111340,2,walk,walk,9838,,9838.0,20.0,0.0,3.0,7.0,-3.11,-0.247,0.185,0.142,33.0,28.14,0.0,19.0,0.0,5.0,1.96,0.04,-1.07,-0.07,2.84,-10.76,30.19,254.0,TESTR,AKR-TESTR-<MAC6>,0.0,1.0,0.0,100.0
111340,2,walk,walk,9839,,9839.0,20.0,0.0,3.0,7.0,-3.19,-0.248,-0.23,0.147,33.0,28.14,0.0,19.0,0.0,5.0,1.25,0.02,-1.06,-0.08,3.45,-8.37,31.19,254.0,TESTR,AKR-TESTR-<MAC6>,0.0,1.0,0.0,100.0
111340,2,walk,walk,9840,,9840.0,20.0,0.0,3.0,7.0,-3.29,-0.252,-0.254,0.057,33.0,28.14,0.0,19.0,0.0,5.0,0.44,0.01,-1.06,-0.09,3.63,-6.43,31.2,254.0,TESTR,AKR-TESTR-<MAC6>,0.0,1.0,0.0,100.0
111360,2,walk,walk,9841,,9841.0,20.0,0.0,3.0,7.0,-3.41,-0.257,-0.179,0.008,33.0,28.14,0.0,19.0,0.0,5.0,-0.5,-0.01,-1.05,-0.1,3.52,-4.85,30.48,254.0,TESTR,AKR-TESTR-<MAC6>,0.0,1.0,0.0,100.0
111380,2,walk,walk,9842,,9842.0,20.0,0.0,3.0,7.0,-3.56,-0.259,0.019,-0.063,33.0,28.14,0.0,19.0,0.0,5.0,-1.54,-0.03,-1.04,-0.11,3.29,-3.58,29.2,254.0,TESTR,AKR-TESTR-<MAC6>,0.0,1.0,0.0,100.0
111400,2,walk,walk,9843,,9843.0,20.0,0.0,3.0,7.0,-3.74,-0.259,0.06,-0.023,33.0,28.14,0.0,19.0,0.0,5.0,-2.68,-0.05,-1.04,-0.12,3.04,-2.54,27.42,254.0,TESTR,AKR-TESTR-<MAC6>,0.0,1.0,0.0,100.0
111400,2,walk,walk,9844,,9844.0,20.0,0.0,3.0,7.0,-3.95,-0.257,0.199,-0.058,33.0,28.14,0.0,19.0,0.0,5.0,-3.87,-0.07,-1.03,-0.13,2.85,-1.67,25.19,254.0,TESTR,AKR-TESTR-<MAC6>,0.0,1.0,0.0,100.0
111440,2,walk,walk,9845,,9845.0,20.0,0.0,3.0,7.0,-4.19,-0.252,0.472,-0.135,33.0,28.14,0.0,19.0,0.0,5.0,-5.07,-0.09,-1.02,-0.14,2.77,-0.94,22.51,254.0,TESTR,AKR-TESTR-<MAC6>,0.0,1.0,0.0,100.0
111460,2,walk,walk,9846,,9846.0,20.0,0.0,3.0,7.0,-4.45,-0.241,0.774,-0.057,33.0,28.14,0.0,19.0,0.0,5.0,-6.22,-0.11,-1.01,-0.15,2.81,-0.38,19.37,254.0,TESTR,AKR-TESTR-<MAC6>,0.0,1.0,0.0,100.0
111500,2,walk,walk,9847,,9847.0,20.0,0.0,3.0,7.0,-4.74,-0.231,0.554,0.083,33.0,28.14,0.0,19.0,0.0,5.0,-7.29,-0.13,-1.01,-0.16,2.98,0.01,15.89,254.0,TESTR,AKR-TESTR-<MAC6>,0.0,1.0,0.0,100.0
111500,2,walk,walk,9848,,9848.0,20.0,1.0,3.0,7.0,-5.05,-0.223,0.445,0.054,33.0,28.14,0.0,20.0,0.0,5.0,-8.24,-0.14,-1.0,-0.16,3.26,0.27,12.21,254.0,TESTR,AKR-TESTR-<MAC6>,0.0,1.0,0.0,100.0
111520,2,walk,walk,9849,,9849.0,20.0,0.0,3.0,7.0,-5.38,-0.217,0.44,0.015,33.0,28.14,0.0,19.0,0.0,5.0,-9.06,-0.16,-0.99,-0.17,3.7,0.41,8.49,254.0,TESTR,AKR-TESTR-<MAC6>,0.0,1.0,0.0,100.0
111520,2,walk,walk,9850,,9850.0,20.0,0.0,3.0,7.0,-5.71,-0.21,0.558,-0.039,33.0,28.14,0.0,19.0,0.0,5.0,-9.73,-0.17,-0.99,-0.18,4.29,0.46,4.83,254.0,TESTR,AKR-TESTR-<MAC6>,0.0,1.0,0.0,100.0
111560,2,walk,walk,9851,,9851.0,20.0,0.0,0.0,1.0,-6.04,-0.202,0.531,-0.038,33.0,28.14,0.0,19.0,0.0,5.0,-10.25,-0.18,-0.99,-0.18,5.0,0.44,1.32,254.0,TESTR,AKR-TESTR-<MAC6>,0.0,1.0,0.0,100.0
111580,2,walk,walk,9852,,9852.0,20.0,0.0,0.0,1.0,-6.36,-0.195,0.594,0.011,33.0,28.14,0.0,19.0,0.0,5.0,-10.64,-0.18,-0.98,-0.18,5.8,0.36,-1.96,254.0,TESTR,AKR-TESTR-<MAC6>,0.0,1.0,0.0,100.0
111580,2,walk,walk,9853,,9853.0,20.0,0.0,0.0,1.0,-6.67,-0.184,2.089,0.0,33.0,28.32,0.0,12.0,0.0,5.0,-10.9,-0.19,-0.98,-0.19,6.64,0.23,-5.0,254.0,TESTR,AKR-TESTR-<MAC6>,0.0,1.0,0.0,100.0
111620,2,walk,walk,9854,,9854.0,20.0,0.0,0.0,1.0,-6.97,-0.177,0.25,0.0,33.0,28.18,0.0,12.0,0.0,5.0,-11.05,-0.19,-0.98,-0.19,7.51,0.06,-7.77,254.0,TESTR,AKR-TESTR-<MAC6>,0.0,1.0,0.0,100.0
111640,2,walk,walk,9855,,9855.0,20.0,0.0,0.0,1.0,-7.23,-0.171,0.503,0.0,33.0,28.18,0.0,12.0,0.0,5.0,-11.1,-0.19,-0.98,-0.19,8.41,-0.11,-10.26,255.0,TESTR,AKR-TESTR-<MAC6>,0.0,1.0,0.0,100.0
111680,2,walk,walk,9856,,9856.0,20.0,0.0,0.0,1.0,-7.48,-0.161,0.843,0.0,33.0,28.14,0.0,12.0,0.0,5.0,-11.07,-0.19,-0.98,-0.19,9.32,-0.31,-12.55,255.0,TESTR,AKR-TESTR-<MAC6>,0.0,1.0,0.0,100.0
111680,2,walk,walk,9857,,9857.0,20.0,0.0,0.0,1.0,-7.68,-0.152,0.26,0.0,33.0,28.18,0.0,12.0,0.0,5.0,-10.97,-0.19,-0.98,-0.18,10.21,-0.53,-14.62,255.0,TESTR,AKR-TESTR-<MAC6>,0.0,1.0,0.0,100.0
111700,2,walk,walk,9858,,9858.0,20.0,0.0,0.0,1.0,-7.86,-0.149,0.348,0.0,33.0,28.18,0.0,12.0,0.0,5.0,-10.79,-0.19,-0.98,-0.18,11.08,-0.77,-16.43,255.0,TESTR,AKR-TESTR-<MAC6>,0.0,1.0,0.0,100.0
111700,2,walk,walk,9859,,9859.0,20.0,0.0,0.0,1.0,-7.99,-0.142,0.518,0.0,33.0,28.18,0.0,12.0,0.0,5.0,-10.53,-0.18,-0.98,-0.18,11.91,-1.05,-17.97,255.0,TESTR,AKR-TESTR-<MAC6>,0.0,1.0,0.0,100.0
111740,2,walk,walk,9860,,9860.0,20.0,0.0,0.0,1.0,-8.09,-0.135,0.483,0.0,33.0,28.18,0.0,12.0,0.0,5.0,-10.22,-0.18,-0.98,-0.18,12.74,-1.35,-19.24,255.0,TESTR,AKR-TESTR-<MAC6>,0.0,1.0,0.0,100.0
111760,2,walk,walk,9861,,9861.0,20.0,0.0,0.0,1.0,-8.14,-0.131,0.113,0.0,33.0,28.18,0.0,12.0,0.0,5.0,-9.85,-0.17,-0.98,-0.17,13.59,-1.63,-20.2,255.0,TESTR,AKR-TESTR-<MAC6>,0.0,1.0,0.0,100.0
111780,2,walk,walk,9862,,9862.0,20.0,0.0,0.0,1.0,-8.16,-0.13,0.08,0.0,33.0,28.18,0.0,12.0,0.0,5.0,-9.42,-0.16,-0.99,-0.17,14.43,-1.84,-20.78,255.0,TESTR,AKR-TESTR-<MAC6>,0.0,1.0,0.0,100.0
111820,2,walk,walk,9863,,9863.0,20.0,0.0,0.0,1.0,-8.14,-0.128,0.138,0.0,33.0,28.18,0.0,12.0,0.0,5.0,-8.96,-0.16,-0.99,-0.16,15.26,-1.94,-21.01,255.0,TESTR,AKR-TESTR-<MAC6>,0.0,1.0,0.0,100.0
111840,2,walk,walk,9864,,9864.0,20.0,0.0,0.0,1.0,-8.08,-0.124,0.281,0.0,33.0,28.18,0.0,12.0,0.0,5.0,-8.48,-0.15,-0.99,-0.16,16.03,-1.95,-20.95,255.0,TESTR,AKR-TESTR-<MAC6>,0.0,1.0,0.0,100.0
111840,2,walk,walk,9865,,9865.0,20.0,0.0,0.0,1.0,-7.98,-0.119,0.35,0.0,33.0,28.18,0.0,12.0,0.0,5.0,-8.01,-0.14,-0.99,-0.16,16.69,-1.9,-20.7,255.0,TESTR,AKR-TESTR-<MAC6>,0.0,1.0,0.0,100.0
111860,2,walk,walk,9866,,9866.0,20.0,0.0,0.0,1.0,-7.85,-0.112,0.382,0.0,33.0,28.18,0.0,12.0,0.0,5.0,-7.55,-0.13,-0.99,-0.15,17.21,-1.82,-20.35,255.0,TESTR,AKR-TESTR-<MAC6>,0.0,1.0,0.0,100.0
111880,2,walk,walk,9867,,9867.0,20.0,0.0,0.0,1.0,-7.68,-0.108,0.209,0.0,33.0,28.18,0.0,12.0,0.0,5.0,-7.1,-0.12,-0.99,-0.14,17.6,-1.75,-19.91,255.0,TESTR,AKR-TESTR-<MAC6>,0.0,1.0,0.0,100.0
111880,2,walk,walk,9868,,9868.0,20.0,0.0,0.0,1.0,-7.49,-0.105,0.073,0.0,33.0,28.18,0.0,12.0,0.0,5.0,-6.65,-0.12,-0.99,-0.14,17.86,-1.7,-19.37,255.0,TESTR,AKR-TESTR-<MAC6>,0.0,1.0,0.0,100.0
111920,2,walk,walk,9869,,9869.0,20.0,0.0,0.0,1.0,-7.28,-0.104,0.207,0.0,33.0,28.18,0.0,12.0,0.0,5.0,-6.21,-0.11,-0.99,-0.13,17.99,-1.63,-18.72,255.0,TESTR,AKR-TESTR-<MAC6>,0.0,1.0,0.0,100.0
111960,2,walk,walk,9870,,9870.0,20.0,0.0,0.0,1.0,-7.04,-0.101,0.095,0.0,33.0,28.18,0.0,12.0,0.0,5.0,-5.79,-0.1,-0.99,-0.12,18.02,-1.54,-17.97,255.0,TESTR,AKR-TESTR-<MAC6>,0.0,1.0,0.0,100.0
112000,2,walk,walk,9871,,9871.0,20.0,0.0,0.0,1.0,-6.78,-0.099,0.225,0.0,33.0,28.18,0.0,12.0,0.0,5.0,-5.38,-0.09,-0.99,-0.11,17.95,-1.41,-17.14,255.0,TESTR,AKR-TESTR-<MAC6>,0.0,1.0,0.0,100.0
112000,2,walk,walk,9872,,9872.0,20.0,0.0,0.0,1.0,-6.51,-0.096,0.242,0.0,33.0,28.18,0.0,12.0,0.0,5.0,-4.99,-0.09,-0.99,-0.11,17.79,-1.27,-16.28,255.0,TESTR,AKR-TESTR-<MAC6>,0.0,1.0,0.0,100.0
112020,2,walk,walk,9873,,9873.0,20.0,0.0,0.0,1.0,-6.23,-0.091,0.467,0.0,33.0,28.18,0.0,12.0,0.0,5.0,-4.64,-0.08,-0.99,-0.1,17.58,-1.18,-15.48,255.0,TESTR,AKR-TESTR-<MAC6>,0.0,1.0,0.0,100.0
112020,2,walk,walk,9874,,9874.0,20.0,0.0,0.0,1.0,-5.94,-0.085,0.287,0.0,33.0,28.14,0.0,12.0,0.0,5.0,-4.33,-0.08,-0.99,-0.09,17.32,-1.13,-14.82,255.0,TESTR,AKR-TESTR-<MAC6>,0.0,1.0,0.0,100.0
112040,2,walk,walk,9875,,9875.0,20.0,0.0,0.0,1.0,-5.65,-0.08,0.463,0.0,33.0,28.18,0.0,12.0,0.0,5.0,-4.06,-0.07,-0.99,-0.09,17.05,-1.08,-14.32,255.0,TESTR,AKR-TESTR-<MAC6>,0.0,1.0,0.0,100.0
112060,2,walk,walk,9876,,9876.0,20.0,0.0,0.0,1.0,-5.35,-0.076,0.214,0.0,33.0,28.18,0.0,12.0,0.0,5.0,-3.82,-0.07,-0.99,-0.08,16.77,-1.01,-14.0,255.0,TESTR,AKR-TESTR-<MAC6>,0.0,1.0,0.0,100.0
112060,2,walk,walk,9877,,9877.0,20.0,0.0,0.0,1.0,-5.05,-0.073,0.229,0.0,33.0,28.18,0.0,12.0,0.0,5.0,-3.6,-0.06,-1.0,-0.07,16.49,-0.87,-13.81,255.0,TESTR,AKR-TESTR-<MAC6>,0.0,1.0,0.0,100.0
112100,2,walk,walk,9878,,9878.0,20.0,0.0,0.0,1.0,-4.75,-0.071,-0.026,0.0,33.0,28.18,0.0,12.0,0.0,5.0,-3.4,-0.06,-1.0,-0.07,16.22,-0.63,-13.75,255.0,TESTR,AKR-TESTR-<MAC6>,0.0,1.0,0.0,100.0
112120,2,walk,walk,9879,,9879.0,20.0,0.0,0.0,1.0,-4.45,-0.071,0.028,0.0,33.0,28.18,0.0,12.0,0.0,5.0,-3.17,-0.06,-1.0,-0.07,15.91,-0.16,-13.76,255.0,TESTR,AKR-TESTR-<MAC6>,0.0,1.0,0.0,100.0
112160,2,walk,walk,9880,,9880.0,20.0,0.0,0.0,1.0,-4.16,-0.071,-0.065,0.0,33.0,28.18,0.0,12.0,0.0,5.0,-2.86,-0.05,-1.01,-0.06,15.39,1.14,-13.75,255.0,TESTR,AKR-TESTR-<MAC6>,0.0,1.0,0.0,100.0
112160,2,walk,walk,9881,,9881.0,20.0,0.0,0.0,1.0,-3.87,-0.072,-0.089,0.0,33.0,28.18,0.0,12.0,0.0,5.0,-2.36,-0.04,-1.01,-0.07,14.39,4.41,-13.53,255.0,TESTR,AKR-TESTR-<MAC6>,0.0,1.0,0.0,100.0
112180,2,walk,walk,9882,,9882.0,20.0,0.0,0.0,1.0,-3.59,-0.079,-0.856,0.0,33.0,28.18,0.0,12.0,0.0,5.0,-1.61,-0.03,-1.01,-0.07,12.71,11.06,-12.82,255.0,TESTR,AKR-TESTR-<MAC6>,0.0,1.0,0.0,100.0
112180,2,walk,walk,9883,,9883.0,20.0,0.0,0.0,1.0,-3.31,-0.099,-1.695,0.0,33.0,28.18,0.0,12.0,0.0,5.0,-0.61,-0.01,-1.02,-0.09,10.29,22.27,-11.27,255.0,TESTR,AKR-TESTR-<MAC6>,0.0,1.0,0.0,100.0
112220,2,walk,walk,9884,,9884.0,20.0,0.0,0.0,1.0,-3.04,-0.118,-0.597,0.0,33.0,28.18,0.0,12.0,0.0,5.0,0.59,0.01,-1.02,-0.1,7.15,38.47,-8.75,255.0,TESTR,AKR-TESTR-<MAC6>,0.0,1.0,0.0,100.0
112240,2,walk,walk,9885,,9885.0,20.0,0.0,0.0,1.0,-2.77,-0.116,0.432,0.0,33.0,28.18,0.0,12.0,0.0,5.0,1.83,0.03,-1.03,-0.12,3.42,58.98,-5.32,255.0,TESTR,AKR-TESTR-<MAC6>,0.0,1.0,0.0,100.0
112240,2,walk,walk,9886,,9886.0,20.0,0.0,0.0,1.0,-2.5,-0.11,0.428,0.0,33.0,28.18,0.0,12.0,0.0,5.0,2.84,0.05,-1.03,-0.14,-0.65,81.95,-1.32,255.0,TESTR,AKR-TESTR-<MAC6>,0.0,1.0,0.0,100.0
112280,2,walk,walk,9887,,9887.0,20.0,2.0,0.0,1.0,-2.25,-0.106,0.171,0.0,33.0,28.18,0.0,14.0,0.0,5.0,3.39,0.06,-1.03,-0.16,-4.83,105.5,2.92,255.0,TESTR,AKR-TESTR-<MAC6>,0.0,1.0,0.0,100.0
112300,2,walk,walk,9888,,9888.0,20.0,2.0,0.0,1.0,-2.01,-0.106,0.019,0.0,33.0,28.18,0.0,14.0,0.0,5.0,3.31,0.06,-1.04,-0.18,-8.83,127.26,6.97,255.0,TESTR,AKR-TESTR-<MAC6>,0.0,1.0,0.0,100.0
112340,2,walk,walk,9889,,9889.0,20.0,2.0,0.0,1.0,-1.78,-0.106,-0.065,0.0,33.0,28.18,0.0,14.0,0.0,5.0,2.56,0.05,-1.03,-0.19,-12.33,144.72,10.43,255.0,TESTR,AKR-TESTR-<MAC6>,0.0,1.0,0.0,100.0
112340,2,walk,walk,9890,,9890.0,20.0,2.0,0.0,1.0,-1.58,-0.106,-0.042,0.0,33.0,28.18,0.0,14.0,0.0,5.0,1.24,0.02,-1.03,-0.19,-15.08,155.75,12.95,255.0,TESTR,AKR-TESTR-<MAC6>,0.0,1.0,0.0,100.0
112360,2,walk,walk,9891,,9891.0,20.0,2.0,0.0,1.0,-1.39,-0.107,-0.021,0.0,33.0,28.14,0.0,14.0,0.0,5.0,-0.44,-0.01,-1.02,-0.18,-16.88,159.15,14.35,255.0,TESTR,AKR-TESTR-<MAC6>,0.0,1.0,0.0,100.0
112380,2,walk,walk,9892,,9892.0,20.0,2.0,0.0,1.0,-1.24,-0.107,-0.127,0.0,33.0,28.18,0.0,14.0,0.0,5.0,-2.22,-0.04,-1.01,-0.17,-17.63,154.88,14.58,255.0,TESTR,AKR-TESTR-<MAC6>,0.0,1.0,0.0,100.0
112400,2,walk,walk,9893,,9893.0,20.0,1.0,0.0,1.0,-1.12,-0.11,-0.267,0.0,33.0,28.18,0.0,13.0,0.0,5.0,-3.82,-0.07,-1.0,-0.15,-17.32,144.05,13.77,255.0,TESTR,AKR-TESTR-<MAC6>,0.0,1.0,0.0,100.0
112420,2,walk,walk,9894,,9894.0,20.0,1.0,0.0,1.0,-1.03,-0.115,-0.305,0.0,33.0,28.18,0.0,13.0,0.0,5.0,-5.0,-0.09,-1.0,-0.13,-16.05,128.7,12.17,255.0,TESTR,AKR-TESTR-<MAC6>,0.0,1.0,0.0,100.0
112420,2,walk,walk,9895,,9895.0,20.0,1.0,0.0,1.0,-0.98,-0.117,-0.075,0.0,33.0,28.18,0.0,13.0,0.0,5.0,-5.65,-0.1,-0.99,-0.1,-14.05,111.32,10.13,255.0,TESTR,AKR-TESTR-<MAC6>,0.0,1.0,0.0,100.0
112480,2,walk,walk,9896,,9896.0,20.0,0.0,0.0,1.0,-0.97,-0.117,0.021,0.0,33.0,28.18,0.0,12.0,0.0,5.0,-5.74,-0.1,-0.98,-0.08,-11.6,94.4,7.96,255.0,TESTR,AKR-TESTR-<MAC6>,0.0,1.0,0.0,100.0
112480,2,walk,walk,9897,,9897.0,20.0,0.0,0.0,1.0,-0.99,-0.117,0.007,0.0,33.0,28.18,0.0,12.0,0.0,5.0,-5.38,-0.09,-0.98,-0.07,-9.01,79.89,5.94,255.0,TESTR,AKR-TESTR-<MAC6>,0.0,1.0,0.0,100.0
112500,2,walk,walk,9898,,9898.0,20.0,0.0,0.0,1.0,-1.04,-0.117,-0.014,0.0,33.0,28.18,0.0,12.0,0.0,5.0,-4.72,-0.08,-0.98,-0.06,-6.51,68.91,4.28,255.0,TESTR,AKR-TESTR-<MAC6>,0.0,1.0,0.0,100.0
112520,2,walk,walk,9899,,9899.0,20.0,0.0,0.0,1.0,-1.12,-0.117,0.046,0.0,33.0,28.18,0.0,12.0,0.0,5.0,-3.97,-0.07,-0.98,-0.06,-4.31,61.75,3.05,255.0,TESTR,AKR-TESTR-<MAC6>,0.0,1.0,0.0,100.0
112540,2,walk,walk,9900,,9900.0,20.0,1.0,0.0,1.0,-1.22,-0.117,-0.032,0.0,33.0,28.18,0.0,13.0,0.0,5.0,-3.29,-0.06,-0.97,-0.06,-2.54,57.92,2.28,255.0,TESTR,AKR-TESTR-<MAC6>,0.0,1.0,0.0,100.0
112540,2,walk,walk,9901,,9901.0,20.0,0.0,0.0,1.0,-1.34,-0.118,-0.1,0.0,33.0,28.18,0.0,12.0,0.0,5.0,-2.81,-0.05,-0.97,-0.07,-1.26,56.46,1.92,255.0,TESTR,AKR-TESTR-<MAC6>,0.0,1.0,0.0,100.0
112580,2,walk,walk,9902,,9902.0,20.0,0.0,0.0,1.0,-1.47,-0.121,-0.429,0.0,33.0,28.18,0.0,12.0,0.0,5.0,-2.56,-0.04,-0.97,-0.08,-0.44,56.24,1.92,255.0,TESTR,AKR-TESTR-<MAC6>,0.0,1.0,0.0,100.0
112600,2,walk,walk,9903,,9903.0,20.0,0.0,0.0,1.0,-1.6,-0.132,-0.883,0.0,33.0,28.18,0.0,12.0,0.0,5.0,-2.54,-0.04,-0.97,-0.09,0.0,56.23,2.25,255.0,TESTR,AKR-TESTR-<MAC6>,0.0,1.0,0.0,100.0
112620,2,walk,walk,9904,,9904.0,20.0,0.0,0.0,1.0,-1.73,-0.142,-0.54,0.0,33.0,28.18,0.0,12.0,0.0,5.0,-2.65,-0.04,-0.96,-0.1,0.19,55.65,2.79,255.0,TESTR,AKR-TESTR-<MAC6>,0.0,1.0,0.0,100.0
112660,2,walk,walk,9905,,9905.0,20.0,1.0,0.0,1.0,-1.86,-0.15,-0.706,0.0,33.0,28.18,0.0,13.0,0.0,5.0,-2.8,-0.05,-0.96,-0.11,0.21,54.14,3.4,255.0,TESTR,AKR-TESTR-<MAC6>,0.0,1.0,0.0,100.0
112660,2,walk,walk,9906,,9906.0,20.0,1.0,0.0,1.0,-1.98,-0.16,-0.455,0.0,33.0,28.14,0.0,13.0,0.0,5.0,-2.89,-0.05,-0.96,-0.12,0.1,51.73,3.93,255.0,TESTR,AKR-TESTR-<MAC6>,0.0,1.0,0.0,100.0
112660,2,walk,walk,9907,,9907.0,20.0,1.0,0.0,1.0,-2.1,-0.153,0.742,0.0,33.0,28.18,0.0,13.0,0.0,5.0,-2.92,-0.05,-0.96,-0.14,-0.07,48.68,4.38,255.0,TESTR,AKR-TESTR-<MAC6>,0.0,1.0,0.0,100.0
112700,2,walk,walk,9908,,9908.0,20.0,1.0,0.0,1.0,-2.22,-0.149,0.182,0.0,33.0,28.18,0.0,13.0,0.0,5.0,-2.97,-0.05,-0.96,-0.15,-0.27,45.64,4.85,255.0,TESTR,AKR-TESTR-<MAC6>,0.0,1.0,0.0,100.0
112720,2,walk,walk,9909,,9909.0,20.0,1.0,0.0,1.0,-2.33,-0.145,0.201,0.0,33.0,28.18,0.0,13.0,0.0,5.0,-3.1,-0.05,-0.96,-0.15,-0.55,43.25,5.44,255.0,TESTR,AKR-TESTR-<MAC6>,0.0,1.0,0.0,100.0
112720,2,walk,walk,9910,,9910.0,20.0,1.0,0.0,1.0,-2.43,-0.142,0.095,0.0,33.0,28.18,0.0,13.0,0.0,5.0,-3.35,-0.06,-0.96,-0.16,-0.94,41.93,6.12,255.0,TESTR,AKR-TESTR-<MAC6>,0.0,1.0,0.0,100.0
112760,2,walk,walk,9911,,9911.0,20.0,1.0,0.0,1.0,-2.53,-0.142,-0.045,0.0,33.0,28.18,0.0,13.0,0.0,5.0,-3.73,-0.06,-0.97,-0.16,-1.41,41.7,6.86,255.0,TESTR,AKR-TESTR-<MAC6>,0.0,1.0,0.0,100.0
112820,2,walk,walk,9912,,9912.0,20.0,1.0,0.0,1.0,-2.63,-0.141,0.07,0.0,33.0,28.18,0.0,13.0,0.0,5.0,-4.19,-0.07,-0.97,-0.17,-1.89,42.2,7.55,256.0,TESTR,AKR-TESTR-<MAC6>,0.0,1.0,0.0,100.0
112820,2,walk,walk,9913,,9913.0,20.0,1.0,0.0,1.0,-2.73,-0.138,0.381,0.0,33.0,28.18,0.0,13.0,0.0,5.0,-4.66,-0.08,-0.98,-0.16,-2.27,42.84,8.08,256.0,TESTR,AKR-TESTR-<MAC6>,0.0,1.0,0.0,100.0
112820,2,walk,walk,9914,,9914.0,20.0,0.0,0.0,1.0,-2.83,-0.13,0.518,0.0,33.0,28.18,0.0,12.0,0.0,5.0,-5.08,-0.09,-0.98,-0.16,-2.49,43.12,8.38,256.0,TESTR,AKR-TESTR-<MAC6>,0.0,1.0,0.0,100.0
112840,2,walk,walk,9915,,9915.0,20.0,1.0,0.0,1.0,-2.94,-0.125,0.287,0.0,33.0,28.18,0.0,13.0,0.0,5.0,-5.38,-0.09,-0.99,-0.15,-2.53,42.81,8.51,256.0,TESTR,AKR-TESTR-<MAC6>,0.0,1.0,0.0,100.0
112860,2,walk,walk,9916,,9916.0,20.0,1.0,0.0,1.0,-3.05,-0.124,0.025,0.0,33.0,28.18,0.0,13.0,0.0,5.0,-5.56,-0.1,-0.99,-0.14,-2.36,41.86,8.6,256.0,TESTR,AKR-TESTR-<MAC6>,0.0,1.0,0.0,100.0
112880,2,walk,walk,9917,,9917.0,20.0,1.0,0.0,1.0,-3.16,-0.125,-0.173,0.0,33.0,28.18,0.0,13.0,0.0,5.0,-5.63,-0.1,-1.0,-0.14,-1.9,40.31,8.77,256.0,TESTR,AKR-TESTR-<MAC6>,0.0,1.0,0.0,100.0
112900,2,walk,walk,9918,,9918.0,20.0,1.0,0.0,1.0,-3.28,-0.13,-0.283,0.0,33.0,28.18,0.0,13.0,0.0,5.0,-5.63,-0.1,-1.0,-0.13,-1.13,38.2,9.09,256.0,TESTR,AKR-TESTR-<MAC6>,0.0,1.0,0.0,100.0
112920,2,walk,walk,9919,,9919.0,20.0,1.0,0.0,1.0,-3.41,-0.134,-0.273,0.0,33.0,28.18,0.0,13.0,0.0,5.0,-5.57,-0.1,-1.0,-0.13,-0.13,35.64,9.62,256.0,TESTR,AKR-TESTR-<MAC6>,0.0,1.0,0.0,100.0
112960,2,walk,walk,9920,,9920.0,20.0,1.0,6.0,2.0,-3.54,-0.138,-0.264,0.0,33.0,28.18,0.0,13.0,0.0,5.0,-5.48,-0.1,-1.01,-0.12,0.94,32.75,10.34,256.0,TESTR,AKR-TESTR-<MAC6>,0.0,1.0,0.0,100.0
112960,2,walk,walk,9921,,9921.0,20.0,0.0,6.0,2.0,-3.69,-0.142,-0.375,0.031,33.0,28.14,0.0,18.0,0.0,5.0,-5.39,-0.1,-1.01,-0.11,1.88,29.59,10.8,256.0,TESTR,AKR-TESTR-<MAC6>,0.0,1.0,0.0,100.0
112980,2,walk,walk,9922,,9922.0,20.0,0.0,6.0,2.0,-3.84,-0.099,3.231,2.897,33.0,27.86,0.0,18.0,0.0,5.0,-5.33,-0.09,-1.01,-0.11,2.56,26.01,10.54,256.0,TESTR,AKR-TESTR-<MAC6>,0.0,1.0,0.0,100.0
113000,2,walk,walk,9923,,9923.0,20.0,0.0,6.0,2.0,-3.99,-0.068,1.48,4.326,33.0,27.72,0.0,18.0,0.0,5.0,-5.27,-0.09,-1.01,-0.1,2.92,22.17,9.61,256.0,TESTR,AKR-TESTR-<MAC6>,0.0,1.0,0.0,100.0
113020,2,walk,walk,9924,,9924.0,20.0,1.0,6.0,2.0,-4.16,-0.056,0.506,5.296,33.0,27.65,0.0,19.0,0.0,5.0,-5.23,-0.09,-1.01,-0.1,3.04,18.32,8.23,256.0,TESTR,AKR-TESTR-<MAC6>,0.0,1.0,0.0,100.0
113020,2,walk,walk,9925,,9925.0,20.0,1.0,6.0,2.0,-4.32,-0.051,0.352,5.489,33.0,27.62,0.0,19.0,0.0,5.0,-5.23,-0.09,-1.01,-0.09,3.02,14.68,6.56,256.0,TESTR,AKR-TESTR-<MAC6>,0.0,1.0,0.0,100.0
113060,2,walk,walk,9926,,9926.0,20.0,1.0,6.0,2.0,-4.49,-0.047,0.248,5.367,33.0,27.65,0.0,19.0,0.0,5.0,-5.26,-0.09,-1.01,-0.09,2.97,11.48,4.73,256.0,TESTR,AKR-TESTR-<MAC6>,0.0,1.0,0.0,100.0
113080,2,walk,walk,9927,,9927.0,20.0,1.0,6.0,2.0,-4.66,-0.044,0.319,5.024,33.0,27.72,0.0,19.0,0.0,5.0,-5.32,-0.09,-1.01,-0.09,2.95,8.8,2.76,256.0,TESTR,AKR-TESTR-<MAC6>,0.0,1.0,0.0,100.0
113140,2,walk,walk,9928,,9928.0,20.0,1.0,6.0,2.0,-4.83,-0.039,0.216,4.392,33.0,27.79,0.0,19.0,0.0,5.0,-5.39,-0.1,-1.01,-0.09,2.96,6.69,0.7,256.0,TESTR,AKR-TESTR-<MAC6>,0.0,1.0,0.0,100.0
113140,2,walk,walk,9929,,9929.0,20.0,1.0,6.0,2.0,-4.99,-0.034,0.323,3.703,33.0,27.9,0.0,19.0,0.0,5.0,-5.42,-0.1,-1.01,-0.09,3.0,5.12,-1.39,256.0,TESTR,AKR-TESTR-<MAC6>,0.0,1.0,0.0,100.0
113140,2,walk,walk,9930,,9930.0,20.0,1.0,6.0,2.0,-5.14,-0.029,0.242,3.21,33.0,27.93,0.0,19.0,0.0,5.0,-5.41,-0.1,-1.01,-0.09,3.07,4.04,-3.43,256.0,TESTR,AKR-TESTR-<MAC6>,0.0,1.0,0.0,100.0
113140,2,walk,walk,9931,,9931.0,20.0,1.0,6.0,2.0,-5.28,-0.026,0.171,2.93,33.0,27.97,0.0,19.0,0.0,5.0,-5.32,-0.09,-1.01,-0.09,3.17,3.33,-5.3,256.0,TESTR,AKR-TESTR-<MAC6>,0.0,1.0,0.0,100.0
113180,2,walk,walk,9932,,9932.0,20.0,1.0,6.0,2.0,-5.41,-0.024,0.13,2.813,33.0,28.0,0.0,19.0,0.0,5.0,-5.15,-0.09,-1.01,-0.09,3.34,2.91,-6.92,256.0,TESTR,AKR-TESTR-<MAC6>,0.0,1.0,0.0,100.0
113200,2,walk,walk,9933,,9933.0,20.0,1.0,6.0,2.0,-5.51,-0.023,0.085,2.73,33.0,28.0,0.0,19.0,0.0,5.0,-4.93,-0.09,-1.01,-0.09,3.59,2.67,-8.23,256.0,TESTR,AKR-TESTR-<MAC6>,0.0,1.0,0.0,100.0
113200,2,walk,walk,9934,,9934.0,20.0,1.0,6.0,2.0,-5.6,-0.022,0.115,2.651,33.0,28.04,0.0,19.0,0.0,5.0,-4.67,-0.08,-1.01,-0.09,3.95,2.54,-9.27,256.0,TESTR,AKR-TESTR-<MAC6>,0.0,1.0,0.0,100.0
113260,2,walk,walk,9935,,9935.0,20.0,1.0,6.0,2.0,-5.66,-0.021,0.117,2.499,33.0,28.04,0.0,19.0,0.0,5.0,-4.39,-0.08,-1.01,-0.1,4.4,2.49,-10.12,256.0,TESTR,AKR-TESTR-<MAC6>,0.0,1.0,0.0,100.0
113280,2,walk,walk,9936,,9936.0,20.0,1.0,6.0,2.0,-5.7,-0.019,0.177,2.253,33.0,28.04,0.0,19.0,0.0,5.0,-4.11,-0.07,-1.01,-0.1,4.94,2.48,-10.89,256.0,TESTR,AKR-TESTR-<MAC6>,0.0,1.0,0.0,100.0
113280,2,walk,walk,9937,,9937.0,20.0,1.0,6.0,2.0,-5.72,-0.017,0.14,1.884,33.0,28.07,0.0,19.0,0.0,5.0,-3.85,-0.07,-1.01,-0.1,5.51,2.51,-11.66,256.0,TESTR,AKR-TESTR-<MAC6>,0.0,1.0,0.0,100.0
113320,2,walk,walk,9938,,9938.0,20.0,1.0,6.0,2.0,-5.7,-0.014,0.264,1.529,33.0,28.11,0.0,19.0,0.0,5.0,-3.59,-0.06,-1.01,-0.1,6.09,2.56,-12.53,256.0,TESTR,AKR-TESTR-<MAC6>,0.0,1.0,0.0,100.0
113320,2,walk,walk,9939,,9939.0,20.0,1.0,6.0,2.0,-5.67,-0.011,0.226,1.133,33.0,28.14,0.0,19.0,0.0,5.0,-3.36,-0.06,-1.01,-0.1,6.66,2.6,-13.56,256.0,TESTR,AKR-TESTR-<MAC6>,0.0,1.0,0.0,100.0
113320,2,walk,walk,9940,,9940.0,20.0,1.0,6.0,2.0,-5.61,-0.007,0.225,0.815,33.0,28.14,0.0,19.0,0.0,5.0,-3.11,-0.06,-1.01,-0.1,7.17,2.68,-14.74,256.0,TESTR,AKR-TESTR-<MAC6>,0.0,1.0,0.0,100.0
113360,2,walk,walk,9941,,9941.0,20.0,1.0,6.0,2.0,-5.52,-0.006,0.014,0.534,33.0,28.14,0.0,19.0,0.0,5.0,-2.84,-0.05,-1.01,-0.09,7.5,2.98,-15.97,256.0,TESTR,AKR-TESTR-<MAC6>,0.0,1.0,0.0,100.0
113380,2,walk,walk,9942,,9942.0,20.0,1.0,6.0,2.0,-5.41,-0.006,-0.013,0.636,33.0,28.14,0.0,19.0,0.0,5.0,-2.51,-0.04,-1.02,-0.09,7.5,3.74,-17.15,256.0,TESTR,AKR-TESTR-<MAC6>,0.0,1.0,0.0,100.0
113400,2,walk,walk,9943,,9943.0,20.0,1.0,6.0,2.0,-5.27,-0.007,-0.076,0.892,33.0,28.14,0.0,19.0,0.0,5.0,-2.12,-0.04,-1.02,-0.1,7.01,5.37,-18.11,256.0,TESTR,AKR-TESTR-<MAC6>,0.0,1.0,0.0,100.0
113440,2,walk,walk,9944,,9944.0,20.0,1.0,6.0,2.0,-5.11,-0.009,-0.26,1.167,33.0,28.14,0.0,19.0,0.0,5.0,-1.62,-0.03,-1.02,-0.1,5.87,8.55,-18.58,256.0,TESTR,AKR-TESTR-<MAC6>,0.0,1.0,0.0,100.0
113460,2,walk,walk,9945,,9945.0,20.0,1.0,6.0,2.0,-4.93,-0.01,-0.022,1.221,33.0,28.14,0.0,19.0,0.0,5.0,-1.01,-0.02,-1.02,-0.1,4.0,13.7,-18.35,256.0,TESTR,AKR-TESTR-<MAC6>,0.0,1.0,0.0,100.0
113460,2,walk,walk,9946,,9946.0,20.0,1.0,6.0,2.0,-4.72,-0.01,0.045,1.186,33.0,28.11,0.0,19.0,0.0,5.0,-0.32,-0.01,-1.02,-0.1,1.43,21.31,-17.19,256.0,TESTR,AKR-TESTR-<MAC6>,0.0,1.0,0.0,100.0
113500,2,walk,walk,9947,,9947.0,20.0,1.0,6.0,2.0,-4.49,-0.01,0.054,1.108,33.0,28.11,0.0,19.0,0.0,5.0,0.33,0.01,-1.02,-0.1,-1.68,31.71,-14.78,256.0,TESTR,AKR-TESTR-<MAC6>,0.0,1.0,0.0,100.0
113500,2,walk,walk,9948,,9948.0,20.0,1.0,6.0,2.0,-4.25,-0.01,-0.056,1.126,33.0,28.14,0.0,19.0,0.0,5.0,0.8,0.01,-1.02,-0.1,-5.01,44.75,-10.98,256.0,TESTR,AKR-TESTR-<MAC6>,0.0,1.0,0.0,100.0
113520,2,walk,walk,9949,,9949.0,20.0,1.0,6.0,2.0,-3.99,-0.01,-0.07,1.112,33.0,28.11,0.0,19.0,0.0,5.0,0.96,0.02,-1.03,-0.09,-8.15,59.59,-5.91,256.0,TESTR,AKR-TESTR-<MAC6>,0.0,1.0,0.0,100.0
113540,2,walk,walk,9950,,9950.0,20.0,1.0,6.0,2.0,-3.72,-0.009,0.029,1.124,33.0,28.11,0.0,19.0,0.0,5.0,0.74,0.01,-1.04,-0.08,-10.78,74.82,0.03,256.0,TESTR,AKR-TESTR-<MAC6>,0.0,1.0,0.0,100.0
113560,2,walk,walk,9951,,9951.0,20.0,1.0,1.0,5.0,-3.45,-0.009,0.107,1.096,33.0,28.14,0.0,19.0,0.0,6.0,0.14,0.0,-1.04,-0.07,-12.7,88.69,6.27,256.0,TESTR,AKR-TESTR-<MAC6>,0.0,1.0,0.0,100.0
113560,2,walk,walk,9952,,9952.0,20.0,0.0,1.0,6.0,-3.18,-0.009,-0.091,1.09,33.0,28.04,0.0,19.0,0.0,6.0,-0.74,-0.01,-1.04,-0.06,-13.76,99.56,12.19,256.0,TESTR,AKR-TESTR-<MAC6>,0.0,1.0,0.0,100.0
113600,2,walk,walk,9953,,9953.0,20.0,0.0,1.0,6.0,-2.93,0.027,3.307,1.91,33.0,27.97,0.0,19.0,0.0,6.0,-1.73,-0.03,-1.05,-0.04,-13.84,106.12,16.98,256.0,TESTR,AKR-TESTR-<MAC6>,0.0,1.0,0.0,100.0
113620,2,walk,walk,9954,,9954.0,20.0,0.0,1.0,6.0,-2.7,0.073,2.89,2.44,33.0,27.93,0.0,19.0,0.0,6.0,-2.66,-0.05,-1.04,-0.03,-12.88,107.9,20.15,256.0,TESTR,AKR-TESTR-<MAC6>,0.0,1.0,0.0,100.0
113660,2,walk,walk,9955,,9955.0,20.0,0.0,1.0,6.0,-2.5,0.111,2.361,2.962,33.0,27.86,0.0,19.0,0.0,6.0,-3.37,-0.06,-1.04,-0.01,-11.01,105.42,21.61,256.0,TESTR,AKR-TESTR-<MAC6>,0.0,1.0,0.0,100.0
113660,2,walk,walk,9956,,9956.0,20.0,0.0,1.0,6.0,-2.35,0.143,1.984,3.334,33.0,27.86,0.0,19.0,0.0,6.0,-3.77,-0.07,-1.04,0.01,-8.44,99.92,21.62,256.0,TESTR,AKR-TESTR-<MAC6>,0.0,1.0,0.0,100.0
113680,2,walk,walk,9957,,9957.0,20.0,0.0,3.0,7.0,-2.24,0.169,1.656,3.674,33.0,27.83,0.0,19.0,0.0,6.0,-3.81,-0.07,-1.03,0.02,-5.45,93.0,20.6,256.0,TESTR,AKR-TESTR-<MAC6>,0.0,1.0,0.0,100.0
113680,2,walk,walk,9958,,9958.0,20.0,1.0,3.0,7.0,-2.17,0.191,1.397,3.752,33.0,27.83,0.0,20.0,0.0,6.0,-3.51,-0.06,-1.03,0.03,-2.36,86.17,19.03,256.0,TESTR,AKR-TESTR-<MAC6>,0.0,1.0,0.0,100.0
113720,2,walk,walk,9959,,9959.0,20.0,0.0,3.0,7.0,-2.16,0.21,1.041,4.004,33.0,27.79,0.0,19.0,0.0,6.0,-2.93,-0.05,-1.02,0.03,0.57,80.57,17.36,256.0,TESTR,AKR-TESTR-<MAC6>,0.0,1.0,0.0,100.0
113740,2,walk,walk,9960,,9960.0,20.0,0.0,3.0,7.0,-2.2,0.224,0.775,4.184,33.0,27.83,0.0,19.0,0.0,6.0,-2.19,-0.04,-1.02,0.03,3.12,76.76,15.91,256.0,TESTR,AKR-TESTR-<MAC6>,0.0,1.0,0.0,100.0
113780,2,walk,walk,9961,,9961.0,20.0,0.0,3.0,7.0,-2.28,0.234,0.632,4.126,33.0,27.83,0.0,19.0,0.0,6.0,-1.38,-0.02,-1.01,0.03,5.17,74.75,14.86,257.0,TESTR,AKR-TESTR-<MAC6>,0.0,1.0,0.0,100.0
113800,2,walk,walk,9962,,9962.0,20.0,0.0,3.0,7.0,-2.39,0.239,0.359,4.038,33.0,27.83,0.0,19.0,0.0,6.0,-0.59,-0.01,-1.01,0.02,6.71,74.03,14.23,257.0,TESTR,AKR-TESTR-<MAC6>,0.0,1.0,0.0,100.0
113800,2,walk,walk,9963,,9963.0,20.0,0.0,3.0,7.0,-2.54,0.243,0.069,4.03,33.0,27.86,0.0,19.0,0.0,6.0,0.15,0.0,-1.0,0.0,7.75,73.9,13.94,257.0,TESTR,AKR-TESTR-<MAC6>,0.0,1.0,0.0,100.0
113800,2,walk,walk,9964,,9964.0,20.0,0.0,3.0,7.0,-2.71,0.244,0.057,4.028,33.0,27.86,0.0,19.0,0.0,6.0,0.82,0.01,-1.0,-0.01,8.37,73.67,13.84,257.0,TESTR,AKR-TESTR-<MAC6>,0.0,1.0,0.0,100.0
113840,2,walk,walk,9965,,9965.0,20.0,0.0,3.0,7.0,-2.91,0.243,0.025,3.957,33.0,27.86,0.0,19.0,0.0,6.0,1.46,0.03,-0.99,-0.03,8.62,72.89,13.81,257.0,TESTR,AKR-TESTR-<MAC6>,0.0,1.0,0.0,100.0
113860,2,walk,walk,9966,,9966.0,20.0,0.0,3.0,7.0,-3.11,0.243,-0.041,3.911,33.0,27.86,0.0,19.0,0.0,6.0,2.09,0.04,-0.99,-0.04,8.53,71.42,13.75,257.0,TESTR,AKR-TESTR-<MAC6>,0.0,1.0,0.0,100.0
113860,2,walk,walk,9967,,9967.0,20.0,0.0,3.0,7.0,-3.32,0.243,0.036,3.846,33.0,27.86,0.0,19.0,0.0,6.0,2.74,0.05,-0.98,-0.06,8.15,69.38,13.6,257.0,TESTR,AKR-TESTR-<MAC6>,0.0,1.0,0.0,100.0
113900,2,walk,walk,9968,,9968.0,20.0,0.0,3.0,7.0,-3.53,0.243,-0.003,3.851,33.0,27.86,0.0,19.0,0.0,6.0,3.42,0.06,-0.97,-0.07,7.5,67.11,13.33,257.0,TESTR,AKR-TESTR-<MAC6>,0.0,1.0,0.0,100.0
113920,2,walk,walk,9969,,9969.0,20.0,0.0,3.0,7.0,-3.74,0.243,-0.058,3.811,33.0,27.9,0.0,19.0,0.0,6.0,4.13,0.07,-0.96,-0.08,6.6,64.99,12.94,257.0,TESTR,AKR-TESTR-<MAC6>,0.0,1.0,0.0,100.0
113960,2,walk,walk,9970,,9970.0,20.0,0.0,3.0,7.0,-3.94,0.243,-0.001,3.726,33.0,27.9,0.0,19.0,0.0,6.0,4.82,0.08,-0.95,-0.09,5.49,63.27,12.42,257.0,TESTR,AKR-TESTR-<MAC6>,0.0,1.0,0.0,100.0
113960,2,walk,walk,9971,,9971.0,20.0,1.0,3.0,7.0,-4.13,0.243,-0.073,3.646,33.0,27.9,0.0,20.0,0.0,6.0,5.45,0.09,-0.94,-0.1,4.2,62.07,11.73,257.0,TESTR,AKR-TESTR-<MAC6>,0.0,1.0,0.0,100.0
113980,2,walk,walk,9972,,9972.0,20.0,1.0,3.0,7.0,-4.31,0.242,-0.061,3.52,33.0,27.93,0.0,20.0,0.0,6.0,5.95,0.1,-0.94,-0.11,2.82,61.26,10.84,257.0,TESTR,AKR-TESTR-<MAC6>,0.0,1.0,0.0,100.0
114000,2,walk,walk,9973,,9973.0,20.0,1.0,3.0,7.0,-4.48,0.241,-0.108,3.399,33.0,27.93,0.0,20.0,0.0,6.0,6.31,0.1,-0.93,-0.11,1.41,60.64,9.73,257.0,TESTR,AKR-TESTR-<MAC6>,0.0,1.0,0.0,100.0
114020,2,walk,walk,9974,,9974.0,20.0,0.0,3.0,7.0,-4.64,0.238,-0.281,3.274,33.0,27.97,0.0,19.0,0.0,6.0,6.47,0.11,-0.93,-0.12,0.02,59.94,8.39,257.0,TESTR,AKR-TESTR-<MAC6>,0.0,1.0,0.0,100.0
114040,2,walk,walk,9975,,9975.0,20.0,0.0,3.0,7.0,-4.77,0.232,-0.412,3.192,33.0,28.0,0.0,19.0,0.0,6.0,6.45,0.1,-0.93,-0.13,-1.31,58.97,6.89,257.0,TESTR,AKR-TESTR-<MAC6>,0.0,1.0,0.0,100.0
114060,2,walk,walk,9976,,9976.0,20.0,0.0,3.0,7.0,-4.89,0.222,-0.863,3.119,33.0,28.04,0.0,19.0,0.0,6.0,6.24,0.1,-0.93,-0.13,-2.59,57.61,5.34,257.0,TESTR,AKR-TESTR-<MAC6>,0.0,1.0,0.0,100.0
114100,2,walk,walk,9977,,9977.0,20.0,0.0,3.0,7.0,-4.99,0.205,-1.337,2.773,33.0,28.07,0.0,19.0,0.0,6.0,5.86,0.1,-0.93,-0.14,-3.83,55.85,3.89,257.0,TESTR,AKR-TESTR-<MAC6>,0.0,1.0,0.0,100.0
114120,2,walk,walk,9978,,9978.0,20.0,0.0,0.0,1.0,-5.07,0.181,-1.697,2.356,33.0,28.11,0.0,19.0,0.0,6.0,5.35,0.09,-0.93,-0.15,-5.08,53.87,2.72,257.0,TESTR,AKR-TESTR-<MAC6>,0.0,1.0,0.0,100.0
114120,2,walk,walk,9979,,9979.0,20.0,0.0,0.0,1.0,-5.12,0.146,-2.89,1.351,33.0,28.11,0.0,19.0,0.0,6.0,4.7,0.08,-0.94,-0.15,-6.41,52.07,2.43,257.0,TESTR,AKR-TESTR-<MAC6>,0.0,1.0,0.0,100.0
114160,2,walk,walk,9980,,9980.0,20.0,0.0,0.0,1.0,-5.16,0.024,-32.768,0.0,33.0,28.21,0.0,15.0,0.0,6.0,3.91,0.06,-0.95,-0.16,-7.83,50.49,3.51,257.0,TESTR,AKR-TESTR-<MAC6>,0.0,1.0,0.0,100.0
114160,2,walk,walk,9981,,9981.0,20.0,0.0,0.0,1.0,-5.17,-0.077,-5.134,0.0,33.0,28.18,0.0,15.0,0.0,6.0,3.06,0.05,-0.96,-0.17,-9.25,48.82,5.76,257.0,TESTR,AKR-TESTR-<MAC6>,0.0,1.0,0.0,100.0
114160,2,walk,walk,9982,,9982.0,20.0,0.0,0.0,1.0,-5.17,-0.118,-1.008,0.0,33.0,28.18,0.0,15.0,0.0,6.0,2.19,0.04,-0.97,-0.18,-10.56,46.55,8.33,257.0,TESTR,AKR-TESTR-<MAC6>,0.0,1.0,0.0,100.0
114200,2,walk,walk,9983,,9983.0,20.0,1.0,0.0,1.0,-5.15,-0.116,0.696,0.0,33.0,28.18,0.0,16.0,0.0,6.0,1.23,0.02,-0.97,-0.19,-11.61,43.08,10.69,257.0,TESTR,AKR-TESTR-<MAC6>,0.0,1.0,0.0,100.0
114220,2,walk,walk,9984,,9984.0,20.0,1.0,0.0,1.0,-5.13,-0.109,-0.707,0.0,33.0,28.18,0.0,16.0,0.0,6.0,0.0,0.0,-0.98,-0.19,-12.12,38.18,12.72,257.0,TESTR,AKR-TESTR-<MAC6>,0.0,1.0,0.0,100.0
114240,2,walk,walk,9985,,9985.0,20.0,1.0,0.0,1.0,-5.1,-0.139,-2.702,0.0,33.0,28.18,0.0,16.0,0.0,6.0,-1.41,-0.02,-0.99,-0.19,-12.01,32.28,14.41,257.0,TESTR,AKR-TESTR-<MAC6>,0.0,1.0,0.0,100.0
114280,2,walk,walk,9986,,9986.0,20.0,1.0,0.0,1.0,-5.08,-0.163,-0.257,0.0,33.0,28.14,0.0,16.0,0.0,6.0,-2.79,-0.05,-1.0,-0.19,-11.36,26.24,15.69,257.0,TESTR,AKR-TESTR-<MAC6>,0.0,1.0,0.0,100.0
114280,2,walk,walk,9987,,9987.0,20.0,1.0,0.0,1.0,-5.06,-0.159,0.123,0.0,33.0,28.18,0.0,16.0,0.0,6.0,-4.02,-0.07,-1.01,-0.18,-10.36,20.56,16.53,257.0,TESTR,AKR-TESTR-<MAC6>,0.0,1.0,0.0,100.0
114280,2,walk,walk,9988,,9988.0,20.0,1.0,0.0,1.0,-5.06,-0.16,-0.005,0.0,33.0,28.18,0.0,16.0,0.0,6.0,-5.07,-0.09,-1.01,-0.16,-9.25,15.57,16.8,257.0,TESTR,AKR-TESTR-<MAC6>,0.0,1.0,0.0,100.0
114320,2,walk,walk,9989,,9989.0,20.0,1.0,0.0,1.0,-5.08,-0.157,0.44,0.0,33.0,28.14,0.0,16.0,0.0,6.0,-5.92,-0.11,-1.02,-0.15,-8.18,11.41,16.43,257.0,TESTR,AKR-TESTR-<MAC6>,0.0,1.0,0.0,100.0
114340,2,walk,walk,9990,,9990.0,20.0,1.0,0.0,1.0,-5.12,-0.152,0.198,0.0,33.0,28.18,0.0,16.0,0.0,6.0,-6.56,-0.12,-1.02,-0.13,-7.22,8.11,15.49,257.0,TESTR,AKR-TESTR-<MAC6>,0.0,1.0,0.0,100.0
114340,2,walk,walk,9991,,9991.0,20.0,1.0,0.0,1.0,-5.18,-0.15,0.038,0.0,33.0,28.18,0.0,16.0,0.0,6.0,-7.0,-0.13,-1.02,-0.12,-6.38,5.56,14.13,257.0,TESTR,AKR-TESTR-<MAC6>,0.0,1.0,0.0,100.0
114400,2,walk,walk,9992,,9992.0,20.0,1.0,0.0,1.0,-5.27,-0.149,-0.01,0.0,33.0,28.18,0.0,16.0,0.0,6.0,-7.24,-0.13,-1.03,-0.11,-5.66,3.64,12.59,257.0,TESTR,AKR-TESTR-<MAC6>,0.0,1.0,0.0,100.0
114420,2,walk,walk,9993,,9993.0,20.0,1.0,0.0,1.0,-5.38,-0.15,-0.081,0.0,33.0,28.14,0.0,16.0,0.0,6.0,-7.3,-0.13,-1.03,-0.1,-5.05,2.23,11.13,257.0,TESTR,AKR-TESTR-<MAC6>,0.0,1.0,0.0,100.0
114420,2,walk,walk,9994,,9994.0,20.0,1.0,0.0,1.0,-5.51,-0.151,-0.026,0.0,33.0,28.18,0.0,16.0,0.0,6.0,-7.22,-0.13,-1.03,-0.1,-4.58,1.24,9.96,257.0,TESTR,AKR-TESTR-<MAC6>,0.0,1.0,0.0,100.0
114460,2,walk,walk,9995,,9995.0,20.0,1.0,0.0,1.0,-5.66,-0.155,-0.293,0.0,33.0,28.18,0.0,16.0,0.0,6.0,-7.04,-0.13,-1.03,-0.09,-4.25,0.57,9.23,257.0,TESTR,AKR-TESTR-<MAC6>,0.0,1.0,0.0,100.0
114460,2,walk,walk,9996,,9996.0,20.0,1.0,0.0,1.0,-5.82,-0.159,-0.183,0.0,33.0,28.14,0.0,16.0,0.0,6.0,-6.82,-0.12,-1.02,-0.09,-4.04,0.16,8.93,257.0,TESTR,AKR-TESTR-<MAC6>,0.0,1.0,0.0,100.0
114460,2,walk,walk,9997,,9997.0,20.0,1.0,0.0,1.0,-6.0,-0.162,-0.181,0.0,33.0,28.14,0.0,16.0,0.0,6.0,-6.64,-0.12,-1.02,-0.09,-3.94,-0.06,8.96,257.0,TESTR,AKR-TESTR-<MAC6>,0.0,1.0,0.0,100.0
114500,2,walk,walk,9998,,9998.0,20.0,1.0,0.0,1.0,-6.18,-0.163,0.019,0.0,33.0,28.18,0.0,16.0,0.0,6.0,-6.52,-0.12,-1.02,-0.09,-3.93,-0.15,9.1,257.0,TESTR,AKR-TESTR-<MAC6>,0.0,1.0,0.0,100.0
114520,2,walk,walk,9999,,9999.0,20.0,1.0,0.0,1.0,-6.37,-0.163,0.038,0.0,33.0,28.18,0.0,16.0,0.0,6.0,-6.5,-0.12,-1.02,-0.1,-3.97,-0.12,9.17,257.0,TESTR,AKR-TESTR-<MAC6>,0.0,1.0,0.0,100.0
114520,2,walk,walk,10000,,10000.0,20.0,1.0,0.0,1.0,-6.56,-0.162,0.146,0.0,33.0,28.18,0.0,16.0,0.0,6.0,-6.58,-0.12,-1.01,-0.1,-4.03,0.05,8.96,257.0,TESTR,AKR-TESTR-<MAC6>,0.0,1.0,0.0,100.0
114560,2,walk,walk,10001,,10001.0,20.0,1.0,0.0,1.0,-6.75,-0.16,0.287,0.0,33.0,28.18,0.0,16.0,0.0,6.0,-6.75,-0.12,-1.01,-0.1,-4.04,0.31,8.34,257.0,TESTR,AKR-TESTR-<MAC6>,0.0,1.0,0.0,100.0
114580,2,walk,walk,10002,,10002.0,20.0,1.0,0.0,1.0,-6.94,-0.153,0.448,0.0,33.0,28.18,0.0,16.0,0.0,6.0,-6.96,-0.12,-1.01,-0.11,-3.95,0.62,7.23,257.0,TESTR,AKR-TESTR-<MAC6>,0.0,1.0,0.0,100.0
114620,2,walk,walk,10003,,10003.0,20.0,1.0,0.0,1.0,-7.13,-0.146,0.559,0.0,33.0,28.18,0.0,16.0,0.0,6.0,-7.17,-0.13,-1.01,-0.11,-3.77,0.93,5.65,257.0,TESTR,AKR-TESTR-<MAC6>,0.0,1.0,0.0,100.0
114620,2,walk,walk,10004,,10004.0,20.0,1.0,0.0,1.0,-7.31,-0.137,0.511,0.0,33.0,28.18,0.0,16.0,0.0,6.0,-7.35,-0.13,-1.0,-0.11,-3.51,1.17,3.67,257.0,TESTR,AKR-TESTR-<MAC6>,0.0,1.0,0.0,100.0
114640,2,walk,walk,10005,,10005.0,20.0,0.0,0.0,1.0,-7.48,-0.131,0.301,0.0,33.0,28.18,0.0,15.0,0.0,6.0,-7.46,-0.13,-1.0,-0.12,-3.21,1.32,1.46,257.0,TESTR,AKR-TESTR-<MAC6>,0.0,1.0,0.0,100.0
114640,2,walk,walk,10006,,10006.0,20.0,0.0,0.0,1.0,-7.64,-0.129,0.234,0.0,33.0,28.18,0.0,15.0,0.0,6.0,-7.49,-0.13,-1.0,-0.12,-2.89,1.39,-0.8,257.0,TESTR,AKR-TESTR-<MAC6>,0.0,1.0,0.0,100.0
114680,2,walk,walk,10007,,10007.0,20.0,0.0,0.0,1.0,-7.79,-0.124,0.299,0.0,33.0,28.18,0.0,15.0,0.0,6.0,-7.46,-0.13,-1.0,-0.13,-2.57,1.39,-2.98,257.0,TESTR,AKR-TESTR-<MAC6>,0.0,1.0,0.0,100.0
114700,2,walk,walk,10008,,10008.0,20.0,0.0,0.0,1.0,-7.93,-0.118,0.457,0.0,33.0,28.18,0.0,15.0,0.0,6.0,-7.37,-0.13,-1.0,-0.13,-2.22,1.35,-5.03,257.0,TESTR,AKR-TESTR-<MAC6>,0.0,1.0,0.0,100.0
114700,2,walk,walk,10009,,10009.0,20.0,0.0,0.0,1.0,-8.05,-0.109,0.659,0.0,33.0,28.18,0.0,15.0,0.0,6.0,-7.25,-0.13,-1.0,-0.13,-1.84,1.27,-6.99,257.0,TESTR,AKR-TESTR-<MAC6>,0.0,1.0,0.0,100.0
114760,2,walk,walk,10010,,10010.0,20.0,0.0,0.0,1.0,-8.15,-0.099,0.79,0.0,33.0,28.18,0.0,15.0,0.0,6.0,-7.1,-0.12,-1.0,-0.13,-1.47,1.19,-8.93,258.0,TESTR,AKR-TESTR-<MAC6>,0.0,1.0,0.0,100.0
114760,2,walk,walk,10011,,10011.0,20.0,0.0,0.0,1.0,-8.23,-0.086,0.984,0.0,33.0,28.18,0.0,15.0,0.0,6.0,-6.91,-0.12,-0.99,-0.14,-1.16,1.13,-10.93,258.0,TESTR,AKR-TESTR-<MAC6>,0.0,1.0,0.0,100.0
114780,2,walk,walk,10012,,10012.0,20.0,0.0,0.0,1.0,-8.29,-0.071,0.865,0.0,33.0,28.18,0.0,15.0,0.0,6.0,-6.68,-0.12,-0.99,-0.14,-0.96,1.08,-13.03,258.0,TESTR,AKR-TESTR-<MAC6>,0.0,1.0,0.0,100.0
114800,2,walk,walk,10013,,10013.0,20.0,0.0,0.0,1.0,-8.32,-0.059,0.899,0.0,33.0,28.18,0.0,15.0,0.0,6.0,-6.42,-0.11,-0.99,-0.14,-0.85,1.04,-15.24,258.0,TESTR,AKR-TESTR-<MAC6>,0.0,1.0,0.0,100.0
114820,2,walk,walk,10014,,10014.0,20.0,0.0,0.0,1.0,-8.32,-0.047,0.463,0.0,33.0,28.18,0.0,15.0,0.0,6.0,-6.11,-0.11,-0.99,-0.14,-0.82,1.01,-17.49,258.0,TESTR,AKR-TESTR-<MAC6>,0.0,1.0,0.0,100.0
114820,2,walk,walk,10015,,10015.0,20.0,0.0,0.0,1.0,-8.29,-0.04,0.464,0.0,33.0,28.14,0.0,15.0,0.0,6.0,-5.75,-0.1,-0.99,-0.14,-0.79,0.99,-19.67,258.0,TESTR,AKR-TESTR-<MAC6>,0.0,1.0,0.0,100.0
114860,2,walk,walk,10016,,10016.0,20.0,0.0,0.0,1.0,-8.24,-0.033,0.395,0.0,33.0,28.18,0.0,15.0,0.0,6.0,-5.32,-0.09,-0.99,-0.14,-0.73,0.97,-21.66,258.0,TESTR,AKR-TESTR-<MAC6>,0.0,1.0,0.0,100.0
114880,2,walk,walk,10017,,10017.0,20.0,0.0,0.0,1.0,-8.14,-0.027,0.338,0.0,33.0,28.18,0.0,15.0,0.0,6.0,-4.82,-0.08,-1.0,-0.14,-0.59,0.95,-23.34,258.0,TESTR,AKR-TESTR-<MAC6>,0.0,1.0,0.0,100.0
114900,2,walk,walk,10018,,10018.0,20.0,0.0,0.0,1.0,-8.02,-0.025,0.054,0.0,33.0,28.18,0.0,15.0,0.0,6.0,-4.25,-0.07,-1.0,-0.14,-0.33,0.95,-24.58,258.0,TESTR,AKR-TESTR-<MAC6>,0.0,1.0,0.0,100.0
114940,2,walk,walk,10019,,10019.0,20.0,0.0,0.0,1.0,-7.86,-0.023,0.07,0.0,33.0,28.18,0.0,15.0,0.0,6.0,-3.63,-0.06,-1.0,-0.15,0.08,1.01,-25.29,258.0,TESTR,AKR-TESTR-<MAC6>,0.0,1.0,0.0,100.0
114940,2,walk,walk,10020,,10020.0,20.0,0.0,0.0,1.0,-7.66,-0.022,0.159,0.0,33.0,28.18,0.0,15.0,0.0,6.0,-2.98,-0.05,-1.0,-0.15,0.64,1.12,-25.47,258.0,TESTR,AKR-TESTR-<MAC6>,0.0,1.0,0.0,100.0
114960,2,walk,walk,10021,,10021.0,20.0,0.0,0.0,1.0,-7.43,-0.019,0.177,0.0,33.0,28.14,0.0,15.0,0.0,6.0,-2.32,-0.04,-1.0,-0.15,1.34,1.26,-25.16,258.0,TESTR,AKR-TESTR-<MAC6>,0.0,1.0,0.0,100.0
114980,2,walk,walk,10022,,10022.0,20.0,0.0,0.0,1.0,-7.16,-0.015,0.346,0.0,33.0,28.18,0.0,15.0,0.0,6.0,-1.68,-0.03,-1.0,-0.15,2.11,1.38,-24.46,258.0,TESTR,AKR-TESTR-<MAC6>,0.0,1.0,0.0,100.0
115000,2,walk,walk,10023,,10023.0,20.0,0.0,0.0,1.0,-6.87,-0.01,0.209,0.0,33.0,28.18,0.0,15.0,0.0,6.0,-1.07,-0.02,-1.0,-0.15,2.93,1.45,-23.48,258.0,TESTR,AKR-TESTR-<MAC6>,0.0,1.0,0.0,100.0
115020,2,walk,walk,10024,,10024.0,20.0,0.0,0.0,1.0,-6.54,-0.007,0.041,0.0,33.0,28.14,0.0,15.0,0.0,6.0,-0.51,-0.01,-1.0,-0.15,3.75,1.44,-22.31,258.0,TESTR,AKR-TESTR-<MAC6>,0.0,1.0,0.0,100.0
115040,2,walk,walk,10025,,10025.0,20.0,0.0,6.0,2.0,-6.19,-0.006,0.142,0.0,33.0,28.18,0.0,15.0,0.0,6.0,0.0,0.0,-1.0,-0.15,4.56,1.38,-20.99,258.0,TESTR,AKR-TESTR-<MAC6>,0.0,1.0,0.0,100.0
115060,2,walk,walk,10026,,10026.0,20.0,0.0,6.0,2.0,-5.82,-0.005,-0.005,0.012,33.0,28.14,0.0,18.0,0.0,6.0,0.47,0.01,-1.0,-0.15,5.34,1.31,-19.6,258.0,TESTR,AKR-TESTR-<MAC6>,0.0,1.0,0.0,100.0
115100,2,walk,walk,10027,,10027.0,20.0,0.0,6.0,2.0,-5.43,-0.003,0.151,0.043,33.0,28.14,0.0,18.0,0.0,6.0,0.9,0.02,-1.0,-0.15,6.07,1.27,-18.19,258.0,TESTR,AKR-TESTR-<MAC6>,0.0,1.0,0.0,100.0
115100,2,walk,walk,10028,,10028.0,20.0,0.0,6.0,2.0,-5.02,-0.002,0.104,0.013,33.0,28.14,0.0,18.0,0.0,6.0,1.28,0.02,-1.0,-0.14,6.72,1.33,-16.81,258.0,TESTR,AKR-TESTR-<MAC6>,0.0,1.0,0.0,100.0
115120,2,walk,walk,10029,,10029.0,20.0,0.0,6.0,2.0,-4.6,-0.001,0.037,-0.066,33.0,28.14,0.0,18.0,0.0,6.0,1.62,0.03,-1.0,-0.14,7.24,1.57,-15.51,258.0,TESTR,AKR-TESTR-<MAC6>,0.0,1.0,0.0,100.0
115120,2,walk,walk,10030,,10030.0,20.0,0.0,6.0,2.0,-4.18,0.0,0.053,-0.209,33.0,28.14,0.0,18.0,0.0,6.0,1.93,0.03,-1.0,-0.14,7.56,2.12,-14.33,258.0,TESTR,AKR-TESTR-<MAC6>,0.0,1.0,0.0,100.0
115160,2,walk,walk,10031,,10031.0,20.0,1.0,6.0,2.0,-3.76,0.001,0.079,-0.313,33.0,28.14,0.0,19.0,0.0,6.0,2.22,0.04,-1.0,-0.14,7.61,3.16,-13.28,258.0,TESTR,AKR-TESTR-<MAC6>,0.0,1.0,0.0,100.0
115180,2,walk,walk,10032,,10032.0,20.0,1.0,6.0,2.0,-3.34,0.002,0.085,-0.266,33.0,28.14,0.0,19.0,0.0,6.0,2.48,0.04,-1.0,-0.14,7.35,4.9,-12.39,258.0,TESTR,AKR-TESTR-<MAC6>,0.0,1.0,0.0,100.0
115200,2,walk,walk,10033,,10033.0,20.0,1.0,6.0,2.0,-2.92,0.001,-0.101,-0.22,33.0,28.14,0.0,19.0,0.0,6.0,2.71,0.05,-1.0,-0.14,6.73,7.51,-11.68,258.0,TESTR,AKR-TESTR-<MAC6>,0.0,1.0,0.0,100.0
115220,2,walk,walk,10034,,10034.0,20.0,1.0,6.0,2.0,-2.51,0.001,-0.077,-0.107,33.0,28.14,0.0,19.0,0.0,6.0,2.9,0.05,-1.0,-0.14,5.72,11.13,-11.17,258.0,TESTR,AKR-TESTR-<MAC6>,0.0,1.0,0.0,100.0
115260,2,walk,walk,10035,,10035.0,20.0,1.0,6.0,2.0,-2.11,0.0,-0.026,0.041,33.0,28.14,0.0,19.0,0.0,6.0,3.04,0.05,-1.01,-0.15,4.29,15.85,-10.83,258.0,TESTR,AKR-TESTR-<MAC6>,0.0,1.0,0.0,100.0
115260,2,walk,walk,10036,,10036.0,20.0,1.0,6.0,2.0,-1.72,-0.001,-0.104,0.25,33.0,28.14,0.0,19.0,0.0,6.0,3.13,0.06,-1.01,-0.15,2.44,21.69,-10.65,258.0,TESTR,AKR-TESTR-<MAC6>,0.0,1.0,0.0,100.0
115280,2,walk,walk,10037,,10037.0,20.0,1.0,6.0,2.0,-1.35,-0.002,0.009,0.412,33.0,28.14,0.0,19.0,0.0,6.0,3.17,0.06,-1.01,-0.16,0.15,28.6,-10.55,258.0,TESTR,AKR-TESTR-<MAC6>,0.0,1.0,0.0,100.0
115300,2,walk,walk,10038,,10038.0,20.0,1.0,6.0,2.0,-0.98,-0.003,-0.03,0.487,33.0,28.14,0.0,19.0,0.0,6.0,3.16,0.06,-1.02,-0.16,-2.56,36.48,-10.46,258.0,TESTR,AKR-TESTR-<MAC6>,0.0,1.0,0.0,100.0
115300,2,walk,walk,10039,,10039.0,20.0,1.0,6.0,2.0,-0.63,-0.004,-0.025,0.606,33.0,28.14,0.0,19.0,0.0,6.0,3.1,0.06,-1.02,-0.16,-5.62,45.04,-10.28,258.0,TESTR,AKR-TESTR-<MAC6>,0.0,1.0,0.0,100.0
115340,2,walk,walk,10040,,10040.0,20.0,1.0,6.0,2.0,-0.3,-0.005,0.088,0.685,33.0,28.14,0.0,19.0,0.0,6.0,2.94,0.05,-1.02,-0.15,-8.79,53.8,-9.88,258.0,TESTR,AKR-TESTR-<MAC6>,0.0,1.0,0.0,100.0
115360,2,walk,walk,10041,,10041.0,20.0,1.0,6.0,2.0,0.02,-0.006,-0.007,0.634,33.0,28.14,0.0,19.0,0.0,6.0,2.6,0.05,-1.02,-0.14,-11.64,62.34,-8.93,258.0,TESTR,AKR-TESTR-<MAC6>,0.0,1.0,0.0,100.0
115380,2,walk,walk,10042,,10042.0,20.0,1.0,6.0,2.0,0.33,-0.006,-0.041,0.564,33.0,28.14,0.0,19.0,0.0,6.0,1.97,0.04,-1.02,-0.13,-13.82,70.46,-7.04,258.0,TESTR,AKR-TESTR-<MAC6>,0.0,1.0,0.0,100.0
115400,2,walk,walk,10043,,10043.0,20.0,1.0,6.0,2.0,0.63,-0.005,0.021,0.489,33.0,28.14,0.0,19.0,0.0,6.0,1.04,0.02,-1.03,-0.11,-15.14,78.02,-3.89,258.0,TESTR,AKR-TESTR-<MAC6>,0.0,1.0,0.0,100.0
115420,2,walk,walk,10044,,10044.0,20.0,1.0,6.0,2.0,0.9,-0.004,0.085,0.314,33.0,28.14,0.0,19.0,0.0,6.0,-0.19,0.0,-1.03,-0.09,-15.56,84.8,0.55,258.0,TESTR,AKR-TESTR-<MAC6>,0.0,1.0,0.0,100.0
115420,2,walk,walk,10045,,10045.0,20.0,1.0,6.0,2.0,1.16,-0.003,0.062,0.25,33.0,28.14,0.0,19.0,0.0,6.0,-1.63,-0.03,-1.04,-0.07,-15.17,90.36,6.06,258.0,TESTR,AKR-TESTR-<MAC6>,0.0,1.0,0.0,100.0
115460,2,walk,walk,10046,,10046.0,20.0,1.0,6.0,2.0,1.39,-0.002,0.119,0.19,33.0,28.14,0.0,19.0,0.0,6.0,-3.19,-0.06,-1.04,-0.05,-14.07,94.16,12.12,258.0,TESTR,AKR-TESTR-<MAC6>,0.0,1.0,0.0,100.0
115480,2,walk,walk,10047,,10047.0,20.0,1.0,6.0,2.0,1.6,-0.002,-0.05,0.145,33.0,28.14,0.0,19.0,0.0,6.0,-4.71,-0.09,-1.05,-0.04,-12.43,95.68,18.19,258.0,TESTR,AKR-TESTR-<MAC6>,0.0,1.0,0.0,100.0
115500,2,walk,walk,10048,,10048.0,20.0,1.0,6.0,2.0,1.76,-0.002,0.052,0.128,33.0,28.14,0.0,19.0,0.0,6.0,-6.09,-0.11,-1.06,-0.03,-10.41,94.63,23.79,258.0,TESTR,AKR-TESTR-<MAC6>,0.0,1.0,0.0,100.0
115520,2,walk,walk,10049,,10049.0,20.0,1.0,6.0,2.0,1.88,-0.002,-0.006,0.117,33.0,28.14,0.0,19.0,0.0,6.0,-7.21,-0.13,-1.06,-0.02,-8.18,91.06,28.62,258.0,TESTR,AKR-TESTR-<MAC6>,0.0,1.0,0.0,100.0
115540,2,walk,walk,10050,,10050.0,20.0,1.0,6.0,2.0,1.94,-0.001,0.113,0.113,33.0,28.14,0.0,19.0,0.0,6.0,-8.03,-0.15,-1.07,-0.02,-5.92,85.35,32.54,258.0,TESTR,AKR-TESTR-<MAC6>,0.0,1.0,0.0,100.0
115580,2,walk,walk,10051,,10051.0,20.0,1.0,6.0,2.0,1.94,-0.001,0.001,0.061,33.0,28.14,0.0,19.0,0.0,6.0,-8.51,-0.16,-1.07,-0.03,-3.75,78.19,35.62,258.0,TESTR,AKR-TESTR-<MAC6>,0.0,1.0,0.0,100.0
115580,2,walk,walk,10052,,10052.0,20.0,1.0,6.0,2.0,1.88,-0.001,-0.015,0.077,33.0,28.14,0.0,19.0,0.0,6.0,-8.68,-0.16,-1.07,-0.04,-1.8,70.36,38.03,258.0,TESTR,AKR-TESTR-<MAC6>,0.0,1.0,0.0,100.0
115600,2,walk,walk,10053,,10053.0,20.0,1.0,6.0,2.0,1.74,-0.001,-0.022,0.028,33.0,28.14,0.0,19.0,0.0,6.0,-8.57,-0.16,-1.07,-0.05,-0.13,62.64,39.97,258.0,TESTR,AKR-TESTR-<MAC6>,0.0,1.0,0.0,100.0
115600,2,walk,walk,10054,,10054.0,20.0,1.0,6.0,2.0,1.53,-0.001,0.006,0.011,33.0,28.14,0.0,19.0,0.0,6.0,-8.24,-0.15,-1.07,-0.06,1.2,55.59,41.65,258.0,TESTR,AKR-TESTR-<MAC6>,0.0,1.0,0.0,100.0
115640,2,walk,walk,10055,,10055.0,20.0,1.0,6.0,2.0,1.24,-0.001,-0.017,-0.009,33.0,28.14,0.0,19.0,0.0,6.0,-7.74,-0.14,-1.06,-0.07,2.14,49.57,43.19,258.0,TESTR,AKR-TESTR-<MAC6>,0.0,1.0,0.0,100.0
115660,2,walk,walk,10056,,10056.0,20.0,1.0,6.0,2.0,0.89,0.0,-0.036,-0.042,33.0,28.14,0.0,19.0,0.0,6.0,-7.14,-0.13,-1.05,-0.08,2.72,44.64,44.64,258.0,TESTR,AKR-TESTR-<MAC6>,0.0,1.0,0.0,100.0
115680,2,walk,walk,10057,,10057.0,20.0,1.0,6.0,2.0,0.46,0.0,0.021,-0.101,33.0,28.14,0.0,19.0,0.0,6.0,-6.48,-0.12,-1.04,-0.08,2.96,40.72,45.99,258.0,TESTR,AKR-TESTR-<MAC6>,0.0,1.0,0.0,100.0
115720,2,walk,walk,10058,,10058.0,20.0,1.0,6.0,2.0,-0.03,0.0,0.064,-0.053,33.0,28.14,0.0,19.0,0.0,6.0,-5.79,-0.1,-1.03,-0.09,2.9,37.57,47.15,259.0,TESTR,AKR-TESTR-<MAC6>,0.0,1.0,0.0,100.0
115740,2,walk,walk,10059,,10059.0,20.0,1.0,6.0,2.0,-0.57,0.0,-0.065,-0.01,33.0,28.14,0.0,19.0,0.0,6.0,-5.1,-0.09,-1.02,-0.1,2.61,34.98,48.03,259.0,TESTR,AKR-TESTR-<MAC6>,0.0,1.0,0.0,100.0
115740,2,walk,walk,10060,,10060.0,20.0,1.0,6.0,2.0,-1.18,0.0,0.037,-0.023,33.0,28.14,0.0,19.0,0.0,6.0,-4.4,-0.08,-1.01,-0.1,2.16,32.76,48.51,259.0,TESTR,AKR-TESTR-<MAC6>,0.0,1.0,0.0,100.0
115760,2,walk,walk,10061,,10061.0,20.0,1.0,6.0,2.0,-1.82,-0.001,-0.07,0.004,33.0,28.14,0.0,19.0,0.0,6.0,-3.71,-0.06,-1.0,-0.11,1.6,30.79,48.56,259.0,TESTR,AKR-TESTR-<MAC6>,0.0,1.0,0.0,100.0
115800,2,walk,walk,10062,,10062.0,20.0,1.0,6.0,2.0,-2.51,-0.001,0.052,0.002,33.0,28.14,0.0,19.0,0.0,6.0,-3.01,-0.05,-0.99,-0.11,0.98,29.01,48.13,259.0,TESTR,AKR-TESTR-<MAC6>,0.0,1.0,0.0,100.0
115820,2,walk,walk,10063,,10063.0,20.0,2.0,6.0,2.0,-3.23,-0.001,-0.069,0.045,33.0,28.14,0.0,19.0,0.0,6.0,-2.34,-0.04,-0.98,-0.11,0.33,27.42,47.24,259.0,TESTR,AKR-TESTR-<MAC6>,0.0,1.0,0.0,100.0
115820,2,walk,walk,10064,,10064.0,20.0,2.0,6.0,2.0,-3.97,-0.001,0.029,0.06,33.0,28.14,0.0,19.0,0.0,6.0,-1.68,-0.03,-0.97,-0.11,-0.32,26.05,45.89,259.0,TESTR,AKR-TESTR-<MAC6>,0.0,1.0,0.0,100.0
115840,2,walk,walk,10065,,10065.0,20.0,2.0,6.0,2.0,-4.74,-0.001,-0.015,0.081,33.0,28.14,0.0,19.0,0.0,6.0,-1.07,-0.02,-0.96,-0.12,-0.97,24.91,44.11,259.0,TESTR,AKR-TESTR-<MAC6>,0.0,1.0,0.0,100.0
115840,2,walk,walk,10066,,10066.0,20.0,2.0,6.0,2.0,-5.51,-0.001,-0.044,0.078,33.0,28.14,0.0,19.0,0.0,6.0,-0.51,-0.01,-0.96,-0.12,-1.6,24.01,41.9,259.0,TESTR,AKR-TESTR-<MAC6>,0.0,1.0,0.0,100.0
115900,2,walk,walk,10067,,10067.0,20.0,2.0,6.0,2.0,-6.29,-0.001,0.033,0.166,33.0,28.14,0.0,19.0,0.0,6.0,-0.03,0.0,-0.95,-0.12,-2.23,23.34,39.29,259.0,TESTR,AKR-TESTR-<MAC6>,0.0,1.0,0.0,100.0
115900,2,walk,walk,10068,,10068.0,20.0,2.0,6.0,2.0,-7.06,-0.002,-0.154,0.181,33.0,28.14,0.0,19.0,0.0,6.0,0.35,0.01,-0.94,-0.13,-2.88,22.85,36.34,259.0,TESTR,AKR-TESTR-<MAC6>,0.0,1.0,0.0,100.0
115900,2,walk,walk,10069,,10069.0,20.0,2.0,6.0,2.0,-7.82,-0.002,0.013,0.204,33.0,28.14,0.0,19.0,0.0,6.0,0.6,0.01,-0.93,-0.13,-3.57,22.49,33.09,259.0,TESTR,AKR-TESTR-<MAC6>,0.0,1.0,0.0,100.0
115940,2,walk,walk,10070,,10070.0,20.0,2.0,6.0,2.0,-8.56,-0.002,0.001,0.271,33.0,28.14,0.0,19.0,0.0,6.0,0.73,0.01,-0.93,-0.14,-4.33,22.18,29.61,259.0,TESTR,AKR-TESTR-<MAC6>,0.0,1.0,0.0,100.0
115960,2,walk,walk,10071,,10071.0,20.0,2.0,6.0,2.0,-9.28,-0.003,-0.042,0.345,33.0,28.14,0.0,19.0,0.0,6.0,0.72,0.01,-0.92,-0.15,-5.16,21.86,25.94,259.0,TESTR,AKR-TESTR-<MAC6>,0.0,1.0,0.0,100.0
115980,2,walk,walk,10072,,10072.0,20.0,2.0,6.0,2.0,-9.96,-0.004,-0.083,0.472,33.0,28.14,0.0,19.0,0.0,6.0,0.58,0.01,-0.92,-0.15,-6.09,21.5,22.18,259.0,TESTR,AKR-TESTR-<MAC6>,0.0,1.0,0.0,100.0
116000,2,walk,walk,10073,,10073.0,20.0,2.0,6.0,2.0,-10.61,-0.005,-0.07,0.623,33.0,28.14,0.0,19.0,0.0,6.0,0.33,0.01,-0.91,-0.16,-7.11,21.06,18.42,259.0,TESTR,AKR-TESTR-<MAC6>,0.0,1.0,0.0,100.0
116020,2,walk,walk,10074,,10074.0,20.0,2.0,6.0,2.0,-11.22,-0.006,-0.066,0.76,33.0,28.14,0.0,19.0,0.0,6.0,-0.01,0.0,-0.91,-0.17,-8.19,20.52,14.77,259.0,TESTR,AKR-TESTR-<MAC6>,0.0,1.0,0.0,100.0
116060,2,walk,walk,10075,,10075.0,20.0,2.0,6.0,2.0,-11.77,-0.007,-0.079,0.889,33.0,28.14,0.0,19.0,0.0,6.0,-0.4,-0.01,-0.9,-0.18,-9.33,19.84,11.29,259.0,TESTR,AKR-TESTR-<MAC6>,0.0,1.0,0.0,100.0
116060,2,walk,walk,10076,,10076.0,20.0,2.0,6.0,2.0,-12.28,-0.008,-0.116,1.064,33.0,28.14,0.0,19.0,0.0,6.0,-0.8,-0.01,-0.9,-0.19,-10.5,18.97,8.01,259.0,TESTR,AKR-TESTR-<MAC6>,0.0,1.0,0.0,100.0
116080,2,walk,walk,10077,,10077.0,20.0,2.0,6.0,2.0,-12.73,-0.01,-0.05,1.159,33.0,28.11,0.0,19.0,0.0,6.0,-1.22,-0.02,-0.9,-0.2,-11.72,17.83,4.93,259.0,TESTR,AKR-TESTR-<MAC6>,0.0,1.0,0.0,100.0
116120,2,walk,walk,10078,,10078.0,20.0,2.0,6.0,2.0,-13.13,-0.012,-0.213,1.551,33.0,28.11,0.0,19.0,0.0,6.0,-1.9,-0.03,-0.91,-0.2,-12.74,16.04,2.11,259.0,TESTR,AKR-TESTR-<MAC6>,0.0,1.0,0.0,100.0
116140,2,walk,walk,10079,,10079.0,20.0,2.0,6.0,2.0,-13.47,-0.02,-0.647,2.825,33.0,28.04,0.0,19.0,0.0,6.0,-3.0,-0.05,-0.92,-0.21,-13.26,12.94,-0.47,259.0,TESTR,AKR-TESTR-<MAC6>,0.0,1.0,0.0,100.0
116140,2,walk,walk,10080,,10080.0,20.0,2.0,6.0,2.0,-13.75,-0.029,-0.558,3.746,33.0,27.93,0.0,19.0,0.0,6.0,-4.37,-0.07,-0.94,-0.21,-13.19,8.53,-2.96,259.0,TESTR,AKR-TESTR-<MAC6>,0.0,1.0,0.0,100.0
116160,2,walk,walk,10081,,10081.0,20.0,2.0,6.0,2.0,-13.98,-0.036,-0.569,4.952,33.0,27.79,0.0,19.0,0.0,6.0,-5.79,-0.1,-0.95,-0.2,-12.65,3.43,-5.4,259.0,TESTR,AKR-TESTR-<MAC6>,0.0,1.0,0.0,100.0
116180,2,walk,walk,10082,,10082.0,20.0,2.0,6.0,2.0,-14.15,-0.045,-0.589,5.97,33.0,27.62,0.0,19.0,0.0,6.0,-7.09,-0.12,-0.97,-0.19,-11.8,-1.48,-7.84,259.0,TESTR,AKR-TESTR-<MAC6>,0.0,1.0,0.0,100.0
116200,2,walk,walk,10083,,10083.0,20.0,2.0,6.0,2.0,-14.26,-0.05,-0.13,6.121,33.0,27.51,0.0,19.0,0.0,6.0,-8.15,-0.14,-0.99,-0.18,-10.95,-5.33,-10.36,259.0,TESTR,AKR-TESTR-<MAC6>,0.0,1.0,0.0,100.0
116240,2,walk,walk,10084,,10084.0,20.0,2.0,6.0,2.0,-14.33,-0.051,-0.018,6.163,33.0,27.51,0.0,19.0,0.0,6.0,-8.96,-0.16,-1.0,-0.16,-10.3,-7.95,-12.97,259.0,TESTR,AKR-TESTR-<MAC6>,0.0,1.0,0.0,100.0
116260,2,walk,walk,10085,,10085.0,20.0,2.0,6.0,2.0,-14.35,-0.051,0.073,6.086,33.0,27.51,0.0,19.0,0.0,6.0,-9.45,-0.17,-1.01,-0.15,-9.79,-9.46,-15.66,259.0,TESTR,AKR-TESTR-<MAC6>,0.0,1.0,0.0,100.0
116260,2,walk,walk,10086,,10086.0,20.0,2.0,6.0,2.0,-14.32,-0.049,0.151,5.857,33.0,27.55,0.0,19.0,0.0,6.0,-9.61,-0.17,-1.02,-0.14,-9.27,-10.04,-18.3,259.0,TESTR,AKR-TESTR-<MAC6>,0.0,1.0,0.0,100.0
116300,2,walk,walk,10087,,10087.0,20.0,2.0,6.0,2.0,-14.25,-0.047,0.132,5.656,33.0,27.58,0.0,19.0,0.0,6.0,-9.48,-0.17,-1.03,-0.14,-8.62,-9.96,-20.69,259.0,TESTR,AKR-TESTR-<MAC6>,0.0,1.0,0.0,100.0
116320,2,walk,walk,10088,,10088.0,20.0,2.0,6.0,2.0,-14.14,-0.046,0.037,5.596,33.0,27.62,0.0,19.0,0.0,6.0,-9.09,-0.17,-1.04,-0.14,-7.82,-9.43,-22.63,259.0,TESTR,AKR-TESTR-<MAC6>,0.0,1.0,0.0,100.0
116320,2,walk,walk,10089,,10089.0,20.0,2.0,6.0,2.0,-13.99,-0.046,0.057,5.54,33.0,27.65,0.0,19.0,0.0,6.0,-8.51,-0.16,-1.04,-0.14,-6.89,-8.64,-23.96,259.0,TESTR,AKR-TESTR-<MAC6>,0.0,1.0,0.0,100.0
116380,2,walk,walk,10090,,10090.0,20.0,2.0,6.0,2.0,-13.8,-0.046,-0.025,5.52,33.0,27.65,0.0,19.0,0.0,6.0,-7.81,-0.14,-1.04,-0.14,-5.92,-7.74,-24.58,259.0,TESTR,AKR-TESTR-<MAC6>,0.0,1.0,0.0,100.0
116380,2,walk,walk,10091,,10091.0,20.0,2.0,6.0,2.0,-13.58,-0.046,0.038,5.563,33.0,27.62,0.0,19.0,0.0,6.0,-7.06,-0.13,-1.04,-0.15,-4.96,-6.84,-24.48,259.0,TESTR,AKR-TESTR-<MAC6>,0.0,1.0,0.0,100.0
116380,2,walk,walk,10092,,10092.0,20.0,0.0,6.0,2.0,-13.32,-0.046,-0.006,5.616,33.0,27.62,0.0,17.0,0.0,6.0,-6.32,-0.12,-1.04,-0.15,-4.06,-6.0,-23.72,259.0,TESTR,AKR-TESTR-<MAC6>,0.0,1.0,0.0,100.0
116400,2,walk,walk,10093,,10093.0,20.0,0.0,6.0,2.0,-13.02,-0.046,0.002,5.665,33.0,27.62,0.0,17.0,0.0,6.0,-5.63,-0.1,-1.04,-0.16,-3.23,-5.24,-22.41,259.0,TESTR,AKR-TESTR-<MAC6>,0.0,1.0,0.0,100.0
116420,2,walk,walk,10094,,10094.0,20.0,1.0,6.0,2.0,-12.7,-0.047,-0.023,5.642,33.0,27.62,0.0,18.0,0.0,6.0,-5.03,-0.09,-1.04,-0.16,-2.52,-4.54,-20.7,259.0,TESTR,AKR-TESTR-<MAC6>,0.0,1.0,0.0,100.0
116440,2,walk,walk,10095,,10095.0,20.0,1.0,6.0,2.0,-12.35,-0.046,0.053,5.61,33.0,27.62,0.0,18.0,0.0,6.0,-4.55,-0.08,-1.03,-0.16,-1.92,-3.89,-18.79,259.0,TESTR,AKR-TESTR-<MAC6>,0.0,1.0,0.0,100.0
116440,2,walk,walk,10096,,10096.0,20.0,1.0,6.0,2.0,-11.97,-0.046,0.042,5.453,33.0,27.65,0.0,18.0,0.0,6.0,-4.2,-0.08,-1.03,-0.17,-1.42,-3.24,-16.88,259.0,TESTR,AKR-TESTR-<MAC6>,0.0,1.0,0.0,100.0
116500,2,walk,walk,10097,,10097.0,20.0,1.0,6.0,2.0,-11.58,-0.043,0.244,5.063,33.0,27.69,0.0,18.0,0.0,6.0,-3.98,-0.07,-1.02,-0.17,-1.0,-2.59,-15.17,259.0,TESTR,AKR-TESTR-<MAC6>,0.0,1.0,0.0,100.0
116520,2,walk,walk,10098,,10098.0,20.0,1.0,6.0,2.0,-11.18,-0.04,0.244,4.696,33.0,27.76,0.0,18.0,0.0,6.0,-3.86,-0.07,-1.02,-0.18,-0.61,-1.96,-13.78,259.0,TESTR,AKR-TESTR-<MAC6>,0.0,1.0,0.0,100.0
116520,2,walk,walk,10099,,10099.0,20.0,1.0,6.0,2.0,-10.76,-0.038,0.15,4.406,33.0,27.79,0.0,18.0,0.0,6.0,-3.81,-0.07,-1.02,-0.18,-0.21,-1.35,-12.75,259.0,TESTR,AKR-TESTR-<MAC6>,0.0,1.0,0.0,100.0
116560,2,walk,walk,10100,,10100.0,20.0,1.0,6.0,2.0,-10.34,-0.035,0.123,4.086,33.0,27.86,0.0,18.0,0.0,6.0,-3.79,-0.07,-1.01,-0.18,0.2,-0.79,-12.05,259.0,TESTR,AKR-TESTR-<MAC6>,0.0,1.0,0.0,100.0
116560,2,walk,walk,10101,,10101.0,20.0,1.0,6.0,2.0,-9.93,-0.033,0.221,3.809,33.0,27.9,0.0,18.0,0.0,6.0,-3.77,-0.07,-1.01,-0.19,0.63,-0.29,-11.63,259.0,TESTR,AKR-TESTR-<MAC6>,0.0,1.0,0.0,100.0
116580,2,walk,walk,10102,,10102.0,20.0,1.0,6.0,2.0,-9.51,-0.031,0.089,3.614,33.0,27.9,0.0,18.0,0.0,6.0,-3.73,-0.07,-1.01,-0.19,1.04,0.17,-11.42,259.0,TESTR,AKR-TESTR-<MAC6>,0.0,1.0,0.0,100.0
116600,2,walk,walk,10103,,10103.0,20.0,1.0,6.0,2.0,-9.1,-0.029,0.119,3.332,33.0,27.93,0.0,18.0,0.0,6.0,-3.67,-0.06,-1.0,-0.19,1.45,0.59,-11.36,259.0,TESTR,AKR-TESTR-<MAC6>,0.0,1.0,0.0,100.0
116620,2,walk,walk,10104,,10104.0,20.0,1.0,6.0,2.0,-8.71,-0.027,0.244,3.086,34.0,27.93,0.0,18.0,0.0,6.0,-3.59,-0.06,-1.0,-0.19,1.85,1.0,-11.43,259.0,TESTR,AKR-TESTR-<MAC6>,0.0,1.0,0.0,100.0
116620,2,walk,walk,10105,,10105.0,20.0,1.0,6.0,2.0,-8.32,-0.025,0.167,2.859,34.0,28.0,0.0,18.0,0.0,6.0,-3.47,-0.06,-1.0,-0.19,2.27,1.44,-11.6,259.0,TESTR,AKR-TESTR-<MAC6>,0.0,1.0,0.0,100.0
116660,2,walk,walk,10106,,10106.0,20.0,1.0,6.0,2.0,-7.95,-0.022,0.185,2.546,34.0,28.0,0.0,18.0,0.0,6.0,-3.33,-0.06,-1.0,-0.19,2.71,1.93,-11.87,259.0,TESTR,AKR-TESTR-<MAC6>,0.0,1.0,0.0,100.0
116680,2,walk,walk,10107,,10107.0,20.0,1.0,6.0,2.0,-7.58,-0.019,0.318,2.12,34.0,28.04,0.0,18.0,0.0,6.0,-3.16,-0.06,-1.0,-0.19,3.16,2.51,-12.26,260.0,TESTR,AKR-TESTR-<MAC6>,0.0,1.0,0.0,100.0
116720,2,walk,walk,10108,,10108.0,20.0,1.0,6.0,2.0,-7.23,-0.015,0.232,1.55,34.0,28.11,0.0,18.0,0.0,6.0,-2.98,-0.05,-0.99,-0.19,3.62,3.19,-12.78,260.0,TESTR,AKR-TESTR-<MAC6>,0.0,1.0,0.0,100.0
116720,2,walk,walk,10109,,10109.0,20.0,1.0,6.0,2.0,-6.89,-0.01,0.346,0.943,34.0,28.11,0.0,18.0,0.0,6.0,-2.8,-0.05,-0.99,-0.19,4.08,3.94,-13.47,260.0,TESTR,AKR-TESTR-<MAC6>,0.0,1.0,0.0,100.0
116740,2,walk,walk,10110,,10110.0,20.0,1.0,6.0,2.0,-6.56,-0.005,0.245,0.372,34.0,28.14,0.0,18.0,0.0,6.0,-2.58,-0.04,-0.99,-0.19,4.51,4.71,-14.31,260.0,TESTR,AKR-TESTR-<MAC6>,0.0,1.0,0.0,100.0
116740,2,walk,walk,10111,,10111.0,20.0,1.0,6.0,2.0,-6.24,-0.002,0.146,-0.02,34.0,28.14,0.0,18.0,0.0,6.0,-2.34,-0.04,-0.99,-0.19,4.93,5.44,-15.23,260.0,TESTR,AKR-TESTR-<MAC6>,0.0,1.0,0.0,100.0
116780,2,walk,walk,10112,,10112.0,20.0,1.0,6.0,2.0,-5.93,0.001,0.135,-0.385,34.0,28.14,0.0,18.0,0.0,6.0,-2.06,-0.04,-0.99,-0.19,5.33,6.08,-16.13,260.0,TESTR,AKR-TESTR-<MAC6>,0.0,1.0,0.0,100.0
116800,2,walk,walk,10113,,10113.0,20.0,1.0,6.0,2.0,-5.62,0.002,0.147,-0.571,34.0,28.14,0.0,18.0,0.0,6.0,-1.73,-0.03,-0.99,-0.19,5.72,6.64,-16.95,260.0,TESTR,AKR-TESTR-<MAC6>,0.0,1.0,0.0,100.0
116800,2,walk,walk,10114,,10114.0,20.0,1.0,6.0,2.0,-5.31,0.004,0.13,-0.751,34.0,28.14,0.0,18.0,0.0,6.0,-1.37,-0.02,-0.99,-0.19,6.13,7.08,-17.63,260.0,TESTR,AKR-TESTR-<MAC6>,0.0,1.0,0.0,100.0
116860,2,walk,walk,10115,,10115.0,20.0,1.0,6.0,2.0,-5.0,0.006,0.092,-0.856,34.0,28.14,0.0,18.0,0.0,6.0,-1.0,-0.02,-0.99,-0.19,6.59,7.4,-18.19,260.0,TESTR,AKR-TESTR-<MAC6>,0.0,1.0,0.0,100.0
116860,2,walk,walk,10116,,10116.0,20.0,1.0,6.0,2.0,-4.69,0.007,0.072,-1.017,34.0,28.14,0.0,18.0,0.0,6.0,-0.62,-0.01,-0.99,-0.18,7.1,7.61,-18.63,260.0,TESTR,AKR-TESTR-<MAC6>,0.0,1.0,0.0,100.0
116880,2,walk,walk,10117,,10117.0,20.0,1.0,6.0,2.0,-4.38,0.009,0.17,-1.217,34.0,28.11,0.0,18.0,0.0,6.0,-0.23,0.0,-1.0,-0.18,7.63,7.76,-19.0,260.0,TESTR,AKR-TESTR-<MAC6>,0.0,1.0,0.0,100.0
116900,2,walk,walk,10118,,10118.0,20.0,1.0,6.0,2.0,-4.06,0.01,0.048,-1.31,34.0,28.11,0.0,18.0,0.0,6.0,0.15,0.0,-1.0,-0.18,8.14,7.94,-19.32,260.0,TESTR,AKR-TESTR-<MAC6>,0.0,1.0,0.0,100.0
116920,2,walk,walk,10119,,10119.0,20.0,1.0,6.0,2.0,-3.74,0.011,0.155,-1.445,34.0,28.11,0.0,18.0,0.0,6.0,0.54,0.01,-1.0,-0.18,8.53,8.4,-19.64,260.0,TESTR,AKR-TESTR-<MAC6>,0.0,1.0,0.0,100.0
116940,2,walk,walk,10120,,10120.0,20.0,1.0,6.0,2.0,-3.42,0.012,0.178,-1.521,34.0,28.11,0.0,18.0,0.0,6.0,0.9,0.02,-1.0,-0.18,8.72,9.3,-19.99,260.0,TESTR,AKR-TESTR-<MAC6>,0.0,1.0,0.0,100.0
116960,2,walk,walk,10121,,10121.0,20.0,2.0,6.0,2.0,-3.08,0.012,-0.061,-1.501,34.0,28.11,0.0,19.0,0.0,6.0,1.19,0.02,-1.0,-0.18,8.68,10.7,-20.47,260.0,TESTR,AKR-TESTR-<MAC6>,0.0,1.0,0.0,100.0
116980,2,walk,walk,10122,,10122.0,20.0,1.0,6.0,2.0,-2.74,0.011,-0.117,-1.409,34.0,28.11,0.0,18.0,0.0,6.0,1.4,0.02,-1.01,-0.18,8.43,12.56,-21.19,260.0,TESTR,AKR-TESTR-<MAC6>,0.0,1.0,0.0,100.0
117000,2,walk,walk,10123,,10123.0,20.0,1.0,6.0,2.0,-2.39,0.01,-0.12,-1.222,34.0,28.11,0.0,18.0,0.0,6.0,1.55,0.03,-1.02,-0.18,7.93,14.78,-22.25,260.0,TESTR,AKR-TESTR-<MAC6>,0.0,1.0,0.0,100.0
117040,2,walk,walk,10124,,10124.0,20.0,1.0,6.0,2.0,-2.03,0.009,-0.163,-0.992,34.0,28.11,0.0,18.0,0.0,6.0,1.69,0.03,-1.02,-0.18,7.17,17.27,-23.65,260.0,TESTR,AKR-TESTR-<MAC6>,0.0,1.0,0.0,100.0
117060,2,walk,walk,10125,,10125.0,20.0,1.0,6.0,2.0,-1.67,0.006,-0.234,-0.684,34.0,28.14,0.0,18.0,0.0,6.0,1.85,0.03,-1.03,-0.18,6.16,19.96,-25.34,260.0,TESTR,AKR-TESTR-<MAC6>,0.0,1.0,0.0,100.0
117060,2,walk,walk,10126,,10126.0,20.0,1.0,6.0,2.0,-1.29,0.004,-0.175,-0.403,34.0,28.14,0.0,18.0,0.0,6.0,2.08,0.04,-1.03,-0.17,4.93,22.81,-27.22,260.0,TESTR,AKR-TESTR-<MAC6>,0.0,1.0,0.0,100.0
117100,2,walk,walk,10127,,10127.0,20.0,1.0,6.0,2.0,-0.91,0.003,-0.107,-0.173,34.0,28.14,0.0,18.0,0.0,6.0,2.39,0.04,-1.03,-0.17,3.49,25.78,-29.16,260.0,TESTR,AKR-TESTR-<MAC6>,0.0,1.0,0.0,100.0
117100,2,walk,walk,10128,,10128.0,20.0,1.0,6.0,2.0,-0.51,0.001,-0.084,-0.1,34.0,28.14,0.0,18.0,0.0,6.0,2.78,0.05,-1.03,-0.16,1.89,28.88,-30.99,260.0,TESTR,AKR-TESTR-<MAC6>,0.0,1.0,0.0,100.0
117100,2,walk,walk,10129,,10129.0,20.0,1.0,6.0,2.0,-0.1,0.001,-0.119,0.034,34.0,28.14,0.0,18.0,0.0,6.0,3.21,0.06,-1.03,-0.16,0.22,32.01,-32.55,260.0,TESTR,AKR-TESTR-<MAC6>,0.0,1.0,0.0,100.0
117140,2,walk,walk,10130,,10130.0,20.0,1.0,6.0,2.0,0.32,0.0,0.017,0.042,34.0,28.14,0.0,18.0,0.0,6.0,3.53,0.06,-1.03,-0.15,-1.4,35.12,-33.54,260.0,TESTR,AKR-TESTR-<MAC6>,0.0,1.0,0.0,100.0
117160,2,walk,walk,10131,,10131.0,20.0,1.0,6.0,2.0,0.76,0.0,0.05,0.009,34.0,28.14,0.0,18.0,0.0,6.0,3.54,0.06,-1.02,-0.14,-2.77,38.35,-33.39,260.0,TESTR,AKR-TESTR-<MAC6>,0.0,1.0,0.0,100.0
117200,2,walk,walk,10132,,10132.0,20.0,1.0,6.0,2.0,1.22,0.0,0.088,-0.084,34.0,28.14,0.0,18.0,0.0,6.0,3.05,0.05,-1.02,-0.13,-3.75,42.04,-31.39,260.0,TESTR,AKR-TESTR-<MAC6>,0.0,1.0,0.0,100.0
117200,2,walk,walk,10133,,10133.0,20.0,0.0,6.0,2.0,1.68,0.001,0.022,-0.121,34.0,28.14,0.0,17.0,0.0,6.0,1.99,0.04,-1.01,-0.12,-4.26,46.38,-27.09,260.0,TESTR,AKR-TESTR-<MAC6>,0.0,1.0,0.0,100.0
117220,2,walk,walk,10134,,10134.0,20.0,1.0,6.0,2.0,2.17,0.001,0.007,-0.192,34.0,28.14,0.0,18.0,0.0,6.0,0.41,0.01,-1.01,-0.11,-4.35,51.23,-20.53,260.0,TESTR,AKR-TESTR-<MAC6>,0.0,1.0,0.0,100.0
117220,2,walk,walk,10135,,10135.0,20.0,1.0,1.0,5.0,2.65,0.001,-0.026,-0.171,34.0,28.14,0.0,18.0,0.0,7.0,-1.5,-0.03,-1.01,-0.11,-4.17,56.03,-12.22,260.0,TESTR,AKR-TESTR-<MAC6>,0.0,1.0,0.0,100.0
117260,2,walk,walk,10136,,10136.0,20.0,0.0,1.0,5.0,3.14,0.001,0.105,-0.168,34.0,28.07,0.0,19.0,0.0,7.0,-3.53,-0.06,-1.01,-0.1,-3.9,59.71,-3.05,260.0,TESTR,AKR-TESTR-<MAC6>,0.0,1.0,0.0,100.0
117280,2,walk,walk,10137,,10137.0,20.0,0.0,1.0,6.0,3.6,0.043,3.625,0.801,34.0,28.07,0.0,19.0,0.0,7.0,-5.44,-0.1,-1.02,-0.1,-3.66,61.31,5.78,260.0,TESTR,AKR-TESTR-<MAC6>,0.0,1.0,0.0,100.0
117300,2,walk,walk,10138,,10138.0,20.0,0.0,1.0,6.0,4.04,0.094,3.111,1.395,34.0,28.04,0.0,19.0,0.0,7.0,-7.03,-0.13,-1.02,-0.1,-3.46,60.3,13.38,260.0,TESTR,AKR-TESTR-<MAC6>,0.0,1.0,0.0,100.0
117340,2,walk,walk,10139,,10139.0,20.0,0.0,1.0,6.0,4.44,0.135,2.59,1.865,34.0,28.0,0.0,19.0,0.0,7.0,-8.17,-0.15,-1.02,-0.11,-3.27,56.66,19.36,260.0,TESTR,AKR-TESTR-<MAC6>,0.0,1.0,0.0,100.0
117360,2,walk,walk,10140,,10140.0,20.0,0.0,1.0,6.0,4.78,0.168,1.929,2.596,34.0,27.97,0.0,19.0,0.0,7.0,-8.8,-0.16,-1.02,-0.11,-3.06,50.92,23.66,260.0,TESTR,AKR-TESTR-<MAC6>,0.0,1.0,0.0,100.0
117360,2,walk,walk,10141,,10141.0,20.0,0.0,1.0,6.0,5.05,0.195,1.64,2.685,34.0,27.93,0.0,19.0,0.0,7.0,-8.9,-0.16,-1.02,-0.11,-2.79,43.93,26.5,260.0,TESTR,AKR-TESTR-<MAC6>,0.0,1.0,0.0,100.0
117380,2,walk,walk,10142,,10142.0,20.0,0.0,1.0,6.0,5.24,0.217,1.275,3.277,34.0,27.9,0.0,19.0,0.0,7.0,-8.54,-0.15,-1.03,-0.12,-2.46,36.58,28.3,260.0,TESTR,AKR-TESTR-<MAC6>,0.0,1.0,0.0,100.0
117400,2,walk,walk,10143,,10143.0,20.0,0.0,1.0,6.0,5.35,0.234,0.973,3.493,34.0,27.86,0.0,19.0,0.0,7.0,-7.78,-0.14,-1.03,-0.12,-2.09,29.63,29.47,260.0,TESTR,AKR-TESTR-<MAC6>,0.0,1.0,0.0,100.0
117400,2,walk,walk,10144,,10144.0,20.0,0.0,1.0,6.0,5.37,0.249,0.998,3.616,34.0,27.86,0.0,19.0,0.0,7.0,-6.73,-0.12,-1.03,-0.13,-1.79,23.57,30.38,260.0,TESTR,AKR-TESTR-<MAC6>,0.0,1.0,0.0,100.0
117440,2,walk,walk,10145,,10145.0,20.0,0.0,1.0,6.0,5.3,0.261,0.648,3.895,34.0,27.83,0.0,19.0,0.0,7.0,-5.49,-0.1,-1.03,-0.13,-1.69,18.56,31.28,260.0,TESTR,AKR-TESTR-<MAC6>,0.0,1.0,0.0,100.0
117460,2,walk,walk,10146,,10146.0,20.0,0.0,1.0,6.0,5.14,0.269,0.561,4.206,34.0,27.83,0.0,19.0,0.0,7.0,-4.12,-0.07,-1.03,-0.14,-1.87,14.5,32.28,260.0,TESTR,AKR-TESTR-<MAC6>,0.0,1.0,0.0,100.0
117480,2,walk,walk,10147,,10147.0,20.0,0.0,1.0,6.0,4.91,0.276,0.387,4.326,34.0,27.79,0.0,19.0,0.0,7.0,-2.69,-0.05,-1.03,-0.15,-2.41,11.21,33.4,260.0,TESTR,AKR-TESTR-<MAC6>,0.0,1.0,0.0,100.0
117500,2,walk,walk,10148,,10148.0,20.0,0.0,1.0,6.0,4.6,0.282,0.327,4.214,34.0,27.79,0.0,19.0,0.0,7.0,-1.2,-0.02,-1.03,-0.16,-3.3,8.48,34.57,260.0,TESTR,AKR-TESTR-<MAC6>,0.0,1.0,0.0,100.0
117520,2,walk,walk,10149,,10149.0,20.0,0.0,1.0,6.0,4.23,0.287,0.299,4.271,34.0,27.79,0.0,19.0,0.0,7.0,0.35,0.01,-1.02,-0.17,-4.52,6.22,35.7,260.0,TESTR,AKR-TESTR-<MAC6>,0.0,1.0,0.0,100.0
117520,2,walk,walk,10150,,10150.0,20.0,0.0,1.0,6.0,3.8,0.29,0.268,4.517,34.0,27.79,0.0,19.0,0.0,7.0,1.94,0.03,-1.01,-0.18,-6.03,4.4,36.67,260.0,TESTR,AKR-TESTR-<MAC6>,0.0,1.0,0.0,100.0
117560,2,walk,walk,10151,,10151.0,20.0,0.0,1.0,6.0,3.33,0.294,0.237,4.554,34.0,27.79,0.0,19.0,0.0,7.0,3.56,0.06,-1.0,-0.18,-7.76,3.08,37.34,260.0,TESTR,AKR-TESTR-<MAC6>,0.0,1.0,0.0,100.0
117580,2,walk,walk,10152,,10152.0,20.0,0.0,1.0,6.0,2.81,0.296,0.116,4.648,34.0,27.76,0.0,19.0,0.0,7.0,5.18,0.09,-1.0,-0.19,-9.63,2.27,37.61,260.0,TESTR,AKR-TESTR-<MAC6>,0.0,1.0,0.0,100.0
117580,2,walk,walk,10153,,10153.0,20.0,0.0,3.0,7.0,2.27,0.297,0.08,4.728,34.0,27.76,0.0,19.0,0.0,7.0,6.75,0.12,-0.99,-0.19,-11.55,1.91,37.4,260.0,TESTR,AKR-TESTR-<MAC6>,0.0,1.0,0.0,100.0
117620,2,walk,walk,10154,,10154.0,20.0,0.0,3.0,7.0,1.71,0.298,0.091,4.785,34.0,27.76,0.0,19.0,0.0,7.0,8.24,0.14,-0.98,-0.19,-13.42,1.86,36.63,260.0,TESTR,AKR-TESTR-<MAC6>,0.0,1.0,0.0,100.0
117680,2,walk,walk,10155,,10155.0,20.0,0.0,3.0,7.0,1.13,0.299,-0.019,4.803,34.0,27.76,0.0,19.0,0.0,7.0,9.61,0.16,-0.97,-0.19,-15.14,1.93,35.29,261.0,TESTR,AKR-TESTR-<MAC6>,0.0,1.0,0.0,100.0
117680,2,walk,walk,10156,,10156.0,20.0,0.0,3.0,7.0,0.54,0.299,0.022,4.791,34.0,27.76,0.0,19.0,0.0,7.0,10.87,0.18,-0.96,-0.19,-16.62,1.9,33.35,261.0,TESTR,AKR-TESTR-<MAC6>,0.0,1.0,0.0,100.0
117680,2,walk,walk,10157,,10157.0,20.0,0.0,3.0,7.0,-0.04,0.299,0.018,4.718,34.0,27.79,0.0,19.0,0.0,7.0,11.99,0.2,-0.95,-0.18,-17.8,1.62,30.79,261.0,TESTR,AKR-TESTR-<MAC6>,0.0,1.0,0.0,100.0
117700,2,walk,walk,10158,,10158.0,20.0,0.0,3.0,7.0,-0.62,0.297,-0.228,4.701,34.0,27.79,0.0,19.0,0.0,7.0,12.9,0.22,-0.94,-0.18,-18.54,0.96,27.64,261.0,TESTR,AKR-TESTR-<MAC6>,0.0,1.0,0.0,100.0
117700,2,walk,walk,10159,,10159.0,20.0,1.0,3.0,7.0,-1.18,0.293,-0.393,4.853,34.0,27.79,0.0,20.0,0.0,7.0,13.39,0.22,-0.94,-0.17,-18.56,-0.54,23.96,261.0,TESTR,AKR-TESTR-<MAC6>,0.0,1.0,0.0,100.0
117740,2,walk,walk,10160,,10160.0,20.0,0.0,3.0,7.0,-1.71,0.281,-1.072,5.422,34.0,27.72,0.0,19.0,0.0,7.0,13.32,0.23,-0.95,-0.16,-17.79,-3.15,19.94,261.0,TESTR,AKR-TESTR-<MAC6>,0.0,1.0,0.0,100.0
117760,2,walk,walk,10161,,10161.0,20.0,1.0,3.0,7.0,-2.22,0.257,-1.85,6.308,34.0,27.65,0.0,20.0,0.0,7.0,12.75,0.22,-0.96,-0.15,-16.33,-6.84,15.84,261.0,TESTR,AKR-TESTR-<MAC6>,0.0,1.0,0.0,100.0
117780,2,walk,walk,10162,,10162.0,20.0,0.0,3.0,7.0,-2.69,0.224,-2.253,6.469,34.0,27.72,0.0,19.0,0.0,7.0,11.85,0.2,-0.98,-0.14,-14.47,-11.05,12.07,261.0,TESTR,AKR-TESTR-<MAC6>,0.0,1.0,0.0,100.0
117820,2,walk,walk,10163,,10163.0,20.0,0.0,3.0,7.0,-3.11,0.183,-3.144,6.467,34.0,27.79,0.0,19.0,0.0,7.0,10.78,0.19,-0.99,-0.12,-12.51,-14.78,9.05,261.0,TESTR,AKR-TESTR-<MAC6>,0.0,1.0,0.0,100.0
117840,2,walk,walk,10164,,10164.0,20.0,0.0,3.0,7.0,-3.49,0.131,-3.859,5.783,34.0,27.93,0.0,19.0,0.0,7.0,9.68,0.17,-1.0,-0.11,-10.7,-17.06,7.16,261.0,TESTR,AKR-TESTR-<MAC6>,0.0,1.0,0.0,100.0
117860,2,walk,walk,10165,,10165.0,20.0,1.0,3.0,7.0,-3.83,0.07,-4.408,4.881,34.0,28.07,0.0,20.0,0.0,7.0,8.58,0.15,-1.02,-0.09,-9.23,-17.13,6.71,261.0,TESTR,AKR-TESTR-<MAC6>,0.0,1.0,0.0,100.0
117880,2,walk,walk,10166,,10166.0,20.0,1.0,3.0,7.0,-4.11,-0.003,-5.127,3.627,34.0,28.21,0.0,20.0,0.0,7.0,7.52,0.14,-1.02,-0.08,-8.2,-15.09,7.77,261.0,TESTR,AKR-TESTR-<MAC6>,0.0,1.0,0.0,100.0
117880,2,walk,walk,10167,,10167.0,20.0,1.0,3.0,7.0,-4.35,-0.074,-3.963,2.305,34.0,28.18,0.0,20.0,0.0,7.0,6.51,0.12,-1.03,-0.08,-7.36,-11.75,9.97,261.0,TESTR,AKR-TESTR-<MAC6>,0.0,1.0,0.0,100.0
117900,2,walk,walk,10168,,10168.0,20.0,1.0,3.0,7.0,-4.55,-0.114,-1.505,1.445,34.0,28.14,0.0,20.0,0.0,7.0,5.61,0.1,-1.04,-0.08,-6.41,-7.8,12.61,261.0,TESTR,AKR-TESTR-<MAC6>,0.0,1.0,0.0,100.0
117920,2,walk,walk,10169,,10169.0,20.0,1.0,3.0,7.0,-4.7,-0.122,-0.075,1.123,34.0,28.11,0.0,20.0,0.0,7.0,4.82,0.09,-1.04,-0.09,-5.22,-3.87,15.09,261.0,TESTR,AKR-TESTR-<MAC6>,0.0,1.0,0.0,100.0
117940,2,walk,walk,10170,,10170.0,20.0,0.0,3.0,7.0,-4.83,-0.123,0.001,1.337,34.0,28.11,0.0,20.0,0.0,7.0,4.14,0.08,-1.04,-0.1,-3.87,-0.39,17.02,261.0,TESTR,AKR-TESTR-<MAC6>,0.0,1.0,0.0,100.0
117960,2,walk,walk,10171,,10171.0,20.0,0.0,3.0,7.0,-4.93,-0.122,0.085,1.491,34.0,28.11,0.0,19.0,0.0,7.0,3.54,0.06,-1.04,-0.11,-2.56,2.42,18.28,261.0,TESTR,AKR-TESTR-<MAC6>,0.0,1.0,0.0,100.0
118000,2,walk,walk,10172,,10172.0,20.0,0.0,3.0,7.0,-5.01,-0.122,-0.049,1.583,34.0,28.11,0.0,19.0,0.0,7.0,2.99,0.05,-1.04,-0.12,-1.47,4.47,18.93,261.0,TESTR,AKR-TESTR-<MAC6>,0.0,1.0,0.0,100.0
118020,2,walk,walk,10173,,10173.0,20.0,0.0,3.0,7.0,-5.08,-0.122,-0.093,1.646,34.0,28.11,0.0,19.0,0.0,7.0,2.46,0.04,-1.04,-0.13,-0.68,5.81,19.14,261.0,TESTR,AKR-TESTR-<MAC6>,0.0,1.0,0.0,100.0
118020,2,walk,walk,10174,,10174.0,20.0,0.0,3.0,7.0,-5.15,-0.125,-0.357,1.854,34.0,28.07,0.0,19.0,0.0,7.0,1.92,0.03,-1.04,-0.14,-0.21,6.59,19.12,261.0,TESTR,AKR-TESTR-<MAC6>,0.0,1.0,0.0,100.0
118040,2,walk,walk,10175,,10175.0,20.0,0.0,3.0,7.0,-5.22,-0.131,-0.429,1.902,34.0,28.11,0.0,19.0,0.0,7.0,1.32,0.02,-1.03,-0.14,0.02,6.94,18.94,261.0,TESTR,AKR-TESTR-<MAC6>,0.0,1.0,0.0,100.0
118060,2,walk,walk,10176,,10176.0,20.0,0.0,3.0,7.0,-5.3,-0.136,-0.113,1.668,34.0,28.11,0.0,19.0,0.0,7.0,0.63,0.01,-1.03,-0.15,0.06,7.01,18.55,261.0,TESTR,AKR-TESTR-<MAC6>,0.0,1.0,0.0,100.0
118060,2,walk,walk,10177,,10177.0,20.0,0.0,3.0,7.0,-5.39,-0.136,0.104,1.556,34.0,28.11,0.0,19.0,0.0,7.0,-0.17,0.0,-1.02,-0.15,-0.01,6.91,17.79,261.0,TESTR,AKR-TESTR-<MAC6>,0.0,1.0,0.0,100.0
118120,2,walk,walk,10178,,10178.0,20.0,0.0,3.0,7.0,-5.49,-0.133,0.318,1.551,34.0,28.11,0.0,19.0,0.0,7.0,-1.06,-0.02,-1.02,-0.16,-0.13,6.7,16.57,261.0,TESTR,AKR-TESTR-<MAC6>,0.0,1.0,0.0,100.0
118140,2,walk,walk,10179,,10179.0,20.0,0.0,3.0,7.0,-5.6,-0.126,0.545,1.322,34.0,28.11,0.0,19.0,0.0,7.0,-2.0,-0.04,-1.01,-0.16,-0.24,6.43,14.84,261.0,TESTR,AKR-TESTR-<MAC6>,0.0,1.0,0.0,100.0
118140,2,walk,walk,10180,,10180.0,20.0,0.0,3.0,7.0,-5.72,-0.115,0.8,1.154,34.0,28.11,0.0,19.0,0.0,7.0,-2.95,-0.05,-1.01,-0.17,-0.29,6.1,12.56,261.0,TESTR,AKR-TESTR-<MAC6>,0.0,1.0,0.0,100.0
118160,2,walk,walk,10181,,10181.0,20.0,0.0,3.0,7.0,-5.85,-0.103,0.792,1.396,34.0,28.11,0.0,19.0,0.0,7.0,-3.84,-0.07,-1.0,-0.17,-0.26,5.7,9.76,261.0,TESTR,AKR-TESTR-<MAC6>,0.0,1.0,0.0,100.0
118180,2,walk,walk,10182,,10182.0,20.0,0.0,3.0,7.0,-5.98,-0.092,0.732,1.434,34.0,28.11,0.0,19.0,0.0,7.0,-4.65,-0.08,-1.0,-0.18,-0.12,5.23,6.58,261.0,TESTR,AKR-TESTR-<MAC6>,0.0,1.0,0.0,100.0
118180,2,walk,walk,10183,,10183.0,20.0,0.0,3.0,7.0,-6.13,-0.083,0.581,1.389,34.0,28.11,0.0,19.0,0.0,7.0,-5.34,-0.09,-1.0,-0.18,0.15,4.7,3.17,261.0,TESTR,AKR-TESTR-<MAC6>,0.0,1.0,0.0,100.0
118220,2,walk,walk,10184,,10184.0,20.0,0.0,0.0,1.0,-6.27,-0.074,0.532,1.36,34.0,28.11,0.0,19.0,0.0,7.0,-5.89,-0.1,-0.99,-0.19,0.54,4.16,-0.28,261.0,TESTR,AKR-TESTR-<MAC6>,0.0,1.0,0.0,100.0
118240,2,walk,walk,10185,,10185.0,20.0,0.0,0.0,1.0,-6.41,-0.074,0.532,1.36,34.0,28.11,0.0,39.0,0.0,7.0,-6.27,-0.11,-0.99,-0.19,1.06,3.69,-3.53,261.0,TESTR,AKR-TESTR-<MAC6>,0.0,1.0,0.0,100.0
118240,2,walk,walk,10186,,10186.0,20.0,0.0,0.0,1.0,-6.55,-0.078,-0.79,0.0,34.0,28.21,0.0,14.0,0.0,7.0,-6.51,-0.11,-0.99,-0.19,1.69,3.37,-6.38,261.0,TESTR,AKR-TESTR-<MAC6>,0.0,1.0,0.0,100.0
118280,2,walk,walk,10187,,10187.0,20.0,0.0,0.0,1.0,-6.67,-0.076,0.213,0.0,34.0,28.18,0.0,14.0,0.0,7.0,-6.64,-0.12,-0.99,-0.2,2.45,3.19,-8.76,261.0,TESTR,AKR-TESTR-<MAC6>,0.0,1.0,0.0,100.0
118300,2,walk,walk,10188,,10188.0,20.0,0.0,0.0,1.0,-6.78,-0.069,0.483,0.0,34.0,28.18,0.0,14.0,0.0,7.0,-6.67,-0.12,-0.99,-0.2,3.3,3.13,-10.74,261.0,TESTR,AKR-TESTR-<MAC6>,0.0,1.0,0.0,100.0
118340,2,walk,walk,10189,,10189.0,20.0,0.0,0.0,1.0,-6.87,-0.06,0.707,0.0,34.0,28.18,0.0,14.0,0.0,7.0,-6.64,-0.12,-0.99,-0.2,4.21,3.12,-12.45,261.0,TESTR,AKR-TESTR-<MAC6>,0.0,1.0,0.0,100.0
118380,2,walk,walk,10190,,10190.0,20.0,0.0,0.0,1.0,-6.93,-0.047,0.679,0.0,34.0,28.18,0.0,14.0,0.0,7.0,-6.56,-0.11,-0.99,-0.2,5.16,3.13,-14.04,261.0,TESTR,AKR-TESTR-<MAC6>,0.0,1.0,0.0,100.0
118380,2,walk,walk,10191,,10191.0,20.0,0.0,0.0,1.0,-6.97,-0.036,0.781,0.0,34.0,28.18,0.0,14.0,0.0,7.0,-6.44,-0.11,-0.99,-0.2,6.09,3.12,-15.62,261.0,TESTR,AKR-TESTR-<MAC6>,0.0,1.0,0.0,100.0
118380,2,walk,walk,10192,,10192.0,20.0,0.0,0.0,1.0,-6.98,-0.023,0.784,0.0,34.0,28.14,0.0,14.0,0.0,7.0,-6.28,-0.11,-0.99,-0.2,6.99,3.07,-17.27,261.0,TESTR,AKR-TESTR-<MAC6>,0.0,1.0,0.0,100.0
118400,2,walk,walk,10193,,10193.0,20.0,0.0,0.0,1.0,-6.96,-0.014,0.699,0.0,34.0,28.18,0.0,14.0,0.0,7.0,-6.06,-0.1,-0.99,-0.19,7.85,2.98,-18.98,261.0,TESTR,AKR-TESTR-<MAC6>,0.0,1.0,0.0,100.0
118420,2,walk,walk,10194,,10194.0,20.0,0.0,0.0,1.0,-6.91,-0.001,0.741,0.0,34.0,28.18,0.0,14.0,0.0,7.0,-5.8,-0.1,-0.99,-0.19,8.7,2.85,-20.74,261.0,TESTR,AKR-TESTR-<MAC6>,0.0,1.0,0.0,100.0
118420,2,walk,walk,10195,,10195.0,20.0,0.0,0.0,1.0,-6.83,0.006,0.481,0.0,34.0,28.18,0.0,14.0,0.0,7.0,-5.49,-0.09,-0.99,-0.19,9.54,2.68,-22.48,261.0,TESTR,AKR-TESTR-<MAC6>,0.0,1.0,0.0,100.0
118480,2,walk,walk,10196,,10196.0,20.0,0.0,0.0,1.0,-6.71,0.015,0.679,0.0,34.0,28.14,0.0,14.0,0.0,7.0,-5.14,-0.09,-0.99,-0.19,10.41,2.49,-24.17,261.0,TESTR,AKR-TESTR-<MAC6>,0.0,1.0,0.0,100.0
118480,2,walk,walk,10197,,10197.0,20.0,0.0,0.0,1.0,-6.56,0.026,0.663,0.0,34.0,28.18,0.0,14.0,0.0,7.0,-4.76,-0.08,-0.99,-0.18,11.32,2.27,-25.82,261.0,TESTR,AKR-TESTR-<MAC6>,0.0,1.0,0.0,100.0
118480,2,walk,walk,10198,,10198.0,20.0,0.0,0.0,1.0,-6.38,0.033,0.469,0.0,34.0,28.18,0.0,14.0,0.0,7.0,-4.34,-0.08,-0.99,-0.18,12.29,2.07,-27.42,261.0,TESTR,AKR-TESTR-<MAC6>,0.0,1.0,0.0,100.0
118520,2,walk,walk,10199,,10199.0,20.0,0.0,0.0,1.0,-6.17,0.045,0.895,0.0,34.0,28.18,0.0,14.0,0.0,7.0,-3.9,-0.07,-1.0,-0.18,13.32,1.91,-29.05,261.0,TESTR,AKR-TESTR-<MAC6>,0.0,1.0,0.0,100.0
118540,2,walk,walk,10200,,10200.0,20.0,0.0,0.0,1.0,-5.92,0.057,0.824,0.0,34.0,28.14,0.0,14.0,0.0,7.0,-3.43,-0.06,-1.0,-0.18,14.41,1.79,-30.78,261.0,TESTR,AKR-TESTR-<MAC6>,0.0,1.0,0.0,100.0
118540,2,walk,walk,10201,,10201.0,20.0,0.0,0.0,1.0,-5.64,0.07,0.915,0.0,34.0,28.18,0.0,14.0,0.0,7.0,-2.93,-0.05,-1.0,-0.17,15.49,1.86,-32.66,261.0,TESTR,AKR-TESTR-<MAC6>,0.0,1.0,0.0,100.0
118580,2,walk,walk,10202,,10202.0,20.0,0.0,0.0,1.0,-5.33,0.082,0.416,0.0,34.0,28.18,0.0,14.0,0.0,7.0,-2.4,-0.04,-1.0,-0.17,16.45,2.33,-34.68,261.0,TESTR,AKR-TESTR-<MAC6>,0.0,1.0,0.0,100.0
118600,2,walk,walk,10203,,10203.0,20.0,0.0,0.0,1.0,-4.99,0.083,-0.119,0.0,34.0,28.18,0.0,14.0,0.0,7.0,-1.85,-0.03,-1.01,-0.17,17.2,3.36,-36.71,261.0,TESTR,AKR-TESTR-<MAC6>,0.0,1.0,0.0,100.0
118620,2,walk,walk,10204,,10204.0,20.0,0.0,0.0,1.0,-4.62,0.079,-0.432,0.0,34.0,28.18,0.0,14.0,0.0,7.0,-1.29,-0.02,-1.02,-0.17,17.67,5.01,-38.63,261.0,TESTR,AKR-TESTR-<MAC6>,0.0,1.0,0.0,100.0
118660,2,walk,walk,10205,,10205.0,20.0,0.0,0.0,1.0,-4.21,0.069,-0.977,0.0,34.0,28.18,0.0,14.0,0.0,7.0,-0.74,-0.01,-1.03,-0.17,17.82,7.33,-40.28,261.0,TESTR,AKR-TESTR-<MAC6>,0.0,1.0,0.0,100.0
118660,2,walk,walk,10206,,10206.0,20.0,0.0,0.0,1.0,-3.77,0.048,-1.66,0.0,34.0,28.18,0.0,14.0,0.0,7.0,-0.21,0.0,-1.04,-0.16,17.58,10.34,-41.44,261.0,TESTR,AKR-TESTR-<MAC6>,0.0,1.0,0.0,100.0
118680,2,walk,walk,10207,,10207.0,20.0,0.0,0.0,1.0,-3.29,0.021,-1.942,0.0,34.0,28.14,0.0,14.0,0.0,7.0,0.26,0.0,-1.05,-0.16,16.9,14.06,-41.87,261.0,TESTR,AKR-TESTR-<MAC6>,0.0,1.0,0.0,100.0
118700,2,walk,walk,10208,,10208.0,20.0,0.0,0.0,1.0,-2.79,-0.007,-1.729,0.0,34.0,28.18,0.0,14.0,0.0,7.0,0.57,0.01,-1.05,-0.16,15.75,18.57,-41.25,261.0,TESTR,AKR-TESTR-<MAC6>,0.0,1.0,0.0,100.0
118740,2,walk,walk,10209,,10209.0,20.0,0.0,0.0,1.0,-2.25,-0.03,-1.245,0.0,34.0,28.14,0.0,14.0,0.0,7.0,0.51,0.01,-1.05,-0.16,14.11,23.76,-39.01,261.0,TESTR,AKR-TESTR-<MAC6>,0.0,1.0,0.0,100.0
118740,2,walk,walk,10210,,10210.0,20.0,0.0,0.0,1.0,-1.69,-0.038,0.072,0.0,34.0,28.18,0.0,14.0,0.0,7.0,-0.1,0.0,-1.05,-0.15,11.94,29.28,-34.7,261.0,TESTR,AKR-TESTR-<MAC6>,0.0,1.0,0.0,100.0
118780,2,walk,walk,10211,,10211.0,20.0,0.0,0.0,1.0,-1.1,-0.038,-0.069,0.0,34.0,28.18,0.0,14.0,0.0,7.0,-1.37,-0.03,-1.05,-0.16,9.25,34.56,-28.24,262.0,TESTR,AKR-TESTR-<MAC6>,0.0,1.0,0.0,100.0
118800,2,walk,walk,10212,,10212.0,20.0,0.0,0.0,1.0,-0.51,-0.038,-0.079,0.0,34.0,28.18,0.0,14.0,0.0,7.0,-3.28,-0.06,-1.04,-0.16,6.18,38.89,-19.97,262.0,TESTR,AKR-TESTR-<MAC6>,0.0,1.0,0.0,100.0
118800,2,walk,walk,10213,,10213.0,20.0,0.0,0.0,1.0,0.1,-0.043,-0.609,0.0,34.0,28.18,0.0,14.0,0.0,7.0,-5.65,-0.1,-1.04,-0.16,2.93,41.6,-10.48,262.0,TESTR,AKR-TESTR-<MAC6>,0.0,1.0,0.0,100.0
118820,2,walk,walk,10214,,10214.0,20.0,0.0,0.0,1.0,0.69,-0.055,-0.904,0.0,34.0,28.18,0.0,14.0,0.0,7.0,-8.21,-0.15,-1.03,-0.17,-0.29,42.17,-0.43,262.0,TESTR,AKR-TESTR-<MAC6>,0.0,1.0,0.0,100.0
118840,2,walk,walk,10215,,10215.0,20.0,1.0,0.0,1.0,1.26,-0.067,-0.773,0.0,34.0,28.18,0.0,15.0,0.0,7.0,-10.66,-0.19,-1.03,-0.18,-3.31,40.35,9.56,262.0,TESTR,AKR-TESTR-<MAC6>,0.0,1.0,0.0,100.0
118860,2,walk,walk,10216,,10216.0,20.0,1.0,0.0,1.0,1.78,-0.075,-0.477,0.0,34.0,28.18,0.0,15.0,0.0,7.0,-12.77,-0.23,-1.02,-0.18,-5.97,36.23,18.98,262.0,TESTR,AKR-TESTR-<MAC6>,0.0,1.0,0.0,100.0
118900,2,walk,walk,10217,,10217.0,20.0,1.0,0.0,1.0,2.25,-0.08,-0.194,0.0,34.0,28.18,0.0,15.0,0.0,7.0,-14.37,-0.26,-1.02,-0.18,-8.16,30.19,27.43,262.0,TESTR,AKR-TESTR-<MAC6>,0.0,1.0,0.0,100.0
118920,2,walk,walk,10218,,10218.0,20.0,1.0,0.0,1.0,2.64,-0.081,-0.099,0.0,34.0,28.18,0.0,15.0,0.0,7.0,-15.36,-0.28,-1.02,-0.19,-9.84,22.87,34.67,262.0,TESTR,AKR-TESTR-<MAC6>,0.0,1.0,0.0,100.0
118920,2,walk,walk,10219,,10219.0,20.0,1.0,0.0,1.0,2.94,-0.081,0.003,0.0,34.0,28.18,0.0,15.0,0.0,7.0,-15.72,-0.29,-1.03,-0.19,-11.01,15.02,40.61,262.0,TESTR,AKR-TESTR-<MAC6>,0.0,1.0,0.0,100.0
118960,2,walk,walk,10220,,10220.0,20.0,1.0,0.0,1.0,3.13,-0.081,0.068,0.0,34.0,28.18,0.0,15.0,0.0,7.0,-15.51,-0.29,-1.03,-0.19,-11.74,7.35,45.26,262.0,TESTR,AKR-TESTR-<MAC6>,0.0,1.0,0.0,100.0
118960,2,walk,walk,10221,,10221.0,20.0,1.0,0.0,1.0,3.21,-0.08,0.052,0.0,34.0,28.18,0.0,15.0,0.0,7.0,-14.8,-0.27,-1.03,-0.19,-12.17,0.43,48.72,262.0,TESTR,AKR-TESTR-<MAC6>,0.0,1.0,0.0,100.0
118980,2,walk,walk,10222,,10222.0,20.0,1.0,0.0,1.0,3.16,-0.08,-0.021,0.0,34.0,28.18,0.0,15.0,0.0,7.0,-13.68,-0.25,-1.04,-0.19,-12.41,-5.43,51.12,262.0,TESTR,AKR-TESTR-<MAC6>,0.0,1.0,0.0,100.0
119000,2,walk,walk,10223,,10223.0,20.0,2.0,0.0,1.0,3.0,-0.08,-0.08,0.0,34.0,28.18,0.0,16.0,0.0,7.0,-12.27,-0.23,-1.04,-0.19,-12.59,-10.11,52.6,262.0,TESTR,AKR-TESTR-<MAC6>,0.0,1.0,0.0,100.0
119020,2,walk,walk,10224,,10224.0,20.0,1.0,0.0,1.0,2.71,-0.08,0.057,0.0,34.0,28.18,0.0,15.0,0.0,7.0,-10.67,-0.2,-1.04,-0.19,-12.81,-13.69,53.27,262.0,TESTR,AKR-TESTR-<MAC6>,0.0,1.0,0.0,100.0
119020,2,walk,walk,10225,,10225.0,20.0,2.0,0.0,1.0,2.31,-0.08,0.023,0.0,34.0,28.18,0.0,16.0,0.0,7.0,-8.95,-0.16,-1.04,-0.19,-13.11,-16.37,53.22,262.0,TESTR,AKR-TESTR-<MAC6>,0.0,1.0,0.0,100.0
119060,2,walk,walk,10226,,10226.0,20.0,1.0,0.0,1.0,1.81,-0.08,0.123,0.0,34.0,28.18,0.0,15.0,0.0,7.0,-7.19,-0.13,-1.03,-0.19,-13.55,-18.37,52.51,262.0,TESTR,AKR-TESTR-<MAC6>,0.0,1.0,0.0,100.0
119080,2,walk,walk,10227,,10227.0,20.0,0.0,0.0,1.0,1.21,-0.08,0.075,0.0,34.0,28.18,0.0,14.0,0.0,7.0,-5.44,-0.1,-1.03,-0.2,-14.15,-19.85,51.22,262.0,TESTR,AKR-TESTR-<MAC6>,0.0,1.0,0.0,100.0
119100,2,walk,walk,10228,,10228.0,20.0,1.0,0.0,1.0,0.53,-0.081,0.006,0.0,34.0,28.18,0.0,15.0,0.0,7.0,-3.73,-0.07,-1.02,-0.2,-14.89,-20.92,49.39,262.0,TESTR,AKR-TESTR-<MAC6>,0.0,1.0,0.0,100.0
119140,2,walk,walk,10229,,10229.0,20.0,1.0,0.0,1.0,-0.22,-0.081,-0.12,0.0,34.0,28.18,0.0,15.0,0.0,7.0,-2.1,-0.04,-1.01,-0.2,-15.76,-21.62,47.08,262.0,TESTR,AKR-TESTR-<MAC6>,0.0,1.0,0.0,100.0
119140,2,walk,walk,10230,,10230.0,20.0,1.0,0.0,1.0,-1.01,-0.081,-0.072,0.0,34.0,28.14,0.0,15.0,0.0,7.0,-0.57,-0.01,-1.0,-0.2,-16.72,-21.96,44.34,262.0,TESTR,AKR-TESTR-<MAC6>,0.0,1.0,0.0,100.0
119160,2,walk,walk,10231,,10231.0,20.0,1.0,0.0,1.0,-1.85,-0.081,-0.032,0.0,34.0,28.18,0.0,15.0,0.0,7.0,0.82,0.01,-0.99,-0.2,-17.73,-21.98,41.22,262.0,TESTR,AKR-TESTR-<MAC6>,0.0,1.0,0.0,100.0
119180,2,walk,walk,10232,,10232.0,20.0,0.0,0.0,1.0,-2.7,-0.081,-0.015,0.0,34.0,28.14,0.0,14.0,0.0,7.0,2.05,0.04,-0.98,-0.2,-18.74,-21.74,37.75,262.0,TESTR,AKR-TESTR-<MAC6>,0.0,1.0,0.0,100.0
119200,2,walk,walk,10233,,10233.0,20.0,0.0,0.0,1.0,-3.57,-0.083,-0.178,0.0,34.0,28.14,0.0,14.0,0.0,7.0,3.09,0.05,-0.97,-0.2,-19.71,-21.33,34.0,262.0,TESTR,AKR-TESTR-<MAC6>,0.0,1.0,0.0,100.0
119220,2,walk,walk,10234,,10234.0,20.0,0.0,0.0,1.0,-4.42,-0.089,-0.467,0.0,34.0,28.18,0.0,14.0,0.0,7.0,3.92,0.07,-0.97,-0.2,-20.61,-20.84,30.04,262.0,TESTR,AKR-TESTR-<MAC6>,0.0,1.0,0.0,100.0
119240,2,walk,walk,10235,,10235.0,20.0,0.0,0.0,1.0,-5.26,-0.096,-0.438,0.0,34.0,28.18,0.0,14.0,0.0,7.0,4.53,0.08,-0.96,-0.2,-21.44,-20.39,25.92,262.0,TESTR,AKR-TESTR-<MAC6>,0.0,1.0,0.0,100.0
119260,2,walk,walk,10236,,10236.0,20.0,1.0,0.0,1.0,-6.06,-0.104,-0.571,0.0,34.0,28.14,0.0,15.0,0.0,7.0,4.91,0.08,-0.95,-0.19,-22.18,-20.08,21.75,262.0,TESTR,AKR-TESTR-<MAC6>,0.0,1.0,0.0,100.0
119300,2,walk,walk,10237,,10237.0,20.0,0.0,0.0,1.0,-6.82,-0.11,-0.322,0.0,34.0,28.18,0.0,14.0,0.0,7.0,5.07,0.08,-0.95,-0.19,-22.82,-19.98,17.56,262.0,TESTR,AKR-TESTR-<MAC6>,0.0,1.0,0.0,100.0
119300,2,walk,walk,10238,,10238.0,20.0,1.0,0.0,1.0,-7.53,-0.118,-0.672,0.0,34.0,28.18,0.0,15.0,0.0,7.0,5.02,0.08,-0.94,-0.19,-23.36,-20.15,13.37,262.0,TESTR,AKR-TESTR-<MAC6>,0.0,1.0,0.0,100.0
119320,2,walk,walk,10239,,10239.0,20.0,1.0,0.0,1.0,-8.19,-0.133,-1.217,0.0,34.0,28.18,0.0,15.0,0.0,7.0,4.77,0.08,-0.94,-0.19,-23.79,-20.57,9.32,262.0,TESTR,AKR-TESTR-<MAC6>,0.0,1.0,0.0,100.0
119340,2,walk,walk,10240,,10240.0,20.0,1.0,0.0,1.0,-8.78,-0.15,-1.298,0.0,34.0,28.18,0.0,15.0,0.0,7.0,4.2,0.07,-0.94,-0.18,-24.14,-21.18,5.51,262.0,TESTR,AKR-TESTR-<MAC6>,0.0,1.0,0.0,100.0
119360,2,walk,walk,10241,,10241.0,20.0,1.0,0.0,1.0,-9.3,-0.192,-4.208,0.0,34.0,28.18,0.0,15.0,0.0,7.0,3.19,0.05,-0.95,-0.18,-24.03,-22.39,2.19,262.0,TESTR,AKR-TESTR-<MAC6>,0.0,1.0,0.0,100.0
119380,2,walk,walk,10242,,10242.0,20.0,0.0,0.0,1.0,-9.75,-0.259,-4.076,0.0,34.0,28.14,0.0,14.0,0.0,7.0,1.98,0.03,-0.96,-0.17,-23.27,-24.46,-0.35,262.0,TESTR,AKR-TESTR-<MAC6>,0.0,1.0,0.0,100.0
119400,2,walk,walk,10243,,10243.0,20.0,0.0,0.0,1.0,-10.13,-0.276,1.177,0.0,34.0,28.14,0.0,14.0,0.0,7.0,0.87,0.01,-0.97,-0.16,-21.86,-27.01,-2.2,262.0,TESTR,AKR-TESTR-<MAC6>,0.0,1.0,0.0,100.0
119420,2,walk,walk,10244,,10244.0,20.0,0.0,0.0,1.0,-10.44,-0.254,1.155,0.0,34.0,28.18,0.0,14.0,0.0,7.0,-0.06,0.0,-0.99,-0.15,-19.84,-29.35,-3.67,262.0,TESTR,AKR-TESTR-<MAC6>,0.0,1.0,0.0,100.0
119460,2,walk,walk,10245,,10245.0,20.0,0.0,0.0,1.0,-10.68,-0.243,0.773,0.0,34.0,28.18,0.0,14.0,0.0,7.0,-0.81,-0.01,-1.01,-0.13,-17.45,-31.11,-5.05,262.0,TESTR,AKR-TESTR-<MAC6>,0.0,1.0,0.0,100.0
119460,2,walk,walk,10246,,10246.0,20.0,0.0,0.0,1.0,-10.85,-0.228,0.939,0.0,34.0,28.18,0.0,14.0,0.0,7.0,-1.42,-0.03,-1.03,-0.11,-15.05,-32.04,-6.53,262.0,TESTR,AKR-TESTR-<MAC6>,0.0,1.0,0.0,100.0
119500,2,walk,walk,10247,,10247.0,20.0,0.0,0.0,1.0,-10.97,-0.223,0.062,0.0,34.0,28.18,0.0,14.0,0.0,7.0,-1.93,-0.04,-1.04,-0.09,-12.96,-32.1,-8.06,262.0,TESTR,AKR-TESTR-<MAC6>,0.0,1.0,0.0,100.0
119500,2,walk,walk,10248,,10248.0,20.0,0.0,0.0,1.0,-11.03,-0.22,0.088,0.0,34.0,28.18,0.0,14.0,0.0,7.0,-2.38,-0.04,-1.05,-0.08,-11.28,-31.33,-9.48,262.0,TESTR,AKR-TESTR-<MAC6>,0.0,1.0,0.0,100.0
119520,2,walk,walk,10249,,10249.0,20.0,0.0,0.0,1.0,-11.03,-0.22,0.05,0.0,34.0,28.18,0.0,14.0,0.0,7.0,-2.8,-0.05,-1.06,-0.07,-9.99,-29.89,-10.59,262.0,TESTR,AKR-TESTR-<MAC6>,0.0,1.0,0.0,100.0
119540,2,walk,walk,10250,,10250.0,20.0,0.0,0.0,1.0,-10.99,-0.221,-0.05,0.0,34.0,28.14,0.0,14.0,0.0,7.0,-3.19,-0.06,-1.07,-0.07,-8.97,-27.95,-11.2,262.0,TESTR,AKR-TESTR-<MAC6>,0.0,1.0,0.0,100.0
119560,2,walk,walk,10251,,10251.0,20.0,0.0,0.0,1.0,-10.9,-0.223,-0.065,0.0,34.0,28.18,0.0,14.0,0.0,7.0,-3.61,-0.07,-1.07,-0.07,-8.12,-25.7,-11.23,262.0,TESTR,AKR-TESTR-<MAC6>,0.0,1.0,0.0,100.0
119580,2,walk,walk,10252,,10252.0,20.0,0.0,0.0,1.0,-10.78,-0.223,0.044,0.0,34.0,28.18,0.0,14.0,0.0,7.0,-4.08,-0.08,-1.06,-0.08,-7.38,-23.26,-10.76,262.0,TESTR,AKR-TESTR-<MAC6>,0.0,1.0,0.0,100.0
119600,2,walk,walk,10253,,10253.0,20.0,0.0,0.0,1.0,-10.62,-0.222,0.271,0.0,34.0,28.18,0.0,14.0,0.0,7.0,-4.62,-0.09,-1.06,-0.08,-6.75,-20.72,-10.01,262.0,TESTR,AKR-TESTR-<MAC6>,0.0,1.0,0.0,100.0
119620,2,walk,walk,10254,,10254.0,20.0,0.0,0.0,1.0,-10.44,-0.215,0.894,0.0,34.0,28.18,0.0,14.0,0.0,7.0,-5.25,-0.1,-1.05,-0.09,-6.19,-18.2,-9.29,262.0,TESTR,AKR-TESTR-<MAC6>,0.0,1.0,0.0,100.0
119640,2,walk,walk,10255,,10255.0,20.0,0.0,0.0,1.0,-10.24,-0.201,0.761,0.0,34.0,28.18,0.0,14.0,0.0,7.0,-5.94,-0.11,-1.04,-0.11,-5.69,-15.81,-8.89,262.0,TESTR,AKR-TESTR-<MAC6>,0.0,1.0,0.0,100.0
119660,2,walk,walk,10256,,10256.0,20.0,0.0,0.0,1.0,-10.02,-0.189,0.872,0.0,34.0,28.18,0.0,14.0,0.0,7.0,-6.65,-0.12,-1.04,-0.12,-5.21,-13.62,-8.98,262.0,TESTR,AKR-TESTR-<MAC6>,0.0,1.0,0.0,100.0
119680,2,walk,walk,10257,,10257.0,20.0,0.0,0.0,1.0,-9.79,-0.178,0.452,0.0,34.0,28.18,0.0,14.0,0.0,7.0,-7.33,-0.13,-1.03,-0.13,-4.73,-11.65,-9.6,262.0,TESTR,AKR-TESTR-<MAC6>,0.0,1.0,0.0,100.0
119700,2,walk,walk,10258,,10258.0,20.0,0.0,0.0,1.0,-9.55,-0.17,0.641,0.0,34.0,28.18,0.0,14.0,0.0,7.0,-7.93,-0.14,-1.02,-0.14,-4.23,-9.92,-10.68,262.0,TESTR,AKR-TESTR-<MAC6>,0.0,1.0,0.0,100.0
119720,2,walk,walk,10259,,10259.0,20.0,0.0,0.0,1.0,-9.3,-0.16,0.668,0.0,34.0,28.18,0.0,14.0,0.0,7.0,-8.44,-0.15,-1.01,-0.15,-3.71,-8.42,-12.11,262.0,TESTR,AKR-TESTR-<MAC6>,0.0,1.0,0.0,100.0
119740,2,walk,walk,10260,,10260.0,20.0,0.0,0.0,1.0,-9.06,-0.152,0.399,0.0,34.0,28.18,0.0,14.0,0.0,7.0,-8.81,-0.16,-1.01,-0.16,-3.13,-7.11,-13.74,263.0,TESTR,AKR-TESTR-<MAC6>,0.0,1.0,0.0,100.0
119780,2,walk,walk,10261,,10261.0,20.0,0.0,6.0,2.0,-8.82,-0.145,0.539,0.0,34.0,28.18,0.0,14.0,0.0,7.0,-9.05,-0.16,-1.0,-0.17,-2.51,-5.98,-15.43,263.0,TESTR,AKR-TESTR-<MAC6>,0.0,1.0,0.0,100.0
119780,2,walk,walk,10262,,10262.0,20.0,0.0,6.0,2.0,-8.57,-0.137,1.02,-0.114,34.0,28.11,0.0,18.0,0.0,7.0,-9.18,-0.16,-1.0,-0.18,-1.89,-5.55,-17.37,263.0,TESTR,AKR-TESTR-<MAC6>,0.0,1.0,0.0,100.0
119820,2,walk,walk,10263,,10263.0,20.0,0.0,6.0,2.0,-8.33,-0.093,3.125,2.166,34.0,27.97,0.0,18.0,0.0,7.0,-9.21,-0.16,-0.99,-0.18,-1.29,-6.06,-19.86,263.0,TESTR,AKR-TESTR-<MAC6>,0.0,1.0,0.0,100.0
119820,2,walk,walk,10264,,10264.0,20.0,0.0,6.0,2.0,-8.08,-0.059,1.748,3.039,34.0,27.9,0.0,18.0,0.0,7.0,-9.11,-0.16,-0.99,-0.19,-0.74,-7.22,-22.76,263.0,TESTR,AKR-TESTR-<MAC6>,0.0,1.0,0.0,100.0
119840,2,walk,walk,10265,,10265.0,20.0,1.0,6.0,2.0,-7.84,-0.043,0.695,3.576,34.0,27.9,0.0,19.0,0.0,7.0,-8.88,-0.15,-0.99,-0.19,-0.25,-8.61,-25.77,263.0,TESTR,AKR-TESTR-<MAC6>,0.0,1.0,0.0,100.0
119860,2,walk,walk,10266,,10266.0,20.0,1.0,6.0,2.0,-7.58,-0.034,0.489,3.172,34.0,27.93,0.0,19.0,0.0,7.0,-8.54,-0.15,-0.98,-0.19,0.2,-9.86,-28.56,263.0,TESTR,AKR-TESTR-<MAC6>,0.0,1.0,0.0,100.0
119880,2,walk,walk,10267,,10267.0,20.0,0.0,6.0,2.0,-7.32,-0.028,0.359,2.794,34.0,27.97,0.0,18.0,0.0,7.0,-8.09,-0.14,-0.98,-0.19,0.64,-10.73,-30.89,263.0,TESTR,AKR-TESTR-<MAC6>,0.0,1.0,0.0,100.0
119900,2,walk,walk,10268,,10268.0,20.0,1.0,6.0,2.0,-7.04,-0.023,0.156,2.508,34.0,28.04,0.0,19.0,0.0,7.0,-7.56,-0.13,-0.98,-0.2,1.07,-11.1,-32.6,263.0,TESTR,AKR-TESTR-<MAC6>,0.0,1.0,0.0,100.0
119940,2,walk,walk,10269,,10269.0,20.0,1.0,6.0,2.0,-6.75,-0.019,0.276,2.07,34.0,28.07,0.0,19.0,0.0,7.0,-6.98,-0.12,-0.98,-0.2,1.51,-10.94,-33.68,263.0,TESTR,AKR-TESTR-<MAC6>,0.0,1.0,0.0,100.0
119940,2,walk,walk,10270,,10270.0,20.0,1.0,6.0,2.0,-6.44,-0.015,0.381,1.626,34.0,28.07,0.0,19.0,0.0,7.0,-6.36,-0.11,-0.98,-0.2,1.96,-10.31,-34.19,263.0,TESTR,AKR-TESTR-<MAC6>,0.0,1.0,0.0,100.0
119960,2,walk,walk,10271,,10271.0,20.0,1.0,6.0,2.0,-6.11,-0.01,0.263,1.075,34.0,28.11,0.0,19.0,0.0,7.0,-5.72,-0.1,-0.98,-0.2,2.42,-9.31,-34.19,263.0,TESTR,AKR-TESTR-<MAC6>,0.0,1.0,0.0,100.0
119980,2,walk,walk,10272,,10272.0,20.0,1.0,6.0,2.0,-5.75,-0.007,0.237,0.676,34.0,28.14,0.0,19.0,0.0,7.0,-5.08,-0.09,-0.98,-0.2,2.89,-8.03,-33.79,263.0,TESTR,AKR-TESTR-<MAC6>,0.0,1.0,0.0,100.0
120000,2,walk,walk,10273,,10273.0,20.0,1.0,6.0,2.0,-5.37,-0.004,0.158,0.28,34.0,28.14,0.0,19.0,0.0,7.0,-4.44,-0.08,-0.99,-0.2,3.38,-6.62,-33.06,263.0,TESTR,AKR-TESTR-<MAC6>,0.0,1.0,0.0,100.0
120020,2,walk,walk,10274,,10274.0,20.0,1.0,6.0,2.0,-4.97,-0.002,0.058,0.09,34.0,28.14,0.0,19.0,0.0,7.0,-3.81,-0.07,-0.99,-0.2,3.9,-5.13,-32.1,263.0,TESTR,AKR-TESTR-<MAC6>,0.0,1.0,0.0,100.0
120040,2,walk,walk,10275,,10275.0,20.0,1.0,6.0,2.0,-4.54,-0.001,0.124,-0.189,34.0,28.14,0.0,19.0,0.0,7.0,-3.19,-0.06,-0.99,-0.2,4.49,-3.64,-30.98,263.0,TESTR,AKR-TESTR-<MAC6>,0.0,1.0,0.0,100.0
120080,2,walk,walk,10276,,10276.0,20.0,1.0,6.0,2.0,-4.09,0.001,0.201,-0.387,34.0,28.14,0.0,19.0,0.0,7.0,-2.6,-0.04,-0.99,-0.2,5.14,-2.2,-29.8,263.0,TESTR,AKR-TESTR-<MAC6>,0.0,1.0,0.0,100.0
120100,2,walk,walk,10277,,10277.0,20.0,1.0,6.0,2.0,-3.63,0.003,0.202,-0.609,34.0,28.14,0.0,19.0,0.0,7.0,-2.03,-0.04,-0.99,-0.2,5.87,-0.87,-28.62,263.0,TESTR,AKR-TESTR-<MAC6>,0.0,1.0,0.0,100.0
120100,2,walk,walk,10278,,10278.0,20.0,1.0,6.0,2.0,-3.16,0.005,0.193,-0.891,34.0,28.14,0.0,19.0,0.0,7.0,-1.49,-0.03,-0.99,-0.2,6.68,0.33,-27.5,263.0,TESTR,AKR-TESTR-<MAC6>,0.0,1.0,0.0,100.0
120100,2,walk,walk,10279,,10279.0,20.0,1.0,6.0,2.0,-2.67,0.007,0.248,-1.157,34.0,28.14,0.0,19.0,0.0,7.0,-0.96,-0.02,-0.99,-0.2,7.55,1.37,-26.48,263.0,TESTR,AKR-TESTR-<MAC6>,0.0,1.0,0.0,100.0
120140,2,walk,walk,10280,,10280.0,20.0,1.0,6.0,2.0,-2.17,0.01,0.127,-1.4,34.0,28.11,0.0,19.0,0.0,7.0,-0.45,-0.01,-1.0,-0.2,8.47,2.24,-25.57,263.0,TESTR,AKR-TESTR-<MAC6>,0.0,1.0,0.0,100.0
120160,2,walk,walk,10281,,10281.0,20.0,1.0,6.0,2.0,-1.67,0.012,0.041,-1.488,34.0,28.11,0.0,19.0,0.0,7.0,0.05,0.0,-1.0,-0.2,9.42,2.99,-24.78,263.0,TESTR,AKR-TESTR-<MAC6>,0.0,1.0,0.0,100.0
120180,2,walk,walk,10282,,10282.0,20.0,1.0,6.0,2.0,-1.17,0.013,0.142,-1.695,34.0,28.11,0.0,19.0,0.0,7.0,0.52,0.01,-1.0,-0.19,10.38,3.67,-24.14,263.0,TESTR,AKR-TESTR-<MAC6>,0.0,1.0,0.0,100.0
120200,2,walk,walk,10283,,10283.0,20.0,1.0,6.0,2.0,-0.68,0.014,0.087,-1.818,34.0,28.07,0.0,19.0,0.0,7.0,0.95,0.02,-1.0,-0.19,11.35,4.32,-23.72,263.0,TESTR,AKR-TESTR-<MAC6>,0.0,1.0,0.0,100.0
120220,2,walk,walk,10284,,10284.0,20.0,1.0,6.0,2.0,-0.18,0.015,-0.032,-1.845,34.0,28.11,0.0,19.0,0.0,7.0,1.32,0.02,-1.0,-0.19,12.3,4.94,-23.6,263.0,TESTR,AKR-TESTR-<MAC6>,0.0,1.0,0.0,100.0
120260,2,walk,walk,10285,,10285.0,20.0,1.0,6.0,2.0,0.31,0.015,0.062,-1.902,34.0,28.07,0.0,19.0,0.0,7.0,1.62,0.03,-1.01,-0.19,13.19,5.55,-23.87,263.0,TESTR,AKR-TESTR-<MAC6>,0.0,1.0,0.0,100.0
120260,2,walk,walk,10286,,10286.0,20.0,1.0,6.0,2.0,0.79,0.015,-0.033,-1.872,34.0,28.07,0.0,19.0,0.0,7.0,1.84,0.03,-1.01,-0.18,13.96,6.09,-24.63,263.0,TESTR,AKR-TESTR-<MAC6>,0.0,1.0,0.0,100.0
120280,2,walk,walk,10287,,10287.0,20.0,1.0,6.0,2.0,1.27,0.015,-0.12,-1.856,34.0,28.07,0.0,19.0,0.0,7.0,1.98,0.04,-1.02,-0.18,14.55,6.54,-25.97,263.0,TESTR,AKR-TESTR-<MAC6>,0.0,1.0,0.0,100.0
120300,2,walk,walk,10288,,10288.0,20.0,1.0,6.0,2.0,1.74,0.014,-0.087,-1.648,34.0,28.11,0.0,19.0,0.0,7.0,2.08,0.04,-1.03,-0.17,14.91,6.86,-27.88,263.0,TESTR,AKR-TESTR-<MAC6>,0.0,1.0,0.0,100.0
120320,2,walk,walk,10289,,10289.0,20.0,1.0,6.0,2.0,2.2,0.011,-0.229,-1.3,34.0,28.11,0.0,19.0,0.0,7.0,2.17,0.04,-1.03,-0.17,14.99,7.05,-30.32,263.0,TESTR,AKR-TESTR-<MAC6>,0.0,1.0,0.0,100.0
120340,2,walk,walk,10290,,10290.0,20.0,1.0,6.0,2.0,2.66,0.008,-0.202,-0.877,34.0,28.14,0.0,19.0,0.0,7.0,2.32,0.04,-1.04,-0.16,14.76,7.11,-33.14,263.0,TESTR,AKR-TESTR-<MAC6>,0.0,1.0,0.0,100.0
120340,2,walk,walk,10291,,10291.0,20.0,1.0,6.0,2.0,3.12,0.004,-0.029,-0.418,34.0,28.14,0.0,19.0,0.0,7.0,2.56,0.05,-1.04,-0.15,14.24,7.11,-36.17,263.0,TESTR,AKR-TESTR-<MAC6>,0.0,1.0,0.0,100.0
120400,2,walk,walk,10292,,10292.0,20.0,1.0,6.0,2.0,3.59,0.002,-0.14,-0.097,34.0,28.14,0.0,19.0,0.0,7.0,2.93,0.05,-1.05,-0.14,13.48,7.12,-39.21,263.0,TESTR,AKR-TESTR-<MAC6>,0.0,1.0,0.0,100.0
120400,2,walk,walk,10293,,10293.0,20.0,1.0,6.0,2.0,4.05,0.0,-0.147,0.12,34.0,28.14,0.0,19.0,0.0,7.0,3.43,0.06,-1.05,-0.14,12.56,7.25,-42.02,263.0,TESTR,AKR-TESTR-<MAC6>,0.0,1.0,0.0,100.0
120460,2,walk,walk,10294,,10294.0,20.0,1.0,6.0,2.0,4.53,-0.001,-0.079,0.306,34.0,28.14,0.0,19.0,0.0,7.0,4.03,0.07,-1.04,-0.13,11.54,7.58,-44.46,263.0,TESTR,AKR-TESTR-<MAC6>,0.0,1.0,0.0,100.0
120480,2,walk,walk,10295,,10295.0,20.0,1.0,6.0,2.0,5.02,-0.003,-0.036,0.453,34.0,28.14,0.0,19.0,0.0,7.0,4.63,0.08,-1.04,-0.13,10.48,8.24,-46.34,263.0,TESTR,AKR-TESTR-<MAC6>,0.0,1.0,0.0,100.0
120480,2,walk,walk,10296,,10296.0,20.0,1.0,6.0,2.0,5.53,-0.004,-0.091,0.592,34.0,28.14,0.0,19.0,0.0,7.0,5.04,0.09,-1.03,-0.12,9.39,9.45,-47.38,263.0,TESTR,AKR-TESTR-<MAC6>,0.0,1.0,0.0,100.0
120480,2,walk,walk,10297,,10297.0,20.0,1.0,6.0,2.0,6.06,-0.004,0.007,0.413,34.0,28.14,0.0,19.0,0.0,7.0,5.01,0.09,-1.02,-0.12,8.3,11.59,-46.93,263.0,TESTR,AKR-TESTR-<MAC6>,0.0,1.0,0.0,100.0
120500,2,walk,walk,10298,,10298.0,20.0,1.0,6.0,2.0,6.61,-0.004,0.069,0.24,34.0,28.14,0.0,19.0,0.0,7.0,4.33,0.08,-1.01,-0.11,7.2,14.91,-44.26,263.0,TESTR,AKR-TESTR-<MAC6>,0.0,1.0,0.0,100.0
120520,2,walk,walk,10299,,10299.0,20.0,1.0,6.0,2.0,7.18,-0.002,0.023,0.153,34.0,28.14,0.0,19.0,0.0,7.0,2.92,0.05,-1.0,-0.11,6.07,19.36,-38.97,263.0,TESTR,AKR-TESTR-<MAC6>,0.0,1.0,0.0,100.0
120560,2,walk,walk,10300,,10300.0,20.0,1.0,6.0,2.0,7.77,-0.002,0.021,0.079,34.0,28.14,0.0,19.0,0.0,7.0,0.86,0.02,-1.0,-0.11,4.9,24.35,-31.18,263.0,TESTR,AKR-TESTR-<MAC6>,0.0,1.0,0.0,100.0
120560,2,walk,walk,10301,,10301.0,20.0,1.0,1.0,5.0,8.36,-0.001,-0.028,0.077,34.0,28.14,0.0,19.0,0.0,8.0,-1.59,-0.03,-1.0,-0.12,3.69,28.94,-21.45,263.0,TESTR,AKR-TESTR-<MAC6>,0.0,1.0,0.0,100.0
120580,2,walk,walk,10302,,10302.0,20.0,0.0,1.0,5.0,8.96,-0.001,-0.116,0.204,34.0,28.07,0.0,19.0,0.0,8.0,-4.11,-0.07,-1.0,-0.12,2.44,32.06,-10.65,263.0,TESTR,AKR-TESTR-<MAC6>,0.0,1.0,0.0,100.0
120580,2,walk,walk,10303,,10303.0,20.0,0.0,1.0,5.0,9.54,0.039,3.589,1.153,34.0,28.07,0.0,19.0,0.0,8.0,-6.37,-0.11,-1.0,-0.13,1.24,32.73,-0.06,263.0,TESTR,AKR-TESTR-<MAC6>,0.0,1.0,0.0,100.0
120620,2,walk,walk,10304,,10304.0,20.0,0.0,1.0,6.0,10.09,0.089,3.039,1.616,34.0,28.0,0.0,19.0,0.0,8.0,-8.11,-0.14,-1.01,-0.14,0.2,30.45,9.31,263.0,TESTR,AKR-TESTR-<MAC6>,0.0,1.0,0.0,100.0
120640,2,walk,walk,10305,,10305.0,20.0,0.0,1.0,6.0,10.59,0.131,2.62,1.88,34.0,28.0,0.0,19.0,0.0,8.0,-9.16,-0.16,-1.01,-0.15,-0.56,25.29,16.92,263.0,TESTR,AKR-TESTR-<MAC6>,0.0,1.0,0.0,100.0
120640,2,walk,walk,10306,,10306.0,20.0,0.0,1.0,6.0,11.03,0.165,2.079,2.497,34.0,27.97,0.0,19.0,0.0,8.0,-9.48,-0.17,-1.02,-0.16,-0.94,17.88,22.64,263.0,TESTR,AKR-TESTR-<MAC6>,0.0,1.0,0.0,100.0
120680,2,walk,walk,10307,,10307.0,20.0,0.0,1.0,6.0,11.38,0.194,1.78,2.608,34.0,27.93,0.0,19.0,0.0,8.0,-9.11,-0.17,-1.03,-0.17,-0.95,9.22,26.61,263.0,TESTR,AKR-TESTR-<MAC6>,0.0,1.0,0.0,100.0
120700,2,walk,walk,10308,,10308.0,20.0,0.0,1.0,6.0,11.63,0.217,1.272,2.975,34.0,27.93,0.0,19.0,0.0,8.0,-8.17,-0.15,-1.04,-0.17,-0.71,0.37,29.18,264.0,TESTR,AKR-TESTR-<MAC6>,0.0,1.0,0.0,100.0
120740,2,walk,walk,10309,,10309.0,20.0,0.0,1.0,6.0,11.79,0.236,1.274,3.108,34.0,27.9,0.0,19.0,0.0,8.0,-6.8,-0.12,-1.05,-0.18,-0.35,-7.76,30.75,264.0,TESTR,AKR-TESTR-<MAC6>,0.0,1.0,0.0,100.0
120740,2,walk,walk,10310,,10310.0,20.0,0.0,1.0,6.0,11.84,0.253,0.92,3.303,34.0,27.9,0.0,19.0,0.0,8.0,-5.17,-0.1,-1.05,-0.19,-0.03,-14.56,31.71,264.0,TESTR,AKR-TESTR-<MAC6>,0.0,1.0,0.0,100.0
120760,2,walk,walk,10311,,10311.0,20.0,0.0,1.0,6.0,11.78,0.266,0.742,3.501,34.0,27.9,0.0,19.0,0.0,8.0,-3.42,-0.06,-1.06,-0.2,0.1,-19.77,32.4,264.0,TESTR,AKR-TESTR-<MAC6>,0.0,1.0,0.0,100.0
120780,2,walk,walk,10312,,10312.0,20.0,0.0,1.0,6.0,11.63,0.276,0.608,3.733,34.0,27.86,0.0,19.0,0.0,8.0,-1.66,-0.03,-1.06,-0.2,-0.05,-23.5,33.06,264.0,TESTR,AKR-TESTR-<MAC6>,0.0,1.0,0.0,100.0
120800,2,walk,walk,10313,,10313.0,20.0,0.0,1.0,6.0,11.38,0.285,0.484,3.666,34.0,27.86,0.0,19.0,0.0,8.0,0.06,0.0,-1.05,-0.21,-0.55,-26.02,33.83,264.0,TESTR,AKR-TESTR-<MAC6>,0.0,1.0,0.0,100.0
120820,2,walk,walk,10314,,10314.0,20.0,0.0,1.0,6.0,11.04,0.291,0.399,4.015,34.0,27.83,0.0,19.0,0.0,8.0,1.72,0.03,-1.05,-0.22,-1.41,-27.63,34.74,264.0,TESTR,AKR-TESTR-<MAC6>,0.0,1.0,0.0,100.0
120840,2,walk,walk,10315,,10315.0,20.0,0.0,1.0,6.0,10.63,0.296,0.256,4.121,34.0,27.83,0.0,19.0,0.0,8.0,3.31,0.06,-1.04,-0.23,-2.63,-28.57,35.8,264.0,TESTR,AKR-TESTR-<MAC6>,0.0,1.0,0.0,100.0
120880,2,walk,walk,10316,,10316.0,20.0,0.0,1.0,6.0,10.15,0.301,0.359,4.049,34.0,27.83,0.0,19.0,0.0,8.0,4.87,0.09,-1.03,-0.23,-4.18,-28.98,36.91,264.0,TESTR,AKR-TESTR-<MAC6>,0.0,1.0,0.0,100.0
120900,2,walk,walk,10317,,10317.0,20.0,0.0,1.0,6.0,9.62,0.305,0.283,4.086,34.0,27.86,0.0,19.0,0.0,8.0,6.41,0.11,-1.02,-0.23,-6.02,-28.89,37.98,264.0,TESTR,AKR-TESTR-<MAC6>,0.0,1.0,0.0,100.0
120900,2,walk,walk,10318,,10318.0,20.0,0.0,1.0,6.0,9.04,0.309,0.305,4.031,34.0,27.83,0.0,19.0,0.0,8.0,7.94,0.14,-1.01,-0.23,-8.08,-28.28,38.84,264.0,TESTR,AKR-TESTR-<MAC6>,0.0,1.0,0.0,100.0
120940,2,walk,walk,10319,,10319.0,20.0,0.0,1.0,6.0,8.43,0.311,0.046,4.326,34.0,27.83,0.0,19.0,0.0,8.0,9.44,0.17,-1.0,-0.23,-10.28,-27.16,39.35,264.0,TESTR,AKR-TESTR-<MAC6>,0.0,1.0,0.0,100.0
120940,2,walk,walk,10320,,10320.0,20.0,0.0,1.0,6.0,7.8,0.311,0.001,4.437,34.0,27.83,0.0,19.0,0.0,8.0,10.89,0.19,-0.98,-0.23,-12.52,-25.64,39.38,264.0,TESTR,AKR-TESTR-<MAC6>,0.0,1.0,0.0,100.0
120960,2,walk,walk,10321,,10321.0,20.0,1.0,3.0,7.0,7.15,0.311,-0.026,4.529,34.0,27.79,0.0,20.0,0.0,8.0,12.27,0.21,-0.97,-0.23,-14.73,-23.89,38.81,264.0,TESTR,AKR-TESTR-<MAC6>,0.0,1.0,0.0,100.0
120980,2,walk,walk,10322,,10322.0,20.0,0.0,3.0,7.0,6.49,0.311,-0.028,4.629,34.0,27.79,0.0,19.0,0.0,8.0,13.54,0.23,-0.96,-0.22,-16.78,-22.14,37.6,264.0,TESTR,AKR-TESTR-<MAC6>,0.0,1.0,0.0,100.0
121000,2,walk,walk,10323,,10323.0,20.0,0.0,3.0,7.0,5.83,0.31,-0.011,4.706,34.0,27.79,0.0,19.0,0.0,8.0,14.68,0.25,-0.95,-0.21,-18.59,-20.62,35.74,264.0,TESTR,AKR-TESTR-<MAC6>,0.0,1.0,0.0,100.0
121020,2,walk,walk,10324,,10324.0,20.0,0.0,3.0,7.0,5.17,0.309,-0.041,4.771,34.0,27.76,0.0,19.0,0.0,8.0,15.68,0.26,-0.94,-0.2,-20.1,-19.52,33.29,264.0,TESTR,AKR-TESTR-<MAC6>,0.0,1.0,0.0,100.0
121040,2,walk,walk,10325,,10325.0,20.0,0.0,3.0,7.0,4.53,0.305,-0.596,5.252,34.0,27.72,0.0,19.0,0.0,8.0,16.4,0.27,-0.93,-0.19,-20.95,-19.35,30.09,264.0,TESTR,AKR-TESTR-<MAC6>,0.0,1.0,0.0,100.0
121060,2,walk,walk,10326,,10326.0,20.0,0.0,3.0,7.0,3.9,0.29,-0.927,5.97,34.0,27.62,0.0,19.0,0.0,8.0,16.75,0.28,-0.94,-0.18,-20.86,-20.55,26.19,264.0,TESTR,AKR-TESTR-<MAC6>,0.0,1.0,0.0,100.0
121080,2,walk,walk,10327,,10327.0,20.0,0.0,3.0,7.0,3.3,0.268,-1.956,7.448,34.0,27.47,0.0,19.0,0.0,8.0,16.69,0.28,-0.95,-0.16,-19.87,-22.97,21.89,264.0,TESTR,AKR-TESTR-<MAC6>,0.0,1.0,0.0,100.0
121100,2,walk,walk,10328,,10328.0,20.0,0.0,3.0,7.0,2.73,0.232,-2.329,7.971,34.0,27.4,0.0,19.0,0.0,8.0,16.33,0.28,-0.96,-0.14,-18.19,-25.85,17.6,264.0,TESTR,AKR-TESTR-<MAC6>,0.0,1.0,0.0,100.0
121120,2,walk,walk,10329,,10329.0,20.0,0.0,3.0,7.0,2.2,0.188,-3.246,8.422,34.0,27.4,0.0,19.0,0.0,8.0,15.74,0.28,-0.98,-0.12,-16.19,-28.23,13.76,264.0,TESTR,AKR-TESTR-<MAC6>,0.0,1.0,0.0,100.0
121120,2,walk,walk,10330,,10330.0,20.0,1.0,3.0,7.0,1.71,0.136,-3.797,8.234,34.0,27.55,0.0,20.0,0.0,8.0,14.96,0.27,-0.99,-0.1,-14.2,-29.36,10.72,264.0,TESTR,AKR-TESTR-<MAC6>,0.0,1.0,0.0,100.0
121160,2,walk,walk,10331,,10331.0,20.0,0.0,3.0,7.0,1.27,0.075,-4.265,7.245,34.0,27.76,0.0,19.0,0.0,8.0,14.03,0.25,-1.01,-0.08,-12.49,-28.84,8.69,264.0,TESTR,AKR-TESTR-<MAC6>,0.0,1.0,0.0,100.0
121180,2,walk,walk,10332,,10332.0,20.0,0.0,3.0,7.0,0.88,0.011,-4.047,5.592,34.0,27.93,0.0,19.0,0.0,8.0,13.01,0.24,-1.02,-0.06,-11.13,-26.72,7.72,264.0,TESTR,AKR-TESTR-<MAC6>,0.0,1.0,0.0,100.0
121220,2,walk,walk,10333,,10333.0,20.0,0.0,3.0,7.0,0.54,-0.038,-2.825,3.804,34.0,28.04,0.0,19.0,0.0,8.0,12.02,0.22,-1.03,-0.06,-9.96,-23.36,7.66,264.0,TESTR,AKR-TESTR-<MAC6>,0.0,1.0,0.0,100.0
121220,2,walk,walk,10334,,10334.0,20.0,0.0,3.0,7.0,0.24,-0.071,-1.681,2.302,34.0,28.11,0.0,19.0,0.0,8.0,11.12,0.21,-1.04,-0.06,-8.78,-19.21,8.25,264.0,TESTR,AKR-TESTR-<MAC6>,0.0,1.0,0.0,100.0
121240,2,walk,walk,10335,,10335.0,20.0,0.0,3.0,7.0,0.0,-0.085,-0.483,1.726,34.0,28.11,0.0,19.0,0.0,8.0,10.33,0.19,-1.05,-0.06,-7.49,-14.82,9.18,264.0,TESTR,AKR-TESTR-<MAC6>,0.0,1.0,0.0,100.0
121240,2,walk,walk,10336,,10336.0,20.0,0.0,3.0,7.0,-0.2,-0.088,-0.143,1.694,34.0,28.11,0.0,19.0,0.0,8.0,9.62,0.18,-1.06,-0.07,-6.14,-10.62,10.17,264.0,TESTR,AKR-TESTR-<MAC6>,0.0,1.0,0.0,100.0
121280,2,walk,walk,10337,,10337.0,20.0,0.0,3.0,7.0,-0.36,-0.089,-0.123,1.839,34.0,28.11,0.0,19.0,0.0,8.0,8.95,0.17,-1.06,-0.08,-4.82,-6.92,11.14,264.0,TESTR,AKR-TESTR-<MAC6>,0.0,1.0,0.0,100.0
121300,2,walk,walk,10338,,10338.0,20.0,1.0,3.0,7.0,-0.49,-0.093,-0.288,2.023,34.0,28.07,0.0,20.0,0.0,8.0,8.27,0.15,-1.06,-0.09,-3.64,-3.82,12.09,264.0,TESTR,AKR-TESTR-<MAC6>,0.0,1.0,0.0,100.0
121300,2,walk,walk,10339,,10339.0,20.0,1.0,3.0,7.0,-0.59,-0.101,-0.547,2.13,34.0,28.07,0.0,20.0,0.0,8.0,7.53,0.14,-1.06,-0.1,-2.64,-1.34,13.01,264.0,TESTR,AKR-TESTR-<MAC6>,0.0,1.0,0.0,100.0
121360,2,walk,walk,10340,,10340.0,20.0,1.0,3.0,7.0,-0.66,-0.107,-0.355,1.911,34.0,28.11,0.0,20.0,0.0,8.0,6.69,0.12,-1.05,-0.11,-1.83,0.56,13.8,264.0,TESTR,AKR-TESTR-<MAC6>,0.0,1.0,0.0,100.0
121360,2,walk,walk,10341,,10341.0,20.0,0.0,3.0,7.0,-0.73,-0.11,-0.093,1.73,34.0,28.07,0.0,19.0,0.0,8.0,5.73,0.11,-1.05,-0.11,-1.16,1.96,14.29,264.0,TESTR,AKR-TESTR-<MAC6>,0.0,1.0,0.0,100.0
121380,2,walk,walk,10342,,10342.0,20.0,0.0,3.0,7.0,-0.78,-0.109,0.054,1.823,34.0,28.07,0.0,19.0,0.0,8.0,4.65,0.08,-1.04,-0.12,-0.61,2.95,14.31,264.0,TESTR,AKR-TESTR-<MAC6>,0.0,1.0,0.0,100.0
121400,2,walk,walk,10343,,10343.0,20.0,0.0,3.0,7.0,-0.83,-0.106,0.293,1.762,34.0,28.07,0.0,19.0,0.0,8.0,3.49,0.06,-1.04,-0.13,-0.14,3.61,13.72,264.0,TESTR,AKR-TESTR-<MAC6>,0.0,1.0,0.0,100.0
121440,2,walk,walk,10344,,10344.0,20.0,0.0,3.0,7.0,-0.88,-0.099,0.542,1.605,34.0,28.07,0.0,19.0,0.0,8.0,2.28,0.04,-1.03,-0.14,0.22,3.99,12.43,264.0,TESTR,AKR-TESTR-<MAC6>,0.0,1.0,0.0,100.0
121440,2,walk,walk,10345,,10345.0,20.0,0.0,3.0,7.0,-0.94,-0.089,0.696,1.592,34.0,28.07,0.0,19.0,0.0,8.0,1.1,0.02,-1.02,-0.14,0.48,4.12,10.49,264.0,TESTR,AKR-TESTR-<MAC6>,0.0,1.0,0.0,100.0
121460,2,walk,walk,10346,,10346.0,20.0,0.0,3.0,7.0,-1.0,-0.079,0.681,1.575,34.0,28.11,0.0,19.0,0.0,8.0,-0.01,0.0,-1.02,-0.15,0.64,4.04,8.02,264.0,TESTR,AKR-TESTR-<MAC6>,0.0,1.0,0.0,100.0
121480,2,walk,walk,10347,,10347.0,20.0,0.0,3.0,7.0,-1.07,-0.07,0.531,1.592,34.0,28.07,0.0,19.0,0.0,8.0,-1.01,-0.02,-1.01,-0.15,0.75,3.8,5.19,264.0,TESTR,AKR-TESTR-<MAC6>,0.0,1.0,0.0,100.0
121520,2,walk,walk,10348,,10348.0,20.0,0.0,0.0,1.0,-1.14,-0.062,0.52,1.674,34.0,28.07,0.0,19.0,0.0,8.0,-1.88,-0.03,-1.01,-0.16,0.83,3.47,2.24,264.0,TESTR,AKR-TESTR-<MAC6>,0.0,1.0,0.0,100.0
121520,2,walk,walk,10349,,10349.0,20.0,0.0,0.0,1.0,-1.22,-0.058,0.132,1.357,34.0,28.07,0.0,19.0,0.0,8.0,-2.56,-0.04,-1.0,-0.16,0.93,3.16,-0.49,264.0,TESTR,AKR-TESTR-<MAC6>,0.0,1.0,0.0,100.0
121540,2,walk,walk,10350,,10350.0,20.0,0.0,0.0,1.0,-1.31,-0.072,-1.749,0.0,34.0,28.18,0.0,12.0,0.0,8.0,-3.08,-0.05,-1.0,-0.17,1.06,2.88,-2.86,264.0,TESTR,AKR-TESTR-<MAC6>,0.0,1.0,0.0,100.0
121560,2,walk,walk,10351,,10351.0,20.0,0.0,0.0,1.0,-1.39,-0.07,0.373,0.0,34.0,28.14,0.0,12.0,0.0,8.0,-3.48,-0.06,-1.0,-0.17,1.23,2.62,-4.92,264.0,TESTR,AKR-TESTR-<MAC6>,0.0,1.0,0.0,100.0
121580,2,walk,walk,10352,,10352.0,20.0,0.0,0.0,1.0,-1.47,-0.063,0.33,0.0,34.0,28.18,0.0,12.0,0.0,8.0,-3.77,-0.07,-1.0,-0.17,1.47,2.4,-6.77,264.0,TESTR,AKR-TESTR-<MAC6>,0.0,1.0,0.0,100.0
121600,2,walk,walk,10353,,10353.0,20.0,0.0,0.0,1.0,-1.54,-0.056,0.663,0.0,34.0,28.18,0.0,12.0,0.0,8.0,-3.98,-0.07,-1.0,-0.18,1.79,2.22,-8.48,264.0,TESTR,AKR-TESTR-<MAC6>,0.0,1.0,0.0,100.0
121620,2,walk,walk,10354,,10354.0,20.0,0.0,0.0,1.0,-1.6,-0.045,0.743,0.0,34.0,28.14,0.0,12.0,0.0,8.0,-4.12,-0.07,-0.99,-0.18,2.2,2.09,-10.18,264.0,TESTR,AKR-TESTR-<MAC6>,0.0,1.0,0.0,100.0
121640,2,walk,walk,10355,,10355.0,20.0,0.0,0.0,1.0,-1.65,-0.03,1.299,0.0,34.0,28.18,0.0,12.0,0.0,8.0,-4.2,-0.07,-0.99,-0.18,2.71,1.98,-12.02,264.0,TESTR,AKR-TESTR-<MAC6>,0.0,1.0,0.0,100.0
121660,2,walk,walk,10356,,10356.0,20.0,0.0,0.0,1.0,-1.69,-0.014,0.937,0.0,34.0,28.18,0.0,12.0,0.0,8.0,-4.22,-0.07,-0.99,-0.18,3.3,1.9,-14.09,265.0,TESTR,AKR-TESTR-<MAC6>,0.0,1.0,0.0,100.0
121700,2,walk,walk,10357,,10357.0,20.0,0.0,0.0,1.0,-1.71,0.004,0.962,0.0,34.0,28.14,0.0,12.0,0.0,8.0,-4.16,-0.07,-0.99,-0.18,3.93,1.82,-16.45,265.0,TESTR,AKR-TESTR-<MAC6>,0.0,1.0,0.0,100.0
121700,2,walk,walk,10358,,10358.0,20.0,0.0,0.0,1.0,-1.7,0.015,0.887,0.0,34.0,28.18,0.0,12.0,0.0,8.0,-4.02,-0.07,-0.99,-0.18,4.6,1.73,-19.01,265.0,TESTR,AKR-TESTR-<MAC6>,0.0,1.0,0.0,100.0
121720,2,walk,walk,10359,,10359.0,20.0,0.0,0.0,1.0,-1.68,0.027,0.471,0.0,34.0,28.14,0.0,12.0,0.0,8.0,-3.78,-0.07,-0.99,-0.18,5.3,1.61,-21.65,265.0,TESTR,AKR-TESTR-<MAC6>,0.0,1.0,0.0,100.0
121740,2,walk,walk,10360,,10360.0,20.0,0.0,0.0,1.0,-1.63,0.034,0.591,0.0,34.0,28.14,0.0,12.0,0.0,8.0,-3.45,-0.06,-0.99,-0.18,6.06,1.51,-24.23,265.0,TESTR,AKR-TESTR-<MAC6>,0.0,1.0,0.0,100.0
121760,2,walk,walk,10361,,10361.0,20.0,0.0,0.0,1.0,-1.55,0.045,0.8,0.0,34.0,28.18,0.0,12.0,0.0,8.0,-3.05,-0.05,-0.99,-0.18,6.88,1.44,-26.64,265.0,TESTR,AKR-TESTR-<MAC6>,0.0,1.0,0.0,100.0
121780,2,walk,walk,10362,,10362.0,20.0,0.0,0.0,1.0,-1.45,0.056,0.677,0.0,34.0,28.18,0.0,12.0,0.0,8.0,-2.56,-0.04,-0.99,-0.18,7.76,1.41,-28.84,265.0,TESTR,AKR-TESTR-<MAC6>,0.0,1.0,0.0,100.0
121820,2,walk,walk,10363,,10363.0,20.0,0.0,0.0,1.0,-1.31,0.065,0.719,0.0,34.0,28.14,0.0,12.0,0.0,8.0,-2.01,-0.03,-0.99,-0.18,8.68,1.42,-30.79,265.0,TESTR,AKR-TESTR-<MAC6>,0.0,1.0,0.0,100.0
121840,2,walk,walk,10364,,10364.0,20.0,0.0,0.0,1.0,-1.14,0.074,0.681,0.0,34.0,28.14,0.0,12.0,0.0,8.0,-1.41,-0.02,-1.0,-0.18,9.62,1.45,-32.46,265.0,TESTR,AKR-TESTR-<MAC6>,0.0,1.0,0.0,100.0
121840,2,walk,walk,10365,,10365.0,20.0,0.0,0.0,1.0,-0.94,0.083,0.583,0.0,34.0,28.18,0.0,12.0,0.0,8.0,-0.76,-0.01,-1.0,-0.18,10.58,1.51,-33.85,265.0,TESTR,AKR-TESTR-<MAC6>,0.0,1.0,0.0,100.0
121860,2,walk,walk,10366,,10366.0,20.0,0.0,0.0,1.0,-0.7,0.091,0.648,0.0,34.0,28.18,0.0,12.0,0.0,8.0,-0.08,0.0,-1.0,-0.17,11.55,1.64,-34.96,265.0,TESTR,AKR-TESTR-<MAC6>,0.0,1.0,0.0,100.0
121880,2,walk,walk,10367,,10367.0,20.0,0.0,0.0,1.0,-0.42,0.101,0.598,0.0,34.0,28.18,0.0,12.0,0.0,8.0,0.63,0.01,-1.0,-0.17,12.49,1.86,-35.84,265.0,TESTR,AKR-TESTR-<MAC6>,0.0,1.0,0.0,100.0
121900,2,walk,walk,10368,,10368.0,20.0,0.0,0.0,1.0,-0.1,0.107,0.164,0.0,34.0,28.18,0.0,12.0,0.0,8.0,1.33,0.02,-1.0,-0.17,13.36,2.24,-36.52,265.0,TESTR,AKR-TESTR-<MAC6>,0.0,1.0,0.0,100.0
121920,2,walk,walk,10369,,10369.0,20.0,0.0,0.0,1.0,0.24,0.107,-0.044,0.0,34.0,28.18,0.0,12.0,0.0,8.0,2.01,0.04,-1.0,-0.16,14.17,2.81,-37.0,265.0,TESTR,AKR-TESTR-<MAC6>,0.0,1.0,0.0,100.0
121940,2,walk,walk,10370,,10370.0,20.0,0.0,0.0,1.0,0.63,0.107,-0.091,0.0,34.0,28.14,0.0,12.0,0.0,8.0,2.64,0.05,-1.01,-0.16,14.87,3.52,-37.33,265.0,TESTR,AKR-TESTR-<MAC6>,0.0,1.0,0.0,100.0
121960,2,walk,walk,10371,,10371.0,20.0,0.0,0.0,1.0,1.05,0.104,-0.263,0.0,34.0,28.18,0.0,12.0,0.0,8.0,3.2,0.06,-1.01,-0.16,15.41,4.4,-37.58,265.0,TESTR,AKR-TESTR-<MAC6>,0.0,1.0,0.0,100.0
122000,2,walk,walk,10372,,10372.0,20.0,0.0,0.0,1.0,1.5,0.095,-0.714,0.0,34.0,28.18,0.0,12.0,0.0,8.0,3.68,0.07,-1.02,-0.15,15.73,5.45,-37.78,265.0,TESTR,AKR-TESTR-<MAC6>,0.0,1.0,0.0,100.0
122000,2,walk,walk,10373,,10373.0,20.0,0.0,0.0,1.0,1.97,0.078,-1.291,0.0,34.0,28.14,0.0,12.0,0.0,8.0,4.1,0.07,-1.03,-0.15,15.79,6.75,-37.91,265.0,TESTR,AKR-TESTR-<MAC6>,0.0,1.0,0.0,100.0
122020,2,walk,walk,10374,,10374.0,20.0,0.0,0.0,1.0,2.48,0.059,-1.501,0.0,34.0,28.18,0.0,12.0,0.0,8.0,4.46,0.08,-1.04,-0.14,15.55,8.36,-37.96,265.0,TESTR,AKR-TESTR-<MAC6>,0.0,1.0,0.0,100.0
122040,2,walk,walk,10375,,10375.0,20.0,0.0,0.0,1.0,3.01,0.036,-1.588,0.0,34.0,28.18,0.0,12.0,0.0,8.0,4.8,0.09,-1.05,-0.14,14.94,10.41,-37.89,265.0,TESTR,AKR-TESTR-<MAC6>,0.0,1.0,0.0,100.0
122060,2,walk,walk,10376,,10376.0,20.0,0.0,0.0,1.0,3.56,0.01,-1.761,0.0,34.0,28.18,0.0,12.0,0.0,8.0,5.15,0.1,-1.05,-0.13,13.95,13.0,-37.63,265.0,TESTR,AKR-TESTR-<MAC6>,0.0,1.0,0.0,100.0
122080,2,walk,walk,10377,,10377.0,20.0,0.0,0.0,1.0,4.13,-0.016,-1.644,0.0,34.0,28.18,0.0,12.0,0.0,8.0,5.54,0.1,-1.06,-0.13,12.58,16.2,-37.07,265.0,TESTR,AKR-TESTR-<MAC6>,0.0,1.0,0.0,100.0
122100,2,walk,walk,10378,,10378.0,20.0,0.0,0.0,1.0,4.72,-0.039,-1.451,0.0,34.0,28.18,0.0,12.0,0.0,8.0,5.94,0.11,-1.06,-0.12,10.91,19.99,-36.11,265.0,TESTR,AKR-TESTR-<MAC6>,0.0,1.0,0.0,100.0
122140,2,walk,walk,10379,,10379.0,20.0,0.0,0.0,1.0,5.31,-0.057,-0.777,0.0,34.0,28.18,0.0,12.0,0.0,8.0,6.25,0.12,-1.06,-0.11,9.04,24.4,-34.55,265.0,TESTR,AKR-TESTR-<MAC6>,0.0,1.0,0.0,100.0
122140,2,walk,walk,10380,,10380.0,20.0,0.0,0.0,1.0,5.92,-0.062,0.093,0.0,34.0,28.18,0.0,12.0,0.0,8.0,6.25,0.11,-1.05,-0.11,7.04,29.45,-31.91,265.0,TESTR,AKR-TESTR-<MAC6>,0.0,1.0,0.0,100.0
122160,2,walk,walk,10381,,10381.0,20.0,0.0,0.0,1.0,6.53,-0.061,0.206,0.0,34.0,28.18,0.0,12.0,0.0,8.0,5.75,0.1,-1.04,-0.1,4.91,35.03,-27.66,265.0,TESTR,AKR-TESTR-<MAC6>,0.0,1.0,0.0,100.0
122180,2,walk,walk,10382,,10382.0,20.0,0.0,0.0,1.0,7.14,-0.057,0.387,0.0,34.0,28.18,0.0,12.0,0.0,8.0,4.6,0.08,-1.02,-0.1,2.71,40.84,-21.57,265.0,TESTR,AKR-TESTR-<MAC6>,0.0,1.0,0.0,100.0
122200,2,walk,walk,10383,,10383.0,20.0,0.0,0.0,1.0,7.74,-0.05,0.5,0.0,34.0,28.18,0.0,12.0,0.0,8.0,2.82,0.05,-1.01,-0.1,0.55,46.27,-13.83,265.0,TESTR,AKR-TESTR-<MAC6>,0.0,1.0,0.0,100.0
122200,2,walk,walk,10384,,10384.0,20.0,0.0,0.0,1.0,8.33,-0.047,0.064,0.0,34.0,28.18,0.0,12.0,0.0,8.0,0.55,0.01,-1.01,-0.1,-1.47,50.57,-4.95,265.0,TESTR,AKR-TESTR-<MAC6>,0.0,1.0,0.0,100.0
122240,2,walk,walk,10385,,10385.0,20.0,2.0,0.0,1.0,8.88,-0.047,-0.056,0.0,34.0,28.18,0.0,14.0,0.0,8.0,-1.97,-0.03,-1.0,-0.1,-3.27,53.03,4.41,265.0,TESTR,AKR-TESTR-<MAC6>,0.0,1.0,0.0,100.0
122260,2,walk,walk,10386,,10386.0,20.0,2.0,0.0,1.0,9.39,-0.046,0.001,0.0,34.0,28.18,0.0,14.0,0.0,8.0,-4.45,-0.08,-1.0,-0.11,-4.85,53.12,13.58,265.0,TESTR,AKR-TESTR-<MAC6>,0.0,1.0,0.0,100.0
122280,2,walk,walk,10387,,10387.0,20.0,2.0,0.0,1.0,9.85,-0.046,0.069,0.0,34.0,28.18,0.0,14.0,0.0,8.0,-6.63,-0.12,-1.0,-0.11,-6.2,50.61,22.03,265.0,TESTR,AKR-TESTR-<MAC6>,0.0,1.0,0.0,100.0
122320,2,walk,walk,10388,,10388.0,20.0,2.0,0.0,1.0,10.24,-0.045,0.146,0.0,34.0,28.18,0.0,14.0,0.0,8.0,-8.33,-0.15,-1.01,-0.12,-7.29,45.67,29.42,265.0,TESTR,AKR-TESTR-<MAC6>,0.0,1.0,0.0,100.0
122320,2,walk,walk,10389,,10389.0,20.0,2.0,0.0,1.0,10.54,-0.042,0.253,0.0,34.0,28.14,0.0,14.0,0.0,8.0,-9.47,-0.17,-1.01,-0.13,-8.13,38.76,35.63,265.0,TESTR,AKR-TESTR-<MAC6>,0.0,1.0,0.0,100.0
122340,2,walk,walk,10390,,10390.0,20.0,2.0,0.0,1.0,10.75,-0.037,0.387,0.0,34.0,28.18,0.0,14.0,0.0,8.0,-10.03,-0.18,-1.02,-0.14,-8.75,30.55,40.66,265.0,TESTR,AKR-TESTR-<MAC6>,0.0,1.0,0.0,100.0
122360,2,walk,walk,10391,,10391.0,20.0,2.0,0.0,1.0,10.84,-0.03,0.6,0.0,34.0,28.18,0.0,14.0,0.0,8.0,-10.05,-0.18,-1.03,-0.14,-9.22,21.84,44.59,265.0,TESTR,AKR-TESTR-<MAC6>,0.0,1.0,0.0,100.0
122380,2,walk,walk,10392,,10392.0,20.0,2.0,6.0,2.0,10.83,-0.023,0.292,0.0,34.0,28.14,0.0,14.0,0.0,8.0,-9.63,-0.18,-1.04,-0.15,-9.61,13.38,47.62,265.0,TESTR,AKR-TESTR-<MAC6>,0.0,1.0,0.0,100.0
122400,2,walk,walk,10393,,10393.0,20.0,0.0,6.0,2.0,10.69,-0.022,0.127,-0.031,34.0,28.14,0.0,17.0,0.0,8.0,-8.85,-0.16,-1.04,-0.16,-10.0,5.73,49.9,265.0,TESTR,AKR-TESTR-<MAC6>,0.0,1.0,0.0,100.0
122420,2,walk,walk,10394,,10394.0,20.0,0.0,6.0,2.0,10.44,-0.012,0.559,0.053,34.0,28.14,0.0,17.0,0.0,8.0,-7.83,-0.14,-1.05,-0.17,-10.44,-0.82,51.58,265.0,TESTR,AKR-TESTR-<MAC6>,0.0,1.0,0.0,100.0
122440,2,walk,walk,10395,,10395.0,20.0,0.0,6.0,2.0,10.08,-0.006,0.25,0.016,34.0,28.14,0.0,17.0,0.0,8.0,-6.66,-0.12,-1.05,-0.17,-10.98,-6.18,52.79,265.0,TESTR,AKR-TESTR-<MAC6>,0.0,1.0,0.0,100.0
122480,2,walk,walk,10396,,10396.0,20.0,1.0,6.0,2.0,9.6,-0.004,0.159,0.113,34.0,28.14,0.0,18.0,0.0,8.0,-5.42,-0.1,-1.05,-0.18,-11.63,-10.47,53.63,265.0,TESTR,AKR-TESTR-<MAC6>,0.0,1.0,0.0,100.0
122480,2,walk,walk,10397,,10397.0,20.0,1.0,6.0,2.0,9.03,-0.002,0.093,0.084,34.0,28.14,0.0,18.0,0.0,8.0,-4.15,-0.08,-1.05,-0.18,-12.39,-13.88,54.15,265.0,TESTR,AKR-TESTR-<MAC6>,0.0,1.0,0.0,100.0
122500,2,walk,walk,10398,,10398.0,20.0,1.0,6.0,2.0,8.36,-0.002,0.034,0.089,34.0,28.14,0.0,18.0,0.0,8.0,-2.89,-0.05,-1.05,-0.18,-13.27,-16.58,54.36,265.0,TESTR,AKR-TESTR-<MAC6>,0.0,1.0,0.0,100.0
122520,2,walk,walk,10399,,10399.0,20.0,1.0,6.0,2.0,7.61,-0.002,-0.011,0.182,34.0,28.14,0.0,18.0,0.0,8.0,-1.64,-0.03,-1.04,-0.18,-14.26,-18.67,54.25,265.0,TESTR,AKR-TESTR-<MAC6>,0.0,1.0,0.0,100.0
122560,2,walk,walk,10400,,10400.0,20.0,1.0,6.0,2.0,6.8,-0.001,0.041,0.132,34.0,28.14,0.0,18.0,0.0,8.0,-0.41,-0.01,-1.03,-0.18,-15.34,-20.22,53.79,265.0,TESTR,AKR-TESTR-<MAC6>,0.0,1.0,0.0,100.0
122560,2,walk,walk,10401,,10401.0,20.0,1.0,6.0,2.0,5.93,-0.001,-0.022,0.122,34.0,28.14,0.0,18.0,0.0,8.0,0.8,0.01,-1.03,-0.18,-16.45,-21.22,52.95,265.0,TESTR,AKR-TESTR-<MAC6>,0.0,1.0,0.0,100.0
122560,2,walk,walk,10402,,10402.0,20.0,1.0,6.0,2.0,5.01,-0.001,-0.05,0.155,34.0,28.14,0.0,18.0,0.0,8.0,1.98,0.04,-1.02,-0.17,-17.55,-21.7,51.7,265.0,TESTR,AKR-TESTR-<MAC6>,0.0,1.0,0.0,100.0
122620,2,walk,walk,10403,,10403.0,20.0,1.0,6.0,2.0,4.07,-0.002,-0.034,0.183,34.0,28.14,0.0,18.0,0.0,8.0,3.12,0.05,-1.01,-0.17,-18.59,-21.67,50.0,265.0,TESTR,AKR-TESTR-<MAC6>,0.0,1.0,0.0,100.0
122620,2,walk,walk,10404,,10404.0,20.0,1.0,6.0,2.0,3.1,-0.002,-0.023,0.121,34.0,28.14,0.0,18.0,0.0,8.0,4.21,0.07,-1.0,-0.16,-19.51,-21.23,47.82,265.0,TESTR,AKR-TESTR-<MAC6>,0.0,1.0,0.0,100.0
122640,2,walk,walk,10405,,10405.0,20.0,1.0,6.0,2.0,2.13,-0.002,0.034,0.23,34.0,28.14,0.0,18.0,0.0,8.0,5.21,0.09,-0.99,-0.16,-20.27,-20.5,45.13,265.0,TESTR,AKR-TESTR-<MAC6>,0.0,1.0,0.0,100.0
122660,2,walk,walk,10406,,10406.0,20.0,1.0,6.0,2.0,1.15,-0.002,-0.001,0.221,34.0,28.14,0.0,18.0,0.0,8.0,6.12,0.1,-0.98,-0.15,-20.86,-19.63,41.93,265.0,TESTR,AKR-TESTR-<MAC6>,0.0,1.0,0.0,100.0
122680,2,walk,walk,10407,,10407.0,20.0,1.0,6.0,2.0,0.19,-0.002,-0.036,0.353,34.0,28.14,0.0,18.0,0.0,8.0,6.92,0.12,-0.96,-0.14,-21.28,-18.74,38.23,265.0,TESTR,AKR-TESTR-<MAC6>,0.0,1.0,0.0,100.0
122700,2,walk,walk,10408,,10408.0,20.0,1.0,6.0,2.0,-0.75,-0.004,-0.025,0.499,34.0,28.14,0.0,18.0,0.0,8.0,7.61,0.13,-0.95,-0.14,-21.54,-17.91,34.07,265.0,TESTR,AKR-TESTR-<MAC6>,0.0,1.0,0.0,100.0
122720,2,walk,walk,10409,,10409.0,20.0,1.0,6.0,2.0,-1.66,-0.004,-0.124,0.569,34.0,28.14,0.0,18.0,0.0,8.0,8.18,0.14,-0.94,-0.13,-21.69,-17.21,29.53,265.0,TESTR,AKR-TESTR-<MAC6>,0.0,1.0,0.0,100.0
122740,2,walk,walk,10410,,10410.0,20.0,1.0,6.0,2.0,-2.53,-0.005,0.021,0.708,34.0,28.14,0.0,18.0,0.0,8.0,8.65,0.14,-0.93,-0.13,-21.79,-16.57,24.75,266.0,TESTR,AKR-TESTR-<MAC6>,0.0,1.0,0.0,100.0
122780,2,walk,walk,10411,,10411.0,20.0,1.0,6.0,2.0,-3.35,-0.006,0.036,0.846,34.0,28.14,0.0,18.0,0.0,8.0,8.94,0.15,-0.93,-0.13,-21.9,-15.96,19.88,266.0,TESTR,AKR-TESTR-<MAC6>,0.0,1.0,0.0,100.0
122780,2,walk,walk,10412,,10412.0,20.0,1.0,6.0,2.0,-4.12,-0.01,-0.706,1.698,34.0,28.11,0.0,18.0,0.0,8.0,8.78,0.14,-0.93,-0.13,-21.92,-15.52,15.12,266.0,TESTR,AKR-TESTR-<MAC6>,0.0,1.0,0.0,100.0
122800,2,walk,walk,10413,,10413.0,20.0,1.0,6.0,2.0,-4.82,-0.023,-0.92,3.309,34.0,28.0,0.0,18.0,0.0,8.0,8.1,0.13,-0.94,-0.12,-21.48,-15.72,10.51,266.0,TESTR,AKR-TESTR-<MAC6>,0.0,1.0,0.0,100.0
122820,2,walk,walk,10414,,10414.0,20.0,1.0,6.0,2.0,-5.46,-0.035,-0.852,4.934,34.0,27.79,0.0,18.0,0.0,8.0,7.0,0.12,-0.95,-0.12,-20.53,-16.45,6.13,266.0,TESTR,AKR-TESTR-<MAC6>,0.0,1.0,0.0,100.0
122840,2,walk,walk,10415,,10415.0,20.0,1.0,6.0,2.0,-6.03,-0.05,-0.632,6.512,34.0,27.47,0.0,18.0,0.0,8.0,5.66,0.1,-0.97,-0.11,-19.14,-17.36,1.98,266.0,TESTR,AKR-TESTR-<MAC6>,0.0,1.0,0.0,100.0
122860,2,walk,walk,10416,,10416.0,20.0,1.0,6.0,2.0,-6.53,-0.056,-0.226,6.949,34.0,27.37,0.0,18.0,0.0,8.0,4.29,0.07,-0.99,-0.1,-17.54,-18.1,-1.92,266.0,TESTR,AKR-TESTR-<MAC6>,0.0,1.0,0.0,100.0
122880,2,walk,walk,10417,,10417.0,20.0,1.0,6.0,2.0,-6.95,-0.057,0.023,6.841,34.0,27.37,0.0,18.0,0.0,8.0,3.05,0.05,-1.01,-0.09,-15.95,-18.43,-5.56,266.0,TESTR,AKR-TESTR-<MAC6>,0.0,1.0,0.0,100.0
122920,2,walk,walk,10418,,10418.0,20.0,1.0,6.0,2.0,-7.29,-0.056,0.104,6.709,34.0,27.37,0.0,18.0,0.0,8.0,2.0,0.04,-1.03,-0.08,-14.49,-18.22,-8.88,266.0,TESTR,AKR-TESTR-<MAC6>,0.0,1.0,0.0,100.0
122920,2,walk,walk,10419,,10419.0,20.0,1.0,6.0,2.0,-7.56,-0.054,0.143,6.451,34.0,27.44,0.0,18.0,0.0,8.0,1.15,0.02,-1.05,-0.07,-13.19,-17.52,-11.8,266.0,TESTR,AKR-TESTR-<MAC6>,0.0,1.0,0.0,100.0
122940,2,walk,walk,10420,,10420.0,20.0,1.0,6.0,2.0,-7.76,-0.053,0.076,6.351,34.0,27.44,0.0,18.0,0.0,8.0,0.46,0.01,-1.06,-0.07,-11.97,-16.44,-14.23,266.0,TESTR,AKR-TESTR-<MAC6>,0.0,1.0,0.0,100.0
122960,2,walk,walk,10421,,10421.0,20.0,1.0,6.0,2.0,-7.88,-0.053,0.009,6.411,34.0,27.44,0.0,18.0,0.0,8.0,-0.07,0.0,-1.07,-0.08,-10.74,-15.15,-16.08,266.0,TESTR,AKR-TESTR-<MAC6>,0.0,1.0,0.0,100.0
122980,2,walk,walk,10422,,10422.0,20.0,1.0,6.0,2.0,-7.94,-0.053,-0.022,6.429,34.0,27.44,0.0,18.0,0.0,8.0,-0.49,-0.01,-1.08,-0.08,-9.46,-13.79,-17.28,266.0,TESTR,AKR-TESTR-<MAC6>,0.0,1.0,0.0,100.0
122980,2,walk,walk,10423,,10423.0,20.0,1.0,6.0,2.0,-7.94,-0.054,-0.06,6.5,34.0,27.4,0.0,18.0,0.0,8.0,-0.83,-0.02,-1.08,-0.09,-8.12,-12.48,-17.77,266.0,TESTR,AKR-TESTR-<MAC6>,0.0,1.0,0.0,100.0
123040,2,walk,walk,10424,,10424.0,20.0,1.0,6.0,2.0,-7.88,-0.054,0.007,6.666,34.0,27.4,0.0,18.0,0.0,8.0,-1.13,-0.02,-1.08,-0.1,-6.78,-11.25,-17.6,266.0,TESTR,AKR-TESTR-<MAC6>,0.0,1.0,0.0,100.0
123060,2,walk,walk,10425,,10425.0,20.0,1.0,6.0,2.0,-7.77,-0.055,-0.073,6.698,34.0,27.4,0.0,18.0,0.0,8.0,-1.44,-0.03,-1.07,-0.11,-5.55,-10.1,-16.89,266.0,TESTR,AKR-TESTR-<MAC6>,0.0,1.0,0.0,100.0
123060,2,walk,walk,10426,,10426.0,20.0,1.0,6.0,2.0,-7.6,-0.055,0.034,6.657,34.0,27.4,0.0,18.0,0.0,8.0,-1.82,-0.03,-1.07,-0.12,-4.52,-8.98,-15.89,266.0,TESTR,AKR-TESTR-<MAC6>,0.0,1.0,0.0,100.0
123080,2,walk,walk,10427,,10427.0,20.0,1.0,6.0,2.0,-7.4,-0.054,0.162,6.285,34.0,27.44,0.0,18.0,0.0,8.0,-2.26,-0.04,-1.06,-0.13,-3.71,-7.85,-14.91,266.0,TESTR,AKR-TESTR-<MAC6>,0.0,1.0,0.0,100.0
123100,2,walk,walk,10428,,10428.0,20.0,1.0,6.0,2.0,-7.17,-0.048,0.495,5.495,34.0,27.58,0.0,18.0,0.0,8.0,-2.75,-0.05,-1.05,-0.13,-3.11,-6.67,-14.2,266.0,TESTR,AKR-TESTR-<MAC6>,0.0,1.0,0.0,100.0
123120,2,walk,walk,10429,,10429.0,20.0,1.0,6.0,2.0,-6.91,-0.043,0.408,4.972,34.0,27.72,0.0,18.0,0.0,8.0,-3.24,-0.06,-1.05,-0.14,-2.63,-5.44,-13.91,266.0,TESTR,AKR-TESTR-<MAC6>,0.0,1.0,0.0,100.0
123160,2,walk,walk,10430,,10430.0,20.0,1.0,6.0,2.0,-6.62,-0.038,0.241,4.337,34.0,27.79,0.0,18.0,0.0,8.0,-3.69,-0.07,-1.04,-0.15,-2.22,-4.2,-14.07,266.0,TESTR,AKR-TESTR-<MAC6>,0.0,1.0,0.0,100.0
123160,2,walk,walk,10431,,10431.0,20.0,1.0,6.0,2.0,-6.32,-0.033,0.297,3.694,34.0,27.86,0.0,18.0,0.0,8.0,-4.07,-0.07,-1.03,-0.16,-1.8,-3.01,-14.6,266.0,TESTR,AKR-TESTR-<MAC6>,0.0,1.0,0.0,100.0
123180,2,walk,walk,10432,,10432.0,20.0,1.0,6.0,2.0,-6.01,-0.03,0.261,3.283,34.0,27.93,0.0,18.0,0.0,8.0,-4.35,-0.08,-1.03,-0.16,-1.34,-1.91,-15.4,266.0,TESTR,AKR-TESTR-<MAC6>,0.0,1.0,0.0,100.0
123200,2,walk,walk,10433,,10433.0,20.0,1.0,6.0,2.0,-5.7,-0.026,0.174,2.921,34.0,27.97,0.0,18.0,0.0,8.0,-4.52,-0.08,-1.02,-0.17,-0.83,-0.9,-16.34,266.0,TESTR,AKR-TESTR-<MAC6>,0.0,1.0,0.0,100.0
123220,2,walk,walk,10434,,10434.0,20.0,1.0,6.0,2.0,-5.38,-0.023,0.245,2.623,34.0,28.0,0.0,18.0,0.0,8.0,-4.58,-0.08,-1.02,-0.18,-0.27,0.02,-17.33,266.0,TESTR,AKR-TESTR-<MAC6>,0.0,1.0,0.0,100.0
123260,2,walk,walk,10435,,10435.0,20.0,1.0,6.0,2.0,-5.06,-0.02,0.228,2.207,34.0,28.04,0.0,18.0,0.0,8.0,-4.55,-0.08,-1.01,-0.18,0.34,0.85,-18.3,266.0,TESTR,AKR-TESTR-<MAC6>,0.0,1.0,0.0,100.0
123280,2,walk,walk,10436,,10436.0,20.0,1.0,6.0,2.0,-4.74,-0.016,0.181,1.797,34.0,28.07,0.0,18.0,0.0,8.0,-4.43,-0.08,-1.01,-0.19,1.0,1.63,-19.21,266.0,TESTR,AKR-TESTR-<MAC6>,0.0,1.0,0.0,100.0
123280,2,walk,walk,10437,,10437.0,20.0,1.0,6.0,2.0,-4.43,-0.013,0.271,1.369,34.0,28.11,0.0,18.0,0.0,8.0,-4.23,-0.07,-1.0,-0.19,1.73,2.37,-20.05,266.0,TESTR,AKR-TESTR-<MAC6>,0.0,1.0,0.0,100.0
123300,2,walk,walk,10438,,10438.0,20.0,1.0,6.0,2.0,-4.11,-0.009,0.323,0.878,34.0,28.11,0.0,18.0,0.0,8.0,-3.97,-0.07,-1.0,-0.19,2.52,3.08,-20.8,266.0,TESTR,AKR-TESTR-<MAC6>,0.0,1.0,0.0,100.0
123320,2,walk,walk,10439,,10439.0,20.0,1.0,6.0,2.0,-3.79,-0.005,0.256,0.292,34.0,28.14,0.0,18.0,0.0,8.0,-3.65,-0.06,-1.0,-0.19,3.36,3.79,-21.48,266.0,TESTR,AKR-TESTR-<MAC6>,0.0,1.0,0.0,100.0
123340,2,walk,walk,10440,,10440.0,20.0,1.0,6.0,2.0,-3.48,-0.001,0.185,-0.179,34.0,28.14,0.0,18.0,0.0,8.0,-3.3,-0.06,-1.0,-0.19,4.25,4.47,-22.1,266.0,TESTR,AKR-TESTR-<MAC6>,0.0,1.0,0.0,100.0
123340,2,walk,walk,10441,,10441.0,20.0,1.0,6.0,2.0,-3.16,0.002,0.202,-0.615,34.0,28.14,0.0,18.0,0.0,8.0,-2.92,-0.05,-1.0,-0.19,5.17,5.11,-22.67,266.0,TESTR,AKR-TESTR-<MAC6>,0.0,1.0,0.0,100.0
123380,2,walk,walk,10442,,10442.0,20.0,1.0,6.0,2.0,-2.84,0.004,0.146,-0.939,34.0,28.11,0.0,18.0,0.0,8.0,-2.5,-0.04,-1.0,-0.19,6.1,5.7,-23.15,266.0,TESTR,AKR-TESTR-<MAC6>,0.0,1.0,0.0,100.0
123400,2,walk,walk,10443,,10443.0,20.0,1.0,6.0,2.0,-2.51,0.007,0.203,-1.196,34.0,28.14,0.0,18.0,0.0,8.0,-2.05,-0.04,-1.0,-0.19,7.03,6.2,-23.54,266.0,TESTR,AKR-TESTR-<MAC6>,0.0,1.0,0.0,100.0
123440,2,walk,walk,10444,,10444.0,20.0,1.0,6.0,2.0,-2.18,0.01,0.045,-1.37,34.0,28.11,0.0,18.0,0.0,8.0,-1.58,-0.03,-1.0,-0.19,7.99,6.57,-23.8,266.0,TESTR,AKR-TESTR-<MAC6>,0.0,1.0,0.0,100.0
123440,2,walk,walk,10445,,10445.0,20.0,1.0,6.0,2.0,-1.85,0.011,0.05,-1.45,34.0,28.11,0.0,18.0,0.0,8.0,-1.08,-0.02,-1.0,-0.19,8.99,6.83,-23.9,266.0,TESTR,AKR-TESTR-<MAC6>,0.0,1.0,0.0,100.0
123480,2,walk,walk,10446,,10446.0,20.0,1.0,6.0,2.0,-1.51,0.012,0.03,-1.537,34.0,28.11,0.0,18.0,0.0,8.0,-0.58,-0.01,-1.0,-0.19,10.06,6.99,-23.85,266.0,TESTR,AKR-TESTR-<MAC6>,0.0,1.0,0.0,100.0
123480,2,walk,walk,10447,,10447.0,20.0,1.0,6.0,2.0,-1.16,0.013,0.096,-1.708,34.0,28.11,0.0,18.0,0.0,8.0,-0.09,0.0,-1.0,-0.18,11.18,7.12,-23.72,266.0,TESTR,AKR-TESTR-<MAC6>,0.0,1.0,0.0,100.0
123500,2,walk,walk,10448,,10448.0,20.0,1.0,6.0,2.0,-0.8,0.014,0.036,-1.864,34.0,28.07,0.0,18.0,0.0,8.0,0.37,0.01,-1.0,-0.18,12.32,7.3,-23.58,266.0,TESTR,AKR-TESTR-<MAC6>,0.0,1.0,0.0,100.0
123520,2,walk,walk,10449,,10449.0,20.0,1.0,6.0,2.0,-0.44,0.015,0.013,-1.988,34.0,28.07,0.0,18.0,0.0,8.0,0.79,0.01,-1.0,-0.18,13.46,7.67,-23.54,266.0,TESTR,AKR-TESTR-<MAC6>,0.0,1.0,0.0,100.0
123540,2,walk,walk,10450,,10450.0,20.0,1.0,6.0,2.0,-0.07,0.016,-0.006,-2.029,34.0,28.07,0.0,18.0,0.0,8.0,1.15,0.02,-1.0,-0.18,14.55,8.29,-23.7,266.0,TESTR,AKR-TESTR-<MAC6>,0.0,1.0,0.0,100.0
123580,2,walk,walk,10451,,10451.0,20.0,1.0,6.0,2.0,0.3,0.016,-0.01,-1.994,34.0,28.07,0.0,18.0,0.0,8.0,1.47,0.03,-1.01,-0.18,15.54,9.16,-24.16,266.0,TESTR,AKR-TESTR-<MAC6>,0.0,1.0,0.0,100.0
123600,2,walk,walk,10452,,10452.0,20.0,1.0,6.0,2.0,0.68,0.015,-0.062,-1.857,34.0,28.07,0.0,18.0,0.0,8.0,1.73,0.03,-1.01,-0.18,16.35,10.21,-24.95,266.0,TESTR,AKR-TESTR-<MAC6>,0.0,1.0,0.0,100.0
123600,2,walk,walk,10453,,10453.0,20.0,1.0,6.0,2.0,1.07,0.013,-0.15,-1.522,34.0,28.11,0.0,18.0,0.0,8.0,1.94,0.03,-1.02,-0.17,16.95,11.34,-26.1,266.0,TESTR,AKR-TESTR-<MAC6>,0.0,1.0,0.0,100.0
123620,2,walk,walk,10454,,10454.0,20.0,1.0,6.0,2.0,1.46,0.01,-0.314,-1.021,34.0,28.11,0.0,18.0,0.0,8.0,2.12,0.04,-1.03,-0.17,17.31,12.44,-27.63,266.0,TESTR,AKR-TESTR-<MAC6>,0.0,1.0,0.0,100.0
123640,2,walk,walk,10455,,10455.0,20.0,1.0,6.0,2.0,1.85,0.005,-0.305,-0.474,34.0,28.14,0.0,18.0,0.0,8.0,2.26,0.04,-1.04,-0.16,17.41,13.43,-29.55,266.0,TESTR,AKR-TESTR-<MAC6>,0.0,1.0,0.0,100.0
123660,2,walk,walk,10456,,10456.0,20.0,1.0,6.0,2.0,2.26,0.002,-0.173,-0.006,34.0,28.14,0.0,18.0,0.0,8.0,2.43,0.04,-1.04,-0.15,17.22,14.33,-31.82,266.0,TESTR,AKR-TESTR-<MAC6>,0.0,1.0,0.0,100.0
123680,2,walk,walk,10457,,10457.0,20.0,1.0,6.0,2.0,2.67,-0.001,-0.233,0.398,34.0,28.11,0.0,18.0,0.0,8.0,2.65,0.05,-1.05,-0.15,16.68,15.26,-34.35,266.0,TESTR,AKR-TESTR-<MAC6>,0.0,1.0,0.0,100.0
123700,2,walk,walk,10458,,10458.0,20.0,1.0,6.0,2.0,3.09,-0.003,-0.225,0.713,34.0,28.14,0.0,18.0,0.0,8.0,2.99,0.05,-1.05,-0.14,15.77,16.4,-36.94,266.0,TESTR,AKR-TESTR-<MAC6>,0.0,1.0,0.0,100.0
123720,2,walk,walk,10459,,10459.0,20.0,1.0,6.0,2.0,3.52,-0.006,-0.202,0.997,34.0,28.14,0.0,18.0,0.0,8.0,3.44,0.06,-1.05,-0.13,14.45,17.99,-39.33,267.0,TESTR,AKR-TESTR-<MAC6>,0.0,1.0,0.0,100.0
123760,2,walk,walk,10460,,10460.0,20.0,1.0,6.0,2.0,3.97,-0.01,-0.248,1.301,34.0,28.11,0.0,18.0,0.0,8.0,3.94,0.07,-1.05,-0.12,12.76,20.33,-41.13,267.0,TESTR,AKR-TESTR-<MAC6>,0.0,1.0,0.0,100.0
123760,2,walk,walk,10461,,10461.0,20.0,1.0,6.0,2.0,4.44,-0.011,-0.028,1.286,34.0,28.11,0.0,18.0,0.0,8.0,4.32,0.08,-1.04,-0.12,10.71,23.92,-41.6,267.0,TESTR,AKR-TESTR-<MAC6>,0.0,1.0,0.0,100.0
123780,2,walk,walk,10462,,10462.0,20.0,0.0,6.0,2.0,4.92,-0.011,0.073,1.205,34.0,28.11,0.0,17.0,0.0,8.0,4.32,0.08,-1.03,-0.11,8.33,29.21,-39.86,267.0,TESTR,AKR-TESTR-<MAC6>,0.0,1.0,0.0,100.0
123800,2,walk,walk,10463,,10463.0,20.0,1.0,6.0,2.0,5.42,-0.009,0.054,1.001,34.0,28.11,0.0,18.0,0.0,8.0,3.74,0.07,-1.02,-0.11,5.7,36.18,-35.36,267.0,TESTR,AKR-TESTR-<MAC6>,0.0,1.0,0.0,100.0
123820,2,walk,walk,10464,,10464.0,20.0,1.0,6.0,2.0,5.94,-0.007,0.073,0.819,34.0,28.14,0.0,18.0,0.0,8.0,2.46,0.04,-1.01,-0.11,2.93,44.21,-28.14,267.0,TESTR,AKR-TESTR-<MAC6>,0.0,1.0,0.0,100.0
123840,2,walk,walk,10465,,10465.0,20.0,1.0,1.0,5.0,6.46,-0.006,0.068,0.637,34.0,28.14,0.0,18.0,0.0,9.0,0.54,0.01,-1.01,-0.11,0.15,52.18,-18.76,267.0,TESTR,AKR-TESTR-<MAC6>,0.0,1.0,0.0,100.0
123860,2,walk,walk,10466,,10466.0,20.0,0.0,1.0,5.0,6.99,-0.006,0.048,0.658,34.0,28.04,0.0,19.0,0.0,9.0,-1.81,-0.03,-1.0,-0.12,-2.5,58.62,-8.53,267.0,TESTR,AKR-TESTR-<MAC6>,0.0,1.0,0.0,100.0
123880,2,walk,walk,10467,,10467.0,20.0,0.0,1.0,6.0,7.51,0.032,3.39,1.639,34.0,28.0,0.0,19.0,0.0,9.0,-4.32,-0.08,-1.0,-0.12,-4.9,62.17,1.35,267.0,TESTR,AKR-TESTR-<MAC6>,0.0,1.0,0.0,100.0
123920,2,walk,walk,10468,,10468.0,20.0,0.0,1.0,6.0,8.0,0.08,2.958,2.09,34.0,27.97,0.0,19.0,0.0,9.0,-6.69,-0.12,-1.0,-0.13,-6.96,62.05,10.05,267.0,TESTR,AKR-TESTR-<MAC6>,0.0,1.0,0.0,100.0
123920,2,walk,walk,10469,,10469.0,20.0,0.0,1.0,6.0,8.46,0.118,2.329,2.699,34.0,27.9,0.0,19.0,0.0,9.0,-8.7,-0.15,-1.0,-0.14,-8.61,58.14,17.12,267.0,TESTR,AKR-TESTR-<MAC6>,0.0,1.0,0.0,100.0
123940,2,walk,walk,10470,,10470.0,20.0,0.0,1.0,6.0,8.85,0.151,2.001,2.85,34.0,27.9,0.0,19.0,0.0,9.0,-10.15,-0.18,-1.0,-0.15,-9.84,50.79,22.46,267.0,TESTR,AKR-TESTR-<MAC6>,0.0,1.0,0.0,100.0
123960,2,walk,walk,10471,,10471.0,20.0,0.0,1.0,6.0,9.17,0.178,1.691,3.377,34.0,27.86,0.0,19.0,0.0,9.0,-10.94,-0.19,-1.0,-0.16,-10.6,40.84,26.26,267.0,TESTR,AKR-TESTR-<MAC6>,0.0,1.0,0.0,100.0
123980,2,walk,walk,10472,,10472.0,20.0,0.0,1.0,6.0,9.41,0.201,1.486,3.385,34.0,27.86,0.0,19.0,0.0,9.0,-11.06,-0.2,-1.01,-0.17,-10.93,29.48,28.87,267.0,TESTR,AKR-TESTR-<MAC6>,0.0,1.0,0.0,100.0
124000,2,walk,walk,10473,,10473.0,20.0,0.0,1.0,6.0,9.55,0.22,1.108,3.678,34.0,27.83,0.0,19.0,0.0,9.0,-10.56,-0.19,-1.02,-0.17,-10.93,17.91,30.71,267.0,TESTR,AKR-TESTR-<MAC6>,0.0,1.0,0.0,100.0
124020,2,walk,walk,10474,,10474.0,20.0,0.0,1.0,6.0,9.59,0.236,0.994,3.632,34.0,27.86,0.0,19.0,0.0,9.0,-9.56,-0.17,-1.03,-0.18,-10.73,7.2,32.17,267.0,TESTR,AKR-TESTR-<MAC6>,0.0,1.0,0.0,100.0
124060,2,walk,walk,10475,,10475.0,20.0,0.0,1.0,6.0,9.53,0.25,0.974,3.74,34.0,27.83,0.0,19.0,0.0,9.0,-8.18,-0.15,-1.04,-0.18,-10.53,-1.93,33.52,267.0,TESTR,AKR-TESTR-<MAC6>,0.0,1.0,0.0,100.0
124060,2,walk,walk,10476,,10476.0,20.0,0.0,1.0,6.0,9.37,0.261,0.566,4.036,34.0,27.83,0.0,19.0,0.0,9.0,-6.55,-0.12,-1.04,-0.19,-10.52,-9.09,34.91,267.0,TESTR,AKR-TESTR-<MAC6>,0.0,1.0,0.0,100.0
124060,2,walk,walk,10477,,10477.0,20.0,0.0,1.0,6.0,9.11,0.269,0.502,4.295,34.0,27.79,0.0,19.0,0.0,9.0,-4.78,-0.09,-1.05,-0.19,-10.85,-14.32,36.38,267.0,TESTR,AKR-TESTR-<MAC6>,0.0,1.0,0.0,100.0
124100,2,walk,walk,10478,,10478.0,20.0,0.0,1.0,6.0,8.76,0.275,0.31,4.432,34.0,27.79,0.0,19.0,0.0,9.0,-2.94,-0.05,-1.05,-0.2,-11.55,-17.92,37.91,267.0,TESTR,AKR-TESTR-<MAC6>,0.0,1.0,0.0,100.0
124120,2,walk,walk,10479,,10479.0,20.0,0.0,1.0,6.0,8.34,0.281,0.338,4.329,34.0,27.79,0.0,19.0,0.0,9.0,-1.08,-0.02,-1.05,-0.2,-12.61,-20.31,39.39,267.0,TESTR,AKR-TESTR-<MAC6>,0.0,1.0,0.0,100.0
124140,2,walk,walk,10480,,10480.0,20.0,0.0,1.0,6.0,7.84,0.286,0.424,4.319,34.0,27.76,0.0,19.0,0.0,9.0,0.76,0.01,-1.05,-0.2,-13.96,-21.85,40.7,267.0,TESTR,AKR-TESTR-<MAC6>,0.0,1.0,0.0,100.0
124160,2,walk,walk,10481,,10481.0,20.0,0.0,1.0,6.0,7.29,0.289,0.233,4.514,34.0,27.79,0.0,19.0,0.0,9.0,2.57,0.05,-1.05,-0.2,-15.5,-22.81,41.73,267.0,TESTR,AKR-TESTR-<MAC6>,0.0,1.0,0.0,100.0
124180,2,walk,walk,10482,,10482.0,20.0,0.0,1.0,6.0,6.68,0.293,0.24,4.548,34.0,27.76,0.0,19.0,0.0,9.0,4.34,0.08,-1.04,-0.2,-17.12,-23.33,42.35,267.0,TESTR,AKR-TESTR-<MAC6>,0.0,1.0,0.0,100.0
124200,2,walk,walk,10483,,10483.0,20.0,0.0,1.0,6.0,6.03,0.296,0.15,4.562,34.0,27.79,0.0,19.0,0.0,9.0,6.05,0.11,-1.03,-0.19,-18.72,-23.48,42.48,267.0,TESTR,AKR-TESTR-<MAC6>,0.0,1.0,0.0,100.0
124240,2,walk,walk,10484,,10484.0,20.0,0.0,3.0,7.0,5.35,0.298,0.144,4.544,34.0,27.79,0.0,19.0,0.0,9.0,7.67,0.14,-1.02,-0.19,-20.22,-23.3,42.0,267.0,TESTR,AKR-TESTR-<MAC6>,0.0,1.0,0.0,100.0
124240,2,walk,walk,10485,,10485.0,20.0,1.0,3.0,7.0,4.65,0.3,0.127,4.485,34.0,27.79,0.0,20.0,0.0,9.0,9.17,0.16,-1.01,-0.18,-21.53,-22.88,40.88,267.0,TESTR,AKR-TESTR-<MAC6>,0.0,1.0,0.0,100.0
124260,2,walk,walk,10486,,10486.0,20.0,0.0,3.0,7.0,3.93,0.302,0.159,4.552,34.0,27.79,0.0,19.0,0.0,9.0,10.52,0.19,-1.0,-0.17,-22.6,-22.28,39.07,267.0,TESTR,AKR-TESTR-<MAC6>,0.0,1.0,0.0,100.0
124280,2,walk,walk,10487,,10487.0,20.0,0.0,3.0,7.0,3.21,0.303,-0.009,4.586,34.0,27.79,0.0,19.0,0.0,9.0,11.71,0.2,-0.99,-0.16,-23.4,-21.62,36.62,267.0,TESTR,AKR-TESTR-<MAC6>,0.0,1.0,0.0,100.0
124300,2,walk,walk,10488,,10488.0,20.0,0.0,3.0,7.0,2.5,0.302,-0.077,4.58,34.0,27.79,0.0,19.0,0.0,9.0,12.71,0.22,-0.98,-0.15,-23.91,-20.97,33.61,267.0,TESTR,AKR-TESTR-<MAC6>,0.0,1.0,0.0,100.0
124300,2,walk,walk,10489,,10489.0,20.0,0.0,3.0,7.0,1.8,0.301,-0.162,4.541,34.0,27.79,0.0,19.0,0.0,9.0,13.51,0.23,-0.96,-0.14,-24.15,-20.38,30.17,267.0,TESTR,AKR-TESTR-<MAC6>,0.0,1.0,0.0,100.0
124340,2,walk,walk,10490,,10490.0,20.0,0.0,3.0,7.0,1.11,0.298,-0.264,4.463,34.0,27.83,0.0,19.0,0.0,9.0,14.13,0.24,-0.95,-0.13,-24.15,-19.86,26.43,267.0,TESTR,AKR-TESTR-<MAC6>,0.0,1.0,0.0,100.0
124360,2,walk,walk,10491,,10491.0,20.0,0.0,3.0,7.0,0.46,0.292,-0.511,4.414,34.0,27.86,0.0,19.0,0.0,9.0,14.57,0.24,-0.94,-0.12,-23.97,-19.36,22.58,267.0,TESTR,AKR-TESTR-<MAC6>,0.0,1.0,0.0,100.0
124400,2,walk,walk,10492,,10492.0,20.0,1.0,3.0,7.0,-0.16,0.283,-0.644,4.161,34.0,27.86,0.0,20.0,0.0,9.0,14.65,0.24,-0.93,-0.12,-23.6,-18.82,18.8,267.0,TESTR,AKR-TESTR-<MAC6>,0.0,1.0,0.0,100.0
124400,2,walk,walk,10493,,10493.0,20.0,0.0,3.0,7.0,-0.73,0.263,-1.93,5.299,34.0,27.83,0.0,19.0,0.0,9.0,14.18,0.24,-0.94,-0.11,-22.68,-18.77,15.27,267.0,TESTR,AKR-TESTR-<MAC6>,0.0,1.0,0.0,100.0
124420,2,walk,walk,10494,,10494.0,20.0,0.0,3.0,7.0,-1.26,0.225,-2.897,6.011,34.0,27.83,0.0,19.0,0.0,9.0,13.15,0.22,-0.95,-0.11,-21.15,-19.34,12.24,267.0,TESTR,AKR-TESTR-<MAC6>,0.0,1.0,0.0,100.0
124440,2,walk,walk,10495,,10495.0,20.0,0.0,3.0,7.0,-1.74,0.17,-3.854,6.001,34.0,27.9,0.0,19.0,0.0,9.0,11.73,0.2,-0.96,-0.1,-19.12,-20.3,10.01,267.0,TESTR,AKR-TESTR-<MAC6>,0.0,1.0,0.0,100.0
124460,2,walk,walk,10496,,10496.0,20.0,0.0,3.0,7.0,-2.16,0.101,-4.678,5.751,34.0,27.97,0.0,19.0,0.0,9.0,10.12,0.18,-0.98,-0.08,-16.82,-20.98,8.89,267.0,TESTR,AKR-TESTR-<MAC6>,0.0,1.0,0.0,100.0
124480,2,walk,walk,10497,,10497.0,20.0,1.0,3.0,7.0,-2.53,0.022,-5.465,5.47,34.0,28.07,0.0,20.0,0.0,9.0,8.46,0.15,-1.0,-0.07,-14.51,-20.6,9.05,267.0,TESTR,AKR-TESTR-<MAC6>,0.0,1.0,0.0,100.0
124500,2,walk,walk,10498,,10498.0,20.0,1.0,3.0,7.0,-2.84,-0.064,-5.622,4.415,34.0,28.14,0.0,20.0,0.0,9.0,6.85,0.12,-1.01,-0.06,-12.47,-18.71,10.43,267.0,TESTR,AKR-TESTR-<MAC6>,0.0,1.0,0.0,100.0
124540,2,walk,walk,10499,,10499.0,20.0,1.0,3.0,7.0,-3.11,-0.129,-3.171,3.284,34.0,28.11,0.0,20.0,0.0,9.0,5.4,0.1,-1.03,-0.06,-10.66,-15.72,12.54,267.0,TESTR,AKR-TESTR-<MAC6>,0.0,1.0,0.0,100.0
124540,2,walk,walk,10500,,10500.0,20.0,1.0,3.0,7.0,-3.33,-0.159,-1.036,1.945,34.0,28.07,0.0,20.0,0.0,9.0,4.23,0.08,-1.04,-0.06,-8.94,-12.1,14.74,267.0,TESTR,AKR-TESTR-<MAC6>,0.0,1.0,0.0,100.0
124560,2,walk,walk,10501,,10501.0,20.0,1.0,3.0,7.0,-3.52,-0.161,0.169,1.76,34.0,28.07,0.0,20.0,0.0,9.0,3.35,0.06,-1.05,-0.07,-7.22,-8.35,16.6,267.0,TESTR,AKR-TESTR-<MAC6>,0.0,1.0,0.0,100.0
124580,2,walk,walk,10502,,10502.0,20.0,0.0,3.0,7.0,-3.67,-0.159,0.115,2.092,34.0,28.07,0.0,19.0,0.0,9.0,2.69,0.05,-1.06,-0.07,-5.58,-4.89,17.83,267.0,TESTR,AKR-TESTR-<MAC6>,0.0,1.0,0.0,100.0
124600,2,walk,walk,10503,,10503.0,20.0,0.0,3.0,7.0,-3.81,-0.156,0.101,2.292,34.0,28.04,0.0,19.0,0.0,9.0,2.19,0.04,-1.06,-0.08,-4.13,-1.93,18.44,267.0,TESTR,AKR-TESTR-<MAC6>,0.0,1.0,0.0,100.0
124660,2,walk,walk,10504,,10504.0,20.0,0.0,3.0,7.0,-3.93,-0.155,-0.135,2.461,34.0,28.04,0.0,19.0,0.0,9.0,1.77,0.03,-1.06,-0.09,-2.98,0.43,18.53,267.0,TESTR,AKR-TESTR-<MAC6>,0.0,1.0,0.0,100.0
124680,2,walk,walk,10505,,10505.0,20.0,0.0,3.0,7.0,-4.04,-0.156,-0.001,2.45,34.0,28.04,0.0,19.0,0.0,9.0,1.34,0.02,-1.06,-0.1,-2.15,2.22,18.28,268.0,TESTR,AKR-TESTR-<MAC6>,0.0,1.0,0.0,100.0
124680,2,walk,walk,10506,,10506.0,20.0,0.0,3.0,7.0,-4.16,-0.157,-0.062,2.447,34.0,28.04,0.0,19.0,0.0,9.0,0.83,0.02,-1.06,-0.11,-1.55,3.5,17.76,268.0,TESTR,AKR-TESTR-<MAC6>,0.0,1.0,0.0,100.0
124680,2,walk,walk,10507,,10507.0,20.0,0.0,3.0,7.0,-4.27,-0.157,0.034,2.355,34.0,28.04,0.0,19.0,0.0,9.0,0.19,0.0,-1.05,-0.12,-1.09,4.36,16.93,268.0,TESTR,AKR-TESTR-<MAC6>,0.0,1.0,0.0,100.0
124720,2,walk,walk,10508,,10508.0,20.0,0.0,3.0,7.0,-4.39,-0.156,0.182,2.285,34.0,28.04,0.0,19.0,0.0,9.0,-0.61,-0.01,-1.05,-0.13,-0.68,4.89,15.71,268.0,TESTR,AKR-TESTR-<MAC6>,0.0,1.0,0.0,100.0
124740,2,walk,walk,10509,,10509.0,20.0,0.0,3.0,7.0,-4.52,-0.15,0.464,2.196,34.0,28.04,0.0,19.0,0.0,9.0,-1.52,-0.03,-1.04,-0.14,-0.25,5.16,13.96,268.0,TESTR,AKR-TESTR-<MAC6>,0.0,1.0,0.0,100.0
124780,2,walk,walk,10510,,10510.0,20.0,0.0,3.0,7.0,-4.65,-0.141,0.812,1.976,34.0,28.04,0.0,19.0,0.0,9.0,-2.5,-0.05,-1.03,-0.15,0.2,5.2,11.62,268.0,TESTR,AKR-TESTR-<MAC6>,0.0,1.0,0.0,100.0
124800,2,walk,walk,10511,,10511.0,20.0,0.0,3.0,7.0,-4.79,-0.127,0.882,1.967,34.0,28.04,0.0,19.0,0.0,9.0,-3.48,-0.06,-1.03,-0.16,0.68,5.06,8.71,268.0,TESTR,AKR-TESTR-<MAC6>,0.0,1.0,0.0,100.0
124800,2,walk,walk,10512,,10512.0,20.0,0.0,3.0,7.0,-4.94,-0.115,0.918,1.823,34.0,28.04,0.0,19.0,0.0,9.0,-4.41,-0.08,-1.02,-0.17,1.2,4.76,5.35,268.0,TESTR,AKR-TESTR-<MAC6>,0.0,1.0,0.0,100.0
124840,2,walk,walk,10513,,10513.0,20.0,0.0,0.0,1.0,-5.09,-0.102,0.774,1.987,34.0,28.04,0.0,19.0,0.0,9.0,-5.24,-0.09,-1.01,-0.17,1.75,4.35,1.76,268.0,TESTR,AKR-TESTR-<MAC6>,0.0,1.0,0.0,100.0
124840,2,walk,walk,10514,,10514.0,20.0,0.0,0.0,1.0,-5.24,-0.096,0.275,1.558,34.0,28.04,0.0,19.0,0.0,9.0,-5.9,-0.1,-1.01,-0.18,2.36,3.91,-1.54,268.0,TESTR,AKR-TESTR-<MAC6>,0.0,1.0,0.0,100.0
124860,2,walk,walk,10515,,10515.0,20.0,0.0,0.0,1.0,-5.39,-0.111,-1.737,0.0,34.0,28.21,0.0,11.0,0.0,9.0,-6.39,-0.11,-1.0,-0.19,3.02,3.43,-4.3,268.0,TESTR,AKR-TESTR-<MAC6>,0.0,1.0,0.0,100.0
124860,2,walk,walk,10516,,10516.0,20.0,0.0,0.0,1.0,-5.52,-0.11,0.195,0.0,34.0,28.14,0.0,11.0,0.0,9.0,-6.74,-0.12,-1.0,-0.19,3.74,2.91,-6.57,268.0,TESTR,AKR-TESTR-<MAC6>,0.0,1.0,0.0,100.0
124880,2,walk,walk,10517,,10517.0,20.0,0.0,0.0,1.0,-5.65,-0.104,0.312,0.0,34.0,28.14,0.0,11.0,0.0,9.0,-6.97,-0.12,-1.0,-0.19,4.52,2.36,-8.4,268.0,TESTR,AKR-TESTR-<MAC6>,0.0,1.0,0.0,100.0
124900,2,walk,walk,10518,,10518.0,20.0,0.0,0.0,1.0,-5.76,-0.099,0.375,0.0,34.0,28.14,0.0,11.0,0.0,9.0,-7.1,-0.12,-0.99,-0.2,5.37,1.83,-9.91,268.0,TESTR,AKR-TESTR-<MAC6>,0.0,1.0,0.0,100.0
124920,2,walk,walk,10519,,10519.0,20.0,0.0,0.0,1.0,-5.84,-0.091,0.719,0.0,34.0,28.14,0.0,11.0,0.0,9.0,-7.15,-0.12,-0.99,-0.2,6.28,1.36,-11.28,268.0,TESTR,AKR-TESTR-<MAC6>,0.0,1.0,0.0,100.0
124940,2,walk,walk,10520,,10520.0,20.0,0.0,0.0,1.0,-5.91,-0.079,0.828,0.0,34.0,28.18,0.0,11.0,0.0,9.0,-7.16,-0.12,-0.99,-0.2,7.26,0.96,-12.66,268.0,TESTR,AKR-TESTR-<MAC6>,0.0,1.0,0.0,100.0
124960,2,walk,walk,10521,,10521.0,20.0,0.0,0.0,1.0,-5.96,-0.068,0.753,0.0,34.0,28.14,0.0,11.0,0.0,9.0,-7.12,-0.12,-0.99,-0.2,8.3,0.63,-14.14,268.0,TESTR,AKR-TESTR-<MAC6>,0.0,1.0,0.0,100.0
124980,2,walk,walk,10522,,10522.0,20.0,0.0,0.0,1.0,-5.98,-0.056,0.849,0.0,34.0,28.14,0.0,11.0,0.0,9.0,-7.04,-0.12,-0.99,-0.2,9.36,0.38,-15.78,268.0,TESTR,AKR-TESTR-<MAC6>,0.0,1.0,0.0,100.0
125020,2,walk,walk,10523,,10523.0,20.0,0.0,0.0,1.0,-5.97,-0.045,0.527,0.0,34.0,28.18,0.0,11.0,0.0,9.0,-6.91,-0.12,-0.99,-0.2,10.44,0.19,-17.52,268.0,TESTR,AKR-TESTR-<MAC6>,0.0,1.0,0.0,100.0
125020,2,walk,walk,10524,,10524.0,20.0,0.0,0.0,1.0,-5.94,-0.036,0.582,0.0,34.0,28.18,0.0,11.0,0.0,9.0,-6.72,-0.12,-0.99,-0.2,11.53,0.03,-19.31,268.0,TESTR,AKR-TESTR-<MAC6>,0.0,1.0,0.0,100.0
125040,2,walk,walk,10525,,10525.0,20.0,0.0,0.0,1.0,-5.88,-0.027,0.699,0.0,34.0,28.14,0.0,11.0,0.0,9.0,-6.48,-0.11,-0.99,-0.2,12.63,-0.12,-21.07,268.0,TESTR,AKR-TESTR-<MAC6>,0.0,1.0,0.0,100.0
125060,2,walk,walk,10526,,10526.0,20.0,0.0,0.0,1.0,-5.79,-0.02,0.354,0.0,34.0,28.18,0.0,11.0,0.0,9.0,-6.17,-0.11,-0.99,-0.19,13.79,-0.25,-22.68,268.0,TESTR,AKR-TESTR-<MAC6>,0.0,1.0,0.0,100.0
125080,2,walk,walk,10527,,10527.0,20.0,0.0,0.0,1.0,-5.67,-0.016,0.35,0.0,34.0,28.14,0.0,11.0,0.0,9.0,-5.81,-0.1,-0.99,-0.19,15.01,-0.39,-24.11,268.0,TESTR,AKR-TESTR-<MAC6>,0.0,1.0,0.0,100.0
125100,2,walk,walk,10528,,10528.0,20.0,0.0,0.0,1.0,-5.52,-0.008,0.587,0.0,34.0,28.18,0.0,11.0,0.0,9.0,-5.43,-0.09,-0.99,-0.19,16.29,-0.56,-25.39,268.0,TESTR,AKR-TESTR-<MAC6>,0.0,1.0,0.0,100.0
125120,2,walk,walk,10529,,10529.0,20.0,0.0,0.0,1.0,-5.35,0.002,0.634,0.0,34.0,28.18,0.0,11.0,0.0,9.0,-5.02,-0.09,-0.99,-0.18,17.65,-0.73,-26.61,268.0,TESTR,AKR-TESTR-<MAC6>,0.0,1.0,0.0,100.0
125140,2,walk,walk,10530,,10530.0,20.0,0.0,0.0,1.0,-5.14,0.01,0.661,0.0,34.0,28.18,0.0,11.0,0.0,9.0,-4.59,-0.08,-1.0,-0.18,19.13,-0.89,-27.81,268.0,TESTR,AKR-TESTR-<MAC6>,0.0,1.0,0.0,100.0
125160,2,walk,walk,10531,,10531.0,20.0,0.0,0.0,1.0,-4.91,0.023,0.843,0.0,34.0,28.18,0.0,11.0,0.0,9.0,-4.15,-0.07,-1.0,-0.18,20.72,-0.99,-29.11,268.0,TESTR,AKR-TESTR-<MAC6>,0.0,1.0,0.0,100.0
125200,2,walk,walk,10532,,10532.0,20.0,0.0,0.0,1.0,-4.65,0.033,0.485,0.0,34.0,28.18,0.0,11.0,0.0,9.0,-3.69,-0.06,-1.0,-0.17,22.38,-0.96,-30.56,268.0,TESTR,AKR-TESTR-<MAC6>,0.0,1.0,0.0,100.0
125200,2,walk,walk,10533,,10533.0,20.0,0.0,0.0,1.0,-4.36,0.038,0.406,0.0,34.0,28.18,0.0,11.0,0.0,9.0,-3.19,-0.06,-1.01,-0.17,23.97,-0.61,-32.15,268.0,TESTR,AKR-TESTR-<MAC6>,0.0,1.0,0.0,100.0
125220,2,walk,walk,10534,,10534.0,20.0,0.0,0.0,1.0,-4.04,0.039,-0.037,0.0,34.0,28.18,0.0,11.0,0.0,9.0,-2.66,-0.05,-1.01,-0.16,25.31,0.31,-33.79,268.0,TESTR,AKR-TESTR-<MAC6>,0.0,1.0,0.0,100.0
125240,2,walk,walk,10535,,10535.0,20.0,0.0,0.0,1.0,-3.7,0.028,-1.271,0.0,34.0,28.18,0.0,11.0,0.0,9.0,-2.13,-0.04,-1.02,-0.16,26.25,2.07,-35.36,268.0,TESTR,AKR-TESTR-<MAC6>,0.0,1.0,0.0,100.0
125260,2,walk,walk,10536,,10536.0,20.0,0.0,0.0,1.0,-3.33,0.006,-1.94,0.0,34.0,28.18,0.0,11.0,0.0,9.0,-1.63,-0.03,-1.03,-0.16,26.67,4.79,-36.69,268.0,TESTR,AKR-TESTR-<MAC6>,0.0,1.0,0.0,100.0
125260,2,walk,walk,10537,,10537.0,20.0,0.0,0.0,1.0,-2.92,-0.028,-2.343,0.0,34.0,28.18,0.0,11.0,0.0,9.0,-1.2,-0.02,-1.04,-0.15,26.48,8.61,-37.54,268.0,TESTR,AKR-TESTR-<MAC6>,0.0,1.0,0.0,100.0
125300,2,walk,walk,10538,,10538.0,20.0,0.0,0.0,1.0,-2.5,-0.062,-2.181,0.0,34.0,28.14,0.0,11.0,0.0,9.0,-0.88,-0.02,-1.05,-0.15,25.53,13.68,-37.67,268.0,TESTR,AKR-TESTR-<MAC6>,0.0,1.0,0.0,100.0
125320,2,walk,walk,10539,,10539.0,20.0,0.0,0.0,1.0,-2.04,-0.089,-1.393,0.0,34.0,28.18,0.0,11.0,0.0,9.0,-0.79,-0.01,-1.06,-0.15,23.74,20.18,-36.73,268.0,TESTR,AKR-TESTR-<MAC6>,0.0,1.0,0.0,100.0
125360,2,walk,walk,10540,,10540.0,20.0,0.0,0.0,1.0,-1.56,-0.097,0.197,0.0,34.0,28.14,0.0,11.0,0.0,9.0,-1.04,-0.02,-1.06,-0.15,21.04,28.02,-34.33,268.0,TESTR,AKR-TESTR-<MAC6>,0.0,1.0,0.0,100.0
125360,2,walk,walk,10541,,10541.0,20.0,0.0,0.0,1.0,-1.06,-0.09,0.606,0.0,34.0,28.14,0.0,11.0,0.0,9.0,-1.76,-0.03,-1.06,-0.15,17.46,36.75,-30.17,268.0,TESTR,AKR-TESTR-<MAC6>,0.0,1.0,0.0,100.0
125380,2,walk,walk,10542,,10542.0,20.0,0.0,0.0,1.0,-0.55,-0.081,0.657,0.0,34.0,28.18,0.0,11.0,0.0,9.0,-2.97,-0.05,-1.05,-0.15,13.22,45.57,-24.23,268.0,TESTR,AKR-TESTR-<MAC6>,0.0,1.0,0.0,100.0
125400,2,walk,walk,10543,,10543.0,20.0,0.0,0.0,1.0,-0.02,-0.075,0.206,0.0,34.0,28.18,0.0,11.0,0.0,9.0,-4.62,-0.08,-1.05,-0.15,8.63,53.5,-16.8,268.0,TESTR,AKR-TESTR-<MAC6>,0.0,1.0,0.0,100.0
125420,2,walk,walk,10544,,10544.0,20.0,0.0,0.0,1.0,0.5,-0.073,-0.011,0.0,34.0,28.14,0.0,11.0,0.0,9.0,-6.56,-0.12,-1.04,-0.15,4.05,59.55,-8.38,268.0,TESTR,AKR-TESTR-<MAC6>,0.0,1.0,0.0,100.0
125440,2,walk,walk,10545,,10545.0,20.0,0.0,0.0,1.0,1.01,-0.072,0.095,0.0,34.0,28.18,0.0,11.0,0.0,9.0,-8.55,-0.16,-1.04,-0.15,-0.23,62.94,0.39,268.0,TESTR,AKR-TESTR-<MAC6>,0.0,1.0,0.0,100.0
125460,2,walk,walk,10546,,10546.0,20.0,1.0,0.0,1.0,1.5,-0.072,0.011,0.0,34.0,28.18,0.0,12.0,0.0,9.0,-10.39,-0.19,-1.03,-0.15,-4.01,63.15,8.87,268.0,TESTR,AKR-TESTR-<MAC6>,0.0,1.0,0.0,100.0
125500,2,walk,walk,10547,,10547.0,20.0,1.0,0.0,1.0,1.95,-0.072,0.077,0.0,34.0,28.14,0.0,12.0,0.0,9.0,-11.89,-0.22,-1.03,-0.15,-7.17,60.04,16.55,268.0,TESTR,AKR-TESTR-<MAC6>,0.0,1.0,0.0,100.0
125500,2,walk,walk,10548,,10548.0,20.0,1.0,0.0,1.0,2.33,-0.071,-0.002,0.0,34.0,28.18,0.0,12.0,0.0,9.0,-12.93,-0.23,-1.02,-0.15,-9.63,53.85,23.04,268.0,TESTR,AKR-TESTR-<MAC6>,0.0,1.0,0.0,100.0
125520,2,walk,walk,10549,,10549.0,20.0,2.0,0.0,1.0,2.66,-0.07,0.097,0.0,34.0,28.18,0.0,13.0,0.0,9.0,-13.44,-0.24,-1.02,-0.15,-11.37,45.13,28.15,268.0,TESTR,AKR-TESTR-<MAC6>,0.0,1.0,0.0,100.0
125540,2,walk,walk,10550,,10550.0,20.0,2.0,0.0,1.0,2.89,-0.067,0.233,0.0,34.0,28.18,0.0,13.0,0.0,9.0,-13.42,-0.24,-1.02,-0.14,-12.49,34.72,31.85,268.0,TESTR,AKR-TESTR-<MAC6>,0.0,1.0,0.0,100.0
125560,2,walk,walk,10551,,10551.0,20.0,1.0,0.0,1.0,3.04,-0.064,0.089,0.0,34.0,28.14,0.0,12.0,0.0,9.0,-12.9,-0.23,-1.02,-0.14,-13.12,23.62,34.29,268.0,TESTR,AKR-TESTR-<MAC6>,0.0,1.0,0.0,100.0
125580,2,walk,walk,10552,,10552.0,20.0,2.0,0.0,1.0,3.09,-0.064,0.005,0.0,34.0,28.18,0.0,13.0,0.0,9.0,-11.95,-0.21,-1.01,-0.14,-13.44,12.82,35.72,268.0,TESTR,AKR-TESTR-<MAC6>,0.0,1.0,0.0,100.0
125600,2,walk,walk,10553,,10553.0,20.0,2.0,0.0,1.0,3.05,-0.064,0.06,0.0,34.0,28.18,0.0,13.0,0.0,9.0,-10.66,-0.19,-1.01,-0.14,-13.61,3.14,36.42,268.0,TESTR,AKR-TESTR-<MAC6>,0.0,1.0,0.0,100.0
125620,2,walk,walk,10554,,10554.0,20.0,2.0,0.0,1.0,2.9,-0.063,-0.054,0.0,34.0,28.18,0.0,13.0,0.0,9.0,-9.12,-0.16,-1.0,-0.15,-13.79,-4.84,36.61,269.0,TESTR,AKR-TESTR-<MAC6>,0.0,1.0,0.0,100.0
125660,2,walk,walk,10555,,10555.0,20.0,2.0,0.0,1.0,2.67,-0.063,-0.038,0.0,34.0,28.18,0.0,13.0,0.0,9.0,-7.43,-0.13,-1.0,-0.15,-14.06,-10.84,36.47,269.0,TESTR,AKR-TESTR-<MAC6>,0.0,1.0,0.0,100.0
125660,2,walk,walk,10556,,10556.0,20.0,2.0,0.0,1.0,2.34,-0.063,0.021,0.0,34.0,28.18,0.0,13.0,0.0,9.0,-5.69,-0.1,-0.99,-0.15,-14.51,-14.88,36.09,269.0,TESTR,AKR-TESTR-<MAC6>,0.0,1.0,0.0,100.0
125680,2,walk,walk,10557,,10557.0,20.0,2.0,0.0,1.0,1.94,-0.064,-0.006,0.0,34.0,28.18,0.0,13.0,0.0,9.0,-3.96,-0.07,-0.98,-0.15,-15.19,-17.17,35.52,269.0,TESTR,AKR-TESTR-<MAC6>,0.0,1.0,0.0,100.0
125700,2,walk,walk,10558,,10558.0,20.0,1.0,0.0,1.0,1.48,-0.064,-0.026,0.0,34.0,28.18,0.0,12.0,0.0,9.0,-2.3,-0.04,-0.97,-0.16,-16.09,-18.04,34.75,269.0,TESTR,AKR-TESTR-<MAC6>,0.0,1.0,0.0,100.0
125720,2,walk,walk,10559,,10559.0,20.0,1.0,0.0,1.0,0.95,-0.064,-0.003,0.0,34.0,28.18,0.0,12.0,0.0,9.0,-0.77,-0.01,-0.96,-0.16,-17.19,-17.86,33.75,269.0,TESTR,AKR-TESTR-<MAC6>,0.0,1.0,0.0,100.0
125740,2,walk,walk,10560,,10560.0,20.0,0.0,0.0,1.0,0.39,-0.064,-0.015,0.0,34.0,28.18,0.0,11.0,0.0,9.0,0.6,0.01,-0.95,-0.16,-18.41,-16.96,32.47,269.0,TESTR,AKR-TESTR-<MAC6>,0.0,1.0,0.0,100.0
125760,2,walk,walk,10561,,10561.0,20.0,0.0,0.0,1.0,-0.2,-0.065,-0.017,0.0,34.0,28.18,0.0,11.0,0.0,9.0,1.77,0.03,-0.94,-0.15,-19.66,-15.58,30.87,269.0,TESTR,AKR-TESTR-<MAC6>,0.0,1.0,0.0,100.0
125780,2,walk,walk,10562,,10562.0,20.0,0.0,0.0,1.0,-0.81,-0.066,-0.111,0.0,34.0,28.18,0.0,11.0,0.0,9.0,2.72,0.04,-0.94,-0.15,-20.86,-13.88,28.92,269.0,TESTR,AKR-TESTR-<MAC6>,0.0,1.0,0.0,100.0
125800,2,walk,walk,10563,,10563.0,20.0,1.0,0.0,1.0,-1.43,-0.068,-0.22,0.0,34.0,28.18,0.0,12.0,0.0,9.0,3.43,0.06,-0.94,-0.15,-21.94,-11.97,26.65,269.0,TESTR,AKR-TESTR-<MAC6>,0.0,1.0,0.0,100.0
125840,2,walk,walk,10564,,10564.0,20.0,0.0,0.0,1.0,-2.05,-0.072,-0.344,0.0,34.0,28.18,0.0,11.0,0.0,9.0,3.88,0.06,-0.93,-0.14,-22.85,-9.9,24.11,269.0,TESTR,AKR-TESTR-<MAC6>,0.0,1.0,0.0,100.0
125840,2,walk,walk,10565,,10565.0,20.0,1.0,0.0,1.0,-2.66,-0.078,-0.366,0.0,34.0,28.14,0.0,12.0,0.0,9.0,4.06,0.07,-0.93,-0.13,-23.56,-7.77,21.41,269.0,TESTR,AKR-TESTR-<MAC6>,0.0,1.0,0.0,100.0
125860,2,walk,walk,10566,,10566.0,20.0,1.0,0.0,1.0,-3.25,-0.084,-0.441,0.0,34.0,28.18,0.0,12.0,0.0,9.0,3.99,0.07,-0.94,-0.12,-24.04,-5.65,18.64,269.0,TESTR,AKR-TESTR-<MAC6>,0.0,1.0,0.0,100.0
125880,2,walk,walk,10567,,10567.0,20.0,1.0,0.0,1.0,-3.81,-0.092,-0.683,0.0,34.0,28.18,0.0,12.0,0.0,9.0,3.69,0.06,-0.94,-0.12,-24.28,-3.67,15.93,269.0,TESTR,AKR-TESTR-<MAC6>,0.0,1.0,0.0,100.0
125900,2,walk,walk,10568,,10568.0,20.0,1.0,0.0,1.0,-4.34,-0.104,-0.963,0.0,34.0,28.18,0.0,12.0,0.0,9.0,3.18,0.05,-0.94,-0.11,-24.27,-1.92,13.42,269.0,TESTR,AKR-TESTR-<MAC6>,0.0,1.0,0.0,100.0
125920,2,walk,walk,10569,,10569.0,20.0,1.0,0.0,1.0,-4.83,-0.12,-1.515,0.0,34.0,28.18,0.0,12.0,0.0,9.0,2.46,0.04,-0.95,-0.1,-23.85,-0.58,11.22,269.0,TESTR,AKR-TESTR-<MAC6>,0.0,1.0,0.0,100.0
125940,2,walk,walk,10570,,10570.0,20.0,1.0,0.0,1.0,-5.29,-0.165,-3.437,0.0,34.0,28.18,0.0,12.0,0.0,9.0,1.61,0.03,-0.96,-0.1,-22.81,-0.14,9.48,269.0,TESTR,AKR-TESTR-<MAC6>,0.0,1.0,0.0,100.0
125980,2,walk,walk,10571,,10571.0,20.0,1.0,0.0,1.0,-5.7,-0.189,0.195,0.0,34.0,28.18,0.0,12.0,0.0,9.0,0.86,0.01,-0.97,-0.09,-21.21,-0.26,8.1,269.0,TESTR,AKR-TESTR-<MAC6>,0.0,1.0,0.0,100.0
125980,2,walk,walk,10572,,10572.0,20.0,1.0,0.0,1.0,-6.07,-0.179,0.547,0.0,34.0,28.18,0.0,12.0,0.0,9.0,0.28,0.0,-0.99,-0.09,-18.95,-0.6,7.08,269.0,TESTR,AKR-TESTR-<MAC6>,0.0,1.0,0.0,100.0
126000,2,walk,walk,10573,,10573.0,20.0,1.0,0.0,1.0,-6.39,-0.18,0.042,0.0,34.0,28.18,0.0,12.0,0.0,9.0,-0.18,0.0,-1.01,-0.09,-16.11,-1.03,6.27,269.0,TESTR,AKR-TESTR-<MAC6>,0.0,1.0,0.0,100.0
126020,2,walk,walk,10574,,10574.0,20.0,1.0,0.0,1.0,-6.68,-0.179,0.128,0.0,34.0,28.18,0.0,12.0,0.0,9.0,-0.57,-0.01,-1.02,-0.09,-12.97,-1.5,5.62,269.0,TESTR,AKR-TESTR-<MAC6>,0.0,1.0,0.0,100.0
126040,2,walk,walk,10575,,10575.0,20.0,1.0,0.0,1.0,-6.93,-0.179,-0.056,0.0,34.0,28.14,0.0,12.0,0.0,9.0,-0.9,-0.02,-1.04,-0.08,-9.95,-1.96,5.18,269.0,TESTR,AKR-TESTR-<MAC6>,0.0,1.0,0.0,100.0
126040,2,walk,walk,10576,,10576.0,20.0,1.0,0.0,1.0,-7.13,-0.182,-0.295,0.0,34.0,28.18,0.0,12.0,0.0,9.0,-1.22,-0.02,-1.05,-0.08,-7.4,-2.36,5.07,269.0,TESTR,AKR-TESTR-<MAC6>,0.0,1.0,0.0,100.0
126080,2,walk,walk,10577,,10577.0,20.0,1.0,0.0,1.0,-7.31,-0.189,-0.714,0.0,34.0,28.18,0.0,12.0,0.0,9.0,-1.54,-0.03,-1.06,-0.07,-5.44,-2.65,5.48,269.0,TESTR,AKR-TESTR-<MAC6>,0.0,1.0,0.0,100.0
126100,2,walk,walk,10578,,10578.0,20.0,1.0,0.0,1.0,-7.46,-0.205,-1.357,0.0,34.0,28.18,0.0,12.0,0.0,9.0,-1.87,-0.03,-1.07,-0.07,-4.0,-2.77,6.63,269.0,TESTR,AKR-TESTR-<MAC6>,0.0,1.0,0.0,100.0
126120,2,walk,walk,10579,,10579.0,20.0,1.0,0.0,1.0,-7.57,-0.224,-1.158,0.0,34.0,28.18,0.0,12.0,0.0,9.0,-2.24,-0.04,-1.07,-0.07,-2.91,-2.67,8.56,269.0,TESTR,AKR-TESTR-<MAC6>,0.0,1.0,0.0,100.0
126160,2,walk,walk,10580,,10580.0,20.0,1.0,0.0,1.0,-7.67,-0.238,-0.558,0.0,34.0,28.18,0.0,12.0,0.0,9.0,-2.71,-0.05,-1.07,-0.07,-2.04,-2.36,10.94,269.0,TESTR,AKR-TESTR-<MAC6>,0.0,1.0,0.0,100.0
126180,2,walk,walk,10581,,10581.0,20.0,1.0,0.0,1.0,-7.75,-0.24,0.053,0.0,34.0,28.18,0.0,12.0,0.0,9.0,-3.34,-0.06,-1.06,-0.08,-1.28,-1.9,13.31,269.0,TESTR,AKR-TESTR-<MAC6>,0.0,1.0,0.0,100.0
126180,2,walk,walk,10582,,10582.0,20.0,1.0,0.0,1.0,-7.82,-0.24,0.062,0.0,34.0,28.18,0.0,12.0,0.0,9.0,-4.14,-0.08,-1.06,-0.09,-0.63,-1.37,15.18,269.0,TESTR,AKR-TESTR-<MAC6>,0.0,1.0,0.0,100.0
126200,2,walk,walk,10583,,10583.0,20.0,1.0,0.0,1.0,-7.89,-0.234,0.535,0.0,34.0,28.18,0.0,12.0,0.0,9.0,-5.1,-0.09,-1.05,-0.1,-0.09,-0.84,16.2,269.0,TESTR,AKR-TESTR-<MAC6>,0.0,1.0,0.0,100.0
126220,2,walk,walk,10584,,10584.0,20.0,1.0,0.0,1.0,-7.95,-0.224,0.745,0.0,34.0,28.18,0.0,12.0,0.0,9.0,-6.15,-0.11,-1.04,-0.11,0.37,-0.35,16.19,269.0,TESTR,AKR-TESTR-<MAC6>,0.0,1.0,0.0,100.0
126240,2,walk,walk,10585,,10585.0,20.0,1.0,0.0,1.0,-8.02,-0.213,0.692,0.0,34.0,28.18,0.0,12.0,0.0,9.0,-7.23,-0.13,-1.03,-0.12,0.79,0.07,15.17,269.0,TESTR,AKR-TESTR-<MAC6>,0.0,1.0,0.0,100.0
126260,2,walk,walk,10586,,10586.0,20.0,0.0,0.0,1.0,-8.1,-0.205,0.468,0.0,34.0,28.18,0.0,11.0,0.0,9.0,-8.27,-0.15,-1.02,-0.13,1.19,0.4,13.28,269.0,TESTR,AKR-TESTR-<MAC6>,0.0,1.0,0.0,100.0
126280,2,walk,walk,10587,,10587.0,20.0,1.0,0.0,1.0,-8.19,-0.198,0.393,0.0,34.0,28.18,0.0,12.0,0.0,9.0,-9.22,-0.16,-1.01,-0.14,1.62,0.66,10.75,269.0,TESTR,AKR-TESTR-<MAC6>,0.0,1.0,0.0,100.0
126320,2,walk,walk,10588,,10588.0,20.0,1.0,0.0,1.0,-8.3,-0.19,0.526,0.0,34.0,28.18,0.0,12.0,0.0,9.0,-10.04,-0.18,-1.01,-0.15,2.09,0.83,7.8,269.0,TESTR,AKR-TESTR-<MAC6>,0.0,1.0,0.0,100.0
126320,2,walk,walk,10589,,10589.0,20.0,1.0,0.0,1.0,-8.41,-0.181,0.417,0.0,34.0,28.18,0.0,12.0,0.0,9.0,-10.72,-0.19,-1.0,-0.16,2.61,0.91,4.62,269.0,TESTR,AKR-TESTR-<MAC6>,0.0,1.0,0.0,100.0
126340,2,walk,walk,10590,,10590.0,20.0,1.0,0.0,1.0,-8.54,-0.176,0.35,0.0,34.0,28.18,0.0,12.0,0.0,9.0,-11.25,-0.2,-0.99,-0.17,3.19,0.93,1.4,269.0,TESTR,AKR-TESTR-<MAC6>,0.0,1.0,0.0,100.0
126360,2,walk,walk,10591,,10591.0,20.0,0.0,0.0,1.0,-8.67,-0.168,0.664,0.0,34.0,28.18,0.0,11.0,0.0,9.0,-11.64,-0.2,-0.99,-0.17,3.82,0.89,-1.72,269.0,TESTR,AKR-TESTR-<MAC6>,0.0,1.0,0.0,100.0
126400,2,walk,walk,10592,,10592.0,20.0,0.0,0.0,1.0,-8.8,-0.158,0.685,0.0,34.0,28.18,0.0,11.0,0.0,9.0,-11.9,-0.21,-0.98,-0.18,4.51,0.78,-4.71,269.0,TESTR,AKR-TESTR-<MAC6>,0.0,1.0,0.0,100.0
126420,2,walk,walk,10593,,10593.0,20.0,0.0,0.0,1.0,-8.94,-0.15,0.404,0.0,34.0,28.18,0.0,11.0,0.0,9.0,-12.03,-0.21,-0.98,-0.18,5.23,0.62,-7.54,269.0,TESTR,AKR-TESTR-<MAC6>,0.0,1.0,0.0,100.0
126440,2,walk,walk,10594,,10594.0,20.0,0.0,0.0,1.0,-9.07,-0.141,0.617,0.0,34.0,28.18,0.0,11.0,0.0,9.0,-12.07,-0.21,-0.98,-0.18,5.95,0.43,-10.18,269.0,TESTR,AKR-TESTR-<MAC6>,0.0,1.0,0.0,100.0
126460,2,walk,walk,10595,,10595.0,20.0,0.0,0.0,1.0,-9.18,-0.13,0.601,0.0,34.0,28.18,0.0,11.0,0.0,9.0,-12.0,-0.21,-0.98,-0.19,6.67,0.23,-12.66,269.0,TESTR,AKR-TESTR-<MAC6>,0.0,1.0,0.0,100.0
126480,2,walk,walk,10596,,10596.0,20.0,0.0,0.0,1.0,-9.28,-0.123,0.448,0.0,34.0,28.18,0.0,11.0,0.0,9.0,-11.85,-0.21,-0.98,-0.19,7.37,0.02,-14.95,269.0,TESTR,AKR-TESTR-<MAC6>,0.0,1.0,0.0,100.0
126480,2,walk,walk,10597,,10597.0,20.0,0.0,0.0,1.0,-9.36,-0.115,0.575,0.0,34.0,28.18,0.0,11.0,0.0,9.0,-11.61,-0.2,-0.98,-0.19,8.08,-0.18,-17.02,269.0,TESTR,AKR-TESTR-<MAC6>,0.0,1.0,0.0,100.0
126500,2,walk,walk,10598,,10598.0,20.0,0.0,0.0,1.0,-9.41,-0.106,0.519,0.0,34.0,28.18,0.0,11.0,0.0,9.0,-11.31,-0.2,-0.98,-0.19,8.78,-0.39,-18.88,269.0,TESTR,AKR-TESTR-<MAC6>,0.0,1.0,0.0,100.0
126520,2,walk,walk,10599,,10599.0,20.0,0.0,0.0,1.0,-9.44,-0.101,0.324,0.0,34.0,28.18,0.0,11.0,0.0,9.0,-10.95,-0.19,-0.98,-0.18,9.48,-0.6,-20.47,269.0,TESTR,AKR-TESTR-<MAC6>,0.0,1.0,0.0,100.0
126540,2,walk,walk,10600,,10600.0,20.0,0.0,0.0,1.0,-9.44,-0.096,0.379,0.0,34.0,28.18,0.0,11.0,0.0,9.0,-10.53,-0.18,-0.98,-0.18,10.2,-0.8,-21.76,269.0,TESTR,AKR-TESTR-<MAC6>,0.0,1.0,0.0,100.0
126560,2,walk,walk,10601,,10601.0,20.0,0.0,0.0,1.0,-9.4,-0.089,0.557,0.0,34.0,28.18,0.0,11.0,0.0,9.0,-10.09,-0.17,-0.98,-0.18,10.97,-0.99,-22.78,269.0,TESTR,AKR-TESTR-<MAC6>,0.0,1.0,0.0,100.0
126580,2,walk,walk,10602,,10602.0,20.0,0.0,0.0,1.0,-9.33,-0.081,0.587,0.0,34.0,28.18,0.0,11.0,0.0,9.0,-9.62,-0.17,-0.98,-0.18,11.79,-1.18,-23.59,269.0,TESTR,AKR-TESTR-<MAC6>,0.0,1.0,0.0,100.0
126600,2,walk,walk,10603,,10603.0,20.0,0.0,0.0,1.0,-9.23,-0.073,0.571,0.0,34.0,28.18,0.0,11.0,0.0,9.0,-9.13,-0.16,-0.98,-0.18,12.69,-1.37,-24.26,269.0,TESTR,AKR-TESTR-<MAC6>,0.0,1.0,0.0,100.0
126640,2,walk,walk,10604,,10604.0,20.0,0.0,0.0,1.0,-9.09,-0.064,0.659,0.0,34.0,28.18,0.0,11.0,0.0,9.0,-8.64,-0.15,-0.99,-0.17,13.62,-1.55,-24.85,269.0,TESTR,AKR-TESTR-<MAC6>,0.0,1.0,0.0,100.0
126660,2,walk,walk,10605,,10605.0,20.0,0.0,0.0,1.0,-8.92,-0.052,0.711,0.0,34.0,28.18,0.0,11.0,0.0,9.0,-8.12,-0.14,-0.99,-0.17,14.54,-1.72,-25.43,269.0,TESTR,AKR-TESTR-<MAC6>,0.0,1.0,0.0,100.0
126660,2,walk,walk,10606,,10606.0,20.0,0.0,0.0,1.0,-8.72,-0.045,0.287,0.0,34.0,28.18,0.0,11.0,0.0,9.0,-7.59,-0.13,-0.99,-0.16,15.41,-1.87,-25.96,269.0,TESTR,AKR-TESTR-<MAC6>,0.0,1.0,0.0,100.0
126680,2,walk,walk,10607,,10607.0,20.0,0.0,0.0,1.0,-8.48,-0.039,0.469,0.0,34.0,28.18,0.0,11.0,0.0,9.0,-7.02,-0.12,-0.99,-0.16,16.17,-1.96,-26.38,269.0,TESTR,AKR-TESTR-<MAC6>,0.0,1.0,0.0,100.0
126700,2,walk,walk,10608,,10608.0,20.0,0.0,0.0,1.0,-8.22,-0.034,0.299,0.0,34.0,28.18,0.0,11.0,0.0,9.0,-6.43,-0.11,-0.99,-0.15,16.8,-2.0,-26.61,269.0,TESTR,AKR-TESTR-<MAC6>,0.0,1.0,0.0,100.0
126720,2,walk,walk,10609,,10609.0,20.0,0.0,0.0,1.0,-7.93,-0.03,0.218,0.0,34.0,28.18,0.0,11.0,0.0,9.0,-5.82,-0.1,-0.99,-0.15,17.31,-1.98,-26.61,269.0,TESTR,AKR-TESTR-<MAC6>,0.0,1.0,0.0,100.0
126740,2,walk,walk,10610,,10610.0,20.0,0.0,6.0,2.0,-7.62,-0.027,-0.037,0.0,34.0,28.14,0.0,11.0,0.0,9.0,-5.21,-0.09,-0.99,-0.14,17.7,-1.89,-26.36,269.0,TESTR,AKR-TESTR-<MAC6>,0.0,1.0,0.0,100.0
126760,2,walk,walk,10611,,10611.0,20.0,0.0,6.0,2.0,-7.28,-0.026,0.136,-0.043,34.0,28.14,0.0,18.0,0.0,9.0,-4.62,-0.08,-0.99,-0.13,17.99,-1.78,-25.91,270.0,TESTR,AKR-TESTR-<MAC6>,0.0,1.0,0.0,100.0
126800,2,walk,walk,10612,,10612.0,20.0,0.0,6.0,2.0,-6.92,-0.016,0.583,0.347,34.0,28.14,0.0,18.0,0.0,9.0,-4.06,-0.07,-1.0,-0.12,18.2,-1.71,-25.37,270.0,TESTR,AKR-TESTR-<MAC6>,0.0,1.0,0.0,100.0
126820,2,walk,walk,10613,,10613.0,20.0,1.0,6.0,2.0,-6.54,-0.01,0.314,0.446,34.0,28.14,0.0,19.0,0.0,9.0,-3.53,-0.06,-1.0,-0.12,18.32,-1.57,-24.83,270.0,TESTR,AKR-TESTR-<MAC6>,0.0,1.0,0.0,100.0
126820,2,walk,walk,10614,,10614.0,20.0,1.0,6.0,2.0,-6.15,-0.007,0.144,0.513,34.0,28.14,0.0,19.0,0.0,9.0,-3.02,-0.05,-1.0,-0.11,18.31,-1.16,-24.27,270.0,TESTR,AKR-TESTR-<MAC6>,0.0,1.0,0.0,100.0
126840,2,walk,walk,10615,,10615.0,20.0,1.0,6.0,2.0,-5.74,-0.006,0.025,0.627,34.0,28.14,0.0,19.0,0.0,9.0,-2.46,-0.04,-1.0,-0.11,18.04,-0.11,-23.66,270.0,TESTR,AKR-TESTR-<MAC6>,0.0,1.0,0.0,100.0
126860,2,walk,walk,10616,,10616.0,20.0,1.0,6.0,2.0,-5.32,-0.006,0.116,0.681,34.0,28.14,0.0,19.0,0.0,9.0,-1.78,-0.03,-1.0,-0.11,17.22,2.41,-22.82,270.0,TESTR,AKR-TESTR-<MAC6>,0.0,1.0,0.0,100.0
126880,2,walk,walk,10617,,10617.0,20.0,1.0,6.0,2.0,-4.9,-0.007,-0.072,0.791,34.0,28.14,0.0,19.0,0.0,9.0,-0.94,-0.02,-1.01,-0.12,15.63,7.44,-21.57,270.0,TESTR,AKR-TESTR-<MAC6>,0.0,1.0,0.0,100.0
126900,2,walk,walk,10618,,10618.0,20.0,1.0,6.0,2.0,-4.46,-0.007,-0.093,0.941,34.0,28.14,0.0,19.0,0.0,9.0,0.05,0.0,-1.0,-0.13,13.14,16.07,-19.7,270.0,TESTR,AKR-TESTR-<MAC6>,0.0,1.0,0.0,100.0
126940,2,walk,walk,10619,,10619.0,20.0,1.0,6.0,2.0,-4.03,-0.008,-0.029,1.039,34.0,28.14,0.0,19.0,0.0,9.0,1.15,0.02,-1.0,-0.14,9.73,29.24,-16.98,270.0,TESTR,AKR-TESTR-<MAC6>,0.0,1.0,0.0,100.0
126940,2,walk,walk,10620,,10620.0,20.0,1.0,6.0,2.0,-3.59,-0.008,0.036,0.958,34.0,28.14,0.0,19.0,0.0,9.0,2.27,0.04,-1.0,-0.16,5.43,47.25,-13.17,270.0,TESTR,AKR-TESTR-<MAC6>,0.0,1.0,0.0,100.0
126960,2,walk,walk,10621,,10621.0,20.0,1.0,6.0,2.0,-3.16,-0.008,0.015,0.924,34.0,28.14,0.0,19.0,0.0,9.0,3.26,0.06,-1.0,-0.18,0.41,69.5,-8.2,270.0,TESTR,AKR-TESTR-<MAC6>,0.0,1.0,0.0,100.0
126980,2,walk,walk,10622,,10622.0,20.0,1.0,6.0,2.0,-2.73,-0.008,0.038,0.921,34.0,28.14,0.0,19.0,0.0,9.0,3.93,0.07,-1.0,-0.2,-5.0,94.43,-2.31,270.0,TESTR,AKR-TESTR-<MAC6>,0.0,1.0,0.0,100.0
127000,2,walk,walk,10623,,10623.0,20.0,1.0,6.0,2.0,-2.31,-0.008,0.025,0.946,34.0,28.14,0.0,19.0,0.0,9.0,4.11,0.07,-1.0,-0.22,-10.39,119.58,4.0,270.0,TESTR,AKR-TESTR-<MAC6>,0.0,1.0,0.0,100.0
127020,2,walk,walk,10624,,10624.0,20.0,1.0,6.0,2.0,-1.92,-0.008,-0.04,0.965,34.0,28.14,0.0,19.0,0.0,9.0,3.7,0.06,-0.99,-0.23,-15.29,141.98,10.02,270.0,TESTR,AKR-TESTR-<MAC6>,0.0,1.0,0.0,100.0
127040,2,walk,walk,10625,,10625.0,20.0,1.0,6.0,2.0,-1.55,-0.008,0.06,0.969,34.0,28.14,0.0,19.0,0.0,9.0,2.7,0.05,-0.99,-0.23,-19.27,158.77,15.06,270.0,TESTR,AKR-TESTR-<MAC6>,0.0,1.0,0.0,100.0
127060,2,walk,walk,10626,,10626.0,20.0,1.0,6.0,2.0,-1.21,-0.009,0.088,0.981,34.0,28.14,0.0,19.0,0.0,9.0,1.25,0.02,-0.99,-0.23,-22.03,167.95,18.62,270.0,TESTR,AKR-TESTR-<MAC6>,0.0,1.0,0.0,100.0
127080,2,walk,walk,10627,,10627.0,20.0,1.0,6.0,2.0,-0.91,-0.009,-0.07,1.046,34.0,28.14,0.0,19.0,0.0,9.0,-0.46,-0.01,-0.98,-0.22,-23.4,168.78,20.47,270.0,TESTR,AKR-TESTR-<MAC6>,0.0,1.0,0.0,100.0
127120,2,walk,walk,10628,,10628.0,20.0,1.0,6.0,2.0,-0.66,-0.009,0.087,1.066,34.0,28.11,0.0,19.0,0.0,9.0,-2.14,-0.04,-0.98,-0.21,-23.37,161.78,20.63,270.0,TESTR,AKR-TESTR-<MAC6>,0.0,1.0,0.0,100.0
127120,2,walk,walk,10629,,10629.0,20.0,1.0,6.0,2.0,-0.47,-0.009,0.041,1.085,34.0,28.11,0.0,19.0,0.0,9.0,-3.56,-0.06,-0.98,-0.19,-22.08,148.66,19.34,270.0,TESTR,AKR-TESTR-<MAC6>,0.0,1.0,0.0,100.0
127140,2,walk,walk,10630,,10630.0,20.0,1.0,6.0,2.0,-0.33,-0.01,0.017,1.099,34.0,28.11,0.0,19.0,0.0,9.0,-4.53,-0.08,-0.98,-0.17,-19.83,131.84,16.95,270.0,TESTR,AKR-TESTR-<MAC6>,0.0,1.0,0.0,100.0
127160,2,walk,walk,10631,,10631.0,20.0,1.0,6.0,2.0,-0.24,-0.009,0.068,1.039,34.0,28.11,0.0,19.0,0.0,9.0,-5.03,-0.09,-0.98,-0.16,-17.01,113.83,14.06,270.0,TESTR,AKR-TESTR-<MAC6>,0.0,1.0,0.0,100.0
127200,2,walk,walk,10632,,10632.0,20.0,1.0,6.0,2.0,-0.21,-0.009,-0.057,0.972,34.0,28.14,0.0,19.0,0.0,9.0,-5.19,-0.09,-0.98,-0.15,-13.97,96.69,11.25,270.0,TESTR,AKR-TESTR-<MAC6>,0.0,1.0,0.0,100.0
127200,2,walk,walk,10633,,10633.0,20.0,1.0,6.0,2.0,-0.24,-0.009,0.099,1.039,34.0,28.14,0.0,19.0,0.0,9.0,-5.18,-0.09,-0.98,-0.14,-10.94,81.72,8.85,270.0,TESTR,AKR-TESTR-<MAC6>,0.0,1.0,0.0,100.0
127220,2,walk,walk,10634,,10634.0,20.0,1.0,6.0,2.0,-0.3,-0.009,-0.066,1.102,34.0,28.11,0.0,19.0,0.0,9.0,-5.13,-0.09,-0.98,-0.13,-8.09,69.49,7.0,270.0,TESTR,AKR-TESTR-<MAC6>,0.0,1.0,0.0,100.0
127240,2,walk,walk,10635,,10635.0,20.0,1.0,6.0,2.0,-0.41,-0.01,-0.13,1.282,34.0,28.11,0.0,19.0,0.0,9.0,-5.1,-0.09,-0.99,-0.13,-5.51,59.84,5.67,270.0,TESTR,AKR-TESTR-<MAC6>,0.0,1.0,0.0,100.0
127280,2,walk,walk,10636,,10636.0,20.0,1.0,6.0,2.0,-0.54,-0.012,-0.042,1.462,34.0,28.11,0.0,19.0,0.0,9.0,-5.11,-0.09,-0.99,-0.13,-3.23,52.23,4.78,270.0,TESTR,AKR-TESTR-<MAC6>,0.0,1.0,0.0,100.0
127280,2,walk,walk,10637,,10637.0,20.0,1.0,6.0,2.0,-0.7,-0.013,-0.107,1.558,34.0,28.11,0.0,19.0,0.0,9.0,-5.14,-0.09,-0.99,-0.13,-1.25,46.04,4.17,270.0,TESTR,AKR-TESTR-<MAC6>,0.0,1.0,0.0,100.0
127300,2,walk,walk,10638,,10638.0,20.0,1.0,6.0,2.0,-0.88,-0.014,-0.099,1.641,34.0,28.11,0.0,19.0,0.0,9.0,-5.15,-0.09,-1.0,-0.13,0.42,40.86,3.73,270.0,TESTR,AKR-TESTR-<MAC6>,0.0,1.0,0.0,100.0
127320,2,walk,walk,10639,,10639.0,20.0,1.0,6.0,2.0,-1.07,-0.014,-0.097,1.689,34.0,28.11,0.0,19.0,0.0,9.0,-5.13,-0.09,-1.0,-0.13,1.77,36.39,3.38,270.0,TESTR,AKR-TESTR-<MAC6>,0.0,1.0,0.0,100.0
127340,2,walk,walk,10640,,10640.0,20.0,1.0,6.0,2.0,-1.26,-0.014,0.014,1.689,34.0,28.07,0.0,19.0,0.0,9.0,-5.05,-0.09,-1.0,-0.13,2.81,32.43,3.02,270.0,TESTR,AKR-TESTR-<MAC6>,0.0,1.0,0.0,100.0
127360,2,walk,walk,10641,,10641.0,20.0,1.0,6.0,2.0,-1.45,-0.014,0.142,1.68,34.0,28.11,0.0,19.0,0.0,9.0,-4.9,-0.09,-1.0,-0.13,3.56,28.84,2.64,270.0,TESTR,AKR-TESTR-<MAC6>,0.0,1.0,0.0,100.0
127380,2,walk,walk,10642,,10642.0,20.0,1.0,6.0,2.0,-1.64,-0.014,0.028,1.697,34.0,28.11,0.0,19.0,0.0,9.0,-4.69,-0.08,-1.0,-0.13,4.07,25.55,2.21,270.0,TESTR,AKR-TESTR-<MAC6>,0.0,1.0,0.0,100.0
127400,2,walk,walk,10643,,10643.0,20.0,1.0,6.0,2.0,-1.83,-0.014,0.029,1.705,34.0,28.11,0.0,19.0,0.0,9.0,-4.42,-0.08,-1.0,-0.13,4.4,22.52,1.76,270.0,TESTR,AKR-TESTR-<MAC6>,0.0,1.0,0.0,100.0
127420,2,walk,walk,10644,,10644.0,20.0,2.0,6.0,2.0,-2.01,-0.015,0.019,1.755,34.0,28.11,0.0,20.0,0.0,9.0,-4.09,-0.07,-1.0,-0.13,4.63,19.74,1.31,270.0,TESTR,AKR-TESTR-<MAC6>,0.0,1.0,0.0,100.0
127460,2,walk,walk,10645,,10645.0,20.0,1.0,6.0,2.0,-2.17,-0.015,0.005,1.875,34.0,28.07,0.0,19.0,0.0,9.0,-3.73,-0.07,-1.0,-0.13,4.8,17.21,0.88,270.0,TESTR,AKR-TESTR-<MAC6>,0.0,1.0,0.0,100.0
127460,2,walk,walk,10646,,10646.0,20.0,2.0,6.0,2.0,-2.33,-0.016,-0.021,1.94,34.0,28.07,0.0,20.0,0.0,9.0,-3.34,-0.06,-1.0,-0.13,4.97,14.92,0.53,270.0,TESTR,AKR-TESTR-<MAC6>,0.0,1.0,0.0,100.0
127480,2,walk,walk,10647,,10647.0,20.0,2.0,6.0,2.0,-2.48,-0.017,-0.062,2.018,34.0,28.07,0.0,20.0,0.0,9.0,-2.93,-0.05,-1.0,-0.13,5.17,12.87,0.28,270.0,TESTR,AKR-TESTR-<MAC6>,0.0,1.0,0.0,100.0
127500,2,walk,walk,10648,,10648.0,20.0,2.0,6.0,2.0,-2.61,-0.017,-0.022,2.132,34.0,28.07,0.0,20.0,0.0,9.0,-2.51,-0.04,-1.0,-0.13,5.43,11.04,0.15,270.0,TESTR,AKR-TESTR-<MAC6>,0.0,1.0,0.0,100.0
127520,2,walk,walk,10649,,10649.0,20.0,2.0,6.0,2.0,-2.73,-0.019,-0.011,2.3,34.0,28.07,0.0,20.0,0.0,9.0,-2.1,-0.04,-1.0,-0.13,5.79,9.43,0.17,270.0,TESTR,AKR-TESTR-<MAC6>,0.0,1.0,0.0,100.0
127540,2,walk,walk,10650,,10650.0,20.0,2.0,6.0,2.0,-2.84,-0.02,-0.143,2.51,34.0,28.04,0.0,20.0,0.0,9.0,-1.71,-0.03,-1.0,-0.13,6.25,8.0,0.36,270.0,TESTR,AKR-TESTR-<MAC6>,0.0,1.0,0.0,100.0
127560,2,walk,walk,10651,,10651.0,20.0,2.0,6.0,2.0,-2.93,-0.022,-0.05,2.668,34.0,28.04,0.0,20.0,0.0,9.0,-1.33,-0.02,-1.0,-0.13,6.79,6.75,0.75,270.0,TESTR,AKR-TESTR-<MAC6>,0.0,1.0,0.0,100.0
127600,2,walk,walk,10652,,10652.0,20.0,2.0,6.0,2.0,-3.01,-0.024,-0.105,2.94,34.0,27.97,0.0,19.0,0.0,9.0,-0.97,-0.02,-1.0,-0.13,7.34,5.64,1.37,270.0,TESTR,AKR-TESTR-<MAC6>,0.0,1.0,0.0,100.0
127620,2,walk,walk,10653,,10653.0,20.0,1.0,6.0,2.0,-3.07,-0.025,-0.079,3.146,34.0,27.97,0.0,18.0,0.0,9.0,-0.65,-0.01,-1.0,-0.12,7.8,4.65,2.23,270.0,TESTR,AKR-TESTR-<MAC6>,0.0,1.0,0.0,100.0
127620,2,walk,walk,10654,,10654.0,20.0,1.0,6.0,2.0,-3.13,-0.027,-0.14,3.388,34.0,27.93,0.0,18.0,0.0,9.0,-0.38,-0.01,-1.0,-0.12,8.06,3.78,3.3,270.0,TESTR,AKR-TESTR-<MAC6>,0.0,1.0,0.0,100.0
127640,2,walk,walk,10655,,10655.0,20.0,1.0,6.0,2.0,-3.18,-0.03,-0.229,3.713,34.0,27.9,0.0,18.0,0.0,9.0,-0.18,0.0,-1.0,-0.11,8.07,3.01,4.58,270.0,TESTR,AKR-TESTR-<MAC6>,0.0,1.0,0.0,100.0
127660,2,walk,walk,10656,,10656.0,20.0,1.0,6.0,2.0,-3.21,-0.033,-0.112,4.081,34.0,27.86,0.0,18.0,0.0,9.0,-0.08,0.0,-1.0,-0.11,7.8,2.33,5.98,270.0,TESTR,AKR-TESTR-<MAC6>,0.0,1.0,0.0,100.0
127680,2,walk,walk,10657,,10657.0,20.0,1.0,6.0,2.0,-3.25,-0.035,-0.181,4.323,34.0,27.83,0.0,18.0,0.0,9.0,-0.09,0.0,-1.0,-0.1,7.3,1.76,7.38,270.0,TESTR,AKR-TESTR-<MAC6>,0.0,1.0,0.0,100.0
127700,2,walk,walk,10658,,10658.0,20.0,1.0,6.0,2.0,-3.27,-0.036,-0.028,4.39,34.0,27.83,0.0,18.0,0.0,9.0,-0.24,0.0,-1.0,-0.1,6.69,1.31,8.62,270.0,TESTR,AKR-TESTR-<MAC6>,0.0,1.0,0.0,100.0
127720,2,walk,walk,10659,,10659.0,20.0,1.0,6.0,2.0,-3.3,-0.036,0.018,4.253,34.0,27.83,0.0,18.0,0.0,9.0,-0.5,-0.01,-1.0,-0.1,6.07,1.02,9.5,270.0,TESTR,AKR-TESTR-<MAC6>,0.0,1.0,0.0,100.0
127740,2,walk,walk,10660,,10660.0,20.0,1.0,6.0,2.0,-3.33,-0.034,0.01,4.02,34.0,27.86,0.0,18.0,0.0,9.0,-0.83,-0.01,-1.0,-0.09,5.52,0.89,9.89,271.0,TESTR,AKR-TESTR-<MAC6>,0.0,1.0,0.0,100.0
127780,2,walk,walk,10661,,10661.0,20.0,1.0,6.0,2.0,-3.36,-0.032,0.132,3.679,34.0,27.9,0.0,18.0,0.0,9.0,-1.2,-0.02,-1.0,-0.09,5.05,0.92,9.77,271.0,TESTR,AKR-TESTR-<MAC6>,0.0,1.0,0.0,100.0
127800,2,walk,walk,10662,,10662.0,20.0,1.0,6.0,2.0,-3.39,-0.03,0.191,3.389,34.0,27.93,0.0,18.0,0.0,9.0,-1.56,-0.03,-1.0,-0.09,4.64,1.08,9.14,271.0,TESTR,AKR-TESTR-<MAC6>,0.0,1.0,0.0,100.0
127800,2,walk,walk,10663,,10663.0,20.0,1.0,6.0,2.0,-3.44,-0.027,0.119,3.171,34.0,27.93,0.0,18.0,0.0,9.0,-1.88,-0.03,-1.0,-0.09,4.28,1.31,8.11,271.0,TESTR,AKR-TESTR-<MAC6>,0.0,1.0,0.0,100.0
127840,2,walk,walk,10664,,10664.0,20.0,1.0,6.0,2.0,-3.49,-0.025,0.088,2.912,34.0,27.97,0.0,18.0,0.0,9.0,-2.16,-0.04,-1.0,-0.09,4.01,1.59,6.76,271.0,TESTR,AKR-TESTR-<MAC6>,0.0,1.0,0.0,100.0
127840,2,walk,walk,10665,,10665.0,20.0,1.0,6.0,2.0,-3.54,-0.023,0.136,2.747,34.0,28.0,0.0,18.0,0.0,9.0,-2.37,-0.04,-1.0,-0.09,3.88,1.89,5.2,271.0,TESTR,AKR-TESTR-<MAC6>,0.0,1.0,0.0,100.0
127860,2,walk,walk,10666,,10666.0,20.0,1.0,6.0,2.0,-3.61,-0.022,0.144,2.509,34.0,28.0,0.0,18.0,0.0,9.0,-2.53,-0.04,-1.0,-0.09,3.91,2.18,3.5,271.0,TESTR,AKR-TESTR-<MAC6>,0.0,1.0,0.0,100.0
127880,2,walk,walk,10667,,10667.0,20.0,2.0,6.0,2.0,-3.68,-0.019,0.131,2.258,34.0,28.04,0.0,19.0,0.0,9.0,-2.63,-0.05,-1.0,-0.09,4.11,2.44,1.73,271.0,TESTR,AKR-TESTR-<MAC6>,0.0,1.0,0.0,100.0
127900,2,walk,walk,10668,,10668.0,20.0,2.0,6.0,2.0,-3.75,-0.017,0.177,1.961,34.0,28.07,0.0,19.0,0.0,9.0,-2.69,-0.05,-1.01,-0.1,4.45,2.66,-0.08,271.0,TESTR,AKR-TESTR-<MAC6>,0.0,1.0,0.0,100.0
127940,2,walk,walk,10669,,10669.0,20.0,2.0,6.0,2.0,-3.81,-0.015,0.093,1.757,34.0,28.07,0.0,19.0,0.0,9.0,-2.69,-0.05,-1.01,-0.1,4.91,2.82,-1.89,271.0,TESTR,AKR-TESTR-<MAC6>,0.0,1.0,0.0,100.0
127940,2,walk,walk,10670,,10670.0,20.0,2.0,6.0,2.0,-3.88,-0.013,0.036,1.502,34.0,28.11,0.0,19.0,0.0,9.0,-2.66,-0.05,-1.01,-0.1,5.46,2.94,-3.68,271.0,TESTR,AKR-TESTR-<MAC6>,0.0,1.0,0.0,100.0
127960,2,walk,walk,10671,,10671.0,20.0,2.0,6.0,2.0,-3.94,-0.012,0.147,1.333,34.0,28.11,0.0,19.0,0.0,9.0,-2.58,-0.05,-1.01,-0.09,6.08,3.02,-5.43,271.0,TESTR,AKR-TESTR-<MAC6>,0.0,1.0,0.0,100.0
127980,2,walk,walk,10672,,10672.0,20.0,2.0,6.0,2.0,-3.99,-0.01,0.14,1.15,34.0,28.11,0.0,19.0,0.0,9.0,-2.45,-0.04,-1.01,-0.09,6.76,3.09,-7.1,271.0,TESTR,AKR-TESTR-<MAC6>,0.0,1.0,0.0,100.0
128000,2,walk,walk,10673,,10673.0,20.0,2.0,6.0,2.0,-4.03,-0.009,0.066,1.123,34.0,28.14,0.0,19.0,0.0,9.0,-2.26,-0.04,-1.01,-0.09,7.47,3.23,-8.64,271.0,TESTR,AKR-TESTR-<MAC6>,0.0,1.0,0.0,100.0
128020,2,walk,walk,10674,,10674.0,20.0,2.0,6.0,2.0,-4.05,-0.009,-0.062,1.135,34.0,28.11,0.0,19.0,0.0,9.0,-1.98,-0.04,-1.01,-0.09,8.15,3.64,-9.98,271.0,TESTR,AKR-TESTR-<MAC6>,0.0,1.0,0.0,100.0
128040,2,walk,walk,10675,,10675.0,20.0,2.0,6.0,2.0,-4.06,-0.01,-0.026,1.154,34.0,28.11,0.0,19.0,0.0,9.0,-1.57,-0.03,-1.01,-0.1,8.62,4.76,-10.99,271.0,TESTR,AKR-TESTR-<MAC6>,0.0,1.0,0.0,100.0
128100,2,walk,walk,10676,,10676.0,20.0,2.0,6.0,2.0,-4.04,-0.01,-0.116,1.316,34.0,28.11,0.0,19.0,0.0,9.0,-0.98,-0.02,-1.01,-0.1,8.69,7.33,-11.52,271.0,TESTR,AKR-TESTR-<MAC6>,0.0,1.0,0.0,100.0
128100,2,walk,walk,10677,,10677.0,20.0,2.0,6.0,2.0,-4.01,-0.012,-0.178,1.56,34.0,28.11,0.0,19.0,0.0,9.0,-0.18,0.0,-1.01,-0.11,8.12,12.38,-11.37,271.0,TESTR,AKR-TESTR-<MAC6>,0.0,1.0,0.0,100.0
128100,2,walk,walk,10678,,10678.0,20.0,0.0,6.0,2.0,-3.95,-0.014,0.023,1.604,34.0,28.11,0.0,17.0,0.0,9.0,0.87,0.02,-1.01,-0.12,6.72,21.2,-10.31,271.0,TESTR,AKR-TESTR-<MAC6>,0.0,1.0,0.0,100.0
128120,2,walk,walk,10679,,10679.0,20.0,1.0,6.0,2.0,-3.87,-0.013,0.023,1.503,34.0,28.11,0.0,18.0,0.0,9.0,2.14,0.04,-1.0,-0.14,4.35,34.74,-8.1,271.0,TESTR,AKR-TESTR-<MAC6>,0.0,1.0,0.0,100.0
128140,2,walk,walk,10680,,10680.0,20.0,1.0,6.0,2.0,-3.77,-0.011,0.107,1.235,34.0,28.11,0.0,18.0,0.0,9.0,3.5,0.06,-1.0,-0.15,1.04,52.99,-4.7,271.0,TESTR,AKR-TESTR-<MAC6>,0.0,1.0,0.0,100.0
128160,2,walk,walk,10681,,10681.0,20.0,1.0,6.0,2.0,-3.65,-0.01,0.006,1.184,34.0,28.11,0.0,18.0,0.0,9.0,4.71,0.08,-1.0,-0.16,-2.91,74.69,-0.37,271.0,TESTR,AKR-TESTR-<MAC6>,0.0,1.0,0.0,100.0
128180,2,walk,walk,10682,,10682.0,20.0,1.0,6.0,2.0,-3.52,-0.01,0.045,1.181,34.0,28.11,0.0,18.0,0.0,9.0,5.52,0.1,-1.01,-0.17,-6.93,97.32,4.34,271.0,TESTR,AKR-TESTR-<MAC6>,0.0,1.0,0.0,100.0
128200,2,walk,walk,10683,,10683.0,20.0,1.0,1.0,5.0,-3.37,-0.01,0.053,1.175,34.0,28.11,0.0,18.0,0.0,10.0,5.79,0.1,-1.01,-0.18,-10.39,117.87,8.73,271.0,TESTR,AKR-TESTR-<MAC6>,0.0,1.0,0.0,100.0
128220,2,walk,walk,10684,,10684.0,20.0,0.0,1.0,6.0,-3.22,-0.01,0.025,1.192,34.0,28.0,0.0,19.0,0.0,10.0,5.56,0.1,-1.01,-0.17,-12.82,133.51,11.9,271.0,TESTR,AKR-TESTR-<MAC6>,0.0,1.0,0.0,100.0
128240,2,walk,walk,10685,,10685.0,20.0,0.0,1.0,6.0,-3.07,0.026,3.312,2.036,34.0,27.93,0.0,19.0,0.0,10.0,4.98,0.09,-1.02,-0.16,-13.94,142.37,13.19,271.0,TESTR,AKR-TESTR-<MAC6>,0.0,1.0,0.0,100.0
128260,2,walk,walk,10686,,10686.0,20.0,0.0,3.0,7.0,-2.93,0.07,2.771,2.692,34.0,27.9,0.0,19.0,0.0,10.0,4.25,0.08,-1.02,-0.15,-13.73,143.95,12.37,271.0,TESTR,AKR-TESTR-<MAC6>,0.0,1.0,0.0,100.0
128280,2,walk,walk,10687,,10687.0,20.0,0.0,3.0,7.0,-2.79,0.108,2.267,3.159,34.0,27.83,0.0,19.0,0.0,10.0,3.6,0.06,-1.01,-0.13,-12.29,139.11,9.62,271.0,TESTR,AKR-TESTR-<MAC6>,0.0,1.0,0.0,100.0
128300,2,walk,walk,10688,,10688.0,20.0,0.0,3.0,7.0,-2.67,0.139,1.921,3.632,34.0,27.83,0.0,19.0,0.0,10.0,3.19,0.06,-1.01,-0.1,-9.85,129.78,5.42,271.0,TESTR,AKR-TESTR-<MAC6>,0.0,1.0,0.0,100.0
128320,2,walk,walk,10689,,10689.0,20.0,0.0,0.0,1.0,-2.57,0.161,1.219,3.756,34.0,27.9,0.0,19.0,0.0,10.0,3.13,0.06,-1.01,-0.08,-6.77,118.45,0.53,271.0,TESTR,AKR-TESTR-<MAC6>,0.0,1.0,0.0,100.0
128340,2,walk,walk,10690,,10690.0,20.0,0.0,0.0,1.0,-2.48,0.165,-0.069,3.191,34.0,27.9,0.0,19.0,0.0,10.0,3.36,0.06,-1.01,-0.05,-3.53,107.62,-3.43,271.0,TESTR,AKR-TESTR-<MAC6>,0.0,1.0,0.0,100.0
128380,2,walk,walk,10691,,10691.0,20.0,0.0,0.0,1.0,-2.4,0.013,-32.768,0.0,34.0,28.18,0.0,12.0,0.0,10.0,3.74,0.07,-1.01,-0.03,-0.45,99.2,-5.16,271.0,TESTR,AKR-TESTR-<MAC6>,0.0,1.0,0.0,100.0
128400,2,walk,walk,10692,,10692.0,20.0,0.0,0.0,1.0,-2.33,-0.102,-5.456,0.0,34.0,28.18,0.0,12.0,0.0,10.0,4.17,0.07,-1.02,-0.02,2.39,93.83,-4.52,271.0,TESTR,AKR-TESTR-<MAC6>,0.0,1.0,0.0,100.0
128400,2,walk,walk,10693,,10693.0,20.0,0.0,0.0,1.0,-2.26,-0.135,0.142,0.0,34.0,28.14,0.0,12.0,0.0,10.0,4.56,0.08,-1.03,-0.02,5.02,91.17,-2.3,271.0,TESTR,AKR-TESTR-<MAC6>,0.0,1.0,0.0,100.0
128440,2,walk,walk,10694,,10694.0,20.0,0.0,0.0,1.0,-2.18,-0.121,1.074,0.0,34.0,28.14,0.0,12.0,0.0,10.0,4.83,0.09,-1.04,-0.02,7.35,90.32,0.61,271.0,TESTR,AKR-TESTR-<MAC6>,0.0,1.0,0.0,100.0
128440,2,walk,walk,10695,,10695.0,20.0,1.0,0.0,1.0,-2.11,-0.109,0.53,0.0,34.0,28.14,0.0,13.0,0.0,10.0,4.91,0.09,-1.04,-0.03,9.24,90.24,3.59,271.0,TESTR,AKR-TESTR-<MAC6>,0.0,1.0,0.0,100.0
128460,2,walk,walk,10696,,10696.0,20.0,1.0,0.0,1.0,-2.03,-0.109,-0.042,0.0,34.0,28.14,0.0,13.0,0.0,10.0,4.76,0.09,-1.03,-0.04,10.57,89.91,6.26,271.0,TESTR,AKR-TESTR-<MAC6>,0.0,1.0,0.0,100.0
128480,2,walk,walk,10697,,10697.0,20.0,1.0,0.0,1.0,-1.95,-0.109,-0.066,0.0,34.0,28.18,0.0,13.0,0.0,10.0,4.38,0.08,-1.02,-0.06,11.35,88.55,8.36,271.0,TESTR,AKR-TESTR-<MAC6>,0.0,1.0,0.0,100.0
128500,2,walk,walk,10698,,10698.0,20.0,1.0,0.0,1.0,-1.87,-0.109,-0.081,0.0,34.0,28.18,0.0,13.0,0.0,10.0,3.83,0.07,-1.01,-0.08,11.64,85.79,9.77,271.0,TESTR,AKR-TESTR-<MAC6>,0.0,1.0,0.0,100.0
128520,2,walk,walk,10699,,10699.0,20.0,1.0,6.0,2.0,-1.8,-0.11,0.042,0.0,34.0,28.18,0.0,13.0,0.0,10.0,3.19,0.06,-1.0,-0.1,11.51,81.63,10.46,271.0,TESTR,AKR-TESTR-<MAC6>,0.0,1.0,0.0,100.0
128540,2,walk,walk,10700,,10700.0,20.0,0.0,6.0,2.0,-1.73,-0.11,-0.062,-0.096,34.0,28.11,0.0,18.0,0.0,10.0,2.6,0.04,-0.99,-0.12,11.04,76.4,10.1,271.0,TESTR,AKR-TESTR-<MAC6>,0.0,1.0,0.0,100.0
128560,2,walk,walk,10701,,10701.0,20.0,0.0,6.0,2.0,-1.67,-0.071,3.192,0.784,34.0,28.07,0.0,18.0,0.0,10.0,2.15,0.04,-0.97,-0.14,10.25,70.58,8.73,271.0,TESTR,AKR-TESTR-<MAC6>,0.0,1.0,0.0,100.0
128600,2,walk,walk,10702,,10702.0,20.0,0.0,6.0,2.0,-1.62,-0.036,1.573,0.977,34.0,28.11,0.0,18.0,0.0,10.0,1.87,0.03,-0.96,-0.15,9.19,64.64,6.53,271.0,TESTR,AKR-TESTR-<MAC6>,0.0,1.0,0.0,100.0
128620,2,walk,walk,10703,,10703.0,20.0,0.0,6.0,2.0,-1.59,-0.022,0.574,1.219,34.0,28.11,0.0,18.0,0.0,10.0,1.75,0.03,-0.95,-0.16,7.87,59.12,3.81,271.0,TESTR,AKR-TESTR-<MAC6>,0.0,1.0,0.0,100.0
128620,2,walk,walk,10704,,10704.0,20.0,0.0,6.0,2.0,-1.56,-0.016,0.21,1.406,34.0,28.11,0.0,18.0,0.0,10.0,1.72,0.03,-0.94,-0.17,6.31,54.46,0.94,271.0,TESTR,AKR-TESTR-<MAC6>,0.0,1.0,0.0,100.0
128640,2,walk,walk,10705,,10705.0,20.0,0.0,6.0,2.0,-1.55,-0.014,0.022,1.529,34.0,28.11,0.0,18.0,0.0,10.0,1.74,0.03,-0.94,-0.18,4.59,50.9,-1.83,271.0,TESTR,AKR-TESTR-<MAC6>,0.0,1.0,0.0,100.0
128660,2,walk,walk,10706,,10706.0,20.0,1.0,6.0,2.0,-1.54,-0.014,0.026,1.594,34.0,28.11,0.0,19.0,0.0,10.0,1.72,0.03,-0.93,-0.19,2.76,48.39,-4.3,271.0,TESTR,AKR-TESTR-<MAC6>,0.0,1.0,0.0,100.0
128680,2,walk,walk,10707,,10707.0,20.0,1.0,6.0,2.0,-1.53,-0.014,-0.068,1.652,34.0,28.11,0.0,19.0,0.0,10.0,1.61,0.03,-0.93,-0.19,0.83,46.64,-6.38,271.0,TESTR,AKR-TESTR-<MAC6>,0.0,1.0,0.0,100.0
128700,2,walk,walk,10708,,10708.0,20.0,1.0,6.0,2.0,-1.52,-0.014,0.019,1.675,34.0,28.11,0.0,19.0,0.0,10.0,1.38,0.02,-0.93,-0.2,-1.17,45.15,-8.03,271.0,TESTR,AKR-TESTR-<MAC6>,0.0,1.0,0.0,100.0
128740,2,walk,walk,10709,,10709.0,20.0,1.0,6.0,2.0,-1.5,-0.011,0.181,1.227,34.0,28.11,0.0,19.0,0.0,10.0,1.04,0.02,-0.94,-0.2,-3.04,43.78,-9.08,272.0,TESTR,AKR-TESTR-<MAC6>,0.0,1.0,0.0,100.0
128740,2,walk,walk,10710,,10710.0,20.0,1.0,6.0,2.0,-1.47,-0.011,-0.07,1.285,34.0,28.11,0.0,19.0,0.0,10.0,0.61,0.01,-0.95,-0.19,-4.65,42.79,-9.34,272.0,TESTR,AKR-TESTR-<MAC6>,0.0,1.0,0.0,100.0
128760,2,walk,walk,10711,,10711.0,20.0,1.0,6.0,2.0,-1.43,-0.011,0.029,1.266,34.0,28.11,0.0,19.0,0.0,10.0,0.14,0.0,-0.96,-0.19,-5.97,42.37,-8.84,272.0,TESTR,AKR-TESTR-<MAC6>,0.0,1.0,0.0,100.0
128800,2,walk,walk,10712,,10712.0,20.0,1.0,6.0,2.0,-1.38,-0.01,0.057,1.269,34.0,28.11,0.0,19.0,0.0,10.0,-0.38,-0.01,-0.97,-0.18,-6.97,42.38,-7.7,272.0,TESTR,AKR-TESTR-<MAC6>,0.0,1.0,0.0,100.0
128800,2,walk,walk,10713,,10713.0,20.0,1.0,6.0,2.0,-1.32,-0.01,0.029,1.2,34.0,28.11,0.0,19.0,0.0,10.0,-0.96,-0.02,-0.98,-0.16,-7.61,42.46,-6.16,272.0,TESTR,AKR-TESTR-<MAC6>,0.0,1.0,0.0,100.0
128820,2,walk,walk,10714,,10714.0,20.0,1.0,6.0,2.0,-1.24,-0.01,-0.036,1.199,34.0,28.11,0.0,19.0,0.0,10.0,-1.57,-0.03,-0.99,-0.14,-7.93,42.18,-4.53,272.0,TESTR,AKR-TESTR-<MAC6>,0.0,1.0,0.0,100.0
128840,2,walk,walk,10715,,10715.0,20.0,1.0,6.0,2.0,-1.15,-0.01,-0.068,1.156,34.0,28.11,0.0,19.0,0.0,10.0,-2.16,-0.04,-1.0,-0.12,-8.02,41.22,-3.07,272.0,TESTR,AKR-TESTR-<MAC6>,0.0,1.0,0.0,100.0
128860,2,walk,walk,10716,,10716.0,20.0,1.0,6.0,2.0,-1.06,-0.009,0.096,1.078,34.0,28.11,0.0,19.0,0.0,10.0,-2.66,-0.05,-1.01,-0.1,-7.94,39.49,-1.96,272.0,TESTR,AKR-TESTR-<MAC6>,0.0,1.0,0.0,100.0
128880,2,walk,walk,10717,,10717.0,20.0,1.0,6.0,2.0,-0.96,-0.009,0.028,1.03,34.0,28.14,0.0,19.0,0.0,10.0,-3.0,-0.05,-1.02,-0.08,-7.75,37.06,-1.25,272.0,TESTR,AKR-TESTR-<MAC6>,0.0,1.0,0.0,100.0
128920,2,walk,walk,10718,,10718.0,20.0,1.0,6.0,2.0,-0.86,-0.009,0.015,0.984,34.0,28.11,0.0,19.0,0.0,10.0,-3.14,-0.06,-1.03,-0.07,-7.49,34.1,-0.93,272.0,TESTR,AKR-TESTR-<MAC6>,0.0,1.0,0.0,100.0
128920,2,walk,walk,10719,,10719.0,20.0,1.0,6.0,2.0,-0.77,-0.008,-0.064,0.916,34.0,28.11,0.0,19.0,0.0,10.0,-3.06,-0.06,-1.03,-0.06,-7.15,30.83,-0.9,272.0,TESTR,AKR-TESTR-<MAC6>,0.0,1.0,0.0,100.0
128940,2,walk,walk,10720,,10720.0,20.0,1.0,6.0,2.0,-0.68,-0.007,0.064,0.883,34.0,28.11,0.0,19.0,0.0,10.0,-2.79,-0.05,-1.03,-0.05,-6.74,27.45,-1.02,272.0,TESTR,AKR-TESTR-<MAC6>,0.0,1.0,0.0,100.0
128980,2,walk,walk,10721,,10721.0,20.0,1.0,6.0,2.0,-0.61,-0.007,-0.041,0.878,34.0,28.14,0.0,19.0,0.0,10.0,-2.35,-0.04,-1.03,-0.05,-6.25,24.1,-1.16,272.0,TESTR,AKR-TESTR-<MAC6>,0.0,1.0,0.0,100.0
129000,2,walk,walk,10722,,10722.0,20.0,1.0,6.0,2.0,-0.54,-0.007,0.026,0.869,34.0,28.14,0.0,19.0,0.0,10.0,-1.8,-0.03,-1.03,-0.05,-5.7,20.92,-1.22,272.0,TESTR,AKR-TESTR-<MAC6>,0.0,1.0,0.0,100.0
129000,2,walk,walk,10723,,10723.0,20.0,1.0,6.0,2.0,-0.48,-0.007,0.109,0.865,34.0,28.14,0.0,19.0,0.0,10.0,-1.2,-0.02,-1.03,-0.05,-5.12,17.98,-1.15,272.0,TESTR,AKR-TESTR-<MAC6>,0.0,1.0,0.0,100.0
129020,2,walk,walk,10724,,10724.0,20.0,1.0,6.0,2.0,-0.43,-0.008,-0.017,0.874,34.0,28.14,0.0,19.0,0.0,10.0,-0.59,-0.01,-1.03,-0.05,-4.53,15.31,-0.93,272.0,TESTR,AKR-TESTR-<MAC6>,0.0,1.0,0.0,100.0
129040,2,walk,walk,10725,,10725.0,20.0,1.0,6.0,2.0,-0.38,-0.008,-0.009,0.938,34.0,28.11,0.0,19.0,0.0,10.0,-0.01,0.0,-1.02,-0.05,-3.96,12.92,-0.59,272.0,TESTR,AKR-TESTR-<MAC6>,0.0,1.0,0.0,100.0
129080,2,walk,walk,10726,,10726.0,20.0,1.0,6.0,2.0,-0.35,-0.009,-0.122,1.03,34.0,28.14,0.0,19.0,0.0,10.0,0.54,0.01,-1.02,-0.05,-3.44,10.83,-0.12,272.0,TESTR,AKR-TESTR-<MAC6>,0.0,1.0,0.0,100.0
129080,2,walk,walk,10727,,10727.0,20.0,1.0,6.0,2.0,-0.32,-0.009,-0.026,1.139,34.0,28.11,0.0,19.0,0.0,10.0,1.04,0.02,-1.02,-0.06,-2.97,9.01,0.49,272.0,TESTR,AKR-TESTR-<MAC6>,0.0,1.0,0.0,100.0
129100,2,walk,walk,10728,,10728.0,20.0,1.0,6.0,2.0,-0.3,-0.011,-0.048,1.382,34.0,28.11,0.0,19.0,0.0,10.0,1.51,0.03,-1.01,-0.06,-2.53,7.44,1.3,272.0,TESTR,AKR-TESTR-<MAC6>,0.0,1.0,0.0,100.0
129120,2,walk,walk,10729,,10729.0,20.0,1.0,6.0,2.0,-0.28,-0.014,-0.178,1.785,34.0,28.11,0.0,19.0,0.0,10.0,1.95,0.03,-1.01,-0.06,-2.09,6.13,2.35,272.0,TESTR,AKR-TESTR-<MAC6>,0.0,1.0,0.0,100.0
129160,2,walk,walk,10730,,10730.0,20.0,1.0,6.0,2.0,-0.26,-0.018,-0.191,2.216,34.0,28.07,0.0,19.0,0.0,10.0,2.33,0.04,-1.01,-0.07,-1.6,5.06,3.7,272.0,TESTR,AKR-TESTR-<MAC6>,0.0,1.0,0.0,100.0
129160,2,walk,walk,10731,,10731.0,20.0,1.0,6.0,2.0,-0.24,-0.022,-0.347,2.727,34.0,28.0,0.0,19.0,0.0,10.0,2.64,0.05,-1.01,-0.07,-1.06,4.15,5.3,272.0,TESTR,AKR-TESTR-<MAC6>,0.0,1.0,0.0,100.0
129180,2,walk,walk,10732,,10732.0,20.0,1.0,6.0,2.0,-0.23,-0.025,-0.174,3.027,34.0,28.0,0.0,19.0,0.0,10.0,2.84,0.05,-1.01,-0.07,-0.48,3.33,7.07,272.0,TESTR,AKR-TESTR-<MAC6>,0.0,1.0,0.0,100.0
129220,2,walk,walk,10733,,10733.0,20.0,1.0,6.0,2.0,-0.23,-0.027,-0.17,3.253,34.0,27.93,0.0,19.0,0.0,10.0,2.92,0.05,-1.01,-0.08,0.05,2.59,8.87,272.0,TESTR,AKR-TESTR-<MAC6>,0.0,1.0,0.0,100.0
129220,2,walk,walk,10734,,10734.0,20.0,1.0,6.0,2.0,-0.23,-0.028,-0.105,3.49,34.0,27.93,0.0,19.0,0.0,10.0,2.89,0.05,-1.0,-0.08,0.39,1.91,10.56,272.0,TESTR,AKR-TESTR-<MAC6>,0.0,1.0,0.0,100.0
129240,2,walk,walk,10735,,10735.0,20.0,1.0,6.0,2.0,-0.23,-0.029,-0.109,3.54,34.0,27.93,0.0,19.0,0.0,10.0,2.77,0.05,-1.0,-0.07,0.44,1.28,12.08,272.0,TESTR,AKR-TESTR-<MAC6>,0.0,1.0,0.0,100.0
129260,2,walk,walk,10736,,10736.0,20.0,1.0,6.0,2.0,-0.25,-0.03,-0.126,3.733,34.0,27.9,0.0,19.0,0.0,10.0,2.56,0.04,-1.0,-0.07,0.15,0.71,13.38,272.0,TESTR,AKR-TESTR-<MAC6>,0.0,1.0,0.0,100.0
129280,2,walk,walk,10737,,10737.0,20.0,1.0,6.0,2.0,-0.27,-0.032,-0.119,3.913,34.0,27.86,0.0,19.0,0.0,10.0,2.29,0.04,-1.0,-0.07,-0.47,0.2,14.42,272.0,TESTR,AKR-TESTR-<MAC6>,0.0,1.0,0.0,100.0
129300,2,walk,walk,10738,,10738.0,20.0,1.0,6.0,2.0,-0.31,-0.033,-0.038,3.969,34.0,27.86,0.0,19.0,0.0,10.0,1.95,0.03,-1.0,-0.06,-1.29,-0.23,15.13,272.0,TESTR,AKR-TESTR-<MAC6>,0.0,1.0,0.0,100.0
129320,2,walk,walk,10739,,10739.0,20.0,1.0,6.0,2.0,-0.36,-0.033,0.057,3.957,34.0,27.86,0.0,19.0,0.0,10.0,1.53,0.03,-1.0,-0.06,-2.18,-0.52,15.43,272.0,TESTR,AKR-TESTR-<MAC6>,0.0,1.0,0.0,100.0
129340,2,walk,walk,10740,,10740.0,20.0,1.0,6.0,2.0,-0.43,-0.032,0.066,3.798,34.0,27.86,0.0,19.0,0.0,10.0,1.07,0.02,-1.0,-0.06,-3.0,-0.64,15.24,272.0,TESTR,AKR-TESTR-<MAC6>,0.0,1.0,0.0,100.0
129360,2,walk,walk,10741,,10741.0,20.0,1.0,6.0,2.0,-0.52,-0.03,0.156,3.512,34.0,27.9,0.0,19.0,0.0,10.0,0.58,0.01,-1.0,-0.06,-3.72,-0.61,14.53,272.0,TESTR,AKR-TESTR-<MAC6>,0.0,1.0,0.0,100.0
129400,2,walk,walk,10742,,10742.0,20.0,1.0,6.0,2.0,-0.62,-0.027,0.205,3.16,34.0,27.97,0.0,19.0,0.0,10.0,0.1,0.0,-1.0,-0.07,-4.33,-0.45,13.32,272.0,TESTR,AKR-TESTR-<MAC6>,0.0,1.0,0.0,100.0
129400,2,walk,walk,10743,,10743.0,20.0,1.0,6.0,2.0,-0.73,-0.025,0.183,2.835,34.0,27.97,0.0,19.0,0.0,10.0,-0.35,-0.01,-1.01,-0.07,-4.8,-0.23,11.71,272.0,TESTR,AKR-TESTR-<MAC6>,0.0,1.0,0.0,100.0
129420,2,walk,walk,10744,,10744.0,20.0,1.0,6.0,2.0,-0.86,-0.023,0.136,2.76,34.0,28.0,0.0,19.0,0.0,10.0,-0.74,-0.01,-1.01,-0.07,-5.11,0.02,9.77,272.0,TESTR,AKR-TESTR-<MAC6>,0.0,1.0,0.0,100.0
129440,2,walk,walk,10745,,10745.0,20.0,1.0,6.0,2.0,-1.0,-0.022,0.147,2.5,34.0,28.04,0.0,19.0,0.0,10.0,-1.07,-0.02,-1.01,-0.07,-5.2,0.26,7.59,272.0,TESTR,AKR-TESTR-<MAC6>,0.0,1.0,0.0,100.0
129460,2,walk,walk,10746,,10746.0,20.0,2.0,6.0,2.0,-1.15,-0.019,-0.032,2.231,34.0,28.04,0.0,20.0,0.0,10.0,-1.32,-0.02,-1.01,-0.08,-5.07,0.5,5.29,272.0,TESTR,AKR-TESTR-<MAC6>,0.0,1.0,0.0,100.0
129480,2,walk,walk,10747,,10747.0,20.0,2.0,6.0,2.0,-1.31,-0.017,0.113,1.963,34.0,28.07,0.0,20.0,0.0,10.0,-1.48,-0.03,-1.01,-0.08,-4.69,0.72,2.95,272.0,TESTR,AKR-TESTR-<MAC6>,0.0,1.0,0.0,100.0
129500,2,walk,walk,10748,,10748.0,20.0,2.0,6.0,2.0,-1.46,-0.015,0.175,1.773,34.0,28.07,0.0,20.0,0.0,10.0,-1.54,-0.03,-1.01,-0.09,-4.09,0.92,0.7,272.0,TESTR,AKR-TESTR-<MAC6>,0.0,1.0,0.0,100.0
129540,2,walk,walk,10749,,10749.0,20.0,2.0,6.0,2.0,-1.62,-0.014,0.209,1.555,34.0,28.11,0.0,20.0,0.0,10.0,-1.51,-0.03,-1.01,-0.09,-3.26,1.1,-1.37,272.0,TESTR,AKR-TESTR-<MAC6>,0.0,1.0,0.0,100.0
129540,2,walk,walk,10750,,10750.0,20.0,2.0,6.0,2.0,-1.76,-0.012,-0.041,1.402,34.0,28.11,0.0,20.0,0.0,10.0,-1.39,-0.02,-1.01,-0.1,-2.26,1.26,-3.2,272.0,TESTR,AKR-TESTR-<MAC6>,0.0,1.0,0.0,100.0
129560,2,walk,walk,10751,,10751.0,20.0,2.0,6.0,2.0,-1.9,-0.011,0.117,1.243,34.0,28.11,0.0,20.0,0.0,10.0,-1.2,-0.02,-1.01,-0.1,-1.15,1.38,-4.73,272.0,TESTR,AKR-TESTR-<MAC6>,0.0,1.0,0.0,100.0
129580,2,walk,walk,10752,,10752.0,20.0,2.0,6.0,2.0,-2.02,-0.01,0.109,1.124,34.0,28.11,0.0,20.0,0.0,10.0,-0.96,-0.02,-1.01,-0.1,0.0,1.46,-5.93,272.0,TESTR,AKR-TESTR-<MAC6>,0.0,1.0,0.0,100.0
129600,2,walk,walk,10753,,10753.0,20.0,2.0,6.0,2.0,-2.13,-0.009,0.079,1.08,34.0,28.11,0.0,20.0,0.0,10.0,-0.69,-0.01,-1.01,-0.1,1.12,1.5,-6.8,272.0,TESTR,AKR-TESTR-<MAC6>,0.0,1.0,0.0,100.0
129620,2,walk,walk,10754,,10754.0,20.0,2.0,6.0,2.0,-2.21,-0.009,-0.002,1.015,34.0,28.11,0.0,20.0,0.0,10.0,-0.38,-0.01,-1.01,-0.1,2.17,1.5,-7.33,272.0,TESTR,AKR-TESTR-<MAC6>,0.0,1.0,0.0,100.0
129640,2,walk,walk,10755,,10755.0,20.0,2.0,6.0,2.0,-2.27,-0.009,-0.049,1.013,34.0,28.11,0.0,19.0,0.0,10.0,-0.07,0.0,-1.01,-0.1,3.11,1.45,-7.54,272.0,TESTR,AKR-TESTR-<MAC6>,0.0,1.0,0.0,100.0
129660,2,walk,walk,10756,,10756.0,20.0,2.0,6.0,2.0,-2.31,-0.009,-0.081,1.032,34.0,28.14,0.0,19.0,0.0,10.0,0.24,0.0,-1.0,-0.1,3.92,1.36,-7.48,273.0,TESTR,AKR-TESTR-<MAC6>,0.0,1.0,0.0,100.0
129680,2,walk,walk,10757,,10757.0,20.0,2.0,6.0,2.0,-2.33,-0.009,0.002,1.037,34.0,28.11,0.0,19.0,0.0,10.0,0.53,0.01,-1.0,-0.1,4.62,1.23,-7.19,273.0,TESTR,AKR-TESTR-<MAC6>,0.0,1.0,0.0,100.0
129700,2,walk,walk,10758,,10758.0,20.0,2.0,6.0,2.0,-2.32,-0.009,0.007,1.071,34.0,28.11,0.0,19.0,0.0,10.0,0.78,0.01,-1.0,-0.1,5.19,1.07,-6.76,273.0,TESTR,AKR-TESTR-<MAC6>,0.0,1.0,0.0,100.0
129720,2,walk,walk,10759,,10759.0,20.0,2.0,6.0,2.0,-2.3,-0.009,-0.036,1.069,34.0,28.14,0.0,19.0,0.0,10.0,0.99,0.02,-1.0,-0.09,5.64,0.88,-6.28,273.0,TESTR,AKR-TESTR-<MAC6>,0.0,1.0,0.0,100.0
129760,2,walk,walk,10760,,10760.0,20.0,2.0,6.0,2.0,-2.25,-0.009,0.009,1.072,34.0,28.11,0.0,19.0,0.0,10.0,1.14,0.02,-1.01,-0.09,5.98,0.66,-5.81,273.0,TESTR,AKR-TESTR-<MAC6>,0.0,1.0,0.0,100.0
129760,2,walk,walk,10761,,10761.0,20.0,2.0,6.0,2.0,-2.18,-0.009,-0.028,1.08,34.0,28.11,0.0,19.0,0.0,10.0,1.25,0.02,-1.01,-0.09,6.21,0.4,-5.4,273.0,TESTR,AKR-TESTR-<MAC6>,0.0,1.0,0.0,100.0
129780,2,walk,walk,10762,,10762.0,20.0,2.0,6.0,2.0,-2.1,-0.009,-0.038,1.061,34.0,28.14,0.0,19.0,0.0,10.0,1.34,0.02,-1.01,-0.08,6.34,0.13,-5.1,273.0,TESTR,AKR-TESTR-<MAC6>,0.0,1.0,0.0,100.0
129800,2,walk,walk,10763,,10763.0,20.0,2.0,6.0,2.0,-2.01,-0.009,-0.014,1.092,34.0,28.11,0.0,19.0,0.0,10.0,1.4,0.02,-1.01,-0.08,6.32,-0.1,-4.93,273.0,TESTR,AKR-TESTR-<MAC6>,0.0,1.0,0.0,100.0
129820,2,walk,walk,10764,,10764.0,20.0,2.0,6.0,2.0,-1.9,-0.009,-0.001,1.101,34.0,28.11,0.0,19.0,0.0,10.0,1.49,0.03,-1.01,-0.08,6.1,-0.14,-4.9,273.0,TESTR,AKR-TESTR-<MAC6>,0.0,1.0,0.0,100.0
129860,2,walk,walk,10765,,10765.0,20.0,2.0,6.0,2.0,-1.78,-0.009,-0.05,1.108,34.0,28.14,0.0,19.0,0.0,10.0,1.65,0.03,-1.01,-0.07,5.57,0.29,-5.0,273.0,TESTR,AKR-TESTR-<MAC6>,0.0,1.0,0.0,100.0
129860,2,walk,walk,10766,,10766.0,20.0,2.0,6.0,2.0,-1.66,-0.009,0.101,1.093,34.0,28.11,0.0,19.0,0.0,10.0,1.9,0.03,-1.02,-0.07,4.6,1.56,-5.16,273.0,TESTR,AKR-TESTR-<MAC6>,0.0,1.0,0.0,100.0
129880,2,walk,walk,10767,,10767.0,20.0,2.0,6.0,2.0,-1.53,-0.009,0.015,1.06,34.0,28.14,0.0,19.0,0.0,10.0,2.26,0.04,-1.02,-0.06,3.2,3.97,-5.28,273.0,TESTR,AKR-TESTR-<MAC6>,0.0,1.0,0.0,100.0
129900,2,walk,walk,10768,,10768.0,20.0,2.0,6.0,2.0,-1.4,-0.009,0.04,1.067,34.0,28.14,0.0,19.0,0.0,10.0,2.66,0.05,-1.03,-0.06,1.57,7.57,-5.23,273.0,TESTR,AKR-TESTR-<MAC6>,0.0,1.0,0.0,100.0
129920,2,walk,walk,10769,,10769.0,20.0,2.0,6.0,2.0,-1.26,-0.009,0.083,1.027,34.0,28.14,0.0,19.0,0.0,10.0,3.05,0.06,-1.04,-0.05,0.0,12.14,-4.92,273.0,TESTR,AKR-TESTR-<MAC6>,0.0,1.0,0.0,100.0
129940,2,walk,walk,10770,,10770.0,20.0,2.0,6.0,2.0,-1.12,-0.008,-0.023,0.926,34.0,28.14,0.0,19.0,0.0,10.0,3.39,0.06,-1.04,-0.04,-1.26,17.22,-4.3,273.0,TESTR,AKR-TESTR-<MAC6>,0.0,1.0,0.0,100.0
129960,2,walk,walk,10771,,10771.0,20.0,1.0,6.0,2.0,-0.98,-0.008,-0.006,0.928,34.0,28.14,0.0,18.0,0.0,10.0,3.64,0.07,-1.04,-0.03,-2.05,22.25,-3.36,273.0,TESTR,AKR-TESTR-<MAC6>,0.0,1.0,0.0,100.0
129980,2,walk,walk,10772,,10772.0,20.0,1.0,6.0,2.0,-0.84,-0.007,0.028,0.852,34.0,28.14,0.0,18.0,0.0,10.0,3.8,0.07,-1.04,-0.02,-2.33,26.63,-2.15,273.0,TESTR,AKR-TESTR-<MAC6>,0.0,1.0,0.0,100.0
130000,2,walk,walk,10773,,10773.0,20.0,1.0,6.0,2.0,-0.69,-0.007,0.017,0.822,34.0,28.14,0.0,18.0,0.0,10.0,3.91,0.07,-1.04,-0.01,-2.09,29.86,-0.74,273.0,TESTR,AKR-TESTR-<MAC6>,0.0,1.0,0.0,100.0
130040,2,walk,walk,10774,,10774.0,20.0,1.0,6.0,2.0,-0.55,-0.007,-0.045,0.827,34.0,28.14,0.0,18.0,0.0,10.0,4.0,0.07,-1.03,0.0,-1.33,31.62,0.7,273.0,TESTR,AKR-TESTR-<MAC6>,0.0,1.0,0.0,100.0
130040,2,walk,walk,10775,,10775.0,20.0,1.0,6.0,2.0,-0.41,-0.007,-0.01,0.839,34.0,28.14,0.0,18.0,0.0,10.0,4.15,0.07,-1.02,0.01,-0.07,31.83,2.04,273.0,TESTR,AKR-TESTR-<MAC6>,0.0,1.0,0.0,100.0
130060,2,walk,walk,10776,,10776.0,20.0,1.0,6.0,2.0,-0.27,-0.007,0.052,0.827,34.0,28.14,0.0,18.0,0.0,10.0,4.39,0.08,-1.01,0.02,1.57,30.68,3.09,273.0,TESTR,AKR-TESTR-<MAC6>,0.0,1.0,0.0,100.0
130080,2,walk,walk,10777,,10777.0,20.0,1.0,6.0,2.0,-0.15,-0.007,0.068,0.814,34.0,28.14,0.0,18.0,0.0,10.0,4.77,0.08,-1.0,0.02,3.43,28.59,3.73,273.0,TESTR,AKR-TESTR-<MAC6>,0.0,1.0,0.0,100.0
130100,2,walk,walk,10778,,10778.0,20.0,1.0,6.0,2.0,-0.02,-0.007,-0.087,0.836,34.0,28.14,0.0,18.0,0.0,10.0,5.28,0.09,-0.99,0.01,5.29,26.08,3.87,273.0,TESTR,AKR-TESTR-<MAC6>,0.0,1.0,0.0,100.0
130120,2,walk,walk,10779,,10779.0,20.0,1.0,6.0,2.0,0.09,-0.007,-0.022,0.867,34.0,28.14,0.0,18.0,0.0,10.0,5.85,0.1,-0.98,0.0,6.95,23.67,3.51,273.0,TESTR,AKR-TESTR-<MAC6>,0.0,1.0,0.0,100.0
130140,2,walk,walk,10780,,10780.0,20.0,1.0,6.0,2.0,0.19,-0.008,-0.023,0.953,34.0,28.14,0.0,18.0,0.0,10.0,6.42,0.11,-0.98,-0.01,8.22,21.79,2.74,273.0,TESTR,AKR-TESTR-<MAC6>,0.0,1.0,0.0,100.0
130180,2,walk,walk,10781,,10781.0,20.0,2.0,6.0,2.0,0.29,-0.009,-0.066,1.03,34.0,28.11,0.0,19.0,0.0,10.0,6.88,0.12,-0.97,-0.03,8.97,20.67,1.72,273.0,TESTR,AKR-TESTR-<MAC6>,0.0,1.0,0.0,100.0
130180,2,walk,walk,10782,,10782.0,20.0,1.0,6.0,2.0,0.38,-0.009,-0.041,1.158,34.0,28.14,0.0,18.0,0.0,10.0,7.16,0.12,-0.96,-0.05,9.12,20.32,0.68,273.0,TESTR,AKR-TESTR-<MAC6>,0.0,1.0,0.0,100.0
130200,2,walk,walk,10783,,10783.0,20.0,1.0,6.0,2.0,0.46,-0.011,-0.126,1.323,34.0,28.11,0.0,18.0,0.0,10.0,7.21,0.12,-0.95,-0.07,8.66,20.57,-0.14,273.0,TESTR,AKR-TESTR-<MAC6>,0.0,1.0,0.0,100.0
130260,2,walk,walk,10784,,10784.0,20.0,2.0,6.0,2.0,0.54,-0.012,-0.134,1.511,34.0,28.11,0.0,19.0,0.0,10.0,7.04,0.12,-0.94,-0.09,7.59,21.18,-0.56,273.0,TESTR,AKR-TESTR-<MAC6>,0.0,1.0,0.0,100.0
130260,2,walk,walk,10785,,10785.0,20.0,2.0,6.0,2.0,0.62,-0.014,0.041,1.646,34.0,28.11,0.0,19.0,0.0,10.0,6.73,0.11,-0.94,-0.12,5.98,21.89,-0.51,273.0,TESTR,AKR-TESTR-<MAC6>,0.0,1.0,0.0,100.0
130260,2,walk,walk,10786,,10786.0,20.0,0.0,6.0,2.0,0.7,-0.012,0.336,1.225,34.0,28.11,0.0,17.0,0.0,10.0,6.34,0.1,-0.93,-0.14,4.1,22.92,0.2,273.0,TESTR,AKR-TESTR-<MAC6>,0.0,1.0,0.0,100.0
130280,2,walk,walk,10787,,10787.0,20.0,1.0,6.0,2.0,0.78,-0.012,-0.207,1.599,34.0,28.11,0.0,18.0,0.0,10.0,5.82,0.1,-0.94,-0.15,2.3,24.49,1.62,273.0,TESTR,AKR-TESTR-<MAC6>,0.0,1.0,0.0,100.0
130300,2,walk,walk,10788,,10788.0,20.0,1.0,6.0,2.0,0.86,-0.016,-0.375,2.164,34.0,28.07,0.0,18.0,0.0,10.0,5.05,0.08,-0.95,-0.16,0.82,26.31,3.57,273.0,TESTR,AKR-TESTR-<MAC6>,0.0,1.0,0.0,100.0
130320,2,walk,walk,10789,,10789.0,20.0,1.0,6.0,2.0,0.93,-0.02,-0.352,2.708,34.0,28.04,0.0,18.0,0.0,10.0,4.0,0.07,-0.96,-0.16,-0.24,27.84,5.75,273.0,TESTR,AKR-TESTR-<MAC6>,0.0,1.0,0.0,100.0
130360,2,walk,walk,10790,,10790.0,20.0,1.0,6.0,2.0,1.01,-0.024,-0.139,2.873,34.0,28.0,0.0,18.0,0.0,10.0,2.79,0.05,-0.97,-0.15,-0.97,28.74,7.81,273.0,TESTR,AKR-TESTR-<MAC6>,0.0,1.0,0.0,100.0
130360,2,walk,walk,10791,,10791.0,20.0,1.0,6.0,2.0,1.08,-0.025,-0.025,2.907,34.0,28.0,0.0,18.0,0.0,10.0,1.54,0.03,-0.98,-0.13,-1.49,28.92,9.5,273.0,TESTR,AKR-TESTR-<MAC6>,0.0,1.0,0.0,100.0
130380,2,walk,walk,10792,,10792.0,20.0,1.0,6.0,2.0,1.14,-0.025,-0.007,2.909,34.0,28.0,0.0,18.0,0.0,10.0,0.36,0.01,-0.99,-0.12,-1.87,28.37,10.66,273.0,TESTR,AKR-TESTR-<MAC6>,0.0,1.0,0.0,100.0
130400,2,walk,walk,10793,,10793.0,20.0,1.0,6.0,2.0,1.18,-0.024,0.061,2.896,34.0,27.97,0.0,18.0,0.0,10.0,-0.65,-0.01,-1.0,-0.1,-2.16,27.23,11.25,273.0,TESTR,AKR-TESTR-<MAC6>,0.0,1.0,0.0,100.0
130420,2,walk,walk,10794,,10794.0,20.0,1.0,6.0,2.0,1.21,-0.024,-0.036,2.894,34.0,28.0,0.0,18.0,0.0,10.0,-1.45,-0.03,-1.01,-0.09,-2.34,25.64,11.33,273.0,TESTR,AKR-TESTR-<MAC6>,0.0,1.0,0.0,100.0
130440,2,walk,walk,10795,,10795.0,20.0,1.0,6.0,2.0,1.22,-0.024,0.015,2.868,34.0,28.0,0.0,18.0,0.0,10.0,-2.03,-0.04,-1.02,-0.08,-2.46,23.72,11.01,273.0,TESTR,AKR-TESTR-<MAC6>,0.0,1.0,0.0,100.0
130480,2,walk,walk,10796,,10796.0,20.0,1.0,6.0,2.0,1.2,-0.023,0.058,2.79,34.0,28.0,0.0,18.0,0.0,10.0,-2.39,-0.04,-1.02,-0.07,-2.52,21.63,10.39,273.0,TESTR,AKR-TESTR-<MAC6>,0.0,1.0,0.0,100.0
130500,2,walk,walk,10797,,10797.0,20.0,1.0,6.0,2.0,1.16,-0.023,0.077,2.856,34.0,28.0,0.0,18.0,0.0,10.0,-2.57,-0.05,-1.02,-0.06,-2.55,19.46,9.59,273.0,TESTR,AKR-TESTR-<MAC6>,0.0,1.0,0.0,100.0
130540,2,walk,walk,10798,,10798.0,20.0,1.0,6.0,2.0,1.1,-0.023,0.005,2.789,34.0,28.0,0.0,18.0,0.0,10.0,-2.62,-0.05,-1.03,-0.05,-2.59,17.31,8.68,273.0,TESTR,AKR-TESTR-<MAC6>,0.0,1.0,0.0,100.0
130540,2,walk,walk,10799,,10799.0,20.0,1.0,6.0,2.0,1.02,-0.023,0.014,2.761,34.0,28.0,0.0,18.0,0.0,10.0,-2.56,-0.05,-1.03,-0.05,-2.63,15.24,7.72,273.0,TESTR,AKR-TESTR-<MAC6>,0.0,1.0,0.0,100.0
130540,2,walk,walk,10800,,10800.0,20.0,1.0,6.0,2.0,0.92,-0.023,-0.029,2.677,34.0,28.0,0.0,18.0,0.0,10.0,-2.43,-0.04,-1.03,-0.04,-2.66,13.28,6.75,273.0,TESTR,AKR-TESTR-<MAC6>,0.0,1.0,0.0,100.0
130560,2,walk,walk,10801,,10801.0,20.0,1.0,6.0,2.0,0.8,-0.022,-0.022,2.68,34.0,28.0,0.0,18.0,0.0,10.0,-2.26,-0.04,-1.02,-0.04,-2.68,11.47,5.8,273.0,TESTR,AKR-TESTR-<MAC6>,0.0,1.0,0.0,100.0
130580,2,walk,walk,10802,,10802.0,20.0,1.0,6.0,2.0,0.66,-0.022,-0.014,2.656,34.0,28.0,0.0,18.0,0.0,10.0,-2.05,-0.04,-1.02,-0.04,-2.65,9.83,4.89,273.0,TESTR,AKR-TESTR-<MAC6>,0.0,1.0,0.0,100.0
130600,2,walk,walk,10803,,10803.0,20.0,1.0,6.0,2.0,0.52,-0.022,0.015,2.654,34.0,28.0,0.0,18.0,0.0,10.0,-1.82,-0.03,-1.02,-0.04,-2.59,8.34,4.07,273.0,TESTR,AKR-TESTR-<MAC6>,0.0,1.0,0.0,100.0
130620,2,walk,walk,10804,,10804.0,20.0,1.0,6.0,2.0,0.37,-0.022,-0.095,2.645,34.0,28.0,0.0,18.0,0.0,10.0,-1.58,-0.03,-1.02,-0.04,-2.48,7.01,3.36,273.0,TESTR,AKR-TESTR-<MAC6>,0.0,1.0,0.0,100.0
130640,2,walk,walk,10805,,10805.0,20.0,1.0,6.0,2.0,0.21,-0.022,-0.15,2.657,34.0,28.0,0.0,18.0,0.0,10.0,-1.34,-0.02,-1.02,-0.04,-2.35,5.82,2.77,273.0,TESTR,AKR-TESTR-<MAC6>,0.0,1.0,0.0,100.0
130660,2,walk,walk,10806,,10806.0,20.0,1.0,6.0,2.0,0.06,-0.022,0.034,2.659,34.0,28.0,0.0,18.0,0.0,10.0,-1.11,-0.02,-1.02,-0.04,-2.2,4.78,2.29,274.0,TESTR,AKR-TESTR-<MAC6>,0.0,1.0,0.0,100.0
130700,2,walk,walk,10807,,10807.0,20.0,1.0,6.0,2.0,-0.09,-0.022,0.023,2.633,34.0,28.0,0.0,18.0,0.0,10.0,-0.9,-0.02,-1.01,-0.05,-2.05,3.86,1.92,274.0,TESTR,AKR-TESTR-<MAC6>,0.0,1.0,0.0,100.0
130720,2,walk,walk,10808,,10808.0,20.0,1.0,6.0,2.0,-0.24,-0.022,0.05,2.698,34.0,28.0,0.0,18.0,0.0,10.0,-0.72,-0.01,-1.01,-0.05,-1.89,3.08,1.62,274.0,TESTR,AKR-TESTR-<MAC6>,0.0,1.0,0.0,100.0
130720,2,walk,walk,10809,,10809.0,20.0,1.0,6.0,2.0,-0.38,-0.022,0.013,2.667,34.0,28.0,0.0,18.0,0.0,10.0,-0.56,-0.01,-1.01,-0.05,-1.73,2.42,1.38,274.0,TESTR,AKR-TESTR-<MAC6>,0.0,1.0,0.0,100.0
130740,2,walk,walk,10810,,10810.0,20.0,1.0,6.0,2.0,-0.51,-0.022,0.07,2.618,34.0,28.0,0.0,18.0,0.0,10.0,-0.44,-0.01,-1.01,-0.05,-1.57,1.88,1.15,274.0,TESTR,AKR-TESTR-<MAC6>,0.0,1.0,0.0,100.0
130760,2,walk,walk,10811,,10811.0,20.0,1.0,6.0,2.0,-0.63,-0.022,0.011,2.648,34.0,28.04,0.0,18.0,0.0,10.0,-0.34,-0.01,-1.01,-0.05,-1.44,1.43,0.94,274.0,TESTR,AKR-TESTR-<MAC6>,0.0,1.0,0.0,100.0
130800,2,walk,walk,10812,,10812.0,20.0,1.0,6.0,2.0,-0.73,-0.022,0.009,2.558,34.0,28.04,0.0,18.0,0.0,10.0,-0.26,0.0,-1.01,-0.05,-1.34,1.08,0.7,274.0,TESTR,AKR-TESTR-<MAC6>,0.0,1.0,0.0,100.0
130800,2,walk,walk,10813,,10813.0,20.0,1.0,6.0,2.0,-0.83,-0.021,0.049,2.487,34.0,28.04,0.0,18.0,0.0,10.0,-0.19,0.0,-1.01,-0.05,-1.27,0.8,0.43,274.0,TESTR,AKR-TESTR-<MAC6>,0.0,1.0,0.0,100.0
130820,2,walk,walk,10814,,10814.0,20.0,1.0,6.0,2.0,-0.92,-0.02,0.1,2.418,34.0,28.04,0.0,18.0,0.0,10.0,-0.14,0.0,-1.01,-0.05,-1.22,0.6,0.12,274.0,TESTR,AKR-TESTR-<MAC6>,0.0,1.0,0.0,100.0
130840,2,walk,walk,10815,,10815.0,20.0,1.0,6.0,2.0,-0.99,-0.019,0.002,2.285,34.0,28.04,0.0,18.0,0.0,10.0,-0.1,0.0,-1.01,-0.05,-1.19,0.46,-0.24,274.0,TESTR,AKR-TESTR-<MAC6>,0.0,1.0,0.0,100.0
130880,2,walk,walk,10816,,10816.0,20.0,2.0,6.0,2.0,-1.06,-0.018,0.087,2.165,34.0,28.07,0.0,19.0,0.0,10.0,-0.06,0.0,-1.01,-0.05,-1.18,0.38,-0.63,274.0,TESTR,AKR-TESTR-<MAC6>,0.0,1.0,0.0,100.0
130880,2,walk,walk,10817,,10817.0,20.0,2.0,6.0,2.0,-1.11,-0.017,0.068,2.059,34.0,28.07,0.0,19.0,0.0,10.0,-0.01,0.0,-1.01,-0.05,-1.2,0.34,-1.0,274.0,TESTR,AKR-TESTR-<MAC6>,0.0,1.0,0.0,100.0
130900,2,walk,walk,10818,,10818.0,20.0,2.0,6.0,2.0,-1.15,-0.017,0.061,2.023,34.0,28.07,0.0,19.0,0.0,10.0,0.06,0.0,-1.01,-0.05,-1.22,0.31,-1.34,274.0,TESTR,AKR-TESTR-<MAC6>,0.0,1.0,0.0,100.0
130940,2,walk,walk,10819,,10819.0,20.0,2.0,6.0,2.0,-1.18,-0.017,-0.025,2.029,34.0,28.07,0.0,19.0,0.0,10.0,0.13,0.0,-1.01,-0.05,-1.26,0.28,-1.6,274.0,TESTR,AKR-TESTR-<MAC6>,0.0,1.0,0.0,100.0
130940,2,walk,walk,10820,,10820.0,20.0,2.0,6.0,2.0,-1.21,-0.017,0.025,2.013,34.0,28.07,0.0,19.0,0.0,10.0,0.22,0.0,-1.01,-0.05,-1.31,0.25,-1.78,274.0,TESTR,AKR-TESTR-<MAC6>,0.0,1.0,0.0,100.0
130960,2,walk,walk,10821,,10821.0,20.0,2.0,6.0,2.0,-1.22,-0.017,-0.011,2.018,34.0,28.07,0.0,19.0,0.0,10.0,0.32,0.01,-1.01,-0.06,-1.34,0.2,-1.88,274.0,TESTR,AKR-TESTR-<MAC6>,0.0,1.0,0.0,100.0
130980,2,walk,walk,10822,,10822.0,20.0,2.0,6.0,2.0,-1.22,-0.017,-0.038,2.007,34.0,28.07,0.0,19.0,0.0,10.0,0.41,0.01,-1.0,-0.06,-1.37,0.14,-1.89,274.0,TESTR,AKR-TESTR-<MAC6>,0.0,1.0,0.0,100.0
131020,2,walk,walk,10823,,10823.0,20.0,2.0,6.0,2.0,-1.22,-0.017,-0.045,1.982,34.0,28.07,0.0,19.0,0.0,10.0,0.51,0.01,-1.0,-0.06,-1.39,0.07,-1.83,274.0,TESTR,AKR-TESTR-<MAC6>,0.0,1.0,0.0,100.0
131040,2,walk,walk,10824,,10824.0,20.0,2.0,6.0,2.0,-1.21,-0.017,-0.001,1.972,34.0,28.07,0.0,19.0,0.0,10.0,0.6,0.01,-1.0,-0.06,-1.39,-0.01,-1.71,274.0,TESTR,AKR-TESTR-<MAC6>,0.0,1.0,0.0,100.0
131040,2,walk,walk,10825,,10825.0,20.0,2.0,6.0,2.0,-1.19,-0.017,0.062,1.993,34.0,28.07,0.0,19.0,0.0,10.0,0.69,0.01,-1.0,-0.06,-1.38,-0.1,-1.53,274.0,TESTR,AKR-TESTR-<MAC6>,0.0,1.0,0.0,100.0
131060,2,walk,walk,10826,,10826.0,20.0,2.0,6.0,2.0,-1.17,-0.017,-0.076,1.992,34.0,28.07,0.0,19.0,0.0,10.0,0.77,0.01,-1.0,-0.06,-1.34,-0.2,-1.29,274.0,TESTR,AKR-TESTR-<MAC6>,0.0,1.0,0.0,100.0
131080,2,walk,walk,10827,,10827.0,20.0,2.0,6.0,2.0,-1.14,-0.017,-0.057,2.009,34.0,28.07,0.0,19.0,0.0,10.0,0.84,0.01,-1.0,-0.06,-1.29,-0.32,-1.0,274.0,TESTR,AKR-TESTR-<MAC6>,0.0,1.0,0.0,100.0
131100,2,walk,walk,10828,,10828.0,20.0,2.0,6.0,2.0,-1.1,-0.017,-0.03,2.023,34.0,28.07,0.0,19.0,0.0,10.0,0.9,0.02,-1.0,-0.06,-1.22,-0.43,-0.68,274.0,TESTR,AKR-TESTR-<MAC6>,0.0,1.0,0.0,100.0
131120,2,walk,walk,10829,,10829.0,20.0,2.0,6.0,2.0,-1.06,-0.017,-0.017,2.059,34.0,28.07,0.0,19.0,0.0,10.0,0.94,0.02,-1.0,-0.06,-1.14,-0.56,-0.35,274.0,TESTR,AKR-TESTR-<MAC6>,0.0,1.0,0.0,100.0
131140,2,walk,walk,10830,,10830.0,20.0,2.0,6.0,2.0,-1.02,-0.017,0.052,2.029,34.0,28.07,0.0,19.0,0.0,10.0,0.97,0.02,-1.0,-0.06,-1.06,-0.67,-0.02,274.0,TESTR,AKR-TESTR-<MAC6>,0.0,1.0,0.0,100.0
131200,2,walk,walk,10831,,10831.0,20.0,2.0,6.0,2.0,-0.98,-0.017,-0.064,2.017,34.0,28.07,0.0,19.0,0.0,10.0,0.97,0.02,-1.0,-0.06,-0.98,-0.78,0.27,274.0,TESTR,AKR-TESTR-<MAC6>,0.0,1.0,0.0,100.0
131200,2,walk,walk,10832,,10832.0,20.0,2.0,6.0,2.0,-0.93,-0.017,0.058,2.039,34.0,28.07,0.0,19.0,0.0,10.0,0.96,0.02,-1.0,-0.06,-0.9,-0.87,0.52,274.0,TESTR,AKR-TESTR-<MAC6>,0.0,1.0,0.0,100.0
131220,2,walk,walk,10833,,10833.0,20.0,2.0,6.0,2.0,-0.89,-0.017,0.025,1.991,34.0,28.07,0.0,19.0,0.0,10.0,0.94,0.02,-1.0,-0.06,-0.84,-0.93,0.71,274.0,TESTR,AKR-TESTR-<MAC6>,0.0,1.0,0.0,100.0
131220,2,walk,walk,10834,,10834.0,20.0,2.0,6.0,2.0,-0.85,-0.017,0.112,1.993,34.0,28.07,0.0,19.0,0.0,10.0,0.92,0.02,-1.0,-0.06,-0.78,-0.98,0.84,274.0,TESTR,AKR-TESTR-<MAC6>,0.0,1.0,0.0,100.0
131240,2,walk,walk,10835,,10835.0,20.0,2.0,6.0,2.0,-0.8,-0.017,-0.06,2.014,34.0,28.07,0.0,19.0,0.0,10.0,0.89,0.02,-1.0,-0.06,-0.73,-1.01,0.93,274.0,TESTR,AKR-TESTR-<MAC6>,0.0,1.0,0.0,100.0
131260,2,walk,walk,10836,,10836.0,20.0,2.0,6.0,2.0,-0.76,-0.017,-0.123,2.015,34.0,28.07,0.0,19.0,0.0,10.0,0.87,0.02,-1.0,-0.06,-0.71,-1.04,0.98,274.0,TESTR,AKR-TESTR-<MAC6>,0.0,1.0,0.0,100.0
131280,2,walk,walk,10837,,10837.0,20.0,2.0,6.0,2.0,-0.73,-0.017,0.046,2.003,34.0,28.07,0.0,19.0,0.0,10.0,0.86,0.02,-1.0,-0.06,-0.7,-1.07,1.03,274.0,TESTR,AKR-TESTR-<MAC6>,0.0,1.0,0.0,100.0
131300,2,walk,walk,10838,,10838.0,20.0,2.0,6.0,2.0,-0.69,-0.017,-0.006,2.018,34.0,28.07,0.0,19.0,0.0,10.0,0.85,0.01,-1.0,-0.06,-0.71,-1.11,1.07,274.0,TESTR,AKR-TESTR-<MAC6>,0.0,1.0,0.0,100.0
131320,2,walk,walk,10839,,10839.0,20.0,2.0,6.0,2.0,-0.66,-0.017,-0.014,2.028,34.0,28.07,0.0,19.0,0.0,10.0,0.84,0.01,-1.0,-0.06,-0.72,-1.15,1.12,274.0,TESTR,AKR-TESTR-<MAC6>,0.0,1.0,0.0,100.0
131360,2,walk,walk,10840,,10840.0,20.0,2.0,6.0,2.0,-0.63,-0.017,-0.105,2.048,34.0,28.07,0.0,19.0,0.0,10.0,0.83,0.01,-1.0,-0.06,-0.74,-1.2,1.17,274.0,TESTR,AKR-TESTR-<MAC6>,0.0,1.0,0.0,100.0
131360,2,walk,walk,10841,,10841.0,20.0,2.0,6.0,2.0,-0.6,-0.017,-0.017,2.057,34.0,28.07,0.0,19.0,0.0,10.0,0.82,0.01,-1.0,-0.06,-0.75,-1.26,1.22,274.0,TESTR,AKR-TESTR-<MAC6>,0.0,1.0,0.0,100.0
131380,2,walk,walk,10842,,10842.0,20.0,2.0,6.0,2.0,-0.58,-0.017,-0.028,2.051,34.0,28.07,0.0,19.0,0.0,10.0,0.8,0.01,-1.0,-0.07,-0.75,-1.3,1.27,274.0,TESTR,AKR-TESTR-<MAC6>,0.0,1.0,0.0,100.0
131400,2,walk,walk,10843,,10843.0,20.0,2.0,6.0,2.0,-0.55,-0.017,-0.111,2.055,34.0,28.07,0.0,19.0,0.0,10.0,0.79,0.01,-1.0,-0.07,-0.74,-1.33,1.31,274.0,TESTR,AKR-TESTR-<MAC6>,0.0,1.0,0.0,100.0
131420,2,walk,walk,10844,,10844.0,20.0,2.0,6.0,2.0,-0.53,-0.017,-0.066,2.074,34.0,28.07,0.0,19.0,0.0,10.0,0.77,0.01,-1.0,-0.07,-0.73,-1.34,1.35,274.0,TESTR,AKR-TESTR-<MAC6>,0.0,1.0,0.0,100.0
131460,2,walk,walk,10845,,10845.0,20.0,2.0,6.0,2.0,-0.52,-0.017,-0.033,2.073,34.0,28.07,0.0,19.0,0.0,10.0,0.75,0.01,-1.0,-0.07,-0.72,-1.34,1.37,274.0,TESTR,AKR-TESTR-<MAC6>,0.0,1.0,0.0,100.0
131480,2,walk,walk,10846,,10846.0,20.0,2.0,6.0,2.0,-0.5,-0.017,0.07,2.068,34.0,28.07,0.0,19.0,0.0,10.0,0.74,0.01,-1.0,-0.07,-0.72,-1.33,1.4,274.0,TESTR,AKR-TESTR-<MAC6>,0.0,1.0,0.0,100.0
131500,2,walk,walk,10847,,10847.0,20.0,2.0,6.0,2.0,-0.49,-0.017,0.05,2.047,34.0,28.07,0.0,19.0,0.0,10.0,0.72,0.01,-1.0,-0.07,-0.73,-1.31,1.43,274.0,TESTR,AKR-TESTR-<MAC6>,0.0,1.0,0.0,100.0
131500,2,walk,walk,10848,,10848.0,20.0,2.0,6.0,2.0,-0.48,-0.017,0.033,2.093,34.0,28.07,0.0,19.0,0.0,10.0,0.7,0.01,-1.0,-0.07,-0.75,-1.29,1.45,274.0,TESTR,AKR-TESTR-<MAC6>,0.0,1.0,0.0,100.0
131520,2,walk,walk,10849,,10849.0,20.0,2.0,6.0,2.0,-0.47,-0.017,-0.089,2.082,34.0,28.07,0.0,19.0,0.0,10.0,0.69,0.01,-1.0,-0.07,-0.77,-1.25,1.46,274.0,TESTR,AKR-TESTR-<MAC6>,0.0,1.0,0.0,100.0
131540,2,walk,walk,10850,,10850.0,20.0,2.0,6.0,2.0,-0.47,-0.017,-0.033,2.023,34.0,28.07,0.0,19.0,0.0,10.0,0.67,0.01,-1.0,-0.07,-0.79,-1.21,1.47,274.0,TESTR,AKR-TESTR-<MAC6>,0.0,1.0,0.0,100.0
131560,2,walk,walk,10851,,10851.0,20.0,2.0,6.0,2.0,-0.46,-0.017,0.042,2.028,34.0,28.07,0.0,19.0,0.0,10.0,0.65,0.01,-1.0,-0.07,-0.82,-1.17,1.47,274.0,TESTR,AKR-TESTR-<MAC6>,0.0,1.0,0.0,100.0
131580,2,walk,walk,10852,,10852.0,20.0,2.0,6.0,2.0,-0.46,-0.017,0.011,2.047,34.0,28.07,0.0,19.0,0.0,10.0,0.64,0.01,-1.0,-0.07,-0.86,-1.14,1.48,274.0,TESTR,AKR-TESTR-<MAC6>,0.0,1.0,0.0,100.0
131620,2,walk,walk,10853,,10853.0,20.0,2.0,6.0,2.0,-0.46,-0.017,-0.127,2.032,34.0,28.07,0.0,19.0,0.0,10.0,0.63,0.01,-1.0,-0.07,-0.93,-1.12,1.51,274.0,TESTR,AKR-TESTR-<MAC6>,0.0,1.0,0.0,100.0
131640,2,walk,walk,10854,,10854.0,20.0,2.0,6.0,2.0,-0.46,-0.017,-0.011,2.055,34.0,28.07,0.0,19.0,0.0,10.0,0.62,0.01,-1.0,-0.07,-1.0,-1.11,1.56,275.0,TESTR,AKR-TESTR-<MAC6>,0.0,1.0,0.0,100.0
131640,2,walk,walk,10855,,10855.0,20.0,2.0,6.0,2.0,-0.46,-0.017,0.057,2.072,34.0,28.07,0.0,19.0,0.0,10.0,0.61,0.01,-1.0,-0.07,-1.08,-1.12,1.64,275.0,TESTR,AKR-TESTR-<MAC6>,0.0,1.0,0.0,100.0
131680,2,walk,walk,10856,,10856.0,20.0,2.0,6.0,2.0,-0.46,-0.017,0.028,2.079,34.0,28.07,0.0,19.0,0.0,10.0,0.6,0.01,-1.0,-0.07,-1.16,-1.13,1.73,275.0,TESTR,AKR-TESTR-<MAC6>,0.0,1.0,0.0,100.0
131680,2,walk,walk,10857,,10857.0,20.0,2.0,6.0,2.0,-0.46,-0.017,-0.003,2.092,34.0,28.07,0.0,19.0,0.0,10.0,0.57,0.01,-1.0,-0.07,-1.22,-1.14,1.8,275.0,TESTR,AKR-TESTR-<MAC6>,0.0,1.0,0.0,100.0
131700,2,walk,walk,10858,,10858.0,20.0,2.0,6.0,2.0,-0.46,-0.017,0.049,2.069,34.0,28.07,0.0,19.0,0.0,10.0,0.53,0.01,-1.0,-0.07,-1.25,-1.13,1.83,275.0,TESTR,AKR-TESTR-<MAC6>,0.0,1.0,0.0,100.0
131720,2,walk,walk,10859,,10859.0,20.0,2.0,6.0,2.0,-0.47,-0.017,-0.033,2.066,34.0,28.07,0.0,19.0,0.0,10.0,0.49,0.01,-1.0,-0.07,-1.26,-1.11,1.8,275.0,TESTR,AKR-TESTR-<MAC6>,0.0,1.0,0.0,100.0
131740,2,walk,walk,10860,,10860.0,20.0,2.0,6.0,2.0,-0.47,-0.017,-0.013,2.017,34.0,28.07,0.0,19.0,0.0,10.0,0.44,0.01,-1.0,-0.07,-1.24,-1.07,1.73,275.0,TESTR,AKR-TESTR-<MAC6>,0.0,1.0,0.0,100.0
131760,2,walk,walk,10861,,10861.0,20.0,2.0,6.0,2.0,-0.48,-0.017,-0.014,2.011,34.0,28.07,0.0,19.0,0.0,10.0,0.4,0.01,-1.0,-0.07,-1.19,-1.03,1.61,275.0,TESTR,AKR-TESTR-<MAC6>,0.0,1.0,0.0,100.0
131780,2,walk,walk,10862,,10862.0,20.0,2.0,6.0,2.0,-0.49,-0.017,-0.075,2.015,34.0,28.07,0.0,19.0,0.0,10.0,0.37,0.01,-1.0,-0.07,-1.12,-0.99,1.46,275.0,TESTR,AKR-TESTR-<MAC6>,0.0,1.0,0.0,100.0
131800,2,walk,walk,10863,,10863.0,20.0,2.0,6.0,2.0,-0.5,-0.017,-0.018,1.991,34.0,28.07,0.0,19.0,0.0,10.0,0.34,0.01,-1.0,-0.07,-1.04,-0.95,1.3,275.0,TESTR,AKR-TESTR-<MAC6>,0.0,1.0,0.0,100.0
131840,2,walk,walk,10864,,10864.0,20.0,2.0,6.0,2.0,-0.5,-0.017,0.12,2.035,34.0,28.07,0.0,19.0,0.0,10.0,0.33,0.01,-1.0,-0.08,-0.95,-0.93,1.15,275.0,TESTR,AKR-TESTR-<MAC6>,0.0,1.0,0.0,100.0
131840,2,walk,walk,10865,,10865.0,20.0,2.0,6.0,2.0,-0.51,-0.017,0.052,2.055,34.0,28.07,0.0,19.0,0.0,10.0,0.32,0.01,-1.0,-0.08,-0.86,-0.91,1.02,275.0,TESTR,AKR-TESTR-<MAC6>,0.0,1.0,0.0,100.0
131860,2,walk,walk,10866,,10866.0,20.0,2.0,6.0,2.0,-0.52,-0.017,-0.101,2.039,34.0,28.07,0.0,19.0,0.0,10.0,0.32,0.01,-1.0,-0.08,-0.77,-0.9,0.91,275.0,TESTR,AKR-TESTR-<MAC6>,0.0,1.0,0.0,100.0
131880,2,walk,walk,10867,,10867.0,20.0,2.0,6.0,2.0,-0.53,-0.017,-0.001,2.042,34.0,28.07,0.0,19.0,0.0,10.0,0.32,0.01,-1.0,-0.08,-0.69,-0.9,0.83,275.0,TESTR,AKR-TESTR-<MAC6>,0.0,1.0,0.0,100.0
131900,2,walk,walk,10868,,10868.0,20.0,2.0,6.0,2.0,-0.54,-0.017,-0.013,2.034,34.0,28.07,0.0,19.0,0.0,10.0,0.33,0.01,-1.0,-0.08,-0.6,-0.91,0.77,275.0,TESTR,AKR-TESTR-<MAC6>,0.0,1.0,0.0,100.0
131920,2,walk,walk,10869,,10869.0,20.0,2.0,6.0,2.0,-0.55,-0.017,0.003,2.058,34.0,28.07,0.0,19.0,0.0,10.0,0.34,0.01,-1.0,-0.08,-0.51,-0.92,0.72,275.0,TESTR,AKR-TESTR-<MAC6>,0.0,1.0,0.0,100.0
131940,2,walk,walk,10870,,10870.0,20.0,2.0,6.0,2.0,-0.55,-0.017,0.068,2.014,34.0,28.07,0.0,19.0,0.0,10.0,0.34,0.01,-1.0,-0.08,-0.43,-0.91,0.68,275.0,TESTR,AKR-TESTR-<MAC6>,0.0,1.0,0.0,100.0
131960,2,walk,walk,10871,,10871.0,20.0,2.0,6.0,2.0,-0.56,-0.017,-0.099,1.988,34.0,28.07,0.0,19.0,0.0,10.0,0.35,0.01,-1.0,-0.08,-0.36,-0.89,0.64,275.0,TESTR,AKR-TESTR-<MAC6>,0.0,1.0,0.0,100.0
132020,2,walk,walk,10872,,10872.0,20.0,2.0,6.0,2.0,-0.57,-0.017,0.099,1.96,34.0,28.07,0.0,19.0,0.0,10.0,0.35,0.01,-1.0,-0.08,-0.31,-0.87,0.6,275.0,TESTR,AKR-TESTR-<MAC6>,0.0,1.0,0.0,100.0
132020,2,walk,walk,10873,,10873.0,20.0,2.0,6.0,2.0,-0.57,-0.016,0.042,1.969,34.0,28.07,0.0,19.0,0.0,10.0,0.35,0.01,-1.0,-0.08,-0.27,-0.85,0.54,275.0,TESTR,AKR-TESTR-<MAC6>,0.0,1.0,0.0,100.0
132020,2,walk,walk,10874,,10874.0,20.0,2.0,6.0,2.0,-0.57,-0.016,0.028,1.904,34.0,28.07,0.0,19.0,0.0,10.0,0.35,0.01,-1.0,-0.08,-0.24,-0.83,0.49,275.0,TESTR,AKR-TESTR-<MAC6>,0.0,1.0,0.0,100.0
132040,2,walk,walk,10875,,10875.0,20.0,2.0,6.0,2.0,-0.58,-0.016,-0.058,1.939,34.0,28.07,0.0,19.0,0.0,10.0,0.36,0.01,-1.0,-0.08,-0.23,-0.82,0.44,275.0,TESTR,AKR-TESTR-<MAC6>,0.0,1.0,0.0,100.0
132060,2,walk,walk,10876,,10876.0,20.0,2.0,6.0,2.0,-0.58,-0.016,-0.001,1.936,34.0,28.07,0.0,19.0,0.0,10.0,0.36,0.01,-1.0,-0.08,-0.22,-0.83,0.42,275.0,TESTR,AKR-TESTR-<MAC6>,0.0,1.0,0.0,100.0
132080,2,walk,walk,10877,,10877.0,20.0,2.0,6.0,2.0,-0.58,-0.016,0.019,1.93,34.0,28.07,0.0,19.0,0.0,10.0,0.36,0.01,-1.0,-0.08,-0.21,-0.85,0.41,275.0,TESTR,AKR-TESTR-<MAC6>,0.0,1.0,0.0,100.0
132100,2,walk,walk,10878,,10878.0,20.0,2.0,6.0,2.0,-0.58,-0.016,-0.065,1.928,34.0,28.07,0.0,19.0,0.0,10.0,0.36,0.01,-1.0,-0.08,-0.21,-0.88,0.42,275.0,TESTR,AKR-TESTR-<MAC6>,0.0,1.0,0.0,100.0
132120,2,walk,walk,10879,,10879.0,20.0,2.0,6.0,2.0,-0.57,-0.016,0.107,1.976,34.0,28.07,0.0,19.0,0.0,10.0,0.37,0.01,-1.0,-0.08,-0.21,-0.91,0.44,275.0,TESTR,AKR-TESTR-<MAC6>,0.0,1.0,0.0,100.0
132160,2,walk,walk,10880,,10880.0,20.0,2.0,6.0,2.0,-0.57,-0.016,0.026,1.958,34.0,28.07,0.0,19.0,0.0,10.0,0.38,0.01,-1.0,-0.08,-0.2,-0.93,0.48,275.0,TESTR,AKR-TESTR-<MAC6>,0.0,1.0,0.0,100.0
132160,2,walk,walk,10881,,10881.0,20.0,2.0,6.0,2.0,-0.57,-0.016,-0.005,1.955,34.0,28.07,0.0,19.0,0.0,10.0,0.38,0.01,-1.0,-0.08,-0.19,-0.95,0.52,275.0,TESTR,AKR-TESTR-<MAC6>,0.0,1.0,0.0,100.0
132180,2,walk,walk,10882,,10882.0,20.0,2.0,6.0,2.0,-0.56,-0.016,0.006,1.945,34.0,28.07,0.0,19.0,0.0,10.0,0.39,0.01,-1.0,-0.08,-0.16,-0.97,0.57,275.0,TESTR,AKR-TESTR-<MAC6>,0.0,1.0,0.0,100.0
132200,2,walk,walk,10883,,10883.0,20.0,2.0,6.0,2.0,-0.56,-0.016,0.014,1.944,34.0,28.07,0.0,19.0,0.0,10.0,0.39,0.01,-1.0,-0.08,-0.13,-0.98,0.62,275.0,TESTR,AKR-TESTR-<MAC6>,0.0,1.0,0.0,100.0
132220,2,walk,walk,10884,,10884.0,20.0,2.0,6.0,2.0,-0.55,-0.016,-0.007,1.933,34.0,28.07,0.0,19.0,0.0,10.0,0.4,0.01,-1.0,-0.08,-0.07,-0.99,0.66,275.0,TESTR,AKR-TESTR-<MAC6>,0.0,1.0,0.0,100.0
132240,2,walk,walk,10885,,10885.0,20.0,2.0,6.0,2.0,-0.54,-0.016,-0.061,1.959,34.0,28.07,0.0,19.0,0.0,10.0,0.39,0.01,-1.0,-0.08,-0.01,-0.99,0.7,275.0,TESTR,AKR-TESTR-<MAC6>,0.0,1.0,0.0,100.0
132260,2,walk,walk,10886,,10886.0,20.0,2.0,6.0,2.0,-0.54,-0.016,-0.021,1.949,34.0,28.07,0.0,19.0,0.0,10.0,0.39,0.01,-1.0,-0.08,0.06,-1.0,0.72,275.0,TESTR,AKR-TESTR-<MAC6>,0.0,1.0,0.0,100.0
132280,2,walk,walk,10887,,10887.0,20.0,2.0,6.0,2.0,-0.53,-0.017,-0.05,1.972,34.0,28.07,0.0,19.0,0.0,10.0,0.38,0.01,-1.0,-0.08,0.14,-1.01,0.73,275.0,TESTR,AKR-TESTR-<MAC6>,0.0,1.0,0.0,100.0
132340,2,walk,walk,10888,,10888.0,20.0,2.0,6.0,2.0,-0.52,-0.016,-0.056,1.958,34.0,28.07,0.0,19.0,0.0,10.0,0.38,0.01,-1.0,-0.08,0.21,-1.01,0.74,275.0,TESTR,AKR-TESTR-<MAC6>,0.0,1.0,0.0,100.0
132340,2,walk,walk,10889,,10889.0,20.0,2.0,6.0,2.0,-0.52,-0.016,0.03,1.973,34.0,28.07,0.0,19.0,0.0,10.0,0.38,0.01,-1.0,-0.08,0.26,-1.01,0.74,275.0,TESTR,AKR-TESTR-<MAC6>,0.0,1.0,0.0,100.0
132340,2,walk,walk,10890,,10890.0,20.0,2.0,6.0,2.0,-0.51,-0.016,-0.009,1.955,34.0,28.07,0.0,19.0,0.0,10.0,0.38,0.01,-1.0,-0.08,0.31,-1.01,0.74,275.0,TESTR,AKR-TESTR-<MAC6>,0.0,1.0,0.0,100.0
132360,2,walk,walk,10891,,10891.0,20.0,2.0,6.0,2.0,-0.51,-0.016,-0.04,1.955,34.0,28.07,0.0,19.0,0.0,10.0,0.38,0.01,-1.0,-0.08,0.33,-1.01,0.74,275.0,TESTR,AKR-TESTR-<MAC6>,0.0,1.0,0.0,100.0
132380,2,walk,walk,10892,,10892.0,20.0,2.0,6.0,2.0,-0.5,-0.017,-0.017,1.947,34.0,28.07,0.0,19.0,0.0,10.0,0.38,0.01,-1.0,-0.08,0.34,-1.02,0.75,275.0,TESTR,AKR-TESTR-<MAC6>,0.0,1.0,0.0,100.0
132400,2,walk,walk,10893,,10893.0,20.0,2.0,6.0,2.0,-0.5,-0.017,-0.084,1.935,34.0,28.07,0.0,19.0,0.0,10.0,0.38,0.01,-1.0,-0.08,0.32,-1.03,0.76,275.0,TESTR,AKR-TESTR-<MAC6>,0.0,1.0,0.0,100.0
132420,2,walk,walk,10894,,10894.0,20.0,2.0,6.0,2.0,-0.49,-0.016,-0.023,1.928,34.0,28.07,0.0,19.0,0.0,10.0,0.37,0.01,-1.0,-0.08,0.29,-1.04,0.77,275.0,TESTR,AKR-TESTR-<MAC6>,0.0,1.0,0.0,100.0
132460,2,walk,walk,10895,,10895.0,20.0,2.0,6.0,2.0,-0.49,-0.016,-0.068,1.974,34.0,28.07,0.0,19.0,0.0,10.0,0.36,0.01,-1.0,-0.08,0.26,-1.04,0.76,275.0,TESTR,AKR-TESTR-<MAC6>,0.0,1.0,0.0,100.0
132480,2,walk,walk,10896,,10896.0,20.0,2.0,6.0,2.0,-0.48,-0.016,0.029,1.94,34.0,28.07,0.0,19.0,0.0,10.0,0.35,0.01,-1.0,-0.08,0.24,-1.04,0.74,275.0,TESTR,AKR-TESTR-<MAC6>,0.0,1.0,0.0,100.0
132520,2,walk,walk,10897,,10897.0,20.0,2.0,6.0,2.0,-0.48,-0.016,-0.064,1.912,34.0,28.07,0.0,19.0,0.0,10.0,0.33,0.01,-1.0,-0.08,0.24,-1.02,0.69,275.0,TESTR,AKR-TESTR-<MAC6>,0.0,1.0,0.0,100.0
132520,2,walk,walk,10898,,10898.0,20.0,2.0,6.0,2.0,-0.47,-0.016,-0.029,1.94,34.0,28.07,0.0,19.0,0.0,10.0,0.32,0.01,-1.0,-0.08,0.23,-0.99,0.62,275.0,TESTR,AKR-TESTR-<MAC6>,0.0,1.0,0.0,100.0
132520,2,walk,walk,10899,,10899.0,20.0,2.0,6.0,2.0,-0.47,-0.016,-0.037,1.909,34.0,28.07,0.0,19.0,0.0,10.0,0.3,0.01,-1.0,-0.08,0.24,-0.95,0.53,275.0,TESTR,AKR-TESTR-<MAC6>,0.0,1.0,0.0,100.0
132540,2,walk,walk,10900,,10900.0,20.0,2.0,6.0,2.0,-0.47,-0.016,0.057,1.885,34.0,28.07,0.0,19.0,0.0,10.0,0.29,0.01,-1.0,-0.08,0.24,-0.9,0.42,275.0,TESTR,AKR-TESTR-<MAC6>,0.0,1.0,0.0,100.0
132580,2,walk,walk,10901,,10901.0,20.0,2.0,6.0,2.0,-0.46,-0.016,-0.014,1.868,34.0,28.07,0.0,19.0,0.0,10.0,0.29,0.01,-1.0,-0.08,0.25,-0.86,0.32,275.0,TESTR,AKR-TESTR-<MAC6>,0.0,1.0,0.0,100.0
132580,2,walk,walk,10902,,10902.0,20.0,2.0,6.0,2.0,-0.46,-0.016,-0.03,1.85,34.0,28.07,0.0,19.0,0.0,10.0,0.3,0.01,-1.0,-0.08,0.26,-0.83,0.23,275.0,TESTR,AKR-TESTR-<MAC6>,0.0,1.0,0.0,100.0
132600,2,walk,walk,10903,,10903.0,20.0,2.0,6.0,2.0,-0.46,-0.015,-0.048,1.871,34.0,28.07,0.0,19.0,0.0,10.0,0.31,0.01,-1.0,-0.08,0.27,-0.82,0.17,275.0,TESTR,AKR-TESTR-<MAC6>,0.0,1.0,0.0,100.0
132640,2,walk,walk,10904,,10904.0,20.0,2.0,6.0,2.0,-0.45,-0.016,0.07,1.86,34.0,28.07,0.0,19.0,0.0,10.0,0.33,0.01,-1.0,-0.08,0.27,-0.82,0.12,275.0,TESTR,AKR-TESTR-<MAC6>,0.0,1.0,0.0,100.0
132660,2,walk,walk,10905,,10905.0,20.0,2.0,6.0,2.0,-0.45,-0.015,0.028,1.856,34.0,28.07,0.0,19.0,0.0,10.0,0.35,0.01,-1.0,-0.08,0.27,-0.83,0.1,276.0,TESTR,AKR-TESTR-<MAC6>,0.0,1.0,0.0,100.0
132660,2,walk,walk,10906,,10906.0,20.0,2.0,6.0,2.0,-0.45,-0.016,0.001,1.882,34.0,28.07,0.0,19.0,0.0,10.0,0.37,0.01,-1.0,-0.08,0.26,-0.85,0.1,276.0,TESTR,AKR-TESTR-<MAC6>,0.0,1.0,0.0,100.0
132700,2,walk,walk,10907,,10907.0,20.0,2.0,6.0,2.0,-0.44,-0.016,0.002,1.854,34.0,28.07,0.0,19.0,0.0,10.0,0.39,0.01,-1.0,-0.08,0.25,-0.88,0.11,276.0,TESTR,AKR-TESTR-<MAC6>,0.0,1.0,0.0,100.0
132700,2,walk,walk,10908,,10908.0,20.0,2.0,6.0,2.0,-0.43,-0.016,-0.015,1.864,34.0,28.07,0.0,19.0,0.0,10.0,0.41,0.01,-1.0,-0.08,0.24,-0.9,0.14,276.0,TESTR,AKR-TESTR-<MAC6>,0.0,1.0,0.0,100.0
132720,2,walk,walk,10909,,10909.0,20.0,2.0,6.0,2.0,-0.43,-0.015,-0.005,1.861,34.0,28.07,0.0,19.0,0.0,10.0,0.42,0.01,-1.0,-0.08,0.23,-0.92,0.18,276.0,TESTR,AKR-TESTR-<MAC6>,0.0,1.0,0.0,100.0
132740,2,walk,walk,10910,,10910.0,20.0,2.0,6.0,2.0,-0.42,-0.016,0.003,1.863,34.0,28.07,0.0,19.0,0.0,10.0,0.44,0.01,-1.0,-0.08,0.22,-0.94,0.22,276.0,TESTR,AKR-TESTR-<MAC6>,0.0,1.0,0.0,100.0
132760,2,walk,walk,10911,,10911.0,20.0,2.0,6.0,2.0,-0.41,-0.016,0.028,1.873,34.0,28.07,0.0,19.0,0.0,10.0,0.46,0.01,-1.0,-0.08,0.2,-0.96,0.29,276.0,TESTR,AKR-TESTR-<MAC6>,0.0,1.0,0.0,100.0
132780,2,walk,walk,10912,,10912.0,20.0,2.0,6.0,2.0,-0.4,-0.016,0.025,1.869,34.0,28.07,0.0,19.0,0.0,10.0,0.47,0.01,-1.0,-0.08,0.16,-0.99,0.36,276.0,TESTR,AKR-TESTR-<MAC6>,0.0,1.0,0.0,100.0
132820,2,walk,walk,10913,,10913.0,20.0,2.0,6.0,2.0,-0.39,-0.016,0.022,1.904,34.0,28.07,0.0,19.0,0.0,10.0,0.49,0.01,-1.0,-0.08,0.12,-1.04,0.45,276.0,TESTR,AKR-TESTR-<MAC6>,0.0,1.0,0.0,100.0
132840,2,walk,walk,10914,,10914.0,20.0,2.0,6.0,2.0,-0.39,-0.016,0.033,1.864,34.0,28.07,0.0,19.0,0.0,10.0,0.5,0.01,-1.0,-0.08,0.07,-1.08,0.55,276.0,TESTR,AKR-TESTR-<MAC6>,0.0,1.0,0.0,100.0
132840,2,walk,walk,10915,,10915.0,20.0,2.0,6.0,2.0,-0.38,-0.016,-0.04,1.865,34.0,28.07,0.0,19.0,0.0,10.0,0.5,0.01,-1.0,-0.08,0.0,-1.13,0.66,276.0,TESTR,AKR-TESTR-<MAC6>,0.0,1.0,0.0,100.0
132860,2,walk,walk,10916,,10916.0,20.0,2.0,6.0,2.0,-0.37,-0.016,-0.019,1.895,34.0,28.07,0.0,19.0,0.0,10.0,0.51,0.01,-1.0,-0.08,-0.06,-1.18,0.77,276.0,TESTR,AKR-TESTR-<MAC6>,0.0,1.0,0.0,100.0
132880,2,walk,walk,10917,,10917.0,20.0,2.0,6.0,2.0,-0.36,-0.016,-0.057,1.87,34.0,28.07,0.0,19.0,0.0,10.0,0.5,0.01,-1.0,-0.08,-0.12,-1.22,0.87,276.0,TESTR,AKR-TESTR-<MAC6>,0.0,1.0,0.0,100.0
132900,2,walk,walk,10918,,10918.0,20.0,2.0,6.0,2.0,-0.35,-0.016,-0.068,1.918,34.0,28.07,0.0,19.0,0.0,10.0,0.5,0.01,-1.0,-0.08,-0.18,-1.26,0.96,276.0,TESTR,AKR-TESTR-<MAC6>,0.0,1.0,0.0,100.0
132920,2,walk,walk,10919,,10919.0,20.0,2.0,6.0,2.0,-0.34,-0.016,-0.007,1.912,34.0,28.07,0.0,19.0,0.0,10.0,0.49,0.01,-1.0,-0.08,-0.23,-1.29,1.04,276.0,TESTR,AKR-TESTR-<MAC6>,0.0,1.0,0.0,100.0
132960,2,walk,walk,10920,,10920.0,20.0,2.0,6.0,2.0,-0.33,-0.016,0.019,1.955,34.0,28.07,0.0,19.0,0.0,10.0,0.48,0.01,-1.0,-0.08,-0.26,-1.31,1.1,276.0,TESTR,AKR-TESTR-<MAC6>,0.0,1.0,0.0,100.0
132980,2,walk,walk,10921,,10921.0,20.0,2.0,6.0,2.0,-0.33,-0.016,-0.083,1.922,34.0,28.07,0.0,19.0,0.0,10.0,0.47,0.01,-1.0,-0.08,-0.28,-1.32,1.14,276.0,TESTR,AKR-TESTR-<MAC6>,0.0,1.0,0.0,100.0
133000,2,walk,walk,10922,,10922.0,20.0,2.0,6.0,2.0,-0.32,-0.016,-0.032,1.919,34.0,28.07,0.0,19.0,0.0,10.0,0.45,0.01,-1.0,-0.08,-0.29,-1.32,1.16,276.0,TESTR,AKR-TESTR-<MAC6>,0.0,1.0,0.0,100.0
133000,2,walk,walk,10923,,10923.0,20.0,2.0,6.0,2.0,-0.32,-0.016,-0.002,1.919,34.0,28.07,0.0,19.0,0.0,10.0,0.44,0.01,-1.0,-0.08,-0.3,-1.3,1.16,276.0,TESTR,AKR-TESTR-<MAC6>,0.0,1.0,0.0,100.0
133020,2,walk,walk,10924,,10924.0,20.0,2.0,6.0,2.0,-0.31,-0.016,0.026,1.902,34.0,28.07,0.0,19.0,0.0,10.0,0.42,0.01,-1.0,-0.08,-0.33,-1.28,1.15,276.0,TESTR,AKR-TESTR-<MAC6>,0.0,1.0,0.0,100.0
133040,2,walk,walk,10925,,10925.0,20.0,2.0,6.0,2.0,-0.31,-0.016,-0.058,1.894,34.0,28.07,0.0,19.0,0.0,10.0,0.41,0.01,-1.0,-0.08,-0.36,-1.24,1.12,276.0,TESTR,AKR-TESTR-<MAC6>,0.0,1.0,0.0,100.0
133060,2,walk,walk,10926,,10926.0,20.0,2.0,6.0,2.0,-0.31,-0.016,0.061,1.858,34.0,28.07,0.0,19.0,0.0,10.0,0.39,0.01,-1.0,-0.08,-0.39,-1.2,1.08,276.0,TESTR,AKR-TESTR-<MAC6>,0.0,1.0,0.0,100.0
133080,2,walk,walk,10927,,10927.0,20.0,2.0,6.0,2.0,-0.31,-0.016,-0.062,1.908,34.0,28.07,0.0,19.0,0.0,10.0,0.37,0.01,-1.0,-0.08,-0.42,-1.15,1.03,276.0,TESTR,AKR-TESTR-<MAC6>,0.0,1.0,0.0,100.0
133120,2,walk,walk,10928,,10928.0,20.0,2.0,6.0,2.0,-0.31,-0.016,-0.044,1.913,34.0,28.07,0.0,19.0,0.0,10.0,0.36,0.01,-1.0,-0.08,-0.43,-1.09,0.96,276.0,TESTR,AKR-TESTR-<MAC6>,0.0,1.0,0.0,100.0
133140,2,walk,walk,10929,,10929.0,20.0,2.0,6.0,2.0,-0.31,-0.016,0.009,1.877,34.0,28.07,0.0,19.0,0.0,10.0,0.34,0.01,-1.0,-0.08,-0.44,-1.04,0.89,276.0,TESTR,AKR-TESTR-<MAC6>,0.0,1.0,0.0,100.0
133160,2,walk,walk,10930,,10930.0,20.0,2.0,6.0,2.0,-0.32,-0.016,0.001,1.932,34.0,28.07,0.0,19.0,0.0,10.0,0.33,0.01,-1.0,-0.08,-0.45,-0.99,0.82,276.0,TESTR,AKR-TESTR-<MAC6>,0.0,1.0,0.0,100.0
133160,2,walk,walk,10931,,10931.0,20.0,2.0,6.0,2.0,-0.32,-0.016,0.021,1.883,34.0,28.07,0.0,19.0,0.0,10.0,0.33,0.01,-1.0,-0.08,-0.44,-0.95,0.75,276.0,TESTR,AKR-TESTR-<MAC6>,0.0,1.0,0.0,100.0
133180,2,walk,walk,10932,,10932.0,20.0,2.0,6.0,2.0,-0.32,-0.016,0.092,1.889,34.0,28.07,0.0,19.0,0.0,10.0,0.32,0.01,-1.0,-0.08,-0.43,-0.92,0.7,276.0,TESTR,AKR-TESTR-<MAC6>,0.0,1.0,0.0,100.0
133200,2,walk,walk,10933,,10933.0,20.0,2.0,6.0,2.0,-0.33,-0.016,-0.007,1.877,34.0,28.07,0.0,19.0,0.0,10.0,0.32,0.01,-1.0,-0.08,-0.4,-0.9,0.65,276.0,TESTR,AKR-TESTR-<MAC6>,0.0,1.0,0.0,100.0
133220,2,walk,walk,10934,,10934.0,20.0,2.0,6.0,2.0,-0.33,-0.016,-0.028,1.865,34.0,28.07,0.0,19.0,0.0,10.0,0.33,0.01,-1.0,-0.08,-0.35,-0.89,0.61,276.0,TESTR,AKR-TESTR-<MAC6>,0.0,1.0,0.0,100.0
133240,2,walk,walk,10935,,10935.0,20.0,2.0,6.0,2.0,-0.33,-0.016,-0.057,1.874,34.0,28.07,0.0,19.0,0.0,10.0,0.33,0.01,-1.0,-0.08,-0.28,-0.89,0.58,276.0,TESTR,AKR-TESTR-<MAC6>,0.0,1.0,0.0,100.0
133260,2,walk,walk,10936,,10936.0,20.0,2.0,6.0,2.0,-0.34,-0.016,0.006,1.892,34.0,28.07,0.0,19.0,0.0,10.0,0.33,0.01,-1.0,-0.08,-0.2,-0.91,0.57,276.0,TESTR,AKR-TESTR-<MAC6>,0.0,1.0,0.0,100.0
133280,2,walk,walk,10937,,10937.0,20.0,2.0,6.0,2.0,-0.34,-0.016,0.001,1.876,34.0,28.07,0.0,19.0,0.0,10.0,0.34,0.01,-1.0,-0.09,-0.11,-0.93,0.56,276.0,TESTR,AKR-TESTR-<MAC6>,0.0,1.0,0.0,100.0
133320,2,walk,walk,10938,,10938.0,20.0,2.0,6.0,2.0,-0.34,-0.016,-0.003,1.888,34.0,28.07,0.0,19.0,0.0,10.0,0.35,0.01,-1.0,-0.09,-0.01,-0.95,0.55,276.0,TESTR,AKR-TESTR-<MAC6>,0.0,1.0,0.0,100.0
133320,2,walk,walk,10939,,10939.0,20.0,2.0,6.0,2.0,-0.34,-0.016,-0.026,1.918,34.0,28.07,0.0,19.0,0.0,10.0,0.35,0.01,-1.0,-0.09,0.09,-0.98,0.54,276.0,TESTR,AKR-TESTR-<MAC6>,0.0,1.0,0.0,100.0
133340,2,walk,walk,10940,,10940.0,20.0,2.0,6.0,2.0,-0.35,-0.016,0.068,1.911,34.0,28.07,0.0,19.0,0.0,10.0,0.36,0.01,-1.0,-0.09,0.19,-1.01,0.54,276.0,TESTR,AKR-TESTR-<MAC6>,0.0,1.0,0.0,100.0
133360,2,walk,walk,10941,,10941.0,20.0,2.0,6.0,2.0,-0.35,-0.016,0.019,1.898,34.0,28.07,0.0,19.0,0.0,10.0,0.36,0.01,-1.0,-0.09,0.29,-1.03,0.52,276.0,TESTR,AKR-TESTR-<MAC6>,0.0,1.0,0.0,100.0
133380,2,walk,walk,10942,,10942.0,20.0,2.0,6.0,2.0,-0.35,-0.016,0.014,1.888,34.0,28.07,0.0,19.0,0.0,10.0,0.37,0.01,-1.0,-0.09,0.37,-1.05,0.51,276.0,TESTR,AKR-TESTR-<MAC6>,0.0,1.0,0.0,100.0
133400,2,walk,walk,10943,,10943.0,20.0,2.0,6.0,2.0,-0.35,-0.016,0.08,1.892,34.0,28.07,0.0,19.0,0.0,10.0,0.37,0.01,-1.0,-0.09,0.44,-1.06,0.49,276.0,TESTR,AKR-TESTR-<MAC6>,0.0,1.0,0.0,100.0
133420,2,walk,walk,10944,,10944.0,20.0,2.0,6.0,2.0,-0.35,-0.016,-0.044,1.904,34.0,28.07,0.0,19.0,0.0,10.0,0.38,0.01,-1.0,-0.09,0.5,-1.06,0.47,276.0,TESTR,AKR-TESTR-<MAC6>,0.0,1.0,0.0,100.0
133440,2,walk,walk,10945,,10945.0,20.0,2.0,6.0,2.0,-0.35,-0.016,-0.007,1.887,34.0,28.07,0.0,19.0,0.0,10.0,0.38,0.01,-1.0,-0.09,0.55,-1.06,0.46,276.0,TESTR,AKR-TESTR-<MAC6>,0.0,1.0,0.0,100.0
133480,2,walk,walk,10946,,10946.0,20.0,2.0,6.0,2.0,-0.34,-0.016,-0.026,1.886,34.0,28.07,0.0,19.0,0.0,10.0,0.39,0.01,-1.0,-0.09,0.59,-1.06,0.44,276.0,TESTR,AKR-TESTR-<MAC6>,0.0,1.0,0.0,100.0
133480,2,walk,walk,10947,,10947.0,20.0,2.0,6.0,2.0,-0.34,-0.016,0.03,1.882,34.0,28.07,0.0,19.0,0.0,10.0,0.39,0.01,-1.0,-0.08,0.61,-1.06,0.43,276.0,TESTR,AKR-TESTR-<MAC6>,0.0,1.0,0.0,100.0
133500,2,walk,walk,10948,,10948.0,20.0,2.0,6.0,2.0,-0.34,-0.016,0.022,1.903,34.0,28.07,0.0,19.0,0.0,10.0,0.4,0.01,-1.0,-0.08,0.61,-1.05,0.42,276.0,TESTR,AKR-TESTR-<MAC6>,0.0,1.0,0.0,100.0
133520,2,walk,walk,10949,,10949.0,20.0,2.0,6.0,2.0,-0.34,-0.016,-0.05,1.89,34.0,28.07,0.0,19.0,0.0,10.0,0.41,0.01,-1.0,-0.08,0.6,-1.05,0.42,276.0,TESTR,AKR-TESTR-<MAC6>,0.0,1.0,0.0,100.0
133540,2,walk,walk,10950,,10950.0,20.0,2.0,6.0,2.0,-0.33,-0.016,-0.057,1.879,34.0,28.07,0.0,19.0,0.0,10.0,0.41,0.01,-1.0,-0.08,0.59,-1.04,0.43,276.0,TESTR,AKR-TESTR-<MAC6>,0.0,1.0,0.0,100.0
133560,2,walk,walk,10951,,10951.0,20.0,2.0,6.0,2.0,-0.33,-0.016,0.046,1.881,34.0,28.07,0.0,19.0,0.0,10.0,0.41,0.01,-1.0,-0.08,0.57,-1.04,0.45,276.0,TESTR,AKR-TESTR-<MAC6>,0.0,1.0,0.0,100.0
133600,2,walk,walk,10952,,10952.0,20.0,2.0,6.0,2.0,-0.33,-0.016,0.021,1.882,34.0,28.07,0.0,19.0,0.0,10.0,0.41,0.01,-1.0,-0.08,0.55,-1.04,0.47,276.0,TESTR,AKR-TESTR-<MAC6>,0.0,1.0,0.0,100.0
133620,2,walk,walk,10953,,10953.0,20.0,2.0,6.0,2.0,-0.32,-0.016,0.083,1.917,34.0,28.07,0.0,19.0,0.0,10.0,0.41,0.01,-1.0,-0.08,0.53,-1.04,0.5,276.0,TESTR,AKR-TESTR-<MAC6>,0.0,1.0,0.0,100.0
133620,2,walk,walk,10954,,10954.0,20.0,2.0,6.0,2.0,-0.32,-0.016,0.019,1.905,34.0,28.07,0.0,19.0,0.0,10.0,0.41,0.01,-1.0,-0.08,0.51,-1.04,0.53,276.0,TESTR,AKR-TESTR-<MAC6>,0.0,1.0,0.0,100.0
133660,2,walk,walk,10955,,10955.0,20.0,2.0,6.0,2.0,-0.32,-0.016,-0.06,1.918,34.0,28.07,0.0,19.0,0.0,10.0,0.4,0.01,-1.0,-0.08,0.5,-1.04,0.55,276.0,TESTR,AKR-TESTR-<MAC6>,0.0,1.0,0.0,100.0
133660,2,walk,walk,10956,,10956.0,20.0,2.0,6.0,2.0,-0.31,-0.016,-0.002,1.884,34.0,28.07,0.0,19.0,0.0,10.0,0.4,0.01,-1.0,-0.08,0.5,-1.05,0.57,276.0,TESTR,AKR-TESTR-<MAC6>,0.0,1.0,0.0,100.0
133680,2,walk,walk,10957,,10957.0,20.0,2.0,6.0,2.0,-0.31,-0.016,-0.045,1.929,34.0,28.07,0.0,19.0,0.0,10.0,0.39,0.01,-1.0,-0.08,0.51,-1.07,0.58,276.0,TESTR,AKR-TESTR-<MAC6>,0.0,1.0,0.0,100.0
133700,2,walk,walk,10958,,10958.0,20.0,2.0,6.0,2.0,-0.3,-0.016,-0.03,1.913,34.0,28.07,0.0,19.0,0.0,10.0,0.38,0.01,-1.0,-0.08,0.53,-1.07,0.57,276.0,TESTR,AKR-TESTR-<MAC6>,0.0,1.0,0.0,100.0
133720,2,walk,walk,10959,,10959.0,20.0,2.0,6.0,2.0,-0.3,-0.016,-0.001,1.898,34.0,28.07,0.0,19.0,0.0,10.0,0.37,0.01,-1.0,-0.08,0.55,-1.07,0.55,276.0,TESTR,AKR-TESTR-<MAC6>,0.0,1.0,0.0,100.0
133740,2,walk,walk,10960,,10960.0,20.0,2.0,6.0,2.0,-0.29,-0.016,-0.077,1.874,34.0,28.07,0.0,19.0,0.0,10.0,0.37,0.01,-1.0,-0.08,0.58,-1.05,0.52,276.0,TESTR,AKR-TESTR-<MAC6>,0.0,1.0,0.0,100.0
133760,2,walk,walk,10961,,10961.0,20.0,2.0,6.0,2.0,-0.29,-0.016,0.038,1.874,34.0,28.07,0.0,19.0,0.0,10.0,0.36,0.01,-1.0,-0.08,0.61,-1.03,0.48,276.0,TESTR,AKR-TESTR-<MAC6>,0.0,1.0,0.0,100.0
133820,2,walk,walk,10962,,10962.0,20.0,2.0,6.0,2.0,-0.29,-0.016,-0.009,1.9,34.0,28.07,0.0,19.0,0.0,10.0,0.36,0.01,-1.0,-0.08,0.63,-1.0,0.43,277.0,TESTR,AKR-TESTR-<MAC6>,0.0,1.0,0.0,100.0
133820,2,walk,walk,10963,,10963.0,20.0,2.0,6.0,2.0,-0.28,-0.016,0.03,1.898,34.0,28.07,0.0,19.0,0.0,10.0,0.36,0.01,-1.0,-0.08,0.64,-0.98,0.37,277.0,TESTR,AKR-TESTR-<MAC6>,0.0,1.0,0.0,100.0
133820,2,walk,walk,10964,,10964.0,20.0,2.0,6.0,2.0,-0.28,-0.015,0.011,1.897,34.0,28.07,0.0,19.0,0.0,10.0,0.36,0.01,-1.0,-0.08,0.63,-0.96,0.32,277.0,TESTR,AKR-TESTR-<MAC6>,0.0,1.0,0.0,100.0
133840,2,walk,walk,10965,,10965.0,20.0,2.0,6.0,2.0,-0.28,-0.016,-0.018,1.881,34.0,28.07,0.0,19.0,0.0,10.0,0.37,0.01,-1.0,-0.08,0.62,-0.94,0.27,277.0,TESTR,AKR-TESTR-<MAC6>,0.0,1.0,0.0,100.0
133860,2,walk,walk,10966,,10966.0,20.0,2.0,6.0,2.0,-0.27,-0.015,0.013,1.849,34.0,28.07,0.0,19.0,0.0,10.0,0.37,0.01,-1.0,-0.08,0.6,-0.94,0.24,277.0,TESTR,AKR-TESTR-<MAC6>,0.0,1.0,0.0,100.0
133880,2,walk,walk,10967,,10967.0,20.0,2.0,6.0,2.0,-0.27,-0.015,0.069,1.871,34.0,28.07,0.0,19.0,0.0,10.0,0.38,0.01,-1.0,-0.08,0.59,-0.94,0.22,277.0,TESTR,AKR-TESTR-<MAC6>,0.0,1.0,0.0,100.0
133900,2,walk,walk,10968,,10968.0,20.0,2.0,6.0,2.0,-0.26,-0.016,0.04,1.873,34.0,28.07,0.0,19.0,0.0,10.0,0.39,0.01,-1.0,-0.08,0.58,-0.95,0.21,277.0,TESTR,AKR-TESTR-<MAC6>,0.0,1.0,0.0,100.0
133920,2,walk,walk,10969,,10969.0,20.0,2.0,6.0,2.0,-0.26,-0.016,-0.05,1.852,34.0,28.07,0.0,19.0,0.0,10.0,0.4,0.01,-1.0,-0.08,0.58,-0.96,0.2,277.0,TESTR,AKR-TESTR-<MAC6>,0.0,1.0,0.0,100.0
133960,2,walk,walk,10970,,10970.0,20.0,2.0,6.0,2.0,-0.26,-0.015,0.014,1.86,34.0,28.07,0.0,19.0,0.0,10.0,0.41,0.01,-1.0,-0.08,0.6,-0.97,0.21,277.0,TESTR,AKR-TESTR-<MAC6>,0.0,1.0,0.0,100.0
133960,2,walk,walk,10971,,10971.0,20.0,2.0,6.0,2.0,-0.25,-0.015,0.002,1.848,34.0,28.07,0.0,19.0,0.0,10.0,0.42,0.01,-1.0,-0.08,0.63,-0.98,0.22,277.0,TESTR,AKR-TESTR-<MAC6>,0.0,1.0,0.0,100.0
133980,2,walk,walk,10972,,10972.0,20.0,2.0,6.0,2.0,-0.25,-0.016,0.056,1.858,34.0,28.07,0.0,19.0,0.0,10.0,0.43,0.01,-1.0,-0.08,0.67,-0.98,0.24,277.0,TESTR,AKR-TESTR-<MAC6>,0.0,1.0,0.0,100.0
134000,2,walk,walk,10973,,10973.0,20.0,2.0,6.0,2.0,-0.24,-0.015,0.026,1.876,34.0,28.07,0.0,19.0,0.0,10.0,0.44,0.01,-1.0,-0.08,0.72,-0.98,0.25,277.0,TESTR,AKR-TESTR-<MAC6>,0.0,1.0,0.0,100.0
134020,2,walk,walk,10974,,10974.0,20.0,2.0,6.0,2.0,-0.24,-0.015,0.062,1.859,34.0,28.07,0.0,19.0,0.0,10.0,0.45,0.01,-1.0,-0.08,0.77,-0.97,0.27,277.0,TESTR,AKR-TESTR-<MAC6>,0.0,1.0,0.0,100.0
134040,2,walk,walk,10975,,10975.0,20.0,2.0,6.0,2.0,-0.23,-0.016,-0.03,1.891,34.0,28.07,0.0,19.0,0.0,10.0,0.46,0.01,-1.0,-0.08,0.81,-0.96,0.28,277.0,TESTR,AKR-TESTR-<MAC6>,0.0,1.0,0.0,100.0
134060,2,walk,walk,10976,,10976.0,20.0,2.0,6.0,2.0,-0.22,-0.016,-0.072,1.837,34.0,28.07,0.0,19.0,0.0,10.0,0.47,0.01,-1.0,-0.08,0.83,-0.95,0.3,277.0,TESTR,AKR-TESTR-<MAC6>,0.0,1.0,0.0,100.0
134120,2,walk,walk,10977,,10977.0,20.0,2.0,6.0,2.0,-0.22,-0.015,-0.041,1.854,34.0,28.11,0.0,19.0,0.0,10.0,0.48,0.01,-1.0,-0.08,0.83,-0.95,0.31,277.0,TESTR,AKR-TESTR-<MAC6>,0.0,1.0,0.0,100.0
134120,2,walk,walk,10978,,10978.0,20.0,2.0,6.0,2.0,-0.21,-0.015,0.023,1.854,34.0,28.07,0.0,19.0,0.0,10.0,0.49,0.01,-1.0,-0.08,0.81,-0.94,0.33,277.0,TESTR,AKR-TESTR-<MAC6>,0.0,1.0,0.0,100.0
134120,2,walk,walk,10979,,10979.0,20.0,2.0,6.0,2.0,-0.2,-0.015,-0.017,1.847,34.0,28.07,0.0,19.0,0.0,10.0,0.5,0.01,-1.0,-0.08,0.77,-0.94,0.36,277.0,TESTR,AKR-TESTR-<MAC6>,0.0,1.0,0.0,100.0
134140,2,walk,walk,10980,,10980.0,20.0,2.0,6.0,2.0,-0.2,-0.015,0.159,1.867,34.0,28.07,0.0,19.0,0.0,10.0,0.51,0.01,-1.0,-0.08,0.7,-0.96,0.4,277.0,TESTR,AKR-TESTR-<MAC6>,0.0,1.0,0.0,100.0
134160,2,walk,walk,10981,,10981.0,20.0,2.0,6.0,2.0,-0.19,-0.015,-0.011,1.831,34.0,28.07,0.0,19.0,0.0,10.0,0.52,0.01,-1.0,-0.08,0.62,-0.99,0.45,277.0,TESTR,AKR-TESTR-<MAC6>,0.0,1.0,0.0,100.0
134180,2,walk,walk,10982,,10982.0,20.0,2.0,6.0,2.0,-0.18,-0.016,-0.081,1.86,34.0,28.07,0.0,19.0,0.0,10.0,0.53,0.01,-1.0,-0.08,0.54,-1.03,0.51,277.0,TESTR,AKR-TESTR-<MAC6>,0.0,1.0,0.0,100.0
134200,2,walk,walk,10983,,10983.0,20.0,2.0,6.0,2.0,-0.18,-0.016,0.005,1.895,34.0,28.07,0.0,19.0,0.0,10.0,0.53,0.01,-1.0,-0.08,0.46,-1.07,0.58,277.0,TESTR,AKR-TESTR-<MAC6>,0.0,1.0,0.0,100.0
134220,2,walk,walk,10984,,10984.0,20.0,2.0,6.0,2.0,-0.17,-0.016,-0.026,1.872,34.0,28.07,0.0,19.0,0.0,10.0,0.54,0.01,-1.0,-0.08,0.39,-1.11,0.65,277.0,TESTR,AKR-TESTR-<MAC6>,0.0,1.0,0.0,100.0
134240,2,walk,walk,10985,,10985.0,20.0,2.0,6.0,2.0,-0.16,-0.016,0.061,1.882,34.0,28.07,0.0,19.0,0.0,10.0,0.54,0.01,-1.0,-0.08,0.33,-1.15,0.73,277.0,TESTR,AKR-TESTR-<MAC6>,0.0,1.0,0.0,100.0
134280,2,walk,walk,10986,,10986.0,20.0,2.0,6.0,2.0,-0.16,-0.016,-0.007,1.893,34.0,28.07,0.0,19.0,0.0,10.0,0.54,0.01,-1.0,-0.08,0.29,-1.19,0.82,277.0,TESTR,AKR-TESTR-<MAC6>,0.0,1.0,0.0,100.0
134280,2,walk,walk,10987,,10987.0,20.0,2.0,6.0,2.0,-0.15,-0.016,-0.087,1.902,34.0,28.07,0.0,19.0,0.0,10.0,0.54,0.01,-1.0,-0.08,0.26,-1.22,0.91,277.0,TESTR,AKR-TESTR-<MAC6>,0.0,1.0,0.0,100.0
134300,2,walk,walk,10988,,10988.0,20.0,2.0,6.0,2.0,-0.15,-0.016,0.044,1.909,34.0,28.07,0.0,19.0,0.0,10.0,0.54,0.01,-1.0,-0.08,0.24,-1.25,1.0,277.0,TESTR,AKR-TESTR-<MAC6>,0.0,1.0,0.0,100.0
134320,2,walk,walk,10989,,10989.0,20.0,2.0,6.0,2.0,-0.14,-0.016,0.044,1.917,34.0,28.07,0.0,19.0,0.0,10.0,0.53,0.01,-1.0,-0.08,0.24,-1.26,1.08,277.0,TESTR,AKR-TESTR-<MAC6>,0.0,1.0,0.0,100.0
134340,2,walk,walk,10990,,10990.0,20.0,2.0,6.0,2.0,-0.14,-0.016,-0.029,1.912,34.0,28.07,0.0,19.0,0.0,10.0,0.51,0.01,-1.0,-0.08,0.25,-1.27,1.15,277.0,TESTR,AKR-TESTR-<MAC6>,0.0,1.0,0.0,100.0
134360,2,walk,walk,10991,,10991.0,20.0,2.0,6.0,2.0,-0.14,-0.016,-0.009,1.919,34.0,28.07,0.0,19.0,0.0,10.0,0.49,0.01,-1.0,-0.08,0.26,-1.26,1.2,277.0,TESTR,AKR-TESTR-<MAC6>,0.0,1.0,0.0,100.0
134380,2,walk,walk,10992,,10992.0,20.0,2.0,6.0,2.0,-0.14,-0.016,0.053,1.885,34.0,28.07,0.0,19.0,0.0,10.0,0.47,0.01,-1.0,-0.08,0.27,-1.25,1.22,277.0,TESTR,AKR-TESTR-<MAC6>,0.0,1.0,0.0,100.0
134400,2,walk,walk,10993,,10993.0,20.0,2.0,6.0,2.0,-0.14,-0.016,0.03,1.887,34.0,28.07,0.0,19.0,0.0,10.0,0.44,0.01,-1.0,-0.08,0.29,-1.22,1.22,277.0,TESTR,AKR-TESTR-<MAC6>,0.0,1.0,0.0,100.0
134420,2,walk,walk,10994,,10994.0,20.0,2.0,6.0,2.0,-0.14,-0.016,-0.065,1.917,34.0,28.07,0.0,19.0,0.0,10.0,0.41,0.01,-1.0,-0.08,0.3,-1.19,1.21,277.0,TESTR,AKR-TESTR-<MAC6>,0.0,1.0,0.0,100.0
134440,2,walk,walk,10995,,10995.0,20.0,2.0,6.0,2.0,-0.14,-0.016,0.018,1.893,34.0,28.07,0.0,19.0,0.0,10.0,0.39,0.01,-1.0,-0.08,0.3,-1.16,1.18,277.0,TESTR,AKR-TESTR-<MAC6>,0.0,1.0,0.0,100.0
134460,2,walk,walk,10996,,10996.0,20.0,2.0,6.0,2.0,-0.14,-0.016,0.068,1.929,34.0,28.07,0.0,19.0,0.0,10.0,0.37,0.01,-1.0,-0.08,0.3,-1.13,1.14,277.0,TESTR,AKR-TESTR-<MAC6>,0.0,1.0,0.0,100.0
134480,2,walk,walk,10997,,10997.0,20.0,2.0,6.0,2.0,-0.15,-0.016,0.05,1.907,34.0,28.07,0.0,19.0,0.0,10.0,0.36,0.01,-1.0,-0.08,0.31,-1.11,1.11,277.0,TESTR,AKR-TESTR-<MAC6>,0.0,1.0,0.0,100.0
134500,2,walk,walk,10998,,10998.0,20.0,2.0,6.0,2.0,-0.15,-0.016,-0.01,1.916,34.0,28.07,0.0,19.0,0.0,10.0,0.34,0.01,-1.0,-0.08,0.32,-1.09,1.06,277.0,TESTR,AKR-TESTR-<MAC6>,0.0,1.0,0.0,100.0
134520,2,walk,walk,10999,,10999.0,20.0,2.0,6.0,2.0,-0.16,-0.016,-0.044,1.897,34.0,28.07,0.0,19.0,0.0,10.0,0.33,0.01,-1.0,-0.08,0.33,-1.08,1.02,277.0,TESTR,AKR-TESTR-<MAC6>,0.0,1.0,0.0,100.0
134560,2,walk,walk,11000,,11000.0,20.0,2.0,6.0,2.0,-0.17,-0.016,0.005,1.901,34.0,28.07,0.0,19.0,0.0,10.0,0.33,0.01,-1.0,-0.08,0.35,-1.08,0.97,277.0,TESTR,AKR-TESTR-<MAC6>,0.0,1.0,0.0,100.0
134580,2,walk,walk,11001,,11001.0,20.0,2.0,6.0,2.0,-0.17,-0.016,-0.013,1.896,34.0,28.07,0.0,19.0,0.0,10.0,0.32,0.01,-1.0,-0.08,0.38,-1.08,0.92,277.0,TESTR,AKR-TESTR-<MAC6>,0.0,1.0,0.0,100.0
134580,2,walk,walk,11002,,11002.0,20.0,2.0,6.0,2.0,-0.18,-0.016,-0.01,1.894,34.0,28.07,0.0,19.0,0.0,10.0,0.32,0.01,-1.0,-0.08,0.41,-1.09,0.86,277.0,TESTR,AKR-TESTR-<MAC6>,0.0,1.0,0.0,100.0
134620,2,walk,walk,11003,,11003.0,20.0,2.0,6.0,2.0,-0.19,-0.016,0.005,1.913,34.0,28.07,0.0,19.0,0.0,10.0,0.32,0.01,-1.0,-0.08,0.45,-1.1,0.8,277.0,TESTR,AKR-TESTR-<MAC6>,0.0,1.0,0.0,100.0
134620,2,walk,walk,11004,,11004.0,20.0,2.0,6.0,2.0,-0.2,-0.016,0.009,1.959,34.0,28.07,0.0,19.0,0.0,10.0,0.32,0.01,-1.0,-0.08,0.48,-1.1,0.75,277.0,TESTR,AKR-TESTR-<MAC6>,0.0,1.0,0.0,100.0
134640,2,walk,walk,11005,,11005.0,20.0,2.0,6.0,2.0,-0.2,-0.016,-0.007,1.906,34.0,28.07,0.0,19.0,0.0,10.0,0.32,0.01,-1.0,-0.08,0.51,-1.1,0.69,277.0,TESTR,AKR-TESTR-<MAC6>,0.0,1.0,0.0,100.0
134660,2,walk,walk,11006,,11006.0,20.0,2.0,6.0,2.0,-0.21,-0.016,0.011,1.928,34.0,28.07,0.0,19.0,0.0,10.0,0.32,0.01,-1.0,-0.08,0.54,-1.1,0.65,277.0,TESTR,AKR-TESTR-<MAC6>,0.0,1.0,0.0,100.0
134680,2,walk,walk,11007,,11007.0,20.0,2.0,6.0,2.0,-0.22,-0.016,-0.038,1.888,34.0,28.07,0.0,19.0,0.0,10.0,0.32,0.01,-1.0,-0.08,0.55,-1.09,0.61,277.0,TESTR,AKR-TESTR-<MAC6>,0.0,1.0,0.0,100.0
134700,2,walk,walk,11008,,11008.0,20.0,2.0,6.0,2.0,-0.22,-0.016,-0.034,1.903,34.0,28.07,0.0,19.0,0.0,10.0,0.33,0.01,-1.0,-0.08,0.54,-1.08,0.59,277.0,TESTR,AKR-TESTR-<MAC6>,0.0,1.0,0.0,100.0
134720,2,walk,walk,11009,,11009.0,20.0,2.0,6.0,2.0,-0.23,-0.016,0.03,1.934,34.0,28.07,0.0,19.0,0.0,10.0,0.34,0.01,-1.0,-0.08,0.52,-1.08,0.57,277.0,TESTR,AKR-TESTR-<MAC6>,0.0,1.0,0.0,100.0
134740,2,walk,walk,11010,,11010.0,20.0,2.0,6.0,2.0,-0.24,-0.016,0.099,1.921,34.0,28.07,0.0,19.0,0.0,10.0,0.34,0.01,-1.0,-0.08,0.48,-1.07,0.56,278.0,TESTR,AKR-TESTR-<MAC6>,0.0,1.0,0.0,100.0
134780,2,walk,walk,11011,,11011.0,20.0,2.0,6.0,2.0,-0.24,-0.016,0.026,1.912,34.0,28.07,0.0,19.0,0.0,10.0,0.34,0.01,-1.0,-0.08,0.43,-1.06,0.55,278.0,TESTR,AKR-TESTR-<MAC6>,0.0,1.0,0.0,100.0
134780,2,walk,walk,11012,,11012.0,20.0,2.0,6.0,2.0,-0.25,-0.016,-0.019,1.915,34.0,28.07,0.0,19.0,0.0,10.0,0.35,0.01,-1.0,-0.08,0.37,-1.06,0.54,278.0,TESTR,AKR-TESTR-<MAC6>,0.0,1.0,0.0,100.0
134800,2,walk,walk,11013,,11013.0,20.0,2.0,6.0,2.0,-0.25,-0.016,0.025,1.905,34.0,28.07,0.0,19.0,0.0,10.0,0.35,0.01,-1.0,-0.08,0.31,-1.05,0.52,278.0,TESTR,AKR-TESTR-<MAC6>,0.0,1.0,0.0,100.0
134820,2,walk,walk,11014,,11014.0,20.0,2.0,6.0,2.0,-0.25,-0.016,-0.079,1.877,34.0,28.07,0.0,19.0,0.0,10.0,0.35,0.01,-1.0,-0.08,0.25,-1.05,0.51,278.0,TESTR,AKR-TESTR-<MAC6>,0.0,1.0,0.0,100.0
134840,2,walk,walk,11015,,11015.0,20.0,2.0,6.0,2.0,-0.26,-0.016,-0.001,1.896,34.0,28.07,0.0,19.0,0.0,10.0,0.35,0.01,-1.0,-0.08,0.18,-1.06,0.5,278.0,TESTR,AKR-TESTR-<MAC6>,0.0,1.0,0.0,100.0
134880,2,walk,walk,11016,,11016.0,20.0,2.0,6.0,2.0,-0.26,-0.016,0.045,1.911,34.0,28.07,0.0,19.0,0.0,10.0,0.36,0.01,-1.0,-0.08,0.12,-1.08,0.5,278.0,TESTR,AKR-TESTR-<MAC6>,0.0,1.0,0.0,100.0
134880,2,walk,walk,11017,,11017.0,20.0,2.0,6.0,2.0,-0.26,-0.016,0.007,1.9,34.0,28.07,0.0,19.0,0.0,10.0,0.37,0.01,-1.0,-0.08,0.05,-1.1,0.53,278.0,TESTR,AKR-TESTR-<MAC6>,0.0,1.0,0.0,100.0
134920,2,walk,walk,11018,,11018.0,20.0,2.0,6.0,2.0,-0.26,-0.016,-0.009,1.933,34.0,28.07,0.0,19.0,0.0,10.0,0.38,0.01,-1.0,-0.08,-0.01,-1.13,0.57,278.0,TESTR,AKR-TESTR-<MAC6>,0.0,1.0,0.0,100.0
134920,2,walk,walk,11019,,11019.0,20.0,2.0,6.0,2.0,-0.26,-0.016,0.053,1.929,34.0,28.07,0.0,19.0,0.0,10.0,0.39,0.01,-1.0,-0.08,-0.07,-1.17,0.63,278.0,TESTR,AKR-TESTR-<MAC6>,0.0,1.0,0.0,100.0
134940,2,walk,walk,11020,,11020.0,20.0,2.0,6.0,2.0,-0.26,-0.016,-0.036,1.942,34.0,28.07,0.0,19.0,0.0,10.0,0.39,0.01,-1.0,-0.08,-0.12,-1.2,0.7,278.0,TESTR,AKR-TESTR-<MAC6>,0.0,1.0,0.0,100.0
134960,2,walk,walk,11021,,11021.0,20.0,2.0,6.0,2.0,-0.26,-0.016,0.115,1.967,34.0,28.07,0.0,19.0,0.0,10.0,0.39,0.01,-1.0,-0.08,-0.16,-1.24,0.79,278.0,TESTR,AKR-TESTR-<MAC6>,0.0,1.0,0.0,100.0
134980,2,walk,walk,11022,,11022.0,20.0,2.0,6.0,2.0,-0.26,-0.017,-0.085,1.931,34.0,28.07,0.0,19.0,0.0,10.0,0.39,0.01,-1.0,-0.08,-0.18,-1.26,0.87,278.0,TESTR,AKR-TESTR-<MAC6>,0.0,1.0,0.0,100.0
135000,2,walk,walk,11023,,11023.0,20.0,2.0,6.0,2.0,-0.26,-0.017,0.009,1.953,34.0,28.07,0.0,19.0,0.0,10.0,0.38,0.01,-1.0,-0.08,-0.19,-1.28,0.96,278.0,TESTR,AKR-TESTR-<MAC6>,0.0,1.0,0.0,100.0
135020,2,walk,walk,11024,,11024.0,20.0,2.0,6.0,2.0,-0.26,-0.017,0.058,1.976,34.0,28.07,0.0,19.0,0.0,10.0,0.37,0.01,-1.0,-0.08,-0.18,-1.28,1.04,278.0,TESTR,AKR-TESTR-<MAC6>,0.0,1.0,0.0,100.0
135060,2,walk,walk,11025,,11025.0,20.0,2.0,6.0,2.0,-0.26,-0.017,-0.026,1.981,34.0,28.07,0.0,19.0,0.0,10.0,0.36,0.01,-1.0,-0.08,-0.14,-1.28,1.11,278.0,TESTR,AKR-TESTR-<MAC6>,0.0,1.0,0.0,100.0
135080,2,walk,walk,11026,,11026.0,20.0,2.0,6.0,2.0,-0.26,-0.017,0.005,2.001,34.0,28.07,0.0,19.0,0.0,10.0,0.34,0.01,-1.0,-0.08,-0.08,-1.26,1.16,278.0,TESTR,AKR-TESTR-<MAC6>,0.0,1.0,0.0,100.0
135120,2,walk,walk,11027,,11027.0,20.0,2.0,6.0,2.0,-0.26,-0.017,-0.077,2.033,34.0,28.07,0.0,19.0,0.0,10.0,0.32,0.01,-1.0,-0.08,0.0,-1.24,1.19,278.0,TESTR,AKR-TESTR-<MAC6>,0.0,1.0,0.0,100.0
135120,2,walk,walk,11028,,11028.0,20.0,2.0,6.0,2.0,-0.26,-0.017,-0.08,2.001,34.0,28.07,0.0,19.0,0.0,10.0,0.29,0.01,-1.0,-0.08,0.1,-1.22,1.2,278.0,TESTR,AKR-TESTR-<MAC6>,0.0,1.0,0.0,100.0
135160,2,walk,walk,11029,,11029.0,20.0,2.0,6.0,2.0,-0.27,-0.017,-0.023,1.98,34.0,28.07,0.0,19.0,0.0,10.0,0.27,0.0,-1.0,-0.08,0.2,-1.2,1.21,278.0,TESTR,AKR-TESTR-<MAC6>,0.0,1.0,0.0,100.0
135160,2,walk,walk,11030,,11030.0,20.0,2.0,6.0,2.0,-0.27,-0.017,0.085,2.022,34.0,28.07,0.0,19.0,0.0,10.0,0.25,0.0,-1.0,-0.08,0.3,-1.17,1.2,278.0,TESTR,AKR-TESTR-<MAC6>,0.0,1.0,0.0,100.0
135160,2,walk,walk,11031,,11031.0,20.0,2.0,6.0,2.0,-0.27,-0.017,0.064,2.005,34.0,28.07,0.0,19.0,0.0,10.0,0.23,0.0,-1.0,-0.08,0.38,-1.15,1.19,278.0,TESTR,AKR-TESTR-<MAC6>,0.0,1.0,0.0,100.0
135180,2,walk,walk,11032,,11032.0,20.0,2.0,6.0,2.0,-0.28,-0.017,0.03,2.016,34.0,28.07,0.0,19.0,0.0,10.0,0.22,0.0,-1.0,-0.08,0.45,-1.13,1.17,278.0,TESTR,AKR-TESTR-<MAC6>,0.0,1.0,0.0,100.0
135200,2,walk,walk,11033,,11033.0,20.0,2.0,6.0,2.0,-0.28,-0.017,-0.072,1.988,34.0,28.07,0.0,19.0,0.0,10.0,0.21,0.0,-1.0,-0.08,0.5,-1.11,1.15,278.0,TESTR,AKR-TESTR-<MAC6>,0.0,1.0,0.0,100.0
135220,2,walk,walk,11034,,11034.0,20.0,2.0,6.0,2.0,-0.29,-0.017,0.065,2.018,34.0,28.07,0.0,19.0,0.0,10.0,0.19,0.0,-1.0,-0.08,0.54,-1.09,1.12,278.0,TESTR,AKR-TESTR-<MAC6>,0.0,1.0,0.0,100.0
135260,2,walk,walk,11035,,11035.0,20.0,2.0,6.0,2.0,-0.3,-0.017,0.017,1.945,34.0,28.07,0.0,19.0,0.0,10.0,0.18,0.0,-1.0,-0.08,0.57,-1.06,1.08,278.0,TESTR,AKR-TESTR-<MAC6>,0.0,1.0,0.0,100.0
135260,2,walk,walk,11036,,11036.0,20.0,2.0,6.0,2.0,-0.31,-0.017,0.068,2.015,34.0,28.07,0.0,19.0,0.0,10.0,0.17,0.0,-1.0,-0.08,0.59,-1.04,1.04,278.0,TESTR,AKR-TESTR-<MAC6>,0.0,1.0,0.0,100.0
135280,2,walk,walk,11037,,11037.0,20.0,2.0,6.0,2.0,-0.31,-0.017,-0.006,1.962,34.0,28.07,0.0,19.0,0.0,10.0,0.16,0.0,-1.0,-0.08,0.61,-1.02,0.99,278.0,TESTR,AKR-TESTR-<MAC6>,0.0,1.0,0.0,100.0
135300,2,walk,walk,11038,,11038.0,20.0,2.0,6.0,2.0,-0.32,-0.017,0.011,1.981,34.0,28.07,0.0,19.0,0.0,10.0,0.15,0.0,-1.0,-0.08,0.62,-1.0,0.94,278.0,TESTR,AKR-TESTR-<MAC6>,0.0,1.0,0.0,100.0
135320,2,walk,walk,11039,,11039.0,20.0,2.0,6.0,2.0,-0.33,-0.017,0.088,2.072,34.0,28.07,0.0,19.0,0.0,10.0,0.14,0.0,-1.0,-0.08,0.63,-0.99,0.89,278.0,TESTR,AKR-TESTR-<MAC6>,0.0,1.0,0.0,100.0
135340,2,walk,walk,11040,,11040.0,20.0,2.0,6.0,2.0,-0.34,-0.017,0.056,2.008,34.0,28.07,0.0,19.0,0.0,10.0,0.13,0.0,-1.0,-0.08,0.64,-0.98,0.83,278.0,TESTR,AKR-TESTR-<MAC6>,0.0,1.0,0.0,100.0
135360,2,walk,walk,11041,,11041.0,20.0,2.0,6.0,2.0,-0.35,-0.017,0.044,1.998,34.0,28.07,0.0,19.0,0.0,10.0,0.12,0.0,-1.0,-0.08,0.64,-0.96,0.76,278.0,TESTR,AKR-TESTR-<MAC6>,0.0,1.0,0.0,100.0
135380,2,walk,walk,11042,,11042.0,20.0,2.0,6.0,2.0,-0.36,-0.017,0.007,2.02,34.0,28.07,0.0,19.0,0.0,10.0,0.12,0.0,-1.0,-0.08,0.64,-0.95,0.7,278.0,TESTR,AKR-TESTR-<MAC6>,0.0,1.0,0.0,100.0
135400,2,walk,walk,11043,,11043.0,20.0,2.0,6.0,2.0,-0.37,-0.017,0.01,2.015,34.0,28.07,0.0,19.0,0.0,10.0,0.12,0.0,-1.0,-0.08,0.63,-0.94,0.63,278.0,TESTR,AKR-TESTR-<MAC6>,0.0,1.0,0.0,100.0
135440,2,walk,walk,11044,,11044.0,20.0,2.0,6.0,2.0,-0.37,-0.017,0.088,1.98,34.0,28.07,0.0,19.0,0.0,10.0,0.12,0.0,-1.0,-0.08,0.61,-0.94,0.57,278.0,TESTR,AKR-TESTR-<MAC6>,0.0,1.0,0.0,100.0
135440,2,walk,walk,11045,,11045.0,20.0,2.0,6.0,2.0,-0.38,-0.017,-0.05,1.992,34.0,28.07,0.0,19.0,0.0,10.0,0.13,0.0,-1.0,-0.08,0.57,-0.94,0.52,278.0,TESTR,AKR-TESTR-<MAC6>,0.0,1.0,0.0,100.0
135460,2,walk,walk,11046,,11046.0,20.0,2.0,6.0,2.0,-0.39,-0.017,-0.065,2.007,34.0,28.07,0.0,19.0,0.0,10.0,0.14,0.0,-1.0,-0.08,0.53,-0.96,0.49,278.0,TESTR,AKR-TESTR-<MAC6>,0.0,1.0,0.0,100.0
135480,2,walk,walk,11047,,11047.0,20.0,2.0,6.0,2.0,-0.4,-0.017,0.034,2.016,34.0,28.07,0.0,19.0,0.0,10.0,0.15,0.0,-1.0,-0.08,0.49,-0.97,0.47,278.0,TESTR,AKR-TESTR-<MAC6>,0.0,1.0,0.0,100.0
135520,2,walk,walk,11048,,11048.0,20.0,2.0,6.0,2.0,-0.4,-0.017,0.053,2.022,34.0,28.07,0.0,19.0,0.0,10.0,0.15,0.0,-1.0,-0.08,0.44,-0.99,0.45,278.0,TESTR,AKR-TESTR-<MAC6>,0.0,1.0,0.0,100.0
135520,2,walk,walk,11049,,11049.0,20.0,2.0,6.0,2.0,-0.41,-0.017,0.01,2.029,34.0,28.07,0.0,19.0,0.0,10.0,0.16,0.0,-1.0,-0.08,0.4,-1.0,0.43,278.0,TESTR,AKR-TESTR-<MAC6>,0.0,1.0,0.0,100.0
135540,2,walk,walk,11050,,11050.0,20.0,2.0,6.0,2.0,-0.41,-0.017,-0.036,2.0,34.0,28.07,0.0,19.0,0.0,10.0,0.16,0.0,-1.0,-0.08,0.36,-1.01,0.42,278.0,TESTR,AKR-TESTR-<MAC6>,0.0,1.0,0.0,100.0
135580,2,walk,walk,11051,,11051.0,20.0,2.0,6.0,2.0,-0.42,-0.017,-0.006,1.99,34.0,28.07,0.0,19.0,0.0,10.0,0.16,0.0,-1.0,-0.08,0.33,-1.01,0.39,278.0,TESTR,AKR-TESTR-<MAC6>,0.0,1.0,0.0,100.0
135580,2,walk,walk,11052,,11052.0,20.0,2.0,6.0,2.0,-0.42,-0.017,0.073,1.993,34.0,28.07,0.0,19.0,0.0,10.0,0.16,0.0,-1.0,-0.08,0.32,-1.0,0.36,278.0,TESTR,AKR-TESTR-<MAC6>,0.0,1.0,0.0,100.0
135600,2,walk,walk,11053,,11053.0,20.0,2.0,6.0,2.0,-0.42,-0.017,0.038,1.984,34.0,28.07,0.0,19.0,0.0,10.0,0.16,0.0,-1.0,-0.08,0.31,-0.99,0.33,278.0,TESTR,AKR-TESTR-<MAC6>,0.0,1.0,0.0,100.0
135620,2,walk,walk,11054,,11054.0,20.0,2.0,6.0,2.0,-0.42,-0.017,0.101,1.98,34.0,28.07,0.0,19.0,0.0,10.0,0.16,0.0,-1.0,-0.08,0.31,-0.97,0.31,278.0,TESTR,AKR-TESTR-<MAC6>,0.0,1.0,0.0,100.0
135640,2,walk,walk,11055,,11055.0,20.0,2.0,6.0,2.0,-0.42,-0.017,0.069,1.951,34.0,28.07,0.0,19.0,0.0,10.0,0.16,0.0,-1.0,-0.08,0.3,-0.95,0.29,278.0,TESTR,AKR-TESTR-<MAC6>,0.0,1.0,0.0,100.0
135660,2,walk,walk,11056,,11056.0,20.0,2.0,6.0,2.0,-0.42,-0.017,0.026,1.97,34.0,28.07,0.0,19.0,0.0,10.0,0.17,0.0,-1.0,-0.08,0.3,-0.93,0.29,278.0,TESTR,AKR-TESTR-<MAC6>,0.0,1.0,0.0,100.0
135680,2,walk,walk,11057,,11057.0,20.0,2.0,6.0,2.0,-0.42,-0.017,-0.019,1.967,34.0,28.07,0.0,19.0,0.0,10.0,0.18,0.0,-1.0,-0.08,0.28,-0.92,0.31,278.0,TESTR,AKR-TESTR-<MAC6>,0.0,1.0,0.0,100.0
135700,2,walk,walk,11058,,11058.0,20.0,2.0,6.0,2.0,-0.42,-0.017,0.033,1.972,34.0,28.07,0.0,19.0,0.0,10.0,0.19,0.0,-1.0,-0.08,0.26,-0.93,0.35,278.0,TESTR,AKR-TESTR-<MAC6>,0.0,1.0,0.0,100.0
135720,2,walk,walk,11059,,11059.0,20.0,2.0,6.0,2.0,-0.42,-0.017,-0.003,1.997,34.0,28.07,0.0,19.0,0.0,10.0,0.2,0.0,-1.0,-0.08,0.22,-0.95,0.41,279.0,TESTR,AKR-TESTR-<MAC6>,0.0,1.0,0.0,100.0
135760,2,walk,walk,11060,,11060.0,20.0,2.0,6.0,2.0,-0.42,-0.017,0.044,1.996,34.0,28.07,0.0,19.0,0.0,10.0,0.21,0.0,-1.0,-0.08,0.19,-0.97,0.49,279.0,TESTR,AKR-TESTR-<MAC6>,0.0,1.0,0.0,100.0
135760,2,walk,walk,11061,,11061.0,20.0,2.0,6.0,2.0,-0.41,-0.017,-0.033,2.0,34.0,28.07,0.0,19.0,0.0,10.0,0.21,0.0,-1.0,-0.08,0.14,-1.0,0.58,279.0,TESTR,AKR-TESTR-<MAC6>,0.0,1.0,0.0,100.0
135780,2,walk,walk,11062,,11062.0,20.0,2.0,6.0,2.0,-0.41,-0.017,0.021,2.005,34.0,28.07,0.0,19.0,0.0,10.0,0.21,0.0,-1.0,-0.08,0.1,-1.02,0.67,279.0,TESTR,AKR-TESTR-<MAC6>,0.0,1.0,0.0,100.0
135800,2,walk,walk,11063,,11063.0,20.0,2.0,6.0,2.0,-0.41,-0.017,-0.046,1.966,34.0,28.07,0.0,19.0,0.0,10.0,0.2,0.0,-1.0,-0.08,0.05,-1.05,0.75,279.0,TESTR,AKR-TESTR-<MAC6>,0.0,1.0,0.0,100.0
135820,2,walk,walk,11064,,11064.0,20.0,2.0,6.0,2.0,-0.4,-0.017,0.07,1.985,34.0,28.07,0.0,19.0,0.0,10.0,0.19,0.0,-1.0,-0.08,0.01,-1.06,0.82,279.0,TESTR,AKR-TESTR-<MAC6>,0.0,1.0,0.0,100.0
135840,2,walk,walk,11065,,11065.0,20.0,2.0,6.0,2.0,-0.4,-0.017,0.062,2.001,34.0,28.07,0.0,19.0,0.0,10.0,0.18,0.0,-1.0,-0.08,-0.04,-1.08,0.87,279.0,TESTR,AKR-TESTR-<MAC6>,0.0,1.0,0.0,100.0
135860,2,walk,walk,11066,,11066.0,20.0,2.0,6.0,2.0,-0.4,-0.017,0.053,1.994,34.0,28.07,0.0,19.0,0.0,10.0,0.16,0.0,-1.0,-0.08,-0.08,-1.09,0.9,279.0,TESTR,AKR-TESTR-<MAC6>,0.0,1.0,0.0,100.0
135880,2,walk,walk,11067,,11067.0,20.0,2.0,6.0,2.0,-0.4,-0.017,-0.07,1.988,34.0,28.07,0.0,19.0,0.0,10.0,0.15,0.0,-1.0,-0.08,-0.11,-1.1,0.91,279.0,TESTR,AKR-TESTR-<MAC6>,0.0,1.0,0.0,100.0
135920,2,walk,walk,11068,,11068.0,20.0,2.0,6.0,2.0,-0.4,-0.017,-0.057,1.994,34.0,28.07,0.0,19.0,0.0,10.0,0.13,0.0,-1.0,-0.08,-0.15,-1.1,0.92,279.0,TESTR,AKR-TESTR-<MAC6>,0.0,1.0,0.0,100.0
135920,2,walk,walk,11069,,11069.0,20.0,2.0,6.0,2.0,-0.39,-0.017,-0.029,1.957,34.0,28.07,0.0,19.0,0.0,10.0,0.12,0.0,-1.0,-0.08,-0.18,-1.09,0.91,279.0,TESTR,AKR-TESTR-<MAC6>,0.0,1.0,0.0,100.0
135940,2,walk,walk,11070,,11070.0,20.0,2.0,6.0,2.0,-0.39,-0.017,-0.021,1.981,34.0,28.07,0.0,19.0,0.0,10.0,0.11,0.0,-1.0,-0.08,-0.2,-1.09,0.89,279.0,TESTR,AKR-TESTR-<MAC6>,0.0,1.0,0.0,100.0
135960,2,walk,walk,11071,,11071.0,20.0,2.0,6.0,2.0,-0.4,-0.017,0.07,1.988,34.0,28.07,0.0,19.0,0.0,10.0,0.09,0.0,-1.0,-0.08,-0.22,-1.08,0.87,279.0,TESTR,AKR-TESTR-<MAC6>,0.0,1.0,0.0,100.0
135980,2,walk,walk,11072,,11072.0,20.0,2.0,6.0,2.0,-0.4,-0.017,-0.013,2.006,34.0,28.07,0.0,19.0,0.0,10.0,0.08,0.0,-1.0,-0.08,-0.23,-1.07,0.84,279.0,TESTR,AKR-TESTR-<MAC6>,0.0,1.0,0.0,100.0
136000,2,walk,walk,11073,,11073.0,20.0,2.0,6.0,2.0,-0.4,-0.017,0.042,1.988,34.0,28.07,0.0,19.0,0.0,10.0,0.08,0.0,-1.0,-0.08,-0.23,-1.06,0.81,279.0,TESTR,AKR-TESTR-<MAC6>,0.0,1.0,0.0,100.0
136020,2,walk,walk,11074,,11074.0,20.0,2.0,6.0,2.0,-0.4,-0.017,-0.026,1.979,34.0,28.07,0.0,19.0,0.0,10.0,0.07,0.0,-1.0,-0.08,-0.21,-1.05,0.78,279.0,TESTR,AKR-TESTR-<MAC6>,0.0,1.0,0.0,100.0
136040,2,walk,walk,11075,,11075.0,20.0,2.0,6.0,2.0,-0.41,-0.017,0.025,1.983,34.0,28.07,0.0,19.0,0.0,10.0,0.06,0.0,-1.0,-0.08,-0.19,-1.04,0.76,279.0,TESTR,AKR-TESTR-<MAC6>,0.0,1.0,0.0,100.0
136060,2,walk,walk,11076,,11076.0,20.0,2.0,6.0,2.0,-0.41,-0.017,0.015,1.999,34.0,28.07,0.0,19.0,0.0,10.0,0.06,0.0,-1.0,-0.08,-0.17,-1.04,0.75,279.0,TESTR,AKR-TESTR-<MAC6>,0.0,1.0,0.0,100.0
136100,2,walk,walk,11077,,11077.0,20.0,2.0,6.0,2.0,-0.41,-0.017,-0.089,1.964,34.0,28.07,0.0,19.0,0.0,10.0,0.06,0.0,-1.0,-0.08,-0.14,-1.04,0.74,279.0,TESTR,AKR-TESTR-<MAC6>,0.0,1.0,0.0,100.0
136100,2,walk,walk,11078,,11078.0,20.0,2.0,6.0,2.0,-0.42,-0.017,-0.037,1.971,34.0,28.07,0.0,19.0,0.0,10.0,0.06,0.0,-1.0,-0.08,-0.12,-1.04,0.74,279.0,TESTR,AKR-TESTR-<MAC6>,0.0,1.0,0.0,100.0
136120,2,walk,walk,11079,,11079.0,20.0,2.0,6.0,2.0,-0.42,-0.017,-0.065,1.972,34.0,28.07,0.0,19.0,0.0,10.0,0.05,0.0,-1.0,-0.08,-0.09,-1.03,0.74,279.0,TESTR,AKR-TESTR-<MAC6>,0.0,1.0,0.0,100.0
136140,2,walk,walk,11080,,11080.0,20.0,2.0,6.0,2.0,-0.43,-0.017,0.017,1.998,34.0,28.07,0.0,19.0,0.0,10.0,0.05,0.0,-1.0,-0.08,-0.06,-1.03,0.74,279.0,TESTR,AKR-TESTR-<MAC6>,0.0,1.0,0.0,100.0
136180,2,walk,walk,11081,,11081.0,20.0,2.0,6.0,2.0,-0.43,-0.017,0.041,1.99,34.0,28.07,0.0,19.0,0.0,10.0,0.04,0.0,-1.0,-0.08,-0.04,-1.02,0.73,279.0,TESTR,AKR-TESTR-<MAC6>,0.0,1.0,0.0,100.0
136180,2,walk,walk,11082,,11082.0,20.0,2.0,6.0,2.0,-0.44,-0.017,-0.045,1.955,34.0,28.07,0.0,19.0,0.0,10.0,0.03,0.0,-1.0,-0.08,-0.01,-1.0,0.72,279.0,TESTR,AKR-TESTR-<MAC6>,0.0,1.0,0.0,100.0
136200,2,walk,walk,11083,,11083.0,20.0,2.0,6.0,2.0,-0.44,-0.017,-0.065,2.019,34.0,28.07,0.0,19.0,0.0,10.0,0.03,0.0,-1.0,-0.08,0.02,-0.98,0.7,279.0,TESTR,AKR-TESTR-<MAC6>,0.0,1.0,0.0,100.0
136220,2,walk,walk,11084,,11084.0,20.0,2.0,6.0,2.0,-0.44,-0.017,0.023,1.993,34.0,28.07,0.0,19.0,0.0,10.0,0.02,0.0,-1.0,-0.08,0.04,-0.95,0.67,279.0,TESTR,AKR-TESTR-<MAC6>,0.0,1.0,0.0,100.0
136240,2,walk,walk,11085,,11085.0,20.0,2.0,6.0,2.0,-0.45,-0.017,0.095,1.996,34.0,28.07,0.0,19.0,0.0,10.0,0.01,0.0,-1.0,-0.08,0.07,-0.92,0.65,279.0,TESTR,AKR-TESTR-<MAC6>,0.0,1.0,0.0,100.0
136300,2,walk,walk,11086,,11086.0,20.0,2.0,6.0,2.0,-0.45,-0.017,0.053,2.017,34.0,28.07,0.0,19.0,0.0,10.0,0.01,0.0,-1.0,-0.08,0.1,-0.9,0.62,279.0,TESTR,AKR-TESTR-<MAC6>,0.0,1.0,0.0,100.0
136300,2,walk,walk,11087,,11087.0,20.0,2.0,6.0,2.0,-0.46,-0.017,-0.007,1.975,34.0,28.07,0.0,19.0,0.0,10.0,0.0,0.0,-1.0,-0.08,0.13,-0.88,0.6,279.0,TESTR,AKR-TESTR-<MAC6>,0.0,1.0,0.0,100.0
136300,2,walk,walk,11088,,11088.0,20.0,2.0,6.0,2.0,-0.46,-0.017,0.045,1.975,34.0,28.07,0.0,19.0,0.0,10.0,0.0,0.0,-1.0,-0.08,0.16,-0.85,0.57,279.0,TESTR,AKR-TESTR-<MAC6>,0.0,1.0,0.0,100.0
136320,2,walk,walk,11089,,11089.0,20.0,2.0,6.0,2.0,-0.47,-0.017,0.028,1.975,34.0,28.07,0.0,19.0,0.0,10.0,0.0,0.0,-1.0,-0.08,0.2,-0.83,0.54,279.0,TESTR,AKR-TESTR-<MAC6>,0.0,1.0,0.0,100.0
136340,2,walk,walk,11090,,11090.0,20.0,2.0,6.0,2.0,-0.47,-0.017,-0.099,1.96,34.0,28.07,0.0,19.0,0.0,10.0,0.0,0.0,-1.0,-0.08,0.25,-0.81,0.5,279.0,TESTR,AKR-TESTR-<MAC6>,0.0,1.0,0.0,100.0
136360,2,walk,walk,11091,,11091.0,20.0,2.0,6.0,2.0,-0.47,-0.017,0.002,1.973,34.0,28.07,0.0,19.0,0.0,10.0,0.0,0.0,-1.0,-0.08,0.29,-0.79,0.46,279.0,TESTR,AKR-TESTR-<MAC6>,0.0,1.0,0.0,100.0
136380,2,walk,walk,11092,,11092.0,20.0,2.0,6.0,2.0,-0.48,-0.017,0.045,1.972,34.0,28.07,0.0,19.0,0.0,10.0,0.0,0.0,-1.0,-0.08,0.34,-0.77,0.42,279.0,TESTR,AKR-TESTR-<MAC6>,0.0,1.0,0.0,100.0
136420,2,walk,walk,11093,,11093.0,20.0,2.0,6.0,2.0,-0.48,-0.017,-0.028,1.962,34.0,28.07,0.0,19.0,0.0,10.0,0.0,0.0,-1.0,-0.08,0.39,-0.75,0.38,279.0,TESTR,AKR-TESTR-<MAC6>,0.0,1.0,0.0,100.0
136420,2,walk,walk,11094,,11094.0,20.0,2.0,6.0,2.0,-0.48,-0.016,-0.038,1.961,34.0,28.07,0.0,19.0,0.0,10.0,0.0,0.0,-1.0,-0.08,0.42,-0.75,0.34,279.0,TESTR,AKR-TESTR-<MAC6>,0.0,1.0,0.0,100.0
136440,2,walk,walk,11095,,11095.0,20.0,2.0,6.0,2.0,-0.48,-0.017,-0.033,1.965,34.0,28.07,0.0,19.0,0.0,10.0,0.01,0.0,-1.0,-0.08,0.45,-0.75,0.31,279.0,TESTR,AKR-TESTR-<MAC6>,0.0,1.0,0.0,100.0
136480,2,walk,walk,11096,,11096.0,20.0,2.0,6.0,2.0,-0.49,-0.016,0.034,1.991,34.0,28.07,0.0,19.0,0.0,10.0,0.02,0.0,-1.0,-0.08,0.46,-0.76,0.28,279.0,TESTR,AKR-TESTR-<MAC6>,0.0,1.0,0.0,100.0
136480,2,walk,walk,11097,,11097.0,20.0,2.0,6.0,2.0,-0.49,-0.016,0.065,1.928,34.0,28.07,0.0,19.0,0.0,10.0,0.03,0.0,-1.0,-0.08,0.45,-0.77,0.26,279.0,TESTR,AKR-TESTR-<MAC6>,0.0,1.0,0.0,100.0
136500,2,walk,walk,11098,,11098.0,20.0,2.0,6.0,2.0,-0.49,-0.016,0.042,1.959,34.0,28.07,0.0,19.0,0.0,10.0,0.05,0.0,-1.0,-0.08,0.44,-0.79,0.25,279.0,TESTR,AKR-TESTR-<MAC6>,0.0,1.0,0.0,100.0
136520,2,walk,walk,11099,,11099.0,20.0,2.0,6.0,2.0,-0.49,-0.016,-0.021,1.941,34.0,28.07,0.0,19.0,0.0,10.0,0.06,0.0,-1.0,-0.08,0.41,-0.81,0.24,279.0,TESTR,AKR-TESTR-<MAC6>,0.0,1.0,0.0,100.0
136540,2,walk,walk,11100,,11100.0,20.0,2.0,6.0,2.0,-0.49,-0.016,-0.069,1.938,34.0,28.07,0.0,19.0,0.0,10.0,0.07,0.0,-1.0,-0.08,0.37,-0.82,0.24,279.0,TESTR,AKR-TESTR-<MAC6>,0.0,1.0,0.0,100.0
136560,2,walk,walk,11101,,11101.0,20.0,2.0,6.0,2.0,-0.49,-0.016,-0.103,1.942,34.0,28.07,0.0,19.0,0.0,10.0,0.09,0.0,-1.0,-0.08,0.33,-0.84,0.25,279.0,TESTR,AKR-TESTR-<MAC6>,0.0,1.0,0.0,100.0
136580,2,walk,walk,11102,,11102.0,20.0,2.0,6.0,2.0,-0.49,-0.016,0.015,1.94,34.0,28.07,0.0,19.0,0.0,10.0,0.1,0.0,-1.0,-0.08,0.28,-0.85,0.26,279.0,TESTR,AKR-TESTR-<MAC6>,0.0,1.0,0.0,100.0
136600,2,walk,walk,11103,,11103.0,20.0,2.0,6.0,2.0,-0.48,-0.016,0.104,1.961,34.0,28.07,0.0,19.0,0.0,10.0,0.11,0.0,-1.0,-0.08,0.23,-0.87,0.29,279.0,TESTR,AKR-TESTR-<MAC6>,0.0,1.0,0.0,100.0
136620,2,walk,walk,11104,,11104.0,20.0,2.0,6.0,2.0,-0.48,-0.016,-0.017,1.935,34.0,28.07,0.0,19.0,0.0,10.0,0.12,0.0,-1.0,-0.08,0.19,-0.88,0.31,279.0,TESTR,AKR-TESTR-<MAC6>,0.0,1.0,0.0,100.0
136640,2,walk,walk,11105,,11105.0,20.0,2.0,6.0,2.0,-0.48,-0.016,-0.005,1.941,34.0,28.07,0.0,19.0,0.0,10.0,0.13,0.0,-1.0,-0.08,0.15,-0.89,0.33,279.0,TESTR,AKR-TESTR-<MAC6>,0.0,1.0,0.0,100.0
136660,2,walk,walk,11106,,11106.0,20.0,2.0,6.0,2.0,-0.47,-0.016,0.017,1.944,34.0,28.07,0.0,19.0,0.0,10.0,0.14,0.0,-1.0,-0.08,0.11,-0.9,0.35,279.0,TESTR,AKR-TESTR-<MAC6>,0.0,1.0,0.0,100.0
136680,2,walk,walk,11107,,11107.0,20.0,2.0,6.0,2.0,-0.47,-0.016,-0.033,1.915,34.0,28.07,0.0,19.0,0.0,10.0,0.14,0.0,-1.0,-0.08,0.07,-0.92,0.36,279.0,TESTR,AKR-TESTR-<MAC6>,0.0,1.0,0.0,100.0
136700,2,walk,walk,11108,,11108.0,20.0,2.0,6.0,2.0,-0.47,-0.016,-0.037,1.925,34.0,28.07,0.0,19.0,0.0,10.0,0.15,0.0,-1.0,-0.08,0.04,-0.94,0.38,279.0,TESTR,AKR-TESTR-<MAC6>,0.0,1.0,0.0,100.0
136720,2,walk,walk,11109,,11109.0,20.0,2.0,6.0,2.0,-0.46,-0.016,0.046,1.953,34.0,28.07,0.0,19.0,0.0,10.0,0.15,0.0,-1.0,-0.08,0.02,-0.96,0.39,280.0,TESTR,AKR-TESTR-<MAC6>,0.0,1.0,0.0,100.0
136760,2,walk,walk,11110,,11110.0,20.0,2.0,6.0,2.0,-0.46,-0.016,-0.068,1.896,34.0,28.07,0.0,19.0,0.0,10.0,0.16,0.0,-1.0,-0.08,0.0,-0.99,0.41,280.0,TESTR,AKR-TESTR-<MAC6>,0.0,1.0,0.0,100.0
136760,2,walk,walk,11111,,11111.0,20.0,2.0,6.0,2.0,-0.45,-0.016,0.038,1.949,34.0,28.07,0.0,19.0,0.0,10.0,0.16,0.0,-1.0,-0.08,-0.01,-1.01,0.44,280.0,TESTR,AKR-TESTR-<MAC6>,0.0,1.0,0.0,100.0
136800,2,walk,walk,11112,,11112.0,20.0,2.0,6.0,2.0,-0.45,-0.016,-0.085,1.946,34.0,28.07,0.0,19.0,0.0,10.0,0.17,0.0,-1.0,-0.08,-0.01,-1.03,0.47,280.0,TESTR,AKR-TESTR-<MAC6>,0.0,1.0,0.0,100.0
136800,2,walk,walk,11113,,11113.0,20.0,2.0,6.0,2.0,-0.45,-0.016,0.034,1.903,34.0,28.07,0.0,19.0,0.0,10.0,0.17,0.0,-1.0,-0.08,-0.01,-1.06,0.51,280.0,TESTR,AKR-TESTR-<MAC6>,0.0,1.0,0.0,100.0
136820,2,walk,walk,11114,,11114.0,20.0,2.0,6.0,2.0,-0.44,-0.016,0.041,1.908,34.0,28.07,0.0,19.0,0.0,10.0,0.18,0.0,-1.0,-0.08,0.0,-1.09,0.55,280.0,TESTR,AKR-TESTR-<MAC6>,0.0,1.0,0.0,100.0
136840,2,walk,walk,11115,,11115.0,20.0,2.0,6.0,2.0,-0.44,-0.016,-0.021,1.916,34.0,28.07,0.0,19.0,0.0,10.0,0.19,0.0,-1.0,-0.08,0.01,-1.12,0.6,280.0,TESTR,AKR-TESTR-<MAC6>,0.0,1.0,0.0,100.0
136860,2,walk,walk,11116,,11116.0,20.0,2.0,6.0,2.0,-0.43,-0.016,-0.057,1.92,34.0,28.07,0.0,19.0,0.0,10.0,0.19,0.0,-1.0,-0.08,0.02,-1.14,0.66,280.0,TESTR,AKR-TESTR-<MAC6>,0.0,1.0,0.0,100.0
