t_ms,segment_id,packet_type,source_mode,frame_fid,note,walk_fid,walk_dt_ms,walk_exec_ms,walk_out,walk_state,walk_tilt_forward_deg,walk_pos_rad,walk_vel_rad_s,walk_tq_nm,walk_temp_c,walk_vbus_v,walk_err_code,walk_fb_age_ms,walk_typical_stride_ms,walk_effective_step_count,walk_tilt_accel_deg,walk_acc_x,walk_acc_y,walk_acc_z,walk_gyr_x,walk_gyr_y,walk_gyr_z,cfg_fid,cfg_robot_id,cfg_ble_target,cfg_gait_model,cfg_gait_mode,cfg_side_is_left,cfg_assist_pct
20,1,walk,walk,5336,,5336.0,20.0,2.0,6.0,2.0,1.54,-0.01,0.05,1.112,33.0,28.14,0.0,19.0,0.0,4.0,2.26,0.04,-1.0,-0.05,-0.34,-0.91,0.52,161.0,,,0.0,1.0,0.0,100.0
40,1,walk,walk,5337,,5337.0,20.0,2.0,6.0,2.0,1.54,-0.01,0.058,1.126,33.0,28.14,0.0,19.0,0.0,4.0,2.24,0.04,-1.0,-0.05,-0.27,-0.89,0.59,161.0,,,0.0,1.0,0.0,100.0
60,1,walk,walk,5338,,5338.0,20.0,2.0,6.0,2.0,1.55,-0.01,-0.003,1.12,33.0,28.14,0.0,19.0,0.0,4.0,2.22,0.04,-1.0,-0.05,-0.2,-0.88,0.64,161.0,,,0.0,1.0,0.0,100.0
100,1,walk,walk,5339,,5339.0,20.0,2.0,6.0,2.0,1.56,-0.01,-0.057,1.133,33.0,28.11,0.0,19.0,0.0,4.0,2.21,0.04,-1.0,-0.05,-0.12,-0.88,0.67,161.0,,,0.0,1.0,0.0,100.0
100,1,walk,walk,5340,,5340.0,20.0,2.0,6.0,2.0,1.57,-0.01,-0.101,1.131,33.0,28.14,0.0,19.0,0.0,4.0,2.2,0.04,-1.0,-0.05,-0.06,-0.89,0.69,161.0,,,0.0,1.0,0.0,100.0
120,1,walk,walk,5341,,5341.0,20.0,2.0,6.0,2.0,1.57,-0.01,-0.014,1.142,33.0,28.14,0.0,19.0,0.0,4.0,2.19,0.04,-1.0,-0.05,0.0,-0.91,0.72,161.0,,,0.0,1.0,0.0,100.0
140,1,walk,walk,5342,,5342.0,20.0,2.0,6.0,2.0,1.58,-0.01,0.006,1.148,33.0,28.14,0.0,19.0,0.0,4.0,2.19,0.04,-1.0,-0.05,0.04,-0.94,0.74,161.0,,,0.0,1.0,0.0,100.0
160,1,walk,walk,5343,,5343.0,20.0,2.0,6.0,2.0,1.59,-0.01,0.091,1.127,33.0,28.14,0.0,19.0,0.0,4.0,2.18,0.04,-1.0,-0.05,0.07,-0.97,0.76,161.0,,,0.0,1.0,0.0,100.0
180,1,walk,walk,5344,,5344.0,20.0,2.0,6.0,2.0,1.59,-0.01,0.001,1.145,33.0,28.14,0.0,19.0,0.0,4.0,2.18,0.04,-1.0,-0.05,0.1,-1.0,0.77,161.0,,,0.0,1.0,0.0,100.0
200,1,walk,walk,5345,,5345.0,20.0,2.0,6.0,2.0,1.6,-0.01,-0.061,1.142,33.0,28.11,0.0,19.0,0.0,4.0,2.18,0.04,-1.0,-0.05,0.13,-1.02,0.77,161.0,,,0.0,1.0,0.0,100.0
240,1,walk,walk,5346,,5346.0,20.0,2.0,6.0,2.0,1.6,-0.01,0.052,1.128,33.0,28.14,0.0,19.0,0.0,4.0,2.17,0.04,-1.0,-0.05,0.16,-1.03,0.76,161.0,,,0.0,1.0,0.0,100.0
260,1,walk,walk,5347,,5347.0,20.0,2.0,6.0,2.0,1.6,-0.01,0.007,1.129,33.0,28.14,0.0,19.0,0.0,4.0,2.17,0.04,-1.0,-0.05,0.19,-1.03,0.74,161.0,,,0.0,1.0,0.0,100.0
280,1,walk,walk,5348,,5348.0,20.0,2.0,6.0,2.0,1.6,-0.01,0.085,1.139,33.0,28.11,0.0,19.0,0.0,4.0,2.17,0.04,-1.0,-0.05,0.22,-1.04,0.72,161.0,,,0.0,1.0,0.0,100.0
280,1,walk,walk,5349,,5349.0,20.0,2.0,6.0,2.0,1.6,-0.01,-0.062,1.134,33.0,28.11,0.0,19.0,0.0,4.0,2.16,0.04,-1.0,-0.05,0.26,-1.03,0.69,161.0,,,0.0,1.0,0.0,100.0
300,1,walk,walk,5350,,5350.0,20.0,2.0,6.0,2.0,1.6,-0.01,-0.07,1.111,33.0,28.14,0.0,19.0,0.0,4.0,2.15,0.04,-1.0,-0.05,0.3,-1.03,0.65,161.0,,,0.0,1.0,0.0,100.0
340,1,walk,walk,5351,,5351.0,20.0,2.0,6.0,2.0,1.6,-0.01,0.041,1.094,33.0,28.14,0.0,19.0,0.0,4.0,2.15,0.04,-1.0,-0.05,0.33,-1.01,0.6,161.0,,,0.0,1.0,0.0,100.0
340,1,walk,walk,5352,,5352.0,20.0,2.0,6.0,2.0,1.6,-0.009,0.013,1.11,33.0,28.14,0.0,19.0,0.0,4.0,2.14,0.04,-1.0,-0.05,0.36,-1.0,0.54,161.0,,,0.0,1.0,0.0,100.0
360,1,walk,walk,5353,,5353.0,20.0,2.0,6.0,2.0,1.6,-0.009,0.017,1.096,33.0,28.14,0.0,19.0,0.0,4.0,2.14,0.04,-1.0,-0.05,0.37,-0.99,0.46,161.0,,,0.0,1.0,0.0,100.0
420,1,walk,walk,5354,,5354.0,20.0,2.0,6.0,2.0,1.6,-0.009,-0.037,1.072,33.0,28.14,0.0,19.0,0.0,4.0,2.14,0.04,-1.0,-0.05,0.38,-0.98,0.39,161.0,,,0.0,1.0,0.0,100.0
420,1,walk,walk,5355,,5355.0,20.0,2.0,6.0,2.0,1.6,-0.009,-0.088,1.071,33.0,28.14,0.0,19.0,0.0,4.0,2.15,0.04,-1.0,-0.05,0.39,-0.97,0.32,161.0,,,0.0,1.0,0.0,100.0
440,1,walk,walk,5356,,5356.0,20.0,2.0,6.0,2.0,1.6,-0.009,0.095,1.074,33.0,28.14,0.0,19.0,0.0,4.0,2.15,0.04,-1.0,-0.05,0.39,-0.96,0.25,161.0,,,0.0,1.0,0.0,100.0
460,1,walk,walk,5357,,5357.0,20.0,2.0,6.0,2.0,1.6,-0.009,-0.011,1.063,33.0,28.14,0.0,19.0,0.0,4.0,2.16,0.04,-1.0,-0.05,0.39,-0.96,0.19,161.0,,,0.0,1.0,0.0,100.0
460,1,walk,walk,5358,,5358.0,20.0,2.0,6.0,2.0,1.6,-0.009,-0.096,1.07,33.0,28.14,0.0,19.0,0.0,4.0,2.18,0.04,-1.0,-0.05,0.4,-0.97,0.15,161.0,,,0.0,1.0,0.0,100.0
480,1,walk,walk,5359,,5359.0,20.0,2.0,6.0,2.0,1.6,-0.009,0.058,1.082,33.0,28.14,0.0,19.0,0.0,4.0,2.19,0.04,-1.0,-0.05,0.42,-0.97,0.13,161.0,,,0.0,1.0,0.0,100.0
500,1,walk,walk,5360,,5360.0,20.0,2.0,6.0,2.0,1.6,-0.009,-0.053,1.074,33.0,28.14,0.0,19.0,0.0,4.0,2.2,0.04,-1.0,-0.05,0.44,-0.98,0.12,161.0,,,0.0,1.0,0.0,100.0
520,1,walk,walk,5361,,5361.0,20.0,2.0,6.0,2.0,1.6,-0.009,-0.042,1.073,33.0,28.14,0.0,19.0,0.0,4.0,2.22,0.04,-1.0,-0.05,0.47,-0.98,0.12,161.0,,,0.0,1.0,0.0,100.0
580,1,walk,walk,5362,,5362.0,20.0,2.0,6.0,2.0,1.6,-0.009,0.013,1.077,33.0,28.14,0.0,19.0,0.0,4.0,2.23,0.04,-1.0,-0.05,0.51,-0.98,0.14,161.0,,,0.0,1.0,0.0,100.0
580,1,walk,walk,5363,,5363.0,20.0,2.0,6.0,2.0,1.61,-0.009,-0.018,1.051,33.0,28.14,0.0,19.0,0.0,4.0,2.24,0.04,-1.0,-0.05,0.54,-0.98,0.16,161.0,,,0.0,1.0,0.0,100.0
600,1,walk,walk,5364,,5364.0,20.0,2.0,6.0,2.0,1.61,-0.009,0.097,1.063,33.0,28.14,0.0,19.0,0.0,4.0,2.26,0.04,-1.0,-0.05,0.57,-0.98,0.18,161.0,,,0.0,1.0,0.0,100.0
600,1,walk,walk,5365,,5365.0,20.0,2.0,6.0,2.0,1.61,-0.009,0.041,1.057,33.0,28.14,0.0,19.0,0.0,4.0,2.27,0.04,-1.0,-0.05,0.58,-0.98,0.21,161.0,,,0.0,1.0,0.0,100.0
620,1,walk,walk,5366,,5366.0,20.0,2.0,6.0,2.0,1.62,-0.009,0.003,1.066,33.0,28.14,0.0,19.0,0.0,4.0,2.28,0.04,-1.0,-0.05,0.59,-0.98,0.23,161.0,,,0.0,1.0,0.0,100.0
640,1,walk,walk,5367,,5367.0,20.0,2.0,6.0,2.0,1.63,-0.009,0.015,1.072,33.0,28.14,0.0,19.0,0.0,4.0,2.29,0.04,-1.0,-0.05,0.59,-0.97,0.26,161.0,,,0.0,1.0,0.0,100.0
660,1,walk,walk,5368,,5368.0,20.0,2.0,6.0,2.0,1.63,-0.009,-0.053,1.067,33.0,28.14,0.0,19.0,0.0,4.0,2.3,0.04,-1.0,-0.05,0.58,-0.97,0.28,161.0,,,0.0,1.0,0.0,100.0
680,1,walk,walk,5369,,5369.0,20.0,2.0,6.0,2.0,1.64,-0.009,0.021,1.065,33.0,28.14,0.0,19.0,0.0,4.0,2.3,0.04,-1.0,-0.05,0.57,-0.97,0.29,161.0,,,0.0,1.0,0.0,100.0
720,1,walk,walk,5370,,5370.0,20.0,2.0,6.0,2.0,1.64,-0.009,-0.064,1.072,33.0,28.14,0.0,19.0,0.0,4.0,2.31,0.04,-1.0,-0.05,0.55,-0.96,0.3,161.0,,,0.0,1.0,0.0,100.0
740,1,walk,walk,5371,,5371.0,20.0,2.0,6.0,2.0,1.65,-0.009,-0.04,1.057,33.0,28.14,0.0,19.0,0.0,4.0,2.31,0.04,-1.0,-0.05,0.53,-0.96,0.3,161.0,,,0.0,1.0,0.0,100.0
760,1,walk,walk,5372,,5372.0,20.0,2.0,6.0,2.0,1.66,-0.009,-0.075,1.071,33.0,28.14,0.0,19.0,0.0,4.0,2.32,0.04,-1.0,-0.05,0.51,-0.96,0.31,161.0,,,0.0,1.0,0.0,100.0
780,1,walk,walk,5373,,5373.0,20.0,2.0,6.0,2.0,1.66,-0.009,-0.057,1.073,33.0,28.14,0.0,19.0,0.0,4.0,2.32,0.04,-1.0,-0.05,0.49,-0.96,0.31,161.0,,,0.0,1.0,0.0,100.0
780,1,walk,walk,5374,,5374.0,20.0,2.0,6.0,2.0,1.67,-0.009,-0.017,1.065,33.0,28.14,0.0,19.0,0.0,4.0,2.32,0.04,-1.0,-0.05,0.47,-0.97,0.32,161.0,,,0.0,1.0,0.0,100.0
800,1,walk,walk,5375,,5375.0,20.0,2.0,6.0,2.0,1.68,-0.009,-0.075,1.065,33.0,28.14,0.0,19.0,0.0,4.0,2.33,0.04,-1.0,-0.05,0.47,-0.98,0.32,161.0,,,0.0,1.0,0.0,100.0
820,1,walk,walk,5376,,5376.0,20.0,2.0,6.0,2.0,1.68,-0.009,0.034,1.061,33.0,28.14,0.0,19.0,0.0,4.0,2.34,0.04,-1.0,-0.05,0.47,-0.99,0.34,161.0,,,0.0,1.0,0.0,100.0
840,1,walk,walk,5377,,5377.0,20.0,2.0,6.0,2.0,1.69,-0.009,-0.096,1.05,33.0,28.14,0.0,19.0,0.0,4.0,2.34,0.04,-1.0,-0.05,0.47,-1.01,0.36,161.0,,,0.0,1.0,0.0,100.0
900,1,walk,walk,5378,,5378.0,20.0,2.0,6.0,2.0,1.7,-0.009,-0.002,1.073,33.0,28.14,0.0,19.0,0.0,4.0,2.36,0.04,-1.0,-0.05,0.48,-1.04,0.39,161.0,,,0.0,1.0,0.0,100.0
900,1,walk,walk,5379,,5379.0,20.0,2.0,6.0,2.0,1.7,-0.009,0.057,1.07,33.0,28.14,0.0,19.0,0.0,4.0,2.37,0.04,-1.0,-0.05,0.5,-1.07,0.43,161.0,,,0.0,1.0,0.0,100.0
920,1,walk,walk,5380,,5380.0,20.0,2.0,6.0,2.0,1.71,-0.009,-0.006,1.072,33.0,28.14,0.0,19.0,0.0,4.0,2.37,0.04,-1.0,-0.05,0.52,-1.1,0.47,161.0,,,0.0,1.0,0.0,100.0
940,1,walk,walk,5381,,5381.0,20.0,2.0,6.0,2.0,1.72,-0.009,0.022,1.08,33.0,28.14,0.0,19.0,0.0,4.0,2.38,0.04,-1.0,-0.05,0.55,-1.12,0.51,161.0,,,0.0,1.0,0.0,100.0
940,1,walk,walk,5382,,5382.0,20.0,2.0,6.0,2.0,1.72,-0.009,-0.006,1.092,33.0,28.14,0.0,19.0,0.0,4.0,2.38,0.04,-1.0,-0.05,0.58,-1.13,0.56,161.0,,,0.0,1.0,0.0,100.0
960,1,walk,walk,5383,,5383.0,20.0,2.0,6.0,2.0,1.73,-0.009,0.029,1.078,33.0,28.14,0.0,19.0,0.0,4.0,2.38,0.04,-1.0,-0.04,0.6,-1.14,0.6,161.0,,,0.0,1.0,0.0,100.0
980,1,walk,walk,5384,,5384.0,20.0,2.0,6.0,2.0,1.73,-0.009,-0.096,1.079,33.0,28.14,0.0,19.0,0.0,4.0,2.38,0.04,-1.0,-0.04,0.63,-1.14,0.64,161.0,,,0.0,1.0,0.0,100.0
1000,1,walk,walk,5385,,5385.0,20.0,2.0,6.0,2.0,1.74,-0.009,0.026,1.078,33.0,28.14,0.0,19.0,0.0,4.0,2.38,0.04,-1.0,-0.04,0.65,-1.14,0.68,161.0,,,0.0,1.0,0.0,100.0
1020,1,walk,walk,5386,,5386.0,20.0,2.0,6.0,2.0,1.74,-0.009,0.006,1.084,33.0,28.11,0.0,19.0,0.0,4.0,2.38,0.04,-1.0,-0.04,0.67,-1.14,0.71,161.0,,,0.0,1.0,0.0,100.0
1060,1,walk,walk,5387,,5387.0,20.0,2.0,6.0,2.0,1.74,-0.009,-0.029,1.077,33.0,28.14,0.0,19.0,0.0,4.0,2.38,0.04,-1.0,-0.04,0.69,-1.14,0.74,161.0,,,0.0,1.0,0.0,100.0
1060,1,walk,walk,5388,,5388.0,20.0,2.0,6.0,2.0,1.75,-0.009,0.002,1.088,33.0,28.14,0.0,19.0,0.0,4.0,2.37,0.04,-1.0,-0.04,0.71,-1.14,0.76,161.0,,,0.0,1.0,0.0,100.0
1080,1,walk,walk,5389,,5389.0,20.0,2.0,6.0,2.0,1.75,-0.009,0.06,1.085,33.0,28.14,0.0,19.0,0.0,4.0,2.37,0.04,-1.0,-0.04,0.73,-1.14,0.79,161.0,,,0.0,1.0,0.0,100.0
1100,1,walk,walk,5390,,5390.0,20.0,2.0,6.0,2.0,1.75,-0.009,0.03,1.099,33.0,28.14,0.0,19.0,0.0,4.0,2.36,0.04,-1.0,-0.04,0.74,-1.14,0.81,161.0,,,0.0,1.0,0.0,100.0
1120,1,walk,walk,5391,,5391.0,20.0,2.0,6.0,2.0,1.76,-0.009,0.011,1.108,33.0,28.14,0.0,19.0,0.0,4.0,2.36,0.04,-1.0,-0.04,0.74,-1.13,0.83,161.0,,,0.0,1.0,0.0,100.0
1140,1,walk,walk,5392,,5392.0,20.0,2.0,6.0,2.0,1.76,-0.009,0.032,1.114,33.0,28.14,0.0,19.0,0.0,4.0,2.35,0.04,-1.0,-0.04,0.74,-1.13,0.85,161.0,,,0.0,1.0,0.0,100.0
1160,1,walk,walk,5393,,5393.0,20.0,2.0,6.0,2.0,1.76,-0.01,-0.011,1.085,33.0,28.14,0.0,19.0,0.0,4.0,2.34,0.04,-1.0,-0.04,0.73,-1.12,0.86,161.0,,,0.0,1.0,0.0,100.0
1200,1,walk,walk,5394,,5394.0,20.0,2.0,6.0,2.0,1.76,-0.009,0.013,1.101,33.0,28.11,0.0,19.0,0.0,4.0,2.34,0.04,-1.0,-0.04,0.7,-1.11,0.87,161.0,,,0.0,1.0,0.0,100.0
1220,1,walk,walk,5395,,5395.0,20.0,2.0,6.0,2.0,1.76,-0.009,0.025,1.105,33.0,28.14,0.0,19.0,0.0,4.0,2.32,0.04,-1.0,-0.04,0.67,-1.11,0.88,161.0,,,0.0,1.0,0.0,100.0
1240,1,walk,walk,5396,,5396.0,20.0,2.0,6.0,2.0,1.76,-0.009,0.068,1.088,33.0,28.14,0.0,19.0,0.0,4.0,2.31,0.04,-1.0,-0.04,0.64,-1.1,0.87,161.0,,,0.0,1.0,0.0,100.0
1240,1,walk,walk,5397,,5397.0,20.0,2.0,6.0,2.0,1.75,-0.009,0.044,1.092,33.0,28.14,0.0,19.0,0.0,4.0,2.3,0.04,-1.0,-0.04,0.6,-1.09,0.85,161.0,,,0.0,1.0,0.0,100.0
1260,1,walk,walk,5398,,5398.0,20.0,2.0,6.0,2.0,1.75,-0.009,0.036,1.116,33.0,28.11,0.0,19.0,0.0,4.0,2.29,0.04,-1.0,-0.04,0.57,-1.08,0.82,161.0,,,0.0,1.0,0.0,100.0
1300,1,walk,walk,5399,,5399.0,20.0,2.0,6.0,2.0,1.75,-0.009,0.062,1.123,33.0,28.14,0.0,19.0,0.0,4.0,2.28,0.04,-1.0,-0.04,0.53,-1.08,0.79,161.0,,,0.0,1.0,0.0,100.0
1300,1,walk,walk,5400,,5400.0,20.0,2.0,6.0,2.0,1.75,-0.009,0.019,1.093,33.0,28.14,0.0,19.0,0.0,4.0,2.28,0.04,-1.0,-0.04,0.5,-1.07,0.75,161.0,,,0.0,1.0,0.0,100.0
1320,1,walk,walk,5401,,5401.0,20.0,2.0,6.0,2.0,1.74,-0.01,-0.095,1.089,33.0,28.11,0.0,19.0,0.0,4.0,2.28,0.04,-1.0,-0.04,0.48,-1.07,0.72,161.0,,,0.0,1.0,0.0,100.0
1380,1,walk,walk,5402,,5402.0,20.0,2.0,6.0,2.0,1.74,-0.009,0.021,1.109,33.0,28.14,0.0,19.0,0.0,4.0,2.27,0.04,-1.0,-0.04,0.46,-1.08,0.69,161.0,,,0.0,1.0,0.0,100.0
1380,1,walk,walk,5403,,5403.0,20.0,2.0,6.0,2.0,1.74,-0.009,0.064,1.116,33.0,28.11,0.0,19.0,0.0,4.0,2.27,0.04,-1.0,-0.04,0.44,-1.09,0.66,161.0,,,0.0,1.0,0.0,100.0
1380,1,walk,walk,5404,,5404.0,20.0,2.0,6.0,2.0,1.73,-0.009,0.042,1.095,33.0,28.11,0.0,19.0,0.0,4.0,2.28,0.04,-1.0,-0.04,0.42,-1.11,0.65,161.0,,,0.0,1.0,0.0,100.0
1420,1,walk,walk,5405,,5405.0,20.0,2.0,6.0,2.0,1.73,-0.009,-0.048,1.117,33.0,28.11,0.0,19.0,0.0,4.0,2.28,0.04,-1.0,-0.04,0.4,-1.12,0.64,161.0,,,0.0,1.0,0.0,100.0
1420,1,walk,walk,5406,,5406.0,20.0,2.0,6.0,2.0,1.73,-0.009,0.05,1.135,33.0,28.14,0.0,19.0,0.0,4.0,2.28,0.04,-1.0,-0.04,0.37,-1.14,0.65,161.0,,,0.0,1.0,0.0,100.0
1440,1,walk,walk,5407,,5407.0,20.0,2.0,6.0,2.0,1.72,-0.009,0.019,1.121,33.0,28.11,0.0,19.0,0.0,4.0,2.28,0.04,-1.0,-0.04,0.33,-1.16,0.65,161.0,,,0.0,1.0,0.0,100.0
1460,1,walk,walk,5408,,5408.0,20.0,2.0,6.0,2.0,1.72,-0.009,-0.077,1.094,33.0,28.14,0.0,19.0,0.0,4.0,2.27,0.04,-1.0,-0.04,0.28,-1.17,0.65,161.0,,,0.0,1.0,0.0,100.0
1480,1,walk,walk,5409,,5409.0,20.0,2.0,6.0,2.0,1.72,-0.009,-0.03,1.118,33.0,28.14,0.0,19.0,0.0,4.0,2.27,0.04,-1.0,-0.04,0.23,-1.18,0.66,161.0,,,0.0,1.0,0.0,100.0
1500,1,walk,walk,5410,,5410.0,20.0,2.0,6.0,2.0,1.72,-0.009,0.028,1.115,33.0,28.14,0.0,19.0,0.0,4.0,2.27,0.04,-1.0,-0.04,0.19,-1.18,0.66,161.0,,,0.0,1.0,0.0,100.0
1540,1,walk,walk,5411,,5411.0,20.0,2.0,6.0,2.0,1.71,-0.009,-0.018,1.117,33.0,28.14,0.0,19.0,0.0,4.0,2.27,0.04,-1.0,-0.04,0.14,-1.17,0.66,161.0,,,0.0,1.0,0.0,100.0
1540,1,walk,walk,5412,,5412.0,20.0,2.0,6.0,2.0,1.71,-0.009,0.03,1.114,33.0,28.11,0.0,19.0,0.0,4.0,2.27,0.04,-1.0,-0.04,0.1,-1.17,0.67,161.0,,,0.0,1.0,0.0,100.0
1560,1,walk,walk,5413,,5413.0,20.0,2.0,6.0,2.0,1.71,-0.009,-0.044,1.096,33.0,28.11,0.0,19.0,0.0,4.0,2.26,0.04,-1.0,-0.04,0.06,-1.16,0.68,161.0,,,0.0,1.0,0.0,100.0
1580,1,walk,walk,5414,,5414.0,20.0,2.0,6.0,2.0,1.71,-0.009,0.049,1.103,33.0,28.14,0.0,19.0,0.0,4.0,2.26,0.04,-1.0,-0.04,0.03,-1.15,0.68,161.0,,,0.0,1.0,0.0,100.0
1600,1,walk,walk,5415,,5415.0,20.0,2.0,6.0,2.0,1.7,-0.009,0.005,1.095,33.0,28.14,0.0,19.0,0.0,4.0,2.25,0.04,-1.0,-0.04,0.0,-1.14,0.69,161.0,,,0.0,1.0,0.0,100.0
1620,1,walk,walk,5416,,5416.0,20.0,2.0,6.0,2.0,1.7,-0.009,0.05,1.091,33.0,28.11,0.0,19.0,0.0,4.0,2.25,0.04,-1.0,-0.04,-0.01,-1.13,0.68,161.0,,,0.0,1.0,0.0,100.0
1640,1,walk,walk,5417,,5417.0,20.0,2.0,6.0,2.0,1.7,-0.009,-0.014,1.092,33.0,28.14,0.0,19.0,0.0,4.0,2.24,0.04,-1.0,-0.04,-0.02,-1.11,0.66,161.0,,,0.0,1.0,0.0,100.0
1680,1,walk,walk,5418,,5418.0,20.0,2.0,6.0,2.0,1.7,-0.009,0.029,1.108,33.0,28.14,0.0,19.0,0.0,4.0,2.23,0.04,-1.0,-0.04,-0.03,-1.1,0.64,161.0,,,0.0,1.0,0.0,100.0
1700,1,walk,walk,5419,,5419.0,20.0,2.0,6.0,2.0,1.7,-0.009,0.077,1.105,33.0,28.14,0.0,19.0,0.0,4.0,2.23,0.04,-1.0,-0.04,-0.02,-1.09,0.61,161.0,,,0.0,1.0,0.0,100.0
1720,1,walk,walk,5420,,5420.0,20.0,2.0,6.0,2.0,1.69,-0.009,0.006,1.123,33.0,28.14,0.0,19.0,0.0,4.0,2.23,0.04,-1.0,-0.04,-0.01,-1.09,0.59,161.0,,,0.0,1.0,0.0,100.0
1740,1,walk,walk,5421,,5421.0,20.0,2.0,6.0,2.0,1.69,-0.009,0.064,1.109,33.0,28.14,0.0,19.0,0.0,4.0,2.23,0.04,-1.0,-0.04,0.0,-1.09,0.58,161.0,,,0.0,1.0,0.0,100.0
1740,1,walk,walk,5422,,5422.0,20.0,2.0,6.0,2.0,1.69,-0.009,0.053,1.105,33.0,28.11,0.0,19.0,0.0,4.0,2.23,0.04,-1.0,-0.04,0.01,-1.1,0.58,161.0,,,0.0,1.0,0.0,100.0
1780,1,walk,walk,5423,,5423.0,20.0,2.0,6.0,2.0,1.69,-0.009,0.033,1.134,33.0,28.14,0.0,19.0,0.0,4.0,2.23,0.04,-1.0,-0.04,0.03,-1.1,0.58,161.0,,,0.0,1.0,0.0,100.0
1780,1,walk,walk,5424,,5424.0,20.0,2.0,6.0,2.0,1.69,-0.01,0.006,1.106,33.0,28.14,0.0,19.0,0.0,4.0,2.23,0.04,-1.0,-0.04,0.04,-1.11,0.6,161.0,,,0.0,1.0,0.0,100.0
1800,1,walk,walk,5425,,5425.0,20.0,2.0,6.0,2.0,1.69,-0.009,-0.001,1.114,33.0,28.11,0.0,19.0,0.0,4.0,2.24,0.04,-1.0,-0.04,0.05,-1.12,0.62,161.0,,,0.0,1.0,0.0,100.0
1880,1,walk,walk,5426,,5426.0,20.0,2.0,6.0,2.0,1.68,-0.009,0.03,1.131,33.0,28.14,0.0,19.0,0.0,4.0,2.24,0.04,-1.0,-0.04,0.05,-1.12,0.64,161.0,,,0.0,1.0,0.0,100.0
1880,1,walk,walk,5427,,5427.0,20.0,2.0,6.0,2.0,1.68,-0.009,0.111,1.104,33.0,28.11,0.0,19.0,0.0,4.0,2.24,0.04,-1.0,-0.04,0.05,-1.12,0.67,161.0,,,0.0,1.0,0.0,100.0
1900,1,walk,walk,5428,,5428.0,20.0,2.0,6.0,2.0,1.68,-0.01,-0.087,1.101,33.0,28.14,0.0,19.0,0.0,4.0,2.24,0.04,-1.0,-0.04,0.04,-1.12,0.7,161.0,,,0.0,1.0,0.0,100.0
1900,1,walk,walk,5429,,5429.0,20.0,2.0,6.0,2.0,1.68,-0.01,0.095,1.111,33.0,28.14,0.0,19.0,0.0,4.0,2.24,0.04,-1.0,-0.04,0.03,-1.12,0.73,161.0,,,0.0,1.0,0.0,100.0
1900,1,walk,walk,5430,,5430.0,20.0,2.0,6.0,2.0,1.68,-0.01,-0.075,1.121,33.0,28.14,0.0,19.0,0.0,4.0,2.24,0.04,-1.0,-0.04,0.02,-1.12,0.76,161.0,,,0.0,1.0,0.0,100.0
1920,1,walk,walk,5431,,5431.0,20.0,2.0,6.0,2.0,1.68,-0.009,-0.002,1.127,33.0,28.11,0.0,19.0,0.0,4.0,2.24,0.04,-1.0,-0.04,0.02,-1.13,0.79,161.0,,,0.0,1.0,0.0,100.0
1960,1,walk,walk,5432,,5432.0,20.0,2.0,6.0,2.0,1.68,-0.009,0.025,1.109,33.0,28.14,0.0,19.0,0.0,4.0,2.24,0.04,-1.0,-0.04,0.02,-1.14,0.81,161.0,,,0.0,1.0,0.0,100.0
1980,1,walk,walk,5433,,5433.0,20.0,2.0,6.0,2.0,1.68,-0.009,-0.026,1.136,33.0,28.14,0.0,19.0,0.0,4.0,2.25,0.04,-1.0,-0.04,0.02,-1.15,0.84,161.0,,,0.0,1.0,0.0,100.0
1980,1,walk,walk,5434,,5434.0,20.0,2.0,6.0,2.0,1.67,-0.01,0.054,1.124,33.0,28.11,0.0,19.0,0.0,4.0,2.25,0.04,-1.0,-0.04,0.03,-1.15,0.86,161.0,,,0.0,1.0,0.0,100.0
2020,1,walk,walk,5435,,5435.0,20.0,2.0,6.0,2.0,1.67,-0.01,0.052,1.117,33.0,28.14,0.0,19.0,0.0,4.0,2.24,0.04,-1.0,-0.04,0.03,-1.15,0.88,161.0,,,0.0,1.0,0.0,100.0
2020,1,walk,walk,5436,,5436.0,20.0,2.0,6.0,2.0,1.67,-0.01,-0.023,1.134,33.0,28.11,0.0,19.0,0.0,4.0,2.24,0.04,-1.0,-0.04,0.04,-1.15,0.89,161.0,,,0.0,1.0,0.0,100.0
2040,1,walk,walk,5437,,5437.0,20.0,2.0,6.0,2.0,1.67,-0.01,0.001,1.108,33.0,28.14,0.0,19.0,0.0,4.0,2.23,0.04,-1.0,-0.05,0.06,-1.15,0.89,161.0,,,0.0,1.0,0.0,100.0
2060,1,walk,walk,5438,,5438.0,20.0,2.0,6.0,2.0,1.66,-0.009,0.091,1.113,33.0,28.14,0.0,19.0,0.0,4.0,2.23,0.04,-1.0,-0.05,0.07,-1.16,0.89,161.0,,,0.0,1.0,0.0,100.0
2080,1,walk,walk,5439,,5439.0,20.0,2.0,6.0,2.0,1.66,-0.01,0.053,1.125,33.0,28.14,0.0,19.0,0.0,4.0,2.22,0.04,-1.0,-0.05,0.09,-1.17,0.89,161.0,,,0.0,1.0,0.0,100.0
2100,1,walk,walk,5440,,5440.0,20.0,2.0,6.0,2.0,1.66,-0.01,-0.034,1.115,33.0,28.14,0.0,19.0,0.0,4.0,2.22,0.04,-1.0,-0.05,0.12,-1.18,0.88,161.0,,,0.0,1.0,0.0,100.0
2120,1,walk,walk,5441,,5441.0,20.0,2.0,6.0,2.0,1.65,-0.01,-0.023,1.136,33.0,28.11,0.0,19.0,0.0,4.0,2.21,0.04,-1.0,-0.05,0.16,-1.18,0.88,161.0,,,0.0,1.0,0.0,100.0
2160,1,walk,walk,5442,,5442.0,20.0,2.0,6.0,2.0,1.65,-0.01,0.036,1.129,33.0,28.11,0.0,19.0,0.0,4.0,2.21,0.04,-1.0,-0.05,0.2,-1.19,0.89,161.0,,,0.0,1.0,0.0,100.0
2180,1,walk,walk,5443,,5443.0,20.0,2.0,6.0,2.0,1.65,-0.01,-0.034,1.131,33.0,28.11,0.0,19.0,0.0,4.0,2.2,0.04,-1.0,-0.05,0.24,-1.18,0.89,161.0,,,0.0,1.0,0.0,100.0
2200,1,walk,walk,5444,,5444.0,20.0,2.0,6.0,2.0,1.64,-0.01,-0.092,1.132,33.0,28.14,0.0,19.0,0.0,4.0,2.19,0.04,-1.0,-0.05,0.29,-1.18,0.88,161.0,,,0.0,1.0,0.0,100.0
2200,1,walk,walk,5445,,5445.0,20.0,2.0,6.0,2.0,1.64,-0.01,-0.03,1.123,33.0,28.11,0.0,19.0,0.0,4.0,2.18,0.04,-1.0,-0.05,0.33,-1.16,0.86,161.0,,,0.0,1.0,0.0,100.0
2220,1,walk,walk,5446,,5446.0,20.0,2.0,6.0,2.0,1.63,-0.01,-0.072,1.115,33.0,28.14,0.0,19.0,0.0,4.0,2.17,0.04,-1.0,-0.05,0.37,-1.14,0.83,161.0,,,0.0,1.0,0.0,100.0
2260,1,walk,walk,5447,,5447.0,20.0,2.0,6.0,2.0,1.63,-0.01,0.019,1.132,33.0,28.14,0.0,19.0,0.0,4.0,2.16,0.04,-1.0,-0.05,0.41,-1.11,0.79,161.0,,,0.0,1.0,0.0,100.0
2260,1,walk,walk,5448,,5448.0,20.0,2.0,6.0,2.0,1.62,-0.009,-0.017,1.119,33.0,28.14,0.0,19.0,0.0,4.0,2.15,0.04,-1.0,-0.05,0.46,-1.07,0.73,161.0,,,0.0,1.0,0.0,100.0
2280,1,walk,walk,5449,,5449.0,20.0,2.0,6.0,2.0,1.62,-0.009,-0.006,1.087,33.0,28.14,0.0,19.0,0.0,4.0,2.14,0.04,-1.0,-0.05,0.5,-1.02,0.66,161.0,,,0.0,1.0,0.0,100.0
2340,1,walk,walk,5450,,5450.0,20.0,2.0,6.0,2.0,1.61,-0.009,-0.045,1.107,33.0,28.11,0.0,19.0,0.0,4.0,2.14,0.04,-1.0,-0.05,0.53,-0.97,0.59,161.0,,,0.0,1.0,0.0,100.0
2340,1,walk,walk,5451,,5451.0,20.0,2.0,6.0,2.0,1.61,-0.009,0.04,1.104,33.0,28.11,0.0,19.0,0.0,4.0,2.15,0.04,-1.0,-0.05,0.56,-0.93,0.52,161.0,,,0.0,1.0,0.0,100.0
2340,1,walk,walk,5452,,5452.0,20.0,2.0,6.0,2.0,1.61,-0.009,0.081,1.099,33.0,28.14,0.0,19.0,0.0,4.0,2.16,0.04,-1.0,-0.05,0.58,-0.89,0.47,161.0,,,0.0,1.0,0.0,100.0
2380,1,walk,walk,5453,,5453.0,20.0,2.0,6.0,2.0,1.6,-0.009,-0.06,1.108,33.0,28.14,0.0,19.0,0.0,4.0,2.17,0.04,-1.0,-0.05,0.6,-0.86,0.42,161.0,,,0.0,1.0,0.0,100.0
2380,1,walk,walk,5454,,5454.0,20.0,2.0,6.0,2.0,1.6,-0.009,-0.028,1.128,33.0,28.11,0.0,19.0,0.0,4.0,2.18,0.04,-1.0,-0.05,0.62,-0.84,0.39,161.0,,,0.0,1.0,0.0,100.0
2400,1,walk,walk,5455,,5455.0,20.0,2.0,6.0,2.0,1.59,-0.009,-0.022,1.129,33.0,28.14,0.0,19.0,0.0,4.0,2.19,0.04,-1.0,-0.04,0.63,-0.82,0.37,161.0,,,0.0,1.0,0.0,100.0
2440,1,walk,walk,5456,,5456.0,20.0,2.0,6.0,2.0,1.59,-0.009,-0.029,1.101,33.0,28.14,0.0,19.0,0.0,4.0,2.19,0.04,-1.0,-0.04,0.65,-0.81,0.35,161.0,,,0.0,1.0,0.0,100.0
2460,1,walk,walk,5457,,5457.0,20.0,2.0,6.0,2.0,1.59,-0.009,0.017,1.091,33.0,28.14,0.0,19.0,0.0,4.0,2.2,0.04,-1.0,-0.04,0.66,-0.8,0.34,161.0,,,0.0,1.0,0.0,100.0
2460,1,walk,walk,5458,,5458.0,20.0,2.0,6.0,2.0,1.59,-0.009,0.021,1.101,33.0,28.14,0.0,19.0,0.0,4.0,2.2,0.04,-1.0,-0.04,0.67,-0.79,0.32,161.0,,,0.0,1.0,0.0,100.0
2500,1,walk,walk,5459,,5459.0,20.0,2.0,6.0,2.0,1.59,-0.009,0.04,1.112,33.0,28.14,0.0,19.0,0.0,4.0,2.21,0.04,-1.0,-0.04,0.68,-0.79,0.31,161.0,,,0.0,1.0,0.0,100.0
2500,1,walk,walk,5460,,5460.0,20.0,2.0,6.0,2.0,1.59,-0.009,0.005,1.107,33.0,28.11,0.0,19.0,0.0,4.0,2.21,0.04,-1.0,-0.04,0.68,-0.79,0.3,161.0,,,0.0,1.0,0.0,100.0
2520,1,walk,walk,5461,,5461.0,20.0,2.0,6.0,2.0,1.59,-0.009,0.042,1.094,33.0,28.14,0.0,19.0,0.0,4.0,2.22,0.04,-1.0,-0.04,0.68,-0.8,0.29,161.0,,,0.0,1.0,0.0,100.0
2540,1,walk,walk,5462,,5462.0,20.0,2.0,6.0,2.0,1.59,-0.009,-0.048,1.105,33.0,28.14,0.0,19.0,0.0,4.0,2.22,0.04,-1.0,-0.04,0.67,-0.8,0.29,161.0,,,0.0,1.0,0.0,100.0
2580,1,walk,walk,5463,,5463.0,20.0,2.0,6.0,2.0,1.59,-0.009,-0.077,1.101,33.0,28.14,0.0,19.0,0.0,4.0,2.23,0.04,-1.0,-0.04,0.67,-0.81,0.29,161.0,,,0.0,1.0,0.0,100.0
2580,1,walk,walk,5464,,5464.0,20.0,2.0,6.0,2.0,1.6,-0.009,-0.014,1.104,33.0,28.14,0.0,19.0,0.0,4.0,2.24,0.04,-1.0,-0.04,0.66,-0.82,0.31,161.0,,,0.0,1.0,0.0,100.0
2600,1,walk,walk,5465,,5465.0,20.0,2.0,6.0,2.0,1.6,-0.009,0.019,1.08,33.0,28.14,0.0,19.0,0.0,4.0,2.25,0.04,-1.0,-0.04,0.64,-0.83,0.32,161.0,,,0.0,1.0,0.0,100.0
2640,1,walk,walk,5466,,5466.0,20.0,2.0,6.0,2.0,1.6,-0.009,0.014,1.093,33.0,28.11,0.0,19.0,0.0,4.0,2.25,0.04,-1.0,-0.04,0.62,-0.85,0.34,161.0,,,0.0,1.0,0.0,100.0
2660,1,walk,walk,5467,,5467.0,20.0,2.0,6.0,2.0,1.61,-0.009,0.001,1.101,33.0,28.14,0.0,19.0,0.0,4.0,2.25,0.04,-1.0,-0.04,0.58,-0.86,0.36,161.0,,,0.0,1.0,0.0,100.0
2660,1,walk,walk,5468,,5468.0,20.0,2.0,6.0,2.0,1.61,-0.009,0.026,1.089,33.0,28.11,0.0,19.0,0.0,4.0,2.25,0.04,-1.0,-0.04,0.54,-0.88,0.37,161.0,,,0.0,1.0,0.0,100.0
2700,1,walk,walk,5469,,5469.0,20.0,2.0,6.0,2.0,1.61,-0.009,0.006,1.079,33.0,28.11,0.0,19.0,0.0,4.0,2.26,0.04,-1.0,-0.04,0.5,-0.88,0.38,161.0,,,0.0,1.0,0.0,100.0
2700,1,walk,walk,5470,,5470.0,20.0,2.0,6.0,2.0,1.62,-0.009,-0.034,1.1,33.0,28.14,0.0,19.0,0.0,4.0,2.26,0.04,-1.0,-0.04,0.46,-0.89,0.39,161.0,,,0.0,1.0,0.0,100.0
2740,1,walk,walk,5471,,5471.0,20.0,2.0,6.0,2.0,1.62,-0.009,-0.011,1.087,33.0,28.14,0.0,19.0,0.0,4.0,2.26,0.04,-1.0,-0.04,0.42,-0.88,0.39,161.0,,,0.0,1.0,0.0,100.0
2760,1,walk,walk,5472,,5472.0,20.0,2.0,6.0,2.0,1.63,-0.009,-0.103,1.112,33.0,28.14,0.0,19.0,0.0,4.0,2.26,0.04,-1.0,-0.04,0.39,-0.87,0.38,161.0,,,0.0,1.0,0.0,100.0
2780,1,walk,walk,5473,,5473.0,20.0,2.0,6.0,2.0,1.63,-0.009,-0.048,1.074,33.0,28.14,0.0,19.0,0.0,4.0,2.26,0.04,-1.0,-0.04,0.35,-0.86,0.36,161.0,,,0.0,1.0,0.0,100.0
2800,1,walk,walk,5474,,5474.0,20.0,2.0,6.0,2.0,1.64,-0.009,-0.018,1.082,33.0,28.14,0.0,19.0,0.0,4.0,2.27,0.04,-1.0,-0.04,0.32,-0.85,0.33,161.0,,,0.0,1.0,0.0,100.0
2820,1,walk,walk,5475,,5475.0,20.0,2.0,6.0,2.0,1.64,-0.009,-0.017,1.086,33.0,28.14,0.0,19.0,0.0,4.0,2.28,0.04,-1.0,-0.04,0.29,-0.85,0.3,161.0,,,0.0,1.0,0.0,100.0
2820,1,walk,walk,5476,,5476.0,20.0,2.0,6.0,2.0,1.65,-0.009,-0.136,1.089,33.0,28.14,0.0,19.0,0.0,4.0,2.28,0.04,-1.0,-0.04,0.27,-0.86,0.27,161.0,,,0.0,1.0,0.0,100.0
2860,1,walk,walk,5477,,5477.0,20.0,2.0,6.0,2.0,1.65,-0.009,-0.011,1.1,33.0,28.14,0.0,19.0,0.0,4.0,2.29,0.04,-1.0,-0.04,0.25,-0.86,0.25,161.0,,,0.0,1.0,0.0,100.0
2860,1,walk,walk,5478,,5478.0,20.0,2.0,6.0,2.0,1.66,-0.009,-0.045,1.082,33.0,28.14,0.0,19.0,0.0,4.0,2.3,0.04,-1.0,-0.04,0.24,-0.87,0.23,161.0,,,0.0,1.0,0.0,100.0
2880,1,walk,walk,5479,,5479.0,20.0,2.0,6.0,2.0,1.66,-0.009,-0.028,1.06,33.0,28.14,0.0,19.0,0.0,4.0,2.31,0.04,-1.0,-0.04,0.23,-0.87,0.2,161.0,,,0.0,1.0,0.0,100.0
2900,1,walk,walk,5480,,5480.0,20.0,2.0,6.0,2.0,1.67,-0.009,0.053,1.065,33.0,28.14,0.0,19.0,0.0,4.0,2.32,0.04,-1.0,-0.04,0.23,-0.87,0.17,161.0,,,0.0,1.0,0.0,100.0
2940,1,walk,walk,5481,,5481.0,20.0,2.0,6.0,2.0,1.67,-0.009,-0.018,1.052,33.0,28.14,0.0,19.0,0.0,4.0,2.33,0.04,-1.0,-0.04,0.23,-0.86,0.15,161.0,,,0.0,1.0,0.0,100.0
2960,1,walk,walk,5482,,5482.0,20.0,2.0,6.0,2.0,1.68,-0.009,0.075,1.056,33.0,28.14,0.0,19.0,0.0,4.0,2.34,0.04,-1.0,-0.04,0.25,-0.86,0.14,161.0,,,0.0,1.0,0.0,100.0
2960,1,walk,walk,5483,,5483.0,20.0,2.0,6.0,2.0,1.69,-0.009,-0.023,1.038,33.0,28.14,0.0,19.0,0.0,4.0,2.35,0.04,-1.0,-0.04,0.26,-0.86,0.14,161.0,,,0.0,1.0,0.0,100.0
2980,1,walk,walk,5484,,5484.0,20.0,2.0,6.0,2.0,1.69,-0.009,-0.007,1.051,33.0,28.14,0.0,19.0,0.0,4.0,2.37,0.04,-1.0,-0.04,0.28,-0.86,0.15,161.0,,,0.0,1.0,0.0,100.0
3020,1,walk,walk,5485,,5485.0,20.0,2.0,6.0,2.0,1.7,-0.009,-0.032,1.063,33.0,28.14,0.0,19.0,0.0,4.0,2.38,0.04,-1.0,-0.04,0.3,-0.86,0.17,161.0,,,0.0,1.0,0.0,100.0
3040,1,walk,walk,5486,,5486.0,20.0,2.0,6.0,2.0,1.7,-0.009,-0.052,1.04,33.0,28.14,0.0,19.0,0.0,4.0,2.4,0.04,-1.0,-0.04,0.31,-0.88,0.2,161.0,,,0.0,1.0,0.0,100.0
3040,1,walk,walk,5487,,5487.0,20.0,2.0,6.0,2.0,1.71,-0.009,0.021,1.056,33.0,28.14,0.0,19.0,0.0,4.0,2.41,0.04,-1.0,-0.04,0.33,-0.9,0.23,161.0,,,0.0,1.0,0.0,100.0
3060,1,walk,walk,5488,,5488.0,20.0,2.0,6.0,2.0,1.72,-0.009,0.011,1.049,33.0,28.14,0.0,19.0,0.0,4.0,2.42,0.04,-1.0,-0.04,0.34,-0.93,0.28,161.0,,,0.0,1.0,0.0,100.0
3100,1,walk,walk,5489,,5489.0,20.0,2.0,6.0,2.0,1.73,-0.009,-0.025,1.061,33.0,28.14,0.0,19.0,0.0,4.0,2.44,0.04,-1.0,-0.04,0.35,-0.97,0.34,161.0,,,0.0,1.0,0.0,100.0
3120,1,walk,walk,5490,,5490.0,20.0,2.0,6.0,2.0,1.73,-0.009,-0.013,1.064,33.0,28.14,0.0,19.0,0.0,4.0,2.45,0.04,-1.0,-0.04,0.36,-1.02,0.39,161.0,,,0.0,1.0,0.0,100.0
3120,1,walk,walk,5491,,5491.0,20.0,2.0,6.0,2.0,1.74,-0.009,-0.058,1.047,33.0,28.14,0.0,19.0,0.0,4.0,2.45,0.04,-1.0,-0.04,0.37,-1.06,0.44,161.0,,,0.0,1.0,0.0,100.0
3160,1,walk,walk,5492,,5492.0,20.0,2.0,6.0,2.0,1.75,-0.009,-0.013,1.065,33.0,28.14,0.0,19.0,0.0,4.0,2.45,0.04,-1.0,-0.04,0.38,-1.09,0.48,161.0,,,0.0,1.0,0.0,100.0
3160,1,walk,walk,5493,,5493.0,20.0,2.0,6.0,2.0,1.76,-0.009,-0.07,1.046,33.0,28.14,0.0,19.0,0.0,4.0,2.45,0.04,-1.0,-0.04,0.39,-1.12,0.5,161.0,,,0.0,1.0,0.0,100.0
3180,1,walk,walk,5494,,5494.0,20.0,2.0,6.0,2.0,1.76,-0.009,0.019,1.053,33.0,28.14,0.0,19.0,0.0,4.0,2.44,0.04,-1.0,-0.04,0.39,-1.14,0.51,161.0,,,0.0,1.0,0.0,100.0
3200,1,walk,walk,5495,,5495.0,20.0,2.0,6.0,2.0,1.77,-0.009,0.046,1.044,33.0,28.14,0.0,19.0,0.0,4.0,2.44,0.04,-1.0,-0.04,0.4,-1.15,0.51,161.0,,,0.0,1.0,0.0,100.0
3220,1,walk,walk,5496,,5496.0,20.0,2.0,6.0,2.0,1.78,-0.009,0.007,1.06,33.0,28.14,0.0,19.0,0.0,4.0,2.43,0.04,-1.0,-0.04,0.4,-1.16,0.5,161.0,,,0.0,1.0,0.0,100.0
3240,1,walk,walk,5497,,5497.0,20.0,2.0,6.0,2.0,1.78,-0.009,0.044,1.038,33.0,28.14,0.0,19.0,0.0,4.0,2.42,0.04,-1.0,-0.04,0.39,-1.16,0.49,161.0,,,0.0,1.0,0.0,100.0
3280,1,walk,walk,5498,,5498.0,20.0,2.0,6.0,2.0,1.79,-0.009,0.025,1.058,33.0,28.14,0.0,19.0,0.0,4.0,2.42,0.04,-1.0,-0.04,0.39,-1.17,0.48,161.0,,,0.0,1.0,0.0,100.0
3280,1,walk,walk,5499,,5499.0,20.0,2.0,6.0,2.0,1.79,-0.009,-0.049,1.076,33.0,28.14,0.0,19.0,0.0,4.0,2.42,0.04,-1.0,-0.04,0.38,-1.17,0.47,161.0,,,0.0,1.0,0.0,100.0
3300,1,walk,walk,5500,,5500.0,20.0,2.0,6.0,2.0,1.8,-0.009,0.07,1.047,33.0,28.14,0.0,19.0,0.0,4.0,2.42,0.04,-1.0,-0.04,0.38,-1.17,0.48,161.0,,,0.0,1.0,0.0,100.0
3340,1,walk,walk,5501,,5501.0,20.0,2.0,6.0,2.0,1.8,-0.009,-0.036,1.061,33.0,28.14,0.0,19.0,0.0,4.0,2.42,0.04,-1.0,-0.04,0.37,-1.17,0.48,161.0,,,0.0,1.0,0.0,100.0
3340,1,walk,walk,5502,,5502.0,20.0,2.0,6.0,2.0,1.81,-0.009,0.041,1.081,33.0,28.14,0.0,19.0,0.0,4.0,2.42,0.04,-1.0,-0.04,0.36,-1.16,0.49,161.0,,,0.0,1.0,0.0,100.0
3380,1,walk,walk,5503,,5503.0,20.0,2.0,6.0,2.0,1.81,-0.009,0.021,1.046,33.0,28.14,0.0,19.0,0.0,4.0,2.42,0.04,-1.0,-0.04,0.35,-1.16,0.5,161.0,,,0.0,1.0,0.0,100.0
3400,1,walk,walk,5504,,5504.0,20.0,2.0,6.0,2.0,1.82,-0.009,0.042,1.053,33.0,28.14,0.0,19.0,0.0,4.0,2.42,0.04,-1.0,-0.04,0.34,-1.15,0.51,161.0,,,0.0,1.0,0.0,100.0
3420,1,walk,walk,5505,,5505.0,20.0,2.0,6.0,2.0,1.82,-0.009,0.052,1.071,33.0,28.14,0.0,19.0,0.0,4.0,2.42,0.04,-1.0,-0.04,0.33,-1.13,0.51,161.0,,,0.0,1.0,0.0,100.0
3440,1,walk,walk,5506,,5506.0,20.0,2.0,6.0,2.0,1.82,-0.009,0.009,1.043,33.0,28.11,0.0,19.0,0.0,4.0,2.42,0.04,-1.0,-0.04,0.33,-1.12,0.53,161.0,,,0.0,1.0,0.0,100.0
3460,1,walk,walk,5507,,5507.0,20.0,2.0,6.0,2.0,1.83,-0.009,-0.001,1.061,33.0,28.14,0.0,19.0,0.0,4.0,2.42,0.04,-1.0,-0.04,0.32,-1.11,0.54,161.0,,,0.0,1.0,0.0,100.0
3460,1,walk,walk,5508,,5508.0,20.0,2.0,6.0,2.0,1.83,-0.009,-0.065,1.061,33.0,28.14,0.0,19.0,0.0,4.0,2.43,0.04,-1.0,-0.04,0.31,-1.11,0.55,161.0,,,0.0,1.0,0.0,100.0
3500,1,walk,walk,5509,,5509.0,20.0,2.0,6.0,2.0,1.83,-0.009,-0.048,1.066,33.0,28.14,0.0,19.0,0.0,4.0,2.43,0.04,-1.0,-0.04,0.3,-1.12,0.57,161.0,,,0.0,1.0,0.0,100.0
3520,1,walk,walk,5510,,5510.0,20.0,2.0,6.0,2.0,1.83,-0.009,0.101,1.08,33.0,28.14,0.0,19.0,0.0,4.0,2.43,0.04,-1.0,-0.04,0.29,-1.13,0.6,161.0,,,0.0,1.0,0.0,100.0
3520,1,walk,walk,5511,,5511.0,20.0,2.0,6.0,2.0,1.84,-0.009,0.003,1.064,33.0,28.14,0.0,19.0,0.0,4.0,2.43,0.04,-1.0,-0.04,0.27,-1.14,0.62,161.0,,,0.0,1.0,0.0,100.0
3540,1,walk,walk,5512,,5512.0,20.0,2.0,6.0,2.0,1.84,-0.009,-0.014,1.073,33.0,28.14,0.0,19.0,0.0,4.0,2.43,0.04,-1.0,-0.04,0.27,-1.15,0.65,161.0,,,0.0,1.0,0.0,100.0
3600,1,walk,walk,5513,,5513.0,20.0,2.0,6.0,2.0,1.84,-0.009,-0.036,1.082,33.0,28.14,0.0,19.0,0.0,4.0,2.42,0.04,-1.0,-0.04,0.26,-1.16,0.67,161.0,,,0.0,1.0,0.0,100.0
3600,1,walk,walk,5514,,5514.0,20.0,2.0,6.0,2.0,1.84,-0.009,-0.029,1.072,33.0,28.14,0.0,19.0,0.0,4.0,2.41,0.04,-1.0,-0.04,0.26,-1.17,0.68,161.0,,,0.0,1.0,0.0,100.0
3600,1,walk,walk,5515,,5515.0,20.0,2.0,6.0,2.0,1.84,-0.009,0.009,1.063,33.0,28.14,0.0,19.0,0.0,4.0,2.41,0.04,-1.0,-0.04,0.26,-1.18,0.69,161.0,,,0.0,1.0,0.0,100.0
3620,1,walk,walk,5516,,5516.0,20.0,2.0,6.0,2.0,1.84,-0.009,-0.087,1.077,33.0,28.14,0.0,19.0,0.0,4.0,2.4,0.04,-1.0,-0.04,0.26,-1.18,0.68,161.0,,,0.0,1.0,0.0,100.0
3660,1,walk,walk,5517,,5517.0,20.0,2.0,6.0,2.0,1.84,-0.009,-0.045,1.071,33.0,28.14,0.0,19.0,0.0,4.0,2.4,0.04,-1.0,-0.04,0.26,-1.19,0.68,161.0,,,0.0,1.0,0.0,100.0
3660,1,walk,walk,5518,,5518.0,20.0,2.0,6.0,2.0,1.85,-0.009,-0.019,1.075,33.0,28.14,0.0,19.0,0.0,4.0,2.4,0.04,-1.0,-0.04,0.26,-1.2,0.67,161.0,,,0.0,1.0,0.0,100.0
3680,1,walk,walk,5519,,5519.0,20.0,2.0,6.0,2.0,1.85,-0.009,0.046,1.105,33.0,28.14,0.0,19.0,0.0,4.0,2.4,0.04,-1.0,-0.04,0.27,-1.21,0.68,161.0,,,0.0,1.0,0.0,100.0
3700,1,walk,walk,5520,,5520.0,20.0,2.0,6.0,2.0,1.85,-0.009,0.081,1.099,33.0,28.14,0.0,19.0,0.0,4.0,2.4,0.04,-1.0,-0.04,0.28,-1.22,0.69,161.0,,,0.0,1.0,0.0,100.0
3720,1,walk,walk,5521,,5521.0,20.0,2.0,6.0,2.0,1.84,-0.009,-0.005,1.111,33.0,28.14,0.0,19.0,0.0,4.0,2.4,0.04,-1.0,-0.04,0.29,-1.24,0.71,161.0,,,0.0,1.0,0.0,100.0
3760,1,walk,walk,5522,,5522.0,20.0,2.0,6.0,2.0,1.84,-0.009,0.05,1.103,33.0,28.11,0.0,19.0,0.0,4.0,2.4,0.04,-1.0,-0.04,0.3,-1.26,0.74,161.0,,,0.0,1.0,0.0,100.0
3760,1,walk,walk,5523,,5523.0,20.0,2.0,6.0,2.0,1.84,-0.01,0.015,1.105,33.0,28.14,0.0,19.0,0.0,4.0,2.41,0.04,-1.0,-0.04,0.3,-1.27,0.77,161.0,,,0.0,1.0,0.0,100.0
3780,1,walk,walk,5524,,5524.0,20.0,2.0,6.0,2.0,1.84,-0.009,-0.033,1.099,33.0,28.14,0.0,19.0,0.0,4.0,2.4,0.04,-1.0,-0.04,0.3,-1.29,0.8,161.0,,,0.0,1.0,0.0,100.0
3800,1,walk,walk,5525,,5525.0,20.0,2.0,6.0,2.0,1.84,-0.01,-0.022,1.14,33.0,28.14,0.0,19.0,0.0,4.0,2.4,0.04,-1.0,-0.04,0.29,-1.3,0.84,161.0,,,0.0,1.0,0.0,100.0
3820,1,walk,walk,5526,,5526.0,20.0,2.0,6.0,2.0,1.84,-0.01,0.046,1.132,33.0,28.14,0.0,19.0,0.0,4.0,2.4,0.04,-1.0,-0.04,0.28,-1.32,0.87,161.0,,,0.0,1.0,0.0,100.0
3840,1,walk,walk,5527,,5527.0,20.0,2.0,6.0,2.0,1.84,-0.01,0.009,1.141,33.0,28.14,0.0,19.0,0.0,4.0,2.4,0.04,-1.0,-0.04,0.26,-1.34,0.91,161.0,,,0.0,1.0,0.0,100.0
3860,1,walk,walk,5528,,5528.0,20.0,2.0,6.0,2.0,1.83,-0.01,0.03,1.151,33.0,28.14,0.0,19.0,0.0,4.0,2.39,0.04,-1.0,-0.04,0.23,-1.35,0.94,161.0,,,0.0,1.0,0.0,100.0
3900,1,walk,walk,5529,,5529.0,20.0,2.0,6.0,2.0,1.83,-0.01,0.036,1.131,33.0,28.14,0.0,19.0,0.0,4.0,2.38,0.04,-1.0,-0.04,0.19,-1.35,0.97,161.0,,,0.0,1.0,0.0,100.0
3920,1,walk,walk,5530,,5530.0,20.0,2.0,6.0,2.0,1.83,-0.01,0.037,1.139,33.0,28.14,0.0,19.0,0.0,4.0,2.38,0.04,-1.0,-0.04,0.15,-1.34,0.99,161.0,,,0.0,1.0,0.0,100.0
3920,1,walk,walk,5531,,5531.0,20.0,2.0,6.0,2.0,1.83,-0.01,0.005,1.163,33.0,28.14,0.0,19.0,0.0,4.0,2.37,0.04,-1.0,-0.04,0.11,-1.33,1.0,161.0,,,0.0,1.0,0.0,100.0
3940,1,walk,walk,5532,,5532.0,20.0,2.0,6.0,2.0,1.82,-0.01,-0.003,1.123,33.0,28.14,0.0,19.0,0.0,4.0,2.35,0.04,-1.0,-0.04,0.06,-1.31,1.01,161.0,,,0.0,1.0,0.0,100.0
3960,1,walk,walk,5533,,5533.0,20.0,2.0,6.0,2.0,1.82,-0.01,-0.003,1.12,33.0,28.14,0.0,19.0,0.0,4.0,2.34,0.04,-1.0,-0.04,0.02,-1.28,1.0,161.0,,,0.0,1.0,0.0,100.0
3980,1,walk,walk,5534,,5534.0,20.0,2.0,6.0,2.0,1.81,-0.01,-0.04,1.151,33.0,28.14,0.0,19.0,0.0,4.0,2.33,0.04,-1.0,-0.04,-0.02,-1.24,0.98,161.0,,,0.0,1.0,0.0,100.0
4000,1,walk,walk,5535,,5535.0,20.0,2.0,6.0,2.0,1.81,-0.01,0.041,1.145,33.0,28.14,0.0,19.0,0.0,4.0,2.32,0.04,-1.0,-0.04,-0.06,-1.21,0.95,161.0,,,0.0,1.0,0.0,100.0
4020,1,walk,walk,5536,,5536.0,20.0,2.0,6.0,2.0,1.8,-0.01,0.073,1.15,33.0,28.14,0.0,19.0,0.0,4.0,2.32,0.04,-1.0,-0.04,-0.09,-1.17,0.93,161.0,,,0.0,1.0,0.0,100.0
4080,1,walk,walk,5537,,5537.0,20.0,2.0,6.0,2.0,1.8,-0.01,0.038,1.146,33.0,28.14,0.0,19.0,0.0,4.0,2.31,0.04,-1.0,-0.04,-0.11,-1.15,0.9,161.0,,,0.0,1.0,0.0,100.0
4080,1,walk,walk,5538,,5538.0,20.0,2.0,6.0,2.0,1.79,-0.01,-0.119,1.153,33.0,28.14,0.0,19.0,0.0,4.0,2.3,0.04,-1.0,-0.04,-0.12,-1.13,0.87,161.0,,,0.0,1.0,0.0,100.0
4080,1,walk,walk,5539,,5539.0,20.0,2.0,6.0,2.0,1.79,-0.01,0.077,1.135,33.0,28.14,0.0,19.0,0.0,4.0,2.3,0.04,-1.0,-0.04,-0.13,-1.11,0.83,161.0,,,0.0,1.0,0.0,100.0
4100,1,walk,walk,5540,,5540.0,20.0,2.0,6.0,2.0,1.78,-0.01,0.011,1.119,33.0,28.14,0.0,19.0,0.0,4.0,2.3,0.04,-1.0,-0.04,-0.13,-1.1,0.8,161.0,,,0.0,1.0,0.0,100.0
4120,1,walk,walk,5541,,5541.0,20.0,2.0,6.0,2.0,1.77,-0.01,0.007,1.141,33.0,28.14,0.0,19.0,0.0,4.0,2.29,0.04,-1.0,-0.04,-0.12,-1.09,0.77,161.0,,,0.0,1.0,0.0,100.0
4140,1,walk,walk,5542,,5542.0,20.0,2.0,6.0,2.0,1.77,-0.01,-0.025,1.131,33.0,28.14,0.0,19.0,0.0,4.0,2.29,0.04,-1.0,-0.04,-0.1,-1.08,0.74,161.0,,,0.0,1.0,0.0,100.0
4160,1,walk,walk,5543,,5543.0,20.0,2.0,6.0,2.0,1.76,-0.01,0.037,1.132,33.0,28.14,0.0,19.0,0.0,4.0,2.29,0.04,-1.0,-0.04,-0.08,-1.08,0.71,161.0,,,0.0,1.0,0.0,100.0
4180,1,walk,walk,5544,,5544.0,20.0,2.0,6.0,2.0,1.76,-0.01,-0.021,1.153,33.0,28.14,0.0,19.0,0.0,4.0,2.3,0.04,-1.0,-0.04,-0.06,-1.08,0.69,161.0,,,0.0,1.0,0.0,100.0
4200,1,walk,walk,5545,,5545.0,20.0,2.0,6.0,2.0,1.75,-0.01,-0.054,1.128,33.0,28.11,0.0,19.0,0.0,4.0,2.3,0.04,-1.0,-0.04,-0.03,-1.08,0.69,161.0,,,0.0,1.0,0.0,100.0
4240,1,walk,walk,5546,,5546.0,20.0,2.0,6.0,2.0,1.75,-0.01,0.011,1.155,33.0,28.11,0.0,19.0,0.0,4.0,2.31,0.04,-1.0,-0.04,0.01,-1.08,0.69,161.0,,,0.0,1.0,0.0,100.0
4240,1,walk,walk,5547,,5547.0,20.0,2.0,6.0,2.0,1.74,-0.01,-0.036,1.147,33.0,28.14,0.0,19.0,0.0,4.0,2.31,0.04,-1.0,-0.04,0.04,-1.08,0.71,161.0,,,0.0,1.0,0.0,100.0
4260,1,walk,walk,5548,,5548.0,20.0,2.0,6.0,2.0,1.74,-0.01,0.058,1.147,33.0,28.14,0.0,19.0,0.0,4.0,2.31,0.04,-1.0,-0.04,0.08,-1.08,0.72,161.0,,,0.0,1.0,0.0,100.0
4300,1,walk,walk,5549,,5549.0,20.0,2.0,6.0,2.0,1.73,-0.01,-0.028,1.155,33.0,28.14,0.0,19.0,0.0,4.0,2.3,0.04,-1.0,-0.05,0.12,-1.08,0.74,161.0,,,0.0,1.0,0.0,100.0
4300,1,walk,walk,5550,,5550.0,20.0,2.0,6.0,2.0,1.73,-0.01,0.033,1.141,33.0,28.14,0.0,19.0,0.0,4.0,2.3,0.04,-1.0,-0.05,0.16,-1.08,0.76,161.0,,,0.0,1.0,0.0,100.0
4320,1,walk,walk,5551,,5551.0,20.0,2.0,6.0,2.0,1.72,-0.01,0.034,1.185,33.0,28.14,0.0,19.0,0.0,4.0,2.29,0.04,-1.0,-0.05,0.21,-1.09,0.78,161.0,,,0.0,1.0,0.0,100.0
4360,1,walk,walk,5552,,5552.0,20.0,2.0,6.0,2.0,1.72,-0.01,0.029,1.156,33.0,28.14,0.0,19.0,0.0,4.0,2.29,0.04,-1.0,-0.05,0.25,-1.09,0.79,161.0,,,0.0,1.0,0.0,100.0
4380,1,walk,walk,5553,,5553.0,20.0,2.0,6.0,2.0,1.72,-0.01,-0.034,1.156,33.0,28.11,0.0,19.0,0.0,4.0,2.28,0.04,-1.0,-0.05,0.29,-1.1,0.79,161.0,,,0.0,1.0,0.0,100.0
4400,1,walk,walk,5554,,5554.0,20.0,2.0,6.0,2.0,1.71,-0.01,-0.057,1.162,33.0,28.11,0.0,19.0,0.0,4.0,2.28,0.04,-1.0,-0.05,0.33,-1.11,0.8,161.0,,,0.0,1.0,0.0,100.0
4420,1,walk,walk,5555,,5555.0,20.0,2.0,6.0,2.0,1.71,-0.01,0.042,1.163,33.0,28.14,0.0,19.0,0.0,4.0,2.27,0.04,-1.0,-0.05,0.36,-1.13,0.8,161.0,,,0.0,1.0,0.0,100.0
4440,1,walk,walk,5556,,5556.0,20.0,2.0,6.0,2.0,1.71,-0.01,-0.056,1.18,33.0,28.11,0.0,19.0,0.0,4.0,2.26,0.04,-1.0,-0.05,0.39,-1.14,0.8,161.0,,,0.0,1.0,0.0,100.0
4440,1,walk,walk,5557,,5557.0,20.0,2.0,6.0,2.0,1.7,-0.01,-0.006,1.18,33.0,28.11,0.0,19.0,0.0,4.0,2.26,0.04,-1.0,-0.05,0.4,-1.15,0.79,161.0,,,0.0,1.0,0.0,100.0
4460,1,walk,walk,5558,,5558.0,20.0,2.0,6.0,2.0,1.7,-0.01,-0.081,1.178,33.0,28.14,0.0,19.0,0.0,4.0,2.25,0.04,-1.0,-0.05,0.41,-1.17,0.79,161.0,,,0.0,1.0,0.0,100.0
4500,1,walk,walk,5559,,5559.0,20.0,2.0,6.0,2.0,1.7,-0.01,-0.042,1.185,33.0,28.14,0.0,19.0,0.0,4.0,2.24,0.04,-1.0,-0.05,0.42,-1.17,0.77,161.0,,,0.0,1.0,0.0,100.0
4500,1,walk,walk,5560,,5560.0,20.0,2.0,6.0,2.0,1.69,-0.01,0.018,1.182,33.0,28.14,0.0,19.0,0.0,4.0,2.24,0.04,-1.0,-0.05,0.42,-1.17,0.75,161.0,,,0.0,1.0,0.0,100.0
4520,1,walk,walk,5561,,5561.0,20.0,2.0,6.0,2.0,1.69,-0.01,0.011,1.179,33.0,28.14,0.0,19.0,0.0,4.0,2.23,0.04,-1.0,-0.05,0.42,-1.17,0.73,161.0,,,0.0,1.0,0.0,100.0
4560,1,walk,walk,5562,,5562.0,20.0,2.0,6.0,2.0,1.69,-0.01,0.023,1.163,33.0,28.14,0.0,19.0,0.0,4.0,2.23,0.04,-1.0,-0.04,0.42,-1.16,0.71,161.0,,,0.0,1.0,0.0,100.0
4580,1,walk,walk,5563,,5563.0,20.0,2.0,6.0,2.0,1.68,-0.01,-0.036,1.189,33.0,28.11,0.0,19.0,0.0,4.0,2.22,0.04,-1.0,-0.04,0.42,-1.14,0.69,161.0,,,0.0,1.0,0.0,100.0
4620,1,walk,walk,5564,,5564.0,20.0,2.0,6.0,2.0,1.68,-0.01,-0.042,1.182,33.0,28.14,0.0,19.0,0.0,4.0,2.22,0.04,-1.0,-0.04,0.42,-1.13,0.67,161.0,,,0.0,1.0,0.0,100.0
4640,1,walk,walk,5565,,5565.0,20.0,2.0,6.0,2.0,1.68,-0.01,-0.005,1.19,33.0,28.11,0.0,19.0,0.0,4.0,2.22,0.04,-1.0,-0.04,0.42,-1.11,0.66,161.0,,,0.0,1.0,0.0,100.0
4660,1,walk,walk,5566,,5566.0,20.0,2.0,6.0,2.0,1.67,-0.01,0.011,1.17,33.0,28.11,0.0,19.0,0.0,4.0,2.21,0.04,-1.0,-0.04,0.41,-1.08,0.65,161.0,,,0.0,1.0,0.0,100.0
4660,1,walk,walk,5567,,5567.0,20.0,2.0,6.0,2.0,1.67,-0.01,0.03,1.177,33.0,28.14,0.0,19.0,0.0,4.0,2.21,0.04,-1.0,-0.04,0.4,-1.06,0.65,161.0,,,0.0,1.0,0.0,100.0
4660,1,walk,walk,5568,,5568.0,20.0,2.0,6.0,2.0,1.67,-0.01,0.017,1.165,33.0,28.14,0.0,19.0,0.0,4.0,2.2,0.04,-1.0,-0.04,0.39,-1.04,0.64,161.0,,,0.0,1.0,0.0,100.0
4680,1,walk,walk,5569,,5569.0,20.0,2.0,6.0,2.0,1.66,-0.01,-0.029,1.145,33.0,28.11,0.0,19.0,0.0,4.0,2.2,0.04,-1.0,-0.04,0.37,-1.02,0.63,161.0,,,0.0,1.0,0.0,100.0
4740,1,walk,walk,5570,,5570.0,20.0,2.0,6.0,2.0,1.66,-0.01,-0.04,1.191,33.0,28.14,0.0,19.0,0.0,4.0,2.19,0.04,-1.0,-0.04,0.36,-0.99,0.62,161.0,,,0.0,1.0,0.0,100.0
4740,1,walk,walk,5571,,5571.0,20.0,2.0,6.0,2.0,1.66,-0.01,0.057,1.168,33.0,28.14,0.0,19.0,0.0,4.0,2.19,0.04,-1.0,-0.04,0.34,-0.98,0.61,161.0,,,0.0,1.0,0.0,100.0
4740,1,walk,walk,5572,,5572.0,20.0,2.0,6.0,2.0,1.66,-0.01,-0.06,1.184,33.0,28.11,0.0,19.0,0.0,4.0,2.19,0.04,-1.0,-0.04,0.33,-0.96,0.6,161.0,,,0.0,1.0,0.0,100.0
4780,1,walk,walk,5573,,5573.0,20.0,2.0,6.0,2.0,1.65,-0.01,0.048,1.166,33.0,28.14,0.0,19.0,0.0,4.0,2.19,0.04,-1.0,-0.04,0.32,-0.95,0.6,161.0,,,0.0,1.0,0.0,100.0
4780,1,walk,walk,5574,,5574.0,20.0,2.0,6.0,2.0,1.65,-0.01,-0.089,1.158,33.0,28.14,0.0,19.0,0.0,4.0,2.19,0.04,-1.0,-0.04,0.31,-0.93,0.6,161.0,,,0.0,1.0,0.0,100.0
4800,1,walk,walk,5575,,5575.0,20.0,2.0,6.0,2.0,1.65,-0.01,0.045,1.154,33.0,28.11,0.0,19.0,0.0,4.0,2.19,0.04,-1.0,-0.04,0.31,-0.92,0.6,161.0,,,0.0,1.0,0.0,100.0
4820,1,walk,walk,5576,,5576.0,20.0,2.0,6.0,2.0,1.65,-0.01,0.062,1.171,33.0,28.11,0.0,19.0,0.0,4.0,2.19,0.04,-1.0,-0.04,0.3,-0.91,0.61,161.0,,,0.0,1.0,0.0,100.0
4840,1,walk,walk,5577,,5577.0,20.0,2.0,6.0,2.0,1.65,-0.01,-0.009,1.164,33.0,28.14,0.0,19.0,0.0,4.0,2.19,0.04,-1.0,-0.04,0.29,-0.9,0.61,161.0,,,0.0,1.0,0.0,100.0
4860,1,walk,walk,5578,,5578.0,20.0,2.0,6.0,2.0,1.65,-0.01,-0.104,1.148,33.0,28.11,0.0,19.0,0.0,4.0,2.19,0.04,-1.0,-0.04,0.28,-0.9,0.62,161.0,,,0.0,1.0,0.0,100.0
4900,1,walk,walk,5579,,5579.0,20.0,2.0,6.0,2.0,1.64,-0.01,-0.01,1.151,33.0,28.14,0.0,19.0,0.0,4.0,2.19,0.04,-1.0,-0.04,0.27,-0.89,0.62,161.0,,,0.0,1.0,0.0,100.0
4900,1,walk,walk,5580,,5580.0,20.0,2.0,6.0,2.0,1.64,-0.01,-0.083,1.162,33.0,28.14,0.0,19.0,0.0,4.0,2.19,0.04,-1.0,-0.04,0.26,-0.88,0.61,161.0,,,0.0,1.0,0.0,100.0
4920,1,walk,walk,5581,,5581.0,20.0,2.0,6.0,2.0,1.64,-0.01,0.003,1.168,33.0,28.14,0.0,19.0,0.0,4.0,2.19,0.04,-1.0,-0.04,0.25,-0.88,0.59,161.0,,,0.0,1.0,0.0,100.0
4940,1,walk,walk,5582,,5582.0,20.0,2.0,6.0,2.0,1.64,-0.01,0.015,1.165,33.0,28.14,0.0,19.0,0.0,4.0,2.19,0.04,-1.0,-0.04,0.24,-0.88,0.57,161.0,,,0.0,1.0,0.0,100.0
4960,1,walk,walk,5583,,5583.0,20.0,2.0,6.0,2.0,1.64,-0.01,0.048,1.137,33.0,28.14,0.0,19.0,0.0,4.0,2.19,0.04,-1.0,-0.04,0.23,-0.88,0.55,161.0,,,0.0,1.0,0.0,100.0
5000,1,walk,walk,5584,,5584.0,20.0,2.0,6.0,2.0,1.64,-0.01,-0.009,1.138,33.0,28.14,0.0,19.0,0.0,4.0,2.19,0.04,-1.0,-0.04,0.22,-0.88,0.52,161.0,,,0.0,1.0,0.0,100.0
5020,1,walk,walk,5585,,5585.0,20.0,2.0,6.0,2.0,1.64,-0.01,-0.015,1.154,33.0,28.14,0.0,19.0,0.0,4.0,2.19,0.04,-1.0,-0.04,0.23,-0.89,0.49,161.0,,,0.0,1.0,0.0,100.0
5040,1,walk,walk,5586,,5586.0,20.0,2.0,6.0,2.0,1.64,-0.01,0.011,1.143,33.0,28.14,0.0,19.0,0.0,4.0,2.19,0.04,-1.0,-0.04,0.24,-0.9,0.47,161.0,,,0.0,1.0,0.0,100.0
5060,1,walk,walk,5587,,5587.0,20.0,2.0,6.0,2.0,1.64,-0.01,-0.006,1.144,33.0,28.14,0.0,19.0,0.0,4.0,2.19,0.04,-1.0,-0.04,0.25,-0.91,0.45,161.0,,,0.0,1.0,0.0,100.0
5060,1,walk,walk,5588,,5588.0,20.0,2.0,6.0,2.0,1.64,-0.01,0.002,1.151,33.0,28.14,0.0,19.0,0.0,4.0,2.19,0.04,-1.0,-0.04,0.27,-0.93,0.43,161.0,,,0.0,1.0,0.0,100.0
5100,1,walk,walk,5589,,5589.0,20.0,2.0,6.0,2.0,1.64,-0.01,0.021,1.14,33.0,28.14,0.0,19.0,0.0,4.0,2.19,0.04,-1.0,-0.04,0.29,-0.95,0.42,161.0,,,0.0,1.0,0.0,100.0
5100,1,walk,walk,5590,,5590.0,20.0,2.0,6.0,2.0,1.64,-0.01,-0.034,1.159,33.0,28.14,0.0,19.0,0.0,4.0,2.2,0.04,-1.0,-0.04,0.31,-0.96,0.41,161.0,,,0.0,1.0,0.0,100.0
5120,1,walk,walk,5591,,5591.0,20.0,2.0,6.0,2.0,1.64,-0.01,-0.023,1.139,33.0,28.14,0.0,19.0,0.0,4.0,2.2,0.04,-1.0,-0.04,0.32,-0.98,0.41,161.0,,,0.0,1.0,0.0,100.0
5140,1,walk,walk,5592,,5592.0,20.0,2.0,6.0,2.0,1.64,-0.01,0.04,1.172,33.0,28.14,0.0,19.0,0.0,4.0,2.21,0.04,-1.0,-0.04,0.34,-0.99,0.42,161.0,,,0.0,1.0,0.0,100.0
5160,1,walk,walk,5593,,5593.0,20.0,2.0,6.0,2.0,1.64,-0.01,0.079,1.139,33.0,28.14,0.0,19.0,0.0,4.0,2.21,0.04,-1.0,-0.04,0.35,-1.0,0.43,161.0,,,0.0,1.0,0.0,100.0
5220,1,walk,walk,5594,,5594.0,20.0,2.0,6.0,2.0,1.64,-0.01,-0.042,1.152,33.0,28.14,0.0,19.0,0.0,4.0,2.22,0.04,-1.0,-0.04,0.35,-1.01,0.45,161.0,,,0.0,1.0,0.0,100.0
5220,1,walk,walk,5595,,5595.0,20.0,2.0,6.0,2.0,1.64,-0.01,0.038,1.15,33.0,28.14,0.0,19.0,0.0,4.0,2.22,0.04,-1.0,-0.04,0.36,-1.01,0.46,161.0,,,0.0,1.0,0.0,100.0
5220,1,walk,walk,5596,,5596.0,20.0,2.0,6.0,2.0,1.64,-0.01,0.093,1.134,33.0,28.14,0.0,19.0,0.0,4.0,2.22,0.04,-1.0,-0.04,0.36,-1.02,0.47,161.0,,,0.0,1.0,0.0,100.0
5260,1,walk,walk,5597,,5597.0,20.0,2.0,6.0,2.0,1.64,-0.01,-0.075,1.16,33.0,28.11,0.0,19.0,0.0,4.0,2.22,0.04,-1.0,-0.04,0.35,-1.02,0.47,161.0,,,0.0,1.0,0.0,100.0
5260,1,walk,walk,5598,,5598.0,20.0,2.0,6.0,2.0,1.64,-0.01,-0.023,1.134,33.0,28.11,0.0,19.0,0.0,4.0,2.23,0.04,-1.0,-0.04,0.34,-1.02,0.46,161.0,,,0.0,1.0,0.0,100.0
5280,1,walk,walk,5599,,5599.0,20.0,2.0,6.0,2.0,1.65,-0.01,-0.032,1.15,33.0,28.14,0.0,19.0,0.0,4.0,2.23,0.04,-1.0,-0.04,0.33,-1.03,0.45,161.0,,,0.0,1.0,0.0,100.0
5300,1,walk,walk,5600,,5600.0,20.0,2.0,6.0,2.0,1.65,-0.01,-0.023,1.136,33.0,28.14,0.0,19.0,0.0,4.0,2.24,0.04,-1.0,-0.04,0.31,-1.04,0.45,161.0,,,0.0,1.0,0.0,100.0
5320,1,walk,walk,5601,,5601.0,20.0,2.0,6.0,2.0,1.65,-0.01,-0.023,1.143,33.0,28.14,0.0,19.0,0.0,4.0,2.25,0.04,-1.0,-0.04,0.28,-1.05,0.46,161.0,,,0.0,1.0,0.0,100.0
5340,1,walk,walk,5602,,5602.0,20.0,2.0,6.0,2.0,1.65,-0.01,-0.032,1.151,33.0,28.11,0.0,19.0,0.0,4.0,2.27,0.04,-1.0,-0.04,0.25,-1.08,0.49,161.0,,,0.0,1.0,0.0,100.0
5380,1,walk,walk,5603,,5603.0,20.0,2.0,6.0,2.0,1.65,-0.01,0.021,1.152,33.0,28.11,0.0,19.0,0.0,4.0,2.28,0.04,-1.0,-0.04,0.21,-1.1,0.53,161.0,,,0.0,1.0,0.0,100.0
5380,1,walk,walk,5604,,5604.0,20.0,2.0,6.0,2.0,1.66,-0.01,-0.079,1.153,33.0,28.14,0.0,19.0,0.0,4.0,2.29,0.04,-1.0,-0.04,0.18,-1.14,0.58,161.0,,,0.0,1.0,0.0,100.0
5400,1,walk,walk,5605,,5605.0,20.0,2.0,6.0,2.0,1.66,-0.01,-0.022,1.147,33.0,28.14,0.0,19.0,0.0,4.0,2.29,0.04,-1.0,-0.04,0.14,-1.17,0.63,161.0,,,0.0,1.0,0.0,100.0
5420,1,walk,walk,5606,,5606.0,20.0,2.0,6.0,2.0,1.66,-0.01,0.037,1.171,33.0,28.14,0.0,19.0,0.0,4.0,2.3,0.04,-1.0,-0.04,0.11,-1.21,0.68,161.0,,,0.0,1.0,0.0,100.0
5440,1,walk,walk,5607,,5607.0,20.0,2.0,6.0,2.0,1.66,-0.01,0.023,1.157,33.0,28.11,0.0,19.0,0.0,4.0,2.3,0.04,-1.0,-0.04,0.09,-1.24,0.73,161.0,,,0.0,1.0,0.0,100.0
5460,1,walk,walk,5608,,5608.0,20.0,2.0,6.0,2.0,1.66,-0.01,-0.05,1.128,33.0,28.14,0.0,19.0,0.0,4.0,2.29,0.04,-1.0,-0.04,0.08,-1.26,0.76,161.0,,,0.0,1.0,0.0,100.0
5500,1,walk,walk,5609,,5609.0,20.0,2.0,6.0,2.0,1.67,-0.01,-0.017,1.149,33.0,28.14,0.0,19.0,0.0,4.0,2.29,0.04,-1.0,-0.04,0.07,-1.26,0.78,161.0,,,0.0,1.0,0.0,100.0
5520,1,walk,walk,5610,,5610.0,20.0,2.0,6.0,2.0,1.67,-0.01,-0.042,1.184,33.0,28.11,0.0,19.0,0.0,4.0,2.28,0.04,-1.0,-0.04,0.07,-1.26,0.79,161.0,,,0.0,1.0,0.0,100.0
5540,1,walk,walk,5611,,5611.0,20.0,2.0,6.0,2.0,1.67,-0.01,-0.009,1.16,33.0,28.14,0.0,19.0,0.0,4.0,2.27,0.04,-1.0,-0.04,0.07,-1.25,0.79,161.0,,,0.0,1.0,0.0,100.0
5560,1,walk,walk,5612,,5612.0,20.0,2.0,6.0,2.0,1.67,-0.01,0.066,1.17,33.0,28.14,0.0,19.0,0.0,4.0,2.26,0.04,-1.0,-0.04,0.08,-1.24,0.79,161.0,,,0.0,1.0,0.0,100.0
5580,1,walk,walk,5613,,5613.0,20.0,2.0,6.0,2.0,1.67,-0.01,-0.048,1.17,33.0,28.14,0.0,19.0,0.0,4.0,2.26,0.04,-1.0,-0.04,0.09,-1.24,0.8,161.0,,,0.0,1.0,0.0,100.0
5580,1,walk,walk,5614,,5614.0,20.0,2.0,6.0,2.0,1.67,-0.01,-0.038,1.178,33.0,28.14,0.0,19.0,0.0,4.0,2.26,0.04,-1.0,-0.04,0.1,-1.24,0.81,161.0,,,0.0,1.0,0.0,100.0
5600,1,walk,walk,5615,,5615.0,20.0,2.0,6.0,2.0,1.67,-0.01,-0.023,1.165,33.0,28.11,0.0,19.0,0.0,4.0,2.26,0.04,-1.0,-0.04,0.12,-1.24,0.82,161.0,,,0.0,1.0,0.0,100.0
5620,1,walk,walk,5616,,5616.0,20.0,2.0,6.0,2.0,1.67,-0.01,0.041,1.169,33.0,28.11,0.0,19.0,0.0,4.0,2.25,0.04,-1.0,-0.04,0.13,-1.24,0.84,161.0,,,0.0,1.0,0.0,100.0
5640,1,walk,walk,5617,,5617.0,20.0,2.0,6.0,2.0,1.67,-0.01,0.007,1.192,33.0,28.14,0.0,19.0,0.0,4.0,2.24,0.04,-1.0,-0.04,0.14,-1.24,0.85,161.0,,,0.0,1.0,0.0,100.0
5660,1,walk,walk,5618,,5618.0,20.0,2.0,6.0,2.0,1.67,-0.01,-0.032,1.191,33.0,28.11,0.0,19.0,0.0,4.0,2.23,0.04,-1.0,-0.04,0.15,-1.24,0.86,161.0,,,0.0,1.0,0.0,100.0
5700,1,walk,walk,5619,,5619.0,20.0,2.0,6.0,2.0,1.66,-0.01,-0.015,1.161,33.0,28.11,0.0,19.0,0.0,4.0,2.22,0.04,-1.0,-0.04,0.16,-1.23,0.85,161.0,,,0.0,1.0,0.0,100.0
5720,1,walk,walk,5620,,5620.0,20.0,2.0,6.0,2.0,1.66,-0.01,-0.077,1.167,33.0,28.14,0.0,19.0,0.0,4.0,2.2,0.04,-1.0,-0.04,0.17,-1.22,0.85,161.0,,,0.0,1.0,0.0,100.0
5740,1,walk,walk,5621,,5621.0,20.0,2.0,6.0,2.0,1.66,-0.01,-0.06,1.189,33.0,28.14,0.0,19.0,0.0,4.0,2.19,0.04,-1.0,-0.04,0.19,-1.21,0.83,161.0,,,0.0,1.0,0.0,100.0
5740,1,walk,walk,5622,,5622.0,20.0,2.0,6.0,2.0,1.66,-0.01,0.009,1.178,33.0,28.14,0.0,19.0,0.0,4.0,2.18,0.04,-1.0,-0.04,0.2,-1.19,0.8,161.0,,,0.0,1.0,0.0,100.0
5780,1,walk,walk,5623,,5623.0,20.0,2.0,6.0,2.0,1.65,-0.01,0.033,1.189,33.0,28.14,0.0,19.0,0.0,4.0,2.17,0.04,-1.0,-0.04,0.21,-1.17,0.77,161.0,,,0.0,1.0,0.0,100.0
5800,1,walk,walk,5624,,5624.0,20.0,2.0,6.0,2.0,1.65,-0.01,-0.089,1.178,33.0,28.11,0.0,19.0,0.0,4.0,2.16,0.04,-1.0,-0.04,0.21,-1.14,0.74,161.0,,,0.0,1.0,0.0,100.0
5800,1,walk,walk,5625,,5625.0,20.0,2.0,6.0,2.0,1.65,-0.01,0.054,1.157,33.0,28.11,0.0,19.0,0.0,4.0,2.15,0.04,-1.0,-0.04,0.22,-1.12,0.7,161.0,,,0.0,1.0,0.0,100.0
5820,1,walk,walk,5626,,5626.0,20.0,2.0,6.0,2.0,1.64,-0.01,-0.01,1.169,33.0,28.14,0.0,19.0,0.0,4.0,2.15,0.04,-1.0,-0.04,0.22,-1.08,0.66,161.0,,,0.0,1.0,0.0,100.0
5880,1,walk,walk,5627,,5627.0,20.0,2.0,6.0,2.0,1.64,-0.01,0.079,1.172,33.0,28.14,0.0,19.0,0.0,4.0,2.15,0.04,-1.0,-0.04,0.23,-1.05,0.62,161.0,,,0.0,1.0,0.0,100.0
5880,1,walk,walk,5628,,5628.0,20.0,2.0,6.0,2.0,1.64,-0.01,0.04,1.193,33.0,28.11,0.0,19.0,0.0,4.0,2.15,0.04,-1.0,-0.04,0.23,-1.01,0.59,161.0,,,0.0,1.0,0.0,100.0
5900,1,walk,walk,5629,,5629.0,20.0,2.0,6.0,2.0,1.63,-0.01,-0.091,1.151,33.0,28.14,0.0,19.0,0.0,4.0,2.16,0.04,-1.0,-0.04,0.24,-0.97,0.56,161.0,,,0.0,1.0,0.0,100.0
5920,1,walk,walk,5630,,5630.0,20.0,2.0,6.0,2.0,1.63,-0.01,0.05,1.169,33.0,28.14,0.0,19.0,0.0,4.0,2.16,0.04,-1.0,-0.04,0.24,-0.94,0.53,161.0,,,0.0,1.0,0.0,100.0
5940,1,walk,walk,5631,,5631.0,20.0,2.0,6.0,2.0,1.62,-0.01,0.085,1.16,33.0,28.11,0.0,19.0,0.0,4.0,2.16,0.04,-1.0,-0.04,0.25,-0.91,0.51,161.0,,,0.0,1.0,0.0,100.0
5960,1,walk,walk,5632,,5632.0,20.0,2.0,6.0,2.0,1.62,-0.01,0.029,1.169,33.0,28.14,0.0,19.0,0.0,4.0,2.17,0.04,-1.0,-0.04,0.25,-0.88,0.49,161.0,,,0.0,1.0,0.0,100.0
5980,1,walk,walk,5633,,5633.0,20.0,2.0,6.0,2.0,1.62,-0.01,0.014,1.164,33.0,28.14,0.0,19.0,0.0,4.0,2.17,0.04,-1.0,-0.04,0.26,-0.87,0.48,161.0,,,0.0,1.0,0.0,100.0
6000,1,walk,walk,5634,,5634.0,20.0,2.0,6.0,2.0,1.62,-0.01,-0.041,1.185,33.0,28.11,0.0,19.0,0.0,4.0,2.18,0.04,-1.0,-0.04,0.26,-0.86,0.48,161.0,,,0.0,1.0,0.0,100.0
6020,1,walk,walk,5635,,5635.0,20.0,2.0,6.0,2.0,1.61,-0.01,-0.006,1.176,33.0,28.14,0.0,19.0,0.0,4.0,2.18,0.04,-1.0,-0.04,0.27,-0.86,0.48,161.0,,,0.0,1.0,0.0,100.0
6020,1,walk,walk,5636,,5636.0,20.0,2.0,6.0,2.0,1.61,-0.01,-0.03,1.15,33.0,28.14,0.0,19.0,0.0,4.0,2.18,0.04,-1.0,-0.04,0.27,-0.87,0.47,161.0,,,0.0,1.0,0.0,100.0
6040,1,walk,walk,5637,,5637.0,20.0,2.0,6.0,2.0,1.61,-0.01,0.025,1.168,33.0,28.14,0.0,19.0,0.0,4.0,2.19,0.04,-1.0,-0.04,0.28,-0.89,0.47,161.0,,,0.0,1.0,0.0,100.0
6060,1,walk,walk,5638,,5638.0,20.0,2.0,6.0,2.0,1.61,-0.01,-0.022,1.163,33.0,28.14,0.0,19.0,0.0,4.0,2.19,0.04,-1.0,-0.04,0.28,-0.91,0.47,161.0,,,0.0,1.0,0.0,100.0
6100,1,walk,walk,5639,,5639.0,20.0,2.0,6.0,2.0,1.61,-0.01,-0.003,1.16,33.0,28.11,0.0,19.0,0.0,4.0,2.2,0.04,-1.0,-0.04,0.29,-0.94,0.46,161.0,,,0.0,1.0,0.0,100.0
6100,1,walk,walk,5640,,5640.0,20.0,2.0,6.0,2.0,1.61,-0.01,-0.011,1.162,33.0,28.14,0.0,19.0,0.0,4.0,2.2,0.04,-1.0,-0.04,0.29,-0.96,0.45,161.0,,,0.0,1.0,0.0,100.0
6120,1,walk,walk,5641,,5641.0,20.0,2.0,6.0,2.0,1.61,-0.01,-0.037,1.142,33.0,28.14,0.0,19.0,0.0,4.0,2.21,0.04,-1.0,-0.04,0.3,-0.97,0.45,161.0,,,0.0,1.0,0.0,100.0
6140,1,walk,walk,5642,,5642.0,20.0,2.0,6.0,2.0,1.61,-0.01,0.049,1.16,33.0,28.11,0.0,19.0,0.0,4.0,2.22,0.04,-1.0,-0.04,0.31,-0.99,0.44,161.0,,,0.0,1.0,0.0,100.0
6180,1,walk,walk,5643,,5643.0,20.0,2.0,6.0,2.0,1.61,-0.01,0.017,1.164,33.0,28.11,0.0,19.0,0.0,4.0,2.23,0.04,-1.0,-0.04,0.31,-1.0,0.44,161.0,,,0.0,1.0,0.0,100.0
6200,1,walk,walk,5644,,5644.0,20.0,2.0,6.0,2.0,1.61,-0.01,0.03,1.149,33.0,28.14,0.0,19.0,0.0,4.0,2.24,0.04,-1.0,-0.04,0.32,-1.01,0.44,161.0,,,0.0,1.0,0.0,100.0
6220,1,walk,walk,5645,,5645.0,20.0,2.0,6.0,2.0,1.61,-0.01,0.002,1.163,33.0,28.14,0.0,19.0,0.0,4.0,2.25,0.04,-1.0,-0.04,0.33,-1.02,0.44,161.0,,,0.0,1.0,0.0,100.0
6220,1,walk,walk,5646,,5646.0,20.0,2.0,6.0,2.0,1.62,-0.01,0.048,1.151,33.0,28.14,0.0,19.0,0.0,4.0,2.26,0.04,-1.0,-0.04,0.34,-1.03,0.44,161.0,,,0.0,1.0,0.0,100.0
6240,1,walk,walk,5647,,5647.0,20.0,2.0,6.0,2.0,1.62,-0.01,-0.033,1.132,33.0,28.14,0.0,19.0,0.0,4.0,2.26,0.04,-1.0,-0.04,0.35,-1.03,0.44,161.0,,,0.0,1.0,0.0,100.0
6260,1,walk,walk,5648,,5648.0,20.0,2.0,6.0,2.0,1.62,-0.01,-0.025,1.148,33.0,28.14,0.0,19.0,0.0,4.0,2.27,0.04,-1.0,-0.04,0.36,-1.03,0.44,161.0,,,0.0,1.0,0.0,100.0
6280,1,walk,walk,5649,,5649.0,20.0,2.0,6.0,2.0,1.62,-0.01,0.08,1.146,33.0,28.14,0.0,19.0,0.0,4.0,2.27,0.04,-1.0,-0.04,0.37,-1.02,0.44,161.0,,,0.0,1.0,0.0,100.0
6300,1,walk,walk,5650,,5650.0,20.0,2.0,6.0,2.0,1.62,-0.01,0.001,1.16,33.0,28.14,0.0,19.0,0.0,4.0,2.27,0.04,-1.0,-0.04,0.38,-1.01,0.44,161.0,,,0.0,1.0,0.0,100.0
6340,1,walk,walk,5651,,5651.0,20.0,2.0,6.0,2.0,1.63,-0.01,-0.01,1.156,33.0,28.11,0.0,19.0,0.0,4.0,2.28,0.04,-1.0,-0.04,0.39,-1.0,0.43,161.0,,,0.0,1.0,0.0,100.0
6340,1,walk,walk,5652,,5652.0,20.0,2.0,6.0,2.0,1.63,-0.01,-0.014,1.139,33.0,28.14,0.0,19.0,0.0,4.0,2.28,0.04,-1.0,-0.04,0.4,-0.98,0.43,161.0,,,0.0,1.0,0.0,100.0
6360,1,walk,walk,5653,,5653.0,20.0,2.0,6.0,2.0,1.63,-0.01,-0.018,1.158,33.0,28.14,0.0,19.0,0.0,4.0,2.28,0.04,-1.0,-0.04,0.4,-0.96,0.43,161.0,,,0.0,1.0,0.0,100.0
6380,1,walk,walk,5654,,5654.0,20.0,2.0,6.0,2.0,1.64,-0.01,0.007,1.14,33.0,28.14,0.0,19.0,0.0,4.0,2.28,0.04,-1.0,-0.04,0.41,-0.94,0.43,161.0,,,0.0,1.0,0.0,100.0
6400,1,walk,walk,5655,,5655.0,20.0,2.0,6.0,2.0,1.64,-0.01,0.105,1.131,33.0,28.14,0.0,19.0,0.0,4.0,2.28,0.04,-1.0,-0.04,0.41,-0.92,0.43,161.0,,,0.0,1.0,0.0,100.0
6420,1,walk,walk,5656,,5656.0,20.0,2.0,6.0,2.0,1.64,-0.01,0.066,1.154,33.0,28.14,0.0,19.0,0.0,4.0,2.29,0.04,-1.0,-0.04,0.4,-0.91,0.43,161.0,,,0.0,1.0,0.0,100.0
6440,1,walk,walk,5657,,5657.0,20.0,2.0,6.0,2.0,1.65,-0.01,-0.066,1.14,33.0,28.14,0.0,19.0,0.0,4.0,2.29,0.04,-1.0,-0.04,0.4,-0.89,0.44,161.0,,,0.0,1.0,0.0,100.0
6460,1,walk,walk,5658,,5658.0,20.0,2.0,6.0,2.0,1.65,-0.01,-0.015,1.129,33.0,28.11,0.0,19.0,0.0,4.0,2.3,0.04,-1.0,-0.04,0.4,-0.88,0.45,161.0,,,0.0,1.0,0.0,100.0
6480,1,walk,walk,5659,,5659.0,20.0,2.0,6.0,2.0,1.65,-0.01,-0.066,1.142,33.0,28.14,0.0,19.0,0.0,4.0,2.3,0.04,-1.0,-0.04,0.4,-0.87,0.47,161.0,,,0.0,1.0,0.0,100.0
6520,1,walk,walk,5660,,5660.0,20.0,2.0,6.0,2.0,1.66,-0.01,-0.036,1.143,33.0,28.11,0.0,19.0,0.0,4.0,2.3,0.04,-1.0,-0.04,0.4,-0.86,0.49,161.0,,,0.0,1.0,0.0,100.0
6540,1,walk,walk,5661,,5661.0,20.0,2.0,6.0,2.0,1.66,-0.01,0.038,1.133,33.0,28.14,0.0,19.0,0.0,4.0,2.31,0.04,-1.0,-0.04,0.41,-0.86,0.51,161.0,,,0.0,1.0,0.0,100.0
6540,1,walk,walk,5662,,5662.0,20.0,2.0,6.0,2.0,1.66,-0.01,0.058,1.145,33.0,28.14,0.0,19.0,0.0,4.0,2.3,0.04,-1.0,-0.04,0.42,-0.85,0.53,161.0,,,0.0,1.0,0.0,100.0
6580,1,walk,walk,5663,,5663.0,20.0,2.0,6.0,2.0,1.67,-0.01,-0.029,1.135,33.0,28.11,0.0,19.0,0.0,4.0,2.3,0.04,-1.0,-0.04,0.44,-0.85,0.55,161.0,,,0.0,1.0,0.0,100.0
6580,1,walk,walk,5664,,5664.0,20.0,2.0,6.0,2.0,1.67,-0.01,-0.01,1.145,33.0,28.14,0.0,19.0,0.0,4.0,2.3,0.04,-1.0,-0.04,0.45,-0.85,0.57,161.0,,,0.0,1.0,0.0,100.0
6600,1,walk,walk,5665,,5665.0,20.0,2.0,6.0,2.0,1.67,-0.01,-0.022,1.138,33.0,28.11,0.0,19.0,0.0,4.0,2.29,0.04,-1.0,-0.04,0.47,-0.85,0.58,161.0,,,0.0,1.0,0.0,100.0
6640,1,walk,walk,5666,,5666.0,20.0,2.0,6.0,2.0,1.68,-0.01,0.002,1.137,33.0,28.14,0.0,19.0,0.0,4.0,2.29,0.04,-1.0,-0.04,0.48,-0.86,0.58,161.0,,,0.0,1.0,0.0,100.0
6680,1,walk,walk,5667,,5667.0,20.0,2.0,6.0,2.0,1.68,-0.01,0.014,1.115,33.0,28.14,0.0,19.0,0.0,4.0,2.28,0.04,-1.0,-0.04,0.49,-0.86,0.57,161.0,,,0.0,1.0,0.0,100.0
6680,1,walk,walk,5668,,5668.0,20.0,2.0,6.0,2.0,1.68,-0.01,-0.03,1.141,33.0,28.11,0.0,19.0,0.0,4.0,2.28,0.04,-1.0,-0.04,0.5,-0.87,0.56,161.0,,,0.0,1.0,0.0,100.0
6700,1,walk,walk,5669,,5669.0,20.0,2.0,6.0,2.0,1.69,-0.009,0.085,1.126,33.0,28.11,0.0,19.0,0.0,4.0,2.28,0.04,-1.0,-0.04,0.5,-0.87,0.55,161.0,,,0.0,1.0,0.0,100.0
6700,1,walk,walk,5670,,5670.0,20.0,2.0,6.0,2.0,1.69,-0.01,-0.045,1.123,33.0,28.14,0.0,19.0,0.0,4.0,2.28,0.04,-1.0,-0.04,0.5,-0.88,0.55,161.0,,,0.0,1.0,0.0,100.0
6720,1,walk,walk,5671,,5671.0,20.0,2.0,6.0,2.0,1.69,-0.009,0.092,1.118,33.0,28.14,0.0,19.0,0.0,4.0,2.28,0.04,-1.0,-0.04,0.51,-0.88,0.54,161.0,,,0.0,1.0,0.0,100.0
6740,1,walk,walk,5672,,5672.0,20.0,2.0,6.0,2.0,1.69,-0.01,0.022,1.13,33.0,28.14,0.0,19.0,0.0,4.0,2.29,0.04,-1.0,-0.04,0.51,-0.88,0.54,161.0,,,0.0,1.0,0.0,100.0
6760,1,walk,walk,5673,,5673.0,20.0,2.0,6.0,2.0,1.69,-0.009,0.017,1.123,33.0,28.14,0.0,19.0,0.0,4.0,2.29,0.04,-1.0,-0.04,0.51,-0.88,0.53,161.0,,,0.0,1.0,0.0,100.0
6780,1,walk,walk,5674,,5674.0,20.0,2.0,6.0,2.0,1.7,-0.009,0.068,1.091,33.0,28.14,0.0,19.0,0.0,4.0,2.29,0.04,-1.0,-0.04,0.51,-0.87,0.51,161.0,,,0.0,1.0,0.0,100.0
6800,1,walk,walk,5675,,5675.0,20.0,2.0,6.0,2.0,1.7,-0.009,-0.053,1.108,33.0,28.14,0.0,19.0,0.0,4.0,2.29,0.04,-1.0,-0.04,0.5,-0.85,0.49,161.0,,,0.0,1.0,0.0,100.0
6840,1,walk,walk,5676,,5676.0,20.0,2.0,6.0,2.0,1.7,-0.009,-0.022,1.087,33.0,28.14,0.0,19.0,0.0,4.0,2.29,0.04,-1.0,-0.04,0.5,-0.84,0.47,161.0,,,0.0,1.0,0.0,100.0
6860,1,walk,walk,5677,,5677.0,20.0,2.0,6.0,2.0,1.7,-0.009,0.052,1.129,33.0,28.14,0.0,19.0,0.0,4.0,2.3,0.04,-1.0,-0.04,0.49,-0.83,0.44,161.0,,,0.0,1.0,0.0,100.0
6880,1,walk,walk,5678,,5678.0,20.0,2.0,6.0,2.0,1.7,-0.009,0.109,1.099,33.0,28.11,0.0,19.0,0.0,4.0,2.3,0.04,-1.0,-0.04,0.49,-0.83,0.41,161.0,,,0.0,1.0,0.0,100.0
6880,1,walk,walk,5679,,5679.0,20.0,2.0,6.0,2.0,1.7,-0.009,0.021,1.085,33.0,28.14,0.0,19.0,0.0,4.0,2.31,0.04,-1.0,-0.04,0.49,-0.82,0.38,161.0,,,0.0,1.0,0.0,100.0
6900,1,walk,walk,5680,,5680.0,20.0,2.0,6.0,2.0,1.7,-0.009,-0.034,1.092,33.0,28.14,0.0,19.0,0.0,4.0,2.31,0.04,-1.0,-0.04,0.48,-0.82,0.36,161.0,,,0.0,1.0,0.0,100.0
6940,1,walk,walk,5681,,5681.0,20.0,2.0,6.0,2.0,1.71,-0.009,-0.061,1.099,33.0,28.11,0.0,19.0,0.0,4.0,2.32,0.04,-1.0,-0.04,0.48,-0.82,0.34,161.0,,,0.0,1.0,0.0,100.0
6960,1,walk,walk,5682,,5682.0,20.0,2.0,6.0,2.0,1.71,-0.009,-0.019,1.088,33.0,28.14,0.0,19.0,0.0,4.0,2.33,0.04,-1.0,-0.04,0.47,-0.82,0.33,161.0,,,0.0,1.0,0.0,100.0
6960,1,walk,walk,5683,,5683.0,20.0,2.0,6.0,2.0,1.71,-0.009,-0.001,1.089,33.0,28.11,0.0,19.0,0.0,4.0,2.34,0.04,-1.0,-0.04,0.45,-0.83,0.32,161.0,,,0.0,1.0,0.0,100.0
7020,1,walk,walk,5684,,5684.0,20.0,2.0,6.0,2.0,1.71,-0.009,0.065,1.082,33.0,28.14,0.0,19.0,0.0,4.0,2.34,0.04,-1.0,-0.04,0.44,-0.83,0.32,161.0,,,0.0,1.0,0.0,100.0
7020,1,walk,walk,5685,,5685.0,20.0,2.0,6.0,2.0,1.71,-0.009,-0.001,1.094,33.0,28.14,0.0,19.0,0.0,4.0,2.35,0.04,-1.0,-0.04,0.43,-0.84,0.32,161.0,,,0.0,1.0,0.0,100.0
7020,1,walk,walk,5686,,5686.0,20.0,2.0,6.0,2.0,1.72,-0.009,-0.032,1.057,33.0,28.14,0.0,19.0,0.0,4.0,2.35,0.04,-1.0,-0.04,0.42,-0.86,0.33,161.0,,,0.0,1.0,0.0,100.0
7060,1,walk,walk,5687,,5687.0,20.0,2.0,6.0,2.0,1.72,-0.009,0.052,1.074,33.0,28.14,0.0,19.0,0.0,4.0,2.35,0.04,-1.0,-0.04,0.41,-0.87,0.34,161.0,,,0.0,1.0,0.0,100.0
7080,1,walk,walk,5688,,5688.0,20.0,2.0,6.0,2.0,1.72,-0.009,-0.04,1.071,33.0,28.14,0.0,19.0,0.0,4.0,2.35,0.04,-1.0,-0.04,0.39,-0.89,0.35,161.0,,,0.0,1.0,0.0,100.0
7080,1,walk,walk,5689,,5689.0,20.0,2.0,6.0,2.0,1.73,-0.009,0.011,1.07,33.0,28.14,0.0,19.0,0.0,4.0,2.35,0.04,-1.0,-0.04,0.37,-0.91,0.36,161.0,,,0.0,1.0,0.0,100.0
7100,1,walk,walk,5690,,5690.0,20.0,2.0,6.0,2.0,1.73,-0.009,-0.026,1.073,33.0,28.14,0.0,19.0,0.0,4.0,2.36,0.04,-1.0,-0.04,0.34,-0.92,0.37,161.0,,,0.0,1.0,0.0,100.0
7120,1,walk,walk,5691,,5691.0,20.0,2.0,6.0,2.0,1.74,-0.009,-0.061,1.079,33.0,28.14,0.0,19.0,0.0,4.0,2.36,0.04,-1.0,-0.04,0.31,-0.93,0.37,161.0,,,0.0,1.0,0.0,100.0
7140,1,walk,walk,5692,,5692.0,20.0,2.0,6.0,2.0,1.74,-0.009,-0.092,1.058,33.0,28.14,0.0,19.0,0.0,4.0,2.36,0.04,-1.0,-0.04,0.27,-0.94,0.38,161.0,,,0.0,1.0,0.0,100.0
7200,1,walk,walk,5693,,5693.0,20.0,2.0,6.0,2.0,1.75,-0.009,0.036,1.074,33.0,28.11,0.0,19.0,0.0,4.0,2.37,0.04,-1.0,-0.04,0.24,-0.95,0.4,161.0,,,0.0,1.0,0.0,100.0
7220,1,walk,walk,5694,,5694.0,20.0,2.0,6.0,2.0,1.75,-0.009,0.033,1.065,33.0,28.14,0.0,19.0,0.0,4.0,2.37,0.04,-1.0,-0.04,0.2,-0.95,0.42,161.0,,,0.0,1.0,0.0,100.0
7220,1,walk,walk,5695,,5695.0,20.0,2.0,6.0,2.0,1.75,-0.009,-0.03,1.063,33.0,28.14,0.0,19.0,0.0,4.0,2.38,0.04,-1.0,-0.04,0.17,-0.96,0.44,161.0,,,0.0,1.0,0.0,100.0
7240,1,walk,walk,5696,,5696.0,20.0,2.0,6.0,2.0,1.76,-0.009,-0.037,1.055,33.0,28.14,0.0,19.0,0.0,4.0,2.39,0.04,-1.0,-0.04,0.13,-0.98,0.47,161.0,,,0.0,1.0,0.0,100.0
7240,1,walk,walk,5697,,5697.0,20.0,2.0,6.0,2.0,1.76,-0.009,-0.033,1.065,33.0,28.14,0.0,19.0,0.0,4.0,2.39,0.04,-1.0,-0.04,0.11,-0.99,0.5,161.0,,,0.0,1.0,0.0,100.0
7260,1,walk,walk,5698,,5698.0,20.0,2.0,6.0,2.0,1.77,-0.009,-0.013,1.074,33.0,28.14,0.0,19.0,0.0,4.0,2.39,0.04,-1.0,-0.04,0.09,-1.0,0.52,161.0,,,0.0,1.0,0.0,100.0
7280,1,walk,walk,5699,,5699.0,20.0,2.0,6.0,2.0,1.77,-0.009,-0.038,1.073,33.0,28.14,0.0,19.0,0.0,4.0,2.39,0.04,-1.0,-0.04,0.07,-1.01,0.54,161.0,,,0.0,1.0,0.0,100.0
7320,1,walk,walk,5700,,5700.0,20.0,2.0,6.0,2.0,1.78,-0.009,-0.029,1.073,33.0,28.14,0.0,19.0,0.0,4.0,2.39,0.04,-1.0,-0.04,0.05,-1.02,0.55,161.0,,,0.0,1.0,0.0,100.0
7340,1,walk,walk,5701,,5701.0,20.0,2.0,6.0,2.0,1.78,-0.009,-0.052,1.066,33.0,28.14,0.0,19.0,0.0,4.0,2.39,0.04,-1.0,-0.04,0.04,-1.03,0.57,161.0,,,0.0,1.0,0.0,100.0
7340,1,walk,walk,5702,,5702.0,20.0,2.0,6.0,2.0,1.78,-0.009,-0.057,1.054,33.0,28.14,0.0,19.0,0.0,4.0,2.39,0.04,-1.0,-0.04,0.04,-1.03,0.57,161.0,,,0.0,1.0,0.0,100.0
7380,1,walk,walk,5703,,5703.0,20.0,2.0,6.0,2.0,1.79,-0.009,-0.041,1.074,33.0,28.14,0.0,19.0,0.0,4.0,2.38,0.04,-1.0,-0.04,0.04,-1.03,0.58,161.0,,,0.0,1.0,0.0,100.0
7380,1,walk,walk,5704,,5704.0,20.0,2.0,6.0,2.0,1.79,-0.009,0.005,1.073,33.0,28.14,0.0,19.0,0.0,4.0,2.38,0.04,-1.0,-0.04,0.04,-1.03,0.58,161.0,,,0.0,1.0,0.0,100.0
7400,1,walk,walk,5705,,5705.0,20.0,2.0,6.0,2.0,1.79,-0.009,-0.033,1.051,33.0,28.14,0.0,19.0,0.0,4.0,2.38,0.04,-1.0,-0.04,0.05,-1.02,0.57,161.0,,,0.0,1.0,0.0,100.0
7420,1,walk,walk,5706,,5706.0,20.0,2.0,6.0,2.0,1.79,-0.009,0.045,1.054,33.0,28.14,0.0,19.0,0.0,4.0,2.37,0.04,-1.0,-0.04,0.07,-1.01,0.55,161.0,,,0.0,1.0,0.0,100.0
7440,1,walk,walk,5707,,5707.0,20.0,2.0,6.0,2.0,1.8,-0.009,-0.05,1.056,33.0,28.14,0.0,19.0,0.0,4.0,2.37,0.04,-1.0,-0.04,0.09,-1.0,0.53,161.0,,,0.0,1.0,0.0,100.0
7500,1,walk,walk,5708,,5708.0,20.0,2.0,6.0,2.0,1.8,-0.009,-0.04,1.059,33.0,28.14,0.0,19.0,0.0,4.0,2.37,0.04,-1.0,-0.04,0.11,-0.98,0.51,161.0,,,0.0,1.0,0.0,100.0
7500,1,walk,walk,5709,,5709.0,20.0,2.0,6.0,2.0,1.8,-0.009,0.022,1.068,33.0,28.14,0.0,19.0,0.0,4.0,2.37,0.04,-1.0,-0.04,0.14,-0.97,0.49,161.0,,,0.0,1.0,0.0,100.0
7500,1,walk,walk,5710,,5710.0,20.0,2.0,6.0,2.0,1.8,-0.009,-0.021,1.064,33.0,28.14,0.0,19.0,0.0,4.0,2.37,0.04,-1.0,-0.04,0.18,-0.96,0.47,161.0,,,0.0,1.0,0.0,100.0
7540,1,walk,walk,5711,,5711.0,20.0,2.0,6.0,2.0,1.8,-0.009,0.062,1.04,33.0,28.14,0.0,19.0,0.0,4.0,2.37,0.04,-1.0,-0.04,0.21,-0.95,0.47,161.0,,,0.0,1.0,0.0,100.0
7540,1,walk,walk,5712,,5712.0,20.0,2.0,6.0,2.0,1.8,-0.009,0.038,1.057,33.0,28.11,0.0,19.0,0.0,4.0,2.38,0.04,-1.0,-0.04,0.25,-0.95,0.47,161.0,,,0.0,1.0,0.0,100.0
7560,1,walk,walk,5713,,5713.0,20.0,2.0,6.0,2.0,1.81,-0.009,-0.056,1.065,33.0,28.14,0.0,19.0,0.0,4.0,2.38,0.04,-1.0,-0.04,0.28,-0.95,0.47,161.0,,,0.0,1.0,0.0,100.0
7600,1,walk,walk,5714,,5714.0,20.0,2.0,6.0,2.0,1.81,-0.009,-0.005,1.065,33.0,28.14,0.0,19.0,0.0,4.0,2.38,0.04,-1.0,-0.04,0.31,-0.95,0.48,161.0,,,0.0,1.0,0.0,100.0
7640,1,walk,walk,5715,,5715.0,20.0,2.0,6.0,2.0,1.81,-0.009,0.03,1.06,33.0,28.14,0.0,19.0,0.0,4.0,2.38,0.04,-1.0,-0.04,0.34,-0.95,0.49,161.0,,,0.0,1.0,0.0,100.0
7640,1,walk,walk,5716,,5716.0,20.0,2.0,6.0,2.0,1.81,-0.009,-0.042,1.032,33.0,28.14,0.0,19.0,0.0,4.0,2.38,0.04,-1.0,-0.04,0.37,-0.96,0.5,161.0,,,0.0,1.0,0.0,100.0
7660,1,walk,walk,5717,,5717.0,20.0,2.0,6.0,2.0,1.81,-0.009,0.025,1.047,33.0,28.14,0.0,19.0,0.0,4.0,2.39,0.04,-1.0,-0.04,0.39,-0.96,0.5,161.0,,,0.0,1.0,0.0,100.0
7660,1,walk,walk,5718,,5718.0,20.0,2.0,6.0,2.0,1.81,-0.009,0.053,1.065,33.0,28.14,0.0,19.0,0.0,4.0,2.39,0.04,-1.0,-0.04,0.41,-0.97,0.51,161.0,,,0.0,1.0,0.0,100.0
7680,1,walk,walk,5719,,5719.0,20.0,2.0,6.0,2.0,1.81,-0.009,-0.025,1.046,33.0,28.14,0.0,19.0,0.0,4.0,2.39,0.04,-1.0,-0.04,0.42,-0.98,0.51,161.0,,,0.0,1.0,0.0,100.0
7700,1,walk,walk,5720,,5720.0,20.0,2.0,6.0,2.0,1.82,-0.009,-0.091,1.028,33.0,28.14,0.0,19.0,0.0,4.0,2.4,0.04,-1.0,-0.04,0.42,-0.99,0.51,161.0,,,0.0,1.0,0.0,100.0
7720,1,walk,walk,5721,,5721.0,20.0,2.0,6.0,2.0,1.82,-0.009,-0.077,1.057,33.0,28.14,0.0,19.0,0.0,4.0,2.4,0.04,-1.0,-0.04,0.43,-1.0,0.5,161.0,,,0.0,1.0,0.0,100.0
7740,1,walk,walk,5722,,5722.0,20.0,2.0,6.0,2.0,1.82,-0.009,-0.08,1.064,33.0,28.14,0.0,19.0,0.0,4.0,2.41,0.04,-1.0,-0.04,0.42,-1.01,0.51,161.0,,,0.0,1.0,0.0,100.0
7780,1,walk,walk,5723,,5723.0,20.0,2.0,6.0,2.0,1.82,-0.009,0.01,1.058,33.0,28.14,0.0,19.0,0.0,4.0,2.41,0.04,-1.0,-0.04,0.41,-1.01,0.51,161.0,,,0.0,1.0,0.0,100.0
7800,1,walk,walk,5724,,5724.0,20.0,2.0,6.0,2.0,1.82,-0.009,-0.026,1.048,33.0,28.14,0.0,19.0,0.0,4.0,2.42,0.04,-1.0,-0.04,0.4,-1.02,0.52,161.0,,,0.0,1.0,0.0,100.0
7820,1,walk,walk,5725,,5725.0,20.0,2.0,6.0,2.0,1.82,-0.009,0.002,1.052,33.0,28.14,0.0,19.0,0.0,4.0,2.43,0.04,-1.0,-0.04,0.39,-1.03,0.54,161.0,,,0.0,1.0,0.0,100.0
7820,1,walk,walk,5726,,5726.0,20.0,2.0,6.0,2.0,1.82,-0.009,0.052,1.08,33.0,28.14,0.0,19.0,0.0,4.0,2.44,0.04,-1.0,-0.04,0.37,-1.04,0.57,161.0,,,0.0,1.0,0.0,100.0
7840,1,walk,walk,5727,,5727.0,20.0,2.0,6.0,2.0,1.83,-0.009,-0.014,1.092,33.0,28.14,0.0,19.0,0.0,4.0,2.44,0.04,-1.0,-0.04,0.35,-1.06,0.6,161.0,,,0.0,1.0,0.0,100.0
7860,1,walk,walk,5728,,5728.0,20.0,2.0,6.0,2.0,1.83,-0.009,0.046,1.079,33.0,28.14,0.0,19.0,0.0,4.0,2.45,0.04,-1.0,-0.04,0.33,-1.07,0.64,161.0,,,0.0,1.0,0.0,100.0
7900,1,walk,walk,5729,,5729.0,20.0,2.0,6.0,2.0,1.83,-0.009,-0.018,1.064,33.0,28.14,0.0,19.0,0.0,4.0,2.45,0.04,-1.0,-0.04,0.32,-1.08,0.68,161.0,,,0.0,1.0,0.0,100.0
7900,1,walk,walk,5730,,5730.0,20.0,2.0,6.0,2.0,1.83,-0.009,-0.006,1.08,33.0,28.14,0.0,19.0,0.0,4.0,2.45,0.04,-1.0,-0.04,0.32,-1.1,0.71,161.0,,,0.0,1.0,0.0,100.0
7920,1,walk,walk,5731,,5731.0,20.0,2.0,6.0,2.0,1.83,-0.009,0.023,1.054,33.0,28.11,0.0,19.0,0.0,4.0,2.44,0.04,-1.0,-0.04,0.32,-1.11,0.74,161.0,,,0.0,1.0,0.0,100.0
7960,1,walk,walk,5732,,5732.0,20.0,2.0,6.0,2.0,1.83,-0.009,-0.023,1.054,33.0,28.14,0.0,19.0,0.0,4.0,2.44,0.04,-1.0,-0.04,0.33,-1.12,0.76,161.0,,,0.0,1.0,0.0,100.0
7980,1,walk,walk,5733,,5733.0,20.0,2.0,6.0,2.0,1.83,-0.009,-0.005,1.049,33.0,28.14,0.0,19.0,0.0,4.0,2.43,0.04,-1.0,-0.04,0.35,-1.14,0.76,161.0,,,0.0,1.0,0.0,100.0
8020,1,walk,walk,5734,,5734.0,20.0,2.0,6.0,2.0,1.83,-0.009,-0.038,1.073,33.0,28.14,0.0,19.0,0.0,4.0,2.43,0.04,-1.0,-0.04,0.38,-1.15,0.76,161.0,,,0.0,1.0,0.0,100.0
8020,1,walk,walk,5735,,5735.0,20.0,2.0,6.0,2.0,1.83,-0.009,0.116,1.073,33.0,28.14,0.0,19.0,0.0,4.0,2.42,0.04,-1.0,-0.04,0.41,-1.16,0.75,161.0,,,0.0,1.0,0.0,100.0
8020,1,walk,walk,5736,,5736.0,20.0,2.0,6.0,2.0,1.83,-0.009,-0.032,1.062,33.0,28.14,0.0,19.0,0.0,4.0,2.42,0.04,-1.0,-0.04,0.45,-1.16,0.73,161.0,,,0.0,1.0,0.0,100.0
8040,1,walk,walk,5737,,5737.0,20.0,2.0,6.0,2.0,1.83,-0.009,0.041,1.071,33.0,28.14,0.0,19.0,0.0,4.0,2.41,0.04,-1.0,-0.04,0.49,-1.17,0.71,161.0,,,0.0,1.0,0.0,100.0
8060,1,walk,walk,5738,,5738.0,20.0,2.0,6.0,2.0,1.83,-0.009,0.038,1.074,33.0,28.14,0.0,19.0,0.0,4.0,2.41,0.04,-1.0,-0.04,0.53,-1.16,0.69,161.0,,,0.0,1.0,0.0,100.0
8080,1,walk,walk,5739,,5739.0,20.0,2.0,6.0,2.0,1.83,-0.009,0.037,1.066,33.0,28.14,0.0,19.0,0.0,4.0,2.41,0.04,-1.0,-0.04,0.56,-1.16,0.66,161.0,,,0.0,1.0,0.0,100.0
8100,1,walk,walk,5740,,5740.0,20.0,2.0,6.0,2.0,1.83,-0.009,-0.005,1.054,33.0,28.14,0.0,19.0,0.0,4.0,2.41,0.04,-1.0,-0.04,0.59,-1.16,0.64,161.0,,,0.0,1.0,0.0,100.0
8140,1,walk,walk,5741,,5741.0,20.0,2.0,6.0,2.0,1.83,-0.009,-0.113,1.046,33.0,28.14,0.0,19.0,0.0,4.0,2.41,0.04,-1.0,-0.04,0.6,-1.15,0.61,161.0,,,0.0,1.0,0.0,100.0
8180,1,walk,walk,5742,,5742.0,20.0,2.0,6.0,2.0,1.83,-0.009,0.056,1.091,33.0,28.14,0.0,19.0,0.0,4.0,2.41,0.04,-1.0,-0.04,0.61,-1.15,0.58,161.0,,,0.0,1.0,0.0,100.0
8180,1,walk,walk,5743,,5743.0,20.0,2.0,6.0,2.0,1.83,-0.009,0.037,1.067,33.0,28.14,0.0,19.0,0.0,4.0,2.42,0.04,-1.0,-0.04,0.62,-1.14,0.55,161.0,,,0.0,1.0,0.0,100.0
8200,1,walk,walk,5744,,5744.0,20.0,2.0,6.0,2.0,1.83,-0.009,-0.041,1.05,33.0,28.14,0.0,19.0,0.0,4.0,2.42,0.04,-1.0,-0.04,0.61,-1.13,0.52,161.0,,,0.0,1.0,0.0,100.0
8200,1,walk,walk,5745,,5745.0,20.0,2.0,6.0,2.0,1.82,-0.009,0.091,1.054,33.0,28.14,0.0,19.0,0.0,4.0,2.43,0.04,-1.0,-0.04,0.61,-1.12,0.5,161.0,,,0.0,1.0,0.0,100.0
8240,1,walk,walk,5746,,5746.0,20.0,2.0,6.0,2.0,1.82,-0.009,-0.018,1.06,33.0,28.14,0.0,19.0,0.0,4.0,2.44,0.04,-1.0,-0.04,0.59,-1.12,0.48,161.0,,,0.0,1.0,0.0,100.0
8280,1,walk,walk,5747,,5747.0,20.0,2.0,6.0,2.0,1.82,-0.009,-0.042,1.079,33.0,28.14,0.0,19.0,0.0,4.0,2.44,0.04,-1.0,-0.04,0.58,-1.11,0.46,161.0,,,0.0,1.0,0.0,100.0
8280,1,walk,walk,5748,,5748.0,20.0,2.0,6.0,2.0,1.82,-0.009,-0.019,1.05,33.0,28.14,0.0,19.0,0.0,4.0,2.45,0.04,-1.0,-0.04,0.56,-1.11,0.45,161.0,,,0.0,1.0,0.0,100.0
8280,1,walk,walk,5749,,5749.0,20.0,2.0,6.0,2.0,1.82,-0.009,-0.073,1.048,33.0,28.14,0.0,19.0,0.0,4.0,2.45,0.04,-1.0,-0.04,0.54,-1.09,0.44,161.0,,,0.0,1.0,0.0,100.0
8320,1,walk,walk,5750,,5750.0,20.0,2.0,6.0,2.0,1.82,-0.009,-0.01,1.054,33.0,28.14,0.0,19.0,0.0,4.0,2.45,0.04,-1.0,-0.04,0.52,-1.08,0.43,161.0,,,0.0,1.0,0.0,100.0
8340,1,walk,walk,5751,,5751.0,20.0,2.0,6.0,2.0,1.82,-0.009,0.073,1.064,33.0,28.14,0.0,19.0,0.0,4.0,2.45,0.04,-1.0,-0.04,0.5,-1.07,0.42,161.0,,,0.0,1.0,0.0,100.0
8360,1,walk,walk,5752,,5752.0,20.0,2.0,6.0,2.0,1.82,-0.009,-0.007,1.086,33.0,28.14,0.0,19.0,0.0,4.0,2.46,0.04,-1.0,-0.04,0.47,-1.06,0.41,161.0,,,0.0,1.0,0.0,100.0
8360,1,walk,walk,5753,,5753.0,20.0,2.0,6.0,2.0,1.82,-0.009,-0.032,1.065,33.0,28.14,0.0,19.0,0.0,4.0,2.46,0.04,-1.0,-0.04,0.45,-1.05,0.41,161.0,,,0.0,1.0,0.0,100.0
8380,1,walk,walk,5754,,5754.0,20.0,2.0,6.0,2.0,1.83,-0.009,0.049,1.075,33.0,28.14,0.0,19.0,0.0,4.0,2.47,0.04,-1.0,-0.04,0.42,-1.04,0.42,161.0,,,0.0,1.0,0.0,100.0
8400,1,walk,walk,5755,,5755.0,20.0,2.0,6.0,2.0,1.83,-0.009,-0.075,1.065,33.0,28.14,0.0,19.0,0.0,4.0,2.47,0.04,-1.0,-0.04,0.4,-1.03,0.44,161.0,,,0.0,1.0,0.0,100.0
8420,1,walk,walk,5756,,5756.0,20.0,2.0,6.0,2.0,1.83,-0.009,-0.06,1.065,33.0,28.14,0.0,19.0,0.0,4.0,2.47,0.04,-1.0,-0.04,0.36,-1.03,0.46,161.0,,,0.0,1.0,0.0,100.0
8460,1,walk,walk,5757,,5757.0,20.0,2.0,6.0,2.0,1.83,-0.009,0.015,1.074,33.0,28.14,0.0,19.0,0.0,4.0,2.47,0.04,-1.0,-0.04,0.33,-1.04,0.48,161.0,,,0.0,1.0,0.0,100.0
8460,1,walk,walk,5758,,5758.0,20.0,2.0,6.0,2.0,1.83,-0.009,-0.033,1.077,33.0,28.14,0.0,19.0,0.0,4.0,2.47,0.04,-1.0,-0.04,0.3,-1.05,0.5,161.0,,,0.0,1.0,0.0,100.0
8480,1,walk,walk,5759,,5759.0,20.0,2.0,6.0,2.0,1.84,-0.009,-0.001,1.085,33.0,28.14,0.0,19.0,0.0,4.0,2.47,0.04,-1.0,-0.04,0.26,-1.05,0.52,161.0,,,0.0,1.0,0.0,100.0
8520,1,walk,walk,5760,,5760.0,20.0,2.0,6.0,2.0,1.84,-0.009,0.057,1.082,33.0,28.14,0.0,19.0,0.0,4.0,2.47,0.04,-1.0,-0.04,0.22,-1.06,0.53,161.0,,,0.0,1.0,0.0,100.0
8540,1,walk,walk,5761,,5761.0,20.0,2.0,6.0,2.0,1.84,-0.009,0.011,1.087,33.0,28.14,0.0,19.0,0.0,4.0,2.46,0.04,-1.0,-0.04,0.18,-1.07,0.54,161.0,,,0.0,1.0,0.0,100.0
8560,1,walk,walk,5762,,5762.0,20.0,2.0,6.0,2.0,1.85,-0.009,0.066,1.083,33.0,28.14,0.0,19.0,0.0,4.0,2.46,0.04,-1.0,-0.04,0.14,-1.08,0.55,161.0,,,0.0,1.0,0.0,100.0
8560,1,walk,walk,5763,,5763.0,20.0,2.0,6.0,2.0,1.85,-0.009,0.049,1.062,33.0,28.14,0.0,19.0,0.0,4.0,2.47,0.04,-1.0,-0.04,0.11,-1.1,0.56,161.0,,,0.0,1.0,0.0,100.0
8580,1,walk,walk,5764,,5764.0,20.0,2.0,6.0,2.0,1.85,-0.009,0.018,1.087,33.0,28.14,0.0,19.0,0.0,4.0,2.47,0.04,-1.0,-0.04,0.07,-1.11,0.58,161.0,,,0.0,1.0,0.0,100.0
8600,1,walk,walk,5765,,5765.0,20.0,2.0,6.0,2.0,1.85,-0.009,-0.036,1.125,33.0,28.14,0.0,19.0,0.0,4.0,2.47,0.04,-1.0,-0.04,0.05,-1.13,0.61,161.0,,,0.0,1.0,0.0,100.0
8620,1,walk,walk,5766,,5766.0,20.0,2.0,6.0,2.0,1.86,-0.009,0.058,1.092,33.0,28.11,0.0,19.0,0.0,4.0,2.47,0.04,-1.0,-0.04,0.02,-1.14,0.64,161.0,,,0.0,1.0,0.0,100.0
8640,1,walk,walk,5767,,5767.0,20.0,2.0,6.0,2.0,1.86,-0.009,0.038,1.127,33.0,28.14,0.0,19.0,0.0,4.0,2.47,0.04,-1.0,-0.04,0.0,-1.16,0.67,161.0,,,0.0,1.0,0.0,100.0
8700,1,walk,walk,5768,,5768.0,20.0,2.0,6.0,2.0,1.86,-0.009,0.069,1.109,33.0,28.14,0.0,19.0,0.0,4.0,2.47,0.04,-1.0,-0.04,-0.02,-1.18,0.7,161.0,,,0.0,1.0,0.0,100.0
8700,1,walk,walk,5769,,5769.0,20.0,2.0,6.0,2.0,1.86,-0.009,0.037,1.099,33.0,28.11,0.0,19.0,0.0,4.0,2.47,0.04,-1.0,-0.04,-0.03,-1.19,0.73,161.0,,,0.0,1.0,0.0,100.0
8700,1,walk,walk,5770,,5770.0,20.0,2.0,6.0,2.0,1.86,-0.009,-0.064,1.101,33.0,28.11,0.0,19.0,0.0,4.0,2.46,0.04,-1.0,-0.04,-0.05,-1.21,0.76,161.0,,,0.0,1.0,0.0,100.0
8720,1,walk,walk,5771,,5771.0,20.0,2.0,6.0,2.0,1.87,-0.009,0.041,1.096,33.0,28.14,0.0,19.0,0.0,4.0,2.46,0.04,-1.0,-0.04,-0.05,-1.22,0.79,161.0,,,0.0,1.0,0.0,100.0
8760,1,walk,walk,5772,,5772.0,20.0,2.0,6.0,2.0,1.87,-0.009,-0.054,1.105,33.0,28.14,0.0,19.0,0.0,4.0,2.46,0.04,-1.0,-0.04,-0.06,-1.23,0.82,161.0,,,0.0,1.0,0.0,100.0
8800,1,walk,walk,5773,,5773.0,20.0,2.0,6.0,2.0,1.87,-0.009,-0.006,1.112,33.0,28.14,0.0,19.0,0.0,4.0,2.46,0.04,-1.0,-0.04,-0.05,-1.23,0.84,161.0,,,0.0,1.0,0.0,100.0
8800,1,walk,walk,5774,,5774.0,20.0,2.0,6.0,2.0,1.87,-0.009,0.014,1.094,33.0,28.14,0.0,19.0,0.0,4.0,2.45,0.04,-1.0,-0.04,-0.03,-1.23,0.86,161.0,,,0.0,1.0,0.0,100.0
8820,1,walk,walk,5775,,5775.0,20.0,2.0,6.0,2.0,1.87,-0.009,-0.023,1.107,33.0,28.14,0.0,19.0,0.0,4.0,2.44,0.04,-1.0,-0.04,0.0,-1.23,0.87,161.0,,,0.0,1.0,0.0,100.0
8840,1,walk,walk,5776,,5776.0,20.0,2.0,6.0,2.0,1.87,-0.009,0.015,1.102,33.0,28.14,0.0,19.0,0.0,4.0,2.43,0.04,-1.0,-0.04,0.03,-1.22,0.88,161.0,,,0.0,1.0,0.0,100.0
8860,1,walk,walk,5777,,5777.0,20.0,2.0,6.0,2.0,1.86,-0.009,0.076,1.127,33.0,28.11,0.0,19.0,0.0,4.0,2.43,0.04,-1.0,-0.04,0.08,-1.21,0.87,161.0,,,0.0,1.0,0.0,100.0
8860,1,walk,walk,5778,,5778.0,20.0,2.0,6.0,2.0,1.86,-0.009,-0.009,1.1,33.0,28.14,0.0,19.0,0.0,4.0,2.42,0.04,-1.0,-0.04,0.13,-1.19,0.86,161.0,,,0.0,1.0,0.0,100.0
8880,1,walk,walk,5779,,5779.0,20.0,2.0,6.0,2.0,1.86,-0.009,-0.007,1.107,33.0,28.14,0.0,19.0,0.0,4.0,2.42,0.04,-1.0,-0.04,0.18,-1.17,0.84,161.0,,,0.0,1.0,0.0,100.0
8900,1,walk,walk,5780,,5780.0,20.0,2.0,6.0,2.0,1.86,-0.009,0.002,1.113,33.0,28.14,0.0,19.0,0.0,4.0,2.42,0.04,-1.0,-0.04,0.23,-1.16,0.83,161.0,,,0.0,1.0,0.0,100.0
8920,1,walk,walk,5781,,5781.0,20.0,2.0,6.0,2.0,1.85,-0.009,-0.052,1.104,33.0,28.14,0.0,19.0,0.0,4.0,2.42,0.04,-1.0,-0.04,0.28,-1.14,0.82,161.0,,,0.0,1.0,0.0,100.0
8940,1,walk,walk,5782,,5782.0,20.0,2.0,6.0,2.0,1.85,-0.009,0.028,1.103,33.0,28.14,0.0,19.0,0.0,4.0,2.42,0.04,-1.0,-0.04,0.32,-1.13,0.82,161.0,,,0.0,1.0,0.0,100.0
8980,1,walk,walk,5783,,5783.0,20.0,2.0,6.0,2.0,1.85,-0.009,0.007,1.097,33.0,28.14,0.0,19.0,0.0,4.0,2.42,0.04,-1.0,-0.04,0.36,-1.12,0.81,161.0,,,0.0,1.0,0.0,100.0
9020,1,walk,walk,5784,,5784.0,20.0,2.0,6.0,2.0,1.84,-0.009,-0.038,1.102,33.0,28.14,0.0,19.0,0.0,4.0,2.41,0.04,-1.0,-0.04,0.39,-1.11,0.8,161.0,,,0.0,1.0,0.0,100.0
9020,1,walk,walk,5785,,5785.0,20.0,2.0,6.0,2.0,1.84,-0.009,-0.088,1.106,33.0,28.14,0.0,19.0,0.0,4.0,2.41,0.04,-1.0,-0.04,0.42,-1.09,0.79,161.0,,,0.0,1.0,0.0,100.0
9040,1,walk,walk,5786,,5786.0,20.0,2.0,6.0,2.0,1.84,-0.009,-0.077,1.119,33.0,28.14,0.0,19.0,0.0,4.0,2.4,0.04,-1.0,-0.04,0.44,-1.08,0.77,161.0,,,0.0,1.0,0.0,100.0
9040,1,walk,walk,5787,,5787.0,20.0,2.0,6.0,2.0,1.83,-0.009,0.069,1.089,33.0,28.14,0.0,19.0,0.0,4.0,2.4,0.04,-1.0,-0.04,0.45,-1.07,0.76,161.0,,,0.0,1.0,0.0,100.0
9060,1,walk,walk,5788,,5788.0,20.0,2.0,6.0,2.0,1.83,-0.009,-0.099,1.095,33.0,28.14,0.0,19.0,0.0,4.0,2.39,0.04,-1.0,-0.04,0.45,-1.06,0.74,161.0,,,0.0,1.0,0.0,100.0
9100,1,walk,walk,5789,,5789.0,20.0,2.0,6.0,2.0,1.83,-0.009,-0.034,1.117,33.0,28.11,0.0,19.0,0.0,4.0,2.39,0.04,-1.0,-0.04,0.44,-1.06,0.74,161.0,,,0.0,1.0,0.0,100.0
9100,1,walk,walk,5790,,5790.0,20.0,2.0,6.0,2.0,1.82,-0.009,0.019,1.105,33.0,28.14,0.0,19.0,0.0,4.0,2.38,0.04,-1.0,-0.04,0.43,-1.06,0.74,161.0,,,0.0,1.0,0.0,100.0
9120,1,walk,walk,5791,,5791.0,20.0,2.0,6.0,2.0,1.82,-0.009,-0.002,1.087,33.0,28.14,0.0,19.0,0.0,4.0,2.37,0.04,-1.0,-0.04,0.41,-1.06,0.74,161.0,,,0.0,1.0,0.0,100.0
9180,1,walk,walk,5792,,5792.0,20.0,2.0,6.0,2.0,1.81,-0.009,0.05,1.112,33.0,28.14,0.0,19.0,0.0,4.0,2.36,0.04,-1.0,-0.04,0.39,-1.06,0.74,161.0,,,0.0,1.0,0.0,100.0
9180,1,walk,walk,5793,,5793.0,20.0,2.0,6.0,2.0,1.81,-0.009,0.013,1.107,33.0,28.11,0.0,19.0,0.0,4.0,2.36,0.04,-1.0,-0.04,0.38,-1.07,0.74,161.0,,,0.0,1.0,0.0,100.0
9180,1,walk,walk,5794,,5794.0,20.0,2.0,6.0,2.0,1.81,-0.009,0.045,1.099,33.0,28.14,0.0,19.0,0.0,4.0,2.35,0.04,-1.0,-0.04,0.36,-1.08,0.75,161.0,,,0.0,1.0,0.0,100.0
9200,1,walk,walk,5795,,5795.0,20.0,2.0,6.0,2.0,1.8,-0.009,0.009,1.11,33.0,28.14,0.0,19.0,0.0,4.0,2.35,0.04,-1.0,-0.04,0.36,-1.08,0.75,161.0,,,0.0,1.0,0.0,100.0
9220,1,walk,walk,5796,,5796.0,20.0,2.0,6.0,2.0,1.8,-0.009,0.049,1.107,33.0,28.11,0.0,19.0,0.0,4.0,2.35,0.04,-1.0,-0.04,0.35,-1.09,0.76,161.0,,,0.0,1.0,0.0,100.0
9240,1,walk,walk,5797,,5797.0,20.0,2.0,6.0,2.0,1.8,-0.009,0.003,1.106,33.0,28.14,0.0,19.0,0.0,4.0,2.35,0.04,-1.0,-0.04,0.36,-1.1,0.77,161.0,,,0.0,1.0,0.0,100.0
9260,1,walk,walk,5798,,5798.0,20.0,2.0,6.0,2.0,1.79,-0.009,0.018,1.106,33.0,28.14,0.0,19.0,0.0,4.0,2.34,0.04,-1.0,-0.04,0.36,-1.11,0.77,161.0,,,0.0,1.0,0.0,100.0
9300,1,walk,walk,5799,,5799.0,20.0,2.0,6.0,2.0,1.79,-0.009,-0.042,1.104,33.0,28.14,0.0,19.0,0.0,4.0,2.34,0.04,-1.0,-0.04,0.36,-1.12,0.78,161.0,,,0.0,1.0,0.0,100.0
9320,1,walk,walk,5800,,5800.0,20.0,2.0,6.0,2.0,1.79,-0.009,-0.006,1.103,33.0,28.14,0.0,19.0,0.0,4.0,2.33,0.04,-1.0,-0.04,0.36,-1.13,0.78,161.0,,,0.0,1.0,0.0,100.0
9360,1,walk,walk,5801,,5801.0,20.0,2.0,6.0,2.0,1.78,-0.009,0.002,1.109,32.0,28.14,0.0,19.0,0.0,4.0,2.33,0.04,-1.0,-0.04,0.35,-1.14,0.77,161.0,,,0.0,1.0,0.0,100.0
9360,1,walk,walk,5802,,5802.0,20.0,2.0,6.0,2.0,1.78,-0.009,-0.018,1.111,33.0,28.11,0.0,19.0,0.0,4.0,2.32,0.04,-1.0,-0.04,0.34,-1.15,0.76,161.0,,,0.0,1.0,0.0,100.0
9360,1,walk,walk,5803,,5803.0,20.0,2.0,6.0,2.0,1.78,-0.009,0.022,1.094,32.0,28.14,0.0,19.0,0.0,4.0,2.31,0.04,-1.0,-0.04,0.33,-1.16,0.74,161.0,,,0.0,1.0,0.0,100.0
9380,1,walk,walk,5804,,5804.0,20.0,2.0,6.0,2.0,1.77,-0.009,0.021,1.112,32.0,28.14,0.0,19.0,0.0,4.0,2.31,0.04,-1.0,-0.04,0.31,-1.16,0.72,161.0,,,0.0,1.0,0.0,100.0
9420,1,walk,walk,5805,,5805.0,20.0,2.0,6.0,2.0,1.77,-0.009,-0.079,1.094,33.0,28.14,0.0,19.0,0.0,4.0,2.31,0.04,-1.0,-0.04,0.3,-1.16,0.69,161.0,,,0.0,1.0,0.0,100.0
9420,1,walk,walk,5806,,5806.0,20.0,2.0,6.0,2.0,1.77,-0.009,-0.072,1.087,32.0,28.14,0.0,19.0,0.0,4.0,2.31,0.04,-1.0,-0.04,0.28,-1.15,0.67,161.0,,,0.0,1.0,0.0,100.0
9440,1,walk,walk,5807,,5807.0,20.0,2.0,6.0,2.0,1.76,-0.009,-0.081,1.123,32.0,28.14,0.0,19.0,0.0,4.0,2.32,0.04,-1.0,-0.04,0.26,-1.14,0.65,161.0,,,0.0,1.0,0.0,100.0
9460,1,walk,walk,5808,,5808.0,20.0,2.0,6.0,2.0,1.76,-0.009,-0.003,1.105,32.0,28.14,0.0,19.0,0.0,4.0,2.32,0.04,-1.0,-0.04,0.24,-1.14,0.64,161.0,,,0.0,1.0,0.0,100.0
9480,1,walk,walk,5809,,5809.0,20.0,2.0,6.0,2.0,1.76,-0.009,0.019,1.093,32.0,28.14,0.0,19.0,0.0,4.0,2.33,0.04,-1.0,-0.04,0.23,-1.13,0.64,161.0,,,0.0,1.0,0.0,100.0
9520,1,walk,walk,5810,,5810.0,20.0,2.0,6.0,2.0,1.76,-0.009,-0.048,1.101,32.0,28.14,0.0,19.0,0.0,4.0,2.33,0.04,-1.0,-0.04,0.22,-1.12,0.65,161.0,,,0.0,1.0,0.0,100.0
9520,1,walk,walk,5811,,5811.0,20.0,2.0,6.0,2.0,1.75,-0.009,-0.006,1.105,33.0,28.14,0.0,19.0,0.0,4.0,2.33,0.04,-1.0,-0.04,0.22,-1.11,0.66,161.0,,,0.0,1.0,0.0,100.0
9560,1,walk,walk,5812,,5812.0,20.0,2.0,6.0,2.0,1.75,-0.009,-0.07,1.119,32.0,28.14,0.0,19.0,0.0,4.0,2.33,0.04,-1.0,-0.04,0.23,-1.1,0.68,161.0,,,0.0,1.0,0.0,100.0
9580,1,walk,walk,5813,,5813.0,20.0,2.0,6.0,2.0,1.75,-0.009,0.101,1.12,32.0,28.14,0.0,19.0,0.0,4.0,2.32,0.04,-1.0,-0.04,0.24,-1.09,0.69,161.0,,,0.0,1.0,0.0,100.0
9580,1,walk,walk,5814,,5814.0,20.0,2.0,6.0,2.0,1.75,-0.009,0.029,1.11,32.0,28.14,0.0,19.0,0.0,4.0,2.32,0.04,-1.0,-0.04,0.27,-1.07,0.7,161.0,,,0.0,1.0,0.0,100.0
9600,1,walk,walk,5815,,5815.0,20.0,2.0,6.0,2.0,1.74,-0.009,-0.045,1.105,32.0,28.14,0.0,19.0,0.0,4.0,2.31,0.04,-1.0,-0.04,0.29,-1.06,0.69,161.0,,,0.0,1.0,0.0,100.0
9620,1,walk,walk,5816,,5816.0,20.0,2.0,6.0,2.0,1.74,-0.009,0.044,1.098,32.0,28.14,0.0,19.0,0.0,4.0,2.3,0.04,-1.0,-0.04,0.32,-1.05,0.68,161.0,,,0.0,1.0,0.0,100.0
9660,1,walk,walk,5817,,5817.0,20.0,2.0,6.0,2.0,1.74,-0.009,-0.076,1.096,32.0,28.14,0.0,19.0,0.0,4.0,2.29,0.04,-1.0,-0.04,0.34,-1.04,0.67,161.0,,,0.0,1.0,0.0,100.0
9680,1,walk,walk,5818,,5818.0,20.0,2.0,6.0,2.0,1.74,-0.009,0.023,1.118,32.0,28.14,0.0,19.0,0.0,4.0,2.29,0.04,-1.0,-0.04,0.36,-1.04,0.65,161.0,,,0.0,1.0,0.0,100.0
9680,1,walk,walk,5819,,5819.0,20.0,2.0,6.0,2.0,1.74,-0.009,0.029,1.133,32.0,28.14,0.0,19.0,0.0,4.0,2.29,0.04,-1.0,-0.04,0.37,-1.03,0.64,161.0,,,0.0,1.0,0.0,100.0
9700,1,walk,walk,5820,,5820.0,20.0,2.0,6.0,2.0,1.73,-0.009,0.033,1.119,32.0,28.14,0.0,19.0,0.0,4.0,2.29,0.04,-1.0,-0.04,0.37,-1.04,0.64,161.0,,,0.0,1.0,0.0,100.0
9720,1,walk,walk,5821,,5821.0,20.0,2.0,6.0,2.0,1.73,-0.009,0.029,1.109,32.0,28.14,0.0,19.0,0.0,4.0,2.29,0.04,-1.0,-0.04,0.36,-1.04,0.64,161.0,,,0.0,1.0,0.0,100.0
9740,1,walk,walk,5822,,5822.0,20.0,2.0,6.0,2.0,1.73,-0.009,-0.025,1.099,32.0,28.14,0.0,19.0,0.0,4.0,2.29,0.04,-1.0,-0.04,0.35,-1.04,0.64,161.0,,,0.0,1.0,0.0,100.0
9760,1,walk,walk,5823,,5823.0,20.0,2.0,6.0,2.0,1.73,-0.009,0.018,1.102,32.0,28.14,0.0,19.0,0.0,4.0,2.29,0.04,-1.0,-0.04,0.34,-1.04,0.64,161.0,,,0.0,1.0,0.0,100.0
9780,1,walk,walk,5824,,5824.0,20.0,2.0,6.0,2.0,1.73,-0.009,0.044,1.114,32.0,28.14,0.0,19.0,0.0,4.0,2.29,0.04,-1.0,-0.04,0.32,-1.04,0.64,161.0,,,0.0,1.0,0.0,100.0
9820,1,walk,walk,5825,,5825.0,20.0,2.0,6.0,2.0,1.73,-0.009,-0.019,1.105,32.0,28.11,0.0,19.0,0.0,4.0,2.29,0.04,-1.0,-0.04,0.31,-1.04,0.64,161.0,,,0.0,1.0,0.0,100.0
9820,1,walk,walk,5826,,5826.0,20.0,2.0,6.0,2.0,1.72,-0.009,-0.014,1.105,32.0,28.14,0.0,19.0,0.0,4.0,2.29,0.04,-1.0,-0.04,0.3,-1.04,0.64,161.0,,,0.0,1.0,0.0,100.0
9840,1,walk,walk,5827,,5827.0,20.0,2.0,6.0,2.0,1.72,-0.009,-0.033,1.108,32.0,28.14,0.0,19.0,0.0,4.0,2.29,0.04,-1.0,-0.04,0.3,-1.06,0.64,161.0,,,0.0,1.0,0.0,100.0
9860,1,walk,walk,5828,,5828.0,20.0,2.0,6.0,2.0,1.72,-0.009,-0.096,1.113,32.0,28.14,0.0,19.0,0.0,4.0,2.29,0.04,-1.0,-0.04,0.29,-1.08,0.63,161.0,,,0.0,1.0,0.0,100.0
9880,1,walk,walk,5829,,5829.0,20.0,2.0,6.0,2.0,1.72,-0.009,0.042,1.114,32.0,28.14,0.0,19.0,0.0,4.0,2.3,0.04,-1.0,-0.04,0.29,-1.09,0.62,161.0,,,0.0,1.0,0.0,100.0
9900,1,walk,walk,5830,,5830.0,20.0,2.0,6.0,2.0,1.72,-0.009,0.022,1.111,32.0,28.14,0.0,19.0,0.0,4.0,2.3,0.04,-1.0,-0.04,0.29,-1.09,0.61,161.0,,,0.0,1.0,0.0,100.0
9920,1,walk,walk,5831,,5831.0,20.0,2.0,6.0,2.0,1.72,-0.009,-0.087,1.124,32.0,28.14,0.0,19.0,0.0,4.0,2.3,0.04,-1.0,-0.04,0.29,-1.08,0.6,161.0,,,0.0,1.0,0.0,100.0
9940,1,walk,walk,5832,,5832.0,20.0,2.0,6.0,2.0,1.72,-0.009,0.025,1.103,32.0,28.14,0.0,19.0,0.0,4.0,2.31,0.04,-1.0,-0.04,0.29,-1.07,0.6,161.0,,,0.0,1.0,0.0,100.0
9960,1,walk,walk,5833,,5833.0,20.0,2.0,6.0,2.0,1.72,-0.009,-0.001,1.091,32.0,28.14,0.0,19.0,0.0,4.0,2.31,0.04,-1.0,-0.04,0.28,-1.06,0.6,161.0,,,0.0,1.0,0.0,100.0
10000,1,walk,walk,5834,,5834.0,20.0,2.0,6.0,2.0,1.71,-0.009,0.025,1.101,32.0,28.14,0.0,19.0,0.0,4.0,2.31,0.04,-1.0,-0.04,0.28,-1.05,0.6,161.0,,,0.0,1.0,0.0,100.0
10000,1,walk,walk,5835,,5835.0,20.0,2.0,6.0,2.0,1.71,-0.009,-0.03,1.077,32.0,28.14,0.0,19.0,0.0,4.0,2.32,0.04,-1.0,-0.04,0.28,-1.04,0.59,161.0,,,0.0,1.0,0.0,100.0
10020,1,walk,walk,5836,,5836.0,20.0,2.0,6.0,2.0,1.71,-0.009,0.032,1.106,32.0,28.14,0.0,19.0,0.0,4.0,2.31,0.04,-1.0,-0.04,0.28,-1.03,0.58,161.0,,,0.0,1.0,0.0,100.0
10060,1,walk,walk,5837,,5837.0,20.0,2.0,6.0,2.0,1.71,-0.009,0.036,1.091,32.0,28.14,0.0,19.0,0.0,4.0,2.31,0.04,-1.0,-0.04,0.28,-1.02,0.56,161.0,,,0.0,1.0,0.0,100.0
10080,1,walk,walk,5838,,5838.0,20.0,2.0,6.0,2.0,1.71,-0.009,-0.077,1.103,32.0,28.14,0.0,19.0,0.0,4.0,2.31,0.04,-1.0,-0.04,0.29,-1.0,0.55,161.0,,,0.0,1.0,0.0,100.0
10100,1,walk,walk,5839,,5839.0,20.0,2.0,6.0,2.0,1.71,-0.009,-0.022,1.098,32.0,28.14,0.0,19.0,0.0,4.0,2.32,0.04,-1.0,-0.04,0.3,-0.99,0.54,161.0,,,0.0,1.0,0.0,100.0
10120,1,walk,walk,5840,,5840.0,20.0,2.0,6.0,2.0,1.71,-0.009,-0.005,1.097,32.0,28.14,0.0,19.0,0.0,4.0,2.32,0.04,-1.0,-0.04,0.32,-0.98,0.53,161.0,,,0.0,1.0,0.0,100.0
10140,1,walk,walk,5841,,5841.0,20.0,2.0,6.0,2.0,1.71,-0.009,0.036,1.103,32.0,28.14,0.0,19.0,0.0,4.0,2.32,0.04,-1.0,-0.04,0.34,-0.98,0.53,161.0,,,0.0,1.0,0.0,100.0
10180,1,walk,walk,5842,,5842.0,20.0,2.0,6.0,2.0,1.71,-0.009,-0.017,1.103,32.0,28.11,0.0,19.0,0.0,4.0,2.33,0.04,-1.0,-0.04,0.35,-0.99,0.53,161.0,,,0.0,1.0,0.0,100.0
10180,1,walk,walk,5843,,5843.0,20.0,2.0,6.0,2.0,1.71,-0.009,-0.115,1.085,32.0,28.11,0.0,19.0,0.0,4.0,2.33,0.04,-1.0,-0.04,0.37,-0.99,0.54,161.0,,,0.0,1.0,0.0,100.0
10180,1,walk,walk,5844,,5844.0,20.0,2.0,6.0,2.0,1.71,-0.009,0.03,1.108,32.0,28.14,0.0,19.0,0.0,4.0,2.34,0.04,-1.0,-0.04,0.39,-1.0,0.55,161.0,,,0.0,1.0,0.0,100.0
10200,1,walk,walk,5845,,5845.0,20.0,2.0,6.0,2.0,1.71,-0.009,-0.04,1.109,32.0,28.11,0.0,19.0,0.0,4.0,2.34,0.04,-1.0,-0.04,0.41,-1.01,0.55,161.0,,,0.0,1.0,0.0,100.0
10240,1,walk,walk,5846,,5846.0,20.0,2.0,6.0,2.0,1.71,-0.009,-0.025,1.094,32.0,28.11,0.0,19.0,0.0,4.0,2.34,0.04,-1.0,-0.04,0.43,-1.01,0.56,161.0,,,0.0,1.0,0.0,100.0
10240,1,walk,walk,5847,,5847.0,20.0,2.0,6.0,2.0,1.71,-0.009,0.015,1.096,32.0,28.14,0.0,19.0,0.0,4.0,2.34,0.04,-1.0,-0.04,0.44,-1.02,0.56,161.0,,,0.0,1.0,0.0,100.0
10260,1,walk,walk,5848,,5848.0,20.0,2.0,6.0,2.0,1.72,-0.009,-0.044,1.097,32.0,28.14,0.0,19.0,0.0,4.0,2.34,0.04,-1.0,-0.04,0.45,-1.02,0.57,161.0,,,0.0,1.0,0.0,100.0
10320,1,walk,walk,5849,,5849.0,20.0,2.0,6.0,2.0,1.72,-0.009,0.046,1.095,32.0,28.11,0.0,19.0,0.0,4.0,2.34,0.04,-1.0,-0.04,0.46,-1.02,0.57,161.0,,,0.0,1.0,0.0,100.0
10320,1,walk,walk,5850,,5850.0,20.0,2.0,6.0,2.0,1.72,-0.009,0.068,1.103,32.0,28.14,0.0,19.0,0.0,4.0,2.34,0.04,-1.0,-0.04,0.45,-1.02,0.58,161.0,,,0.0,1.0,0.0,100.0
10340,1,walk,walk,5851,,5851.0,20.0,2.0,6.0,2.0,1.72,-0.009,-0.019,1.104,32.0,28.14,0.0,19.0,0.0,4.0,2.34,0.04,-1.0,-0.04,0.44,-1.03,0.58,161.0,,,0.0,1.0,0.0,100.0
10360,1,walk,walk,5852,,5852.0,20.0,2.0,6.0,2.0,1.72,-0.009,0.075,1.093,32.0,28.14,0.0,19.0,0.0,4.0,2.34,0.04,-1.0,-0.04,0.43,-1.03,0.6,161.0,,,0.0,1.0,0.0,100.0
10380,1,walk,walk,5853,,5853.0,20.0,2.0,6.0,2.0,1.72,-0.009,0.011,1.116,32.0,28.14,0.0,19.0,0.0,4.0,2.35,0.04,-1.0,-0.04,0.42,-1.04,0.61,161.0,,,0.0,1.0,0.0,100.0
10380,1,walk,walk,5854,,5854.0,20.0,2.0,6.0,2.0,1.72,-0.009,0.029,1.119,32.0,28.14,0.0,19.0,0.0,4.0,2.35,0.04,-1.0,-0.04,0.41,-1.04,0.63,161.0,,,0.0,1.0,0.0,100.0
10420,1,walk,walk,5855,,5855.0,20.0,2.0,6.0,2.0,1.72,-0.009,-0.003,1.108,32.0,28.11,0.0,19.0,0.0,4.0,2.35,0.04,-1.0,-0.04,0.4,-1.06,0.64,161.0,,,0.0,1.0,0.0,100.0
10420,1,walk,walk,5856,,5856.0,20.0,2.0,6.0,2.0,1.72,-0.009,-0.052,1.084,32.0,28.14,0.0,19.0,0.0,4.0,2.35,0.04,-1.0,-0.04,0.39,-1.07,0.66,161.0,,,0.0,1.0,0.0,100.0
10440,1,walk,walk,5857,,5857.0,20.0,2.0,6.0,2.0,1.73,-0.009,0.023,1.086,32.0,28.14,0.0,19.0,0.0,4.0,2.35,0.04,-1.0,-0.04,0.38,-1.08,0.67,161.0,,,0.0,1.0,0.0,100.0
10480,1,walk,walk,5858,,5858.0,20.0,2.0,6.0,2.0,1.73,-0.009,0.018,1.106,32.0,28.14,0.0,19.0,0.0,4.0,2.34,0.04,-1.0,-0.04,0.37,-1.08,0.68,161.0,,,0.0,1.0,0.0,100.0
10480,1,walk,walk,5859,,5859.0,20.0,2.0,6.0,2.0,1.73,-0.009,-0.104,1.097,32.0,28.14,0.0,19.0,0.0,4.0,2.34,0.04,-1.0,-0.04,0.37,-1.07,0.69,161.0,,,0.0,1.0,0.0,100.0
10500,1,walk,walk,5860,,5860.0,20.0,2.0,6.0,2.0,1.73,-0.009,-0.04,1.104,32.0,28.14,0.0,19.0,0.0,4.0,2.34,0.04,-1.0,-0.04,0.37,-1.07,0.69,161.0,,,0.0,1.0,0.0,100.0
10520,1,walk,walk,5861,,5861.0,20.0,2.0,6.0,2.0,1.73,-0.009,-0.06,1.089,32.0,28.11,0.0,19.0,0.0,4.0,2.34,0.04,-1.0,-0.04,0.37,-1.06,0.68,161.0,,,0.0,1.0,0.0,100.0
10540,1,walk,walk,5862,,5862.0,20.0,2.0,6.0,2.0,1.73,-0.01,-0.091,1.088,32.0,28.14,0.0,19.0,0.0,4.0,2.34,0.04,-1.0,-0.04,0.37,-1.04,0.68,161.0,,,0.0,1.0,0.0,100.0
10560,1,walk,walk,5863,,5863.0,20.0,2.0,6.0,2.0,1.73,-0.009,-0.03,1.102,32.0,28.11,0.0,19.0,0.0,4.0,2.34,0.04,-1.0,-0.04,0.37,-1.03,0.67,161.0,,,0.0,1.0,0.0,100.0
10580,1,walk,walk,5864,,5864.0,20.0,2.0,6.0,2.0,1.73,-0.009,-0.028,1.114,32.0,28.14,0.0,19.0,0.0,4.0,2.34,0.04,-1.0,-0.04,0.37,-1.01,0.67,161.0,,,0.0,1.0,0.0,100.0
10620,1,walk,walk,5865,,5865.0,20.0,2.0,6.0,2.0,1.73,-0.009,0.005,1.12,32.0,28.14,0.0,19.0,0.0,4.0,2.33,0.04,-1.0,-0.04,0.36,-1.0,0.66,161.0,,,0.0,1.0,0.0,100.0
10640,1,walk,walk,5866,,5866.0,20.0,2.0,6.0,2.0,1.73,-0.009,0.01,1.087,32.0,28.14,0.0,19.0,0.0,4.0,2.33,0.04,-1.0,-0.04,0.36,-0.98,0.65,161.0,,,0.0,1.0,0.0,100.0
10640,1,walk,walk,5867,,5867.0,20.0,2.0,6.0,2.0,1.73,-0.009,0.005,1.098,32.0,28.14,0.0,19.0,0.0,4.0,2.33,0.04,-1.0,-0.04,0.35,-0.96,0.64,161.0,,,0.0,1.0,0.0,100.0
10660,1,walk,walk,5868,,5868.0,20.0,2.0,6.0,2.0,1.73,-0.009,-0.132,1.103,32.0,28.14,0.0,19.0,0.0,4.0,2.32,0.04,-1.0,-0.04,0.34,-0.95,0.63,161.0,,,0.0,1.0,0.0,100.0
10680,1,walk,walk,5869,,5869.0,20.0,2.0,6.0,2.0,1.73,-0.009,-0.03,1.065,32.0,28.14,0.0,19.0,0.0,4.0,2.32,0.04,-1.0,-0.04,0.32,-0.94,0.61,161.0,,,0.0,1.0,0.0,100.0
10720,1,walk,walk,5870,,5870.0,20.0,2.0,6.0,2.0,1.73,-0.009,-0.028,1.092,32.0,28.14,0.0,19.0,0.0,4.0,2.31,0.04,-1.0,-0.04,0.31,-0.93,0.59,161.0,,,0.0,1.0,0.0,100.0
10720,1,walk,walk,5871,,5871.0,20.0,2.0,6.0,2.0,1.73,-0.009,-0.005,1.082,32.0,28.11,0.0,19.0,0.0,4.0,2.31,0.04,-1.0,-0.04,0.29,-0.93,0.56,161.0,,,0.0,1.0,0.0,100.0
10740,1,walk,walk,5872,,5872.0,20.0,2.0,6.0,2.0,1.73,-0.009,0.015,1.068,32.0,28.14,0.0,19.0,0.0,4.0,2.31,0.04,-1.0,-0.04,0.28,-0.93,0.53,161.0,,,0.0,1.0,0.0,100.0
10800,1,walk,walk,5873,,5873.0,20.0,2.0,6.0,2.0,1.72,-0.009,-0.005,1.075,32.0,28.14,0.0,19.0,0.0,4.0,2.31,0.04,-1.0,-0.04,0.26,-0.92,0.5,161.0,,,0.0,1.0,0.0,100.0
10800,1,walk,walk,5874,,5874.0,20.0,2.0,6.0,2.0,1.72,-0.009,-0.03,1.105,32.0,28.14,0.0,19.0,0.0,4.0,2.31,0.04,-1.0,-0.04,0.24,-0.92,0.49,161.0,,,0.0,1.0,0.0,100.0
10800,1,walk,walk,5875,,5875.0,20.0,2.0,6.0,2.0,1.72,-0.009,0.032,1.071,32.0,28.14,0.0,19.0,0.0,4.0,2.31,0.04,-1.0,-0.04,0.23,-0.93,0.48,161.0,,,0.0,1.0,0.0,100.0
10840,1,walk,walk,5876,,5876.0,20.0,2.0,6.0,2.0,1.72,-0.009,0.007,1.111,32.0,28.14,0.0,19.0,0.0,4.0,2.32,0.04,-1.0,-0.04,0.23,-0.93,0.47,161.0,,,0.0,1.0,0.0,100.0
10840,1,walk,walk,5877,,5877.0,20.0,2.0,6.0,2.0,1.72,-0.009,0.046,1.109,32.0,28.14,0.0,19.0,0.0,4.0,2.32,0.04,-1.0,-0.04,0.23,-0.94,0.48,161.0,,,0.0,1.0,0.0,100.0
10860,1,walk,walk,5878,,5878.0,20.0,2.0,6.0,2.0,1.72,-0.009,0.052,1.088,32.0,28.14,0.0,19.0,0.0,4.0,2.32,0.04,-1.0,-0.04,0.23,-0.95,0.49,161.0,,,0.0,1.0,0.0,100.0
10880,1,walk,walk,5879,,5879.0,20.0,2.0,6.0,2.0,1.73,-0.009,0.018,1.081,32.0,28.11,0.0,19.0,0.0,4.0,2.32,0.04,-1.0,-0.04,0.24,-0.96,0.5,161.0,,,0.0,1.0,0.0,100.0
10900,1,walk,walk,5880,,5880.0,20.0,2.0,6.0,2.0,1.73,-0.009,-0.097,1.072,32.0,28.14,0.0,19.0,0.0,4.0,2.33,0.04,-1.0,-0.04,0.24,-0.96,0.52,161.0,,,0.0,1.0,0.0,100.0
10920,1,walk,walk,5881,,5881.0,20.0,2.0,6.0,2.0,1.73,-0.009,0.009,1.098,32.0,28.14,0.0,19.0,0.0,4.0,2.33,0.04,-1.0,-0.04,0.25,-0.96,0.54,161.0,,,0.0,1.0,0.0,100.0
10960,1,walk,walk,5882,,5882.0,20.0,2.0,6.0,2.0,1.73,-0.009,-0.015,1.076,32.0,28.11,0.0,19.0,0.0,4.0,2.33,0.04,-1.0,-0.04,0.25,-0.97,0.55,161.0,,,0.0,1.0,0.0,100.0
10960,1,walk,walk,5883,,5883.0,20.0,2.0,6.0,2.0,1.73,-0.009,-0.006,1.089,32.0,28.14,0.0,19.0,0.0,4.0,2.33,0.04,-1.0,-0.04,0.25,-0.96,0.56,161.0,,,0.0,1.0,0.0,100.0
10980,1,walk,walk,5884,,5884.0,20.0,2.0,6.0,2.0,1.73,-0.009,-0.025,1.096,32.0,28.14,0.0,19.0,0.0,4.0,2.34,0.04,-1.0,-0.04,0.25,-0.96,0.56,161.0,,,0.0,1.0,0.0,100.0
11040,1,walk,walk,5885,,5885.0,20.0,2.0,6.0,2.0,1.73,-0.009,-0.111,1.079,32.0,28.14,0.0,19.0,0.0,4.0,2.34,0.04,-1.0,-0.04,0.24,-0.94,0.56,161.0,,,0.0,1.0,0.0,100.0
11040,1,walk,walk,5886,,5886.0,20.0,2.0,6.0,2.0,1.73,-0.009,-0.034,1.089,32.0,28.14,0.0,19.0,0.0,4.0,2.34,0.04,-1.0,-0.04,0.23,-0.93,0.56,161.0,,,0.0,1.0,0.0,100.0
11040,1,walk,walk,5887,,5887.0,20.0,2.0,6.0,2.0,1.73,-0.009,-0.001,1.096,32.0,28.14,0.0,19.0,0.0,4.0,2.35,0.04,-1.0,-0.04,0.22,-0.92,0.55,161.0,,,0.0,1.0,0.0,100.0
11080,1,walk,walk,5888,,5888.0,20.0,2.0,6.0,2.0,1.74,-0.009,-0.084,1.084,32.0,28.14,0.0,19.0,0.0,4.0,2.35,0.04,-1.0,-0.04,0.21,-0.91,0.55,161.0,,,0.0,1.0,0.0,100.0
11100,1,walk,walk,5889,,5889.0,20.0,2.0,6.0,2.0,1.74,-0.009,0.019,1.076,32.0,28.14,0.0,19.0,0.0,4.0,2.36,0.04,-1.0,-0.04,0.2,-0.9,0.54,161.0,,,0.0,1.0,0.0,100.0
11120,1,walk,walk,5890,,5890.0,20.0,2.0,6.0,2.0,1.74,-0.009,-0.079,1.098,32.0,28.14,0.0,19.0,0.0,4.0,2.36,0.04,-1.0,-0.04,0.19,-0.9,0.53,161.0,,,0.0,1.0,0.0,100.0
11140,1,walk,walk,5891,,5891.0,20.0,2.0,6.0,2.0,1.74,-0.009,-0.036,1.089,32.0,28.14,0.0,19.0,0.0,4.0,2.37,0.04,-1.0,-0.04,0.19,-0.9,0.52,161.0,,,0.0,1.0,0.0,100.0
11140,1,walk,walk,5892,,5892.0,20.0,2.0,6.0,2.0,1.74,-0.009,0.005,1.073,32.0,28.11,0.0,19.0,0.0,4.0,2.37,0.04,-1.0,-0.04,0.18,-0.9,0.52,161.0,,,0.0,1.0,0.0,100.0
11160,1,walk,walk,5893,,5893.0,20.0,2.0,6.0,2.0,1.74,-0.009,-0.041,1.069,32.0,28.14,0.0,19.0,0.0,4.0,2.37,0.04,-1.0,-0.04,0.19,-0.91,0.5,161.0,,,0.0,1.0,0.0,100.0
11180,1,walk,walk,5894,,5894.0,20.0,2.0,6.0,2.0,1.74,-0.009,-0.009,1.085,32.0,28.14,0.0,19.0,0.0,4.0,2.38,0.04,-1.0,-0.04,0.19,-0.92,0.49,161.0,,,0.0,1.0,0.0,100.0
11200,1,walk,walk,5895,,5895.0,20.0,2.0,6.0,2.0,1.74,-0.009,0.022,1.082,32.0,28.11,0.0,19.0,0.0,4.0,2.38,0.04,-1.0,-0.04,0.2,-0.93,0.48,161.0,,,0.0,1.0,0.0,100.0
11220,1,walk,walk,5896,,5896.0,20.0,2.0,6.0,2.0,1.75,-0.009,-0.028,1.108,32.0,28.14,0.0,19.0,0.0,4.0,2.39,0.04,-1.0,-0.04,0.21,-0.94,0.48,161.0,,,0.0,1.0,0.0,100.0
11280,1,walk,walk,5897,,5897.0,20.0,2.0,6.0,2.0,1.75,-0.009,0.003,1.07,32.0,28.14,0.0,19.0,0.0,4.0,2.39,0.04,-1.0,-0.04,0.22,-0.95,0.48,161.0,,,0.0,1.0,0.0,100.0
11280,1,walk,walk,5898,,5898.0,20.0,2.0,6.0,2.0,1.75,-0.009,-0.052,1.087,32.0,28.11,0.0,19.0,0.0,4.0,2.4,0.04,-1.0,-0.04,0.22,-0.96,0.48,161.0,,,0.0,1.0,0.0,100.0
11280,1,walk,walk,5899,,5899.0,20.0,2.0,6.0,2.0,1.75,-0.009,0.058,1.073,32.0,28.14,0.0,19.0,0.0,4.0,2.4,0.04,-1.0,-0.04,0.23,-0.96,0.49,161.0,,,0.0,1.0,0.0,100.0
11320,1,walk,walk,5900,,5900.0,20.0,2.0,6.0,2.0,1.75,-0.009,0.066,1.076,32.0,28.14,0.0,19.0,0.0,4.0,2.4,0.04,-1.0,-0.04,0.23,-0.96,0.5,161.0,,,0.0,1.0,0.0,100.0
11340,1,walk,walk,5901,,5901.0,20.0,2.0,6.0,2.0,1.76,-0.009,-0.085,1.059,32.0,28.14,0.0,19.0,0.0,4.0,2.4,0.04,-1.0,-0.04,0.23,-0.96,0.52,161.0,,,0.0,1.0,0.0,100.0
11340,1,walk,walk,5902,,5902.0,20.0,2.0,6.0,2.0,1.76,-0.009,0.028,1.085,32.0,28.11,0.0,19.0,0.0,4.0,2.41,0.04,-1.0,-0.04,0.22,-0.96,0.54,161.0,,,0.0,1.0,0.0,100.0
11360,1,walk,walk,5903,,5903.0,20.0,2.0,6.0,2.0,1.76,-0.009,0.034,1.063,32.0,28.14,0.0,19.0,0.0,4.0,2.41,0.04,-1.0,-0.04,0.22,-0.97,0.56,161.0,,,0.0,1.0,0.0,100.0
11400,1,walk,walk,5904,,5904.0,20.0,2.0,6.0,2.0,1.76,-0.009,-0.058,1.099,32.0,28.14,0.0,19.0,0.0,4.0,2.41,0.04,-1.0,-0.04,0.21,-0.97,0.57,161.0,,,0.0,1.0,0.0,100.0
11420,1,walk,walk,5905,,5905.0,20.0,2.0,6.0,2.0,1.76,-0.009,0.05,1.074,32.0,28.11,0.0,19.0,0.0,4.0,2.4,0.04,-1.0,-0.04,0.2,-0.98,0.59,161.0,,,0.0,1.0,0.0,100.0
11460,1,walk,walk,5906,,5906.0,20.0,2.0,6.0,2.0,1.77,-0.009,0.037,1.068,32.0,28.14,0.0,19.0,0.0,4.0,2.4,0.04,-1.0,-0.04,0.18,-1.0,0.6,161.0,,,0.0,1.0,0.0,100.0
11460,1,walk,walk,5907,,5907.0,20.0,2.0,6.0,2.0,1.77,-0.009,-0.06,1.089,32.0,28.14,0.0,19.0,0.0,4.0,2.4,0.04,-1.0,-0.04,0.17,-1.02,0.62,161.0,,,0.0,1.0,0.0,100.0
11480,1,walk,walk,5908,,5908.0,20.0,2.0,6.0,2.0,1.77,-0.009,0.054,1.082,32.0,28.14,0.0,19.0,0.0,4.0,2.39,0.04,-1.0,-0.04,0.17,-1.03,0.63,161.0,,,0.0,1.0,0.0,100.0
11500,1,walk,walk,5909,,5909.0,20.0,2.0,6.0,2.0,1.77,-0.009,-0.023,1.091,32.0,28.14,0.0,19.0,0.0,4.0,2.39,0.04,-1.0,-0.04,0.17,-1.04,0.64,161.0,,,0.0,1.0,0.0,100.0
11500,1,walk,walk,5910,,5910.0,20.0,2.0,6.0,2.0,1.77,-0.009,0.073,1.066,32.0,28.14,0.0,19.0,0.0,4.0,2.38,0.04,-1.0,-0.04,0.17,-1.05,0.65,161.0,,,0.0,1.0,0.0,100.0
11520,1,walk,walk,5911,,5911.0,20.0,2.0,6.0,2.0,1.78,-0.009,0.018,1.088,32.0,28.14,0.0,19.0,0.0,4.0,2.38,0.04,-1.0,-0.04,0.17,-1.06,0.66,161.0,,,0.0,1.0,0.0,100.0
11560,1,walk,walk,5912,,5912.0,20.0,2.0,6.0,2.0,1.78,-0.009,0.019,1.089,32.0,28.14,0.0,19.0,0.0,4.0,2.37,0.04,-1.0,-0.04,0.18,-1.06,0.67,161.0,,,0.0,1.0,0.0,100.0
11560,1,walk,walk,5913,,5913.0,20.0,2.0,6.0,2.0,1.78,-0.009,0.07,1.069,32.0,28.14,0.0,19.0,0.0,4.0,2.37,0.04,-1.0,-0.04,0.18,-1.06,0.68,161.0,,,0.0,1.0,0.0,100.0
11580,1,walk,walk,5914,,5914.0,20.0,2.0,6.0,2.0,1.78,-0.009,0.028,1.081,32.0,28.14,0.0,19.0,0.0,4.0,2.36,0.04,-1.0,-0.04,0.18,-1.06,0.7,161.0,,,0.0,1.0,0.0,100.0
11620,1,walk,walk,5915,,5915.0,20.0,2.0,6.0,2.0,1.78,-0.009,0.06,1.1,32.0,28.14,0.0,19.0,0.0,4.0,2.35,0.04,-1.0,-0.04,0.19,-1.05,0.7,161.0,,,0.0,1.0,0.0,100.0
11620,1,walk,walk,5916,,5916.0,20.0,2.0,6.0,2.0,1.78,-0.009,0.038,1.08,32.0,28.14,0.0,19.0,0.0,4.0,2.35,0.04,-1.0,-0.04,0.21,-1.05,0.7,161.0,,,0.0,1.0,0.0,100.0
11640,1,walk,walk,5917,,5917.0,20.0,2.0,6.0,2.0,1.78,-0.009,0.048,1.101,32.0,28.14,0.0,19.0,0.0,4.0,2.34,0.04,-1.0,-0.04,0.23,-1.04,0.7,161.0,,,0.0,1.0,0.0,100.0
11680,1,walk,walk,5918,,5918.0,20.0,2.0,6.0,2.0,1.78,-0.009,-0.015,1.09,32.0,28.14,0.0,19.0,0.0,4.0,2.34,0.04,-1.0,-0.04,0.25,-1.03,0.69,161.0,,,0.0,1.0,0.0,100.0
11680,1,walk,walk,5919,,5919.0,20.0,2.0,6.0,2.0,1.78,-0.009,0.038,1.096,32.0,28.14,0.0,19.0,0.0,4.0,2.34,0.04,-1.0,-0.04,0.28,-1.03,0.67,161.0,,,0.0,1.0,0.0,100.0
11700,1,walk,walk,5920,,5920.0,20.0,2.0,6.0,2.0,1.78,-0.009,0.034,1.059,32.0,28.14,0.0,19.0,0.0,4.0,2.34,0.04,-1.0,-0.04,0.31,-1.02,0.65,161.0,,,0.0,1.0,0.0,100.0
11740,1,walk,walk,5921,,5921.0,20.0,2.0,6.0,2.0,1.78,-0.009,0.006,1.088,32.0,28.14,0.0,19.0,0.0,4.0,2.34,0.04,-1.0,-0.04,0.34,-1.01,0.64,161.0,,,0.0,1.0,0.0,100.0
11780,1,walk,walk,5922,,5922.0,20.0,2.0,6.0,2.0,1.78,-0.009,-0.005,1.09,32.0,28.14,0.0,19.0,0.0,4.0,2.35,0.04,-1.0,-0.04,0.36,-1.01,0.63,161.0,,,0.0,1.0,0.0,100.0
11780,1,walk,walk,5923,,5923.0,20.0,2.0,6.0,2.0,1.78,-0.009,0.032,1.101,32.0,28.14,0.0,19.0,0.0,4.0,2.36,0.04,-1.0,-0.04,0.37,-1.01,0.63,161.0,,,0.0,1.0,0.0,100.0
11800,1,walk,walk,5924,,5924.0,20.0,2.0,6.0,2.0,1.78,-0.009,-0.018,1.102,32.0,28.14,0.0,19.0,0.0,4.0,2.36,0.04,-1.0,-0.04,0.37,-1.02,0.65,161.0,,,0.0,1.0,0.0,100.0
11800,1,walk,walk,5925,,5925.0,20.0,2.0,6.0,2.0,1.78,-0.009,0.057,1.106,32.0,28.14,0.0,19.0,0.0,4.0,2.37,0.04,-1.0,-0.04,0.37,-1.03,0.67,161.0,,,0.0,1.0,0.0,100.0
11820,1,walk,walk,5926,,5926.0,20.0,2.0,6.0,2.0,1.77,-0.009,0.032,1.111,32.0,28.14,0.0,19.0,0.0,4.0,2.37,0.04,-1.0,-0.04,0.36,-1.04,0.7,161.0,,,0.0,1.0,0.0,100.0
11840,1,walk,walk,5927,,5927.0,20.0,2.0,6.0,2.0,1.77,-0.009,0.079,1.076,32.0,28.14,0.0,19.0,0.0,4.0,2.38,0.04,-1.0,-0.04,0.35,-1.05,0.72,161.0,,,0.0,1.0,0.0,100.0
11880,1,walk,walk,5928,,5928.0,20.0,2.0,6.0,2.0,1.77,-0.009,0.034,1.101,32.0,28.14,0.0,19.0,0.0,4.0,2.37,0.04,-1.0,-0.04,0.34,-1.06,0.74,161.0,,,0.0,1.0,0.0,100.0
11900,1,walk,walk,5929,,5929.0,20.0,2.0,6.0,2.0,1.77,-0.009,0.018,1.109,32.0,28.14,0.0,19.0,0.0,4.0,2.37,0.04,-1.0,-0.04,0.33,-1.07,0.75,161.0,,,0.0,1.0,0.0,100.0
11920,1,walk,walk,5930,,5930.0,20.0,2.0,6.0,2.0,1.77,-0.009,-0.002,1.104,32.0,28.14,0.0,19.0,0.0,4.0,2.37,0.04,-1.0,-0.04,0.32,-1.08,0.75,161.0,,,0.0,1.0,0.0,100.0
11940,1,walk,walk,5931,,5931.0,20.0,2.0,6.0,2.0,1.77,-0.009,-0.056,1.095,32.0,28.14,0.0,19.0,0.0,4.0,2.36,0.04,-1.0,-0.04,0.32,-1.09,0.75,161.0,,,0.0,1.0,0.0,100.0
11940,1,walk,walk,5932,,5932.0,20.0,2.0,6.0,2.0,1.77,-0.009,-0.023,1.081,32.0,28.14,0.0,19.0,0.0,4.0,2.35,0.04,-1.0,-0.04,0.31,-1.09,0.74,161.0,,,0.0,1.0,0.0,100.0
12020,1,walk,walk,5933,,5933.0,20.0,2.0,6.0,2.0,1.77,-0.009,0.002,1.09,32.0,28.14,0.0,19.0,0.0,4.0,2.35,0.04,-1.0,-0.04,0.31,-1.09,0.73,161.0,,,0.0,1.0,0.0,100.0
12020,1,walk,walk,5934,,5934.0,20.0,2.0,6.0,2.0,1.76,-0.009,-0.025,1.108,32.0,28.14,0.0,19.0,0.0,4.0,2.34,0.04,-1.0,-0.04,0.31,-1.08,0.72,161.0,,,0.0,1.0,0.0,100.0
12020,1,walk,walk,5935,,5935.0,20.0,2.0,6.0,2.0,1.76,-0.009,0.015,1.092,32.0,28.14,0.0,19.0,0.0,4.0,2.34,0.04,-1.0,-0.04,0.31,-1.07,0.7,161.0,,,0.0,1.0,0.0,100.0
12040,1,walk,walk,5936,,5936.0,20.0,2.0,6.0,2.0,1.76,-0.009,-0.03,1.104,32.0,28.14,0.0,19.0,0.0,4.0,2.33,0.04,-1.0,-0.04,0.32,-1.06,0.68,161.0,,,0.0,1.0,0.0,100.0
12040,1,walk,walk,5937,,5937.0,20.0,2.0,6.0,2.0,1.76,-0.009,0.076,1.065,32.0,28.14,0.0,19.0,0.0,4.0,2.32,0.04,-1.0,-0.04,0.33,-1.04,0.66,161.0,,,0.0,1.0,0.0,100.0
12060,1,walk,walk,5938,,5938.0,20.0,2.0,6.0,2.0,1.76,-0.009,0.032,1.101,32.0,28.11,0.0,19.0,0.0,4.0,2.32,0.04,-1.0,-0.04,0.33,-1.02,0.62,161.0,,,0.0,1.0,0.0,100.0
12120,1,walk,walk,5939,,5939.0,20.0,2.0,6.0,2.0,1.76,-0.009,-0.06,1.07,32.0,28.14,0.0,19.0,0.0,4.0,2.31,0.04,-1.0,-0.04,0.34,-0.99,0.59,161.0,,,0.0,1.0,0.0,100.0
12140,1,walk,walk,5940,,5940.0,20.0,2.0,6.0,2.0,1.75,-0.009,0.001,1.085,32.0,28.14,0.0,19.0,0.0,4.0,2.31,0.04,-1.0,-0.04,0.34,-0.96,0.56,161.0,,,0.0,1.0,0.0,100.0
12140,1,walk,walk,5941,,5941.0,20.0,2.0,6.0,2.0,1.75,-0.009,-0.006,1.077,32.0,28.14,0.0,19.0,0.0,4.0,2.31,0.04,-1.0,-0.04,0.34,-0.94,0.53,161.0,,,0.0,1.0,0.0,100.0
12160,1,walk,walk,5942,,5942.0,20.0,2.0,6.0,2.0,1.75,-0.009,0.033,1.095,32.0,28.14,0.0,19.0,0.0,4.0,2.32,0.04,-1.0,-0.04,0.34,-0.93,0.52,161.0,,,0.0,1.0,0.0,100.0
12180,1,walk,walk,5943,,5943.0,20.0,2.0,6.0,2.0,1.75,-0.009,0.091,1.084,32.0,28.14,0.0,19.0,0.0,4.0,2.32,0.04,-1.0,-0.04,0.33,-0.92,0.51,161.0,,,0.0,1.0,0.0,100.0
12180,1,walk,walk,5944,,5944.0,20.0,2.0,6.0,2.0,1.75,-0.009,-0.046,1.092,32.0,28.14,0.0,19.0,0.0,4.0,2.33,0.04,-1.0,-0.04,0.32,-0.91,0.51,161.0,,,0.0,1.0,0.0,100.0
12220,1,walk,walk,5945,,5945.0,20.0,2.0,6.0,2.0,1.75,-0.009,-0.019,1.117,32.0,28.14,0.0,19.0,0.0,4.0,2.33,0.04,-1.0,-0.04,0.3,-0.91,0.52,161.0,,,0.0,1.0,0.0,100.0
12220,1,walk,walk,5946,,5946.0,20.0,2.0,6.0,2.0,1.75,-0.009,0.009,1.089,32.0,28.14,0.0,19.0,0.0,4.0,2.34,0.04,-1.0,-0.04,0.27,-0.92,0.53,161.0,,,0.0,1.0,0.0,100.0
12260,1,walk,walk,5947,,5947.0,20.0,2.0,6.0,2.0,1.75,-0.009,-0.077,1.074,32.0,28.14,0.0,19.0,0.0,4.0,2.34,0.04,-1.0,-0.04,0.25,-0.93,0.56,161.0,,,0.0,1.0,0.0,100.0
12280,1,walk,walk,5948,,5948.0,20.0,2.0,6.0,2.0,1.74,-0.009,-0.028,1.102,32.0,28.14,0.0,19.0,0.0,4.0,2.35,0.04,-1.0,-0.04,0.22,-0.94,0.58,161.0,,,0.0,1.0,0.0,100.0
12300,1,walk,walk,5949,,5949.0,20.0,2.0,6.0,2.0,1.74,-0.009,0.033,1.118,32.0,28.14,0.0,19.0,0.0,4.0,2.35,0.04,-1.0,-0.04,0.19,-0.96,0.61,161.0,,,0.0,1.0,0.0,100.0
12300,1,walk,walk,5950,,5950.0,20.0,2.0,6.0,2.0,1.74,-0.009,-0.025,1.088,32.0,28.11,0.0,19.0,0.0,4.0,2.35,0.04,-1.0,-0.04,0.17,-0.97,0.63,161.0,,,0.0,1.0,0.0,100.0
12340,1,walk,walk,5951,,5951.0,20.0,2.0,6.0,2.0,1.74,-0.009,-0.066,1.072,32.0,28.11,0.0,19.0,0.0,4.0,2.35,0.04,-1.0,-0.04,0.15,-0.98,0.65,161.0,,,0.0,1.0,0.0,100.0
12340,1,walk,walk,5952,,5952.0,20.0,2.0,6.0,2.0,1.75,-0.009,0.038,1.095,32.0,28.11,0.0,19.0,0.0,4.0,2.35,0.04,-1.0,-0.04,0.13,-0.99,0.66,161.0,,,0.0,1.0,0.0,100.0
12360,1,walk,walk,5953,,5953.0,20.0,2.0,6.0,2.0,1.75,-0.009,0.005,1.127,32.0,28.14,0.0,19.0,0.0,4.0,2.35,0.04,-1.0,-0.04,0.11,-1.0,0.68,161.0,,,0.0,1.0,0.0,100.0
12400,1,walk,walk,5954,,5954.0,20.0,2.0,6.0,2.0,1.75,-0.009,-0.038,1.102,32.0,28.11,0.0,19.0,0.0,4.0,2.35,0.04,-1.0,-0.04,0.09,-1.01,0.69,161.0,,,0.0,1.0,0.0,100.0
12420,1,walk,walk,5955,,5955.0,20.0,2.0,6.0,2.0,1.75,-0.009,-0.163,1.098,32.0,28.14,0.0,19.0,0.0,4.0,2.35,0.04,-1.0,-0.04,0.07,-1.02,0.71,161.0,,,0.0,1.0,0.0,100.0
12440,1,walk,walk,5956,,5956.0,20.0,2.0,6.0,2.0,1.75,-0.009,0.053,1.082,32.0,28.14,0.0,19.0,0.0,4.0,2.35,0.04,-1.0,-0.04,0.05,-1.03,0.72,161.0,,,0.0,1.0,0.0,100.0
12440,1,walk,walk,5957,,5957.0,20.0,2.0,6.0,2.0,1.75,-0.009,0.014,1.078,32.0,28.14,0.0,19.0,0.0,4.0,2.35,0.04,-1.0,-0.04,0.03,-1.03,0.74,161.0,,,0.0,1.0,0.0,100.0
12460,1,walk,walk,5958,,5958.0,20.0,2.0,6.0,2.0,1.75,-0.009,-0.005,1.092,32.0,28.11,0.0,19.0,0.0,4.0,2.35,0.04,-1.0,-0.04,0.03,-1.04,0.75,161.0,,,0.0,1.0,0.0,100.0
12480,1,walk,walk,5959,,5959.0,20.0,2.0,6.0,2.0,1.75,-0.009,-0.044,1.124,32.0,28.14,0.0,19.0,0.0,4.0,2.34,0.04,-1.0,-0.04,0.03,-1.05,0.75,161.0,,,0.0,1.0,0.0,100.0
12520,1,walk,walk,5960,,5960.0,20.0,2.0,6.0,2.0,1.74,-0.009,0.014,1.073,32.0,28.14,0.0,19.0,0.0,4.0,2.34,0.04,-1.0,-0.04,0.03,-1.05,0.74,161.0,,,0.0,1.0,0.0,100.0
12520,1,walk,walk,5961,,5961.0,20.0,2.0,6.0,2.0,1.74,-0.009,-0.06,1.083,32.0,28.11,0.0,19.0,0.0,4.0,2.33,0.04,-1.0,-0.04,0.05,-1.05,0.73,161.0,,,0.0,1.0,0.0,100.0
12540,1,walk,walk,5962,,5962.0,20.0,2.0,6.0,2.0,1.74,-0.009,0.002,1.095,32.0,28.14,0.0,19.0,0.0,4.0,2.32,0.04,-1.0,-0.04,0.07,-1.05,0.7,161.0,,,0.0,1.0,0.0,100.0
12580,1,walk,walk,5963,,5963.0,20.0,2.0,6.0,2.0,1.74,-0.009,-0.042,1.098,32.0,28.14,0.0,19.0,0.0,4.0,2.32,0.04,-1.0,-0.04,0.09,-1.05,0.68,161.0,,,0.0,1.0,0.0,100.0
12600,1,walk,walk,5964,,5964.0,20.0,2.0,6.0,2.0,1.74,-0.009,-0.015,1.075,32.0,28.14,0.0,19.0,0.0,4.0,2.31,0.04,-1.0,-0.04,0.12,-1.05,0.66,161.0,,,0.0,1.0,0.0,100.0
12620,1,walk,walk,5965,,5965.0,20.0,2.0,6.0,2.0,1.74,-0.009,0.05,1.093,32.0,28.11,0.0,19.0,0.0,4.0,2.31,0.04,-1.0,-0.04,0.15,-1.04,0.65,161.0,,,0.0,1.0,0.0,100.0
12640,1,walk,walk,5966,,5966.0,20.0,2.0,6.0,2.0,1.74,-0.009,0.062,1.105,32.0,28.14,0.0,19.0,0.0,4.0,2.31,0.04,-1.0,-0.04,0.17,-1.04,0.65,161.0,,,0.0,1.0,0.0,100.0
12640,1,walk,walk,5967,,5967.0,20.0,2.0,6.0,2.0,1.74,-0.009,-0.011,1.098,32.0,28.11,0.0,19.0,0.0,4.0,2.3,0.04,-1.0,-0.04,0.19,-1.03,0.66,161.0,,,0.0,1.0,0.0,100.0
12660,1,walk,walk,5968,,5968.0,20.0,2.0,6.0,2.0,1.74,-0.009,-0.037,1.092,32.0,28.14,0.0,19.0,0.0,4.0,2.3,0.04,-1.0,-0.04,0.21,-1.02,0.67,161.0,,,0.0,1.0,0.0,100.0
12680,1,walk,walk,5969,,5969.0,20.0,2.0,6.0,2.0,1.73,-0.009,0.072,1.08,32.0,28.14,0.0,19.0,0.0,4.0,2.3,0.04,-1.0,-0.04,0.23,-1.02,0.69,161.0,,,0.0,1.0,0.0,100.0
12720,1,walk,walk,5970,,5970.0,20.0,2.0,6.0,2.0,1.73,-0.009,0.04,1.096,32.0,28.14,0.0,19.0,0.0,4.0,2.3,0.04,-1.0,-0.04,0.24,-1.02,0.71,161.0,,,0.0,1.0,0.0,100.0
12760,1,walk,walk,5971,,5971.0,20.0,2.0,6.0,2.0,1.73,-0.009,-0.015,1.093,32.0,28.14,0.0,19.0,0.0,4.0,2.29,0.04,-1.0,-0.04,0.24,-1.02,0.73,161.0,,,0.0,1.0,0.0,100.0
12780,1,walk,walk,5972,,5972.0,20.0,2.0,6.0,2.0,1.73,-0.009,0.04,1.103,32.0,28.14,0.0,19.0,0.0,4.0,2.29,0.04,-1.0,-0.04,0.25,-1.03,0.75,161.0,,,0.0,1.0,0.0,100.0
12780,1,walk,walk,5973,,5973.0,20.0,2.0,6.0,2.0,1.73,-0.009,0.022,1.091,32.0,28.11,0.0,19.0,0.0,4.0,2.28,0.04,-1.0,-0.04,0.25,-1.05,0.76,161.0,,,0.0,1.0,0.0,100.0
12800,1,walk,walk,5974,,5974.0,20.0,2.0,6.0,2.0,1.73,-0.009,-0.013,1.093,32.0,28.14,0.0,19.0,0.0,4.0,2.28,0.04,-1.0,-0.04,0.25,-1.06,0.77,161.0,,,0.0,1.0,0.0,100.0
12820,1,walk,walk,5975,,5975.0,20.0,2.0,6.0,2.0,1.72,-0.009,0.036,1.105,32.0,28.11,0.0,19.0,0.0,4.0,2.27,0.04,-1.0,-0.04,0.25,-1.06,0.78,161.0,,,0.0,1.0,0.0,100.0
12820,1,walk,walk,5976,,5976.0,20.0,2.0,6.0,2.0,1.72,-0.009,0.003,1.113,32.0,28.14,0.0,19.0,0.0,4.0,2.27,0.04,-1.0,-0.04,0.24,-1.07,0.78,161.0,,,0.0,1.0,0.0,100.0
12840,1,walk,walk,5977,,5977.0,20.0,2.0,6.0,2.0,1.72,-0.009,0.092,1.102,32.0,28.14,0.0,19.0,0.0,4.0,2.27,0.04,-1.0,-0.04,0.24,-1.07,0.77,161.0,,,0.0,1.0,0.0,100.0
12880,1,walk,walk,5978,,5978.0,20.0,2.0,6.0,2.0,1.72,-0.01,0.003,1.084,32.0,28.14,0.0,19.0,0.0,4.0,2.26,0.04,-1.0,-0.04,0.24,-1.07,0.76,161.0,,,0.0,1.0,0.0,100.0
12880,1,walk,walk,5979,,5979.0,20.0,2.0,6.0,2.0,1.71,-0.009,-0.003,1.107,32.0,28.14,0.0,19.0,0.0,4.0,2.26,0.04,-1.0,-0.04,0.24,-1.08,0.75,161.0,,,0.0,1.0,0.0,100.0
12900,1,walk,walk,5980,,5980.0,20.0,2.0,6.0,2.0,1.71,-0.009,-0.03,1.11,32.0,28.14,0.0,19.0,0.0,4.0,2.26,0.04,-1.0,-0.04,0.25,-1.08,0.74,161.0,,,0.0,1.0,0.0,100.0
12960,1,walk,walk,5981,,5981.0,20.0,2.0,6.0,2.0,1.71,-0.009,-0.006,1.101,32.0,28.14,0.0,19.0,0.0,4.0,2.25,0.04,-1.0,-0.04,0.25,-1.07,0.73,161.0,,,0.0,1.0,0.0,100.0
12960,1,walk,walk,5982,,5982.0,20.0,2.0,6.0,2.0,1.71,-0.009,-0.084,1.117,32.0,28.11,0.0,19.0,0.0,4.0,2.25,0.04,-1.0,-0.04,0.25,-1.07,0.73,161.0,,,0.0,1.0,0.0,100.0
12960,1,walk,walk,5983,,5983.0,20.0,2.0,6.0,2.0,1.7,-0.009,-0.023,1.105,32.0,28.14,0.0,19.0,0.0,4.0,2.25,0.04,-1.0,-0.04,0.25,-1.07,0.72,161.0,,,0.0,1.0,0.0,100.0
12980,1,walk,walk,5984,,5984.0,20.0,2.0,6.0,2.0,1.7,-0.01,-0.111,1.113,32.0,28.14,0.0,19.0,0.0,4.0,2.25,0.04,-1.0,-0.04,0.26,-1.07,0.7,161.0,,,0.0,1.0,0.0,100.0
13000,1,walk,walk,5985,,5985.0,20.0,2.0,6.0,2.0,1.7,-0.009,0.029,1.098,32.0,28.14,0.0,19.0,0.0,4.0,2.25,0.04,-1.0,-0.04,0.26,-1.07,0.69,161.0,,,0.0,1.0,0.0,100.0
13020,1,walk,walk,5986,,5986.0,20.0,2.0,6.0,2.0,1.7,-0.009,0.014,1.095,32.0,28.14,0.0,19.0,0.0,4.0,2.25,0.04,-1.0,-0.04,0.28,-1.07,0.67,161.0,,,0.0,1.0,0.0,100.0
13060,1,walk,walk,5987,,5987.0,20.0,2.0,6.0,2.0,1.69,-0.009,-0.034,1.102,32.0,28.14,0.0,19.0,0.0,4.0,2.25,0.04,-1.0,-0.04,0.29,-1.07,0.66,161.0,,,0.0,1.0,0.0,100.0
13060,1,walk,walk,5988,,5988.0,20.0,2.0,6.0,2.0,1.69,-0.009,-0.042,1.114,32.0,28.14,0.0,19.0,0.0,4.0,2.25,0.04,-1.0,-0.04,0.31,-1.08,0.64,161.0,,,0.0,1.0,0.0,100.0
13080,1,walk,walk,5989,,5989.0,20.0,2.0,6.0,2.0,1.69,-0.009,0.001,1.107,32.0,28.11,0.0,19.0,0.0,4.0,2.25,0.04,-1.0,-0.04,0.33,-1.08,0.63,161.0,,,0.0,1.0,0.0,100.0
13120,1,walk,walk,5990,,5990.0,20.0,2.0,6.0,2.0,1.68,-0.009,0.028,1.13,32.0,28.14,0.0,19.0,0.0,4.0,2.25,0.04,-1.0,-0.04,0.35,-1.09,0.62,161.0,,,0.0,1.0,0.0,100.0
13120,1,walk,walk,5991,,5991.0,20.0,2.0,6.0,2.0,1.68,-0.009,0.026,1.102,32.0,28.14,0.0,19.0,0.0,4.0,2.26,0.04,-1.0,-0.04,0.36,-1.09,0.62,161.0,,,0.0,1.0,0.0,100.0
13140,1,walk,walk,5992,,5992.0,20.0,2.0,6.0,2.0,1.68,-0.009,0.007,1.121,32.0,28.14,0.0,19.0,0.0,4.0,2.26,0.04,-1.0,-0.04,0.36,-1.09,0.62,161.0,,,0.0,1.0,0.0,100.0
13160,1,walk,walk,5993,,5993.0,20.0,2.0,6.0,2.0,1.68,-0.009,0.014,1.116,32.0,28.11,0.0,19.0,0.0,4.0,2.26,0.04,-1.0,-0.04,0.37,-1.1,0.62,161.0,,,0.0,1.0,0.0,100.0
13180,1,walk,walk,5994,,5994.0,20.0,2.0,6.0,2.0,1.68,-0.009,-0.01,1.108,32.0,28.11,0.0,19.0,0.0,4.0,2.26,0.04,-1.0,-0.04,0.37,-1.11,0.62,161.0,,,0.0,1.0,0.0,100.0
13200,1,walk,walk,5995,,5995.0,20.0,2.0,6.0,2.0,1.67,-0.009,-0.011,1.107,32.0,28.11,0.0,19.0,0.0,4.0,2.26,0.04,-1.0,-0.04,0.36,-1.12,0.61,161.0,,,0.0,1.0,0.0,100.0
13240,1,walk,walk,5996,,5996.0,20.0,2.0,6.0,2.0,1.67,-0.009,-0.041,1.095,32.0,28.14,0.0,19.0,0.0,4.0,2.26,0.04,-1.0,-0.04,0.36,-1.13,0.6,161.0,,,0.0,1.0,0.0,100.0
13280,1,walk,walk,5997,,5997.0,20.0,2.0,6.0,2.0,1.67,-0.009,0.011,1.094,32.0,28.14,0.0,19.0,0.0,4.0,2.26,0.04,-1.0,-0.04,0.36,-1.12,0.58,161.0,,,0.0,1.0,0.0,100.0
13280,1,walk,walk,5998,,5998.0,20.0,2.0,6.0,2.0,1.67,-0.009,-0.08,1.107,32.0,28.14,0.0,19.0,0.0,4.0,2.25,0.04,-1.0,-0.04,0.36,-1.11,0.55,161.0,,,0.0,1.0,0.0,100.0
13300,1,walk,walk,5999,,5999.0,20.0,2.0,6.0,2.0,1.67,-0.009,-0.033,1.091,32.0,28.14,0.0,19.0,0.0,4.0,2.25,0.04,-1.0,-0.04,0.35,-1.09,0.51,161.0,,,0.0,1.0,0.0,100.0
13320,1,walk,walk,6000,,6000.0,20.0,2.0,6.0,2.0,1.67,-0.009,-0.019,1.075,32.0,28.14,0.0,19.0,0.0,4.0,2.25,0.04,-1.0,-0.04,0.35,-1.07,0.47,161.0,,,0.0,1.0,0.0,100.0
13320,1,walk,walk,6001,,6001.0,20.0,2.0,6.0,2.0,1.67,-0.009,0.038,1.1,32.0,28.14,0.0,19.0,0.0,4.0,2.25,0.04,-1.0,-0.04,0.35,-1.05,0.44,161.0,,,0.0,1.0,0.0,100.0
13360,1,walk,walk,6002,,6002.0,20.0,2.0,6.0,2.0,1.67,-0.009,0.056,1.1,32.0,28.14,0.0,19.0,0.0,4.0,2.26,0.04,-1.0,-0.04,0.35,-1.03,0.42,161.0,,,0.0,1.0,0.0,100.0
13360,1,walk,walk,6003,,6003.0,20.0,2.0,6.0,2.0,1.67,-0.009,-0.058,1.076,32.0,28.14,0.0,19.0,0.0,4.0,2.27,0.04,-1.0,-0.04,0.35,-1.0,0.41,161.0,,,0.0,1.0,0.0,100.0
13420,1,walk,walk,6004,,6004.0,20.0,2.0,6.0,2.0,1.67,-0.009,-0.058,1.098,32.0,28.14,0.0,19.0,0.0,4.0,2.28,0.04,-1.0,-0.04,0.34,-0.98,0.41,161.0,,,0.0,1.0,0.0,100.0
13440,1,walk,walk,6005,,6005.0,20.0,2.0,6.0,2.0,1.67,-0.009,-0.038,1.096,32.0,28.14,0.0,19.0,0.0,4.0,2.29,0.04,-1.0,-0.04,0.34,-0.97,0.42,161.0,,,0.0,1.0,0.0,100.0
13440,1,walk,walk,6006,,6006.0,20.0,2.0,6.0,2.0,1.67,-0.009,-0.045,1.1,32.0,28.14,0.0,19.0,0.0,4.0,2.29,0.04,-1.0,-0.04,0.33,-0.95,0.44,161.0,,,0.0,1.0,0.0,100.0
13460,1,walk,walk,6007,,6007.0,20.0,2.0,6.0,2.0,1.67,-0.009,0.025,1.091,32.0,28.14,0.0,19.0,0.0,4.0,2.3,0.04,-1.0,-0.04,0.32,-0.94,0.46,161.0,,,0.0,1.0,0.0,100.0
13460,1,walk,walk,6008,,6008.0,20.0,2.0,6.0,2.0,1.67,-0.009,-0.062,1.119,32.0,28.14,0.0,19.0,0.0,4.0,2.3,0.04,-1.0,-0.04,0.32,-0.93,0.48,161.0,,,0.0,1.0,0.0,100.0
13500,1,walk,walk,6009,,6009.0,20.0,2.0,6.0,2.0,1.67,-0.009,-0.002,1.095,32.0,28.14,0.0,19.0,0.0,4.0,2.3,0.04,-1.0,-0.04,0.31,-0.92,0.5,161.0,,,0.0,1.0,0.0,100.0
13520,1,walk,walk,6010,,6010.0,20.0,2.0,6.0,2.0,1.67,-0.009,-0.07,1.091,32.0,28.14,0.0,19.0,0.0,4.0,2.3,0.04,-1.0,-0.04,0.31,-0.91,0.52,161.0,,,0.0,1.0,0.0,100.0
13540,1,walk,walk,6011,,6011.0,20.0,2.0,6.0,2.0,1.68,-0.009,-0.037,1.09,32.0,28.14,0.0,19.0,0.0,4.0,2.3,0.04,-1.0,-0.04,0.3,-0.91,0.53,161.0,,,0.0,1.0,0.0,100.0
13540,1,walk,walk,6012,,6012.0,20.0,2.0,6.0,2.0,1.68,-0.009,0.046,1.063,32.0,28.14,0.0,19.0,0.0,4.0,2.3,0.04,-1.0,-0.04,0.29,-0.91,0.55,161.0,,,0.0,1.0,0.0,100.0
13560,1,walk,walk,6013,,6013.0,20.0,2.0,6.0,2.0,1.68,-0.009,-0.002,1.079,32.0,28.14,0.0,19.0,0.0,4.0,2.3,0.04,-1.0,-0.04,0.28,-0.92,0.56,161.0,,,0.0,1.0,0.0,100.0
13620,1,walk,walk,6014,,6014.0,20.0,2.0,6.0,2.0,1.68,-0.009,-0.018,1.116,32.0,28.14,0.0,19.0,0.0,4.0,2.31,0.04,-1.0,-0.04,0.27,-0.93,0.58,161.0,,,0.0,1.0,0.0,100.0
13620,1,walk,walk,6015,,6015.0,20.0,2.0,6.0,2.0,1.68,-0.009,0.023,1.1,32.0,28.14,0.0,19.0,0.0,4.0,2.31,0.04,-1.0,-0.04,0.26,-0.95,0.6,161.0,,,0.0,1.0,0.0,100.0
13620,1,walk,walk,6016,,6016.0,20.0,2.0,6.0,2.0,1.69,-0.009,-0.037,1.091,32.0,28.14,0.0,19.0,0.0,4.0,2.31,0.04,-1.0,-0.04,0.25,-0.97,0.62,161.0,,,0.0,1.0,0.0,100.0
13640,1,walk,walk,6017,,6017.0,20.0,2.0,6.0,2.0,1.69,-0.009,0.021,1.092,32.0,28.11,0.0,19.0,0.0,4.0,2.31,0.04,-1.0,-0.04,0.24,-0.99,0.63,161.0,,,0.0,1.0,0.0,100.0
13660,1,walk,walk,6018,,6018.0,20.0,2.0,6.0,2.0,1.69,-0.009,0.036,1.107,32.0,28.14,0.0,19.0,0.0,4.0,2.3,0.04,-1.0,-0.04,0.23,-1.01,0.63,161.0,,,0.0,1.0,0.0,100.0
13680,1,walk,walk,6019,,6019.0,20.0,2.0,6.0,2.0,1.69,-0.009,0.025,1.093,32.0,28.14,0.0,19.0,0.0,4.0,2.3,0.04,-1.0,-0.04,0.23,-1.01,0.62,161.0,,,0.0,1.0,0.0,100.0
13700,1,walk,walk,6020,,6020.0,20.0,2.0,6.0,2.0,1.69,-0.009,-0.005,1.086,32.0,28.11,0.0,19.0,0.0,4.0,2.3,0.04,-1.0,-0.04,0.23,-1.01,0.61,161.0,,,0.0,1.0,0.0,100.0
13740,1,walk,walk,6021,,6021.0,20.0,2.0,6.0,2.0,1.7,-0.009,-0.025,1.078,32.0,28.14,0.0,19.0,0.0,4.0,2.29,0.04,-1.0,-0.04,0.22,-1.0,0.59,161.0,,,0.0,1.0,0.0,100.0
13760,1,walk,walk,6022,,6022.0,20.0,2.0,6.0,2.0,1.7,-0.009,0.033,1.106,32.0,28.14,0.0,19.0,0.0,4.0,2.29,0.04,-1.0,-0.04,0.22,-0.99,0.57,161.0,,,0.0,1.0,0.0,100.0
13820,1,walk,walk,6023,,6023.0,20.0,2.0,6.0,2.0,1.7,-0.009,0.107,1.088,32.0,28.14,0.0,19.0,0.0,4.0,2.29,0.04,-1.0,-0.04,0.22,-0.99,0.54,161.0,,,0.0,1.0,0.0,100.0
13820,1,walk,walk,6024,,6024.0,20.0,2.0,6.0,2.0,1.7,-0.009,0.01,1.076,32.0,28.14,0.0,19.0,0.0,4.0,2.29,0.04,-1.0,-0.04,0.23,-0.98,0.52,161.0,,,0.0,1.0,0.0,100.0
13820,1,walk,walk,6025,,6025.0,20.0,2.0,6.0,2.0,1.7,-0.009,-0.091,1.092,32.0,28.14,0.0,19.0,0.0,4.0,2.29,0.04,-1.0,-0.04,0.23,-0.97,0.51,161.0,,,0.0,1.0,0.0,100.0
13840,1,walk,walk,6026,,6026.0,20.0,2.0,6.0,2.0,1.7,-0.009,-0.032,1.096,32.0,28.14,0.0,19.0,0.0,4.0,2.29,0.04,-1.0,-0.04,0.23,-0.97,0.51,161.0,,,0.0,1.0,0.0,100.0
13840,1,walk,walk,6027,,6027.0,20.0,2.0,6.0,2.0,1.7,-0.009,-0.019,1.102,32.0,28.14,0.0,19.0,0.0,4.0,2.3,0.04,-1.0,-0.04,0.23,-0.97,0.51,161.0,,,0.0,1.0,0.0,100.0
13860,1,walk,walk,6028,,6028.0,20.0,2.0,6.0,2.0,1.7,-0.009,-0.018,1.101,32.0,28.14,0.0,19.0,0.0,4.0,2.3,0.04,-1.0,-0.04,0.22,-0.97,0.52,161.0,,,0.0,1.0,0.0,100.0
13940,1,walk,walk,6029,,6029.0,20.0,2.0,6.0,2.0,1.7,-0.009,0.026,1.085,32.0,28.11,0.0,19.0,0.0,4.0,2.3,0.04,-1.0,-0.04,0.22,-0.98,0.53,161.0,,,0.0,1.0,0.0,100.0
13960,1,walk,walk,6030,,6030.0,20.0,2.0,6.0,2.0,1.7,-0.009,0.06,1.101,32.0,28.14,0.0,19.0,0.0,4.0,2.31,0.04,-1.0,-0.04,0.21,-1.0,0.53,161.0,,,0.0,1.0,0.0,100.0
13960,1,walk,walk,6031,,6031.0,20.0,2.0,6.0,2.0,1.71,-0.009,0.069,1.109,32.0,28.14,0.0,19.0,0.0,4.0,2.31,0.04,-1.0,-0.04,0.21,-1.02,0.54,161.0,,,0.0,1.0,0.0,100.0
13960,1,walk,walk,6032,,6032.0,20.0,2.0,6.0,2.0,1.71,-0.009,0.04,1.086,32.0,28.14,0.0,19.0,0.0,4.0,2.32,0.04,-1.0,-0.04,0.21,-1.03,0.54,161.0,,,0.0,1.0,0.0,100.0
14000,1,walk,walk,6033,,6033.0,20.0,2.0,6.0,2.0,1.71,-0.009,-0.001,1.064,32.0,28.14,0.0,19.0,0.0,4.0,2.32,0.04,-1.0,-0.04,0.21,-1.05,0.54,161.0,,,0.0,1.0,0.0,100.0
14000,1,walk,walk,6034,,6034.0,20.0,2.0,6.0,2.0,1.71,-0.009,0.03,1.095,32.0,28.14,0.0,19.0,0.0,4.0,2.33,0.04,-1.0,-0.04,0.21,-1.07,0.54,161.0,,,0.0,1.0,0.0,100.0
14000,1,walk,walk,6035,,6035.0,20.0,2.0,6.0,2.0,1.71,-0.009,0.018,1.085,32.0,28.14,0.0,19.0,0.0,4.0,2.33,0.04,-1.0,-0.04,0.21,-1.08,0.54,161.0,,,0.0,1.0,0.0,100.0
14060,1,walk,walk,6036,,6036.0,20.0,2.0,6.0,2.0,1.71,-0.009,-0.072,1.091,32.0,28.14,0.0,19.0,0.0,4.0,2.34,0.04,-1.0,-0.04,0.22,-1.1,0.54,161.0,,,0.0,1.0,0.0,100.0
14060,1,walk,walk,6037,,6037.0,20.0,2.0,6.0,2.0,1.71,-0.009,-0.06,1.092,32.0,28.11,0.0,19.0,0.0,4.0,2.34,0.04,-1.0,-0.04,0.23,-1.12,0.55,161.0,,,0.0,1.0,0.0,100.0
14080,1,walk,walk,6038,,6038.0,20.0,2.0,6.0,2.0,1.71,-0.009,0.015,1.11,32.0,28.14,0.0,19.0,0.0,4.0,2.34,0.04,-1.0,-0.04,0.25,-1.13,0.57,161.0,,,0.0,1.0,0.0,100.0
14100,1,walk,walk,6039,,6039.0,20.0,2.0,6.0,2.0,1.71,-0.009,0.036,1.099,32.0,28.14,0.0,19.0,0.0,4.0,2.35,0.04,-1.0,-0.04,0.27,-1.15,0.6,161.0,,,0.0,1.0,0.0,100.0
14120,1,walk,walk,6040,,6040.0,20.0,2.0,6.0,2.0,1.72,-0.009,-0.002,1.12,32.0,28.14,0.0,19.0,0.0,4.0,2.35,0.04,-1.0,-0.04,0.29,-1.17,0.63,161.0,,,0.0,1.0,0.0,100.0
14160,1,walk,walk,6041,,6041.0,20.0,2.0,6.0,2.0,1.72,-0.009,-0.018,1.121,32.0,28.14,0.0,19.0,0.0,4.0,2.34,0.04,-1.0,-0.04,0.32,-1.19,0.67,161.0,,,0.0,1.0,0.0,100.0
14160,1,walk,walk,6042,,6042.0,20.0,2.0,6.0,2.0,1.72,-0.009,-0.009,1.109,32.0,28.14,0.0,19.0,0.0,4.0,2.34,0.04,-1.0,-0.04,0.35,-1.2,0.7,161.0,,,0.0,1.0,0.0,100.0
14160,1,walk,walk,6043,,6043.0,20.0,2.0,6.0,2.0,1.72,-0.01,-0.023,1.13,32.0,28.14,0.0,19.0,0.0,4.0,2.33,0.04,-1.0,-0.04,0.38,-1.21,0.74,161.0,,,0.0,1.0,0.0,100.0
14200,1,walk,walk,6044,,6044.0,20.0,2.0,6.0,2.0,1.72,-0.009,-0.061,1.138,32.0,28.14,0.0,19.0,0.0,4.0,2.32,0.04,-1.0,-0.04,0.41,-1.22,0.77,161.0,,,0.0,1.0,0.0,100.0
14240,1,walk,walk,6045,,6045.0,20.0,2.0,6.0,2.0,1.72,-0.01,0.023,1.131,32.0,28.14,0.0,19.0,0.0,4.0,2.32,0.04,-1.0,-0.04,0.43,-1.23,0.79,161.0,,,0.0,1.0,0.0,100.0
14260,1,walk,walk,6046,,6046.0,20.0,2.0,6.0,2.0,1.72,-0.01,0.009,1.145,32.0,28.14,0.0,19.0,0.0,4.0,2.31,0.04,-1.0,-0.04,0.44,-1.23,0.82,161.0,,,0.0,1.0,0.0,100.0
14260,1,walk,walk,6047,,6047.0,20.0,2.0,6.0,2.0,1.72,-0.01,-0.007,1.143,32.0,28.11,0.0,19.0,0.0,4.0,2.3,0.04,-1.0,-0.04,0.45,-1.23,0.84,161.0,,,0.0,1.0,0.0,100.0
14280,1,walk,walk,6048,,6048.0,20.0,2.0,6.0,2.0,1.72,-0.01,0.006,1.14,32.0,28.14,0.0,19.0,0.0,4.0,2.3,0.04,-1.0,-0.04,0.46,-1.23,0.87,161.0,,,0.0,1.0,0.0,100.0
14300,1,walk,walk,6049,,6049.0,20.0,2.0,6.0,2.0,1.72,-0.01,0.048,1.198,32.0,28.14,0.0,19.0,0.0,4.0,2.3,0.04,-1.0,-0.04,0.45,-1.23,0.89,161.0,,,0.0,1.0,0.0,100.0
14320,1,walk,walk,6050,,6050.0,20.0,2.0,6.0,2.0,1.72,-0.01,-0.041,1.186,32.0,28.14,0.0,19.0,0.0,4.0,2.3,0.04,-1.0,-0.04,0.43,-1.23,0.91,161.0,,,0.0,1.0,0.0,100.0
14320,1,walk,walk,6051,,6051.0,20.0,2.0,6.0,2.0,1.72,-0.01,0.038,1.189,32.0,28.11,0.0,19.0,0.0,4.0,2.3,0.04,-1.0,-0.04,0.39,-1.23,0.93,161.0,,,0.0,1.0,0.0,100.0
14340,1,walk,walk,6052,,6052.0,20.0,2.0,6.0,2.0,1.72,-0.01,0.1,1.168,32.0,28.11,0.0,19.0,0.0,4.0,2.3,0.04,-1.0,-0.04,0.34,-1.23,0.94,161.0,,,0.0,1.0,0.0,100.0
14380,1,walk,walk,6053,,6053.0,20.0,2.0,6.0,2.0,1.72,-0.01,-0.089,1.201,32.0,28.11,0.0,19.0,0.0,4.0,2.3,0.04,-1.0,-0.04,0.28,-1.22,0.95,161.0,,,0.0,1.0,0.0,100.0
14380,1,walk,walk,6054,,6054.0,20.0,2.0,6.0,2.0,1.71,-0.01,0.001,1.187,32.0,28.11,0.0,19.0,0.0,4.0,2.29,0.04,-1.0,-0.04,0.2,-1.21,0.95,161.0,,,0.0,1.0,0.0,100.0
14400,1,walk,walk,6055,,6055.0,20.0,2.0,6.0,2.0,1.71,-0.01,0.053,1.188,32.0,28.11,0.0,19.0,0.0,4.0,2.28,0.04,-1.0,-0.04,0.12,-1.19,0.94,161.0,,,0.0,1.0,0.0,100.0
14420,1,walk,walk,6056,,6056.0,20.0,2.0,6.0,2.0,1.71,-0.01,0.01,1.195,32.0,28.14,0.0,19.0,0.0,4.0,2.27,0.04,-1.0,-0.04,0.04,-1.17,0.92,161.0,,,0.0,1.0,0.0,100.0
14440,1,walk,walk,6057,,6057.0,20.0,2.0,6.0,2.0,1.7,-0.01,0.093,1.167,32.0,28.14,0.0,19.0,0.0,4.0,2.26,0.04,-1.0,-0.04,-0.05,-1.14,0.89,161.0,,,0.0,1.0,0.0,100.0
14480,1,walk,walk,6058,,6058.0,20.0,2.0,6.0,2.0,1.7,-0.01,-0.015,1.17,32.0,28.14,0.0,19.0,0.0,4.0,2.25,0.04,-1.0,-0.04,-0.12,-1.11,0.85,161.0,,,0.0,1.0,0.0,100.0
14480,1,walk,walk,6059,,6059.0,20.0,2.0,6.0,2.0,1.69,-0.01,0.032,1.171,32.0,28.14,0.0,19.0,0.0,4.0,2.24,0.04,-1.0,-0.04,-0.19,-1.07,0.8,161.0,,,0.0,1.0,0.0,100.0
14500,1,walk,walk,6060,,6060.0,20.0,2.0,6.0,2.0,1.69,-0.01,-0.007,1.178,32.0,28.14,0.0,19.0,0.0,4.0,2.23,0.04,-1.0,-0.04,-0.25,-1.03,0.75,161.0,,,0.0,1.0,0.0,100.0
14540,1,walk,walk,6061,,6061.0,20.0,2.0,6.0,2.0,1.68,-0.01,0.013,1.148,32.0,28.14,0.0,19.0,0.0,4.0,2.22,0.04,-1.0,-0.04,-0.3,-0.99,0.69,161.0,,,0.0,1.0,0.0,100.0
14560,1,walk,walk,6062,,6062.0,20.0,2.0,6.0,2.0,1.68,-0.01,-0.072,1.16,32.0,28.14,0.0,19.0,0.0,4.0,2.22,0.04,-1.0,-0.04,-0.34,-0.96,0.64,161.0,,,0.0,1.0,0.0,100.0
14560,1,walk,walk,6063,,6063.0,20.0,2.0,6.0,2.0,1.68,-0.01,-0.011,1.128,32.0,28.11,0.0,19.0,0.0,4.0,2.21,0.04,-1.0,-0.04,-0.37,-0.92,0.59,161.0,,,0.0,1.0,0.0,100.0
14580,1,walk,walk,6064,,6064.0,20.0,2.0,6.0,2.0,1.67,-0.01,0.025,1.149,32.0,28.14,0.0,19.0,0.0,4.0,2.21,0.04,-1.0,-0.04,-0.39,-0.89,0.54,161.0,,,0.0,1.0,0.0,100.0
14640,1,walk,walk,6065,,6065.0,20.0,2.0,6.0,2.0,1.67,-0.01,0.065,1.131,32.0,28.14,0.0,19.0,0.0,4.0,2.21,0.04,-1.0,-0.04,-0.39,-0.86,0.5,161.0,,,0.0,1.0,0.0,100.0
14640,1,walk,walk,6066,,6066.0,20.0,2.0,6.0,2.0,1.66,-0.01,-0.003,1.137,32.0,28.14,0.0,19.0,0.0,4.0,2.22,0.04,-1.0,-0.04,-0.37,-0.85,0.45,161.0,,,0.0,1.0,0.0,100.0
14640,1,walk,walk,6067,,6067.0,20.0,2.0,6.0,2.0,1.66,-0.01,-0.026,1.136,32.0,28.14,0.0,19.0,0.0,4.0,2.22,0.04,-1.0,-0.04,-0.33,-0.84,0.41,161.0,,,0.0,1.0,0.0,100.0
14680,1,walk,walk,6068,,6068.0,20.0,2.0,6.0,2.0,1.66,-0.01,-0.092,1.112,32.0,28.14,0.0,19.0,0.0,4.0,2.23,0.04,-1.0,-0.04,-0.28,-0.83,0.38,161.0,,,0.0,1.0,0.0,100.0
14680,1,walk,walk,6069,,6069.0,20.0,2.0,6.0,2.0,1.65,-0.01,-0.158,1.119,32.0,28.14,0.0,19.0,0.0,4.0,2.24,0.04,-1.0,-0.05,-0.23,-0.84,0.36,161.0,,,0.0,1.0,0.0,100.0
14700,1,walk,walk,6070,,6070.0,20.0,2.0,6.0,2.0,1.65,-0.01,-0.096,1.122,32.0,28.11,0.0,19.0,0.0,4.0,2.25,0.04,-1.0,-0.05,-0.18,-0.85,0.35,161.0,,,0.0,1.0,0.0,100.0
14740,1,walk,walk,6071,,6071.0,20.0,2.0,6.0,2.0,1.65,-0.01,0.015,1.108,32.0,28.14,0.0,19.0,0.0,4.0,2.26,0.04,-1.0,-0.05,-0.12,-0.86,0.36,161.0,,,0.0,1.0,0.0,100.0
14740,1,walk,walk,6072,,6072.0,20.0,2.0,6.0,2.0,1.65,-0.01,-0.023,1.118,32.0,28.14,0.0,19.0,0.0,4.0,2.28,0.04,-1.0,-0.05,-0.06,-0.88,0.38,161.0,,,0.0,1.0,0.0,100.0
14800,1,walk,walk,6073,,6073.0,20.0,2.0,6.0,2.0,1.65,-0.01,0.032,1.132,32.0,28.11,0.0,19.0,0.0,4.0,2.29,0.04,-1.0,-0.05,0.01,-0.9,0.41,161.0,,,0.0,1.0,0.0,100.0
14800,1,walk,walk,6074,,6074.0,20.0,2.0,6.0,2.0,1.65,-0.01,0.033,1.155,32.0,28.14,0.0,19.0,0.0,4.0,2.29,0.04,-1.0,-0.05,0.08,-0.92,0.44,161.0,,,0.0,1.0,0.0,100.0
14800,1,walk,walk,6075,,6075.0,20.0,2.0,6.0,2.0,1.65,-0.01,0.026,1.139,32.0,28.14,0.0,19.0,0.0,4.0,2.3,0.04,-1.0,-0.05,0.14,-0.94,0.46,161.0,,,0.0,1.0,0.0,100.0
14820,1,walk,walk,6076,,6076.0,20.0,2.0,6.0,2.0,1.65,-0.01,0.001,1.128,32.0,28.11,0.0,19.0,0.0,4.0,2.3,0.04,-1.0,-0.05,0.21,-0.95,0.48,161.0,,,0.0,1.0,0.0,100.0
14860,1,walk,walk,6077,,6077.0,20.0,2.0,6.0,2.0,1.65,-0.009,-0.076,1.124,32.0,28.11,0.0,19.0,0.0,4.0,2.3,0.04,-1.0,-0.05,0.27,-0.96,0.48,161.0,,,0.0,1.0,0.0,100.0
14860,1,walk,walk,6078,,6078.0,20.0,2.0,6.0,2.0,1.66,-0.009,-0.007,1.113,32.0,28.14,0.0,19.0,0.0,4.0,2.3,0.04,-1.0,-0.05,0.33,-0.97,0.49,161.0,,,0.0,1.0,0.0,100.0
14880,1,walk,walk,6079,,6079.0,20.0,2.0,6.0,2.0,1.66,-0.009,0.036,1.117,32.0,28.14,0.0,19.0,0.0,4.0,2.3,0.04,-1.0,-0.05,0.38,-0.98,0.49,161.0,,,0.0,1.0,0.0,100.0
14920,1,walk,walk,6080,,6080.0,20.0,2.0,6.0,2.0,1.66,-0.009,-0.036,1.113,32.0,28.14,0.0,19.0,0.0,4.0,2.3,0.04,-1.0,-0.05,0.43,-0.99,0.5,161.0,,,0.0,1.0,0.0,100.0
14980,1,walk,walk,6081,,6081.0,20.0,2.0,6.0,2.0,1.66,-0.01,0.018,1.108,32.0,28.14,0.0,19.0,0.0,4.0,2.31,0.04,-1.0,-0.05,0.47,-1.0,0.51,161.0,,,0.0,1.0,0.0,100.0
14980,1,walk,walk,6082,,6082.0,20.0,2.0,6.0,2.0,1.67,-0.01,-0.032,1.12,32.0,28.11,0.0,19.0,0.0,4.0,2.31,0.04,-1.0,-0.05,0.51,-1.01,0.52,161.0,,,0.0,1.0,0.0,100.0
14980,1,walk,walk,6083,,6083.0,20.0,2.0,6.0,2.0,1.67,-0.009,0.032,1.128,32.0,28.14,0.0,19.0,0.0,4.0,2.32,0.04,-1.0,-0.05,0.53,-1.01,0.53,161.0,,,0.0,1.0,0.0,100.0
14980,1,walk,walk,6084,,6084.0,20.0,2.0,6.0,2.0,1.67,-0.01,0.085,1.118,32.0,28.14,0.0,19.0,0.0,4.0,2.32,0.04,-1.0,-0.05,0.53,-1.02,0.55,161.0,,,0.0,1.0,0.0,100.0
15000,1,walk,walk,6085,,6085.0,20.0,2.0,6.0,2.0,1.68,-0.01,0.042,1.127,32.0,28.14,0.0,19.0,0.0,4.0,2.33,0.04,-1.0,-0.05,0.52,-1.03,0.57,161.0,,,0.0,1.0,0.0,100.0
15020,1,walk,walk,6086,,6086.0,20.0,2.0,6.0,2.0,1.68,-0.009,0.056,1.143,32.0,28.14,0.0,19.0,0.0,4.0,2.33,0.04,-1.0,-0.04,0.49,-1.03,0.59,161.0,,,0.0,1.0,0.0,100.0
15040,1,walk,walk,6087,,6087.0,20.0,2.0,6.0,2.0,1.68,-0.01,-0.103,1.125,32.0,28.14,0.0,19.0,0.0,4.0,2.34,0.04,-1.0,-0.04,0.45,-1.04,0.62,161.0,,,0.0,1.0,0.0,100.0
15060,1,walk,walk,6088,,6088.0,20.0,2.0,6.0,2.0,1.68,-0.01,0.011,1.122,32.0,28.11,0.0,19.0,0.0,4.0,2.34,0.04,-1.0,-0.04,0.41,-1.05,0.66,161.0,,,0.0,1.0,0.0,100.0
15100,1,walk,walk,6089,,6089.0,20.0,2.0,6.0,2.0,1.69,-0.01,-0.061,1.134,32.0,28.14,0.0,19.0,0.0,4.0,2.34,0.04,-1.0,-0.04,0.36,-1.06,0.7,161.0,,,0.0,1.0,0.0,100.0
15120,1,walk,walk,6090,,6090.0,20.0,2.0,6.0,2.0,1.69,-0.009,-0.023,1.122,32.0,28.14,0.0,19.0,0.0,4.0,2.35,0.04,-1.0,-0.04,0.32,-1.06,0.75,161.0,,,0.0,1.0,0.0,100.0
15140,1,walk,walk,6091,,6091.0,20.0,2.0,6.0,2.0,1.69,-0.01,0.009,1.146,32.0,28.14,0.0,19.0,0.0,4.0,2.34,0.04,-1.0,-0.04,0.28,-1.06,0.79,161.0,,,0.0,1.0,0.0,100.0
15140,1,walk,walk,6092,,6092.0,20.0,2.0,6.0,2.0,1.69,-0.009,0.053,1.12,32.0,28.14,0.0,19.0,0.0,4.0,2.34,0.04,-1.0,-0.04,0.25,-1.05,0.83,161.0,,,0.0,1.0,0.0,100.0
15180,1,walk,walk,6093,,6093.0,20.0,2.0,6.0,2.0,1.69,-0.01,-0.056,1.127,32.0,28.14,0.0,19.0,0.0,4.0,2.33,0.04,-1.0,-0.04,0.22,-1.04,0.86,161.0,,,0.0,1.0,0.0,100.0
15180,1,walk,walk,6094,,6094.0,20.0,2.0,6.0,2.0,1.7,-0.01,-0.045,1.111,32.0,28.14,0.0,19.0,0.0,4.0,2.32,0.04,-1.0,-0.04,0.2,-1.03,0.88,161.0,,,0.0,1.0,0.0,100.0
15200,1,walk,walk,6095,,6095.0,20.0,2.0,6.0,2.0,1.7,-0.01,-0.037,1.108,32.0,28.14,0.0,19.0,0.0,4.0,2.31,0.04,-1.0,-0.04,0.2,-1.01,0.87,161.0,,,0.0,1.0,0.0,100.0
15220,1,walk,walk,6096,,6096.0,20.0,2.0,6.0,2.0,1.7,-0.01,0.022,1.13,32.0,28.14,0.0,19.0,0.0,4.0,2.29,0.04,-1.0,-0.04,0.21,-0.99,0.85,161.0,,,0.0,1.0,0.0,100.0
15240,1,walk,walk,6097,,6097.0,20.0,2.0,6.0,2.0,1.7,-0.01,-0.018,1.103,32.0,28.14,0.0,19.0,0.0,4.0,2.28,0.04,-1.0,-0.04,0.22,-0.98,0.81,161.0,,,0.0,1.0,0.0,100.0
15300,1,walk,walk,6098,,6098.0,20.0,2.0,6.0,2.0,1.7,-0.009,-0.029,1.106,32.0,28.14,0.0,19.0,0.0,4.0,2.27,0.04,-1.0,-0.04,0.25,-0.96,0.75,161.0,,,0.0,1.0,0.0,100.0
15300,1,walk,walk,6099,,6099.0,20.0,2.0,6.0,2.0,1.69,-0.009,-0.049,1.093,32.0,28.14,0.0,19.0,0.0,4.0,2.27,0.04,-1.0,-0.04,0.27,-0.94,0.68,161.0,,,0.0,1.0,0.0,100.0
15300,1,walk,walk,6100,,6100.0,20.0,2.0,6.0,2.0,1.69,-0.009,0.03,1.11,32.0,28.14,0.0,19.0,0.0,4.0,2.27,0.04,-1.0,-0.04,0.31,-0.92,0.61,161.0,,,0.0,1.0,0.0,100.0
15340,1,walk,walk,6101,,6101.0,20.0,2.0,6.0,2.0,1.69,-0.009,-0.045,1.092,32.0,28.14,0.0,19.0,0.0,4.0,2.27,0.04,-1.0,-0.04,0.34,-0.91,0.54,161.0,,,0.0,1.0,0.0,100.0
15360,1,walk,walk,6102,,6102.0,20.0,2.0,6.0,2.0,1.69,-0.009,-0.011,1.075,32.0,28.14,0.0,19.0,0.0,4.0,2.27,0.04,-1.0,-0.04,0.39,-0.9,0.47,161.0,,,0.0,1.0,0.0,100.0
15360,1,walk,walk,6103,,6103.0,20.0,2.0,6.0,2.0,1.69,-0.009,0.057,1.104,32.0,28.14,0.0,19.0,0.0,4.0,2.28,0.04,-1.0,-0.04,0.43,-0.89,0.41,161.0,,,0.0,1.0,0.0,100.0
15400,1,walk,walk,6104,,6104.0,20.0,2.0,6.0,2.0,1.69,-0.009,-0.01,1.098,32.0,28.14,0.0,19.0,0.0,4.0,2.29,0.04,-1.0,-0.04,0.48,-0.9,0.36,161.0,,,0.0,1.0,0.0,100.0
15420,1,walk,walk,6105,,6105.0,20.0,2.0,6.0,2.0,1.68,-0.009,0.064,1.092,32.0,28.14,0.0,19.0,0.0,4.0,2.31,0.04,-1.0,-0.04,0.51,-0.9,0.32,161.0,,,0.0,1.0,0.0,100.0
15440,1,walk,walk,6106,,6106.0,20.0,2.0,6.0,2.0,1.68,-0.009,0.06,1.089,32.0,28.14,0.0,19.0,0.0,4.0,2.32,0.04,-1.0,-0.04,0.54,-0.92,0.29,161.0,,,0.0,1.0,0.0,100.0
15440,1,walk,walk,6107,,6107.0,20.0,2.0,6.0,2.0,1.68,-0.009,0.045,1.1,32.0,28.14,0.0,19.0,0.0,4.0,2.34,0.04,-1.0,-0.04,0.55,-0.94,0.29,161.0,,,0.0,1.0,0.0,100.0
15460,1,walk,walk,6108,,6108.0,20.0,2.0,6.0,2.0,1.68,-0.009,0.013,1.089,32.0,28.14,0.0,19.0,0.0,4.0,2.36,0.04,-1.0,-0.04,0.55,-0.96,0.3,161.0,,,0.0,1.0,0.0,100.0
15480,1,walk,walk,6109,,6109.0,20.0,2.0,6.0,2.0,1.68,-0.009,-0.015,1.087,32.0,28.14,0.0,19.0,0.0,4.0,2.37,0.04,-1.0,-0.04,0.54,-0.99,0.34,161.0,,,0.0,1.0,0.0,100.0
15500,1,walk,walk,6110,,6110.0,20.0,2.0,6.0,2.0,1.68,-0.009,-0.032,1.075,32.0,28.14,0.0,19.0,0.0,4.0,2.38,0.04,-1.0,-0.04,0.52,-1.01,0.38,161.0,,,0.0,1.0,0.0,100.0
15540,1,walk,walk,6111,,6111.0,20.0,2.0,6.0,2.0,1.69,-0.009,0.025,1.061,32.0,28.14,0.0,19.0,0.0,4.0,2.39,0.04,-1.0,-0.04,0.48,-1.04,0.43,161.0,,,0.0,1.0,0.0,100.0
15540,1,walk,walk,6112,,6112.0,20.0,2.0,6.0,2.0,1.69,-0.009,-0.088,1.112,32.0,28.14,0.0,19.0,0.0,4.0,2.4,0.04,-1.0,-0.04,0.45,-1.06,0.49,161.0,,,0.0,1.0,0.0,100.0
15600,1,walk,walk,6113,,6113.0,20.0,2.0,6.0,2.0,1.69,-0.009,-0.066,1.085,32.0,28.14,0.0,19.0,0.0,4.0,2.4,0.04,-1.0,-0.04,0.41,-1.09,0.54,161.0,,,0.0,1.0,0.0,100.0
15600,1,walk,walk,6114,,6114.0,20.0,2.0,6.0,2.0,1.69,-0.009,-0.025,1.101,32.0,28.14,0.0,19.0,0.0,4.0,2.4,0.04,-1.0,-0.04,0.37,-1.1,0.59,161.0,,,0.0,1.0,0.0,100.0
15620,1,walk,walk,6115,,6115.0,20.0,2.0,6.0,2.0,1.7,-0.009,-0.108,1.09,32.0,28.14,0.0,19.0,0.0,4.0,2.4,0.04,-1.0,-0.04,0.34,-1.12,0.63,161.0,,,0.0,1.0,0.0,100.0
15660,1,walk,walk,6116,,6116.0,20.0,2.0,6.0,2.0,1.7,-0.009,-0.011,1.094,32.0,28.14,0.0,19.0,0.0,4.0,2.4,0.04,-1.0,-0.04,0.32,-1.13,0.66,161.0,,,0.0,1.0,0.0,100.0
15660,1,walk,walk,6117,,6117.0,20.0,2.0,6.0,2.0,1.71,-0.009,0.005,1.116,32.0,28.14,0.0,19.0,0.0,4.0,2.39,0.04,-1.0,-0.04,0.3,-1.14,0.69,161.0,,,0.0,1.0,0.0,100.0
15660,1,walk,walk,6118,,6118.0,20.0,2.0,6.0,2.0,1.71,-0.009,0.032,1.113,32.0,28.14,0.0,19.0,0.0,4.0,2.38,0.04,-1.0,-0.04,0.28,-1.15,0.72,161.0,,,0.0,1.0,0.0,100.0
15700,1,walk,walk,6119,,6119.0,20.0,2.0,6.0,2.0,1.71,-0.009,-0.006,1.111,32.0,28.14,0.0,19.0,0.0,4.0,2.37,0.04,-1.0,-0.04,0.27,-1.15,0.74,161.0,,,0.0,1.0,0.0,100.0
15700,1,walk,walk,6120,,6120.0,20.0,2.0,6.0,2.0,1.72,-0.009,-0.013,1.12,32.0,28.14,0.0,19.0,0.0,4.0,2.37,0.04,-1.0,-0.04,0.25,-1.16,0.77,161.0,,,0.0,1.0,0.0,100.0
15720,1,walk,walk,6121,,6121.0,20.0,2.0,6.0,2.0,1.72,-0.01,-0.048,1.114,32.0,28.14,0.0,19.0,0.0,4.0,2.36,0.04,-1.0,-0.04,0.23,-1.16,0.79,161.0,,,0.0,1.0,0.0,100.0
15740,1,walk,walk,6122,,6122.0,20.0,2.0,6.0,2.0,1.72,-0.009,0.025,1.118,32.0,28.14,0.0,19.0,0.0,4.0,2.36,0.04,-1.0,-0.04,0.2,-1.16,0.82,161.0,,,0.0,1.0,0.0,100.0
15760,1,walk,walk,6123,,6123.0,20.0,2.0,6.0,2.0,1.72,-0.009,-0.009,1.119,32.0,28.11,0.0,19.0,0.0,4.0,2.35,0.04,-1.0,-0.04,0.17,-1.16,0.86,161.0,,,0.0,1.0,0.0,100.0
15780,1,walk,walk,6124,,6124.0,20.0,2.0,6.0,2.0,1.72,-0.01,-0.046,1.109,32.0,28.14,0.0,19.0,0.0,4.0,2.35,0.04,-1.0,-0.04,0.12,-1.17,0.89,161.0,,,0.0,1.0,0.0,100.0
15820,1,walk,walk,6125,,6125.0,20.0,2.0,6.0,2.0,1.73,-0.01,-0.045,1.136,32.0,28.11,0.0,19.0,0.0,4.0,2.34,0.04,-1.0,-0.04,0.08,-1.19,0.93,161.0,,,0.0,1.0,0.0,100.0
15820,1,walk,walk,6126,,6126.0,20.0,2.0,6.0,2.0,1.73,-0.01,0.022,1.135,32.0,28.14,0.0,19.0,0.0,4.0,2.34,0.04,-1.0,-0.04,0.03,-1.21,0.95,161.0,,,0.0,1.0,0.0,100.0
15840,1,walk,walk,6127,,6127.0,20.0,2.0,6.0,2.0,1.73,-0.01,-0.001,1.128,32.0,28.11,0.0,19.0,0.0,4.0,2.33,0.04,-1.0,-0.04,-0.01,-1.23,0.97,161.0,,,0.0,1.0,0.0,100.0
15860,1,walk,walk,6128,,6128.0,20.0,2.0,6.0,2.0,1.72,-0.01,0.001,1.12,32.0,28.14,0.0,19.0,0.0,4.0,2.32,0.04,-1.0,-0.04,-0.05,-1.24,0.98,161.0,,,0.0,1.0,0.0,100.0
15880,1,walk,walk,6129,,6129.0,20.0,2.0,6.0,2.0,1.72,-0.01,0.058,1.147,32.0,28.14,0.0,19.0,0.0,4.0,2.3,0.04,-1.0,-0.04,-0.08,-1.24,0.98,161.0,,,0.0,1.0,0.0,100.0
15920,1,walk,walk,6130,,6130.0,20.0,2.0,6.0,2.0,1.72,-0.01,-0.124,1.118,32.0,28.14,0.0,19.0,0.0,4.0,2.29,0.04,-1.0,-0.04,-0.1,-1.24,0.97,161.0,,,0.0,1.0,0.0,100.0
15940,1,walk,walk,6131,,6131.0,20.0,2.0,6.0,2.0,1.72,-0.01,0.07,1.117,32.0,28.14,0.0,19.0,0.0,4.0,2.27,0.04,-1.0,-0.04,-0.12,-1.23,0.94,161.0,,,0.0,1.0,0.0,100.0
15980,1,walk,walk,6132,,6132.0,20.0,2.0,6.0,2.0,1.72,-0.01,-0.036,1.145,32.0,28.14,0.0,19.0,0.0,4.0,2.25,0.04,-1.0,-0.04,-0.12,-1.22,0.91,161.0,,,0.0,1.0,0.0,100.0
15980,1,walk,walk,6133,,6133.0,20.0,2.0,6.0,2.0,1.71,-0.01,0.006,1.133,32.0,28.14,0.0,19.0,0.0,4.0,2.24,0.04,-1.0,-0.04,-0.1,-1.2,0.87,161.0,,,0.0,1.0,0.0,100.0
16000,1,walk,walk,6134,,6134.0,20.0,2.0,6.0,2.0,1.71,-0.01,0.013,1.117,32.0,28.14,0.0,19.0,0.0,4.0,2.22,0.04,-1.0,-0.04,-0.07,-1.19,0.82,161.0,,,0.0,1.0,0.0,100.0
16000,1,walk,walk,6135,,6135.0,20.0,2.0,6.0,2.0,1.7,-0.01,-0.05,1.131,32.0,28.14,0.0,19.0,0.0,4.0,2.21,0.04,-1.0,-0.04,-0.04,-1.17,0.78,161.0,,,0.0,1.0,0.0,100.0
16020,1,walk,walk,6136,,6136.0,20.0,2.0,6.0,2.0,1.7,-0.01,-0.056,1.137,32.0,28.14,0.0,19.0,0.0,4.0,2.21,0.04,-1.0,-0.04,0.0,-1.16,0.75,161.0,,,0.0,1.0,0.0,100.0
16060,1,walk,walk,6137,,6137.0,20.0,2.0,6.0,2.0,1.69,-0.01,-0.017,1.113,32.0,28.14,0.0,19.0,0.0,4.0,2.2,0.04,-1.0,-0.05,0.04,-1.14,0.72,161.0,,,0.0,1.0,0.0,100.0
16060,1,walk,walk,6138,,6138.0,20.0,2.0,6.0,2.0,1.69,-0.009,0.08,1.155,32.0,28.14,0.0,19.0,0.0,4.0,2.2,0.04,-1.0,-0.05,0.08,-1.13,0.71,161.0,,,0.0,1.0,0.0,100.0
16080,1,walk,walk,6139,,6139.0,20.0,2.0,6.0,2.0,1.69,-0.01,-0.04,1.133,32.0,28.14,0.0,19.0,0.0,4.0,2.2,0.04,-1.0,-0.05,0.11,-1.13,0.7,161.0,,,0.0,1.0,0.0,100.0
16100,1,walk,walk,6140,,6140.0,20.0,2.0,6.0,2.0,1.68,-0.01,0.057,1.12,32.0,28.14,0.0,19.0,0.0,4.0,2.2,0.04,-1.0,-0.05,0.14,-1.13,0.69,161.0,,,0.0,1.0,0.0,100.0
16160,1,walk,walk,6141,,6141.0,20.0,2.0,6.0,2.0,1.68,-0.01,-0.019,1.139,32.0,28.11,0.0,19.0,0.0,4.0,2.2,0.04,-1.0,-0.05,0.18,-1.13,0.68,161.0,,,0.0,1.0,0.0,100.0
16160,1,walk,walk,6142,,6142.0,20.0,2.0,6.0,2.0,1.67,-0.01,-0.06,1.147,32.0,28.14,0.0,19.0,0.0,4.0,2.2,0.04,-1.0,-0.05,0.22,-1.13,0.68,161.0,,,0.0,1.0,0.0,100.0
16180,1,walk,walk,6143,,6143.0,20.0,2.0,6.0,2.0,1.67,-0.009,0.107,1.144,32.0,28.11,0.0,19.0,0.0,4.0,2.2,0.04,-1.0,-0.05,0.25,-1.13,0.67,161.0,,,0.0,1.0,0.0,100.0
16180,1,walk,walk,6144,,6144.0,20.0,2.0,6.0,2.0,1.66,-0.01,-0.025,1.143,32.0,28.14,0.0,19.0,0.0,4.0,2.2,0.04,-1.0,-0.05,0.28,-1.14,0.66,161.0,,,0.0,1.0,0.0,100.0
16200,1,walk,walk,6145,,6145.0,20.0,2.0,6.0,2.0,1.66,-0.01,0.064,1.134,32.0,28.14,0.0,19.0,0.0,4.0,2.2,0.04,-1.0,-0.05,0.31,-1.14,0.65,161.0,,,0.0,1.0,0.0,100.0
16240,1,walk,walk,6146,,6146.0,20.0,2.0,6.0,2.0,1.66,-0.01,-0.075,1.125,32.0,28.14,0.0,19.0,0.0,4.0,2.21,0.04,-1.0,-0.05,0.32,-1.15,0.65,161.0,,,0.0,1.0,0.0,100.0
16240,1,walk,walk,6147,,6147.0,20.0,2.0,6.0,2.0,1.65,-0.01,-0.053,1.127,32.0,28.14,0.0,19.0,0.0,4.0,2.2,0.04,-1.0,-0.05,0.33,-1.15,0.64,161.0,,,0.0,1.0,0.0,100.0
16280,1,walk,walk,6148,,6148.0,20.0,2.0,6.0,2.0,1.65,-0.01,-0.036,1.137,32.0,28.14,0.0,19.0,0.0,4.0,2.2,0.04,-1.0,-0.05,0.34,-1.15,0.63,161.0,,,0.0,1.0,0.0,100.0
16300,1,walk,walk,6149,,6149.0,20.0,2.0,6.0,2.0,1.65,-0.01,0.095,1.126,32.0,28.11,0.0,19.0,0.0,4.0,2.2,0.04,-1.0,-0.04,0.34,-1.15,0.62,161.0,,,0.0,1.0,0.0,100.0
16340,1,walk,walk,6150,,6150.0,20.0,2.0,6.0,2.0,1.64,-0.01,-0.093,1.148,32.0,28.14,0.0,19.0,0.0,4.0,2.19,0.04,-1.0,-0.04,0.33,-1.15,0.62,161.0,,,0.0,1.0,0.0,100.0
16340,1,walk,walk,6151,,6151.0,20.0,2.0,6.0,2.0,1.64,-0.01,-0.014,1.153,32.0,28.14,0.0,19.0,0.0,4.0,2.19,0.04,-1.0,-0.04,0.32,-1.16,0.62,161.0,,,0.0,1.0,0.0,100.0
16360,1,walk,walk,6152,,6152.0,20.0,2.0,6.0,2.0,1.64,-0.01,0.04,1.152,32.0,28.14,0.0,19.0,0.0,4.0,2.19,0.04,-1.0,-0.04,0.31,-1.16,0.62,161.0,,,0.0,1.0,0.0,100.0
16360,1,walk,walk,6153,,6153.0,20.0,2.0,6.0,2.0,1.64,-0.01,-0.05,1.163,32.0,28.14,0.0,19.0,0.0,4.0,2.19,0.04,-1.0,-0.04,0.3,-1.17,0.63,161.0,,,0.0,1.0,0.0,100.0
16380,1,walk,walk,6154,,6154.0,20.0,2.0,6.0,2.0,1.63,-0.01,0.03,1.151,32.0,28.14,0.0,19.0,0.0,4.0,2.19,0.04,-1.0,-0.05,0.28,-1.18,0.64,161.0,,,0.0,1.0,0.0,100.0
16400,1,walk,walk,6155,,6155.0,20.0,2.0,6.0,2.0,1.63,-0.01,-0.034,1.14,32.0,28.14,0.0,19.0,0.0,4.0,2.19,0.04,-1.0,-0.05,0.26,-1.19,0.65,161.0,,,0.0,1.0,0.0,100.0
16420,1,walk,walk,6156,,6156.0,20.0,2.0,6.0,2.0,1.63,-0.01,0.092,1.15,32.0,28.14,0.0,19.0,0.0,4.0,2.19,0.04,-1.0,-0.05,0.24,-1.19,0.66,161.0,,,0.0,1.0,0.0,100.0
16440,1,walk,walk,6157,,6157.0,20.0,2.0,6.0,2.0,1.63,-0.01,-0.03,1.164,32.0,28.14,0.0,19.0,0.0,4.0,2.2,0.04,-1.0,-0.05,0.22,-1.19,0.68,161.0,,,0.0,1.0,0.0,100.0
16500,1,walk,walk,6158,,6158.0,20.0,2.0,6.0,2.0,1.63,-0.01,0.017,1.176,32.0,28.14,0.0,19.0,0.0,4.0,2.2,0.04,-1.0,-0.05,0.2,-1.19,0.7,161.0,,,0.0,1.0,0.0,100.0
16500,1,walk,walk,6159,,6159.0,20.0,2.0,6.0,2.0,1.63,-0.01,-0.069,1.149,32.0,28.14,0.0,19.0,0.0,4.0,2.2,0.04,-1.0,-0.05,0.17,-1.18,0.72,161.0,,,0.0,1.0,0.0,100.0
16500,1,walk,walk,6160,,6160.0,20.0,2.0,6.0,2.0,1.62,-0.01,-0.001,1.155,32.0,28.14,0.0,19.0,0.0,4.0,2.19,0.04,-1.0,-0.05,0.15,-1.17,0.73,161.0,,,0.0,1.0,0.0,100.0
16540,1,walk,walk,6161,,6161.0,20.0,2.0,6.0,2.0,1.62,-0.01,0.013,1.145,32.0,28.14,0.0,19.0,0.0,4.0,2.19,0.04,-1.0,-0.05,0.12,-1.16,0.74,161.0,,,0.0,1.0,0.0,100.0
16540,1,walk,walk,6162,,6162.0,20.0,2.0,6.0,2.0,1.62,-0.01,-0.017,1.15,32.0,28.11,0.0,19.0,0.0,4.0,2.19,0.04,-1.0,-0.05,0.1,-1.15,0.74,161.0,,,0.0,1.0,0.0,100.0
16560,1,walk,walk,6163,,6163.0,20.0,2.0,6.0,2.0,1.62,-0.01,0.05,1.182,32.0,28.14,0.0,19.0,0.0,4.0,2.18,0.04,-1.0,-0.05,0.07,-1.14,0.73,161.0,,,0.0,1.0,0.0,100.0
16600,1,walk,walk,6164,,6164.0,20.0,2.0,6.0,2.0,1.62,-0.01,-0.036,1.16,32.0,28.11,0.0,19.0,0.0,4.0,2.18,0.04,-1.0,-0.05,0.05,-1.15,0.72,161.0,,,0.0,1.0,0.0,100.0
16600,1,walk,walk,6165,,6165.0,20.0,2.0,6.0,2.0,1.62,-0.01,0.064,1.167,32.0,28.14,0.0,19.0,0.0,4.0,2.18,0.04,-1.0,-0.05,0.02,-1.16,0.71,161.0,,,0.0,1.0,0.0,100.0
16660,1,walk,walk,6166,,6166.0,20.0,2.0,6.0,2.0,1.62,-0.01,-0.084,1.177,32.0,28.11,0.0,19.0,0.0,4.0,2.18,0.04,-1.0,-0.05,0.0,-1.16,0.7,161.0,,,0.0,1.0,0.0,100.0
16660,1,walk,walk,6167,,6167.0,20.0,2.0,6.0,2.0,1.61,-0.01,-0.022,1.143,32.0,28.14,0.0,19.0,0.0,4.0,2.18,0.04,-1.0,-0.05,-0.02,-1.17,0.69,161.0,,,0.0,1.0,0.0,100.0
16660,1,walk,walk,6168,,6168.0,20.0,2.0,6.0,2.0,1.61,-0.01,-0.096,1.149,32.0,28.14,0.0,19.0,0.0,4.0,2.17,0.04,-1.0,-0.05,-0.04,-1.17,0.69,161.0,,,0.0,1.0,0.0,100.0
16680,1,walk,walk,6169,,6169.0,20.0,2.0,6.0,2.0,1.61,-0.01,0.025,1.152,32.0,28.14,0.0,19.0,0.0,4.0,2.17,0.04,-1.0,-0.05,-0.04,-1.18,0.68,161.0,,,0.0,1.0,0.0,100.0
16720,1,walk,walk,6170,,6170.0,20.0,2.0,6.0,2.0,1.61,-0.01,-0.007,1.169,32.0,28.14,0.0,19.0,0.0,4.0,2.17,0.04,-1.0,-0.05,-0.05,-1.18,0.67,161.0,,,0.0,1.0,0.0,100.0
16720,1,walk,walk,6171,,6171.0,20.0,2.0,6.0,2.0,1.61,-0.01,0.014,1.149,32.0,28.14,0.0,19.0,0.0,4.0,2.16,0.04,-1.0,-0.05,-0.04,-1.18,0.66,161.0,,,0.0,1.0,0.0,100.0
16740,1,walk,walk,6172,,6172.0,20.0,2.0,6.0,2.0,1.6,-0.01,0.088,1.177,32.0,28.11,0.0,19.0,0.0,4.0,2.16,0.04,-1.0,-0.05,-0.03,-1.18,0.66,161.0,,,0.0,1.0,0.0,100.0
16780,1,walk,walk,6173,,6173.0,20.0,2.0,6.0,2.0,1.6,-0.01,-0.068,1.161,32.0,28.14,0.0,19.0,0.0,4.0,2.15,0.04,-1.0,-0.05,-0.01,-1.17,0.65,161.0,,,0.0,1.0,0.0,100.0
16820,1,walk,walk,6174,,6174.0,20.0,2.0,6.0,2.0,1.6,-0.01,-0.025,1.127,32.0,28.14,0.0,19.0,0.0,4.0,2.15,0.04,-1.0,-0.05,0.0,-1.17,0.65,161.0,,,0.0,1.0,0.0,100.0
16820,1,walk,walk,6175,,6175.0,20.0,2.0,6.0,2.0,1.6,-0.01,0.028,1.147,32.0,28.11,0.0,19.0,0.0,4.0,2.15,0.04,-1.0,-0.05,0.02,-1.17,0.66,161.0,,,0.0,1.0,0.0,100.0
16840,1,walk,walk,6176,,6176.0,20.0,2.0,6.0,2.0,1.6,-0.01,-0.001,1.169,32.0,28.11,0.0,19.0,0.0,4.0,2.14,0.04,-1.0,-0.05,0.04,-1.17,0.67,161.0,,,0.0,1.0,0.0,100.0
16840,1,walk,walk,6177,,6177.0,20.0,2.0,6.0,2.0,1.59,-0.01,-0.006,1.151,32.0,28.14,0.0,19.0,0.0,4.0,2.14,0.04,-1.0,-0.05,0.06,-1.16,0.69,161.0,,,0.0,1.0,0.0,100.0
16860,1,walk,walk,6178,,6178.0,20.0,2.0,6.0,2.0,1.59,-0.01,-0.002,1.193,32.0,28.11,0.0,19.0,0.0,4.0,2.14,0.04,-1.0,-0.05,0.09,-1.15,0.7,161.0,,,0.0,1.0,0.0,100.0
16900,1,walk,walk,6179,,6179.0,20.0,2.0,6.0,2.0,1.59,-0.01,0.062,1.177,32.0,28.11,0.0,19.0,0.0,4.0,2.14,0.04,-1.0,-0.05,0.12,-1.14,0.7,161.0,,,0.0,1.0,0.0,100.0
16920,1,walk,walk,6180,,6180.0,20.0,2.0,6.0,2.0,1.59,-0.01,-0.092,1.166,32.0,28.14,0.0,19.0,0.0,4.0,2.13,0.04,-1.0,-0.05,0.15,-1.11,0.71,161.0,,,0.0,1.0,0.0,100.0
16940,1,walk,walk,6181,,6181.0,20.0,2.0,6.0,2.0,1.59,-0.01,-0.062,1.156,32.0,28.14,0.0,19.0,0.0,4.0,2.13,0.04,-1.0,-0.05,0.19,-1.08,0.7,161.0,,,0.0,1.0,0.0,100.0
16960,1,walk,walk,6182,,6182.0,20.0,2.0,6.0,2.0,1.58,-0.01,-0.073,1.145,32.0,28.11,0.0,19.0,0.0,4.0,2.13,0.04,-1.0,-0.05,0.23,-1.06,0.7,161.0,,,0.0,1.0,0.0,100.0
16960,1,walk,walk,6183,,6183.0,20.0,2.0,6.0,2.0,1.58,-0.01,-0.079,1.158,32.0,28.14,0.0,19.0,0.0,4.0,2.13,0.04,-1.0,-0.05,0.28,-1.03,0.7,161.0,,,0.0,1.0,0.0,100.0
17000,1,walk,walk,6184,,6184.0,20.0,2.0,6.0,2.0,1.58,-0.01,0.034,1.174,32.0,28.14,0.0,19.0,0.0,4.0,2.13,0.04,-1.0,-0.05,0.33,-1.02,0.71,161.0,,,0.0,1.0,0.0,100.0
17020,1,walk,walk,6185,,6185.0,20.0,2.0,6.0,2.0,1.58,-0.01,-0.007,1.152,32.0,28.11,0.0,19.0,0.0,4.0,2.13,0.04,-1.0,-0.05,0.37,-1.0,0.73,161.0,,,0.0,1.0,0.0,100.0
17020,1,walk,walk,6186,,6186.0,20.0,2.0,6.0,2.0,1.58,-0.01,0.021,1.162,32.0,28.14,0.0,19.0,0.0,4.0,2.13,0.04,-1.0,-0.05,0.41,-1.0,0.74,161.0,,,0.0,1.0,0.0,100.0
17040,1,walk,walk,6187,,6187.0,20.0,2.0,6.0,2.0,1.57,-0.01,-0.007,1.17,32.0,28.14,0.0,19.0,0.0,4.0,2.13,0.04,-1.0,-0.05,0.43,-1.0,0.77,161.0,,,0.0,1.0,0.0,100.0
17100,1,walk,walk,6188,,6188.0,20.0,2.0,6.0,2.0,1.57,-0.01,-0.029,1.172,32.0,28.14,0.0,19.0,0.0,4.0,2.12,0.04,-1.0,-0.05,0.45,-1.0,0.79,161.0,,,0.0,1.0,0.0,100.0
17120,1,walk,walk,6189,,6189.0,20.0,2.0,6.0,2.0,1.57,-0.01,0.073,1.182,32.0,28.14,0.0,19.0,0.0,4.0,2.12,0.04,-1.0,-0.05,0.46,-1.0,0.8,161.0,,,0.0,1.0,0.0,100.0
17120,1,walk,walk,6190,,6190.0,20.0,2.0,6.0,2.0,1.57,-0.01,-0.007,1.191,32.0,28.14,0.0,19.0,0.0,4.0,2.11,0.04,-1.0,-0.05,0.47,-1.0,0.82,161.0,,,0.0,1.0,0.0,100.0
17140,1,walk,walk,6191,,6191.0,20.0,2.0,6.0,2.0,1.56,-0.01,-0.025,1.158,32.0,28.14,0.0,19.0,0.0,4.0,2.11,0.04,-1.0,-0.05,0.47,-1.0,0.82,161.0,,,0.0,1.0,0.0,100.0
17160,1,walk,walk,6192,,6192.0,20.0,2.0,6.0,2.0,1.56,-0.01,-0.054,1.164,32.0,28.14,0.0,19.0,0.0,4.0,2.1,0.04,-1.0,-0.05,0.47,-1.0,0.81,161.0,,,0.0,1.0,0.0,100.0
17160,1,walk,walk,6193,,6193.0,20.0,2.0,6.0,2.0,1.56,-0.01,0.011,1.171,32.0,28.14,0.0,19.0,0.0,4.0,2.09,0.04,-1.0,-0.05,0.46,-0.99,0.79,161.0,,,0.0,1.0,0.0,100.0
17200,1,walk,walk,6194,,6194.0,20.0,2.0,6.0,2.0,1.56,-0.01,-0.093,1.19,32.0,28.11,0.0,19.0,0.0,4.0,2.08,0.04,-1.0,-0.05,0.45,-0.98,0.77,161.0,,,0.0,1.0,0.0,100.0
17200,1,walk,walk,6195,,6195.0,20.0,2.0,6.0,2.0,1.55,-0.01,-0.032,1.17,32.0,28.14,0.0,19.0,0.0,4.0,2.08,0.04,-1.0,-0.05,0.44,-0.96,0.74,161.0,,,0.0,1.0,0.0,100.0
17240,1,walk,walk,6196,,6196.0,20.0,2.0,6.0,2.0,1.55,-0.01,0.009,1.189,32.0,28.14,0.0,19.0,0.0,4.0,2.08,0.04,-1.0,-0.05,0.42,-0.95,0.71,161.0,,,0.0,1.0,0.0,100.0
17260,1,walk,walk,6197,,6197.0,20.0,2.0,6.0,2.0,1.55,-0.01,-0.015,1.178,32.0,28.14,0.0,19.0,0.0,4.0,2.07,0.04,-1.0,-0.05,0.4,-0.95,0.69,161.0,,,0.0,1.0,0.0,100.0
17260,1,walk,walk,6198,,6198.0,20.0,2.0,6.0,2.0,1.54,-0.01,-0.072,1.203,32.0,28.14,0.0,19.0,0.0,4.0,2.07,0.04,-1.0,-0.05,0.38,-0.94,0.67,161.0,,,0.0,1.0,0.0,100.0
17280,1,walk,walk,6199,,6199.0,20.0,2.0,6.0,2.0,1.54,-0.01,-0.022,1.185,32.0,28.14,0.0,19.0,0.0,4.0,2.08,0.04,-1.0,-0.05,0.36,-0.93,0.66,161.0,,,0.0,1.0,0.0,100.0
17320,1,walk,walk,6200,,6200.0,20.0,2.0,6.0,2.0,1.54,-0.01,0.013,1.178,32.0,28.14,0.0,19.0,0.0,4.0,2.08,0.04,-1.0,-0.05,0.33,-0.93,0.65,161.0,,,0.0,1.0,0.0,100.0
17320,1,walk,walk,6201,,6201.0,20.0,2.0,6.0,2.0,1.53,-0.01,0.104,1.166,32.0,28.14,0.0,19.0,0.0,4.0,2.08,0.04,-1.0,-0.05,0.29,-0.92,0.66,161.0,,,0.0,1.0,0.0,100.0
17340,1,walk,walk,6202,,6202.0,20.0,2.0,6.0,2.0,1.53,-0.01,0.032,1.191,32.0,28.14,0.0,19.0,0.0,4.0,2.08,0.04,-1.0,-0.05,0.25,-0.92,0.67,161.0,,,0.0,1.0,0.0,100.0
17380,1,walk,walk,6203,,6203.0,20.0,2.0,6.0,2.0,1.53,-0.01,0.07,1.194,32.0,28.14,0.0,19.0,0.0,4.0,2.07,0.04,-1.0,-0.05,0.21,-0.91,0.68,161.0,,,0.0,1.0,0.0,100.0
17380,1,walk,walk,6204,,6204.0,20.0,2.0,6.0,2.0,1.52,-0.01,0.04,1.166,32.0,28.11,0.0,19.0,0.0,4.0,2.07,0.04,-1.0,-0.05,0.17,-0.89,0.69,161.0,,,0.0,1.0,0.0,100.0
17400,1,walk,walk,6205,,6205.0,20.0,2.0,6.0,2.0,1.52,-0.01,-0.052,1.182,32.0,28.11,0.0,19.0,0.0,4.0,2.07,0.04,-1.0,-0.05,0.12,-0.88,0.69,161.0,,,0.0,1.0,0.0,100.0
17420,1,walk,walk,6206,,6206.0,20.0,2.0,6.0,2.0,1.52,-0.01,0.04,1.178,32.0,28.11,0.0,19.0,0.0,4.0,2.07,0.04,-1.0,-0.05,0.08,-0.88,0.7,161.0,,,0.0,1.0,0.0,100.0
17480,1,walk,walk,6207,,6207.0,20.0,2.0,6.0,2.0,1.52,-0.01,-0.049,1.186,32.0,28.14,0.0,19.0,0.0,4.0,2.07,0.04,-1.0,-0.05,0.03,-0.87,0.7,161.0,,,0.0,1.0,0.0,100.0
17480,1,walk,walk,6208,,6208.0,20.0,2.0,6.0,2.0,1.51,-0.01,-0.048,1.182,32.0,28.14,0.0,19.0,0.0,4.0,2.07,0.04,-1.0,-0.05,-0.01,-0.87,0.71,161.0,,,0.0,1.0,0.0,100.0
17500,1,walk,walk,6209,,6209.0,20.0,2.0,6.0,2.0,1.51,-0.01,-0.053,1.19,32.0,28.14,0.0,19.0,0.0,4.0,2.07,0.04,-1.0,-0.05,-0.06,-0.88,0.72,161.0,,,0.0,1.0,0.0,100.0
17500,1,walk,walk,6210,,6210.0,20.0,2.0,6.0,2.0,1.51,-0.01,-0.023,1.186,32.0,28.14,0.0,19.0,0.0,4.0,2.07,0.04,-1.0,-0.05,-0.09,-0.88,0.72,161.0,,,0.0,1.0,0.0,100.0
17520,1,walk,walk,6211,,6211.0,20.0,2.0,6.0,2.0,1.51,-0.01,0.025,1.191,32.0,28.14,0.0,19.0,0.0,4.0,2.06,0.04,-1.0,-0.05,-0.11,-0.89,0.73,161.0,,,0.0,1.0,0.0,100.0
17560,1,walk,walk,6212,,6212.0,20.0,2.0,6.0,2.0,1.5,-0.01,-0.023,1.187,32.0,28.14,0.0,19.0,0.0,4.0,2.05,0.04,-1.0,-0.05,-0.12,-0.9,0.73,161.0,,,0.0,1.0,0.0,100.0
17560,1,walk,walk,6213,,6213.0,20.0,2.0,6.0,2.0,1.5,-0.01,0.001,1.178,32.0,28.11,0.0,19.0,0.0,4.0,2.05,0.04,-1.0,-0.05,-0.11,-0.91,0.72,161.0,,,0.0,1.0,0.0,100.0
17580,1,walk,walk,6214,,6214.0,20.0,2.0,6.0,2.0,1.5,-0.01,0.025,1.174,32.0,28.14,0.0,19.0,0.0,4.0,2.04,0.04,-1.0,-0.05,-0.1,-0.92,0.71,161.0,,,0.0,1.0,0.0,100.0
17620,1,walk,walk,6215,,6215.0,20.0,2.0,6.0,2.0,1.5,-0.01,0.069,1.19,32.0,28.14,0.0,19.0,0.0,4.0,2.04,0.04,-1.0,-0.05,-0.09,-0.92,0.7,161.0,,,0.0,1.0,0.0,100.0
17620,1,walk,walk,6216,,6216.0,20.0,2.0,6.0,2.0,1.49,-0.01,0.005,1.18,32.0,28.14,0.0,19.0,0.0,4.0,2.04,0.04,-1.0,-0.05,-0.07,-0.93,0.7,161.0,,,0.0,1.0,0.0,100.0
17640,1,walk,walk,6217,,6217.0,20.0,2.0,6.0,2.0,1.49,-0.01,-0.022,1.187,32.0,28.14,0.0,19.0,0.0,4.0,2.04,0.04,-1.0,-0.05,-0.05,-0.93,0.7,161.0,,,0.0,1.0,0.0,100.0
17700,1,walk,walk,6218,,6218.0,20.0,2.0,6.0,2.0,1.49,-0.01,-0.009,1.191,32.0,28.11,0.0,19.0,0.0,4.0,2.05,0.04,-1.0,-0.05,-0.03,-0.94,0.7,161.0,,,0.0,1.0,0.0,100.0
17700,1,walk,walk,6219,,6219.0,20.0,2.0,6.0,2.0,1.49,-0.01,-0.093,1.188,32.0,28.14,0.0,19.0,0.0,4.0,2.05,0.04,-1.0,-0.05,0.0,-0.95,0.72,161.0,,,0.0,1.0,0.0,100.0
17700,1,walk,walk,6220,,6220.0,20.0,2.0,6.0,2.0,1.48,-0.01,0.003,1.19,32.0,28.11,0.0,19.0,0.0,4.0,2.06,0.04,-1.0,-0.05,0.04,-0.97,0.74,161.0,,,0.0,1.0,0.0,100.0
17740,1,walk,walk,6221,,6221.0,20.0,2.0,6.0,2.0,1.48,-0.01,-0.029,1.217,32.0,28.11,0.0,19.0,0.0,4.0,2.06,0.04,-1.0,-0.05,0.09,-0.98,0.77,161.0,,,0.0,1.0,0.0,100.0
17760,1,walk,walk,6222,,6222.0,20.0,2.0,6.0,2.0,1.48,-0.01,0.041,1.206,32.0,28.11,0.0,19.0,0.0,4.0,2.07,0.04,-1.0,-0.05,0.13,-1.0,0.8,161.0,,,0.0,1.0,0.0,100.0
17800,1,walk,walk,6223,,6223.0,20.0,2.0,6.0,2.0,1.48,-0.01,-0.015,1.187,32.0,28.11,0.0,19.0,0.0,4.0,2.07,0.04,-1.0,-0.05,0.19,-1.02,0.84,161.0,,,0.0,1.0,0.0,100.0
17800,1,walk,walk,6224,,6224.0,20.0,2.0,6.0,2.0,1.47,-0.01,-0.018,1.23,32.0,28.11,0.0,19.0,0.0,4.0,2.06,0.04,-1.0,-0.05,0.24,-1.03,0.88,161.0,,,0.0,1.0,0.0,100.0
17800,1,walk,walk,6225,,6225.0,20.0,2.0,6.0,2.0,1.47,-0.01,-0.007,1.217,32.0,28.11,0.0,19.0,0.0,4.0,2.05,0.04,-1.0,-0.05,0.29,-1.04,0.91,161.0,,,0.0,1.0,0.0,100.0
17820,1,walk,walk,6226,,6226.0,20.0,2.0,6.0,2.0,1.47,-0.01,-0.046,1.207,32.0,28.11,0.0,19.0,0.0,4.0,2.04,0.04,-1.0,-0.05,0.34,-1.04,0.93,161.0,,,0.0,1.0,0.0,100.0
17860,1,walk,walk,6227,,6227.0,20.0,2.0,6.0,2.0,1.47,-0.01,-0.075,1.228,32.0,28.14,0.0,19.0,0.0,4.0,2.03,0.04,-1.0,-0.05,0.39,-1.03,0.92,161.0,,,0.0,1.0,0.0,100.0
17860,1,walk,walk,6228,,6228.0,20.0,2.0,6.0,2.0,1.46,-0.01,0.019,1.224,32.0,28.11,0.0,19.0,0.0,4.0,2.01,0.04,-1.0,-0.05,0.42,-1.03,0.9,161.0,,,0.0,1.0,0.0,100.0
17880,1,walk,walk,6229,,6229.0,20.0,2.0,6.0,2.0,1.46,-0.01,0.014,1.226,32.0,28.11,0.0,19.0,0.0,4.0,2.0,0.04,-1.0,-0.05,0.44,-1.03,0.88,161.0,,,0.0,1.0,0.0,100.0
17900,1,walk,walk,6230,,6230.0,20.0,2.0,6.0,2.0,1.46,-0.01,0.048,1.219,32.0,28.11,0.0,19.0,0.0,4.0,1.99,0.03,-1.0,-0.05,0.45,-1.04,0.85,161.0,,,0.0,1.0,0.0,100.0
17940,1,walk,walk,6231,,6231.0,20.0,2.0,6.0,2.0,1.45,-0.01,-0.009,1.218,32.0,28.11,0.0,19.0,0.0,4.0,1.98,0.03,-1.0,-0.05,0.45,-1.05,0.81,161.0,,,0.0,1.0,0.0,100.0
17960,1,walk,walk,6232,,6232.0,20.0,2.0,6.0,2.0,1.45,-0.01,0.072,1.242,32.0,28.11,0.0,19.0,0.0,4.0,1.98,0.03,-1.0,-0.05,0.44,-1.06,0.78,161.0,,,0.0,1.0,0.0,100.0
17960,1,walk,walk,6233,,6233.0,20.0,2.0,6.0,2.0,1.44,-0.01,0.013,1.207,32.0,28.14,0.0,19.0,0.0,4.0,1.97,0.03,-1.0,-0.05,0.44,-1.07,0.75,161.0,,,0.0,1.0,0.0,100.0
17980,1,walk,walk,6234,,6234.0,20.0,2.0,6.0,2.0,1.44,-0.01,0.014,1.244,32.0,28.11,0.0,19.0,0.0,4.0,1.97,0.03,-1.0,-0.05,0.43,-1.08,0.72,161.0,,,0.0,1.0,0.0,100.0
18000,1,walk,walk,6235,,6235.0,20.0,2.0,6.0,2.0,1.44,-0.01,-0.019,1.214,32.0,28.11,0.0,19.0,0.0,4.0,1.97,0.03,-1.0,-0.05,0.43,-1.09,0.7,161.0,,,0.0,1.0,0.0,100.0
18040,1,walk,walk,6236,,6236.0,20.0,2.0,6.0,2.0,1.43,-0.01,0.007,1.223,32.0,28.14,0.0,19.0,0.0,4.0,1.97,0.03,-1.0,-0.05,0.43,-1.09,0.68,161.0,,,0.0,1.0,0.0,100.0
18060,1,walk,walk,6237,,6237.0,20.0,2.0,6.0,2.0,1.43,-0.01,-0.01,1.271,32.0,28.11,0.0,19.0,0.0,4.0,1.96,0.03,-1.0,-0.05,0.43,-1.09,0.66,161.0,,,0.0,1.0,0.0,100.0
18080,1,walk,walk,6238,,6238.0,20.0,2.0,6.0,2.0,1.42,-0.01,-0.099,1.225,32.0,28.11,0.0,19.0,0.0,4.0,1.96,0.03,-1.0,-0.05,0.44,-1.09,0.63,161.0,,,0.0,1.0,0.0,100.0
18120,1,walk,walk,6239,,6239.0,20.0,2.0,6.0,2.0,1.42,-0.01,-0.021,1.217,32.0,28.11,0.0,19.0,0.0,4.0,1.95,0.03,-1.0,-0.05,0.44,-1.08,0.59,161.0,,,0.0,1.0,0.0,100.0
18120,1,walk,walk,6240,,6240.0,20.0,2.0,6.0,2.0,1.42,-0.01,0.045,1.205,32.0,28.11,0.0,19.0,0.0,4.0,1.95,0.03,-1.0,-0.05,0.44,-1.06,0.55,161.0,,,0.0,1.0,0.0,100.0
18120,1,walk,walk,6241,,6241.0,20.0,2.0,6.0,2.0,1.41,-0.01,-0.013,1.209,32.0,28.11,0.0,19.0,0.0,4.0,1.95,0.03,-1.0,-0.05,0.44,-1.05,0.52,161.0,,,0.0,1.0,0.0,100.0
18160,1,walk,walk,6242,,6242.0,20.0,2.0,6.0,2.0,1.41,-0.01,0.009,1.225,32.0,28.14,0.0,19.0,0.0,4.0,1.95,0.03,-1.0,-0.05,0.43,-1.03,0.49,161.0,,,0.0,1.0,0.0,100.0
18180,1,walk,walk,6243,,6243.0,20.0,2.0,6.0,2.0,1.41,-0.01,0.033,1.236,32.0,28.11,0.0,19.0,0.0,4.0,1.95,0.03,-1.0,-0.05,0.42,-1.01,0.46,161.0,,,0.0,1.0,0.0,100.0
18180,1,walk,walk,6244,,6244.0,20.0,2.0,6.0,2.0,1.4,-0.01,-0.002,1.223,32.0,28.11,0.0,19.0,0.0,4.0,1.96,0.03,-1.0,-0.05,0.4,-1.0,0.45,161.0,,,0.0,1.0,0.0,100.0
18200,1,walk,walk,6245,,6245.0,20.0,2.0,6.0,2.0,1.4,-0.01,-0.017,1.213,32.0,28.11,0.0,19.0,0.0,4.0,1.97,0.03,-1.0,-0.05,0.38,-0.99,0.44,161.0,,,0.0,1.0,0.0,100.0
18220,1,walk,walk,6246,,6246.0,20.0,2.0,6.0,2.0,1.4,-0.01,0.022,1.216,32.0,28.11,0.0,19.0,0.0,4.0,1.98,0.03,-1.0,-0.05,0.36,-1.0,0.44,161.0,,,0.0,1.0,0.0,100.0
18240,1,walk,walk,6247,,6247.0,20.0,2.0,6.0,2.0,1.4,-0.01,-0.069,1.216,32.0,28.11,0.0,19.0,0.0,4.0,1.99,0.03,-1.0,-0.05,0.34,-1.0,0.44,161.0,,,0.0,1.0,0.0,100.0
18280,1,walk,walk,6248,,6248.0,20.0,2.0,6.0,2.0,1.4,-0.01,0.005,1.227,32.0,28.14,0.0,19.0,0.0,4.0,1.99,0.03,-1.0,-0.05,0.33,-1.0,0.44,161.0,,,0.0,1.0,0.0,100.0
18300,1,walk,walk,6249,,6249.0,20.0,2.0,6.0,2.0,1.4,-0.01,0.006,1.215,32.0,28.11,0.0,19.0,0.0,4.0,2.0,0.03,-1.0,-0.05,0.33,-0.99,0.44,161.0,,,0.0,1.0,0.0,100.0
18300,1,walk,walk,6250,,6250.0,20.0,2.0,6.0,2.0,1.4,-0.01,0.076,1.22,32.0,28.11,0.0,19.0,0.0,4.0,2.0,0.04,-1.0,-0.05,0.32,-0.98,0.44,161.0,,,0.0,1.0,0.0,100.0
18320,1,walk,walk,6251,,6251.0,20.0,2.0,6.0,2.0,1.4,-0.01,0.08,1.229,32.0,28.14,0.0,19.0,0.0,4.0,2.01,0.04,-1.0,-0.05,0.32,-0.96,0.44,161.0,,,0.0,1.0,0.0,100.0
18360,1,walk,walk,6252,,6252.0,20.0,2.0,6.0,2.0,1.4,-0.01,-0.041,1.215,32.0,28.11,0.0,19.0,0.0,4.0,2.01,0.04,-1.0,-0.05,0.32,-0.95,0.44,161.0,,,0.0,1.0,0.0,100.0
18360,1,walk,walk,6253,,6253.0,20.0,2.0,6.0,2.0,1.4,-0.01,-0.044,1.216,32.0,28.11,0.0,19.0,0.0,4.0,2.02,0.04,-1.0,-0.05,0.31,-0.93,0.45,161.0,,,0.0,1.0,0.0,100.0
18420,1,walk,walk,6254,,6254.0,20.0,2.0,6.0,2.0,1.4,-0.01,0.014,1.225,32.0,28.14,0.0,19.0,0.0,4.0,2.02,0.04,-1.0,-0.05,0.3,-0.92,0.47,161.0,,,0.0,1.0,0.0,100.0
18460,1,walk,walk,6255,,6255.0,20.0,2.0,6.0,2.0,1.4,-0.01,-0.109,1.222,32.0,28.11,0.0,19.0,0.0,4.0,2.03,0.04,-1.0,-0.05,0.29,-0.91,0.49,161.0,,,0.0,1.0,0.0,100.0
18460,1,walk,walk,6256,,6256.0,20.0,2.0,6.0,2.0,1.4,-0.01,0.032,1.198,32.0,28.14,0.0,19.0,0.0,4.0,2.03,0.04,-1.0,-0.05,0.27,-0.91,0.52,161.0,,,0.0,1.0,0.0,100.0
18480,1,walk,walk,6257,,6257.0,20.0,2.0,6.0,2.0,1.41,-0.01,-0.056,1.214,32.0,28.14,0.0,19.0,0.0,4.0,2.03,0.04,-1.0,-0.05,0.25,-0.91,0.55,161.0,,,0.0,1.0,0.0,100.0
18480,1,walk,walk,6258,,6258.0,20.0,2.0,6.0,2.0,1.41,-0.01,0.001,1.239,32.0,28.14,0.0,19.0,0.0,4.0,2.03,0.04,-1.0,-0.05,0.24,-0.91,0.57,161.0,,,0.0,1.0,0.0,100.0
18500,1,walk,walk,6259,,6259.0,20.0,2.0,6.0,2.0,1.41,-0.01,-0.026,1.223,32.0,28.11,0.0,19.0,0.0,4.0,2.03,0.04,-1.0,-0.05,0.23,-0.91,0.59,161.0,,,0.0,1.0,0.0,100.0
18540,1,walk,walk,6260,,6260.0,20.0,2.0,6.0,2.0,1.41,-0.01,0.062,1.216,32.0,28.14,0.0,19.0,0.0,4.0,2.03,0.04,-1.0,-0.05,0.23,-0.91,0.6,161.0,,,0.0,1.0,0.0,100.0
18540,1,walk,walk,6261,,6261.0,20.0,2.0,6.0,2.0,1.42,-0.01,0.003,1.218,32.0,28.11,0.0,19.0,0.0,4.0,2.02,0.04,-1.0,-0.05,0.22,-0.91,0.59,161.0,,,0.0,1.0,0.0,100.0
18540,1,walk,walk,6262,,6262.0,20.0,2.0,6.0,2.0,1.42,-0.01,0.033,1.216,32.0,28.14,0.0,19.0,0.0,4.0,2.02,0.04,-1.0,-0.05,0.21,-0.91,0.58,161.0,,,0.0,1.0,0.0,100.0
18580,1,walk,walk,6263,,6263.0,20.0,2.0,6.0,2.0,1.42,-0.01,-0.034,1.197,32.0,28.11,0.0,19.0,0.0,4.0,2.02,0.04,-1.0,-0.05,0.2,-0.91,0.56,161.0,,,0.0,1.0,0.0,100.0
18580,1,walk,walk,6264,,6264.0,20.0,2.0,6.0,2.0,1.42,-0.01,0.046,1.222,32.0,28.11,0.0,19.0,0.0,4.0,2.02,0.04,-1.0,-0.05,0.19,-0.92,0.54,161.0,,,0.0,1.0,0.0,100.0
18620,1,walk,walk,6265,,6265.0,20.0,2.0,6.0,2.0,1.42,-0.01,-0.022,1.224,32.0,28.14,0.0,19.0,0.0,4.0,2.02,0.04,-1.0,-0.05,0.18,-0.93,0.53,161.0,,,0.0,1.0,0.0,100.0
18640,1,walk,walk,6266,,6266.0,20.0,2.0,6.0,2.0,1.43,-0.01,-0.058,1.217,32.0,28.14,0.0,19.0,0.0,4.0,2.03,0.04,-1.0,-0.05,0.17,-0.95,0.52,161.0,,,0.0,1.0,0.0,100.0
18640,1,walk,walk,6267,,6267.0,20.0,2.0,6.0,2.0,1.43,-0.01,0.006,1.211,32.0,28.14,0.0,19.0,0.0,4.0,2.03,0.04,-1.0,-0.05,0.15,-0.96,0.52,161.0,,,0.0,1.0,0.0,100.0
18680,1,walk,walk,6268,,6268.0,20.0,2.0,6.0,2.0,1.43,-0.01,0.049,1.228,32.0,28.11,0.0,19.0,0.0,4.0,2.04,0.04,-1.0,-0.05,0.13,-0.97,0.52,161.0,,,0.0,1.0,0.0,100.0
18740,1,walk,walk,6269,,6269.0,20.0,2.0,6.0,2.0,1.43,-0.01,0.006,1.215,32.0,28.14,0.0,19.0,0.0,4.0,2.04,0.04,-1.0,-0.05,0.12,-0.98,0.53,161.0,,,0.0,1.0,0.0,100.0
18740,1,walk,walk,6270,,6270.0,20.0,2.0,6.0,2.0,1.43,-0.01,0.006,1.198,32.0,28.14,0.0,19.0,0.0,4.0,2.05,0.04,-1.0,-0.05,0.11,-0.98,0.54,161.0,,,0.0,1.0,0.0,100.0
18760,1,walk,walk,6271,,6271.0,20.0,2.0,6.0,2.0,1.43,-0.01,-0.108,1.208,32.0,28.14,0.0,19.0,0.0,4.0,2.05,0.04,-1.0,-0.05,0.1,-0.99,0.57,161.0,,,0.0,1.0,0.0,100.0
18760,1,walk,walk,6272,,6272.0,20.0,2.0,6.0,2.0,1.43,-0.01,-0.052,1.191,32.0,28.11,0.0,19.0,0.0,4.0,2.06,0.04,-1.0,-0.05,0.1,-1.0,0.59,161.0,,,0.0,1.0,0.0,100.0
18800,1,walk,walk,6273,,6273.0,20.0,2.0,6.0,2.0,1.43,-0.01,-0.007,1.228,32.0,28.11,0.0,19.0,0.0,4.0,2.06,0.04,-1.0,-0.05,0.11,-1.01,0.63,161.0,,,0.0,1.0,0.0,100.0
18800,1,walk,walk,6274,,6274.0,20.0,2.0,6.0,2.0,1.44,-0.01,-0.079,1.203,32.0,28.11,0.0,19.0,0.0,4.0,2.06,0.04,-1.0,-0.05,0.12,-1.02,0.67,161.0,,,0.0,1.0,0.0,100.0
18800,1,walk,walk,6275,,6275.0,20.0,2.0,6.0,2.0,1.44,-0.01,0.013,1.233,32.0,28.14,0.0,19.0,0.0,4.0,2.06,0.04,-1.0,-0.05,0.13,-1.03,0.71,161.0,,,0.0,1.0,0.0,100.0
18820,1,walk,walk,6276,,6276.0,20.0,2.0,6.0,2.0,1.44,-0.01,0.001,1.243,32.0,28.11,0.0,19.0,0.0,4.0,2.06,0.04,-1.0,-0.05,0.14,-1.04,0.75,161.0,,,0.0,1.0,0.0,100.0
18860,1,walk,walk,6277,,6277.0,20.0,2.0,6.0,2.0,1.44,-0.01,0.05,1.239,32.0,28.11,0.0,19.0,0.0,4.0,2.05,0.04,-1.0,-0.05,0.15,-1.04,0.79,161.0,,,0.0,1.0,0.0,100.0
18880,1,walk,walk,6278,,6278.0,20.0,2.0,6.0,2.0,1.44,-0.01,0.116,1.239,32.0,28.14,0.0,19.0,0.0,4.0,2.05,0.04,-1.0,-0.05,0.16,-1.05,0.83,161.0,,,0.0,1.0,0.0,100.0
18900,1,walk,walk,6279,,6279.0,20.0,2.0,6.0,2.0,1.44,-0.01,0.089,1.236,32.0,28.14,0.0,19.0,0.0,4.0,2.04,0.04,-1.0,-0.05,0.17,-1.05,0.87,161.0,,,0.0,1.0,0.0,100.0
18900,1,walk,walk,6280,,6280.0,20.0,2.0,6.0,2.0,1.44,-0.01,0.045,1.22,32.0,28.14,0.0,19.0,0.0,4.0,2.03,0.04,-1.0,-0.05,0.18,-1.06,0.91,161.0,,,0.0,1.0,0.0,100.0
18940,1,walk,walk,6281,,6281.0,20.0,2.0,6.0,2.0,1.44,-0.01,0.006,1.256,32.0,28.14,0.0,19.0,0.0,4.0,2.02,0.04,-1.0,-0.05,0.18,-1.06,0.93,161.0,,,0.0,1.0,0.0,100.0
18940,1,walk,walk,6282,,6282.0,20.0,2.0,6.0,2.0,1.44,-0.01,0.104,1.256,32.0,28.14,0.0,19.0,0.0,4.0,2.01,0.04,-1.0,-0.05,0.19,-1.06,0.94,161.0,,,0.0,1.0,0.0,100.0
18960,1,walk,walk,6283,,6283.0,20.0,2.0,6.0,2.0,1.44,-0.01,0.002,1.218,32.0,28.14,0.0,19.0,0.0,4.0,1.99,0.03,-1.0,-0.05,0.19,-1.06,0.94,161.0,,,0.0,1.0,0.0,100.0
18980,1,walk,walk,6284,,6284.0,20.0,2.0,6.0,2.0,1.44,-0.01,-0.06,1.254,32.0,28.11,0.0,19.0,0.0,4.0,1.98,0.03,-1.0,-0.05,0.2,-1.06,0.91,161.0,,,0.0,1.0,0.0,100.0
19040,1,walk,walk,6285,,6285.0,20.0,2.0,6.0,2.0,1.43,-0.01,0.069,1.23,32.0,28.11,0.0,19.0,0.0,4.0,1.96,0.03,-1.0,-0.05,0.21,-1.05,0.88,161.0,,,0.0,1.0,0.0,100.0
19040,1,walk,walk,6286,,6286.0,20.0,2.0,6.0,2.0,1.43,-0.01,-0.001,1.237,32.0,28.11,0.0,19.0,0.0,4.0,1.95,0.03,-1.0,-0.05,0.22,-1.04,0.84,161.0,,,0.0,1.0,0.0,100.0
19060,1,walk,walk,6287,,6287.0,20.0,2.0,6.0,2.0,1.43,-0.01,0.009,1.258,32.0,28.11,0.0,19.0,0.0,4.0,1.94,0.03,-1.0,-0.05,0.24,-1.03,0.79,161.0,,,0.0,1.0,0.0,100.0
19120,1,walk,walk,6288,,6288.0,20.0,2.0,6.0,2.0,1.43,-0.01,-0.068,1.228,32.0,28.11,0.0,19.0,0.0,4.0,1.94,0.03,-1.0,-0.05,0.27,-1.01,0.75,161.0,,,0.0,1.0,0.0,100.0
19120,1,walk,walk,6289,,6289.0,20.0,2.0,6.0,2.0,1.42,-0.01,-0.011,1.237,32.0,28.14,0.0,19.0,0.0,4.0,1.93,0.03,-1.0,-0.05,0.29,-0.99,0.7,161.0,,,0.0,1.0,0.0,100.0
19120,1,walk,walk,6290,,6290.0,20.0,2.0,6.0,2.0,1.42,-0.01,0.087,1.226,32.0,28.11,0.0,19.0,0.0,4.0,1.93,0.03,-1.0,-0.05,0.3,-0.98,0.66,161.0,,,0.0,1.0,0.0,100.0
19120,1,walk,walk,6291,,6291.0,20.0,2.0,6.0,2.0,1.41,-0.01,0.045,1.211,32.0,28.11,0.0,19.0,0.0,4.0,1.93,0.03,-1.0,-0.05,0.31,-0.97,0.63,161.0,,,0.0,1.0,0.0,100.0
19140,1,walk,walk,6292,,6292.0,20.0,2.0,6.0,2.0,1.41,-0.01,0.025,1.227,32.0,28.14,0.0,19.0,0.0,4.0,1.94,0.03,-1.0,-0.05,0.32,-0.97,0.6,161.0,,,0.0,1.0,0.0,100.0
19160,1,walk,walk,6293,,6293.0,20.0,2.0,6.0,2.0,1.41,-0.01,0.021,1.228,32.0,28.11,0.0,19.0,0.0,4.0,1.95,0.03,-1.0,-0.05,0.33,-0.97,0.59,161.0,,,0.0,1.0,0.0,100.0
19180,1,walk,walk,6294,,6294.0,20.0,2.0,6.0,2.0,1.4,-0.01,0.01,1.222,32.0,28.11,0.0,19.0,0.0,4.0,1.95,0.03,-1.0,-0.05,0.33,-0.98,0.57,161.0,,,0.0,1.0,0.0,100.0
19200,1,walk,walk,6295,,6295.0,20.0,2.0,6.0,2.0,1.4,-0.01,-0.005,1.229,32.0,28.14,0.0,19.0,0.0,4.0,1.96,0.03,-1.0,-0.05,0.34,-0.99,0.56,161.0,,,0.0,1.0,0.0,100.0
19220,1,walk,walk,6296,,6296.0,20.0,2.0,6.0,2.0,1.39,-0.01,0.005,1.212,32.0,28.11,0.0,19.0,0.0,4.0,1.96,0.03,-1.0,-0.05,0.35,-0.99,0.55,161.0,,,0.0,1.0,0.0,100.0
19260,1,walk,walk,6297,,6297.0,20.0,2.0,6.0,2.0,1.39,-0.01,-0.029,1.218,32.0,28.11,0.0,19.0,0.0,4.0,1.97,0.03,-1.0,-0.05,0.36,-0.99,0.54,161.0,,,0.0,1.0,0.0,100.0
19280,1,walk,walk,6298,,6298.0,20.0,2.0,6.0,2.0,1.39,-0.01,-0.045,1.211,32.0,28.14,0.0,19.0,0.0,4.0,1.97,0.03,-1.0,-0.05,0.37,-0.99,0.53,161.0,,,0.0,1.0,0.0,100.0
19280,1,walk,walk,6299,,6299.0,20.0,2.0,6.0,2.0,1.39,-0.01,0.037,1.233,32.0,28.14,0.0,19.0,0.0,4.0,1.97,0.03,-1.0,-0.05,0.38,-0.98,0.52,161.0,,,0.0,1.0,0.0,100.0
19300,1,walk,walk,6300,,6300.0,20.0,2.0,6.0,2.0,1.38,-0.01,-0.009,1.21,32.0,28.11,0.0,19.0,0.0,4.0,1.97,0.03,-1.0,-0.05,0.38,-0.97,0.5,161.0,,,0.0,1.0,0.0,100.0
19320,1,walk,walk,6301,,6301.0,20.0,2.0,6.0,2.0,1.38,-0.01,-0.044,1.224,32.0,28.11,0.0,19.0,0.0,4.0,1.97,0.03,-1.0,-0.05,0.37,-0.95,0.48,161.0,,,0.0,1.0,0.0,100.0
19340,1,walk,walk,6302,,6302.0,20.0,2.0,6.0,2.0,1.38,-0.01,0.049,1.199,32.0,28.11,0.0,19.0,0.0,4.0,1.97,0.03,-1.0,-0.05,0.36,-0.93,0.46,161.0,,,0.0,1.0,0.0,100.0
19360,1,walk,walk,6303,,6303.0,20.0,2.0,6.0,2.0,1.38,-0.01,0.044,1.222,32.0,28.11,0.0,19.0,0.0,4.0,1.98,0.03,-1.0,-0.05,0.34,-0.91,0.44,161.0,,,0.0,1.0,0.0,100.0
19380,1,walk,walk,6304,,6304.0,20.0,2.0,6.0,2.0,1.38,-0.01,-0.041,1.218,32.0,28.11,0.0,19.0,0.0,4.0,1.99,0.03,-1.0,-0.05,0.31,-0.9,0.44,161.0,,,0.0,1.0,0.0,100.0
19440,1,walk,walk,6305,,6305.0,20.0,2.0,6.0,2.0,1.38,-0.01,0.011,1.22,32.0,28.11,0.0,19.0,0.0,4.0,2.0,0.04,-1.0,-0.05,0.29,-0.89,0.45,161.0,,,0.0,1.0,0.0,100.0
19440,1,walk,walk,6306,,6306.0,20.0,2.0,6.0,2.0,1.38,-0.01,-0.015,1.233,32.0,28.11,0.0,19.0,0.0,4.0,2.02,0.04,-1.0,-0.05,0.27,-0.89,0.47,161.0,,,0.0,1.0,0.0,100.0
19440,1,walk,walk,6307,,6307.0,20.0,2.0,6.0,2.0,1.38,-0.01,0.013,1.222,32.0,28.14,0.0,19.0,0.0,4.0,2.03,0.04,-1.0,-0.05,0.24,-0.89,0.5,161.0,,,0.0,1.0,0.0,100.0
19480,1,walk,walk,6308,,6308.0,20.0,2.0,6.0,2.0,1.38,-0.01,0.002,1.211,32.0,28.14,0.0,19.0,0.0,4.0,2.04,0.04,-1.0,-0.05,0.21,-0.9,0.54,161.0,,,0.0,1.0,0.0,100.0
19480,1,walk,walk,6309,,6309.0,20.0,2.0,6.0,2.0,1.38,-0.01,0.002,1.234,32.0,28.11,0.0,19.0,0.0,4.0,2.04,0.04,-1.0,-0.05,0.18,-0.92,0.59,161.0,,,0.0,1.0,0.0,100.0
19500,1,walk,walk,6310,,6310.0,20.0,2.0,6.0,2.0,1.39,-0.01,0.03,1.214,32.0,28.11,0.0,19.0,0.0,4.0,2.04,0.04,-1.0,-0.05,0.15,-0.94,0.64,161.0,,,0.0,1.0,0.0,100.0
19540,1,walk,walk,6311,,6311.0,20.0,2.0,6.0,2.0,1.39,-0.01,-0.001,1.234,32.0,28.11,0.0,19.0,0.0,4.0,2.04,0.04,-1.0,-0.05,0.12,-0.96,0.69,161.0,,,0.0,1.0,0.0,100.0
19540,1,walk,walk,6312,,6312.0,20.0,2.0,6.0,2.0,1.39,-0.01,-0.077,1.247,32.0,28.14,0.0,19.0,0.0,4.0,2.04,0.04,-1.0,-0.05,0.1,-0.97,0.73,161.0,,,0.0,1.0,0.0,100.0
19580,1,walk,walk,6313,,6313.0,20.0,2.0,6.0,2.0,1.39,-0.01,-0.01,1.252,32.0,28.11,0.0,19.0,0.0,4.0,2.03,0.04,-1.0,-0.05,0.08,-0.98,0.77,161.0,,,0.0,1.0,0.0,100.0
19620,1,walk,walk,6314,,6314.0,20.0,2.0,6.0,2.0,1.39,-0.01,-0.001,1.242,32.0,28.11,0.0,19.0,0.0,4.0,2.02,0.04,-1.0,-0.05,0.07,-1.0,0.8,161.0,,,0.0,1.0,0.0,100.0
19620,1,walk,walk,6315,,6315.0,20.0,2.0,6.0,2.0,1.39,-0.01,-0.037,1.268,32.0,28.14,0.0,19.0,0.0,4.0,2.01,0.04,-1.0,-0.05,0.07,-1.01,0.83,161.0,,,0.0,1.0,0.0,100.0
19660,1,walk,walk,6316,,6316.0,20.0,2.0,6.0,2.0,1.39,-0.01,-0.056,1.253,32.0,28.11,0.0,19.0,0.0,4.0,2.0,0.03,-1.0,-0.05,0.08,-1.02,0.85,161.0,,,0.0,1.0,0.0,100.0
19680,1,walk,walk,6317,,6317.0,20.0,2.0,6.0,2.0,1.4,-0.01,0.04,1.224,32.0,28.11,0.0,19.0,0.0,4.0,1.98,0.03,-1.0,-0.05,0.09,-1.04,0.88,161.0,,,0.0,1.0,0.0,100.0
19680,1,walk,walk,6318,,6318.0,20.0,2.0,6.0,2.0,1.4,-0.01,-0.022,1.217,32.0,28.14,0.0,19.0,0.0,4.0,1.97,0.03,-1.0,-0.05,0.11,-1.05,0.89,161.0,,,0.0,1.0,0.0,100.0
19700,1,walk,walk,6319,,6319.0,20.0,2.0,6.0,2.0,1.4,-0.01,-0.034,1.239,32.0,28.14,0.0,19.0,0.0,4.0,1.96,0.03,-1.0,-0.05,0.14,-1.07,0.91,161.0,,,0.0,1.0,0.0,100.0
19720,1,walk,walk,6320,,6320.0,20.0,2.0,6.0,2.0,1.39,-0.01,0.036,1.239,32.0,28.11,0.0,19.0,0.0,4.0,1.95,0.03,-1.0,-0.05,0.18,-1.08,0.91,161.0,,,0.0,1.0,0.0,100.0
19740,1,walk,walk,6321,,6321.0,20.0,2.0,6.0,2.0,1.39,-0.01,0.064,1.25,32.0,28.11,0.0,19.0,0.0,4.0,1.94,0.03,-1.0,-0.05,0.22,-1.08,0.9,161.0,,,0.0,1.0,0.0,100.0
19740,1,walk,walk,6322,,6322.0,20.0,2.0,6.0,2.0,1.39,-0.01,0.017,1.24,32.0,28.11,0.0,19.0,0.0,4.0,1.93,0.03,-1.0,-0.05,0.26,-1.09,0.87,161.0,,,0.0,1.0,0.0,100.0
19800,1,walk,walk,6323,,6323.0,20.0,2.0,6.0,2.0,1.39,-0.01,-0.093,1.221,32.0,28.14,0.0,19.0,0.0,4.0,1.93,0.03,-1.0,-0.05,0.3,-1.09,0.84,161.0,,,0.0,1.0,0.0,100.0
19800,1,walk,walk,6324,,6324.0,20.0,2.0,6.0,2.0,1.39,-0.01,-0.029,1.263,32.0,28.11,0.0,19.0,0.0,4.0,1.92,0.03,-1.0,-0.05,0.33,-1.08,0.8,161.0,,,0.0,1.0,0.0,100.0
19800,1,walk,walk,6325,,6325.0,20.0,2.0,6.0,2.0,1.38,-0.01,0.029,1.227,32.0,28.14,0.0,19.0,0.0,4.0,1.92,0.03,-1.0,-0.05,0.36,-1.08,0.76,161.0,,,0.0,1.0,0.0,100.0
19840,1,walk,walk,6326,,6326.0,20.0,2.0,6.0,2.0,1.38,-0.01,0.025,1.246,32.0,28.11,0.0,19.0,0.0,4.0,1.91,0.03,-1.0,-0.05,0.39,-1.07,0.72,161.0,,,0.0,1.0,0.0,100.0
19840,1,walk,walk,6327,,6327.0,20.0,2.0,6.0,2.0,1.38,-0.01,0.005,1.228,32.0,28.14,0.0,19.0,0.0,4.0,1.92,0.03,-1.0,-0.05,0.41,-1.06,0.68,161.0,,,0.0,1.0,0.0,100.0
19860,1,walk,walk,6328,,6328.0,20.0,2.0,6.0,2.0,1.37,-0.01,-0.061,1.238,32.0,28.11,0.0,19.0,0.0,4.0,1.92,0.03,-1.0,-0.05,0.43,-1.05,0.65,161.0,,,0.0,1.0,0.0,100.0
19920,1,walk,walk,6329,,6329.0,20.0,2.0,6.0,2.0,1.37,-0.011,-0.127,1.237,32.0,28.11,0.0,19.0,0.0,4.0,1.93,0.03,-1.0,-0.05,0.43,-1.05,0.63,161.0,,,0.0,1.0,0.0,100.0
19920,1,walk,walk,6330,,6330.0,20.0,2.0,6.0,2.0,1.37,-0.01,0.037,1.206,32.0,28.11,0.0,19.0,0.0,4.0,1.94,0.03,-1.0,-0.05,0.44,-1.04,0.62,161.0,,,0.0,1.0,0.0,100.0
19920,1,walk,walk,6331,,6331.0,20.0,2.0,6.0,2.0,1.36,-0.01,-0.013,1.214,32.0,28.11,0.0,19.0,0.0,4.0,1.95,0.03,-1.0,-0.05,0.43,-1.03,0.61,161.0,,,0.0,1.0,0.0,100.0
19980,1,walk,walk,6332,,6332.0,20.0,2.0,6.0,2.0,1.36,-0.01,-0.084,1.215,32.0,28.11,0.0,19.0,0.0,4.0,1.95,0.03,-1.0,-0.05,0.42,-1.01,0.59,161.0,,,0.0,1.0,0.0,100.0
19980,1,walk,walk,6333,,6333.0,20.0,2.0,6.0,2.0,1.36,-0.01,-0.052,1.223,32.0,28.11,0.0,19.0,0.0,4.0,1.95,0.03,-1.0,-0.05,0.41,-1.0,0.58,161.0,,,0.0,1.0,0.0,100.0
19980,1,walk,walk,6334,,6334.0,20.0,2.0,6.0,2.0,1.35,-0.01,0.005,1.215,32.0,28.14,0.0,19.0,0.0,4.0,1.96,0.03,-1.0,-0.05,0.4,-0.99,0.56,161.0,,,0.0,1.0,0.0,100.0
20400,1,walk,walk,6335,,6335.0,20.0,2.0,6.0,2.0,1.35,-0.01,0.018,1.22,32.0,28.11,0.0,19.0,0.0,4.0,1.96,0.03,-1.0,-0.05,0.4,-0.98,0.54,161.0,TESTR,AKR-TESTR-<MAC6>,0.0,1.0,0.0,100.0
20540,1,walk,walk,6336,,6336.0,20.0,2.0,6.0,2.0,1.35,-0.01,-0.015,1.225,32.0,28.14,0.0,19.0,0.0,4.0,1.96,0.03,-1.0,-0.05,0.41,-0.97,0.52,161.0,TESTR,AKR-TESTR-<MAC6>,0.0,1.0,0.0,100.0
20540,1,walk,walk,6337,,6337.0,20.0,2.0,6.0,2.0,1.35,-0.01,0.046,1.233,32.0,28.11,0.0,19.0,0.0,4.0,1.97,0.03,-1.0,-0.05,0.42,-0.97,0.51,161.0,TESTR,AKR-TESTR-<MAC6>,0.0,1.0,0.0,100.0
20540,1,walk,walk,6338,,6338.0,20.0,2.0,6.0,2.0,1.34,-0.01,-0.093,1.244,32.0,28.11,0.0,19.0,0.0,4.0,1.97,0.03,-1.0,-0.05,0.44,-0.97,0.5,161.0,TESTR,AKR-TESTR-<MAC6>,0.0,1.0,0.0,100.0
20540,1,walk,walk,6339,,6339.0,20.0,2.0,6.0,2.0,1.34,-0.01,-0.025,1.242,32.0,28.14,0.0,19.0,0.0,4.0,1.97,0.03,-1.0,-0.05,0.46,-0.97,0.5,161.0,TESTR,AKR-TESTR-<MAC6>,0.0,1.0,0.0,100.0
20540,1,walk,walk,6340,,6340.0,20.0,2.0,6.0,2.0,1.34,-0.01,0.026,1.247,32.0,28.14,0.0,19.0,0.0,4.0,1.98,0.03,-1.0,-0.05,0.48,-0.97,0.5,161.0,TESTR,AKR-TESTR-<MAC6>,0.0,1.0,0.0,100.0
20540,1,walk,walk,6341,,6341.0,20.0,2.0,6.0,2.0,1.34,-0.01,0.069,1.22,32.0,28.11,0.0,19.0,0.0,4.0,1.98,0.03,-1.0,-0.05,0.5,-0.97,0.5,161.0,TESTR,AKR-TESTR-<MAC6>,0.0,1.0,0.0,100.0
20540,1,walk,walk,6342,,6342.0,20.0,2.0,6.0,2.0,1.34,-0.01,-0.003,1.212,32.0,28.14,0.0,19.0,0.0,4.0,1.98,0.03,-1.0,-0.05,0.53,-0.97,0.51,161.0,TESTR,AKR-TESTR-<MAC6>,0.0,1.0,0.0,100.0
20540,1,walk,walk,6343,,6343.0,20.0,2.0,6.0,2.0,1.34,-0.01,-0.015,1.231,32.0,28.11,0.0,19.0,0.0,4.0,1.98,0.03,-1.0,-0.05,0.55,-0.98,0.52,161.0,TESTR,AKR-TESTR-<MAC6>,0.0,1.0,0.0,100.0
20540,1,walk,walk,6344,,6344.0,20.0,2.0,6.0,2.0,1.34,-0.01,0.128,1.24,32.0,28.11,0.0,19.0,0.0,4.0,1.97,0.03,-1.0,-0.05,0.57,-0.98,0.52,161.0,TESTR,AKR-TESTR-<MAC6>,0.0,1.0,0.0,100.0
20540,1,walk,walk,6345,,6345.0,20.0,2.0,6.0,2.0,1.35,-0.01,-0.022,1.227,32.0,28.14,0.0,19.0,0.0,4.0,1.97,0.03,-1.0,-0.05,0.59,-0.98,0.52,161.0,TESTR,AKR-TESTR-<MAC6>,0.0,1.0,0.0,100.0
20540,1,walk,walk,6346,,6346.0,20.0,2.0,6.0,2.0,1.35,-0.01,-0.045,1.203,32.0,28.14,0.0,19.0,0.0,4.0,1.96,0.03,-1.0,-0.05,0.6,-0.98,0.51,161.0,TESTR,AKR-TESTR-<MAC6>,0.0,1.0,0.0,100.0
20540,1,walk,walk,6347,,6347.0,20.0,2.0,6.0,2.0,1.35,-0.01,-0.081,1.237,32.0,28.11,0.0,19.0,0.0,4.0,1.96,0.03,-1.0,-0.05,0.62,-0.99,0.49,161.0,TESTR,AKR-TESTR-<MAC6>,0.0,1.0,0.0,100.0
20540,1,walk,walk,6348,,6348.0,20.0,2.0,6.0,2.0,1.35,-0.01,-0.005,1.2,32.0,28.14,0.0,19.0,0.0,4.0,1.96,0.03,-1.0,-0.05,0.63,-0.99,0.47,161.0,TESTR,AKR-TESTR-<MAC6>,0.0,1.0,0.0,100.0
20540,1,walk,walk,6349,,6349.0,20.0,2.0,6.0,2.0,1.35,-0.01,0.06,1.209,32.0,28.11,0.0,19.0,0.0,4.0,1.96,0.03,-1.0,-0.05,0.64,-0.99,0.45,161.0,TESTR,AKR-TESTR-<MAC6>,0.0,1.0,0.0,100.0
20540,1,walk,walk,6350,,6350.0,20.0,2.0,6.0,2.0,1.35,-0.01,-0.009,1.201,32.0,28.11,0.0,19.0,0.0,4.0,1.96,0.03,-1.0,-0.05,0.65,-0.99,0.42,161.0,TESTR,AKR-TESTR-<MAC6>,0.0,1.0,0.0,100.0
20540,1,walk,walk,6351,,6351.0,20.0,2.0,6.0,2.0,1.36,-0.01,0.064,1.202,32.0,28.14,0.0,19.0,0.0,4.0,1.97,0.03,-1.0,-0.05,0.66,-0.99,0.4,161.0,TESTR,AKR-TESTR-<MAC6>,0.0,1.0,0.0,100.0
20540,1,walk,walk,6352,,6352.0,20.0,2.0,6.0,2.0,1.36,-0.01,0.01,1.208,32.0,28.14,0.0,19.0,0.0,4.0,1.98,0.03,-1.0,-0.05,0.67,-1.0,0.37,161.0,TESTR,AKR-TESTR-<MAC6>,0.0,1.0,0.0,100.0
20540,1,walk,walk,6353,,6353.0,20.0,2.0,6.0,2.0,1.36,-0.01,0.084,1.218,32.0,28.11,0.0,19.0,0.0,4.0,1.99,0.03,-1.0,-0.05,0.67,-1.01,0.36,161.0,TESTR,AKR-TESTR-<MAC6>,0.0,1.0,0.0,100.0
20540,1,walk,walk,6354,,6354.0,20.0,2.0,6.0,2.0,1.36,-0.01,-0.065,1.214,32.0,28.14,0.0,19.0,0.0,4.0,2.0,0.04,-1.0,-0.05,0.67,-1.02,0.35,161.0,TESTR,AKR-TESTR-<MAC6>,0.0,1.0,0.0,100.0
20560,1,walk,walk,6355,,6355.0,20.0,2.0,6.0,2.0,1.36,-0.01,-0.018,1.197,32.0,28.11,0.0,19.0,0.0,4.0,2.01,0.04,-1.0,-0.05,0.67,-1.03,0.34,161.0,TESTR,AKR-TESTR-<MAC6>,0.0,1.0,0.0,100.0
20580,1,walk,walk,6356,,6356.0,20.0,2.0,6.0,2.0,1.37,-0.01,0.018,1.201,32.0,28.11,0.0,19.0,0.0,4.0,2.02,0.04,-1.0,-0.05,0.67,-1.04,0.34,161.0,TESTR,AKR-TESTR-<MAC6>,0.0,1.0,0.0,100.0
20580,1,walk,walk,6357,,6357.0,20.0,2.0,6.0,2.0,1.37,-0.01,-0.05,1.219,32.0,28.14,0.0,19.0,0.0,4.0,2.03,0.04,-1.0,-0.05,0.66,-1.04,0.34,161.0,TESTR,AKR-TESTR-<MAC6>,0.0,1.0,0.0,100.0
20580,1,walk,walk,6358,,6358.0,20.0,2.0,6.0,2.0,1.37,-0.01,0.068,1.213,32.0,28.14,0.0,19.0,0.0,4.0,2.04,0.04,-1.0,-0.05,0.64,-1.05,0.35,161.0,TESTR,AKR-TESTR-<MAC6>,0.0,1.0,0.0,100.0
20580,1,walk,walk,6359,,6359.0,20.0,2.0,6.0,2.0,1.38,-0.01,-0.046,1.207,32.0,28.14,0.0,19.0,0.0,4.0,2.05,0.04,-1.0,-0.05,0.62,-1.06,0.36,161.0,TESTR,AKR-TESTR-<MAC6>,0.0,1.0,0.0,100.0
20580,1,walk,walk,6360,,6360.0,20.0,2.0,6.0,2.0,1.38,-0.01,-0.034,1.192,32.0,28.14,0.0,19.0,0.0,4.0,2.06,0.04,-1.0,-0.05,0.58,-1.06,0.37,161.0,TESTR,AKR-TESTR-<MAC6>,0.0,1.0,0.0,100.0
20580,1,walk,walk,6361,,6361.0,20.0,2.0,6.0,2.0,1.39,-0.01,0.124,1.213,32.0,28.14,0.0,19.0,0.0,4.0,2.06,0.04,-1.0,-0.05,0.54,-1.07,0.39,161.0,TESTR,AKR-TESTR-<MAC6>,0.0,1.0,0.0,100.0
20600,1,walk,walk,6362,,6362.0,20.0,2.0,6.0,2.0,1.39,-0.01,0.021,1.219,32.0,28.14,0.0,19.0,0.0,4.0,2.07,0.04,-1.0,-0.05,0.5,-1.07,0.42,161.0,TESTR,AKR-TESTR-<MAC6>,0.0,1.0,0.0,100.0
20600,1,walk,walk,6363,,6363.0,20.0,2.0,6.0,2.0,1.39,-0.01,-0.002,1.191,32.0,28.11,0.0,19.0,0.0,4.0,2.07,0.04,-1.0,-0.04,0.45,-1.07,0.44,161.0,TESTR,AKR-TESTR-<MAC6>,0.0,1.0,0.0,100.0
20600,1,walk,walk,6364,,6364.0,20.0,2.0,6.0,2.0,1.4,-0.01,0.017,1.217,32.0,28.11,0.0,19.0,0.0,4.0,2.07,0.04,-1.0,-0.04,0.4,-1.07,0.46,161.0,TESTR,AKR-TESTR-<MAC6>,0.0,1.0,0.0,100.0
20640,1,walk,walk,6365,,6365.0,20.0,2.0,6.0,2.0,1.4,-0.01,-0.053,1.192,32.0,28.11,0.0,19.0,0.0,4.0,2.08,0.04,-1.0,-0.04,0.35,-1.07,0.47,161.0,TESTR,AKR-TESTR-<MAC6>,0.0,1.0,0.0,100.0
20640,1,walk,walk,6366,,6366.0,20.0,2.0,6.0,2.0,1.41,-0.01,-0.023,1.196,32.0,28.14,0.0,19.0,0.0,4.0,2.08,0.04,-1.0,-0.04,0.3,-1.06,0.49,161.0,TESTR,AKR-TESTR-<MAC6>,0.0,1.0,0.0,100.0
20640,1,walk,walk,6367,,6367.0,20.0,2.0,6.0,2.0,1.41,-0.01,0.044,1.2,32.0,28.11,0.0,19.0,0.0,4.0,2.08,0.04,-1.0,-0.04,0.26,-1.06,0.5,161.0,TESTR,AKR-TESTR-<MAC6>,0.0,1.0,0.0,100.0
20660,1,walk,walk,6368,,6368.0,20.0,2.0,6.0,2.0,1.42,-0.01,-0.037,1.196,32.0,28.11,0.0,19.0,0.0,4.0,2.08,0.04,-1.0,-0.04,0.22,-1.06,0.51,161.0,TESTR,AKR-TESTR-<MAC6>,0.0,1.0,0.0,100.0
20680,1,walk,walk,6369,,6369.0,20.0,2.0,6.0,2.0,1.42,-0.01,0.045,1.199,32.0,28.11,0.0,19.0,0.0,4.0,2.07,0.04,-1.0,-0.04,0.19,-1.07,0.52,161.0,TESTR,AKR-TESTR-<MAC6>,0.0,1.0,0.0,100.0
20700,1,walk,walk,6370,,6370.0,20.0,2.0,6.0,2.0,1.43,-0.01,0.026,1.201,32.0,28.11,0.0,19.0,0.0,4.0,2.07,0.04,-1.0,-0.04,0.18,-1.07,0.52,161.0,TESTR,AKR-TESTR-<MAC6>,0.0,1.0,0.0,100.0
20740,1,walk,walk,6371,,6371.0,20.0,2.0,6.0,2.0,1.43,-0.01,-0.042,1.204,32.0,28.14,0.0,19.0,0.0,4.0,2.07,0.04,-1.0,-0.05,0.17,-1.08,0.52,161.0,TESTR,AKR-TESTR-<MAC6>,0.0,1.0,0.0,100.0
20760,1,walk,walk,6372,,6372.0,20.0,2.0,6.0,2.0,1.43,-0.01,0.032,1.202,32.0,28.14,0.0,19.0,0.0,4.0,2.07,0.04,-1.0,-0.05,0.17,-1.08,0.52,162.0,TESTR,AKR-TESTR-<MAC6>,0.0,1.0,0.0,100.0
20780,1,walk,walk,6373,,6373.0,20.0,2.0,6.0,2.0,1.44,-0.01,-0.04,1.199,32.0,28.11,0.0,19.0,0.0,4.0,2.07,0.04,-1.0,-0.05,0.19,-1.08,0.53,162.0,TESTR,AKR-TESTR-<MAC6>,0.0,1.0,0.0,100.0
20800,1,walk,walk,6374,,6374.0,20.0,2.0,6.0,2.0,1.44,-0.01,0.001,1.197,32.0,28.14,0.0,19.0,0.0,4.0,2.07,0.04,-1.0,-0.05,0.21,-1.08,0.54,162.0,TESTR,AKR-TESTR-<MAC6>,0.0,1.0,0.0,100.0
20800,1,walk,walk,6375,,6375.0,20.0,2.0,6.0,2.0,1.44,-0.01,-0.009,1.188,32.0,28.14,0.0,19.0,0.0,4.0,2.06,0.04,-1.0,-0.05,0.25,-1.08,0.55,162.0,TESTR,AKR-TESTR-<MAC6>,0.0,1.0,0.0,100.0
20840,1,walk,walk,6376,,6376.0,20.0,2.0,6.0,2.0,1.45,-0.01,-0.003,1.212,32.0,28.11,0.0,19.0,0.0,4.0,2.06,0.04,-1.0,-0.05,0.29,-1.08,0.55,162.0,TESTR,AKR-TESTR-<MAC6>,0.0,1.0,0.0,100.0
20860,1,walk,walk,6377,,6377.0,20.0,2.0,6.0,2.0,1.45,-0.01,-0.032,1.204,32.0,28.14,0.0,19.0,0.0,4.0,2.05,0.04,-1.0,-0.05,0.34,-1.09,0.54,162.0,TESTR,AKR-TESTR-<MAC6>,0.0,1.0,0.0,100.0
20860,1,walk,walk,6378,,6378.0,20.0,2.0,6.0,2.0,1.45,-0.01,-0.002,1.185,32.0,28.14,0.0,19.0,0.0,4.0,2.04,0.04,-1.0,-0.05,0.39,-1.1,0.53,162.0,TESTR,AKR-TESTR-<MAC6>,0.0,1.0,0.0,100.0
20880,1,walk,walk,6379,,6379.0,20.0,2.0,6.0,2.0,1.46,-0.01,0.036,1.221,32.0,28.14,0.0,19.0,0.0,4.0,2.04,0.04,-1.0,-0.05,0.43,-1.11,0.51,162.0,TESTR,AKR-TESTR-<MAC6>,0.0,1.0,0.0,100.0
20900,1,walk,walk,6380,,6380.0,20.0,2.0,6.0,2.0,1.46,-0.01,0.019,1.212,32.0,28.14,0.0,19.0,0.0,4.0,2.03,0.04,-1.0,-0.05,0.46,-1.12,0.48,162.0,TESTR,AKR-TESTR-<MAC6>,0.0,1.0,0.0,100.0
20960,1,walk,walk,6381,,6381.0,20.0,2.0,6.0,2.0,1.46,-0.01,0.112,1.183,32.0,28.14,0.0,19.0,0.0,4.0,2.03,0.04,-1.0,-0.05,0.48,-1.13,0.45,162.0,TESTR,AKR-TESTR-<MAC6>,0.0,1.0,0.0,100.0
20960,1,walk,walk,6382,,6382.0,20.0,2.0,6.0,2.0,1.46,-0.01,0.085,1.213,32.0,28.14,0.0,19.0,0.0,4.0,2.03,0.04,-1.0,-0.05,0.49,-1.13,0.43,162.0,TESTR,AKR-TESTR-<MAC6>,0.0,1.0,0.0,100.0
20960,1,walk,walk,6383,,6383.0,20.0,2.0,6.0,2.0,1.46,-0.01,-0.003,1.191,32.0,28.11,0.0,19.0,0.0,4.0,2.02,0.04,-1.0,-0.05,0.49,-1.13,0.41,162.0,TESTR,AKR-TESTR-<MAC6>,0.0,1.0,0.0,100.0
20980,1,walk,walk,6384,,6384.0,20.0,2.0,6.0,2.0,1.47,-0.01,0.021,1.22,32.0,28.14,0.0,19.0,0.0,4.0,2.03,0.04,-1.0,-0.05,0.48,-1.13,0.4,162.0,TESTR,AKR-TESTR-<MAC6>,0.0,1.0,0.0,100.0
21000,1,walk,walk,6385,,6385.0,20.0,2.0,6.0,2.0,1.47,-0.01,-0.041,1.184,32.0,28.11,0.0,19.0,0.0,4.0,2.03,0.04,-1.0,-0.05,0.47,-1.13,0.39,162.0,TESTR,AKR-TESTR-<MAC6>,0.0,1.0,0.0,100.0
21020,1,walk,walk,6386,,6386.0,20.0,2.0,6.0,2.0,1.47,-0.01,0.072,1.233,32.0,28.14,0.0,19.0,0.0,4.0,2.03,0.04,-1.0,-0.05,0.46,-1.14,0.4,162.0,TESTR,AKR-TESTR-<MAC6>,0.0,1.0,0.0,100.0
21040,1,walk,walk,6387,,6387.0,20.0,2.0,6.0,2.0,1.47,-0.01,0.042,1.206,32.0,28.11,0.0,19.0,0.0,4.0,2.04,0.04,-1.0,-0.05,0.44,-1.14,0.41,162.0,TESTR,AKR-TESTR-<MAC6>,0.0,1.0,0.0,100.0
21080,1,walk,walk,6388,,6388.0,20.0,2.0,6.0,2.0,1.47,-0.01,-0.119,1.19,32.0,28.14,0.0,19.0,0.0,4.0,2.05,0.04,-1.0,-0.05,0.42,-1.15,0.44,162.0,TESTR,AKR-TESTR-<MAC6>,0.0,1.0,0.0,100.0
21120,1,walk,walk,6389,,6389.0,20.0,2.0,6.0,2.0,1.48,-0.01,0.006,1.198,32.0,28.14,0.0,19.0,0.0,4.0,2.05,0.04,-1.0,-0.04,0.4,-1.15,0.47,162.0,TESTR,AKR-TESTR-<MAC6>,0.0,1.0,0.0,100.0
21120,1,walk,walk,6390,,6390.0,20.0,2.0,6.0,2.0,1.48,-0.01,-0.026,1.206,32.0,28.11,0.0,19.0,0.0,4.0,2.06,0.04,-1.0,-0.04,0.38,-1.15,0.51,162.0,TESTR,AKR-TESTR-<MAC6>,0.0,1.0,0.0,100.0
21140,1,walk,walk,6391,,6391.0,20.0,2.0,6.0,2.0,1.48,-0.01,0.003,1.214,32.0,28.11,0.0,19.0,0.0,4.0,2.07,0.04,-1.0,-0.04,0.35,-1.15,0.55,162.0,TESTR,AKR-TESTR-<MAC6>,0.0,1.0,0.0,100.0
21160,1,walk,walk,6392,,6392.0,20.0,2.0,6.0,2.0,1.48,-0.01,0.021,1.236,32.0,28.14,0.0,19.0,0.0,4.0,2.07,0.04,-1.0,-0.04,0.33,-1.15,0.59,162.0,TESTR,AKR-TESTR-<MAC6>,0.0,1.0,0.0,100.0
21160,1,walk,walk,6393,,6393.0,20.0,2.0,6.0,2.0,1.49,-0.01,0.04,1.212,32.0,28.14,0.0,19.0,0.0,4.0,2.07,0.04,-1.0,-0.04,0.3,-1.14,0.63,162.0,TESTR,AKR-TESTR-<MAC6>,0.0,1.0,0.0,100.0
21180,1,walk,walk,6394,,6394.0,20.0,2.0,6.0,2.0,1.49,-0.01,0.048,1.231,32.0,28.11,0.0,19.0,0.0,4.0,2.08,0.04,-1.0,-0.04,0.26,-1.14,0.68,162.0,TESTR,AKR-TESTR-<MAC6>,0.0,1.0,0.0,100.0
21200,1,walk,walk,6395,,6395.0,20.0,2.0,6.0,2.0,1.49,-0.01,0.077,1.213,32.0,28.14,0.0,19.0,0.0,4.0,2.08,0.04,-1.0,-0.04,0.22,-1.13,0.73,162.0,TESTR,AKR-TESTR-<MAC6>,0.0,1.0,0.0,100.0
21240,1,walk,walk,6396,,6396.0,20.0,2.0,6.0,2.0,1.49,-0.01,-0.06,1.249,32.0,28.14,0.0,19.0,0.0,4.0,2.08,0.04,-1.0,-0.04,0.19,-1.12,0.78,162.0,TESTR,AKR-TESTR-<MAC6>,0.0,1.0,0.0,100.0
21260,1,walk,walk,6397,,6397.0,20.0,2.0,6.0,2.0,1.49,-0.01,0.032,1.227,32.0,28.11,0.0,19.0,0.0,4.0,2.08,0.04,-1.0,-0.04,0.15,-1.12,0.83,162.0,TESTR,AKR-TESTR-<MAC6>,0.0,1.0,0.0,100.0
21300,1,walk,walk,6398,,6398.0,20.0,2.0,6.0,2.0,1.49,-0.01,0.029,1.242,32.0,28.14,0.0,19.0,0.0,4.0,2.08,0.04,-1.0,-0.04,0.12,-1.12,0.87,162.0,TESTR,AKR-TESTR-<MAC6>,0.0,1.0,0.0,100.0
21300,1,walk,walk,6399,,6399.0,20.0,2.0,6.0,2.0,1.49,-0.01,-0.015,1.241,32.0,28.11,0.0,19.0,0.0,4.0,2.08,0.04,-1.0,-0.04,0.09,-1.13,0.92,162.0,TESTR,AKR-TESTR-<MAC6>,0.0,1.0,0.0,100.0
21300,1,walk,walk,6400,,6400.0,20.0,2.0,6.0,2.0,1.49,-0.01,-0.028,1.227,32.0,28.14,0.0,19.0,0.0,4.0,2.07,0.04,-1.0,-0.04,0.07,-1.14,0.95,162.0,TESTR,AKR-TESTR-<MAC6>,0.0,1.0,0.0,100.0
21340,1,walk,walk,6401,,6401.0,20.0,2.0,6.0,2.0,1.49,-0.01,0.023,1.233,32.0,28.11,0.0,19.0,0.0,4.0,2.06,0.04,-1.0,-0.04,0.05,-1.17,0.97,162.0,TESTR,AKR-TESTR-<MAC6>,0.0,1.0,0.0,100.0
21340,1,walk,walk,6402,,6402.0,20.0,2.0,6.0,2.0,1.49,-0.01,-0.023,1.231,32.0,28.11,0.0,19.0,0.0,4.0,2.05,0.04,-1.0,-0.04,0.04,-1.19,0.98,162.0,TESTR,AKR-TESTR-<MAC6>,0.0,1.0,0.0,100.0
21360,1,walk,walk,6403,,6403.0,20.0,2.0,6.0,2.0,1.49,-0.01,0.04,1.253,32.0,28.11,0.0,19.0,0.0,4.0,2.04,0.04,-1.0,-0.05,0.04,-1.22,0.99,162.0,TESTR,AKR-TESTR-<MAC6>,0.0,1.0,0.0,100.0
21400,1,walk,walk,6404,,6404.0,20.0,2.0,6.0,2.0,1.49,-0.01,-0.023,1.215,32.0,28.14,0.0,19.0,0.0,4.0,2.03,0.04,-1.0,-0.05,0.05,-1.25,0.99,162.0,TESTR,AKR-TESTR-<MAC6>,0.0,1.0,0.0,100.0
21400,1,walk,walk,6405,,6405.0,20.0,2.0,6.0,2.0,1.49,-0.01,-0.136,1.237,32.0,28.11,0.0,19.0,0.0,4.0,2.03,0.04,-1.0,-0.05,0.05,-1.28,0.99,162.0,TESTR,AKR-TESTR-<MAC6>,0.0,1.0,0.0,100.0
21440,1,walk,walk,6406,,6406.0,20.0,2.0,6.0,2.0,1.48,-0.01,0.022,1.272,32.0,28.11,0.0,19.0,0.0,4.0,2.03,0.04,-1.0,-0.05,0.05,-1.3,0.99,162.0,TESTR,AKR-TESTR-<MAC6>,0.0,1.0,0.0,100.0
21460,1,walk,walk,6407,,6407.0,20.0,2.0,6.0,2.0,1.48,-0.011,-0.032,1.266,32.0,28.14,0.0,19.0,0.0,4.0,2.03,0.04,-1.0,-0.05,0.05,-1.32,1.0,162.0,TESTR,AKR-TESTR-<MAC6>,0.0,1.0,0.0,100.0
21460,1,walk,walk,6408,,6408.0,20.0,2.0,6.0,2.0,1.47,-0.011,0.058,1.255,32.0,28.11,0.0,19.0,0.0,4.0,2.03,0.04,-1.0,-0.05,0.05,-1.33,1.02,162.0,TESTR,AKR-TESTR-<MAC6>,0.0,1.0,0.0,100.0
21500,1,walk,walk,6409,,6409.0,20.0,2.0,6.0,2.0,1.47,-0.011,0.002,1.301,32.0,28.11,0.0,19.0,0.0,4.0,2.02,0.04,-1.0,-0.05,0.05,-1.33,1.05,162.0,TESTR,AKR-TESTR-<MAC6>,0.0,1.0,0.0,100.0
21520,1,walk,walk,6410,,6410.0,20.0,2.0,6.0,2.0,1.46,-0.011,0.083,1.286,32.0,28.11,0.0,19.0,0.0,4.0,2.02,0.04,-1.0,-0.05,0.04,-1.32,1.07,162.0,TESTR,AKR-TESTR-<MAC6>,0.0,1.0,0.0,100.0
21520,1,walk,walk,6411,,6411.0,20.0,2.0,6.0,2.0,1.46,-0.011,-0.009,1.291,32.0,28.11,0.0,19.0,0.0,4.0,2.01,0.04,-1.0,-0.05,0.04,-1.3,1.1,162.0,TESTR,AKR-TESTR-<MAC6>,0.0,1.0,0.0,100.0
21540,1,walk,walk,6412,,6412.0,20.0,2.0,6.0,2.0,1.45,-0.011,-0.04,1.275,32.0,28.11,0.0,19.0,0.0,4.0,2.0,0.04,-1.0,-0.05,0.03,-1.28,1.12,162.0,TESTR,AKR-TESTR-<MAC6>,0.0,1.0,0.0,100.0
21580,1,walk,walk,6413,,6413.0,20.0,2.0,6.0,2.0,1.45,-0.011,-0.034,1.289,32.0,28.14,0.0,19.0,0.0,4.0,1.99,0.03,-1.0,-0.05,0.03,-1.25,1.12,162.0,TESTR,AKR-TESTR-<MAC6>,0.0,1.0,0.0,100.0
21620,1,walk,walk,6414,,6414.0,20.0,2.0,6.0,2.0,1.44,-0.011,0.038,1.314,32.0,28.11,0.0,19.0,0.0,4.0,1.98,0.03,-1.0,-0.05,0.02,-1.23,1.12,162.0,TESTR,AKR-TESTR-<MAC6>,0.0,1.0,0.0,100.0
21620,1,walk,walk,6415,,6415.0,20.0,2.0,6.0,2.0,1.43,-0.011,0.083,1.313,32.0,28.11,0.0,19.0,0.0,4.0,1.96,0.03,-1.0,-0.05,0.01,-1.2,1.12,162.0,TESTR,AKR-TESTR-<MAC6>,0.0,1.0,0.0,100.0
21640,1,walk,walk,6416,,6416.0,20.0,2.0,6.0,2.0,1.43,-0.011,0.001,1.318,32.0,28.14,0.0,19.0,0.0,4.0,1.94,0.03,-1.0,-0.05,0.01,-1.17,1.1,162.0,TESTR,AKR-TESTR-<MAC6>,0.0,1.0,0.0,100.0
21640,1,walk,walk,6417,,6417.0,20.0,2.0,6.0,2.0,1.42,-0.011,-0.069,1.299,32.0,28.11,0.0,19.0,0.0,4.0,1.93,0.03,-1.0,-0.05,0.01,-1.15,1.08,162.0,TESTR,AKR-TESTR-<MAC6>,0.0,1.0,0.0,100.0
21660,1,walk,walk,6418,,6418.0,20.0,2.0,6.0,2.0,1.41,-0.011,0.021,1.32,32.0,28.11,0.0,19.0,0.0,4.0,1.91,0.03,-1.0,-0.05,0.02,-1.12,1.05,162.0,TESTR,AKR-TESTR-<MAC6>,0.0,1.0,0.0,100.0
21700,1,walk,walk,6419,,6419.0,20.0,2.0,6.0,2.0,1.4,-0.011,-0.07,1.312,32.0,28.11,0.0,19.0,0.0,4.0,1.9,0.03,-1.0,-0.05,0.03,-1.1,1.04,162.0,TESTR,AKR-TESTR-<MAC6>,0.0,1.0,0.0,100.0
21700,1,walk,walk,6420,,6420.0,20.0,2.0,6.0,2.0,1.39,-0.011,0.06,1.33,32.0,28.11,0.0,19.0,0.0,4.0,1.89,0.03,-1.0,-0.05,0.05,-1.09,1.03,162.0,TESTR,AKR-TESTR-<MAC6>,0.0,1.0,0.0,100.0
21720,1,walk,walk,6421,,6421.0,20.0,2.0,6.0,2.0,1.38,-0.011,0.001,1.366,32.0,28.11,0.0,19.0,0.0,4.0,1.88,0.03,-1.0,-0.05,0.07,-1.08,1.03,162.0,TESTR,AKR-TESTR-<MAC6>,0.0,1.0,0.0,100.0
21760,1,walk,walk,6422,,6422.0,20.0,2.0,6.0,2.0,1.38,-0.012,0.044,1.374,32.0,28.14,0.0,19.0,0.0,4.0,1.87,0.03,-1.0,-0.05,0.1,-1.09,1.04,162.0,TESTR,AKR-TESTR-<MAC6>,0.0,1.0,0.0,100.0
21800,1,walk,walk,6423,,6423.0,20.0,2.0,6.0,2.0,1.37,-0.012,0.103,1.368,32.0,28.11,0.0,19.0,0.0,4.0,1.86,0.03,-1.0,-0.05,0.14,-1.09,1.05,163.0,TESTR,AKR-TESTR-<MAC6>,0.0,1.0,0.0,100.0
21800,1,walk,walk,6424,,6424.0,20.0,2.0,6.0,2.0,1.36,-0.012,-0.026,1.365,32.0,28.11,0.0,19.0,0.0,4.0,1.85,0.03,-1.0,-0.05,0.18,-1.1,1.05,163.0,TESTR,AKR-TESTR-<MAC6>,0.0,1.0,0.0,100.0
21820,1,walk,walk,6425,,6425.0,20.0,2.0,6.0,2.0,1.35,-0.012,-0.042,1.377,32.0,28.11,0.0,19.0,0.0,4.0,1.83,0.03,-1.0,-0.05,0.21,-1.11,1.04,163.0,TESTR,AKR-TESTR-<MAC6>,0.0,1.0,0.0,100.0
21820,1,walk,walk,6426,,6426.0,20.0,2.0,6.0,2.0,1.34,-0.012,0.065,1.362,32.0,28.11,0.0,19.0,0.0,4.0,1.81,0.03,-1.0,-0.05,0.25,-1.11,1.01,163.0,TESTR,AKR-TESTR-<MAC6>,0.0,1.0,0.0,100.0
21840,1,walk,walk,6427,,6427.0,20.0,2.0,6.0,2.0,1.33,-0.012,0.045,1.343,32.0,28.11,0.0,19.0,0.0,4.0,1.8,0.03,-1.0,-0.05,0.28,-1.11,0.96,163.0,TESTR,AKR-TESTR-<MAC6>,0.0,1.0,0.0,100.0
21900,1,walk,walk,6428,,6428.0,20.0,2.0,6.0,2.0,1.32,-0.012,-0.037,1.37,32.0,28.11,0.0,19.0,0.0,4.0,1.79,0.03,-1.0,-0.05,0.3,-1.11,0.9,163.0,TESTR,AKR-TESTR-<MAC6>,0.0,1.0,0.0,100.0
21900,1,walk,walk,6429,,6429.0,20.0,2.0,6.0,2.0,1.31,-0.012,0.084,1.356,32.0,28.11,0.0,19.0,0.0,4.0,1.78,0.03,-1.0,-0.05,0.32,-1.1,0.83,163.0,TESTR,AKR-TESTR-<MAC6>,0.0,1.0,0.0,100.0
21920,1,walk,walk,6430,,6430.0,20.0,2.0,6.0,2.0,1.31,-0.012,0.011,1.371,32.0,28.11,0.0,19.0,0.0,4.0,1.77,0.03,-1.0,-0.05,0.34,-1.08,0.77,163.0,TESTR,AKR-TESTR-<MAC6>,0.0,1.0,0.0,100.0
21940,1,walk,walk,6431,,6431.0,20.0,2.0,6.0,2.0,1.3,-0.012,-0.042,1.373,32.0,28.11,0.0,19.0,0.0,4.0,1.77,0.03,-1.0,-0.05,0.35,-1.07,0.71,163.0,TESTR,AKR-TESTR-<MAC6>,0.0,1.0,0.0,100.0
21960,1,walk,walk,6432,,6432.0,20.0,2.0,6.0,2.0,1.29,-0.012,-0.105,1.368,32.0,28.11,0.0,19.0,0.0,4.0,1.77,0.03,-1.0,-0.05,0.36,-1.05,0.66,163.0,TESTR,AKR-TESTR-<MAC6>,0.0,1.0,0.0,100.0
21960,1,walk,walk,6433,,6433.0,20.0,2.0,6.0,2.0,1.28,-0.012,-0.041,1.352,32.0,28.11,0.0,19.0,0.0,4.0,1.78,0.03,-1.0,-0.05,0.35,-1.03,0.63,163.0,TESTR,AKR-TESTR-<MAC6>,0.0,1.0,0.0,100.0
22000,1,walk,walk,6434,,6434.0,20.0,2.0,6.0,2.0,1.27,-0.012,-0.036,1.351,32.0,28.11,0.0,19.0,0.0,4.0,1.78,0.03,-1.0,-0.05,0.34,-1.01,0.6,163.0,TESTR,AKR-TESTR-<MAC6>,0.0,1.0,0.0,100.0
22000,1,walk,walk,6435,,6435.0,20.0,2.0,6.0,2.0,1.27,-0.011,-0.06,1.345,32.0,28.11,0.0,19.0,0.0,4.0,1.79,0.03,-1.0,-0.05,0.32,-0.99,0.58,163.0,TESTR,AKR-TESTR-<MAC6>,0.0,1.0,0.0,100.0
22020,1,walk,walk,6436,,6436.0,20.0,2.0,6.0,2.0,1.26,-0.012,0.018,1.356,32.0,28.11,0.0,19.0,0.0,4.0,1.8,0.03,-1.0,-0.05,0.3,-0.97,0.56,163.0,TESTR,AKR-TESTR-<MAC6>,0.0,1.0,0.0,100.0
22060,1,walk,walk,6437,,6437.0,20.0,2.0,6.0,2.0,1.25,-0.012,-0.013,1.375,32.0,28.11,0.0,19.0,0.0,4.0,1.81,0.03,-1.0,-0.05,0.28,-0.96,0.55,163.0,TESTR,AKR-TESTR-<MAC6>,0.0,1.0,0.0,100.0
22060,1,walk,walk,6438,,6438.0,20.0,2.0,6.0,2.0,1.25,-0.012,0.068,1.378,32.0,28.11,0.0,19.0,0.0,4.0,1.82,0.03,-1.0,-0.05,0.26,-0.96,0.55,163.0,TESTR,AKR-TESTR-<MAC6>,0.0,1.0,0.0,100.0
22080,1,walk,walk,6439,,6439.0,20.0,2.0,6.0,2.0,1.24,-0.012,0.002,1.363,32.0,28.11,0.0,19.0,0.0,4.0,1.83,0.03,-1.0,-0.05,0.23,-0.96,0.57,163.0,TESTR,AKR-TESTR-<MAC6>,0.0,1.0,0.0,100.0
22140,1,walk,walk,6440,,6440.0,20.0,2.0,6.0,2.0,1.24,-0.012,0.107,1.355,32.0,28.11,0.0,19.0,0.0,4.0,1.84,0.03,-1.0,-0.05,0.21,-0.97,0.59,163.0,TESTR,AKR-TESTR-<MAC6>,0.0,1.0,0.0,100.0
22140,1,walk,walk,6441,,6441.0,20.0,2.0,6.0,2.0,1.24,-0.012,-0.112,1.352,32.0,28.11,0.0,19.0,0.0,4.0,1.84,0.03,-1.0,-0.05,0.18,-0.98,0.62,163.0,TESTR,AKR-TESTR-<MAC6>,0.0,1.0,0.0,100.0
22140,1,walk,walk,6442,,6442.0,20.0,2.0,6.0,2.0,1.23,-0.011,0.04,1.364,32.0,28.11,0.0,19.0,0.0,4.0,1.84,0.03,-1.0,-0.05,0.16,-0.98,0.64,163.0,TESTR,AKR-TESTR-<MAC6>,0.0,1.0,0.0,100.0
22180,1,walk,walk,6443,,6443.0,20.0,2.0,6.0,2.0,1.23,-0.012,0.069,1.361,32.0,28.11,0.0,19.0,0.0,4.0,1.83,0.03,-1.0,-0.05,0.13,-0.98,0.65,163.0,TESTR,AKR-TESTR-<MAC6>,0.0,1.0,0.0,100.0
22180,1,walk,walk,6444,,6444.0,20.0,2.0,6.0,2.0,1.23,-0.012,-0.07,1.34,32.0,28.11,0.0,19.0,0.0,4.0,1.83,0.03,-1.0,-0.05,0.1,-0.98,0.66,163.0,TESTR,AKR-TESTR-<MAC6>,0.0,1.0,0.0,100.0
22200,1,walk,walk,6445,,6445.0,20.0,2.0,6.0,2.0,1.23,-0.012,0.032,1.368,32.0,28.11,0.0,19.0,0.0,4.0,1.82,0.03,-1.0,-0.05,0.09,-0.98,0.66,163.0,TESTR,AKR-TESTR-<MAC6>,0.0,1.0,0.0,100.0
22240,1,walk,walk,6446,,6446.0,20.0,2.0,6.0,2.0,1.23,-0.011,0.044,1.361,32.0,28.11,0.0,19.0,0.0,4.0,1.82,0.03,-1.0,-0.05,0.08,-0.98,0.65,163.0,TESTR,AKR-TESTR-<MAC6>,0.0,1.0,0.0,100.0
22240,1,walk,walk,6447,,6447.0,20.0,2.0,6.0,2.0,1.22,-0.011,0.011,1.351,32.0,28.11,0.0,19.0,0.0,4.0,1.81,0.03,-1.0,-0.05,0.08,-0.99,0.64,163.0,TESTR,AKR-TESTR-<MAC6>,0.0,1.0,0.0,100.0
22280,1,walk,walk,6448,,6448.0,20.0,2.0,6.0,2.0,1.22,-0.011,-0.079,1.356,32.0,28.11,0.0,19.0,0.0,4.0,1.81,0.03,-1.0,-0.05,0.09,-1.01,0.64,163.0,TESTR,AKR-TESTR-<MAC6>,0.0,1.0,0.0,100.0
22300,1,walk,walk,6449,,6449.0,20.0,2.0,6.0,2.0,1.22,-0.012,0.015,1.37,32.0,28.11,0.0,19.0,0.0,4.0,1.81,0.03,-1.0,-0.05,0.11,-1.02,0.63,163.0,TESTR,AKR-TESTR-<MAC6>,0.0,1.0,0.0,100.0
22300,1,walk,walk,6450,,6450.0,20.0,2.0,6.0,2.0,1.22,-0.011,0.099,1.368,32.0,28.11,0.0,19.0,0.0,4.0,1.81,0.03,-1.0,-0.05,0.13,-1.04,0.63,163.0,TESTR,AKR-TESTR-<MAC6>,0.0,1.0,0.0,100.0
22320,1,walk,walk,6451,,6451.0,20.0,2.0,6.0,2.0,1.22,-0.011,-0.034,1.344,32.0,28.14,0.0,19.0,0.0,4.0,1.81,0.03,-1.0,-0.05,0.16,-1.04,0.63,163.0,TESTR,AKR-TESTR-<MAC6>,0.0,1.0,0.0,100.0
22380,1,walk,walk,6452,,6452.0,20.0,2.0,6.0,2.0,1.22,-0.012,-0.054,1.367,32.0,28.14,0.0,19.0,0.0,4.0,1.81,0.03,-1.0,-0.05,0.19,-1.05,0.63,163.0,TESTR,AKR-TESTR-<MAC6>,0.0,1.0,0.0,100.0
22380,1,walk,walk,6453,,6453.0,20.0,2.0,6.0,2.0,1.22,-0.011,0.041,1.368,32.0,28.11,0.0,19.0,0.0,4.0,1.81,0.03,-1.0,-0.05,0.22,-1.05,0.65,163.0,TESTR,AKR-TESTR-<MAC6>,0.0,1.0,0.0,100.0
22380,1,walk,walk,6454,,6454.0,20.0,2.0,6.0,2.0,1.22,-0.012,0.011,1.345,32.0,28.14,0.0,19.0,0.0,4.0,1.81,0.03,-1.0,-0.05,0.25,-1.05,0.66,163.0,TESTR,AKR-TESTR-<MAC6>,0.0,1.0,0.0,100.0
22420,1,walk,walk,6455,,6455.0,20.0,2.0,6.0,2.0,1.22,-0.012,0.001,1.323,32.0,28.11,0.0,19.0,0.0,4.0,1.82,0.03,-1.0,-0.05,0.27,-1.05,0.68,163.0,TESTR,AKR-TESTR-<MAC6>,0.0,1.0,0.0,100.0
22440,1,walk,walk,6456,,6456.0,20.0,2.0,6.0,2.0,1.22,-0.011,0.015,1.366,32.0,28.14,0.0,19.0,0.0,4.0,1.82,0.03,-1.0,-0.05,0.29,-1.04,0.7,163.0,TESTR,AKR-TESTR-<MAC6>,0.0,1.0,0.0,100.0
22460,1,walk,walk,6457,,6457.0,20.0,2.0,6.0,2.0,1.22,-0.012,-0.076,1.349,32.0,28.14,0.0,19.0,0.0,4.0,1.82,0.03,-1.0,-0.05,0.29,-1.03,0.71,163.0,TESTR,AKR-TESTR-<MAC6>,0.0,1.0,0.0,100.0
22480,1,walk,walk,6458,,6458.0,20.0,2.0,6.0,2.0,1.22,-0.012,-0.036,1.375,32.0,28.11,0.0,19.0,0.0,4.0,1.82,0.03,-1.0,-0.05,0.29,-1.01,0.71,163.0,TESTR,AKR-TESTR-<MAC6>,0.0,1.0,0.0,100.0
22480,1,walk,walk,6459,,6459.0,20.0,2.0,6.0,2.0,1.22,-0.011,0.046,1.348,32.0,28.11,0.0,19.0,0.0,4.0,1.81,0.03,-1.0,-0.05,0.28,-0.99,0.72,163.0,TESTR,AKR-TESTR-<MAC6>,0.0,1.0,0.0,100.0
22500,1,walk,walk,6460,,6460.0,20.0,2.0,6.0,2.0,1.22,-0.011,0.011,1.354,32.0,28.14,0.0,19.0,0.0,4.0,1.81,0.03,-1.0,-0.05,0.27,-0.96,0.71,163.0,TESTR,AKR-TESTR-<MAC6>,0.0,1.0,0.0,100.0
22540,1,walk,walk,6461,,6461.0,20.0,2.0,6.0,2.0,1.21,-0.012,-0.011,1.359,32.0,28.11,0.0,19.0,0.0,4.0,1.81,0.03,-1.0,-0.05,0.26,-0.94,0.7,163.0,TESTR,AKR-TESTR-<MAC6>,0.0,1.0,0.0,100.0
22540,1,walk,walk,6462,,6462.0,20.0,2.0,6.0,2.0,1.21,-0.012,-0.034,1.352,32.0,28.11,0.0,19.0,0.0,4.0,1.8,0.03,-1.0,-0.05,0.25,-0.92,0.68,163.0,TESTR,AKR-TESTR-<MAC6>,0.0,1.0,0.0,100.0
22560,1,walk,walk,6463,,6463.0,20.0,2.0,6.0,2.0,1.21,-0.011,0.002,1.346,32.0,28.14,0.0,19.0,0.0,4.0,1.8,0.03,-1.0,-0.05,0.24,-0.9,0.66,163.0,TESTR,AKR-TESTR-<MAC6>,0.0,1.0,0.0,100.0
22600,1,walk,walk,6464,,6464.0,20.0,2.0,6.0,2.0,1.21,-0.012,-0.046,1.344,32.0,28.11,0.0,19.0,0.0,4.0,1.8,0.03,-1.0,-0.05,0.23,-0.89,0.64,163.0,TESTR,AKR-TESTR-<MAC6>,0.0,1.0,0.0,100.0
22620,1,walk,walk,6465,,6465.0,20.0,2.0,6.0,2.0,1.21,-0.011,0.049,1.36,32.0,28.11,0.0,19.0,0.0,4.0,1.8,0.03,-1.0,-0.05,0.22,-0.89,0.63,163.0,TESTR,AKR-TESTR-<MAC6>,0.0,1.0,0.0,100.0
22640,1,walk,walk,6466,,6466.0,20.0,2.0,6.0,2.0,1.21,-0.012,-0.06,1.375,32.0,28.11,0.0,19.0,0.0,4.0,1.81,0.03,-1.0,-0.05,0.2,-0.89,0.62,163.0,TESTR,AKR-TESTR-<MAC6>,0.0,1.0,0.0,100.0
22660,1,walk,walk,6467,,6467.0,20.0,2.0,6.0,2.0,1.21,-0.012,0.011,1.385,32.0,28.11,0.0,19.0,0.0,4.0,1.81,0.03,-1.0,-0.05,0.19,-0.91,0.63,163.0,TESTR,AKR-TESTR-<MAC6>,0.0,1.0,0.0,100.0
22660,1,walk,walk,6468,,6468.0,20.0,2.0,6.0,2.0,1.21,-0.012,-0.021,1.373,32.0,28.11,0.0,19.0,0.0,4.0,1.82,0.03,-1.0,-0.05,0.18,-0.93,0.64,163.0,TESTR,AKR-TESTR-<MAC6>,0.0,1.0,0.0,100.0
22680,1,walk,walk,6469,,6469.0,20.0,2.0,6.0,2.0,1.21,-0.012,-0.077,1.39,32.0,28.11,0.0,19.0,0.0,4.0,1.82,0.03,-1.0,-0.05,0.18,-0.94,0.66,163.0,TESTR,AKR-TESTR-<MAC6>,0.0,1.0,0.0,100.0
22720,1,walk,walk,6470,,6470.0,20.0,2.0,6.0,2.0,1.2,-0.012,0.011,1.36,32.0,28.11,0.0,19.0,0.0,4.0,1.82,0.03,-1.0,-0.05,0.18,-0.96,0.68,163.0,TESTR,AKR-TESTR-<MAC6>,0.0,1.0,0.0,100.0
22720,1,walk,walk,6471,,6471.0,20.0,2.0,6.0,2.0,1.2,-0.012,0.056,1.364,32.0,28.11,0.0,19.0,0.0,4.0,1.81,0.03,-1.0,-0.05,0.18,-0.97,0.7,163.0,TESTR,AKR-TESTR-<MAC6>,0.0,1.0,0.0,100.0
22740,1,walk,walk,6472,,6472.0,20.0,2.0,6.0,2.0,1.2,-0.012,-0.013,1.378,32.0,28.11,0.0,19.0,0.0,4.0,1.81,0.03,-1.0,-0.05,0.2,-0.98,0.72,163.0,TESTR,AKR-TESTR-<MAC6>,0.0,1.0,0.0,100.0
22800,1,walk,walk,6473,,6473.0,20.0,2.0,6.0,2.0,1.2,-0.012,0.023,1.391,32.0,28.11,0.0,19.0,0.0,4.0,1.81,0.03,-1.0,-0.05,0.21,-0.99,0.72,164.0,TESTR,AKR-TESTR-<MAC6>,0.0,1.0,0.0,100.0
22800,1,walk,walk,6474,,6474.0,20.0,2.0,6.0,2.0,1.2,-0.012,0.048,1.357,32.0,28.11,0.0,19.0,0.0,4.0,1.8,0.03,-1.0,-0.05,0.23,-1.0,0.72,164.0,TESTR,AKR-TESTR-<MAC6>,0.0,1.0,0.0,100.0
22800,1,walk,walk,6475,,6475.0,20.0,2.0,6.0,2.0,1.2,-0.012,-0.026,1.378,32.0,28.11,0.0,19.0,0.0,4.0,1.79,0.03,-1.0,-0.05,0.25,-1.0,0.71,164.0,TESTR,AKR-TESTR-<MAC6>,0.0,1.0,0.0,100.0
22840,1,walk,walk,6476,,6476.0,20.0,2.0,6.0,2.0,1.2,-0.012,-0.003,1.378,32.0,28.11,0.0,19.0,0.0,4.0,1.79,0.03,-1.0,-0.05,0.28,-1.01,0.69,164.0,TESTR,AKR-TESTR-<MAC6>,0.0,1.0,0.0,100.0
22860,1,walk,walk,6477,,6477.0,20.0,2.0,6.0,2.0,1.2,-0.012,-0.08,1.369,32.0,28.11,0.0,19.0,0.0,4.0,1.78,0.03,-1.0,-0.05,0.29,-1.02,0.67,164.0,TESTR,AKR-TESTR-<MAC6>,0.0,1.0,0.0,100.0
22860,1,walk,walk,6478,,6478.0,20.0,2.0,6.0,2.0,1.2,-0.012,0.05,1.39,32.0,28.11,0.0,19.0,0.0,4.0,1.78,0.03,-1.0,-0.05,0.3,-1.02,0.63,164.0,TESTR,AKR-TESTR-<MAC6>,0.0,1.0,0.0,100.0
22900,1,walk,walk,6479,,6479.0,20.0,2.0,6.0,2.0,1.2,-0.012,-0.007,1.359,32.0,28.11,0.0,19.0,0.0,4.0,1.77,0.03,-1.0,-0.05,0.31,-1.02,0.59,164.0,TESTR,AKR-TESTR-<MAC6>,0.0,1.0,0.0,100.0
22900,1,walk,walk,6480,,6480.0,20.0,2.0,6.0,2.0,1.2,-0.012,-0.041,1.341,32.0,28.11,0.0,19.0,0.0,4.0,1.78,0.03,-1.0,-0.05,0.32,-1.02,0.56,164.0,TESTR,AKR-TESTR-<MAC6>,0.0,1.0,0.0,100.0
22960,1,walk,walk,6481,,6481.0,20.0,2.0,6.0,2.0,1.19,-0.012,0.002,1.369,32.0,28.11,0.0,19.0,0.0,4.0,1.78,0.03,-1.0,-0.05,0.32,-1.01,0.53,164.0,TESTR,AKR-TESTR-<MAC6>,0.0,1.0,0.0,100.0
22960,1,walk,walk,6482,,6482.0,20.0,2.0,6.0,2.0,1.19,-0.012,0.06,1.352,32.0,28.11,0.0,19.0,0.0,4.0,1.78,0.03,-1.0,-0.05,0.32,-1.01,0.52,164.0,TESTR,AKR-TESTR-<MAC6>,0.0,1.0,0.0,100.0
22960,1,walk,walk,6483,,6483.0,20.0,2.0,6.0,2.0,1.19,-0.012,0.062,1.361,32.0,28.11,0.0,19.0,0.0,4.0,1.79,0.03,-1.0,-0.05,0.32,-1.01,0.51,164.0,TESTR,AKR-TESTR-<MAC6>,0.0,1.0,0.0,100.0
22980,1,walk,walk,6484,,6484.0,20.0,2.0,6.0,2.0,1.19,-0.012,-0.018,1.346,32.0,28.11,0.0,19.0,0.0,4.0,1.8,0.03,-1.0,-0.05,0.33,-1.01,0.51,164.0,TESTR,AKR-TESTR-<MAC6>,0.0,1.0,0.0,100.0
23020,1,walk,walk,6485,,6485.0,20.0,2.0,6.0,2.0,1.19,-0.012,-0.023,1.371,32.0,28.11,0.0,19.0,0.0,4.0,1.8,0.03,-1.0,-0.05,0.34,-1.0,0.53,164.0,TESTR,AKR-TESTR-<MAC6>,0.0,1.0,0.0,100.0
23020,1,walk,walk,6486,,6486.0,20.0,2.0,6.0,2.0,1.19,-0.012,0.06,1.378,32.0,28.11,0.0,19.0,0.0,4.0,1.8,0.03,-1.0,-0.05,0.35,-1.0,0.54,164.0,TESTR,AKR-TESTR-<MAC6>,0.0,1.0,0.0,100.0
23040,1,walk,walk,6487,,6487.0,20.0,2.0,6.0,2.0,1.19,-0.012,0.049,1.366,32.0,28.11,0.0,19.0,0.0,4.0,1.81,0.03,-1.0,-0.05,0.37,-1.0,0.55,164.0,TESTR,AKR-TESTR-<MAC6>,0.0,1.0,0.0,100.0
23080,1,walk,walk,6488,,6488.0,20.0,2.0,6.0,2.0,1.19,-0.012,-0.003,1.358,32.0,28.11,0.0,19.0,0.0,4.0,1.81,0.03,-1.0,-0.05,0.39,-1.0,0.56,164.0,TESTR,AKR-TESTR-<MAC6>,0.0,1.0,0.0,100.0
23100,1,walk,walk,6489,,6489.0,20.0,2.0,6.0,2.0,1.19,-0.012,-0.017,1.37,32.0,28.11,0.0,19.0,0.0,4.0,1.8,0.03,-1.0,-0.05,0.42,-1.0,0.56,164.0,TESTR,AKR-TESTR-<MAC6>,0.0,1.0,0.0,100.0
23120,1,walk,walk,6490,,6490.0,20.0,2.0,6.0,2.0,1.19,-0.012,0.048,1.366,32.0,28.11,0.0,19.0,0.0,4.0,1.8,0.03,-1.0,-0.05,0.45,-0.99,0.57,164.0,TESTR,AKR-TESTR-<MAC6>,0.0,1.0,0.0,100.0
23140,1,walk,walk,6491,,6491.0,20.0,2.0,6.0,2.0,1.19,-0.012,-0.006,1.377,32.0,28.11,0.0,19.0,0.0,4.0,1.8,0.03,-1.0,-0.05,0.48,-0.99,0.58,164.0,TESTR,AKR-TESTR-<MAC6>,0.0,1.0,0.0,100.0
23140,1,walk,walk,6492,,6492.0,20.0,2.0,6.0,2.0,1.19,-0.012,-0.079,1.402,32.0,28.11,0.0,19.0,0.0,4.0,1.81,0.03,-1.0,-0.05,0.51,-0.99,0.6,164.0,TESTR,AKR-TESTR-<MAC6>,0.0,1.0,0.0,100.0
23160,1,walk,walk,6493,,6493.0,20.0,2.0,6.0,2.0,1.19,-0.012,0.023,1.387,32.0,28.11,0.0,19.0,0.0,4.0,1.81,0.03,-1.0,-0.05,0.53,-0.99,0.62,164.0,TESTR,AKR-TESTR-<MAC6>,0.0,1.0,0.0,100.0
23200,1,walk,walk,6494,,6494.0,20.0,2.0,6.0,2.0,1.19,-0.012,-0.037,1.406,32.0,28.11,0.0,19.0,0.0,4.0,1.81,0.03,-1.0,-0.05,0.56,-1.0,0.65,164.0,TESTR,AKR-TESTR-<MAC6>,0.0,1.0,0.0,100.0
23200,1,walk,walk,6495,,6495.0,20.0,2.0,6.0,2.0,1.19,-0.012,0.053,1.403,32.0,28.11,0.0,19.0,0.0,4.0,1.8,0.03,-1.0,-0.05,0.58,-1.0,0.68,164.0,TESTR,AKR-TESTR-<MAC6>,0.0,1.0,0.0,100.0
23240,1,walk,walk,6496,,6496.0,20.0,2.0,6.0,2.0,1.2,-0.012,-0.04,1.423,32.0,28.11,0.0,19.0,0.0,4.0,1.8,0.03,-1.0,-0.05,0.58,-1.01,0.7,164.0,TESTR,AKR-TESTR-<MAC6>,0.0,1.0,0.0,100.0
23260,1,walk,walk,6497,,6497.0,20.0,2.0,6.0,2.0,1.2,-0.012,-0.101,1.413,32.0,28.11,0.0,19.0,0.0,4.0,1.8,0.03,-1.0,-0.05,0.57,-1.02,0.71,164.0,TESTR,AKR-TESTR-<MAC6>,0.0,1.0,0.0,100.0
23300,1,walk,walk,6498,,6498.0,20.0,2.0,6.0,2.0,1.2,-0.012,0.093,1.416,32.0,28.11,0.0,19.0,0.0,4.0,1.8,0.03,-1.0,-0.05,0.55,-1.02,0.73,164.0,TESTR,AKR-TESTR-<MAC6>,0.0,1.0,0.0,100.0
23300,1,walk,walk,6499,,6499.0,20.0,2.0,6.0,2.0,1.2,-0.012,-0.046,1.446,32.0,28.11,0.0,19.0,0.0,4.0,1.79,0.03,-1.0,-0.05,0.52,-1.01,0.74,164.0,TESTR,AKR-TESTR-<MAC6>,0.0,1.0,0.0,100.0
23320,1,walk,walk,6500,,6500.0,20.0,2.0,6.0,2.0,1.2,-0.012,0.099,1.477,32.0,28.11,0.0,19.0,0.0,4.0,1.79,0.03,-1.0,-0.05,0.49,-1.02,0.77,164.0,TESTR,AKR-TESTR-<MAC6>,0.0,1.0,0.0,100.0
23320,1,walk,walk,6501,,6501.0,20.0,2.0,6.0,2.0,1.2,-0.013,-0.076,1.502,32.0,28.11,0.0,19.0,0.0,4.0,1.79,0.03,-1.0,-0.05,0.46,-1.02,0.8,164.0,TESTR,AKR-TESTR-<MAC6>,0.0,1.0,0.0,100.0
23340,1,walk,walk,6502,,6502.0,20.0,2.0,6.0,2.0,1.2,-0.013,-0.072,1.537,32.0,28.11,0.0,19.0,0.0,4.0,1.79,0.03,-1.0,-0.05,0.43,-1.03,0.86,164.0,TESTR,AKR-TESTR-<MAC6>,0.0,1.0,0.0,100.0
23380,1,walk,walk,6503,,6503.0,20.0,2.0,6.0,2.0,1.2,-0.013,0.05,1.592,32.0,28.11,0.0,19.0,0.0,4.0,1.79,0.03,-1.0,-0.05,0.4,-1.04,0.93,164.0,TESTR,AKR-TESTR-<MAC6>,0.0,1.0,0.0,100.0
23380,1,walk,walk,6504,,6504.0,20.0,2.0,6.0,2.0,1.2,-0.014,-0.038,1.645,32.0,28.11,0.0,19.0,0.0,4.0,1.8,0.03,-1.0,-0.05,0.38,-1.06,1.04,164.0,TESTR,AKR-TESTR-<MAC6>,0.0,1.0,0.0,100.0
23400,1,walk,walk,6505,,6505.0,20.0,2.0,6.0,2.0,1.19,-0.015,-0.076,1.756,32.0,28.11,0.0,19.0,0.0,4.0,1.82,0.03,-1.0,-0.05,0.36,-1.1,1.22,164.0,TESTR,AKR-TESTR-<MAC6>,0.0,1.0,0.0,100.0
23440,1,walk,walk,6506,,6506.0,20.0,2.0,6.0,2.0,1.19,-0.016,-0.122,1.956,32.0,28.11,0.0,19.0,0.0,4.0,1.85,0.03,-1.0,-0.05,0.36,-1.15,1.5,164.0,TESTR,AKR-TESTR-<MAC6>,0.0,1.0,0.0,100.0
23440,1,walk,walk,6507,,6507.0,20.0,2.0,6.0,2.0,1.19,-0.017,-0.101,2.163,32.0,28.07,0.0,19.0,0.0,4.0,1.89,0.03,-1.0,-0.05,0.4,-1.23,1.91,164.0,TESTR,AKR-TESTR-<MAC6>,0.0,1.0,0.0,100.0
23480,1,walk,walk,6508,,6508.0,20.0,2.0,6.0,2.0,1.19,-0.019,-0.195,2.362,32.0,28.07,0.0,19.0,0.0,4.0,1.92,0.03,-1.0,-0.05,0.46,-1.34,2.46,164.0,TESTR,AKR-TESTR-<MAC6>,0.0,1.0,0.0,100.0
23500,1,walk,walk,6509,,6509.0,20.0,2.0,6.0,2.0,1.18,-0.021,-0.091,2.579,32.0,28.04,0.0,19.0,0.0,4.0,1.94,0.03,-1.0,-0.05,0.55,-1.45,3.13,164.0,TESTR,AKR-TESTR-<MAC6>,0.0,1.0,0.0,100.0
23500,1,walk,walk,6510,,6510.0,20.0,2.0,6.0,2.0,1.17,-0.023,-0.085,2.748,32.0,28.04,0.0,19.0,0.0,4.0,1.94,0.03,-1.0,-0.05,0.67,-1.57,3.92,164.0,TESTR,AKR-TESTR-<MAC6>,0.0,1.0,0.0,100.0
23520,1,walk,walk,6511,,6511.0,20.0,2.0,6.0,2.0,1.17,-0.024,-0.113,2.965,32.0,28.0,0.0,19.0,0.0,4.0,1.91,0.03,-1.0,-0.05,0.81,-1.69,4.76,164.0,TESTR,AKR-TESTR-<MAC6>,0.0,1.0,0.0,100.0
23560,1,walk,walk,6512,,6512.0,20.0,2.0,6.0,2.0,1.15,-0.025,-0.036,3.091,32.0,27.97,0.0,19.0,0.0,4.0,1.85,0.03,-1.0,-0.05,1.01,-1.83,5.63,164.0,TESTR,AKR-TESTR-<MAC6>,0.0,1.0,0.0,100.0
23580,1,walk,walk,6513,,6513.0,20.0,2.0,6.0,2.0,1.14,-0.027,-0.181,3.255,32.0,27.97,0.0,19.0,0.0,4.0,1.75,0.03,-1.0,-0.05,1.28,-1.96,6.46,164.0,TESTR,AKR-TESTR-<MAC6>,0.0,1.0,0.0,100.0
23600,1,walk,walk,6514,,6514.0,20.0,2.0,6.0,2.0,1.11,-0.028,-0.117,3.425,32.0,27.93,0.0,19.0,0.0,4.0,1.62,0.03,-1.0,-0.05,1.6,-2.07,7.23,164.0,TESTR,AKR-TESTR-<MAC6>,0.0,1.0,0.0,100.0
23620,1,walk,walk,6515,,6515.0,20.0,2.0,6.0,2.0,1.09,-0.029,-0.028,3.568,32.0,27.93,0.0,19.0,0.0,4.0,1.45,0.03,-1.0,-0.05,1.95,-2.14,7.88,164.0,TESTR,AKR-TESTR-<MAC6>,0.0,1.0,0.0,100.0
23640,1,walk,walk,6516,,6516.0,20.0,2.0,6.0,2.0,1.05,-0.03,0.037,3.612,32.0,27.93,0.0,19.0,0.0,4.0,1.25,0.02,-1.0,-0.05,2.32,-2.18,8.38,164.0,TESTR,AKR-TESTR-<MAC6>,0.0,1.0,0.0,100.0
23640,1,walk,walk,6517,,6517.0,20.0,2.0,6.0,2.0,1.01,-0.03,-0.037,3.677,32.0,27.9,0.0,19.0,0.0,4.0,1.03,0.02,-1.0,-0.05,2.68,-2.18,8.7,164.0,TESTR,AKR-TESTR-<MAC6>,0.0,1.0,0.0,100.0
23680,1,walk,walk,6518,,6518.0,20.0,2.0,6.0,2.0,0.96,-0.031,0.014,3.713,32.0,27.9,0.0,19.0,0.0,4.0,0.8,0.01,-1.0,-0.04,3.03,-2.14,8.83,164.0,TESTR,AKR-TESTR-<MAC6>,0.0,1.0,0.0,100.0
23680,1,walk,walk,6519,,6519.0,20.0,2.0,6.0,2.0,0.89,-0.031,0.017,3.704,32.0,27.9,0.0,19.0,0.0,4.0,0.56,0.01,-1.0,-0.04,3.33,-2.07,8.77,164.0,TESTR,AKR-TESTR-<MAC6>,0.0,1.0,0.0,100.0
23700,1,walk,walk,6520,,6520.0,20.0,2.0,6.0,2.0,0.82,-0.031,-0.08,3.718,32.0,27.9,0.0,19.0,0.0,4.0,0.31,0.01,-1.0,-0.04,3.58,-1.94,8.53,164.0,TESTR,AKR-TESTR-<MAC6>,0.0,1.0,0.0,100.0
23760,1,walk,walk,6521,,6521.0,20.0,2.0,6.0,2.0,0.74,-0.031,0.002,3.696,32.0,27.9,0.0,19.0,0.0,4.0,0.07,0.0,-1.0,-0.04,3.77,-1.76,8.1,165.0,TESTR,AKR-TESTR-<MAC6>,0.0,1.0,0.0,100.0
23760,1,walk,walk,6522,,6522.0,20.0,2.0,6.0,2.0,0.65,-0.03,0.123,3.553,32.0,27.9,0.0,19.0,0.0,4.0,-0.19,0.0,-1.01,-0.04,3.93,-1.52,7.43,165.0,TESTR,AKR-TESTR-<MAC6>,0.0,1.0,0.0,100.0
23780,1,walk,walk,6523,,6523.0,20.0,2.0,6.0,2.0,0.56,-0.028,0.206,3.288,32.0,27.93,0.0,19.0,0.0,4.0,-0.47,-0.01,-1.01,-0.04,4.09,-1.24,6.47,165.0,TESTR,AKR-TESTR-<MAC6>,0.0,1.0,0.0,100.0
23800,1,walk,walk,6524,,6524.0,20.0,2.0,6.0,2.0,0.45,-0.026,0.229,2.943,32.0,27.97,0.0,19.0,0.0,4.0,-0.75,-0.01,-1.01,-0.04,4.29,-0.89,5.15,165.0,TESTR,AKR-TESTR-<MAC6>,0.0,1.0,0.0,100.0
23820,1,walk,walk,6525,,6525.0,20.0,2.0,6.0,2.0,0.34,-0.023,0.191,2.662,32.0,28.0,0.0,19.0,0.0,4.0,-1.03,-0.02,-1.01,-0.04,4.54,-0.47,3.47,165.0,TESTR,AKR-TESTR-<MAC6>,0.0,1.0,0.0,100.0
23820,1,walk,walk,6526,,6526.0,20.0,2.0,6.0,2.0,0.23,-0.02,0.226,2.262,32.0,28.04,0.0,19.0,0.0,4.0,-1.27,-0.02,-1.01,-0.03,4.83,-0.01,1.44,165.0,TESTR,AKR-TESTR-<MAC6>,0.0,1.0,0.0,100.0
23860,1,walk,walk,6527,,6527.0,20.0,2.0,6.0,2.0,0.11,-0.017,0.206,1.969,32.0,28.07,0.0,19.0,0.0,4.0,-1.43,-0.03,-1.01,-0.03,5.09,0.55,-0.85,165.0,TESTR,AKR-TESTR-<MAC6>,0.0,1.0,0.0,100.0
23860,1,walk,walk,6528,,6528.0,20.0,2.0,6.0,2.0,0.0,-0.015,0.046,1.831,32.0,28.07,0.0,19.0,0.0,4.0,-1.47,-0.03,-1.01,-0.03,5.14,1.46,-3.25,165.0,TESTR,AKR-TESTR-<MAC6>,0.0,1.0,0.0,100.0
23900,1,walk,walk,6529,,6529.0,20.0,2.0,6.0,2.0,-0.11,-0.014,0.075,1.569,32.0,28.11,0.0,19.0,0.0,4.0,-1.3,-0.02,-1.01,-0.04,4.66,3.55,-5.58,165.0,TESTR,AKR-TESTR-<MAC6>,0.0,1.0,0.0,100.0
23920,1,walk,walk,6530,,6530.0,20.0,2.0,6.0,2.0,-0.21,-0.012,0.073,1.424,32.0,28.11,0.0,19.0,0.0,4.0,-0.89,-0.02,-1.01,-0.04,3.35,8.09,-7.55,165.0,TESTR,AKR-TESTR-<MAC6>,0.0,1.0,0.0,100.0
23920,1,walk,walk,6531,,6531.0,20.0,2.0,6.0,2.0,-0.3,-0.012,0.042,1.407,32.0,28.11,0.0,19.0,0.0,4.0,-0.26,0.0,-1.01,-0.05,1.01,16.53,-8.83,165.0,TESTR,AKR-TESTR-<MAC6>,0.0,1.0,0.0,100.0
23940,1,walk,walk,6532,,6532.0,20.0,2.0,6.0,2.0,-0.37,-0.01,0.085,1.15,32.0,28.11,0.0,19.0,0.0,4.0,0.52,0.01,-1.01,-0.06,-2.39,29.89,-9.07,165.0,TESTR,AKR-TESTR-<MAC6>,0.0,1.0,0.0,100.0
23980,1,walk,walk,6533,,6533.0,20.0,0.0,6.0,2.0,-0.42,-0.009,0.07,0.994,32.0,28.14,0.0,17.0,0.0,4.0,1.27,0.02,-1.01,-0.07,-6.65,48.27,-8.0,165.0,TESTR,AKR-TESTR-<MAC6>,0.0,1.0,0.0,100.0
23980,1,walk,walk,6534,,6534.0,20.0,1.0,6.0,2.0,-0.46,-0.007,0.089,0.753,32.0,28.14,0.0,18.0,0.0,4.0,1.75,0.03,-1.01,-0.08,-11.39,70.42,-5.51,165.0,TESTR,AKR-TESTR-<MAC6>,0.0,1.0,0.0,100.0
24000,1,walk,walk,6535,,6535.0,20.0,1.0,6.0,2.0,-0.48,-0.006,0.028,0.615,32.0,28.14,0.0,18.0,0.0,4.0,1.69,0.03,-1.01,-0.09,-16.15,93.83,-1.85,165.0,TESTR,AKR-TESTR-<MAC6>,0.0,1.0,0.0,100.0
24040,1,walk,walk,6536,,6536.0,20.0,1.0,6.0,2.0,-0.47,-0.005,0.033,0.481,32.0,28.14,0.0,18.0,0.0,4.0,0.93,0.02,-1.02,-0.1,-20.39,115.28,2.53,165.0,TESTR,AKR-TESTR-<MAC6>,0.0,1.0,0.0,100.0
24060,1,walk,walk,6537,,6537.0,20.0,1.0,6.0,2.0,-0.46,-0.004,0.041,0.449,32.0,28.14,0.0,18.0,0.0,4.0,-0.54,-0.01,-1.03,-0.1,-23.67,131.68,7.04,165.0,TESTR,AKR-TESTR-<MAC6>,0.0,1.0,0.0,100.0
24080,1,walk,walk,6538,,6538.0,20.0,1.0,0.0,5.0,-0.43,-0.005,0.021,0.503,32.0,28.14,0.0,18.0,0.0,4.0,-2.53,-0.05,-1.03,-0.1,-25.69,140.88,11.14,165.0,TESTR,AKR-TESTR-<MAC6>,0.0,1.0,0.0,100.0
24100,1,walk,walk,6539,,6539.0,20.0,0.0,0.0,6.0,-0.41,-0.005,-0.023,0.518,32.0,28.14,0.0,19.0,0.0,4.0,-4.78,-0.09,-1.04,-0.09,-26.29,142.15,14.62,165.0,TESTR,AKR-TESTR-<MAC6>,0.0,1.0,0.0,100.0
24100,1,walk,walk,6540,,6540.0,20.0,0.0,0.0,6.0,-0.39,-0.031,-3.59,0.0,32.0,28.21,0.0,12.0,0.0,4.0,-6.96,-0.13,-1.04,-0.08,-25.51,136.16,17.48,165.0,TESTR,AKR-TESTR-<MAC6>,0.0,1.0,0.0,100.0
24120,1,walk,walk,6541,,6541.0,20.0,0.0,0.0,6.0,-0.38,-0.059,-1.443,0.0,32.0,28.18,0.0,12.0,0.0,4.0,-8.78,-0.16,-1.05,-0.07,-23.52,124.64,19.78,165.0,TESTR,AKR-TESTR-<MAC6>,0.0,1.0,0.0,100.0
24160,1,walk,walk,6542,,6542.0,20.0,0.0,0.0,6.0,-0.4,-0.072,-0.519,0.0,32.0,28.18,0.0,12.0,0.0,4.0,-10.05,-0.19,-1.05,-0.06,-20.58,109.89,21.59,165.0,TESTR,AKR-TESTR-<MAC6>,0.0,1.0,0.0,100.0
24180,1,walk,walk,6543,,6543.0,20.0,0.0,0.0,6.0,-0.46,-0.073,-0.023,0.0,32.0,28.18,0.0,12.0,0.0,4.0,-10.68,-0.2,-1.05,-0.05,-17.07,94.39,23.11,165.0,TESTR,AKR-TESTR-<MAC6>,0.0,1.0,0.0,100.0
24180,1,walk,walk,6544,,6544.0,20.0,0.0,0.0,6.0,-0.55,-0.073,0.04,0.0,32.0,28.18,0.0,12.0,0.0,4.0,-10.73,-0.2,-1.05,-0.04,-13.37,80.29,24.58,165.0,TESTR,AKR-TESTR-<MAC6>,0.0,1.0,0.0,100.0
24240,1,walk,walk,6545,,6545.0,20.0,0.0,0.0,6.0,-0.68,-0.073,-0.018,0.0,32.0,28.18,0.0,12.0,0.0,4.0,-10.29,-0.19,-1.05,-0.04,-9.84,69.02,26.19,165.0,TESTR,AKR-TESTR-<MAC6>,0.0,1.0,0.0,100.0
24240,1,walk,walk,6546,,6546.0,20.0,0.0,0.0,6.0,-0.87,-0.072,-0.066,0.0,32.0,28.18,0.0,12.0,0.0,4.0,-9.54,-0.17,-1.04,-0.03,-6.71,61.08,27.95,165.0,TESTR,AKR-TESTR-<MAC6>,0.0,1.0,0.0,100.0
24240,1,walk,walk,6547,,6547.0,20.0,0.0,0.0,6.0,-1.09,-0.072,-0.007,0.0,32.0,28.18,0.0,12.0,0.0,4.0,-8.62,-0.16,-1.03,-0.04,-4.08,56.16,29.77,165.0,TESTR,AKR-TESTR-<MAC6>,0.0,1.0,0.0,100.0
24280,1,walk,walk,6548,,6548.0,20.0,0.0,0.0,6.0,-1.37,-0.073,-0.013,0.0,32.0,28.18,0.0,12.0,0.0,4.0,-7.68,-0.14,-1.01,-0.04,-2.0,53.43,31.49,165.0,TESTR,AKR-TESTR-<MAC6>,0.0,1.0,0.0,100.0
24280,1,walk,walk,6549,,6549.0,20.0,0.0,0.0,6.0,-1.69,-0.073,-0.037,0.0,32.0,28.18,0.0,12.0,0.0,4.0,-6.79,-0.12,-1.0,-0.05,-0.43,52.03,32.95,165.0,TESTR,AKR-TESTR-<MAC6>,0.0,1.0,0.0,100.0
24300,1,walk,walk,6550,,6550.0,20.0,0.0,0.0,6.0,-2.05,-0.074,-0.122,0.0,32.0,28.18,0.0,12.0,0.0,4.0,-6.0,-0.1,-0.99,-0.06,0.69,51.17,34.05,165.0,TESTR,AKR-TESTR-<MAC6>,0.0,1.0,0.0,100.0
24340,1,walk,walk,6551,,6551.0,20.0,0.0,0.0,6.0,-2.46,-0.079,-0.428,0.0,32.0,28.18,0.0,12.0,0.0,4.0,-5.27,-0.09,-0.97,-0.06,1.44,50.27,34.7,165.0,TESTR,AKR-TESTR-<MAC6>,0.0,1.0,0.0,100.0
24360,1,walk,walk,6552,,6552.0,20.0,0.0,0.0,6.0,-2.9,-0.086,-0.404,0.0,32.0,28.18,0.0,12.0,0.0,4.0,-4.57,-0.08,-0.96,-0.07,1.9,49.06,34.9,165.0,TESTR,AKR-TESTR-<MAC6>,0.0,1.0,0.0,100.0
24400,1,walk,walk,6553,,6553.0,20.0,0.0,0.0,7.0,-3.37,-0.089,-0.119,0.0,32.0,28.18,0.0,12.0,0.0,4.0,-3.85,-0.06,-0.95,-0.08,2.15,47.6,34.67,165.0,TESTR,AKR-TESTR-<MAC6>,0.0,1.0,0.0,100.0
24400,1,walk,walk,6554,,6554.0,20.0,0.0,0.0,7.0,-3.86,-0.091,0.015,0.0,32.0,28.18,0.0,12.0,0.0,4.0,-3.07,-0.05,-0.94,-0.09,2.22,46.19,34.06,165.0,TESTR,AKR-TESTR-<MAC6>,0.0,1.0,0.0,100.0
24420,1,walk,walk,6555,,6555.0,20.0,0.0,0.0,7.0,-4.38,-0.091,-0.002,0.0,32.0,28.18,0.0,12.0,0.0,4.0,-2.23,-0.04,-0.93,-0.1,2.14,45.19,33.1,165.0,TESTR,AKR-TESTR-<MAC6>,0.0,1.0,0.0,100.0
24420,1,walk,walk,6556,,6556.0,20.0,0.0,0.0,7.0,-4.91,-0.091,0.136,0.0,32.0,28.18,0.0,12.0,0.0,4.0,-1.35,-0.02,-0.93,-0.1,1.96,44.89,31.83,165.0,TESTR,AKR-TESTR-<MAC6>,0.0,1.0,0.0,100.0
24460,1,walk,walk,6557,,6557.0,20.0,0.0,0.0,7.0,-5.46,-0.091,0.064,0.0,32.0,28.18,0.0,12.0,0.0,4.0,-0.51,-0.01,-0.92,-0.11,1.69,45.36,30.21,165.0,TESTR,AKR-TESTR-<MAC6>,0.0,1.0,0.0,100.0
24460,1,walk,walk,6558,,6558.0,20.0,0.0,0.0,7.0,-6.0,-0.091,0.033,0.0,32.0,28.18,0.0,12.0,0.0,4.0,0.25,0.0,-0.92,-0.12,1.38,46.45,28.17,165.0,TESTR,AKR-TESTR-<MAC6>,0.0,1.0,0.0,100.0
24480,1,walk,walk,6559,,6559.0,20.0,0.0,0.0,7.0,-6.55,-0.092,-0.066,0.0,32.0,28.18,0.0,12.0,0.0,4.0,0.67,0.01,-0.92,-0.12,1.0,47.91,25.65,165.0,TESTR,AKR-TESTR-<MAC6>,0.0,1.0,0.0,100.0
24520,1,walk,walk,6560,,6560.0,20.0,0.0,0.0,7.0,-7.08,-0.105,-1.766,0.0,32.0,28.18,0.0,12.0,0.0,4.0,0.42,0.01,-0.92,-0.13,0.59,49.26,23.08,165.0,TESTR,AKR-TESTR-<MAC6>,0.0,1.0,0.0,100.0
24540,1,walk,walk,6561,,6561.0,20.0,0.0,0.0,7.0,-7.61,-0.156,-4.03,0.0,32.0,28.18,0.0,12.0,0.0,4.0,-0.59,-0.01,-0.93,-0.15,0.25,50.21,20.97,165.0,TESTR,AKR-TESTR-<MAC6>,0.0,1.0,0.0,100.0
24560,1,walk,walk,6562,,6562.0,20.0,0.0,0.0,7.0,-8.11,-0.199,-1.741,0.0,32.0,28.18,0.0,12.0,0.0,4.0,-2.11,-0.03,-0.94,-0.16,0.04,50.5,19.43,165.0,TESTR,AKR-TESTR-<MAC6>,0.0,1.0,0.0,100.0
24580,1,walk,walk,6563,,6563.0,20.0,0.0,0.0,7.0,-8.59,-0.207,0.081,0.0,32.0,28.18,0.0,12.0,0.0,4.0,-3.85,-0.06,-0.95,-0.17,-0.1,49.97,18.19,165.0,TESTR,AKR-TESTR-<MAC6>,0.0,1.0,0.0,100.0
24580,1,walk,walk,6564,,6564.0,20.0,0.0,0.0,7.0,-9.05,-0.209,-0.143,0.0,32.0,28.18,0.0,12.0,0.0,4.0,-5.58,-0.09,-0.96,-0.17,-0.2,48.76,16.96,165.0,TESTR,AKR-TESTR-<MAC6>,0.0,1.0,0.0,100.0
24600,1,walk,walk,6565,,6565.0,20.0,0.0,0.0,7.0,-9.48,-0.211,0.042,0.0,32.0,28.18,0.0,12.0,0.0,4.0,-7.13,-0.12,-0.97,-0.18,-0.27,46.92,15.54,165.0,TESTR,AKR-TESTR-<MAC6>,0.0,1.0,0.0,100.0
24640,1,walk,walk,6566,,6566.0,20.0,0.0,0.0,7.0,-9.88,-0.21,0.107,0.0,32.0,28.18,0.0,12.0,0.0,4.0,-8.42,-0.15,-0.98,-0.18,-0.23,44.49,13.81,165.0,TESTR,AKR-TESTR-<MAC6>,0.0,1.0,0.0,100.0
24640,1,walk,walk,6567,,6567.0,20.0,0.0,0.0,7.0,-10.26,-0.207,0.195,0.0,32.0,28.18,0.0,12.0,0.0,4.0,-9.38,-0.16,-0.99,-0.19,-0.04,41.56,11.77,165.0,TESTR,AKR-TESTR-<MAC6>,0.0,1.0,0.0,100.0
24660,1,walk,walk,6568,,6568.0,20.0,0.0,0.0,7.0,-10.61,-0.205,0.17,0.0,32.0,28.18,0.0,12.0,0.0,4.0,-10.03,-0.18,-1.0,-0.19,0.29,38.24,9.52,165.0,TESTR,AKR-TESTR-<MAC6>,0.0,1.0,0.0,100.0
24720,1,walk,walk,6569,,6569.0,20.0,0.0,0.0,7.0,-10.94,-0.204,0.111,0.0,32.0,28.18,0.0,12.0,0.0,4.0,-10.39,-0.18,-1.0,-0.19,0.68,34.68,7.26,166.0,TESTR,AKR-TESTR-<MAC6>,0.0,1.0,0.0,100.0
24720,1,walk,walk,6570,,6570.0,20.0,0.0,0.0,7.0,-11.24,-0.204,-0.038,0.0,32.0,28.18,0.0,12.0,0.0,4.0,-10.5,-0.19,-1.01,-0.18,1.03,31.01,5.2,166.0,TESTR,AKR-TESTR-<MAC6>,0.0,1.0,0.0,100.0
24720,1,walk,walk,6571,,6571.0,20.0,0.0,0.0,7.0,-11.53,-0.204,0.003,0.0,32.0,28.18,0.0,12.0,0.0,4.0,-10.42,-0.19,-1.01,-0.18,1.25,27.39,3.58,166.0,TESTR,AKR-TESTR-<MAC6>,0.0,1.0,0.0,100.0
24760,1,walk,walk,6572,,6572.0,20.0,0.0,0.0,1.0,-11.78,-0.207,-0.358,0.0,32.0,28.18,0.0,12.0,0.0,4.0,-10.21,-0.18,-1.01,-0.17,1.3,23.89,2.57,166.0,TESTR,AKR-TESTR-<MAC6>,0.0,1.0,0.0,100.0
24780,1,walk,walk,6573,,6573.0,20.0,0.0,0.0,1.0,-12.02,-0.213,-0.473,0.0,32.0,28.18,0.0,12.0,0.0,4.0,-9.94,-0.18,-1.01,-0.16,1.2,20.62,2.3,166.0,TESTR,AKR-TESTR-<MAC6>,0.0,1.0,0.0,100.0
24780,1,walk,walk,6574,,6574.0,20.0,0.0,0.0,1.0,-12.23,-0.223,-0.609,0.0,32.0,28.18,0.0,12.0,0.0,4.0,-9.68,-0.17,-1.01,-0.16,0.96,17.63,2.8,166.0,TESTR,AKR-TESTR-<MAC6>,0.0,1.0,0.0,100.0
24820,1,walk,walk,6575,,6575.0,20.0,0.0,0.0,1.0,-12.41,-0.231,-0.404,0.0,32.0,28.18,0.0,12.0,0.0,4.0,-9.49,-0.17,-1.01,-0.15,0.62,14.96,3.92,166.0,TESTR,AKR-TESTR-<MAC6>,0.0,1.0,0.0,100.0
24840,1,walk,walk,6576,,6576.0,20.0,0.0,0.0,1.0,-12.58,-0.233,0.08,0.0,32.0,28.18,0.0,12.0,0.0,4.0,-9.42,-0.17,-1.01,-0.15,0.19,12.63,5.37,166.0,TESTR,AKR-TESTR-<MAC6>,0.0,1.0,0.0,100.0
24860,1,walk,walk,6577,,6577.0,20.0,1.0,0.0,1.0,-12.72,-0.233,0.072,0.0,32.0,28.18,0.0,13.0,0.0,4.0,-9.51,-0.17,-1.01,-0.15,-0.27,10.63,6.77,166.0,TESTR,AKR-TESTR-<MAC6>,0.0,1.0,0.0,100.0
24880,1,walk,walk,6578,,6578.0,20.0,1.0,0.0,1.0,-12.84,-0.23,0.284,0.0,32.0,28.18,0.0,13.0,0.0,4.0,-9.76,-0.17,-1.0,-0.14,-0.73,8.95,7.78,166.0,TESTR,AKR-TESTR-<MAC6>,0.0,1.0,0.0,100.0
24880,1,walk,walk,6579,,6579.0,20.0,1.0,0.0,1.0,-12.95,-0.223,0.566,0.0,32.0,28.18,0.0,13.0,0.0,4.0,-10.11,-0.18,-1.0,-0.14,-1.1,7.54,8.18,166.0,TESTR,AKR-TESTR-<MAC6>,0.0,1.0,0.0,100.0
24940,1,walk,walk,6580,,6580.0,20.0,1.0,0.0,1.0,-13.05,-0.214,0.702,0.0,32.0,28.18,0.0,13.0,0.0,4.0,-10.51,-0.18,-1.0,-0.14,-1.35,6.34,7.86,166.0,TESTR,AKR-TESTR-<MAC6>,0.0,1.0,0.0,100.0
24940,1,walk,walk,6581,,6581.0,20.0,1.0,0.0,1.0,-13.13,-0.206,0.475,0.0,32.0,28.18,0.0,13.0,0.0,4.0,-10.92,-0.19,-0.99,-0.15,-1.47,5.32,6.87,166.0,TESTR,AKR-TESTR-<MAC6>,0.0,1.0,0.0,100.0
24940,1,walk,walk,6582,,6582.0,20.0,1.0,0.0,1.0,-13.21,-0.2,0.297,0.0,32.0,28.18,0.0,13.0,0.0,4.0,-11.28,-0.2,-0.99,-0.15,-1.43,4.44,5.36,166.0,TESTR,AKR-TESTR-<MAC6>,0.0,1.0,0.0,100.0
24980,1,walk,walk,6583,,6583.0,20.0,1.0,0.0,1.0,-13.29,-0.194,0.346,0.0,32.0,28.18,0.0,13.0,0.0,4.0,-11.57,-0.2,-0.99,-0.15,-1.24,3.68,3.5,166.0,TESTR,AKR-TESTR-<MAC6>,0.0,1.0,0.0,100.0
25000,1,walk,walk,6584,,6584.0,20.0,1.0,0.0,1.0,-13.36,-0.188,0.379,0.0,32.0,28.18,0.0,13.0,0.0,4.0,-11.78,-0.21,-0.98,-0.15,-0.87,3.01,1.44,166.0,TESTR,AKR-TESTR-<MAC6>,0.0,1.0,0.0,100.0
25040,1,walk,walk,6585,,6585.0,20.0,0.0,0.0,1.0,-13.42,-0.182,0.324,0.0,32.0,28.18,0.0,12.0,0.0,4.0,-11.92,-0.21,-0.98,-0.16,-0.33,2.42,-0.7,166.0,TESTR,AKR-TESTR-<MAC6>,0.0,1.0,0.0,100.0
25040,1,walk,walk,6586,,6586.0,20.0,0.0,0.0,1.0,-13.48,-0.176,0.467,0.0,32.0,28.18,0.0,12.0,0.0,4.0,-11.98,-0.21,-0.98,-0.16,0.37,1.92,-2.88,166.0,TESTR,AKR-TESTR-<MAC6>,0.0,1.0,0.0,100.0
25060,1,walk,walk,6587,,6587.0,20.0,0.0,0.0,1.0,-13.53,-0.166,0.882,0.0,32.0,28.18,0.0,12.0,0.0,4.0,-11.99,-0.21,-0.98,-0.16,1.17,1.47,-5.13,166.0,TESTR,AKR-TESTR-<MAC6>,0.0,1.0,0.0,100.0
25060,1,walk,walk,6588,,6588.0,20.0,0.0,0.0,1.0,-13.58,-0.152,0.687,0.0,32.0,28.18,0.0,12.0,0.0,4.0,-11.94,-0.21,-0.98,-0.16,1.99,1.07,-7.45,166.0,TESTR,AKR-TESTR-<MAC6>,0.0,1.0,0.0,100.0
25080,1,walk,walk,6589,,6589.0,20.0,0.0,0.0,1.0,-13.61,-0.142,0.767,0.0,32.0,28.18,0.0,12.0,0.0,4.0,-11.84,-0.21,-0.98,-0.16,2.79,0.68,-9.85,166.0,TESTR,AKR-TESTR-<MAC6>,0.0,1.0,0.0,100.0
25120,1,walk,walk,6590,,6590.0,20.0,0.0,0.0,1.0,-13.62,-0.129,0.691,0.0,32.0,28.18,0.0,12.0,0.0,4.0,-11.68,-0.2,-0.98,-0.16,3.54,0.31,-12.29,166.0,TESTR,AKR-TESTR-<MAC6>,0.0,1.0,0.0,100.0
25120,1,walk,walk,6591,,6591.0,20.0,0.0,0.0,1.0,-13.62,-0.12,0.554,0.0,32.0,28.18,0.0,12.0,0.0,4.0,-11.46,-0.2,-0.98,-0.16,4.28,-0.07,-14.71,166.0,TESTR,AKR-TESTR-<MAC6>,0.0,1.0,0.0,100.0
25140,1,walk,walk,6592,,6592.0,20.0,0.0,0.0,1.0,-13.6,-0.111,0.538,0.0,32.0,28.18,0.0,12.0,0.0,4.0,-11.18,-0.19,-0.98,-0.16,5.07,-0.44,-17.02,166.0,TESTR,AKR-TESTR-<MAC6>,0.0,1.0,0.0,100.0
25200,1,walk,walk,6593,,6593.0,20.0,0.0,0.0,1.0,-13.55,-0.106,0.334,0.0,32.0,28.18,0.0,12.0,0.0,4.0,-10.86,-0.19,-0.98,-0.16,5.99,-0.77,-19.13,166.0,TESTR,AKR-TESTR-<MAC6>,0.0,1.0,0.0,100.0
25200,1,walk,walk,6594,,6594.0,20.0,0.0,0.0,1.0,-13.48,-0.103,0.26,0.0,32.0,28.18,0.0,12.0,0.0,4.0,-10.49,-0.18,-0.98,-0.16,7.06,-1.0,-21.01,166.0,TESTR,AKR-TESTR-<MAC6>,0.0,1.0,0.0,100.0
25220,1,walk,walk,6595,,6595.0,20.0,0.0,0.0,1.0,-13.38,-0.098,0.444,0.0,32.0,28.18,0.0,12.0,0.0,4.0,-10.1,-0.18,-0.99,-0.16,8.24,-1.14,-22.68,166.0,TESTR,AKR-TESTR-<MAC6>,0.0,1.0,0.0,100.0
25240,1,walk,walk,6596,,6596.0,20.0,0.0,0.0,1.0,-13.25,-0.089,0.675,0.0,32.0,28.18,0.0,12.0,0.0,4.0,-9.66,-0.17,-0.99,-0.15,9.42,-1.19,-24.19,166.0,TESTR,AKR-TESTR-<MAC6>,0.0,1.0,0.0,100.0
25240,1,walk,walk,6597,,6597.0,20.0,0.0,0.0,1.0,-13.09,-0.081,0.551,0.0,32.0,28.18,0.0,12.0,0.0,4.0,-9.2,-0.16,-0.99,-0.15,10.47,-1.04,-25.57,166.0,TESTR,AKR-TESTR-<MAC6>,0.0,1.0,0.0,100.0
25260,1,walk,walk,6598,,6598.0,20.0,0.0,0.0,1.0,-12.9,-0.074,0.363,0.0,32.0,28.18,0.0,12.0,0.0,4.0,-8.68,-0.15,-0.99,-0.15,11.19,-0.26,-26.74,166.0,TESTR,AKR-TESTR-<MAC6>,0.0,1.0,0.0,100.0
25300,1,walk,walk,6599,,6599.0,20.0,0.0,0.0,1.0,-12.67,-0.069,0.242,0.0,32.0,28.18,0.0,12.0,0.0,4.0,-8.09,-0.14,-1.0,-0.15,11.35,2.02,-27.48,166.0,TESTR,AKR-TESTR-<MAC6>,0.0,1.0,0.0,100.0
25300,1,walk,walk,6600,,6600.0,20.0,0.0,0.0,1.0,-12.4,-0.069,-0.054,0.0,32.0,28.18,0.0,12.0,0.0,4.0,-7.41,-0.13,-1.0,-0.15,10.78,6.8,-27.5,166.0,TESTR,AKR-TESTR-<MAC6>,0.0,1.0,0.0,100.0
25340,1,walk,walk,6601,,6601.0,20.0,0.0,0.0,1.0,-12.11,-0.07,-0.17,0.0,32.0,28.18,0.0,12.0,0.0,4.0,-6.72,-0.12,-1.0,-0.16,9.48,14.85,-26.46,166.0,TESTR,AKR-TESTR-<MAC6>,0.0,1.0,0.0,100.0
25360,1,walk,walk,6602,,6602.0,20.0,0.0,0.0,1.0,-11.78,-0.073,-0.195,0.0,32.0,28.18,0.0,12.0,0.0,4.0,-6.2,-0.11,-1.0,-0.16,7.5,26.26,-24.04,166.0,TESTR,AKR-TESTR-<MAC6>,0.0,1.0,0.0,100.0
25380,1,walk,walk,6603,,6603.0,20.0,0.0,0.0,1.0,-11.43,-0.073,-0.017,0.0,32.0,28.18,0.0,12.0,0.0,4.0,-6.05,-0.11,-1.0,-0.17,5.0,40.17,-20.12,166.0,TESTR,AKR-TESTR-<MAC6>,0.0,1.0,0.0,100.0
25400,1,walk,walk,6604,,6604.0,20.0,0.0,6.0,2.0,-11.06,-0.073,0.018,0.0,32.0,28.18,0.0,12.0,0.0,4.0,-6.45,-0.11,-1.0,-0.18,2.21,54.89,-14.93,166.0,TESTR,AKR-TESTR-<MAC6>,0.0,1.0,0.0,100.0
25420,1,walk,walk,6605,,6605.0,20.0,0.0,6.0,2.0,-10.66,-0.073,-0.061,-0.008,32.0,28.14,0.0,18.0,0.0,4.0,-7.48,-0.13,-1.0,-0.19,-0.61,68.27,-9.21,166.0,TESTR,AKR-TESTR-<MAC6>,0.0,1.0,0.0,100.0
25420,1,walk,walk,6606,,6606.0,20.0,0.0,6.0,2.0,-10.26,-0.047,1.997,0.842,32.0,28.11,0.0,18.0,0.0,4.0,-9.06,-0.16,-1.01,-0.19,-3.2,78.37,-3.62,166.0,TESTR,AKR-TESTR-<MAC6>,0.0,1.0,0.0,100.0
25440,1,walk,walk,6607,,6607.0,20.0,0.0,6.0,2.0,-9.86,-0.027,1.005,0.899,32.0,28.11,0.0,18.0,0.0,4.0,-11.01,-0.2,-1.01,-0.19,-5.33,83.99,1.5,166.0,TESTR,AKR-TESTR-<MAC6>,0.0,1.0,0.0,100.0
25480,1,walk,walk,6608,,6608.0,20.0,0.0,6.0,2.0,-9.47,-0.018,0.355,1.273,32.0,28.11,0.0,18.0,0.0,4.0,-13.08,-0.23,-1.01,-0.19,-6.86,84.73,5.96,166.0,TESTR,AKR-TESTR-<MAC6>,0.0,1.0,0.0,100.0
25500,1,walk,walk,6609,,6609.0,20.0,0.0,6.0,2.0,-9.1,-0.014,0.237,1.426,32.0,28.11,0.0,18.0,0.0,4.0,-14.98,-0.27,-1.01,-0.18,-7.72,81.04,9.74,166.0,TESTR,AKR-TESTR-<MAC6>,0.0,1.0,0.0,100.0
25520,1,walk,walk,6610,,6610.0,20.0,1.0,6.0,2.0,-8.77,-0.013,0.018,1.387,32.0,28.11,0.0,19.0,0.0,4.0,-16.51,-0.3,-1.01,-0.18,-7.91,74.02,12.95,166.0,TESTR,AKR-TESTR-<MAC6>,0.0,1.0,0.0,100.0
25540,1,walk,walk,6611,,6611.0,20.0,1.0,6.0,2.0,-8.48,-0.012,0.087,1.341,32.0,28.11,0.0,19.0,0.0,4.0,-17.56,-0.32,-1.02,-0.16,-7.49,65.15,15.73,166.0,TESTR,AKR-TESTR-<MAC6>,0.0,1.0,0.0,100.0
25540,1,walk,walk,6612,,6612.0,20.0,1.0,6.0,2.0,-8.24,-0.01,0.061,1.147,32.0,28.14,0.0,19.0,0.0,4.0,-18.13,-0.33,-1.02,-0.15,-6.6,55.88,18.23,166.0,TESTR,AKR-TESTR-<MAC6>,0.0,1.0,0.0,100.0
25580,1,walk,walk,6613,,6613.0,20.0,1.0,6.0,2.0,-8.07,-0.009,0.083,1.056,32.0,28.14,0.0,19.0,0.0,4.0,-18.26,-0.34,-1.02,-0.14,-5.43,47.34,20.6,166.0,TESTR,AKR-TESTR-<MAC6>,0.0,1.0,0.0,100.0
25600,1,walk,walk,6614,,6614.0,20.0,1.0,6.0,2.0,-7.95,-0.009,0.005,0.984,32.0,28.14,0.0,19.0,0.0,4.0,-18.07,-0.33,-1.03,-0.13,-4.16,40.17,22.94,166.0,TESTR,AKR-TESTR-<MAC6>,0.0,1.0,0.0,100.0
25600,1,walk,walk,6615,,6615.0,20.0,1.0,6.0,2.0,-7.91,-0.008,0.084,0.95,32.0,28.14,0.0,19.0,0.0,4.0,-17.64,-0.33,-1.02,-0.13,-2.97,34.52,25.3,166.0,TESTR,AKR-TESTR-<MAC6>,0.0,1.0,0.0,100.0
25620,1,walk,walk,6616,,6616.0,20.0,1.0,6.0,2.0,-7.94,-0.008,-0.089,0.952,32.0,28.14,0.0,19.0,0.0,4.0,-17.05,-0.31,-1.02,-0.13,-1.96,30.13,27.67,166.0,TESTR,AKR-TESTR-<MAC6>,0.0,1.0,0.0,100.0
25660,1,walk,walk,6617,,6617.0,20.0,1.0,6.0,2.0,-8.03,-0.008,0.103,0.938,32.0,28.14,0.0,19.0,0.0,4.0,-16.32,-0.3,-1.02,-0.13,-1.18,26.58,30.0,166.0,TESTR,AKR-TESTR-<MAC6>,0.0,1.0,0.0,100.0
25700,1,walk,walk,6618,,6618.0,20.0,1.0,6.0,2.0,-8.19,-0.008,-0.014,0.938,32.0,28.14,0.0,19.0,0.0,4.0,-15.44,-0.28,-1.01,-0.13,-0.61,23.44,32.15,167.0,TESTR,AKR-TESTR-<MAC6>,0.0,1.0,0.0,100.0
25700,1,walk,walk,6619,,6619.0,20.0,1.0,6.0,2.0,-8.41,-0.008,0.044,0.948,32.0,28.14,0.0,19.0,0.0,4.0,-14.38,-0.26,-1.01,-0.14,-0.24,20.41,33.96,167.0,TESTR,AKR-TESTR-<MAC6>,0.0,1.0,0.0,100.0
25720,1,walk,walk,6620,,6620.0,20.0,1.0,6.0,2.0,-8.7,-0.008,0.032,0.916,32.0,28.14,0.0,19.0,0.0,4.0,-13.14,-0.23,-1.0,-0.14,-0.06,17.44,35.24,167.0,TESTR,AKR-TESTR-<MAC6>,0.0,1.0,0.0,100.0
25780,1,walk,walk,6621,,6621.0,20.0,1.0,6.0,2.0,-9.04,-0.008,0.026,0.918,32.0,28.14,0.0,19.0,0.0,4.0,-11.72,-0.2,-0.99,-0.15,-0.1,14.63,35.85,167.0,TESTR,AKR-TESTR-<MAC6>,0.0,1.0,0.0,100.0
25780,1,walk,walk,6622,,6622.0,20.0,1.0,6.0,2.0,-9.42,-0.008,-0.003,0.933,32.0,28.14,0.0,19.0,0.0,4.0,-10.16,-0.18,-0.98,-0.16,-0.38,12.17,35.73,167.0,TESTR,AKR-TESTR-<MAC6>,0.0,1.0,0.0,100.0
25780,1,walk,walk,6623,,6623.0,20.0,1.0,6.0,2.0,-9.86,-0.008,0.046,0.915,32.0,28.14,0.0,19.0,0.0,4.0,-8.55,-0.15,-0.97,-0.17,-0.92,10.22,34.88,167.0,TESTR,AKR-TESTR-<MAC6>,0.0,1.0,0.0,100.0
25780,1,walk,walk,6624,,6624.0,20.0,1.0,6.0,2.0,-10.32,-0.008,-0.034,0.91,32.0,28.14,0.0,19.0,0.0,4.0,-6.99,-0.12,-0.95,-0.18,-1.7,8.84,33.4,167.0,TESTR,AKR-TESTR-<MAC6>,0.0,1.0,0.0,100.0
25800,1,walk,walk,6625,,6625.0,20.0,1.0,6.0,2.0,-10.82,-0.008,0.025,0.897,32.0,28.14,0.0,19.0,0.0,4.0,-5.57,-0.09,-0.94,-0.19,-2.67,8.01,31.43,167.0,TESTR,AKR-TESTR-<MAC6>,0.0,1.0,0.0,100.0
25840,1,walk,walk,6626,,6626.0,20.0,1.0,6.0,2.0,-11.33,-0.008,0.003,0.939,32.0,28.14,0.0,19.0,0.0,4.0,-4.36,-0.07,-0.93,-0.19,-3.8,7.56,29.12,167.0,TESTR,AKR-TESTR-<MAC6>,0.0,1.0,0.0,100.0
25860,1,walk,walk,6627,,6627.0,20.0,1.0,6.0,2.0,-11.85,-0.008,-0.083,0.998,32.0,28.14,0.0,19.0,0.0,4.0,-3.37,-0.05,-0.92,-0.2,-5.02,7.33,26.6,167.0,TESTR,AKR-TESTR-<MAC6>,0.0,1.0,0.0,100.0
25880,1,walk,walk,6628,,6628.0,20.0,1.0,6.0,2.0,-12.38,-0.009,-0.072,1.047,32.0,28.14,0.0,19.0,0.0,4.0,-2.6,-0.04,-0.91,-0.2,-6.29,7.16,23.97,167.0,TESTR,AKR-TESTR-<MAC6>,0.0,1.0,0.0,100.0
25900,1,walk,walk,6629,,6629.0,20.0,1.0,6.0,2.0,-12.9,-0.009,-0.104,1.137,32.0,28.14,0.0,19.0,0.0,4.0,-1.99,-0.03,-0.9,-0.2,-7.55,6.95,21.29,167.0,TESTR,AKR-TESTR-<MAC6>,0.0,1.0,0.0,100.0
25900,1,walk,walk,6630,,6630.0,20.0,1.0,6.0,2.0,-13.4,-0.01,-0.108,1.216,32.0,28.11,0.0,19.0,0.0,4.0,-1.49,-0.02,-0.9,-0.2,-8.79,6.76,18.53,167.0,TESTR,AKR-TESTR-<MAC6>,0.0,1.0,0.0,100.0
25920,1,walk,walk,6631,,6631.0,20.0,1.0,6.0,2.0,-13.88,-0.011,-0.05,1.281,32.0,28.11,0.0,19.0,0.0,4.0,-1.05,-0.02,-0.89,-0.2,-10.0,6.69,15.69,167.0,TESTR,AKR-TESTR-<MAC6>,0.0,1.0,0.0,100.0
25960,1,walk,walk,6632,,6632.0,20.0,1.0,6.0,2.0,-14.33,-0.011,-0.12,1.373,32.0,28.11,0.0,19.0,0.0,4.0,-0.63,-0.01,-0.89,-0.2,-11.19,6.93,12.75,167.0,TESTR,AKR-TESTR-<MAC6>,0.0,1.0,0.0,100.0
25960,1,walk,walk,6633,,6633.0,20.0,1.0,6.0,2.0,-14.75,-0.012,-0.007,1.446,32.0,28.11,0.0,19.0,0.0,4.0,-0.48,-0.01,-0.89,-0.2,-12.18,7.44,9.8,167.0,TESTR,AKR-TESTR-<MAC6>,0.0,1.0,0.0,100.0
25980,1,walk,walk,6634,,6634.0,20.0,1.0,6.0,2.0,-15.12,-0.016,-0.632,2.321,32.0,28.07,0.0,19.0,0.0,4.0,-0.96,-0.02,-0.9,-0.2,-12.69,7.58,7.02,167.0,TESTR,AKR-TESTR-<MAC6>,0.0,1.0,0.0,100.0
26040,1,walk,walk,6635,,6635.0,20.0,1.0,6.0,2.0,-15.45,-0.026,-0.57,3.49,32.0,27.97,0.0,19.0,0.0,4.0,-2.02,-0.03,-0.91,-0.19,-12.58,7.12,4.37,167.0,TESTR,AKR-TESTR-<MAC6>,0.0,1.0,0.0,100.0
26040,1,walk,walk,6636,,6636.0,20.0,1.0,6.0,2.0,-15.74,-0.033,-0.532,4.516,32.0,27.83,0.0,19.0,0.0,4.0,-3.47,-0.06,-0.93,-0.19,-11.94,6.31,1.85,167.0,TESTR,AKR-TESTR-<MAC6>,0.0,1.0,0.0,100.0
26040,1,walk,walk,6637,,6637.0,20.0,1.0,6.0,2.0,-15.97,-0.043,-0.539,5.764,32.0,27.65,0.0,19.0,0.0,4.0,-5.09,-0.08,-0.95,-0.18,-10.88,5.59,-0.6,167.0,TESTR,AKR-TESTR-<MAC6>,0.0,1.0,0.0,100.0
26080,1,walk,walk,6638,,6638.0,20.0,1.0,6.0,2.0,-16.16,-0.05,-0.3,6.179,32.0,27.51,0.0,19.0,0.0,4.0,-6.69,-0.11,-0.96,-0.16,-9.58,5.29,-3.1,167.0,TESTR,AKR-TESTR-<MAC6>,0.0,1.0,0.0,100.0
26080,1,walk,walk,6639,,6639.0,20.0,1.0,6.0,2.0,-16.3,-0.054,-0.181,6.671,32.0,27.4,0.0,19.0,0.0,4.0,-8.14,-0.14,-0.98,-0.15,-8.19,5.32,-5.73,167.0,TESTR,AKR-TESTR-<MAC6>,0.0,1.0,0.0,100.0
26100,1,walk,walk,6640,,6640.0,20.0,1.0,6.0,2.0,-16.39,-0.055,-0.006,6.629,32.0,27.4,0.0,19.0,0.0,4.0,-9.31,-0.16,-0.99,-0.15,-6.76,5.46,-8.48,167.0,TESTR,AKR-TESTR-<MAC6>,0.0,1.0,0.0,100.0
26140,1,walk,walk,6641,,6641.0,20.0,2.0,6.0,2.0,-16.43,-0.055,-0.013,6.635,32.0,27.4,0.0,20.0,0.0,4.0,-10.15,-0.18,-1.0,-0.14,-5.33,5.51,-11.21,167.0,TESTR,AKR-TESTR-<MAC6>,0.0,1.0,0.0,100.0
26180,1,walk,walk,6642,,6642.0,20.0,1.0,6.0,2.0,-16.44,-0.055,-0.007,6.662,32.0,27.4,0.0,19.0,0.0,4.0,-10.64,-0.19,-1.01,-0.14,-3.91,5.35,-13.74,167.0,TESTR,AKR-TESTR-<MAC6>,0.0,1.0,0.0,100.0
26180,1,walk,walk,6643,,6643.0,20.0,1.0,6.0,2.0,-16.4,-0.055,-0.077,6.693,32.0,27.4,0.0,19.0,0.0,4.0,-10.79,-0.19,-1.02,-0.14,-2.61,4.99,-15.91,167.0,TESTR,AKR-TESTR-<MAC6>,0.0,1.0,0.0,100.0
26200,1,walk,walk,6644,,6644.0,20.0,2.0,6.0,2.0,-16.33,-0.055,0.021,6.681,32.0,27.4,0.0,20.0,0.0,4.0,-10.67,-0.19,-1.03,-0.14,-1.5,4.53,-17.59,167.0,TESTR,AKR-TESTR-<MAC6>,0.0,1.0,0.0,100.0
26200,1,walk,walk,6645,,6645.0,20.0,2.0,6.0,2.0,-16.22,-0.055,0.05,6.64,32.0,27.4,0.0,20.0,0.0,4.0,-10.35,-0.19,-1.03,-0.15,-0.63,4.07,-18.74,167.0,TESTR,AKR-TESTR-<MAC6>,0.0,1.0,0.0,100.0
26220,1,walk,walk,6646,,6646.0,20.0,2.0,6.0,2.0,-16.07,-0.054,0.132,6.437,32.0,27.44,0.0,20.0,0.0,4.0,-9.9,-0.18,-1.03,-0.15,-0.01,3.68,-19.41,167.0,TESTR,AKR-TESTR-<MAC6>,0.0,1.0,0.0,100.0
26260,1,walk,walk,6647,,6647.0,20.0,2.0,6.0,2.0,-15.89,-0.052,0.167,6.064,32.0,27.47,0.0,20.0,0.0,4.0,-9.4,-0.17,-1.04,-0.15,0.4,3.39,-19.71,167.0,TESTR,AKR-TESTR-<MAC6>,0.0,1.0,0.0,100.0
26260,1,walk,walk,6648,,6648.0,20.0,2.0,6.0,2.0,-15.68,-0.048,0.236,5.743,32.0,27.55,0.0,20.0,0.0,4.0,-8.9,-0.16,-1.03,-0.16,0.65,3.18,-19.71,167.0,TESTR,AKR-TESTR-<MAC6>,0.0,1.0,0.0,100.0
26280,1,walk,walk,6649,,6649.0,20.0,2.0,6.0,2.0,-15.44,-0.046,0.101,5.575,32.0,27.62,0.0,20.0,0.0,4.0,-8.43,-0.15,-1.03,-0.16,0.79,3.04,-19.49,167.0,TESTR,AKR-TESTR-<MAC6>,0.0,1.0,0.0,100.0
26320,1,walk,walk,6650,,6650.0,20.0,2.0,6.0,2.0,-15.17,-0.045,0.136,5.444,32.0,27.65,0.0,20.0,0.0,4.0,-7.99,-0.14,-1.03,-0.17,0.85,2.93,-19.06,167.0,TESTR,AKR-TESTR-<MAC6>,0.0,1.0,0.0,100.0
26340,1,walk,walk,6651,,6651.0,20.0,1.0,6.0,2.0,-14.88,-0.044,0.037,5.368,32.0,27.69,0.0,19.0,0.0,4.0,-7.59,-0.14,-1.02,-0.17,0.89,2.82,-18.43,167.0,TESTR,AKR-TESTR-<MAC6>,0.0,1.0,0.0,100.0
26360,1,walk,walk,6652,,6652.0,20.0,1.0,6.0,2.0,-14.56,-0.044,-0.064,5.303,32.0,27.69,0.0,19.0,0.0,4.0,-7.23,-0.13,-1.02,-0.18,0.95,2.7,-17.61,167.0,TESTR,AKR-TESTR-<MAC6>,0.0,1.0,0.0,100.0
26380,1,walk,walk,6653,,6653.0,20.0,1.0,6.0,2.0,-14.22,-0.043,0.01,5.273,32.0,27.69,0.0,19.0,0.0,4.0,-6.91,-0.12,-1.02,-0.19,1.09,2.57,-16.65,167.0,TESTR,AKR-TESTR-<MAC6>,0.0,1.0,0.0,100.0
26380,1,walk,walk,6654,,6654.0,20.0,1.0,6.0,2.0,-13.87,-0.043,0.026,5.147,32.0,27.72,0.0,19.0,0.0,4.0,-6.63,-0.12,-1.01,-0.19,1.33,2.46,-15.6,167.0,TESTR,AKR-TESTR-<MAC6>,0.0,1.0,0.0,100.0
26400,1,walk,walk,6655,,6655.0,20.0,1.0,6.0,2.0,-13.51,-0.041,0.119,4.991,32.0,27.76,0.0,19.0,0.0,4.0,-6.38,-0.11,-1.01,-0.2,1.65,2.37,-14.55,167.0,TESTR,AKR-TESTR-<MAC6>,0.0,1.0,0.0,100.0
26440,1,walk,walk,6656,,6656.0,20.0,1.0,6.0,2.0,-13.13,-0.04,0.159,4.7,32.0,27.76,0.0,19.0,0.0,4.0,-6.17,-0.11,-1.01,-0.2,2.01,2.34,-13.53,167.0,TESTR,AKR-TESTR-<MAC6>,0.0,1.0,0.0,100.0
26440,1,walk,walk,6657,,6657.0,20.0,1.0,6.0,2.0,-12.75,-0.038,0.023,4.517,32.0,27.79,0.0,19.0,0.0,4.0,-5.97,-0.1,-1.0,-0.2,2.39,2.37,-12.57,167.0,TESTR,AKR-TESTR-<MAC6>,0.0,1.0,0.0,100.0
26460,1,walk,walk,6658,,6658.0,20.0,1.0,6.0,2.0,-12.37,-0.037,0.036,4.26,32.0,27.83,0.0,19.0,0.0,4.0,-5.79,-0.1,-1.0,-0.21,2.79,2.43,-11.67,167.0,TESTR,AKR-TESTR-<MAC6>,0.0,1.0,0.0,100.0
26520,1,walk,walk,6659,,6659.0,20.0,1.0,6.0,2.0,-11.98,-0.035,0.034,4.086,32.0,27.86,0.0,19.0,0.0,4.0,-5.62,-0.1,-1.0,-0.21,3.24,2.48,-10.82,167.0,TESTR,AKR-TESTR-<MAC6>,0.0,1.0,0.0,100.0
26520,1,walk,walk,6660,,6660.0,20.0,1.0,6.0,2.0,-11.6,-0.033,0.015,3.948,32.0,27.86,0.0,19.0,0.0,4.0,-5.45,-0.1,-1.0,-0.21,3.76,2.49,-9.98,167.0,TESTR,AKR-TESTR-<MAC6>,0.0,1.0,0.0,100.0
26520,1,walk,walk,6661,,6661.0,20.0,1.0,6.0,2.0,-11.23,-0.033,-0.025,3.896,32.0,27.86,0.0,19.0,0.0,4.0,-5.31,-0.09,-1.0,-0.21,4.37,2.43,-9.15,167.0,TESTR,AKR-TESTR-<MAC6>,0.0,1.0,0.0,100.0
26560,1,walk,walk,6662,,6662.0,20.0,1.0,6.0,2.0,-10.86,-0.033,0.022,3.92,32.0,27.86,0.0,19.0,0.0,4.0,-5.19,-0.09,-0.99,-0.21,5.11,2.29,-8.33,167.0,TESTR,AKR-TESTR-<MAC6>,0.0,1.0,0.0,100.0
26580,1,walk,walk,6663,,6663.0,20.0,1.0,6.0,2.0,-10.51,-0.033,0.025,3.902,32.0,27.86,0.0,19.0,0.0,4.0,-5.09,-0.09,-0.99,-0.21,5.97,2.09,-7.55,167.0,TESTR,AKR-TESTR-<MAC6>,0.0,1.0,0.0,100.0
26580,1,walk,walk,6664,,6664.0,20.0,1.0,6.0,2.0,-10.16,-0.032,0.026,3.905,32.0,27.9,0.0,19.0,0.0,4.0,-5.02,-0.09,-0.99,-0.22,6.9,1.86,-6.84,167.0,TESTR,AKR-TESTR-<MAC6>,0.0,1.0,0.0,100.0
26620,1,walk,walk,6665,,6665.0,20.0,1.0,6.0,2.0,-9.83,-0.032,-0.01,3.796,32.0,27.9,0.0,19.0,0.0,4.0,-4.98,-0.09,-0.99,-0.22,7.84,1.62,-6.26,167.0,TESTR,AKR-TESTR-<MAC6>,0.0,1.0,0.0,100.0
26620,1,walk,walk,6666,,6666.0,20.0,1.0,6.0,2.0,-9.51,-0.031,-0.006,3.693,32.0,27.9,0.0,19.0,0.0,4.0,-4.95,-0.09,-0.99,-0.21,8.72,1.4,-5.81,167.0,TESTR,AKR-TESTR-<MAC6>,0.0,1.0,0.0,100.0
26660,1,walk,walk,6667,,6667.0,20.0,1.0,6.0,2.0,-9.21,-0.03,0.107,3.547,32.0,27.9,0.0,19.0,0.0,4.0,-4.92,-0.09,-0.99,-0.21,9.5,1.19,-5.51,168.0,TESTR,AKR-TESTR-<MAC6>,0.0,1.0,0.0,100.0
26680,1,walk,walk,6668,,6668.0,20.0,1.0,6.0,2.0,-8.92,-0.029,0.183,3.42,32.0,27.93,0.0,19.0,0.0,4.0,-4.9,-0.08,-0.99,-0.21,10.14,1.01,-5.34,168.0,TESTR,AKR-TESTR-<MAC6>,0.0,1.0,0.0,100.0
26700,1,walk,walk,6669,,6669.0,20.0,1.0,6.0,2.0,-8.64,-0.028,0.029,3.39,32.0,27.93,0.0,19.0,0.0,4.0,-4.85,-0.08,-0.99,-0.21,10.63,0.83,-5.27,168.0,TESTR,AKR-TESTR-<MAC6>,0.0,1.0,0.0,100.0
26700,1,walk,walk,6670,,6670.0,20.0,1.0,6.0,2.0,-8.38,-0.028,-0.061,3.382,32.0,27.93,0.0,19.0,0.0,4.0,-4.78,-0.08,-0.99,-0.2,10.98,0.65,-5.23,168.0,TESTR,AKR-TESTR-<MAC6>,0.0,1.0,0.0,100.0
26740,1,walk,walk,6671,,6671.0,20.0,1.0,6.0,2.0,-8.14,-0.028,0.028,3.395,32.0,27.93,0.0,19.0,0.0,4.0,-4.69,-0.08,-0.99,-0.2,11.2,0.45,-5.18,168.0,TESTR,AKR-TESTR-<MAC6>,0.0,1.0,0.0,100.0
26740,1,walk,walk,6672,,6672.0,20.0,1.0,6.0,2.0,-7.9,-0.028,0.07,3.414,32.0,27.93,0.0,19.0,0.0,4.0,-4.57,-0.08,-0.99,-0.19,11.29,0.25,-5.08,168.0,TESTR,AKR-TESTR-<MAC6>,0.0,1.0,0.0,100.0
26780,1,walk,walk,6673,,6673.0,20.0,1.0,6.0,2.0,-7.68,-0.028,0.006,3.39,32.0,27.93,0.0,19.0,0.0,4.0,-4.45,-0.08,-0.99,-0.19,11.26,0.03,-4.9,168.0,TESTR,AKR-TESTR-<MAC6>,0.0,1.0,0.0,100.0
26800,1,walk,walk,6674,,6674.0,20.0,1.0,6.0,2.0,-7.48,-0.028,0.08,3.401,32.0,27.93,0.0,19.0,0.0,4.0,-4.31,-0.07,-0.99,-0.18,11.11,-0.2,-4.65,168.0,TESTR,AKR-TESTR-<MAC6>,0.0,1.0,0.0,100.0
26840,1,walk,walk,6675,,6675.0,20.0,1.0,6.0,2.0,-7.28,-0.028,-0.025,3.427,32.0,27.93,0.0,19.0,0.0,4.0,-4.17,-0.07,-0.99,-0.18,10.83,-0.41,-4.32,168.0,TESTR,AKR-TESTR-<MAC6>,0.0,1.0,0.0,100.0
26840,1,walk,walk,6676,,6676.0,20.0,1.0,6.0,2.0,-7.09,-0.028,0.079,3.401,32.0,27.93,0.0,19.0,0.0,4.0,-4.04,-0.07,-0.99,-0.17,10.45,-0.6,-3.94,168.0,TESTR,AKR-TESTR-<MAC6>,0.0,1.0,0.0,100.0
26860,1,walk,walk,6677,,6677.0,20.0,2.0,6.0,2.0,-6.92,-0.028,0.037,3.429,33.0,27.93,0.0,20.0,0.0,4.0,-3.92,-0.07,-0.99,-0.17,9.98,-0.77,-3.5,168.0,TESTR,AKR-TESTR-<MAC6>,0.0,1.0,0.0,100.0
26860,1,walk,walk,6678,,6678.0,20.0,1.0,6.0,2.0,-6.75,-0.028,-0.007,3.439,33.0,27.93,0.0,19.0,0.0,4.0,-3.82,-0.07,-0.99,-0.16,9.44,-0.91,-3.05,168.0,TESTR,AKR-TESTR-<MAC6>,0.0,1.0,0.0,100.0
26880,1,walk,walk,6679,,6679.0,20.0,1.0,6.0,2.0,-6.59,-0.028,-0.011,3.412,33.0,27.93,0.0,19.0,0.0,4.0,-3.73,-0.06,-0.99,-0.16,8.85,-1.02,-2.58,168.0,TESTR,AKR-TESTR-<MAC6>,0.0,1.0,0.0,100.0
26920,1,walk,walk,6680,,6680.0,20.0,2.0,6.0,2.0,-6.44,-0.028,-0.052,3.406,33.0,27.93,0.0,20.0,0.0,4.0,-3.67,-0.06,-0.99,-0.16,8.22,-1.1,-2.14,168.0,TESTR,AKR-TESTR-<MAC6>,0.0,1.0,0.0,100.0
26940,1,walk,walk,6681,,6681.0,20.0,2.0,6.0,2.0,-6.29,-0.028,-0.006,3.398,33.0,27.93,0.0,20.0,0.0,4.0,-3.62,-0.06,-0.99,-0.15,7.58,-1.14,-1.73,168.0,TESTR,AKR-TESTR-<MAC6>,0.0,1.0,0.0,100.0
26940,1,walk,walk,6682,,6682.0,20.0,2.0,6.0,2.0,-6.15,-0.028,0.026,3.371,33.0,27.93,0.0,20.0,0.0,4.0,-3.59,-0.06,-0.99,-0.15,6.95,-1.16,-1.37,168.0,TESTR,AKR-TESTR-<MAC6>,0.0,1.0,0.0,100.0
27000,1,walk,walk,6683,,6683.0,20.0,2.0,6.0,2.0,-6.02,-0.028,0.009,3.359,33.0,27.93,0.0,20.0,0.0,4.0,-3.57,-0.06,-0.99,-0.15,6.35,-1.15,-1.06,168.0,TESTR,AKR-TESTR-<MAC6>,0.0,1.0,0.0,100.0
27000,1,walk,walk,6684,,6684.0,20.0,2.0,6.0,2.0,-5.9,-0.028,0.03,3.369,33.0,27.93,0.0,20.0,0.0,4.0,-3.56,-0.06,-0.99,-0.15,5.8,-1.11,-0.8,168.0,TESTR,AKR-TESTR-<MAC6>,0.0,1.0,0.0,100.0
27000,1,walk,walk,6685,,6685.0,20.0,2.0,6.0,2.0,-5.79,-0.028,-0.011,3.301,33.0,27.93,0.0,20.0,0.0,4.0,-3.56,-0.06,-0.99,-0.15,5.28,-1.06,-0.61,168.0,TESTR,AKR-TESTR-<MAC6>,0.0,1.0,0.0,100.0
27040,1,walk,walk,6686,,6686.0,20.0,2.0,6.0,2.0,-5.68,-0.028,-0.006,3.304,33.0,27.93,0.0,19.0,0.0,4.0,-3.56,-0.06,-0.99,-0.14,4.81,-1.0,-0.47,168.0,TESTR,AKR-TESTR-<MAC6>,0.0,1.0,0.0,100.0
27040,1,walk,walk,6687,,6687.0,20.0,2.0,6.0,2.0,-5.58,-0.027,0.056,3.274,33.0,27.97,0.0,19.0,0.0,4.0,-3.56,-0.06,-0.99,-0.14,4.38,-0.92,-0.39,168.0,TESTR,AKR-TESTR-<MAC6>,0.0,1.0,0.0,100.0
27080,1,walk,walk,6688,,6688.0,20.0,2.0,6.0,2.0,-5.49,-0.027,0.056,3.176,33.0,27.97,0.0,19.0,0.0,4.0,-3.56,-0.06,-0.99,-0.14,3.99,-0.85,-0.36,168.0,TESTR,AKR-TESTR-<MAC6>,0.0,1.0,0.0,100.0
27100,1,walk,walk,6689,,6689.0,20.0,2.0,6.0,2.0,-5.4,-0.027,0.044,3.149,33.0,27.93,0.0,19.0,0.0,4.0,-3.56,-0.06,-0.99,-0.14,3.65,-0.78,-0.38,168.0,TESTR,AKR-TESTR-<MAC6>,0.0,1.0,0.0,100.0
27120,1,walk,walk,6690,,6690.0,20.0,2.0,6.0,2.0,-5.32,-0.026,0.03,3.1,33.0,27.97,0.0,19.0,0.0,4.0,-3.56,-0.06,-0.99,-0.14,3.36,-0.72,-0.43,168.0,TESTR,AKR-TESTR-<MAC6>,0.0,1.0,0.0,100.0
27140,1,walk,walk,6691,,6691.0,20.0,2.0,6.0,2.0,-5.25,-0.026,0.08,3.056,33.0,27.97,0.0,19.0,0.0,4.0,-3.56,-0.06,-0.99,-0.14,3.11,-0.66,-0.54,168.0,TESTR,AKR-TESTR-<MAC6>,0.0,1.0,0.0,100.0
27180,1,walk,walk,6692,,6692.0,20.0,2.0,6.0,2.0,-5.18,-0.025,0.002,3.022,33.0,27.97,0.0,19.0,0.0,4.0,-3.56,-0.06,-0.99,-0.14,2.92,-0.6,-0.69,168.0,TESTR,AKR-TESTR-<MAC6>,0.0,1.0,0.0,100.0
27180,1,walk,walk,6693,,6693.0,20.0,2.0,6.0,2.0,-5.12,-0.025,0.034,2.983,33.0,27.97,0.0,19.0,0.0,4.0,-3.57,-0.06,-0.99,-0.14,2.76,-0.55,-0.88,168.0,TESTR,AKR-TESTR-<MAC6>,0.0,1.0,0.0,100.0
27180,1,walk,walk,6694,,6694.0,20.0,2.0,6.0,2.0,-5.06,-0.025,0.005,2.939,33.0,27.97,0.0,19.0,0.0,4.0,-3.57,-0.06,-0.99,-0.14,2.67,-0.53,-1.11,168.0,TESTR,AKR-TESTR-<MAC6>,0.0,1.0,0.0,100.0
27220,1,walk,walk,6695,,6695.0,20.0,2.0,6.0,2.0,-5.0,-0.025,0.002,2.896,33.0,27.97,0.0,19.0,0.0,4.0,-3.56,-0.06,-1.0,-0.14,2.63,-0.55,-1.37,168.0,TESTR,AKR-TESTR-<MAC6>,0.0,1.0,0.0,100.0
27220,1,walk,walk,6696,,6696.0,20.0,2.0,6.0,2.0,-4.95,-0.024,0.032,2.886,33.0,28.0,0.0,19.0,0.0,4.0,-3.54,-0.06,-1.0,-0.14,2.64,-0.6,-1.64,168.0,TESTR,AKR-TESTR-<MAC6>,0.0,1.0,0.0,100.0
27240,1,walk,walk,6697,,6697.0,20.0,2.0,6.0,2.0,-4.9,-0.024,-0.042,2.877,33.0,28.0,0.0,19.0,0.0,4.0,-3.51,-0.06,-1.0,-0.14,2.67,-0.67,-1.9,168.0,TESTR,AKR-TESTR-<MAC6>,0.0,1.0,0.0,100.0
27280,1,walk,walk,6698,,6698.0,20.0,2.0,6.0,2.0,-4.85,-0.024,-0.037,2.879,33.0,27.97,0.0,19.0,0.0,4.0,-3.46,-0.06,-1.0,-0.14,2.71,-0.76,-2.12,168.0,TESTR,AKR-TESTR-<MAC6>,0.0,1.0,0.0,100.0
27280,1,walk,walk,6699,,6699.0,20.0,2.0,6.0,2.0,-4.8,-0.024,-0.028,2.932,33.0,27.97,0.0,19.0,0.0,4.0,-3.39,-0.06,-1.0,-0.14,2.75,-0.85,-2.29,168.0,TESTR,AKR-TESTR-<MAC6>,0.0,1.0,0.0,100.0
27320,1,walk,walk,6700,,6700.0,20.0,2.0,6.0,2.0,-4.76,-0.025,-0.061,2.966,33.0,28.0,0.0,19.0,0.0,4.0,-3.31,-0.06,-1.0,-0.14,2.78,-0.94,-2.38,168.0,TESTR,AKR-TESTR-<MAC6>,0.0,1.0,0.0,100.0
27340,1,walk,walk,6701,,6701.0,20.0,2.0,6.0,2.0,-4.71,-0.025,-0.053,3.006,33.0,27.97,0.0,19.0,0.0,4.0,-3.21,-0.06,-1.0,-0.14,2.79,-1.05,-2.39,168.0,TESTR,AKR-TESTR-<MAC6>,0.0,1.0,0.0,100.0
27340,1,walk,walk,6702,,6702.0,20.0,2.0,6.0,2.0,-4.66,-0.025,0.007,3.062,33.0,27.97,0.0,19.0,0.0,4.0,-3.09,-0.05,-1.0,-0.13,2.77,-1.16,-2.29,168.0,TESTR,AKR-TESTR-<MAC6>,0.0,1.0,0.0,100.0
27360,1,walk,walk,6703,,6703.0,20.0,2.0,6.0,2.0,-4.61,-0.025,-0.081,3.095,33.0,27.97,0.0,19.0,0.0,4.0,-2.98,-0.05,-1.0,-0.13,2.73,-1.27,-2.11,168.0,TESTR,AKR-TESTR-<MAC6>,0.0,1.0,0.0,100.0
27400,1,walk,walk,6704,,6704.0,20.0,2.0,6.0,2.0,-4.56,-0.026,-0.044,3.11,33.0,27.97,0.0,19.0,0.0,4.0,-2.87,-0.05,-1.0,-0.13,2.66,-1.38,-1.87,168.0,TESTR,AKR-TESTR-<MAC6>,0.0,1.0,0.0,100.0
27400,1,walk,walk,6705,,6705.0,20.0,2.0,6.0,2.0,-4.51,-0.026,0.028,3.089,33.0,27.97,0.0,19.0,0.0,4.0,-2.78,-0.05,-1.0,-0.13,2.58,-1.46,-1.59,168.0,TESTR,AKR-TESTR-<MAC6>,0.0,1.0,0.0,100.0
27420,1,walk,walk,6706,,6706.0,20.0,2.0,6.0,2.0,-4.46,-0.026,0.013,3.07,33.0,27.97,0.0,19.0,0.0,4.0,-2.71,-0.05,-1.0,-0.13,2.49,-1.52,-1.31,168.0,TESTR,AKR-TESTR-<MAC6>,0.0,1.0,0.0,100.0
27460,1,walk,walk,6707,,6707.0,20.0,2.0,6.0,2.0,-4.4,-0.026,0.009,3.093,33.0,27.97,0.0,19.0,0.0,4.0,-2.65,-0.05,-1.0,-0.13,2.41,-1.55,-1.05,168.0,TESTR,AKR-TESTR-<MAC6>,0.0,1.0,0.0,100.0
27500,1,walk,walk,6708,,6708.0,20.0,2.0,6.0,2.0,-4.35,-0.026,-0.025,3.057,33.0,27.97,0.0,19.0,0.0,4.0,-2.61,-0.05,-1.0,-0.13,2.34,-1.55,-0.82,168.0,TESTR,AKR-TESTR-<MAC6>,0.0,1.0,0.0,100.0
27500,1,walk,walk,6709,,6709.0,20.0,2.0,6.0,2.0,-4.29,-0.026,0.005,3.019,33.0,27.97,0.0,19.0,0.0,4.0,-2.59,-0.05,-1.0,-0.13,2.3,-1.53,-0.63,168.0,TESTR,AKR-TESTR-<MAC6>,0.0,1.0,0.0,100.0
27520,1,walk,walk,6710,,6710.0,20.0,2.0,6.0,2.0,-4.24,-0.025,-0.053,3.045,33.0,27.97,0.0,19.0,0.0,4.0,-2.57,-0.04,-1.0,-0.13,2.27,-1.49,-0.49,168.0,TESTR,AKR-TESTR-<MAC6>,0.0,1.0,0.0,100.0
27520,1,walk,walk,6711,,6711.0,20.0,2.0,6.0,2.0,-4.18,-0.025,-0.079,3.073,33.0,27.97,0.0,19.0,0.0,4.0,-2.56,-0.04,-1.0,-0.13,2.25,-1.42,-0.39,168.0,TESTR,AKR-TESTR-<MAC6>,0.0,1.0,0.0,100.0
27540,1,walk,walk,6712,,6712.0,20.0,2.0,6.0,2.0,-4.13,-0.025,0.014,2.996,33.0,27.97,0.0,19.0,0.0,4.0,-2.56,-0.04,-1.0,-0.13,2.25,-1.35,-0.34,168.0,TESTR,AKR-TESTR-<MAC6>,0.0,1.0,0.0,100.0
27580,1,walk,walk,6713,,6713.0,20.0,2.0,6.0,2.0,-4.08,-0.025,0.037,2.973,33.0,27.97,0.0,19.0,0.0,4.0,-2.56,-0.04,-1.0,-0.12,2.24,-1.25,-0.32,168.0,TESTR,AKR-TESTR-<MAC6>,0.0,1.0,0.0,100.0
27580,1,walk,walk,6714,,6714.0,20.0,2.0,6.0,2.0,-4.03,-0.025,0.014,2.994,33.0,28.0,0.0,19.0,0.0,4.0,-2.55,-0.04,-1.0,-0.12,2.23,-1.12,-0.33,168.0,TESTR,AKR-TESTR-<MAC6>,0.0,1.0,0.0,100.0
27600,1,walk,walk,6715,,6715.0,20.0,2.0,6.0,2.0,-3.98,-0.025,-0.013,2.95,33.0,27.97,0.0,19.0,0.0,4.0,-2.54,-0.04,-1.0,-0.12,2.22,-0.99,-0.34,168.0,TESTR,AKR-TESTR-<MAC6>,0.0,1.0,0.0,100.0
27660,1,walk,walk,6716,,6716.0,20.0,2.0,6.0,2.0,-3.94,-0.025,0.003,2.971,33.0,27.97,0.0,19.0,0.0,4.0,-2.52,-0.04,-1.0,-0.12,2.2,-0.86,-0.36,169.0,TESTR,AKR-TESTR-<MAC6>,0.0,1.0,0.0,100.0
27660,1,walk,walk,6717,,6717.0,20.0,2.0,6.0,2.0,-3.89,-0.025,0.002,2.921,33.0,27.97,0.0,19.0,0.0,4.0,-2.51,-0.04,-1.0,-0.12,2.19,-0.74,-0.37,169.0,TESTR,AKR-TESTR-<MAC6>,0.0,1.0,0.0,100.0
27660,1,walk,walk,6718,,6718.0,20.0,2.0,6.0,2.0,-3.85,-0.025,0.03,2.938,33.0,27.97,0.0,19.0,0.0,4.0,-2.49,-0.04,-1.0,-0.12,2.19,-0.65,-0.37,169.0,TESTR,AKR-TESTR-<MAC6>,0.0,1.0,0.0,100.0
27680,1,walk,walk,6719,,6719.0,20.0,2.0,6.0,2.0,-3.81,-0.025,-0.003,2.938,33.0,28.0,0.0,19.0,0.0,4.0,-2.48,-0.04,-1.0,-0.12,2.2,-0.57,-0.38,169.0,TESTR,AKR-TESTR-<MAC6>,0.0,1.0,0.0,100.0
27700,1,walk,walk,6720,,6720.0,20.0,2.0,6.0,2.0,-3.77,-0.024,-0.001,2.88,33.0,28.0,0.0,19.0,0.0,4.0,-2.47,-0.04,-1.0,-0.12,2.22,-0.51,-0.39,169.0,TESTR,AKR-TESTR-<MAC6>,0.0,1.0,0.0,100.0
27720,1,walk,walk,6721,,6721.0,20.0,2.0,6.0,2.0,-3.74,-0.024,0.054,2.851,33.0,28.0,0.0,19.0,0.0,4.0,-2.46,-0.04,-1.0,-0.12,2.25,-0.47,-0.43,169.0,TESTR,AKR-TESTR-<MAC6>,0.0,1.0,0.0,100.0
27760,1,walk,walk,6722,,6722.0,20.0,2.0,6.0,2.0,-3.7,-0.024,0.032,2.833,33.0,28.0,0.0,19.0,0.0,4.0,-2.46,-0.04,-1.0,-0.12,2.29,-0.45,-0.49,169.0,TESTR,AKR-TESTR-<MAC6>,0.0,1.0,0.0,100.0
27760,1,walk,walk,6723,,6723.0,20.0,2.0,6.0,2.0,-3.67,-0.024,-0.066,2.839,33.0,28.0,0.0,19.0,0.0,4.0,-2.45,-0.04,-1.0,-0.12,2.35,-0.42,-0.57,169.0,TESTR,AKR-TESTR-<MAC6>,0.0,1.0,0.0,100.0
27800,1,walk,walk,6724,,6724.0,20.0,2.0,6.0,2.0,-3.63,-0.023,-0.025,2.81,33.0,28.0,0.0,19.0,0.0,4.0,-2.45,-0.04,-1.0,-0.12,2.4,-0.36,-0.68,169.0,TESTR,AKR-TESTR-<MAC6>,0.0,1.0,0.0,100.0
27820,1,walk,walk,6725,,6725.0,20.0,2.0,6.0,2.0,-3.6,-0.023,-0.048,2.837,33.0,28.0,0.0,19.0,0.0,4.0,-2.43,-0.04,-1.0,-0.12,2.46,-0.28,-0.81,169.0,TESTR,AKR-TESTR-<MAC6>,0.0,1.0,0.0,100.0
27820,1,walk,walk,6726,,6726.0,20.0,2.0,6.0,2.0,-3.57,-0.023,-0.009,2.8,33.0,28.0,0.0,19.0,0.0,4.0,-2.42,-0.04,-1.0,-0.12,2.52,-0.19,-0.94,169.0,TESTR,AKR-TESTR-<MAC6>,0.0,1.0,0.0,100.0
27840,1,walk,walk,6727,,6727.0,20.0,2.0,6.0,2.0,-3.54,-0.023,-0.056,2.783,33.0,28.0,0.0,19.0,0.0,4.0,-2.4,-0.04,-1.0,-0.12,2.58,-0.11,-1.07,169.0,TESTR,AKR-TESTR-<MAC6>,0.0,1.0,0.0,100.0
27880,1,walk,walk,6728,,6728.0,20.0,2.0,6.0,2.0,-3.51,-0.023,0.014,2.784,33.0,28.0,0.0,19.0,0.0,4.0,-2.38,-0.04,-1.0,-0.11,2.65,-0.04,-1.19,169.0,TESTR,AKR-TESTR-<MAC6>,0.0,1.0,0.0,100.0
27880,1,walk,walk,6729,,6729.0,20.0,2.0,6.0,2.0,-3.47,-0.023,-0.022,2.779,33.0,28.0,0.0,19.0,0.0,4.0,-2.35,-0.04,-1.0,-0.11,2.72,-0.01,-1.3,169.0,TESTR,AKR-TESTR-<MAC6>,0.0,1.0,0.0,100.0
27900,1,walk,walk,6730,,6730.0,20.0,2.0,6.0,2.0,-3.44,-0.023,-0.054,2.747,33.0,28.0,0.0,19.0,0.0,4.0,-2.33,-0.04,-1.0,-0.11,2.78,-0.02,-1.4,169.0,TESTR,AKR-TESTR-<MAC6>,0.0,1.0,0.0,100.0
27940,1,walk,walk,6731,,6731.0,20.0,2.0,6.0,2.0,-3.41,-0.023,-0.017,2.717,33.0,28.04,0.0,19.0,0.0,4.0,-2.3,-0.04,-1.0,-0.11,2.83,-0.06,-1.49,169.0,TESTR,AKR-TESTR-<MAC6>,0.0,1.0,0.0,100.0
27960,1,walk,walk,6732,,6732.0,20.0,2.0,6.0,2.0,-3.38,-0.023,-0.033,2.726,33.0,28.0,0.0,19.0,0.0,4.0,-2.26,-0.04,-1.0,-0.11,2.87,-0.13,-1.57,169.0,TESTR,AKR-TESTR-<MAC6>,0.0,1.0,0.0,100.0
27980,1,walk,walk,6733,,6733.0,20.0,2.0,6.0,2.0,-3.34,-0.023,-0.011,2.755,33.0,28.0,0.0,19.0,0.0,4.0,-2.21,-0.04,-1.0,-0.11,2.89,-0.23,-1.61,169.0,TESTR,AKR-TESTR-<MAC6>,0.0,1.0,0.0,100.0
28000,1,walk,walk,6734,,6734.0,20.0,2.0,6.0,2.0,-3.31,-0.023,-0.04,2.725,34.0,28.04,0.0,19.0,0.0,4.0,-2.16,-0.04,-1.0,-0.11,2.89,-0.34,-1.63,169.0,TESTR,AKR-TESTR-<MAC6>,0.0,1.0,0.0,100.0
28000,1,walk,walk,6735,,6735.0,20.0,2.0,6.0,2.0,-3.27,-0.023,-0.015,2.677,34.0,28.0,0.0,19.0,0.0,4.0,-2.1,-0.04,-1.0,-0.11,2.88,-0.46,-1.62,169.0,TESTR,AKR-TESTR-<MAC6>,0.0,1.0,0.0,100.0
28020,1,walk,walk,6736,,6736.0,20.0,2.0,6.0,2.0,-3.24,-0.023,-0.003,2.73,34.0,28.0,0.0,19.0,0.0,4.0,-2.05,-0.04,-1.0,-0.11,2.88,-0.6,-1.58,169.0,TESTR,AKR-TESTR-<MAC6>,0.0,1.0,0.0,100.0
28060,1,walk,walk,6737,,6737.0,20.0,2.0,6.0,2.0,-3.2,-0.023,-0.01,2.717,34.0,28.04,0.0,19.0,0.0,4.0,-1.99,-0.03,-1.0,-0.1,2.9,-0.76,-1.52,169.0,TESTR,AKR-TESTR-<MAC6>,0.0,1.0,0.0,100.0
28060,1,walk,walk,6738,,6738.0,20.0,2.0,6.0,2.0,-3.16,-0.023,0.034,2.713,34.0,28.0,0.0,19.0,0.0,4.0,-1.93,-0.03,-1.0,-0.1,2.92,-0.93,-1.45,169.0,TESTR,AKR-TESTR-<MAC6>,0.0,1.0,0.0,100.0
28080,1,walk,walk,6739,,6739.0,20.0,2.0,6.0,2.0,-3.12,-0.022,0.017,2.739,34.0,28.0,0.0,19.0,0.0,4.0,-1.87,-0.03,-1.0,-0.1,2.92,-1.08,-1.36,169.0,TESTR,AKR-TESTR-<MAC6>,0.0,1.0,0.0,100.0
28120,1,walk,walk,6740,,6740.0,20.0,2.0,6.0,2.0,-3.08,-0.023,-0.068,2.704,34.0,28.04,0.0,19.0,0.0,4.0,-1.81,-0.03,-1.0,-0.1,2.91,-1.22,-1.27,169.0,TESTR,AKR-TESTR-<MAC6>,0.0,1.0,0.0,100.0
28140,1,walk,walk,6741,,6741.0,20.0,2.0,6.0,2.0,-3.04,-0.023,-0.019,2.716,34.0,28.0,0.0,19.0,0.0,4.0,-1.76,-0.03,-1.0,-0.1,2.87,-1.34,-1.16,169.0,TESTR,AKR-TESTR-<MAC6>,0.0,1.0,0.0,100.0
28160,1,walk,walk,6742,,6742.0,20.0,2.0,6.0,2.0,-2.99,-0.023,0.023,2.776,34.0,28.0,0.0,19.0,0.0,4.0,-1.7,-0.03,-1.0,-0.1,2.8,-1.42,-1.03,169.0,TESTR,AKR-TESTR-<MAC6>,0.0,1.0,0.0,100.0
28180,1,walk,walk,6743,,6743.0,20.0,2.0,6.0,2.0,-2.95,-0.023,0.003,2.722,34.0,28.04,0.0,19.0,0.0,4.0,-1.66,-0.03,-1.0,-0.1,2.7,-1.48,-0.89,169.0,TESTR,AKR-TESTR-<MAC6>,0.0,1.0,0.0,100.0
28180,1,walk,walk,6744,,6744.0,20.0,2.0,6.0,2.0,-2.91,-0.023,-0.085,2.767,34.0,28.0,0.0,19.0,0.0,4.0,-1.62,-0.03,-1.0,-0.1,2.56,-1.51,-0.73,169.0,TESTR,AKR-TESTR-<MAC6>,0.0,1.0,0.0,100.0
28220,1,walk,walk,6745,,6745.0,20.0,2.0,6.0,2.0,-2.87,-0.023,-0.061,2.667,34.0,28.0,0.0,19.0,0.0,4.0,-1.58,-0.03,-1.0,-0.1,2.4,-1.53,-0.57,169.0,TESTR,AKR-TESTR-<MAC6>,0.0,1.0,0.0,100.0
28240,1,walk,walk,6746,,6746.0,20.0,2.0,6.0,2.0,-2.83,-0.023,-0.03,2.723,34.0,28.0,0.0,19.0,0.0,4.0,-1.55,-0.03,-1.0,-0.1,2.22,-1.53,-0.4,169.0,TESTR,AKR-TESTR-<MAC6>,0.0,1.0,0.0,100.0
28240,1,walk,walk,6747,,6747.0,20.0,2.0,6.0,2.0,-2.78,-0.023,-0.018,2.768,34.0,28.0,0.0,19.0,0.0,4.0,-1.53,-0.03,-1.0,-0.09,2.02,-1.53,-0.22,169.0,TESTR,AKR-TESTR-<MAC6>,0.0,1.0,0.0,100.0
28260,1,walk,walk,6748,,6748.0,20.0,2.0,6.0,2.0,-2.74,-0.023,0.048,2.775,34.0,28.0,0.0,19.0,0.0,4.0,-1.52,-0.03,-1.0,-0.09,1.81,-1.51,-0.05,169.0,TESTR,AKR-TESTR-<MAC6>,0.0,1.0,0.0,100.0
28320,1,walk,walk,6749,,6749.0,20.0,2.0,6.0,2.0,-2.71,-0.023,0.041,2.787,34.0,28.0,0.0,19.0,0.0,4.0,-1.51,-0.03,-1.0,-0.09,1.6,-1.49,0.12,169.0,TESTR,AKR-TESTR-<MAC6>,0.0,1.0,0.0,100.0
28320,1,walk,walk,6750,,6750.0,20.0,2.0,6.0,2.0,-2.67,-0.023,0.04,2.758,34.0,28.0,0.0,19.0,0.0,4.0,-1.5,-0.03,-1.0,-0.09,1.38,-1.47,0.29,169.0,TESTR,AKR-TESTR-<MAC6>,0.0,1.0,0.0,100.0
28320,1,walk,walk,6751,,6751.0,20.0,2.0,6.0,2.0,-2.63,-0.023,0.018,2.802,34.0,28.0,0.0,19.0,0.0,4.0,-1.5,-0.03,-1.0,-0.09,1.17,-1.44,0.45,169.0,TESTR,AKR-TESTR-<MAC6>,0.0,1.0,0.0,100.0
28360,1,walk,walk,6752,,6752.0,20.0,2.0,6.0,2.0,-2.6,-0.023,-0.009,2.842,34.0,28.0,0.0,19.0,0.0,4.0,-1.5,-0.03,-1.0,-0.09,0.96,-1.42,0.59,169.0,TESTR,AKR-TESTR-<MAC6>,0.0,1.0,0.0,100.0
28360,1,walk,walk,6753,,6753.0,20.0,2.0,6.0,2.0,-2.57,-0.023,0.005,2.792,34.0,28.0,0.0,19.0,0.0,4.0,-1.51,-0.03,-1.0,-0.09,0.75,-1.4,0.72,169.0,TESTR,AKR-TESTR-<MAC6>,0.0,1.0,0.0,100.0
28380,1,walk,walk,6754,,6754.0,20.0,2.0,6.0,2.0,-2.54,-0.023,-0.04,2.81,34.0,28.0,0.0,19.0,0.0,4.0,-1.52,-0.03,-1.0,-0.09,0.57,-1.37,0.81,169.0,TESTR,AKR-TESTR-<MAC6>,0.0,1.0,0.0,100.0
28420,1,walk,walk,6755,,6755.0,20.0,2.0,6.0,2.0,-2.51,-0.023,0.029,2.794,34.0,28.0,0.0,19.0,0.0,4.0,-1.54,-0.03,-1.0,-0.09,0.4,-1.34,0.89,169.0,TESTR,AKR-TESTR-<MAC6>,0.0,1.0,0.0,100.0
28440,1,walk,walk,6756,,6756.0,20.0,2.0,6.0,2.0,-2.49,-0.023,-0.006,2.798,34.0,28.0,0.0,19.0,0.0,4.0,-1.56,-0.03,-1.0,-0.09,0.26,-1.31,0.93,169.0,TESTR,AKR-TESTR-<MAC6>,0.0,1.0,0.0,100.0
28460,1,walk,walk,6757,,6757.0,20.0,2.0,6.0,2.0,-2.47,-0.023,0.026,2.783,34.0,28.0,0.0,19.0,0.0,4.0,-1.58,-0.03,-1.0,-0.09,0.15,-1.28,0.96,169.0,TESTR,AKR-TESTR-<MAC6>,0.0,1.0,0.0,100.0
28480,1,walk,walk,6758,,6758.0,20.0,2.0,6.0,2.0,-2.45,-0.023,-0.019,2.787,34.0,28.0,0.0,19.0,0.0,4.0,-1.6,-0.03,-1.0,-0.09,0.07,-1.26,0.97,169.0,TESTR,AKR-TESTR-<MAC6>,0.0,1.0,0.0,100.0
28480,1,walk,walk,6759,,6759.0,20.0,2.0,6.0,2.0,-2.43,-0.023,-0.018,2.767,34.0,28.0,0.0,19.0,0.0,4.0,-1.62,-0.03,-1.0,-0.09,0.01,-1.23,0.95,169.0,TESTR,AKR-TESTR-<MAC6>,0.0,1.0,0.0,100.0
28500,1,walk,walk,6760,,6760.0,20.0,2.0,6.0,2.0,-2.42,-0.023,-0.026,2.787,34.0,28.0,0.0,19.0,0.0,4.0,-1.65,-0.03,-1.0,-0.09,-0.02,-1.2,0.91,169.0,TESTR,AKR-TESTR-<MAC6>,0.0,1.0,0.0,100.0
28540,1,walk,walk,6761,,6761.0,20.0,2.0,6.0,2.0,-2.4,-0.023,-0.099,2.761,34.0,28.0,0.0,19.0,0.0,4.0,-1.67,-0.03,-1.0,-0.09,-0.04,-1.15,0.85,169.0,TESTR,AKR-TESTR-<MAC6>,0.0,1.0,0.0,100.0
28540,1,walk,walk,6762,,6762.0,20.0,2.0,6.0,2.0,-2.39,-0.023,-0.04,2.757,34.0,28.0,0.0,19.0,0.0,4.0,-1.69,-0.03,-1.0,-0.09,-0.04,-1.09,0.78,169.0,TESTR,AKR-TESTR-<MAC6>,0.0,1.0,0.0,100.0
28560,1,walk,walk,6763,,6763.0,20.0,2.0,6.0,2.0,-2.39,-0.023,0.045,2.751,34.0,28.0,0.0,19.0,0.0,4.0,-1.7,-0.03,-1.0,-0.09,-0.02,-1.02,0.68,169.0,TESTR,AKR-TESTR-<MAC6>,0.0,1.0,0.0,100.0
28620,1,walk,walk,6764,,6764.0,20.0,2.0,6.0,2.0,-2.38,-0.023,-0.037,2.743,34.0,28.0,0.0,19.0,0.0,4.0,-1.71,-0.03,-1.0,-0.1,0.02,-0.95,0.59,169.0,TESTR,AKR-TESTR-<MAC6>,0.0,1.0,0.0,100.0
28660,1,walk,walk,6765,,6765.0,20.0,2.0,6.0,2.0,-2.37,-0.023,0.003,2.708,34.0,28.0,0.0,19.0,0.0,4.0,-1.71,-0.03,-1.0,-0.1,0.07,-0.88,0.48,169.0,TESTR,AKR-TESTR-<MAC6>,0.0,1.0,0.0,100.0
28660,1,walk,walk,6766,,6766.0,20.0,2.0,6.0,2.0,-2.37,-0.023,0.002,2.726,34.0,28.0,0.0,19.0,0.0,4.0,-1.71,-0.03,-1.0,-0.1,0.13,-0.82,0.38,169.0,TESTR,AKR-TESTR-<MAC6>,0.0,1.0,0.0,100.0
28680,1,walk,walk,6767,,6767.0,20.0,2.0,6.0,2.0,-2.37,-0.023,0.077,2.726,34.0,28.0,0.0,19.0,0.0,4.0,-1.71,-0.03,-1.0,-0.1,0.2,-0.78,0.28,169.0,TESTR,AKR-TESTR-<MAC6>,0.0,1.0,0.0,100.0
28680,1,walk,walk,6768,,6768.0,20.0,2.0,6.0,2.0,-2.36,-0.022,0.052,2.75,34.0,28.0,0.0,19.0,0.0,4.0,-1.7,-0.03,-1.0,-0.1,0.28,-0.74,0.18,169.0,TESTR,AKR-TESTR-<MAC6>,0.0,1.0,0.0,100.0
28680,1,walk,walk,6769,,6769.0,20.0,2.0,6.0,2.0,-2.36,-0.023,0.033,2.657,34.0,28.0,0.0,19.0,0.0,4.0,-1.69,-0.03,-1.0,-0.1,0.37,-0.72,0.09,169.0,TESTR,AKR-TESTR-<MAC6>,0.0,1.0,0.0,100.0
28720,1,walk,walk,6770,,6770.0,20.0,2.0,6.0,2.0,-2.36,-0.022,0.089,2.652,34.0,28.0,0.0,19.0,0.0,4.0,-1.68,-0.03,-1.0,-0.1,0.46,-0.7,-0.01,169.0,TESTR,AKR-TESTR-<MAC6>,0.0,1.0,0.0,100.0
28720,1,walk,walk,6771,,6771.0,20.0,2.0,6.0,2.0,-2.36,-0.022,-0.014,2.698,34.0,28.04,0.0,19.0,0.0,4.0,-1.67,-0.03,-1.0,-0.1,0.56,-0.69,-0.1,169.0,TESTR,AKR-TESTR-<MAC6>,0.0,1.0,0.0,100.0
28800,1,walk,walk,6772,,6772.0,20.0,2.0,6.0,2.0,-2.35,-0.022,0.01,2.617,34.0,28.04,0.0,19.0,0.0,4.0,-1.65,-0.03,-1.0,-0.1,0.65,-0.69,-0.19,169.0,TESTR,AKR-TESTR-<MAC6>,0.0,1.0,0.0,100.0
28840,1,walk,walk,6773,,6773.0,20.0,2.0,6.0,2.0,-2.35,-0.022,-0.122,2.684,34.0,28.04,0.0,19.0,0.0,4.0,-1.63,-0.03,-1.0,-0.1,0.73,-0.68,-0.27,170.0,TESTR,AKR-TESTR-<MAC6>,0.0,1.0,0.0,100.0
28840,1,walk,walk,6774,,6774.0,20.0,2.0,6.0,2.0,-2.34,-0.022,-0.069,2.651,34.0,28.0,0.0,19.0,0.0,4.0,-1.61,-0.03,-1.0,-0.1,0.81,-0.68,-0.33,170.0,TESTR,AKR-TESTR-<MAC6>,0.0,1.0,0.0,100.0
28840,1,walk,walk,6775,,6775.0,20.0,2.0,6.0,2.0,-2.34,-0.022,0.048,2.63,34.0,28.0,0.0,19.0,0.0,4.0,-1.59,-0.03,-1.0,-0.1,0.87,-0.68,-0.39,170.0,TESTR,AKR-TESTR-<MAC6>,0.0,1.0,0.0,100.0
28860,1,walk,walk,6776,,6776.0,20.0,2.0,6.0,2.0,-2.33,-0.022,0.019,2.631,34.0,28.04,0.0,19.0,0.0,4.0,-1.57,-0.03,-1.0,-0.1,0.93,-0.69,-0.42,170.0,TESTR,AKR-TESTR-<MAC6>,0.0,1.0,0.0,100.0
28860,1,walk,walk,6777,,6777.0,20.0,2.0,6.0,2.0,-2.32,-0.022,0.057,2.611,34.0,28.04,0.0,19.0,0.0,4.0,-1.54,-0.03,-1.0,-0.09,0.98,-0.7,-0.45,170.0,TESTR,AKR-TESTR-<MAC6>,0.0,1.0,0.0,100.0
28860,1,walk,walk,6778,,6778.0,20.0,2.0,6.0,2.0,-2.31,-0.022,0.023,2.614,34.0,28.0,0.0,19.0,0.0,4.0,-1.51,-0.03,-1.0,-0.09,1.03,-0.73,-0.45,170.0,TESTR,AKR-TESTR-<MAC6>,0.0,1.0,0.0,100.0
28920,1,walk,walk,6779,,6779.0,20.0,2.0,6.0,2.0,-2.3,-0.022,0.056,2.624,34.0,28.04,0.0,19.0,0.0,4.0,-1.49,-0.03,-1.0,-0.09,1.08,-0.79,-0.44,170.0,TESTR,AKR-TESTR-<MAC6>,0.0,1.0,0.0,100.0
28960,1,walk,walk,6780,,6780.0,20.0,2.0,6.0,2.0,-2.29,-0.022,0.01,2.611,34.0,28.04,0.0,19.0,0.0,4.0,-1.46,-0.03,-1.0,-0.09,1.13,-0.88,-0.41,170.0,TESTR,AKR-TESTR-<MAC6>,0.0,1.0,0.0,100.0
28960,1,walk,walk,6781,,6781.0,20.0,2.0,6.0,2.0,-2.28,-0.022,-0.116,2.625,34.0,28.04,0.0,19.0,0.0,4.0,-1.43,-0.03,-1.0,-0.09,1.17,-0.98,-0.36,170.0,TESTR,AKR-TESTR-<MAC6>,0.0,1.0,0.0,100.0
28980,1,walk,walk,6782,,6782.0,20.0,2.0,6.0,2.0,-2.26,-0.022,0.037,2.59,34.0,28.04,0.0,19.0,0.0,4.0,-1.41,-0.02,-1.0,-0.09,1.19,-1.08,-0.31,170.0,TESTR,AKR-TESTR-<MAC6>,0.0,1.0,0.0,100.0
29000,1,walk,walk,6783,,6783.0,20.0,2.0,6.0,2.0,-2.25,-0.022,0.003,2.606,34.0,28.04,0.0,19.0,0.0,4.0,-1.38,-0.02,-1.0,-0.09,1.19,-1.16,-0.25,170.0,TESTR,AKR-TESTR-<MAC6>,0.0,1.0,0.0,100.0
29000,1,walk,walk,6784,,6784.0,20.0,2.0,6.0,2.0,-2.23,-0.022,-0.037,2.586,34.0,28.04,0.0,19.0,0.0,4.0,-1.35,-0.02,-1.0,-0.09,1.18,-1.22,-0.19,170.0,TESTR,AKR-TESTR-<MAC6>,0.0,1.0,0.0,100.0
29020,1,walk,walk,6785,,6785.0,20.0,2.0,6.0,2.0,-2.21,-0.022,-0.009,2.609,34.0,28.04,0.0,19.0,0.0,4.0,-1.33,-0.02,-1.0,-0.09,1.15,-1.27,-0.13,170.0,TESTR,AKR-TESTR-<MAC6>,0.0,1.0,0.0,100.0
29040,1,walk,walk,6786,,6786.0,20.0,2.0,6.0,2.0,-2.19,-0.022,0.011,2.601,34.0,28.04,0.0,19.0,0.0,4.0,-1.31,-0.02,-1.0,-0.09,1.12,-1.31,-0.07,170.0,TESTR,AKR-TESTR-<MAC6>,0.0,1.0,0.0,100.0
29040,1,walk,walk,6787,,6787.0,20.0,2.0,6.0,2.0,-2.18,-0.022,0.011,2.58,34.0,28.04,0.0,19.0,0.0,4.0,-1.29,-0.02,-1.0,-0.09,1.07,-1.34,-0.01,170.0,TESTR,AKR-TESTR-<MAC6>,0.0,1.0,0.0,100.0
29080,1,walk,walk,6788,,6788.0,20.0,2.0,6.0,2.0,-2.16,-0.022,0.07,2.579,34.0,28.0,0.0,19.0,0.0,4.0,-1.27,-0.02,-1.0,-0.09,1.01,-1.36,0.06,170.0,TESTR,AKR-TESTR-<MAC6>,0.0,1.0,0.0,100.0
29120,1,walk,walk,6789,,6789.0,20.0,2.0,6.0,2.0,-2.14,-0.022,0.017,2.623,34.0,28.04,0.0,19.0,0.0,4.0,-1.26,-0.02,-1.0,-0.09,0.95,-1.36,0.12,170.0,TESTR,AKR-TESTR-<MAC6>,0.0,1.0,0.0,100.0
29140,1,walk,walk,6790,,6790.0,20.0,2.0,6.0,2.0,-2.12,-0.022,-0.006,2.608,34.0,28.04,0.0,19.0,0.0,4.0,-1.25,-0.02,-1.0,-0.09,0.89,-1.36,0.17,170.0,TESTR,AKR-TESTR-<MAC6>,0.0,1.0,0.0,100.0
29160,1,walk,walk,6791,,6791.0,20.0,2.0,6.0,2.0,-2.11,-0.022,0.005,2.621,34.0,28.04,0.0,19.0,0.0,4.0,-1.25,-0.02,-1.0,-0.09,0.83,-1.34,0.22,170.0,TESTR,AKR-TESTR-<MAC6>,0.0,1.0,0.0,100.0
29160,1,walk,walk,6792,,6792.0,20.0,2.0,6.0,2.0,-2.09,-0.022,0.057,2.624,34.0,28.04,0.0,19.0,0.0,4.0,-1.24,-0.02,-1.0,-0.09,0.78,-1.32,0.25,170.0,TESTR,AKR-TESTR-<MAC6>,0.0,1.0,0.0,100.0
29160,1,walk,walk,6793,,6793.0,20.0,2.0,6.0,2.0,-2.07,-0.022,0.06,2.581,34.0,28.04,0.0,19.0,0.0,4.0,-1.24,-0.02,-1.0,-0.09,0.74,-1.29,0.27,170.0,TESTR,AKR-TESTR-<MAC6>,0.0,1.0,0.0,100.0
29200,1,walk,walk,6794,,6794.0,20.0,2.0,6.0,2.0,-2.06,-0.022,-0.015,2.571,34.0,28.04,0.0,19.0,0.0,4.0,-1.24,-0.02,-1.0,-0.09,0.71,-1.26,0.28,170.0,TESTR,AKR-TESTR-<MAC6>,0.0,1.0,0.0,100.0
29220,1,walk,walk,6795,,6795.0,20.0,2.0,6.0,2.0,-2.04,-0.022,-0.032,2.561,34.0,28.04,0.0,19.0,0.0,4.0,-1.24,-0.02,-1.0,-0.09,0.69,-1.23,0.28,170.0,TESTR,AKR-TESTR-<MAC6>,0.0,1.0,0.0,100.0
29220,1,walk,walk,6796,,6796.0,20.0,2.0,6.0,2.0,-2.03,-0.022,-0.028,2.572,34.0,28.04,0.0,19.0,0.0,4.0,-1.23,-0.02,-1.0,-0.09,0.67,-1.2,0.28,170.0,TESTR,AKR-TESTR-<MAC6>,0.0,1.0,0.0,100.0
29260,1,walk,walk,6797,,6797.0,20.0,2.0,6.0,2.0,-2.01,-0.022,-0.045,2.591,34.0,28.04,0.0,19.0,0.0,4.0,-1.23,-0.02,-1.0,-0.09,0.66,-1.18,0.28,170.0,TESTR,AKR-TESTR-<MAC6>,0.0,1.0,0.0,100.0
29280,1,walk,walk,6798,,6798.0,20.0,2.0,6.0,2.0,-2.0,-0.022,-0.022,2.558,34.0,28.0,0.0,19.0,0.0,4.0,-1.22,-0.02,-1.0,-0.09,0.65,-1.17,0.28,170.0,TESTR,AKR-TESTR-<MAC6>,0.0,1.0,0.0,100.0
29280,1,walk,walk,6799,,6799.0,20.0,2.0,6.0,2.0,-1.99,-0.022,-0.072,2.556,34.0,28.04,0.0,19.0,0.0,4.0,-1.21,-0.02,-1.0,-0.09,0.64,-1.15,0.27,170.0,TESTR,AKR-TESTR-<MAC6>,0.0,1.0,0.0,100.0
29320,1,walk,walk,6800,,6800.0,20.0,2.0,6.0,2.0,-1.97,-0.022,0.048,2.573,34.0,28.04,0.0,19.0,0.0,4.0,-1.2,-0.02,-1.0,-0.09,0.61,-1.14,0.27,170.0,TESTR,AKR-TESTR-<MAC6>,0.0,1.0,0.0,100.0
29320,1,walk,walk,6801,,6801.0,20.0,2.0,6.0,2.0,-1.96,-0.022,0.021,2.583,34.0,28.04,0.0,19.0,0.0,4.0,-1.19,-0.02,-1.0,-0.09,0.58,-1.13,0.29,170.0,TESTR,AKR-TESTR-<MAC6>,0.0,1.0,0.0,100.0
29340,1,walk,walk,6802,,6802.0,20.0,2.0,6.0,2.0,-1.95,-0.022,0.026,2.561,34.0,28.04,0.0,19.0,0.0,4.0,-1.18,-0.02,-1.0,-0.09,0.53,-1.12,0.32,170.0,TESTR,AKR-TESTR-<MAC6>,0.0,1.0,0.0,100.0
29380,1,walk,walk,6803,,6803.0,20.0,2.0,6.0,2.0,-1.94,-0.022,-0.018,2.578,34.0,28.04,0.0,19.0,0.0,4.0,-1.16,-0.02,-1.0,-0.09,0.47,-1.12,0.36,170.0,TESTR,AKR-TESTR-<MAC6>,0.0,1.0,0.0,100.0
29380,1,walk,walk,6804,,6804.0,20.0,2.0,6.0,2.0,-1.93,-0.022,-0.009,2.599,34.0,28.04,0.0,19.0,0.0,4.0,-1.15,-0.02,-1.0,-0.09,0.4,-1.14,0.42,170.0,TESTR,AKR-TESTR-<MAC6>,0.0,1.0,0.0,100.0
29400,1,walk,walk,6805,,6805.0,20.0,2.0,6.0,2.0,-1.92,-0.022,0.044,2.633,34.0,28.04,0.0,19.0,0.0,4.0,-1.15,-0.02,-1.0,-0.09,0.33,-1.16,0.49,170.0,TESTR,AKR-TESTR-<MAC6>,0.0,1.0,0.0,100.0
29440,1,walk,walk,6806,,6806.0,20.0,2.0,6.0,2.0,-1.91,-0.022,-0.079,2.622,34.0,28.04,0.0,19.0,0.0,4.0,-1.15,-0.02,-1.0,-0.09,0.24,-1.19,0.55,170.0,TESTR,AKR-TESTR-<MAC6>,0.0,1.0,0.0,100.0
29460,1,walk,walk,6807,,6807.0,20.0,2.0,6.0,2.0,-1.9,-0.022,-0.009,2.519,34.0,28.04,0.0,19.0,0.0,4.0,-1.15,-0.02,-1.0,-0.09,0.16,-1.21,0.61,170.0,TESTR,AKR-TESTR-<MAC6>,0.0,1.0,0.0,100.0
29480,1,walk,walk,6808,,6808.0,20.0,2.0,6.0,2.0,-1.89,-0.022,-0.054,2.602,34.0,28.04,0.0,19.0,0.0,4.0,-1.15,-0.02,-1.0,-0.09,0.08,-1.23,0.66,170.0,TESTR,AKR-TESTR-<MAC6>,0.0,1.0,0.0,100.0
29500,1,walk,walk,6809,,6809.0,20.0,2.0,6.0,2.0,-1.89,-0.022,0.049,2.59,34.0,28.04,0.0,19.0,0.0,4.0,-1.16,-0.02,-1.0,-0.09,0.02,-1.25,0.69,170.0,TESTR,AKR-TESTR-<MAC6>,0.0,1.0,0.0,100.0
29500,1,walk,walk,6810,,6810.0,20.0,2.0,6.0,2.0,-1.88,-0.022,0.077,2.606,34.0,28.04,0.0,19.0,0.0,4.0,-1.17,-0.02,-1.0,-0.09,-0.04,-1.26,0.7,170.0,TESTR,AKR-TESTR-<MAC6>,0.0,1.0,0.0,100.0
29520,1,walk,walk,6811,,6811.0,20.0,2.0,6.0,2.0,-1.87,-0.022,-0.053,2.665,34.0,28.04,0.0,19.0,0.0,4.0,-1.18,-0.02,-1.0,-0.09,-0.08,-1.26,0.71,170.0,TESTR,AKR-TESTR-<MAC6>,0.0,1.0,0.0,100.0
29560,1,walk,walk,6812,,6812.0,20.0,2.0,6.0,2.0,-1.87,-0.022,0.034,2.585,34.0,28.04,0.0,19.0,0.0,4.0,-1.18,-0.02,-1.0,-0.09,-0.12,-1.26,0.7,170.0,TESTR,AKR-TESTR-<MAC6>,0.0,1.0,0.0,100.0
29580,1,walk,walk,6813,,6813.0,20.0,2.0,6.0,2.0,-1.86,-0.022,-0.04,2.624,34.0,28.0,0.0,19.0,0.0,4.0,-1.19,-0.02,-1.0,-0.09,-0.15,-1.26,0.69,170.0,TESTR,AKR-TESTR-<MAC6>,0.0,1.0,0.0,100.0
29580,1,walk,walk,6814,,6814.0,20.0,2.0,6.0,2.0,-1.86,-0.022,0.001,2.648,34.0,28.04,0.0,19.0,0.0,4.0,-1.19,-0.02,-1.0,-0.09,-0.18,-1.25,0.67,170.0,TESTR,AKR-TESTR-<MAC6>,0.0,1.0,0.0,100.0
29640,1,walk,walk,6815,,6815.0,20.0,2.0,6.0,2.0,-1.85,-0.022,0.023,2.583,34.0,28.04,0.0,19.0,0.0,4.0,-1.19,-0.02,-1.0,-0.09,-0.21,-1.24,0.66,170.0,TESTR,AKR-TESTR-<MAC6>,0.0,1.0,0.0,100.0
29640,1,walk,walk,6816,,6816.0,20.0,2.0,6.0,2.0,-1.85,-0.022,-0.064,2.612,34.0,28.04,0.0,19.0,0.0,4.0,-1.19,-0.02,-1.0,-0.09,-0.24,-1.24,0.65,170.0,TESTR,AKR-TESTR-<MAC6>,0.0,1.0,0.0,100.0
29640,1,walk,walk,6817,,6817.0,20.0,2.0,6.0,2.0,-1.85,-0.022,0.007,2.602,34.0,28.04,0.0,19.0,0.0,4.0,-1.19,-0.02,-1.0,-0.09,-0.26,-1.23,0.64,170.0,TESTR,AKR-TESTR-<MAC6>,0.0,1.0,0.0,100.0
29680,1,walk,walk,6818,,6818.0,20.0,2.0,6.0,2.0,-1.84,-0.022,0.003,2.571,34.0,28.04,0.0,19.0,0.0,4.0,-1.2,-0.02,-1.0,-0.09,-0.28,-1.22,0.63,170.0,TESTR,AKR-TESTR-<MAC6>,0.0,1.0,0.0,100.0
29680,1,walk,walk,6819,,6819.0,20.0,2.0,6.0,2.0,-1.84,-0.022,0.003,2.619,34.0,28.04,0.0,19.0,0.0,4.0,-1.2,-0.02,-1.0,-0.09,-0.29,-1.21,0.63,170.0,TESTR,AKR-TESTR-<MAC6>,0.0,1.0,0.0,100.0
29700,1,walk,walk,6820,,6820.0,20.0,2.0,6.0,2.0,-1.84,-0.022,0.015,2.586,34.0,28.04,0.0,19.0,0.0,4.0,-1.2,-0.02,-1.0,-0.09,-0.28,-1.2,0.62,170.0,TESTR,AKR-TESTR-<MAC6>,0.0,1.0,0.0,100.0
29740,1,walk,walk,6821,,6821.0,20.0,2.0,6.0,2.0,-1.84,-0.022,0.083,2.617,34.0,28.04,0.0,19.0,0.0,4.0,-1.2,-0.02,-1.0,-0.09,-0.27,-1.18,0.62,170.0,TESTR,AKR-TESTR-<MAC6>,0.0,1.0,0.0,100.0
29740,1,walk,walk,6822,,6822.0,20.0,2.0,6.0,2.0,-1.84,-0.022,0.013,2.566,34.0,28.0,0.0,19.0,0.0,4.0,-1.19,-0.02,-1.0,-0.09,-0.24,-1.16,0.63,170.0,TESTR,AKR-TESTR-<MAC6>,0.0,1.0,0.0,100.0
29800,1,walk,walk,6823,,6823.0,20.0,2.0,6.0,2.0,-1.84,-0.022,0.068,2.627,34.0,28.04,0.0,19.0,0.0,4.0,-1.19,-0.02,-1.0,-0.09,-0.22,-1.14,0.64,171.0,TESTR,AKR-TESTR-<MAC6>,0.0,1.0,0.0,100.0
29800,1,walk,walk,6824,,6824.0,20.0,2.0,6.0,2.0,-1.84,-0.022,0.049,2.596,34.0,28.04,0.0,19.0,0.0,4.0,-1.18,-0.02,-1.0,-0.09,-0.2,-1.13,0.65,171.0,TESTR,AKR-TESTR-<MAC6>,0.0,1.0,0.0,100.0
29800,1,walk,walk,6825,,6825.0,20.0,2.0,6.0,2.0,-1.84,-0.022,0.103,2.587,34.0,28.04,0.0,19.0,0.0,4.0,-1.18,-0.02,-1.0,-0.09,-0.19,-1.11,0.67,171.0,TESTR,AKR-TESTR-<MAC6>,0.0,1.0,0.0,100.0
29820,1,walk,walk,6826,,6826.0,20.0,2.0,6.0,2.0,-1.83,-0.022,0.045,2.609,34.0,28.04,0.0,19.0,0.0,4.0,-1.17,-0.02,-1.0,-0.09,-0.19,-1.1,0.7,171.0,TESTR,AKR-TESTR-<MAC6>,0.0,1.0,0.0,100.0
29860,1,walk,walk,6827,,6827.0,20.0,2.0,6.0,2.0,-1.83,-0.022,0.015,2.611,34.0,28.04,0.0,19.0,0.0,4.0,-1.17,-0.02,-1.0,-0.09,-0.21,-1.09,0.73,171.0,TESTR,AKR-TESTR-<MAC6>,0.0,1.0,0.0,100.0
29860,1,walk,walk,6828,,6828.0,20.0,2.0,6.0,2.0,-1.83,-0.022,-0.017,2.61,34.0,28.04,0.0,19.0,0.0,4.0,-1.17,-0.02,-1.0,-0.09,-0.24,-1.09,0.78,171.0,TESTR,AKR-TESTR-<MAC6>,0.0,1.0,0.0,100.0
29900,1,walk,walk,6829,,6829.0,20.0,2.0,6.0,2.0,-1.83,-0.022,-0.015,2.611,35.0,28.04,0.0,19.0,0.0,4.0,-1.16,-0.02,-1.0,-0.09,-0.28,-1.1,0.84,171.0,TESTR,AKR-TESTR-<MAC6>,0.0,1.0,0.0,100.0
29920,1,walk,walk,6830,,6830.0,20.0,2.0,6.0,2.0,-1.83,-0.022,-0.037,2.671,34.0,28.0,0.0,19.0,0.0,4.0,-1.16,-0.02,-1.0,-0.09,-0.33,-1.12,0.91,171.0,TESTR,AKR-TESTR-<MAC6>,0.0,1.0,0.0,100.0
29940,1,walk,walk,6831,,6831.0,20.0,2.0,6.0,2.0,-1.83,-0.022,-0.08,2.648,35.0,28.04,0.0,19.0,0.0,4.0,-1.17,-0.02,-1.0,-0.09,-0.38,-1.14,0.98,171.0,TESTR,AKR-TESTR-<MAC6>,0.0,1.0,0.0,100.0
29960,1,walk,walk,6832,,6832.0,20.0,2.0,6.0,2.0,-1.83,-0.022,-0.038,2.658,35.0,28.0,0.0,19.0,0.0,4.0,-1.18,-0.02,-1.0,-0.09,-0.44,-1.16,1.05,171.0,TESTR,AKR-TESTR-<MAC6>,0.0,1.0,0.0,100.0
29980,1,walk,walk,6833,,6833.0,20.0,2.0,6.0,2.0,-1.83,-0.022,-0.006,2.67,35.0,28.0,0.0,19.0,0.0,4.0,-1.19,-0.02,-1.0,-0.09,-0.5,-1.18,1.11,171.0,TESTR,AKR-TESTR-<MAC6>,0.0,1.0,0.0,100.0
29980,1,walk,walk,6834,,6834.0,20.0,2.0,6.0,2.0,-1.84,-0.022,0.029,2.681,35.0,28.0,0.0,19.0,0.0,4.0,-1.2,-0.02,-1.0,-0.09,-0.55,-1.21,1.18,171.0,TESTR,AKR-TESTR-<MAC6>,0.0,1.0,0.0,100.0
30000,1,walk,walk,6835,,6835.0,20.0,2.0,6.0,2.0,-1.84,-0.022,-0.014,2.686,35.0,28.0,0.0,19.0,0.0,4.0,-1.21,-0.02,-1.0,-0.09,-0.6,-1.24,1.25,171.0,TESTR,AKR-TESTR-<MAC6>,0.0,1.0,0.0,100.0
30040,1,walk,walk,6836,,6836.0,20.0,2.0,6.0,2.0,-1.84,-0.022,-0.003,2.682,35.0,28.0,0.0,19.0,0.0,4.0,-1.23,-0.02,-1.0,-0.09,-0.65,-1.27,1.33,171.0,TESTR,AKR-TESTR-<MAC6>,0.0,1.0,0.0,100.0
30040,1,walk,walk,6837,,6837.0,20.0,2.0,6.0,2.0,-1.84,-0.023,-0.01,2.733,35.0,28.0,0.0,19.0,0.0,4.0,-1.24,-0.02,-1.0,-0.09,-0.69,-1.31,1.4,171.0,TESTR,AKR-TESTR-<MAC6>,0.0,1.0,0.0,100.0
30060,1,walk,walk,6838,,6838.0,20.0,2.0,6.0,2.0,-1.85,-0.023,0.017,2.751,35.0,28.0,0.0,19.0,0.0,4.0,-1.25,-0.02,-1.0,-0.09,-0.73,-1.34,1.48,171.0,TESTR,AKR-TESTR-<MAC6>,0.0,1.0,0.0,100.0
30120,1,walk,walk,6839,,6839.0,20.0,2.0,6.0,2.0,-1.85,-0.023,-0.057,2.747,35.0,28.0,0.0,19.0,0.0,4.0,-1.27,-0.02,-1.0,-0.09,-0.75,-1.37,1.56,171.0,TESTR,AKR-TESTR-<MAC6>,0.0,1.0,0.0,100.0
30120,1,walk,walk,6840,,6840.0,20.0,2.0,6.0,2.0,-1.86,-0.023,-0.057,2.79,35.0,28.0,0.0,19.0,0.0,4.0,-1.29,-0.02,-1.0,-0.09,-0.76,-1.4,1.63,171.0,TESTR,AKR-TESTR-<MAC6>,0.0,1.0,0.0,100.0
30120,1,walk,walk,6841,,6841.0,20.0,2.0,6.0,2.0,-1.86,-0.023,-0.077,2.791,35.0,28.0,0.0,19.0,0.0,4.0,-1.31,-0.02,-1.0,-0.1,-0.76,-1.44,1.69,171.0,TESTR,AKR-TESTR-<MAC6>,0.0,1.0,0.0,100.0
30160,1,walk,walk,6842,,6842.0,20.0,2.0,6.0,2.0,-1.87,-0.023,-0.072,2.774,35.0,28.0,0.0,19.0,0.0,4.0,-1.34,-0.02,-1.0,-0.1,-0.74,-1.47,1.74,171.0,TESTR,AKR-TESTR-<MAC6>,0.0,1.0,0.0,100.0
30160,1,walk,walk,6843,,6843.0,20.0,2.0,6.0,2.0,-1.88,-0.023,0.119,2.82,35.0,28.0,0.0,19.0,0.0,4.0,-1.37,-0.02,-1.0,-0.1,-0.71,-1.5,1.78,171.0,TESTR,AKR-TESTR-<MAC6>,0.0,1.0,0.0,100.0
30180,1,walk,walk,6844,,6844.0,20.0,2.0,6.0,2.0,-1.89,-0.023,0.073,2.836,35.0,28.0,0.0,19.0,0.0,4.0,-1.4,-0.02,-1.0,-0.1,-0.68,-1.53,1.81,171.0,TESTR,AKR-TESTR-<MAC6>,0.0,1.0,0.0,100.0
30220,1,walk,walk,6845,,6845.0,20.0,2.0,6.0,2.0,-1.9,-0.023,-0.001,2.861,35.0,28.0,0.0,19.0,0.0,4.0,-1.42,-0.02,-1.0,-0.1,-0.64,-1.55,1.83,171.0,TESTR,AKR-TESTR-<MAC6>,0.0,1.0,0.0,100.0
30240,1,walk,walk,6846,,6846.0,20.0,2.0,6.0,2.0,-1.91,-0.024,-0.032,2.868,35.0,28.0,0.0,19.0,0.0,4.0,-1.45,-0.03,-1.0,-0.1,-0.6,-1.57,1.84,171.0,TESTR,AKR-TESTR-<MAC6>,0.0,1.0,0.0,100.0
30240,1,walk,walk,6847,,6847.0,20.0,2.0,6.0,2.0,-1.93,-0.024,0.023,2.896,35.0,28.0,0.0,19.0,0.0,4.0,-1.47,-0.03,-1.0,-0.1,-0.57,-1.58,1.86,171.0,TESTR,AKR-TESTR-<MAC6>,0.0,1.0,0.0,100.0
30280,1,walk,walk,6848,,6848.0,20.0,2.0,6.0,2.0,-1.94,-0.024,0.026,2.939,35.0,27.97,0.0,19.0,0.0,4.0,-1.49,-0.03,-1.0,-0.1,-0.56,-1.59,1.9,171.0,TESTR,AKR-TESTR-<MAC6>,0.0,1.0,0.0,100.0
30280,1,walk,walk,6849,,6849.0,20.0,2.0,6.0,2.0,-1.96,-0.025,0.01,2.964,35.0,28.0,0.0,19.0,0.0,4.0,-1.5,-0.03,-1.0,-0.1,-0.55,-1.6,1.95,171.0,TESTR,AKR-TESTR-<MAC6>,0.0,1.0,0.0,100.0
30300,1,walk,walk,6850,,6850.0,20.0,2.0,6.0,2.0,-1.98,-0.025,-0.099,2.988,35.0,27.97,0.0,19.0,0.0,4.0,-1.53,-0.03,-1.0,-0.1,-0.56,-1.6,2.03,171.0,TESTR,AKR-TESTR-<MAC6>,0.0,1.0,0.0,100.0
30340,1,walk,walk,6851,,6851.0,20.0,2.0,6.0,2.0,-1.99,-0.025,-0.048,3.028,35.0,27.97,0.0,19.0,0.0,4.0,-1.56,-0.03,-1.0,-0.1,-0.56,-1.59,2.1,171.0,TESTR,AKR-TESTR-<MAC6>,0.0,1.0,0.0,100.0
30340,1,walk,walk,6852,,6852.0,20.0,2.0,6.0,2.0,-2.01,-0.025,-0.023,3.001,35.0,27.97,0.0,19.0,0.0,4.0,-1.6,-0.03,-1.0,-0.1,-0.56,-1.57,2.16,171.0,TESTR,AKR-TESTR-<MAC6>,0.0,1.0,0.0,100.0
30360,1,walk,walk,6853,,6853.0,20.0,2.0,6.0,2.0,-2.03,-0.025,0.092,2.987,35.0,27.97,0.0,19.0,0.0,4.0,-1.66,-0.03,-1.0,-0.1,-0.53,-1.53,2.17,171.0,TESTR,AKR-TESTR-<MAC6>,0.0,1.0,0.0,100.0
30400,1,walk,walk,6854,,6854.0,20.0,2.0,6.0,2.0,-2.05,-0.025,0.036,2.926,35.0,27.97,0.0,19.0,0.0,4.0,-1.72,-0.03,-1.0,-0.1,-0.48,-1.46,2.12,171.0,TESTR,AKR-TESTR-<MAC6>,0.0,1.0,0.0,100.0
30420,1,walk,walk,6855,,6855.0,20.0,2.0,6.0,2.0,-2.08,-0.024,0.007,2.918,35.0,28.0,0.0,19.0,0.0,4.0,-1.78,-0.03,-1.0,-0.1,-0.4,-1.37,2.0,171.0,TESTR,AKR-TESTR-<MAC6>,0.0,1.0,0.0,100.0
30440,1,walk,walk,6856,,6856.0,20.0,2.0,6.0,2.0,-2.1,-0.024,-0.066,2.887,35.0,28.0,0.0,19.0,0.0,4.0,-1.84,-0.03,-1.0,-0.1,-0.27,-1.27,1.8,171.0,TESTR,AKR-TESTR-<MAC6>,0.0,1.0,0.0,100.0
30460,1,walk,walk,6857,,6857.0,20.0,2.0,6.0,2.0,-2.12,-0.023,0.092,2.869,35.0,28.0,0.0,19.0,0.0,4.0,-1.89,-0.03,-1.0,-0.1,-0.11,-1.15,1.55,171.0,TESTR,AKR-TESTR-<MAC6>,0.0,1.0,0.0,100.0
30460,1,walk,walk,6858,,6858.0,20.0,2.0,6.0,2.0,-2.15,-0.023,-0.083,2.819,35.0,28.0,0.0,19.0,0.0,4.0,-1.92,-0.03,-1.0,-0.1,0.07,-1.04,1.25,171.0,TESTR,AKR-TESTR-<MAC6>,0.0,1.0,0.0,100.0
30480,1,walk,walk,6859,,6859.0,20.0,2.0,6.0,2.0,-2.17,-0.023,-0.112,2.778,35.0,28.0,0.0,19.0,0.0,4.0,-1.92,-0.03,-1.0,-0.1,0.27,-0.94,0.96,171.0,TESTR,AKR-TESTR-<MAC6>,0.0,1.0,0.0,100.0
30520,1,walk,walk,6860,,6860.0,20.0,2.0,6.0,2.0,-2.2,-0.023,0.075,2.852,35.0,28.0,0.0,19.0,0.0,4.0,-1.92,-0.03,-1.0,-0.1,0.47,-0.87,0.7,171.0,TESTR,AKR-TESTR-<MAC6>,0.0,1.0,0.0,100.0
30540,1,walk,walk,6861,,6861.0,20.0,2.0,6.0,2.0,-2.22,-0.023,-0.002,2.833,35.0,28.0,0.0,19.0,0.0,4.0,-1.89,-0.03,-1.0,-0.1,0.66,-0.83,0.49,171.0,TESTR,AKR-TESTR-<MAC6>,0.0,1.0,0.0,100.0
30560,1,walk,walk,6862,,6862.0,20.0,2.0,6.0,2.0,-2.24,-0.023,0.037,2.857,35.0,28.0,0.0,19.0,0.0,4.0,-1.86,-0.03,-1.0,-0.1,0.83,-0.82,0.34,171.0,TESTR,AKR-TESTR-<MAC6>,0.0,1.0,0.0,100.0
30600,1,walk,walk,6863,,6863.0,20.0,2.0,6.0,2.0,-2.26,-0.023,-0.005,2.84,35.0,28.0,0.0,19.0,0.0,4.0,-1.82,-0.03,-1.0,-0.1,0.98,-0.83,0.25,171.0,TESTR,AKR-TESTR-<MAC6>,0.0,1.0,0.0,100.0
30600,1,walk,walk,6864,,6864.0,20.0,2.0,6.0,2.0,-2.28,-0.024,-0.015,2.872,35.0,28.0,0.0,19.0,0.0,4.0,-1.78,-0.03,-1.0,-0.1,1.11,-0.87,0.23,171.0,TESTR,AKR-TESTR-<MAC6>,0.0,1.0,0.0,100.0
30600,1,walk,walk,6865,,6865.0,20.0,2.0,6.0,2.0,-2.3,-0.024,-0.103,2.884,35.0,28.0,0.0,19.0,0.0,4.0,-1.74,-0.03,-1.0,-0.1,1.21,-0.92,0.27,171.0,TESTR,AKR-TESTR-<MAC6>,0.0,1.0,0.0,100.0
30640,1,walk,walk,6866,,6866.0,20.0,2.0,6.0,2.0,-2.32,-0.024,0.023,2.91,35.0,27.97,0.0,19.0,0.0,4.0,-1.71,-0.03,-1.0,-0.1,1.3,-0.98,0.36,171.0,TESTR,AKR-TESTR-<MAC6>,0.0,1.0,0.0,100.0
30640,1,walk,walk,6867,,6867.0,20.0,2.0,6.0,2.0,-2.33,-0.024,-0.01,2.939,35.0,28.0,0.0,19.0,0.0,4.0,-1.68,-0.03,-1.0,-0.1,1.36,-1.06,0.49,171.0,TESTR,AKR-TESTR-<MAC6>,0.0,1.0,0.0,100.0
30660,1,walk,walk,6868,,6868.0,20.0,2.0,6.0,2.0,-2.34,-0.025,0.013,2.971,35.0,28.0,0.0,19.0,0.0,4.0,-1.67,-0.03,-1.0,-0.1,1.41,-1.13,0.64,171.0,TESTR,AKR-TESTR-<MAC6>,0.0,1.0,0.0,100.0
30700,1,walk,walk,6869,,6869.0,20.0,2.0,6.0,2.0,-2.35,-0.025,0.022,2.996,35.0,27.97,0.0,19.0,0.0,4.0,-1.66,-0.03,-1.0,-0.1,1.45,-1.2,0.8,171.0,TESTR,AKR-TESTR-<MAC6>,0.0,1.0,0.0,100.0
30700,1,walk,walk,6870,,6870.0,20.0,2.0,6.0,2.0,-2.36,-0.025,-0.042,2.973,35.0,27.97,0.0,19.0,0.0,4.0,-1.67,-0.03,-1.0,-0.1,1.49,-1.26,0.93,171.0,TESTR,AKR-TESTR-<MAC6>,0.0,1.0,0.0,100.0
30740,1,walk,walk,6871,,6871.0,20.0,2.0,6.0,2.0,-2.36,-0.025,0.001,2.96,35.0,27.97,0.0,19.0,0.0,4.0,-1.69,-0.03,-1.0,-0.1,1.54,-1.3,1.04,172.0,TESTR,AKR-TESTR-<MAC6>,0.0,1.0,0.0,100.0
30760,1,walk,walk,6872,,6872.0,20.0,2.0,6.0,2.0,-2.37,-0.025,0.002,2.979,35.0,27.97,0.0,19.0,0.0,4.0,-1.73,-0.03,-1.0,-0.1,1.6,-1.32,1.08,172.0,TESTR,AKR-TESTR-<MAC6>,0.0,1.0,0.0,100.0
30760,1,walk,walk,6873,,6873.0,20.0,2.0,6.0,2.0,-2.37,-0.025,-0.009,2.988,35.0,28.0,0.0,19.0,0.0,4.0,-1.77,-0.03,-1.0,-0.1,1.67,-1.32,1.08,172.0,TESTR,AKR-TESTR-<MAC6>,0.0,1.0,0.0,100.0
30780,1,walk,walk,6874,,6874.0,20.0,2.0,6.0,2.0,-2.38,-0.025,0.006,2.944,35.0,27.97,0.0,19.0,0.0,4.0,-1.81,-0.03,-1.0,-0.1,1.75,-1.31,1.03,172.0,TESTR,AKR-TESTR-<MAC6>,0.0,1.0,0.0,100.0
30820,1,walk,walk,6875,,6875.0,20.0,2.0,6.0,2.0,-2.38,-0.025,-0.038,2.958,35.0,28.0,0.0,19.0,0.0,4.0,-1.84,-0.03,-1.0,-0.1,1.83,-1.29,0.94,172.0,TESTR,AKR-TESTR-<MAC6>,0.0,1.0,0.0,100.0
30820,1,walk,walk,6876,,6876.0,20.0,2.0,6.0,2.0,-2.38,-0.025,-0.006,2.987,35.0,27.97,0.0,19.0,0.0,4.0,-1.87,-0.03,-1.0,-0.1,1.92,-1.27,0.83,172.0,TESTR,AKR-TESTR-<MAC6>,0.0,1.0,0.0,100.0
30840,1,walk,walk,6877,,6877.0,20.0,2.0,6.0,2.0,-2.39,-0.025,0.029,2.958,35.0,28.0,0.0,19.0,0.0,4.0,-1.89,-0.03,-1.0,-0.1,2.0,-1.25,0.72,172.0,TESTR,AKR-TESTR-<MAC6>,0.0,1.0,0.0,100.0
30880,1,walk,walk,6878,,6878.0,20.0,2.0,6.0,2.0,-2.39,-0.025,0.028,2.988,35.0,27.97,0.0,19.0,0.0,4.0,-1.9,-0.03,-1.0,-0.09,2.1,-1.25,0.6,172.0,TESTR,AKR-TESTR-<MAC6>,0.0,1.0,0.0,100.0
30900,1,walk,walk,6879,,6879.0,20.0,2.0,6.0,2.0,-2.39,-0.025,-0.011,2.981,35.0,27.97,0.0,19.0,0.0,4.0,-1.91,-0.03,-1.0,-0.09,2.19,-1.28,0.5,172.0,TESTR,AKR-TESTR-<MAC6>,0.0,1.0,0.0,100.0
30920,1,walk,walk,6880,,6880.0,20.0,2.0,6.0,2.0,-2.4,-0.025,0.013,3.005,35.0,27.97,0.0,19.0,0.0,4.0,-1.91,-0.03,-1.0,-0.09,2.28,-1.32,0.41,172.0,TESTR,AKR-TESTR-<MAC6>,0.0,1.0,0.0,100.0
30940,1,walk,walk,6881,,6881.0,20.0,2.0,6.0,2.0,-2.4,-0.025,-0.033,3.075,35.0,27.97,0.0,19.0,0.0,4.0,-1.9,-0.03,-1.0,-0.09,2.37,-1.38,0.37,172.0,TESTR,AKR-TESTR-<MAC6>,0.0,1.0,0.0,100.0
30940,1,walk,walk,6882,,6882.0,20.0,2.0,6.0,2.0,-2.4,-0.026,-0.1,3.164,35.0,27.97,0.0,19.0,0.0,4.0,-1.88,-0.03,-1.0,-0.09,2.45,-1.46,0.37,172.0,TESTR,AKR-TESTR-<MAC6>,0.0,1.0,0.0,100.0
30960,1,walk,walk,6883,,6883.0,20.0,2.0,6.0,2.0,-2.41,-0.027,-0.041,3.23,35.0,27.97,0.0,19.0,0.0,4.0,-1.85,-0.03,-1.0,-0.09,2.53,-1.55,0.45,172.0,TESTR,AKR-TESTR-<MAC6>,0.0,1.0,0.0,100.0
31000,1,walk,walk,6884,,6884.0,20.0,2.0,6.0,2.0,-2.41,-0.028,-0.109,3.386,35.0,27.93,0.0,19.0,0.0,4.0,-1.83,-0.03,-1.0,-0.09,2.62,-1.64,0.59,172.0,TESTR,AKR-TESTR-<MAC6>,0.0,1.0,0.0,100.0
31020,1,walk,walk,6885,,6885.0,20.0,2.0,6.0,2.0,-2.41,-0.028,-0.03,3.47,35.0,27.93,0.0,19.0,0.0,4.0,-1.81,-0.03,-1.0,-0.09,2.73,-1.72,0.79,172.0,TESTR,AKR-TESTR-<MAC6>,0.0,1.0,0.0,100.0
31020,1,walk,walk,6886,,6886.0,20.0,2.0,6.0,2.0,-2.41,-0.029,-0.045,3.563,35.0,27.9,0.0,19.0,0.0,4.0,-1.8,-0.03,-1.0,-0.09,2.87,-1.82,1.02,172.0,TESTR,AKR-TESTR-<MAC6>,0.0,1.0,0.0,100.0
31080,1,walk,walk,6887,,6887.0,20.0,2.0,6.0,2.0,-2.42,-0.03,-0.04,3.673,35.0,27.9,0.0,19.0,0.0,4.0,-1.8,-0.03,-1.0,-0.09,3.03,-1.91,1.27,172.0,TESTR,AKR-TESTR-<MAC6>,0.0,1.0,0.0,100.0
31080,1,walk,walk,6888,,6888.0,20.0,2.0,6.0,2.0,-2.42,-0.031,-0.064,3.748,35.0,27.9,0.0,19.0,0.0,4.0,-1.81,-0.03,-1.0,-0.09,3.22,-1.99,1.51,172.0,TESTR,AKR-TESTR-<MAC6>,0.0,1.0,0.0,100.0
31080,1,walk,walk,6889,,6889.0,20.0,2.0,6.0,2.0,-2.42,-0.031,-0.093,3.802,35.0,27.9,0.0,19.0,0.0,4.0,-1.83,-0.03,-1.01,-0.09,3.44,-2.07,1.71,172.0,TESTR,AKR-TESTR-<MAC6>,0.0,1.0,0.0,100.0
31120,1,walk,walk,6890,,6890.0,20.0,2.0,6.0,2.0,-2.42,-0.031,0.054,3.856,35.0,27.86,0.0,19.0,0.0,4.0,-1.87,-0.03,-1.01,-0.09,3.68,-2.13,1.87,172.0,TESTR,AKR-TESTR-<MAC6>,0.0,1.0,0.0,100.0
31120,1,walk,walk,6891,,6891.0,20.0,2.0,6.0,2.0,-2.43,-0.032,-0.006,3.894,35.0,27.86,0.0,19.0,0.0,4.0,-1.91,-0.03,-1.01,-0.09,3.96,-2.18,1.99,172.0,TESTR,AKR-TESTR-<MAC6>,0.0,1.0,0.0,100.0
31140,1,walk,walk,6892,,6892.0,20.0,2.0,6.0,2.0,-2.43,-0.033,-0.096,3.951,35.0,27.86,0.0,19.0,0.0,4.0,-1.95,-0.03,-1.01,-0.08,4.27,-2.22,2.05,172.0,TESTR,AKR-TESTR-<MAC6>,0.0,1.0,0.0,100.0
31180,1,walk,walk,6893,,6893.0,20.0,2.0,6.0,2.0,-2.44,-0.033,-0.036,4.032,35.0,27.86,0.0,19.0,0.0,4.0,-2.0,-0.04,-1.01,-0.08,4.62,-2.23,2.08,172.0,TESTR,AKR-TESTR-<MAC6>,0.0,1.0,0.0,100.0
31220,1,walk,walk,6894,,6894.0,20.0,2.0,6.0,2.0,-2.45,-0.034,-0.124,4.175,35.0,27.86,0.0,19.0,0.0,4.0,-2.04,-0.04,-1.01,-0.08,5.0,-2.24,2.09,172.0,TESTR,AKR-TESTR-<MAC6>,0.0,1.0,0.0,100.0
31220,1,walk,walk,6895,,6895.0,20.0,2.0,6.0,2.0,-2.46,-0.035,-0.08,4.307,35.0,27.83,0.0,19.0,0.0,4.0,-2.08,-0.04,-1.01,-0.08,5.41,-2.25,2.09,172.0,TESTR,AKR-TESTR-<MAC6>,0.0,1.0,0.0,100.0
31280,1,walk,walk,6896,,6896.0,20.0,2.0,6.0,2.0,-2.47,-0.036,0.006,4.377,35.0,27.83,0.0,19.0,0.0,4.0,-2.12,-0.04,-1.01,-0.08,5.83,-2.25,2.11,172.0,TESTR,AKR-TESTR-<MAC6>,0.0,1.0,0.0,100.0
31280,1,walk,walk,6897,,6897.0,20.0,2.0,6.0,2.0,-2.48,-0.037,-0.104,4.575,35.0,27.79,0.0,19.0,0.0,4.0,-2.15,-0.04,-1.01,-0.08,6.25,-2.25,2.13,172.0,TESTR,AKR-TESTR-<MAC6>,0.0,1.0,0.0,100.0
31280,1,walk,walk,6898,,6898.0,20.0,2.0,6.0,2.0,-2.5,-0.038,-0.136,4.713,35.0,27.79,0.0,19.0,0.0,4.0,-2.17,-0.04,-1.01,-0.08,6.7,-2.24,2.17,172.0,TESTR,AKR-TESTR-<MAC6>,0.0,1.0,0.0,100.0
31300,1,walk,walk,6899,,6899.0,20.0,2.0,6.0,2.0,-2.52,-0.039,0.041,4.789,35.0,27.79,0.0,19.0,0.0,4.0,-2.2,-0.04,-1.01,-0.07,7.19,-2.22,2.2,172.0,TESTR,AKR-TESTR-<MAC6>,0.0,1.0,0.0,100.0
31320,1,walk,walk,6900,,6900.0,20.0,2.0,6.0,2.0,-2.54,-0.039,-0.015,4.847,35.0,27.76,0.0,19.0,0.0,4.0,-2.24,-0.04,-1.01,-0.07,7.72,-2.19,2.21,172.0,TESTR,AKR-TESTR-<MAC6>,0.0,1.0,0.0,100.0
31320,1,walk,walk,6901,,6901.0,20.0,2.0,6.0,2.0,-2.56,-0.04,0.045,4.778,35.0,27.76,0.0,19.0,0.0,4.0,-2.28,-0.04,-1.01,-0.07,8.27,-2.14,2.18,172.0,TESTR,AKR-TESTR-<MAC6>,0.0,1.0,0.0,100.0
31360,1,walk,walk,6902,,6902.0,20.0,2.0,6.0,2.0,-2.58,-0.04,-0.013,4.787,35.0,27.79,0.0,19.0,0.0,4.0,-2.33,-0.04,-1.01,-0.07,8.83,-2.04,2.08,172.0,TESTR,AKR-TESTR-<MAC6>,0.0,1.0,0.0,100.0
31380,1,walk,walk,6903,,6903.0,20.0,2.0,6.0,2.0,-2.6,-0.039,0.01,4.719,35.0,27.79,0.0,19.0,0.0,4.0,-2.39,-0.04,-1.01,-0.07,9.36,-1.88,1.86,172.0,TESTR,AKR-TESTR-<MAC6>,0.0,1.0,0.0,100.0
31400,1,walk,walk,6904,,6904.0,20.0,2.0,6.0,2.0,-2.63,-0.039,0.049,4.575,35.0,27.79,0.0,19.0,0.0,4.0,-2.45,-0.04,-1.01,-0.06,9.85,-1.63,1.51,172.0,TESTR,AKR-TESTR-<MAC6>,0.0,1.0,0.0,100.0
31420,1,walk,walk,6905,,6905.0,20.0,2.0,6.0,2.0,-2.65,-0.037,0.169,4.294,35.0,27.83,0.0,19.0,0.0,4.0,-2.49,-0.04,-1.01,-0.06,10.28,-1.26,1.0,172.0,TESTR,AKR-TESTR-<MAC6>,0.0,1.0,0.0,100.0
31420,1,walk,walk,6906,,6906.0,20.0,2.0,6.0,2.0,-2.68,-0.034,0.202,3.835,35.0,27.86,0.0,19.0,0.0,4.0,-2.5,-0.04,-1.01,-0.06,10.65,-0.71,0.29,172.0,TESTR,AKR-TESTR-<MAC6>,0.0,1.0,0.0,100.0
31440,1,walk,walk,6907,,6907.0,20.0,2.0,6.0,2.0,-2.71,-0.03,0.264,3.377,35.0,27.93,0.0,19.0,0.0,4.0,-2.49,-0.04,-1.01,-0.06,10.93,0.12,-0.67,172.0,TESTR,AKR-TESTR-<MAC6>,0.0,1.0,0.0,100.0
31480,1,walk,walk,6908,,6908.0,20.0,2.0,6.0,2.0,-2.73,-0.025,0.327,2.69,35.0,28.0,0.0,19.0,0.0,4.0,-2.42,-0.04,-1.02,-0.05,11.07,1.29,-1.91,172.0,TESTR,AKR-TESTR-<MAC6>,0.0,1.0,0.0,100.0
31500,1,walk,walk,6909,,6909.0,20.0,2.0,6.0,2.0,-2.75,-0.021,0.305,2.266,35.0,28.04,0.0,19.0,0.0,4.0,-2.24,-0.04,-1.02,-0.06,10.84,3.11,-3.5,172.0,TESTR,AKR-TESTR-<MAC6>,0.0,1.0,0.0,100.0
31500,1,walk,walk,6910,,6910.0,20.0,2.0,6.0,2.0,-2.77,-0.016,0.271,1.793,35.0,28.07,0.0,19.0,0.0,4.0,-1.98,-0.04,-1.02,-0.06,9.83,6.21,-5.3,172.0,TESTR,AKR-TESTR-<MAC6>,0.0,1.0,0.0,100.0
31560,1,walk,walk,6911,,6911.0,20.0,2.0,6.0,2.0,-2.78,-0.012,0.318,1.307,35.0,28.11,0.0,19.0,0.0,4.0,-1.74,-0.03,-1.02,-0.07,7.71,11.03,-7.05,172.0,TESTR,AKR-TESTR-<MAC6>,0.0,1.0,0.0,100.0
31560,1,walk,walk,6912,,6912.0,20.0,2.0,6.0,2.0,-2.79,-0.009,0.187,1.023,35.0,28.11,0.0,19.0,0.0,4.0,-1.71,-0.03,-1.02,-0.09,4.48,17.46,-8.42,172.0,TESTR,AKR-TESTR-<MAC6>,0.0,1.0,0.0,100.0
31560,1,walk,walk,6913,,6913.0,20.0,2.0,6.0,2.0,-2.78,-0.007,0.146,0.83,35.0,28.11,0.0,19.0,0.0,4.0,-2.06,-0.04,-1.02,-0.1,0.53,24.75,-9.13,172.0,TESTR,AKR-TESTR-<MAC6>,0.0,1.0,0.0,100.0
31600,1,walk,walk,6914,,6914.0,20.0,2.0,6.0,2.0,-2.76,-0.006,-0.011,0.682,35.0,28.14,0.0,19.0,0.0,4.0,-2.86,-0.05,-1.02,-0.12,-3.62,31.65,-8.98,172.0,TESTR,AKR-TESTR-<MAC6>,0.0,1.0,0.0,100.0
31600,1,walk,walk,6915,,6915.0,20.0,1.0,6.0,2.0,-2.73,-0.006,0.072,0.575,35.0,28.14,0.0,18.0,0.0,4.0,-4.11,-0.07,-1.03,-0.13,-7.53,36.85,-7.93,172.0,TESTR,AKR-TESTR-<MAC6>,0.0,1.0,0.0,100.0
31620,1,walk,walk,6916,,6916.0,20.0,1.0,6.0,2.0,-2.69,-0.005,0.085,0.593,35.0,28.11,0.0,18.0,0.0,4.0,-5.7,-0.1,-1.03,-0.14,-10.87,39.27,-6.12,172.0,TESTR,AKR-TESTR-<MAC6>,0.0,1.0,0.0,100.0
31660,1,walk,walk,6917,,6917.0,20.0,1.0,6.0,2.0,-2.64,-0.006,-0.03,0.633,35.0,28.14,0.0,18.0,0.0,4.0,-7.43,-0.13,-1.03,-0.15,-13.46,38.24,-3.79,172.0,TESTR,AKR-TESTR-<MAC6>,0.0,1.0,0.0,100.0
31680,1,walk,walk,6918,,6918.0,20.0,1.0,6.0,2.0,-2.58,-0.006,0.028,0.685,35.0,28.14,0.0,18.0,0.0,4.0,-9.11,-0.16,-1.03,-0.15,-15.17,33.7,-1.2,173.0,TESTR,AKR-TESTR-<MAC6>,0.0,1.0,0.0,100.0
31700,1,walk,walk,6919,,6919.0,20.0,1.0,6.0,2.0,-2.51,-0.007,-0.163,0.805,35.0,28.14,0.0,18.0,0.0,4.0,-10.54,-0.19,-1.02,-0.16,-16.03,26.24,1.48,173.0,TESTR,AKR-TESTR-<MAC6>,0.0,1.0,0.0,100.0
31720,1,walk,walk,6920,,6920.0,20.0,1.0,6.0,2.0,-2.46,-0.007,-0.054,0.844,35.0,28.14,0.0,18.0,0.0,4.0,-11.57,-0.21,-1.02,-0.16,-16.23,16.96,4.12,173.0,TESTR,AKR-TESTR-<MAC6>,0.0,1.0,0.0,100.0
31720,1,walk,walk,6921,,6921.0,20.0,1.0,6.0,2.0,-2.41,-0.007,-0.028,0.863,35.0,28.14,0.0,18.0,0.0,4.0,-12.13,-0.22,-1.02,-0.16,-16.01,7.27,6.73,173.0,TESTR,AKR-TESTR-<MAC6>,0.0,1.0,0.0,100.0
31740,1,walk,walk,6922,,6922.0,20.0,1.0,6.0,2.0,-2.37,-0.008,0.014,0.886,35.0,28.11,0.0,18.0,0.0,4.0,-12.22,-0.22,-1.01,-0.17,-15.68,-1.48,9.3,173.0,TESTR,AKR-TESTR-<MAC6>,0.0,1.0,0.0,100.0
31780,1,walk,walk,6923,,6923.0,20.0,1.0,0.0,5.0,-2.36,-0.008,-0.057,0.886,35.0,28.14,0.0,18.0,0.0,4.0,-11.92,-0.21,-1.0,-0.17,-15.43,-8.31,11.83,173.0,TESTR,AKR-TESTR-<MAC6>,0.0,1.0,0.0,100.0
31780,1,walk,walk,6924,,6924.0,20.0,0.0,0.0,6.0,-2.38,-0.007,0.03,0.874,35.0,28.14,0.0,19.0,0.0,4.0,-11.35,-0.2,-1.0,-0.18,-15.39,-12.59,14.43,173.0,TESTR,AKR-TESTR-<MAC6>,0.0,1.0,0.0,100.0
31800,1,walk,walk,6925,,6925.0,20.0,0.0,0.0,6.0,-2.42,-0.042,-8.988,0.0,35.0,28.21,0.0,15.0,0.0,4.0,-10.68,-0.19,-1.0,-0.18,-15.58,-14.39,17.27,173.0,TESTR,AKR-TESTR-<MAC6>,0.0,1.0,0.0,100.0
31840,1,walk,walk,6926,,6926.0,20.0,0.0,0.0,6.0,-2.5,-0.069,-1.099,0.0,35.0,28.18,0.0,15.0,0.0,4.0,-10.01,-0.17,-0.99,-0.18,-15.95,-14.47,20.24,173.0,TESTR,AKR-TESTR-<MAC6>,0.0,1.0,0.0,100.0
31860,1,walk,walk,6927,,6927.0,20.0,0.0,0.0,6.0,-2.62,-0.073,0.143,0.0,35.0,28.14,0.0,15.0,0.0,4.0,-9.41,-0.16,-0.99,-0.19,-16.44,-13.79,23.01,173.0,TESTR,AKR-TESTR-<MAC6>,0.0,1.0,0.0,100.0
31880,1,walk,walk,6928,,6928.0,20.0,0.0,0.0,6.0,-2.77,-0.073,-0.022,0.0,35.0,28.14,0.0,15.0,0.0,4.0,-8.9,-0.15,-0.98,-0.19,-17.01,-13.15,25.32,173.0,TESTR,AKR-TESTR-<MAC6>,0.0,1.0,0.0,100.0
31900,1,walk,walk,6929,,6929.0,20.0,0.0,0.0,6.0,-2.96,-0.074,0.061,0.0,35.0,28.18,0.0,15.0,0.0,4.0,-8.43,-0.14,-0.98,-0.19,-17.61,-13.03,27.01,173.0,TESTR,AKR-TESTR-<MAC6>,0.0,1.0,0.0,100.0
31900,1,walk,walk,6930,,6930.0,20.0,0.0,0.0,6.0,-3.19,-0.074,-0.056,0.0,35.0,28.18,0.0,15.0,0.0,4.0,-7.97,-0.14,-0.97,-0.19,-18.21,-13.44,28.04,173.0,TESTR,AKR-TESTR-<MAC6>,0.0,1.0,0.0,100.0
31920,1,walk,walk,6931,,6931.0,20.0,0.0,0.0,6.0,-3.46,-0.076,-0.087,0.0,35.0,28.18,0.0,15.0,0.0,4.0,-7.48,-0.13,-0.97,-0.19,-18.79,-14.13,28.46,173.0,TESTR,AKR-TESTR-<MAC6>,0.0,1.0,0.0,100.0
31960,1,walk,walk,6932,,6932.0,20.0,0.0,0.0,7.0,-3.76,-0.078,-0.06,0.0,35.0,28.18,0.0,15.0,0.0,4.0,-6.94,-0.12,-0.97,-0.19,-19.35,-14.71,28.4,173.0,TESTR,AKR-TESTR-<MAC6>,0.0,1.0,0.0,100.0
31960,1,walk,walk,6933,,6933.0,20.0,0.0,0.0,7.0,-4.1,-0.079,-0.108,0.0,35.0,28.18,0.0,15.0,0.0,4.0,-6.37,-0.11,-0.96,-0.19,-19.87,-14.87,27.99,173.0,TESTR,AKR-TESTR-<MAC6>,0.0,1.0,0.0,100.0
31980,1,walk,walk,6934,,6934.0,20.0,0.0,0.0,7.0,-4.47,-0.081,-0.069,0.0,35.0,28.14,0.0,15.0,0.0,4.0,-5.82,-0.1,-0.96,-0.18,-20.33,-14.52,27.33,173.0,TESTR,AKR-TESTR-<MAC6>,0.0,1.0,0.0,100.0
32040,1,walk,walk,6935,,6935.0,20.0,0.0,0.0,7.0,-4.86,-0.082,-0.093,0.0,35.0,28.18,0.0,15.0,0.0,4.0,-5.3,-0.09,-0.95,-0.18,-20.68,-13.74,26.49,173.0,TESTR,AKR-TESTR-<MAC6>,0.0,1.0,0.0,100.0
32040,1,walk,walk,6936,,6936.0,20.0,0.0,0.0,7.0,-5.27,-0.087,-0.409,0.0,35.0,28.18,0.0,15.0,0.0,4.0,-4.86,-0.08,-0.95,-0.17,-20.91,-12.78,25.51,173.0,TESTR,AKR-TESTR-<MAC6>,0.0,1.0,0.0,100.0
32040,1,walk,walk,6937,,6937.0,20.0,0.0,0.0,7.0,-5.7,-0.094,-0.44,0.0,35.0,28.18,0.0,15.0,0.0,4.0,-4.47,-0.07,-0.95,-0.17,-20.97,-11.9,24.37,173.0,TESTR,AKR-TESTR-<MAC6>,0.0,1.0,0.0,100.0
32080,1,walk,walk,6938,,6938.0,20.0,0.0,0.0,7.0,-6.14,-0.101,-0.59,0.0,35.0,28.14,0.0,15.0,0.0,4.0,-4.12,-0.07,-0.95,-0.16,-20.89,-11.26,23.01,173.0,TESTR,AKR-TESTR-<MAC6>,0.0,1.0,0.0,100.0
32080,1,walk,walk,6939,,6939.0,20.0,0.0,0.0,7.0,-6.59,-0.108,-0.245,0.0,35.0,28.18,0.0,15.0,0.0,4.0,-3.77,-0.06,-0.95,-0.16,-20.66,-10.85,21.37,173.0,TESTR,AKR-TESTR-<MAC6>,0.0,1.0,0.0,100.0
32100,1,walk,walk,6940,,6940.0,20.0,0.0,0.0,7.0,-7.03,-0.109,-0.005,0.0,35.0,28.18,0.0,15.0,0.0,4.0,-3.4,-0.06,-0.94,-0.16,-20.34,-10.51,19.39,173.0,TESTR,AKR-TESTR-<MAC6>,0.0,1.0,0.0,100.0
32140,1,walk,walk,6941,,6941.0,20.0,0.0,0.0,7.0,-7.47,-0.11,-0.112,0.0,35.0,28.14,0.0,15.0,0.0,4.0,-3.03,-0.05,-0.94,-0.16,-19.94,-10.03,17.11,173.0,TESTR,AKR-TESTR-<MAC6>,0.0,1.0,0.0,100.0
32180,1,walk,walk,6942,,6942.0,20.0,0.0,0.0,7.0,-7.9,-0.115,-0.863,0.0,35.0,28.18,0.0,15.0,0.0,4.0,-2.86,-0.05,-0.95,-0.16,-19.26,-9.56,14.8,173.0,TESTR,AKR-TESTR-<MAC6>,0.0,1.0,0.0,100.0
32180,1,walk,walk,6943,,6943.0,20.0,0.0,0.0,7.0,-8.31,-0.146,-2.878,0.0,35.0,28.18,0.0,15.0,0.0,4.0,-3.07,-0.05,-0.95,-0.16,-18.18,-9.44,12.77,173.0,TESTR,AKR-TESTR-<MAC6>,0.0,1.0,0.0,100.0
32200,1,walk,walk,6944,,6944.0,20.0,0.0,0.0,7.0,-8.7,-0.191,-2.661,0.0,35.0,28.18,0.0,15.0,0.0,4.0,-3.61,-0.06,-0.96,-0.15,-16.77,-9.72,11.16,173.0,TESTR,AKR-TESTR-<MAC6>,0.0,1.0,0.0,100.0
32200,1,walk,walk,6945,,6945.0,20.0,0.0,0.0,7.0,-9.08,-0.221,-1.478,0.0,35.0,28.18,0.0,15.0,0.0,4.0,-4.35,-0.07,-0.97,-0.15,-15.14,-10.18,9.91,173.0,TESTR,AKR-TESTR-<MAC6>,0.0,1.0,0.0,100.0
32220,1,walk,walk,6946,,6946.0,20.0,0.0,0.0,7.0,-9.42,-0.234,-0.291,0.0,35.0,28.14,0.0,15.0,0.0,4.0,-5.13,-0.09,-0.98,-0.15,-13.39,-10.48,8.86,173.0,TESTR,AKR-TESTR-<MAC6>,0.0,1.0,0.0,100.0
32260,1,walk,walk,6947,,6947.0,20.0,0.0,0.0,7.0,-9.74,-0.234,-0.014,0.0,35.0,28.18,0.0,15.0,0.0,4.0,-5.89,-0.1,-0.99,-0.15,-11.52,-10.57,7.8,173.0,TESTR,AKR-TESTR-<MAC6>,0.0,1.0,0.0,100.0
32260,1,walk,walk,6948,,6948.0,20.0,0.0,0.0,7.0,-10.03,-0.234,0.08,0.0,35.0,28.18,0.0,15.0,0.0,4.0,-6.6,-0.12,-1.0,-0.14,-9.57,-10.46,6.56,173.0,TESTR,AKR-TESTR-<MAC6>,0.0,1.0,0.0,100.0
32280,1,walk,walk,6949,,6949.0,20.0,0.0,0.0,7.0,-10.29,-0.232,0.283,0.0,35.0,28.18,0.0,15.0,0.0,4.0,-7.21,-0.13,-1.01,-0.14,-7.64,-10.14,5.1,173.0,TESTR,AKR-TESTR-<MAC6>,0.0,1.0,0.0,100.0
32320,1,walk,walk,6950,,6950.0,20.0,0.0,0.0,7.0,-10.52,-0.229,0.216,0.0,35.0,28.14,0.0,15.0,0.0,4.0,-7.69,-0.14,-1.02,-0.14,-5.84,-9.64,3.5,173.0,TESTR,AKR-TESTR-<MAC6>,0.0,1.0,0.0,100.0
32340,1,walk,walk,6951,,6951.0,20.0,0.0,0.0,1.0,-10.73,-0.226,0.112,0.0,35.0,28.18,0.0,15.0,0.0,4.0,-8.06,-0.14,-1.02,-0.14,-4.25,-8.99,1.88,173.0,TESTR,AKR-TESTR-<MAC6>,0.0,1.0,0.0,100.0
32360,1,walk,walk,6952,,6952.0,20.0,0.0,0.0,1.0,-10.91,-0.224,0.011,0.0,35.0,28.18,0.0,15.0,0.0,4.0,-8.32,-0.15,-1.03,-0.14,-2.89,-8.25,0.42,173.0,TESTR,AKR-TESTR-<MAC6>,0.0,1.0,0.0,100.0
32380,1,walk,walk,6953,,6953.0,20.0,0.0,0.0,1.0,-11.07,-0.224,-0.066,0.0,35.0,28.18,0.0,15.0,0.0,4.0,-8.51,-0.15,-1.03,-0.14,-1.75,-7.48,-0.75,173.0,TESTR,AKR-TESTR-<MAC6>,0.0,1.0,0.0,100.0
32380,1,walk,walk,6954,,6954.0,20.0,0.0,0.0,1.0,-11.2,-0.224,0.001,0.0,35.0,28.18,0.0,15.0,0.0,4.0,-8.66,-0.16,-1.03,-0.14,-0.79,-6.75,-1.56,173.0,TESTR,AKR-TESTR-<MAC6>,0.0,1.0,0.0,100.0
32400,1,walk,walk,6955,,6955.0,20.0,0.0,0.0,1.0,-11.31,-0.224,0.091,0.0,35.0,28.18,0.0,15.0,0.0,4.0,-8.79,-0.16,-1.03,-0.14,0.03,-6.1,-1.97,173.0,TESTR,AKR-TESTR-<MAC6>,0.0,1.0,0.0,100.0
32460,1,walk,walk,6956,,6956.0,20.0,0.0,0.0,1.0,-11.39,-0.225,0.066,0.0,35.0,28.18,0.0,15.0,0.0,4.0,-8.93,-0.16,-1.02,-0.15,0.73,-5.55,-2.01,173.0,TESTR,AKR-TESTR-<MAC6>,0.0,1.0,0.0,100.0
32480,1,walk,walk,6957,,6957.0,20.0,0.0,0.0,1.0,-11.46,-0.224,-0.026,0.0,35.0,28.18,0.0,15.0,0.0,4.0,-9.11,-0.16,-1.02,-0.16,1.31,-5.09,-1.73,173.0,TESTR,AKR-TESTR-<MAC6>,0.0,1.0,0.0,100.0
32480,1,walk,walk,6958,,6958.0,20.0,0.0,0.0,1.0,-11.5,-0.224,0.037,0.0,35.0,28.18,0.0,15.0,0.0,4.0,-9.32,-0.17,-1.02,-0.16,1.79,-4.69,-1.24,173.0,TESTR,AKR-TESTR-<MAC6>,0.0,1.0,0.0,100.0
32500,1,walk,walk,6959,,6959.0,20.0,0.0,0.0,1.0,-11.53,-0.224,0.019,0.0,35.0,28.18,0.0,15.0,0.0,4.0,-9.57,-0.17,-1.01,-0.17,2.14,-4.31,-0.63,173.0,TESTR,AKR-TESTR-<MAC6>,0.0,1.0,0.0,100.0
32540,1,walk,walk,6960,,6960.0,20.0,0.0,0.0,1.0,-11.54,-0.221,0.374,0.0,35.0,28.18,0.0,15.0,0.0,4.0,-9.88,-0.18,-1.0,-0.17,2.32,-3.94,-0.07,173.0,TESTR,AKR-TESTR-<MAC6>,0.0,1.0,0.0,100.0
32540,1,walk,walk,6961,,6961.0,20.0,0.0,0.0,1.0,-11.54,-0.215,0.464,0.0,35.0,28.18,0.0,15.0,0.0,4.0,-10.23,-0.18,-1.0,-0.17,2.35,-3.57,0.28,173.0,TESTR,AKR-TESTR-<MAC6>,0.0,1.0,0.0,100.0
32560,1,walk,walk,6962,,6962.0,20.0,0.0,0.0,1.0,-11.53,-0.207,0.481,0.0,35.0,28.14,0.0,15.0,0.0,4.0,-10.6,-0.19,-0.99,-0.18,2.26,-3.22,0.29,173.0,TESTR,AKR-TESTR-<MAC6>,0.0,1.0,0.0,100.0
32560,1,walk,walk,6963,,6963.0,20.0,0.0,0.0,1.0,-11.51,-0.202,0.295,0.0,35.0,28.18,0.0,15.0,0.0,4.0,-10.95,-0.19,-0.99,-0.18,2.14,-2.89,-0.06,173.0,TESTR,AKR-TESTR-<MAC6>,0.0,1.0,0.0,100.0
32620,1,walk,walk,6964,,6964.0,20.0,0.0,0.0,1.0,-11.49,-0.196,0.528,0.0,35.0,28.18,0.0,15.0,0.0,4.0,-11.27,-0.2,-0.99,-0.18,2.07,-2.57,-0.75,173.0,TESTR,AKR-TESTR-<MAC6>,0.0,1.0,0.0,100.0
32620,1,walk,walk,6965,,6965.0,20.0,0.0,0.0,1.0,-11.46,-0.189,0.477,0.0,35.0,28.14,0.0,15.0,0.0,4.0,-11.54,-0.2,-0.98,-0.19,2.08,-2.28,-1.74,173.0,TESTR,AKR-TESTR-<MAC6>,0.0,1.0,0.0,100.0
32660,1,walk,walk,6966,,6966.0,20.0,0.0,0.0,1.0,-11.43,-0.181,0.523,0.0,35.0,28.18,0.0,15.0,0.0,4.0,-11.76,-0.2,-0.98,-0.19,2.21,-2.02,-2.98,174.0,TESTR,AKR-TESTR-<MAC6>,0.0,1.0,0.0,100.0
32660,1,walk,walk,6967,,6967.0,20.0,0.0,0.0,1.0,-11.4,-0.175,0.446,0.0,35.0,28.18,0.0,15.0,0.0,4.0,-11.92,-0.21,-0.98,-0.2,2.48,-1.77,-4.42,174.0,TESTR,AKR-TESTR-<MAC6>,0.0,1.0,0.0,100.0
32680,1,walk,walk,6968,,6968.0,20.0,0.0,0.0,1.0,-11.37,-0.165,0.699,0.0,35.0,28.14,0.0,15.0,0.0,4.0,-12.02,-0.21,-0.98,-0.2,2.91,-1.55,-6.05,174.0,TESTR,AKR-TESTR-<MAC6>,0.0,1.0,0.0,100.0
32680,1,walk,walk,6969,,6969.0,20.0,0.0,0.0,1.0,-11.34,-0.154,0.6,0.0,35.0,28.14,0.0,15.0,0.0,4.0,-12.05,-0.21,-0.97,-0.2,3.47,-1.35,-7.83,174.0,TESTR,AKR-TESTR-<MAC6>,0.0,1.0,0.0,100.0
32700,1,walk,walk,6970,,6970.0,20.0,0.0,0.0,1.0,-11.3,-0.146,0.688,0.0,35.0,28.18,0.0,15.0,0.0,4.0,-12.01,-0.21,-0.97,-0.2,4.14,-1.19,-9.71,174.0,TESTR,AKR-TESTR-<MAC6>,0.0,1.0,0.0,100.0
32740,1,walk,walk,6971,,6971.0,20.0,0.0,0.0,1.0,-11.26,-0.135,0.775,0.0,35.0,28.18,0.0,15.0,0.0,4.0,-11.91,-0.21,-0.97,-0.2,4.89,-1.08,-11.66,174.0,TESTR,AKR-TESTR-<MAC6>,0.0,1.0,0.0,100.0
32740,1,walk,walk,6972,,6972.0,20.0,0.0,0.0,1.0,-11.21,-0.125,0.593,0.0,35.0,28.14,0.0,15.0,0.0,4.0,-11.74,-0.2,-0.97,-0.2,5.67,-1.03,-13.65,174.0,TESTR,AKR-TESTR-<MAC6>,0.0,1.0,0.0,100.0
32780,1,walk,walk,6973,,6973.0,20.0,0.0,0.0,1.0,-11.15,-0.113,0.817,0.0,35.0,28.18,0.0,15.0,0.0,4.0,-11.51,-0.2,-0.97,-0.2,6.44,-1.01,-15.65,174.0,TESTR,AKR-TESTR-<MAC6>,0.0,1.0,0.0,100.0
32800,1,walk,walk,6974,,6974.0,20.0,0.0,0.0,1.0,-11.08,-0.101,0.747,0.0,35.0,28.18,0.0,15.0,0.0,4.0,-11.24,-0.19,-0.97,-0.2,7.19,-1.01,-17.66,174.0,TESTR,AKR-TESTR-<MAC6>,0.0,1.0,0.0,100.0
32820,1,walk,walk,6975,,6975.0,20.0,0.0,0.0,1.0,-10.99,-0.089,0.899,0.0,35.0,28.14,0.0,15.0,0.0,4.0,-10.93,-0.19,-0.97,-0.2,7.92,-1.02,-19.7,174.0,TESTR,AKR-TESTR-<MAC6>,0.0,1.0,0.0,100.0
32820,1,walk,walk,6976,,6976.0,20.0,0.0,0.0,1.0,-10.88,-0.076,0.719,0.0,35.0,28.18,0.0,15.0,0.0,4.0,-10.57,-0.18,-0.97,-0.2,8.66,-1.05,-21.76,174.0,TESTR,AKR-TESTR-<MAC6>,0.0,1.0,0.0,100.0
32860,1,walk,walk,6977,,6977.0,20.0,0.0,0.0,1.0,-10.76,-0.064,0.79,0.0,35.0,28.18,0.0,15.0,0.0,4.0,-10.18,-0.18,-0.98,-0.2,9.42,-1.08,-23.83,174.0,TESTR,AKR-TESTR-<MAC6>,0.0,1.0,0.0,100.0
32880,1,walk,walk,6978,,6978.0,20.0,0.0,6.0,2.0,-10.61,-0.052,0.9,0.0,35.0,28.14,0.0,15.0,0.0,4.0,-9.76,-0.17,-0.98,-0.19,10.22,-1.09,-25.92,174.0,TESTR,AKR-TESTR-<MAC6>,0.0,1.0,0.0,100.0
32880,1,walk,walk,6979,,6979.0,20.0,0.0,6.0,2.0,-10.44,-0.043,0.89,-0.109,35.0,28.14,0.0,18.0,0.0,4.0,-9.31,-0.16,-0.98,-0.19,11.06,-1.22,-28.05,174.0,TESTR,AKR-TESTR-<MAC6>,0.0,1.0,0.0,100.0
32920,1,walk,walk,6980,,6980.0,20.0,0.0,6.0,2.0,-10.24,-0.024,1.227,0.009,35.0,28.14,0.0,18.0,0.0,4.0,-8.84,-0.15,-0.98,-0.19,11.94,-1.45,-30.27,174.0,TESTR,AKR-TESTR-<MAC6>,0.0,1.0,0.0,100.0
32920,1,walk,walk,6981,,6981.0,20.0,0.0,6.0,2.0,-10.01,-0.012,0.688,0.004,35.0,28.14,0.0,18.0,0.0,4.0,-8.34,-0.14,-0.99,-0.19,12.83,-1.71,-32.57,174.0,TESTR,AKR-TESTR-<MAC6>,0.0,1.0,0.0,100.0
32940,1,walk,walk,6982,,6982.0,20.0,0.0,6.0,2.0,-9.75,-0.004,0.32,-0.282,35.0,28.14,0.0,18.0,0.0,4.0,-7.79,-0.14,-0.99,-0.18,13.63,-1.77,-34.78,174.0,TESTR,AKR-TESTR-<MAC6>,0.0,1.0,0.0,100.0
33000,1,walk,walk,6983,,6983.0,20.0,0.0,6.0,2.0,-9.46,-0.001,0.179,-0.314,35.0,28.14,0.0,18.0,0.0,4.0,-7.15,-0.12,-0.99,-0.18,14.19,-1.19,-36.71,174.0,TESTR,AKR-TESTR-<MAC6>,0.0,1.0,0.0,100.0
33000,1,walk,walk,6984,,6984.0,20.0,1.0,6.0,2.0,-9.14,0.0,0.045,-0.097,35.0,28.14,0.0,19.0,0.0,4.0,-6.44,-0.11,-1.0,-0.18,14.4,0.46,-38.18,174.0,TESTR,AKR-TESTR-<MAC6>,0.0,1.0,0.0,100.0
33000,1,walk,walk,6985,,6985.0,20.0,1.0,6.0,2.0,-8.77,-0.001,-0.007,0.036,35.0,28.14,0.0,19.0,0.0,4.0,-5.64,-0.1,-1.0,-0.19,14.16,3.58,-39.02,174.0,TESTR,AKR-TESTR-<MAC6>,0.0,1.0,0.0,100.0
33040,1,walk,walk,6986,,6986.0,20.0,1.0,6.0,2.0,-8.38,-0.001,-0.061,0.215,35.0,28.14,0.0,19.0,0.0,4.0,-4.81,-0.08,-1.0,-0.19,13.32,8.61,-39.1,174.0,TESTR,AKR-TESTR-<MAC6>,0.0,1.0,0.0,100.0
33040,1,walk,walk,6987,,6987.0,20.0,0.0,6.0,2.0,-7.95,-0.002,-0.048,0.465,35.0,28.14,0.0,18.0,0.0,4.0,-4.1,-0.07,-1.0,-0.2,11.77,15.9,-38.12,174.0,TESTR,AKR-TESTR-<MAC6>,0.0,1.0,0.0,100.0
33060,1,walk,walk,6988,,6988.0,20.0,1.0,6.0,2.0,-7.48,-0.003,-0.049,0.338,35.0,28.14,0.0,19.0,0.0,4.0,-3.77,-0.07,-1.0,-0.21,9.44,25.22,-35.73,174.0,TESTR,AKR-TESTR-<MAC6>,0.0,1.0,0.0,100.0
33100,1,walk,walk,6989,,6989.0,20.0,1.0,6.0,2.0,-6.99,-0.003,0.135,0.286,35.0,28.14,0.0,19.0,0.0,4.0,-4.05,-0.07,-1.0,-0.22,6.4,35.57,-31.77,174.0,TESTR,AKR-TESTR-<MAC6>,0.0,1.0,0.0,100.0
33140,1,walk,walk,6990,,6990.0,20.0,1.0,6.0,2.0,-6.47,-0.003,0.058,0.301,35.0,28.14,0.0,19.0,0.0,4.0,-5.06,-0.09,-1.0,-0.22,2.98,45.42,-26.39,174.0,TESTR,AKR-TESTR-<MAC6>,0.0,1.0,0.0,100.0
33140,1,walk,walk,6991,,6991.0,20.0,1.0,6.0,2.0,-5.93,-0.003,0.052,0.328,35.0,28.14,0.0,19.0,0.0,4.0,-6.72,-0.12,-1.0,-0.22,-0.43,53.17,-19.98,174.0,TESTR,AKR-TESTR-<MAC6>,0.0,1.0,0.0,100.0
33160,1,walk,walk,6992,,6992.0,20.0,1.0,1.0,5.0,-5.38,-0.003,0.002,0.326,35.0,28.14,0.0,19.0,0.0,5.0,-8.81,-0.16,-1.0,-0.22,-3.47,57.61,-12.99,174.0,TESTR,AKR-TESTR-<MAC6>,0.0,1.0,0.0,100.0
33160,1,walk,walk,6993,,6993.0,20.0,0.0,1.0,5.0,-4.83,-0.004,-0.025,0.398,35.0,28.07,0.0,19.0,0.0,5.0,-11.02,-0.2,-1.01,-0.22,-5.86,58.1,-6.14,174.0,TESTR,AKR-TESTR-<MAC6>,0.0,1.0,0.0,100.0
33180,1,walk,walk,6994,,6994.0,20.0,0.0,1.0,5.0,-4.3,0.033,3.352,1.744,35.0,28.0,0.0,19.0,0.0,5.0,-13.03,-0.23,-1.01,-0.21,-7.45,54.79,-0.03,174.0,TESTR,AKR-TESTR-<MAC6>,0.0,1.0,0.0,100.0
33220,1,walk,walk,6995,,6995.0,20.0,0.0,1.0,6.0,-3.8,0.079,2.845,2.289,35.0,27.93,0.0,19.0,0.0,5.0,-14.6,-0.26,-1.01,-0.21,-8.27,48.67,5.06,174.0,TESTR,AKR-TESTR-<MAC6>,0.0,1.0,0.0,100.0
33220,1,walk,walk,6996,,6996.0,20.0,0.0,1.0,6.0,-3.34,0.117,2.325,2.874,35.0,27.9,0.0,19.0,0.0,5.0,-15.58,-0.28,-1.01,-0.2,-8.5,41.16,9.1,174.0,TESTR,AKR-TESTR-<MAC6>,0.0,1.0,0.0,100.0
33240,1,walk,walk,6997,,6997.0,20.0,0.0,1.0,6.0,-2.93,0.149,1.96,3.099,35.0,27.86,0.0,19.0,0.0,5.0,-15.93,-0.29,-1.01,-0.19,-8.34,33.76,12.24,174.0,TESTR,AKR-TESTR-<MAC6>,0.0,1.0,0.0,100.0
33280,1,walk,walk,6998,,6998.0,20.0,0.0,1.0,6.0,-2.58,0.175,1.629,3.566,35.0,27.83,0.0,19.0,0.0,5.0,-15.71,-0.28,-1.01,-0.18,-8.04,27.54,14.68,174.0,TESTR,AKR-TESTR-<MAC6>,0.0,1.0,0.0,100.0
33300,1,walk,walk,6999,,6999.0,20.0,0.0,1.0,6.0,-2.31,0.196,1.327,3.645,35.0,27.83,0.0,19.0,0.0,5.0,-15.02,-0.27,-1.01,-0.18,-7.78,22.98,16.61,174.0,TESTR,AKR-TESTR-<MAC6>,0.0,1.0,0.0,100.0
33320,1,walk,walk,7000,,7000.0,20.0,0.0,1.0,6.0,-2.12,0.213,1.066,4.037,35.0,27.79,0.0,19.0,0.0,5.0,-14.01,-0.25,-1.02,-0.18,-7.66,19.96,18.16,174.0,TESTR,AKR-TESTR-<MAC6>,0.0,1.0,0.0,100.0
33340,1,walk,walk,7001,,7001.0,20.0,0.0,1.0,6.0,-2.0,0.227,0.848,4.411,35.0,27.76,0.0,19.0,0.0,5.0,-12.81,-0.23,-1.02,-0.18,-7.69,17.93,19.4,174.0,TESTR,AKR-TESTR-<MAC6>,0.0,1.0,0.0,100.0
33340,1,walk,walk,7002,,7002.0,20.0,0.0,1.0,6.0,-1.96,0.237,0.543,4.535,35.0,27.72,0.0,19.0,0.0,5.0,-11.51,-0.21,-1.02,-0.18,-7.81,16.25,20.35,174.0,TESTR,AKR-TESTR-<MAC6>,0.0,1.0,0.0,100.0
33360,1,walk,walk,7003,,7003.0,20.0,0.0,1.0,6.0,-1.99,0.246,0.523,4.736,35.0,27.72,0.0,19.0,0.0,5.0,-10.17,-0.18,-1.01,-0.18,-7.95,14.42,21.05,174.0,TESTR,AKR-TESTR-<MAC6>,0.0,1.0,0.0,100.0
33400,1,walk,walk,7004,,7004.0,20.0,0.0,1.0,6.0,-2.09,0.252,0.348,5.046,34.0,27.69,0.0,19.0,0.0,5.0,-8.77,-0.16,-1.01,-0.18,-8.07,12.24,21.58,174.0,TESTR,AKR-TESTR-<MAC6>,0.0,1.0,0.0,100.0
33420,1,walk,walk,7005,,7005.0,20.0,0.0,1.0,6.0,-2.25,0.257,0.395,5.044,35.0,27.69,0.0,19.0,0.0,5.0,-7.28,-0.13,-1.0,-0.18,-8.18,9.81,21.96,174.0,TESTR,AKR-TESTR-<MAC6>,0.0,1.0,0.0,100.0
33420,1,walk,walk,7006,,7006.0,20.0,0.0,1.0,6.0,-2.47,0.26,0.189,5.196,34.0,27.65,0.0,19.0,0.0,5.0,-5.64,-0.1,-0.99,-0.18,-8.3,7.41,22.16,174.0,TESTR,AKR-TESTR-<MAC6>,0.0,1.0,0.0,100.0
33460,1,walk,walk,7007,,7007.0,20.0,0.0,3.0,7.0,-2.73,0.264,0.295,5.206,34.0,27.65,0.0,19.0,0.0,5.0,-3.84,-0.07,-0.99,-0.18,-8.49,5.39,22.09,174.0,TESTR,AKR-TESTR-<MAC6>,0.0,1.0,0.0,100.0
33500,1,walk,walk,7008,,7008.0,20.0,0.0,3.0,7.0,-3.03,0.266,0.173,5.351,34.0,27.65,0.0,19.0,0.0,5.0,-1.89,-0.03,-0.98,-0.18,-8.81,3.98,21.68,174.0,TESTR,AKR-TESTR-<MAC6>,0.0,1.0,0.0,100.0
33500,1,walk,walk,7009,,7009.0,20.0,0.0,3.0,7.0,-3.37,0.267,0.022,5.461,34.0,27.65,0.0,19.0,0.0,5.0,0.12,0.0,-0.97,-0.19,-9.31,3.28,20.84,174.0,TESTR,AKR-TESTR-<MAC6>,0.0,1.0,0.0,100.0
33520,1,walk,walk,7010,,7010.0,20.0,0.0,3.0,7.0,-3.72,0.268,0.036,5.508,34.0,27.65,0.0,19.0,0.0,5.0,2.09,0.03,-0.96,-0.19,-9.95,3.18,19.56,174.0,TESTR,AKR-TESTR-<MAC6>,0.0,1.0,0.0,100.0
33520,1,walk,walk,7011,,7011.0,20.0,1.0,3.0,7.0,-4.08,0.268,-0.058,5.398,34.0,27.69,0.0,20.0,0.0,5.0,3.89,0.06,-0.95,-0.19,-10.7,3.46,17.9,174.0,TESTR,AKR-TESTR-<MAC6>,0.0,1.0,0.0,100.0
33540,1,walk,walk,7012,,7012.0,20.0,0.0,3.0,7.0,-4.45,0.266,-0.126,5.286,34.0,27.69,0.0,19.0,0.0,5.0,5.4,0.09,-0.94,-0.19,-11.23,3.49,15.92,174.0,TESTR,AKR-TESTR-<MAC6>,0.0,1.0,0.0,100.0
33580,1,walk,walk,7013,,7013.0,20.0,0.0,3.0,7.0,-4.81,0.261,-0.578,5.416,34.0,27.69,0.0,19.0,0.0,5.0,6.42,0.11,-0.94,-0.19,-11.23,2.57,13.66,174.0,TESTR,AKR-TESTR-<MAC6>,0.0,1.0,0.0,100.0
33580,1,walk,walk,7014,,7014.0,20.0,0.0,3.0,7.0,-5.15,0.247,-1.162,6.009,35.0,27.65,0.0,19.0,0.0,5.0,6.87,0.11,-0.94,-0.19,-10.64,0.32,11.28,174.0,TESTR,AKR-TESTR-<MAC6>,0.0,1.0,0.0,100.0
33600,1,walk,walk,7015,,7015.0,20.0,0.0,3.0,7.0,-5.48,0.225,-1.693,6.321,35.0,27.69,0.0,19.0,0.0,5.0,6.82,0.11,-0.95,-0.18,-9.53,-3.09,9.05,174.0,TESTR,AKR-TESTR-<MAC6>,0.0,1.0,0.0,100.0
33660,1,walk,walk,7016,,7016.0,20.0,0.0,3.0,7.0,-5.78,0.191,-2.6,6.33,35.0,27.72,0.0,19.0,0.0,5.0,6.4,0.11,-0.96,-0.17,-8.0,-7.33,7.2,175.0,TESTR,AKR-TESTR-<MAC6>,0.0,1.0,0.0,100.0
33660,1,walk,walk,7017,,7017.0,20.0,1.0,3.0,7.0,-6.05,0.148,-2.935,5.575,35.0,27.86,0.0,20.0,0.0,5.0,5.81,0.1,-0.98,-0.16,-6.22,-11.62,5.92,175.0,TESTR,AKR-TESTR-<MAC6>,0.0,1.0,0.0,100.0
33660,1,walk,walk,7018,,7018.0,20.0,1.0,3.0,7.0,-6.28,0.107,-2.717,4.217,35.0,28.0,0.0,20.0,0.0,5.0,5.17,0.09,-0.99,-0.15,-4.43,-15.15,5.44,175.0,TESTR,AKR-TESTR-<MAC6>,0.0,1.0,0.0,100.0
33700,1,walk,walk,7019,,7019.0,20.0,0.0,3.0,7.0,-6.48,0.066,-2.748,3.324,35.0,28.07,0.0,19.0,0.0,5.0,4.5,0.08,-1.0,-0.13,-2.86,-17.48,5.86,175.0,TESTR,AKR-TESTR-<MAC6>,0.0,1.0,0.0,100.0
33700,1,walk,walk,7020,,7020.0,20.0,0.0,3.0,7.0,-6.65,0.029,-2.211,2.469,35.0,28.11,0.0,19.0,0.0,5.0,3.86,0.07,-1.01,-0.12,-1.67,-18.47,7.09,175.0,TESTR,AKR-TESTR-<MAC6>,0.0,1.0,0.0,100.0
33720,1,walk,walk,7021,,7021.0,20.0,0.0,3.0,7.0,-6.78,0.002,-1.486,1.983,35.0,28.11,0.0,19.0,0.0,5.0,3.23,0.06,-1.02,-0.11,-0.92,-18.15,8.92,175.0,TESTR,AKR-TESTR-<MAC6>,0.0,1.0,0.0,100.0
33760,1,walk,walk,7022,,7022.0,20.0,0.0,3.0,7.0,-6.88,-0.014,-1.005,1.698,35.0,28.11,0.0,19.0,0.0,5.0,2.61,0.05,-1.02,-0.1,-0.59,-16.77,11.05,175.0,TESTR,AKR-TESTR-<MAC6>,0.0,1.0,0.0,100.0
33800,1,walk,walk,7023,,7023.0,20.0,1.0,3.0,7.0,-6.95,-0.026,-0.656,1.594,35.0,28.11,0.0,20.0,0.0,5.0,1.97,0.04,-1.03,-0.1,-0.59,-14.62,13.23,175.0,TESTR,AKR-TESTR-<MAC6>,0.0,1.0,0.0,100.0
33840,1,walk,walk,7024,,7024.0,20.0,0.0,3.0,7.0,-7.0,-0.036,-0.7,1.847,35.0,28.11,0.0,19.0,0.0,5.0,1.26,0.02,-1.03,-0.1,-0.81,-11.99,15.24,175.0,TESTR,AKR-TESTR-<MAC6>,0.0,1.0,0.0,100.0
33840,1,walk,walk,7025,,7025.0,20.0,0.0,3.0,7.0,-7.04,-0.048,-0.821,2.062,35.0,28.11,0.0,19.0,0.0,5.0,0.47,0.01,-1.03,-0.1,-1.15,-9.17,16.97,175.0,TESTR,AKR-TESTR-<MAC6>,0.0,1.0,0.0,100.0
33840,1,walk,walk,7026,,7026.0,20.0,0.0,3.0,7.0,-7.07,-0.06,-0.859,1.922,35.0,28.11,0.0,19.0,0.0,5.0,-0.39,-0.01,-1.02,-0.11,-1.5,-6.33,18.36,175.0,TESTR,AKR-TESTR-<MAC6>,0.0,1.0,0.0,100.0
33860,1,walk,walk,7027,,7027.0,20.0,0.0,3.0,7.0,-7.1,-0.073,-0.93,2.02,35.0,28.07,0.0,19.0,0.0,5.0,-1.31,-0.02,-1.02,-0.12,-1.79,-3.5,19.4,175.0,TESTR,AKR-TESTR-<MAC6>,0.0,1.0,0.0,100.0
33880,1,walk,walk,7028,,7028.0,20.0,0.0,3.0,7.0,-7.14,-0.089,-1.207,2.417,35.0,28.07,0.0,19.0,0.0,5.0,-2.28,-0.04,-1.01,-0.13,-1.98,-0.62,20.18,175.0,TESTR,AKR-TESTR-<MAC6>,0.0,1.0,0.0,100.0
33880,1,walk,walk,7029,,7029.0,20.0,0.0,3.0,7.0,-7.18,-0.112,-1.603,2.483,35.0,28.07,0.0,19.0,0.0,5.0,-3.37,-0.06,-1.01,-0.14,-2.04,2.34,20.77,175.0,TESTR,AKR-TESTR-<MAC6>,0.0,1.0,0.0,100.0
33920,1,walk,walk,7030,,7030.0,20.0,0.0,3.0,7.0,-7.24,-0.144,-2.536,3.105,35.0,28.11,0.0,19.0,0.0,5.0,-4.59,-0.08,-1.0,-0.16,-1.98,5.03,21.27,175.0,TESTR,AKR-TESTR-<MAC6>,0.0,1.0,0.0,100.0
33940,1,walk,walk,7031,,7031.0,20.0,0.0,3.0,7.0,-7.32,-0.178,-1.824,2.627,35.0,28.07,0.0,19.0,0.0,5.0,-5.83,-0.1,-0.99,-0.17,-1.76,7.14,21.67,175.0,TESTR,AKR-TESTR-<MAC6>,0.0,1.0,0.0,100.0
33940,1,walk,walk,7032,,7032.0,20.0,0.0,3.0,7.0,-7.42,-0.199,-1.09,2.23,35.0,28.11,0.0,19.0,0.0,5.0,-6.97,-0.12,-0.99,-0.19,-1.4,8.58,21.91,175.0,TESTR,AKR-TESTR-<MAC6>,0.0,1.0,0.0,100.0
33960,1,walk,walk,7033,,7033.0,20.0,0.0,3.0,7.0,-7.54,-0.208,-0.234,1.875,35.0,28.07,0.0,19.0,0.0,5.0,-7.92,-0.14,-0.99,-0.2,-1.01,9.37,21.84,175.0,TESTR,AKR-TESTR-<MAC6>,0.0,1.0,0.0,100.0
34020,1,walk,walk,7034,,7034.0,20.0,0.0,3.0,7.0,-7.69,-0.208,0.16,1.843,35.0,28.07,0.0,19.0,0.0,5.0,-8.67,-0.15,-0.98,-0.2,-0.71,9.63,21.33,175.0,TESTR,AKR-TESTR-<MAC6>,0.0,1.0,0.0,100.0
34020,1,walk,walk,7035,,7035.0,20.0,0.0,3.0,7.0,-7.86,-0.204,0.327,1.883,35.0,28.07,0.0,19.0,0.0,5.0,-9.25,-0.16,-0.98,-0.2,-0.56,9.5,20.28,175.0,TESTR,AKR-TESTR-<MAC6>,0.0,1.0,0.0,100.0
34020,1,walk,walk,7036,,7036.0,20.0,0.0,3.0,7.0,-8.05,-0.197,0.516,1.957,35.0,28.07,0.0,19.0,0.0,5.0,-9.71,-0.17,-0.98,-0.21,-0.49,9.1,18.6,175.0,TESTR,AKR-TESTR-<MAC6>,0.0,1.0,0.0,100.0
34060,1,walk,walk,7037,,7037.0,20.0,0.0,3.0,7.0,-8.27,-0.189,0.549,1.954,35.0,28.07,0.0,19.0,0.0,5.0,-10.11,-0.18,-0.98,-0.21,-0.38,8.54,16.26,175.0,TESTR,AKR-TESTR-<MAC6>,0.0,1.0,0.0,100.0
34060,1,walk,walk,7038,,7038.0,20.0,0.0,3.0,7.0,-8.5,-0.18,0.632,1.965,35.0,28.07,0.0,19.0,0.0,5.0,-10.46,-0.18,-0.98,-0.21,-0.11,7.83,13.3,175.0,TESTR,AKR-TESTR-<MAC6>,0.0,1.0,0.0,100.0
34080,1,walk,walk,7039,,7039.0,20.0,0.0,3.0,7.0,-8.76,-0.171,0.677,1.853,35.0,28.07,0.0,19.0,0.0,5.0,-10.76,-0.19,-0.98,-0.21,0.36,7.0,9.83,175.0,TESTR,AKR-TESTR-<MAC6>,0.0,1.0,0.0,100.0
34120,1,walk,walk,7040,,7040.0,20.0,0.0,3.0,7.0,-9.02,-0.16,0.984,1.639,35.0,28.07,0.0,19.0,0.0,5.0,-10.99,-0.19,-0.98,-0.21,1.0,6.1,5.96,175.0,TESTR,AKR-TESTR-<MAC6>,0.0,1.0,0.0,100.0
34120,1,walk,walk,7041,,7041.0,20.0,0.0,0.0,1.0,-9.29,-0.147,0.8,1.838,35.0,28.07,0.0,19.0,0.0,5.0,-11.14,-0.19,-0.98,-0.22,1.75,5.17,1.86,175.0,TESTR,AKR-TESTR-<MAC6>,0.0,1.0,0.0,100.0
34160,1,walk,walk,7042,,7042.0,20.0,0.0,0.0,1.0,-9.55,-0.136,0.771,1.798,35.0,28.07,0.0,19.0,0.0,5.0,-11.18,-0.19,-0.98,-0.22,2.6,4.45,-2.01,175.0,TESTR,AKR-TESTR-<MAC6>,0.0,1.0,0.0,100.0
34180,1,walk,walk,7043,,7043.0,20.0,0.0,0.0,1.0,-9.81,-0.156,-1.985,0.0,35.0,28.18,0.0,14.0,0.0,5.0,-11.13,-0.19,-0.98,-0.22,3.56,3.99,-5.41,175.0,TESTR,AKR-TESTR-<MAC6>,0.0,1.0,0.0,100.0
34180,1,walk,walk,7044,,7044.0,20.0,0.0,0.0,1.0,-10.06,-0.154,0.041,0.0,35.0,28.18,0.0,14.0,0.0,5.0,-11.0,-0.19,-0.98,-0.22,4.62,3.68,-8.24,175.0,TESTR,AKR-TESTR-<MAC6>,0.0,1.0,0.0,100.0
34200,1,walk,walk,7045,,7045.0,20.0,0.0,0.0,1.0,-10.28,-0.152,0.226,0.0,35.0,28.18,0.0,14.0,0.0,5.0,-10.82,-0.19,-0.98,-0.22,5.78,3.43,-10.51,175.0,TESTR,AKR-TESTR-<MAC6>,0.0,1.0,0.0,100.0
34240,1,walk,walk,7046,,7046.0,20.0,0.0,0.0,1.0,-10.48,-0.151,-0.011,0.0,35.0,28.14,0.0,14.0,0.0,5.0,-10.59,-0.18,-0.98,-0.22,7.05,3.18,-12.23,175.0,TESTR,AKR-TESTR-<MAC6>,0.0,1.0,0.0,100.0
34240,1,walk,walk,7047,,7047.0,20.0,0.0,0.0,1.0,-10.64,-0.151,-0.06,0.0,35.0,28.18,0.0,14.0,0.0,5.0,-10.32,-0.18,-0.98,-0.22,8.43,2.88,-13.44,175.0,TESTR,AKR-TESTR-<MAC6>,0.0,1.0,0.0,100.0
34260,1,walk,walk,7048,,7048.0,20.0,0.0,0.0,1.0,-10.77,-0.151,-0.03,0.0,35.0,28.14,0.0,14.0,0.0,5.0,-10.04,-0.17,-0.99,-0.22,9.89,2.53,-14.21,175.0,TESTR,AKR-TESTR-<MAC6>,0.0,1.0,0.0,100.0
34300,1,walk,walk,7049,,7049.0,20.0,0.0,0.0,1.0,-10.87,-0.151,-0.019,0.0,35.0,28.14,0.0,14.0,0.0,5.0,-9.73,-0.17,-0.98,-0.22,11.36,2.14,-14.58,175.0,TESTR,AKR-TESTR-<MAC6>,0.0,1.0,0.0,100.0
34320,1,walk,walk,7050,,7050.0,20.0,0.0,0.0,1.0,-10.92,-0.151,0.013,0.0,35.0,28.18,0.0,14.0,0.0,5.0,-9.41,-0.16,-0.98,-0.21,12.77,1.71,-14.6,175.0,TESTR,AKR-TESTR-<MAC6>,0.0,1.0,0.0,100.0
34340,1,walk,walk,7051,,7051.0,20.0,0.0,0.0,1.0,-10.94,-0.152,-0.107,0.0,35.0,28.18,0.0,14.0,0.0,5.0,-9.07,-0.16,-0.98,-0.21,14.06,1.27,-14.31,175.0,TESTR,AKR-TESTR-<MAC6>,0.0,1.0,0.0,100.0
34360,1,walk,walk,7052,,7052.0,20.0,0.0,0.0,1.0,-10.92,-0.152,-0.013,0.0,35.0,28.18,0.0,14.0,0.0,5.0,-8.73,-0.15,-0.98,-0.2,15.17,0.85,-13.74,175.0,TESTR,AKR-TESTR-<MAC6>,0.0,1.0,0.0,100.0
34400,1,walk,walk,7053,,7053.0,20.0,0.0,0.0,1.0,-10.87,-0.154,-0.058,0.0,35.0,28.18,0.0,14.0,0.0,5.0,-8.4,-0.15,-0.98,-0.2,16.07,0.48,-12.95,175.0,TESTR,AKR-TESTR-<MAC6>,0.0,1.0,0.0,100.0
34400,1,walk,walk,7054,,7054.0,20.0,0.0,0.0,1.0,-10.78,-0.155,-0.048,0.0,35.0,28.18,0.0,14.0,0.0,5.0,-8.12,-0.14,-0.99,-0.19,16.72,0.2,-12.04,175.0,TESTR,AKR-TESTR-<MAC6>,0.0,1.0,0.0,100.0
34420,1,walk,walk,7055,,7055.0,20.0,0.0,0.0,1.0,-10.67,-0.154,-0.013,0.0,35.0,28.18,0.0,14.0,0.0,5.0,-7.89,-0.14,-0.99,-0.18,17.15,0.04,-11.16,175.0,TESTR,AKR-TESTR-<MAC6>,0.0,1.0,0.0,100.0
34420,1,walk,walk,7056,,7056.0,20.0,0.0,0.0,1.0,-10.53,-0.154,-0.013,0.0,35.0,28.18,0.0,14.0,0.0,5.0,-7.71,-0.13,-0.99,-0.17,17.31,0.1,-10.42,175.0,TESTR,AKR-TESTR-<MAC6>,0.0,1.0,0.0,100.0
34440,1,walk,walk,7057,,7057.0,20.0,0.0,0.0,1.0,-10.37,-0.153,0.128,0.0,35.0,28.14,0.0,14.0,0.0,5.0,-7.59,-0.13,-0.99,-0.17,17.12,0.71,-9.82,175.0,TESTR,AKR-TESTR-<MAC6>,0.0,1.0,0.0,100.0
34500,1,walk,walk,7058,,7058.0,20.0,0.0,0.0,1.0,-10.19,-0.149,0.34,0.0,35.0,28.14,0.0,14.0,0.0,5.0,-7.54,-0.13,-0.99,-0.16,16.35,2.32,-9.24,175.0,TESTR,AKR-TESTR-<MAC6>,0.0,1.0,0.0,100.0
34500,1,walk,walk,7059,,7059.0,20.0,0.0,0.0,1.0,-10.0,-0.14,0.732,0.0,35.0,28.18,0.0,14.0,0.0,5.0,-7.63,-0.13,-0.99,-0.16,14.83,5.12,-8.5,175.0,TESTR,AKR-TESTR-<MAC6>,0.0,1.0,0.0,100.0
34500,1,walk,walk,7060,,7060.0,20.0,0.0,0.0,1.0,-9.8,-0.128,0.694,0.0,35.0,28.18,0.0,14.0,0.0,5.0,-7.94,-0.14,-0.99,-0.16,12.56,8.92,-7.49,175.0,TESTR,AKR-TESTR-<MAC6>,0.0,1.0,0.0,100.0
34540,1,walk,walk,7061,,7061.0,20.0,0.0,0.0,1.0,-9.6,-0.123,0.099,0.0,35.0,28.18,0.0,14.0,0.0,5.0,-8.54,-0.15,-0.99,-0.17,9.81,13.1,-6.17,175.0,TESTR,AKR-TESTR-<MAC6>,0.0,1.0,0.0,100.0
34540,1,walk,walk,7062,,7062.0,20.0,0.0,0.0,1.0,-9.4,-0.12,0.354,0.0,35.0,28.18,0.0,14.0,0.0,5.0,-9.43,-0.17,-1.0,-0.18,6.87,16.85,-4.64,175.0,TESTR,AKR-TESTR-<MAC6>,0.0,1.0,0.0,100.0
34560,1,walk,walk,7063,,7063.0,20.0,0.0,0.0,1.0,-9.19,-0.112,0.653,0.0,35.0,28.18,0.0,14.0,0.0,5.0,-10.56,-0.19,-1.01,-0.19,4.03,19.44,-3.06,175.0,TESTR,AKR-TESTR-<MAC6>,0.0,1.0,0.0,100.0
34600,1,walk,walk,7064,,7064.0,20.0,0.0,0.0,1.0,-9.0,-0.102,0.506,0.0,35.0,28.18,0.0,14.0,0.0,5.0,-11.85,-0.21,-1.01,-0.19,1.48,20.42,-1.48,175.0,TESTR,AKR-TESTR-<MAC6>,0.0,1.0,0.0,100.0
34600,1,walk,walk,7065,,7065.0,20.0,0.0,0.0,1.0,-8.81,-0.099,0.186,0.0,35.0,28.18,0.0,14.0,0.0,5.0,-13.2,-0.24,-1.02,-0.2,-0.63,19.62,0.12,175.0,TESTR,AKR-TESTR-<MAC6>,0.0,1.0,0.0,100.0
34640,1,walk,walk,7066,,7066.0,20.0,1.0,0.0,1.0,-8.64,-0.097,0.163,0.0,35.0,28.18,0.0,15.0,0.0,5.0,-14.5,-0.26,-1.02,-0.2,-2.17,17.16,1.75,176.0,TESTR,AKR-TESTR-<MAC6>,0.0,1.0,0.0,100.0
34660,1,walk,walk,7067,,7067.0,20.0,1.0,0.0,1.0,-8.49,-0.091,0.434,0.0,35.0,28.18,0.0,15.0,0.0,5.0,-15.66,-0.29,-1.02,-0.19,-3.07,13.36,3.45,176.0,TESTR,AKR-TESTR-<MAC6>,0.0,1.0,0.0,100.0
34660,1,walk,walk,7068,,7068.0,20.0,1.0,0.0,1.0,-8.36,-0.084,0.531,0.0,35.0,28.18,0.0,15.0,0.0,5.0,-16.61,-0.3,-1.02,-0.18,-3.32,8.67,5.22,176.0,TESTR,AKR-TESTR-<MAC6>,0.0,1.0,0.0,100.0
34680,1,walk,walk,7069,,7069.0,20.0,1.0,0.0,1.0,-8.26,-0.078,0.312,0.0,35.0,28.18,0.0,15.0,0.0,5.0,-17.3,-0.32,-1.02,-0.18,-3.01,3.6,7.08,176.0,TESTR,AKR-TESTR-<MAC6>,0.0,1.0,0.0,100.0
34720,1,walk,walk,7070,,7070.0,20.0,1.0,0.0,1.0,-8.19,-0.075,0.187,0.0,35.0,28.18,0.0,15.0,0.0,5.0,-17.71,-0.32,-1.01,-0.17,-2.33,-1.38,8.99,176.0,TESTR,AKR-TESTR-<MAC6>,0.0,1.0,0.0,100.0
34720,1,walk,walk,7071,,7071.0,20.0,1.0,0.0,1.0,-8.16,-0.074,0.068,0.0,35.0,28.18,0.0,15.0,0.0,5.0,-17.82,-0.32,-1.01,-0.17,-1.49,-5.88,10.92,176.0,TESTR,AKR-TESTR-<MAC6>,0.0,1.0,0.0,100.0
34740,1,walk,walk,7072,,7072.0,20.0,1.0,0.0,1.0,-8.16,-0.072,-0.057,0.0,35.0,28.18,0.0,15.0,0.0,5.0,-17.67,-0.32,-1.0,-0.17,-0.71,-9.69,12.86,176.0,TESTR,AKR-TESTR-<MAC6>,0.0,1.0,0.0,100.0
34780,1,walk,walk,7073,,7073.0,20.0,2.0,0.0,1.0,-8.19,-0.073,0.04,0.0,35.0,28.18,0.0,16.0,0.0,5.0,-17.25,-0.31,-0.99,-0.17,-0.13,-12.69,14.82,176.0,TESTR,AKR-TESTR-<MAC6>,0.0,1.0,0.0,100.0
34800,1,walk,walk,7074,,7074.0,20.0,1.0,0.0,1.0,-8.27,-0.073,-0.08,0.0,35.0,28.18,0.0,15.0,0.0,5.0,-16.59,-0.29,-0.98,-0.17,0.16,-14.85,16.81,176.0,TESTR,AKR-TESTR-<MAC6>,0.0,1.0,0.0,100.0
34820,1,walk,walk,7075,,7075.0,20.0,1.0,0.0,1.0,-8.38,-0.073,-0.022,0.0,35.0,28.14,0.0,15.0,0.0,5.0,-15.69,-0.27,-0.97,-0.18,0.12,-16.2,18.79,176.0,TESTR,AKR-TESTR-<MAC6>,0.0,1.0,0.0,100.0
34840,1,walk,walk,7076,,7076.0,20.0,1.0,0.0,1.0,-8.53,-0.073,0.013,0.0,35.0,28.18,0.0,15.0,0.0,5.0,-14.54,-0.25,-0.96,-0.18,-0.23,-16.79,20.72,176.0,TESTR,AKR-TESTR-<MAC6>,0.0,1.0,0.0,100.0
34840,1,walk,walk,7077,,7077.0,20.0,1.0,0.0,1.0,-8.71,-0.073,0.018,0.0,35.0,28.18,0.0,15.0,0.0,5.0,-13.15,-0.22,-0.95,-0.19,-0.85,-16.68,22.44,176.0,TESTR,AKR-TESTR-<MAC6>,0.0,1.0,0.0,100.0
34860,1,walk,walk,7078,,7078.0,20.0,2.0,0.0,1.0,-8.93,-0.073,0.034,0.0,35.0,28.18,0.0,16.0,0.0,5.0,-11.57,-0.19,-0.94,-0.19,-1.66,-15.94,23.79,176.0,TESTR,AKR-TESTR-<MAC6>,0.0,1.0,0.0,100.0
34900,1,walk,walk,7079,,7079.0,20.0,2.0,0.0,1.0,-9.19,-0.073,0.018,0.0,35.0,28.18,0.0,16.0,0.0,5.0,-9.86,-0.16,-0.93,-0.2,-2.57,-14.7,24.53,176.0,TESTR,AKR-TESTR-<MAC6>,0.0,1.0,0.0,100.0
34900,1,walk,walk,7080,,7080.0,20.0,2.0,0.0,1.0,-9.47,-0.073,-0.097,0.0,35.0,28.18,0.0,16.0,0.0,5.0,-8.15,-0.13,-0.92,-0.2,-3.5,-13.11,24.48,176.0,TESTR,AKR-TESTR-<MAC6>,0.0,1.0,0.0,100.0
34920,1,walk,walk,7081,,7081.0,20.0,0.0,0.0,1.0,-9.77,-0.073,0.056,0.0,35.0,28.14,0.0,14.0,0.0,5.0,-6.57,-0.11,-0.91,-0.2,-4.4,-11.33,23.57,176.0,TESTR,AKR-TESTR-<MAC6>,0.0,1.0,0.0,100.0
34960,1,walk,walk,7082,,7082.0,20.0,1.0,0.0,1.0,-10.1,-0.073,-0.028,0.0,35.0,28.18,0.0,15.0,0.0,5.0,-5.26,-0.08,-0.91,-0.2,-5.3,-9.53,21.9,176.0,TESTR,AKR-TESTR-<MAC6>,0.0,1.0,0.0,100.0
34980,1,walk,walk,7083,,7083.0,20.0,1.0,0.0,1.0,-10.43,-0.073,-0.028,0.0,35.0,28.18,0.0,15.0,0.0,5.0,-4.3,-0.07,-0.91,-0.21,-6.26,-7.78,19.71,176.0,TESTR,AKR-TESTR-<MAC6>,0.0,1.0,0.0,100.0
35000,1,walk,walk,7084,,7084.0,20.0,1.0,0.0,1.0,-10.78,-0.073,0.04,0.0,35.0,28.14,0.0,15.0,0.0,5.0,-3.72,-0.06,-0.9,-0.21,-7.3,-6.17,17.33,176.0,TESTR,AKR-TESTR-<MAC6>,0.0,1.0,0.0,100.0
35020,1,walk,walk,7085,,7085.0,20.0,1.0,0.0,1.0,-11.12,-0.074,-0.04,0.0,35.0,28.18,0.0,15.0,0.0,5.0,-3.45,-0.05,-0.9,-0.21,-8.45,-4.72,15.02,176.0,TESTR,AKR-TESTR-<MAC6>,0.0,1.0,0.0,100.0
35020,1,walk,walk,7086,,7086.0,20.0,1.0,0.0,1.0,-11.47,-0.075,-0.138,0.0,35.0,28.18,0.0,15.0,0.0,5.0,-3.39,-0.05,-0.9,-0.21,-9.69,-3.43,12.96,176.0,TESTR,AKR-TESTR-<MAC6>,0.0,1.0,0.0,100.0
35080,1,walk,walk,7087,,7087.0,20.0,1.0,0.0,1.0,-11.8,-0.078,-0.252,0.0,35.0,28.14,0.0,15.0,0.0,5.0,-3.42,-0.05,-0.9,-0.22,-10.99,-2.29,11.21,176.0,TESTR,AKR-TESTR-<MAC6>,0.0,1.0,0.0,100.0
35080,1,walk,walk,7088,,7088.0,20.0,0.0,0.0,1.0,-12.11,-0.08,-0.126,0.0,35.0,28.18,0.0,14.0,0.0,5.0,-3.4,-0.05,-0.9,-0.22,-12.27,-1.28,9.64,176.0,TESTR,AKR-TESTR-<MAC6>,0.0,1.0,0.0,100.0
35080,1,walk,walk,7089,,7089.0,20.0,0.0,0.0,1.0,-12.4,-0.081,-0.037,0.0,35.0,28.18,0.0,14.0,0.0,5.0,-3.45,-0.05,-0.9,-0.21,-13.44,-0.4,7.97,176.0,TESTR,AKR-TESTR-<MAC6>,0.0,1.0,0.0,100.0
35100,1,walk,walk,7090,,7090.0,20.0,0.0,0.0,1.0,-12.67,-0.088,-1.412,0.0,35.0,28.18,0.0,14.0,0.0,5.0,-3.9,-0.06,-0.91,-0.21,-14.22,0.0,6.33,176.0,TESTR,AKR-TESTR-<MAC6>,0.0,1.0,0.0,100.0
35160,1,walk,walk,7091,,7091.0,20.0,0.0,0.0,1.0,-12.9,-0.125,-3.313,0.0,35.0,28.18,0.0,14.0,0.0,5.0,-4.89,-0.08,-0.93,-0.2,-14.43,-0.18,4.89,176.0,TESTR,AKR-TESTR-<MAC6>,0.0,1.0,0.0,100.0
35200,1,walk,walk,7092,,7092.0,20.0,1.0,0.0,1.0,-13.11,-0.165,-1.687,0.0,35.0,28.18,0.0,15.0,0.0,5.0,-6.25,-0.1,-0.94,-0.19,-14.04,-1.01,3.55,176.0,TESTR,AKR-TESTR-<MAC6>,0.0,1.0,0.0,100.0
35200,1,walk,walk,7093,,7093.0,20.0,0.0,0.0,1.0,-13.29,-0.179,-0.886,0.0,35.0,28.14,0.0,14.0,0.0,5.0,-7.7,-0.13,-0.96,-0.18,-13.2,-2.26,2.17,176.0,TESTR,AKR-TESTR-<MAC6>,0.0,1.0,0.0,100.0
35200,1,walk,walk,7094,,7094.0,20.0,0.0,0.0,1.0,-13.44,-0.192,-0.929,0.0,35.0,28.18,0.0,14.0,0.0,5.0,-9.0,-0.15,-0.98,-0.16,-12.11,-3.52,0.7,176.0,TESTR,AKR-TESTR-<MAC6>,0.0,1.0,0.0,100.0
35200,1,walk,walk,7095,,7095.0,20.0,0.0,0.0,1.0,-13.56,-0.202,-0.473,0.0,35.0,28.18,0.0,14.0,0.0,5.0,-10.01,-0.18,-0.99,-0.15,-10.92,-4.59,-0.8,176.0,TESTR,AKR-TESTR-<MAC6>,0.0,1.0,0.0,100.0
35220,1,walk,walk,7096,,7096.0,20.0,0.0,0.0,1.0,-13.66,-0.203,0.01,0.0,35.0,28.14,0.0,14.0,0.0,5.0,-10.66,-0.19,-1.01,-0.14,-9.69,-5.42,-2.28,176.0,TESTR,AKR-TESTR-<MAC6>,0.0,1.0,0.0,100.0
35260,1,walk,walk,7097,,7097.0,20.0,0.0,0.0,1.0,-13.73,-0.204,-0.116,0.0,35.0,28.18,0.0,14.0,0.0,5.0,-10.99,-0.2,-1.02,-0.13,-8.4,-6.01,-3.58,176.0,TESTR,AKR-TESTR-<MAC6>,0.0,1.0,0.0,100.0
35300,1,walk,walk,7098,,7098.0,20.0,0.0,0.0,1.0,-13.77,-0.208,-0.272,0.0,35.0,28.18,0.0,14.0,0.0,5.0,-11.04,-0.2,-1.03,-0.13,-7.1,-6.39,-4.53,176.0,TESTR,AKR-TESTR-<MAC6>,0.0,1.0,0.0,100.0
35300,1,walk,walk,7099,,7099.0,20.0,0.0,0.0,1.0,-13.8,-0.212,-0.206,0.0,35.0,28.18,0.0,14.0,0.0,5.0,-10.93,-0.2,-1.03,-0.13,-5.86,-6.61,-5.01,176.0,TESTR,AKR-TESTR-<MAC6>,0.0,1.0,0.0,100.0
35340,1,walk,walk,7100,,7100.0,20.0,0.0,0.0,1.0,-13.8,-0.215,-0.148,0.0,35.0,28.18,0.0,14.0,0.0,5.0,-10.76,-0.2,-1.04,-0.13,-4.79,-6.72,-5.04,176.0,TESTR,AKR-TESTR-<MAC6>,0.0,1.0,0.0,100.0
35340,1,walk,walk,7101,,7101.0,20.0,0.0,0.0,1.0,-13.79,-0.218,-0.187,0.0,35.0,28.18,0.0,14.0,0.0,5.0,-10.63,-0.19,-1.04,-0.13,-3.96,-6.76,-4.72,176.0,TESTR,AKR-TESTR-<MAC6>,0.0,1.0,0.0,100.0
35340,1,walk,walk,7102,,7102.0,20.0,0.0,0.0,1.0,-13.75,-0.218,0.101,0.0,35.0,28.18,0.0,14.0,0.0,5.0,-10.57,-0.19,-1.03,-0.13,-3.35,-6.77,-4.26,176.0,TESTR,AKR-TESTR-<MAC6>,0.0,1.0,0.0,100.0
35380,1,walk,walk,7103,,7103.0,20.0,0.0,0.0,1.0,-13.71,-0.217,0.324,0.0,35.0,28.18,0.0,14.0,0.0,5.0,-10.61,-0.19,-1.03,-0.14,-2.92,-6.82,-3.92,176.0,TESTR,AKR-TESTR-<MAC6>,0.0,1.0,0.0,100.0
35380,1,walk,walk,7104,,7104.0,20.0,0.0,0.0,1.0,-13.65,-0.209,0.706,0.0,35.0,28.18,0.0,14.0,0.0,5.0,-10.72,-0.19,-1.03,-0.14,-2.63,-6.9,-3.91,176.0,TESTR,AKR-TESTR-<MAC6>,0.0,1.0,0.0,100.0
35400,1,walk,walk,7105,,7105.0,20.0,0.0,0.0,1.0,-13.57,-0.199,0.608,0.0,35.0,28.18,0.0,14.0,0.0,5.0,-10.86,-0.2,-1.02,-0.15,-2.45,-6.98,-4.33,176.0,TESTR,AKR-TESTR-<MAC6>,0.0,1.0,0.0,100.0
35440,1,walk,walk,7106,,7106.0,20.0,0.0,0.0,1.0,-13.49,-0.189,0.695,0.0,35.0,28.18,0.0,14.0,0.0,5.0,-11.01,-0.2,-1.02,-0.15,-2.35,-6.99,-5.18,176.0,TESTR,AKR-TESTR-<MAC6>,0.0,1.0,0.0,100.0
35460,1,walk,walk,7107,,7107.0,20.0,0.0,0.0,1.0,-13.4,-0.181,0.371,0.0,35.0,28.18,0.0,14.0,0.0,5.0,-11.13,-0.2,-1.01,-0.16,-2.3,-6.93,-6.35,176.0,TESTR,AKR-TESTR-<MAC6>,0.0,1.0,0.0,100.0
35480,1,walk,walk,7108,,7108.0,20.0,0.0,0.0,1.0,-13.31,-0.177,0.218,0.0,35.0,28.18,0.0,14.0,0.0,5.0,-11.21,-0.2,-1.01,-0.16,-2.22,-6.75,-7.67,176.0,TESTR,AKR-TESTR-<MAC6>,0.0,1.0,0.0,100.0
35500,1,walk,walk,7109,,7109.0,20.0,0.0,0.0,1.0,-13.2,-0.172,0.401,0.0,35.0,28.18,0.0,14.0,0.0,5.0,-11.24,-0.2,-1.0,-0.17,-2.05,-6.49,-9.03,176.0,TESTR,AKR-TESTR-<MAC6>,0.0,1.0,0.0,100.0
35520,1,walk,walk,7110,,7110.0,20.0,0.0,0.0,1.0,-13.09,-0.166,0.347,0.0,35.0,28.18,0.0,14.0,0.0,5.0,-11.23,-0.2,-1.0,-0.17,-1.77,-6.19,-10.32,176.0,TESTR,AKR-TESTR-<MAC6>,0.0,1.0,0.0,100.0
35520,1,walk,walk,7111,,7111.0,20.0,0.0,0.0,1.0,-12.97,-0.16,0.367,0.0,34.0,28.18,0.0,14.0,0.0,5.0,-11.16,-0.2,-0.99,-0.18,-1.37,-5.86,-11.48,176.0,TESTR,AKR-TESTR-<MAC6>,0.0,1.0,0.0,100.0
35560,1,walk,walk,7112,,7112.0,20.0,0.0,0.0,1.0,-12.85,-0.157,0.115,0.0,34.0,28.18,0.0,14.0,0.0,5.0,-11.06,-0.19,-0.99,-0.18,-0.85,-5.5,-12.46,176.0,TESTR,AKR-TESTR-<MAC6>,0.0,1.0,0.0,100.0
35560,1,walk,walk,7113,,7113.0,20.0,0.0,6.0,2.0,-12.71,-0.154,0.209,0.0,34.0,28.18,0.0,14.0,0.0,5.0,-10.94,-0.19,-0.99,-0.19,-0.24,-5.12,-13.25,176.0,TESTR,AKR-TESTR-<MAC6>,0.0,1.0,0.0,100.0
35580,1,walk,walk,7114,,7114.0,20.0,0.0,6.0,2.0,-12.57,-0.152,0.347,-0.05,34.0,28.07,0.0,18.0,0.0,5.0,-10.81,-0.19,-0.99,-0.19,0.45,-4.68,-14.39,176.0,TESTR,AKR-TESTR-<MAC6>,0.0,1.0,0.0,100.0
35620,1,walk,walk,7115,,7115.0,20.0,0.0,6.0,2.0,-12.42,-0.103,3.617,2.411,34.0,27.9,0.0,18.0,0.0,5.0,-10.69,-0.19,-0.99,-0.19,1.15,-4.4,-16.27,176.0,TESTR,AKR-TESTR-<MAC6>,0.0,1.0,0.0,100.0
35640,1,walk,walk,7116,,7116.0,20.0,0.0,6.0,2.0,-12.25,-0.065,1.758,3.446,34.0,27.83,0.0,18.0,0.0,5.0,-10.54,-0.18,-0.98,-0.2,1.86,-4.26,-18.78,177.0,TESTR,AKR-TESTR-<MAC6>,0.0,1.0,0.0,100.0
35660,1,walk,walk,7117,,7117.0,20.0,0.0,6.0,2.0,-12.07,-0.047,0.863,3.894,34.0,27.83,0.0,18.0,0.0,5.0,-10.34,-0.18,-0.98,-0.2,2.59,-4.27,-21.54,177.0,TESTR,AKR-TESTR-<MAC6>,0.0,1.0,0.0,100.0
35680,1,walk,walk,7118,,7118.0,20.0,0.0,6.0,2.0,-11.88,-0.04,0.446,4.143,34.0,27.86,0.0,18.0,0.0,5.0,-10.04,-0.17,-0.98,-0.2,3.37,-4.38,-24.14,177.0,TESTR,AKR-TESTR-<MAC6>,0.0,1.0,0.0,100.0
35680,1,walk,walk,7119,,7119.0,20.0,0.0,6.0,2.0,-11.67,-0.037,0.101,4.121,34.0,27.86,0.0,18.0,0.0,5.0,-9.65,-0.17,-0.98,-0.2,4.21,-4.55,-26.21,177.0,TESTR,AKR-TESTR-<MAC6>,0.0,1.0,0.0,100.0
35700,1,walk,walk,7120,,7120.0,20.0,0.0,6.0,2.0,-11.44,-0.036,0.117,4.201,34.0,27.86,0.0,18.0,0.0,5.0,-9.15,-0.16,-0.98,-0.2,5.08,-4.73,-27.5,177.0,TESTR,AKR-TESTR-<MAC6>,0.0,1.0,0.0,100.0
35740,1,walk,walk,7121,,7121.0,20.0,1.0,6.0,2.0,-11.19,-0.036,0.049,4.284,34.0,27.83,0.0,19.0,0.0,5.0,-8.59,-0.15,-0.98,-0.2,5.94,-4.88,-27.94,177.0,TESTR,AKR-TESTR-<MAC6>,0.0,1.0,0.0,100.0
35740,1,walk,walk,7122,,7122.0,20.0,1.0,6.0,2.0,-10.91,-0.036,-0.037,4.282,34.0,27.83,0.0,19.0,0.0,5.0,-7.98,-0.14,-0.98,-0.2,6.71,-4.97,-27.57,177.0,TESTR,AKR-TESTR-<MAC6>,0.0,1.0,0.0,100.0
35780,1,walk,walk,7123,,7123.0,20.0,1.0,6.0,2.0,-10.61,-0.036,0.029,4.293,34.0,27.83,0.0,19.0,0.0,5.0,-7.39,-0.13,-0.98,-0.2,7.38,-4.97,-26.57,177.0,TESTR,AKR-TESTR-<MAC6>,0.0,1.0,0.0,100.0
35800,1,walk,walk,7124,,7124.0,20.0,1.0,6.0,2.0,-10.29,-0.035,0.036,4.155,34.0,27.86,0.0,19.0,0.0,5.0,-6.84,-0.12,-0.98,-0.19,7.92,-4.86,-25.14,177.0,TESTR,AKR-TESTR-<MAC6>,0.0,1.0,0.0,100.0
35840,1,walk,walk,7125,,7125.0,20.0,1.0,6.0,2.0,-9.95,-0.033,0.046,3.861,34.0,27.86,0.0,19.0,0.0,5.0,-6.35,-0.11,-0.99,-0.19,8.33,-4.64,-23.48,177.0,TESTR,AKR-TESTR-<MAC6>,0.0,1.0,0.0,100.0
35840,1,walk,walk,7126,,7126.0,20.0,1.0,6.0,2.0,-9.58,-0.031,0.154,3.646,34.0,27.9,0.0,19.0,0.0,5.0,-5.91,-0.1,-0.99,-0.19,8.63,-4.32,-21.74,177.0,TESTR,AKR-TESTR-<MAC6>,0.0,1.0,0.0,100.0
35860,1,walk,walk,7127,,7127.0,20.0,1.0,6.0,2.0,-9.2,-0.03,0.127,3.535,34.0,27.93,0.0,19.0,0.0,5.0,-5.51,-0.1,-0.99,-0.18,8.8,-3.95,-19.98,177.0,TESTR,AKR-TESTR-<MAC6>,0.0,1.0,0.0,100.0
35860,1,walk,walk,7128,,7128.0,20.0,1.0,6.0,2.0,-8.8,-0.03,0.017,3.472,34.0,27.93,0.0,19.0,0.0,5.0,-5.13,-0.09,-0.99,-0.18,8.84,-3.57,-18.22,177.0,TESTR,AKR-TESTR-<MAC6>,0.0,1.0,0.0,100.0
35880,1,walk,walk,7129,,7129.0,20.0,1.0,6.0,2.0,-8.4,-0.03,-0.056,3.527,34.0,27.93,0.0,19.0,0.0,5.0,-4.76,-0.08,-0.99,-0.17,8.75,-3.23,-16.43,177.0,TESTR,AKR-TESTR-<MAC6>,0.0,1.0,0.0,100.0
35920,1,walk,walk,7130,,7130.0,20.0,1.0,6.0,2.0,-7.99,-0.03,-0.057,3.613,34.0,27.9,0.0,19.0,0.0,5.0,-4.39,-0.08,-0.99,-0.17,8.52,-2.95,-14.59,177.0,TESTR,AKR-TESTR-<MAC6>,0.0,1.0,0.0,100.0
35920,1,walk,walk,7131,,7131.0,20.0,1.0,6.0,2.0,-7.58,-0.03,-0.062,3.761,34.0,27.9,0.0,19.0,0.0,5.0,-4.03,-0.07,-0.99,-0.17,8.18,-2.75,-12.7,177.0,TESTR,AKR-TESTR-<MAC6>,0.0,1.0,0.0,100.0
35940,1,walk,walk,7132,,7132.0,20.0,1.0,6.0,2.0,-7.17,-0.031,-0.068,3.899,34.0,27.9,0.0,19.0,0.0,5.0,-3.71,-0.06,-0.99,-0.16,7.74,-2.62,-10.76,177.0,TESTR,AKR-TESTR-<MAC6>,0.0,1.0,0.0,100.0
36000,1,walk,walk,7133,,7133.0,20.0,1.0,6.0,2.0,-6.77,-0.032,0.011,3.95,34.0,27.86,0.0,19.0,0.0,5.0,-3.43,-0.06,-0.99,-0.16,7.22,-2.53,-8.85,177.0,TESTR,AKR-TESTR-<MAC6>,0.0,1.0,0.0,100.0
36000,1,walk,walk,7134,,7134.0,20.0,1.0,0.0,5.0,-6.38,-0.032,0.017,3.926,34.0,27.86,0.0,19.0,0.0,5.0,-3.22,-0.06,-0.99,-0.16,6.67,-2.47,-7.04,177.0,TESTR,AKR-TESTR-<MAC6>,0.0,1.0,0.0,100.0
36000,1,walk,walk,7135,,7135.0,20.0,0.0,0.0,5.0,-6.01,-0.032,0.009,3.894,34.0,27.86,0.0,19.0,0.0,5.0,-3.01,-0.05,-0.99,-0.15,6.15,-2.4,-5.42,177.0,TESTR,AKR-TESTR-<MAC6>,0.0,1.0,0.0,100.0
36040,1,walk,walk,7136,,7136.0,20.0,0.0,0.0,5.0,-5.65,-0.131,-25.718,0.0,34.0,28.14,0.0,13.0,0.0,5.0,-2.79,-0.05,-0.99,-0.15,5.74,-2.2,-3.18,177.0,TESTR,AKR-TESTR-<MAC6>,0.0,1.0,0.0,100.0
36040,1,walk,walk,7137,,7137.0,20.0,0.0,0.0,5.0,-5.31,-0.133,-0.053,0.0,34.0,28.14,0.0,13.0,0.0,5.0,-2.63,-0.05,-1.0,-0.15,5.46,-1.84,-0.31,177.0,TESTR,AKR-TESTR-<MAC6>,0.0,1.0,0.0,100.0
36060,1,walk,walk,7138,,7138.0,20.0,0.0,0.0,6.0,-5.0,-0.13,0.536,0.0,34.0,28.18,0.0,13.0,0.0,5.0,-2.54,-0.04,-1.0,-0.15,5.31,-1.32,2.69,177.0,TESTR,AKR-TESTR-<MAC6>,0.0,1.0,0.0,100.0
36100,1,walk,walk,7139,,7139.0,20.0,0.0,0.0,6.0,-4.71,-0.13,-0.193,0.0,34.0,28.18,0.0,13.0,0.0,5.0,-2.51,-0.04,-1.0,-0.15,5.21,-0.74,5.57,177.0,TESTR,AKR-TESTR-<MAC6>,0.0,1.0,0.0,100.0
36100,1,walk,walk,7140,,7140.0,20.0,0.0,0.0,6.0,-4.45,-0.135,-0.293,0.0,34.0,28.14,0.0,13.0,0.0,5.0,-2.57,-0.04,-1.0,-0.15,5.12,-0.24,8.16,177.0,TESTR,AKR-TESTR-<MAC6>,0.0,1.0,0.0,100.0
36140,1,walk,walk,7141,,7141.0,20.0,0.0,0.0,6.0,-4.23,-0.138,-0.155,0.0,34.0,28.14,0.0,13.0,0.0,5.0,-2.7,-0.05,-1.0,-0.15,4.99,0.14,10.34,177.0,TESTR,AKR-TESTR-<MAC6>,0.0,1.0,0.0,100.0
36160,1,walk,walk,7142,,7142.0,20.0,0.0,0.0,6.0,-4.03,-0.141,-0.175,0.0,34.0,28.18,0.0,13.0,0.0,5.0,-2.92,-0.05,-0.99,-0.15,4.83,0.39,12.06,177.0,TESTR,AKR-TESTR-<MAC6>,0.0,1.0,0.0,100.0
36160,1,walk,walk,7143,,7143.0,20.0,0.0,0.0,6.0,-3.87,-0.144,-0.038,0.0,34.0,28.14,0.0,13.0,0.0,5.0,-3.21,-0.06,-0.99,-0.15,4.65,0.53,13.28,177.0,TESTR,AKR-TESTR-<MAC6>,0.0,1.0,0.0,100.0
36180,1,walk,walk,7144,,7144.0,20.0,0.0,0.0,6.0,-3.75,-0.144,0.029,0.0,34.0,28.18,0.0,13.0,0.0,5.0,-3.55,-0.06,-0.99,-0.15,4.45,0.57,13.98,177.0,TESTR,AKR-TESTR-<MAC6>,0.0,1.0,0.0,100.0
36220,1,walk,walk,7145,,7145.0,20.0,0.0,0.0,6.0,-3.66,-0.144,0.009,0.0,34.0,28.18,0.0,13.0,0.0,5.0,-3.92,-0.07,-0.99,-0.15,4.24,0.56,14.19,177.0,TESTR,AKR-TESTR-<MAC6>,0.0,1.0,0.0,100.0
36240,1,walk,walk,7146,,7146.0,20.0,0.0,0.0,7.0,-3.62,-0.144,0.037,0.0,34.0,28.14,0.0,13.0,0.0,5.0,-4.3,-0.07,-0.99,-0.14,4.04,0.5,13.96,177.0,TESTR,AKR-TESTR-<MAC6>,0.0,1.0,0.0,100.0
36240,1,walk,walk,7147,,7147.0,20.0,0.0,0.0,7.0,-3.6,-0.144,0.018,0.0,34.0,28.18,0.0,13.0,0.0,5.0,-4.67,-0.08,-0.99,-0.14,3.88,0.42,13.37,177.0,TESTR,AKR-TESTR-<MAC6>,0.0,1.0,0.0,100.0
36280,1,walk,walk,7148,,7148.0,20.0,0.0,0.0,7.0,-3.62,-0.144,0.014,0.0,34.0,28.18,0.0,13.0,0.0,5.0,-5.01,-0.09,-0.99,-0.14,3.77,0.33,12.52,177.0,TESTR,AKR-TESTR-<MAC6>,0.0,1.0,0.0,100.0
36320,1,walk,walk,7149,,7149.0,20.0,0.0,0.0,7.0,-3.68,-0.144,-0.097,0.0,34.0,28.18,0.0,13.0,0.0,5.0,-5.32,-0.09,-0.99,-0.14,3.71,0.23,11.53,177.0,TESTR,AKR-TESTR-<MAC6>,0.0,1.0,0.0,100.0
36320,1,walk,walk,7150,,7150.0,20.0,0.0,0.0,7.0,-3.76,-0.145,-0.083,0.0,34.0,28.18,0.0,13.0,0.0,5.0,-5.58,-0.1,-0.99,-0.14,3.68,0.1,10.49,177.0,TESTR,AKR-TESTR-<MAC6>,0.0,1.0,0.0,100.0
36340,1,walk,walk,7151,,7151.0,20.0,0.0,0.0,7.0,-3.86,-0.148,-0.308,0.0,34.0,28.14,0.0,13.0,0.0,5.0,-5.8,-0.1,-0.99,-0.14,3.66,-0.03,9.54,177.0,TESTR,AKR-TESTR-<MAC6>,0.0,1.0,0.0,100.0
36340,1,walk,walk,7152,,7152.0,20.0,0.0,0.0,7.0,-3.99,-0.151,-0.202,0.0,34.0,28.14,0.0,13.0,0.0,5.0,-6.0,-0.1,-0.99,-0.14,3.61,-0.16,8.72,177.0,TESTR,AKR-TESTR-<MAC6>,0.0,1.0,0.0,100.0
36360,1,walk,walk,7153,,7153.0,20.0,0.0,0.0,7.0,-4.14,-0.152,0.005,0.0,34.0,28.18,0.0,13.0,0.0,5.0,-6.19,-0.11,-0.99,-0.14,3.54,-0.3,8.01,177.0,TESTR,AKR-TESTR-<MAC6>,0.0,1.0,0.0,100.0
36400,1,walk,walk,7154,,7154.0,20.0,0.0,0.0,7.0,-4.29,-0.152,0.076,0.0,34.0,28.18,0.0,13.0,0.0,5.0,-6.37,-0.11,-0.99,-0.13,3.44,-0.43,7.38,177.0,TESTR,AKR-TESTR-<MAC6>,0.0,1.0,0.0,100.0
36400,1,walk,walk,7155,,7155.0,20.0,0.0,0.0,7.0,-4.46,-0.152,0.032,0.0,34.0,28.18,0.0,13.0,0.0,5.0,-6.55,-0.11,-0.99,-0.13,3.34,-0.54,6.75,177.0,TESTR,AKR-TESTR-<MAC6>,0.0,1.0,0.0,100.0
36460,1,walk,walk,7156,,7156.0,20.0,0.0,0.0,7.0,-4.63,-0.152,-0.056,0.0,34.0,28.18,0.0,13.0,0.0,5.0,-6.72,-0.12,-0.99,-0.13,3.25,-0.63,6.08,177.0,TESTR,AKR-TESTR-<MAC6>,0.0,1.0,0.0,100.0
36480,1,walk,walk,7157,,7157.0,20.0,0.0,0.0,7.0,-4.81,-0.151,0.06,0.0,34.0,28.14,0.0,13.0,0.0,5.0,-6.88,-0.12,-0.99,-0.13,3.19,-0.68,5.35,177.0,TESTR,AKR-TESTR-<MAC6>,0.0,1.0,0.0,100.0
36480,1,walk,walk,7158,,7158.0,20.0,0.0,0.0,7.0,-4.99,-0.15,0.049,0.0,34.0,28.14,0.0,13.0,0.0,5.0,-7.02,-0.12,-0.99,-0.13,3.18,-0.7,4.58,177.0,TESTR,AKR-TESTR-<MAC6>,0.0,1.0,0.0,100.0
36500,1,walk,walk,7159,,7159.0,20.0,0.0,0.0,7.0,-5.16,-0.15,0.023,0.0,34.0,28.18,0.0,13.0,0.0,5.0,-7.12,-0.12,-0.99,-0.13,3.21,-0.71,3.81,177.0,TESTR,AKR-TESTR-<MAC6>,0.0,1.0,0.0,100.0
36520,1,walk,walk,7160,,7160.0,20.0,0.0,0.0,7.0,-5.33,-0.15,-0.096,0.0,34.0,28.18,0.0,13.0,0.0,5.0,-7.19,-0.12,-0.99,-0.13,3.25,-0.72,3.1,177.0,TESTR,AKR-TESTR-<MAC6>,0.0,1.0,0.0,100.0
36520,1,walk,walk,7161,,7161.0,20.0,0.0,0.0,1.0,-5.5,-0.15,-0.072,0.0,34.0,28.18,0.0,13.0,0.0,5.0,-7.23,-0.13,-0.99,-0.13,3.3,-0.75,2.49,177.0,TESTR,AKR-TESTR-<MAC6>,0.0,1.0,0.0,100.0
36580,1,walk,walk,7162,,7162.0,20.0,0.0,0.0,1.0,-5.66,-0.151,0.025,0.0,34.0,28.18,0.0,13.0,0.0,5.0,-7.24,-0.13,-0.99,-0.13,3.36,-0.81,2.01,177.0,TESTR,AKR-TESTR-<MAC6>,0.0,1.0,0.0,100.0
36580,1,walk,walk,7163,,7163.0,20.0,0.0,0.0,1.0,-5.81,-0.151,-0.036,0.0,34.0,28.14,0.0,13.0,0.0,5.0,-7.24,-0.13,-0.99,-0.13,3.42,-0.88,1.66,177.0,TESTR,AKR-TESTR-<MAC6>,0.0,1.0,0.0,100.0
36580,1,walk,walk,7164,,7164.0,20.0,0.0,0.0,1.0,-5.95,-0.151,-0.028,0.0,34.0,28.14,0.0,13.0,0.0,5.0,-7.24,-0.13,-0.99,-0.12,3.49,-0.96,1.37,177.0,TESTR,AKR-TESTR-<MAC6>,0.0,1.0,0.0,100.0
36600,1,walk,walk,7165,,7165.0,20.0,1.0,0.0,1.0,-6.09,-0.151,-0.01,0.0,34.0,28.18,0.0,14.0,0.0,5.0,-7.26,-0.13,-0.99,-0.12,3.54,-1.02,1.11,177.0,TESTR,AKR-TESTR-<MAC6>,0.0,1.0,0.0,100.0
36660,1,walk,walk,7166,,7166.0,20.0,0.0,0.0,1.0,-6.21,-0.151,-0.002,0.0,34.0,28.18,0.0,13.0,0.0,5.0,-7.28,-0.13,-0.99,-0.12,3.57,-1.04,0.84,178.0,TESTR,AKR-TESTR-<MAC6>,0.0,1.0,0.0,100.0
36660,1,walk,walk,7167,,7167.0,20.0,1.0,0.0,1.0,-6.32,-0.15,-0.021,0.0,34.0,28.18,0.0,14.0,0.0,5.0,-7.3,-0.13,-0.99,-0.12,3.57,-1.03,0.54,178.0,TESTR,AKR-TESTR-<MAC6>,0.0,1.0,0.0,100.0
36660,1,walk,walk,7168,,7168.0,20.0,1.0,0.0,1.0,-6.43,-0.15,0.042,0.0,34.0,28.18,0.0,14.0,0.0,5.0,-7.31,-0.13,-0.99,-0.12,3.55,-1.0,0.23,178.0,TESTR,AKR-TESTR-<MAC6>,0.0,1.0,0.0,100.0
36700,1,walk,walk,7169,,7169.0,20.0,1.0,0.0,1.0,-6.52,-0.15,-0.009,0.0,34.0,28.18,0.0,14.0,0.0,5.0,-7.31,-0.13,-0.99,-0.12,3.5,-0.96,-0.06,178.0,TESTR,AKR-TESTR-<MAC6>,0.0,1.0,0.0,100.0
36700,1,walk,walk,7170,,7170.0,20.0,1.0,0.0,1.0,-6.6,-0.15,0.042,0.0,34.0,28.14,0.0,14.0,0.0,5.0,-7.28,-0.13,-0.99,-0.12,3.42,-0.93,-0.3,178.0,TESTR,AKR-TESTR-<MAC6>,0.0,1.0,0.0,100.0
36720,1,walk,walk,7171,,7171.0,20.0,1.0,0.0,1.0,-6.68,-0.15,-0.083,0.0,34.0,28.18,0.0,14.0,0.0,5.0,-7.24,-0.13,-0.99,-0.12,3.31,-0.92,-0.46,178.0,TESTR,AKR-TESTR-<MAC6>,0.0,1.0,0.0,100.0
36760,1,walk,walk,7172,,7172.0,20.0,1.0,0.0,1.0,-6.74,-0.15,-0.073,0.0,34.0,28.18,0.0,14.0,0.0,5.0,-7.2,-0.13,-0.99,-0.11,3.18,-0.94,-0.54,178.0,TESTR,AKR-TESTR-<MAC6>,0.0,1.0,0.0,100.0
36760,1,walk,walk,7173,,7173.0,20.0,1.0,0.0,1.0,-6.8,-0.15,0.025,0.0,34.0,28.18,0.0,14.0,0.0,5.0,-7.16,-0.12,-0.99,-0.11,3.07,-0.96,-0.6,178.0,TESTR,AKR-TESTR-<MAC6>,0.0,1.0,0.0,100.0
36800,1,walk,walk,7174,,7174.0,20.0,1.0,0.0,1.0,-6.85,-0.15,0.023,0.0,34.0,28.18,0.0,14.0,0.0,5.0,-7.14,-0.12,-0.99,-0.11,3.0,-0.97,-0.66,178.0,TESTR,AKR-TESTR-<MAC6>,0.0,1.0,0.0,100.0
36820,1,walk,walk,7175,,7175.0,20.0,1.0,0.0,1.0,-6.89,-0.15,0.06,0.0,34.0,28.18,0.0,14.0,0.0,5.0,-7.11,-0.12,-0.99,-0.11,2.97,-0.97,-0.73,178.0,TESTR,AKR-TESTR-<MAC6>,0.0,1.0,0.0,100.0
36820,1,walk,walk,7176,,7176.0,20.0,1.0,0.0,1.0,-6.92,-0.15,0.003,0.0,34.0,28.18,0.0,14.0,0.0,5.0,-7.07,-0.12,-0.99,-0.11,2.96,-0.97,-0.78,178.0,TESTR,AKR-TESTR-<MAC6>,0.0,1.0,0.0,100.0
36840,1,walk,walk,7177,,7177.0,20.0,1.0,0.0,1.0,-6.95,-0.15,0.007,0.0,34.0,28.14,0.0,14.0,0.0,5.0,-7.02,-0.12,-0.99,-0.11,2.94,-0.98,-0.75,178.0,TESTR,AKR-TESTR-<MAC6>,0.0,1.0,0.0,100.0
36880,1,walk,walk,7178,,7178.0,20.0,1.0,0.0,1.0,-6.97,-0.151,-0.05,0.0,34.0,28.18,0.0,14.0,0.0,5.0,-6.95,-0.12,-0.99,-0.11,2.88,-1.04,-0.59,178.0,TESTR,AKR-TESTR-<MAC6>,0.0,1.0,0.0,100.0
36880,1,walk,walk,7179,,7179.0,20.0,1.0,0.0,1.0,-6.99,-0.153,-0.248,0.0,34.0,28.18,0.0,14.0,0.0,5.0,-6.88,-0.12,-0.99,-0.11,2.78,-1.14,-0.28,178.0,TESTR,AKR-TESTR-<MAC6>,0.0,1.0,0.0,100.0
36900,1,walk,walk,7180,,7180.0,20.0,1.0,0.0,1.0,-7.0,-0.156,-0.091,0.0,34.0,28.14,0.0,14.0,0.0,5.0,-6.82,-0.12,-0.99,-0.11,2.65,-1.24,0.16,178.0,TESTR,AKR-TESTR-<MAC6>,0.0,1.0,0.0,100.0
36940,1,walk,walk,7181,,7181.0,20.0,1.0,0.0,1.0,-7.01,-0.157,0.005,0.0,34.0,28.14,0.0,14.0,0.0,5.0,-6.79,-0.12,-0.99,-0.11,2.5,-1.35,0.62,178.0,TESTR,AKR-TESTR-<MAC6>,0.0,1.0,0.0,100.0
36980,1,walk,walk,7182,,7182.0,20.0,1.0,0.0,1.0,-7.02,-0.157,-0.042,0.0,34.0,28.18,0.0,14.0,0.0,5.0,-6.79,-0.12,-0.99,-0.1,2.35,-1.43,1.05,178.0,TESTR,AKR-TESTR-<MAC6>,0.0,1.0,0.0,100.0
36980,1,walk,walk,7183,,7183.0,20.0,1.0,0.0,1.0,-7.02,-0.157,-0.025,0.0,34.0,28.14,0.0,14.0,0.0,5.0,-6.82,-0.12,-0.99,-0.1,2.19,-1.47,1.39,178.0,TESTR,AKR-TESTR-<MAC6>,0.0,1.0,0.0,100.0
37000,1,walk,walk,7184,,7184.0,20.0,1.0,6.0,2.0,-7.03,-0.157,0.048,0.0,34.0,28.18,0.0,14.0,0.0,5.0,-6.86,-0.12,-0.99,-0.1,2.02,-1.49,1.62,178.0,TESTR,AKR-TESTR-<MAC6>,0.0,1.0,0.0,100.0
37000,1,walk,walk,7185,,7185.0,20.0,0.0,6.0,2.0,-7.03,-0.157,0.006,-0.027,34.0,28.14,0.0,17.0,0.0,5.0,-6.92,-0.12,-0.99,-0.1,1.86,-1.48,1.11,178.0,TESTR,AKR-TESTR-<MAC6>,0.0,1.0,0.0,100.0
37020,1,walk,walk,7186,,7186.0,20.0,0.0,6.0,2.0,-7.03,-0.106,3.798,2.707,34.0,27.86,0.0,17.0,0.0,5.0,-7.03,-0.12,-0.99,-0.1,1.7,-1.65,-0.49,178.0,TESTR,AKR-TESTR-<MAC6>,0.0,1.0,0.0,100.0
37060,1,walk,walk,7187,,7187.0,20.0,0.0,6.0,2.0,-7.04,-0.068,1.75,3.916,34.0,27.79,0.0,17.0,0.0,5.0,-7.11,-0.12,-0.99,-0.1,1.53,-2.01,-2.95,178.0,TESTR,AKR-TESTR-<MAC6>,0.0,1.0,0.0,100.0
37060,1,walk,walk,7188,,7188.0,20.0,0.0,6.0,2.0,-7.04,-0.052,0.612,4.561,34.0,27.76,0.0,17.0,0.0,5.0,-7.14,-0.12,-0.99,-0.1,1.35,-2.5,-5.82,178.0,TESTR,AKR-TESTR-<MAC6>,0.0,1.0,0.0,100.0
37080,1,walk,walk,7189,,7189.0,20.0,0.0,6.0,2.0,-7.04,-0.046,0.19,4.926,34.0,27.72,0.0,17.0,0.0,5.0,-7.1,-0.12,-0.99,-0.1,1.2,-3.03,-8.67,178.0,TESTR,AKR-TESTR-<MAC6>,0.0,1.0,0.0,100.0
37120,1,walk,walk,7190,,7190.0,20.0,1.0,6.0,2.0,-7.03,-0.043,0.023,4.969,34.0,27.72,0.0,18.0,0.0,5.0,-6.97,-0.12,-0.99,-0.1,1.09,-3.54,-11.13,178.0,TESTR,AKR-TESTR-<MAC6>,0.0,1.0,0.0,100.0
37140,1,walk,walk,7191,,7191.0,20.0,1.0,6.0,2.0,-7.02,-0.042,0.077,5.071,34.0,27.72,0.0,18.0,0.0,5.0,-6.76,-0.12,-0.99,-0.1,1.05,-3.97,-12.97,178.0,TESTR,AKR-TESTR-<MAC6>,0.0,1.0,0.0,100.0
37160,1,walk,walk,7192,,7192.0,20.0,1.0,6.0,2.0,-6.99,-0.043,0.006,5.117,34.0,27.72,0.0,18.0,0.0,5.0,-6.48,-0.11,-0.99,-0.1,1.08,-4.3,-14.11,178.0,TESTR,AKR-TESTR-<MAC6>,0.0,1.0,0.0,100.0
37180,1,walk,walk,7193,,7193.0,20.0,1.0,6.0,2.0,-6.95,-0.043,0.022,5.12,34.0,27.72,0.0,18.0,0.0,5.0,-6.18,-0.11,-0.99,-0.1,1.16,-4.53,-14.56,178.0,TESTR,AKR-TESTR-<MAC6>,0.0,1.0,0.0,100.0
37180,1,walk,walk,7194,,7194.0,20.0,1.0,6.0,2.0,-6.9,-0.043,0.009,5.12,34.0,27.72,0.0,18.0,0.0,5.0,-5.86,-0.1,-0.99,-0.1,1.29,-4.64,-14.44,178.0,TESTR,AKR-TESTR-<MAC6>,0.0,1.0,0.0,100.0
37200,1,walk,walk,7195,,7195.0,20.0,1.0,6.0,2.0,-6.82,-0.042,0.049,5.137,34.0,27.72,0.0,18.0,0.0,5.0,-5.55,-0.1,-0.99,-0.1,1.48,-4.64,-13.87,178.0,TESTR,AKR-TESTR-<MAC6>,0.0,1.0,0.0,100.0
37240,1,walk,walk,7196,,7196.0,20.0,1.0,6.0,2.0,-6.73,-0.042,0.005,5.067,34.0,27.72,0.0,18.0,0.0,5.0,-5.27,-0.09,-1.0,-0.1,1.71,-4.53,-13.02,178.0,TESTR,AKR-TESTR-<MAC6>,0.0,1.0,0.0,100.0
37260,1,walk,walk,7197,,7197.0,20.0,1.0,6.0,2.0,-6.62,-0.041,0.006,4.948,34.0,27.72,0.0,18.0,0.0,5.0,-5.0,-0.09,-1.0,-0.1,1.98,-4.35,-12.01,178.0,TESTR,AKR-TESTR-<MAC6>,0.0,1.0,0.0,100.0
37260,1,walk,walk,7198,,7198.0,20.0,1.0,6.0,2.0,-6.49,-0.041,0.05,4.926,34.0,27.72,0.0,18.0,0.0,5.0,-4.75,-0.08,-1.0,-0.1,2.28,-4.12,-10.94,178.0,TESTR,AKR-TESTR-<MAC6>,0.0,1.0,0.0,100.0
37320,1,walk,walk,7199,,7199.0,20.0,1.0,6.0,2.0,-6.34,-0.041,-0.058,4.943,34.0,27.72,0.0,18.0,0.0,5.0,-4.53,-0.08,-1.0,-0.1,2.6,-3.87,-9.85,178.0,TESTR,AKR-TESTR-<MAC6>,0.0,1.0,0.0,100.0
37320,1,walk,walk,7200,,7200.0,20.0,1.0,6.0,2.0,-6.19,-0.041,-0.033,4.964,34.0,27.76,0.0,18.0,0.0,5.0,-4.31,-0.08,-1.0,-0.1,2.96,-3.6,-8.79,178.0,TESTR,AKR-TESTR-<MAC6>,0.0,1.0,0.0,100.0
37320,1,walk,walk,7201,,7201.0,20.0,1.0,6.0,2.0,-6.02,-0.041,-0.038,4.975,34.0,27.72,0.0,18.0,0.0,5.0,-4.11,-0.07,-1.0,-0.09,3.35,-3.36,-7.76,178.0,TESTR,AKR-TESTR-<MAC6>,0.0,1.0,0.0,100.0
37380,1,walk,walk,7202,,7202.0,20.0,1.0,6.0,2.0,-5.84,-0.041,-0.022,5.047,34.0,27.72,0.0,18.0,0.0,5.0,-3.92,-0.07,-1.0,-0.09,3.77,-3.14,-6.77,178.0,TESTR,AKR-TESTR-<MAC6>,0.0,1.0,0.0,100.0
37380,1,walk,walk,7203,,7203.0,20.0,1.0,6.0,2.0,-5.65,-0.042,-0.07,5.078,34.0,27.72,0.0,18.0,0.0,5.0,-3.75,-0.07,-1.0,-0.09,4.22,-2.96,-5.83,178.0,TESTR,AKR-TESTR-<MAC6>,0.0,1.0,0.0,100.0
37380,1,walk,walk,7204,,7204.0,20.0,1.0,6.0,2.0,-5.47,-0.042,-0.013,5.053,34.0,27.72,0.0,18.0,0.0,5.0,-3.61,-0.06,-1.0,-0.09,4.72,-2.81,-4.97,178.0,TESTR,AKR-TESTR-<MAC6>,0.0,1.0,0.0,100.0
37420,1,walk,walk,7205,,7205.0,20.0,1.0,6.0,2.0,-5.28,-0.042,0.108,5.025,34.0,27.72,0.0,18.0,0.0,5.0,-3.51,-0.06,-1.0,-0.09,5.3,-2.65,-4.25,178.0,TESTR,AKR-TESTR-<MAC6>,0.0,1.0,0.0,100.0
37440,1,walk,walk,7206,,7206.0,20.0,1.0,6.0,2.0,-5.1,-0.041,0.032,4.869,34.0,27.76,0.0,18.0,0.0,5.0,-3.45,-0.06,-1.01,-0.09,5.96,-2.43,-3.74,178.0,TESTR,AKR-TESTR-<MAC6>,0.0,1.0,0.0,100.0
37460,1,walk,walk,7207,,7207.0,20.0,1.0,6.0,2.0,-4.92,-0.039,0.101,4.678,34.0,27.76,0.0,18.0,0.0,5.0,-3.41,-0.06,-1.01,-0.09,6.72,-2.13,-3.5,178.0,TESTR,AKR-TESTR-<MAC6>,0.0,1.0,0.0,100.0
37480,1,walk,walk,7208,,7208.0,20.0,1.0,6.0,2.0,-4.75,-0.038,0.12,4.384,34.0,27.79,0.0,18.0,0.0,5.0,-3.4,-0.06,-1.01,-0.09,7.6,-1.71,-3.56,178.0,TESTR,AKR-TESTR-<MAC6>,0.0,1.0,0.0,100.0
37480,1,walk,walk,7209,,7209.0,20.0,1.0,6.0,2.0,-4.59,-0.034,0.308,3.887,34.0,27.86,0.0,18.0,0.0,5.0,-3.37,-0.06,-1.01,-0.09,8.55,-1.11,-3.96,178.0,TESTR,AKR-TESTR-<MAC6>,0.0,1.0,0.0,100.0
37500,1,walk,walk,7210,,7210.0,20.0,1.0,6.0,2.0,-4.43,-0.031,0.189,3.432,34.0,27.93,0.0,18.0,0.0,5.0,-3.32,-0.06,-1.01,-0.09,9.52,-0.28,-4.72,178.0,TESTR,AKR-TESTR-<MAC6>,0.0,1.0,0.0,100.0
37540,1,walk,walk,7211,,7211.0,20.0,1.0,6.0,2.0,-4.29,-0.027,0.307,2.902,34.0,27.97,0.0,18.0,0.0,5.0,-3.21,-0.06,-1.02,-0.09,10.41,0.9,-5.81,178.0,TESTR,AKR-TESTR-<MAC6>,0.0,1.0,0.0,100.0
37540,1,walk,walk,7212,,7212.0,20.0,1.0,6.0,2.0,-4.15,-0.023,0.202,2.563,34.0,28.0,0.0,18.0,0.0,5.0,-3.0,-0.05,-1.02,-0.09,10.92,2.84,-7.23,178.0,TESTR,AKR-TESTR-<MAC6>,0.0,1.0,0.0,100.0
37560,1,walk,walk,7213,,7213.0,20.0,1.0,6.0,2.0,-4.02,-0.019,0.175,2.066,34.0,28.07,0.0,18.0,0.0,5.0,-2.73,-0.05,-1.01,-0.1,10.66,6.17,-8.79,178.0,TESTR,AKR-TESTR-<MAC6>,0.0,1.0,0.0,100.0
37600,1,walk,walk,7214,,7214.0,20.0,1.0,6.0,2.0,-3.89,-0.015,0.23,1.735,34.0,28.07,0.0,18.0,0.0,5.0,-2.54,-0.04,-1.01,-0.11,9.26,11.2,-10.22,178.0,TESTR,AKR-TESTR-<MAC6>,0.0,1.0,0.0,100.0
37640,1,walk,walk,7215,,7215.0,20.0,1.0,6.0,2.0,-3.76,-0.013,0.15,1.443,34.0,28.11,0.0,18.0,0.0,5.0,-2.61,-0.05,-1.01,-0.13,6.61,17.64,-11.19,179.0,TESTR,AKR-TESTR-<MAC6>,0.0,1.0,0.0,100.0
37640,1,walk,walk,7216,,7216.0,20.0,1.0,6.0,2.0,-3.63,-0.012,0.029,1.401,34.0,28.11,0.0,18.0,0.0,5.0,-3.12,-0.05,-1.01,-0.15,3.01,24.56,-11.45,179.0,TESTR,AKR-TESTR-<MAC6>,0.0,1.0,0.0,100.0
37660,1,walk,walk,7217,,7217.0,20.0,1.0,6.0,2.0,-3.5,-0.011,0.053,1.35,34.0,28.11,0.0,18.0,0.0,5.0,-4.11,-0.07,-1.01,-0.17,-1.08,30.72,-10.83,179.0,TESTR,AKR-TESTR-<MAC6>,0.0,1.0,0.0,100.0
37660,1,walk,walk,7218,,7218.0,20.0,1.0,6.0,2.0,-3.37,-0.011,0.054,1.236,34.0,28.11,0.0,18.0,0.0,5.0,-5.56,-0.1,-1.01,-0.19,-5.23,34.9,-9.32,179.0,TESTR,AKR-TESTR-<MAC6>,0.0,1.0,0.0,100.0
37680,1,walk,walk,7219,,7219.0,20.0,1.0,6.0,2.0,-3.23,-0.01,0.062,1.221,34.0,28.11,0.0,18.0,0.0,5.0,-7.32,-0.13,-1.01,-0.21,-9.16,36.25,-7.04,179.0,TESTR,AKR-TESTR-<MAC6>,0.0,1.0,0.0,100.0
37720,1,walk,walk,7220,,7220.0,20.0,1.0,6.0,2.0,-3.1,-0.01,0.091,1.27,34.0,28.11,0.0,18.0,0.0,5.0,-9.19,-0.16,-1.01,-0.22,-12.7,34.5,-4.19,179.0,TESTR,AKR-TESTR-<MAC6>,0.0,1.0,0.0,100.0
37720,1,walk,walk,7221,,7221.0,20.0,1.0,6.0,2.0,-2.96,-0.01,0.155,1.275,34.0,28.11,0.0,18.0,0.0,5.0,-10.97,-0.2,-1.01,-0.24,-15.75,29.94,-1.01,179.0,TESTR,AKR-TESTR-<MAC6>,0.0,1.0,0.0,100.0
37740,1,walk,walk,7222,,7222.0,20.0,1.0,6.0,2.0,-2.84,-0.011,0.037,1.335,34.0,28.11,0.0,18.0,0.0,5.0,-12.49,-0.22,-1.01,-0.24,-18.25,23.35,2.36,179.0,TESTR,AKR-TESTR-<MAC6>,0.0,1.0,0.0,100.0
37780,1,walk,walk,7223,,7223.0,20.0,1.0,6.0,2.0,-2.72,-0.011,0.037,1.368,35.0,28.11,0.0,18.0,0.0,5.0,-13.63,-0.24,-1.01,-0.25,-20.21,15.77,5.86,179.0,TESTR,AKR-TESTR-<MAC6>,0.0,1.0,0.0,100.0
37800,1,walk,walk,7224,,7224.0,20.0,1.0,1.0,5.0,-2.63,-0.012,0.046,1.398,35.0,28.11,0.0,18.0,0.0,6.0,-14.34,-0.26,-1.0,-0.24,-21.71,8.29,9.46,179.0,TESTR,AKR-TESTR-<MAC6>,0.0,1.0,0.0,100.0
37820,1,walk,walk,7225,,7225.0,20.0,0.0,1.0,6.0,-2.57,-0.012,-0.04,1.392,35.0,28.0,0.0,19.0,0.0,6.0,-14.61,-0.26,-1.0,-0.24,-22.79,1.64,12.91,179.0,TESTR,AKR-TESTR-<MAC6>,0.0,1.0,0.0,100.0
37840,1,walk,walk,7226,,7226.0,20.0,0.0,1.0,6.0,-2.54,0.021,3.096,2.424,35.0,27.9,0.0,19.0,0.0,6.0,-14.46,-0.26,-1.0,-0.23,-23.57,-3.68,15.97,179.0,TESTR,AKR-TESTR-<MAC6>,0.0,1.0,0.0,100.0
37840,1,walk,walk,7227,,7227.0,20.0,0.0,1.0,6.0,-2.54,0.064,2.607,3.1,35.0,27.83,0.0,19.0,0.0,6.0,-13.94,-0.25,-0.99,-0.23,-24.16,-7.32,18.43,179.0,TESTR,AKR-TESTR-<MAC6>,0.0,1.0,0.0,100.0
37860,1,walk,walk,7228,,7228.0,20.0,0.0,1.0,6.0,-2.59,0.101,2.224,3.644,35.0,27.79,0.0,19.0,0.0,6.0,-13.1,-0.23,-0.98,-0.22,-24.66,-9.23,20.2,179.0,TESTR,AKR-TESTR-<MAC6>,0.0,1.0,0.0,100.0
37900,1,walk,walk,7229,,7229.0,20.0,0.0,1.0,6.0,-2.69,0.129,1.733,4.196,35.0,27.72,0.0,19.0,0.0,6.0,-11.99,-0.21,-0.97,-0.21,-25.16,-9.56,21.27,179.0,TESTR,AKR-TESTR-<MAC6>,0.0,1.0,0.0,100.0
37900,1,walk,walk,7230,,7230.0,20.0,0.0,1.0,6.0,-2.83,0.15,1.239,4.597,35.0,27.65,0.0,19.0,0.0,6.0,-10.68,-0.18,-0.96,-0.2,-25.63,-8.67,21.71,179.0,TESTR,AKR-TESTR-<MAC6>,0.0,1.0,0.0,100.0
37920,1,walk,walk,7231,,7231.0,20.0,0.0,3.0,7.0,-3.01,0.167,1.039,5.286,35.0,27.58,0.0,19.0,0.0,6.0,-9.22,-0.16,-0.96,-0.19,-25.98,-7.12,21.52,179.0,TESTR,AKR-TESTR-<MAC6>,0.0,1.0,0.0,100.0
37960,1,walk,walk,7232,,7232.0,20.0,0.0,3.0,7.0,-3.24,0.181,0.814,5.529,35.0,27.58,0.0,19.0,0.0,6.0,-7.66,-0.13,-0.95,-0.18,-26.1,-5.43,20.73,179.0,TESTR,AKR-TESTR-<MAC6>,0.0,1.0,0.0,100.0
37980,1,walk,walk,7233,,7233.0,20.0,0.0,3.0,7.0,-3.51,0.192,0.743,5.445,35.0,27.55,0.0,19.0,0.0,6.0,-6.02,-0.1,-0.95,-0.17,-25.86,-4.0,19.31,179.0,TESTR,AKR-TESTR-<MAC6>,0.0,1.0,0.0,100.0
38000,1,walk,walk,7234,,7234.0,20.0,1.0,3.0,7.0,-3.81,0.201,0.48,5.619,35.0,27.55,0.0,20.0,0.0,6.0,-4.34,-0.07,-0.95,-0.16,-25.23,-3.02,17.29,179.0,TESTR,AKR-TESTR-<MAC6>,0.0,1.0,0.0,100.0
38020,1,walk,walk,7235,,7235.0,20.0,0.0,3.0,7.0,-4.13,0.206,0.147,5.923,35.0,27.55,0.0,19.0,0.0,6.0,-2.71,-0.05,-0.95,-0.15,-24.03,-2.78,14.63,179.0,TESTR,AKR-TESTR-<MAC6>,0.0,1.0,0.0,100.0
38020,1,walk,walk,7236,,7236.0,20.0,0.0,3.0,7.0,-4.47,0.205,0.017,5.835,35.0,27.58,0.0,19.0,0.0,6.0,-1.27,-0.02,-0.96,-0.14,-22.22,-3.46,11.4,179.0,TESTR,AKR-TESTR-<MAC6>,0.0,1.0,0.0,100.0
38040,1,walk,walk,7237,,7237.0,20.0,0.0,3.0,7.0,-4.81,0.198,-0.722,5.786,35.0,27.65,0.0,19.0,0.0,6.0,-0.13,0.0,-0.97,-0.13,-19.9,-4.97,7.88,179.0,TESTR,AKR-TESTR-<MAC6>,0.0,1.0,0.0,100.0
38080,1,walk,walk,7238,,7238.0,20.0,0.0,3.0,7.0,-5.16,0.179,-1.352,5.725,35.0,27.76,0.0,19.0,0.0,6.0,0.66,0.01,-0.98,-0.13,-17.24,-6.93,4.46,179.0,TESTR,AKR-TESTR-<MAC6>,0.0,1.0,0.0,100.0
38080,1,walk,walk,7239,,7239.0,20.0,0.0,0.0,1.0,-5.49,0.147,-2.697,5.058,35.0,27.93,0.0,19.0,0.0,6.0,1.1,0.02,-0.99,-0.12,-14.44,-8.79,1.73,179.0,TESTR,AKR-TESTR-<MAC6>,0.0,1.0,0.0,100.0
38100,1,walk,walk,7240,,7240.0,20.0,0.0,0.0,1.0,-5.8,0.089,-4.964,3.82,35.0,27.93,0.0,19.0,0.0,6.0,1.09,0.02,-1.01,-0.11,-11.62,-10.29,1.58,179.0,TESTR,AKR-TESTR-<MAC6>,0.0,1.0,0.0,100.0
38160,1,walk,walk,7241,,7241.0,20.0,0.0,0.0,1.0,-6.08,-0.214,32.767,0.0,35.0,28.14,0.0,10.0,0.0,6.0,0.77,0.01,-1.02,-0.11,-8.98,-11.51,4.84,179.0,TESTR,AKR-TESTR-<MAC6>,0.0,1.0,0.0,100.0
38160,1,walk,walk,7242,,7242.0,20.0,0.0,0.0,1.0,-6.34,-0.309,-1.39,0.0,35.0,28.18,0.0,10.0,0.0,6.0,0.43,0.01,-1.02,-0.11,-6.77,-12.65,10.1,179.0,TESTR,AKR-TESTR-<MAC6>,0.0,1.0,0.0,100.0
38160,1,walk,walk,7243,,7243.0,20.0,1.0,0.0,1.0,-6.56,-0.266,3.599,0.0,35.0,28.14,0.0,11.0,0.0,6.0,0.21,0.0,-1.03,-0.11,-4.92,-13.71,15.63,179.0,TESTR,AKR-TESTR-<MAC6>,0.0,1.0,0.0,100.0
38200,1,walk,walk,7244,,7244.0,20.0,0.0,0.0,1.0,-6.76,-0.246,-0.673,0.0,35.0,28.18,0.0,10.0,0.0,6.0,0.03,0.0,-1.03,-0.12,-3.2,-14.6,20.48,179.0,TESTR,AKR-TESTR-<MAC6>,0.0,1.0,0.0,100.0
38220,1,walk,walk,7245,,7245.0,20.0,1.0,0.0,1.0,-6.93,-0.255,0.009,0.0,35.0,28.18,0.0,11.0,0.0,6.0,-0.16,0.0,-1.03,-0.14,-1.5,-15.22,24.02,179.0,TESTR,AKR-TESTR-<MAC6>,0.0,1.0,0.0,100.0
38220,1,walk,walk,7246,,7246.0,20.0,1.0,0.0,1.0,-7.09,-0.247,0.484,0.0,35.0,28.18,0.0,11.0,0.0,6.0,-0.42,-0.01,-1.03,-0.15,0.06,-15.5,25.98,179.0,TESTR,AKR-TESTR-<MAC6>,0.0,1.0,0.0,100.0
38260,1,walk,walk,7247,,7247.0,20.0,1.0,0.0,1.0,-7.24,-0.24,0.567,0.0,35.0,28.18,0.0,11.0,0.0,6.0,-0.77,-0.01,-1.03,-0.16,1.28,-15.41,26.35,179.0,TESTR,AKR-TESTR-<MAC6>,0.0,1.0,0.0,100.0
38260,1,walk,walk,7248,,7248.0,20.0,0.0,0.0,1.0,-7.39,-0.232,0.257,0.0,35.0,28.18,0.0,10.0,0.0,6.0,-1.23,-0.02,-1.03,-0.16,2.04,-14.98,25.39,179.0,TESTR,AKR-TESTR-<MAC6>,0.0,1.0,0.0,100.0
38300,1,walk,walk,7249,,7249.0,20.0,1.0,0.0,1.0,-7.54,-0.228,0.097,0.0,35.0,28.18,0.0,11.0,0.0,6.0,-1.76,-0.03,-1.03,-0.17,2.3,-14.25,23.43,179.0,TESTR,AKR-TESTR-<MAC6>,0.0,1.0,0.0,100.0
38320,1,walk,walk,7250,,7250.0,20.0,1.0,0.0,1.0,-7.7,-0.228,0.005,0.0,35.0,28.18,0.0,11.0,0.0,6.0,-2.36,-0.04,-1.03,-0.17,2.16,-13.29,20.88,179.0,TESTR,AKR-TESTR-<MAC6>,0.0,1.0,0.0,100.0
38320,1,walk,walk,7251,,7251.0,20.0,1.0,0.0,1.0,-7.87,-0.228,0.011,0.0,35.0,28.18,0.0,11.0,0.0,6.0,-3.0,-0.05,-1.03,-0.17,1.8,-12.21,18.14,179.0,TESTR,AKR-TESTR-<MAC6>,0.0,1.0,0.0,100.0
38340,1,walk,walk,7252,,7252.0,20.0,1.0,0.0,1.0,-8.05,-0.228,-0.041,0.0,35.0,28.18,0.0,11.0,0.0,6.0,-3.67,-0.07,-1.02,-0.18,1.37,-11.09,15.48,179.0,TESTR,AKR-TESTR-<MAC6>,0.0,1.0,0.0,100.0
38380,1,walk,walk,7253,,7253.0,20.0,1.0,0.0,1.0,-8.25,-0.228,0.156,0.0,35.0,28.18,0.0,11.0,0.0,6.0,-4.38,-0.08,-1.02,-0.18,0.96,-10.0,13.09,179.0,TESTR,AKR-TESTR-<MAC6>,0.0,1.0,0.0,100.0
38380,1,walk,walk,7254,,7254.0,20.0,0.0,0.0,1.0,-8.44,-0.221,0.647,0.0,35.0,28.18,0.0,10.0,0.0,6.0,-5.13,-0.09,-1.01,-0.18,0.59,-8.99,10.96,179.0,TESTR,AKR-TESTR-<MAC6>,0.0,1.0,0.0,100.0
38400,1,walk,walk,7255,,7255.0,20.0,0.0,0.0,1.0,-8.64,-0.21,0.946,0.0,35.0,28.18,0.0,10.0,0.0,6.0,-5.93,-0.1,-1.01,-0.19,0.25,-8.09,8.93,179.0,TESTR,AKR-TESTR-<MAC6>,0.0,1.0,0.0,100.0
38440,1,walk,walk,7256,,7256.0,20.0,0.0,0.0,1.0,-8.85,-0.198,0.745,0.0,35.0,28.18,0.0,10.0,0.0,6.0,-6.76,-0.12,-1.0,-0.19,-0.04,-7.29,6.77,179.0,TESTR,AKR-TESTR-<MAC6>,0.0,1.0,0.0,100.0
38460,1,walk,walk,7257,,7257.0,20.0,1.0,0.0,1.0,-9.05,-0.185,0.895,0.0,35.0,28.14,0.0,11.0,0.0,6.0,-7.57,-0.13,-1.0,-0.2,-0.26,-6.6,4.38,179.0,TESTR,AKR-TESTR-<MAC6>,0.0,1.0,0.0,100.0
38480,1,walk,walk,7258,,7258.0,20.0,0.0,0.0,1.0,-9.24,-0.176,0.429,0.0,35.0,28.14,0.0,10.0,0.0,6.0,-8.3,-0.14,-0.99,-0.2,-0.37,-5.99,1.77,179.0,TESTR,AKR-TESTR-<MAC6>,0.0,1.0,0.0,100.0
38500,1,walk,walk,7259,,7259.0,20.0,0.0,0.0,1.0,-9.42,-0.17,0.543,0.0,35.0,28.14,0.0,10.0,0.0,6.0,-8.93,-0.16,-0.99,-0.2,-0.32,-5.44,-0.93,179.0,TESTR,AKR-TESTR-<MAC6>,0.0,1.0,0.0,100.0
38500,1,walk,walk,7260,,7260.0,20.0,0.0,0.0,1.0,-9.59,-0.162,0.583,0.0,35.0,28.18,0.0,10.0,0.0,6.0,-9.44,-0.16,-0.98,-0.21,-0.11,-4.97,-3.63,179.0,TESTR,AKR-TESTR-<MAC6>,0.0,1.0,0.0,100.0
38520,1,walk,walk,7261,,7261.0,20.0,0.0,0.0,1.0,-9.74,-0.154,0.375,0.0,35.0,28.18,0.0,10.0,0.0,6.0,-9.82,-0.17,-0.98,-0.21,0.25,-4.58,-6.21,179.0,TESTR,AKR-TESTR-<MAC6>,0.0,1.0,0.0,100.0
38560,1,walk,walk,7262,,7262.0,20.0,0.0,0.0,1.0,-9.87,-0.148,0.597,0.0,35.0,28.18,0.0,10.0,0.0,6.0,-10.08,-0.17,-0.98,-0.21,0.73,-4.21,-8.59,179.0,TESTR,AKR-TESTR-<MAC6>,0.0,1.0,0.0,100.0
38560,1,walk,walk,7263,,7263.0,20.0,0.0,0.0,1.0,-9.99,-0.138,0.704,0.0,35.0,28.14,0.0,10.0,0.0,6.0,-10.23,-0.18,-0.98,-0.22,1.3,-3.89,-10.78,179.0,TESTR,AKR-TESTR-<MAC6>,0.0,1.0,0.0,100.0
38600,1,walk,walk,7264,,7264.0,20.0,0.0,0.0,1.0,-10.07,-0.13,0.37,0.0,35.0,28.14,0.0,10.0,0.0,6.0,-10.27,-0.18,-0.98,-0.22,1.96,-3.57,-12.75,179.0,TESTR,AKR-TESTR-<MAC6>,0.0,1.0,0.0,100.0
38620,1,walk,walk,7265,,7265.0,20.0,0.0,0.0,1.0,-10.14,-0.123,0.483,0.0,35.0,28.18,0.0,10.0,0.0,6.0,-10.22,-0.18,-0.98,-0.22,2.69,-3.26,-14.48,179.0,TESTR,AKR-TESTR-<MAC6>,0.0,1.0,0.0,100.0
38640,1,walk,walk,7266,,7266.0,20.0,0.0,0.0,1.0,-10.17,-0.115,0.637,0.0,35.0,28.18,0.0,10.0,0.0,6.0,-10.1,-0.17,-0.97,-0.22,3.49,-2.95,-16.01,179.0,TESTR,AKR-TESTR-<MAC6>,0.0,1.0,0.0,100.0
38660,1,walk,walk,7267,,7267.0,20.0,0.0,0.0,1.0,-10.17,-0.105,0.489,0.0,35.0,28.18,0.0,10.0,0.0,6.0,-9.91,-0.17,-0.97,-0.22,4.35,-2.64,-17.37,179.0,TESTR,AKR-TESTR-<MAC6>,0.0,1.0,0.0,100.0
38680,1,walk,walk,7268,,7268.0,20.0,0.0,0.0,1.0,-10.15,-0.097,0.554,0.0,35.0,28.18,0.0,10.0,0.0,6.0,-9.67,-0.17,-0.97,-0.22,5.23,-2.31,-18.6,179.0,TESTR,AKR-TESTR-<MAC6>,0.0,1.0,0.0,100.0
38680,1,walk,walk,7269,,7269.0,20.0,0.0,0.0,1.0,-10.09,-0.086,0.762,0.0,35.0,28.18,0.0,10.0,0.0,6.0,-9.38,-0.16,-0.98,-0.22,6.1,-1.99,-19.72,179.0,TESTR,AKR-TESTR-<MAC6>,0.0,1.0,0.0,100.0
38700,1,walk,walk,7270,,7270.0,20.0,0.0,0.0,1.0,-10.01,-0.077,0.488,0.0,35.0,28.18,0.0,10.0,0.0,6.0,-9.05,-0.16,-0.98,-0.22,6.91,-1.67,-20.77,179.0,TESTR,AKR-TESTR-<MAC6>,0.0,1.0,0.0,100.0
38740,1,walk,walk,7271,,7271.0,20.0,0.0,0.0,1.0,-9.89,-0.07,0.42,0.0,35.0,28.18,0.0,10.0,0.0,6.0,-8.69,-0.15,-0.98,-0.22,7.67,-1.35,-21.71,179.0,TESTR,AKR-TESTR-<MAC6>,0.0,1.0,0.0,100.0
38740,1,walk,walk,7272,,7272.0,20.0,0.0,0.0,1.0,-9.74,-0.064,0.442,0.0,35.0,28.18,0.0,10.0,0.0,6.0,-8.3,-0.14,-0.98,-0.21,8.39,-1.05,-22.51,179.0,TESTR,AKR-TESTR-<MAC6>,0.0,1.0,0.0,100.0
38780,1,walk,walk,7273,,7273.0,20.0,0.0,0.0,1.0,-9.57,-0.057,0.485,0.0,35.0,28.14,0.0,10.0,0.0,6.0,-7.88,-0.14,-0.98,-0.21,9.09,-0.81,-23.17,180.0,TESTR,AKR-TESTR-<MAC6>,0.0,1.0,0.0,100.0
38800,1,walk,walk,7274,,7274.0,20.0,0.0,0.0,1.0,-9.36,-0.051,0.336,0.0,35.0,28.14,0.0,10.0,0.0,6.0,-7.44,-0.13,-0.98,-0.21,9.78,-0.66,-23.68,180.0,TESTR,AKR-TESTR-<MAC6>,0.0,1.0,0.0,100.0
38800,1,walk,walk,7275,,7275.0,20.0,0.0,0.0,1.0,-9.13,-0.046,0.304,0.0,35.0,28.18,0.0,10.0,0.0,6.0,-6.99,-0.12,-0.98,-0.2,10.47,-0.6,-24.02,180.0,TESTR,AKR-TESTR-<MAC6>,0.0,1.0,0.0,100.0
38820,1,walk,walk,7276,,7276.0,20.0,0.0,0.0,1.0,-8.87,-0.042,0.241,0.0,35.0,28.18,0.0,10.0,0.0,6.0,-6.53,-0.11,-0.99,-0.2,11.16,-0.64,-24.21,180.0,TESTR,AKR-TESTR-<MAC6>,0.0,1.0,0.0,100.0
38860,1,walk,walk,7277,,7277.0,20.0,0.0,0.0,1.0,-8.59,-0.036,0.451,0.0,35.0,28.18,0.0,10.0,0.0,6.0,-6.08,-0.11,-0.99,-0.2,11.92,-0.76,-24.31,180.0,TESTR,AKR-TESTR-<MAC6>,0.0,1.0,0.0,100.0
38860,1,walk,walk,7278,,7278.0,20.0,0.0,6.0,2.0,-8.29,-0.029,0.512,0.0,35.0,28.18,0.0,10.0,0.0,6.0,-5.66,-0.1,-0.99,-0.2,12.83,-0.96,-24.46,180.0,TESTR,AKR-TESTR-<MAC6>,0.0,1.0,0.0,100.0
38880,1,walk,walk,7279,,7279.0,20.0,0.0,6.0,2.0,-7.97,-0.024,0.719,-0.152,35.0,28.14,0.0,18.0,0.0,6.0,-5.28,-0.09,-0.99,-0.19,13.91,-1.27,-24.79,180.0,TESTR,AKR-TESTR-<MAC6>,0.0,1.0,0.0,100.0
38920,1,walk,walk,7280,,7280.0,20.0,0.0,6.0,2.0,-7.62,-0.014,0.771,-0.079,35.0,28.14,0.0,18.0,0.0,6.0,-4.95,-0.09,-1.0,-0.19,15.15,-1.65,-25.43,180.0,TESTR,AKR-TESTR-<MAC6>,0.0,1.0,0.0,100.0
38940,1,walk,walk,7281,,7281.0,20.0,0.0,6.0,2.0,-7.26,-0.006,0.426,-0.288,35.0,28.14,0.0,18.0,0.0,6.0,-4.63,-0.08,-1.0,-0.19,16.49,-1.97,-26.38,180.0,TESTR,AKR-TESTR-<MAC6>,0.0,1.0,0.0,100.0
38960,1,walk,walk,7282,,7282.0,20.0,0.0,6.0,2.0,-6.89,-0.002,0.164,-0.251,35.0,28.14,0.0,18.0,0.0,6.0,-4.32,-0.08,-1.0,-0.18,17.82,-2.03,-27.58,180.0,TESTR,AKR-TESTR-<MAC6>,0.0,1.0,0.0,100.0
38980,1,walk,walk,7283,,7283.0,20.0,0.0,6.0,2.0,-6.5,-0.001,0.052,-0.03,35.0,28.14,0.0,18.0,0.0,6.0,-4.02,-0.07,-1.01,-0.18,19.02,-1.63,-29.0,180.0,TESTR,AKR-TESTR-<MAC6>,0.0,1.0,0.0,100.0
39020,1,walk,walk,7284,,7284.0,20.0,1.0,6.0,2.0,-6.09,-0.001,-0.018,0.195,35.0,28.14,0.0,19.0,0.0,6.0,-3.71,-0.07,-1.02,-0.18,19.97,-0.61,-30.62,180.0,TESTR,AKR-TESTR-<MAC6>,0.0,1.0,0.0,100.0
39020,1,walk,walk,7285,,7285.0,20.0,0.0,6.0,2.0,-5.67,-0.003,-0.109,0.48,35.0,28.14,0.0,18.0,0.0,6.0,-3.42,-0.06,-1.02,-0.18,20.51,1.23,-32.35,180.0,TESTR,AKR-TESTR-<MAC6>,0.0,1.0,0.0,100.0
39040,1,walk,walk,7286,,7286.0,20.0,1.0,6.0,2.0,-5.24,-0.005,-0.076,0.738,35.0,28.14,0.0,19.0,0.0,6.0,-3.27,-0.06,-1.03,-0.18,20.47,4.09,-33.88,180.0,TESTR,AKR-TESTR-<MAC6>,0.0,1.0,0.0,100.0
39040,1,walk,walk,7287,,7287.0,20.0,1.0,6.0,2.0,-4.79,-0.006,0.042,0.687,35.0,28.14,0.0,19.0,0.0,6.0,-3.48,-0.06,-1.03,-0.18,19.64,7.77,-34.6,180.0,TESTR,AKR-TESTR-<MAC6>,0.0,1.0,0.0,100.0
39080,1,walk,walk,7288,,7288.0,20.0,0.0,6.0,2.0,-4.33,-0.006,-0.073,0.593,35.0,28.14,0.0,18.0,0.0,6.0,-4.27,-0.08,-1.04,-0.19,17.98,11.63,-33.94,180.0,TESTR,AKR-TESTR-<MAC6>,0.0,1.0,0.0,100.0
39100,1,walk,walk,7289,,7289.0,20.0,0.0,6.0,2.0,-3.86,-0.005,-0.054,0.652,35.0,28.14,0.0,18.0,0.0,6.0,-5.74,-0.1,-1.04,-0.19,15.66,14.8,-31.55,180.0,TESTR,AKR-TESTR-<MAC6>,0.0,1.0,0.0,100.0
39140,1,walk,walk,7290,,7290.0,20.0,1.0,6.0,2.0,-3.37,-0.005,-0.001,0.627,35.0,28.14,0.0,19.0,0.0,6.0,-7.8,-0.14,-1.04,-0.2,12.99,16.43,-27.37,180.0,TESTR,AKR-TESTR-<MAC6>,0.0,1.0,0.0,100.0
39140,1,walk,walk,7291,,7291.0,20.0,1.0,6.0,2.0,-2.88,-0.006,0.006,0.633,35.0,28.14,0.0,19.0,0.0,6.0,-10.22,-0.19,-1.04,-0.21,10.23,16.03,-21.66,180.0,TESTR,AKR-TESTR-<MAC6>,0.0,1.0,0.0,100.0
39160,1,walk,walk,7292,,7292.0,20.0,1.0,6.0,2.0,-2.39,-0.006,0.048,0.675,35.0,28.14,0.0,19.0,0.0,6.0,-12.7,-0.24,-1.05,-0.22,7.59,13.58,-14.81,180.0,TESTR,AKR-TESTR-<MAC6>,0.0,1.0,0.0,100.0
39180,1,walk,walk,7293,,7293.0,20.0,1.0,1.0,5.0,-1.91,-0.006,-0.073,0.674,35.0,28.14,0.0,19.0,0.0,7.0,-14.96,-0.28,-1.05,-0.22,5.23,9.43,-7.31,180.0,TESTR,AKR-TESTR-<MAC6>,0.0,1.0,0.0,100.0
39180,1,walk,walk,7294,,7294.0,20.0,0.0,1.0,5.0,-1.45,-0.006,-0.009,0.668,35.0,28.07,0.0,19.0,0.0,7.0,-16.78,-0.32,-1.05,-0.22,3.28,4.14,0.14,180.0,TESTR,AKR-TESTR-<MAC6>,0.0,1.0,0.0,100.0
39220,1,walk,walk,7295,,7295.0,20.0,0.0,1.0,6.0,-1.02,0.03,3.307,1.856,35.0,27.97,0.0,19.0,0.0,7.0,-18.07,-0.34,-1.05,-0.22,1.81,-1.68,6.99,180.0,TESTR,AKR-TESTR-<MAC6>,0.0,1.0,0.0,100.0
39220,1,walk,walk,7296,,7296.0,20.0,0.0,1.0,6.0,-0.64,0.076,2.881,2.341,35.0,27.93,0.0,19.0,0.0,7.0,-18.76,-0.36,-1.05,-0.22,0.74,-7.29,13.0,180.0,TESTR,AKR-TESTR-<MAC6>,0.0,1.0,0.0,100.0
39240,1,walk,walk,7297,,7297.0,20.0,0.0,1.0,6.0,-0.32,0.114,2.338,2.851,35.0,27.9,0.0,19.0,0.0,7.0,-18.88,-0.36,-1.04,-0.22,-0.14,-12.01,18.12,180.0,TESTR,AKR-TESTR-<MAC6>,0.0,1.0,0.0,100.0
39300,1,walk,walk,7298,,7298.0,20.0,0.0,1.0,6.0,-0.07,0.146,1.91,3.326,35.0,27.86,0.0,19.0,0.0,7.0,-18.45,-0.35,-1.04,-0.22,-1.0,-15.37,22.47,180.0,TESTR,AKR-TESTR-<MAC6>,0.0,1.0,0.0,100.0
39300,1,walk,walk,7299,,7299.0,20.0,0.0,1.0,6.0,0.1,0.17,1.556,3.869,35.0,27.79,0.0,19.0,0.0,7.0,-17.52,-0.33,-1.03,-0.23,-2.01,-17.26,26.17,180.0,TESTR,AKR-TESTR-<MAC6>,0.0,1.0,0.0,100.0
39300,1,walk,walk,7300,,7300.0,20.0,0.0,1.0,6.0,0.18,0.189,1.299,4.236,35.0,27.76,0.0,19.0,0.0,7.0,-16.15,-0.3,-1.03,-0.23,-3.3,-17.89,29.34,180.0,TESTR,AKR-TESTR-<MAC6>,0.0,1.0,0.0,100.0
39340,1,walk,walk,7301,,7301.0,20.0,0.0,1.0,6.0,0.18,0.205,0.977,4.539,35.0,27.72,0.0,19.0,0.0,7.0,-14.4,-0.26,-1.02,-0.24,-4.91,-17.6,32.01,180.0,TESTR,AKR-TESTR-<MAC6>,0.0,1.0,0.0,100.0
39340,1,walk,walk,7302,,7302.0,20.0,0.0,1.0,6.0,0.08,0.216,0.68,4.911,35.0,27.69,0.0,19.0,0.0,7.0,-12.32,-0.22,-1.01,-0.24,-6.82,-16.81,34.19,180.0,TESTR,AKR-TESTR-<MAC6>,0.0,1.0,0.0,100.0
39360,1,walk,walk,7303,,7303.0,20.0,0.0,1.0,6.0,-0.1,0.225,0.6,5.267,35.0,27.65,0.0,19.0,0.0,7.0,-9.94,-0.18,-1.01,-0.25,-8.97,-15.83,35.81,180.0,TESTR,AKR-TESTR-<MAC6>,0.0,1.0,0.0,100.0
39400,1,walk,walk,7304,,7304.0,20.0,0.0,1.0,6.0,-0.36,0.232,0.42,5.342,35.0,27.62,0.0,19.0,0.0,7.0,-7.31,-0.13,-1.0,-0.26,-11.25,-14.86,36.77,180.0,TESTR,AKR-TESTR-<MAC6>,0.0,1.0,0.0,100.0
39400,1,walk,walk,7305,,7305.0,20.0,0.0,1.0,6.0,-0.69,0.238,0.389,5.243,35.0,27.62,0.0,19.0,0.0,7.0,-4.49,-0.08,-0.99,-0.26,-13.54,-13.97,36.92,180.0,TESTR,AKR-TESTR-<MAC6>,0.0,1.0,0.0,100.0
39440,1,walk,walk,7306,,7306.0,20.0,0.0,3.0,7.0,-1.1,0.245,0.352,5.249,35.0,27.65,0.0,19.0,0.0,7.0,-1.54,-0.03,-0.98,-0.26,-15.73,-13.15,36.13,180.0,TESTR,AKR-TESTR-<MAC6>,0.0,1.0,0.0,100.0
39460,1,walk,walk,7307,,7307.0,20.0,1.0,3.0,7.0,-1.55,0.25,0.179,5.322,35.0,27.65,0.0,20.0,0.0,7.0,1.43,0.02,-0.97,-0.26,-17.71,-12.39,34.34,180.0,TESTR,AKR-TESTR-<MAC6>,0.0,1.0,0.0,100.0
39460,1,walk,walk,7308,,7308.0,20.0,0.0,3.0,7.0,-2.06,0.252,0.058,5.529,35.0,27.62,0.0,19.0,0.0,7.0,4.27,0.07,-0.96,-0.25,-19.45,-11.67,31.64,180.0,TESTR,AKR-TESTR-<MAC6>,0.0,1.0,0.0,100.0
39480,1,walk,walk,7309,,7309.0,20.0,0.0,3.0,7.0,-2.59,0.253,0.087,5.608,35.0,27.62,0.0,19.0,0.0,7.0,6.87,0.11,-0.95,-0.24,-20.9,-11.06,28.16,180.0,TESTR,AKR-TESTR-<MAC6>,0.0,1.0,0.0,100.0
39520,1,walk,walk,7310,,7310.0,20.0,0.0,3.0,7.0,-3.14,0.252,-0.16,5.487,35.0,27.65,0.0,19.0,0.0,7.0,9.11,0.15,-0.94,-0.23,-22.09,-10.62,24.11,180.0,TESTR,AKR-TESTR-<MAC6>,0.0,1.0,0.0,100.0
39520,1,walk,walk,7311,,7311.0,20.0,0.0,3.0,7.0,-3.69,0.249,-0.179,5.298,35.0,27.69,0.0,19.0,0.0,7.0,10.93,0.18,-0.93,-0.22,-23.03,-10.48,19.68,180.0,TESTR,AKR-TESTR-<MAC6>,0.0,1.0,0.0,100.0
39540,1,walk,walk,7312,,7312.0,20.0,1.0,3.0,7.0,-4.24,0.243,-0.53,4.999,35.0,27.76,0.0,20.0,0.0,7.0,12.32,0.2,-0.93,-0.21,-23.75,-10.72,15.09,180.0,TESTR,AKR-TESTR-<MAC6>,0.0,1.0,0.0,100.0
39580,1,walk,walk,7313,,7313.0,20.0,0.0,3.0,7.0,-4.76,0.234,-0.688,4.571,35.0,27.86,0.0,19.0,0.0,7.0,13.09,0.21,-0.92,-0.21,-24.31,-11.35,10.53,180.0,TESTR,AKR-TESTR-<MAC6>,0.0,1.0,0.0,100.0
39620,1,walk,walk,7314,,7314.0,20.0,0.0,3.0,7.0,-5.24,0.216,-1.672,4.568,35.0,27.93,0.0,19.0,0.0,7.0,12.96,0.21,-0.93,-0.19,-24.28,-12.99,6.26,180.0,TESTR,AKR-TESTR-<MAC6>,0.0,1.0,0.0,100.0
39620,1,walk,walk,7315,,7315.0,20.0,0.0,0.0,1.0,-5.67,0.174,-3.492,4.799,35.0,28.04,0.0,19.0,0.0,7.0,11.93,0.2,-0.95,-0.18,-23.3,-16.23,2.52,180.0,TESTR,AKR-TESTR-<MAC6>,0.0,1.0,0.0,100.0
39640,1,walk,walk,7316,,7316.0,20.0,0.0,0.0,1.0,-6.06,0.103,-5.814,3.598,35.0,28.04,0.0,19.0,0.0,7.0,10.11,0.17,-0.97,-0.16,-21.39,-20.7,-0.14,180.0,TESTR,AKR-TESTR-<MAC6>,0.0,1.0,0.0,100.0
39640,1,walk,walk,7317,,7317.0,20.0,0.0,0.0,1.0,-6.38,-0.166,-32.768,0.0,35.0,28.18,0.0,14.0,0.0,7.0,7.93,0.14,-0.99,-0.14,-18.75,-25.92,-0.17,180.0,TESTR,AKR-TESTR-<MAC6>,0.0,1.0,0.0,100.0
39660,1,walk,walk,7318,,7318.0,20.0,0.0,0.0,1.0,-6.64,-0.293,-3.731,0.0,35.0,28.18,0.0,14.0,0.0,7.0,5.78,0.1,-1.01,-0.12,-15.94,-31.24,2.27,180.0,TESTR,AKR-TESTR-<MAC6>,0.0,1.0,0.0,100.0
39700,1,walk,walk,7319,,7319.0,20.0,1.0,0.0,1.0,-6.84,-0.291,2.02,0.0,35.0,28.18,0.0,15.0,0.0,7.0,3.93,0.07,-1.03,-0.11,-13.26,-36.08,5.72,180.0,TESTR,AKR-TESTR-<MAC6>,0.0,1.0,0.0,100.0
39700,1,walk,walk,7320,,7320.0,20.0,0.0,0.0,1.0,-6.98,-0.271,0.546,0.0,35.0,28.14,0.0,14.0,0.0,7.0,2.45,0.04,-1.05,-0.09,-10.83,-40.03,8.96,180.0,TESTR,AKR-TESTR-<MAC6>,0.0,1.0,0.0,100.0
39720,1,walk,walk,7321,,7321.0,20.0,1.0,0.0,1.0,-7.07,-0.262,0.997,0.0,35.0,28.14,0.0,15.0,0.0,7.0,1.36,0.03,-1.06,-0.08,-8.66,-42.75,11.21,180.0,TESTR,AKR-TESTR-<MAC6>,0.0,1.0,0.0,100.0
39760,1,walk,walk,7322,,7322.0,20.0,1.0,0.0,1.0,-7.13,-0.244,1.15,0.0,35.0,28.18,0.0,15.0,0.0,7.0,0.57,0.01,-1.07,-0.07,-6.78,-44.15,12.1,180.0,TESTR,AKR-TESTR-<MAC6>,0.0,1.0,0.0,100.0
39780,1,walk,walk,7323,,7323.0,20.0,1.0,0.0,1.0,-7.15,-0.236,0.134,0.0,35.0,28.14,0.0,15.0,0.0,7.0,-0.02,0.0,-1.08,-0.07,-5.22,-44.26,11.74,181.0,TESTR,AKR-TESTR-<MAC6>,0.0,1.0,0.0,100.0
39800,1,walk,walk,7324,,7324.0,20.0,1.0,0.0,1.0,-7.16,-0.234,-0.022,0.0,35.0,28.14,0.0,15.0,0.0,7.0,-0.48,-0.01,-1.09,-0.07,-4.03,-43.19,10.53,181.0,TESTR,AKR-TESTR-<MAC6>,0.0,1.0,0.0,100.0
39820,1,walk,walk,7325,,7325.0,20.0,1.0,0.0,1.0,-7.15,-0.234,-0.079,0.0,35.0,28.18,0.0,15.0,0.0,7.0,-0.89,-0.02,-1.09,-0.06,-3.2,-41.17,8.94,181.0,TESTR,AKR-TESTR-<MAC6>,0.0,1.0,0.0,100.0
39840,1,walk,walk,7326,,7326.0,20.0,1.0,0.0,1.0,-7.13,-0.236,-0.258,0.0,35.0,28.14,0.0,15.0,0.0,7.0,-1.3,-0.02,-1.09,-0.07,-2.66,-38.45,7.38,181.0,TESTR,AKR-TESTR-<MAC6>,0.0,1.0,0.0,100.0
39840,1,walk,walk,7327,,7327.0,20.0,1.0,0.0,1.0,-7.12,-0.238,-0.205,0.0,35.0,28.14,0.0,15.0,0.0,7.0,-1.78,-0.03,-1.08,-0.07,-2.31,-35.27,6.12,181.0,TESTR,AKR-TESTR-<MAC6>,0.0,1.0,0.0,100.0
39880,1,walk,walk,7328,,7328.0,20.0,1.0,0.0,1.0,-7.1,-0.241,0.049,0.0,35.0,28.18,0.0,15.0,0.0,7.0,-2.38,-0.04,-1.08,-0.08,-2.08,-31.85,5.18,181.0,TESTR,AKR-TESTR-<MAC6>,0.0,1.0,0.0,100.0
39880,1,walk,walk,7329,,7329.0,20.0,1.0,0.0,1.0,-7.08,-0.24,-0.029,0.0,35.0,28.18,0.0,15.0,0.0,7.0,-3.11,-0.06,-1.07,-0.09,-1.93,-28.38,4.47,181.0,TESTR,AKR-TESTR-<MAC6>,0.0,1.0,0.0,100.0
39900,1,walk,walk,7330,,7330.0,20.0,1.0,0.0,1.0,-7.07,-0.237,0.395,0.0,35.0,28.18,0.0,15.0,0.0,7.0,-3.96,-0.07,-1.06,-0.1,-1.82,-25.0,3.78,181.0,TESTR,AKR-TESTR-<MAC6>,0.0,1.0,0.0,100.0
39960,1,walk,walk,7331,,7331.0,20.0,1.0,0.0,1.0,-7.06,-0.228,0.731,0.0,35.0,28.18,0.0,15.0,0.0,7.0,-4.9,-0.09,-1.05,-0.11,-1.73,-21.78,2.9,181.0,TESTR,AKR-TESTR-<MAC6>,0.0,1.0,0.0,100.0
39960,1,walk,walk,7332,,7332.0,20.0,0.0,0.0,1.0,-7.06,-0.216,0.704,0.0,35.0,28.14,0.0,14.0,0.0,7.0,-5.87,-0.11,-1.04,-0.12,-1.64,-18.8,1.67,181.0,TESTR,AKR-TESTR-<MAC6>,0.0,1.0,0.0,100.0
39960,1,walk,walk,7333,,7333.0,20.0,0.0,0.0,1.0,-7.06,-0.206,0.534,0.0,35.0,28.18,0.0,14.0,0.0,7.0,-6.83,-0.12,-1.03,-0.13,-1.51,-16.12,0.09,181.0,TESTR,AKR-TESTR-<MAC6>,0.0,1.0,0.0,100.0
40000,1,walk,walk,7334,,7334.0,20.0,0.0,0.0,1.0,-7.06,-0.2,0.348,0.0,35.0,28.14,0.0,14.0,0.0,7.0,-7.71,-0.14,-1.02,-0.14,-1.31,-13.75,-1.74,181.0,TESTR,AKR-TESTR-<MAC6>,0.0,1.0,0.0,100.0
40000,1,walk,walk,7335,,7335.0,20.0,0.0,0.0,1.0,-7.06,-0.192,0.54,0.0,35.0,28.18,0.0,14.0,0.0,7.0,-8.48,-0.15,-1.01,-0.15,-1.01,-11.72,-3.72,181.0,TESTR,AKR-TESTR-<MAC6>,0.0,1.0,0.0,100.0
40020,1,walk,walk,7336,,7336.0,20.0,0.0,0.0,1.0,-7.06,-0.184,0.557,0.0,35.0,28.14,0.0,14.0,0.0,7.0,-9.13,-0.16,-1.01,-0.16,-0.61,-9.99,-5.76,181.0,TESTR,AKR-TESTR-<MAC6>,0.0,1.0,0.0,100.0
40060,1,walk,walk,7337,,7337.0,20.0,0.0,0.0,1.0,-7.06,-0.179,0.342,0.0,35.0,28.18,0.0,14.0,0.0,7.0,-9.65,-0.17,-1.0,-0.16,-0.1,-8.51,-7.73,181.0,TESTR,AKR-TESTR-<MAC6>,0.0,1.0,0.0,100.0
40080,1,walk,walk,7338,,7338.0,20.0,0.0,0.0,1.0,-7.06,-0.174,0.314,0.0,35.0,28.14,0.0,14.0,0.0,7.0,-10.03,-0.18,-1.0,-0.17,0.5,-7.25,-9.56,181.0,TESTR,AKR-TESTR-<MAC6>,0.0,1.0,0.0,100.0
40100,1,walk,walk,7339,,7339.0,20.0,0.0,0.0,1.0,-7.05,-0.167,0.518,0.0,35.0,28.18,0.0,14.0,0.0,7.0,-10.3,-0.18,-0.99,-0.17,1.19,-6.21,-11.2,181.0,TESTR,AKR-TESTR-<MAC6>,0.0,1.0,0.0,100.0
40120,1,walk,walk,7340,,7340.0,20.0,0.0,0.0,1.0,-7.04,-0.159,0.468,0.0,35.0,28.14,0.0,14.0,0.0,7.0,-10.45,-0.18,-0.99,-0.18,1.96,-5.33,-12.66,181.0,TESTR,AKR-TESTR-<MAC6>,0.0,1.0,0.0,100.0
40160,1,walk,walk,7341,,7341.0,20.0,0.0,0.0,1.0,-7.02,-0.154,0.248,0.0,35.0,28.14,0.0,14.0,0.0,7.0,-10.5,-0.18,-0.99,-0.18,2.77,-4.57,-13.91,181.0,TESTR,AKR-TESTR-<MAC6>,0.0,1.0,0.0,100.0
40160,1,walk,walk,7342,,7342.0,20.0,0.0,0.0,1.0,-6.98,-0.148,0.371,0.0,35.0,28.14,0.0,14.0,0.0,7.0,-10.47,-0.18,-0.99,-0.18,3.62,-3.92,-14.95,181.0,TESTR,AKR-TESTR-<MAC6>,0.0,1.0,0.0,100.0
40180,1,walk,walk,7343,,7343.0,20.0,0.0,0.0,1.0,-6.94,-0.14,0.651,0.0,35.0,28.14,0.0,14.0,0.0,7.0,-10.37,-0.18,-0.98,-0.18,4.47,-3.37,-15.83,181.0,TESTR,AKR-TESTR-<MAC6>,0.0,1.0,0.0,100.0
40180,1,walk,walk,7344,,7344.0,20.0,0.0,0.0,1.0,-6.88,-0.132,0.42,0.0,35.0,28.18,0.0,14.0,0.0,7.0,-10.21,-0.18,-0.98,-0.18,5.33,-2.88,-16.55,181.0,TESTR,AKR-TESTR-<MAC6>,0.0,1.0,0.0,100.0
40200,1,walk,walk,7345,,7345.0,20.0,0.0,0.0,1.0,-6.8,-0.127,0.379,0.0,35.0,28.14,0.0,14.0,0.0,7.0,-10.0,-0.17,-0.98,-0.18,6.22,-2.43,-17.14,181.0,TESTR,AKR-TESTR-<MAC6>,0.0,1.0,0.0,100.0
40240,1,walk,walk,7346,,7346.0,20.0,0.0,0.0,1.0,-6.71,-0.122,0.493,0.0,35.0,28.14,0.0,14.0,0.0,7.0,-9.77,-0.17,-0.98,-0.18,7.14,-2.03,-17.63,181.0,TESTR,AKR-TESTR-<MAC6>,0.0,1.0,0.0,100.0
40260,1,walk,walk,7347,,7347.0,20.0,0.0,0.0,1.0,-6.61,-0.112,0.567,0.0,35.0,28.18,0.0,14.0,0.0,7.0,-9.52,-0.16,-0.98,-0.18,8.08,-1.71,-18.12,181.0,TESTR,AKR-TESTR-<MAC6>,0.0,1.0,0.0,100.0
40300,1,walk,walk,7348,,7348.0,20.0,0.0,0.0,1.0,-6.48,-0.104,0.416,0.0,35.0,28.14,0.0,14.0,0.0,7.0,-9.26,-0.16,-0.98,-0.18,9.04,-1.46,-18.66,181.0,TESTR,AKR-TESTR-<MAC6>,0.0,1.0,0.0,100.0
40300,1,walk,walk,7349,,7349.0,20.0,0.0,0.0,1.0,-6.35,-0.096,0.634,0.0,35.0,28.18,0.0,14.0,0.0,7.0,-9.02,-0.16,-0.98,-0.18,10.05,-1.3,-19.32,181.0,TESTR,AKR-TESTR-<MAC6>,0.0,1.0,0.0,100.0
40300,1,walk,walk,7350,,7350.0,20.0,0.0,0.0,1.0,-6.19,-0.085,0.845,0.0,35.0,28.18,0.0,14.0,0.0,7.0,-8.78,-0.15,-0.99,-0.17,11.07,-1.25,-20.23,181.0,TESTR,AKR-TESTR-<MAC6>,0.0,1.0,0.0,100.0
40320,1,walk,walk,7351,,7351.0,20.0,0.0,6.0,2.0,-6.03,-0.072,0.93,0.0,35.0,28.14,0.0,14.0,0.0,7.0,-8.56,-0.15,-0.99,-0.17,12.14,-1.35,-21.48,181.0,TESTR,AKR-TESTR-<MAC6>,0.0,1.0,0.0,100.0
40360,1,walk,walk,7352,,7352.0,20.0,0.0,6.0,2.0,-5.84,-0.06,1.347,-0.221,35.0,28.14,0.0,18.0,0.0,7.0,-8.34,-0.14,-0.99,-0.17,13.25,-1.61,-23.23,181.0,TESTR,AKR-TESTR-<MAC6>,0.0,1.0,0.0,100.0
40360,1,walk,walk,7353,,7353.0,20.0,0.0,6.0,2.0,-5.64,-0.036,1.672,0.303,35.0,28.14,0.0,18.0,0.0,7.0,-8.12,-0.14,-0.99,-0.16,14.47,-2.02,-25.6,181.0,TESTR,AKR-TESTR-<MAC6>,0.0,1.0,0.0,100.0
40380,1,walk,walk,7354,,7354.0,20.0,0.0,6.0,2.0,-5.43,-0.017,0.976,0.119,35.0,28.14,0.0,18.0,0.0,7.0,-7.89,-0.14,-0.99,-0.16,15.77,-2.34,-28.49,181.0,TESTR,AKR-TESTR-<MAC6>,0.0,1.0,0.0,100.0
40440,1,walk,walk,7355,,7355.0,20.0,0.0,6.0,2.0,-5.2,-0.007,0.609,-0.25,35.0,28.14,0.0,18.0,0.0,7.0,-7.61,-0.13,-1.0,-0.16,17.02,-2.16,-31.72,181.0,TESTR,AKR-TESTR-<MAC6>,0.0,1.0,0.0,100.0
40440,1,walk,walk,7356,,7356.0,20.0,0.0,6.0,2.0,-4.94,-0.002,0.237,-0.176,35.0,28.14,0.0,18.0,0.0,7.0,-7.28,-0.13,-1.0,-0.16,18.06,-1.12,-35.09,181.0,TESTR,AKR-TESTR-<MAC6>,0.0,1.0,0.0,100.0
40460,1,walk,walk,7357,,7357.0,20.0,1.0,6.0,2.0,-4.67,-0.002,-0.042,0.084,35.0,28.14,0.0,19.0,0.0,7.0,-6.91,-0.12,-1.01,-0.16,18.71,1.08,-38.42,181.0,TESTR,AKR-TESTR-<MAC6>,0.0,1.0,0.0,100.0
40480,1,walk,walk,7358,,7358.0,20.0,1.0,6.0,2.0,-4.37,-0.002,-0.017,0.301,35.0,28.14,0.0,19.0,0.0,7.0,-6.54,-0.12,-1.02,-0.16,18.79,4.8,-41.48,181.0,TESTR,AKR-TESTR-<MAC6>,0.0,1.0,0.0,100.0
40480,1,walk,walk,7359,,7359.0,20.0,1.0,6.0,2.0,-4.05,-0.004,-0.112,0.594,35.0,28.14,0.0,19.0,0.0,7.0,-6.31,-0.11,-1.03,-0.17,18.14,10.29,-43.65,181.0,TESTR,AKR-TESTR-<MAC6>,0.0,1.0,0.0,100.0
40500,1,walk,walk,7360,,7360.0,20.0,1.0,6.0,2.0,-3.69,-0.004,0.026,0.489,35.0,28.14,0.0,19.0,0.0,7.0,-6.44,-0.12,-1.03,-0.18,16.63,17.27,-44.14,181.0,TESTR,AKR-TESTR-<MAC6>,0.0,1.0,0.0,100.0
40540,1,walk,walk,7361,,7361.0,20.0,0.0,6.0,2.0,-3.31,-0.004,0.033,0.418,35.0,28.14,0.0,18.0,0.0,7.0,-7.15,-0.13,-1.04,-0.18,14.31,24.84,-42.41,181.0,TESTR,AKR-TESTR-<MAC6>,0.0,1.0,0.0,100.0
40560,1,walk,walk,7362,,7362.0,20.0,1.0,6.0,2.0,-2.89,-0.004,-0.054,0.457,35.0,28.14,0.0,19.0,0.0,7.0,-8.53,-0.16,-1.04,-0.19,11.4,31.73,-38.33,181.0,TESTR,AKR-TESTR-<MAC6>,0.0,1.0,0.0,100.0
40580,1,walk,walk,7363,,7363.0,20.0,1.0,6.0,2.0,-2.44,-0.004,0.033,0.445,35.0,28.14,0.0,19.0,0.0,7.0,-10.49,-0.19,-1.04,-0.2,8.17,36.61,-32.18,181.0,TESTR,AKR-TESTR-<MAC6>,0.0,1.0,0.0,100.0
40620,1,walk,walk,7364,,7364.0,20.0,1.0,6.0,2.0,-1.98,-0.004,-0.005,0.48,35.0,28.14,0.0,19.0,0.0,7.0,-12.81,-0.24,-1.04,-0.21,4.87,38.57,-24.5,181.0,TESTR,AKR-TESTR-<MAC6>,0.0,1.0,0.0,100.0
40620,1,walk,walk,7365,,7365.0,20.0,1.0,1.0,5.0,-1.5,-0.004,0.015,0.561,35.0,28.14,0.0,19.0,1440.0,8.0,-15.17,-0.28,-1.04,-0.22,1.68,37.25,-15.96,181.0,TESTR,AKR-TESTR-<MAC6>,0.0,1.0,0.0,100.0
40620,1,walk,walk,7366,,7366.0,20.0,0.0,1.0,5.0,-1.03,-0.004,-0.018,0.54,35.0,28.07,0.0,19.0,1440.0,8.0,-17.27,-0.32,-1.04,-0.23,-1.26,32.79,-7.18,181.0,TESTR,AKR-TESTR-<MAC6>,0.0,1.0,0.0,100.0
40660,1,walk,walk,7367,,7367.0,20.0,0.0,1.0,6.0,-0.57,0.032,3.339,1.713,35.0,28.0,0.0,19.0,1440.0,8.0,-18.86,-0.35,-1.04,-0.23,-3.86,25.7,1.02,181.0,TESTR,AKR-TESTR-<MAC6>,0.0,1.0,0.0,100.0
40660,1,walk,walk,7368,,7368.0,20.0,0.0,1.0,6.0,-0.14,0.079,2.994,2.145,35.0,27.97,0.0,19.0,1440.0,8.0,-19.81,-0.37,-1.04,-0.23,-5.99,16.83,8.07,181.0,TESTR,AKR-TESTR-<MAC6>,0.0,1.0,0.0,100.0
40680,1,walk,walk,7369,,7369.0,20.0,0.0,1.0,6.0,0.24,0.118,2.423,2.644,35.0,27.93,0.0,19.0,1440.0,8.0,-20.05,-0.38,-1.03,-0.23,-7.66,7.36,13.77,181.0,TESTR,AKR-TESTR-<MAC6>,0.0,1.0,0.0,100.0
40720,1,walk,walk,7370,,7370.0,20.0,0.0,1.0,6.0,0.56,0.151,2.059,2.874,35.0,27.9,0.0,19.0,1440.0,8.0,-19.6,-0.37,-1.03,-0.23,-8.93,-1.43,18.24,181.0,TESTR,AKR-TESTR-<MAC6>,0.0,1.0,0.0,100.0
40720,1,walk,walk,7371,,7371.0,20.0,0.0,1.0,6.0,0.81,0.177,1.719,3.42,35.0,27.86,0.0,19.0,1440.0,8.0,-18.52,-0.34,-1.02,-0.22,-9.93,-8.53,21.68,181.0,TESTR,AKR-TESTR-<MAC6>,0.0,1.0,0.0,100.0
40780,1,walk,walk,7372,,7372.0,20.0,0.0,1.0,6.0,0.97,0.199,1.42,3.575,35.0,27.83,0.0,19.0,1440.0,8.0,-16.94,-0.31,-1.02,-0.22,-10.81,-13.35,24.35,182.0,TESTR,AKR-TESTR-<MAC6>,0.0,1.0,0.0,100.0
40780,1,walk,walk,7373,,7373.0,20.0,0.0,1.0,6.0,1.05,0.216,0.973,4.056,35.0,27.79,0.0,19.0,1440.0,8.0,-14.98,-0.27,-1.02,-0.22,-11.71,-15.86,26.45,182.0,TESTR,AKR-TESTR-<MAC6>,0.0,1.0,0.0,100.0
40780,1,walk,walk,7374,,7374.0,20.0,0.0,1.0,6.0,1.04,0.229,0.847,4.36,35.0,27.79,0.0,19.0,1440.0,8.0,-12.77,-0.23,-1.02,-0.21,-12.74,-16.47,28.12,182.0,TESTR,AKR-TESTR-<MAC6>,0.0,1.0,0.0,100.0
40800,1,walk,walk,7375,,7375.0,20.0,0.0,1.0,6.0,0.94,0.239,0.703,4.403,35.0,27.72,0.0,19.0,1440.0,8.0,-10.43,-0.19,-1.01,-0.21,-13.91,-15.88,29.4,182.0,TESTR,AKR-TESTR-<MAC6>,0.0,1.0,0.0,100.0
40840,1,walk,walk,7376,,7376.0,20.0,0.0,1.0,6.0,0.76,0.249,0.63,4.541,35.0,27.72,0.0,19.0,1440.0,8.0,-8.0,-0.14,-1.01,-0.21,-15.21,-14.83,30.3,182.0,TESTR,AKR-TESTR-<MAC6>,0.0,1.0,0.0,100.0
40840,1,walk,walk,7377,,7377.0,20.0,0.0,1.0,6.0,0.5,0.255,0.465,4.825,35.0,27.72,0.0,19.0,1440.0,8.0,-5.53,-0.1,-1.0,-0.21,-16.57,-13.83,30.81,182.0,TESTR,AKR-TESTR-<MAC6>,0.0,1.0,0.0,100.0
40860,1,walk,walk,7378,,7378.0,20.0,0.0,1.0,6.0,0.17,0.261,0.277,4.917,35.0,27.72,0.0,19.0,1440.0,8.0,-3.01,-0.05,-1.0,-0.21,-17.91,-13.1,30.89,182.0,TESTR,AKR-TESTR-<MAC6>,0.0,1.0,0.0,100.0
40900,1,walk,walk,7379,,7379.0,20.0,0.0,3.0,7.0,-0.22,0.265,0.267,4.984,35.0,27.69,0.0,19.0,1440.0,8.0,-0.45,-0.01,-0.99,-0.2,-19.13,-12.62,30.49,182.0,TESTR,AKR-TESTR-<MAC6>,0.0,1.0,0.0,100.0
40920,1,walk,walk,7380,,7380.0,20.0,1.0,3.0,7.0,-0.65,0.268,0.234,5.186,35.0,27.69,0.0,20.0,1440.0,8.0,2.12,0.04,-0.98,-0.19,-20.17,-12.19,29.52,182.0,TESTR,AKR-TESTR-<MAC6>,0.0,1.0,0.0,100.0
40940,1,walk,walk,7381,,7381.0,20.0,0.0,3.0,7.0,-1.11,0.271,0.229,5.065,35.0,27.72,0.0,19.0,1440.0,8.0,4.63,0.08,-0.97,-0.18,-21.02,-11.61,27.9,182.0,TESTR,AKR-TESTR-<MAC6>,0.0,1.0,0.0,100.0
40960,1,walk,walk,7382,,7382.0,20.0,0.0,3.0,7.0,-1.6,0.273,0.007,5.131,35.0,27.72,0.0,19.0,1440.0,8.0,6.98,0.12,-0.96,-0.17,-21.63,-10.78,25.6,182.0,TESTR,AKR-TESTR-<MAC6>,0.0,1.0,0.0,100.0
40960,1,walk,walk,7383,,7383.0,20.0,0.0,3.0,7.0,-2.1,0.273,0.009,5.09,35.0,27.72,0.0,19.0,1440.0,8.0,9.05,0.15,-0.95,-0.16,-22.01,-9.73,22.63,182.0,TESTR,AKR-TESTR-<MAC6>,0.0,1.0,0.0,100.0
40980,1,walk,walk,7384,,7384.0,20.0,0.0,3.0,7.0,-2.61,0.272,-0.061,4.886,35.0,27.76,0.0,19.0,1440.0,8.0,10.75,0.18,-0.94,-0.15,-22.15,-8.59,19.13,182.0,TESTR,AKR-TESTR-<MAC6>,0.0,1.0,0.0,100.0
41020,1,walk,walk,7385,,7385.0,20.0,0.0,3.0,7.0,-3.09,0.268,-0.366,4.804,35.0,27.79,0.0,19.0,1440.0,8.0,12.02,0.2,-0.94,-0.15,-22.08,-7.52,15.32,182.0,TESTR,AKR-TESTR-<MAC6>,0.0,1.0,0.0,100.0
41020,1,walk,walk,7386,,7386.0,20.0,0.0,3.0,7.0,-3.56,0.26,-0.714,4.561,35.0,27.86,0.0,19.0,1440.0,8.0,12.78,0.21,-0.93,-0.14,-21.85,-6.63,11.43,182.0,TESTR,AKR-TESTR-<MAC6>,0.0,1.0,0.0,100.0
41060,1,walk,walk,7387,,7387.0,20.0,0.0,3.0,7.0,-4.0,0.245,-1.365,4.482,35.0,27.9,0.0,19.0,1440.0,8.0,12.77,0.21,-0.94,-0.14,-21.2,-6.43,7.78,182.0,TESTR,AKR-TESTR-<MAC6>,0.0,1.0,0.0,100.0
41080,1,walk,walk,7388,,7388.0,20.0,0.0,3.0,7.0,-4.39,0.217,-2.498,4.685,35.0,27.97,0.0,19.0,1440.0,8.0,11.95,0.2,-0.95,-0.13,-19.94,-7.3,4.68,182.0,TESTR,AKR-TESTR-<MAC6>,0.0,1.0,0.0,100.0
41120,1,walk,walk,7389,,7389.0,20.0,0.0,0.0,1.0,-4.74,0.163,-3.915,4.328,35.0,28.11,0.0,19.0,1440.0,8.0,10.47,0.18,-0.97,-0.12,-18.12,-9.07,2.54,182.0,TESTR,AKR-TESTR-<MAC6>,0.0,1.0,0.0,100.0
41120,1,walk,walk,7390,,7390.0,20.0,0.0,0.0,1.0,-5.03,0.082,-6.155,3.174,35.0,28.11,0.0,19.0,1440.0,8.0,8.5,0.15,-0.99,-0.12,-15.94,-10.44,2.34,182.0,TESTR,AKR-TESTR-<MAC6>,0.0,1.0,0.0,100.0
41140,1,walk,walk,7391,,7391.0,20.0,0.0,0.0,1.0,-5.27,-0.167,-32.768,0.0,35.0,28.21,0.0,12.0,1440.0,8.0,6.37,0.11,-1.01,-0.11,-13.61,-10.79,5.01,182.0,TESTR,AKR-TESTR-<MAC6>,0.0,1.0,0.0,100.0
41140,1,walk,walk,7392,,7392.0,20.0,0.0,0.0,1.0,-5.46,-0.263,-2.514,0.0,35.0,28.18,0.0,12.0,1440.0,8.0,4.37,0.08,-1.02,-0.1,-11.42,-9.89,9.65,182.0,TESTR,AKR-TESTR-<MAC6>,0.0,1.0,0.0,100.0
41160,1,walk,walk,7393,,7393.0,20.0,1.0,0.0,1.0,-5.6,-0.255,1.6,0.0,35.0,28.18,0.0,13.0,1440.0,8.0,2.62,0.05,-1.04,-0.1,-9.48,-8.03,14.75,182.0,TESTR,AKR-TESTR-<MAC6>,0.0,1.0,0.0,100.0
41200,1,walk,walk,7394,,7394.0,20.0,0.0,0.0,1.0,-5.7,-0.247,-0.142,0.0,35.0,28.18,0.0,12.0,1440.0,8.0,1.18,0.02,-1.05,-0.1,-7.62,-5.81,19.14,182.0,TESTR,AKR-TESTR-<MAC6>,0.0,1.0,0.0,100.0
41200,1,walk,walk,7395,,7395.0,20.0,1.0,0.0,1.0,-5.78,-0.242,0.64,0.0,35.0,28.18,0.0,13.0,1440.0,8.0,0.06,0.0,-1.05,-0.1,-5.74,-3.59,22.17,182.0,TESTR,AKR-TESTR-<MAC6>,0.0,1.0,0.0,100.0
41240,1,walk,walk,7396,,7396.0,20.0,1.0,0.0,1.0,-5.84,-0.235,0.178,0.0,35.0,28.14,0.0,13.0,1440.0,8.0,-0.77,-0.01,-1.06,-0.11,-3.87,-1.62,23.7,182.0,TESTR,AKR-TESTR-<MAC6>,0.0,1.0,0.0,100.0
41260,1,walk,walk,7397,,7397.0,20.0,1.0,0.0,1.0,-5.89,-0.233,0.017,0.0,35.0,28.18,0.0,13.0,1440.0,8.0,-1.39,-0.03,-1.07,-0.11,-2.21,0.01,23.95,182.0,TESTR,AKR-TESTR-<MAC6>,0.0,1.0,0.0,100.0
41260,1,walk,walk,7398,,7398.0,20.0,1.0,0.0,1.0,-5.95,-0.234,-0.052,0.0,35.0,28.18,0.0,13.0,1440.0,8.0,-1.85,-0.03,-1.07,-0.12,-0.95,1.29,23.32,182.0,TESTR,AKR-TESTR-<MAC6>,0.0,1.0,0.0,100.0
41280,1,walk,walk,7399,,7399.0,20.0,0.0,0.0,1.0,-6.01,-0.235,-0.199,0.0,35.0,28.18,0.0,12.0,1440.0,8.0,-2.25,-0.04,-1.07,-0.12,-0.19,2.23,22.22,182.0,TESTR,AKR-TESTR-<MAC6>,0.0,1.0,0.0,100.0
41320,1,walk,walk,7400,,7400.0,20.0,1.0,0.0,1.0,-6.1,-0.238,-0.305,0.0,35.0,28.18,0.0,13.0,1440.0,8.0,-2.66,-0.05,-1.07,-0.12,0.12,2.87,20.94,182.0,TESTR,AKR-TESTR-<MAC6>,0.0,1.0,0.0,100.0
41320,1,walk,walk,7401,,7401.0,20.0,1.0,0.0,1.0,-6.2,-0.241,-0.065,0.0,35.0,28.14,0.0,13.0,1440.0,8.0,-3.17,-0.06,-1.06,-0.13,0.14,3.29,19.58,182.0,TESTR,AKR-TESTR-<MAC6>,0.0,1.0,0.0,100.0
41340,1,walk,walk,7402,,7402.0,20.0,1.0,0.0,1.0,-6.33,-0.24,0.046,0.0,35.0,28.14,0.0,13.0,1440.0,8.0,-3.82,-0.07,-1.06,-0.13,0.02,3.53,18.05,182.0,TESTR,AKR-TESTR-<MAC6>,0.0,1.0,0.0,100.0
41380,1,walk,walk,7403,,7403.0,20.0,1.0,0.0,1.0,-6.47,-0.235,0.522,0.0,35.0,28.18,0.0,13.0,1440.0,8.0,-4.61,-0.08,-1.05,-0.14,-0.12,3.66,16.19,182.0,TESTR,AKR-TESTR-<MAC6>,0.0,1.0,0.0,100.0
41400,1,walk,walk,7404,,7404.0,20.0,1.0,0.0,1.0,-6.63,-0.224,0.926,0.0,35.0,28.14,0.0,13.0,1440.0,8.0,-5.5,-0.1,-1.04,-0.15,-0.22,3.67,13.86,182.0,TESTR,AKR-TESTR-<MAC6>,0.0,1.0,0.0,100.0
41420,1,walk,walk,7405,,7405.0,20.0,1.0,0.0,1.0,-6.81,-0.21,0.943,0.0,35.0,28.14,0.0,13.0,1440.0,8.0,-6.43,-0.12,-1.03,-0.15,-0.26,3.56,11.02,182.0,TESTR,AKR-TESTR-<MAC6>,0.0,1.0,0.0,100.0
41440,1,walk,walk,7406,,7406.0,20.0,1.0,0.0,1.0,-7.01,-0.2,0.507,0.0,35.0,28.18,0.0,13.0,1440.0,8.0,-7.33,-0.13,-1.02,-0.16,-0.21,3.36,7.8,182.0,TESTR,AKR-TESTR-<MAC6>,0.0,1.0,0.0,100.0
41460,1,walk,walk,7407,,7407.0,20.0,1.0,0.0,1.0,-7.21,-0.191,0.604,0.0,35.0,28.14,0.0,13.0,1440.0,8.0,-8.16,-0.15,-1.02,-0.17,-0.03,3.08,4.35,182.0,TESTR,AKR-TESTR-<MAC6>,0.0,1.0,0.0,100.0
41480,1,walk,walk,7408,,7408.0,20.0,1.0,0.0,1.0,-7.41,-0.182,0.546,0.0,35.0,28.18,0.0,13.0,1440.0,8.0,-8.89,-0.16,-1.01,-0.18,0.28,2.75,0.84,182.0,TESTR,AKR-TESTR-<MAC6>,0.0,1.0,0.0,100.0
41500,1,walk,walk,7409,,7409.0,20.0,0.0,0.0,1.0,-7.61,-0.175,0.365,0.0,35.0,28.18,0.0,12.0,1440.0,8.0,-9.48,-0.17,-1.0,-0.18,0.72,2.38,-2.57,182.0,TESTR,AKR-TESTR-<MAC6>,0.0,1.0,0.0,100.0
41500,1,walk,walk,7410,,7410.0,20.0,0.0,0.0,1.0,-7.81,-0.166,0.695,0.0,35.0,28.14,0.0,12.0,1440.0,8.0,-9.94,-0.17,-1.0,-0.19,1.27,1.96,-5.8,182.0,TESTR,AKR-TESTR-<MAC6>,0.0,1.0,0.0,100.0
41520,1,walk,walk,7411,,7411.0,20.0,0.0,0.0,1.0,-7.99,-0.156,0.535,0.0,35.0,28.14,0.0,12.0,1440.0,8.0,-10.27,-0.18,-0.99,-0.19,1.88,1.53,-8.77,182.0,TESTR,AKR-TESTR-<MAC6>,0.0,1.0,0.0,100.0
41560,1,walk,walk,7412,,7412.0,20.0,0.0,0.0,1.0,-8.16,-0.15,0.344,0.0,35.0,28.18,0.0,12.0,1440.0,8.0,-10.46,-0.18,-0.99,-0.2,2.54,1.13,-11.37,182.0,TESTR,AKR-TESTR-<MAC6>,0.0,1.0,0.0,100.0
41600,1,walk,walk,7413,,7413.0,20.0,0.0,0.0,1.0,-8.3,-0.144,0.475,0.0,35.0,28.14,0.0,12.0,1440.0,8.0,-10.53,-0.18,-0.98,-0.2,3.23,0.76,-13.62,182.0,TESTR,AKR-TESTR-<MAC6>,0.0,1.0,0.0,100.0
41600,1,walk,walk,7414,,7414.0,20.0,0.0,0.0,1.0,-8.42,-0.134,0.657,0.0,35.0,28.14,0.0,12.0,1440.0,8.0,-10.5,-0.18,-0.98,-0.2,3.96,0.45,-15.53,182.0,TESTR,AKR-TESTR-<MAC6>,0.0,1.0,0.0,100.0
41620,1,walk,walk,7415,,7415.0,20.0,0.0,0.0,1.0,-8.51,-0.127,0.511,0.0,35.0,28.18,0.0,12.0,1440.0,8.0,-10.39,-0.18,-0.98,-0.2,4.7,0.22,-17.16,182.0,TESTR,AKR-TESTR-<MAC6>,0.0,1.0,0.0,100.0
41620,1,walk,walk,7416,,7416.0,20.0,0.0,0.0,1.0,-8.57,-0.118,0.73,0.0,35.0,28.18,0.0,12.0,1440.0,8.0,-10.23,-0.18,-0.98,-0.2,5.44,0.05,-18.58,182.0,TESTR,AKR-TESTR-<MAC6>,0.0,1.0,0.0,100.0
41640,1,walk,walk,7417,,7417.0,20.0,0.0,0.0,1.0,-8.59,-0.107,0.665,0.0,35.0,28.14,0.0,12.0,1440.0,8.0,-10.01,-0.17,-0.98,-0.2,6.17,-0.08,-19.85,182.0,TESTR,AKR-TESTR-<MAC6>,0.0,1.0,0.0,100.0
41680,1,walk,walk,7418,,7418.0,20.0,0.0,0.0,1.0,-8.58,-0.099,0.504,0.0,35.0,28.18,0.0,12.0,1440.0,8.0,-9.75,-0.17,-0.98,-0.2,6.9,-0.16,-20.97,182.0,TESTR,AKR-TESTR-<MAC6>,0.0,1.0,0.0,100.0
41680,1,walk,walk,7419,,7419.0,20.0,0.0,0.0,1.0,-8.54,-0.092,0.618,0.0,35.0,28.18,0.0,12.0,1440.0,8.0,-9.44,-0.16,-0.98,-0.2,7.62,-0.23,-21.93,182.0,TESTR,AKR-TESTR-<MAC6>,0.0,1.0,0.0,100.0
41700,1,walk,walk,7420,,7420.0,20.0,0.0,0.0,1.0,-8.46,-0.084,0.504,0.0,35.0,28.14,0.0,12.0,1440.0,8.0,-9.08,-0.16,-0.98,-0.2,8.35,-0.3,-22.73,182.0,TESTR,AKR-TESTR-<MAC6>,0.0,1.0,0.0,100.0
41740,1,walk,walk,7421,,7421.0,20.0,0.0,0.0,1.0,-8.35,-0.077,0.357,0.0,35.0,28.14,0.0,12.0,1440.0,8.0,-8.7,-0.15,-0.98,-0.19,9.11,-0.38,-23.4,182.0,TESTR,AKR-TESTR-<MAC6>,0.0,1.0,0.0,100.0
41760,1,walk,walk,7422,,7422.0,20.0,0.0,0.0,1.0,-8.21,-0.07,0.554,0.0,35.0,28.18,0.0,12.0,1440.0,8.0,-8.3,-0.14,-0.98,-0.19,9.89,-0.49,-24.03,183.0,TESTR,AKR-TESTR-<MAC6>,0.0,1.0,0.0,100.0
41800,1,walk,walk,7423,,7423.0,20.0,0.0,0.0,1.0,-8.04,-0.06,0.778,0.0,35.0,28.14,0.0,12.0,1440.0,8.0,-7.9,-0.14,-0.98,-0.19,10.7,-0.65,-24.73,183.0,TESTR,AKR-TESTR-<MAC6>,0.0,1.0,0.0,100.0
41800,1,walk,walk,7424,,7424.0,20.0,0.0,0.0,1.0,-7.83,-0.048,0.696,0.0,35.0,28.18,0.0,12.0,1440.0,8.0,-7.52,-0.13,-0.99,-0.19,11.49,-0.85,-25.57,183.0,TESTR,AKR-TESTR-<MAC6>,0.0,1.0,0.0,100.0
41800,1,walk,walk,7425,,7425.0,20.0,0.0,0.0,1.0,-7.6,-0.039,0.581,0.0,35.0,28.14,0.0,12.0,1440.0,8.0,-7.13,-0.12,-0.99,-0.18,12.29,-1.09,-26.55,183.0,TESTR,AKR-TESTR-<MAC6>,0.0,1.0,0.0,100.0
41820,1,walk,walk,7426,,7426.0,20.0,0.0,0.0,1.0,-7.34,-0.026,0.949,0.0,35.0,28.14,0.0,12.0,1440.0,8.0,-6.77,-0.12,-0.99,-0.18,13.14,-1.37,-27.71,183.0,TESTR,AKR-TESTR-<MAC6>,0.0,1.0,0.0,100.0
41860,1,walk,walk,7427,,7427.0,20.0,0.0,0.0,1.0,-7.05,-0.014,0.863,0.0,35.0,28.18,0.0,12.0,1440.0,8.0,-6.41,-0.11,-0.99,-0.18,14.1,-1.65,-29.12,183.0,TESTR,AKR-TESTR-<MAC6>,0.0,1.0,0.0,100.0
41860,1,walk,walk,7428,,7428.0,20.0,0.0,6.0,2.0,-6.74,0.005,1.358,0.0,35.0,28.14,0.0,12.0,1440.0,8.0,-6.05,-0.11,-1.0,-0.18,15.17,-1.86,-30.91,183.0,TESTR,AKR-TESTR-<MAC6>,0.0,1.0,0.0,100.0
41880,1,walk,walk,7429,,7429.0,20.0,0.0,6.0,2.0,-6.41,0.017,1.634,-0.249,35.0,28.14,0.0,18.0,1440.0,8.0,-5.68,-0.1,-1.0,-0.18,16.22,-1.82,-33.15,183.0,TESTR,AKR-TESTR-<MAC6>,0.0,1.0,0.0,100.0
41920,1,walk,walk,7430,,7430.0,20.0,0.0,6.0,2.0,-6.05,0.011,-0.567,-0.486,35.0,28.14,0.0,18.0,1440.0,8.0,-5.32,-0.09,-1.01,-0.18,17.16,-1.26,-35.67,183.0,TESTR,AKR-TESTR-<MAC6>,0.0,1.0,0.0,100.0
41960,1,walk,walk,7431,,7431.0,20.0,1.0,6.0,2.0,-5.67,0.006,-0.275,-0.094,35.0,28.14,0.0,19.0,1440.0,8.0,-4.97,-0.09,-1.02,-0.17,17.86,-0.01,-38.32,183.0,TESTR,AKR-TESTR-<MAC6>,0.0,1.0,0.0,100.0
41960,1,walk,walk,7432,,7432.0,20.0,1.0,6.0,2.0,-5.27,0.002,-0.273,0.144,35.0,28.14,0.0,19.0,1440.0,8.0,-4.65,-0.08,-1.03,-0.17,18.2,2.03,-40.98,183.0,TESTR,AKR-TESTR-<MAC6>,0.0,1.0,0.0,100.0
41980,1,walk,walk,7433,,7433.0,20.0,1.0,6.0,2.0,-4.84,-0.001,-0.14,0.387,35.0,28.14,0.0,19.0,1440.0,8.0,-4.41,-0.08,-1.03,-0.17,18.07,5.13,-43.41,183.0,TESTR,AKR-TESTR-<MAC6>,0.0,1.0,0.0,100.0
41980,1,walk,walk,7434,,7434.0,20.0,0.0,6.0,2.0,-4.39,-0.002,-0.053,0.378,35.0,28.14,0.0,18.0,1440.0,8.0,-4.42,-0.08,-1.04,-0.17,17.37,9.7,-45.0,183.0,TESTR,AKR-TESTR-<MAC6>,0.0,1.0,0.0,100.0
42000,1,walk,walk,7435,,7435.0,20.0,1.0,6.0,2.0,-3.9,-0.002,-0.081,0.249,35.0,28.14,0.0,19.0,1440.0,8.0,-4.85,-0.09,-1.04,-0.17,16.07,15.89,-44.96,183.0,TESTR,AKR-TESTR-<MAC6>,0.0,1.0,0.0,100.0
42040,1,walk,walk,7436,,7436.0,20.0,0.0,6.0,2.0,-3.39,-0.002,0.018,0.181,35.0,28.14,0.0,18.0,1440.0,8.0,-5.86,-0.11,-1.05,-0.17,14.23,23.31,-42.74,183.0,TESTR,AKR-TESTR-<MAC6>,0.0,1.0,0.0,100.0
42060,1,walk,walk,7437,,7437.0,20.0,1.0,6.0,2.0,-2.86,-0.002,0.084,0.177,35.0,28.14,0.0,19.0,1440.0,8.0,-7.45,-0.14,-1.05,-0.17,12.01,30.99,-38.22,183.0,TESTR,AKR-TESTR-<MAC6>,0.0,1.0,0.0,100.0
42060,1,walk,walk,7438,,7438.0,20.0,1.0,6.0,2.0,-2.3,-0.002,0.091,0.201,35.0,28.14,0.0,19.0,1440.0,8.0,-9.51,-0.18,-1.05,-0.18,9.57,37.64,-31.66,183.0,TESTR,AKR-TESTR-<MAC6>,0.0,1.0,0.0,100.0
42100,1,walk,walk,7439,,7439.0,20.0,1.0,1.0,5.0,-1.74,-0.002,-0.056,0.196,35.0,28.14,0.0,19.0,1460.0,9.0,-11.8,-0.22,-1.05,-0.18,7.06,42.02,-23.61,183.0,TESTR,AKR-TESTR-<MAC6>,0.0,1.0,0.0,100.0
42120,1,walk,walk,7440,,7440.0,20.0,0.0,1.0,5.0,-1.17,-0.002,0.036,0.129,35.0,28.07,0.0,19.0,1460.0,9.0,-14.04,-0.26,-1.05,-0.19,4.57,42.95,-14.87,183.0,TESTR,AKR-TESTR-<MAC6>,0.0,1.0,0.0,100.0
42140,1,walk,walk,7441,,7441.0,20.0,0.0,1.0,5.0,-0.61,0.038,3.432,1.218,35.0,28.07,0.0,19.0,1460.0,9.0,-15.98,-0.3,-1.04,-0.19,2.22,40.06,-6.4,183.0,TESTR,AKR-TESTR-<MAC6>,0.0,1.0,0.0,100.0
42160,1,walk,walk,7442,,7442.0,20.0,0.0,1.0,6.0,-0.08,0.088,3.019,1.675,35.0,28.0,0.0,19.0,1460.0,9.0,-17.43,-0.33,-1.04,-0.2,0.15,33.78,1.18,183.0,TESTR,AKR-TESTR-<MAC6>,0.0,1.0,0.0,100.0
42160,1,walk,walk,7443,,7443.0,20.0,0.0,1.0,6.0,0.42,0.13,2.7,1.969,35.0,27.97,0.0,19.0,1460.0,9.0,-18.27,-0.34,-1.04,-0.2,-1.56,25.19,7.62,183.0,TESTR,AKR-TESTR-<MAC6>,0.0,1.0,0.0,100.0
42180,1,walk,walk,7444,,7444.0,20.0,0.0,1.0,6.0,0.85,0.163,1.938,2.63,35.0,27.93,0.0,19.0,1460.0,9.0,-18.45,-0.35,-1.04,-0.2,-2.93,15.65,12.96,183.0,TESTR,AKR-TESTR-<MAC6>,0.0,1.0,0.0,100.0
42220,1,walk,walk,7445,,7445.0,20.0,0.0,1.0,6.0,1.22,0.19,1.681,2.925,35.0,27.93,0.0,19.0,1460.0,9.0,-17.99,-0.34,-1.04,-0.2,-4.05,6.53,17.44,183.0,TESTR,AKR-TESTR-<MAC6>,0.0,1.0,0.0,100.0
42220,1,walk,walk,7446,,7446.0,20.0,0.0,1.0,6.0,1.51,0.212,1.309,3.304,35.0,27.9,0.0,19.0,1460.0,9.0,-16.96,-0.32,-1.04,-0.2,-5.08,-1.07,21.37,183.0,TESTR,AKR-TESTR-<MAC6>,0.0,1.0,0.0,100.0
42240,1,walk,walk,7447,,7447.0,20.0,0.0,1.0,6.0,1.71,0.23,1.047,3.619,35.0,27.86,0.0,19.0,1460.0,9.0,-15.46,-0.29,-1.04,-0.21,-6.18,-6.57,24.97,183.0,TESTR,AKR-TESTR-<MAC6>,0.0,1.0,0.0,100.0
42300,1,walk,walk,7448,,7448.0,20.0,0.0,1.0,6.0,1.82,0.245,0.98,3.609,35.0,27.86,0.0,19.0,1460.0,9.0,-13.59,-0.25,-1.04,-0.21,-7.44,-9.89,28.34,183.0,TESTR,AKR-TESTR-<MAC6>,0.0,1.0,0.0,100.0
42300,1,walk,walk,7449,,7449.0,20.0,0.0,1.0,6.0,1.84,0.258,0.849,3.781,35.0,27.83,0.0,19.0,1460.0,9.0,-11.45,-0.21,-1.04,-0.21,-8.89,-11.41,31.43,183.0,TESTR,AKR-TESTR-<MAC6>,0.0,1.0,0.0,100.0
42300,1,walk,walk,7450,,7450.0,20.0,0.0,1.0,6.0,1.76,0.267,0.487,4.201,35.0,27.79,0.0,19.0,1460.0,9.0,-9.16,-0.17,-1.03,-0.21,-10.47,-11.77,34.11,183.0,TESTR,AKR-TESTR-<MAC6>,0.0,1.0,0.0,100.0
42340,1,walk,walk,7451,,7451.0,20.0,0.0,1.0,6.0,1.6,0.274,0.331,4.357,35.0,27.79,0.0,19.0,1460.0,9.0,-6.78,-0.12,-1.03,-0.21,-12.1,-11.67,36.21,183.0,TESTR,AKR-TESTR-<MAC6>,0.0,1.0,0.0,100.0
42340,1,walk,walk,7452,,7452.0,20.0,0.0,1.0,6.0,1.35,0.279,0.483,4.314,35.0,27.79,0.0,19.0,1460.0,9.0,-4.37,-0.08,-1.03,-0.21,-13.7,-11.59,37.58,183.0,TESTR,AKR-TESTR-<MAC6>,0.0,1.0,0.0,100.0
42360,1,walk,walk,7453,,7453.0,20.0,0.0,1.0,6.0,1.02,0.284,0.361,4.275,35.0,27.79,0.0,19.0,1460.0,9.0,-1.95,-0.03,-1.02,-0.21,-15.21,-11.73,38.1,183.0,TESTR,AKR-TESTR-<MAC6>,0.0,1.0,0.0,100.0
42400,1,walk,walk,7454,,7454.0,20.0,0.0,3.0,7.0,0.63,0.289,0.228,4.452,35.0,27.76,0.0,19.0,1460.0,9.0,0.44,0.01,-1.01,-0.2,-16.58,-12.03,37.77,183.0,TESTR,AKR-TESTR-<MAC6>,0.0,1.0,0.0,100.0
42400,1,walk,walk,7455,,7455.0,20.0,0.0,3.0,7.0,0.18,0.292,0.222,4.479,35.0,27.76,0.0,19.0,1460.0,9.0,2.78,0.05,-1.0,-0.2,-17.77,-12.29,36.62,183.0,TESTR,AKR-TESTR-<MAC6>,0.0,1.0,0.0,100.0
42440,1,walk,walk,7456,,7456.0,20.0,0.0,3.0,7.0,-0.31,0.295,0.163,4.57,35.0,27.79,0.0,19.0,1460.0,9.0,5.0,0.09,-0.98,-0.19,-18.77,-12.31,34.73,183.0,TESTR,AKR-TESTR-<MAC6>,0.0,1.0,0.0,100.0
42460,1,walk,walk,7457,,7457.0,20.0,0.0,3.0,7.0,-0.84,0.296,0.04,4.66,35.0,27.76,0.0,19.0,1460.0,9.0,7.04,0.12,-0.97,-0.18,-19.58,-11.95,32.2,183.0,TESTR,AKR-TESTR-<MAC6>,0.0,1.0,0.0,100.0
42460,1,walk,walk,7458,,7458.0,20.0,1.0,3.0,7.0,-1.39,0.297,0.049,4.599,35.0,27.79,0.0,20.0,1460.0,9.0,8.85,0.15,-0.96,-0.17,-20.18,-11.28,29.09,183.0,TESTR,AKR-TESTR-<MAC6>,0.0,1.0,0.0,100.0
42480,1,walk,walk,7459,,7459.0,20.0,0.0,3.0,7.0,-1.95,0.296,0.011,4.369,35.0,27.83,0.0,19.0,1460.0,9.0,10.37,0.17,-0.94,-0.16,-20.58,-10.44,25.52,183.0,TESTR,AKR-TESTR-<MAC6>,0.0,1.0,0.0,100.0
42520,1,walk,walk,7460,,7460.0,20.0,1.0,3.0,7.0,-2.51,0.294,-0.103,4.281,35.0,27.83,0.0,20.0,1460.0,9.0,11.56,0.19,-0.93,-0.16,-20.82,-9.6,21.61,183.0,TESTR,AKR-TESTR-<MAC6>,0.0,1.0,0.0,100.0
42520,1,walk,walk,7461,,7461.0,20.0,0.0,3.0,7.0,-3.05,0.288,-0.393,4.157,35.0,27.86,0.0,19.0,1460.0,9.0,12.4,0.2,-0.92,-0.16,-20.98,-8.88,17.51,183.0,TESTR,AKR-TESTR-<MAC6>,0.0,1.0,0.0,100.0
42540,1,walk,walk,7462,,7462.0,20.0,0.0,3.0,7.0,-3.57,0.28,-0.699,4.008,35.0,27.9,0.0,19.0,1460.0,9.0,12.89,0.21,-0.91,-0.15,-21.08,-8.31,13.48,183.0,TESTR,AKR-TESTR-<MAC6>,0.0,1.0,0.0,100.0
42580,1,walk,walk,7463,,7463.0,20.0,0.0,3.0,7.0,-4.05,0.265,-1.3,4.085,35.0,27.93,0.0,19.0,1460.0,9.0,12.9,0.21,-0.91,-0.15,-21.04,-7.88,9.79,183.0,TESTR,AKR-TESTR-<MAC6>,0.0,1.0,0.0,100.0
42620,1,walk,walk,7464,,7464.0,20.0,0.0,3.0,7.0,-4.49,0.24,-2.003,3.893,35.0,28.0,0.0,19.0,1460.0,9.0,12.15,0.2,-0.92,-0.15,-20.4,-8.29,6.78,183.0,TESTR,AKR-TESTR-<MAC6>,0.0,1.0,0.0,100.0
42620,1,walk,walk,7465,,7465.0,20.0,1.0,3.0,7.0,-4.88,0.195,-3.927,4.329,35.0,28.07,0.0,20.0,1460.0,9.0,10.6,0.17,-0.93,-0.15,-19.05,-9.76,4.87,183.0,TESTR,AKR-TESTR-<MAC6>,0.0,1.0,0.0,100.0
42640,1,walk,walk,7466,,7466.0,20.0,1.0,3.0,7.0,-5.22,0.113,-6.282,3.686,35.0,28.25,0.0,20.0,1460.0,9.0,8.46,0.14,-0.95,-0.14,-17.1,-12.26,4.48,183.0,TESTR,AKR-TESTR-<MAC6>,0.0,1.0,0.0,100.0
42640,1,walk,walk,7467,,7467.0,20.0,1.0,3.0,7.0,-5.5,0.009,-7.216,2.936,35.0,28.28,0.0,20.0,1460.0,9.0,6.05,0.1,-0.98,-0.13,-14.77,-15.19,5.86,183.0,TESTR,AKR-TESTR-<MAC6>,0.0,1.0,0.0,100.0
42660,1,walk,walk,7468,,7468.0,20.0,1.0,3.0,7.0,-5.72,-0.099,-7.237,2.147,35.0,28.28,0.0,20.0,1460.0,9.0,3.64,0.06,-1.0,-0.12,-12.32,-17.59,8.93,183.0,TESTR,AKR-TESTR-<MAC6>,0.0,1.0,0.0,100.0
42700,1,walk,walk,7469,,7469.0,20.0,0.0,3.0,7.0,-5.9,-0.203,-6.579,1.236,35.0,28.21,0.0,19.0,1460.0,9.0,1.49,0.03,-1.02,-0.1,-10.08,-18.74,13.28,183.0,TESTR,AKR-TESTR-<MAC6>,0.0,1.0,0.0,100.0
42700,1,walk,walk,7470,,7470.0,20.0,0.0,3.0,7.0,-6.04,-0.279,-3.476,-0.111,35.0,28.11,0.0,19.0,1460.0,9.0,-0.23,0.0,-1.03,-0.09,-8.08,-18.71,18.1,183.0,TESTR,AKR-TESTR-<MAC6>,0.0,1.0,0.0,100.0
42720,1,walk,walk,7471,,7471.0,20.0,0.0,3.0,7.0,-6.14,-0.301,-0.13,-1.078,35.0,28.11,0.0,19.0,1460.0,9.0,-1.5,-0.03,-1.05,-0.08,-6.32,-17.88,22.36,183.0,TESTR,AKR-TESTR-<MAC6>,0.0,1.0,0.0,100.0
42760,1,walk,walk,7472,,7472.0,20.0,0.0,3.0,7.0,-6.23,-0.286,1.581,-0.25,35.0,28.14,0.0,19.0,1460.0,9.0,-2.38,-0.04,-1.06,-0.08,-4.78,-16.61,25.31,183.0,TESTR,AKR-TESTR-<MAC6>,0.0,1.0,0.0,100.0
42780,1,walk,walk,7473,,7473.0,20.0,1.0,3.0,7.0,-6.31,-0.264,1.27,0.334,35.0,28.14,0.0,20.0,1460.0,9.0,-2.98,-0.06,-1.07,-0.08,-3.51,-15.15,26.75,184.0,TESTR,AKR-TESTR-<MAC6>,0.0,1.0,0.0,100.0
42800,1,walk,walk,7474,,7474.0,20.0,0.0,3.0,7.0,-6.39,-0.252,0.463,0.808,35.0,28.14,0.0,19.0,1460.0,9.0,-3.41,-0.06,-1.07,-0.08,-2.5,-13.64,26.87,184.0,TESTR,AKR-TESTR-<MAC6>,0.0,1.0,0.0,100.0
42820,1,walk,walk,7475,,7475.0,20.0,0.0,3.0,7.0,-6.48,-0.25,0.005,1.003,35.0,28.11,0.0,19.0,1460.0,9.0,-3.76,-0.07,-1.08,-0.08,-1.73,-12.12,26.03,184.0,TESTR,AKR-TESTR-<MAC6>,0.0,1.0,0.0,100.0
42860,1,walk,walk,7476,,7476.0,20.0,0.0,3.0,7.0,-6.59,-0.25,-0.072,0.875,35.0,28.11,0.0,19.0,1460.0,9.0,-4.14,-0.08,-1.07,-0.09,-1.12,-10.6,24.52,184.0,TESTR,AKR-TESTR-<MAC6>,0.0,1.0,0.0,100.0
42860,1,walk,walk,7477,,7477.0,20.0,0.0,3.0,7.0,-6.73,-0.25,0.019,0.82,35.0,28.14,0.0,19.0,1460.0,9.0,-4.61,-0.09,-1.07,-0.1,-0.59,-9.1,22.53,184.0,TESTR,AKR-TESTR-<MAC6>,0.0,1.0,0.0,100.0
42880,1,walk,walk,7478,,7478.0,20.0,0.0,3.0,7.0,-6.89,-0.25,0.147,0.712,35.0,28.14,0.0,19.0,1460.0,9.0,-5.22,-0.1,-1.07,-0.11,-0.07,-7.67,20.12,184.0,TESTR,AKR-TESTR-<MAC6>,0.0,1.0,0.0,100.0
42880,1,walk,walk,7479,,7479.0,20.0,0.0,3.0,7.0,-7.07,-0.245,0.514,0.56,35.0,28.14,0.0,19.0,1460.0,9.0,-5.94,-0.11,-1.06,-0.12,0.44,-6.34,17.31,184.0,TESTR,AKR-TESTR-<MAC6>,0.0,1.0,0.0,100.0
42900,1,walk,walk,7480,,7480.0,20.0,0.0,3.0,7.0,-7.27,-0.236,0.798,0.581,35.0,28.14,0.0,19.0,1460.0,9.0,-6.75,-0.12,-1.05,-0.13,0.95,-5.18,14.15,184.0,TESTR,AKR-TESTR-<MAC6>,0.0,1.0,0.0,100.0
42960,1,walk,walk,7481,,7481.0,20.0,0.0,3.0,7.0,-7.49,-0.225,0.759,0.648,35.0,28.14,0.0,19.0,1460.0,9.0,-7.6,-0.14,-1.04,-0.14,1.46,-4.2,10.71,184.0,TESTR,AKR-TESTR-<MAC6>,0.0,1.0,0.0,100.0
42960,1,walk,walk,7482,,7482.0,20.0,0.0,3.0,7.0,-7.73,-0.214,0.669,0.629,35.0,28.11,0.0,19.0,1460.0,9.0,-8.43,-0.15,-1.03,-0.15,1.96,-3.42,7.12,184.0,TESTR,AKR-TESTR-<MAC6>,0.0,1.0,0.0,100.0
42960,1,walk,walk,7483,,7483.0,20.0,0.0,3.0,7.0,-7.97,-0.205,0.604,0.672,35.0,28.11,0.0,19.0,1460.0,9.0,-9.21,-0.17,-1.02,-0.15,2.45,-2.83,3.5,184.0,TESTR,AKR-TESTR-<MAC6>,0.0,1.0,0.0,100.0
43000,1,walk,walk,7484,,7484.0,20.0,0.0,0.0,1.0,-8.21,-0.197,0.413,0.711,35.0,28.14,0.0,19.0,1460.0,9.0,-9.91,-0.18,-1.01,-0.16,2.95,-2.39,-0.01,184.0,TESTR,AKR-TESTR-<MAC6>,0.0,1.0,0.0,100.0
43020,1,walk,walk,7485,,7485.0,20.0,0.0,0.0,1.0,-8.45,-0.191,0.297,0.56,35.0,28.14,0.0,19.0,1460.0,9.0,-10.48,-0.19,-1.01,-0.17,3.47,-2.06,-3.28,184.0,TESTR,AKR-TESTR-<MAC6>,0.0,1.0,0.0,100.0
43020,1,walk,walk,7486,,7486.0,20.0,0.0,0.0,1.0,-8.68,-0.192,-0.023,0.0,35.0,28.21,0.0,14.0,1460.0,9.0,-10.94,-0.19,-1.0,-0.17,4.03,-1.76,-6.18,184.0,TESTR,AKR-TESTR-<MAC6>,0.0,1.0,0.0,100.0
43060,1,walk,walk,7487,,7487.0,20.0,0.0,0.0,1.0,-8.89,-0.189,0.469,0.0,35.0,28.14,0.0,14.0,1460.0,9.0,-11.29,-0.2,-0.99,-0.18,4.64,-1.46,-8.64,184.0,TESTR,AKR-TESTR-<MAC6>,0.0,1.0,0.0,100.0
43060,1,walk,walk,7488,,7488.0,20.0,0.0,0.0,1.0,-9.08,-0.181,0.545,0.0,35.0,28.18,0.0,14.0,1460.0,9.0,-11.53,-0.2,-0.99,-0.18,5.3,-1.17,-10.72,184.0,TESTR,AKR-TESTR-<MAC6>,0.0,1.0,0.0,100.0
43100,1,walk,walk,7489,,7489.0,20.0,0.0,0.0,1.0,-9.24,-0.175,0.456,0.0,35.0,28.18,0.0,14.0,1460.0,9.0,-11.69,-0.2,-0.99,-0.18,6.02,-0.88,-12.46,184.0,TESTR,AKR-TESTR-<MAC6>,0.0,1.0,0.0,100.0
43120,1,walk,walk,7490,,7490.0,20.0,0.0,0.0,1.0,-9.38,-0.165,0.758,0.0,35.0,28.14,0.0,14.0,1460.0,9.0,-11.78,-0.21,-0.98,-0.18,6.78,-0.59,-13.99,184.0,TESTR,AKR-TESTR-<MAC6>,0.0,1.0,0.0,100.0
43120,1,walk,walk,7491,,7491.0,20.0,0.0,0.0,1.0,-9.49,-0.153,0.711,0.0,35.0,28.14,0.0,14.0,1460.0,9.0,-11.8,-0.2,-0.98,-0.18,7.56,-0.34,-15.41,184.0,TESTR,AKR-TESTR-<MAC6>,0.0,1.0,0.0,100.0
43140,1,walk,walk,7492,,7492.0,20.0,0.0,0.0,1.0,-9.56,-0.144,0.702,0.0,35.0,28.18,0.0,14.0,1460.0,9.0,-11.75,-0.2,-0.98,-0.18,8.34,-0.14,-16.78,184.0,TESTR,AKR-TESTR-<MAC6>,0.0,1.0,0.0,100.0
43180,1,walk,walk,7493,,7493.0,20.0,0.0,0.0,1.0,-9.6,-0.133,0.71,0.0,35.0,28.14,0.0,14.0,1460.0,9.0,-11.66,-0.2,-0.98,-0.18,9.12,-0.02,-18.16,184.0,TESTR,AKR-TESTR-<MAC6>,0.0,1.0,0.0,100.0
43180,1,walk,walk,7494,,7494.0,20.0,0.0,0.0,1.0,-9.61,-0.125,0.518,0.0,35.0,28.18,0.0,14.0,1460.0,9.0,-11.51,-0.2,-0.98,-0.18,9.93,-0.02,-19.52,184.0,TESTR,AKR-TESTR-<MAC6>,0.0,1.0,0.0,100.0
43200,1,walk,walk,7495,,7495.0,20.0,0.0,0.0,1.0,-9.58,-0.117,0.597,0.0,35.0,28.14,0.0,14.0,1460.0,9.0,-11.3,-0.2,-0.98,-0.18,10.79,-0.1,-20.83,184.0,TESTR,AKR-TESTR-<MAC6>,0.0,1.0,0.0,100.0
43240,1,walk,walk,7496,,7496.0,20.0,0.0,0.0,1.0,-9.53,-0.109,0.52,0.0,35.0,28.18,0.0,14.0,1460.0,9.0,-11.04,-0.19,-0.98,-0.18,11.73,-0.26,-22.08,184.0,TESTR,AKR-TESTR-<MAC6>,0.0,1.0,0.0,100.0
43260,1,walk,walk,7497,,7497.0,20.0,0.0,0.0,1.0,-9.44,-0.103,0.351,0.0,35.0,28.18,0.0,14.0,1460.0,9.0,-10.73,-0.19,-0.98,-0.18,12.79,-0.49,-23.2,184.0,TESTR,AKR-TESTR-<MAC6>,0.0,1.0,0.0,100.0
43280,1,walk,walk,7498,,7498.0,20.0,0.0,0.0,1.0,-9.31,-0.098,0.352,0.0,35.0,28.18,0.0,14.0,1460.0,9.0,-10.37,-0.18,-0.98,-0.17,13.99,-0.77,-24.16,184.0,TESTR,AKR-TESTR-<MAC6>,0.0,1.0,0.0,100.0
43300,1,walk,walk,7499,,7499.0,20.0,0.0,0.0,1.0,-9.16,-0.09,0.751,0.0,35.0,28.18,0.0,14.0,1460.0,9.0,-9.98,-0.17,-0.98,-0.17,15.34,-1.08,-25.0,184.0,TESTR,AKR-TESTR-<MAC6>,0.0,1.0,0.0,100.0
43300,1,walk,walk,7500,,7500.0,20.0,0.0,0.0,1.0,-8.98,-0.08,0.668,0.0,35.0,28.18,0.0,14.0,1460.0,9.0,-9.57,-0.17,-0.99,-0.17,16.81,-1.37,-25.82,184.0,TESTR,AKR-TESTR-<MAC6>,0.0,1.0,0.0,100.0
43340,1,walk,walk,7501,,7501.0,20.0,0.0,0.0,1.0,-8.77,-0.071,0.481,0.0,35.0,28.14,0.0,14.0,1460.0,9.0,-9.15,-0.16,-0.99,-0.16,18.33,-1.58,-26.67,184.0,TESTR,AKR-TESTR-<MAC6>,0.0,1.0,0.0,100.0
43360,1,walk,walk,7502,,7502.0,20.0,0.0,0.0,1.0,-8.53,-0.063,0.523,0.0,35.0,28.18,0.0,14.0,1460.0,9.0,-8.7,-0.15,-0.99,-0.16,19.81,-1.62,-27.58,184.0,TESTR,AKR-TESTR-<MAC6>,0.0,1.0,0.0,100.0
43380,1,walk,walk,7503,,7503.0,20.0,0.0,0.0,1.0,-8.27,-0.056,0.268,0.0,35.0,28.18,0.0,14.0,1460.0,9.0,-8.2,-0.14,-0.99,-0.15,21.12,-1.37,-28.48,184.0,TESTR,AKR-TESTR-<MAC6>,0.0,1.0,0.0,100.0
43420,1,walk,walk,7504,,7504.0,20.0,0.0,0.0,1.0,-7.98,-0.056,0.013,0.0,35.0,28.18,0.0,14.0,1460.0,9.0,-7.61,-0.13,-1.0,-0.15,22.12,-0.52,-29.25,184.0,TESTR,AKR-TESTR-<MAC6>,0.0,1.0,0.0,100.0
43440,1,walk,walk,7505,,7505.0,20.0,0.0,0.0,1.0,-7.67,-0.056,-0.002,0.0,35.0,28.18,0.0,14.0,1460.0,9.0,-6.89,-0.12,-1.0,-0.15,22.51,1.73,-29.71,184.0,TESTR,AKR-TESTR-<MAC6>,0.0,1.0,0.0,100.0
43440,1,walk,walk,7506,,7506.0,20.0,0.0,0.0,1.0,-7.33,-0.058,-0.261,0.0,35.0,28.18,0.0,14.0,1460.0,9.0,-6.05,-0.11,-1.0,-0.15,21.96,6.64,-29.56,184.0,TESTR,AKR-TESTR-<MAC6>,0.0,1.0,0.0,100.0
43460,1,walk,walk,7507,,7507.0,20.0,0.0,0.0,1.0,-6.98,-0.065,-0.581,0.0,35.0,28.14,0.0,14.0,1460.0,9.0,-5.14,-0.09,-1.0,-0.16,20.25,15.64,-28.38,184.0,TESTR,AKR-TESTR-<MAC6>,0.0,1.0,0.0,100.0
43480,1,walk,walk,7508,,7508.0,20.0,0.0,0.0,1.0,-6.6,-0.067,0.064,0.0,35.0,28.14,0.0,14.0,1460.0,9.0,-4.33,-0.08,-1.0,-0.17,17.3,29.51,-25.78,184.0,TESTR,AKR-TESTR-<MAC6>,0.0,1.0,0.0,100.0
43480,1,walk,walk,7509,,7509.0,20.0,0.0,0.0,1.0,-6.21,-0.064,0.103,0.0,35.0,28.18,0.0,14.0,1460.0,9.0,-3.88,-0.07,-1.0,-0.19,13.21,47.98,-21.62,184.0,TESTR,AKR-TESTR-<MAC6>,0.0,1.0,0.0,100.0
43500,1,walk,walk,7510,,7510.0,20.0,0.0,0.0,1.0,-5.8,-0.064,0.083,0.0,35.0,28.14,0.0,14.0,1460.0,9.0,-4.03,-0.07,-1.0,-0.21,8.25,69.42,-16.13,184.0,TESTR,AKR-TESTR-<MAC6>,0.0,1.0,0.0,100.0
43540,1,walk,walk,7511,,7511.0,20.0,0.0,0.0,1.0,-5.39,-0.06,0.186,0.0,35.0,28.18,0.0,14.0,1460.0,9.0,-4.94,-0.09,-1.01,-0.23,2.84,91.17,-9.8,184.0,TESTR,AKR-TESTR-<MAC6>,0.0,1.0,0.0,100.0
43540,1,walk,walk,7512,,7512.0,20.0,0.0,0.0,1.0,-4.98,-0.058,0.077,0.0,35.0,28.18,0.0,14.0,1460.0,9.0,-6.63,-0.12,-1.01,-0.24,-2.54,110.15,-3.21,184.0,TESTR,AKR-TESTR-<MAC6>,0.0,1.0,0.0,100.0
43560,1,walk,walk,7513,,7513.0,20.0,1.0,0.0,1.0,-4.57,-0.058,-0.062,0.0,35.0,28.14,0.0,15.0,1460.0,9.0,-8.95,-0.16,-1.01,-0.25,-7.44,123.67,3.1,184.0,TESTR,AKR-TESTR-<MAC6>,0.0,1.0,0.0,100.0
43620,1,walk,walk,7514,,7514.0,20.0,1.0,0.0,1.0,-4.18,-0.058,0.069,0.0,35.0,28.18,0.0,15.0,1460.0,9.0,-11.63,-0.21,-1.01,-0.25,-11.49,130.0,8.72,184.0,TESTR,AKR-TESTR-<MAC6>,0.0,1.0,0.0,100.0
43620,1,walk,walk,7515,,7515.0,20.0,1.0,0.0,1.0,-3.83,-0.058,-0.018,0.0,35.0,28.18,0.0,15.0,1460.0,9.0,-14.32,-0.26,-1.01,-0.24,-14.4,128.65,13.37,184.0,TESTR,AKR-TESTR-<MAC6>,0.0,1.0,0.0,100.0
43620,1,walk,walk,7516,,7516.0,20.0,1.0,0.0,1.0,-3.52,-0.058,-0.033,0.0,35.0,28.14,0.0,15.0,1460.0,9.0,-16.7,-0.3,-1.01,-0.23,-16.08,120.28,16.99,184.0,TESTR,AKR-TESTR-<MAC6>,0.0,1.0,0.0,100.0
43660,1,walk,walk,7517,,7517.0,20.0,1.0,0.0,1.0,-3.26,-0.058,-0.03,0.0,35.0,28.18,0.0,15.0,1460.0,9.0,-18.53,-0.34,-1.01,-0.22,-16.53,106.51,19.62,184.0,TESTR,AKR-TESTR-<MAC6>,0.0,1.0,0.0,100.0
43660,1,walk,walk,7518,,7518.0,20.0,1.0,0.0,1.0,-3.07,-0.058,0.049,0.0,35.0,28.18,0.0,15.0,1460.0,9.0,-19.7,-0.36,-1.01,-0.2,-15.95,89.57,21.45,184.0,TESTR,AKR-TESTR-<MAC6>,0.0,1.0,0.0,100.0
43680,1,walk,walk,7519,,7519.0,20.0,1.0,0.0,1.0,-2.95,-0.058,0.001,0.0,35.0,28.14,0.0,15.0,1460.0,9.0,-20.16,-0.37,-1.01,-0.18,-14.61,71.81,22.74,184.0,TESTR,AKR-TESTR-<MAC6>,0.0,1.0,0.0,100.0
43720,1,walk,walk,7520,,7520.0,20.0,1.0,0.0,1.0,-2.9,-0.057,0.088,0.0,35.0,28.18,0.0,15.0,1460.0,9.0,-20.0,-0.37,-1.01,-0.17,-12.86,55.31,23.79,184.0,TESTR,AKR-TESTR-<MAC6>,0.0,1.0,0.0,100.0
43720,1,walk,walk,7521,,7521.0,20.0,1.0,0.0,1.0,-2.93,-0.057,0.183,0.0,35.0,28.18,0.0,15.0,1460.0,9.0,-19.31,-0.35,-1.01,-0.16,-11.01,41.57,24.82,184.0,TESTR,AKR-TESTR-<MAC6>,0.0,1.0,0.0,100.0
43760,1,walk,walk,7522,,7522.0,20.0,2.0,0.0,1.0,-3.05,-0.055,0.061,0.0,35.0,28.18,0.0,16.0,1460.0,9.0,-18.26,-0.33,-1.01,-0.15,-9.34,31.35,25.98,185.0,TESTR,AKR-TESTR-<MAC6>,0.0,1.0,0.0,100.0
43780,1,walk,walk,7523,,7523.0,20.0,2.0,0.0,1.0,-3.23,-0.053,0.085,0.0,35.0,28.14,0.0,16.0,1460.0,9.0,-16.99,-0.31,-1.01,-0.14,-8.0,24.71,27.28,185.0,TESTR,AKR-TESTR-<MAC6>,0.0,1.0,0.0,100.0
43780,1,walk,walk,7524,,7524.0,20.0,2.0,0.0,1.0,-3.49,-0.053,0.011,0.0,35.0,28.18,0.0,16.0,1460.0,9.0,-15.64,-0.28,-1.0,-0.14,-7.05,21.17,28.66,185.0,TESTR,AKR-TESTR-<MAC6>,0.0,1.0,0.0,100.0
43800,1,walk,walk,7525,,7525.0,20.0,2.0,0.0,1.0,-3.82,-0.053,-0.03,0.0,35.0,28.18,0.0,16.0,1460.0,9.0,-14.32,-0.25,-0.99,-0.14,-6.5,19.87,30.01,185.0,TESTR,AKR-TESTR-<MAC6>,0.0,1.0,0.0,100.0
43840,1,walk,walk,7526,,7526.0,20.0,2.0,6.0,2.0,-4.2,-0.053,-0.037,0.0,35.0,28.18,0.0,16.0,1460.0,9.0,-13.09,-0.23,-0.99,-0.14,-6.28,19.83,31.14,185.0,TESTR,AKR-TESTR-<MAC6>,0.0,1.0,0.0,100.0
43840,1,walk,walk,7527,,7527.0,20.0,0.0,6.0,2.0,-4.64,-0.053,0.045,0.009,35.0,28.14,0.0,17.0,1460.0,9.0,-11.97,-0.21,-0.98,-0.15,-6.29,20.16,31.74,185.0,TESTR,AKR-TESTR-<MAC6>,0.0,1.0,0.0,100.0
43860,1,walk,walk,7528,,7528.0,20.0,0.0,6.0,2.0,-5.12,-0.034,1.433,0.446,35.0,28.14,0.0,17.0,1460.0,9.0,-10.94,-0.19,-0.97,-0.15,-6.4,20.21,31.59,185.0,TESTR,AKR-TESTR-<MAC6>,0.0,1.0,0.0,100.0
43940,1,walk,walk,7529,,7529.0,20.0,0.0,6.0,2.0,-5.63,-0.019,0.559,0.716,35.0,28.11,0.0,17.0,1460.0,9.0,-9.97,-0.17,-0.96,-0.15,-6.54,19.69,30.63,185.0,TESTR,AKR-TESTR-<MAC6>,0.0,1.0,0.0,100.0
43980,1,walk,walk,7530,,7530.0,20.0,0.0,6.0,2.0,-6.17,-0.012,0.272,0.824,35.0,28.14,0.0,17.0,1460.0,9.0,-9.01,-0.15,-0.95,-0.15,-6.66,18.61,28.93,185.0,TESTR,AKR-TESTR-<MAC6>,0.0,1.0,0.0,100.0
43980,1,walk,walk,7531,,7531.0,20.0,1.0,6.0,2.0,-6.74,-0.01,0.19,0.906,35.0,28.11,0.0,18.0,1460.0,9.0,-8.04,-0.13,-0.94,-0.15,-6.72,17.21,26.57,185.0,TESTR,AKR-TESTR-<MAC6>,0.0,1.0,0.0,100.0
43980,1,walk,walk,7532,,7532.0,20.0,1.0,6.0,2.0,-7.32,-0.009,0.025,0.977,35.0,28.11,0.0,18.0,1460.0,9.0,-7.05,-0.12,-0.94,-0.14,-6.75,15.84,23.71,185.0,TESTR,AKR-TESTR-<MAC6>,0.0,1.0,0.0,100.0
44000,1,walk,walk,7533,,7533.0,20.0,1.0,6.0,2.0,-7.9,-0.009,0.023,1.013,35.0,28.14,0.0,18.0,1460.0,9.0,-6.06,-0.1,-0.93,-0.14,-6.77,14.77,20.49,185.0,TESTR,AKR-TESTR-<MAC6>,0.0,1.0,0.0,100.0
44000,1,walk,walk,7534,,7534.0,20.0,1.0,6.0,2.0,-8.47,-0.009,-0.005,1.034,35.0,28.11,0.0,18.0,1460.0,9.0,-5.1,-0.08,-0.92,-0.14,-6.79,14.17,17.04,185.0,TESTR,AKR-TESTR-<MAC6>,0.0,1.0,0.0,100.0
44020,1,walk,walk,7535,,7535.0,20.0,1.0,6.0,2.0,-9.04,-0.009,-0.002,1.079,35.0,28.11,0.0,18.0,1460.0,9.0,-4.2,-0.07,-0.92,-0.14,-6.86,14.02,13.46,185.0,TESTR,AKR-TESTR-<MAC6>,0.0,1.0,0.0,100.0
44020,1,walk,walk,7536,,7536.0,20.0,1.0,6.0,2.0,-9.58,-0.009,0.017,1.077,35.0,28.14,0.0,18.0,1460.0,9.0,-3.42,-0.05,-0.92,-0.14,-6.98,14.19,9.84,185.0,TESTR,AKR-TESTR-<MAC6>,0.0,1.0,0.0,100.0
44040,1,walk,walk,7537,,7537.0,20.0,1.0,6.0,2.0,-10.09,-0.009,0.101,1.091,35.0,28.11,0.0,18.0,1460.0,9.0,-2.78,-0.04,-0.92,-0.14,-7.16,14.5,6.28,185.0,TESTR,AKR-TESTR-<MAC6>,0.0,1.0,0.0,100.0
44080,1,walk,walk,7538,,7538.0,20.0,1.0,6.0,2.0,-10.57,-0.01,-0.091,1.121,35.0,28.11,0.0,18.0,1460.0,9.0,-2.3,-0.04,-0.91,-0.15,-7.4,14.8,2.89,185.0,TESTR,AKR-TESTR-<MAC6>,0.0,1.0,0.0,100.0
44080,1,walk,walk,7539,,7539.0,20.0,1.0,6.0,2.0,-11.0,-0.01,-0.023,1.194,35.0,28.11,0.0,18.0,1460.0,9.0,-2.0,-0.03,-0.91,-0.15,-7.64,15.0,-0.16,185.0,TESTR,AKR-TESTR-<MAC6>,0.0,1.0,0.0,100.0
44140,1,walk,walk,7540,,7540.0,20.0,1.0,6.0,2.0,-11.38,-0.011,-0.187,1.478,35.0,28.11,0.0,18.0,1460.0,9.0,-2.05,-0.03,-0.92,-0.15,-7.69,14.79,-2.67,185.0,TESTR,AKR-TESTR-<MAC6>,0.0,1.0,0.0,100.0
44160,1,walk,walk,7541,,7541.0,20.0,1.0,6.0,2.0,-11.72,-0.018,-0.531,2.569,35.0,28.04,0.0,18.0,1460.0,9.0,-2.57,-0.04,-0.93,-0.16,-7.41,13.9,-4.48,185.0,TESTR,AKR-TESTR-<MAC6>,0.0,1.0,0.0,100.0
44160,1,walk,walk,7542,,7542.0,20.0,1.0,6.0,2.0,-11.99,-0.026,-0.352,3.393,35.0,27.97,0.0,18.0,1460.0,9.0,-3.43,-0.06,-0.94,-0.16,-6.75,12.44,-5.73,185.0,TESTR,AKR-TESTR-<MAC6>,0.0,1.0,0.0,100.0
44160,1,walk,walk,7543,,7543.0,20.0,1.0,6.0,2.0,-12.21,-0.034,-0.549,4.592,35.0,27.83,0.0,18.0,1460.0,9.0,-4.49,-0.07,-0.95,-0.16,-5.8,10.79,-6.52,185.0,TESTR,AKR-TESTR-<MAC6>,0.0,1.0,0.0,100.0
44200,1,walk,walk,7544,,7544.0,20.0,1.0,6.0,2.0,-12.37,-0.044,-0.673,5.885,35.0,27.65,0.0,18.0,1460.0,9.0,-5.63,-0.1,-0.97,-0.16,-4.69,9.39,-7.01,185.0,TESTR,AKR-TESTR-<MAC6>,0.0,1.0,0.0,100.0
44200,1,walk,walk,7545,,7545.0,20.0,1.0,6.0,2.0,-12.48,-0.051,-0.288,6.261,35.0,27.51,0.0,18.0,1460.0,9.0,-6.73,-0.12,-0.98,-0.16,-3.58,8.56,-7.43,185.0,TESTR,AKR-TESTR-<MAC6>,0.0,1.0,0.0,100.0
44220,1,walk,walk,7546,,7546.0,20.0,1.0,6.0,2.0,-12.54,-0.054,-0.13,6.564,35.0,27.4,0.0,18.0,1460.0,9.0,-7.7,-0.13,-0.99,-0.16,-2.57,8.2,-7.98,185.0,TESTR,AKR-TESTR-<MAC6>,0.0,1.0,0.0,100.0
44260,1,walk,walk,7547,,7547.0,20.0,1.0,6.0,2.0,-12.55,-0.054,-0.006,6.537,35.0,27.4,0.0,18.0,1460.0,9.0,-8.45,-0.15,-1.0,-0.16,-1.68,8.11,-8.74,185.0,TESTR,AKR-TESTR-<MAC6>,0.0,1.0,0.0,100.0
44260,1,walk,walk,7548,,7548.0,20.0,1.0,6.0,2.0,-12.53,-0.054,0.025,6.544,35.0,27.4,0.0,18.0,1460.0,9.0,-8.93,-0.16,-1.01,-0.16,-0.9,8.11,-9.68,185.0,TESTR,AKR-TESTR-<MAC6>,0.0,1.0,0.0,100.0
44280,1,walk,walk,7549,,7549.0,20.0,1.0,6.0,2.0,-12.47,-0.054,-0.009,6.552,35.0,27.4,0.0,18.0,1460.0,9.0,-9.14,-0.16,-1.02,-0.17,-0.21,8.06,-10.65,185.0,TESTR,AKR-TESTR-<MAC6>,0.0,1.0,0.0,100.0
44320,1,walk,walk,7550,,7550.0,20.0,1.0,6.0,2.0,-12.37,-0.054,-0.057,6.551,35.0,27.4,0.0,18.0,1460.0,9.0,-9.11,-0.16,-1.02,-0.17,0.4,7.89,-11.5,185.0,TESTR,AKR-TESTR-<MAC6>,0.0,1.0,0.0,100.0
44340,1,walk,walk,7551,,7551.0,20.0,1.0,6.0,2.0,-12.26,-0.054,-0.003,6.587,35.0,27.4,0.0,18.0,1460.0,9.0,-8.87,-0.16,-1.03,-0.17,0.89,7.55,-12.06,185.0,TESTR,AKR-TESTR-<MAC6>,0.0,1.0,0.0,100.0
44360,1,walk,walk,7552,,7552.0,20.0,1.0,6.0,2.0,-12.11,-0.055,-0.1,6.755,35.0,27.37,0.0,18.0,1460.0,9.0,-8.51,-0.15,-1.03,-0.18,1.24,7.08,-12.21,185.0,TESTR,AKR-TESTR-<MAC6>,0.0,1.0,0.0,100.0
44380,1,walk,walk,7553,,7553.0,20.0,1.0,6.0,2.0,-11.95,-0.056,-0.032,6.843,35.0,27.37,0.0,18.0,1460.0,9.0,-8.09,-0.15,-1.03,-0.18,1.46,6.51,-11.93,185.0,TESTR,AKR-TESTR-<MAC6>,0.0,1.0,0.0,100.0
44380,1,walk,walk,7554,,7554.0,20.0,1.0,6.0,2.0,-11.77,-0.056,0.03,6.775,35.0,27.37,0.0,18.0,1460.0,9.0,-7.71,-0.14,-1.03,-0.18,1.56,5.92,-11.34,185.0,TESTR,AKR-TESTR-<MAC6>,0.0,1.0,0.0,100.0
44400,1,walk,walk,7555,,7555.0,20.0,1.0,6.0,2.0,-11.58,-0.056,0.002,6.763,35.0,27.37,0.0,18.0,1460.0,9.0,-7.41,-0.13,-1.03,-0.18,1.59,5.39,-10.61,185.0,TESTR,AKR-TESTR-<MAC6>,0.0,1.0,0.0,100.0
44440,1,walk,walk,7556,,7556.0,20.0,1.0,6.0,2.0,-11.38,-0.055,0.177,6.473,35.0,27.4,0.0,18.0,1460.0,9.0,-7.21,-0.13,-1.02,-0.19,1.63,4.98,-9.95,185.0,TESTR,AKR-TESTR-<MAC6>,0.0,1.0,0.0,100.0
44440,1,walk,walk,7557,,7557.0,20.0,1.0,6.0,2.0,-11.16,-0.052,0.24,6.067,35.0,27.47,0.0,18.0,1460.0,9.0,-7.1,-0.13,-1.02,-0.19,1.71,4.72,-9.52,185.0,TESTR,AKR-TESTR-<MAC6>,0.0,1.0,0.0,100.0
44460,1,walk,walk,7558,,7558.0,20.0,1.0,6.0,2.0,-10.94,-0.048,0.261,5.629,35.0,27.58,0.0,18.0,1460.0,9.0,-7.02,-0.13,-1.02,-0.19,1.87,4.58,-9.4,185.0,TESTR,AKR-TESTR-<MAC6>,0.0,1.0,0.0,100.0
44520,1,walk,walk,7559,,7559.0,20.0,1.0,6.0,2.0,-10.72,-0.046,0.099,5.515,35.0,27.62,0.0,18.0,1460.0,9.0,-6.95,-0.12,-1.01,-0.2,2.11,4.54,-9.55,185.0,TESTR,AKR-TESTR-<MAC6>,0.0,1.0,0.0,100.0
44520,1,walk,walk,7560,,7560.0,20.0,1.0,6.0,2.0,-10.49,-0.044,0.224,5.253,35.0,27.69,0.0,18.0,1460.0,9.0,-6.87,-0.12,-1.01,-0.2,2.43,4.57,-9.89,185.0,TESTR,AKR-TESTR-<MAC6>,0.0,1.0,0.0,100.0
44520,1,walk,walk,7561,,7561.0,20.0,1.0,6.0,2.0,-10.25,-0.041,0.084,4.934,35.0,27.72,0.0,18.0,1460.0,9.0,-6.76,-0.12,-1.01,-0.2,2.85,4.62,-10.36,185.0,TESTR,AKR-TESTR-<MAC6>,0.0,1.0,0.0,100.0
44560,1,walk,walk,7562,,7562.0,20.0,1.0,6.0,2.0,-10.02,-0.039,0.096,4.659,35.0,27.79,0.0,18.0,1460.0,9.0,-6.62,-0.12,-1.0,-0.21,3.36,4.7,-10.9,185.0,TESTR,AKR-TESTR-<MAC6>,0.0,1.0,0.0,100.0
44560,1,walk,walk,7563,,7563.0,20.0,1.0,6.0,2.0,-9.79,-0.037,0.205,4.345,35.0,27.83,0.0,18.0,1460.0,9.0,-6.45,-0.11,-1.0,-0.21,3.96,4.78,-11.47,185.0,TESTR,AKR-TESTR-<MAC6>,0.0,1.0,0.0,100.0
44580,1,walk,walk,7564,,7564.0,20.0,1.0,6.0,2.0,-9.55,-0.033,0.336,3.785,35.0,27.86,0.0,18.0,1460.0,9.0,-6.26,-0.11,-1.0,-0.21,4.61,4.88,-12.09,185.0,TESTR,AKR-TESTR-<MAC6>,0.0,1.0,0.0,100.0
44620,1,walk,walk,7565,,7565.0,20.0,1.0,6.0,2.0,-9.32,-0.03,0.265,3.362,35.0,27.93,0.0,18.0,1460.0,9.0,-6.04,-0.11,-1.0,-0.21,5.27,5.01,-12.74,185.0,TESTR,AKR-TESTR-<MAC6>,0.0,1.0,0.0,100.0
44660,1,walk,walk,7566,,7566.0,20.0,1.0,6.0,2.0,-9.08,-0.026,0.33,2.915,35.0,27.97,0.0,18.0,1460.0,9.0,-5.78,-0.1,-0.99,-0.21,5.87,5.16,-13.4,186.0,TESTR,AKR-TESTR-<MAC6>,0.0,1.0,0.0,100.0
44660,1,walk,walk,7567,,7567.0,20.0,1.0,6.0,2.0,-8.84,-0.023,0.185,2.672,35.0,28.0,0.0,18.0,1460.0,9.0,-5.5,-0.1,-0.99,-0.21,6.38,5.35,-14.03,186.0,TESTR,AKR-TESTR-<MAC6>,0.0,1.0,0.0,100.0
44680,1,walk,walk,7568,,7568.0,20.0,1.0,6.0,2.0,-8.6,-0.02,0.205,2.381,35.0,28.04,0.0,18.0,1460.0,9.0,-5.21,-0.09,-0.99,-0.2,6.77,5.52,-14.61,186.0,TESTR,AKR-TESTR-<MAC6>,0.0,1.0,0.0,100.0
44680,1,walk,walk,7569,,7569.0,20.0,1.0,6.0,2.0,-8.36,-0.019,0.139,2.123,35.0,28.04,0.0,18.0,1460.0,9.0,-4.91,-0.09,-0.99,-0.2,7.09,5.65,-15.12,186.0,TESTR,AKR-TESTR-<MAC6>,0.0,1.0,0.0,100.0
44700,1,walk,walk,7570,,7570.0,20.0,1.0,6.0,2.0,-8.11,-0.017,0.054,1.985,35.0,28.07,0.0,18.0,1460.0,9.0,-4.59,-0.08,-0.99,-0.2,7.38,5.72,-15.52,186.0,TESTR,AKR-TESTR-<MAC6>,0.0,1.0,0.0,100.0
44740,1,walk,walk,7571,,7571.0,20.0,1.0,6.0,2.0,-7.86,-0.016,0.095,1.879,35.0,28.07,0.0,18.0,1460.0,9.0,-4.25,-0.07,-0.99,-0.2,7.68,5.7,-15.78,186.0,TESTR,AKR-TESTR-<MAC6>,0.0,1.0,0.0,100.0
44740,1,walk,walk,7572,,7572.0,20.0,1.0,6.0,2.0,-7.6,-0.015,0.144,1.764,35.0,28.07,0.0,18.0,1460.0,9.0,-3.89,-0.07,-0.99,-0.2,8.05,5.59,-15.87,186.0,TESTR,AKR-TESTR-<MAC6>,0.0,1.0,0.0,100.0
44780,1,walk,walk,7573,,7573.0,20.0,1.0,6.0,2.0,-7.33,-0.014,0.056,1.636,35.0,28.07,0.0,18.0,1460.0,9.0,-3.53,-0.06,-0.99,-0.19,8.53,5.4,-15.81,186.0,TESTR,AKR-TESTR-<MAC6>,0.0,1.0,0.0,100.0
44800,1,walk,walk,7574,,7574.0,20.0,1.0,6.0,2.0,-7.06,-0.013,0.058,1.493,35.0,28.11,0.0,18.0,1460.0,9.0,-3.16,-0.05,-0.99,-0.19,9.11,5.17,-15.61,186.0,TESTR,AKR-TESTR-<MAC6>,0.0,1.0,0.0,100.0
44820,1,walk,walk,7575,,7575.0,20.0,1.0,6.0,2.0,-6.79,-0.012,0.042,1.322,35.0,28.11,0.0,18.0,1460.0,9.0,-2.79,-0.05,-0.99,-0.19,9.77,4.93,-15.32,186.0,TESTR,AKR-TESTR-<MAC6>,0.0,1.0,0.0,100.0
44820,1,walk,walk,7576,,7576.0,20.0,1.0,6.0,2.0,-6.51,-0.01,0.201,1.096,35.0,28.11,0.0,18.0,1460.0,9.0,-2.43,-0.04,-0.99,-0.19,10.44,4.68,-14.96,186.0,TESTR,AKR-TESTR-<MAC6>,0.0,1.0,0.0,100.0
44860,1,walk,walk,7577,,7577.0,20.0,1.0,6.0,2.0,-6.22,-0.009,0.025,0.982,35.0,28.14,0.0,18.0,1460.0,9.0,-2.09,-0.04,-0.99,-0.19,11.07,4.45,-14.59,186.0,TESTR,AKR-TESTR-<MAC6>,0.0,1.0,0.0,100.0
44860,1,walk,walk,7578,,7578.0,20.0,1.0,6.0,2.0,-5.92,-0.007,0.104,0.818,35.0,28.14,0.0,18.0,1460.0,9.0,-1.78,-0.03,-0.99,-0.18,11.65,4.24,-14.23,186.0,TESTR,AKR-TESTR-<MAC6>,0.0,1.0,0.0,100.0
44880,1,walk,walk,7579,,7579.0,20.0,1.0,6.0,2.0,-5.63,-0.006,0.026,0.713,35.0,28.11,0.0,18.0,1460.0,9.0,-1.48,-0.03,-0.99,-0.18,12.2,4.04,-13.9,186.0,TESTR,AKR-TESTR-<MAC6>,0.0,1.0,0.0,100.0
44920,1,walk,walk,7580,,7580.0,20.0,1.0,6.0,2.0,-5.33,-0.006,0.135,0.649,35.0,28.14,0.0,18.0,1460.0,9.0,-1.2,-0.02,-0.99,-0.18,12.74,3.85,-13.59,186.0,TESTR,AKR-TESTR-<MAC6>,0.0,1.0,0.0,100.0
44960,1,walk,walk,7581,,7581.0,20.0,1.0,6.0,2.0,-5.03,-0.006,-0.009,0.648,35.0,28.14,0.0,18.0,1460.0,9.0,-0.9,-0.02,-1.0,-0.17,13.26,3.68,-13.24,186.0,TESTR,AKR-TESTR-<MAC6>,0.0,1.0,0.0,100.0
44980,1,walk,walk,7582,,7582.0,20.0,1.0,6.0,2.0,-4.72,-0.006,0.015,0.705,35.0,28.14,0.0,18.0,1460.0,9.0,-0.6,-0.01,-1.0,-0.17,13.74,3.51,-12.81,186.0,TESTR,AKR-TESTR-<MAC6>,0.0,1.0,0.0,100.0
44980,1,walk,walk,7583,,7583.0,20.0,1.0,6.0,2.0,-4.42,-0.006,-0.04,0.718,35.0,28.14,0.0,18.0,1460.0,9.0,-0.29,-0.01,-1.0,-0.16,14.13,3.35,-12.29,186.0,TESTR,AKR-TESTR-<MAC6>,0.0,1.0,0.0,100.0
45020,1,walk,walk,7584,,7584.0,20.0,1.0,6.0,2.0,-4.12,-0.006,0.01,0.815,35.0,28.11,0.0,18.0,1460.0,9.0,0.01,0.0,-1.0,-0.16,14.41,3.26,-11.7,186.0,TESTR,AKR-TESTR-<MAC6>,0.0,1.0,0.0,100.0
45020,1,walk,walk,7585,,7585.0,20.0,1.0,6.0,2.0,-3.82,-0.007,-0.085,0.867,35.0,28.11,0.0,18.0,1460.0,9.0,0.33,0.01,-1.0,-0.15,14.43,3.54,-11.02,186.0,TESTR,AKR-TESTR-<MAC6>,0.0,1.0,0.0,100.0
45040,1,walk,walk,7586,,7586.0,20.0,1.0,6.0,2.0,-3.52,-0.008,-0.124,0.945,35.0,28.14,0.0,18.0,1460.0,9.0,0.71,0.01,-1.0,-0.15,13.91,5.05,-10.17,186.0,TESTR,AKR-TESTR-<MAC6>,0.0,1.0,0.0,100.0
45040,1,walk,walk,7587,,7587.0,20.0,1.0,6.0,2.0,-3.22,-0.009,-0.048,1.01,35.0,28.11,0.0,18.0,1460.0,9.0,1.23,0.02,-1.0,-0.15,12.52,9.32,-8.88,186.0,TESTR,AKR-TESTR-<MAC6>,0.0,1.0,0.0,100.0
45060,1,walk,walk,7588,,7588.0,20.0,1.0,6.0,2.0,-2.93,-0.009,-0.076,1.057,35.0,28.11,0.0,18.0,1460.0,9.0,1.89,0.03,-1.0,-0.15,10.05,18.11,-6.8,186.0,TESTR,AKR-TESTR-<MAC6>,0.0,1.0,0.0,100.0
45100,1,walk,walk,7589,,7589.0,20.0,1.0,6.0,2.0,-2.65,-0.009,0.042,0.951,35.0,28.14,0.0,18.0,1460.0,9.0,2.61,0.05,-1.0,-0.16,6.52,32.53,-3.58,186.0,TESTR,AKR-TESTR-<MAC6>,0.0,1.0,0.0,100.0
45100,1,walk,walk,7590,,7590.0,20.0,1.0,6.0,2.0,-2.37,-0.007,0.134,0.777,35.0,28.14,0.0,18.0,1460.0,9.0,3.23,0.06,-1.0,-0.17,2.15,52.42,0.99,186.0,TESTR,AKR-TESTR-<MAC6>,0.0,1.0,0.0,100.0
45140,1,walk,walk,7591,,7591.0,20.0,1.0,0.0,5.0,-2.11,-0.006,0.117,0.65,35.0,28.14,0.0,18.0,1460.0,9.0,3.49,0.06,-1.0,-0.17,-2.61,76.11,6.77,186.0,TESTR,AKR-TESTR-<MAC6>,0.0,1.0,0.0,100.0
45160,1,walk,walk,7592,,7592.0,20.0,0.0,0.0,6.0,-1.86,-0.006,0.056,0.666,35.0,28.14,0.0,18.0,1460.0,9.0,3.16,0.06,-1.01,-0.18,-7.26,100.7,13.34,186.0,TESTR,AKR-TESTR-<MAC6>,0.0,1.0,0.0,100.0
45160,1,walk,walk,7593,,7593.0,20.0,0.0,0.0,6.0,-1.63,-0.021,-4.016,0.0,35.0,28.18,0.0,12.0,1460.0,9.0,2.12,0.04,-1.02,-0.18,-11.34,122.7,20.06,186.0,TESTR,AKR-TESTR-<MAC6>,0.0,1.0,0.0,100.0
45180,1,walk,walk,7594,,7594.0,20.0,0.0,0.0,6.0,-1.43,-0.03,-0.34,0.0,35.0,28.14,0.0,12.0,1460.0,9.0,0.4,0.01,-1.02,-0.18,-14.47,138.92,26.16,186.0,TESTR,AKR-TESTR-<MAC6>,0.0,1.0,0.0,100.0
45220,1,walk,walk,7595,,7595.0,20.0,0.0,0.0,6.0,-1.27,-0.033,-0.187,0.0,35.0,28.18,0.0,12.0,1460.0,9.0,-1.81,-0.03,-1.03,-0.17,-16.35,147.27,31.11,186.0,TESTR,AKR-TESTR-<MAC6>,0.0,1.0,0.0,100.0
45260,1,walk,walk,7596,,7596.0,20.0,0.0,0.0,6.0,-1.15,-0.041,-0.898,0.0,35.0,28.18,0.0,12.0,1460.0,9.0,-4.22,-0.08,-1.04,-0.16,-16.82,147.07,34.66,186.0,TESTR,AKR-TESTR-<MAC6>,0.0,1.0,0.0,100.0
45280,1,walk,walk,7597,,7597.0,20.0,0.0,0.0,6.0,-1.08,-0.058,-1.086,0.0,35.0,28.14,0.0,12.0,1460.0,9.0,-6.51,-0.12,-1.04,-0.15,-15.87,139.1,36.86,186.0,TESTR,AKR-TESTR-<MAC6>,0.0,1.0,0.0,100.0
45280,1,walk,walk,7598,,7598.0,20.0,0.0,0.0,6.0,-1.08,-0.073,-1.039,0.0,35.0,28.18,0.0,12.0,1460.0,9.0,-8.37,-0.15,-1.04,-0.13,-13.63,125.38,37.9,186.0,TESTR,AKR-TESTR-<MAC6>,0.0,1.0,0.0,100.0
45300,1,walk,walk,7599,,7599.0,20.0,0.0,0.0,6.0,-1.14,-0.086,-0.613,0.0,35.0,28.18,0.0,12.0,1460.0,9.0,-9.56,-0.18,-1.05,-0.11,-10.34,108.1,38.05,186.0,TESTR,AKR-TESTR-<MAC6>,0.0,1.0,0.0,100.0
45320,1,walk,walk,7600,,7600.0,20.0,0.0,0.0,7.0,-1.27,-0.089,0.062,0.0,35.0,28.18,0.0,12.0,1460.0,9.0,-9.99,-0.18,-1.05,-0.09,-6.34,89.74,37.57,186.0,TESTR,AKR-TESTR-<MAC6>,0.0,1.0,0.0,100.0
45340,1,walk,walk,7601,,7601.0,20.0,0.0,0.0,7.0,-1.47,-0.089,0.037,0.0,35.0,28.14,0.0,12.0,1460.0,9.0,-9.69,-0.18,-1.05,-0.08,-2.0,72.74,36.77,186.0,TESTR,AKR-TESTR-<MAC6>,0.0,1.0,0.0,100.0
45380,1,walk,walk,7602,,7602.0,20.0,0.0,0.0,7.0,-1.74,-0.089,0.053,0.0,35.0,28.14,0.0,12.0,1460.0,9.0,-8.76,-0.16,-1.04,-0.06,2.32,59.12,35.92,186.0,TESTR,AKR-TESTR-<MAC6>,0.0,1.0,0.0,100.0
45400,1,walk,walk,7603,,7603.0,20.0,0.0,0.0,7.0,-2.08,-0.088,0.089,0.0,35.0,28.18,0.0,12.0,1460.0,9.0,-7.4,-0.13,-1.04,-0.06,6.3,50.09,35.21,186.0,TESTR,AKR-TESTR-<MAC6>,0.0,1.0,0.0,100.0
45400,1,walk,walk,7604,,7604.0,20.0,0.0,0.0,7.0,-2.47,-0.088,-0.007,0.0,35.0,28.18,0.0,12.0,1460.0,9.0,-5.82,-0.11,-1.03,-0.06,9.71,45.91,34.71,186.0,TESTR,AKR-TESTR-<MAC6>,0.0,1.0,0.0,100.0
45400,1,walk,walk,7605,,7605.0,20.0,0.0,0.0,7.0,-2.92,-0.088,0.021,0.0,35.0,28.18,0.0,12.0,1460.0,9.0,-4.25,-0.08,-1.02,-0.07,12.4,46.0,34.35,186.0,TESTR,AKR-TESTR-<MAC6>,0.0,1.0,0.0,100.0
45460,1,walk,walk,7606,,7606.0,20.0,0.0,0.0,7.0,-3.42,-0.088,-0.003,0.0,35.0,28.18,0.0,12.0,1460.0,9.0,-2.86,-0.05,-1.01,-0.08,14.33,49.08,33.96,186.0,TESTR,AKR-TESTR-<MAC6>,0.0,1.0,0.0,100.0
45480,1,walk,walk,7607,,7607.0,20.0,0.0,0.0,7.0,-3.94,-0.088,0.07,0.0,35.0,28.18,0.0,12.0,1460.0,9.0,-1.75,-0.03,-1.0,-0.09,15.53,53.63,33.38,186.0,TESTR,AKR-TESTR-<MAC6>,0.0,1.0,0.0,100.0
45480,1,walk,walk,7608,,7608.0,20.0,0.0,0.0,7.0,-4.49,-0.088,-0.062,0.0,35.0,28.18,0.0,12.0,1460.0,9.0,-0.95,-0.02,-0.98,-0.11,16.12,58.24,32.5,186.0,TESTR,AKR-TESTR-<MAC6>,0.0,1.0,0.0,100.0
45500,1,walk,walk,7609,,7609.0,20.0,0.0,0.0,7.0,-5.06,-0.088,-0.07,0.0,35.0,28.18,0.0,12.0,1460.0,9.0,-0.43,-0.01,-0.97,-0.12,16.23,61.88,31.26,186.0,TESTR,AKR-TESTR-<MAC6>,0.0,1.0,0.0,100.0
45520,1,walk,walk,7610,,7610.0,20.0,0.0,0.0,7.0,-5.64,-0.089,-0.07,0.0,35.0,28.18,0.0,12.0,1460.0,9.0,-0.11,0.0,-0.96,-0.14,15.99,64.04,29.64,186.0,TESTR,AKR-TESTR-<MAC6>,0.0,1.0,0.0,100.0
45520,1,walk,walk,7611,,7611.0,20.0,0.0,0.0,7.0,-6.21,-0.089,-0.072,0.0,35.0,28.18,0.0,12.0,1460.0,9.0,0.12,0.0,-0.95,-0.15,15.52,64.72,27.72,186.0,TESTR,AKR-TESTR-<MAC6>,0.0,1.0,0.0,100.0
45560,1,walk,walk,7612,,7612.0,20.0,0.0,0.0,7.0,-6.78,-0.091,-0.105,0.0,35.0,28.14,0.0,12.0,1460.0,9.0,0.32,0.01,-0.94,-0.16,14.86,64.34,25.54,186.0,TESTR,AKR-TESTR-<MAC6>,0.0,1.0,0.0,100.0
45580,1,walk,walk,7613,,7613.0,20.0,0.0,0.0,7.0,-7.34,-0.092,-0.06,0.0,35.0,28.18,0.0,12.0,1460.0,9.0,0.55,0.01,-0.93,-0.18,14.01,63.46,23.16,186.0,TESTR,AKR-TESTR-<MAC6>,0.0,1.0,0.0,100.0
45580,1,walk,walk,7614,,7614.0,20.0,0.0,0.0,7.0,-7.88,-0.093,-0.036,0.0,35.0,28.18,0.0,12.0,1460.0,9.0,0.8,0.01,-0.93,-0.19,12.95,62.61,20.61,186.0,TESTR,AKR-TESTR-<MAC6>,0.0,1.0,0.0,100.0
45640,1,walk,walk,7615,,7615.0,20.0,0.0,0.0,7.0,-8.39,-0.093,-0.088,0.0,35.0,28.14,0.0,12.0,1460.0,9.0,1.02,0.02,-0.92,-0.2,11.68,62.13,17.92,186.0,TESTR,AKR-TESTR-<MAC6>,0.0,1.0,0.0,100.0
45660,1,walk,walk,7616,,7616.0,20.0,0.0,0.0,7.0,-8.88,-0.096,-0.21,0.0,35.0,28.18,0.0,12.0,1460.0,9.0,1.14,0.02,-0.92,-0.21,10.21,62.09,15.16,187.0,TESTR,AKR-TESTR-<MAC6>,0.0,1.0,0.0,100.0
45660,1,walk,walk,7617,,7617.0,20.0,0.0,0.0,7.0,-9.33,-0.101,-0.461,0.0,35.0,28.18,0.0,12.0,1460.0,9.0,1.12,0.02,-0.92,-0.22,8.61,62.36,12.41,187.0,TESTR,AKR-TESTR-<MAC6>,0.0,1.0,0.0,100.0
45680,1,walk,walk,7618,,7618.0,20.0,0.0,0.0,7.0,-9.75,-0.106,-0.331,0.0,35.0,28.18,0.0,12.0,1460.0,9.0,0.92,0.01,-0.92,-0.23,6.96,62.65,9.74,187.0,TESTR,AKR-TESTR-<MAC6>,0.0,1.0,0.0,100.0
45700,1,walk,walk,7619,,7619.0,20.0,0.0,0.0,7.0,-10.12,-0.109,-0.182,0.0,35.0,28.14,0.0,12.0,1460.0,9.0,0.45,0.01,-0.92,-0.24,5.3,62.72,7.17,187.0,TESTR,AKR-TESTR-<MAC6>,0.0,1.0,0.0,100.0
45700,1,walk,walk,7620,,7620.0,20.0,0.0,0.0,7.0,-10.46,-0.114,-0.798,0.0,35.0,28.18,0.0,12.0,1460.0,9.0,-0.51,-0.01,-0.92,-0.24,3.82,62.14,5.12,187.0,TESTR,AKR-TESTR-<MAC6>,0.0,1.0,0.0,100.0
45720,1,walk,walk,7621,,7621.0,20.0,0.0,0.0,7.0,-10.75,-0.154,-4.013,0.0,35.0,28.18,0.0,12.0,1460.0,9.0,-1.97,-0.03,-0.93,-0.25,2.72,60.75,4.09,187.0,TESTR,AKR-TESTR-<MAC6>,0.0,1.0,0.0,100.0
45760,1,walk,walk,7622,,7622.0,20.0,0.0,0.0,7.0,-11.0,-0.189,-0.432,0.0,35.0,28.18,0.0,12.0,1460.0,9.0,-3.66,-0.06,-0.95,-0.26,2.07,58.5,4.05,187.0,TESTR,AKR-TESTR-<MAC6>,0.0,1.0,0.0,100.0
45760,1,walk,walk,7623,,7623.0,20.0,0.0,0.0,7.0,-11.21,-0.186,-0.029,0.0,35.0,28.18,0.0,12.0,1460.0,9.0,-5.37,-0.09,-0.96,-0.26,1.89,55.55,4.73,187.0,TESTR,AKR-TESTR-<MAC6>,0.0,1.0,0.0,100.0
45780,1,walk,walk,7624,,7624.0,20.0,0.0,0.0,7.0,-11.39,-0.187,0.119,0.0,35.0,28.14,0.0,12.0,1460.0,9.0,-6.93,-0.12,-0.97,-0.25,2.02,51.99,5.7,187.0,TESTR,AKR-TESTR-<MAC6>,0.0,1.0,0.0,100.0
45840,1,walk,walk,7625,,7625.0,20.0,0.0,0.0,7.0,-11.52,-0.181,0.59,0.0,35.0,28.14,0.0,12.0,1460.0,9.0,-8.24,-0.14,-0.99,-0.24,2.25,48.01,6.6,187.0,TESTR,AKR-TESTR-<MAC6>,0.0,1.0,0.0,100.0
45840,1,walk,walk,7626,,7626.0,20.0,0.0,0.0,7.0,-11.63,-0.178,0.073,0.0,35.0,28.18,0.0,12.0,1460.0,9.0,-9.25,-0.16,-1.0,-0.23,2.36,43.77,7.26,187.0,TESTR,AKR-TESTR-<MAC6>,0.0,1.0,0.0,100.0
45840,1,walk,walk,7627,,7627.0,20.0,0.0,0.0,7.0,-11.72,-0.178,-0.099,0.0,35.0,28.18,0.0,12.0,1460.0,9.0,-9.95,-0.18,-1.01,-0.22,2.27,39.4,7.69,187.0,TESTR,AKR-TESTR-<MAC6>,0.0,1.0,0.0,100.0
45880,1,walk,walk,7628,,7628.0,20.0,0.0,0.0,7.0,-11.79,-0.179,-0.042,0.0,35.0,28.18,0.0,12.0,1460.0,9.0,-10.36,-0.19,-1.01,-0.2,1.96,35.03,8.01,187.0,TESTR,AKR-TESTR-<MAC6>,0.0,1.0,0.0,100.0
45920,1,walk,walk,7629,,7629.0,20.0,0.0,0.0,7.0,-11.85,-0.182,-0.253,0.0,35.0,28.18,0.0,12.0,1460.0,9.0,-10.54,-0.19,-1.02,-0.19,1.49,30.77,8.38,187.0,TESTR,AKR-TESTR-<MAC6>,0.0,1.0,0.0,100.0
45940,1,walk,walk,7630,,7630.0,20.0,0.0,0.0,7.0,-11.91,-0.187,-0.288,0.0,35.0,28.18,0.0,12.0,1460.0,9.0,-10.54,-0.19,-1.02,-0.18,0.92,26.76,8.9,187.0,TESTR,AKR-TESTR-<MAC6>,0.0,1.0,0.0,100.0
45960,1,walk,walk,7631,,7631.0,20.0,0.0,0.0,7.0,-11.96,-0.192,-0.303,0.0,35.0,28.18,0.0,12.0,1460.0,9.0,-10.46,-0.19,-1.02,-0.17,0.31,23.09,9.57,187.0,TESTR,AKR-TESTR-<MAC6>,0.0,1.0,0.0,100.0
45960,1,walk,walk,7632,,7632.0,20.0,0.0,0.0,7.0,-12.01,-0.194,0.105,0.0,35.0,28.14,0.0,12.0,1460.0,9.0,-10.38,-0.19,-1.02,-0.16,-0.29,19.8,10.25,187.0,TESTR,AKR-TESTR-<MAC6>,0.0,1.0,0.0,100.0
45980,1,walk,walk,7633,,7633.0,20.0,0.0,0.0,7.0,-12.07,-0.193,0.048,0.0,35.0,28.18,0.0,12.0,1460.0,9.0,-10.34,-0.19,-1.02,-0.16,-0.82,16.92,10.69,187.0,TESTR,AKR-TESTR-<MAC6>,0.0,1.0,0.0,100.0
46020,1,walk,walk,7634,,7634.0,20.0,0.0,0.0,7.0,-12.13,-0.19,0.214,0.0,35.0,28.14,0.0,12.0,1460.0,9.0,-10.35,-0.19,-1.02,-0.15,-1.23,14.44,10.75,187.0,TESTR,AKR-TESTR-<MAC6>,0.0,1.0,0.0,100.0
46020,1,walk,walk,7635,,7635.0,20.0,0.0,0.0,7.0,-12.2,-0.185,0.295,0.0,35.0,28.14,0.0,12.0,1460.0,9.0,-10.4,-0.19,-1.01,-0.15,-1.48,12.31,10.31,187.0,TESTR,AKR-TESTR-<MAC6>,0.0,1.0,0.0,100.0
46060,1,walk,walk,7636,,7636.0,20.0,0.0,0.0,7.0,-12.28,-0.181,0.169,0.0,35.0,28.18,0.0,12.0,1460.0,9.0,-10.47,-0.19,-1.01,-0.15,-1.57,10.49,9.41,187.0,TESTR,AKR-TESTR-<MAC6>,0.0,1.0,0.0,100.0
46060,1,walk,walk,7637,,7637.0,20.0,0.0,0.0,7.0,-12.37,-0.179,0.16,0.0,35.0,28.14,0.0,12.0,1460.0,9.0,-10.52,-0.19,-1.01,-0.15,-1.55,8.96,8.16,187.0,TESTR,AKR-TESTR-<MAC6>,0.0,1.0,0.0,100.0
46060,1,walk,walk,7638,,7638.0,20.0,0.0,0.0,7.0,-12.46,-0.176,0.146,0.0,35.0,28.18,0.0,12.0,1460.0,9.0,-10.54,-0.19,-1.01,-0.15,-1.45,7.68,6.7,187.0,TESTR,AKR-TESTR-<MAC6>,0.0,1.0,0.0,100.0
46080,1,walk,walk,7639,,7639.0,20.0,0.0,0.0,7.0,-12.56,-0.175,0.124,0.0,35.0,28.18,0.0,12.0,1460.0,9.0,-10.51,-0.19,-1.0,-0.15,-1.29,6.61,5.16,187.0,TESTR,AKR-TESTR-<MAC6>,0.0,1.0,0.0,100.0
46140,1,walk,walk,7640,,7640.0,20.0,0.0,0.0,7.0,-12.66,-0.173,0.245,0.0,35.0,28.18,0.0,12.0,1460.0,9.0,-10.45,-0.18,-1.0,-0.16,-1.08,5.73,3.62,187.0,TESTR,AKR-TESTR-<MAC6>,0.0,1.0,0.0,100.0
46140,1,walk,walk,7641,,7641.0,20.0,0.0,0.0,1.0,-12.76,-0.169,0.28,0.0,35.0,28.14,0.0,12.0,1460.0,9.0,-10.35,-0.18,-1.0,-0.16,-0.82,5.0,2.14,187.0,TESTR,AKR-TESTR-<MAC6>,0.0,1.0,0.0,100.0
46140,1,walk,walk,7642,,7642.0,20.0,0.0,0.0,1.0,-12.86,-0.167,0.229,0.0,35.0,28.18,0.0,12.0,1460.0,9.0,-10.24,-0.18,-0.99,-0.16,-0.51,4.42,0.71,187.0,TESTR,AKR-TESTR-<MAC6>,0.0,1.0,0.0,100.0
46180,1,walk,walk,7643,,7643.0,20.0,0.0,0.0,1.0,-12.95,-0.161,0.445,0.0,35.0,28.18,0.0,12.0,1460.0,9.0,-10.12,-0.18,-0.99,-0.16,-0.18,3.96,-0.7,187.0,TESTR,AKR-TESTR-<MAC6>,0.0,1.0,0.0,100.0
46200,1,walk,walk,7644,,7644.0,20.0,0.0,0.0,1.0,-13.03,-0.155,0.406,0.0,35.0,28.14,0.0,12.0,1460.0,9.0,-10.0,-0.17,-0.99,-0.16,0.14,3.59,-2.14,187.0,TESTR,AKR-TESTR-<MAC6>,0.0,1.0,0.0,100.0
46220,1,walk,walk,7645,,7645.0,20.0,0.0,0.0,1.0,-13.11,-0.149,0.448,0.0,35.0,28.14,0.0,12.0,1460.0,9.0,-9.87,-0.17,-0.99,-0.16,0.4,3.26,-3.63,187.0,TESTR,AKR-TESTR-<MAC6>,0.0,1.0,0.0,100.0
46240,1,walk,walk,7646,,7646.0,20.0,0.0,0.0,1.0,-13.17,-0.141,0.843,0.0,35.0,28.18,0.0,12.0,1460.0,9.0,-9.74,-0.17,-0.99,-0.16,0.58,2.91,-5.23,187.0,TESTR,AKR-TESTR-<MAC6>,0.0,1.0,0.0,100.0
46240,1,walk,walk,7647,,7647.0,20.0,0.0,0.0,1.0,-13.22,-0.131,0.421,0.0,35.0,28.14,0.0,12.0,1460.0,9.0,-9.61,-0.17,-0.99,-0.16,0.7,2.52,-6.94,187.0,TESTR,AKR-TESTR-<MAC6>,0.0,1.0,0.0,100.0
46280,1,walk,walk,7648,,7648.0,20.0,0.0,0.0,1.0,-13.24,-0.124,0.51,0.0,35.0,28.18,0.0,12.0,1460.0,9.0,-9.45,-0.16,-0.99,-0.16,0.79,2.11,-8.74,187.0,TESTR,AKR-TESTR-<MAC6>,0.0,1.0,0.0,100.0
46300,1,walk,walk,7649,,7649.0,20.0,0.0,0.0,1.0,-13.25,-0.115,0.704,0.0,35.0,28.18,0.0,12.0,1460.0,9.0,-9.28,-0.16,-0.99,-0.16,0.9,1.64,-10.64,187.0,TESTR,AKR-TESTR-<MAC6>,0.0,1.0,0.0,100.0
46300,1,walk,walk,7650,,7650.0,20.0,0.0,0.0,1.0,-13.24,-0.105,0.594,0.0,35.0,28.14,0.0,12.0,1460.0,9.0,-9.06,-0.16,-0.99,-0.16,1.08,1.15,-12.56,187.0,TESTR,AKR-TESTR-<MAC6>,0.0,1.0,0.0,100.0
46320,1,walk,walk,7651,,7651.0,20.0,0.0,0.0,1.0,-13.2,-0.099,0.339,0.0,35.0,28.18,0.0,12.0,1460.0,9.0,-8.79,-0.15,-0.99,-0.16,1.33,0.65,-14.43,187.0,TESTR,AKR-TESTR-<MAC6>,0.0,1.0,0.0,100.0
46360,1,walk,walk,7652,,7652.0,20.0,0.0,0.0,1.0,-13.14,-0.091,0.61,0.0,35.0,28.18,0.0,12.0,1460.0,9.0,-8.47,-0.15,-0.99,-0.16,1.68,0.17,-16.2,187.0,TESTR,AKR-TESTR-<MAC6>,0.0,1.0,0.0,100.0
46380,1,walk,walk,7653,,7653.0,20.0,0.0,0.0,1.0,-13.05,-0.083,0.53,0.0,35.0,28.18,0.0,12.0,1460.0,9.0,-8.09,-0.14,-0.99,-0.16,2.12,-0.26,-17.79,187.0,TESTR,AKR-TESTR-<MAC6>,0.0,1.0,0.0,100.0
46380,1,walk,walk,7654,,7654.0,20.0,0.0,0.0,1.0,-12.93,-0.077,0.261,0.0,35.0,28.18,0.0,12.0,1460.0,9.0,-7.66,-0.13,-0.99,-0.16,2.64,-0.59,-19.1,187.0,TESTR,AKR-TESTR-<MAC6>,0.0,1.0,0.0,100.0
46420,1,walk,walk,7655,,7655.0,20.0,0.0,0.0,1.0,-12.79,-0.074,0.199,0.0,35.0,28.18,0.0,12.0,1460.0,9.0,-7.18,-0.12,-0.99,-0.16,3.19,-0.81,-20.05,187.0,TESTR,AKR-TESTR-<MAC6>,0.0,1.0,0.0,100.0
46460,1,walk,walk,7656,,7656.0,20.0,0.0,0.0,1.0,-12.61,-0.072,0.05,0.0,35.0,28.14,0.0,12.0,1460.0,9.0,-6.65,-0.12,-0.99,-0.16,3.77,-0.91,-20.6,187.0,TESTR,AKR-TESTR-<MAC6>,0.0,1.0,0.0,100.0
46460,1,walk,walk,7657,,7657.0,20.0,0.0,0.0,1.0,-12.41,-0.069,0.221,0.0,35.0,28.18,0.0,12.0,1460.0,9.0,-6.11,-0.11,-0.99,-0.16,4.35,-0.91,-20.74,187.0,TESTR,AKR-TESTR-<MAC6>,0.0,1.0,0.0,100.0
46480,1,walk,walk,7658,,7658.0,20.0,0.0,0.0,1.0,-12.18,-0.067,0.228,0.0,35.0,28.18,0.0,12.0,1460.0,9.0,-5.57,-0.1,-0.99,-0.16,4.91,-0.85,-20.52,187.0,TESTR,AKR-TESTR-<MAC6>,0.0,1.0,0.0,100.0
46500,1,walk,walk,7659,,7659.0,20.0,0.0,0.0,1.0,-11.92,-0.064,0.162,0.0,35.0,28.14,0.0,12.0,1460.0,9.0,-5.03,-0.09,-0.99,-0.16,5.44,-0.74,-20.04,187.0,TESTR,AKR-TESTR-<MAC6>,0.0,1.0,0.0,100.0
46520,1,walk,walk,7660,,7660.0,20.0,0.0,0.0,1.0,-11.64,-0.06,0.221,0.0,35.0,28.18,0.0,12.0,1460.0,9.0,-4.52,-0.08,-0.99,-0.16,5.93,-0.6,-19.36,187.0,TESTR,AKR-TESTR-<MAC6>,0.0,1.0,0.0,100.0
46540,1,walk,walk,7661,,7661.0,20.0,0.0,0.0,1.0,-11.33,-0.056,0.264,0.0,35.0,28.18,0.0,12.0,1460.0,9.0,-4.03,-0.07,-0.99,-0.16,6.37,-0.46,-18.58,187.0,TESTR,AKR-TESTR-<MAC6>,0.0,1.0,0.0,100.0
46540,1,walk,walk,7662,,7662.0,20.0,0.0,0.0,1.0,-11.0,-0.053,0.19,0.0,35.0,28.18,0.0,12.0,1460.0,9.0,-3.58,-0.06,-0.99,-0.15,6.73,-0.34,-17.77,187.0,TESTR,AKR-TESTR-<MAC6>,0.0,1.0,0.0,100.0
46560,1,walk,walk,7663,,7663.0,20.0,0.0,0.0,1.0,-10.65,-0.05,0.181,0.0,35.0,28.18,0.0,12.0,1460.0,9.0,-3.16,-0.05,-0.99,-0.15,7.02,-0.23,-16.96,187.0,TESTR,AKR-TESTR-<MAC6>,0.0,1.0,0.0,100.0
46620,1,walk,walk,7664,,7664.0,20.0,0.0,0.0,1.0,-10.29,-0.047,0.163,0.0,35.0,28.18,0.0,12.0,1460.0,9.0,-2.77,-0.05,-0.99,-0.15,7.24,-0.13,-16.18,187.0,TESTR,AKR-TESTR-<MAC6>,0.0,1.0,0.0,100.0
46620,1,walk,walk,7665,,7665.0,20.0,0.0,0.0,1.0,-9.91,-0.045,0.101,0.0,35.0,28.18,0.0,12.0,1460.0,9.0,-2.41,-0.04,-0.99,-0.14,7.39,-0.03,-15.43,187.0,TESTR,AKR-TESTR-<MAC6>,0.0,1.0,0.0,100.0
46640,1,walk,walk,7666,,7666.0,20.0,0.0,0.0,1.0,-9.53,-0.043,0.25,0.0,35.0,28.18,0.0,12.0,1460.0,9.0,-2.08,-0.04,-1.0,-0.14,7.48,0.06,-14.73,187.0,TESTR,AKR-TESTR-<MAC6>,0.0,1.0,0.0,100.0
46660,1,walk,walk,7667,,7667.0,20.0,0.0,0.0,1.0,-9.13,-0.039,0.254,0.0,35.0,28.18,0.0,12.0,1460.0,9.0,-1.78,-0.03,-1.0,-0.14,7.53,0.14,-14.07,187.0,TESTR,AKR-TESTR-<MAC6>,0.0,1.0,0.0,100.0
46680,1,walk,walk,7668,,7668.0,20.0,0.0,0.0,1.0,-8.74,-0.036,0.257,0.0,35.0,28.14,0.0,12.0,1460.0,9.0,-1.5,-0.03,-1.0,-0.14,7.54,0.2,-13.49,187.0,TESTR,AKR-TESTR-<MAC6>,0.0,1.0,0.0,100.0
46680,1,walk,walk,7669,,7669.0,20.0,0.0,0.0,1.0,-8.34,-0.033,0.238,0.0,34.0,28.18,0.0,12.0,1460.0,9.0,-1.24,-0.02,-1.0,-0.13,7.52,0.23,-12.99,187.0,TESTR,AKR-TESTR-<MAC6>,0.0,1.0,0.0,100.0
46720,1,walk,walk,7670,,7670.0,20.0,0.0,0.0,1.0,-7.95,-0.029,0.264,0.0,34.0,28.18,0.0,12.0,1460.0,9.0,-1.0,-0.02,-1.0,-0.13,7.46,0.22,-12.56,187.0,TESTR,AKR-TESTR-<MAC6>,0.0,1.0,0.0,100.0
46720,1,walk,walk,7671,,7671.0,20.0,0.0,0.0,1.0,-7.56,-0.027,0.029,0.0,34.0,28.14,0.0,12.0,1460.0,9.0,-0.76,-0.01,-1.0,-0.13,7.36,0.2,-12.18,187.0,TESTR,AKR-TESTR-<MAC6>,0.0,1.0,0.0,100.0
46760,1,walk,walk,7672,,7672.0,20.0,0.0,0.0,1.0,-7.17,-0.026,0.136,0.0,34.0,28.18,0.0,12.0,1460.0,9.0,-0.53,-0.01,-1.0,-0.13,7.23,0.24,-11.83,188.0,TESTR,AKR-TESTR-<MAC6>,0.0,1.0,0.0,100.0
46780,1,walk,walk,7673,,7673.0,20.0,0.0,0.0,1.0,-6.79,-0.024,0.216,0.0,34.0,28.18,0.0,12.0,1460.0,9.0,-0.3,-0.01,-1.0,-0.12,7.05,0.45,-11.54,188.0,TESTR,AKR-TESTR-<MAC6>,0.0,1.0,0.0,100.0
46800,1,walk,walk,7674,,7674.0,20.0,0.0,0.0,1.0,-6.42,-0.021,0.303,0.0,34.0,28.18,0.0,12.0,1460.0,9.0,-0.04,0.0,-1.0,-0.12,6.73,1.08,-11.3,188.0,TESTR,AKR-TESTR-<MAC6>,0.0,1.0,0.0,100.0
46800,1,walk,walk,7675,,7675.0,20.0,0.0,0.0,1.0,-6.05,-0.018,0.252,0.0,34.0,28.18,0.0,12.0,1460.0,9.0,0.28,0.0,-1.0,-0.13,6.12,2.62,-11.07,188.0,TESTR,AKR-TESTR-<MAC6>,0.0,1.0,0.0,100.0
46840,1,walk,walk,7676,,7676.0,20.0,0.0,0.0,1.0,-5.69,-0.016,-0.021,0.0,34.0,28.14,0.0,12.0,1460.0,9.0,0.65,0.01,-1.0,-0.13,5.07,5.63,-10.74,188.0,TESTR,AKR-TESTR-<MAC6>,0.0,1.0,0.0,100.0
46860,1,walk,walk,7677,,7677.0,20.0,0.0,0.0,1.0,-5.34,-0.017,-0.064,0.0,34.0,28.18,0.0,12.0,1460.0,9.0,1.02,0.02,-1.0,-0.14,3.53,10.59,-10.23,188.0,TESTR,AKR-TESTR-<MAC6>,0.0,1.0,0.0,100.0
46860,1,walk,walk,7678,,7678.0,20.0,0.0,0.0,1.0,-5.0,-0.022,-0.542,0.0,34.0,28.18,0.0,12.0,1460.0,9.0,1.32,0.02,-1.0,-0.16,1.48,17.74,-9.43,188.0,TESTR,AKR-TESTR-<MAC6>,0.0,1.0,0.0,100.0
46900,1,walk,walk,7679,,7679.0,20.0,0.0,0.0,1.0,-4.67,-0.031,-0.694,0.0,34.0,28.18,0.0,12.0,1460.0,9.0,1.5,0.03,-1.0,-0.17,-1.05,27.06,-8.28,188.0,TESTR,AKR-TESTR-<MAC6>,0.0,1.0,0.0,100.0
46920,1,walk,walk,7680,,7680.0,20.0,0.0,0.0,1.0,-4.34,-0.044,-1.092,0.0,34.0,28.18,0.0,12.0,1460.0,9.0,1.52,0.03,-1.01,-0.18,-4.01,38.33,-6.69,188.0,TESTR,AKR-TESTR-<MAC6>,0.0,1.0,0.0,100.0
46940,1,walk,walk,7681,,7681.0,20.0,0.0,0.0,1.0,-4.03,-0.058,-0.695,0.0,34.0,28.14,0.0,12.0,1460.0,9.0,1.35,0.02,-1.01,-0.19,-7.29,51.07,-4.68,188.0,TESTR,AKR-TESTR-<MAC6>,0.0,1.0,0.0,100.0
46960,1,walk,walk,7682,,7682.0,20.0,0.0,0.0,1.0,-3.72,-0.069,-0.802,0.0,34.0,28.18,0.0,12.0,1460.0,9.0,0.98,0.02,-1.01,-0.2,-10.73,64.58,-2.35,188.0,TESTR,AKR-TESTR-<MAC6>,0.0,1.0,0.0,100.0
46960,1,walk,walk,7683,,7683.0,20.0,0.0,0.0,1.0,-3.43,-0.081,-0.835,0.0,34.0,28.18,0.0,12.0,1460.0,9.0,0.39,0.01,-1.02,-0.2,-14.09,77.96,0.23,188.0,TESTR,AKR-TESTR-<MAC6>,0.0,1.0,0.0,100.0
46980,1,walk,walk,7684,,7684.0,20.0,2.0,0.0,1.0,-3.16,-0.093,-0.695,0.0,34.0,28.18,0.0,14.0,1460.0,9.0,-0.52,-0.01,-1.02,-0.19,-17.03,90.16,3.03,188.0,TESTR,AKR-TESTR-<MAC6>,0.0,1.0,0.0,100.0
47020,1,walk,walk,7685,,7685.0,20.0,2.0,0.0,1.0,-2.9,-0.102,-0.581,0.0,34.0,28.18,0.0,14.0,1460.0,9.0,-1.84,-0.03,-1.03,-0.18,-19.25,100.11,6.18,188.0,TESTR,AKR-TESTR-<MAC6>,0.0,1.0,0.0,100.0
47020,1,walk,walk,7686,,7686.0,20.0,2.0,0.0,1.0,-2.67,-0.106,-0.15,0.0,34.0,28.18,0.0,14.0,1460.0,9.0,-3.59,-0.06,-1.03,-0.16,-20.59,107.0,9.76,188.0,TESTR,AKR-TESTR-<MAC6>,0.0,1.0,0.0,100.0
47060,1,walk,walk,7687,,7687.0,20.0,2.0,0.0,1.0,-2.46,-0.107,-0.037,0.0,34.0,28.18,0.0,14.0,1460.0,9.0,-5.7,-0.1,-1.03,-0.14,-20.99,110.44,13.82,188.0,TESTR,AKR-TESTR-<MAC6>,0.0,1.0,0.0,100.0
47120,1,walk,walk,7688,,7688.0,20.0,2.0,0.0,1.0,-2.28,-0.109,-0.292,0.0,34.0,28.18,0.0,14.0,1460.0,9.0,-8.01,-0.15,-1.04,-0.12,-20.51,110.53,18.34,188.0,TESTR,AKR-TESTR-<MAC6>,0.0,1.0,0.0,100.0
47120,1,walk,walk,7689,,7689.0,20.0,2.0,0.0,1.0,-2.15,-0.115,-0.463,0.0,34.0,28.18,0.0,14.0,1460.0,9.0,-10.28,-0.19,-1.04,-0.1,-19.22,107.81,23.25,188.0,TESTR,AKR-TESTR-<MAC6>,0.0,1.0,0.0,100.0
47120,1,walk,walk,7690,,7690.0,20.0,2.0,6.0,2.0,-2.06,-0.122,-0.534,0.0,34.0,28.18,0.0,14.0,1460.0,9.0,-12.29,-0.23,-1.05,-0.08,-17.29,103.1,28.47,188.0,TESTR,AKR-TESTR-<MAC6>,0.0,1.0,0.0,100.0
47140,1,walk,walk,7691,,7691.0,20.0,0.0,6.0,2.0,-2.03,-0.129,-0.732,0.118,34.0,28.14,0.0,16.0,1460.0,9.0,-13.87,-0.26,-1.05,-0.07,-14.83,96.96,33.53,188.0,TESTR,AKR-TESTR-<MAC6>,0.0,1.0,0.0,100.0
47140,1,walk,walk,7692,,7692.0,20.0,0.0,6.0,2.0,-2.06,-0.081,3.75,1.02,34.0,28.07,0.0,16.0,1460.0,9.0,-14.93,-0.28,-1.05,-0.06,-12.07,90.22,37.99,188.0,TESTR,AKR-TESTR-<MAC6>,0.0,1.0,0.0,100.0
47160,1,walk,walk,7693,,7693.0,20.0,0.0,6.0,2.0,-2.16,-0.043,1.698,1.493,34.0,28.07,0.0,16.0,1460.0,9.0,-15.45,-0.29,-1.05,-0.05,-9.24,83.75,41.69,188.0,TESTR,AKR-TESTR-<MAC6>,0.0,1.0,0.0,100.0
47200,1,walk,walk,7694,,7694.0,20.0,0.0,6.0,2.0,-2.33,-0.026,0.864,1.411,34.0,28.07,0.0,16.0,1460.0,9.0,-15.49,-0.29,-1.05,-0.04,-6.57,78.2,44.69,188.0,TESTR,AKR-TESTR-<MAC6>,0.0,1.0,0.0,100.0
47200,1,walk,walk,7695,,7695.0,20.0,0.0,6.0,2.0,-2.57,-0.019,0.22,1.746,34.0,28.07,0.0,16.0,1460.0,9.0,-15.11,-0.28,-1.05,-0.04,-4.18,73.82,47.05,188.0,TESTR,AKR-TESTR-<MAC6>,0.0,1.0,0.0,100.0
47240,1,walk,walk,7696,,7696.0,20.0,1.0,6.0,2.0,-2.9,-0.017,0.131,1.745,34.0,28.07,0.0,17.0,1460.0,9.0,-14.43,-0.27,-1.05,-0.05,-2.14,70.48,48.84,188.0,TESTR,AKR-TESTR-<MAC6>,0.0,1.0,0.0,100.0
47260,1,walk,walk,7697,,7697.0,20.0,1.0,6.0,2.0,-3.3,-0.016,0.052,1.839,34.0,28.07,0.0,17.0,1460.0,9.0,-13.52,-0.25,-1.04,-0.05,-0.41,67.78,50.09,188.0,TESTR,AKR-TESTR-<MAC6>,0.0,1.0,0.0,100.0
47260,1,walk,walk,7698,,7698.0,20.0,1.0,6.0,2.0,-3.78,-0.016,0.014,1.908,34.0,28.07,0.0,17.0,1460.0,9.0,-12.45,-0.23,-1.04,-0.06,1.04,65.22,50.81,188.0,TESTR,AKR-TESTR-<MAC6>,0.0,1.0,0.0,100.0
47300,1,walk,walk,7699,,7699.0,20.0,1.0,6.0,2.0,-4.33,-0.016,0.003,1.898,34.0,28.07,0.0,17.0,1460.0,9.0,-11.25,-0.2,-1.03,-0.07,2.29,62.4,50.99,188.0,TESTR,AKR-TESTR-<MAC6>,0.0,1.0,0.0,100.0
47320,1,walk,walk,7700,,7700.0,20.0,1.0,6.0,2.0,-4.95,-0.016,-0.097,1.931,34.0,28.07,0.0,17.0,1460.0,9.0,-9.92,-0.18,-1.02,-0.08,3.36,59.14,50.58,188.0,TESTR,AKR-TESTR-<MAC6>,0.0,1.0,0.0,100.0
47320,1,walk,walk,7701,,7701.0,20.0,1.0,6.0,2.0,-5.62,-0.016,-0.037,1.915,34.0,28.07,0.0,17.0,1460.0,9.0,-8.47,-0.15,-1.01,-0.09,4.26,55.5,49.55,188.0,TESTR,AKR-TESTR-<MAC6>,0.0,1.0,0.0,100.0
47340,1,walk,walk,7702,,7702.0,20.0,1.0,6.0,2.0,-6.35,-0.016,-0.08,1.89,34.0,28.07,0.0,17.0,1460.0,9.0,-6.9,-0.12,-1.0,-0.1,4.94,51.73,47.9,188.0,TESTR,AKR-TESTR-<MAC6>,0.0,1.0,0.0,100.0
47380,1,walk,walk,7703,,7703.0,20.0,1.0,6.0,2.0,-7.11,-0.016,-0.066,1.856,34.0,28.07,0.0,17.0,1460.0,9.0,-5.25,-0.09,-0.99,-0.11,5.32,48.15,45.68,188.0,TESTR,AKR-TESTR-<MAC6>,0.0,1.0,0.0,100.0
47400,1,walk,walk,7704,,7704.0,20.0,1.0,6.0,2.0,-7.9,-0.015,0.006,1.767,34.0,28.07,0.0,17.0,1460.0,9.0,-3.59,-0.06,-0.98,-0.13,5.33,45.04,42.96,188.0,TESTR,AKR-TESTR-<MAC6>,0.0,1.0,0.0,100.0
47420,1,walk,walk,7705,,7705.0,20.0,1.0,6.0,2.0,-8.71,-0.015,0.104,1.749,34.0,28.07,0.0,17.0,1460.0,9.0,-2.02,-0.03,-0.97,-0.14,4.96,42.49,39.84,188.0,TESTR,AKR-TESTR-<MAC6>,0.0,1.0,0.0,100.0
47440,1,walk,walk,7706,,7706.0,20.0,1.0,6.0,2.0,-9.52,-0.014,0.041,1.726,34.0,28.07,0.0,17.0,1460.0,9.0,-0.61,-0.01,-0.96,-0.16,4.25,40.43,36.39,188.0,TESTR,AKR-TESTR-<MAC6>,0.0,1.0,0.0,100.0
47440,1,walk,walk,7707,,7707.0,20.0,1.0,6.0,2.0,-10.33,-0.014,0.034,1.723,34.0,28.11,0.0,17.0,1460.0,9.0,0.56,0.01,-0.95,-0.17,3.26,38.7,32.69,188.0,TESTR,AKR-TESTR-<MAC6>,0.0,1.0,0.0,100.0
47460,1,walk,walk,7708,,7708.0,20.0,1.0,6.0,2.0,-11.12,-0.015,-0.066,1.719,34.0,28.07,0.0,17.0,1460.0,9.0,1.46,0.02,-0.94,-0.19,2.07,37.1,28.79,188.0,TESTR,AKR-TESTR-<MAC6>,0.0,1.0,0.0,100.0
47500,1,walk,walk,7709,,7709.0,20.0,1.0,6.0,2.0,-11.89,-0.015,0.025,1.762,34.0,28.07,0.0,17.0,1460.0,9.0,2.08,0.03,-0.93,-0.2,0.75,35.46,24.74,188.0,TESTR,AKR-TESTR-<MAC6>,0.0,1.0,0.0,100.0
47500,1,walk,walk,7710,,7710.0,20.0,1.0,6.0,2.0,-12.61,-0.015,0.023,1.742,34.0,28.11,0.0,17.0,1460.0,9.0,2.45,0.04,-0.92,-0.21,-0.61,33.68,20.56,188.0,TESTR,AKR-TESTR-<MAC6>,0.0,1.0,0.0,100.0
47520,1,walk,walk,7711,,7711.0,20.0,1.0,6.0,2.0,-13.29,-0.015,0.007,1.749,34.0,28.11,0.0,17.0,1460.0,9.0,2.59,0.04,-0.91,-0.22,-1.97,31.68,16.24,188.0,TESTR,AKR-TESTR-<MAC6>,0.0,1.0,0.0,100.0
47580,1,walk,walk,7712,,7712.0,20.0,1.0,6.0,2.0,-13.92,-0.015,0.037,1.771,34.0,28.07,0.0,17.0,1460.0,9.0,2.54,0.04,-0.91,-0.23,-3.3,29.47,11.83,188.0,TESTR,AKR-TESTR-<MAC6>,0.0,1.0,0.0,100.0
47580,1,walk,walk,7713,,7713.0,20.0,1.0,6.0,2.0,-14.49,-0.015,0.007,1.758,34.0,28.07,0.0,17.0,1460.0,9.0,2.08,0.03,-0.91,-0.24,-4.3,26.46,7.48,188.0,TESTR,AKR-TESTR-<MAC6>,0.0,1.0,0.0,100.0
47580,1,walk,walk,7714,,7714.0,20.0,1.0,6.0,2.0,-14.99,-0.018,-0.296,2.433,34.0,28.04,0.0,17.0,1460.0,9.0,1.04,0.02,-0.92,-0.25,-4.74,22.18,3.2,188.0,TESTR,AKR-TESTR-<MAC6>,0.0,1.0,0.0,100.0
47620,1,walk,walk,7715,,7715.0,20.0,1.0,6.0,2.0,-15.42,-0.025,-0.424,3.325,34.0,27.97,0.0,17.0,1460.0,9.0,-0.45,-0.01,-0.93,-0.25,-4.5,16.45,-1.08,188.0,TESTR,AKR-TESTR-<MAC6>,0.0,1.0,0.0,100.0
47620,1,walk,walk,7716,,7716.0,20.0,1.0,6.0,2.0,-15.78,-0.031,-0.507,4.209,34.0,27.9,0.0,17.0,1460.0,9.0,-2.16,-0.04,-0.94,-0.25,-3.68,9.51,-5.29,188.0,TESTR,AKR-TESTR-<MAC6>,0.0,1.0,0.0,100.0
47640,1,walk,walk,7717,,7717.0,20.0,1.0,6.0,2.0,-16.07,-0.04,-0.671,5.532,34.0,27.72,0.0,17.0,1460.0,9.0,-3.81,-0.06,-0.96,-0.24,-2.47,2.06,-9.36,188.0,TESTR,AKR-TESTR-<MAC6>,0.0,1.0,0.0,100.0
47680,1,walk,walk,7718,,7718.0,20.0,1.0,6.0,2.0,-16.28,-0.047,-0.222,5.927,34.0,27.58,0.0,17.0,1460.0,9.0,-5.2,-0.09,-0.97,-0.23,-1.11,-4.85,-13.22,188.0,TESTR,AKR-TESTR-<MAC6>,0.0,1.0,0.0,100.0
47680,1,walk,walk,7719,,7719.0,20.0,1.0,6.0,2.0,-16.43,-0.048,0.066,5.71,34.0,27.58,0.0,17.0,1460.0,9.0,-6.23,-0.11,-0.99,-0.21,0.1,-10.62,-16.81,188.0,TESTR,AKR-TESTR-<MAC6>,0.0,1.0,0.0,100.0
47720,1,walk,walk,7720,,7720.0,20.0,1.0,6.0,2.0,-16.5,-0.046,0.095,5.537,34.0,27.62,0.0,17.0,1460.0,9.0,-6.87,-0.12,-1.0,-0.19,1.03,-14.98,-20.1,189.0,TESTR,AKR-TESTR-<MAC6>,0.0,1.0,0.0,100.0
47740,1,walk,walk,7721,,7721.0,20.0,1.0,6.0,2.0,-16.51,-0.044,0.22,5.222,34.0,27.69,0.0,17.0,1460.0,9.0,-7.13,-0.13,-1.01,-0.18,1.68,-17.88,-23.0,189.0,TESTR,AKR-TESTR-<MAC6>,0.0,1.0,0.0,100.0
47740,1,walk,walk,7722,,7722.0,20.0,1.0,6.0,2.0,-16.45,-0.041,0.171,4.943,34.0,27.72,0.0,17.0,1460.0,9.0,-7.04,-0.13,-1.02,-0.17,2.08,-19.44,-25.38,189.0,TESTR,AKR-TESTR-<MAC6>,0.0,1.0,0.0,100.0
47780,1,walk,walk,7723,,7723.0,20.0,2.0,6.0,2.0,-16.32,-0.04,0.037,4.85,34.0,27.76,0.0,18.0,1460.0,9.0,-6.7,-0.12,-1.03,-0.16,2.31,-19.89,-27.09,189.0,TESTR,AKR-TESTR-<MAC6>,0.0,1.0,0.0,100.0
47800,1,walk,walk,7724,,7724.0,20.0,1.0,6.0,2.0,-16.14,-0.04,0.009,4.907,34.0,27.76,0.0,17.0,1460.0,9.0,-6.16,-0.11,-1.03,-0.15,2.41,-19.47,-27.99,189.0,TESTR,AKR-TESTR-<MAC6>,0.0,1.0,0.0,100.0
47820,1,walk,walk,7725,,7725.0,20.0,1.0,6.0,2.0,-15.9,-0.041,-0.175,5.026,34.0,27.72,0.0,17.0,1460.0,9.0,-5.52,-0.1,-1.04,-0.15,2.41,-18.47,-28.0,189.0,TESTR,AKR-TESTR-<MAC6>,0.0,1.0,0.0,100.0
47820,1,walk,walk,7726,,7726.0,20.0,1.0,6.0,2.0,-15.61,-0.043,-0.205,5.362,34.0,27.69,0.0,17.0,1460.0,9.0,-4.84,-0.09,-1.04,-0.14,2.33,-17.13,-27.09,189.0,TESTR,AKR-TESTR-<MAC6>,0.0,1.0,0.0,100.0
47860,1,walk,walk,7727,,7727.0,20.0,1.0,6.0,2.0,-15.27,-0.046,-0.181,5.726,34.0,27.62,0.0,17.0,1460.0,9.0,-4.19,-0.08,-1.04,-0.14,2.2,-15.65,-25.31,189.0,TESTR,AKR-TESTR-<MAC6>,0.0,1.0,0.0,100.0
47880,1,walk,walk,7728,,7728.0,20.0,1.0,6.0,2.0,-14.89,-0.048,-0.062,5.969,34.0,27.58,0.0,17.0,1460.0,9.0,-3.63,-0.07,-1.04,-0.15,2.03,-14.15,-22.79,189.0,TESTR,AKR-TESTR-<MAC6>,0.0,1.0,0.0,100.0
47900,1,walk,walk,7729,,7729.0,20.0,1.0,6.0,2.0,-14.47,-0.05,-0.173,6.031,34.0,27.51,0.0,17.0,1460.0,9.0,-3.21,-0.06,-1.03,-0.15,1.82,-12.71,-19.76,189.0,TESTR,AKR-TESTR-<MAC6>,0.0,1.0,0.0,100.0
47920,1,walk,walk,7730,,7730.0,20.0,1.0,6.0,2.0,-14.01,-0.051,-0.021,6.03,34.0,27.51,0.0,17.0,1460.0,9.0,-2.96,-0.05,-1.03,-0.15,1.57,-11.33,-16.53,189.0,TESTR,AKR-TESTR-<MAC6>,0.0,1.0,0.0,100.0
47920,1,walk,walk,7731,,7731.0,20.0,1.0,6.0,2.0,-13.54,-0.051,0.076,6.054,34.0,27.51,0.0,17.0,1460.0,9.0,-2.91,-0.05,-1.02,-0.15,1.31,-9.98,-13.43,189.0,TESTR,AKR-TESTR-<MAC6>,0.0,1.0,0.0,100.0
47980,1,walk,walk,7732,,7732.0,20.0,1.0,6.0,2.0,-13.04,-0.048,0.221,5.722,34.0,27.55,0.0,17.0,1460.0,9.0,-3.02,-0.05,-1.02,-0.16,1.07,-8.64,-10.78,189.0,TESTR,AKR-TESTR-<MAC6>,0.0,1.0,0.0,100.0
47980,1,walk,walk,7733,,7733.0,20.0,1.0,6.0,2.0,-12.54,-0.045,0.187,5.376,34.0,27.65,0.0,17.0,1460.0,9.0,-3.25,-0.06,-1.02,-0.16,0.92,-7.3,-8.78,189.0,TESTR,AKR-TESTR-<MAC6>,0.0,1.0,0.0,100.0
47980,1,walk,walk,7734,,7734.0,20.0,1.0,0.0,5.0,-12.04,-0.041,0.387,4.743,34.0,27.72,0.0,17.0,2160.0,9.0,-3.55,-0.06,-1.01,-0.17,0.91,-5.98,-7.52,189.0,TESTR,AKR-TESTR-<MAC6>,0.0,1.0,0.0,100.0
48000,1,walk,walk,7735,,7735.0,20.0,0.0,0.0,5.0,-11.55,-0.038,0.123,4.446,34.0,27.72,0.0,19.0,2160.0,9.0,-3.76,-0.07,-1.01,-0.17,1.0,-3.53,-6.36,189.0,TESTR,AKR-TESTR-<MAC6>,0.0,1.0,0.0,100.0
48060,1,walk,walk,7736,,7736.0,20.0,0.0,0.0,5.0,-11.06,-0.125,-11.527,0.0,34.0,28.18,0.0,11.0,2160.0,9.0,-3.9,-0.07,-1.01,-0.17,1.21,0.47,-4.8,189.0,TESTR,AKR-TESTR-<MAC6>,0.0,1.0,0.0,100.0
48060,1,walk,walk,7737,,7737.0,20.0,0.0,0.0,5.0,-10.6,-0.123,0.248,0.0,35.0,28.14,0.0,11.0,2160.0,9.0,-3.98,-0.07,-1.01,-0.18,1.51,5.26,-3.04,189.0,TESTR,AKR-TESTR-<MAC6>,0.0,1.0,0.0,100.0
48060,1,walk,walk,7738,,7738.0,20.0,0.0,0.0,5.0,-10.16,-0.11,0.723,0.0,35.0,28.14,0.0,11.0,2160.0,9.0,-4.02,-0.07,-1.01,-0.18,1.86,10.12,-1.38,189.0,TESTR,AKR-TESTR-<MAC6>,0.0,1.0,0.0,100.0
48100,1,walk,walk,7739,,7739.0,20.0,0.0,0.0,5.0,-9.74,-0.109,0.058,0.0,35.0,28.18,0.0,11.0,2160.0,9.0,-4.04,-0.07,-1.0,-0.18,2.21,14.48,-0.03,189.0,TESTR,AKR-TESTR-<MAC6>,0.0,1.0,0.0,100.0
48100,1,walk,walk,7740,,7740.0,20.0,0.0,0.0,5.0,-9.36,-0.108,0.193,0.0,35.0,28.14,0.0,11.0,2160.0,9.0,-4.06,-0.07,-1.0,-0.19,2.58,17.99,0.9,189.0,TESTR,AKR-TESTR-<MAC6>,0.0,1.0,0.0,100.0
48120,1,walk,walk,7741,,7741.0,20.0,0.0,0.0,6.0,-9.0,-0.104,0.275,0.0,35.0,28.14,0.0,11.0,2160.0,9.0,-4.09,-0.07,-1.0,-0.19,2.95,20.49,1.32,189.0,TESTR,AKR-TESTR-<MAC6>,0.0,1.0,0.0,100.0
48160,1,walk,walk,7742,,7742.0,20.0,0.0,0.0,7.0,-8.67,-0.099,0.442,0.0,35.0,28.18,0.0,11.0,2160.0,9.0,-4.11,-0.07,-0.99,-0.19,3.34,21.95,1.25,189.0,TESTR,AKR-TESTR-<MAC6>,0.0,1.0,0.0,100.0
48180,1,walk,walk,7743,,7743.0,20.0,0.0,0.0,1.0,-8.38,-0.093,0.359,0.0,35.0,28.14,0.0,11.0,2160.0,9.0,-4.14,-0.07,-0.99,-0.19,3.72,22.47,0.73,189.0,TESTR,AKR-TESTR-<MAC6>,0.0,1.0,0.0,100.0
48200,1,walk,walk,7744,,7744.0,20.0,0.0,0.0,1.0,-8.12,-0.088,0.304,0.0,35.0,28.14,0.0,11.0,2160.0,9.0,-4.15,-0.07,-0.99,-0.19,4.05,22.2,-0.12,189.0,TESTR,AKR-TESTR-<MAC6>,0.0,1.0,0.0,100.0
48240,1,walk,walk,7745,,7745.0,20.0,0.0,0.0,1.0,-7.88,-0.086,0.202,0.0,35.0,28.18,0.0,11.0,2160.0,9.0,-4.14,-0.07,-0.99,-0.19,4.34,21.32,-1.16,189.0,TESTR,AKR-TESTR-<MAC6>,0.0,1.0,0.0,100.0
48240,1,walk,walk,7746,,7746.0,20.0,0.0,0.0,1.0,-7.67,-0.082,0.214,0.0,35.0,28.14,0.0,11.0,2160.0,9.0,-4.12,-0.07,-0.99,-0.18,4.56,20.01,-2.29,189.0,TESTR,AKR-TESTR-<MAC6>,0.0,1.0,0.0,100.0
48240,1,walk,walk,7747,,7747.0,20.0,0.0,0.0,1.0,-7.48,-0.078,0.194,0.0,35.0,28.14,0.0,11.0,2160.0,9.0,-4.06,-0.07,-0.99,-0.18,4.75,18.41,-3.41,189.0,TESTR,AKR-TESTR-<MAC6>,0.0,1.0,0.0,100.0
48280,1,walk,walk,7748,,7748.0,20.0,0.0,0.0,1.0,-7.32,-0.075,0.207,0.0,35.0,28.14,0.0,11.0,2160.0,9.0,-4.0,-0.07,-0.99,-0.18,4.94,16.65,-4.49,189.0,TESTR,AKR-TESTR-<MAC6>,0.0,1.0,0.0,100.0
48280,1,walk,walk,7749,,7749.0,20.0,0.0,0.0,1.0,-7.17,-0.07,0.272,0.0,35.0,28.18,0.0,11.0,2160.0,9.0,-3.93,-0.07,-0.99,-0.18,5.14,14.84,-5.55,189.0,TESTR,AKR-TESTR-<MAC6>,0.0,1.0,0.0,100.0
48300,1,walk,walk,7750,,7750.0,20.0,0.0,0.0,1.0,-7.03,-0.063,0.591,0.0,35.0,28.14,0.0,11.0,2160.0,9.0,-3.86,-0.07,-0.99,-0.18,5.39,13.01,-6.68,189.0,TESTR,AKR-TESTR-<MAC6>,0.0,1.0,0.0,100.0
48340,1,walk,walk,7751,,7751.0,20.0,0.0,0.0,1.0,-6.89,-0.053,0.651,0.0,35.0,28.18,0.0,11.0,2160.0,9.0,-3.8,-0.07,-0.99,-0.18,5.71,11.25,-7.96,189.0,TESTR,AKR-TESTR-<MAC6>,0.0,1.0,0.0,100.0
48340,1,walk,walk,7752,,7752.0,20.0,0.0,0.0,1.0,-6.77,-0.044,0.386,0.0,35.0,28.14,0.0,11.0,2160.0,9.0,-3.72,-0.06,-0.99,-0.17,6.1,9.58,-9.38,189.0,TESTR,AKR-TESTR-<MAC6>,0.0,1.0,0.0,100.0
48380,1,walk,walk,7753,,7753.0,20.0,0.0,6.0,2.0,-6.64,-0.038,0.555,0.0,35.0,28.14,0.0,11.0,2160.0,9.0,-3.63,-0.06,-0.99,-0.17,6.59,8.02,-10.94,189.0,TESTR,AKR-TESTR-<MAC6>,0.0,1.0,0.0,100.0
48400,1,walk,walk,7754,,7754.0,20.0,0.0,6.0,2.0,-6.51,-0.032,0.777,-0.104,35.0,28.14,0.0,18.0,2160.0,9.0,-3.5,-0.06,-0.99,-0.17,7.21,6.61,-12.66,189.0,TESTR,AKR-TESTR-<MAC6>,0.0,1.0,0.0,100.0
48400,1,walk,walk,7755,,7755.0,20.0,0.0,6.0,2.0,-6.38,-0.019,0.843,0.198,35.0,28.14,0.0,18.0,2160.0,9.0,-3.35,-0.06,-0.99,-0.17,7.96,5.35,-14.53,189.0,TESTR,AKR-TESTR-<MAC6>,0.0,1.0,0.0,100.0
48420,1,walk,walk,7756,,7756.0,20.0,0.0,6.0,2.0,-6.24,-0.01,0.465,0.114,35.0,28.14,0.0,18.0,2160.0,9.0,-3.18,-0.06,-0.99,-0.17,8.81,4.3,-16.54,189.0,TESTR,AKR-TESTR-<MAC6>,0.0,1.0,0.0,100.0
48460,1,walk,walk,7757,,7757.0,20.0,0.0,6.0,2.0,-6.08,-0.005,0.371,-0.082,35.0,28.14,0.0,18.0,2160.0,9.0,-2.98,-0.05,-1.0,-0.17,9.67,3.55,-18.61,189.0,TESTR,AKR-TESTR-<MAC6>,0.0,1.0,0.0,100.0
48460,1,walk,walk,7758,,7758.0,20.0,0.0,6.0,2.0,-5.91,-0.001,0.174,-0.303,35.0,28.14,0.0,18.0,2160.0,9.0,-2.75,-0.05,-1.0,-0.17,10.4,3.28,-20.7,189.0,TESTR,AKR-TESTR-<MAC6>,0.0,1.0,0.0,100.0
48480,1,walk,walk,7759,,7759.0,20.0,1.0,6.0,2.0,-5.73,0.001,0.1,-0.378,35.0,28.14,0.0,19.0,2160.0,9.0,-2.49,-0.04,-1.0,-0.16,10.88,3.68,-22.76,189.0,TESTR,AKR-TESTR-<MAC6>,0.0,1.0,0.0,100.0
48520,1,walk,walk,7760,,7760.0,20.0,1.0,6.0,2.0,-5.52,0.001,0.015,-0.308,35.0,28.14,0.0,19.0,2160.0,9.0,-2.25,-0.04,-1.01,-0.16,11.03,4.79,-24.82,189.0,TESTR,AKR-TESTR-<MAC6>,0.0,1.0,0.0,100.0
48540,1,walk,walk,7761,,7761.0,20.0,1.0,6.0,2.0,-5.3,0.001,-0.01,-0.104,35.0,28.14,0.0,19.0,2160.0,9.0,-2.02,-0.04,-1.01,-0.16,10.81,6.62,-26.93,189.0,TESTR,AKR-TESTR-<MAC6>,0.0,1.0,0.0,100.0
48560,1,walk,walk,7762,,7762.0,20.0,1.0,6.0,2.0,-5.05,0.0,-0.107,0.076,35.0,28.14,0.0,19.0,2160.0,9.0,-1.78,-0.03,-1.02,-0.16,10.17,9.18,-29.05,189.0,TESTR,AKR-TESTR-<MAC6>,0.0,1.0,0.0,100.0
48580,1,walk,walk,7763,,7763.0,20.0,1.0,6.0,2.0,-4.77,-0.002,-0.151,0.351,35.0,28.14,0.0,19.0,2160.0,9.0,-1.52,-0.03,-1.03,-0.16,9.13,12.47,-31.1,189.0,TESTR,AKR-TESTR-<MAC6>,0.0,1.0,0.0,100.0
48580,1,walk,walk,7764,,7764.0,20.0,1.0,6.0,2.0,-4.47,-0.003,-0.05,0.534,35.0,28.14,0.0,19.0,2160.0,9.0,-1.24,-0.02,-1.03,-0.16,7.71,16.59,-32.84,189.0,TESTR,AKR-TESTR-<MAC6>,0.0,1.0,0.0,100.0
48600,1,walk,walk,7765,,7765.0,20.0,1.0,6.0,2.0,-4.14,-0.004,-0.038,0.603,35.0,28.14,0.0,19.0,2160.0,9.0,-1.05,-0.02,-1.03,-0.15,6.01,21.7,-33.84,189.0,TESTR,AKR-TESTR-<MAC6>,0.0,1.0,0.0,100.0
48640,1,walk,walk,7766,,7766.0,20.0,1.0,6.0,2.0,-3.78,-0.005,0.042,0.547,35.0,28.14,0.0,19.0,2160.0,9.0,-1.1,-0.02,-1.03,-0.15,4.17,27.87,-33.51,189.0,TESTR,AKR-TESTR-<MAC6>,0.0,1.0,0.0,100.0
48640,1,walk,walk,7767,,7767.0,20.0,1.0,6.0,2.0,-3.4,-0.004,0.036,0.485,35.0,28.14,0.0,19.0,2160.0,9.0,-1.61,-0.03,-1.03,-0.14,2.37,34.88,-31.33,189.0,TESTR,AKR-TESTR-<MAC6>,0.0,1.0,0.0,100.0
48660,1,walk,walk,7768,,7768.0,20.0,0.0,6.0,2.0,-2.98,-0.004,0.077,0.463,35.0,28.14,0.0,18.0,2160.0,9.0,-2.69,-0.05,-1.03,-0.13,0.72,42.04,-27.17,189.0,TESTR,AKR-TESTR-<MAC6>,0.0,1.0,0.0,100.0
48720,1,walk,walk,7769,,7769.0,20.0,1.0,6.0,2.0,-2.55,-0.004,0.062,0.32,35.0,28.14,0.0,19.0,2160.0,9.0,-4.34,-0.08,-1.03,-0.13,-0.73,48.37,-21.26,190.0,TESTR,AKR-TESTR-<MAC6>,0.0,1.0,0.0,100.0
48720,1,walk,walk,7770,,7770.0,20.0,1.0,6.0,2.0,-2.1,-0.003,0.093,0.282,35.0,28.14,0.0,19.0,2160.0,9.0,-6.43,-0.12,-1.03,-0.12,-1.97,52.8,-14.08,190.0,TESTR,AKR-TESTR-<MAC6>,0.0,1.0,0.0,100.0
48720,1,walk,walk,7771,,7771.0,20.0,1.0,1.0,5.0,-1.65,-0.003,0.054,0.286,35.0,28.14,0.0,19.0,2160.0,10.0,-8.72,-0.16,-1.03,-0.12,-2.98,54.51,-6.18,190.0,TESTR,AKR-TESTR-<MAC6>,0.0,1.0,0.0,100.0
48760,1,walk,walk,7772,,7772.0,20.0,0.0,1.0,6.0,-1.2,-0.003,0.064,0.343,35.0,28.07,0.0,19.0,2160.0,10.0,-10.94,-0.2,-1.03,-0.12,-3.73,53.11,1.57,190.0,TESTR,AKR-TESTR-<MAC6>,0.0,1.0,0.0,100.0
48780,1,walk,walk,7773,,7773.0,20.0,0.0,1.0,6.0,-0.78,0.035,3.378,1.449,35.0,28.04,0.0,19.0,2160.0,10.0,-12.81,-0.24,-1.03,-0.12,-4.14,48.75,8.55,190.0,TESTR,AKR-TESTR-<MAC6>,0.0,1.0,0.0,100.0
48780,1,walk,walk,7774,,7774.0,20.0,0.0,1.0,6.0,-0.39,0.083,2.952,1.98,35.0,27.97,0.0,19.0,2160.0,10.0,-14.14,-0.26,-1.04,-0.13,-4.18,41.94,14.42,190.0,TESTR,AKR-TESTR-<MAC6>,0.0,1.0,0.0,100.0
48820,1,walk,walk,7775,,7775.0,20.0,0.0,1.0,6.0,-0.05,0.122,2.54,2.488,35.0,27.93,0.0,19.0,2160.0,10.0,-14.81,-0.27,-1.04,-0.13,-3.93,33.7,19.15,190.0,TESTR,AKR-TESTR-<MAC6>,0.0,1.0,0.0,100.0
48860,1,walk,walk,7776,,7776.0,20.0,0.0,1.0,6.0,0.23,0.156,2.018,2.751,35.0,27.9,0.0,19.0,2160.0,10.0,-14.81,-0.27,-1.04,-0.14,-3.55,25.27,22.93,190.0,TESTR,AKR-TESTR-<MAC6>,0.0,1.0,0.0,100.0
48860,1,walk,walk,7777,,7777.0,20.0,0.0,1.0,6.0,0.44,0.182,1.612,3.293,35.0,27.9,0.0,19.0,2160.0,10.0,-14.16,-0.26,-1.04,-0.14,-3.27,17.9,26.0,190.0,TESTR,AKR-TESTR-<MAC6>,0.0,1.0,0.0,100.0
48880,1,walk,walk,7778,,7778.0,20.0,0.0,1.0,6.0,0.56,0.204,1.372,3.499,35.0,27.86,0.0,19.0,2160.0,10.0,-12.99,-0.24,-1.04,-0.15,-3.27,12.45,28.6,190.0,TESTR,AKR-TESTR-<MAC6>,0.0,1.0,0.0,100.0
48880,1,walk,walk,7779,,7779.0,20.0,0.0,1.0,6.0,0.61,0.221,1.07,3.856,35.0,27.83,0.0,19.0,2160.0,10.0,-11.41,-0.21,-1.04,-0.15,-3.65,9.21,30.87,190.0,TESTR,AKR-TESTR-<MAC6>,0.0,1.0,0.0,100.0
48900,1,walk,walk,7780,,7780.0,20.0,0.0,1.0,6.0,0.56,0.235,0.872,4.087,35.0,27.79,0.0,19.0,2160.0,10.0,-9.56,-0.17,-1.03,-0.16,-4.43,7.91,32.86,190.0,TESTR,AKR-TESTR-<MAC6>,0.0,1.0,0.0,100.0
48940,1,walk,walk,7781,,7781.0,20.0,0.0,1.0,6.0,0.44,0.246,0.691,4.253,35.0,27.79,0.0,19.0,2160.0,10.0,-7.55,-0.14,-1.03,-0.17,-5.56,7.92,34.53,190.0,TESTR,AKR-TESTR-<MAC6>,0.0,1.0,0.0,100.0
48940,1,walk,walk,7782,,7782.0,20.0,0.0,1.0,6.0,0.23,0.255,0.5,4.455,35.0,27.76,0.0,19.0,2160.0,10.0,-5.47,-0.1,-1.02,-0.17,-6.92,8.52,35.79,190.0,TESTR,AKR-TESTR-<MAC6>,0.0,1.0,0.0,100.0
48960,1,walk,walk,7783,,7783.0,20.0,0.0,1.0,6.0,-0.06,0.262,0.361,4.603,35.0,27.72,0.0,19.0,2160.0,10.0,-3.34,-0.06,-1.01,-0.17,-8.38,9.08,36.55,190.0,TESTR,AKR-TESTR-<MAC6>,0.0,1.0,0.0,100.0
49000,1,walk,walk,7784,,7784.0,20.0,0.0,1.0,6.0,-0.4,0.266,0.173,4.937,35.0,27.72,0.0,19.0,2160.0,10.0,-1.18,-0.02,-1.0,-0.17,-9.83,9.27,36.77,190.0,TESTR,AKR-TESTR-<MAC6>,0.0,1.0,0.0,100.0
49020,1,walk,walk,7785,,7785.0,20.0,0.0,3.0,7.0,-0.81,0.269,0.126,5.088,35.0,27.69,0.0,19.0,2160.0,10.0,1.0,0.02,-0.99,-0.17,-11.22,9.05,36.42,190.0,TESTR,AKR-TESTR-<MAC6>,0.0,1.0,0.0,100.0
49040,1,walk,walk,7786,,7786.0,20.0,0.0,3.0,7.0,-1.26,0.272,0.143,5.098,35.0,27.69,0.0,19.0,2160.0,10.0,3.18,0.05,-0.98,-0.17,-12.51,8.62,35.52,190.0,TESTR,AKR-TESTR-<MAC6>,0.0,1.0,0.0,100.0
49060,1,walk,walk,7787,,7787.0,20.0,1.0,3.0,7.0,-1.76,0.273,-0.028,5.288,35.0,27.69,0.0,20.0,2160.0,10.0,5.34,0.09,-0.96,-0.17,-13.68,8.25,34.07,190.0,TESTR,AKR-TESTR-<MAC6>,0.0,1.0,0.0,100.0
49060,1,walk,walk,7788,,7788.0,20.0,0.0,3.0,7.0,-2.28,0.273,-0.088,5.346,35.0,27.69,0.0,19.0,2160.0,10.0,7.42,0.12,-0.95,-0.16,-14.76,8.14,32.09,190.0,TESTR,AKR-TESTR-<MAC6>,0.0,1.0,0.0,100.0
49080,1,walk,walk,7789,,7789.0,20.0,1.0,3.0,7.0,-2.81,0.273,-0.005,5.245,35.0,27.69,0.0,20.0,2160.0,10.0,9.37,0.16,-0.94,-0.16,-15.72,8.38,29.58,190.0,TESTR,AKR-TESTR-<MAC6>,0.0,1.0,0.0,100.0
49120,1,walk,walk,7790,,7790.0,20.0,0.0,3.0,7.0,-3.35,0.273,-0.061,5.101,35.0,27.72,0.0,19.0,2160.0,10.0,11.1,0.18,-0.93,-0.16,-16.56,8.92,26.58,190.0,TESTR,AKR-TESTR-<MAC6>,0.0,1.0,0.0,100.0
49140,1,walk,walk,7791,,7791.0,20.0,0.0,3.0,7.0,-3.88,0.27,-0.295,5.189,35.0,27.76,0.0,19.0,2160.0,10.0,12.26,0.2,-0.93,-0.16,-17.08,9.43,23.2,190.0,TESTR,AKR-TESTR-<MAC6>,0.0,1.0,0.0,100.0
49140,1,walk,walk,7792,,7792.0,20.0,0.0,3.0,7.0,-4.4,0.257,-1.217,5.837,35.0,27.65,0.0,19.0,2160.0,10.0,12.59,0.21,-0.93,-0.15,-16.95,9.17,19.61,190.0,TESTR,AKR-TESTR-<MAC6>,0.0,1.0,0.0,100.0
49180,1,walk,walk,7793,,7793.0,20.0,0.0,3.0,7.0,-4.89,0.233,-1.668,6.558,35.0,27.62,0.0,19.0,2160.0,10.0,12.12,0.2,-0.94,-0.15,-16.13,7.78,16.0,190.0,TESTR,AKR-TESTR-<MAC6>,0.0,1.0,0.0,100.0
49200,1,walk,walk,7794,,7794.0,20.0,0.0,3.0,7.0,-5.34,0.198,-2.639,6.932,35.0,27.58,0.0,19.0,2160.0,10.0,11.06,0.19,-0.96,-0.14,-14.73,5.34,12.65,190.0,TESTR,AKR-TESTR-<MAC6>,0.0,1.0,0.0,100.0
49220,1,walk,walk,7795,,7795.0,20.0,0.0,3.0,7.0,-5.76,0.154,-3.145,6.699,35.0,27.72,0.0,19.0,2160.0,10.0,9.66,0.17,-0.98,-0.13,-12.99,2.41,9.85,190.0,TESTR,AKR-TESTR-<MAC6>,0.0,1.0,0.0,100.0
49240,1,walk,walk,7796,,7796.0,20.0,0.0,3.0,7.0,-6.13,0.102,-3.556,6.06,35.0,27.86,0.0,19.0,2160.0,10.0,8.14,0.14,-0.99,-0.12,-11.16,-0.08,7.87,190.0,TESTR,AKR-TESTR-<MAC6>,0.0,1.0,0.0,100.0
49240,1,walk,walk,7797,,7797.0,20.0,0.0,3.0,7.0,-6.45,0.042,-4.108,5.378,35.0,28.0,0.0,19.0,2160.0,10.0,6.61,0.12,-1.01,-0.11,-9.49,-1.23,6.9,190.0,TESTR,AKR-TESTR-<MAC6>,0.0,1.0,0.0,100.0
49260,1,walk,walk,7798,,7798.0,20.0,0.0,3.0,7.0,-6.72,-0.024,-4.49,4.325,35.0,28.11,0.0,19.0,2160.0,10.0,5.12,0.09,-1.02,-0.1,-8.09,-0.7,7.03,190.0,TESTR,AKR-TESTR-<MAC6>,0.0,1.0,0.0,100.0
49300,1,walk,walk,7799,,7799.0,20.0,0.0,3.0,7.0,-6.95,-0.089,-3.963,3.054,35.0,28.14,0.0,19.0,2160.0,10.0,3.76,0.07,-1.03,-0.1,-6.9,1.02,8.07,190.0,TESTR,AKR-TESTR-<MAC6>,0.0,1.0,0.0,100.0
49300,1,walk,walk,7800,,7800.0,20.0,0.0,3.0,7.0,-7.13,-0.131,-1.766,1.956,35.0,28.11,0.0,19.0,2160.0,10.0,2.66,0.05,-1.04,-0.1,-5.71,3.4,9.58,190.0,TESTR,AKR-TESTR-<MAC6>,0.0,1.0,0.0,100.0
49340,1,walk,walk,7801,,7801.0,20.0,0.0,3.0,7.0,-7.27,-0.139,0.002,1.242,35.0,28.11,0.0,19.0,2160.0,10.0,1.87,0.03,-1.04,-0.11,-4.39,5.95,11.13,190.0,TESTR,AKR-TESTR-<MAC6>,0.0,1.0,0.0,100.0
49360,1,walk,walk,7802,,7802.0,20.0,0.0,3.0,7.0,-7.38,-0.138,0.105,1.478,35.0,28.11,0.0,19.0,2160.0,10.0,1.34,0.02,-1.04,-0.12,-3.06,8.23,12.43,190.0,TESTR,AKR-TESTR-<MAC6>,0.0,1.0,0.0,100.0
49400,1,walk,walk,7803,,7803.0,20.0,0.0,3.0,7.0,-7.46,-0.136,0.113,1.623,35.0,28.07,0.0,19.0,2160.0,10.0,1.02,0.02,-1.05,-0.12,-1.94,9.99,13.38,190.0,TESTR,AKR-TESTR-<MAC6>,0.0,1.0,0.0,100.0
49400,1,walk,walk,7804,,7804.0,20.0,0.0,3.0,7.0,-7.52,-0.136,-0.014,1.847,35.0,28.07,0.0,19.0,2160.0,10.0,0.81,0.01,-1.05,-0.13,-1.2,11.12,14.08,190.0,TESTR,AKR-TESTR-<MAC6>,0.0,1.0,0.0,100.0
49460,1,walk,walk,7805,,7805.0,20.0,0.0,3.0,7.0,-7.56,-0.14,-0.453,2.028,35.0,28.07,0.0,19.0,2160.0,10.0,0.64,0.01,-1.04,-0.13,-0.88,11.64,14.71,190.0,TESTR,AKR-TESTR-<MAC6>,0.0,1.0,0.0,100.0
49460,1,walk,walk,7806,,7806.0,20.0,0.0,3.0,7.0,-7.6,-0.15,-0.77,2.218,35.0,28.07,0.0,19.0,2160.0,10.0,0.42,0.01,-1.04,-0.14,-0.9,11.69,15.43,190.0,TESTR,AKR-TESTR-<MAC6>,0.0,1.0,0.0,100.0
49460,1,walk,walk,7807,,7807.0,20.0,0.0,3.0,7.0,-7.64,-0.16,-0.532,1.899,35.0,28.07,0.0,19.0,2160.0,10.0,0.06,0.0,-1.04,-0.14,-1.11,11.4,16.16,190.0,TESTR,AKR-TESTR-<MAC6>,0.0,1.0,0.0,100.0
49480,1,walk,walk,7808,,7808.0,20.0,0.0,3.0,7.0,-7.67,-0.163,0.029,1.697,35.0,28.07,0.0,19.0,2160.0,10.0,-0.48,-0.01,-1.03,-0.15,-1.37,10.89,16.67,190.0,TESTR,AKR-TESTR-<MAC6>,0.0,1.0,0.0,100.0
49480,1,walk,walk,7809,,7809.0,20.0,0.0,3.0,7.0,-7.71,-0.16,0.277,1.596,35.0,28.07,0.0,19.0,2160.0,10.0,-1.2,-0.02,-1.03,-0.16,-1.59,10.26,16.65,190.0,TESTR,AKR-TESTR-<MAC6>,0.0,1.0,0.0,100.0
49520,1,walk,walk,7810,,7810.0,20.0,0.0,3.0,7.0,-7.76,-0.154,0.593,1.592,35.0,28.07,0.0,19.0,2160.0,10.0,-2.05,-0.04,-1.02,-0.16,-1.69,9.56,15.92,190.0,TESTR,AKR-TESTR-<MAC6>,0.0,1.0,0.0,100.0
49540,1,walk,walk,7811,,7811.0,20.0,0.0,3.0,7.0,-7.82,-0.143,0.806,1.508,35.0,28.07,0.0,19.0,2160.0,10.0,-2.97,-0.05,-1.01,-0.17,-1.65,8.81,14.41,190.0,TESTR,AKR-TESTR-<MAC6>,0.0,1.0,0.0,100.0
49540,1,walk,walk,7812,,7812.0,20.0,0.0,3.0,7.0,-7.89,-0.132,0.632,1.664,35.0,28.07,0.0,19.0,2160.0,10.0,-3.87,-0.07,-1.01,-0.18,-1.45,8.02,12.22,190.0,TESTR,AKR-TESTR-<MAC6>,0.0,1.0,0.0,100.0
49560,1,walk,walk,7813,,7813.0,20.0,0.0,3.0,7.0,-7.96,-0.125,0.467,1.678,35.0,28.07,0.0,19.0,2160.0,10.0,-4.72,-0.08,-1.0,-0.19,-1.09,7.21,9.55,190.0,TESTR,AKR-TESTR-<MAC6>,0.0,1.0,0.0,100.0
49600,1,walk,walk,7814,,7814.0,20.0,0.0,3.0,7.0,-8.05,-0.118,0.493,1.599,35.0,28.07,0.0,19.0,2160.0,10.0,-5.47,-0.1,-1.0,-0.19,-0.58,6.41,6.58,190.0,TESTR,AKR-TESTR-<MAC6>,0.0,1.0,0.0,100.0
49620,1,walk,walk,7815,,7815.0,20.0,0.0,3.0,7.0,-8.14,-0.11,0.579,1.609,35.0,28.07,0.0,19.0,2160.0,10.0,-6.1,-0.11,-1.0,-0.2,0.05,5.63,3.49,190.0,TESTR,AKR-TESTR-<MAC6>,0.0,1.0,0.0,100.0
49620,1,walk,walk,7816,,7816.0,20.0,0.0,0.0,1.0,-8.24,-0.104,0.426,1.596,35.0,28.11,0.0,19.0,2160.0,10.0,-6.6,-0.11,-0.99,-0.2,0.78,4.93,0.51,190.0,TESTR,AKR-TESTR-<MAC6>,0.0,1.0,0.0,100.0
49660,1,walk,walk,7817,,7817.0,20.0,0.0,0.0,1.0,-8.34,-0.102,-0.083,0.978,35.0,28.11,0.0,19.0,2160.0,10.0,-6.94,-0.12,-0.99,-0.21,1.59,4.32,-2.07,190.0,TESTR,AKR-TESTR-<MAC6>,0.0,1.0,0.0,100.0
49680,1,walk,walk,7818,,7818.0,20.0,0.0,0.0,1.0,-8.43,-0.11,-1.193,0.0,35.0,28.14,0.0,14.0,2160.0,10.0,-7.17,-0.12,-0.99,-0.21,2.5,3.75,-4.17,191.0,TESTR,AKR-TESTR-<MAC6>,0.0,1.0,0.0,100.0
49700,1,walk,walk,7819,,7819.0,20.0,0.0,0.0,1.0,-8.52,-0.11,0.089,0.0,35.0,28.18,0.0,14.0,2160.0,10.0,-7.29,-0.13,-0.99,-0.21,3.47,3.21,-5.86,191.0,TESTR,AKR-TESTR-<MAC6>,0.0,1.0,0.0,100.0
49720,1,walk,walk,7820,,7820.0,20.0,0.0,0.0,1.0,-8.59,-0.105,0.25,0.0,35.0,28.18,0.0,14.0,2160.0,10.0,-7.33,-0.13,-0.99,-0.21,4.48,2.71,-7.23,191.0,TESTR,AKR-TESTR-<MAC6>,0.0,1.0,0.0,100.0
49740,1,walk,walk,7821,,7821.0,20.0,0.0,0.0,1.0,-8.65,-0.101,0.386,0.0,35.0,28.14,0.0,14.0,2160.0,10.0,-7.32,-0.13,-0.98,-0.21,5.49,2.26,-8.41,191.0,TESTR,AKR-TESTR-<MAC6>,0.0,1.0,0.0,100.0
49760,1,walk,walk,7822,,7822.0,20.0,0.0,0.0,1.0,-8.7,-0.092,0.616,0.0,35.0,28.14,0.0,14.0,2160.0,10.0,-7.28,-0.13,-0.98,-0.21,6.47,1.86,-9.58,191.0,TESTR,AKR-TESTR-<MAC6>,0.0,1.0,0.0,100.0
49780,1,walk,walk,7823,,7823.0,20.0,0.0,0.0,1.0,-8.72,-0.081,0.663,0.0,35.0,28.14,0.0,14.0,2160.0,10.0,-7.19,-0.12,-0.98,-0.21,7.38,1.51,-10.82,191.0,TESTR,AKR-TESTR-<MAC6>,0.0,1.0,0.0,100.0
49780,1,walk,walk,7824,,7824.0,20.0,0.0,0.0,1.0,-8.72,-0.072,0.583,0.0,35.0,28.18,0.0,14.0,2160.0,10.0,-7.07,-0.12,-0.98,-0.21,8.23,1.23,-12.16,191.0,TESTR,AKR-TESTR-<MAC6>,0.0,1.0,0.0,100.0
49800,1,walk,walk,7825,,7825.0,20.0,0.0,0.0,1.0,-8.7,-0.062,0.712,0.0,35.0,28.14,0.0,14.0,2160.0,10.0,-6.92,-0.12,-0.98,-0.21,9.0,0.99,-13.61,191.0,TESTR,AKR-TESTR-<MAC6>,0.0,1.0,0.0,100.0
49860,1,walk,walk,7826,,7826.0,20.0,0.0,0.0,1.0,-8.66,-0.052,0.655,0.0,35.0,28.14,0.0,14.0,2160.0,10.0,-6.73,-0.12,-0.98,-0.2,9.68,0.79,-15.15,191.0,TESTR,AKR-TESTR-<MAC6>,0.0,1.0,0.0,100.0
49860,1,walk,walk,7827,,7827.0,20.0,0.0,0.0,1.0,-8.59,-0.044,0.379,0.0,35.0,28.14,0.0,14.0,2160.0,10.0,-6.51,-0.11,-0.98,-0.2,10.3,0.63,-16.74,191.0,TESTR,AKR-TESTR-<MAC6>,0.0,1.0,0.0,100.0
49860,1,walk,walk,7828,,7828.0,20.0,0.0,0.0,1.0,-8.5,-0.037,0.565,0.0,35.0,28.18,0.0,14.0,2160.0,10.0,-6.28,-0.11,-0.98,-0.2,10.85,0.49,-18.42,191.0,TESTR,AKR-TESTR-<MAC6>,0.0,1.0,0.0,100.0
49900,1,walk,walk,7829,,7829.0,20.0,0.0,0.0,1.0,-8.38,-0.028,0.804,0.0,35.0,28.14,0.0,14.0,2160.0,10.0,-6.04,-0.1,-0.99,-0.19,11.35,0.38,-20.22,191.0,TESTR,AKR-TESTR-<MAC6>,0.0,1.0,0.0,100.0
49900,1,walk,walk,7830,,7830.0,20.0,0.0,0.0,1.0,-8.24,-0.019,0.426,0.0,35.0,28.14,0.0,14.0,2160.0,10.0,-5.78,-0.1,-0.99,-0.19,11.79,0.3,-22.14,191.0,TESTR,AKR-TESTR-<MAC6>,0.0,1.0,0.0,100.0
49920,1,walk,walk,7831,,7831.0,20.0,0.0,0.0,1.0,-8.07,-0.008,0.907,0.0,35.0,28.14,0.0,14.0,2160.0,10.0,-5.48,-0.1,-0.99,-0.19,12.16,0.25,-24.25,191.0,TESTR,AKR-TESTR-<MAC6>,0.0,1.0,0.0,100.0
49960,1,walk,walk,7832,,7832.0,20.0,0.0,0.0,1.0,-7.87,0.006,0.704,0.0,35.0,28.14,0.0,14.0,2160.0,10.0,-5.14,-0.09,-0.99,-0.18,12.49,0.24,-26.54,191.0,TESTR,AKR-TESTR-<MAC6>,0.0,1.0,0.0,100.0
49980,1,walk,walk,7833,,7833.0,20.0,0.0,0.0,1.0,-7.65,0.016,0.813,0.0,35.0,28.14,0.0,14.0,2160.0,10.0,-4.75,-0.08,-1.0,-0.18,12.76,0.33,-28.96,191.0,TESTR,AKR-TESTR-<MAC6>,0.0,1.0,0.0,100.0
50000,1,walk,walk,7834,,7834.0,20.0,0.0,0.0,1.0,-7.4,0.025,0.217,0.0,35.0,28.18,0.0,14.0,2160.0,10.0,-4.3,-0.08,-1.0,-0.18,12.87,0.76,-31.41,191.0,TESTR,AKR-TESTR-<MAC6>,0.0,1.0,0.0,100.0
50020,1,walk,walk,7835,,7835.0,20.0,0.0,0.0,1.0,-7.12,0.024,-0.083,0.0,35.0,28.18,0.0,14.0,2160.0,10.0,-3.83,-0.07,-1.0,-0.18,12.76,1.78,-33.7,191.0,TESTR,AKR-TESTR-<MAC6>,0.0,1.0,0.0,100.0
50020,1,walk,walk,7836,,7836.0,20.0,0.0,0.0,1.0,-6.8,0.02,-0.33,0.0,35.0,28.14,0.0,14.0,2160.0,10.0,-3.35,-0.06,-1.01,-0.18,12.37,3.54,-35.73,191.0,TESTR,AKR-TESTR-<MAC6>,0.0,1.0,0.0,100.0
50040,1,walk,walk,7837,,7837.0,20.0,0.0,0.0,1.0,-6.46,0.014,-0.679,0.0,35.0,28.18,0.0,14.0,2160.0,10.0,-2.86,-0.05,-1.02,-0.18,11.65,6.19,-37.39,191.0,TESTR,AKR-TESTR-<MAC6>,0.0,1.0,0.0,100.0
50080,1,walk,walk,7838,,7838.0,20.0,0.0,0.0,1.0,-6.08,-0.001,-1.192,0.0,35.0,28.14,0.0,14.0,2160.0,10.0,-2.38,-0.04,-1.02,-0.18,10.59,9.84,-38.49,191.0,TESTR,AKR-TESTR-<MAC6>,0.0,1.0,0.0,100.0
50080,1,walk,walk,7839,,7839.0,20.0,0.0,0.0,1.0,-5.67,-0.017,-0.965,0.0,35.0,28.14,0.0,14.0,2160.0,10.0,-1.97,-0.04,-1.03,-0.18,9.21,14.58,-38.85,191.0,TESTR,AKR-TESTR-<MAC6>,0.0,1.0,0.0,100.0
50100,1,walk,walk,7840,,7840.0,20.0,0.0,0.0,1.0,-5.23,-0.03,-0.7,0.0,35.0,28.14,0.0,14.0,2160.0,10.0,-1.77,-0.03,-1.03,-0.18,7.61,20.4,-38.24,191.0,TESTR,AKR-TESTR-<MAC6>,0.0,1.0,0.0,100.0
50140,1,walk,walk,7841,,7841.0,20.0,0.0,0.0,1.0,-4.75,-0.036,-0.163,0.0,35.0,28.14,0.0,14.0,2160.0,10.0,-1.96,-0.04,-1.03,-0.17,5.87,27.31,-36.26,191.0,TESTR,AKR-TESTR-<MAC6>,0.0,1.0,0.0,100.0
50160,1,walk,walk,7842,,7842.0,20.0,0.0,0.0,1.0,-4.25,-0.036,0.046,0.0,35.0,28.14,0.0,14.0,2160.0,10.0,-2.69,-0.05,-1.03,-0.17,4.05,35.07,-32.52,191.0,TESTR,AKR-TESTR-<MAC6>,0.0,1.0,0.0,100.0
50180,1,walk,walk,7843,,7843.0,20.0,0.0,0.0,1.0,-3.72,-0.036,-0.009,0.0,35.0,28.14,0.0,14.0,2160.0,10.0,-4.01,-0.07,-1.03,-0.16,2.22,43.11,-26.88,191.0,TESTR,AKR-TESTR-<MAC6>,0.0,1.0,0.0,100.0
50200,1,walk,walk,7844,,7844.0,20.0,0.0,0.0,1.0,-3.17,-0.036,0.023,0.0,35.0,28.14,0.0,14.0,2160.0,10.0,-5.87,-0.11,-1.03,-0.15,0.45,50.57,-19.56,191.0,TESTR,AKR-TESTR-<MAC6>,0.0,1.0,0.0,100.0
50200,1,walk,walk,7845,,7845.0,20.0,0.0,0.0,1.0,-2.62,-0.036,-0.006,0.0,35.0,28.18,0.0,14.0,2160.0,10.0,-8.05,-0.15,-1.03,-0.14,-1.16,56.47,-11.05,191.0,TESTR,AKR-TESTR-<MAC6>,0.0,1.0,0.0,100.0
50220,1,walk,walk,7846,,7846.0,20.0,0.0,0.0,1.0,-2.08,-0.036,-0.065,0.0,35.0,28.18,0.0,14.0,2160.0,10.0,-10.29,-0.19,-1.03,-0.13,-2.54,60.01,-1.95,191.0,TESTR,AKR-TESTR-<MAC6>,0.0,1.0,0.0,100.0
50260,1,walk,walk,7847,,7847.0,20.0,1.0,0.0,1.0,-1.55,-0.037,-0.079,0.0,35.0,28.14,0.0,15.0,2160.0,10.0,-12.34,-0.23,-1.04,-0.13,-3.61,60.72,7.17,191.0,TESTR,AKR-TESTR-<MAC6>,0.0,1.0,0.0,100.0
50260,1,walk,walk,7848,,7848.0,20.0,1.0,0.0,1.0,-1.06,-0.041,-0.295,0.0,35.0,28.14,0.0,15.0,2160.0,10.0,-13.98,-0.26,-1.04,-0.12,-4.34,58.59,15.87,191.0,TESTR,AKR-TESTR-<MAC6>,0.0,1.0,0.0,100.0
50280,1,walk,walk,7849,,7849.0,20.0,1.0,0.0,1.0,-0.63,-0.047,-0.373,0.0,35.0,28.18,0.0,15.0,2160.0,10.0,-15.06,-0.28,-1.05,-0.11,-4.67,54.03,23.89,191.0,TESTR,AKR-TESTR-<MAC6>,0.0,1.0,0.0,100.0
50340,1,walk,walk,7850,,7850.0,20.0,1.0,0.0,1.0,-0.26,-0.049,-0.03,0.0,35.0,28.18,0.0,15.0,2160.0,10.0,-15.53,-0.29,-1.06,-0.1,-4.6,47.7,31.01,191.0,TESTR,AKR-TESTR-<MAC6>,0.0,1.0,0.0,100.0
50340,1,walk,walk,7851,,7851.0,20.0,1.0,0.0,1.0,0.03,-0.049,-0.048,0.0,35.0,28.18,0.0,15.0,2160.0,10.0,-15.38,-0.29,-1.06,-0.1,-4.16,40.44,37.12,191.0,TESTR,AKR-TESTR-<MAC6>,0.0,1.0,0.0,100.0
50360,1,walk,walk,7852,,7852.0,20.0,2.0,0.0,1.0,0.22,-0.049,-0.038,0.0,35.0,28.14,0.0,16.0,2160.0,10.0,-14.66,-0.28,-1.07,-0.09,-3.39,33.08,42.2,191.0,TESTR,AKR-TESTR-<MAC6>,0.0,1.0,0.0,100.0
50380,1,walk,walk,7853,,7853.0,20.0,2.0,0.0,1.0,0.31,-0.049,0.025,0.0,35.0,28.14,0.0,16.0,2160.0,10.0,-13.45,-0.26,-1.08,-0.08,-2.41,26.28,46.22,191.0,TESTR,AKR-TESTR-<MAC6>,0.0,1.0,0.0,100.0
50380,1,walk,walk,7854,,7854.0,20.0,2.0,0.0,1.0,0.29,-0.049,-0.019,0.0,35.0,28.18,0.0,16.0,2160.0,10.0,-11.86,-0.23,-1.08,-0.08,-1.32,20.45,49.21,191.0,TESTR,AKR-TESTR-<MAC6>,0.0,1.0,0.0,100.0
50400,1,walk,walk,7855,,7855.0,20.0,2.0,0.0,1.0,0.16,-0.049,-0.036,0.0,35.0,28.14,0.0,16.0,2160.0,10.0,-9.98,-0.19,-1.07,-0.07,-0.19,15.71,51.14,191.0,TESTR,AKR-TESTR-<MAC6>,0.0,1.0,0.0,100.0
50440,1,walk,walk,7856,,7856.0,20.0,2.0,0.0,1.0,-0.08,-0.049,-0.023,0.0,35.0,28.14,0.0,16.0,2160.0,10.0,-7.92,-0.15,-1.07,-0.07,0.92,11.94,52.02,191.0,TESTR,AKR-TESTR-<MAC6>,0.0,1.0,0.0,100.0
50440,1,walk,walk,7857,,7857.0,20.0,2.0,0.0,1.0,-0.42,-0.049,-0.058,0.0,35.0,28.18,0.0,16.0,2160.0,10.0,-5.76,-0.11,-1.06,-0.06,1.96,8.9,51.82,191.0,TESTR,AKR-TESTR-<MAC6>,0.0,1.0,0.0,100.0
50480,1,walk,walk,7858,,7858.0,20.0,1.0,0.0,1.0,-0.86,-0.049,0.061,0.0,35.0,28.14,0.0,15.0,2160.0,10.0,-3.57,-0.07,-1.05,-0.06,2.92,6.31,50.57,191.0,TESTR,AKR-TESTR-<MAC6>,0.0,1.0,0.0,100.0
50500,1,walk,walk,7859,,7859.0,20.0,0.0,0.0,1.0,-1.38,-0.049,-0.034,0.0,35.0,28.18,0.0,14.0,2160.0,10.0,-1.42,-0.03,-1.04,-0.06,3.77,4.0,48.32,191.0,TESTR,AKR-TESTR-<MAC6>,0.0,1.0,0.0,100.0
50520,1,walk,walk,7860,,7860.0,20.0,1.0,0.0,1.0,-1.98,-0.05,-0.177,0.0,35.0,28.18,0.0,15.0,2160.0,10.0,0.66,0.01,-1.02,-0.07,4.48,1.9,45.18,191.0,TESTR,AKR-TESTR-<MAC6>,0.0,1.0,0.0,100.0
50540,1,walk,walk,7861,,7861.0,20.0,0.0,0.0,1.0,-2.63,-0.051,-0.104,0.0,35.0,28.18,0.0,14.0,2160.0,10.0,2.6,0.05,-1.0,-0.07,5.02,0.04,41.27,191.0,TESTR,AKR-TESTR-<MAC6>,0.0,1.0,0.0,100.0
50560,1,walk,walk,7862,,7862.0,20.0,0.0,0.0,1.0,-3.33,-0.051,-0.08,0.0,35.0,28.14,0.0,14.0,2160.0,10.0,4.35,0.07,-0.99,-0.08,5.34,-1.49,36.78,191.0,TESTR,AKR-TESTR-<MAC6>,0.0,1.0,0.0,100.0
50560,1,walk,walk,7863,,7863.0,20.0,0.0,0.0,1.0,-4.05,-0.055,-0.357,0.0,35.0,28.18,0.0,14.0,2160.0,10.0,5.84,0.1,-0.97,-0.08,5.4,-2.58,31.93,191.0,TESTR,AKR-TESTR-<MAC6>,0.0,1.0,0.0,100.0
50580,1,walk,walk,7864,,7864.0,20.0,1.0,0.0,1.0,-4.78,-0.06,-0.459,0.0,35.0,28.14,0.0,15.0,2160.0,10.0,7.01,0.12,-0.95,-0.09,5.11,-3.15,26.97,191.0,TESTR,AKR-TESTR-<MAC6>,0.0,1.0,0.0,100.0
50620,1,walk,walk,7865,,7865.0,20.0,0.0,0.0,1.0,-5.5,-0.069,-0.7,0.0,35.0,28.14,0.0,14.0,2160.0,10.0,7.83,0.13,-0.94,-0.11,4.41,-3.17,22.14,191.0,TESTR,AKR-TESTR-<MAC6>,0.0,1.0,0.0,100.0
50640,1,walk,walk,7866,,7866.0,20.0,1.0,0.0,1.0,-6.21,-0.08,-0.703,0.0,35.0,28.14,0.0,15.0,2160.0,10.0,8.27,0.13,-0.93,-0.12,3.28,-2.76,17.62,192.0,TESTR,AKR-TESTR-<MAC6>,0.0,1.0,0.0,100.0
50660,1,walk,walk,7867,,7867.0,20.0,1.0,0.0,1.0,-6.87,-0.088,-0.538,0.0,35.0,28.18,0.0,15.0,2160.0,10.0,8.35,0.13,-0.92,-0.14,1.73,-2.07,13.53,192.0,TESTR,AKR-TESTR-<MAC6>,0.0,1.0,0.0,100.0
50680,1,walk,walk,7868,,7868.0,20.0,1.0,0.0,1.0,-7.5,-0.096,-0.64,0.0,35.0,28.14,0.0,15.0,2160.0,10.0,8.1,0.13,-0.91,-0.16,-0.21,-1.25,9.93,192.0,TESTR,AKR-TESTR-<MAC6>,0.0,1.0,0.0,100.0
50700,1,walk,walk,7869,,7869.0,20.0,1.0,0.0,1.0,-8.06,-0.109,-0.957,0.0,35.0,28.14,0.0,15.0,2160.0,10.0,7.6,0.12,-0.91,-0.17,-2.48,-0.41,6.8,192.0,TESTR,AKR-TESTR-<MAC6>,0.0,1.0,0.0,100.0
50700,1,walk,walk,7870,,7870.0,20.0,1.0,0.0,1.0,-8.56,-0.118,-0.575,0.0,35.0,28.18,0.0,15.0,2160.0,10.0,6.86,0.11,-0.91,-0.19,-5.04,0.37,4.08,192.0,TESTR,AKR-TESTR-<MAC6>,0.0,1.0,0.0,100.0
50740,1,walk,walk,7871,,7871.0,20.0,1.0,0.0,1.0,-9.0,-0.131,-1.36,0.0,35.0,28.14,0.0,15.0,2160.0,10.0,5.6,0.09,-0.91,-0.2,-7.36,0.36,2.07,192.0,TESTR,AKR-TESTR-<MAC6>,0.0,1.0,0.0,100.0
50740,1,walk,walk,7872,,7872.0,20.0,0.0,0.0,1.0,-9.36,-0.175,-3.807,0.0,35.0,28.18,0.0,14.0,2160.0,10.0,3.74,0.06,-0.93,-0.21,-9.1,-0.76,0.98,192.0,TESTR,AKR-TESTR-<MAC6>,0.0,1.0,0.0,100.0
50780,1,walk,walk,7873,,7873.0,20.0,0.0,0.0,1.0,-9.66,-0.231,-3.389,0.0,35.0,28.14,0.0,14.0,2160.0,10.0,1.66,0.03,-0.95,-0.21,-10.16,-2.75,0.59,192.0,TESTR,AKR-TESTR-<MAC6>,0.0,1.0,0.0,100.0
50800,1,walk,walk,7874,,7874.0,20.0,0.0,0.0,1.0,-9.89,-0.229,1.248,0.0,35.0,28.14,0.0,14.0,2160.0,10.0,-0.3,-0.01,-0.97,-0.19,-10.71,-5.16,0.53,192.0,TESTR,AKR-TESTR-<MAC6>,0.0,1.0,0.0,100.0
50840,1,walk,walk,7875,,7875.0,20.0,0.0,0.0,1.0,-10.06,-0.213,0.512,0.0,35.0,28.14,0.0,14.0,2160.0,10.0,-2.0,-0.03,-0.99,-0.17,-11.03,-7.54,0.49,192.0,TESTR,AKR-TESTR-<MAC6>,0.0,1.0,0.0,100.0
50840,1,walk,walk,7876,,7876.0,20.0,1.0,0.0,1.0,-10.17,-0.209,0.528,0.0,35.0,28.18,0.0,15.0,2160.0,10.0,-3.37,-0.06,-1.01,-0.15,-11.31,-9.55,0.23,192.0,TESTR,AKR-TESTR-<MAC6>,0.0,1.0,0.0,100.0
50860,1,walk,walk,7877,,7877.0,20.0,1.0,0.0,1.0,-10.24,-0.2,0.362,0.0,35.0,28.18,0.0,15.0,2160.0,10.0,-4.43,-0.08,-1.03,-0.13,-11.6,-11.06,-0.18,192.0,TESTR,AKR-TESTR-<MAC6>,0.0,1.0,0.0,100.0
50860,1,walk,walk,7878,,7878.0,20.0,1.0,0.0,1.0,-10.26,-0.2,-0.099,0.0,35.0,28.18,0.0,15.0,2160.0,10.0,-5.2,-0.09,-1.04,-0.11,-11.88,-12.02,-0.55,192.0,TESTR,AKR-TESTR-<MAC6>,0.0,1.0,0.0,100.0
50880,1,walk,walk,7879,,7879.0,20.0,1.0,0.0,1.0,-10.25,-0.202,-0.083,0.0,35.0,28.18,0.0,15.0,2160.0,10.0,-5.72,-0.1,-1.05,-0.1,-12.14,-12.46,-0.64,192.0,TESTR,AKR-TESTR-<MAC6>,0.0,1.0,0.0,100.0
50920,1,walk,walk,7880,,7880.0,20.0,1.0,0.0,1.0,-10.22,-0.207,-0.352,0.0,35.0,28.14,0.0,15.0,2160.0,10.0,-6.06,-0.11,-1.05,-0.09,-12.38,-12.44,-0.28,192.0,TESTR,AKR-TESTR-<MAC6>,0.0,1.0,0.0,100.0
50920,1,walk,walk,7881,,7881.0,20.0,1.0,0.0,1.0,-10.16,-0.212,-0.379,0.0,35.0,28.18,0.0,15.0,2160.0,10.0,-6.32,-0.12,-1.06,-0.08,-12.63,-12.07,0.57,192.0,TESTR,AKR-TESTR-<MAC6>,0.0,1.0,0.0,100.0
50940,1,walk,walk,7882,,7882.0,20.0,1.0,0.0,1.0,-10.09,-0.216,-0.084,0.0,35.0,28.18,0.0,15.0,2160.0,10.0,-6.57,-0.12,-1.06,-0.08,-12.91,-11.46,1.71,192.0,TESTR,AKR-TESTR-<MAC6>,0.0,1.0,0.0,100.0
51000,1,walk,walk,7883,,7883.0,20.0,1.0,0.0,1.0,-10.02,-0.216,0.148,0.0,35.0,28.18,0.0,15.0,2160.0,10.0,-6.89,-0.13,-1.05,-0.08,-13.21,-10.68,2.82,192.0,TESTR,AKR-TESTR-<MAC6>,0.0,1.0,0.0,100.0
51000,1,walk,walk,7884,,7884.0,20.0,1.0,0.0,1.0,-9.93,-0.213,0.348,0.0,35.0,28.18,0.0,15.0,2160.0,10.0,-7.31,-0.13,-1.05,-0.09,-13.47,-9.77,3.56,192.0,TESTR,AKR-TESTR-<MAC6>,0.0,1.0,0.0,100.0
51000,1,walk,walk,7885,,7885.0,20.0,1.0,0.0,1.0,-9.85,-0.204,0.641,0.0,35.0,28.18,0.0,15.0,2160.0,10.0,-7.8,-0.14,-1.04,-0.09,-13.62,-8.82,3.73,192.0,TESTR,AKR-TESTR-<MAC6>,0.0,1.0,0.0,100.0
51040,1,walk,walk,7886,,7886.0,20.0,1.0,0.0,1.0,-9.77,-0.196,0.585,0.0,35.0,28.18,0.0,15.0,2160.0,10.0,-8.32,-0.15,-1.03,-0.1,-13.63,-7.86,3.27,192.0,TESTR,AKR-TESTR-<MAC6>,0.0,1.0,0.0,100.0
51040,1,walk,walk,7887,,7887.0,20.0,1.0,0.0,1.0,-9.7,-0.187,0.551,0.0,35.0,28.18,0.0,15.0,2160.0,10.0,-8.81,-0.16,-1.03,-0.11,-13.49,-6.92,2.24,192.0,TESTR,AKR-TESTR-<MAC6>,0.0,1.0,0.0,100.0
51060,1,walk,walk,7888,,7888.0,20.0,1.0,0.0,1.0,-9.63,-0.179,0.425,0.0,35.0,28.18,0.0,15.0,2160.0,10.0,-9.25,-0.17,-1.02,-0.12,-13.19,-6.01,0.78,192.0,TESTR,AKR-TESTR-<MAC6>,0.0,1.0,0.0,100.0
51100,1,walk,walk,7889,,7889.0,20.0,0.0,0.0,1.0,-9.58,-0.173,0.461,0.0,35.0,28.18,0.0,14.0,2160.0,10.0,-9.61,-0.17,-1.02,-0.13,-12.74,-5.15,-0.99,192.0,TESTR,AKR-TESTR-<MAC6>,0.0,1.0,0.0,100.0
51100,1,walk,walk,7890,,7890.0,20.0,0.0,0.0,1.0,-9.53,-0.163,0.707,0.0,35.0,28.18,0.0,14.0,2160.0,10.0,-9.87,-0.18,-1.01,-0.14,-12.13,-4.36,-2.94,192.0,TESTR,AKR-TESTR-<MAC6>,0.0,1.0,0.0,100.0
51140,1,walk,walk,7891,,7891.0,20.0,0.0,0.0,1.0,-9.49,-0.154,0.483,0.0,35.0,28.18,0.0,14.0,2160.0,10.0,-10.03,-0.18,-1.0,-0.15,-11.38,-3.64,-4.98,192.0,TESTR,AKR-TESTR-<MAC6>,0.0,1.0,0.0,100.0
51160,1,walk,walk,7892,,7892.0,20.0,0.0,0.0,1.0,-9.45,-0.149,0.395,0.0,35.0,28.18,0.0,14.0,2160.0,10.0,-10.1,-0.18,-1.0,-0.16,-10.52,-2.99,-6.99,192.0,TESTR,AKR-TESTR-<MAC6>,0.0,1.0,0.0,100.0
51160,1,walk,walk,7893,,7893.0,20.0,0.0,0.0,1.0,-9.42,-0.14,0.602,0.0,35.0,28.18,0.0,14.0,2160.0,10.0,-10.09,-0.18,-1.0,-0.16,-9.59,-2.43,-8.9,192.0,TESTR,AKR-TESTR-<MAC6>,0.0,1.0,0.0,100.0
51180,1,walk,walk,7894,,7894.0,20.0,0.0,0.0,1.0,-9.38,-0.131,0.512,0.0,35.0,28.18,0.0,14.0,2160.0,10.0,-10.02,-0.18,-0.99,-0.17,-8.63,-1.97,-10.69,192.0,TESTR,AKR-TESTR-<MAC6>,0.0,1.0,0.0,100.0
51220,1,walk,walk,7895,,7895.0,20.0,0.0,0.0,1.0,-9.34,-0.125,0.484,0.0,35.0,28.18,0.0,14.0,2160.0,10.0,-9.9,-0.17,-0.99,-0.18,-7.66,-1.58,-12.35,192.0,TESTR,AKR-TESTR-<MAC6>,0.0,1.0,0.0,100.0
51240,1,walk,walk,7896,,7896.0,20.0,0.0,0.0,1.0,-9.3,-0.115,0.743,0.0,35.0,28.18,0.0,14.0,2160.0,10.0,-9.74,-0.17,-0.99,-0.18,-6.7,-1.26,-13.89,192.0,TESTR,AKR-TESTR-<MAC6>,0.0,1.0,0.0,100.0
51240,1,walk,walk,7897,,7897.0,20.0,0.0,0.0,1.0,-9.24,-0.105,0.547,0.0,35.0,28.18,0.0,14.0,2160.0,10.0,-9.55,-0.17,-0.99,-0.19,-5.73,-1.02,-15.38,192.0,TESTR,AKR-TESTR-<MAC6>,0.0,1.0,0.0,100.0
51280,1,walk,walk,7898,,7898.0,20.0,0.0,0.0,1.0,-9.17,-0.097,0.418,0.0,35.0,28.14,0.0,14.0,2160.0,10.0,-9.33,-0.16,-0.99,-0.19,-4.72,-0.84,-16.82,192.0,TESTR,AKR-TESTR-<MAC6>,0.0,1.0,0.0,100.0
51300,1,walk,walk,7899,,7899.0,20.0,0.0,0.0,1.0,-9.09,-0.088,0.596,0.0,35.0,28.18,0.0,14.0,2160.0,10.0,-9.07,-0.16,-0.99,-0.19,-3.65,-0.73,-18.24,192.0,TESTR,AKR-TESTR-<MAC6>,0.0,1.0,0.0,100.0
51320,1,walk,walk,7900,,7900.0,20.0,0.0,0.0,1.0,-8.98,-0.079,0.616,0.0,35.0,28.18,0.0,14.0,2160.0,10.0,-8.78,-0.15,-0.99,-0.2,-2.49,-0.7,-19.65,192.0,TESTR,AKR-TESTR-<MAC6>,0.0,1.0,0.0,100.0
51340,1,walk,walk,7901,,7901.0,20.0,0.0,0.0,1.0,-8.86,-0.07,0.476,0.0,35.0,28.18,0.0,14.0,2160.0,10.0,-8.47,-0.15,-0.99,-0.2,-1.22,-0.73,-21.07,192.0,TESTR,AKR-TESTR-<MAC6>,0.0,1.0,0.0,100.0
51340,1,walk,walk,7902,,7902.0,20.0,0.0,0.0,1.0,-8.72,-0.06,0.71,0.0,35.0,28.18,0.0,14.0,2160.0,10.0,-8.13,-0.14,-0.99,-0.2,0.17,-0.76,-22.54,192.0,TESTR,AKR-TESTR-<MAC6>,0.0,1.0,0.0,100.0
51360,1,walk,walk,7903,,7903.0,20.0,0.0,0.0,1.0,-8.56,-0.046,1.023,0.0,35.0,28.14,0.0,14.0,2160.0,10.0,-7.78,-0.14,-0.99,-0.21,1.67,-0.8,-24.18,192.0,TESTR,AKR-TESTR-<MAC6>,0.0,1.0,0.0,100.0
51400,1,walk,walk,7904,,7904.0,20.0,0.0,0.0,1.0,-8.37,-0.031,1.201,0.0,35.0,28.18,0.0,14.0,2160.0,10.0,-7.41,-0.13,-0.99,-0.21,3.27,-0.86,-26.05,192.0,TESTR,AKR-TESTR-<MAC6>,0.0,1.0,0.0,100.0
51400,1,walk,walk,7905,,7905.0,20.0,0.0,0.0,1.0,-8.15,-0.014,1.063,0.0,35.0,28.18,0.0,14.0,2160.0,10.0,-7.04,-0.12,-0.99,-0.21,4.9,-0.96,-28.23,192.0,TESTR,AKR-TESTR-<MAC6>,0.0,1.0,0.0,100.0
51420,1,walk,walk,7906,,7906.0,20.0,0.0,0.0,1.0,-7.91,-0.001,0.536,0.0,35.0,28.18,0.0,14.0,2160.0,10.0,-6.69,-0.12,-1.0,-0.2,6.46,-1.07,-30.7,192.0,TESTR,AKR-TESTR-<MAC6>,0.0,1.0,0.0,100.0
51480,1,walk,walk,7907,,7907.0,20.0,0.0,0.0,1.0,-7.65,0.0,-0.054,0.0,35.0,28.18,0.0,14.0,2160.0,10.0,-6.39,-0.11,-1.0,-0.2,7.89,-1.22,-33.34,192.0,TESTR,AKR-TESTR-<MAC6>,0.0,1.0,0.0,100.0
51480,1,walk,walk,7908,,7908.0,20.0,0.0,6.0,2.0,-7.35,-0.004,-0.314,0.0,35.0,28.18,0.0,14.0,2160.0,10.0,-6.15,-0.11,-1.01,-0.2,9.15,-1.5,-36.01,192.0,TESTR,AKR-TESTR-<MAC6>,0.0,1.0,0.0,100.0
51480,1,walk,walk,7909,,7909.0,20.0,0.0,6.0,2.0,-7.03,-0.009,-0.785,0.126,35.0,28.14,0.0,18.0,2160.0,10.0,-5.96,-0.11,-1.02,-0.19,10.24,-2.08,-38.59,192.0,TESTR,AKR-TESTR-<MAC6>,0.0,1.0,0.0,100.0
51520,1,walk,walk,7910,,7910.0,20.0,0.0,6.0,2.0,-6.68,-0.008,0.058,0.804,35.0,28.14,0.0,18.0,2160.0,10.0,-5.92,-0.11,-1.03,-0.18,11.12,-2.83,-40.83,192.0,TESTR,AKR-TESTR-<MAC6>,0.0,1.0,0.0,100.0
51520,1,walk,walk,7911,,7911.0,20.0,0.0,6.0,2.0,-6.29,-0.008,0.131,0.832,35.0,28.14,0.0,18.0,2160.0,10.0,-6.14,-0.11,-1.03,-0.18,11.74,-3.51,-42.17,192.0,TESTR,AKR-TESTR-<MAC6>,0.0,1.0,0.0,100.0
51540,1,walk,walk,7912,,7912.0,20.0,0.0,6.0,2.0,-5.87,-0.007,0.056,0.691,35.0,28.14,0.0,18.0,2160.0,10.0,-6.75,-0.12,-1.04,-0.17,12.09,-3.98,-41.94,192.0,TESTR,AKR-TESTR-<MAC6>,0.0,1.0,0.0,100.0
51580,1,walk,walk,7913,,7913.0,20.0,0.0,6.0,2.0,-5.42,-0.006,0.1,0.59,35.0,28.14,0.0,18.0,2160.0,10.0,-7.76,-0.14,-1.04,-0.16,12.21,-4.26,-39.71,192.0,TESTR,AKR-TESTR-<MAC6>,0.0,1.0,0.0,100.0
51580,1,walk,walk,7914,,7914.0,20.0,1.0,6.0,2.0,-4.95,-0.006,-0.001,0.576,35.0,28.14,0.0,19.0,2160.0,10.0,-9.12,-0.17,-1.05,-0.15,12.19,-4.58,-35.43,192.0,TESTR,AKR-TESTR-<MAC6>,0.0,1.0,0.0,100.0
51620,1,walk,walk,7915,,7915.0,20.0,1.0,6.0,2.0,-4.44,-0.005,0.006,0.535,35.0,28.14,0.0,19.0,2160.0,10.0,-10.65,-0.2,-1.05,-0.15,12.12,-5.27,-29.37,192.0,TESTR,AKR-TESTR-<MAC6>,0.0,1.0,0.0,100.0
51640,1,walk,walk,7916,,7916.0,20.0,1.0,0.0,5.0,-3.93,-0.005,-0.058,0.473,35.0,28.14,0.0,19.0,2160.0,10.0,-12.17,-0.23,-1.06,-0.15,12.09,-6.63,-22.07,192.0,TESTR,AKR-TESTR-<MAC6>,0.0,1.0,0.0,100.0
51660,1,walk,walk,7917,,7917.0,20.0,0.0,0.0,5.0,-3.4,-0.005,-0.058,0.473,35.0,28.14,0.0,38.0,2160.0,10.0,-13.49,-0.26,-1.06,-0.15,12.1,-8.82,-14.07,192.0,TESTR,AKR-TESTR-<MAC6>,0.0,1.0,0.0,100.0
51660,1,walk,walk,7918,,7918.0,20.0,0.0,0.0,5.0,-2.89,-0.012,-1.953,0.0,35.0,28.21,0.0,12.0,2160.0,10.0,-14.5,-0.28,-1.07,-0.15,12.18,-11.85,-5.92,192.0,TESTR,AKR-TESTR-<MAC6>,0.0,1.0,0.0,100.0
51700,1,walk,walk,7919,,7919.0,20.0,0.0,0.0,6.0,-2.39,-0.015,0.042,0.0,35.0,28.18,0.0,12.0,2160.0,10.0,-15.1,-0.29,-1.07,-0.15,12.32,-15.61,1.9,192.0,TESTR,AKR-TESTR-<MAC6>,0.0,1.0,0.0,100.0
51700,1,walk,walk,7920,,7920.0,20.0,0.0,0.0,6.0,-1.93,-0.014,0.03,0.0,35.0,28.18,0.0,12.0,2160.0,10.0,-15.27,-0.29,-1.07,-0.16,12.51,-19.81,9.06,192.0,TESTR,AKR-TESTR-<MAC6>,0.0,1.0,0.0,100.0
51720,1,walk,walk,7921,,7921.0,20.0,0.0,0.0,6.0,-1.51,-0.014,0.011,0.0,35.0,28.14,0.0,12.0,2160.0,10.0,-15.01,-0.29,-1.07,-0.16,12.67,-24.07,15.37,192.0,TESTR,AKR-TESTR-<MAC6>,0.0,1.0,0.0,100.0
51760,1,walk,walk,7922,,7922.0,20.0,0.0,0.0,6.0,-1.16,-0.014,-0.001,0.0,35.0,28.18,0.0,12.0,2160.0,10.0,-14.38,-0.27,-1.07,-0.17,12.74,-27.91,20.8,192.0,TESTR,AKR-TESTR-<MAC6>,0.0,1.0,0.0,100.0
51780,1,walk,walk,7923,,7923.0,20.0,0.0,0.0,6.0,-0.88,-0.014,0.097,0.0,35.0,28.14,0.0,12.0,2160.0,10.0,-13.43,-0.25,-1.07,-0.18,12.63,-30.93,25.45,193.0,TESTR,AKR-TESTR-<MAC6>,0.0,1.0,0.0,100.0
51820,1,walk,walk,7924,,7924.0,20.0,0.0,0.0,6.0,-0.67,-0.014,0.105,0.0,35.0,28.14,0.0,12.0,2160.0,10.0,-12.24,-0.23,-1.06,-0.19,12.28,-32.82,29.44,193.0,TESTR,AKR-TESTR-<MAC6>,0.0,1.0,0.0,100.0
51820,1,walk,walk,7925,,7925.0,20.0,0.0,0.0,6.0,-0.56,-0.013,0.013,0.0,35.0,28.14,0.0,12.0,2160.0,10.0,-10.88,-0.2,-1.05,-0.2,11.65,-33.45,32.91,193.0,TESTR,AKR-TESTR-<MAC6>,0.0,1.0,0.0,100.0
51880,1,walk,walk,7926,,7926.0,20.0,0.0,0.0,6.0,-0.53,-0.013,0.045,0.0,35.0,28.18,0.0,12.0,2160.0,10.0,-9.4,-0.17,-1.04,-0.21,10.71,-32.87,35.95,193.0,TESTR,AKR-TESTR-<MAC6>,0.0,1.0,0.0,100.0
51880,1,walk,walk,7927,,7927.0,20.0,0.0,0.0,6.0,-0.59,-0.012,0.076,0.0,35.0,28.14,0.0,12.0,2160.0,10.0,-7.86,-0.14,-1.03,-0.21,9.47,-31.22,38.58,193.0,TESTR,AKR-TESTR-<MAC6>,0.0,1.0,0.0,100.0
51880,1,walk,walk,7928,,7928.0,20.0,0.0,0.0,6.0,-0.74,-0.013,0.005,0.0,35.0,28.18,0.0,12.0,2160.0,10.0,-6.29,-0.11,-1.01,-0.22,7.93,-28.77,40.78,193.0,TESTR,AKR-TESTR-<MAC6>,0.0,1.0,0.0,100.0
51900,1,walk,walk,7929,,7929.0,20.0,0.0,0.0,6.0,-0.96,-0.012,0.076,0.0,35.0,28.18,0.0,12.0,2160.0,10.0,-4.73,-0.08,-1.0,-0.23,6.14,-25.81,42.48,193.0,TESTR,AKR-TESTR-<MAC6>,0.0,1.0,0.0,100.0
51920,1,walk,walk,7930,,7930.0,20.0,0.0,0.0,6.0,-1.27,-0.013,0.028,0.0,35.0,28.14,0.0,12.0,2160.0,10.0,-3.2,-0.06,-0.98,-0.23,4.12,-22.58,43.58,193.0,TESTR,AKR-TESTR-<MAC6>,0.0,1.0,0.0,100.0
51940,1,walk,walk,7931,,7931.0,20.0,0.0,0.0,6.0,-1.65,-0.013,-0.002,0.0,35.0,28.14,0.0,12.0,2160.0,10.0,-1.74,-0.03,-0.97,-0.24,1.9,-19.3,43.99,193.0,TESTR,AKR-TESTR-<MAC6>,0.0,1.0,0.0,100.0
51980,1,walk,walk,7932,,7932.0,20.0,0.0,0.0,7.0,-2.09,-0.013,-0.068,0.0,35.0,28.18,0.0,12.0,2160.0,10.0,-0.36,-0.01,-0.96,-0.24,-0.47,-16.1,43.66,193.0,TESTR,AKR-TESTR-<MAC6>,0.0,1.0,0.0,100.0
51980,1,walk,walk,7933,,7933.0,20.0,0.0,0.0,7.0,-2.58,-0.013,-0.017,0.0,35.0,28.14,0.0,12.0,2160.0,10.0,0.89,0.01,-0.95,-0.24,-2.92,-13.07,42.56,193.0,TESTR,AKR-TESTR-<MAC6>,0.0,1.0,0.0,100.0
52000,1,walk,walk,7934,,7934.0,20.0,0.0,0.0,7.0,-3.12,-0.013,0.026,0.0,35.0,28.18,0.0,12.0,2160.0,10.0,1.99,0.03,-0.94,-0.24,-5.39,-10.31,40.74,193.0,TESTR,AKR-TESTR-<MAC6>,0.0,1.0,0.0,100.0
52020,1,walk,walk,7935,,7935.0,20.0,0.0,0.0,7.0,-3.69,-0.013,-0.046,0.0,35.0,28.18,0.0,12.0,2160.0,10.0,2.9,0.05,-0.93,-0.24,-7.79,-7.88,38.25,193.0,TESTR,AKR-TESTR-<MAC6>,0.0,1.0,0.0,100.0
52040,1,walk,walk,7936,,7936.0,20.0,0.0,0.0,7.0,-4.29,-0.014,-0.038,0.0,35.0,28.14,0.0,12.0,2160.0,10.0,3.58,0.06,-0.92,-0.24,-10.05,-5.89,35.19,193.0,TESTR,AKR-TESTR-<MAC6>,0.0,1.0,0.0,100.0
52060,1,walk,walk,7937,,7937.0,20.0,0.0,0.0,7.0,-4.9,-0.015,-0.103,0.0,35.0,28.18,0.0,12.0,2160.0,10.0,4.04,0.06,-0.92,-0.23,-12.11,-4.38,31.67,193.0,TESTR,AKR-TESTR-<MAC6>,0.0,1.0,0.0,100.0
52060,1,walk,walk,7938,,7938.0,20.0,0.0,0.0,7.0,-5.52,-0.021,-0.659,0.0,35.0,28.14,0.0,12.0,2160.0,10.0,4.28,0.07,-0.91,-0.23,-13.96,-3.43,27.85,193.0,TESTR,AKR-TESTR-<MAC6>,0.0,1.0,0.0,100.0
52100,1,walk,walk,7939,,7939.0,20.0,0.0,0.0,7.0,-6.12,-0.029,-0.336,0.0,35.0,28.18,0.0,12.0,2160.0,10.0,4.3,0.07,-0.91,-0.22,-15.57,-3.06,23.81,193.0,TESTR,AKR-TESTR-<MAC6>,0.0,1.0,0.0,100.0
52120,1,walk,walk,7940,,7940.0,20.0,0.0,0.0,7.0,-6.72,-0.033,-0.35,0.0,35.0,28.14,0.0,12.0,2160.0,10.0,4.16,0.07,-0.91,-0.22,-16.97,-3.23,19.64,193.0,TESTR,AKR-TESTR-<MAC6>,0.0,1.0,0.0,100.0
52120,1,walk,walk,7941,,7941.0,20.0,0.0,0.0,7.0,-7.28,-0.042,-0.961,0.0,35.0,28.18,0.0,12.0,2160.0,10.0,3.87,0.06,-0.91,-0.21,-18.18,-3.85,15.49,193.0,TESTR,AKR-TESTR-<MAC6>,0.0,1.0,0.0,100.0
52140,1,walk,walk,7942,,7942.0,20.0,0.0,0.0,7.0,-7.82,-0.056,-0.789,0.0,35.0,28.14,0.0,12.0,2160.0,10.0,3.48,0.06,-0.91,-0.21,-19.19,-4.86,11.43,193.0,TESTR,AKR-TESTR-<MAC6>,0.0,1.0,0.0,100.0
52180,1,walk,walk,7943,,7943.0,20.0,0.0,0.0,7.0,-8.31,-0.065,-0.511,0.0,35.0,28.14,0.0,12.0,2160.0,10.0,3.01,0.05,-0.92,-0.2,-20.04,-6.2,7.52,193.0,TESTR,AKR-TESTR-<MAC6>,0.0,1.0,0.0,100.0
52180,1,walk,walk,7944,,7944.0,20.0,0.0,0.0,7.0,-8.76,-0.074,-0.71,0.0,35.0,28.18,0.0,12.0,2160.0,10.0,2.49,0.04,-0.92,-0.2,-20.73,-7.72,3.84,193.0,TESTR,AKR-TESTR-<MAC6>,0.0,1.0,0.0,100.0
52200,1,walk,walk,7945,,7945.0,20.0,0.0,0.0,1.0,-9.16,-0.085,-0.664,0.0,35.0,28.18,0.0,12.0,2160.0,10.0,1.91,0.03,-0.92,-0.19,-21.22,-9.31,0.5,193.0,TESTR,AKR-TESTR-<MAC6>,0.0,1.0,0.0,100.0
52240,1,walk,walk,7946,,7946.0,20.0,0.0,0.0,1.0,-9.51,-0.096,-1.236,0.0,35.0,28.18,0.0,12.0,2160.0,10.0,0.98,0.02,-0.93,-0.19,-21.18,-11.46,-2.05,193.0,TESTR,AKR-TESTR-<MAC6>,0.0,1.0,0.0,100.0
52260,1,walk,walk,7947,,7947.0,20.0,0.0,0.0,1.0,-9.8,-0.146,-4.636,0.0,35.0,28.18,0.0,12.0,2160.0,10.0,-0.44,-0.01,-0.95,-0.18,-20.54,-14.12,-3.47,193.0,TESTR,AKR-TESTR-<MAC6>,0.0,1.0,0.0,100.0
52280,1,walk,walk,7948,,7948.0,20.0,0.0,0.0,1.0,-10.03,-0.213,-4.005,0.0,35.0,28.18,0.0,12.0,2160.0,10.0,-2.19,-0.04,-0.97,-0.18,-19.4,-16.96,-3.81,193.0,TESTR,AKR-TESTR-<MAC6>,0.0,1.0,0.0,100.0
52300,1,walk,walk,7949,,7949.0,20.0,0.0,0.0,1.0,-10.21,-0.258,-1.945,0.0,35.0,28.18,0.0,12.0,2160.0,10.0,-3.95,-0.07,-0.98,-0.17,-17.92,-19.61,-3.26,193.0,TESTR,AKR-TESTR-<MAC6>,0.0,1.0,0.0,100.0
52300,1,walk,walk,7950,,7950.0,20.0,0.0,0.0,1.0,-10.33,-0.261,0.336,0.0,35.0,28.18,0.0,12.0,2160.0,10.0,-5.51,-0.1,-1.0,-0.15,-16.32,-21.67,-2.28,193.0,TESTR,AKR-TESTR-<MAC6>,0.0,1.0,0.0,100.0
52320,1,walk,walk,7951,,7951.0,20.0,0.0,0.0,1.0,-10.41,-0.256,0.357,0.0,35.0,28.18,0.0,12.0,2160.0,10.0,-6.77,-0.12,-1.02,-0.14,-14.72,-23.02,-1.38,193.0,TESTR,AKR-TESTR-<MAC6>,0.0,1.0,0.0,100.0
52360,1,walk,walk,7952,,7952.0,20.0,0.0,0.0,1.0,-10.45,-0.247,0.883,0.0,35.0,28.14,0.0,12.0,2160.0,10.0,-7.68,-0.14,-1.03,-0.13,-13.21,-23.66,-0.91,193.0,TESTR,AKR-TESTR-<MAC6>,0.0,1.0,0.0,100.0
52360,1,walk,walk,7953,,7953.0,20.0,0.0,0.0,1.0,-10.46,-0.236,0.468,0.0,35.0,28.18,0.0,12.0,2160.0,10.0,-8.3,-0.15,-1.05,-0.12,-11.85,-23.65,-1.03,193.0,TESTR,AKR-TESTR-<MAC6>,0.0,1.0,0.0,100.0
52400,1,walk,walk,7954,,7954.0,20.0,0.0,0.0,1.0,-10.44,-0.232,0.16,0.0,35.0,28.18,0.0,12.0,2160.0,10.0,-8.68,-0.16,-1.06,-0.11,-10.67,-23.07,-1.65,193.0,TESTR,AKR-TESTR-<MAC6>,0.0,1.0,0.0,100.0
52420,1,walk,walk,7955,,7955.0,20.0,0.0,0.0,1.0,-10.4,-0.231,0.018,0.0,35.0,28.18,0.0,12.0,2160.0,10.0,-8.87,-0.17,-1.06,-0.11,-9.67,-22.04,-2.55,193.0,TESTR,AKR-TESTR-<MAC6>,0.0,1.0,0.0,100.0
52460,1,walk,walk,7956,,7956.0,20.0,0.0,0.0,1.0,-10.34,-0.231,0.026,0.0,35.0,28.18,0.0,12.0,2160.0,10.0,-8.93,-0.17,-1.06,-0.11,-8.83,-20.68,-3.45,193.0,TESTR,AKR-TESTR-<MAC6>,0.0,1.0,0.0,100.0
52460,1,walk,walk,7957,,7957.0,20.0,0.0,0.0,1.0,-10.28,-0.231,-0.091,0.0,35.0,28.18,0.0,12.0,2160.0,10.0,-8.91,-0.17,-1.06,-0.11,-8.14,-19.07,-4.11,193.0,TESTR,AKR-TESTR-<MAC6>,0.0,1.0,0.0,100.0
52480,1,walk,walk,7958,,7958.0,20.0,0.0,0.0,1.0,-10.2,-0.231,-0.053,0.0,35.0,28.14,0.0,12.0,2160.0,10.0,-8.88,-0.17,-1.06,-0.11,-7.59,-17.29,-4.42,193.0,TESTR,AKR-TESTR-<MAC6>,0.0,1.0,0.0,100.0
52480,1,walk,walk,7959,,7959.0,20.0,0.0,0.0,1.0,-10.12,-0.23,0.144,0.0,35.0,28.18,0.0,12.0,2160.0,10.0,-8.89,-0.16,-1.05,-0.12,-7.14,-15.42,-4.36,193.0,TESTR,AKR-TESTR-<MAC6>,0.0,1.0,0.0,100.0
52500,1,walk,walk,7960,,7960.0,20.0,0.0,0.0,1.0,-10.04,-0.224,0.665,0.0,35.0,28.18,0.0,12.0,2160.0,10.0,-8.99,-0.17,-1.05,-0.13,-6.77,-13.55,-4.14,193.0,TESTR,AKR-TESTR-<MAC6>,0.0,1.0,0.0,100.0
52540,1,walk,walk,7961,,7961.0,20.0,0.0,0.0,1.0,-9.95,-0.211,0.997,0.0,35.0,28.14,0.0,12.0,2160.0,10.0,-9.2,-0.17,-1.04,-0.14,-6.45,-11.79,-4.06,193.0,TESTR,AKR-TESTR-<MAC6>,0.0,1.0,0.0,100.0
52540,1,walk,walk,7962,,7962.0,20.0,0.0,0.0,1.0,-9.86,-0.198,0.852,0.0,35.0,28.18,0.0,12.0,2160.0,10.0,-9.49,-0.17,-1.03,-0.15,-6.15,-10.18,-4.39,193.0,TESTR,AKR-TESTR-<MAC6>,0.0,1.0,0.0,100.0
52560,1,walk,walk,7963,,7963.0,20.0,0.0,0.0,1.0,-9.78,-0.184,0.907,0.0,35.0,28.18,0.0,12.0,2160.0,10.0,-9.83,-0.18,-1.02,-0.16,-5.83,-8.76,-5.27,193.0,TESTR,AKR-TESTR-<MAC6>,0.0,1.0,0.0,100.0
52620,1,walk,walk,7964,,7964.0,20.0,0.0,0.0,1.0,-9.69,-0.174,0.543,0.0,35.0,28.18,0.0,12.0,2160.0,10.0,-10.15,-0.18,-1.02,-0.17,-5.46,-7.52,-6.66,193.0,TESTR,AKR-TESTR-<MAC6>,0.0,1.0,0.0,100.0
52620,1,walk,walk,7965,,7965.0,20.0,0.0,0.0,1.0,-9.6,-0.164,0.716,0.0,35.0,28.18,0.0,12.0,2160.0,10.0,-10.43,-0.19,-1.01,-0.18,-4.99,-6.44,-8.47,193.0,TESTR,AKR-TESTR-<MAC6>,0.0,1.0,0.0,100.0
52620,1,walk,walk,7966,,7966.0,20.0,0.0,0.0,1.0,-9.51,-0.154,0.561,0.0,35.0,28.18,0.0,12.0,2160.0,10.0,-10.62,-0.19,-1.0,-0.19,-4.38,-5.52,-10.55,193.0,TESTR,AKR-TESTR-<MAC6>,0.0,1.0,0.0,100.0
52660,1,walk,walk,7967,,7967.0,20.0,0.0,0.0,1.0,-9.42,-0.146,0.63,0.0,34.0,28.18,0.0,12.0,2160.0,10.0,-10.7,-0.19,-1.0,-0.19,-3.65,-4.74,-12.73,193.0,TESTR,AKR-TESTR-<MAC6>,0.0,1.0,0.0,100.0
52660,1,walk,walk,7968,,7968.0,20.0,0.0,0.0,1.0,-9.32,-0.135,0.739,0.0,34.0,28.18,0.0,12.0,2160.0,10.0,-10.69,-0.19,-0.99,-0.2,-2.84,-4.11,-14.9,193.0,TESTR,AKR-TESTR-<MAC6>,0.0,1.0,0.0,100.0
52680,1,walk,walk,7969,,7969.0,20.0,0.0,0.0,1.0,-9.22,-0.127,0.483,0.0,34.0,28.18,0.0,12.0,2160.0,10.0,-10.57,-0.18,-0.99,-0.21,-1.99,-3.6,-16.92,193.0,TESTR,AKR-TESTR-<MAC6>,0.0,1.0,0.0,100.0
52720,1,walk,walk,7970,,7970.0,20.0,0.0,0.0,1.0,-9.11,-0.12,0.528,0.0,34.0,28.18,0.0,12.0,2160.0,10.0,-10.36,-0.18,-0.99,-0.21,-1.14,-3.21,-18.72,193.0,TESTR,AKR-TESTR-<MAC6>,0.0,1.0,0.0,100.0
52740,1,walk,walk,7971,,7971.0,20.0,0.0,6.0,2.0,-8.99,-0.111,0.672,0.0,34.0,28.18,0.0,12.0,2160.0,10.0,-10.08,-0.18,-0.98,-0.21,-0.29,-2.92,-20.26,194.0,TESTR,AKR-TESTR-<MAC6>,0.0,1.0,0.0,100.0
52760,1,walk,walk,7972,,7972.0,20.0,0.0,6.0,2.0,-8.86,-0.105,0.702,-0.109,34.0,28.14,0.0,18.0,2160.0,10.0,-9.75,-0.17,-0.98,-0.22,0.53,-3.16,-21.72,194.0,TESTR,AKR-TESTR-<MAC6>,0.0,1.0,0.0,100.0
52780,1,walk,walk,7973,,7973.0,20.0,0.0,6.0,2.0,-8.71,-0.071,2.376,1.62,34.0,28.04,0.0,18.0,2160.0,10.0,-9.4,-0.16,-0.98,-0.22,1.32,-4.06,-23.41,194.0,TESTR,AKR-TESTR-<MAC6>,0.0,1.0,0.0,100.0
52780,1,walk,walk,7974,,7974.0,20.0,1.0,6.0,2.0,-8.54,-0.043,1.413,2.09,34.0,28.04,0.0,19.0,2160.0,10.0,-9.01,-0.16,-0.98,-0.22,2.1,-5.39,-25.36,194.0,TESTR,AKR-TESTR-<MAC6>,0.0,1.0,0.0,100.0
52800,1,walk,walk,7975,,7975.0,20.0,1.0,6.0,2.0,-8.35,-0.03,0.629,2.069,34.0,28.04,0.0,19.0,2160.0,10.0,-8.58,-0.15,-0.98,-0.22,2.86,-6.81,-27.43,194.0,TESTR,AKR-TESTR-<MAC6>,0.0,1.0,0.0,100.0
52840,1,walk,walk,7976,,7976.0,20.0,1.0,6.0,2.0,-8.14,-0.021,0.519,1.802,34.0,28.07,0.0,19.0,2160.0,10.0,-8.09,-0.14,-0.98,-0.22,3.61,-8.02,-29.4,194.0,TESTR,AKR-TESTR-<MAC6>,0.0,1.0,0.0,100.0
52840,1,walk,walk,7977,,7977.0,20.0,0.0,6.0,2.0,-7.91,-0.015,0.312,1.449,34.0,28.11,0.0,18.0,2160.0,10.0,-7.54,-0.13,-0.98,-0.22,4.37,-8.84,-31.1,194.0,TESTR,AKR-TESTR-<MAC6>,0.0,1.0,0.0,100.0
52860,1,walk,walk,7978,,7978.0,20.0,1.0,6.0,2.0,-7.65,-0.01,0.316,0.904,34.0,28.14,0.0,19.0,2160.0,10.0,-6.94,-0.12,-0.98,-0.22,5.1,-9.16,-32.4,194.0,TESTR,AKR-TESTR-<MAC6>,0.0,1.0,0.0,100.0
52920,1,walk,walk,7979,,7979.0,20.0,1.0,6.0,2.0,-7.36,-0.006,0.238,0.481,34.0,28.14,0.0,19.0,2160.0,10.0,-6.3,-0.11,-0.98,-0.22,5.8,-9.01,-33.22,194.0,TESTR,AKR-TESTR-<MAC6>,0.0,1.0,0.0,100.0
52960,1,walk,walk,7980,,7980.0,20.0,1.0,6.0,2.0,-7.05,-0.004,0.214,0.114,34.0,28.14,0.0,19.0,2160.0,10.0,-5.63,-0.1,-0.98,-0.21,6.46,-8.46,-33.58,194.0,TESTR,AKR-TESTR-<MAC6>,0.0,1.0,0.0,100.0
52960,1,walk,walk,7981,,7981.0,20.0,1.0,6.0,2.0,-6.71,-0.002,0.123,-0.044,34.0,28.14,0.0,19.0,2160.0,10.0,-4.96,-0.09,-0.98,-0.21,7.09,-7.65,-33.5,194.0,TESTR,AKR-TESTR-<MAC6>,0.0,1.0,0.0,100.0
52960,1,walk,walk,7982,,7982.0,20.0,1.0,6.0,2.0,-6.34,0.0,0.045,-0.285,34.0,28.14,0.0,19.0,2160.0,10.0,-4.29,-0.07,-0.98,-0.21,7.71,-6.66,-33.07,194.0,TESTR,AKR-TESTR-<MAC6>,0.0,1.0,0.0,100.0
52980,1,walk,walk,7983,,7983.0,20.0,1.0,6.0,2.0,-5.94,0.002,0.107,-0.46,34.0,28.14,0.0,19.0,2160.0,10.0,-3.64,-0.06,-0.99,-0.21,8.34,-5.57,-32.38,194.0,TESTR,AKR-TESTR-<MAC6>,0.0,1.0,0.0,100.0
52980,1,walk,walk,7984,,7984.0,20.0,1.0,6.0,2.0,-5.52,0.003,0.101,-0.574,34.0,28.14,0.0,19.0,2160.0,10.0,-3.01,-0.05,-0.99,-0.2,9.0,-4.42,-31.51,194.0,TESTR,AKR-TESTR-<MAC6>,0.0,1.0,0.0,100.0
53020,1,walk,walk,7985,,7985.0,20.0,1.0,6.0,2.0,-5.07,0.004,0.093,-0.833,34.0,28.14,0.0,19.0,2160.0,10.0,-2.4,-0.04,-0.99,-0.2,9.67,-3.28,-30.56,194.0,TESTR,AKR-TESTR-<MAC6>,0.0,1.0,0.0,100.0
53020,1,walk,walk,7986,,7986.0,20.0,1.0,6.0,2.0,-4.61,0.007,0.229,-0.998,34.0,28.11,0.0,19.0,2160.0,10.0,-1.82,-0.03,-0.99,-0.2,10.37,-2.18,-29.62,194.0,TESTR,AKR-TESTR-<MAC6>,0.0,1.0,0.0,100.0
53040,1,walk,walk,7987,,7987.0,20.0,1.0,6.0,2.0,-4.12,0.009,0.128,-1.302,34.0,28.11,0.0,19.0,2160.0,10.0,-1.27,-0.02,-0.99,-0.2,11.11,-1.14,-28.77,194.0,TESTR,AKR-TESTR-<MAC6>,0.0,1.0,0.0,100.0
53080,1,walk,walk,7988,,7988.0,20.0,1.0,6.0,2.0,-3.63,0.011,0.092,-1.545,34.0,28.11,0.0,19.0,2160.0,10.0,-0.75,-0.01,-1.0,-0.19,11.86,-0.09,-28.09,194.0,TESTR,AKR-TESTR-<MAC6>,0.0,1.0,0.0,100.0
53120,1,walk,walk,7989,,7989.0,20.0,1.0,6.0,2.0,-3.12,0.014,0.211,-1.764,34.0,28.07,0.0,19.0,2160.0,10.0,-0.27,0.0,-1.0,-0.19,12.6,1.04,-27.63,194.0,TESTR,AKR-TESTR-<MAC6>,0.0,1.0,0.0,100.0
53140,1,walk,walk,7990,,7990.0,20.0,1.0,6.0,2.0,-2.6,0.014,-0.003,-1.751,34.0,28.07,0.0,19.0,2160.0,10.0,0.15,0.0,-1.0,-0.19,13.31,2.22,-27.5,194.0,TESTR,AKR-TESTR-<MAC6>,0.0,1.0,0.0,100.0
53140,1,walk,walk,7991,,7991.0,20.0,1.0,6.0,2.0,-2.08,0.014,-0.079,-1.704,34.0,28.11,0.0,19.0,2160.0,10.0,0.47,0.01,-1.01,-0.19,13.97,3.36,-27.79,194.0,TESTR,AKR-TESTR-<MAC6>,0.0,1.0,0.0,100.0
53140,1,walk,walk,7992,,7992.0,20.0,1.0,6.0,2.0,-1.56,0.013,-0.073,-1.539,34.0,28.11,0.0,19.0,2160.0,10.0,0.7,0.01,-1.02,-0.18,14.52,4.38,-28.6,194.0,TESTR,AKR-TESTR-<MAC6>,0.0,1.0,0.0,100.0
53160,1,walk,walk,7993,,7993.0,20.0,1.0,6.0,2.0,-1.04,0.01,-0.131,-1.156,34.0,28.11,0.0,19.0,2160.0,10.0,0.85,0.02,-1.02,-0.18,14.9,5.24,-29.98,194.0,TESTR,AKR-TESTR-<MAC6>,0.0,1.0,0.0,100.0
53200,1,walk,walk,7994,,7994.0,20.0,1.0,6.0,2.0,-0.51,0.006,-0.33,-0.575,34.0,28.14,0.0,19.0,2160.0,10.0,0.95,0.02,-1.03,-0.18,15.05,5.94,-31.95,194.0,TESTR,AKR-TESTR-<MAC6>,0.0,1.0,0.0,100.0
53200,1,walk,walk,7995,,7995.0,20.0,1.0,6.0,2.0,0.01,0.002,-0.169,-0.001,34.0,28.14,0.0,19.0,2160.0,10.0,1.05,0.02,-1.04,-0.17,14.89,6.56,-34.44,194.0,TESTR,AKR-TESTR-<MAC6>,0.0,1.0,0.0,100.0
53220,1,walk,walk,7996,,7996.0,20.0,1.0,6.0,2.0,0.54,-0.001,-0.22,0.465,34.0,28.14,0.0,19.0,2160.0,10.0,1.2,0.02,-1.05,-0.16,14.38,7.29,-37.23,194.0,TESTR,AKR-TESTR-<MAC6>,0.0,1.0,0.0,100.0
53260,1,walk,walk,7997,,7997.0,20.0,1.0,6.0,2.0,1.07,-0.004,-0.201,0.816,34.0,28.14,0.0,19.0,2160.0,10.0,1.38,0.03,-1.06,-0.16,13.47,8.55,-39.82,194.0,TESTR,AKR-TESTR-<MAC6>,0.0,1.0,0.0,100.0
53280,1,walk,walk,7998,,7998.0,20.0,1.0,6.0,2.0,1.61,-0.007,-0.17,0.942,34.0,28.11,0.0,19.0,2160.0,10.0,1.46,0.03,-1.06,-0.15,12.17,10.96,-41.42,194.0,TESTR,AKR-TESTR-<MAC6>,0.0,1.0,0.0,100.0
53300,1,walk,walk,7999,,7999.0,20.0,1.0,6.0,2.0,2.15,-0.007,0.038,0.84,34.0,28.11,0.0,19.0,2160.0,10.0,1.22,0.02,-1.05,-0.14,10.6,14.98,-41.02,194.0,TESTR,AKR-TESTR-<MAC6>,0.0,1.0,0.0,100.0
53320,1,walk,walk,8000,,8000.0,20.0,1.0,6.0,2.0,2.7,-0.006,0.032,0.676,34.0,28.14,0.0,19.0,2160.0,10.0,0.45,0.01,-1.05,-0.13,8.96,20.69,-37.95,194.0,TESTR,AKR-TESTR-<MAC6>,0.0,1.0,0.0,100.0
53340,1,walk,walk,8001,,8001.0,20.0,0.0,6.0,2.0,3.26,-0.006,0.045,0.608,34.0,28.14,0.0,18.0,2160.0,10.0,-0.94,-0.02,-1.05,-0.12,7.41,27.6,-32.11,194.0,TESTR,AKR-TESTR-<MAC6>,0.0,1.0,0.0,100.0
53340,1,walk,walk,8002,,8002.0,20.0,1.0,6.0,2.0,3.82,-0.005,0.014,0.514,34.0,28.14,0.0,19.0,2160.0,10.0,-2.89,-0.05,-1.04,-0.11,6.03,34.65,-23.91,194.0,TESTR,AKR-TESTR-<MAC6>,0.0,1.0,0.0,100.0
53380,1,walk,walk,8003,,8003.0,20.0,1.0,1.0,5.0,4.38,-0.005,0.122,0.515,34.0,28.14,0.0,19.0,2160.0,11.0,-5.24,-0.1,-1.04,-0.11,4.81,40.52,-14.19,194.0,TESTR,AKR-TESTR-<MAC6>,0.0,1.0,0.0,100.0
53380,1,walk,walk,8004,,8004.0,20.0,0.0,1.0,5.0,4.93,-0.005,0.066,0.541,34.0,28.07,0.0,19.0,2160.0,11.0,-7.7,-0.14,-1.04,-0.11,3.81,43.85,-4.27,194.0,TESTR,AKR-TESTR-<MAC6>,0.0,1.0,0.0,100.0
53400,1,walk,walk,8005,,8005.0,20.0,0.0,1.0,6.0,5.45,0.034,3.457,1.511,34.0,28.04,0.0,19.0,2160.0,11.0,-9.99,-0.18,-1.04,-0.11,3.15,43.73,4.8,194.0,TESTR,AKR-TESTR-<MAC6>,0.0,1.0,0.0,100.0
53440,1,walk,walk,8006,,8006.0,20.0,0.0,1.0,6.0,5.93,0.081,2.953,2.042,34.0,27.97,0.0,19.0,2160.0,11.0,-11.86,-0.22,-1.04,-0.11,2.89,40.06,12.45,194.0,TESTR,AKR-TESTR-<MAC6>,0.0,1.0,0.0,100.0
53460,1,walk,walk,8007,,8007.0,20.0,0.0,1.0,6.0,6.36,0.121,2.423,2.591,34.0,27.93,0.0,19.0,2160.0,11.0,-13.11,-0.24,-1.04,-0.12,3.03,33.25,18.48,194.0,TESTR,AKR-TESTR-<MAC6>,0.0,1.0,0.0,100.0
53480,1,walk,walk,8008,,8008.0,20.0,0.0,1.0,6.0,6.72,0.154,1.962,2.75,34.0,27.93,0.0,19.0,2160.0,11.0,-13.63,-0.25,-1.04,-0.13,3.47,24.21,23.03,194.0,TESTR,AKR-TESTR-<MAC6>,0.0,1.0,0.0,100.0
53500,1,walk,walk,8009,,8009.0,20.0,0.0,1.0,6.0,6.99,0.18,1.707,3.408,34.0,27.86,0.0,19.0,2160.0,11.0,-13.41,-0.25,-1.04,-0.14,4.07,14.23,26.45,194.0,TESTR,AKR-TESTR-<MAC6>,0.0,1.0,0.0,100.0
53500,1,walk,walk,8010,,8010.0,20.0,0.0,1.0,6.0,7.18,0.202,1.373,3.462,34.0,27.83,0.0,19.0,2160.0,11.0,-12.5,-0.23,-1.05,-0.16,4.59,4.73,29.13,194.0,TESTR,AKR-TESTR-<MAC6>,0.0,1.0,0.0,100.0
53520,1,walk,walk,8011,,8011.0,20.0,0.0,1.0,6.0,7.26,0.22,1.143,3.832,34.0,27.83,0.0,19.0,2160.0,11.0,-11.0,-0.2,-1.05,-0.17,4.81,-3.18,31.42,194.0,TESTR,AKR-TESTR-<MAC6>,0.0,1.0,0.0,100.0
53560,1,walk,walk,8012,,8012.0,20.0,0.0,1.0,6.0,7.25,0.234,0.853,4.015,34.0,27.79,0.0,19.0,2160.0,11.0,-9.07,-0.17,-1.05,-0.19,4.52,-8.9,33.54,194.0,TESTR,AKR-TESTR-<MAC6>,0.0,1.0,0.0,100.0
53580,1,walk,walk,8013,,8013.0,20.0,0.0,1.0,6.0,7.13,0.247,0.763,4.082,34.0,27.79,0.0,19.0,2160.0,11.0,-6.84,-0.13,-1.04,-0.2,3.6,-12.36,35.56,194.0,TESTR,AKR-TESTR-<MAC6>,0.0,1.0,0.0,100.0
53600,1,walk,walk,8014,,8014.0,20.0,0.0,1.0,6.0,6.92,0.257,0.598,4.294,34.0,27.76,0.0,19.0,2160.0,11.0,-4.42,-0.08,-1.04,-0.22,2.03,-13.94,37.43,194.0,TESTR,AKR-TESTR-<MAC6>,0.0,1.0,0.0,100.0
53640,1,walk,walk,8015,,8015.0,20.0,0.0,1.0,6.0,6.62,0.264,0.472,4.481,34.0,27.76,0.0,19.0,2160.0,11.0,-1.91,-0.03,-1.03,-0.23,-0.09,-14.26,39.02,194.0,TESTR,AKR-TESTR-<MAC6>,0.0,1.0,0.0,100.0
53640,1,walk,walk,8016,,8016.0,20.0,0.0,1.0,6.0,6.24,0.269,0.258,4.883,34.0,27.76,0.0,19.0,2160.0,11.0,0.61,0.01,-1.02,-0.24,-2.59,-13.91,40.21,194.0,TESTR,AKR-TESTR-<MAC6>,0.0,1.0,0.0,100.0
53640,1,walk,walk,8017,,8017.0,20.0,0.0,1.0,6.0,5.78,0.273,0.241,4.92,34.0,27.76,0.0,19.0,2160.0,11.0,3.1,0.05,-1.01,-0.24,-5.3,-13.37,40.91,194.0,TESTR,AKR-TESTR-<MAC6>,0.0,1.0,0.0,100.0
53680,1,walk,walk,8018,,8018.0,20.0,0.0,1.0,6.0,5.27,0.274,0.183,5.125,34.0,27.72,0.0,19.0,2160.0,11.0,5.52,0.1,-0.99,-0.24,-8.05,-12.89,41.04,194.0,TESTR,AKR-TESTR-<MAC6>,0.0,1.0,0.0,100.0
53680,1,walk,walk,8019,,8019.0,20.0,0.0,3.0,7.0,4.7,0.276,0.095,5.1,34.0,27.69,0.0,19.0,2160.0,11.0,7.82,0.13,-0.98,-0.24,-10.75,-12.51,40.54,194.0,TESTR,AKR-TESTR-<MAC6>,0.0,1.0,0.0,100.0
53700,1,walk,walk,8020,,8020.0,20.0,0.0,3.0,7.0,4.1,0.278,0.009,5.101,34.0,27.69,0.0,19.0,2160.0,11.0,9.99,0.17,-0.97,-0.24,-13.31,-12.19,39.37,194.0,TESTR,AKR-TESTR-<MAC6>,0.0,1.0,0.0,100.0
53740,1,walk,walk,8021,,8021.0,20.0,0.0,3.0,7.0,3.47,0.279,0.013,5.134,34.0,27.69,0.0,19.0,2160.0,11.0,11.97,0.2,-0.95,-0.23,-15.73,-11.8,37.54,194.0,TESTR,AKR-TESTR-<MAC6>,0.0,1.0,0.0,100.0
53760,1,walk,walk,8022,,8022.0,20.0,0.0,3.0,7.0,2.82,0.279,-0.088,5.178,34.0,27.69,0.0,19.0,2160.0,11.0,13.72,0.23,-0.94,-0.23,-18.01,-11.27,35.06,195.0,TESTR,AKR-TESTR-<MAC6>,0.0,1.0,0.0,100.0
53780,1,walk,walk,8023,,8023.0,20.0,1.0,3.0,7.0,2.18,0.279,-0.041,5.073,34.0,27.72,0.0,20.0,2160.0,11.0,15.19,0.25,-0.93,-0.22,-20.14,-10.65,31.99,195.0,TESTR,AKR-TESTR-<MAC6>,0.0,1.0,0.0,100.0
53800,1,walk,walk,8024,,8024.0,20.0,0.0,3.0,7.0,1.53,0.278,-0.1,4.996,34.0,27.72,0.0,19.0,2160.0,11.0,16.34,0.27,-0.92,-0.22,-22.11,-10.0,28.43,195.0,TESTR,AKR-TESTR-<MAC6>,0.0,1.0,0.0,100.0
53800,1,walk,walk,8025,,8025.0,20.0,0.0,3.0,7.0,0.91,0.273,-0.451,5.195,34.0,27.76,0.0,19.0,2160.0,11.0,17.02,0.28,-0.92,-0.21,-23.86,-9.47,24.52,195.0,TESTR,AKR-TESTR-<MAC6>,0.0,1.0,0.0,100.0
53820,1,walk,walk,8026,,8026.0,20.0,0.0,3.0,7.0,0.31,0.262,-0.908,5.461,34.0,27.72,0.0,19.0,2160.0,11.0,16.99,0.28,-0.93,-0.2,-24.83,-9.95,20.33,195.0,TESTR,AKR-TESTR-<MAC6>,0.0,1.0,0.0,100.0
53860,1,walk,walk,8027,,8027.0,20.0,0.0,3.0,7.0,-0.26,0.239,-1.77,6.017,34.0,27.69,0.0,19.0,2160.0,11.0,16.24,0.27,-0.94,-0.18,-24.62,-12.14,15.94,195.0,TESTR,AKR-TESTR-<MAC6>,0.0,1.0,0.0,100.0
53860,1,walk,walk,8028,,8028.0,20.0,0.0,3.0,7.0,-0.78,0.204,-2.829,6.748,34.0,27.69,0.0,19.0,2160.0,11.0,14.96,0.26,-0.96,-0.16,-23.24,-16.14,11.64,195.0,TESTR,AKR-TESTR-<MAC6>,0.0,1.0,0.0,100.0
53880,1,walk,walk,8029,,8029.0,20.0,0.0,3.0,7.0,-1.25,0.154,-3.684,6.487,34.0,27.79,0.0,19.0,2160.0,11.0,13.42,0.23,-0.98,-0.14,-21.01,-21.17,7.81,195.0,TESTR,AKR-TESTR-<MAC6>,0.0,1.0,0.0,100.0
53920,1,walk,walk,8030,,8030.0,20.0,1.0,3.0,7.0,-1.67,0.092,-4.51,6.022,34.0,27.97,0.0,20.0,2160.0,11.0,11.85,0.21,-1.01,-0.11,-18.36,-25.8,4.95,195.0,TESTR,AKR-TESTR-<MAC6>,0.0,1.0,0.0,100.0
53940,1,walk,walk,8031,,8031.0,20.0,1.0,3.0,7.0,-2.04,0.015,-5.748,4.547,34.0,28.21,0.0,20.0,2160.0,11.0,10.34,0.19,-1.03,-0.08,-15.72,-28.7,3.58,195.0,TESTR,AKR-TESTR-<MAC6>,0.0,1.0,0.0,100.0
53960,1,walk,walk,8032,,8032.0,20.0,0.0,3.0,7.0,-2.34,-0.087,-6.891,3.049,34.0,28.28,0.0,19.0,2160.0,11.0,9.0,0.17,-1.04,-0.06,-13.42,-29.64,4.03,195.0,TESTR,AKR-TESTR-<MAC6>,0.0,1.0,0.0,100.0
53980,1,walk,walk,8033,,8033.0,20.0,0.0,3.0,7.0,-2.59,-0.173,-4.286,0.212,34.0,28.14,0.0,19.0,2160.0,11.0,8.02,0.15,-1.06,-0.04,-11.37,-28.46,6.24,195.0,TESTR,AKR-TESTR-<MAC6>,0.0,1.0,0.0,100.0
53980,1,walk,walk,8034,,8034.0,20.0,0.0,3.0,7.0,-2.79,-0.205,-1.037,-1.058,34.0,28.11,0.0,19.0,2160.0,11.0,7.31,0.14,-1.07,-0.03,-9.46,-25.66,9.58,195.0,TESTR,AKR-TESTR-<MAC6>,0.0,1.0,0.0,100.0
54000,1,walk,walk,8035,,8035.0,20.0,0.0,3.0,7.0,-2.94,-0.209,0.194,-0.9,34.0,28.14,0.0,19.0,2160.0,11.0,6.77,0.13,-1.08,-0.03,-7.64,-22.04,13.08,195.0,TESTR,AKR-TESTR-<MAC6>,0.0,1.0,0.0,100.0
54040,1,walk,walk,8036,,8036.0,20.0,0.0,3.0,7.0,-3.06,-0.196,1.094,-0.219,34.0,28.14,0.0,19.0,2160.0,11.0,6.31,0.12,-1.08,-0.03,-5.99,-18.21,16.07,195.0,TESTR,AKR-TESTR-<MAC6>,0.0,1.0,0.0,100.0
54040,1,walk,walk,8037,,8037.0,20.0,0.0,3.0,7.0,-3.14,-0.184,0.216,0.527,34.0,28.14,0.0,19.0,2160.0,11.0,5.85,0.11,-1.08,-0.03,-4.63,-14.62,18.33,195.0,TESTR,AKR-TESTR-<MAC6>,0.0,1.0,0.0,100.0
54080,1,walk,walk,8038,,8038.0,20.0,0.0,3.0,7.0,-3.2,-0.186,-0.299,0.423,34.0,28.14,0.0,19.0,2160.0,11.0,5.35,0.1,-1.08,-0.04,-3.62,-11.48,19.96,195.0,TESTR,AKR-TESTR-<MAC6>,0.0,1.0,0.0,100.0
54100,1,walk,walk,8039,,8039.0,20.0,0.0,3.0,7.0,-3.25,-0.194,-0.745,0.432,34.0,28.14,0.0,19.0,2160.0,11.0,4.76,0.09,-1.08,-0.05,-2.92,-8.82,21.25,195.0,TESTR,AKR-TESTR-<MAC6>,0.0,1.0,0.0,100.0
54120,1,walk,walk,8040,,8040.0,20.0,0.0,3.0,7.0,-3.3,-0.209,-0.989,0.348,34.0,28.14,0.0,19.0,2160.0,11.0,4.05,0.08,-1.07,-0.06,-2.44,-6.59,22.38,195.0,TESTR,AKR-TESTR-<MAC6>,0.0,1.0,0.0,100.0
54120,1,walk,walk,8041,,8041.0,20.0,0.0,3.0,7.0,-3.35,-0.221,-0.649,0.245,34.0,28.14,0.0,19.0,2160.0,11.0,3.18,0.06,-1.06,-0.07,-2.11,-4.72,23.37,195.0,TESTR,AKR-TESTR-<MAC6>,0.0,1.0,0.0,100.0
54160,1,walk,walk,8042,,8042.0,20.0,0.0,3.0,7.0,-3.41,-0.225,-0.003,0.083,34.0,28.14,0.0,19.0,2160.0,11.0,2.15,0.04,-1.06,-0.08,-1.88,-3.17,24.03,195.0,TESTR,AKR-TESTR-<MAC6>,0.0,1.0,0.0,100.0
54160,1,walk,walk,8043,,8043.0,20.0,0.0,3.0,7.0,-3.48,-0.224,0.127,0.201,34.0,28.14,0.0,19.0,2160.0,11.0,0.95,0.02,-1.05,-0.1,-1.73,-1.9,24.14,195.0,TESTR,AKR-TESTR-<MAC6>,0.0,1.0,0.0,100.0
54180,1,walk,walk,8044,,8044.0,20.0,0.0,3.0,7.0,-3.57,-0.219,0.461,0.169,34.0,28.14,0.0,19.0,2160.0,11.0,-0.37,-0.01,-1.04,-0.11,-1.61,-0.91,23.47,195.0,TESTR,AKR-TESTR-<MAC6>,0.0,1.0,0.0,100.0
54220,1,walk,walk,8045,,8045.0,20.0,0.0,3.0,7.0,-3.69,-0.21,0.886,0.05,34.0,28.14,0.0,19.0,2160.0,11.0,-1.75,-0.03,-1.03,-0.12,-1.49,-0.21,21.91,195.0,TESTR,AKR-TESTR-<MAC6>,0.0,1.0,0.0,100.0
54220,1,walk,walk,8046,,8046.0,20.0,0.0,3.0,7.0,-3.82,-0.196,0.945,0.107,34.0,28.14,0.0,19.0,2160.0,11.0,-3.12,-0.06,-1.02,-0.13,-1.35,0.24,19.45,195.0,TESTR,AKR-TESTR-<MAC6>,0.0,1.0,0.0,100.0
54240,1,walk,walk,8047,,8047.0,20.0,0.0,3.0,7.0,-3.98,-0.181,0.81,0.308,34.0,28.14,0.0,19.0,2160.0,11.0,-4.41,-0.08,-1.01,-0.14,-1.16,0.49,16.27,195.0,TESTR,AKR-TESTR-<MAC6>,0.0,1.0,0.0,100.0
54300,1,walk,walk,8048,,8048.0,20.0,0.0,3.0,7.0,-4.16,-0.171,0.51,0.314,34.0,28.14,0.0,19.0,2160.0,11.0,-5.57,-0.1,-1.01,-0.15,-0.89,0.59,12.56,195.0,TESTR,AKR-TESTR-<MAC6>,0.0,1.0,0.0,100.0
54300,1,walk,walk,8049,,8049.0,20.0,0.0,3.0,7.0,-4.35,-0.161,0.706,0.126,34.0,28.14,0.0,19.0,2160.0,11.0,-6.58,-0.12,-1.0,-0.15,-0.52,0.59,8.54,195.0,TESTR,AKR-TESTR-<MAC6>,0.0,1.0,0.0,100.0
54300,1,walk,walk,8050,,8050.0,20.0,0.0,3.0,7.0,-4.57,-0.15,0.747,0.267,34.0,28.14,0.0,19.0,2160.0,11.0,-7.41,-0.13,-0.99,-0.16,-0.05,0.51,4.38,195.0,TESTR,AKR-TESTR-<MAC6>,0.0,1.0,0.0,100.0
54340,1,walk,walk,8051,,8051.0,20.0,0.0,0.0,1.0,-4.78,-0.139,0.677,0.246,34.0,28.14,0.0,19.0,2160.0,11.0,-8.06,-0.14,-0.99,-0.17,0.49,0.38,0.25,195.0,TESTR,AKR-TESTR-<MAC6>,0.0,1.0,0.0,100.0
54360,1,walk,walk,8052,,8052.0,20.0,0.0,0.0,1.0,-5.01,-0.13,0.559,0.262,34.0,28.14,0.0,19.0,2160.0,11.0,-8.51,-0.15,-0.99,-0.17,1.09,0.22,-3.62,195.0,TESTR,AKR-TESTR-<MAC6>,0.0,1.0,0.0,100.0
54360,1,walk,walk,8053,,8053.0,20.0,0.0,0.0,1.0,-5.23,-0.125,1.805,0.0,34.0,28.18,0.0,12.0,2160.0,11.0,-8.79,-0.15,-0.99,-0.18,1.71,0.03,-7.09,195.0,TESTR,AKR-TESTR-<MAC6>,0.0,1.0,0.0,100.0
54400,1,walk,walk,8054,,8054.0,20.0,0.0,0.0,1.0,-5.43,-0.117,0.602,0.0,35.0,28.14,0.0,12.0,2160.0,11.0,-8.92,-0.15,-0.98,-0.18,2.35,-0.17,-10.13,195.0,TESTR,AKR-TESTR-<MAC6>,0.0,1.0,0.0,100.0
54400,1,walk,walk,8055,,8055.0,20.0,0.0,0.0,1.0,-5.63,-0.107,0.542,0.0,35.0,28.18,0.0,12.0,2160.0,11.0,-8.92,-0.15,-0.98,-0.18,3.02,-0.36,-12.73,195.0,TESTR,AKR-TESTR-<MAC6>,0.0,1.0,0.0,100.0
54420,1,walk,walk,8056,,8056.0,20.0,0.0,0.0,1.0,-5.8,-0.1,0.493,0.0,35.0,28.18,0.0,12.0,2160.0,11.0,-8.82,-0.15,-0.98,-0.18,3.71,-0.51,-14.95,195.0,TESTR,AKR-TESTR-<MAC6>,0.0,1.0,0.0,100.0
54460,1,walk,walk,8057,,8057.0,20.0,0.0,0.0,1.0,-5.94,-0.089,0.843,0.0,35.0,28.14,0.0,12.0,2160.0,11.0,-8.66,-0.15,-0.98,-0.18,4.41,-0.63,-16.92,195.0,TESTR,AKR-TESTR-<MAC6>,0.0,1.0,0.0,100.0
54460,1,walk,walk,8058,,8058.0,20.0,0.0,0.0,1.0,-6.05,-0.076,0.81,0.0,35.0,28.14,0.0,12.0,2160.0,11.0,-8.44,-0.15,-0.98,-0.18,5.1,-0.73,-18.72,195.0,TESTR,AKR-TESTR-<MAC6>,0.0,1.0,0.0,100.0
54480,1,walk,walk,8059,,8059.0,20.0,0.0,0.0,1.0,-6.13,-0.064,0.88,0.0,35.0,28.18,0.0,12.0,2160.0,11.0,-8.17,-0.14,-0.98,-0.18,5.76,-0.81,-20.44,195.0,TESTR,AKR-TESTR-<MAC6>,0.0,1.0,0.0,100.0
54520,1,walk,walk,8060,,8060.0,20.0,0.0,0.0,1.0,-6.17,-0.051,0.871,0.0,35.0,28.14,0.0,12.0,2160.0,11.0,-7.87,-0.14,-0.98,-0.18,6.41,-0.9,-22.12,195.0,TESTR,AKR-TESTR-<MAC6>,0.0,1.0,0.0,100.0
54540,1,walk,walk,8061,,8061.0,20.0,0.0,0.0,1.0,-6.18,-0.04,0.8,0.0,35.0,28.14,0.0,12.0,2160.0,11.0,-7.55,-0.13,-0.98,-0.18,7.08,-0.98,-23.84,195.0,TESTR,AKR-TESTR-<MAC6>,0.0,1.0,0.0,100.0
54540,1,walk,walk,8062,,8062.0,20.0,0.0,0.0,1.0,-6.14,-0.027,1.01,0.0,35.0,28.14,0.0,12.0,2160.0,11.0,-7.2,-0.12,-0.99,-0.18,7.83,-1.05,-25.64,195.0,TESTR,AKR-TESTR-<MAC6>,0.0,1.0,0.0,100.0
54580,1,walk,walk,8063,,8063.0,20.0,0.0,0.0,1.0,-6.07,-0.013,1.091,0.0,35.0,28.14,0.0,12.0,2160.0,11.0,-6.83,-0.12,-0.99,-0.18,8.67,-1.14,-27.66,195.0,TESTR,AKR-TESTR-<MAC6>,0.0,1.0,0.0,100.0
54600,1,walk,walk,8064,,8064.0,20.0,0.0,0.0,1.0,-5.95,0.007,1.18,0.0,35.0,28.18,0.0,12.0,2160.0,11.0,-6.43,-0.11,-0.99,-0.17,9.6,-1.3,-29.98,195.0,TESTR,AKR-TESTR-<MAC6>,0.0,1.0,0.0,100.0
54620,1,walk,walk,8065,,8065.0,20.0,0.0,0.0,1.0,-5.8,0.026,1.37,0.0,35.0,28.18,0.0,12.0,2160.0,11.0,-6.01,-0.1,-0.99,-0.17,10.63,-1.59,-32.62,195.0,TESTR,AKR-TESTR-<MAC6>,0.0,1.0,0.0,100.0
54640,1,walk,walk,8066,,8066.0,20.0,0.0,0.0,1.0,-5.6,0.049,1.48,0.0,35.0,28.14,0.0,12.0,2160.0,11.0,-5.54,-0.1,-0.99,-0.17,11.71,-2.0,-35.57,195.0,TESTR,AKR-TESTR-<MAC6>,0.0,1.0,0.0,100.0
54640,1,walk,walk,8067,,8067.0,20.0,0.0,0.0,1.0,-5.37,0.07,1.347,0.0,35.0,28.18,0.0,12.0,2160.0,11.0,-5.05,-0.09,-1.0,-0.17,12.75,-2.38,-38.81,195.0,TESTR,AKR-TESTR-<MAC6>,0.0,1.0,0.0,100.0
54660,1,walk,walk,8068,,8068.0,20.0,0.0,0.0,1.0,-5.1,0.083,0.177,0.0,35.0,28.14,0.0,12.0,2160.0,11.0,-4.53,-0.08,-1.0,-0.17,13.63,-2.47,-42.24,195.0,TESTR,AKR-TESTR-<MAC6>,0.0,1.0,0.0,100.0
54700,1,walk,walk,8069,,8069.0,20.0,0.0,0.0,1.0,-4.78,0.078,-0.535,0.0,35.0,28.14,0.0,12.0,2160.0,11.0,-3.98,-0.07,-1.01,-0.17,14.32,-2.08,-45.61,195.0,TESTR,AKR-TESTR-<MAC6>,0.0,1.0,0.0,100.0
54700,1,walk,walk,8070,,8070.0,20.0,0.0,0.0,1.0,-4.42,0.068,-0.785,0.0,35.0,28.14,0.0,12.0,2160.0,11.0,-3.4,-0.06,-1.02,-0.17,14.82,-1.05,-48.66,195.0,TESTR,AKR-TESTR-<MAC6>,0.0,1.0,0.0,100.0
54720,1,walk,walk,8071,,8071.0,20.0,0.0,0.0,1.0,-4.01,0.049,-1.689,0.0,35.0,28.18,0.0,12.0,2160.0,11.0,-2.75,-0.05,-1.03,-0.17,15.02,0.9,-51.08,195.0,TESTR,AKR-TESTR-<MAC6>,0.0,1.0,0.0,100.0
54780,1,walk,walk,8072,,8072.0,20.0,0.0,0.0,1.0,-3.57,0.022,-1.971,0.0,35.0,28.14,0.0,12.0,2160.0,11.0,-2.02,-0.04,-1.04,-0.18,14.78,4.21,-52.51,196.0,TESTR,AKR-TESTR-<MAC6>,0.0,1.0,0.0,100.0
54780,1,walk,walk,8073,,8073.0,20.0,0.0,0.0,1.0,-3.07,-0.006,-1.77,0.0,35.0,28.18,0.0,12.0,2160.0,11.0,-1.22,-0.02,-1.05,-0.18,13.9,9.41,-52.63,196.0,TESTR,AKR-TESTR-<MAC6>,0.0,1.0,0.0,100.0
54780,1,walk,walk,8074,,8074.0,20.0,0.0,0.0,1.0,-2.53,-0.03,-1.354,0.0,35.0,28.18,0.0,12.0,2160.0,11.0,-0.52,-0.01,-1.05,-0.19,12.25,16.89,-51.13,196.0,TESTR,AKR-TESTR-<MAC6>,0.0,1.0,0.0,100.0
54820,1,walk,walk,8075,,8075.0,20.0,0.0,0.0,1.0,-1.95,-0.04,-0.318,0.0,35.0,28.14,0.0,12.0,2160.0,11.0,-0.24,0.0,-1.04,-0.2,9.77,26.61,-47.68,196.0,TESTR,AKR-TESTR-<MAC6>,0.0,1.0,0.0,100.0
54820,1,walk,walk,8076,,8076.0,20.0,0.0,0.0,1.0,-1.32,-0.04,0.026,0.0,35.0,28.14,0.0,12.0,2160.0,11.0,-0.69,-0.01,-1.03,-0.21,6.43,37.64,-42.04,196.0,TESTR,AKR-TESTR-<MAC6>,0.0,1.0,0.0,100.0
54840,1,walk,walk,8077,,8077.0,20.0,0.0,0.0,1.0,-0.67,-0.04,0.1,0.0,35.0,28.14,0.0,12.0,2160.0,11.0,-2.06,-0.04,-1.02,-0.21,2.34,48.52,-34.29,196.0,TESTR,AKR-TESTR-<MAC6>,0.0,1.0,0.0,100.0
54880,1,walk,walk,8078,,8078.0,20.0,0.0,0.0,1.0,0.01,-0.041,-0.116,0.0,35.0,28.18,0.0,12.0,2160.0,11.0,-4.3,-0.08,-1.01,-0.22,-2.16,57.51,-24.85,196.0,TESTR,AKR-TESTR-<MAC6>,0.0,1.0,0.0,100.0
54880,1,walk,walk,8079,,8079.0,20.0,0.0,0.0,1.0,0.7,-0.042,-0.193,0.0,35.0,28.14,0.0,12.0,2160.0,11.0,-7.14,-0.13,-1.01,-0.22,-6.58,63.17,-14.37,196.0,TESTR,AKR-TESTR-<MAC6>,0.0,1.0,0.0,100.0
54920,1,walk,walk,8080,,8080.0,20.0,0.0,0.0,1.0,1.38,-0.045,-0.273,0.0,34.0,28.18,0.0,12.0,2160.0,11.0,-10.14,-0.18,-1.0,-0.21,-10.42,64.65,-3.6,196.0,TESTR,AKR-TESTR-<MAC6>,0.0,1.0,0.0,100.0
54940,1,walk,walk,8081,,8081.0,20.0,1.0,0.0,1.0,2.04,-0.05,-0.226,0.0,35.0,28.18,0.0,13.0,2160.0,11.0,-12.88,-0.23,-1.01,-0.21,-13.34,61.83,6.79,196.0,TESTR,AKR-TESTR-<MAC6>,0.0,1.0,0.0,100.0
54940,1,walk,walk,8082,,8082.0,20.0,1.0,0.0,1.0,2.65,-0.05,0.034,0.0,35.0,28.18,0.0,13.0,2160.0,11.0,-15.03,-0.27,-1.01,-0.2,-15.16,55.28,16.27,196.0,TESTR,AKR-TESTR-<MAC6>,0.0,1.0,0.0,100.0
54960,1,walk,walk,8083,,8083.0,20.0,1.0,0.0,1.0,3.2,-0.05,0.007,0.0,34.0,28.14,0.0,13.0,2160.0,11.0,-16.42,-0.3,-1.02,-0.19,-15.91,46.02,24.5,196.0,TESTR,AKR-TESTR-<MAC6>,0.0,1.0,0.0,100.0
55000,1,walk,walk,8084,,8084.0,20.0,1.0,0.0,1.0,3.67,-0.049,0.014,0.0,34.0,28.18,0.0,13.0,2160.0,11.0,-17.05,-0.32,-1.04,-0.18,-15.72,35.32,31.34,196.0,TESTR,AKR-TESTR-<MAC6>,0.0,1.0,0.0,100.0
55020,1,walk,walk,8085,,8085.0,20.0,1.0,0.0,1.0,4.04,-0.05,-0.06,0.0,34.0,28.14,0.0,13.0,2160.0,11.0,-16.97,-0.32,-1.05,-0.18,-14.85,24.46,36.82,196.0,TESTR,AKR-TESTR-<MAC6>,0.0,1.0,0.0,100.0
55020,1,walk,walk,8086,,8086.0,20.0,1.0,0.0,1.0,4.29,-0.049,-0.006,0.0,34.0,28.14,0.0,13.0,2160.0,11.0,-16.33,-0.31,-1.06,-0.18,-13.57,14.49,41.09,196.0,TESTR,AKR-TESTR-<MAC6>,0.0,1.0,0.0,100.0
55060,1,walk,walk,8087,,8087.0,20.0,2.0,0.0,1.0,4.42,-0.049,0.08,0.0,34.0,28.14,0.0,14.0,2160.0,11.0,-15.27,-0.29,-1.07,-0.18,-12.17,6.1,44.4,196.0,TESTR,AKR-TESTR-<MAC6>,0.0,1.0,0.0,100.0
55080,1,walk,walk,8088,,8088.0,20.0,2.0,0.0,1.0,4.43,-0.048,-0.03,0.0,34.0,28.18,0.0,14.0,2160.0,11.0,-13.93,-0.27,-1.07,-0.18,-10.88,-0.37,46.98,196.0,TESTR,AKR-TESTR-<MAC6>,0.0,1.0,0.0,100.0
55100,1,walk,walk,8089,,8089.0,20.0,2.0,0.0,1.0,4.31,-0.047,-0.032,0.0,34.0,28.14,0.0,14.0,2160.0,11.0,-12.42,-0.24,-1.08,-0.18,-9.87,-4.95,49.02,196.0,TESTR,AKR-TESTR-<MAC6>,0.0,1.0,0.0,100.0
55120,1,walk,walk,8090,,8090.0,20.0,2.0,0.0,1.0,4.07,-0.047,0.015,0.0,34.0,28.18,0.0,14.0,2160.0,11.0,-10.85,-0.21,-1.07,-0.19,-9.2,-7.92,50.62,196.0,TESTR,AKR-TESTR-<MAC6>,0.0,1.0,0.0,100.0
55120,1,walk,walk,8091,,8091.0,20.0,2.0,0.0,1.0,3.71,-0.047,0.032,0.0,34.0,28.18,0.0,14.0,2160.0,11.0,-9.26,-0.17,-1.07,-0.19,-8.91,-9.69,51.84,196.0,TESTR,AKR-TESTR-<MAC6>,0.0,1.0,0.0,100.0
55140,1,walk,walk,8092,,8092.0,20.0,2.0,0.0,1.0,3.24,-0.048,0.03,0.0,34.0,28.18,0.0,14.0,2160.0,11.0,-7.68,-0.14,-1.06,-0.2,-8.97,-10.62,52.66,196.0,TESTR,AKR-TESTR-<MAC6>,0.0,1.0,0.0,100.0
55180,1,walk,walk,8093,,8093.0,20.0,2.0,0.0,1.0,2.67,-0.048,0.089,0.0,34.0,28.18,0.0,14.0,2160.0,11.0,-6.13,-0.11,-1.05,-0.2,-9.34,-11.03,53.05,196.0,TESTR,AKR-TESTR-<MAC6>,0.0,1.0,0.0,100.0
55200,1,walk,walk,8094,,8094.0,20.0,2.0,0.0,1.0,2.02,-0.049,-0.117,0.0,34.0,28.18,0.0,14.0,2160.0,11.0,-4.59,-0.08,-1.03,-0.2,-9.96,-11.08,52.94,196.0,TESTR,AKR-TESTR-<MAC6>,0.0,1.0,0.0,100.0
55200,1,walk,walk,8095,,8095.0,20.0,1.0,0.0,1.0,1.29,-0.049,-0.034,0.0,34.0,28.14,0.0,13.0,2160.0,11.0,-3.06,-0.05,-1.02,-0.2,-10.73,-10.85,52.26,196.0,TESTR,AKR-TESTR-<MAC6>,0.0,1.0,0.0,100.0
55240,1,walk,walk,8096,,8096.0,20.0,1.0,0.0,1.0,0.5,-0.051,-0.105,0.0,34.0,28.18,0.0,13.0,2160.0,11.0,-1.56,-0.03,-1.01,-0.19,-11.57,-10.37,50.95,196.0,TESTR,AKR-TESTR-<MAC6>,0.0,1.0,0.0,100.0
55240,1,walk,walk,8097,,8097.0,20.0,1.0,0.0,1.0,-0.33,-0.054,-0.386,0.0,34.0,28.14,0.0,13.0,2160.0,11.0,-0.11,0.0,-0.99,-0.19,-12.4,-9.66,48.96,196.0,TESTR,AKR-TESTR-<MAC6>,0.0,1.0,0.0,100.0
55260,1,walk,walk,8098,,8098.0,20.0,0.0,0.0,1.0,-1.2,-0.06,-0.624,0.0,34.0,28.18,0.0,12.0,2160.0,11.0,1.26,0.02,-0.98,-0.19,-13.17,-8.74,46.34,196.0,TESTR,AKR-TESTR-<MAC6>,0.0,1.0,0.0,100.0
55300,1,walk,walk,8099,,8099.0,20.0,0.0,0.0,1.0,-2.09,-0.072,-0.925,0.0,34.0,28.18,0.0,12.0,2160.0,11.0,2.5,0.04,-0.96,-0.18,-13.9,-7.63,43.14,196.0,TESTR,AKR-TESTR-<MAC6>,0.0,1.0,0.0,100.0
55300,1,walk,walk,8100,,8100.0,20.0,1.0,0.0,1.0,-2.98,-0.086,-0.813,0.0,34.0,28.18,0.0,13.0,2160.0,11.0,3.56,0.06,-0.95,-0.18,-14.59,-6.46,39.45,196.0,TESTR,AKR-TESTR-<MAC6>,0.0,1.0,0.0,100.0
55320,1,walk,walk,8101,,8101.0,20.0,0.0,0.0,1.0,-3.88,-0.097,-0.824,0.0,34.0,28.18,0.0,12.0,2160.0,11.0,4.4,0.07,-0.94,-0.18,-15.25,-5.39,35.41,196.0,TESTR,AKR-TESTR-<MAC6>,0.0,1.0,0.0,100.0
55360,1,walk,walk,8102,,8102.0,20.0,1.0,0.0,1.0,-4.75,-0.112,-0.969,0.0,34.0,28.18,0.0,13.0,2160.0,11.0,4.98,0.08,-0.93,-0.18,-15.91,-4.59,31.17,196.0,TESTR,AKR-TESTR-<MAC6>,0.0,1.0,0.0,100.0
55400,1,walk,walk,8103,,8103.0,20.0,0.0,0.0,1.0,-5.6,-0.129,-1.349,0.0,34.0,28.18,0.0,12.0,2160.0,11.0,5.3,0.09,-0.92,-0.19,-16.6,-4.2,26.95,196.0,TESTR,AKR-TESTR-<MAC6>,0.0,1.0,0.0,100.0
55400,1,walk,walk,8104,,8104.0,20.0,1.0,0.0,1.0,-6.41,-0.147,-1.104,0.0,34.0,28.18,0.0,13.0,2160.0,11.0,5.41,0.09,-0.92,-0.19,-17.33,-4.2,22.93,196.0,TESTR,AKR-TESTR-<MAC6>,0.0,1.0,0.0,100.0
55440,1,walk,walk,8105,,8105.0,20.0,1.0,0.0,1.0,-7.18,-0.164,-0.959,0.0,34.0,28.18,0.0,13.0,2160.0,11.0,5.21,0.08,-0.91,-0.19,-17.95,-4.73,19.22,196.0,TESTR,AKR-TESTR-<MAC6>,0.0,1.0,0.0,100.0
55440,1,walk,walk,8106,,8106.0,20.0,1.0,0.0,1.0,-7.9,-0.192,-3.273,0.0,34.0,28.14,0.0,13.0,2160.0,11.0,4.44,0.07,-0.92,-0.2,-18.06,-6.4,16.17,196.0,TESTR,AKR-TESTR-<MAC6>,0.0,1.0,0.0,100.0
55440,1,walk,walk,8107,,8107.0,20.0,1.0,0.0,1.0,-8.55,-0.26,-4.721,0.0,34.0,28.18,0.0,13.0,2160.0,11.0,3.01,0.05,-0.93,-0.2,-17.62,-9.35,13.98,196.0,TESTR,AKR-TESTR-<MAC6>,0.0,1.0,0.0,100.0
55480,1,walk,walk,8108,,8108.0,20.0,1.0,0.0,1.0,-9.15,-0.327,-3.614,0.0,34.0,28.18,0.0,13.0,2160.0,11.0,1.2,0.02,-0.94,-0.2,-16.64,-13.19,12.51,196.0,TESTR,AKR-TESTR-<MAC6>,0.0,1.0,0.0,100.0
55500,1,walk,walk,8109,,8109.0,20.0,1.0,0.0,1.0,-9.68,-0.335,1.597,0.0,34.0,28.14,0.0,13.0,2160.0,11.0,-0.58,-0.01,-0.96,-0.19,-15.29,-17.08,11.21,196.0,TESTR,AKR-TESTR-<MAC6>,0.0,1.0,0.0,100.0
55500,1,walk,walk,8110,,8110.0,20.0,1.0,0.0,1.0,-10.15,-0.309,1.243,0.0,34.0,28.18,0.0,13.0,2160.0,11.0,-2.15,-0.04,-0.98,-0.17,-13.79,-20.43,9.71,196.0,TESTR,AKR-TESTR-<MAC6>,0.0,1.0,0.0,100.0
55540,1,walk,walk,8111,,8111.0,20.0,1.0,0.0,1.0,-10.56,-0.299,0.66,0.0,34.0,28.18,0.0,13.0,2160.0,11.0,-3.44,-0.06,-1.01,-0.16,-12.4,-22.9,7.81,196.0,TESTR,AKR-TESTR-<MAC6>,0.0,1.0,0.0,100.0
55560,1,walk,walk,8112,,8112.0,20.0,1.0,0.0,1.0,-10.91,-0.286,0.613,0.0,34.0,28.18,0.0,13.0,2160.0,11.0,-4.48,-0.08,-1.02,-0.14,-11.24,-24.39,5.59,196.0,TESTR,AKR-TESTR-<MAC6>,0.0,1.0,0.0,100.0
55580,1,walk,walk,8113,,8113.0,20.0,1.0,0.0,1.0,-11.21,-0.283,0.042,0.0,34.0,28.18,0.0,13.0,2160.0,11.0,-5.31,-0.1,-1.04,-0.12,-10.3,-24.92,3.27,196.0,TESTR,AKR-TESTR-<MAC6>,0.0,1.0,0.0,100.0
55600,1,walk,walk,8114,,8114.0,20.0,1.0,0.0,1.0,-11.46,-0.282,-0.065,0.0,34.0,28.18,0.0,13.0,2160.0,11.0,-5.99,-0.11,-1.05,-0.11,-9.5,-24.63,1.12,196.0,TESTR,AKR-TESTR-<MAC6>,0.0,1.0,0.0,100.0
55600,1,walk,walk,8115,,8115.0,20.0,0.0,0.0,1.0,-11.67,-0.282,0.011,0.0,34.0,28.14,0.0,12.0,2160.0,11.0,-6.55,-0.12,-1.06,-0.1,-8.75,-23.69,-0.66,196.0,TESTR,AKR-TESTR-<MAC6>,0.0,1.0,0.0,100.0
55660,1,walk,walk,8116,,8116.0,20.0,0.0,0.0,1.0,-11.84,-0.282,0.038,0.0,34.0,28.14,0.0,12.0,2160.0,11.0,-7.06,-0.13,-1.06,-0.1,-8.03,-22.25,-1.94,196.0,TESTR,AKR-TESTR-<MAC6>,0.0,1.0,0.0,100.0
55660,1,walk,walk,8117,,8117.0,20.0,0.0,0.0,1.0,-11.96,-0.282,0.006,0.0,34.0,28.18,0.0,12.0,2160.0,11.0,-7.55,-0.14,-1.06,-0.1,-7.34,-20.48,-2.76,196.0,TESTR,AKR-TESTR-<MAC6>,0.0,1.0,0.0,100.0
55680,1,walk,walk,8118,,8118.0,20.0,0.0,0.0,1.0,-12.06,-0.279,0.319,0.0,34.0,28.18,0.0,12.0,2160.0,11.0,-8.08,-0.15,-1.06,-0.1,-6.7,-18.53,-3.36,196.0,TESTR,AKR-TESTR-<MAC6>,0.0,1.0,0.0,100.0
55700,1,walk,walk,8119,,8119.0,20.0,0.0,0.0,1.0,-12.12,-0.267,0.989,0.0,34.0,28.18,0.0,12.0,2160.0,11.0,-8.68,-0.16,-1.05,-0.11,-6.1,-16.54,-4.01,197.0,TESTR,AKR-TESTR-<MAC6>,0.0,1.0,0.0,100.0
55740,1,walk,walk,8120,,8120.0,20.0,0.0,0.0,1.0,-12.15,-0.254,0.808,0.0,34.0,28.18,0.0,12.0,2160.0,11.0,-9.33,-0.17,-1.04,-0.12,-5.53,-14.6,-4.93,197.0,TESTR,AKR-TESTR-<MAC6>,0.0,1.0,0.0,100.0
55740,1,walk,walk,8121,,8121.0,20.0,0.0,0.0,1.0,-12.16,-0.241,0.852,0.0,34.0,28.18,0.0,12.0,2160.0,11.0,-10.01,-0.18,-1.03,-0.13,-4.98,-12.79,-6.25,197.0,TESTR,AKR-TESTR-<MAC6>,0.0,1.0,0.0,100.0
55740,1,walk,walk,8122,,8122.0,20.0,0.0,0.0,1.0,-12.15,-0.229,0.763,0.0,34.0,28.14,0.0,12.0,2160.0,11.0,-10.68,-0.19,-1.03,-0.14,-4.41,-11.12,-7.93,197.0,TESTR,AKR-TESTR-<MAC6>,0.0,1.0,0.0,100.0
55780,1,walk,walk,8123,,8123.0,20.0,0.0,0.0,1.0,-12.11,-0.218,0.698,0.0,34.0,28.18,0.0,12.0,2160.0,11.0,-11.29,-0.2,-1.02,-0.15,-3.81,-9.65,-9.89,197.0,TESTR,AKR-TESTR-<MAC6>,0.0,1.0,0.0,100.0
55820,1,walk,walk,8124,,8124.0,20.0,0.0,0.0,1.0,-12.06,-0.208,0.767,0.0,34.0,28.14,0.0,12.0,2160.0,11.0,-11.8,-0.21,-1.01,-0.15,-3.19,-8.37,-12.03,197.0,TESTR,AKR-TESTR-<MAC6>,0.0,1.0,0.0,100.0
55820,1,walk,walk,8125,,8125.0,20.0,0.0,0.0,1.0,-11.99,-0.199,0.601,0.0,34.0,28.18,0.0,12.0,2160.0,11.0,-12.19,-0.22,-1.0,-0.16,-2.55,-7.27,-14.21,197.0,TESTR,AKR-TESTR-<MAC6>,0.0,1.0,0.0,100.0
55840,1,walk,walk,8126,,8126.0,20.0,0.0,0.0,1.0,-11.9,-0.189,0.673,0.0,34.0,28.14,0.0,12.0,2160.0,11.0,-12.45,-0.22,-1.0,-0.17,-1.9,-6.32,-16.32,197.0,TESTR,AKR-TESTR-<MAC6>,0.0,1.0,0.0,100.0
55840,1,walk,walk,8127,,8127.0,20.0,0.0,0.0,1.0,-11.8,-0.179,0.519,0.0,34.0,28.18,0.0,12.0,2160.0,11.0,-12.57,-0.22,-0.99,-0.18,-1.28,-5.5,-18.26,197.0,TESTR,AKR-TESTR-<MAC6>,0.0,1.0,0.0,100.0
55880,1,walk,walk,8128,,8128.0,20.0,0.0,0.0,1.0,-11.67,-0.173,0.542,0.0,34.0,28.18,0.0,12.0,2160.0,11.0,-12.56,-0.22,-0.99,-0.18,-0.69,-4.76,-19.94,197.0,TESTR,AKR-TESTR-<MAC6>,0.0,1.0,0.0,100.0
55920,1,walk,walk,8129,,8129.0,20.0,0.0,0.0,1.0,-11.53,-0.165,0.565,0.0,34.0,28.18,0.0,12.0,2160.0,11.0,-12.44,-0.22,-0.98,-0.19,-0.15,-4.08,-21.3,197.0,TESTR,AKR-TESTR-<MAC6>,0.0,1.0,0.0,100.0
55920,1,walk,walk,8130,,8130.0,20.0,0.0,0.0,1.0,-11.38,-0.157,0.399,0.0,34.0,28.18,0.0,12.0,2160.0,11.0,-12.23,-0.21,-0.98,-0.19,0.35,-3.45,-22.33,197.0,TESTR,AKR-TESTR-<MAC6>,0.0,1.0,0.0,100.0
55920,1,walk,walk,8131,,8131.0,20.0,0.0,0.0,1.0,-11.2,-0.152,0.348,0.0,34.0,28.18,0.0,12.0,2160.0,11.0,-11.95,-0.21,-0.98,-0.19,0.83,-2.84,-23.03,197.0,TESTR,AKR-TESTR-<MAC6>,0.0,1.0,0.0,100.0
55960,1,walk,walk,8132,,8132.0,20.0,0.0,0.0,1.0,-11.0,-0.144,0.706,0.0,34.0,28.18,0.0,12.0,2160.0,11.0,-11.63,-0.2,-0.98,-0.2,1.31,-2.27,-23.45,197.0,TESTR,AKR-TESTR-<MAC6>,0.0,1.0,0.0,100.0
55960,1,walk,walk,8133,,8133.0,20.0,0.0,0.0,1.0,-10.79,-0.133,0.727,0.0,34.0,28.18,0.0,12.0,2160.0,11.0,-11.29,-0.19,-0.98,-0.2,1.81,-1.77,-23.7,197.0,TESTR,AKR-TESTR-<MAC6>,0.0,1.0,0.0,100.0
55980,1,walk,walk,8134,,8134.0,20.0,0.0,6.0,2.0,-10.56,-0.124,0.566,0.0,34.0,28.18,0.0,12.0,2160.0,11.0,-10.93,-0.19,-0.98,-0.2,2.33,-1.34,-23.86,197.0,TESTR,AKR-TESTR-<MAC6>,0.0,1.0,0.0,100.0
56020,1,walk,walk,8135,,8135.0,20.0,0.0,6.0,2.0,-10.3,-0.117,1.126,-0.233,34.0,28.14,0.0,18.0,2160.0,11.0,-10.57,-0.18,-0.98,-0.2,2.88,-0.96,-24.01,197.0,TESTR,AKR-TESTR-<MAC6>,0.0,1.0,0.0,100.0
56040,1,walk,walk,8136,,8136.0,20.0,0.0,6.0,2.0,-10.03,-0.078,2.827,1.583,34.0,28.04,0.0,18.0,2160.0,11.0,-10.22,-0.18,-0.97,-0.2,3.43,-0.85,-24.56,197.0,TESTR,AKR-TESTR-<MAC6>,0.0,1.0,0.0,100.0
56060,1,walk,walk,8137,,8137.0,20.0,0.0,6.0,2.0,-9.74,-0.047,1.639,2.14,34.0,28.04,0.0,18.0,2160.0,11.0,-9.85,-0.17,-0.97,-0.2,3.99,-1.0,-25.66,197.0,TESTR,AKR-TESTR-<MAC6>,0.0,1.0,0.0,100.0
56080,1,walk,walk,8138,,8138.0,20.0,0.0,6.0,2.0,-9.44,-0.031,0.876,2.055,34.0,28.04,0.0,18.0,2160.0,11.0,-9.45,-0.16,-0.97,-0.2,4.56,-1.3,-27.17,197.0,TESTR,AKR-TESTR-<MAC6>,0.0,1.0,0.0,100.0
56080,1,walk,walk,8139,,8139.0,20.0,0.0,6.0,2.0,-9.12,-0.022,0.491,1.837,34.0,28.07,0.0,18.0,2160.0,11.0,-9.0,-0.15,-0.98,-0.2,5.15,-1.61,-28.88,197.0,TESTR,AKR-TESTR-<MAC6>,0.0,1.0,0.0,100.0
56100,1,walk,walk,8140,,8140.0,20.0,1.0,6.0,2.0,-8.78,-0.015,0.257,1.425,34.0,28.11,0.0,19.0,2160.0,11.0,-8.5,-0.15,-0.98,-0.2,5.78,-1.85,-30.55,197.0,TESTR,AKR-TESTR-<MAC6>,0.0,1.0,0.0,100.0
56140,1,walk,walk,8141,,8141.0,20.0,1.0,6.0,2.0,-8.43,-0.01,0.308,0.997,34.0,28.11,0.0,19.0,2160.0,11.0,-7.95,-0.14,-0.98,-0.2,6.46,-1.98,-32.0,197.0,TESTR,AKR-TESTR-<MAC6>,0.0,1.0,0.0,100.0
56140,1,walk,walk,8142,,8142.0,20.0,1.0,6.0,2.0,-8.06,-0.006,0.303,0.607,34.0,28.14,0.0,19.0,2160.0,11.0,-7.35,-0.13,-0.98,-0.2,7.21,-1.94,-33.11,197.0,TESTR,AKR-TESTR-<MAC6>,0.0,1.0,0.0,100.0
56160,1,walk,walk,8143,,8143.0,20.0,1.0,6.0,2.0,-7.68,-0.004,0.037,0.259,34.0,28.14,0.0,19.0,2160.0,11.0,-6.7,-0.12,-0.98,-0.2,8.03,-1.73,-33.82,197.0,TESTR,AKR-TESTR-<MAC6>,0.0,1.0,0.0,100.0
56200,1,walk,walk,8144,,8144.0,20.0,1.0,6.0,2.0,-7.28,-0.002,0.135,-0.033,34.0,28.14,0.0,19.0,2160.0,11.0,-6.05,-0.1,-0.99,-0.19,8.95,-1.37,-34.15,197.0,TESTR,AKR-TESTR-<MAC6>,0.0,1.0,0.0,100.0
56220,1,walk,walk,8145,,8145.0,20.0,1.0,6.0,2.0,-6.85,0.001,0.182,-0.391,34.0,28.14,0.0,19.0,2160.0,11.0,-5.4,-0.09,-0.99,-0.19,9.95,-0.89,-34.21,197.0,TESTR,AKR-TESTR-<MAC6>,0.0,1.0,0.0,100.0
56260,1,walk,walk,8146,,8146.0,20.0,1.0,6.0,2.0,-6.41,0.003,0.107,-0.61,34.0,28.14,0.0,19.0,2160.0,11.0,-4.78,-0.08,-0.99,-0.19,11.03,-0.33,-34.12,197.0,TESTR,AKR-TESTR-<MAC6>,0.0,1.0,0.0,100.0
56260,1,walk,walk,8147,,8147.0,20.0,1.0,6.0,2.0,-5.96,0.006,0.241,-0.973,34.0,28.14,0.0,19.0,2160.0,11.0,-4.2,-0.07,-1.0,-0.19,12.13,0.3,-34.02,197.0,TESTR,AKR-TESTR-<MAC6>,0.0,1.0,0.0,100.0
56260,1,walk,walk,8148,,8148.0,20.0,1.0,6.0,2.0,-5.48,0.009,0.177,-1.308,34.0,28.11,0.0,19.0,2160.0,11.0,-3.65,-0.06,-1.0,-0.18,13.16,1.05,-34.01,197.0,TESTR,AKR-TESTR-<MAC6>,0.0,1.0,0.0,100.0
56280,1,walk,walk,8149,,8149.0,20.0,1.0,6.0,2.0,-4.99,0.01,-0.017,-1.242,34.0,28.11,0.0,19.0,2160.0,11.0,-3.12,-0.05,-1.01,-0.18,14.0,2.0,-34.14,197.0,TESTR,AKR-TESTR-<MAC6>,0.0,1.0,0.0,100.0
56320,1,walk,walk,8150,,8150.0,20.0,1.0,6.0,2.0,-4.48,0.009,-0.069,-1.135,34.0,28.11,0.0,19.0,2160.0,11.0,-2.61,-0.05,-1.01,-0.18,14.6,3.26,-34.46,197.0,TESTR,AKR-TESTR-<MAC6>,0.0,1.0,0.0,100.0
56340,1,walk,walk,8151,,8151.0,20.0,1.0,6.0,2.0,-3.96,0.007,-0.244,-0.758,34.0,28.14,0.0,19.0,2160.0,11.0,-2.11,-0.04,-1.02,-0.18,14.89,4.91,-34.93,197.0,TESTR,AKR-TESTR-<MAC6>,0.0,1.0,0.0,100.0
56340,1,walk,walk,8152,,8152.0,20.0,1.0,6.0,2.0,-3.43,0.004,-0.061,-0.268,34.0,28.14,0.0,19.0,2160.0,11.0,-1.59,-0.03,-1.02,-0.18,14.79,7.08,-35.52,197.0,TESTR,AKR-TESTR-<MAC6>,0.0,1.0,0.0,100.0
56400,1,walk,walk,8153,,8153.0,20.0,1.0,6.0,2.0,-2.89,0.001,-0.155,-0.037,34.0,28.14,0.0,19.0,2160.0,11.0,-1.05,-0.02,-1.03,-0.18,14.24,9.95,-36.12,197.0,TESTR,AKR-TESTR-<MAC6>,0.0,1.0,0.0,100.0
56420,1,walk,walk,8154,,8154.0,20.0,1.0,6.0,2.0,-2.33,-0.001,-0.139,0.344,34.0,28.14,0.0,19.0,2160.0,11.0,-0.5,-0.01,-1.03,-0.18,13.17,13.75,-36.57,197.0,TESTR,AKR-TESTR-<MAC6>,0.0,1.0,0.0,100.0
56440,1,walk,walk,8155,,8155.0,20.0,1.0,6.0,2.0,-1.77,-0.003,-0.16,0.535,34.0,28.14,0.0,19.0,2160.0,11.0,-0.02,0.0,-1.03,-0.18,11.56,18.71,-36.58,197.0,TESTR,AKR-TESTR-<MAC6>,0.0,1.0,0.0,100.0
56440,1,walk,walk,8156,,8156.0,20.0,1.0,6.0,2.0,-1.2,-0.004,-0.003,0.646,34.0,28.14,0.0,19.0,2160.0,11.0,0.2,0.0,-1.03,-0.18,9.49,24.95,-35.58,197.0,TESTR,AKR-TESTR-<MAC6>,0.0,1.0,0.0,100.0
56460,1,walk,walk,8157,,8157.0,20.0,1.0,6.0,2.0,-0.62,-0.004,0.025,0.463,34.0,28.14,0.0,19.0,2160.0,11.0,-0.05,0.0,-1.02,-0.17,7.1,32.21,-32.98,197.0,TESTR,AKR-TESTR-<MAC6>,0.0,1.0,0.0,100.0
56460,1,walk,walk,8158,,8158.0,20.0,1.0,6.0,2.0,-0.03,-0.004,0.132,0.454,34.0,28.14,0.0,19.0,2160.0,11.0,-0.92,-0.02,-1.02,-0.17,4.54,39.84,-28.48,197.0,TESTR,AKR-TESTR-<MAC6>,0.0,1.0,0.0,100.0
56500,1,walk,walk,8159,,8159.0,20.0,1.0,6.0,2.0,0.56,-0.004,-0.015,0.456,34.0,28.14,0.0,19.0,2160.0,11.0,-2.42,-0.04,-1.01,-0.16,2.04,46.85,-22.17,197.0,TESTR,AKR-TESTR-<MAC6>,0.0,1.0,0.0,100.0
56500,1,walk,walk,8160,,8160.0,20.0,1.0,0.0,5.0,1.14,-0.004,0.01,0.466,34.0,28.14,0.0,19.0,2160.0,11.0,-4.41,-0.08,-1.01,-0.16,-0.2,52.15,-14.5,197.0,TESTR,AKR-TESTR-<MAC6>,0.0,1.0,0.0,100.0
56540,1,walk,walk,8161,,8161.0,20.0,0.0,0.0,5.0,1.7,-0.004,0.058,0.466,34.0,28.14,0.0,19.0,2160.0,11.0,-6.64,-0.12,-1.01,-0.15,-2.07,54.88,-6.03,197.0,TESTR,AKR-TESTR-<MAC6>,0.0,1.0,0.0,100.0
56560,1,walk,walk,8162,,8162.0,20.0,0.0,0.0,6.0,2.24,-0.017,-1.64,0.0,34.0,28.25,0.0,9.0,2160.0,11.0,-8.83,-0.16,-1.02,-0.15,-3.53,54.61,2.66,197.0,TESTR,AKR-TESTR-<MAC6>,0.0,1.0,0.0,100.0
56560,1,walk,walk,8163,,8163.0,20.0,0.0,0.0,6.0,2.75,-0.029,-0.602,0.0,34.0,28.18,0.0,9.0,2160.0,11.0,-10.73,-0.19,-1.02,-0.15,-4.57,51.31,11.07,197.0,TESTR,AKR-TESTR-<MAC6>,0.0,1.0,0.0,100.0
56580,1,walk,walk,8164,,8164.0,20.0,0.0,0.0,6.0,3.2,-0.032,0.033,0.0,34.0,28.18,0.0,9.0,2160.0,11.0,-12.16,-0.22,-1.03,-0.15,-5.23,45.4,18.76,197.0,TESTR,AKR-TESTR-<MAC6>,0.0,1.0,0.0,100.0
56620,1,walk,walk,8165,,8165.0,20.0,0.0,0.0,6.0,3.58,-0.032,0.015,0.0,34.0,28.18,0.0,9.0,2160.0,11.0,-13.03,-0.24,-1.03,-0.15,-5.55,37.63,25.5,197.0,TESTR,AKR-TESTR-<MAC6>,0.0,1.0,0.0,100.0
56620,1,walk,walk,8166,,8166.0,20.0,0.0,0.0,6.0,3.89,-0.032,0.052,0.0,34.0,28.18,0.0,9.0,2160.0,11.0,-13.3,-0.25,-1.04,-0.15,-5.62,28.96,31.23,197.0,TESTR,AKR-TESTR-<MAC6>,0.0,1.0,0.0,100.0
56640,1,walk,walk,8167,,8167.0,20.0,0.0,0.0,6.0,4.11,-0.032,0.066,0.0,34.0,28.18,0.0,9.0,2160.0,11.0,-13.03,-0.24,-1.05,-0.16,-5.51,20.36,36.0,197.0,TESTR,AKR-TESTR-<MAC6>,0.0,1.0,0.0,100.0
56680,1,walk,walk,8168,,8168.0,20.0,0.0,0.0,6.0,4.22,-0.031,0.033,0.0,34.0,28.14,0.0,9.0,2160.0,11.0,-12.29,-0.23,-1.05,-0.16,-5.32,12.66,39.89,197.0,TESTR,AKR-TESTR-<MAC6>,0.0,1.0,0.0,100.0
56700,1,walk,walk,8169,,8169.0,20.0,0.0,0.0,6.0,4.24,-0.031,0.001,0.0,34.0,28.14,0.0,9.0,2160.0,11.0,-11.2,-0.21,-1.05,-0.16,-5.11,6.37,43.01,198.0,TESTR,AKR-TESTR-<MAC6>,0.0,1.0,0.0,100.0
56720,1,walk,walk,8170,,8170.0,20.0,0.0,0.0,6.0,4.15,-0.031,0.025,0.0,34.0,28.18,0.0,9.0,2160.0,11.0,-9.85,-0.18,-1.05,-0.16,-4.94,1.69,45.43,198.0,TESTR,AKR-TESTR-<MAC6>,0.0,1.0,0.0,100.0
56740,1,walk,walk,8171,,8171.0,20.0,0.0,0.0,6.0,3.95,-0.031,-0.017,0.0,34.0,28.18,0.0,9.0,2160.0,11.0,-8.37,-0.15,-1.05,-0.16,-4.88,-1.45,47.16,198.0,TESTR,AKR-TESTR-<MAC6>,0.0,1.0,0.0,100.0
56740,1,walk,walk,8172,,8172.0,20.0,0.0,0.0,6.0,3.65,-0.031,0.019,0.0,34.0,28.18,0.0,9.0,2160.0,11.0,-6.84,-0.13,-1.04,-0.16,-4.96,-3.34,48.23,198.0,TESTR,AKR-TESTR-<MAC6>,0.0,1.0,0.0,100.0
56780,1,walk,walk,8173,,8173.0,20.0,0.0,0.0,6.0,3.25,-0.031,-0.014,0.0,34.0,28.18,0.0,9.0,2160.0,11.0,-5.35,-0.1,-1.03,-0.16,-5.22,-4.32,48.63,198.0,TESTR,AKR-TESTR-<MAC6>,0.0,1.0,0.0,100.0
56800,1,walk,walk,8174,,8174.0,20.0,0.0,0.0,7.0,2.77,-0.031,-0.001,0.0,34.0,28.18,0.0,9.0,2160.0,11.0,-3.95,-0.07,-1.03,-0.17,-5.68,-4.76,48.41,198.0,TESTR,AKR-TESTR-<MAC6>,0.0,1.0,0.0,100.0
56800,1,walk,walk,8175,,8175.0,20.0,0.0,0.0,7.0,2.2,-0.031,-0.05,0.0,34.0,28.14,0.0,9.0,2160.0,11.0,-2.66,-0.05,-1.02,-0.17,-6.32,-4.91,47.6,198.0,TESTR,AKR-TESTR-<MAC6>,0.0,1.0,0.0,100.0
56820,1,walk,walk,8176,,8176.0,20.0,0.0,0.0,7.0,1.57,-0.031,-0.079,0.0,34.0,28.18,0.0,9.0,2160.0,11.0,-1.5,-0.03,-1.01,-0.17,-7.12,-4.92,46.28,198.0,TESTR,AKR-TESTR-<MAC6>,0.0,1.0,0.0,100.0
56880,1,walk,walk,8177,,8177.0,20.0,0.0,0.0,7.0,0.89,-0.031,0.04,0.0,34.0,28.18,0.0,9.0,2160.0,11.0,-0.47,-0.01,-1.0,-0.17,-8.05,-4.85,44.53,198.0,TESTR,AKR-TESTR-<MAC6>,0.0,1.0,0.0,100.0
56880,1,walk,walk,8178,,8178.0,20.0,0.0,0.0,7.0,0.16,-0.032,-0.079,0.0,34.0,28.14,0.0,9.0,2160.0,11.0,0.43,0.01,-0.99,-0.18,-9.08,-4.67,42.42,198.0,TESTR,AKR-TESTR-<MAC6>,0.0,1.0,0.0,100.0
56880,1,walk,walk,8179,,8179.0,20.0,0.0,0.0,7.0,-0.6,-0.033,-0.119,0.0,34.0,28.18,0.0,9.0,2160.0,11.0,1.2,0.02,-0.98,-0.18,-10.21,-4.29,40.05,198.0,TESTR,AKR-TESTR-<MAC6>,0.0,1.0,0.0,100.0
56920,1,walk,walk,8180,,8180.0,20.0,0.0,0.0,7.0,-1.38,-0.039,-0.621,0.0,34.0,28.18,0.0,9.0,2160.0,11.0,1.84,0.03,-0.97,-0.18,-11.44,-3.6,37.54,198.0,TESTR,AKR-TESTR-<MAC6>,0.0,1.0,0.0,100.0
56920,1,walk,walk,8181,,8181.0,20.0,0.0,0.0,7.0,-2.17,-0.052,-0.852,0.0,34.0,28.18,0.0,9.0,2160.0,11.0,2.36,0.04,-0.96,-0.19,-12.73,-2.56,34.95,198.0,TESTR,AKR-TESTR-<MAC6>,0.0,1.0,0.0,100.0
56940,1,walk,walk,8182,,8182.0,20.0,0.0,0.0,7.0,-2.95,-0.06,-0.373,0.0,34.0,28.18,0.0,9.0,2160.0,11.0,2.77,0.05,-0.95,-0.19,-14.06,-1.23,32.32,198.0,TESTR,AKR-TESTR-<MAC6>,0.0,1.0,0.0,100.0
56980,1,walk,walk,8183,,8183.0,20.0,0.0,0.0,7.0,-3.73,-0.068,-0.728,0.0,34.0,28.14,0.0,9.0,2160.0,11.0,3.04,0.05,-0.94,-0.19,-15.36,0.28,29.65,198.0,TESTR,AKR-TESTR-<MAC6>,0.0,1.0,0.0,100.0
56980,1,walk,walk,8184,,8184.0,20.0,0.0,0.0,7.0,-4.48,-0.084,-1.138,0.0,34.0,28.18,0.0,9.0,2160.0,11.0,3.2,0.05,-0.94,-0.19,-16.61,1.82,26.96,198.0,TESTR,AKR-TESTR-<MAC6>,0.0,1.0,0.0,100.0
57000,1,walk,walk,8185,,8185.0,20.0,0.0,0.0,7.0,-5.2,-0.099,-1.091,0.0,34.0,28.18,0.0,9.0,2160.0,11.0,3.22,0.05,-0.93,-0.19,-17.77,3.15,24.25,198.0,TESTR,AKR-TESTR-<MAC6>,0.0,1.0,0.0,100.0
57040,1,walk,walk,8186,,8186.0,20.0,0.0,0.0,7.0,-5.89,-0.113,-0.81,0.0,34.0,28.18,0.0,9.0,2160.0,11.0,3.14,0.05,-0.93,-0.19,-18.81,4.01,21.52,198.0,TESTR,AKR-TESTR-<MAC6>,0.0,1.0,0.0,100.0
57040,1,walk,walk,8187,,8187.0,20.0,0.0,0.0,7.0,-6.54,-0.125,-0.997,0.0,34.0,28.18,0.0,9.0,2160.0,11.0,2.97,0.05,-0.92,-0.19,-19.73,4.21,18.72,198.0,TESTR,AKR-TESTR-<MAC6>,0.0,1.0,0.0,100.0
57060,1,walk,walk,8188,,8188.0,20.0,0.0,0.0,7.0,-7.14,-0.141,-1.374,0.0,34.0,28.18,0.0,9.0,2160.0,11.0,2.58,0.04,-0.92,-0.19,-20.54,3.72,15.92,198.0,TESTR,AKR-TESTR-<MAC6>,0.0,1.0,0.0,100.0
57100,1,walk,walk,8189,,8189.0,20.0,0.0,0.0,7.0,-7.7,-0.187,-4.291,0.0,34.0,28.18,0.0,9.0,2160.0,11.0,1.78,0.03,-0.93,-0.19,-20.92,2.28,13.39,198.0,TESTR,AKR-TESTR-<MAC6>,0.0,1.0,0.0,100.0
57100,1,walk,walk,8190,,8190.0,20.0,0.0,0.0,7.0,-8.2,-0.257,-4.351,0.0,34.0,28.18,0.0,9.0,2160.0,11.0,0.58,0.01,-0.94,-0.18,-20.67,-0.26,11.51,198.0,TESTR,AKR-TESTR-<MAC6>,0.0,1.0,0.0,100.0
57120,1,walk,walk,8191,,8191.0,20.0,0.0,0.0,7.0,-8.66,-0.29,0.304,0.0,34.0,28.18,0.0,9.0,2160.0,11.0,-0.71,-0.01,-0.96,-0.17,-19.71,-3.66,10.36,198.0,TESTR,AKR-TESTR-<MAC6>,0.0,1.0,0.0,100.0
57160,1,walk,walk,8192,,8192.0,20.0,0.0,0.0,7.0,-9.07,-0.272,1.419,0.0,34.0,28.18,0.0,9.0,2160.0,11.0,-1.89,-0.03,-0.98,-0.16,-18.13,-7.16,9.53,198.0,TESTR,AKR-TESTR-<MAC6>,0.0,1.0,0.0,100.0
57180,1,walk,walk,8193,,8193.0,20.0,0.0,0.0,7.0,-9.43,-0.26,0.205,0.0,34.0,28.18,0.0,9.0,2160.0,11.0,-2.9,-0.05,-1.0,-0.15,-16.17,-10.34,8.66,198.0,TESTR,AKR-TESTR-<MAC6>,0.0,1.0,0.0,100.0
57200,1,walk,walk,8194,,8194.0,20.0,0.0,0.0,7.0,-9.74,-0.254,0.422,0.0,34.0,28.18,0.0,9.0,2160.0,11.0,-3.72,-0.07,-1.02,-0.13,-14.15,-12.85,7.57,198.0,TESTR,AKR-TESTR-<MAC6>,0.0,1.0,0.0,100.0
57220,1,walk,walk,8195,,8195.0,20.0,0.0,0.0,7.0,-10.01,-0.251,0.038,0.0,34.0,28.18,0.0,9.0,2160.0,11.0,-4.39,-0.08,-1.03,-0.12,-12.33,-14.57,6.27,198.0,TESTR,AKR-TESTR-<MAC6>,0.0,1.0,0.0,100.0
57220,1,walk,walk,8196,,8196.0,20.0,0.0,0.0,7.0,-10.24,-0.251,0.028,0.0,34.0,28.18,0.0,9.0,2160.0,11.0,-4.94,-0.09,-1.05,-0.1,-10.8,-15.51,4.91,198.0,TESTR,AKR-TESTR-<MAC6>,0.0,1.0,0.0,100.0
57240,1,walk,walk,8197,,8197.0,20.0,0.0,0.0,7.0,-10.44,-0.252,-0.044,0.0,34.0,28.18,0.0,9.0,2160.0,11.0,-5.42,-0.1,-1.05,-0.1,-9.51,-15.74,3.66,198.0,TESTR,AKR-TESTR-<MAC6>,0.0,1.0,0.0,100.0
57280,1,walk,walk,8198,,8198.0,20.0,0.0,0.0,1.0,-10.6,-0.252,-0.061,0.0,34.0,28.18,0.0,9.0,2160.0,11.0,-5.87,-0.11,-1.06,-0.1,-8.37,-15.41,2.66,198.0,TESTR,AKR-TESTR-<MAC6>,0.0,1.0,0.0,100.0
57280,1,walk,walk,8199,,8199.0,20.0,0.0,0.0,1.0,-10.74,-0.252,0.045,0.0,34.0,28.18,0.0,9.0,2160.0,11.0,-6.34,-0.12,-1.06,-0.1,-7.32,-14.66,1.98,198.0,TESTR,AKR-TESTR-<MAC6>,0.0,1.0,0.0,100.0
57300,1,walk,walk,8200,,8200.0,20.0,0.0,0.0,1.0,-10.85,-0.252,-0.049,0.0,34.0,28.18,0.0,9.0,2160.0,11.0,-6.85,-0.13,-1.06,-0.1,-6.35,-13.62,1.55,198.0,TESTR,AKR-TESTR-<MAC6>,0.0,1.0,0.0,100.0
57360,1,walk,walk,8201,,8201.0,20.0,1.0,0.0,1.0,-10.93,-0.248,0.54,0.0,34.0,28.18,0.0,10.0,2160.0,11.0,-7.43,-0.14,-1.05,-0.11,-5.46,-12.41,1.2,198.0,TESTR,AKR-TESTR-<MAC6>,0.0,1.0,0.0,100.0
57360,1,walk,walk,8202,,8202.0,20.0,0.0,0.0,1.0,-11.0,-0.236,0.77,0.0,34.0,28.18,0.0,9.0,2160.0,11.0,-8.08,-0.15,-1.04,-0.12,-4.67,-11.16,0.7,198.0,TESTR,AKR-TESTR-<MAC6>,0.0,1.0,0.0,100.0
57360,1,walk,walk,8203,,8203.0,20.0,0.0,0.0,1.0,-11.05,-0.224,0.825,0.0,34.0,28.18,0.0,9.0,2160.0,11.0,-8.78,-0.16,-1.04,-0.13,-4.0,-9.95,-0.18,198.0,TESTR,AKR-TESTR-<MAC6>,0.0,1.0,0.0,100.0
57400,1,walk,walk,8204,,8204.0,20.0,0.0,0.0,1.0,-11.08,-0.211,0.841,0.0,34.0,28.14,0.0,9.0,2160.0,11.0,-9.47,-0.17,-1.03,-0.14,-3.45,-8.84,-1.53,198.0,TESTR,AKR-TESTR-<MAC6>,0.0,1.0,0.0,100.0
57420,1,walk,walk,8205,,8205.0,20.0,0.0,0.0,1.0,-11.1,-0.201,0.562,0.0,34.0,28.18,0.0,9.0,2160.0,11.0,-10.12,-0.18,-1.02,-0.15,-3.0,-7.85,-3.32,198.0,TESTR,AKR-TESTR-<MAC6>,0.0,1.0,0.0,100.0
57420,1,walk,walk,8206,,8206.0,20.0,0.0,0.0,1.0,-11.1,-0.192,0.629,0.0,34.0,28.18,0.0,9.0,2160.0,11.0,-10.68,-0.19,-1.01,-0.16,-2.62,-6.97,-5.45,198.0,TESTR,AKR-TESTR-<MAC6>,0.0,1.0,0.0,100.0
57460,1,walk,walk,8207,,8207.0,20.0,0.0,0.0,1.0,-11.1,-0.182,0.649,0.0,34.0,28.14,0.0,9.0,2160.0,11.0,-11.12,-0.2,-1.0,-0.16,-2.26,-6.2,-7.77,198.0,TESTR,AKR-TESTR-<MAC6>,0.0,1.0,0.0,100.0
57460,1,walk,walk,8208,,8208.0,20.0,0.0,0.0,1.0,-11.08,-0.176,0.367,0.0,34.0,28.18,0.0,9.0,2160.0,11.0,-11.43,-0.2,-1.0,-0.17,-1.9,-5.52,-10.09,198.0,TESTR,AKR-TESTR-<MAC6>,0.0,1.0,0.0,100.0
57480,1,walk,walk,8209,,8209.0,20.0,0.0,0.0,1.0,-11.05,-0.17,0.519,0.0,34.0,28.18,0.0,9.0,2160.0,11.0,-11.6,-0.2,-0.99,-0.18,-1.54,-4.91,-12.25,198.0,TESTR,AKR-TESTR-<MAC6>,0.0,1.0,0.0,100.0
57520,1,walk,walk,8210,,8210.0,20.0,0.0,0.0,1.0,-11.01,-0.163,0.477,0.0,34.0,28.14,0.0,9.0,2160.0,11.0,-11.65,-0.2,-0.99,-0.19,-1.17,-4.36,-14.18,198.0,TESTR,AKR-TESTR-<MAC6>,0.0,1.0,0.0,100.0
57540,1,walk,walk,8211,,8211.0,20.0,0.0,0.0,1.0,-10.95,-0.156,0.26,0.0,34.0,28.18,0.0,9.0,2160.0,11.0,-11.6,-0.2,-0.99,-0.19,-0.8,-3.89,-15.79,198.0,TESTR,AKR-TESTR-<MAC6>,0.0,1.0,0.0,100.0
57540,1,walk,walk,8212,,8212.0,20.0,0.0,0.0,1.0,-10.88,-0.153,0.288,0.0,34.0,28.18,0.0,9.0,2160.0,11.0,-11.45,-0.2,-0.98,-0.2,-0.4,-3.44,-17.05,198.0,TESTR,AKR-TESTR-<MAC6>,0.0,1.0,0.0,100.0
57580,1,walk,walk,8213,,8213.0,20.0,0.0,0.0,1.0,-10.79,-0.148,0.369,0.0,34.0,28.18,0.0,9.0,2160.0,11.0,-11.23,-0.19,-0.98,-0.2,0.03,-3.05,-17.96,198.0,TESTR,AKR-TESTR-<MAC6>,0.0,1.0,0.0,100.0
57580,1,walk,walk,8214,,8214.0,20.0,0.0,0.0,1.0,-10.68,-0.141,0.382,0.0,34.0,28.18,0.0,9.0,2160.0,11.0,-10.95,-0.19,-0.98,-0.2,0.5,-2.71,-18.57,198.0,TESTR,AKR-TESTR-<MAC6>,0.0,1.0,0.0,100.0
57600,1,walk,walk,8215,,8215.0,20.0,0.0,0.0,1.0,-10.56,-0.135,0.413,0.0,34.0,28.18,0.0,9.0,2160.0,11.0,-10.63,-0.18,-0.98,-0.21,1.01,-2.42,-18.92,198.0,TESTR,AKR-TESTR-<MAC6>,0.0,1.0,0.0,100.0
57640,1,walk,walk,8216,,8216.0,20.0,0.0,0.0,1.0,-10.41,-0.13,0.154,0.0,34.0,28.14,0.0,9.0,2160.0,11.0,-10.29,-0.18,-0.98,-0.21,1.57,-2.15,-19.06,198.0,TESTR,AKR-TESTR-<MAC6>,0.0,1.0,0.0,100.0
57660,1,walk,walk,8217,,8217.0,20.0,0.0,0.0,1.0,-10.25,-0.126,0.318,0.0,34.0,28.18,0.0,9.0,2160.0,11.0,-9.94,-0.17,-0.98,-0.21,2.17,-1.9,-19.03,199.0,TESTR,AKR-TESTR-<MAC6>,0.0,1.0,0.0,100.0
57680,1,walk,walk,8218,,8218.0,20.0,0.0,0.0,1.0,-10.07,-0.119,0.574,0.0,34.0,28.18,0.0,9.0,2160.0,11.0,-9.59,-0.17,-0.98,-0.21,2.8,-1.69,-18.92,199.0,TESTR,AKR-TESTR-<MAC6>,0.0,1.0,0.0,100.0
57700,1,walk,walk,8219,,8219.0,20.0,0.0,0.0,1.0,-9.87,-0.111,0.441,0.0,34.0,28.18,0.0,9.0,2160.0,11.0,-9.25,-0.16,-0.98,-0.21,3.46,-1.52,-18.81,199.0,TESTR,AKR-TESTR-<MAC6>,0.0,1.0,0.0,100.0
57700,1,walk,walk,8220,,8220.0,20.0,0.0,0.0,1.0,-9.65,-0.105,0.401,0.0,34.0,28.18,0.0,9.0,2160.0,11.0,-8.92,-0.15,-0.98,-0.21,4.13,-1.36,-18.74,199.0,TESTR,AKR-TESTR-<MAC6>,0.0,1.0,0.0,100.0
57720,1,walk,walk,8221,,8221.0,20.0,0.0,0.0,1.0,-9.41,-0.1,0.268,0.0,34.0,28.18,0.0,9.0,2160.0,11.0,-8.6,-0.15,-0.98,-0.21,4.81,-1.25,-18.72,199.0,TESTR,AKR-TESTR-<MAC6>,0.0,1.0,0.0,100.0
57760,1,walk,walk,8222,,8222.0,20.0,0.0,0.0,1.0,-9.17,-0.094,0.53,0.0,34.0,28.18,0.0,9.0,2160.0,11.0,-8.28,-0.14,-0.98,-0.21,5.5,-1.18,-18.76,199.0,TESTR,AKR-TESTR-<MAC6>,0.0,1.0,0.0,100.0
57760,1,walk,walk,8223,,8223.0,20.0,1.0,0.0,1.0,-8.91,-0.086,0.406,0.0,34.0,28.18,0.0,10.0,2160.0,11.0,-7.95,-0.14,-0.98,-0.21,6.21,-1.16,-18.87,199.0,TESTR,AKR-TESTR-<MAC6>,0.0,1.0,0.0,100.0
57780,1,walk,walk,8224,,8224.0,20.0,0.0,0.0,1.0,-8.63,-0.081,0.357,0.0,34.0,28.18,0.0,9.0,2160.0,11.0,-7.61,-0.13,-0.98,-0.21,6.99,-1.19,-19.03,199.0,TESTR,AKR-TESTR-<MAC6>,0.0,1.0,0.0,100.0
57820,1,walk,walk,8225,,8225.0,20.0,0.0,0.0,1.0,-8.35,-0.077,0.295,0.0,34.0,28.14,0.0,9.0,2160.0,11.0,-7.26,-0.13,-0.98,-0.21,7.83,-1.26,-19.18,199.0,TESTR,AKR-TESTR-<MAC6>,0.0,1.0,0.0,100.0
57840,1,walk,walk,8226,,8226.0,20.0,0.0,0.0,1.0,-8.06,-0.073,0.249,0.0,34.0,28.18,0.0,9.0,2160.0,11.0,-6.88,-0.12,-0.98,-0.21,8.75,-1.35,-19.26,199.0,TESTR,AKR-TESTR-<MAC6>,0.0,1.0,0.0,100.0
57860,1,walk,walk,8227,,8227.0,20.0,0.0,0.0,1.0,-7.77,-0.071,0.103,0.0,34.0,28.18,0.0,9.0,2160.0,11.0,-6.48,-0.11,-0.98,-0.21,9.71,-1.44,-19.23,199.0,TESTR,AKR-TESTR-<MAC6>,0.0,1.0,0.0,100.0
57880,1,walk,walk,8228,,8228.0,20.0,0.0,0.0,1.0,-7.46,-0.068,0.246,0.0,34.0,28.18,0.0,9.0,2160.0,11.0,-6.06,-0.1,-0.99,-0.2,10.66,-1.52,-19.04,199.0,TESTR,AKR-TESTR-<MAC6>,0.0,1.0,0.0,100.0
57880,1,walk,walk,8229,,8229.0,20.0,0.0,0.0,1.0,-7.15,-0.066,0.096,0.0,34.0,28.18,0.0,9.0,2160.0,11.0,-5.62,-0.1,-0.99,-0.2,11.57,-1.58,-18.67,199.0,TESTR,AKR-TESTR-<MAC6>,0.0,1.0,0.0,100.0
57900,1,walk,walk,8230,,8230.0,20.0,0.0,0.0,1.0,-6.84,-0.065,-0.018,0.0,34.0,28.18,0.0,9.0,2160.0,11.0,-5.19,-0.09,-0.99,-0.2,12.41,-1.62,-18.12,199.0,TESTR,AKR-TESTR-<MAC6>,0.0,1.0,0.0,100.0
57940,1,walk,walk,8231,,8231.0,20.0,0.0,0.0,1.0,-6.52,-0.064,0.101,0.0,34.0,28.18,0.0,9.0,2160.0,11.0,-4.76,-0.08,-0.99,-0.19,13.17,-1.63,-17.4,199.0,TESTR,AKR-TESTR-<MAC6>,0.0,1.0,0.0,100.0
57940,1,walk,walk,8232,,8232.0,20.0,0.0,0.0,1.0,-6.2,-0.062,0.132,0.0,34.0,28.18,0.0,9.0,2160.0,11.0,-4.35,-0.08,-0.99,-0.19,13.83,-1.61,-16.59,199.0,TESTR,AKR-TESTR-<MAC6>,0.0,1.0,0.0,100.0
57960,1,walk,walk,8233,,8233.0,20.0,0.0,0.0,1.0,-5.88,-0.059,0.3,0.0,34.0,28.18,0.0,9.0,2160.0,11.0,-3.96,-0.07,-0.99,-0.18,14.41,-1.57,-15.77,199.0,TESTR,AKR-TESTR-<MAC6>,0.0,1.0,0.0,100.0
58020,1,walk,walk,8234,,8234.0,20.0,0.0,6.0,2.0,-5.55,-0.056,0.253,0.0,34.0,28.18,0.0,9.0,2160.0,11.0,-3.61,-0.06,-0.99,-0.18,14.9,-1.54,-14.97,199.0,TESTR,AKR-TESTR-<MAC6>,0.0,1.0,0.0,100.0
58020,1,walk,walk,8235,,8235.0,20.0,0.0,6.0,2.0,-5.23,-0.054,0.195,-0.023,34.0,28.14,0.0,18.0,2160.0,11.0,-3.3,-0.06,-0.99,-0.17,15.33,-1.52,-14.43,199.0,TESTR,AKR-TESTR-<MAC6>,0.0,1.0,0.0,100.0
58020,1,walk,walk,8236,,8236.0,20.0,0.0,6.0,2.0,-4.91,-0.035,1.201,0.758,34.0,28.11,0.0,18.0,2160.0,11.0,-3.03,-0.05,-0.99,-0.16,15.68,-1.54,-14.26,199.0,TESTR,AKR-TESTR-<MAC6>,0.0,1.0,0.0,100.0
58060,1,walk,walk,8237,,8237.0,20.0,1.0,6.0,2.0,-4.59,-0.022,0.618,0.939,34.0,28.11,0.0,19.0,2160.0,11.0,-2.78,-0.05,-0.99,-0.16,15.99,-1.57,-14.42,199.0,TESTR,AKR-TESTR-<MAC6>,0.0,1.0,0.0,100.0
58060,1,walk,walk,8238,,8238.0,20.0,1.0,6.0,2.0,-4.28,-0.015,0.352,1.127,34.0,28.11,0.0,19.0,2160.0,11.0,-2.55,-0.04,-0.99,-0.15,16.27,-1.6,-14.8,199.0,TESTR,AKR-TESTR-<MAC6>,0.0,1.0,0.0,100.0
58080,1,walk,walk,8239,,8239.0,20.0,1.0,6.0,2.0,-3.97,-0.011,0.221,1.034,34.0,28.11,0.0,19.0,2160.0,11.0,-2.33,-0.04,-0.99,-0.15,16.55,-1.62,-15.31,199.0,TESTR,AKR-TESTR-<MAC6>,0.0,1.0,0.0,100.0
58120,1,walk,walk,8240,,8240.0,20.0,1.0,6.0,2.0,-3.67,-0.009,0.124,0.865,34.0,28.14,0.0,19.0,2160.0,11.0,-2.12,-0.04,-1.0,-0.14,16.86,-1.6,-15.87,199.0,TESTR,AKR-TESTR-<MAC6>,0.0,1.0,0.0,100.0
58120,1,walk,walk,8241,,8241.0,20.0,1.0,6.0,2.0,-3.37,-0.007,0.16,0.704,34.0,28.14,0.0,19.0,2160.0,11.0,-1.9,-0.03,-1.0,-0.14,17.21,-1.53,-16.42,199.0,TESTR,AKR-TESTR-<MAC6>,0.0,1.0,0.0,100.0
58180,1,walk,walk,8242,,8242.0,20.0,1.0,6.0,2.0,-3.07,-0.006,0.079,0.599,34.0,28.14,0.0,19.0,2160.0,11.0,-1.69,-0.03,-1.0,-0.13,17.6,-1.33,-16.97,199.0,TESTR,AKR-TESTR-<MAC6>,0.0,1.0,0.0,100.0
58180,1,walk,walk,8243,,8243.0,20.0,1.0,6.0,2.0,-2.77,-0.005,0.029,0.535,34.0,28.14,0.0,19.0,2160.0,11.0,-1.46,-0.03,-1.0,-0.13,18.01,-0.94,-17.54,199.0,TESTR,AKR-TESTR-<MAC6>,0.0,1.0,0.0,100.0
58240,1,walk,walk,8244,,8244.0,20.0,1.0,6.0,2.0,-2.48,-0.005,0.032,0.465,34.0,28.14,0.0,19.0,2160.0,11.0,-1.21,-0.02,-1.01,-0.13,18.37,-0.25,-18.14,199.0,TESTR,AKR-TESTR-<MAC6>,0.0,1.0,0.0,100.0
58240,1,walk,walk,8245,,8245.0,20.0,1.0,6.0,2.0,-2.19,-0.004,0.014,0.474,34.0,28.14,0.0,19.0,2160.0,11.0,-0.91,-0.02,-1.01,-0.12,18.5,1.02,-18.8,199.0,TESTR,AKR-TESTR-<MAC6>,0.0,1.0,0.0,100.0
58240,1,walk,walk,8246,,8246.0,20.0,0.0,6.0,2.0,-1.89,-0.005,-0.083,0.647,34.0,28.14,0.0,18.0,2160.0,11.0,-0.56,-0.01,-1.02,-0.13,18.22,3.28,-19.53,199.0,TESTR,AKR-TESTR-<MAC6>,0.0,1.0,0.0,100.0
58240,1,walk,walk,8247,,8247.0,20.0,1.0,6.0,2.0,-1.6,-0.006,-0.132,0.9,34.0,28.14,0.0,19.0,2160.0,11.0,-0.17,0.0,-1.02,-0.13,17.36,6.9,-20.31,199.0,TESTR,AKR-TESTR-<MAC6>,0.0,1.0,0.0,100.0
58260,1,walk,walk,8248,,8248.0,20.0,1.0,6.0,2.0,-1.3,-0.009,-0.173,1.176,34.0,28.11,0.0,19.0,2160.0,11.0,0.22,0.0,-1.02,-0.13,15.78,12.27,-21.06,199.0,TESTR,AKR-TESTR-<MAC6>,0.0,1.0,0.0,100.0
58300,1,walk,walk,8249,,8249.0,20.0,1.0,6.0,2.0,-1.0,-0.01,-0.005,1.22,34.0,28.11,0.0,19.0,2160.0,11.0,0.54,0.01,-1.03,-0.14,13.34,19.79,-21.51,199.0,TESTR,AKR-TESTR-<MAC6>,0.0,1.0,0.0,100.0
58320,1,walk,walk,8250,,8250.0,20.0,1.0,6.0,2.0,-0.69,-0.01,0.01,1.147,34.0,28.11,0.0,19.0,2160.0,11.0,0.61,0.01,-1.02,-0.15,9.92,29.67,-21.18,199.0,TESTR,AKR-TESTR-<MAC6>,0.0,1.0,0.0,100.0
58340,1,walk,walk,8251,,8251.0,20.0,1.0,6.0,2.0,-0.37,-0.009,-0.006,1.072,34.0,28.14,0.0,19.0,2160.0,11.0,0.26,0.0,-1.02,-0.16,5.63,41.48,-19.55,199.0,TESTR,AKR-TESTR-<MAC6>,0.0,1.0,0.0,100.0
58360,1,walk,walk,8252,,8252.0,20.0,1.0,6.0,2.0,-0.06,-0.009,-0.061,1.031,34.0,28.14,0.0,19.0,2160.0,11.0,-0.63,-0.01,-1.03,-0.17,0.83,54.22,-16.38,199.0,TESTR,AKR-TESTR-<MAC6>,0.0,1.0,0.0,100.0
58380,1,walk,walk,8253,,8253.0,20.0,1.0,6.0,2.0,0.26,-0.009,0.042,0.976,34.0,28.14,0.0,19.0,2160.0,11.0,-2.04,-0.04,-1.03,-0.17,-3.98,66.45,-11.74,199.0,TESTR,AKR-TESTR-<MAC6>,0.0,1.0,0.0,100.0
58380,1,walk,walk,8254,,8254.0,20.0,1.0,6.0,2.0,0.58,-0.008,0.018,0.923,34.0,28.11,0.0,19.0,2160.0,11.0,-3.87,-0.07,-1.03,-0.17,-8.42,76.66,-5.98,199.0,TESTR,AKR-TESTR-<MAC6>,0.0,1.0,0.0,100.0
58420,1,walk,walk,8255,,8255.0,20.0,1.0,1.0,5.0,0.9,-0.008,0.021,0.9,34.0,28.14,0.0,19.0,2160.0,12.0,-5.93,-0.11,-1.03,-0.17,-12.22,83.61,0.37,199.0,TESTR,AKR-TESTR-<MAC6>,0.0,1.0,0.0,100.0
58420,1,walk,walk,8256,,8256.0,20.0,0.0,1.0,6.0,1.19,-0.007,0.023,0.846,34.0,28.04,0.0,19.0,2160.0,12.0,-8.0,-0.14,-1.03,-0.17,-15.27,86.22,6.66,199.0,TESTR,AKR-TESTR-<MAC6>,0.0,1.0,0.0,100.0
58440,1,walk,walk,8257,,8257.0,20.0,0.0,1.0,6.0,1.46,0.03,3.387,1.763,34.0,28.0,0.0,19.0,2160.0,12.0,-9.84,-0.18,-1.02,-0.17,-17.46,84.2,12.12,199.0,TESTR,AKR-TESTR-<MAC6>,0.0,1.0,0.0,100.0
58500,1,walk,walk,8258,,8258.0,20.0,0.0,1.0,6.0,1.7,0.077,2.991,2.17,34.0,27.97,0.0,19.0,2160.0,12.0,-11.3,-0.2,-1.02,-0.16,-18.69,78.01,16.27,199.0,TESTR,AKR-TESTR-<MAC6>,0.0,1.0,0.0,100.0
58500,1,walk,walk,8259,,8259.0,20.0,0.0,1.0,6.0,1.89,0.117,2.399,2.644,34.0,27.9,0.0,19.0,2160.0,12.0,-12.27,-0.22,-1.01,-0.15,-18.98,68.68,18.96,199.0,TESTR,AKR-TESTR-<MAC6>,0.0,1.0,0.0,100.0
58500,1,walk,walk,8260,,8260.0,20.0,0.0,1.0,6.0,2.02,0.15,2.059,2.824,34.0,27.9,0.0,19.0,2160.0,12.0,-12.69,-0.23,-1.01,-0.15,-18.51,57.61,20.32,199.0,TESTR,AKR-TESTR-<MAC6>,0.0,1.0,0.0,100.0
58540,1,walk,walk,8261,,8261.0,20.0,0.0,1.0,6.0,2.1,0.177,1.691,3.374,34.0,27.86,0.0,19.0,2160.0,12.0,-12.58,-0.22,-1.0,-0.14,-17.58,46.28,20.64,199.0,TESTR,AKR-TESTR-<MAC6>,0.0,1.0,0.0,100.0
58540,1,walk,walk,8262,,8262.0,20.0,0.0,3.0,7.0,2.11,0.199,1.476,3.442,34.0,27.86,0.0,19.0,2160.0,12.0,-12.01,-0.21,-1.0,-0.14,-16.45,35.93,20.32,199.0,TESTR,AKR-TESTR-<MAC6>,0.0,1.0,0.0,100.0
58600,1,walk,walk,8263,,8263.0,20.0,0.0,3.0,7.0,2.05,0.216,1.016,3.916,34.0,27.79,0.0,19.0,2160.0,12.0,-11.1,-0.2,-1.0,-0.13,-15.35,27.36,19.73,199.0,TESTR,AKR-TESTR-<MAC6>,0.0,1.0,0.0,100.0
58600,1,walk,walk,8264,,8264.0,20.0,1.0,3.0,7.0,1.92,0.231,0.77,4.205,34.0,27.79,0.0,20.0,2160.0,12.0,-9.94,-0.17,-1.0,-0.13,-14.46,20.88,19.17,199.0,TESTR,AKR-TESTR-<MAC6>,0.0,1.0,0.0,100.0
58600,1,walk,walk,8265,,8265.0,20.0,0.0,3.0,7.0,1.74,0.243,0.847,4.022,34.0,27.79,0.0,19.0,2160.0,12.0,-8.65,-0.15,-1.0,-0.14,-13.87,16.42,18.81,199.0,TESTR,AKR-TESTR-<MAC6>,0.0,1.0,0.0,100.0
58640,1,walk,walk,8266,,8266.0,20.0,0.0,3.0,7.0,1.5,0.253,0.498,4.313,34.0,27.79,0.0,19.0,2160.0,12.0,-7.3,-0.13,-0.99,-0.14,-13.58,13.56,18.72,200.0,TESTR,AKR-TESTR-<MAC6>,0.0,1.0,0.0,100.0
58660,1,walk,walk,8267,,8267.0,20.0,0.0,3.0,7.0,1.21,0.26,0.304,4.316,34.0,27.79,0.0,19.0,2160.0,12.0,-5.94,-0.1,-0.99,-0.14,-13.54,11.72,18.84,200.0,TESTR,AKR-TESTR-<MAC6>,0.0,1.0,0.0,100.0
58660,1,walk,walk,8268,,8268.0,20.0,0.0,3.0,7.0,0.88,0.266,0.315,4.332,34.0,27.79,0.0,19.0,2160.0,12.0,-4.59,-0.08,-0.99,-0.15,-13.67,10.38,19.07,200.0,TESTR,AKR-TESTR-<MAC6>,0.0,1.0,0.0,100.0
58680,1,walk,walk,8269,,8269.0,20.0,0.0,3.0,7.0,0.52,0.27,0.344,4.421,34.0,27.79,0.0,19.0,2160.0,12.0,-3.26,-0.06,-0.98,-0.15,-13.87,9.15,19.24,200.0,TESTR,AKR-TESTR-<MAC6>,0.0,1.0,0.0,100.0
58720,1,walk,walk,8270,,8270.0,20.0,0.0,3.0,7.0,0.13,0.274,0.241,4.455,34.0,27.79,0.0,19.0,2160.0,12.0,-1.94,-0.03,-0.98,-0.15,-14.1,7.85,19.22,200.0,TESTR,AKR-TESTR-<MAC6>,0.0,1.0,0.0,100.0
58720,1,walk,walk,8271,,8271.0,20.0,0.0,3.0,7.0,-0.27,0.276,0.164,4.42,34.0,27.79,0.0,19.0,2160.0,12.0,-0.64,-0.01,-0.97,-0.15,-14.3,6.5,18.87,200.0,TESTR,AKR-TESTR-<MAC6>,0.0,1.0,0.0,100.0
58740,1,walk,walk,8272,,8272.0,20.0,0.0,3.0,7.0,-0.68,0.28,0.206,4.296,34.0,27.79,0.0,19.0,2160.0,12.0,0.62,0.01,-0.97,-0.15,-14.49,5.22,18.16,200.0,TESTR,AKR-TESTR-<MAC6>,0.0,1.0,0.0,100.0
58780,1,walk,walk,8273,,8273.0,20.0,0.0,3.0,7.0,-1.1,0.283,0.229,4.292,34.0,27.79,0.0,19.0,2160.0,12.0,1.8,0.03,-0.96,-0.15,-14.65,4.17,17.07,200.0,TESTR,AKR-TESTR-<MAC6>,0.0,1.0,0.0,100.0
58800,1,walk,walk,8274,,8274.0,20.0,0.0,3.0,7.0,-1.51,0.286,0.113,4.202,34.0,27.83,0.0,19.0,2160.0,12.0,2.86,0.05,-0.96,-0.15,-14.78,3.47,15.65,200.0,TESTR,AKR-TESTR-<MAC6>,0.0,1.0,0.0,100.0
58820,1,walk,walk,8275,,8275.0,20.0,0.0,3.0,7.0,-1.91,0.287,-0.058,4.224,34.0,27.83,0.0,19.0,2160.0,12.0,3.75,0.06,-0.95,-0.14,-14.88,3.13,13.96,200.0,TESTR,AKR-TESTR-<MAC6>,0.0,1.0,0.0,100.0
58840,1,walk,walk,8276,,8276.0,20.0,0.0,3.0,7.0,-2.3,0.287,-0.019,3.983,34.0,27.86,0.0,19.0,2160.0,12.0,4.45,0.07,-0.95,-0.14,-14.95,3.09,12.06,200.0,TESTR,AKR-TESTR-<MAC6>,0.0,1.0,0.0,100.0
58840,1,walk,walk,8277,,8277.0,20.0,0.0,3.0,7.0,-2.67,0.286,-0.199,3.724,34.0,27.9,0.0,19.0,2160.0,12.0,4.92,0.08,-0.94,-0.14,-14.98,3.23,10.02,200.0,TESTR,AKR-TESTR-<MAC6>,0.0,1.0,0.0,100.0
58860,1,walk,walk,8278,,8278.0,20.0,0.0,3.0,7.0,-3.01,0.281,-0.519,3.681,34.0,27.93,0.0,19.0,2160.0,12.0,5.16,0.08,-0.94,-0.15,-15.0,3.41,7.95,200.0,TESTR,AKR-TESTR-<MAC6>,0.0,1.0,0.0,100.0
58900,1,walk,walk,8279,,8279.0,20.0,0.0,3.0,7.0,-3.33,0.27,-0.769,3.594,34.0,28.0,0.0,19.0,2160.0,12.0,5.12,0.08,-0.94,-0.15,-14.78,3.24,5.96,200.0,TESTR,AKR-TESTR-<MAC6>,0.0,1.0,0.0,100.0
58900,1,walk,walk,8280,,8280.0,20.0,0.0,3.0,7.0,-3.61,0.25,-1.621,3.4,34.0,28.04,0.0,19.0,2160.0,12.0,4.75,0.08,-0.95,-0.15,-14.01,2.12,4.1,200.0,TESTR,AKR-TESTR-<MAC6>,0.0,1.0,0.0,100.0
58920,1,walk,walk,8281,,8281.0,20.0,0.0,0.0,1.0,-3.87,0.219,-2.324,3.065,34.0,28.11,0.0,19.0,2160.0,12.0,4.02,0.07,-0.96,-0.14,-12.65,-0.2,2.6,200.0,TESTR,AKR-TESTR-<MAC6>,0.0,1.0,0.0,100.0
58980,1,walk,walk,8282,,8282.0,20.0,0.0,0.0,1.0,-4.09,0.166,-4.315,2.126,34.0,28.11,0.0,19.0,2160.0,12.0,2.97,0.05,-0.98,-0.14,-10.82,-3.63,2.49,200.0,TESTR,AKR-TESTR-<MAC6>,0.0,1.0,0.0,100.0
58980,1,walk,walk,8283,,8283.0,20.0,0.0,0.0,1.0,-4.27,-0.039,-32.768,0.0,34.0,28.21,0.0,11.0,2160.0,12.0,1.71,0.03,-0.99,-0.14,-8.75,-7.94,4.46,200.0,TESTR,AKR-TESTR-<MAC6>,0.0,1.0,0.0,100.0
59000,1,walk,walk,8284,,8284.0,20.0,0.0,0.0,1.0,-4.42,-0.15,-5.117,0.0,34.0,28.18,0.0,11.0,2160.0,12.0,0.46,0.01,-1.0,-0.13,-6.75,-12.82,8.07,200.0,TESTR,AKR-TESTR-<MAC6>,0.0,1.0,0.0,100.0
59020,1,walk,walk,8285,,8285.0,20.0,0.0,0.0,1.0,-4.54,-0.195,-1.772,0.0,34.0,28.18,0.0,11.0,2160.0,12.0,-0.56,-0.01,-1.01,-0.13,-4.97,-17.75,12.36,200.0,TESTR,AKR-TESTR-<MAC6>,0.0,1.0,0.0,100.0
59020,1,walk,walk,8286,,8286.0,20.0,0.0,0.0,1.0,-4.64,-0.212,-0.346,0.0,34.0,28.14,0.0,11.0,2160.0,12.0,-1.21,-0.02,-1.02,-0.12,-3.46,-21.95,16.53,200.0,TESTR,AKR-TESTR-<MAC6>,0.0,1.0,0.0,100.0
59040,1,walk,walk,8287,,8287.0,20.0,1.0,0.0,1.0,-4.73,-0.212,-0.261,0.0,34.0,28.18,0.0,12.0,2160.0,12.0,-1.53,-0.03,-1.03,-0.12,-2.05,-24.99,19.96,200.0,TESTR,AKR-TESTR-<MAC6>,0.0,1.0,0.0,100.0
59080,1,walk,walk,8288,,8288.0,20.0,1.0,0.0,1.0,-4.81,-0.212,0.177,0.0,34.0,28.18,0.0,12.0,2160.0,12.0,-1.66,-0.03,-1.03,-0.12,-0.67,-26.85,22.24,200.0,TESTR,AKR-TESTR-<MAC6>,0.0,1.0,0.0,100.0
59080,1,walk,walk,8289,,8289.0,20.0,1.0,0.0,1.0,-4.89,-0.21,0.308,0.0,34.0,28.18,0.0,12.0,2160.0,12.0,-1.68,-0.03,-1.03,-0.12,0.67,-27.59,23.26,200.0,TESTR,AKR-TESTR-<MAC6>,0.0,1.0,0.0,100.0
59120,1,walk,walk,8290,,8290.0,20.0,1.0,0.0,1.0,-4.98,-0.206,0.096,0.0,34.0,28.18,0.0,12.0,2160.0,12.0,-1.66,-0.03,-1.04,-0.12,1.81,-27.39,23.21,200.0,TESTR,AKR-TESTR-<MAC6>,0.0,1.0,0.0,100.0
59140,1,walk,walk,8291,,8291.0,20.0,0.0,0.0,1.0,-5.08,-0.207,-0.064,0.0,34.0,28.18,0.0,11.0,2160.0,12.0,-1.63,-0.03,-1.04,-0.12,2.63,-26.43,22.46,200.0,TESTR,AKR-TESTR-<MAC6>,0.0,1.0,0.0,100.0
59140,1,walk,walk,8292,,8292.0,20.0,1.0,0.0,1.0,-5.2,-0.208,-0.284,0.0,34.0,28.18,0.0,12.0,2160.0,12.0,-1.63,-0.03,-1.04,-0.12,3.09,-24.92,21.47,200.0,TESTR,AKR-TESTR-<MAC6>,0.0,1.0,0.0,100.0
59160,1,walk,walk,8293,,8293.0,20.0,1.0,0.0,1.0,-5.33,-0.218,-1.083,0.0,34.0,28.18,0.0,12.0,2160.0,12.0,-1.69,-0.03,-1.04,-0.12,3.23,-22.99,20.78,200.0,TESTR,AKR-TESTR-<MAC6>,0.0,1.0,0.0,100.0
59200,1,walk,walk,8294,,8294.0,20.0,1.0,0.0,1.0,-5.49,-0.238,-1.197,0.0,34.0,28.18,0.0,12.0,2160.0,12.0,-1.83,-0.03,-1.04,-0.12,3.15,-20.73,20.69,200.0,TESTR,AKR-TESTR-<MAC6>,0.0,1.0,0.0,100.0
59200,1,walk,walk,8295,,8295.0,20.0,1.0,0.0,1.0,-5.67,-0.252,-0.645,0.0,34.0,28.14,0.0,12.0,2160.0,12.0,-2.12,-0.04,-1.04,-0.12,2.93,-18.27,21.09,200.0,TESTR,AKR-TESTR-<MAC6>,0.0,1.0,0.0,100.0
59240,1,walk,walk,8296,,8296.0,20.0,1.0,0.0,1.0,-5.86,-0.256,-0.007,0.0,34.0,28.18,0.0,12.0,2160.0,12.0,-2.65,-0.05,-1.03,-0.12,2.66,-15.75,21.55,200.0,TESTR,AKR-TESTR-<MAC6>,0.0,1.0,0.0,100.0
59260,1,walk,walk,8297,,8297.0,20.0,1.0,0.0,1.0,-6.07,-0.253,0.547,0.0,34.0,28.14,0.0,12.0,2160.0,12.0,-3.44,-0.06,-1.03,-0.12,2.37,-13.3,21.51,200.0,TESTR,AKR-TESTR-<MAC6>,0.0,1.0,0.0,100.0
59280,1,walk,walk,8298,,8298.0,20.0,1.0,0.0,1.0,-6.29,-0.24,1.193,0.0,34.0,28.18,0.0,12.0,2160.0,12.0,-4.45,-0.08,-1.02,-0.13,2.13,-11.03,20.55,200.0,TESTR,AKR-TESTR-<MAC6>,0.0,1.0,0.0,100.0
59300,1,walk,walk,8299,,8299.0,20.0,1.0,0.0,1.0,-6.53,-0.223,0.931,0.0,34.0,28.18,0.0,12.0,2160.0,12.0,-5.57,-0.1,-1.01,-0.13,1.97,-9.02,18.48,200.0,TESTR,AKR-TESTR-<MAC6>,0.0,1.0,0.0,100.0
59340,1,walk,walk,8300,,8300.0,20.0,1.0,0.0,1.0,-6.78,-0.21,0.822,0.0,34.0,28.14,0.0,12.0,2160.0,12.0,-6.72,-0.12,-1.01,-0.14,1.91,-7.28,15.39,200.0,TESTR,AKR-TESTR-<MAC6>,0.0,1.0,0.0,100.0
59340,1,walk,walk,8301,,8301.0,20.0,1.0,0.0,1.0,-7.04,-0.201,0.481,0.0,34.0,28.18,0.0,12.0,2160.0,12.0,-7.8,-0.14,-1.0,-0.14,1.98,-5.81,11.54,200.0,TESTR,AKR-TESTR-<MAC6>,0.0,1.0,0.0,100.0
59340,1,walk,walk,8302,,8302.0,20.0,1.0,0.0,1.0,-7.3,-0.19,0.875,0.0,34.0,28.18,0.0,12.0,2160.0,12.0,-8.76,-0.15,-1.0,-0.15,2.18,-4.58,7.23,200.0,TESTR,AKR-TESTR-<MAC6>,0.0,1.0,0.0,100.0
59380,1,walk,walk,8303,,8303.0,20.0,1.0,0.0,1.0,-7.57,-0.178,0.68,0.0,34.0,28.18,0.0,12.0,2160.0,12.0,-9.57,-0.17,-0.99,-0.15,2.53,-3.61,2.67,200.0,TESTR,AKR-TESTR-<MAC6>,0.0,1.0,0.0,100.0
59380,1,walk,walk,8304,,8304.0,20.0,0.0,0.0,1.0,-7.83,-0.167,0.939,0.0,34.0,28.18,0.0,11.0,2160.0,12.0,-10.19,-0.18,-0.99,-0.16,3.02,-2.85,-1.9,200.0,TESTR,AKR-TESTR-<MAC6>,0.0,1.0,0.0,100.0
59400,1,walk,walk,8305,,8305.0,20.0,0.0,0.0,1.0,-8.08,-0.153,0.609,0.0,34.0,28.18,0.0,11.0,2160.0,12.0,-10.63,-0.18,-0.98,-0.16,3.64,-2.3,-6.35,200.0,TESTR,AKR-TESTR-<MAC6>,0.0,1.0,0.0,100.0
59460,1,walk,walk,8306,,8306.0,20.0,0.0,0.0,1.0,-8.31,-0.144,0.793,0.0,34.0,28.18,0.0,11.0,2160.0,12.0,-10.89,-0.19,-0.98,-0.16,4.35,-1.91,-10.52,200.0,TESTR,AKR-TESTR-<MAC6>,0.0,1.0,0.0,100.0
59500,1,walk,walk,8307,,8307.0,20.0,0.0,0.0,1.0,-8.53,-0.132,0.722,0.0,34.0,28.14,0.0,11.0,2160.0,12.0,-10.98,-0.19,-0.98,-0.17,5.1,-1.65,-14.32,200.0,TESTR,AKR-TESTR-<MAC6>,0.0,1.0,0.0,100.0
59500,1,walk,walk,8308,,8308.0,20.0,0.0,0.0,1.0,-8.72,-0.124,0.496,0.0,34.0,28.18,0.0,11.0,2160.0,12.0,-10.93,-0.19,-0.98,-0.17,5.87,-1.49,-17.65,200.0,TESTR,AKR-TESTR-<MAC6>,0.0,1.0,0.0,100.0
59500,1,walk,walk,8309,,8309.0,20.0,0.0,0.0,1.0,-8.88,-0.115,0.624,0.0,34.0,28.14,0.0,11.0,2160.0,12.0,-10.76,-0.19,-0.98,-0.17,6.63,-1.41,-20.5,200.0,TESTR,AKR-TESTR-<MAC6>,0.0,1.0,0.0,100.0
59500,1,walk,walk,8310,,8310.0,20.0,0.0,0.0,1.0,-8.99,-0.104,0.691,0.0,34.0,28.18,0.0,11.0,2160.0,12.0,-10.51,-0.18,-0.98,-0.17,7.39,-1.37,-22.92,200.0,TESTR,AKR-TESTR-<MAC6>,0.0,1.0,0.0,100.0
59520,1,walk,walk,8311,,8311.0,20.0,0.0,0.0,1.0,-9.07,-0.095,0.62,0.0,34.0,28.18,0.0,11.0,2160.0,12.0,-10.2,-0.18,-0.98,-0.16,8.16,-1.35,-25.0,200.0,TESTR,AKR-TESTR-<MAC6>,0.0,1.0,0.0,100.0
59560,1,walk,walk,8312,,8312.0,20.0,0.0,0.0,1.0,-9.11,-0.083,0.878,0.0,34.0,28.18,0.0,11.0,2160.0,12.0,-9.84,-0.17,-0.98,-0.16,8.93,-1.35,-26.84,200.0,TESTR,AKR-TESTR-<MAC6>,0.0,1.0,0.0,100.0
59560,1,walk,walk,8313,,8313.0,20.0,0.0,0.0,1.0,-9.1,-0.072,0.743,0.0,34.0,28.14,0.0,11.0,2160.0,12.0,-9.42,-0.16,-0.98,-0.16,9.68,-1.35,-28.51,200.0,TESTR,AKR-TESTR-<MAC6>,0.0,1.0,0.0,100.0
59600,1,walk,walk,8314,,8314.0,20.0,0.0,0.0,1.0,-9.04,-0.063,0.558,0.0,34.0,28.18,0.0,11.0,2160.0,12.0,-8.93,-0.16,-0.99,-0.16,10.45,-1.36,-29.98,200.0,TESTR,AKR-TESTR-<MAC6>,0.0,1.0,0.0,100.0
59620,1,walk,walk,8315,,8315.0,20.0,0.0,0.0,1.0,-8.93,-0.055,0.492,0.0,34.0,28.14,0.0,11.0,2160.0,12.0,-8.39,-0.15,-0.99,-0.16,11.26,-1.37,-31.24,200.0,TESTR,AKR-TESTR-<MAC6>,0.0,1.0,0.0,100.0
59620,1,walk,walk,8316,,8316.0,20.0,0.0,0.0,1.0,-8.78,-0.048,0.456,0.0,34.0,28.18,0.0,11.0,2160.0,12.0,-7.79,-0.14,-0.99,-0.15,12.12,-1.36,-32.22,200.0,TESTR,AKR-TESTR-<MAC6>,0.0,1.0,0.0,100.0
59640,1,walk,walk,8317,,8317.0,20.0,0.0,0.0,1.0,-8.58,-0.044,0.328,0.0,34.0,28.18,0.0,11.0,2160.0,12.0,-7.13,-0.12,-0.99,-0.15,13.05,-1.31,-32.88,200.0,TESTR,AKR-TESTR-<MAC6>,0.0,1.0,0.0,100.0
59680,1,walk,walk,8318,,8318.0,20.0,0.0,0.0,1.0,-8.33,-0.038,0.424,0.0,34.0,28.18,0.0,11.0,2160.0,12.0,-6.42,-0.11,-0.99,-0.15,14.0,-1.23,-33.19,200.0,TESTR,AKR-TESTR-<MAC6>,0.0,1.0,0.0,100.0
59680,1,walk,walk,8319,,8319.0,20.0,0.0,0.0,1.0,-8.05,-0.031,0.512,0.0,34.0,28.14,0.0,11.0,2160.0,12.0,-5.69,-0.1,-0.99,-0.14,14.95,-1.14,-33.19,200.0,TESTR,AKR-TESTR-<MAC6>,0.0,1.0,0.0,100.0
59700,1,walk,walk,8320,,8320.0,20.0,0.0,0.0,1.0,-7.72,-0.024,0.304,0.0,34.0,28.18,0.0,11.0,2160.0,12.0,-4.95,-0.09,-0.99,-0.14,15.83,-1.06,-32.9,200.0,TESTR,AKR-TESTR-<MAC6>,0.0,1.0,0.0,100.0
59740,1,walk,walk,8321,,8321.0,20.0,0.0,0.0,1.0,-7.35,-0.02,0.338,0.0,34.0,28.18,0.0,11.0,2160.0,12.0,-4.21,-0.07,-0.99,-0.13,16.6,-0.98,-32.35,200.0,TESTR,AKR-TESTR-<MAC6>,0.0,1.0,0.0,100.0
59760,1,walk,walk,8322,,8322.0,20.0,0.0,0.0,1.0,-6.95,-0.016,0.369,0.0,34.0,28.14,0.0,11.0,2160.0,12.0,-3.47,-0.06,-0.99,-0.13,17.22,-0.9,-31.56,201.0,TESTR,AKR-TESTR-<MAC6>,0.0,1.0,0.0,100.0
59780,1,walk,walk,8323,,8323.0,20.0,0.0,6.0,2.0,-6.53,-0.009,0.451,0.0,34.0,28.18,0.0,11.0,2160.0,12.0,-2.76,-0.05,-0.99,-0.12,17.69,-0.85,-30.6,201.0,TESTR,AKR-TESTR-<MAC6>,0.0,1.0,0.0,100.0
59800,1,walk,walk,8324,,8324.0,20.0,0.0,6.0,2.0,-6.07,-0.005,0.424,-0.047,34.0,28.14,0.0,18.0,2160.0,12.0,-2.07,-0.04,-0.99,-0.11,18.0,-0.82,-29.48,201.0,TESTR,AKR-TESTR-<MAC6>,0.0,1.0,0.0,100.0
59820,1,walk,walk,8325,,8325.0,20.0,0.0,6.0,2.0,-5.59,-0.004,0.075,0.109,34.0,28.14,0.0,18.0,2160.0,12.0,-1.42,-0.02,-1.0,-0.1,18.19,-0.8,-28.22,201.0,TESTR,AKR-TESTR-<MAC6>,0.0,1.0,0.0,100.0
59820,1,walk,walk,8326,,8326.0,20.0,0.0,6.0,2.0,-5.1,-0.002,0.032,0.095,34.0,28.14,0.0,18.0,2160.0,12.0,-0.8,-0.01,-1.0,-0.1,18.28,-0.78,-26.83,201.0,TESTR,AKR-TESTR-<MAC6>,0.0,1.0,0.0,100.0
59860,1,walk,walk,8327,,8327.0,20.0,1.0,6.0,2.0,-4.59,-0.002,-0.069,0.247,34.0,28.14,0.0,19.0,2160.0,12.0,-0.24,0.0,-1.0,-0.09,18.29,-0.69,-25.34,201.0,TESTR,AKR-TESTR-<MAC6>,0.0,1.0,0.0,100.0
59860,1,walk,walk,8328,,8328.0,20.0,1.0,6.0,2.0,-4.07,-0.003,-0.126,0.339,34.0,28.14,0.0,19.0,2160.0,12.0,0.3,0.01,-1.0,-0.08,18.23,-0.4,-23.79,201.0,TESTR,AKR-TESTR-<MAC6>,0.0,1.0,0.0,100.0
59880,1,walk,walk,8329,,8329.0,20.0,0.0,6.0,2.0,-3.54,-0.004,-0.054,0.566,34.0,28.14,0.0,18.0,2160.0,12.0,0.86,0.02,-1.01,-0.08,17.96,0.45,-22.18,201.0,TESTR,AKR-TESTR-<MAC6>,0.0,1.0,0.0,100.0
59940,1,walk,walk,8330,,8330.0,20.0,1.0,6.0,2.0,-3.02,-0.006,-0.089,0.833,34.0,28.14,0.0,19.0,2160.0,12.0,1.53,0.03,-1.01,-0.08,17.19,2.71,-20.43,201.0,TESTR,AKR-TESTR-<MAC6>,0.0,1.0,0.0,100.0
59940,1,walk,walk,8331,,8331.0,20.0,1.0,6.0,2.0,-2.49,-0.008,-0.252,1.173,34.0,28.11,0.0,19.0,2160.0,12.0,2.35,0.04,-1.01,-0.09,15.62,7.55,-18.36,201.0,TESTR,AKR-TESTR-<MAC6>,0.0,1.0,0.0,100.0
59940,1,walk,walk,8332,,8332.0,20.0,1.0,6.0,2.0,-1.97,-0.012,-0.362,1.608,34.0,28.11,0.0,19.0,2160.0,12.0,3.34,0.06,-1.01,-0.11,13.03,16.24,-15.77,201.0,TESTR,AKR-TESTR-<MAC6>,0.0,1.0,0.0,100.0
60000,1,walk,walk,8333,,8333.0,20.0,1.0,6.0,2.0,-1.46,-0.014,-0.045,1.566,34.0,28.11,0.0,19.0,2160.0,12.0,4.43,0.08,-1.01,-0.13,9.28,29.85,-12.35,201.0,TESTR,AKR-TESTR-<MAC6>,0.0,1.0,0.0,100.0
60000,1,walk,walk,8334,,8334.0,20.0,1.0,6.0,2.0,-0.97,-0.013,0.017,1.422,34.0,28.11,0.0,19.0,2160.0,12.0,5.49,0.1,-1.0,-0.16,4.3,48.57,-7.89,201.0,TESTR,AKR-TESTR-<MAC6>,0.0,1.0,0.0,100.0
60000,1,walk,walk,8335,,8335.0,20.0,1.0,6.0,2.0,-0.49,-0.012,-0.058,1.441,34.0,28.11,0.0,19.0,2160.0,12.0,6.3,0.11,-1.0,-0.19,-1.72,71.32,-2.54,201.0,TESTR,AKR-TESTR-<MAC6>,0.0,1.0,0.0,100.0
60040,1,walk,walk,8336,,8336.0,20.0,1.0,6.0,2.0,-0.03,-0.012,0.064,1.431,34.0,28.11,0.0,19.0,2160.0,12.0,6.62,0.12,-0.99,-0.21,-8.24,95.56,3.16,201.0,TESTR,AKR-TESTR-<MAC6>,0.0,1.0,0.0,100.0
60040,1,walk,walk,8337,,8337.0,20.0,1.0,6.0,2.0,0.41,-0.012,-0.023,1.46,34.0,28.11,0.0,19.0,2160.0,12.0,6.28,0.11,-0.99,-0.24,-14.56,117.86,8.42,201.0,TESTR,AKR-TESTR-<MAC6>,0.0,1.0,0.0,100.0
60080,1,walk,walk,8338,,8338.0,20.0,1.0,6.0,2.0,0.81,-0.012,0.028,1.45,34.0,28.11,0.0,19.0,2160.0,12.0,5.28,0.09,-0.99,-0.26,-20.02,134.86,12.44,201.0,TESTR,AKR-TESTR-<MAC6>,0.0,1.0,0.0,100.0
60100,1,walk,walk,8339,,8339.0,20.0,1.0,6.0,2.0,1.17,-0.012,0.087,1.427,34.0,28.11,0.0,19.0,2160.0,12.0,3.77,0.07,-0.99,-0.26,-24.17,144.25,14.66,201.0,TESTR,AKR-TESTR-<MAC6>,0.0,1.0,0.0,100.0
60100,1,walk,walk,8340,,8340.0,20.0,1.0,6.0,2.0,1.49,-0.012,0.036,1.368,34.0,28.11,0.0,19.0,2160.0,12.0,1.96,0.03,-0.99,-0.26,-26.78,145.19,14.89,201.0,TESTR,AKR-TESTR-<MAC6>,0.0,1.0,0.0,100.0
60120,1,walk,walk,8341,,8341.0,20.0,1.0,6.0,2.0,1.77,-0.012,0.054,1.36,34.0,28.11,0.0,19.0,2160.0,12.0,0.13,0.0,-0.99,-0.25,-27.81,138.31,13.25,201.0,TESTR,AKR-TESTR-<MAC6>,0.0,1.0,0.0,100.0
60160,1,walk,walk,8342,,8342.0,20.0,1.0,6.0,2.0,1.99,-0.011,0.041,1.309,34.0,28.11,0.0,19.0,2160.0,12.0,-1.5,-0.03,-0.99,-0.23,-27.34,125.46,10.21,201.0,TESTR,AKR-TESTR-<MAC6>,0.0,1.0,0.0,100.0
60160,1,walk,walk,8343,,8343.0,20.0,1.0,6.0,2.0,2.16,-0.009,0.174,0.908,34.0,28.14,0.0,19.0,2160.0,12.0,-2.84,-0.05,-0.98,-0.2,-25.57,109.1,6.54,201.0,TESTR,AKR-TESTR-<MAC6>,0.0,1.0,0.0,100.0
60180,1,walk,walk,8344,,8344.0,20.0,1.0,6.0,2.0,2.29,-0.007,-0.011,0.908,34.0,28.14,0.0,19.0,2160.0,12.0,-3.86,-0.07,-0.99,-0.17,-22.96,91.75,2.9,201.0,TESTR,AKR-TESTR-<MAC6>,0.0,1.0,0.0,100.0
60220,1,walk,walk,8345,,8345.0,20.0,1.0,6.0,2.0,2.36,-0.008,-0.07,0.863,34.0,28.11,0.0,19.0,2160.0,12.0,-4.55,-0.08,-0.99,-0.15,-20.0,75.42,-0.29,201.0,TESTR,AKR-TESTR-<MAC6>,0.0,1.0,0.0,100.0
60240,1,walk,walk,8346,,8346.0,20.0,1.0,6.0,2.0,2.4,-0.007,-0.057,0.789,34.0,28.14,0.0,19.0,2160.0,12.0,-4.92,-0.09,-0.99,-0.13,-17.07,61.5,-2.79,201.0,TESTR,AKR-TESTR-<MAC6>,0.0,1.0,0.0,100.0
60260,1,walk,walk,8347,,8347.0,20.0,1.0,6.0,2.0,2.4,-0.007,0.066,0.84,34.0,28.14,0.0,19.0,2160.0,12.0,-5.03,-0.09,-0.99,-0.11,-14.41,50.67,-4.52,201.0,TESTR,AKR-TESTR-<MAC6>,0.0,1.0,0.0,100.0
60280,1,walk,walk,8348,,8348.0,20.0,1.0,6.0,2.0,2.37,-0.007,-0.001,0.833,34.0,28.14,0.0,19.0,2160.0,12.0,-4.89,-0.09,-1.0,-0.1,-12.19,43.14,-5.48,201.0,TESTR,AKR-TESTR-<MAC6>,0.0,1.0,0.0,100.0
60300,1,walk,walk,8349,,8349.0,20.0,1.0,6.0,2.0,2.33,-0.007,0.021,0.852,34.0,28.14,0.0,19.0,2160.0,12.0,-4.57,-0.08,-1.0,-0.1,-10.48,38.68,-5.74,201.0,TESTR,AKR-TESTR-<MAC6>,0.0,1.0,0.0,100.0
60300,1,walk,walk,8350,,8350.0,20.0,1.0,6.0,2.0,2.26,-0.007,0.032,0.854,34.0,28.14,0.0,19.0,2160.0,12.0,-4.11,-0.07,-1.0,-0.1,-9.25,36.76,-5.4,201.0,TESTR,AKR-TESTR-<MAC6>,0.0,1.0,0.0,100.0
60340,1,walk,walk,8351,,8351.0,20.0,1.0,6.0,2.0,2.19,-0.007,-0.023,0.848,34.0,28.14,0.0,19.0,2160.0,12.0,-3.54,-0.06,-1.0,-0.1,-8.4,36.65,-4.6,201.0,TESTR,AKR-TESTR-<MAC6>,0.0,1.0,0.0,100.0
60380,1,walk,walk,8352,,8352.0,20.0,1.0,6.0,2.0,2.12,-0.007,0.075,0.849,34.0,28.14,0.0,19.0,2160.0,12.0,-2.93,-0.05,-1.0,-0.1,-7.78,37.53,-3.5,201.0,TESTR,AKR-TESTR-<MAC6>,0.0,1.0,0.0,100.0
60400,1,walk,walk,8353,,8353.0,20.0,1.0,6.0,2.0,2.04,-0.007,-0.032,0.77,34.0,28.14,0.0,19.0,2160.0,12.0,-2.33,-0.04,-1.0,-0.1,-7.23,38.59,-2.28,201.0,TESTR,AKR-TESTR-<MAC6>,0.0,1.0,0.0,100.0
60400,1,walk,walk,8354,,8354.0,20.0,1.0,6.0,2.0,1.96,-0.007,0.046,0.712,34.0,28.14,0.0,19.0,2160.0,12.0,-1.76,-0.03,-1.0,-0.1,-6.62,39.2,-1.09,201.0,TESTR,AKR-TESTR-<MAC6>,0.0,1.0,0.0,100.0
60440,1,walk,walk,8355,,8355.0,20.0,1.0,6.0,2.0,1.89,-0.006,0.03,0.686,34.0,28.14,0.0,19.0,2160.0,12.0,-1.25,-0.02,-1.0,-0.1,-5.91,39.0,-0.05,201.0,TESTR,AKR-TESTR-<MAC6>,0.0,1.0,0.0,100.0
60440,1,walk,walk,8356,,8356.0,20.0,1.0,6.0,2.0,1.82,-0.006,0.011,0.69,34.0,28.14,0.0,19.0,2160.0,12.0,-0.82,-0.01,-1.0,-0.1,-5.1,37.91,0.78,201.0,TESTR,AKR-TESTR-<MAC6>,0.0,1.0,0.0,100.0
60460,1,walk,walk,8357,,8357.0,20.0,1.0,6.0,2.0,1.75,-0.006,0.022,0.716,34.0,28.14,0.0,19.0,2160.0,12.0,-0.42,-0.01,-1.0,-0.1,-4.21,36.02,1.39,201.0,TESTR,AKR-TESTR-<MAC6>,0.0,1.0,0.0,100.0
60460,1,walk,walk,8358,,8358.0,20.0,1.0,6.0,2.0,1.69,-0.006,-0.002,0.712,34.0,28.14,0.0,19.0,2160.0,12.0,-0.05,0.0,-1.0,-0.1,-3.27,33.53,1.8,201.0,TESTR,AKR-TESTR-<MAC6>,0.0,1.0,0.0,100.0
60480,1,walk,walk,8359,,8359.0,20.0,1.0,6.0,2.0,1.63,-0.006,0.023,0.703,34.0,28.14,0.0,19.0,2160.0,12.0,0.31,0.01,-1.0,-0.1,-2.3,30.7,2.08,201.0,TESTR,AKR-TESTR-<MAC6>,0.0,1.0,0.0,100.0
60520,1,walk,walk,8360,,8360.0,20.0,1.0,6.0,2.0,1.57,-0.007,-0.068,0.842,34.0,28.14,0.0,19.0,2160.0,12.0,0.68,0.01,-1.0,-0.1,-1.28,27.75,2.31,201.0,TESTR,AKR-TESTR-<MAC6>,0.0,1.0,0.0,100.0
60520,1,walk,walk,8361,,8361.0,20.0,1.0,6.0,2.0,1.52,-0.008,-0.164,0.983,34.0,28.14,0.0,19.0,2160.0,12.0,1.06,0.02,-1.0,-0.11,-0.19,24.85,2.57,201.0,TESTR,AKR-TESTR-<MAC6>,0.0,1.0,0.0,100.0
60540,1,walk,walk,8362,,8362.0,20.0,1.0,6.0,2.0,1.46,-0.009,-0.123,1.103,34.0,28.11,0.0,19.0,2160.0,12.0,1.43,0.03,-1.0,-0.11,0.95,22.13,2.93,201.0,TESTR,AKR-TESTR-<MAC6>,0.0,1.0,0.0,100.0
60580,1,walk,walk,8363,,8363.0,20.0,1.0,6.0,2.0,1.41,-0.011,-0.151,1.383,34.0,28.11,0.0,19.0,2160.0,12.0,1.79,0.03,-1.0,-0.12,2.17,19.67,3.45,201.0,TESTR,AKR-TESTR-<MAC6>,0.0,1.0,0.0,100.0
60580,1,walk,walk,8364,,8364.0,20.0,1.0,6.0,2.0,1.35,-0.014,-0.186,1.685,34.0,28.11,0.0,19.0,2160.0,12.0,2.1,0.04,-1.0,-0.12,3.42,17.47,4.15,201.0,TESTR,AKR-TESTR-<MAC6>,0.0,1.0,0.0,100.0
60600,1,walk,walk,8365,,8365.0,20.0,1.0,6.0,2.0,1.3,-0.016,-0.228,2.034,34.0,28.07,0.0,19.0,2160.0,12.0,2.35,0.04,-1.0,-0.12,4.66,15.49,5.02,201.0,TESTR,AKR-TESTR-<MAC6>,0.0,1.0,0.0,100.0
60640,1,walk,walk,8366,,8366.0,20.0,1.0,6.0,2.0,1.25,-0.018,-0.105,2.313,34.0,28.07,0.0,19.0,2160.0,12.0,2.53,0.04,-1.0,-0.12,5.78,13.66,6.03,201.0,TESTR,AKR-TESTR-<MAC6>,0.0,1.0,0.0,100.0
60640,1,walk,walk,8367,,8367.0,20.0,1.0,6.0,2.0,1.19,-0.02,-0.109,2.549,34.0,28.04,0.0,19.0,2160.0,12.0,2.65,0.05,-1.0,-0.12,6.69,11.96,7.14,201.0,TESTR,AKR-TESTR-<MAC6>,0.0,1.0,0.0,100.0
60680,1,walk,walk,8368,,8368.0,20.0,1.0,6.0,2.0,1.14,-0.023,-0.091,2.753,34.0,28.0,0.0,19.0,2160.0,12.0,2.71,0.05,-1.0,-0.11,7.32,10.37,8.3,201.0,TESTR,AKR-TESTR-<MAC6>,0.0,1.0,0.0,100.0
60700,1,walk,walk,8369,,8369.0,20.0,1.0,6.0,2.0,1.08,-0.024,-0.105,2.958,34.0,28.0,0.0,19.0,2160.0,12.0,2.71,0.05,-1.0,-0.11,7.62,8.91,9.49,201.0,TESTR,AKR-TESTR-<MAC6>,0.0,1.0,0.0,100.0
60720,1,walk,walk,8370,,8370.0,20.0,1.0,6.0,2.0,1.02,-0.026,-0.103,3.15,34.0,27.97,0.0,19.0,2160.0,12.0,2.66,0.05,-1.0,-0.11,7.6,7.59,10.68,202.0,TESTR,AKR-TESTR-<MAC6>,0.0,1.0,0.0,100.0
60760,1,walk,walk,8371,,8371.0,20.0,1.0,6.0,2.0,0.95,-0.028,-0.128,3.427,34.0,27.93,0.0,19.0,2160.0,12.0,2.53,0.04,-1.0,-0.1,7.3,6.4,11.82,202.0,TESTR,AKR-TESTR-<MAC6>,0.0,1.0,0.0,100.0
60760,1,walk,walk,8372,,8372.0,20.0,1.0,6.0,2.0,0.88,-0.03,-0.002,3.612,34.0,27.9,0.0,19.0,2160.0,12.0,2.31,0.04,-1.0,-0.1,6.76,5.37,12.8,202.0,TESTR,AKR-TESTR-<MAC6>,0.0,1.0,0.0,100.0
60780,1,walk,walk,8373,,8373.0,20.0,1.0,6.0,2.0,0.8,-0.03,0.046,3.615,34.0,27.9,0.0,19.0,2160.0,12.0,1.99,0.03,-1.0,-0.1,6.07,4.53,13.48,202.0,TESTR,AKR-TESTR-<MAC6>,0.0,1.0,0.0,100.0
60780,1,walk,walk,8374,,8374.0,20.0,1.0,6.0,2.0,0.71,-0.029,0.079,3.444,34.0,27.93,0.0,19.0,2160.0,12.0,1.58,0.03,-1.0,-0.09,5.35,3.89,13.71,202.0,TESTR,AKR-TESTR-<MAC6>,0.0,1.0,0.0,100.0
60820,1,walk,walk,8375,,8375.0,20.0,1.0,6.0,2.0,0.61,-0.027,0.205,3.142,34.0,27.93,0.0,19.0,2160.0,12.0,1.13,0.02,-1.0,-0.09,4.7,3.45,13.4,202.0,TESTR,AKR-TESTR-<MAC6>,0.0,1.0,0.0,100.0
60820,1,walk,walk,8376,,8376.0,20.0,1.0,6.0,2.0,0.5,-0.025,0.218,2.802,34.0,28.0,0.0,19.0,2160.0,12.0,0.68,0.01,-1.0,-0.09,4.17,3.2,12.55,202.0,TESTR,AKR-TESTR-<MAC6>,0.0,1.0,0.0,100.0
60840,1,walk,walk,8377,,8377.0,20.0,1.0,6.0,2.0,0.38,-0.023,0.146,2.6,34.0,28.04,0.0,19.0,2160.0,12.0,0.27,0.0,-1.0,-0.1,3.77,3.1,11.22,202.0,TESTR,AKR-TESTR-<MAC6>,0.0,1.0,0.0,100.0
60880,1,walk,walk,8378,,8378.0,20.0,1.0,6.0,2.0,0.25,-0.02,0.158,2.315,34.0,28.04,0.0,19.0,2160.0,12.0,-0.08,0.0,-1.0,-0.1,3.53,3.09,9.55,202.0,TESTR,AKR-TESTR-<MAC6>,0.0,1.0,0.0,100.0
60900,1,walk,walk,8379,,8379.0,20.0,1.0,6.0,2.0,0.11,-0.018,0.171,2.047,34.0,28.07,0.0,19.0,2160.0,12.0,-0.35,-0.01,-1.0,-0.1,3.48,3.16,7.64,202.0,TESTR,AKR-TESTR-<MAC6>,0.0,1.0,0.0,100.0
60920,1,walk,walk,8380,,8380.0,20.0,1.0,6.0,2.0,-0.04,-0.016,0.083,1.801,34.0,28.07,0.0,19.0,2160.0,12.0,-0.54,-0.01,-1.0,-0.1,3.61,3.27,5.6,202.0,TESTR,AKR-TESTR-<MAC6>,0.0,1.0,0.0,100.0
60940,1,walk,walk,8381,,8381.0,20.0,1.0,6.0,2.0,-0.19,-0.013,0.175,1.479,34.0,28.11,0.0,19.0,2160.0,12.0,-0.66,-0.01,-1.01,-0.1,3.94,3.4,3.49,202.0,TESTR,AKR-TESTR-<MAC6>,0.0,1.0,0.0,100.0
60940,1,walk,walk,8382,,8382.0,20.0,1.0,6.0,2.0,-0.34,-0.01,0.291,1.121,34.0,28.11,0.0,19.0,2160.0,12.0,-0.72,-0.01,-1.01,-0.1,4.45,3.54,1.37,202.0,TESTR,AKR-TESTR-<MAC6>,0.0,1.0,0.0,100.0
60960,1,walk,walk,8383,,8383.0,20.0,1.0,6.0,2.0,-0.49,-0.008,0.142,0.838,34.0,28.14,0.0,19.0,2160.0,12.0,-0.73,-0.01,-1.01,-0.1,5.1,3.67,-0.74,202.0,TESTR,AKR-TESTR-<MAC6>,0.0,1.0,0.0,100.0
61000,1,walk,walk,8384,,8384.0,20.0,1.0,6.0,2.0,-0.64,-0.006,0.079,0.512,34.0,28.14,0.0,19.0,2160.0,12.0,-0.69,-0.01,-1.01,-0.1,5.85,3.8,-2.8,202.0,TESTR,AKR-TESTR-<MAC6>,0.0,1.0,0.0,100.0
61000,1,walk,walk,8385,,8385.0,20.0,1.0,6.0,2.0,-0.77,-0.004,0.144,0.263,34.0,28.14,0.0,19.0,2160.0,12.0,-0.59,-0.01,-1.01,-0.1,6.65,3.9,-4.75,202.0,TESTR,AKR-TESTR-<MAC6>,0.0,1.0,0.0,100.0
61020,1,walk,walk,8386,,8386.0,20.0,1.0,6.0,2.0,-0.9,-0.003,0.152,0.172,34.0,28.14,0.0,19.0,2160.0,12.0,-0.43,-0.01,-1.01,-0.1,7.49,3.97,-6.52,202.0,TESTR,AKR-TESTR-<MAC6>,0.0,1.0,0.0,100.0
61080,1,walk,walk,8387,,8387.0,20.0,2.0,6.0,2.0,-1.0,-0.002,0.021,0.032,34.0,28.14,0.0,20.0,2160.0,12.0,-0.21,0.0,-1.01,-0.1,8.36,4.0,-8.05,202.0,TESTR,AKR-TESTR-<MAC6>,0.0,1.0,0.0,100.0
61080,1,walk,walk,8388,,8388.0,20.0,2.0,6.0,2.0,-1.09,-0.001,0.064,0.029,34.0,28.14,0.0,20.0,2160.0,12.0,0.06,0.0,-1.01,-0.1,9.28,4.01,-9.31,202.0,TESTR,AKR-TESTR-<MAC6>,0.0,1.0,0.0,100.0
61080,1,walk,walk,8389,,8389.0,20.0,2.0,6.0,2.0,-1.16,-0.001,0.049,-0.023,34.0,28.14,0.0,20.0,2160.0,12.0,0.36,0.01,-1.01,-0.1,10.28,4.0,-10.29,202.0,TESTR,AKR-TESTR-<MAC6>,0.0,1.0,0.0,100.0
61120,1,walk,walk,8390,,8390.0,20.0,2.0,6.0,2.0,-1.2,0.0,0.089,-0.072,34.0,28.14,0.0,20.0,2160.0,12.0,0.69,0.01,-1.01,-0.1,11.37,4.01,-11.0,202.0,TESTR,AKR-TESTR-<MAC6>,0.0,1.0,0.0,100.0
61120,1,walk,walk,8391,,8391.0,20.0,2.0,6.0,2.0,-1.22,0.0,0.1,-0.069,34.0,28.14,0.0,20.0,2160.0,12.0,1.03,0.02,-1.01,-0.1,12.53,4.07,-11.47,202.0,TESTR,AKR-TESTR-<MAC6>,0.0,1.0,0.0,100.0
61140,1,walk,walk,8392,,8392.0,20.0,2.0,6.0,2.0,-1.21,0.0,-0.023,-0.003,34.0,28.14,0.0,20.0,2160.0,12.0,1.38,0.02,-1.01,-0.09,13.73,4.19,-11.68,202.0,TESTR,AKR-TESTR-<MAC6>,0.0,1.0,0.0,100.0
61180,1,walk,walk,8393,,8393.0,20.0,2.0,6.0,2.0,-1.17,-0.001,-0.048,0.152,34.0,28.14,0.0,20.0,2160.0,12.0,1.75,0.03,-1.01,-0.09,14.89,4.41,-11.61,202.0,TESTR,AKR-TESTR-<MAC6>,0.0,1.0,0.0,100.0
61180,1,walk,walk,8394,,8394.0,20.0,2.0,6.0,2.0,-1.11,-0.002,-0.092,0.508,34.0,28.14,0.0,20.0,2160.0,12.0,2.16,0.04,-1.01,-0.09,15.91,4.82,-11.22,202.0,TESTR,AKR-TESTR-<MAC6>,0.0,1.0,0.0,100.0
61220,1,walk,walk,8395,,8395.0,20.0,1.0,6.0,2.0,-1.03,-0.005,-0.258,0.935,34.0,28.14,0.0,19.0,2160.0,12.0,2.67,0.05,-1.01,-0.08,16.58,5.93,-10.47,202.0,TESTR,AKR-TESTR-<MAC6>,0.0,1.0,0.0,100.0
61240,1,walk,walk,8396,,8396.0,20.0,1.0,6.0,2.0,-0.92,-0.01,-0.332,1.415,34.0,28.11,0.0,19.0,2160.0,12.0,3.38,0.06,-1.01,-0.09,16.53,8.83,-9.3,202.0,TESTR,AKR-TESTR-<MAC6>,0.0,1.0,0.0,100.0
61260,1,walk,walk,8397,,8397.0,20.0,1.0,6.0,2.0,-0.8,-0.014,-0.236,1.809,34.0,28.11,0.0,19.0,2160.0,12.0,4.38,0.08,-1.01,-0.1,15.48,15.06,-7.59,202.0,TESTR,AKR-TESTR-<MAC6>,0.0,1.0,0.0,100.0
61260,1,walk,walk,8398,,8398.0,20.0,1.0,6.0,2.0,-0.65,-0.017,-0.081,1.996,34.0,28.07,0.0,19.0,2160.0,12.0,5.73,0.1,-1.01,-0.11,13.25,26.16,-5.19,202.0,TESTR,AKR-TESTR-<MAC6>,0.0,1.0,0.0,100.0
61300,1,walk,walk,8399,,8399.0,20.0,1.0,6.0,2.0,-0.5,-0.016,0.046,1.836,34.0,28.07,0.0,19.0,2160.0,12.0,7.35,0.13,-1.0,-0.13,9.73,43.05,-1.85,202.0,TESTR,AKR-TESTR-<MAC6>,0.0,1.0,0.0,100.0
61300,1,walk,walk,8400,,8400.0,20.0,1.0,6.0,2.0,-0.33,-0.014,0.099,1.63,34.0,28.11,0.0,19.0,2160.0,12.0,9.01,0.16,-0.99,-0.16,4.85,65.52,2.43,202.0,TESTR,AKR-TESTR-<MAC6>,0.0,1.0,0.0,100.0
61320,1,walk,walk,8401,,8401.0,20.0,1.0,6.0,2.0,-0.15,-0.014,0.001,1.611,34.0,28.11,0.0,19.0,2160.0,12.0,10.44,0.18,-0.99,-0.2,-1.16,91.94,7.27,202.0,TESTR,AKR-TESTR-<MAC6>,0.0,1.0,0.0,100.0
61360,1,walk,walk,8402,,8402.0,20.0,1.0,0.0,5.0,0.03,-0.014,-0.036,1.611,34.0,28.11,0.0,19.0,2160.0,12.0,11.34,0.2,-0.98,-0.23,-7.73,119.14,12.01,202.0,TESTR,AKR-TESTR-<MAC6>,0.0,1.0,0.0,100.0
61380,1,walk,walk,8403,,8403.0,20.0,0.0,0.0,6.0,0.21,-0.014,-0.061,1.662,34.0,28.11,0.0,19.0,2160.0,12.0,11.42,0.2,-0.98,-0.26,-14.14,143.37,16.38,202.0,TESTR,AKR-TESTR-<MAC6>,0.0,1.0,0.0,100.0
61400,1,walk,walk,8404,,8404.0,20.0,0.0,0.0,6.0,0.37,-0.097,-21.899,0.0,34.0,28.21,0.0,14.0,2160.0,12.0,10.58,0.18,-0.98,-0.28,-19.54,161.13,20.31,202.0,TESTR,AKR-TESTR-<MAC6>,0.0,1.0,0.0,100.0
61420,1,walk,walk,8405,,8405.0,20.0,0.0,0.0,6.0,0.52,-0.15,-1.3,0.0,34.0,28.18,0.0,14.0,2160.0,12.0,8.9,0.15,-0.99,-0.29,-23.37,170.14,23.4,202.0,TESTR,AKR-TESTR-<MAC6>,0.0,1.0,0.0,100.0
61420,1,walk,walk,8406,,8406.0,20.0,0.0,0.0,6.0,0.65,-0.155,0.284,0.0,34.0,28.14,0.0,14.0,2160.0,12.0,6.61,0.11,-0.99,-0.29,-25.43,169.92,25.33,202.0,TESTR,AKR-TESTR-<MAC6>,0.0,1.0,0.0,100.0
61440,1,walk,walk,8407,,8407.0,20.0,0.0,0.0,6.0,0.76,-0.149,0.284,0.0,34.0,28.14,0.0,14.0,2160.0,12.0,4.05,0.07,-0.99,-0.28,-25.85,161.85,26.19,202.0,TESTR,AKR-TESTR-<MAC6>,0.0,1.0,0.0,100.0
61480,1,walk,walk,8408,,8408.0,20.0,0.0,0.0,6.0,0.82,-0.149,-0.009,0.0,34.0,28.18,0.0,14.0,2160.0,12.0,1.43,0.02,-0.99,-0.26,-25.07,148.55,26.31,202.0,TESTR,AKR-TESTR-<MAC6>,0.0,1.0,0.0,100.0
61480,1,walk,walk,8409,,8409.0,20.0,0.0,0.0,7.0,0.85,-0.147,0.358,0.0,34.0,28.18,0.0,14.0,2160.0,12.0,-1.13,-0.02,-0.99,-0.23,-23.53,132.7,26.0,202.0,TESTR,AKR-TESTR-<MAC6>,0.0,1.0,0.0,100.0
61500,1,walk,walk,8410,,8410.0,20.0,0.0,0.0,7.0,0.84,-0.143,0.214,0.0,34.0,28.18,0.0,14.0,2160.0,12.0,-3.61,-0.06,-0.99,-0.21,-21.6,116.42,25.42,202.0,TESTR,AKR-TESTR-<MAC6>,0.0,1.0,0.0,100.0
61560,1,walk,walk,8411,,8411.0,20.0,0.0,0.0,7.0,0.78,-0.143,-0.131,0.0,34.0,28.18,0.0,14.0,2160.0,12.0,-5.98,-0.1,-0.99,-0.18,-19.46,101.05,24.59,202.0,TESTR,AKR-TESTR-<MAC6>,0.0,1.0,0.0,100.0
61560,1,walk,walk,8412,,8412.0,20.0,0.0,0.0,7.0,0.67,-0.143,-0.066,0.0,34.0,28.18,0.0,14.0,2160.0,12.0,-8.09,-0.14,-0.99,-0.17,-17.17,87.29,23.5,202.0,TESTR,AKR-TESTR-<MAC6>,0.0,1.0,0.0,100.0
61560,1,walk,walk,8413,,8413.0,20.0,0.0,0.0,7.0,0.51,-0.144,-0.038,0.0,34.0,28.18,0.0,14.0,2160.0,12.0,-9.83,-0.17,-0.98,-0.15,-14.82,75.46,22.25,202.0,TESTR,AKR-TESTR-<MAC6>,0.0,1.0,0.0,100.0
61600,1,walk,walk,8414,,8414.0,20.0,0.0,0.0,7.0,0.31,-0.144,0.03,0.0,34.0,28.18,0.0,14.0,2160.0,12.0,-11.09,-0.19,-0.98,-0.14,-12.49,65.68,20.95,202.0,TESTR,AKR-TESTR-<MAC6>,0.0,1.0,0.0,100.0
61600,1,walk,walk,8415,,8415.0,20.0,0.0,0.0,7.0,0.06,-0.144,-0.006,0.0,34.0,28.14,0.0,14.0,2160.0,12.0,-11.88,-0.21,-0.98,-0.14,-10.24,57.91,19.73,202.0,TESTR,AKR-TESTR-<MAC6>,0.0,1.0,0.0,100.0
61620,1,walk,walk,8416,,8416.0,20.0,0.0,0.0,7.0,-0.23,-0.144,-0.062,0.0,34.0,28.18,0.0,14.0,2160.0,12.0,-12.28,-0.21,-0.98,-0.13,-8.1,51.86,18.65,202.0,TESTR,AKR-TESTR-<MAC6>,0.0,1.0,0.0,100.0
61660,1,walk,walk,8417,,8417.0,20.0,0.0,0.0,7.0,-0.56,-0.145,-0.108,0.0,34.0,28.18,0.0,14.0,2160.0,12.0,-12.38,-0.22,-0.98,-0.13,-6.06,47.06,17.68,202.0,TESTR,AKR-TESTR-<MAC6>,0.0,1.0,0.0,100.0
61660,1,walk,walk,8418,,8418.0,20.0,0.0,0.0,7.0,-0.92,-0.146,-0.023,0.0,34.0,28.14,0.0,14.0,2160.0,12.0,-12.27,-0.21,-0.99,-0.13,-4.13,43.1,16.75,202.0,TESTR,AKR-TESTR-<MAC6>,0.0,1.0,0.0,100.0
61700,1,walk,walk,8419,,8419.0,20.0,0.0,0.0,7.0,-1.31,-0.147,-0.13,0.0,34.0,28.18,0.0,14.0,2160.0,12.0,-11.99,-0.21,-0.99,-0.12,-2.33,39.71,15.83,203.0,TESTR,AKR-TESTR-<MAC6>,0.0,1.0,0.0,100.0
61720,1,walk,walk,8420,,8420.0,20.0,0.0,0.0,7.0,-1.72,-0.149,-0.065,0.0,34.0,28.18,0.0,14.0,2160.0,12.0,-11.6,-0.2,-0.99,-0.12,-0.72,36.65,14.91,203.0,TESTR,AKR-TESTR-<MAC6>,0.0,1.0,0.0,100.0
61720,1,walk,walk,8421,,8421.0,20.0,0.0,0.0,7.0,-2.15,-0.15,-0.178,0.0,34.0,28.18,0.0,14.0,2160.0,12.0,-11.13,-0.19,-0.99,-0.12,0.69,33.78,13.99,203.0,TESTR,AKR-TESTR-<MAC6>,0.0,1.0,0.0,100.0
61740,1,walk,walk,8422,,8422.0,20.0,0.0,0.0,7.0,-2.59,-0.152,-0.001,0.0,34.0,28.14,0.0,14.0,2160.0,12.0,-10.61,-0.19,-0.99,-0.11,1.83,31.0,13.08,203.0,TESTR,AKR-TESTR-<MAC6>,0.0,1.0,0.0,100.0
61780,1,walk,walk,8423,,8423.0,20.0,0.0,0.0,7.0,-3.03,-0.152,-0.057,0.0,34.0,28.18,0.0,14.0,2160.0,12.0,-10.07,-0.18,-0.99,-0.11,2.69,28.25,12.22,203.0,TESTR,AKR-TESTR-<MAC6>,0.0,1.0,0.0,100.0
61800,1,walk,walk,8424,,8424.0,20.0,0.0,0.0,7.0,-3.47,-0.154,-0.014,0.0,34.0,28.14,0.0,14.0,2160.0,12.0,-9.53,-0.17,-0.99,-0.11,3.26,25.52,11.43,203.0,TESTR,AKR-TESTR-<MAC6>,0.0,1.0,0.0,100.0
61800,1,walk,walk,8425,,8425.0,20.0,0.0,0.0,7.0,-3.91,-0.155,-0.003,0.0,34.0,28.18,0.0,14.0,2160.0,12.0,-9.02,-0.16,-1.0,-0.1,3.6,22.84,10.69,203.0,TESTR,AKR-TESTR-<MAC6>,0.0,1.0,0.0,100.0
61860,1,walk,walk,8426,,8426.0,20.0,0.0,0.0,7.0,-4.34,-0.155,0.029,0.0,34.0,28.18,0.0,14.0,2160.0,12.0,-8.56,-0.15,-1.0,-0.1,3.76,20.23,9.97,203.0,TESTR,AKR-TESTR-<MAC6>,0.0,1.0,0.0,100.0
61880,1,walk,walk,8427,,8427.0,20.0,0.0,0.0,7.0,-4.76,-0.154,0.057,0.0,34.0,28.18,0.0,14.0,2160.0,12.0,-8.16,-0.14,-1.0,-0.1,3.79,17.76,9.21,203.0,TESTR,AKR-TESTR-<MAC6>,0.0,1.0,0.0,100.0
61900,1,walk,walk,8428,,8428.0,20.0,0.0,0.0,7.0,-5.17,-0.154,0.132,0.0,34.0,28.14,0.0,14.0,2160.0,12.0,-7.82,-0.14,-1.0,-0.1,3.71,15.47,8.37,203.0,TESTR,AKR-TESTR-<MAC6>,0.0,1.0,0.0,100.0
61940,1,walk,walk,8429,,8429.0,20.0,0.0,0.0,7.0,-5.55,-0.153,0.099,0.0,34.0,28.14,0.0,14.0,2160.0,12.0,-7.52,-0.13,-1.0,-0.1,3.54,13.32,7.44,203.0,TESTR,AKR-TESTR-<MAC6>,0.0,1.0,0.0,100.0
61940,1,walk,walk,8430,,8430.0,20.0,0.0,0.0,7.0,-5.92,-0.15,0.103,0.0,34.0,28.18,0.0,14.0,2160.0,12.0,-7.25,-0.13,-1.0,-0.1,3.29,11.32,6.42,203.0,TESTR,AKR-TESTR-<MAC6>,0.0,1.0,0.0,100.0
61940,1,walk,walk,8431,,8431.0,20.0,0.0,0.0,7.0,-6.26,-0.149,0.155,0.0,34.0,28.14,0.0,14.0,2160.0,12.0,-7.0,-0.12,-1.0,-0.1,2.97,9.49,5.35,203.0,TESTR,AKR-TESTR-<MAC6>,0.0,1.0,0.0,100.0
61960,1,walk,walk,8432,,8432.0,20.0,0.0,0.0,7.0,-6.59,-0.146,0.205,0.0,34.0,28.18,0.0,14.0,2160.0,12.0,-6.77,-0.12,-1.0,-0.1,2.61,7.85,4.27,203.0,TESTR,AKR-TESTR-<MAC6>,0.0,1.0,0.0,100.0
61960,1,walk,walk,8433,,8433.0,20.0,0.0,0.0,7.0,-6.88,-0.143,0.299,0.0,34.0,28.18,0.0,14.0,2160.0,12.0,-6.55,-0.11,-1.0,-0.1,2.21,6.39,3.2,203.0,TESTR,AKR-TESTR-<MAC6>,0.0,1.0,0.0,100.0
62000,1,walk,walk,8434,,8434.0,20.0,0.0,0.0,1.0,-7.16,-0.139,0.279,0.0,34.0,28.18,0.0,14.0,2160.0,12.0,-6.34,-0.11,-1.0,-0.1,1.79,5.12,2.13,203.0,TESTR,AKR-TESTR-<MAC6>,0.0,1.0,0.0,100.0
62040,1,walk,walk,8435,,8435.0,20.0,0.0,0.0,1.0,-7.4,-0.137,0.195,0.0,34.0,28.18,0.0,14.0,2160.0,12.0,-6.14,-0.11,-1.0,-0.1,1.34,4.02,1.12,203.0,TESTR,AKR-TESTR-<MAC6>,0.0,1.0,0.0,100.0
62100,1,walk,walk,8436,,8436.0,20.0,0.0,0.0,1.0,-7.62,-0.134,0.147,0.0,34.0,28.18,0.0,14.0,2160.0,12.0,-5.95,-0.1,-1.0,-0.1,0.89,3.06,0.19,203.0,TESTR,AKR-TESTR-<MAC6>,0.0,1.0,0.0,100.0
62100,1,walk,walk,8437,,8437.0,20.0,0.0,0.0,1.0,-7.82,-0.134,0.089,0.0,34.0,28.18,0.0,14.0,2160.0,12.0,-5.77,-0.1,-1.0,-0.1,0.46,2.24,-0.61,203.0,TESTR,AKR-TESTR-<MAC6>,0.0,1.0,0.0,100.0
62100,1,walk,walk,8438,,8438.0,20.0,0.0,0.0,1.0,-7.99,-0.133,0.042,0.0,34.0,28.18,0.0,14.0,2160.0,12.0,-5.59,-0.1,-1.0,-0.1,0.11,1.55,-1.27,203.0,TESTR,AKR-TESTR-<MAC6>,0.0,1.0,0.0,100.0
62100,1,walk,walk,8439,,8439.0,20.0,0.0,0.0,1.0,-8.13,-0.133,-0.003,0.0,34.0,28.18,0.0,14.0,2160.0,12.0,-5.43,-0.09,-1.0,-0.11,-0.15,1.0,-1.77,203.0,TESTR,AKR-TESTR-<MAC6>,0.0,1.0,0.0,100.0
62120,1,walk,walk,8440,,8440.0,20.0,0.0,0.0,1.0,-8.25,-0.133,0.007,0.0,34.0,28.18,0.0,14.0,2160.0,12.0,-5.27,-0.09,-1.0,-0.11,-0.28,0.57,-2.12,203.0,TESTR,AKR-TESTR-<MAC6>,0.0,1.0,0.0,100.0
62140,1,walk,walk,8441,,8441.0,20.0,0.0,0.0,1.0,-8.34,-0.133,0.026,0.0,34.0,28.18,0.0,14.0,2160.0,12.0,-5.13,-0.09,-1.0,-0.11,-0.27,0.24,-2.32,203.0,TESTR,AKR-TESTR-<MAC6>,0.0,1.0,0.0,100.0
62140,1,walk,walk,8442,,8442.0,20.0,0.0,0.0,1.0,-8.41,-0.133,-0.028,0.0,34.0,28.18,0.0,14.0,2160.0,12.0,-4.99,-0.09,-1.0,-0.11,-0.13,0.0,-2.39,203.0,TESTR,AKR-TESTR-<MAC6>,0.0,1.0,0.0,100.0
62160,1,walk,walk,8443,,8443.0,20.0,0.0,0.0,1.0,-8.46,-0.133,0.041,0.0,34.0,28.18,0.0,14.0,2160.0,12.0,-4.86,-0.08,-1.0,-0.12,0.13,-0.16,-2.33,203.0,TESTR,AKR-TESTR-<MAC6>,0.0,1.0,0.0,100.0
62200,1,walk,walk,8444,,8444.0,20.0,0.0,0.0,1.0,-8.48,-0.133,0.023,0.0,34.0,28.14,0.0,14.0,2160.0,12.0,-4.73,-0.08,-1.0,-0.12,0.45,-0.27,-2.13,203.0,TESTR,AKR-TESTR-<MAC6>,0.0,1.0,0.0,100.0
62240,1,walk,walk,8445,,8445.0,20.0,0.0,0.0,1.0,-8.49,-0.133,0.003,0.0,34.0,28.18,0.0,14.0,2160.0,12.0,-4.6,-0.08,-1.0,-0.12,0.76,-0.35,-1.8,203.0,TESTR,AKR-TESTR-<MAC6>,0.0,1.0,0.0,100.0
62240,1,walk,walk,8446,,8446.0,20.0,0.0,0.0,1.0,-8.48,-0.133,-0.007,0.0,34.0,28.18,0.0,14.0,2160.0,12.0,-4.47,-0.08,-1.0,-0.12,0.98,-0.43,-1.32,203.0,TESTR,AKR-TESTR-<MAC6>,0.0,1.0,0.0,100.0
62260,1,walk,walk,8447,,8447.0,20.0,0.0,0.0,1.0,-8.46,-0.134,0.015,0.0,34.0,28.18,0.0,14.0,2160.0,12.0,-4.34,-0.08,-1.0,-0.12,1.07,-0.51,-0.72,203.0,TESTR,AKR-TESTR-<MAC6>,0.0,1.0,0.0,100.0
62260,1,walk,walk,8448,,8448.0,20.0,0.0,0.0,1.0,-8.42,-0.134,-0.046,0.0,34.0,28.14,0.0,14.0,2160.0,12.0,-4.24,-0.07,-1.0,-0.11,1.01,-0.59,-0.02,203.0,TESTR,AKR-TESTR-<MAC6>,0.0,1.0,0.0,100.0
62280,1,walk,walk,8449,,8449.0,20.0,0.0,0.0,1.0,-8.38,-0.134,-0.04,0.0,34.0,28.18,0.0,14.0,2160.0,12.0,-4.18,-0.07,-1.0,-0.11,0.83,-0.64,0.71,203.0,TESTR,AKR-TESTR-<MAC6>,0.0,1.0,0.0,100.0
62320,1,walk,walk,8450,,8450.0,20.0,1.0,0.0,1.0,-8.32,-0.133,0.068,0.0,34.0,28.18,0.0,15.0,2160.0,12.0,-4.17,-0.07,-1.0,-0.11,0.55,-0.66,1.34,203.0,TESTR,AKR-TESTR-<MAC6>,0.0,1.0,0.0,100.0
62320,1,walk,walk,8451,,8451.0,20.0,1.0,0.0,1.0,-8.26,-0.132,0.277,0.0,34.0,28.18,0.0,15.0,2160.0,12.0,-4.23,-0.07,-1.0,-0.11,0.24,-0.61,1.74,203.0,TESTR,AKR-TESTR-<MAC6>,0.0,1.0,0.0,100.0
62340,1,walk,walk,8452,,8452.0,20.0,1.0,0.0,1.0,-8.2,-0.126,0.429,0.0,34.0,28.18,0.0,15.0,2160.0,12.0,-4.35,-0.08,-1.0,-0.11,-0.08,-0.49,1.75,203.0,TESTR,AKR-TESTR-<MAC6>,0.0,1.0,0.0,100.0
62400,1,walk,walk,8453,,8453.0,20.0,1.0,0.0,1.0,-8.13,-0.117,0.777,0.0,34.0,28.18,0.0,15.0,2160.0,12.0,-4.49,-0.08,-1.0,-0.11,-0.38,-0.36,1.28,203.0,TESTR,AKR-TESTR-<MAC6>,0.0,1.0,0.0,100.0
62400,1,walk,walk,8454,,8454.0,20.0,1.0,0.0,1.0,-8.07,-0.108,0.437,0.0,34.0,28.14,0.0,15.0,2160.0,12.0,-4.64,-0.08,-1.0,-0.11,-0.69,-0.22,0.38,203.0,TESTR,AKR-TESTR-<MAC6>,0.0,1.0,0.0,100.0
62400,1,walk,walk,8455,,8455.0,20.0,1.0,0.0,1.0,-8.0,-0.102,0.331,0.0,34.0,28.18,0.0,15.0,2160.0,12.0,-4.76,-0.08,-1.0,-0.11,-1.01,-0.08,-0.82,203.0,TESTR,AKR-TESTR-<MAC6>,0.0,1.0,0.0,100.0
62440,1,walk,walk,8456,,8456.0,20.0,0.0,0.0,1.0,-7.94,-0.099,0.207,0.0,34.0,28.18,0.0,14.0,2160.0,12.0,-4.83,-0.08,-1.0,-0.11,-1.33,0.04,-2.16,203.0,TESTR,AKR-TESTR-<MAC6>,0.0,1.0,0.0,100.0
62440,1,walk,walk,8457,,8457.0,20.0,0.0,0.0,1.0,-7.87,-0.095,0.391,0.0,34.0,28.18,0.0,14.0,2160.0,12.0,-4.84,-0.08,-1.0,-0.11,-1.62,0.15,-3.56,203.0,TESTR,AKR-TESTR-<MAC6>,0.0,1.0,0.0,100.0
62460,1,walk,walk,8458,,8458.0,20.0,0.0,0.0,1.0,-7.81,-0.089,0.496,0.0,34.0,28.18,0.0,14.0,2160.0,12.0,-4.82,-0.08,-1.0,-0.11,-1.85,0.21,-4.98,203.0,TESTR,AKR-TESTR-<MAC6>,0.0,1.0,0.0,100.0
62500,1,walk,walk,8459,,8459.0,20.0,0.0,0.0,1.0,-7.74,-0.082,0.574,0.0,34.0,28.14,0.0,14.0,2160.0,12.0,-4.76,-0.08,-1.0,-0.11,-1.98,0.24,-6.44,203.0,TESTR,AKR-TESTR-<MAC6>,0.0,1.0,0.0,100.0
62500,1,walk,walk,8460,,8460.0,20.0,0.0,0.0,1.0,-7.67,-0.074,0.574,0.0,34.0,28.18,0.0,14.0,2160.0,12.0,-4.67,-0.08,-1.0,-0.12,-1.98,0.24,-7.98,203.0,TESTR,AKR-TESTR-<MAC6>,0.0,1.0,0.0,100.0
62540,1,walk,walk,8461,,8461.0,20.0,0.0,0.0,1.0,-7.59,-0.065,0.695,0.0,34.0,28.18,0.0,14.0,2160.0,12.0,-4.56,-0.08,-1.0,-0.12,-1.83,0.2,-9.62,203.0,TESTR,AKR-TESTR-<MAC6>,0.0,1.0,0.0,100.0
62560,1,walk,walk,8462,,8462.0,20.0,0.0,0.0,1.0,-7.51,-0.054,0.706,0.0,34.0,28.18,0.0,14.0,2160.0,12.0,-4.42,-0.08,-1.0,-0.12,-1.54,0.11,-11.36,203.0,TESTR,AKR-TESTR-<MAC6>,0.0,1.0,0.0,100.0
62560,1,walk,walk,8463,,8463.0,20.0,0.0,0.0,1.0,-7.42,-0.047,0.381,0.0,34.0,28.18,0.0,14.0,2160.0,12.0,-4.24,-0.07,-1.0,-0.12,-1.1,-0.01,-13.12,203.0,TESTR,AKR-TESTR-<MAC6>,0.0,1.0,0.0,100.0
62580,1,walk,walk,8464,,8464.0,20.0,0.0,0.0,1.0,-7.31,-0.041,0.365,0.0,34.0,28.18,0.0,14.0,2160.0,12.0,-4.01,-0.07,-1.0,-0.12,-0.56,-0.15,-14.82,203.0,TESTR,AKR-TESTR-<MAC6>,0.0,1.0,0.0,100.0
62620,1,walk,walk,8465,,8465.0,20.0,0.0,0.0,1.0,-7.19,-0.036,0.357,0.0,34.0,28.18,0.0,14.0,2160.0,12.0,-3.72,-0.07,-1.0,-0.13,0.03,-0.31,-16.37,203.0,TESTR,AKR-TESTR-<MAC6>,0.0,1.0,0.0,100.0
62620,1,walk,walk,8466,,8466.0,20.0,0.0,0.0,1.0,-7.06,-0.032,0.284,0.0,34.0,28.18,0.0,14.0,2160.0,12.0,-3.37,-0.06,-1.0,-0.13,0.6,-0.42,-17.68,203.0,TESTR,AKR-TESTR-<MAC6>,0.0,1.0,0.0,100.0
62640,1,walk,walk,8467,,8467.0,20.0,0.0,0.0,1.0,-6.9,-0.029,0.128,0.0,34.0,28.18,0.0,14.0,2160.0,12.0,-2.98,-0.05,-1.0,-0.13,1.08,-0.4,-18.68,203.0,TESTR,AKR-TESTR-<MAC6>,0.0,1.0,0.0,100.0
62680,1,walk,walk,8468,,8468.0,20.0,0.0,0.0,1.0,-6.73,-0.028,-0.029,0.0,34.0,28.18,0.0,14.0,2160.0,12.0,-2.56,-0.05,-1.01,-0.13,1.39,-0.22,-19.35,203.0,TESTR,AKR-TESTR-<MAC6>,0.0,1.0,0.0,100.0
62700,1,walk,walk,8469,,8469.0,20.0,0.0,0.0,1.0,-6.54,-0.029,-0.068,0.0,34.0,28.18,0.0,14.0,2160.0,12.0,-2.16,-0.04,-1.01,-0.13,1.5,0.11,-19.71,204.0,TESTR,AKR-TESTR-<MAC6>,0.0,1.0,0.0,100.0
62740,1,walk,walk,8470,,8470.0,20.0,0.0,0.0,1.0,-6.32,-0.034,-0.442,0.0,34.0,28.18,0.0,14.0,2160.0,12.0,-1.8,-0.03,-1.01,-0.12,1.37,0.61,-19.77,204.0,TESTR,AKR-TESTR-<MAC6>,0.0,1.0,0.0,100.0
62740,1,walk,walk,8471,,8471.0,20.0,0.0,0.0,1.0,-6.08,-0.044,-1.078,0.0,34.0,28.18,0.0,14.0,2160.0,12.0,-1.47,-0.03,-1.01,-0.12,0.97,1.24,-19.51,204.0,TESTR,AKR-TESTR-<MAC6>,0.0,1.0,0.0,100.0
62740,1,walk,walk,8472,,8472.0,20.0,0.0,0.0,1.0,-5.83,-0.059,-0.81,0.0,34.0,28.18,0.0,14.0,2160.0,12.0,-1.18,-0.02,-1.02,-0.12,0.29,1.93,-18.97,204.0,TESTR,AKR-TESTR-<MAC6>,0.0,1.0,0.0,100.0
62780,1,walk,walk,8473,,8473.0,20.0,0.0,0.0,1.0,-5.55,-0.07,-0.702,0.0,34.0,28.18,0.0,14.0,2160.0,12.0,-0.9,-0.02,-1.02,-0.11,-0.66,2.61,-18.21,204.0,TESTR,AKR-TESTR-<MAC6>,0.0,1.0,0.0,100.0
62780,1,walk,walk,8474,,8474.0,20.0,0.0,0.0,1.0,-5.26,-0.077,-0.449,0.0,34.0,28.18,0.0,14.0,2160.0,12.0,-0.61,-0.01,-1.02,-0.1,-1.83,3.15,-17.3,204.0,TESTR,AKR-TESTR-<MAC6>,0.0,1.0,0.0,100.0
62800,1,walk,walk,8475,,8475.0,20.0,0.0,6.0,2.0,-4.95,-0.082,-0.256,0.0,34.0,28.14,0.0,14.0,2160.0,12.0,-0.31,-0.01,-1.02,-0.1,-3.13,3.37,-16.33,204.0,TESTR,AKR-TESTR-<MAC6>,0.0,1.0,0.0,100.0
62820,1,walk,walk,8476,,8476.0,20.0,0.0,6.0,2.0,-4.62,-0.087,-0.585,0.092,34.0,28.11,0.0,18.0,2160.0,12.0,0.02,0.0,-1.02,-0.09,-4.44,3.02,-15.39,204.0,TESTR,AKR-TESTR-<MAC6>,0.0,1.0,0.0,100.0
62880,1,walk,walk,8477,,8477.0,20.0,0.0,6.0,2.0,-4.29,-0.058,2.309,1.256,34.0,28.07,0.0,18.0,2160.0,12.0,0.39,0.01,-1.02,-0.08,-5.61,1.9,-14.91,204.0,TESTR,AKR-TESTR-<MAC6>,0.0,1.0,0.0,100.0
62880,1,walk,walk,8478,,8478.0,20.0,0.0,6.0,2.0,-3.95,-0.033,1.139,1.32,34.0,28.07,0.0,18.0,2160.0,12.0,0.78,0.01,-1.02,-0.07,-6.5,-0.14,-15.02,204.0,TESTR,AKR-TESTR-<MAC6>,0.0,1.0,0.0,100.0
62880,1,walk,walk,8479,,8479.0,20.0,0.0,6.0,2.0,-3.61,-0.022,0.416,1.593,34.0,28.07,0.0,18.0,2160.0,12.0,1.2,0.02,-1.01,-0.07,-6.95,-2.85,-15.53,204.0,TESTR,AKR-TESTR-<MAC6>,0.0,1.0,0.0,100.0
62920,1,walk,walk,8480,,8480.0,20.0,0.0,6.0,2.0,-3.26,-0.018,0.237,1.707,34.0,28.07,0.0,18.0,2160.0,12.0,1.68,0.03,-1.01,-0.06,-6.79,-5.15,-16.06,204.0,TESTR,AKR-TESTR-<MAC6>,0.0,1.0,0.0,100.0
62920,1,walk,walk,8481,,8481.0,20.0,1.0,6.0,2.0,-2.91,-0.015,0.185,1.61,34.0,28.07,0.0,19.0,2160.0,12.0,2.23,0.04,-1.01,-0.05,-5.94,-5.48,-16.05,204.0,TESTR,AKR-TESTR-<MAC6>,0.0,1.0,0.0,100.0
62940,1,walk,walk,8482,,8482.0,20.0,0.0,6.0,2.0,-2.56,-0.013,0.16,1.381,34.0,28.11,0.0,18.0,2160.0,12.0,2.8,0.05,-1.01,-0.04,-4.5,-2.4,-14.96,204.0,TESTR,AKR-TESTR-<MAC6>,0.0,1.0,0.0,100.0
62980,1,walk,walk,8483,,8483.0,20.0,1.0,6.0,2.0,-2.21,-0.011,0.152,1.188,34.0,28.11,0.0,19.0,2160.0,12.0,3.28,0.06,-1.02,-0.03,-2.75,4.89,-12.51,204.0,TESTR,AKR-TESTR-<MAC6>,0.0,1.0,0.0,100.0
62980,1,walk,walk,8484,,8484.0,20.0,1.0,6.0,2.0,-1.86,-0.01,0.12,1.124,34.0,28.11,0.0,19.0,2160.0,12.0,3.55,0.06,-1.02,-0.03,-1.01,16.09,-8.69,204.0,TESTR,AKR-TESTR-<MAC6>,0.0,1.0,0.0,100.0
63020,1,walk,walk,8485,,8485.0,20.0,1.0,6.0,2.0,-1.52,-0.01,-0.117,1.174,34.0,28.11,0.0,19.0,2160.0,12.0,3.48,0.06,-1.03,-0.03,0.56,29.81,-3.84,204.0,TESTR,AKR-TESTR-<MAC6>,0.0,1.0,0.0,100.0
63040,1,walk,walk,8486,,8486.0,20.0,1.0,6.0,2.0,-1.18,-0.01,-0.108,1.311,34.0,28.11,0.0,19.0,2160.0,12.0,3.0,0.05,-1.03,-0.03,1.9,43.85,1.56,204.0,TESTR,AKR-TESTR-<MAC6>,0.0,1.0,0.0,100.0
63040,1,walk,walk,8487,,8487.0,20.0,1.0,1.0,5.0,-0.86,-0.012,-0.017,1.451,34.0,28.11,0.0,19.0,2160.0,13.0,2.16,0.04,-1.03,-0.04,3.07,55.85,7.07,204.0,TESTR,AKR-TESTR-<MAC6>,0.0,1.0,0.0,100.0
63060,1,walk,walk,8488,,8488.0,20.0,0.0,1.0,6.0,-0.56,-0.014,-0.126,1.683,34.0,27.97,0.0,19.0,2160.0,13.0,1.13,0.02,-1.02,-0.05,4.16,63.74,12.27,204.0,TESTR,AKR-TESTR-<MAC6>,0.0,1.0,0.0,100.0
63100,1,walk,walk,8489,,8489.0,20.0,0.0,1.0,6.0,-0.28,0.018,2.915,2.86,34.0,27.86,0.0,19.0,2160.0,13.0,0.17,0.0,-1.02,-0.06,5.33,66.61,16.67,204.0,TESTR,AKR-TESTR-<MAC6>,0.0,1.0,0.0,100.0
63100,1,walk,walk,8490,,8490.0,20.0,0.0,1.0,6.0,-0.03,0.057,2.36,3.962,34.0,27.72,0.0,19.0,2160.0,13.0,-0.44,-0.01,-1.01,-0.07,6.62,64.96,19.98,204.0,TESTR,AKR-TESTR-<MAC6>,0.0,1.0,0.0,100.0
63120,1,walk,walk,8491,,8491.0,20.0,0.0,1.0,6.0,0.17,0.09,2.0,4.431,34.0,27.69,0.0,19.0,2160.0,13.0,-0.51,-0.01,-1.0,-0.08,7.84,60.47,22.14,204.0,TESTR,AKR-TESTR-<MAC6>,0.0,1.0,0.0,100.0
63160,1,walk,walk,8492,,8492.0,20.0,0.0,1.0,6.0,0.33,0.116,1.619,4.88,34.0,27.65,0.0,19.0,2160.0,13.0,0.05,0.0,-0.99,-0.09,8.71,55.24,23.23,204.0,TESTR,AKR-TESTR-<MAC6>,0.0,1.0,0.0,100.0
63200,1,walk,walk,8493,,8493.0,20.0,0.0,1.0,6.0,0.44,0.14,1.464,4.893,34.0,27.65,0.0,19.0,2160.0,13.0,1.17,0.02,-0.97,-0.11,9.0,50.99,23.37,204.0,TESTR,AKR-TESTR-<MAC6>,0.0,1.0,0.0,100.0
63200,1,walk,walk,8494,,8494.0,20.0,0.0,3.0,7.0,0.49,0.16,1.125,5.12,34.0,27.62,0.0,19.0,2160.0,13.0,2.65,0.04,-0.96,-0.12,8.62,48.6,22.69,204.0,TESTR,AKR-TESTR-<MAC6>,0.0,1.0,0.0,100.0
63220,1,walk,walk,8495,,8495.0,20.0,0.0,3.0,7.0,0.5,0.176,1.161,5.123,34.0,27.62,0.0,19.0,2160.0,13.0,4.24,0.07,-0.95,-0.14,7.63,48.08,21.27,204.0,TESTR,AKR-TESTR-<MAC6>,0.0,1.0,0.0,100.0
63220,1,walk,walk,8496,,8496.0,20.0,0.0,3.0,7.0,0.45,0.189,0.777,5.409,34.0,27.58,0.0,19.0,2160.0,13.0,5.7,0.09,-0.94,-0.15,6.19,48.78,19.24,204.0,TESTR,AKR-TESTR-<MAC6>,0.0,1.0,0.0,100.0
63240,1,walk,walk,8497,,8497.0,20.0,0.0,3.0,7.0,0.37,0.199,0.543,5.391,34.0,27.58,0.0,19.0,2160.0,13.0,6.89,0.11,-0.93,-0.16,4.51,49.78,16.75,204.0,TESTR,AKR-TESTR-<MAC6>,0.0,1.0,0.0,100.0
63280,1,walk,walk,8498,,8498.0,20.0,1.0,3.0,7.0,0.24,0.202,0.169,5.658,34.0,27.58,0.0,20.0,2160.0,13.0,7.75,0.13,-0.93,-0.17,2.77,50.26,13.99,204.0,TESTR,AKR-TESTR-<MAC6>,0.0,1.0,0.0,100.0
63280,1,walk,walk,8499,,8499.0,20.0,0.0,3.0,7.0,0.09,0.202,-0.077,5.441,34.0,27.65,0.0,19.0,2160.0,13.0,8.13,0.13,-0.93,-0.18,1.19,49.68,11.19,204.0,TESTR,AKR-TESTR-<MAC6>,0.0,1.0,0.0,100.0
63340,1,walk,walk,8500,,8500.0,20.0,0.0,3.0,7.0,-0.07,0.195,-0.629,5.306,34.0,27.72,0.0,19.0,2160.0,13.0,7.98,0.13,-0.93,-0.19,-0.01,47.81,8.58,204.0,TESTR,AKR-TESTR-<MAC6>,0.0,1.0,0.0,100.0
63360,1,walk,walk,8501,,8501.0,20.0,0.0,3.0,7.0,-0.25,0.176,-1.279,5.215,34.0,27.83,0.0,19.0,2160.0,13.0,7.37,0.12,-0.95,-0.19,-0.75,44.73,6.34,204.0,TESTR,AKR-TESTR-<MAC6>,0.0,1.0,0.0,100.0
63360,1,walk,walk,8502,,8502.0,20.0,0.0,3.0,7.0,-0.43,0.15,-1.811,4.405,34.0,27.93,0.0,19.0,2160.0,13.0,6.44,0.11,-0.96,-0.19,-1.09,40.79,4.65,204.0,TESTR,AKR-TESTR-<MAC6>,0.0,1.0,0.0,100.0
63400,1,walk,walk,8503,,8503.0,20.0,0.0,3.0,7.0,-0.6,0.115,-2.38,3.508,34.0,28.07,0.0,19.0,2160.0,13.0,5.35,0.09,-0.97,-0.18,-1.16,36.39,3.59,204.0,TESTR,AKR-TESTR-<MAC6>,0.0,1.0,0.0,100.0
63400,1,walk,walk,8504,,8504.0,20.0,0.0,3.0,7.0,-0.76,0.072,-3.492,2.44,34.0,28.18,0.0,19.0,2160.0,13.0,4.19,0.07,-0.99,-0.17,-1.1,32.05,3.34,204.0,TESTR,AKR-TESTR-<MAC6>,0.0,1.0,0.0,100.0
63400,1,walk,walk,8505,,8505.0,20.0,0.0,3.0,7.0,-0.9,0.012,-4.065,1.385,34.0,28.18,0.0,19.0,2160.0,13.0,3.08,0.05,-1.0,-0.16,-1.04,28.11,3.95,204.0,TESTR,AKR-TESTR-<MAC6>,0.0,1.0,0.0,100.0
63420,1,walk,walk,8506,,8506.0,20.0,0.0,3.0,7.0,-1.03,-0.045,-3.41,0.624,34.0,28.14,0.0,19.0,2160.0,13.0,2.16,0.04,-1.01,-0.15,-1.04,24.73,5.37,204.0,TESTR,AKR-TESTR-<MAC6>,0.0,1.0,0.0,100.0
63460,1,walk,walk,8507,,8507.0,20.0,0.0,3.0,7.0,-1.14,-0.088,-2.365,0.042,34.0,28.14,0.0,19.0,2160.0,13.0,1.53,0.03,-1.02,-0.14,-1.01,22.16,7.39,204.0,TESTR,AKR-TESTR-<MAC6>,0.0,1.0,0.0,100.0
63460,1,walk,walk,8508,,8508.0,20.0,0.0,3.0,7.0,-1.24,-0.113,-1.147,-0.452,34.0,28.14,0.0,19.0,2160.0,13.0,1.23,0.02,-1.03,-0.13,-0.88,20.45,9.71,204.0,TESTR,AKR-TESTR-<MAC6>,0.0,1.0,0.0,100.0
63480,1,walk,walk,8509,,8509.0,20.0,0.0,3.0,7.0,-1.32,-0.12,0.24,-0.445,34.0,28.14,0.0,19.0,2160.0,13.0,1.21,0.02,-1.03,-0.13,-0.58,19.51,11.93,204.0,TESTR,AKR-TESTR-<MAC6>,0.0,1.0,0.0,100.0
63540,1,walk,walk,8510,,8510.0,20.0,0.0,3.0,7.0,-1.4,-0.111,0.62,0.032,34.0,28.14,0.0,19.0,2160.0,13.0,1.33,0.02,-1.03,-0.13,-0.1,18.96,13.74,204.0,TESTR,AKR-TESTR-<MAC6>,0.0,1.0,0.0,100.0
63540,1,walk,walk,8511,,8511.0,20.0,0.0,3.0,7.0,-1.48,-0.106,0.108,0.357,34.0,28.14,0.0,19.0,2160.0,13.0,1.49,0.03,-1.03,-0.12,0.43,18.46,15.03,204.0,TESTR,AKR-TESTR-<MAC6>,0.0,1.0,0.0,100.0
63540,1,walk,walk,8512,,8512.0,20.0,0.0,3.0,7.0,-1.55,-0.107,-0.152,0.314,34.0,28.14,0.0,19.0,2160.0,13.0,1.64,0.03,-1.03,-0.11,0.85,17.83,15.88,204.0,TESTR,AKR-TESTR-<MAC6>,0.0,1.0,0.0,100.0
63580,1,walk,walk,8513,,8513.0,20.0,0.0,3.0,7.0,-1.63,-0.11,-0.412,0.342,34.0,28.14,0.0,19.0,2160.0,13.0,1.72,0.03,-1.03,-0.11,1.02,17.01,16.41,204.0,TESTR,AKR-TESTR-<MAC6>,0.0,1.0,0.0,100.0
63580,1,walk,walk,8514,,8514.0,20.0,0.0,3.0,7.0,-1.72,-0.116,-0.414,0.336,34.0,28.14,0.0,19.0,2160.0,13.0,1.7,0.03,-1.02,-0.1,0.87,16.0,16.78,204.0,TESTR,AKR-TESTR-<MAC6>,0.0,1.0,0.0,100.0
63600,1,walk,walk,8515,,8515.0,20.0,0.0,3.0,7.0,-1.82,-0.124,-0.716,0.374,34.0,28.14,0.0,19.0,2160.0,13.0,1.59,0.03,-1.02,-0.09,0.43,14.86,17.14,204.0,TESTR,AKR-TESTR-<MAC6>,0.0,1.0,0.0,100.0
63640,1,walk,walk,8516,,8516.0,20.0,0.0,3.0,7.0,-1.93,-0.134,-0.485,0.224,34.0,28.14,0.0,19.0,2160.0,13.0,1.37,0.02,-1.02,-0.08,-0.24,13.62,17.53,204.0,TESTR,AKR-TESTR-<MAC6>,0.0,1.0,0.0,100.0
63660,1,walk,walk,8517,,8517.0,20.0,0.0,3.0,7.0,-2.05,-0.139,-0.331,0.235,34.0,28.14,0.0,19.0,2160.0,13.0,1.08,0.02,-1.02,-0.08,-1.08,12.32,17.98,205.0,TESTR,AKR-TESTR-<MAC6>,0.0,1.0,0.0,100.0
63680,1,walk,walk,8518,,8518.0,20.0,0.0,3.0,7.0,-2.18,-0.143,-0.374,0.256,34.0,28.14,0.0,19.0,2160.0,13.0,0.71,0.01,-1.01,-0.08,-2.03,11.04,18.45,205.0,TESTR,AKR-TESTR-<MAC6>,0.0,1.0,0.0,100.0
63700,1,walk,walk,8519,,8519.0,20.0,0.0,3.0,7.0,-2.33,-0.148,-0.311,0.273,34.0,28.14,0.0,19.0,2160.0,13.0,0.26,0.0,-1.01,-0.07,-3.06,9.82,18.9,205.0,TESTR,AKR-TESTR-<MAC6>,0.0,1.0,0.0,100.0
63700,1,walk,walk,8520,,8520.0,20.0,0.0,3.0,7.0,-2.49,-0.152,-0.068,0.162,34.0,28.14,0.0,19.0,2160.0,13.0,-0.28,0.0,-1.01,-0.07,-4.12,8.69,19.13,205.0,TESTR,AKR-TESTR-<MAC6>,0.0,1.0,0.0,100.0
63720,1,walk,walk,8521,,8521.0,20.0,0.0,3.0,7.0,-2.67,-0.151,0.081,0.231,34.0,28.14,0.0,19.0,2160.0,13.0,-0.91,-0.02,-1.01,-0.07,-5.12,7.68,18.94,205.0,TESTR,AKR-TESTR-<MAC6>,0.0,1.0,0.0,100.0
63760,1,walk,walk,8522,,8522.0,20.0,0.0,3.0,7.0,-2.85,-0.147,0.393,0.145,34.0,28.14,0.0,19.0,2160.0,13.0,-1.6,-0.03,-1.0,-0.08,-5.96,6.78,18.16,205.0,TESTR,AKR-TESTR-<MAC6>,0.0,1.0,0.0,100.0
63760,1,walk,walk,8523,,8523.0,20.0,1.0,3.0,7.0,-3.05,-0.138,0.699,0.162,34.0,28.14,0.0,20.0,2160.0,13.0,-2.31,-0.04,-1.0,-0.08,-6.56,5.99,16.69,205.0,TESTR,AKR-TESTR-<MAC6>,0.0,1.0,0.0,100.0
63780,1,walk,walk,8524,,8524.0,20.0,0.0,3.0,7.0,-3.26,-0.127,0.724,0.206,34.0,28.14,0.0,19.0,2160.0,13.0,-3.0,-0.05,-1.0,-0.08,-6.91,5.28,14.54,205.0,TESTR,AKR-TESTR-<MAC6>,0.0,1.0,0.0,100.0
63820,1,walk,walk,8525,,8525.0,20.0,0.0,3.0,7.0,-3.48,-0.117,0.786,0.153,34.0,28.14,0.0,19.0,2160.0,13.0,-3.63,-0.06,-1.0,-0.09,-7.02,4.61,11.83,205.0,TESTR,AKR-TESTR-<MAC6>,0.0,1.0,0.0,100.0
63860,1,walk,walk,8526,,8526.0,20.0,0.0,3.0,7.0,-3.71,-0.105,0.726,0.239,34.0,28.14,0.0,19.0,2160.0,13.0,-4.15,-0.07,-1.0,-0.1,-6.9,3.98,8.75,205.0,TESTR,AKR-TESTR-<MAC6>,0.0,1.0,0.0,100.0
63860,1,walk,walk,8527,,8527.0,20.0,0.0,3.0,7.0,-3.94,-0.097,0.418,0.381,34.0,28.14,0.0,19.0,2160.0,13.0,-4.56,-0.08,-1.0,-0.1,-6.56,3.38,5.5,205.0,TESTR,AKR-TESTR-<MAC6>,0.0,1.0,0.0,100.0
63880,1,walk,walk,8528,,8528.0,20.0,0.0,0.0,1.0,-4.16,-0.09,0.489,0.232,34.0,28.14,0.0,19.0,2160.0,13.0,-4.85,-0.08,-1.0,-0.11,-6.03,2.84,2.25,205.0,TESTR,AKR-TESTR-<MAC6>,0.0,1.0,0.0,100.0
63900,1,walk,walk,8529,,8529.0,20.0,0.0,0.0,1.0,-4.39,-0.083,0.481,0.183,34.0,28.14,0.0,19.0,2160.0,13.0,-5.03,-0.09,-1.0,-0.11,-5.34,2.33,-0.87,205.0,TESTR,AKR-TESTR-<MAC6>,0.0,1.0,0.0,100.0
63900,1,walk,walk,8530,,8530.0,20.0,0.0,0.0,1.0,-4.6,-0.078,2.009,0.0,34.0,28.21,0.0,14.0,2160.0,13.0,-5.11,-0.09,-1.0,-0.11,-4.56,1.85,-3.8,205.0,TESTR,AKR-TESTR-<MAC6>,0.0,1.0,0.0,100.0
63940,1,walk,walk,8531,,8531.0,20.0,0.0,0.0,1.0,-4.8,-0.069,0.476,0.0,34.0,28.14,0.0,14.0,2160.0,13.0,-5.1,-0.09,-1.0,-0.12,-3.77,1.4,-6.5,205.0,TESTR,AKR-TESTR-<MAC6>,0.0,1.0,0.0,100.0
63960,1,walk,walk,8532,,8532.0,20.0,0.0,0.0,1.0,-4.98,-0.061,0.555,0.0,34.0,28.18,0.0,14.0,2160.0,13.0,-5.0,-0.09,-1.0,-0.12,-3.01,1.03,-8.94,205.0,TESTR,AKR-TESTR-<MAC6>,0.0,1.0,0.0,100.0
64000,1,walk,walk,8533,,8533.0,20.0,0.0,0.0,1.0,-5.14,-0.056,0.169,0.0,34.0,28.18,0.0,14.0,2160.0,13.0,-4.81,-0.08,-1.0,-0.12,-2.33,0.71,-11.03,205.0,TESTR,AKR-TESTR-<MAC6>,0.0,1.0,0.0,100.0
64040,1,walk,walk,8534,,8534.0,20.0,0.0,0.0,1.0,-5.27,-0.056,-0.011,0.0,34.0,28.14,0.0,14.0,2160.0,13.0,-4.53,-0.08,-1.0,-0.12,-1.69,0.46,-12.67,205.0,TESTR,AKR-TESTR-<MAC6>,0.0,1.0,0.0,100.0
64040,1,walk,walk,8535,,8535.0,20.0,0.0,0.0,1.0,-5.37,-0.056,-0.015,0.0,34.0,28.18,0.0,14.0,2160.0,13.0,-4.2,-0.07,-1.0,-0.12,-1.03,0.25,-13.73,205.0,TESTR,AKR-TESTR-<MAC6>,0.0,1.0,0.0,100.0
64040,1,walk,walk,8536,,8536.0,20.0,0.0,0.0,1.0,-5.44,-0.056,-0.077,0.0,34.0,28.18,0.0,14.0,2160.0,13.0,-3.85,-0.07,-1.0,-0.13,-0.25,0.07,-14.21,205.0,TESTR,AKR-TESTR-<MAC6>,0.0,1.0,0.0,100.0
64060,1,walk,walk,8537,,8537.0,20.0,0.0,0.0,1.0,-5.48,-0.057,0.023,0.0,34.0,28.14,0.0,14.0,2160.0,13.0,-3.5,-0.06,-1.0,-0.13,0.66,-0.08,-14.17,205.0,TESTR,AKR-TESTR-<MAC6>,0.0,1.0,0.0,100.0
64060,1,walk,walk,8538,,8538.0,20.0,0.0,0.0,1.0,-5.48,-0.056,0.07,0.0,34.0,28.18,0.0,14.0,2160.0,13.0,-3.19,-0.06,-1.0,-0.13,1.69,-0.2,-13.74,205.0,TESTR,AKR-TESTR-<MAC6>,0.0,1.0,0.0,100.0
64080,1,walk,walk,8539,,8539.0,20.0,0.0,0.0,1.0,-5.44,-0.056,0.066,0.0,34.0,28.18,0.0,14.0,2160.0,13.0,-2.92,-0.05,-1.0,-0.13,2.78,-0.29,-13.1,205.0,TESTR,AKR-TESTR-<MAC6>,0.0,1.0,0.0,100.0
64120,1,walk,walk,8540,,8540.0,20.0,0.0,0.0,1.0,-5.38,-0.053,0.284,0.0,34.0,28.14,0.0,14.0,2160.0,13.0,-2.68,-0.05,-1.0,-0.13,3.84,-0.34,-12.4,205.0,TESTR,AKR-TESTR-<MAC6>,0.0,1.0,0.0,100.0
64140,1,walk,walk,8541,,8541.0,20.0,0.0,0.0,1.0,-5.29,-0.049,0.136,0.0,34.0,28.14,0.0,14.0,2160.0,13.0,-2.46,-0.04,-1.0,-0.13,4.82,-0.35,-11.75,205.0,TESTR,AKR-TESTR-<MAC6>,0.0,1.0,0.0,100.0
64160,1,walk,walk,8542,,8542.0,20.0,0.0,0.0,1.0,-5.17,-0.047,0.116,0.0,34.0,28.18,0.0,14.0,2160.0,13.0,-2.25,-0.04,-1.0,-0.12,5.67,-0.33,-11.19,205.0,TESTR,AKR-TESTR-<MAC6>,0.0,1.0,0.0,100.0
64160,1,walk,walk,8543,,8543.0,20.0,0.0,0.0,1.0,-5.02,-0.046,-0.046,0.0,34.0,28.18,0.0,14.0,2160.0,13.0,-2.03,-0.04,-1.0,-0.12,6.37,-0.3,-10.69,205.0,TESTR,AKR-TESTR-<MAC6>,0.0,1.0,0.0,100.0
64200,1,walk,walk,8544,,8544.0,20.0,0.0,0.0,1.0,-4.86,-0.046,-0.005,0.0,34.0,28.18,0.0,14.0,2160.0,13.0,-1.82,-0.03,-1.0,-0.12,6.96,-0.26,-10.21,205.0,TESTR,AKR-TESTR-<MAC6>,0.0,1.0,0.0,100.0
64200,1,walk,walk,8545,,8545.0,20.0,0.0,0.0,1.0,-4.68,-0.046,-0.033,0.0,34.0,28.18,0.0,14.0,2160.0,13.0,-1.6,-0.03,-1.0,-0.11,7.44,-0.23,-9.7,205.0,TESTR,AKR-TESTR-<MAC6>,0.0,1.0,0.0,100.0
64240,1,walk,walk,8546,,8546.0,20.0,0.0,0.0,1.0,-4.49,-0.046,-0.073,0.0,34.0,28.14,0.0,14.0,2160.0,13.0,-1.39,-0.02,-1.0,-0.11,7.84,-0.21,-9.17,205.0,TESTR,AKR-TESTR-<MAC6>,0.0,1.0,0.0,100.0
64240,1,walk,walk,8547,,8547.0,20.0,0.0,0.0,1.0,-4.29,-0.046,0.009,0.0,34.0,28.18,0.0,14.0,2160.0,13.0,-1.2,-0.02,-1.0,-0.11,8.13,-0.19,-8.62,205.0,TESTR,AKR-TESTR-<MAC6>,0.0,1.0,0.0,100.0
64260,1,walk,walk,8548,,8548.0,20.0,0.0,0.0,1.0,-4.09,-0.046,-0.033,0.0,34.0,28.18,0.0,14.0,2160.0,13.0,-1.02,-0.02,-1.0,-0.1,8.31,-0.18,-8.08,205.0,TESTR,AKR-TESTR-<MAC6>,0.0,1.0,0.0,100.0
64300,1,walk,walk,8549,,8549.0,20.0,0.0,0.0,1.0,-3.88,-0.046,-0.065,0.0,34.0,28.18,0.0,14.0,2160.0,13.0,-0.85,-0.01,-1.0,-0.1,8.35,-0.16,-7.56,205.0,TESTR,AKR-TESTR-<MAC6>,0.0,1.0,0.0,100.0
64320,1,walk,walk,8550,,8550.0,20.0,0.0,0.0,1.0,-3.66,-0.046,-0.041,0.0,34.0,28.18,0.0,14.0,2160.0,13.0,-0.69,-0.01,-1.0,-0.09,8.25,-0.15,-7.07,205.0,TESTR,AKR-TESTR-<MAC6>,0.0,1.0,0.0,100.0
64340,1,walk,walk,8551,,8551.0,20.0,0.0,0.0,1.0,-3.45,-0.045,0.104,0.0,34.0,28.14,0.0,14.0,2160.0,13.0,-0.53,-0.01,-1.0,-0.09,8.01,-0.13,-6.62,205.0,TESTR,AKR-TESTR-<MAC6>,0.0,1.0,0.0,100.0
64360,1,walk,walk,8552,,8552.0,20.0,0.0,0.0,1.0,-3.24,-0.044,0.033,0.0,34.0,28.18,0.0,14.0,2160.0,13.0,-0.37,-0.01,-1.0,-0.09,7.67,-0.13,-6.18,205.0,TESTR,AKR-TESTR-<MAC6>,0.0,1.0,0.0,100.0
64360,1,walk,walk,8553,,8553.0,20.0,0.0,0.0,1.0,-3.03,-0.045,-0.07,0.0,34.0,28.18,0.0,14.0,2160.0,13.0,-0.21,0.0,-1.0,-0.08,7.24,-0.14,-5.74,205.0,TESTR,AKR-TESTR-<MAC6>,0.0,1.0,0.0,100.0
64380,1,walk,walk,8554,,8554.0,20.0,0.0,0.0,1.0,-2.83,-0.045,0.037,0.0,34.0,28.18,0.0,14.0,2160.0,13.0,-0.06,0.0,-1.0,-0.08,6.76,-0.17,-5.27,205.0,TESTR,AKR-TESTR-<MAC6>,0.0,1.0,0.0,100.0
64420,1,walk,walk,8555,,8555.0,20.0,0.0,0.0,1.0,-2.64,-0.045,-0.04,0.0,34.0,28.18,0.0,14.0,2160.0,13.0,0.09,0.0,-1.0,-0.08,6.24,-0.22,-4.76,205.0,TESTR,AKR-TESTR-<MAC6>,0.0,1.0,0.0,100.0
64420,1,walk,walk,8556,,8556.0,20.0,0.0,0.0,1.0,-2.44,-0.046,-0.034,0.0,34.0,28.18,0.0,14.0,2160.0,13.0,0.22,0.0,-1.0,-0.07,5.67,-0.3,-4.23,205.0,TESTR,AKR-TESTR-<MAC6>,0.0,1.0,0.0,100.0
64440,1,walk,walk,8557,,8557.0,20.0,0.0,0.0,1.0,-2.26,-0.046,-0.003,0.0,34.0,28.18,0.0,14.0,2160.0,13.0,0.34,0.01,-1.0,-0.07,5.08,-0.39,-3.67,205.0,TESTR,AKR-TESTR-<MAC6>,0.0,1.0,0.0,100.0
64480,1,walk,walk,8558,,8558.0,20.0,0.0,0.0,1.0,-2.08,-0.046,0.032,0.0,34.0,28.18,0.0,14.0,2160.0,13.0,0.45,0.01,-1.0,-0.07,4.49,-0.49,-3.09,205.0,TESTR,AKR-TESTR-<MAC6>,0.0,1.0,0.0,100.0
64540,1,walk,walk,8559,,8559.0,20.0,0.0,0.0,1.0,-1.91,-0.046,0.08,0.0,34.0,28.18,0.0,14.0,2160.0,13.0,0.53,0.01,-1.0,-0.07,3.91,-0.59,-2.52,205.0,TESTR,AKR-TESTR-<MAC6>,0.0,1.0,0.0,100.0
64540,1,walk,walk,8560,,8560.0,20.0,0.0,0.0,1.0,-1.75,-0.046,0.03,0.0,34.0,28.18,0.0,14.0,2160.0,13.0,0.59,0.01,-1.0,-0.07,3.37,-0.68,-2.0,205.0,TESTR,AKR-TESTR-<MAC6>,0.0,1.0,0.0,100.0
64540,1,walk,walk,8561,,8561.0,20.0,0.0,0.0,1.0,-1.6,-0.046,0.005,0.0,34.0,28.18,0.0,14.0,2160.0,13.0,0.63,0.01,-1.0,-0.07,2.89,-0.74,-1.53,205.0,TESTR,AKR-TESTR-<MAC6>,0.0,1.0,0.0,100.0
64540,1,walk,walk,8562,,8562.0,20.0,0.0,0.0,1.0,-1.46,-0.046,-0.072,0.0,34.0,28.18,0.0,14.0,2160.0,13.0,0.65,0.01,-1.0,-0.07,2.47,-0.78,-1.15,205.0,TESTR,AKR-TESTR-<MAC6>,0.0,1.0,0.0,100.0
64560,1,walk,walk,8563,,8563.0,20.0,0.0,0.0,1.0,-1.32,-0.046,-0.1,0.0,34.0,28.18,0.0,14.0,2160.0,13.0,0.66,0.01,-1.0,-0.07,2.1,-0.8,-0.82,205.0,TESTR,AKR-TESTR-<MAC6>,0.0,1.0,0.0,100.0
64600,1,walk,walk,8564,,8564.0,20.0,0.0,0.0,1.0,-1.2,-0.046,-0.01,0.0,34.0,28.18,0.0,14.0,2160.0,13.0,0.67,0.01,-1.0,-0.07,1.77,-0.82,-0.55,205.0,TESTR,AKR-TESTR-<MAC6>,0.0,1.0,0.0,100.0
64600,1,walk,walk,8565,,8565.0,20.0,0.0,0.0,1.0,-1.08,-0.046,-0.014,0.0,34.0,28.14,0.0,14.0,2160.0,13.0,0.68,0.01,-1.0,-0.07,1.49,-0.84,-0.3,205.0,TESTR,AKR-TESTR-<MAC6>,0.0,1.0,0.0,100.0
64620,1,walk,walk,8566,,8566.0,20.0,0.0,0.0,1.0,-0.98,-0.046,0.014,0.0,34.0,28.18,0.0,14.0,2160.0,13.0,0.69,0.01,-1.0,-0.07,1.24,-0.87,-0.04,205.0,TESTR,AKR-TESTR-<MAC6>,0.0,1.0,0.0,100.0
64680,1,walk,walk,8567,,8567.0,20.0,0.0,0.0,1.0,-0.88,-0.046,-0.005,0.0,34.0,28.18,0.0,14.0,2160.0,13.0,0.71,0.01,-1.0,-0.07,1.03,-0.91,0.24,206.0,TESTR,AKR-TESTR-<MAC6>,0.0,1.0,0.0,100.0
64680,1,walk,walk,8568,,8568.0,20.0,0.0,6.0,2.0,-0.79,-0.047,-0.061,0.0,34.0,28.18,0.0,14.0,2160.0,13.0,0.72,0.01,-1.0,-0.07,0.86,-0.95,0.54,206.0,TESTR,AKR-TESTR-<MAC6>,0.0,1.0,0.0,100.0
64680,1,walk,walk,8569,,8569.0,20.0,0.0,6.0,2.0,-0.71,-0.047,-0.083,0.025,34.0,28.14,0.0,18.0,2160.0,13.0,0.72,0.01,-1.0,-0.07,0.74,-1.03,0.71,206.0,TESTR,AKR-TESTR-<MAC6>,0.0,1.0,0.0,100.0
64720,1,walk,walk,8570,,8570.0,20.0,0.0,6.0,2.0,-0.63,-0.033,1.039,1.054,34.0,28.11,0.0,18.0,2160.0,13.0,0.69,0.01,-1.0,-0.07,0.66,-1.2,0.6,206.0,TESTR,AKR-TESTR-<MAC6>,0.0,1.0,0.0,100.0
64740,1,walk,walk,8571,,8571.0,20.0,0.0,6.0,2.0,-0.57,-0.023,0.464,1.36,34.0,28.11,0.0,18.0,2160.0,13.0,0.66,0.01,-1.0,-0.07,0.62,-1.45,0.2,206.0,TESTR,AKR-TESTR-<MAC6>,0.0,1.0,0.0,100.0
64740,1,walk,walk,8572,,8572.0,20.0,0.0,6.0,2.0,-0.51,-0.018,0.207,1.686,34.0,28.07,0.0,18.0,2160.0,13.0,0.62,0.01,-1.0,-0.07,0.62,-1.72,-0.39,206.0,TESTR,AKR-TESTR-<MAC6>,0.0,1.0,0.0,100.0
64780,1,walk,walk,8573,,8573.0,20.0,1.0,6.0,2.0,-0.46,-0.016,0.093,1.75,34.0,28.07,0.0,19.0,2160.0,13.0,0.58,0.01,-1.0,-0.07,0.66,-1.98,-1.06,206.0,TESTR,AKR-TESTR-<MAC6>,0.0,1.0,0.0,100.0
64820,1,walk,walk,8574,,8574.0,20.0,1.0,6.0,2.0,-0.42,-0.015,0.037,1.78,34.0,28.07,0.0,19.0,2160.0,13.0,0.57,0.01,-1.0,-0.07,0.71,-2.2,-1.71,206.0,TESTR,AKR-TESTR-<MAC6>,0.0,1.0,0.0,100.0
64840,1,walk,walk,8575,,8575.0,20.0,1.0,6.0,2.0,-0.37,-0.015,0.037,1.73,34.0,28.07,0.0,19.0,2160.0,13.0,0.57,0.01,-1.0,-0.07,0.78,-2.37,-2.27,206.0,TESTR,AKR-TESTR-<MAC6>,0.0,1.0,0.0,100.0
64840,1,walk,walk,8576,,8576.0,20.0,1.0,6.0,2.0,-0.33,-0.015,-0.07,1.708,34.0,28.07,0.0,19.0,2160.0,13.0,0.6,0.01,-1.0,-0.07,0.83,-2.47,-2.7,206.0,TESTR,AKR-TESTR-<MAC6>,0.0,1.0,0.0,100.0
64840,1,walk,walk,8577,,8577.0,20.0,1.0,6.0,2.0,-0.3,-0.014,-0.023,1.74,34.0,28.07,0.0,19.0,2160.0,13.0,0.65,0.01,-1.0,-0.07,0.87,-2.52,-2.98,206.0,TESTR,AKR-TESTR-<MAC6>,0.0,1.0,0.0,100.0
64880,1,walk,walk,8578,,8578.0,20.0,1.0,6.0,2.0,-0.26,-0.014,0.014,1.695,34.0,28.11,0.0,19.0,2160.0,13.0,0.71,0.01,-1.0,-0.07,0.89,-2.51,-3.13,206.0,TESTR,AKR-TESTR-<MAC6>,0.0,1.0,0.0,100.0
64900,1,walk,walk,8579,,8579.0,20.0,1.0,6.0,2.0,-0.22,-0.014,0.037,1.65,34.0,28.11,0.0,19.0,2160.0,13.0,0.78,0.01,-1.0,-0.07,0.88,-2.45,-3.17,206.0,TESTR,AKR-TESTR-<MAC6>,0.0,1.0,0.0,100.0
64900,1,walk,walk,8580,,8580.0,20.0,1.0,6.0,2.0,-0.18,-0.014,0.028,1.573,34.0,28.07,0.0,19.0,2160.0,13.0,0.85,0.01,-1.0,-0.07,0.83,-2.34,-3.15,206.0,TESTR,AKR-TESTR-<MAC6>,0.0,1.0,0.0,100.0
64920,1,walk,walk,8581,,8581.0,20.0,1.0,6.0,2.0,-0.14,-0.013,0.042,1.496,34.0,28.11,0.0,19.0,2160.0,13.0,0.92,0.02,-1.0,-0.07,0.75,-2.2,-3.08,206.0,TESTR,AKR-TESTR-<MAC6>,0.0,1.0,0.0,100.0
64960,1,walk,walk,8582,,8582.0,20.0,1.0,6.0,2.0,-0.1,-0.012,0.046,1.426,34.0,28.11,0.0,19.0,2160.0,13.0,0.99,0.02,-1.0,-0.06,0.64,-2.03,-3.01,206.0,TESTR,AKR-TESTR-<MAC6>,0.0,1.0,0.0,100.0
65000,1,walk,walk,8583,,8583.0,20.0,1.0,6.0,2.0,-0.05,-0.012,0.009,1.3,34.0,28.11,0.0,19.0,2160.0,13.0,1.06,0.02,-1.0,-0.06,0.52,-1.83,-2.95,206.0,TESTR,AKR-TESTR-<MAC6>,0.0,1.0,0.0,100.0
65000,1,walk,walk,8584,,8584.0,20.0,1.0,6.0,2.0,0.0,-0.01,0.037,1.237,34.0,28.11,0.0,19.0,2160.0,13.0,1.13,0.02,-1.0,-0.06,0.4,-1.64,-2.9,206.0,TESTR,AKR-TESTR-<MAC6>,0.0,1.0,0.0,100.0
65020,1,walk,walk,8585,,8585.0,20.0,1.0,6.0,2.0,0.05,-0.01,0.054,1.168,34.0,28.11,0.0,19.0,2160.0,13.0,1.2,0.02,-1.0,-0.06,0.28,-1.45,-2.85,206.0,TESTR,AKR-TESTR-<MAC6>,0.0,1.0,0.0,100.0
65020,1,walk,walk,8586,,8586.0,20.0,1.0,6.0,2.0,0.1,-0.01,-0.065,1.17,34.0,28.11,0.0,19.0,2160.0,13.0,1.29,0.02,-1.0,-0.06,0.18,-1.28,-2.77,206.0,TESTR,AKR-TESTR-<MAC6>,0.0,1.0,0.0,100.0
65040,1,walk,walk,8587,,8587.0,20.0,1.0,6.0,2.0,0.16,-0.01,0.065,1.145,34.0,28.11,0.0,19.0,2160.0,13.0,1.38,0.02,-1.0,-0.06,0.09,-1.13,-2.65,206.0,TESTR,AKR-TESTR-<MAC6>,0.0,1.0,0.0,100.0
65080,1,walk,walk,8588,,8588.0,20.0,1.0,6.0,2.0,0.22,-0.01,-0.115,1.151,34.0,28.14,0.0,19.0,2160.0,13.0,1.47,0.03,-1.0,-0.06,0.01,-1.02,-2.48,206.0,TESTR,AKR-TESTR-<MAC6>,0.0,1.0,0.0,100.0
65100,1,walk,walk,8589,,8589.0,20.0,1.0,6.0,2.0,0.28,-0.01,-0.009,1.135,34.0,28.11,0.0,19.0,2160.0,13.0,1.56,0.03,-1.0,-0.06,-0.05,-0.95,-2.27,206.0,TESTR,AKR-TESTR-<MAC6>,0.0,1.0,0.0,100.0
65100,1,walk,walk,8590,,8590.0,20.0,1.0,6.0,2.0,0.34,-0.01,-0.013,1.145,34.0,28.11,0.0,19.0,2160.0,13.0,1.66,0.03,-1.0,-0.06,-0.11,-0.91,-2.0,206.0,TESTR,AKR-TESTR-<MAC6>,0.0,1.0,0.0,100.0
65140,1,walk,walk,8591,,8591.0,20.0,1.0,6.0,2.0,0.4,-0.01,0.003,1.147,34.0,28.14,0.0,19.0,2160.0,13.0,1.74,0.03,-1.0,-0.07,-0.17,-0.9,-1.71,206.0,TESTR,AKR-TESTR-<MAC6>,0.0,1.0,0.0,100.0
65160,1,walk,walk,8592,,8592.0,20.0,1.0,6.0,2.0,0.46,-0.01,-0.005,1.166,34.0,28.11,0.0,19.0,2160.0,13.0,1.81,0.03,-1.0,-0.07,-0.24,-0.92,-1.4,206.0,TESTR,AKR-TESTR-<MAC6>,0.0,1.0,0.0,100.0
65200,1,walk,walk,8593,,8593.0,20.0,1.0,6.0,2.0,0.52,-0.01,-0.038,1.161,34.0,28.11,0.0,19.0,2160.0,13.0,1.86,0.03,-1.0,-0.07,-0.3,-0.95,-1.09,206.0,TESTR,AKR-TESTR-<MAC6>,0.0,1.0,0.0,100.0
65200,1,walk,walk,8594,,8594.0,20.0,1.0,6.0,2.0,0.58,-0.01,-0.04,1.135,34.0,28.11,0.0,19.0,2160.0,13.0,1.9,0.03,-1.0,-0.07,-0.35,-0.98,-0.8,206.0,TESTR,AKR-TESTR-<MAC6>,0.0,1.0,0.0,100.0
65200,1,walk,walk,8595,,8595.0,20.0,1.0,6.0,2.0,0.64,-0.01,0.083,1.148,34.0,28.14,0.0,19.0,2160.0,13.0,1.93,0.03,-1.0,-0.07,-0.4,-1.01,-0.55,206.0,TESTR,AKR-TESTR-<MAC6>,0.0,1.0,0.0,100.0
65220,1,walk,walk,8596,,8596.0,20.0,1.0,6.0,2.0,0.7,-0.01,0.12,1.134,34.0,28.11,0.0,19.0,2160.0,13.0,1.95,0.03,-1.0,-0.07,-0.43,-1.03,-0.33,206.0,TESTR,AKR-TESTR-<MAC6>,0.0,1.0,0.0,100.0
65260,1,walk,walk,8597,,8597.0,20.0,1.0,6.0,2.0,0.75,-0.01,0.075,1.129,34.0,28.11,0.0,19.0,2160.0,13.0,1.97,0.03,-1.0,-0.07,-0.45,-1.04,-0.15,206.0,TESTR,AKR-TESTR-<MAC6>,0.0,1.0,0.0,100.0
65260,1,walk,walk,8598,,8598.0,20.0,1.0,6.0,2.0,0.81,-0.01,0.019,1.116,34.0,28.11,0.0,19.0,2160.0,13.0,1.98,0.03,-1.0,-0.07,-0.46,-1.05,0.0,206.0,TESTR,AKR-TESTR-<MAC6>,0.0,1.0,0.0,100.0
65280,1,walk,walk,8599,,8599.0,20.0,1.0,6.0,2.0,0.86,-0.01,0.052,1.112,34.0,28.11,0.0,19.0,2160.0,13.0,1.99,0.03,-1.0,-0.07,-0.48,-1.06,0.12,206.0,TESTR,AKR-TESTR-<MAC6>,0.0,1.0,0.0,100.0
65340,1,walk,walk,8600,,8600.0,20.0,1.0,6.0,2.0,0.91,-0.009,0.066,1.105,34.0,28.11,0.0,19.0,2160.0,13.0,2.0,0.04,-1.0,-0.07,-0.49,-1.07,0.22,206.0,TESTR,AKR-TESTR-<MAC6>,0.0,1.0,0.0,100.0
65340,1,walk,walk,8601,,8601.0,20.0,1.0,6.0,2.0,0.95,-0.009,-0.017,1.123,34.0,28.11,0.0,19.0,2160.0,13.0,2.01,0.04,-1.0,-0.07,-0.49,-1.08,0.31,206.0,TESTR,AKR-TESTR-<MAC6>,0.0,1.0,0.0,100.0
65340,1,walk,walk,8602,,8602.0,20.0,1.0,6.0,2.0,0.99,-0.009,0.009,1.13,34.0,28.11,0.0,19.0,2160.0,13.0,2.02,0.04,-1.0,-0.07,-0.48,-1.09,0.4,206.0,TESTR,AKR-TESTR-<MAC6>,0.0,1.0,0.0,100.0
65380,1,walk,walk,8603,,8603.0,20.0,1.0,6.0,2.0,1.03,-0.01,-0.045,1.102,34.0,28.11,0.0,19.0,2160.0,13.0,2.03,0.04,-1.0,-0.07,-0.45,-1.1,0.48,206.0,TESTR,AKR-TESTR-<MAC6>,0.0,1.0,0.0,100.0
65380,1,walk,walk,8604,,8604.0,20.0,2.0,6.0,2.0,1.06,-0.009,0.023,1.119,34.0,28.11,0.0,20.0,2160.0,13.0,2.03,0.04,-1.0,-0.07,-0.39,-1.11,0.55,206.0,TESTR,AKR-TESTR-<MAC6>,0.0,1.0,0.0,100.0
65400,1,walk,walk,8605,,8605.0,20.0,2.0,6.0,2.0,1.09,-0.009,0.006,1.128,34.0,28.11,0.0,20.0,2160.0,13.0,2.04,0.04,-1.0,-0.07,-0.32,-1.11,0.61,206.0,TESTR,AKR-TESTR-<MAC6>,0.0,1.0,0.0,100.0
65440,1,walk,walk,8606,,8606.0,20.0,2.0,6.0,2.0,1.12,-0.009,0.072,1.1,34.0,28.14,0.0,20.0,2160.0,13.0,2.04,0.04,-1.0,-0.07,-0.24,-1.1,0.65,206.0,TESTR,AKR-TESTR-<MAC6>,0.0,1.0,0.0,100.0
65440,1,walk,walk,8607,,8607.0,20.0,2.0,6.0,2.0,1.14,-0.009,0.04,1.094,34.0,28.11,0.0,20.0,2160.0,13.0,2.04,0.04,-1.0,-0.07,-0.16,-1.1,0.68,206.0,TESTR,AKR-TESTR-<MAC6>,0.0,1.0,0.0,100.0
65480,1,walk,walk,8608,,8608.0,20.0,2.0,6.0,2.0,1.17,-0.009,0.033,1.083,34.0,28.11,0.0,20.0,2160.0,13.0,2.04,0.04,-1.0,-0.07,-0.06,-1.09,0.7,206.0,TESTR,AKR-TESTR-<MAC6>,0.0,1.0,0.0,100.0
65500,1,walk,walk,8609,,8609.0,20.0,2.0,6.0,2.0,1.19,-0.009,-0.049,1.084,34.0,28.11,0.0,20.0,2160.0,13.0,2.04,0.04,-1.0,-0.07,0.04,-1.08,0.71,206.0,TESTR,AKR-TESTR-<MAC6>,0.0,1.0,0.0,100.0
65500,1,walk,walk,8610,,8610.0,20.0,2.0,6.0,2.0,1.2,-0.009,0.087,1.116,34.0,28.11,0.0,20.0,2160.0,13.0,2.03,0.04,-1.0,-0.07,0.14,-1.06,0.71,206.0,TESTR,AKR-TESTR-<MAC6>,0.0,1.0,0.0,100.0
65520,1,walk,walk,8611,,8611.0,20.0,2.0,6.0,2.0,1.22,-0.009,-0.048,1.091,34.0,28.11,0.0,20.0,2160.0,13.0,2.03,0.04,-1.0,-0.07,0.24,-1.05,0.7,206.0,TESTR,AKR-TESTR-<MAC6>,0.0,1.0,0.0,100.0
65560,1,walk,walk,8612,,8612.0,20.0,2.0,6.0,2.0,1.23,-0.009,0.015,1.082,34.0,28.11,0.0,20.0,2160.0,13.0,2.02,0.04,-1.0,-0.07,0.34,-1.03,0.69,206.0,TESTR,AKR-TESTR-<MAC6>,0.0,1.0,0.0,100.0
65560,1,walk,walk,8613,,8613.0,20.0,2.0,6.0,2.0,1.24,-0.009,0.066,1.093,34.0,28.11,0.0,19.0,2160.0,13.0,2.01,0.04,-1.0,-0.07,0.43,-1.02,0.67,206.0,TESTR,AKR-TESTR-<MAC6>,0.0,1.0,0.0,100.0
65580,1,walk,walk,8614,,8614.0,20.0,2.0,6.0,2.0,1.25,-0.009,-0.044,1.08,34.0,28.14,0.0,19.0,2160.0,13.0,2.0,0.04,-1.0,-0.07,0.52,-1.01,0.64,206.0,TESTR,AKR-TESTR-<MAC6>,0.0,1.0,0.0,100.0
65620,1,walk,walk,8615,,8615.0,20.0,2.0,6.0,2.0,1.26,-0.009,0.022,1.087,34.0,28.11,0.0,19.0,2160.0,13.0,1.99,0.03,-1.0,-0.07,0.61,-0.99,0.61,206.0,TESTR,AKR-TESTR-<MAC6>,0.0,1.0,0.0,100.0
65640,1,walk,walk,8616,,8616.0,20.0,2.0,6.0,2.0,1.27,-0.009,-0.003,1.08,34.0,28.11,0.0,19.0,2160.0,13.0,1.98,0.03,-1.0,-0.07,0.7,-0.96,0.55,207.0,TESTR,AKR-TESTR-<MAC6>,0.0,1.0,0.0,100.0
65660,1,walk,walk,8617,,8617.0,20.0,2.0,6.0,2.0,1.27,-0.009,-0.092,1.053,34.0,28.14,0.0,19.0,2160.0,13.0,1.97,0.03,-1.0,-0.07,0.79,-0.93,0.48,207.0,TESTR,AKR-TESTR-<MAC6>,0.0,1.0,0.0,100.0
65680,1,walk,walk,8618,,8618.0,20.0,2.0,6.0,2.0,1.28,-0.009,0.001,1.021,34.0,28.14,0.0,19.0,2160.0,13.0,1.97,0.03,-1.0,-0.07,0.87,-0.89,0.4,207.0,TESTR,AKR-TESTR-<MAC6>,0.0,1.0,0.0,100.0
65680,1,walk,walk,8619,,8619.0,20.0,2.0,6.0,2.0,1.28,-0.009,-0.011,1.008,34.0,28.11,0.0,19.0,2160.0,13.0,1.96,0.03,-1.0,-0.07,0.94,-0.84,0.3,207.0,TESTR,AKR-TESTR-<MAC6>,0.0,1.0,0.0,100.0
65700,1,walk,walk,8620,,8620.0,20.0,2.0,6.0,2.0,1.29,-0.008,0.038,1.002,34.0,28.14,0.0,19.0,2160.0,13.0,1.97,0.03,-1.0,-0.07,1.0,-0.8,0.21,207.0,TESTR,AKR-TESTR-<MAC6>,0.0,1.0,0.0,100.0
65740,1,walk,walk,8621,,8621.0,20.0,2.0,6.0,2.0,1.29,-0.008,0.056,0.966,34.0,28.14,0.0,19.0,2160.0,13.0,1.98,0.03,-1.0,-0.07,1.04,-0.76,0.12,207.0,TESTR,AKR-TESTR-<MAC6>,0.0,1.0,0.0,100.0
65740,1,walk,walk,8622,,8622.0,20.0,2.0,6.0,2.0,1.29,-0.008,-0.103,0.944,34.0,28.14,0.0,19.0,2160.0,13.0,1.99,0.03,-1.0,-0.07,1.06,-0.73,0.04,207.0,TESTR,AKR-TESTR-<MAC6>,0.0,1.0,0.0,100.0
65780,1,walk,walk,8623,,8623.0,20.0,2.0,6.0,2.0,1.3,-0.008,0.021,0.96,34.0,28.14,0.0,19.0,2160.0,13.0,2.01,0.04,-1.0,-0.07,1.08,-0.72,-0.03,207.0,TESTR,AKR-TESTR-<MAC6>,0.0,1.0,0.0,100.0
65800,1,walk,walk,8624,,8624.0,20.0,2.0,6.0,2.0,1.3,-0.008,0.105,0.928,34.0,28.14,0.0,19.0,2160.0,13.0,2.03,0.04,-1.0,-0.07,1.09,-0.72,-0.09,207.0,TESTR,AKR-TESTR-<MAC6>,0.0,1.0,0.0,100.0
65840,1,walk,walk,8625,,8625.0,20.0,2.0,6.0,2.0,1.31,-0.008,0.046,0.916,34.0,28.14,0.0,19.0,2160.0,13.0,2.05,0.04,-1.0,-0.07,1.09,-0.72,-0.13,207.0,TESTR,AKR-TESTR-<MAC6>,0.0,1.0,0.0,100.0
65840,1,walk,walk,8626,,8626.0,20.0,2.0,6.0,2.0,1.31,-0.008,-0.046,0.925,34.0,28.14,0.0,19.0,2160.0,13.0,2.07,0.04,-1.0,-0.07,1.08,-0.72,-0.16,207.0,TESTR,AKR-TESTR-<MAC6>,0.0,1.0,0.0,100.0
65920,1,walk,walk,8627,,8627.0,20.0,2.0,6.0,2.0,1.32,-0.008,-0.017,0.908,34.0,28.14,0.0,19.0,2160.0,13.0,2.1,0.04,-1.0,-0.07,1.08,-0.74,-0.17,207.0,TESTR,AKR-TESTR-<MAC6>,0.0,1.0,0.0,100.0
65920,1,walk,walk,8628,,8628.0,20.0,2.0,6.0,2.0,1.33,-0.008,0.072,0.916,34.0,28.14,0.0,19.0,2160.0,13.0,2.12,0.04,-1.0,-0.07,1.06,-0.76,-0.16,207.0,TESTR,AKR-TESTR-<MAC6>,0.0,1.0,0.0,100.0
65920,1,walk,walk,8629,,8629.0,20.0,2.0,6.0,2.0,1.34,-0.008,-0.033,0.925,34.0,28.14,0.0,19.0,2160.0,13.0,2.15,0.04,-1.0,-0.07,1.03,-0.8,-0.11,207.0,TESTR,AKR-TESTR-<MAC6>,0.0,1.0,0.0,100.0
65960,1,walk,walk,8630,,8630.0,20.0,2.0,6.0,2.0,1.35,-0.008,-0.001,0.935,34.0,28.14,0.0,19.0,2160.0,13.0,2.18,0.04,-1.0,-0.07,1.0,-0.84,-0.04,207.0,TESTR,AKR-TESTR-<MAC6>,0.0,1.0,0.0,100.0
65980,1,walk,walk,8631,,8631.0,20.0,2.0,6.0,2.0,1.36,-0.008,0.002,0.897,34.0,28.14,0.0,19.0,2160.0,13.0,2.21,0.04,-1.0,-0.07,0.97,-0.9,0.05,207.0,TESTR,AKR-TESTR-<MAC6>,0.0,1.0,0.0,100.0
65980,1,walk,walk,8632,,8632.0,20.0,2.0,6.0,2.0,1.37,-0.008,-0.097,0.95,34.0,28.14,0.0,19.0,2160.0,13.0,2.23,0.04,-1.0,-0.07,0.95,-0.96,0.17,207.0,TESTR,AKR-TESTR-<MAC6>,0.0,1.0,0.0,100.0
65980,1,walk,walk,8633,,8633.0,20.0,2.0,6.0,2.0,1.38,-0.008,0.073,0.926,34.0,28.14,0.0,19.0,2160.0,13.0,2.24,0.04,-1.0,-0.07,0.94,-1.02,0.29,207.0,TESTR,AKR-TESTR-<MAC6>,0.0,1.0,0.0,100.0
65980,1,walk,walk,8634,,8634.0,20.0,2.0,6.0,2.0,1.39,-0.008,-0.003,0.93,34.0,28.14,0.0,19.0,2160.0,13.0,2.25,0.04,-1.0,-0.06,0.94,-1.07,0.39,207.0,TESTR,AKR-TESTR-<MAC6>,0.0,1.0,0.0,100.0
66000,1,walk,walk,8635,,8635.0,20.0,2.0,6.0,2.0,1.4,-0.008,-0.079,0.945,34.0,28.14,0.0,19.0,2160.0,13.0,2.25,0.04,-1.0,-0.06,0.94,-1.1,0.48,207.0,TESTR,AKR-TESTR-<MAC6>,0.0,1.0,0.0,100.0
66040,1,walk,walk,8636,,8636.0,20.0,2.0,6.0,2.0,1.42,-0.008,-0.045,0.95,34.0,28.14,0.0,19.0,2160.0,13.0,2.23,0.04,-1.0,-0.06,0.96,-1.12,0.53,207.0,TESTR,AKR-TESTR-<MAC6>,0.0,1.0,0.0,100.0
66060,1,walk,walk,8637,,8637.0,20.0,2.0,6.0,2.0,1.43,-0.008,0.069,0.926,34.0,28.11,0.0,19.0,2160.0,13.0,2.22,0.04,-1.0,-0.06,0.98,-1.11,0.54,207.0,TESTR,AKR-TESTR-<MAC6>,0.0,1.0,0.0,100.0
66060,1,walk,walk,8638,,8638.0,20.0,2.0,6.0,2.0,1.44,-0.008,0.036,0.93,34.0,28.14,0.0,19.0,2160.0,13.0,2.2,0.04,-1.0,-0.06,1.0,-1.1,0.52,207.0,TESTR,AKR-TESTR-<MAC6>,0.0,1.0,0.0,100.0
66120,1,walk,walk,8639,,8639.0,20.0,2.0,6.0,2.0,1.45,-0.008,-0.021,0.925,34.0,28.14,0.0,19.0,2160.0,13.0,2.18,0.04,-1.0,-0.06,1.03,-1.06,0.47,207.0,TESTR,AKR-TESTR-<MAC6>,0.0,1.0,0.0,100.0
66160,1,walk,walk,8640,,8640.0,20.0,2.0,6.0,2.0,1.46,-0.008,-0.003,0.917,34.0,28.14,0.0,19.0,2160.0,13.0,2.17,0.04,-1.0,-0.06,1.06,-1.02,0.4,207.0,TESTR,AKR-TESTR-<MAC6>,0.0,1.0,0.0,100.0
66160,1,walk,walk,8641,,8641.0,20.0,2.0,6.0,2.0,1.47,-0.008,0.034,0.91,34.0,28.14,0.0,19.0,2160.0,13.0,2.16,0.04,-1.0,-0.06,1.09,-0.98,0.32,207.0,TESTR,AKR-TESTR-<MAC6>,0.0,1.0,0.0,100.0
66180,1,walk,walk,8642,,8642.0,20.0,2.0,6.0,2.0,1.48,-0.008,-0.009,0.9,34.0,28.14,0.0,19.0,2160.0,13.0,2.15,0.04,-1.0,-0.06,1.11,-0.93,0.23,207.0,TESTR,AKR-TESTR-<MAC6>,0.0,1.0,0.0,100.0
66180,1,walk,walk,8643,,8643.0,20.0,2.0,6.0,2.0,1.49,-0.008,0.066,0.881,34.0,28.14,0.0,19.0,2160.0,13.0,2.15,0.04,-1.0,-0.06,1.13,-0.88,0.13,207.0,TESTR,AKR-TESTR-<MAC6>,0.0,1.0,0.0,100.0
66180,1,walk,walk,8644,,8644.0,20.0,2.0,6.0,2.0,1.5,-0.007,-0.041,0.874,34.0,28.14,0.0,19.0,2160.0,13.0,2.15,0.04,-1.0,-0.06,1.12,-0.84,0.03,207.0,TESTR,AKR-TESTR-<MAC6>,0.0,1.0,0.0,100.0
66220,1,walk,walk,8645,,8645.0,20.0,2.0,6.0,2.0,1.51,-0.007,0.077,0.847,34.0,28.14,0.0,19.0,2160.0,13.0,2.16,0.04,-1.0,-0.06,1.11,-0.81,-0.06,207.0,TESTR,AKR-TESTR-<MAC6>,0.0,1.0,0.0,100.0
66220,1,walk,walk,8646,,8646.0,20.0,2.0,6.0,2.0,1.51,-0.007,0.021,0.82,34.0,28.14,0.0,19.0,2160.0,13.0,2.19,0.04,-1.0,-0.06,1.08,-0.8,-0.11,207.0,TESTR,AKR-TESTR-<MAC6>,0.0,1.0,0.0,100.0
66240,1,walk,walk,8647,,8647.0,20.0,2.0,6.0,2.0,1.52,-0.007,-0.123,0.846,34.0,28.14,0.0,19.0,2160.0,13.0,2.22,0.04,-1.0,-0.06,1.03,-0.8,-0.13,207.0,TESTR,AKR-TESTR-<MAC6>,0.0,1.0,0.0,100.0
66280,1,walk,walk,8648,,8648.0,20.0,2.0,6.0,2.0,1.53,-0.007,-0.123,0.834,34.0,28.14,0.0,19.0,2160.0,13.0,2.25,0.04,-1.0,-0.06,0.98,-0.81,-0.11,207.0,TESTR,AKR-TESTR-<MAC6>,0.0,1.0,0.0,100.0
66300,1,walk,walk,8649,,8649.0,20.0,2.0,6.0,2.0,1.54,-0.007,0.038,0.847,34.0,28.14,0.0,19.0,2160.0,13.0,2.28,0.04,-1.0,-0.06,0.92,-0.82,-0.05,207.0,TESTR,AKR-TESTR-<MAC6>,0.0,1.0,0.0,100.0
66340,1,walk,walk,8650,,8650.0,20.0,2.0,6.0,2.0,1.55,-0.007,0.096,0.854,34.0,28.14,0.0,19.0,2160.0,13.0,2.31,0.04,-1.0,-0.06,0.85,-0.84,0.03,207.0,TESTR,AKR-TESTR-<MAC6>,0.0,1.0,0.0,100.0
66360,1,walk,walk,8651,,8651.0,20.0,2.0,6.0,2.0,1.56,-0.007,-0.028,0.851,34.0,28.14,0.0,19.0,2160.0,13.0,2.34,0.04,-1.0,-0.06,0.79,-0.87,0.13,207.0,TESTR,AKR-TESTR-<MAC6>,0.0,1.0,0.0,100.0
66360,1,walk,walk,8652,,8652.0,20.0,2.0,6.0,2.0,1.57,-0.007,-0.049,0.858,34.0,28.14,0.0,19.0,2160.0,13.0,2.37,0.04,-1.0,-0.06,0.72,-0.9,0.24,207.0,TESTR,AKR-TESTR-<MAC6>,0.0,1.0,0.0,100.0
66360,1,walk,walk,8653,,8653.0,20.0,2.0,6.0,2.0,1.58,-0.007,-0.07,0.841,34.0,28.14,0.0,19.0,2160.0,13.0,2.39,0.04,-1.0,-0.06,0.66,-0.94,0.34,207.0,TESTR,AKR-TESTR-<MAC6>,0.0,1.0,0.0,100.0
66400,1,walk,walk,8654,,8654.0,20.0,2.0,6.0,2.0,1.59,-0.007,0.002,0.854,34.0,28.14,0.0,19.0,2160.0,13.0,2.4,0.04,-1.0,-0.06,0.6,-0.98,0.44,207.0,TESTR,AKR-TESTR-<MAC6>,0.0,1.0,0.0,100.0
66400,1,walk,walk,8655,,8655.0,20.0,2.0,6.0,2.0,1.6,-0.007,0.049,0.852,34.0,28.11,0.0,19.0,2160.0,13.0,2.41,0.04,-1.0,-0.06,0.55,-1.02,0.52,207.0,TESTR,AKR-TESTR-<MAC6>,0.0,1.0,0.0,100.0
66420,1,walk,walk,8656,,8656.0,20.0,2.0,6.0,2.0,1.61,-0.007,-0.011,0.859,34.0,28.14,0.0,19.0,2160.0,13.0,2.42,0.04,-1.0,-0.06,0.5,-1.06,0.6,207.0,TESTR,AKR-TESTR-<MAC6>,0.0,1.0,0.0,100.0
66460,1,walk,walk,8657,,8657.0,20.0,2.0,6.0,2.0,1.62,-0.007,0.011,0.879,34.0,28.14,0.0,19.0,2160.0,13.0,2.42,0.04,-1.0,-0.06,0.46,-1.11,0.67,207.0,TESTR,AKR-TESTR-<MAC6>,0.0,1.0,0.0,100.0
66520,1,walk,walk,8658,,8658.0,20.0,2.0,6.0,2.0,1.63,-0.008,-0.038,0.88,34.0,28.14,0.0,19.0,2160.0,13.0,2.42,0.04,-1.0,-0.06,0.42,-1.15,0.74,208.0,TESTR,AKR-TESTR-<MAC6>,0.0,1.0,0.0,100.0
66520,1,walk,walk,8659,,8659.0,20.0,2.0,6.0,2.0,1.64,-0.008,-0.005,0.907,34.0,28.14,0.0,19.0,2160.0,13.0,2.41,0.04,-1.0,-0.06,0.38,-1.18,0.81,208.0,TESTR,AKR-TESTR-<MAC6>,0.0,1.0,0.0,100.0
66540,1,walk,walk,8660,,8660.0,20.0,2.0,6.0,2.0,1.65,-0.008,-0.041,0.909,34.0,28.14,0.0,19.0,2160.0,13.0,2.41,0.04,-1.0,-0.06,0.35,-1.22,0.88,208.0,TESTR,AKR-TESTR-<MAC6>,0.0,1.0,0.0,100.0
66540,1,walk,walk,8661,,8661.0,20.0,2.0,6.0,2.0,1.65,-0.008,-0.077,0.923,34.0,28.14,0.0,19.0,2160.0,13.0,2.4,0.04,-1.0,-0.06,0.33,-1.25,0.97,208.0,TESTR,AKR-TESTR-<MAC6>,0.0,1.0,0.0,100.0
66560,1,walk,walk,8662,,8662.0,20.0,2.0,6.0,2.0,1.66,-0.008,0.029,0.938,34.0,28.14,0.0,19.0,2160.0,13.0,2.4,0.04,-1.0,-0.06,0.33,-1.27,1.05,208.0,TESTR,AKR-TESTR-<MAC6>,0.0,1.0,0.0,100.0
