cycle_index,gait_percent,segment_id,walk_dt_ms,walk_exec_ms,walk_out,walk_state,walk_tilt_forward_deg,walk_pos_rad,walk_vel_rad_s,walk_tq_nm,walk_temp_c,walk_vbus_v,walk_err_code,walk_fb_age_ms,walk_typical_stride_ms,walk_effective_step_count,walk_tilt_accel_deg,walk_acc_x,walk_acc_y,walk_acc_z,walk_gyr_x,walk_gyr_y,walk_gyr_z,cfg_gait_model,cfg_gait_mode,cfg_side_is_left,cfg_assist_pct
2,0.0,1,20.0,0.0,0,1,-4.16,0.146,-0.246,0.0,32.0,25.93,0,2.0,1641.0,49.0,-7.28,0.13,-1.05,-0.05,-3.21,-13.75,0.07,0,1,1,100.0
2,1.0,1,20.0,0.0,0,1,-4.3385,0.1439,-0.34855,0.0,32.0,25.93,0,2.0,1641.0,49.0,-7.2625,0.13,-1.0465,-0.05,-3.273,-12.9835,1.3125000000000002,0,1,1,100.0
2,2.0,1,20.0,0.0,0,1,-4.517,0.1418,-0.4511,0.0,32.0,25.93,0,2.0,1641.0,49.0,-7.245,0.13,-1.0430000000000001,-0.05,-3.3360000000000003,-12.217,2.555,0,1,1,100.0
2,3.0,1,20.0,0.0,0,1,-5.194,0.1295,-0.5844,0.0,32.0,25.93,0,2.0,1641.0,49.0,-7.08,0.13,-1.0390000000000001,-0.051000000000000004,-3.483,-9.439,6.971,0,1,1,100.0
2,4.0,1,20.0,0.0,0,1,-5.502,0.126,-0.36319999999999997,0.0,32.0,25.93,0,2.0,1641.0,49.0,-6.94,0.13,-1.032,-0.057999999999999996,-3.504,-8.242,8.798,0,1,1,100.0
2,5.0,1,20.0,0.0,0,1,-5.78,0.124,-0.176,0.0,32.0,25.93,0,2.0,1641.0,49.0,-6.765000000000001,0.125,-1.03,-0.06,-3.4949999999999997,-7.165,10.360000000000001,0,1,1,100.0
2,6.0,1,20.0,0.0,0,1,-6.036,0.1224,-0.1068,0.0,32.0,25.93,0,2.0,1641.0,49.0,-6.568,0.118,-1.03,-0.06,-3.464,-6.178,11.708,0,1,1,100.0
2,7.0,1,20.0,0.0,0,1,-6.2669999999999995,0.12029999999999999,-0.2986,0.0,32.0,25.93,0,2.0,1641.0,49.0,-6.351,0.111,-1.03,-0.06,-3.408,-5.296,12.786,0,1,1,100.0
2,8.0,1,20.0,0.0,0,1,-6.462,0.1182,-0.20479999999999998,0.0,32.0,25.93,0,2.0,1641.0,49.0,-6.11,0.11,-1.024,-0.06,-3.334,-4.528,13.54,0,1,1,100.0
2,9.0,1,20.0,0.0,0,1,-6.636,0.1164,-0.14049999999999999,0.0,32.0,25.93,0,2.0,1641.0,49.0,-5.859,0.107,-1.02,-0.063,-3.254,-3.824,14.087,0,1,1,100.0
2,10.0,1,20.0,0.0,0,1,-6.79,0.115,-0.179,0.0,32.0,25.93,0,2.0,1641.0,49.0,-5.6,0.1,-1.02,-0.07,-3.17,-3.18,14.43,0,1,1,100.0
2,11.0,1,20.0,0.0,0,1,-6.902,0.115,-0.0411,0.0,32.0,25.93,0,2.0,1641.0,49.0,-5.334,0.093,-1.02,-0.07,-3.086,-2.6270000000000002,14.437,0,1,1,100.0
2,12.0,1,20.0,0.0,0,1,-6.972,0.115,-0.005400000000000002,0.0,32.0,25.93,0,2.0,1641.0,49.0,-5.148,0.09,-1.02,-0.07,-3.03,-2.2520000000000002,14.356,0,1,1,100.0
2,13.0,1,20.0,0.0,0,1,-7.0104999999999995,0.115,-0.04635,0.0,32.0,25.93,0,2.0,1641.0,49.0,-5.022,0.09,-1.02,-0.07,-2.995,-2.0105,14.209,0,1,1,100.0
2,14.0,1,20.0,0.0,0,1,-7.0489999999999995,0.115,-0.0873,0.0,32.0,25.93,0,2.0,1641.0,49.0,-4.896,0.09,-1.02,-0.07,-2.96,-1.769,14.062,0,1,1,100.0
2,15.0,1,20.0,0.0,0,1,-7.125,0.1155,0.004,0.0,32.0,25.93,0,2.0,1641.0,49.0,-4.3500000000000005,0.075,-1.0150000000000001,-0.07,-2.9,-0.8200000000000001,12.64,0,1,1,100.0
2,16.0,1,20.0,0.0,0,1,-7.124,0.11660000000000001,0.08199999999999999,0.0,32.0,25.93,0,2.0,1641.0,49.0,-4.130000000000001,0.07,-1.01,-0.07200000000000001,-2.912,-0.462,11.78,0,1,1,100.0
2,17.0,1,20.0,0.0,0,1,-7.103,0.1187,0.33399999999999996,0.0,32.0,25.93,0,2.0,1641.0,49.0,-3.92,0.07,-1.01,-0.079,-2.9539999999999997,-0.154,10.764999999999999,0,1,1,100.0
2,18.0,1,20.0,0.0,0,1,-7.058,0.122,0.3514,0.0,32.0,25.93,0,2.0,1641.0,49.0,-3.734,0.064,-1.01,-0.08,-3.026,0.09999999999999998,9.576,0,1,1,100.0
2,19.0,1,20.0,0.0,0,1,-6.997,0.1258,0.39570000000000005,0.0,32.0,25.93,0,2.0,1641.0,49.0,-3.564,0.06,-1.01,-0.08,-3.1149999999999998,0.315,8.277000000000001,0,1,1,100.0
2,20.0,1,20.0,0.0,0,1,-6.92,0.13,0.528,0.0,32.0,25.93,0,2.0,1641.0,49.0,-3.41,0.06,-1.01,-0.08,-3.22,0.49,6.87,0,1,1,100.0
2,21.0,1,20.0,0.0,0,1,-6.836,0.1356,0.6323000000000001,0.0,32.0,25.93,0,2.0,1641.0,49.0,-3.277,0.06,-1.01,-0.08,-3.367,0.623,5.281,0,1,1,100.0
2,22.0,1,20.0,0.0,0,1,-6.77,0.1404,0.6618,0.0,32.0,25.93,0,2.0,1641.0,49.0,-3.194,0.057999999999999996,-1.01,-0.08,-3.48,0.7020000000000001,4.093999999999999,0,1,1,100.0
2,23.0,1,20.0,0.0,0,1,-6.7175,0.1446,0.6352,0.0,32.0,25.93,0,2.0,1641.0,49.0,-3.1485,0.0545,-1.01,-0.08,-3.5675000000000003,0.7405,3.2084999999999995,0,1,1,100.0
2,24.0,1,20.0,0.0,0,1,-6.665,0.1488,0.6086,0.0,32.0,25.93,0,2.0,1641.0,49.0,-3.1029999999999998,0.051000000000000004,-1.01,-0.08,-3.6550000000000002,0.779,2.3229999999999995,0,1,1,100.0
2,25.0,1,20.0,0.5,0,1,-6.405,0.158,0.3065,0.0,32.0,25.93,0,2.5,1641.0,49.0,-3.05,0.05,-1.01,-0.08,-4.135,0.83,-2.04,0,1,1,100.0
2,26.0,1,20.0,1.0,0,1,-6.2860000000000005,0.1602,0.1814,0.0,32.0,25.93,0,3.0,1641.0,49.0,-3.098,0.052000000000000005,-1.01,-0.082,-4.35,0.8019999999999999,-3.932,0,1,1,100.0
2,27.0,1,20.0,1.0,0,1,-6.167000000000001,0.16090000000000002,0.1478,0.0,32.0,25.93,0,3.0,1641.0,49.0,-3.1959999999999997,0.059,-1.01,-0.089,-4.56,0.739,-5.724,0,1,1,100.0
2,28.0,1,20.0,1.0,0,1,-6.054,0.16040000000000001,0.01879999999999999,0.0,32.0,25.93,0,3.0,1641.0,49.0,-3.354,0.06,-1.01,-0.09,-4.74,0.634,-7.263999999999999,0,1,1,100.0
2,29.0,1,20.0,1.0,0,1,-5.945,0.16,-0.07390000000000001,0.0,32.0,25.93,0,3.0,1641.0,49.0,-3.543,0.063,-1.01,-0.09,-4.903,0.504,-8.6,0,1,1,100.0
2,30.0,1,20.0,1.0,0,1,-5.84,0.16,-0.097,0.0,32.0,25.93,0,3.0,1641.0,49.0,-3.76,0.07,-1.01,-0.09,-5.05,0.35,-9.72,0,1,1,100.0
2,31.0,1,20.0,1.0,0,1,-5.749,0.16,-0.0935,0.0,32.0,25.93,0,3.0,1641.0,49.0,-3.984,0.07,-1.01,-0.09,-5.176,0.161,-10.455,0,1,1,100.0
2,32.0,1,20.0,1.0,0,1,-5.6659999999999995,0.16,-0.039999999999999994,0.0,32.0,25.93,0,3.0,1641.0,49.0,-4.208,0.07400000000000001,-1.01,-0.094,-5.306,-0.024000000000000007,-11.01,0,1,1,100.0
2,33.0,1,20.0,0.9,6,2,-5.590999999999999,0.16,0.027,0.002,32.0,25.93,0,4.4,1641.0,49.0,-4.4350000000000005,0.08,-1.01,-0.1,-5.442,-0.15,-11.373,0,1,1,100.0
2,34.0,1,20.0,0.19999999999999996,6,2,-5.528,0.16,-0.049999999999999996,0.016,32.0,25.93,0,14.2,1641.0,49.0,-4.68,0.08,-1.01,-0.1,-5.596,0.06,-11.394,0,1,1,100.0
2,35.0,1,20.0,0.0,6,2,-5.495,0.14925,-0.7565,-1.1929999999999998,32.0,25.7725,0,17.0,1641.0,49.0,-4.8425,0.0825,-1.01,-0.1,-5.695,0.405,-11.1575,0,1,1,100.0
2,36.0,1,20.0,0.0,6,2,-5.474,0.1342,-1.7147999999999999,-2.8912,32.0,25.552,0,17.0,1641.0,49.0,-4.972,0.086,-1.01,-0.1,-5.772,0.804,-10.818,0,1,1,100.0
2,37.0,1,20.0,0.0,6,2,-5.453,0.11915,-2.6731,-4.5893999999999995,32.0,25.331500000000002,0,17.0,1641.0,49.0,-5.1015,0.0895,-1.01,-0.1,-5.849,1.203,-10.4785,0,1,1,100.0
2,38.0,1,20.0,0.0,6,2,-5.404,0.0752,-0.9878,-6.5356,32.0,25.036,0,17.0,1641.0,49.0,-5.716,0.1,-1.01,-0.1,-6.018,4.276,-6.686,0,1,1,100.0
2,39.0,1,20.0,0.0,6,2,-5.4030000000000005,0.06760000000000001,-0.4429,-6.9167,32.0,24.992,0,17.0,1641.0,49.0,-5.947,0.10300000000000001,-1.01,-0.10300000000000001,-5.985,5.7059999999999995,-4.563,0,1,1,100.0
2,40.0,1,20.0,0.0,6,2,-5.41,0.062,-0.326,-6.811,32.0,25.02,0,17.0,1641.0,49.0,-6.15,0.11,-1.01,-0.11,-5.88,7.12,-2.26,0,1,1,100.0
2,41.0,1,20.0,0.0,6,2,-5.431,0.0585,-0.2252,-6.664,32.0,25.09,0,17.0,1641.0,49.0,-6.297000000000001,0.11,-1.01,-0.11,-5.656,8.324,0.127,0,1,1,100.0
2,42.0,1,20.0,0.4,6,2,-5.456,0.0554,-0.2412,-6.449,32.0,25.148,0,17.4,1641.0,49.0,-6.412,0.114,-1.01,-0.114,-5.359999999999999,9.344,2.4539999999999997,0,1,1,100.0
2,43.0,1,20.0,1.0,6,2,-5.485,0.0526,-0.3262,-6.1778,32.0,25.197000000000003,0,18.0,1641.0,49.0,-6.492,0.12,-1.01,-0.12,-4.994999999999999,10.176,4.708,0,1,1,100.0
2,44.0,1,20.0,1.0,6,2,-5.5200000000000005,0.049800000000000004,-0.2996,-5.8754,32.0,25.246000000000002,0,18.0,1641.0,49.0,-6.506,0.12,-1.01,-0.12,-4.54,10.708,6.794,0,1,1,100.0
2,45.0,1,20.0,1.0,6,2,-5.545,0.048,-0.299,-5.6579999999999995,32.0,25.2875,0,18.0,1641.0,49.0,-6.4975,0.1175,-1.01,-0.1225,-4.2175,10.924999999999999,8.04,0,1,1,100.0
2,46.0,1,20.0,1.0,6,2,-5.566,0.0466,-0.3088,-5.4746,32.0,25.326,0,18.0,1641.0,49.0,-6.4799999999999995,0.114,-1.01,-0.126,-3.948,11.016,8.95,0,1,1,100.0
2,47.0,1,20.0,1.0,6,2,-5.587,0.0452,-0.3186,-5.2912,32.0,25.3645,0,18.0,1641.0,49.0,-6.4625,0.1105,-1.01,-0.1295,-3.6785,11.107,9.86,0,1,1,100.0
2,48.0,1,20.0,1.0,6,2,-5.6049999999999995,0.0438,-0.302,-5.1231,32.0,25.4,0,18.0,1641.0,49.0,-6.421,0.11,-1.01,-0.13,-3.376,11.062999999999999,10.659,0,1,1,100.0
2,49.0,1,20.0,1.0,6,2,-5.6225,0.0424,-0.281,-4.9575499999999995,32.0,25.435,0,18.0,1641.0,49.0,-6.3755,0.11,-1.01,-0.13,-3.068,10.9965,11.4395,0,1,1,100.0
2,50.0,1,20.0,1.0,6,2,-5.71,0.031,-0.272,-3.536,32.0,25.65,0,18.0,1641.0,49.0,-5.92,0.11,-1.02,-0.13,-0.8,9.58,15.83,0,1,1,100.0
2,51.0,1,20.0,1.0,6,2,-5.717,0.0275,-0.2986,-3.1524,32.0,25.698999999999998,0,18.0,1641.0,49.0,-5.752,0.10300000000000001,-1.02,-0.13,-0.05099999999999996,8.887,16.929,0,1,1,100.0
2,52.0,1,20.0,1.0,6,2,-5.716,0.024399999999999998,-0.2712,-2.8016,32.0,25.736,0,18.0,1641.0,49.0,-5.568,0.1,-1.02,-0.134,0.726,8.146,18.003999999999998,0,1,1,100.0
2,53.0,1,20.0,1.0,6,2,-5.7059999999999995,0.021599999999999998,-0.2166,-2.4779,32.0,25.767000000000003,0,18.0,1641.0,49.0,-5.369000000000001,0.099,-1.02,-0.14,1.529,7.363,19.059,0,1,1,100.0
2,54.0,1,20.0,1.0,6,2,-5.678,0.018799999999999997,-0.2418,-2.1692,32.0,25.816,0,18.0,1641.0,49.0,-5.152,0.092,-1.02,-0.14,2.362,6.544,20.102,0,1,1,100.0
2,55.0,1,20.0,1.0,6,2,-5.635,0.016,-0.282,-1.792,32.0,25.845,0,18.0,1641.0,49.0,-4.915,0.08499999999999999,-1.02,-0.14,3.21,5.71,21.155,0,1,1,100.0
2,56.0,1,20.0,1.0,6,2,-5.59,0.0135,-0.3245,-1.4352999999999998,32.0,25.864,0,18.0,1641.0,49.0,-4.703,0.08,-1.021,-0.139,3.944,4.988,22.069,0,1,1,100.0
2,57.0,1,20.0,1.0,6,2,-5.555,0.01175,-0.35775,-1.1983499999999998,32.0,25.878,0,18.0,1641.0,49.0,-4.5735,0.08,-1.0245,-0.1355,4.378,4.561,22.6255,0,1,1,100.0
2,58.0,1,20.0,1.0,6,2,-5.52,0.009999999999999998,-0.391,-0.9613999999999999,32.0,25.892,0,18.0,1641.0,49.0,-4.444,0.08,-1.028,-0.132,4.811999999999999,4.134,23.182,0,1,1,100.0
2,59.0,1,20.0,1.0,6,2,-5.461,0.0072,-0.3731,-0.5944,32.0,25.9,0,18.0,1641.0,49.0,-4.259,0.077,-1.03,-0.13,5.42,3.521,24.028,0,1,1,100.0
2,60.0,1,20.0,1.0,6,2,-5.21,-0.001,-0.281,0.465,32.0,25.9,0,18.0,1641.0,49.0,-3.65,0.07,-1.03,-0.13,7.34,1.33,27.29,0,1,1,100.0
2,61.0,1,20.0,1.0,6,2,-5.07,-0.0024000000000000002,-0.1662,0.5826,32.0,25.9,0,18.0,1641.0,49.0,-3.447,0.063,-1.037,-0.13,7.963,0.31499999999999995,28.977,0,1,1,100.0
2,62.0,1,20.0,1.0,6,2,-4.922,-0.0038,-0.1178,0.6534,32.0,25.9,0,18.0,1641.0,49.0,-3.272,0.06,-1.04,-0.126,8.494,-0.7399999999999999,30.86,0,1,1,100.0
2,63.0,1,20.0,1.0,6,2,-4.763,-0.0051,-0.1054,0.6930000000000001,32.0,25.9,0,18.0,1641.0,49.0,-3.1260000000000003,0.06,-1.042,-0.12,8.926,-1.8299999999999998,32.949,0,1,1,100.0
2,64.0,1,20.0,1.0,6,2,-4.574,-0.0058000000000000005,-0.010199999999999987,0.756,32.0,25.9,0,18.0,1641.0,49.0,-3.028,0.06,-1.056,-0.12,9.178,-2.95,35.392,0,1,1,100.0
2,65.0,1,20.0,1.0,6,2,-4.375,-0.006,0.035,0.73,32.0,25.9,0,18.0,1641.0,49.0,-2.9450000000000003,0.055,-1.065,-0.12,9.26,-4.07,38.160000000000004,0,1,1,100.0
2,66.0,1,20.0,1.0,6,2,-4.164000000000001,-0.0058000000000000005,0.064,0.647,32.0,25.9,0,18.0,1641.0,49.0,-2.866,0.05,-1.074,-0.118,9.2,-5.186,41.186,0,1,1,100.0
2,67.0,1,20.0,1.0,6,2,-3.933,-0.0051,0.1025,0.5105,32.0,25.9,0,18.0,1641.0,49.0,-2.782,0.05,-1.088,-0.111,8.955,-6.292,44.532,0,1,1,100.0
2,68.0,1,20.0,1.0,6,2,-3.826,-0.0048000000000000004,0.1222,0.4324,32.0,25.9,0,18.0,1641.0,49.0,-2.734,0.05,-1.092,-0.11,8.772,-6.7700000000000005,46.062,0,1,1,100.0
2,69.0,1,20.0,1.0,6,2,-3.7396666666666665,-0.004566666666666667,0.13876666666666668,0.3640333333333333,32.0,25.9,0,18.0,1641.0,49.0,-2.692,0.05,-1.0943333333333334,-0.11,8.599333333333334,-7.1433333333333335,47.28933333333333,0,1,1,100.0
2,70.0,1,20.0,1.0,6,2,-3.6533333333333333,-0.004333333333333333,0.15533333333333332,0.29566666666666663,32.0,25.9,0,18.0,1641.0,49.0,-2.65,0.05,-1.0966666666666667,-0.11,8.426666666666666,-7.5166666666666675,48.516666666666666,0,1,1,100.0
2,71.0,1,20.0,1.0,6,2,-3.5669999999999997,-0.0041,0.1719,0.2273,32.0,25.9,0,18.0,1641.0,49.0,-2.6079999999999997,0.05,-1.0990000000000002,-0.11,8.254,-7.890000000000001,49.744,0,1,1,100.0
2,72.0,1,20.0,1.0,6,2,-2.46,0.0,0.027400000000000008,-0.1484,32.0,25.9,0,18.0,1641.0,49.0,-1.878,0.036,-1.13,-0.1,5.232,-12.486,62.49,0,1,1,100.0
2,73.0,1,20.0,1.0,6,2,-2.105,-0.0001,-0.0704,-0.0094,32.0,25.9,0,18.0,1641.0,49.0,-1.654,0.03,-1.13,-0.099,4.283,-14.019,65.19500000000001,0,1,1,100.0
2,74.0,1,20.0,1.0,6,2,-1.7200000000000002,-0.0008,-0.0242,0.0228,32.0,25.9,0,18.0,1641.0,49.0,-1.472,0.03,-1.13,-0.092,3.394,-15.762,66.91000000000001,0,1,1,100.0
2,75.0,1,20.0,1.0,6,2,-1.305,-0.0015,-0.0685,0.20049999999999996,32.0,25.9,0,18.0,1641.0,49.0,-1.365,0.03,-1.125,-0.09,2.62,-17.64,67.555,0,1,1,100.0
2,76.0,1,20.0,0.8,6,2,-0.868,-0.0022,-0.1174,0.3974,32.0,25.9,0,17.8,1641.0,49.0,-1.324,0.03,-1.118,-0.088,1.9500000000000002,-19.586,67.288,0,1,1,100.0
2,77.0,1,20.0,0.09999999999999995,6,2,-0.4060000000000001,-0.0029000000000000002,-0.0873,0.4968,32.0,25.9,0,17.1,1641.0,49.0,-1.373,0.03,-1.1110000000000002,-0.081,1.425,-21.567,65.81099999999999,0,1,1,100.0
2,78.0,1,20.0,0.6000000000000001,6,2,0.08599999999999994,-0.0036,-0.060200000000000004,0.5452,32.0,25.9,0,17.6,1641.0,49.0,-1.5539999999999998,0.03,-1.098,-0.07400000000000001,1.092,-23.398,62.827999999999996,0,1,1,100.0
2,79.0,1,20.0,1.0,6,2,0.598,-0.0043,-0.030899999999999997,0.6028,32.0,25.9,0,18.0,1641.0,49.0,-1.817,0.033,-1.081,-0.07,0.875,-24.997,58.876999999999995,0,1,1,100.0
2,80.0,1,20.0,1.0,6,2,1.13,-0.005,0.002,0.684,32.0,25.9,0,18.0,1641.0,49.0,-2.16,0.04,-1.06,-0.07,0.77,-26.32,53.97,0,1,1,100.0
2,81.0,1,20.0,1.0,6,2,1.41,-0.00535,-0.02985,0.6973,32.0,25.9,0,18.0,1641.0,49.35,-2.3875,0.043500000000000004,-1.0495,-0.0665,0.7945,-26.579,50.7815,0,1,1,100.0
2,82.0,1,20.0,1.0,1,5,1.69,-0.0057,-0.061700000000000005,0.7106,32.0,25.9,0,18.0,1641.0,49.7,-2.615,0.047,-1.0390000000000001,-0.063,0.819,-26.838,47.592999999999996,0,1,1,100.0
2,83.0,1,20.0,0.0,1,5,2.834,-0.010100000000000001,-0.4395,0.5246000000000001,32.0,25.857,0,19.0,1641.0,50.0,-3.557,0.061,-0.997,-0.06,1.1989999999999998,-25.839000000000002,33.126999999999995,0,1,1,100.0
2,84.0,1,20.0,0.0,1,5,3.4219999999999997,-0.0388,-2.753,-0.5492,32.0,25.836,0,19.0,1641.0,50.0,-3.9560000000000004,0.068,-0.976,-0.06,1.612,-23.872,25.195999999999998,0,1,1,100.0
2,85.0,1,20.0,0.0,1,5,4.01,-0.07050000000000001,-3.104,-1.325,32.0,25.795,0,19.0,1641.0,50.0,-4.2250000000000005,0.07,-0.96,-0.055,2.205,-21.009999999999998,17.175,0,1,1,100.0
2,86.0,1,20.0,0.0,1,5,4.592,-0.1014,-2.6926,-1.9732,32.0,25.738,0,19.0,1641.0,50.0,-4.362,0.07,-0.946,-0.052000000000000005,2.93,-17.52,9.16,0,1,1,100.0
2,87.0,1,20.0,0.0,1,5,5.159,-0.1273,-2.3377,-2.6004,32.0,25.660999999999998,0,19.0,1641.0,50.0,-4.299,0.07,-0.932,-0.059,3.805,-13.355,1.249999999999999,0,1,1,100.0
2,88.0,1,20.0,0.0,1,5,5.471,-0.1397,-2.1064,-2.9017999999999997,32.0,25.628999999999998,0,19.0,1641.0,50.0,-4.104,0.067,-0.924,-0.06,4.365,-10.783,-3.1229999999999998,0,1,1,100.0
2,89.0,1,20.0,0.0,1,6,5.7405,-0.14985,-1.8957,-3.1489,32.0,25.604499999999998,0,19.0,1641.0,50.0,-3.887,0.0635,-0.917,-0.06,4.8725,-8.4765,-6.906499999999999,0,1,1,100.0
2,90.0,1,20.0,0.0,1,6,6.72,-0.181,-1.209,-4.136,32.0,25.51,0,19.0,1641.0,50.0,-2.48,0.04,-0.9,-0.07,6.86,0.27,-20.76,0,1,1,100.0
2,91.0,1,20.0,0.0,1,6,6.867,-0.18403333333333333,-1.1177666666666668,-4.314033333333334,32.0,25.477333333333334,0,19.0,1641.0,50.0,-2.0716666666666668,0.033,-0.9,-0.07466666666666667,7.151666666666666,1.5766666666666667,-22.883333333333333,0,1,1,100.0
2,92.0,1,20.0,0.0,1,6,7.013999999999999,-0.18706666666666666,-1.0265333333333333,-4.492066666666667,32.0,25.444666666666667,0,19.0,1641.0,50.0,-1.6633333333333333,0.026000000000000002,-0.9,-0.07933333333333334,7.443333333333333,2.883333333333333,-25.006666666666668,0,1,1,100.0
2,93.0,1,20.0,0.0,1,6,7.161,-0.1901,-0.9353,-4.6701,32.0,25.412000000000003,0,19.0,1641.0,50.0,-1.255,0.019,-0.9,-0.084,7.734999999999999,4.1899999999999995,-27.13,0,1,1,100.0
2,94.0,1,20.0,0.0,1,6,7.308,-0.19313333333333335,-0.8440666666666666,-4.848133333333333,32.0,25.379333333333335,0,19.0,1641.0,50.0,-0.8466666666666667,0.012,-0.9,-0.08866666666666666,8.026666666666666,5.496666666666666,-29.253333333333334,0,1,1,100.0
2,95.0,1,20.0,0.0,1,6,8.465,-0.2135,-0.19999999999999998,-6.1145,32.0,25.195,0,19.0,1641.0,50.0,5.5600000000000005,-0.09,-0.915,-0.13,8.86,13.51,-46.58,0,1,1,100.0
2,96.0,1,20.0,0.0,1,6,8.658,-0.2152,-0.07919999999999999,-6.4162,32.0,25.146,0,19.0,1641.0,50.0,7.558,-0.12,-0.922,-0.14200000000000002,8.456000000000001,14.14,-49.482,0,1,1,100.0
2,97.0,1,20.0,0.0,1,6,8.791,-0.2159,0.021599999999999998,-6.6864,32.0,25.097,0,19.0,1641.0,50.0,9.546,-0.155,-0.929,-0.149,7.8469999999999995,14.280000000000001,-51.344,0,1,1,100.0
2,98.0,1,20.0,0.0,1,6,8.852,-0.2124,0.2922,-7.384399999999999,32.0,24.94,0,19.0,1641.0,50.0,11.366,-0.19,-0.9359999999999999,-0.156,7.184,14.384,-51.766,0,1,1,100.0
2,99.0,1,20.0,0.0,1,6,8.865,-0.20909999999999998,0.39280000000000004,-7.7448,32.0,24.852,0,19.0,1641.0,50.0,13.005,-0.222,-0.946,-0.16,6.548,14.668,-51.24,0,1,1,100.0
2,100.0,1,20.0,0.0,3,7,8.83,-0.207,0.229,-7.56,32.0,24.88,0,19.0,1641.0,50.0,14.44,-0.25,-0.96,-0.16,5.96,15.2,-49.77,0,1,1,100.0
3,0.0,1,20.0,0.0,0,1,5.42,-0.057,0.583,-2.122,33.0,25.86,0,19.0,1641.0,50.0,15.71,-0.3,-1.06,-0.02,-1.41,15.08,0.2,0,1,1,100.0
3,1.0,1,20.0,0.0,0,1,5.208,-0.05382,0.3657,-1.37682,33.0,25.86,0,19.0,1641.0,50.0,15.4768,-0.29469999999999996,-1.06,-0.02,-1.7969,13.49,1.6733999999999998,0,1,1,100.0
3,2.0,1,20.0,0.0,0,1,4.651,-0.051,0.173,-0.716,33.0,25.86,0,39.6,1641.0,50.0,14.8171,-0.2797,-1.0697,-0.0203,-2.7014,9.1968,5.118,0,1,1,100.0
3,3.0,1,20.0,0.0,0,1,4.5715,-0.051,0.173,-0.716,33.0,25.86,0,44.9,1641.0,50.0,14.70315,-0.27705,-1.06705,-0.022949999999999998,-2.8021,8.5502,5.542,0,1,1,100.0
3,4.0,1,20.0,0.0,0,1,4.492,-0.051,0.173,-0.716,33.0,25.86,0,50.2,1641.0,50.0,14.5892,-0.27440000000000003,-1.0644,-0.025599999999999998,-2.9028,7.9036,5.966,0,1,1,100.0
3,5.0,1,20.0,0.0,0,1,4.4125000000000005,-0.051,0.173,-0.716,33.0,25.86,0,55.5,1641.0,50.0,14.47525,-0.27175000000000005,-1.06175,-0.028249999999999997,-3.0035,7.257,6.39,0,1,1,100.0
3,6.0,1,20.0,0.0,0,1,4.0776,-0.05382,-0.2261400000000001,0.0,33.0,25.982,0,7.0,1641.0,50.0,13.9298,-0.26,-1.06,-0.03,-3.3388,4.5256,7.9352,0,1,1,100.0
3,7.0,1,20.0,0.0,0,1,3.9822,-0.05329,-0.05282999999999998,0.0,33.0,25.929,0,7.0,1641.0,50.0,13.723099999999999,-0.26,-1.06,-0.03,-3.4236,3.6881999999999997,8.2744,0,1,1,100.0
3,8.0,1,20.0,0.0,0,1,3.8988,-0.05276,0.07967999999999997,0.0,33.0,25.9072,0,7.0,1641.0,50.0,13.5212,-0.2576,-1.0576,-0.0324,-3.4988,2.9468,8.4768,0,1,1,100.0
3,9.0,1,20.0,0.0,0,1,3.8299,-0.05223,0.16288999999999992,0.0,33.0,25.923099999999998,0,7.0,1641.0,50.0,13.3251,-0.2523,-1.0523,-0.0377,-3.5624,2.3214,8.5139,0,1,1,100.0
3,10.0,1,20.0,0.0,0,1,3.779,-0.050499999999999996,0.2776,0.0,33.0,25.93,0,7.0,1641.0,50.0,13.135,-0.247,-1.05,-0.04,-3.614,1.807,8.353,0,1,1,100.0
3,11.0,1,20.0,0.0,0,1,3.7419,-0.047850000000000004,0.41645999999999994,0.0,33.0,25.93,0,7.0,1641.0,50.0,12.9495,-0.2417,-1.05,-0.04,-3.6564,1.3777000000000001,8.0403,0,1,1,100.0
3,12.0,1,20.0,0.0,0,1,3.7264,-0.04340000000000001,0.6118399999999998,0.0,33.0,25.93,0,7.0,1641.0,50.0,12.767600000000002,-0.2364,-1.0464,-0.04,-3.6988,1.0420000000000003,7.457600000000001,0,1,1,100.0
3,13.0,1,20.0,0.0,0,1,3.7211000000000003,-0.03810000000000001,0.8339099999999997,0.0,33.0,25.93,0,7.0,1641.0,50.0,12.5874,-0.23110000000000003,-1.0411000000000001,-0.04,-3.7412,0.7505000000000004,6.747400000000001,0,1,1,100.0
3,14.0,1,20.0,0.0,0,1,3.7326,-0.031959999999999995,0.80104,0.0,33.0,25.93,0,7.0,1641.0,50.0,12.3988,-0.2258,-1.04,-0.0442,-3.7836,0.5555999999999999,5.726399999999999,0,1,1,100.0
3,15.0,1,20.0,0.0,0,1,3.7485,-0.0256,0.7013999999999999,0.0,33.0,25.93,0,7.0,1641.0,50.0,12.208,-0.2205,-1.04,-0.0495,-3.826,0.386,4.624,0,1,1,100.0
3,16.0,1,20.0,0.0,0,1,3.7612,-0.022920000000000003,0.7668799999999999,0.0,33.0,25.9252,0,7.0,1641.0,50.0,12.1276,-0.22,-1.0384,-0.05,-3.846,0.3396,4.0704,0,1,1,100.0
3,17.0,1,20.0,0.0,0,1,3.7735666666666665,-0.020623333333333337,0.8495599999999999,0.0,33.0,25.9199,0,7.0,1641.0,50.0,12.0587,-0.22,-1.0366333333333333,-0.05,-3.8636666666666666,0.3060333333333334,3.573966666666667,0,1,1,100.0
3,18.0,1,20.0,0.0,0,1,3.7859333333333334,-0.01832666666666667,0.9322399999999998,0.0,33.0,25.9146,0,7.0,1641.0,50.0,11.9898,-0.22,-1.0348666666666666,-0.05,-3.8813333333333335,0.27246666666666675,3.077533333333334,0,1,1,100.0
3,19.0,1,20.0,0.0,0,1,3.7983,-0.01603,1.01492,0.0,33.0,25.909299999999998,0,7.0,1641.0,50.0,11.9209,-0.22,-1.0331000000000001,-0.05,-3.899,0.23889999999999997,2.5810999999999997,0,1,1,100.0
3,20.0,1,20.0,0.0,0,1,3.8106666666666666,-0.013733333333333334,1.0976,0.0,33.0,25.904,0,7.0,1641.0,50.0,11.852,-0.22,-1.0313333333333334,-0.05,-3.916666666666667,0.20533333333333334,2.0846666666666667,0,1,1,100.0
3,21.0,1,20.0,1.0,0,1,4.0794999999999995,0.030379999999999994,1.3749099999999999,0.0,33.0,25.93,0,8.0,1641.0,50.0,10.7559,-0.19740000000000002,-1.02,-0.06,-4.153,0.047400000000000005,-6.407999999999999,0,1,1,100.0
3,22.0,1,20.0,1.0,0,1,4.159,0.044159999999999984,1.6436199999999996,0.0,33.0,25.93,0,8.0,1641.0,50.0,10.4538,-0.18680000000000002,-1.02,-0.06,-4.206,0.03680000000000001,-8.845999999999998,0,1,1,100.0
3,23.0,1,20.0,1.0,0,1,4.2404,0.05850999999999997,1.8578,0.0,33.0,25.93,0,8.0,1641.0,50.0,10.1403,-0.1781,-1.02,-0.06,-4.2552,0.03189999999999999,-11.377099999999995,0,1,1,100.0
3,24.0,1,20.0,1.0,0,1,4.3252,0.07387999999999997,1.9743999999999997,0.0,33.0,25.93,0,8.0,1641.0,50.0,9.806400000000002,-0.1728,-1.02,-0.06,-4.2976,0.03719999999999999,-14.074799999999994,0,1,1,100.0
3,25.0,1,20.0,1.0,0,1,4.4075,0.08925,1.959,0.0,33.0,25.93,0,8.0,1641.0,50.0,9.4525,-0.1675,-1.0175,-0.0625,-4.345,0.05,-16.8525,0,1,1,100.0
3,26.0,1,20.0,1.0,0,1,4.486999999999999,0.10461999999999995,1.7957600000000005,0.0,33.0,25.93,0,8.0,1641.0,50.0,9.076200000000002,-0.1622,-1.0122,-0.06779999999999999,-4.398,0.07119999999999993,-19.719799999999992,0,1,1,100.0
3,27.0,1,20.0,1.0,0,1,4.5634,0.11719999999999998,1.4099400000000006,0.0,33.0,25.9207,0,8.0,1641.0,50.0,8.6658,-0.15380000000000002,-1.01,-0.07,-4.451,0.09239999999999998,-22.531299999999998,0,1,1,100.0
3,28.0,1,20.0,1.0,0,1,4.6376,0.12780000000000002,0.8661599999999994,0.0,33.0,25.904799999999998,0,8.0,1641.0,50.0,8.2312,-0.1432,-1.01,-0.07,-4.504,0.11360000000000002,-25.303200000000004,0,1,1,100.0
3,29.0,1,20.0,1.0,0,1,4.700699999999999,0.131,0.370110000000001,0.0,33.0,25.911099999999998,0,8.0,1641.0,50.0,7.733700000000001,-0.13630000000000003,-1.01,-0.07,-4.5385,0.14589999999999992,-27.745799999999996,0,1,1,100.0
3,30.0,1,20.0,1.0,6,2,4.7589999999999995,0.131,-0.10530000000000006,0.0,33.0,25.927,0,8.0,1641.0,50.0,7.2090000000000005,-0.131,-1.01,-0.07,-4.565,0.183,-30.046,0,1,1,100.0
3,31.0,1,20.0,0.7850000000000008,6,2,4.7871999999999995,0.130785,-0.19801,0.01719999999999993,33.0,25.92355,0,10.149999999999991,1641.0,50.0,6.856300000000001,-0.12570000000000003,-1.01,-0.07214999999999999,-4.554950000000001,0.19429999999999997,-31.0218,0,1,1,100.0
3,32.0,1,20.0,0.5200000000000002,6,2,4.8084,0.13052,-0.20171999999999998,0.038399999999999976,33.0,25.915599999999998,0,12.799999999999997,1641.0,50.0,6.5436000000000005,-0.12040000000000001,-1.01,-0.0748,-4.5364,0.1996,-31.6896,0,1,1,100.0
3,33.0,1,20.0,0.25499999999999967,6,2,4.829599999999999,0.130255,-0.20543,0.05960000000000002,33.0,25.90765,0,15.450000000000003,1641.0,50.0,6.230899999999999,-0.1151,-1.01,-0.07745,-4.51785,0.2049,-32.3574,0,1,1,100.0
3,34.0,1,20.0,0.0,6,2,4.889799999999999,0.08836000000000004,-2.675520000000001,-2.6694199999999997,33.0,25.65,0,18.0,1641.0,50.0,4.603600000000001,-0.07960000000000002,-1.02,-0.08,-4.252400000000001,0.26119999999999993,-33.1184,0,1,1,100.0
3,35.0,1,20.0,0.0,6,2,4.8845,0.0714,-2.1858,-2.89255,33.0,25.65,0,18.0,1641.0,50.0,3.904,-0.069,-1.02,-0.08,-4.051,0.293,-32.016,0,1,1,100.0
3,36.0,1,20.0,0.0799999999999983,6,2,4.8744,0.055720000000000026,-1.6918400000000018,-3.1071999999999993,33.0,25.65,0,18.08,1641.0,50.0,3.2092000000000023,-0.058400000000000035,-1.02,-0.08079999999999998,-3.839200000000001,0.3247999999999999,-30.768000000000004,0,1,1,100.0
3,37.0,1,20.0,0.6099999999999994,6,2,4.8373,0.04724000000000001,-1.1740300000000006,-3.2741499999999997,33.0,25.65,0,18.61,1641.0,50.0,2.5414000000000008,-0.04780000000000001,-1.02,-0.0861,-3.5689,0.3566,-28.701,0,1,1,100.0
3,38.0,1,20.0,0.8599999999999994,6,2,4.7946,0.039599999999999996,-0.78516,-3.3030599999999994,33.0,25.659799999999997,0,18.86,1641.0,50.0,1.8903999999999992,-0.03719999999999999,-1.02,-0.09,-3.2775999999999996,0.38,-26.449199999999998,0,1,1,100.0
3,39.0,1,20.0,0.3300000000000011,6,2,4.7363,0.03430000000000001,-0.75548,-2.9474300000000007,33.0,25.6969,0,18.330000000000002,1641.0,50.0,1.2862000000000013,-0.026600000000000023,-1.02,-0.09,-2.927800000000001,0.38,-23.682600000000008,0,1,1,100.0
3,40.0,1,20.0,0.2,6,2,4.666,0.0292,-0.6904,-2.6132,33.0,25.733999999999998,0,18.2,1641.0,50.0,0.712,-0.016,-1.022,-0.09,-2.548,0.352,-20.746000000000002,0,1,1,100.0
3,41.0,1,20.0,0.7299999999999983,6,2,4.575900000000001,0.024430000000000014,-0.5669100000000004,-2.314280000000001,33.0,25.7711,0,18.729999999999997,1641.0,50.0,0.1873000000000017,-0.005400000000000034,-1.0273,-0.09,-2.1187000000000014,0.2778000000000002,-17.52890000000001,0,1,1,100.0
3,42.0,1,20.0,1.0,6,2,4.4754000000000005,0.019920000000000004,-0.49958,-1.9672600000000005,33.0,25.8082,0,19.0,1641.0,50.0,-0.29579999999999956,0.0051999999999999885,-1.03,-0.09259999999999999,-1.6426000000000005,0.15680000000000016,-14.166200000000003,0,1,1,100.0
3,43.0,1,20.0,1.0,6,2,4.3641000000000005,0.015679999999999996,-0.49057,-1.5702899999999995,33.0,25.845299999999998,0,19.0,1641.0,50.0,-0.7357000000000005,0.015800000000000012,-1.03,-0.09790000000000001,-1.1178999999999994,-0.012800000000000197,-10.652299999999997,0,1,1,100.0
3,44.0,1,20.0,1.0,6,2,4.24,0.01112000000000001,-0.5621999999999997,-0.9861200000000014,33.0,25.872799999999998,0,19.0,1641.0,50.0,-1.1275999999999993,0.023199999999999988,-1.03,-0.1,-0.5484000000000012,-0.2399999999999994,-7.020000000000008,0,1,1,100.0
3,45.0,1,20.0,1.0,6,2,4.1075,0.00635,-0.68675,-0.2790999999999999,33.0,25.894,0,19.0,1641.0,50.0,-1.488,0.028499999999999998,-1.03,-0.1,0.050500000000000114,-0.505,-3.31,0,1,1,100.0
3,46.0,1,20.0,1.0,6,2,4.0358,0.004113333333333338,-0.6913466666666668,0.064386666666666,33.0,25.9,0,19.0,1641.0,50.0,-1.6571333333333331,0.03126666666666666,-1.0312666666666668,-0.1,0.3757999999999993,-0.6635999999999996,-1.342933333333337,0,1,1,100.0
3,47.0,1,20.0,1.0,6,2,3.9881,0.002876666666666668,-0.6485933333333334,0.26437333333333307,33.0,25.9,0,19.0,1641.0,50.0,-1.7507666666666666,0.03303333333333333,-1.0330333333333335,-0.1,0.5930999999999997,-0.7801999999999999,-0.06386666666666772,0,1,1,100.0
3,48.0,1,20.0,1.0,6,2,3.9404000000000003,0.0016400000000000054,-0.6058400000000002,0.46435999999999905,33.0,25.9,0,19.0,1641.0,50.0,-1.8443999999999996,0.03479999999999999,-1.0348,-0.1,0.8103999999999991,-0.8967999999999995,1.215199999999995,0,1,1,100.0
3,49.0,1,20.0,1.0,6,2,3.8927,0.00040333333333333616,-0.5630866666666667,0.6643466666666661,33.0,25.9,0,19.0,1641.0,50.0,-1.9380333333333333,0.036566666666666664,-1.0365666666666666,-0.1,1.0276999999999996,-1.0133999999999999,2.494266666666664,0,1,1,100.0
3,50.0,1,20.0,1.0,6,2,3.8449999999999998,-0.0008333333333333332,-0.5203333333333333,0.8643333333333332,33.0,25.9,0,19.0,1641.0,50.0,-2.0316666666666667,0.03833333333333333,-1.0383333333333333,-0.1,1.245,-1.1300000000000001,3.773333333333334,0,1,1,100.0
3,51.0,1,20.0,1.0,6,2,3.2218999999999998,-0.011939999999999997,0.03311000000000016,1.4025699999999997,33.0,25.86,0,19.0,1641.0,50.0,-2.9602000000000004,0.05030000000000001,-1.0603,-0.1,3.837900000000001,-2.9143000000000012,20.25670000000001,0,1,1,100.0
3,52.0,1,20.0,1.0,6,2,3.078800000000001,-0.010880000000000008,0.10571999999999954,1.3066400000000007,33.0,25.86,0,19.0,1641.0,50.0,-3.1403999999999987,0.05559999999999997,-1.0656,-0.1,4.330799999999997,-3.3435999999999972,24.438399999999973,0,1,1,100.0
3,53.0,1,20.0,1.0,6,2,2.9384000000000006,-0.009820000000000004,0.17319999999999983,1.1942400000000009,33.0,25.863599999999998,0,19.0,1641.0,50.0,-3.3142999999999994,0.060899999999999975,-1.0718,-0.1,4.799399999999999,-3.7656999999999985,28.64259999999998,0,1,1,100.0
3,54.0,1,20.0,1.0,6,2,2.8112000000000004,-0.008760000000000002,0.2155999999999999,1.0013200000000004,33.0,25.8848,0,19.0,1641.0,50.0,-3.4574,0.0662,-1.0824,-0.1,5.1491999999999996,-4.152599999999999,32.95679999999999,0,1,1,100.0
3,55.0,1,20.0,1.0,6,2,2.6885000000000003,-0.0077,0.22995,0.7978999999999999,33.0,25.9,0,19.0,1641.0,50.0,-3.584,0.07,-1.093,-0.1,5.4495000000000005,-4.5275,37.290499999999994,0,1,1,100.0
3,56.0,1,20.0,1.0,6,2,2.5771999999999995,-0.0066399999999999975,0.1732399999999999,0.5678799999999995,33.0,25.9,0,19.0,1641.0,50.0,-3.6688000000000005,0.07,-1.1036000000000001,-0.1,5.6244000000000005,-4.872000000000001,41.67360000000001,0,1,1,100.0
3,57.0,1,20.0,1.0,6,2,2.4785000000000004,-0.00537000000000001,0.1513899999999998,0.3607500000000011,33.0,25.9,0,19.0,1641.0,50.0,-3.7242,0.07,-1.1142,-0.09790000000000004,5.7342,-5.212299999999998,46.02099999999997,0,1,1,100.0
3,58.0,1,20.0,1.0,6,2,2.399,-0.003780000000000007,0.18265999999999988,0.18850000000000072,33.0,25.9,0,19.0,1641.0,50.0,-3.7348000000000003,0.07,-1.1247999999999998,-0.09260000000000002,5.7448,-5.546199999999999,50.313999999999986,0,1,1,100.0
3,59.0,1,20.0,1.0,6,2,2.3384,-0.002460000000000002,0.15642000000000017,0.03866000000000027,33.0,25.9,0,19.0,1641.0,50.0,-3.7130000000000005,0.07,-1.1354,-0.09,5.6906,-5.890899999999999,54.40989999999999,0,1,1,100.0
3,60.0,1,20.0,1.0,6,2,2.296,-0.0014,0.07479999999999999,-0.0896,33.0,25.9,0,19.0,1641.0,50.0,-3.66,0.07,-1.146,-0.09,5.574,-6.2459999999999996,58.316,0,1,1,100.0
3,61.0,1,20.0,1.0,6,2,2.2767,-0.001,0.03376999999999996,-0.07364999999999979,33.0,25.9,0,19.0,1641.0,50.0,-3.5905,0.07,-1.1533,-0.08669999999999999,5.4112,-6.644000000000001,61.76010000000001,0,1,1,100.0
3,62.0,1,20.0,1.0,6,2,2.2714,-0.001,0.017340000000000105,0.029699999999999324,33.0,25.9,0,19.0,1641.0,50.0,-3.5110000000000006,0.07,-1.1585999999999999,-0.08140000000000003,5.2204000000000015,-7.067999999999997,64.92419999999998,0,1,1,100.0
3,63.0,1,20.0,1.0,6,2,2.2836499999999997,-0.0011949999999999988,-0.01761499999999982,0.11120999999999968,33.0,25.9,0,19.0,1641.0,50.0,-3.4627000000000003,0.07,-1.1619499999999998,-0.08,5.0920000000000005,-7.374999999999998,66.53025,0,1,1,100.0
3,64.0,1,20.0,1.0,6,2,2.3022,-0.0014599999999999995,-0.059219999999999905,0.18487999999999985,33.0,25.9,0,19.0,1641.0,50.0,-3.4256,0.07,-1.1645999999999999,-0.08,4.986,-7.639999999999999,67.577,0,1,1,100.0
3,65.0,1,20.0,1.0,6,2,2.32075,-0.001725,-0.100825,0.25855,33.0,25.9,0,19.0,1641.0,50.0,-3.3885,0.07,-1.16725,-0.08,4.88,-7.904999999999999,68.62375,0,1,1,100.0
3,66.0,1,20.0,1.0,6,2,2.3392999999999997,-0.0019900000000000004,-0.14243000000000008,0.3322200000000002,33.0,25.9,0,19.0,1641.0,50.0,-3.3514,0.07,-1.1699,-0.08,4.773999999999999,-8.17,69.67049999999999,0,1,1,100.0
3,67.0,1,20.0,0.4900000000000034,6,2,2.642599999999999,-0.005019999999999993,-0.12007999999999998,0.827939999999999,33.0,25.9,0,18.490000000000002,1641.0,50.0,-3.3356999999999997,0.07,-1.1598,-0.07,4.282500000000001,-10.002599999999996,70.4817,0,1,1,100.0
3,68.0,1,20.0,0.03999999999999773,6,2,2.7839999999999994,-0.0061199999999999935,-0.12647999999999987,0.9818399999999994,33.0,25.9,0,18.04,1641.0,50.0,-3.3795999999999995,0.07,-1.1496,-0.07,4.155200000000001,-10.663199999999996,69.6628,0,1,1,100.0
3,69.0,1,20.0,0.5699999999999988,6,2,2.9694999999999996,-0.007709999999999996,-0.15933999999999993,1.1122199999999998,33.0,25.9,0,18.57,1641.0,50.0,-3.5067999999999997,0.07,-1.1442999999999999,-0.07,4.091600000000001,-11.235599999999998,67.4474,0,1,1,100.0
3,70.0,1,20.0,1.0,6,2,3.142,-0.009099999999999999,-0.1846,1.2282,33.0,25.898,0,19.0,1641.0,50.0,-3.6294999999999997,0.07050000000000001,-1.1384999999999998,-0.0695,4.0415,-11.7295,65.3075,0,1,1,100.0
3,71.0,1,20.0,1.0,6,2,3.2586000000000004,-0.00963,-0.17717999999999998,1.2822600000000002,33.0,25.8874,0,19.0,1641.0,50.0,-3.73285,0.07315,-1.13055,-0.06684999999999999,4.04945,-11.88585,63.49225,0,1,1,100.0
3,72.0,1,20.0,1.0,6,2,3.3751999999999995,-0.010159999999999995,-0.16976000000000005,1.3363199999999995,33.0,25.8768,0,19.0,1641.0,50.0,-3.8361999999999994,0.07579999999999999,-1.1226,-0.06420000000000002,4.0574,-12.042199999999998,61.677000000000014,0,1,1,100.0
3,73.0,1,20.0,1.0,6,2,3.4917999999999996,-0.010689999999999996,-0.16234000000000004,1.3903799999999997,33.0,25.8662,0,19.0,1641.0,50.0,-3.9395499999999997,0.07844999999999999,-1.1146500000000001,-0.06155000000000001,4.0653500000000005,-12.19855,59.86175000000001,0,1,1,100.0
3,74.0,1,20.0,1.0,6,2,3.6743999999999994,-0.011439999999999997,-0.1417200000000001,1.4712799999999997,33.0,25.86,0,19.0,1641.0,50.22,-4.1056,0.08,-1.1034000000000002,-0.06,4.1052,-12.2438,56.78480000000001,0,1,1,100.0
3,75.0,1,20.0,1.0,1,5,3.95,-0.012499999999999999,-0.10250000000000001,1.5899999999999999,33.0,25.86,0,19.0,1641.0,50.75,-4.36,0.08,-1.0875000000000001,-0.06,4.19,-12.1325,51.93,0,1,1,100.0
3,76.0,1,20.0,0.0,1,5,4.729733333333334,-0.01929333333333335,-0.4524533333333347,1.7190133333333326,33.0,25.9,0,19.0,1641.0,51.0,-4.967066666666667,0.09,-1.0481333333333334,-0.06,4.5192000000000005,-10.443333333333332,37.97906666666666,0,1,1,100.0
3,77.0,1,20.0,0.0,1,5,4.8427999999999995,-0.027419999999999948,-1.094989999999996,1.4351100000000019,33.0,25.9,0,19.0,1641.0,51.0,-5.0183,0.09,-1.0446,-0.06,4.5934,-9.957500000000003,35.98980000000002,0,1,1,100.0
3,78.0,1,20.0,0.0,1,5,4.955866666666666,-0.03554666666666663,-1.737526666666664,1.1512066666666678,33.0,25.9,0,19.0,1641.0,51.0,-5.069533333333333,0.09,-1.0410666666666668,-0.06,4.6676,-9.47166666666667,34.000533333333344,0,1,1,100.0
3,79.0,1,20.0,0.0,1,5,5.068933333333333,-0.043673333333333314,-2.380063333333332,0.867303333333334,33.0,25.9,0,19.0,1641.0,51.0,-5.120766666666667,0.09,-1.0375333333333334,-0.06,4.7418000000000005,-8.985833333333334,32.01126666666667,0,1,1,100.0
3,80.0,1,20.0,0.0,1,5,5.1819999999999995,-0.0518,-3.0226,0.5834,33.0,25.9,0,19.0,1641.0,51.0,-5.172000000000001,0.09,-1.034,-0.06,4.816000000000001,-8.5,30.022,0,1,1,100.0
3,81.0,1,20.0,0.0,1,5,5.295066666666666,-0.059926666666666684,-3.665136666666668,0.2994966666666661,33.0,25.9,0,19.0,1641.0,51.0,-5.223233333333334,0.09,-1.0304666666666666,-0.06,4.8902,-8.014166666666666,28.03273333333333,0,1,1,100.0
3,82.0,1,20.0,0.0,1,5,6.953599999999998,-0.16517999999999988,-2.216780000000002,-1.776179999999998,33.0,25.741600000000002,0,19.0,1641.0,51.0,-4.328400000000003,0.07080000000000007,-0.9708,-0.07,7.084399999999996,2.770399999999984,0.7458000000000352,0,1,1,100.0
3,83.0,1,20.0,0.0,1,6,7.303399999999998,-0.18266999999999992,-1.8950700000000014,-2.085169999999999,33.0,25.720399999999998,0,19.0,1641.0,51.0,-3.819600000000002,0.060200000000000045,-0.9602,-0.07,7.688599999999997,5.28259999999999,-4.697299999999976,0,1,1,100.0
3,84.0,1,20.0,0.0,1,6,7.637599999999999,-0.19547999999999996,-1.6555200000000005,-2.497639999999999,33.0,25.7044,0,19.0,1641.0,51.0,-3.0300000000000016,0.049600000000000026,-0.9548,-0.07519999999999999,8.3188,7.508799999999995,-9.69839999999999,0,1,1,100.0
3,85.0,1,20.0,0.0,1,6,7.95425,-0.20745,-1.43315,-2.8868250000000004,33.0,25.68825,0,19.0,1641.0,51.0,-2.2595,0.039,-0.9495,-0.08025,8.91675,9.6005,-14.430250000000001,0,1,1,100.0
3,86.0,1,20.0,0.0,1,6,8.1053,-0.21222,-1.3605399999999999,-3.0333700000000006,33.0,25.669700000000002,0,19.0,1641.0,51.0,-1.7241999999999988,0.028399999999999977,-0.9441999999999999,-0.0829,9.2003,10.453800000000001,-16.658900000000006,0,1,1,100.0
3,87.0,1,20.0,0.0,1,6,8.25635,-0.21698999999999996,-1.2879300000000005,-3.1799149999999994,33.0,25.65115,0,19.0,1641.0,51.0,-1.1889000000000034,0.01780000000000007,-0.9389000000000001,-0.08554999999999999,9.483849999999999,11.307099999999995,-18.887549999999987,0,1,1,100.0
3,88.0,1,20.0,0.0,1,6,8.407399999999999,-0.22175999999999998,-1.2153200000000002,-3.3264599999999995,33.0,25.6326,0,19.0,1641.0,51.0,-0.6536000000000023,0.007200000000000046,-0.9336000000000001,-0.08819999999999999,9.7674,12.160399999999996,-21.11619999999999,0,1,1,100.0
3,89.0,1,20.0,0.0,1,6,9.0697,-0.24069999999999997,-0.7306200000000003,-4.008729999999999,33.0,25.5281,0,19.0,1641.0,51.0,2.602399999999997,-0.038499999999999944,-0.9183,-0.1117,10.6755,14.907699999999998,-31.00699999999999,0,1,1,100.0
3,90.0,1,20.0,0.0,1,6,9.287,-0.246,-0.6172000000000001,-4.3103,33.0,25.491,0,19.0,1641.0,51.0,4.0440000000000005,-0.065,-0.913,-0.11699999999999999,10.755,15.337,-34.24,0,1,1,100.0
3,91.0,1,20.0,0.0,1,6,9.481300000000001,-0.25061,-0.5219499999999999,-4.55874,33.0,25.4631,0,19.0,1641.0,51.0,5.520100000000004,-0.08920000000000004,-0.9077000000000001,-0.1223,10.7011,15.5156,-37.1694,0,1,1,100.0
3,92.0,1,20.0,0.0,1,6,9.6456,-0.25432,-0.45040000000000047,-4.737879999999999,33.0,25.447200000000002,0,19.0,1641.0,51.0,7.041199999999991,-0.11039999999999986,-0.9024000000000001,-0.12759999999999996,10.4732,15.367200000000002,-39.70279999999998,0,1,1,100.0
3,93.0,1,20.0,0.0,1,6,9.75045,-0.256435,-0.3861000000000002,-4.883959999999999,33.0,25.429850000000002,0,19.0,1641.0,51.0,8.149049999999997,-0.12724999999999995,-0.8985500000000001,-0.13144999999999998,10.236600000000001,15.134700000000002,-41.3459,0,1,1,100.0
3,94.0,1,20.0,0.0,1,6,9.8061,-0.25723,-0.3278000000000001,-5.00268,33.0,25.4113,0,19.0,1641.0,51.0,8.914899999999998,-0.14049999999999999,-0.8959,-0.1341,9.992799999999999,14.832600000000001,-42.2522,0,1,1,100.0
3,95.0,1,20.0,0.0,1,6,9.86175,-0.258025,-0.2695,-5.1214,33.0,25.39275,0,19.0,1641.0,51.0,9.68075,-0.15375,-0.89325,-0.13675,9.748999999999999,14.5305,-43.158500000000004,0,1,1,100.0
3,96.0,1,20.0,0.0,1,6,9.917399999999999,-0.25882,-0.2112000000000005,-5.240119999999999,33.0,25.374200000000002,0,19.0,1641.0,51.0,10.446599999999993,-0.1669999999999999,-0.8906000000000001,-0.1394,9.505200000000002,14.228400000000002,-44.0648,0,1,1,100.0
3,97.0,1,20.0,0.0,1,6,10.04,-0.26141000000000003,-0.12003999999999987,-5.5721300000000005,33.0,25.33,0,19.0,1641.0,51.0,14.498300000000006,-0.22640000000000007,-0.88,-0.15,7.435299999999996,11.500299999999996,-46.6939,0,1,1,100.0
3,98.0,1,20.0,0.0,1,6,10.04,-0.26194,-0.09036000000000012,-5.67442,33.0,25.33,0,19.0,1641.0,51.0,15.892199999999995,-0.2475999999999999,-0.88,-0.15,6.550200000000004,10.350200000000006,-47.11259999999999,0,1,1,100.0
3,99.0,1,20.0,0.0,1,6,9.993,-0.26153000000000004,-0.018850000000000987,-5.729709999999999,33.0,25.3159,0,19.0,1641.0,51.0,17.163899999999984,-0.2687999999999997,-0.8753000000000001,-0.15,5.566400000000013,9.082600000000017,-46.9438,0,1,1,100.0
3,100.0,1,20.0,0.0,3,7,9.94,-0.261,0.058,-5.779,33.0,25.3,0,19.0,1641.0,51.0,18.42,-0.29,-0.87,-0.15,4.57,7.8,-46.7,0,1,1,100.0
4,0.0,1,20.0,0.0,0,1,5.34,-0.043,0.515,-2.296,33.0,25.83,0,19.0,1641.0,51.0,10.53,-0.2,-1.09,-0.01,0.6,6.08,-1.61,0,1,1,100.0
4,1.0,1,20.0,0.0,0,1,5.2509,-0.040569999999999995,0.45803,-2.00845,33.0,25.83,0,19.0,1641.0,51.0,10.3707,-0.1973,-1.0927,-0.01,0.5919,5.839700000000001,-0.827,0,1,1,100.0
4,2.0,1,20.0,0.0,0,1,5.1617999999999995,-0.03814,0.40106,-1.7208999999999999,33.0,25.83,0,19.0,1641.0,51.0,10.2114,-0.1946,-1.0954000000000002,-0.01,0.5838,5.5994,-0.0439999999999998,0,1,1,100.0
4,3.0,1,20.0,0.0,0,1,5.072699999999999,-0.03571,0.34408999999999995,-1.43335,33.0,25.83,0,19.0,1641.0,51.0,10.0521,-0.19190000000000002,-1.0981,-0.01,0.5757,5.359100000000001,0.7390000000000007,0,1,1,100.0
4,4.0,1,20.0,0.0,0,1,4.962,-0.034,0.304,-1.231,33.0,25.83,0,22.200000000000003,1641.0,51.0,9.880799999999999,-0.19,-1.1,-0.01,0.5443999999999999,4.9676,1.6724000000000003,0,1,1,100.0
4,5.0,1,20.0,0.0,0,1,4.8,-0.034,0.304,-1.231,33.0,25.83,0,33.0,1641.0,51.0,9.681000000000001,-0.19,-1.1,-0.01,0.45799999999999996,4.217,2.963,0,1,1,100.0
4,6.0,1,20.0,0.0,0,1,4.4096,-0.03376,0.3520000000000001,-0.9355599999999994,33.0,25.863599999999998,0,45.79999999999997,1641.0,51.0,9.3188,-0.18,-1.0976000000000001,-0.012400000000000007,0.13479999999999986,1.7759999999999991,6.112800000000001,0,1,1,100.0
4,7.0,1,20.0,0.0,0,1,4.2962,-0.03322,0.4600000000000001,-0.27081999999999945,33.0,25.9392,0,16.099999999999977,1641.0,51.0,9.2486,-0.18,-1.0922,-0.017800000000000003,0.010599999999999906,0.9119999999999995,7.041600000000001,0,1,1,100.0
4,8.0,1,20.0,0.0,0,1,4.1988,-0.033,0.34591999999999984,0.0,33.32,25.9572,0,4.0,1641.0,51.0,9.197600000000001,-0.18,-1.09,-0.02,-0.10720000000000006,0.1055999999999997,7.8584000000000005,0,1,1,100.0
4,9.0,1,20.0,0.0,0,1,4.1124,-0.033,0.07915999999999994,0.0,33.86,25.9356,0,4.0,1641.0,51.0,9.1598,-0.18,-1.09,-0.02,-0.22060000000000002,-0.6612,8.5982,0,1,1,100.0
4,10.0,1,20.0,0.0,0,1,4.042,-0.033,-0.035199999999999995,0.0,34.0,25.918,0,4.0,1641.0,51.0,9.13,-0.176,-1.086,-0.02,-0.322,-1.3199999999999998,9.177999999999999,0,1,1,100.0
4,11.0,1,20.0,0.0,0,1,3.9772000000000003,-0.033,-0.09622000000000006,0.0,34.0,25.901799999999998,0,4.0,1641.0,51.0,9.103,-0.1706,-1.0806,-0.02,-0.4192000000000001,-1.9410000000000005,9.7018,0,1,1,100.0
4,12.0,1,20.0,0.0,0,1,3.9508,-0.03276,-0.06747999999999992,0.0,34.0,25.9072,0,4.0,1641.0,51.0,9.0904,-0.17,-1.0776000000000001,-0.022400000000000007,-0.4708000000000001,-2.2044,9.8752,0,1,1,100.0
4,13.0,1,20.0,0.0,0,1,3.9292000000000002,-0.03249,-0.02751999999999998,0.0,34.0,25.9153,0,4.0,1641.0,51.0,9.0796,-0.17,-1.0749,-0.0251,-0.5167,-2.4231,10.0048,0,1,1,100.0
4,14.0,1,20.0,0.0,0,1,3.9076,-0.03222,0.01244000000000006,0.0,34.0,25.9234,0,4.0,1641.0,51.0,9.0688,-0.17,-1.0722,-0.027800000000000002,-0.5626000000000001,-2.6418000000000004,10.134400000000001,0,1,1,100.0
4,15.0,1,20.0,0.0,0,1,3.887,-0.0319,0.0702,0.0,34.0,25.93,0,4.0,1641.0,51.0,9.055,-0.17,-1.07,-0.03,-0.614,-2.8689999999999998,10.236,0,1,1,100.0
4,16.0,1,20.0,0.0,0,1,3.8708,-0.03136,0.20628000000000013,0.0,34.0,25.93,0,4.0,1641.0,51.0,9.028,-0.17,-1.07,-0.03,-0.6896000000000001,-3.1336000000000004,10.2144,0,1,1,100.0
4,17.0,1,20.0,0.0,0,1,3.8618,-0.030099999999999995,0.30294000000000004,0.0,34.0,25.93,0,4.0,1641.0,51.0,8.9992,-0.17,-1.0682,-0.03180000000000001,-0.7652000000000001,-3.3424000000000005,10.086599999999999,0,1,1,100.0
4,18.0,1,20.0,0.0,0,1,3.8672,-0.027399999999999997,0.32076000000000005,0.0,34.0,25.93,0,4.0,1641.0,51.0,8.9668,-0.17,-1.0628,-0.037200000000000004,-0.8408,-3.4396000000000004,9.7464,0,1,1,100.0
4,19.0,1,20.0,0.0,0,1,3.9282000000000004,-0.018399999999999993,0.5769200000000003,0.0,34.0,25.9222,0,4.0,1641.0,51.0,8.8162,-0.16,-1.0474,-0.04,-1.0616,-3.3702,7.897199999999998,0,1,1,100.0
4,20.0,1,20.0,0.0,0,1,3.966,-0.013,0.7886,0.0,34.0,25.906,0,4.0,1641.0,51.0,8.746,-0.16,-1.042,-0.04,-1.148,-3.246,6.936,0,1,1,100.0
4,21.0,1,20.0,0.0,0,1,4.014,-0.007599999999999994,0.8204199999999999,0.0,34.0,25.9,0,4.0,1641.0,51.0,8.652000000000001,-0.16,-1.04,-0.04340000000000001,-1.2412,-3.0878,5.784399999999999,0,1,1,100.0
4,22.0,1,20.0,0.0,0,1,4.0680000000000005,-0.0021999999999999897,0.7464399999999999,0.0,34.0,25.9,0,4.0,1641.0,51.0,8.543999999999999,-0.16,-1.04,-0.04880000000000002,-1.3384000000000003,-2.9095999999999997,4.520799999999998,0,1,1,100.0
4,23.0,1,20.0,0.0,0,1,4.1346,0.006140000000000006,1.0462600000000002,0.0,34.0,25.9,0,4.0,1641.0,51.0,8.4108,-0.1558,-1.0358,-0.05,-1.4482000000000002,-2.6978,3.0429999999999993,0,1,1,100.0
4,24.0,1,20.0,0.0,0,1,4.2048000000000005,0.01532000000000004,1.4528800000000017,0.0,34.0,25.9,0,4.0,1641.0,51.0,8.270399999999999,-0.15039999999999998,-1.0304,-0.05,-1.5616000000000005,-2.476399999999999,1.5039999999999933,0,1,1,100.0
4,25.0,1,20.0,0.5,0,1,4.279999999999999,0.027,1.606,0.0,34.0,25.915,0,4.5,1641.0,51.0,8.09,-0.14500000000000002,-1.03,-0.05,-1.665,-2.225,-0.29999999999999993,0,1,1,100.0
4,26.0,1,20.0,1.0,0,1,4.356,0.03908000000000002,1.7324400000000002,0.0,34.0,25.9288,0,5.0,1641.0,51.0,7.9032,-0.1396,-1.0296,-0.05040000000000001,-1.7672,-1.9699999999999998,-2.1480000000000024,0,1,1,100.0
4,27.0,1,20.0,1.0,0,1,4.437,0.05366000000000003,1.77888,0.0,34.0,25.912599999999998,0,5.0,1641.0,51.0,7.676399999999999,-0.13419999999999999,-1.0242,-0.05580000000000001,-1.8644000000000003,-1.6999999999999995,-4.281000000000005,0,1,1,100.0
4,28.0,1,20.0,1.0,0,1,4.518000000000001,0.06812000000000004,1.7728799999999993,0.0,34.0,25.903599999999997,0,5.0,1641.0,51.0,7.438799999999999,-0.13,-1.02,-0.06,-1.9580000000000002,-1.4287999999999992,-6.481200000000008,0,1,1,100.0
4,29.0,1,20.0,1.0,0,1,4.599,0.08216000000000005,1.583339999999999,0.0,34.0,25.9198,0,5.0,1641.0,51.0,7.163399999999999,-0.13,-1.02,-0.06,-2.039,-1.1533999999999989,-8.91660000000001,0,1,1,100.0
4,30.0,1,20.0,1.0,0,1,4.664000000000001,0.0926,1.3322,0.0,34.0,25.93,0,5.0,1641.0,51.0,6.9270000000000005,-0.128,-1.02,-0.06,-2.102,-0.9299999999999999,-10.934999999999999,0,1,1,100.0
4,31.0,1,20.0,1.0,0,1,4.7018,0.09692,0.9763399999999995,0.0,34.0,25.93,0,5.0,1641.0,51.0,6.7569,-0.1226,-1.02,-0.06,-2.1344,-0.7949999999999998,-12.2445,0,1,1,100.0
4,32.0,1,20.0,1.0,0,1,4.7396,0.10124000000000001,0.6204799999999993,0.0,34.0,25.93,0,5.0,1641.0,51.0,6.5868,-0.11719999999999998,-1.02,-0.06,-2.1668,-0.6599999999999997,-13.554000000000004,0,1,1,100.0
4,33.0,1,20.0,1.0,0,1,4.7774,0.10556000000000001,0.26461999999999886,0.0,34.0,25.93,0,5.0,1641.0,51.0,6.4167,-0.11179999999999998,-1.02,-0.06,-2.1992000000000003,-0.5249999999999996,-14.863500000000005,0,1,1,100.0
4,34.0,1,20.0,1.0,0,1,4.9596,0.10031999999999996,-0.5597200000000024,0.0,34.0,25.9192,0,5.0,1641.0,51.0,5.221599999999998,-0.09279999999999995,-1.02,-0.07,-2.2411999999999996,0.0716000000000007,-21.155200000000008,0,1,1,100.0
4,35.0,1,20.0,1.0,0,1,5.019,0.0933,-1.1143,0.0,34.0,25.903,0,5.0,1641.0,51.0,4.714,-0.082,-1.02,-0.07,-2.198,0.239,-23.083000000000002,0,1,1,100.0
4,36.0,1,20.0,1.0,0,1,5.0608,0.08231999999999999,-1.2781600000000002,0.0,34.0,25.9132,0,5.0,1641.0,51.0,4.153599999999999,-0.07119999999999999,-1.02,-0.07,-2.0755999999999997,0.37560000000000016,-24.2936,0,1,1,100.0
4,37.0,1,20.0,1.0,0,1,5.098599999999999,0.07043999999999997,-1.3532200000000003,0.0,34.0,25.9294,0,5.0,1641.0,51.0,3.5811999999999986,-0.060399999999999975,-1.02,-0.07,-1.9351999999999996,0.5052000000000003,-25.3412,0,1,1,100.0
4,38.0,1,20.0,1.0,6,2,5.1208,0.05803999999999996,-1.4516800000000003,0.0,34.0,25.93,0,5.0,1641.0,51.0,2.9827999999999983,-0.049599999999999964,-1.02,-0.07520000000000002,-1.6959999999999993,0.6296000000000004,-25.354,0,1,1,100.0
4,39.0,1,20.0,0.9399999999999977,6,2,5.14,0.04657999999999998,-1.5570400000000006,0.018840000000000714,34.0,25.9282,0,5.720000000000027,1641.0,51.0,2.3851999999999975,-0.03879999999999995,-1.0206,-0.08,-1.4427999999999985,0.7526000000000005,-25.206399999999995,0,1,1,100.0
4,40.0,1,20.0,0.39999999999999997,6,2,5.14,0.0428,-1.7104000000000001,0.18839999999999998,34.0,25.912,0,12.2,1641.0,51.0,1.802,-0.028,-1.026,-0.08,-1.108,0.866,-24.093999999999998,0,1,1,100.0
4,41.0,1,20.0,0.0,6,2,5.133,0.03705999999999999,-1.7586199999999999,0.3380800000000001,34.0,25.9,0,17.0,1641.0,51.0,1.2285999999999995,-0.018599999999999995,-1.03,-0.08,-0.7437999999999996,0.9752000000000001,-22.719799999999996,0,1,1,100.0
4,42.0,1,20.0,0.0,6,2,5.106,0.025719999999999976,-1.5064399999999996,0.4309600000000002,34.0,25.9,0,17.0,1641.0,51.0,0.6831999999999988,-0.01319999999999999,-1.03,-0.08,-0.2955999999999991,1.0724,-20.597599999999996,0,1,1,100.0
4,43.0,1,20.0,0.0,6,2,5.0801,0.017349999999999987,-1.3235599999999996,0.5939100000000008,34.0,25.895599999999998,0,17.0,1641.0,51.0,0.2620999999999992,-0.007799999999999983,-1.0311000000000001,-0.0811,0.08550000000000091,1.1333,-18.729499999999994,0,1,1,100.0
4,44.0,1,20.0,0.0,6,2,5.0558,0.013299999999999982,-1.2414799999999997,0.8587800000000011,34.0,25.8848,0,17.0,1641.0,51.0,0.02179999999999899,-0.0023999999999999772,-1.0338,-0.08380000000000001,0.3690000000000012,1.1414,-17.230999999999995,0,1,1,100.0
4,45.0,1,20.0,0.0,6,2,5.031499999999999,0.009249999999999979,-1.1593999999999995,1.1236500000000014,34.0,25.874,0,17.0,1641.0,51.0,-0.21850000000000125,0.0030000000000000287,-1.0365,-0.08650000000000001,0.6525000000000015,1.1495,-15.732499999999991,0,1,1,100.0
4,46.0,1,20.0,0.0,6,2,5.0072,0.0051999999999999946,-1.0773199999999998,1.3885200000000004,34.0,25.8632,0,17.0,1641.0,51.0,-0.4588000000000002,0.008400000000000006,-1.0392000000000001,-0.0892,0.9360000000000004,1.1576,-14.233999999999998,0,1,1,100.0
4,47.0,1,20.0,0.38000000000000117,6,2,4.9506,-0.0013200000000000158,-0.9420399999999997,1.806340000000001,34.0,25.848599999999998,0,17.380000000000003,1641.0,51.0,-0.8302000000000009,0.013800000000000012,-1.04,-0.09,1.4912000000000014,1.0345999999999995,-11.171799999999992,0,1,1,100.0
4,48.0,1,20.0,0.9200000000000046,6,2,4.8804,-0.008880000000000063,-0.7843599999999987,2.288560000000004,34.0,25.8324,0,17.920000000000005,1641.0,51.0,-1.2568000000000037,0.019200000000000047,-1.04,-0.09,2.1608000000000054,0.8563999999999985,-7.451199999999969,0,1,1,100.0
4,49.0,1,20.0,0.5399999999999977,6,2,4.791799999999999,-0.015060000000000025,-0.7269599999999998,2.755600000000002,34.0,25.7978,0,17.54,1641.0,51.0,-1.6282000000000016,0.029200000000000045,-1.0446,-0.09,2.8442000000000025,0.4895999999999983,-3.2613999999999823,0,1,1,100.0
4,50.0,1,20.0,0.0,6,2,4.7,-0.021,-0.687,3.22,34.0,25.76,0,17.0,1641.0,51.0,-1.99,0.04,-1.05,-0.09,3.53,0.09,1.01,0,1,1,100.0
4,51.0,1,20.0,0.5400000000000035,6,2,4.592,-0.022080000000000006,-0.2387999999999972,2.881419999999998,34.0,25.76,0,17.540000000000003,1641.0,51.0,-2.3032000000000017,0.04540000000000004,-1.0554000000000001,-0.09,4.1456000000000035,-0.47160000000000357,5.6432000000000295,0,1,1,100.0
4,52.0,1,20.0,1.0,6,2,4.2732,-0.015439999999999992,0.50248,1.449999999999999,34.0,25.8632,0,18.0,1641.0,51.0,-3.0664000000000002,0.06,-1.0816000000000001,-0.09,5.604,-2.2152000000000016,19.31040000000001,0,1,1,100.0
4,53.0,1,20.0,1.0,6,2,4.159799999999999,-0.011659999999999967,0.5057200000000001,1.0314999999999965,34.0,25.8848,0,18.0,1641.0,51.0,-3.2446000000000015,0.06,-1.0924000000000003,-0.09,5.9010000000000025,-2.8578000000000054,24.24060000000004,0,1,1,100.0
4,54.0,1,20.0,1.0,6,2,4.047999999999999,-0.008199999999999989,0.4679999999999994,0.6408399999999986,34.0,25.9,0,18.0,1641.0,51.0,-3.3924000000000003,0.06160000000000002,-1.1032000000000002,-0.08839999999999998,6.137200000000001,-3.4892000000000025,29.162800000000022,0,1,1,100.0
4,55.0,1,20.0,1.0,6,2,3.94,-0.0055,0.333,0.31629999999999997,34.0,25.9,0,18.0,1641.0,51.0,-3.468,0.067,-1.114,-0.083,6.229,-4.093999999999999,34.066,0,1,1,100.0
4,56.0,1,20.0,1.0,6,2,3.8367999999999993,-0.00327999999999999,0.25848,0.01191999999999824,34.0,25.9,0,18.0,1641.0,51.0,-3.4931999999999994,0.07,-1.1248,-0.08,6.231999999999999,-4.674800000000003,38.89960000000003,0,1,1,100.0
4,57.0,1,20.0,1.0,6,2,3.7396,-0.0016599999999999965,0.25956,-0.2672600000000006,34.0,25.9,0,18.0,1641.0,51.0,-3.4554,0.07,-1.1356,-0.08,6.124,-5.225600000000001,43.64620000000001,0,1,1,100.0
4,58.0,1,20.0,1.0,6,2,3.6583999999999994,-3.999999999998629e-05,0.25647999999999993,-0.4824400000000014,34.0,25.9,0,18.0,1641.0,51.0,-3.3503999999999987,0.06679999999999996,-1.1432,-0.08,5.919999999999998,-5.766800000000004,48.20080000000004,0,1,1,100.0
4,59.0,1,20.0,1.0,6,2,3.5881999999999996,0.001580000000000007,0.25054,-0.6536200000000006,34.0,25.9,0,18.0,1641.0,51.0,-3.1991999999999994,0.061399999999999975,-1.1485999999999998,-0.08,5.649999999999999,-6.301400000000003,52.62340000000002,0,1,1,100.0
4,60.0,1,20.0,1.0,6,2,3.542,0.0024000000000000002,0.1582,-0.5828,34.0,25.9,0,18.0,1641.0,51.0,-2.996,0.06,-1.154,-0.076,5.292,-6.848,56.582,0,1,1,100.0
4,61.0,1,20.0,1.0,6,2,3.5041999999999995,0.0029400000000000034,0.035619999999999215,-0.427279999999999,34.0,25.9,0,18.0,1641.0,51.0,-2.7745999999999986,0.06,-1.1594,-0.07059999999999997,4.903199999999998,-7.398800000000003,60.37820000000002,0,1,1,100.0
4,62.0,1,20.0,1.0,6,2,3.4984,0.0028399999999999996,0.02264,-0.39415999999999995,34.0,25.9,0,18.0,1641.0,51.0,-2.6763999999999997,0.058399999999999994,-1.16,-0.07,4.7336,-7.652,61.647999999999996,0,1,1,100.0
4,63.0,1,20.0,1.0,6,2,3.4966,0.0026599999999999987,0.023360000000000006,-0.37633999999999984,34.0,25.9,0,18.0,1641.0,51.0,-2.5935999999999995,0.056599999999999984,-1.16,-0.07,4.591399999999999,-7.868000000000002,62.602000000000004,0,1,1,100.0
4,64.0,1,20.0,1.0,6,2,3.4948,0.002479999999999999,0.02408,-0.3585199999999999,34.0,25.9,0,18.0,1641.0,51.0,-2.5107999999999997,0.054799999999999995,-1.16,-0.07,4.449199999999999,-8.084000000000001,63.556,0,1,1,100.0
4,65.0,1,20.0,1.0,6,2,3.4930000000000003,0.0023,0.0248,-0.3407,34.0,25.9,0,18.0,1641.0,51.0,-2.428,0.053,-1.16,-0.07,4.307,-8.3,64.50999999999999,0,1,1,100.0
4,66.0,1,20.0,1.0,6,2,3.4912,0.002119999999999999,0.025520000000000004,-0.3228799999999999,34.0,25.9,0,18.0,1641.0,51.0,-2.3451999999999993,0.05119999999999999,-1.16,-0.07,4.1648,-8.516000000000002,65.464,0,1,1,100.0
4,67.0,1,20.0,0.8199999999999988,6,2,3.7668000000000004,-0.0011800000000000011,-0.15081999999999998,0.34894000000000014,34.0,25.9,0,17.82,1641.0,51.0,-1.5211999999999999,0.03,-1.1363999999999999,-0.05819999999999999,2.5735999999999994,-12.233800000000002,69.34939999999999,0,1,1,100.0
4,68.0,1,20.0,0.2799999999999954,6,2,3.9072000000000013,-0.0017200000000000045,-0.15028,0.42076000000000063,34.0,25.9,0,17.279999999999994,1641.0,51.0,-1.4347999999999992,0.03,-1.1256,-0.05279999999999996,2.314399999999998,-13.265200000000009,68.17759999999998,0,1,1,100.0
4,69.0,1,20.0,0.2600000000000023,6,2,4.0684000000000005,-0.0025200000000000044,-0.1359599999999999,0.5050600000000004,34.0,25.9,0,17.26,1641.0,51.0,-1.3978,0.03,-1.1122,-0.05,2.1045999999999996,-14.260200000000005,66.32459999999999,0,1,1,100.0
4,70.0,1,20.0,0.8,6,2,4.252000000000001,-0.0036,-0.1068,0.6028,34.0,25.9,0,17.8,1641.0,51.0,-1.414,0.03,-1.096,-0.05,1.948,-15.216000000000001,63.738,0,1,1,100.0
4,71.0,1,20.0,1.0,6,2,4.368733333333334,-0.004113333333333334,-0.08659333333333324,0.6462533333333335,34.0,25.9,0,18.0,1641.0,51.0,-1.4415333333333336,0.03,-1.0866,-0.048866666666666655,1.877533333333333,-15.707133333333335,61.974199999999996,0,1,1,100.0
4,72.0,1,20.0,1.0,6,2,4.446133333333334,-0.004293333333333334,-0.0716533333333333,0.6577733333333333,34.0,25.9,0,18.0,1641.0,51.0,-1.4757333333333333,0.03,-1.0812000000000002,-0.047066666666666666,1.8577333333333332,-15.924933333333334,60.6944,0,1,1,100.0
4,73.0,1,20.0,1.0,6,2,4.523533333333334,-0.004473333333333335,-0.056713333333333206,0.6692933333333334,34.0,25.9,0,18.0,1641.0,51.0,-1.5099333333333336,0.03,-1.0758,-0.045266666666666656,1.8379333333333332,-16.142733333333336,59.41459999999999,0,1,1,100.0
4,74.0,1,20.0,1.0,6,2,4.600933333333334,-0.004653333333333334,-0.04177333333333327,0.6808133333333334,34.0,25.9,0,18.0,1641.0,51.0,-1.5441333333333336,0.03,-1.0704,-0.04346666666666666,1.8181333333333332,-16.360533333333336,58.1348,0,1,1,100.0
4,75.0,1,20.0,1.0,6,2,4.678333333333334,-0.004833333333333334,-0.02683333333333333,0.6923333333333334,34.0,25.9,0,18.0,1641.0,51.0,-1.5783333333333334,0.03,-1.065,-0.04166666666666667,1.7983333333333333,-16.578333333333333,56.855000000000004,0,1,1,100.0
4,76.0,1,20.0,1.0,6,2,4.770400000000001,-0.005,-0.009399999999999693,0.6974399999999995,34.0,25.9,0,18.0,1641.0,51.040000000000006,-1.6224000000000012,0.03,-1.0588,-0.04,1.7824000000000002,-16.7892,55.31079999999997,0,1,1,100.0
4,77.0,1,20.0,1.0,1,5,5.045800000000001,-0.005,0.039200000000000096,0.6223799999999998,34.0,25.9,0,18.0,1641.0,51.58,-1.7898000000000003,0.03,-1.0426,-0.04,1.8148000000000002,-16.913400000000003,50.46159999999999,0,1,1,100.0
4,78.0,1,20.0,0.0,1,5,5.914400000000002,-0.009680000000000178,-0.3357600000000153,0.30239999999999206,34.0,25.8252,0,19.0,1641.0,52.0,-2.2008000000000005,0.04,-0.9963999999999998,-0.04,2.049600000000001,-15.319999999999986,35.150799999999954,0,1,1,100.0
4,79.0,1,20.0,0.0,1,5,6.249200000000001,-0.030740000000000087,-2.1571800000000074,-0.6453000000000039,34.0,25.8036,0,19.0,1641.0,52.0,-2.2494,0.04,-0.9802,-0.04,2.2278000000000007,-13.699999999999992,29.394399999999976,0,1,1,100.0
4,80.0,1,20.0,0.0,1,5,7.252,-0.0984,-2.6524,-2.1928,34.0,25.7,0,19.0,1641.0,52.0,-1.9060000000000001,0.028,-0.938,-0.042,3.184,-7.182,13.404,0,1,1,100.0
4,81.0,1,20.0,0.0,1,5,7.608400000000002,-0.11838000000000012,-2.4077799999999985,-2.6053600000000023,34.0,25.646,0,19.0,1641.0,52.0,-1.5441999999999978,0.022599999999999967,-0.9326,-0.04740000000000004,3.7348000000000035,-4.325399999999982,8.122799999999966,0,1,1,100.0
4,82.0,1,20.0,0.0,1,5,7.871,-0.13206,-2.2132799999999997,-2.8794600000000004,34.0,25.6144,0,19.0,1641.0,52.0,-1.2103999999999995,0.01719999999999999,-0.9272,-0.05140000000000001,4.183400000000001,-2.186999999999997,4.328399999999995,0,1,1,100.0
4,83.0,1,20.0,0.0,1,5,8.046500000000002,-0.13989000000000007,-2.065319999999999,-3.024990000000001,34.0,25.6036,0,19.0,1641.0,52.0,-0.9025999999999974,0.011799999999999955,-0.9218,-0.05410000000000002,4.537100000000002,-0.7154999999999876,1.91459999999998,0,1,1,100.0
4,84.0,1,20.0,0.0,1,6,8.222000000000001,-0.14772000000000005,-1.9173599999999995,-3.1705200000000007,34.0,25.5928,0,19.0,1641.0,52.0,-0.5947999999999987,0.006399999999999978,-0.9164,-0.05680000000000001,4.890800000000001,0.7560000000000063,-0.49920000000000947,0,1,1,100.0
4,85.0,1,20.0,0.0,1,6,8.3975,-0.15555000000000008,-1.7693999999999985,-3.3160500000000015,34.0,25.581999999999997,0,19.0,1641.0,52.0,-0.2869999999999967,0.0009999999999999432,-0.9109999999999999,-0.059500000000000025,5.244500000000003,2.2275000000000156,-2.9130000000000242,0,1,1,100.0
4,86.0,1,20.0,0.0,1,6,9.2908,-0.18416000000000005,-0.9606399999999978,-4.521840000000003,34.0,25.4484,0,19.0,1641.0,52.0,2.1792000000000065,-0.033200000000000104,-0.8956,-0.07440000000000004,7.352800000000005,9.102800000000013,-14.443200000000024,0,1,1,100.0
4,87.0,1,20.0,0.0,1,6,9.5986,-0.19172000000000003,-0.6128799999999993,-4.9192800000000005,34.0,25.3728,0,19.0,1641.0,52.0,3.2214000000000023,-0.049400000000000034,-0.8902,-0.07980000000000001,8.092600000000001,11.192600000000004,-18.239400000000007,0,1,1,100.0
4,88.0,1,20.0,0.0,1,6,9.864800000000002,-0.19772000000000006,-0.6592800000000005,-5.174760000000003,34.0,25.3336,0,19.0,1641.0,52.0,4.38840000000001,-0.06560000000000014,-0.89,-0.09040000000000009,8.718000000000005,12.585600000000012,-21.515600000000028,0,1,1,100.0
4,89.0,1,20.0,0.0,1,6,10.125200000000001,-0.20342000000000002,-0.6967199999999993,-5.425380000000001,34.0,25.2958,0,19.0,1641.0,52.0,5.568600000000005,-0.0824000000000001,-0.8894,-0.10060000000000002,9.309600000000001,13.866000000000003,-24.714200000000012,0,1,1,100.0
4,90.0,1,20.0,0.0,1,6,10.352000000000002,-0.20720000000000005,-0.5411999999999983,-5.680800000000003,34.0,25.258,0,19.0,1641.0,52.0,6.816000000000013,-0.10400000000000023,-0.8839999999999999,-0.10600000000000007,9.666000000000004,14.460000000000006,-27.45200000000003,0,1,1,100.0
4,91.0,1,20.0,0.0,1,6,10.5662,-0.21042,-0.3732199999999987,-5.958060000000002,34.0,25.2146,0,19.0,1641.0,52.0,8.067600000000008,-0.12560000000000013,-0.88,-0.11280000000000007,9.93,14.8818,-30.054000000000013,0,1,1,100.0
4,92.0,1,20.0,0.0,1,6,10.7444,-0.21204,-0.16963999999999957,-6.297720000000001,34.0,25.1552,0,19.0,1641.0,52.0,9.331200000000003,-0.14720000000000005,-0.88,-0.12360000000000003,9.93,14.8116,-32.268,0,1,1,100.0
4,93.0,1,20.0,0.0,1,6,10.8764,-0.213,-0.04547999999999993,-6.53706,34.0,25.1123,0,19.0,1641.0,52.0,10.331900000000005,-0.16330000000000008,-0.8789,-0.13110000000000002,9.855199999999998,14.656699999999997,-33.926500000000004,0,1,1,100.0
4,94.0,1,20.0,0.0,1,6,10.9412,-0.213,-0.03683999999999996,-6.63048,34.0,25.0934,0,19.0,1641.0,52.0,10.950200000000002,-0.17140000000000002,-0.8762,-0.13380000000000003,9.6716,14.378599999999999,-34.777,0,1,1,100.0
4,95.0,1,20.0,0.0,1,6,11.006,-0.213,-0.0282,-6.7238999999999995,34.0,25.0745,0,19.0,1641.0,52.0,11.5685,-0.1795,-0.8734999999999999,-0.1365,9.488,14.1005,-35.6275,0,1,1,100.0
4,96.0,1,20.0,0.0,1,6,11.0708,-0.213,-0.019559999999999855,-6.817320000000001,34.0,25.055600000000002,0,19.0,1641.0,52.0,12.18680000000001,-0.18760000000000013,-0.8707999999999999,-0.13920000000000005,9.304399999999998,13.822399999999995,-36.47800000000001,0,1,1,100.0
4,97.0,1,20.0,0.0,1,6,11.2528,-0.21161999999999997,0.06152000000000037,-7.107580000000001,34.0,24.9686,0,19.0,1641.0,52.0,15.302000000000014,-0.24140000000000023,-0.87,-0.15380000000000008,7.210799999999987,11.231999999999985,-39.43120000000001,0,1,1,100.0
4,98.0,1,20.0,0.0,1,6,11.2852,-0.21108,0.09068000000000025,-7.183720000000001,34.0,24.9524,0,19.0,1641.0,52.0,16.32800000000001,-0.25760000000000016,-0.87,-0.15920000000000004,6.217199999999992,10.09799999999999,-40.10080000000001,0,1,1,100.0
4,99.0,1,20.0,0.0,1,6,11.2716,-0.20731999999999998,0.5393600000000022,-7.932380000000004,34.0,24.788999999999998,0,19.0,1641.0,52.0,17.124000000000002,-0.27380000000000004,-0.8746,-0.16,5.232799999999996,9.152599999999996,-40.135600000000004,0,1,1,100.0
4,100.0,1,20.0,0.0,3,7,11.25,-0.203,1.061,-8.798,34.0,24.6,0,19.0,1641.0,52.0,17.88,-0.29,-0.88,-0.16,4.25,8.24,-40.06,0,1,1,100.0
5,0.0,1,20.0,0.0,0,1,8.6,-0.095,0.805,-2.733,34.0,25.79,0,19.0,1641.0,52.0,16.76,-0.32,-1.07,0.01,-0.48,8.68,1.15,0,1,1,100.0
5,1.0,1,20.0,0.0,0,1,8.430399999999999,-0.08546,1.20356,-1.87758,34.0,25.79,0,19.0,1641.0,52.0,16.6328,-0.32,-1.0753000000000001,0.0153,-0.8668999999999999,7.514,2.6234,0,1,1,100.0
5,2.0,1,20.0,0.0,0,1,8.261999999999999,-0.077,1.557,-1.119,34.0,25.79,0,20.2,1641.0,52.0,16.5074,-0.3194,-1.0794000000000001,0.0194,-1.2513999999999998,6.325200000000001,4.017,0,1,1,100.0
5,3.0,1,20.0,0.0,0,1,8.103,-0.077,1.557,-1.119,34.0,25.79,0,30.799999999999997,1641.0,52.0,16.3961,-0.3141,-1.0741,0.014100000000000001,-1.6170999999999998,4.957800000000001,4.7855,0,1,1,100.0
5,4.0,1,20.0,0.0,0,1,7.965000000000001,-0.077,1.557,-1.119,34.0,25.79,0,40.2,1641.0,52.0,16.294999999999998,-0.31,-1.07,0.01,-1.9329999999999998,3.7404,5.4106,0,1,1,100.0
5,5.0,1,20.0,0.0,0,1,7.898750000000001,-0.077,1.557,-1.119,34.0,25.79,0,45.5,1641.0,52.0,16.228749999999998,-0.31,-1.07,0.01,-2.07875,3.0355,5.54575,0,1,1,100.0
5,6.0,1,20.0,0.0,0,1,7.8325000000000005,-0.077,1.557,-1.119,34.0,25.79,0,50.8,1641.0,52.0,16.162499999999998,-0.31,-1.07,0.01,-2.2245,2.3306,5.680899999999999,0,1,1,100.0
5,7.0,1,20.0,0.0,0,1,7.76625,-0.077,1.557,-1.119,34.0,25.79,0,56.1,1641.0,52.0,16.096249999999998,-0.31,-1.07,0.01,-2.37025,1.6256999999999997,5.81605,0,1,1,100.0
5,8.0,1,20.0,0.0,0,1,7.484,-0.052,6.104160000000001,0.0,34.0,25.9228,0,5.0,1641.0,52.0,15.6908,-0.2976,-1.0676,0.0,-2.8556,-1.6699999999999997,5.581200000000001,0,1,1,100.0
5,9.0,1,20.0,0.0,0,1,7.4045,-0.052,1.9616800000000032,0.0,34.0,25.9069,0,5.0,1641.0,52.0,15.5159,-0.2923,-1.0623,0.0,-2.9563,-2.729999999999999,5.2526,0,1,1,100.0
5,10.0,1,20.0,0.0,0,1,7.337,-0.0514,0.1706,0.0,34.0,25.9,0,5.0,1641.0,52.0,15.329,-0.287,-1.06,-0.003,-3.018,-3.634,4.825,0,1,1,100.0
5,11.0,1,20.0,0.0,0,1,7.2787,-0.05034,0.18226,0.0,34.0,25.9,0,5.0,1641.0,52.0,15.132900000000001,-0.2817,-1.06,-0.008299999999999997,-3.0498,-4.418399999999999,4.3215,0,1,1,100.0
5,12.0,1,20.0,0.0,0,1,7.2348,-0.048560000000000006,0.2507999999999999,0.0,34.0,25.9,0,5.0,1641.0,52.0,14.9224,-0.27640000000000003,-1.0564,-0.01,-3.0564,-5.0084,3.7028000000000008,0,1,1,100.0
5,13.0,1,20.0,0.0,0,1,7.1977,-0.04644,0.34619999999999984,0.0,34.0,25.9,0,5.0,1641.0,52.0,14.7051,-0.2711,-1.0511000000000001,-0.01,-3.0511,-5.5066,3.0297000000000014,0,1,1,100.0
5,14.0,1,20.0,0.0,0,1,7.1816,-0.04264,0.43320000000000003,0.0,34.0,25.9,0,5.0,1641.0,52.0,14.475200000000001,-0.26580000000000004,-1.0458,-0.014200000000000003,-3.029,-5.8242,2.2221999999999995,0,1,1,100.0
5,15.0,1,20.0,0.0,0,1,7.171,-0.0384,0.518,0.0,34.0,25.9,0,5.0,1641.0,52.0,14.242,-0.2605,-1.0405,-0.0195,-3.0025,-6.0945,1.3795000000000002,0,1,1,100.0
5,16.0,1,20.0,0.0,0,1,7.1748,-0.03632,0.47608000000000006,0.0,34.0,25.9,0,5.0,1641.0,52.0,14.1096,-0.2576,-1.04,-0.02,-2.9904,-6.1584,0.8416000000000003,0,1,1,100.0
5,17.0,1,20.0,0.0,0,1,7.1801,-0.034465,0.42096000000000006,0.0,34.0,25.9,0,5.0,1641.0,52.0,13.9877,-0.25495,-1.04,-0.02,-2.9798,-6.2008,0.3354500000000006,0,1,1,100.0
5,18.0,1,20.0,0.0,0,1,7.1854000000000005,-0.03261,0.3658400000000001,0.0,34.0,25.9,0,5.0,1641.0,52.0,13.8658,-0.2523,-1.04,-0.02,-2.9692,-6.2432,-0.17069999999999916,0,1,1,100.0
5,19.0,1,20.0,0.07000000000000028,0,1,7.1928,-0.03058,0.32444,0.0,34.0,25.9,0,5.07,1641.0,52.0,13.7243,-0.2493,-1.0393000000000001,-0.020700000000000003,-2.9586,-6.2716,-0.7619000000000006,0,1,1,100.0
5,20.0,1,20.0,0.6000000000000001,0,1,7.214,-0.0274,0.3732,0.0,34.0,25.9,0,5.6,1641.0,52.0,13.454,-0.244,-1.034,-0.026,-2.948,-6.208,-1.912,0,1,1,100.0
5,21.0,1,20.0,1.0,0,1,7.2345500000000005,-0.024480000000000002,0.43203499999999995,0.0,34.0,25.9,0,6.0,1641.0,52.0,13.2136,-0.23935,-1.02935,-0.03,-2.93935,-6.13725,-2.9340499999999996,0,1,1,100.0
5,22.0,1,20.0,1.0,0,1,7.2531,-0.022360000000000005,0.5218699999999998,0.0,34.0,25.9,0,6.0,1641.0,52.0,13.0652,-0.2367,-1.0267,-0.03,-2.9367,-6.0445,-3.562099999999999,0,1,1,100.0
5,23.0,1,20.0,1.0,0,1,7.27165,-0.020240000000000005,0.6117049999999998,0.0,34.0,25.9,0,6.0,1641.0,52.0,12.9168,-0.23405,-1.0240500000000001,-0.03,-2.93405,-5.95175,-4.190149999999999,0,1,1,100.0
5,24.0,1,20.0,1.0,0,1,7.2902,-0.018120000000000004,0.7015399999999998,0.0,34.0,25.9,0,6.0,1641.0,52.0,12.7684,-0.23140000000000002,-1.0214,-0.03,-2.9314,-5.859,-4.818199999999999,0,1,1,100.0
5,25.0,1,20.0,1.0,0,1,7.5025,0.01525,1.123,0.0,34.0,25.9225,0,6.0,1641.0,52.0,11.2575,-0.205,-1.02,-0.04,-2.8275,-4.48,-11.1625,0,1,1,100.0
5,26.0,1,20.0,1.0,0,1,7.5502,0.024259999999999973,1.1060400000000001,0.0,34.0,25.906599999999997,0,6.0,1641.0,52.0,10.891800000000002,-0.19440000000000004,-1.02,-0.04,-2.7798,-4.098400000000002,-12.694199999999995,0,1,1,100.0
5,27.0,1,20.0,1.0,0,1,7.5979,0.03419999999999999,1.1331,0.0,34.0,25.9,0,6.0,1641.0,52.0,10.5137,-0.1869,-1.02,-0.04309999999999999,-2.7197,-3.7199000000000004,-14.2724,0,1,1,100.0
5,28.0,1,20.0,1.0,0,1,7.6456,0.04480000000000001,1.1914,0.0,34.0,25.9,0,6.0,1641.0,52.0,10.1268,-0.18159999999999998,-1.02,-0.048400000000000006,-2.6508,-3.3435999999999995,-15.883600000000003,0,1,1,100.0
5,29.0,1,20.0,1.0,0,1,7.6859,0.05465999999999998,1.2752299999999999,0.0,34.0,25.9,0,6.0,1641.0,52.0,9.7325,-0.1763,-1.02,-0.05,-2.5671,-2.982100000000001,-17.539199999999997,0,1,1,100.0
5,30.0,1,20.0,1.0,0,1,7.723000000000001,0.06420000000000001,1.3700999999999999,0.0,34.0,25.9,0,6.0,1641.0,52.0,9.334999999999999,-0.171,-1.02,-0.05,-2.477,-2.6270000000000002,-19.214000000000002,0,1,1,100.0
5,31.0,1,20.0,1.0,0,1,7.7515,0.07158999999999997,0.9790700000000016,0.0,34.0,25.9,0,6.0,1641.0,52.0,8.911700000000002,-0.16140000000000004,-1.02,-0.05,-2.3783000000000003,-2.302000000000001,-20.841499999999996,0,1,1,100.0
5,32.0,1,20.0,1.0,0,1,7.7780000000000005,0.07848,0.4750400000000005,0.0,34.0,25.9,0,6.0,1641.0,52.0,8.4824,-0.15080000000000002,-1.02,-0.05,-2.2776,-1.9840000000000002,-22.458,0,1,1,100.0
5,33.0,1,20.0,1.0,0,1,7.78735,0.079,0.29171499999999984,0.0,34.0,25.9,0,6.0,1641.0,52.0,8.2295,-0.14509999999999998,-1.02,-0.052450000000000004,-2.2112,-1.8350499999999998,-23.1974,0,1,1,100.0
5,34.0,1,20.0,1.0,6,2,7.7953,0.079,0.13457000000000036,0.0,34.0,25.9,0,6.0,1641.0,52.0,7.991,-0.1398,-1.02,-0.055099999999999996,-2.1476,-1.6999000000000002,-23.865199999999998,0,1,1,100.0
5,35.0,1,20.0,1.0,6,2,7.803249999999999,0.079,-0.02257499999999999,0.0,34.0,25.9,0,6.0,1641.0,52.0,7.7524999999999995,-0.1345,-1.02,-0.05775,-2.0839999999999996,-1.5647499999999999,-24.533,0,1,1,100.0
5,36.0,1,20.0,0.9200000000000017,6,2,7.8092,0.079,-0.14848000000000017,0.004559999999999903,34.0,25.9,0,6.879999999999981,1641.0,52.0,7.4700000000000015,-0.1292,-1.02,-0.06,-2.0052000000000003,-1.3948000000000012,-25.2096,0,1,1,100.0
5,37.0,1,20.0,0.3900000000000005,6,2,7.8039,0.079,-0.09866000000000005,0.03476999999999997,34.0,25.9,0,12.709999999999994,1641.0,52.0,6.94,-0.12390000000000001,-1.02,-0.06,-1.8409,-1.0291000000000003,-25.9357,0,1,1,100.0
5,38.0,1,20.0,0.0,6,2,7.7388,0.046499999999999986,-1.9024999999999999,-0.9371999999999996,34.0,25.839799999999997,0,17.0,1641.0,52.0,5.3004,-0.0972,-1.0214,-0.0614,-1.2173999999999996,0.2388000000000005,-25.7994,0,1,1,100.0
5,39.0,1,20.0,0.0,6,2,7.6964,0.03325000000000003,-1.7302500000000003,-0.5821000000000007,34.0,25.8769,0,17.0,1641.0,52.0,4.696200000000002,-0.08660000000000002,-1.0267,-0.0667,-0.9047000000000006,0.7263999999999989,-24.585700000000003,0,1,1,100.0
5,40.0,1,20.0,0.2,6,2,7.644,0.0216,-1.4812,-0.21039999999999998,34.0,25.9,0,17.2,1641.0,52.0,4.0920000000000005,-0.076,-1.03,-0.07,-0.55,1.178,-22.985999999999997,0,1,1,100.0
5,41.0,1,20.0,0.7299999999999983,6,2,7.5751,0.01259000000000003,-1.1054300000000012,0.18868999999999878,34.0,25.9,0,17.729999999999997,1641.0,52.0,3.4878000000000022,-0.06540000000000003,-1.03,-0.07,-0.12600000000000142,1.5701999999999987,-20.749400000000005,0,1,1,100.0
5,42.0,1,20.0,0.7400000000000005,6,2,7.4984,0.004620000000000007,-0.8908600000000001,0.7731599999999992,34.0,25.889599999999998,0,17.740000000000002,1641.0,52.0,2.8940000000000006,-0.05480000000000001,-1.0326,-0.07,0.34219999999999945,1.8479999999999999,-18.060400000000005,0,1,1,100.0
5,43.0,1,20.0,0.20999999999999938,6,2,7.4136,-0.0022700000000000086,-0.8436899999999999,1.550140000000001,34.0,25.868399999999998,0,17.21,1641.0,52.0,2.3109999999999995,-0.04419999999999999,-1.0379,-0.07,0.8563000000000006,2.007,-14.901599999999997,0,1,1,100.0
5,44.0,1,20.0,0.3199999999999989,6,2,7.316,-0.008839999999999987,-0.7939600000000001,2.206799999999999,34.0,25.8376,0,17.32,1641.0,52.0,1.7472000000000012,-0.033600000000000026,-1.0432000000000001,-0.07319999999999999,1.376799999999999,1.9964000000000002,-11.27560000000001,0,1,1,100.0
5,45.0,1,20.0,0.8500000000000001,6,2,7.21,-0.015200000000000002,-0.7425499999999999,2.7845,34.0,25.8005,0,17.85,1641.0,52.0,1.196,-0.023,-1.0485,-0.0785,1.9015,1.8745,-7.343,0,1,1,100.0
5,46.0,1,20.0,1.0,6,2,7.1363,-0.018139999999999996,-0.5849300000000006,2.93299,34.0,25.776699999999998,0,18.0,1641.0,52.0,0.8519000000000009,-0.016200000000000016,-1.0519,-0.08,2.211499999999999,1.7051000000000007,-4.603600000000007,0,1,1,100.0
5,47.0,1,20.0,1.0,6,2,7.07535,-0.019729999999999998,-0.38538500000000014,2.912055,34.0,25.75815,0,18.0,1641.0,52.0,0.5895500000000002,-0.010900000000000005,-1.05455,-0.08,2.4367499999999995,1.5169500000000002,-2.3352000000000026,0,1,1,100.0
5,48.0,1,20.0,1.0,6,2,7.0144,-0.021319999999999992,-0.18584000000000078,2.8911200000000004,34.0,25.7396,0,18.0,1641.0,52.0,0.3272000000000011,-0.0056000000000000225,-1.0572000000000001,-0.08,2.661999999999999,1.3288000000000006,-0.06680000000000948,0,1,1,100.0
5,49.0,1,20.0,1.0,6,2,6.95345,-0.022909999999999996,0.013704999999999648,2.870185,34.0,25.721049999999998,0,18.0,1641.0,52.0,0.06485000000000055,-0.00030000000000001136,-1.05985,-0.08,2.8872499999999994,1.1406500000000002,2.2015999999999956,0,1,1,100.0
5,50.0,1,20.0,1.0,6,2,6.83,-0.0215,0.24,2.4225000000000003,34.0,25.775,0,18.0,1641.0,52.0,-0.39499999999999996,0.01,-1.07,-0.08,3.18,0.58,7.015,0,1,1,100.0
5,51.0,1,20.0,1.0,6,2,6.7061,-0.019879999999999995,0.45600500000000005,1.9613749999999994,34.0,25.83045,0,18.0,1641.0,52.0,-0.8511000000000004,0.020150000000000005,-1.0803,-0.08,3.4625500000000002,0.009299999999999213,11.847600000000005,0,1,1,100.0
5,52.0,1,20.0,1.0,6,2,6.637200000000001,-0.017760000000000015,0.4737599999999999,1.7030000000000016,34.0,25.8384,0,18.0,1641.0,52.0,-1.0471999999999988,0.022799999999999983,-1.0856000000000001,-0.08,3.5075999999999996,-0.35639999999999766,14.455199999999982,0,1,1,100.0
5,53.0,1,20.0,1.0,6,2,6.568300000000001,-0.015640000000000008,0.4915149999999999,1.4446250000000012,34.0,25.846349999999997,0,18.0,1641.0,52.0,-1.2432999999999992,0.025449999999999987,-1.0909,-0.08,3.55265,-0.7220999999999985,17.06279999999999,0,1,1,100.0
5,54.0,1,20.0,1.0,6,2,6.4994000000000005,-0.013520000000000004,0.50927,1.1862500000000005,34.0,25.8543,0,18.0,1641.0,52.0,-1.4393999999999996,0.028099999999999993,-1.0962,-0.08,3.5976999999999997,-1.0877999999999992,19.670399999999994,0,1,1,100.0
5,55.0,1,20.0,1.0,6,2,5.9515,-0.00185,0.154,-0.08965,34.0,25.9,0,18.0,1641.0,52.0,-2.359,0.05,-1.1429999999999998,-0.07,2.6685,-5.2445,42.099,0,1,1,100.0
5,56.0,1,20.0,1.0,6,2,5.8508,-0.001319999999999999,-0.0050000000000003705,0.010520000000000222,34.0,25.9,0,18.0,1641.0,52.0,-2.3908,0.05,-1.1536,-0.07,2.239199999999999,-6.320400000000002,46.476800000000004,0,1,1,100.0
5,57.0,1,20.0,1.0,6,2,5.7606,-0.0012099999999999967,-0.08462000000000026,0.0896899999999997,34.0,25.9,0,18.0,1641.0,52.0,-2.3974,0.05,-1.1621,-0.06790000000000004,1.795200000000003,-7.4025999999999925,50.48499999999998,0,1,1,100.0
5,58.0,1,20.0,1.0,6,2,5.686400000000001,-0.0017399999999999978,-0.04328000000000017,0.13685999999999982,34.0,25.9,0,18.0,1641.0,52.0,-2.3656,0.05,-1.1674,-0.06260000000000002,1.328800000000002,-8.494399999999995,53.929999999999986,0,1,1,100.0
5,59.0,1,20.0,1.0,6,2,5.6284,-0.002269999999999999,-0.05512999999999986,0.2312799999999997,34.0,25.9,0,18.0,1641.0,52.0,-2.3203,0.05,-1.17,-0.06,0.884000000000001,-9.575399999999997,56.770199999999996,0,1,1,100.0
5,60.0,1,20.0,1.0,6,2,5.586,-0.0028,-0.1182,0.3712,34.0,25.9,0,18.0,1641.0,52.0,-2.262,0.05,-1.17,-0.06,0.4600000000000001,-10.646,59.028,0,1,1,100.0
5,61.0,1,20.0,1.0,6,2,5.5667,-0.0033300000000000014,-0.13077999999999995,0.49330000000000024,34.0,25.9,0,18.0,1641.0,52.0,-2.2169,0.04669999999999999,-1.1666999999999998,-0.056699999999999987,0.09209999999999927,-11.660500000000003,60.441,0,1,1,100.0
5,62.0,1,20.0,1.0,6,2,5.5614,-0.0038599999999999967,-0.11276000000000011,0.6045999999999992,34.0,25.9,0,18.0,1641.0,52.0,-2.1798,0.041400000000000034,-1.1614,-0.051400000000000036,-0.24179999999999788,-12.640999999999995,61.34199999999999,0,1,1,100.0
5,63.0,1,20.0,0.6100000000000022,6,2,5.5912,-0.004779999999999995,-0.11501999999999996,0.7197999999999996,34.0,25.9,0,17.610000000000003,1641.0,52.0,-2.1739,0.04,-1.1561,-0.05,-0.4781999999999991,-13.496699999999997,61.1939,0,1,1,100.0
5,64.0,1,20.0,0.08000000000000108,6,2,5.6335999999999995,-0.005839999999999998,-0.12455999999999998,0.8363999999999997,34.0,25.9,0,17.080000000000002,1641.0,52.0,-2.1792000000000002,0.04,-1.1507999999999998,-0.05,-0.6795999999999995,-14.307599999999997,60.669200000000004,0,1,1,100.0
5,65.0,1,20.0,0.0,6,2,5.712,-0.00645,-0.11205,0.92645,34.0,25.9,0,17.0,1641.0,52.0,-2.2295000000000003,0.044500000000000005,-1.1365,-0.0455,-0.7595,-14.8845,58.9745,0,1,1,100.0
5,66.0,1,20.0,0.0,6,2,5.7968,-0.006980000000000001,-0.09561999999999997,1.0117800000000001,34.0,25.9,0,17.0,1641.0,52.0,-2.2878000000000003,0.04980000000000002,-1.1206,-0.040199999999999986,-0.8178000000000001,-15.4198,57.071799999999996,0,1,1,100.0
5,67.0,1,20.0,0.2549999999999983,6,2,5.861199999999999,-0.007509999999999997,-0.10315999999999995,1.0412649999999999,34.0,25.9,0,17.255,1641.0,52.0,-2.3435499999999996,0.05,-1.1149000000000002,-0.04,-0.7792000000000002,-15.5063,55.49295000000001,0,1,1,100.0
5,68.0,1,20.0,0.5199999999999989,6,2,5.924799999999999,-0.008039999999999997,-0.11163999999999996,1.06856,34.0,25.9,0,17.52,1641.0,52.0,-2.3992,0.05,-1.1096000000000001,-0.04,-0.7368000000000001,-15.575199999999999,53.92680000000001,0,1,1,100.0
5,69.0,1,20.0,0.7849999999999995,6,2,5.9883999999999995,-0.008569999999999998,-0.12011999999999999,1.095855,34.0,25.9,0,17.785,1641.0,52.0,-2.45485,0.05,-1.1043,-0.04,-0.6944000000000001,-15.6441,52.36065000000001,0,1,1,100.0
5,70.0,1,20.0,1.0,6,2,6.399,-0.009,0.0717,1.1124,34.0,25.86,0,18.0,1641.0,52.1,-2.7849999999999997,0.05,-1.0670000000000002,-0.04,-0.196,-14.807,42.336999999999996,0,1,1,100.0
5,71.0,1,20.0,1.0,1,5,6.605700000000001,-0.009,0.01180999999999987,1.1092199999999999,34.0,25.86,0,18.0,1641.0,52.63,-2.9175,0.05,-1.0511,-0.04,0.14320000000000072,-13.837099999999998,37.44509999999999,0,1,1,100.0
5,72.0,1,20.0,0.8400000000000034,1,5,6.8203999999999985,-0.009,-0.031119999999999974,1.1038000000000001,34.0,25.86,0,18.159999999999997,1641.0,53.0,-3.0259999999999994,0.05,-1.0352000000000001,-0.04,0.5143999999999971,-12.675200000000011,32.457200000000036,0,1,1,100.0
5,73.0,1,20.0,0.3100000000000022,1,5,7.053599999999999,-0.009,-0.03482999999999998,1.0932,34.0,25.86,0,18.689999999999998,1641.0,53.0,-3.0789999999999997,0.05,-1.0193,-0.04,0.959599999999998,-11.069300000000007,27.24730000000002,0,1,1,100.0
5,74.0,1,20.0,0.0,1,5,7.2428,-0.013729999999999975,-0.424859999999998,0.9152900000000008,34.0,25.8567,0,19.0,1641.0,53.0,-3.0902,0.05,-1.0078,-0.04,1.3321999999999994,-9.672400000000003,23.137400000000003,0,1,1,100.0
5,75.0,1,20.0,0.0,1,5,7.37,-0.025124999999999998,-1.35925,0.501625,34.0,25.84875,0,19.0,1641.0,53.0,-3.0425,0.05,-1.0025,-0.04,1.6025,-8.57,20.5775,0,1,1,100.0
5,76.0,1,20.0,0.0,1,5,7.4972,-0.036520000000000025,-2.293640000000002,0.08795999999999915,34.0,25.840799999999998,0,19.0,1641.0,53.0,-2.9948,0.05,-0.9972,-0.04,1.8728000000000007,-7.467599999999998,18.017599999999995,0,1,1,100.0
5,77.0,1,20.0,0.0,1,5,7.624399999999999,-0.04791499999999992,-3.228029999999994,-0.32570499999999725,34.0,25.832849999999997,0,19.0,1641.0,53.0,-2.9471000000000003,0.05,-0.9919,-0.04,2.1430999999999982,-6.365200000000007,15.457700000000017,0,1,1,100.0
5,78.0,1,20.0,0.0,1,5,7.839999999999999,-0.0683199999999999,-3.3324800000000017,-0.771159999999998,34.0,25.816399999999998,0,19.0,1641.0,53.0,-2.7464000000000013,0.04660000000000002,-0.9832000000000001,-0.04339999999999998,2.6411999999999973,-4.273400000000011,11.483400000000021,0,1,1,100.0
5,79.0,1,20.0,0.0,1,5,8.104999999999999,-0.09375999999999994,-2.973140000000001,-1.234379999999999,34.0,25.795199999999998,0,19.0,1641.0,53.0,-2.460200000000001,0.04130000000000001,-0.9726,-0.04869999999999999,3.2665999999999986,-1.6287000000000054,6.718700000000011,0,1,1,100.0
5,80.0,1,20.0,0.0,1,5,8.848,-0.15000000000000002,-2.1454,-2.537,34.0,25.68,0,19.0,1641.0,53.0,-0.886,0.012,-0.946,-0.058,5.101999999999999,6.388,-5.263999999999999,0,1,1,100.0
5,81.0,1,20.0,0.0,1,6,9.097100000000001,-0.16590000000000005,-1.7537299999999991,-3.0246000000000013,34.0,25.627000000000002,0,19.0,1641.0,53.0,-0.16519999999999857,0.0013999999999999772,-0.9407,-0.06860000000000004,5.727400000000001,9.075100000000004,-8.952800000000007,0,1,1,100.0
5,82.0,1,20.0,0.0,1,6,9.2312,-0.17305999999999996,-1.6031000000000006,-3.227919999999999,34.0,25.6016,0,19.0,1641.0,53.0,0.32329999999999703,-0.006899999999999949,-0.9377,-0.07229999999999999,6.042299999999998,10.402899999999992,-10.81079999999999,0,1,1,100.0
5,83.0,1,20.0,0.0,1,6,9.3478,-0.17889,-1.4891500000000004,-3.3879799999999993,34.0,25.5804,0,19.0,1641.0,53.0,0.776449999999998,-0.014849999999999966,-0.93505,-0.07494999999999999,6.309949999999999,11.523849999999996,-12.390199999999993,0,1,1,100.0
5,84.0,1,20.0,0.0,1,6,9.4644,-0.18472,-1.3752000000000002,-3.54804,34.0,25.5592,0,19.0,1641.0,53.0,1.229599999999999,-0.022799999999999983,-0.9324,-0.0776,6.5775999999999994,12.644799999999998,-13.969599999999996,0,1,1,100.0
5,85.0,1,20.0,0.0,1,6,9.957999999999998,-0.207275,-0.938075,-4.310074999999999,34.0,25.507250000000003,0,19.0,1641.0,53.0,3.6839999999999997,-0.06075,-0.9097500000000001,-0.10025,7.5264999999999995,16.711750000000002,-20.609,0,1,1,100.0
5,86.0,1,20.0,0.0,1,6,10.0428,-0.21019,-0.8646699999999998,-4.44867,34.0,25.4781,0,19.0,1641.0,53.0,4.256400000000001,-0.06870000000000001,-0.9071,-0.1029,7.5954,17.154300000000003,-21.764400000000002,0,1,1,100.0
5,87.0,1,20.0,0.0,1,6,10.1276,-0.213105,-0.7912650000000004,-4.5872649999999995,34.0,25.44895,0,19.0,1641.0,53.0,4.828799999999997,-0.07664999999999994,-0.9044500000000001,-0.10554999999999999,7.6643,17.596849999999996,-22.91979999999999,0,1,1,100.0
5,88.0,1,20.0,0.0,1,6,10.212399999999999,-0.21602,-0.7178600000000004,-4.72586,34.0,25.4198,0,19.0,1641.0,53.0,5.401199999999998,-0.08459999999999997,-0.9018,-0.10819999999999999,7.7332,18.039399999999997,-24.075199999999995,0,1,1,100.0
5,89.0,1,20.0,0.0,1,6,10.5489,-0.22785,-0.49239000000000027,-5.205349999999999,34.0,25.3581,0,19.0,1641.0,53.0,8.409099999999997,-0.13509999999999997,-0.8883,-0.13169999999999998,7.3806,18.6629,-29.092099999999995,0,1,1,100.0
5,90.0,1,20.0,0.0,1,6,10.639,-0.2305,-0.3689,-5.3934999999999995,34.0,25.321,0,19.0,1641.0,53.0,9.591,-0.151,-0.883,-0.137,6.946,18.329,-30.751,0,1,1,100.0
5,91.0,1,20.0,0.0,1,6,10.7107,-0.23246000000000003,-0.24241999999999972,-5.620520000000001,34.0,25.2747,0,19.0,1641.0,53.0,10.759100000000002,-0.16690000000000005,-0.8777,-0.14460000000000003,6.389499999999998,17.799599999999998,-32.29260000000001,0,1,1,100.0
5,92.0,1,20.0,0.0,1,6,10.7584,-0.23352,-0.11204000000000082,-5.898239999999999,34.0,25.2164,0,19.0,1641.0,53.0,11.909199999999993,-0.1827999999999999,-0.8724000000000001,-0.15519999999999995,5.674000000000004,17.015200000000004,-33.68119999999999,0,1,1,100.0
5,93.0,1,20.0,0.0,1,6,10.7858,-0.234,-0.042850000000000076,-6.0999799999999995,34.0,25.169700000000002,0,19.0,1641.0,53.0,13.036099999999996,-0.19869999999999993,-0.8671,-0.1629,4.810600000000004,16.036500000000004,-34.9451,0,1,1,100.0
5,94.0,1,20.0,0.0,1,6,10.7964,-0.234,-0.024300000000000033,-6.23884,34.0,25.1326,0,19.0,1641.0,53.0,14.143799999999997,-0.21459999999999996,-0.8618,-0.1682,3.8248000000000024,14.897000000000002,-36.105799999999995,0,1,1,100.0
5,95.0,1,20.0,0.0,1,6,10.7895,-0.234,-0.031474999999999996,-6.316274999999999,34.0,25.11475,0,19.0,1641.0,53.0,14.864749999999999,-0.22525,-0.85825,-0.17,3.0892500000000003,14.033999999999999,-36.808,0,1,1,100.0
5,96.0,1,20.0,0.0,1,6,10.7736,-0.234,-0.05187999999999982,-6.362119999999999,34.0,25.1068,0,19.0,1641.0,53.0,15.386799999999994,-0.23319999999999994,-0.8556,-0.17,2.4824000000000055,13.313200000000005,-37.27439999999999,0,1,1,100.0
5,97.0,1,20.0,0.0,1,6,10.7577,-0.234,-0.07228500000000009,-6.407965,34.0,25.09885,0,19.0,1641.0,53.0,15.908850000000001,-0.24115000000000003,-0.85295,-0.17,1.8755499999999976,12.592399999999996,-37.7408,0,1,1,100.0
5,98.0,1,20.0,0.0,1,6,10.7418,-0.234,-0.09268999999999991,-6.45381,34.0,25.0909,0,19.0,1641.0,53.0,16.430899999999998,-0.24909999999999996,-0.8503,-0.17,1.2687000000000028,11.871600000000003,-38.20719999999999,0,1,1,100.0
5,99.0,1,20.0,0.0,1,6,10.516000000000002,-0.2264200000000001,0.7128599999999928,-7.849489999999983,34.0,24.805600000000005,0,19.0,1641.0,53.0,18.477099999999993,-0.2893999999999999,-0.8546999999999999,-0.17,-1.8048999999999886,8.52390000000001,-39.1836,0,1,1,100.0
5,100.0,1,20.0,0.0,3,7,10.41,-0.219,1.263,-9.104,34.0,24.53,0,19.0,1641.0,53.0,18.97,-0.3,-0.86,-0.17,-2.69,7.66,-39.12,0,1,1,100.0
6,0.0,1,20.0,0.0,0,1,6.82,-0.06,0.789,-2.464,34.0,25.83,0,19.0,1641.0,53.0,12.67,-0.24,-1.08,0.0,-4.38,7.15,0.01,0,1,1,100.0
6,1.0,1,20.0,0.0,0,1,6.6248000000000005,-0.06,0.789,-2.464,34.0,25.83,0,31.2,1641.0,53.0,12.4626,-0.24,-1.08,0.0,-4.4959,5.7409,1.4374000000000002,0,1,1,100.0
6,2.0,1,20.0,0.0,0,1,6.4362,-0.06,0.789,-2.464,34.0,25.83,0,43.4,1641.0,53.0,12.2684,-0.23779999999999998,-1.08,-0.0021999999999999993,-4.581,4.3208,2.713,0,1,1,100.0
6,3.0,1,20.0,0.0,0,1,6.2593,-0.06,0.789,-2.464,34.0,25.83,0,55.599999999999994,1641.0,53.0,12.0976,-0.23170000000000002,-1.08,-0.008299999999999997,-4.6115,2.8812000000000006,3.7194999999999996,0,1,1,100.0
6,4.0,1,20.0,0.0,0,1,6.1,-0.06,0.789,-2.464,34.0,25.83,0,67.8,1641.0,53.0,11.9356,-0.23,-1.08,-0.0144,-4.5848,1.5472000000000001,4.5632,0,1,1,100.0
6,5.0,1,20.0,0.0,0,1,5.95,-0.059699999999999996,0.7117,-2.3407999999999998,34.05,25.837,0,75.3,1641.0,53.0,11.7775,-0.2295,-1.08,-0.02,-4.532,0.273,5.3345,0,1,1,100.0
6,6.0,1,20.0,0.0,0,1,5.828,-0.05604,-0.23135999999999918,-0.8377600000000013,34.66,25.9224,0,30.16000000000004,1641.0,53.0,11.625,-0.22340000000000002,-1.08,-0.02,-4.4344,-0.788399999999999,5.9994,0,1,1,100.0
6,7.0,1,20.0,0.0,0,1,5.7383999999999995,-0.05427,-0.6657400000000001,0.0,35.0,25.960549999999998,0,5.0,1641.0,53.0,11.5049,-0.21865,-1.07865,-0.021349999999999997,-4.353,-1.5581999999999996,6.4942,0,1,1,100.0
6,8.0,1,20.0,0.0,0,1,5.6895999999999995,-0.05488,-0.4595600000000001,0.0,35.0,25.9392,0,5.0,1641.0,53.0,11.4256,-0.21559999999999999,-1.0756000000000001,-0.024399999999999998,-4.292,-1.9607999999999999,6.7748,0,1,1,100.0
6,9.0,1,20.0,0.0,0,1,5.6408,-0.05549,-0.25338,0.0,35.0,25.917849999999998,0,5.0,1641.0,53.0,11.3463,-0.21255,-1.0725500000000001,-0.02745,-4.231,-2.3634,7.0554,0,1,1,100.0
6,10.0,1,20.0,0.0,0,1,5.482,-0.056100000000000004,-0.015799999999999998,0.0,35.0,25.9,0,5.0,1641.0,53.0,11.004999999999999,-0.209,-1.069,-0.031,-3.984,-3.6639999999999997,8.032,0,1,1,100.0
6,11.0,1,20.0,0.0,0,1,5.4332,-0.05671,-0.020679999999999994,0.0,35.0,25.9,0,5.0,1641.0,53.0,10.8525,-0.20290000000000002,-1.0629,-0.037099999999999994,-3.8864,-3.9934,8.2882,0,1,1,100.0
6,12.0,1,20.0,0.0,0,1,5.4004,-0.05668,-0.008600000000000052,0.0,35.0,25.9,0,5.0,1641.0,53.0,10.7064,-0.2,-1.0568,-0.04,-3.8016,-4.2172,8.4324,0,1,1,100.0
6,13.0,1,20.0,0.0,0,1,5.3821,-0.05607,0.018849999999999985,0.0,35.0,25.9,0,5.0,1641.0,53.0,10.5661,-0.2,-1.0507,-0.04,-3.7284,-4.3453,8.475100000000001,0,1,1,100.0
6,14.0,1,20.0,0.0,0,1,5.3854,-0.056,0.07005999999999993,0.0,35.0,25.9,0,5.0,1641.0,53.0,10.4312,-0.19460000000000002,-1.05,-0.045399999999999996,-3.6768,-4.333,8.3126,0,1,1,100.0
6,15.0,1,20.0,0.0,0,1,5.393,-0.056,0.1035,0.0,35.0,25.9,0,5.0,1641.0,53.0,10.3135,-0.19,-1.04925,-0.05,-3.637,-4.292,8.11825,0,1,1,100.0
6,16.0,1,20.0,0.0,0,1,5.4052,-0.056,0.07300000000000002,0.0,35.0,25.9,0,5.0,1641.0,53.0,10.2464,-0.19,-1.0462,-0.05,-3.6248,-4.2188,7.9078,0,1,1,100.0
6,17.0,1,20.0,0.0,0,1,5.4174,-0.056,0.04250000000000006,0.0,35.0,25.9,0,5.0,1641.0,53.0,10.1793,-0.19,-1.04315,-0.05,-3.6126,-4.1456,7.697350000000001,0,1,1,100.0
6,18.0,1,20.0,0.0,0,1,5.4296,-0.056,0.012000000000000014,0.0,35.0,25.9,0,5.0,1641.0,53.0,10.1122,-0.19,-1.0401,-0.05,-3.6004,-4.0724,7.4869,0,1,1,100.0
6,19.0,1,20.0,0.0,0,1,5.471299999999999,-0.05541,0.045809999999999955,0.0,35.0,25.9,0,5.0,1641.0,53.0,9.974300000000001,-0.1841,-1.0341,-0.05589999999999999,-3.6,-3.8399000000000005,6.901800000000001,0,1,1,100.0
6,20.0,1,20.0,0.0,0,1,5.52,-0.0546,0.07200000000000001,0.0,35.0,25.9,0,5.0,1641.0,53.0,9.83,-0.178,-1.03,-0.06,-3.602,-3.5860000000000003,6.258,0,1,1,100.0
6,21.0,1,20.0,0.0,0,1,5.5809999999999995,-0.05338,0.0781,0.0,35.0,25.9,0,5.0,1641.0,53.0,9.6775,-0.17190000000000003,-1.03,-0.06,-3.6081,-3.2993,5.519900000000001,0,1,1,100.0
6,22.0,1,20.0,0.0,0,1,5.7745999999999995,-0.04932,0.18437999999999988,0.0,35.0,25.9,0,5.0,1641.0,53.0,9.234,-0.16580000000000003,-1.02,-0.0642,-3.5664000000000002,-2.4674000000000005,3.3352000000000017,0,1,1,100.0
6,23.0,1,20.0,0.0,0,1,5.8542,-0.04682000000000001,0.24415999999999952,0.0,35.0,25.9009,0,5.0,1641.0,53.0,9.0507,-0.16,-1.02,-0.07,-3.5152,-2.145300000000001,2.4538000000000024,0,1,1,100.0
6,24.0,1,20.0,0.0,0,1,5.9395999999999995,-0.04316000000000002,0.4100799999999994,0.0,35.0,25.9192,0,5.0,1641.0,53.0,8.861600000000001,-0.16,-1.02,-0.07,-3.4176,-1.8464000000000012,1.5144000000000035,0,1,1,100.0
6,25.0,1,20.0,0.0,0,1,6.0275,-0.03875,0.50225,0.0,35.0,25.9225,0,5.0,1641.0,53.0,8.6725,-0.1575,-1.02,-0.07250000000000001,-3.3024999999999998,-1.5599999999999998,0.5475,0,1,1,100.0
6,26.0,1,20.0,0.0,0,1,6.119,-0.033260000000000005,0.48822,0.0,35.0,25.9042,0,5.0,1641.0,53.0,8.4834,-0.1514,-1.02,-0.0786,-3.1622,-1.2916000000000003,-0.4589999999999989,0,1,1,100.0
6,27.0,1,20.0,0.46999999999999886,0,1,6.2105,-0.02871000000000001,0.47184000000000004,0.0,35.0,25.9,0,5.469999999999999,1641.0,53.0,8.2943,-0.15,-1.02,-0.08,-2.9937,-1.0373000000000003,-1.507799999999998,0,1,1,100.0
6,28.0,1,20.0,1.0,0,1,6.296,-0.024720000000000006,0.46399999999999986,0.0,35.0,25.9012,0,6.0,1641.0,53.0,8.118,-0.1496,-1.02,-0.08,-2.826,-0.8052000000000002,-2.5035999999999987,0,1,1,100.0
6,29.0,1,20.0,1.0,0,1,6.34175,-0.022585000000000008,0.5173749999999998,0.0,35.0,25.910349999999998,0,6.0,1641.0,53.0,8.0265,-0.14655,-1.02,-0.08,-2.71925,-0.6923500000000004,-3.0647999999999977,0,1,1,100.0
6,30.0,1,20.0,1.0,0,1,6.3875,-0.02045,0.57075,0.0,35.0,25.9195,0,6.0,1641.0,53.0,7.9350000000000005,-0.14350000000000002,-1.02,-0.08,-2.6125000000000003,-0.5795,-3.626,0,1,1,100.0
6,31.0,1,20.0,1.0,0,1,6.43325,-0.018315,0.6241249999999999,0.0,35.0,25.92865,0,6.0,1641.0,53.0,7.843500000000001,-0.14045000000000002,-1.02,-0.08,-2.5057500000000004,-0.4666500000000001,-4.187199999999999,0,1,1,100.0
6,32.0,1,20.0,1.0,0,1,6.5128,-0.011760000000000013,0.5727200000000001,0.0,35.0,25.9144,0,6.0,1641.0,53.0,7.674,-0.13480000000000003,-1.02,-0.08519999999999998,-2.2924000000000007,-0.28360000000000035,-5.278799999999998,0,1,1,100.0
6,33.0,1,20.0,1.0,0,1,6.723,0.0030399999999999863,0.4598999999999994,0.0,35.0,25.926099999999998,0,6.0,1641.0,53.0,7.189700000000001,-0.1287,-1.0187,-0.09,-1.6567000000000007,0.1911999999999996,-8.424799999999996,0,1,1,100.0
6,34.0,1,20.0,1.0,6,2,6.784,0.007919999999999983,0.6611999999999992,0.0,35.0,25.907799999999998,0,6.0,1641.0,53.0,7.0006,-0.12260000000000001,-1.0126,-0.09,-1.406600000000001,0.33759999999999946,-9.620399999999997,0,1,1,100.0
6,35.0,1,20.0,0.65,6,2,6.8415,0.01175,0.9108,-0.07139999999999999,35.0,25.9,0,9.85,1641.0,53.0,6.7905,-0.12,-1.01,-0.09,-1.1460000000000001,0.49450000000000005,-10.749500000000001,0,1,1,100.0
6,36.0,1,20.0,0.040000000000000514,6,2,6.8964,0.014799999999999997,1.1962799999999998,-0.19583999999999988,35.0,25.9,0,16.559999999999995,1641.0,53.0,6.5648,-0.12,-1.01,-0.09,-0.8776000000000003,0.6591999999999999,-11.8292,0,1,1,100.0
6,37.0,1,20.0,0.0,6,2,6.9399,0.014430000000000002,0.48597000000000146,-0.7648799999999989,35.0,25.8772,0,17.0,1641.0,53.0,6.2935,-0.11430000000000001,-1.01,-0.09,-0.6092000000000005,0.8580999999999996,-12.635299999999999,0,1,1,100.0
6,38.0,1,20.0,0.1799999999999983,6,2,6.9772,0.013460000000000005,-0.09711999999999969,-1.1415600000000004,35.0,25.86,0,17.18,1641.0,53.0,6.002800000000001,-0.10820000000000002,-1.0118,-0.09,-0.3318000000000008,1.0503999999999996,-13.2746,0,1,1,100.0
6,39.0,1,20.0,0.7899999999999978,6,2,7.0016,0.011630000000000007,-0.20935999999999957,-0.9841800000000006,35.0,25.86,0,17.79,1641.0,53.0,5.673400000000001,-0.10210000000000002,-1.0179,-0.09,-0.03290000000000108,1.2211999999999994,-13.5613,0,1,1,100.0
6,40.0,1,20.0,0.6,6,2,7.013999999999999,0.008199999999999999,-0.308,-0.5664,35.0,25.875999999999998,0,17.6,1641.0,53.0,5.3,-0.096,-1.02,-0.094,0.31400000000000006,1.348,-13.42,0,1,1,100.0
6,41.0,1,20.0,0.009999999999999433,6,2,7.0199,0.003950000000000003,-0.3982,-0.012470000000000486,35.0,25.9,0,17.009999999999998,1641.0,53.0,4.9030000000000005,-0.08990000000000001,-1.02,-0.1,0.6876999999999996,1.4499,-13.042200000000001,0,1,1,100.0
6,42.0,1,20.0,0.6199999999999989,6,2,7.0138,0.0009000000000000057,-0.4104,0.507859999999999,35.0,25.9,0,17.619999999999997,1641.0,53.0,4.476000000000001,-0.08380000000000001,-1.02,-0.1,1.157399999999999,1.4438,-11.956400000000002,0,1,1,100.0
6,43.0,1,20.0,1.0,6,2,6.9985,-0.002840000000000009,-0.4078799999999999,1.0344000000000009,35.0,25.8908,0,18.0,1641.0,53.0,4.0512999999999995,-0.07539999999999998,-1.0223,-0.1,1.666200000000001,1.3893999999999997,-10.612999999999996,0,1,1,100.0
6,44.0,1,20.0,1.0,6,2,6.968,-0.007719999999999982,-0.3810400000000001,1.571199999999998,35.0,25.8664,0,18.0,1641.0,53.0,3.6304000000000016,-0.06320000000000005,-1.0284,-0.1,2.239599999999998,1.2552000000000005,-8.844000000000007,0,1,1,100.0
6,45.0,1,20.0,1.0,6,2,6.9285,-0.0126,-0.4235,2.05265,35.0,25.8285,0,18.0,1641.0,53.0,3.2365,-0.0555,-1.03,-0.1,2.8760000000000003,1.0355,-6.6610000000000005,0,1,1,100.0
6,46.0,1,20.0,1.0,6,2,6.8873,-0.01717999999999999,-0.47797000000000034,2.482049999999999,35.0,25.789099999999998,0,18.0,1641.0,53.0,2.874700000000001,-0.04970000000000002,-1.03,-0.1,3.504199999999998,0.793500000000001,-4.426500000000007,0,1,1,100.0
6,47.0,1,20.0,1.0,6,2,6.85985,-0.019009999999999996,-0.4166650000000001,2.6147249999999995,35.0,25.77995,0,18.0,1641.0,53.0,2.7191500000000004,-0.04665000000000001,-1.03,-0.1,3.8518999999999997,0.6257500000000004,-3.0692500000000025,0,1,1,100.0
6,48.0,1,20.0,1.0,6,2,6.8324,-0.020839999999999987,-0.35536000000000045,2.747399999999999,35.0,25.7708,0,18.0,1641.0,53.0,2.563600000000001,-0.04360000000000002,-1.03,-0.1,4.199599999999998,0.45800000000000124,-1.71200000000001,0,1,1,100.0
6,49.0,1,20.0,1.0,6,2,6.80495,-0.022669999999999992,-0.29405500000000023,2.8800749999999993,35.0,25.761650000000003,0,18.0,1641.0,53.0,2.4080500000000007,-0.04055000000000001,-1.03,-0.1,4.547299999999999,0.2902500000000006,-0.3547500000000051,0,1,1,100.0
6,50.0,1,20.0,1.0,6,2,6.640000000000001,-0.026,-0.1035,3.08,35.0,25.72,0,18.0,1641.0,53.0,1.885,-0.034999999999999996,-1.04,-0.1,6.245,-0.7899999999999999,7.125,0,1,1,100.0
6,51.0,1,20.0,1.0,6,2,6.566800000000001,-0.025780000000000004,-0.026590000000000787,3.0192500000000013,35.0,25.7244,0,18.0,1641.0,53.0,1.7413000000000005,-0.03,-1.0411,-0.1,6.8600999999999965,-1.2590999999999972,10.136699999999983,0,1,1,100.0
6,52.0,1,20.0,1.0,6,2,6.4936,-0.024560000000000002,0.11431999999999973,2.8210000000000006,35.0,25.7488,0,18.0,1641.0,53.0,1.6376000000000002,-0.03,-1.0472000000000001,-0.1,7.415199999999999,-1.753199999999999,13.168399999999995,0,1,1,100.0
6,53.0,1,20.0,1.0,6,2,6.420400000000001,-0.02334000000000001,0.16712000000000016,2.6428800000000012,35.0,25.76,0,18.0,1641.0,53.0,1.5504000000000007,-0.03,-1.0533,-0.1,7.914199999999997,-2.260499999999996,16.203399999999977,0,1,1,100.0
6,54.0,1,20.0,1.0,6,2,6.3472,-0.022120000000000004,0.14516000000000007,2.481840000000001,35.0,25.76,0,18.0,1641.0,53.0,1.4772000000000003,-0.03,-1.0594000000000001,-0.1,8.365599999999999,-2.778999999999998,19.24119999999999,0,1,1,100.0
6,55.0,1,20.0,1.0,6,2,6.2795000000000005,-0.02035,0.19195,2.2317,35.0,25.7985,0,18.0,1641.0,53.0,1.415,-0.03,-1.0655000000000001,-0.1,8.706999999999999,-3.303,22.311999999999998,0,1,1,100.0
6,56.0,1,20.0,1.0,6,2,6.217200000000001,-0.01836000000000001,0.23232,1.9643200000000016,35.0,25.83,0,18.0,1641.0,53.0,1.3556000000000004,-0.028400000000000033,-1.0732,-0.09840000000000004,8.993199999999998,-3.827599999999997,25.41999999999998,0,1,1,100.0
6,57.0,1,20.0,1.0,6,2,6.1684,-0.015920000000000004,0.23354,1.6757900000000006,35.0,25.83,0,18.0,1641.0,53.0,1.3007000000000002,-0.02230000000000001,-1.0854000000000001,-0.09230000000000001,9.1579,-4.352199999999999,28.62249999999999,0,1,1,100.0
6,58.0,1,20.0,1.0,6,2,6.1405,-0.014240000000000008,0.23362000000000002,1.480930000000001,35.0,25.8357,0,18.0,1641.0,53.0,1.2648000000000001,-0.02,-1.0919,-0.09,9.2143,-4.715299999999998,30.886399999999988,0,1,1,100.0
6,59.0,1,20.0,1.0,6,2,6.12525,-0.013020000000000004,0.23301000000000002,1.3427650000000004,35.0,25.844849999999997,0,18.0,1641.0,53.0,1.2404000000000002,-0.02,-1.09495,-0.09,9.20515,-4.980649999999999,32.58219999999999,0,1,1,100.0
6,60.0,1,20.0,1.0,6,2,6.109999999999999,-0.0118,0.23240000000000002,1.2046000000000001,35.0,25.854,0,18.0,1641.0,53.0,1.216,-0.02,-1.098,-0.09,9.196,-5.2459999999999996,34.278,0,1,1,100.0
6,61.0,1,20.0,1.0,6,2,6.0863,-0.00537000000000001,0.2962900000000005,0.4438000000000018,35.0,25.9,0,18.0,1641.0,53.0,1.1825999999999997,-0.02,-1.1242,-0.09,8.695100000000002,-6.458999999999997,42.65879999999998,0,1,1,100.0
6,62.0,1,20.0,1.0,6,2,6.1046000000000005,-0.003540000000000003,0.20418000000000017,0.1266000000000006,35.0,25.9,0,18.0,1641.0,53.0,1.2191999999999998,-0.02,-1.1363999999999999,-0.09,8.2742,-7.007999999999999,46.48959999999999,0,1,1,100.0
6,63.0,1,20.0,1.0,6,2,6.1444,-0.001280000000000018,0.23461999999999938,-0.17769999999999778,35.0,25.9,0,18.0,1641.0,53.0,1.2944999999999993,-0.024299999999999954,-1.1442999999999999,-0.08570000000000004,7.737200000000005,-7.608599999999995,50.35479999999997,0,1,1,100.0
6,64.0,1,20.0,1.0,6,2,6.1952,0.0010399999999999977,0.2950400000000009,-0.4520400000000003,35.0,25.9,0,18.0,1641.0,53.0,1.3887999999999994,-0.03,-1.1503999999999999,-0.08,7.144000000000003,-8.235199999999997,54.216799999999985,0,1,1,100.0
6,65.0,1,20.0,1.0,6,2,6.274500000000001,0.00165,0.05164999999999997,-0.3764,35.0,25.9,0,18.0,1641.0,53.0,1.5230000000000001,-0.03,-1.1564999999999999,-0.08,6.4425,-8.9245,57.827999999999996,0,1,1,100.0
6,66.0,1,20.0,1.0,6,2,6.374599999999999,0.002,-0.07474000000000017,-0.3054400000000004,35.0,25.9,0,18.0,1641.0,53.0,1.6597999999999993,-0.03259999999999996,-1.16,-0.08,5.722800000000004,-9.616399999999997,61.134999999999984,0,1,1,100.0
6,67.0,1,20.0,1.0,6,2,6.5027,0.002,-0.04363000000000006,-0.24078000000000013,35.0,25.9,0,18.0,1641.0,53.0,1.8000999999999998,-0.03869999999999999,-1.16,-0.08,4.978600000000002,-10.3118,64.0325,0,1,1,100.0
6,68.0,1,20.0,1.0,6,2,6.594799999999999,0.0017600000000000022,-0.058359999999999794,-0.17732000000000048,35.0,25.9,0,18.0,1641.0,53.0,1.8707999999999996,-0.04,-1.16,-0.08,4.539200000000003,-10.735999999999997,65.3604,0,1,1,100.0
6,69.0,1,20.0,1.0,6,2,6.67715,0.0014550000000000012,-0.0855049999999999,-0.11418500000000023,35.0,25.9,0,18.0,1641.0,53.0,1.9226499999999997,-0.04,-1.16,-0.08,4.182350000000001,-11.086749999999999,66.2632,0,1,1,100.0
6,70.0,1,20.0,1.0,6,2,6.7595,0.00115,-0.11265,-0.051049999999999984,35.0,25.9,0,18.0,1641.0,53.0,1.9745,-0.04,-1.16,-0.08,3.8255,-11.4375,67.166,0,1,1,100.0
6,71.0,1,20.0,1.0,6,2,6.908499999999999,0.0003800000000000068,-0.14986999999999975,0.04788999999999925,35.0,25.9,0,18.0,1641.0,53.0,2.0279,-0.04,-1.1538,-0.08,3.3276000000000034,-11.960299999999997,67.8394,0,1,1,100.0
6,72.0,1,20.0,1.0,6,2,7.122,-0.0008399999999999978,-0.19683999999999993,0.18147999999999975,35.0,25.9,0,18.0,1641.0,53.0,2.0827999999999998,-0.04,-1.1416,-0.08,2.693200000000001,-12.6496,68.29079999999999,0,1,1,100.0
6,73.0,1,20.0,0.26499999999999774,6,2,7.69985,-0.002264999999999998,-0.1285399999999999,0.4159049999999996,35.0,25.9,0,17.264999999999997,1641.0,53.0,2.00495,-0.04,-1.1120500000000002,-0.08,1.6310000000000013,-13.991999999999997,65.45315000000001,0,1,1,100.0
6,74.0,1,20.0,0.5699999999999988,6,2,7.8492999999999995,-0.002569999999999999,-0.13951999999999995,0.4698899999999998,35.0,25.9,0,17.57,1641.0,53.0,1.9531,-0.04,-1.1029000000000002,-0.08,1.4480000000000006,-14.235999999999999,64.1447,0,1,1,100.0
6,75.0,1,20.0,0.875,6,2,7.99875,-0.002875,-0.1505,0.523875,35.0,25.9,0,17.875,1641.0,53.0,1.9012499999999999,-0.04,-1.09375,-0.08,1.265,-14.48,62.83625,0,1,1,100.0
6,76.0,1,20.0,1.0,6,2,8.7416,-0.004179999999999998,-0.022060000000000055,0.5657399999999999,35.0,25.9,0,18.0,1641.0,53.18,1.5370000000000006,-0.028200000000000017,-1.0528000000000002,-0.07820000000000002,0.8130000000000002,-14.907800000000002,54.07220000000002,0,1,1,100.0
6,77.0,1,20.0,1.0,6,2,8.9307,-0.004484999999999999,-0.01199500000000002,0.594105,35.0,25.9,0,18.0,1641.0,53.485,1.4302500000000002,-0.025150000000000006,-1.0406,-0.07515000000000001,0.76725,-14.81935,51.41565000000001,0,1,1,100.0
6,78.0,1,20.0,1.0,1,5,9.119799999999998,-0.004789999999999998,-0.0019300000000000758,0.6224699999999999,35.0,25.9,0,18.0,1641.0,53.79,1.3235000000000008,-0.022100000000000022,-1.0284000000000002,-0.07210000000000003,0.7215000000000003,-14.7309,48.75910000000002,0,1,1,100.0
6,79.0,1,20.0,0.0,1,5,10.052999999999999,-0.012979999999999907,-0.661619999999992,0.40191000000000343,35.0,25.83,0,19.0,1641.0,54.0,0.8739000000000005,-0.018100000000000022,-0.9843000000000001,-0.07189999999999998,0.7636999999999995,-13.037300000000005,34.45960000000002,0,1,1,100.0
6,80.0,1,20.0,0.0,1,5,10.479999999999999,-0.0386,-2.7954,-0.5197999999999999,35.0,25.83,0,19.0,1641.0,54.0,0.758,-0.012,-0.966,-0.078,0.9039999999999999,-11.616,27.652,0,1,1,100.0
6,81.0,1,20.0,0.0,1,5,10.911099999999998,-0.06708999999999983,-3.2219400000000022,-1.1262199999999976,35.0,25.8013,0,19.0,1641.0,54.0,0.7404999999999998,-0.01,-0.9477000000000001,-0.08,1.1467999999999983,-9.719100000000012,20.787000000000038,0,1,1,100.0
6,82.0,1,20.0,0.0,1,5,11.344199999999999,-0.09673999999999996,-2.8169400000000007,-1.5808399999999991,35.0,25.757800000000003,0,19.0,1641.0,54.0,0.7779999999999996,-0.010199999999999989,-0.9294000000000001,-0.08,1.443999999999999,-7.571400000000005,13.898000000000012,0,1,1,100.0
6,83.0,1,20.0,0.0,1,5,11.777299999999997,-0.11930999999999983,-2.449110000000003,-2.094459999999996,35.0,25.6907,0,19.0,1641.0,54.0,1.0219999999999982,-0.016299999999999953,-0.9111000000000001,-0.08,1.8709999999999967,-4.869100000000021,7.12700000000005,0,1,1,100.0
6,84.0,1,20.0,0.0,1,5,12.203199999999997,-0.14043999999999993,-2.131440000000001,-2.5747199999999983,35.0,25.642799999999998,0,19.0,1641.0,54.0,1.364399999999998,-0.022399999999999975,-0.8952000000000001,-0.08239999999999997,2.319599999999998,-2.0420000000000114,0.45440000000002445,0,1,1,100.0
6,85.0,1,20.0,0.0,1,6,12.618,-0.15935000000000002,-1.8911,-3.00355,35.0,25.6245,0,19.0,1641.0,54.0,1.8585,-0.028499999999999998,-0.883,-0.0885,2.8015,0.9775,-6.0665,0,1,1,100.0
6,86.0,1,20.0,0.0,1,6,12.8649,-0.16883000000000004,-1.6914699999999994,-3.293920000000001,35.0,25.5947,0,19.0,1641.0,54.0,2.2652000000000014,-0.03460000000000002,-0.8754,-0.09,3.099400000000001,2.824000000000005,-9.999900000000011,0,1,1,100.0
6,87.0,1,20.0,0.0,1,6,13.057049999999998,-0.17523499999999992,-1.5051150000000022,-3.539139999999997,35.0,25.56115,0,19.0,1641.0,54.0,2.6433999999999958,-0.04069999999999993,-0.8693000000000001,-0.09,3.3372999999999973,4.287999999999983,-13.089549999999965,0,1,1,100.0
6,88.0,1,20.0,0.0,1,6,13.249199999999998,-0.18163999999999994,-1.3187600000000015,-3.784359999999998,35.0,25.527600000000003,0,19.0,1641.0,54.0,3.021599999999997,-0.04679999999999996,-0.8632000000000001,-0.09,3.5751999999999984,5.751999999999989,-16.179199999999977,0,1,1,100.0
6,89.0,1,20.0,0.0,1,6,14.0621,-0.20347999999999997,-0.8238200000000006,-4.768839999999999,35.0,25.3797,0,19.0,1641.0,54.0,5.447099999999995,-0.07869999999999994,-0.85,-0.10289999999999998,4.564999999999999,11.405199999999994,-29.88199999999998,0,1,1,100.0
6,90.0,1,20.0,0.0,1,6,14.361,-0.2108,-0.6762,-5.0104,35.0,25.337,0,19.0,1641.0,54.0,6.6610000000000005,-0.097,-0.85,-0.109,4.87,13.161999999999999,-35.25,0,1,1,100.0
6,91.0,1,20.0,0.0,1,6,14.608900000000002,-0.21557,-0.5168499999999994,-5.337640000000001,35.0,25.3147,0,19.0,1641.0,54.0,7.992200000000005,-0.11530000000000007,-0.8449,-0.11510000000000002,5.016900000000001,14.225200000000003,-40.19470000000002,0,1,1,100.0
6,92.0,1,20.0,0.0,1,6,14.833599999999999,-0.21947999999999998,-0.3642000000000013,-5.6564799999999975,35.0,25.286800000000003,0,19.0,1641.0,54.0,9.361999999999984,-0.13479999999999973,-0.84,-0.12239999999999986,5.088400000000002,14.999999999999998,-44.930399999999956,0,1,1,100.0
6,93.0,1,20.0,0.0,1,6,15.004399999999999,-0.22191999999999998,-0.24830000000000088,-5.872419999999998,35.0,25.219700000000003,0,19.0,1641.0,54.0,10.79549999999999,-0.15919999999999984,-0.84,-0.13459999999999991,4.978600000000001,15.1525,-49.15159999999997,0,1,1,100.0
6,94.0,1,20.0,0.0,1,6,15.1089,-0.22351000000000001,-0.19802,-6.0088,35.0,25.184900000000003,0,19.0,1641.0,54.0,11.837999999999997,-0.17679999999999996,-0.8417,-0.1417,4.8127,15.085700000000001,-51.97879999999999,0,1,1,100.0
6,95.0,1,20.0,0.0,1,6,15.16075,-0.224425,-0.19985,-6.082,35.0,25.17575,0,19.0,1641.0,54.0,12.57,-0.189,-0.84475,-0.14475000000000002,4.60225,14.84475,-53.699,0,1,1,100.0
6,96.0,1,20.0,0.0,1,6,15.2126,-0.22533999999999998,-0.20168,-6.155199999999999,35.0,25.1666,0,19.0,1641.0,54.0,13.301999999999989,-0.20119999999999982,-0.8477999999999999,-0.14779999999999996,4.3918000000000035,14.603800000000003,-55.419199999999975,0,1,1,100.0
6,97.0,1,20.0,0.0,1,6,15.2585,-0.226,-0.1508100000000021,-6.2729399999999975,35.0,25.1481,0,19.0,1641.0,54.0,14.203999999999985,-0.21679999999999972,-0.8516999999999999,-0.15,4.041100000000008,14.18350000000001,-57.35699999999997,0,1,1,100.0
6,98.0,1,20.0,0.0,1,6,15.289,-0.226,0.03645999999999858,-6.505959999999998,35.0,25.1054,0,19.0,1641.0,54.0,15.54599999999999,-0.24119999999999983,-0.8577999999999999,-0.15,3.3274000000000052,13.299000000000007,-59.857999999999976,0,1,1,100.0
6,99.0,1,20.0,0.0,1,6,15.2766,-0.22249000000000002,0.36802999999999847,-7.286149999999996,35.0,24.953500000000002,0,19.0,1641.0,54.0,16.728099999999998,-0.26169999999999993,-0.8677999999999999,-0.15,2.6098000000000026,12.508100000000002,-61.5361,0,1,1,100.0
6,100.0,1,20.0,1.0,1,6,15.05,-0.211,0.344,-8.046,35.0,24.77,0,20.0,1641.0,54.0,19.02,-0.31,-0.91,-0.14,1.05,11.44,-62.39,0,1,1,100.0
7,0.0,1,20.0,0.0,0,1,9.46,-0.093,0.704,-2.129,35.0,25.83,0,19.0,1641.0,54.0,15.24,-0.29,-1.08,0.0,-1.76,11.58,1.56,0,1,1,100.0
7,1.0,1,20.0,0.0,0,1,9.135200000000001,-0.0874,0.64184,-1.38532,35.0,25.83,0,19.0,1641.0,54.0,15.0328,-0.29,-1.08,-0.0056,-2.04,9.5864,3.6152,0,1,1,100.0
7,2.0,1,20.0,0.0,0,1,8.8176,-0.083,0.593,-0.801,35.0,25.83,0,21.4,1641.0,54.0,14.8316,-0.2888,-1.0788,-0.01,-2.3044,7.5736,5.5336,0,1,1,100.0
7,3.0,1,20.0,0.0,0,1,8.5264,-0.083,0.593,-0.801,35.0,25.83,0,32.599999999999994,1641.0,54.0,14.6524,-0.2832,-1.0732000000000002,-0.01,-2.5115999999999996,5.490400000000001,6.950399999999999,0,1,1,100.0
7,4.0,1,20.0,0.0,0,1,8.251999999999999,-0.083,0.593,-0.801,35.0,25.83,0,43.8,1641.0,54.0,14.478,-0.2776,-1.07,-0.0124,-2.69,3.4600000000000004,8.168,0,1,1,100.0
7,5.0,1,20.0,0.0,0,1,8.0,-0.083,0.593,-0.801,35.0,25.83,0,55.0,1641.0,54.0,14.31,-0.272,-1.07,-0.018000000000000002,-2.83,1.5,9.120000000000001,0,1,1,100.0
7,6.0,1,20.0,0.0,0,1,7.7696000000000005,-0.08192,0.8485999999999996,-0.5126400000000005,35.0,25.866,0,39.92000000000003,1641.0,54.0,14.1456,-0.2664,-1.0664,-0.023599999999999993,-2.9448,-0.27279999999999843,9.8452,0,1,1,100.0
7,7.0,1,20.0,0.0,0,1,7.5512,-0.08024,1.2461999999999995,-0.06408000000000035,35.0,25.922,0,10.240000000000025,1641.0,54.0,13.9832,-0.26080000000000003,-1.0608,-0.029199999999999993,-3.0456,-1.941599999999999,10.444399999999998,0,1,1,100.0
7,8.0,1,20.0,0.0,0,1,7.4456,-0.08,1.0039600000000002,0.0,35.0,25.9228,0,6.0,1641.0,54.0,13.8952,-0.26,-1.06,-0.03,-3.096,-2.7464,10.6548,0,1,1,100.0
7,9.0,1,20.0,0.0,0,1,7.3588,-0.08,0.65508,0.0,35.0,25.9144,0,6.0,1641.0,54.0,13.8196,-0.26,-1.06,-0.03,-3.138,-3.4072,10.8004,0,1,1,100.0
7,10.0,1,20.0,0.0,0,1,7.272,-0.08,0.3061999999999999,0.0,35.0,25.906,0,6.0,1641.0,54.0,13.744,-0.26,-1.06,-0.03,-3.18,-4.068,10.946,0,1,1,100.0
7,11.0,1,20.0,0.0,0,1,7.1716,-0.08,0.05204000000000002,0.0,35.0,25.9,0,6.0,1641.0,54.0,13.645199999999999,-0.2584,-1.0584,-0.03,-3.2372,-4.8104,11.0548,0,1,1,100.0
7,12.0,1,20.0,0.0,0,1,7.0372,-0.08,0.03468000000000004,0.0,35.0,25.9,0,6.0,1641.0,54.0,13.4884,-0.2528,-1.0528,-0.03,-3.3324,-5.756799999999998,11.0716,0,1,1,100.0
7,13.0,1,20.0,0.0,0,1,6.7692,-0.07916000000000001,0.057039999999999966,0.0,35.0,25.9,0,6.0,1641.0,54.0,13.0616,-0.24,-1.0372000000000001,-0.04,-3.6416,-7.4456,10.3908,0,1,1,100.0
7,14.0,1,20.0,0.0,0,1,6.7076,-0.07748000000000001,0.1371199999999999,0.0,35.0,25.9,0,6.0,1641.0,54.0,12.9048,-0.24,-1.0316,-0.04,-3.7647999999999997,-7.7368,9.8924,0,1,1,100.0
7,15.0,1,20.0,0.0,0,1,6.674,-0.0754,0.22,0.0,35.0,25.9,0,6.0,1641.0,54.0,12.748,-0.236,-1.03,-0.044000000000000004,-3.888,-7.848,9.214,0,1,1,100.0
7,16.0,1,20.0,0.0,0,1,6.6516,-0.07316,0.30399999999999994,0.0,35.0,25.9,0,6.0,1641.0,54.0,12.5912,-0.23040000000000002,-1.03,-0.0496,-4.0112,-7.8872,8.463600000000001,0,1,1,100.0
7,17.0,1,20.0,0.0,0,1,6.655200000000001,-0.07092000000000001,0.30012,0.0,35.0,25.9,0,6.0,1641.0,54.0,12.418800000000001,-0.22480000000000003,-1.0248,-0.05,-4.134399999999999,-7.7548,7.5104000000000015,0,1,1,100.0
7,18.0,1,20.0,0.0,0,1,6.664,-0.06844,0.3126799999999999,0.0,35.0,25.9,0,6.0,1641.0,54.0,12.242799999999999,-0.22,-1.02,-0.05,-4.2552,-7.5884,6.5152,0,1,1,100.0
7,19.0,1,20.0,0.0,0,1,6.692,-0.06452000000000001,0.4644399999999998,0.0,35.0,25.9,0,6.0,1641.0,54.0,12.0524,-0.22,-1.02,-0.05,-4.3616,-7.297200000000001,5.361600000000002,0,1,1,100.0
7,20.0,1,20.0,0.0,0,1,6.7299999999999995,-0.0604,0.5722,0.0,35.0,25.9,0,6.0,1641.0,54.0,11.854,-0.218,-1.02,-0.052000000000000005,-4.458,-6.970000000000001,4.156,0,1,1,100.0
7,21.0,1,20.0,0.0,0,1,6.786,-0.055920000000000004,0.60076,0.0,35.0,25.9,0,6.0,1641.0,54.0,11.641200000000001,-0.2124,-1.02,-0.05759999999999999,-4.5364,-6.578,2.856800000000001,0,1,1,100.0
7,22.0,1,20.0,0.0,0,1,6.829199999999999,-0.05256,0.6437199999999998,0.0,35.0,25.904799999999998,0,6.0,1641.0,54.0,11.482800000000001,-0.2084,-1.0184,-0.06,-4.5812,-6.282000000000001,1.8952000000000013,0,1,1,100.0
7,23.0,1,20.0,0.0,0,1,6.862799999999999,-0.05004000000000001,0.6974799999999999,0.0,35.0,25.9132,0,6.0,1641.0,54.0,11.365200000000002,-0.2056,-1.0156,-0.06,-4.6008,-6.058000000000001,1.186800000000002,0,1,1,100.0
7,24.0,1,20.0,0.0,0,1,6.8964,-0.04752000000000001,0.7512399999999998,0.0,35.0,25.921599999999998,0,6.0,1641.0,54.0,11.247600000000002,-0.2028,-1.0128,-0.06,-4.6204,-5.834000000000001,0.47840000000000266,0,1,1,100.0
7,25.0,1,20.0,1.0,0,1,7.07,-0.028,1.1,0.0,35.0,25.9,0,7.0,1641.0,54.0,10.68,-0.19,-1.01,-0.07,-4.6,-4.77,-2.99,0,1,1,100.0
7,26.0,1,20.0,1.0,0,1,7.112,-0.022960000000000005,1.2895599999999998,0.0,35.0,25.9,0,7.0,1641.0,54.0,10.554,-0.1872,-1.01,-0.07,-4.5636,-4.5404,-3.8439999999999994,0,1,1,100.0
7,27.0,1,20.0,1.0,0,1,7.154,-0.01792000000000001,1.4791199999999995,0.0,35.0,25.9,0,7.0,1641.0,54.0,10.428,-0.1844,-1.01,-0.07,-4.5272,-4.3108,-4.697999999999999,0,1,1,100.0
7,28.0,1,20.0,1.0,0,1,7.196,-0.012880000000000015,1.6686799999999993,0.0,35.0,25.9,0,7.0,1641.0,54.0,10.302000000000001,-0.1816,-1.01,-0.07,-4.4908,-4.081200000000001,-5.551999999999998,0,1,1,100.0
7,29.0,1,20.0,1.0,0,1,7.406,0.01723999999999994,1.57044,0.0,35.0,25.93,0,7.0,1641.0,54.0,9.625200000000001,-0.16760000000000003,-1.01,-0.07239999999999998,-4.187600000000001,-3.0096000000000016,-10.295199999999992,0,1,1,100.0
7,30.0,1,20.0,1.0,0,1,7.489999999999999,0.031799999999999995,1.5318,0.0,35.0,25.93,0,7.0,1641.0,54.0,9.334,-0.162,-1.01,-0.078,-4.042,-2.612,-12.384,0,1,1,100.0
7,31.0,1,20.0,1.0,0,1,7.5668,0.04527999999999999,1.3750800000000003,0.0,35.0,25.9192,0,7.0,1641.0,54.0,9.017600000000002,-0.1564,-1.01,-0.08,-3.8892,-2.2360000000000007,-14.584399999999999,0,1,1,100.0
7,32.0,1,20.0,1.0,0,1,7.6396,0.05815999999999997,1.1527600000000005,0.0,35.0,25.9024,0,7.0,1641.0,54.0,8.6872,-0.15080000000000002,-1.01,-0.08,-3.7324,-1.8720000000000008,-16.846799999999998,0,1,1,100.0
7,33.0,1,20.0,1.0,0,1,7.6764,0.06263999999999999,0.9654800000000006,0.0,35.0,25.9,0,7.0,1641.0,54.0,8.474400000000001,-0.1476,-1.01,-0.08,-3.6428000000000003,-1.6784000000000006,-18.132399999999997,0,1,1,100.0
7,34.0,1,20.0,1.0,6,2,7.7072,0.06571999999999999,0.7840400000000007,0.0,35.0,25.9,0,7.0,1641.0,54.0,8.281200000000002,-0.1448,-1.01,-0.08,-3.5644000000000005,-1.5132000000000008,-19.255199999999995,0,1,1,100.0
7,35.0,1,20.0,1.0,6,2,7.7379999999999995,0.0688,0.6026,0.0,35.0,25.9,0,7.0,1641.0,54.0,8.088000000000001,-0.14200000000000002,-1.01,-0.08,-3.486,-1.3479999999999999,-20.378,0,1,1,100.0
7,36.0,1,20.0,0.8400000000000005,6,2,7.7744,0.07084,0.3602000000000004,0.00847999999999997,35.0,25.9,0,8.599999999999994,1641.0,54.0,7.814000000000001,-0.13840000000000002,-1.01,-0.08159999999999999,-3.3788000000000005,-1.1356000000000004,-21.720799999999997,0,1,1,100.0
7,37.0,1,20.0,0.2800000000000011,6,2,7.8248,0.07028000000000001,-0.03459999999999917,0.03815999999999994,35.0,25.9,0,14.199999999999989,1641.0,54.0,7.338000000000001,-0.13280000000000003,-1.01,-0.08719999999999999,-3.1996,-0.8052000000000007,-23.613599999999995,0,1,1,100.0
7,38.0,1,20.0,0.0,6,2,7.9,0.043200000000000016,-1.6174600000000003,-1.1573800000000003,35.0,25.8342,0,17.0,1641.0,54.0,5.971600000000001,-0.10720000000000002,-1.0114,-0.09,-2.6130000000000004,0.09099999999999944,-26.6178,0,1,1,100.0
7,39.0,1,20.0,0.0,6,2,7.9,0.03760000000000002,-1.4883800000000005,-1.0781400000000003,35.0,25.842599999999997,0,17.0,1641.0,54.0,5.674800000000001,-0.10160000000000002,-1.0142,-0.09,-2.4590000000000005,0.27299999999999924,-26.6934,0,1,1,100.0
7,40.0,1,20.0,0.0,6,2,7.9,0.032,-1.3593,-0.9989,35.0,25.851,0,17.0,1641.0,54.0,5.378,-0.096,-1.017,-0.09,-2.305,0.455,-26.769000000000002,0,1,1,100.0
7,41.0,1,20.0,0.0,6,2,7.9,0.026400000000000003,-1.23022,-0.9196600000000001,35.0,25.8594,0,17.0,1641.0,54.0,5.0812,-0.09040000000000001,-1.0198,-0.09,-2.1510000000000002,0.6369999999999998,-26.8446,0,1,1,100.0
7,42.0,1,20.0,0.5199999999999989,6,2,7.8232,0.007840000000000008,-0.6596400000000003,-0.06468000000000101,35.0,25.9,0,17.52,1641.0,54.0,3.4240000000000013,-0.05960000000000003,-1.02,-0.09519999999999999,-0.9724000000000009,1.4283999999999994,-23.6,0,1,1,100.0
7,43.0,1,20.0,1.0,6,2,7.7696000000000005,0.0033600000000000136,-0.5133999999999999,0.43147999999999825,35.0,25.8968,0,18.0,1641.0,54.0,2.8440000000000016,-0.04920000000000002,-1.0208,-0.1,-0.4660000000000018,1.6451999999999996,-21.666400000000007,0,1,1,100.0
7,44.0,1,20.0,1.0,6,2,7.6968000000000005,-0.001119999999999982,-0.5581999999999998,0.9948399999999976,35.0,25.874399999999998,0,18.0,1641.0,54.0,2.312000000000002,-0.04360000000000002,-1.0264,-0.1,0.12199999999999764,1.7515999999999996,-19.051200000000012,0,1,1,100.0
7,45.0,1,20.0,1.0,6,2,7.6160000000000005,-0.0057999999999999744,-0.5700000000000002,1.5015999999999978,35.0,25.854,0,18.0,1641.0,54.0,1.8020000000000023,-0.03600000000000006,-1.032,-0.1,0.7299999999999968,1.7900000000000005,-16.202000000000016,0,1,1,100.0
7,46.0,1,20.0,1.0,6,2,7.520800000000001,-0.01083999999999997,-0.5224000000000003,1.9064799999999975,35.0,25.8372,0,18.0,1641.0,54.0,1.3316000000000028,-0.02480000000000007,-1.0376,-0.1,1.3739999999999961,1.7060000000000004,-12.931600000000019,0,1,1,100.0
7,47.0,1,20.0,1.0,6,2,7.412800000000001,-0.015879999999999988,-0.49336,2.378239999999999,35.0,25.8076,0,18.0,1641.0,54.0,0.8932000000000008,-0.016800000000000013,-1.04,-0.1,2.0051999999999985,1.4972000000000005,-9.373200000000008,0,1,1,100.0
7,48.0,1,20.0,1.0,6,2,7.2952,-0.02091999999999996,-0.4782400000000001,2.9001599999999956,35.0,25.7684,0,18.0,1641.0,54.0,0.4788000000000034,-0.011200000000000045,-1.04,-0.1,2.626799999999995,1.1948000000000023,-5.598800000000031,0,1,1,100.0
7,49.0,1,20.0,1.0,6,2,7.2172,-0.022219999999999997,-0.3370600000000007,2.9347800000000004,35.0,25.76,0,18.0,1641.0,54.0,0.24480000000000077,-0.0056000000000000225,-1.0422,-0.1,2.9799999999999986,0.9496000000000009,-3.1576000000000084,0,1,1,100.0
7,50.0,1,20.0,1.0,6,2,7.15,-0.0225,-0.16149999999999995,2.8365,35.0,25.76,0,18.0,1641.0,54.0,0.06,0.0,-1.045,-0.1,3.26,0.72,-1.08,0,1,1,100.0
7,51.0,1,20.0,1.0,6,2,7.082800000000001,-0.022779999999999998,0.014059999999998997,2.7382200000000005,35.0,25.76,0,18.0,1641.0,54.0,-0.12479999999999888,0.005599999999999966,-1.0478,-0.1,3.5399999999999983,0.4904000000000014,0.9975999999999873,0,1,1,100.0
7,52.0,1,20.0,1.0,6,2,6.9988,-0.022640000000000004,0.16747999999999985,2.5999200000000005,35.0,25.7636,0,18.0,1641.0,54.0,-0.33959999999999935,0.01119999999999999,-1.0524,-0.1,3.857199999999999,0.19480000000000108,3.580399999999991,0,1,1,100.0
7,53.0,1,20.0,1.0,6,2,6.853200000000001,-0.020960000000000013,0.23971999999999943,2.3148800000000023,35.0,25.7804,0,18.0,1641.0,54.0,-0.6643999999999973,0.016799999999999954,-1.0635999999999999,-0.1,4.310799999999996,-0.34279999999999566,8.015599999999964,0,1,1,100.0
7,54.0,1,20.0,1.0,6,2,6.4476,-0.013800000000000012,0.33836000000000027,1.4230400000000012,35.0,25.8372,0,18.0,1641.0,54.0,-1.3967999999999994,0.022399999999999975,-1.0848,-0.09760000000000002,5.150399999999999,-1.825999999999998,20.81799999999998,0,1,1,100.0
7,55.0,1,20.0,1.0,6,2,6.302,-0.011,0.2762,1.1267999999999998,35.0,25.854,0,18.0,1641.0,54.0,-1.576,0.027999999999999997,-1.096,-0.092,5.268,-2.33,25.549999999999997,0,1,1,100.0
7,56.0,1,20.0,1.0,6,2,6.163600000000001,-0.008560000000000014,0.2709199999999998,0.8712400000000013,35.0,25.874399999999998,0,18.0,1641.0,54.0,-1.6939999999999995,0.03,-1.1072,-0.09,5.2596,-2.7979999999999974,30.310799999999972,0,1,1,100.0
7,57.0,1,20.0,1.0,6,2,6.0292,-0.006320000000000004,0.29723999999999995,0.6382800000000005,35.0,25.8968,0,18.0,1641.0,54.0,-1.7779999999999998,0.03,-1.1184,-0.09,5.1812000000000005,-3.245999999999999,35.087599999999995,0,1,1,100.0
7,58.0,1,20.0,1.0,6,2,5.909200000000001,-0.005040000000000009,0.23332000000000064,0.4221200000000017,35.0,25.9,0,18.0,1641.0,54.0,-1.7708000000000002,0.03,-1.1296,-0.09,4.934800000000002,-3.631599999999997,39.835599999999964,0,1,1,100.0
7,59.0,1,20.0,1.0,6,2,5.7936000000000005,-0.0038800000000000067,0.16163999999999992,0.20404000000000114,35.0,25.9,0,18.0,1641.0,54.0,-1.7420000000000004,0.03,-1.1403999999999999,-0.08960000000000001,4.649600000000001,-4.003999999999999,44.564799999999984,0,1,1,100.0
7,60.0,1,20.0,1.0,6,2,5.704,-0.0021999999999999997,0.18460000000000001,-0.0754,35.0,25.9,0,18.0,1641.0,54.0,-1.6300000000000001,0.03,-1.146,-0.084,4.224,-4.34,49.112,0,1,1,100.0
7,61.0,1,20.0,1.0,6,2,5.6328,-0.0008400000000000034,0.1825200000000004,-0.27556,35.0,25.9,0,18.0,1641.0,54.0,-1.5252000000000006,0.03,-1.1507999999999998,-0.08,3.8448000000000015,-4.633599999999999,52.93999999999998,0,1,1,100.0
7,62.0,1,20.0,1.0,6,2,5.6076,-0.0002800000000000011,0.11784000000000014,-0.27752,35.0,25.9,0,18.0,1641.0,54.0,-1.4384000000000001,0.03,-1.1536,-0.08,3.5816000000000003,-4.821199999999999,54.96999999999999,0,1,1,100.0
7,63.0,1,20.0,1.0,6,2,5.5824,0.0002799999999999955,0.05316000000000052,-0.27947999999999995,35.0,25.9,0,18.0,1641.0,54.0,-1.3516000000000008,0.03,-1.1563999999999999,-0.08,3.3184000000000022,-5.008799999999998,56.999999999999986,0,1,1,100.0
7,64.0,1,20.0,1.0,6,2,5.5572,0.0008399999999999978,-0.011519999999999747,-0.28143999999999997,35.0,25.9,0,18.0,1641.0,54.0,-1.2648000000000004,0.03,-1.1592,-0.08,3.055200000000001,-5.196399999999999,59.029999999999994,0,1,1,100.0
7,65.0,1,20.0,1.0,6,2,5.537999999999999,0.001,-0.022,-0.2108,35.0,25.9,0,18.0,1641.0,54.0,-1.1,0.026,-1.164,-0.08,2.588,-5.586,61.91,0,1,1,100.0
7,66.0,1,20.0,1.0,6,2,5.521199999999999,0.001,-0.010800000000000072,-0.11112000000000058,35.0,25.9,0,18.0,1641.0,54.0,-0.9040000000000012,0.020400000000000036,-1.1696,-0.08,2.0392000000000032,-6.056399999999997,65.12999999999998,0,1,1,100.0
7,67.0,1,20.0,1.0,6,2,5.546,0.00048000000000000115,-0.0978799999999998,-0.042120000000000136,35.0,25.9,0,18.0,1641.0,54.0,-0.7340000000000003,0.014800000000000011,-1.17,-0.08,1.526800000000001,-6.6671999999999985,67.2944,0,1,1,100.0
7,68.0,1,20.0,0.9200000000000046,6,2,5.729199999999999,-0.0010799999999999955,-0.10407999999999977,0.26527999999999924,35.0,25.9,0,17.920000000000005,1641.0,54.0,-0.4084000000000001,0.01,-1.1584,-0.08,0.26200000000000273,-8.677599999999993,70.224,0,1,1,100.0
7,69.0,1,20.0,0.36000000000000226,6,2,5.8636,-0.0016399999999999978,-0.13263999999999987,0.3582399999999996,35.0,25.9,0,17.360000000000003,1641.0,54.0,-0.39720000000000005,0.01,-1.1472,-0.08,-0.07399999999999862,-9.500799999999996,69.412,0,1,1,100.0
7,70.0,1,20.0,0.1,6,2,5.9830000000000005,-0.0022,-0.1444,0.4323,35.0,25.9,0,17.1,1641.0,54.0,-0.405,0.01,-1.138,-0.079,-0.32899999999999996,-10.166,68.472,0,1,1,100.0
7,71.0,1,20.0,0.37999999999999834,6,2,6.075399999999999,-0.002759999999999997,-0.12592000000000012,0.47233999999999976,35.0,25.9,0,17.38,1641.0,54.0,-0.4469999999999998,0.01,-1.1324,-0.07620000000000002,-0.43819999999999937,-10.546799999999998,67.30160000000001,0,1,1,100.0
7,72.0,1,20.0,0.6599999999999995,6,2,6.1678,-0.003319999999999999,-0.10744000000000004,0.51238,35.0,25.9,0,17.66,1641.0,54.0,-0.48899999999999993,0.01,-1.1268,-0.0734,-0.5473999999999998,-10.9276,66.13119999999999,0,1,1,100.0
7,73.0,1,20.0,0.9399999999999977,6,2,6.260199999999999,-0.0038799999999999954,-0.08896000000000015,0.5524199999999997,35.0,25.9,0,17.939999999999998,1641.0,54.0,-0.5309999999999997,0.01,-1.1212000000000002,-0.07060000000000002,-0.6565999999999992,-11.308399999999997,64.9608,0,1,1,100.0
7,74.0,1,20.0,0.4399999999999977,6,2,6.909999999999999,-0.004439999999999998,0.009439999999999883,0.6552399999999999,35.0,25.9,0,17.439999999999998,1641.0,54.44,-1.0115999999999992,0.02,-1.0724000000000002,-0.07,-0.9063999999999999,-12.4312,54.045200000000015,0,1,1,100.0
7,75.0,1,20.0,1.0,1,5,7.19,-0.005,0.038,0.681,35.0,25.9,0,18.0,1641.0,55.0,-1.23,0.02,-1.05,-0.07,-0.94,-12.56,49.05,0,1,1,100.0
7,76.0,1,20.0,0.4400000000000034,1,5,7.509199999999998,-0.005559999999999996,0.0217600000000001,0.6350800000000003,35.0,25.860799999999998,0,18.559999999999995,1641.0,55.0,-1.4259999999999988,0.025599999999999967,-1.0332000000000001,-0.07,-0.9176000000000001,-12.039200000000005,43.186800000000034,0,1,1,100.0
7,77.0,1,20.0,0.0,1,5,7.833199999999999,-0.010799999999999955,-0.40211999999999604,0.41012000000000176,35.0,25.8252,0,19.0,1641.0,55.0,-1.6003999999999998,0.03,-1.0152,-0.07,-0.8880000000000001,-11.378000000000004,37.23000000000001,0,1,1,100.0
7,78.0,1,20.0,0.0,1,5,8.174799999999996,-0.03319999999999982,-2.3206799999999843,-0.47131999999999274,35.0,25.802799999999998,0,19.0,1641.0,55.0,-1.6955999999999993,0.03,-0.9928000000000001,-0.07,-0.8320000000000005,-10.202000000000009,30.93000000000005,0,1,1,100.0
7,79.0,1,20.0,0.0,1,5,8.447999999999999,-0.05163999999999994,-3.3447600000000004,-1.069199999999999,35.0,25.7816,0,19.0,1641.0,55.0,-1.7308000000000001,0.03,-0.9764,-0.0712,-0.7760000000000002,-9.168800000000003,25.95000000000001,0,1,1,100.0
7,80.0,1,20.0,0.0,1,5,8.629999999999999,-0.0648,-3.1761999999999997,-1.289,35.0,25.762,0,19.0,1641.0,55.0,-1.686,0.03,-0.968,-0.07400000000000001,-0.72,-8.325999999999999,22.729999999999997,0,1,1,100.0
7,81.0,1,20.0,0.0,1,5,8.811999999999998,-0.07795999999999992,-3.0076400000000008,-1.5087999999999986,35.0,25.7424,0,19.0,1641.0,55.0,-1.6412000000000002,0.03,-0.9596,-0.0768,-0.6640000000000004,-7.4832000000000045,19.51000000000002,0,1,1,100.0
7,82.0,1,20.0,0.0,1,5,8.994,-0.09111999999999998,-2.83908,-1.7285999999999995,35.0,25.7228,0,19.0,1641.0,55.0,-1.5964000000000003,0.03,-0.9511999999999999,-0.07959999999999999,-0.6080000000000001,-6.640400000000001,16.290000000000006,0,1,1,100.0
7,83.0,1,20.0,0.0,1,5,9.981999999999998,-0.14391999999999988,-2.086680000000003,-2.9972399999999966,35.0,25.6164,0,19.0,1641.0,55.0,-0.4324000000000051,0.010400000000000091,-0.9008000000000002,-0.08479999999999996,-0.044000000000002065,-1.5880000000000145,-0.96719999999995,0,1,1,100.0
7,84.0,1,20.0,0.0,1,6,10.344399999999998,-0.15979999999999997,-1.734000000000001,-3.427919999999998,35.0,25.574399999999997,0,19.0,1641.0,55.0,0.21639999999999623,-0.0011999999999999318,-0.8792000000000001,-0.09039999999999998,0.2095999999999989,0.1419999999999948,-7.185999999999976,0,1,1,100.0
7,85.0,1,20.0,0.0,1,6,10.685999999999996,-0.17099999999999987,-1.4120000000000033,-3.902799999999995,35.0,25.496000000000002,0,19.0,1641.0,55.0,1.1459999999999906,-0.01799999999999983,-0.8680000000000001,-0.09599999999999995,0.4839999999999972,1.429999999999987,-13.149999999999938,0,1,1,100.0
7,86.0,1,20.0,0.0,1,6,11.017999999999997,-0.18107999999999996,-1.080880000000002,-4.399119999999996,35.0,25.4176,0,19.0,1641.0,55.0,2.149199999999993,-0.034799999999999894,-0.8552000000000001,-0.10159999999999997,0.7503999999999985,2.5291999999999963,-19.005199999999967,0,1,1,100.0
7,87.0,1,20.0,0.0,1,6,11.325999999999999,-0.18836,-0.7269600000000007,-4.949039999999999,35.0,25.3392,0,19.0,1641.0,55.0,3.3363999999999976,-0.051599999999999965,-0.8384,-0.10719999999999999,0.9967999999999996,3.1563999999999988,-24.58839999999999,0,1,1,100.0
7,88.0,1,20.0,0.0,1,6,11.614399999999998,-0.19395999999999997,-0.4788800000000012,-5.430359999999997,35.0,25.2692,0,19.0,1641.0,55.0,4.624399999999989,-0.06839999999999986,-0.8272,-0.11279999999999996,1.181599999999999,3.47,-29.939199999999957,0,1,1,100.0
7,89.0,1,20.0,0.0,1,6,11.8832,-0.19788,-0.33664000000000055,-5.843079999999999,35.0,25.207600000000003,0,19.0,1641.0,55.0,6.013199999999994,-0.08519999999999993,-0.8216,-0.11839999999999998,1.3047999999999995,3.47,-35.05759999999998,0,1,1,100.0
7,90.0,1,20.0,0.0,1,6,12.115999999999998,-0.20099999999999998,-0.2900000000000001,-6.179799999999997,35.0,25.150000000000002,0,19.0,1641.0,55.0,7.501999999999985,-0.10599999999999977,-0.812,-0.12399999999999994,1.3200000000000003,3.1660000000000044,-39.79599999999996,0,1,1,100.0
7,91.0,1,20.0,0.0,1,6,12.334399999999999,-0.20379999999999998,-0.2816000000000001,-6.486119999999998,35.0,25.094,0,19.0,1641.0,55.0,9.03079999999999,-0.12839999999999988,-0.8008000000000001,-0.12959999999999997,1.2920000000000003,2.7404000000000024,-44.382399999999976,0,1,1,100.0
7,92.0,1,20.0,0.0,1,6,12.4254,-0.204,-0.20846000000000098,-6.636439999999999,35.0,25.0718,0,19.0,1641.0,55.0,9.88359999999999,-0.14039999999999986,-0.8,-0.13259999999999997,1.1808000000000014,2.416200000000004,-46.519599999999976,0,1,1,100.0
7,93.0,1,20.0,0.0,1,6,12.506599999999999,-0.204,-0.13034000000000065,-6.774759999999999,35.0,25.0522,0,19.0,1641.0,55.0,10.684399999999993,-0.15159999999999993,-0.8,-0.1354,1.063200000000001,2.0998000000000028,-48.46839999999999,0,1,1,100.0
7,94.0,1,20.0,0.0,1,6,12.5878,-0.204,-0.052220000000000336,-6.913079999999999,35.0,25.0326,0,19.0,1641.0,55.0,11.485199999999997,-0.16279999999999997,-0.8,-0.1382,0.9456000000000004,1.7834000000000014,-50.417199999999994,0,1,1,100.0
7,95.0,1,20.0,0.0,1,6,12.834,-0.1942,1.0962,-8.9172,35.0,24.483999999999998,0,19.0,1641.0,55.0,15.118,-0.218,-0.8160000000000001,-0.14,0.25,1.238,-57.17,0,1,1,100.0
7,96.0,1,20.0,0.0,1,6,12.8732,-0.18356000000000017,0.7831600000000051,-9.52535999999999,35.0,24.271200000000004,0,19.0,1641.0,55.0,16.344399999999982,-0.24039999999999964,-0.8327999999999998,-0.14,0.05400000000000322,1.6803999999999928,-58.625999999999976,0,1,1,100.0
7,97.0,1,20.0,0.0,1,6,12.8772,-0.1735600000000001,0.8630799999999954,-10.20327999999999,35.0,24.000800000000005,0,19.0,1641.0,55.0,17.36279999999999,-0.2627999999999997,-0.8495999999999998,-0.1368000000000001,-0.03319999999999993,2.535599999999986,-59.288399999999996,0,1,1,100.0
7,98.0,1,20.0,0.0,1,6,12.8548,-0.16404000000000007,1.237719999999997,-10.933519999999994,35.0,23.687200000000004,0,19.0,1641.0,55.0,18.225199999999994,-0.2851999999999998,-0.8663999999999998,-0.13120000000000004,-0.03879999999999995,3.700399999999991,-59.355599999999995,0,1,1,100.0
7,99.0,1,20.0,0.4399999999999977,1,6,12.7796,-0.15364000000000005,1.2643200000000003,-11.24532,35.0,23.448400000000003,0,19.439999999999998,1641.0,55.0,18.801599999999997,-0.3031999999999999,-0.8876,-0.12120000000000004,0.0787999999999994,5.256799999999993,-58.3932,0,1,1,100.0
7,100.0,1,20.0,1.0,3,7,12.69,-0.143,1.196,-11.443,35.0,23.23,0,20.0,1641.0,55.0,19.3,-0.32,-0.91,-0.11,0.23,6.92,-57.15,0,1,1,100.0
8,0.0,1,20.0,0.0,0,1,8.35,-0.097,0.438,-2.434,35.0,25.79,0,19.0,1641.0,55.0,16.1,-0.32,-1.1,-0.03,-0.95,10.74,-0.3,0,1,1,100.0
8,1.0,1,20.0,0.0,0,1,8.0491,-0.09169,0.53004,-1.85049,35.0,25.79,0,19.0,1641.0,55.0,15.7873,-0.3141,-1.1,-0.03,-1.1801000000000001,9.5364,1.6705999999999999,0,1,1,100.0
8,2.0,1,20.0,0.0,0,1,7.7985999999999995,-0.088,0.594,-1.445,35.0,25.79,0,20.8,1641.0,55.0,15.525,-0.3082,-1.0991000000000002,-0.0309,-1.3679000000000001,8.537099999999999,3.2182,0,1,1,100.0
8,3.0,1,20.0,0.0,0,1,7.6629,-0.088,0.594,-1.445,35.0,25.79,0,26.700000000000003,1641.0,55.0,15.3775,-0.3023,-1.0961500000000002,-0.03385,-1.4593500000000001,8.00315,3.8023000000000002,0,1,1,100.0
8,4.0,1,20.0,0.0,0,1,7.5272,-0.088,0.594,-1.445,35.0,25.79,0,32.6,1641.0,55.0,15.23,-0.2964,-1.0932000000000002,-0.0368,-1.5508,7.469199999999999,4.3864,0,1,1,100.0
8,5.0,1,20.0,0.0,0,1,7.3915,-0.088,0.594,-1.445,35.0,25.79,0,38.5,1641.0,55.0,15.0825,-0.2905,-1.0902500000000002,-0.03975,-1.64225,6.93525,4.9704999999999995,0,1,1,100.0
8,6.0,1,20.0,0.0,0,1,7.164,-0.088,0.594,-1.445,35.0,25.79,0,49.80000000000001,1641.0,55.0,14.8054,-0.2846,-1.0846,-0.04,-1.7904,6.096199999999999,5.5384,0,1,1,100.0
8,7.0,1,20.0,0.0,0,1,6.6217999999999995,-0.06,7.264199999999998,0.0,35.0,25.92805,0,8.0,1641.0,55.0,14.05815,-0.26935000000000003,-1.07,-0.040650000000000006,-2.1549500000000004,4.258649999999999,6.14335,0,1,1,100.0
8,8.0,1,20.0,0.0,0,1,6.5392,-0.06,4.986799999999999,0.0,35.0,25.9192,0,8.0,1641.0,55.0,13.913599999999999,-0.2664,-1.07,-0.0436,-2.2228000000000003,4.0256,6.0224,0,1,1,100.0
8,9.0,1,20.0,0.0,0,1,6.4566,-0.06,2.709399999999999,0.0,35.0,25.910349999999998,0,8.0,1641.0,55.0,13.76905,-0.26345,-1.07,-0.04655,-2.2906500000000003,3.79255,5.90145,0,1,1,100.0
8,10.0,1,20.0,0.0,0,1,6.3740000000000006,-0.06,0.43199999999999983,0.0,35.0,25.9015,0,8.0,1641.0,55.0,13.6245,-0.2605,-1.07,-0.0495,-2.3585000000000003,3.5595,5.7805,0,1,1,100.0
8,11.0,1,20.0,0.0,0,1,6.0665,-0.05257,0.47657,0.0,36.0,25.9,0,8.0,1641.0,55.0,12.8748,-0.24509999999999998,-1.0551000000000001,-0.05,-2.7176,2.7986999999999997,4.158899999999999,0,1,1,100.0
8,12.0,1,20.0,0.0,0,1,5.982,-0.04835999999999999,0.48020000000000007,0.0,36.0,25.9,0,8.0,1641.0,55.0,12.5916,-0.23839999999999997,-1.0492000000000001,-0.05080000000000001,-2.8608000000000002,2.5899999999999994,3.305199999999998,0,1,1,100.0
8,13.0,1,20.0,0.0,0,1,5.923,-0.04364,0.5333,0.0,36.0,25.9,0,8.0,1641.0,55.0,12.3084,-0.2266,-1.0433000000000001,-0.0567,-3.0142,2.4425,2.2372999999999994,0,1,1,100.0
8,14.0,1,20.0,0.0,0,1,5.877,-0.03839999999999999,0.563,0.0,36.0,25.9,0,8.0,1641.0,55.0,12.0226,-0.21739999999999998,-1.04,-0.06,-3.1676,2.3131999999999997,1.075799999999998,0,1,1,100.0
8,15.0,1,20.0,0.0,0,1,5.8475,-0.0325,0.563,0.0,36.0,25.9,0,8.0,1641.0,55.0,11.7335,-0.2115,-1.04,-0.06,-3.3209999999999997,2.2070000000000003,-0.20450000000000007,0,1,1,100.0
8,16.0,1,20.0,0.4400000000000006,0,1,5.8312,-0.027919999999999997,0.54672,0.0,36.0,25.9,0,8.440000000000001,1641.0,55.0,11.435599999999999,-0.2056,-1.0356,-0.06,-3.4744,2.1272,-1.5860000000000016,0,1,1,100.0
8,17.0,1,20.0,1.0,0,1,5.8209,-0.02369999999999999,0.5336800000000003,0.0,36.0,25.9009,0,9.0,1641.0,55.0,11.1335,-0.1997,-1.03,-0.06,-3.6272,2.0573,-3.007700000000003,0,1,1,100.0
8,18.0,1,20.0,1.0,0,1,5.8386,-0.017799999999999996,0.6847200000000001,0.0,36.0,25.918599999999998,0,9.0,1641.0,55.0,10.809,-0.1938,-1.03,-0.06,-3.7688,2.0042,-4.535800000000001,0,1,1,100.0
8,19.0,1,20.0,1.0,0,1,5.852799999999999,-0.013089999999999996,0.77164,0.0,36.0,25.9279,0,9.0,1641.0,55.0,10.5601,-0.1893,-1.0293,-0.060700000000000004,-3.8733,1.9629999999999999,-5.709700000000001,0,1,1,100.0
8,20.0,1,20.0,1.0,0,1,5.860666666666666,-0.010533333333333334,0.7425333333333334,0.0,36.0,25.922,0,9.0,1641.0,55.0,10.448,-0.18733333333333332,-1.0273333333333334,-0.06266666666666666,-3.9106666666666667,1.9433333333333334,-6.242666666666667,0,1,1,100.0
8,21.0,1,20.0,1.0,0,1,5.868533333333333,-0.007976666666666663,0.7134266666666667,0.0,36.0,25.9161,0,9.0,1641.0,55.0,10.335899999999999,-0.18536666666666665,-1.0253666666666668,-0.06463333333333333,-3.948033333333333,1.9236666666666666,-6.775633333333333,0,1,1,100.0
8,22.0,1,20.0,1.0,0,1,5.876399999999999,-0.005419999999999994,0.6843199999999999,0.0,36.0,25.9102,0,9.0,1641.0,55.0,10.223799999999999,-0.18339999999999998,-1.0234,-0.0666,-3.9854,1.904,-7.308600000000001,0,1,1,100.0
8,23.0,1,20.0,1.0,0,1,5.884266666666666,-0.0028633333333333254,0.6552133333333333,0.0,36.0,25.9043,0,9.0,1641.0,55.0,10.111699999999999,-0.18143333333333334,-1.0214333333333334,-0.06856666666666668,-4.022766666666667,1.8843333333333334,-7.841566666666669,0,1,1,100.0
8,24.0,1,20.0,1.0,0,1,6.0212,0.02888000000000004,1.0488000000000008,0.0,36.0,25.9,0,9.0,1641.0,55.0,8.687599999999998,-0.15839999999999999,-1.02,-0.07160000000000002,-4.301200000000001,1.5379999999999996,-14.335200000000006,0,1,1,100.0
8,25.0,1,20.0,1.0,0,1,6.0625,0.0395,1.2582499999999999,0.0,36.0,25.9,0,9.0,1641.0,55.0,8.31,-0.1525,-1.02,-0.0775,-4.3425,1.4200000000000002,-16.0875,0,1,1,100.0
8,26.0,1,20.0,1.0,0,1,6.097,0.05080000000000001,1.38202,0.0,36.0,25.9,0,9.0,1641.0,55.0,7.929,-0.1432,-1.0166,-0.08,-4.3804,1.3019999999999998,-17.901,0,1,1,100.0
8,27.0,1,20.0,1.0,0,1,6.1265,0.06260000000000003,1.44279,0.0,36.0,25.9,0,9.0,1641.0,55.0,7.5455,-0.1314,-1.0107,-0.08,-4.4158,1.1839999999999997,-19.759500000000003,0,1,1,100.0
8,28.0,1,20.0,1.0,0,1,6.1352,0.06746666666666667,1.3985199999999998,0.0,36.0,25.9,0,9.0,1641.0,55.0,7.383866666666666,-0.12826666666666667,-1.01,-0.08,-4.4286666666666665,1.135333333333333,-20.548533333333335,0,1,1,100.0
8,29.0,1,20.0,1.0,0,1,6.1411,0.07140000000000002,1.3401099999999997,0.0,36.0,25.9,0,9.0,1641.0,55.0,7.2520999999999995,-0.1263,-1.01,-0.08,-4.4385,1.0959999999999999,-21.193600000000004,0,1,1,100.0
8,30.0,1,20.0,1.0,0,1,6.147,0.07533333333333334,1.2817,0.0,36.0,25.9,0,9.0,1641.0,55.0,7.120333333333333,-0.12433333333333334,-1.01,-0.08,-4.448333333333333,1.0566666666666666,-21.83866666666667,0,1,1,100.0
8,31.0,1,20.0,1.0,0,1,6.1529,0.07926666666666668,1.22329,0.0,36.0,25.9,0,9.0,1641.0,55.0,6.988566666666666,-0.12236666666666667,-1.01,-0.08,-4.458166666666666,1.0173333333333332,-22.483733333333333,0,1,1,100.0
8,32.0,1,20.0,1.0,0,1,6.1588,0.08320000000000001,1.16488,0.0,36.0,25.9,0,9.0,1641.0,55.0,6.8568,-0.1204,-1.01,-0.08,-4.468,0.9779999999999999,-23.128800000000002,0,1,1,100.0
8,33.0,1,20.0,1.0,0,1,6.1647,0.09246000000000003,1.0406699999999995,0.0,36.0,25.9,0,9.0,1641.0,55.0,6.486899999999999,-0.11529999999999999,-1.01,-0.08,-4.4841,0.8712999999999996,-24.759300000000007,0,1,1,100.0
8,34.0,1,20.0,0.0,6,2,6.136399999999999,0.10237999999999993,-0.2796000000000047,-0.18306000000000602,36.0,25.884999999999998,0,18.0,1641.0,55.0,5.190599999999998,-0.08939999999999998,-1.01,-0.09,-4.459199999999999,0.62,-28.8592,0,1,1,100.0
8,35.0,1,20.0,0.0,6,2,6.101,0.08645,-1.495,-1.74715,36.0,25.737499999999997,0,18.0,1641.0,55.0,4.6065,-0.0835,-1.01,-0.09,-4.353,0.62,-29.343,0,1,1,100.0
8,36.0,1,20.0,0.0,6,2,5.946400000000001,0.04687999999999999,-1.2061999999999995,-3.08272,36.0,25.627200000000002,0,18.0,1641.0,55.0,2.930799999999999,-0.055199999999999985,-1.0124,-0.09240000000000001,-3.808,0.7536,-28.186799999999998,0,1,1,100.0
8,37.0,1,20.0,0.0,6,2,5.8637999999999995,0.03920999999999999,-0.7666499999999992,-3.1139900000000003,36.0,25.6449,0,18.0,1641.0,55.0,2.2935999999999988,-0.04339999999999998,-1.0183,-0.09830000000000001,-3.4834999999999994,0.8362000000000002,-26.753099999999996,0,1,1,100.0
8,38.0,1,20.0,0.4200000000000017,6,2,5.760199999999999,0.033219999999999986,-0.5904399999999999,-2.889899999999999,36.0,25.679399999999998,0,18.42,1641.0,55.0,1.6857999999999982,-0.03159999999999997,-1.02,-0.1,-3.087599999999999,0.9104000000000002,-24.811199999999992,0,1,1,100.0
8,39.0,1,20.0,1.0,6,2,5.6478,0.027929999999999986,-0.5192799999999994,-2.565089999999999,36.0,25.7207,0,19.0,1641.0,55.0,1.0911999999999982,-0.019799999999999957,-1.02,-0.1,-2.661099999999998,0.9808000000000001,-22.65589999999999,0,1,1,100.0
8,40.0,1,20.0,1.0,6,2,5.518,0.0238,-0.3588,-2.3934,36.0,25.762,0,19.0,1641.0,55.0,0.5720000000000001,-0.008,-1.02,-0.1,-2.136,1.028,-20.054,0,1,1,100.0
8,41.0,1,20.0,1.0,6,2,5.378699999999999,0.020239999999999998,-0.24220999999999998,-2.22437,36.0,25.7976,0,19.0,1641.0,55.0,0.08319999999999961,0.0019000000000000056,-1.02,-0.1019,-1.5842999999999994,1.0562,-17.379899999999996,0,1,1,100.0
8,42.0,1,20.0,1.0,6,2,5.219399999999999,0.017879999999999997,-0.21801999999999994,-2.0609399999999996,36.0,25.821199999999997,0,19.0,1641.0,55.0,-0.3416000000000008,0.007800000000000012,-1.02,-0.1078,-0.9765999999999988,1.0444,-14.553799999999994,0,1,1,100.0
8,43.0,1,20.0,1.0,6,2,5.10635,0.016444999999999998,-0.22935000000000008,-1.9263699999999997,36.0,25.835549999999998,0,19.0,1641.0,55.0,-0.5980500000000004,0.011850000000000008,-1.02185,-0.11,-0.533549999999999,1.01965,-12.602749999999995,0,1,1,100.0
8,44.0,1,20.0,1.0,6,2,5.0207999999999995,0.015559999999999997,-0.26180000000000014,-1.8089599999999997,36.0,25.8444,0,19.0,1641.0,55.0,-0.7544000000000006,0.014800000000000011,-1.0248,-0.11,-0.1883999999999987,0.9872,-11.171999999999995,0,1,1,100.0
8,45.0,1,20.0,1.0,6,2,4.93525,0.014675,-0.29425,-1.69155,36.0,25.85325,0,19.0,1641.0,55.0,-0.9107500000000001,0.017750000000000002,-1.02775,-0.11,0.15674999999999994,0.95475,-9.74125,0,1,1,100.0
8,46.0,1,20.0,1.0,6,2,4.826599999999999,0.013439999999999987,-0.3076599999999997,-1.5410999999999986,36.0,25.86,0,19.0,1641.0,55.0,-1.0818000000000012,0.021400000000000034,-1.03,-0.11,0.5992000000000044,0.8991999999999993,-7.993399999999984,0,1,1,100.0
8,47.0,1,20.0,1.0,6,2,4.643699999999999,0.011079999999999996,-0.2598699999999999,-1.2844499999999996,36.0,25.86,0,19.0,1641.0,55.0,-1.3001000000000005,0.027300000000000012,-1.03,-0.11,1.3544000000000014,0.7693999999999998,-5.226299999999995,0,1,1,100.0
8,48.0,1,20.0,1.0,6,2,4.1772,0.005519999999999994,-0.3437599999999996,-0.5544399999999987,36.0,25.8664,0,19.0,1641.0,55.0,-1.6508000000000003,0.03,-1.03,-0.11160000000000002,3.3368000000000033,0.33599999999999913,1.1900000000000097,0,1,1,100.0
8,49.0,1,20.0,1.0,6,2,4.0798499999999995,0.004634999999999997,-0.2953799999999998,-0.38746999999999937,36.0,25.8782,0,19.0,1641.0,55.0,-1.6891500000000002,0.03,-1.03,-0.11455000000000001,3.773400000000002,0.21799999999999956,2.443750000000005,0,1,1,100.0
8,50.0,1,20.0,1.0,6,2,3.9825,0.00375,-0.247,-0.22049999999999997,36.0,25.89,0,19.0,1641.0,55.0,-1.7275,0.03,-1.03,-0.1175,4.21,0.10000000000000002,3.6975,0,1,1,100.0
8,51.0,1,20.0,1.0,6,2,3.5420999999999987,-0.001450000000000017,-0.2630500000000005,0.5839200000000027,36.0,25.86,0,19.0,1641.0,55.0,-1.8209000000000002,0.03,-1.0309000000000001,-0.11909999999999996,6.210500000000005,-0.5857000000000026,9.272600000000015,0,1,1,100.0
8,52.0,1,20.0,1.0,6,2,3.3591999999999995,-0.0044000000000000055,-0.3486000000000002,1.0488400000000009,36.0,25.86,0,19.0,1641.0,55.0,-1.8268,0.03,-1.0368,-0.11319999999999998,7.066000000000002,-1.0164000000000009,11.715200000000005,0,1,1,100.0
8,53.0,1,20.0,1.0,6,2,3.1816999999999984,-0.007620000000000028,-0.4033700000000002,1.4408600000000023,36.0,25.8519,0,19.0,1641.0,55.0,-1.8354000000000001,0.03,-1.04,-0.11,7.8783000000000065,-1.5119000000000045,14.206400000000018,0,1,1,100.0
8,54.0,1,20.0,1.0,6,2,3.0105999999999993,-0.011160000000000014,-0.4216600000000001,1.7464800000000011,36.0,25.8342,0,19.0,1641.0,55.0,-1.8472000000000002,0.03,-1.04,-0.11,8.639400000000004,-2.0842000000000023,16.75520000000001,0,1,1,100.0
8,55.0,1,20.0,1.0,6,2,2.8575000000000004,-0.0138,-0.24735,1.8487,36.0,25.83,0,19.0,1641.0,55.0,-1.8815,0.0345,-1.0445,-0.11,9.3015,-2.7735000000000003,19.483999999999998,0,1,1,100.0
8,56.0,1,20.0,1.0,6,2,2.7111999999999994,-0.01596,-0.02371999999999955,1.8788399999999994,36.0,25.83,0,19.0,1641.0,55.0,-1.9264000000000006,0.04,-1.0504,-0.11,9.920000000000003,-3.509600000000005,22.29400000000002,0,1,1,100.0
8,57.0,1,20.0,1.0,6,2,2.5814,-0.015369999999999998,0.054160000000000146,1.78798,36.0,25.83,0,19.0,1641.0,55.0,-2.0208000000000004,0.04,-1.0563,-0.11,10.3625,-4.388700000000002,25.450500000000005,0,1,1,100.0
8,58.0,1,20.0,1.0,6,2,2.4625999999999992,-0.014779999999999995,0.13314000000000062,1.6689599999999989,36.0,25.83,0,19.0,1641.0,55.0,-2.121800000000001,0.04,-1.0644000000000002,-0.11,10.719200000000003,-5.329400000000009,28.76980000000003,0,1,1,100.0
8,59.0,1,20.0,1.0,6,2,2.3623,-0.014189999999999998,0.2139700000000003,1.5025799999999994,36.0,25.83,0,19.0,1641.0,55.0,-2.2339000000000007,0.04,-1.0762,-0.11,10.931600000000001,-6.373700000000004,32.36290000000002,0,1,1,100.0
8,60.0,1,20.0,1.0,6,2,2.306,-0.0132,0.2496,1.3496000000000001,36.0,25.836,0,19.0,1641.0,55.0,-2.304,0.042,-1.084,-0.11,10.984,-7.124,34.870000000000005,0,1,1,100.0
8,61.0,1,20.0,1.0,6,2,2.2706,-0.012019999999999994,0.26376000000000005,1.202984999999999,36.0,25.844849999999997,0,19.0,1641.0,55.0,-2.35415,0.04495000000000002,-1.0899,-0.11,10.9604,-7.734650000000003,36.86125000000001,0,1,1,100.0
8,62.0,1,20.0,1.0,6,2,2.2352,-0.010839999999999997,0.27792,1.0563699999999998,36.0,25.8537,0,19.0,1641.0,55.0,-2.4043,0.047900000000000005,-1.0958,-0.11,10.9368,-8.3453,38.852500000000006,0,1,1,100.0
8,63.0,1,20.0,1.0,6,2,2.1997999999999998,-0.009149999999999978,0.2852799999999999,0.8600299999999975,36.0,25.866799999999998,0,19.0,1641.0,55.0,-2.4570000000000003,0.05,-1.1051000000000002,-0.11,10.828199999999997,-9.16420000000001,41.47360000000003,0,1,1,100.0
8,64.0,1,20.0,1.0,6,2,2.1643999999999997,-0.0061999999999999885,0.27584,0.5408399999999988,36.0,25.8904,0,19.0,1641.0,55.0,-2.5160000000000005,0.05,-1.1228,-0.11,10.509599999999999,-10.497600000000004,45.65080000000002,0,1,1,100.0
8,65.0,1,20.0,1.0,6,2,2.16225,-0.003,-0.01315,0.24485,36.0,25.892999999999997,0,19.0,1641.0,55.0,-2.57,0.05,-1.1535,-0.11,9.22825,-13.2365,55.179,0,1,1,100.0
8,66.0,1,20.0,1.0,6,2,2.1829,-0.003,-0.006659999999999963,0.2867400000000002,36.0,25.8812,0,19.0,1641.0,55.0,-2.57,0.05,-1.1594,-0.11,8.871299999999998,-13.584600000000002,56.91360000000001,0,1,1,100.0
8,67.0,1,20.0,1.0,6,2,2.2035500000000003,-0.003,-0.0001699999999999877,0.3286300000000001,36.0,25.8694,0,19.0,1641.0,55.0,-2.57,0.05,-1.1653,-0.11,8.51435,-13.9327,58.6482,0,1,1,100.0
8,68.0,1,20.0,1.0,6,2,2.238000000000001,-0.0031200000000000047,7.999999999981428e-05,0.3786800000000006,36.0,25.86,0,19.0,1641.0,55.0,-2.5711999999999997,0.05,-1.17,-0.11,8.063199999999995,-14.2088,60.56160000000002,0,1,1,100.0
8,69.0,1,20.0,1.0,6,2,2.3265000000000007,-0.0037100000000000024,-0.02411000000000009,0.4606900000000003,36.0,25.86,0,19.0,1641.0,55.0,-2.5771,0.05,-1.17,-0.11,7.2430999999999965,-14.2029,63.17530000000001,0,1,1,100.0
8,70.0,1,20.0,1.0,6,2,2.693,-0.0053,-0.0906,0.6441,36.0,25.872,0,19.0,1641.0,55.0,-2.625,0.05,-1.1669999999999998,-0.107,4.96,-12.107999999999999,67.213,0,1,1,100.0
8,71.0,1,20.0,1.0,6,2,2.875900000000001,-0.005890000000000004,-0.08587999999999998,0.7190300000000004,36.0,25.895599999999998,0,19.0,1641.0,55.0,-2.6545,0.05,-1.1610999999999998,-0.10109999999999997,4.133999999999995,-10.609399999999992,67.51389999999999,0,1,1,100.0
8,72.0,1,20.0,1.0,6,2,3.0924000000000005,-0.006,-0.07491999999999999,0.7896400000000001,36.0,25.9,0,19.0,1641.0,55.0,-2.6888,0.05,-1.1503999999999999,-0.1,3.384799999999999,-8.697999999999997,66.73479999999999,0,1,1,100.0
8,73.0,1,20.0,1.0,6,2,3.306450000000001,-0.006035000000000002,-0.06522500000000007,0.8532750000000001,36.0,25.9,0,19.0,1641.0,55.0,-2.7214000000000005,0.05,-1.13895,-0.09964999999999999,2.706399999999998,-6.796999999999991,65.68929999999999,0,1,1,100.0
8,74.0,1,20.0,1.0,6,2,3.4451000000000005,-0.006330000000000001,-0.07555000000000005,0.8724500000000001,36.0,25.9,0,19.0,1641.0,55.0,-2.7332,0.05,-1.1300999999999999,-0.0967,2.423199999999999,-5.675999999999996,64.5034,0,1,1,100.0
8,75.0,1,20.0,1.0,6,2,3.5837499999999998,-0.006625,-0.085875,0.891625,36.0,25.9,0,19.0,1641.0,55.0,-2.745,0.05,-1.12125,-0.09375,2.14,-4.555,63.3175,0,1,1,100.0
8,76.0,1,20.0,1.0,6,2,3.7224000000000004,-0.006920000000000002,-0.09620000000000006,0.9108000000000002,36.0,25.9,0,19.0,1641.0,55.0,-2.7567999999999997,0.05,-1.1124,-0.09079999999999998,1.8567999999999985,-3.433999999999993,62.1316,0,1,1,100.0
8,77.0,1,20.0,1.0,6,2,4.558000000000001,-0.008,-0.034169999999999805,0.9507800000000001,36.0,25.8772,0,19.0,1641.0,55.43,-2.7384999999999997,0.05,-1.0628,-0.08569999999999998,1.1039999999999996,1.9932000000000034,51.98809999999999,0,1,1,100.0
8,78.0,1,20.0,0.9799999999999954,1,5,4.913000000000003,-0.008,0.06725999999999961,0.97728,36.0,25.899199999999997,0,19.0,1641.0,56.0,-2.7067999999999994,0.049799999999999955,-1.0389999999999997,-0.08,0.994400000000001,3.890400000000011,47.04299999999996,0,1,1,100.0
8,79.0,1,20.0,0.3899999999999977,1,5,5.296500000000002,-0.008,0.015929999999999802,0.98554,36.0,25.8756,0,19.0,1641.0,56.0,-2.6123999999999996,0.04389999999999998,-1.0094999999999998,-0.08,1.1242000000000005,5.3772000000000055,41.231499999999976,0,1,1,100.0
8,80.0,1,20.0,0.0,1,5,5.686,-0.0166,-0.7472000000000001,0.7056,36.0,25.854,0,19.0,1641.0,56.0,-2.492,0.04,-0.982,-0.08,1.3499999999999999,6.706,35.224000000000004,0,1,1,100.0
8,81.0,1,20.0,0.0,1,5,6.087200000000003,-0.041970000000000146,-2.8983400000000126,-0.13633000000000484,36.0,25.836299999999998,0,19.0,1641.0,56.0,-2.3208999999999986,0.04,-0.9583999999999998,-0.08,1.7630000000000023,7.726700000000006,28.834299999999963,0,1,1,100.0
8,82.0,1,20.0,0.0,1,5,6.496000000000001,-0.07000000000000006,-3.4352399999999994,-0.6993400000000007,36.0,25.814799999999998,0,19.0,1641.0,56.0,-2.0927999999999995,0.03619999999999999,-0.9348,-0.08,2.3394000000000013,8.4852,22.197599999999987,0,1,1,100.0
8,83.0,1,20.0,0.0,1,5,6.9090000000000025,-0.09950000000000023,-3.080059999999997,-1.1082100000000032,36.0,25.7912,0,19.0,1641.0,56.0,-1.8331999999999982,0.030299999999999952,-0.9111999999999999,-0.08,3.0061000000000053,9.098800000000006,15.424399999999947,0,1,1,100.0
8,84.0,1,20.0,0.0,1,5,7.126,-0.11192000000000005,-2.839399999999999,-1.370920000000001,36.0,25.7704,0,19.0,1641.0,56.0,-1.6575999999999993,0.027199999999999988,-0.8987999999999999,-0.07719999999999999,3.4236000000000018,9.281200000000002,11.761999999999986,0,1,1,100.0
8,85.0,1,20.0,0.0,1,5,7.332500000000002,-0.12342500000000012,-2.6048749999999976,-1.6258000000000026,36.0,25.74975,0,19.0,1641.0,56.0,-1.4864999999999984,0.024249999999999973,-0.8869999999999999,-0.07424999999999997,3.827750000000004,9.440500000000002,8.266249999999966,0,1,1,100.0
8,86.0,1,20.0,0.0,1,5,7.5390000000000015,-0.13493000000000008,-2.3703499999999984,-1.8806800000000015,36.0,25.7291,0,19.0,1641.0,56.0,-1.315399999999999,0.021299999999999982,-0.8752,-0.07129999999999999,4.231900000000002,9.5998,4.77049999999998,0,1,1,100.0
8,87.0,1,20.0,0.0,1,5,7.8544000000000045,-0.15023000000000022,-2.024779999999995,-2.3223400000000067,36.0,25.6969,0,19.0,1641.0,56.0,-1.0056999999999952,0.016699999999999934,-0.8600999999999998,-0.07,4.868700000000009,9.732700000000001,-0.7333000000000821,0,1,1,100.0
8,88.0,1,20.0,0.0,1,6,8.255600000000003,-0.16852000000000014,-1.5917199999999967,-2.9111600000000046,36.0,25.6556,0,19.0,1641.0,56.0,-0.5867999999999968,0.010799999999999955,-0.8423999999999998,-0.07,5.688800000000006,9.844800000000001,-7.819200000000055,0,1,1,100.0
8,89.0,1,20.0,0.0,1,6,9.09535,-0.19531500000000002,-1.0908749999999998,-4.064565000000001,36.0,25.48195,0,19.0,1641.0,56.0,0.6003000000000012,-0.005100000000000023,-0.81745,-0.07255000000000002,7.3805000000000005,9.82175,-23.763700000000014,0,1,1,100.0
8,90.0,1,20.0,0.0,1,6,9.263499999999999,-0.19915,-1.00975,-4.34865,36.0,25.4495,0,19.0,1641.0,56.0,0.9129999999999999,-0.011,-0.8145,-0.0755,7.704999999999999,9.7775,-27.227,0,1,1,100.0
8,91.0,1,20.0,0.0,1,6,9.43165,-0.20298499999999997,-0.9286250000000004,-4.632734999999999,36.0,25.41705,0,19.0,1641.0,56.0,1.2256999999999987,-0.016899999999999978,-0.81155,-0.07844999999999999,8.029499999999999,9.73325,-30.690299999999986,0,1,1,100.0
8,92.0,1,20.0,0.0,1,6,10.119200000000003,-0.21356,-0.2569599999999985,-5.860680000000005,36.0,25.232,0,19.0,1641.0,56.0,3.1648000000000116,-0.045600000000000133,-0.8056000000000002,-0.08280000000000007,9.017600000000003,9.256399999999998,-46.46680000000006,0,1,1,100.0
8,93.0,1,20.0,0.0,1,6,10.349300000000001,-0.21474000000000001,-0.128339999999999,-6.277220000000003,36.0,25.173,0,19.0,1641.0,56.0,4.144200000000008,-0.05740000000000009,-0.8174,-0.08870000000000004,9.265400000000001,9.038099999999998,-52.25470000000004,0,1,1,100.0
8,94.0,1,20.0,0.0,1,6,10.5288,-0.21223999999999998,0.22798000000000163,-7.0751000000000035,36.0,25.0128,0,19.0,1641.0,56.0,5.312200000000005,-0.07380000000000006,-0.8292,-0.09,9.504000000000001,8.9762,-56.920200000000015,0,1,1,100.0
8,95.0,1,20.0,0.0,1,6,10.687999999999999,-0.20865,0.59345,-7.9063,36.0,24.8365,0,19.0,1641.0,56.0,6.5485,-0.0925,-0.8414999999999999,-0.09,9.7415,8.9915,-61.1145,0,1,1,100.0
8,96.0,1,20.0,0.0,1,6,10.7824,-0.20451999999999995,0.3627599999999964,-7.933440000000001,36.0,24.795199999999998,0,19.0,1641.0,56.0,7.946800000000022,-0.12200000000000047,-0.8592000000000003,-0.09,9.995200000000004,9.363200000000006,-63.64560000000004,0,1,1,100.0
8,97.0,1,20.0,0.0,1,6,10.8469,-0.20131,0.19393999999999917,-7.906299999999999,36.0,24.7792,0,19.0,1641.0,56.0,9.315200000000015,-0.14920000000000028,-0.8815000000000004,-0.09,10.246600000000003,9.895900000000008,-65.4384,0,1,1,100.0
8,98.0,1,20.0,0.0,1,6,10.8646,-0.19954,0.12195999999999946,-7.794199999999999,36.0,24.802799999999998,0,19.0,1641.0,56.0,10.63680000000001,-0.17280000000000018,-0.9110000000000003,-0.09,10.494400000000002,10.680600000000005,-66.0756,0,1,1,100.0
8,99.0,1,20.0,0.0,1,6,10.8249,-0.19736,0.17708000000000043,-7.8834100000000005,36.0,24.764899999999997,0,19.0,1641.0,56.0,11.778000000000004,-0.19640000000000007,-0.9364000000000001,-0.09,10.684800000000001,11.625200000000005,-65.4828,0,1,1,100.0
8,100.0,1,20.0,0.0,3,7,10.76,-0.195,0.288,-8.061,36.0,24.7,0,19.0,1641.0,56.0,12.84,-0.22,-0.96,-0.09,10.85,12.64,-64.35,0,1,1,100.0
9,0.0,1,20.0,0.0,0,1,4.84,0.05,1.315,-0.959,36.0,25.83,0,19.0,1641.0,56.0,10.81,-0.21,-1.08,-0.02,-2.36,-10.56,-1.43,0,1,1,100.0
9,1.0,1,20.0,0.0,0,1,4.5645999999999995,0.05,1.315,-0.959,36.0,25.83,0,29.8,1641.0,56.0,10.459,-0.1992,-1.08,-0.0254,-2.7002,-12.3744,-1.2733999999999999,0,1,1,100.0
9,2.0,1,20.0,0.0,0,1,4.2932,0.05,1.315,-0.959,36.0,25.83,0,40.6,1641.0,56.0,10.108,-0.1892,-1.08,-0.0308,-3.0060000000000002,-14.124,-1.1303999999999998,0,1,1,100.0
9,3.0,1,20.0,0.0,0,1,4.0447999999999995,0.05,1.315,-0.959,36.0,25.83,0,51.400000000000006,1641.0,56.0,9.757,-0.1838,-1.08,-0.0362,-3.114,-15.501,-1.0655999999999999,0,1,1,100.0
9,4.0,1,20.0,0.0,0,1,3.806,0.04552,0.7301999999999994,-0.8055599999999998,36.0,25.868399999999998,0,50.839999999999996,1641.0,56.0,9.404399999999999,-0.1784,-1.0784,-0.041600000000000005,-3.1788,-16.726,-0.9351999999999999,0,1,1,100.0
9,5.0,1,20.0,0.0,0,1,3.5900000000000003,0.0304,-1.2435,-0.28769999999999996,36.0,25.998,0,23.300000000000004,1641.0,56.0,9.048,-0.17300000000000001,-1.073,-0.047,-3.141,-17.59,-0.649,0,1,1,100.0
9,6.0,1,20.0,0.24000000000000057,0,1,3.3908,0.019839999999999993,-1.9199999999999988,0.0,36.0,26.0292,0,8.24,1641.0,56.0,8.696399999999999,-0.16519999999999999,-1.07,-0.05,-3.072,-18.2332,-0.2163999999999993,0,1,1,100.0
9,7.0,1,20.0,0.7800000000000005,0,1,3.2126,0.014979999999999995,-0.9749999999999992,0.0,36.0,25.9374,0,8.780000000000001,1641.0,56.0,8.3508,-0.15439999999999998,-1.07,-0.05,-2.964,-18.6004,0.3992000000000006,0,1,1,100.0
9,8.0,1,20.0,0.6799999999999997,0,1,3.0504,0.009479999999999997,-0.63544,0.0,36.0,25.9,0,8.68,1641.0,56.0,8.018,-0.14679999999999999,-1.07,-0.05,-2.8496,-18.730800000000002,1.1940000000000006,0,1,1,100.0
9,9.0,1,20.0,0.13999999999999982,0,1,2.8992,0.0035399999999999993,-0.71212,0.0,36.0,25.9,0,8.14,1641.0,56.0,7.694,-0.1414,-1.07,-0.05,-2.7308000000000003,-18.6984,2.1120000000000005,0,1,1,100.0
9,10.0,1,20.0,0.0,0,1,2.772,-0.0004000000000000002,-0.5748,0.0,36.0,25.9,0,8.0,1641.0,56.0,7.402,-0.136,-1.066,-0.05,-2.624,-18.43,3.178,0,1,1,100.0
9,11.0,1,20.0,0.0,0,1,2.6532,-0.003640000000000004,-0.3625799999999998,0.0,36.0,25.9,0,8.0,1641.0,56.0,7.1212,-0.1306,-1.0606,-0.05,-2.5214,-18.079,4.295800000000001,0,1,1,100.0
9,12.0,1,20.0,0.0,0,1,2.6016,-0.004480000000000001,-0.2710799999999999,0.0,36.0,25.9,0,8.0,1641.0,56.0,6.989199999999999,-0.1276,-1.06,-0.05,-2.4715999999999996,-17.783199999999997,4.931200000000001,0,1,1,100.0
9,13.0,1,20.0,0.0,0,1,2.5584000000000002,-0.00502,-0.19466999999999998,0.0,36.0,25.9,0,8.0,1641.0,56.0,6.8758,-0.1249,-1.06,-0.05,-2.4284,-17.4943,5.5063,0,1,1,100.0
9,14.0,1,20.0,0.0,0,1,2.5152,-0.005560000000000001,-0.11825999999999988,0.0,36.0,25.9,0,8.0,1641.0,56.0,6.7623999999999995,-0.12219999999999999,-1.06,-0.05,-2.3851999999999998,-17.205399999999997,6.0814,0,1,1,100.0
9,15.0,1,20.0,0.0,0,1,2.352,-0.0069,0.0003000000000000034,0.0,36.0,25.903,0,8.0,1641.0,56.0,6.339,-0.119,-1.05,-0.05,-2.197,-15.443999999999999,8.554,0,1,1,100.0
9,16.0,1,20.0,0.0,0,1,2.3087999999999997,-0.006359999999999999,0.0829200000000001,0.0,36.0,25.9192,0,8.0,1641.0,56.0,6.2256,-0.11359999999999999,-1.05,-0.05,-2.1268,-14.601599999999998,9.277600000000001,0,1,1,100.0
9,17.0,1,20.0,0.0,0,1,2.2746,-0.005279999999999996,0.1849800000000003,0.0,36.0,25.924599999999998,0,8.0,1641.0,56.0,6.1302,-0.11,-1.0482,-0.05180000000000001,-2.062,-13.737599999999997,9.868,0,1,1,100.0
9,18.0,1,20.0,0.0,0,1,2.2584,-0.0031199999999999986,0.3259200000000001,0.0,36.0,25.9084,0,8.0,1641.0,56.0,6.0708,-0.11,-1.0428,-0.0572,-2.008,-12.8304,10.192,0,1,1,100.0
9,19.0,1,20.0,0.0,0,1,2.25,-0.0001799999999999941,0.4322800000000001,0.0,36.0,25.9,0,8.0,1641.0,56.0,6.0244,-0.11,-1.04,-0.06,-1.9696,-11.917999999999997,10.287199999999999,0,1,1,100.0
9,20.0,1,20.0,0.0,0,1,2.25,0.0036,0.5014000000000001,0.0,36.0,25.9,0,8.0,1641.0,56.0,5.992,-0.11,-1.04,-0.06,-1.948,-11.0,10.136,0,1,1,100.0
9,21.0,1,20.0,0.0,0,1,2.2601999999999998,0.009760000000000007,0.7269200000000003,0.0,36.0,25.9,0,8.0,1641.0,56.0,5.9698,-0.11,-1.0366,-0.06,-1.957,-10.098999999999998,9.658399999999999,0,1,1,100.0
9,22.0,1,20.0,0.0,0,1,2.2763999999999998,0.017320000000000012,1.0444400000000007,0.0,36.0,25.9,0,8.0,1641.0,56.0,5.9536,-0.11,-1.0312000000000001,-0.06,-1.984,-9.207999999999998,8.988799999999998,0,1,1,100.0
9,23.0,1,20.0,0.0,0,1,2.3094,0.026560000000000004,1.3367600000000002,0.0,36.0,25.9,0,8.0,1641.0,56.0,5.9332,-0.11,-1.0258,-0.06,-2.0446,-8.3674,7.895,0,1,1,100.0
9,24.0,1,20.0,0.0,0,1,2.3472000000000004,0.03628000000000004,1.621880000000001,0.0,36.0,25.9,0,8.0,1641.0,56.0,5.9116,-0.11,-1.0204,-0.06,-2.1148000000000002,-7.541199999999997,6.679999999999994,0,1,1,100.0
9,25.0,1,20.0,0.0,0,1,2.3725,0.044,1.7295,0.0,36.0,25.9,0,8.0,1641.0,56.0,5.890000000000001,-0.1075,-1.02,-0.06,-2.17,-7.13,5.755,0,1,1,100.0
9,26.0,1,20.0,0.0,0,1,2.3968,0.05156000000000001,1.82292,0.0,36.0,25.9,0,8.0,1641.0,56.0,5.8684,-0.1048,-1.02,-0.06,-2.224,-6.752,4.853199999999999,0,1,1,100.0
9,27.0,1,20.0,0.0,0,1,2.4211,0.05912000000000002,1.9163400000000002,0.0,36.0,25.9,0,8.0,1641.0,56.0,5.8468,-0.1021,-1.02,-0.06,-2.278,-6.374,3.9513999999999982,0,1,1,100.0
9,28.0,1,20.0,0.12000000000000172,0,1,2.4532000000000003,0.06896000000000006,2.0034,0.0,36.0,25.9,0,8.120000000000001,1641.0,56.0,5.8107999999999995,-0.1,-1.02,-0.06,-2.3488,-5.929999999999998,2.7147999999999923,0,1,1,100.0
9,29.0,1,20.0,0.6600000000000024,0,1,2.5126,0.08678000000000008,2.0682000000000005,0.0,36.0,25.9,0,8.660000000000002,1641.0,56.0,5.724399999999999,-0.1,-1.02,-0.06,-2.4784000000000006,-5.254999999999997,0.3063999999999898,0,1,1,100.0
9,30.0,1,20.0,1.0,0,1,2.6959999999999997,0.11760000000000001,0.5312,0.0,36.0,25.9,0,9.0,1641.0,56.0,5.239999999999999,-0.098,-1.018,-0.06,-2.86,-3.5,-7.5520000000000005,0,1,1,100.0
9,31.0,1,20.0,1.0,6,2,2.7662,0.11922,-0.03796000000000066,0.0,36.0,25.9,0,9.0,1641.0,56.0,4.943,-0.09259999999999999,-1.0126,-0.06,-2.968,-2.9869999999999997,-10.446400000000002,0,1,1,100.0
9,32.0,1,20.0,0.7199999999999989,6,2,2.8364000000000003,0.11888,-0.552240000000001,0.057960000000000234,36.0,25.8888,0,11.240000000000009,1641.0,56.0,4.581599999999999,-0.08439999999999998,-1.0128,-0.06280000000000001,-3.034,-2.5271999999999992,-13.114000000000006,0,1,1,100.0
9,33.0,1,20.0,0.17999999999999824,6,2,2.9066000000000005,0.11671999999999999,-1.0155600000000014,0.16974000000000036,36.0,25.8672,0,15.560000000000015,1641.0,56.0,4.160399999999998,-0.07359999999999997,-1.0182,-0.06820000000000002,-3.061,-2.1167999999999987,-15.571000000000009,0,1,1,100.0
9,34.0,1,20.0,0.0,6,2,2.9696000000000002,0.10159999999999991,-1.6156800000000027,-0.5605200000000049,36.0,25.8096,0,17.0,1641.0,56.0,3.6815999999999978,-0.06279999999999995,-1.02,-0.07,-2.9979999999999993,-1.681199999999998,-17.416000000000007,0,1,1,100.0
9,35.0,1,20.0,0.0,6,2,3.029,0.08,-2.2842,-1.7118,36.0,25.733999999999998,0,17.0,1641.0,56.0,3.174,-0.052000000000000005,-1.02,-0.07,-2.89,-1.2329999999999999,-18.955,0,1,1,100.0
9,36.0,1,20.0,0.0,6,2,3.0796,0.06323999999999998,-2.0097999999999994,-2.1762400000000004,36.0,25.72,0,17.0,1641.0,56.0,2.6443999999999996,-0.045599999999999995,-1.02,-0.07440000000000001,-2.65,-0.7363999999999994,-19.57,0,1,1,100.0
9,37.0,1,20.0,0.0,6,2,3.1282,0.04757999999999997,-1.521099999999999,-2.4845800000000007,36.0,25.72,0,17.0,1641.0,56.0,2.1097999999999986,-0.040199999999999986,-1.02,-0.07980000000000001,-2.3799999999999994,-0.22879999999999884,-19.974999999999998,0,1,1,100.0
9,38.0,1,20.0,0.0,6,2,3.1664000000000003,0.03971999999999998,-1.1109199999999986,-2.5313600000000003,36.0,25.72,0,17.0,1641.0,56.0,1.5959999999999983,-0.029599999999999967,-1.02,-0.08,-1.9747999999999988,0.2892000000000017,-19.3816,0,1,1,100.0
9,39.0,1,20.0,0.0,6,2,3.2009000000000003,0.03269999999999999,-0.7451299999999998,-2.5500799999999995,36.0,25.7212,0,17.0,1641.0,56.0,1.114199999999999,-0.019399999999999976,-1.0203,-0.08,-1.579399999999999,0.776100000000001,-18.737199999999998,0,1,1,100.0
9,40.0,1,20.0,0.0,6,2,3.209,0.030000000000000002,-0.7103,-2.4248000000000003,36.0,25.732,0,17.0,1641.0,56.0,0.8819999999999999,-0.014,-1.0230000000000001,-0.08,-1.304,1.0110000000000001,-17.992,0,1,1,100.0
9,41.0,1,20.0,0.0,6,2,3.2171000000000003,0.027299999999999998,-0.67547,-2.29952,36.0,25.7428,0,17.0,1641.0,56.0,0.6497999999999997,-0.008599999999999995,-1.0257,-0.08,-1.0285999999999997,1.2459000000000002,-17.2468,0,1,1,100.0
9,42.0,1,20.0,0.0,6,2,3.2252,0.024599999999999993,-0.6406399999999999,-2.1742399999999997,36.0,25.753600000000002,0,17.0,1641.0,56.0,0.41759999999999947,-0.003199999999999989,-1.0284,-0.08,-0.7531999999999994,1.4808000000000006,-16.501599999999996,0,1,1,100.0
9,43.0,1,20.0,1.0,6,2,3.2212,0.013019999999999985,-0.5401600000000002,-1.1163199999999982,36.0,25.836599999999997,0,18.0,1641.0,56.0,-0.6252000000000011,0.012200000000000018,-1.03,-0.09,0.9690000000000025,2.3404000000000007,-11.030799999999992,0,1,1,100.0
9,44.0,1,20.0,1.0,6,2,3.1995999999999998,0.00815999999999998,-0.6092800000000003,-0.5525599999999976,36.0,25.8528,0,18.0,1641.0,56.0,-0.9816000000000014,0.017600000000000022,-1.03,-0.09,1.7520000000000036,2.5132000000000008,-8.406399999999989,0,1,1,100.0
9,45.0,1,20.0,1.0,6,2,3.1689999999999996,0.0038999999999999803,-0.6204999999999998,0.0523000000000034,36.0,25.872,0,18.0,1641.0,56.0,-1.3050000000000015,0.023000000000000027,-1.0330000000000001,-0.09,2.589000000000005,2.578,-5.541999999999984,0,1,1,100.0
9,46.0,1,20.0,1.0,6,2,3.1312,0.00011999999999999621,-0.5853999999999999,0.6900400000000008,36.0,25.8936,0,18.0,1641.0,56.0,-1.6020000000000003,0.028400000000000005,-1.0384,-0.09,3.4692000000000007,2.5564,-2.4855999999999967,0,1,1,100.0
9,47.0,1,20.0,1.0,6,2,3.082,-0.004420000000000011,-0.61794,1.2924400000000014,36.0,25.873399999999997,0,18.0,1641.0,56.0,-1.8572000000000004,0.03380000000000001,-1.04,-0.09,4.387400000000002,2.3447999999999993,0.8330000000000072,0,1,1,100.0
9,48.0,1,20.0,1.0,6,2,3.0279999999999996,-0.009280000000000042,-0.6789600000000005,1.879960000000005,36.0,25.8356,0,18.0,1641.0,56.0,-2.094800000000002,0.03920000000000005,-1.04,-0.09,5.321600000000008,2.0531999999999972,4.262000000000029,0,1,1,100.0
9,49.0,1,20.0,1.0,6,2,2.9694,-0.01414000000000002,-0.5072199999999991,2.2269000000000014,36.0,25.8116,0,18.0,1641.0,56.0,-2.2956000000000008,0.04460000000000002,-1.0446,-0.09460000000000002,6.200600000000004,1.4993999999999974,7.948600000000016,0,1,1,100.0
9,50.0,1,20.0,1.0,6,2,2.91,-0.019,-0.295,2.532,36.0,25.79,0,18.0,1641.0,56.0,-2.49,0.05,-1.05,-0.1,7.07,0.9,11.68,0,1,1,100.0
9,51.0,1,20.0,1.0,6,2,2.8749,-0.018729999999999997,-0.13407999999999898,2.351099999999999,36.0,25.8008,0,18.0,1641.0,56.0,-2.576400000000001,0.05,-1.0554000000000001,-0.1,7.4372000000000025,0.4679999999999973,13.675300000000012,0,1,1,100.0
9,52.0,1,20.0,1.0,6,2,2.8398,-0.018459999999999997,0.026840000000000357,2.1702,36.0,25.8116,0,18.0,1641.0,56.0,-2.6628000000000003,0.05,-1.0608,-0.1,7.804400000000001,0.035999999999999095,15.670600000000004,0,1,1,100.0
9,53.0,1,20.0,1.0,6,2,2.8046999999999995,-0.018189999999999998,0.18776000000000137,1.9892999999999985,36.0,25.8224,0,18.0,1641.0,56.0,-2.749200000000001,0.05,-1.0662,-0.1,8.171600000000003,-0.3960000000000036,17.66590000000002,0,1,1,100.0
9,54.0,1,20.0,1.0,6,2,2.7591999999999994,-0.017039999999999986,0.30500000000000005,1.7563999999999986,36.0,25.834799999999998,0,18.0,1641.0,56.0,-2.8468000000000004,0.05160000000000003,-1.0732000000000002,-0.1,8.594800000000003,-1.0168000000000044,20.31480000000002,0,1,1,100.0
9,55.0,1,20.0,1.0,6,2,2.689,-0.0138,0.3185,1.4,36.0,25.851,0,18.0,1641.0,56.0,-2.971,0.057,-1.084,-0.1,9.151,-2.086,24.516000000000002,0,1,1,100.0
9,56.0,1,20.0,1.0,6,2,2.5292,-0.006639999999999995,0.27299999999999974,0.656759999999999,36.0,25.8648,0,18.0,1641.0,56.0,-3.1552000000000002,0.06,-1.1124,-0.1,10.1052,-5.206800000000004,35.850800000000014,0,1,1,100.0
9,57.0,1,20.0,1.0,6,2,2.5049,-0.005829999999999998,0.2392499999999999,0.5077199999999997,36.0,25.8756,0,18.0,1641.0,56.0,-3.1444,0.06,-1.1178000000000001,-0.1,10.1619,-5.852100000000001,38.03510000000001,0,1,1,100.0
9,58.0,1,20.0,1.0,6,2,2.4806,-0.005019999999999993,0.2054999999999997,0.3586799999999988,36.0,25.8864,0,18.0,1641.0,56.0,-3.1336,0.06,-1.1232,-0.1,10.2186,-6.497400000000005,40.21940000000002,0,1,1,100.0
9,59.0,1,20.0,1.0,6,2,2.4563,-0.004209999999999997,0.17174999999999987,0.2096399999999994,36.0,25.897199999999998,0,18.0,1641.0,56.0,-3.1228000000000002,0.06,-1.1285999999999998,-0.1,10.2753,-7.142700000000002,42.40370000000001,0,1,1,100.0
9,60.0,1,20.0,1.0,6,2,2.398,-0.0016,0.1632,-0.109,36.0,25.9,0,18.0,1641.0,56.0,-2.9000000000000004,0.057999999999999996,-1.152,-0.09,10.040000000000001,-10.241999999999999,52.266,0,1,1,100.0
9,61.0,1,20.0,1.0,6,2,2.3953,-0.0010599999999999965,0.08921999999999952,-0.09549999999999992,36.0,25.9,0,18.0,1641.0,56.0,-2.8324999999999996,0.05529999999999998,-1.1546999999999998,-0.09,9.9185,-10.865700000000004,54.20460000000001,0,1,1,100.0
9,62.0,1,20.0,1.0,6,2,2.3926000000000003,-0.0005199999999999989,0.015239999999999839,-0.08199999999999998,36.0,25.9,0,18.0,1641.0,56.0,-2.765,0.052599999999999994,-1.1574,-0.09,9.797,-11.489400000000002,56.1432,0,1,1,100.0
9,63.0,1,20.0,1.0,6,2,2.4528000000000008,-0.001,-0.04791999999999998,-0.03637999999999963,36.0,25.9,0,18.0,1641.0,56.0,-2.456599999999999,0.05,-1.1698,-0.09,9.004399999999997,-13.921600000000005,64.08740000000002,0,1,1,100.0
9,64.0,1,20.0,1.0,6,2,2.5284000000000004,-0.001,-0.04575999999999999,0.007360000000000182,36.0,25.9,0,18.0,1641.0,56.0,-2.3648,0.05,-1.1643999999999999,-0.09,8.583199999999998,-14.504800000000003,66.44720000000001,0,1,1,100.0
9,65.0,1,20.0,1.0,6,2,2.6109999999999998,-0.001,-0.040999999999999995,0.0479,36.0,25.895999999999997,0,18.0,1641.0,56.0,-2.283,0.049,-1.16,-0.089,8.156,-15.004000000000001,68.607,0,1,1,100.0
9,66.0,1,20.0,1.0,6,2,2.7244000000000006,-0.001,-0.024799999999999895,0.07436000000000016,36.0,25.874399999999998,0,18.0,1641.0,56.0,-2.2452,0.043599999999999965,-1.16,-0.08359999999999997,7.702399999999997,-15.133600000000001,69.88680000000001,0,1,1,100.0
9,67.0,1,20.0,1.0,6,2,2.8522000000000003,-0.0011800000000000011,-0.03380000000000012,0.1262000000000002,36.0,25.8672,0,18.0,1641.0,56.0,-2.229,0.04180000000000001,-1.1563999999999999,-0.08,7.246999999999999,-15.1084,70.758,0,1,1,100.0
9,68.0,1,20.0,1.0,6,2,3.0088000000000013,-0.0017200000000000045,-0.09320000000000049,0.22880000000000084,36.0,25.8888,0,18.0,1641.0,56.0,-2.2560000000000002,0.04720000000000005,-1.1455999999999997,-0.08,6.787999999999996,-14.773599999999997,70.812,0,1,1,100.0
9,69.0,1,20.0,0.7399999999999977,6,2,3.188800000000001,-0.0022600000000000025,-0.12504,0.32360000000000033,36.0,25.9,0,17.74,1641.0,56.0,-2.3142000000000005,0.05,-1.1321999999999999,-0.08,6.349799999999998,-14.230799999999997,70.2394,0,1,1,100.0
9,70.0,1,20.0,0.19999999999999996,6,2,3.394,-0.0028,-0.1272,0.41000000000000003,36.0,25.9,0,17.2,1641.0,56.0,-2.406,0.05,-1.116,-0.08,5.934,-13.464,68.992,0,1,1,100.0
9,71.0,1,20.0,0.1700000000000017,6,2,3.548200000000001,-0.003170000000000002,-0.11932999999999991,0.4528800000000001,36.0,25.9,0,17.17,1641.0,56.0,-2.4842000000000004,0.05,-1.1066,-0.07829999999999998,5.667799999999999,-12.826399999999996,67.7276,0,1,1,100.0
9,72.0,1,20.0,0.4400000000000006,6,2,3.6724000000000006,-0.0034400000000000008,-0.10555999999999997,0.47016,36.0,25.9,0,17.44,1641.0,56.0,-2.5544000000000002,0.05,-1.1012000000000002,-0.0756,5.489599999999999,-12.2648,66.4532,0,1,1,100.0
9,73.0,1,20.0,0.7100000000000023,6,2,3.796600000000001,-0.0037100000000000024,-0.09178999999999989,0.48744000000000015,36.0,25.9,0,17.71,1641.0,56.0,-2.6246000000000005,0.05,-1.0958,-0.07289999999999998,5.311399999999999,-11.703199999999995,65.1788,0,1,1,100.0
9,74.0,1,20.0,0.9800000000000012,6,2,3.9208000000000007,-0.003980000000000001,-0.07801999999999994,0.5047200000000001,36.0,25.9,0,17.98,1641.0,56.0,-2.6948000000000003,0.05,-1.0904,-0.0702,5.1331999999999995,-11.141599999999997,63.904399999999995,0,1,1,100.0
9,75.0,1,20.0,1.0,6,2,4.785,-0.005,-0.0785,0.6125,36.0,25.9,0,18.0,1641.0,56.5,-3.145,0.06,-1.0350000000000001,-0.07,4.484999999999999,-7.05,52.324999999999996,0,1,1,100.0
9,76.0,1,20.0,0.9799999999999983,1,5,5.103200000000001,-0.005020000000000002,-0.043379999999999946,0.6573200000000001,36.0,25.8986,0,18.020000000000003,1641.0,57.0,-3.2936000000000005,0.06,-1.0193999999999999,-0.06979999999999999,4.3266,-5.509799999999994,47.61939999999998,0,1,1,100.0
9,77.0,1,20.0,0.7099999999999994,1,5,5.2814000000000005,-0.00529,-0.03500999999999998,0.6751400000000001,36.0,25.8797,0,18.29,1641.0,57.0,-3.3422,0.06,-1.0113,-0.06709999999999999,4.2807,-4.562099999999998,44.77629999999999,0,1,1,100.0
9,78.0,1,20.0,0.43999999999999767,1,5,5.459600000000002,-0.0055600000000000024,-0.026639999999999928,0.6929600000000001,36.0,25.860799999999998,0,18.560000000000002,1641.0,57.0,-3.3908000000000005,0.06,-1.0031999999999999,-0.06439999999999999,4.2348,-3.614399999999992,41.93319999999997,0,1,1,100.0
9,79.0,1,20.0,0.16999999999999882,1,5,5.6378,-0.005830000000000001,-0.018269999999999963,0.7107800000000001,36.0,25.8419,0,18.830000000000002,1641.0,57.0,-3.4394000000000005,0.06,-0.9951,-0.06169999999999999,4.1889,-2.6666999999999956,39.090099999999985,0,1,1,100.0
9,80.0,1,20.0,0.0,1,5,6.522,-0.0518,-3.4292,-0.9118999999999999,36.0,25.787,0,19.0,1641.0,57.0,-3.396,0.059,-0.957,-0.061,4.127000000000001,2.332,24.788999999999998,0,1,1,100.0
9,81.0,1,20.0,0.0,1,5,6.716400000000001,-0.06476000000000008,-3.256939999999999,-1.1249300000000013,36.0,25.7789,0,19.0,1641.0,57.0,-3.3041999999999994,0.05629999999999998,-0.9489,-0.06370000000000002,4.1729,3.471400000000007,21.654299999999978,0,1,1,100.0
9,82.0,1,20.0,0.0,1,5,6.9108,-0.07772000000000003,-3.0846799999999996,-1.3379600000000005,36.0,25.7708,0,19.0,1641.0,57.0,-3.2123999999999997,0.053599999999999995,-0.9408,-0.06640000000000001,4.218800000000001,4.610800000000002,18.519599999999993,0,1,1,100.0
9,83.0,1,20.0,0.0,1,5,7.105200000000002,-0.09068000000000011,-2.9124199999999987,-1.5509900000000019,36.0,25.762700000000002,0,19.0,1641.0,57.0,-3.120599999999999,0.05089999999999998,-0.9327,-0.06910000000000002,4.2647,5.750200000000009,15.384899999999973,0,1,1,100.0
9,84.0,1,20.0,0.0,1,5,7.429200000000002,-0.1086800000000001,-2.6235199999999987,-1.9017200000000019,36.0,25.7204,0,19.0,1641.0,57.0,-2.8451999999999984,0.046399999999999976,-0.9192,-0.07,4.409600000000001,7.649200000000009,10.192799999999973,0,1,1,100.0
9,85.0,1,20.0,0.0,1,5,7.818000000000004,-0.12920000000000023,-2.2762999999999964,-2.3213000000000044,36.0,25.660999999999998,0,19.0,1641.0,57.0,-2.477999999999996,0.040999999999999946,-0.9029999999999998,-0.07,4.604000000000002,9.928000000000024,3.971999999999935,0,1,1,100.0
9,86.0,1,20.0,0.0,1,5,8.0418,-0.13960000000000006,-2.0929799999999994,-2.5655400000000013,36.0,25.6434,0,19.0,1641.0,57.0,-2.1789999999999985,0.035599999999999965,-0.8956,-0.07,4.7412,11.214600000000006,0.3647999999999806,0,1,1,100.0
9,87.0,1,20.0,0.0,1,5,8.2281,-0.14770000000000003,-1.9469099999999997,-2.7699300000000004,36.0,25.6353,0,19.0,1641.0,57.0,-1.8954999999999995,0.03019999999999999,-0.8902,-0.07,4.8654,12.275700000000002,-2.648400000000007,0,1,1,100.0
9,88.0,1,20.0,0.0,1,6,8.414400000000002,-0.15580000000000008,-1.8008399999999989,-2.974320000000002,36.0,25.627200000000002,0,19.0,1641.0,57.0,-1.6119999999999977,0.024799999999999954,-0.8847999999999999,-0.07,4.989600000000001,13.336800000000009,-5.661600000000027,0,1,1,100.0
9,89.0,1,20.0,0.0,1,6,9.840000000000002,-0.19860000000000003,-0.8291999999999995,-4.889700000000001,36.0,25.3658,0,19.0,1641.0,57.0,1.9542000000000048,-0.031800000000000064,-0.86,-0.09060000000000001,5.953800000000001,20.3286,-29.313400000000023,0,1,1,100.0
9,90.0,1,20.0,0.0,1,6,10.110000000000003,-0.20400000000000004,-0.7049999999999986,-5.130000000000003,36.0,25.328,0,19.0,1641.0,57.0,3.0720000000000116,-0.04800000000000017,-0.86,-0.09600000000000006,6.078000000000001,21.30600000000001,-34.114000000000054,0,1,1,100.0
9,91.0,1,20.0,0.0,1,6,10.366000000000001,-0.20884,-0.5772999999999991,-5.415940000000003,36.0,25.2846,0,19.0,1641.0,57.0,4.224800000000008,-0.0642000000000001,-0.86,-0.10140000000000005,6.1602,22.175600000000003,-38.74100000000003,0,1,1,100.0
9,92.0,1,20.0,0.0,1,6,10.582,-0.21208,-0.4395999999999997,-5.832280000000001,36.0,25.2252,0,19.0,1641.0,57.0,5.4776000000000025,-0.08040000000000003,-0.86,-0.10680000000000002,6.1224,22.7372,-42.87200000000001,0,1,1,100.0
9,93.0,1,20.0,0.0,1,6,10.776000000000002,-0.21444,-0.311799999999999,-6.146760000000001,36.0,25.1746,0,19.0,1641.0,57.0,6.7744000000000115,-0.09880000000000018,-0.8622000000000001,-0.11220000000000005,6.009799999999998,23.1426,-46.66420000000003,0,1,1,100.0
9,94.0,1,20.0,0.0,1,6,10.938,-0.21552,-0.19839999999999952,-6.31308,36.0,25.1368,0,19.0,1641.0,57.0,8.135200000000006,-0.12040000000000009,-0.8676,-0.11760000000000002,5.788399999999999,23.3208,-49.963600000000014,0,1,1,100.0
9,95.0,1,20.0,0.0,1,6,11.061,-0.2163,-0.1288,-6.465299999999999,36.0,25.099,0,19.0,1641.0,57.0,9.514,-0.145,-0.873,-0.123,5.444,23.31,-52.702,0,1,1,100.0
9,96.0,1,20.0,0.0,1,6,11.152800000000001,-0.21684,-0.09423999999999942,-6.606240000000002,36.0,25.0612,0,19.0,1641.0,57.0,10.907200000000024,-0.17200000000000046,-0.8784000000000001,-0.1284000000000001,5.001199999999993,23.148,-54.99160000000004,0,1,1,100.0
9,97.0,1,20.0,0.0,1,6,11.2066,-0.21624,0.13336000000000386,-6.940980000000005,36.0,24.9968,0,19.0,1641.0,57.0,12.216800000000017,-0.19520000000000026,-0.8914000000000002,-0.13,4.524199999999994,23.0126,-56.42240000000002,0,1,1,100.0
9,98.0,1,20.0,0.0,1,6,11.2444,-0.21516,0.4422400000000025,-7.357320000000003,36.0,24.9212,0,19.0,1641.0,57.0,13.49120000000001,-0.2168000000000002,-0.9076000000000002,-0.13,4.0327999999999955,22.8884,-57.491600000000005,0,1,1,100.0
9,99.0,1,20.0,0.0,1,6,11.2224,-0.21269999999999997,0.3136599999999991,-7.41808,36.0,24.8962,0,19.0,1641.0,57.0,14.535600000000004,-0.23840000000000008,-0.9192000000000001,-0.12539999999999998,3.6425999999999985,23.0816,-57.4154,0,1,1,100.0
9,100.0,1,20.0,0.0,3,7,11.19,-0.21,0.109,-7.417,36.0,24.88,0,19.0,1641.0,57.0,15.54,-0.26,-0.93,-0.12,3.27,23.33,-57.14,0,1,1,100.0
10,0.0,1,20.0,0.0,0,1,6.75,-0.074,0.511,-1.34,36.0,25.79,0,19.0,1641.0,57.0,15.18,-0.29,-1.08,0.01,-0.56,21.53,4.7,0,1,1,100.0
10,1.0,1,20.0,0.0,0,1,6.5246,-0.074,0.511,-1.34,36.0,25.79,0,28.8,1641.0,57.0,15.0477,-0.29,-1.08,0.0050999999999999995,-0.805,19.354400000000002,6.1014,0,1,1,100.0
10,2.0,1,20.0,0.0,0,1,6.2992,-0.074,0.511,-1.34,36.0,25.79,0,38.6,1641.0,57.0,14.9154,-0.29,-1.08,0.0001999999999999993,-1.05,17.1788,7.5028,0,1,1,100.0
10,3.0,1,20.0,0.0,0,1,6.0973,-0.074,0.511,-1.34,36.0,25.79,0,48.400000000000006,1641.0,57.0,14.7737,-0.2853,-1.08,0.0,-1.248,15.0314,8.5235,0,1,1,100.0
10,4.0,1,20.0,0.0,0,1,5.8964,-0.074,0.511,-1.34,36.0,25.79,0,58.2,1641.0,57.0,14.631599999999999,-0.28040000000000004,-1.08,0.0,-1.444,12.885200000000001,9.528,0,1,1,100.0
10,5.0,1,20.0,0.0,0,1,5.727,-0.07535,0.12895,-0.7370000000000001,36.0,25.852999999999998,0,36.5,1641.0,57.0,14.485,-0.2755,-1.0755000000000001,0.0,-1.5995,10.9145,10.285,0,1,1,100.0
10,6.0,1,20.0,0.0,0,1,5.5604,-0.07682,-0.2870600000000002,-0.08039999999999972,36.0,25.921599999999998,0,11.99999999999999,1641.0,57.0,14.338000000000001,-0.2706,-1.0706,0.0,-1.7514,8.9594,11.02,0,1,1,100.0
10,7.0,1,20.0,0.0,0,1,5.4239,-0.07743,-0.2051299999999999,0.0,36.0,25.93,0,9.0,1641.0,57.0,14.1867,-0.27,-1.07,-0.004300000000000004,-1.8818000000000001,7.262299999999999,11.5443,0,1,1,100.0
10,8.0,1,20.0,0.0,0,1,5.2916,-0.07792,-0.053719999999999934,0.0,36.0,25.93,0,9.0,1641.0,57.0,14.0348,-0.27,-1.07,-0.009200000000000003,-2.0092,5.601199999999999,12.0392,0,1,1,100.0
10,9.0,1,20.0,0.0,0,1,5.1838999999999995,-0.078,-0.03597,0.0,36.0,25.9177,0,9.0,1641.0,57.0,13.887,-0.2659,-1.0659,-0.01,-2.1325,4.2189,12.316799999999999,0,1,1,100.0
10,10.0,1,20.0,0.0,0,1,5.0809999999999995,-0.078,-0.0443,0.0,36.0,25.903,0,9.0,1641.0,57.0,13.74,-0.261,-1.061,-0.01,-2.255,2.891,12.552,0,1,1,100.0
10,11.0,1,20.0,0.0,0,1,5.034649999999999,-0.078,-0.03917499999999999,0.0,36.0,25.9,0,9.0,1641.0,57.0,13.6515,-0.25805,-1.0580500000000002,-0.011950000000000002,-2.3268,2.2221999999999995,12.58245,0,1,1,100.0
10,12.0,1,20.0,0.0,0,1,5.0028,-0.078,-0.03059999999999999,0.0,36.0,25.9,0,9.0,1641.0,57.0,13.578000000000001,-0.2556,-1.0556,-0.014400000000000003,-2.3856,1.7223999999999997,12.5604,0,1,1,100.0
10,13.0,1,20.0,0.0,0,1,4.970949999999999,-0.078,-0.022024999999999993,0.0,36.0,25.9,0,9.0,1641.0,57.0,13.5045,-0.25315,-1.05315,-0.01685,-2.4444,1.2225999999999997,12.53835,0,1,1,100.0
10,14.0,1,20.0,0.0,0,1,4.9391,-0.078,-0.01344999999999998,0.0,36.0,25.9,0,9.0,1641.0,57.0,13.431000000000001,-0.2507,-1.0507,-0.019300000000000005,-2.5032,0.7227999999999991,12.5163,0,1,1,100.0
10,15.0,1,20.0,0.0,0,1,4.8565000000000005,-0.0746,0.22245,0.0,36.0,25.9,0,9.0,1641.0,57.0,12.971,-0.24,-1.0465,-0.02,-2.8405,-1.1684999999999999,11.396,0,1,1,100.0
10,16.0,1,20.0,0.0,0,1,4.8515999999999995,-0.07264,0.2944800000000001,0.0,36.0,25.9,0,9.0,1641.0,57.0,12.8044,-0.24,-1.0416,-0.02,-2.9532000000000003,-1.6144000000000005,10.7884,0,1,1,100.0
10,17.0,1,20.0,0.0,0,1,4.8665,-0.06968999999999999,0.45198000000000044,0.0,36.0,25.9,0,9.0,1641.0,57.0,12.6213,-0.2367,-1.0367,-0.02330000000000001,-3.0560000000000005,-1.9283000000000006,10.015799999999999,0,1,1,100.0
10,18.0,1,20.0,0.0,0,1,4.891,-0.06626,0.65092,0.0,36.0,25.9,0,9.0,1641.0,57.0,12.4302,-0.2318,-1.0318,-0.028200000000000003,-3.154,-2.1782000000000004,9.1632,0,1,1,100.0
10,19.0,1,20.0,0.0,0,1,4.913950000000001,-0.06329499999999999,0.72865,0.0,36.0,25.9,0,9.0,1641.0,57.0,12.293349999999998,-0.22845000000000001,-1.03,-0.03,-3.2117,-2.30565,8.502799999999999,0,1,1,100.0
10,20.0,1,20.0,0.0,0,1,4.936,-0.0606,0.736,0.0,36.0,25.9,0,9.0,1641.0,57.0,12.187999999999999,-0.226,-1.03,-0.03,-3.246,-2.362,7.954,0,1,1,100.0
10,21.0,1,20.0,0.0,0,1,4.95805,-0.057905,0.74335,0.0,36.0,25.9,0,9.0,1641.0,57.0,12.08265,-0.22355,-1.03,-0.03,-3.2803,-2.41835,7.4052,0,1,1,100.0
10,22.0,1,20.0,0.0,0,1,4.9801,-0.055209999999999995,0.7507,0.0,36.0,25.9,0,9.0,1641.0,57.0,11.9773,-0.2211,-1.03,-0.03,-3.3146,-2.4747000000000003,6.856399999999999,0,1,1,100.0
10,23.0,1,20.0,0.0,0,1,5.15295,-0.03757,1.1181,0.0,36.0,25.9,0,9.0,1641.0,57.0,11.4025,-0.20865,-1.02865,-0.03135,-3.3846000000000003,-2.5164999999999997,3.4593499999999997,0,1,1,100.0
10,24.0,1,20.0,0.0,0,1,5.1946,-0.033159999999999995,1.0837999999999999,0.0,36.0,25.9,0,9.0,1641.0,57.0,11.280000000000001,-0.2062,-1.0262,-0.033800000000000004,-3.3748,-2.492,2.6777999999999986,0,1,1,100.0
10,25.0,1,20.0,0.0,0,1,5.23625,-0.028749999999999987,1.0494999999999999,0.0,36.0,25.9,0,9.0,1641.0,57.0,11.1575,-0.20375,-1.02375,-0.036250000000000004,-3.365,-2.4675,1.8962499999999975,0,1,1,100.0
10,26.0,1,20.0,0.0,0,1,5.2779,-0.024339999999999994,1.0151999999999999,0.0,36.0,25.9,0,9.0,1641.0,57.0,11.035,-0.2013,-1.0213,-0.038700000000000005,-3.3552,-2.443,1.1146999999999987,0,1,1,100.0
10,27.0,1,20.0,0.23000000000000115,0,1,5.3414,-0.017169999999999973,1.0607100000000003,0.0,36.0,25.9,0,9.23,1641.0,57.0,10.8504,-0.1977,-1.02,-0.04,-3.3178,-2.3817,-0.13950000000000431,0,1,1,100.0
10,28.0,1,20.0,0.7200000000000017,0,1,5.429600000000001,-0.006879999999999964,1.1964400000000004,0.0,36.0,25.9,0,9.720000000000002,1641.0,57.0,10.5956,-0.1928,-1.02,-0.04,-3.2491999999999996,-2.2788,-1.9280000000000066,0,1,1,100.0
10,29.0,1,20.0,1.0,0,1,5.501,0.0012050000000000242,1.3241900000000006,0.0,36.0,25.9,0,10.0,1641.0,57.0,10.39435,-0.18894999999999998,-1.02,-0.04105000000000001,-3.1868999999999996,-2.1927,-3.380500000000005,0,1,1,100.0
10,30.0,1,20.0,1.0,0,1,5.55,0.0063500000000000015,1.4413,0.0,36.0,25.9,0,10.0,1641.0,57.0,10.2645,-0.1865,-1.02,-0.043500000000000004,-3.133,-2.129,-4.385,0,1,1,100.0
10,31.0,1,20.0,1.0,0,1,5.599,0.011495000000000007,1.55841,0.0,36.0,25.9,0,10.0,1641.0,57.0,10.134649999999999,-0.18405,-1.02,-0.045950000000000005,-3.0791,-2.0653,-5.389500000000001,0,1,1,100.0
10,32.0,1,20.0,1.0,0,1,5.648,0.016640000000000016,1.6755200000000003,0.0,36.0,25.9,0,10.0,1641.0,57.0,10.0048,-0.18159999999999998,-1.02,-0.048400000000000006,-3.0252,-2.0016,-6.394000000000002,0,1,1,100.0
10,33.0,1,20.0,0.8299999999999983,0,1,6.110600000000001,0.06019000000000001,0.9573100000000003,-0.028050000000000283,36.0,25.8932,0,11.360000000000014,1641.0,57.0,8.599099999999998,-0.15659999999999996,-1.02,-0.05170000000000002,-2.338799999999999,-1.2957999999999996,-16.68830000000001,0,1,1,100.0
10,34.0,1,20.0,0.3399999999999977,6,2,6.1988,0.06362000000000002,1.0273800000000004,-0.10890000000000039,36.0,25.8736,0,15.280000000000019,1641.0,57.0,8.221799999999998,-0.14679999999999996,-1.02,-0.056600000000000025,-2.162399999999999,-1.1683999999999994,-18.64340000000001,0,1,1,100.0
10,35.0,1,20.0,0.0,6,2,6.2825,0.06345,0.7235,-0.4257,36.0,25.8495,0,18.0,1641.0,57.0,7.816,-0.1385,-1.02,-0.06,-1.971,-1.05,-20.4005,0,1,1,100.0
10,36.0,1,20.0,0.0,6,2,6.356,0.055119999999999995,-0.4280000000000014,-1.2773200000000011,36.0,25.8152,0,18.0,1641.0,57.0,7.345599999999999,-0.1336,-1.02,-0.06,-1.7455999999999998,-0.952,-21.708800000000004,0,1,1,100.0
10,37.0,1,20.0,0.0,6,2,6.4256,0.046399999999999976,-1.27868,-1.8078399999999992,36.0,25.795199999999998,0,18.0,1641.0,57.0,6.853099999999999,-0.12739999999999999,-1.02,-0.06,-1.4993999999999994,-0.8695999999999999,-22.772700000000004,0,1,1,100.0
10,38.0,1,20.0,0.0,6,2,6.484400000000001,0.036599999999999966,-1.2963200000000001,-1.4491599999999987,36.0,25.814799999999998,0,18.0,1641.0,57.0,6.299399999999999,-0.11759999999999997,-1.02,-0.06,-1.1955999999999989,-0.8303999999999999,-23.159800000000004,0,1,1,100.0
10,39.0,1,20.0,0.0,6,2,6.5388,0.027129999999999963,-1.2651199999999991,-1.0899299999999983,36.0,25.833299999999998,0,18.0,1641.0,57.0,5.731399999999997,-0.10669999999999993,-1.0211000000000001,-0.06110000000000002,-0.866499999999998,-0.8066000000000002,-23.301599999999997,0,1,1,100.0
10,40.0,1,20.0,0.0,6,2,6.578,0.0188,-1.0652,-0.7287999999999999,36.0,25.848,0,18.0,1641.0,57.0,5.114,-0.092,-1.026,-0.066,-0.45,-0.836,-22.596,0,1,1,100.0
10,41.0,1,20.0,0.09000000000000058,6,2,6.6127,0.010919999999999994,-0.8859799999999999,-0.282259999999999,36.0,25.86,0,18.09,1641.0,57.0,4.4921,-0.07819999999999999,-1.03,-0.07,-0.014599999999999388,-0.8870000000000001,-21.690599999999996,0,1,1,100.0
10,42.0,1,20.0,0.5800000000000012,6,2,6.6274,0.005039999999999986,-0.7987599999999998,0.5438800000000019,36.0,25.86,0,18.580000000000002,1641.0,57.0,3.8501999999999983,-0.06839999999999997,-1.03,-0.07,0.5048000000000012,-1.0340000000000003,-19.897199999999994,0,1,1,100.0
10,43.0,1,20.0,0.9299999999999983,6,2,6.6392999999999995,-0.0008400000000000205,-0.72344,1.3171700000000015,36.0,25.8579,0,18.93,1641.0,57.0,3.2096999999999976,-0.058599999999999965,-1.0307,-0.07,1.030500000000002,-1.1978000000000009,-17.96519999999999,0,1,1,100.0
10,44.0,1,20.0,0.43999999999999767,6,2,6.634399999999999,-0.006720000000000028,-0.7195199999999999,1.773360000000002,36.0,25.8432,0,18.439999999999998,1641.0,57.0,2.577599999999997,-0.048799999999999955,-1.0356,-0.07,1.5940000000000027,-1.4624000000000013,-15.201599999999987,0,1,1,100.0
10,45.0,1,20.0,0.0,6,2,6.6285,-0.01217500000000001,-0.7024249999999992,2.188475,36.0,25.828999999999997,0,18.0,1641.0,57.0,1.978999999999998,-0.03924999999999996,-1.0405,-0.07,2.1267500000000017,-1.720000000000001,-12.53849999999999,0,1,1,100.0
10,46.0,1,20.0,0.0,6,2,6.6138,-0.013890000000000001,-0.5693899999999998,2.24213,36.0,25.8192,0,18.0,1641.0,57.0,1.6751999999999996,-0.03189999999999999,-1.0454,-0.07,2.3889000000000005,-1.9160000000000001,-10.759799999999998,0,1,1,100.0
10,47.0,1,20.0,0.0,6,2,6.5991,-0.015605000000000004,-0.4363549999999997,2.295785,36.0,25.8094,0,18.0,1641.0,57.0,1.3713999999999993,-0.024549999999999985,-1.0503,-0.07,2.6510500000000006,-2.1120000000000005,-8.981099999999996,0,1,1,100.0
10,48.0,1,20.0,0.0,6,2,6.5844000000000005,-0.017320000000000006,-0.30331999999999953,2.3494400000000004,36.0,25.799599999999998,0,18.0,1641.0,57.0,1.067599999999999,-0.017199999999999976,-1.0552000000000001,-0.07,2.9132000000000007,-2.3080000000000007,-7.202399999999994,0,1,1,100.0
10,49.0,1,20.0,1.0,6,2,6.478800000000001,-0.014939999999999986,0.4044700000000001,1.5389599999999983,36.0,25.830299999999998,0,19.0,1641.0,57.0,-0.37950000000000217,0.010200000000000046,-1.0702,-0.07010000000000002,4.015100000000001,-3.5116000000000027,3.143400000000021,0,1,1,100.0
10,50.0,1,20.0,1.0,6,2,6.42,-0.011999999999999983,0.42750000000000016,1.193999999999998,36.0,25.845,0,19.0,1641.0,57.0,-0.8450000000000027,0.020000000000000056,-1.08,-0.07500000000000004,4.2650000000000015,-4.080000000000004,7.720000000000026,0,1,1,100.0
10,51.0,1,20.0,1.0,6,2,6.3612,-0.009059999999999995,0.45053000000000004,0.8490399999999996,36.0,25.8597,0,19.0,1641.0,57.0,-1.3105000000000004,0.029800000000000007,-1.0898,-0.07990000000000001,4.5149,-4.6484000000000005,12.296600000000005,0,1,1,100.0
10,52.0,1,20.0,1.0,6,2,6.2928,-0.006599999999999994,0.3636399999999998,0.5333599999999993,36.0,25.86,0,19.0,1641.0,57.0,-1.6512000000000007,0.03480000000000001,-1.0996000000000001,-0.08,4.5632,-5.260000000000002,17.060400000000012,0,1,1,100.0
10,53.0,1,20.0,1.0,6,2,6.224199999999999,-0.0041499999999999775,0.27445999999999915,0.2182899999999971,36.0,25.86,0,19.0,1641.0,57.0,-1.989300000000003,0.03970000000000005,-1.1094000000000002,-0.08,4.6073,-5.872500000000006,21.828100000000045,0,1,1,100.0
10,54.0,1,20.0,1.0,6,2,6.151,-0.002619999999999993,0.22207999999999978,-0.04480000000000122,36.0,25.8784,0,19.0,1641.0,57.0,-2.184800000000001,0.04460000000000002,-1.1192,-0.08,4.4674,-6.526400000000003,26.554400000000022,0,1,1,100.0
10,55.0,1,20.0,1.0,6,2,6.077500000000001,-0.0011499999999999998,0.1721,-0.30450000000000005,36.0,25.898,0,19.0,1641.0,57.0,-2.371,0.0495,-1.129,-0.08,4.3155,-7.183,31.278000000000002,0,1,1,100.0
10,56.0,1,20.0,1.0,6,2,6.0392,-0.0003399999999999948,0.17206000000000005,-0.40844000000000064,36.0,25.9,0,19.0,1641.0,57.0,-2.4098,0.05,-1.1343999999999999,-0.07779999999999998,4.1503999999999985,-7.584400000000002,33.737800000000014,0,1,1,100.0
10,57.0,1,20.0,1.0,6,2,6.0049,0.0003950000000000018,0.17769500000000002,-0.49468000000000023,36.0,25.9,0,19.0,1641.0,57.0,-2.4318500000000003,0.05,-1.1393,-0.07535,3.9837999999999996,-7.9568,35.94035,0,1,1,100.0
10,58.0,1,20.0,1.0,6,2,5.970599999999999,0.001130000000000007,0.18333000000000005,-0.5809200000000009,36.0,25.9,0,19.0,1641.0,57.0,-2.4539000000000004,0.05,-1.1441999999999999,-0.07289999999999998,3.8171999999999984,-8.329200000000004,38.14290000000002,0,1,1,100.0
10,59.0,1,20.0,1.0,6,2,5.936299999999999,0.0018650000000000036,0.18896500000000002,-0.6671600000000004,36.0,25.9,0,19.0,1641.0,57.0,-2.47595,0.05,-1.1491,-0.07045,3.6505999999999994,-8.701600000000001,40.34545000000001,0,1,1,100.0
10,60.0,1,20.0,1.0,6,2,5.886,0.0028,0.0784,-0.6362,36.0,25.9,0,19.0,1641.0,57.0,-2.432,0.05,-1.154,-0.07,3.2600000000000002,-9.462,43.83,0,1,1,100.0
10,61.0,1,20.0,1.0,6,2,5.8321,0.003780000000000007,-0.05831000000000096,-0.5788699999999996,36.0,25.9,0,19.0,1641.0,57.0,-2.3731999999999993,0.05,-1.1589,-0.07,2.8189999999999973,-10.309700000000007,47.60300000000003,0,1,1,100.0
10,62.0,1,20.0,1.0,6,2,5.7896,0.003619999999999999,-0.08367999999999998,-0.5215399999999999,36.0,25.9,0,19.0,1641.0,57.0,-2.2687999999999997,0.04619999999999999,-1.16,-0.07,2.351399999999999,-11.233400000000001,50.65400000000001,0,1,1,100.0
10,63.0,1,20.0,1.0,6,2,5.7504,0.0031299999999999956,-0.07681999999999993,-0.46420999999999946,36.0,25.9,0,19.0,1641.0,57.0,-2.151199999999999,0.041299999999999955,-1.16,-0.07,1.8760999999999957,-12.179100000000009,53.49600000000002,0,1,1,100.0
10,64.0,1,20.0,1.0,6,2,5.7308,0.0016399999999999978,-0.16391999999999987,-0.1107599999999994,36.0,25.874399999999998,0,19.0,1641.0,57.0,-1.8087999999999997,0.036399999999999974,-1.1463999999999999,-0.07,0.5979999999999984,-15.165600000000005,58.144400000000005,0,1,1,100.0
10,65.0,1,20.0,1.0,6,2,5.7455,0.00115,-0.13795000000000002,0.016150000000000008,36.0,25.894,0,19.0,1641.0,57.0,-1.7255,0.0315,-1.1415,-0.07,0.25500000000000006,-16.126,58.654,0,1,1,100.0
10,66.0,1,20.0,0.8299999999999983,6,2,5.7687,0.0006599999999999966,-0.13017,0.08271000000000028,36.0,25.9,0,18.83,1641.0,57.0,-1.6931999999999998,0.03,-1.1365999999999998,-0.06829999999999999,0.07179999999999921,-16.697100000000006,58.5584,0,1,1,100.0
10,67.0,1,20.0,0.5849999999999994,6,2,5.79565,0.00016999999999999885,-0.130415,0.1226450000000001,36.0,25.9,0,18.585,1641.0,57.0,-1.6834,0.03,-1.1317,-0.06584999999999999,-0.04090000000000026,-17.09645,58.1958,0,1,1,100.0
10,68.0,1,20.0,0.3399999999999977,6,2,5.8226,-0.0003200000000000046,-0.13066,0.1625800000000004,36.0,25.9,0,18.339999999999996,1641.0,57.0,-1.6735999999999998,0.03,-1.1268,-0.06339999999999998,-0.15360000000000104,-17.495800000000006,57.8332,0,1,1,100.0
10,69.0,1,20.0,0.09499999999999881,6,2,5.849550000000001,-0.0008100000000000023,-0.130905,0.2025150000000002,36.0,25.9,0,18.095,1641.0,57.0,-1.6638,0.03,-1.1219000000000001,-0.06094999999999999,-0.26630000000000054,-17.89515,57.4706,0,1,1,100.0
10,70.0,1,20.0,0.7,6,2,6.128,-0.0023,-0.12159999999999999,0.3618,36.0,25.872,0,18.7,1641.0,57.0,-1.826,0.033,-1.0910000000000002,-0.057,-0.523,-19.054000000000002,51.650000000000006,0,1,1,100.0
10,71.0,1,20.0,0.20999999999999655,6,2,6.255400000000001,-0.0027900000000000034,-0.029479999999999344,0.4235400000000004,36.0,25.8916,0,18.209999999999997,1641.0,57.0,-1.9338000000000009,0.03790000000000004,-1.0763,-0.052099999999999966,-0.5279,-19.0932,48.70999999999998,0,1,1,100.0
10,72.0,1,20.0,0.28000000000000114,6,2,6.3996,-0.0032800000000000012,0.008879999999999996,0.44383999999999996,36.0,25.9,0,18.28,1641.0,57.0,-2.064,0.04,-1.0616,-0.05,-0.4963999999999999,-18.8328,45.26879999999999,0,1,1,100.0
10,73.0,1,20.0,0.7700000000000046,6,2,6.556400000000001,-0.0037700000000000047,0.006919999999999982,0.4330599999999999,36.0,25.9,0,18.770000000000003,1641.0,57.0,-2.211000000000001,0.04,-1.0469,-0.05,-0.43759999999999943,-18.347699999999996,41.45169999999996,0,1,1,100.0
10,74.0,1,20.0,1.0,6,2,6.731400000000001,-0.004,0.0007999999999999545,0.4365800000000001,36.0,25.9,0,19.0,1641.0,57.260000000000005,-2.3528000000000007,0.04260000000000003,-1.0322,-0.05,-0.3553999999999995,-17.576599999999996,37.278399999999976,0,1,1,100.0
10,75.0,1,20.0,1.0,1,5,6.922499999999999,-0.004,-0.009000000000000001,0.45275000000000004,36.0,25.9,0,19.0,1641.0,57.75,-2.49,0.0475,-1.0175,-0.05,-0.2525,-16.552500000000002,32.79,0,1,1,100.0
10,76.0,1,20.0,0.7599999999999966,1,5,7.1232000000000015,-0.004,-0.009439999999999936,0.4293199999999996,36.0,25.8832,0,19.0,1641.0,58.0,-2.5864000000000003,0.05,-1.0028,-0.05,-0.14719999999999928,-15.30519999999999,28.123999999999967,0,1,1,100.0
10,77.0,1,20.0,0.2699999999999988,1,5,7.333900000000001,-0.004,-0.0001299999999999787,0.36463999999999985,36.0,25.848899999999997,0,19.0,1641.0,58.0,-2.6403,0.05,-0.9881,-0.05,-0.03939999999999977,-13.825399999999997,23.27299999999999,0,1,1,100.0
10,78.0,1,20.0,0.0,1,5,7.501700000000001,-0.008290000000000087,-0.35481000000000745,0.15178999999999637,36.0,25.825599999999998,0,19.0,1641.0,58.0,-2.6501999999999994,0.04889999999999998,-0.9777999999999999,-0.05,0.046400000000000545,-12.607399999999991,19.50109999999998,0,1,1,100.0
10,79.0,1,20.0,0.0,1,5,7.61685,-0.01784500000000004,-1.1562050000000037,-0.2429050000000018,36.0,25.8158,0,19.0,1641.0,58.0,-2.6060999999999996,0.04644999999999999,-0.9729,-0.05,0.10520000000000028,-11.710699999999996,17.05354999999999,0,1,1,100.0
10,80.0,1,20.0,0.0,1,5,7.732,-0.027399999999999997,-1.9576,-0.6376,36.0,25.805999999999997,0,19.0,1641.0,58.0,-2.5620000000000003,0.044000000000000004,-0.968,-0.05,0.164,-10.814,14.606,0,1,1,100.0
10,81.0,1,20.0,0.0,1,5,7.847150000000001,-0.036955000000000064,-2.7589950000000054,-1.0322950000000026,36.0,25.7962,0,19.0,1641.0,58.0,-2.5179,0.04154999999999998,-0.9631,-0.05,0.22280000000000041,-9.917299999999994,12.158449999999982,0,1,1,100.0
10,82.0,1,20.0,0.0,1,5,8.472800000000001,-0.09666000000000004,-2.6662,-2.078220000000001,36.0,25.701999999999998,0,19.0,1641.0,58.0,-1.7363999999999988,0.026399999999999976,-0.9264,-0.06,0.6294000000000003,-4.857399999999996,-0.7098000000000102,0,1,1,100.0
10,83.0,1,20.0,0.0,1,6,8.698200000000002,-0.11479000000000017,-2.4652999999999983,-2.4599300000000035,36.0,25.653,0,19.0,1641.0,58.0,-1.2365999999999953,0.01659999999999991,-0.9166,-0.06,0.7911000000000015,-3.1080999999999834,-5.173700000000041,0,1,1,100.0
10,84.0,1,20.0,0.0,1,6,8.9204,-0.13164000000000006,-2.247279999999999,-2.8211600000000017,36.0,25.6136,0,19.0,1641.0,58.0,-0.6695999999999968,0.0067999999999999545,-0.9067999999999999,-0.06160000000000002,0.9400000000000006,-1.4803999999999935,-9.51920000000002,0,1,1,100.0
10,85.0,1,20.0,0.0,1,6,9.136000000000001,-0.14585000000000017,-1.993949999999997,-3.1401500000000038,36.0,25.593999999999998,0,19.0,1641.0,58.0,0.036000000000008095,-0.0030000000000001137,-0.8969999999999999,-0.06650000000000006,1.0625000000000013,-0.10349999999998379,-13.620500000000048,0,1,1,100.0
10,86.0,1,20.0,0.0,1,6,9.346,-0.15894000000000008,-1.727179999999998,-3.4888200000000027,36.0,25.5646,0,19.0,1641.0,58.0,0.7962000000000062,-0.014200000000000103,-0.8886,-0.07140000000000005,1.157,1.126400000000006,-17.597200000000026,0,1,1,100.0
10,87.0,1,20.0,0.0,1,6,9.542,-0.16923000000000002,-1.4268099999999992,-3.911690000000001,36.0,25.5107,0,19.0,1641.0,58.0,1.692900000000002,-0.028900000000000033,-0.8837,-0.07630000000000002,1.1815,1.9888000000000021,-21.26240000000001,0,1,1,100.0
10,88.0,1,20.0,0.0,1,6,9.729600000000001,-0.17880000000000007,-1.1414399999999978,-4.315000000000003,36.0,25.4532,0,19.0,1641.0,58.0,2.62440000000001,-0.04360000000000014,-0.8787999999999999,-0.0824000000000001,1.172399999999999,2.715600000000003,-24.81480000000003,0,1,1,100.0
10,89.0,1,20.0,0.0,1,6,9.891300000000001,-0.18615000000000004,-0.9023199999999989,-4.658000000000001,36.0,25.3846,0,19.0,1641.0,58.0,3.663200000000005,-0.058300000000000074,-0.8739,-0.09220000000000005,1.0596999999999994,3.0243000000000015,-28.019400000000015,0,1,1,100.0
10,90.0,1,20.0,0.0,1,6,10.047,-0.19300000000000006,-0.7070999999999997,-4.976900000000002,36.0,25.326999999999998,0,19.0,1641.0,58.0,4.719000000000014,-0.07300000000000018,-0.8689999999999999,-0.10100000000000006,0.917999999999997,3.2339999999999978,-31.11900000000003,0,1,1,100.0
10,91.0,1,20.0,0.0,1,6,10.1793,-0.19790000000000005,-0.6830899999999999,-5.201810000000002,36.0,25.3123,0,19.0,1641.0,58.0,5.841100000000008,-0.08770000000000011,-0.8641,-0.10590000000000004,0.6631999999999981,3.057599999999999,-33.80910000000002,0,1,1,100.0
10,92.0,1,20.0,0.0,1,6,10.3044,-0.20264000000000001,-0.6564399999999999,-5.41888,36.0,25.2944,0,19.0,1641.0,58.0,6.969600000000003,-0.10320000000000006,-0.86,-0.11080000000000001,0.38359999999999905,2.821199999999999,-36.39840000000001,0,1,1,100.0
10,93.0,1,20.0,0.0,1,6,10.392600000000002,-0.20656000000000005,-0.6162599999999996,-5.595770000000002,36.0,25.2601,0,19.0,1641.0,58.0,8.130900000000011,-0.12280000000000019,-0.86,-0.11570000000000004,-0.023100000000003788,2.277299999999995,-38.47110000000002,0,1,1,100.0
10,94.0,1,20.0,0.0,1,6,10.473,-0.21012,-0.5672899999999994,-5.768130000000001,36.0,25.2279,0,19.0,1641.0,58.0,9.221100000000003,-0.14120000000000005,-0.86,-0.1203,-0.4142000000000013,1.7543999999999984,-40.377300000000005,0,1,1,100.0
10,95.0,1,20.0,0.0,1,6,10.4975,-0.2111,-0.45532499999999865,-5.908025000000002,36.0,25.21075,0,19.0,1641.0,58.0,9.801750000000007,-0.15100000000000013,-0.86,-0.12275000000000003,-0.6935000000000033,1.3819999999999957,-41.09025000000001,0,1,1,100.0
10,96.0,1,20.0,0.0,1,6,10.522,-0.21208,-0.3433599999999992,-6.047920000000001,36.0,25.1936,0,19.0,1641.0,58.0,10.382400000000004,-0.16080000000000008,-0.86,-0.1252,-0.972800000000002,1.0095999999999974,-41.803200000000004,0,1,1,100.0
10,97.0,1,20.0,0.0,1,6,10.5465,-0.21306,-0.2313949999999997,-6.1878150000000005,36.0,25.17645,0,19.0,1641.0,58.0,10.96305,-0.17060000000000003,-0.86,-0.12765,-1.2521000000000009,0.6371999999999992,-42.51615,0,1,1,100.0
10,98.0,1,20.0,0.0,1,6,10.5784,-0.215,-0.10267999999999902,-6.545060000000002,36.0,25.087799999999998,0,19.0,1641.0,58.0,13.827000000000007,-0.21080000000000018,-0.8702000000000001,-0.13,-2.915200000000006,-1.390800000000005,-44.614999999999995,0,1,1,100.0
10,99.0,1,20.0,0.0,3,7,10.5392,-0.215,0.003160000000000499,-6.791530000000002,36.0,25.0339,0,19.0,1641.0,58.0,14.733500000000005,-0.23040000000000008,-0.8751,-0.13,-3.532600000000003,-1.9004000000000025,-44.4925,0,1,1,100.0
10,100.0,1,20.0,0.0,3,7,10.5,-0.215,0.109,-7.038,36.0,24.98,0,19.0,1641.0,58.0,15.64,-0.25,-0.88,-0.13,-4.15,-2.41,-44.37,0,1,1,100.0
13,0.0,1,20.0,0.0,0,1,-0.68,0.054,-0.139,-2.768,35.0,25.76,0,19.0,1641.0,60.0,-0.4,0.01,-1.04,-0.06,-2.14,-7.18,-2.06,0,1,1,100.0
13,1.0,1,20.0,0.0,0,1,-0.776,0.0552,0.08119999999999997,-2.1734,35.0,25.76,0,19.0,1641.0,60.0,-0.29800000000000004,0.004,-1.04,-0.06,-2.38,-6.562,-0.7999999999999999,0,1,1,100.0
13,2.0,1,20.0,0.0,0,1,-0.855,0.056,0.228,-1.777,35.0,25.76,0,21.0,1641.0,60.0,-0.21300000000000002,0.0,-1.04,-0.06,-2.581,-6.082000000000001,0.207,0,1,1,100.0
13,3.0,1,20.0,0.0,0,1,-0.9,0.056,0.228,-1.777,35.0,25.76,0,27.0,1641.0,60.0,-0.162,0.0,-1.04,-0.06,-2.704,-5.878,0.708,0,1,1,100.0
13,4.0,1,20.0,0.0,0,1,-0.945,0.056,0.228,-1.777,35.0,25.76,0,33.0,1641.0,60.0,-0.111,0.0,-1.04,-0.06,-2.827,-5.6739999999999995,1.2089999999999999,0,1,1,100.0
13,5.0,1,20.0,0.0,0,1,-0.99,0.056,0.228,-1.777,35.0,25.76,0,39.0,1641.0,60.0,-0.06,0.0,-1.04,-0.06,-2.95,-5.47,1.71,0,1,1,100.0
13,6.0,1,20.0,0.0,0,1,-1.0739999999999998,0.056,0.228,-1.777,35.0,25.76,0,51.0,1641.0,60.0,0.036000000000000004,0.0,-1.04,-0.06,-3.166,-5.236,2.436,0,1,1,100.0
13,7.0,1,20.0,0.0,0,1,-1.156,0.06,0.778,-1.4216,35.0,25.788,0,49.2,1641.0,60.0,0.124,0.0,-1.04,-0.06,-3.37,-5.03,3.11,0,1,1,100.0
13,8.0,1,20.0,0.0,0,1,-1.234,0.072,2.4280000000000004,-0.35539999999999994,35.0,25.872,0,19.799999999999997,1641.0,60.0,0.196,0.0,-1.04,-0.06,-3.55,-4.88,3.68,0,1,1,100.0
13,9.0,1,20.0,0.0,0,1,-1.304,0.07479999999999999,1.6884000000000001,0.0,35.0,25.9,0,10.0,1641.0,60.0,0.256,-0.004,-1.036,-0.06,-3.698,-4.746,4.178,0,1,1,100.0
13,10.0,1,20.0,0.0,0,1,-1.46,0.068,-0.335,0.0,35.0,25.9,0,10.0,1641.0,60.0,0.38,-0.01,-1.03,-0.06,-4.0,-4.43,5.3,0,1,1,100.0
13,11.0,1,20.0,0.0,0,1,-1.4809999999999999,0.0659,-0.37010000000000004,0.0,35.0,25.9,0,10.0,1641.0,60.0,0.395,-0.01,-1.03,-0.063,-4.039,-4.367,5.489,0,1,1,100.0
13,12.0,1,20.0,0.0,0,1,-1.502,0.0638,-0.4052,0.0,35.0,25.9,0,10.0,1641.0,60.0,0.41,-0.01,-1.03,-0.066,-4.078,-4.303999999999999,5.678,0,1,1,100.0
13,13.0,1,20.0,0.0,0,1,-1.5230000000000001,0.0617,-0.4403,0.0,35.0,25.9,0,10.0,1641.0,60.0,0.425,-0.01,-1.03,-0.069,-4.117,-4.241,5.867,0,1,1,100.0
13,14.0,1,20.0,0.0,0,1,-1.586,0.053,-0.3308,0.0,35.0,25.906,0,10.0,1641.0,60.0,0.478,-0.01,-1.03,-0.07,-4.232,-3.926,6.67,0,1,1,100.0
13,15.0,1,20.0,0.0,0,1,-1.5950000000000002,0.0515,-0.359,0.0,35.0,25.915,0,10.0,1641.0,60.0,0.49,-0.01,-1.03,-0.07,-4.25,-3.8449999999999998,6.85,0,1,1,100.0
13,16.0,1,20.0,0.0,0,1,-1.604,0.05,-0.3872,0.0,35.0,25.924,0,10.0,1641.0,60.0,0.502,-0.01,-1.03,-0.07,-4.268,-3.764,7.03,0,1,1,100.0
13,17.0,1,20.0,0.0,0,1,-1.612,0.0482,-0.3896,0.0,35.0,25.924,0,10.0,1641.0,60.0,0.516,-0.01,-1.03,-0.07,-4.284,-3.654,7.2620000000000005,0,1,1,100.0
13,18.0,1,20.0,0.0,0,1,-1.618,0.0458,-0.34040000000000004,0.0,35.0,25.906,0,10.0,1641.0,60.0,0.534,-0.01,-1.03,-0.07,-4.296,-3.486,7.598,0,1,1,100.0
13,19.0,1,20.0,0.0,0,1,-1.616,0.0438,-0.2844,0.0,35.0,25.9,0,10.0,1641.0,60.0,0.552,-0.01,-1.03,-0.07,-4.287999999999999,-3.326,7.902,0,1,1,100.0
13,20.0,1,20.0,0.0,0,1,-1.57,0.039,-0.211,0.0,35.0,25.9,0,10.0,1641.0,60.0,0.61,-0.01,-1.02,-0.08,-4.18,-2.92,8.56,0,1,1,100.0
13,21.0,1,20.0,0.0,0,1,-1.54,0.0366,-0.2152,0.0,35.0,25.9,0,10.0,1641.0,60.0,0.64,-0.01,-1.02,-0.08,-4.096,-2.7760000000000002,8.698,0,1,1,100.0
13,22.0,1,20.0,0.0,0,1,-1.506,0.0344,-0.213,0.0,35.0,25.9,0,10.0,1641.0,60.0,0.674,-0.01,-1.02,-0.08,-4.002,-2.6340000000000003,8.808,0,1,1,100.0
13,23.0,1,20.0,0.0,0,1,-1.464,0.032600000000000004,-0.198,0.0,35.0,25.9,0,10.0,1641.0,60.0,0.716,-0.01,-1.02,-0.08,-3.888,-2.496,8.862,0,1,1,100.0
13,24.0,1,20.0,0.0,0,1,-1.418,0.0312,-0.1966,0.0,35.0,25.912,0,10.0,1641.0,60.0,0.766,-0.01,-1.02,-0.08,-3.762,-2.358,8.844,0,1,1,100.0
13,25.0,1,20.0,0.0,0,1,-1.37,0.03,-0.202,0.0,35.0,25.93,0,10.0,1641.0,60.0,0.82,-0.01,-1.02,-0.08,-3.63,-2.22,8.79,0,1,1,100.0
13,26.0,1,20.0,0.0,0,1,-1.31,0.03,-0.1132,0.0,35.0,25.912,0,10.0,1641.0,60.0,0.886,-0.016,-1.02,-0.086,-3.492,-2.082,8.592,0,1,1,100.0
13,27.0,1,20.0,0.0,0,1,-1.248,0.03,-0.053,0.0,35.0,25.9,0,10.0,1641.0,60.0,0.9560000000000001,-0.02,-1.02,-0.09,-3.356,-1.94,8.336,0,1,1,100.0
13,28.0,1,20.0,0.0,0,1,-1.182,0.03,-0.05,0.0,35.0,25.9,0,10.0,1641.0,60.0,1.034,-0.02,-1.02,-0.09,-3.224,-1.79,7.964,0,1,1,100.0
13,29.0,1,20.0,0.0,0,1,-1.1079999999999999,0.0312,0.10779999999999999,0.0,35.0,25.9,0,10.0,1641.0,60.0,1.112,-0.02,-1.02,-0.09,-3.088,-1.632,7.4559999999999995,0,1,1,100.0
13,30.0,1,20.0,0.0,0,1,-1.03,0.033,0.343,0.0,35.0,25.9,0,10.0,1641.0,60.0,1.19,-0.02,-1.02,-0.09,-2.95,-1.47,6.88,0,1,1,100.0
13,31.0,1,20.0,0.0,0,1,-0.991,0.0354,0.466,0.0,35.0,25.9,0,10.0,1641.0,60.0,1.2229999999999999,-0.02,-1.017,-0.09,-2.8810000000000002,-1.386,6.4719999999999995,0,1,1,100.0
13,32.0,1,20.0,0.0,0,1,-0.9520000000000001,0.0378,0.589,0.0,35.0,25.9,0,10.0,1641.0,60.0,1.256,-0.02,-1.014,-0.09,-2.8120000000000003,-1.302,6.064,0,1,1,100.0
13,33.0,1,20.0,0.0,0,1,-0.913,0.0402,0.712,0.0,35.0,25.9,0,10.0,1641.0,60.0,1.2890000000000001,-0.02,-1.0110000000000001,-0.09,-2.7430000000000003,-1.218,5.656,0,1,1,100.0
13,34.0,1,20.0,0.0,0,1,-0.7,0.058,0.9904,0.0,35.0,25.9,0,10.0,1641.0,60.0,1.41,-0.024,-1.01,-0.09,-2.38,-0.8300000000000001,2.848,0,1,1,100.0
13,35.0,1,20.0,0.0,0,1,-0.61,0.067,1.186,0.0,35.0,25.9,0,10.0,1641.0,60.0,1.44,-0.03,-1.01,-0.09,-2.23,-0.68,1.51,0,1,1,100.0
13,36.0,1,20.0,0.6000000000000001,0,1,-0.526,0.0766,0.9862,0.0,35.0,25.9,0,10.6,1641.0,60.0,1.428,-0.03,-1.01,-0.096,-2.074,-0.548,-0.08000000000000007,0,1,1,100.0
13,37.0,1,20.0,1.0,0,1,-0.45599999999999996,0.0839,0.8164,0.0,35.0,25.9,0,11.0,1641.0,60.0,1.408,-0.028999999999999998,-1.01,-0.1,-1.942,-0.443,-1.426,0,1,1,100.0
13,38.0,1,20.0,1.0,0,1,-0.414,0.0866,0.7066,0.0,35.0,25.9,0,11.0,1641.0,60.0,1.3719999999999999,-0.026,-1.01,-0.1,-1.8579999999999999,-0.392,-2.284,0,1,1,100.0
13,39.0,1,20.0,1.0,0,1,-0.372,0.0893,0.5968,0.0,35.0,25.9,0,11.0,1641.0,60.0,1.336,-0.023,-1.01,-0.1,-1.774,-0.34099999999999997,-3.1420000000000003,0,1,1,100.0
13,40.0,1,20.0,1.0,0,1,-0.19,0.094,-0.048,0.0,35.0,25.9,0,11.0,1641.0,60.0,1.06,-0.02,-1.02,-0.1,-1.37,-0.18,-6.71,0,1,1,100.0
13,41.0,1,20.0,1.0,6,2,-0.11199999999999999,0.091,-0.42479999999999996,0.0,35.0,25.9,0,11.0,1641.0,60.0,0.85,-0.014,-1.02,-0.1,-1.1360000000000001,-0.144,-7.9879999999999995,0,1,1,100.0
13,42.0,1,20.0,0.9,6,2,-0.049,0.0882,-0.748,0.0236,35.0,25.9,0,11.6,1641.0,60.0,0.6669999999999999,-0.009000000000000001,-1.02,-0.1,-0.9349999999999999,-0.118,-8.959,0,1,1,100.0
13,43.0,1,20.0,0.6,6,2,-0.016,0.0858,-0.964,0.0944,35.0,25.9,0,13.4,1641.0,60.0,0.538,-0.006,-1.02,-0.1,-0.8,-0.112,-9.315999999999999,0,1,1,100.0
13,44.0,1,20.0,0.29999999999999993,6,2,0.016999999999999998,0.0834,-1.18,0.16519999999999999,35.0,25.9,0,15.2,1641.0,60.0,0.409,-0.003,-1.02,-0.1,-0.665,-0.106,-9.673,0,1,1,100.0
13,45.0,1,20.0,0.0,6,2,0.05,0.081,-1.396,0.236,35.0,25.9,0,17.0,1641.0,60.0,0.28,0.0,-1.02,-0.1,-0.53,-0.1,-10.03,0,1,1,100.0
13,46.0,1,20.0,0.0,6,2,0.10400000000000001,0.06420000000000001,-1.6084,-0.6693999999999999,35.0,25.857999999999997,0,17.0,1641.0,60.0,-0.00799999999999998,0.0,-1.02,-0.1,-0.206,-0.015999999999999993,-9.952,0,1,1,100.0
13,47.0,1,20.0,0.0,6,2,0.22,0.029,-1.1232,-1.2448,35.0,25.836,0,17.0,1641.0,60.0,-0.7799999999999999,0.012,-1.022,-0.10200000000000001,0.786,0.372,-7.848,0,1,1,100.0
13,48.0,1,20.0,0.0,6,2,0.25,0.02,-0.8298,-1.0522,35.0,25.854,0,17.0,1641.0,60.0,-1.0499999999999998,0.018000000000000002,-1.028,-0.108,1.2240000000000002,0.558,-6.192,0,1,1,100.0
13,49.0,1,20.0,0.4,6,2,0.268,0.0126,-0.6796,-0.6016,35.0,25.875999999999998,0,17.4,1641.0,60.0,-1.312,0.024,-1.03,-0.11,1.714,0.708,-4.1,0,1,1,100.0
13,50.0,1,20.0,1.0,6,2,0.28,0.006,-0.601,-0.022,35.0,25.9,0,18.0,1641.0,60.0,-1.57,0.03,-1.03,-0.11,2.23,0.84,-1.79,0,1,1,100.0
13,51.0,1,20.0,1.0,6,2,0.286,0.0018000000000000002,-0.5572,0.6428,35.0,25.875999999999998,0,18.0,1641.0,60.0,-1.798,0.036,-1.03,-0.11,2.83,0.804,1.0839999999999999,0,1,1,100.0
13,52.0,1,20.0,1.0,6,2,0.288,-0.0029999999999999996,-0.5582,1.2826,35.0,25.854,0,18.0,1641.0,60.0,-2.016,0.04,-1.032,-0.11,3.442,0.706,4.112,0,1,1,100.0
13,53.0,1,20.0,1.0,6,2,0.28200000000000003,-0.008999999999999998,-0.6488,1.8723999999999998,35.0,25.836,0,18.0,1641.0,60.0,-2.214,0.04,-1.038,-0.11,4.078,0.484,7.448,0,1,1,100.0
13,54.0,1,20.0,1.0,6,2,0.268,-0.0146,-0.5822,2.3302,35.0,25.814,0,18.0,1641.0,60.0,-2.384,0.044000000000000004,-1.044,-0.11,4.674,0.134,11.02,0,1,1,100.0
13,55.0,1,20.0,1.0,6,2,0.25,-0.02,-0.437,2.722,35.0,25.79,0,18.0,1641.0,60.0,-2.54,0.05,-1.05,-0.11,5.25,-0.28,14.71,0,1,1,100.0
13,56.0,1,20.0,1.0,6,2,0.244,-0.02,-0.22400000000000003,2.5645,35.0,25.79,0,18.0,1641.0,60.0,-2.603,0.05,-1.053,-0.11,5.472,-0.562,16.666,0,1,1,100.0
13,57.0,1,20.0,1.0,6,2,0.23800000000000002,-0.02,-0.011000000000000038,2.407,35.0,25.79,0,18.0,1641.0,60.0,-2.666,0.05,-1.056,-0.11,5.694,-0.8440000000000001,18.622,0,1,1,100.0
13,58.0,1,20.0,1.0,6,2,0.232,-0.02,0.20199999999999996,2.2495000000000003,35.0,25.79,0,18.0,1641.0,60.0,-2.729,0.05,-1.0590000000000002,-0.11,5.916,-1.1260000000000001,20.578,0,1,1,100.0
13,59.0,1,20.0,1.0,6,2,0.21,-0.013,0.3528,1.2968,35.0,25.842,0,18.0,1641.0,60.0,-2.902,0.054,-1.074,-0.106,6.414,-2.832,30.69,0,1,1,100.0
13,60.0,1,20.0,1.0,6,2,0.21,-0.01,0.354,0.965,35.0,25.86,0,18.0,1641.0,60.0,-2.92,0.06,-1.08,-0.1,6.42,-3.57,34.77,0,1,1,100.0
13,61.0,1,20.0,1.0,6,2,0.222,-0.0076,0.27,0.6788,35.0,25.884,0,18.0,1641.0,60.0,-2.842,0.054,-1.092,-0.1,6.162,-4.368,38.796,0,1,1,100.0
13,62.0,1,20.0,1.0,6,2,0.24000000000000002,-0.0054,0.1768,0.4242,35.0,25.9,0,18.0,1641.0,60.0,-2.728,0.05,-1.102,-0.1,5.8180000000000005,-5.19,42.766,0,1,1,100.0
13,63.0,1,20.0,1.0,6,2,0.27,-0.0036,0.06520000000000001,0.2328,35.0,25.9,0,18.0,1641.0,60.0,-2.542,0.05,-1.108,-0.1,5.302,-6.06,46.623999999999995,0,1,1,100.0
13,64.0,1,20.0,1.0,6,2,0.32,-0.0022,0.08,0.003799999999999998,35.0,25.9,0,18.0,1641.0,60.0,-2.292,0.046,-1.114,-0.096,4.638,-7.002,50.254,0,1,1,100.0
13,65.0,1,20.0,1.0,6,2,0.38,-0.001,0.158,-0.244,35.0,25.9,0,18.0,1641.0,60.0,-2.01,0.04,-1.12,-0.09,3.9,-7.98,53.77,0,1,1,100.0
13,66.0,1,20.0,1.0,6,2,0.428,-0.00039999999999999996,0.1391,-0.2779,35.0,25.9,0,18.0,1641.0,60.0,-1.8389999999999997,0.037,-1.12,-0.09,3.465,-8.556000000000001,55.237,0,1,1,100.0
13,67.0,1,20.0,1.0,6,2,0.47600000000000003,0.00020000000000000004,0.1202,-0.31179999999999997,35.0,25.9,0,18.0,1641.0,60.0,-1.668,0.034,-1.12,-0.09,3.0300000000000002,-9.132,56.704,0,1,1,100.0
13,68.0,1,20.0,1.0,6,2,0.524,0.0008,0.1013,-0.3457,35.0,25.9,0,18.0,1641.0,60.0,-1.4969999999999999,0.031,-1.12,-0.09,2.595,-9.708,58.171,0,1,1,100.0
13,69.0,1,20.0,1.0,6,2,0.624,0.001,0.06420000000000001,-0.25579999999999997,35.0,25.9,0,18.0,1641.0,60.0,-1.212,0.026,-1.12,-0.09,1.846,-10.82,59.995999999999995,0,1,1,100.0
13,70.0,1,20.0,1.0,6,2,1.04,0.001,-0.013,-0.069,35.0,25.9,0,18.0,1641.0,60.0,-0.4,0.01,-1.11,-0.09,-0.45,-14.97,63.33,0,1,1,100.0
13,71.0,1,20.0,0.7,6,2,1.148,0.0007,-0.0060999999999999995,-0.043800000000000006,35.0,25.9,0,17.7,1641.0,60.0,-0.319,0.007,-1.1070000000000002,-0.087,-0.789,-15.915000000000001,63.027,0,1,1,100.0
13,72.0,1,20.0,0.39999999999999997,6,2,1.256,0.00039999999999999996,0.0008000000000000004,-0.0186,35.0,25.9,0,17.4,1641.0,60.0,-0.238,0.004,-1.104,-0.084,-1.1280000000000001,-16.86,62.724,0,1,1,100.0
13,73.0,1,20.0,0.09999999999999995,6,2,1.3639999999999999,9.999999999999998e-05,0.0077,0.006600000000000005,35.0,25.9,0,17.1,1641.0,60.0,-0.157,0.001,-1.101,-0.081,-1.467,-17.805,62.421,0,1,1,100.0
13,74.0,1,20.0,0.2,6,2,1.486,-0.0002,-0.0078,0.061,35.0,25.9,0,17.2,1641.0,60.0,-0.128,0.0,-1.096,-0.08,-1.734,-18.764,61.624,0,1,1,100.0
13,75.0,1,20.0,0.5,6,2,1.615,-0.0005,-0.0345,0.13,35.0,25.9,0,17.5,1641.0,60.0,-0.125,0.0,-1.09,-0.08,-1.965,-19.73,60.58,0,1,1,100.0
13,76.0,1,20.0,0.8,6,2,1.744,-0.0008,-0.0612,0.199,35.0,25.9,0,17.8,1641.0,60.0,-0.122,0.0,-1.084,-0.08,-2.196,-20.696,59.536,0,1,1,100.0
13,77.0,1,20.0,1.0,6,2,3.0140000000000002,-0.004,-0.0594,0.568,35.0,25.9,0,18.0,1641.0,60.2,-1.036,0.022,-1.026,-0.07,-2.694,-26.080000000000002,43.042,0,1,1,100.0
13,78.0,1,20.0,1.0,1,5,3.3859999999999997,-0.004,-0.09359999999999999,0.535,35.0,25.9,0,18.0,1641.0,60.8,-1.444,0.027999999999999997,-1.014,-0.07,-2.5260000000000002,-26.29,37.257999999999996,0,1,1,100.0
13,79.0,1,20.0,0.6,1,5,3.77,-0.004,-0.0542,0.496,35.0,25.872,0,18.4,1641.0,61.0,-1.8519999999999999,0.034,-1.002,-0.066,-2.274,-25.68,31.078,0,1,1,100.0
13,80.0,1,20.0,0.0,1,5,4.16,-0.004,0.022,0.454,35.0,25.83,0,19.0,1641.0,61.0,-2.26,0.04,-0.99,-0.06,-1.98,-24.66,24.7,0,1,1,100.0
13,81.0,1,20.0,0.0,1,5,4.568,-0.027999999999999997,-1.9345999999999997,-0.6002,35.0,25.805999999999997,0,19.0,1641.0,61.0,-2.5599999999999996,0.046,-0.978,-0.06,-1.554,-22.374000000000002,18.286,0,1,1,100.0
13,82.0,1,20.0,0.0,1,5,4.9079999999999995,-0.048499999999999995,-3.1763,-1.3912,35.0,25.78,0,19.0,1641.0,61.0,-2.774,0.05,-0.969,-0.061,-1.172,-20.294,12.996,0,1,1,100.0
13,83.0,1,20.0,0.0,1,5,5.112,-0.062,-2.9882,-1.6558,35.0,25.75,0,19.0,1641.0,61.0,-2.816,0.05,-0.966,-0.064,-0.878,-18.626,9.954,0,1,1,100.0
13,84.0,1,20.0,0.0,1,5,5.316,-0.0755,-2.8001,-1.9204,35.0,25.72,0,19.0,1641.0,61.0,-2.8579999999999997,0.05,-0.963,-0.067,-0.584,-16.958,6.912,0,1,1,100.0
13,85.0,1,20.0,0.0,1,5,5.52,-0.089,-2.612,-2.185,35.0,25.69,0,19.0,1641.0,61.0,-2.9,0.05,-0.96,-0.07,-0.29,-15.29,3.87,0,1,1,100.0
13,86.0,1,20.0,0.0,1,6,5.9159999999999995,-0.1106,-2.3738,-2.6608,35.0,25.648,0,19.0,1641.0,61.0,-2.714,0.044000000000000004,-0.954,-0.07,0.442,-11.335999999999999,-1.6980000000000008,0,1,1,100.0
13,87.0,1,20.0,0.0,1,6,6.914,-0.1582,-1.6989999999999998,-3.6234,35.0,25.526,0,19.0,1641.0,61.0,-1.526,0.026,-0.948,-0.082,2.582,-0.752,-15.152,0,1,1,100.0
13,88.0,1,20.0,0.0,1,6,7.256,-0.17079999999999998,-1.3929999999999998,-4.0565999999999995,35.0,25.483999999999998,0,19.0,1641.0,61.0,-0.764,0.014000000000000002,-0.942,-0.088,3.3979999999999997,2.872,-19.508000000000003,0,1,1,100.0
13,89.0,1,20.0,0.0,1,6,7.57,-0.1814,-1.1374,-4.420599999999999,35.0,25.43,0,19.0,1641.0,61.0,0.15399999999999991,-0.002,-0.94,-0.094,4.138,5.9639999999999995,-23.46,0,1,1,100.0
13,90.0,1,20.0,0.0,1,6,7.87,-0.191,-0.907,-4.75,35.0,25.37,0,19.0,1641.0,61.0,1.15,-0.02,-0.94,-0.1,4.84,8.79,-27.21,0,1,1,100.0
13,91.0,1,20.0,0.0,1,6,7.993,-0.1946,-0.865,-4.8739,35.0,25.358,0,19.0,1641.0,61.0,1.7349999999999999,-0.029,-0.94,-0.106,5.086,9.707999999999998,-28.776,0,1,1,100.0
13,92.0,1,20.0,0.0,1,6,8.116,-0.19820000000000002,-0.8230000000000001,-4.9978,35.0,25.346,0,19.0,1641.0,61.0,2.32,-0.038,-0.94,-0.112,5.332,10.626,-30.342,0,1,1,100.0
13,93.0,1,20.0,0.0,1,6,8.238999999999999,-0.2018,-0.781,-5.121700000000001,35.0,25.334,0,19.0,1641.0,61.0,2.905,-0.047,-0.94,-0.118,5.578,11.544,-31.908,0,1,1,100.0
13,94.0,1,20.0,0.0,1,6,8.692,-0.21359999999999998,-0.3888,-5.7814000000000005,35.0,25.220000000000002,0,19.0,1641.0,61.0,6.07,-0.102,-0.9359999999999999,-0.134,5.878,13.184000000000001,-37.846000000000004,0,1,1,100.0
13,95.0,1,20.0,0.0,1,6,8.83,-0.216,-0.234,-6.046,35.0,25.16,0,19.0,1641.0,61.0,7.36,-0.12,-0.93,-0.14,5.71,13.13,-39.7,0,1,1,100.0
13,96.0,1,20.0,0.0,1,6,8.863,-0.2166,-0.18480000000000002,-6.1573,35.0,25.148,0,19.0,1641.0,61.0,7.99,-0.132,-0.93,-0.14300000000000002,5.4639999999999995,12.764000000000001,-40.303000000000004,0,1,1,100.0
13,97.0,1,20.0,0.0,1,6,8.895999999999999,-0.2172,-0.1356,-6.2686,35.0,25.136,0,19.0,1641.0,61.0,8.620000000000001,-0.144,-0.93,-0.146,5.218,12.398,-40.906,0,1,1,100.0
13,98.0,1,20.0,0.0,1,6,8.929,-0.2178,-0.0864,-6.3799,35.0,25.124000000000002,0,19.0,1641.0,61.0,9.25,-0.156,-0.93,-0.149,4.9719999999999995,12.032,-41.509,0,1,1,100.0
13,99.0,1,20.0,0.4,1,6,8.932,-0.2186,0.0608,-6.761,35.0,25.038,0,19.4,1641.0,61.0,12.200000000000001,-0.202,-0.93,-0.16,2.9539999999999997,8.916,-42.63,0,1,1,100.0
13,100.0,1,20.0,1.0,3,7,8.89,-0.218,0.083,-6.851,35.0,25.02,0,20.0,1641.0,61.0,13.31,-0.22,-0.93,-0.16,1.97,7.41,-42.6,0,1,1,100.0
14,0.0,1,20.0,0.0,0,1,4.47,-0.02,0.57,-1.226,35.0,25.83,0,19.0,1641.0,61.0,11.27,-0.21,-1.07,-0.04,-3.67,-3.69,-0.42,0,1,1,100.0
14,1.0,1,20.0,0.0,0,1,4.2809,-0.02,0.57,-1.226,35.0,25.83,0,31.2,1641.0,61.0,11.0321,-0.21,-1.07,-0.04,-3.5968,-4.9466,0.2875999999999999,0,1,1,100.0
14,2.0,1,20.0,0.0,0,1,4.1292,-0.02,0.57,-1.226,35.0,25.83,0,41.2,1641.0,61.0,10.842600000000001,-0.2089,-1.07,-0.0411,-3.5246999999999997,-5.9458,0.8401,0,1,1,100.0
14,3.0,1,20.0,0.0,0,1,4.0438,-0.02,0.57,-1.226,35.0,25.83,0,47.3,1641.0,61.0,10.738900000000001,-0.20585,-1.07,-0.04415,-3.45455,-6.4887,1.1176499999999998,0,1,1,100.0
14,4.0,1,20.0,0.0,0,1,3.9584,-0.02,0.57,-1.226,35.0,25.83,0,53.4,1641.0,61.0,10.6352,-0.2028,-1.07,-0.0472,-3.3844,-7.0316,1.3952,0,1,1,100.0
14,5.0,1,20.0,0.0,0,1,3.8685,-0.0203,0.4861,-1.1647,35.0,25.834999999999997,0,56.45,1641.0,61.0,10.5245,-0.1995,-1.07,-0.05,-3.3085,-7.5965,1.6955,0,1,1,100.0
14,6.0,1,20.0,0.0,0,1,3.7282,-0.023959999999999995,-0.5374799999999992,-0.41684000000000065,35.0,25.896,0,25.340000000000032,1641.0,61.0,10.3354,-0.19340000000000002,-1.07,-0.05,-3.1682,-8.407799999999998,2.2505999999999995,0,1,1,100.0
14,7.0,1,20.0,0.0,0,1,3.4322000000000004,-0.02827,-0.16243000000000005,0.0,36.0,25.9,0,8.0,1641.0,61.0,9.867099999999999,-0.1873,-1.06,-0.06,-2.9065,-9.7591,3.7221999999999995,0,1,1,100.0
14,8.0,1,20.0,0.0,0,1,3.3468,-0.02888,-0.10692000000000002,0.0,36.0,25.9,0,8.0,1641.0,61.0,9.7024,-0.1812,-1.06,-0.06,-2.876,-9.9604,4.2467999999999995,0,1,1,100.0
14,9.0,1,20.0,0.0,0,1,3.2859000000000003,-0.029,0.009839999999999974,0.0,36.0,25.9,0,8.0,1641.0,61.0,9.5475,-0.1751,-1.0551000000000001,-0.06,-2.8994,-9.951,4.6685,0,1,1,100.0
14,10.0,1,20.0,0.0,0,1,3.234,-0.029,0.1089,0.0,36.0,25.9,0,8.0,1641.0,61.0,9.397,-0.17,-1.05,-0.06,-2.947,-9.856,5.03,0,1,1,100.0
14,11.0,1,20.0,0.0,0,1,3.1974,-0.029,0.04119000000000005,0.0,36.0,25.9,0,8.0,1641.0,61.0,9.2567,-0.17,-1.05,-0.06,-3.0507,-9.5876,5.213,0,1,1,100.0
14,12.0,1,20.0,0.0,0,1,3.1736,-0.027400000000000008,0.13987999999999953,0.0,36.0,25.9,0,8.0,1641.0,61.0,9.1228,-0.16680000000000003,-1.0468,-0.06319999999999999,-3.1767999999999996,-9.229600000000001,5.2328,0,1,1,100.0
14,13.0,1,20.0,0.0,0,1,3.1614,-0.02435,0.3893699999999999,0.0,36.0,25.9,0,8.0,1641.0,61.0,8.9947,-0.1607,-1.0407,-0.0693,-3.3232,-8.7904,5.1047,0,1,1,100.0
14,14.0,1,20.0,0.0,0,1,3.1654,-0.019680000000000007,0.5756799999999997,0.0,36.0,25.9,0,8.0,1641.0,61.0,8.8774,-0.16,-1.04,-0.07,-3.4965999999999995,-8.2702,4.641800000000001,0,1,1,100.0
14,15.0,1,20.0,0.0,0,1,3.173,-0.015025,0.715325,0.0,36.0,25.9,0,8.0,1641.0,61.0,8.775749999999999,-0.16,-1.03925,-0.07,-3.65475,-7.798,4.14375,0,1,1,100.0
14,16.0,1,20.0,0.0,0,1,3.1852,-0.011060000000000004,0.73698,0.0,36.0,25.9,0,8.0,1641.0,61.0,8.717799999999999,-0.16,-1.0362,-0.07,-3.7554,-7.5052,3.6710000000000003,0,1,1,100.0
14,17.0,1,20.0,0.0,0,1,3.1974,-0.007095000000000007,0.758635,0.0,36.0,25.9,0,8.0,1641.0,61.0,8.659849999999999,-0.16,-1.03315,-0.07,-3.8560499999999998,-7.212400000000001,3.1982500000000007,0,1,1,100.0
14,18.0,1,20.0,0.0,0,1,3.2096,-0.003130000000000001,0.78029,0.0,36.0,25.9,0,8.0,1641.0,61.0,8.6019,-0.16,-1.0301,-0.07,-3.9567,-6.9196,2.7255000000000003,0,1,1,100.0
14,19.0,1,20.0,0.0,0,1,3.2454,0.00466999999999999,1.0146399999999998,0.0,36.0,25.9,0,8.0,1641.0,61.0,8.4761,-0.15410000000000001,-1.0241,-0.0759,-4.1842,-6.325900000000001,1.341200000000002,0,1,1,100.0
14,20.0,1,20.0,1.0,0,1,3.378,0.0354,1.4128,0.0,36.0,25.9,0,9.0,1641.0,61.0,8.078000000000001,-0.148,-1.02,-0.08,-4.851999999999999,-4.82,-3.4939999999999998,0,1,1,100.0
14,21.0,1,20.0,1.0,0,1,3.4329,0.051869999999999986,1.6653399999999998,0.0,36.0,25.9,0,9.0,1641.0,61.0,7.8889000000000005,-0.14190000000000003,-1.02,-0.08,-5.132599999999999,-4.3015,-5.8851999999999975,0,1,1,100.0
14,22.0,1,20.0,1.0,0,1,3.4962,0.06833999999999997,1.6868800000000002,0.0,36.0,25.9,0,9.0,1641.0,61.0,7.662000000000001,-0.13580000000000003,-1.0158,-0.08419999999999998,-5.425799999999999,-3.8166000000000007,-8.574599999999995,0,1,1,100.0
14,23.0,1,20.0,1.0,0,1,3.5615,0.08428499999999998,1.5948300000000009,0.0,36.0,25.9,0,9.0,1641.0,61.0,7.42175,-0.12985000000000002,-1.01,-0.09,-5.71765,-3.3601000000000005,-11.333799999999995,0,1,1,100.0
14,24.0,1,20.0,1.0,0,1,3.592,0.09007999999999998,1.327040000000001,0.0,36.0,25.9,0,9.0,1641.0,61.0,7.2540000000000004,-0.12680000000000002,-1.01,-0.09,-5.873199999999999,-3.1588000000000007,-12.834399999999993,0,1,1,100.0
14,25.0,1,20.0,1.0,0,1,3.6225,0.095875,1.05925,0.0,36.0,25.9,0,9.0,1641.0,61.0,7.08625,-0.12375,-1.01,-0.09,-6.02875,-2.9575,-14.334999999999999,0,1,1,100.0
14,26.0,1,20.0,1.0,0,1,3.653,0.10167,0.7914600000000002,0.0,36.0,25.9,0,9.0,1641.0,61.0,6.9185,-0.1207,-1.01,-0.09,-6.1842999999999995,-2.7562,-15.835599999999998,0,1,1,100.0
14,27.0,1,20.0,1.0,0,1,3.7876,0.09971000000000001,-0.23516999999999935,0.0,36.0,25.9159,0,9.0,1641.0,61.0,5.678200000000001,-0.10060000000000002,-1.01,-0.09469999999999999,-6.801,-1.9426000000000005,-22.175699999999996,0,1,1,100.0
14,28.0,1,20.0,1.0,0,1,3.834,0.09504000000000003,-0.5830799999999995,0.0,36.0,25.9,0,9.0,1641.0,61.0,5.095200000000002,-0.08840000000000003,-1.01,-0.1,-6.9664,-1.6952000000000005,-24.0724,0,1,1,100.0
14,29.0,1,20.0,1.0,0,1,3.8645,0.08772000000000003,-0.7666899999999993,0.0,36.0,25.9,0,9.0,1641.0,61.0,4.4486000000000026,-0.07620000000000005,-1.01,-0.1,-7.0152,-1.5061000000000007,-25.158199999999997,0,1,1,100.0
14,30.0,1,20.0,1.0,0,1,3.883,0.08265,-0.7913,0.0,36.0,25.9,0,9.0,1641.0,61.0,3.9595000000000002,-0.067,-1.01,-0.1015,-7.019,-1.3724999999999998,-25.741500000000002,0,1,1,100.0
14,31.0,1,20.0,1.0,0,1,3.8891,0.079905,-0.6516100000000001,0.0,36.0,25.9,0,9.0,1641.0,61.0,3.63315,-0.06090000000000001,-1.01,-0.10455,-6.9763,-1.29625,-25.80555,0,1,1,100.0
14,32.0,1,20.0,1.0,6,2,3.8952,0.07716,-0.5119200000000003,0.0,36.0,25.9,0,9.0,1641.0,61.0,3.3068000000000004,-0.054800000000000015,-1.01,-0.1076,-6.9336,-1.22,-25.869600000000002,0,1,1,100.0
14,33.0,1,20.0,0.8700000000000017,6,2,3.8987,0.07461,-0.42318999999999973,0.015079999999999804,36.0,25.9,0,10.039999999999987,1641.0,61.0,2.9148000000000014,-0.04870000000000002,-1.01,-0.11129999999999998,-6.853200000000001,-1.1067000000000007,-25.751000000000005,0,1,1,100.0
14,34.0,1,20.0,0.26000000000000223,6,2,3.8926000000000003,0.07278,-0.5226199999999996,0.08583999999999975,36.0,25.9,0,14.919999999999982,1641.0,61.0,2.280400000000002,-0.04260000000000003,-1.01,-0.11739999999999998,-6.633600000000001,-0.8566000000000009,-24.958000000000006,0,1,1,100.0
14,35.0,1,20.0,0.0,6,2,3.869,0.06394999999999999,-0.8583,-0.51015,36.0,25.8615,0,17.0,1641.0,61.0,1.6844999999999999,-0.033,-1.0135,-0.12,-6.337,-0.5225,-23.689,0,1,1,100.0
14,36.0,1,20.0,0.0,6,2,3.8324000000000003,0.04992000000000001,-1.3694799999999996,-1.601439999999999,36.0,25.7944,0,17.0,1641.0,61.0,1.1172000000000006,-0.020800000000000013,-1.0196,-0.12,-5.9832,-0.12600000000000036,-22.0664,0,1,1,100.0
14,37.0,1,20.0,0.0,6,2,3.6559000000000004,0.027870000000000013,-0.6277400000000004,-2.0366299999999997,36.0,25.79,0,17.0,1641.0,61.0,-0.09619999999999924,0.005699999999999989,-1.02,-0.13,-4.654200000000001,1.150299999999999,-15.816200000000004,0,1,1,100.0
14,38.0,1,20.0,0.1799999999999983,6,2,3.5676000000000005,0.022740000000000014,-0.49513999999999997,-2.029220000000001,36.0,25.7972,0,17.18,1641.0,61.0,-0.4753999999999991,0.011799999999999982,-1.02,-0.13,-4.057400000000002,1.608799999999999,-13.113000000000007,0,1,1,100.0
14,39.0,1,20.0,0.7899999999999978,6,2,3.4578,0.018470000000000018,-0.50917,-1.772410000000001,36.0,25.8216,0,17.79,1641.0,61.0,-0.7986999999999989,0.01789999999999998,-1.02,-0.13,-3.4047000000000027,2.0113999999999983,-10.276500000000011,0,1,1,100.0
14,40.0,1,20.0,0.8,6,2,3.38,0.0158,-0.5078,-1.5674,36.0,25.836,0,17.8,1641.0,61.0,-0.988,0.02,-1.02,-0.132,-2.942,2.2439999999999998,-8.350000000000001,0,1,1,100.0
14,41.0,1,20.0,0.4950000000000003,6,2,3.319,0.013970000000000002,-0.498345,-1.389585,36.0,25.84515,0,17.495,1641.0,61.0,-1.1069499999999999,0.02,-1.02,-0.13505,-2.5790500000000005,2.38735,-6.901250000000002,0,1,1,100.0
14,42.0,1,20.0,0.19000000000000053,6,2,3.2580000000000005,0.012140000000000003,-0.48889,-1.2117700000000002,36.0,25.8543,0,17.19,1641.0,61.0,-1.2258999999999998,0.02,-1.02,-0.1381,-2.216100000000001,2.5307,-5.452500000000002,0,1,1,100.0
14,43.0,1,20.0,0.11500000000000057,6,2,3.1947,0.010309999999999996,-0.46954499999999993,-1.0152099999999995,36.0,25.86,0,17.115000000000002,1641.0,61.0,-1.3322000000000003,0.021150000000000006,-1.02,-0.14,-1.8439499999999993,2.6476,-4.014099999999997,0,1,1,100.0
14,44.0,1,20.0,0.4199999999999989,6,2,3.1276,0.008480000000000007,-0.43386000000000013,-0.7876800000000008,36.0,25.86,0,17.419999999999998,1641.0,61.0,-1.4175999999999997,0.02419999999999999,-1.02,-0.14,-1.4566000000000014,2.7207999999999997,-2.592800000000005,0,1,1,100.0
14,45.0,1,20.0,0.7250000000000001,6,2,3.0605,0.00665,-0.398175,-0.5601499999999999,36.0,25.86,0,17.725,1641.0,61.0,-1.5030000000000001,0.02725,-1.02,-0.14,-1.06925,2.794,-1.1714999999999995,0,1,1,100.0
14,46.0,1,20.0,1.0,6,2,2.7456000000000005,0.0018200000000000102,-0.13351999999999986,-0.05386000000000143,36.0,25.8624,0,18.0,1641.0,61.0,-1.7224,0.03,-1.0206,-0.14,0.6815999999999953,2.858600000000001,4.797199999999986,0,1,1,100.0
14,47.0,1,20.0,1.0,6,2,2.5992,-9.999999999996735e-06,-0.15913999999999995,0.20172999999999958,36.0,25.886799999999997,0,18.0,1641.0,61.0,-1.7468,0.03,-1.0267,-0.14,1.5111999999999983,2.7427,7.310399999999995,0,1,1,100.0
14,48.0,1,20.0,1.0,6,2,2.218400000000001,-0.0038399999999999867,-0.11371999999999967,0.7431599999999985,36.0,25.8888,0,18.0,1641.0,61.0,-1.6380000000000006,0.03,-1.03,-0.14,3.710799999999994,2.1588000000000025,13.384799999999984,0,1,1,100.0
14,49.0,1,20.0,1.0,6,2,2.0842000000000005,-0.005669999999999994,-0.15885999999999983,0.9395799999999992,36.0,25.8644,0,18.0,1641.0,61.0,-1.5465000000000004,0.03,-1.03,-0.14,4.540399999999997,1.8294000000000012,15.464899999999993,0,1,1,100.0
14,50.0,1,20.0,1.0,6,2,2.0100000000000002,-0.007,-0.215,1.07475,36.0,25.86,0,18.0,1641.0,61.0,-1.4825,0.0275,-1.03,-0.14,5.0200000000000005,1.59,16.627499999999998,0,1,1,100.0
14,51.0,1,20.0,1.0,6,2,1.9490000000000005,-0.008219999999999993,-0.2735599999999997,1.1964449999999993,36.0,25.86,0,18.0,1641.0,61.0,-1.4245500000000004,0.024450000000000017,-1.03,-0.14,5.422599999999997,1.3704000000000012,17.588249999999995,0,1,1,100.0
14,52.0,1,20.0,1.0,6,2,1.8880000000000001,-0.009439999999999999,-0.33211999999999986,1.3181399999999999,36.0,25.86,0,18.0,1641.0,61.0,-1.3666000000000003,0.021400000000000006,-1.03,-0.14,5.825199999999999,1.1508000000000005,18.548999999999996,0,1,1,100.0
14,53.0,1,20.0,1.0,6,2,1.6471000000000007,-0.013989999999999987,-0.25464000000000087,1.8279499999999989,36.0,25.83,0,18.0,1641.0,61.0,-1.0905000000000007,0.02,-1.0332999999999999,-0.14,7.576499999999995,-0.2893999999999947,23.125999999999987,0,1,1,100.0
14,54.0,1,20.0,1.0,6,2,1.5678000000000003,-0.015819999999999994,-0.13752000000000042,1.9590999999999994,36.0,25.83,0,18.0,1641.0,61.0,-0.9990000000000003,0.02,-1.0394,-0.14,8.216999999999997,-1.0091999999999974,25.077999999999992,0,1,1,100.0
14,55.0,1,20.0,1.0,6,2,1.5105,-0.016550000000000002,-0.029750000000000013,1.994,36.0,25.83,0,18.0,1641.0,61.0,-0.9295,0.02,-1.0455,-0.14,8.7145,-1.828,27.2115,0,1,1,100.0
14,56.0,1,20.0,1.0,6,2,1.4668,-0.017,0.04844000000000001,2.00456,36.0,25.83,0,18.0,1641.0,61.0,-0.8744000000000002,0.01920000000000002,-1.0508,-0.14,9.106,-2.5591999999999975,29.119199999999992,0,1,1,100.0
14,57.0,1,20.0,1.0,6,2,1.4546,-0.017,0.046305000000000006,1.9761950000000001,36.0,25.83,0,18.0,1641.0,61.0,-0.8530500000000001,0.016150000000000005,-1.05385,-0.14,9.24325,-3.0136499999999993,30.336149999999996,0,1,1,100.0
14,58.0,1,20.0,1.0,6,2,1.4424000000000001,-0.017,0.04417000000000002,1.9478300000000002,36.0,25.83,0,18.0,1641.0,61.0,-0.8317000000000002,0.013100000000000023,-1.0569,-0.14,9.3805,-3.4680999999999966,31.55309999999999,0,1,1,100.0
14,59.0,1,20.0,1.0,6,2,1.4302,-0.017,0.04203500000000001,1.9194650000000002,36.0,25.83,0,18.0,1641.0,61.0,-0.8103500000000001,0.010050000000000012,-1.05995,-0.14,9.51775,-3.9225499999999984,32.77005,0,1,1,100.0
14,60.0,1,20.0,1.0,6,2,1.43,-0.0158,0.058800000000000005,1.7810000000000001,36.0,25.83,0,18.0,1641.0,61.0,-0.78,0.01,-1.066,-0.134,9.544,-4.872,35.52,0,1,1,100.0
14,61.0,1,20.0,1.0,6,2,1.5151999999999997,-0.012160000000000013,0.18812999999999983,1.2544400000000016,36.0,25.86,0,18.0,1641.0,61.0,-0.6748000000000004,0.01,-1.0842,-0.12790000000000004,8.924700000000003,-7.450699999999994,43.66649999999998,0,1,1,100.0
14,62.0,1,20.0,1.0,6,2,1.5884,-0.009720000000000003,0.22045999999999993,0.9884800000000006,36.0,25.86,0,18.0,1641.0,61.0,-0.6016000000000001,0.01,-1.0964,-0.1218,8.3574,-8.469399999999997,47.11299999999999,0,1,1,100.0
14,63.0,1,20.0,1.0,6,2,1.6830999999999994,-0.007280000000000018,0.24461999999999987,0.6838200000000024,36.0,25.8772,0,18.0,1641.0,61.0,-0.4940000000000009,0.01,-1.1086,-0.12,7.5837000000000065,-9.535399999999992,50.70999999999997,0,1,1,100.0
14,64.0,1,20.0,1.0,6,2,1.7895999999999994,-0.004880000000000007,0.2631200000000001,0.366840000000001,36.0,25.9,0,18.0,1641.0,61.0,-0.36800000000000066,0.009600000000000023,-1.1204,-0.12,6.7096000000000044,-10.627999999999997,54.371999999999986,0,1,1,100.0
14,65.0,1,20.0,1.0,6,2,1.936,-0.0030499999999999998,0.2497,0.10515000000000001,36.0,25.9,0,18.0,1641.0,61.0,-0.185,0.0035,-1.1265,-0.12,5.636,-11.8175,58.0625,0,1,1,100.0
14,66.0,1,20.0,1.0,6,2,2.100599999999999,-0.001480000000000007,0.2095000000000004,-0.12065999999999902,36.0,25.889599999999998,0,18.0,1641.0,61.0,0.010999999999998813,-0.002599999999999966,-1.1325999999999998,-0.11740000000000003,4.510400000000006,-13.061599999999993,61.60479999999998,0,1,1,100.0
14,67.0,1,20.0,1.0,6,2,2.2897,-0.00026000000000000225,0.13325000000000015,-0.2981699999999997,36.0,25.865199999999998,0,18.0,1641.0,61.0,0.22449999999999962,-0.008699999999999989,-1.1386999999999998,-0.11130000000000001,3.314800000000002,-14.379199999999997,64.9476,0,1,1,100.0
14,68.0,1,20.0,1.0,6,2,2.5075999999999983,0.0,0.034920000000000784,-0.1881600000000014,36.0,25.879199999999997,0,18.0,1641.0,61.0,0.4379999999999984,-0.01,-1.1447999999999998,-0.11,2.124000000000009,-15.81679999999999,67.65199999999999,0,1,1,100.0
14,69.0,1,20.0,1.0,6,2,2.7197999999999998,0.0,-0.04950000000000011,-0.02723500000000002,36.0,25.9,0,18.0,1641.0,61.0,0.6303499999999997,-0.010449999999999989,-1.15,-0.11,1.029900000000002,-17.191049999999997,69.90585,0,1,1,100.0
14,70.0,1,20.0,1.0,6,2,2.854,0.0,-0.019,-0.02205,36.0,25.9,0,18.0,1641.0,61.0,0.7005,-0.0135,-1.15,-0.11,0.48700000000000004,-18.0115,70.5555,0,1,1,100.0
14,71.0,1,20.0,1.0,6,2,2.9881999999999995,0.0,0.011499999999999832,-0.01686500000000003,36.0,25.9,0,18.0,1641.0,61.0,0.7706499999999996,-0.016549999999999985,-1.15,-0.11,-0.055899999999996994,-18.831949999999996,71.20514999999999,0,1,1,100.0
14,72.0,1,20.0,1.0,6,2,3.1224,0.0,0.04199999999999995,-0.01168000000000001,36.0,25.9,0,18.0,1641.0,61.0,0.8407999999999999,-0.019599999999999996,-1.15,-0.11,-0.5987999999999991,-19.6524,71.8548,0,1,1,100.0
14,73.0,1,20.0,0.4700000000000045,6,2,3.9726999999999975,-0.0015299999999999956,-0.08377999999999988,0.19855999999999885,36.0,25.8788,0,17.470000000000006,1641.0,61.0,0.778700000000001,-0.014700000000000046,-1.1294000000000002,-0.1,-2.789499999999995,-24.165199999999988,69.86400000000002,0,1,1,100.0
14,74.0,1,20.0,0.13999999999999774,6,2,4.340999999999998,-0.002139999999999998,-0.09879999999999996,0.3347799999999997,36.0,25.8656,0,17.139999999999997,1641.0,61.0,0.6100000000000012,-0.008600000000000023,-1.1172000000000002,-0.1,-3.440599999999998,-25.837399999999995,67.51020000000001,0,1,1,100.0
14,75.0,1,20.0,0.75,6,2,4.7375,-0.0027500000000000003,-0.111,0.41225,36.0,25.89,0,17.75,1641.0,61.0,0.30500000000000005,-0.0025,-1.105,-0.1,-3.9225,-27.3075,63.8075,0,1,1,100.0
14,76.0,1,20.0,1.0,6,2,5.029599999999999,-0.0031799999999999984,-0.09746000000000019,0.44886,36.0,25.892799999999998,0,18.0,1641.0,61.0,0.04320000000000129,0.001799999999999983,-1.0946000000000002,-0.09820000000000002,-4.202799999999999,-28.1836,60.71140000000001,0,1,1,100.0
14,77.0,1,20.0,1.0,6,2,5.2492,-0.0034849999999999994,-0.06604500000000006,0.457095,36.0,25.880599999999998,0,18.0,1641.0,61.0,-0.18859999999999957,0.004849999999999994,-1.08545,-0.09515000000000001,-4.3431,-28.647199999999998,58.036550000000005,0,1,1,100.0
14,78.0,1,20.0,1.0,6,2,5.468799999999999,-0.003789999999999998,-0.03463000000000024,0.4653299999999999,36.0,25.868399999999998,0,18.0,1641.0,61.0,-0.4203999999999983,0.007899999999999978,-1.0763,-0.09210000000000002,-4.483399999999999,-29.110799999999998,55.36170000000002,0,1,1,100.0
14,79.0,1,20.0,0.8100000000000023,6,2,6.540099999999998,-0.004,-0.04960999999999996,0.5510700000000002,36.0,25.8543,0,18.189999999999998,1641.0,62.0,-1.7318999999999978,0.033799999999999955,-1.0343,-0.08810000000000003,-4.7362,-29.344500000000004,40.02220000000003,0,1,1,100.0
14,80.0,1,20.0,0.19999999999999996,1,5,7.021999999999999,-0.004,-0.061200000000000004,0.5224,36.0,25.836,0,18.8,1641.0,62.0,-2.348,0.046,-1.016,-0.082,-4.724,-28.46,32.324,0,1,1,100.0
14,81.0,1,20.0,0.0,1,5,7.516199999999997,-0.020809999999999856,-1.4184099999999888,-0.1405399999999945,36.0,25.813599999999997,0,19.0,1641.0,62.0,-2.9148999999999967,0.05409999999999997,-0.9977000000000001,-0.08,-4.6544,-26.837500000000013,24.334700000000044,0,1,1,100.0
14,82.0,1,20.0,0.0,1,5,8.0162,-0.045939999999999946,-3.3555000000000006,-1.0971399999999991,36.0,25.7886,0,19.0,1641.0,62.0,-3.451799999999999,0.06019999999999999,-0.9796,-0.08,-4.5524000000000004,-24.82260000000001,16.200200000000013,0,1,1,100.0
14,83.0,1,20.0,0.0,1,5,8.510299999999997,-0.07460999999999979,-3.0352500000000027,-1.5894099999999962,36.0,25.7459,0,19.0,1641.0,62.0,-3.8116999999999974,0.06629999999999996,-0.9674,-0.08,-4.3206000000000016,-21.851900000000022,7.971300000000062,0,1,1,100.0
14,84.0,1,20.0,0.0,1,5,8.9024,-0.09655999999999995,-2.7862800000000005,-1.982439999999999,36.0,25.7116,0,19.0,1641.0,62.0,-4.0468,0.07,-0.9564,-0.08,-4.097200000000001,-19.31320000000001,1.3924000000000152,0,1,1,100.0
14,85.0,1,20.0,0.0,1,5,9.13725,-0.10815,-2.6472,-2.2224749999999998,36.0,25.69025,0,19.0,1641.0,62.0,-4.0895,0.07,-0.94725,-0.08,-3.88675,-17.4405,-2.64275,0,1,1,100.0
14,86.0,1,20.0,0.0,1,6,9.372100000000001,-0.11974000000000004,-2.5081199999999995,-2.462510000000001,36.0,25.668899999999997,0,19.0,1641.0,62.0,-4.1322,0.07,-0.9381,-0.08,-3.6762999999999995,-15.567799999999993,-6.677900000000014,0,1,1,100.0
14,87.0,1,20.0,0.0,1,6,10.355499999999996,-0.16039999999999988,-1.7236100000000032,-3.4051399999999945,36.0,25.5723,0,19.0,1641.0,62.0,-3.677900000000007,0.05860000000000013,-0.9193000000000001,-0.08069999999999994,-2.3320000000000096,-6.6340000000000465,-23.64059999999992,0,1,1,100.0
14,88.0,1,20.0,0.0,1,6,10.751999999999997,-0.1725999999999999,-1.4326400000000021,-3.8943599999999963,36.0,25.5052,0,19.0,1641.0,62.0,-3.0496000000000048,0.046400000000000094,-0.9132000000000001,-0.08679999999999995,-1.4780000000000064,-2.486000000000031,-30.704399999999946,0,1,1,100.0
14,89.0,1,20.0,0.0,1,6,11.03975,-0.18102999999999997,-1.1906800000000006,-4.273234999999999,36.0,25.4555,0,19.0,1641.0,62.0,-2.482200000000002,0.03710000000000002,-0.91,-0.09,-0.7922000000000019,0.5918999999999929,-35.897699999999986,0,1,1,100.0
14,90.0,1,20.0,0.0,1,6,11.2075,-0.1853,-1.0028,-4.530349999999999,36.0,25.425,0,19.0,1641.0,62.0,-1.9820000000000002,0.031,-0.91,-0.09,-0.292,2.489,-39.027,0,1,1,100.0
14,91.0,1,20.0,0.0,1,6,11.375250000000001,-0.18957000000000002,-0.8149199999999993,-4.787465000000001,36.0,25.3945,0,19.0,1641.0,62.0,-1.4817999999999982,0.024899999999999978,-0.91,-0.09,0.20820000000000188,4.386100000000007,-42.15630000000001,0,1,1,100.0
14,92.0,1,20.0,0.0,1,6,11.561599999999997,-0.19431999999999994,-0.6747999999999994,-5.044519999999997,36.0,25.356800000000003,0,19.0,1641.0,62.0,-0.8220000000000147,0.015200000000000272,-0.91,-0.09239999999999986,0.8127999999999884,6.545999999999964,-45.70559999999994,0,1,1,100.0
14,93.0,1,20.0,0.0,1,6,11.823899999999998,-0.20102999999999993,-0.7296999999999996,-5.301329999999998,36.0,25.289700000000003,0,19.0,1641.0,62.0,0.48949999999999033,-0.009199999999999818,-0.91,-0.10459999999999992,1.8436999999999921,9.778999999999977,-50.96989999999996,0,1,1,100.0
14,94.0,1,20.0,0.0,1,6,12.3078,-0.21067999999999998,-0.3593600000000008,-6.112479999999998,36.0,25.156000000000002,0,19.0,1641.0,62.0,4.548399999999994,-0.07359999999999992,-0.9234,-0.12339999999999998,4.197599999999998,16.541399999999992,-61.637799999999984,0,1,1,100.0
14,95.0,1,20.0,0.0,1,6,12.4115,-0.2119,-0.1483,-6.491899999999999,36.0,25.095,0,19.0,1641.0,62.0,6.232,-0.098,-0.9295,-0.1295,4.893,18.4995,-64.48649999999999,0,1,1,100.0
14,96.0,1,20.0,0.0,1,6,12.4284,-0.21228,-0.10692000000000039,-6.610639999999998,36.0,25.0704,0,19.0,1641.0,62.0,7.167999999999987,-0.11399999999999978,-0.9328,-0.13559999999999992,5.126399999999998,19.29559999999999,-65.39759999999998,0,1,1,100.0
14,97.0,1,20.0,0.0,1,6,12.43755,-0.212585,-0.0806900000000003,-6.706104999999999,36.0,25.04905,0,19.0,1641.0,62.0,8.037249999999991,-0.12924999999999984,-0.93585,-0.14169999999999994,5.318549999999998,19.98794999999999,-66.13569999999999,0,1,1,100.0
14,98.0,1,20.0,0.0,1,6,12.4467,-0.21289,-0.0544600000000002,-6.80157,36.0,25.0277,0,19.0,1641.0,62.0,8.906499999999994,-0.14449999999999988,-0.9389,-0.14779999999999996,5.510699999999999,20.680299999999995,-66.87379999999999,0,1,1,100.0
14,99.0,1,20.0,0.0,1,6,12.4032,-0.213,-0.027060000000000105,-6.89138,36.0,25.0044,0,19.0,1641.0,62.0,10.327599999999993,-0.1694999999999999,-0.9439,-0.15389999999999998,5.5878,21.472099999999998,-67.2063,0,1,1,100.0
14,100.0,1,20.0,0.0,1,6,12.08,-0.212,-0.061,-7.06,36.0,24.98,0,19.0,1641.0,62.0,14.8,-0.25,-0.95,-0.17,4.97,22.79,-65.35,0,1,1,100.0
15,0.0,1,20.0,0.0,0,1,5.06,-0.027,-0.054,-1.473,36.0,25.83,0,19.0,1641.0,62.0,15.21,-0.29,-1.08,-0.05,-0.68,12.9,-1.41,0,1,1,100.0
15,1.0,1,20.0,0.0,0,1,4.757599999999999,-0.02868,-0.20520000000000002,-1.05524,36.0,25.83,0,19.0,1641.0,62.0,14.8068,-0.2844,-1.08,-0.05,-0.6576000000000001,11.3488,0.17480000000000015,0,1,1,100.0
15,2.0,1,20.0,0.0,0,1,4.4636,-0.03,-0.324,-0.727,36.0,25.83,0,21.4,1641.0,62.0,14.406,-0.27880000000000005,-1.08,-0.05,-0.6412,9.797600000000001,1.7283999999999997,0,1,1,100.0
15,3.0,1,20.0,0.0,0,1,4.2004,-0.03,-0.324,-0.727,36.0,25.83,0,32.599999999999994,1641.0,62.0,14.014,-0.2732,-1.08,-0.05,-0.6468,8.246400000000001,3.1675999999999993,0,1,1,100.0
15,4.0,1,20.0,0.0,0,1,3.9564,-0.03,-0.324,-0.727,36.0,25.83,0,43.8,1641.0,62.0,13.631599999999999,-0.2652,-1.08,-0.05,-0.6644,6.748,4.553999999999999,0,1,1,100.0
15,5.0,1,20.0,0.0,0,1,3.738,-0.03,-0.324,-0.727,36.0,25.83,0,55.0,1641.0,62.0,13.262,-0.254,-1.08,-0.05,-0.698,5.32,5.87,0,1,1,100.0
15,6.0,1,20.0,0.0,0,1,3.6024000000000003,-0.03341999999999999,-1.2540599999999984,-0.5961400000000002,36.0,25.842599999999997,0,50.000000000000014,1641.0,62.0,13.0166,-0.2482,-1.08,-0.05,-0.7297999999999999,4.408600000000001,6.712599999999999,0,1,1,100.0
15,7.0,1,20.0,0.0,0,1,3.5128,-0.03874,-2.7008199999999984,-0.39258000000000015,36.0,25.862199999999998,0,36.000000000000014,1641.0,62.0,12.840200000000001,-0.2454,-1.08,-0.05,-0.7605999999999999,3.7842000000000002,7.292199999999999,0,1,1,100.0
15,8.0,1,20.0,0.0,0,1,3.4232,-0.044059999999999995,-4.147579999999999,-0.18902000000000008,36.0,25.8818,0,22.000000000000007,1641.0,62.0,12.6638,-0.24259999999999998,-1.08,-0.05,-0.7914,3.1598,7.8717999999999995,0,1,1,100.0
15,9.0,1,20.0,0.0,0,1,3.0866,-0.051019999999999996,-0.028080000000000004,0.0,36.0,25.9,0,9.0,1641.0,62.0,11.8992,-0.2298,-1.0798,-0.05,-0.9523999999999999,0.7222000000000001,10.092600000000001,0,1,1,100.0
15,10.0,1,20.0,0.0,0,1,3.0389999999999997,-0.0513,-0.015200000000000002,0.0,36.0,25.9,0,9.0,1641.0,62.0,11.748,-0.227,-1.077,-0.05,-0.986,0.33299999999999996,10.409,0,1,1,100.0
15,11.0,1,20.0,0.0,0,1,2.9914,-0.051579999999999994,-0.002320000000000015,0.0,36.0,25.9,0,9.0,1641.0,62.0,11.5968,-0.2242,-1.0742,-0.05,-1.0196,-0.056199999999999674,10.725399999999999,0,1,1,100.0
15,12.0,1,20.0,0.0,0,1,2.9438,-0.051859999999999996,0.010559999999999972,0.0,36.0,25.9,0,9.0,1641.0,62.0,11.445599999999999,-0.2214,-1.0714000000000001,-0.05,-1.0532,-0.4453999999999993,11.041799999999999,0,1,1,100.0
15,13.0,1,20.0,0.0,0,1,2.8892,-0.052,0.034919999999999986,0.0,36.0,25.9,0,9.0,1641.0,62.0,11.2384,-0.2144,-1.0672000000000001,-0.05,-1.098,-0.9115999999999997,11.3316,0,1,1,100.0
15,14.0,1,20.0,0.0,0,1,2.8276000000000003,-0.052,0.07075999999999995,0.0,36.0,25.9,0,9.0,1641.0,62.0,10.975200000000001,-0.20320000000000002,-1.0616,-0.05,-1.154,-1.4547999999999992,11.5948,0,1,1,100.0
15,15.0,1,20.0,0.0,0,1,2.764,-0.0484,0.2938,0.0,36.0,25.9,0,9.0,1641.0,62.0,10.318,-0.196,-1.056,-0.054,-1.272,-2.3040000000000003,11.012,0,1,1,100.0
15,16.0,1,20.0,0.0,0,1,2.7696,-0.04616,0.36771999999999994,0.0,36.0,25.9,0,9.0,1641.0,62.0,10.1052,-0.1904,-1.0504,-0.05959999999999999,-1.3168,-2.4495999999999998,10.440800000000001,0,1,1,100.0
15,17.0,1,20.0,0.0,0,1,2.8064,-0.04080000000000001,0.5508399999999996,0.0,36.0,25.9,0,9.0,1641.0,62.0,9.908000000000001,-0.18480000000000002,-1.0448,-0.06,-1.3772,-2.46,9.458800000000002,0,1,1,100.0
15,18.0,1,20.0,0.0,0,1,2.844,-0.0356,0.71748,0.0,36.0,25.9,0,9.0,1641.0,62.0,9.7268,-0.17959999999999998,-1.0396,-0.06,-1.4371999999999998,-2.452,8.488,0,1,1,100.0
15,19.0,1,20.0,0.0,0,1,2.872,-0.0328,0.7348399999999999,0.0,36.0,25.9,0,9.0,1641.0,62.0,9.634400000000001,-0.1768,-1.0368,-0.06,-1.4875999999999998,-2.396,7.774000000000001,0,1,1,100.0
15,20.0,1,20.0,0.0,0,1,2.9,-0.03,0.7522,0.0,36.0,25.9,0,9.0,1641.0,62.0,9.542,-0.17400000000000002,-1.034,-0.06,-1.538,-2.34,7.06,0,1,1,100.0
15,21.0,1,20.0,0.0,0,1,2.928,-0.027200000000000002,0.76956,0.0,36.0,25.9,0,9.0,1641.0,62.0,9.4496,-0.17120000000000002,-1.0312000000000001,-0.06,-1.5884,-2.284,6.346000000000001,0,1,1,100.0
15,22.0,1,20.0,0.0,0,1,2.9848,-0.021200000000000017,0.9689999999999993,0.0,36.0,25.9,0,9.0,1641.0,62.0,9.304400000000001,-0.16680000000000003,-1.03,-0.06,-1.6835999999999998,-2.148,4.980800000000004,0,1,1,100.0
15,23.0,1,20.0,0.0,0,1,3.0631999999999997,-0.012800000000000025,1.304999999999999,0.0,36.0,25.9,0,9.0,1641.0,62.0,9.1196,-0.1612,-1.03,-0.06,-1.8123999999999998,-1.9520000000000004,3.1272000000000055,0,1,1,100.0
15,24.0,1,20.0,1.0,0,1,3.3291999999999997,0.020879999999999937,1.5813599999999997,0.0,36.0,25.9,0,10.0,1641.0,62.0,8.525200000000002,-0.15560000000000002,-1.02,-0.07,-2.241999999999999,-1.254400000000001,-3.4707999999999894,0,1,1,100.0
15,25.0,1,20.0,1.0,0,1,3.43,0.036,1.662,0.0,36.0,25.9,0,10.0,1641.0,62.0,8.29,-0.15,-1.02,-0.07,-2.41,-0.98,-6.17,0,1,1,100.0
15,26.0,1,20.0,1.0,0,1,3.542,0.051119999999999985,1.67264,0.0,36.0,25.9,0,10.0,1641.0,62.0,8.01,-0.1444,-1.02,-0.07,-2.578,-0.6944000000000002,-9.160399999999997,0,1,1,100.0
15,27.0,1,20.0,1.0,0,1,3.6527999999999996,0.06527999999999998,1.5414400000000015,0.0,36.0,25.9,0,10.0,1641.0,62.0,7.7132000000000005,-0.13880000000000003,-1.0188,-0.07,-2.7423999999999995,-0.4112000000000005,-12.141199999999994,0,1,1,100.0
15,28.0,1,20.0,1.0,0,1,3.7591999999999994,0.07591999999999997,0.8901600000000021,0.0,36.0,25.9,0,10.0,1641.0,62.0,7.354800000000001,-0.1332,-1.0132,-0.07,-2.8935999999999997,-0.1368000000000008,-15.086799999999991,0,1,1,100.0
15,29.0,1,20.0,1.0,0,1,3.8607999999999993,0.08224000000000001,0.35816000000000153,0.0,36.0,25.9,0,10.0,1641.0,62.0,6.955600000000002,-0.12520000000000006,-1.01,-0.07,-3.0159999999999996,0.12079999999999903,-17.82359999999999,0,1,1,100.0
15,30.0,1,20.0,1.0,0,1,3.956,0.0828,-0.014800000000000035,0.0,36.0,25.9,0,10.0,1641.0,62.0,6.502,-0.114,-1.01,-0.07,-3.1,0.356,-20.282,0,1,1,100.0
15,31.0,1,20.0,1.0,0,1,4.0476,0.08084000000000001,-0.42915999999999954,0.0,36.0,25.9108,0,10.0,1641.0,62.0,5.9872000000000005,-0.10640000000000001,-1.01,-0.0736,-3.1264,0.5479999999999998,-22.236399999999996,0,1,1,100.0
15,32.0,1,20.0,1.0,0,1,4.1372,0.07748000000000001,-0.8665199999999992,0.0,36.0,25.927599999999998,0,10.0,1641.0,62.0,5.4384000000000015,-0.10080000000000001,-1.01,-0.07919999999999999,-3.1208,0.7159999999999996,-23.910799999999995,0,1,1,100.0
15,33.0,1,20.0,1.0,0,1,4.1788,0.0734,-0.953,0.0,36.0,25.9228,0,10.0,1641.0,62.0,5.103200000000001,-0.09520000000000002,-1.0124,-0.08,-3.0696000000000003,0.7759999999999999,-24.449999999999996,0,1,1,100.0
15,34.0,1,20.0,1.0,0,1,4.2124,0.06920000000000001,-0.9809999999999999,0.0,36.0,25.9144,0,10.0,1641.0,62.0,4.803600000000001,-0.08960000000000003,-1.0152,-0.08,-3.0108,0.8179999999999998,-24.799999999999997,0,1,1,100.0
15,35.0,1,20.0,1.0,0,1,4.2459999999999996,0.065,-1.009,0.0,36.0,25.906,0,10.0,1641.0,62.0,4.5040000000000004,-0.084,-1.018,-0.08,-2.952,0.86,-25.15,0,1,1,100.0
15,36.0,1,20.0,0.0,0,1,4.3564,0.045040000000000004,-0.9250799999999999,0.030079999999999895,36.0,25.9,0,10.439999999999994,1641.0,62.0,3.0220000000000007,-0.05680000000000001,-1.02,-0.09,-2.3708000000000005,0.9136000000000001,-24.4812,0,1,1,100.0
15,37.0,1,20.0,0.0,6,2,4.3788,0.04168000000000001,-1.0023599999999997,0.13535999999999979,36.0,25.9,0,15.47999999999999,1641.0,62.0,2.434000000000001,-0.04560000000000002,-1.02,-0.09,-2.023600000000001,0.8912000000000001,-23.2604,0,1,1,100.0
15,38.0,1,20.0,0.0,6,2,4.3872,0.03524000000000003,-1.0701199999999997,0.10148000000000053,36.0,25.8888,0,18.0,1641.0,62.0,1.8628000000000018,-0.034400000000000035,-1.02,-0.09279999999999998,-1.6260000000000014,0.8772,-21.656000000000006,0,1,1,100.0
15,39.0,1,20.0,0.0,6,2,4.3816,0.025720000000000038,-1.1283599999999998,-0.0715599999999993,36.0,25.8664,0,18.0,1641.0,62.0,1.3084000000000022,-0.023200000000000047,-1.02,-0.09839999999999999,-1.178000000000002,0.8716,-19.66800000000001,0,1,1,100.0
15,40.0,1,20.0,0.2,6,2,4.37,0.0206,-1.0464,-0.0996,36.0,25.868,0,18.2,1641.0,62.0,0.974,-0.016,-1.022,-0.1,-0.8540000000000001,0.858,-18.172,0,1,1,100.0
15,41.0,1,20.0,0.47999999999999976,6,2,4.356,0.017240000000000002,-0.9083600000000002,-0.06964000000000004,36.0,25.879199999999997,0,18.48,1641.0,62.0,0.7276000000000001,-0.010400000000000006,-1.0248,-0.1,-0.5796000000000003,0.8412000000000001,-16.8728,0,1,1,100.0
15,42.0,1,20.0,0.7599999999999995,6,2,4.342,0.013880000000000005,-0.7703200000000003,-0.03968000000000006,36.0,25.8904,0,18.759999999999998,1641.0,62.0,0.48120000000000046,-0.004800000000000012,-1.0276,-0.1,-0.3052000000000006,0.8244,-15.573600000000004,0,1,1,100.0
15,43.0,1,20.0,0.0,6,2,4.218800000000001,0.0012800000000000153,-0.50472,0.7540799999999984,36.0,25.8968,0,18.0,1641.0,62.0,-0.5419999999999989,0.010799999999999983,-1.0308,-0.10079999999999999,1.2187999999999979,0.5880000000000006,-8.501200000000011,0,1,1,100.0
15,44.0,1,20.0,0.0,6,2,4.1404000000000005,-0.00375999999999998,-0.5377599999999999,1.272639999999998,36.0,25.874399999999998,0,18.0,1641.0,62.0,-0.9059999999999985,0.016399999999999977,-1.0364,-0.10639999999999998,1.980399999999997,0.3640000000000009,-5.079600000000014,0,1,1,100.0
15,45.0,1,20.0,0.19999999999999718,6,2,4.056,-0.008599999999999977,-0.561,1.7483999999999982,36.0,25.854,0,18.199999999999996,1641.0,62.0,-1.2459999999999984,0.02199999999999997,-1.04,-0.11,2.759999999999996,0.09200000000000182,-1.5680000000000185,0,1,1,100.0
15,46.0,1,20.0,0.7599999999999967,6,2,3.9608000000000003,-0.013079999999999974,-0.5666,2.1471199999999975,36.0,25.8372,0,18.759999999999998,1641.0,62.0,-1.5427999999999982,0.027599999999999965,-1.04,-0.11,3.571999999999995,-0.2663999999999978,2.105599999999978,0,1,1,100.0
15,47.0,1,20.0,1.0,6,2,3.8624,-0.016279999999999996,-0.4163600000000005,2.33496,36.0,25.8172,0,19.0,1641.0,62.0,-1.8075999999999994,0.033199999999999986,-1.0432000000000001,-0.11,4.371199999999998,-0.6887999999999991,5.859199999999992,0,1,1,100.0
15,48.0,1,20.0,1.0,6,2,3.761600000000001,-0.01851999999999998,-0.14924000000000212,2.3646399999999996,36.0,25.7948,0,19.0,1641.0,62.0,-2.0483999999999982,0.03879999999999995,-1.0488,-0.11,5.160799999999994,-1.1591999999999962,9.67279999999997,0,1,1,100.0
15,49.0,1,20.0,1.0,6,2,3.6960000000000006,-0.018560000000000004,-0.018080000000000384,2.2616600000000004,36.0,25.7988,0,19.0,1641.0,62.0,-2.1704,0.04,-1.0522,-0.11,5.613799999999999,-1.462399999999999,12.007999999999992,0,1,1,100.0
15,50.0,1,20.0,1.0,6,2,3.64,-0.018000000000000002,0.07599999999999998,2.1225,36.0,25.81,0,19.0,1641.0,62.0,-2.2600000000000002,0.04,-1.0550000000000002,-0.11,5.975,-1.72,13.940000000000001,0,1,1,100.0
15,51.0,1,20.0,1.0,6,2,3.5840000000000005,-0.017440000000000004,0.17007999999999943,1.983340000000001,36.0,25.821199999999997,0,19.0,1641.0,62.0,-2.3495999999999992,0.04,-1.0578,-0.11,6.336199999999998,-1.9775999999999985,15.87199999999999,0,1,1,100.0
15,52.0,1,20.0,1.0,6,2,3.3284000000000002,-0.012520000000000003,0.27704000000000006,1.3063200000000006,36.0,25.86,0,19.0,1641.0,62.0,-2.6384,0.05,-1.0724,-0.10880000000000001,7.820799999999999,-3.163599999999999,25.072399999999995,0,1,1,100.0
15,53.0,1,20.0,1.0,6,2,3.2276000000000007,-0.010280000000000018,0.24456000000000025,1.0744800000000019,36.0,25.86,0,19.0,1641.0,62.0,-2.6776,0.05,-1.0836,-0.10320000000000006,8.291199999999996,-3.6003999999999965,28.86359999999997,0,1,1,100.0
15,54.0,1,20.0,1.0,6,2,3.1340000000000003,-0.008280000000000006,0.22192000000000003,0.8774400000000006,36.0,25.86,0,19.0,1641.0,62.0,-2.6760000000000006,0.05,-1.0924,-0.1,8.687199999999999,-4.0059999999999985,32.62119999999999,0,1,1,100.0
15,55.0,1,20.0,1.0,6,2,3.05,-0.0066,0.2124,0.7268,36.0,25.86,0,19.0,1641.0,62.0,-2.62,0.05,-1.098,-0.1,8.984,-4.37,36.333999999999996,0,1,1,100.0
15,56.0,1,20.0,1.0,6,2,2.9804000000000004,-0.005280000000000007,0.1856000000000002,0.5171200000000015,36.0,25.874399999999998,0,19.0,1641.0,62.0,-2.506400000000001,0.05,-1.1036000000000001,-0.09640000000000004,9.1548,-4.708799999999998,39.971199999999975,0,1,1,100.0
15,57.0,1,20.0,1.0,6,2,2.9188,-0.004160000000000002,0.14920000000000005,0.2746400000000005,36.0,25.8968,0,19.0,1641.0,62.0,-2.3608000000000002,0.05,-1.1092000000000002,-0.0908,9.2556,-5.0336,43.56639999999999,0,1,1,100.0
15,58.0,1,20.0,1.0,6,2,2.8812,-0.0030400000000000093,0.18239999999999965,0.026880000000002034,36.0,25.9,0,19.0,1641.0,62.0,-2.1384000000000016,0.045200000000000046,-1.1148,-0.09,9.202800000000002,-5.348799999999997,47.02719999999997,0,1,1,100.0
15,59.0,1,20.0,1.0,6,2,2.8496,-0.0018800000000000069,0.21980000000000025,-0.21315999999999946,36.0,25.8984,0,19.0,1641.0,62.0,-1.8988000000000012,0.039600000000000024,-1.1204,-0.09,9.1132,-5.663999999999998,50.44759999999999,0,1,1,100.0
15,60.0,1,20.0,1.0,6,2,2.844,-0.00019999999999999987,0.161,-0.3414,36.0,25.875999999999998,0,19.0,1641.0,62.0,-1.6019999999999999,0.034,-1.126,-0.09,8.878,-6.0,53.634,0,1,1,100.0
15,61.0,1,20.0,1.0,6,2,2.8455999999999997,0.0010799999999999983,0.11660000000000005,-0.4283600000000001,36.0,25.8632,0,19.0,1641.0,62.0,-1.344400000000001,0.029200000000000018,-1.13,-0.08920000000000002,8.661200000000003,-6.289599999999999,56.301999999999985,0,1,1,100.0
15,62.0,1,20.0,1.0,6,2,2.8651999999999997,0.0013599999999999994,0.10820000000000002,-0.41212000000000004,36.0,25.874399999999998,0,19.0,1641.0,62.0,-1.1848000000000003,0.026400000000000007,-1.13,-0.0864,8.490400000000001,-6.4632,57.67399999999999,0,1,1,100.0
15,63.0,1,20.0,1.0,6,2,2.8848,0.0016399999999999978,0.09980000000000007,-0.3958800000000001,36.0,25.8856,0,19.0,1641.0,62.0,-1.0252000000000012,0.023600000000000024,-1.13,-0.08360000000000002,8.319600000000001,-6.636799999999999,59.04599999999999,0,1,1,100.0
15,64.0,1,20.0,1.0,6,2,2.9044,0.001919999999999999,0.09140000000000002,-0.3796400000000001,36.0,25.8968,0,19.0,1641.0,62.0,-0.8656000000000006,0.020800000000000013,-1.13,-0.08080000000000001,8.1488,-6.8104,60.418,0,1,1,100.0
15,65.0,1,20.0,1.0,6,2,2.97,0.002,0.061,-0.3194,36.0,25.9,0,19.0,1641.0,62.0,-0.6159999999999999,0.016,-1.13,-0.08,7.82,-7.088,62.269999999999996,0,1,1,100.0
15,66.0,1,20.0,1.0,6,2,3.0539999999999994,0.002,0.021800000000000243,-0.24156000000000047,36.0,25.9,0,19.0,1641.0,62.0,-0.33040000000000164,0.010400000000000034,-1.13,-0.08,7.428000000000003,-7.407199999999998,64.31399999999998,0,1,1,100.0
15,67.0,1,20.0,1.0,6,2,3.4411999999999994,0.00048000000000000115,-0.04195999999999997,-0.08224000000000015,36.0,25.879199999999997,0,19.0,1641.0,62.0,0.20959999999999973,-0.0051999999999999885,-1.1148,-0.07480000000000002,6.388000000000001,-8.03,66.4504,0,1,1,100.0
15,68.0,1,20.0,1.0,6,2,3.621199999999998,-7.999999999999545e-05,-0.05387999999999995,0.0006399999999990558,36.0,25.8632,0,19.0,1641.0,62.0,0.32239999999999985,-0.01,-1.1076000000000001,-0.07,6.064000000000002,-8.141200000000001,66.28960000000001,0,1,1,100.0
15,69.0,1,20.0,1.0,6,2,3.839599999999999,-0.0006399999999999978,-0.060039999999999975,0.11711999999999954,36.0,25.8856,0,19.0,1641.0,62.0,0.33919999999999995,-0.01,-1.0908000000000002,-0.07,5.812000000000001,-8.0796,65.0968,0,1,1,100.0
15,70.0,1,20.0,0.8,6,2,4.076,-0.0012000000000000001,-0.0672,0.219,36.0,25.892,0,18.8,1641.0,62.0,0.32,-0.008,-1.076,-0.07,5.602,-7.925999999999999,63.467999999999996,0,1,1,100.0
15,71.0,1,20.0,0.24000000000000338,6,2,4.344799999999998,-0.0017599999999999966,-0.07615999999999995,0.29459999999999953,36.0,25.8696,0,18.240000000000002,1641.0,62.0,0.23600000000000051,-0.002400000000000034,-1.0648000000000002,-0.07,5.467600000000001,-7.606800000000002,61.054400000000015,0,1,1,100.0
15,72.0,1,20.0,0.3199999999999989,6,2,4.635999999999999,-0.0023199999999999987,-0.07136000000000003,0.37179999999999985,36.0,25.872799999999998,0,18.32,1641.0,62.0,0.10080000000000036,0.0,-1.0504,-0.07,5.4004,-7.098800000000001,57.98480000000001,0,1,1,100.0
15,73.0,1,20.0,0.8799999999999955,6,2,4.943999999999997,-0.0028799999999999954,-0.05624000000000012,0.4501999999999994,36.0,25.8952,0,18.879999999999995,1641.0,62.0,-0.07279999999999857,0.0,-1.0336,-0.07,5.3836,-6.449200000000005,54.42320000000002,0,1,1,100.0
15,74.0,1,20.0,1.0,6,2,5.278399999999999,-0.0034399999999999977,-0.013840000000000201,0.46084,36.0,25.8824,0,19.0,1641.0,62.44,-0.2903999999999991,0.004399999999999978,-1.0212,-0.07,5.446,-5.513600000000004,50.07400000000002,0,1,1,100.0
15,75.0,1,20.0,1.0,1,5,5.62,-0.004,0.036,0.453,36.0,25.86,0,19.0,1641.0,63.0,-0.52,0.01,-1.01,-0.07,5.53,-4.5,45.51,0,1,1,100.0
15,76.0,1,20.0,0.7200000000000016,1,5,5.804799999999999,-0.004,0.032080000000000025,0.4418000000000001,36.0,25.851599999999998,0,19.0,1641.0,63.0,-0.6263999999999994,0.012799999999999983,-1.0016,-0.07,5.6056,-3.7916000000000043,42.83320000000001,0,1,1,100.0
15,77.0,1,20.0,0.44000000000000056,1,5,5.9896,-0.004,0.028160000000000008,0.43060000000000004,36.0,25.8432,0,19.0,1641.0,63.0,-0.7327999999999998,0.015599999999999994,-0.9932,-0.07,5.6812,-3.0832000000000015,40.156400000000005,0,1,1,100.0
15,78.0,1,20.0,0.16000000000000222,1,5,6.174399999999999,-0.004,0.024240000000000032,0.41940000000000005,36.0,25.834799999999998,0,19.0,1641.0,63.0,-0.8391999999999992,0.01839999999999998,-0.9848,-0.07,5.756799999999999,-2.374800000000006,37.479600000000026,0,1,1,100.0
15,79.0,1,20.0,0.0,1,5,7.1503999999999985,-0.05527999999999989,-3.1352400000000014,-1.4297999999999984,36.0,25.7732,0,19.0,1641.0,63.0,-1.1128000000000002,0.02,-0.9552,-0.07,6.3043999999999984,2.1595999999999913,23.267600000000023,0,1,1,100.0
15,80.0,1,20.0,0.0,1,5,7.548,-0.0816,-2.8698,-1.8330000000000002,36.0,25.733999999999998,0,19.0,1641.0,63.0,-1.096,0.02,-0.944,-0.07,6.618,4.282,17.522,0,1,1,100.0
15,81.0,1,20.0,0.0,1,5,7.949199999999998,-0.10431999999999987,-2.594640000000002,-2.2487999999999975,36.0,25.684,0,19.0,1641.0,63.0,-0.9640000000000012,0.016400000000000036,-0.9328000000000001,-0.07359999999999997,7.003599999999998,6.530399999999986,11.902400000000034,0,1,1,100.0
15,82.0,1,20.0,0.0,1,5,8.3524,-0.12503999999999996,-2.3140800000000006,-2.6715999999999993,36.0,25.628,0,19.0,1641.0,63.0,-0.7680000000000003,0.010800000000000011,-0.9216000000000001,-0.07919999999999999,7.4292,8.848799999999995,6.352800000000012,0,1,1,100.0
15,83.0,1,20.0,0.0,1,5,8.575599999999998,-0.13495999999999994,-2.129520000000001,-2.8901599999999985,36.0,25.6008,0,19.0,1641.0,63.0,-0.5720000000000016,0.0076000000000000225,-0.9176000000000001,-0.08,7.698799999999998,10.16399999999999,3.330400000000021,0,1,1,100.0
15,84.0,1,20.0,0.0,1,6,8.768799999999999,-0.14307999999999996,-1.9609600000000007,-3.0746799999999994,36.0,25.5784,0,19.0,1641.0,63.0,-0.37600000000000083,0.004800000000000012,-0.9148000000000001,-0.08,7.942399999999999,11.311999999999994,0.7292000000000105,0,1,1,100.0
15,85.0,1,20.0,0.0,1,6,8.961999999999998,-0.15119999999999992,-1.7924000000000015,-3.259199999999998,36.0,25.556,0,19.0,1641.0,63.0,-0.18000000000000205,0.0020000000000000287,-0.912,-0.08,8.185999999999996,12.459999999999988,-1.8719999999999735,0,1,1,100.0
15,86.0,1,20.0,0.0,1,6,9.834399999999999,-0.17923999999999995,-1.1260800000000015,-4.361479999999997,36.0,25.4224,0,19.0,1641.0,63.0,1.2407999999999952,-0.023199999999999932,-0.9,-0.09159999999999996,9.269599999999999,17.31039999999999,-13.478399999999974,0,1,1,100.0
15,87.0,1,20.0,0.0,1,6,10.1648,-0.18708,-0.8673600000000005,-4.783159999999999,36.0,25.360799999999998,0,19.0,1641.0,63.0,2.0135999999999985,-0.03439999999999998,-0.9,-0.0972,9.5832,18.816799999999997,-17.812799999999992,0,1,1,100.0
15,88.0,1,20.0,0.0,1,6,10.4028,-0.19226,-0.7105600000000004,-5.076739999999998,36.0,25.316,0,19.0,1641.0,63.0,2.632399999999996,-0.042799999999999956,-0.9,-0.10139999999999998,9.7722,19.779999999999998,-20.954399999999985,0,1,1,100.0
15,89.0,1,20.0,0.0,1,6,10.548399999999999,-0.19478,-0.6556800000000003,-5.242219999999999,36.0,25.288,0,19.0,1641.0,63.0,3.0971999999999977,-0.04839999999999998,-0.9,-0.10419999999999999,9.8366,20.2,-22.90319999999999,0,1,1,100.0
15,90.0,1,20.0,0.0,1,6,10.693999999999999,-0.19729999999999998,-0.6008000000000006,-5.407699999999998,36.0,25.26,0,19.0,1641.0,63.0,3.561999999999995,-0.053999999999999944,-0.9,-0.10699999999999997,9.901,20.619999999999997,-24.851999999999983,0,1,1,100.0
15,91.0,1,20.0,0.0,1,6,10.839599999999999,-0.19982,-0.5459200000000004,-5.573179999999999,36.0,25.232,0,19.0,1641.0,63.0,4.026799999999997,-0.059599999999999966,-0.9,-0.10979999999999998,9.9654,21.04,-26.800799999999988,0,1,1,100.0
15,92.0,1,20.0,0.0,1,6,11.068399999999997,-0.20415999999999995,-0.41044000000000175,-5.7519199999999975,36.0,25.209200000000003,0,19.0,1641.0,63.0,5.037599999999987,-0.07559999999999979,-0.9,-0.12039999999999987,9.886800000000001,21.179199999999998,-30.12759999999996,0,1,1,100.0
15,93.0,1,20.0,0.0,1,6,11.6284,-0.212,-0.1312000000000005,-6.471519999999998,36.0,25.1144,0,19.0,1641.0,63.0,8.11639999999999,-0.13239999999999988,-0.9,-0.14,9.032400000000006,20.03640000000001,-38.676799999999986,0,1,1,100.0
15,94.0,1,20.0,0.0,1,6,11.7572,-0.212,-0.06960000000000026,-6.664159999999999,36.0,25.075200000000002,0,19.0,1641.0,63.0,9.281199999999995,-0.14919999999999994,-0.9,-0.14,8.349200000000003,18.821200000000005,-41.03439999999999,0,1,1,100.0
15,95.0,1,20.0,0.0,1,6,11.864,-0.212,-0.020399999999999998,-6.8226,36.0,25.036,0,19.0,1641.0,63.0,10.436,-0.166,-0.902,-0.14200000000000002,7.5840000000000005,17.46,-43.144,0,1,1,100.0
15,96.0,1,20.0,0.0,1,6,11.931199999999999,-0.212,0.006479999999999568,-6.919479999999998,36.0,24.9968,0,19.0,1641.0,63.0,11.572799999999981,-0.18279999999999974,-0.9076,-0.1475999999999999,6.671200000000015,15.836000000000027,-44.80719999999997,0,1,1,100.0
15,97.0,1,20.0,0.0,1,6,11.9632,-0.21136000000000002,0.07751999999999873,-7.083879999999998,36.0,24.9576,0,19.0,1641.0,63.0,12.352799999999995,-0.19639999999999988,-0.9116,-0.15,6.017600000000006,14.70160000000001,-45.7072,0,1,1,100.0
15,98.0,1,20.0,0.0,1,6,11.9688,-0.21024,0.18167999999999915,-7.298919999999998,36.0,24.918400000000002,0,19.0,1641.0,63.0,12.865199999999996,-0.20759999999999992,-0.9144,-0.15,5.558400000000003,13.934400000000007,-46.0348,0,1,1,100.0
15,99.0,1,20.0,0.0,1,6,11.974400000000001,-0.20912,0.28583999999999954,-7.513959999999999,36.0,24.8792,0,19.0,1641.0,63.0,13.3776,-0.21879999999999997,-0.9172,-0.15,5.0992000000000015,13.167200000000003,-46.3624,0,1,1,100.0
15,100.0,1,20.0,0.0,1,6,11.91,-0.205,0.014,-7.4,36.0,24.88,0,19.0,1641.0,63.0,15.36,-0.26,-0.94,-0.14,3.27,10.58,-45.81,0,1,1,100.0
16,0.0,1,20.0,0.0,0,1,8.98,-0.099,1.319,-3.432,36.0,25.76,0,19.0,1641.0,63.0,16.09,-0.31,-1.06,-0.02,0.05,13.85,0.53,0,1,1,100.0
16,1.0,1,20.0,0.0,0,1,8.7177,-0.0868,1.3879299999999999,-2.40476,36.0,25.76,0,19.0,1641.0,63.0,16.0351,-0.3039,-1.06,-0.02,-0.09639999999999999,12.4165,2.6284,0,1,1,100.0
16,2.0,1,20.0,0.0,0,1,8.4642,-0.079,1.432,-1.748,36.0,25.76,0,23.4,1641.0,63.0,15.9758,-0.3,-1.06,-0.02,-0.24939999999999998,10.741,4.3858,0,1,1,100.0
16,3.0,1,20.0,0.0,0,1,8.2263,-0.079,1.432,-1.748,36.0,25.76,0,35.599999999999994,1641.0,63.0,15.9087,-0.3,-1.06,-0.02,-0.41409999999999997,8.636500000000002,5.5386999999999995,0,1,1,100.0
16,4.0,1,20.0,0.0,0,1,8.006,-0.079,1.432,-1.748,36.0,25.76,0,47.8,1641.0,63.0,15.8064,-0.3,-1.06,-0.02,-0.592,6.342800000000001,6.256,0,1,1,100.0
16,5.0,1,20.0,0.0,0,1,7.802499999999999,-0.078525,1.5501749999999999,-1.7043,36.0,25.76425,0,57.75,1641.0,63.0,15.693,-0.29974999999999996,-1.05975,-0.02025,-0.7675,4.07575,6.7695,0,1,1,100.0
16,6.0,1,20.0,0.0,0,1,7.710999999999999,-0.07273,2.9919099999999985,-1.1711600000000004,36.0,25.816100000000002,0,42.500000000000014,1641.0,63.0,15.6076,-0.29669999999999996,-1.0567,-0.023299999999999998,-0.859,2.925900000000001,6.8854,0,1,1,100.0
16,7.0,1,20.0,0.0,0,1,7.6194999999999995,-0.06693500000000001,4.433644999999999,-0.6380200000000003,36.0,25.86795,0,27.25000000000001,1641.0,63.0,15.5222,-0.29364999999999997,-1.05365,-0.02635,-0.9505,1.7760500000000008,7.0013,0,1,1,100.0
16,8.0,1,20.0,0.0,0,1,7.528,-0.06114,5.875379999999999,-0.10488000000000014,36.0,25.9198,0,12.000000000000007,1641.0,63.0,15.4368,-0.29059999999999997,-1.0506,-0.029399999999999996,-1.042,0.6262000000000004,7.1171999999999995,0,1,1,100.0
16,9.0,1,20.0,0.0,0,1,7.3875,-0.060489999999999995,3.1577500000000005,0.0,36.0,25.9153,0,9.0,1641.0,63.0,15.2436,-0.2851,-1.05,-0.03,-1.2217,-1.2169999999999994,7.1841,0,1,1,100.0
16,10.0,1,20.0,0.0,0,1,7.0735,-0.06305,-0.14785,0.0,36.0,25.9,0,9.0,1641.0,63.0,14.617,-0.2695,-1.0495,-0.0305,-1.7469999999999999,-5.6245,7.149,0,1,1,100.0
16,11.0,1,20.0,0.0,0,1,7.03385,-0.063355,-0.07373500000000008,0.0,36.0,25.9,0,9.0,1641.0,63.0,14.476700000000001,-0.26645,-1.04645,-0.033549999999999996,-1.8506999999999998,-6.20095,7.0819,0,1,1,100.0
16,12.0,1,20.0,0.0,0,1,6.9942,-0.06366,0.00037999999999984986,0.0,36.0,25.9,0,9.0,1641.0,63.0,14.336400000000001,-0.2634,-1.0434,-0.036599999999999994,-1.9543999999999997,-6.777399999999999,7.0148,0,1,1,100.0
16,13.0,1,20.0,0.0,0,1,6.95455,-0.06396500000000001,0.07449499999999995,0.0,36.0,25.9,0,9.0,1641.0,63.0,14.1961,-0.26035,-1.04035,-0.03965,-2.0581,-7.3538499999999996,6.9477,0,1,1,100.0
16,14.0,1,20.0,0.0,0,1,6.8591999999999995,-0.06246,0.13770000000000004,0.0,36.0,25.9,0,9.0,1641.0,63.0,13.4616,-0.2446,-1.0346,-0.04,-2.5673999999999997,-8.8608,6.125800000000001,0,1,1,100.0
16,15.0,1,20.0,0.0,0,1,6.8515,-0.0611,0.17895,0.0,36.0,25.9,0,9.0,1641.0,63.0,13.184,-0.2385,-1.03,-0.04,-2.7535,-9.1015,5.622,0,1,1,100.0
16,16.0,1,20.0,0.0,0,1,6.857600000000001,-0.057440000000000005,0.4308799999999998,0.0,36.0,25.9,0,9.0,1641.0,63.0,12.915600000000001,-0.23240000000000002,-1.03,-0.04,-2.9303999999999997,-9.1076,4.9388000000000005,0,1,1,100.0
16,17.0,1,20.0,0.0,0,1,6.8822,-0.05341000000000001,0.53777,0.0,36.0,25.9,0,9.0,1641.0,63.0,12.6472,-0.22630000000000003,-1.0263,-0.04369999999999999,-3.1072999999999995,-8.962,4.085400000000002,0,1,1,100.0
16,18.0,1,20.0,0.0,0,1,6.9188,-0.04914,0.5505800000000001,0.0,36.0,25.9,0,9.0,1641.0,63.0,12.3788,-0.2202,-1.0202,-0.0498,-3.2842,-8.718000000000002,3.1216000000000004,0,1,1,100.0
16,19.0,1,20.0,0.0,0,1,6.9436,-0.045755000000000004,0.7179699999999998,0.0,36.0,25.9,0,9.0,1641.0,63.0,12.2402,-0.22,-1.02,-0.05,-3.3785,-8.506450000000001,2.476400000000001,0,1,1,100.0
16,20.0,1,20.0,0.0,0,1,6.968,-0.0424,0.8906000000000001,0.0,36.0,25.9,0,9.0,1641.0,63.0,12.106,-0.22,-1.02,-0.05,-3.4699999999999998,-8.296,1.8419999999999996,0,1,1,100.0
16,21.0,1,20.0,0.0,0,1,6.9924,-0.039045,1.06323,0.0,36.0,25.9,0,9.0,1641.0,63.0,11.9718,-0.22,-1.02,-0.05,-3.5614999999999997,-8.08555,1.2076000000000002,0,1,1,100.0
16,22.0,1,20.0,1.0,0,1,7.1604,-0.012340000000000025,1.1773599999999995,0.0,36.0,25.9,0,10.0,1641.0,63.0,11.2542,-0.2058,-1.01,-0.05419999999999999,-4.001799999999999,-6.7852000000000015,-2.9807999999999963,0,1,1,100.0
16,23.0,1,20.0,1.0,0,1,7.2339,0.0017199999999999592,1.4527499999999995,0.0,36.0,25.9,0,10.0,1641.0,63.0,10.954100000000002,-0.19970000000000002,-1.01,-0.06,-4.1777999999999995,-6.210900000000001,-4.976399999999994,0,1,1,100.0
16,24.0,1,20.0,1.0,0,1,7.3132,0.016359999999999948,1.6509999999999994,0.0,36.0,25.9,0,10.0,1641.0,63.0,10.6308,-0.19360000000000002,-1.01,-0.06,-4.336399999999999,-5.619200000000002,-7.3431999999999915,0,1,1,100.0
16,25.0,1,20.0,1.0,0,1,7.3950000000000005,0.030250000000000003,1.63125,0.0,36.0,25.9,0,10.0,1641.0,63.0,10.29,-0.1875,-1.01,-0.06,-4.49,-5.039999999999999,-9.82,0,1,1,100.0
16,26.0,1,20.0,1.0,0,1,7.4804,0.04305999999999999,1.2975800000000004,0.0,36.0,25.9,0,10.0,1641.0,63.0,9.924,-0.1814,-1.01,-0.06,-4.6364,-4.4788,-12.455199999999998,0,1,1,100.0
16,27.0,1,20.0,1.0,0,1,7.5564,0.04834999999999999,0.6339700000000015,0.0,36.0,25.9,0,10.0,1641.0,63.0,9.4969,-0.17060000000000003,-1.01,-0.0647,-4.7593,-3.941100000000001,-15.052799999999996,0,1,1,100.0
16,28.0,1,20.0,0.9200000000000017,6,2,7.628,0.051,-0.021280000000000143,-0.0016799999999999645,36.0,25.8968,0,10.639999999999986,1641.0,63.0,9.041200000000002,-0.1592,-1.01,-0.07,-4.868,-3.416800000000001,-17.575199999999995,0,1,1,100.0
16,29.0,1,20.0,0.3100000000000022,6,2,7.689,0.051,0.029959999999999817,-0.014489999999999954,36.0,25.8724,0,15.519999999999982,1641.0,63.0,8.516600000000002,-0.1531,-1.01,-0.07,-4.929,-2.9349000000000016,-19.67359999999999,0,1,1,100.0
16,30.0,1,20.0,0.0,6,2,7.744,0.0456,-0.38650000000000007,-0.1593,36.0,25.86,0,18.0,1641.0,63.0,7.9559999999999995,-0.144,-1.01,-0.07300000000000001,-4.939,-2.4739999999999998,-21.358,0,1,1,100.0
16,31.0,1,20.0,0.0,6,2,7.7928,0.03462000000000001,-1.2862499999999994,-0.4405099999999997,36.0,25.86,0,18.0,1641.0,63.0,7.3582,-0.1318,-1.01,-0.0791,-4.8963,-2.0348000000000006,-22.6146,0,1,1,100.0
16,32.0,1,20.0,0.0,6,2,7.826,0.024160000000000022,-1.1449600000000006,-0.4976,36.0,25.86,0,18.0,1641.0,63.0,6.734400000000001,-0.11960000000000003,-1.0152,-0.08,-4.7548,-1.6632000000000007,-23.0132,0,1,1,100.0
16,33.0,1,20.0,0.06499999999999916,6,2,7.851299999999999,0.015415000000000009,-0.8624900000000004,-0.47904500000000044,36.0,25.8626,0,18.064999999999998,1641.0,63.0,6.174350000000001,-0.10870000000000002,-1.02,-0.08065,-4.598800000000001,-1.3494500000000003,-23.13265,0,1,1,100.0
16,34.0,1,20.0,0.3699999999999989,6,2,7.8574,0.012670000000000011,-0.7240200000000006,-0.3244100000000006,36.0,25.8748,0,18.369999999999997,1641.0,63.0,5.866300000000002,-0.10260000000000002,-1.02,-0.08369999999999998,-4.452400000000001,-1.2061000000000004,-22.7697,0,1,1,100.0
16,35.0,1,20.0,0.675,6,2,7.8635,0.009925,-0.58555,-0.169775,36.0,25.887,0,18.675,1641.0,63.0,5.55825,-0.0965,-1.02,-0.08675,-4.306,-1.06275,-22.40675,0,1,1,100.0
16,36.0,1,20.0,0.9799999999999998,6,2,7.8696,0.007180000000000002,-0.4470800000000001,-0.015140000000000134,36.0,25.899199999999997,0,18.98,1641.0,63.0,5.2502,-0.09040000000000001,-1.02,-0.08979999999999999,-4.1596,-0.9194000000000002,-22.0438,0,1,1,100.0
16,37.0,1,20.0,0.0,6,2,7.8001,-0.003989999999999992,-0.51409,1.1901599999999994,36.57,25.86,0,18.0,1641.0,63.0,3.806900000000001,-0.06860000000000002,-1.0257,-0.09,-2.929900000000001,-0.44030000000000025,-17.326700000000006,0,1,1,100.0
16,38.0,1,20.0,0.1799999999999983,6,2,7.752,-0.007899999999999992,-0.4659400000000002,1.5175199999999993,36.82,25.854599999999998,0,18.18,1641.0,63.0,3.3222000000000014,-0.058200000000000016,-1.03,-0.09179999999999998,-2.324800000000002,-0.34280000000000005,-14.933600000000007,0,1,1,100.0
16,39.0,1,20.0,0.7899999999999978,6,2,7.691,-0.01094999999999999,-0.39457000000000025,1.770059999999999,36.21,25.836299999999998,0,18.79,1641.0,63.0,2.8891000000000018,-0.05210000000000002,-1.03,-0.09789999999999999,-1.6294000000000024,-0.31840000000000007,-12.20080000000001,0,1,1,100.0
16,40.0,1,20.0,1.0,6,2,7.614,-0.014,-0.3416,2.0638,36.0,25.814,0,19.0,1641.0,63.0,2.516,-0.046,-1.034,-0.1,-0.862,-0.362,-9.268,0,1,1,100.0
16,41.0,1,20.0,1.0,6,2,7.5282,-0.01703,-0.2976000000000001,2.37537,36.01,25.7897,0,19.0,1641.0,63.0,2.1761000000000004,-0.039900000000000005,-1.04,-0.1,-0.05570000000000082,-0.4430999999999998,-6.2283000000000035,0,1,1,100.0
16,42.0,1,20.0,1.0,6,2,7.4184,-0.01886,-0.21220000000000017,2.45894,36.62,25.7714,0,19.0,1641.0,63.0,1.9382000000000006,-0.03380000000000001,-1.04,-0.1,0.8165999999999984,-0.6321999999999997,-3.074600000000006,0,1,1,100.0
16,43.0,1,20.0,1.0,6,2,7.306299999999999,-0.020460000000000002,-0.12886999999999985,2.5135300000000003,37.0,25.76,0,19.0,1641.0,63.0,1.7301999999999997,-0.03,-1.04,-0.10230000000000002,1.6866000000000017,-0.8581000000000005,0.06760000000000575,0,1,1,100.0
16,44.0,1,20.0,1.0,6,2,7.1904,-0.021679999999999994,-0.048960000000000295,2.52024,37.0,25.76,0,19.0,1641.0,63.0,1.5716000000000006,-0.03,-1.04,-0.10839999999999998,2.5527999999999964,-1.144799999999999,3.1907999999999883,0,1,1,100.0
16,45.0,1,20.0,1.0,6,2,7.1285,-0.0217,0.007099999999999998,2.4581,37.0,25.7645,0,19.0,1641.0,63.0,1.506,-0.03,-1.0415,-0.11,2.9779999999999998,-1.3054999999999999,4.7509999999999994,0,1,1,100.0
16,46.0,1,20.0,1.0,6,2,7.085800000000001,-0.021293333333333334,0.05467999999999973,2.3714800000000005,37.0,25.7706,0,19.0,1641.0,63.0,1.473466666666667,-0.03,-1.0435333333333334,-0.11,3.246399999999998,-1.4213999999999993,5.755466666666661,0,1,1,100.0
16,47.0,1,20.0,1.0,6,2,7.0431,-0.020886666666666668,0.1022599999999999,2.28486,37.0,25.7767,0,19.0,1641.0,63.0,1.4409333333333334,-0.03,-1.0455666666666668,-0.11,3.5147999999999993,-1.5372999999999999,6.759933333333331,0,1,1,100.0
16,48.0,1,20.0,1.0,6,2,7.000400000000001,-0.02048,0.14983999999999964,2.1982400000000006,37.0,25.782799999999998,0,19.0,1641.0,63.0,1.4084000000000003,-0.03,-1.0476,-0.11,3.7831999999999977,-1.6531999999999991,7.764399999999992,0,1,1,100.0
16,49.0,1,20.0,1.0,6,2,6.9577,-0.020073333333333335,0.19741999999999982,2.1116200000000003,37.0,25.788899999999998,0,19.0,1641.0,63.0,1.3758666666666668,-0.03,-1.0496333333333334,-0.11,4.051599999999999,-1.7690999999999997,8.768866666666662,0,1,1,100.0
16,50.0,1,20.0,1.0,6,2,6.45,-0.011,0.15899999999999997,1.206,37.0,25.86,0,19.0,1641.0,63.0,1.2,-0.02,-1.065,-0.1,6.5600000000000005,-3.355,20.665,0,1,1,100.0
16,51.0,1,20.0,1.0,6,2,6.3424000000000005,-0.009890000000000003,0.14213000000000006,1.1120700000000006,37.0,25.86,0,19.0,1641.0,63.0,1.1944,-0.02,-1.0711,-0.1,6.939599999999999,-3.7746999999999975,23.517999999999983,0,1,1,100.0
16,52.0,1,20.0,1.0,6,2,6.244800000000001,-0.00928,0.13176000000000002,1.0126400000000002,37.0,25.86,0,19.0,1641.0,63.0,1.2187999999999999,-0.02,-1.0772000000000002,-0.1,7.159199999999999,-4.244399999999999,26.445999999999994,0,1,1,100.0
16,53.0,1,20.0,1.0,6,2,6.17855,-0.008670000000000004,0.12518500000000002,0.9364750000000004,37.0,25.86,0,19.0,1641.0,63.0,1.2448499999999998,-0.02164999999999998,-1.08165,-0.09835000000000002,7.2566999999999995,-4.616749999999998,28.61994999999999,0,1,1,100.0
16,54.0,1,20.0,1.0,6,2,6.1389000000000005,-0.008060000000000001,0.12183000000000002,0.8800500000000002,37.0,25.86,0,19.0,1641.0,63.0,1.2723,-0.02469999999999999,-1.0847,-0.09530000000000001,7.2506,-4.9064999999999985,30.154099999999993,0,1,1,100.0
16,55.0,1,20.0,1.0,6,2,6.0992500000000005,-0.00745,0.11847500000000001,0.823625,37.0,25.86,0,19.0,1641.0,63.0,1.29975,-0.02775,-1.08775,-0.09225,7.2445,-5.19625,31.68825,0,1,1,100.0
16,56.0,1,20.0,1.0,6,2,5.9836,-0.004840000000000003,0.1717200000000001,0.430360000000001,37.0,25.86,0,19.0,1641.0,63.0,1.536399999999999,-0.03,-1.1016000000000001,-0.09,6.688800000000003,-6.830399999999995,38.94239999999998,0,1,1,100.0
16,57.0,1,20.0,1.0,6,2,5.9592,-0.004230000000000001,0.15159000000000003,0.24492000000000033,37.0,25.86,0,19.0,1641.0,63.0,1.7132999999999996,-0.03,-1.1077000000000001,-0.09,6.188600000000001,-7.708799999999997,42.23029999999999,0,1,1,100.0
16,58.0,1,20.0,1.0,6,2,5.9538,-0.003430000000000007,0.1512199999999999,0.10470000000000083,36.81,25.86,0,19.0,1641.0,63.0,1.857899999999999,-0.03189999999999998,-1.1119,-0.09,5.779600000000003,-8.366799999999996,44.484599999999986,0,1,1,100.0
16,59.0,1,20.0,1.0,6,2,5.9599,-0.0025150000000000033,0.16280999999999995,-0.008149999999999581,36.505,25.86,0,19.0,1641.0,63.0,1.9829499999999995,-0.03494999999999999,-1.11495,-0.09,5.4258000000000015,-8.891399999999997,46.113299999999995,0,1,1,100.0
16,60.0,1,20.0,1.0,6,2,5.966,-0.0015999999999999999,0.1744,-0.121,36.2,25.86,0,19.0,1641.0,63.0,2.108,-0.038,-1.118,-0.09,5.072,-9.416,47.742000000000004,0,1,1,100.0
16,61.0,1,20.0,1.0,6,2,6.091499999999999,0.0012099999999999967,0.1301400000000009,-0.40450000000000014,37.0,25.86,0,19.0,1641.0,63.0,2.8133999999999983,-0.052099999999999966,-1.12,-0.09209999999999996,3.122900000000005,-12.340299999999992,54.598399999999984,0,1,1,100.0
16,62.0,1,20.0,1.0,6,2,6.183,0.001819999999999999,-0.03211999999999972,-0.37400000000000005,37.0,25.86,0,19.0,1641.0,63.0,3.1428,-0.05819999999999999,-1.12,-0.0982,2.2018000000000018,-13.822599999999998,57.062799999999996,0,1,1,100.0
16,63.0,1,20.0,1.0,6,2,6.257299999999999,0.002,-0.06237000000000019,-0.3310300000000003,37.0,25.86,0,19.0,1641.0,63.0,3.341049999999999,-0.062149999999999976,-1.1178500000000002,-0.1,1.6139500000000033,-14.844799999999994,58.35114999999999,0,1,1,100.0
16,64.0,1,20.0,1.0,6,2,6.3244,0.002,-0.037360000000000095,-0.28284000000000015,37.0,25.86,0,19.0,1641.0,63.0,3.4843999999999995,-0.0652,-1.1148,-0.1,1.1656000000000017,-15.674399999999997,59.1472,0,1,1,100.0
16,65.0,1,20.0,1.0,6,2,6.3915,0.002,-0.012349999999999996,-0.23464999999999997,37.0,25.86,0,19.0,1641.0,63.0,3.62775,-0.06825,-1.11175,-0.1,0.71725,-16.504,59.94325,0,1,1,100.0
16,66.0,1,20.0,0.7400000000000034,6,2,6.8161999999999985,0.0007400000000000035,-0.015720000000000265,-0.050900000000000285,36.0,25.86,0,18.740000000000002,1641.0,63.0,4.043399999999999,-0.08,-1.0974000000000002,-0.1,-1.1207999999999962,-20.61579999999999,60.888000000000005,0,1,1,100.0
16,67.0,1,20.0,0.1300000000000011,6,2,7.041899999999999,0.00013000000000000113,0.03185999999999991,0.0009499999999998982,36.0,25.86,0,18.130000000000003,1641.0,63.0,4.0983,-0.08,-1.0913000000000002,-0.1,-1.779599999999999,-22.3421,60.156,0,1,1,100.0
16,68.0,1,20.0,0.4799999999999955,6,2,7.2963999999999976,-0.00047999999999999546,-0.01991999999999941,0.057119999999999574,36.48,25.86,0,18.479999999999997,1641.0,63.0,4.023600000000001,-0.07520000000000004,-1.0804000000000002,-0.1,-2.308799999999996,-23.87159999999999,58.435200000000016,0,1,1,100.0
16,69.0,1,20.0,0.9100000000000023,6,2,7.565899999999998,-0.001,-0.08052000000000016,0.11130999999999987,36.910000000000004,25.863599999999998,0,18.910000000000004,1641.0,63.0,3.888600000000001,-0.06910000000000002,-1.0682,-0.1,-2.7821999999999987,-25.272199999999994,56.269300000000015,0,1,1,100.0
16,70.0,1,20.0,0.29999999999999993,6,2,7.877,-0.001,-0.036599999999999994,0.14730000000000001,36.3,25.887999999999998,0,18.3,1641.0,63.0,3.608,-0.063,-1.056,-0.1,-3.136,-26.236,53.079,0,1,1,100.0
16,71.0,1,20.0,0.3099999999999966,6,2,8.203599999999998,-0.0013099999999999967,-0.039799999999999724,0.1733699999999999,36.0,25.8876,0,18.309999999999995,1641.0,63.0,3.2499000000000025,-0.056900000000000034,-1.0438,-0.1,-3.430899999999999,-26.803,49.346200000000024,0,1,1,100.0
16,72.0,1,20.0,0.9199999999999989,6,2,8.5452,-0.001919999999999999,-0.08859999999999991,0.18983999999999998,36.0,25.8632,0,18.919999999999998,1641.0,63.0,2.8168000000000006,-0.05080000000000001,-1.0316,-0.1,-3.6687999999999996,-26.986,45.08840000000001,0,1,1,100.0
16,73.0,1,20.0,1.0,6,2,8.751649999999998,-0.002,-0.07062000000000021,0.19756499999999996,36.0,25.86,0,19.0,1641.0,63.265,2.526800000000002,-0.044700000000000045,-1.0247000000000002,-0.1,-3.7556499999999997,-26.660200000000003,42.29870000000002,0,1,1,100.0
16,74.0,1,20.0,1.0,1,5,8.9377,-0.002,-0.042560000000000105,0.20396999999999998,36.0,25.86,0,19.0,1641.0,63.57,2.258400000000001,-0.03860000000000002,-1.0186,-0.1,-3.8197,-26.257600000000004,39.73060000000001,0,1,1,100.0
16,75.0,1,20.0,1.0,1,5,9.12375,-0.002,-0.014500000000000002,0.210375,36.0,25.86,0,19.0,1641.0,63.875,1.9899999999999998,-0.0325,-1.0125,-0.1,-3.88375,-25.855,37.1625,0,1,1,100.0
16,76.0,1,20.0,0.0,1,5,9.968799999999998,-0.009019999999999933,-0.5895399999999942,-0.07867999999999742,36.0,25.8174,0,19.0,1641.0,64.0,0.8332000000000013,-0.016400000000000036,-0.9782,-0.09,-3.9266000000000005,-21.56460000000001,25.038400000000017,0,1,1,100.0
16,77.0,1,20.0,0.0,1,5,10.1701,-0.020914999999999975,-1.627454999999998,-0.5441099999999992,36.0,25.79605,0,19.0,1641.0,64.0,0.6014000000000004,-0.010300000000000012,-0.97515,-0.09,-3.88695,-20.030450000000002,22.104300000000006,0,1,1,100.0
16,78.0,1,20.0,0.0,1,5,10.371399999999998,-0.03280999999999991,-2.6653699999999922,-1.0095399999999966,36.0,25.7747,0,19.0,1641.0,64.0,0.3696000000000017,-0.004200000000000046,-0.9721,-0.09,-3.8473,-18.496300000000012,19.170200000000023,0,1,1,100.0
16,79.0,1,20.0,0.0,1,5,11.301599999999999,-0.09621999999999992,-2.780330000000001,-2.0787199999999983,36.0,25.6767,0,19.0,1641.0,64.0,-0.2832999999999999,0.0018999999999999772,-0.9480999999999999,-0.09,-3.373600000000001,-9.556800000000017,5.9077000000000215,0,1,1,100.0
16,80.0,1,20.0,0.0,1,6,11.692,-0.1194,-2.4796,-2.4984,36.0,25.634,0,19.0,1641.0,64.0,-0.326,0.008,-0.942,-0.09,-3.032,-5.116,0.31400000000000006,0,1,1,100.0
16,81.0,1,20.0,0.0,1,6,12.065999999999999,-0.1392999999999999,-2.1620600000000016,-2.8459199999999982,36.0,25.6036,0,19.0,1641.0,64.0,-0.18420000000000133,0.0059000000000000346,-0.9359000000000001,-0.09409999999999996,-2.6084000000000027,-0.683400000000025,-5.10749999999997,0,1,1,100.0
16,82.0,1,20.0,0.0,1,6,12.431,-0.15743999999999997,-1.8350200000000008,-3.1639599999999994,36.0,25.578599999999998,0,19.0,1641.0,64.0,0.056599999999999054,-0.00019999999999998863,-0.9298000000000001,-0.1,-2.1418000000000013,3.730199999999993,-10.43519999999999,0,1,1,100.0
16,83.0,1,20.0,0.0,1,6,12.766499999999997,-0.1708599999999999,-1.4696300000000027,-3.6507399999999968,36.0,25.5359,0,19.0,1641.0,64.0,0.5628999999999962,-0.006299999999999955,-0.9237000000000001,-0.1,-1.5867000000000042,7.7012999999999705,-15.473799999999963,0,1,1,100.0
16,84.0,1,20.0,0.0,1,6,13.0276,-0.18091999999999997,-1.2130800000000004,-4.0298799999999995,36.0,25.4932,0,19.0,1641.0,64.0,1.0187999999999986,-0.012399999999999977,-0.92,-0.1012,-1.133600000000001,10.741199999999994,-19.45639999999999,0,1,1,100.0
16,85.0,1,20.0,0.0,1,6,13.174,-0.1858,-1.124325,-4.243075,36.0,25.4505,0,19.0,1641.0,64.0,1.3969999999999998,-0.0185,-0.92,-0.10425000000000001,-0.83775,12.3455,-21.811,0,1,1,100.0
16,86.0,1,20.0,0.0,1,6,13.3204,-0.19068000000000002,-1.0355699999999997,-4.456270000000001,36.0,25.4078,0,19.0,1641.0,64.0,1.7752000000000012,-0.02460000000000002,-0.92,-0.10730000000000002,-0.5418999999999988,13.949800000000005,-24.16560000000001,0,1,1,100.0
16,87.0,1,20.0,0.0,1,6,13.477999999999996,-0.19583999999999993,-0.9385900000000017,-4.670479999999997,36.0,25.3672,0,19.0,1641.0,64.0,2.2184999999999895,-0.032099999999999795,-0.92,-0.11,-0.21630000000000624,15.631799999999973,-26.74699999999995,0,1,1,100.0
16,88.0,1,20.0,0.0,1,6,13.721999999999998,-0.20315999999999995,-0.7781600000000012,-4.892519999999998,36.0,25.3428,0,19.0,1641.0,64.0,3.163999999999993,-0.05039999999999986,-0.92,-0.11,0.3387999999999958,17.913199999999982,-31.077999999999967,0,1,1,100.0
16,89.0,1,20.0,0.0,1,6,14.169,-0.216725,-0.4190750000000004,-5.542529999999999,36.0,25.249850000000002,0,19.0,1641.0,64.0,5.715499999999998,-0.09434999999999996,-0.92,-0.12,1.3694499999999996,21.58385,-40.41864999999999,0,1,1,100.0
16,90.0,1,20.0,0.0,1,6,14.23,-0.21825,-0.30774999999999997,-5.6993,36.0,25.2285,0,19.0,1641.0,64.0,6.295,-0.1035,-0.92,-0.12,1.4945,21.9285,-42.0565,0,1,1,100.0
16,91.0,1,20.0,0.0,1,6,14.291,-0.219775,-0.19642499999999957,-5.856070000000001,36.0,25.207150000000002,0,19.0,1641.0,64.0,6.874500000000002,-0.11265000000000003,-0.92,-0.12,1.6195500000000005,22.27315,-43.69435000000001,0,1,1,100.0
16,92.0,1,20.0,0.0,1,6,14.4176,-0.22324,-0.16956000000000146,-6.238359999999998,36.0,25.1552,0,19.0,1641.0,64.0,9.561199999999987,-0.15479999999999972,-0.9212,-0.13,1.8360000000000014,22.691200000000002,-49.586399999999976,0,1,1,100.0
16,93.0,1,20.0,0.0,1,6,14.4054,-0.22446,-0.04024000000000094,-6.346939999999999,36.0,25.1308,0,19.0,1641.0,64.0,10.787299999999991,-0.17919999999999983,-0.9273,-0.13,1.7140000000000009,22.392300000000002,-51.398099999999985,0,1,1,100.0
16,94.0,1,20.0,0.0,1,6,14.3558,-0.225,-0.022779999999999734,-6.470479999999999,36.0,25.0962,0,19.0,1641.0,64.0,12.016799999999995,-0.20019999999999993,-0.93,-0.13,1.4798000000000011,21.913200000000003,-52.7508,0,1,1,100.0
16,95.0,1,20.0,0.0,1,6,14.2765,-0.225,-0.09415,-6.6059,36.0,25.0535,0,19.0,1641.0,64.0,13.248999999999999,-0.2185,-0.93,-0.13,1.1564999999999999,21.290999999999997,-53.739,0,1,1,100.0
16,96.0,1,20.0,0.0,1,6,14.141200000000001,-0.225,-0.03840000000000101,-6.673559999999999,36.0,25.05,0,19.0,1641.0,64.0,14.458799999999982,-0.24239999999999964,-0.93,-0.13,0.6764000000000073,20.411200000000015,-53.9544,0,1,1,100.0
16,97.0,1,20.0,0.08499999999999659,1,6,14.01195,-0.225,0.010764999999999969,-6.72072,36.0,25.05,0,19.084999999999997,1641.0,64.0,15.490649999999993,-0.2625499999999999,-0.93085,-0.13,0.23245000000000351,19.601050000000008,-53.959700000000005,0,1,1,100.0
16,98.0,1,20.0,0.38999999999999774,1,6,13.9113,-0.225,0.01350999999999998,-6.73048,36.0,25.05,0,19.389999999999997,1641.0,64.0,16.067099999999996,-0.27169999999999994,-0.9339,-0.13,-0.08169999999999768,19.030700000000007,-53.5998,0,1,1,100.0
16,99.0,1,20.0,0.694999999999999,3,7,13.81065,-0.225,0.016254999999999988,-6.74024,36.0,25.05,0,19.695,1641.0,64.0,16.643549999999998,-0.28084999999999993,-0.93695,-0.13,-0.39584999999999887,18.460350000000002,-53.239900000000006,0,1,1,100.0
16,100.0,1,20.0,1.0,3,7,13.71,-0.225,0.019,-6.75,36.0,25.05,0,20.0,1641.0,64.0,17.22,-0.29,-0.94,-0.13,-0.71,17.89,-52.88,0,1,1,100.0
19,0.0,1,20.0,0.0,0,1,9.93,-0.106,0.268,-2.003,37.0,25.83,0,19.0,1641.0,66.0,18.44,-0.36,-1.08,-0.06,0.88,3.22,0.98,0,1,1,100.0
19,1.0,1,20.0,0.0,0,1,9.6654,-0.10222,0.34144,-1.4927000000000001,37.0,25.83,0,19.0,1641.0,66.0,18.0998,-0.35459999999999997,-1.08,-0.06,0.5398,1.897,2.9132000000000002,0,1,1,100.0
19,2.0,1,20.0,0.0,0,1,9.422799999999999,-0.099,0.404,-1.058,37.0,25.83,0,19.8,1641.0,66.0,17.788,-0.34919999999999995,-1.08,-0.06,0.22679999999999997,0.6796,4.6495999999999995,0,1,1,100.0
19,3.0,1,20.0,0.0,0,1,9.3067,-0.099,0.404,-1.058,37.0,25.83,0,25.200000000000003,1641.0,66.0,17.639499999999998,-0.3438,-1.08,-0.06,0.07019999999999989,0.06939999999999977,5.2544,0,1,1,100.0
19,4.0,1,20.0,0.0,0,1,9.1906,-0.099,0.404,-1.058,37.0,25.83,0,30.6,1641.0,66.0,17.491,-0.3384,-1.08,-0.06,-0.0864000000000001,-0.5408000000000001,5.8591999999999995,0,1,1,100.0
19,5.0,1,20.0,0.0,0,1,9.0745,-0.099,0.404,-1.058,37.0,25.83,0,36.0,1641.0,66.0,17.3425,-0.333,-1.08,-0.06,-0.24300000000000008,-1.1509999999999998,6.4639999999999995,0,1,1,100.0
19,6.0,1,20.0,0.0,0,1,8.9188,-0.099,0.404,-1.058,37.0,25.83,0,43.80000000000001,1641.0,66.0,17.1352,-0.3276,-1.0776000000000001,-0.06,-0.4548000000000003,-1.948400000000001,7.073600000000001,0,1,1,100.0
19,7.0,1,20.0,0.0,0,1,8.7136,-0.099,0.404,-1.058,37.0,25.83,0,54.60000000000001,1641.0,66.0,16.8544,-0.3222,-1.0722,-0.06,-0.7356000000000003,-2.979800000000001,7.6892000000000005,0,1,1,100.0
19,8.0,1,20.0,0.0,0,1,8.281600000000001,-0.07768,2.8536799999999998,0.0,37.0,25.9,0,7.0,1641.0,66.0,16.1716,-0.3084,-1.0684,-0.06,-1.3624,-4.9936,8.09,0,1,1,100.0
19,9.0,1,20.0,0.0,0,1,8.216800000000001,-0.07714,1.99589,0.0,37.0,25.9,0,7.0,1641.0,66.0,16.0393,-0.30569999999999997,-1.0657,-0.06,-1.4677,-5.2528,7.955,0,1,1,100.0
19,10.0,1,20.0,0.0,0,1,8.152000000000001,-0.0766,1.1381000000000001,0.0,37.0,25.9,0,7.0,1641.0,66.0,15.907,-0.303,-1.0630000000000002,-0.06,-1.573,-5.512,7.82,0,1,1,100.0
19,11.0,1,20.0,0.0,0,1,8.0872,-0.07606,0.2803099999999994,0.0,37.0,25.9,0,7.0,1641.0,66.0,15.7747,-0.3003,-1.0603,-0.06,-1.6783000000000001,-5.7712,7.685,0,1,1,100.0
19,12.0,1,20.0,0.0,0,1,7.8424000000000005,-0.07011999999999999,0.2810800000000002,0.0,37.0,25.9,0,7.0,1641.0,66.0,15.020399999999999,-0.2804,-1.0452000000000001,-0.06,-2.1444,-6.382,5.840799999999998,0,1,1,100.0
19,13.0,1,20.0,0.0,0,1,7.7786,-0.06688000000000001,0.37002,0.0,37.0,25.9,0,7.0,1641.0,66.0,14.7388,-0.26980000000000004,-1.04,-0.06,-2.295,-6.4574,5.002199999999999,0,1,1,100.0
19,14.0,1,20.0,0.0,0,1,7.7408,-0.06364,0.37056,0.0,37.0,25.9,0,7.0,1641.0,66.0,14.436399999999999,-0.2644,-1.04,-0.06,-2.43,-6.3872,3.9815999999999985,0,1,1,100.0
19,15.0,1,20.0,0.0,0,1,7.709,-0.060399999999999995,0.3756,0.0,37.0,25.9,0,7.0,1641.0,66.0,14.131,-0.259,-1.0390000000000001,-0.061,-2.56,-6.295,2.939,0,1,1,100.0
19,16.0,1,20.0,0.0,0,1,7.7036,-0.057159999999999996,0.40044,0.0,37.0,25.9,0,7.0,1641.0,66.0,13.812399999999998,-0.2536,-1.0336,-0.06640000000000001,-2.668,-6.106,1.7995999999999988,0,1,1,100.0
19,17.0,1,20.0,0.18000000000000116,0,1,7.7054,-0.05355999999999999,0.4395000000000001,0.0,37.0,25.9,0,7.1800000000000015,1641.0,66.0,13.4866,-0.24819999999999998,-1.03,-0.07,-2.7652,-5.888199999999999,0.6367999999999975,0,1,1,100.0
19,18.0,1,20.0,0.7200000000000003,0,1,7.7216000000000005,-0.04924,0.507,0.0,37.0,25.9,0,7.720000000000001,1641.0,66.0,13.1464,-0.2428,-1.03,-0.07,-2.8408,-5.6128,-0.5728000000000009,0,1,1,100.0
19,19.0,1,20.0,1.0,0,1,7.7456000000000005,-0.04413999999999999,0.6548400000000004,0.0,37.0,25.9,0,8.0,1641.0,66.0,12.801,-0.23479999999999998,-1.0274,-0.07,-2.8982,-5.316599999999999,-1.816200000000002,0,1,1,100.0
19,20.0,1,20.0,1.0,0,1,7.7780000000000005,-0.0382,0.8892,0.0,37.0,25.9,0,8.0,1641.0,66.0,12.450000000000001,-0.224,-1.022,-0.07,-2.936,-4.998,-3.096,0,1,1,100.0
19,21.0,1,20.0,1.0,0,1,7.8036,-0.033789999999999994,0.94897,0.0,37.0,25.9,0,8.0,1641.0,66.0,12.2112,-0.2183,-1.02,-0.07170000000000001,-2.9483,-4.7745999999999995,-3.9933000000000005,0,1,1,100.0
19,22.0,1,20.0,1.0,0,1,7.8252,-0.03027999999999999,0.9060399999999998,0.0,37.0,25.9,0,8.0,1641.0,66.0,12.0384,-0.21559999999999999,-1.02,-0.07440000000000001,-2.9456,-4.6072,-4.665600000000001,0,1,1,100.0
19,23.0,1,20.0,1.0,0,1,7.8468,-0.02677,0.8631099999999999,0.0,37.0,25.9,0,8.0,1641.0,66.0,11.8656,-0.2129,-1.02,-0.0771,-2.9429,-4.4398,-5.3379,0,1,1,100.0
19,24.0,1,20.0,1.0,0,1,7.8684,-0.023259999999999986,0.8201799999999998,0.0,37.0,25.9,0,8.0,1641.0,66.0,11.692799999999998,-0.21019999999999997,-1.02,-0.07980000000000001,-2.9402,-4.272399999999999,-6.010200000000002,0,1,1,100.0
19,25.0,1,20.0,1.0,0,1,7.915,-0.015,1.029,0.0,37.0,25.9,0,8.0,1641.0,66.0,11.365,-0.20500000000000002,-1.02,-0.08,-2.9050000000000002,-3.96,-7.395,0,1,1,100.0
19,26.0,1,20.0,1.0,0,1,8.064,0.00976000000000001,1.32916,0.0,37.0,25.9,0,8.0,1641.0,66.0,10.415999999999999,-0.1896,-1.0196,-0.08,-2.7543999999999995,-3.0691999999999995,-11.7436,0,1,1,100.0
19,27.0,1,20.0,1.0,0,1,8.118,0.020020000000000024,1.1558199999999996,0.0,37.0,25.9,0,8.0,1641.0,66.0,10.091999999999999,-0.18419999999999997,-1.0142,-0.08,-2.6788,-2.7883999999999993,-13.412200000000004,0,1,1,100.0
19,28.0,1,20.0,1.0,0,1,8.1696,0.03016000000000003,1.0283200000000001,0.0,37.0,25.9,0,8.0,1641.0,66.0,9.766799999999998,-0.17759999999999995,-1.01,-0.08120000000000002,-2.6044,-2.513599999999999,-15.097600000000007,0,1,1,100.0
19,29.0,1,20.0,1.0,0,1,8.2128,0.03988000000000004,1.06126,0.0,37.0,25.9,0,8.0,1641.0,66.0,9.437399999999998,-0.16679999999999995,-1.01,-0.08660000000000002,-2.5342,-2.259799999999999,-16.84180000000001,0,1,1,100.0
19,30.0,1,20.0,1.0,0,1,8.254,0.048,0.9600000000000001,0.0,37.0,25.9,0,8.0,1641.0,66.0,9.096,-0.158,-1.01,-0.09,-2.468,-2.0140000000000002,-18.564,0,1,1,100.0
19,31.0,1,20.0,1.0,0,1,8.2918,0.05340000000000001,0.6305999999999996,0.0,37.0,25.9,0,8.0,1641.0,66.0,8.7342,-0.15259999999999999,-1.01,-0.09,-2.4086,-1.7817999999999996,-20.2488,0,1,1,100.0
19,32.0,1,20.0,1.0,0,1,8.3156,0.056,0.4014399999999997,0.0,37.0,25.9,0,8.0,1641.0,66.0,8.4522,-0.14859999999999998,-1.01,-0.09,-2.3617999999999997,-1.6125999999999998,-21.4128,0,1,1,100.0
19,33.0,1,20.0,1.0,0,1,8.3264,0.056,0.26535999999999954,0.0,37.0,25.9,0,8.0,1641.0,66.0,8.244299999999999,-0.1459,-1.01,-0.09,-2.3266999999999998,-1.5018999999999996,-22.0932,0,1,1,100.0
19,34.0,1,20.0,1.0,0,1,8.3372,0.056,0.1292799999999994,0.0,37.0,25.9,0,8.0,1641.0,66.0,8.036399999999999,-0.1432,-1.01,-0.09,-2.2916,-1.3911999999999995,-22.773600000000002,0,1,1,100.0
19,35.0,1,20.0,1.0,0,1,8.347999999999999,0.056,-0.006800000000000028,0.0,37.0,25.9,0,8.0,1641.0,66.0,7.8285,-0.1405,-1.01,-0.09,-2.2565,-1.2805,-23.453999999999997,0,1,1,100.0
19,36.0,1,20.0,1.0,0,1,8.3544,0.050719999999999994,-0.5481200000000007,0.0,37.0,25.9,0,8.0,1641.0,66.0,7.385199999999999,-0.13119999999999998,-1.01,-0.09,-2.1664,-1.1147999999999998,-24.1564,0,1,1,100.0
19,37.0,1,20.0,1.0,6,2,8.3598,0.04423999999999999,-1.1815400000000014,0.0,37.0,25.9,0,8.0,1641.0,66.0,6.888399999999999,-0.12039999999999998,-1.01,-0.09,-2.0637999999999996,-0.9365999999999997,-24.8638,0,1,1,100.0
19,38.0,1,20.0,0.47999999999999826,6,2,8.3444,0.03931999999999999,-1.6163200000000013,0.19396000000000063,37.0,25.9,0,13.200000000000017,1641.0,66.0,6.318799999999998,-0.10959999999999996,-1.0152,-0.09520000000000002,-1.8727999999999994,-0.8051999999999996,-24.6768,0,1,1,100.0
19,39.0,1,20.0,0.0,6,2,8.2534,0.015099999999999966,-1.1976599999999995,0.7012800000000021,37.0,25.897599999999997,0,18.0,1641.0,66.0,4.6115999999999975,-0.07879999999999995,-1.0206,-0.10060000000000002,-1.049599999999998,-0.5966000000000002,-21.910399999999992,0,1,1,100.0
19,40.0,1,20.0,0.0,6,2,8.194,0.007,-1.0686,1.2078,37.0,25.875999999999998,0,18.0,1641.0,66.0,3.996,-0.068,-1.026,-0.106,-0.5960000000000001,-0.6559999999999999,-19.664,0,1,1,100.0
19,41.0,1,20.0,0.0,6,2,8.1304,-0.000540000000000006,-0.9307199999999998,1.6737200000000003,37.0,25.8558,0,18.0,1641.0,66.0,3.3873999999999995,-0.05719999999999999,-1.03,-0.11,-0.11719999999999942,-0.7476000000000002,-17.196399999999997,0,1,1,100.0
19,42.0,1,20.0,0.0,6,2,8.0548,-0.006480000000000012,-0.7676399999999997,2.0236400000000008,37.0,25.839599999999997,0,18.0,1641.0,66.0,2.798799999999999,-0.046399999999999976,-1.03,-0.11,0.4336000000000012,-0.9312000000000004,-14.096799999999993,0,1,1,100.0
19,43.0,1,20.0,0.0,6,2,7.9704,-0.011980000000000015,-0.6192999999999996,2.3537600000000007,37.0,25.8146,0,18.0,1641.0,66.0,2.2277999999999984,-0.037799999999999986,-1.0322,-0.11,0.9800000000000018,-1.167600000000001,-10.722199999999988,0,1,1,100.0
19,44.0,1,20.0,0.0,6,2,7.8732,-0.01684000000000002,-0.4923999999999995,2.655080000000001,37.0,25.7768,0,18.0,1641.0,66.0,1.6823999999999977,-0.03239999999999998,-1.0376,-0.11,1.5200000000000022,-1.4808000000000014,-6.947599999999984,0,1,1,100.0
19,45.0,1,20.0,0.3000000000000029,6,2,7.7669999999999995,-0.019600000000000006,-0.2802999999999985,2.667799999999999,37.0,25.76,0,18.300000000000004,1641.0,66.0,1.1639999999999973,-0.02399999999999994,-1.046,-0.11,2.0120000000000022,-1.8510000000000022,-2.896999999999977,0,1,1,100.0
19,46.0,1,20.0,0.8400000000000006,6,2,7.6536,-0.02068,-3.9999999999689474e-05,2.4496399999999996,37.0,25.76,0,18.84,1641.0,66.0,0.6671999999999995,-0.013199999999999991,-1.0568,-0.11,2.4656000000000007,-2.2668000000000004,1.3744000000000052,0,1,1,100.0
19,47.0,1,20.0,0.6199999999999989,6,2,7.5325999999999995,-0.019099999999999995,0.19244000000000033,2.110639999999999,37.0,25.7866,0,18.619999999999997,1641.0,66.0,0.2197999999999991,-0.0023999999999999772,-1.0638,-0.11,2.8090000000000006,-2.716800000000001,5.88140000000001,0,1,1,100.0
19,48.0,1,20.0,0.07999999999999541,6,2,7.4083999999999985,-0.016399999999999977,0.3479600000000013,1.7207599999999967,37.0,25.824399999999997,0,18.079999999999995,1641.0,66.0,-0.2068000000000036,0.008400000000000091,-1.0692000000000002,-0.11,3.1060000000000025,-3.181200000000004,10.48760000000004,0,1,1,100.0
19,49.0,1,20.0,0.4600000000000023,6,2,7.279599999999999,-0.013239999999999986,0.3420199999999999,1.3547999999999984,37.0,25.843799999999998,0,18.46,1641.0,66.0,-0.5460000000000014,0.014600000000000023,-1.0792000000000002,-0.11,3.2282,-3.682400000000002,15.241000000000021,0,1,1,100.0
19,50.0,1,20.0,1.0,6,2,7.15,-0.01,0.308,0.993,37.0,25.86,0,19.0,1641.0,66.0,-0.87,0.02,-1.09,-0.11,3.32,-4.19,20.02,0,1,1,100.0
19,51.0,1,20.0,1.0,6,2,7.025799999999999,-0.007839999999999986,0.3366200000000002,0.7651199999999986,37.0,25.86,0,19.0,1641.0,66.0,-1.0698000000000012,0.02,-1.1008000000000002,-0.10459999999999997,3.195799999999999,-4.735400000000004,24.826000000000032,0,1,1,100.0
19,52.0,1,20.0,1.0,6,2,6.9116,-0.005919999999999999,0.35087999999999986,0.5527999999999997,37.0,25.8616,0,19.0,1641.0,66.0,-1.2456,0.020400000000000005,-1.1104,-0.1,3.0663999999999993,-5.243600000000001,29.266000000000005,0,1,1,100.0
19,53.0,1,20.0,1.0,6,2,6.8549,-0.005379999999999996,0.28256999999999943,0.42994999999999894,37.0,25.8724,0,19.0,1641.0,66.0,-1.2834000000000003,0.023100000000000023,-1.1131000000000002,-0.1,2.9070999999999985,-5.537900000000002,31.60150000000002,0,1,1,100.0
19,54.0,1,20.0,1.0,6,2,6.7982,-0.004839999999999998,0.2142599999999997,0.30709999999999943,37.0,25.8832,0,19.0,1641.0,66.0,-1.3212000000000002,0.02580000000000001,-1.1158000000000001,-0.1,2.7477999999999994,-5.832200000000001,33.93700000000001,0,1,1,100.0
19,55.0,1,20.0,1.0,6,2,6.7415,-0.0043,0.14595,0.18424999999999997,37.0,25.894,0,19.0,1641.0,66.0,-1.359,0.028499999999999998,-1.1185,-0.1,2.5885,-6.1265,36.2725,0,1,1,100.0
19,56.0,1,20.0,1.0,6,2,6.5132,-0.002,0.14387999999999956,0.04056000000000045,37.0,25.86,0,19.0,1641.0,66.0,-1.2599999999999996,0.028799999999999982,-1.1412,-0.09879999999999999,1.6151999999999986,-7.728400000000002,46.316800000000015,0,1,1,100.0
19,57.0,1,20.0,1.0,6,2,6.4754,-0.002,0.07610999999999984,0.11157000000000016,37.0,25.86,0,19.0,1641.0,66.0,-1.1925,0.026099999999999995,-1.1439,-0.09609999999999999,1.4018999999999995,-8.1523,48.10960000000001,0,1,1,100.0
19,58.0,1,20.0,1.0,6,2,6.4376,-0.002,0.008339999999999412,0.1825800000000006,37.0,25.86,0,19.0,1641.0,66.0,-1.1249999999999996,0.023399999999999976,-1.1465999999999998,-0.09339999999999998,1.1885999999999983,-8.576200000000004,49.902400000000014,0,1,1,100.0
19,59.0,1,20.0,1.0,6,2,6.3998,-0.002,-0.0594300000000003,0.2535900000000003,37.0,25.86,0,19.0,1641.0,66.0,-1.0574999999999997,0.02069999999999999,-1.1493,-0.09069999999999999,0.9752999999999992,-9.000100000000002,51.69520000000001,0,1,1,100.0
19,60.0,1,20.0,1.0,6,2,6.362,-0.0024000000000000002,-0.0702,0.356,37.0,25.875999999999998,0,19.0,1641.0,66.0,-0.916,0.016,-1.154,-0.09,0.6759999999999999,-9.922,54.083999999999996,0,1,1,100.0
19,61.0,1,20.0,1.0,6,2,6.3242,-0.0029400000000000034,-0.06101999999999994,0.4694000000000007,37.0,25.897599999999997,0,19.0,1641.0,66.0,-0.7485999999999989,0.010599999999999965,-1.1594,-0.09,0.34659999999999785,-11.018200000000007,56.68140000000002,0,1,1,100.0
19,62.0,1,20.0,1.0,6,2,6.3388,-0.005960000000000003,-0.12852000000000016,0.9268400000000003,37.0,25.86,0,19.0,1641.0,66.0,-0.36839999999999984,0.01,-1.1552,-0.08519999999999998,0.0680000000000001,-14.955200000000003,59.622,0,1,1,100.0
19,63.0,1,20.0,0.9799999999999954,6,2,6.373000000000001,-0.007040000000000009,-0.20465999999999968,1.0647200000000008,37.0,25.86,0,18.979999999999997,1641.0,66.0,-0.28,0.01,-1.1498,-0.08,0.13000000000000228,-16.43160000000001,59.65339999999999,0,1,1,100.0
19,64.0,1,20.0,0.43999999999999767,6,2,6.454,-0.008120000000000004,-0.16847999999999985,1.1651600000000004,37.0,25.86,0,18.439999999999998,1641.0,66.0,-0.28,0.01,-1.1443999999999999,-0.08,0.40000000000000113,-17.824800000000007,58.395199999999996,0,1,1,100.0
19,65.0,1,20.0,0.05,6,2,6.531499999999999,-0.009099999999999999,-0.136,1.2536500000000002,37.0,25.8585,0,18.05,1641.0,66.0,-0.29000000000000004,0.01,-1.139,-0.0795,0.6615,-19.053,57.1385,0,1,1,100.0
19,66.0,1,20.0,0.3200000000000017,6,2,6.5936,-0.009640000000000003,-0.1197999999999999,1.2895600000000003,37.0,25.8504,0,18.32,1641.0,66.0,-0.34400000000000036,0.01,-1.1336,-0.07679999999999998,0.8856000000000014,-19.555200000000003,55.88839999999999,0,1,1,100.0
19,67.0,1,20.0,0.5900000000000006,6,2,6.6556999999999995,-0.01018,-0.10359999999999997,1.3254700000000001,37.0,25.842299999999998,0,18.59,1641.0,66.0,-0.39800000000000013,0.01,-1.1282,-0.0741,1.1097000000000004,-20.0574,54.6383,0,1,1,100.0
19,68.0,1,20.0,0.8600000000000023,6,2,6.7178,-0.010720000000000004,-0.08739999999999987,1.3613800000000003,37.0,25.8342,0,18.860000000000003,1641.0,66.0,-0.45200000000000046,0.01,-1.1228,-0.07139999999999998,1.3338000000000019,-20.559600000000003,53.38819999999999,0,1,1,100.0
19,69.0,1,20.0,1.0,6,2,6.8306000000000004,-0.011520000000000004,-0.09590000000000015,1.4223800000000002,37.0,25.83,0,19.0,1641.0,66.0,-0.5788000000000009,0.012600000000000023,-1.1122,-0.07,1.7412000000000025,-20.9812,51.01359999999999,0,1,1,100.0
19,70.0,1,20.0,1.0,6,2,6.997999999999999,-0.0126,-0.131,1.5104,37.0,25.83,0,19.0,1641.0,66.0,-0.784,0.018000000000000002,-1.096,-0.07,2.346,-21.316000000000003,47.428000000000004,0,1,1,100.0
19,71.0,1,20.0,0.6599999999999966,6,2,7.586200000000002,-0.014,-0.08951999999999992,1.64832,37.0,25.8402,0,19.0,1641.0,67.0,-1.5434000000000017,0.03,-1.0597999999999999,-0.06,4.369800000000005,-19.43139999999999,34.82679999999997,0,1,1,100.0
19,72.0,1,20.0,0.11999999999999882,1,5,7.8184000000000005,-0.014,-0.07763999999999997,1.64724,37.0,25.8564,0,19.0,1641.0,67.0,-1.8188000000000004,0.03,-1.0436,-0.06,5.1636000000000015,-17.924799999999998,29.97759999999999,0,1,1,100.0
19,73.0,1,20.0,0.0,1,5,8.071600000000002,-0.03206000000000019,-1.5697800000000162,0.9619799999999926,37.0,25.86,0,19.0,1641.0,67.0,-2.0270000000000015,0.03420000000000004,-1.0273999999999999,-0.06,5.999400000000007,-15.73359999999998,25.10739999999996,0,1,1,100.0
19,74.0,1,20.0,0.0,1,5,8.3308,-0.0552800000000001,-3.491640000000008,0.08123999999999636,37.0,25.86,0,19.0,1641.0,67.0,-2.2160000000000006,0.039600000000000024,-1.0111999999999999,-0.06,6.8472000000000035,-13.34679999999999,20.23119999999998,0,1,1,100.0
19,75.0,1,20.0,0.0,1,5,8.6,-0.0825,-3.326,-0.3915,37.0,25.845,0,19.0,1641.0,67.0,-2.26,0.04,-1.0,-0.06,7.715,-10.370000000000001,15.525,0,1,1,100.0
19,76.0,1,20.0,0.0,1,5,8.870000000000001,-0.10952000000000013,-2.9902799999999976,-0.8397600000000035,37.0,25.825599999999998,0,19.0,1641.0,67.0,-2.276399999999999,0.03959999999999997,-0.9892,-0.06040000000000003,8.584800000000005,-7.32679999999998,10.851199999999972,0,1,1,100.0
19,77.0,1,20.0,0.0,1,5,9.14,-0.13004000000000004,-2.616059999999999,-1.3900200000000014,37.0,25.766199999999998,0,19.0,1641.0,67.0,-2.0927999999999995,0.03419999999999999,-0.9783999999999999,-0.06580000000000001,9.459600000000002,-4.043599999999993,6.412399999999991,0,1,1,100.0
19,78.0,1,20.0,0.0,1,5,9.410000000000002,-0.14984000000000014,-2.265119999999998,-1.897800000000003,37.0,25.7164,0,19.0,1641.0,67.0,-1.8563999999999965,0.028799999999999954,-0.9675999999999999,-0.07,10.328400000000007,-0.8047999999999741,2.037199999999965,0,1,1,100.0
19,79.0,1,20.0,0.0,1,6,9.680000000000001,-0.16712000000000007,-1.9956599999999989,-2.2569000000000017,37.0,25.7002,0,19.0,1641.0,67.0,-1.4351999999999983,0.023399999999999976,-0.9567999999999999,-0.07,11.176200000000005,2.278600000000013,-2.1154000000000175,0,1,1,100.0
19,80.0,1,20.0,0.0,1,6,9.895999999999999,-0.1802,-1.7769000000000001,-2.5635,37.0,25.683,0,19.0,1641.0,67.0,-1.048,0.018000000000000002,-0.948,-0.07200000000000001,11.860000000000001,4.686,-5.452,0,1,1,100.0
19,81.0,1,20.0,0.0,1,6,10.0202,-0.18614000000000003,-1.6443299999999992,-2.7808500000000014,37.0,25.6641,0,19.0,1641.0,67.0,-0.7185999999999979,0.012599999999999965,-0.9426,-0.07740000000000004,12.265000000000004,5.944200000000008,-7.401400000000012,0,1,1,100.0
19,82.0,1,20.0,0.0,1,6,10.144400000000001,-0.19208000000000003,-1.5117599999999998,-2.9982,37.0,25.645200000000003,0,19.0,1641.0,67.0,-0.38919999999999927,0.0071999999999999885,-0.9372,-0.08280000000000001,12.670000000000002,7.202400000000003,-9.350800000000003,0,1,1,100.0
19,83.0,1,20.0,0.0,1,6,10.268600000000001,-0.19802000000000006,-1.3791899999999988,-3.2155500000000017,37.0,25.6263,0,19.0,1641.0,67.0,-0.05979999999999718,0.0017999999999999546,-0.9318,-0.08820000000000004,13.075000000000005,8.460600000000012,-11.300200000000016,0,1,1,100.0
19,84.0,1,20.0,0.0,1,6,10.461200000000002,-0.20648000000000005,-1.2277199999999993,-3.5025600000000012,37.0,25.5804,0,19.0,1641.0,67.0,0.6224000000000035,-0.010800000000000068,-0.9228,-0.09360000000000002,13.667200000000003,10.039200000000008,-14.387200000000014,0,1,1,100.0
19,85.0,1,20.0,0.0,1,6,10.688000000000002,-0.21620000000000011,-1.0667999999999982,-3.8244000000000034,37.0,25.521,0,19.0,1641.0,67.0,1.4810000000000088,-0.02700000000000017,-0.9119999999999999,-0.09900000000000006,14.353000000000007,11.778000000000018,-18.04300000000004,0,1,1,100.0
19,86.0,1,20.0,0.0,1,6,11.207600000000001,-0.23352000000000003,-0.6249999999999992,-4.583440000000002,37.0,25.409200000000002,0,19.0,1641.0,67.0,4.388800000000007,-0.06760000000000013,-0.8912,-0.11880000000000007,15.3856,13.938400000000001,-27.79880000000002,0,1,1,100.0
19,87.0,1,20.0,0.0,1,6,11.3642,-0.23784,-0.5034999999999997,-4.894480000000001,37.0,25.3714,0,19.0,1641.0,67.0,5.479600000000002,-0.08920000000000004,-0.8804,-0.12960000000000002,15.5152,14.132800000000001,-31.04960000000001,0,1,1,100.0
19,88.0,1,20.0,0.0,1,6,11.474,-0.24008000000000002,-0.3138799999999984,-5.230480000000003,37.0,25.3128,0,19.0,1641.0,67.0,6.601600000000009,-0.10560000000000014,-0.8747999999999999,-0.13520000000000004,15.348399999999998,13.796799999999998,-34.050800000000024,0,1,1,100.0
19,89.0,1,20.0,0.0,1,6,11.577200000000001,-0.24212,-0.1411999999999999,-5.5444,37.0,25.258200000000002,0,19.0,1641.0,67.0,7.7248000000000046,-0.12180000000000006,-0.87,-0.14060000000000003,15.134199999999998,13.401999999999997,-37.00520000000001,0,1,1,100.0
19,90.0,1,20.0,0.0,1,6,11.642000000000001,-0.2432,-0.12499999999999983,-5.674000000000001,37.0,25.242,0,19.0,1641.0,67.0,8.848000000000011,-0.13800000000000018,-0.87,-0.14600000000000005,14.631999999999994,12.699999999999992,-39.66200000000003,0,1,1,100.0
19,91.0,1,20.0,0.0,1,6,11.6942,-0.24414,-0.09787999999999963,-5.814520000000001,37.0,25.2202,0,19.0,1641.0,67.0,9.965600000000007,-0.1542000000000001,-0.8685999999999999,-0.15140000000000003,14.048599999999995,11.958799999999995,-42.201200000000014,0,1,1,100.0
19,92.0,1,20.0,0.0,1,6,11.7104,-0.24468,-0.03955999999999988,-5.9862400000000004,37.0,25.1824,0,19.0,1641.0,67.0,11.067200000000003,-0.17040000000000002,-0.8632,-0.15680000000000002,13.233199999999998,11.105599999999997,-44.4044,0,1,1,100.0
19,93.0,1,20.0,0.0,1,6,11.7068,-0.245,-0.0023599999999999455,-6.10604,37.0,25.16,0,19.0,1641.0,67.0,12.15120000000001,-0.18660000000000013,-0.86,-0.16,12.303399999999991,10.236999999999991,-46.372200000000014,0,1,1,100.0
19,94.0,1,20.0,0.0,1,6,11.6744,-0.245,0.004120000000000028,-6.15032,37.0,25.16,0,19.0,1641.0,67.0,13.209600000000004,-0.20280000000000006,-0.86,-0.16,11.207199999999997,9.345999999999995,-47.997600000000006,0,1,1,100.0
19,95.0,1,20.0,0.0,1,6,11.615,-0.245,0.0211,-6.1889,37.0,25.16,0,19.0,1641.0,67.0,14.238,-0.219,-0.863,-0.163,9.988,8.469999999999999,-49.227,0,1,1,100.0
19,96.0,1,20.0,0.0,1,6,11.533999999999999,-0.245,0.04648000000000043,-6.22292,37.0,25.16,0,19.0,1641.0,67.0,15.242400000000016,-0.23520000000000027,-0.8684000000000001,-0.1684000000000001,8.670399999999978,7.605999999999985,-50.139600000000016,0,1,1,100.0
19,97.0,1,20.0,0.0,1,6,11.466299999999999,-0.245,0.03062999999999958,-6.2333799999999995,37.0,25.16,0,19.0,1641.0,67.0,15.851600000000005,-0.24570000000000008,-0.8719,-0.17,7.797399999999991,7.095399999999995,-50.4366,0,1,1,100.0
19,98.0,1,20.0,0.0,1,6,11.4042,-0.245,-0.002580000000000281,-6.23392,37.0,25.16,0,19.0,1641.0,67.0,16.294400000000003,-0.2538000000000001,-0.8746,-0.17,7.111599999999994,6.7335999999999965,-50.474399999999996,0,1,1,100.0
19,99.0,1,20.0,0.0,1,6,11.342099999999999,-0.245,-0.03579000000000014,-6.23446,37.0,25.16,0,19.0,1641.0,67.0,16.7372,-0.2619,-0.8773,-0.17,6.425799999999997,6.371799999999999,-50.5122,0,1,1,100.0
19,100.0,1,20.0,0.0,1,6,10.98,-0.243,0.379,-6.886,37.0,25.02,0,19.0,1641.0,67.0,18.29,-0.3,-0.89,-0.16,3.57,5.35,-48.97,0,1,1,100.0
20,0.0,1,20.0,0.0,0,1,6.05,-0.013,0.998,-1.808,37.0,25.83,0,19.0,1641.0,67.0,11.36,-0.22,-1.08,0.01,-4.73,8.33,-1.28,0,1,1,100.0
20,1.0,1,20.0,0.0,0,1,5.8106,-0.0055899999999999995,0.77684,-1.0430599999999999,37.0,25.83,0,19.0,1641.0,67.0,11.0978,-0.2143,-1.08,0.01,-5.0549,6.506,-0.25970000000000004,0,1,1,100.0
20,2.0,1,20.0,0.0,0,1,5.5767999999999995,0.0,0.61,-0.466,37.0,25.83,0,21.8,1641.0,67.0,10.8468,-0.2086,-1.08,0.0086,-5.3476,4.6834,0.7424000000000001,0,1,1,100.0
20,3.0,1,20.0,0.0,0,1,5.3602,0.0,0.61,-0.466,37.0,25.83,0,33.2,1641.0,67.0,10.6302,-0.2029,-1.08,0.0028999999999999985,-5.541399999999999,2.8650999999999995,1.6886,0,1,1,100.0
20,4.0,1,20.0,0.0,0,1,5.1604,0.0,0.61,-0.466,37.0,25.83,0,44.6,1641.0,67.0,10.421999999999999,-0.19720000000000001,-1.08,0.0,-5.6819999999999995,1.1363999999999996,2.6936,0,1,1,100.0
20,5.0,1,20.0,0.0,0,1,4.978,0.0,0.61,-0.466,37.0,25.83,0,56.0,1641.0,67.0,10.2225,-0.1915,-1.08,0.0,-5.7675,-0.49950000000000033,3.7595,0,1,1,100.0
20,6.0,1,20.0,0.0,0,1,4.8712,-0.008190000000000005,-1.5007100000000018,-0.36813999999999997,37.0,25.8447,0,47.86999999999999,1641.0,67.0,10.107,-0.19,-1.08,-0.0021000000000000016,-5.7963000000000005,-1.4340000000000004,4.4831,0,1,1,100.0
20,7.0,1,20.0,0.0,0,1,4.7914,-0.019304999999999996,-4.365245,-0.23533000000000004,37.0,25.864649999999997,0,32.76500000000001,1641.0,67.0,10.0215,-0.19,-1.08,-0.0049499999999999995,-5.80485,-2.118,5.08445,0,1,1,100.0
20,8.0,1,20.0,0.0,0,1,4.7116,-0.030420000000000003,-7.229780000000002,-0.10251999999999997,37.0,25.8846,0,17.659999999999997,1641.0,67.0,9.936,-0.19,-1.08,-0.0078000000000000005,-5.813400000000001,-2.802,5.6858,0,1,1,100.0
20,9.0,1,20.0,0.0,0,1,4.4079,-0.05165,-0.7062999999999998,0.0,37.0,25.9,0,6.0,1641.0,67.0,9.5714,-0.18,-1.07,-0.02,-5.7622,-5.315100000000001,8.692100000000002,0,1,1,100.0
20,10.0,1,20.0,0.0,0,1,4.311,-0.0545,-0.484,0.0,37.0,25.9,0,6.0,1641.0,67.0,9.446,-0.18,-1.07,-0.02,-5.728,-6.039,9.929,0,1,1,100.0
20,11.0,1,20.0,0.0,0,1,4.2303,-0.05681,-0.25872999999999985,0.0,37.0,25.9,0,6.0,1641.0,67.0,9.3314,-0.17729999999999999,-1.0673000000000001,-0.0227,-5.6938,-6.6279,11.0714,0,1,1,100.0
20,12.0,1,20.0,0.0,0,1,4.1676,-0.05852,-0.030159999999999736,0.0,37.0,25.9,0,6.0,1641.0,67.0,9.2288,-0.1716,-1.0616,-0.028400000000000005,-5.6596,-7.066800000000001,12.1088,0,1,1,100.0
20,13.0,1,20.0,0.0,0,1,4.1213,-0.059,0.03318,0.0,37.0,25.9,0,6.0,1641.0,67.0,9.1467,-0.17,-1.06,-0.03,-5.6336,-7.329400000000001,12.912500000000001,0,1,1,100.0
20,14.0,1,20.0,0.0,0,1,4.0814,-0.059,0.03204,0.0,37.0,25.9,0,6.0,1641.0,67.0,9.0726,-0.17,-1.06,-0.03,-5.6108,-7.5232,13.625,0,1,1,100.0
20,15.0,1,20.0,0.0,0,1,4.069,-0.05845,0.0353,0.0,37.0,25.9,0,6.0,1641.0,67.0,9.026,-0.17,-1.0545,-0.0355,-5.6045,-7.5135000000000005,13.9415,0,1,1,100.0
20,16.0,1,20.0,0.0,0,1,4.062399999999999,-0.05788,0.03331999999999999,0.0,37.0,25.9,0,6.0,1641.0,67.0,8.984,-0.1688,-1.0488,-0.04,-5.6,-7.4628,14.1512,0,1,1,100.0
20,17.0,1,20.0,0.0,0,1,4.0738,-0.05731,0.011089999999999978,0.0,37.0,25.9,0,6.0,1641.0,67.0,8.955499999999999,-0.1631,-1.0431000000000001,-0.04,-5.6,-7.2861,14.0144,0,1,1,100.0
20,18.0,1,20.0,0.0,0,1,4.0956,-0.0557,0.10092000000000033,0.0,37.0,25.9,0,6.0,1641.0,67.0,8.929599999999999,-0.16,-1.04,-0.04260000000000001,-5.6026,-7.0548,13.6748,0,1,1,100.0
20,19.0,1,20.0,0.0,0,1,4.1297999999999995,-0.05285,0.32435999999999987,0.0,37.0,25.9,0,6.0,1641.0,67.0,8.9068,-0.16,-1.04,-0.0483,-5.6083,-6.7584,13.0934,0,1,1,100.0
20,20.0,1,20.0,0.0,0,1,4.18,-0.049999999999999996,0.4154,0.0,37.0,25.9,0,6.0,1641.0,67.0,8.88,-0.16,-1.036,-0.05,-5.614,-6.406,12.232,0,1,1,100.0
20,21.0,1,20.0,0.0,0,1,4.237,-0.04715,0.45017,0.0,37.0,25.9,0,6.0,1641.0,67.0,8.8515,-0.16,-1.0303,-0.05,-5.6197,-6.0298,11.251599999999998,0,1,1,100.0
20,22.0,1,20.0,0.0,0,1,4.2751,-0.0443,0.5778200000000001,0.0,37.0,25.9,0,6.0,1641.0,67.0,8.8257,-0.16,-1.03,-0.05,-5.6119,-5.8129,10.5574,0,1,1,100.0
20,23.0,1,20.0,0.0,0,1,4.31215,-0.04145,0.7106299999999999,0.0,37.0,25.9,0,6.0,1641.0,67.0,8.80005,-0.16,-1.03,-0.05,-5.60335,-5.60485,9.879100000000001,0,1,1,100.0
20,24.0,1,20.0,0.0,0,1,4.349200000000001,-0.038599999999999995,0.8434400000000003,0.0,37.0,25.9,0,6.0,1641.0,67.0,8.7744,-0.16,-1.03,-0.05,-5.5948,-5.3968,9.2008,0,1,1,100.0
20,25.0,1,20.0,0.0,0,1,4.575,-0.01975,0.9874999999999999,0.0,37.0,25.9,0,6.0,1641.0,67.0,8.5975,-0.1575,-1.02,-0.06,-5.455,-4.3275,4.9525,0,1,1,100.0
20,26.0,1,20.0,0.0,0,1,4.6776,-0.01005999999999997,1.3648400000000012,0.0,37.0,25.9,0,6.0,1641.0,67.0,8.5006,-0.1518,-1.02,-0.06,-5.3524,-3.8885999999999985,2.928999999999994,0,1,1,100.0
20,27.0,1,20.0,0.39000000000000057,0,1,4.788,0.0008000000000000114,1.5506900000000001,0.0,37.0,25.9,0,6.390000000000001,1641.0,67.0,8.3842,-0.15,-1.02,-0.06390000000000001,-5.2147,-3.4652999999999996,0.6714999999999975,0,1,1,100.0
20,28.0,1,20.0,0.9599999999999995,0,1,4.902,0.012199999999999989,1.6481599999999998,0.0,37.0,25.9,0,6.959999999999999,1641.0,67.0,8.2588,-0.15,-1.02,-0.0696,-5.0608,-3.0492000000000004,-1.693999999999998,0,1,1,100.0
20,29.0,1,20.0,1.0,0,1,4.945333333333334,0.01706333333333334,1.6468733333333334,0.0,37.0,25.9,0,7.0,1641.0,67.0,8.200533333333333,-0.14823333333333333,-1.02,-0.07,-4.989933333333333,-2.9033999999999995,-2.690333333333335,0,1,1,100.0
20,30.0,1,20.0,1.0,0,1,4.983333333333333,0.021433333333333332,1.6381333333333334,0.0,37.0,25.9,0,7.0,1641.0,67.0,8.147333333333334,-0.14633333333333334,-1.02,-0.07,-4.925333333333334,-2.778,-3.583333333333333,0,1,1,100.0
20,31.0,1,20.0,1.0,0,1,5.021333333333334,0.025803333333333345,1.6293933333333332,0.0,37.0,25.9,0,7.0,1641.0,67.0,8.094133333333334,-0.14443333333333333,-1.02,-0.07,-4.860733333333333,-2.6525999999999996,-4.4763333333333355,0,1,1,100.0
20,32.0,1,20.0,1.0,0,1,5.059333333333334,0.030173333333333337,1.6206533333333333,0.0,37.0,25.9,0,7.0,1641.0,67.0,8.040933333333333,-0.14253333333333335,-1.02,-0.07,-4.796133333333334,-2.5271999999999997,-5.3693333333333335,0,1,1,100.0
20,33.0,1,20.0,1.0,0,1,5.097333333333333,0.03454333333333333,1.6119133333333333,0.0,37.0,25.9,0,7.0,1641.0,67.0,7.987733333333333,-0.14063333333333336,-1.02,-0.07,-4.731533333333333,-2.4018,-6.262333333333332,0,1,1,100.0
20,34.0,1,20.0,1.0,0,1,5.186,0.04626000000000003,1.61128,0.0,37.0,25.9,0,7.0,1641.0,67.0,7.8294,-0.14,-1.0162,-0.07380000000000002,-4.5618,-2.1547999999999994,-8.520800000000007,0,1,1,100.0
20,35.0,1,20.0,1.0,0,1,5.3,0.061649999999999996,1.6147,0.0,37.0,25.9,0,7.0,1641.0,67.0,7.6185,-0.14,-1.0105,-0.0795,-4.3395,-1.847,-11.462000000000002,0,1,1,100.0
20,36.0,1,20.0,1.0,0,1,5.4036,0.07600000000000004,1.4927999999999995,0.0,37.0,25.9,0,7.0,1641.0,67.0,7.3607999999999985,-0.1348,-1.01,-0.08,-4.1068,-1.6119999999999992,-14.49680000000001,0,1,1,100.0
20,37.0,1,20.0,1.0,0,1,5.6726,0.10182,0.2887799999999996,0.0,37.0,25.9,0,7.0,1641.0,67.0,6.4597999999999995,-0.11819999999999999,-1.01,-0.08090000000000001,-3.4259,-1.1228999999999998,-22.3093,0,1,1,100.0
20,38.0,1,20.0,1.0,6,2,5.7524,0.10068,-0.08627999999999963,0.0,37.0,25.9,0,7.0,1641.0,67.0,6.0152,-0.1068,-1.01,-0.0866,-3.1466000000000003,-1.0146,-24.458199999999998,0,1,1,100.0
20,39.0,1,20.0,0.7699999999999988,6,2,5.823,0.09885,-0.5416100000000011,0.0414000000000002,37.0,25.9,0,9.300000000000011,1641.0,67.0,5.529199999999999,-0.09539999999999998,-1.01,-0.09,-2.846599999999999,-0.9154999999999998,-26.2345,0,1,1,100.0
20,40.0,1,20.0,0.19999999999999996,6,2,5.88,0.096,-1.1156,0.144,37.0,25.9,0,15.0,1641.0,67.0,4.982,-0.084,-1.01,-0.09,-2.516,-0.8300000000000001,-27.46,0,1,1,100.0
20,41.0,1,20.0,0.0,6,2,5.9537,0.049639999999999955,-2.049569999999999,-1.0635999999999994,37.0,25.841099999999997,0,17.0,1641.0,67.0,3.257099999999998,-0.05889999999999995,-1.02,-0.09,-1.4102999999999986,-0.5485999999999996,-27.157099999999996,0,1,1,100.0
20,42.0,1,20.0,0.0,6,2,5.9594,0.03367999999999999,-1.6853399999999996,-0.8241999999999998,37.0,25.8582,0,17.0,1641.0,67.0,2.5901999999999994,-0.04179999999999998,-1.02,-0.09,-0.9485999999999997,-0.42319999999999985,-25.920199999999998,0,1,1,100.0
20,43.0,1,20.0,0.0,6,2,5.9395999999999995,0.02282000000000001,-1.3369200000000003,-0.5802100000000002,37.0,25.86,0,17.0,1641.0,67.0,1.9284000000000008,-0.02980000000000001,-1.0251000000000001,-0.09509999999999999,-0.4257000000000006,-0.3131000000000001,-23.637800000000002,0,1,1,100.0
20,44.0,1,20.0,0.0,6,2,5.9164,0.013519999999999994,-1.0236799999999997,-0.32439999999999936,37.0,25.86,0,17.0,1641.0,67.0,1.3159999999999994,-0.019199999999999988,-1.03,-0.1,0.0720000000000006,-0.21559999999999993,-21.332399999999996,0,1,1,100.0
20,45.0,1,20.0,0.0,6,2,5.89075,0.0101,-0.9145249999999999,0.0005000000000000629,37.0,25.86,0,17.0,1641.0,67.0,1.0025,-0.0135,-1.03,-0.1,0.37125,-0.18425,-19.6395,0,1,1,100.0
20,46.0,1,20.0,0.0,6,2,5.8651,0.006680000000000006,-0.8053700000000003,0.32539999999999947,37.0,25.86,0,17.0,1641.0,67.0,0.6890000000000006,-0.007800000000000012,-1.03,-0.1,0.6704999999999994,-0.15290000000000006,-17.946600000000004,0,1,1,100.0
20,47.0,1,20.0,0.0,6,2,5.83945,0.0032599999999999786,-0.6962149999999994,0.6503000000000021,37.0,25.86,0,17.0,1641.0,67.0,0.3754999999999981,-0.002099999999999966,-1.03,-0.1,0.9697500000000019,-0.12154999999999982,-16.25369999999999,0,1,1,100.0
20,48.0,1,20.0,1.0,6,2,5.6251999999999995,-0.010880000000000018,-0.5167199999999996,1.9684400000000013,37.0,25.8156,0,18.0,1641.0,67.0,-1.0016000000000018,0.017200000000000045,-1.0436,-0.1,2.6404000000000027,-0.3024000000000008,-5.460399999999982,0,1,1,100.0
20,49.0,1,20.0,1.0,6,2,5.5226,-0.01544000000000001,-0.4181099999999998,2.3127200000000006,37.0,25.7928,0,18.0,1641.0,67.0,-1.463300000000001,0.028600000000000018,-1.0493000000000001,-0.1,3.2902000000000013,-0.4962000000000004,-0.83769999999999,0,1,1,100.0
20,50.0,1,20.0,1.0,6,2,5.455,-0.01625,-0.26475,2.24975,37.0,25.8,0,18.0,1641.0,67.0,-1.685,0.0325,-1.0525,-0.1,3.6175,-0.67,1.8725,0,1,1,100.0
20,51.0,1,20.0,1.0,6,2,5.3923,-0.016535,-0.1037250000000003,2.1297650000000004,37.0,25.8114,0,18.0,1641.0,67.0,-1.8730999999999998,0.03534999999999999,-1.05535,-0.1,3.89965,-0.8409999999999997,4.314949999999995,0,1,1,100.0
20,52.0,1,20.0,1.0,6,2,5.329599999999999,-0.01682,0.057300000000001,2.0097799999999992,37.0,25.822799999999997,0,18.0,1641.0,67.0,-2.0612000000000013,0.03820000000000002,-1.0582,-0.1,4.181800000000002,-1.0120000000000011,6.757400000000015,0,1,1,100.0
20,53.0,1,20.0,1.0,6,2,5.0196,-0.01215999999999999,0.28458999999999995,1.1959099999999991,37.0,25.86,0,18.0,1641.0,67.0,-2.7451000000000008,0.05210000000000002,-1.0742,-0.1,5.202400000000001,-2.127400000000002,18.87700000000002,0,1,1,100.0
20,54.0,1,20.0,1.0,6,2,4.8828,-0.009879999999999995,0.27262,0.9513799999999994,37.0,25.86,0,18.0,1641.0,67.0,-2.9218000000000006,0.05780000000000001,-1.0856000000000001,-0.1,5.453200000000001,-2.663200000000001,23.83600000000001,0,1,1,100.0
20,55.0,1,20.0,1.0,6,2,4.753,-0.007949999999999999,0.20815,0.72785,37.0,25.86,0,18.0,1641.0,67.0,-3.025,0.06,-1.0935000000000001,-0.1,5.5745,-3.2305,28.7285,0,1,1,100.0
20,56.0,1,20.0,1.0,6,2,4.6276,-0.006240000000000003,0.11068000000000021,0.5175200000000004,37.0,25.86,0,18.0,1641.0,67.0,-3.082,0.06,-1.0992000000000002,-0.1,5.6144,-3.8175999999999988,33.579199999999986,0,1,1,100.0
20,57.0,1,20.0,1.0,6,2,4.512,-0.00452999999999999,0.06024999999999974,0.31012999999999874,37.0,25.8796,0,18.0,1641.0,67.0,-3.0262999999999995,0.06,-1.1098000000000001,-0.09509999999999996,5.463199999999999,-4.4684000000000035,38.253500000000024,0,1,1,100.0
20,58.0,1,20.0,1.0,6,2,4.400399999999999,-0.002819999999999993,0.03442000000000047,0.09745999999999895,37.0,25.897599999999997,0,18.0,1641.0,67.0,-2.940199999999999,0.059399999999999974,-1.1206,-0.09,5.258599999999999,-5.141600000000003,42.866000000000014,0,1,1,100.0
20,59.0,1,20.0,1.0,6,2,4.3092,-0.0011099999999999964,0.15241000000000027,-0.16417000000000054,37.0,25.8748,0,18.0,1641.0,67.0,-2.7520999999999995,0.05369999999999999,-1.1263,-0.09,4.8652999999999995,-5.916800000000001,47.19800000000001,0,1,1,100.0
20,60.0,1,20.0,1.0,6,2,4.228,0.0002,0.1892,-0.29560000000000003,37.0,25.86,0,18.0,1641.0,67.0,-2.532,0.048,-1.132,-0.09,4.426,-6.746,51.354,0,1,1,100.0
20,61.0,1,20.0,1.0,6,2,4.1653,0.0007699999999999989,0.07577000000000023,-0.18616000000000021,37.0,25.86,0,18.0,1641.0,67.0,-2.252700000000001,0.04230000000000001,-1.1377,-0.09,3.901600000000001,-7.675099999999999,55.18439999999999,0,1,1,100.0
20,62.0,1,20.0,1.0,6,2,4.126399999999999,0.0006599999999999966,0.03408000000000004,-0.07875999999999936,37.0,25.8736,0,18.0,1641.0,67.0,-1.9495999999999982,0.036599999999999966,-1.1434,-0.09,3.3465999999999965,-8.730000000000008,58.549000000000014,0,1,1,100.0
20,63.0,1,20.0,1.0,6,2,4.103599999999999,8.99999999999977e-05,0.040920000000000026,0.027260000000000423,37.0,25.8964,0,18.0,1641.0,67.0,-1.6303999999999987,0.030899999999999976,-1.1491,-0.09,2.770899999999998,-9.870000000000005,61.59850000000001,0,1,1,100.0
20,64.0,1,20.0,1.0,6,2,4.1064,-0.0001600000000000004,0.017359999999999945,0.06720000000000005,37.0,25.8936,0,18.0,1641.0,67.0,-1.4904,0.028399999999999995,-1.1483999999999999,-0.09,2.5279999999999996,-10.445200000000002,62.6496,0,1,1,100.0
20,65.0,1,20.0,1.0,6,2,4.114,-0.00035,-0.011899999999999999,0.09475,37.0,25.886,0,18.0,1641.0,67.0,-1.3840000000000001,0.0265,-1.1464999999999999,-0.09,2.3475,-10.9145,63.326,0,1,1,100.0
20,66.0,1,20.0,1.0,6,2,4.1216,-0.0005399999999999997,-0.04115999999999994,0.12229999999999995,37.0,25.8784,0,18.0,1641.0,67.0,-1.2776000000000003,0.024600000000000004,-1.1445999999999998,-0.09,2.1670000000000003,-11.383799999999999,64.0024,0,1,1,100.0
20,67.0,1,20.0,1.0,6,2,4.1292,-0.0007300000000000012,-0.07042000000000018,0.14985000000000018,37.0,25.8708,0,18.0,1641.0,67.0,-1.1711999999999994,0.022699999999999988,-1.1426999999999998,-0.09,1.986499999999999,-11.853100000000003,64.67880000000001,0,1,1,100.0
20,68.0,1,20.0,1.0,6,2,4.1368,-0.0009200000000000008,-0.09968000000000012,0.1774000000000001,37.0,25.8632,0,18.0,1641.0,67.0,-1.0647999999999995,0.020799999999999992,-1.1407999999999998,-0.09,1.8059999999999994,-12.322400000000002,65.3552,0,1,1,100.0
20,69.0,1,20.0,0.3300000000000012,6,2,4.5723,-0.005660000000000003,-0.19755000000000003,0.8642000000000003,37.0,25.86,0,17.330000000000002,1641.0,67.0,-0.17049999999999985,0.0,-1.1134000000000002,-0.08,0.3408999999999997,-19.240900000000003,65.1275,0,1,1,100.0
20,70.0,1,20.0,0.9,6,2,4.7490000000000006,-0.0068000000000000005,-0.2175,1.001,37.0,25.86,0,17.9,1641.0,67.0,-0.085,0.0,-1.102,-0.08,0.18699999999999997,-20.797,63.275000000000006,0,1,1,100.0
20,71.0,1,20.0,0.5300000000000011,6,2,4.963299999999999,-0.007939999999999997,-0.15614000000000014,1.0832799999999998,37.0,25.86,0,17.53,1641.0,67.0,-0.08879999999999996,0.0,-1.0906,-0.08,0.15530000000000002,-22.047599999999996,60.38380000000001,0,1,1,100.0
20,72.0,1,20.0,0.040000000000003415,6,2,5.188800000000001,-0.009040000000000003,-0.08271999999999997,1.1523600000000003,37.0,25.86,0,17.040000000000003,1641.0,67.0,-0.11680000000000058,0.0004000000000000341,-1.0788,-0.07959999999999996,0.15760000000000066,-23.192000000000004,57.19439999999997,0,1,1,100.0
20,73.0,1,20.0,0.6100000000000023,6,2,5.4567000000000005,-0.009610000000000002,-0.07872999999999998,1.2002400000000002,37.0,25.86,0,17.610000000000003,1641.0,67.0,-0.21370000000000042,0.006100000000000023,-1.0617,-0.07389999999999998,0.26590000000000047,-23.7905,52.98209999999998,0,1,1,100.0
20,74.0,1,20.0,1.0,6,2,5.6724,-0.01,-0.07203999999999998,1.23258,37.0,25.86,0,18.0,1641.0,67.06,-0.29560000000000014,0.01,-1.0482,-0.07,0.35860000000000014,-24.1844,49.5642,0,1,1,100.0
20,75.0,1,20.0,1.0,6,2,5.7749999999999995,-0.01,-0.0595,1.2312500000000002,37.0,25.86,0,18.0,1641.0,67.25,-0.34500000000000003,0.01,-1.0425,-0.07,0.41750000000000004,-24.134999999999998,47.8675,0,1,1,100.0
20,76.0,1,20.0,1.0,6,2,5.877599999999999,-0.01,-0.04696000000000002,1.2299200000000001,37.0,25.86,0,18.0,1641.0,67.44,-0.3943999999999999,0.01,-1.0368,-0.07,0.4763999999999999,-24.0856,46.17080000000001,0,1,1,100.0
20,77.0,1,20.0,1.0,1,5,5.9802,-0.01,-0.03441999999999992,1.22859,37.0,25.86,0,18.0,1641.0,67.63,-0.4438000000000003,0.01,-1.0311,-0.07,0.5353000000000003,-24.0362,44.47409999999999,0,1,1,100.0
20,78.0,1,20.0,1.0,1,5,6.0828,-0.01,-0.021879999999999945,1.22726,37.0,25.86,0,18.0,1641.0,67.82000000000001,-0.4932000000000002,0.01,-1.0254,-0.07,0.5942000000000003,-23.986800000000002,42.77739999999999,0,1,1,100.0
20,79.0,1,20.0,0.9699999999999989,1,5,6.198,-0.01,-0.006909999999999883,1.2243199999999999,37.0,25.859099999999998,0,18.03,1641.0,68.0,-0.5460000000000003,0.01,-1.0191,-0.07,0.6614000000000004,-23.8884,40.86849999999999,0,1,1,100.0
20,80.0,1,20.0,0.39999999999999997,1,5,6.54,-0.01,0.0518,1.1924,37.0,25.842,0,18.6,1641.0,68.0,-0.66,0.01,-1.002,-0.07,0.878,-22.908,35.14,0,1,1,100.0
20,81.0,1,20.0,0.0,1,5,8.11525,-0.10414499999999999,-2.8044600000000006,-1.3855149999999994,37.0,25.754050000000003,0,19.0,1641.0,68.0,-0.4139000000000004,0.009150000000000005,-0.9283,-0.07,2.3005499999999994,-14.288200000000003,9.818250000000006,0,1,1,100.0
20,82.0,1,20.0,0.0,1,5,8.300500000000001,-0.11469000000000007,-2.6551199999999993,-1.6588300000000016,37.0,25.7341,0,19.0,1641.0,68.0,-0.2257999999999989,0.006299999999999983,-0.9226,-0.07,2.5371000000000015,-12.840399999999992,7.096499999999984,0,1,1,100.0
20,83.0,1,20.0,0.0,1,5,8.485750000000001,-0.12523500000000004,-2.5057799999999997,-1.9321450000000011,37.0,25.71415,0,19.0,1641.0,68.0,-0.0376999999999993,0.0034499999999999887,-0.9169,-0.07,2.773650000000001,-11.392599999999995,4.374749999999989,0,1,1,100.0
20,84.0,1,20.0,0.0,1,5,8.671000000000001,-0.13578000000000004,-2.35644,-2.2054600000000004,37.0,25.694200000000002,0,19.0,1641.0,68.0,0.1504000000000003,0.0005999999999999943,-0.9112,-0.07,3.0102000000000007,-9.944799999999997,1.6529999999999947,0,1,1,100.0
20,85.0,1,20.0,0.0,1,5,9.6055,-0.17935,-1.44425,-3.2452,37.0,25.584,0,19.0,1641.0,68.0,1.898,-0.029,-0.8855,-0.08,4.422000000000001,-2.344,-11.5325,0,1,1,100.0
20,86.0,1,20.0,0.0,1,6,9.9406,-0.19233999999999998,-1.1600400000000002,-3.5949799999999996,37.0,25.5386,0,19.0,1641.0,68.0,2.725199999999998,-0.04059999999999997,-0.8796,-0.0802,4.967599999999999,0.30399999999999583,-16.22179999999999,0,1,1,100.0
20,87.0,1,20.0,0.0,1,6,10.242700000000003,-0.20203000000000004,-1.13268,-3.907910000000002,37.0,25.4987,0,19.0,1641.0,68.0,3.728400000000006,-0.057700000000000105,-0.8682,-0.08590000000000003,5.469200000000003,2.4130000000000127,-20.548100000000026,0,1,1,100.0
20,88.0,1,20.0,0.0,1,6,10.532000000000002,-0.21092000000000002,-1.040679999999999,-4.242280000000002,37.0,25.4588,0,19.0,1641.0,68.0,4.770000000000005,-0.07480000000000007,-0.86,-0.09160000000000001,5.940400000000001,4.331600000000006,-24.765600000000017,0,1,1,100.0
20,89.0,1,20.0,0.0,1,6,10.7885,-0.21776,-0.7830399999999995,-4.631590000000001,37.0,25.418899999999997,0,19.0,1641.0,68.0,5.910000000000003,-0.09190000000000004,-0.86,-0.09730000000000001,6.3337,5.762300000000003,-28.704300000000007,0,1,1,100.0
20,90.0,1,20.0,0.0,1,6,11.021,-0.2231,-0.5737,-4.9456,37.0,25.378999999999998,0,19.0,1641.0,68.0,7.089,-0.109,-0.857,-0.10300000000000001,6.64,6.839,-32.406,0,1,1,100.0
20,91.0,1,20.0,0.0,1,6,11.231900000000001,-0.22709000000000004,-0.4078299999999987,-5.191840000000002,37.0,25.3391,0,19.0,1641.0,68.0,8.30310000000001,-0.12610000000000013,-0.8513,-0.10870000000000005,6.868000000000002,7.5971000000000055,-35.894400000000026,0,1,1,100.0
20,92.0,1,20.0,0.0,1,6,11.3988,-0.2302,-0.29960000000000037,-5.400239999999999,37.0,25.285999999999998,0,19.0,1641.0,68.0,9.547999999999995,-0.14319999999999994,-0.85,-0.11439999999999997,6.9332,7.8976,-38.960399999999986,0,1,1,100.0
20,93.0,1,20.0,0.0,1,6,11.5509,-0.23300500000000002,-0.20886499999999975,-5.596510000000001,37.0,25.22965,0,19.0,1641.0,68.0,10.790700000000001,-0.16020000000000004,-0.85005,-0.12,6.9482,8.05735,-41.869800000000005,0,1,1,100.0
20,94.0,1,20.0,0.0,1,6,11.602200000000002,-0.23329000000000003,-0.14416999999999922,-5.739580000000002,37.0,25.2097,0,19.0,1641.0,68.0,11.400600000000006,-0.17160000000000014,-0.8529,-0.12,6.845599999999999,7.906299999999999,-42.99840000000002,0,1,1,100.0
20,95.0,1,20.0,0.0,1,6,11.653500000000001,-0.233575,-0.079475,-5.88265,37.0,25.18975,0,19.0,1641.0,68.0,12.0105,-0.183,-0.85575,-0.12,6.743,7.75525,-44.127,0,1,1,100.0
20,96.0,1,20.0,0.0,1,6,11.7048,-0.23386,-0.014779999999999493,-6.0257200000000015,37.0,25.1698,0,19.0,1641.0,68.0,12.620400000000005,-0.1944000000000001,-0.8586,-0.12,6.640399999999999,7.604199999999999,-45.25560000000001,0,1,1,100.0
20,97.0,1,20.0,0.0,1,6,11.750300000000001,-0.23371000000000003,0.10892999999999928,-6.344239999999998,37.0,25.1078,0,19.0,1641.0,68.0,13.456499999999995,-0.20869999999999994,-0.8657999999999999,-0.12,6.447900000000001,7.3328000000000015,-46.4944,0,1,1,100.0
20,98.0,1,20.0,0.0,1,6,11.7902,-0.23314000000000001,0.2896200000000007,-6.832160000000002,37.0,25.0052,0,19.0,1641.0,68.0,14.511000000000005,-0.22580000000000008,-0.8772000000000001,-0.12,6.168599999999999,6.945199999999998,-47.839600000000004,0,1,1,100.0
20,99.0,1,20.0,0.0,1,6,11.728399999999999,-0.22341999999999995,0.3889500000000025,-7.596850000000004,37.0,24.8498,0,19.0,1641.0,68.0,16.516900000000007,-0.26860000000000017,-0.9129000000000003,-0.11569999999999993,5.708399999999999,6.9009000000000045,-48.01079999999999,0,1,1,100.0
20,100.0,1,20.0,0.0,3,7,11.66,-0.22,0.597,-7.936,37.0,24.77,0,19.0,1641.0,68.0,16.99,-0.28,-0.93,-0.11,5.64,7.26,-47.19,0,1,1,100.0
21,0.0,1,20.0,0.0,0,1,8.07,-0.059,1.615,-3.326,37.0,25.76,0,19.0,1641.0,68.0,13.23,-0.25,-1.07,0.0,1.51,9.51,-2.57,0,1,1,100.0
21,1.0,1,20.0,0.0,0,1,7.984,-0.0552,1.5188,-3.0226,37.0,25.76,0,19.0,1641.0,68.0,13.146,-0.248,-1.07,0.0,1.304,8.802,-2.174,0,1,1,100.0
21,2.0,1,20.0,0.0,0,1,7.898,-0.0514,1.4225999999999999,-2.7192,37.0,25.76,0,19.0,1641.0,68.0,13.062000000000001,-0.246,-1.07,0.0,1.098,8.094,-1.7779999999999998,0,1,1,100.0
21,3.0,1,20.0,0.0,0,1,7.812,-0.047599999999999996,1.3264,-2.4158,37.0,25.76,0,19.0,1641.0,68.0,12.978,-0.244,-1.07,0.0,0.892,7.385999999999999,-1.3819999999999997,0,1,1,100.0
21,4.0,1,20.0,0.0,0,1,7.726,-0.0438,1.2302,-2.1124,37.0,25.76,0,19.0,1641.0,68.0,12.894,-0.242,-1.07,0.0,0.6859999999999999,6.678,-0.9859999999999998,0,1,1,100.0
21,5.0,1,20.0,0.0,0,1,6.88,-0.04,1.134,-1.809,37.0,25.76,0,59.0,1641.0,68.0,12.04,-0.23,-1.07,-0.01,-1.24,-2.38,0.55,0,1,1,100.0
21,6.0,1,20.0,0.0,0,1,6.694,-0.0334,2.787,-0.7235999999999999,37.0,25.862000000000002,0,28.400000000000002,1641.0,68.0,11.8,-0.224,-1.07,-0.016,-1.618,-4.618,0.73,0,1,1,100.0
21,7.0,1,20.0,0.0,0,1,6.5440000000000005,-0.0291,3.4858,0.0,37.0,25.927,0,8.0,1641.0,68.0,11.598,-0.219,-1.069,-0.02,-1.9200000000000002,-6.414000000000001,0.896,0,1,1,100.0
21,8.0,1,20.0,0.0,0,1,6.466,-0.0294,2.2762,0.0,37.0,25.918,0,8.0,1641.0,68.0,11.472000000000001,-0.216,-1.066,-0.02,-2.0700000000000003,-7.3260000000000005,1.034,0,1,1,100.0
21,9.0,1,20.0,0.0,0,1,6.388,-0.0297,1.0665999999999998,0.0,37.0,25.909,0,8.0,1641.0,68.0,11.346,-0.213,-1.0630000000000002,-0.02,-2.22,-8.238,1.172,0,1,1,100.0
21,10.0,1,20.0,0.0,0,1,6.31,-0.03,-0.143,0.0,37.0,25.9,0,8.0,1641.0,68.0,11.22,-0.21,-1.06,-0.02,-2.37,-9.15,1.31,0,1,1,100.0
21,11.0,1,20.0,0.0,0,1,6.183999999999999,-0.0306,-0.1766,0.0,37.0,25.9,0,8.0,1641.0,68.0,10.98,-0.20400000000000001,-1.06,-0.02,-2.622,-10.494,1.67,0,1,1,100.0
21,12.0,1,20.0,0.0,0,1,5.904,-0.033800000000000004,-0.0706,0.0,37.0,25.9,0,8.0,1641.0,68.0,10.358,-0.19,-1.05,-0.03,-3.218,-12.948,2.672,0,1,1,100.0
21,13.0,1,20.0,0.0,0,1,5.826,-0.0332,0.0656,0.0,37.0,25.9,0,8.0,1641.0,68.0,10.142,-0.19,-1.05,-0.03,-3.422,-13.362,3.008,0,1,1,100.0
21,14.0,1,20.0,0.0,0,1,5.764,-0.033,0.0674,0.0,37.0,25.9,0,8.0,1641.0,68.0,9.938,-0.186,-1.046,-0.03,-3.6180000000000003,-13.524000000000001,3.2600000000000002,0,1,1,100.0
21,15.0,1,20.0,0.0,0,1,5.71,-0.033,0.002,0.0,37.0,25.9,0,8.0,1641.0,68.0,9.74,-0.18,-1.04,-0.03,-3.81,-13.56,3.47,0,1,1,100.0
21,16.0,1,20.0,0.0,0,1,5.674,-0.033,-0.029200000000000004,0.0,37.0,25.9,0,8.0,1641.0,68.0,9.565999999999999,-0.17400000000000002,-1.04,-0.036,-3.984,-13.296,3.482,0,1,1,100.0
21,17.0,1,20.0,0.0,0,1,5.648000000000001,-0.0327,-0.026100000000000005,0.0,37.0,25.9,0,8.0,1641.0,68.0,9.421999999999999,-0.17,-1.0390000000000001,-0.04,-4.125,-13.038,3.4530000000000003,0,1,1,100.0
21,18.0,1,20.0,0.0,0,1,5.642,-0.0318,0.04559999999999999,0.0,37.0,25.9,0,8.0,1641.0,68.0,9.338,-0.17,-1.036,-0.04,-4.199999999999999,-12.792,3.342,0,1,1,100.0
21,19.0,1,20.0,0.0,0,1,5.636,-0.0309,0.11729999999999999,0.0,37.0,25.9,0,8.0,1641.0,68.0,9.254,-0.17,-1.033,-0.04,-4.2749999999999995,-12.546,3.2310000000000003,0,1,1,100.0
21,20.0,1,20.0,0.0,0,1,5.63,-0.027,0.187,0.0,37.0,25.9,0,8.0,1641.0,68.0,8.91,-0.16,-1.03,-0.04,-4.6,-11.23,2.35,0,1,1,100.0
21,21.0,1,20.0,0.0,0,1,5.642,-0.0258,0.06160000000000001,0.0,37.0,25.9,0,8.0,1641.0,68.0,8.748000000000001,-0.16,-1.024,-0.04,-4.75,-10.492,1.678,0,1,1,100.0
21,22.0,1,20.0,0.0,0,1,5.654,-0.024800000000000003,-0.0002999999999999982,0.0,37.0,25.9,0,8.0,1641.0,68.0,8.611,-0.159,-1.02,-0.041,-4.8759999999999994,-9.87,1.091,0,1,1,100.0
21,23.0,1,20.0,0.0,0,1,5.666,-0.0242,0.0648,0.0,37.0,25.9,0,8.0,1641.0,68.0,8.524000000000001,-0.156,-1.02,-0.044000000000000004,-4.954,-9.48,0.674,0,1,1,100.0
21,24.0,1,20.0,0.0,0,1,5.678000000000001,-0.0236,0.12990000000000002,0.0,37.0,25.9,0,8.0,1641.0,68.0,8.437,-0.153,-1.02,-0.047,-5.032,-9.09,0.2570000000000001,0,1,1,100.0
21,25.0,1,20.0,0.0,0,1,5.69,-0.023,0.195,0.0,37.0,25.9,0,8.0,1641.0,68.0,8.35,-0.15,-1.02,-0.05,-5.11,-8.7,-0.16,0,1,1,100.0
21,26.0,1,20.0,0.6000000000000001,0,1,5.726,-0.0212,0.1776,0.0,37.0,25.9,0,8.6,1641.0,68.0,8.152,-0.14400000000000002,-1.02,-0.05,-5.254,-7.914,-1.072,0,1,1,100.0
21,27.0,1,20.0,1.0,0,1,5.762,-0.019200000000000002,0.1902,0.0,37.0,25.9,0,9.0,1641.0,68.0,7.941999999999999,-0.14,-1.018,-0.05,-5.3839999999999995,-7.14,-1.996,0,1,1,100.0
21,28.0,1,20.0,1.0,0,1,5.798,-0.0168,0.2628,0.0,37.0,25.9,0,9.0,1641.0,68.0,7.708,-0.14,-1.012,-0.05,-5.486,-6.39,-2.944,0,1,1,100.0
21,29.0,1,20.0,1.0,0,1,5.904,-0.0076,0.4434,0.0,37.0,25.9,0,9.0,1641.0,68.0,7.044,-0.126,-1.01,-0.06,-5.502,-4.592,-5.442,0,1,1,100.0
21,30.0,1,20.0,1.0,6,2,5.94,-0.004,0.42,0.0,37.0,25.9,0,9.0,1641.0,68.0,6.78,-0.12,-1.01,-0.06,-5.43,-3.98,-6.36,0,1,1,100.0
21,31.0,1,20.0,0.39999999999999997,6,2,5.982,-0.0021999999999999997,0.5568,-0.0552,37.0,25.9,0,13.8,1641.0,68.0,6.51,-0.114,-1.016,-0.066,-5.255999999999999,-3.3979999999999997,-7.224,0,1,1,100.0
21,32.0,1,20.0,0.0,6,2,6.02,-0.00039999999999999996,0.5774,-0.2158,37.0,25.9,0,17.0,1641.0,68.0,6.242,-0.108,-1.02,-0.07,-5.05,-2.8219999999999996,-8.068,0,1,1,100.0
21,33.0,1,20.0,0.0,6,2,6.05,0.0014000000000000002,0.3656,-0.5871999999999999,37.0,25.9,0,17.0,1641.0,68.0,5.978,-0.10200000000000001,-1.02,-0.07,-4.78,-2.258,-8.872,0,1,1,100.0
21,34.0,1,20.0,0.0,6,2,6.076,0.0036,0.3314,-0.8694,37.0,25.884,0,17.0,1641.0,68.0,5.7139999999999995,-0.1,-1.02,-0.07400000000000001,-4.442,-1.702,-9.636000000000001,0,1,1,100.0
21,35.0,1,20.0,0.0,6,2,6.1,0.006,0.386,-1.107,37.0,25.86,0,17.0,1641.0,68.0,5.45,-0.1,-1.02,-0.08,-4.07,-1.15,-10.38,0,1,1,100.0
21,36.0,1,20.0,0.0,6,2,6.109,0.0075,0.3698,-1.2768,37.0,25.851,0,17.0,1641.0,68.0,5.324,-0.097,-1.02,-0.08,-3.8480000000000003,-0.8829999999999999,-10.719000000000001,0,1,1,100.0
21,37.0,1,20.0,0.0,6,2,6.117999999999999,0.009,0.3536,-1.4466,37.0,25.842,0,17.0,1641.0,68.0,5.198,-0.094,-1.02,-0.08,-3.6260000000000003,-0.6159999999999999,-11.058,0,1,1,100.0
21,38.0,1,20.0,0.0,6,2,6.127,0.010499999999999999,0.33740000000000003,-1.6164,37.0,25.833,0,17.0,1641.0,68.0,5.072,-0.091,-1.02,-0.08,-3.404,-0.349,-11.397,0,1,1,100.0
21,39.0,1,20.0,0.6,6,2,6.126,0.0166,0.2368,-2.2348,37.0,25.802,0,17.6,1641.0,68.0,4.446000000000001,-0.076,-1.02,-0.084,-2.14,0.9059999999999999,-12.892,0,1,1,100.0
21,40.0,1,20.0,0.0,6,2,6.12,0.019,0.214,-2.473,37.0,25.76,0,17.0,1641.0,68.0,4.2,-0.07,-1.02,-0.09,-1.6,1.38,-13.42,0,1,1,100.0
21,41.0,1,20.0,0.6000000000000001,6,2,6.096,0.0208,0.16720000000000002,-2.662,37.0,25.736,0,17.6,1641.0,68.0,3.936,-0.07,-1.02,-0.09,-1.042,1.824,-13.828,0,1,1,100.0
21,42.0,1,20.0,1.0,6,2,6.068,0.022199999999999998,0.12260000000000001,-2.8064,37.0,25.72,0,18.0,1641.0,68.0,3.6599999999999997,-0.068,-1.02,-0.09,-0.47400000000000003,2.244,-14.166,0,1,1,100.0
21,43.0,1,20.0,1.0,6,2,6.032,0.0228,0.0824,-2.8615999999999997,37.0,25.72,0,18.0,1641.0,68.0,3.36,-0.062,-1.02,-0.09,0.11399999999999999,2.616,-14.363999999999999,0,1,1,100.0
21,44.0,1,20.0,1.0,6,2,5.9879999999999995,0.0226,-0.029799999999999993,-2.7816,37.0,25.72,0,18.0,1641.0,68.0,3.032,-0.056,-1.024,-0.09,0.73,2.904,-14.318,0,1,1,100.0
21,45.0,1,20.0,1.0,6,2,5.94,0.022,-0.178,-2.634,37.0,25.72,0,18.0,1641.0,68.0,2.69,-0.05,-1.03,-0.09,1.36,3.15,-14.15,0,1,1,100.0
21,46.0,1,20.0,1.0,6,2,5.8740000000000006,0.0196,-0.2644,-2.253,37.0,25.762,0,18.0,1641.0,68.0,2.3,-0.044000000000000004,-1.03,-0.09,2.056,3.222,-13.466,0,1,1,100.0
21,47.0,1,20.0,1.0,6,2,5.804,0.0166,-0.3582,-1.7930000000000001,37.0,25.804,0,18.0,1641.0,68.0,1.9040000000000001,-0.036000000000000004,-1.03,-0.09,2.774,3.224,-12.572,0,1,1,100.0
21,48.0,1,20.0,1.0,6,2,5.726,0.0124,-0.4668,-1.1749999999999998,37.0,25.846,0,18.0,1641.0,68.0,1.496,-0.024,-1.03,-0.09,3.536,3.086,-11.258000000000001,0,1,1,100.0
21,49.0,1,20.0,1.0,6,2,5.68,0.009933333333333332,-0.4856666666666667,-0.8391333333333333,37.0,25.86,0,18.0,1641.0,68.0,1.2706666666666668,-0.018666666666666668,-1.0313333333333334,-0.09133333333333334,3.962,2.9506666666666668,-10.381333333333334,0,1,1,100.0
21,50.0,1,20.0,1.0,6,2,5.65,0.008333333333333333,-0.45966666666666667,-0.6443333333333333,37.0,25.86,0,18.0,1641.0,68.0,1.1366666666666667,-0.016666666666666666,-1.0333333333333334,-0.09333333333333334,4.22,2.816666666666667,-9.723333333333334,0,1,1,100.0
21,51.0,1,20.0,1.0,6,2,5.62,0.0067333333333333325,-0.43366666666666664,-0.44953333333333334,37.0,25.86,0,18.0,1641.0,68.0,1.0026666666666668,-0.014666666666666668,-1.0353333333333334,-0.09533333333333334,4.478,2.682666666666667,-9.065333333333333,0,1,1,100.0
21,52.0,1,20.0,1.0,6,2,5.59,0.005133333333333333,-0.4076666666666667,-0.25473333333333337,37.0,25.86,0,18.0,1641.0,68.0,0.8686666666666667,-0.012666666666666668,-1.0373333333333334,-0.09733333333333334,4.736,2.5486666666666666,-8.407333333333334,0,1,1,100.0
21,53.0,1,20.0,1.0,6,2,5.56,0.0035333333333333323,-0.38166666666666665,-0.059933333333333366,37.0,25.86,0,18.0,1641.0,68.0,0.7346666666666667,-0.010666666666666668,-1.0393333333333334,-0.09933333333333334,4.994,2.4146666666666667,-7.749333333333333,0,1,1,100.0
21,54.0,1,20.0,1.0,6,2,5.124,-0.0036,0.0274,0.4728,37.0,25.86,0,18.0,1641.0,68.0,-0.6579999999999999,0.014,-1.054,-0.096,7.312,-1.2200000000000002,4.1899999999999995,0,1,1,100.0
21,55.0,1,20.0,1.0,6,2,5.01,-0.003,0.079,0.309,37.0,25.86,0,18.0,1641.0,68.0,-0.94,0.02,-1.06,-0.09,7.6,-2.45,7.67,0,1,1,100.0
21,56.0,1,20.0,1.0,6,2,4.902,-0.0024000000000000002,0.0712,0.1728,37.0,25.884,0,18.0,1641.0,68.0,-1.138,0.02,-1.072,-0.096,7.612,-3.8899999999999997,11.408,0,1,1,100.0
21,57.0,1,20.0,1.0,6,2,4.792,-0.0016,0.0712,0.0254,37.0,25.9,0,18.0,1641.0,68.0,-1.3,0.022,-1.082,-0.1,7.524,-5.406,15.172,0,1,1,100.0
21,58.0,1,20.0,1.0,6,2,4.678,-0.00039999999999999996,0.0868,-0.14440000000000003,37.0,25.9,0,18.0,1641.0,68.0,-1.39,0.027999999999999997,-1.088,-0.1,7.236,-7.074,18.988,0,1,1,100.0
21,59.0,1,20.0,1.0,6,2,4.576,0.0004,0.0712,-0.24180000000000001,37.0,25.884,0,18.0,1641.0,68.0,-1.396,0.03,-1.094,-0.1,6.755999999999999,-8.914,22.728,0,1,1,100.0
21,60.0,1,20.0,1.0,6,2,4.48,0.001,0.04,-0.303,37.0,25.86,0,18.0,1641.0,68.0,-1.36,0.03,-1.1,-0.1,6.18,-10.84,26.43,0,1,1,100.0
21,61.0,1,20.0,1.0,6,2,4.396,0.001,-0.032,-0.1578,37.0,25.86,0,18.0,1641.0,68.0,-1.2160000000000002,0.024,-1.106,-0.1,5.382,-12.952,29.753999999999998,0,1,1,100.0
21,62.0,1,20.0,1.0,6,2,4.329,0.0009,-0.07780000000000001,-0.0514,37.0,25.864,0,18.0,1641.0,68.0,-1.082,0.019,-1.11,-0.1,4.693,-14.719999999999999,32.43,0,1,1,100.0
21,63.0,1,20.0,1.0,6,2,4.296,0.0006000000000000001,-0.0712,-0.022599999999999995,37.0,25.875999999999998,0,18.0,1641.0,68.0,-0.9680000000000001,0.016,-1.11,-0.1,4.2219999999999995,-15.8,33.81,0,1,1,100.0
21,64.0,1,20.0,1.0,6,2,4.263,0.0003,-0.0646,0.006200000000000008,37.0,25.887999999999998,0,18.0,1641.0,68.0,-0.854,0.013000000000000001,-1.11,-0.1,3.751,-16.88,35.19,0,1,1,100.0
21,65.0,1,20.0,1.0,6,2,4.23,0.0,-0.058,0.035,37.0,25.9,0,18.0,1641.0,68.0,-0.74,0.01,-1.11,-0.1,3.28,-17.96,36.57,0,1,1,100.0
21,66.0,1,20.0,1.0,6,2,4.194,-0.0012000000000000001,-0.058,0.2078,37.0,25.875999999999998,0,18.0,1641.0,68.0,-0.47,0.01,-1.11,-0.094,2.284,-19.988,38.634,0,1,1,100.0
21,67.0,1,20.0,1.0,6,2,4.16,-0.0032,-0.0536,0.499,37.0,25.86,0,18.0,1641.0,68.0,0.29400000000000004,-0.002,-1.108,-0.09,-0.33799999999999997,-24.6,42.346,0,1,1,100.0
21,68.0,1,20.0,1.0,6,2,4.19,-0.0038,-0.0464,0.538,37.0,25.86,0,18.0,1641.0,68.0,0.5760000000000001,-0.008,-1.102,-0.09,-1.262,-25.83,42.844,0,1,1,100.0
21,69.0,1,20.0,1.0,6,2,4.24,-0.0044,-0.0536,0.5870000000000001,37.0,25.86,0,18.0,1641.0,68.0,0.8500000000000001,-0.014,-1.096,-0.086,-2.114,-26.68,42.814,0,1,1,100.0
21,70.0,1,20.0,1.0,6,2,4.3,-0.005,-0.068,0.641,37.0,25.86,0,18.0,1641.0,68.0,1.12,-0.02,-1.09,-0.08,-2.93,-27.34,42.52,0,1,1,100.0
21,71.0,1,20.0,0.8,6,2,4.332,-0.0052,-0.0684,0.6596,37.0,25.86,0,17.8,1641.0,68.0,1.2060000000000002,-0.022,-1.086,-0.078,-3.154,-27.368,42.17,0,1,1,100.0
21,72.0,1,20.0,0.6,6,2,4.364,-0.0054,-0.0688,0.6782,37.0,25.86,0,17.6,1641.0,68.0,1.292,-0.024,-1.082,-0.076,-3.378,-27.396,41.82,0,1,1,100.0
21,73.0,1,20.0,0.4,6,2,4.396,-0.0056,-0.06920000000000001,0.6968,37.0,25.86,0,17.4,1641.0,68.0,1.3780000000000001,-0.026,-1.078,-0.07400000000000001,-3.602,-27.424,41.470000000000006,0,1,1,100.0
21,74.0,1,20.0,0.2,6,2,4.428,-0.0058000000000000005,-0.06960000000000001,0.7154,37.0,25.86,0,17.2,1641.0,68.0,1.464,-0.027999999999999997,-1.074,-0.07200000000000001,-3.826,-27.452,41.120000000000005,0,1,1,100.0
21,75.0,1,20.0,1.0,6,2,4.68,-0.006,-0.08,0.705,37.0,25.86,0,18.0,1641.0,68.0,1.98,-0.04,-1.05,-0.07,-4.86,-26.74,37.9,0,1,1,100.0
21,76.0,1,20.0,1.0,6,2,4.848,-0.006,-0.03560000000000001,0.7236,37.0,25.86,0,18.0,1641.0,68.0,2.238,-0.04,-1.032,-0.064,-5.148,-25.887999999999998,35.578,0,1,1,100.0
21,77.0,1,20.0,1.0,6,2,5.024,-0.006,-0.001,0.7292,37.0,25.86,0,18.0,1641.0,68.0,2.5,-0.042,-1.016,-0.06,-5.372,-24.942,33.092,0,1,1,100.0
21,78.0,1,20.0,1.0,6,2,5.216,-0.006,0.014,0.7088,37.0,25.86,0,18.0,1641.0,68.0,2.77,-0.048,-1.004,-0.06,-5.468,-23.808,30.278,0,1,1,100.0
21,79.0,1,20.0,1.0,6,2,5.8100000000000005,-0.006,0.06960000000000001,0.592,37.0,25.86,0,18.0,1641.0,68.4,3.584,-0.064,-0.968,-0.05,-5.234,-20.442,21.613999999999997,0,1,1,100.0
21,80.0,1,20.0,1.0,1,5,6.05,-0.006,0.048,0.568,37.0,25.86,0,18.0,1641.0,69.0,3.92,-0.07,-0.95,-0.05,-5.03,-19.14,18.08,0,1,1,100.0
21,81.0,1,20.0,0.39999999999999997,1,5,6.302,-0.0054,0.029400000000000003,0.487,37.0,25.842,0,18.6,1641.0,69.0,4.3100000000000005,-0.07,-0.9380000000000001,-0.05,-4.73,-17.814,14.462,0,1,1,100.0
21,82.0,1,20.0,0.0,1,5,6.556,-0.0126,-0.6431999999999999,0.06539999999999996,37.0,25.816,0,19.0,1641.0,69.0,4.728000000000001,-0.07400000000000001,-0.926,-0.05,-4.412,-16.504,10.91,0,1,1,100.0
21,83.0,1,20.0,0.0,1,5,6.814,-0.0354,-2.6237999999999997,-1.0374,37.0,25.774,0,19.0,1641.0,69.0,5.202,-0.086,-0.914,-0.05,-4.058,-15.226,7.49,0,1,1,100.0
21,84.0,1,20.0,0.0,1,5,6.986000000000001,-0.052199999999999996,-3.1794,-1.5332,37.0,25.746000000000002,0,19.0,1641.0,69.0,5.5440000000000005,-0.092,-0.906,-0.05,-3.814,-14.42,5.318,0,1,1,100.0
21,85.0,1,20.0,0.0,1,5,7.115,-0.066,-3.0225,-1.7254999999999998,37.0,25.725,0,19.0,1641.0,69.0,5.82,-0.095,-0.9,-0.05,-3.625,-13.850000000000001,3.7699999999999996,0,1,1,100.0
21,86.0,1,20.0,0.0,1,5,7.244,-0.0798,-2.8656,-1.9177999999999997,37.0,25.704,0,19.0,1641.0,69.0,6.096,-0.098,-0.894,-0.05,-3.436,-13.280000000000001,2.2219999999999995,0,1,1,100.0
21,87.0,1,20.0,0.0,1,5,7.789,-0.1288,-2.1630000000000003,-2.9779,37.0,25.609,0,19.0,1641.0,69.0,7.409,-0.112,-0.879,-0.051000000000000004,-2.632,-11.314,-3.849,0,1,1,100.0
21,88.0,1,20.0,0.0,1,5,7.906000000000001,-0.1372,-2.016,-3.1876,37.0,25.576,0,19.0,1641.0,69.0,7.736,-0.11800000000000001,-0.876,-0.054,-2.4579999999999997,-11.056,-5.106,0,1,1,100.0
21,89.0,1,20.0,0.0,1,6,8.023,-0.1456,-1.869,-3.3973,37.0,25.543000000000003,0,19.0,1641.0,69.0,8.063,-0.124,-0.873,-0.057,-2.284,-10.798,-6.3629999999999995,0,1,1,100.0
21,90.0,1,20.0,0.0,1,6,8.14,-0.154,-1.722,-3.607,37.0,25.51,0,19.0,1641.0,69.0,8.39,-0.13,-0.87,-0.06,-2.11,-10.54,-7.62,0,1,1,100.0
21,91.0,1,20.0,0.0,1,6,8.35,-0.1654,-1.338,-4.1986,37.0,25.444,0,19.0,1641.0,69.0,9.056000000000001,-0.136,-0.858,-0.066,-1.8219999999999998,-10.51,-9.936,0,1,1,100.0
21,92.0,1,20.0,0.0,1,6,8.554,-0.17579999999999998,-1.0138,-4.7114,37.0,25.38,0,19.0,1641.0,69.0,9.72,-0.14400000000000002,-0.85,-0.07,-1.5659999999999998,-10.658,-12.222,0,1,1,100.0
21,93.0,1,20.0,0.0,1,6,8.746,-0.1842,-0.8092,-5.066599999999999,37.0,25.32,0,19.0,1641.0,69.0,10.379999999999999,-0.156,-0.85,-0.07,-1.374,-11.162,-14.448,0,1,1,100.0
21,94.0,1,20.0,0.0,1,6,8.918000000000001,-0.1898,-0.6002000000000001,-5.510599999999999,37.0,25.244,0,19.0,1641.0,69.0,11.008,-0.164,-0.85,-0.07400000000000001,-1.25,-11.914,-16.59,0,1,1,100.0
21,95.0,1,20.0,0.0,1,6,9.3,-0.194,0.344,-7.407,37.0,24.88,0,19.0,1641.0,69.0,12.48,-0.19,-0.86,-0.08,-0.92,-14.3,-21.47,0,1,1,100.0
21,96.0,1,20.0,0.0,1,6,9.402000000000001,-0.191,0.15919999999999995,-7.5564,37.0,24.814,0,19.0,1641.0,69.0,12.870000000000001,-0.20199999999999999,-0.878,-0.08,-0.614,-14.816,-22.514,0,1,1,100.0
21,97.0,1,20.0,0.0,1,6,9.482000000000001,-0.1887,0.0634,-7.7059,37.0,24.756,0,19.0,1641.0,69.0,13.165000000000001,-0.211,-0.892,-0.08,-0.33499999999999996,-15.144,-23.269000000000002,0,1,1,100.0
21,98.0,1,20.0,0.0,1,6,9.518,-0.1878,0.1456,-7.8556,37.0,24.714,0,19.0,1641.0,69.0,13.270000000000001,-0.214,-0.898,-0.08,-0.10999999999999999,-15.096,-23.446,0,1,1,100.0
21,99.0,1,20.0,0.0,1,6,9.554,-0.1869,0.2278,-8.0053,37.0,24.672,0,19.0,1641.0,69.0,13.375,-0.217,-0.904,-0.08,0.115,-15.048,-23.623,0,1,1,100.0
21,100.0,1,20.0,1.0,1,6,9.65,-0.18,0.315,-8.595,37.0,24.53,0,20.0,1641.0,69.0,13.57,-0.23,-0.94,-0.07,1.21,-13.9,-23.23,0,1,1,100.0
24,0.0,1,20.0,0.0,0,1,-1.59,-0.064,2.13,-5.379,37.0,25.58,0,19.0,1641.0,71.0,1.85,-0.03,-1.04,-0.11,8.99,-7.04,1.0,0,1,1,100.0
24,1.0,1,20.0,0.0,0,1,-1.662,-0.04,2.5434,-3.6785999999999994,37.0,25.58,0,19.0,1641.0,71.0,1.7060000000000002,-0.03,-1.046,-0.10400000000000001,8.054,-7.106,3.268,0,1,1,100.0
24,2.0,1,20.0,0.0,0,1,-1.736,-0.024,2.819,-2.545,37.0,25.58,0,23.0,1641.0,71.0,1.622,-0.03,-1.05,-0.098,7.112,-7.524,5.258,0,1,1,100.0
24,3.0,1,20.0,0.0,0,1,-1.814,-0.024,2.819,-2.545,37.0,25.58,0,35.0,1641.0,71.0,1.658,-0.03,-1.05,-0.092,6.1579999999999995,-8.645999999999999,6.692,0,1,1,100.0
24,4.0,1,20.0,0.0,0,1,-1.856,-0.024,2.819,-2.545,37.0,25.58,0,41.666666666666664,1641.0,71.0,1.7033333333333334,-0.03133333333333333,-1.0513333333333335,-0.09,5.645333333333333,-9.402666666666667,7.3806666666666665,0,1,1,100.0
24,5.0,1,20.0,0.0,0,1,-1.8800000000000001,-0.024,2.819,-2.545,37.0,25.58,0,45.666666666666664,1641.0,71.0,1.7533333333333332,-0.03333333333333333,-1.0533333333333335,-0.09,5.3533333333333335,-9.976666666666667,7.696666666666666,0,1,1,100.0
24,6.0,1,20.0,0.0,0,1,-1.904,-0.024,2.819,-2.545,37.0,25.58,0,49.666666666666664,1641.0,71.0,1.8033333333333332,-0.035333333333333335,-1.0553333333333335,-0.09,5.061333333333334,-10.550666666666666,8.012666666666666,0,1,1,100.0
24,7.0,1,20.0,0.0,0,1,-1.928,-0.024,2.819,-2.545,37.0,25.58,0,53.666666666666664,1641.0,71.0,1.8533333333333333,-0.037333333333333336,-1.0573333333333335,-0.09,4.769333333333333,-11.124666666666666,8.328666666666667,0,1,1,100.0
24,8.0,1,20.0,0.0,0,1,-1.952,-0.024,2.819,-2.545,37.0,25.58,0,57.666666666666664,1641.0,71.0,1.9033333333333333,-0.03933333333333333,-1.0593333333333335,-0.09,4.477333333333333,-11.698666666666668,8.644666666666666,0,1,1,100.0
24,9.0,1,20.0,0.0,0,1,-2.17,-0.030000000000000002,-0.2192,0.0,37.0,25.9,0,10.0,1641.0,71.0,2.902,-0.054,-1.06,-0.08,1.8840000000000001,-18.0,13.148,0,1,1,100.0
24,10.0,1,20.0,0.0,0,1,-2.2,-0.033,-0.461,0.0,37.0,25.9,0,10.0,1641.0,71.0,3.19,-0.06,-1.06,-0.08,1.41,-19.08,14.42,0,1,1,100.0
24,11.0,1,20.0,0.0,0,1,-2.218,-0.0378,-0.6038,0.0,37.0,25.9,0,10.0,1641.0,71.0,3.508,-0.066,-1.06,-0.07400000000000001,1.008,-19.709999999999997,15.698,0,1,1,100.0
24,12.0,1,20.0,0.0,0,1,-2.228,-0.0422,-0.5888,0.0,37.0,25.9,0,10.0,1641.0,71.0,3.83,-0.07200000000000001,-1.06,-0.07,0.614,-20.192,16.922,0,1,1,100.0
24,13.0,1,20.0,0.0,0,1,-2.222,-0.0458,-0.2582,0.0,37.0,25.9,0,10.0,1641.0,71.0,4.16,-0.078,-1.06,-0.07,0.236,-20.378,18.038,0,1,1,100.0
24,14.0,1,20.0,0.0,0,1,-2.2,-0.047,-0.09,0.0,37.0,25.9,0,10.0,1641.0,71.0,4.502,-0.084,-1.056,-0.066,-0.134,-20.296,18.93,0,1,1,100.0
24,15.0,1,20.0,0.0,0,1,-2.17,-0.047,-0.003,0.0,37.0,25.9,0,10.0,1641.0,71.0,4.85,-0.09,-1.05,-0.06,-0.5,-20.08,19.71,0,1,1,100.0
24,16.0,1,20.0,0.0,0,1,-2.116,-0.0464,0.12660000000000002,0.0,37.0,25.9,0,10.0,1641.0,71.0,5.1979999999999995,-0.096,-1.044,-0.06,-0.8660000000000001,-19.558,20.004,0,1,1,100.0
24,17.0,1,20.0,0.0,0,1,-2.0713333333333335,-0.04546666666666667,0.25226666666666664,0.0,37.0,25.9,0,10.0,1641.0,71.0,5.468,-0.10066666666666667,-1.04,-0.06,-1.1500000000000001,-19.127333333333333,20.165333333333333,0,1,1,100.0
24,18.0,1,20.0,0.0,0,1,-2.0453333333333332,-0.043866666666666665,0.37006666666666665,0.0,37.0,25.9,0,10.0,1641.0,71.0,5.582,-0.10266666666666667,-1.04,-0.06,-1.27,-18.879333333333335,20.061333333333334,0,1,1,100.0
24,19.0,1,20.0,0.0,0,1,-2.0193333333333334,-0.04226666666666667,0.48786666666666667,0.0,37.0,25.9,0,10.0,1641.0,71.0,5.696,-0.10466666666666667,-1.04,-0.06,-1.3900000000000001,-18.631333333333334,19.957333333333334,0,1,1,100.0
24,20.0,1,20.0,0.0,0,1,-1.9933333333333334,-0.04066666666666666,0.6056666666666667,0.0,37.0,25.9,0,10.0,1641.0,71.0,5.81,-0.10666666666666667,-1.04,-0.06,-1.51,-18.383333333333333,19.85333333333333,0,1,1,100.0
24,21.0,1,20.0,0.0,0,1,-1.9673333333333334,-0.039066666666666666,0.7234666666666667,0.0,37.0,25.9,0,10.0,1641.0,71.0,5.924,-0.10866666666666666,-1.04,-0.06,-1.6300000000000001,-18.13533333333333,19.749333333333333,0,1,1,100.0
24,22.0,1,20.0,0.0,0,1,-1.546,-0.0116,1.3477,-0.0294,37.0,25.895999999999997,0,10.8,1641.0,71.0,7.024,-0.13,-1.02,-0.06,-2.884,-14.727,14.863,0,1,1,100.0
24,23.0,1,20.0,0.0,0,1,-1.474,-0.0074,1.5897999999999999,-0.1176,37.0,25.884,0,13.2,1641.0,71.0,7.126,-0.13,-1.02,-0.06,-3.0460000000000003,-14.178,13.702,0,1,1,100.0
24,24.0,1,20.0,0.0,6,2,-1.4020000000000001,-0.003200000000000001,1.8318999999999999,-0.20579999999999998,37.0,25.872,0,15.6,1641.0,71.0,7.228,-0.13,-1.02,-0.06,-3.208,-13.629,12.541,0,1,1,100.0
24,25.0,1,20.0,0.0,6,2,-1.07,0.008,0.755,-1.906,37.0,25.83,0,18.0,1641.0,71.0,7.52,-0.13,-1.01,-0.06,-3.89,-11.02,6.65,0,1,1,100.0
24,26.0,1,20.0,0.0,6,2,-0.896,0.015200000000000002,0.7844,-2.7316,37.0,25.764,0,18.0,1641.0,71.0,7.526,-0.13,-1.01,-0.06,-4.178,-9.652,3.452,0,1,1,100.0
24,27.0,1,20.0,0.2,6,2,-0.718,0.022600000000000002,0.8268000000000001,-3.574,37.0,25.678,0,18.2,1641.0,71.0,7.492,-0.13,-1.01,-0.06,-4.46,-8.25,0.19199999999999995,0,1,1,100.0
24,28.0,1,20.0,0.8,6,2,-0.532,0.030400000000000003,0.8952,-4.45,37.0,25.552,0,18.8,1641.0,71.0,7.378,-0.13,-1.01,-0.06,-4.73,-6.78,-3.192,0,1,1,100.0
24,29.0,1,20.0,1.0,6,2,-0.408,0.035,0.8052,-4.9224,37.0,25.468,0,19.0,1641.0,71.0,7.25,-0.128,-1.01,-0.06,-4.9,-5.804,-5.416,0,1,1,100.0
24,30.0,1,20.0,1.0,6,2,-0.315,0.038,0.636,-5.1930000000000005,37.0,25.405,0,19.0,1641.0,71.0,7.114999999999999,-0.125,-1.01,-0.06,-5.02,-5.075,-7.0600000000000005,0,1,1,100.0
24,31.0,1,20.0,1.0,6,2,-0.22200000000000003,0.040999999999999995,0.4668,-5.4636000000000005,37.0,25.342000000000002,0,19.0,1641.0,71.0,6.9799999999999995,-0.122,-1.01,-0.06,-5.14,-4.346,-8.704,0,1,1,100.0
24,32.0,1,20.0,1.0,6,2,-0.09999999999999999,0.043399999999999994,0.2956,-5.6092,37.0,25.306,0,19.0,1641.0,71.0,6.75,-0.118,-1.01,-0.06,-5.279999999999999,-3.4259999999999997,-10.738000000000001,0,1,1,100.0
24,33.0,1,20.0,1.0,6,2,0.08000000000000004,0.0446,0.12040000000000001,-5.5047999999999995,37.0,25.323999999999998,0,19.0,1641.0,71.0,6.33,-0.112,-1.01,-0.06,-5.46,-2.1239999999999997,-13.552,0,1,1,100.0
24,34.0,1,20.0,0.4,6,2,0.534,0.039200000000000006,-0.39239999999999997,-4.396599999999999,37.0,25.48,0,18.4,1641.0,71.0,4.872,-0.086,-1.01,-0.07,-5.640000000000001,0.474,-18.64,0,1,1,100.0
24,35.0,1,20.0,1.0,6,2,0.69,0.035,-0.567,-3.796,37.0,25.54,0,19.0,1641.0,71.0,4.26,-0.08,-1.01,-0.07,-5.61,1.17,-19.75,0,1,1,100.0
24,36.0,1,20.0,1.0,6,2,0.828,0.0302,-0.588,-3.2992,37.0,25.63,0,19.0,1641.0,71.0,3.648,-0.068,-1.016,-0.076,-5.472,1.548,-19.918,0,1,1,100.0
24,37.0,1,20.0,1.0,6,2,0.9580000000000001,0.0258,-0.5492,-2.8482,37.0,25.704,0,19.0,1641.0,71.0,3.048,-0.056,-1.02,-0.08,-5.302,1.84,-19.810000000000002,0,1,1,100.0
24,38.0,1,20.0,1.0,6,2,1.072,0.0222,-0.39080000000000004,-2.4888000000000003,37.0,25.746000000000002,0,19.0,1641.0,71.0,2.472,-0.044,-1.02,-0.08,-5.0680000000000005,1.96,-19.15,0,1,1,100.0
24,39.0,1,20.0,1.0,6,2,1.1660000000000001,0.0194,-0.31120000000000003,-2.1674,37.0,25.772000000000002,0,19.0,1641.0,71.0,1.936,-0.036,-1.02,-0.084,-4.766,1.936,-18.03,0,1,1,100.0
24,40.0,1,20.0,1.0,6,2,1.25,0.017,-0.271,-1.865,37.0,25.79,0,19.0,1641.0,71.0,1.42,-0.03,-1.02,-0.09,-4.43,1.84,-16.68,0,1,1,100.0
24,41.0,1,20.0,1.0,6,2,1.31,0.0128,-0.41500000000000004,-1.3346,37.0,25.814,0,19.0,1641.0,71.0,0.964,-0.018000000000000002,-1.026,-0.09,-3.9859999999999998,1.582,-14.76,0,1,1,100.0
24,42.0,1,20.0,1.0,6,2,1.36,0.0086,-0.4838,-0.7847999999999999,37.0,25.836,0,19.0,1641.0,71.0,0.526,-0.008,-1.03,-0.092,-3.4979999999999998,1.268,-12.666,0,1,1,100.0
24,43.0,1,20.0,1.0,6,2,1.39,0.0044,-0.4022,-0.19620000000000004,37.0,25.854,0,19.0,1641.0,71.0,0.124,-0.002,-1.03,-0.098,-2.9219999999999997,0.842,-10.224,0,1,1,100.0
24,44.0,1,20.0,1.0,6,2,1.404,0.001,-0.4026,0.38239999999999996,37.0,25.86,0,19.0,1641.0,71.0,-0.242,0.004,-1.034,-0.1,-2.262,0.31199999999999994,-7.466,0,1,1,100.0
24,45.0,1,20.0,1.0,6,2,1.41,-0.002,-0.444,0.956,37.0,25.86,0,19.0,1641.0,71.0,-0.59,0.01,-1.04,-0.1,-1.56,-0.27,-4.55,0,1,1,100.0
24,46.0,1,20.0,1.0,6,2,1.404,-0.0044,-0.4386,1.1993,37.0,25.851,0,19.0,1641.0,71.0,-0.737,0.013000000000000001,-1.04,-0.1,-1.1640000000000001,-0.63,-2.87,0,1,1,100.0
24,47.0,1,20.0,1.0,6,2,1.398,-0.0068000000000000005,-0.4332,1.4425999999999999,37.0,25.842,0,19.0,1641.0,71.0,-0.884,0.016,-1.04,-0.1,-0.768,-0.99,-1.1900000000000002,0,1,1,100.0
24,48.0,1,20.0,1.0,6,2,1.392,-0.0092,-0.4278,1.6859,37.0,25.833,0,19.0,1641.0,71.0,-1.0310000000000001,0.019,-1.04,-0.1,-0.372,-1.35,0.48999999999999966,0,1,1,100.0
24,49.0,1,20.0,1.0,6,2,1.302,-0.0194,-0.15219999999999997,2.4952,37.0,25.778,0,19.0,1641.0,71.0,-1.68,0.034,-1.054,-0.11,1.658,-3.422,10.038,0,1,1,100.0
24,50.0,1,20.0,1.0,6,2,1.26,-0.02,0.185,2.272,37.0,25.76,0,19.0,1641.0,71.0,-1.92,0.04,-1.06,-0.11,2.45,-4.28,14.13,0,1,1,100.0
24,51.0,1,20.0,1.0,6,2,1.206,-0.0182,0.24739999999999998,1.9606,37.0,25.778,0,19.0,1641.0,71.0,-2.1239999999999997,0.04,-1.072,-0.11,3.146,-5.096,18.51,0,1,1,100.0
24,52.0,1,20.0,1.0,6,2,1.154,-0.016,0.31279999999999997,1.6194,37.0,25.804,0,19.0,1641.0,71.0,-2.3099999999999996,0.042,-1.082,-0.108,3.79,-5.882,22.966,0,1,1,100.0
24,53.0,1,20.0,1.0,6,2,1.106,-0.013000000000000001,0.3842,1.2186,37.0,25.846,0,19.0,1641.0,71.0,-2.46,0.048,-1.088,-0.10200000000000001,4.33,-6.608,27.573999999999998,0,1,1,100.0
24,54.0,1,20.0,1.0,6,2,1.066,-0.01,0.354,0.9478,37.0,25.86,0,19.0,1641.0,71.0,-2.562,0.05,-1.098,-0.1,4.7299999999999995,-7.278,32.282,0,1,1,100.0
24,55.0,1,20.0,1.0,6,2,1.03,-0.007,0.273,0.742,37.0,25.86,0,19.0,1641.0,71.0,-2.64,0.05,-1.11,-0.1,5.06,-7.92,37.04,0,1,1,100.0
24,56.0,1,20.0,1.0,6,2,1.012,-0.0052,0.2232,0.38980000000000004,37.0,25.86,0,19.0,1641.0,71.0,-2.61,0.05,-1.1219999999999999,-0.1,5.162,-8.484,41.834,0,1,1,100.0
24,57.0,1,20.0,1.0,6,2,1.0,-0.0037,0.1955,0.1095,37.0,25.86,0,19.0,1641.0,71.0,-2.568,0.05,-1.132,-0.1,5.211,-8.949,45.808,0,1,1,100.0
24,58.0,1,20.0,1.0,6,2,1.0,-0.0028,0.212,-0.026999999999999996,37.0,25.86,0,19.0,1641.0,71.0,-2.502,0.05,-1.138,-0.1,5.154,-9.216,48.142,0,1,1,100.0
24,59.0,1,20.0,1.0,6,2,1.0,-0.0018999999999999998,0.2285,-0.16349999999999998,37.0,25.86,0,19.0,1641.0,71.0,-2.436,0.05,-1.144,-0.1,5.097,-9.483,50.476,0,1,1,100.0
24,60.0,1,20.0,1.0,6,2,1.0,-0.001,0.245,-0.3,37.0,25.86,0,19.0,1641.0,71.0,-2.37,0.05,-1.15,-0.1,5.04,-9.75,52.81,0,1,1,100.0
24,61.0,1,20.0,1.0,6,2,1.036,0.00020000000000000004,0.14840000000000003,-0.4092,37.0,25.86,0,19.0,1641.0,71.0,-2.148,0.044000000000000004,-1.156,-0.1,4.788,-10.302,57.04,0,1,1,100.0
24,62.0,1,20.0,1.0,6,2,1.22,0.001,-0.014000000000000002,-0.1408,37.0,25.86,0,19.0,1641.0,71.0,-1.464,0.028,-1.168,-0.1,4.01,-11.870000000000001,66.30799999999999,0,1,1,100.0
24,63.0,1,20.0,1.0,6,2,1.3399999999999999,0.001,-0.053000000000000005,-0.1042,37.0,25.86,0,19.0,1641.0,71.0,-1.206,0.022,-1.162,-0.1,3.7399999999999998,-12.5,68.58200000000001,0,1,1,100.0
24,64.0,1,20.0,1.0,6,2,1.488,0.00019999999999999998,-0.1396,0.08080000000000001,37.0,25.86,0,19.0,1641.0,71.0,-0.9800000000000001,0.02,-1.156,-0.096,3.538,-13.106,69.94,0,1,1,100.0
24,65.0,1,20.0,1.0,6,2,1.65,-0.001,-0.25,0.34,37.0,25.86,0,19.0,1641.0,71.0,-0.77,0.02,-1.15,-0.09,3.37,-13.7,70.84,0,1,1,100.0
24,66.0,1,20.0,1.0,6,2,1.8659999999999999,-0.0022,-0.19,0.47619999999999996,37.0,25.86,0,19.0,1641.0,71.0,-0.65,0.014,-1.144,-0.09,3.358,-14.12,70.228,0,1,1,100.0
24,67.0,1,20.0,0.8,6,2,2.098,-0.0034000000000000002,-0.1288,0.6038,37.0,25.86,0,18.8,1641.0,71.0,-0.566,0.01,-1.134,-0.09,3.402,-14.426,69.11,0,1,1,100.0
24,68.0,1,20.0,0.19999999999999996,6,2,2.362,-0.0046,-0.0652,0.7142,37.0,25.86,0,18.2,1641.0,71.0,-0.554,0.01,-1.116,-0.09,3.558,-14.504,66.97999999999999,0,1,1,100.0
24,69.0,1,20.0,0.4,6,2,2.662,-0.0058000000000000005,-0.07680000000000001,0.8474,37.0,25.86,0,18.4,1641.0,71.0,-0.614,0.01,-1.098,-0.086,3.81,-14.238,63.918,0,1,1,100.0
24,70.0,1,20.0,1.0,6,2,2.98,-0.007,-0.126,0.992,37.0,25.86,0,19.0,1641.0,71.0,-0.71,0.01,-1.08,-0.08,4.11,-13.8,60.39,0,1,1,100.0
24,71.0,1,20.0,1.0,6,2,3.16,-0.0076,-0.0984,1.0304,37.0,25.86,0,19.0,1641.0,71.0,-0.7939999999999999,0.013000000000000001,-1.0710000000000002,-0.08,4.317,-13.257000000000001,58.016999999999996,0,1,1,100.0
24,72.0,1,20.0,1.0,6,2,3.34,-0.008199999999999999,-0.0708,1.0688,37.0,25.86,0,19.0,1641.0,71.0,-0.878,0.016,-1.062,-0.08,4.524,-12.714,55.644,0,1,1,100.0
24,73.0,1,20.0,1.0,6,2,3.52,-0.008799999999999999,-0.0432,1.1072000000000002,37.0,25.86,0,19.0,1641.0,71.0,-0.962,0.019,-1.053,-0.08,4.731,-12.171,53.271,0,1,1,100.0
24,74.0,1,20.0,0.6,6,2,4.534,-0.01,-0.093,1.2231999999999998,37.0,25.848,0,19.0,1641.0,72.0,-1.4340000000000002,0.024,-1.012,-0.08,5.9559999999999995,-7.302,38.788000000000004,0,1,1,100.0
24,75.0,1,20.0,0.0,1,5,4.96,-0.01,-0.057,1.267,37.0,25.83,0,19.0,1641.0,72.0,-1.59,0.03,-1.0,-0.08,6.49,-4.77,32.53,0,1,1,100.0
24,76.0,1,20.0,0.0,1,5,5.182,-0.0235,-1.1394,0.8509,37.0,25.83,0,19.0,1641.0,72.0,-1.5990000000000002,0.03,-0.991,-0.08,6.787,-3.2249999999999996,29.356,0,1,1,100.0
24,77.0,1,20.0,0.0,1,5,5.404,-0.037,-2.2218,0.43479999999999996,37.0,25.83,0,19.0,1641.0,72.0,-1.608,0.03,-0.982,-0.08,7.0840000000000005,-1.6800000000000002,26.182,0,1,1,100.0
24,78.0,1,20.0,0.0,1,5,5.626,-0.050499999999999996,-3.3042000000000002,0.018699999999999994,37.0,25.83,0,19.0,1641.0,72.0,-1.617,0.03,-0.973,-0.08,7.381,-0.13500000000000045,23.008,0,1,1,100.0
24,79.0,1,20.0,0.0,1,5,6.76,-0.12019999999999999,-2.7426,-1.3944,37.0,25.762,0,19.0,1641.0,72.0,-0.986,0.016,-0.942,-0.084,9.002,7.9719999999999995,7.846000000000001,0,1,1,100.0
24,80.0,1,20.0,0.0,1,5,7.21,-0.143,-2.283,-1.959,37.0,25.72,0,19.0,1641.0,72.0,-0.53,0.01,-0.93,-0.09,9.65,11.11,2.05,0,1,1,100.0
24,81.0,1,20.0,0.0,1,6,7.636,-0.16219999999999998,-2.0591999999999997,-2.3526000000000002,37.0,25.677999999999997,0,19.0,1641.0,72.0,0.18399999999999994,-0.002,-0.924,-0.096,10.184,13.672,-3.3199999999999994,0,1,1,100.0
24,82.0,1,20.0,0.0,1,6,8.054,-0.17959999999999998,-1.8154,-2.7508000000000004,37.0,25.636,0,19.0,1641.0,72.0,0.974,-0.016,-0.918,-0.10200000000000001,10.649999999999999,15.950000000000001,-8.528,0,1,1,100.0
24,83.0,1,20.0,0.0,1,6,8.456,-0.19340000000000002,-1.5316,-3.1582,37.0,25.593999999999998,0,19.0,1641.0,72.0,1.916,-0.034,-0.912,-0.108,10.98,17.66,-13.411999999999999,0,1,1,100.0
24,84.0,1,20.0,0.0,1,6,8.709999999999999,-0.2018,-1.3544,-3.3916,37.0,25.566,0,19.0,1641.0,72.0,2.598,-0.044,-0.908,-0.11,11.112,18.478,-16.52,0,1,1,100.0
24,85.0,1,20.0,0.0,1,6,8.889999999999999,-0.20750000000000002,-1.2305000000000001,-3.538,37.0,25.545,0,19.0,1641.0,72.0,3.15,-0.049999999999999996,-0.905,-0.11,11.145,18.85,-18.740000000000002,0,1,1,100.0
24,86.0,1,20.0,0.0,1,6,9.07,-0.2132,-1.1066,-3.6844,37.0,25.524,0,19.0,1641.0,72.0,3.702,-0.055999999999999994,-0.902,-0.11,11.177999999999999,19.221999999999998,-20.96,0,1,1,100.0
24,87.0,1,20.0,0.0,1,6,9.294,-0.2196,-0.9596,-3.8544,37.0,25.502000000000002,0,19.0,1641.0,72.0,4.468,-0.066,-0.898,-0.112,11.126,19.401999999999997,-23.76,0,1,1,100.0
24,88.0,1,20.0,0.0,1,6,9.606,-0.22740000000000002,-0.7664,-4.0716,37.0,25.477999999999998,0,19.0,1641.0,72.0,5.662,-0.08399999999999999,-0.892,-0.118,10.904,19.198,-27.72,0,1,1,100.0
24,89.0,1,20.0,0.0,1,6,10.272,-0.2424,-0.5048,-4.8556,37.0,25.372,0,19.0,1641.0,72.0,8.834,-0.14200000000000002,-0.89,-0.13,9.472000000000001,16.494,-36.675999999999995,0,1,1,100.0
24,90.0,1,20.0,0.0,1,6,10.47,-0.246,-0.35,-5.092,37.0,25.33,0,19.0,1641.0,72.0,9.98,-0.16,-0.89,-0.13,8.74,15.0,-39.55,0,1,1,100.0
24,91.0,1,20.0,0.0,1,6,10.608,-0.2484,-0.2072,-5.3434,37.0,25.312,0,19.0,1641.0,72.0,11.048,-0.178,-0.89,-0.13,7.876,13.248,-41.788,0,1,1,100.0
24,92.0,1,20.0,0.0,1,6,10.725999999999999,-0.25,-0.0824,-5.577,37.0,25.286,0,19.0,1641.0,72.0,12.08,-0.194,-0.89,-0.13,6.984,11.486,-43.822,0,1,1,100.0
24,93.0,1,20.0,0.0,1,6,10.804,-0.25,0.006399999999999989,-5.775,37.0,25.244,0,19.0,1641.0,72.0,13.04,-0.206,-0.89,-0.13,6.036,9.704,-45.448,0,1,1,100.0
24,94.0,1,20.0,0.0,1,6,10.838,-0.25,0.0156,-5.9122,37.0,25.23,0,19.0,1641.0,72.0,13.94,-0.222,-0.89,-0.126,5.064,8.001999999999999,-46.674,0,1,1,100.0
24,95.0,1,20.0,0.0,1,6,10.85,-0.25,-0.015,-6.019,37.0,25.23,0,19.0,1641.0,72.0,14.81,-0.24,-0.89,-0.12,4.08,6.34,-47.7,0,1,1,100.0
24,96.0,1,20.0,0.0,1,6,10.808,-0.25,-0.0258,-6.0436,37.0,25.206,0,19.0,1641.0,72.0,15.584000000000001,-0.252,-0.896,-0.12,3.0780000000000003,4.882,-48.144,0,1,1,100.0
24,97.0,1,20.0,0.0,1,6,10.763,-0.25,-0.0252,-6.0633,37.0,25.19,0,19.0,1641.0,72.0,16.218,-0.262,-0.9,-0.12,2.244,3.704,-48.42,0,1,1,100.0
24,98.0,1,20.0,0.0,1,6,10.712,-0.25,-0.001800000000000003,-6.0732,37.0,25.19,0,19.0,1641.0,72.0,16.572000000000003,-0.268,-0.9,-0.12,1.746,3.0860000000000003,-48.36,0,1,1,100.0
24,99.0,1,20.0,0.0,3,7,10.661,-0.25,0.021599999999999994,-6.0831,37.0,25.19,0,19.0,1641.0,72.0,16.926000000000002,-0.274,-0.9,-0.12,1.248,2.468,-48.3,0,1,1,100.0
24,100.0,1,20.0,0.0,3,7,10.61,-0.25,0.045,-6.093,37.0,25.19,0,19.0,1641.0,72.0,17.28,-0.28,-0.9,-0.12,0.75,1.85,-48.24,0,1,1,100.0
25,0.0,1,20.0,0.0,0,1,5.74,-0.047,0.217,-2.761,37.0,25.76,0,19.0,1641.0,72.0,12.59,-0.24,-1.07,-0.02,-2.43,8.35,-2.86,0,1,1,100.0
25,1.0,1,20.0,0.0,0,1,5.5063,-0.04586,0.09730000000000001,-2.04736,37.0,25.76,0,19.0,1641.0,72.0,12.3677,-0.2343,-1.0757,-0.02,-2.4642000000000004,7.6147,-1.1956,0,1,1,100.0
25,2.0,1,20.0,0.0,0,1,5.2768,-0.045,0.007,-1.509,37.0,25.76,0,21.8,1641.0,72.0,12.1594,-0.23,-1.08,-0.0214,-2.4942,6.8556,0.37920000000000004,0,1,1,100.0
25,3.0,1,20.0,0.0,0,1,5.0602,-0.045,0.007,-1.509,37.0,25.76,0,33.2,1641.0,72.0,11.9941,-0.23,-1.08,-0.0271,-2.5113,6.0234,1.6788000000000003,0,1,1,100.0
25,4.0,1,20.0,0.0,0,1,4.8604,-0.045,0.007,-1.509,37.0,25.76,0,44.6,1641.0,72.0,11.8456,-0.2272,-1.08,-0.03,-2.5228,5.2108,2.8916,0,1,1,100.0
25,5.0,1,20.0,0.0,0,1,4.678,-0.045,0.007,-1.509,37.0,25.76,0,56.0,1641.0,72.0,11.7145,-0.2215,-1.08,-0.03,-2.5284999999999997,4.4185,4.0145,0,1,1,100.0
25,6.0,1,20.0,0.0,0,1,4.5123999999999995,-0.049620000000000004,-0.5663000000000005,-0.8752199999999996,37.0,25.8188,0,37.15999999999998,1641.0,72.0,11.5918,-0.22,-1.08,-0.0342,-2.5258,3.7227999999999994,5.0744,0,1,1,100.0
25,7.0,1,20.0,0.0,0,1,4.352799999999999,-0.05589,-1.34435,-0.015090000000000324,37.0,25.8986,0,7.520000000000006,1641.0,72.0,11.472100000000001,-0.22,-1.08,-0.0399,-2.5201000000000002,3.0616,6.1118,0,1,1,100.0
25,8.0,1,20.0,0.0,0,1,4.2268,-0.05656,-0.6551999999999999,0.0,37.0,25.9,0,7.0,1641.0,72.0,11.3636,-0.22,-1.08,-0.04,-2.5143999999999997,2.5067999999999997,7.0372,0,1,1,100.0
25,9.0,1,20.0,0.0,0,1,4.11895,-0.05713,-0.10768000000000001,0.0,37.0,25.9,0,7.0,1641.0,72.0,11.2683,-0.21935,-1.07935,-0.040650000000000006,-2.5086999999999997,2.0305999999999997,7.83645,0,1,1,100.0
25,10.0,1,20.0,0.0,0,1,4.0705,-0.0577,-0.12819999999999998,0.0,37.0,25.9,0,7.0,1641.0,72.0,11.216999999999999,-0.2165,-1.0765,-0.043500000000000004,-2.503,1.814,8.2155,0,1,1,100.0
25,11.0,1,20.0,0.0,0,1,4.02205,-0.05827,-0.14872,0.0,37.0,25.9,0,7.0,1641.0,72.0,11.1657,-0.21365,-1.07365,-0.04635,-2.4973,1.5974,8.59455,0,1,1,100.0
25,12.0,1,20.0,0.0,0,1,3.9736,-0.058839999999999996,-0.16924,0.0,37.0,25.9,0,7.0,1641.0,72.0,11.1144,-0.2108,-1.0708,-0.04920000000000001,-2.4916,1.3807999999999998,8.973600000000001,0,1,1,100.0
25,13.0,1,20.0,0.0,0,1,3.8154,-0.05959,0.08387,0.0,37.0,25.9,0,7.0,1641.0,72.0,10.8644,-0.2059,-1.0659,-0.05410000000000001,-2.48,0.6182999999999997,10.1376,0,1,1,100.0
25,14.0,1,20.0,0.0,0,1,3.7811999999999997,-0.059019999999999996,0.08786,0.0,37.0,25.9,0,7.0,1641.0,72.0,10.7732,-0.20020000000000002,-1.0602,-0.0598,-2.48,0.40740000000000015,10.342799999999999,0,1,1,100.0
25,15.0,1,20.0,0.0,0,1,3.7689999999999997,-0.0579,0.27115,0.0,37.55,25.9,0,7.0,1641.0,72.0,10.6875,-0.2,-1.0545,-0.06,-2.491,0.28450000000000003,10.196,0,1,1,100.0
25,16.0,1,20.0,0.0,0,1,3.7624,-0.0564,0.42303999999999997,0.0,38.0,25.9,0,7.0,1641.0,72.0,10.599599999999999,-0.1988,-1.0488,-0.06,-2.5072,0.17799999999999996,9.9572,0,1,1,100.0
25,17.0,1,20.0,0.0,0,1,3.7737999999999996,-0.05354999999999999,0.43273,0.0,38.0,25.9,0,7.0,1641.0,72.0,10.502699999999999,-0.1931,-1.0431000000000001,-0.06,-2.5414,0.12099999999999994,9.4214,0,1,1,100.0
25,18.0,1,20.0,0.0,0,1,3.7982,-0.05017999999999999,0.48220000000000013,0.0,38.0,25.9,0,7.0,1641.0,72.0,10.400599999999999,-0.19,-1.04,-0.0626,-2.5860000000000003,0.09,8.719199999999999,0,1,1,100.0
25,19.0,1,20.0,0.0,0,1,3.8381,-0.04619,0.5791,0.0,38.0,25.9,0,7.0,1641.0,72.0,10.2923,-0.19,-1.04,-0.0683,-2.6430000000000002,0.09,7.818600000000001,0,1,1,100.0
25,20.0,1,20.0,0.0,0,1,3.89,-0.0394,0.786,0.0,38.0,25.9,0,7.0,1641.0,72.0,10.171999999999999,-0.186,-1.036,-0.07,-2.708,0.11,6.654,0,1,1,100.0
25,21.0,1,20.0,0.0,0,1,3.947,-0.03142,1.0396500000000002,0.0,38.0,25.9,0,7.0,1641.0,72.0,10.0466,-0.1803,-1.0303,-0.07,-2.7763999999999998,0.13850000000000004,5.377199999999999,0,1,1,100.0
25,22.0,1,20.0,0.0,0,1,3.9851,-0.026679999999999995,1.1205,0.0,38.0,25.9,0,7.0,1641.0,72.0,9.967099999999999,-0.18,-1.03,-0.07,-2.8124,0.1589,4.521599999999999,0,1,1,100.0
25,23.0,1,20.0,0.0,0,1,4.02215,-0.022120000000000004,1.1917499999999999,0.0,38.0,25.9,0,7.0,1641.0,72.0,9.89015,-0.18,-1.03,-0.07,-2.8466,0.17884999999999998,3.689400000000001,0,1,1,100.0
25,24.0,1,20.0,0.0,0,1,4.059200000000001,-0.01755999999999999,1.2630000000000001,0.0,38.0,25.9,0,7.0,1641.0,72.0,9.8132,-0.18,-1.03,-0.07,-2.8808,0.19880000000000003,2.8571999999999984,0,1,1,100.0
25,25.0,1,20.0,0.25,0,1,4.117500000000001,-0.00975,1.31925,0.0,38.0,25.9,0,7.25,1641.0,72.0,9.6925,-0.1775,-1.0275,-0.07250000000000001,-2.925,0.2225,1.4925000000000002,0,1,1,100.0
25,26.0,1,20.0,0.8200000000000017,0,1,4.203,0.0022200000000000353,1.3563000000000003,0.0,38.0,25.9,0,7.820000000000002,1641.0,72.0,9.5158,-0.17179999999999998,-1.0218,-0.07820000000000002,-2.982,0.2510000000000001,-0.5538000000000058,0,1,1,100.0
25,27.0,1,20.0,1.0,0,1,4.4563,0.044310000000000016,1.66432,0.0,38.0,25.9,0,8.0,1641.0,72.0,8.9323,-0.16,-1.02,-0.08,-3.1212,0.17539999999999992,-7.379300000000003,0,1,1,100.0
25,28.0,1,20.0,1.0,0,1,4.5531999999999995,0.060839999999999984,1.7714799999999997,0.0,38.0,25.9,0,8.0,1641.0,72.0,8.6872,-0.16,-1.02,-0.08,-3.1668,0.09560000000000007,-10.155199999999997,0,1,1,100.0
25,29.0,1,20.0,1.0,0,1,4.6501,0.07472000000000002,1.4636499999999992,0.0,38.0,25.9,0,8.0,1641.0,72.0,8.3944,-0.15469999999999998,-1.0147,-0.08,-3.2124,-0.04780000000000031,-13.084800000000005,0,1,1,100.0
25,30.0,1,20.0,1.0,0,1,4.746,0.0871,1.0814,0.0,38.0,25.9,0,8.0,1641.0,72.0,8.081,-0.148,-1.01,-0.081,-3.254,-0.20400000000000001,-15.99,0,1,1,100.0
25,31.0,1,20.0,1.0,0,1,4.8372,0.09337000000000002,0.4965799999999982,0.0,38.0,25.9,0,8.0,1641.0,72.0,7.687699999999999,-0.13659999999999997,-1.01,-0.08670000000000001,-3.2768,-0.39780000000000054,-18.726000000000006,0,1,1,100.0
25,32.0,1,20.0,1.0,0,1,4.9212,0.0958,-0.031120000000000467,0.0,38.0,25.9,0,8.0,1641.0,72.0,7.255999999999999,-0.1276,-1.01,-0.09,-3.2828,-0.6060000000000002,-21.200400000000002,0,1,1,100.0
25,33.0,1,20.0,1.0,0,1,4.995299999999999,0.09295,-0.4802799999999996,0.0,38.0,25.9,0,8.0,1641.0,72.0,6.7715000000000005,-0.12190000000000001,-1.01,-0.09,-3.2657,-0.8339999999999997,-23.315099999999997,0,1,1,100.0
25,34.0,1,20.0,1.0,0,1,5.0618,0.08553999999999998,-0.8241800000000006,0.0,38.0,25.9,0,8.0,1641.0,72.0,6.226199999999999,-0.11239999999999997,-1.01,-0.09,-3.1992,-1.0506000000000004,-24.8104,0,1,1,100.0
25,35.0,1,20.0,1.0,0,1,5.1245,0.07585,-1.11545,0.0,38.0,25.9,0,8.0,1641.0,72.0,5.6505,-0.101,-1.01,-0.09,-3.108,-1.2615,-25.996000000000002,0,1,1,100.0
25,36.0,1,20.0,1.0,0,1,5.1482,0.07057999999999999,-1.1995000000000002,0.0,38.0,25.9,0,8.0,1641.0,72.0,5.311399999999999,-0.09479999999999998,-1.01,-0.0926,-3.0168,-1.3554000000000004,-26.139000000000003,0,1,1,100.0
25,37.0,1,20.0,1.0,6,2,5.16815,0.065735,-1.2636250000000002,0.0,38.0,25.9,0,8.0,1641.0,72.0,4.99505,-0.0891,-1.01,-0.09545000000000001,-2.9255999999999998,-1.43805,-26.18175,0,1,1,100.0
25,38.0,1,20.0,1.0,6,2,5.1881,0.06089000000000001,-1.32775,0.0,38.0,25.9,0,8.0,1641.0,72.0,4.6787,-0.0834,-1.01,-0.0983,-2.8344,-1.5207,-26.2245,0,1,1,100.0
25,39.0,1,20.0,0.0,6,2,5.2254000000000005,0.04393999999999998,-1.55952,0.17530999999999977,38.0,25.8908,0,17.0,1641.0,72.0,3.121599999999999,-0.05539999999999998,-1.02,-0.10230000000000002,-2.177399999999999,-1.7999,-23.612,0,1,1,100.0
25,40.0,1,20.0,0.0,6,2,5.214,0.0314,-1.5732000000000002,0.059599999999999986,38.0,25.868,0,17.0,1641.0,72.0,2.5060000000000002,-0.044,-1.02,-0.108,-1.8239999999999998,-1.8739999999999999,-21.56,0,1,1,100.0
25,41.0,1,20.0,0.1233333333333339,6,2,5.2026,0.025149999999999992,-1.4921599999999997,0.012586666666666637,38.0,25.864933333333333,0,17.123333333333335,1641.0,72.0,2.1715999999999993,-0.03753333333333332,-1.0212333333333334,-0.11,-1.6025666666666663,-1.9209666666666667,-20.217166666666664,0,1,1,100.0
25,42.0,1,20.0,0.3133333333333335,6,2,5.1912,0.022299999999999997,-1.35992,0.002706666666666655,38.0,25.872533333333333,0,17.313333333333333,1641.0,72.0,1.9891999999999999,-0.03373333333333333,-1.0231333333333335,-0.11,-1.4524666666666666,-1.9532666666666665,-19.257666666666665,0,1,1,100.0
25,43.0,1,20.0,0.5033333333333332,6,2,5.1798,0.019450000000000002,-1.22768,-0.007173333333333326,38.0,25.880133333333333,0,17.503333333333334,1641.0,72.0,1.8068000000000002,-0.02993333333333334,-1.0250333333333335,-0.11,-1.302366666666667,-1.9855666666666665,-18.298166666666667,0,1,1,100.0
25,44.0,1,20.0,0.6933333333333337,6,2,5.1684,0.016599999999999993,-1.0954399999999997,-0.017053333333333358,38.0,25.887733333333333,0,17.693333333333335,1641.0,72.0,1.6243999999999996,-0.026133333333333328,-1.0269333333333333,-0.11,-1.1522666666666663,-2.0178666666666665,-17.338666666666665,0,1,1,100.0
25,45.0,1,20.0,0.8833333333333333,6,2,5.157,0.01375,-0.9632000000000001,-0.026933333333333337,38.0,25.895333333333333,0,17.883333333333333,1641.0,72.0,1.442,-0.022333333333333334,-1.0288333333333333,-0.11,-1.0021666666666667,-2.0501666666666667,-16.379166666666666,0,1,1,100.0
25,46.0,1,20.0,0.21999999999999886,6,2,4.8626000000000005,-0.00897999999999999,-0.6209600000000001,1.8506999999999991,38.0,25.8446,0,17.22,1641.0,72.0,-0.2743999999999994,0.002199999999999989,-1.0322,-0.1122,1.3719999999999988,-2.8841999999999994,-1.1996000000000084,0,1,1,100.0
25,47.0,1,20.0,0.7900000000000035,6,2,4.7657,-0.014110000000000032,-0.5742199999999997,2.298150000000003,38.0,25.8047,0,17.790000000000003,1641.0,72.0,-0.5708000000000019,0.007900000000000034,-1.0379,-0.11790000000000003,1.9990000000000037,-3.2319000000000018,2.9728000000000248,0,1,1,100.0
25,48.0,1,20.0,1.0,6,2,4.6579999999999995,-0.018160000000000013,-0.4590799999999994,2.610600000000001,38.0,25.764799999999997,0,18.0,1641.0,72.0,-0.827600000000001,0.013600000000000024,-1.0436,-0.12,2.600800000000002,-3.6300000000000017,7.224400000000017,0,1,1,100.0
25,49.0,1,20.0,1.0,6,2,4.544,-0.021580000000000005,-0.30403999999999964,2.8443000000000005,38.0,25.724899999999998,0,18.0,1641.0,72.0,-1.0613000000000006,0.01930000000000001,-1.0493000000000001,-0.12,3.187900000000001,-4.057500000000001,11.522200000000009,0,1,1,100.0
25,50.0,1,20.0,1.0,6,2,4.48,-0.022,-0.16624999999999998,2.78825,38.0,25.73,0,18.0,1641.0,72.0,-1.1675,0.0225,-1.0525,-0.12,3.4774999999999996,-4.33,13.955000000000002,0,1,1,100.0
25,51.0,1,20.0,1.0,6,2,4.423,-0.022,-0.030875000000000243,2.691635,38.0,25.7414,0,18.0,1641.0,72.0,-1.25585,0.025349999999999994,-1.05535,-0.12,3.7254499999999995,-4.5808,16.126699999999996,0,1,1,100.0
25,52.0,1,20.0,1.0,6,2,4.366,-0.022,0.10450000000000084,2.5950199999999994,38.0,25.7528,0,18.0,1641.0,72.0,-1.3442000000000005,0.028200000000000017,-1.0582,-0.12,3.973400000000001,-4.831600000000002,18.298400000000015,0,1,1,100.0
25,53.0,1,20.0,1.0,6,2,4.287999999999999,-0.021369999999999993,0.19063000000000002,2.448739999999999,38.0,25.7663,0,18.0,1641.0,72.0,-1.4441000000000004,0.03,-1.0621,-0.12,4.256000000000001,-5.1895000000000024,21.27230000000002,0,1,1,100.0
25,54.0,1,20.0,1.0,6,2,4.1739999999999995,-0.019659999999999997,0.19234,2.2173199999999995,38.0,25.7834,0,18.0,1641.0,72.0,-1.5638000000000003,0.03,-1.0678,-0.12,4.598000000000001,-5.731000000000002,25.62140000000001,0,1,1,100.0
25,55.0,1,20.0,1.0,6,2,3.9075,-0.0146,0.23995,1.5119,38.0,25.83,0,18.0,1641.0,72.0,-1.7335,0.03,-1.0870000000000002,-0.11,4.927,-7.3215,37.5835,0,1,1,100.0
25,56.0,1,20.0,1.0,6,2,3.822,-0.012320000000000005,0.27243999999999996,1.2690800000000007,38.0,25.83,0,18.0,1641.0,72.0,-1.7392,0.03,-1.0984,-0.11,4.8244,-7.942799999999998,41.92119999999999,0,1,1,100.0
25,57.0,1,20.0,1.0,6,2,3.7609999999999997,-0.010039999999999986,0.29709000000000013,1.0051899999999985,38.0,25.8447,0,18.0,1641.0,72.0,-1.6811999999999996,0.03,-1.1098000000000001,-0.11,4.496399999999998,-8.632700000000003,46.219700000000024,0,1,1,100.0
25,58.0,1,20.0,1.0,6,2,3.707,-0.007759999999999991,0.30509999999999954,0.7293999999999986,38.0,25.86,0,18.0,1641.0,72.0,-1.6043999999999996,0.03,-1.1206,-0.11,4.103999999999997,-9.347600000000003,50.49860000000002,0,1,1,100.0
25,59.0,1,20.0,1.0,6,2,3.6785,-0.005479999999999995,0.18254999999999974,0.3816999999999993,38.0,25.86,0,18.0,1641.0,72.0,-1.4561999999999997,0.03,-1.1263,-0.11,3.4769999999999985,-10.179800000000002,54.66530000000001,0,1,1,100.0
25,60.0,1,20.0,1.0,6,2,3.664,-0.0034000000000000002,0.11779999999999999,0.0774,38.0,25.86,0,18.0,1641.0,72.0,-1.284,0.028,-1.134,-0.11,2.776,-11.092,58.708,0,1,1,100.0
25,61.0,1,20.0,1.0,6,2,3.6754000000000002,-0.0016900000000000033,0.1599799999999999,-0.14660999999999957,38.0,25.86,0,18.0,1641.0,72.0,-1.0674000000000003,0.02230000000000001,-1.1454,-0.11,1.9381000000000017,-12.152199999999999,62.5213,0,1,1,100.0
25,62.0,1,20.0,1.0,6,2,3.7140000000000004,-0.0006599999999999966,0.1392599999999996,-0.2482200000000001,38.0,25.86,0,18.0,1641.0,72.0,-0.8269999999999984,0.016599999999999965,-1.1534,-0.11,1.0355999999999943,-13.399400000000009,65.89260000000002,0,1,1,100.0
25,63.0,1,20.0,1.0,6,2,3.771,-8.99999999999977e-05,0.07598999999999975,-0.2670300000000001,38.0,25.86,0,18.0,1641.0,72.0,-0.570499999999999,0.010899999999999977,-1.1591,-0.11,0.08939999999999623,-14.773100000000007,68.96490000000001,0,1,1,100.0
25,64.0,1,20.0,1.0,6,2,3.8232,0.0,0.07296000000000002,-0.20567999999999986,38.0,25.86,0,18.0,1641.0,72.0,-0.4243999999999998,0.007599999999999995,-1.16,-0.11,-0.4560000000000009,-15.7268,70.2732,0,1,1,100.0
25,65.0,1,20.0,1.0,6,2,3.8745,0.0,0.081225,-0.12930000000000003,38.0,25.86,0,18.0,1641.0,72.0,-0.299,0.00475,-1.16,-0.11,-0.9262499999999999,-16.60175,71.25075,0,1,1,100.0
25,66.0,1,20.0,1.0,6,2,3.9257999999999997,0.0,0.08948999999999999,-0.05292000000000016,38.0,25.86,0,18.0,1641.0,72.0,-0.17360000000000025,0.0019000000000000056,-1.16,-0.11,-1.396499999999999,-17.476699999999997,72.22829999999999,0,1,1,100.0
25,67.0,1,20.0,1.0,6,2,4.013200000000001,-0.00019000000000000343,0.0782799999999997,-0.009410000000000134,38.0,25.86,0,18.0,1641.0,72.0,-0.025399999999998847,-0.001900000000000034,-1.16,-0.11,-1.987400000000005,-18.75920000000001,73.0681,0,1,1,100.0
25,68.0,1,20.0,1.0,6,2,4.1728000000000005,-0.0007600000000000023,0.028119999999999812,-0.031640000000000085,38.0,25.86,0,18.0,1641.0,72.0,0.16840000000000074,-0.0076000000000000225,-1.16,-0.11,-2.8196000000000034,-20.856800000000007,73.6324,0,1,1,100.0
25,69.0,1,20.0,0.1650000000000006,6,2,4.6758999999999995,-0.0023300000000000013,-0.05619000000000005,0.3983800000000001,38.0,25.86,0,17.165,1641.0,72.0,0.38184999999999997,-0.01,-1.1466999999999998,-0.11,-4.450350000000001,-26.406800000000004,71.37925,0,1,1,100.0
25,70.0,1,20.0,0.45,6,2,4.8069999999999995,-0.0029000000000000002,-0.08070000000000001,0.4474,38.0,25.86,0,17.45,1641.0,72.0,0.3505,-0.01,-1.141,-0.11,-4.6755,-27.524,70.0825,0,1,1,100.0
25,71.0,1,20.0,0.7349999999999994,6,2,4.9380999999999995,-0.003469999999999999,-0.10520999999999996,0.4964199999999999,38.0,25.86,0,17.735,1641.0,72.0,0.31915000000000004,-0.01,-1.1353,-0.11,-4.90065,-28.641199999999998,68.78575,0,1,1,100.0
25,72.0,1,20.0,0.040000000000003415,6,2,5.624800000000001,-0.005040000000000004,-0.06727999999999977,0.6980400000000003,38.0,25.86,0,17.040000000000003,1641.0,72.04,-0.11560000000000217,0.0004000000000000341,-1.0988,-0.10959999999999996,-5.546,-33.019600000000004,60.030399999999965,0,1,1,100.0
25,73.0,1,20.0,0.6100000000000023,1,5,5.978200000000001,-0.005610000000000002,-0.028519999999999848,0.7698600000000002,38.0,25.86,0,17.610000000000003,1641.0,72.61,-0.48040000000000144,0.006100000000000023,-1.0817,-0.10389999999999998,-5.631500000000001,-34.1539,54.62109999999998,0,1,1,100.0
25,74.0,1,20.0,0.8199999999999988,1,5,6.344200000000001,-0.0061800000000000015,-0.016760000000000094,0.8335800000000001,38.0,25.854599999999998,0,18.18,1641.0,73.0,-0.8740000000000009,0.013600000000000022,-1.0646,-0.1,-5.672000000000001,-34.9642,48.941799999999986,0,1,1,100.0
25,75.0,1,20.0,0.24999999999999994,1,5,6.7375,-0.00675,-0.0635,0.87975,38.0,25.8375,0,18.75,1641.0,73.0,-1.33,0.024999999999999998,-1.0475,-0.1,-5.615,-35.0725,42.6775,0,1,1,100.0
25,76.0,1,20.0,0.0,1,5,7.1404,-0.020759999999999952,-1.241119999999996,0.44272000000000167,38.0,25.83,0,19.0,1641.0,73.0,-1.798799999999999,0.033199999999999986,-1.0272000000000001,-0.09680000000000001,-5.452400000000001,-34.5088,36.16360000000001,0,1,1,100.0
25,77.0,1,20.0,0.0,1,5,7.550800000000002,-0.04527000000000014,-3.3022400000000127,-0.37181000000000486,38.0,25.83,0,19.0,1641.0,73.0,-2.2776000000000027,0.03890000000000003,-1.0044,-0.09109999999999996,-5.207299999999998,-33.42009999999999,29.45469999999996,0,1,1,100.0
25,78.0,1,20.0,0.0,1,5,7.804800000000001,-0.06127000000000006,-3.5272699999999992,-0.6913800000000009,38.0,25.8139,0,19.0,1641.0,73.0,-2.537900000000001,0.04230000000000001,-0.9931,-0.09,-4.959899999999999,-32.287699999999994,25.383899999999986,0,1,1,100.0
25,79.0,1,20.0,0.0,1,5,8.0214,-0.07523500000000002,-3.3132349999999997,-0.8925900000000004,38.0,25.79395,0,19.0,1641.0,73.0,-2.7459500000000006,0.04515000000000001,-0.9845499999999999,-0.09,-4.71195,-31.144849999999998,21.943949999999994,0,1,1,100.0
25,80.0,1,20.0,0.0,1,5,8.238,-0.0892,-3.0991999999999997,-1.0938,38.0,25.774,0,19.0,1641.0,73.0,-2.954,0.048,-0.976,-0.09,-4.464,-30.002,18.503999999999998,0,1,1,100.0
25,81.0,1,20.0,0.0,1,5,8.5175,-0.10562999999999996,-2.8488700000000007,-1.386299999999999,38.0,25.7481,0,19.0,1641.0,73.0,-3.1798999999999995,0.05169999999999999,-0.9649,-0.0883,-4.053700000000002,-28.220800000000008,14.034700000000013,0,1,1,100.0
25,82.0,1,20.0,0.0,1,5,8.945000000000004,-0.12786000000000014,-2.5131399999999977,-1.893600000000003,38.0,25.7082,0,19.0,1641.0,73.0,-3.4478000000000013,0.057400000000000034,-0.9477999999999999,-0.08259999999999997,-3.261399999999995,-24.937599999999982,7.143399999999958,0,1,1,100.0
25,83.0,1,20.0,0.0,1,5,10.083900000000002,-0.17682000000000006,-1.559629999999999,-3.0647800000000016,38.0,25.6159,0,19.0,1641.0,73.0,-3.506699999999999,0.05689999999999998,-0.9037999999999999,-0.08,-0.38799999999999496,-14.277699999999983,-11.390900000000027,0,1,1,100.0
25,84.0,1,20.0,0.0,1,6,10.477200000000002,-0.18936000000000003,-1.2592399999999995,-3.4854400000000005,38.0,25.5532,0,19.0,1641.0,73.0,-3.2615999999999996,0.05119999999999999,-0.8924,-0.08,0.8660000000000027,-10.099599999999992,-17.883200000000013,0,1,1,100.0
25,85.0,1,20.0,0.0,1,6,10.839,-0.19965,-1.1312,-3.8503,38.0,25.508499999999998,0,19.0,1641.0,73.0,-2.769,0.041,-0.8855,-0.0845,2.2055,-6.0115,-24.092,0,1,1,100.0
25,86.0,1,20.0,0.0,1,6,11.190399999999999,-0.20922,-1.0425200000000006,-4.203039999999999,38.0,25.468,0,19.0,1641.0,73.0,-2.1994000000000016,0.029600000000000022,-0.88,-0.09019999999999999,3.5669999999999975,-1.9596000000000073,-30.20719999999999,0,1,1,100.0
25,87.0,1,20.0,0.0,1,6,11.4868,-0.21549000000000004,-0.7723399999999984,-4.631680000000003,38.0,25.411,0,19.0,1641.0,73.0,-1.3272999999999948,0.01819999999999993,-0.88,-0.09590000000000004,4.906500000000008,1.756800000000022,-35.82740000000003,0,1,1,100.0
25,88.0,1,20.0,0.0,1,6,11.7688,-0.22112,-0.5405599999999995,-5.0059200000000015,38.0,25.358800000000002,0,19.0,1641.0,73.0,-0.3783999999999954,0.005199999999999932,-0.88,-0.1,6.198000000000005,5.340400000000012,-41.24280000000002,0,1,1,100.0
25,89.0,1,20.0,0.0,1,6,12.013900000000001,-0.22511,-0.4071799999999997,-5.240760000000001,38.0,25.3189,0,19.0,1641.0,73.0,0.7673000000000022,-0.011900000000000034,-0.88,-0.1,7.366500000000002,8.583700000000006,-46.13340000000001,0,1,1,100.0
25,90.0,1,20.0,0.0,1,6,12.22,-0.22820000000000001,-0.27349999999999997,-5.4735000000000005,38.0,25.267,0,19.0,1641.0,73.0,2.0300000000000002,-0.032,-0.883,-0.106,8.382,11.559999999999999,-50.553000000000004,0,1,1,100.0
25,91.0,1,20.0,0.0,1,6,12.391000000000002,-0.23048000000000002,-0.1395499999999989,-5.704350000000002,38.0,25.2043,0,19.0,1641.0,73.0,3.398000000000011,-0.054800000000000175,-0.8887,-0.11740000000000009,9.259800000000007,14.296000000000022,-54.54870000000003,0,1,1,100.0
25,92.0,1,20.0,0.0,1,6,12.4674,-0.23144,-0.10878,-5.827399999999999,38.0,25.183400000000002,0,19.0,1641.0,73.0,4.299599999999997,-0.06879999999999996,-0.8922,-0.12219999999999999,9.6558,15.775799999999995,-56.566599999999994,0,1,1,100.0
25,93.0,1,20.0,0.0,1,6,12.51585,-0.23201000000000002,-0.108495,-5.9186000000000005,38.0,25.17485,0,19.0,1641.0,73.0,5.063400000000003,-0.08020000000000005,-0.89505,-0.12505000000000002,9.909450000000001,16.884450000000005,-58.000150000000005,0,1,1,100.0
25,94.0,1,20.0,0.0,1,6,12.564300000000001,-0.23258,-0.10821,-6.009800000000001,38.0,25.1663,0,19.0,1641.0,73.0,5.827200000000008,-0.09160000000000014,-0.8979,-0.12790000000000004,10.163100000000004,17.993100000000013,-59.433700000000016,0,1,1,100.0
25,95.0,1,20.0,0.0,1,6,12.606,-0.233,-0.09345,-6.11675,38.0,25.1495,0,19.0,1641.0,73.0,6.8145,-0.1075,-0.9015,-0.1315,10.379999999999999,19.262999999999998,-60.917500000000004,0,1,1,100.0
25,96.0,1,20.0,0.0,1,6,12.6288,-0.233,-0.038159999999999555,-6.267800000000001,38.0,25.1096,0,19.0,1641.0,73.0,8.427600000000012,-0.13600000000000023,-0.9072000000000001,-0.13720000000000004,10.494000000000002,20.98440000000001,-62.542000000000016,0,1,1,100.0
25,97.0,1,20.0,0.0,1,6,12.508099999999999,-0.233,0.035179999999999906,-6.467874999999999,38.0,25.09,0,19.0,1641.0,73.0,12.507299999999997,-0.20724999999999996,-0.9329000000000001,-0.15144999999999997,9.840200000000001,24.21995,-63.723800000000004,0,1,1,100.0
25,98.0,1,20.0,0.0,1,6,12.4454,-0.233,0.059120000000000096,-6.48925,38.0,25.09,0,19.0,1641.0,73.0,13.288200000000003,-0.22150000000000006,-0.9386,-0.15430000000000002,9.486799999999999,24.593300000000003,-63.2792,0,1,1,100.0
25,99.0,1,20.0,0.0,3,7,12.3827,-0.233,0.08306000000000029,-6.510625,38.0,25.09,0,19.0,1641.0,73.0,14.06910000000001,-0.23575000000000018,-0.9443,-0.15715000000000004,9.133399999999995,24.966650000000005,-62.834599999999995,0,1,1,100.0
25,100.0,1,20.0,0.0,3,7,12.32,-0.233,0.107,-6.532,38.0,25.09,0,19.0,1641.0,73.0,14.85,-0.25,-0.95,-0.16,8.78,25.34,-62.39,0,1,1,100.0
26,0.0,1,20.0,0.0,0,1,6.98,-0.062,1.202,-3.3,38.0,25.76,0,19.0,1641.0,73.0,17.9,-0.35,-1.07,-0.03,-0.9,25.44,-1.45,0,1,1,100.0
26,1.0,1,20.0,0.0,0,1,6.6384,-0.054720000000000005,0.7719199999999999,-2.22088,38.0,25.76,0,19.0,1641.0,73.0,17.6368,-0.3444,-1.0756000000000001,-0.03,-1.208,23.76,0.6387999999999996,0,1,1,100.0
26,2.0,1,20.0,0.0,0,1,6.3052,-0.049,0.434,-1.373,38.0,25.76,0,21.4,1641.0,73.0,17.37,-0.33880000000000005,-1.08,-0.03,-1.4944,22.003200000000003,2.5931999999999995,0,1,1,100.0
26,3.0,1,20.0,0.0,0,1,6.002800000000001,-0.049,0.434,-1.373,38.0,25.76,0,32.599999999999994,1641.0,73.0,17.09,-0.3332,-1.08,-0.03,-1.7016,19.9648,4.054799999999999,0,1,1,100.0
26,4.0,1,20.0,0.0,0,1,5.7148,-0.049,0.434,-1.373,38.0,25.76,0,43.8,1641.0,73.0,16.7956,-0.3276,-1.08,-0.03,-1.8728,17.876,5.3484,0,1,1,100.0
26,5.0,1,20.0,0.0,0,1,5.446,-0.049,0.434,-1.373,38.0,25.76,0,55.0,1641.0,73.0,16.482,-0.322,-1.08,-0.03,-1.996,15.719999999999999,6.417999999999999,0,1,1,100.0
26,6.0,1,20.0,0.0,0,1,5.206,-0.051519999999999996,-0.17727999999999905,-0.8787200000000007,38.0,25.8356,0,40.64000000000003,1641.0,73.0,16.157600000000002,-0.3164,-1.08,-0.03,-2.0796,13.607200000000002,7.365199999999999,0,1,1,100.0
26,7.0,1,20.0,0.0,0,1,4.982,-0.055439999999999996,-1.1281599999999994,-0.10984000000000053,38.0,25.9532,0,12.080000000000025,1641.0,73.0,15.8272,-0.3108,-1.08,-0.03,-2.1412,11.518400000000002,8.244399999999999,0,1,1,100.0
26,8.0,1,20.0,0.0,0,1,4.8756,-0.055760000000000004,-0.9584800000000002,0.0,38.0,25.9532,0,8.0,1641.0,73.0,15.636,-0.30519999999999997,-1.08,-0.03,-2.1668,10.4016,8.684399999999998,0,1,1,100.0
26,9.0,1,20.0,0.0,0,1,4.7888,-0.05548,-0.6020400000000001,0.0,38.0,25.9336,0,8.0,1641.0,73.0,15.468,-0.2996,-1.08,-0.03,-2.1864,9.4468,9.0512,0,1,1,100.0
26,10.0,1,20.0,0.0,0,1,4.702,-0.0552,-0.24560000000000004,0.0,38.0,25.913999999999998,0,8.0,1641.0,73.0,15.299999999999999,-0.294,-1.08,-0.03,-2.206,8.492,9.418,0,1,1,100.0
26,11.0,1,20.0,0.0,0,1,4.6,-0.055,0.0002000000000000311,0.0,38.0,25.9,0,8.0,1641.0,73.0,15.0824,-0.2884,-1.08,-0.031599999999999996,-2.2248,7.334800000000001,9.835199999999999,0,1,1,100.0
26,12.0,1,20.0,0.0,0,1,4.46,-0.055,-0.030599999999999936,0.0,38.0,25.9,0,8.0,1641.0,73.0,14.7408,-0.28280000000000005,-1.08,-0.03719999999999999,-2.2416,5.671600000000003,10.3784,0,1,1,100.0
26,13.0,1,20.0,0.0,0,1,4.3452,-0.055,-0.024160000000000022,0.0,38.0,25.9,0,8.0,1641.0,73.0,14.402000000000001,-0.2772,-1.0772000000000002,-0.04,-2.2528,4.1568000000000005,10.8068,0,1,1,100.0
26,14.0,1,20.0,0.0,0,1,4.2556,-0.055,0.01951999999999993,0.0,38.0,25.9,0,8.0,1641.0,73.0,14.066,-0.2716,-1.0716,-0.04,-2.2584,2.7904000000000018,11.1204,0,1,1,100.0
26,15.0,1,20.0,0.0,0,1,4.128,-0.047799999999999995,0.5018,0.0,38.0,25.9,0,8.0,1641.0,73.0,13.174,-0.246,-1.06,-0.044000000000000004,-2.206,-0.05999999999999994,10.996,0,1,1,100.0
26,16.0,1,20.0,0.0,0,1,4.1112,-0.043320000000000004,0.7297199999999998,0.0,38.0,25.9,0,8.0,1641.0,73.0,12.8716,-0.2404,-1.06,-0.0496,-2.1724,-0.8439999999999991,10.6544,0,1,1,100.0
26,17.0,1,20.0,0.0,0,1,4.1178,-0.0391,0.7907199999999999,0.0,38.0,25.9,0,8.0,1641.0,73.0,12.7174,-0.2374,-1.0574000000000001,-0.05,-2.1466,-1.1469999999999996,10.260800000000001,0,1,1,100.0
26,18.0,1,20.0,0.0,0,1,4.1262,-0.0349,0.83888,0.0,38.0,25.9,0,8.0,1641.0,73.0,12.5746,-0.2346,-1.0546,-0.05,-2.1214,-1.4129999999999998,9.8632,0,1,1,100.0
26,19.0,1,20.0,0.0,0,1,4.1346,-0.030700000000000005,0.8870399999999999,0.0,38.0,25.9,0,8.0,1641.0,73.0,12.4318,-0.2318,-1.0518,-0.05,-2.0962,-1.6789999999999996,9.465600000000002,0,1,1,100.0
26,20.0,1,20.0,0.0,0,1,4.1579999999999995,-0.025,0.9964000000000001,0.0,38.0,25.9,0,8.0,1641.0,73.0,12.241999999999999,-0.228,-1.048,-0.05,-2.068,-1.9700000000000002,8.752,0,1,1,100.0
26,21.0,1,20.0,0.0,0,1,4.2084,-0.01660000000000001,1.21592,0.0,38.0,25.9,0,8.0,1641.0,73.0,11.9676,-0.22240000000000001,-1.0424,-0.05,-2.0344,-2.306,7.469600000000002,0,1,1,100.0
26,22.0,1,20.0,0.0,0,1,4.3856,0.008839999999999987,1.1818399999999998,0.0,38.0,25.9,0,8.0,1641.0,73.0,11.2668,-0.2084,-1.03,-0.06,-2.0592,-2.7596,3.0988000000000024,0,1,1,100.0
26,23.0,1,20.0,0.0,0,1,4.4304,0.01555999999999998,1.3425599999999995,0.0,38.0,25.9,0,8.0,1641.0,73.0,11.1212,-0.2056,-1.03,-0.06,-2.0928,-2.7763999999999998,1.9592000000000034,0,1,1,100.0
26,24.0,1,20.0,0.0,0,1,4.475199999999999,0.022279999999999973,1.5032799999999993,0.0,38.0,25.9,0,8.0,1641.0,73.0,10.9756,-0.2028,-1.03,-0.06,-2.1264,-2.7932,0.8196000000000044,0,1,1,100.0
26,25.0,1,20.0,1.0,0,1,4.71,0.057,2.246,0.0,38.0,25.9,0,9.0,1641.0,73.0,10.26,-0.18,-1.02,-0.06,-2.39,-2.74,-5.26,0,1,1,100.0
26,26.0,1,20.0,1.0,0,1,4.822,0.07603999999999998,2.1424,0.0,38.0,25.9,0,9.0,1641.0,73.0,9.896,-0.1744,-1.02,-0.06,-2.5748,-2.6672000000000002,-8.479999999999997,0,1,1,100.0
26,27.0,1,20.0,1.0,0,1,4.934,0.09387999999999998,1.9178400000000013,0.0,38.0,25.9,0,9.0,1641.0,73.0,9.5128,-0.16880000000000003,-1.0188,-0.06,-2.7716,-2.5872,-11.765999999999993,0,1,1,100.0
26,28.0,1,20.0,1.0,0,1,5.046,0.10731999999999996,1.249760000000002,0.0,38.0,25.9,0,9.0,1641.0,73.0,9.059200000000002,-0.1632,-1.0132,-0.06,-3.012399999999999,-2.4808000000000003,-15.293999999999988,0,1,1,100.0
26,29.0,1,20.0,1.0,0,1,5.1556,0.1162,0.5756800000000027,0.0,38.0,25.9,0,9.0,1641.0,73.0,8.552800000000003,-0.15520000000000006,-1.01,-0.062399999999999976,-3.262799999999999,-2.3576000000000006,-18.776399999999985,0,1,1,100.0
26,30.0,1,20.0,1.0,0,1,5.262,0.119,-0.10639999999999994,0.0,38.0,25.9,0,9.0,1641.0,73.0,7.976,-0.14400000000000002,-1.01,-0.068,-3.5260000000000002,-2.212,-22.198,0,1,1,100.0
26,31.0,1,20.0,1.0,0,1,5.361199999999999,0.11604,-0.6635599999999995,0.0,38.0,25.9,0,9.0,1641.0,73.0,7.32,-0.13280000000000003,-1.01,-0.07,-3.7748,-2.0520000000000005,-25.234399999999997,0,1,1,100.0
26,32.0,1,20.0,1.0,6,2,5.4563999999999995,0.10988,-1.151319999999999,0.0,38.0,25.9,0,9.0,1641.0,73.0,6.620000000000001,-0.12160000000000001,-1.01,-0.07,-4.015599999999999,-1.8840000000000003,-28.056799999999996,0,1,1,100.0
26,33.0,1,20.0,0.5200000000000017,6,2,5.532399999999999,0.10468000000000002,-1.3021199999999997,0.07439999999999973,38.0,25.8808,0,12.839999999999987,1641.0,73.0,5.8480000000000025,-0.10560000000000004,-1.01,-0.07,-4.1892,-1.7208000000000006,-30.019999999999996,0,1,1,100.0
26,34.0,1,20.0,0.0,6,2,5.603999999999999,0.09864000000000009,-1.423679999999998,0.08184000000000416,38.0,25.855999999999998,0,17.0,1641.0,73.0,5.062800000000004,-0.08920000000000004,-1.01,-0.07039999999999999,-4.3431999999999995,-1.551200000000001,-31.749599999999997,0,1,1,100.0
26,35.0,1,20.0,0.0,6,2,5.66,0.0796,-1.8952,-0.9424,38.0,25.8,0,17.0,1641.0,73.0,4.2620000000000005,-0.078,-1.01,-0.076,-4.388,-1.288,-32.304,0,1,1,100.0
26,36.0,1,20.0,0.0,6,2,5.7032,0.06400000000000002,-2.1536000000000004,-1.7035999999999998,38.0,25.76,0,17.0,1641.0,73.0,3.5804000000000005,-0.06760000000000002,-1.0108,-0.08,-4.408,-1.0456000000000003,-32.598400000000005,0,1,1,100.0
26,37.0,1,20.0,0.0,6,2,5.7144,0.057000000000000016,-1.8792000000000006,-1.8071999999999997,38.0,25.76,0,17.0,1641.0,73.0,3.1968000000000005,-0.05920000000000002,-1.0136,-0.08,-4.366,-0.8552000000000004,-32.2428,0,1,1,100.0
26,38.0,1,20.0,0.0,6,2,5.7256,0.050000000000000024,-1.604800000000001,-1.9107999999999996,38.0,25.76,0,17.0,1641.0,73.0,2.813200000000001,-0.050800000000000026,-1.0164,-0.08,-4.324,-0.6648000000000005,-31.887200000000004,0,1,1,100.0
26,39.0,1,20.0,0.0,6,2,5.736800000000001,0.04300000000000003,-1.3304000000000011,-2.0143999999999997,38.0,25.76,0,17.0,1641.0,73.0,2.4296000000000015,-0.042400000000000035,-1.0192,-0.08,-4.282,-0.4744000000000007,-31.5316,0,1,1,100.0
26,40.0,1,20.0,0.0,6,2,5.732,0.0358,-1.014,-2.0484,38.0,25.76,0,17.0,1641.0,73.0,1.8319999999999999,-0.032,-1.02,-0.084,-4.122,-0.10799999999999998,-30.178,0,1,1,100.0
26,41.0,1,20.0,0.0,6,2,5.7208,0.028520000000000007,-0.6808000000000004,-2.05456,38.0,25.76,0,17.0,1641.0,73.0,1.148800000000001,-0.020800000000000013,-1.02,-0.08959999999999999,-3.9148,0.3287999999999996,-28.425200000000004,0,1,1,100.0
26,42.0,1,20.0,0.5199999999999989,6,2,5.6836,0.02280000000000001,-0.6580400000000001,-1.7097200000000008,38.0,25.7964,0,17.52,1641.0,73.0,0.5436000000000012,-0.009600000000000023,-1.02,-0.09,-3.6036000000000006,0.7343999999999992,-25.928800000000006,0,1,1,100.0
26,43.0,1,20.0,1.0,6,2,5.5056,0.006360000000000014,-0.7533200000000004,-0.226840000000002,38.0,25.86,0,18.0,1641.0,73.0,-0.9423999999999987,0.02079999999999998,-1.03,-0.1,-2.4816000000000016,1.6051999999999997,-17.61640000000001,0,1,1,100.0
26,44.0,1,20.0,1.0,6,2,5.4048,0.0018800000000000182,-0.6295600000000006,0.43227999999999733,38.0,25.86,0,18.0,1641.0,73.0,-1.3791999999999982,0.026399999999999976,-1.03,-0.1,-1.9328000000000023,1.7115999999999996,-14.021200000000015,0,1,1,100.0
26,45.0,1,20.0,1.0,6,2,5.2940000000000005,-0.002799999999999975,-0.5541999999999999,1.066199999999997,38.0,25.854,0,18.0,1641.0,73.0,-1.789999999999998,0.03199999999999997,-1.032,-0.10199999999999998,-1.3420000000000034,1.7420000000000007,-10.31200000000002,0,1,1,100.0
26,46.0,1,20.0,1.0,6,2,5.165200000000001,-0.00783999999999997,-0.5659599999999999,1.6547599999999965,38.0,25.8372,0,18.0,1641.0,73.0,-2.1539999999999977,0.03759999999999997,-1.0376,-0.10759999999999997,-0.6756000000000042,1.6356000000000006,-6.397600000000025,0,1,1,100.0
26,47.0,1,20.0,1.0,6,2,5.0236,-0.013519999999999989,-0.6381999999999998,2.3169199999999988,38.0,25.7948,0,18.0,1641.0,73.0,-2.4795999999999996,0.04319999999999999,-1.04,-0.11,0.029199999999998515,1.4076000000000006,-2.342400000000008,0,1,1,100.0
26,48.0,1,20.0,1.0,6,2,4.872400000000001,-0.01967999999999995,-0.755799999999999,3.0342799999999945,38.0,25.7332,0,18.0,1641.0,73.0,-2.7763999999999975,0.048799999999999955,-1.04,-0.11,0.762799999999994,1.0884000000000027,1.8183999999999665,0,1,1,100.0
26,49.0,1,20.0,1.0,6,2,4.7168,-0.023639999999999987,-0.4628800000000017,3.16996,38.0,25.7068,0,18.0,1641.0,73.0,-3.024799999999999,0.054399999999999976,-1.0444,-0.11,1.496399999999997,0.6196000000000021,6.106799999999983,0,1,1,100.0
26,50.0,1,20.0,1.0,6,2,4.56,-0.027,-0.058,3.147,38.0,25.69,0,18.0,1641.0,73.0,-3.26,0.06,-1.05,-0.11,2.23,0.11,10.43,0,1,1,100.0
26,51.0,1,20.0,1.0,6,2,4.476,-0.025880000000000007,0.045319999999999375,2.958000000000001,38.0,25.709600000000002,0,18.0,1641.0,73.0,-3.3523999999999994,0.06279999999999998,-1.0556,-0.11,2.5603999999999982,-0.21479999999999808,12.639199999999986,0,1,1,100.0
26,52.0,1,20.0,1.0,6,2,4.3919999999999995,-0.02476,0.1486399999999998,2.769,38.0,25.729200000000002,0,18.0,1641.0,73.0,-3.4448,0.06559999999999999,-1.0612000000000001,-0.11,2.8907999999999996,-0.5395999999999994,14.848399999999996,0,1,1,100.0
26,53.0,1,20.0,1.0,6,2,4.308000000000001,-0.023640000000000008,0.2519599999999992,2.5800000000000014,38.0,25.748800000000003,0,18.0,1641.0,73.0,-3.537199999999999,0.06839999999999999,-1.0668,-0.11,3.2211999999999974,-0.8643999999999975,17.057599999999983,0,1,1,100.0
26,54.0,1,20.0,1.0,6,2,4.1904,-0.02180000000000001,0.3205999999999999,2.3294400000000013,38.0,25.767200000000003,0,18.0,1641.0,73.0,-3.6379999999999995,0.07,-1.0724,-0.11,3.637999999999998,-1.357199999999997,20.23519999999998,0,1,1,100.0
26,55.0,1,20.0,1.0,6,2,4.0280000000000005,-0.019,0.34299999999999997,1.9968,38.0,25.784,0,18.0,1641.0,73.0,-3.75,0.07,-1.078,-0.11,4.17,-2.074,24.704,0,1,1,100.0
26,56.0,1,20.0,1.0,6,2,3.613600000000001,-0.010200000000000018,0.4300400000000003,0.9865200000000016,38.0,25.840799999999998,0,18.0,1641.0,73.0,-3.7860000000000005,0.07,-1.1036000000000001,-0.11,5.041999999999999,-4.190399999999995,37.05439999999997,0,1,1,100.0
26,57.0,1,20.0,1.0,6,2,3.4792,-0.0074000000000000055,0.3818800000000001,0.7244400000000006,38.0,25.857599999999998,0,18.0,1641.0,73.0,-3.702,0.07,-1.1092000000000002,-0.11,5.154,-4.968799999999998,41.41679999999999,0,1,1,100.0
26,58.0,1,20.0,1.0,6,2,3.4168000000000003,-0.006280000000000007,0.3202800000000005,0.5670000000000012,38.0,25.86,0,18.0,1641.0,73.0,-3.6060000000000008,0.07,-1.1148,-0.10760000000000003,5.1196,-5.425599999999997,43.83759999999998,0,1,1,100.0
26,59.0,1,20.0,1.0,6,2,3.3664,-0.005440000000000003,0.2564400000000003,0.4270000000000006,38.0,25.86,0,18.0,1641.0,73.0,-3.5080000000000005,0.07,-1.1204,-0.10480000000000002,5.0608,-5.828799999999998,45.93479999999999,0,1,1,100.0
26,60.0,1,20.0,1.0,6,2,3.316,-0.0046,0.1926,0.28700000000000003,38.0,25.86,0,18.0,1641.0,73.0,-3.4099999999999997,0.07,-1.126,-0.10200000000000001,5.002,-6.231999999999999,48.032000000000004,0,1,1,100.0
26,61.0,1,20.0,1.0,6,2,3.1404,-0.0006800000000000069,0.10444000000000005,-0.2907599999999992,38.0,25.86,0,18.0,1641.0,73.0,-2.7176000000000022,0.056800000000000066,-1.14,-0.1,4.260400000000002,-8.371199999999995,57.53399999999998,0,1,1,100.0
26,62.0,1,20.0,1.0,6,2,3.1068,0.0004399999999999978,0.09548000000000001,-0.42291999999999974,38.0,25.86,0,18.0,1641.0,73.0,-2.359200000000001,0.04560000000000002,-1.14,-0.1,3.806800000000001,-9.390399999999998,60.977999999999994,0,1,1,100.0
26,63.0,1,20.0,1.0,6,2,3.0984,0.001,0.04928000000000068,-0.3968800000000015,38.0,25.86,0,18.0,1641.0,73.0,-1.9952000000000032,0.037200000000000046,-1.14,-0.1,3.3280000000000043,-10.52999999999999,64.01879999999998,0,1,1,100.0
26,64.0,1,20.0,1.0,6,2,3.1152,0.001,-0.03415999999999966,-0.21264000000000075,38.0,25.86,0,18.0,1641.0,73.0,-1.6256000000000015,0.031600000000000024,-1.14,-0.1,2.824000000000002,-11.789999999999996,66.65639999999999,0,1,1,100.0
26,65.0,1,20.0,1.0,6,2,3.144,0.001,-0.051000000000000004,-0.1524,38.0,25.86,0,18.0,1641.0,73.0,-1.404,0.028,-1.14,-0.1,2.5140000000000002,-12.714,67.946,0,1,1,100.0
26,66.0,1,20.0,1.0,6,2,3.1776,0.001,-0.04120000000000006,-0.14176000000000005,38.0,25.86,0,18.0,1641.0,73.0,-1.241600000000001,0.025200000000000018,-1.14,-0.1,2.2816000000000014,-13.503599999999995,68.6964,0,1,1,100.0
26,67.0,1,20.0,1.0,6,2,3.2112000000000003,0.001,-0.03140000000000002,-0.13112000000000001,38.0,25.86,0,18.0,1641.0,73.0,-1.0792000000000004,0.022400000000000007,-1.14,-0.1,2.049200000000001,-14.293199999999999,69.4468,0,1,1,100.0
26,68.0,1,20.0,0.9200000000000046,6,2,3.474799999999999,-7.999999999999545e-05,-0.00859999999999968,0.01711999999999891,38.0,25.86,0,17.920000000000005,1641.0,73.0,-0.5504000000000006,0.01,-1.1284,-0.1,1.2012000000000016,-18.646799999999985,70.18280000000001,0,1,1,100.0
26,69.0,1,20.0,0.36000000000000226,6,2,3.648399999999999,-0.0006399999999999978,-0.047799999999999836,0.15095999999999943,38.0,25.86,0,17.360000000000003,1641.0,73.0,-0.4832000000000003,0.01,-1.1172,-0.1,0.9996000000000008,-20.724399999999992,68.87240000000001,0,1,1,100.0
26,70.0,1,20.0,0.2,6,2,3.84,-0.0012000000000000001,-0.0722,0.2526,38.0,25.86,0,17.2,1641.0,73.0,-0.476,0.01,-1.104,-0.1,0.85,-22.773999999999997,67.04,0,1,1,100.0
26,71.0,1,20.0,0.7599999999999967,6,2,4.063999999999998,-0.0017599999999999966,-0.06996000000000002,0.2962799999999997,38.0,25.86,0,17.759999999999998,1641.0,73.0,-0.5767999999999994,0.01,-1.0872000000000002,-0.1,0.7940000000000004,-24.77319999999999,64.26800000000001,0,1,1,100.0
26,72.0,1,20.0,1.0,6,2,4.3168,-0.0023199999999999987,-0.0411600000000001,0.3645999999999998,38.0,25.86,0,18.0,1641.0,73.0,-0.7671999999999994,0.01319999999999999,-1.0736,-0.1,0.8051999999999999,-26.545199999999994,60.73440000000001,0,1,1,100.0
26,73.0,1,20.0,1.0,6,2,4.591199999999998,-0.0028799999999999954,0.007559999999999609,0.45139999999999925,38.0,25.86,0,18.0,1641.0,73.0,-1.024799999999998,0.018799999999999956,-1.0624000000000002,-0.1,0.8667999999999995,-28.146799999999985,56.62960000000003,0,1,1,100.0
26,74.0,1,20.0,1.0,6,2,4.9007999999999985,-0.0034399999999999977,-0.00663999999999987,0.47572,38.0,25.86,0,18.0,1641.0,73.44,-1.3835999999999984,0.024399999999999977,-1.0468000000000002,-0.1,0.9723999999999996,-29.171999999999997,51.63600000000002,0,1,1,100.0
26,75.0,1,20.0,1.0,1,5,5.22,-0.004,-0.038,0.483,38.0,25.86,0,18.0,1641.0,74.0,-1.77,0.03,-1.03,-0.1,1.09,-30.04,46.4,0,1,1,100.0
26,76.0,1,20.0,0.4400000000000034,1,5,5.567199999999998,-0.004,0.03759999999999955,0.47628000000000004,38.0,25.8432,0,18.559999999999995,1641.0,74.0,-2.206799999999997,0.035599999999999965,-1.0132,-0.1,1.2243999999999993,-29.765600000000003,40.34080000000004,0,1,1,100.0
26,77.0,1,20.0,0.0,1,5,5.921599999999999,-0.008799999999999954,-0.31195999999999613,0.28368000000000176,38.0,25.8252,0,19.0,1641.0,74.0,-2.632799999999999,0.04239999999999998,-0.9976,-0.09880000000000001,1.3635999999999997,-29.211600000000004,34.20480000000001,0,1,1,100.0
26,78.0,1,20.0,0.0,1,5,6.302399999999997,-0.03119999999999981,-2.2204399999999844,-0.5904799999999929,38.0,25.802799999999998,0,19.0,1641.0,74.0,-3.019199999999997,0.053599999999999905,-0.9864,-0.09320000000000005,1.5203999999999989,-27.632400000000015,27.787200000000052,0,1,1,100.0
26,79.0,1,20.0,0.0,1,5,6.603999999999999,-0.04987999999999994,-3.2642,-1.1499999999999995,38.0,25.7816,0,19.0,1641.0,74.0,-3.2939999999999996,0.06,-0.9764,-0.09,1.6567999999999996,-26.125200000000007,22.746000000000013,0,1,1,100.0
26,80.0,1,20.0,0.0,1,5,6.8,-0.06359999999999999,-3.155,-1.29,38.0,25.762,0,19.0,1641.0,74.0,-3.42,0.06,-0.968,-0.09,1.766,-24.714000000000002,19.54,0,1,1,100.0
26,81.0,1,20.0,0.0,1,5,6.995999999999999,-0.07731999999999992,-3.0458000000000007,-1.4299999999999993,38.0,25.7424,0,19.0,1641.0,74.0,-3.5459999999999994,0.06,-0.9596,-0.09,1.8751999999999993,-23.30280000000001,16.33400000000002,0,1,1,100.0
26,82.0,1,20.0,0.0,1,5,7.191999999999999,-0.09103999999999997,-2.9366,-1.5699999999999998,38.0,25.7228,0,19.0,1641.0,74.0,-3.6719999999999997,0.06,-0.9511999999999999,-0.09,1.9843999999999997,-21.891600000000004,13.128000000000007,0,1,1,100.0
26,83.0,1,20.0,0.0,1,5,7.551199999999997,-0.11123999999999983,-2.6637200000000023,-1.9903199999999963,38.0,25.6864,0,19.0,1641.0,74.0,-3.7091999999999996,0.06,-0.9404000000000001,-0.09,2.2639999999999976,-18.47880000000003,7.3564000000000505,0,1,1,100.0
26,84.0,1,20.0,0.0,1,5,8.615199999999998,-0.16395999999999994,-1.934200000000001,-2.8795999999999986,38.0,25.6168,0,19.0,1641.0,74.0,-3.251600000000002,0.049600000000000026,-0.9196000000000001,-0.1,3.3023999999999982,-7.1724000000000165,-9.270399999999979,0,1,1,100.0
26,85.0,1,20.0,0.0,1,6,8.967999999999996,-0.17739999999999986,-1.6710000000000027,-3.209999999999997,38.0,25.572,0,19.0,1641.0,74.0,-2.7140000000000053,0.04400000000000006,-0.9140000000000001,-0.1,3.7559999999999953,-3.006000000000042,-14.735999999999946,0,1,1,100.0
26,86.0,1,20.0,0.0,1,6,9.309599999999998,-0.18987999999999994,-1.4286000000000012,-3.5335199999999984,38.0,25.5352,0,19.0,1641.0,74.0,-2.098000000000005,0.035200000000000106,-0.9084000000000001,-0.10159999999999997,4.211199999999997,1.0227999999999775,-20.06879999999997,0,1,1,100.0
26,87.0,1,20.0,0.0,1,6,9.623199999999999,-0.19995999999999997,-1.2382000000000004,-3.8398399999999993,38.0,25.5184,0,19.0,1641.0,74.0,-1.2860000000000016,0.018400000000000034,-0.9028,-0.10719999999999999,4.670399999999999,4.707599999999993,-25.06959999999999,0,1,1,100.0
26,88.0,1,20.0,0.0,1,6,9.917199999999998,-0.20891999999999994,-1.0396800000000017,-4.1335599999999975,38.0,25.4904,0,19.0,1641.0,74.0,-0.35920000000000846,0.0016000000000001365,-0.9,-0.11279999999999996,5.084799999999997,8.014399999999975,-29.804399999999962,0,1,1,100.0
26,89.0,1,20.0,0.0,1,6,10.191599999999998,-0.21675999999999998,-0.8330400000000009,-4.414679999999999,38.0,25.4512,0,19.0,1641.0,74.0,0.6823999999999958,-0.015199999999999932,-0.9,-0.11839999999999998,5.454399999999998,10.943199999999987,-34.27319999999998,0,1,1,100.0
26,90.0,1,20.0,0.0,1,6,10.421999999999997,-0.22299999999999995,-0.703200000000001,-4.629799999999998,38.0,25.424,0,19.0,1641.0,74.0,1.827999999999988,-0.03199999999999983,-0.9039999999999999,-0.12,5.7159999999999975,13.247999999999978,-38.305999999999955,0,1,1,100.0
26,91.0,1,20.0,0.0,1,6,10.634799999999998,-0.22859999999999997,-0.6040800000000006,-4.818519999999999,38.0,25.4016,0,19.0,1641.0,74.0,3.015199999999993,-0.0487999999999999,-0.9096,-0.12,5.934399999999999,15.303199999999986,-42.16439999999997,0,1,1,100.0
26,92.0,1,20.0,0.0,1,6,10.795599999999999,-0.23263999999999996,-0.43788000000000205,-5.017639999999997,38.0,25.348,0,19.0,1641.0,74.0,4.280399999999984,-0.07079999999999972,-0.91,-0.12519999999999992,5.976,16.578399999999984,-45.31039999999996,0,1,1,100.0
26,93.0,1,20.0,0.0,1,6,10.936399999999999,-0.23619999999999997,-0.2922399999999999,-5.20276,38.0,25.2984,0,19.0,1641.0,74.0,5.4607999999999945,-0.09119999999999993,-0.9104,-0.1304,5.984000000000001,17.6576,-48.121599999999994,0,1,1,100.0
26,94.0,1,20.0,0.0,1,6,10.9812,-0.23759999999999998,-0.30091999999999997,-5.29908,38.0,25.287200000000002,0,19.0,1641.0,74.0,6.096399999999997,-0.09959999999999997,-0.9132,-0.13319999999999999,5.872000000000001,17.9208,-49.25279999999999,0,1,1,100.0
26,95.0,1,20.0,0.0,1,6,11.026,-0.239,-0.3096,-5.3954,38.0,25.276,0,19.0,1641.0,74.0,6.732,-0.108,-0.916,-0.136,5.76,18.184,-50.384,0,1,1,100.0
26,96.0,1,20.0,0.0,1,6,11.070799999999998,-0.24039999999999997,-0.31827999999999984,-5.491719999999999,38.0,25.2648,0,19.0,1641.0,74.0,7.36759999999999,-0.11639999999999986,-0.9188,-0.13879999999999998,5.6480000000000015,18.447199999999995,-51.51519999999998,0,1,1,100.0
26,97.0,1,20.0,0.0,1,6,11.1028,-0.24195999999999998,-0.27688000000000096,-5.608199999999998,38.0,25.250400000000003,0,19.0,1641.0,74.0,8.337599999999984,-0.13279999999999972,-0.9232,-0.14,5.315200000000006,18.566399999999998,-52.76479999999999,0,1,1,100.0
26,98.0,1,20.0,0.0,1,6,11.125200000000001,-0.24363999999999997,-0.19792000000000065,-5.739799999999999,38.0,25.2336,0,19.0,1641.0,74.0,9.55839999999999,-0.1551999999999998,-0.9288,-0.14,4.816800000000004,18.577599999999997,-54.10319999999999,0,1,1,100.0
26,99.0,1,20.0,0.0,1,6,11.099200000000002,-0.24444,-0.16780000000000006,-5.81596,38.0,25.23,0,19.0,1641.0,74.0,10.726399999999996,-0.17759999999999992,-0.9344,-0.14439999999999997,4.116000000000003,18.3072,-54.7024,0,1,1,100.0
26,100.0,1,20.0,0.0,1,6,10.87,-0.247,-0.083,-6.025,38.0,25.23,0,19.0,1641.0,74.0,13.77,-0.23,-0.95,-0.15,1.64,16.89,-54.18,0,1,1,100.0
27,0.0,1,20.0,0.0,0,1,5.18,-0.012,1.412,-1.81,38.0,25.86,0,19.0,1641.0,74.0,12.23,-0.23,-1.07,0.0,-5.22,9.61,-1.11,0,1,1,100.0
27,1.0,1,20.0,0.0,0,1,4.904,-0.0017999999999999995,0.9728,-0.9160000000000001,38.0,25.86,0,19.0,1641.0,74.0,11.9,-0.224,-1.07,0.0,-5.082,8.241999999999999,-0.07200000000000017,0,1,1,100.0
27,2.0,1,20.0,0.0,0,1,4.638,0.005,0.68,-0.32,38.0,25.86,0,23.0,1641.0,74.0,11.586,-0.218,-1.072,-0.002,-4.930000000000001,6.826,0.942,0,1,1,100.0
27,3.0,1,20.0,0.0,0,1,4.3919999999999995,0.005,0.68,-0.32,38.0,25.86,0,35.0,1641.0,74.0,11.304,-0.212,-1.078,-0.008,-4.75,5.314,1.908,0,1,1,100.0
27,4.0,1,20.0,0.0,0,1,4.239999999999999,0.005,0.68,-0.32,38.0,25.86,0,43.0,1641.0,74.0,11.122,-0.21,-1.08,-0.01,-4.612,4.322,2.63,0,1,1,100.0
27,5.0,1,20.0,0.0,0,1,4.135,0.005,0.68,-0.32,38.0,25.86,0,49.0,1641.0,74.0,10.99,-0.21,-1.08,-0.01,-4.495,3.59,3.23,0,1,1,100.0
27,6.0,1,20.0,0.0,0,1,4.03,0.005,0.68,-0.32,38.0,25.86,0,55.0,1641.0,74.0,10.858,-0.21,-1.08,-0.01,-4.378,2.858,3.83,0,1,1,100.0
27,7.0,1,20.0,0.0,0,1,3.902,-0.0068,-2.4067999999999996,-0.256,38.0,25.874,0,48.8,1641.0,74.0,10.692,-0.208,-1.08,-0.012,-4.212,1.9300000000000002,4.736000000000001,0,1,1,100.0
27,8.0,1,20.0,0.0,0,1,3.7279999999999998,-0.0422,-11.6672,-0.064,38.0,25.916,0,18.200000000000003,1641.0,74.0,10.458,-0.202,-1.08,-0.018000000000000002,-3.948,0.6099999999999999,6.254,0,1,1,100.0
27,9.0,1,20.0,0.0,0,1,3.372,-0.0688,-0.588,0.0,38.0,25.875999999999998,0,8.0,1641.0,74.0,9.942,-0.19,-1.08,-0.024,-3.234,-2.26,10.832,0,1,1,100.0
27,10.0,1,20.0,0.0,0,1,3.27,-0.076,-0.591,0.0,38.0,25.9,0,8.0,1641.0,74.0,9.78,-0.19,-1.08,-0.03,-2.97,-3.13,12.62,0,1,1,100.0
27,11.0,1,20.0,0.0,0,1,3.204,-0.0784,-0.38159999999999994,0.0,38.0,25.9,0,8.0,1641.0,74.0,9.666,-0.184,-1.074,-0.036,-2.724,-3.748,14.258,0,1,1,100.0
27,12.0,1,20.0,0.0,0,1,3.148,-0.0804,-0.18719999999999998,0.0,38.0,25.9,0,8.0,1641.0,74.0,9.566,-0.18,-1.07,-0.04,-2.486,-4.2860000000000005,15.78,0,1,1,100.0
27,13.0,1,20.0,0.0,0,1,3.112,-0.0816,-0.022799999999999987,0.0,38.0,25.9,0,8.0,1641.0,74.0,9.494,-0.18,-1.07,-0.04,-2.264,-4.664,17.07,0,1,1,100.0
27,14.0,1,20.0,0.0,0,1,3.1,-0.082,0.0368,0.0,38.0,25.9,0,8.0,1641.0,74.0,9.450000000000001,-0.18,-1.066,-0.044000000000000004,-2.066,-4.89,18.04,0,1,1,100.0
27,15.0,1,20.0,0.0,0,1,3.1,-0.082,0.044,0.0,38.0,25.9,0,8.0,1641.0,74.0,9.42,-0.18,-1.06,-0.05,-1.88,-5.04,18.85,0,1,1,100.0
27,16.0,1,20.0,0.0,0,1,3.112,-0.08170000000000001,0.1121,0.0,38.0,25.9,0,8.0,1641.0,74.0,9.423,-0.177,-1.057,-0.05,-1.811,-5.019,18.967,0,1,1,100.0
27,17.0,1,20.0,0.0,0,1,3.124,-0.0814,0.18020000000000003,0.0,38.0,25.9,0,8.0,1641.0,74.0,9.426,-0.17400000000000002,-1.054,-0.05,-1.742,-4.998,19.084,0,1,1,100.0
27,18.0,1,20.0,0.0,0,1,3.136,-0.0811,0.24830000000000005,0.0,38.0,25.9,0,8.0,1641.0,74.0,9.429,-0.171,-1.0510000000000002,-0.05,-1.6729999999999998,-4.976999999999999,19.201,0,1,1,100.0
27,19.0,1,20.0,0.0,0,1,3.18,-0.0786,0.34500000000000003,0.0,38.0,25.9,0,8.0,1641.0,74.0,9.446,-0.17,-1.046,-0.05,-1.5899999999999999,-4.854,18.988,0,1,1,100.0
27,20.0,1,20.0,0.0,0,1,3.38,-0.067,0.779,0.0,38.0,25.9,0,8.0,1641.0,74.0,9.51,-0.17,-1.04,-0.06,-1.46,-4.23,16.96,0,1,1,100.0
27,21.0,1,20.0,0.0,0,1,3.488,-0.0592,0.8534,0.0,38.0,25.9,0,8.0,1641.0,74.0,9.516,-0.17,-1.034,-0.06,-1.496,-3.906,15.388,0,1,1,100.0
27,22.0,1,20.0,0.0,0,1,3.604,-0.0506,1.033,0.0,38.0,25.9,0,8.0,1641.0,74.0,9.514,-0.17,-1.028,-0.06,-1.55,-3.58,13.628,0,1,1,100.0
27,23.0,1,20.0,0.0,0,1,3.7359999999999998,-0.0404,1.423,0.0,38.0,25.9,0,8.0,1641.0,74.0,9.496,-0.17,-1.022,-0.06,-1.64,-3.25,11.491999999999999,0,1,1,100.0
27,24.0,1,20.0,0.0,0,1,3.876,-0.027399999999999997,1.6818,0.0,38.0,25.9,0,8.0,1641.0,74.0,9.450000000000001,-0.17,-1.02,-0.064,-1.754,-2.948,8.991999999999999,0,1,1,100.0
27,25.0,1,20.0,0.0,0,1,4.02,-0.013,1.875,0.0,38.0,25.9,0,8.0,1641.0,74.0,9.39,-0.17,-1.02,-0.07,-1.88,-2.66,6.31,0,1,1,100.0
27,26.0,1,20.0,0.0,0,1,4.098,-0.0030999999999999995,2.0298,0.0,38.0,25.9,0,8.0,1641.0,74.0,9.342,-0.167,-1.017,-0.07,-1.9609999999999999,-2.567,4.693,0,1,1,100.0
27,27.0,1,20.0,0.0,0,1,4.176,0.0068000000000000005,2.1846,0.0,38.0,25.9,0,8.0,1641.0,74.0,9.294,-0.164,-1.014,-0.07,-2.042,-2.474,3.076,0,1,1,100.0
27,28.0,1,20.0,0.0,0,1,4.2540000000000004,0.0167,2.3394,0.0,38.0,25.9,0,8.0,1641.0,74.0,9.246,-0.161,-1.0110000000000001,-0.07,-2.1229999999999998,-2.3810000000000002,1.4590000000000003,0,1,1,100.0
27,29.0,1,20.0,0.4,0,1,4.392,0.034,2.3642,0.0,38.0,25.9,0,8.4,1641.0,74.0,9.126000000000001,-0.16,-1.01,-0.07,-2.278,-2.266,-1.58,0,1,1,100.0
27,30.0,1,20.0,1.0,0,1,4.56,0.055,2.324,0.0,38.0,25.9,0,9.0,1641.0,74.0,8.97,-0.16,-1.01,-0.07,-2.47,-2.14,-5.33,0,1,1,100.0
27,31.0,1,20.0,1.0,0,1,4.728,0.0706,1.5133999999999999,0.0,38.0,25.9,0,9.0,1641.0,74.0,8.718,-0.154,-1.01,-0.076,-2.692,-2.05,-9.308,0,1,1,100.0
27,32.0,1,20.0,1.0,0,1,4.8919999999999995,0.0808,0.7652,0.0,38.0,25.9,0,9.0,1641.0,74.0,8.418000000000001,-0.148,-1.01,-0.08,-2.908,-1.966,-13.176,0,1,1,100.0
27,33.0,1,20.0,1.0,0,1,5.048,0.08020000000000001,0.14180000000000004,0.0,38.0,25.9,0,9.0,1641.0,74.0,8.022,-0.14200000000000002,-1.01,-0.08,-3.112,-1.8940000000000001,-16.823999999999998,0,1,1,100.0
27,34.0,1,20.0,0.6,0,1,5.438,0.0648,-1.2376,0.09,38.0,25.9,0,12.6,1641.0,74.0,6.593999999999999,-0.11599999999999999,-1.01,-0.084,-3.394,-1.832,-23.77,0,1,1,100.0
27,35.0,1,20.0,0.0,6,2,5.57,0.06,-1.423,0.225,38.0,25.9,0,18.0,1641.0,74.0,5.97,-0.11,-1.01,-0.09,-3.4,-1.85,-25.39,0,1,1,100.0
27,36.0,1,20.0,0.0,6,2,5.672000000000001,0.0468,-1.3786,-0.2652,38.0,25.875999999999998,0,18.0,1641.0,74.0,5.31,-0.098,-1.01,-0.09,-3.274,-1.88,-25.75,0,1,1,100.0
27,37.0,1,20.0,0.0,6,2,5.764,0.0346,-1.2548,-0.608,38.0,25.86,0,18.0,1641.0,74.0,4.656,-0.086,-1.012,-0.092,-3.104,-1.91,-25.73,0,1,1,100.0
27,38.0,1,20.0,0.0,6,2,5.836,0.0244,-0.9722,-0.656,38.0,25.86,0,18.0,1641.0,74.0,4.014,-0.07400000000000001,-1.018,-0.098,-2.8459999999999996,-1.94,-24.95,0,1,1,100.0
27,39.0,1,20.0,0.4,6,2,5.892,0.017400000000000002,-0.7672,-0.6576000000000001,38.0,25.86,0,18.4,1641.0,74.0,3.396,-0.062000000000000006,-1.02,-0.1,-2.508,-1.974,-23.554000000000002,0,1,1,100.0
27,40.0,1,20.0,1.0,6,2,5.94,0.012,-0.601,-0.636,38.0,25.86,0,19.0,1641.0,74.0,2.79,-0.05,-1.02,-0.1,-2.13,-2.01,-21.85,0,1,1,100.0
27,41.0,1,20.0,0.39999999999999997,6,2,5.946000000000001,0.0072,-0.4582,-0.24720000000000003,38.0,25.86,0,18.4,1641.0,74.0,2.25,-0.038,-1.02,-0.106,-1.638,-2.034,-19.414,0,1,1,100.0
27,42.0,1,20.0,0.2,6,2,5.944,0.003,-0.3674,0.18,38.0,25.86,0,18.2,1641.0,74.0,1.736,-0.028,-1.022,-0.11,-1.11,-2.068,-16.808,0,1,1,100.0
27,43.0,1,20.0,0.8,6,2,5.926,0.0,-0.3806,0.6839999999999999,38.0,25.86,0,18.8,1641.0,74.0,1.274,-0.022,-1.028,-0.11,-0.51,-2.122,-13.862,0,1,1,100.0
27,44.0,1,20.0,1.0,6,2,5.902,-0.0024000000000000002,-0.40140000000000003,0.9898,38.0,25.86,0,19.0,1641.0,74.0,0.9960000000000001,-0.018000000000000002,-1.03,-0.112,-0.07,-2.178,-11.780000000000001,0,1,1,100.0
27,45.0,1,20.0,1.0,6,2,5.875,-0.0045,-0.42600000000000005,1.1965,38.0,25.86,0,19.0,1641.0,74.0,0.81,-0.015,-1.03,-0.115,0.29,-2.2350000000000003,-10.13,0,1,1,100.0
27,46.0,1,20.0,1.0,6,2,5.848,-0.0066,-0.4506,1.4032,38.0,25.86,0,19.0,1641.0,74.0,0.624,-0.012,-1.03,-0.118,0.6499999999999999,-2.2920000000000003,-8.48,0,1,1,100.0
27,47.0,1,20.0,1.0,6,2,5.678,-0.016399999999999998,-0.5158,2.4454000000000002,38.0,25.776,0,19.0,1641.0,74.0,-0.06199999999999999,0.002,-1.032,-0.12,2.5300000000000002,-2.786,-0.28200000000000003,0,1,1,100.0
27,48.0,1,20.0,1.0,6,2,5.582,-0.0206,-0.5511999999999999,2.8666,38.0,25.733999999999998,0,19.0,1641.0,74.0,-0.27799999999999997,0.008,-1.038,-0.12,3.4,-3.104,3.372,0,1,1,100.0
27,49.0,1,20.0,1.0,6,2,5.474,-0.024,-0.37299999999999994,3.1194,38.0,25.708,0,19.0,1641.0,74.0,-0.44999999999999996,0.01,-1.04,-0.12,4.282,-3.482,7.046,0,1,1,100.0
27,50.0,1,20.0,1.0,6,2,5.36,-0.027,-0.088,3.288,38.0,25.69,0,19.0,1641.0,74.0,-0.6,0.01,-1.04,-0.12,5.17,-3.89,10.73,0,1,1,100.0
27,51.0,1,20.0,1.0,6,2,5.246,-0.0264,0.016999999999999994,3.1464,38.0,25.69,0,19.0,1641.0,74.0,-0.6839999999999999,0.01,-1.046,-0.12,6.022,-4.34,14.372,0,1,1,100.0
27,52.0,1,20.0,1.0,6,2,5.132,-0.025599999999999998,0.1186,2.9862,38.0,25.696,0,19.0,1641.0,74.0,-0.746,0.01,-1.052,-0.12,6.846,-4.792,17.982,0,1,1,100.0
27,53.0,1,20.0,1.0,6,2,5.018000000000001,-0.0244,0.2134,2.7887999999999997,38.0,25.714,0,19.0,1641.0,74.0,-0.764,0.01,-1.058,-0.12,7.614,-5.248,21.528,0,1,1,100.0
27,54.0,1,20.0,1.0,6,2,4.908,-0.0228,0.2358,2.5694,38.0,25.747999999999998,0,19.0,1641.0,74.0,-0.75,0.01,-1.064,-0.12,8.298,-5.7,25.018,0,1,1,100.0
27,55.0,1,20.0,1.0,6,2,4.8,-0.021,0.222,2.339,38.0,25.79,0,19.0,1641.0,74.0,-0.72,0.01,-1.07,-0.12,8.94,-6.15,28.48,0,1,1,100.0
27,56.0,1,20.0,1.0,6,2,4.755,-0.0198,0.2169,2.2180999999999997,38.0,25.79,0,19.0,1641.0,74.0,-0.6869999999999999,0.01,-1.073,-0.11699999999999999,9.18,-6.381,30.205,0,1,1,100.0
27,57.0,1,20.0,1.0,6,2,4.71,-0.018600000000000002,0.2118,2.0972,38.0,25.79,0,19.0,1641.0,74.0,-0.654,0.01,-1.076,-0.114,9.42,-6.612,31.93,0,1,1,100.0
27,58.0,1,20.0,1.0,6,2,4.665,-0.017400000000000002,0.2067,1.9763,38.0,25.79,0,19.0,1641.0,74.0,-0.621,0.01,-1.0790000000000002,-0.111,9.66,-6.843,33.654999999999994,0,1,1,100.0
27,59.0,1,20.0,1.0,6,2,4.606,-0.0158,0.2178,1.7728,38.0,25.805999999999997,0,19.0,1641.0,74.0,-0.542,0.01,-1.084,-0.11,9.924,-7.264,36.577999999999996,0,1,1,100.0
27,60.0,1,20.0,1.0,6,2,4.54,-0.014,0.237,1.528,38.0,25.83,0,19.0,1641.0,74.0,-0.44,0.01,-1.09,-0.11,10.2,-7.78,40.1,0,1,1,100.0
27,61.0,1,20.0,1.0,6,2,4.5040000000000004,-0.011600000000000001,0.255,1.2538,38.0,25.848,0,19.0,1641.0,74.0,-0.32,0.004,-1.102,-0.11,10.241999999999999,-8.392000000000001,43.778,0,1,1,100.0
27,62.0,1,20.0,1.0,6,2,4.4799999999999995,-0.0054,0.2618,0.524,38.0,25.86,0,19.0,1641.0,74.0,0.06799999999999999,-0.002,-1.124,-0.11,9.812,-10.352,54.014,0,1,1,100.0
27,63.0,1,20.0,1.0,6,2,4.51,-0.0036,0.13219999999999998,0.248,38.0,25.86,0,19.0,1641.0,74.0,0.242,-0.008,-1.136,-0.11,9.398,-11.258000000000001,58.016,0,1,1,100.0
27,64.0,1,20.0,1.0,6,2,4.572,-0.0018,0.0986,-0.05840000000000001,38.0,25.875999999999998,0,19.0,1641.0,74.0,0.436,-0.01,-1.148,-0.11,8.88,-12.264000000000001,61.958000000000006,0,1,1,100.0
27,65.0,1,20.0,1.0,6,2,4.65,0.0,0.113,-0.38,38.0,25.9,0,19.0,1641.0,74.0,0.64,-0.01,-1.16,-0.11,8.31,-13.32,65.87,0,1,1,100.0
27,66.0,1,20.0,1.0,6,2,4.776000000000001,0.0012000000000000001,0.04580000000000001,-0.425,38.0,25.875999999999998,0,19.0,1641.0,74.0,0.826,-0.016,-1.166,-0.11,7.638000000000001,-14.406,69.272,0,1,1,100.0
27,67.0,1,20.0,1.0,6,2,4.916,0.002,-0.008,-0.4108,38.0,25.86,0,19.0,1641.0,74.0,0.994,-0.02,-1.17,-0.11,6.956,-15.458,72.36,0,1,1,100.0
27,68.0,1,20.0,1.0,6,2,5.084,0.002,-0.034999999999999996,-0.2782,38.0,25.86,0,19.0,1641.0,74.0,1.126,-0.02,-1.17,-0.11,6.254,-16.442,74.82000000000001,0,1,1,100.0
27,69.0,1,20.0,1.0,6,2,5.215999999999999,0.0018,-0.0458,-0.2048,38.0,25.868,0,19.0,1641.0,74.0,1.182,-0.022,-1.17,-0.11,5.79,-17.026,76.04,0,1,1,100.0
27,70.0,1,20.0,1.0,6,2,5.33,0.0015,-0.048499999999999995,-0.161,38.0,25.88,0,19.0,1641.0,74.0,1.2,-0.024999999999999998,-1.17,-0.11,5.444999999999999,-17.41,76.64,0,1,1,100.0
27,71.0,1,20.0,1.0,6,2,5.444,0.0012000000000000001,-0.051199999999999996,-0.1172,38.0,25.892,0,19.0,1641.0,74.0,1.218,-0.027999999999999997,-1.17,-0.11,5.1,-17.794,77.24,0,1,1,100.0
27,72.0,1,20.0,1.0,6,2,6.1000000000000005,-0.0002,-0.1734,0.061,38.0,25.86,0,19.0,1641.0,74.0,1.022,-0.018000000000000002,-1.156,-0.11,3.602,-18.878,76.468,0,1,1,100.0
27,73.0,1,20.0,1.0,6,2,6.43,-0.0008,-0.06059999999999999,0.166,38.0,25.86,0,19.0,1641.0,74.0,0.8180000000000001,-0.012,-1.144,-0.11,3.008,-18.992,74.512,0,1,1,100.0
27,74.0,1,20.0,1.0,6,2,6.792,-0.0014,-0.0354,0.25780000000000003,38.0,25.875999999999998,0,19.0,1641.0,74.0,0.534,-0.006,-1.132,-0.11,2.458,-18.826,71.452,0,1,1,100.0
27,75.0,1,20.0,1.0,6,2,7.17,-0.002,-0.054,0.343,38.0,25.9,0,19.0,1641.0,74.0,0.21,0.0,-1.12,-0.11,1.93,-18.52,67.84,0,1,1,100.0
27,76.0,1,20.0,1.0,6,2,7.596,-0.0032,0.004799999999999999,0.478,38.0,25.875999999999998,0,19.0,1641.0,74.0,-0.19799999999999995,0.006,-1.096,-0.10400000000000001,1.48,-17.74,62.68,0,1,1,100.0
27,77.0,1,20.0,1.0,6,2,8.034,-0.004,0.028,0.5686,38.0,25.86,0,19.0,1641.0,74.2,-0.62,0.012,-1.074,-0.1,1.056,-16.778,57.072,0,1,1,100.0
27,78.0,1,20.0,1.0,1,5,8.496,-0.004,-0.01999999999999999,0.5703999999999999,38.0,25.86,0,19.0,1641.0,74.8,-1.0699999999999998,0.018000000000000002,-1.056,-0.1,0.684,-15.452,50.568,0,1,1,100.0
27,79.0,1,20.0,0.6,1,5,8.974,-0.0044,-0.0628,0.5958,38.0,25.848,0,19.0,1641.0,75.0,-1.496,0.024,-1.034,-0.1,0.42000000000000004,-13.754,43.48,0,1,1,100.0
27,80.0,1,20.0,0.0,1,5,9.46,-0.005,-0.103,0.633,38.0,25.83,0,19.0,1641.0,75.0,-1.91,0.03,-1.01,-0.1,0.21,-11.87,36.1,0,1,1,100.0
27,81.0,1,20.0,0.0,1,5,9.958,-0.030200000000000005,-2.1616,-0.19140000000000013,38.0,25.805999999999997,0,19.0,1641.0,75.0,-2.198,0.036,-0.986,-0.094,0.258,-9.422,28.306,0,1,1,100.0
27,82.0,1,20.0,0.0,1,5,10.458,-0.0568,-3.4236,-0.879,38.0,25.784,0,19.0,1641.0,75.0,-2.414,0.04,-0.964,-0.09,0.392,-6.816,20.474,0,1,1,100.0
27,83.0,1,20.0,0.0,1,5,10.962,-0.0862,-3.0924,-1.2930000000000001,38.0,25.766000000000002,0,19.0,1641.0,75.0,-2.4859999999999998,0.04,-0.946,-0.09,0.698,-3.894,12.565999999999999,0,1,1,100.0
27,84.0,1,20.0,0.0,1,5,11.294,-0.1038,-2.8686000000000003,-1.6056,38.0,25.746000000000002,0,19.0,1641.0,75.0,-2.44,0.038,-0.9319999999999999,-0.09,0.972,-1.8579999999999999,7.326,0,1,1,100.0
27,85.0,1,20.0,0.0,1,5,11.54,-0.1155,-2.6985,-1.8675,38.0,25.725,0,19.0,1641.0,75.0,-2.335,0.034999999999999996,-0.92,-0.09,1.23,-0.2649999999999998,3.4199999999999995,0,1,1,100.0
27,86.0,1,20.0,0.0,1,6,11.786,-0.1272,-2.5284,-2.1294,38.0,25.704,0,19.0,1641.0,75.0,-2.23,0.032,-0.908,-0.09,1.488,1.3280000000000003,-0.48600000000000065,0,1,1,100.0
27,87.0,1,20.0,0.0,1,6,12.104,-0.14120000000000002,-2.2982,-2.4442,38.0,25.676000000000002,0,19.0,1641.0,75.0,-1.9800000000000002,0.028,-0.896,-0.09,1.876,3.436,-5.6,0,1,1,100.0
27,88.0,1,20.0,0.0,1,6,12.566,-0.1598,-1.9478,-2.8648,38.0,25.634,0,19.0,1641.0,75.0,-1.44,0.022,-0.884,-0.09,2.524,6.574,-13.13,0,1,1,100.0
27,89.0,1,20.0,0.0,1,6,13.664,-0.194,-1.0992,-4.088,38.0,25.466,0,19.0,1641.0,75.0,0.996,-0.012,-0.856,-0.094,4.364,13.792,-31.896,0,1,1,100.0
27,90.0,1,20.0,0.0,1,6,14.03,-0.203,-0.93,-4.481,38.0,25.4,0,19.0,1641.0,75.0,2.19,-0.03,-0.85,-0.1,5.06,16.06,-38.46,0,1,1,100.0
27,91.0,1,20.0,0.0,1,6,14.335999999999999,-0.209,-0.7050000000000001,-4.9106,38.0,25.34,0,19.0,1641.0,75.0,3.63,-0.054000000000000006,-0.844,-0.106,5.666,17.698,-44.334,0,1,1,100.0
27,92.0,1,20.0,0.0,1,6,14.616,-0.2144,-0.4932,-5.3082,38.0,25.286,0,19.0,1641.0,75.0,5.124,-0.078,-0.84,-0.11,6.198,19.14,-49.912,0,1,1,100.0
27,93.0,1,20.0,0.0,1,6,14.844,-0.2186,-0.3078,-5.6418,38.0,25.244,0,19.0,1641.0,75.0,6.726,-0.10200000000000001,-0.84,-0.11,6.582,20.189999999999998,-54.898,0,1,1,100.0
27,94.0,1,20.0,0.0,1,6,15.02,-0.2204,-0.18080000000000002,-5.9514,38.0,25.186,0,19.0,1641.0,75.0,8.38,-0.126,-0.844,-0.114,6.758,20.919999999999998,-59.2,0,1,1,100.0
27,95.0,1,20.0,0.0,1,6,15.17,-0.221,-0.083,-6.249,38.0,25.12,0,19.0,1641.0,75.0,10.06,-0.15,-0.85,-0.12,6.83,21.49,-63.16,0,1,1,100.0
27,96.0,1,20.0,0.0,1,6,15.2,-0.2213,-0.0854,-6.3549,38.0,25.099,0,19.0,1641.0,75.0,10.903,-0.165,-0.853,-0.123,6.737,21.589,-64.55799999999999,0,1,1,100.0
27,97.0,1,20.0,0.0,1,6,15.23,-0.2216,-0.0878,-6.4608,38.0,25.078,0,19.0,1641.0,75.0,11.746,-0.18,-0.856,-0.126,6.644,21.688,-65.95599999999999,0,1,1,100.0
27,98.0,1,20.0,0.0,1,6,15.26,-0.22190000000000001,-0.0902,-6.5667,38.0,25.057000000000002,0,19.0,1641.0,75.0,12.588999999999999,-0.195,-0.859,-0.129,6.550999999999999,21.787,-67.354,0,1,1,100.0
27,99.0,1,20.0,0.0,1,6,15.258,-0.2216,-0.0598,-6.6808000000000005,38.0,25.038,0,19.0,1641.0,75.0,13.946,-0.216,-0.868,-0.13,6.3,21.876,-68.75999999999999,0,1,1,100.0
27,100.0,1,20.0,0.0,1,6,15.07,-0.216,0.747,-8.042,38.0,24.77,0,19.0,1641.0,75.0,17.93,-0.29,-0.9,-0.13,5.48,22.37,-69.79,0,1,1,100.0
28,0.0,1,20.0,0.0,0,1,8.88,-0.086,0.543,-2.064,38.0,25.83,0,19.0,1641.0,75.0,18.55,-0.37,-1.1,-0.02,0.67,15.44,1.87,0,1,1,100.0
28,1.0,1,20.0,0.0,0,1,8.7064,-0.0846,0.42232000000000003,-1.69412,38.0,25.83,0,19.0,1641.0,75.0,18.384800000000002,-0.36719999999999997,-1.1,-0.0228,0.5608000000000001,14.4572,3.0852,0,1,1,100.0
28,2.0,1,20.0,0.0,0,1,8.5328,-0.0832,0.30164,-1.32424,38.0,25.83,0,19.0,1641.0,75.0,18.2196,-0.3644,-1.1,-0.025599999999999998,0.45160000000000006,13.4744,4.3004,0,1,1,100.0
28,3.0,1,20.0,0.0,0,1,8.3592,-0.0818,0.18096000000000004,-0.9543600000000001,38.0,25.83,0,19.0,1641.0,75.0,18.0544,-0.3616,-1.1,-0.028399999999999998,0.3424000000000001,12.4916,5.515599999999999,0,1,1,100.0
28,4.0,1,20.0,0.0,0,1,7.5848,-0.081,0.112,-0.743,38.0,25.83,0,43.8,1641.0,75.0,17.2728,-0.3376,-1.0976000000000001,-0.0324,0.014000000000000018,7.7808,10.2612,0,1,1,100.0
28,5.0,1,20.0,0.0,0,1,7.316,-0.081,0.112,-0.743,38.0,25.83,0,55.0,1641.0,75.0,16.976,-0.332,-1.092,-0.038,-0.07000000000000002,6.056,11.734,0,1,1,100.0
28,6.0,1,20.0,0.0,0,1,7.0796,-0.08496,-0.8855599999999985,-0.4755200000000004,38.0,25.880399999999998,0,39.56000000000003,1641.0,75.0,16.697200000000002,-0.3264,-1.09,-0.04,-0.14679999999999993,4.496800000000001,12.929599999999999,0,1,1,100.0
28,7.0,1,20.0,0.0,0,1,6.8612,-0.09111999999999999,-2.437319999999999,-0.05944000000000026,38.0,25.9588,0,9.32000000000002,1641.0,75.0,16.4284,-0.32080000000000003,-1.09,-0.04,-0.21959999999999996,3.0296000000000007,13.971199999999998,0,1,1,100.0
28,8.0,1,20.0,0.0,0,1,6.7556,-0.09176,-2.0112400000000004,0.0,38.0,25.9532,0,5.0,1641.0,75.0,16.2844,-0.3176,-1.0876000000000001,-0.04,-0.2732,2.3184,14.364799999999999,0,1,1,100.0
28,9.0,1,20.0,0.0,0,1,6.6688,-0.09147999999999999,-1.2555200000000002,0.0,38.0,25.9336,0,5.0,1641.0,75.0,16.1612,-0.3148,-1.0848,-0.04,-0.3236,1.7332,14.6504,0,1,1,100.0
28,10.0,1,20.0,0.0,0,1,6.582,-0.0912,-0.4998,0.0,38.0,25.913999999999998,0,5.0,1641.0,75.0,16.038,-0.312,-1.082,-0.04,-0.374,1.148,14.936,0,1,1,100.0
28,11.0,1,20.0,0.0,0,1,6.4832,-0.09084,0.04207999999999999,0.0,38.0,25.9,0,5.0,1641.0,75.0,15.887599999999999,-0.3084,-1.0784,-0.04,-0.4531999999999998,0.4804000000000009,15.1608,0,1,1,100.0
28,12.0,1,20.0,0.0,0,1,6.3544,-0.09028,0.04935999999999999,0.0,38.0,25.9,0,5.0,1641.0,75.0,15.6692,-0.3028,-1.0728,-0.04,-0.6043999999999997,-0.3931999999999982,15.2336,0,1,1,100.0
28,13.0,1,20.0,0.0,0,1,6.1416,-0.0853,0.39322,0.0,38.0,25.9,0,5.0,1641.0,75.0,15.1482,-0.28859999999999997,-1.0586,-0.05,-1.103,-1.9768,14.2988,0,1,1,100.0
28,14.0,1,20.0,0.0,0,1,6.1248000000000005,-0.0839,0.39966,0.0,38.0,25.9,0,5.0,1641.0,75.0,15.044599999999999,-0.2858,-1.0558,-0.05,-1.2289999999999999,-2.1503999999999994,13.8564,0,1,1,100.0
28,15.0,1,20.0,0.0,0,1,6.108,-0.0825,0.4061,0.0,38.0,25.9,0,5.0,1641.0,75.0,14.940999999999999,-0.28300000000000003,-1.053,-0.05,-1.355,-2.324,13.414,0,1,1,100.0
28,16.0,1,20.0,0.0,0,1,6.0912,-0.0811,0.41253999999999996,0.0,38.0,25.9,0,5.0,1641.0,75.0,14.8374,-0.2802,-1.0502,-0.05,-1.4809999999999999,-2.4975999999999994,12.9716,0,1,1,100.0
28,17.0,1,20.0,0.0,0,1,6.1364,-0.07032000000000001,0.5853599999999995,0.0,38.0,25.9,0,5.0,1641.0,75.0,14.206,-0.26480000000000004,-1.0348,-0.05,-2.2551999999999994,-2.78,9.198400000000003,0,1,1,100.0
28,18.0,1,20.0,0.0,0,1,6.1796,-0.06488000000000001,0.78024,0.0,38.0,25.9,0,5.0,1641.0,75.0,13.949200000000001,-0.2592,-1.03,-0.05,-2.5376,-2.7656,7.5768,0,1,1,100.0
28,19.0,1,20.0,0.0,0,1,6.2467999999999995,-0.057040000000000014,0.82392,0.0,38.0,25.9,0,5.0,1641.0,75.0,13.6636,-0.2536,-1.03,-0.05,-2.8007999999999997,-2.6648,5.734400000000003,0,1,1,100.0
28,20.0,1,20.0,0.0,0,1,6.322,-0.048999999999999995,0.953,0.0,38.0,25.9,0,5.0,1641.0,75.0,13.368,-0.246,-1.028,-0.052000000000000005,-3.0540000000000003,-2.5380000000000003,3.808,0,1,1,100.0
28,21.0,1,20.0,0.0,0,1,6.4116,-0.040600000000000004,1.2357999999999998,0.0,38.0,25.9,0,5.0,1641.0,75.0,13.054400000000001,-0.2348,-1.0224,-0.05759999999999999,-3.2892,-2.3644000000000003,1.730400000000002,0,1,1,100.0
28,22.0,1,20.0,0.3199999999999989,0,1,6.5108,-0.031240000000000018,1.3170000000000002,0.0,38.0,25.9,0,5.3199999999999985,1641.0,75.0,12.7248,-0.22680000000000003,-1.02,-0.06,-3.502,-2.1716,-0.4591999999999955,0,1,1,100.0
28,23.0,1,20.0,0.8799999999999983,0,1,6.6171999999999995,-0.02116000000000003,1.247,0.0,38.0,25.9,0,5.879999999999998,1641.0,75.0,12.383200000000002,-0.2212,-1.02,-0.06,-3.6979999999999995,-1.9644000000000006,-2.7327999999999935,0,1,1,100.0
28,24.0,1,20.0,1.0,0,1,6.6861999999999995,-0.014160000000000025,1.2034000000000002,0.0,38.0,25.9,0,6.0,1641.0,75.0,12.169200000000002,-0.21780000000000002,-1.02,-0.06,-3.7994,-1.8430000000000004,-4.176999999999995,0,1,1,100.0
28,25.0,1,20.0,1.0,0,1,6.745,-0.008,1.167,0.0,38.0,25.9,0,6.0,1641.0,75.0,11.99,-0.215,-1.02,-0.06,-3.875,-1.7449999999999999,-5.395,0,1,1,100.0
28,26.0,1,20.0,1.0,0,1,6.8038,-0.001840000000000008,1.1306,0.0,38.0,25.9,0,6.0,1641.0,75.0,11.8108,-0.2122,-1.02,-0.06,-3.9505999999999997,-1.647,-6.612999999999999,0,1,1,100.0
28,27.0,1,20.0,1.0,0,1,6.8632,0.004319999999999988,1.1200599999999998,0.0,38.0,25.9,0,6.0,1641.0,75.0,11.6304,-0.2094,-1.02,-0.060599999999999994,-4.0226,-1.5532000000000001,-7.839999999999998,0,1,1,100.0
28,28.0,1,20.0,1.0,0,1,6.924799999999999,0.010479999999999982,1.2043399999999997,0.0,38.0,25.9,0,6.0,1641.0,75.0,11.4456,-0.2066,-1.02,-0.0634,-4.0813999999999995,-1.4748000000000003,-9.099999999999996,0,1,1,100.0
28,29.0,1,20.0,1.0,0,1,6.9864,0.016639999999999974,1.2886199999999997,0.0,38.0,25.9,0,6.0,1641.0,75.0,11.2608,-0.2038,-1.02,-0.0662,-4.140199999999999,-1.3964000000000003,-10.359999999999996,0,1,1,100.0
28,30.0,1,20.0,1.0,0,1,7.048,0.0228,1.3729,0.0,38.0,25.9,0,6.0,1641.0,75.0,11.076,-0.201,-1.02,-0.069,-4.199,-1.318,-11.620000000000001,0,1,1,100.0
28,31.0,1,20.0,1.0,0,1,7.3584000000000005,0.04479999999999999,0.6778000000000006,0.0,38.0,25.9,0,6.0,1641.0,75.0,10.0464,-0.1764,-1.01,-0.0736,-4.3852,-0.9880000000000001,-17.848799999999997,0,1,1,100.0
28,32.0,1,20.0,1.0,0,1,7.4648,0.047599999999999996,-0.07539999999999862,0.0,38.0,25.9,0,6.0,1641.0,75.0,9.620800000000001,-0.17080000000000004,-1.01,-0.07919999999999999,-4.4243999999999994,-0.8760000000000002,-19.993599999999997,0,1,1,100.0
28,33.0,1,20.0,1.0,0,1,7.7223999999999995,0.03736000000000003,-1.0633599999999988,0.0,38.0,25.9,0,6.0,1641.0,75.0,8.204800000000002,-0.14520000000000002,-1.01,-0.08,-4.235200000000001,-0.6620000000000001,-23.464399999999998,0,1,1,100.0
28,34.0,1,20.0,0.9600000000000023,6,2,7.794,0.027680000000000017,-1.500639999999999,0.011199999999999365,38.0,25.8984,0,6.439999999999975,1641.0,75.0,7.648000000000002,-0.13920000000000005,-1.0104,-0.08039999999999999,-4.080800000000001,-0.6076000000000001,-23.966800000000003,0,1,1,100.0
28,35.0,1,20.0,0.39999999999999997,6,2,7.85,0.023200000000000002,-1.7476,0.16800000000000004,38.0,25.875999999999998,0,12.600000000000001,1641.0,75.0,7.06,-0.128,-1.016,-0.086,-3.812,-0.5740000000000001,-23.502000000000002,0,1,1,100.0
28,36.0,1,20.0,0.0,6,2,7.898,0.018080000000000006,-1.7624000000000006,0.4012799999999996,38.0,25.86,0,17.0,1641.0,75.0,6.4672,-0.11680000000000001,-1.02,-0.09,-3.5096000000000007,-0.5564,-22.749200000000002,0,1,1,100.0
28,37.0,1,20.0,0.0,6,2,7.926,0.011360000000000012,-1.1968000000000012,0.8257599999999992,38.0,25.86,0,17.0,1641.0,75.0,5.862400000000001,-0.10560000000000003,-1.02,-0.09,-3.123200000000001,-0.5788,-21.276400000000002,0,1,1,100.0
28,38.0,1,20.0,0.0,6,2,7.94,0.00464000000000002,-0.8703200000000003,1.218319999999999,38.0,25.86,0,17.0,1641.0,75.0,5.271600000000001,-0.09440000000000004,-1.02,-0.09279999999999998,-2.6752000000000016,-0.6487999999999996,-19.380800000000008,0,1,1,100.0
28,39.0,1,20.0,0.0,6,2,7.94,-0.0020799999999999734,-0.7829600000000003,1.5789599999999984,38.0,25.86,0,17.0,1641.0,75.0,4.6948000000000025,-0.08320000000000005,-1.02,-0.09839999999999999,-2.165600000000002,-0.7663999999999995,-17.062400000000007,0,1,1,100.0
28,40.0,1,20.0,0.4,6,2,7.924,-0.008,-0.7224,1.9844,38.0,25.832,0,17.4,1641.0,75.0,4.15,-0.072,-1.024,-0.1,-1.568,-0.96,-14.28,0,1,1,100.0
28,41.0,1,20.0,0.9599999999999995,6,2,7.9016,-0.013599999999999994,-0.67256,2.4077599999999997,38.0,25.7928,0,17.96,1641.0,75.0,3.6180000000000008,-0.06080000000000001,-1.0296,-0.1,-0.9352000000000008,-1.1839999999999997,-11.312000000000003,0,1,1,100.0
28,42.0,1,20.0,0.7400000000000005,6,2,7.8766,-0.016339999999999993,-0.6422200000000001,2.6563999999999997,38.0,25.7718,0,17.740000000000002,1641.0,75.0,3.3642000000000007,-0.05740000000000001,-1.03,-0.1026,-0.5494000000000008,-1.3533999999999997,-9.511400000000004,0,1,1,100.0
28,43.0,1,20.0,0.4600000000000008,6,2,7.8514,-0.01885999999999999,-0.61338,2.8915999999999995,38.0,25.7522,0,17.46,1641.0,75.0,3.1318000000000006,-0.05460000000000001,-1.03,-0.1054,-0.1826000000000011,-1.5185999999999995,-7.800600000000005,0,1,1,100.0
28,44.0,1,20.0,0.1800000000000011,6,2,7.8262,-0.02137999999999999,-0.5845400000000001,3.1267999999999994,38.0,25.732599999999998,0,17.18,1641.0,75.0,2.899400000000001,-0.05180000000000001,-1.03,-0.10819999999999999,0.18419999999999853,-1.6837999999999993,-6.0898000000000065,0,1,1,100.0
28,45.0,1,20.0,0.0,6,2,7.7860000000000005,-0.023999999999999987,-0.5090000000000008,3.343199999999999,38.0,25.706,0,17.0,1641.0,75.0,2.616000000000002,-0.04800000000000003,-1.032,-0.11,0.703999999999996,-1.941999999999998,-3.6780000000000186,0,1,1,100.0
28,46.0,1,20.0,0.0,6,2,7.718800000000001,-0.026799999999999984,-0.349400000000001,3.525759999999999,38.0,25.6668,0,17.0,1641.0,75.0,2.2408000000000023,-0.042400000000000035,-1.0376,-0.11,1.4991999999999952,-2.3675999999999973,-0.004400000000022377,0,1,1,100.0
28,47.0,1,20.0,1.0,6,2,7.4856,-0.02936,0.08679999999999971,3.4534800000000003,38.0,25.642400000000002,0,18.0,1641.0,75.0,1.4384000000000003,-0.02680000000000001,-1.05,-0.11,3.6887999999999983,-3.711599999999999,10.339599999999992,0,1,1,100.0
28,48.0,1,20.0,1.0,6,2,7.3904000000000005,-0.028240000000000008,0.23519999999999883,3.2653200000000018,38.0,25.6816,0,18.0,1641.0,75.0,1.2256000000000016,-0.021200000000000045,-1.05,-0.11,4.439199999999993,-4.204399999999995,13.99639999999997,0,1,1,100.0
28,49.0,1,20.0,1.0,6,2,7.2952,-0.02624000000000001,0.32111999999999974,2.9808000000000012,38.0,25.7032,0,18.0,1641.0,75.0,1.0656000000000005,-0.02,-1.0544,-0.11,5.1279999999999974,-4.661999999999998,17.534399999999984,0,1,1,100.0
28,50.0,1,20.0,1.0,6,2,7.2,-0.024,0.39,2.67,38.0,25.72,0,18.0,1641.0,75.0,0.92,-0.02,-1.06,-0.11,5.8,-5.11,21.04,0,1,1,100.0
28,51.0,1,20.0,1.0,6,2,7.1104,-0.02232000000000001,0.3222400000000004,2.502560000000001,38.0,25.7424,0,18.0,1641.0,75.0,0.8304000000000006,-0.014400000000000034,-1.0656,-0.11,6.365599999999996,-5.4907999999999975,24.40559999999998,0,1,1,100.0
28,52.0,1,20.0,1.0,6,2,7.031,-0.020760000000000004,0.26606,2.34274,38.0,25.7618,0,18.0,1641.0,75.0,0.7540000000000001,-0.01,-1.0712000000000002,-0.11,6.854399999999999,-5.8266,27.4046,0,1,1,100.0
28,53.0,1,20.0,1.0,6,2,6.989,-0.01964000000000001,0.2523400000000001,2.210860000000001,38.0,25.7702,0,18.0,1641.0,75.0,0.7260000000000002,-0.01,-1.0768,-0.11,7.061599999999998,-5.997399999999999,29.059399999999986,0,1,1,100.0
28,54.0,1,20.0,1.0,6,2,6.947,-0.018520000000000005,0.23862000000000005,2.0789800000000005,38.0,25.7786,0,18.0,1641.0,75.0,0.6980000000000002,-0.01,-1.0824,-0.11,7.268799999999999,-6.1682,30.714199999999995,0,1,1,100.0
28,55.0,1,20.0,1.0,6,2,6.904999999999999,-0.017400000000000002,0.2249,1.9470999999999998,38.0,25.787,0,18.0,1641.0,75.0,0.67,-0.01,-1.088,-0.11,7.476,-6.339,32.369,0,1,1,100.0
28,56.0,1,20.0,1.0,6,2,6.7674,-0.012100000000000008,0.30037999999999976,1.223680000000001,38.0,25.8354,0,18.0,1641.0,75.0,0.6218,-0.01,-1.1036000000000001,-0.1,7.9636000000000005,-7.087999999999999,40.03239999999999,0,1,1,100.0
28,57.0,1,20.0,1.0,6,2,6.7478,-0.010700000000000003,0.33985999999999994,1.0629600000000003,38.0,25.843799999999998,0,18.0,1641.0,75.0,0.6246,-0.01,-1.1092000000000002,-0.1,7.9692,-7.256,41.7628,0,1,1,100.0
28,58.0,1,20.0,1.0,6,2,6.7282,-0.009300000000000011,0.3793399999999997,0.9022400000000013,38.0,25.8522,0,18.0,1641.0,75.0,0.6274,-0.01,-1.1148,-0.1,7.9748,-7.423999999999999,43.49319999999999,0,1,1,100.0
28,59.0,1,20.0,1.0,6,2,6.6912,-0.0038800000000000067,0.15611999999999987,0.12152000000000127,38.0,25.8616,0,18.0,1641.0,75.0,0.7271999999999995,-0.010399999999999977,-1.1407999999999998,-0.1,7.5912000000000015,-8.283199999999997,51.82519999999999,0,1,1,100.0
28,60.0,1,20.0,1.0,6,2,6.708,-0.0021999999999999997,0.1858,-0.19319999999999998,38.0,25.884,0,18.0,1641.0,75.0,0.828,-0.016,-1.152,-0.1,7.188000000000001,-8.748,55.538,0,1,1,100.0
28,61.0,1,20.0,1.0,6,2,6.7376,-0.0005200000000000103,0.19116000000000033,-0.4563999999999992,38.0,25.8936,0,18.0,1641.0,75.0,0.9399999999999992,-0.02,-1.1616,-0.1,6.741600000000004,-9.238399999999997,59.209199999999974,0,1,1,100.0
28,62.0,1,20.0,1.0,6,2,6.7992,0.0011599999999999968,0.13572000000000012,-0.5907999999999998,38.0,25.871199999999998,0,18.0,1641.0,75.0,1.0799999999999996,-0.02,-1.1672,-0.1,6.187200000000002,-9.7928,62.776399999999995,0,1,1,100.0
28,63.0,1,20.0,1.0,6,2,6.8552,0.002,0.08700000000000034,-0.6164200000000007,38.0,25.86,0,18.0,1641.0,75.0,1.1877999999999993,-0.021399999999999978,-1.1714,-0.1,5.749000000000002,-10.222599999999998,65.31459999999998,0,1,1,100.0
28,64.0,1,20.0,1.0,6,2,6.9056,0.002,0.04500000000000017,-0.5332600000000004,38.0,25.86,0,18.0,1641.0,75.0,1.2633999999999996,-0.02419999999999999,-1.1742,-0.1,5.427000000000001,-10.5278,66.82379999999999,0,1,1,100.0
28,65.0,1,20.0,1.0,6,2,6.9559999999999995,0.002,0.0030000000000000027,-0.4501,38.0,25.86,0,18.0,1641.0,75.0,1.339,-0.027,-1.177,-0.1,5.1049999999999995,-10.833,68.333,0,1,1,100.0
28,66.0,1,20.0,1.0,6,2,7.006399999999999,0.002,-0.03899999999999974,-0.3669400000000005,38.0,25.86,0,18.0,1641.0,75.0,1.4145999999999994,-0.029799999999999983,-1.1798,-0.1,4.783000000000002,-11.138199999999998,69.84219999999999,0,1,1,100.0
28,67.0,1,20.0,1.0,6,2,7.4468,0.001480000000000001,-0.07752000000000009,-0.08584000000000029,38.0,25.86,0,18.0,1641.0,75.0,1.7583999999999997,-0.03519999999999999,-1.1696,-0.09480000000000001,2.9312000000000014,-12.989999999999998,74.4448,0,1,1,100.0
28,68.0,1,20.0,1.0,6,2,7.644399999999998,0.0008400000000000091,-0.051119999999999485,0.053599999999999114,38.0,25.86,0,18.0,1641.0,75.0,1.8447999999999998,-0.04,-1.1584,-0.09,2.272800000000005,-13.691599999999994,75.0728,0,1,1,100.0
28,69.0,1,20.0,1.0,6,2,7.885199999999998,-0.0002799999999999955,-0.11495999999999973,0.16279999999999956,38.0,25.86,0,18.0,1641.0,75.0,1.8783999999999998,-0.04,-1.1472,-0.09,1.6624000000000025,-14.402799999999997,74.4624,0,1,1,100.0
28,70.0,1,20.0,0.8,6,2,8.142,-0.0012000000000000001,-0.137,0.2514,38.0,25.86,0,17.8,1641.0,75.0,1.888,-0.04,-1.134,-0.09,1.076,-15.096,73.306,0,1,1,100.0
28,71.0,1,20.0,0.24000000000000338,6,2,8.427599999999998,-0.0017599999999999966,-0.08380000000000032,0.3029199999999997,38.0,25.86,0,17.240000000000002,1641.0,75.0,1.8544000000000003,-0.04,-1.1172000000000002,-0.09,0.5328000000000033,-15.756799999999995,71.16680000000001,0,1,1,100.0
28,72.0,1,20.0,0.15999999999999945,6,2,8.644400000000001,-0.0021599999999999996,-0.06403999999999999,0.34851999999999994,38.0,25.86,0,17.16,1641.0,75.0,1.8112000000000001,-0.038400000000000004,-1.1052000000000002,-0.09,0.16560000000000047,-16.1952,69.22120000000001,0,1,1,100.0
28,73.0,1,20.0,0.4399999999999977,6,2,8.8096,-0.0024399999999999977,-0.06935999999999995,0.38967999999999964,38.0,25.86,0,17.439999999999998,1641.0,75.0,1.7608000000000004,-0.03560000000000002,-1.0968000000000002,-0.09,-0.06959999999999812,-16.4668,67.42080000000001,0,1,1,100.0
28,74.0,1,20.0,0.7199999999999989,6,2,8.9748,-0.002719999999999999,-0.07467999999999998,0.43083999999999983,38.0,25.86,0,17.72,1641.0,75.0,1.7104000000000001,-0.03280000000000001,-1.0884,-0.09,-0.30479999999999907,-16.7384,65.6204,0,1,1,100.0
28,75.0,1,20.0,1.0,6,2,9.8,-0.004,-0.048,0.511,38.0,25.86,0,18.0,1641.0,76.0,1.4,-0.03,-1.04,-0.08,-1.26,-17.55,55.07,0,1,1,100.0
28,76.0,1,20.0,0.4400000000000034,1,5,10.203199999999997,-0.004,-0.009360000000000233,0.5417999999999998,38.0,25.8432,0,18.559999999999995,1641.0,76.0,1.2544000000000008,-0.024400000000000033,-1.0176,-0.08,-1.6183999999999978,-17.466,49.11160000000004,0,1,1,100.0
28,77.0,1,20.0,0.0,1,5,10.611199999999998,-0.009039999999999953,-0.3959999999999961,0.38408000000000164,38.0,25.8252,0,19.0,1641.0,76.0,1.122,-0.02,-0.9952000000000001,-0.08,-1.9551999999999994,-17.2668,43.02960000000001,0,1,1,100.0
28,78.0,1,20.0,0.0,1,5,11.036799999999996,-0.032559999999999804,-2.3419999999999845,-0.46487999999999324,38.0,25.802799999999998,0,19.0,1641.0,76.0,1.0380000000000007,-0.02,-0.9728000000000001,-0.08,-2.212799999999998,-16.645200000000003,36.49440000000005,0,1,1,100.0
28,79.0,1,20.0,0.0,1,5,11.467199999999998,-0.05751999999999989,-3.3109600000000015,-1.0951999999999986,38.0,25.7732,0,19.0,1641.0,76.0,1.0068,-0.02,-0.9504,-0.07760000000000003,-2.4007999999999994,-15.766800000000003,29.877600000000026,0,1,1,100.0
28,80.0,1,20.0,0.0,1,5,11.904,-0.0844,-2.9772000000000003,-1.434,38.0,25.733999999999998,0,19.0,1641.0,76.0,1.046,-0.02,-0.928,-0.07200000000000001,-2.496,-14.546,23.152,0,1,1,100.0
28,81.0,1,20.0,0.0,1,5,12.2022,-0.10083999999999993,-2.7647600000000008,-1.7195199999999984,38.0,25.7074,0,19.0,1641.0,76.0,1.1301999999999994,-0.02,-0.9146000000000001,-0.07,-2.5138,-13.544800000000006,18.60080000000002,0,1,1,100.0
28,82.0,1,20.0,0.0,1,5,12.423399999999999,-0.11147999999999998,-2.61972,-1.9754399999999994,38.0,25.6878,0,19.0,1641.0,76.0,1.2393999999999998,-0.02,-0.9062,-0.07,-2.4886,-12.665600000000001,15.257600000000007,0,1,1,100.0
28,83.0,1,20.0,0.0,1,5,12.644599999999999,-0.12211999999999992,-2.474680000000001,-2.231359999999998,38.0,25.6682,0,19.0,1641.0,76.0,1.3485999999999991,-0.02,-0.8978,-0.07,-2.4634,-11.786400000000008,11.914400000000027,0,1,1,100.0
28,84.0,1,20.0,0.0,1,5,12.880399999999998,-0.13323999999999994,-2.3181200000000013,-2.4953599999999985,38.0,25.647199999999998,0,19.0,1641.0,76.0,1.4815999999999983,-0.020399999999999977,-0.8888,-0.07,-2.428400000000001,-10.82200000000001,8.343200000000026,0,1,1,100.0
28,85.0,1,20.0,0.0,1,6,13.305999999999996,-0.15059999999999982,-2.011800000000003,-2.8643999999999963,38.0,25.608,0,19.0,1641.0,76.0,1.9239999999999957,-0.025999999999999943,-0.8720000000000002,-0.07,-2.2660000000000013,-8.750000000000021,1.8080000000000667,0,1,1,100.0
28,86.0,1,20.0,0.0,1,6,13.725199999999997,-0.16635999999999992,-1.700200000000002,-3.254719999999997,38.0,25.5624,0,19.0,1641.0,76.0,2.438399999999996,-0.03319999999999993,-0.8552000000000001,-0.07159999999999997,-2.0732000000000017,-6.678000000000012,-4.658399999999962,0,1,1,100.0
28,87.0,1,20.0,0.0,1,6,14.1284,-0.17811999999999997,-1.3754000000000006,-3.698239999999999,38.0,25.500799999999998,0,19.0,1641.0,76.0,3.1327999999999987,-0.04439999999999998,-0.8384,-0.07719999999999999,-1.8044000000000004,-4.606000000000003,-10.952799999999987,0,1,1,100.0
28,88.0,1,20.0,0.0,1,6,14.514799999999997,-0.18763999999999995,-1.1060400000000017,-4.165559999999996,38.0,25.442,0,19.0,1641.0,76.0,3.9531999999999923,-0.05559999999999991,-0.8272,-0.08,-1.5048000000000026,-2.693600000000014,-17.11839999999995,0,1,1,100.0
28,89.0,1,20.0,0.0,1,6,14.8844,-0.19491999999999998,-0.8921200000000008,-4.656679999999998,38.0,25.386,0,19.0,1641.0,76.0,4.899599999999996,-0.06679999999999996,-0.8216,-0.08,-1.1744000000000014,-0.940800000000007,-23.155199999999972,0,1,1,100.0
28,90.0,1,20.0,0.0,1,6,15.665999999999999,-0.20899999999999996,-0.48900000000000104,-5.4655999999999985,38.0,25.246000000000002,0,19.0,1641.0,76.0,7.693999999999994,-0.10599999999999991,-0.8,-0.09199999999999997,-0.3200000000000017,1.9599999999999969,-36.91799999999997,0,1,1,100.0
28,91.0,1,20.0,0.0,1,6,15.8004,-0.21039999999999998,-0.37980000000000064,-5.658239999999999,38.0,25.2264,0,19.0,1641.0,76.0,8.343599999999997,-0.11439999999999996,-0.8,-0.09479999999999998,-0.15200000000000102,2.267999999999998,-39.54719999999998,0,1,1,100.0
28,92.0,1,20.0,0.0,1,6,15.9348,-0.2118,-0.27060000000000134,-5.850879999999997,38.0,25.2068,0,19.0,1641.0,76.0,8.993199999999993,-0.12279999999999991,-0.8,-0.09759999999999996,0.015999999999997936,2.575999999999996,-42.176399999999965,0,1,1,100.0
28,93.0,1,20.0,0.0,1,6,16.419999999999998,-0.21596,0.024839999999999838,-6.462,38.0,25.0856,0,19.0,1641.0,76.0,12.106399999999994,-0.17159999999999992,-0.8004,-0.10039999999999999,0.5943999999999997,2.9520000000000013,-53.045999999999985,0,1,1,100.0
28,94.0,1,20.0,0.0,1,6,16.49,-0.21568,0.04471999999999992,-6.5809999999999995,38.0,25.0548,0,19.0,1641.0,76.0,12.781199999999997,-0.18279999999999996,-0.8032,-0.10319999999999999,0.6251999999999999,2.8260000000000005,-54.977999999999994,0,1,1,100.0
28,95.0,1,20.0,0.0,1,6,16.56,-0.2154,0.0646,-6.7,38.0,25.024,0,19.0,1641.0,76.0,13.456,-0.194,-0.806,-0.106,0.6559999999999999,2.7,-56.910000000000004,0,1,1,100.0
28,96.0,1,20.0,0.0,1,6,16.63,-0.21512,0.08447999999999968,-6.818999999999998,38.0,24.9932,0,19.0,1641.0,76.0,14.130799999999988,-0.20519999999999983,-0.8088,-0.10879999999999995,0.6867999999999994,2.574000000000002,-58.84199999999997,0,1,1,100.0
28,97.0,1,20.0,0.0,1,6,16.7768,-0.20176000000000005,0.8479600000000047,-8.666360000000005,38.0,24.552400000000002,0,19.0,1641.0,76.0,17.18319999999999,-0.2627999999999997,-0.8495999999999998,-0.11,0.909199999999998,2.661999999999994,-64.86519999999999,0,1,1,100.0
28,98.0,1,20.0,0.0,1,6,16.7712,-0.19784000000000004,0.45764000000000316,-8.343240000000002,38.0,24.5916,0,19.0,1641.0,76.0,18.16879999999999,-0.2851999999999998,-0.8663999999999998,-0.11,1.0827999999999987,3.1379999999999963,-65.90679999999999,0,1,1,100.0
28,99.0,1,20.0,0.0,1,6,16.7084,-0.19436000000000003,0.3986399999999999,-8.36816,38.0,24.569200000000002,0,19.0,1641.0,76.0,18.9168,-0.3031999999999999,-0.8876,-0.10560000000000003,1.3487999999999989,4.097999999999995,-65.7164,0,1,1,100.0
28,100.0,1,20.0,0.0,3,7,16.63,-0.191,0.43,-8.488,38.0,24.53,0,19.0,1641.0,76.0,19.6,-0.32,-0.91,-0.1,1.64,5.19,-65.19,0,1,1,100.0
29,0.0,1,20.0,0.0,0,1,10.46,-0.111,0.836,-1.664,38.0,25.76,0,39.0,1641.0,76.0,17.28,-0.33,-1.08,-0.03,1.15,5.53,4.83,0,1,1,100.0
29,1.0,1,20.0,0.0,0,1,10.1948,-0.111,0.836,-1.664,38.0,25.76,0,49.2,1641.0,76.0,17.0913,-0.33,-1.0749,-0.0351,0.9307,3.6583000000000006,5.4012,0,1,1,100.0
29,2.0,1,20.0,0.0,0,1,9.9308,-0.11034000000000001,0.9246399999999997,-1.63072,38.0,25.7634,0,57.940000000000005,1641.0,76.0,16.902,-0.3296,-1.0698,-0.04,0.7102,1.7922000000000002,5.9542,0,1,1,100.0
29,3.0,1,20.0,0.0,0,1,9.6962,-0.09351000000000001,3.184959999999999,-0.7820800000000001,38.0,25.8501,0,30.910000000000007,1641.0,76.0,16.698,-0.3194,-1.0647,-0.04,0.46030000000000004,0.06330000000000033,6.0613,0,1,1,100.0
29,4.0,1,20.0,0.0,0,1,9.4648,-0.07792,5.061000000000001,0.0,38.0,25.9288,0,6.0,1641.0,76.0,16.491600000000002,-0.3096,-1.06,-0.04,0.20800000000000007,-1.6443999999999996,6.142,0,1,1,100.0
29,5.0,1,20.0,0.0,0,1,9.271,-0.0769,2.42175,0.0,38.0,25.9135,0,6.0,1641.0,76.0,16.257,-0.3045,-1.06,-0.04,-0.07250000000000004,-3.1029999999999998,5.9125,0,1,1,100.0
29,6.0,1,20.0,0.0,0,1,9.0814,-0.07594,0.09743999999999998,0.0,38.0,25.9,0,6.0,1641.0,76.0,16.02,-0.2994,-1.0594000000000001,-0.04,-0.35599999999999987,-4.521399999999999,5.6554,0,1,1,100.0
29,7.0,1,20.0,0.0,0,1,8.9233,-0.07543,0.13517999999999997,0.0,38.0,25.9,0,6.0,1641.0,76.0,15.765,-0.2943,-1.0543,-0.04,-0.6619999999999998,-5.638299999999999,5.1913,0,1,1,100.0
29,8.0,1,20.0,0.0,0,1,8.7708,-0.07476,0.17572,0.0,38.0,25.9,0,6.0,1641.0,76.0,15.5076,-0.2892,-1.0492000000000001,-0.04,-0.9687999999999999,-6.6983999999999995,4.6984,0,1,1,100.0
29,9.0,1,20.0,0.0,0,1,8.6484,-0.07322999999999999,0.23131000000000002,0.0,38.0,25.9,0,6.0,1641.0,76.0,15.2373,-0.2841,-1.0441,-0.04,-1.2799,-7.4532,4.0507,0,1,1,100.0
29,10.0,1,20.0,0.0,0,1,8.532,-0.0715,0.2953,0.0,38.0,25.9,0,6.0,1641.0,76.0,14.964,-0.279,-1.0390000000000001,-0.041,-1.591,-8.143,3.375,0,1,1,100.0
29,11.0,1,20.0,0.0,0,1,8.440199999999999,-0.06895,0.39372999999999986,0.0,38.0,25.9,0,6.0,1641.0,76.0,14.6784,-0.27390000000000003,-1.0339,-0.046099999999999995,-1.9020999999999997,-8.5663,2.5845000000000007,0,1,1,100.0
29,12.0,1,20.0,0.0,0,1,8.3628,-0.06658,0.46828,0.0,38.0,25.9,0,6.0,1641.0,76.0,14.424000000000001,-0.26880000000000004,-1.03,-0.05,-2.1748,-8.9074,1.8720000000000003,0,1,1,100.0
29,13.0,1,20.0,0.0,0,1,8.3322,-0.064795,0.46521999999999997,0.0,38.0,25.9,0,6.0,1641.0,76.0,14.271,-0.2637,-1.03,-0.05,-2.3227,-8.98135,1.4130000000000003,0,1,1,100.0
29,14.0,1,20.0,0.0,0,1,8.3016,-0.06301,0.46216,0.0,38.0,25.9,0,6.0,1641.0,76.0,14.118,-0.2586,-1.03,-0.05,-2.4706,-9.0553,0.9540000000000007,0,1,1,100.0
29,15.0,1,20.0,0.0,0,1,8.270999999999999,-0.061225,0.4591,0.0,38.0,25.9,0,6.0,1641.0,76.0,13.965,-0.2535,-1.03,-0.05,-2.6185,-9.129249999999999,0.49500000000000005,0,1,1,100.0
29,16.0,1,20.0,1.0,0,1,8.1768,-0.048600000000000004,0.8618399999999996,0.0,38.0,25.9,0,7.0,1641.0,76.0,13.1492,-0.2384,-1.02,-0.05,-3.3383999999999996,-8.9516,-2.244399999999999,0,1,1,100.0
29,17.0,1,20.0,1.0,0,1,8.1666,-0.040950000000000014,1.1928299999999992,0.0,38.0,25.9,0,7.0,1641.0,76.0,12.8279,-0.2333,-1.02,-0.05,-3.5882999999999994,-8.701699999999999,-3.4377999999999975,0,1,1,100.0
29,18.0,1,20.0,1.0,0,1,8.16,-0.032580000000000005,1.3859400000000002,0.0,38.0,25.9,0,7.0,1641.0,76.0,12.5048,-0.22820000000000001,-1.02,-0.0518,-3.8255999999999997,-8.414,-4.699599999999999,0,1,1,100.0
29,19.0,1,20.0,1.0,0,1,8.16,-0.022890000000000018,1.32627,0.0,38.0,25.9,0,7.0,1641.0,76.0,12.1784,-0.22310000000000002,-1.02,-0.05689999999999999,-4.0398,-8.057,-6.0867999999999975,0,1,1,100.0
29,20.0,1,20.0,1.0,0,1,8.163,-0.014600000000000002,1.3065,0.0,38.0,25.9,0,7.0,1641.0,76.0,11.915000000000001,-0.218,-1.0190000000000001,-0.06,-4.207,-7.753,-7.2509999999999994,0,1,1,100.0
29,21.0,1,20.0,1.0,0,1,8.17065,-0.008480000000000007,1.348575,0.0,38.0,25.9,0,7.0,1641.0,76.0,11.74925,-0.2129,-1.01645,-0.06,-4.30135,-7.53115,-8.06955,0,1,1,100.0
29,22.0,1,20.0,1.0,0,1,8.1783,-0.0023600000000000136,1.39065,0.0,38.0,25.9,0,7.0,1641.0,76.0,11.5835,-0.2078,-1.0139,-0.06,-4.3957,-7.3093,-8.888099999999998,0,1,1,100.0
29,23.0,1,20.0,1.0,0,1,8.18595,0.0037599999999999973,1.432725,0.0,38.0,25.9,0,7.0,1641.0,76.0,11.41775,-0.20270000000000002,-1.01135,-0.06,-4.49005,-7.08745,-9.70665,0,1,1,100.0
29,24.0,1,20.0,1.0,0,1,8.242,0.03879999999999999,1.4682000000000008,0.0,38.0,25.9,0,7.0,1641.0,76.0,10.4848,-0.18760000000000002,-1.01,-0.06239999999999999,-4.9248,-5.718400000000001,-14.913199999999996,0,1,1,100.0
29,25.0,1,20.0,1.0,0,1,8.2675,0.048999999999999974,1.0372500000000011,0.0,38.0,25.9,0,7.0,1641.0,76.0,10.1125,-0.18250000000000002,-1.01,-0.06749999999999999,-5.0625,-5.162500000000001,-17.044999999999995,0,1,1,100.0
29,26.0,1,20.0,1.0,0,1,8.2839,0.05413,0.7164100000000002,0.0,38.0,25.9,0,7.0,1641.0,76.0,9.818200000000001,-0.1774,-1.01,-0.07,-5.1547,-4.747,-18.6087,0,1,1,100.0
29,27.0,1,20.0,1.0,0,1,8.291549999999999,0.054384999999999996,0.5014450000000005,0.0,38.0,25.9,0,7.0,1641.0,76.0,9.5989,-0.1723,-1.01,-0.07,-5.20315,-4.466500000000001,-19.626149999999996,0,1,1,100.0
29,28.0,1,20.0,1.0,0,1,8.2992,0.05464,0.2864800000000007,0.0,38.0,25.9,0,7.0,1641.0,76.0,9.379600000000002,-0.16720000000000002,-1.01,-0.07,-5.2516,-4.186000000000001,-20.643599999999996,0,1,1,100.0
29,29.0,1,20.0,1.0,0,1,8.30685,0.054895,0.07151500000000091,0.0,38.0,25.9,0,7.0,1641.0,76.0,9.160300000000001,-0.16210000000000002,-1.01,-0.07,-5.30005,-3.9055000000000013,-21.661049999999992,0,1,1,100.0
29,30.0,1,20.0,1.0,0,1,8.316,0.0508,-0.4754,0.0,38.0,25.9,0,7.0,1641.0,76.0,8.761,-0.154,-1.01,-0.07,-5.32,-3.466,-22.986,0,1,1,100.0
29,31.0,1,20.0,1.0,0,1,8.3262,0.04366000000000001,-1.2546799999999991,0.0,38.0,25.9,0,7.0,1641.0,76.0,8.2357,-0.1438,-1.01,-0.07,-5.32,-2.9152000000000005,-24.5262,0,1,1,100.0
29,32.0,1,20.0,0.6800000000000012,0,1,8.320400000000001,0.015120000000000008,-1.7197199999999992,0.09919999999999965,38.0,25.9,0,10.199999999999989,1641.0,76.0,6.479600000000001,-0.11360000000000002,-1.0132,-0.08319999999999998,-4.884,-1.4568000000000008,-26.258,0,1,1,100.0
29,33.0,1,20.0,0.17000000000000165,6,2,8.305100000000001,0.010530000000000015,-2.023679999999999,0.2572999999999995,38.0,25.9,0,15.299999999999983,1641.0,76.0,5.857400000000003,-0.10340000000000003,-1.0183,-0.08829999999999998,-4.6035,-1.0692000000000013,-25.952,0,1,1,100.0
29,34.0,1,20.0,0.0,6,2,8.276200000000001,0.0056000000000000225,-1.6418600000000032,0.6890999999999975,38.0,25.8864,0,17.0,1641.0,76.0,5.242000000000003,-0.09320000000000005,-1.02,-0.09,-4.217600000000002,-0.790400000000001,-25.013600000000007,0,1,1,100.0
29,35.0,1,20.0,0.0,6,2,8.2405,0.000500000000000001,-0.9171499999999999,1.25775,38.0,25.866,0,17.0,1641.0,76.0,4.63,-0.083,-1.02,-0.09,-3.779,-0.566,-23.759,0,1,1,100.0
29,36.0,1,20.0,0.0,6,2,8.1904,-0.004599999999999994,-0.67592,1.6895999999999998,38.0,25.8492,0,17.0,1641.0,76.0,4.054000000000001,-0.07280000000000002,-1.0236,-0.09359999999999999,-3.2324000000000006,-0.4640000000000001,-21.9248,0,1,1,100.0
29,37.0,1,20.0,0.0,6,2,8.1343,-0.009699999999999986,-0.63614,2.0644499999999995,38.0,25.8339,0,17.0,1641.0,76.0,3.493000000000001,-0.06260000000000002,-1.0287,-0.0987,-2.6408000000000014,-0.41300000000000014,-19.849100000000004,0,1,1,100.0
29,38.0,1,20.0,0.0,6,2,8.062999999999999,-0.014799999999999983,-0.6210600000000001,2.5194799999999984,38.0,25.7882,0,17.0,1641.0,76.0,2.9814000000000016,-0.05240000000000004,-1.03,-0.1,-1.9428000000000025,-0.5063999999999995,-17.27940000000001,0,1,1,100.0
29,39.0,1,20.0,0.0,6,2,7.9865,-0.01989999999999998,-0.61443,3.0019399999999976,38.0,25.7321,0,17.0,1641.0,76.0,2.486700000000002,-0.04220000000000005,-1.03,-0.1,-1.2084000000000032,-0.6491999999999994,-14.540700000000012,0,1,1,100.0
29,40.0,1,20.0,0.4,6,2,7.898,-0.024200000000000003,-0.499,3.3568,38.0,25.68,0,17.4,1641.0,76.0,2.06,-0.036,-1.034,-0.10400000000000001,-0.3900000000000001,-0.924,-11.425999999999998,0,1,1,100.0
29,41.0,1,20.0,0.9099999999999995,6,2,7.8062000000000005,-0.028279999999999996,-0.3536500000000002,3.67657,38.0,25.629,0,17.91,1641.0,76.0,1.6520000000000004,-0.030900000000000004,-1.0391000000000001,-0.1091,0.45149999999999885,-1.2350999999999996,-8.207900000000002,0,1,1,100.0
29,42.0,1,20.0,1.0,6,2,7.7459,-0.02963,-0.28516000000000014,3.78235,38.0,25.6116,0,18.0,1641.0,76.0,1.4498000000000004,-0.027900000000000005,-1.04,-0.11,0.9674999999999989,-1.4600999999999995,-6.203600000000003,0,1,1,100.0
29,43.0,1,20.0,1.0,6,2,7.69235,-0.030395,-0.23314000000000018,3.842275,38.0,25.601399999999998,0,18.0,1641.0,76.0,1.2917000000000005,-0.025350000000000008,-1.04,-0.11,1.4137499999999985,-1.6666499999999993,-4.459400000000006,0,1,1,100.0
29,44.0,1,20.0,1.0,6,2,7.638800000000001,-0.031159999999999997,-0.18112000000000023,3.9021999999999997,38.0,25.5912,0,18.0,1641.0,76.0,1.1336000000000006,-0.02280000000000001,-1.04,-0.11,1.8599999999999979,-1.873199999999999,-2.715200000000008,0,1,1,100.0
29,45.0,1,20.0,1.0,6,2,7.58525,-0.031924999999999995,-0.1291000000000003,3.9621249999999995,38.0,25.581,0,18.0,1641.0,76.0,0.9755000000000008,-0.020250000000000015,-1.04,-0.11,2.3062499999999972,-2.079749999999999,-0.97100000000001,0,1,1,100.0
29,46.0,1,20.0,1.0,6,2,7.4696,-0.032,-0.04074000000000011,3.90912,38.0,25.58,0,18.0,1641.0,76.0,0.7484000000000002,-0.015400000000000006,-1.0446,-0.11,3.141199999999999,-2.4955999999999996,2.433799999999996,0,1,1,100.0
29,47.0,1,20.0,1.0,6,2,7.3472,-0.032,0.051569999999999776,3.84384,38.0,25.58,0,18.0,1641.0,76.0,0.5138000000000005,-0.010300000000000012,-1.0497,-0.11,4.018399999999998,-2.9341999999999993,6.019099999999993,0,1,1,100.0
29,48.0,1,20.0,1.0,6,2,6.98,-0.027080000000000007,0.3291599999999997,3.011760000000001,38.0,25.6692,0,18.0,1641.0,76.0,0.07440000000000037,0.0,-1.0648,-0.10520000000000002,6.356799999999997,-4.076799999999999,16.644799999999986,0,1,1,100.0
29,49.0,1,20.0,1.0,6,2,6.8525,-0.02504000000000001,0.42707999999999957,2.711880000000001,38.0,25.689600000000002,0,18.0,1641.0,76.0,-0.037799999999999494,0.0,-1.0699,-0.10010000000000002,7.075899999999996,-4.413399999999998,20.21989999999998,0,1,1,100.0
29,50.0,1,20.0,1.0,6,2,6.735,-0.022500000000000017,0.3855000000000003,2.4460000000000015,38.0,25.74,0,18.0,1641.0,76.0,-0.09999999999999966,0.0,-1.08,-0.1,7.649999999999997,-4.6949999999999985,23.77999999999998,0,1,1,100.0
29,51.0,1,20.0,1.0,6,2,6.617900000000001,-0.019950000000000016,0.34208,2.1793100000000023,38.0,25.790399999999998,0,18.0,1641.0,76.0,-0.16039999999999988,0.0,-1.0901,-0.1,8.217899999999998,-4.974499999999998,27.340099999999975,0,1,1,100.0
29,52.0,1,20.0,1.0,6,2,6.510800000000001,-0.017400000000000006,0.34615999999999997,1.8381200000000006,38.0,25.8108,0,18.0,1641.0,76.0,-0.18079999999999996,0.0,-1.0952000000000002,-0.1,8.6208,-5.204,30.91519999999999,0,1,1,100.0
29,53.0,1,20.0,1.0,6,2,6.404600000000001,-0.014820000000000026,0.3512299999999998,1.4967800000000029,38.0,25.8309,0,18.0,1641.0,76.0,-0.19850000000000023,0.0,-1.1006,-0.09970000000000005,9.013199999999998,-5.431999999999998,34.49269999999997,0,1,1,100.0
29,54.0,1,20.0,1.0,6,2,6.312800000000001,-0.011760000000000013,0.3721399999999999,1.1530400000000014,38.0,25.8462,0,18.0,1641.0,76.0,-0.17300000000000013,0.0,-1.1108,-0.09460000000000002,9.237599999999999,-5.635999999999999,38.10859999999998,0,1,1,100.0
29,55.0,1,20.0,1.0,6,2,6.22675,-0.008875,0.3852,0.8288249999999999,38.0,25.86,0,18.0,1641.0,76.0,-0.14625,0.0,-1.1205,-0.09,9.44225,-5.831,41.549499999999995,0,1,1,100.0
29,56.0,1,20.0,1.0,6,2,6.1936,-0.007600000000000008,0.3260400000000004,0.684240000000001,38.0,25.86,0,18.0,1641.0,76.0,-0.10800000000000025,0.0,-1.1256,-0.09,9.4652,-5.943199999999999,43.38039999999999,0,1,1,100.0
29,57.0,1,20.0,1.0,6,2,6.16045,-0.0063250000000000025,0.2668800000000001,0.5396550000000003,38.0,25.86,0,18.0,1641.0,76.0,-0.06975000000000008,0.0,-1.1307,-0.09,9.48815,-6.0554,45.211299999999994,0,1,1,100.0
29,58.0,1,20.0,1.0,6,2,6.1273,-0.005050000000000011,0.20772000000000052,0.3950700000000013,38.0,25.86,0,18.0,1641.0,76.0,-0.03150000000000034,0.0,-1.1358,-0.09,9.511099999999999,-6.167599999999999,47.04219999999998,0,1,1,100.0
29,59.0,1,20.0,1.0,6,2,6.098199999999999,-0.003910000000000002,0.16364999999999988,0.25920000000000043,38.0,25.86,0,18.0,1641.0,76.0,0.007499999999999811,-0.0002999999999999924,-1.1405999999999998,-0.09,9.524,-6.2764999999999995,48.761799999999994,0,1,1,100.0
29,60.0,1,20.0,1.0,6,2,6.088,-0.0034000000000000002,0.19,0.164,38.0,25.86,0,18.0,1641.0,76.0,0.05,-0.002,-1.144,-0.09,9.49,-6.37,49.961999999999996,0,1,1,100.0
29,61.0,1,20.0,1.0,6,2,6.0778,-0.0028900000000000032,0.21634999999999982,0.06880000000000064,38.0,25.86,0,18.0,1641.0,76.0,0.09249999999999972,-0.0036999999999999885,-1.1474,-0.09,9.456,-6.463499999999999,51.16219999999999,0,1,1,100.0
29,62.0,1,20.0,1.0,6,2,6.0676,-0.002380000000000001,0.24269999999999994,-0.026399999999999788,38.0,25.86,0,18.0,1641.0,76.0,0.1349999999999999,-0.005399999999999996,-1.1507999999999998,-0.09,9.422,-6.5569999999999995,52.362399999999994,0,1,1,100.0
29,63.0,1,20.0,1.0,6,2,6.0574,-0.0018700000000000045,0.2690499999999998,-0.12159999999999917,38.0,25.86,0,18.0,1641.0,76.0,0.17749999999999963,-0.007099999999999985,-1.1542,-0.09,9.388,-6.650499999999999,53.56259999999999,0,1,1,100.0
29,64.0,1,20.0,1.0,6,2,6.0472,-0.0013600000000000023,0.2953999999999999,-0.2167999999999996,38.0,25.86,0,18.0,1641.0,76.0,0.2199999999999998,-0.008799999999999992,-1.1576,-0.09,9.354000000000001,-6.743999999999999,54.76279999999999,0,1,1,100.0
29,65.0,1,20.0,1.0,6,2,6.3175,0.0008500000000000001,-0.028800000000000003,-0.1421,38.0,25.86,0,18.0,1641.0,76.0,1.1295000000000002,-0.021500000000000002,-1.1684999999999999,-0.09,7.5265,-8.4765,70.6745,0,1,1,100.0
29,66.0,1,20.0,1.0,6,2,6.444999999999999,0.0003400000000000034,-0.014520000000000097,-0.057440000000000574,38.0,25.86,0,18.0,1641.0,76.0,1.1957999999999995,-0.026599999999999964,-1.1634,-0.09,7.1746000000000025,-8.634599999999999,71.1998,0,1,1,100.0
29,67.0,1,20.0,1.0,6,2,6.5878,-0.00016999999999999887,-0.01587999999999993,0.02296999999999984,38.0,25.86,0,18.0,1641.0,76.0,1.2383,-0.02830000000000001,-1.1549,-0.09,6.829500000000001,-8.7638,71.2865,0,1,1,100.0
29,68.0,1,20.0,1.0,6,2,6.761199999999999,-0.0006799999999999955,-0.04851999999999971,0.09487999999999937,38.0,25.86,0,18.0,1641.0,76.0,1.2332,-0.023200000000000047,-1.1396,-0.09,6.498000000000003,-8.8352,70.49600000000001,0,1,1,100.0
29,69.0,1,20.0,0.8100000000000023,6,2,6.949799999999999,-0.0011899999999999977,-0.0771699999999999,0.16070999999999977,38.0,25.86,0,17.810000000000002,1641.0,76.0,1.1996000000000004,-0.02,-1.1243,-0.09,6.179800000000001,-8.8686,69.19630000000001,0,1,1,100.0
29,70.0,1,20.0,0.29999999999999993,6,2,7.164,-0.0017000000000000001,-0.09910000000000001,0.2163,38.0,25.86,0,17.3,1641.0,76.0,1.118,-0.02,-1.109,-0.09,5.884,-8.838000000000001,67.039,0,1,1,100.0
29,71.0,1,20.0,0.2099999999999966,6,2,7.399199999999998,-0.002,-0.09121000000000033,0.2855399999999994,38.0,25.86,0,17.209999999999997,1641.0,76.0,1.009100000000001,-0.017900000000000034,-1.0937000000000001,-0.09,5.605000000000001,-8.757000000000001,64.33570000000002,0,1,1,100.0
29,72.0,1,20.0,0.7199999999999989,6,2,7.664399999999999,-0.002,-0.04072000000000011,0.3742799999999998,38.0,25.86,0,17.72,1641.0,76.0,0.8612000000000004,-0.012800000000000011,-1.0784,-0.09,5.3500000000000005,-8.604000000000001,60.8524,0,1,1,100.0
29,73.0,1,20.0,1.0,6,2,7.943399999999997,-0.0022299999999999954,-0.01759999999999991,0.44507999999999953,38.0,25.86,0,18.0,1641.0,76.22999999999999,0.6926000000000018,-0.01,-1.0608000000000002,-0.09,5.111100000000002,-8.382000000000003,56.82860000000004,0,1,1,100.0
29,74.0,1,20.0,1.0,1,5,8.239199999999999,-0.0027399999999999976,-0.027799999999999957,0.4940399999999998,38.0,25.86,0,18.0,1641.0,76.74,0.4988000000000009,-0.01,-1.0404000000000002,-0.09,4.891800000000001,-8.076,52.14680000000002,0,1,1,100.0
29,75.0,1,20.0,0.9166666666666666,1,5,8.444166666666668,-0.0030833333333333333,-0.03883333333333333,0.51125,38.0,25.854166666666668,0,18.083333333333332,1641.0,77.0,0.3675,-0.009166666666666667,-1.0266666666666666,-0.08916666666666666,4.7475000000000005,-7.8275,48.846666666666664,0,1,1,100.0
29,76.0,1,20.0,0.7466666666666678,1,5,8.554666666666666,-0.0032533333333333325,-0.050733333333333255,0.4954400000000001,38.0,25.842266666666667,0,18.253333333333334,1641.0,77.0,0.30120000000000047,-0.007466666666666679,-1.0198666666666667,-0.08746666666666668,4.6812000000000005,-7.638800000000001,46.98346666666668,0,1,1,100.0
29,77.0,1,20.0,0.5766666666666671,1,5,8.665166666666666,-0.003423333333333333,-0.0626333333333333,0.47963000000000006,38.0,25.830366666666666,0,18.423333333333332,1641.0,77.0,0.23490000000000016,-0.005766666666666671,-1.0130666666666668,-0.08576666666666667,4.6149000000000004,-7.4501,45.120266666666666,0,1,1,100.0
29,78.0,1,20.0,0.4066666666666682,1,5,8.775666666666666,-0.003593333333333332,-0.07453333333333323,0.4638200000000001,38.0,25.818466666666666,0,18.59333333333333,1641.0,77.0,0.16860000000000058,-0.004066666666666682,-1.0062666666666666,-0.08406666666666668,4.5486,-7.261400000000001,43.25706666666668,0,1,1,100.0
29,79.0,1,20.0,0.23666666666666744,1,5,8.886166666666666,-0.0037633333333333325,-0.08643333333333328,0.4480100000000001,38.0,25.806566666666665,0,18.763333333333332,1641.0,77.0,0.1023000000000003,-0.002366666666666675,-0.9994666666666667,-0.08236666666666667,4.4823,-7.0727,41.393866666666675,0,1,1,100.0
29,80.0,1,20.0,0.06666666666666668,1,5,8.996666666666666,-0.003933333333333334,-0.09833333333333333,0.4322,38.0,25.794666666666664,0,18.933333333333334,1641.0,77.0,0.03599999999999999,-0.0006666666666666672,-0.9926666666666667,-0.08066666666666666,4.4159999999999995,-6.8839999999999995,39.53066666666666,0,1,1,100.0
29,81.0,1,20.0,0.0,1,5,10.660099999999998,-0.10477999999999987,-2.726620000000002,-1.8300699999999965,38.0,25.6983,0,19.0,1641.0,77.0,-0.32110000000000066,0.006900000000000035,-0.9076000000000002,-0.08309999999999997,3.626300000000001,-1.79860000000001,10.426400000000044,0,1,1,100.0
29,82.0,1,20.0,0.0,1,5,11.0222,-0.12415999999999996,-2.421640000000001,-2.3385399999999987,38.0,25.662599999999998,0,19.0,1641.0,77.0,-0.22420000000000023,0.0018000000000000114,-0.8872000000000001,-0.08819999999999999,3.4886000000000004,-0.29920000000000346,4.020800000000015,0,1,1,100.0
29,83.0,1,20.0,0.0,1,5,11.2655,-0.13611499999999993,-2.247835000000001,-2.6278899999999985,38.0,25.63845,0,19.0,1641.0,77.0,-0.1025500000000012,-0.0016499999999999772,-0.8767,-0.09,3.4020500000000005,0.7695499999999926,-0.2760999999999719,0,1,1,100.0
29,84.0,1,20.0,0.0,1,5,11.443999999999999,-0.14401999999999998,-2.1455800000000007,-2.797719999999999,38.0,25.6206,0,19.0,1641.0,77.0,0.03259999999999942,-0.0041999999999999885,-0.8716,-0.09,3.3434000000000004,1.6033999999999964,-3.422799999999986,0,1,1,100.0
29,85.0,1,20.0,0.0,1,6,11.622499999999999,-0.15192499999999992,-2.043325000000001,-2.967549999999998,38.0,25.60275,0,19.0,1641.0,77.0,0.16774999999999854,-0.006749999999999971,-0.8665,-0.09,3.2847500000000007,2.437249999999991,-6.569499999999965,0,1,1,100.0
29,86.0,1,20.0,0.0,1,6,11.800999999999998,-0.15982999999999994,-1.9410700000000007,-3.137379999999999,38.0,25.584899999999998,0,19.0,1641.0,77.0,0.30289999999999917,-0.009299999999999984,-0.8614,-0.09,3.2261,3.2710999999999943,-9.71619999999998,0,1,1,100.0
29,87.0,1,20.0,0.0,1,6,12.7046,-0.18818,-1.1491100000000005,-4.273019999999999,38.0,25.4182,0,19.0,1641.0,77.0,1.7905999999999984,-0.027399999999999976,-0.8362999999999999,-0.09369999999999999,2.8790000000000004,7.924799999999997,-26.627699999999987,0,1,1,100.0
29,88.0,1,20.0,0.0,1,6,13.000399999999997,-0.19531999999999994,-0.9466400000000018,-4.704479999999996,38.0,25.346799999999998,0,19.0,1641.0,77.0,2.494399999999994,-0.03759999999999991,-0.8312,-0.09879999999999996,2.7260000000000013,9.475199999999987,-32.34479999999995,0,1,1,100.0
29,89.0,1,20.0,0.0,1,6,13.264999999999999,-0.20089999999999997,-0.735590000000001,-5.046629999999999,38.0,25.302699999999998,0,19.0,1641.0,77.0,3.358099999999996,-0.047799999999999954,-0.83,-0.1,2.557400000000001,10.791599999999994,-37.714799999999975,0,1,1,100.0
29,90.0,1,20.0,0.0,1,6,13.519999999999998,-0.20599999999999993,-0.5219000000000024,-5.361299999999996,38.0,25.267000000000003,0,19.0,1641.0,77.0,4.27099999999999,-0.057999999999999885,-0.83,-0.1,2.384000000000002,12.035999999999985,-42.97799999999994,0,1,1,100.0
29,91.0,1,20.0,0.0,1,6,13.64995,-0.20822999999999997,-0.4463800000000003,-5.538004999999999,38.0,25.24565,0,19.0,1641.0,77.0,4.890749999999996,-0.06819999999999993,-0.83,-0.10204999999999999,2.2659500000000006,12.595699999999997,-45.88369999999998,0,1,1,100.0
29,92.0,1,20.0,0.0,1,6,13.7494,-0.20976,-0.4045600000000001,-5.6810599999999996,38.0,25.227800000000002,0,19.0,1641.0,77.0,5.438999999999998,-0.07839999999999998,-0.83,-0.1046,2.1614000000000004,12.988399999999999,-48.21439999999999,0,1,1,100.0
29,93.0,1,20.0,0.0,1,6,13.84885,-0.21128999999999998,-0.3627400000000004,-5.824114999999999,38.0,25.209950000000003,0,19.0,1641.0,77.0,5.987249999999995,-0.08859999999999991,-0.83,-0.10714999999999998,2.0568500000000007,13.381099999999996,-50.54509999999998,0,1,1,100.0
29,94.0,1,20.0,0.0,1,6,13.9483,-0.21281999999999998,-0.3209200000000002,-5.967169999999999,38.0,25.1921,0,19.0,1641.0,77.0,6.535499999999997,-0.09879999999999996,-0.83,-0.10969999999999999,1.9523000000000004,13.773799999999998,-52.87579999999999,0,1,1,100.0
29,95.0,1,20.0,0.0,1,6,14.081499999999998,-0.21389999999999998,-0.24175000000000094,-6.183799999999997,38.0,25.145,0,19.0,1641.0,77.0,7.679999999999986,-0.11349999999999984,-0.8389999999999999,-0.11449999999999994,1.6565000000000036,14.049499999999997,-56.56999999999996,0,1,1,100.0
29,96.0,1,20.0,0.0,1,6,14.219199999999999,-0.21492,-0.15760000000000055,-6.410239999999998,38.0,25.094,0,19.0,1641.0,77.0,8.903999999999991,-0.12879999999999991,-0.8492,-0.11959999999999996,1.3352000000000022,14.309599999999998,-60.44599999999998,0,1,1,100.0
29,97.0,1,20.0,0.0,1,6,14.3794,-0.21271,0.3127399999999993,-7.375149999999998,38.0,24.8884,0,19.0,1641.0,77.0,12.575099999999997,-0.19879999999999995,-0.8794,-0.13,0.4720000000000005,14.335799999999999,-67.5931,0,1,1,100.0
29,98.0,1,20.0,0.0,1,6,14.3896,-0.20914000000000002,0.6401599999999972,-8.061099999999993,38.0,24.7456,0,19.0,1641.0,77.0,13.76339999999999,-0.2191999999999998,-0.8896,-0.13,0.26800000000000185,14.4072,-68.9854,0,1,1,100.0
29,99.0,1,20.0,0.0,1,6,14.3263,-0.20753,0.31490000000000157,-7.782240000000002,38.0,24.8086,0,19.0,1641.0,77.0,14.760599999999997,-0.23959999999999992,-0.9096,-0.12510000000000002,0.23550000000000013,14.865699999999999,-68.8979,0,1,1,100.0
29,100.0,1,20.0,0.0,3,7,14.26,-0.206,-0.037,-7.464,38.0,24.88,0,19.0,1641.0,77.0,15.75,-0.26,-0.93,-0.12,0.21,15.34,-68.75,0,1,1,100.0
30,0.0,1,20.0,0.0,0,1,8.43,-0.059,1.229,-2.373,39.0,25.83,0,19.0,1641.0,77.0,15.72,-0.31,-1.08,0.02,-3.92,7.29,0.03,0,1,1,100.0
30,1.0,1,20.0,0.0,0,1,8.1014,-0.05105,1.01064,-1.5721700000000003,39.0,25.83,0,19.0,1641.0,77.0,15.4338,-0.2994,-1.08,0.014700000000000001,-4.3175,5.101100000000001,1.6995000000000002,0,1,1,100.0
30,2.0,1,20.0,0.0,0,1,7.775799999999999,-0.044,0.817,-0.862,39.0,25.83,0,20.2,1641.0,77.0,15.1488,-0.2894,-1.08,0.0094,-4.6916,2.9464,3.3126,0,1,1,100.0
30,3.0,1,20.0,0.0,0,1,7.4737,-0.044,0.817,-0.862,39.0,25.83,0,30.799999999999997,1641.0,77.0,14.8732,-0.2841,-1.08,0.004100000000000001,-4.8824,1.0596000000000008,4.483899999999999,0,1,1,100.0
30,4.0,1,20.0,0.0,0,1,7.21,-0.044,0.817,-0.862,39.0,25.83,0,40.2,1641.0,77.0,14.6282,-0.27940000000000004,-1.08,-0.0005999999999999996,-5.027,-0.5673999999999999,5.5058,0,1,1,100.0
30,5.0,1,20.0,0.0,0,1,7.077500000000001,-0.044,0.817,-0.862,39.0,25.83,0,45.5,1641.0,77.0,14.48775,-0.27675000000000005,-1.08,-0.0032500000000000003,-5.01375,-1.30675,6.01725,0,1,1,100.0
30,6.0,1,20.0,0.0,0,1,6.945,-0.044,0.817,-0.862,39.0,25.83,0,50.8,1641.0,77.0,14.3473,-0.2741,-1.08,-0.005899999999999999,-5.000500000000001,-2.0460999999999996,6.5287,0,1,1,100.0
30,7.0,1,20.0,0.0,0,1,6.8125,-0.044,0.817,-0.862,39.0,25.83,0,56.1,1641.0,77.0,14.206850000000001,-0.27145,-1.08,-0.00855,-4.98725,-2.7854500000000004,7.040150000000001,0,1,1,100.0
30,8.0,1,20.0,0.0,0,1,6.236,-0.07644,-2.6230800000000003,0.0,39.0,25.9,0,6.0,1641.0,77.0,13.4972,-0.2576,-1.07,-0.0224,-4.4852,-5.5291999999999994,9.706,0,1,1,100.0
30,9.0,1,20.0,0.0,0,1,6.0505,-0.07962,-0.9625900000000012,0.0,39.0,25.9,0,6.0,1641.0,77.0,13.2481,-0.2523,-1.07,-0.027699999999999995,-4.2096,-6.2341,10.713,0,1,1,100.0
30,10.0,1,20.0,0.0,0,1,5.8919999999999995,-0.08220000000000001,-0.2201,0.0,39.0,25.9,0,6.0,1641.0,77.0,13.023,-0.247,-1.0670000000000002,-0.03,-3.9219999999999997,-6.7620000000000005,11.651,0,1,1,100.0
30,11.0,1,20.0,0.0,0,1,5.7542,-0.08432,-0.18141000000000002,0.0,39.0,25.9,0,6.0,1641.0,77.0,12.8163,-0.2417,-1.0617,-0.03,-3.6252,-7.1542,12.5361,0,1,1,100.0
30,12.0,1,20.0,0.0,0,1,5.638,-0.085,-0.07036000000000016,0.0,39.0,25.9,0,6.0,1641.0,77.0,12.6384,-0.2364,-1.06,-0.03359999999999999,-3.3536,-7.37,13.251999999999999,0,1,1,100.0
30,13.0,1,20.0,0.0,0,1,5.532,-0.085,0.07485999999999976,0.0,39.0,25.9,0,6.0,1641.0,77.0,12.4741,-0.23110000000000003,-1.06,-0.03889999999999999,-3.0939000000000005,-7.5025,13.887999999999998,0,1,1,100.0
30,14.0,1,20.0,0.0,0,1,5.4596,-0.08458,0.048299999999999954,0.0,39.0,25.9,0,6.0,1641.0,77.0,12.3434,-0.23,-1.0558,-0.04,-2.893,-7.4796000000000005,14.2384,0,1,1,100.0
30,15.0,1,20.0,0.0,0,1,5.396,-0.08405,-0.02325000000000002,0.0,39.0,25.9,0,6.0,1641.0,77.0,12.2215,-0.23,-1.0505,-0.04,-2.7075,-7.416,14.514,0,1,1,100.0
30,16.0,1,20.0,0.0,0,1,5.366,-0.08256000000000001,0.10343999999999993,0.0,39.0,25.9,0,6.0,1641.0,77.0,12.128400000000001,-0.2252,-1.0452000000000001,-0.04,-2.5844,-7.2228,14.4248,0,1,1,100.0
30,17.0,1,20.0,0.0,0,1,5.34,-0.080985,0.24803,0.0,39.0,25.9,0,6.0,1641.0,77.0,12.039299999999999,-0.22,-1.03995,-0.04,-2.4694000000000003,-7.017049999999999,14.295150000000001,0,1,1,100.0
30,18.0,1,20.0,0.0,0,1,5.34,-0.08019,0.24962,0.0,39.0,25.9,0,6.0,1641.0,77.0,12.0022,-0.22,-1.0373,-0.04,-2.4376,-6.8607,14.038100000000002,0,1,1,100.0
30,19.0,1,20.0,0.0,0,1,5.34,-0.07939500000000001,0.25121,0.0,39.0,25.9,0,6.0,1641.0,77.0,11.9651,-0.22,-1.03465,-0.04,-2.4058,-6.70435,13.78105,0,1,1,100.0
30,20.0,1,20.0,0.0,0,1,5.34,-0.0786,0.2528,0.0,39.0,25.9,0,6.0,1641.0,77.0,11.928,-0.22,-1.032,-0.04,-2.374,-6.548,13.524000000000001,0,1,1,100.0
30,21.0,1,20.0,0.0,0,1,5.3478,-0.07748000000000001,0.25387,0.0,39.0,25.9,0,6.0,1641.0,77.0,11.8792,-0.2187,-1.03,-0.04,-2.3422,-6.3364,13.1233,0,1,1,100.0
30,22.0,1,20.0,0.0,0,1,5.3796,-0.07536,0.25334,0.0,39.0,25.9,0,6.0,1641.0,77.0,11.7944,-0.2134,-1.03,-0.04,-2.3104,-5.9548000000000005,12.280600000000002,0,1,1,100.0
30,23.0,1,20.0,0.0,0,1,5.5385,-0.06729000000000002,0.4692799999999997,0.0,39.0,25.9,0,6.0,1641.0,77.0,11.484399999999999,-0.2081,-1.02,-0.05,-2.2348,-4.766100000000001,9.206400000000002,0,1,1,100.0
30,24.0,1,20.0,0.0,0,1,5.617999999999999,-0.06252,0.6346399999999996,0.0,39.0,25.9,0,6.0,1641.0,77.0,11.357199999999999,-0.2028,-1.02,-0.05,-2.1924,-4.336800000000001,7.913200000000003,0,1,1,100.0
30,25.0,1,20.0,0.0,0,1,5.705,-0.057749999999999996,0.6769999999999999,0.0,39.0,25.9,0,6.0,1641.0,77.0,11.2175,-0.2,-1.02,-0.05,-2.135,-3.915,6.5525,0,1,1,100.0
30,26.0,1,20.0,0.0,0,1,5.8004,-0.05298000000000001,0.5816000000000003,0.0,39.0,25.9,0,6.0,1641.0,77.0,11.0638,-0.2,-1.02,-0.05,-2.0608,-3.5016000000000016,5.1162000000000045,0,1,1,100.0
30,27.0,1,20.0,0.0,0,1,5.9051,-0.04852,0.6105099999999999,0.0,39.0,25.8876,0,6.0,1641.0,77.0,10.8977,-0.19690000000000002,-1.02,-0.053099999999999994,-1.9556,-3.1037000000000003,3.6303000000000014,0,1,1,100.0
30,28.0,1,20.0,0.0,0,1,6.0164,-0.04427999999999999,0.7276400000000002,0.0,39.0,25.8664,0,6.0,1641.0,77.0,10.7228,-0.1916,-1.02,-0.05840000000000001,-1.8283999999999998,-2.7167999999999997,2.109199999999998,0,1,1,100.0
30,29.0,1,20.0,0.3699999999999989,0,1,6.131399999999999,-0.03856000000000001,0.6971400000000002,0.0,39.0,25.86,0,6.369999999999999,1641.0,77.0,10.536800000000001,-0.18630000000000002,-1.02,-0.06,-1.6642000000000003,-2.3595000000000006,0.5548000000000033,0,1,1,100.0
30,30.0,1,20.0,0.9,0,1,6.247999999999999,-0.0322,0.6028,0.0,39.0,25.86,0,6.9,1641.0,77.0,10.346,-0.181,-1.02,-0.06,-1.484,-2.015,-1.014,0,1,1,100.0
30,31.0,1,20.0,1.0,0,1,6.364599999999999,-0.02799000000000001,0.4779300000000004,0.0,39.0,25.8772,0,7.0,1641.0,77.0,10.1423,-0.18,-1.0157,-0.06,-1.2694000000000007,-1.700600000000001,-2.5526999999999953,0,1,1,100.0
30,32.0,1,20.0,1.0,0,1,6.4812,-0.024280000000000006,0.34596000000000016,0.0,39.0,25.8984,0,7.0,1641.0,77.0,9.9356,-0.18,-1.0104,-0.06,-1.0468000000000002,-1.3932000000000004,-4.084399999999999,0,1,1,100.0
30,33.0,1,20.0,1.0,0,1,6.5978,-0.022039999999999997,0.31296999999999997,0.0,39.0,25.9,0,7.0,1641.0,77.0,9.7093,-0.1751,-1.01,-0.06490000000000001,-0.7849999999999997,-1.1298999999999997,-5.508300000000002,0,1,1,100.0
30,34.0,1,20.0,0.9900000000000005,6,2,6.7120999999999995,-0.01997,0.2915599999999998,-0.0004899999999999721,39.0,25.8996,0,7.109999999999994,1641.0,77.0,9.4852,-0.16990000000000002,-1.01,-0.07,-0.5243000000000003,-0.8760000000000002,-6.893499999999999,0,1,1,100.0
30,35.0,1,20.0,0.725,6,2,6.76775,-0.019175,0.3594,-0.013474999999999999,39.0,25.889,0,10.025,1641.0,77.0,9.358,-0.16725,-1.01,-0.07,-0.37325,-0.77,-7.51625,0,1,1,100.0
30,36.0,1,20.0,0.4600000000000008,6,2,6.8233999999999995,-0.018380000000000004,0.4272399999999998,-0.026459999999999956,39.0,25.8784,0,12.93999999999999,1641.0,77.0,9.2308,-0.16460000000000002,-1.01,-0.07,-0.22220000000000045,-0.6640000000000004,-8.138999999999998,0,1,1,100.0
30,37.0,1,20.0,0.19500000000000023,6,2,6.87905,-0.017585000000000003,0.49507999999999996,-0.03944499999999999,39.0,25.8678,0,15.854999999999997,1641.0,77.0,9.1036,-0.16195,-1.01,-0.07,-0.07115000000000012,-0.5580000000000002,-8.76175,0,1,1,100.0
30,38.0,1,20.0,0.0,6,2,7.143800000000001,-0.009439999999999999,0.37509999999999977,0.09366000000000012,39.0,25.86,0,18.0,1641.0,77.0,8.3946,-0.14859999999999998,-1.02,-0.07,0.7694000000000004,-0.11779999999999986,-11.2638,0,1,1,100.0
30,39.0,1,20.0,0.0,6,2,7.2339,-0.0073200000000000045,0.17105000000000042,0.20972999999999972,39.0,25.86,0,18.0,1641.0,77.0,8.0713,-0.1433,-1.02,-0.07,1.145699999999999,0.004099999999999742,-11.883899999999999,0,1,1,100.0
30,40.0,1,20.0,0.2,6,2,7.32,-0.006,0.026,0.36479999999999996,39.0,25.86,0,18.2,1641.0,77.0,7.73,-0.138,-1.02,-0.07,1.54,0.098,-12.31,0,1,1,100.0
30,41.0,1,20.0,0.7299999999999983,6,2,7.3995,-0.006,-0.021699999999999844,0.5842199999999993,39.0,25.86,0,18.729999999999997,1641.0,77.0,7.359000000000001,-0.1327,-1.02,-0.07,1.9639999999999986,0.14569999999999986,-12.416,0,1,1,100.0
30,42.0,1,20.0,0.7400000000000005,6,2,7.4686,-0.007039999999999998,-0.11385999999999985,0.8574599999999996,39.0,25.8522,0,18.740000000000002,1641.0,77.0,6.964600000000001,-0.12480000000000001,-1.0226,-0.0726,2.4217999999999997,0.14400000000000007,-12.2048,0,1,1,100.0
30,43.0,1,20.0,0.20999999999999938,6,2,7.5269,-0.009160000000000003,-0.25219000000000014,1.1865900000000003,39.0,25.836299999999998,0,18.21,1641.0,77.0,6.5459,-0.1142,-1.0279,-0.07790000000000001,2.9147000000000003,0.09099999999999996,-11.6642,0,1,1,100.0
30,44.0,1,20.0,0.3199999999999989,6,2,7.5756,-0.012239999999999992,-0.36971999999999977,1.6360399999999988,39.0,25.8172,0,18.32,1641.0,77.0,6.114400000000001,-0.10680000000000002,-1.03,-0.08,3.433199999999999,-0.02599999999999967,-10.691600000000003,0,1,1,100.0
30,45.0,1,20.0,0.8500000000000001,6,2,7.618,-0.015950000000000002,-0.47359999999999997,2.16445,39.0,25.796,0,18.85,1641.0,77.0,5.6745,-0.1015,-1.03,-0.08,3.9685,-0.18500000000000005,-9.4355,0,1,1,100.0
30,46.0,1,20.0,1.0,6,2,7.649,-0.02003999999999999,-0.46918000000000015,2.6673999999999984,39.0,25.752,0,19.0,1641.0,77.0,5.238400000000001,-0.09620000000000002,-1.0338,-0.08,4.492399999999998,-0.4503999999999991,-7.677800000000006,0,1,1,100.0
30,47.0,1,20.0,1.0,6,2,7.6754999999999995,-0.024279999999999996,-0.42201000000000005,3.1602999999999994,39.0,25.699,0,19.0,1641.0,77.0,4.803800000000001,-0.09090000000000001,-1.0391000000000001,-0.08,5.011799999999999,-0.7577999999999998,-5.722100000000002,0,1,1,100.0
30,48.0,1,20.0,1.0,6,2,7.6888,-0.026319999999999993,-0.21336000000000105,3.28756,39.0,25.6724,0,19.0,1641.0,77.0,4.3648000000000025,-0.08120000000000005,-1.0444,-0.08,5.460799999999998,-1.210399999999998,-3.238400000000011,0,1,1,100.0
30,49.0,1,20.0,1.0,6,2,7.6994,-0.027909999999999997,0.02831999999999945,3.34003,39.0,25.6512,0,19.0,1641.0,77.0,3.924900000000001,-0.07060000000000002,-1.0497,-0.08,5.895399999999999,-1.692699999999999,-0.6467000000000054,0,1,1,100.0
30,50.0,1,20.0,1.0,6,2,7.6975,-0.02725,0.10775,3.17525,39.0,25.66,0,19.0,1641.0,77.0,3.6925,-0.0675,-1.0525,-0.08,6.0625,-2.0275,1.005,0,1,1,100.0
30,51.0,1,20.0,1.0,6,2,7.694850000000001,-0.026455,0.17744500000000016,2.997435,39.0,25.6706,0,19.0,1641.0,77.0,3.4725499999999996,-0.06484999999999999,-1.05515,-0.08,6.213550000000001,-2.353450000000001,2.6003000000000034,0,1,1,100.0
30,52.0,1,20.0,1.0,6,2,7.692200000000001,-0.025660000000000006,0.24713999999999955,2.8196200000000013,39.0,25.6812,0,19.0,1641.0,77.0,3.2526000000000015,-0.06220000000000002,-1.0578,-0.08,6.364599999999999,-2.679399999999998,4.19559999999999,0,1,1,100.0
30,53.0,1,20.0,1.0,6,2,7.646400000000001,-0.019370000000000016,0.3017599999999996,1.9356600000000017,39.0,25.793599999999998,0,19.0,1641.0,77.0,2.2524000000000015,-0.039100000000000024,-1.0818,-0.08,6.682900000000001,-4.679199999999995,13.156699999999983,0,1,1,100.0
30,54.0,1,20.0,1.0,6,2,7.6252,-0.015660000000000007,0.3886799999999998,1.4978800000000008,39.0,25.814799999999998,0,19.0,1641.0,77.0,1.9132000000000007,-0.03380000000000001,-1.0924,-0.08,6.5822,-5.6755999999999975,17.200599999999994,0,1,1,100.0
30,55.0,1,20.0,1.0,6,2,7.60625,-0.012549999999999999,0.4426,1.142375,39.0,25.83225,0,19.0,1641.0,77.0,1.63625,-0.029249999999999998,-1.1015000000000001,-0.08075,6.46425,-6.558,20.700750000000003,0,1,1,100.0
30,56.0,1,20.0,1.0,6,2,7.593,-0.010959999999999996,0.41291999999999995,0.9952999999999996,39.0,25.8402,0,19.0,1641.0,77.0,1.5169999999999997,-0.026599999999999995,-1.1068,-0.0834,6.3026,-7.151600000000001,22.823400000000007,0,1,1,100.0
30,57.0,1,20.0,1.0,6,2,7.57975,-0.00937000000000001,0.3832400000000002,0.8482250000000009,39.0,25.84815,0,19.0,1641.0,77.0,1.3977500000000007,-0.023950000000000016,-1.1121,-0.08604999999999999,6.140950000000001,-7.745199999999997,24.946049999999985,0,1,1,100.0
30,58.0,1,20.0,1.0,6,2,7.5665,-0.0077800000000000065,0.35356000000000015,0.7011500000000006,39.0,25.856099999999998,0,19.0,1641.0,77.0,1.2785000000000004,-0.021300000000000013,-1.1174000000000002,-0.08869999999999999,5.979300000000001,-8.338799999999997,27.06869999999999,0,1,1,100.0
30,59.0,1,20.0,1.0,6,2,7.5146,-0.003460000000000002,0.13109000000000004,0.11762000000000022,39.0,25.86,0,19.0,1641.0,77.0,0.9792000000000001,-0.02,-1.1426999999999998,-0.09,4.603300000000001,-12.061899999999996,38.00479999999999,0,1,1,100.0
30,60.0,1,20.0,1.0,6,2,7.504,-0.0024000000000000002,0.1136,0.014800000000000008,39.0,25.86,0,19.0,1641.0,77.0,0.958,-0.02,-1.148,-0.09,3.962,-13.636,41.842,0,1,1,100.0
30,61.0,1,20.0,1.0,6,2,7.5033,-0.002,0.08917999999999994,0.03276000000000019,39.0,25.86,0,19.0,1641.0,77.0,0.9698,-0.02,-1.1533,-0.09,3.2843999999999984,-15.289300000000004,45.22710000000001,0,1,1,100.0
30,62.0,1,20.0,1.0,6,2,7.5085999999999995,-0.002,0.060560000000000176,0.12391999999999942,39.0,25.86,0,19.0,1641.0,77.0,1.0015999999999998,-0.02,-1.1585999999999999,-0.09,2.5848000000000044,-16.99059999999999,48.33819999999998,0,1,1,100.0
30,63.0,1,20.0,1.0,6,2,7.533399999999999,-0.002,-0.025389999999999545,0.1819299999999998,39.0,25.86,0,19.0,1641.0,77.0,1.0412,-0.02,-1.16,-0.09,1.8891000000000029,-18.730899999999995,50.71609999999999,0,1,1,100.0
30,64.0,1,20.0,1.0,6,2,7.5652,-0.002,-0.13191999999999976,0.22803999999999988,39.0,25.86,0,19.0,1641.0,77.0,1.0836,-0.02,-1.16,-0.09,1.1948000000000016,-20.485199999999995,52.830799999999996,0,1,1,100.0
30,65.0,1,20.0,1.0,6,2,7.615,-0.00245,-0.0697,0.31644999999999995,39.0,25.86,0,19.0,1641.0,77.0,1.09,-0.02,-1.1555,-0.09,0.5455000000000001,-22.19,53.942,0,1,1,100.0
30,66.0,1,20.0,1.0,6,2,7.668,-0.0029800000000000013,0.022520000000000193,0.4123800000000002,39.0,25.86,0,19.0,1641.0,77.0,1.09,-0.02,-1.1502,-0.09,-0.09580000000000126,-23.886000000000003,54.8748,0,1,1,100.0
30,67.0,1,20.0,1.0,6,2,7.7108,-0.0032549999999999983,-0.0010299999999998206,0.4746499999999996,39.0,25.86,0,19.0,1641.0,77.0,1.0517500000000004,-0.02,-1.1474499999999999,-0.09,-0.38774999999999815,-24.646149999999995,54.74425,0,1,1,100.0
30,68.0,1,20.0,1.0,6,2,7.7532,-0.003519999999999999,-0.029119999999999882,0.5355999999999997,39.0,25.86,0,19.0,1641.0,77.0,1.0120000000000002,-0.02,-1.1447999999999998,-0.09,-0.6659999999999987,-25.369599999999995,54.571999999999996,0,1,1,100.0
30,69.0,1,20.0,1.0,6,2,7.7956,-0.0037849999999999997,-0.05720999999999994,0.5965499999999999,39.0,25.86,0,19.0,1641.0,77.0,0.9722500000000001,-0.02,-1.14215,-0.09,-0.9442499999999993,-26.093049999999998,54.39975,0,1,1,100.0
30,70.0,1,20.0,0.1,6,2,8.079,-0.0051,-0.1091,0.7401,39.0,25.86,0,18.1,1641.0,77.0,0.5469999999999999,-0.009000000000000001,-1.108,-0.08,-2.1199999999999997,-28.651999999999997,50.672000000000004,0,1,1,100.0
30,71.0,1,20.0,0.6300000000000012,6,2,8.232700000000001,-0.005630000000000001,-0.11493,0.78303,39.0,25.86,0,18.630000000000003,1641.0,77.0,0.26609999999999934,-0.003699999999999989,-1.0974000000000002,-0.08,-2.4910000000000005,-29.0336,47.873599999999996,0,1,1,100.0
30,72.0,1,20.0,1.0,6,2,8.3944,-0.006159999999999997,-0.10156000000000037,0.81412,39.0,25.86,0,19.0,1641.0,77.0,-0.040399999999997625,0.001599999999999966,-1.0852000000000002,-0.07840000000000004,-2.834799999999998,-29.183200000000003,44.760000000000026,0,1,1,100.0
30,73.0,1,20.0,1.0,6,2,8.574599999999998,-0.006689999999999998,-0.043790000000000245,0.81783,39.0,25.86,0,19.0,1641.0,77.0,-0.40609999999999835,0.006899999999999977,-1.0693000000000001,-0.07310000000000003,-3.1156999999999986,-28.796300000000002,40.91750000000002,0,1,1,100.0
30,74.0,1,20.0,1.0,6,2,8.767999999999999,-0.007,-0.002740000000000038,0.8250599999999999,39.0,25.86,0,19.0,1641.0,77.22,-0.795999999999999,0.014399999999999977,-1.0534000000000001,-0.07,-3.3613999999999993,-28.066200000000002,36.71860000000001,0,1,1,100.0
30,75.0,1,20.0,1.0,1,5,8.98,-0.007,0.01475,0.8372499999999999,39.0,25.86,0,19.0,1641.0,77.75,-1.22,0.024999999999999998,-1.0375,-0.07,-3.5575,-26.8525,32.0175,0,1,1,100.0
30,76.0,1,20.0,0.7199999999999989,1,5,9.2004,-0.007,0.020479999999999988,0.8320799999999999,39.0,25.851599999999998,0,19.0,1641.0,78.0,-1.632800000000001,0.03280000000000001,-1.0216,-0.0672,-3.6976,-25.235599999999998,27.061599999999988,0,1,1,100.0
30,77.0,1,20.0,0.19000000000000336,1,5,9.428299999999998,-0.007,0.01571000000000003,0.8114100000000002,39.0,25.8357,0,19.0,1641.0,78.0,-2.0355999999999974,0.03809999999999997,-1.0057,-0.06190000000000003,-3.787699999999999,-23.25870000000001,21.87820000000003,0,1,1,100.0
30,78.0,1,20.0,0.0,1,5,9.662999999999998,-0.021279999999999907,-1.2059199999999917,0.30454000000000336,39.0,25.816399999999998,0,19.0,1641.0,78.0,-2.377199999999999,0.04339999999999998,-0.9898,-0.06,-3.8165999999999998,-20.88400000000001,16.589400000000023,0,1,1,100.0
30,79.0,1,20.0,0.0,1,5,9.9015,-0.04353999999999996,-3.1075599999999954,-0.4740299999999983,39.0,25.795199999999998,0,19.0,1641.0,78.0,-2.684599999999999,0.04869999999999999,-0.9739,-0.06,-3.8113,-18.287000000000006,11.241700000000012,0,1,1,100.0
30,80.0,1,20.0,0.0,1,5,10.052000000000001,-0.058800000000000005,-3.4536,-0.8088,39.0,25.784,0,19.0,1641.0,78.0,-2.812,0.05,-0.966,-0.057999999999999996,-3.758,-16.523999999999997,7.9239999999999995,0,1,1,100.0
30,81.0,1,20.0,0.0,1,5,10.173900000000001,-0.07178500000000003,-3.2940699999999996,-0.9993350000000004,39.0,25.77605,0,19.0,1641.0,78.0,-2.8809,0.05,-0.9607,-0.055349999999999996,-3.6891,-15.032049999999996,5.266049999999995,0,1,1,100.0
30,82.0,1,20.0,0.0,1,5,10.2958,-0.08476999999999991,-3.1345400000000008,-1.1898699999999987,39.0,25.7681,0,19.0,1641.0,78.0,-2.9497999999999993,0.05,-0.9554,-0.05270000000000002,-3.6202000000000005,-13.540100000000008,2.6081000000000176,0,1,1,100.0
30,83.0,1,20.0,0.0,1,5,10.4177,-0.09775499999999994,-2.9750100000000006,-1.3804049999999992,39.0,25.760150000000003,0,19.0,1641.0,78.0,-3.0187,0.05,-0.9501,-0.05005000000000001,-3.5513,-12.048150000000005,-0.0498499999999878,0,1,1,100.0
30,84.0,1,20.0,0.0,1,6,10.654,-0.11775999999999996,-2.6636400000000005,-1.846279999999999,39.0,25.7236,0,19.0,1641.0,78.0,-2.9472,0.05,-0.9396,-0.05,-3.2432000000000007,-9.009200000000007,-5.1595999999999895,0,1,1,100.0
30,85.0,1,20.0,0.0,1,6,11.289,-0.16755,-1.8089,-3.0032,39.0,25.617250000000002,0,19.0,1641.0,78.0,-2.26425,0.0395,-0.9097500000000001,-0.05025,-2.0325,-0.7032499999999999,-19.28625,0,1,1,100.0
30,86.0,1,20.0,0.0,1,6,11.3844,-0.17338,-1.6488399999999996,-3.2067200000000002,39.0,25.5881,0,19.0,1641.0,78.0,-1.9912999999999994,0.03419999999999999,-0.9071,-0.05290000000000001,-1.7409999999999994,0.5343000000000027,-21.578500000000005,0,1,1,100.0
30,87.0,1,20.0,0.0,1,6,11.4798,-0.17920999999999998,-1.488780000000001,-3.4102399999999986,39.0,25.558950000000003,0,19.0,1641.0,78.0,-1.7183500000000018,0.028900000000000033,-0.9044500000000001,-0.05554999999999998,-1.4495000000000018,1.771849999999992,-23.870749999999983,0,1,1,100.0
30,88.0,1,20.0,0.0,1,6,11.5752,-0.18503999999999998,-1.3287200000000006,-3.6137599999999988,39.0,25.5298,0,19.0,1641.0,78.0,-1.4454000000000011,0.023600000000000024,-0.9018,-0.05819999999999999,-1.1580000000000013,3.0093999999999945,-26.16299999999999,0,1,1,100.0
30,89.0,1,20.0,0.0,1,6,11.9774,-0.20703999999999997,-1.0866500000000006,-4.41683,39.0,25.4281,0,19.0,1641.0,78.0,0.48429999999999795,-0.005099999999999966,-0.89,-0.07,0.3682999999999989,8.101299999999997,-36.74449999999999,0,1,1,100.0
30,90.0,1,20.0,0.0,1,6,12.094,-0.2134,-0.7925,-4.7343,39.0,25.391000000000002,0,19.0,1641.0,78.0,1.4329999999999998,-0.021,-0.89,-0.07,0.893,9.633000000000001,-40.375,0,1,1,100.0
30,91.0,1,20.0,0.0,1,6,12.1876,-0.21861,-0.5797699999999998,-5.01658,39.0,25.3447,0,19.0,1641.0,78.0,2.4484000000000026,-0.03690000000000003,-0.8923,-0.07230000000000002,1.3533000000000008,10.994500000000002,-43.72030000000001,0,1,1,100.0
30,92.0,1,20.0,0.0,1,6,12.251199999999999,-0.22232,-0.47324000000000066,-5.252959999999999,39.0,25.2864,0,19.0,1641.0,78.0,3.550799999999993,-0.052799999999999896,-0.8976,-0.07759999999999997,1.7295999999999976,12.133999999999993,-46.69359999999998,0,1,1,100.0
30,93.0,1,20.0,0.0,1,6,12.2858,-0.22544999999999998,-0.36845000000000044,-5.45773,39.0,25.2513,0,19.0,1641.0,78.0,4.714099999999995,-0.07159999999999991,-0.9,-0.08289999999999997,1.9840999999999993,13.090799999999996,-49.22029999999999,0,1,1,100.0
30,94.0,1,20.0,0.0,1,6,12.2964,-0.2281,-0.2651000000000002,-5.63634,39.0,25.235400000000002,0,19.0,1641.0,78.0,5.927799999999998,-0.09279999999999997,-0.9,-0.08819999999999999,2.1377999999999995,13.896399999999998,-51.377399999999994,0,1,1,100.0
30,95.0,1,20.0,0.0,1,6,12.286000000000001,-0.229525,-0.2195,-5.73305,39.0,25.21775,0,19.0,1641.0,78.0,6.76875,-0.10700000000000001,-0.90175,-0.0935,2.1445,14.3345,-52.52825,0,1,1,100.0
30,96.0,1,20.0,0.0,1,6,12.264800000000001,-0.23032,-0.20360000000000014,-5.78764,39.0,25.1992,0,19.0,1641.0,78.0,7.417999999999994,-0.11759999999999991,-0.9044,-0.09879999999999996,2.0756000000000006,14.583599999999997,-53.16159999999999,0,1,1,100.0
30,97.0,1,20.0,0.0,1,6,12.2436,-0.23111500000000001,-0.18769999999999995,-5.84223,39.0,25.18065,0,19.0,1641.0,78.0,8.067250000000001,-0.12820000000000006,-0.90705,-0.10410000000000003,2.0066999999999995,14.8327,-53.79495,0,1,1,100.0
30,98.0,1,20.0,0.0,1,6,12.2224,-0.23191,-0.17180000000000006,-5.896819999999999,39.0,25.1621,0,19.0,1641.0,78.0,8.716499999999996,-0.13879999999999998,-0.9097000000000001,-0.10939999999999998,1.9378000000000002,15.081799999999998,-54.4283,0,1,1,100.0
30,99.0,1,20.0,0.0,1,6,11.908400000000002,-0.23347,-0.08778999999999892,-6.248679999999999,39.0,25.105900000000002,0,19.0,1641.0,78.0,12.481499999999983,-0.20349999999999965,-0.9247,-0.12469999999999994,0.5918000000000072,15.535799999999998,-54.46020000000001,0,1,1,100.0
30,100.0,1,20.0,0.0,3,7,11.76,-0.234,-0.171,-6.325,39.0,25.09,0,19.0,1641.0,78.0,13.78,-0.23,-0.93,-0.13,0.03,15.61,-53.75,0,1,1,100.0
31,0.0,1,20.0,0.0,0,1,7.36,-0.088,2.062,-4.928,39.0,25.65,0,19.0,1641.0,78.0,16.17,-0.31,-1.06,0.0,-0.87,29.56,-2.05,0,1,1,100.0
31,1.0,1,20.0,0.0,0,1,7.0408,-0.07344,1.71536,-3.55824,39.0,25.65,0,19.0,1641.0,78.0,16.052400000000002,-0.31,-1.0656,0.0,-1.0996,29.139999999999997,0.5596000000000002,0,1,1,100.0
31,2.0,1,20.0,0.0,0,1,6.7276,-0.062,1.443,-2.482,39.0,25.65,0,21.4,1641.0,78.0,15.9456,-0.3088,-1.07,0.0011999999999999992,-1.334,28.532799999999998,2.9471999999999996,0,1,1,100.0
31,3.0,1,20.0,0.0,0,1,6.4364,-0.062,1.443,-2.482,39.0,25.65,0,32.599999999999994,1641.0,78.0,15.878400000000001,-0.30319999999999997,-1.07,0.006799999999999997,-1.5859999999999999,27.2392,4.5207999999999995,0,1,1,100.0
31,4.0,1,20.0,0.0,0,1,6.159599999999999,-0.062,1.443,-2.482,39.0,25.65,0,43.8,1641.0,78.0,15.8016,-0.3,-1.07,0.007600000000000002,-1.8212,25.6816,5.7536,0,1,1,100.0
31,5.0,1,20.0,0.0,0,1,5.901999999999999,-0.062,1.443,-2.482,39.0,25.65,0,55.0,1641.0,78.0,15.712,-0.3,-1.07,0.002,-2.034,23.772,6.532,0,1,1,100.0
31,6.0,1,20.0,0.0,0,1,5.666,-0.05336000000000001,3.7052399999999968,-1.5884800000000014,39.0,25.74,0,39.92000000000003,1641.0,78.0,15.597199999999999,-0.3,-1.07,0.0,-2.1963999999999997,21.707600000000003,7.0691999999999995,0,1,1,100.0
31,7.0,1,20.0,0.0,0,1,5.442,-0.03992000000000001,7.224279999999998,-0.19856000000000099,39.0,25.88,0,10.240000000000025,1641.0,78.0,15.468399999999999,-0.3,-1.07,0.0,-2.3308,19.5572,7.4723999999999995,0,1,1,100.0
31,8.0,1,20.0,0.0,0,1,5.2564,-0.03704,4.052600000000002,0.0,39.0,25.8808,0,6.0,1641.0,78.0,15.3012,-0.29519999999999996,-1.07,0.0,-2.398,17.3684,7.7076,0,1,1,100.0
31,9.0,1,20.0,0.0,0,1,5.085,-0.036,0.06974,0.0,39.0,25.8608,0,6.0,1641.0,78.0,15.132200000000001,-0.2898,-1.0698,-0.0001999999999999993,-2.4506,15.2558,7.9024,0,1,1,100.0
31,10.0,1,20.0,0.0,0,1,5.015,-0.036,0.038099999999999995,0.0,39.0,25.872,0,6.0,1641.0,78.0,15.023,-0.287,-1.0670000000000002,-0.003,-2.459,14.217,7.936,0,1,1,100.0
31,11.0,1,20.0,0.0,0,1,4.945,-0.036,0.006460000000000031,0.0,39.0,25.8832,0,6.0,1641.0,78.0,14.9138,-0.2842,-1.0642,-0.005799999999999997,-2.4674,13.1782,7.9696,0,1,1,100.0
31,12.0,1,20.0,0.0,0,1,4.875,-0.036,-0.025179999999999935,0.0,39.0,25.894399999999997,0,6.0,1641.0,78.0,14.8046,-0.28140000000000004,-1.0614000000000001,-0.008599999999999995,-2.4758,12.139400000000002,8.0032,0,1,1,100.0
31,13.0,1,20.0,0.0,0,1,4.7868,-0.036,-0.044079999999999994,0.0,39.0,25.9,0,6.0,1641.0,78.0,14.624,-0.2772,-1.06,-0.01,-2.4828,10.6988,7.9864,0,1,1,100.0
31,14.0,1,20.0,0.0,0,1,4.680400000000001,-0.036,-0.050239999999999986,0.0,39.0,25.9,0,6.0,1641.0,78.0,14.372000000000002,-0.2716,-1.06,-0.01,-2.4884,8.856400000000002,7.9192,0,1,1,100.0
31,15.0,1,20.0,0.0,0,1,4.5200000000000005,-0.036,0.0236,0.0,39.0,25.875999999999998,0,6.0,1641.0,78.0,13.57,-0.256,-1.05,-0.014,-2.576,4.686,7.224,0,1,1,100.0
31,16.0,1,20.0,0.0,0,1,4.492,-0.036,0.0006400000000000209,0.0,39.0,25.8984,0,6.0,1641.0,78.0,13.262,-0.2504,-1.05,-0.019599999999999996,-2.6264,3.4484000000000012,6.8376,0,1,1,100.0
31,17.0,1,20.0,0.0,0,1,4.49,-0.035480000000000005,0.019279999999999953,0.0,39.0,25.9,0,6.0,1641.0,78.0,12.9176,-0.23960000000000004,-1.0448,-0.02,-2.7079999999999997,2.486400000000002,6.3108,0,1,1,100.0
31,18.0,1,20.0,0.0,0,1,4.494,-0.03492000000000001,0.04863999999999996,0.0,39.0,25.8968,0,6.0,1641.0,78.0,12.5664,-0.22920000000000001,-1.04,-0.0208,-2.7943999999999996,1.5840000000000003,5.7556,0,1,1,100.0
31,19.0,1,20.0,0.0,0,1,4.522,-0.03436,0.1231199999999999,0.0,39.0,25.874399999999998,0,6.0,1641.0,78.0,12.1912,-0.22360000000000002,-1.04,-0.02639999999999999,-2.8951999999999996,0.912000000000001,5.094800000000001,0,1,1,100.0
31,20.0,1,20.0,0.0,0,1,4.558,-0.033600000000000005,0.1826,0.0,39.0,25.868,0,6.0,1641.0,78.0,11.806,-0.218,-1.038,-0.03,-2.992,0.32599999999999996,4.4079999999999995,0,1,1,100.0
31,21.0,1,20.0,0.0,0,1,4.6084,-0.03248,0.21507999999999997,0.0,39.0,25.8904,0,6.0,1641.0,78.0,11.402800000000001,-0.2124,-1.0324,-0.03,-3.0816,-0.10519999999999957,3.6744000000000008,0,1,1,100.0
31,22.0,1,20.0,0.0,0,1,4.6716,-0.030720000000000004,0.28307999999999983,0.0,39.0,25.9,0,6.0,1641.0,78.0,10.993200000000002,-0.20360000000000003,-1.03,-0.033199999999999986,-3.1488,-0.4275999999999995,2.9088000000000016,0,1,1,100.0
31,23.0,1,20.0,0.0,0,1,4.7444,-0.02848000000000001,0.3777199999999997,0.0,39.0,25.9,0,6.0,1641.0,78.0,10.578800000000001,-0.19240000000000004,-1.03,-0.03879999999999999,-3.1992,-0.6683999999999992,2.1192000000000024,0,1,1,100.0
31,24.0,1,20.0,0.0,0,1,4.792999999999999,-0.026680000000000006,0.40371999999999997,0.0,39.0,25.891199999999998,0,6.0,1641.0,78.0,10.327200000000001,-0.18780000000000002,-1.03,-0.04,-3.2056,-0.7595999999999998,1.6266000000000016,0,1,1,100.0
31,25.0,1,20.0,0.0,0,1,4.835,-0.025,0.41100000000000003,0.0,39.0,25.88,0,6.0,1641.0,78.0,10.12,-0.185,-1.03,-0.04,-3.2,-0.81,1.215,0,1,1,100.0
31,26.0,1,20.0,0.0,0,1,4.877,-0.02332,0.41828,0.0,39.0,25.8688,0,6.0,1641.0,78.0,9.9128,-0.1822,-1.03,-0.04,-3.1944,-0.8603999999999999,0.8034000000000004,0,1,1,100.0
31,27.0,1,20.0,0.11999999999999887,0,1,4.9292,-0.02080000000000001,0.48207999999999945,0.0,39.0,25.8648,0,6.119999999999999,1641.0,78.0,9.6636,-0.1776,-1.03,-0.04119999999999999,-3.1732,-0.8988,0.2928000000000018,0,1,1,100.0
31,28.0,1,20.0,0.6799999999999984,0,1,5.0188,-0.015200000000000017,0.7531199999999992,0.0,39.0,25.8872,0,6.679999999999998,1641.0,78.0,9.2604,-0.16640000000000002,-1.03,-0.04679999999999999,-3.0948,-0.8932,-0.5807999999999973,0,1,1,100.0
31,29.0,1,20.0,1.0,0,1,5.2544,-0.00036000000000000604,0.43871999999999994,0.0,39.0,25.8968,0,7.0,1641.0,78.0,8.2872,-0.1492,-1.03,-0.0508,-2.7744,-0.7640000000000001,-2.9479999999999986,0,1,1,100.0
31,30.0,1,20.0,1.0,0,1,5.288,0.0011333333333333334,0.4497333333333333,0.0,39.0,25.889333333333333,0,7.0,1641.0,78.0,8.164,-0.14733333333333334,-1.03,-0.05266666666666667,-2.7146666666666666,-0.7266666666666667,-3.2933333333333334,0,1,1,100.0
31,31.0,1,20.0,1.0,0,1,5.3216,0.002626666666666665,0.46074666666666664,0.0,39.0,25.881866666666667,0,7.0,1641.0,78.0,8.040799999999999,-0.14546666666666666,-1.03,-0.05453333333333333,-2.654933333333333,-0.6893333333333334,-3.6386666666666665,0,1,1,100.0
31,32.0,1,20.0,1.0,6,2,5.3552,0.004119999999999997,0.47175999999999996,0.0,39.0,25.874399999999998,0,7.0,1641.0,78.0,7.9176,-0.1436,-1.03,-0.0564,-2.5952,-0.652,-3.9839999999999995,0,1,1,100.0
31,33.0,1,20.0,1.0,6,2,5.3888,0.005613333333333329,0.4827733333333333,0.0,39.0,25.866933333333332,0,7.0,1641.0,78.0,7.7944,-0.14173333333333335,-1.03,-0.05826666666666666,-2.5354666666666668,-0.6146666666666668,-4.329333333333333,0,1,1,100.0
31,34.0,1,20.0,0.0,6,2,5.7456,0.01,0.15064000000000047,-0.9715199999999996,39.0,25.8588,0,18.0,1641.0,78.0,6.363200000000001,-0.10960000000000002,-1.0296,-0.060399999999999975,-1.661600000000001,-0.005200000000000843,-8.492799999999995,0,1,1,100.0
31,35.0,1,20.0,0.0,6,2,5.824,0.01,0.03359999999999999,-1.0628,39.0,25.842,0,18.0,1641.0,78.0,5.9879999999999995,-0.10400000000000001,-1.024,-0.066,-1.404,0.20199999999999999,-9.372,0,1,1,100.0
31,36.0,1,20.0,0.0,6,2,5.8991999999999996,0.01,-0.0787999999999999,-1.1292799999999998,39.0,25.83,0,18.0,1641.0,78.0,5.6064,-0.09840000000000002,-1.0216,-0.07,-1.1400000000000003,0.4075999999999998,-10.171199999999999,0,1,1,100.0
31,37.0,1,20.0,0.0,6,2,5.9664,0.01,-0.1795999999999998,-1.1337599999999999,39.0,25.83,0,18.0,1641.0,78.0,5.208800000000001,-0.09280000000000001,-1.0272000000000001,-0.07,-0.8600000000000005,0.6091999999999995,-10.770399999999999,0,1,1,100.0
31,38.0,1,20.0,0.09333333333333277,6,2,6.0084,0.009626666666666669,-0.24446666666666658,-1.0668400000000002,39.0,25.8328,0,18.093333333333334,1641.0,78.0,4.937200000000001,-0.08906666666666667,-1.03,-0.07,-0.6649333333333336,0.7351999999999999,-11.0952,0,1,1,100.0
31,39.0,1,20.0,0.27999999999999925,6,2,6.0252,0.008880000000000002,-0.27339999999999987,-0.9285200000000005,39.0,25.8384,0,18.279999999999998,1641.0,78.0,4.791600000000001,-0.0872,-1.03,-0.07,-0.5548000000000004,0.7855999999999997,-11.1456,0,1,1,100.0
31,40.0,1,20.0,0.4666666666666667,6,2,6.042,0.008133333333333333,-0.30233333333333334,-0.7901999999999999,39.0,25.843999999999998,0,18.466666666666665,1641.0,78.0,4.646,-0.08533333333333333,-1.03,-0.07,-0.44466666666666665,0.836,-11.196,0,1,1,100.0
31,41.0,1,20.0,0.6533333333333331,6,2,6.0588,0.007386666666666667,-0.33126666666666665,-0.6518800000000001,39.0,25.8496,0,18.653333333333332,1641.0,78.0,4.5004,-0.08346666666666668,-1.03,-0.07,-0.33453333333333346,0.8864,-11.2464,0,1,1,100.0
31,42.0,1,20.0,0.8399999999999996,6,2,6.0756,0.006640000000000002,-0.36019999999999996,-0.5135600000000002,39.0,25.8552,0,18.84,1641.0,78.0,4.354800000000001,-0.0816,-1.03,-0.07,-0.2244000000000002,0.9367999999999999,-11.2968,0,1,1,100.0
31,43.0,1,20.0,1.0,6,2,6.1908,-0.007719999999999985,-0.71064,1.7133199999999984,39.0,25.824399999999997,0,19.0,1641.0,78.0,2.4968000000000012,-0.04840000000000003,-1.04,-0.08,1.5507999999999982,0.9464000000000007,-8.103200000000006,0,1,1,100.0
31,44.0,1,20.0,1.0,6,2,6.196400000000001,-0.01275999999999998,-0.6871200000000001,2.233559999999998,39.0,25.7852,0,19.0,1641.0,78.0,2.054400000000002,-0.037200000000000046,-1.04,-0.08,2.116399999999998,0.7112000000000009,-6.165600000000008,0,1,1,100.0
31,45.0,1,20.0,1.0,6,2,6.196,-0.017599999999999977,-0.5828000000000013,2.663199999999999,39.0,25.746000000000002,0,19.0,1641.0,78.0,1.618000000000002,-0.02800000000000003,-1.042,-0.08,2.675999999999997,0.4000000000000023,-3.9880000000000133,0,1,1,100.0
31,46.0,1,20.0,1.0,6,2,6.1848,-0.022079999999999975,-0.3330400000000015,2.9297599999999986,39.0,25.7068,0,19.0,1641.0,78.0,1.1924000000000026,-0.022400000000000034,-1.0476,-0.08,3.2247999999999966,-0.04799999999999723,-1.3784000000000156,0,1,1,100.0
31,47.0,1,20.0,1.0,6,2,6.167199999999999,-0.02368,-0.06920000000000055,2.8817600000000008,39.0,25.6996,0,19.0,1641.0,78.0,0.7828000000000008,-0.016800000000000013,-1.0532000000000001,-0.08,3.731999999999999,-0.6111999999999986,1.5639999999999936,0,1,1,100.0
31,48.0,1,20.0,1.0,6,2,6.1448,-0.023120000000000005,0.20519999999999777,2.5978400000000024,39.0,25.7164,0,19.0,1641.0,78.0,0.3852000000000033,-0.011200000000000045,-1.0588,-0.08,4.207999999999996,-1.2607999999999946,4.7559999999999745,0,1,1,100.0
31,49.0,1,20.0,1.0,6,2,6.1136,-0.02080000000000001,0.29567999999999983,2.2466000000000013,39.0,25.750799999999998,0,19.0,1641.0,78.0,0.031600000000001384,-0.0012000000000000454,-1.0688,-0.08,4.5783999999999985,-2.020399999999997,8.330799999999986,0,1,1,100.0
31,50.0,1,20.0,1.0,6,2,6.08,-0.018,0.336,1.877,39.0,25.79,0,19.0,1641.0,78.0,-0.31,0.01,-1.08,-0.08,4.92,-2.81,12.01,0,1,1,100.0
31,51.0,1,20.0,1.0,6,2,6.0408,-0.01464000000000002,0.41047999999999957,1.4480400000000027,39.0,25.8124,0,19.0,1641.0,78.0,-0.5731999999999984,0.01,-1.0912,-0.08,5.082399999999999,-3.7171999999999943,16.036399999999976,0,1,1,100.0
31,52.0,1,20.0,1.0,6,2,6.005199999999999,-0.011700000000000004,0.46120000000000005,1.0827400000000003,39.0,25.831799999999998,0,19.0,1641.0,78.0,-0.7955999999999999,0.010599999999999995,-1.1006,-0.08,5.2058,-4.536799999999999,19.652999999999995,0,1,1,100.0
31,53.0,1,20.0,1.0,6,2,5.9828,-0.010300000000000012,0.4248000000000003,0.950860000000001,39.0,25.8402,0,19.0,1641.0,78.0,-0.8683999999999994,0.013399999999999978,-1.1034000000000002,-0.08,5.1862,-5.035199999999996,21.76699999999998,0,1,1,100.0
31,54.0,1,20.0,1.0,6,2,5.9604,-0.008900000000000005,0.38840000000000013,0.8189800000000006,39.0,25.848599999999998,0,19.0,1641.0,78.0,-0.9411999999999997,0.01619999999999999,-1.1062,-0.08,5.1666,-5.533599999999998,23.880999999999993,0,1,1,100.0
31,55.0,1,20.0,1.0,6,2,5.938,-0.0075,0.35200000000000004,0.6871,39.0,25.857,0,19.0,1641.0,78.0,-1.014,0.019,-1.109,-0.08,5.146999999999999,-6.032,25.995,0,1,1,100.0
31,56.0,1,20.0,1.0,6,2,5.9084,-0.00592000000000001,0.25044000000000083,0.46972000000000164,39.0,25.86,0,19.0,1641.0,78.0,-1.0579999999999998,0.02,-1.1172,-0.08359999999999997,4.9780000000000015,-6.922799999999993,29.489599999999975,0,1,1,100.0
31,57.0,1,20.0,1.0,6,2,5.8748000000000005,-0.004240000000000003,0.11268000000000027,0.2048400000000006,39.0,25.86,0,19.0,1641.0,78.0,-1.086,0.02,-1.1283999999999998,-0.08919999999999999,4.726000000000001,-8.031599999999997,33.75119999999999,0,1,1,100.0
31,58.0,1,20.0,1.0,6,2,5.8252,-0.0007600000000000023,0.12108000000000035,-0.20828000000000052,39.0,25.86,0,19.0,1641.0,78.0,-0.8680000000000007,0.017600000000000022,-1.1423999999999999,-0.09,3.7096000000000022,-10.958799999999995,43.222799999999985,0,1,1,100.0
31,59.0,1,20.0,1.0,6,2,5.819599999999999,-0.00048000000000000115,0.07684000000000017,-0.14444000000000026,39.0,25.86,0,19.0,1641.0,78.0,-0.7840000000000004,0.014800000000000011,-1.1452,-0.09,3.440800000000001,-11.622399999999997,45.03439999999999,0,1,1,100.0
31,60.0,1,20.0,1.0,6,2,5.814,-0.00019999999999999998,0.03259999999999999,-0.0806,39.0,25.86,0,19.0,1641.0,78.0,-0.7,0.012,-1.148,-0.09,3.1719999999999997,-12.286,46.846000000000004,0,1,1,100.0
31,61.0,1,20.0,1.0,6,2,5.852799999999999,-0.001,-0.06236000000000035,0.028879999999999763,39.0,25.86,0,19.0,1641.0,78.0,-0.25040000000000107,0.008400000000000034,-1.1483999999999999,-0.08,1.7800000000000034,-15.546399999999991,53.73959999999999,0,1,1,100.0
31,62.0,1,20.0,1.0,6,2,5.8976,-0.001,-0.00412000000000011,0.06695999999999991,39.0,25.86,0,19.0,1641.0,78.0,-0.07680000000000034,0.0028000000000000112,-1.1427999999999998,-0.08,1.220000000000001,-16.828799999999998,55.593199999999996,0,1,1,100.0
31,63.0,1,20.0,1.0,6,2,5.959199999999999,-0.0012799999999999956,-0.00019999999999958744,0.13359999999999922,39.0,25.86,0,19.0,1641.0,78.0,0.06879999999999904,0.0,-1.1372,-0.08,0.690800000000004,-18.021599999999992,56.8812,0,1,1,100.0
31,64.0,1,20.0,1.0,6,2,6.037599999999999,-0.0018399999999999979,-0.05059999999999979,0.22879999999999961,39.0,25.86,0,19.0,1641.0,78.0,0.1863999999999995,0.0,-1.1316,-0.08,0.192400000000002,-19.124799999999997,57.6036,0,1,1,100.0
31,65.0,1,20.0,0.6,6,2,6.143999999999999,-0.002,-0.0726,0.2884,39.0,25.86,0,18.6,1641.0,78.0,0.256,-0.004,-1.1219999999999999,-0.08,-0.23000000000000004,-19.996,57.466,0,1,1,100.0
31,66.0,1,20.0,0.04000000000000336,6,2,6.261599999999999,-0.002,-0.08323999999999994,0.3337599999999997,39.0,25.86,0,18.040000000000003,1641.0,78.0,0.3063999999999997,-0.009599999999999966,-1.1108000000000002,-0.08,-0.6219999999999977,-20.774399999999993,56.98440000000001,0,1,1,100.0
31,67.0,1,20.0,0.0,6,2,6.340199999999999,-0.002519999999999999,-0.07568000000000003,0.3845799999999999,39.0,25.86,0,18.0,1641.0,78.0,0.29440000000000005,-0.0074000000000000055,-1.1048,-0.07740000000000001,-0.7799999999999997,-20.9834,56.180400000000006,0,1,1,100.0
31,68.0,1,20.0,0.0,6,2,6.415799999999999,-0.0030799999999999955,-0.06672000000000007,0.4358199999999996,39.0,25.86,0,18.0,1641.0,78.0,0.2776000000000001,-0.0046000000000000225,-1.0992000000000002,-0.07460000000000003,-0.9199999999999988,-21.1486,55.35160000000001,0,1,1,100.0
31,69.0,1,20.0,0.0,6,2,6.4914,-0.003639999999999998,-0.057760000000000034,0.4870599999999998,39.0,25.86,0,18.0,1641.0,78.0,0.2608000000000001,-0.0018000000000000114,-1.0936000000000001,-0.07180000000000002,-1.0599999999999994,-21.3138,54.522800000000004,0,1,1,100.0
31,70.0,1,20.0,1.0,6,2,6.962,-0.0042,-0.0592,0.5838000000000001,39.0,25.86,0,19.0,1641.0,78.0,0.046,0.0,-1.056,-0.07,-1.492,-20.785999999999998,47.744,0,1,1,100.0
31,71.0,1,20.0,1.0,6,2,7.191599999999998,-0.004759999999999997,-0.08495999999999984,0.6476399999999997,39.0,25.86,0,19.0,1641.0,78.0,-0.07719999999999924,0.0,-1.0448000000000002,-0.07,-1.5815999999999995,-20.018800000000006,44.03120000000002,0,1,1,100.0
31,72.0,1,20.0,1.0,6,2,7.433999999999999,-0.005319999999999999,-0.0662400000000001,0.6692400000000001,39.0,25.86,0,19.0,1641.0,78.32,-0.19399999999999978,0.003199999999999989,-1.0304,-0.06680000000000001,-1.636,-18.947600000000005,39.87680000000001,0,1,1,100.0
31,73.0,1,20.0,1.0,1,5,7.685999999999998,-0.0058799999999999955,-0.014160000000000431,0.6591600000000001,39.0,25.86,0,19.0,1641.0,78.88,-0.3059999999999991,0.008799999999999955,-1.0136,-0.061200000000000046,-1.6639999999999997,-17.648400000000013,35.39120000000003,0,1,1,100.0
31,74.0,1,20.0,0.5600000000000023,1,5,7.959999999999999,-0.006,0.03835999999999979,0.6310400000000002,39.0,25.846799999999998,0,19.0,1641.0,79.0,-0.3475999999999999,0.01,-0.9968,-0.06,-1.6524,-15.882800000000008,30.47000000000002,0,1,1,100.0
31,75.0,1,20.0,0.0,1,5,8.24,-0.006,0.091,0.598,39.0,25.83,0,19.0,1641.0,79.0,-0.37,0.01,-0.98,-0.06,-1.63,-13.99,25.43,0,1,1,100.0
31,76.0,1,20.0,0.0,1,5,8.536799999999998,-0.02895999999999986,-1.8432399999999884,-0.2727999999999947,39.0,25.807599999999997,0,19.0,1641.0,79.0,-0.23000000000000084,0.004400000000000034,-0.9688,-0.06,-1.5460000000000005,-11.677200000000013,20.238800000000033,0,1,1,100.0
31,77.0,1,20.0,0.0,1,5,8.833599999999999,-0.052639999999999944,-3.2948400000000007,-1.0453199999999991,39.0,25.7816,0,19.0,1641.0,79.0,-0.0456000000000007,-0.0011999999999999886,-0.9564,-0.06119999999999999,-1.4536000000000002,-9.335600000000005,15.07040000000001,0,1,1,100.0
31,78.0,1,20.0,0.0,1,5,9.130399999999998,-0.0789599999999998,-2.9767600000000027,-1.4574799999999968,39.0,25.7424,0,19.0,1641.0,79.0,0.3015999999999972,-0.0067999999999999545,-0.9396000000000002,-0.06679999999999996,-1.330400000000001,-6.888400000000019,9.98560000000004,0,1,1,100.0
31,79.0,1,20.0,0.0,1,5,9.4272,-0.10311999999999992,-2.676680000000001,-1.8861999999999983,39.0,25.7032,0,19.0,1641.0,79.0,0.7519999999999977,-0.012399999999999977,-0.9252000000000001,-0.07,-1.2120000000000004,-4.546800000000009,4.99920000000002,0,1,1,100.0
31,80.0,1,20.0,0.0,1,6,9.724,-0.12440000000000001,-2.4006,-2.337,39.0,25.663999999999998,0,19.0,1641.0,79.0,1.34,-0.018000000000000002,-0.914,-0.07,-1.1,-2.346,0.14400000000000013,0,1,1,100.0
31,81.0,1,20.0,0.0,1,6,9.9218,-0.13739999999999997,-2.200840000000001,-2.616979999999999,39.0,25.6374,0,19.0,1641.0,79.0,1.8091999999999977,-0.02539999999999995,-0.9064000000000001,-0.07179999999999999,-1.0384000000000002,-1.038000000000005,-3.064199999999986,0,1,1,100.0
31,82.0,1,20.0,0.0,1,6,10.0646,-0.14579999999999999,-2.04348,-2.8020599999999996,39.0,25.6178,0,19.0,1641.0,79.0,2.2123999999999993,-0.03379999999999998,-0.9008,-0.0746,-1.0048000000000001,-0.22600000000000153,-5.357399999999995,0,1,1,100.0
31,83.0,1,20.0,0.0,1,6,10.207399999999998,-0.15419999999999995,-1.8861200000000014,-2.9871399999999984,39.0,25.5982,0,19.0,1641.0,79.0,2.615599999999997,-0.04219999999999993,-0.8952000000000001,-0.07739999999999998,-0.9712000000000003,0.5859999999999936,-7.650599999999981,0,1,1,100.0
31,84.0,1,20.0,0.0,1,6,10.3584,-0.16287999999999994,-1.7175200000000013,-3.188359999999998,39.0,25.577199999999998,0,19.0,1641.0,79.0,3.0619999999999963,-0.050799999999999956,-0.8892000000000001,-0.08039999999999999,-0.9423999999999998,1.3987999999999967,-10.087199999999982,0,1,1,100.0
31,85.0,1,20.0,0.0,1,6,10.615999999999998,-0.17519999999999988,-1.4028000000000032,-3.5993999999999957,39.0,25.538,0,19.0,1641.0,79.0,4.06999999999999,-0.06199999999999989,-0.8780000000000001,-0.08599999999999994,-0.9759999999999996,2.2219999999999915,-14.387999999999957,0,1,1,100.0
31,86.0,1,20.0,0.0,1,6,11.238,-0.19988,-0.7933600000000003,-4.754039999999999,39.0,25.3644,0,19.0,1641.0,79.0,7.029999999999996,-0.10319999999999994,-0.8584,-0.10079999999999999,-1.371999999999999,2.686800000000002,-25.107599999999987,0,1,1,100.0
31,87.0,1,20.0,0.0,1,6,11.336,-0.20296,-0.7491200000000001,-4.89068,39.0,25.3448,0,19.0,1641.0,79.0,7.659999999999998,-0.11439999999999999,-0.8528,-0.1036,-1.5539999999999996,2.3256000000000006,-26.919199999999996,0,1,1,100.0
31,88.0,1,20.0,0.0,1,6,11.434,-0.20603999999999997,-0.7048800000000004,-5.027319999999999,39.0,25.325200000000002,0,19.0,1641.0,79.0,8.289999999999994,-0.12559999999999993,-0.8472000000000001,-0.10639999999999998,-1.7359999999999984,1.964400000000003,-28.730799999999984,0,1,1,100.0
31,89.0,1,20.0,0.0,1,6,11.532,-0.20911999999999997,-0.6606400000000002,-5.163959999999999,39.0,25.305600000000002,0,19.0,1641.0,79.0,8.919999999999996,-0.13679999999999998,-0.8416,-0.10919999999999999,-1.9179999999999993,1.6032000000000015,-30.54239999999999,0,1,1,100.0
31,90.0,1,20.0,0.0,1,6,11.905999999999999,-0.2168,-0.19060000000000157,-6.005999999999997,39.0,25.150000000000002,0,19.0,1641.0,79.0,12.417999999999987,-0.18199999999999983,-0.83,-0.11399999999999995,-3.317999999999994,-1.745999999999985,-38.693999999999974,0,1,1,100.0
31,91.0,1,20.0,0.0,1,6,12.0124,-0.21792,-0.03604000000000097,-6.2971999999999975,39.0,25.094,0,19.0,1641.0,79.0,13.745199999999992,-0.19879999999999992,-0.83,-0.11959999999999996,-3.9451999999999963,-3.252399999999991,-41.35959999999998,0,1,1,100.0
31,92.0,1,20.0,0.0,1,6,12.072,-0.21696000000000001,0.2963599999999958,-6.913399999999992,39.0,24.980800000000002,0,19.0,1641.0,79.0,14.885199999999987,-0.22079999999999972,-0.8351999999999999,-0.12,-4.546399999999992,-4.597599999999984,-43.30239999999998,0,1,1,100.0
31,93.0,1,20.0,0.0,1,6,12.1208,-0.21512000000000003,0.5819600000000006,-7.519959999999997,39.0,24.8632,0,19.0,1641.0,79.0,15.959599999999993,-0.24239999999999987,-0.8415999999999999,-0.11920000000000004,-5.106399999999997,-5.851999999999994,-45.051199999999994,0,1,1,100.0
31,94.0,1,20.0,0.0,1,6,12.1264,-0.20896,0.5046800000000004,-7.918679999999999,39.0,24.7456,0,19.0,1641.0,79.0,16.726799999999997,-0.25919999999999993,-0.8527999999999999,-0.11360000000000002,-5.431199999999999,-6.635999999999997,-45.9696,0,1,1,100.0
31,95.0,1,20.0,0.0,1,6,12.125333333333334,-0.20426666666666665,0.49293333333333333,-8.2492,39.0,24.651333333333334,0,19.0,1641.0,79.0,17.264,-0.27133333333333337,-0.862,-0.10866666666666666,-5.6386666666666665,-7.152,-46.547333333333334,0,1,1,100.0
31,96.0,1,20.0,0.0,1,6,12.112266666666667,-0.20221333333333336,0.5991466666666649,-8.456959999999997,39.0,24.59906666666667,0,19.0,1641.0,79.0,17.387199999999996,-0.2750666666666666,-0.8675999999999999,-0.10493333333333339,-5.634933333333334,-7.185599999999999,-46.51186666666667,0,1,1,100.0
31,97.0,1,20.0,0.0,1,6,12.099200000000002,-0.20016000000000003,0.7053599999999988,-8.664719999999997,39.0,24.5468,0,19.0,1641.0,79.0,17.510399999999997,-0.27879999999999994,-0.8732,-0.10120000000000004,-5.6312,-7.2192,-46.4764,0,1,1,100.0
31,98.0,1,20.0,0.0,3,7,12.086133333333335,-0.19810666666666668,0.8115733333333325,-8.87248,39.0,24.494533333333333,0,19.0,1641.0,79.0,17.633599999999998,-0.2825333333333333,-0.8787999999999999,-0.0974666666666667,-5.627466666666667,-7.2528,-46.440933333333334,0,1,1,100.0
31,99.0,1,20.0,0.0,3,7,12.073066666666668,-0.19605333333333336,0.9177866666666662,-9.08024,39.0,24.44226666666667,0,19.0,1641.0,79.0,17.7568,-0.2862666666666666,-0.8844,-0.09373333333333335,-5.623733333333333,-7.2864,-46.40546666666666,0,1,1,100.0
31,100.0,1,20.0,0.0,3,7,12.06,-0.194,1.024,-9.288,39.0,24.39,0,19.0,1641.0,79.0,17.88,-0.29,-0.89,-0.09,-5.62,-7.32,-46.37,0,1,1,100.0
32,0.0,1,20.0,0.0,0,1,8.84,-0.098,0.508,-3.296,39.0,25.69,0,19.0,1641.0,79.0,12.57,-0.24,-1.09,0.0,-1.08,0.55,-2.08,0,1,1,100.0
32,1.0,1,20.0,0.0,0,1,8.5648,-0.09096,0.69872,-2.54528,39.0,25.69,0,19.0,1641.0,79.0,12.352400000000001,-0.24,-1.09,-0.0064,-1.1504,-0.39080000000000015,0.1663999999999999,0,1,1,100.0
32,2.0,1,20.0,0.0,0,1,8.354,-0.087,0.806,-2.123,39.0,25.69,0,21.8,1641.0,79.0,12.1964,-0.2386,-1.0886,-0.01,-1.2138,-1.2140000000000002,1.738,0,1,1,100.0
32,3.0,1,20.0,0.0,0,1,8.225999999999999,-0.087,0.806,-2.123,39.0,25.69,0,28.200000000000003,1641.0,79.0,12.1196,-0.2354,-1.0854000000000001,-0.01,-1.2682,-1.8860000000000003,2.442,0,1,1,100.0
32,4.0,1,20.0,0.0,0,1,8.097999999999999,-0.087,0.806,-2.123,39.0,25.69,0,34.6,1641.0,79.0,12.0428,-0.23220000000000002,-1.0822,-0.01,-1.3226,-2.5580000000000003,3.1460000000000004,0,1,1,100.0
32,5.0,1,20.0,0.0,0,1,7.586,-0.0832,1.3258,-1.6984000000000001,39.0,25.738,0,48.6,1641.0,79.0,11.741999999999999,-0.22,-1.078,-0.022,-1.56,-5.888,5.2,0,1,1,100.0
32,6.0,1,20.0,0.0,0,1,7.3812,-0.07103999999999999,2.9891600000000014,-0.33967999999999887,39.0,25.8916,0,15.319999999999968,1641.0,79.0,11.6204,-0.22,-1.0716,-0.028400000000000005,-1.6560000000000001,-7.385600000000001,5.808000000000001,0,1,1,100.0
32,7.0,1,20.0,0.0,0,1,7.2004,-0.06992,1.6155599999999983,0.0,39.0,25.915599999999998,0,7.0,1641.0,79.0,11.4988,-0.2152,-1.07,-0.03,-1.7424,-8.710400000000002,6.3056,0,1,1,100.0
32,8.0,1,20.0,0.0,0,1,7.046799999999999,-0.07218,-0.3176,0.0,39.0,25.9,0,7.0,1641.0,79.0,11.3886,-0.21,-1.0694000000000001,-0.0306,-1.8172000000000001,-9.8282,6.7142,0,1,1,100.0
32,9.0,1,20.0,0.0,0,1,6.9764,-0.07314,-0.2888,0.0,39.0,25.9,0,7.0,1641.0,79.0,11.3278,-0.21,-1.0662,-0.033800000000000004,-1.8556,-10.2986,6.8966,0,1,1,100.0
32,10.0,1,20.0,0.0,0,1,6.906,-0.0741,-0.26,0.0,39.0,25.9,0,7.0,1641.0,79.0,11.267000000000001,-0.21,-1.0630000000000002,-0.037,-1.894,-10.769,7.079,0,1,1,100.0
32,11.0,1,20.0,0.0,0,1,6.8328,-0.07504,-0.22247999999999987,0.0,39.0,25.8984,0,7.0,1641.0,79.0,11.2024,-0.20959999999999998,-1.0596,-0.04,-1.9344,-11.246,7.266,0,1,1,100.0
32,12.0,1,20.0,0.0,0,1,6.7176,-0.07568,-0.05415999999999971,0.0,39.0,25.872799999999998,0,7.0,1641.0,79.0,11.0808,-0.2032,-1.0532000000000001,-0.04,-2.0048,-11.822000000000001,7.522000000000001,0,1,1,100.0
32,13.0,1,20.0,0.0,0,1,6.6408000000000005,-0.07584,0.03112,0.0,39.0,25.8664,0,7.0,1641.0,79.0,10.992799999999999,-0.2,-1.0484,-0.04,-2.0592,-12.166,7.6692,0,1,1,100.0
32,14.0,1,20.0,0.0,0,1,6.6024,-0.07552,0.03336,0.0,39.0,25.879199999999997,0,7.0,1641.0,79.0,10.9384,-0.2,-1.0452000000000001,-0.04,-2.0976000000000004,-12.278,7.7076,0,1,1,100.0
32,15.0,1,20.0,0.0,0,1,6.564,-0.0752,0.0356,0.0,39.0,25.892,0,7.0,1641.0,79.0,10.884,-0.2,-1.042,-0.04,-2.136,-12.39,7.7459999999999996,0,1,1,100.0
32,16.0,1,20.0,0.0,0,1,6.42,-0.06804,0.40624000000000005,0.0,39.0,25.8648,0,7.0,1641.0,79.0,10.5344,-0.19,-1.03,-0.05,-2.382,-11.574399999999999,6.696,0,1,1,100.0
32,17.0,1,20.0,0.0,0,1,6.42,-0.06548,0.40688,0.0,39.0,25.877599999999997,0,7.0,1641.0,79.0,10.4928,-0.19,-1.03,-0.05,-2.414,-11.2928,6.311999999999999,0,1,1,100.0
32,18.0,1,20.0,0.0,0,1,6.42,-0.06292,0.40752,0.0,39.0,25.8904,0,7.0,1641.0,79.0,10.4512,-0.19,-1.03,-0.05,-2.446,-11.0112,5.928,0,1,1,100.0
32,19.0,1,20.0,0.0,0,1,6.4696,-0.0552,0.3366,0.0,39.0,25.8936,0,7.0,1641.0,79.0,10.2412,-0.18,-1.02,-0.06,-2.6256000000000004,-9.5628,3.6435999999999984,0,1,1,100.0
32,20.0,1,20.0,0.0,0,1,6.508,-0.052,0.327,0.0,39.0,25.868,0,7.0,1641.0,79.0,10.126,-0.18,-1.02,-0.06,-2.7279999999999998,-8.814,2.338,0,1,1,100.0
32,21.0,1,20.0,0.0,0,1,6.555199999999999,-0.04791999999999999,0.42212000000000016,0.0,39.0,25.877599999999997,0,7.0,1641.0,79.0,9.9888,-0.18,-1.0156,-0.06,-2.826,-8.0564,0.9223999999999986,0,1,1,100.0
32,22.0,1,20.0,0.04000000000000057,0,1,6.604,-0.04347999999999999,0.5580800000000002,0.0,39.0,25.9,0,7.040000000000001,1641.0,79.0,9.8484,-0.17959999999999998,-1.01,-0.0604,-2.9144,-7.343999999999999,-0.4596000000000014,0,1,1,100.0
32,23.0,1,20.0,0.3600000000000009,0,1,6.636,-0.03931999999999999,0.6467200000000003,0.0,39.0,25.9,0,7.360000000000001,1641.0,79.0,9.7556,-0.1764,-1.01,-0.0636,-2.9496,-6.975999999999999,-1.2564000000000022,0,1,1,100.0
32,24.0,1,20.0,0.6800000000000012,0,1,6.668,-0.03515999999999998,0.7353600000000003,0.0,39.0,25.9,0,7.6800000000000015,1641.0,79.0,9.662799999999999,-0.1732,-1.01,-0.06680000000000001,-2.9848000000000003,-6.607999999999999,-2.053200000000003,0,1,1,100.0
32,25.0,1,20.0,1.0,0,1,6.7,-0.031,0.824,0.0,39.0,25.9,0,8.0,1641.0,79.0,9.57,-0.17,-1.01,-0.07,-3.02,-6.24,-2.85,0,1,1,100.0
32,26.0,1,20.0,1.0,0,1,6.764,-0.026519999999999995,0.6083199999999997,0.0,39.0,25.9,0,8.0,1641.0,79.0,9.3524,-0.1636,-1.01,-0.07,-3.0456,-5.555199999999999,-4.501200000000002,0,1,1,100.0
32,27.0,1,20.0,1.0,0,1,6.9254,-0.013179999999999992,0.7393,0.0,39.0,25.9,0,8.0,1641.0,79.0,8.7698,-0.1586,-1.01,-0.0714,-3.0018,-4.045399999999999,-8.377,0,1,1,100.0
32,28.0,1,20.0,1.0,0,1,6.9606,-0.009019999999999988,0.6896999999999999,0.0,39.0,25.9,0,8.0,1641.0,79.0,8.6322,-0.15539999999999998,-1.01,-0.07460000000000001,-2.9602,-3.7605999999999993,-9.193000000000001,0,1,1,100.0
32,29.0,1,20.0,1.0,6,2,6.9958,-0.004859999999999985,0.6400999999999998,0.0,39.0,25.9,0,8.0,1641.0,79.0,8.4946,-0.15219999999999997,-1.01,-0.07780000000000001,-2.9186,-3.4757999999999987,-10.009000000000002,0,1,1,100.0
32,30.0,1,20.0,0.0,6,2,7.126,0.0024000000000000002,0.697,-0.2696,39.0,25.86,0,17.0,1641.0,79.0,7.818,-0.138,-1.01,-0.08,-2.632,-2.3779999999999997,-13.382000000000001,0,1,1,100.0
32,31.0,1,20.0,0.0,6,2,7.1772,0.0036800000000000014,0.3129999999999996,-0.7195200000000004,39.0,25.86,0,17.0,1641.0,79.0,7.4916,-0.1316,-1.01,-0.08,-2.4463999999999997,-1.9555999999999996,-14.732400000000002,0,1,1,100.0
32,32.0,1,20.0,0.48000000000000115,6,2,7.2188,0.005920000000000005,0.26740000000000014,-1.0638400000000006,39.0,25.86,0,17.48,1641.0,79.0,7.150799999999999,-0.12519999999999998,-1.01,-0.08480000000000001,-2.2271999999999994,-1.5715999999999994,-15.929200000000002,0,1,1,100.0
32,33.0,1,20.0,0.8799999999999983,6,2,7.2536000000000005,0.008600000000000009,0.3131199999999999,-1.3914400000000011,39.0,25.851599999999998,0,17.88,1641.0,79.0,6.801599999999999,-0.11879999999999998,-1.01,-0.09,-1.9895999999999994,-1.2015999999999991,-17.034000000000002,0,1,1,100.0
32,34.0,1,20.0,0.2399999999999977,6,2,7.2728,0.01180000000000001,0.26575999999999983,-1.7991200000000014,39.0,25.8068,0,17.24,1641.0,79.0,6.436799999999999,-0.11239999999999997,-1.01,-0.09,-1.7207999999999992,-0.8367999999999987,-17.962000000000003,0,1,1,100.0
32,35.0,1,20.0,0.0,6,2,7.28,0.013999999999999999,0.2606,-2.051,39.0,25.784,0,17.0,1641.0,79.0,6.184,-0.108,-1.01,-0.09,-1.528,-0.582,-18.528,0,1,1,100.0
32,36.0,1,20.0,0.0,6,2,7.28,0.015600000000000001,0.28076,-2.2094,39.0,25.7744,0,17.0,1641.0,79.0,5.998399999999999,-0.1048,-1.01,-0.09,-1.3807999999999998,-0.3931999999999998,-18.8768,0,1,1,100.0
32,37.0,1,20.0,0.0,6,2,7.28,0.0172,0.30092,-2.3678000000000003,39.0,25.7648,0,17.0,1641.0,79.0,5.812799999999999,-0.1016,-1.01,-0.09,-1.2335999999999996,-0.20439999999999964,-19.2256,0,1,1,100.0
32,38.0,1,20.0,0.3200000000000017,6,2,7.2308,0.022960000000000005,0.2379599999999998,-2.9372000000000003,39.0,25.7104,0,17.32,1641.0,79.0,4.911599999999999,-0.08679999999999997,-1.02,-0.09,-0.4803999999999991,0.705200000000001,-20.183200000000003,0,1,1,100.0
32,39.0,1,20.0,0.9600000000000023,6,2,7.1924,0.024880000000000006,0.15987999999999972,-3.1036000000000006,39.0,25.691200000000002,0,17.96,1641.0,79.0,4.514799999999998,-0.08039999999999997,-1.02,-0.09,-0.14119999999999877,1.0956000000000015,-20.3496,0,1,1,100.0
32,40.0,1,20.0,1.0,6,2,7.13,0.0256,0.06559999999999999,-3.1721999999999997,39.0,25.666,0,18.0,1641.0,79.0,4.106,-0.07400000000000001,-1.02,-0.09,0.24,1.444,-20.216,0,1,1,100.0
32,41.0,1,20.0,1.0,6,2,7.0588,0.026,-0.023520000000000423,-3.1949199999999998,39.0,25.65,0,18.0,1641.0,79.0,3.696399999999998,-0.06759999999999997,-1.02,-0.09240000000000004,0.6480000000000024,1.7608000000000015,-19.9304,0,1,1,100.0
32,42.0,1,20.0,1.0,6,2,6.9756,0.026,-0.10224000000000015,-3.15204,39.0,25.65,0,18.0,1641.0,79.0,3.286799999999999,-0.06119999999999999,-1.02,-0.09880000000000001,1.0960000000000008,2.0296000000000007,-19.424799999999998,0,1,1,100.0
32,43.0,1,20.0,1.0,6,2,6.8768,0.025480000000000003,-0.10452000000000003,-3.05092,39.0,25.6708,0,18.0,1641.0,79.0,2.8876000000000004,-0.05480000000000001,-1.02,-0.1,1.606399999999999,2.2152,-18.628,0,1,1,100.0
32,44.0,1,20.0,1.0,6,2,6.767999999999999,0.024679999999999997,-0.11556000000000033,-2.911399999999999,39.0,25.6948,0,18.0,1641.0,79.0,2.4971999999999985,-0.04839999999999998,-1.0216,-0.1,2.1520000000000024,2.3544,-17.675999999999995,0,1,1,100.0
32,45.0,1,20.0,1.0,6,2,6.64,0.0234,-0.2058,-2.697,39.0,25.714,0,18.0,1641.0,79.0,2.126,-0.042,-1.028,-0.1,2.7600000000000002,2.412,-16.459999999999997,0,1,1,100.0
32,46.0,1,20.0,1.0,6,2,6.503199999999999,0.021239999999999985,-0.19967999999999975,-2.487439999999999,39.0,25.7376,0,18.0,1641.0,79.0,1.7811999999999981,-0.035599999999999965,-1.03,-0.1,3.425200000000004,2.4036,-15.041599999999992,0,1,1,100.0
32,47.0,1,20.0,1.0,6,2,6.360799999999999,0.01884,-0.15455999999999998,-2.28576,39.0,25.762400000000003,0,18.0,1641.0,79.0,1.4547999999999994,-0.029199999999999986,-1.03,-0.1,4.1236000000000015,2.3531999999999997,-13.502399999999998,0,1,1,100.0
32,48.0,1,20.0,1.0,6,2,6.2071999999999985,0.017559999999999992,-0.14303999999999992,-2.1238399999999986,39.0,25.7816,0,18.0,1641.0,79.0,1.173199999999998,-0.022799999999999956,-1.03,-0.1,4.872400000000005,2.218799999999999,-11.761599999999987,0,1,1,100.0
32,49.0,1,20.0,1.0,6,2,6.091399999999999,0.01664,-0.13404,-1.9962999999999995,39.0,25.79,0,18.0,1641.0,79.0,0.9851999999999996,-0.01819999999999999,-1.03,-0.1,5.421400000000001,2.1005999999999996,-10.468999999999998,0,1,1,100.0
32,50.0,1,20.0,1.0,6,2,6.005,0.016,-0.127,-1.8955,39.0,25.79,0,18.0,1641.0,79.0,0.87,-0.015,-1.03,-0.1,5.815,1.995,-9.525,0,1,1,100.0
32,51.0,1,20.0,1.0,6,2,5.9186,0.015359999999999997,-0.11995999999999997,-1.7946999999999995,39.0,25.79,0,18.0,1641.0,79.0,0.7547999999999994,-0.011799999999999982,-1.03,-0.1,6.208600000000002,1.8893999999999995,-8.580999999999996,0,1,1,100.0
32,52.0,1,20.0,1.0,6,2,5.5188,0.011439999999999999,-0.11000000000000008,-1.3829199999999997,39.0,25.83,0,18.0,1641.0,79.0,0.3667999999999998,-0.0071999999999999885,-1.03,-0.1,7.974800000000002,1.2643999999999993,-4.085199999999996,0,1,1,100.0
32,53.0,1,20.0,1.0,6,2,5.333199999999998,0.01015999999999999,-0.15800000000000036,-1.1678799999999985,39.0,25.83,0,18.0,1641.0,79.0,0.24519999999999917,-0.0007999999999999545,-1.03,-0.1,8.717200000000005,0.9315999999999977,-2.062799999999986,0,1,1,100.0
32,54.0,1,20.0,1.0,6,2,5.153199999999999,0.007759999999999991,-0.24296000000000031,-0.8520399999999988,39.0,25.846799999999998,0,18.0,1641.0,79.0,0.1571999999999997,0.0,-1.03,-0.1,9.398000000000001,0.5315999999999985,0.004400000000007371,0,1,1,100.0
32,55.0,1,20.0,1.0,6,2,4.974,0.0052,-0.282,-0.5208,39.0,25.86,0,18.0,1641.0,79.0,0.08,0.0,-1.032,-0.098,10.03,0.09,2.108,0,1,1,100.0
32,56.0,1,20.0,1.0,6,2,4.7947999999999995,0.002639999999999986,-0.2083999999999996,-0.18735999999999822,39.0,25.86,0,18.0,1641.0,79.0,0.015999999999999664,0.0,-1.0384,-0.09159999999999996,10.574000000000003,-0.42200000000000276,4.277600000000012,0,1,1,100.0
32,57.0,1,20.0,1.0,6,2,4.6204,0.0015199999999999988,-0.21064000000000005,0.03952000000000034,39.0,25.86,0,18.0,1641.0,79.0,-0.052800000000000125,0.0,-1.04,-0.09,10.974,-1.0684000000000011,6.576800000000004,0,1,1,100.0
32,58.0,1,20.0,1.0,6,2,4.449999999999999,0.0008799999999999955,-0.2041999999999989,0.16991999999999904,39.0,25.8648,0,18.0,1641.0,79.0,-0.1280000000000007,0.0,-1.0412000000000001,-0.09,11.2804,-1.8088000000000066,8.96960000000002,0,1,1,100.0
32,59.0,1,20.0,1.0,6,2,4.29,0.0002399999999999977,-0.050599999999999465,0.03615999999999952,39.0,25.8904,0,18.0,1641.0,79.0,-0.22400000000000037,0.0,-1.0476,-0.09,11.3892,-2.7624000000000035,11.58080000000001,0,1,1,100.0
32,60.0,1,20.0,1.0,6,2,4.186,0.0,0.0138,-0.042199999999999994,39.0,25.892,0,18.0,1641.0,79.0,-0.296,0.002,-1.052,-0.09,11.376,-3.5180000000000002,13.482000000000001,0,1,1,100.0
32,61.0,1,20.0,1.0,6,2,4.1156,0.0,0.02468000000000006,-0.08732000000000023,39.0,25.879199999999997,0,18.0,1641.0,79.0,-0.3536000000000003,0.005200000000000017,-1.0552000000000001,-0.09,11.2896,-4.154800000000003,14.95720000000001,0,1,1,100.0
32,62.0,1,20.0,1.0,6,2,4.0451999999999995,0.0,0.03556000000000002,-0.13244000000000006,39.0,25.8664,0,18.0,1641.0,79.0,-0.4112000000000001,0.008400000000000006,-1.0584,-0.09,11.2032,-4.791600000000002,16.432400000000005,0,1,1,100.0
32,63.0,1,20.0,1.0,6,2,3.945999999999999,0.0003200000000000046,0.06852000000000039,-0.21452000000000085,39.0,25.86,0,18.0,1641.0,79.0,-0.49120000000000075,0.01,-1.0664000000000002,-0.09,10.916799999999997,-5.942000000000012,18.805200000000024,0,1,1,100.0
32,64.0,1,20.0,1.0,6,2,3.8179999999999996,0.0009600000000000023,0.1235600000000002,-0.33356000000000047,39.0,25.86,0,18.0,1641.0,79.0,-0.5936000000000003,0.01,-1.0792000000000002,-0.09,10.430399999999999,-7.606000000000006,22.075600000000012,0,1,1,100.0
32,65.0,1,20.0,1.0,6,2,3.584,0.0036,0.0013999999999999985,-0.6706,39.0,25.86,0,18.0,1641.0,79.0,-0.674,0.01,-1.102,-0.096,8.166,-13.03,31.06,0,1,1,100.0
32,66.0,1,20.0,1.0,6,2,3.5208,0.004,-0.0602000000000001,-0.6071599999999993,39.0,25.86,0,18.0,1641.0,79.0,-0.6459999999999997,0.01,-1.1148,-0.1,7.049199999999993,-15.278000000000011,34.496000000000016,0,1,1,100.0
32,67.0,1,20.0,1.0,6,2,3.4696,0.004,-0.07940000000000004,-0.4689199999999998,39.0,25.86,0,18.0,1641.0,79.0,-0.5819999999999999,0.01,-1.1276,-0.1,5.820399999999998,-17.486000000000004,37.792,0,1,1,100.0
32,68.0,1,20.0,1.0,6,2,3.4548,0.0034799999999999957,-0.11004000000000025,-0.39515999999999957,39.0,25.86,0,18.0,1641.0,79.0,-0.48679999999999923,0.01,-1.1352,-0.1,4.503199999999991,-19.428800000000013,40.73440000000002,0,1,1,100.0
32,69.0,1,20.0,1.0,6,2,3.4548,0.002839999999999998,-0.13147999999999996,-0.30075999999999925,39.0,25.86,0,18.0,1641.0,79.0,-0.37959999999999955,0.008399999999999977,-1.14,-0.1,3.154399999999995,-21.172800000000006,43.43840000000001,0,1,1,100.0
32,70.0,1,20.0,1.0,6,2,3.474,0.0022,-0.1174,-0.0998,39.0,25.86,0,18.0,1641.0,79.0,-0.258,0.002,-1.14,-0.1,1.7719999999999998,-22.504,45.672,0,1,1,100.0
32,71.0,1,20.0,1.0,6,2,3.5020000000000002,0.0015599999999999965,-0.11344000000000001,0.0015000000000003038,39.0,25.86,0,18.0,1641.0,79.0,-0.17159999999999964,0.0,-1.14,-0.1,0.8625999999999964,-23.159800000000004,46.8694,0,1,1,100.0
32,72.0,1,20.0,1.0,6,2,3.5340000000000003,0.0009199999999999988,-0.11408,0.057500000000000114,39.0,25.86,0,18.0,1641.0,79.0,-0.10119999999999989,0.0,-1.14,-0.1,0.16819999999999885,-23.5086,47.5958,0,1,1,100.0
32,73.0,1,20.0,1.0,6,2,3.5660000000000003,0.0002799999999999954,-0.11472,0.11350000000000042,39.0,25.86,0,18.0,1641.0,79.0,-0.030799999999999512,0.0,-1.14,-0.1,-0.5262000000000049,-23.857400000000005,48.3222,0,1,1,100.0
32,74.0,1,20.0,1.0,6,2,3.6412000000000004,-0.0003600000000000023,-0.10563999999999994,0.15924000000000013,39.0,25.86,0,18.0,1641.0,79.0,0.07920000000000049,0.0,-1.1363999999999999,-0.1,-1.5896000000000048,-24.067600000000002,48.9352,0,1,1,100.0
32,75.0,1,20.0,1.0,6,2,3.75,-0.001,-0.089,0.197,39.0,25.86,0,18.0,1641.0,79.0,0.22,0.0,-1.13,-0.1,-2.94,-24.17,49.46,0,1,1,100.0
32,76.0,1,20.0,0.35999999999999654,6,2,3.890800000000001,-0.0016400000000000034,-0.05571999999999982,0.23284000000000019,39.0,25.86,0,17.359999999999996,1641.0,79.0,0.3736000000000008,-0.006400000000000034,-1.1172,-0.09359999999999996,-4.2072000000000065,-23.8116,48.986399999999996,0,1,1,100.0
32,77.0,1,20.0,0.14000000000000057,6,2,4.309,-0.0021400000000000004,-0.05747999999999999,0.41792,39.0,25.86,0,17.14,1641.0,79.0,0.7606000000000002,-0.011400000000000006,-1.0758,-0.09,-6.944000000000001,-22.4774,45.748799999999996,0,1,1,100.0
32,78.0,1,20.0,0.4600000000000023,6,2,4.421000000000001,-0.0024600000000000025,-0.05171999999999996,0.44288000000000016,39.0,25.86,0,17.46,1641.0,79.0,0.8534000000000006,-0.014600000000000023,-1.0662,-0.09,-7.456000000000004,-22.128599999999995,44.44319999999999,0,1,1,100.0
32,79.0,1,20.0,0.7800000000000011,6,2,4.533,-0.0027800000000000012,-0.04595999999999998,0.4678400000000001,39.0,25.86,0,17.78,1641.0,79.0,0.9462000000000004,-0.01780000000000001,-1.0566,-0.09,-7.968000000000002,-21.779799999999998,43.1376,0,1,1,100.0
32,80.0,1,20.0,1.0,6,2,5.109999999999999,-0.0042,-0.010999999999999998,0.5614,39.0,25.86,0,18.0,1641.0,79.2,1.4080000000000001,-0.022,-1.002,-0.08,-9.937999999999999,-20.41,35.094,0,1,1,100.0
32,81.0,1,20.0,1.0,1,5,5.397999999999999,-0.004839999999999998,0.011399999999999926,0.5690799999999999,39.0,25.86,0,18.0,1641.0,79.84,1.657599999999999,-0.028399999999999977,-0.9764,-0.08,-10.699599999999998,-19.93,30.498800000000017,0,1,1,100.0
32,82.0,1,20.0,0.5199999999999931,1,5,5.700400000000003,-0.004519999999999994,0.05444000000000053,0.5493999999999997,39.0,25.845599999999997,0,18.480000000000008,1641.0,80.0,1.9600000000000035,-0.03480000000000007,-0.9507999999999998,-0.07519999999999993,-11.365200000000007,-19.536399999999993,25.476399999999945,0,1,1,100.0
32,83.0,1,20.0,0.0,1,5,6.0100000000000025,-0.008800000000000181,-0.31048000000001535,0.30939999999999185,39.0,25.8216,0,19.0,1641.0,80.0,2.301600000000003,-0.04120000000000005,-0.9251999999999999,-0.07,-11.983200000000005,-19.179999999999996,20.27559999999996,0,1,1,100.0
32,84.0,1,20.0,0.0,1,5,6.330000000000001,-0.03440000000000008,-2.4730400000000077,-0.845800000000004,39.0,25.7768,0,19.0,1641.0,80.0,2.7368000000000015,-0.047600000000000024,-0.8996,-0.07,-12.533600000000002,-18.859999999999996,14.918799999999981,0,1,1,100.0
32,85.0,1,20.0,0.0,1,5,6.519333333333334,-0.05013333333333333,-3.195333333333333,-1.3938,39.0,25.745333333333335,0,19.0,1641.0,80.0,3.024,-0.051333333333333335,-0.8846666666666667,-0.07,-12.836,-18.685333333333332,11.796666666666667,0,1,1,100.0
32,86.0,1,20.0,0.0,1,5,6.6302666666666665,-0.05994666666666663,-3.053466666666667,-1.5774799999999993,39.0,25.721866666666667,0,19.0,1641.0,80.0,3.2223999999999995,-0.05346666666666666,-0.8761333333333333,-0.07,-12.9896,-18.597866666666665,10.01533333333334,0,1,1,100.0
32,87.0,1,20.0,0.0,1,5,6.741200000000001,-0.0697600000000001,-2.9115999999999986,-1.761160000000002,39.0,25.6984,0,19.0,1641.0,80.0,3.420800000000002,-0.055600000000000024,-0.8675999999999999,-0.07,-13.143200000000002,-18.510399999999997,8.23399999999998,0,1,1,100.0
32,88.0,1,20.0,0.0,1,5,6.852133333333334,-0.0795733333333334,-2.7697333333333325,-1.9448400000000015,39.0,25.674933333333332,0,19.0,1641.0,80.0,3.6192000000000015,-0.057733333333333345,-0.8590666666666666,-0.07,-13.296800000000001,-18.42293333333333,6.452666666666653,0,1,1,100.0
32,89.0,1,20.0,0.0,1,5,6.963066666666667,-0.0893866666666667,-2.6278666666666664,-2.128520000000001,39.0,25.651466666666664,0,19.0,1641.0,80.0,3.817600000000001,-0.05986666666666667,-0.8505333333333333,-0.07,-13.450400000000002,-18.335466666666665,4.671333333333326,0,1,1,100.0
32,90.0,1,20.0,0.0,1,6,8.23,-0.1628,-1.177,-4.4828,39.0,25.386,0,19.0,1641.0,80.0,7.748,-0.108,-0.794,-0.076,-14.772,-19.106,-15.914000000000001,0,1,1,100.0
32,91.0,1,20.0,0.0,1,6,8.505999999999998,-0.17311999999999997,-0.7879600000000005,-5.042399999999999,39.0,25.305999999999997,0,19.0,1641.0,80.0,9.008799999999995,-0.12719999999999992,-0.7876000000000001,-0.08239999999999997,-14.9408,-20.015599999999996,-20.400399999999987,0,1,1,100.0
32,92.0,1,20.0,0.0,1,6,8.762000000000004,-0.18144000000000007,-0.6145199999999981,-5.400800000000004,39.0,25.242,0,19.0,1641.0,80.0,10.365600000000013,-0.1464000000000002,-0.7812,-0.08880000000000006,-15.049600000000002,-21.25720000000001,-24.534800000000043,0,1,1,100.0
32,93.0,1,20.0,0.0,1,6,8.986800000000002,-0.18508000000000002,-0.22735999999999687,-6.126320000000006,39.0,25.0844,0,19.0,1641.0,80.0,11.639200000000008,-0.16560000000000014,-0.7904000000000001,-0.09,-14.94,-22.608000000000008,-27.89960000000002,0,1,1,100.0
32,94.0,1,20.0,0.0,1,6,9.1948,-0.18667999999999998,0.07007999999999957,-6.847920000000001,39.0,24.927599999999998,0,19.0,1641.0,80.0,12.805600000000004,-0.18480000000000008,-0.8032,-0.09,-14.679199999999998,-23.900800000000004,-30.792400000000008,0,1,1,100.0
32,95.0,1,20.0,0.0,1,6,9.374,-0.1854,-0.049600000000000005,-7.303599999999999,39.0,24.837999999999997,0,19.0,1641.0,80.0,13.708,-0.204,-0.816,-0.09,-14.116,-24.944,-32.802,0,1,1,100.0
32,96.0,1,20.0,0.0,1,6,9.522400000000003,-0.18367999999999998,0.14708000000000487,-7.800200000000007,39.0,24.7308,0,19.0,1641.0,80.0,14.306800000000006,-0.2188000000000002,-0.8376000000000003,-0.09,-13.293199999999986,-25.538400000000006,-33.92280000000001,0,1,1,100.0
32,97.0,1,20.0,0.040000000000003415,1,6,9.6452,-0.18192,0.42991999999999875,-8.239279999999999,39.0,24.63,0,19.040000000000003,1641.0,80.0,14.715200000000001,-0.23040000000000005,-0.8616000000000001,-0.08959999999999996,-12.395199999999994,-25.856399999999997,-34.514799999999994,0,1,1,100.0
32,98.0,1,20.0,0.3600000000000023,1,6,9.6868,-0.18128,0.30927999999999917,-8.14552,39.0,24.63,0,19.360000000000003,1641.0,80.0,14.7568,-0.23360000000000003,-0.8744000000000001,-0.08639999999999998,-11.796799999999996,-25.667599999999997,-34.2332,0,1,1,100.0
32,99.0,1,20.0,0.6800000000000012,3,7,9.7284,-0.18064,0.18863999999999959,-8.05176,39.0,24.63,0,19.68,1641.0,80.0,14.7984,-0.2368,-0.8872000000000001,-0.08319999999999998,-11.198399999999998,-25.4788,-33.9516,0,1,1,100.0
32,100.0,1,20.0,1.0,3,7,9.77,-0.18,0.068,-7.958,39.0,24.63,0,20.0,1641.0,80.0,14.84,-0.24,-0.9,-0.08,-10.6,-25.29,-33.67,0,1,1,100.0
35,0.0,1,20.0,0.0,0,1,1.95,-0.071,1.023,-6.122,38.0,25.37,0,19.0,1641.0,82.0,3.17,-0.06,-1.03,-0.08,4.2,-5.74,0.63,0,1,1,100.0
35,1.0,1,20.0,0.0,0,1,1.8492,-0.05364,1.79804,-4.80208,38.0,25.37,0,19.0,1641.0,82.0,3.1756,-0.06,-1.03,-0.08,3.8752,-5.348,2.8307999999999995,0,1,1,100.0
35,2.0,1,20.0,0.0,0,1,1.7598,-0.04,2.407,-3.765,38.0,25.37,0,20.2,1641.0,82.0,3.1914000000000002,-0.06,-1.0306,-0.0794,3.5642,-5.1288,4.6944,0,1,1,100.0
35,3.0,1,20.0,0.0,0,1,1.7122000000000002,-0.04,2.407,-3.765,38.0,25.37,0,25.799999999999997,1641.0,82.0,3.2446,-0.06,-1.0334,-0.0766,3.3038000000000003,-5.5432,5.321599999999999,0,1,1,100.0
35,4.0,1,20.0,0.0,0,1,1.6646,-0.04,2.407,-3.765,38.0,25.37,0,31.4,1641.0,82.0,3.2978,-0.06,-1.0362,-0.0738,3.0434,-5.957599999999999,5.948799999999999,0,1,1,100.0
35,5.0,1,20.0,0.0,0,1,1.617,-0.04,2.407,-3.765,38.0,25.37,0,37.0,1641.0,82.0,3.351,-0.06,-1.0390000000000001,-0.07100000000000001,2.783,-6.372,6.576,0,1,1,100.0
35,6.0,1,20.0,0.0,0,1,1.5424000000000002,-0.04,2.407,-3.765,38.0,25.37,0,46.19999999999999,1641.0,82.0,3.4744,-0.06359999999999999,-1.04,-0.07,2.3012000000000006,-7.581999999999998,7.1491999999999996,0,1,1,100.0
35,7.0,1,20.0,0.0,0,1,1.4528,-0.04,2.407,-3.765,38.0,25.37,0,57.39999999999999,1641.0,82.0,3.6368,-0.0692,-1.04,-0.07,1.6964000000000006,-9.234,7.692399999999999,0,1,1,100.0
35,8.0,1,20.0,0.0,0,1,1.2324,-0.002,6.3726800000000035,0.0,38.0,25.86,0,4.0,1641.0,82.0,4.1632,-0.0748,-1.04,-0.07,0.0744000000000003,-14.539599999999998,8.4772,0,1,1,100.0
35,9.0,1,20.0,0.0,0,1,1.166,-0.00208,-0.062279999999999974,0.0,38.0,25.8616,0,4.0,1641.0,82.0,4.3528,-0.08,-1.04,-0.07,-0.4647999999999999,-16.344399999999997,8.6936,0,1,1,100.0
35,10.0,1,20.0,0.0,0,1,1.11,-0.0032,-0.17820000000000003,0.0,38.0,25.884,0,4.0,1641.0,82.0,4.532,-0.08,-1.04,-0.07,-0.9520000000000001,-17.806,8.884,0,1,1,100.0
35,11.0,1,20.0,0.0,0,1,1.0588000000000002,-0.004479999999999999,-0.22756000000000012,0.0,38.0,25.9,0,4.0,1641.0,82.0,4.708,-0.08159999999999999,-1.04,-0.06840000000000002,-1.4215999999999995,-19.1284,9.0648,0,1,1,100.0
35,12.0,1,20.0,0.0,0,1,1.0196,-0.006159999999999997,-0.11052000000000023,0.0,38.0,25.9,0,4.0,1641.0,82.0,4.8759999999999994,-0.08719999999999999,-1.04,-0.06280000000000001,-1.847199999999999,-20.1028,9.2216,0,1,1,100.0
35,13.0,1,20.0,0.0,0,1,0.9916,-0.00672,-0.034360000000000016,0.0,38.0,25.9,0,4.0,1641.0,82.0,5.0328,-0.09,-1.04,-0.06,-2.2448,-20.822400000000002,9.328000000000001,0,1,1,100.0
35,14.0,1,20.0,0.0,0,1,0.9748,-0.0061600000000000005,0.0009199999999999491,0.0,38.0,25.9,0,4.0,1641.0,82.0,5.1784,-0.09,-1.04,-0.06,-2.6144,-21.287200000000002,9.384,0,1,1,100.0
35,15.0,1,20.0,0.0,0,1,0.966,-0.0052,0.1386,0.0,38.0,25.9,0,4.0,1641.0,82.0,5.312,-0.094,-1.036,-0.06,-2.952,-21.416,9.312,0,1,1,100.0
35,16.0,1,20.0,0.0,0,1,0.9603999999999999,-0.004080000000000001,0.3172399999999998,0.0,38.0,25.9,0,4.0,1641.0,82.0,5.4408,-0.0996,-1.0304,-0.06,-3.2767999999999997,-21.4104,9.1888,0,1,1,100.0
35,17.0,1,20.0,0.0,0,1,0.9652,-0.0027000000000000027,0.36457999999999996,0.0,38.0,25.9,0,4.0,1641.0,82.0,5.502,-0.1,-1.03,-0.06,-3.4247999999999994,-21.228,9.0006,0,1,1,100.0
35,18.0,1,20.0,0.0,6,2,0.9708,-0.0013000000000000008,0.40182,0.0,38.0,25.9,0,4.0,1641.0,82.0,5.558,-0.1,-1.03,-0.06,-3.5591999999999997,-21.032,8.8074,0,1,1,100.0
35,19.0,1,20.0,0.0,6,2,0.9763999999999999,9.999999999999788e-05,0.43905999999999995,0.0,38.0,25.9,0,4.0,1641.0,82.0,5.614,-0.1,-1.03,-0.06,-3.6935999999999996,-20.836000000000002,8.6142,0,1,1,100.0
35,20.0,1,20.0,0.0,6,2,0.99,0.0014,0.5322,-0.0248,38.0,25.892,0,6.8,1641.0,82.0,5.680000000000001,-0.1,-1.03,-0.06,-3.856,-20.44,8.244,0,1,1,100.0
35,21.0,1,20.0,0.0,6,2,1.018,0.002519999999999999,0.7259599999999998,-0.09423999999999992,38.0,25.8696,0,14.639999999999992,1641.0,82.0,5.764,-0.1,-1.03,-0.06,-4.0687999999999995,-19.684,7.555200000000001,0,1,1,100.0
35,22.0,1,20.0,0.0,6,2,1.0428,0.0033199999999999987,0.7088400000000004,-0.24399999999999958,38.0,25.86,0,18.0,1641.0,82.0,5.816,-0.1016,-1.0284,-0.06,-4.208,-19.0672,6.98,0,1,1,100.0
35,23.0,1,20.0,0.0,6,2,1.0652,0.0038799999999999985,0.5335600000000005,-0.45399999999999935,38.0,25.86,0,18.0,1641.0,82.0,5.844,-0.10439999999999999,-1.0256,-0.06,-4.292,-18.5548,6.490000000000001,0,1,1,100.0
35,24.0,1,20.0,0.0,6,2,1.0876,0.004439999999999998,0.35828000000000065,-0.6639999999999991,38.0,25.86,0,18.0,1641.0,82.0,5.872,-0.10719999999999999,-1.0228,-0.06,-4.3759999999999994,-18.042400000000004,6.000000000000002,0,1,1,100.0
35,25.0,1,20.0,0.0,6,2,1.33,0.015,0.398,-2.264,38.0,25.79,0,18.0,1641.0,82.0,5.86,-0.1,-1.02,-0.06,-4.76,-13.05,0.6,0,1,1,100.0
35,26.0,1,20.0,0.5599999999999995,6,2,1.4027999999999998,0.018919999999999996,0.43999999999999995,-2.7075199999999993,38.0,25.750799999999998,0,18.56,1641.0,82.0,5.7816,-0.1,-1.02,-0.06559999999999999,-4.76,-11.694800000000003,-1.0743999999999985,0,1,1,100.0
35,27.0,1,20.0,1.0,6,2,1.4768,0.022839999999999992,0.46532000000000007,-3.153679999999999,38.0,25.708,0,19.0,1641.0,82.0,5.6912,-0.1,-1.0188,-0.07,-4.7456,-10.339600000000004,-2.7763999999999966,0,1,1,100.0
35,28.0,1,20.0,1.0,6,2,1.5552,0.02675999999999999,0.4294800000000001,-3.6095199999999985,38.0,25.652,0,19.0,1641.0,82.0,5.556800000000001,-0.1,-1.0132,-0.07,-4.6784,-8.984400000000004,-4.579599999999995,0,1,1,100.0
35,29.0,1,20.0,1.0,6,2,1.6335999999999997,0.030919999999999982,0.4497999999999996,-4.142879999999997,38.0,25.576800000000002,0,19.0,1641.0,82.0,5.400800000000001,-0.09760000000000002,-1.01,-0.07,-4.5848,-7.650800000000006,-6.4067999999999925,0,1,1,100.0
35,30.0,1,20.0,1.0,6,2,1.712,0.0354,0.5449999999999999,-4.779599999999999,38.0,25.476000000000003,0,19.0,1641.0,82.0,5.216,-0.092,-1.01,-0.07,-4.456,-6.346,-8.266,0,1,1,100.0
35,31.0,1,20.0,1.0,6,2,1.7634,0.038619999999999995,0.57972,-5.2139999999999995,38.0,25.4022,0,19.0,1641.0,82.0,5.069000000000001,-0.0882,-1.01,-0.07,-4.3542000000000005,-5.493,-9.5186,0,1,1,100.0
35,32.0,1,20.0,1.0,6,2,1.7998,0.041139999999999996,0.5808399999999999,-5.536,38.0,25.343400000000003,0,19.0,1641.0,82.0,4.9430000000000005,-0.0854,-1.01,-0.07,-4.2674,-4.891000000000001,-10.434199999999997,0,1,1,100.0
35,33.0,1,20.0,1.0,6,2,1.8362,0.04365999999999999,0.5819599999999999,-5.857999999999999,38.0,25.2846,0,19.0,1641.0,82.0,4.817,-0.0826,-1.01,-0.07,-4.1806,-4.2890000000000015,-11.349799999999997,0,1,1,100.0
35,34.0,1,20.0,1.0,6,2,1.8751999999999998,0.04623999999999998,0.5696800000000007,-6.175519999999999,38.0,25.2244,0,19.0,1641.0,82.0,4.676400000000002,-0.07960000000000002,-1.0104,-0.07039999999999999,-4.0856,-3.6552000000000042,-12.317199999999993,0,1,1,100.0
35,35.0,1,20.0,1.0,6,2,1.948,0.0496,0.3832,-6.4348,38.0,25.146,0,19.0,1641.0,82.0,4.346,-0.07400000000000001,-1.016,-0.076,-3.884,-2.608,-13.958,0,1,1,100.0
35,36.0,1,20.0,1.0,6,2,2.1128,0.052520000000000004,-0.05803999999999984,-6.3424000000000005,38.0,25.1312,0,19.0,1641.0,82.0,3.2572000000000005,-0.05840000000000001,-1.02,-0.08,-3.2548000000000004,-0.15240000000000062,-17.583199999999998,0,1,1,100.0
35,37.0,1,20.0,1.0,6,2,2.1576,0.05084,-0.20867999999999967,-6.000800000000001,38.0,25.1704,0,19.0,1641.0,82.0,2.792400000000001,-0.052800000000000014,-1.02,-0.08,-2.9916000000000005,0.46919999999999884,-18.294399999999996,0,1,1,100.0
35,38.0,1,20.0,1.0,6,2,2.1968,0.04832000000000001,-0.3472799999999996,-5.590600000000001,38.0,25.2292,0,19.0,1641.0,82.0,2.3192000000000017,-0.04440000000000004,-1.02,-0.08,-2.714400000000001,0.9759999999999988,-18.6864,0,1,1,100.0
35,39.0,1,20.0,1.0,6,2,2.2304,0.044960000000000014,-0.4738399999999995,-5.1118000000000015,38.0,25.307599999999997,0,19.0,1641.0,82.0,1.837600000000002,-0.03320000000000004,-1.02,-0.08,-2.423200000000001,1.3679999999999983,-18.7592,0,1,1,100.0
35,40.0,1,20.0,1.0,6,2,2.248,0.0416,-0.4888,-4.665,38.0,25.402,0,19.0,1641.0,82.0,1.3559999999999999,-0.026,-1.02,-0.084,-2.116,1.616,-18.368000000000002,0,1,1,100.0
35,41.0,1,20.0,1.0,6,2,2.2592,0.03824,-0.45912000000000003,-4.231000000000001,38.0,25.5028,0,19.0,1641.0,82.0,0.8744000000000005,-0.020400000000000005,-1.02,-0.08959999999999999,-1.8024000000000004,1.8063999999999998,-17.7912,0,1,1,100.0
35,42.0,1,20.0,1.0,6,2,2.2548,0.03436000000000001,-0.46636,-3.810520000000001,38.0,25.5672,0,19.0,1641.0,82.0,0.41880000000000095,-0.009600000000000023,-1.0252000000000001,-0.09,-1.4524000000000006,1.8563999999999998,-16.668400000000002,0,1,1,100.0
35,43.0,1,20.0,1.0,6,2,2.246,0.03052000000000001,-0.45668000000000036,-3.401400000000001,38.0,25.625600000000002,0,19.0,1641.0,82.0,-0.02999999999999872,0.000799999999999983,-1.03,-0.09,-1.0916000000000012,1.8764000000000003,-15.427600000000005,0,1,1,100.0
35,44.0,1,20.0,1.0,6,2,2.2180000000000004,0.027160000000000014,-0.3284400000000005,-3.0542000000000016,38.0,25.6648,0,19.0,1641.0,82.0,-0.4499999999999983,0.006399999999999978,-1.03,-0.09,-0.6828000000000016,1.7812000000000003,-13.730800000000007,0,1,1,100.0
35,45.0,1,20.0,1.0,6,2,2.192,0.02440000000000001,-0.26319999999999977,-2.744000000000001,38.0,25.7,0,19.0,1641.0,82.0,-0.785999999999999,0.01199999999999997,-1.03,-0.09,-0.33400000000000124,1.6810000000000005,-12.254000000000007,0,1,1,100.0
35,46.0,1,20.0,1.0,6,2,2.1696000000000004,0.02272000000000001,-0.3113599999999997,-2.5004000000000013,38.0,25.728,0,19.0,1641.0,82.0,-0.9707999999999988,0.017599999999999963,-1.03,-0.09,-0.09320000000000148,1.5718000000000008,-11.173200000000007,0,1,1,100.0
35,47.0,1,20.0,1.0,6,2,2.1472,0.021040000000000003,-0.3595199999999999,-2.2568000000000006,38.0,25.756,0,19.0,1641.0,82.0,-1.1555999999999995,0.023199999999999985,-1.03,-0.09,0.14759999999999948,1.4626000000000003,-10.092400000000001,0,1,1,100.0
35,48.0,1,20.0,1.0,6,2,2.1248000000000005,0.019360000000000013,-0.4076799999999996,-2.013200000000002,38.0,25.784,0,19.0,1641.0,82.0,-1.3403999999999985,0.02879999999999995,-1.03,-0.09,0.38839999999999797,1.3534000000000008,-9.011600000000008,0,1,1,100.0
35,49.0,1,20.0,1.0,6,2,1.9528,0.00704000000000002,-0.45568000000000053,-0.5632400000000024,38.0,25.8432,0,19.0,1641.0,82.0,-2.1567999999999987,0.04,-1.04,-0.09560000000000002,1.8035999999999979,0.2864000000000021,-1.836800000000012,0,1,1,100.0
35,50.0,1,20.0,1.0,6,2,1.88,0.002,-0.314,0.013,38.0,25.86,0,19.0,1641.0,82.0,-2.42,0.04,-1.04,-0.09,2.33,-0.24,1.12,0,1,1,100.0
35,51.0,1,20.0,1.0,6,2,1.7960000000000005,0.0003200000000000101,-0.20704000000000067,0.23139999999999866,38.0,25.86,0,19.0,1641.0,82.0,-2.627199999999999,0.04559999999999997,-1.0456,-0.09,2.7723999999999975,-0.9175999999999959,4.35119999999998,0,1,1,100.0
35,52.0,1,20.0,1.0,6,2,1.7120000000000002,-0.001,-0.10524000000000017,0.3714400000000003,38.0,25.86,0,19.0,1641.0,82.0,-2.8259999999999996,0.05119999999999999,-1.0512000000000001,-0.09,3.1883999999999992,-1.6131999999999984,7.630399999999993,0,1,1,100.0
35,53.0,1,20.0,1.0,6,2,1.6280000000000008,-0.001,-0.022360000000000678,0.22416000000000122,38.0,25.86,0,19.0,1641.0,82.0,-2.9939999999999984,0.056799999999999955,-1.0568,-0.09,3.5075999999999974,-2.374799999999994,11.085599999999973,0,1,1,100.0
35,54.0,1,20.0,1.0,6,2,1.5416000000000003,-0.001,0.029559999999999958,0.12368000000000016,38.0,25.86,0,19.0,1641.0,82.0,-3.140399999999999,0.06,-1.0624,-0.09,3.766799999999999,-3.133999999999997,14.610399999999986,0,1,1,100.0
35,55.0,1,20.0,1.0,6,2,1.452,-0.001,0.0402,0.0856,38.0,25.86,0,19.0,1641.0,82.0,-3.258,0.06,-1.068,-0.09,3.9459999999999997,-3.89,18.228,0,1,1,100.0
35,56.0,1,20.0,1.0,6,2,1.3696000000000004,-0.0006400000000000034,0.07495999999999971,-0.002879999999999305,38.0,25.86,0,19.0,1641.0,82.0,-3.3359999999999994,0.06,-1.0772,-0.08640000000000003,4.028,-4.6135999999999955,21.903199999999977,0,1,1,100.0
35,57.0,1,20.0,1.0,6,2,1.2912000000000001,-8.000000000000112e-05,0.1231199999999999,-0.11935999999999979,38.0,25.86,0,19.0,1641.0,82.0,-3.392,0.06,-1.0884,-0.08080000000000001,4.055999999999999,-5.319199999999999,25.610399999999995,0,1,1,100.0
35,58.0,1,20.0,1.0,6,2,1.2176000000000005,0.00047999999999999546,0.0666400000000006,-0.13264000000000004,38.0,25.86,0,19.0,1641.0,82.0,-3.3712,0.06,-1.0948,-0.08,3.9784000000000006,-6.034399999999994,29.28399999999997,0,1,1,100.0
35,59.0,1,20.0,1.0,6,2,1.1464,0.0009600000000000023,-0.002319999999999982,-0.1218800000000004,38.0,25.86,0,19.0,1641.0,82.0,-3.3308000000000004,0.06,-1.1008,-0.07960000000000002,3.878800000000001,-6.762799999999997,32.933599999999984,0,1,1,100.0
35,60.0,1,20.0,1.0,6,2,1.096,0.00039999999999999996,-0.0068000000000000005,-0.022200000000000004,38.0,25.86,0,19.0,1641.0,82.0,-3.202,0.06,-1.112,-0.07400000000000001,3.722,-7.6419999999999995,36.344,0,1,1,100.0
35,61.0,1,20.0,1.0,6,2,1.056,-0.0001599999999999966,-0.021519999999999755,0.0681199999999996,38.0,25.86,0,19.0,1641.0,82.0,-3.0820000000000003,0.059200000000000016,-1.1208,-0.07,3.5900000000000003,-8.435599999999996,39.19679999999999,0,1,1,100.0
35,62.0,1,20.0,1.0,6,2,1.042,-0.0007199999999999989,-0.061839999999999916,0.13503999999999985,38.0,25.86,0,19.0,1641.0,82.0,-2.984,0.056400000000000006,-1.1236,-0.07,3.52,-9.015199999999998,40.6556,0,1,1,100.0
35,63.0,1,20.0,1.0,6,2,1.0280000000000002,-0.0012799999999999956,-0.10215999999999967,0.20195999999999945,38.0,25.86,0,19.0,1641.0,82.0,-2.8860000000000006,0.05360000000000002,-1.1263999999999998,-0.07,3.4500000000000006,-9.594799999999996,42.11439999999999,0,1,1,100.0
35,64.0,1,20.0,1.0,6,2,1.014,-0.0018399999999999979,-0.14247999999999983,0.26887999999999973,38.0,25.86,0,19.0,1641.0,82.0,-2.7880000000000003,0.05080000000000001,-1.1292,-0.07,3.3800000000000003,-10.174399999999997,43.5732,0,1,1,100.0
35,65.0,1,20.0,1.0,6,2,1.034,-0.0048000000000000004,-0.15360000000000001,0.7056,38.0,25.86,0,19.0,1641.0,82.0,-2.226,0.046,-1.14,-0.06,3.25,-14.335999999999999,48.852000000000004,0,1,1,100.0
35,66.0,1,20.0,1.0,6,2,1.0675999999999999,-0.005919999999999993,-0.1362400000000001,0.8310399999999992,38.0,25.86,0,19.0,1641.0,82.0,-2.024400000000001,0.04040000000000003,-1.14,-0.06,3.2779999999999996,-16.178399999999986,50.15679999999999,0,1,1,100.0
35,67.0,1,20.0,1.0,6,2,1.1376,-0.007039999999999998,-0.12148000000000003,0.9512799999999998,38.0,25.86,0,19.0,1641.0,82.0,-1.8904,0.04,-1.14,-0.05480000000000001,3.3995999999999995,-18.228799999999996,50.5048,0,1,1,100.0
35,68.0,1,20.0,0.9200000000000046,6,2,1.2151999999999992,-0.008079999999999995,-0.10628000000000015,1.0635999999999994,38.0,25.86,0,18.920000000000005,1641.0,82.0,-1.7752000000000003,0.03920000000000005,-1.1392,-0.05,3.5387999999999984,-20.29599999999998,50.62400000000001,0,1,1,100.0
35,69.0,1,20.0,0.36000000000000226,6,2,1.3215999999999994,-0.008639999999999997,-0.08724000000000008,1.1307999999999998,38.0,25.86,0,18.360000000000003,1641.0,82.0,-1.7416,0.03360000000000002,-1.1336,-0.05,3.7403999999999993,-22.36799999999999,49.812000000000005,0,1,1,100.0
35,70.0,1,20.0,0.2,6,2,1.442,-0.009399999999999999,-0.0794,1.2067999999999999,38.0,25.854,0,18.2,1641.0,82.0,-1.746,0.032,-1.126,-0.048,3.958,-24.342,48.614,0,1,1,100.0
35,71.0,1,20.0,0.7599999999999967,6,2,1.587599999999999,-0.010519999999999993,-0.09171999999999993,1.2986399999999996,38.0,25.8372,0,18.759999999999998,1641.0,82.0,-1.8187999999999995,0.03759999999999997,-1.1148,-0.042400000000000035,4.204399999999998,-26.139599999999987,46.72120000000001,0,1,1,100.0
35,72.0,1,20.0,1.0,6,2,1.7523999999999995,-0.011319999999999998,-0.09572,1.37448,38.0,25.83,0,19.0,1641.0,82.0,-1.9459999999999997,0.04,-1.1036000000000001,-0.03680000000000001,4.457199999999999,-27.620399999999997,44.246,0,1,1,100.0
35,73.0,1,20.0,1.0,6,2,1.9315999999999984,-0.011879999999999995,-0.09348000000000002,1.4383199999999994,38.0,25.83,0,19.0,1641.0,82.0,-2.1139999999999985,0.04,-1.0924000000000003,-0.031200000000000044,4.714799999999998,-28.863599999999987,41.334000000000024,0,1,1,100.0
35,74.0,1,20.0,1.0,6,2,2.0535999999999994,-0.012219999999999998,-0.06528000000000014,1.46806,38.0,25.83,0,19.0,1641.0,82.0,-2.2401999999999993,0.04219999999999999,-1.0834000000000001,-0.03,4.864599999999999,-29.3236,39.21840000000001,0,1,1,100.0
35,75.0,1,20.0,1.0,6,2,2.16,-0.012499999999999999,-0.03,1.4885,38.0,25.83,0,19.0,1641.0,82.0,-2.355,0.045000000000000005,-1.0750000000000002,-0.03,4.984999999999999,-29.57,37.32,0,1,1,100.0
35,76.0,1,20.0,1.0,6,2,2.2663999999999995,-0.012779999999999998,0.005279999999999787,1.5089399999999997,38.0,25.83,0,19.0,1641.0,82.0,-2.4697999999999993,0.04779999999999999,-1.0666000000000002,-0.03,5.1053999999999995,-29.816399999999998,35.42160000000001,0,1,1,100.0
35,77.0,1,20.0,1.0,6,2,2.4015999999999997,-0.013119999999999998,0.027360000000000054,1.5332799999999998,38.0,25.83,0,19.0,1641.0,82.12,-2.6103999999999994,0.05,-1.0564,-0.03,5.2456,-29.933200000000003,32.96520000000001,0,1,1,100.0
35,78.0,1,20.0,1.0,1,5,2.642399999999998,-0.013679999999999996,0.001040000000000214,1.5719199999999998,38.0,25.83,0,19.0,1641.0,82.67999999999999,-2.845599999999998,0.05,-1.0396,-0.03,5.458399999999998,-29.574800000000003,28.462800000000037,0,1,1,100.0
35,79.0,1,20.0,0.7600000000000022,1,5,2.8903999999999987,-0.013760000000000003,0.0047199999999998216,1.5841600000000002,38.0,25.83,0,19.0,1641.0,83.0,-3.051999999999999,0.05239999999999998,-1.0252000000000001,-0.027600000000000024,5.6568,-28.818000000000005,23.81160000000002,0,1,1,100.0
35,80.0,1,20.0,0.19999999999999996,1,5,3.148,-0.0132,0.0484,1.5612,38.0,25.83,0,19.0,1641.0,83.0,-3.2199999999999998,0.057999999999999996,-1.014,-0.022,5.836,-27.53,18.962,0,1,1,100.0
35,81.0,1,20.0,0.0,1,5,3.9063999999999983,-0.07363999999999983,-3.4245600000000023,-0.4048799999999966,38.0,25.824,0,19.0,1641.0,83.0,-3.166800000000001,0.05640000000000003,-0.9728,-0.023599999999999965,6.330399999999999,-21.749200000000016,5.738400000000028,0,1,1,100.0
35,82.0,1,20.0,0.0,1,5,4.1808,-0.10107999999999995,-3.016320000000001,-0.9693599999999989,38.0,25.768,0,19.0,1641.0,83.0,-2.9596000000000005,0.05080000000000001,-0.9616,-0.029199999999999986,6.5488,-19.212400000000006,1.2248000000000092,0,1,1,100.0
35,83.0,1,20.0,0.0,1,5,4.445599999999998,-0.12275999999999983,-2.7012000000000027,-1.5021599999999957,38.0,25.7264,0,19.0,1641.0,83.0,-2.541200000000004,0.045200000000000046,-0.9552,-0.03,6.858399999999998,-16.57000000000002,-2.9335999999999665,0,1,1,100.0
35,84.0,1,20.0,0.0,1,6,4.707999999999999,-0.1432799999999999,-2.403720000000001,-2.0185999999999984,38.0,25.6884,0,19.0,1641.0,83.0,-2.070800000000003,0.03880000000000007,-0.9492,-0.030399999999999976,7.187999999999999,-13.92720000000001,-6.999199999999986,0,1,1,100.0
35,85.0,1,20.0,0.0,1,6,4.959999999999997,-0.16119999999999982,-2.1338000000000026,-2.390999999999996,38.0,25.666,0,19.0,1641.0,83.0,-1.382000000000007,0.022000000000000172,-0.9380000000000002,-0.03599999999999994,7.5799999999999965,-11.508000000000024,-10.627999999999963,0,1,1,100.0
35,86.0,1,20.0,0.0,1,6,5.203999999999998,-0.17767999999999992,-1.8606800000000017,-2.7677199999999975,38.0,25.6388,0,19.0,1641.0,83.0,-0.6308000000000056,0.006800000000000068,-0.9284000000000001,-0.04159999999999997,7.967199999999998,-9.237600000000011,-14.107999999999981,0,1,1,100.0
35,87.0,1,20.0,0.0,1,6,5.427999999999999,-0.19055999999999998,-1.5795600000000005,-3.155239999999999,38.0,25.5996,0,19.0,1641.0,83.0,0.2763999999999982,-0.004399999999999978,-0.9228000000000001,-0.04719999999999999,8.3424,-7.3392000000000035,-17.215999999999994,0,1,1,100.0
35,88.0,1,20.0,0.0,1,6,5.637999999999998,-0.20203999999999991,-1.3449200000000017,-3.490399999999998,38.0,25.560399999999998,0,19.0,1641.0,83.0,1.2619999999999914,-0.018399999999999864,-0.9172000000000001,-0.05279999999999996,8.664399999999997,-5.77400000000001,-20.06079999999998,0,1,1,100.0
35,89.0,1,20.0,0.0,1,6,5.833999999999999,-0.21211999999999995,-1.1567600000000007,-3.7731999999999988,38.0,25.5212,0,19.0,1641.0,83.0,2.3259999999999956,-0.03519999999999993,-0.9116000000000001,-0.05839999999999998,8.9332,-4.542000000000005,-22.642399999999988,0,1,1,100.0
35,90.0,1,20.0,0.0,1,6,5.9273333333333325,-0.21686666666666665,-1.0548666666666673,-3.905866666666666,38.0,25.50466666666667,0,19.0,1641.0,83.0,2.9033333333333293,-0.04399999999999994,-0.91,-0.061333333333333316,9.031333333333333,-4.055333333333335,-23.85599999999999,0,1,1,100.0
35,91.0,1,20.0,0.0,1,6,5.9796,-0.21947999999999998,-0.9874800000000004,-3.97848,38.0,25.4972,0,19.0,1641.0,83.0,3.2859999999999974,-0.04959999999999997,-0.91,-0.06319999999999999,9.0612,-3.8668000000000013,-24.522399999999994,0,1,1,100.0
35,92.0,1,20.0,0.0,1,6,6.031866666666666,-0.2220933333333333,-0.9200933333333341,-4.051093333333332,38.0,25.489733333333334,0,19.0,1641.0,83.0,3.668666666666662,-0.05519999999999994,-0.91,-0.06506666666666665,9.091066666666666,-3.6782666666666692,-25.18879999999999,0,1,1,100.0
35,93.0,1,20.0,0.0,1,6,6.084133333333333,-0.22470666666666664,-0.8527066666666672,-4.123706666666666,38.0,25.482266666666668,0,19.0,1641.0,83.0,4.05133333333333,-0.06079999999999996,-0.91,-0.06693333333333332,9.120933333333333,-3.4897333333333354,-25.855199999999993,0,1,1,100.0
35,94.0,1,20.0,0.0,1,6,6.1364,-0.22732,-0.7853200000000002,-4.19632,38.0,25.4748,0,19.0,1641.0,83.0,4.433999999999998,-0.06639999999999999,-0.91,-0.0688,9.1508,-3.301200000000001,-26.521599999999996,0,1,1,100.0
35,95.0,1,20.0,0.0,1,6,6.526999999999999,-0.2445,-0.33599999999999997,-5.2025,38.0,25.3,0,19.0,1641.0,83.0,8.933,-0.14300000000000002,-0.91,-0.091,8.121,-3.887,-30.781000000000002,0,1,1,100.0
35,96.0,1,20.0,0.0,1,6,6.5466,-0.24589999999999998,-0.30520000000000047,-5.285099999999999,38.0,25.3,0,19.0,1641.0,83.0,9.445399999999992,-0.15139999999999987,-0.91,-0.09379999999999995,7.787800000000005,-4.158599999999995,-30.8398,0,1,1,100.0
35,97.0,1,20.0,0.0,1,6,6.566199999999999,-0.2473,-0.27440000000000037,-5.367699999999999,38.0,25.3,0,19.0,1641.0,83.0,9.957799999999994,-0.15979999999999991,-0.91,-0.09659999999999996,7.454600000000004,-4.430199999999997,-30.8986,0,1,1,100.0
35,98.0,1,20.0,0.0,1,6,6.5858,-0.24869999999999998,-0.24360000000000023,-5.4502999999999995,38.0,25.3,0,19.0,1641.0,83.0,10.470199999999997,-0.16819999999999993,-0.91,-0.09939999999999999,7.121400000000002,-4.701799999999998,-30.9574,0,1,1,100.0
35,99.0,1,20.0,0.0,1,6,6.5856,-0.24944,-0.16572000000000037,-5.599559999999999,38.0,25.2692,0,19.0,1641.0,83.0,11.301599999999997,-0.18319999999999995,-0.91,-0.10439999999999998,6.350400000000003,-5.221999999999998,-30.6312,0,1,1,100.0
35,100.0,1,20.0,0.0,3,7,6.58,-0.25,-0.075,-5.767,38.0,25.23,0,19.0,1641.0,83.0,12.22,-0.2,-0.91,-0.11,5.46,-5.81,-30.2,0,1,1,100.0
39,0.0,1,20.0,0.0,0,1,2.15,-0.036,2.823,-5.497,39.0,25.62,0,19.0,1641.0,86.0,1.75,-0.03,-1.05,-0.04,2.44,-5.52,-0.81,0,1,1,100.0
39,1.0,1,20.0,0.0,0,1,2.018,-0.036,2.823,-5.497,39.0,25.62,0,32.2,1641.0,86.0,1.5058,-0.03,-1.05,-0.04,1.9714,-5.216399999999999,-0.11700000000000002,0,1,1,100.0
39,2.0,1,20.0,0.0,0,1,1.8892,-0.036,2.823,-5.497,39.0,25.62,0,45.4,1641.0,86.0,1.3608,-0.0268,-1.05,-0.04,1.5092,-4.9608,0.07040000000000002,0,1,1,100.0
39,3.0,1,20.0,0.0,0,1,1.7638,-0.036,2.823,-5.497,39.0,25.62,0,58.599999999999994,1641.0,86.0,1.3212000000000002,-0.020200000000000003,-1.05,-0.04,1.0538000000000003,-4.7562,-0.2793999999999999,0,1,1,100.0
39,4.0,1,20.0,0.0,0,1,1.6384,-0.036,2.823,-5.497,39.0,25.62,0,71.8,1641.0,86.0,1.416,-0.026399999999999996,-1.05,-0.04,0.6496000000000001,-4.5324,-1.0963999999999998,0,1,1,100.0
39,5.0,1,20.0,0.15000000000000002,0,1,1.5445,-0.02055,5.07165,-4.6724499999999995,39.0,25.662,0,67.9,1641.0,86.0,1.503,-0.03,-1.05,-0.04,0.3535,-4.3395,-1.7435,0,1,1,100.0
39,6.0,1,20.0,0.47999999999999976,0,1,1.4884,0.013439999999999975,10.018679999999994,-2.8584400000000016,39.0,25.7544,0,43.48000000000002,1641.0,86.0,1.5756,-0.03,-1.05,-0.04,0.18520000000000011,-4.1844,-2.1691999999999996,0,1,1,100.0
39,7.0,1,20.0,0.8099999999999998,0,1,1.4323,0.04742999999999998,14.965709999999996,-1.0444300000000013,39.0,25.846799999999998,0,19.060000000000013,1641.0,86.0,1.6481999999999999,-0.03,-1.05,-0.04,0.01690000000000007,-4.0293,-2.5948999999999995,0,1,1,100.0
39,8.0,1,20.0,1.0,0,1,1.3776,0.067,15.295820000000003,0.0,39.0,25.9,0,5.0,1641.0,86.0,1.7207999999999999,-0.03,-1.05,-0.04,-0.14299999999999993,-3.8574,-2.9785999999999997,0,1,1,100.0
39,9.0,1,20.0,1.0,0,1,1.3248,0.067,9.360110000000002,0.0,39.0,25.9,0,5.0,1641.0,86.0,1.7933999999999999,-0.03,-1.05,-0.04,-0.2915,-3.6627,-3.3053,0,1,1,100.0
39,10.0,1,20.0,1.0,0,1,1.272,0.067,3.424400000000002,0.0,39.0,25.9,0,5.0,1641.0,86.0,1.8659999999999999,-0.03,-1.05,-0.04,-0.44,-3.468,-3.632,0,1,1,100.0
39,11.0,1,20.0,1.0,0,1,1.0562,0.06318,-0.36651999999999985,0.0,39.0,25.86,0,5.0,1641.0,86.0,2.1212,-0.04,-1.05,-0.04,-1.0995999999999997,-2.5536000000000003,-4.3526,0,1,1,100.0
39,12.0,1,20.0,1.0,0,1,0.9704000000000002,0.05856000000000001,-0.5328399999999998,0.0,39.0,25.86,0,5.0,1641.0,86.0,2.2003999999999997,-0.04,-1.05,-0.04,-1.4031999999999996,-2.1312000000000006,-4.3592,0,1,1,100.0
39,13.0,1,20.0,1.0,0,1,0.782,0.051680000000000004,-0.20206,0.0,39.0,25.8768,0,5.0,1641.0,86.0,2.26,-0.04,-1.04,-0.04,-2.2258,-1.092,-3.4908,0,1,1,100.0
39,14.0,1,20.0,1.0,0,1,0.7160000000000001,0.049280000000000004,-0.20992000000000005,0.0,39.0,25.8696,0,5.0,1641.0,86.0,2.2504,-0.04,-1.04,-0.04,-2.5599999999999996,-0.7080000000000004,-2.966400000000001,0,1,1,100.0
39,15.0,1,20.0,1.0,0,1,0.65,0.0473,-0.16570000000000001,0.0,39.0,25.895999999999997,0,5.0,1641.0,86.0,2.224,-0.04,-1.04,-0.04,-2.89,-0.3449999999999999,-2.379,0,1,1,100.0
39,16.0,1,20.0,0.44000000000000056,0,1,0.5952000000000001,0.04588,-0.20043999999999998,0.0,39.0,25.9,0,4.44,1641.0,86.0,2.1752000000000002,-0.04,-1.04,-0.04,-3.2032,-0.021200000000000246,-1.7804000000000004,0,1,1,100.0
39,17.0,1,20.0,0.0,0,1,0.5446000000000001,0.04456,-0.20396000000000017,0.0,39.0,25.891199999999998,0,4.0,1641.0,86.0,2.1202,-0.04,-1.0378,-0.04,-3.5023999999999997,0.2779999999999995,-1.197400000000001,0,1,1,100.0
39,18.0,1,20.0,0.0,0,1,0.4984,0.04324,-0.11684000000000005,0.0,39.0,25.8648,0,4.0,1641.0,86.0,2.0608,-0.04,-1.0312000000000001,-0.04,-3.7796,0.5419999999999998,-0.6496000000000002,0,1,1,100.0
39,19.0,1,20.0,0.0,0,1,0.45760000000000006,0.04246,-0.14095999999999995,0.0,39.0,25.8816,0,4.0,1641.0,86.0,1.9852,-0.034600000000000006,-1.03,-0.045399999999999996,-4.018999999999999,0.7573999999999997,-0.1720000000000006,0,1,1,100.0
39,20.0,1,20.0,0.0,0,1,0.426,0.041933333333333336,-0.16406666666666667,0.0,39.0,25.9,0,4.0,1641.0,86.0,1.922,-0.03,-1.03,-0.05,-4.1979999999999995,0.9146666666666667,0.18333333333333332,0,1,1,100.0
39,21.0,1,20.0,0.0,0,1,0.4128,0.04171333333333334,-0.1279866666666667,0.0,39.0,25.9,0,4.0,1641.0,86.0,1.8956,-0.03,-1.03,-0.05,-4.2574,0.9630666666666666,0.2933333333333332,0,1,1,100.0
39,22.0,1,20.0,0.0,0,1,0.3996,0.04149333333333333,-0.09190666666666673,0.0,39.0,25.9,0,4.0,1641.0,86.0,1.8692,-0.03,-1.03,-0.05,-4.3168,1.0114666666666667,0.40333333333333315,0,1,1,100.0
39,23.0,1,20.0,0.0,0,1,0.3864,0.041273333333333335,-0.05582666666666677,0.0,39.0,25.9,0,4.0,1641.0,86.0,1.8428,-0.03,-1.03,-0.05,-4.3762,1.0598666666666665,0.5133333333333331,0,1,1,100.0
39,24.0,1,20.0,0.0,0,1,0.37320000000000003,0.04105333333333334,-0.019746666666666808,0.0,39.0,25.9,0,4.0,1641.0,86.0,1.8164000000000002,-0.03,-1.03,-0.05,-4.4356,1.1082666666666665,0.623333333333333,0,1,1,100.0
39,25.0,1,20.0,0.5,0,1,0.275,0.0415,0.017,0.0,39.0,25.86,0,4.5,1641.0,86.0,1.5150000000000001,-0.03,-1.025,-0.06,-4.784999999999999,1.4,0.855,0,1,1,100.0
39,26.0,1,20.0,0.15999999999999945,0,1,0.25680000000000003,0.04232,0.11395999999999978,0.0,39.0,25.8664,0,4.159999999999999,1641.0,86.0,1.4424000000000001,-0.028400000000000005,-1.02,-0.06,-4.8052,1.4332,0.6552000000000003,0,1,1,100.0
39,27.0,1,20.0,0.819999999999999,0,1,0.2436,0.04364,0.3819199999999996,0.0,39.0,25.892799999999998,0,4.8199999999999985,1641.0,86.0,1.3698000000000001,-0.02180000000000001,-1.02,-0.06,-4.7854,1.4464,0.30540000000000056,0,1,1,100.0
39,28.0,1,20.0,1.0,0,1,0.23520000000000002,0.045919999999999996,0.2994800000000006,0.0,39.0,25.8808,0,5.0,1641.0,86.0,1.3020000000000003,-0.02,-1.02,-0.06479999999999998,-4.736800000000001,1.4404,-0.18839999999999854,0,1,1,100.0
39,29.0,1,20.0,1.0,0,1,0.23,0.04883999999999999,0.16109999999999952,0.0,39.0,25.8656,0,5.0,1641.0,86.0,1.2360000000000002,-0.02,-1.02,-0.07,-4.6718,1.4285999999999999,-0.7809999999999974,0,1,1,100.0
39,30.0,1,20.0,1.0,0,1,0.23,0.0528,0.303,0.0,39.0,25.892,0,5.0,1641.0,86.0,1.17,-0.02,-1.02,-0.07,-4.585999999999999,1.422,-1.54,0,1,1,100.0
39,31.0,1,20.0,1.0,0,1,0.23,0.05721999999999999,0.4853799999999998,0.0,39.0,25.8816,0,5.0,1641.0,86.0,1.104,-0.02,-1.02,-0.07,-4.5001999999999995,1.4107999999999998,-2.459999999999999,0,1,1,100.0
39,32.0,1,20.0,1.0,0,1,0.23,0.06171999999999999,0.6572199999999999,0.0,39.0,25.86,0,5.0,1641.0,86.0,1.044,-0.02,-1.02,-0.07,-4.4234,1.3987999999999998,-3.383399999999999,0,1,1,100.0
39,33.0,1,20.0,1.0,0,1,0.23,0.06567999999999999,0.7024299999999999,0.0,39.0,25.86,0,5.0,1641.0,86.0,1.0110000000000001,-0.02,-1.02,-0.07,-4.3871,1.3921999999999999,-4.0070999999999986,0,1,1,100.0
39,34.0,1,20.0,1.0,0,1,0.23,0.06963999999999998,0.7476399999999999,0.0,39.0,25.86,0,5.0,1641.0,86.0,0.9780000000000001,-0.02,-1.02,-0.07,-4.3508000000000004,1.3856,-4.630799999999998,0,1,1,100.0
39,35.0,1,20.0,1.0,0,1,0.23,0.07429999999999999,0.8142,0.0,39.0,25.864,0,5.0,1641.0,86.0,0.939,-0.019,-1.0190000000000001,-0.07100000000000001,-4.315,1.376,-5.393,0,1,1,100.0
39,36.0,1,20.0,1.0,0,1,0.23,0.08287999999999998,1.0003199999999999,0.0,39.0,25.8904,0,5.0,1641.0,86.0,0.8664000000000001,-0.012400000000000007,-1.0124,-0.0776,-4.282,1.3496000000000001,-6.930799999999999,0,1,1,100.0
39,37.0,1,20.0,1.0,0,1,0.23,0.11171999999999997,1.12704,0.0,39.0,25.86,0,5.0,1641.0,86.0,0.6260000000000002,-0.01,-1.01,-0.08,-4.3504,1.2548000000000001,-11.563599999999996,0,1,1,100.0
39,38.0,1,20.0,1.0,0,1,0.22840000000000005,0.12147999999999999,1.0228000000000024,0.0,39.0,25.8632,0,5.0,1641.0,86.0,0.4836000000000006,-0.009200000000000017,-1.01,-0.08,-4.4304,1.2144000000000001,-13.585199999999995,0,1,1,100.0
39,39.0,1,20.0,1.0,0,1,0.21520000000000003,0.12544,0.10540000000000317,0.0,39.0,25.889599999999998,0,5.0,1641.0,86.0,0.26580000000000076,-0.002600000000000023,-1.01,-0.08,-4.5161999999999995,1.1682000000000001,-15.525599999999992,0,1,1,100.0
39,40.0,1,20.0,1.0,0,1,0.19799999999999998,0.1266,-0.1736,0.0,39.0,25.884,0,5.0,1641.0,86.0,-0.016000000000000014,0.004,-1.01,-0.08,-4.582,1.1059999999999999,-17.206,0,1,1,100.0
39,41.0,1,20.0,1.0,0,1,0.17700000000000016,0.12558000000000002,-0.07513999999999857,0.0,39.0,25.86,0,5.0,1641.0,86.0,-0.3471999999999979,0.010599999999999965,-1.01,-0.08,-4.627,1.0322000000000005,-18.657399999999996,0,1,1,100.0
39,42.0,1,20.0,1.0,0,1,0.14400000000000004,0.12096,-0.35167999999999955,0.0,39.0,25.86,0,5.0,1641.0,86.0,-0.7563999999999994,0.01719999999999999,-1.01,-0.08,-4.594,0.9464000000000001,-19.508799999999997,0,1,1,100.0
39,43.0,1,20.0,1.0,0,1,0.10339999999999992,0.11519999999999998,-0.6517800000000005,0.0,39.0,25.8752,0,5.0,1641.0,86.0,-1.1998000000000009,0.023800000000000012,-1.01,-0.08380000000000001,-4.504,0.8644,-19.9004,0,1,1,100.0
39,44.0,1,20.0,1.0,0,1,0.0582000000000001,0.10884,-0.9390800000000006,0.0,39.0,25.899199999999997,0,5.0,1641.0,86.0,-1.654399999999999,0.030199999999999987,-1.0102,-0.09,-4.3734,0.7882000000000001,-19.929000000000002,0,1,1,100.0
39,45.0,1,20.0,1.0,0,1,0.0285,0.1062,-0.7589,0.0,39.0,25.886,0,5.0,1641.0,86.0,-1.892,0.0335,-1.0135,-0.09,-4.2645,0.7585,-19.5825,0,1,1,100.0
39,46.0,1,20.0,1.0,6,2,-0.0011999999999998442,0.10356000000000001,-0.5787200000000009,0.0,39.0,25.872799999999998,0,5.0,1641.0,86.0,-2.1295999999999986,0.036799999999999986,-1.0168,-0.09,-4.155600000000001,0.7288000000000001,-19.236,0,1,1,100.0
39,47.0,1,20.0,0.9800000000000011,6,2,-0.03239999999999986,0.10096000000000001,-0.4065399999999999,0.0007799999999999556,39.0,25.86,0,5.259999999999986,1641.0,86.0,-2.3735999999999993,0.04019999999999999,-1.02,-0.09,-4.0404,0.7011999999999999,-18.8554,0,1,1,100.0
39,48.0,1,20.0,0.3200000000000045,6,2,-0.11159999999999945,0.09964000000000002,-0.49035999999999946,0.02651999999999982,39.0,25.86,0,13.839999999999941,1641.0,86.0,-2.822399999999997,0.04679999999999996,-1.02,-0.09,-3.723600000000002,0.7407999999999997,-17.383600000000012,0,1,1,100.0
39,49.0,1,20.0,0.0,6,2,-0.3577999999999996,0.061180000000000054,-1.6579200000000018,-2.340959999999999,39.0,25.69,0,18.0,1641.0,86.0,-3.819999999999999,0.07,-1.02,-0.1,-2.695000000000002,1.1223999999999992,-11.932400000000008,0,1,1,100.0
39,50.0,1,20.0,0.0,6,2,-0.47,0.046,-1.155,-2.7,39.0,25.69,0,18.0,1641.0,86.0,-4.15,0.07,-1.02,-0.1,-2.2,1.36,-9.2,0,1,1,100.0
39,51.0,1,20.0,0.6599999999999966,6,2,-0.5953999999999994,0.038080000000000044,-0.8441400000000017,-2.71848,39.0,25.69,0,18.659999999999997,1641.0,86.0,-4.407399999999999,0.07659999999999997,-1.02,-0.1,-1.6390000000000031,1.6041999999999987,-6.144200000000016,0,1,1,100.0
39,52.0,1,20.0,0.6800000000000012,6,2,-0.7239999999999998,0.03080000000000001,-0.6462400000000001,-2.5584000000000007,39.0,25.712400000000002,0,18.68,1641.0,86.0,-4.6328,0.08319999999999998,-1.02,-0.10319999999999999,-1.0396000000000012,1.8163999999999998,-3.0180000000000056,0,1,1,100.0
39,53.0,1,20.0,0.020000000000004493,6,2,-0.8559999999999991,0.024200000000000044,-0.5683600000000005,-2.2086000000000023,39.0,25.7586,0,18.020000000000003,1641.0,86.0,-4.8241999999999985,0.08979999999999995,-1.02,-0.10979999999999995,-0.3994000000000045,1.9945999999999988,0.18299999999997807,0,1,1,100.0
39,54.0,1,20.0,0.6399999999999978,6,2,-0.9943999999999995,0.019520000000000017,-0.47064000000000034,-1.8575200000000012,39.0,25.8048,0,18.639999999999997,1641.0,86.0,-4.9452,0.09,-1.0264,-0.11,0.31759999999999744,2.0448,3.3967999999999887,0,1,1,100.0
39,55.0,1,20.0,1.0,6,2,-1.133,0.0149,-0.40559999999999996,-1.4674,39.0,25.839,0,19.0,1641.0,86.0,-5.04,0.09,-1.03,-0.11,1.079,2.013,6.593000000000001,0,1,1,100.0
39,56.0,1,20.0,1.0,6,2,-1.2715999999999994,0.010280000000000023,-0.38052000000000014,-1.0304800000000023,39.0,25.8588,0,19.0,1641.0,86.0,-5.106,0.09,-1.03,-0.11,1.8907999999999958,1.8876000000000006,9.767599999999984,0,1,1,100.0
39,57.0,1,20.0,1.0,6,2,-1.3234,0.008553333333333336,-0.37300666666666665,-0.7915466666666671,39.0,25.86,0,19.0,1641.0,86.0,-5.114133333333333,0.09,-1.03,-0.11,2.212799999999999,1.7849333333333335,10.941666666666666,0,1,1,100.0
39,58.0,1,20.0,1.0,6,2,-1.3695999999999997,0.0070133333333333445,-0.3666266666666667,-0.5653866666666683,39.0,25.86,0,19.0,1641.0,86.0,-5.118533333333334,0.09,-1.03,-0.11,2.503199999999998,1.683733333333334,11.986666666666661,0,1,1,100.0
39,59.0,1,20.0,1.0,6,2,-1.4158,0.005473333333333339,-0.36024666666666666,-0.33922666666666745,39.0,25.86,0,19.0,1641.0,86.0,-5.122933333333333,0.09,-1.03,-0.11,2.7935999999999988,1.5825333333333336,13.031666666666665,0,1,1,100.0
39,60.0,1,20.0,1.0,6,2,-1.462,0.003933333333333334,-0.35386666666666666,-0.11306666666666665,39.0,25.86,0,19.0,1641.0,86.0,-5.1273333333333335,0.09,-1.03,-0.11,3.084,1.4813333333333332,14.076666666666668,0,1,1,100.0
39,61.0,1,20.0,1.0,6,2,-1.8837999999999997,-0.010039999999999986,-0.47980000000000095,1.6210599999999988,39.0,25.83,0,19.0,1641.0,86.0,-4.9714,0.09,-1.04,-0.11,6.246799999999996,-0.5003999999999965,25.402799999999985,0,1,1,100.0
39,62.0,1,20.0,1.0,6,2,-1.9695999999999998,-0.012679999999999995,-0.3016000000000003,1.8395199999999998,39.0,25.83,0,19.0,1641.0,86.0,-4.8988,0.09,-1.04,-0.11,7.025599999999999,-1.186799999999999,28.557599999999997,0,1,1,100.0
39,63.0,1,20.0,1.0,6,2,-2.0321999999999996,-0.013579999999999995,-0.06714000000000171,1.6954800000000014,39.0,25.83,0,19.0,1641.0,86.0,-4.832000000000001,0.09,-1.0458,-0.11,7.699999999999995,-1.9137999999999948,31.76459999999998,0,1,1,100.0
39,64.0,1,20.0,1.0,6,2,-2.082,-0.013520000000000004,0.12515999999999963,1.480080000000001,39.0,25.83,0,19.0,1641.0,86.0,-4.7708,0.09,-1.0548,-0.11,8.302399999999999,-2.6487999999999974,35.01239999999999,0,1,1,100.0
39,65.0,1,20.0,1.0,6,2,-2.115,-0.0122,0.2301,1.2273,39.0,25.83,0,19.0,1641.0,86.0,-4.718,0.09,-1.068,-0.11,8.804,-3.388,38.319,0,1,1,100.0
39,66.0,1,20.0,1.0,6,2,-2.12,-0.009760000000000013,0.21688000000000018,0.9969200000000011,39.0,25.846799999999998,0,19.0,1641.0,86.0,-4.654000000000001,0.09,-1.0756000000000001,-0.10440000000000003,9.154399999999999,-4.121599999999996,41.726399999999984,0,1,1,100.0
39,67.0,1,20.0,1.0,6,2,-2.1046,-0.007340000000000004,0.1735400000000001,0.7492000000000005,39.0,25.86,0,19.0,1641.0,86.0,-4.583600000000001,0.09,-1.0844,-0.1,9.420599999999999,-4.854199999999999,45.182599999999994,0,1,1,100.0
39,68.0,1,20.0,1.0,6,2,-2.0584000000000002,-0.005360000000000013,0.11216000000000044,0.458800000000002,39.0,25.86,0,19.0,1641.0,86.0,-4.5044,0.09,-1.0976,-0.1,9.572399999999998,-5.586799999999995,48.70039999999998,0,1,1,100.0
39,69.0,1,20.0,1.0,6,2,-2.0176,-0.0047300000000000016,0.07454000000000012,0.4389399999999999,39.0,25.86,0,19.0,1641.0,86.0,-4.4549,0.09,-1.1054000000000002,-0.1,9.5946,-5.984599999999999,50.7386,0,1,1,100.0
39,70.0,1,20.0,1.0,6,2,-1.978,-0.0044,0.04220000000000001,0.4792,39.0,25.86,0,19.0,1641.0,86.0,-4.412,0.09,-1.112,-0.1,9.588,-6.308,52.448,0,1,1,100.0
39,71.0,1,20.0,1.0,6,2,-1.9384000000000001,-0.004070000000000002,0.009860000000000176,0.5194599999999998,39.0,25.86,0,19.0,1641.0,86.0,-4.3691,0.09,-1.1186,-0.1,9.5814,-6.631399999999998,54.157399999999996,0,1,1,100.0
39,72.0,1,20.0,1.0,6,2,-1.8260000000000003,-0.005039999999999998,-0.05523999999999987,0.6465599999999998,39.0,25.86,0,19.0,1641.0,86.0,-4.3028,0.08480000000000001,-1.1304,-0.09480000000000001,9.4916,-7.022399999999999,56.8912,0,1,1,100.0
39,73.0,1,20.0,1.0,6,2,-1.4394000000000007,-0.0072699999999999935,-0.19322000000000011,1.0791399999999993,39.0,25.86,0,19.0,1641.0,86.0,-4.2154,0.08089999999999997,-1.1508999999999998,-0.08910000000000003,9.101200000000002,-7.375000000000001,62.72729999999999,0,1,1,100.0
39,74.0,1,20.0,1.0,6,2,-1.3272000000000004,-0.008259999999999997,-0.17936000000000005,1.1603199999999996,39.0,25.86,0,19.0,1641.0,86.0,-4.2352,0.08419999999999998,-1.1542,-0.08580000000000002,8.995600000000001,-7.210000000000001,63.377399999999994,0,1,1,100.0
39,75.0,1,20.0,1.0,6,2,-1.2149999999999999,-0.00925,-0.1655,1.2415,39.0,25.86,0,19.0,1641.0,86.0,-4.255,0.0875,-1.1575,-0.0825,8.89,-7.045,64.0275,0,1,1,100.0
39,76.0,1,20.0,1.0,6,2,-0.6432000000000017,-0.012319999999999994,-0.14015999999999984,1.5330799999999993,39.0,25.83,0,19.0,1641.0,86.0,-4.4799999999999995,0.09,-1.1483999999999999,-0.07,8.46,-5.565600000000006,64.30640000000001,0,1,1,100.0
39,77.0,1,20.0,1.0,6,2,-0.3264000000000005,-0.013639999999999998,-0.17381999999999995,1.6901599999999999,39.0,25.83,0,19.0,1641.0,86.0,-4.6450000000000005,0.09,-1.1418,-0.07,8.295,-4.516200000000002,63.0128,0,1,1,100.0
39,78.0,1,20.0,1.0,6,2,0.023999999999997544,-0.01495999999999999,-0.1513200000000003,1.849159999999999,39.0,25.8108,0,19.0,1641.0,86.0,-4.838799999999999,0.09479999999999995,-1.1352,-0.06520000000000005,8.1684,-3.289200000000009,60.682400000000015,0,1,1,100.0
39,79.0,1,20.0,1.0,6,2,0.39539999999999864,-0.016139999999999998,-0.10258000000000024,2.0018799999999994,39.0,25.79,0,19.0,1641.0,86.0,-5.043399999999999,0.1,-1.1258,-0.06,8.0744,-1.956400000000005,57.673400000000015,0,1,1,100.0
39,80.0,1,20.0,1.0,6,2,0.798,-0.016800000000000002,-0.034600000000000006,2.1286,39.0,25.79,0,19.0,1641.0,86.0,-5.247999999999999,0.1,-1.106,-0.06,8.048,-0.47799999999999976,53.588,0,1,1,100.0
39,81.0,1,20.0,1.0,6,2,1.0718000000000008,-0.017460000000000003,-0.014,2.19598,39.0,25.7831,0,19.0,1641.0,86.23,-5.3606,0.1,-1.0954000000000002,-0.06,8.062999999999999,0.5243000000000027,50.50079999999999,0,1,1,100.0
39,82.0,1,20.0,1.0,1,5,1.2895999999999979,-0.018119999999999994,-0.014,2.2375599999999998,39.0,25.7732,0,19.0,1641.0,86.56,-5.433199999999999,0.1,-1.0888000000000002,-0.06,8.096,1.3195999999999917,47.84760000000003,0,1,1,100.0
39,83.0,1,20.0,1.0,1,5,1.5073999999999985,-0.018779999999999995,-0.014,2.27914,39.0,25.7633,0,19.0,1641.0,86.89,-5.5058,0.1,-1.0822,-0.06,8.129,2.1148999999999942,45.19440000000002,0,1,1,100.0
39,84.0,1,20.0,0.5600000000000023,1,5,1.8879999999999983,-0.01944,-0.03951999999999987,2.3075200000000002,39.0,25.804000000000002,0,19.0,1641.0,87.0,-5.5388,0.1,-1.0668000000000002,-0.055600000000000024,8.2456,3.497599999999994,40.11240000000002,0,1,1,100.0
39,85.0,1,20.0,0.0,1,5,3.073,-0.069,-3.6429,0.2229,39.0,25.857,0,19.0,1641.0,87.0,-5.189,0.089,-1.018,-0.05,8.894,7.8420000000000005,23.554000000000002,0,1,1,100.0
39,86.0,1,20.0,0.0,1,5,3.5548000000000015,-0.10200000000000012,-3.0548399999999982,-0.3849600000000021,39.0,25.8372,0,19.0,1641.0,87.0,-4.720399999999998,0.08239999999999997,-1.0048,-0.05,9.382400000000002,9.637200000000005,16.848399999999977,0,1,1,100.0
39,87.0,1,20.0,0.0,1,5,4.0323999999999955,-0.13037999999999975,-2.713320000000002,-0.9256199999999948,39.0,25.8006,0,19.0,1641.0,87.0,-4.054400000000008,0.07160000000000014,-0.9916000000000001,-0.054199999999999936,9.971599999999993,11.390399999999982,10.369600000000066,0,1,1,100.0
39,88.0,1,20.0,0.0,1,5,4.505199999999997,-0.15563999999999983,-2.4964400000000024,-1.4160399999999973,39.0,25.756800000000002,0,19.0,1641.0,87.0,-3.2372000000000076,0.05760000000000014,-0.9784,-0.06,10.624799999999995,13.08439999999999,4.08760000000004,0,1,1,100.0
39,89.0,1,20.0,0.0,1,6,4.960599999999999,-0.1774199999999999,-2.161820000000001,-1.8206199999999986,39.0,25.7304,0,19.0,1641.0,87.0,-2.141600000000004,0.03780000000000006,-0.9652000000000001,-0.06,11.324399999999997,14.523199999999996,-1.7071999999999807,0,1,1,100.0
39,90.0,1,20.0,0.0,1,6,5.396,-0.196,-1.8552,-2.2636,39.0,25.692,0,19.0,1641.0,87.0,-0.8699999999999999,0.013999999999999999,-0.952,-0.064,11.98,15.649999999999999,-7.066,0,1,1,100.0
39,91.0,1,20.0,0.0,1,6,5.815400000000001,-0.21220000000000003,-1.5755999999999992,-2.7107200000000007,39.0,25.6482,0,19.0,1641.0,87.0,0.5358000000000055,-0.012400000000000092,-0.9393999999999999,-0.07060000000000002,12.590800000000002,16.511,-12.070000000000014,0,1,1,100.0
39,92.0,1,20.0,0.0,1,6,6.204799999999996,-0.22539999999999988,-1.3842000000000019,-2.949639999999998,39.0,25.6284,0,19.0,1641.0,87.0,2.1395999999999833,-0.03879999999999973,-0.9328000000000001,-0.07719999999999994,13.039599999999997,16.741999999999997,-16.359999999999957,0,1,1,100.0
39,93.0,1,20.0,0.0,1,6,6.4346,-0.2329,-1.253726666666667,-3.1250999999999993,39.0,25.60986666666667,0,19.0,1641.0,87.0,3.1531333333333293,-0.05506666666666661,-0.9287333333333334,-0.08126666666666665,13.259133333333333,16.743733333333335,-18.838666666666658,0,1,1,100.0
39,94.0,1,20.0,0.0,1,6,6.546799999999999,-0.2362,-1.1681466666666669,-3.2537999999999996,39.0,25.592266666666667,0,19.0,1641.0,87.0,3.7317333333333313,-0.06386666666666664,-0.9265333333333334,-0.08346666666666666,13.309733333333334,16.576533333333334,-19.982666666666663,0,1,1,100.0
39,95.0,1,20.0,0.0,1,6,6.659,-0.2395,-1.0825666666666667,-3.3825000000000003,39.0,25.574666666666666,0,19.0,1641.0,87.0,4.310333333333333,-0.07266666666666667,-0.9243333333333333,-0.08566666666666667,13.360333333333333,16.409333333333333,-21.126666666666665,0,1,1,100.0
39,96.0,1,20.0,0.0,1,6,6.7711999999999986,-0.24279999999999996,-0.9969866666666679,-3.5111999999999983,39.0,25.557066666666667,0,19.0,1641.0,87.0,4.888933333333326,-0.08146666666666655,-0.9221333333333334,-0.08786666666666663,13.410933333333334,16.242133333333335,-22.27066666666665,0,1,1,100.0
39,97.0,1,20.0,0.0,1,6,7.6549999999999985,-0.2651,-0.4383000000000006,-4.43382,39.0,25.4694,0,19.0,1641.0,87.0,10.828999999999983,-0.17079999999999973,-0.9098,-0.11,12.254800000000008,11.83960000000002,-29.620799999999996,0,1,1,100.0
39,98.0,1,20.0,0.0,1,6,7.819999999999999,-0.26839999999999997,-0.3822000000000004,-4.4608799999999995,39.0,25.4496,0,19.0,1641.0,87.0,12.445999999999989,-0.19719999999999982,-0.9032000000000001,-0.11,11.423200000000005,9.846400000000015,-30.307199999999995,0,1,1,100.0
39,99.0,1,20.0,0.0,1,6,7.9578,-0.27136,-0.29482000000000036,-4.612379999999999,39.0,25.4162,0,19.0,1641.0,87.0,13.977999999999994,-0.2235999999999999,-0.8966000000000001,-0.11339999999999997,10.472600000000003,7.754600000000008,-30.589,0,1,1,100.0
39,100.0,1,20.0,0.0,3,7,8.07,-0.274,-0.178,-4.881,39.0,25.37,0,19.0,1641.0,87.0,15.43,-0.25,-0.89,-0.12,9.41,5.57,-30.49,0,1,1,100.0
40,0.0,1,20.0,0.0,0,1,5.59,-0.018,1.26,-3.445,39.0,25.72,0,19.0,1641.0,87.0,3.2,-0.06,-1.09,0.0,0.75,10.74,-2.0,0,1,1,100.0
40,1.0,1,20.0,0.0,0,1,5.4608,-0.0023599999999999993,1.43816,-2.6086,39.0,25.72,0,19.0,1641.0,87.0,3.2204,-0.06,-1.09,0.0,0.5392,11.229600000000001,-0.49039999999999984,0,1,1,100.0
40,2.0,1,20.0,0.0,0,1,5.3676,0.005,1.522,-2.215,39.0,25.72,0,22.6,1641.0,87.0,3.284,-0.0618,-1.09,0.0,0.3536,11.2728,0.4198,0,1,1,100.0
40,3.0,1,20.0,0.0,0,1,5.3064,0.005,1.522,-2.215,39.0,25.72,0,29.4,1641.0,87.0,3.3859999999999997,-0.06520000000000001,-1.09,0.0,0.19040000000000004,10.9192,0.7972,0,1,1,100.0
40,4.0,1,20.0,0.0,0,1,5.2452,0.005,1.522,-2.215,39.0,25.72,0,36.2,1641.0,87.0,3.488,-0.06860000000000001,-1.09,0.0,0.027200000000000012,10.5656,1.1746,0,1,1,100.0
40,5.0,1,20.0,0.0,0,1,4.986,0.017,3.1483999999999996,-1.329,39.0,25.804,0,37.4,1641.0,87.0,4.136,-0.08,-1.08,-0.01,-0.83,7.154,1.732,0,1,1,100.0
40,6.0,1,20.0,0.0,0,1,4.886266666666667,0.03492000000000001,5.430160000000001,0.0,39.0,25.92813333333333,0,5.0,1641.0,87.0,4.4104,-0.08026666666666667,-1.0797333333333334,-0.01,-1.1738666666666666,5.467733333333333,1.8145333333333333,0,1,1,100.0
40,7.0,1,20.0,0.0,0,1,4.854533333333333,0.03424,4.08852,0.0,39.0,25.912266666666667,0,5.0,1641.0,87.0,4.4988,-0.08253333333333333,-1.0774666666666668,-0.01,-1.2917333333333332,4.853466666666667,1.8530666666666666,0,1,1,100.0
40,8.0,1,20.0,0.0,0,1,4.8228,0.03356,2.7468800000000004,0.0,39.0,25.8964,0,5.0,1641.0,87.0,4.5872,-0.0848,-1.0752000000000002,-0.01,-1.4096,4.2392,1.8916,0,1,1,100.0
40,9.0,1,20.0,0.0,0,1,4.791066666666667,0.03288,1.405240000000001,0.0,39.0,25.880533333333332,0,5.0,1641.0,87.0,4.6756,-0.08706666666666667,-1.0729333333333333,-0.01,-1.5274666666666665,3.624933333333334,1.9301333333333333,0,1,1,100.0
40,10.0,1,20.0,0.0,0,1,4.759333333333333,0.0322,0.06359999999999999,0.0,39.0,25.864666666666665,0,5.0,1641.0,87.0,4.764,-0.08933333333333333,-1.0706666666666667,-0.01,-1.6453333333333333,3.010666666666667,1.9686666666666666,0,1,1,100.0
40,11.0,1,20.0,0.0,0,1,4.4768,0.01956,-0.26996000000000003,0.0,39.0,25.9,0,5.0,1641.0,87.0,5.328,-0.1,-1.06,-0.02,-2.8316,-2.2803999999999993,3.0876,0,1,1,100.0
40,12.0,1,20.0,0.0,0,1,4.417199999999999,0.01736,-0.28428,0.0,39.0,25.8936,0,5.0,1641.0,87.0,5.3848,-0.1,-1.06,-0.021599999999999994,-3.1075999999999997,-3.2067999999999994,3.5187999999999997,0,1,1,100.0
40,13.0,1,20.0,0.0,0,1,4.3628,0.014640000000000004,-0.3407199999999999,0.0,39.0,25.8664,0,5.0,1641.0,87.0,5.4052,-0.1,-1.06,-0.02839999999999999,-3.3524,-3.8731999999999993,3.9811999999999994,0,1,1,100.0
40,14.0,1,20.0,0.0,0,1,4.3187999999999995,0.010359999999999998,-0.42732000000000003,0.0,39.0,25.86,0,5.0,1641.0,87.0,5.3944,-0.1,-1.0548,-0.03,-3.5660000000000003,-4.316000000000001,4.4488,0,1,1,100.0
40,15.0,1,20.0,0.0,0,1,4.284,0.0056,-0.4862,0.0,39.0,25.868,0,5.0,1641.0,87.0,5.364,-0.1,-1.05,-0.032,-3.75,-4.618,4.92,0,1,1,100.0
40,16.0,1,20.0,0.0,0,1,4.263599999999999,0.0008400000000000022,-0.45628,0.0,39.0,25.8952,0,5.0,1641.0,87.0,5.3096,-0.1,-1.05,-0.0388,-3.886,-4.747199999999999,5.396,0,1,1,100.0
40,17.0,1,20.0,0.0,0,1,4.2432,-0.0027999999999999974,-0.34684000000000015,0.0,39.0,25.877599999999997,0,5.0,1641.0,87.0,5.2328,-0.09440000000000001,-1.0444,-0.04,-3.9659999999999997,-4.7308,5.872,0,1,1,100.0
40,18.0,1,20.0,0.0,0,1,4.23,-0.005319999999999999,-0.27268,0.0,39.0,25.8632,0,5.0,1641.0,87.0,5.168,-0.09,-1.04,-0.04,-4.0092,-4.680000000000001,6.232799999999999,0,1,1,100.0
40,19.0,1,20.0,0.0,0,1,4.23,-0.006226666666666665,-0.29444,0.0,39.0,25.872266666666665,0,5.0,1641.0,87.0,5.134,-0.09,-1.04,-0.04,-4.0069333333333335,-4.623333333333334,6.3824,0,1,1,100.0
40,20.0,1,20.0,0.0,0,1,4.23,-0.0071333333333333335,-0.3162,0.0,39.0,25.881333333333334,0,5.0,1641.0,87.0,5.1,-0.09,-1.04,-0.04,-4.004666666666666,-4.566666666666666,6.532,0,1,1,100.0
40,21.0,1,20.0,0.0,0,1,4.23,-0.008039999999999997,-0.3379599999999999,0.0,39.0,25.8904,0,5.0,1641.0,87.0,5.066,-0.09,-1.04,-0.04,-4.0024,-4.510000000000001,6.6815999999999995,0,1,1,100.0
40,22.0,1,20.0,0.0,0,1,4.23,-0.008946666666666665,-0.35972,0.0,39.0,25.899466666666665,0,5.0,1641.0,87.0,5.032,-0.09,-1.04,-0.04,-4.000133333333333,-4.453333333333333,6.8312,0,1,1,100.0
40,23.0,1,20.0,0.0,0,1,4.295599999999999,-0.019840000000000003,-0.36444000000000004,0.0,39.0,25.874399999999998,0,5.0,1641.0,87.0,4.696,-0.0836,-1.03,-0.056400000000000006,-3.4907999999999997,-3.4347999999999996,8.0848,0,1,1,100.0
40,24.0,1,20.0,0.0,0,1,4.318,-0.022479999999999997,-0.37884000000000007,0.0,39.0,25.8664,0,5.0,1641.0,87.0,4.6488000000000005,-0.08,-1.03,-0.06,-3.3340000000000005,-3.2128,8.2256,0,1,1,100.0
40,25.0,1,20.0,0.0,0,1,4.335,-0.0235,-0.336,0.0,39.0,25.88,0,5.0,1641.0,87.0,4.625,-0.08,-1.03,-0.06,-3.215,-3.07,8.28,0,1,1,100.0
40,26.0,1,20.0,0.0,0,1,4.352,-0.024519999999999997,-0.29316000000000014,0.0,39.0,25.8936,0,5.0,1641.0,87.0,4.6012,-0.08,-1.03,-0.06,-3.0960000000000005,-2.9272,8.334399999999999,0,1,1,100.0
40,27.0,1,20.0,0.0,0,1,4.4588,-0.02736,0.021199999999999976,0.0,39.0,25.874399999999998,0,5.0,1641.0,87.0,4.5356,-0.08,-1.0264,-0.06,-2.5088000000000004,-2.2960000000000003,8.2644,0,1,1,100.0
40,28.0,1,20.0,0.0,0,1,4.513199999999999,-0.02796,0.048759999999999984,0.0,39.0,25.9,0,5.0,1641.0,87.0,4.5084,-0.08,-1.02,-0.0604,-2.2224,-2.0248,8.1148,0,1,1,100.0
40,29.0,1,20.0,0.0,0,1,4.5676,-0.027280000000000002,0.027680000000000034,0.0,39.0,25.9,0,5.0,1641.0,87.0,4.481199999999999,-0.08,-1.02,-0.0672,-1.9232000000000007,-1.7664000000000004,7.856400000000001,0,1,1,100.0
40,30.0,1,20.0,0.0,0,1,4.61,-0.027,0.0053999999999999986,0.0,39.0,25.892,0,5.0,1641.0,87.0,4.4639999999999995,-0.08,-1.02,-0.07,-1.7,-1.5839999999999999,7.64,0,1,1,100.0
40,31.0,1,20.0,0.0,0,1,4.644,-0.027,-0.017719999999999944,0.0,39.0,25.8784,0,5.0,1641.0,87.0,4.4538,-0.08,-1.02,-0.07,-1.5300000000000005,-1.4548000000000003,7.453,0,1,1,100.0
40,32.0,1,20.0,0.0,0,1,4.678,-0.027,-0.04083999999999999,0.0,39.0,25.8648,0,5.0,1641.0,87.0,4.4436,-0.08,-1.02,-0.07,-1.36,-1.3256000000000001,7.266,0,1,1,100.0
40,33.0,1,20.0,0.0,0,1,4.734,-0.02612,0.03680000000000011,0.0,39.0,25.877599999999997,0,5.0,1641.0,87.0,4.4312000000000005,-0.08,-1.02,-0.07,-1.0623999999999998,-1.1216,6.8831999999999995,0,1,1,100.0
40,34.0,1,20.0,0.0,0,1,4.9132,-0.020760000000000004,0.44327999999999973,-0.008879999999999916,39.0,25.8952,0,6.559999999999985,1641.0,87.0,4.4088,-0.08,-1.02,-0.07,-0.08320000000000073,-0.5364000000000003,5.4380000000000015,0,1,1,100.0
40,35.0,1,20.0,0.0,6,2,4.9879999999999995,-0.0194,0.5922000000000001,-0.059199999999999996,39.0,25.868,0,15.4,1641.0,87.0,4.402,-0.08,-1.02,-0.07,0.352,-0.346,4.6899999999999995,0,1,1,100.0
40,36.0,1,20.0,0.0,6,2,5.038799999999999,-0.016840000000000008,0.5983200000000002,-0.056720000000000055,39.0,25.86,0,18.0,1641.0,87.0,4.397600000000001,-0.08,-1.02,-0.07,0.6359999999999995,-0.24200000000000016,4.160400000000001,0,1,1,100.0
40,37.0,1,20.0,0.0,6,2,5.0796,-0.013780000000000002,0.5449400000000001,-0.03224000000000002,39.0,25.86,0,18.0,1641.0,87.0,4.3942,-0.08,-1.02,-0.07,0.8569999999999998,-0.17400000000000004,3.7218000000000004,0,1,1,100.0
40,38.0,1,20.0,0.0,6,2,5.1204,-0.01072000000000001,0.49156000000000016,-0.00776000000000008,39.0,25.86,0,18.0,1641.0,87.0,4.3908,-0.08,-1.02,-0.07,1.0779999999999992,-0.10600000000000023,3.2832000000000017,0,1,1,100.0
40,39.0,1,20.0,0.0,6,2,5.1872,-0.007920000000000005,0.32040000000000035,0.06611999999999986,39.0,25.86,0,18.0,1641.0,87.0,4.3744,-0.08,-1.02,-0.07,1.4627999999999992,-0.017200000000000146,2.4624000000000015,0,1,1,100.0
40,40.0,1,20.0,0.06666666666666667,6,2,5.3566666666666665,-0.003933333333333334,0.06113333333333334,0.1664,39.0,25.86,0,18.066666666666666,1641.0,87.0,4.279333333333334,-0.07933333333333334,-1.02,-0.07,2.4093333333333335,0.14333333333333334,0.43466666666666665,0,1,1,100.0
40,41.0,1,20.0,0.2933333333333337,6,2,5.379333333333333,-0.0037066666666666663,0.05138666666666666,0.20516000000000006,39.0,25.86,0,18.293333333333333,1641.0,87.0,4.2430666666666665,-0.07706666666666667,-1.02,-0.07,2.543066666666667,0.1546666666666667,0.212533333333333,0,1,1,100.0
40,42.0,1,20.0,0.5199999999999989,6,2,5.402,-0.0034800000000000013,0.04164000000000005,0.2439199999999998,39.0,25.86,0,18.52,1641.0,87.0,4.2068,-0.07480000000000002,-1.02,-0.07,2.676799999999999,0.16599999999999995,-0.009599999999998833,0,1,1,100.0
40,43.0,1,20.0,0.7466666666666659,6,2,5.424666666666667,-0.003253333333333334,0.03189333333333337,0.2826799999999999,39.0,25.86,0,18.746666666666666,1641.0,87.0,4.170533333333333,-0.07253333333333335,-1.02,-0.07,2.810533333333333,0.17733333333333332,-0.23173333333333251,0,1,1,100.0
40,44.0,1,20.0,0.9733333333333329,6,2,5.447333333333334,-0.003026666666666667,0.02214666666666669,0.32143999999999995,39.0,25.86,0,18.973333333333333,1641.0,87.0,4.134266666666667,-0.07026666666666667,-1.02,-0.07,2.9442666666666666,0.18866666666666665,-0.4538666666666662,0,1,1,100.0
40,45.0,1,20.0,0.7,6,2,5.477,-0.0033,-0.0063,0.42110000000000003,39.0,25.86,0,18.7,1641.0,87.0,4.0489999999999995,-0.07,-1.0230000000000001,-0.07,3.143,0.187,-0.594,0,1,1,100.0
40,46.0,1,20.0,0.3599999999999994,6,2,5.5076,-0.003640000000000001,-0.03724000000000005,0.5288800000000002,39.0,25.86,0,18.36,1641.0,87.0,3.9572,-0.07,-1.0264,-0.07,3.3504,0.18359999999999999,-0.7232000000000002,0,1,1,100.0
40,47.0,1,20.0,0.020000000000001652,6,2,5.5382,-0.003979999999999998,-0.06817999999999985,0.6366599999999994,39.0,25.86,0,18.020000000000003,1641.0,87.0,3.8654,-0.07,-1.0298,-0.07,3.557799999999999,0.1802,-0.8523999999999994,0,1,1,100.0
40,48.0,1,20.0,1.0,6,2,5.7448,-0.01755999999999999,-0.2882400000000002,2.3196399999999993,39.0,25.7708,0,19.0,1641.0,87.0,2.6608000000000014,-0.05,-1.0464,-0.07,5.313999999999998,-0.7159999999999984,3.0963999999999934,0,1,1,100.0
40,49.0,1,20.0,1.0,6,2,5.832800000000001,-0.015760000000000007,0.4181199999999998,1.5739600000000011,39.0,25.802799999999998,0,19.0,1641.0,87.0,1.7076000000000007,-0.02680000000000001,-1.0664,-0.07319999999999999,5.8704,-2.548799999999998,9.511999999999995,0,1,1,100.0
40,50.0,1,20.0,1.0,6,2,5.86,-0.011,0.531,0.913,39.0,25.83,0,19.0,1641.0,87.0,1.32,-0.02,-1.08,-0.08,5.85,-3.63,12.81,0,1,1,100.0
40,51.0,1,20.0,1.0,6,2,5.8872,-0.007599999999999994,0.3949999999999998,0.5852399999999994,39.0,25.8504,0,19.0,1641.0,87.0,1.0003999999999995,-0.02,-1.0936000000000001,-0.08,5.5168,-5.112400000000002,16.570400000000006,0,1,1,100.0
40,52.0,1,20.0,1.0,6,2,5.9144000000000005,-0.00492000000000001,0.21112000000000114,0.32876000000000094,39.0,25.86,0,19.0,1641.0,87.0,0.7276000000000011,-0.016400000000000036,-1.1036000000000001,-0.08,5.0324000000000035,-6.84319999999999,20.381199999999982,0,1,1,100.0
40,53.0,1,20.0,1.0,6,2,5.942,-0.003039999999999998,-0.004719999999999846,0.15911999999999932,39.0,25.86,0,19.0,1641.0,87.0,0.5004000000000005,-0.01,-1.1108,-0.08,4.402400000000003,-8.817999999999993,24.21399999999999,0,1,1,100.0
40,54.0,1,20.0,1.0,6,2,5.976,-0.003719999999999999,-0.05095999999999993,0.36515999999999965,39.0,25.86,0,19.0,1641.0,87.0,0.3372000000000003,-0.01,-1.1243999999999998,-0.08,3.5932000000000013,-11.163999999999996,27.681999999999995,0,1,1,100.0
40,55.0,1,20.0,1.0,6,2,6.002,-0.0042,-0.0734,0.506,39.0,25.86,0,19.0,1641.0,87.0,0.228,-0.008,-1.132,-0.08,3.002,-12.902000000000001,29.902,0,1,1,100.0
40,56.0,1,20.0,1.0,6,2,6.0224,-0.004540000000000001,-0.07918000000000001,0.6012000000000002,39.0,25.86,0,19.0,1641.0,87.0,0.15659999999999988,-0.004599999999999995,-1.1354,-0.08,2.5633999999999992,-14.214400000000003,31.248400000000004,0,1,1,100.0
40,57.0,1,20.0,1.0,6,2,6.0428,-0.004879999999999998,-0.08495999999999997,0.6963999999999995,39.0,25.86,0,19.0,1641.0,87.0,0.08520000000000036,-0.001200000000000017,-1.1387999999999998,-0.08,2.1248000000000022,-15.526799999999994,32.59479999999999,0,1,1,100.0
40,58.0,1,20.0,1.0,6,2,6.0851999999999995,-0.006319999999999993,-0.1622399999999996,0.920519999999999,39.0,25.86,0,19.0,1641.0,87.0,-0.05439999999999942,0.0,-1.14,-0.08,1.4288000000000027,-17.71479999999999,34.126,0,1,1,100.0
40,59.0,1,20.0,0.8800000000000011,6,2,6.2468,-0.011239999999999997,-0.14132,1.4211599999999998,39.0,25.83,0,18.880000000000003,1641.0,87.0,-0.6323999999999994,0.01119999999999999,-1.1387999999999998,-0.07880000000000001,-0.41719999999999907,-23.7332,35.90880000000001,0,1,1,100.0
40,60.0,1,20.0,0.19999999999999996,6,2,6.3420000000000005,-0.0126,-0.1488,1.5353999999999999,39.0,25.83,0,18.2,1641.0,87.0,-0.986,0.018000000000000002,-1.132,-0.07200000000000001,-0.968,-25.508000000000003,35.052,0,1,1,100.0
40,61.0,1,20.0,0.48000000000000115,6,2,6.4468000000000005,-0.013960000000000002,-0.17308000000000007,1.6875600000000002,39.0,25.8108,0,18.48,1641.0,87.0,-1.3972000000000007,0.02480000000000001,-1.1252,-0.0652,-1.3796000000000006,-26.620400000000004,33.35999999999999,0,1,1,100.0
40,62.0,1,20.0,1.0,6,2,6.561999999999999,-0.015159999999999996,-0.17604000000000045,1.8443199999999995,39.0,25.79,0,19.0,1641.0,87.0,-1.8467999999999976,0.03319999999999993,-1.1168000000000002,-0.058400000000000035,-1.6803999999999992,-27.178400000000003,31.080000000000016,0,1,1,100.0
40,63.0,1,20.0,1.0,6,2,6.6979999999999995,-0.015839999999999996,-0.0869600000000003,1.9646799999999998,39.0,25.79,0,19.0,1641.0,87.0,-2.343199999999998,0.04679999999999996,-1.1032000000000002,-0.05160000000000002,-1.8095999999999997,-26.8316,28.02000000000001,0,1,1,100.0
40,64.0,1,20.0,1.0,6,2,6.8496,-0.01652,-0.10447999999999992,2.084,39.0,25.79,0,19.0,1641.0,87.0,-2.834399999999999,0.05519999999999999,-1.0896000000000001,-0.04480000000000001,-1.7412000000000003,-25.496800000000004,24.362000000000005,0,1,1,100.0
40,65.0,1,20.0,1.0,6,2,7.01,-0.017400000000000002,-0.11240000000000001,2.1874000000000002,39.0,25.784,0,19.0,1641.0,87.2,-3.302,0.062,-1.076,-0.038,-1.532,-23.488,20.363999999999997,0,1,1,100.0
40,66.0,1,20.0,1.0,1,5,7.180000000000001,-0.018760000000000002,-0.018559999999999844,2.2533600000000003,39.0,25.7636,0,19.0,1641.0,87.88,-3.7168000000000005,0.06880000000000001,-1.0624,-0.031199999999999988,-1.1307999999999994,-20.591199999999994,15.991599999999993,0,1,1,100.0
40,67.0,1,20.0,0.8133333333333345,1,5,7.258533333333333,-0.019,-0.01245333333333327,2.2670533333333336,39.0,25.77306666666667,0,19.0,1641.0,88.0,-3.859066666666666,0.07186666666666666,-1.0581333333333334,-0.028133333333333344,-0.8621333333333346,-18.988000000000007,14.004800000000008,0,1,1,100.0
40,68.0,1,20.0,0.5866666666666674,1,5,7.317466666666666,-0.019,-0.025146666666666623,2.269546666666667,39.0,25.788933333333333,0,19.0,1641.0,88.0,-3.942933333333333,0.07413333333333333,-1.0558666666666667,-0.025866666666666673,-0.6218666666666675,-17.662000000000003,12.529200000000005,0,1,1,100.0
40,69.0,1,20.0,0.3600000000000004,1,5,7.376399999999999,-0.019,-0.03783999999999998,2.27204,39.0,25.8048,0,19.0,1641.0,88.0,-4.0268,0.0764,-1.0536,-0.023600000000000003,-0.38160000000000044,-16.336000000000002,11.053600000000003,0,1,1,100.0
40,70.0,1,20.0,0.13333333333333336,1,5,7.435333333333333,-0.019,-0.05053333333333333,2.2745333333333333,39.0,25.820666666666664,0,19.0,1641.0,88.0,-4.110666666666667,0.07866666666666666,-1.0513333333333335,-0.021333333333333333,-0.14133333333333337,-15.01,9.578000000000001,0,1,1,100.0
40,71.0,1,20.0,0.0,1,5,8.0572,-0.12492000000000004,-2.7706399999999993,-0.7694800000000008,39.0,25.7816,0,19.0,1641.0,88.0,-3.511999999999999,0.06439999999999999,-1.0172,-0.02,4.346400000000003,1.8364000000000076,-3.322800000000005,0,1,1,100.0
40,72.0,1,20.0,0.0,1,6,8.2204,-0.15143999999999985,-2.524480000000001,-1.2903599999999973,39.0,25.761200000000002,0,19.0,1641.0,88.0,-2.934000000000003,0.05080000000000007,-1.0104,-0.02,5.964799999999991,6.514799999999976,-6.0495999999999865,0,1,1,100.0
40,73.0,1,20.0,0.0,1,6,8.2972,-0.16387999999999997,-2.3304800000000006,-1.4854799999999995,39.0,25.7472,0,19.0,1641.0,88.0,-2.5032000000000014,0.04360000000000002,-1.0068,-0.023199999999999988,6.824799999999997,8.661999999999994,-7.198799999999997,0,1,1,100.0
40,74.0,1,20.0,0.0,1,6,8.368599999999999,-0.17543999999999998,-2.13974,-1.6602399999999997,39.0,25.7336,0,19.0,1641.0,88.0,-2.081600000000001,0.03680000000000001,-1.0034,-0.02659999999999999,7.637399999999998,10.650999999999998,-8.249399999999998,0,1,1,100.0
40,75.0,1,20.0,0.0,1,6,8.62,-0.213,-1.628,-2.525,39.0,25.69,0,19.0,1641.0,88.0,-0.12,0.0,-0.99,-0.04,10.62,16.97,-11.62,0,1,1,100.0
40,76.0,1,20.0,0.0,1,6,8.7084,-0.22727999999999993,-1.3995200000000014,-2.7507599999999988,39.0,25.642400000000002,0,19.0,1641.0,88.0,1.056399999999992,-0.020399999999999863,-0.99,-0.04679999999999996,11.762399999999992,18.785599999999988,-12.830399999999992,0,1,1,100.0
40,77.0,1,20.0,0.0,1,6,8.7788,-0.23976000000000006,-1.1854399999999994,-3.0456400000000015,39.0,25.6056,0,19.0,1641.0,88.0,2.265200000000004,-0.040800000000000065,-0.9863999999999999,-0.05720000000000005,12.678000000000003,20.039600000000004,-13.886000000000003,0,1,1,100.0
40,78.0,1,20.0,0.0,1,6,8.8312,-0.25048,-0.9855200000000006,-3.394079999999999,39.0,25.5784,0,19.0,1641.0,88.0,3.5011999999999963,-0.06119999999999993,-0.9796,-0.07039999999999999,13.365599999999999,20.7428,-14.789999999999997,0,1,1,100.0
40,79.0,1,20.0,0.0,1,6,8.8516,-0.2586399999999999,-0.8073600000000017,-3.6164399999999977,39.0,25.551199999999998,0,19.0,1641.0,88.0,4.711599999999988,-0.0815999999999998,-0.9728,-0.07719999999999994,13.630799999999997,20.6204,-15.469999999999994,0,1,1,100.0
40,80.0,1,20.0,0.0,1,6,8.857999999999999,-0.264,-0.7028,-3.7452,39.0,25.534,0,19.0,1641.0,88.0,5.546,-0.096,-0.968,-0.082,13.696,20.348,-15.9,0,1,1,100.0
40,81.0,1,20.0,0.0,1,6,8.8546,-0.26739999999999997,-0.6497600000000003,-3.8084399999999996,39.0,25.5238,0,19.0,1641.0,88.0,6.117199999999996,-0.10619999999999993,-0.9646,-0.08539999999999998,13.6212,19.970600000000005,-16.154999999999998,0,1,1,100.0
40,82.0,1,20.0,0.0,1,6,8.8512,-0.27080000000000004,-0.5967199999999998,-3.8716800000000005,39.0,25.5136,0,19.0,1641.0,88.0,6.6884000000000015,-0.11640000000000003,-0.9611999999999999,-0.0888,13.5464,19.5932,-16.41,0,1,1,100.0
40,83.0,1,20.0,0.0,1,6,8.745999999999999,-0.28264,-0.38584000000000024,-4.099519999999999,39.0,25.4924,0,19.0,1641.0,88.0,8.976399999999998,-0.14879999999999996,-0.9456,-0.1,12.185600000000003,16.940800000000003,-17.1496,0,1,1,100.0
40,84.0,1,20.0,0.0,1,6,8.6744,-0.28623999999999994,-0.3011200000000012,-4.302999999999997,39.0,25.4664,0,19.0,1641.0,88.0,9.845599999999994,-0.16239999999999988,-0.9388000000000001,-0.1,11.286800000000012,15.620000000000013,-17.371199999999998,0,1,1,100.0
40,85.0,1,20.0,0.0,1,6,8.586,-0.28759999999999997,-0.1828,-4.558,39.0,25.446,0,19.0,1641.0,88.0,10.614,-0.176,-0.932,-0.1,10.192,14.26,-17.548000000000002,0,1,1,100.0
40,86.0,1,20.0,0.0,1,6,8.483200000000002,-0.28896,-0.10384000000000042,-4.752999999999999,39.0,25.4208,0,19.0,1641.0,88.0,11.291199999999995,-0.18479999999999996,-0.9252000000000001,-0.10479999999999996,8.982000000000008,12.890400000000009,-17.734399999999997,0,1,1,100.0
40,87.0,1,20.0,0.0,1,6,8.3696,-0.29,-0.03583999999999971,-4.9110000000000005,39.0,25.3952,0,19.0,1641.0,88.0,11.906400000000001,-0.19160000000000002,-0.9184,-0.10839999999999998,7.704799999999995,11.513599999999995,-17.9472,0,1,1,100.0
40,88.0,1,20.0,0.0,1,6,8.240400000000001,-0.29,0.04983999999999971,-5.029999999999999,39.0,25.3748,0,19.0,1641.0,88.0,12.443599999999998,-0.1984,-0.9116000000000001,-0.10160000000000002,6.365200000000004,10.126400000000006,-18.2328,0,1,1,100.0
40,89.0,1,20.0,0.0,1,6,8.155400000000002,-0.28974,0.08273999999999984,-5.088939999999999,39.0,25.37,0,19.0,1641.0,88.0,12.738999999999999,-0.20259999999999997,-0.9048,-0.1,5.522200000000007,9.259200000000007,-18.474199999999996,0,1,1,100.0
40,90.0,1,20.0,0.0,1,6,8.084,-0.2894,0.0994,-5.1293999999999995,39.0,25.37,0,19.0,1641.0,88.0,12.96,-0.206,-0.898,-0.1,4.832,8.552,-18.701999999999998,0,1,1,100.0
40,91.0,1,20.0,0.0,1,6,8.0126,-0.28906,0.11605999999999989,-5.169859999999999,39.0,25.37,0,19.0,1641.0,88.0,13.181,-0.20939999999999998,-0.8912000000000001,-0.1,4.141800000000004,7.844800000000005,-18.929799999999997,0,1,1,100.0
40,92.0,1,20.0,0.0,1,6,7.9384,-0.28844,0.12796000000000002,-5.2722,39.0,25.3504,0,19.0,1641.0,88.0,13.376800000000001,-0.21280000000000002,-0.8872,-0.1,3.4515999999999973,7.129199999999997,-19.2472,0,1,1,100.0
40,93.0,1,20.0,0.0,1,6,7.863600000000001,-0.28775999999999996,0.13883999999999996,-5.3877999999999995,39.0,25.326600000000003,0,19.0,1641.0,88.0,13.5672,-0.21619999999999998,-0.8838,-0.1,2.7614000000000023,6.411800000000002,-19.5838,0,1,1,100.0
40,94.0,1,20.0,0.0,1,6,7.788800000000001,-0.28708,0.14971999999999988,-5.503399999999999,39.0,25.3028,0,19.0,1641.0,88.0,13.757599999999998,-0.21959999999999996,-0.8804000000000001,-0.1,2.0712000000000073,5.694400000000008,-19.920399999999997,0,1,1,100.0
40,95.0,1,20.0,0.0,1,6,7.406,-0.2816,0.32380000000000003,-5.8616,39.0,25.218,0,19.0,1641.0,88.0,14.506,-0.226,-0.87,-0.094,-1.146,2.362,-22.21,0,1,1,100.0
40,96.0,1,20.0,0.0,1,6,6.990000000000001,-0.2713600000000001,0.5915999999999957,-6.843559999999992,39.0,25.062,0,19.0,1641.0,88.0,14.756,-0.23,-0.8727999999999999,-0.08720000000000004,-3.9319999999999946,0.10480000000000154,-24.626799999999996,0,1,1,100.0
40,97.0,1,20.0,0.0,1,6,6.819999999999999,-0.26252,1.2342000000000022,-8.017920000000004,39.0,24.823999999999998,0,19.0,1641.0,88.0,14.551999999999998,-0.23,-0.8796,-0.08039999999999997,-4.714000000000002,-0.1264000000000008,-25.347600000000003,0,1,1,100.0
40,98.0,1,20.0,0.0,1,6,6.65,-0.25176000000000004,1.1587200000000004,-8.389719999999999,39.0,24.6948,0,19.0,1641.0,88.0,14.028000000000002,-0.22360000000000002,-0.8927999999999999,-0.06720000000000004,-5.092799999999999,0.4551999999999979,-25.671599999999998,0,1,1,100.0
40,99.0,1,20.0,0.0,1,6,6.480000000000001,-0.23896000000000014,1.2012399999999976,-8.988159999999992,39.0,24.495600000000003,0,19.0,1641.0,88.0,13.362400000000008,-0.21680000000000008,-0.9095999999999999,-0.056800000000000066,-5.2768,1.4939999999999851,-25.7404,0,1,1,100.0
40,100.0,1,20.0,0.0,3,7,6.31,-0.224,1.427,-9.898,39.0,24.21,0,19.0,1641.0,88.0,12.56,-0.21,-0.93,-0.05,-5.27,2.99,-25.55,0,1,1,100.0
49,0.0,1,20.0,0.0,0,1,6.32,-0.11,0.42,-1.985,39.0,25.69,0,19.0,1641.0,96.0,17.55,-0.34,-1.08,-0.03,-0.13,4.11,1.43,0,1,1,100.0
49,1.0,1,20.0,0.0,0,1,6.155,-0.11,0.42,-1.985,39.0,25.69,0,29.0,1641.0,96.0,17.27,-0.335,-1.085,-0.025,-0.05,3.6250000000000004,2.76,0,1,1,100.0
49,2.0,1,20.0,0.0,0,1,5.99,-0.11,0.42,-1.985,39.0,25.69,0,39.0,1641.0,96.0,16.99,-0.33,-1.09,-0.02,0.03,3.14,4.09,0,1,1,100.0
49,3.0,1,20.0,0.0,0,1,5.85,-0.11,0.42,-1.985,39.0,25.69,0,49.0,1641.0,96.0,16.725,-0.325,-1.09,-0.02,0.12,2.825,4.95,0,1,1,100.0
49,4.0,1,20.0,0.0,0,1,5.71,-0.11,0.42,-1.985,39.0,25.69,0,59.0,1641.0,96.0,16.46,-0.32,-1.09,-0.02,0.21,2.51,5.81,0,1,1,100.0
49,5.0,1,20.0,0.0,0,1,5.595,-0.095,4.375,-0.9925,39.0,25.83,0,32.0,1641.0,96.0,16.2,-0.315,-1.085,-0.02,0.315,2.375,6.284999999999999,0,1,1,100.0
49,6.0,1,20.0,0.0,0,1,5.48,-0.08,8.33,0.0,39.0,25.97,0,5.0,1641.0,96.0,15.94,-0.31,-1.08,-0.02,0.42,2.24,6.76,0,1,1,100.0
49,7.0,1,20.0,0.0,0,1,5.4350000000000005,-0.08,6.29175,0.0,39.0,25.9425,0,5.0,1641.0,96.0,15.817499999999999,-0.3075,-1.08,-0.0225,0.475,2.24,6.8275,0,1,1,100.0
49,8.0,1,20.0,0.0,0,1,5.39,-0.08,4.2535,0.0,39.0,25.915,0,5.0,1641.0,96.0,15.694999999999999,-0.305,-1.08,-0.024999999999999998,0.53,2.24,6.895,0,1,1,100.0
49,9.0,1,20.0,0.0,0,1,5.345,-0.08,2.2152499999999997,0.0,39.0,25.8875,0,5.0,1641.0,96.0,15.5725,-0.3025,-1.08,-0.0275,0.585,2.24,6.9625,0,1,1,100.0
49,10.0,1,20.0,0.0,0,1,5.3,-0.08,0.177,0.0,39.0,25.86,0,5.0,1641.0,96.0,15.45,-0.3,-1.08,-0.03,0.64,2.24,7.03,0,1,1,100.0
49,11.0,1,20.0,0.0,0,1,5.24,-0.078,0.2185,0.0,39.0,25.86,0,5.0,1641.0,96.0,15.205,-0.295,-1.0750000000000002,-0.03,0.74,2.315,6.86,0,1,1,100.0
49,12.0,1,20.0,0.0,0,1,5.18,-0.076,0.26,0.0,39.0,25.86,0,5.0,1641.0,96.0,14.96,-0.29,-1.07,-0.03,0.84,2.39,6.69,0,1,1,100.0
49,13.0,1,20.0,0.0,0,1,5.1450000000000005,-0.073,0.4185,0.0,39.0,25.86,0,5.0,1641.0,96.0,14.73,-0.28,-1.065,-0.03,0.905,2.4899999999999998,6.205,0,1,1,100.0
49,14.0,1,20.0,0.0,0,1,5.09,-0.057,0.812,0.0,39.0,25.86,0,5.0,1641.0,96.0,14.04,-0.26,-1.05,-0.04,0.99,2.79,4.08,0,1,1,100.0
49,15.0,1,20.0,0.0,0,1,5.1049999999999995,-0.0505,0.9105,0.0,39.0,25.88,0,5.0,1641.0,96.0,13.809999999999999,-0.255,-1.05,-0.04,0.94,2.875,2.915,0,1,1,100.0
49,16.0,1,20.0,0.0,0,1,5.12,-0.044,1.009,0.0,39.0,25.9,0,5.0,1641.0,96.0,13.58,-0.25,-1.05,-0.04,0.89,2.96,1.75,0,1,1,100.0
49,17.0,1,20.0,0.5,0,1,5.15,-0.0345,1.1124999999999998,0.0,39.0,25.88,0,5.5,1641.0,96.0,13.34,-0.245,-1.045,-0.04,0.785,3.025,0.24000000000000005,0,1,1,100.0
49,18.0,1,20.0,1.0,0,1,5.18,-0.025,1.216,0.0,39.0,25.86,0,6.0,1641.0,96.0,13.1,-0.24,-1.04,-0.04,0.68,3.09,-1.27,0,1,1,100.0
49,19.0,1,20.0,1.0,0,1,5.23,-0.0125,1.5034999999999998,0.0,39.0,25.86,0,6.0,1641.0,96.0,12.85,-0.23500000000000001,-1.0350000000000001,-0.045000000000000005,0.53,3.145,-3.15,0,1,1,100.0
49,20.0,1,20.0,1.0,0,1,5.28,0.0,1.791,0.0,39.0,25.86,0,6.0,1641.0,96.0,12.6,-0.23,-1.03,-0.05,0.38,3.2,-5.03,0,1,1,100.0
49,21.0,1,20.0,1.0,0,1,5.3075,0.006750000000000001,1.7945,0.0,39.0,25.87,0,6.0,1641.0,96.0,12.465,-0.2275,-1.0275,-0.05,0.28250000000000003,3.2275,-6.1375,0,1,1,100.0
49,22.0,1,20.0,1.0,0,1,5.335,0.013500000000000002,1.798,0.0,39.0,25.88,0,6.0,1641.0,96.0,12.33,-0.225,-1.025,-0.05,0.185,3.255,-7.245000000000001,0,1,1,100.0
49,23.0,1,20.0,1.0,0,1,5.3625,0.02025,1.8014999999999999,0.0,39.0,25.89,0,6.0,1641.0,96.0,12.195,-0.2225,-1.0225,-0.05,0.08750000000000001,3.2825,-8.352500000000001,0,1,1,100.0
49,24.0,1,20.0,1.0,0,1,5.52,0.048,1.102,0.0,39.0,25.86,0,6.0,1641.0,96.0,11.43,-0.21,-1.02,-0.05,-0.46,3.43,-14.24,0,1,1,100.0
49,25.0,1,20.0,1.0,0,1,5.585,0.0495,0.4810000000000001,0.0,39.0,25.86,0,6.0,1641.0,96.0,11.035,-0.19999999999999998,-1.02,-0.05,-0.675,3.4899999999999998,-16.455000000000002,0,1,1,100.0
49,26.0,1,20.0,1.0,0,1,5.65,0.051,-0.14,0.0,39.0,25.86,0,6.0,1641.0,96.0,10.64,-0.19,-1.02,-0.05,-0.89,3.55,-18.67,0,1,1,100.0
49,27.0,1,20.0,1.0,0,1,5.671666666666667,0.049666666666666665,-0.30899999999999994,0.0,39.0,25.866666666666667,0,6.0,1641.0,96.0,10.48,-0.18666666666666668,-1.02,-0.051666666666666666,-0.9433333333333334,3.5566666666666666,-19.218333333333334,0,1,1,100.0
49,28.0,1,20.0,1.0,0,1,5.693333333333333,0.04833333333333333,-0.4779999999999999,0.0,39.0,25.87333333333333,0,6.0,1641.0,96.0,10.32,-0.18333333333333335,-1.02,-0.05333333333333334,-0.9966666666666667,3.563333333333333,-19.76666666666667,0,1,1,100.0
49,29.0,1,20.0,1.0,0,1,5.715,0.04699999999999999,-0.6469999999999999,0.0,39.0,25.88,0,6.0,1641.0,96.0,10.16,-0.18000000000000002,-1.02,-0.055,-1.05,3.57,-20.315,0,1,1,100.0
49,30.0,1,20.0,1.0,0,1,5.736666666666667,0.04566666666666666,-0.8159999999999998,0.0,39.0,25.886666666666667,0,6.0,1641.0,96.0,10.0,-0.17666666666666667,-1.02,-0.056666666666666664,-1.1033333333333333,3.5766666666666667,-20.863333333333333,0,1,1,100.0
49,31.0,1,20.0,1.0,0,1,5.758333333333334,0.04433333333333333,-0.9849999999999998,0.0,39.0,25.89333333333333,0,6.0,1641.0,96.0,9.84,-0.17333333333333334,-1.02,-0.058333333333333334,-1.1566666666666667,3.583333333333333,-21.41166666666667,0,1,1,100.0
49,32.0,1,20.0,1.0,0,1,5.96,0.009,-1.008,0.0,39.0,25.86,0,6.0,1641.0,96.0,7.42,-0.13,-1.02,-0.07,-1.23,3.34,-23.35,0,1,1,100.0
49,33.0,1,20.0,0.5,0,1,5.984999999999999,0.0055,-1.504,0.143,39.0,25.86,0,12.0,1641.0,96.0,6.859999999999999,-0.12,-1.02,-0.07,-1.06,3.2049999999999996,-22.4,0,1,1,100.0
49,34.0,1,20.0,0.0,6,2,6.01,0.002,-2.0,0.286,39.0,25.86,0,18.0,1641.0,96.0,6.3,-0.11,-1.02,-0.07,-0.89,3.07,-21.45,0,1,1,100.0
49,35.0,1,20.0,0.0,6,2,6.015,-0.0005,-1.25,0.7334999999999999,39.0,25.845,0,18.0,1641.0,96.0,5.775,-0.09999999999999999,-1.025,-0.07500000000000001,-0.59,2.86,-19.79,0,1,1,100.0
49,36.0,1,20.0,0.0,6,2,6.02,-0.003,-0.5,1.181,39.0,25.83,0,18.0,1641.0,96.0,5.25,-0.09,-1.03,-0.08,-0.29,2.65,-18.13,0,1,1,100.0
49,37.0,1,20.0,0.0,6,2,6.01,-0.007500000000000001,-0.5335,1.61,39.0,25.81,0,18.0,1641.0,96.0,4.765000000000001,-0.08499999999999999,-1.03,-0.085,0.155,2.345,-15.87,0,1,1,100.0
49,38.0,1,20.0,0.0,6,2,6.0,-0.012,-0.567,2.039,39.0,25.79,0,18.0,1641.0,96.0,4.28,-0.08,-1.03,-0.09,0.6,2.04,-13.61,0,1,1,100.0
49,39.0,1,20.0,0.0,6,2,5.97,-0.017499999999999998,-0.6955,2.7895,39.0,25.72,0,18.0,1641.0,96.0,3.84,-0.06999999999999999,-1.03,-0.09,1.1900000000000002,1.59,-10.83,0,1,1,100.0
49,40.0,1,20.0,0.0,6,2,5.94,-0.023,-0.824,3.54,39.0,25.65,0,18.0,1641.0,96.0,3.4,-0.06,-1.03,-0.09,1.78,1.14,-8.05,0,1,1,100.0
49,41.0,1,20.0,0.0,6,2,5.89,-0.028,-0.6599999999999999,3.945,39.0,25.58,0,18.0,1641.0,96.0,2.995,-0.055,-1.0350000000000001,-0.095,2.5,0.5049999999999999,-4.795000000000001,0,1,1,100.0
49,42.0,1,20.0,0.0,6,2,5.84,-0.033,-0.496,4.35,39.0,25.51,0,18.0,1641.0,96.0,2.59,-0.05,-1.04,-0.1,3.22,-0.13,-1.54,0,1,1,100.0
49,43.0,1,20.0,0.25,6,2,5.81,-0.03475,-0.47025,4.5465,39.0,25.4825,0,18.25,1641.0,96.0,2.3925,-0.045,-1.0425,-0.1,3.5975,-0.535,0.29999999999999993,0,1,1,100.0
49,44.0,1,20.0,0.5,6,2,5.779999999999999,-0.0365,-0.4445,4.742999999999999,39.0,25.455000000000002,0,18.5,1641.0,96.0,2.195,-0.04,-1.045,-0.1,3.9750000000000005,-0.9400000000000001,2.1399999999999997,0,1,1,100.0
49,45.0,1,20.0,0.75,6,2,5.75,-0.03825,-0.41875,4.9395,39.0,25.4275,0,18.75,1641.0,96.0,1.9975,-0.034999999999999996,-1.0475,-0.1,4.3525,-1.345,3.98,0,1,1,100.0
49,46.0,1,20.0,1.0,6,2,5.72,-0.04,-0.393,5.136,39.0,25.4,0,19.0,1641.0,96.0,1.8,-0.03,-1.05,-0.1,4.73,-1.75,5.82,0,1,1,100.0
49,47.0,1,20.0,0.5,6,2,5.655,-0.041,-0.1855,5.0585,39.0,25.4,0,18.5,1641.0,96.0,1.4100000000000001,-0.025,-1.06,-0.1,5.430000000000001,-2.655,9.885,0,1,1,100.0
49,48.0,1,20.0,0.0,6,2,5.59,-0.042,0.022,4.981,39.0,25.4,0,18.0,1641.0,96.0,1.02,-0.02,-1.07,-0.1,6.13,-3.56,13.95,0,1,1,100.0
49,49.0,1,20.0,0.0,6,2,5.515,-0.039,0.30799999999999994,4.3255,39.0,25.47,0,18.0,1641.0,96.0,0.63,-0.01,-1.08,-0.1,6.705,-4.45,18.37,0,1,1,100.0
49,50.0,1,20.0,1.0,6,2,5.31,-0.025,0.782,2.358,39.0,25.72,0,19.0,1641.0,96.0,-0.47,0.01,-1.11,-0.1,8.05,-6.97,32.17,0,1,1,100.0
49,51.0,1,20.0,1.0,6,2,5.25,-0.02,0.7075,1.8255000000000001,39.0,25.755,0,19.0,1641.0,96.0,-0.755,0.015,-1.125,-0.1,8.24,-7.664999999999999,37.025000000000006,0,1,1,100.0
49,52.0,1,20.0,1.0,6,2,5.19,-0.015,0.633,1.293,39.0,25.79,0,19.0,1641.0,96.0,-1.04,0.02,-1.14,-0.1,8.43,-8.36,41.88,0,1,1,100.0
49,53.0,1,20.0,1.0,6,2,5.15,-0.010499999999999999,0.5645,0.872,39.0,25.825,0,19.0,1641.0,96.0,-1.23,0.024999999999999998,-1.1549999999999998,-0.1,8.42,-8.95,46.695,0,1,1,100.0
49,54.0,1,20.0,1.0,6,2,5.11,-0.006,0.496,0.451,39.0,25.86,0,19.0,1641.0,96.0,-1.42,0.03,-1.17,-0.1,8.41,-9.54,51.51,0,1,1,100.0
49,55.0,1,20.0,1.0,6,2,5.09,-0.004,0.3525,0.232,39.0,25.86,0,19.0,1641.0,96.0,-1.525,0.03,-1.185,-0.095,8.245,-10.0,55.915,0,1,1,100.0
49,56.0,1,20.0,1.0,6,2,5.07,-0.002,0.209,0.013,39.0,25.86,0,19.0,1641.0,96.0,-1.63,0.03,-1.2,-0.09,8.08,-10.46,60.32,0,1,1,100.0
49,57.0,1,20.0,1.0,6,2,5.085,-0.002,0.088,0.1285,39.0,25.86,0,19.0,1641.0,96.0,-1.68,0.035,-1.205,-0.09,7.8149999999999995,-10.765,63.855000000000004,0,1,1,100.0
49,58.0,1,20.0,1.0,6,2,5.1,-0.002,-0.033,0.244,39.0,25.86,0,19.0,1641.0,96.0,-1.73,0.04,-1.21,-0.09,7.55,-11.07,67.39,0,1,1,100.0
49,59.0,1,20.0,1.0,6,2,5.1225,-0.002,-0.0185,0.25975,39.0,25.86,0,19.0,1641.0,96.0,-1.75,0.04,-1.21,-0.0875,7.3925,-11.16,68.5325,0,1,1,100.0
49,60.0,1,20.0,1.0,6,2,5.145,-0.002,-0.003999999999999999,0.27549999999999997,39.0,25.86,0,19.0,1641.0,96.0,-1.77,0.04,-1.21,-0.08499999999999999,7.235,-11.25,69.675,0,1,1,100.0
49,61.0,1,20.0,1.0,6,2,5.1675,-0.002,0.010500000000000002,0.29125,39.0,25.86,0,19.0,1641.0,96.0,-1.79,0.04,-1.21,-0.0825,7.0775,-11.34,70.8175,0,1,1,100.0
49,62.0,1,20.0,1.0,6,2,5.19,-0.002,0.025,0.307,39.0,25.86,0,19.0,1641.0,96.0,-1.81,0.04,-1.21,-0.08,6.92,-11.43,71.96,0,1,1,100.0
49,63.0,1,20.0,1.0,6,2,5.28,-0.003,-0.08399999999999999,0.518,39.0,25.86,0,19.0,1641.0,96.0,-1.885,0.04,-1.21,-0.075,6.609999999999999,-11.515,72.73,0,1,1,100.0
49,64.0,1,20.0,0.0,6,2,5.64,-0.007,-0.233,0.993,39.0,25.83,0,18.0,1641.0,96.0,-2.22,0.05,-1.19,-0.07,5.77,-11.55,71.72,0,1,1,100.0
49,65.0,1,20.0,0.5,6,2,5.825,-0.008,-0.18150000000000002,1.076,39.0,25.83,0,18.5,1641.0,96.0,-2.415,0.05,-1.1749999999999998,-0.065,5.575,-11.365,69.21000000000001,0,1,1,100.0
49,66.0,1,20.0,1.0,6,2,6.01,-0.009,-0.13,1.159,39.0,25.83,0,19.0,1641.0,96.0,-2.61,0.05,-1.16,-0.06,5.38,-11.18,66.7,0,1,1,100.0
49,67.0,1,20.0,1.0,6,2,6.235,-0.0095,-0.1185,1.2135,39.0,25.83,0,19.0,1641.0,96.0,-2.85,0.055,-1.1400000000000001,-0.06,5.2700000000000005,-10.754999999999999,62.73500000000001,0,1,1,100.0
49,68.0,1,20.0,1.0,6,2,6.46,-0.01,-0.107,1.268,39.0,25.83,0,19.0,1641.0,96.0,-3.09,0.06,-1.12,-0.06,5.16,-10.33,58.77,0,1,1,100.0
49,69.0,1,20.0,1.0,6,2,6.73,-0.010499999999999999,-0.074,1.3045,39.0,25.83,0,19.0,1641.0,96.5,-3.35,0.065,-1.1,-0.055,5.135000000000001,-9.540000000000001,53.61,0,1,1,100.0
49,70.0,1,20.0,1.0,1,5,7.0,-0.011,-0.041,1.341,39.0,25.83,0,19.0,1641.0,97.0,-3.61,0.07,-1.08,-0.05,5.11,-8.75,48.45,0,1,1,100.0
49,71.0,1,20.0,0.5,1,5,7.3100000000000005,-0.011,-0.004499999999999997,1.33,39.0,25.83,0,19.0,1641.0,97.0,-3.825,0.07,-1.06,-0.05,5.22,-7.455,42.615,0,1,1,100.0
49,72.0,1,20.0,0.0,1,5,7.62,-0.011,0.032,1.319,39.0,25.83,0,19.0,1641.0,97.0,-4.04,0.07,-1.04,-0.05,5.33,-6.16,36.78,0,1,1,100.0
49,73.0,1,20.0,0.0,1,5,7.949999999999999,-0.032999999999999995,-1.799,0.5854999999999999,39.0,25.83,0,19.0,1641.0,97.0,-4.125,0.07,-1.025,-0.05,5.609999999999999,-4.345,30.75,0,1,1,100.0
49,74.0,1,20.0,0.0,1,5,8.28,-0.055,-3.63,-0.148,39.0,25.83,0,19.0,1641.0,97.0,-4.21,0.07,-1.01,-0.05,5.89,-2.53,24.72,0,1,1,100.0
49,75.0,1,20.0,0.0,1,5,8.398333333333333,-0.063,-3.497333333333333,-0.318,39.0,25.81833333333333,0,19.0,1641.0,97.0,-4.168333333333333,0.07,-1.0033333333333334,-0.05,6.036666666666666,-1.7999999999999998,22.756666666666664,0,1,1,100.0
49,76.0,1,20.0,0.0,1,5,8.516666666666666,-0.071,-3.3646666666666665,-0.488,39.0,25.806666666666665,0,19.0,1641.0,97.0,-4.126666666666667,0.07,-0.9966666666666667,-0.05,6.183333333333333,-1.0699999999999998,20.793333333333333,0,1,1,100.0
49,77.0,1,20.0,0.0,1,5,8.635,-0.079,-3.2319999999999998,-0.658,39.0,25.795,0,19.0,1641.0,97.0,-4.085,0.07,-0.99,-0.05,6.329999999999999,-0.33999999999999997,18.83,0,1,1,100.0
49,78.0,1,20.0,0.0,1,5,8.753333333333334,-0.087,-3.0993333333333335,-0.8280000000000001,39.0,25.783333333333335,0,19.0,1641.0,97.0,-4.043333333333333,0.07,-0.9833333333333333,-0.05,6.476666666666667,0.39,16.866666666666667,0,1,1,100.0
49,79.0,1,20.0,0.0,1,5,8.871666666666666,-0.095,-2.966666666666667,-0.998,39.0,25.77166666666667,0,19.0,1641.0,97.0,-4.001666666666667,0.07,-0.9766666666666667,-0.05,6.623333333333333,1.1199999999999999,14.903333333333332,0,1,1,100.0
49,80.0,1,20.0,0.0,1,5,10.4,-0.171,-1.745,-2.985,39.0,25.58,0,19.0,1641.0,97.0,-1.76,0.03,-0.92,-0.06,9.01,10.55,-8.32,0,1,1,100.0
49,81.0,1,20.0,0.0,1,5,10.73,-0.18200000000000002,-1.467,-3.345,39.0,25.545,0,19.0,1641.0,97.0,-0.78,0.015,-0.91,-0.065,9.495,12.120000000000001,-12.825,0,1,1,100.0
49,82.0,1,20.0,0.0,1,6,11.06,-0.193,-1.189,-3.705,39.0,25.51,0,19.0,1641.0,97.0,0.2,0.0,-0.9,-0.07,9.98,13.69,-17.33,0,1,1,100.0
49,83.0,1,20.0,0.0,1,6,11.365,-0.2015,-1.0975000000000001,-3.9285,39.0,25.475,0,19.0,1641.0,97.0,1.4049999999999998,-0.02,-0.895,-0.08,10.270000000000001,14.62,-21.255,0,1,1,100.0
49,84.0,1,20.0,0.0,1,6,11.67,-0.21,-1.006,-4.152,39.0,25.44,0,19.0,1641.0,97.0,2.61,-0.04,-0.89,-0.09,10.56,15.55,-25.18,0,1,1,100.0
49,85.0,1,20.0,0.0,1,6,11.8025,-0.213,-0.9167500000000001,-4.29725,39.25,25.4225,0,19.0,1641.0,97.0,3.28,-0.05,-0.8875,-0.0925,10.5775,15.695,-26.845,0,1,1,100.0
49,86.0,1,20.0,0.0,1,6,11.934999999999999,-0.216,-0.8275,-4.4425,39.5,25.405,0,19.0,1641.0,97.0,3.95,-0.06,-0.885,-0.095,10.595,15.84,-28.51,0,1,1,100.0
49,87.0,1,20.0,0.0,1,6,12.067499999999999,-0.219,-0.7382500000000001,-4.58775,39.75,25.3875,0,19.0,1641.0,97.0,4.62,-0.07,-0.8825000000000001,-0.0975,10.6125,15.985,-30.175,0,1,1,100.0
49,88.0,1,20.0,0.0,1,6,12.64,-0.231,-0.5,-4.842,39.0,25.33,0,19.0,1641.0,97.0,8.05,-0.12,-0.88,-0.11,10.17,15.6,-37.29,0,1,1,100.0
49,89.0,1,20.0,0.0,1,6,12.81,-0.234,-0.4295,-5.073499999999999,39.0,25.295,0,19.0,1641.0,97.0,9.385000000000002,-0.14500000000000002,-0.88,-0.115,9.695,14.899999999999999,-39.45,0,1,1,100.0
49,90.0,1,20.0,0.0,1,6,12.98,-0.237,-0.359,-5.305,39.0,25.26,0,19.0,1641.0,97.0,10.72,-0.17,-0.88,-0.12,9.22,14.2,-41.61,0,1,1,100.0
49,91.0,1,20.0,0.0,1,6,13.018333333333334,-0.23766666666666666,-0.3228333333333333,-5.3725,39.166666666666664,25.255000000000003,0,19.0,1641.0,97.0,11.131666666666668,-0.17666666666666667,-0.88,-0.12166666666666666,8.993333333333334,13.861666666666666,-42.144999999999996,0,1,1,100.0
49,92.0,1,20.0,0.0,1,6,13.056666666666667,-0.2383333333333333,-0.2866666666666667,-5.4399999999999995,39.333333333333336,25.25,0,19.0,1641.0,97.0,11.543333333333333,-0.18333333333333335,-0.88,-0.12333333333333334,8.766666666666667,13.523333333333333,-42.68,0,1,1,100.0
49,93.0,1,20.0,0.0,1,6,13.095,-0.239,-0.2505,-5.5075,39.5,25.245,0,19.0,1641.0,97.0,11.955,-0.19,-0.88,-0.125,8.540000000000001,13.185,-43.214999999999996,0,1,1,100.0
49,94.0,1,20.0,0.0,1,6,13.133333333333335,-0.23966666666666667,-0.21433333333333332,-5.575,39.666666666666664,25.240000000000002,0,19.0,1641.0,97.0,12.366666666666667,-0.19666666666666666,-0.88,-0.12666666666666668,8.313333333333334,12.846666666666666,-43.75,0,1,1,100.0
49,95.0,1,20.0,0.0,1,6,13.171666666666667,-0.24033333333333332,-0.17816666666666667,-5.6425,39.833333333333336,25.235,0,19.0,1641.0,97.0,12.778333333333332,-0.20333333333333334,-0.88,-0.12833333333333333,8.086666666666668,12.508333333333333,-44.285,0,1,1,100.0
49,96.0,1,20.0,0.0,1,6,13.35,-0.242,0.014,-6.22,39.0,25.12,0,19.0,1641.0,97.0,17.38,-0.27,-0.87,-0.13,4.3,7.2,-48.22,0,1,1,100.0
49,97.0,1,20.0,0.0,1,6,13.305,-0.242,0.0055,-6.2465,39.5,25.12,0,19.0,1641.0,97.0,18.229999999999997,-0.285,-0.87,-0.13,3.3249999999999997,5.93,-48.415,0,1,1,100.0
49,98.0,1,20.0,0.0,1,6,13.26,-0.242,-0.003,-6.273,40.0,25.12,0,19.0,1641.0,97.0,19.08,-0.3,-0.87,-0.13,2.35,4.66,-48.61,0,1,1,100.0
49,99.0,1,20.0,0.0,1,6,13.17,-0.242,0.0185,-6.3185,40.0,25.105,0,19.0,1641.0,97.0,19.805,-0.315,-0.87,-0.13,1.375,3.48,-48.45,0,1,1,100.0
49,100.0,1,20.0,0.0,3,7,13.08,-0.242,0.04,-6.364,40.0,25.09,0,19.0,1641.0,97.0,20.53,-0.33,-0.87,-0.13,0.4,2.3,-48.29,0,1,1,100.0
52,0.0,1,20.0,0.0,0,1,7.3,-0.049,1.067,-2.034,40.0,25.79,0,19.0,1641.0,99.0,16.5,-0.31,-1.06,-0.03,0.05,17.28,-0.6,0,1,1,100.0
52,1.0,1,20.0,0.0,0,1,7.0648,-0.03948,1.07764,-1.2975999999999999,40.0,25.79,0,19.0,1641.0,99.0,16.192,-0.3044,-1.06,-0.0244,-0.1348,15.712000000000002,0.492,0,1,1,100.0
52,2.0,1,20.0,0.0,0,1,6.8356,-0.032,1.086,-0.719,40.0,25.79,0,21.4,1641.0,99.0,15.887599999999999,-0.2988,-1.0612000000000001,-0.02,-0.304,14.1236,1.5324,0,1,1,100.0
52,3.0,1,20.0,0.0,0,1,6.6284,-0.032,1.086,-0.719,40.0,25.79,0,32.599999999999994,1641.0,99.0,15.5964,-0.29319999999999996,-1.0668,-0.02,-0.4159999999999999,12.460400000000002,2.3835999999999995,0,1,1,100.0
52,4.0,1,20.0,0.0,0,1,6.472799999999999,-0.032,1.086,-0.719,40.0,25.79,0,41.4,1641.0,99.0,15.3688,-0.2888,-1.07,-0.02,-0.492,11.1668,3.0476,0,1,1,100.0
52,5.0,1,20.0,0.0,0,1,6.386,-0.032,1.086,-0.719,40.0,25.79,0,47.0,1641.0,99.0,15.225999999999999,-0.286,-1.07,-0.02,-0.52,10.366,3.4619999999999997,0,1,1,100.0
52,6.0,1,20.0,0.0,0,1,6.2992,-0.032,1.086,-0.719,40.0,25.79,0,52.599999999999994,1641.0,99.0,15.0832,-0.2832,-1.07,-0.02,-0.5479999999999999,9.5652,3.8763999999999994,0,1,1,100.0
52,7.0,1,20.0,0.0,0,1,6.212400000000001,-0.032,1.086,-0.719,40.0,25.79,0,58.199999999999996,1641.0,99.0,14.9404,-0.28040000000000004,-1.07,-0.02,-0.576,8.764400000000002,4.290799999999999,0,1,1,100.0
52,8.0,1,20.0,0.0,0,1,6.08,-0.04543999999999999,-0.7135199999999986,-0.3738800000000002,40.0,25.8428,0,30.680000000000014,1641.0,99.0,14.6752,-0.2752,-1.07,-0.024799999999999996,-0.5992,7.430800000000001,5.089199999999999,0,1,1,100.0
52,9.0,1,20.0,0.0,0,1,5.942,-0.06016,-2.56408,0.0,40.0,25.8984,0,0.0,1641.0,99.0,14.3904,-0.2696,-1.07,-0.03,-0.6208,6.023600000000001,5.950399999999999,0,1,1,100.0
52,10.0,1,20.0,0.0,0,1,5.83,-0.0624,-1.1791999999999998,0.0,40.0,25.875999999999998,0,0.0,1641.0,99.0,14.116,-0.264,-1.07,-0.03,-0.632,4.814,6.796,0,1,1,100.0
52,11.0,1,20.0,0.0,0,1,5.5956,-0.06584000000000001,-0.06016000000000013,0.0,40.0,25.86,0,0.0,1641.0,99.0,13.394400000000001,-0.25,-1.06,-0.031599999999999996,-0.6516000000000001,2.012000000000001,8.8656,0,1,1,100.0
52,12.0,1,20.0,0.0,0,1,5.5451999999999995,-0.06528,0.06527999999999974,0.0,40.0,25.86,0,0.0,1641.0,99.0,13.164800000000001,-0.25,-1.06,-0.03719999999999999,-0.6572,1.2840000000000014,9.3752,0,1,1,100.0
52,13.0,1,20.0,0.0,0,1,5.5158,-0.06472,0.14115999999999998,0.0,40.0,25.86,0,0.0,1641.0,99.0,12.9982,-0.2486,-1.0586,-0.04,-0.6628000000000001,0.7954000000000002,9.6706,0,1,1,100.0
52,14.0,1,20.0,0.0,0,1,5.5074,-0.06416000000000001,0.16747999999999996,0.0,40.0,25.86,0,0.0,1641.0,99.0,12.8946,-0.2458,-1.0558,-0.04,-0.6684,0.5462000000000005,9.751800000000001,0,1,1,100.0
52,15.0,1,20.0,0.0,0,1,5.499,-0.0636,0.1938,0.0,40.0,25.86,0,0.0,1641.0,99.0,12.791,-0.243,-1.053,-0.04,-0.674,0.29700000000000004,9.833,0,1,1,100.0
52,16.0,1,20.0,0.0,0,1,5.490600000000001,-0.06304,0.22011999999999998,0.0,40.0,25.86,0,0.0,1641.0,99.0,12.6874,-0.2402,-1.0502,-0.04,-0.6796000000000001,0.047800000000000335,9.9142,0,1,1,100.0
52,17.0,1,20.0,0.0,0,1,5.5312,-0.05080000000000001,0.7425599999999997,0.0,40.0,25.86,0,0.0,1641.0,99.0,12.2192,-0.22480000000000003,-1.0448,-0.04,-0.7464,-0.5939999999999998,8.6872,0,1,1,100.0
52,18.0,1,20.0,0.0,0,1,5.5672,-0.04456,0.9211999999999999,0.0,40.0,25.86,0,0.0,1641.0,99.0,12.0576,-0.22,-1.0392000000000001,-0.040799999999999996,-0.7904,-0.6884,7.832,0,1,1,100.0
52,19.0,1,20.0,0.0,0,1,5.6176,-0.03448000000000002,1.1535999999999997,0.0,40.0,25.86,0,0.0,1641.0,99.0,11.9008,-0.22,-1.0336,-0.0464,-0.8632,-0.6772,6.516000000000002,0,1,1,100.0
52,20.0,1,20.0,0.0,0,1,5.674,-0.0238,1.4163999999999999,0.0,40.0,25.86,0,0.0,1641.0,99.0,11.734,-0.218,-1.03,-0.05,-0.9520000000000001,-0.636,5.006,0,1,1,100.0
52,21.0,1,20.0,0.0,0,1,5.7412,-0.01204000000000001,1.7339199999999997,0.0,40.0,25.86,0,0.0,1641.0,99.0,11.5492,-0.2124,-1.03,-0.05,-1.0695999999999999,-0.5408000000000001,3.146800000000002,0,1,1,100.0
52,22.0,1,20.0,0.10666666666666628,0,1,5.786,-0.004226666666666677,1.8989066666666667,0.0,40.0,25.86,0,0.10666666666666628,1641.0,99.0,11.429466666666668,-0.20893333333333333,-1.0289333333333333,-0.05,-1.1488,-0.4776000000000001,1.8934666666666684,0,1,1,100.0
52,23.0,1,20.0,0.2933333333333328,0,1,5.813999999999999,0.0006266666666666514,1.9494933333333333,0.0,40.0,25.86,0,0.2933333333333328,1641.0,99.0,11.358533333333334,-0.20706666666666668,-1.0270666666666668,-0.05,-1.1991999999999998,-0.4384000000000001,1.0945333333333358,0,1,1,100.0
52,24.0,1,20.0,0.47999999999999926,0,1,5.842,0.00547999999999998,2.00008,0.0,40.0,25.86,0,0.47999999999999926,1641.0,99.0,11.287600000000001,-0.20520000000000002,-1.0252000000000001,-0.05,-1.2495999999999998,-0.39920000000000017,0.29560000000000336,0,1,1,100.0
52,25.0,1,20.0,0.6666666666666666,0,1,5.87,0.010333333333333333,2.050666666666667,0.0,40.0,25.86,0,0.6666666666666666,1641.0,99.0,11.216666666666667,-0.20333333333333334,-1.0233333333333334,-0.05,-1.3,-0.36,-0.5033333333333332,0,1,1,100.0
52,26.0,1,20.0,0.8533333333333332,0,1,5.898,0.01518666666666666,2.101253333333333,0.0,40.0,25.86,0,0.8533333333333332,1641.0,99.0,11.145733333333334,-0.20146666666666668,-1.0214666666666667,-0.05,-1.3503999999999998,-0.32080000000000003,-1.3022666666666658,0,1,1,100.0
52,27.0,1,20.0,1.0,0,1,6.2692,0.07048,0.9026000000000013,0.0,40.0,25.86,0,1.0,1641.0,99.0,9.96,-0.17880000000000001,-1.0188,-0.06,-2.0635999999999997,0.021999999999999888,-13.125599999999993,0,1,1,100.0
52,28.0,1,20.0,1.0,0,1,6.3588,0.07271999999999999,0.24740000000000198,0.0,40.0,25.86,0,1.0,1641.0,99.0,9.540000000000003,-0.17320000000000002,-1.0132,-0.06,-2.2203999999999997,0.07799999999999983,-15.998399999999991,0,1,1,100.0
52,29.0,1,20.0,1.0,0,1,6.4483999999999995,0.07184000000000001,-0.3115599999999982,0.0,40.0,25.86,0,1.0,1641.0,99.0,9.079200000000002,-0.16520000000000004,-1.01,-0.06,-2.3436,0.1195999999999999,-18.590399999999992,0,1,1,100.0
52,30.0,1,20.0,1.0,0,1,6.538,0.0668,-0.7422,0.0,40.0,25.86,0,1.0,1641.0,99.0,8.564,-0.154,-1.01,-0.06,-2.422,0.142,-20.808,0,1,1,100.0
52,31.0,1,20.0,1.0,0,1,6.6168000000000005,0.05816000000000001,-1.0180399999999998,0.0,40.0,25.86,0,1.0,1641.0,99.0,7.994800000000001,-0.1428,-1.01,-0.06359999999999999,-2.4356,0.1536,-22.392,0,1,1,100.0
52,32.0,1,20.0,1.0,0,1,6.6896,0.04752000000000002,-1.2078799999999996,0.0,40.0,25.86,0,1.0,1641.0,99.0,7.395600000000001,-0.13160000000000002,-1.01,-0.0692,-2.4132000000000002,0.15919999999999998,-23.624,0,1,1,100.0
52,33.0,1,20.0,1.0,0,1,6.7432,0.046,-1.235,0.0,40.0,25.86,0,10.599999999999966,1641.0,99.0,6.753200000000002,-0.12040000000000003,-1.0148,-0.07,-2.2852000000000006,0.1552,-23.872,0,1,1,100.0
52,34.0,1,20.0,0.9600000000000023,6,2,6.7928,0.04504000000000005,-1.271959999999998,0.011479999999999347,40.0,25.86,0,20.880000000000006,1641.0,99.0,6.104400000000003,-0.10920000000000005,-1.02,-0.07039999999999999,-2.130400000000001,0.14680000000000018,-23.877600000000005,0,1,1,100.0
52,35.0,1,20.0,0.39999999999999997,6,2,6.832,0.031599999999999996,-1.7893999999999999,0.17219999999999996,40.0,25.86,0,19.2,1641.0,99.0,5.466,-0.098,-1.02,-0.076,-1.8559999999999999,0.10200000000000001,-22.864,0,1,1,100.0
52,36.0,1,20.0,0.0,6,2,6.8608,0.021040000000000003,-2.05284,0.3200399999999999,40.0,25.86,0,18.0,1641.0,99.0,4.9228000000000005,-0.0884,-1.02,-0.08,-1.6016000000000001,0.05320000000000007,-21.8536,0,1,1,100.0
52,37.0,1,20.0,0.0,6,2,6.8636,0.017680000000000005,-1.6812800000000006,0.43567999999999973,40.0,25.86,0,18.0,1641.0,99.0,4.6176,-0.08280000000000001,-1.02,-0.08,-1.3972000000000004,-0.0055999999999998785,-20.851200000000002,0,1,1,100.0
52,38.0,1,20.0,0.0,6,2,6.8664000000000005,0.01432000000000001,-1.309720000000001,0.5513199999999996,40.0,25.86,0,18.0,1641.0,99.0,4.312400000000001,-0.07720000000000002,-1.02,-0.08,-1.1928000000000007,-0.06439999999999982,-19.8488,0,1,1,100.0
52,39.0,1,20.0,0.0,6,2,6.8692,0.010960000000000013,-0.9381600000000014,0.6669599999999994,40.0,25.86,0,18.0,1641.0,99.0,4.007200000000001,-0.07160000000000002,-1.02,-0.08,-0.988400000000001,-0.12319999999999977,-18.846400000000003,0,1,1,100.0
52,40.0,1,20.0,0.0,6,2,6.862,0.0048,-0.8712,1.1303999999999998,40.0,25.848,0,18.0,1641.0,99.0,3.516,-0.062000000000000006,-1.024,-0.084,-0.526,-0.30000000000000004,-16.535999999999998,0,1,1,100.0
52,41.0,1,20.0,0.0,6,2,6.8508,-0.002479999999999994,-0.92608,1.7329599999999994,40.0,25.8312,0,18.0,1641.0,99.0,2.9504000000000006,-0.05080000000000001,-1.0296,-0.08959999999999999,0.03959999999999944,-0.5239999999999998,-13.702400000000003,0,1,1,100.0
52,42.0,1,20.0,0.0,6,2,6.728,-0.020719999999999985,-0.6267200000000003,3.190399999999999,40.0,25.7028,0,18.0,1641.0,99.0,1.574000000000001,-0.029600000000000022,-1.0352000000000001,-0.09,2.129599999999998,-1.5971999999999988,-3.6592000000000087,0,1,1,100.0
52,43.0,1,20.0,0.0,6,2,6.6696,-0.02639999999999999,-0.48952000000000073,3.67792,40.0,25.644399999999997,0,18.0,1641.0,99.0,1.133200000000001,-0.01920000000000002,-1.0408,-0.09079999999999998,2.956799999999997,-2.099599999999998,0.32639999999998703,0,1,1,100.0
52,44.0,1,20.0,0.0,6,2,6.5968,-0.02919999999999999,-0.24816000000000096,3.7473599999999996,40.0,25.6052,0,18.0,1641.0,99.0,0.7356000000000016,-0.013600000000000024,-1.0464,-0.09639999999999999,3.7743999999999964,-2.7267999999999972,4.571199999999982,0,1,1,100.0
52,45.0,1,20.0,0.09999999999999859,6,2,6.535,-0.030800000000000004,-0.05330000000000056,3.7290000000000005,40.0,25.587,0,18.099999999999998,1641.0,99.0,0.41700000000000087,-0.009000000000000015,-1.052,-0.1,4.428999999999998,-3.259999999999998,8.088999999999988,0,1,1,100.0
52,46.0,1,20.0,0.37999999999999834,6,2,6.493,-0.030240000000000003,0.05785999999999932,3.552600000000001,40.0,25.606599999999997,0,18.38,1641.0,99.0,0.24060000000000106,-0.006200000000000017,-1.0576,-0.1,4.790199999999998,-3.6239999999999974,10.298199999999985,0,1,1,100.0
52,47.0,1,20.0,0.6599999999999995,6,2,6.4510000000000005,-0.02968,0.16901999999999978,3.3762000000000003,40.0,25.626199999999997,0,18.66,1641.0,99.0,0.06420000000000034,-0.003400000000000006,-1.0632000000000001,-0.1,5.151399999999999,-3.987999999999999,12.507399999999995,0,1,1,100.0
52,48.0,1,20.0,0.9399999999999977,6,2,6.409000000000001,-0.029120000000000007,0.2801799999999991,3.1998000000000015,40.0,25.645799999999998,0,18.939999999999998,1641.0,99.0,-0.11219999999999859,-0.0006000000000000227,-1.0688,-0.1,5.512599999999997,-4.351999999999997,14.716599999999982,0,1,1,100.0
52,49.0,1,20.0,1.0,6,2,6.329600000000001,-0.025920000000000016,0.3572399999999997,2.765560000000002,40.0,25.6984,0,19.0,1641.0,99.0,-0.3831999999999988,0.004399999999999978,-1.0788,-0.1,6.029999999999998,-5.028399999999997,18.740799999999982,0,1,1,100.0
52,50.0,1,20.0,1.0,6,2,6.24,-0.022,0.425,2.261,40.0,25.76,0,19.0,1641.0,99.0,-0.68,0.01,-1.09,-0.1,6.59,-5.79,23.26,0,1,1,100.0
52,51.0,1,20.0,1.0,6,2,6.1504,-0.018080000000000023,0.46643999999999974,1.8163600000000029,40.0,25.7992,0,19.0,1641.0,99.0,-0.8927999999999987,0.015599999999999966,-1.1012,-0.1,6.920399999999998,-6.5403999999999956,27.801599999999972,0,1,1,100.0
52,52.0,1,20.0,1.0,6,2,6.0716,-0.014640000000000002,0.49252000000000007,1.4310600000000004,40.0,25.83,0,19.0,1641.0,99.0,-1.0708,0.02,-1.1112,-0.09940000000000002,7.189,-7.206799999999999,31.850599999999996,0,1,1,100.0
52,53.0,1,20.0,1.0,6,2,6.032400000000001,-0.012960000000000013,0.46228000000000025,1.2633400000000015,40.0,25.83,0,19.0,1641.0,99.0,-1.1211999999999995,0.02,-1.1168,-0.09660000000000002,7.231,-7.565199999999997,34.09339999999998,0,1,1,100.0
52,54.0,1,20.0,1.0,6,2,5.993200000000001,-0.011280000000000005,0.43204000000000015,1.0956200000000007,40.0,25.83,0,19.0,1641.0,99.0,-1.1715999999999998,0.02,-1.1223999999999998,-0.09380000000000001,7.273,-7.923599999999999,36.33619999999999,0,1,1,100.0
52,55.0,1,20.0,1.0,6,2,5.954000000000001,-0.0096,0.4018,0.9279,40.0,25.83,0,19.0,1641.0,99.0,-1.222,0.02,-1.128,-0.091,7.315,-8.282,38.579,0,1,1,100.0
52,56.0,1,20.0,1.0,6,2,5.77,-0.005359999999999997,-0.07136000000000016,0.6211599999999996,40.0,25.8492,0,19.0,1641.0,99.0,-1.0008000000000008,0.02,-1.16,-0.08640000000000003,6.241600000000003,-11.550799999999995,56.09759999999998,0,1,1,100.0
52,57.0,1,20.0,1.0,6,2,5.77,-0.005919999999999999,-0.043920000000000056,0.6805199999999998,40.0,25.8324,0,19.0,1641.0,99.0,-0.8776000000000003,0.02,-1.16,-0.08080000000000001,5.855200000000001,-12.407599999999997,59.267199999999995,0,1,1,100.0
52,58.0,1,20.0,1.0,6,2,5.7988,-0.006479999999999995,-0.09519999999999948,0.8632399999999983,40.0,25.83,0,19.0,1641.0,99.0,-0.759200000000001,0.015200000000000045,-1.16,-0.08,5.468800000000003,-13.413199999999991,61.534399999999984,0,1,1,100.0
52,59.0,1,20.0,1.0,6,2,5.8351999999999995,-0.007079999999999995,-0.15595999999999993,1.0598799999999997,40.0,25.83,0,19.0,1641.0,99.0,-0.6460000000000002,0.01,-1.16,-0.07960000000000002,5.086800000000002,-14.456799999999994,63.559599999999996,0,1,1,100.0
52,60.0,1,20.0,1.0,6,2,5.908,-0.008199999999999999,-0.1694,1.1702000000000001,40.0,25.83,0,19.0,1641.0,99.0,-0.5900000000000001,0.01,-1.16,-0.07400000000000001,4.7620000000000005,-15.671999999999999,64.39399999999999,0,1,1,100.0
52,61.0,1,20.0,0.9200000000000017,6,2,5.9776,-0.009159999999999996,-0.17020000000000018,1.26188,40.0,25.83,0,18.92,1641.0,99.0,-0.5548,0.01,-1.1583999999999999,-0.07,4.499600000000001,-16.725599999999996,64.9092,0,1,1,100.0
52,62.0,1,20.0,0.6400000000000006,6,2,6.0392,-0.009719999999999998,-0.13940000000000005,1.30696,40.0,25.83,0,18.64,1641.0,99.0,-0.5716,0.01,-1.1527999999999998,-0.07,4.3932,-17.3752,64.62639999999999,0,1,1,100.0
52,63.0,1,20.0,0.36000000000000226,6,2,6.1008,-0.010279999999999994,-0.10860000000000025,1.3520399999999997,40.0,25.83,0,18.360000000000003,1641.0,99.0,-0.5883999999999999,0.01,-1.1472,-0.07,4.286800000000001,-18.024799999999995,64.3436,0,1,1,100.0
52,64.0,1,20.0,0.08000000000000108,6,2,6.1624,-0.010839999999999997,-0.07780000000000012,1.3971199999999997,40.0,25.83,0,18.080000000000002,1641.0,99.0,-0.6052,0.01,-1.1416,-0.07,4.180400000000001,-18.6744,64.0608,0,1,1,100.0
52,65.0,1,20.0,0.2,6,2,6.24,-0.011399999999999999,-0.08080000000000001,1.4416,40.0,25.83,0,18.2,1641.0,99.0,-0.66,0.012,-1.136,-0.07,4.112,-19.278,63.279999999999994,0,1,1,100.0
52,66.0,1,20.0,0.4799999999999983,6,2,6.324,-0.011959999999999997,-0.0973199999999999,1.4858399999999998,40.0,25.83,0,18.479999999999997,1641.0,99.0,-0.7299999999999995,0.014799999999999983,-1.1304,-0.07,4.058800000000001,-19.863199999999996,62.300000000000004,0,1,1,100.0
52,67.0,1,20.0,0.7599999999999995,6,2,6.408,-0.012519999999999998,-0.11383999999999997,1.5300799999999999,40.0,25.83,0,18.759999999999998,1641.0,99.0,-0.7999999999999998,0.017599999999999994,-1.1248,-0.07,4.0056,-20.4484,61.32,0,1,1,100.0
52,68.0,1,20.0,0.07999999999999546,6,2,6.8859999999999975,-0.014079999999999995,-0.0382400000000001,1.71972,40.0,25.8268,0,18.079999999999995,1641.0,99.0,-1.3447999999999976,0.020799999999999954,-1.0884000000000003,-0.06,3.9611999999999994,-22.3328,54.074000000000034,0,1,1,100.0
52,69.0,1,20.0,0.6399999999999978,6,2,7.137999999999999,-0.014639999999999997,-0.02592000000000005,1.7387599999999999,40.0,25.804399999999998,0,18.639999999999997,1641.0,99.0,-1.6583999999999988,0.026399999999999976,-1.0772000000000002,-0.06,4.0396,-22.4224,49.762000000000015,0,1,1,100.0
52,70.0,1,20.0,0.8,6,2,7.92,-0.014799999999999999,0.041800000000000004,1.7066,40.0,25.804,0,19.0,1641.0,100.0,-2.544,0.042,-1.036,-0.05,4.42,-20.396,35.852,0,1,1,100.0
52,71.0,1,20.0,0.24000000000000338,1,5,8.227999999999998,-0.014240000000000004,0.06923999999999983,1.6802800000000002,40.0,25.8432,0,19.0,1641.0,100.0,-2.8071999999999986,0.04759999999999997,-1.0248000000000002,-0.05,4.587999999999999,-18.62080000000001,30.229600000000033,0,1,1,100.0
52,72.0,1,20.0,0.0,1,5,8.548799999999998,-0.027439999999999954,-1.1148399999999958,1.1358800000000018,40.0,25.8504,0,19.0,1641.0,100.0,-2.9776,0.05,-1.0104,-0.05,4.7623999999999995,-16.324000000000005,24.58800000000001,0,1,1,100.0
52,73.0,1,20.0,0.0,1,5,8.879199999999997,-0.05095999999999982,-3.207559999999983,0.2029200000000074,40.0,25.833599999999997,0,19.0,1641.0,100.0,-3.0783999999999994,0.05,-0.9936000000000001,-0.05,4.941599999999999,-13.636000000000022,18.932000000000045,0,1,1,100.0
52,74.0,1,20.0,0.0,1,5,9.209599999999998,-0.07799999999999989,-3.3497600000000016,-0.382879999999998,40.0,25.7992,0,19.0,1641.0,100.0,-3.0076000000000005,0.05,-0.9856,-0.054399999999999976,5.1648,-10.376000000000014,13.52240000000002,0,1,1,100.0
52,75.0,1,20.0,0.0,1,5,9.54,-0.106,-2.96,-0.874,40.0,25.76,0,19.0,1641.0,100.0,-2.89,0.05,-0.98,-0.06,5.4,-6.96,8.18,0,1,1,100.0
52,76.0,1,20.0,0.0,1,5,9.870399999999998,-0.12783999999999987,-2.5562400000000025,-1.4043199999999967,40.0,25.7376,0,19.0,1641.0,100.0,-2.5148000000000024,0.04440000000000004,-0.9688,-0.06,5.685599999999998,-3.1688000000000236,3.3136000000000294,0,1,1,100.0
52,77.0,1,20.0,0.0,1,5,10.1636,-0.14697999999999997,-2.22814,-1.8508799999999996,40.0,25.7182,0,19.0,1641.0,100.0,-2.152200000000001,0.038800000000000015,-0.9593999999999999,-0.060599999999999994,5.9448,0.21139999999999623,-0.9737999999999957,0,1,1,100.0
52,78.0,1,20.0,0.0,1,5,10.3204,-0.15621999999999991,-2.1774600000000004,-1.9903199999999988,40.0,25.7098,0,19.0,1641.0,100.0,-1.8358000000000028,0.03320000000000005,-0.9566,-0.06339999999999998,6.107199999999999,2.084599999999985,-3.1381999999999826,0,1,1,100.0
52,79.0,1,20.0,0.0,1,6,10.4772,-0.16545999999999994,-2.12678,-2.129759999999999,40.0,25.7014,0,19.0,1641.0,100.0,-1.5194000000000014,0.027600000000000024,-0.9538,-0.0662,6.2696,3.9577999999999927,-5.302599999999991,0,1,1,100.0
52,80.0,1,20.0,0.0,1,6,10.634,-0.1747,-2.0761,-2.2692,40.0,25.693,0,19.0,1641.0,100.0,-1.203,0.022,-0.951,-0.069,6.432,5.831,-7.4670000000000005,0,1,1,100.0
52,81.0,1,20.0,0.0,1,6,10.781799999999999,-0.18249999999999994,-1.9755600000000006,-2.428979999999999,40.0,25.677400000000002,0,19.0,1641.0,100.0,-0.8182000000000027,0.014600000000000052,-0.9481999999999999,-0.07179999999999999,6.5962,7.56379999999999,-9.463999999999988,0,1,1,100.0
52,82.0,1,20.0,0.0,1,6,10.9246,-0.18949999999999997,-1.8473200000000003,-2.6000599999999996,40.0,25.6578,0,19.0,1641.0,100.0,-0.395400000000001,0.006200000000000017,-0.9453999999999999,-0.0746,6.7614,9.218599999999997,-11.367999999999997,0,1,1,100.0
52,83.0,1,20.0,0.0,1,6,11.067399999999997,-0.19649999999999995,-1.719080000000001,-2.7711399999999986,40.0,25.6382,0,19.0,1641.0,100.0,0.02739999999999645,-0.002199999999999932,-0.9426,-0.07739999999999998,6.926599999999999,10.873399999999986,-13.271999999999984,0,1,1,100.0
52,84.0,1,20.0,0.0,1,6,11.6648,-0.22259999999999996,-0.9885600000000004,-3.495559999999999,40.0,25.575599999999998,0,19.0,1641.0,100.0,2.3099999999999956,-0.04119999999999993,-0.9296000000000001,-0.10039999999999999,7.567999999999999,17.08479999999999,-21.233199999999986,0,1,1,100.0
52,85.0,1,20.0,0.0,1,6,11.871999999999998,-0.2309999999999999,-0.8704000000000012,-3.699399999999998,40.0,25.514,0,19.0,1641.0,100.0,3.429999999999989,-0.057999999999999836,-0.9240000000000002,-0.10599999999999994,7.679999999999999,18.691999999999982,-24.21799999999997,0,1,1,100.0
52,86.0,1,20.0,0.0,1,6,12.342,-0.24795999999999999,-0.5111200000000006,-4.549439999999999,40.0,25.428800000000003,0,19.0,1641.0,100.0,6.641199999999992,-0.10479999999999991,-0.9084000000000001,-0.12319999999999993,7.329200000000003,20.815600000000003,-31.871199999999984,0,1,1,100.0
52,87.0,1,20.0,0.0,1,6,12.454,-0.25132,-0.4170400000000002,-4.8484799999999995,40.0,25.3896,0,19.0,1641.0,100.0,7.800399999999998,-0.12159999999999997,-0.9028,-0.1344,6.836400000000001,20.485200000000003,-34.2904,0,1,1,100.0
52,88.0,1,20.0,0.0,1,6,12.540799999999999,-0.25384,-0.28264000000000145,-5.123999999999998,40.0,25.3504,0,19.0,1641.0,100.0,8.937199999999992,-0.13839999999999986,-0.8972000000000001,-0.14279999999999995,6.195200000000006,19.76000000000001,-36.59479999999998,0,1,1,100.0
52,89.0,1,20.0,0.0,1,6,12.6024,-0.25552,-0.10792000000000072,-5.3759999999999994,40.0,25.3112,0,19.0,1641.0,100.0,10.051599999999995,-0.15519999999999995,-0.8916000000000001,-0.14839999999999998,5.405600000000003,18.640000000000004,-38.78439999999999,0,1,1,100.0
52,90.0,1,20.0,0.0,1,6,12.622,-0.256,-0.0442000000000002,-5.507999999999999,40.0,25.286,0,19.0,1641.0,100.0,10.747999999999994,-0.16599999999999993,-0.888,-0.15,4.824000000000005,17.704000000000008,-40.11199999999999,0,1,1,100.0
52,91.0,1,20.0,0.0,1,6,12.6248,-0.256,-0.024880000000000117,-5.592,40.0,25.2664,0,19.0,1641.0,100.0,11.277199999999997,-0.17439999999999994,-0.8852,-0.15,4.325600000000003,16.841600000000007,-41.09479999999999,0,1,1,100.0
52,92.0,1,20.0,0.0,1,6,12.627600000000001,-0.256,-0.005560000000000232,-5.675999999999999,40.0,25.2468,0,19.0,1641.0,100.0,11.806399999999993,-0.1827999999999999,-0.8824000000000001,-0.15,3.8272000000000057,15.979200000000011,-42.07759999999999,0,1,1,100.0
52,93.0,1,20.0,0.0,1,6,12.547200000000002,-0.25592000000000004,0.014719999999999733,-5.890199999999999,40.0,25.2244,0,19.0,1641.0,100.0,14.148799999999992,-0.2215999999999999,-0.87,-0.16,1.16240000000001,11.105600000000019,-46.179999999999986,0,1,1,100.0
52,94.0,1,20.0,0.0,1,6,12.457600000000001,-0.25536000000000003,0.04775999999999987,-5.9966,40.0,25.185200000000002,0,19.0,1641.0,100.0,15.050399999999996,-0.23279999999999995,-0.87,-0.16,-0.08079999999999507,8.76480000000001,-47.57999999999999,0,1,1,100.0
52,95.0,1,20.0,0.0,1,6,12.375,-0.2549,0.0752,-6.0746,40.0,25.16,0,19.0,1641.0,100.0,15.757000000000001,-0.242,-0.87,-0.159,-1.107,6.838,-48.653999999999996,0,1,1,100.0
52,96.0,1,20.0,0.0,1,6,12.305000000000001,-0.25462,0.09255999999999973,-6.10148,40.0,25.16,0,19.0,1641.0,100.0,16.112599999999993,-0.2475999999999999,-0.87,-0.15620000000000003,-1.7425999999999897,5.656400000000019,-49.14119999999999,0,1,1,100.0
52,97.0,1,20.0,0.0,1,6,12.235000000000001,-0.25434,0.1099199999999998,-6.12836,40.0,25.16,0,19.0,1641.0,100.0,16.468199999999996,-0.2531999999999999,-0.87,-0.15340000000000004,-2.378199999999992,4.474800000000014,-49.62839999999999,0,1,1,100.0
52,98.0,1,20.0,0.0,1,6,12.165000000000001,-0.25406,0.12727999999999987,-6.155239999999999,40.0,25.16,0,19.0,1641.0,100.0,16.823799999999995,-0.2588,-0.87,-0.1506,-3.013799999999995,3.2932000000000095,-50.11559999999999,0,1,1,100.0
52,99.0,1,20.0,0.0,1,6,12.0136,-0.24960000000000002,0.6273199999999973,-6.992599999999996,40.0,24.988400000000002,0,19.0,1641.0,100.0,17.225599999999996,-0.2688,-0.8787999999999999,-0.14560000000000003,-3.9683999999999955,1.5220000000000078,-50.4576,0,1,1,100.0
52,100.0,1,20.0,0.0,1,6,11.45,-0.23,0.695,-8.174,40.0,24.63,0,19.0,1641.0,100.0,17.79,-0.29,-0.91,-0.12,-6.17,-2.5,-49.84,0,1,1,100.0
53,0.0,1,20.0,0.0,0,1,5.96,-0.034,0.789,-2.935,40.0,25.72,0,19.0,1641.0,100.0,9.86,-0.19,-1.09,0.02,-6.03,1.01,-1.17,0,1,1,100.0
53,1.0,1,20.0,0.0,0,1,5.6562,-0.02966,0.52736,-1.95912,40.0,25.72,0,19.0,1641.0,100.0,9.6802,-0.1838,-1.09,0.0076,-6.0362,-0.8003999999999999,0.8202000000000002,0,1,1,100.0
53,2.0,1,20.0,0.0,0,1,5.4172,-0.027,0.367,-1.361,40.0,25.72,0,21.4,1641.0,100.0,9.546,-0.18,-1.09,-0.0012000000000000001,-6.0304,-2.3024,2.3328,0,1,1,100.0
53,3.0,1,20.0,0.0,0,1,5.2808,-0.027,0.367,-1.361,40.0,25.72,0,27.6,1641.0,100.0,9.484,-0.18,-1.09,-0.004300000000000001,-6.0056,-3.3161,3.0892000000000004,0,1,1,100.0
53,4.0,1,20.0,0.0,0,1,5.1444,-0.027,0.367,-1.361,40.0,25.72,0,33.8,1641.0,100.0,9.421999999999999,-0.18,-1.09,-0.0074,-5.9808,-4.3298,3.8456000000000006,0,1,1,100.0
53,5.0,1,20.0,0.0,0,1,5.017333333333333,-0.027,0.367,-1.361,40.0,25.72,0,39.666666666666664,1641.0,100.0,9.364666666666666,-0.18,-1.09,-0.01,-5.955333333333333,-5.284333333333333,4.545666666666667,0,1,1,100.0
53,6.0,1,20.0,0.0,0,1,4.9388000000000005,-0.027,0.367,-1.361,40.0,25.72,0,43.800000000000004,1641.0,100.0,9.3316,-0.18,-1.09,-0.01,-5.9264,-5.9312000000000005,4.952800000000001,0,1,1,100.0
53,7.0,1,20.0,0.0,0,1,4.860266666666667,-0.027,0.367,-1.361,40.0,25.72,0,47.93333333333333,1641.0,100.0,9.298533333333333,-0.18,-1.09,-0.01,-5.897466666666666,-6.5780666666666665,5.359933333333333,0,1,1,100.0
53,8.0,1,20.0,0.0,0,1,4.781733333333333,-0.027,0.367,-1.361,40.0,25.72,0,52.06666666666667,1641.0,100.0,9.265466666666667,-0.18,-1.09,-0.01,-5.868533333333334,-7.224933333333333,5.7670666666666675,0,1,1,100.0
53,9.0,1,20.0,0.0,0,1,4.703200000000001,-0.027,0.367,-1.361,40.0,25.72,0,56.2,1641.0,100.0,9.2324,-0.18,-1.09,-0.01,-5.8396,-7.871800000000001,6.174200000000001,0,1,1,100.0
53,10.0,1,20.0,0.0,0,1,3.998,-0.0366,-0.14300000000000002,0.0,40.0,25.86,0,3.0,1641.0,100.0,8.938,-0.17,-1.078,-0.032,-5.416,-13.076,9.924,0,1,1,100.0
53,11.0,1,20.0,0.0,0,1,3.8678,-0.03846,-0.1647,0.0,40.0,25.86,0,3.0,1641.0,100.0,8.8698,-0.17,-1.0718,-0.038200000000000005,-5.3106,-13.838600000000001,10.6804,0,1,1,100.0
53,12.0,1,20.0,0.0,0,1,3.626,-0.03856,0.06204000000000005,0.0,40.0,25.86,0,3.0,1641.0,100.0,8.6816,-0.16,-1.06,-0.04440000000000001,-5.0728,-14.6068,11.9404,0,1,1,100.0
53,13.0,1,20.0,0.0,0,1,3.5669999999999997,-0.03788,0.11696000000000006,0.0,40.0,25.86,0,3.0,1641.0,100.0,8.613399999999999,-0.16,-1.0594000000000001,-0.05,-4.9934,-14.5594,12.1634,0,1,1,100.0
53,14.0,1,20.0,0.0,0,1,3.536,-0.03664,0.15787999999999996,0.0,40.0,25.86,0,3.0,1641.0,100.0,8.5452,-0.16,-1.0532000000000001,-0.05,-4.9252,-14.2432,12.0952,0,1,1,100.0
53,15.0,1,20.0,0.0,0,1,3.517,-0.0351,0.2396,0.0,40.0,25.86,0,3.0,1641.0,100.0,8.477,-0.157,-1.0470000000000002,-0.053,-4.8629999999999995,-13.822000000000001,11.856,0,1,1,100.0
53,16.0,1,20.0,0.0,0,1,3.5107999999999997,-0.03324,0.36484000000000005,0.0,40.0,25.86,0,3.0,1641.0,100.0,8.4088,-0.1508,-1.0408,-0.0592,-4.8072,-13.2888,11.4344,0,1,1,100.0
53,17.0,1,20.0,0.0,0,1,3.537,-0.03084,0.31943999999999995,0.0,40.0,25.86,0,3.0,1641.0,100.0,8.3352,-0.15,-1.04,-0.06,-4.7676,-12.6368,10.705,0,1,1,100.0
53,18.0,1,20.0,0.0,0,1,3.5664000000000002,-0.0286,0.26940000000000003,0.0,40.0,25.86,0,3.0,1641.0,100.0,8.268799999999999,-0.15,-1.0392000000000001,-0.06,-4.74,-12.0432,9.9884,0,1,1,100.0
53,19.0,1,20.0,0.0,0,1,3.5912,-0.02705,0.2787,0.0,40.0,25.86,0,3.0,1641.0,100.0,8.2254,-0.15,-1.0361,-0.06,-4.74,-11.6681,9.4397,0,1,1,100.0
53,20.0,1,20.0,0.0,0,1,3.616,-0.025500000000000002,0.288,0.0,40.0,25.86,0,3.0,1641.0,100.0,8.182,-0.15,-1.033,-0.06,-4.74,-11.293,8.891,0,1,1,100.0
53,21.0,1,20.0,0.0,0,1,3.6422000000000003,-0.02387999999999999,0.3010600000000003,0.0,40.0,25.86,0,3.0,1641.0,100.0,8.1364,-0.1498,-1.0298,-0.06020000000000002,-4.7412,-10.904399999999997,8.315999999999995,0,1,1,100.0
53,22.0,1,20.0,0.0,0,1,3.7104,-0.020159999999999997,0.42692000000000013,0.0,40.0,25.86,0,3.0,1641.0,100.0,8.0248,-0.1436,-1.0236,-0.06640000000000001,-4.7784,-10.1108,6.951999999999999,0,1,1,100.0
53,23.0,1,20.0,0.0,0,1,3.7864,-0.014880000000000006,0.6019199999999998,0.0,40.0,25.86,0,3.0,1641.0,100.0,7.9002,-0.14,-1.02,-0.07,-4.8286,-9.3198,5.4944000000000015,0,1,1,100.0
53,24.0,1,20.0,0.0,0,1,3.8732,-0.007439999999999986,0.8449600000000005,0.0,40.0,25.86,0,3.0,1641.0,100.0,7.7576,-0.14,-1.02,-0.07,-4.8968,-8.532399999999999,3.9071999999999973,0,1,1,100.0
53,25.0,1,20.0,0.5,0,1,4.135,0.0115,0.907,0.0,40.0,25.86,0,3.5,1641.0,100.0,7.28,-0.13,-1.02,-0.07500000000000001,-5.08,-6.65,-0.7849999999999999,0,1,1,100.0
53,26.0,1,20.0,1.0,0,1,4.2302,0.01990000000000001,1.0877800000000002,0.0,40.0,25.86,0,4.0,1641.0,100.0,7.0872,-0.1294,-1.0194,-0.08,-5.133,-6.053599999999999,-2.515000000000003,0,1,1,100.0
53,27.0,1,20.0,1.0,0,1,4.2829,0.024550000000000006,1.10731,0.0,40.0,25.86,0,4.0,1641.0,100.0,6.9694,-0.1263,-1.0163,-0.08,-5.148499999999999,-5.7622,-3.522500000000001,0,1,1,100.0
53,28.0,1,20.0,1.0,0,1,4.3355999999999995,0.029199999999999997,1.12684,0.0,40.0,25.86,0,4.0,1641.0,100.0,6.8516,-0.1232,-1.0132,-0.08,-5.164,-5.4708000000000006,-4.529999999999999,0,1,1,100.0
53,29.0,1,20.0,1.0,0,1,4.3883,0.03385000000000001,1.1463700000000001,0.0,40.0,25.86,0,4.0,1641.0,100.0,6.7338000000000005,-0.12009999999999998,-1.0101,-0.08,-5.1795,-5.179399999999999,-5.537500000000002,0,1,1,100.0
53,30.0,1,20.0,1.0,0,1,4.666,0.0606,1.1136000000000001,0.0,40.0,25.86,0,4.0,1641.0,100.0,6.0120000000000005,-0.10400000000000001,-1.01,-0.09,-5.198,-3.968,-11.08,0,1,1,100.0
53,31.0,1,20.0,1.0,0,1,4.7410000000000005,0.06773333333333334,1.0546866666666663,0.0,40.0,25.86,0,4.0,1641.0,100.0,5.7796666666666665,-0.09926666666666667,-1.01,-0.09,-5.1878,-3.658933333333333,-12.730800000000002,0,1,1,100.0
53,32.0,1,20.0,1.0,0,1,4.772,0.0698,0.9044399999999999,0.0,40.0,25.86,0,4.0,1641.0,100.0,5.666,-0.0972,-1.01,-0.09,-5.1816,-3.5432,-13.437600000000002,0,1,1,100.0
53,33.0,1,20.0,1.0,0,1,4.803,0.07186666666666666,0.7541933333333335,0.0,40.0,25.86,0,4.0,1641.0,100.0,5.552333333333333,-0.09513333333333333,-1.01,-0.09,-5.175400000000001,-3.427466666666667,-14.1444,0,1,1,100.0
53,34.0,1,20.0,1.0,0,1,4.8340000000000005,0.07393333333333334,0.6039466666666664,0.0,40.0,25.86,0,4.0,1641.0,100.0,5.438666666666666,-0.09306666666666666,-1.01,-0.09,-5.1692,-3.311733333333333,-14.851200000000002,0,1,1,100.0
53,35.0,1,20.0,1.0,0,1,4.865,0.076,0.45370000000000005,0.0,40.0,25.86,0,4.0,1641.0,100.0,5.324999999999999,-0.091,-1.01,-0.09,-5.163,-3.196,-15.558,0,1,1,100.0
53,36.0,1,20.0,0.6799999999999983,0,1,5.106,0.07203999999999999,-0.8576000000000004,0.057920000000000305,40.0,25.86,0,8.160000000000021,1641.0,100.0,3.643999999999999,-0.06359999999999998,-1.0132,-0.1,-4.8864,-2.0859999999999994,-21.3704,0,1,1,100.0
53,37.0,1,20.0,0.05999999999999938,6,2,5.137,0.07018,-0.9847000000000001,0.1701400000000001,40.0,25.86,0,16.22000000000001,1641.0,100.0,3.1479999999999997,-0.05119999999999999,-1.0194,-0.1,-4.7438,-1.8069999999999997,-21.9718,0,1,1,100.0
53,38.0,1,20.0,0.0,6,2,5.1512,0.056000000000000015,-1.2904399999999996,-0.4394799999999994,40.0,25.8432,0,17.0,1641.0,100.0,2.6352000000000007,-0.04440000000000001,-1.02,-0.1056,-4.5284,-1.4496000000000002,-21.75,0,1,1,100.0
53,39.0,1,20.0,0.0,6,2,5.1546,0.04139999999999998,-1.4479199999999994,-0.91458,40.0,25.83,0,17.0,1641.0,100.0,2.124199999999999,-0.03819999999999999,-1.02,-0.11,-4.2764,-1.0675999999999992,-21.1736,0,1,1,100.0
53,40.0,1,20.0,0.0,6,2,5.136,0.029,-1.1962,-0.8718,40.0,25.83,0,17.0,1641.0,100.0,1.6219999999999999,-0.032,-1.02,-0.11,-3.954,-0.646,-19.946,0,1,1,100.0
53,41.0,1,20.0,0.0,6,2,5.1048,0.02037999999999998,-0.8907199999999991,-0.8806800000000001,40.0,25.83,0,17.0,1641.0,100.0,1.1491999999999987,-0.021599999999999966,-1.02,-0.11420000000000001,-3.5517999999999987,-0.22859999999999886,-18.205999999999996,0,1,1,100.0
53,42.0,1,20.0,0.040000000000003415,6,2,5.0656,0.013679999999999973,-0.5735199999999994,-0.8823599999999975,40.0,25.8312,0,17.040000000000003,1641.0,100.0,0.6939999999999977,-0.009599999999999966,-1.0204,-0.12,-3.103599999999997,0.18240000000000192,-16.183599999999988,0,1,1,100.0
53,43.0,1,20.0,0.6600000000000024,6,2,4.9974,0.008719999999999981,-0.4575799999999996,-0.4229399999999984,40.0,25.8498,0,17.660000000000004,1641.0,100.0,0.2909999999999986,-0.0033999999999999773,-1.0266,-0.12,-2.539399999999998,0.5296000000000013,-13.604399999999991,0,1,1,100.0
53,44.0,1,20.0,1.0,6,2,4.9208,0.004599999999999995,-0.39680000000000004,-0.014759999999999373,40.0,25.86,0,18.0,1641.0,100.0,-0.08120000000000062,0.0028000000000000112,-1.03,-0.12,-1.9247999999999987,0.8208000000000004,-10.837599999999995,0,1,1,100.0
53,45.0,1,20.0,1.0,6,2,4.8340000000000005,0.0015,-0.403,0.3312,40.0,25.86,0,18.0,1641.0,100.0,-0.41600000000000004,0.009000000000000001,-1.03,-0.12,-1.2489999999999999,1.044,-7.843,0,1,1,100.0
53,46.0,1,20.0,1.0,6,2,4.7732,-0.00029999999999999715,-0.38918,0.5523599999999996,40.0,25.8522,0,18.0,1641.0,100.0,-0.5791999999999997,0.012599999999999995,-1.03,-0.12259999999999999,-0.8098000000000006,1.1112,-6.000200000000003,0,1,1,100.0
53,47.0,1,20.0,1.0,6,2,4.7174,-0.0018500000000000085,-0.3715099999999999,0.7495200000000011,40.0,25.8429,0,18.0,1641.0,100.0,-0.7094000000000007,0.015700000000000016,-1.03,-0.1257,-0.41609999999999775,1.1484000000000003,-4.378899999999991,0,1,1,100.0
53,48.0,1,20.0,1.0,6,2,4.6616,-0.003400000000000006,-0.35383999999999993,0.9466800000000006,40.0,25.833599999999997,0,18.0,1641.0,100.0,-0.8396000000000005,0.01880000000000001,-1.03,-0.12880000000000003,-0.022399999999998442,1.1856000000000002,-2.7575999999999943,0,1,1,100.0
53,49.0,1,20.0,1.0,6,2,4.3702,-0.010520000000000003,-0.34413999999999995,1.5349800000000005,40.0,25.814799999999998,0,18.0,1641.0,100.0,-1.2256,0.02,-1.04,-0.13,2.0572000000000017,0.9583999999999997,5.277800000000006,0,1,1,100.0
53,50.0,1,20.0,1.0,6,2,4.24,-0.013,-0.315,1.734,40.0,25.79,0,18.0,1641.0,100.0,-1.3,0.02,-1.04,-0.13,2.95,0.76,8.57,0,1,1,100.0
53,51.0,1,20.0,1.0,6,2,4.1036,-0.014859999999999996,-0.22696000000000016,1.9429399999999997,40.0,25.79,0,18.0,1641.0,100.0,-1.2938,0.02,-1.04,-0.13,3.8303999999999987,0.45620000000000055,11.725799999999994,0,1,1,100.0
53,52.0,1,20.0,1.0,6,2,3.9947999999999992,-0.016120000000000002,-0.15823999999999977,2.0755600000000003,40.0,25.7864,0,18.0,1641.0,100.0,-1.2768,0.02,-1.04,-0.13,4.527200000000002,0.19679999999999898,14.233600000000008,0,1,1,100.0
53,53.0,1,20.0,1.0,6,2,3.9296999999999995,-0.01643,-0.12010999999999986,2.08734,40.0,25.7771,0,18.0,1641.0,100.0,-1.2427,0.02,-1.04,-0.13,4.933300000000002,0.00769999999999927,15.715400000000006,0,1,1,100.0
53,54.0,1,20.0,1.0,6,2,3.8646,-0.01674,-0.08197999999999993,2.09912,40.0,25.7678,0,18.0,1641.0,100.0,-1.2086,0.02,-1.04,-0.13,5.3394,-0.18140000000000042,17.197200000000002,0,1,1,100.0
53,55.0,1,20.0,1.0,6,2,3.604,-0.016900000000000002,0.0678,1.9665000000000001,40.0,25.79,0,18.0,1641.0,100.0,-1.006,0.02,-1.0510000000000002,-0.129,6.9110000000000005,-1.167,23.439,0,1,1,100.0
53,56.0,1,20.0,1.0,6,2,3.5048000000000004,-0.016280000000000003,0.02316000000000008,1.8890000000000002,40.0,25.79,0,18.0,1641.0,100.0,-0.9192000000000001,0.02,-1.0572000000000001,-0.1228,7.475199999999999,-1.706399999999999,26.222799999999996,0,1,1,100.0
53,57.0,1,20.0,1.0,6,2,3.4379,-0.015829999999999997,0.006910000000000039,1.8164299999999998,40.0,25.796799999999998,0,18.0,1641.0,100.0,-0.8561999999999997,0.018299999999999983,-1.0617,-0.12,7.833700000000001,-2.1268000000000016,28.26880000000001,0,1,1,100.0
53,58.0,1,20.0,1.0,6,2,3.3975999999999997,-0.015519999999999999,0.014040000000000026,1.7479199999999997,40.0,25.809199999999997,0,18.0,1641.0,100.0,-0.8127999999999999,0.01519999999999999,-1.0648,-0.12,8.0228,-2.449200000000001,29.707200000000004,0,1,1,100.0
53,59.0,1,20.0,1.0,6,2,3.3573,-0.01521,0.02117000000000001,1.6794099999999998,40.0,25.8216,0,18.0,1641.0,100.0,-0.7693999999999999,0.012099999999999994,-1.0679,-0.12,8.2119,-2.7716000000000007,31.1456,0,1,1,100.0
53,60.0,1,20.0,1.0,6,2,3.3120000000000003,-0.0144,0.07739999999999998,1.5594,40.0,25.83,0,18.0,1641.0,100.0,-0.716,0.01,-1.072,-0.12,8.382,-3.244,33.098,0,1,1,100.0
53,61.0,1,20.0,1.0,6,2,3.2562,-0.012540000000000004,0.23673999999999965,1.3312400000000004,40.0,25.83,0,18.0,1641.0,100.0,-0.6416000000000002,0.01,-1.0782,-0.12,8.5122,-4.031399999999999,36.12979999999999,0,1,1,100.0
53,62.0,1,20.0,1.0,6,2,3.2088,-0.00667999999999999,0.22559999999999972,0.6369599999999984,40.0,25.8432,0,18.0,1641.0,100.0,-0.3763999999999994,0.01,-1.1088000000000002,-0.12,8.029599999999999,-6.646000000000006,44.49760000000002,0,1,1,100.0
53,63.0,1,20.0,1.0,6,2,3.2248000000000006,-0.004939999999999998,0.16887999999999964,0.3763,40.0,25.86,0,18.0,1641.0,100.0,-0.2585999999999996,0.009399999999999978,-1.1206,-0.12,7.599999999999998,-7.8384000000000045,47.75760000000001,0,1,1,100.0
53,64.0,1,20.0,1.0,6,2,3.2744,-0.004319999999999999,0.07463999999999982,0.3794,40.0,25.86,0,18.0,1641.0,100.0,-0.14079999999999981,0.003199999999999989,-1.1268,-0.12,6.979999999999999,-9.165200000000002,50.832800000000006,0,1,1,100.0
53,65.0,1,20.0,1.0,6,2,3.3419999999999996,-0.004,0.0167,0.4092,40.0,25.86,0,18.0,1641.0,100.0,-0.03799999999999999,0.0,-1.133,-0.12,6.291,-10.48,53.626,0,1,1,100.0
53,66.0,1,20.0,1.0,6,2,3.4288,-0.004,-0.002519999999999965,0.4674799999999999,40.0,25.86,0,18.0,1641.0,100.0,0.04879999999999986,0.0,-1.1392,-0.12,5.528400000000001,-11.781999999999996,56.118399999999994,0,1,1,100.0
53,67.0,1,20.0,1.0,6,2,3.5588000000000006,-0.004540000000000003,-0.0671000000000004,0.5921800000000007,40.0,25.86,0,18.0,1641.0,100.0,0.08160000000000014,0.0,-1.14,-0.12,4.733399999999995,-12.943600000000005,57.811600000000006,0,1,1,100.0
53,68.0,1,20.0,1.0,6,2,3.7048000000000005,-0.005320000000000004,-0.13008000000000014,0.7305600000000005,40.0,25.8552,0,18.0,1641.0,100.0,0.0855999999999998,0.0,-1.14,-0.11839999999999998,3.941599999999997,-14.010800000000003,59.0888,0,1,1,100.0
53,69.0,1,20.0,1.0,6,2,3.8784000000000005,-0.0065600000000000025,-0.16914000000000007,0.8799800000000003,40.0,25.836599999999997,0,18.0,1641.0,100.0,0.029799999999999896,0.0,-1.14,-0.1122,3.1727999999999983,-14.8664,59.5104,0,1,1,100.0
53,70.0,1,20.0,0.8666666666666667,6,2,3.988,-0.0071333333333333335,-0.17766666666666667,0.9396666666666668,40.0,25.83,0,17.866666666666667,1641.0,100.0,-0.020666666666666667,0.0,-1.1386666666666665,-0.11,2.752,-15.278,59.46933333333333,0,1,1,100.0
53,71.0,1,20.0,0.6600000000000004,6,2,4.062399999999999,-0.00734,-0.16940000000000002,0.95,40.0,25.83,0,17.66,1641.0,100.0,-0.06819999999999991,0.0,-1.1365999999999998,-0.11,2.5226,-15.4454,59.1738,0,1,1,100.0
53,72.0,1,20.0,0.4533333333333322,6,2,4.1368,-0.007546666666666668,-0.16113333333333327,0.9603333333333334,40.0,25.83,0,17.453333333333333,1641.0,100.0,-0.1157333333333336,0.0,-1.1345333333333332,-0.11,2.293199999999999,-15.612800000000002,58.87826666666666,0,1,1,100.0
53,73.0,1,20.0,0.24666666666666592,6,2,4.2112,-0.007753333333333334,-0.15286666666666662,0.9706666666666667,40.0,25.83,0,17.246666666666666,1641.0,100.0,-0.16326666666666684,0.0,-1.1324666666666665,-0.11,2.063799999999999,-15.7802,58.58273333333333,0,1,1,100.0
53,74.0,1,20.0,0.03999999999999963,6,2,4.2856,-0.00796,-0.14459999999999998,0.981,40.0,25.83,0,17.04,1641.0,100.0,-0.2108000000000001,0.0,-1.1303999999999998,-0.11,1.8343999999999996,-15.947600000000001,58.2872,0,1,1,100.0
53,75.0,1,20.0,1.0,6,2,5.3549999999999995,-0.01025,-0.11624999999999999,1.2035,40.0,25.83,0,18.0,1641.0,100.0,-1.1900000000000002,0.0225,-1.0825,-0.1,0.057499999999999996,-15.315,47.035000000000004,0,1,1,100.0
53,76.0,1,20.0,1.0,6,2,5.522399999999999,-0.01056,-0.1116,1.22396,40.0,25.83,0,18.0,1641.0,100.0,-1.3511999999999997,0.025599999999999994,-1.0732000000000002,-0.1,-0.08199999999999977,-14.9244,44.6852,0,1,1,100.0
53,77.0,1,20.0,1.0,6,2,5.689800000000001,-0.010870000000000001,-0.10694999999999998,1.24442,40.0,25.83,0,18.0,1641.0,100.0,-1.512400000000001,0.028700000000000017,-1.0639,-0.1,-0.2215000000000008,-14.533799999999998,42.335399999999986,0,1,1,100.0
53,78.0,1,20.0,1.0,6,2,5.972400000000001,-0.010639999999999997,-0.08879999999999989,1.2458,40.0,25.83,0,18.0,1641.0,100.36,-1.7636000000000012,0.033600000000000026,-1.0492,-0.09639999999999999,-0.34840000000000043,-13.646399999999995,38.05959999999998,0,1,1,100.0
53,79.0,1,20.0,1.0,1,5,6.3382000000000005,-0.01002,-0.06089999999999995,1.2334,40.0,25.83,0,18.0,1641.0,100.98,-2.0798000000000005,0.039800000000000016,-1.0306,-0.09019999999999999,-0.4662000000000002,-12.400199999999996,32.392799999999994,0,1,1,100.0
53,80.0,1,20.0,0.0,1,5,7.338,-0.0358,-2.1742,0.25980000000000003,40.0,25.805999999999997,0,19.0,1641.0,101.0,-2.554,0.04,-0.982,-0.09,-0.25799999999999995,-7.64,16.056,0,1,1,100.0
53,81.0,1,20.0,0.0,1,5,7.728599999999999,-0.06355999999999995,-3.470860000000001,-0.551519999999999,40.0,25.7746,0,19.0,1641.0,101.0,-2.5682,0.04,-0.9656,-0.09,-0.03340000000000058,-5.461800000000005,9.815200000000011,0,1,1,100.0
53,82.0,1,20.0,0.0,1,5,8.119200000000003,-0.09332000000000017,-3.0759199999999978,-1.088440000000003,40.0,25.731199999999998,0,19.0,1641.0,101.0,-2.4503999999999992,0.04,-0.9531999999999999,-0.09,0.29520000000000185,-3.0995999999999873,3.714399999999967,0,1,1,100.0
53,83.0,1,20.0,0.0,1,5,8.3557,-0.10974000000000005,-2.824039999999999,-1.4390600000000011,40.0,25.703899999999997,0,19.0,1641.0,101.0,-2.2865999999999995,0.03769999999999999,-0.9453999999999999,-0.09,0.5594000000000009,-1.5538999999999956,0.01479999999998952,0,1,1,100.0
53,84.0,1,20.0,0.0,1,6,8.538600000000002,-0.12152000000000014,-2.621919999999998,-1.724880000000003,40.0,25.682199999999998,0,19.0,1641.0,101.0,-2.106799999999998,0.034599999999999964,-0.9391999999999999,-0.09,0.8012000000000026,-0.2921999999999862,-2.8496000000000317,0,1,1,100.0
53,85.0,1,20.0,0.0,1,6,8.7215,-0.1333,-2.4198,-2.0107,40.0,25.6605,0,19.0,1641.0,101.0,-1.927,0.0315,-0.933,-0.09,1.043,0.9695,-5.714,0,1,1,100.0
53,86.0,1,20.0,0.0,1,6,8.989200000000002,-0.14892000000000016,-2.1271199999999975,-2.3896400000000035,40.0,25.6404,0,19.0,1641.0,101.0,-1.5231999999999957,0.02359999999999991,-0.9236,-0.09,1.4608000000000043,2.8600000000000185,-9.826400000000039,0,1,1,100.0
53,87.0,1,20.0,0.0,1,6,9.336399999999998,-0.16813999999999993,-1.7495400000000014,-2.855879999999998,40.0,25.6218,0,19.0,1641.0,101.0,-0.9094000000000023,0.011200000000000048,-0.9112000000000001,-0.09,2.043599999999998,5.339999999999991,-15.108799999999981,0,1,1,100.0
53,88.0,1,20.0,0.0,1,6,10.1008,-0.20208000000000004,-1.1108799999999999,-3.896800000000001,40.0,25.4708,0,19.0,1641.0,101.0,1.525600000000004,-0.02680000000000007,-0.8944,-0.10560000000000003,3.6040000000000023,10.794000000000008,-27.129200000000015,0,1,1,100.0
53,89.0,1,20.0,0.0,1,6,10.349400000000001,-0.21198000000000006,-0.9540399999999958,-4.250760000000005,40.0,25.427400000000002,0,19.0,1641.0,101.0,2.669000000000014,-0.045400000000000204,-0.89,-0.11180000000000007,4.131400000000005,12.430000000000014,-31.18120000000004,0,1,1,100.0
53,90.0,1,20.0,0.0,1,6,10.553999999999998,-0.2188,-0.5684,-4.7046,40.0,25.384,0,19.0,1641.0,101.0,3.9399999999999995,-0.064,-0.89,-0.118,4.5840000000000005,13.67,-34.802,0,1,1,100.0
53,91.0,1,20.0,0.0,1,6,10.7208,-0.22436000000000003,-0.41123999999999966,-4.986660000000001,40.0,25.340600000000002,0,19.0,1641.0,101.0,5.3118000000000105,-0.08260000000000015,-0.89,-0.12420000000000005,4.906400000000002,14.456400000000004,-37.93140000000002,0,1,1,100.0
53,92.0,1,20.0,0.0,1,6,10.863,-0.2291,-0.3626600000000002,-5.18164,40.0,25.2986,0,19.0,1641.0,101.0,6.6885999999999965,-0.10079999999999996,-0.89,-0.13019999999999998,5.1484000000000005,14.9852,-40.708999999999996,0,1,1,100.0
53,93.0,1,20.0,0.0,1,6,10.9095,-0.23065000000000002,-0.3108899999999998,-5.300060000000001,40.0,25.2769,0,19.0,1641.0,101.0,7.441900000000002,-0.11320000000000005,-0.89,-0.13330000000000003,5.123600000000001,14.9108,-41.77850000000001,0,1,1,100.0
53,94.0,1,20.0,0.0,1,6,10.956,-0.23220000000000002,-0.2591199999999994,-5.4184800000000015,40.0,25.2552,0,19.0,1641.0,101.0,8.195200000000009,-0.12560000000000016,-0.89,-0.13640000000000005,5.0988,14.8364,-42.84800000000001,0,1,1,100.0
53,95.0,1,20.0,0.0,1,6,11.0025,-0.23375,-0.20735,-5.5369,40.0,25.2335,0,19.0,1641.0,101.0,8.948500000000001,-0.138,-0.89,-0.1395,5.074,14.762,-43.917500000000004,0,1,1,100.0
53,96.0,1,20.0,0.0,1,6,11.0344,-0.23474,-0.04504000000000001,-6.1513800000000005,40.0,25.1018,0,19.0,1641.0,101.0,12.189600000000006,-0.1904000000000001,-0.89,-0.1526,4.1557999999999975,12.794199999999995,-46.4176,0,1,1,100.0
53,97.0,1,20.0,0.0,1,6,11.0158,-0.23443,-0.046279999999999995,-6.21741,40.0,25.0801,0,19.0,1641.0,101.0,12.952199999999998,-0.20279999999999995,-0.89,-0.15569999999999998,3.7931000000000012,12.071900000000003,-46.6532,0,1,1,100.0
53,98.0,1,20.0,0.0,1,6,10.9972,-0.23412000000000002,-0.04752000000000001,-6.283440000000001,40.0,25.0584,0,19.0,1641.0,101.0,13.714800000000002,-0.21520000000000006,-0.89,-0.15880000000000002,3.430399999999999,11.349599999999997,-46.888799999999996,0,1,1,100.0
53,99.0,1,20.0,0.0,1,6,10.933,-0.234,-0.029379999999999667,-6.366380000000001,40.0,25.0386,0,19.0,1641.0,101.0,14.815600000000014,-0.23520000000000027,-0.8938,-0.16380000000000008,2.75039999999999,9.98699999999998,-46.72539999999999,0,1,1,100.0
53,100.0,1,20.0,0.0,3,7,10.84,-0.234,0.001,-6.46,40.0,25.02,0,19.0,1641.0,101.0,16.13,-0.26,-0.9,-0.17,1.87,8.22,-46.31,0,1,1,100.0
54,0.0,1,20.0,0.0,0,1,6.21,-0.028,0.687,-0.856,40.0,25.79,0,19.0,1641.0,101.0,11.59,-0.22,-1.08,-0.04,0.47,6.47,2.43,0,1,1,100.0
54,1.0,1,20.0,0.0,0,1,5.9879999999999995,-0.028,0.687,-0.856,40.0,25.79,0,31.0,1641.0,101.0,11.434,-0.22,-1.08,-0.04,0.5539999999999999,5.75,3.6180000000000003,0,1,1,100.0
54,2.0,1,20.0,0.0,0,1,5.778,-0.028,0.687,-0.856,40.0,25.79,0,43.0,1641.0,101.0,11.288,-0.218,-1.08,-0.042,0.636,5.036,4.768,0,1,1,100.0
54,3.0,1,20.0,0.0,0,1,5.5920000000000005,-0.028,0.687,-0.856,40.0,25.79,0,55.0,1641.0,101.0,11.161999999999999,-0.212,-1.08,-0.048,0.714,4.334,5.8420000000000005,0,1,1,100.0
54,4.0,1,20.0,0.0,0,1,5.422,-0.028,0.687,-0.856,40.0,25.79,0,67.0,1641.0,101.0,11.048,-0.21,-1.08,-0.05,0.768,3.6919999999999997,6.9,0,1,1,100.0
54,5.0,1,20.0,0.0,0,1,5.26,-0.028,0.687,-0.856,40.0,25.79,0,79.0,1641.0,101.0,10.94,-0.21,-1.08,-0.05,0.81,3.08,7.95,0,1,1,100.0
54,6.0,1,20.0,0.0,0,1,5.197,-0.0361,-1.4379,-0.5992,40.0,25.811,0,61.0,1641.0,101.0,10.883,-0.207,-1.077,-0.05,0.81,2.825,8.463000000000001,0,1,1,100.0
54,7.0,1,20.0,0.0,0,1,5.1339999999999995,-0.0442,-3.5628,-0.34240000000000004,40.0,25.832,0,43.0,1641.0,101.0,10.826,-0.20400000000000001,-1.074,-0.05,0.81,2.57,8.976,0,1,1,100.0
54,8.0,1,20.0,0.0,0,1,5.071,-0.0523,-5.6877,-0.08560000000000002,40.0,25.852999999999998,0,25.0,1641.0,101.0,10.769,-0.201,-1.0710000000000002,-0.05,0.81,2.315,9.489,0,1,1,100.0
54,9.0,1,20.0,0.0,0,1,4.986,-0.0574,-3.9688,0.0,40.0,25.86,0,19.0,1641.0,101.0,10.682,-0.2,-1.07,-0.05,0.782,1.962,10.284,0,1,1,100.0
54,10.0,1,20.0,0.0,0,1,4.89,-0.061,-0.328,0.0,40.0,25.86,0,19.0,1641.0,101.0,10.58,-0.2,-1.07,-0.05,0.74,1.56,11.22,0,1,1,100.0
54,11.0,1,20.0,0.0,0,1,4.824,-0.0634,-0.2962,0.0,40.0,25.86,0,19.0,1641.0,101.0,10.478,-0.194,-1.064,-0.056,0.65,1.254,12.012,0,1,1,100.0
54,12.0,1,20.0,0.0,0,1,4.728000000000001,-0.0702,-0.2306,0.0,40.2,25.86,0,19.0,1641.0,101.0,10.22,-0.19,-1.05,-0.06,0.342,0.6659999999999999,13.574,0,1,1,100.0
54,13.0,1,20.0,0.0,0,1,4.7219999999999995,-0.0708,0.0015999999999999903,0.0,40.8,25.86,0,19.0,1641.0,101.0,10.129999999999999,-0.19,-1.05,-0.06,0.198,0.534,13.856,0,1,1,100.0
54,14.0,1,20.0,0.0,0,1,4.728,-0.071,0.0728,0.0,41.0,25.86,0,19.0,1641.0,101.0,10.076,-0.188,-1.048,-0.062,0.09999999999999999,0.474,13.931999999999999,0,1,1,100.0
54,15.0,1,20.0,0.0,0,1,4.74,-0.071,0.0635,0.0,41.0,25.86,0,19.0,1641.0,101.0,10.04,-0.185,-1.045,-0.065,0.024999999999999988,0.44999999999999996,13.905,0,1,1,100.0
54,16.0,1,20.0,0.0,0,1,4.752,-0.071,0.0542,0.0,41.0,25.86,0,19.0,1641.0,101.0,10.004,-0.182,-1.042,-0.068,-0.05000000000000002,0.426,13.878,0,1,1,100.0
54,17.0,1,20.0,0.0,0,1,4.862,-0.0694,0.2004,0.0,41.0,25.86,0,19.0,1641.0,101.0,9.851999999999999,-0.18,-1.038,-0.07,-0.432,0.46,12.914,0,1,1,100.0
54,18.0,1,20.0,0.0,0,1,4.928,-0.06760000000000001,0.3366,0.0,41.0,25.86,0,19.0,1641.0,101.0,9.798,-0.18,-1.032,-0.07,-0.6180000000000001,0.52,12.116,0,1,1,100.0
54,19.0,1,20.0,0.0,0,1,4.98,-0.0656,0.3938,0.0,41.0,25.86,0,19.0,1641.0,101.0,9.766,-0.18,-1.028,-0.07200000000000001,-0.754,0.5720000000000001,11.458,0,1,1,100.0
54,20.0,1,20.0,0.0,0,1,5.025,-0.0635,0.41150000000000003,0.0,41.0,25.86,0,19.0,1641.0,101.0,9.745,-0.18,-1.025,-0.07500000000000001,-0.865,0.62,10.870000000000001,0,1,1,100.0
54,21.0,1,20.0,0.0,0,1,5.069999999999999,-0.061399999999999996,0.4292,0.0,41.0,25.86,0,19.0,1641.0,101.0,9.724,-0.18,-1.022,-0.078,-0.976,0.6679999999999999,10.282,0,1,1,100.0
54,22.0,1,20.0,0.0,0,1,5.136,-0.0584,0.4518,0.0,41.0,25.86,0,19.0,1641.0,101.0,9.694,-0.178,-1.02,-0.08,-1.1360000000000001,0.746,9.370000000000001,0,1,1,100.0
54,23.0,1,20.0,0.0,0,1,5.244,-0.053599999999999995,0.4842,0.0,41.0,25.86,0,19.0,1641.0,101.0,9.646,-0.17200000000000001,-1.02,-0.08,-1.3940000000000001,0.884,7.8100000000000005,0,1,1,100.0
54,24.0,1,20.0,0.0,0,1,5.356,-0.047599999999999996,0.7045999999999999,0.0,41.0,25.875999999999998,0,19.0,1641.0,101.0,9.598,-0.17,-1.016,-0.08,-1.672,1.034,5.974,0,1,1,100.0
54,25.0,1,20.0,0.0,0,1,5.68,-0.022,1.219,0.0,41.0,25.86,0,19.0,1641.0,101.0,9.43,-0.17,-1.01,-0.08,-2.47,1.48,-0.08,0,1,1,100.0
54,26.0,1,20.0,0.6000000000000001,0,1,5.812,-0.0063999999999999994,1.5604,0.0,41.0,25.86,0,19.6,1641.0,101.0,9.34,-0.164,-1.01,-0.086,-2.794,1.69,-3.05,0,1,1,100.0
54,27.0,1,20.0,1.0,0,1,5.921,0.0073,1.8463,0.0,41.0,25.864,0,19.9,1641.0,101.0,9.257,-0.16,-1.009,-0.09,-3.0679999999999996,1.868,-5.607,0,1,1,100.0
54,28.0,1,20.0,1.0,0,1,5.984,0.0172,2.0212,0.0,41.0,25.875999999999998,0,19.6,1641.0,101.0,9.188,-0.16,-1.006,-0.09,-3.242,1.982,-7.338000000000001,0,1,1,100.0
54,29.0,1,20.0,1.0,0,1,6.047000000000001,0.0271,2.1961,0.0,41.0,25.887999999999998,0,19.3,1641.0,101.0,9.119,-0.16,-1.0030000000000001,-0.09,-3.416,2.096,-9.069,0,1,1,100.0
54,30.0,1,20.0,1.0,0,1,6.32,0.072,1.984,0.0,41.0,25.86,0,19.0,1641.0,101.0,8.66,-0.15,-1.0,-0.09,-4.18,2.58,-16.82,0,1,1,100.0
54,31.0,1,20.0,0.39999999999999997,6,2,6.434,0.0792,0.5992000000000002,0.0342,41.0,25.842,0,18.4,1641.0,101.0,8.27,-0.14400000000000002,-1.0,-0.09,-4.462,2.796,-19.904,0,1,1,100.0
54,32.0,1,20.0,0.0,6,2,6.52,0.0824,-0.43066666666666664,-0.06166666666666667,41.0,25.825333333333333,0,18.0,1641.0,101.0,7.950666666666667,-0.13933333333333334,-1.0,-0.09066666666666666,-4.666666666666667,2.9633333333333334,-22.186666666666667,0,1,1,100.0
54,33.0,1,20.0,0.0,6,2,6.55,0.0776,-0.7506666666666666,-0.4176666666666667,41.0,25.811333333333334,0,18.0,1641.0,101.0,7.772666666666667,-0.13733333333333334,-1.0,-0.09266666666666666,-4.716666666666667,3.033333333333333,-22.866666666666667,0,1,1,100.0
54,34.0,1,20.0,0.0,6,2,6.58,0.0728,-1.0706666666666667,-0.7736666666666667,41.0,25.797333333333334,0,18.0,1641.0,101.0,7.594666666666667,-0.13533333333333333,-1.0,-0.09466666666666666,-4.766666666666667,3.1033333333333335,-23.546666666666667,0,1,1,100.0
54,35.0,1,20.0,0.0,6,2,6.61,0.068,-1.3906666666666667,-1.1296666666666666,41.0,25.783333333333335,0,18.0,1641.0,101.0,7.416666666666667,-0.13333333333333333,-1.0,-0.09666666666666666,-4.816666666666667,3.1733333333333333,-24.226666666666667,0,1,1,100.0
54,36.0,1,20.0,0.0,6,2,6.64,0.06319999999999999,-1.7106666666666666,-1.4856666666666667,41.0,25.769333333333336,0,18.0,1641.0,101.0,7.238666666666667,-0.13133333333333333,-1.0,-0.09866666666666667,-4.866666666666667,3.243333333333333,-24.906666666666666,0,1,1,100.0
54,37.0,1,20.0,0.2,6,2,6.8660000000000005,0.0236,-0.5966,-1.9186,41.0,25.766000000000002,0,18.2,1641.0,101.0,4.7700000000000005,-0.086,-1.01,-0.11,-4.352,3.78,-25.888,0,1,1,100.0
54,38.0,1,20.0,0.8,6,2,6.8839999999999995,0.0194,-0.35840000000000005,-1.7734,41.0,25.784,0,18.8,1641.0,101.0,4.140000000000001,-0.07400000000000001,-1.01,-0.11,-3.968,3.81,-24.712,0,1,1,100.0
54,39.0,1,20.0,1.0,6,2,6.882,0.016399999999999998,-0.26380000000000003,-1.629,41.0,25.79,0,19.0,1641.0,101.0,3.5500000000000003,-0.062000000000000006,-1.014,-0.114,-3.492,3.78,-23.1,0,1,1,100.0
54,40.0,1,20.0,1.0,6,2,6.87,0.014,-0.241,-1.485,41.0,25.79,0,19.0,1641.0,101.0,2.98,-0.05,-1.02,-0.12,-2.97,3.72,-21.27,0,1,1,100.0
54,41.0,1,20.0,1.0,6,2,6.828,0.011600000000000001,-0.2098,-1.23,41.0,25.814,0,19.0,1641.0,101.0,2.4819999999999998,-0.044000000000000004,-1.02,-0.12,-2.328,3.564,-18.99,0,1,1,100.0
54,42.0,1,20.0,1.0,6,2,6.776,0.009000000000000001,-0.218,-0.931,41.0,25.836,0,19.0,1641.0,101.0,2.006,-0.038,-1.02,-0.122,-1.65,3.384,-16.61,0,1,1,100.0
54,43.0,1,20.0,1.0,6,2,6.704,0.006,-0.30500000000000005,-0.544,41.0,25.854,0,19.0,1641.0,101.0,1.5739999999999998,-0.032,-1.02,-0.128,-0.8999999999999999,3.156,-14.03,0,1,1,100.0
54,44.0,1,20.0,1.0,6,2,6.648,0.0044,-0.2988,-0.35119999999999996,41.0,25.854,0,19.0,1641.0,101.0,1.314,-0.028,-1.02,-0.13,-0.37000000000000005,2.982,-12.244,0,1,1,100.0
54,45.0,1,20.0,1.0,6,2,6.6,0.0035,-0.24600000000000002,-0.2555,41.0,25.845,0,19.0,1641.0,101.0,1.14,-0.025,-1.02,-0.13,0.049999999999999906,2.835,-10.855,0,1,1,100.0
54,46.0,1,20.0,1.0,6,2,6.552,0.0026,-0.1932,-0.1598,41.0,25.836,0,19.0,1641.0,101.0,0.966,-0.022,-1.02,-0.13,0.46999999999999986,2.6879999999999997,-9.466,0,1,1,100.0
54,47.0,1,20.0,1.0,6,2,6.481999999999999,0.0014,-0.1534,0.004799999999999999,41.0,25.836,0,19.0,1641.0,101.0,0.758,-0.018000000000000002,-1.022,-0.13,1.056,2.472,-7.579999999999999,0,1,1,100.0
54,48.0,1,20.0,1.0,6,2,6.368,-0.0004000000000000002,-0.1396,0.30720000000000003,41.0,25.854,0,19.0,1641.0,101.0,0.482,-0.012,-1.028,-0.13,1.9739999999999998,2.118,-4.7,0,1,1,100.0
54,49.0,1,20.0,1.0,6,2,6.284,-0.0016,-0.17420000000000002,0.5124,41.0,25.854,0,19.0,1641.0,101.0,0.32,-0.008,-1.03,-0.13,2.5999999999999996,1.862,-2.7600000000000002,0,1,1,100.0
54,50.0,1,20.0,1.0,6,2,6.215,-0.0025,-0.233,0.669,41.0,25.845,0,19.0,1641.0,101.0,0.215,-0.005,-1.03,-0.13,3.0799999999999996,1.655,-1.29,0,1,1,100.0
54,51.0,1,20.0,1.0,6,2,6.146,-0.0034000000000000002,-0.2918,0.8256,41.0,25.836,0,19.0,1641.0,101.0,0.10999999999999999,-0.002,-1.03,-0.13,3.5599999999999996,1.448,0.18000000000000016,0,1,1,100.0
54,52.0,1,20.0,1.0,6,2,5.596,-0.0144,-0.3499,1.9742,41.0,25.79,0,19.0,1641.0,101.0,-0.386,0.01,-1.041,-0.13,7.192,-0.44199999999999995,11.728,0,1,1,100.0
54,53.0,1,20.0,1.0,6,2,5.524,-0.0156,-0.2746,2.0798,41.0,25.79,0,19.0,1641.0,101.0,-0.434,0.01,-1.044,-0.13,7.618,-0.718,13.312,0,1,1,100.0
54,54.0,1,20.0,1.0,6,2,5.452,-0.0168,-0.1993,2.1854,41.0,25.79,0,19.0,1641.0,101.0,-0.48200000000000004,0.01,-1.0470000000000002,-0.13,8.044,-0.994,14.896,0,1,1,100.0
54,55.0,1,20.0,1.0,6,2,5.15,-0.019,0.096,2.168,41.0,25.76,0,19.0,1641.0,101.0,-0.68,0.01,-1.05,-0.13,9.68,-2.27,22.07,0,1,1,100.0
54,56.0,1,20.0,1.0,6,2,5.03,-0.0178,0.1314,2.0492,41.0,25.76,0,19.0,1641.0,101.0,-0.764,0.016,-1.062,-0.13,10.22,-2.942,25.663999999999998,0,1,1,100.0
54,57.0,1,20.0,1.0,6,2,4.916,-0.0166,0.1628,1.8992,41.0,25.766000000000002,0,19.0,1641.0,101.0,-0.84,0.02,-1.072,-0.128,10.68,-3.6500000000000004,29.343999999999998,0,1,1,100.0
54,58.0,1,20.0,1.0,6,2,4.814,-0.0154,0.1862,1.6868,41.0,25.784,0,19.0,1641.0,101.0,-0.9,0.02,-1.078,-0.122,10.98,-4.430000000000001,33.196,0,1,1,100.0
54,59.0,1,20.0,1.0,6,2,4.728000000000001,-0.0138,0.2444,1.4392,41.0,25.805999999999997,0,19.0,1641.0,101.0,-0.9400000000000001,0.02,-1.088,-0.12,11.108,-5.306,37.208,0,1,1,100.0
54,60.0,1,20.0,1.0,6,2,4.65,-0.012,0.32,1.174,41.0,25.83,0,19.0,1641.0,101.0,-0.97,0.02,-1.1,-0.12,11.15,-6.23,41.3,0,1,1,100.0
54,61.0,1,20.0,1.0,6,2,4.636,-0.011000000000000001,0.3232,1.0932,41.0,25.83,0,19.0,1641.0,101.0,-0.96,0.02,-1.104,-0.12,11.08,-6.586,42.717999999999996,0,1,1,100.0
54,62.0,1,20.0,1.0,6,2,4.622,-0.01,0.3264,1.0124,41.0,25.83,0,19.0,1641.0,101.0,-0.95,0.02,-1.108,-0.12,11.01,-6.942,44.135999999999996,0,1,1,100.0
54,63.0,1,20.0,1.0,6,2,4.6080000000000005,-0.009000000000000001,0.3296,0.9316,41.0,25.83,0,19.0,1641.0,101.0,-0.9400000000000001,0.02,-1.112,-0.12,10.940000000000001,-7.298,45.554,0,1,1,100.0
54,64.0,1,20.0,1.0,6,2,4.594,-0.008,0.33280000000000004,0.8508,41.0,25.83,0,19.0,1641.0,101.0,-0.93,0.02,-1.116,-0.12,10.870000000000001,-7.654,46.972,0,1,1,100.0
54,65.0,1,20.0,1.0,6,2,4.63,-0.003,0.058,0.244,41.0,25.83,0,19.0,1641.0,101.0,-0.6,0.01,-1.15,-0.12,9.23,-11.83,61.69,0,1,1,100.0
54,66.0,1,20.0,1.0,6,2,4.708,-0.0036,-0.0344,0.37720000000000004,41.0,25.848,0,19.0,1641.0,101.0,-0.504,0.01,-1.156,-0.12,8.624,-12.76,64.63,0,1,1,100.0
54,67.0,1,20.0,1.0,6,2,4.781,-0.004,-0.09330000000000001,0.4732,41.0,25.86,0,19.0,1641.0,101.0,-0.433,0.01,-1.16,-0.12,8.118,-13.487,66.89,0,1,1,100.0
54,68.0,1,20.0,1.0,6,2,4.843999999999999,-0.004,-0.0852,0.4948,41.0,25.86,0,19.0,1641.0,101.0,-0.412,0.01,-1.16,-0.12,7.812,-13.808,67.79,0,1,1,100.0
54,69.0,1,20.0,1.0,6,2,4.907,-0.004,-0.0771,0.5164000000000001,41.0,25.86,0,19.0,1641.0,101.0,-0.391,0.01,-1.16,-0.12,7.506,-14.129,68.69,0,1,1,100.0
54,70.0,1,20.0,1.0,6,2,5.26,-0.005,-0.144,0.706,41.0,25.83,0,19.0,1641.0,101.0,-0.44,0.01,-1.16,-0.11,6.22,-14.95,70.29,0,1,1,100.0
54,71.0,1,20.0,0.39999999999999997,6,2,5.4879999999999995,-0.0056,-0.0948,0.8056,41.0,25.83,0,18.4,1641.0,101.0,-0.5780000000000001,0.01,-1.148,-0.11,5.686,-14.878,69.20400000000001,0,1,1,100.0
54,72.0,1,20.0,0.2,6,2,5.731999999999999,-0.0062,-0.075,0.8878,41.0,25.836,0,18.2,1641.0,101.0,-0.748,0.012,-1.136,-0.11,5.18,-14.676,67.596,0,1,1,100.0
54,73.0,1,20.0,0.8,6,2,6.008,-0.0068000000000000005,-0.114,0.9351999999999999,41.0,25.854,0,18.8,1641.0,101.0,-0.982,0.018000000000000002,-1.124,-0.11,4.73,-14.214,64.944,0,1,1,100.0
54,74.0,1,20.0,1.0,6,2,6.207999999999999,-0.0074,-0.1222,0.9693999999999999,41.0,25.854,0,19.0,1641.0,101.0,-1.1660000000000001,0.022,-1.114,-0.108,4.462,-13.776,62.676,0,1,1,100.0
54,75.0,1,20.0,1.0,6,2,6.37,-0.008,-0.115,0.9969999999999999,41.0,25.845,0,19.0,1641.0,101.0,-1.3250000000000002,0.024999999999999998,-1.105,-0.105,4.285,-13.350000000000001,60.6,0,1,1,100.0
54,76.0,1,20.0,1.0,6,2,6.532,-0.0086,-0.10779999999999999,1.0246,41.0,25.836,0,19.0,1641.0,101.0,-1.484,0.027999999999999997,-1.096,-0.10200000000000001,4.1080000000000005,-12.924000000000001,58.524,0,1,1,100.0
54,77.0,1,20.0,1.0,6,2,6.76,-0.009,-0.09219999999999999,1.0522,41.0,25.83,0,19.0,1641.0,101.2,-1.7160000000000002,0.032,-1.082,-0.1,3.914,-12.218,55.31,0,1,1,100.0
54,78.0,1,20.0,1.0,1,5,7.12,-0.009,-0.0598,1.0797999999999999,41.0,25.83,0,19.0,1641.0,101.8,-2.0940000000000003,0.038,-1.058,-0.1,3.686,-10.952,49.82,0,1,1,100.0
54,79.0,1,20.0,0.0,1,5,8.176,-0.0266,-1.4264,0.49660000000000004,41.0,25.83,0,19.0,1641.0,102.0,-3.04,0.054,-1.004,-0.09,3.478,-6.252,32.712,0,1,1,100.0
54,80.0,1,20.0,0.0,1,5,8.59,-0.053,-3.593,-0.356,41.0,25.83,0,19.0,1641.0,102.0,-3.34,0.06,-0.98,-0.09,3.52,-4.11,25.8,0,1,1,100.0
54,81.0,1,20.0,0.0,1,5,9.016,-0.0824,-3.2407999999999997,-0.8053999999999999,41.0,25.788,0,19.0,1641.0,102.0,-3.496,0.06,-0.962,-0.09,3.6999999999999997,-1.596,18.648,0,1,1,100.0
54,82.0,1,20.0,0.0,1,5,9.440000000000001,-0.1098,-2.8872,-1.2776,41.0,25.746000000000002,0,19.0,1641.0,102.0,-3.584,0.06,-0.944,-0.09,3.916,0.988,11.484000000000002,0,1,1,100.0
54,83.0,1,20.0,0.0,1,5,9.86,-0.13319999999999999,-2.5307999999999997,-1.7953999999999999,41.0,25.704,0,19.0,1641.0,102.0,-3.536,0.06,-0.926,-0.09,4.204,3.712,4.296000000000001,0,1,1,100.0
54,84.0,1,20.0,0.0,1,5,10.268,-0.15339999999999998,-2.1384,-2.3132,41.0,25.662000000000003,0,19.0,1641.0,102.0,-3.32,0.056,-0.912,-0.09,4.54,6.468,-2.8160000000000003,0,1,1,100.0
54,85.0,1,20.0,0.0,1,6,10.67,-0.172,-1.728,-2.831,41.0,25.62,0,19.0,1641.0,102.0,-3.02,0.05,-0.9,-0.09,4.9,9.24,-9.89,0,1,1,100.0
54,86.0,1,20.0,0.0,1,6,11.048,-0.1852,-1.3908,-3.3398,41.0,25.554000000000002,0,19.0,1641.0,102.0,-2.42,0.038,-0.888,-0.09,5.284,11.826,-16.694,0,1,1,100.0
54,87.0,1,20.0,0.0,1,6,11.337333333333333,-0.19506666666666667,-1.1565999999999999,-3.7186,40.93333333333333,25.505333333333336,0,19.0,1641.0,102.0,-1.9186666666666667,0.028666666666666667,-0.8793333333333333,-0.09066666666666666,5.585333333333334,13.797333333333334,-21.949333333333335,0,1,1,100.0
54,88.0,1,20.0,0.0,1,6,11.449333333333334,-0.19826666666666667,-1.1283999999999998,-3.8373999999999997,40.733333333333334,25.491333333333333,0,19.0,1641.0,102.0,-1.6146666666666667,0.024666666666666667,-0.8773333333333333,-0.09266666666666666,5.721333333333333,14.539333333333333,-24.107333333333333,0,1,1,100.0
54,89.0,1,20.0,0.0,1,6,11.561333333333334,-0.20146666666666666,-1.1001999999999998,-3.9562,40.53333333333333,25.477333333333334,0,19.0,1641.0,102.0,-1.3106666666666666,0.020666666666666667,-0.8753333333333333,-0.09466666666666666,5.857333333333333,15.281333333333334,-26.265333333333334,0,1,1,100.0
54,90.0,1,20.0,0.0,1,6,11.673333333333334,-0.20466666666666666,-1.0719999999999998,-4.074999999999999,40.333333333333336,25.463333333333335,0,19.0,1641.0,102.0,-1.0066666666666668,0.01666666666666667,-0.8733333333333333,-0.09666666666666666,5.993333333333333,16.023333333333333,-28.423333333333336,0,1,1,100.0
54,91.0,1,20.0,0.0,1,6,11.785333333333332,-0.20786666666666667,-1.0437999999999998,-4.1937999999999995,40.13333333333333,25.449333333333335,0,19.0,1641.0,102.0,-0.7026666666666668,0.01266666666666667,-0.8713333333333333,-0.09866666666666667,6.129333333333333,16.765333333333334,-30.581333333333337,0,1,1,100.0
54,92.0,1,20.0,0.0,1,6,12.73,-0.22640000000000002,-0.29660000000000003,-5.5662,40.0,25.232000000000003,0,19.0,1641.0,102.0,4.592,-0.068,-0.85,-0.132,7.154,21.956,-52.65,0,1,1,100.0
54,93.0,1,20.0,0.0,1,6,12.879999999999999,-0.2276,-0.19340000000000002,-5.9478,40.0,25.148,0,19.0,1641.0,102.0,6.308,-0.092,-0.85,-0.138,7.106,22.364,-57.36,0,1,1,100.0
54,94.0,1,20.0,0.0,1,6,12.954,-0.228,-0.136,-6.1488000000000005,40.0,25.106,0,19.0,1641.0,102.0,7.49,-0.11,-0.854,-0.14200000000000002,6.966,22.428,-60.2,0,1,1,100.0
54,95.0,1,20.0,0.0,1,6,12.99,-0.228,-0.1015,-6.2595,40.0,25.085,0,19.0,1641.0,102.0,8.405,-0.125,-0.86,-0.145,6.779999999999999,22.32,-62.105,0,1,1,100.0
54,96.0,1,20.0,0.0,1,6,13.026,-0.228,-0.067,-6.3702,40.0,25.064,0,19.0,1641.0,102.0,9.32,-0.14,-0.866,-0.148,6.593999999999999,22.212,-64.01,0,1,1,100.0
54,97.0,1,20.0,0.0,1,6,13.011999999999999,-0.2192,0.8049999999999999,-8.1282,40.0,24.708,0,19.0,1641.0,102.0,13.39,-0.21000000000000002,-0.894,-0.158,5.5360000000000005,21.556,-69.68599999999999,0,1,1,100.0
54,98.0,1,20.0,0.0,1,6,12.928,-0.2138,0.367,-7.9578,40.0,24.732,0,19.0,1641.0,102.0,14.92,-0.24,-0.906,-0.152,5.164,21.514,-70.51400000000001,0,1,1,100.0
54,99.0,1,20.0,0.0,1,6,12.792,-0.21,0.307,-7.9342,40.0,24.724,0,19.0,1641.0,102.0,16.194,-0.27,-0.926,-0.146,4.896,21.832,-70.206,0,1,1,100.0
54,100.0,1,20.0,0.0,3,7,12.63,-0.207,0.436,-7.984,40.0,24.7,0,19.0,1641.0,102.0,17.34,-0.3,-0.95,-0.14,4.68,22.33,-69.33,0,1,1,100.0
55,0.0,1,20.0,0.0,0,1,6.85,-0.107,0.299,-2.636,41.0,25.76,0,19.0,1641.0,102.0,17.07,-0.34,-1.09,-0.02,-1.32,17.38,0.11,0,1,1,100.0
55,1.0,1,20.0,0.0,0,1,6.5002,-0.10382,0.35306,-1.96025,41.0,25.76,0,19.0,1641.0,102.0,16.799699999999998,-0.3294,-1.09,-0.02,-1.7016,15.4455,3.0620999999999996,0,1,1,100.0
55,2.0,1,20.0,0.0,0,1,5.5687999999999995,-0.101,0.401,-1.361,41.0,25.76,0,40.2,1641.0,102.0,16.0748,-0.3094,-1.0894000000000001,-0.03,-2.5244,9.7758,10.129,0,1,1,100.0
55,3.0,1,20.0,0.0,0,1,5.2932,-0.101,0.401,-1.361,41.0,25.76,0,50.8,1641.0,102.0,15.8522,-0.3041,-1.0841,-0.03,-2.6515999999999997,7.8837,11.798499999999999,0,1,1,100.0
55,4.0,1,20.0,0.0,0,1,5.0272,-0.10052000000000001,0.47875999999999996,-1.19768,41.0,25.7804,0,52.400000000000006,1641.0,102.0,15.630799999999999,-0.2988,-1.08,-0.0312,-2.7596,6.0456,13.36,0,1,1,100.0
55,5.0,1,20.0,0.0,0,1,4.794,-0.0984,0.8222,-0.47635,41.0,25.8705,0,23.25,1641.0,102.0,15.413499999999999,-0.2935,-1.08,-0.0365,-2.802,4.392,14.5525,0,1,1,100.0
55,6.0,1,20.0,0.0,0,1,4.577,-0.097,0.8634200000000002,0.0,41.0,25.9174,0,4.0,1641.0,102.0,15.2034,-0.2882,-1.0782,-0.04,-2.8336,2.8410000000000006,15.597399999999999,0,1,1,100.0
55,7.0,1,20.0,0.0,0,1,4.3915,-0.097,0.3169899999999998,0.0,41.0,25.8803,0,4.0,1641.0,102.0,15.0073,-0.2829,-1.0729,-0.04,-2.8442000000000003,1.4894999999999994,16.3553,0,1,1,100.0
55,8.0,1,20.0,0.0,0,1,4.23,-0.097,0.01968,0.0,41.0,25.86,0,4.0,1641.0,102.0,14.813600000000001,-0.28,-1.0676,-0.04,-2.8572,0.28200000000000025,16.9236,0,1,1,100.0
55,9.0,1,20.0,0.0,0,1,4.0975,-0.097,0.023389999999999998,0.0,41.0,25.86,0,4.0,1641.0,102.0,14.6228,-0.28,-1.0623,-0.04,-2.8731,-0.7514999999999992,17.2628,0,1,1,100.0
55,10.0,1,20.0,0.0,0,1,3.989,-0.0958,0.1159,0.0,41.0,25.86,0,4.0,1641.0,102.0,14.440999999999999,-0.277,-1.057,-0.04,-2.907,-1.608,17.368,0,1,1,100.0
55,11.0,1,20.0,0.0,0,1,3.8989000000000003,-0.09368,0.2764899999999999,0.0,41.0,25.86,0,4.0,1641.0,102.0,14.2661,-0.2717,-1.0517,-0.04,-2.9547000000000003,-2.3287999999999998,17.2938,0,1,1,100.0
55,12.0,1,20.0,0.0,0,1,3.8604000000000003,-0.09228,0.33592,0.0,41.0,25.86,0,4.0,1641.0,102.0,14.171600000000002,-0.26880000000000004,-1.0488,-0.0412,-2.9892000000000003,-2.662,17.1596,0,1,1,100.0
55,13.0,1,20.0,0.0,0,1,3.8462666666666667,-0.09122,0.34758,0.0,41.0,25.86,0,4.0,1641.0,102.0,14.115066666666667,-0.26703333333333334,-1.0470333333333335,-0.04296666666666667,-3.0174666666666665,-2.8121666666666667,16.99706666666667,0,1,1,100.0
55,14.0,1,20.0,0.0,0,1,3.8321333333333336,-0.09015999999999999,0.35924,0.0,41.0,25.86,0,4.0,1641.0,102.0,14.058533333333335,-0.2652666666666667,-1.0452666666666668,-0.04473333333333333,-3.0457333333333336,-2.9623333333333335,16.834533333333333,0,1,1,100.0
55,15.0,1,20.0,0.0,0,1,3.818,-0.0891,0.3709,0.0,41.0,25.86,0,4.0,1641.0,102.0,14.002,-0.2635,-1.0435,-0.0465,-3.074,-3.1125000000000003,16.672,0,1,1,100.0
55,16.0,1,20.0,0.0,0,1,3.8038666666666665,-0.08804,0.38256,0.0,41.0,25.86,0,4.0,1641.0,102.0,13.945466666666666,-0.2617333333333333,-1.0417333333333334,-0.048266666666666666,-3.1022666666666665,-3.2626666666666666,16.50946666666667,0,1,1,100.0
55,17.0,1,20.0,0.0,0,1,3.8513,-0.0729,0.46423999999999976,0.0,41.0,25.86,0,4.0,1641.0,102.0,13.2361,-0.2399,-1.0299,-0.05,-3.5422,-3.9184,12.3214,0,1,1,100.0
55,18.0,1,20.0,0.0,0,1,3.9202,-0.06760000000000001,0.6889599999999997,0.0,41.0,25.86,0,4.0,1641.0,102.0,13.0294,-0.2346,-1.0246,-0.05,-3.6588,-3.8336,10.805600000000002,0,1,1,100.0
55,19.0,1,20.0,0.0,0,1,3.9926,-0.06216,0.87567,0.0,41.0,25.86,0,4.0,1641.0,102.0,12.819899999999999,-0.2293,-1.02,-0.0507,-3.7733,-3.7375999999999996,9.260399999999999,0,1,1,100.0
55,20.0,1,20.0,0.0,0,1,4.088,-0.055799999999999995,0.8126,0.0,41.0,25.86,0,4.0,1641.0,102.0,12.592,-0.224,-1.02,-0.056,-3.874,-3.568,7.522,0,1,1,100.0
55,21.0,1,20.0,0.0,0,1,4.1886,-0.04931,0.8205099999999999,0.0,41.0,25.865199999999998,0,4.0,1641.0,102.0,12.3563,-0.2187,-1.02,-0.06,-3.9695,-3.3828,5.744600000000001,0,1,1,100.0
55,22.0,1,20.0,0.0,0,1,4.3052,-0.042420000000000006,1.0468199999999996,0.0,41.0,25.8864,0,4.0,1641.0,102.0,12.0966,-0.2134,-1.02,-0.06,-4.0489999999999995,-3.1496000000000004,3.847200000000002,0,1,1,100.0
55,23.0,1,20.0,0.18999999999999917,0,1,4.427499999999999,-0.034580000000000014,1.18896,0.0,41.0,25.8924,0,4.1899999999999995,1641.0,102.0,11.8293,-0.2081,-1.0181,-0.06,-4.1152,-2.9050000000000002,1.8985000000000032,0,1,1,100.0
55,24.0,1,20.0,0.7199999999999989,0,1,4.56,-0.02504000000000002,1.18048,0.0,41.0,25.871199999999998,0,4.719999999999999,1641.0,102.0,11.5484,-0.2028,-1.0128,-0.06,-4.1575999999999995,-2.6400000000000006,-0.1419999999999954,0,1,1,100.0
55,25.0,1,20.0,1.0,0,1,4.6975,-0.01425,1.2165,0.0,41.0,25.86,0,5.0,1641.0,102.0,11.262500000000001,-0.1975,-1.01,-0.0625,-4.185,-2.375,-2.255,0,1,1,100.0
55,26.0,1,20.0,1.0,0,1,4.840599999999999,-0.00206000000000004,1.3023599999999997,0.0,41.0,25.86,0,5.0,1641.0,102.0,10.971,-0.1922,-1.01,-0.06779999999999999,-4.1956,-2.1100000000000008,-4.449199999999993,0,1,1,100.0
55,27.0,1,20.0,1.0,0,1,4.9418500000000005,0.006874999999999993,1.37489,0.0,41.0,25.86,0,5.0,1641.0,102.0,10.7632,-0.18845,-1.01,-0.07,-4.19535,-1.9333500000000001,-6.046649999999999,0,1,1,100.0
55,28.0,1,20.0,1.0,0,1,5.0134,0.013500000000000007,1.4379600000000001,0.0,41.0,25.86,0,5.0,1641.0,102.0,10.614799999999999,-0.1858,-1.01,-0.07,-4.1874,-1.8194,-7.220600000000001,0,1,1,100.0
55,29.0,1,20.0,1.0,0,1,5.08495,0.020124999999999987,1.5010299999999999,0.0,41.0,25.86,0,5.0,1641.0,102.0,10.4664,-0.18315,-1.01,-0.07,-4.17945,-1.7054500000000004,-8.394549999999997,0,1,1,100.0
55,30.0,1,20.0,1.0,0,1,5.1565,0.02675,1.5641,0.0,41.0,25.86,0,5.0,1641.0,102.0,10.318,-0.1805,-1.01,-0.07,-4.1715,-1.5915000000000001,-9.568499999999998,0,1,1,100.0
55,31.0,1,20.0,1.0,0,1,5.286099999999999,0.037459999999999966,1.4968800000000002,0.0,41.0,25.86,0,5.0,1641.0,102.0,10.0363,-0.17570000000000002,-1.01,-0.07,-4.1399,-1.4281000000000006,-11.789499999999991,0,1,1,100.0
55,32.0,1,20.0,1.0,0,1,5.4292,0.04911999999999999,1.39936,0.0,41.0,25.86,0,5.0,1641.0,102.0,9.7236,-0.17040000000000002,-1.01,-0.07,-4.102799999999999,-1.2532,-14.253999999999996,0,1,1,100.0
55,33.0,1,20.0,0.5099999999999995,0,1,5.802700000000001,0.05751,-0.1121000000000001,-0.011760000000000015,41.0,25.86,0,10.880000000000006,1641.0,102.0,8.6084,-0.1551,-1.01,-0.08,-3.9364999999999997,-0.9513999999999999,-20.965500000000002,0,1,1,100.0
55,34.0,1,20.0,0.0,6,2,5.921266666666667,0.056866666666666676,-0.21597333333333293,-0.0292799999999997,41.0,25.8598,0,17.0,1641.0,102.0,8.173533333333333,-0.14986666666666668,-1.01,-0.08006666666666666,-3.8580666666666668,-0.8790000000000001,-22.9974,0,1,1,100.0
55,35.0,1,20.0,0.0,6,2,5.954833333333333,0.05333333333333334,-0.40076666666666666,-0.1692,41.0,25.854499999999998,0,17.0,1641.0,102.0,8.002166666666666,-0.14633333333333334,-1.01,-0.08183333333333333,-3.806833333333333,-0.8525,-23.4585,0,1,1,100.0
55,36.0,1,20.0,0.0,6,2,5.9884,0.04980000000000001,-0.5855599999999994,-0.3091199999999995,41.0,25.8492,0,17.0,1641.0,102.0,7.8308,-0.1428,-1.01,-0.0836,-3.7556,-0.8260000000000001,-23.9196,0,1,1,100.0
55,37.0,1,20.0,0.0,6,2,6.021966666666667,0.04626666666666667,-0.7703533333333331,-0.4490399999999998,41.0,25.843899999999998,0,17.0,1641.0,102.0,7.659433333333333,-0.13926666666666668,-1.01,-0.08536666666666666,-3.7043666666666666,-0.7995,-24.3807,0,1,1,100.0
55,38.0,1,20.0,0.0,6,2,6.055533333333334,0.04273333333333333,-0.9551466666666668,-0.58896,41.0,25.8386,0,17.0,1641.0,102.0,7.488066666666667,-0.13573333333333334,-1.01,-0.08713333333333333,-3.6531333333333333,-0.7729999999999999,-24.8418,0,1,1,100.0
55,39.0,1,20.0,0.0,6,2,6.0891,0.039200000000000006,-1.1399399999999995,-0.7288799999999996,41.0,25.833299999999998,0,17.0,1641.0,102.0,7.3167,-0.1322,-1.01,-0.08889999999999999,-3.6019,-0.7465,-25.302899999999998,0,1,1,100.0
55,40.0,1,20.0,0.8,6,2,6.27,0.0166,-0.9504,-0.4616,41.0,25.836,0,17.8,1641.0,102.0,5.9079999999999995,-0.106,-1.02,-0.09,-2.9539999999999997,-0.5559999999999999,-26.256,0,1,1,100.0
55,41.0,1,20.0,0.2700000000000017,6,2,6.3229999999999995,0.01024000000000002,-0.628160000000001,-0.2220400000000008,41.0,25.8519,0,17.270000000000003,1641.0,102.0,5.319700000000002,-0.09540000000000003,-1.02,-0.09,-2.5936000000000012,-0.5189000000000001,-25.715400000000002,0,1,1,100.0
55,42.0,1,20.0,0.25999999999999945,6,2,6.360399999999999,0.004920000000000004,-0.48506,0.21953999999999932,41.0,25.8522,0,17.259999999999998,1641.0,102.0,4.7392,-0.08480000000000001,-1.0226,-0.09259999999999999,-2.1734000000000004,-0.5259999999999999,-24.719800000000003,0,1,1,100.0
55,43.0,1,20.0,0.7900000000000006,6,2,6.3816,0.0006799999999999953,-0.5279900000000001,0.8709100000000007,41.0,25.836299999999998,0,17.79,1641.0,102.0,4.166799999999999,-0.07419999999999999,-1.0279,-0.09790000000000001,-1.6910999999999996,-0.5790000000000001,-23.2517,0,1,1,100.0
55,44.0,1,20.0,0.6800000000000012,6,2,6.3868,-0.0038799999999999902,-0.5590799999999999,1.377639999999999,41.0,25.8172,0,17.68,1641.0,102.0,3.620000000000001,-0.06360000000000003,-1.03,-0.1,-1.1320000000000012,-0.7087999999999995,-21.300400000000007,0,1,1,100.0
55,45.0,1,20.0,0.14999999999999997,6,2,6.3815,-0.008650000000000001,-0.5824,1.78945,41.0,25.796,0,17.15,1641.0,102.0,3.09,-0.053000000000000005,-1.03,-0.1,-0.5225000000000001,-0.8889999999999999,-19.032,0,1,1,100.0
55,46.0,1,20.0,1.0,6,2,6.2782,-0.022039999999999987,-0.5581600000000005,3.088359999999999,41.0,25.6934,0,18.0,1641.0,102.0,1.7298000000000011,-0.03240000000000003,-1.04,-0.11,1.5371999999999977,-1.8201999999999987,-10.351000000000012,0,1,1,100.0
55,47.0,1,20.0,1.0,6,2,6.2199,-0.026279999999999994,-0.38962000000000013,3.4445199999999994,41.0,25.656299999999998,0,18.0,1641.0,102.0,1.3111000000000004,-0.02180000000000001,-1.04,-0.11,2.3003999999999993,-2.2388999999999997,-6.879500000000004,0,1,1,100.0
55,48.0,1,20.0,1.0,6,2,6.144,-0.02744,-0.1458400000000011,3.3866400000000008,41.0,25.65,0,18.0,1641.0,102.0,0.9364000000000016,-0.015600000000000024,-1.0444,-0.11,3.054799999999997,-2.710399999999998,-3.1132000000000164,0,1,1,100.0
55,49.0,1,20.0,1.0,6,2,6.0645,-0.02797,0.11332999999999945,3.2440700000000007,41.0,25.65,0,18.0,1641.0,102.0,0.5707000000000009,-0.010300000000000012,-1.0497,-0.11,3.8073999999999986,-3.192699999999999,0.7133999999999915,0,1,1,100.0
55,50.0,1,20.0,1.0,6,2,5.975,-0.0255,0.29450000000000004,2.8510000000000004,41.0,25.685,0,18.0,1641.0,102.0,0.255,-0.005,-1.06,-0.11,4.5,-3.6799999999999997,4.76,0,1,1,100.0
55,51.0,1,20.0,1.0,6,2,5.8839999999999995,-0.022849999999999995,0.45700999999999986,2.4461099999999996,41.0,25.722099999999998,0,18.0,1641.0,102.0,-0.054400000000000545,0.00030000000000001136,-1.0703,-0.11,5.182700000000001,-4.1652000000000005,8.828800000000008,0,1,1,100.0
55,52.0,1,20.0,1.0,6,2,5.7780000000000005,-0.020200000000000017,0.3865200000000005,2.0947200000000024,41.0,25.7592,0,18.0,1641.0,102.0,-0.30879999999999835,0.005599999999999966,-1.0756000000000001,-0.11,5.760399999999996,-4.610399999999998,13.047599999999973,0,1,1,100.0
55,53.0,1,20.0,1.0,6,2,5.672900000000001,-0.017460000000000014,0.3324999999999999,1.7466600000000014,41.0,25.793599999999998,0,18.0,1641.0,102.0,-0.5514999999999992,0.010899999999999977,-1.0818,-0.10910000000000003,6.310199999999998,-5.045699999999998,17.283499999999982,0,1,1,100.0
55,54.0,1,20.0,1.0,6,2,5.5722000000000005,-0.014280000000000006,0.35899999999999993,1.4148800000000008,41.0,25.814799999999998,0,18.0,1641.0,102.0,-0.7369999999999995,0.01619999999999999,-1.0924,-0.10380000000000002,6.7235999999999985,-5.432599999999999,21.60299999999999,0,1,1,100.0
55,55.0,1,20.0,1.0,6,2,5.4715,-0.01125,0.37995,1.0969,41.0,25.83,0,18.0,1641.0,102.0,-0.8985,0.02,-1.1030000000000002,-0.1,7.085999999999999,-5.8045,25.9405,0,1,1,100.0
55,56.0,1,20.0,1.0,6,2,5.370799999999999,-0.008599999999999995,0.38684,0.8138799999999994,41.0,25.83,0,18.0,1641.0,102.0,-0.9992000000000003,0.02,-1.1136000000000001,-0.1,7.3192,-6.138400000000001,30.32360000000001,0,1,1,100.0
55,57.0,1,20.0,1.0,6,2,5.2932,-0.006685000000000005,0.3592900000000005,0.5943850000000008,41.0,25.83315,0,18.0,1641.0,102.0,-1.0621,0.02,-1.1221,-0.1,7.46735,-6.399849999999999,33.835199999999986,0,1,1,100.0
55,58.0,1,20.0,1.0,6,2,5.2508,-0.005890000000000004,0.27926000000000034,0.47169000000000055,41.0,25.841099999999997,0,18.0,1641.0,102.0,-1.0674000000000001,0.02,-1.1274,-0.1,7.4859,-6.5508999999999995,36.01879999999999,0,1,1,100.0
55,59.0,1,20.0,1.0,6,2,5.2084,-0.0050950000000000014,0.19923000000000016,0.3489950000000003,41.0,25.84905,0,18.0,1641.0,102.0,-1.0727,0.02,-1.1327,-0.1,7.50445,-6.70195,38.2024,0,1,1,100.0
55,60.0,1,20.0,1.0,6,2,5.166,-0.0043,0.11919999999999997,0.2263,41.0,25.857,0,18.0,1641.0,102.0,-1.078,0.02,-1.138,-0.1,7.523000000000001,-6.853,40.386,0,1,1,100.0
55,61.0,1,20.0,1.0,6,2,5.0069,0.00033000000000000114,0.11010999999999974,-0.3221200000000001,41.0,25.86,0,18.0,1641.0,102.0,-0.8574999999999997,0.01669999999999999,-1.1633,-0.09,7.1216,-7.6115,51.51950000000001,0,1,1,100.0
55,62.0,1,20.0,1.0,6,2,4.9698,0.0008599999999999966,-0.013379999999999188,-0.3560399999999998,41.0,25.86,0,18.0,1641.0,102.0,-0.7250000000000008,0.011400000000000035,-1.1685999999999999,-0.09,6.867200000000001,-7.902999999999999,55.308999999999976,0,1,1,100.0
55,63.0,1,20.0,1.0,6,2,4.9561,0.001,-0.028450000000000104,-0.2932400000000004,41.0,25.86,0,18.0,1641.0,102.0,-0.5730000000000006,0.01,-1.17,-0.09,6.558200000000001,-8.245199999999999,58.52129999999999,0,1,1,100.0
55,64.0,1,20.0,1.0,6,2,4.9508,0.001,-0.004600000000000054,-0.1957200000000002,41.0,25.86,0,18.0,1641.0,102.0,-0.41400000000000037,0.01,-1.17,-0.09,6.2296000000000005,-8.605599999999999,61.52639999999999,0,1,1,100.0
55,65.0,1,20.0,1.0,6,2,4.9635,0.000775,-0.019450000000000002,-0.130825,41.0,25.86,0,18.0,1641.0,102.0,-0.3315,0.00775,-1.17,-0.09,6.027,-8.858,62.796749999999996,0,1,1,100.0
55,66.0,1,20.0,1.0,6,2,4.9794,0.0005099999999999994,-0.04118000000000005,-0.07172999999999986,41.0,25.86,0,18.0,1641.0,102.0,-0.26259999999999983,0.005099999999999994,-1.17,-0.09,5.846799999999999,-9.0912,63.7587,0,1,1,100.0
55,67.0,1,20.0,1.0,6,2,4.995299999999999,0.00024500000000000167,-0.06290999999999987,-0.012635000000000372,41.0,25.86,0,18.0,1641.0,102.0,-0.19370000000000043,0.0024500000000000173,-1.17,-0.09,5.666600000000001,-9.324399999999997,64.72064999999999,0,1,1,100.0
55,68.0,1,20.0,0.9600000000000023,6,2,5.1692,-0.0010799999999999955,-0.14688000000000007,0.34651999999999966,41.0,25.86,0,17.96,1641.0,102.0,0.040799999999999954,0.0,-1.1492,-0.08,4.806000000000002,-10.721999999999998,66.686,0,1,1,100.0
55,69.0,1,20.0,0.4300000000000011,6,2,5.291099999999999,-0.002139999999999998,-0.13204000000000002,0.43290999999999985,41.0,25.86,0,17.43,1641.0,102.0,0.051399999999999973,0.0,-1.1385999999999998,-0.08,4.488000000000001,-11.411,65.83800000000001,0,1,1,100.0
55,70.0,1,20.0,0.1,6,2,5.422,-0.0031,-0.1236,0.5202,41.0,25.86,0,17.1,1641.0,102.0,0.047,0.0,-1.127,-0.08,4.179,-12.099,64.71600000000001,0,1,1,100.0
55,71.0,1,20.0,0.6300000000000012,6,2,5.591600000000001,-0.0036300000000000013,-0.14268000000000003,0.6113600000000002,41.0,25.86,0,17.630000000000003,1641.0,102.0,-0.021900000000000155,0.0,-1.1111,-0.08,3.9086999999999996,-12.782700000000002,62.4158,0,1,1,100.0
55,72.0,1,20.0,1.0,6,2,5.742799999999999,-0.004159999999999997,-0.1471200000000002,0.67852,41.0,25.86,0,18.0,1641.0,102.0,-0.09159999999999954,0.000799999999999983,-1.0976000000000001,-0.08,3.684000000000001,-13.341599999999998,60.26360000000001,0,1,1,100.0
55,73.0,1,20.0,1.0,6,2,5.85145,-0.004689999999999998,-0.11770500000000013,0.69018,41.0,25.86,0,18.0,1641.0,102.0,-0.1631499999999997,0.0034499999999999887,-1.08965,-0.08,3.5647500000000005,-13.611899999999999,58.45365000000001,0,1,1,100.0
55,74.0,1,20.0,1.0,6,2,5.9601,-0.005219999999999999,-0.08829000000000006,0.70184,41.0,25.86,0,18.0,1641.0,102.0,-0.23469999999999988,0.006099999999999994,-1.0817,-0.08,3.4455000000000005,-13.8822,56.6437,0,1,1,100.0
55,75.0,1,20.0,1.0,6,2,6.0687500000000005,-0.00575,-0.058875,0.7135,41.0,25.86,0,18.0,1641.0,102.0,-0.30625,0.00875,-1.07375,-0.08,3.32625,-14.1525,54.833749999999995,0,1,1,100.0
55,76.0,1,20.0,1.0,6,2,6.2544,-0.006,-0.038279999999999974,0.73468,41.0,25.86,0,18.0,1641.0,102.28,-0.44360000000000044,0.01,-1.0588,-0.07719999999999999,3.1551999999999993,-14.3976,51.487999999999985,0,1,1,100.0
55,77.0,1,20.0,1.0,1,5,6.508799999999998,-0.006,-0.025560000000000083,0.7643599999999998,41.0,25.86,0,18.0,1641.0,102.81,-0.6396999999999987,0.01,-1.0376,-0.07190000000000003,2.9379000000000013,-14.620199999999999,46.77100000000003,0,1,1,100.0
55,78.0,1,20.0,0.0,1,5,7.3405999999999985,-0.01993999999999991,-1.1172999999999924,0.2137200000000036,41.0,25.8062,0,19.0,1641.0,103.0,-1.1077999999999997,0.02,-0.9864,-0.07,2.337600000000001,-13.333600000000004,31.030600000000025,0,1,1,100.0
55,79.0,1,20.0,0.0,1,5,7.6533,-0.04166999999999996,-2.916649999999996,-0.6300399999999983,41.0,25.7691,0,19.0,1641.0,103.0,-1.1978999999999997,0.02,-0.9652000000000001,-0.07,2.1468000000000003,-12.294800000000002,25.24830000000001,0,1,1,100.0
55,80.0,1,20.0,0.0,1,5,7.974,-0.06620000000000001,-3.1496,-1.1822,41.0,25.732000000000003,0,19.0,1641.0,103.0,-1.156,0.02,-0.948,-0.07,1.992,-10.812,19.482,0,1,1,100.0
55,81.0,1,20.0,0.0,1,5,8.2973,-0.09164000000000005,-2.8734699999999997,-1.639590000000001,41.0,25.6949,0,19.0,1641.0,103.0,-1.0712,0.02,-0.9321,-0.07,1.8488999999999998,-9.184899999999997,13.720899999999988,0,1,1,100.0
55,82.0,1,20.0,0.0,1,5,8.629799999999998,-0.11201999999999988,-2.559620000000002,-2.0900799999999973,41.0,25.6578,0,19.0,1641.0,103.0,-0.7794000000000021,0.015400000000000035,-0.9208000000000001,-0.07459999999999997,1.7518000000000007,-7.2358000000000136,8.143800000000036,0,1,1,100.0
55,83.0,1,20.0,0.0,1,5,8.9637,-0.1316299999999999,-2.2400300000000013,-2.5395199999999982,41.0,25.620700000000003,0,19.0,1641.0,103.0,-0.45610000000000134,0.010100000000000022,-0.9102000000000001,-0.07989999999999998,1.6617000000000004,-5.237700000000008,2.594700000000023,0,1,1,100.0
55,84.0,1,20.0,0.0,1,6,9.2872,-0.14759999999999998,-1.9833600000000005,-2.8922399999999993,41.0,25.5784,0,19.0,1641.0,103.0,0.1323999999999988,-0.00039999999999997725,-0.8996000000000001,-0.08,1.6184,-3.1564000000000045,-2.611199999999989,0,1,1,100.0
55,85.0,1,20.0,0.0,1,6,9.6085,-0.16305,-1.72735,-3.24285,41.0,25.5365,0,19.0,1641.0,103.0,0.7515000000000001,-0.0115,-0.889,-0.0805,1.5790000000000002,-1.0935000000000001,-7.7675,0,1,1,100.0
55,86.0,1,20.0,0.0,1,6,9.9106,-0.17418000000000003,-1.4660599999999995,-3.5910600000000006,41.0,25.499399999999998,0,19.0,1641.0,103.0,1.6154000000000017,-0.027400000000000035,-0.8784,-0.08580000000000002,1.5684,0.7774000000000039,-12.51100000000001,0,1,1,100.0
55,87.0,1,20.0,0.0,1,6,10.17915,-0.18387999999999996,-1.2399150000000005,-3.9075899999999986,41.0,25.464499999999997,0,19.0,1641.0,103.0,2.415499999999996,-0.04164999999999995,-0.8694500000000001,-0.09109999999999996,1.5567000000000002,2.411799999999995,-16.712749999999986,0,1,1,100.0
55,88.0,1,20.0,0.0,1,6,10.3196,-0.18811999999999998,-1.1479600000000003,-4.103159999999999,41.0,25.438,0,19.0,1641.0,103.0,2.9719999999999978,-0.04959999999999997,-0.8668,-0.09639999999999997,1.5408000000000002,3.1431999999999967,-18.84599999999999,0,1,1,100.0
55,89.0,1,20.0,0.0,1,6,10.460049999999999,-0.19236,-1.056005,-4.29873,41.0,25.4115,0,19.0,1641.0,103.0,3.528499999999999,-0.05754999999999999,-0.86415,-0.10169999999999998,1.5249000000000001,3.874599999999998,-20.979249999999997,0,1,1,100.0
55,90.0,1,20.0,0.0,1,6,10.6005,-0.1966,-0.96405,-4.4943,41.0,25.385,0,19.0,1641.0,103.0,4.085,-0.0655,-0.8614999999999999,-0.107,1.509,4.606,-23.1125,0,1,1,100.0
55,91.0,1,20.0,0.0,1,6,10.7835,-0.20176000000000002,-0.8853199999999999,-4.712180000000001,41.0,25.3539,0,19.0,1641.0,103.0,4.963500000000003,-0.07690000000000004,-0.8577,-0.11230000000000001,1.4747,5.429400000000002,-25.92310000000001,0,1,1,100.0
55,92.0,1,20.0,0.0,1,6,11.021999999999998,-0.20811999999999994,-0.8238400000000005,-4.959159999999998,41.0,25.3168,0,19.0,1641.0,103.0,6.261999999999992,-0.09279999999999991,-0.8524,-0.11759999999999997,1.4164000000000003,6.372799999999994,-29.617199999999976,0,1,1,100.0
55,93.0,1,20.0,0.0,1,6,11.5406,-0.218435,-0.3684900000000005,-5.673399999999999,41.0,25.21405,0,19.0,1641.0,103.0,9.934549999999996,-0.14579999999999996,-0.84855,-0.13144999999999998,0.9054500000000009,7.6674,-37.69669999999999,0,1,1,100.0
55,94.0,1,20.0,0.0,1,6,11.614799999999999,-0.21923,-0.25242000000000026,-5.8111999999999995,41.0,25.1849,0,19.0,1641.0,103.0,10.673899999999998,-0.15639999999999998,-0.8459,-0.1341,0.6961000000000005,7.6992,-38.87859999999999,0,1,1,100.0
55,95.0,1,20.0,0.0,1,6,11.689,-0.220025,-0.13635,-5.949,41.0,25.15575,0,19.0,1641.0,103.0,11.41325,-0.167,-0.8432499999999999,-0.13675,0.48675,7.731,-40.0605,0,1,1,100.0
55,96.0,1,20.0,0.0,1,6,11.7632,-0.22082,-0.020280000000001002,-6.086799999999999,41.0,25.1266,0,19.0,1641.0,103.0,12.152599999999994,-0.1775999999999999,-0.8406,-0.1394,0.2774000000000018,7.7627999999999995,-41.24239999999999,0,1,1,100.0
55,97.0,1,20.0,0.0,1,6,11.9928,-0.223,-0.12202999999999974,-6.39886,41.0,25.0613,0,19.0,1641.0,103.0,16.20830000000001,-0.2464000000000001,-0.84,-0.16,-1.6483000000000037,7.015599999999998,-45.196000000000005,0,1,1,100.0
55,98.0,1,20.0,0.0,1,6,12.0352,-0.223,-0.06002000000000026,-6.529239999999999,41.0,25.0242,0,19.0,1641.0,103.0,17.602199999999996,-0.26759999999999995,-0.84,-0.16,-2.512199999999996,6.570400000000001,-46.044,0,1,1,100.0
55,99.0,1,20.0,0.0,1,6,12.0353,-0.22206,0.25108999999999565,-7.028569999999993,41.0,24.9354,0,19.0,1641.0,103.0,18.69999999999999,-0.2887999999999997,-0.8493999999999998,-0.16,-3.3243999999999896,6.261500000000003,-46.1353,0,1,1,100.0
55,100.0,1,20.0,0.0,3,7,12.03,-0.221,0.594,-7.575,41.0,24.84,0,19.0,1641.0,103.0,19.76,-0.31,-0.86,-0.16,-4.13,5.97,-46.13,0,1,1,100.0
61,0.0,1,20.0,0.0,0,1,7.72,-0.088,0.707,-2.905,40.0,25.72,0,19.0,1641.0,108.0,14.88,-0.29,-1.08,-0.02,3.8,19.99,-0.68,0,1,1,100.0
61,1.0,1,20.0,0.0,0,1,7.5363999999999995,-0.088,0.707,-2.905,40.0,25.72,0,29.8,1641.0,108.0,14.674800000000001,-0.2846,-1.08,-0.0146,3.3032,18.7102,0.7834000000000001,0,1,1,100.0
61,2.0,1,20.0,0.0,0,1,7.3552,-0.088,0.707,-2.905,40.0,25.72,0,40.6,1641.0,108.0,14.4744,-0.2792,-1.08,-0.01,2.8,17.3792,2.1364,0,1,1,100.0
61,3.0,1,20.0,0.0,0,1,7.1878,-0.088,0.707,-2.905,40.0,25.72,0,51.400000000000006,1641.0,108.0,14.3016,-0.27380000000000004,-1.08,-0.01,2.26,15.7538,2.8546,0,1,1,100.0
61,4.0,1,20.0,0.0,0,1,7.0492,-0.088,0.707,-2.905,40.0,25.72,0,60.6,1641.0,108.0,14.154399999999999,-0.27,-1.08,-0.01,1.7983999999999998,14.3492,3.3832,0,1,1,100.0
61,5.0,1,20.0,0.0,0,1,6.979,-0.088,0.707,-2.905,40.0,25.72,0,66.0,1641.0,108.0,14.068,-0.27,-1.08,-0.01,1.523,13.469,3.4615,0,1,1,100.0
61,6.0,1,20.0,0.0,0,1,6.908799999999999,-0.088,0.707,-2.905,40.0,25.72,0,71.4,1641.0,108.0,13.9816,-0.27,-1.08,-0.01,1.2475999999999996,12.588799999999999,3.5398,0,1,1,100.0
61,7.0,1,20.0,0.0,0,1,6.8386,-0.088,0.707,-2.905,40.0,25.72,0,76.80000000000001,1641.0,108.0,13.895199999999999,-0.27,-1.08,-0.01,0.9721999999999996,11.708599999999999,3.6181,0,1,1,100.0
61,8.0,1,20.0,0.0,0,1,6.7364,-0.07807999999999998,2.2340400000000016,-1.975399999999999,40.0,25.7872,0,54.99999999999998,1641.0,108.0,13.751199999999999,-0.26680000000000004,-1.08,-0.01,0.5559999999999997,10.357999999999999,3.6084,0,1,1,100.0
61,9.0,1,20.0,0.0,0,1,6.6122,-0.06133999999999999,4.810920000000001,-0.40669999999999956,40.0,25.9006,0,14.49999999999999,1641.0,108.0,13.567599999999999,-0.2614,-1.08,-0.01,0.042999999999999844,8.684,3.5382,0,1,1,100.0
61,10.0,1,20.0,0.0,0,1,6.344,-0.0574,-0.0956,0.0,40.0,25.86,0,4.0,1641.0,108.0,12.98,-0.246,-1.07,-0.01,-1.158,4.694,3.274,0,1,1,100.0
61,11.0,1,20.0,0.0,0,1,6.2684,-0.057940000000000005,-0.15176000000000006,0.0,40.0,25.86,0,4.0,1641.0,108.0,12.764,-0.24059999999999998,-1.07,-0.01,-1.5198000000000005,3.5113999999999987,3.1984,0,1,1,100.0
61,12.0,1,20.0,0.0,0,1,6.212,-0.05944000000000001,-0.09463999999999985,0.0,40.0,25.86,0,4.0,1641.0,108.0,12.543199999999999,-0.2352,-1.0652000000000001,-0.01,-1.8096000000000008,2.573599999999998,3.166,0,1,1,100.0
61,13.0,1,20.0,0.0,0,1,6.159,-0.06098,-0.025199999999999986,0.0,40.0,25.86,0,4.0,1641.0,108.0,12.3218,-0.2298,-1.0598,-0.010200000000000002,-2.0884,1.6757999999999995,3.14,0,1,1,100.0
61,14.0,1,20.0,0.0,0,1,6.132000000000001,-0.06044,-0.0035999999999999643,0.0,40.0,25.86,0,4.0,1641.0,108.0,12.1004,-0.2244,-1.0544,-0.01560000000000001,-2.3152000000000004,1.0223999999999989,3.14,0,1,1,100.0
61,15.0,1,20.0,0.0,0,1,6.1080000000000005,-0.06,0.0188,0.0,40.0,25.86,0,4.0,1641.0,108.0,11.879999999999999,-0.219,-1.05,-0.02,-2.532,0.41,3.133,0,1,1,100.0
61,16.0,1,20.0,0.0,0,1,6.0972,-0.06,0.04472000000000003,0.0,40.0,25.86,0,4.0,1641.0,108.0,11.664,-0.21359999999999998,-1.05,-0.02,-2.7048,-0.022000000000000474,3.0951999999999997,0,1,1,100.0
61,17.0,1,20.0,0.0,0,1,6.0908999999999995,-0.05982,0.09080000000000019,0.0,40.0,25.86,0,4.0,1641.0,108.0,11.486699999999999,-0.21,-1.0491000000000001,-0.020900000000000005,-2.8416,-0.35140000000000027,3.0475,0,1,1,100.0
61,18.0,1,20.0,0.0,0,1,6.0935999999999995,-0.05928,0.17720000000000005,0.0,40.0,25.86,0,4.0,1641.0,108.0,11.3868,-0.21,-1.0464,-0.0236,-2.9064,-0.4756000000000001,2.98,0,1,1,100.0
61,19.0,1,20.0,0.0,0,1,6.096299999999999,-0.05874,0.26360000000000017,0.0,40.0,25.86,0,4.0,1641.0,108.0,11.2869,-0.21,-1.0437,-0.026300000000000004,-2.9712,-0.5998000000000002,2.9124999999999996,0,1,1,100.0
61,20.0,1,20.0,0.0,0,1,6.098999999999999,-0.0582,0.35,0.0,40.0,25.86,0,4.0,1641.0,108.0,11.187000000000001,-0.21,-1.041,-0.028999999999999998,-3.036,-0.724,2.8449999999999998,0,1,1,100.0
61,21.0,1,20.0,0.0,0,1,6.1136,-0.056299999999999996,0.37418,0.0,40.0,25.86,0,4.0,1641.0,108.0,11.031,-0.2066,-1.04,-0.03,-3.1212000000000004,-0.8380000000000001,2.6329999999999996,0,1,1,100.0
61,22.0,1,20.0,0.0,0,1,6.135199999999999,-0.053599999999999995,0.36175999999999997,0.0,40.0,25.86,0,4.0,1641.0,108.0,10.842,-0.2012,-1.04,-0.03,-3.2184000000000004,-0.9460000000000002,2.3359999999999994,0,1,1,100.0
61,23.0,1,20.0,0.0,0,1,6.1652,-0.05132,0.33842,0.0,40.0,25.86,0,4.0,1641.0,108.0,10.657200000000001,-0.1958,-1.0358,-0.03,-3.2946000000000004,-0.9658,1.8835999999999997,0,1,1,100.0
61,24.0,1,20.0,0.0,0,1,6.1976,-0.049159999999999995,0.3119599999999999,0.0,40.0,25.86,0,4.0,1641.0,108.0,10.4736,-0.19039999999999999,-1.0304,-0.03,-3.3648000000000002,-0.9603999999999999,1.386799999999998,0,1,1,100.0
61,25.0,1,20.0,0.25,0,1,6.2924999999999995,-0.0435,0.35475,0.0,40.0,25.86,0,4.25,1641.0,108.0,10.040000000000001,-0.18,-1.0275,-0.04,-3.5,-0.71,-0.3225,0,1,1,100.0
61,26.0,1,20.0,0.5200000000000004,0,1,6.3168,-0.04188,0.4214400000000001,0.0,40.0,25.86,0,4.5200000000000005,1641.0,108.0,9.9428,-0.18,-1.0248,-0.04,-3.5216,-0.6344,-0.7464000000000004,0,1,1,100.0
61,27.0,1,20.0,0.7900000000000006,0,1,6.3411,-0.04026,0.4881300000000002,0.0,40.0,25.86,0,4.790000000000001,1641.0,108.0,9.8456,-0.18,-1.0221,-0.04,-3.5432,-0.5587999999999999,-1.1703000000000008,0,1,1,100.0
61,28.0,1,20.0,1.0,0,1,6.472,-0.03027999999999999,0.41024,0.0,40.0,25.86,0,5.0,1641.0,108.0,9.339599999999999,-0.1688,-1.02,-0.04120000000000002,-3.6236,-0.15279999999999946,-3.5576000000000034,0,1,1,100.0
61,29.0,1,20.0,1.0,0,1,6.526,-0.027039999999999988,0.41131999999999996,0.0,40.0,25.86,0,5.0,1641.0,108.0,9.1128,-0.1634,-1.02,-0.04660000000000002,-3.6398,0.014600000000000701,-4.626800000000005,0,1,1,100.0
61,30.0,1,20.0,1.0,0,1,6.58,-0.0234,0.4774,0.0,40.0,25.86,0,5.0,1641.0,108.0,8.878,-0.158,-1.02,-0.05,-3.64,0.174,-5.7059999999999995,0,1,1,100.0
61,31.0,1,20.0,1.0,6,2,6.634,-0.019079999999999996,0.6539800000000001,0.0,40.0,25.86,0,5.0,1641.0,108.0,8.6296,-0.15259999999999999,-1.02,-0.05,-3.613,0.3198000000000002,-6.802200000000001,0,1,1,100.0
61,32.0,1,20.0,0.7199999999999989,6,2,6.6852,-0.015599999999999996,0.9056000000000007,-0.03668000000000015,40.0,25.86,0,8.640000000000015,1641.0,108.0,8.3728,-0.1472,-1.02,-0.05,-3.5608,0.4432000000000002,-7.909600000000003,0,1,1,100.0
61,33.0,1,20.0,0.17999999999999824,6,2,6.7338000000000005,-0.012899999999999991,1.226900000000001,-0.10742000000000022,40.0,25.86,0,15.660000000000023,1641.0,108.0,8.108199999999998,-0.14179999999999998,-1.02,-0.05,-3.4852,0.5458000000000003,-9.027400000000004,0,1,1,100.0
61,34.0,1,20.0,0.0,6,2,6.7596,-0.011279999999999995,1.2361999999999995,-0.15368000000000015,40.0,25.86,0,18.0,1641.0,108.0,7.957599999999999,-0.1388,-1.02,-0.05120000000000001,-3.4335999999999998,0.6004,-9.642400000000002,0,1,1,100.0
61,35.0,1,20.0,0.0,6,2,6.774,-0.0102,1.0895000000000001,-0.1877,40.0,25.86,0,18.0,1641.0,108.0,7.864,-0.137,-1.02,-0.053,-3.394,0.631,-10.006,0,1,1,100.0
61,36.0,1,20.0,0.0,6,2,6.7884,-0.00912,0.9427999999999999,-0.22172000000000003,40.0,25.86,0,18.0,1641.0,108.0,7.7703999999999995,-0.13520000000000001,-1.02,-0.0548,-3.3544,0.6616,-10.3696,0,1,1,100.0
61,37.0,1,20.0,0.0,6,2,6.8028,-0.008039999999999999,0.7960999999999997,-0.2557400000000001,40.0,25.86,0,18.0,1641.0,108.0,7.6768,-0.1334,-1.02,-0.056600000000000004,-3.3148,0.6922,-10.7332,0,1,1,100.0
61,38.0,1,20.0,0.0,6,2,6.8172,-0.006959999999999997,0.6493999999999995,-0.28976000000000013,40.0,25.86,0,18.0,1641.0,108.0,7.5832,-0.1316,-1.02,-0.05840000000000001,-3.2752,0.7228000000000001,-11.096800000000002,0,1,1,100.0
61,39.0,1,20.0,0.9399999999999977,6,2,6.9318,0.004360000000000014,0.3160199999999999,-1.187840000000001,40.0,25.83,0,18.939999999999998,1641.0,108.0,6.4075999999999995,-0.11,-1.02,-0.06,-2.576599999999999,1.1556000000000004,-15.117600000000003,0,1,1,100.0
61,40.0,1,20.0,0.39999999999999997,6,2,6.9479999999999995,0.007600000000000001,0.29819999999999997,-1.4384000000000001,40.0,25.83,0,18.4,1641.0,108.0,6.1160000000000005,-0.11,-1.02,-0.06,-2.366,1.2959999999999998,-15.905999999999999,0,1,1,100.0
61,41.0,1,20.0,0.14000000000000057,6,2,6.9586,0.010560000000000002,0.2794,-1.6578800000000002,40.0,25.824399999999997,0,18.14,1641.0,108.0,5.8202,-0.1086,-1.02,-0.0614,-2.1498,1.4420000000000002,-16.6524,0,1,1,100.0
61,42.0,1,20.0,0.6800000000000012,6,2,6.9532,0.012720000000000006,0.2577999999999999,-1.7885600000000004,40.0,25.802799999999998,0,18.68,1641.0,108.0,5.5123999999999995,-0.10319999999999999,-1.02,-0.06680000000000001,-1.9175999999999995,1.6040000000000003,-17.2788,0,1,1,100.0
61,43.0,1,20.0,1.0,6,2,6.9434000000000005,0.014440000000000003,0.2069399999999997,-1.8924000000000003,40.0,25.79,0,19.0,1641.0,108.0,5.193599999999999,-0.09559999999999998,-1.02,-0.07,-1.6787999999999992,1.7638000000000005,-17.8084,0,1,1,100.0
61,44.0,1,20.0,1.0,6,2,6.9272,0.015520000000000004,0.11351999999999961,-1.9572000000000003,40.0,25.79,0,19.0,1641.0,108.0,4.858799999999999,-0.08479999999999996,-1.02,-0.07,-1.430399999999999,1.9204000000000006,-18.197200000000002,0,1,1,100.0
61,45.0,1,20.0,1.0,6,2,6.911,0.01585,0.03974999999999969,-1.9456499999999997,40.0,25.79,0,19.0,1641.0,108.0,4.606499999999999,-0.07849999999999999,-1.0215,-0.07,-1.2389999999999992,2.0200000000000005,-18.379,0,1,1,100.0
61,46.0,1,20.0,1.0,6,2,6.8948,0.01558,-0.01830000000000006,-1.87302,40.0,25.79,0,19.0,1641.0,108.0,4.4201999999999995,-0.0758,-1.0242,-0.07,-1.0932,2.074,-18.3952,0,1,1,100.0
61,47.0,1,20.0,1.0,6,2,6.8786000000000005,0.015309999999999999,-0.07635000000000011,-1.80039,40.0,25.79,0,19.0,1641.0,108.0,4.233899999999999,-0.0731,-1.0269,-0.07,-0.9473999999999997,2.128,-18.4114,0,1,1,100.0
61,48.0,1,20.0,1.0,6,2,6.8624,0.015039999999999998,-0.1344000000000005,-1.7277599999999995,40.0,25.79,0,19.0,1641.0,108.0,4.047599999999998,-0.07039999999999998,-1.0296,-0.07,-0.8015999999999988,2.1820000000000004,-18.427599999999998,0,1,1,100.0
61,49.0,1,20.0,1.0,6,2,6.837,0.013849999999999994,-0.1816400000000002,-1.5702599999999993,40.0,25.7992,0,19.0,1641.0,108.0,3.842899999999999,-0.0677,-1.03,-0.07,-0.6281999999999993,2.1946,-18.234499999999997,0,1,1,100.0
61,50.0,1,20.0,1.0,6,2,6.81,0.0125,-0.227,-1.3980000000000001,40.0,25.81,0,19.0,1641.0,108.0,3.635,-0.065,-1.03,-0.07,-0.45,2.2,-18.005,0,1,1,100.0
61,51.0,1,20.0,1.0,6,2,6.7829999999999995,0.011149999999999992,-0.27236000000000027,-1.225739999999999,40.0,25.8208,0,19.0,1641.0,108.0,3.4270999999999985,-0.06229999999999998,-1.03,-0.07,-0.2717999999999989,2.2054,-17.775499999999997,0,1,1,100.0
61,52.0,1,20.0,1.0,6,2,6.627999999999999,0.0025999999999999942,-0.3426000000000001,0.07164000000000104,40.0,25.857599999999998,0,19.0,1641.0,108.0,2.376799999999999,-0.03919999999999999,-1.0308,-0.08,0.7404000000000011,1.9939999999999993,-15.298399999999997,0,1,1,100.0
61,53.0,1,20.0,1.0,6,2,6.547,-0.00010000000000002275,-0.3939000000000004,0.5619600000000041,40.0,25.8414,0,19.0,1641.0,108.0,1.9501999999999964,-0.033799999999999955,-1.0362,-0.08,1.215600000000004,1.750999999999998,-13.532599999999984,0,1,1,100.0
61,54.0,1,20.0,1.0,6,2,6.278,-0.007,-0.13963999999999938,1.0299199999999995,40.0,25.834799999999998,0,19.0,1641.0,108.0,0.7879999999999985,-0.016799999999999954,-1.0516,-0.08,2.4708000000000014,0.6655999999999975,-7.081999999999987,0,1,1,100.0
61,55.0,1,20.0,1.0,6,2,6.17,-0.007,0.006700000000000022,0.8744000000000001,40.0,25.851,0,19.0,1641.0,108.0,0.4100000000000001,-0.006,-1.057,-0.08,2.811,0.07700000000000007,-4.22,0,1,1,100.0
61,56.0,1,20.0,1.0,6,2,6.0596,-0.006519999999999994,0.10480000000000024,0.7068799999999988,40.0,25.8528,0,19.0,1641.0,108.0,0.05599999999999793,0.002400000000000034,-1.0624,-0.08,3.076800000000001,-0.5884000000000048,-1.1707999999999792,0,1,1,100.0
61,57.0,1,20.0,1.0,6,2,5.9462,-0.005439999999999998,0.1426000000000001,0.5243599999999996,40.0,25.836599999999997,0,19.0,1641.0,108.0,-0.26800000000000074,0.007800000000000012,-1.0678,-0.08,3.2496,-1.3498000000000014,2.1124000000000067,0,1,1,100.0
61,58.0,1,20.0,1.0,6,2,5.8264,-0.004359999999999991,0.15928000000000003,0.3587999999999987,40.0,25.83,0,19.0,1641.0,108.0,-0.544000000000002,0.013200000000000045,-1.0764000000000002,-0.08,3.3071999999999995,-2.229600000000008,5.56520000000003,0,1,1,100.0
61,59.0,1,20.0,1.0,6,2,5.7021999999999995,-0.0032799999999999956,0.16144,0.20489999999999933,40.0,25.83,0,19.0,1641.0,108.0,-0.787000000000001,0.018600000000000023,-1.0872000000000002,-0.08,3.2855999999999996,-3.190800000000004,9.134600000000015,0,1,1,100.0
61,60.0,1,20.0,1.0,6,2,5.582,-0.0022,0.1496,0.033,40.0,25.842,0,19.0,1641.0,108.0,-0.9540000000000001,0.02,-1.094,-0.084,3.108,-4.304,12.784,0,1,1,100.0
61,61.0,1,20.0,1.0,6,2,5.4632,-0.0011199999999999932,0.1328599999999999,-0.14520000000000113,40.0,25.8582,0,19.0,1641.0,108.0,-1.094400000000001,0.02,-1.0994000000000002,-0.08940000000000003,2.8757999999999986,-5.470400000000007,16.461400000000022,0,1,1,100.0
61,62.0,1,20.0,1.0,6,2,5.3492,-0.0005199999999999989,0.06667999999999985,-0.1626,40.0,25.86,0,19.0,1641.0,108.0,-1.1484,0.02,-1.1096000000000001,-0.09,2.499599999999999,-6.833600000000002,20.06200000000001,0,1,1,100.0
61,63.0,1,20.0,1.0,6,2,5.2381,-1.0000000000002274e-05,-0.0034600000000001045,-0.1577999999999995,40.0,25.86,0,19.0,1641.0,108.0,-1.1895999999999998,0.02,-1.1201,-0.09,2.111099999999998,-8.199600000000007,23.580500000000015,0,1,1,100.0
61,64.0,1,20.0,1.0,6,2,5.1868,-0.00028000000000000117,-0.015880000000000054,-0.09839999999999975,40.0,25.86,0,19.0,1641.0,108.0,-1.1787999999999998,0.02,-1.1228,-0.09,1.8707999999999991,-8.998800000000003,25.214000000000006,0,1,1,100.0
61,65.0,1,20.0,1.0,6,2,5.1355,-0.00055,-0.0283,-0.03900000000000001,40.0,25.86,0,19.0,1641.0,108.0,-1.168,0.02,-1.1255,-0.09,1.6305,-9.798,26.8475,0,1,1,100.0
61,66.0,1,20.0,1.0,6,2,5.084199999999999,-0.0008200000000000017,-0.040720000000000076,0.020400000000000362,40.0,25.86,0,19.0,1641.0,108.0,-1.1571999999999998,0.02,-1.1281999999999999,-0.09,1.3901999999999985,-10.597200000000006,28.481000000000012,0,1,1,100.0
61,67.0,1,20.0,1.0,6,2,5.021199999999999,-0.001,-0.05260000000000003,0.08880000000000018,40.0,25.86,0,19.0,1641.0,108.0,-1.1374,0.02,-1.1318,-0.09,1.064399999999999,-11.716800000000005,30.471800000000005,0,1,1,100.0
61,68.0,1,20.0,1.0,6,2,4.934799999999999,-0.001,-0.0634000000000001,0.17520000000000072,40.0,25.86,0,19.0,1641.0,108.0,-1.0995999999999997,0.02,-1.1372,-0.09,0.5675999999999958,-13.477200000000016,33.17720000000002,0,1,1,100.0
61,69.0,1,20.0,1.0,6,2,4.751799999999999,-0.0025200000000000044,-0.04106000000000041,0.48684000000000044,40.0,25.83,0,19.0,1641.0,108.0,-1.1164000000000003,0.02,-1.1374,-0.09,-0.7146000000000017,-18.670600000000007,38.6918,0,1,1,100.0
61,70.0,1,20.0,1.0,6,2,4.714,-0.0036,-0.13879999999999998,0.5862,40.0,25.83,0,19.0,1641.0,108.0,-1.192,0.02,-1.132,-0.09,-1.0979999999999999,-20.458000000000002,39.733999999999995,0,1,1,100.0
61,71.0,1,20.0,1.0,6,2,4.6932,-0.004340000000000004,-0.12161999999999946,0.6386400000000002,40.0,25.8402,0,19.0,1641.0,108.0,-1.3322000000000012,0.023400000000000035,-1.1265999999999998,-0.08659999999999997,-1.4270000000000018,-22.07880000000001,40.153999999999996,0,1,1,100.0
61,72.0,1,20.0,1.0,6,2,4.6823999999999995,-0.0048800000000000015,-0.036839999999999824,0.6634800000000001,40.0,25.8564,0,19.0,1641.0,108.0,-1.5104000000000004,0.02880000000000001,-1.1212,-0.0812,-1.7240000000000006,-23.601600000000005,40.208,0,1,1,100.0
61,73.0,1,20.0,0.5799999999999954,6,2,4.6968,-0.005420000000000005,-0.025980000000000086,0.7168800000000005,40.0,25.8474,0,18.579999999999995,1641.0,108.0,-1.7726000000000024,0.03420000000000004,-1.1158000000000001,-0.08,-1.9496000000000018,-24.76740000000001,39.480799999999995,0,1,1,100.0
61,74.0,1,20.0,0.039999999999997676,6,2,4.7184,-0.005960000000000003,-0.03624000000000004,0.7784400000000002,40.0,25.8312,0,18.04,1641.0,108.0,-2.0588000000000015,0.039600000000000024,-1.1104,-0.08,-2.1548000000000007,-25.831200000000006,38.5304,0,1,1,100.0
61,75.0,1,20.0,0.5,6,2,4.7700000000000005,-0.006500000000000001,-0.03,0.7975,40.0,25.83,0,18.5,1641.0,108.0,-2.43,0.045000000000000005,-1.1,-0.075,-2.285,-26.28,36.69,0,1,1,100.0
61,76.0,1,20.0,1.0,6,2,4.823,-0.007,-0.022259999999999936,0.8121200000000001,40.0,25.83,0,19.0,1641.0,108.0,-2.795600000000001,0.050400000000000035,-1.0896000000000001,-0.07,-2.4012000000000002,-26.635599999999997,34.81719999999999,0,1,1,100.0
61,77.0,1,20.0,1.0,6,2,4.8635,-0.007,-0.012269999999999979,0.81374,40.0,25.83,0,19.0,1641.0,108.0,-3.0062,0.055800000000000016,-1.0842,-0.07,-2.4173999999999998,-26.4412,33.4294,0,1,1,100.0
61,78.0,1,20.0,1.0,6,2,4.904,-0.007,-0.002279999999999917,0.81536,40.0,25.83,0,19.0,1641.0,108.0,-3.216800000000002,0.06120000000000005,-1.0788,-0.07,-2.4336,-26.246799999999997,32.04159999999999,0,1,1,100.0
61,79.0,1,20.0,1.0,6,2,4.9445,-0.007,0.007710000000000041,0.8169799999999999,40.0,25.83,0,19.0,1641.0,108.0,-3.427400000000001,0.06660000000000003,-1.0734000000000001,-0.07,-2.4498,-26.0524,30.653799999999997,0,1,1,100.0
61,80.0,1,20.0,1.0,6,2,5.01,-0.007,0.022400000000000003,0.8154,40.0,25.83,0,19.0,1641.0,108.0,-3.71,0.07200000000000001,-1.064,-0.07,-2.436,-25.482,28.482,0,1,1,100.0
61,81.0,1,20.0,1.0,6,2,5.118,-0.007,0.04508000000000015,0.80838,40.0,25.83,0,19.0,1641.0,108.0,-4.115000000000002,0.07740000000000004,-1.0477999999999998,-0.07,-2.3711999999999995,-24.272399999999994,24.977399999999978,0,1,1,100.0
61,82.0,1,20.0,1.0,6,2,5.2372000000000005,-0.007,0.05067999999999998,0.78736,40.0,25.83,0,19.0,1641.0,108.28,-4.4668,0.08280000000000001,-1.0344,-0.0672,-2.2503999999999995,-22.693199999999997,21.18999999999999,0,1,1,100.0
61,83.0,1,20.0,1.0,1,5,5.366800000000001,-0.007,0.040419999999999914,0.7533399999999997,40.0,25.83,0,19.0,1641.0,108.82000000000001,-4.769200000000002,0.08820000000000004,-1.0235999999999998,-0.06179999999999995,-2.0775999999999986,-20.770799999999983,17.139999999999965,0,1,1,100.0
61,84.0,1,20.0,0.0,1,5,5.7304,-0.013380000000000048,-0.5218000000000039,0.44783999999999813,40.0,25.7846,0,19.0,1641.0,109.0,-5.0432,0.08819999999999999,-0.9982,-0.07,-1.295199999999999,-14.373599999999994,6.338799999999991,0,1,1,100.0
61,85.0,1,20.0,0.0,1,5,5.806000000000001,-0.024450000000000117,-1.4560000000000097,-0.0009000000000046662,40.0,25.7765,0,19.0,1641.0,109.0,-4.972999999999999,0.08549999999999996,-0.9954999999999999,-0.07,-1.0629999999999975,-12.893999999999984,4.221999999999977,0,1,1,100.0
61,86.0,1,20.0,0.0,1,5,5.881600000000001,-0.03552000000000007,-2.390200000000006,-0.44964000000000276,40.0,25.7684,0,19.0,1641.0,109.0,-4.902799999999999,0.08279999999999998,-0.9928,-0.07,-0.8307999999999985,-11.414399999999992,2.105199999999986,0,1,1,100.0
61,87.0,1,20.0,0.0,1,5,5.9572,-0.04659000000000003,-3.3244000000000016,-0.8983800000000008,40.0,25.7603,0,19.0,1641.0,109.0,-4.8326,0.08009999999999999,-0.9901,-0.07,-0.5985999999999996,-9.934799999999997,-0.011600000000004756,0,1,1,100.0
61,88.0,1,20.0,0.0,1,6,6.375200000000001,-0.11324000000000017,-2.451479999999998,-2.1861600000000037,40.0,25.6536,0,19.0,1641.0,109.0,-3.399599999999994,0.05959999999999991,-0.9647999999999999,-0.08,1.2048000000000056,-1.4639999999999755,-10.454000000000027,0,1,1,100.0
61,89.0,1,20.0,0.0,1,6,6.5144,-0.1328600000000001,-2.2242599999999992,-2.628240000000001,40.0,25.6176,0,19.0,1641.0,109.0,-2.688599999999996,0.04819999999999994,-0.9593999999999999,-0.08060000000000002,1.8690000000000027,1.3536000000000104,-13.736600000000012,0,1,1,100.0
61,90.0,1,20.0,0.0,1,6,6.644000000000002,-0.14960000000000018,-2.019599999999998,-2.9004000000000025,40.0,25.596,0,19.0,1641.0,109.0,-1.7759999999999905,0.031999999999999834,-0.9539999999999998,-0.08600000000000006,2.490000000000007,3.8160000000000256,-16.496000000000027,0,1,1,100.0
61,91.0,1,20.0,0.0,1,6,6.7666,-0.1652200000000001,-1.8100399999999988,-3.1729800000000017,40.0,25.5702,0,19.0,1641.0,109.0,-0.8213999999999932,0.015799999999999897,-0.9485999999999999,-0.09280000000000006,3.0746000000000033,6.138400000000011,-19.088800000000013,0,1,1,100.0
61,92.0,1,20.0,0.0,1,6,6.8692,-0.17764000000000002,-1.5864799999999994,-3.4467600000000007,40.0,25.5324,0,19.0,1641.0,109.0,0.25320000000000226,-0.0004000000000000341,-0.9431999999999999,-0.10360000000000003,3.555200000000001,8.060800000000004,-21.205600000000004,0,1,1,100.0
61,93.0,1,20.0,0.0,1,6,6.940266666666667,-0.1862466666666667,-1.426426666666666,-3.6500666666666675,40.0,25.50486666666667,0,19.0,1641.0,109.0,1.0491333333333366,-0.012933333333333394,-0.9392666666666666,-0.11073333333333335,3.8766666666666674,9.387000000000004,-22.65946666666667,0,1,1,100.0
61,94.0,1,20.0,0.0,1,6,6.965466666666667,-0.18930666666666668,-1.3587466666666663,-3.750866666666667,40.0,25.49226666666667,0,19.0,1641.0,109.0,1.439733333333335,-0.020133333333333364,-0.9374666666666667,-0.11253333333333335,3.966666666666667,9.846000000000002,-23.14906666666667,0,1,1,100.0
61,95.0,1,20.0,0.0,1,6,6.990666666666667,-0.19236666666666666,-1.2910666666666666,-3.8516666666666666,40.0,25.479666666666667,0,19.0,1641.0,109.0,1.8303333333333334,-0.027333333333333334,-0.9356666666666666,-0.11433333333333333,4.056666666666667,10.305,-23.638666666666666,0,1,1,100.0
61,96.0,1,20.0,0.0,1,6,7.015866666666668,-0.19542666666666672,-1.2233866666666655,-3.952466666666668,40.0,25.467066666666668,0,19.0,1641.0,109.0,2.22093333333334,-0.03453333333333346,-0.9338666666666666,-0.11613333333333337,4.146666666666668,10.764000000000008,-24.128266666666676,0,1,1,100.0
61,97.0,1,20.0,0.0,1,6,7.0410666666666675,-0.19848666666666673,-1.1557066666666658,-4.0532666666666675,40.0,25.45446666666667,0,19.0,1641.0,109.0,2.6115333333333384,-0.04173333333333342,-0.9320666666666667,-0.11793333333333335,4.236666666666667,11.223000000000006,-24.61786666666667,0,1,1,100.0
61,98.0,1,20.0,0.0,1,6,7.066266666666667,-0.2015466666666667,-1.0880266666666663,-4.154066666666667,40.0,25.44186666666667,0,19.0,1641.0,109.0,3.0021333333333367,-0.04893333333333339,-0.9302666666666667,-0.11973333333333334,4.326666666666667,11.682000000000004,-25.10746666666667,0,1,1,100.0
61,99.0,1,20.0,0.0,1,6,7.1516,-0.23022000000000004,-0.5465399999999991,-4.978860000000001,40.0,25.2978,0,19.0,1641.0,109.0,8.354600000000005,-0.13380000000000006,-0.92,-0.14,3.5681999999999983,14.226799999999999,-27.012999999999998,0,1,1,100.0
61,100.0,1,20.0,0.0,3,7,7.13,-0.234,-0.357,-5.19,40.0,25.26,0,19.0,1641.0,109.0,9.44,-0.15,-0.92,-0.14,3.12,14.27,-26.77,0,1,1,100.0
62,0.0,1,20.0,0.0,0,1,3.39,-0.03,-0.092,-2.122,40.0,25.79,0,19.0,1641.0,109.0,6.73,-0.13,-1.09,-0.02,-3.5,5.39,-1.35,0,1,1,100.0
62,1.0,1,20.0,0.0,0,1,3.3046,-0.02878,0.024509999999999987,-1.49858,40.0,25.79,0,19.0,1641.0,109.0,6.6629000000000005,-0.13,-1.09,-0.026099999999999998,-3.2804,4.4933,-0.05680000000000003,0,1,1,100.0
62,2.0,1,20.0,0.0,0,1,3.2357,-0.028,0.099,-1.1,40.0,25.79,0,21.2,1641.0,109.0,6.6145000000000005,-0.13,-1.09,-0.03,-3.1026000000000002,3.7363,0.9635999999999999,0,1,1,100.0
62,3.0,1,20.0,0.0,0,1,3.19605,-0.028,0.099,-1.1,40.0,25.79,0,27.299999999999997,1641.0,109.0,6.5992500000000005,-0.13,-1.09,-0.03,-2.9989,3.2269500000000004,1.5003999999999997,0,1,1,100.0
62,4.0,1,20.0,0.0,0,1,3.1564,-0.028,0.099,-1.1,40.0,25.79,0,33.4,1641.0,109.0,6.5840000000000005,-0.13,-1.09,-0.03,-2.8952,2.7176,2.0372,0,1,1,100.0
62,5.0,1,20.0,0.0,0,1,3.0077499999999997,-0.028,0.097475,-1.0725,40.0,25.792749999999998,0,57.6,1641.0,109.0,6.5497499999999995,-0.12,-1.08,-0.04025,-2.49375,0.6035,4.072,0,1,1,100.0
62,6.0,1,20.0,0.0,0,1,2.9802999999999997,-0.028,0.07887000000000002,-0.7370000000000003,40.0,25.8263,0,40.52000000000002,1641.0,109.0,6.5466999999999995,-0.12,-1.08,-0.0433,-2.4175,0.15820000000000045,4.4624,0,1,1,100.0
62,7.0,1,20.0,0.0,0,1,2.9528499999999998,-0.028,0.06026500000000001,-0.40150000000000025,40.0,25.859849999999998,0,23.440000000000015,1641.0,109.0,6.5436499999999995,-0.12,-1.08,-0.04635,-2.34125,-0.28709999999999963,4.8528,0,1,1,100.0
62,8.0,1,20.0,0.0,0,1,2.9254,-0.028,0.04166000000000001,-0.06600000000000011,40.0,25.8934,0,6.360000000000011,1641.0,109.0,6.5406,-0.12,-1.08,-0.0494,-2.265,-0.7323999999999997,5.2432,0,1,1,100.0
62,9.0,1,20.0,0.0,0,1,2.8906,-0.02898,0.04094,0.0,40.0,25.880399999999998,0,3.0,1641.0,109.0,6.5302,-0.12,-1.0751000000000002,-0.05,-2.1667,-1.4128999999999998,5.8149,0,1,1,100.0
62,10.0,1,20.0,0.0,0,1,2.8179999999999996,-0.0299,-0.0257,0.0,41.0,25.86,0,3.0,1641.0,109.0,6.497,-0.12,-1.06,-0.06,-1.962,-3.0340000000000003,7.043,0,1,1,100.0
62,11.0,1,20.0,0.0,0,1,2.8057999999999996,-0.02929,-0.011670000000000014,0.0,41.0,25.86,0,3.0,1641.0,109.0,6.4787,-0.12,-1.06,-0.06,-1.9132,-3.4243999999999994,7.2443,0,1,1,100.0
62,12.0,1,20.0,0.0,0,1,2.8,-0.029,0.028599999999999882,0.0,41.0,25.86,0,3.0,1641.0,109.0,6.4604,-0.12,-1.0568,-0.06319999999999999,-1.8772,-3.7283999999999997,7.3112,0,1,1,100.0
62,13.0,1,20.0,0.0,0,1,2.8,-0.029,0.09264999999999998,0.0,41.0,25.86,0,3.0,1641.0,109.0,6.4421,-0.12,-1.0507,-0.0693,-1.8528,-3.9541,7.2563,0,1,1,100.0
62,14.0,1,20.0,0.0,0,1,2.8162,-0.02738,0.13185999999999995,0.0,41.0,25.86,0,3.0,1641.0,109.0,6.413,-0.12,-1.0446,-0.07,-1.8392000000000002,-4.0502,6.9584,0,1,1,100.0
62,15.0,1,20.0,0.0,0,1,2.8360000000000003,-0.02555,0.1695,0.0,41.0,25.86,0,3.0,1641.0,109.0,6.382499999999999,-0.12,-1.04,-0.07,-1.8330000000000002,-4.0995,6.5645,0,1,1,100.0
62,16.0,1,20.0,0.0,0,1,2.8604000000000003,-0.02372,0.21219999999999997,0.0,41.0,25.86,0,3.0,1641.0,109.0,6.351999999999999,-0.12,-1.04,-0.07,-1.8452000000000002,-4.0568,5.9728,0,1,1,100.0
62,17.0,1,20.0,0.0,0,1,2.8959,-0.021890000000000003,0.2597099999999999,0.0,41.0,25.86,0,3.0,1641.0,109.0,6.3104,-0.11630000000000001,-1.0363,-0.07369999999999999,-1.8759,-3.9549000000000003,5.2368000000000015,0,1,1,100.0
62,18.0,1,20.0,0.0,0,1,2.9386,-0.02006,0.31033999999999995,0.0,41.0,25.86,0,3.0,1641.0,109.0,6.2616,-0.1102,-1.0302,-0.0798,-1.9185999999999999,-3.8146,4.4072000000000005,0,1,1,100.0
62,19.0,1,20.0,0.0,0,1,2.9636,-0.018525000000000003,0.34061499999999995,0.0,41.0,25.86,0,3.0,1641.0,109.0,6.2187,-0.11,-1.03,-0.08,-1.9465499999999998,-3.71265,3.8873500000000005,0,1,1,100.0
62,20.0,1,20.0,0.0,0,1,2.988,-0.017,0.3702,0.0,41.0,25.86,0,3.0,1641.0,109.0,6.176,-0.11,-1.03,-0.08,-1.9739999999999998,-3.612,3.378,0,1,1,100.0
62,21.0,1,20.0,0.0,0,1,3.0124,-0.015475000000000001,0.39978499999999995,0.0,41.0,25.86,0,3.0,1641.0,109.0,6.1333,-0.11,-1.03,-0.08,-2.0014499999999997,-3.51135,2.8686500000000006,0,1,1,100.0
62,22.0,1,20.0,0.0,0,1,3.062,-0.012060000000000008,0.39304,0.0,41.0,25.86,0,3.0,1641.0,109.0,6.0444,-0.11,-1.0258,-0.08,-2.0435999999999996,-3.3204000000000002,1.9120000000000021,0,1,1,100.0
62,23.0,1,20.0,0.029999999999998295,0,1,3.1229999999999998,-0.007820000000000011,0.37049000000000004,0.0,41.0,25.86,0,3.0299999999999985,1641.0,109.0,5.932500000000001,-0.10970000000000002,-1.02,-0.08029999999999998,-2.0909,-3.088000000000001,0.7488000000000036,0,1,1,100.0
62,24.0,1,20.0,0.6399999999999978,0,1,3.1839999999999997,-0.0041600000000000135,0.36012000000000005,0.0,41.0,25.86,0,3.639999999999998,1641.0,109.0,5.780000000000001,-0.10360000000000003,-1.02,-0.08639999999999998,-2.1092,-2.844000000000001,-0.4955999999999954,0,1,1,100.0
62,25.0,1,20.0,1.0,0,1,3.3575,0.00775,0.6315,0.0,41.0,25.86,0,4.0,1641.0,109.0,5.3025,-0.0975,-1.02,-0.09,-2.0175,-2.1824999999999997,-3.8325,0,1,1,100.0
62,26.0,1,20.0,1.0,0,1,3.4246,0.014459999999999992,0.7888799999999998,0.0,41.0,25.86,0,4.0,1641.0,109.0,5.089,-0.09140000000000001,-1.02,-0.09,-1.9138,-1.9446,-5.107399999999999,0,1,1,100.0
62,27.0,1,20.0,1.0,0,1,3.4635,0.018114999999999996,0.78458,0.0,41.0,25.86,0,4.0,1641.0,109.0,4.9507,-0.08765,-1.02,-0.09234999999999999,-1.8242,-1.8077500000000002,-5.888799999999999,0,1,1,100.0
62,28.0,1,20.0,1.0,0,1,3.4939999999999998,0.020859999999999993,0.7321200000000001,0.0,41.0,25.86,0,4.0,1641.0,109.0,4.8348,-0.08460000000000001,-1.02,-0.0954,-1.7388000000000003,-1.7010000000000003,-6.523199999999998,0,1,1,100.0
62,29.0,1,20.0,1.0,0,1,3.5244999999999997,0.02360499999999999,0.6796600000000003,0.0,41.0,25.86,0,4.0,1641.0,109.0,4.7189000000000005,-0.08155000000000001,-1.02,-0.09845,-1.6534000000000004,-1.5942500000000004,-7.157599999999998,0,1,1,100.0
62,30.0,1,20.0,1.0,0,1,3.652,0.035500000000000004,0.6538,0.0,41.0,25.86,0,4.0,1641.0,109.0,4.197,-0.0785,-1.02,-0.1,-1.1985,-1.217,-9.7925,0,1,1,100.0
62,31.0,1,20.0,1.0,0,1,3.6764,0.03855,0.6269600000000001,0.0,41.0,25.86,0,4.0,1641.0,109.0,4.0689,-0.07545,-1.02,-0.1,-1.07345,-1.1499000000000001,-10.38725,0,1,1,100.0
62,32.0,1,20.0,1.0,0,1,3.7008,0.04159999999999999,0.60012,0.0,41.0,25.86,0,4.0,1641.0,109.0,3.9408,-0.0724,-1.02,-0.1,-0.9484000000000002,-1.0828000000000002,-10.981999999999998,0,1,1,100.0
62,33.0,1,20.0,1.0,0,1,3.7278000000000002,0.044909999999999985,0.5634000000000001,0.0,41.0,25.86,0,4.0,1641.0,109.0,3.7841000000000005,-0.06870000000000002,-1.02,-0.1,-0.7954000000000007,-1.0066000000000004,-11.685299999999996,0,1,1,100.0
62,34.0,1,20.0,1.0,0,1,3.7643999999999997,0.04917999999999998,0.4902000000000003,0.0,41.0,25.86,0,4.0,1641.0,109.0,3.521800000000001,-0.06260000000000002,-1.02,-0.1,-0.539200000000001,-0.8968000000000004,-12.789399999999995,0,1,1,100.0
62,35.0,1,20.0,1.0,0,1,3.7975,0.052399999999999995,0.3652,0.0,41.0,25.86,0,4.0,1641.0,109.0,3.2525,-0.0565,-1.02,-0.1,-0.28300000000000003,-0.7975,-13.8095,0,1,1,100.0
62,36.0,1,20.0,1.0,0,1,3.828,0.05484,0.20172000000000015,0.0,41.0,25.86,0,4.0,1641.0,109.0,2.978,-0.05040000000000001,-1.02,-0.1,-0.026800000000000275,-0.7060000000000001,-14.767199999999999,0,1,1,100.0
62,37.0,1,20.0,1.0,0,1,3.8481,0.05581,-0.10580999999999996,0.0,41.0,25.86,0,4.0,1641.0,109.0,2.3517,-0.0381,-1.02,-0.11,0.46789999999999987,-0.5234000000000001,-16.0812,0,1,1,100.0
62,38.0,1,20.0,1.0,0,1,3.8460666666666667,0.055606666666666665,-0.12593999999999994,0.0,41.0,25.86,0,4.0,1641.0,109.0,2.2358000000000002,-0.03606666666666667,-1.02,-0.11,0.5512666666666665,-0.49493333333333345,-16.1788,0,1,1,100.0
62,39.0,1,20.0,1.0,0,1,3.8440333333333334,0.05540333333333333,-0.14606999999999992,0.0,41.0,25.86,0,4.0,1641.0,109.0,2.1199000000000003,-0.03403333333333334,-1.02,-0.11,0.634633333333333,-0.46646666666666675,-16.2764,0,1,1,100.0
62,40.0,1,20.0,1.0,0,1,3.842,0.0552,-0.1662,0.0,41.0,25.86,0,4.0,1641.0,109.0,2.004,-0.032,-1.02,-0.11,0.718,-0.438,-16.374,0,1,1,100.0
62,41.0,1,20.0,0.0,0,1,3.7395,0.037910000000000006,-1.5120850000000001,0.25097,41.0,25.86,0,18.0,1641.0,109.0,0.5163500000000002,-0.009950000000000002,-1.03,-0.11,1.9037999999999997,-0.29034999999999994,-14.10365,0,1,1,100.0
62,42.0,1,20.0,0.0,0,1,3.709,0.03242000000000001,-1.3952700000000002,0.24914,41.0,25.86,0,18.0,1641.0,109.0,0.29370000000000046,-0.006900000000000006,-1.03,-0.11,2.1355999999999997,-0.3116999999999999,-13.106300000000001,0,1,1,100.0
62,43.0,1,20.0,0.0,6,2,3.6785,0.02692999999999999,-1.278455,0.24731,41.0,25.86,0,18.0,1641.0,109.0,0.07104999999999963,-0.0038499999999999945,-1.03,-0.11,2.3674000000000004,-0.33305,-12.108949999999998,0,1,1,100.0
62,44.0,1,20.0,0.0,6,2,3.648,0.02144000000000002,-1.1616400000000004,0.24548,41.0,25.86,0,18.0,1641.0,109.0,-0.1515999999999991,-0.0008000000000000114,-1.03,-0.11,2.5991999999999993,-0.35439999999999994,-11.111600000000003,0,1,1,100.0
62,45.0,1,20.0,0.15,6,2,3.499,0.00465,-0.776,0.9873999999999999,41.0,25.83,0,18.15,1641.0,109.0,-1.0015,0.021500000000000002,-1.04,-0.11,3.5795000000000003,-0.6445,-5.4185,0,1,1,100.0
62,46.0,1,20.0,0.35333333333333217,6,2,3.4705333333333335,0.00282000000000001,-0.6987333333333338,1.0516533333333329,41.0,25.83,0,18.35333333333333,1641.0,109.0,-1.1255333333333326,0.023533333333333323,-1.04,-0.11,3.7279333333333327,-0.7319333333333328,-4.277800000000006,0,1,1,100.0
62,47.0,1,20.0,0.5566666666666663,6,2,3.442066666666667,0.000990000000000003,-0.6214666666666668,1.1159066666666666,41.0,25.83,0,18.556666666666665,1641.0,109.0,-1.2495666666666665,0.02556666666666666,-1.04,-0.11,3.8763666666666667,-0.8193666666666665,-3.1371000000000024,0,1,1,100.0
62,48.0,1,20.0,0.7599999999999985,6,2,3.4136,-0.0008399999999999869,-0.5442000000000006,1.1801599999999994,41.0,25.83,0,18.759999999999998,1641.0,109.0,-1.373599999999999,0.027599999999999982,-1.04,-0.11,4.024799999999999,-0.9067999999999994,-1.9964000000000088,0,1,1,100.0
62,49.0,1,20.0,0.9633333333333326,6,2,3.3851333333333335,-0.002669999999999994,-0.46693333333333364,1.2444133333333331,41.0,25.83,0,18.96333333333333,1641.0,109.0,-1.497633333333333,0.029633333333333324,-1.04,-0.11,4.173233333333333,-0.994233333333333,-0.8557000000000049,0,1,1,100.0
62,50.0,1,20.0,1.0,6,2,2.975,-0.0055,0.0995,0.6234999999999999,41.0,25.83,0,19.0,1641.0,109.0,-2.57,0.05,-1.065,-0.105,4.815,-3.0700000000000003,15.84,0,1,1,100.0
62,51.0,1,20.0,1.0,6,2,2.8724000000000007,-0.004890000000000004,0.07371999999999983,0.4593700000000011,41.0,25.83,0,19.0,1641.0,109.0,-2.6955,0.05,-1.0711,-0.1,4.673900000000002,-3.7717999999999954,20.002599999999976,0,1,1,100.0
62,52.0,1,20.0,1.0,6,2,2.7748000000000004,-0.004280000000000001,0.10543999999999994,0.2562400000000004,41.0,25.83,0,19.0,1641.0,109.0,-2.726,0.05,-1.0772000000000002,-0.1,4.362800000000001,-4.613599999999998,24.065199999999994,0,1,1,100.0
62,53.0,1,20.0,1.0,6,2,2.6838000000000006,-0.003340000000000009,0.1262699999999999,0.1415500000000003,41.0,25.8399,0,19.0,1641.0,109.0,-2.693800000000001,0.05,-1.0833,-0.1,3.975800000000003,-5.5378999999999925,27.95949999999997,0,1,1,100.0
62,54.0,1,20.0,1.0,6,2,2.5984000000000003,-0.0021200000000000047,0.13785999999999995,0.10190000000000014,41.0,25.8582,0,19.0,1641.0,109.0,-2.6084000000000005,0.05,-1.0894000000000001,-0.1,3.5244000000000018,-6.532199999999996,31.710999999999984,0,1,1,100.0
62,55.0,1,20.0,1.0,6,2,2.535,-0.002,0.0026000000000000172,0.24925000000000003,41.0,25.8435,0,19.0,1641.0,109.0,-2.4405,0.044500000000000005,-1.0955000000000001,-0.1,3.029,-7.6475,35.006,0,1,1,100.0
62,56.0,1,20.0,1.0,6,2,2.4788000000000006,-0.002319999999999993,-0.11107999999999996,0.3873999999999997,41.0,25.83,0,19.0,1641.0,109.0,-2.255600000000001,0.04,-1.1016000000000001,-0.1,2.538400000000003,-8.798399999999994,38.067199999999985,0,1,1,100.0
62,57.0,1,20.0,1.0,6,2,2.4361,-0.003539999999999998,-0.11900999999999998,0.4422999999999999,41.0,25.83,0,19.0,1641.0,109.0,-2.0482000000000005,0.04,-1.1077000000000001,-0.1,2.0748000000000006,-10.012299999999998,40.610899999999994,0,1,1,100.0
62,58.0,1,20.0,1.0,6,2,2.4162,-0.0041899999999999975,-0.11706000000000005,0.5101199999999995,41.0,25.83,0,19.0,1641.0,109.0,-1.9073000000000007,0.03810000000000002,-1.1119,-0.09810000000000002,1.7879000000000014,-10.851899999999995,42.103899999999996,0,1,1,100.0
62,59.0,1,20.0,1.0,6,2,2.4101,-0.004494999999999999,-0.10913000000000003,0.5857599999999997,41.0,25.83,0,19.0,1641.0,109.0,-1.8066500000000003,0.03505000000000001,-1.11495,-0.09505000000000001,1.6079500000000007,-11.464949999999998,42.96095,0,1,1,100.0
62,60.0,1,20.0,1.0,6,2,2.404,-0.0048000000000000004,-0.1012,0.6614,41.0,25.83,0,19.0,1641.0,109.0,-1.706,0.032,-1.118,-0.092,1.428,-12.078000000000001,43.818000000000005,0,1,1,100.0
62,61.0,1,20.0,1.0,6,2,2.4084,-0.005209999999999997,-0.09830999999999997,0.7376699999999995,41.0,25.83,0,19.0,1641.0,109.0,-1.5896000000000008,0.03,-1.12,-0.09,1.2344000000000013,-12.866399999999993,44.6509,0,1,1,100.0
62,62.0,1,20.0,1.0,6,2,2.4328,-0.005819999999999999,-0.10501999999999999,0.8151399999999999,41.0,25.83,0,19.0,1641.0,109.0,-1.4432000000000003,0.03,-1.12,-0.09,1.0148000000000004,-13.988799999999998,45.4378,0,1,1,100.0
62,63.0,1,20.0,1.0,6,2,2.5744,-0.008214999999999998,-0.16927000000000003,1.0195099999999997,41.0,25.83,0,19.0,1641.0,109.0,-1.3272,0.03,-1.1178500000000002,-0.08785000000000003,0.8865499999999996,-15.904799999999998,45.017300000000006,0,1,1,100.0
62,64.0,1,20.0,1.0,6,2,2.6231999999999998,-0.008519999999999998,-0.16256,1.0542799999999999,41.0,25.83,0,19.0,1641.0,109.0,-1.3516,0.03,-1.1148,-0.08480000000000001,0.9383999999999998,-16.124399999999998,44.4744,0,1,1,100.0
62,65.0,1,20.0,1.0,6,2,2.672,-0.008825,-0.15585,1.08905,41.0,25.83,0,19.0,1641.0,109.0,-1.376,0.03,-1.11175,-0.08175,0.99025,-16.343999999999998,43.9315,0,1,1,100.0
62,66.0,1,20.0,1.0,6,2,2.995399999999999,-0.010259999999999997,-0.045939999999999766,1.1497199999999999,41.0,25.83,0,19.0,1641.0,109.0,-1.713599999999999,0.03259999999999996,-1.0974000000000002,-0.08,1.6063999999999978,-15.871200000000005,39.311200000000014,0,1,1,100.0
62,67.0,1,20.0,1.0,6,2,3.1722999999999995,-0.010869999999999998,-0.08802999999999993,1.19364,41.0,25.83,0,19.0,1641.0,109.0,-1.9331999999999996,0.03869999999999999,-1.0913000000000002,-0.08,1.9967999999999992,-15.0294,36.6394,0,1,1,100.0
62,68.0,1,20.0,1.0,6,2,3.3683999999999985,-0.011,-0.06100000000000034,1.2447599999999996,41.0,25.83,0,19.0,1641.0,109.0,-2.171999999999998,0.04,-1.0804000000000002,-0.08,2.478399999999996,-13.63560000000001,33.492400000000025,0,1,1,100.0
62,69.0,1,20.0,1.0,6,2,3.5732999999999993,-0.011,-0.02946999999999981,1.28847,41.0,25.83,0,19.0,1641.0,109.09,-2.413299999999999,0.04089999999999998,-1.0691000000000002,-0.08,2.998199999999998,-12.000500000000008,30.14740000000001,0,1,1,100.0
62,70.0,1,20.0,1.0,1,5,3.799,-0.011,-0.08009999999999999,1.2781,41.0,25.83,0,19.0,1641.0,109.7,-2.639,0.047,-1.0630000000000002,-0.08,3.596,-9.834999999999999,26.401999999999997,0,1,1,100.0
62,71.0,1,20.0,0.8450000000000017,1,5,3.9735499999999995,-0.011,-0.0865550000000002,1.272225,41.0,25.83,0,19.0,1641.0,110.0,-2.7825499999999996,0.05,-1.0569000000000002,-0.08,4.066699999999998,-8.117450000000007,23.57110000000001,0,1,1,100.0
62,72.0,1,20.0,0.5400000000000006,1,5,4.0986,-0.011,-0.05026000000000007,1.2707,41.0,25.83,0,19.0,1641.0,110.0,-2.8466,0.05,-1.0508,-0.08,4.4144,-6.833400000000002,21.625200000000003,0,1,1,100.0
62,73.0,1,20.0,0.23500000000000223,1,5,4.223649999999999,-0.011,-0.013965000000000274,1.269175,41.0,25.83,0,19.0,1641.0,110.0,-2.9106499999999995,0.05,-1.0447000000000002,-0.08,4.762099999999998,-5.549350000000009,19.679300000000016,0,1,1,100.0
62,74.0,1,20.0,0.0,1,5,4.810199999999999,-0.059859999999999886,-3.4926000000000013,-0.4048199999999981,40.14,25.8202,0,19.0,1641.0,110.0,-2.856800000000001,0.048600000000000025,-1.0272000000000001,-0.08139999999999997,6.4747999999999974,0.6653999999999896,11.247600000000013,0,1,1,100.0
62,75.0,1,20.0,0.0,1,5,5.0725,-0.08975,-3.1205,-0.90075,40.75,25.7775,0,19.0,1641.0,110.0,-2.625,0.0425,-1.0150000000000001,-0.0875,7.28,3.4775,7.795,0,1,1,100.0
62,76.0,1,20.0,0.0,1,5,5.255599999999999,-0.10901999999999992,-2.848660000000001,-1.2584399999999987,40.82,25.747400000000003,0,19.0,1641.0,110.0,-2.396800000000001,0.03820000000000002,-1.0064,-0.09,7.851199999999998,5.387799999999992,5.463800000000009,0,1,1,100.0
62,77.0,1,20.0,0.0,1,5,5.383699999999999,-0.12091499999999997,-2.6464450000000004,-1.5201299999999995,40.515,25.72605,0,19.0,1641.0,110.0,-2.1711000000000005,0.03515000000000001,-1.0003,-0.09,8.259899999999998,6.671849999999997,3.9113500000000028,0,1,1,100.0
62,78.0,1,20.0,0.0,1,5,5.511799999999999,-0.1328099999999999,-2.4442300000000015,-1.781819999999998,40.21,25.704700000000003,0,19.0,1641.0,110.0,-1.9454000000000016,0.032100000000000024,-0.9942000000000001,-0.09,8.668599999999996,7.95589999999999,2.3589000000000113,0,1,1,100.0
62,79.0,1,20.0,0.0,1,5,6.0684,-0.17774999999999994,-1.786870000000001,-2.728639999999999,40.0,25.636699999999998,0,19.0,1641.0,110.0,-0.47350000000000303,0.006200000000000046,-0.9662000000000001,-0.10379999999999996,10.376199999999997,12.706499999999995,-4.011899999999991,0,1,1,100.0
62,80.0,1,20.0,0.0,1,6,6.288,-0.193,-1.5264000000000002,-3.0678,40.0,25.593999999999998,0,19.0,1641.0,110.0,0.3500000000000001,-0.006,-0.954,-0.11599999999999999,10.974,14.139999999999999,-6.458,0,1,1,100.0
62,81.0,1,20.0,0.0,1,6,6.42765,-0.20189499999999996,-1.3698650000000006,-3.284574999999999,40.0,25.5718,0,19.0,1641.0,110.0,0.9397999999999973,-0.01614999999999995,-0.94795,-0.12204999999999998,11.288899999999998,14.864199999999997,-7.987749999999994,0,1,1,100.0
62,82.0,1,20.0,0.0,1,6,6.5283,-0.20768999999999999,-1.2640300000000002,-3.4416499999999997,40.0,25.5596,0,19.0,1641.0,110.0,1.415599999999999,-0.025299999999999982,-0.9449,-0.1251,11.4658,15.242399999999998,-9.0705,0,1,1,100.0
62,83.0,1,20.0,0.0,1,6,6.62895,-0.21348499999999995,-1.158195000000001,-3.5987249999999986,40.0,25.5474,0,19.0,1641.0,110.0,1.8913999999999964,-0.03444999999999993,-0.94185,-0.12815,11.642699999999998,15.620599999999996,-10.153249999999993,0,1,1,100.0
62,84.0,1,20.0,0.0,1,6,6.7224,-0.2188,-1.0757600000000003,-3.7105599999999996,40.0,25.5316,0,19.0,1641.0,110.0,2.383999999999998,-0.04239999999999998,-0.9376,-0.13119999999999998,11.7584,15.8812,-11.185599999999997,0,1,1,100.0
62,85.0,1,20.0,0.0,1,6,6.80475,-0.223375,-1.0294,-3.75265,40.0,25.51025,0,19.0,1641.0,110.0,2.9025000000000003,-0.0485,-0.9315,-0.13425,11.77975,15.9605,-12.14025,0,1,1,100.0
62,86.0,1,20.0,0.0,1,6,6.8871,-0.22795,-0.9830399999999998,-3.79474,40.0,25.488899999999997,0,19.0,1641.0,110.0,3.421000000000002,-0.054600000000000024,-0.9254,-0.13730000000000003,11.8011,16.0398,-13.094900000000003,0,1,1,100.0
62,87.0,1,20.0,0.0,1,6,7.201899999999999,-0.24362999999999993,-0.5968800000000007,-4.433559999999998,40.0,25.4372,0,19.0,1641.0,110.0,5.761799999999988,-0.0920999999999998,-0.9093000000000001,-0.15069999999999992,11.262800000000006,15.500900000000009,-16.776099999999985,0,1,1,100.0
62,88.0,1,20.0,0.0,1,6,7.305599999999999,-0.24911999999999995,-0.5261200000000005,-4.621439999999998,40.0,25.4128,0,19.0,1641.0,110.0,6.823199999999992,-0.11039999999999986,-0.9032000000000001,-0.15679999999999997,10.677200000000004,14.811600000000004,-18.13639999999999,0,1,1,100.0
62,89.0,1,20.0,0.0,1,6,7.4787,-0.257435,-0.24263000000000012,-5.03626,40.0,25.3642,0,19.0,1641.0,110.0,9.2762,-0.14434999999999998,-0.8885500000000001,-0.16144999999999998,8.651750000000002,12.610150000000003,-20.72255,0,1,1,100.0
62,90.0,1,20.0,0.0,1,6,7.497,-0.25835,-0.2103,-5.0936,40.0,25.352,0,19.0,1641.0,110.0,9.752,-0.15350000000000003,-0.8855,-0.1645,8.0875,12.021500000000001,-21.0855,0,1,1,100.0
62,91.0,1,20.0,0.0,1,6,7.5153,-0.259265,-0.17796999999999988,-5.15094,40.0,25.3398,0,19.0,1641.0,110.0,10.227800000000002,-0.16265000000000004,-0.88245,-0.16755000000000003,7.523249999999998,11.432849999999998,-21.44845,0,1,1,100.0
62,92.0,1,20.0,0.0,1,6,7.5312,-0.26036,-0.15463999999999983,-5.213919999999999,40.0,25.3264,0,19.0,1641.0,110.0,10.78159999999999,-0.1723999999999999,-0.88,-0.17,6.8120000000000145,10.688800000000017,-21.831199999999992,0,1,1,100.0
62,93.0,1,20.0,0.0,1,6,7.5373,-0.26219,-0.1680599999999999,-5.29993,40.0,25.3081,0,19.0,1641.0,110.0,11.653899999999993,-0.1845999999999999,-0.88,-0.17,5.5005000000000095,9.31020000000001,-22.294799999999995,0,1,1,100.0
62,94.0,1,20.0,0.0,1,6,7.4628000000000005,-0.264,-0.016979999999999894,-5.605899999999999,40.0,25.26,0,19.0,1641.0,110.0,13.667199999999998,-0.21339999999999998,-0.8766,-0.17,1.7976000000000054,5.1108000000000064,-23.008,0,1,1,100.0
62,95.0,1,20.0,0.0,1,6,7.414,-0.264,-0.04565,-5.68825,40.0,25.26,0,19.0,1641.0,110.0,14.326,-0.2195,-0.8705,-0.17,0.35799999999999965,3.354,-23.13,0,1,1,100.0
62,96.0,1,20.0,0.0,1,6,7.342800000000001,-0.264,-0.03400000000000023,-5.7202,40.0,25.2432,0,19.0,1641.0,110.0,14.867199999999993,-0.23119999999999982,-0.87,-0.1644000000000001,-1.0535999999999788,1.496400000000028,-23.145599999999998,0,1,1,100.0
62,97.0,1,20.0,0.0,1,6,7.27725,-0.264,-0.026314999999999866,-5.74833,40.0,25.23,0,19.0,1641.0,110.0,15.307799999999999,-0.24084999999999995,-0.87085,-0.16,-2.2535999999999925,-0.10924999999998959,-23.1364,0,1,1,100.0
62,98.0,1,20.0,0.0,1,6,7.2315000000000005,-0.264,-0.03820999999999991,-5.77822,40.0,25.23,0,19.0,1641.0,110.0,15.515199999999998,-0.24389999999999998,-0.8739,-0.16,-2.912399999999995,-1.039499999999993,-23.0876,0,1,1,100.0
62,99.0,1,20.0,0.0,3,7,7.18575,-0.264,-0.050104999999999955,-5.80811,40.0,25.23,0,19.0,1641.0,110.0,15.7226,-0.24694999999999998,-0.87695,-0.16,-3.571199999999998,-1.9697499999999966,-23.0388,0,1,1,100.0
62,100.0,1,20.0,0.0,3,7,7.14,-0.264,-0.062,-5.838,40.0,25.23,0,19.0,1641.0,110.0,15.93,-0.25,-0.88,-0.16,-4.23,-2.9,-22.99,0,1,1,100.0
63,0.0,1,20.0,0.0,0,1,4.42,-0.002,0.771,-1.943,40.0,25.79,0,19.0,1641.0,110.0,5.17,-0.1,-1.09,-0.03,-3.77,-1.68,-1.92,0,1,1,100.0
63,1.0,1,20.0,0.0,0,1,4.3736,2.9999999999999875e-05,0.6434000000000001,-1.5729600000000001,40.29,25.79,0,19.0,1641.0,110.0,5.1526,-0.1,-1.09,-0.03,-3.6743,-2.1237,-1.5749,0,1,1,100.0
63,2.0,1,20.0,0.0,0,1,4.3271999999999995,0.0020599999999999998,0.5158,-1.2029200000000002,40.58,25.79,0,19.0,1641.0,110.0,5.1352,-0.1,-1.09,-0.03,-3.5786,-2.5673999999999997,-1.2298,0,1,1,100.0
63,3.0,1,20.0,0.0,0,1,4.2808,0.004089999999999999,0.38820000000000005,-0.8328800000000002,40.87,25.79,0,19.0,1641.0,110.0,5.1178,-0.1,-1.09,-0.03,-3.4829,-3.0111,-0.8847,0,1,1,100.0
63,4.0,1,20.0,0.0,0,1,4.212,0.005,0.331,-0.667,41.0,25.79,0,25.4,1641.0,110.0,5.1292,-0.1,-1.09,-0.0332,-3.2768,-3.6995999999999998,-0.2916,0,1,1,100.0
63,5.0,1,20.0,0.0,0,1,4.125,0.005,0.331,-0.667,41.0,25.79,0,37.0,1641.0,110.0,5.164,-0.1,-1.09,-0.039,-2.9810000000000003,-4.587,0.5030000000000001,0,1,1,100.0
63,6.0,1,20.0,0.0,0,1,4.042800000000001,0.005,0.331,-0.667,41.0,25.79,0,48.599999999999994,1641.0,110.0,5.2324,-0.1,-1.09,-0.0448,-2.6132000000000004,-5.34,1.5087999999999995,0,1,1,100.0
63,7.0,1,20.0,0.0,0,1,3.9634,0.0025999999999999942,-0.3023600000000014,-0.62698,41.0,25.796599999999998,0,55.69999999999999,1641.0,110.0,5.3096,-0.1,-1.0894000000000001,-0.050600000000000006,-2.225,-6.0416,2.5820000000000003,0,1,1,100.0
63,8.0,1,20.0,0.0,0,1,3.8996,-0.020599999999999993,-6.424839999999998,-0.24012000000000008,41.0,25.8604,0,23.800000000000008,1641.0,110.0,5.4024,-0.1,-1.0836000000000001,-0.0564,-1.79,-6.5404,3.858,0,1,1,100.0
63,9.0,1,20.0,0.0,0,1,3.7424,-0.046639999999999994,-0.8589200000000001,0.0,41.0,25.86,0,4.0,1641.0,110.0,5.6918,-0.11,-1.0778,-0.07,-0.5960000000000003,-7.3232,7.711999999999999,0,1,1,100.0
63,10.0,1,20.0,0.0,0,1,3.696,-0.0536,-0.6188,0.0,41.0,25.86,0,4.0,1641.0,110.0,5.802,-0.11,-1.072,-0.07,-0.19000000000000006,-7.358,9.22,0,1,1,100.0
63,11.0,1,20.0,0.0,0,1,3.6686,-0.05714,-0.49857000000000007,0.0,41.0,25.86,0,4.0,1641.0,110.0,5.8761,-0.11,-1.07,-0.07,0.060199999999999934,-7.3206,10.205499999999999,0,1,1,100.0
63,12.0,1,20.0,0.0,0,1,3.6512000000000002,-0.05888,-0.44144000000000005,0.0,41.0,25.86,0,4.0,1641.0,110.0,5.9312,-0.11,-1.07,-0.07,0.22839999999999988,-7.2452000000000005,10.915999999999999,0,1,1,100.0
63,13.0,1,20.0,0.0,0,1,3.6338000000000004,-0.06062,-0.3843100000000001,0.0,41.0,25.86,0,4.0,1641.0,110.0,5.9863,-0.11,-1.07,-0.07,0.39659999999999984,-7.1698,11.626499999999998,0,1,1,100.0
63,14.0,1,20.0,0.0,0,1,3.59,-0.06536,-0.22863999999999995,0.0,41.0,25.86,0,4.0,1641.0,110.0,6.2664,-0.12,-1.0588,-0.08,0.9960000000000001,-6.552,14.4748,0,1,1,100.0
63,15.0,1,20.0,0.0,0,1,3.59,-0.0671,-0.11089999999999998,0.0,41.0,25.86,0,4.0,1641.0,110.0,6.394,-0.12,-1.053,-0.08,1.17,-6.175000000000001,15.368,0,1,1,100.0
63,16.0,1,20.0,0.0,0,1,3.5955999999999997,-0.06772,-0.02200000000000003,0.0,41.0,25.86,0,4.0,1641.0,110.0,6.5272,-0.12,-1.05,-0.08,1.3132,-5.7644,16.0652,0,1,1,100.0
63,17.0,1,20.0,0.0,0,1,3.6071999999999997,-0.06714,0.03599999999999994,0.0,41.0,25.86,0,4.0,1641.0,110.0,6.6664,-0.12,-1.05,-0.08,1.4233999999999998,-5.3178,16.552400000000002,0,1,1,100.0
63,18.0,1,20.0,0.0,0,1,3.6231999999999998,-0.067,0.07199999999999995,0.0,41.0,25.86,0,4.0,1641.0,110.0,6.7594,-0.12219999999999999,-1.0478,-0.08,1.4764,-5.0296,16.6766,0,1,1,100.0
63,19.0,1,20.0,0.0,0,1,3.6406,-0.067,0.101,0.0,41.0,25.86,0,4.0,1641.0,110.0,6.8377,-0.1251,-1.0449,-0.08,1.5112,-4.791799999999999,16.6853,0,1,1,100.0
63,20.0,1,20.0,0.0,0,1,3.658,-0.067,0.13,0.0,41.0,25.86,0,4.0,1641.0,110.0,6.9159999999999995,-0.128,-1.042,-0.08,1.546,-4.553999999999999,16.694,0,1,1,100.0
63,21.0,1,20.0,0.0,0,1,3.6844,-0.06592,0.19823999999999992,0.0,41.0,25.86,0,4.0,1641.0,110.0,7.0203999999999995,-0.13,-1.0382,-0.08,1.579,-4.2442,16.554199999999998,0,1,1,100.0
63,22.0,1,20.0,0.0,0,1,3.7308,-0.06244,0.35367999999999983,0.0,41.0,25.86,0,4.0,1641.0,110.0,7.182799999999999,-0.13,-1.0324,-0.08,1.608,-3.7744000000000004,16.084400000000002,0,1,1,100.0
63,23.0,1,20.0,0.0,0,1,3.8938,-0.052809999999999996,0.5393,0.0,41.0,25.86,0,4.0,1641.0,110.0,7.5607999999999995,-0.14,-1.0283,-0.09,1.5679,-2.6491,13.8537,0,1,1,100.0
63,24.0,1,20.0,0.0,0,1,3.9343999999999997,-0.050780000000000006,0.5654,0.0,41.0,25.86,0,4.0,1641.0,110.0,7.6304,-0.14,-1.0254,-0.09,1.5302,-2.4258,13.1606,0,1,1,100.0
63,25.0,1,20.0,0.0,0,1,3.9749999999999996,-0.04875,0.5915,0.0,41.0,25.86,0,4.0,1641.0,110.0,7.699999999999999,-0.14,-1.0225,-0.09,1.4925,-2.2024999999999997,12.4675,0,1,1,100.0
63,26.0,1,20.0,0.0,0,1,4.1852,-0.03196000000000002,1.1075600000000003,0.0,41.0,25.86,0,4.0,1641.0,110.0,7.9488,-0.14,-1.0192,-0.09,1.2408000000000003,-1.2272000000000012,8.486400000000005,0,1,1,100.0
63,27.0,1,20.0,0.0,0,1,4.2954,-0.024420000000000008,0.9956200000000002,0.0,41.0,25.86,0,4.0,1641.0,110.0,8.0126,-0.14,-1.0134,-0.09,1.1016000000000001,-0.8444000000000004,6.357800000000002,0,1,1,100.0
63,28.0,1,20.0,0.0,0,1,4.408,-0.01543999999999999,0.9816000000000001,0.0,41.0,25.86,0,4.0,1641.0,110.0,8.0548,-0.14,-1.01,-0.09,0.9623999999999999,-0.48799999999999966,4.109199999999998,0,1,1,100.0
63,29.0,1,20.0,0.0,0,1,4.523999999999999,-0.004420000000000022,1.1062999999999998,0.0,41.0,25.86,0,4.0,1641.0,110.0,8.0664,-0.14,-1.01,-0.09,0.8232000000000003,-0.16900000000000057,1.6906000000000052,0,1,1,100.0
63,30.0,1,20.0,0.4,0,1,4.64,0.007400000000000001,1.405,0.0,41.0,25.86,0,4.4,1641.0,110.0,8.05,-0.14,-1.01,-0.09,0.6880000000000001,0.122,-0.9080000000000001,0,1,1,100.0
63,31.0,1,20.0,0.9799999999999983,0,1,4.755999999999999,0.019579999999999965,1.7819999999999987,0.0,41.0,25.86,0,4.979999999999999,1641.0,110.0,8.020999999999999,-0.14,-1.01,-0.09,0.5546000000000004,0.4003999999999992,-3.5875999999999926,0,1,1,100.0
63,32.0,1,20.0,1.0,0,1,4.7992,0.024479999999999995,1.8129199999999999,0.0,41.0,25.86,0,5.0,1641.0,110.0,7.992,-0.14,-1.01,-0.09,0.5108,0.4883999999999999,-4.622666666666666,0,1,1,100.0
63,33.0,1,20.0,1.0,0,1,4.839799999999999,0.029120000000000004,1.83148,0.0,41.0,25.86,0,5.0,1641.0,110.0,7.963,-0.14,-1.01,-0.09,0.4702,0.5696000000000001,-5.599000000000001,0,1,1,100.0
63,34.0,1,20.0,1.0,0,1,4.8804,0.03375999999999999,1.85004,0.0,41.0,25.86,0,5.0,1641.0,110.0,7.934,-0.14,-1.01,-0.09,0.4296000000000001,0.6507999999999998,-6.575333333333332,0,1,1,100.0
63,35.0,1,20.0,1.0,0,1,4.920999999999999,0.0384,1.8686,0.0,41.0,25.86,0,5.0,1641.0,110.0,7.905,-0.14,-1.01,-0.09,0.389,0.732,-7.551666666666668,0,1,1,100.0
63,36.0,1,20.0,1.0,0,1,4.9616,0.04303999999999999,1.88716,0.0,41.0,25.86,0,5.0,1641.0,110.0,7.876,-0.14,-1.01,-0.09,0.34840000000000015,0.8131999999999997,-8.527999999999999,0,1,1,100.0
63,37.0,1,20.0,1.0,0,1,5.4382,0.09614,0.5645400000000006,0.0,41.0,25.86,0,5.0,1641.0,110.0,6.9778,-0.1254,-1.0,-0.09459999999999999,-0.052199999999999955,1.6642,-21.685,0,1,1,100.0
63,38.0,1,20.0,1.0,0,1,5.535200000000001,0.10076,-0.11048000000000038,0.0,41.0,25.86,0,5.0,1641.0,110.0,6.6396,-0.11919999999999999,-1.0004,-0.1,-0.08599999999999994,1.8172000000000001,-24.387600000000003,0,1,1,100.0
63,39.0,1,20.0,1.0,0,1,5.6106,0.09728,-0.4944399999999993,0.0,41.0,25.86,0,5.0,1641.0,110.0,6.198800000000001,-0.10760000000000003,-1.0062,-0.1,-0.02800000000000012,1.9215999999999998,-26.382799999999996,0,1,1,100.0
63,40.0,1,20.0,1.0,0,1,5.676,0.0918,-0.8234,0.0,41.0,25.86,0,5.0,1641.0,110.0,5.722,-0.098,-1.01,-0.1,0.06799999999999999,2.008,-28.022000000000002,0,1,1,100.0
63,41.0,1,20.0,1.0,0,1,5.7224,0.08252000000000002,-1.0478599999999993,0.0,41.0,25.86,0,5.0,1641.0,110.0,5.176800000000002,-0.09220000000000002,-1.01,-0.1,0.2361999999999995,2.0602,-28.9848,0,1,1,100.0
63,42.0,1,20.0,1.0,0,1,5.7490000000000006,0.07648,-1.11158,0.0,41.0,25.86,0,5.0,1641.0,110.0,4.7828,-0.0864,-1.01,-0.1,0.39359999999999984,2.0854,-29.297800000000002,0,1,1,100.0
63,43.0,1,20.0,1.0,0,1,5.7635000000000005,0.07242,-1.07707,0.0,41.0,25.86,0,5.0,1641.0,110.0,4.481199999999999,-0.08059999999999999,-1.01,-0.1,0.5444000000000001,2.0941,-29.2137,0,1,1,100.0
63,44.0,1,20.0,1.0,6,2,5.7780000000000005,0.06836,-1.0425600000000002,0.0,41.0,25.86,0,5.0,1641.0,110.0,4.179600000000001,-0.07480000000000002,-1.01,-0.1,0.6951999999999997,2.1028,-29.1296,0,1,1,100.0
63,45.0,1,20.0,0.9,6,2,5.789,0.0645,-1.0809,0.0199,41.0,25.86,0,6.2,1641.0,110.0,3.821,-0.068,-1.0110000000000001,-0.101,0.889,2.1109999999999998,-28.845,0,1,1,100.0
63,46.0,1,20.0,0.31999999999999884,6,2,5.7832,0.061599999999999995,-1.468920000000001,0.13532000000000025,41.0,25.86,0,13.160000000000013,1641.0,110.0,3.1887999999999987,-0.05639999999999998,-1.0168,-0.10680000000000002,1.2892000000000008,2.1168,-27.598,0,1,1,100.0
63,47.0,1,20.0,0.0,6,2,5.7644,0.054020000000000075,-1.608380000000001,0.027660000000002256,41.0,25.8522,0,17.0,1641.0,110.0,2.5644000000000036,-0.04480000000000007,-1.02,-0.11,1.738799999999997,2.1148000000000002,-25.909000000000013,0,1,1,100.0
63,48.0,1,20.0,0.0,6,2,5.7296,0.04068000000000005,-1.4419200000000005,-0.3545599999999985,41.0,25.834799999999998,0,17.0,1641.0,110.0,1.9496000000000024,-0.03320000000000004,-1.02,-0.11,2.249199999999998,2.1032,-23.67600000000001,0,1,1,100.0
63,49.0,1,20.0,0.4199999999999989,6,2,5.5328,0.013960000000000012,-0.8948600000000003,-0.1676000000000007,41.0,25.842599999999997,0,17.419999999999998,1641.0,110.0,0.42460000000000103,-0.005800000000000012,-1.03,-0.11,3.962399999999999,1.8824000000000003,-15.071000000000009,0,1,1,100.0
63,50.0,1,20.0,1.0,6,2,5.44,0.007,-0.711,0.192,41.0,25.86,0,18.0,1641.0,110.0,-0.08,0.0,-1.03,-0.11,4.67,1.72,-11.33,0,1,1,100.0
63,51.0,1,20.0,0.4199999999999988,6,2,5.324,0.0017799999999999895,-0.5897799999999997,0.7569200000000011,41.0,25.842599999999997,0,17.419999999999998,1641.0,110.0,-0.5092000000000009,0.005800000000000012,-1.0358,-0.11,5.4182000000000015,1.4067999999999994,-7.107599999999992,0,1,1,100.0
63,52.0,1,20.0,0.1599999999999966,6,2,5.203200000000001,-0.0029599999999999796,-0.46712000000000076,1.1938399999999993,41.0,25.83,0,17.159999999999997,1641.0,110.0,-0.9191999999999978,0.01319999999999993,-1.0416,-0.11,6.1615999999999955,1.0568000000000026,-2.8100000000000263,0,1,1,100.0
63,53.0,1,20.0,0.7399999999999978,6,2,5.069800000000001,-0.0064399999999999865,-0.3406800000000005,1.2947599999999997,41.0,25.83,0,17.74,1641.0,110.0,-1.2787999999999986,0.02479999999999995,-1.0474,-0.11,6.892399999999997,0.6102000000000017,1.6849999999999827,0,1,1,100.0
63,54.0,1,20.0,1.0,6,2,4.97,-0.007840000000000001,-0.20672000000000026,1.2811200000000003,41.0,25.83,0,18.0,1641.0,110.0,-1.5247999999999997,0.031599999999999996,-1.0516,-0.11,7.397599999999999,0.2580000000000005,4.9767999999999954,0,1,1,100.0
63,55.0,1,20.0,1.0,6,2,4.8975,-0.00755,-0.06664999999999999,1.1744,41.0,25.83,0,18.0,1641.0,110.0,-1.6784999999999999,0.0345,-1.0545,-0.11,7.7195,-0.01750000000000003,7.2909999999999995,0,1,1,100.0
63,56.0,1,20.0,1.0,6,2,4.824999999999999,-0.00726,0.07342000000000026,1.0676799999999997,41.0,25.83,0,18.0,1641.0,110.0,-1.8322000000000003,0.03740000000000001,-1.0574000000000001,-0.11,8.041400000000001,-0.2930000000000006,9.605200000000004,0,1,1,100.0
63,57.0,1,20.0,1.0,6,2,4.744400000000001,-0.0069400000000000035,0.19144000000000044,0.953940000000001,41.0,25.831799999999998,0,18.0,1641.0,110.0,-1.9951999999999985,0.04,-1.0612,-0.11,8.382799999999998,-0.6047999999999963,12.165999999999972,0,1,1,100.0
63,58.0,1,20.0,1.0,6,2,4.5936,-0.006360000000000003,0.1183600000000003,0.7793600000000007,41.0,25.8492,0,18.0,1641.0,110.0,-2.238799999999999,0.04,-1.0728,-0.11,8.893199999999998,-1.2311999999999976,16.863999999999983,0,1,1,100.0
63,59.0,1,20.0,1.0,6,2,4.4428,-0.0055600000000000024,0.06860000000000002,0.5856400000000005,41.0,25.86,0,18.0,1641.0,110.0,-2.4494,0.04219999999999999,-1.0844,-0.11,9.3398,-1.8883999999999987,21.56639999999999,0,1,1,100.0
63,60.0,1,20.0,1.0,6,2,4.292,-0.0044,0.056999999999999995,0.3606,41.0,25.86,0,18.0,1641.0,110.0,-2.6060000000000003,0.048,-1.096,-0.11,9.682,-2.596,26.276,0,1,1,100.0
63,61.0,1,20.0,1.0,6,2,4.1963,-0.0038099999999999996,0.06611000000000004,0.24727999999999986,41.0,25.8543,0,18.0,1641.0,110.0,-2.6847000000000003,0.05,-1.1038000000000001,-0.11,9.8551,-3.0794000000000006,29.410500000000003,0,1,1,100.0
63,62.0,1,20.0,1.0,6,2,4.129600000000001,-0.003520000000000002,0.08611999999999989,0.19276000000000032,41.0,25.845599999999997,0,18.0,1641.0,110.0,-2.7224,0.05,-1.1096000000000001,-0.11,9.9392,-3.4447999999999976,31.715999999999987,0,1,1,100.0
63,63.0,1,20.0,1.0,6,2,4.0629,-0.003230000000000001,0.10612999999999993,0.1382400000000002,41.0,25.8369,0,18.0,1641.0,110.0,-2.7601,0.05,-1.1154000000000002,-0.11,10.023299999999999,-3.8101999999999983,34.02149999999999,0,1,1,100.0
63,64.0,1,20.0,1.0,6,2,3.6646,-0.0030599999999999994,-0.06516000000000001,0.4351199999999999,41.0,25.831799999999998,0,18.0,1641.0,110.0,-2.7158,0.05,-1.1505999999999998,-0.1,9.988,-6.1482,50.3146,0,1,1,100.0
63,65.0,1,20.0,1.0,6,2,3.6385,-0.00335,-0.0611,0.47919999999999996,41.0,25.8405,0,18.0,1641.0,110.0,-2.6955,0.05,-1.1535,-0.1,9.93,-6.2845,51.8835,0,1,1,100.0
63,66.0,1,20.0,1.0,6,2,3.6124,-0.003640000000000001,-0.057039999999999993,0.5232800000000001,41.0,25.8492,0,18.0,1641.0,110.0,-2.6752,0.05,-1.1563999999999999,-0.1,9.872,-6.4208,53.452400000000004,0,1,1,100.0
63,67.0,1,20.0,1.0,6,2,3.5863,-0.003929999999999999,-0.05298000000000002,0.5673599999999998,41.0,25.8579,0,18.0,1641.0,110.0,-2.6549,0.05,-1.1593,-0.1,9.814000000000002,-6.557099999999999,55.02129999999999,0,1,1,100.0
63,68.0,1,20.0,1.0,6,2,3.5864,-0.0068799999999999955,-0.1366400000000002,0.9460399999999995,41.0,25.83,0,18.0,1641.0,110.0,-2.6563999999999997,0.05,-1.16,-0.09,9.502,-6.461600000000001,60.121199999999995,0,1,1,100.0
63,69.0,1,20.0,1.0,6,2,3.6228,-0.00802,-0.08372000000000002,1.0417599999999998,41.0,25.83,0,18.0,1641.0,110.0,-2.6933999999999996,0.050199999999999995,-1.1598,-0.0898,9.3864,-6.2456000000000005,61.227799999999995,0,1,1,100.0
63,70.0,1,20.0,1.0,6,2,3.7039999999999997,-0.0086,-0.0756,1.1218,41.0,25.83,0,18.0,1641.0,110.0,-2.792,0.056,-1.154,-0.084,9.282,-5.828,61.163999999999994,0,1,1,100.0
63,71.0,1,20.0,0.8199999999999988,6,2,3.8014,-0.00918,-0.05631999999999992,1.1923000000000001,41.0,25.83,0,17.82,1641.0,110.0,-2.9104,0.06,-1.1463999999999999,-0.08,9.183,-5.3599999999999985,60.70779999999999,0,1,1,100.0
63,72.0,1,20.0,0.24000000000000338,6,2,3.934799999999999,-0.009759999999999996,-0.01224000000000026,1.2415999999999998,41.0,25.83,0,17.240000000000002,1641.0,110.0,-3.072799999999999,0.06,-1.1348,-0.08,9.096000000000002,-4.780000000000004,59.3796,0,1,1,100.0
63,73.0,1,20.0,0.0,6,2,4.025133333333334,-0.010113333333333334,-0.0015933333333332821,1.2782066666666665,41.0,25.83,0,17.0,1641.0,110.0,-3.1807999999999996,0.061133333333333324,-1.1266,-0.07886666666666668,9.049800000000001,-4.398333333333334,58.3234,0,1,1,100.0
63,74.0,1,20.0,0.0,6,2,4.085066666666667,-0.010306666666666667,-0.01454666666666664,1.3058533333333333,41.0,25.83,0,17.0,1641.0,110.0,-3.2504,0.06306666666666666,-1.1208,-0.07693333333333334,9.0324,-4.156666666666667,57.4592,0,1,1,100.0
63,75.0,1,20.0,0.0,6,2,4.1450000000000005,-0.0105,-0.0275,1.3335000000000001,41.0,25.83,0,17.0,1641.0,110.0,-3.32,0.065,-1.115,-0.07500000000000001,9.015,-3.915,56.595,0,1,1,100.0
63,76.0,1,20.0,0.0,6,2,4.204933333333333,-0.010693333333333334,-0.040453333333333355,1.3611466666666667,41.0,25.83,0,17.0,1641.0,110.0,-3.3896,0.06693333333333334,-1.1092,-0.07306666666666667,8.9976,-3.673333333333333,55.730799999999995,0,1,1,100.0
63,77.0,1,20.0,0.0,6,2,4.264866666666666,-0.010886666666666664,-0.05340666666666659,1.388793333333333,41.0,25.83,0,17.0,1641.0,110.0,-3.4591999999999996,0.06886666666666666,-1.1034000000000002,-0.07113333333333335,8.9802,-3.431666666666668,54.866600000000005,0,1,1,100.0
63,78.0,1,20.0,0.8800000000000011,6,2,5.191199999999999,-0.013,-0.07748000000000013,1.523,41.0,25.83,0,18.119999999999997,1641.0,111.0,-4.297599999999999,0.08,-1.0364,-0.06880000000000001,8.9944,0.26439999999999764,38.36880000000001,0,1,1,100.0
63,79.0,1,20.0,0.5900000000000005,6,2,5.339099999999999,-0.013,-0.042390000000000067,1.523,41.0,25.83,0,18.41,1641.0,111.0,-4.364299999999999,0.08,-1.0277,-0.06590000000000001,9.0292,0.8791999999999989,35.5384,0,1,1,100.0
63,80.0,1,20.0,0.29999999999999993,1,5,5.487,-0.013,-0.007300000000000001,1.523,41.0,25.83,0,18.7,1641.0,111.0,-4.431,0.08,-1.0190000000000001,-0.063,9.064,1.4940000000000002,32.708,0,1,1,100.0
63,81.0,1,20.0,0.009999999999999377,1,5,5.6349,-0.013,0.027790000000000068,1.523,41.0,25.83,0,18.990000000000002,1641.0,111.0,-4.4977,0.08,-1.0103,-0.060099999999999994,9.098799999999999,2.1088000000000013,29.877599999999997,0,1,1,100.0
63,82.0,1,20.0,0.0,1,5,6.493599999999998,-0.08455999999999983,-3.284160000000002,-0.47915999999999703,41.0,25.807599999999997,0,19.0,1641.0,111.0,-4.230400000000001,0.07440000000000004,-0.9732000000000001,-0.06559999999999996,9.522799999999998,6.108799999999991,13.540400000000037,0,1,1,100.0
63,83.0,1,20.0,0.0,1,5,6.818399999999999,-0.1123199999999999,-2.9122200000000014,-0.9911399999999978,41.0,25.776,0,19.0,1641.0,111.0,-3.931000000000002,0.06720000000000005,-0.9572,-0.07,9.772599999999999,7.6963999999999935,7.5684000000000236,0,1,1,100.0
63,84.0,1,20.0,0.0,1,5,7.143199999999999,-0.13435999999999995,-2.4905600000000008,-1.5427199999999988,41.0,25.718,0,19.0,1641.0,111.0,-3.438000000000001,0.055600000000000024,-0.9456,-0.07,10.114799999999999,9.297199999999997,1.8032000000000115,0,1,1,100.0
63,85.0,1,20.0,0.0,1,5,7.459,-0.1546,-2.1976,-1.9833,41.0,25.678,0,19.0,1641.0,111.0,-2.81,0.044000000000000004,-0.9369999999999999,-0.07,10.487,10.823,-3.7399999999999998,0,1,1,100.0
63,86.0,1,20.0,0.0,1,6,7.766400000000001,-0.17316000000000004,-2.0247599999999997,-2.320280000000001,41.0,25.654799999999998,0,19.0,1641.0,111.0,-2.0559999999999983,0.03239999999999998,-0.9312,-0.07,10.887200000000002,12.278800000000004,-9.07600000000001,0,1,1,100.0
63,87.0,1,20.0,0.0,1,6,7.944999999999999,-0.18251999999999996,-1.8965400000000008,-2.558129999999999,41.0,25.633899999999997,0,19.0,1641.0,111.0,-1.5044000000000028,0.02310000000000005,-0.9277000000000001,-0.07229999999999999,11.114899999999999,13.028499999999996,-12.070599999999985,0,1,1,100.0
63,88.0,1,20.0,0.0,1,6,8.09,-0.18947999999999998,-1.7799600000000004,-2.770119999999999,41.0,25.613599999999998,0,19.0,1641.0,111.0,-1.005600000000002,0.014400000000000033,-0.9248000000000001,-0.07519999999999999,11.2976,13.593999999999998,-14.454399999999989,0,1,1,100.0
63,89.0,1,20.0,0.0,1,6,8.234999999999998,-0.19643999999999992,-1.6633800000000014,-2.9821099999999974,41.0,25.5933,0,19.0,1641.0,111.0,-0.5068000000000059,0.005700000000000101,-0.9219,-0.07809999999999997,11.480299999999998,14.159499999999992,-16.838199999999972,0,1,1,100.0
63,90.0,1,20.0,0.0,1,6,8.418,-0.2048,-1.4596,-3.2332,41.0,25.566,0,19.0,1641.0,111.0,0.23200000000000004,-0.006,-0.918,-0.082,11.682,14.766,-19.816,0,1,1,100.0
63,91.0,1,20.0,0.0,1,6,8.673199999999998,-0.21581999999999993,-1.0901400000000028,-3.5585799999999974,41.0,25.5254,0,19.0,1641.0,111.0,1.4267999999999907,-0.023399999999999865,-0.9122000000000001,-0.08779999999999995,11.919799999999999,15.450399999999995,-23.922399999999968,0,1,1,100.0
63,92.0,1,20.0,0.0,1,6,9.2444,-0.23724000000000003,-0.6446799999999993,-4.232280000000002,41.0,25.444799999999997,0,19.0,1641.0,111.0,5.051200000000005,-0.08080000000000008,-0.9,-0.10360000000000003,11.991999999999999,15.953999999999999,-32.90120000000001,0,1,1,100.0
63,93.0,1,20.0,0.0,1,6,9.4126,-0.24245999999999998,-0.46372000000000074,-4.637119999999999,41.0,25.4042,0,19.0,1641.0,111.0,6.454799999999994,-0.09819999999999994,-0.9,-0.10939999999999998,11.818000000000001,15.751000000000001,-35.46479999999999,0,1,1,100.0
63,94.0,1,20.0,0.0,1,6,9.533999999999999,-0.24663999999999994,-0.39976000000000056,-4.862039999999998,41.0,25.363599999999998,0,19.0,1641.0,111.0,7.863599999999983,-0.12079999999999974,-0.9,-0.11,11.436000000000005,15.262000000000006,-37.28999999999998,0,1,1,100.0
63,95.0,1,20.0,0.0,1,6,9.641,-0.2503,-0.35109999999999997,-5.0533,41.0,25.326999999999998,0,19.0,1641.0,111.0,9.266,-0.14400000000000002,-0.901,-0.111,10.988999999999999,14.701,-38.882999999999996,0,1,1,100.0
63,96.0,1,20.0,0.0,1,6,9.7048,-0.25204,-0.3110800000000003,-5.182639999999998,41.0,25.3096,0,19.0,1641.0,111.0,10.63479999999999,-0.16719999999999982,-0.9067999999999999,-0.11679999999999995,10.345200000000006,13.952800000000005,-39.77039999999999,0,1,1,100.0
63,97.0,1,20.0,0.0,1,6,9.7452,-0.25378,-0.24193999999999957,-5.32082,41.0,25.2896,0,19.0,1641.0,111.0,11.967200000000005,-0.1904000000000001,-0.91,-0.12,9.597399999999997,13.139599999999996,-40.2964,0,1,1,100.0
63,98.0,1,20.0,0.0,1,6,9.7568,-0.25552,-0.13696000000000041,-5.46988,41.0,25.2664,0,19.0,1641.0,111.0,13.254799999999994,-0.2135999999999999,-0.91,-0.12,8.721600000000004,12.246400000000003,-40.3776,0,1,1,100.0
63,99.0,1,20.0,0.0,1,6,9.7306,-0.25642,-0.09960000000000013,-5.592479999999998,41.0,25.247400000000003,0,19.0,1641.0,111.0,14.458399999999987,-0.2325999999999998,-0.91,-0.12,7.711400000000013,11.294400000000012,-39.94220000000001,0,1,1,100.0
63,100.0,1,20.0,0.0,3,7,9.69,-0.257,-0.088,-5.705,41.0,25.23,0,19.0,1641.0,111.0,15.63,-0.25,-0.91,-0.12,6.65,10.32,-39.31,0,1,1,100.0
66,0.0,1,20.0,0.0,0,1,4.81,-0.02,-0.413,-0.794,41.0,25.83,0,19.0,1641.0,113.0,8.89,-0.17,-1.08,-0.06,-4.42,-8.76,-2.67,0,1,1,100.0
66,1.0,1,20.0,0.0,0,1,4.770666666666666,-0.02177,-0.45135,-0.75388,41.0,25.83,0,19.0,1641.0,113.0,8.783800000000001,-0.16803333333333334,-1.0819666666666667,-0.06,-4.2783999999999995,-8.8603,-2.3514,0,1,1,100.0
66,2.0,1,20.0,0.0,0,1,4.731333333333334,-0.023540000000000002,-0.48969999999999997,-0.7137600000000001,41.0,25.83,0,19.0,1641.0,113.0,8.6776,-0.16606666666666667,-1.0839333333333334,-0.06,-4.1368,-8.9606,-2.0328,0,1,1,100.0
66,3.0,1,20.0,0.0,0,1,4.692,-0.025310000000000003,-0.52805,-0.67364,41.0,25.83,0,19.0,1641.0,113.0,8.5714,-0.1641,-1.0859,-0.06,-3.9952,-9.0609,-1.7141999999999997,0,1,1,100.0
66,4.0,1,20.0,0.0,0,1,4.652666666666667,-0.02708,-0.5664,-0.63352,41.0,25.83,0,19.0,1641.0,113.0,8.4652,-0.16213333333333335,-1.0878666666666668,-0.06,-3.8536,-9.1612,-1.3956,0,1,1,100.0
66,5.0,1,20.0,0.0,0,1,4.613333333333333,-0.02885,-0.60475,-0.5933999999999999,41.0,25.83,0,19.0,1641.0,113.0,8.359,-0.16016666666666668,-1.0898333333333334,-0.06,-3.712,-9.2615,-1.077,0,1,1,100.0
66,6.0,1,20.0,0.0,0,1,4.2703,-0.035480000000000005,-2.2906400000000016,-0.4306999999999998,41.0,25.838099999999997,0,43.87999999999999,1641.0,113.0,7.5832999999999995,-0.1473,-1.08,-0.07,-1.9809999999999997,-9.560599999999999,3.4659000000000004,0,1,1,100.0
66,7.0,1,20.0,0.0,0,1,4.23785,-0.04256000000000001,-4.129080000000001,-0.2566499999999999,41.0,25.84695,0,27.35999999999999,1641.0,113.0,7.52135,-0.14435,-1.08,-0.07,-1.7744999999999997,-9.4957,4.106050000000001,0,1,1,100.0
66,8.0,1,20.0,0.0,0,1,4.2054,-0.049640000000000004,-5.96752,-0.08259999999999991,41.0,25.8558,0,10.839999999999995,1641.0,113.0,7.4594,-0.1414,-1.08,-0.07,-1.5679999999999998,-9.4308,4.7462,0,1,1,100.0
66,9.0,1,20.0,0.0,0,1,4.084499999999999,-0.056620000000000004,-0.14200000000000002,0.0,41.0,25.86,0,3.0,1641.0,113.0,7.2521,-0.13690000000000002,-1.07,-0.07310000000000001,-0.715,-8.725399999999999,7.7397,0,1,1,100.0
66,10.0,1,20.0,0.0,0,1,4.055,-0.057800000000000004,-0.20099999999999998,0.0,41.0,25.86,0,3.0,1641.0,113.0,7.199000000000001,-0.131,-1.07,-0.079,-0.42,-8.336,8.843,0,1,1,100.0
66,11.0,1,20.0,0.0,0,1,4.04265,-0.05849,-0.18110999999999997,0.0,41.0,25.86,0,3.0,1641.0,113.0,7.1802,-0.13,-1.06755,-0.08,-0.27199999999999985,-8.078899999999999,9.397499999999999,0,1,1,100.0
66,12.0,1,20.0,0.0,0,1,4.033799999999999,-0.05908,-0.14511999999999992,0.0,41.0,25.86,0,3.0,1641.0,113.0,7.1684,-0.13,-1.0646,-0.08,-0.15399999999999978,-7.8488,9.84,0,1,1,100.0
66,13.0,1,20.0,0.0,0,1,4.02495,-0.05967,-0.10912999999999998,0.0,41.0,25.86,0,3.0,1641.0,113.0,7.1566,-0.13,-1.06165,-0.08,-0.035999999999999935,-7.6187000000000005,10.282499999999999,0,1,1,100.0
66,14.0,1,20.0,0.0,0,1,4.0226,-0.06,0.07713999999999999,0.0,41.0,25.86,0,3.0,1641.0,113.0,7.1426,-0.13,-1.05,-0.08130000000000001,0.3812000000000001,-6.5356,11.6363,0,1,1,100.0
66,15.0,1,20.0,0.0,0,1,4.0285,-0.06,0.07065,0.0,41.0,25.86,0,3.0,1641.0,113.0,7.1485,-0.13,-1.05,-0.08425,0.45199999999999996,-6.276,11.78675,0,1,1,100.0
66,16.0,1,20.0,0.0,0,1,4.0344,-0.06,0.06416,0.0,41.0,25.86,0,3.0,1641.0,113.0,7.1544,-0.13,-1.05,-0.0872,0.5228,-6.0164,11.9372,0,1,1,100.0
66,17.0,1,20.0,0.0,0,1,4.0415,-0.059969999999999996,0.055149999999999894,0.0,41.0,25.86,0,3.0,1641.0,113.0,7.1618,-0.13,-1.0497,-0.09,0.5951000000000002,-5.743599999999999,12.0794,0,1,1,100.0
66,18.0,1,20.0,0.0,0,1,4.071,-0.059379999999999995,-0.0009000000000000226,0.0,41.0,25.86,0,3.0,1641.0,113.0,7.1972,-0.13,-1.0438,-0.09,0.6954,-5.224399999999999,12.0676,0,1,1,100.0
66,19.0,1,20.0,0.0,0,1,4.191,-0.05837,0.06735000000000028,0.0,41.0,25.86,0,3.0,1641.0,113.0,7.3068,-0.13,-1.03,-0.09,0.84,-3.884099999999999,11.281099999999999,0,1,1,100.0
66,20.0,1,20.0,0.0,0,1,4.25,-0.0566,0.265,0.0,41.0,25.86,0,3.0,1641.0,113.0,7.354,-0.13,-1.03,-0.09,0.84,-3.4179999999999997,10.638,0,1,1,100.0
66,21.0,1,20.0,0.0,0,1,4.293399999999999,-0.05522,0.34838,0.0,41.0,25.86,0,3.0,1641.0,113.0,7.3856,-0.13,-1.0280500000000001,-0.09,0.8204999999999999,-3.1137499999999996,10.107999999999999,0,1,1,100.0
66,22.0,1,20.0,0.0,0,1,4.328799999999999,-0.05404,0.37316000000000005,0.0,41.0,25.86,0,3.0,1641.0,113.0,7.4092,-0.13,-1.0251000000000001,-0.09,0.7909999999999999,-2.892499999999999,9.636,0,1,1,100.0
66,23.0,1,20.0,0.0,0,1,4.364199999999999,-0.05286,0.39794000000000007,0.0,41.0,25.86,0,3.0,1641.0,113.0,7.4328,-0.13,-1.0221500000000001,-0.09,0.7614999999999998,-2.6712499999999992,9.163999999999998,0,1,1,100.0
66,24.0,1,20.0,0.0,0,1,4.554,-0.04127999999999996,0.7602800000000013,0.0,41.0,25.86,0,3.0,1641.0,113.0,7.5048,-0.13,-1.01,-0.1,0.5051999999999994,-1.6827999999999985,6.302399999999994,0,1,1,100.0
66,25.0,1,20.0,0.0,0,1,4.6425,-0.03125,1.0895000000000001,0.0,41.0,25.86,0,3.0,1641.0,113.0,7.5225,-0.13,-1.01,-0.1,0.34,-1.2875,4.7625,0,1,1,100.0
66,26.0,1,20.0,0.0,0,1,4.7378,-0.01951999999999999,1.5159600000000006,0.0,41.0,25.86,0,3.0,1641.0,113.0,7.5232,-0.13,-1.01,-0.1,0.1509999999999998,-0.9193999999999998,3.0321999999999982,0,1,1,100.0
66,27.0,1,20.0,0.0,0,1,4.8381,-0.006539999999999977,2.013920000000001,0.0,41.0,25.86,0,3.0,1641.0,113.0,7.5114,-0.13,-1.01,-0.1,-0.05550000000000041,-0.5712999999999994,1.1618999999999962,0,1,1,100.0
66,28.0,1,20.0,0.1733333333333339,0,1,4.8777333333333335,0.00020000000000001706,2.1269066666666667,0.0,41.0,25.86,0,3.173333333333334,1641.0,113.0,7.497866666666667,-0.13,-1.01,-0.1,-0.1510666666666669,-0.4415999999999997,0.27093333333333114,0,1,1,100.0
66,29.0,1,20.0,0.3700000000000008,0,1,4.9092,0.006100000000000023,2.18807,0.0,41.0,25.86,0,3.3700000000000006,1641.0,113.0,7.4841,-0.13,-1.01,-0.1,-0.2317000000000003,-0.3412999999999996,-0.4882000000000028,0,1,1,100.0
66,30.0,1,20.0,0.5666666666666667,0,1,4.940666666666666,0.012,2.249233333333333,0.0,41.0,25.86,0,3.566666666666667,1641.0,113.0,7.4703333333333335,-0.13,-1.01,-0.1,-0.3123333333333333,-0.241,-1.2473333333333332,0,1,1,100.0
66,31.0,1,20.0,0.7633333333333335,0,1,4.972133333333333,0.017900000000000006,2.3103966666666667,0.0,41.0,25.86,0,3.7633333333333336,1641.0,113.0,7.456566666666667,-0.13,-1.01,-0.1,-0.39296666666666674,-0.1406999999999999,-2.0064666666666673,0,1,1,100.0
66,32.0,1,20.0,0.9600000000000004,0,1,5.0036,0.023800000000000012,2.37156,0.0,41.0,25.86,0,3.9600000000000004,1641.0,113.0,7.4428,-0.13,-1.01,-0.1,-0.47360000000000013,-0.0403999999999998,-2.765600000000001,0,1,1,100.0
66,33.0,1,20.0,1.0,0,1,5.4105,0.09276000000000001,0.4647799999999974,0.0,41.0,25.86,0,4.0,1641.0,113.0,6.833799999999999,-0.12,-1.0,-0.1,-1.733800000000001,0.7252000000000003,-15.71840000000001,0,1,1,100.0
66,34.0,1,20.0,1.0,0,1,5.497800000000001,0.09639999999999999,-0.39092000000000177,0.0,41.0,25.86,0,4.0,1641.0,113.0,6.547999999999998,-0.11879999999999995,-1.0,-0.1,-2.047600000000001,0.8124000000000001,-19.05600000000001,0,1,1,100.0
66,35.0,1,20.0,1.0,0,1,5.5745000000000005,0.0905,-0.8523,0.0,41.0,25.86,0,4.0,1641.0,113.0,6.135,-0.107,-1.0,-0.1,-2.319,0.836,-22.065,0,1,1,100.0
66,36.0,1,20.0,1.0,0,1,5.6308,0.08519999999999998,-1.0868799999999998,0.0,41.0,25.86,0,4.0,1641.0,113.0,5.7832,-0.0988,-1.0012,-0.10120000000000001,-2.5112,0.8488,-24.2892,0,1,1,100.0
66,37.0,1,20.0,1.0,0,1,5.65735,0.08077499999999999,-0.9907099999999998,0.0,41.0,25.86,0,4.0,1641.0,113.0,5.520649999999999,-0.09584999999999999,-1.00415,-0.10415,-2.5879000000000003,0.84585,-25.368900000000004,0,1,1,100.0
66,38.0,1,20.0,1.0,6,2,5.6839,0.07634999999999999,-0.8945399999999998,0.0,41.0,25.86,0,4.0,1641.0,113.0,5.258099999999999,-0.0929,-1.0071,-0.10710000000000001,-2.6646000000000005,0.8429,-26.448600000000006,0,1,1,100.0
66,39.0,1,20.0,0.0,6,2,5.770099999999999,0.06975999999999995,-0.9296000000000011,0.13025999999999688,41.0,25.859299999999998,0,17.0,1641.0,113.0,3.9998999999999976,-0.06979999999999996,-1.01,-0.11010000000000002,-2.7271999999999994,0.7397999999999999,-29.3997,0,1,1,100.0
66,40.0,1,20.0,0.0,6,2,5.776,0.055600000000000004,-1.201,-0.6804,41.0,25.817999999999998,0,17.0,1641.0,113.0,3.404,-0.058,-1.01,-0.11599999999999999,-2.5620000000000003,0.728,-29.382,0,1,1,100.0
66,41.0,1,20.0,0.0,6,2,5.7781,0.04498666666666666,-1.3568799999999999,-1.24957,41.0,25.7881,0,17.0,1641.0,113.0,2.9392,-0.04936666666666667,-1.0106333333333333,-0.12,-2.415166666666667,0.7282333333333333,-29.25916666666667,0,1,1,100.0
66,42.0,1,20.0,0.0,6,2,5.7722,0.041839999999999995,-1.2695599999999998,-1.31034,41.0,25.7822,0,17.0,1641.0,113.0,2.7503999999999995,-0.0474,-1.0126,-0.12,-2.307,0.7538,-28.915,0,1,1,100.0
66,43.0,1,20.0,0.0,6,2,5.7663,0.03869333333333332,-1.1822399999999997,-1.37111,41.0,25.7763,0,17.0,1641.0,113.0,2.5615999999999994,-0.04543333333333333,-1.0145666666666666,-0.12,-2.198833333333333,0.7793666666666668,-28.570833333333333,0,1,1,100.0
66,44.0,1,20.0,0.0,6,2,5.7604,0.03554666666666665,-1.0949199999999997,-1.4318800000000003,41.0,25.770400000000002,0,17.0,1641.0,113.0,2.3727999999999994,-0.04346666666666666,-1.0165333333333333,-0.12,-2.090666666666666,0.8049333333333334,-28.226666666666667,0,1,1,100.0
66,45.0,1,20.0,0.0,6,2,5.7545,0.0324,-1.0076,-1.49265,41.0,25.7645,0,17.0,1641.0,113.0,2.184,-0.0415,-1.0185,-0.12,-1.9825,0.8305,-27.8825,0,1,1,100.0
66,46.0,1,20.0,1.0,6,2,5.5167,0.01357999999999999,-0.40883000000000014,-1.2899999999999987,41.0,25.83,0,18.0,1641.0,113.0,0.33169999999999883,-0.008599999999999965,-1.0207,-0.13,-0.0038999999999979004,1.2228,-19.98559999999999,0,1,1,100.0
66,47.0,1,20.0,1.0,6,2,5.46065,0.011809999999999996,-0.42918500000000004,-1.0834999999999997,41.0,25.83,0,18.0,1641.0,113.0,0.12814999999999965,-0.002699999999999989,-1.02365,-0.13,0.3589500000000007,1.2346,-18.534199999999995,0,1,1,100.0
66,48.0,1,20.0,1.0,6,2,5.404599999999999,0.010039999999999986,-0.44954000000000016,-0.8769999999999984,41.0,25.83,0,18.0,1641.0,113.0,-0.07540000000000151,0.0032000000000000457,-1.0266,-0.13,0.7218000000000028,1.2464000000000002,-17.082799999999988,0,1,1,100.0
66,49.0,1,20.0,1.0,6,2,5.3485499999999995,0.008269999999999993,-0.46989500000000006,-0.6704999999999992,41.0,25.83,0,18.0,1641.0,113.0,-0.2789500000000007,0.009100000000000023,-1.02955,-0.13,1.0846500000000014,1.2582,-15.631399999999994,0,1,1,100.0
66,50.0,1,20.0,1.0,6,2,4.99,-0.0015,-0.4895,0.8630000000000001,41.0,25.83,0,18.0,1641.0,113.0,-1.18,0.024999999999999998,-1.0350000000000001,-0.14,3.3449999999999998,0.8300000000000001,-6.79,0,1,1,100.0
66,51.0,1,20.0,1.0,6,2,4.8347999999999995,-0.005810000000000031,-0.5019000000000003,1.4709500000000026,41.0,25.8264,0,18.0,1641.0,113.0,-1.4814000000000016,0.03,-1.0409000000000002,-0.14,4.276700000000005,0.5179999999999972,-3.1359999999999775,0,1,1,100.0
66,52.0,1,20.0,1.0,6,2,4.6696,-0.01112000000000001,-0.5668000000000001,1.9164000000000008,41.0,25.802799999999998,0,18.0,1641.0,113.0,-1.7528000000000004,0.03,-1.0468,-0.14,5.238400000000001,0.045999999999999146,0.758000000000007,0,1,1,100.0
66,53.0,1,20.0,1.0,6,2,4.501699999999999,-0.015080000000000019,-0.425149999999997,2.1404499999999995,41.0,25.7819,0,18.0,1641.0,113.0,-2.016100000000002,0.03270000000000005,-1.0527000000000002,-0.14,6.183900000000007,-0.49080000000000473,4.7654000000000325,0,1,1,100.0
66,54.0,1,20.0,1.0,6,2,4.3306,-0.017440000000000008,-0.038699999999998465,2.1020999999999996,41.0,25.764200000000002,0,18.0,1641.0,113.0,-2.269800000000001,0.03860000000000002,-1.0586,-0.14,7.110200000000003,-1.1044000000000025,8.907200000000017,0,1,1,100.0
66,55.0,1,20.0,1.0,6,2,4.2225,-0.017325,0.07212500000000001,1.991075,41.0,25.766750000000002,0,18.0,1641.0,113.0,-2.4177500000000003,0.04225,-1.0622500000000001,-0.14,7.64275,-1.52675,11.555,0,1,1,100.0
66,56.0,1,20.0,1.0,6,2,4.1339999999999995,-0.016439999999999993,0.09720000000000016,1.857439999999999,41.0,25.7756,0,18.0,1641.0,113.0,-2.532800000000001,0.04520000000000002,-1.0652000000000001,-0.14,8.052800000000003,-1.8896000000000022,13.738000000000012,0,1,1,100.0
66,57.0,1,20.0,1.0,6,2,4.0455,-0.015554999999999998,0.12227500000000006,1.7238049999999996,41.0,25.78445,0,18.0,1641.0,113.0,-2.6478500000000005,0.048150000000000005,-1.0681500000000002,-0.14,8.462850000000001,-2.2524500000000005,15.921000000000003,0,1,1,100.0
66,58.0,1,20.0,1.0,6,2,3.928399999999999,-0.014339999999999986,0.18134000000000092,1.5420999999999978,41.0,25.7988,0,18.0,1641.0,113.0,-2.7860000000000014,0.052200000000000045,-1.0744000000000002,-0.14,8.964200000000005,-2.774800000000006,18.984000000000034,0,1,1,100.0
66,59.0,1,20.0,1.0,6,2,3.7631999999999994,-0.012569999999999993,0.2975700000000005,1.279549999999999,41.0,25.8224,0,18.0,1641.0,113.0,-2.9630000000000005,0.05810000000000002,-1.0862,-0.14,9.619100000000003,-3.565400000000003,23.527000000000015,0,1,1,100.0
66,60.0,1,20.0,1.0,6,2,3.362,-0.0072,0.22519999999999998,0.7133999999999999,41.0,25.83,0,18.0,1641.0,113.0,-3.198,0.06,-1.118,-0.13,10.674,-5.892,35.940000000000005,0,1,1,100.0
66,61.0,1,20.0,1.0,6,2,3.2321999999999993,-0.006019999999999993,0.1089699999999993,0.5664899999999992,41.0,25.83,0,18.0,1641.0,113.0,-3.2098,0.06,-1.1298,-0.13,10.856900000000001,-6.794700000000005,40.51250000000003,0,1,1,100.0
66,62.0,1,20.0,1.0,6,2,3.1255999999999995,-0.005419999999999999,0.0002799999999997905,0.6318600000000001,41.0,25.83,0,18.0,1641.0,113.0,-3.1578,0.06,-1.1358,-0.13,10.8484,-7.691600000000002,44.76020000000001,0,1,1,100.0
66,63.0,1,20.0,1.0,6,2,3.0312999999999994,-0.0051700000000000045,-0.06271999999999961,0.6752199999999999,41.0,25.835099999999997,0,18.0,1641.0,113.0,-3.0944999999999996,0.06,-1.1417,-0.12829999999999997,10.794099999999998,-8.564600000000006,48.82380000000003,0,1,1,100.0
66,64.0,1,20.0,1.0,6,2,2.9663999999999997,-0.005760000000000002,-0.013159999999999799,0.65516,41.0,25.8528,0,18.0,1641.0,113.0,-3.006,0.06,-1.1476,-0.12239999999999998,10.6348,-9.378800000000004,52.44640000000002,0,1,1,100.0
66,65.0,1,20.0,1.0,6,2,2.926,-0.006,-0.00665,0.69845,41.0,25.8495,0,18.0,1641.0,113.0,-2.928,0.06,-1.15,-0.12,10.419500000000001,-10.1265,55.53,0,1,1,100.0
66,66.0,1,20.0,1.0,6,2,2.9023999999999996,-0.006,-0.02966000000000013,0.7851800000000005,41.0,25.831799999999998,0,18.0,1641.0,113.0,-2.8571999999999997,0.06,-1.15,-0.12,10.165799999999999,-10.828600000000005,58.24400000000002,0,1,1,100.0
66,67.0,1,20.0,1.0,6,2,2.9159,-0.006530000000000001,-0.05532000000000005,0.8199700000000001,41.0,25.83,0,18.0,1641.0,113.0,-2.8341,0.06,-1.1446999999999998,-0.11469999999999998,9.8591,-11.419400000000001,59.92980000000001,0,1,1,100.0
66,68.0,1,20.0,1.0,6,2,2.9372000000000003,-0.007060000000000002,-0.06615999999999962,0.8487000000000002,41.0,25.83,0,18.0,1641.0,113.0,-2.8272,0.06,-1.1394,-0.11,9.575799999999997,-11.922600000000003,61.2046,0,1,1,100.0
66,69.0,1,20.0,1.0,6,2,2.9726000000000004,-0.007355000000000001,-0.01777999999999982,0.8767250000000001,41.0,25.83,0,18.0,1641.0,113.0,-2.8626,0.06,-1.13645,-0.11,9.407649999999999,-12.132050000000001,61.32555,0,1,1,100.0
66,70.0,1,20.0,1.0,6,2,3.008,-0.0076500000000000005,0.03059999999999999,0.9047499999999999,41.0,25.83,0,18.0,1641.0,113.0,-2.8979999999999997,0.06,-1.1335,-0.11,9.2395,-12.3415,61.4465,0,1,1,100.0
66,71.0,1,20.0,1.0,6,2,3.0434,-0.007945000000000002,0.07898000000000026,0.9327750000000001,41.0,25.83,0,18.0,1641.0,113.0,-2.9334000000000002,0.06,-1.13055,-0.11,9.071349999999999,-12.55095,61.56745,0,1,1,100.0
66,72.0,1,20.0,1.0,6,2,3.1508000000000003,-0.008480000000000001,0.016479999999999825,0.97688,41.0,25.83,0,18.0,1641.0,113.0,-3.0744000000000002,0.06,-1.1204,-0.11,8.766399999999999,-12.7628,60.6492,0,1,1,100.0
66,73.0,1,20.0,1.0,6,2,3.5629500000000007,-0.009,-0.026704999999999916,0.998525,41.0,25.83,0,18.0,1641.0,113.0,-3.690650000000001,0.07035000000000002,-1.07895,-0.1,7.93425,-12.793399999999998,55.09319999999999,0,1,1,100.0
66,74.0,1,20.0,1.0,6,2,3.6721000000000004,-0.009,-0.01578999999999996,1.00295,41.0,25.83,0,18.0,1641.0,113.0,-3.8647000000000005,0.07330000000000002,-1.0701,-0.1,7.8015,-12.569199999999999,53.181599999999996,0,1,1,100.0
66,75.0,1,20.0,1.0,6,2,3.78125,-0.009,-0.004875000000000003,1.007375,41.0,25.83,0,18.0,1641.0,113.0,-4.038749999999999,0.07625,-1.06125,-0.1,7.66875,-12.345,51.27,0,1,1,100.0
66,76.0,1,20.0,1.0,6,2,3.8904000000000005,-0.009,0.00604000000000006,1.0118,41.0,25.83,0,18.0,1641.0,113.0,-4.2128000000000005,0.07920000000000002,-1.0524,-0.1,7.536,-12.1208,49.35839999999999,0,1,1,100.0
66,77.0,1,20.0,0.5699999999999988,6,2,4.565,-0.008,0.06942,0.9490299999999999,41.0,25.8128,0,18.43,1641.0,114.0,-5.145100000000001,0.09430000000000001,-1.0070999999999999,-0.09,7.0497,-9.401999999999997,36.33049999999999,0,1,1,100.0
66,78.0,1,20.0,0.0,1,5,4.8606000000000025,-0.008820000000000187,-0.0033800000000157693,0.8698399999999923,41.0,25.79,0,19.0,1641.0,114.0,-5.476800000000002,0.1,-0.9895999999999999,-0.09,6.9292,-7.847599999999983,30.62619999999995,0,1,1,100.0
66,79.0,1,20.0,0.0,1,5,5.173300000000001,-0.033010000000000095,-2.050090000000008,-0.13788000000000392,41.0,25.79,0,19.0,1641.0,114.0,-5.6774000000000004,0.1,-0.9777999999999999,-0.09,6.9056,-5.711799999999991,24.614099999999976,0,1,1,100.0
66,80.0,1,20.0,0.0,1,5,5.492,-0.0584,-3.2808,-0.9560000000000001,41.0,25.776,0,19.0,1641.0,114.0,-5.808,0.1,-0.966,-0.09,6.902,-3.412,18.61,0,1,1,100.0
66,81.0,1,20.0,0.0,1,5,5.822400000000002,-0.08613000000000016,-2.920309999999998,-1.4044000000000025,41.0,25.7347,0,19.0,1641.0,114.0,-5.802099999999999,0.1,-0.9541999999999999,-0.09,6.9374,-0.7923999999999851,12.621499999999966,0,1,1,100.0
66,82.0,1,20.0,0.0,1,5,6.009666666666667,-0.10081333333333335,-2.7282866666666665,-1.6913000000000005,41.0,25.70733333333333,0,19.0,1641.0,114.0,-5.741733333333333,0.09873333333333334,-0.9474666666666667,-0.09126666666666666,6.9538,0.7594000000000019,9.248666666666663,0,1,1,100.0
66,83.0,1,20.0,0.0,1,5,6.117833333333334,-0.10828666666666673,-2.6293633333333326,-1.8889500000000015,41.0,25.687666666666665,0,19.0,1641.0,114.0,-5.6512666666666656,0.09676666666666665,-0.9435333333333333,-0.09323333333333335,6.959700000000001,1.7211000000000074,7.321333333333318,0,1,1,100.0
66,84.0,1,20.0,0.0,1,5,6.226000000000001,-0.11576000000000003,-2.5304399999999996,-2.0866000000000007,41.0,25.668,0,19.0,1641.0,114.0,-5.5607999999999995,0.0948,-0.9396,-0.0952,6.9656,2.682800000000004,5.393999999999992,0,1,1,100.0
66,85.0,1,20.0,0.0,1,5,6.334166666666668,-0.12323333333333342,-2.4315166666666657,-2.284250000000002,41.0,25.648333333333333,0,19.0,1641.0,114.0,-5.470333333333333,0.09283333333333331,-0.9356666666666666,-0.09716666666666669,6.971500000000001,3.6445000000000096,3.4666666666666472,0,1,1,100.0
66,86.0,1,20.0,0.0,1,5,6.442333333333334,-0.13070666666666672,-2.332593333333333,-2.481900000000001,41.0,25.628666666666668,0,19.0,1641.0,114.0,-5.379866666666666,0.09086666666666665,-0.9317333333333333,-0.09913333333333335,6.9774,4.606200000000006,1.539333333333321,0,1,1,100.0
66,87.0,1,20.0,0.0,1,5,7.678500000000003,-0.1899500000000001,-1.1349599999999973,-4.098920000000006,41.0,25.436999999999998,0,19.0,1641.0,114.0,-2.339599999999987,0.040099999999999796,-0.9167,-0.11330000000000007,6.691199999999998,15.232100000000022,-19.301900000000053,0,1,1,100.0
66,88.0,1,20.0,0.0,1,6,7.944000000000003,-0.1988000000000001,-0.9060399999999983,-4.585080000000003,41.0,25.378,0,19.0,1641.0,114.0,-1.2303999999999915,0.022399999999999864,-0.9107999999999999,-0.11920000000000004,6.478799999999999,17.220400000000012,-23.685600000000036,0,1,1,100.0
66,89.0,1,20.0,0.0,1,6,8.168700000000001,-0.20612000000000003,-0.7291399999999993,-4.888660000000001,41.0,25.3343,0,19.0,1641.0,114.0,0.07260000000000495,-0.000400000000000091,-0.91,-0.13020000000000004,6.1286999999999985,18.632400000000004,-27.528700000000015,0,1,1,100.0
66,90.0,1,20.0,0.0,1,6,8.379999999999999,-0.21259999999999998,-0.5686,-5.1653,41.0,25.289,0,19.0,1641.0,114.0,1.436,-0.024,-0.91,-0.14100000000000001,5.723,19.830000000000002,-31.166999999999998,0,1,1,100.0
66,91.0,1,20.0,0.0,1,6,8.556999999999999,-0.21613999999999997,-0.44824000000000047,-5.450269999999999,41.0,25.2241,0,19.0,1641.0,114.0,2.9463999999999944,-0.047599999999999906,-0.91,-0.14689999999999998,5.150700000000002,20.419999999999998,-34.21729999999999,0,1,1,100.0
66,92.0,1,20.0,0.0,1,6,8.706000000000001,-0.21912000000000004,-0.32619999999999855,-5.712840000000003,41.0,25.1816,0,19.0,1641.0,114.0,4.510000000000019,-0.07120000000000028,-0.91,-0.15560000000000013,4.463599999999991,20.6796,-36.91480000000003,0,1,1,100.0
66,93.0,1,20.0,0.0,1,6,8.824,-0.22148,-0.20229999999999904,-5.950610000000002,41.0,25.1639,0,19.0,1641.0,114.0,6.132500000000013,-0.09480000000000019,-0.91,-0.1674000000000001,3.6493999999999938,20.5734,-39.22170000000001,0,1,1,100.0
66,94.0,1,20.0,0.0,1,6,8.9006,-0.22338000000000002,-0.19110000000000008,-6.042560000000001,41.0,25.1416,0,19.0,1641.0,114.0,7.805600000000006,-0.12300000000000011,-0.91,-0.17460000000000003,2.632799999999996,19.970399999999998,-40.88,0,1,1,100.0
66,95.0,1,20.0,0.0,1,6,8.960500000000001,-0.22505,-0.207925,-6.096450000000001,41.0,25.11825,0,19.0,1641.0,114.0,9.4215,-0.15125,-0.91,-0.18025,1.59425,19.23625,-42.25675,0,1,1,100.0
66,96.0,1,20.0,0.0,1,6,8.9664,-0.22564,-0.18343999999999963,-6.184360000000002,41.0,25.0976,0,19.0,1641.0,114.0,10.265200000000013,-0.16600000000000023,-0.91,-0.18320000000000003,0.9363999999999898,18.60199999999999,-42.5724,0,1,1,100.0
66,97.0,1,20.0,0.0,1,6,8.9723,-0.22623000000000001,-0.1589549999999997,-6.272270000000001,41.0,25.07695,0,19.0,1641.0,114.0,11.10890000000001,-0.1807500000000002,-0.91,-0.18615000000000004,0.2785499999999923,17.96774999999999,-42.88805,0,1,1,100.0
66,98.0,1,20.0,0.0,1,6,8.978200000000001,-0.22682000000000002,-0.1344699999999998,-6.360180000000001,41.0,25.0563,0,19.0,1641.0,114.0,11.952600000000007,-0.19550000000000012,-0.91,-0.18910000000000002,-0.3793000000000052,17.333499999999997,-43.2037,0,1,1,100.0
66,99.0,1,20.0,0.0,1,6,8.9472,-0.227,-0.09788999999999984,-6.45711,41.0,25.0377,0,19.0,1641.0,114.0,13.325200000000006,-0.2164000000000001,-0.91,-0.19410000000000002,-1.6255000000000057,15.963299999999993,-43.1565,0,1,1,100.0
66,100.0,1,20.0,0.0,3,7,8.9,-0.227,-0.056,-6.558,41.0,25.02,0,19.0,1641.0,114.0,14.93,-0.24,-0.91,-0.2,-3.13,14.27,-42.95,0,1,1,100.0
67,0.0,1,20.0,0.0,0,1,5.81,-0.077,0.373,-3.446,41.0,25.65,0,19.0,1641.0,114.0,14.05,-0.27,-1.07,-0.02,-4.52,10.65,-2.44,0,1,1,100.0
67,1.0,1,20.0,0.0,0,1,5.5917,-0.07464,0.26031,-2.5120299999999998,41.0,25.65,0,19.0,1641.0,114.0,13.7432,-0.2641,-1.0759,-0.02,-3.9772,10.0246,-0.49889999999999973,0,1,1,100.0
67,2.0,1,20.0,0.0,0,1,5.3806,-0.073,0.182,-1.863,41.0,25.65,0,22.6,1641.0,114.0,13.4544,-0.2582,-1.08,-0.0182,-3.447,9.3362,1.2856,0,1,1,100.0
67,3.0,1,20.0,0.0,0,1,5.1859,-0.073,0.182,-1.863,41.0,25.65,0,34.400000000000006,1641.0,114.0,13.2066,-0.2523,-1.08,-0.012299999999999997,-2.9455,8.504299999999999,2.7134000000000005,0,1,1,100.0
67,4.0,1,20.0,0.0,0,1,5.002,-0.073,0.182,-1.863,41.0,25.65,0,46.2,1641.0,114.0,12.9804,-0.25,-1.08,-0.01,-2.4656,7.6472,3.9756000000000005,0,1,1,100.0
67,5.0,1,20.0,0.0,0,1,4.824999999999999,-0.073,0.182,-1.863,41.0,25.65,0,58.0,1641.0,114.0,12.768,-0.25,-1.08,-0.01,-1.9995,6.774,5.132000000000001,0,1,1,100.0
67,6.0,1,20.0,0.0,0,1,4.6804,-0.07138,0.5929400000000004,-0.856979999999999,41.0,25.839,0,27.679999999999968,1641.0,114.0,12.5772,-0.24459999999999998,-1.08,-0.015400000000000006,-1.5765999999999996,5.943999999999999,6.137200000000001,0,1,1,100.0
67,7.0,1,20.0,0.0,0,1,4.557,-0.070065,0.8798199999999997,0.0,41.0,25.9909,0,1.0,1641.0,114.0,12.410499999999999,-0.23934999999999998,-1.08,-0.02,-1.2084,5.22005,7.002300000000001,0,1,1,100.0
67,8.0,1,20.0,0.0,0,1,4.498,-0.07036,0.5930799999999998,0.0,41.0,25.9496,0,1.0,1641.0,114.0,12.322,-0.2364,-1.08,-0.02,-1.0195999999999998,4.8572,7.421200000000001,0,1,1,100.0
67,9.0,1,20.0,0.0,0,1,4.439,-0.070655,0.3063399999999999,0.0,41.0,25.9083,0,1.0,1641.0,114.0,12.233500000000001,-0.23345,-1.08,-0.02,-0.8308,4.49435,7.8401000000000005,0,1,1,100.0
67,10.0,1,20.0,0.0,0,1,4.38,-0.07095,0.0196,0.0,41.0,25.867,0,1.0,1641.0,114.0,12.145000000000001,-0.2305,-1.08,-0.02,-0.642,4.1315,8.259,0,1,1,100.0
67,11.0,1,20.0,0.0,0,1,4.2965,-0.07149,0.017060000000000054,0.0,41.0,25.86,0,1.0,1641.0,114.0,11.9977,-0.23,-1.08,-0.02,-0.34539999999999965,3.5603999999999996,8.8543,0,1,1,100.0
67,12.0,1,20.0,0.0,0,1,4.2164,-0.072,0.06167999999999996,0.0,41.0,25.86,0,1.0,1641.0,114.0,11.849599999999999,-0.2296,-1.0796000000000001,-0.020400000000000005,-0.051999999999999755,2.9971999999999994,9.426,0,1,1,100.0
67,13.0,1,20.0,0.0,0,1,4.18985,-0.072,0.03719499999999999,0.0,41.0,25.86,0,1.0,1641.0,114.0,11.7729,-0.22665000000000002,-1.07665,-0.023350000000000003,0.08075000000000006,2.7552999999999996,9.617750000000001,0,1,1,100.0
67,14.0,1,20.0,0.0,0,1,4.1633,-0.072,0.012709999999999966,0.0,41.0,25.86,0,1.0,1641.0,114.0,11.6962,-0.2237,-1.0737,-0.026300000000000004,0.21350000000000016,2.5133999999999994,9.809500000000002,0,1,1,100.0
67,15.0,1,20.0,0.0,0,1,4.13675,-0.072,-0.011774999999999999,0.0,41.0,25.86,0,1.0,1641.0,114.0,11.6195,-0.22075,-1.07075,-0.029249999999999998,0.34625,2.2715,10.00125,0,1,1,100.0
67,16.0,1,20.0,0.0,0,1,4.0844,-0.06736,0.36508000000000024,0.0,41.0,25.86,0,1.0,1641.0,114.0,11.258799999999999,-0.21,-1.0556,-0.03440000000000001,0.8400000000000001,1.4107999999999998,9.95,0,1,1,100.0
67,17.0,1,20.0,0.0,0,1,4.1324,-0.05472999999999999,0.6644999999999999,0.0,41.0,25.86,0,1.0,1641.0,114.0,10.9031,-0.2,-1.0497,-0.04030000000000001,1.1409,0.8748999999999998,8.433899999999998,0,1,1,100.0
67,18.0,1,20.0,0.0,0,1,4.1796,-0.04942,0.576,0.0,41.0,25.86,0,1.0,1641.0,114.0,10.7674,-0.2,-1.0438,-0.046200000000000005,1.1585999999999999,0.7746,7.3306,0,1,1,100.0
67,19.0,1,20.0,0.0,0,1,4.2352,-0.042639999999999983,0.6735600000000006,0.0,41.0,25.86,0,1.0,1641.0,114.0,10.6275,-0.1979,-1.0379,-0.05,1.1489999999999998,0.6973999999999999,6.080299999999998,0,1,1,100.0
67,20.0,1,20.0,0.0,0,1,4.306,-0.0332,1.1078,0.0,41.0,25.86,0,1.0,1641.0,114.0,10.48,-0.192,-1.032,-0.05,1.09,0.662,4.564,0,1,1,100.0
67,21.0,1,20.0,0.0,0,1,4.3846,-0.02258999999999999,1.4550700000000003,0.0,41.0,25.86,0,1.0,1641.0,114.0,10.313,-0.1861,-1.0261,-0.05,0.9880999999999999,0.65,2.774699999999998,0,1,1,100.0
67,22.0,1,20.0,0.0,0,1,4.4672,-0.011379999999999977,1.7577400000000005,0.0,41.0,25.86,0,1.0,1641.0,114.0,10.136000000000001,-0.18019999999999997,-1.0202,-0.05,0.8641999999999997,0.65,0.8453999999999965,0,1,1,100.0
67,23.0,1,20.0,0.28500000000000086,0,1,4.5156,-0.0035899999999999773,1.8275650000000003,0.0,41.0,25.86,0,1.2850000000000008,1641.0,114.0,10.03025,-0.18,-1.02,-0.05285000000000001,0.7659499999999997,0.6585500000000001,-0.3457500000000034,0,1,1,100.0
67,24.0,1,20.0,0.5800000000000012,0,1,4.5628,0.00408000000000003,1.8892200000000003,0.0,41.0,25.86,0,1.5800000000000012,1641.0,114.0,9.927,-0.18,-1.02,-0.05580000000000001,0.6685999999999996,0.6674000000000001,-1.5110000000000046,0,1,1,100.0
67,25.0,1,20.0,0.875,0,1,4.609999999999999,0.01175,1.9508750000000001,0.0,41.0,25.86,0,1.875,1641.0,114.0,9.82375,-0.18,-1.02,-0.05875,0.57125,0.67625,-2.67625,0,1,1,100.0
67,26.0,1,20.0,1.0,0,1,4.6589,0.020270000000000007,2.00029,0.0,41.0,25.86,0,2.0,1641.0,114.0,9.708599999999999,-0.1783,-1.02,-0.06,0.46029999999999993,0.6817000000000001,-3.963900000000001,0,1,1,100.0
67,27.0,1,20.0,1.0,0,1,4.70905,0.029415000000000018,2.040705,0.0,41.0,25.86,0,2.0,1641.0,114.0,9.5847,-0.17535,-1.02,-0.06,0.33934999999999976,0.68465,-5.3415500000000025,0,1,1,100.0
67,28.0,1,20.0,1.0,0,1,4.7592,0.038560000000000025,2.08112,0.0,41.0,25.86,0,2.0,1641.0,114.0,9.460799999999999,-0.1724,-1.02,-0.06,0.21839999999999968,0.6876,-6.719200000000003,0,1,1,100.0
67,29.0,1,20.0,0.9449999999999988,0,1,5.14825,0.081,-0.011655000000000137,0.004565000000000094,41.0,25.858349999999998,0,2.880000000000018,1641.0,114.0,8.121049999999999,-0.14889999999999998,-1.01,-0.07,-0.8403500000000004,0.5228499999999999,-18.653100000000006,0,1,1,100.0
67,30.0,1,20.0,0.65,0,1,5.1925,0.081,-0.047349999999999996,0.02905,41.0,25.8495,0,7.6000000000000005,1641.0,114.0,7.8585,-0.143,-1.01,-0.07,-0.9494999999999999,0.48450000000000004,-19.957,0,1,1,100.0
67,31.0,1,20.0,0.3549999999999997,6,2,5.23675,0.081,-0.08304500000000004,0.05353500000000003,41.0,25.84065,0,12.320000000000006,1641.0,114.0,7.59595,-0.1371,-1.01,-0.07,-1.05865,0.44615,-21.2609,0,1,1,100.0
67,32.0,1,20.0,0.05999999999999938,6,2,5.281,0.081,-0.11874000000000007,0.07802000000000005,41.0,25.831799999999998,0,17.04000000000001,1641.0,114.0,7.3334,-0.13119999999999998,-1.01,-0.07,-1.1678000000000002,0.40779999999999994,-22.5648,0,1,1,100.0
67,33.0,1,20.0,0.0,6,2,5.4623,0.046659999999999965,-1.592529999999999,-1.67191,41.0,25.76,0,18.0,1641.0,114.0,5.660099999999998,-0.10059999999999997,-1.01,-0.08,-1.2882999999999998,0.2188999999999998,-25.941300000000002,0,1,1,100.0
67,34.0,1,20.0,0.060000000000002274,6,2,5.513,0.03421999999999997,-1.191539999999999,-1.6390799999999996,41.0,25.7618,0,18.060000000000002,1641.0,114.0,4.967999999999997,-0.08879999999999995,-1.0106,-0.08060000000000002,-1.205999999999999,0.14099999999999965,-26.294599999999996,0,1,1,100.0
67,35.0,1,20.0,0.65,6,2,5.5424999999999995,0.02655,-0.90185,-1.5612,41.0,25.7795,0,18.65,1641.0,114.0,4.26,-0.077,-1.0165,-0.0865,-0.97,0.0525,-25.6515,0,1,1,100.0
67,36.0,1,20.0,1.0,6,2,5.562399999999999,0.019839999999999993,-0.6971199999999999,-1.4038799999999996,41.0,25.799599999999998,0,19.0,1641.0,114.0,3.563999999999999,-0.0652,-1.02,-0.09,-0.6691999999999996,-0.05040000000000011,-24.624399999999998,0,1,1,100.0
67,37.0,1,20.0,1.0,6,2,5.5683,0.014529999999999989,-0.6162899999999998,-1.1307099999999994,41.0,25.8232,0,19.0,1641.0,114.0,2.8854999999999986,-0.05339999999999998,-1.02,-0.09,-0.27389999999999926,-0.17430000000000023,-23.037299999999995,0,1,1,100.0
67,38.0,1,20.0,0.5799999999999983,6,2,5.5532,0.009219999999999983,-0.5455399999999998,-0.6311599999999984,41.0,25.83,0,18.58,1641.0,114.0,2.2405999999999984,-0.04159999999999996,-1.0242,-0.09420000000000002,0.23900000000000163,-0.3612000000000006,-20.89579999999999,0,1,1,100.0
67,39.0,1,20.0,0.003333333333334091,6,2,5.5297,0.00398333333333333,-0.4794533333333332,-0.04797666666666621,41.0,25.83,0,18.003333333333334,1641.0,114.0,1.6168333333333327,-0.02993333333333332,-1.03,-0.1,0.7940333333333343,-0.5718666666666671,-18.553099999999997,0,1,1,100.0
67,40.0,1,20.0,0.2,6,2,5.5120000000000005,0.003,-0.4472,0.07140000000000002,41.0,25.83,0,18.2,1641.0,114.0,1.4300000000000002,-0.026,-1.03,-0.1,1.032,-0.6819999999999999,-17.556,0,1,1,100.0
67,41.0,1,20.0,0.39666666666666683,6,2,5.4943,0.0020166666666666657,-0.41494666666666663,0.19077666666666682,41.0,25.83,0,18.39666666666667,1641.0,114.0,1.2431666666666665,-0.022066666666666665,-1.03,-0.1,1.269966666666667,-0.7921333333333334,-16.558899999999998,0,1,1,100.0
67,42.0,1,20.0,0.5933333333333337,6,2,5.4766,0.0010333333333333316,-0.3826933333333333,0.3101533333333336,41.0,25.83,0,18.593333333333334,1641.0,114.0,1.0563333333333331,-0.018133333333333328,-1.03,-0.1,1.5079333333333338,-0.9022666666666668,-15.561799999999998,0,1,1,100.0
67,43.0,1,20.0,0.7900000000000006,6,2,5.458900000000001,4.999999999999737e-05,-0.3504399999999999,0.4295300000000004,41.0,25.83,0,18.79,1641.0,114.0,0.8694999999999995,-0.01419999999999999,-1.03,-0.1,1.7459000000000007,-1.0124000000000002,-14.564699999999997,0,1,1,100.0
67,44.0,1,20.0,0.9866666666666674,6,2,5.4412,-0.0009333333333333369,-0.31818666666666656,0.5489066666666672,41.0,25.83,0,18.986666666666668,1641.0,114.0,0.682666666666666,-0.010266666666666655,-1.03,-0.1,1.9838666666666676,-1.1225333333333336,-13.567599999999995,0,1,1,100.0
67,45.0,1,20.0,1.0,6,2,5.0455000000000005,-0.0162,-0.2083,2.10775,41.0,25.773500000000002,0,19.0,1641.0,114.0,-1.2055,0.0255,-1.0455,-0.11,5.5725,-3.289,2.6185000000000005,0,1,1,100.0
67,46.0,1,20.0,1.0,6,2,4.930599999999999,-0.017579999999999988,0.026300000000001184,2.0538799999999977,41.0,25.764200000000002,0,19.0,1641.0,114.0,-1.5486000000000018,0.03140000000000003,-1.0528000000000002,-0.11,6.3396000000000035,-3.8686000000000034,6.709600000000024,0,1,1,100.0
67,47.0,1,20.0,1.0,6,2,4.806699999999999,-0.015809999999999994,0.22985000000000042,1.6656599999999993,41.0,25.7819,0,19.0,1641.0,114.0,-1.8377000000000006,0.037300000000000014,-1.0646,-0.11,7.012200000000002,-4.452700000000001,10.922200000000007,0,1,1,100.0
67,48.0,1,20.0,1.0,6,2,4.682799999999999,-0.013399999999999976,0.29931999999999964,1.3219199999999975,41.0,25.802799999999998,0,19.0,1641.0,114.0,-2.0852000000000017,0.04,-1.0732000000000002,-0.10679999999999995,7.592000000000004,-5.030400000000005,15.173200000000033,0,1,1,100.0
67,49.0,1,20.0,1.0,6,2,4.5588999999999995,-0.010449999999999989,0.25565999999999983,1.0157099999999988,41.0,25.8264,0,19.0,1641.0,114.0,-2.297600000000001,0.04,-1.0791000000000002,-0.10089999999999998,8.093500000000002,-5.602700000000002,19.456600000000016,0,1,1,100.0
67,50.0,1,20.0,1.0,6,2,4.435,-0.008,0.24100000000000002,0.7515,41.0,25.83,0,19.0,1641.0,114.0,-2.4250000000000003,0.045000000000000005,-1.09,-0.1,8.434999999999999,-6.175000000000001,23.735,0,1,1,100.0
67,51.0,1,20.0,1.0,6,2,4.3138,-0.005819999999999994,0.22165999999999958,0.5095199999999991,41.0,25.83,0,19.0,1641.0,114.0,-2.52,0.05,-1.1009000000000002,-0.1,8.7207,-6.741900000000003,27.987300000000022,0,1,1,100.0
67,52.0,1,20.0,1.0,6,2,4.2076,-0.004639999999999997,0.14731999999999987,0.3490399999999997,41.0,25.83,0,19.0,1641.0,114.0,-2.52,0.05,-1.1068,-0.1,8.8564,-7.278800000000001,32.09960000000001,0,1,1,100.0
67,53.0,1,20.0,1.0,6,2,4.12975,-0.004,0.09336499999999977,0.3029050000000007,41.0,25.83,0,19.0,1641.0,114.0,-2.5010999999999997,0.05,-1.1127,-0.09864999999999999,8.92865,-7.664500000000002,35.17780000000001,0,1,1,100.0
67,54.0,1,20.0,1.0,6,2,4.0855,-0.004,0.06356999999999989,0.3922900000000003,41.0,25.83,0,19.0,1641.0,114.0,-2.4598,0.05,-1.1186,-0.0957,8.925699999999999,-7.871,37.03040000000001,0,1,1,100.0
67,55.0,1,20.0,1.0,6,2,4.04125,-0.004,0.033775,0.48167499999999996,41.0,25.83,0,19.0,1641.0,114.0,-2.4185,0.05,-1.1245,-0.09275,8.92275,-8.0775,38.882999999999996,0,1,1,100.0
67,56.0,1,20.0,1.0,6,2,3.9955999999999996,-0.004080000000000007,0.0015999999999996252,0.5708800000000005,41.0,25.8312,0,19.0,1641.0,114.0,-2.370799999999999,0.04959999999999997,-1.1303999999999998,-0.09,8.9132,-8.2832,40.819200000000016,0,1,1,100.0
67,57.0,1,20.0,1.0,6,2,3.9307,-0.0052600000000000025,-0.06330000000000012,0.6576100000000001,41.0,25.8489,0,19.0,1641.0,114.0,-2.2350999999999996,0.04369999999999999,-1.1362999999999999,-0.09,8.812899999999999,-8.4779,43.904900000000005,0,1,1,100.0
67,58.0,1,20.0,1.0,6,2,3.8322000000000003,-0.007660000000000014,-0.14263999999999982,1.124640000000001,41.0,25.83,0,19.0,1641.0,114.0,-1.8393999999999988,0.03779999999999995,-1.15,-0.08779999999999995,8.407399999999999,-8.371199999999998,50.18400000000001,0,1,1,100.0
67,59.0,1,20.0,1.0,6,2,3.8381,-0.009430000000000008,-0.12021999999999991,1.2497200000000006,41.0,25.83,0,19.0,1641.0,114.0,-1.7036999999999993,0.03189999999999998,-1.15,-0.08189999999999997,8.2127,-8.052599999999998,51.482000000000006,0,1,1,100.0
67,60.0,1,20.0,1.0,6,2,3.854,-0.0104,-0.1104,1.3288,41.0,25.83,0,19.0,1641.0,114.0,-1.628,0.03,-1.148,-0.08,8.076,-7.766,51.972,0,1,1,100.0
67,61.0,1,20.0,1.0,6,2,3.87465,-0.010990000000000003,-0.10656499999999998,1.3860300000000003,41.0,25.83,0,19.0,1641.0,114.0,-1.5807999999999998,0.03,-1.14505,-0.08,7.96685,-7.494599999999998,52.078199999999995,0,1,1,100.0
67,62.0,1,20.0,1.0,6,2,3.8953,-0.011580000000000002,-0.10273,1.44326,41.0,25.83,0,19.0,1641.0,114.0,-1.5335999999999999,0.03,-1.1421,-0.08,7.8577,-7.223199999999999,52.1844,0,1,1,100.0
67,63.0,1,20.0,0.17000000000000456,6,2,4.0974,-0.014170000000000006,-0.11023000000000008,1.7095300000000009,41.0,25.79,0,18.170000000000005,1641.0,114.0,-1.4434,0.03,-1.1265999999999998,-0.07,7.3957999999999995,-5.558399999999993,50.17049999999999,0,1,1,100.0
67,64.0,1,20.0,0.7600000000000023,6,2,4.227200000000001,-0.014760000000000002,-0.12144000000000005,1.8328400000000005,41.0,25.79,0,18.76,1641.0,114.0,-1.4552,0.03,-1.1148,-0.07,7.242399999999999,-4.6851999999999965,48.193999999999996,0,1,1,100.0
67,65.0,1,20.0,1.0,6,2,4.3815,-0.015349999999999999,-0.0924,1.91555,41.0,25.79,0,19.0,1641.0,114.0,-1.4985,0.03,-1.1030000000000002,-0.07,7.1415,-3.714,45.6365,0,1,1,100.0
67,66.0,1,20.0,1.0,6,2,4.552600000000001,-0.015940000000000003,-0.03575999999999967,1.9704200000000003,41.0,25.79,0,19.0,1641.0,114.0,-1.5634000000000003,0.03,-1.0912,-0.07,7.0766,-2.675599999999994,42.680599999999984,0,1,1,100.0
67,67.0,1,20.0,1.0,6,2,4.66275,-0.016265,-0.04537000000000003,1.979975,41.0,25.782049999999998,0,19.0,1641.0,114.0,-1.6124,0.03,-1.08205,-0.07,7.0832500000000005,-2.0267499999999985,40.684,0,1,1,100.0
67,68.0,1,20.0,1.0,6,2,4.766000000000001,-0.016560000000000002,-0.062480000000000126,1.9844000000000002,41.0,25.7732,0,19.0,1641.0,114.0,-1.6596000000000004,0.03,-1.0732,-0.07,7.098,-1.4219999999999953,38.795999999999985,0,1,1,100.0
67,69.0,1,20.0,1.0,6,2,4.86925,-0.016855000000000002,-0.07959000000000006,1.988825,41.0,25.76435,0,19.0,1641.0,114.0,-1.7068,0.03,-1.0643500000000001,-0.07,7.11275,-0.8172499999999976,36.90799999999999,0,1,1,100.0
67,70.0,1,20.0,1.0,6,2,5.04,-0.017,-0.0625,1.9808000000000001,41.0,25.769000000000002,0,19.0,1641.0,114.3,-1.775,0.03,-1.054,-0.067,7.189,0.19100000000000003,33.748,0,1,1,100.0
67,71.0,1,20.0,1.0,1,5,5.276000000000002,-0.017,-0.012349999999999715,1.96074,41.0,25.7867,0,19.0,1641.0,114.89,-1.8635000000000004,0.03,-1.0422,-0.06109999999999997,7.324700000000001,1.5893000000000082,29.358399999999975,0,1,1,100.0
67,72.0,1,20.0,0.0,1,5,5.9808,-0.03664000000000005,-1.719120000000004,1.0116399999999979,41.0,25.83,0,19.0,1641.0,115.0,-1.8627999999999998,0.03,-1.0004,-0.06,7.9952000000000005,5.930800000000003,17.189199999999992,0,1,1,100.0
67,73.0,1,20.0,0.0,1,5,6.253600000000002,-0.06250000000000022,-3.5767599999999975,0.004259999999996437,41.0,25.8251,0,19.0,1641.0,115.0,-1.761299999999998,0.029299999999999955,-0.9885999999999999,-0.06,8.285700000000002,7.689100000000014,12.831199999999969,0,1,1,100.0
67,74.0,1,20.0,0.0,1,5,6.536800000000001,-0.09200000000000011,-3.2628799999999987,-0.4571200000000018,41.0,25.7838,0,19.0,1641.0,115.0,-1.519399999999999,0.023399999999999976,-0.9767999999999999,-0.06,8.5866,9.535800000000007,8.795599999999984,0,1,1,100.0
67,75.0,1,20.0,0.0,1,5,6.815,-0.1185,-2.913,-0.9655,41.0,25.7425,0,19.0,1641.0,115.0,-1.2,0.0175,-0.9675,-0.06,8.87,11.36,4.9375,0,1,1,100.0
67,76.0,1,20.0,0.0,1,5,7.086400000000002,-0.14092000000000013,-2.5141599999999977,-1.5378000000000034,41.0,25.7012,0,19.0,1641.0,115.0,-0.7751999999999976,0.011599999999999966,-0.9615999999999999,-0.06,9.129600000000002,13.153600000000012,1.3207999999999789,0,1,1,100.0
67,77.0,1,20.0,0.0,1,5,7.3535,-0.16076000000000004,-2.2180899999999997,-1.9548700000000008,41.0,25.6728,0,19.0,1641.0,115.0,-0.22139999999999885,0.0013999999999999772,-0.9513999999999999,-0.06430000000000001,9.3376,14.758000000000003,-1.9863000000000062,0,1,1,100.0
67,78.0,1,20.0,0.0,1,6,7.6182000000000025,-0.1794800000000001,-1.959899999999998,-2.3176600000000036,41.0,25.6494,0,19.0,1641.0,115.0,0.3860000000000059,-0.010400000000000091,-0.9397999999999999,-0.07020000000000005,9.5224,16.276200000000006,-5.164000000000022,0,1,1,100.0
67,79.0,1,20.0,0.0,1,6,7.860100000000001,-0.19364000000000006,-1.691449999999999,-2.779630000000002,41.0,25.6317,0,19.0,1641.0,115.0,1.1530000000000027,-0.022200000000000043,-0.9339,-0.07610000000000003,9.593200000000001,17.344100000000005,-7.93700000000001,0,1,1,100.0
67,80.0,1,20.0,0.0,1,6,8.044666666666666,-0.20426666666666668,-1.4845333333333333,-3.1186666666666665,41.0,25.61466666666667,0,19.0,1641.0,115.0,1.7606666666666666,-0.03133333333333333,-0.9293333333333333,-0.08066666666666666,9.625333333333334,18.106666666666666,-10.041333333333332,0,1,1,100.0
67,81.0,1,20.0,0.0,1,6,8.117433333333334,-0.20800333333333337,-1.3976066666666662,-3.2179833333333336,41.0,25.598933333333335,0,19.0,1641.0,115.0,2.0576333333333348,-0.03526666666666669,-0.9273666666666667,-0.08263333333333335,9.582066666666666,18.273833333333336,-10.841766666666672,0,1,1,100.0
67,82.0,1,20.0,0.0,1,6,8.1902,-0.21174,-1.3106799999999998,-3.3173,41.0,25.5832,0,19.0,1641.0,115.0,2.3546000000000005,-0.039200000000000006,-0.9254,-0.08460000000000001,9.5388,18.441,-11.6422,0,1,1,100.0
67,83.0,1,20.0,0.0,1,6,8.262966666666667,-0.2154766666666667,-1.2237533333333328,-3.4166166666666675,41.0,25.567466666666665,0,19.0,1641.0,115.0,2.651566666666669,-0.043133333333333364,-0.9234333333333333,-0.08656666666666668,9.495533333333332,18.608166666666666,-12.44263333333334,0,1,1,100.0
67,84.0,1,20.0,0.0,1,6,8.335733333333334,-0.21921333333333334,-1.1368266666666664,-3.5159333333333334,41.0,25.55173333333333,0,19.0,1641.0,115.0,2.9485333333333346,-0.04706666666666668,-0.9214666666666667,-0.08853333333333334,9.452266666666667,18.775333333333332,-13.24306666666667,0,1,1,100.0
67,85.0,1,20.0,0.0,1,6,8.9635,-0.24645,-0.6251999999999989,-4.5496750000000015,41.0,25.39775,0,19.0,1641.0,115.0,6.692750000000005,-0.10225000000000009,-0.89925,-0.11075000000000003,7.826249999999996,17.633499999999994,-20.81075000000001,0,1,1,100.0
67,86.0,1,20.0,0.0,1,6,9.0166,-0.24822,-0.5001199999999992,-4.682130000000001,41.0,25.3889,0,19.0,1641.0,115.0,7.214900000000003,-0.11110000000000006,-0.8963,-0.11370000000000001,7.457499999999998,17.096599999999995,-21.639700000000005,0,1,1,100.0
67,87.0,1,20.0,0.0,1,6,9.069700000000001,-0.24999000000000002,-0.37503999999999854,-4.814585000000001,41.0,25.38005,0,19.0,1641.0,115.0,7.737050000000006,-0.11995000000000011,-0.89335,-0.11665000000000003,7.088749999999996,16.559699999999992,-22.46865000000001,0,1,1,100.0
67,88.0,1,20.0,0.0,1,6,9.122800000000002,-0.25176000000000004,-0.249959999999999,-4.947040000000001,41.0,25.3712,0,19.0,1641.0,115.0,8.259200000000003,-0.12880000000000008,-0.8904,-0.11960000000000003,6.719999999999997,16.022799999999997,-23.297600000000006,0,1,1,100.0
67,89.0,1,20.0,0.0,1,6,9.2653,-0.256255,-0.07005499999999996,-5.401090000000001,41.0,25.28215,0,19.0,1641.0,115.0,10.533700000000001,-0.16510000000000002,-0.87745,-0.12255,4.535099999999998,12.845999999999997,-26.523750000000003,0,1,1,100.0
67,90.0,1,20.0,0.0,1,6,9.283,-0.25655,-0.058550000000000005,-5.4949,41.0,25.2615,0,19.0,1641.0,115.0,11.047,-0.17099999999999999,-0.8745,-0.1255,3.951,12.02,-27.1875,0,1,1,100.0
67,91.0,1,20.0,0.0,1,6,9.3007,-0.256845,-0.047045000000000045,-5.58871,41.0,25.240850000000002,0,19.0,1641.0,115.0,11.560299999999998,-0.17689999999999997,-0.87155,-0.12844999999999998,3.366900000000002,11.194000000000003,-27.851249999999997,0,1,1,100.0
67,92.0,1,20.0,0.0,1,6,9.3072,-0.257,-0.01887999999999946,-5.694560000000001,41.0,25.23,0,19.0,1641.0,115.0,12.306000000000012,-0.1884000000000002,-0.87,-0.13280000000000008,2.435599999999985,9.90879999999998,-28.73760000000001,0,1,1,100.0
67,93.0,1,20.0,0.0,1,6,9.301300000000001,-0.257,0.027730000000000365,-5.813740000000001,41.0,25.23,0,19.0,1641.0,115.0,13.309000000000006,-0.20610000000000012,-0.87,-0.13870000000000005,1.11989999999999,8.115199999999986,-29.87040000000001,0,1,1,100.0
67,94.0,1,20.0,0.0,1,6,9.267800000000001,-0.257,-0.03146000000000034,-5.8699,41.0,25.2116,0,19.0,1641.0,115.0,14.275200000000003,-0.21920000000000003,-0.8654,-0.14,-0.2602000000000055,6.252599999999993,-30.805400000000002,0,1,1,100.0
67,95.0,1,20.0,0.0,1,6,9.227,-0.257,-0.110975,-5.9063,41.0,25.19,0,19.0,1641.0,115.0,15.188500000000001,-0.23075,-0.86,-0.14025,-1.59975,4.44925,-31.632749999999998,0,1,1,100.0
67,96.0,1,20.0,0.0,1,6,9.1916,-0.257,-0.08707999999999963,-5.92164,41.0,25.19,0,19.0,1641.0,115.0,15.642800000000008,-0.23960000000000015,-0.86,-0.14320000000000005,-2.304800000000011,3.4963999999999853,-31.901200000000006,0,1,1,100.0
67,97.0,1,20.0,0.0,1,6,9.1562,-0.257,-0.06318499999999973,-5.93698,41.0,25.19,0,19.0,1641.0,115.0,16.097100000000005,-0.24845000000000012,-0.86,-0.14615000000000003,-3.009850000000008,2.5435499999999887,-32.169650000000004,0,1,1,100.0
67,98.0,1,20.0,0.0,1,6,9.1208,-0.257,-0.039289999999999825,-5.95232,41.0,25.19,0,19.0,1641.0,115.0,16.551400000000005,-0.2573000000000001,-0.86,-0.1491,-3.7149000000000054,1.5906999999999922,-32.438100000000006,0,1,1,100.0
67,99.0,1,20.0,0.0,1,6,9.040299999999998,-0.25659,-0.026259999999999967,-6.024240000000001,41.0,25.1777,0,19.0,1641.0,115.0,17.247600000000006,-0.26820000000000005,-0.86,-0.15,-4.860700000000006,0.0002999999999928203,-32.5938,0,1,1,100.0
67,100.0,1,20.0,0.0,1,6,8.73,-0.254,0.217,-6.374,41.0,25.09,0,19.0,1641.0,115.0,18.77,-0.3,-0.87,-0.15,-7.9,-4.33,-32.11,0,1,1,100.0
68,0.0,1,20.0,0.0,0,1,5.67,-0.035,1.006,-3.686,41.0,25.69,0,19.0,1641.0,115.0,6.44,-0.12,-1.09,0.0,-2.71,11.41,-2.74,0,1,1,100.0
68,1.0,1,20.0,0.0,0,1,5.5018,-0.028040000000000002,0.70092,-2.6246,41.0,25.69,0,19.0,1641.0,115.0,6.2834,-0.12,-1.09,0.0,-2.5592,10.5342,-1.5336,0,1,1,100.0
68,2.0,1,20.0,0.0,0,1,5.34,-0.023,0.48,-1.856,41.0,25.69,0,22.2,1641.0,115.0,6.1572,-0.12,-1.09,-0.0015999999999999996,-2.41,9.5896,-0.3928000000000001,0,1,1,100.0
68,3.0,1,20.0,0.0,0,1,5.195,-0.023,0.48,-1.856,41.0,25.69,0,33.8,1641.0,115.0,6.1108,-0.12,-1.09,-0.007399999999999999,-2.265,8.464400000000001,0.5757999999999996,0,1,1,100.0
68,4.0,1,20.0,0.0,0,1,5.0531999999999995,-0.023,0.48,-1.856,41.0,25.69,0,45.4,1641.0,115.0,6.0964,-0.12,-1.09,-0.01,-2.1072,7.336,1.5635999999999999,0,1,1,100.0
68,5.0,1,20.0,0.0,0,1,4.914,-0.023,0.48,-1.856,41.0,25.69,0,57.0,1641.0,115.0,6.1080000000000005,-0.12,-1.09,-0.01,-1.939,6.205,2.567,0,1,1,100.0
68,6.0,1,20.0,0.0,0,1,4.7892,-0.028279999999999996,-0.8606399999999992,-0.9651200000000005,41.0,25.7716,0,31.640000000000015,1641.0,115.0,6.1484000000000005,-0.12,-1.09,-0.014799999999999997,-1.7612,5.1652000000000005,3.6615999999999995,0,1,1,100.0
68,7.0,1,20.0,0.0,0,1,4.6764,-0.03404,-2.27122,0.0,41.0,25.86,0,2.0,1641.0,115.0,6.192,-0.12,-1.0898,-0.02,-1.5944,4.2196,4.700200000000001,0,1,1,100.0
68,8.0,1,20.0,0.0,0,1,4.6415999999999995,-0.03442666666666667,-1.867346666666667,0.0,41.0,25.86,0,2.0,1641.0,115.0,6.211333333333334,-0.12,-1.0878666666666668,-0.02,-1.5402666666666667,3.9257333333333335,5.0888,0,1,1,100.0
68,9.0,1,20.0,0.0,0,1,4.6068,-0.034813333333333335,-1.4634733333333336,0.0,41.0,25.86,0,2.0,1641.0,115.0,6.230666666666667,-0.12,-1.0859333333333334,-0.02,-1.4861333333333335,3.631866666666667,5.477399999999999,0,1,1,100.0
68,10.0,1,20.0,0.0,0,1,4.572,-0.0352,-1.0596,0.0,41.0,25.86,0,2.0,1641.0,115.0,6.25,-0.12,-1.084,-0.02,-1.4320000000000002,3.338,5.866,0,1,1,100.0
68,11.0,1,20.0,0.0,0,1,4.5372,-0.03558666666666666,-0.6557266666666669,0.0,41.0,25.86,0,2.0,1641.0,115.0,6.269333333333334,-0.12,-1.0820666666666667,-0.02,-1.3778666666666668,3.0441333333333334,6.2546,0,1,1,100.0
68,12.0,1,20.0,0.0,0,1,4.5024,-0.03597333333333333,-0.25185333333333376,0.0,41.0,25.86,0,2.0,1641.0,115.0,6.288666666666667,-0.12,-1.0801333333333334,-0.02,-1.3237333333333334,2.750266666666667,6.643199999999999,0,1,1,100.0
68,13.0,1,20.0,0.0,0,1,4.1968000000000005,-0.05054,-0.15470000000000025,0.0,41.0,25.86,0,2.0,1641.0,115.0,6.6102,-0.12,-1.07,-0.03,-0.8206000000000001,0.2144000000000006,11.154399999999999,0,1,1,100.0
68,14.0,1,20.0,0.0,0,1,4.1528,-0.050879999999999995,-0.017799999999999996,0.0,41.0,25.86,0,2.0,1641.0,115.0,6.6856,-0.1212,-1.0688,-0.031200000000000002,-0.7688,-0.12920000000000012,11.8784,0,1,1,100.0
68,15.0,1,20.0,0.0,0,1,4.117999999999999,-0.0503,-0.012,0.0,41.0,25.86,0,2.0,1641.0,115.0,6.761,-0.127,-1.0630000000000002,-0.037,-0.763,-0.367,12.354,0,1,1,100.0
68,16.0,1,20.0,0.0,0,1,4.098599999999999,-0.04986,0.011579999999999981,0.0,41.0,25.86,0,2.0,1641.0,115.0,6.8182,-0.13,-1.0586,-0.04,-0.7698,-0.5194,12.622399999999999,0,1,1,100.0
68,17.0,1,20.0,0.0,0,1,4.0957,-0.04957,0.05420999999999997,0.0,41.0,25.86,0,2.0,1641.0,115.0,6.8559,-0.13,-1.0557,-0.04,-0.7900999999999999,-0.5802999999999999,12.6688,0,1,1,100.0
68,18.0,1,20.0,0.0,0,1,4.0927999999999995,-0.049280000000000004,0.09683999999999995,0.0,41.0,25.86,0,2.0,1641.0,115.0,6.893599999999999,-0.13,-1.0528,-0.04,-0.8103999999999999,-0.6411999999999999,12.7152,0,1,1,100.0
68,19.0,1,20.0,0.0,0,1,4.101,-0.045899999999999996,0.2515000000000001,0.0,41.02,25.86,0,2.0,1641.0,115.0,7.052,-0.13,-1.04,-0.04020000000000001,-1.0052,-0.7492,12.2056,0,1,1,100.0
68,20.0,1,20.0,0.0,0,1,4.13,-0.043000000000000003,0.43999999999999995,0.0,41.6,25.86,0,2.0,1641.0,115.0,7.11,-0.13,-1.04,-0.046,-1.156,-0.726,11.498,0,1,1,100.0
68,21.0,1,20.0,0.0,0,1,4.1542,-0.04046,0.56814,0.0,42.0,25.86,0,2.0,1641.0,115.0,7.1554,-0.13,-1.0394,-0.05,-1.2804,-0.7028,10.8954,0,1,1,100.0
68,22.0,1,20.0,0.0,0,1,4.1677333333333335,-0.038720000000000004,0.5621466666666667,0.0,42.0,25.86,0,2.0,1641.0,115.0,7.1728000000000005,-0.13,-1.0374666666666668,-0.05,-1.3461333333333334,-0.6796,10.526133333333334,0,1,1,100.0
68,23.0,1,20.0,0.0,0,1,4.181266666666667,-0.03698,0.5561533333333333,0.0,42.0,25.86,0,2.0,1641.0,115.0,7.1902,-0.13,-1.0355333333333334,-0.05,-1.4118666666666668,-0.6564,10.156866666666666,0,1,1,100.0
68,24.0,1,20.0,0.0,0,1,4.1948,-0.03524000000000001,0.55016,0.0,42.0,25.86,0,2.0,1641.0,115.0,7.2076,-0.13,-1.0336,-0.05,-1.4776,-0.6332,9.787600000000001,0,1,1,100.0
68,25.0,1,20.0,0.0,0,1,4.208333333333333,-0.0335,0.5441666666666667,0.0,42.0,25.86,0,2.0,1641.0,115.0,7.2250000000000005,-0.13,-1.0316666666666667,-0.05,-1.5433333333333334,-0.61,9.418333333333333,0,1,1,100.0
68,26.0,1,20.0,0.0,0,1,4.4512,-0.011640000000000029,1.13596,0.0,42.0,25.86,0,2.0,1641.0,115.0,7.2744,-0.13,-1.02,-0.06,-2.4727999999999994,-0.0660000000000005,3.349600000000006,0,1,1,100.0
68,27.0,1,20.0,0.0,0,1,4.5324,-0.0017800000000000084,1.08492,0.0,42.0,25.86,0,2.0,1641.0,115.0,7.2338000000000005,-0.13,-1.02,-0.06,-2.7106,0.10799999999999983,1.3892000000000022,0,1,1,100.0
68,28.0,1,20.0,0.24000000000000057,0,1,4.6160000000000005,0.009280000000000012,1.12172,0.0,42.0,25.86,0,2.2400000000000007,1641.0,115.0,7.1764,-0.13,-1.0176,-0.06,-2.9316000000000004,0.27480000000000016,-0.6624000000000021,0,1,1,100.0
68,29.0,1,20.0,0.819999999999999,0,1,4.703,0.022039999999999973,1.2829599999999997,0.0,42.0,25.86,0,2.819999999999999,1641.0,115.0,7.0952,-0.13,-1.0118,-0.06,-3.1287999999999996,0.43139999999999973,-2.843199999999996,0,1,1,100.0
68,30.0,1,20.0,1.0,0,1,4.79,0.036,1.5766,0.0,42.0,25.86,0,3.0,1641.0,115.0,6.99,-0.126,-1.01,-0.064,-3.29,0.56,-5.167999999999999,0,1,1,100.0
68,31.0,1,20.0,1.0,0,1,4.877,0.050499999999999955,1.929819999999999,0.0,42.0,25.86,0,3.0,1641.0,115.0,6.8740000000000006,-0.12020000000000002,-1.01,-0.06979999999999999,-3.4349999999999996,0.6759999999999997,-7.557599999999992,0,1,1,100.0
68,32.0,1,20.0,1.0,0,1,4.958399999999999,0.06499999999999999,1.77176,0.0,42.0,25.86,0,3.0,1641.0,115.0,6.7076,-0.12,-1.01,-0.07,-3.5296,0.7696,-10.154399999999997,0,1,1,100.0
68,33.0,1,20.0,1.0,0,1,5.0396,0.07852,1.5226399999999993,0.0,42.0,25.86,0,3.0,1641.0,115.0,6.5226,-0.1186,-1.01,-0.07,-3.6084,0.8568,-12.799200000000003,0,1,1,100.0
68,34.0,1,20.0,1.0,0,1,5.1208,0.08895999999999998,1.0447200000000008,0.0,42.0,25.86,0,3.0,1641.0,115.0,6.284800000000001,-0.11280000000000001,-1.01,-0.07,-3.6432,0.9263999999999998,-15.571599999999995,0,1,1,100.0
68,35.0,1,20.0,1.0,0,1,5.1765,0.09445,0.6377499999999999,0.0,42.0,25.86,0,3.0,1641.0,115.0,6.0785,-0.1085,-1.01,-0.07150000000000001,-3.6525000000000003,0.9795,-17.612000000000002,0,1,1,100.0
68,36.0,1,20.0,1.0,0,1,5.2084,0.09532,0.29700000000000104,0.0,42.0,25.86,0,3.0,1641.0,115.0,5.9016,-0.10560000000000001,-1.01,-0.0744,-3.638,1.0171999999999999,-18.969199999999997,0,1,1,100.0
68,37.0,1,20.0,1.0,0,1,5.2402999999999995,0.09619,-0.04374999999999957,0.0,42.0,25.86,0,3.0,1641.0,115.0,5.7246999999999995,-0.1027,-1.01,-0.07730000000000001,-3.6235,1.0549,-20.3264,0,1,1,100.0
68,38.0,1,20.0,1.0,0,1,5.2736,0.09659999999999999,-0.39204000000000044,0.0,42.0,25.86,0,3.0,1641.0,115.0,5.5287999999999995,-0.0992,-1.01,-0.08,-3.6016,1.0952000000000002,-21.746800000000004,0,1,1,100.0
68,39.0,1,20.0,1.0,6,2,5.3258,0.0908,-0.8421199999999991,0.0,42.0,25.86,0,3.0,1641.0,115.0,5.076400000000001,-0.08760000000000003,-1.01,-0.08,-3.4798,1.1705999999999999,-24.020399999999995,0,1,1,100.0
68,40.0,1,20.0,0.0,6,2,5.422,0.0774,-1.6802,0.003599999999999992,42.0,25.846,0,18.0,1641.0,115.0,3.6599999999999997,-0.066,-1.02,-0.09,-2.854,1.4040000000000001,-28.184,0,1,1,100.0
68,41.0,1,20.0,0.0,6,2,5.4277999999999995,0.06116000000000005,-1.8866799999999995,-0.9081599999999974,42.0,25.8054,0,18.0,1641.0,115.0,3.0800000000000014,-0.05440000000000004,-1.02,-0.09,-2.4886000000000013,1.5315999999999996,-28.572599999999998,0,1,1,100.0
68,42.0,1,20.0,0.0,6,2,5.4192,0.04744000000000001,-1.6784400000000006,-1.31484,42.0,25.7792,0,18.0,1641.0,115.0,2.5036000000000005,-0.04280000000000001,-1.02,-0.09,-2.0368000000000004,1.6915999999999998,-28.2592,0,1,1,100.0
68,43.0,1,20.0,0.0,6,2,5.401800000000001,0.03525999999999999,-1.2167599999999996,-1.4128600000000002,42.0,25.7618,0,18.0,1641.0,115.0,1.9293999999999996,-0.031199999999999988,-1.02,-0.09,-1.5321999999999996,1.8714000000000002,-27.5168,0,1,1,100.0
68,44.0,1,20.0,0.0,6,2,5.3584000000000005,0.027240000000000018,-0.9084800000000006,-1.40324,42.0,25.7756,0,18.0,1641.0,115.0,1.3864000000000012,-0.024800000000000013,-1.0252000000000001,-0.09519999999999999,-0.9236000000000011,2.0616,-25.885200000000005,0,1,1,100.0
68,45.0,1,20.0,0.1,6,2,5.308,0.020200000000000003,-0.6605000000000001,-1.3557000000000001,42.0,25.794,0,18.1,1641.0,115.0,0.857,-0.018000000000000002,-1.03,-0.1,-0.28099999999999997,2.245,-24.017,0,1,1,100.0
68,46.0,1,20.0,0.6800000000000012,6,2,5.2384,0.01555999999999999,-0.6169999999999999,-1.1857599999999997,42.0,25.8172,0,18.68,1641.0,115.0,0.37559999999999905,-0.006399999999999978,-1.03,-0.1,0.4672000000000015,2.3900000000000006,-21.505599999999994,0,1,1,100.0
68,47.0,1,20.0,1.0,6,2,5.153200000000001,0.010920000000000027,-0.5852,-0.8221200000000036,42.0,25.83,0,19.0,1641.0,115.0,-0.08239999999999746,0.002599999999999966,-1.0326,-0.1,1.262199999999995,2.4778000000000002,-18.72900000000002,0,1,1,100.0
68,48.0,1,20.0,1.0,6,2,5.0488,0.006280000000000017,-0.5678,-0.2200800000000024,42.0,25.83,0,19.0,1641.0,115.0,-0.5115999999999983,0.008399999999999977,-1.0384,-0.1,2.1147999999999967,2.4952,-15.626000000000012,0,1,1,100.0
68,49.0,1,20.0,0.8600000000000004,6,2,4.9906,0.004160000000000002,-0.54816,0.07073999999999966,42.0,25.8342,0,18.86,1641.0,115.0,-0.7167999999999998,0.011399999999999997,-1.04,-0.1014,2.5767999999999995,2.4538,-13.911800000000001,0,1,1,100.0
68,50.0,1,20.0,0.6666666666666666,6,2,4.949999999999999,0.003,-0.5276666666666666,0.243,42.0,25.84,0,18.666666666666668,1641.0,115.0,-0.8366666666666667,0.013333333333333334,-1.04,-0.10333333333333333,2.89,2.39,-12.726666666666667,0,1,1,100.0
68,51.0,1,20.0,0.47333333333333294,6,2,4.9094,0.0018399999999999977,-0.5071733333333333,0.41526000000000035,42.0,25.8458,0,18.473333333333333,1641.0,115.0,-0.9565333333333336,0.01526666666666667,-1.04,-0.10526666666666668,3.2032000000000007,2.3262,-11.54153333333333,0,1,1,100.0
68,52.0,1,20.0,0.28000000000000114,6,2,4.8688,0.0006800000000000068,-0.4866800000000001,0.587519999999999,42.0,25.851599999999998,0,18.28,1641.0,115.0,-1.0763999999999994,0.01719999999999999,-1.04,-0.10719999999999999,3.516399999999998,2.2624000000000004,-10.356400000000008,0,1,1,100.0
68,53.0,1,20.0,0.08666666666666743,6,2,4.8282,-0.0004799999999999956,-0.46618666666666675,0.7597799999999993,42.0,25.8574,0,18.086666666666666,1641.0,115.0,-1.1962666666666661,0.019133333333333325,-1.04,-0.10913333333333333,3.8295999999999992,2.1986000000000003,-9.171266666666671,0,1,1,100.0
68,54.0,1,20.0,1.0,6,2,4.2104,-0.011040000000000003,0.11271999999999978,1.2653200000000004,42.0,25.83,0,19.0,1641.0,115.0,-2.312,0.04319999999999999,-1.0632000000000001,-0.11,7.427599999999999,-0.24919999999999823,7.326399999999992,0,1,1,100.0
68,55.0,1,20.0,1.0,6,2,4.048,-0.0093,0.2264,1.0193999999999999,42.0,25.83,0,19.0,1641.0,115.0,-2.5149999999999997,0.049,-1.069,-0.11,8.112,-1.154,11.543,0,1,1,100.0
68,56.0,1,20.0,1.0,6,2,3.8807999999999994,-0.008039999999999997,0.2047199999999999,0.8541199999999997,42.0,25.83,0,19.0,1641.0,115.0,-2.6652,0.05,-1.0796000000000001,-0.11,8.6188,-2.2124000000000024,15.870000000000008,0,1,1,100.0
68,57.0,1,20.0,1.0,6,2,3.714400000000001,-0.00682000000000001,0.15946000000000005,0.6929800000000016,42.0,25.83,0,19.0,1641.0,115.0,-2.7965999999999998,0.05059999999999997,-1.0906,-0.11,9.061599999999999,-3.3213999999999926,20.225999999999974,0,1,1,100.0
68,58.0,1,20.0,1.0,6,2,3.5636000000000005,-0.005080000000000006,0.15424000000000002,0.42212000000000105,42.0,25.83,0,19.0,1641.0,115.0,-2.8604,0.05639999999999998,-1.0964,-0.11,9.270399999999999,-4.591599999999995,24.633999999999983,0,1,1,100.0
68,59.0,1,20.0,1.0,6,2,3.4172000000000002,-0.0035600000000000024,0.16243999999999995,0.18932000000000035,42.0,25.83,0,19.0,1641.0,115.0,-2.8868,0.06,-1.1044,-0.11,9.3824,-5.912399999999997,29.015599999999992,0,1,1,100.0
68,60.0,1,20.0,1.0,6,2,3.278,-0.0024000000000000002,0.1926,0.01880000000000001,42.0,25.83,0,19.0,1641.0,115.0,-2.852,0.06,-1.116,-0.11,9.336,-7.316,33.354,0,1,1,100.0
68,61.0,1,20.0,1.0,6,2,3.1539999999999995,-0.0016199999999999988,0.1357399999999998,0.020420000000000185,42.0,25.83,0,19.0,1641.0,115.0,-2.7678,0.056199999999999986,-1.1276000000000002,-0.11,9.145199999999999,-8.727200000000003,37.50240000000001,0,1,1,100.0
68,62.0,1,20.0,1.0,6,2,3.0380000000000007,-0.0010400000000000034,0.033080000000000616,0.11263999999999946,42.0,25.83,0,19.0,1641.0,115.0,-2.6576000000000004,0.050400000000000035,-1.1391999999999998,-0.11,8.878400000000001,-10.142399999999991,41.550799999999974,0,1,1,100.0
68,63.0,1,20.0,1.0,6,2,3.003,-0.0011799999999999992,0.010160000000000065,0.13735999999999993,42.0,25.83,0,19.0,1641.0,115.0,-2.605,0.05,-1.1418,-0.1082,8.725,-10.628799999999998,42.922599999999996,0,1,1,100.0
68,64.0,1,20.0,1.0,6,2,2.9739999999999998,-0.001373333333333333,-0.006853333333333302,0.15707999999999997,42.0,25.83,0,19.0,1641.0,115.0,-2.5566666666666666,0.05,-1.1437333333333333,-0.10626666666666668,8.58,-11.0464,44.09613333333333,0,1,1,100.0
68,65.0,1,20.0,1.0,6,2,2.945,-0.0015666666666666667,-0.023866666666666668,0.1768,42.0,25.83,0,19.0,1641.0,115.0,-2.5083333333333333,0.05,-1.1456666666666666,-0.10433333333333333,8.434999999999999,-11.464,45.269666666666666,0,1,1,100.0
68,66.0,1,20.0,1.0,6,2,2.916,-0.0017600000000000005,-0.040880000000000034,0.19652000000000003,42.0,25.83,0,19.0,1641.0,115.0,-2.46,0.05,-1.1476,-0.1024,8.29,-11.8816,46.4432,0,1,1,100.0
68,67.0,1,20.0,1.0,6,2,2.887,-0.001953333333333332,-0.057893333333333234,0.21623999999999988,42.0,25.83,0,19.0,1641.0,115.0,-2.411666666666667,0.05,-1.1495333333333333,-0.10046666666666669,8.145,-12.299199999999997,47.61673333333332,0,1,1,100.0
68,68.0,1,20.0,1.0,6,2,2.7832,-0.004439999999999998,-0.06870000000000001,0.6779199999999999,42.0,25.8534,0,19.0,1641.0,115.0,-1.8648,0.037800000000000014,-1.1478,-0.09780000000000001,5.871400000000001,-15.147,56.294599999999996,0,1,1,100.0
68,69.0,1,20.0,1.0,6,2,2.8006,-0.005019999999999999,-0.06435,0.71736,42.0,25.8447,0,19.0,1641.0,115.0,-1.8184,0.03490000000000001,-1.1448999999999998,-0.09490000000000001,5.543700000000001,-15.2485,56.7093,0,1,1,100.0
68,70.0,1,20.0,1.0,6,2,2.818,-0.0056,-0.06,0.7568,42.0,25.836,0,19.0,1641.0,115.0,-1.772,0.032,-1.142,-0.092,5.216,-15.35,57.123999999999995,0,1,1,100.0
68,71.0,1,20.0,1.0,6,2,2.8552000000000004,-0.0061800000000000015,-0.0719400000000001,0.8102800000000002,42.0,25.83,0,19.0,1641.0,115.0,-1.7291999999999998,0.03,-1.1363999999999999,-0.09,4.788399999999999,-15.373199999999999,57.31999999999999,0,1,1,100.0
68,72.0,1,20.0,1.0,6,2,2.9364,-0.006759999999999997,-0.12007999999999973,0.8949599999999995,42.0,25.83,0,19.0,1641.0,115.0,-1.6944000000000001,0.03,-1.1248,-0.09,4.138800000000004,-15.2224,57.03,0,1,1,100.0
68,73.0,1,20.0,1.0,6,2,3.0481999999999996,-0.007339999999999998,-0.17535999999999977,0.9497199999999999,42.0,25.83,0,19.0,1641.0,115.0,-1.6935999999999998,0.03,-1.1132000000000002,-0.09,3.5028000000000024,-14.898200000000003,56.0668,0,1,1,100.0
68,74.0,1,20.0,1.0,6,2,3.1816,-0.007919999999999998,-0.23567999999999986,0.9833599999999999,42.0,25.83,0,19.0,1641.0,115.0,-1.7167999999999999,0.03,-1.1016000000000001,-0.09,2.876400000000001,-14.451600000000001,54.6284,0,1,1,100.0
68,75.0,1,20.0,0.5,6,2,3.35,-0.008499999999999999,-0.144,1.0265,42.0,25.83,0,18.5,1641.0,115.0,-1.775,0.03,-1.085,-0.08499999999999999,2.31,-13.795,52.230000000000004,0,1,1,100.0
68,76.0,1,20.0,0.08000000000000114,6,2,3.5304,-0.009080000000000001,-0.0371199999999999,1.07372,42.0,25.83,0,18.080000000000002,1641.0,115.0,-1.8420000000000003,0.03080000000000001,-1.0676,-0.08,1.7651999999999992,-13.078399999999998,49.538799999999995,0,1,1,100.0
68,77.0,1,20.0,0.6599999999999966,6,2,3.7507999999999986,-0.009659999999999997,0.012759999999999709,1.1369399999999996,42.0,25.83,0,18.659999999999997,1641.0,115.0,-1.9289999999999996,0.036599999999999966,-1.0502000000000002,-0.08,1.2954000000000028,-12.196800000000005,45.977600000000024,0,1,1,100.0
68,78.0,1,20.0,1.0,6,2,3.985599999999999,-0.01,0.018240000000000225,1.17688,42.0,25.83,0,19.0,1641.0,115.24,-2.0136,0.04,-1.0352000000000001,-0.08,0.8664000000000015,-11.240800000000004,42.05640000000002,0,1,1,100.0
68,79.0,1,20.0,1.0,1,5,4.2408,-0.01,-0.03917999999999989,1.18384,42.0,25.83,0,19.0,1641.0,115.82,-2.0947999999999998,0.04,-1.0236,-0.08,0.49520000000000075,-10.179400000000001,37.62520000000001,0,1,1,100.0
68,80.0,1,20.0,0.0,1,5,5.021999999999999,-0.027200000000000002,-1.5088000000000001,0.5402,42.0,25.805999999999997,0,19.0,1641.0,116.0,-2.06,0.036,-0.978,-0.08,-0.188,-6.574,23.817999999999998,0,1,1,100.0
68,81.0,1,20.0,0.0,1,5,5.329400000000001,-0.05214000000000005,-3.568960000000004,-0.31936000000000164,42.0,25.829199999999997,0,19.0,1641.0,116.0,-1.9439999999999997,0.030199999999999987,-0.9605999999999999,-0.08,-0.3446000000000003,-5.071799999999997,18.49359999999999,0,1,1,100.0
68,82.0,1,20.0,0.0,1,5,5.647999999999998,-0.07987999999999984,-3.2121600000000026,-0.8541199999999969,42.0,25.7908,0,19.0,1641.0,116.0,-1.6488000000000016,0.024400000000000033,-0.9488,-0.08,-0.3947999999999997,-3.4408000000000096,13.23640000000003,0,1,1,100.0
68,83.0,1,20.0,0.0,1,5,5.9655999999999985,-0.10617999999999993,-2.804460000000001,-1.370839999999998,42.0,25.744600000000002,0,19.0,1641.0,116.0,-1.294000000000002,0.018600000000000023,-0.9358000000000001,-0.08,-0.41880000000000017,-1.8136000000000063,8.04040000000002,0,1,1,100.0
68,84.0,1,20.0,0.0,1,5,6.2787999999999995,-0.12763999999999998,-2.5080800000000005,-1.8673199999999992,42.0,25.680799999999998,0,19.0,1641.0,116.0,-0.772000000000001,0.012800000000000011,-0.9184,-0.08,-0.37240000000000006,-0.21280000000000315,3.029200000000009,0,1,1,100.0
68,85.0,1,20.0,0.0,1,5,6.5889999999999995,-0.14700000000000002,-2.1664000000000003,-2.3977000000000004,41.7,25.628999999999998,0,19.0,1641.0,116.0,-0.13,0.004,-0.904,-0.083,-0.305,1.286,-1.8169999999999997,0,1,1,100.0
68,86.0,1,20.0,0.0,1,6,6.896400000000001,-0.16440000000000005,-1.7824399999999994,-2.9597200000000012,41.12,25.588399999999996,0,19.0,1641.0,116.0,0.6240000000000016,-0.0076000000000000225,-0.8924,-0.0888,-0.21799999999999983,2.6896000000000027,-6.509200000000009,0,1,1,100.0
68,87.0,1,20.0,0.0,1,6,7.189999999999999,-0.17857999999999993,-1.5029000000000015,-3.340959999999998,41.459999999999994,25.5478,0,19.0,1641.0,116.0,1.5527999999999942,-0.023799999999999898,-0.8808,-0.09459999999999996,-0.15400000000000036,3.789599999999994,-10.902399999999975,0,1,1,100.0
68,88.0,1,20.0,0.0,1,6,7.477999999999999,-0.19163999999999998,-1.252920000000001,-3.676359999999999,42.0,25.5072,0,19.0,1641.0,116.0,2.5407999999999955,-0.04119999999999993,-0.8696,-0.10039999999999999,-0.1019999999999999,4.779199999999998,-15.188399999999985,0,1,1,100.0
68,89.0,1,20.0,0.0,1,6,7.738999999999997,-0.20091999999999988,-1.0342600000000026,-4.029579999999996,42.0,25.466600000000003,0,19.0,1641.0,116.0,3.7123999999999864,-0.0585999999999998,-0.8638,-0.10619999999999993,-0.13099999999999967,5.347599999999993,-19.080199999999955,0,1,1,100.0
68,90.0,1,20.0,0.0,1,6,7.935333333333333,-0.20779999999999998,-0.8807333333333334,-4.3034,41.93333333333333,25.435333333333336,0,19.0,1641.0,116.0,4.632666666666667,-0.07200000000000001,-0.8593333333333333,-0.11,-0.16999999999999998,5.731333333333333,-22.020666666666667,0,1,1,100.0
68,91.0,1,20.0,0.0,1,6,8.008799999999999,-0.21011999999999997,-0.8509600000000003,-4.426359999999999,41.74,25.4218,0,19.0,1641.0,116.0,5.075399999999997,-0.07779999999999997,-0.8574,-0.11,-0.22799999999999956,5.7642,-23.15359999999999,0,1,1,100.0
68,92.0,1,20.0,0.0,1,6,8.082266666666667,-0.21244,-0.8211866666666665,-4.549320000000001,41.54666666666667,25.408266666666666,0,19.0,1641.0,116.0,5.518133333333335,-0.08360000000000004,-0.8554666666666666,-0.11,-0.28600000000000025,5.797066666666667,-24.286533333333335,0,1,1,100.0
68,93.0,1,20.0,0.0,1,6,8.155733333333332,-0.21475999999999998,-0.7914133333333334,-4.67228,41.35333333333333,25.394733333333335,0,19.0,1641.0,116.0,5.960866666666665,-0.08939999999999998,-0.8535333333333334,-0.11,-0.3439999999999998,5.829933333333333,-25.41946666666666,0,1,1,100.0
68,94.0,1,20.0,0.0,1,6,8.229199999999999,-0.21707999999999997,-0.7616400000000003,-4.795239999999999,41.160000000000004,25.3812,0,19.0,1641.0,116.0,6.403599999999995,-0.09519999999999994,-0.8516,-0.11,-0.40199999999999936,5.862799999999999,-26.552399999999984,0,1,1,100.0
68,95.0,1,20.0,0.0,1,6,8.856,-0.23020000000000002,-0.19899999999999998,-5.7205,41.0,25.18,0,19.0,1641.0,116.0,12.065000000000001,-0.184,-0.841,-0.131,-1.984,3.9810000000000003,-36.349000000000004,0,1,1,100.0
68,96.0,1,20.0,0.0,1,6,8.948799999999999,-0.23136,-0.11780000000000061,-5.949599999999998,41.0,25.122,0,19.0,1641.0,116.0,13.543999999999988,-0.20719999999999983,-0.8467999999999999,-0.13679999999999998,-2.5871999999999953,3.000800000000008,-37.79319999999999,0,1,1,100.0
68,97.0,1,20.0,0.0,1,6,9.0182,-0.23226000000000002,-0.06077999999999989,-6.14984,41.0,25.0718,0,19.0,1641.0,116.0,14.947600000000005,-0.22780000000000006,-0.85,-0.14,-3.2372000000000027,1.8879999999999948,-38.896800000000006,0,1,1,100.0
68,98.0,1,20.0,0.0,1,6,9.0588,-0.23284000000000002,-0.0335200000000001,-6.314559999999999,41.0,25.0312,0,19.0,1641.0,116.0,16.258399999999995,-0.24519999999999995,-0.85,-0.14,-3.9447999999999968,0.6120000000000048,-39.5812,0,1,1,100.0
68,99.0,1,20.0,0.0,1,6,9.065800000000001,-0.23174000000000003,0.22725999999999588,-6.765719999999994,41.0,24.9612,0,19.0,1641.0,116.0,17.24999999999999,-0.2667999999999997,-0.8583999999999998,-0.14,-4.593599999999992,-0.6597999999999851,-39.711200000000005,0,1,1,100.0
68,100.0,1,20.0,0.0,3,7,9.06,-0.23,0.577,-7.326,41.0,24.88,0,19.0,1641.0,116.0,18.12,-0.29,-0.87,-0.14,-5.22,-1.93,-39.63,0,1,1,100.0
