t_ms,segment_id,packet_type,source_mode,frame_fid,note,walk_fid,walk_dt_ms,walk_exec_ms,walk_out,walk_state,walk_tilt_forward_deg,walk_pos_rad,walk_vel_rad_s,walk_tq_nm,walk_temp_c,walk_vbus_v,walk_err_code,walk_fb_age_ms,walk_typical_stride_ms,walk_effective_step_count,walk_tilt_accel_deg,walk_acc_x,walk_acc_y,walk_acc_z,walk_gyr_x,walk_gyr_y,walk_gyr_z,cfg_fid,cfg_robot_id,cfg_ble_target,cfg_gait_model,cfg_gait_mode,cfg_side_is_left,cfg_assist_pct
20,1,walk,walk,2804,,2804.0,20.0,0.0,0.0,1.0,2.49,0.135,0.882,0.0,28.0,25.97,0.0,2.0,1283.0,18.0,3.43,-0.06,-1.07,-0.09,4.77,-25.69,8.45,228.0,,,0.0,1.0,1.0,100.0
40,1,walk,walk,2805,,2805.0,20.0,0.0,0.0,1.0,2.39,0.144,0.249,0.0,28.0,25.97,0.0,2.0,1283.0,18.0,4.06,-0.08,-1.07,-0.11,1.36,-37.67,8.19,228.0,,,0.0,1.0,1.0,100.0
60,1,walk,walk,2806,,2806.0,20.0,0.0,0.0,1.0,2.32,0.143,0.032,0.0,28.0,25.97,0.0,2.0,1283.0,18.0,4.83,-0.09,-1.08,-0.14,-2.52,-51.74,7.81,228.0,,,0.0,1.0,1.0,100.0
120,1,walk,walk,2807,,2807.0,20.0,0.0,0.0,1.0,2.28,0.137,-0.636,0.0,28.0,25.97,0.0,2.0,1283.0,18.0,5.67,-0.11,-1.08,-0.15,-6.63,-66.89,7.58,228.0,,,0.0,1.0,1.0,100.0
120,1,walk,walk,2808,,2808.0,20.0,0.0,0.0,1.0,2.27,0.125,-0.762,0.0,28.0,25.97,0.0,2.0,1283.0,18.0,6.45,-0.12,-1.09,-0.16,-10.74,-81.72,7.78,228.0,,,0.0,1.0,1.0,100.0
120,1,walk,walk,2809,,2809.0,20.0,0.0,0.0,1.0,2.28,0.12,-0.232,0.0,28.0,25.97,0.0,2.0,1283.0,18.0,7.09,-0.14,-1.09,-0.16,-14.7,-94.77,8.52,228.0,,,0.0,1.0,1.0,100.0
140,1,walk,walk,2810,,2810.0,20.0,0.0,0.0,1.0,2.33,0.114,-0.64,0.0,28.0,25.97,0.0,2.0,1283.0,18.0,7.54,-0.14,-1.09,-0.16,-18.38,-104.9,9.83,228.0,,,0.0,1.0,1.0,100.0
160,1,walk,walk,2811,,2811.0,20.0,0.0,0.0,1.0,2.4,0.101,-0.882,0.0,28.0,25.97,0.0,2.0,1283.0,18.0,7.86,-0.15,-1.09,-0.14,-21.7,-111.64,11.68,228.0,,,0.0,1.0,1.0,100.0
180,1,walk,walk,2812,,2812.0,20.0,0.0,0.0,1.0,2.49,0.091,-0.421,0.0,28.0,25.97,0.0,2.0,1283.0,18.0,8.11,-0.15,-1.09,-0.12,-24.58,-115.21,13.86,228.0,,,0.0,1.0,1.0,100.0
200,1,walk,walk,2813,,2813.0,20.0,0.0,0.0,1.0,2.6,0.082,-1.04,0.0,28.0,25.97,0.0,2.0,1283.0,18.0,8.37,-0.16,-1.08,-0.09,-26.96,-116.33,16.08,228.0,,,0.0,1.0,1.0,100.0
220,1,walk,walk,2814,,2814.0,20.0,0.0,0.0,1.0,2.74,0.068,-0.789,0.0,28.0,25.97,0.0,2.0,1283.0,18.0,8.7,-0.16,-1.07,-0.07,-28.76,-116.01,18.03,228.0,,,0.0,1.0,1.0,100.0
240,1,walk,walk,2815,,2815.0,20.0,0.0,0.0,1.0,2.91,0.059,-0.614,0.0,28.0,25.97,0.0,2.0,1283.0,18.0,9.12,-0.17,-1.05,-0.04,-29.97,-115.15,19.42,228.0,,,0.0,1.0,1.0,100.0
280,1,walk,walk,2816,,2816.0,20.0,0.0,0.0,1.0,3.1,0.049,-0.614,0.0,28.0,25.97,0.0,2.0,1283.0,18.0,9.58,-0.18,-1.04,-0.02,-30.59,-114.36,20.01,228.0,,,0.0,1.0,1.0,100.0
280,1,walk,walk,2817,,2817.0,20.0,0.0,0.0,1.0,3.31,0.042,-0.214,0.0,28.0,25.97,0.0,2.0,1283.0,18.0,10.03,-0.18,-1.02,-0.01,-30.69,-113.91,19.67,228.0,,,0.0,1.0,1.0,100.0
320,1,walk,walk,2818,,2818.0,20.0,0.0,0.0,1.0,3.55,0.042,-0.013,0.0,28.0,25.97,0.0,2.0,1283.0,18.0,10.39,-0.18,-1.0,0.01,-30.38,-113.69,18.36,228.0,,,0.0,1.0,1.0,100.0
320,1,walk,walk,2819,,2819.0,20.0,0.0,0.0,1.0,3.81,0.042,0.052,0.0,28.0,25.97,0.0,2.0,1283.0,18.0,10.63,-0.18,-0.98,0.02,-29.74,-113.43,16.16,228.0,,,0.0,1.0,1.0,100.0
340,1,walk,walk,2820,,2820.0,20.0,0.0,0.0,1.0,4.1,0.042,0.171,0.0,28.0,25.97,0.0,2.0,1283.0,18.0,10.76,-0.18,-0.96,0.02,-28.84,-112.9,13.19,228.0,,,0.0,1.0,1.0,100.0
360,1,walk,walk,2821,,2821.0,20.0,0.0,0.0,1.0,4.4,0.043,0.049,0.0,28.0,25.97,0.0,2.0,1283.0,18.0,10.79,-0.18,-0.94,0.03,-27.74,-112.01,9.63,228.0,,,0.0,1.0,1.0,100.0
380,1,walk,walk,2822,,2822.0,20.0,0.0,0.0,1.0,4.71,0.044,0.123,0.0,28.0,25.97,0.0,2.0,1283.0,18.0,10.8,-0.18,-0.92,0.03,-26.47,-110.85,5.59,228.0,,,0.0,1.0,1.0,100.0
420,1,walk,walk,2823,,2823.0,20.0,0.0,0.0,1.0,5.04,0.045,0.144,0.0,28.0,25.97,0.0,2.0,1283.0,18.0,10.83,-0.17,-0.9,0.02,-25.07,-109.56,1.22,228.0,,,0.0,1.0,1.0,100.0
440,1,walk,walk,2824,,2824.0,20.0,1.0,0.0,1.0,5.36,0.048,0.279,0.0,28.0,25.97,0.0,3.0,1283.0,18.0,10.91,-0.17,-0.89,0.01,-23.58,-108.31,-3.37,228.0,,,0.0,1.0,1.0,100.0
440,1,walk,walk,2825,,2825.0,20.0,1.0,0.0,1.0,5.68,0.052,0.381,0.0,28.0,25.97,0.0,3.0,1283.0,18.0,11.07,-0.17,-0.88,0.0,-22.06,-107.21,-8.06,228.0,,,0.0,1.0,1.0,100.0
460,1,walk,walk,2826,,2826.0,20.0,1.0,0.0,1.0,5.98,0.06,0.739,0.0,28.0,25.97,0.0,3.0,1283.0,18.0,11.28,-0.17,-0.87,-0.01,-20.54,-106.33,-12.75,228.0,,,0.0,1.0,1.0,100.0
480,1,walk,walk,2827,,2827.0,20.0,1.0,0.0,1.0,6.26,0.078,1.455,0.0,28.0,25.97,0.0,3.0,1283.0,18.0,11.54,-0.18,-0.87,-0.02,-19.06,-105.71,-17.33,228.0,,,0.0,1.0,1.0,100.0
520,1,walk,walk,2828,,2828.0,20.0,1.0,0.0,1.0,6.51,0.1,1.745,0.0,28.0,25.97,0.0,3.0,1283.0,18.0,11.79,-0.18,-0.87,-0.04,-17.64,-105.36,-21.75,228.0,,,0.0,1.0,1.0,100.0
520,1,walk,walk,2829,,2829.0,20.0,1.0,0.0,1.0,6.73,0.123,1.535,0.0,28.0,25.97,0.0,3.0,1283.0,18.0,12.04,-0.18,-0.86,-0.06,-16.29,-105.26,-25.97,228.0,,,0.0,1.0,1.0,100.0
540,1,walk,walk,2830,,2830.0,20.0,1.0,0.0,1.0,6.9,0.133,-1.296,0.0,28.0,25.97,0.0,3.0,1283.0,18.0,12.19,-0.19,-0.86,-0.08,-15.02,-105.38,-29.98,228.0,,,0.0,1.0,1.0,100.0
600,1,walk,walk,2831,,2831.0,20.0,1.0,0.0,1.0,7.02,0.12,-0.075,0.0,28.0,25.97,0.0,3.0,1283.0,18.0,12.05,-0.18,-0.87,-0.09,-13.88,-104.81,-33.83,228.0,,,0.0,1.0,1.0,100.0
600,1,walk,walk,2832,,2832.0,20.0,1.0,0.0,1.0,7.09,0.098,-1.811,0.0,28.0,25.97,0.0,3.0,1283.0,18.0,11.47,-0.18,-0.87,-0.11,-12.85,-102.96,-37.51,228.0,,,0.0,1.0,1.0,100.0
600,1,walk,walk,2833,,2833.0,20.0,1.0,0.0,1.0,7.11,0.076,-1.158,0.0,28.0,25.97,0.0,3.0,1283.0,18.0,10.43,-0.16,-0.88,-0.13,-11.89,-99.65,-40.76,228.0,,,0.0,1.0,1.0,100.0
640,1,walk,walk,2834,,2834.0,20.0,1.0,0.0,1.0,7.06,0.073,0.077,0.0,28.0,25.97,0.0,3.0,1283.0,18.0,8.97,-0.14,-0.9,-0.15,-10.83,-95.13,-43.39,228.0,,,0.0,1.0,1.0,100.0
640,1,walk,walk,2835,,2835.0,20.0,2.0,0.0,1.0,6.95,0.074,0.3,0.0,28.0,25.97,0.0,4.0,1283.0,18.0,7.16,-0.12,-0.92,-0.17,-9.51,-89.76,-45.37,228.0,,,0.0,1.0,1.0,100.0
660,1,walk,walk,2836,,2836.0,20.0,1.0,0.0,1.0,6.78,0.078,-0.111,0.0,28.0,25.97,0.0,3.0,1283.0,18.0,5.15,-0.09,-0.95,-0.18,-7.79,-83.79,-46.62,228.0,,,0.0,1.0,1.0,100.0
680,1,walk,walk,2837,,2837.0,20.0,2.0,0.0,1.0,6.54,0.078,0.053,0.0,28.0,25.97,0.0,4.0,1283.0,18.0,3.13,-0.05,-0.98,-0.19,-5.7,-77.35,-46.95,228.0,,,0.0,1.0,1.0,100.0
700,1,walk,walk,2838,,2838.0,20.0,0.0,0.0,1.0,6.24,0.076,-0.093,0.0,28.0,25.97,0.0,2.0,1283.0,18.0,1.27,-0.02,-1.01,-0.19,-3.49,-70.6,-46.28,228.0,,,0.0,1.0,1.0,100.0
720,1,walk,walk,2839,,2839.0,20.0,0.0,0.0,1.0,5.87,0.075,-0.151,0.0,28.0,25.97,0.0,2.0,1283.0,18.0,-0.32,0.01,-1.03,-0.18,-1.45,-63.73,-44.65,228.0,,,0.0,1.0,1.0,100.0
760,1,walk,walk,2840,,2840.0,20.0,1.0,0.0,1.0,5.44,0.072,-0.264,0.0,28.0,25.97,0.0,3.0,1283.0,18.0,-1.59,0.03,-1.05,-0.16,0.2,-56.93,-42.16,228.0,,,0.0,1.0,1.0,100.0
780,1,walk,walk,2841,,2841.0,20.0,0.0,0.0,1.0,4.96,0.069,-0.202,0.0,28.0,25.97,0.0,2.0,1283.0,18.0,-2.55,0.05,-1.07,-0.14,1.34,-50.37,-38.97,228.0,,,0.0,1.0,1.0,100.0
780,1,walk,walk,2842,,2842.0,20.0,0.0,0.0,1.0,4.42,0.065,-0.335,0.0,28.0,25.97,0.0,2.0,1283.0,18.0,-3.21,0.06,-1.08,-0.13,1.97,-44.16,-35.29,228.0,,,0.0,1.0,1.0,100.0
800,1,walk,walk,2843,,2843.0,20.0,0.0,0.0,1.0,3.85,0.06,-0.346,0.0,28.0,25.97,0.0,2.0,1283.0,18.0,-3.6,0.07,-1.08,-0.11,2.2,-38.38,-31.31,228.0,,,0.0,1.0,1.0,100.0
820,1,walk,walk,2844,,2844.0,20.0,0.0,0.0,1.0,3.23,0.055,-0.347,0.0,28.0,25.97,0.0,2.0,1283.0,18.0,-3.77,0.07,-1.08,-0.1,2.2,-33.08,-27.22,228.0,,,0.0,1.0,1.0,100.0
840,1,walk,walk,2845,,2845.0,20.0,0.0,0.0,1.0,2.59,0.052,-0.132,0.0,28.0,25.97,0.0,2.0,1283.0,18.0,-3.75,0.07,-1.08,-0.09,2.08,-28.29,-23.19,228.0,,,0.0,1.0,1.0,100.0
860,1,walk,walk,2846,,2846.0,20.0,0.0,0.0,1.0,1.94,0.049,-0.206,0.0,28.0,25.97,0.0,2.0,1283.0,18.0,-3.59,0.07,-1.08,-0.08,1.93,-24.03,-19.37,228.0,,,0.0,1.0,1.0,100.0
900,1,walk,walk,2847,,2847.0,20.0,1.0,0.0,1.0,1.28,0.048,-0.097,0.0,28.0,25.97,0.0,3.0,1283.0,18.0,-3.31,0.06,-1.08,-0.07,1.8,-20.27,-15.89,228.0,,,0.0,1.0,1.0,100.0
920,1,walk,walk,2848,,2848.0,20.0,1.0,0.0,1.0,0.62,0.047,-0.075,0.0,28.0,25.97,0.0,3.0,1283.0,18.0,-2.96,0.06,-1.07,-0.07,1.67,-17.01,-12.85,228.0,,,0.0,1.0,1.0,100.0
920,1,walk,walk,2849,,2849.0,20.0,1.0,0.0,1.0,-0.02,0.047,-0.056,0.0,28.0,25.97,0.0,3.0,1283.0,18.0,-2.57,0.05,-1.06,-0.07,1.55,-14.22,-10.34,228.0,,,0.0,1.0,1.0,100.0
960,1,walk,walk,2850,,2850.0,20.0,1.0,0.0,1.0,-0.63,0.047,-0.005,0.0,28.0,25.97,0.0,3.0,1283.0,18.0,-2.16,0.04,-1.06,-0.06,1.41,-11.86,-8.38,228.0,,,0.0,1.0,1.0,100.0
960,1,walk,walk,2851,,2851.0,20.0,1.0,0.0,1.0,-1.22,0.047,0.017,0.0,28.0,25.97,0.0,3.0,1283.0,18.0,-1.76,0.03,-1.05,-0.06,1.26,-9.83,-6.95,228.0,,,0.0,1.0,1.0,100.0
980,1,walk,walk,2852,,2852.0,20.0,1.0,0.0,1.0,-1.77,0.047,-0.036,0.0,28.0,25.97,0.0,3.0,1283.0,18.0,-1.41,0.03,-1.05,-0.06,1.1,-8.1,-6.02,228.0,,,0.0,1.0,1.0,100.0
1000,1,walk,walk,2853,,2853.0,20.0,1.0,0.0,1.0,-2.28,0.047,0.022,0.0,28.0,25.97,0.0,3.0,1283.0,18.0,-1.11,0.02,-1.04,-0.06,0.91,-6.61,-5.48,228.0,,,0.0,1.0,1.0,100.0
1020,1,walk,walk,2854,,2854.0,20.0,1.0,0.0,1.0,-2.74,0.047,0.131,0.0,28.0,25.97,0.0,3.0,1283.0,18.0,-0.87,0.02,-1.04,-0.05,0.71,-5.36,-5.26,228.0,,,0.0,1.0,1.0,100.0
1080,1,walk,walk,2855,,2855.0,20.0,1.0,0.0,1.0,-3.17,0.048,0.025,0.0,28.0,25.97,0.0,3.0,1283.0,18.0,-0.71,0.01,-1.04,-0.05,0.52,-4.3,-5.26,228.0,,,0.0,1.0,1.0,100.0
1080,1,walk,walk,2856,,2856.0,20.0,1.0,0.0,1.0,-3.54,0.049,0.064,0.0,28.0,25.97,0.0,3.0,1283.0,18.0,-0.61,0.01,-1.03,-0.05,0.37,-3.4,-5.37,228.0,,,0.0,1.0,1.0,100.0
1080,1,walk,walk,2857,,2857.0,20.0,1.0,0.0,1.0,-3.87,0.051,0.061,0.0,28.0,25.97,0.0,3.0,1283.0,18.0,-0.57,0.01,-1.03,-0.05,0.29,-2.63,-5.54,228.0,,,0.0,1.0,1.0,100.0
1100,1,walk,walk,2858,,2858.0,20.0,1.0,0.0,1.0,-4.17,0.053,0.101,0.0,28.0,25.97,0.0,3.0,1283.0,18.0,-0.57,0.01,-1.03,-0.05,0.3,-1.97,-5.72,228.0,,,0.0,1.0,1.0,100.0
1120,1,walk,walk,2859,,2859.0,20.0,1.0,0.0,1.0,-4.42,0.054,0.117,0.0,28.0,25.97,0.0,3.0,1283.0,18.0,-0.61,0.01,-1.03,-0.05,0.42,-1.42,-5.87,228.0,,,0.0,1.0,1.0,100.0
1140,1,walk,walk,2860,,2860.0,20.0,1.0,0.0,1.0,-4.64,0.056,0.002,0.0,28.0,25.97,0.0,3.0,1283.0,18.0,-0.68,0.01,-1.03,-0.05,0.64,-0.95,-5.98,228.0,,,0.0,1.0,1.0,100.0
1160,1,walk,walk,2861,,2861.0,20.0,1.0,0.0,1.0,-4.82,0.056,-0.053,0.0,28.0,25.97,0.0,3.0,1283.0,18.0,-0.76,0.01,-1.03,-0.06,0.97,-0.56,-6.01,228.0,,,0.0,1.0,1.0,100.0
1180,1,walk,walk,2862,,2862.0,20.0,1.0,0.0,1.0,-4.99,0.056,0.011,0.0,28.0,25.97,0.0,3.0,1283.0,18.0,-0.88,0.02,-1.03,-0.06,1.39,-0.22,-5.9,228.0,,,0.0,1.0,1.0,100.0
1200,1,walk,walk,2863,,2863.0,20.0,1.0,0.0,1.0,-5.12,0.056,0.033,0.0,28.0,25.97,0.0,3.0,1283.0,18.0,-1.02,0.02,-1.03,-0.06,1.89,0.08,-5.63,228.0,,,0.0,1.0,1.0,100.0
1240,1,walk,walk,2864,,2864.0,20.0,1.0,0.0,1.0,-5.24,0.056,-0.064,0.0,28.0,25.97,0.0,3.0,1283.0,18.0,-1.17,0.02,-1.03,-0.06,2.46,0.36,-5.19,228.0,,,0.0,1.0,1.0,100.0
1240,1,walk,walk,2865,,2865.0,20.0,1.0,0.0,1.0,-5.33,0.056,-0.054,0.0,28.0,25.97,0.0,3.0,1283.0,18.0,-1.32,0.02,-1.03,-0.06,3.1,0.64,-4.57,228.0,,,0.0,1.0,1.0,100.0
1280,1,walk,walk,2866,,2866.0,20.0,1.0,0.0,1.0,-5.42,0.057,0.054,0.0,28.0,25.93,0.0,3.0,1283.0,18.0,-1.46,0.03,-1.03,-0.06,3.81,0.93,-3.81,228.0,,,0.0,1.0,1.0,100.0
1300,1,walk,walk,2867,,2867.0,20.0,1.0,0.0,1.0,-5.49,0.059,0.112,0.0,28.0,25.97,0.0,3.0,1283.0,18.0,-1.6,0.03,-1.03,-0.06,4.58,1.22,-2.91,228.0,,,0.0,1.0,1.0,100.0
1300,1,walk,walk,2868,,2868.0,20.0,0.0,0.0,1.0,-5.54,0.06,-0.049,0.0,28.0,25.97,0.0,2.0,1283.0,18.0,-1.72,0.03,-1.04,-0.06,5.41,1.53,-1.89,228.0,,,0.0,1.0,1.0,100.0
1340,1,walk,walk,2869,,2869.0,20.0,0.0,0.0,1.0,-5.59,0.061,-0.021,0.0,28.0,25.97,0.0,2.0,1283.0,18.0,-1.82,0.03,-1.04,-0.06,6.25,1.8,-0.78,228.0,,,0.0,1.0,1.0,100.0
1360,1,walk,walk,2870,,2870.0,20.0,0.0,0.0,1.0,-5.63,0.063,0.197,0.0,28.0,25.97,0.0,2.0,1283.0,18.0,-1.89,0.03,-1.04,-0.05,7.06,1.97,0.44,228.0,,,0.0,1.0,1.0,100.0
1400,1,walk,walk,2871,,2871.0,20.0,0.0,0.0,1.0,-5.65,0.069,0.685,0.0,28.0,25.97,0.0,2.0,1283.0,18.0,-1.92,0.03,-1.04,-0.05,7.66,1.82,1.74,228.0,,,0.0,1.0,1.0,100.0
1400,1,walk,walk,2872,,2872.0,20.0,0.0,0.0,1.0,-5.67,0.083,1.113,0.0,28.0,25.97,0.0,2.0,1283.0,18.0,-1.91,0.03,-1.04,-0.06,7.92,1.02,3.05,228.0,,,0.0,1.0,1.0,100.0
1400,1,walk,walk,2873,,2873.0,20.0,0.0,0.0,1.0,-5.67,0.101,1.259,0.0,28.0,25.97,0.0,2.0,1283.0,18.0,-1.87,0.03,-1.05,-0.06,7.72,-0.73,4.3,228.0,,,0.0,1.0,1.0,100.0
1440,1,walk,walk,2874,,2874.0,20.0,0.0,0.0,1.0,-5.67,0.114,0.826,0.0,28.0,25.97,0.0,2.0,1283.0,18.0,-1.79,0.03,-1.05,-0.06,7.01,-3.62,5.48,228.0,,,0.0,1.0,1.0,100.0
1440,1,walk,walk,2875,,2875.0,20.0,0.0,0.0,1.0,-5.65,0.126,0.457,0.0,28.0,25.97,0.0,2.0,1283.0,18.0,-1.62,0.03,-1.06,-0.07,5.8,-7.73,6.61,228.0,,,0.0,1.0,1.0,100.0
1460,1,walk,walk,2876,,2876.0,20.0,0.0,0.0,1.0,-5.61,0.126,0.04,0.0,28.0,25.97,0.0,2.0,1283.0,18.0,-1.29,0.02,-1.07,-0.07,4.19,-13.0,7.84,228.0,,,0.0,1.0,1.0,100.0
1480,1,walk,walk,2877,,2877.0,20.0,0.0,0.0,1.0,-5.56,0.125,-0.158,0.0,28.0,25.97,0.0,2.0,1283.0,18.0,-0.8,0.02,-1.08,-0.08,2.29,-19.17,9.29,228.0,,,0.0,1.0,1.0,100.0
1520,1,walk,walk,2878,,2878.0,20.0,0.0,0.0,1.0,-5.5,0.121,-0.328,0.0,28.0,25.97,0.0,2.0,1283.0,18.0,-0.19,0.0,-1.09,-0.08,0.26,-25.86,11.09,228.0,,,0.0,1.0,1.0,100.0
1560,1,walk,walk,2879,,2879.0,20.0,0.0,0.0,1.0,-5.42,0.115,-0.661,0.0,28.0,25.97,0.0,2.0,1283.0,18.0,0.46,-0.01,-1.1,-0.07,-1.77,-32.53,13.27,228.0,,,0.0,1.0,1.0,100.0
1560,1,walk,walk,2880,,2880.0,20.0,0.0,0.0,1.0,-5.32,0.103,-0.817,0.0,28.0,25.97,0.0,2.0,1283.0,18.0,1.08,-0.02,-1.11,-0.07,-3.73,-38.61,15.84,228.0,,,0.0,1.0,1.0,100.0
1580,1,walk,walk,2881,,2881.0,20.0,0.0,0.0,1.0,-5.2,0.096,-0.304,0.0,28.0,25.97,0.0,2.0,1283.0,18.0,1.61,-0.03,-1.12,-0.06,-5.55,-43.67,18.66,228.0,,,0.0,1.0,1.0,100.0
1580,1,walk,walk,2882,,2882.0,20.0,0.0,0.0,1.0,-5.05,0.091,-0.433,0.0,28.0,25.97,0.0,2.0,1283.0,18.0,2.02,-0.04,-1.12,-0.05,-7.15,-47.49,21.49,228.0,,,0.0,1.0,1.0,100.0
1600,1,walk,walk,2883,,2883.0,20.0,0.0,0.0,1.0,-4.88,0.078,-1.096,0.0,28.0,25.97,0.0,2.0,1283.0,18.0,2.32,-0.05,-1.12,-0.03,-8.5,-50.06,24.06,228.0,,,0.0,1.0,1.0,100.0
1620,1,walk,walk,2884,,2884.0,20.0,0.0,0.0,1.0,-4.68,0.067,-0.413,0.0,28.0,25.97,0.0,2.0,1283.0,18.0,2.52,-0.05,-1.11,-0.02,-9.55,-51.63,26.08,228.0,,,0.0,1.0,1.0,100.0
1640,1,walk,walk,2885,,2885.0,20.0,0.0,0.0,1.0,-4.44,0.062,-0.303,0.0,28.0,25.97,0.0,2.0,1283.0,18.0,2.65,-0.05,-1.1,-0.01,-10.28,-52.53,27.25,228.0,,,0.0,1.0,1.0,100.0
1680,1,walk,walk,2886,,2886.0,20.0,0.0,0.0,1.0,-4.18,0.055,-0.578,0.0,28.0,25.97,0.0,2.0,1283.0,18.0,2.73,-0.05,-1.08,0.0,-10.65,-53.06,27.34,228.0,,,0.0,1.0,1.0,100.0
1700,1,walk,walk,2887,,2887.0,20.0,0.0,6.0,2.0,-3.88,0.049,-0.144,0.0,28.0,25.97,0.0,2.0,1283.0,18.0,2.78,-0.05,-1.06,0.01,-10.67,-53.37,26.3,228.0,,,0.0,1.0,1.0,100.0
1700,1,walk,walk,2888,,2888.0,20.0,0.0,6.0,2.0,-3.55,0.049,-0.123,0.008,28.0,25.93,0.0,18.0,1283.0,18.0,2.84,-0.05,-1.04,0.02,-10.37,-53.45,24.19,228.0,,,0.0,1.0,1.0,100.0
1760,1,walk,walk,2889,,2889.0,20.0,0.0,6.0,2.0,-3.2,0.036,-1.001,-0.546,28.0,25.93,0.0,18.0,1283.0,18.0,2.97,-0.05,-1.01,0.03,-9.77,-53.15,21.3,228.0,,,0.0,1.0,1.0,100.0
1760,1,walk,walk,2890,,2890.0,20.0,0.0,6.0,2.0,-2.81,0.023,-0.586,-0.823,28.0,25.93,0.0,18.0,1283.0,18.0,3.22,-0.06,-0.99,0.03,-8.94,-52.38,17.9,228.0,,,0.0,1.0,1.0,100.0
1760,1,walk,walk,2891,,2891.0,20.0,0.0,6.0,2.0,-2.41,0.019,-0.146,-1.128,28.0,25.93,0.0,18.0,1283.0,18.0,3.64,-0.06,-0.97,0.03,-7.94,-51.15,14.24,228.0,,,0.0,1.0,1.0,100.0
1780,1,walk,walk,2892,,2892.0,20.0,1.0,6.0,2.0,-1.99,0.018,0.017,-1.187,28.0,25.93,0.0,19.0,1283.0,18.0,4.27,-0.07,-0.95,0.02,-6.83,-49.57,10.51,228.0,,,0.0,1.0,1.0,100.0
1800,1,walk,walk,2893,,2893.0,20.0,1.0,6.0,2.0,-1.56,0.018,-0.046,-1.143,28.0,25.93,0.0,19.0,1283.0,18.0,5.1,-0.08,-0.93,0.01,-5.69,-47.85,6.91,228.0,,,0.0,1.0,1.0,100.0
1820,1,walk,walk,2894,,2894.0,20.0,0.0,6.0,2.0,-1.13,0.018,-0.022,-1.156,28.0,25.93,0.0,18.0,1283.0,18.0,6.11,-0.1,-0.91,0.0,-4.57,-46.19,3.54,228.0,,,0.0,1.0,1.0,100.0
1840,1,walk,walk,2895,,2895.0,20.0,1.0,6.0,2.0,-0.71,0.019,0.076,-1.18,28.0,25.9,0.0,19.0,1283.0,18.0,7.23,-0.11,-0.9,-0.01,-3.56,-44.7,0.49,228.0,,,0.0,1.0,1.0,100.0
1860,1,walk,walk,2896,,2896.0,20.0,1.0,6.0,2.0,-0.31,0.019,0.066,-1.252,28.0,25.93,0.0,19.0,1283.0,18.0,8.41,-0.13,-0.88,-0.02,-2.68,-43.45,-2.23,228.0,,,0.0,1.0,1.0,100.0
1920,1,walk,walk,2897,,2897.0,20.0,1.0,6.0,2.0,0.08,0.021,0.193,-1.374,28.0,25.9,0.0,19.0,1283.0,18.0,9.57,-0.15,-0.87,-0.04,-1.96,-42.45,-4.64,228.0,,,0.0,1.0,1.0,100.0
1920,1,walk,walk,2898,,2898.0,20.0,1.0,6.0,2.0,0.45,0.025,0.238,-1.693,28.0,25.9,0.0,19.0,1283.0,18.0,10.67,-0.16,-0.85,-0.05,-1.41,-41.69,-6.83,228.0,,,0.0,1.0,1.0,100.0
1940,1,walk,walk,2899,,2899.0,20.0,1.0,6.0,2.0,0.79,0.03,0.336,-2.0,28.0,25.9,0.0,19.0,1283.0,18.0,11.67,-0.17,-0.83,-0.07,-0.98,-41.15,-8.89,228.0,,,0.0,1.0,1.0,100.0
1960,1,walk,walk,2900,,2900.0,20.0,1.0,6.0,2.0,1.1,0.036,0.433,-2.452,28.0,25.83,0.0,19.0,1283.0,18.0,12.55,-0.18,-0.82,-0.08,-0.66,-40.81,-10.97,228.0,,,0.0,1.0,1.0,100.0
1960,1,walk,walk,2901,,2901.0,20.0,1.0,6.0,2.0,1.38,0.043,0.492,-2.939,28.0,25.79,0.0,19.0,1283.0,18.0,13.26,-0.19,-0.8,-0.09,-0.41,-40.63,-13.16,228.0,,,0.0,1.0,1.0,100.0
1980,1,walk,walk,2902,,2902.0,20.0,1.0,6.0,2.0,1.63,0.041,-0.828,-1.666,28.0,25.86,0.0,19.0,1283.0,18.0,13.47,-0.19,-0.8,-0.1,-0.12,-40.41,-15.82,228.0,,,0.0,1.0,1.0,100.0
2000,1,walk,walk,2903,,2903.0,20.0,1.0,6.0,2.0,1.85,0.039,0.703,-2.988,28.0,25.79,0.0,19.0,1283.0,18.0,12.79,-0.19,-0.82,-0.11,0.49,-39.74,-18.99,228.0,,,0.0,1.0,1.0,100.0
2020,1,walk,walk,2904,,2904.0,20.0,1.0,6.0,2.0,2.03,0.051,0.135,-3.156,28.0,25.76,0.0,19.0,1283.0,18.0,11.27,-0.17,-0.86,-0.11,1.62,-38.42,-22.14,228.0,,,0.0,1.0,1.0,100.0
2040,1,walk,walk,2905,,2905.0,20.0,1.0,6.0,2.0,2.18,0.051,-0.011,-3.091,28.0,25.76,0.0,19.0,1283.0,18.0,9.24,-0.15,-0.9,-0.12,3.16,-36.46,-24.78,228.0,,,0.0,1.0,1.0,100.0
2080,1,walk,walk,2906,,2906.0,20.0,1.0,6.0,2.0,2.29,0.051,-0.048,-3.09,28.0,25.76,0.0,19.0,1283.0,18.0,7.04,-0.12,-0.95,-0.11,4.8,-33.99,-26.53,228.0,,,0.0,1.0,1.0,100.0
2080,1,walk,walk,2907,,2907.0,20.0,1.0,6.0,2.0,2.37,0.049,-0.257,-2.854,28.0,25.79,0.0,19.0,1283.0,18.0,4.94,-0.09,-1.0,-0.1,6.17,-31.19,-27.14,228.0,,,0.0,1.0,1.0,100.0
2100,1,walk,walk,2908,,2908.0,20.0,1.0,6.0,2.0,2.4,0.046,-0.293,-2.552,28.0,25.83,0.0,19.0,1283.0,18.0,3.1,-0.06,-1.04,-0.09,7.06,-28.23,-26.57,228.0,,,0.0,1.0,1.0,100.0
2120,1,walk,walk,2909,,2909.0,20.0,1.0,6.0,2.0,2.38,0.041,-0.283,-2.325,28.0,25.83,0.0,19.0,1283.0,18.0,1.59,-0.03,-1.07,-0.07,7.35,-25.25,-24.94,228.0,,,0.0,1.0,1.0,100.0
2160,1,walk,walk,2910,,2910.0,20.0,1.0,6.0,2.0,2.32,0.038,-0.216,-2.217,28.0,25.83,0.0,19.0,1283.0,18.0,0.42,-0.01,-1.09,-0.06,7.09,-22.37,-22.5,228.0,,,0.0,1.0,1.0,100.0
2180,1,walk,walk,2911,,2911.0,20.0,1.0,6.0,2.0,2.22,0.034,-0.226,-2.038,28.0,25.86,0.0,19.0,1283.0,18.0,-0.41,0.01,-1.11,-0.05,6.42,-19.66,-19.53,228.0,,,0.0,1.0,1.0,100.0
2180,1,walk,walk,2912,,2912.0,20.0,1.0,6.0,2.0,2.07,0.032,-0.182,-1.944,28.0,25.86,0.0,19.0,1283.0,18.0,-0.95,0.02,-1.12,-0.04,5.53,-17.16,-16.36,228.0,,,0.0,1.0,1.0,100.0
2220,1,walk,walk,2913,,2913.0,20.0,1.0,6.0,2.0,1.89,0.031,-0.054,-1.878,28.0,25.86,0.0,19.0,1283.0,18.0,-1.23,0.02,-1.12,-0.03,4.55,-14.89,-13.23,228.0,,,0.0,1.0,1.0,100.0
2240,1,walk,walk,2914,,2914.0,20.0,1.0,6.0,2.0,1.68,0.03,-0.085,-1.801,28.0,25.86,0.0,19.0,1283.0,18.0,-1.33,0.03,-1.12,-0.03,3.58,-12.84,-10.32,228.0,,,0.0,1.0,1.0,100.0
2260,1,walk,walk,2915,,2915.0,20.0,1.0,6.0,2.0,1.45,0.028,-0.115,-1.709,28.0,25.86,0.0,19.0,1283.0,18.0,-1.29,0.02,-1.11,-0.03,2.66,-11.0,-7.73,228.0,,,0.0,1.0,1.0,100.0
2260,1,walk,walk,2916,,2916.0,20.0,1.0,6.0,2.0,1.2,0.027,-0.075,-1.644,28.0,25.9,0.0,19.0,1283.0,18.0,-1.15,0.02,-1.11,-0.02,1.79,-9.37,-5.47,228.0,,,0.0,1.0,1.0,100.0
2280,1,walk,walk,2917,,2917.0,20.0,1.0,6.0,2.0,0.94,0.025,-0.169,-1.514,28.0,25.9,0.0,19.0,1283.0,18.0,-0.95,0.02,-1.1,-0.02,0.98,-7.96,-3.54,228.0,,,0.0,1.0,1.0,100.0
2300,1,walk,walk,2918,,2918.0,20.0,1.0,6.0,2.0,0.68,0.022,-0.236,-1.294,28.0,25.9,0.0,19.0,1283.0,18.0,-0.73,0.01,-1.09,-0.02,0.23,-6.75,-1.86,228.0,,,0.0,1.0,1.0,100.0
2320,1,walk,walk,2919,,2919.0,20.0,1.0,6.0,2.0,0.42,0.019,-0.189,-1.209,28.0,25.9,0.0,19.0,1283.0,18.0,-0.49,0.01,-1.08,-0.02,-0.47,-5.74,-0.35,228.0,,,0.0,1.0,1.0,100.0
2340,1,walk,walk,2920,,2920.0,20.0,1.0,6.0,2.0,0.17,0.015,-0.273,-0.868,28.0,25.93,0.0,19.0,1283.0,18.0,-0.26,0.0,-1.07,-0.02,-1.11,-4.94,1.06,228.0,,,0.0,1.0,1.0,100.0
2400,1,walk,walk,2921,,2921.0,20.0,1.0,6.0,2.0,-0.06,0.01,-0.284,-0.471,28.0,25.93,0.0,19.0,1283.0,18.0,-0.03,0.0,-1.07,-0.03,-1.66,-4.31,2.42,228.0,,,0.0,1.0,1.0,100.0
2400,1,walk,walk,2922,,2922.0,20.0,1.0,6.0,2.0,-0.27,0.005,-0.245,-0.07,28.0,25.93,0.0,19.0,1283.0,18.0,0.19,0.0,-1.06,-0.03,-2.13,-3.87,3.79,228.0,,,0.0,1.0,1.0,100.0
2400,1,walk,walk,2923,,2923.0,20.0,1.0,6.0,2.0,-0.46,0.001,-0.26,0.262,28.0,25.93,0.0,19.0,1283.0,18.0,0.4,-0.01,-1.05,-0.03,-2.5,-3.58,5.18,228.0,,,0.0,1.0,1.0,100.0
2420,1,walk,walk,2924,,2924.0,20.0,1.0,6.0,2.0,-0.63,-0.004,-0.254,0.556,28.0,25.93,0.0,19.0,1283.0,18.0,0.62,-0.01,-1.05,-0.03,-2.78,-3.41,6.53,228.0,,,0.0,1.0,1.0,100.0
2440,1,walk,walk,2925,,2925.0,20.0,1.0,6.0,2.0,-0.76,-0.008,-0.19,0.718,28.0,25.93,0.0,19.0,1283.0,18.0,0.87,-0.02,-1.04,-0.03,-2.97,-3.3,7.79,228.0,,,0.0,1.0,1.0,100.0
2460,1,walk,walk,2926,,2926.0,20.0,1.0,6.0,2.0,-0.87,-0.011,-0.064,0.77,28.0,25.93,0.0,19.0,1283.0,18.0,1.16,-0.02,-1.04,-0.04,-3.09,-3.21,8.83,228.0,,,0.0,1.0,1.0,100.0
2480,1,walk,walk,2927,,2927.0,20.0,2.0,6.0,2.0,-0.95,-0.012,-0.032,0.713,28.0,25.93,0.0,20.0,1283.0,18.0,1.5,-0.03,-1.04,-0.04,-3.14,-3.1,9.5,228.0,,,0.0,1.0,1.0,100.0
2500,1,walk,walk,2928,,2928.0,20.0,2.0,6.0,2.0,-0.99,-0.012,-0.009,0.65,28.0,25.93,0.0,20.0,1283.0,18.0,1.89,-0.03,-1.03,-0.04,-3.13,-2.91,9.68,228.0,,,0.0,1.0,1.0,100.0
2520,1,walk,walk,2929,,2929.0,20.0,2.0,6.0,2.0,-1.01,-0.01,0.164,0.44,28.0,25.93,0.0,20.0,1283.0,18.0,2.32,-0.04,-1.03,-0.04,-3.08,-2.64,9.24,228.0,,,0.0,1.0,1.0,100.0
2560,1,walk,walk,2930,,2930.0,20.0,1.0,6.0,2.0,-1.0,-0.006,0.249,0.159,28.0,25.93,0.0,19.0,1283.0,18.0,2.76,-0.05,-1.02,-0.05,-3.0,-2.27,8.12,228.0,,,0.0,1.0,1.0,100.0
2560,1,walk,walk,2931,,2931.0,20.0,1.0,6.0,2.0,-0.96,-0.002,0.408,-0.144,28.0,25.93,0.0,19.0,1283.0,18.0,3.18,-0.06,-1.02,-0.05,-2.94,-1.81,6.32,228.0,,,0.0,1.0,1.0,100.0
2580,1,walk,walk,2932,,2932.0,20.0,1.0,6.0,2.0,-0.9,0.002,0.369,-0.534,28.0,25.93,0.0,19.0,1283.0,18.0,3.54,-0.06,-1.02,-0.05,-2.94,-1.28,3.95,228.0,,,0.0,1.0,1.0,100.0
2600,1,walk,walk,2933,,2933.0,20.0,1.0,6.0,2.0,-0.82,0.008,0.451,-0.883,28.0,25.93,0.0,19.0,1283.0,18.0,3.8,-0.07,-1.01,-0.05,-2.99,-0.71,1.14,228.0,,,0.0,1.0,1.0,100.0
2620,1,walk,walk,2934,,2934.0,20.0,1.0,6.0,2.0,-0.72,0.015,0.522,-1.32,28.0,25.93,0.0,19.0,1283.0,18.0,3.93,-0.07,-1.01,-0.05,-3.08,-0.12,-1.92,228.0,,,0.0,1.0,1.0,100.0
2660,1,walk,walk,2935,,2935.0,20.0,1.0,6.0,2.0,-0.61,0.022,0.417,-1.499,28.0,25.9,0.0,19.0,1283.0,18.0,3.93,-0.07,-1.01,-0.05,-3.18,0.47,-5.04,228.0,,,0.0,1.0,1.0,100.0
2660,1,walk,walk,2936,,2936.0,20.0,1.0,6.0,2.0,-0.5,0.027,0.316,-1.757,28.0,25.9,0.0,19.0,1283.0,18.0,3.79,-0.07,-1.01,-0.05,-3.27,1.07,-8.0,228.0,,,0.0,1.0,1.0,100.0
2700,1,walk,walk,2937,,2937.0,20.0,1.0,0.0,5.0,-0.38,0.032,0.191,-2.069,28.0,25.9,0.0,19.0,1283.0,18.0,3.53,-0.06,-1.01,-0.05,-3.3,1.64,-10.64,228.0,,,0.0,1.0,1.0,100.0
2700,1,walk,walk,2938,,2938.0,20.0,0.0,0.0,6.0,-0.27,0.036,0.214,-2.222,28.0,25.9,0.0,19.0,1283.0,18.0,3.25,-0.06,-1.01,-0.06,-3.24,2.19,-13.29,228.0,,,0.0,1.0,1.0,100.0
2720,1,walk,walk,2939,,2939.0,20.0,0.0,0.0,6.0,-0.18,0.036,0.214,-2.222,28.0,25.9,0.0,39.0,1283.0,18.0,2.94,-0.05,-1.02,-0.06,-3.07,2.84,-15.85,228.0,,,0.0,1.0,1.0,100.0
2740,1,walk,walk,2940,,2940.0,20.0,0.0,0.0,6.0,-0.1,0.036,0.214,-2.222,28.0,25.9,0.0,59.0,1283.0,18.0,2.58,-0.05,-1.02,-0.06,-2.77,3.65,-18.04,228.0,,,0.0,1.0,1.0,100.0
2760,1,walk,walk,2941,,2941.0,20.0,0.0,0.0,6.0,-0.04,0.036,0.214,-2.222,28.0,25.97,0.0,79.0,1283.0,18.0,2.15,-0.04,-1.02,-0.07,-2.38,4.51,-19.57,228.0,,,0.0,1.0,1.0,100.0
2780,1,walk,walk,2942,,2942.0,20.0,0.0,0.0,6.0,-0.01,0.071,-0.679,0.0,28.0,25.97,0.0,0.0,1283.0,18.0,1.63,-0.03,-1.02,-0.07,-1.89,5.36,-20.12,228.0,,,0.0,1.0,1.0,100.0
2800,1,walk,walk,2943,,2943.0,20.0,0.0,0.0,7.0,-0.01,0.071,-0.679,0.0,28.0,25.97,0.0,20.0,1283.0,18.0,1.03,-0.02,-1.03,-0.07,-1.26,6.09,-19.41,228.0,,,0.0,1.0,1.0,100.0
2820,1,walk,walk,2944,,2944.0,20.0,0.0,0.0,7.0,-0.04,0.058,-1.243,0.0,28.0,25.97,0.0,19.0,1283.0,18.0,0.34,-0.01,-1.03,-0.08,-0.45,6.66,-17.18,228.0,,,0.0,1.0,1.0,100.0
2840,1,walk,walk,2945,,2945.0,20.0,0.0,0.0,7.0,-0.1,0.037,-1.51,0.0,28.0,25.97,0.0,19.0,1283.0,18.0,-0.39,0.01,-1.04,-0.08,0.58,7.03,-13.19,228.0,,,0.0,1.0,1.0,100.0
2880,1,walk,walk,2946,,2946.0,20.0,0.0,0.0,7.0,-0.19,0.008,-2.012,0.0,28.0,25.97,0.0,19.0,1283.0,18.0,-1.11,0.02,-1.04,-0.08,1.79,7.09,-7.4,228.0,,,0.0,1.0,1.0,100.0
2880,1,walk,walk,2947,,2947.0,20.0,0.0,0.0,1.0,-0.3,-0.024,-2.048,0.0,28.0,25.97,0.0,19.0,1283.0,18.0,-1.83,0.03,-1.05,-0.08,3.03,6.87,-0.02,228.0,,,0.0,1.0,1.0,100.0
2900,1,walk,walk,2948,,2948.0,20.0,0.0,0.0,1.0,-0.43,-0.038,0.271,0.0,28.0,25.97,0.0,19.0,1283.0,18.0,-2.54,0.05,-1.07,-0.08,4.2,6.35,8.48,228.0,,,0.0,1.0,1.0,100.0
2920,1,walk,walk,2949,,2949.0,20.0,0.0,0.0,1.0,-0.57,-0.032,0.778,0.0,28.0,25.97,0.0,19.0,1283.0,18.0,-3.21,0.06,-1.08,-0.08,5.18,5.64,17.62,228.0,,,0.0,1.0,1.0,100.0
2940,1,walk,walk,2950,,2950.0,20.0,0.0,0.0,1.0,-0.71,-0.02,0.857,0.0,28.0,25.97,0.0,19.0,1283.0,18.0,-3.76,0.07,-1.1,-0.08,5.91,4.79,26.89,228.0,,,0.0,1.0,1.0,100.0
2960,1,walk,walk,2951,,2951.0,20.0,0.0,0.0,1.0,-0.83,0.0,1.531,0.0,28.0,25.97,0.0,19.0,1283.0,18.0,-4.15,0.08,-1.12,-0.07,6.37,3.85,35.81,228.0,,,0.0,1.0,1.0,100.0
2980,1,walk,walk,2952,,2952.0,20.0,0.0,0.0,1.0,-0.92,0.023,1.726,0.0,28.0,25.97,0.0,19.0,1283.0,18.0,-4.35,0.09,-1.14,-0.07,6.62,2.95,43.99,228.0,,,0.0,1.0,1.0,100.0
3000,1,walk,walk,2953,,2953.0,20.0,0.0,0.0,1.0,-0.97,0.039,0.7,0.0,28.0,25.97,0.0,19.0,1283.0,18.0,-4.38,0.09,-1.15,-0.06,6.73,2.34,51.11,228.0,,,0.0,1.0,1.0,100.0
3040,1,walk,walk,2954,,2954.0,20.0,0.0,0.0,1.0,-0.97,0.041,0.003,0.0,28.0,25.97,0.0,19.0,1283.0,18.0,-4.29,0.09,-1.16,-0.06,6.77,2.12,56.81,228.0,,,0.0,1.0,1.0,100.0
3040,1,walk,walk,2955,,2955.0,20.0,0.0,0.0,1.0,-0.9,0.038,-0.236,0.0,28.0,25.97,0.0,19.0,1283.0,18.0,-4.16,0.08,-1.17,-0.05,6.78,2.32,60.82,228.0,,,0.0,1.0,1.0,100.0
3060,1,walk,walk,2956,,2956.0,20.0,0.0,0.0,1.0,-0.76,0.029,-0.906,0.0,28.0,25.97,0.0,19.0,1283.0,18.0,-4.05,0.08,-1.16,-0.05,6.81,2.86,62.87,228.0,,,0.0,1.0,1.0,100.0
3080,1,walk,walk,2957,,2957.0,20.0,0.0,6.0,2.0,-0.53,0.015,-0.695,0.0,28.0,25.97,0.0,19.0,1283.0,18.0,-3.99,0.08,-1.15,-0.04,6.89,3.62,62.77,228.0,,,0.0,1.0,1.0,100.0
3100,1,walk,walk,2958,,2958.0,20.0,0.0,6.0,2.0,-0.23,0.005,-1.225,0.143,28.0,25.97,0.0,18.0,1283.0,18.0,-4.03,0.08,-1.13,-0.04,7.02,4.47,60.38,228.0,,,0.0,1.0,1.0,100.0
3120,1,walk,walk,2959,,2959.0,20.0,0.0,6.0,2.0,0.15,0.001,-0.358,0.351,28.0,25.93,0.0,18.0,1283.0,18.0,-4.16,0.08,-1.1,-0.04,7.19,5.32,55.72,228.0,,,0.0,1.0,1.0,100.0
3140,1,walk,walk,2960,,2960.0,20.0,1.0,6.0,2.0,0.61,-0.004,-0.203,0.462,28.0,25.93,0.0,19.0,1283.0,18.0,-4.35,0.08,-1.08,-0.04,7.36,6.21,48.94,228.0,,,0.0,1.0,1.0,100.0
3160,1,walk,walk,2961,,2961.0,20.0,0.0,6.0,2.0,1.13,-0.006,-0.014,0.454,28.0,25.93,0.0,18.0,1283.0,18.0,-4.54,0.08,-1.05,-0.05,7.51,7.2,40.38,228.0,,,0.0,1.0,1.0,100.0
3220,1,walk,walk,2962,,2962.0,20.0,1.0,6.0,2.0,1.71,-0.007,-0.095,0.456,28.0,25.93,0.0,19.0,1283.0,18.0,-4.66,0.08,-1.02,-0.05,7.61,8.4,30.45,228.0,,,0.0,1.0,1.0,100.0
3220,1,walk,walk,2963,,2963.0,20.0,0.0,6.0,2.0,2.32,-0.007,0.018,0.396,28.0,25.93,0.0,18.0,1283.0,18.0,-4.59,0.08,-0.99,-0.06,7.61,9.82,19.63,228.0,,,0.0,1.0,1.0,100.0
3220,1,walk,walk,2964,,2964.0,20.0,1.0,6.0,2.0,2.95,-0.007,0.005,0.363,28.0,25.93,0.0,19.0,1283.0,18.0,-4.23,0.07,-0.96,-0.07,7.49,11.37,8.36,228.0,,,0.0,1.0,1.0,100.0
3240,1,walk,walk,2965,,2965.0,20.0,1.0,6.0,2.0,3.58,-0.006,0.032,0.292,28.0,25.93,0.0,19.0,1283.0,18.0,-3.49,0.06,-0.94,-0.08,7.22,12.87,-2.95,228.0,,,0.0,1.0,1.0,100.0
3260,1,walk,walk,2966,,2966.0,20.0,1.0,6.0,2.0,4.19,-0.006,0.023,0.323,28.0,25.93,0.0,19.0,1283.0,18.0,-2.31,0.04,-0.92,-0.09,6.75,14.08,-13.92,228.0,,,0.0,1.0,1.0,100.0
3280,1,walk,walk,2967,,2967.0,20.0,1.0,6.0,2.0,4.76,-0.005,-0.015,0.223,28.0,25.93,0.0,19.0,1283.0,18.0,-0.69,0.01,-0.91,-0.1,6.04,14.79,-24.22,228.0,,,0.0,1.0,1.0,100.0
3300,1,walk,walk,2968,,2968.0,20.0,1.0,6.0,2.0,5.26,-0.004,0.105,0.195,28.0,25.93,0.0,19.0,1283.0,18.0,1.32,-0.02,-0.89,-0.12,5.08,14.88,-33.51,228.0,,,0.0,1.0,1.0,100.0
3320,1,walk,walk,2969,,2969.0,20.0,1.0,6.0,2.0,5.69,-0.002,0.177,-0.009,28.0,25.93,0.0,19.0,1283.0,18.0,3.64,-0.06,-0.88,-0.13,3.86,14.31,-41.48,228.0,,,0.0,1.0,1.0,100.0
3360,1,walk,walk,2970,,2970.0,20.0,1.0,6.0,2.0,6.02,0.001,0.308,-0.328,28.0,25.93,0.0,19.0,1283.0,18.0,6.15,-0.09,-0.88,-0.14,2.4,13.17,-47.87,228.0,,,0.0,1.0,1.0,100.0
3380,1,walk,walk,2971,,2971.0,20.0,1.0,6.0,2.0,6.26,0.006,0.292,-0.682,28.0,25.93,0.0,19.0,1283.0,18.0,8.71,-0.13,-0.87,-0.15,0.76,11.58,-52.51,228.0,,,0.0,1.0,1.0,100.0
3380,1,walk,walk,2972,,2972.0,20.0,1.0,6.0,2.0,6.39,0.012,0.401,-1.132,28.0,25.93,0.0,19.0,1283.0,18.0,11.21,-0.17,-0.87,-0.16,-1.0,9.67,-55.37,228.0,,,0.0,1.0,1.0,100.0
3400,1,walk,walk,2973,,2973.0,20.0,1.0,6.0,2.0,6.4,0.018,0.35,-1.322,28.0,25.93,0.0,19.0,1283.0,18.0,13.55,-0.21,-0.87,-0.16,-2.81,7.58,-56.48,228.0,,,0.0,1.0,1.0,100.0
3420,1,walk,walk,2974,,2974.0,20.0,1.0,6.0,2.0,6.32,0.022,0.271,-1.421,28.0,25.9,0.0,19.0,1283.0,18.0,15.67,-0.25,-0.88,-0.16,-4.59,5.36,-55.97,228.0,,,0.0,1.0,1.0,100.0
3440,1,walk,walk,2975,,2975.0,20.0,1.0,6.0,2.0,6.13,0.027,0.357,-1.686,28.0,25.9,0.0,19.0,1283.0,18.0,17.5,-0.28,-0.88,-0.16,-6.28,3.06,-54.02,228.0,,,0.0,1.0,1.0,100.0
3460,1,walk,walk,2976,,2976.0,20.0,1.0,6.0,2.0,5.85,0.03,0.22,-1.968,28.0,25.86,0.0,19.0,1283.0,18.0,18.66,-0.3,-0.89,-0.15,-7.62,0.9,-51.08,228.0,,,0.0,1.0,1.0,100.0
3480,1,walk,walk,2977,,2977.0,20.0,1.0,6.0,2.0,5.5,0.047,1.429,-3.908,28.0,25.76,0.0,19.0,1283.0,18.0,18.84,-0.31,-0.91,-0.14,-8.37,-1.06,-47.29,228.0,,,0.0,1.0,1.0,100.0
3540,1,walk,walk,2978,,2978.0,20.0,1.0,6.0,2.0,5.07,0.066,1.066,-4.563,28.0,25.65,0.0,19.0,1283.0,18.0,18.15,-0.31,-0.94,-0.12,-8.47,-2.64,-42.73,228.0,,,0.0,1.0,1.0,100.0
3540,1,walk,walk,2979,,2979.0,20.0,1.0,6.0,2.0,4.6,0.071,0.002,-4.023,28.0,25.65,0.0,19.0,1283.0,18.0,16.84,-0.29,-0.97,-0.1,-8.02,-3.85,-37.54,228.0,,,0.0,1.0,1.0,100.0
3540,1,walk,walk,2980,,2980.0,20.0,1.0,6.0,2.0,4.09,0.068,-0.416,-3.848,28.0,25.65,0.0,19.0,1283.0,18.0,15.17,-0.27,-1.01,-0.08,-7.23,-4.73,-31.73,228.0,,,0.0,1.0,1.0,100.0
3560,1,walk,walk,2981,,2981.0,20.0,1.0,6.0,2.0,3.55,0.059,-0.804,-3.088,28.0,25.72,0.0,19.0,1283.0,18.0,13.37,-0.25,-1.04,-0.06,-6.32,-5.32,-25.4,228.0,,,0.0,1.0,1.0,100.0
3580,1,walk,walk,2982,,2982.0,20.0,1.0,6.0,2.0,3.01,0.047,-0.69,-2.509,28.0,25.79,0.0,19.0,1283.0,18.0,11.62,-0.22,-1.07,-0.05,-5.44,-5.73,-18.78,228.0,,,0.0,1.0,1.0,100.0
3600,1,walk,walk,2983,,2983.0,20.0,1.0,6.0,2.0,2.48,0.038,-0.539,-1.956,28.0,25.86,0.0,19.0,1283.0,18.0,10.01,-0.19,-1.09,-0.03,-4.64,-5.98,-12.13,228.0,,,0.0,1.0,1.0,100.0
3620,1,walk,walk,2984,,2984.0,20.0,1.0,6.0,2.0,1.96,0.028,-0.573,-1.485,28.0,25.9,0.0,19.0,1283.0,18.0,8.61,-0.17,-1.1,-0.02,-3.91,-6.1,-5.76,228.0,,,0.0,1.0,1.0,100.0
3640,1,walk,walk,2985,,2985.0,20.0,1.0,6.0,2.0,1.47,0.02,-0.438,-1.155,28.0,25.9,0.0,19.0,1283.0,18.0,7.44,-0.15,-1.11,-0.02,-3.21,-6.14,0.03,228.0,,,0.0,1.0,1.0,100.0
3680,1,walk,walk,2986,,2986.0,20.0,1.0,6.0,2.0,1.01,0.015,-0.214,-0.956,28.0,25.93,0.0,19.0,1283.0,18.0,6.49,-0.13,-1.12,-0.02,-2.54,-6.1,5.02,228.0,,,0.0,1.0,1.0,100.0
3700,1,walk,walk,2987,,2987.0,20.0,1.0,6.0,2.0,0.61,0.01,-0.365,-0.674,28.0,25.93,0.0,19.0,1283.0,18.0,5.74,-0.11,-1.12,-0.02,-1.87,-5.99,9.11,228.0,,,0.0,1.0,1.0,100.0
3700,1,walk,walk,2988,,2988.0,20.0,1.0,6.0,2.0,0.25,0.007,-0.246,-0.307,28.0,25.93,0.0,19.0,1283.0,18.0,5.17,-0.1,-1.11,-0.02,-1.21,-5.79,12.22,228.0,,,0.0,1.0,1.0,100.0
3720,1,walk,walk,2989,,2989.0,20.0,1.0,6.0,2.0,-0.04,0.005,-0.211,-0.199,28.0,25.93,0.0,19.0,1283.0,18.0,4.76,-0.09,-1.1,-0.03,-0.58,-5.48,14.34,228.0,,,0.0,1.0,1.0,100.0
3740,1,walk,walk,2990,,2990.0,20.0,1.0,6.0,2.0,-0.27,0.004,-0.06,-0.246,28.0,25.93,0.0,19.0,1283.0,18.0,4.48,-0.09,-1.1,-0.03,-0.03,-5.07,15.47,228.0,,,0.0,1.0,1.0,100.0
3780,1,walk,walk,2991,,2991.0,20.0,1.0,6.0,2.0,-0.44,0.004,0.046,-0.292,28.0,25.93,0.0,19.0,1283.0,18.0,4.31,-0.08,-1.09,-0.03,0.42,-4.58,15.69,228.0,,,0.0,1.0,1.0,100.0
3800,1,walk,walk,2992,,2992.0,20.0,1.0,6.0,2.0,-0.55,0.005,0.077,-0.382,28.0,25.93,0.0,19.0,1283.0,18.0,4.22,-0.08,-1.08,-0.04,0.76,-4.02,15.08,228.0,,,0.0,1.0,1.0,100.0
3800,1,walk,walk,2993,,2993.0,20.0,0.0,6.0,2.0,-0.6,0.006,0.093,-0.505,28.0,25.93,0.0,18.0,1283.0,18.0,4.18,-0.08,-1.07,-0.04,0.97,-3.44,13.8,228.0,,,0.0,1.0,1.0,100.0
3840,1,walk,walk,2994,,2994.0,20.0,1.0,6.0,2.0,-0.6,0.009,0.166,-0.689,28.0,25.93,0.0,19.0,1283.0,18.0,4.14,-0.08,-1.06,-0.05,1.11,-2.84,11.99,228.0,,,0.0,1.0,1.0,100.0
3860,1,walk,walk,2995,,2995.0,20.0,1.0,6.0,2.0,-0.54,0.012,0.179,-0.974,28.0,25.93,0.0,19.0,1283.0,18.0,4.08,-0.07,-1.05,-0.05,1.2,-2.24,9.81,228.0,,,0.0,1.0,1.0,100.0
3860,1,walk,walk,2996,,2996.0,20.0,1.0,6.0,2.0,-0.45,0.016,0.272,-1.14,28.0,25.93,0.0,19.0,1283.0,18.0,3.98,-0.07,-1.04,-0.05,1.29,-1.64,7.42,228.0,,,0.0,1.0,1.0,100.0
3900,1,walk,walk,2997,,2997.0,20.0,1.0,6.0,2.0,-0.31,0.02,0.281,-1.297,28.0,25.93,0.0,19.0,1283.0,18.0,3.84,-0.07,-1.04,-0.06,1.38,-1.05,4.94,228.0,,,0.0,1.0,1.0,100.0
3900,1,walk,walk,2998,,2998.0,20.0,1.0,6.0,2.0,-0.15,0.024,0.271,-1.498,28.0,25.9,0.0,19.0,1283.0,18.0,3.65,-0.07,-1.04,-0.06,1.51,-0.46,2.5,228.0,,,0.0,1.0,1.0,100.0
3940,1,walk,walk,2999,,2999.0,20.0,1.0,6.0,2.0,0.02,0.027,0.127,-1.717,28.0,25.9,0.0,19.0,1283.0,18.0,3.43,-0.06,-1.03,-0.06,1.68,0.11,0.18,228.0,,,0.0,1.0,1.0,100.0
3940,1,walk,walk,3000,,3000.0,20.0,1.0,6.0,2.0,0.21,0.03,0.177,-1.883,28.0,25.86,0.0,19.0,1283.0,18.0,3.17,-0.06,-1.03,-0.07,1.88,0.65,-1.93,228.0,,,0.0,1.0,1.0,100.0
3960,1,walk,walk,3001,,3001.0,20.0,1.0,6.0,2.0,0.4,0.033,0.174,-1.996,28.0,25.86,0.0,19.0,1283.0,18.0,2.87,-0.05,-1.03,-0.07,2.11,1.12,-3.74,228.0,,,0.0,1.0,1.0,100.0
3980,1,walk,walk,3002,,3002.0,20.0,1.0,1.0,5.0,0.59,0.033,-0.025,-1.975,28.0,25.86,0.0,19.0,1283.0,19.0,2.53,-0.05,-1.03,-0.07,2.38,1.49,-5.17,228.0,,,0.0,1.0,1.0,100.0
4000,1,walk,walk,3003,,3003.0,20.0,0.0,1.0,6.0,0.77,0.032,0.002,-1.901,28.0,25.79,0.0,19.0,1283.0,19.0,2.11,-0.04,-1.03,-0.08,2.71,1.73,-6.08,228.0,,,0.0,1.0,1.0,100.0
4060,1,walk,walk,3004,,3004.0,20.0,0.0,1.0,6.0,0.93,0.015,-1.511,-3.091,28.0,25.69,0.0,19.0,1283.0,19.0,1.61,-0.03,-1.03,-0.08,3.11,1.95,-6.13,228.0,,,0.0,1.0,1.0,100.0
4060,1,walk,walk,3005,,3005.0,20.0,0.0,3.0,7.0,1.07,-0.012,-1.918,-3.115,28.0,25.65,0.0,19.0,1283.0,19.0,1.04,-0.02,-1.03,-0.08,3.57,2.22,-4.89,228.0,,,0.0,1.0,1.0,100.0
4060,1,walk,walk,3006,,3006.0,20.0,0.0,0.0,1.0,1.19,-0.041,-2.101,-2.944,28.0,25.69,0.0,19.0,1283.0,19.0,0.43,-0.01,-1.04,-0.08,4.12,2.49,-2.04,228.0,,,0.0,1.0,1.0,100.0
4080,1,walk,walk,3007,,3007.0,20.0,0.0,0.0,1.0,1.29,-0.075,-2.423,-2.458,28.0,25.69,0.0,19.0,1283.0,19.0,-0.1,0.0,-1.04,-0.08,4.81,2.65,2.61,228.0,,,0.0,1.0,1.0,100.0
4100,1,walk,walk,3008,,3008.0,20.0,0.0,0.0,1.0,1.37,-0.075,-2.423,-2.458,28.0,25.69,0.0,39.0,1283.0,19.0,-0.51,0.01,-1.05,-0.09,5.5,2.39,8.67,228.0,,,0.0,1.0,1.0,100.0
4120,1,walk,walk,3009,,3009.0,20.0,0.0,0.0,1.0,1.43,-0.075,-2.423,-2.458,28.0,25.69,0.0,59.0,1283.0,19.0,-0.84,0.02,-1.06,-0.09,6.04,1.56,15.72,228.0,,,0.0,1.0,1.0,100.0
4160,1,walk,walk,3010,,3010.0,20.0,0.0,0.0,1.0,1.49,-0.056,0.181,0.0,28.0,25.97,0.0,4.0,1283.0,19.0,-1.07,0.02,-1.08,-0.09,6.31,0.11,23.37,228.0,,,0.0,1.0,1.0,100.0
4180,1,walk,walk,3011,,3011.0,20.0,0.0,0.0,1.0,1.55,-0.033,1.817,0.0,28.0,25.97,0.0,4.0,1283.0,19.0,-1.21,0.02,-1.09,-0.09,6.22,-1.92,31.15,228.0,,,0.0,1.0,1.0,100.0
4200,1,walk,walk,3012,,3012.0,20.0,0.0,0.0,1.0,1.61,-0.009,1.748,0.0,28.0,25.93,0.0,4.0,1283.0,19.0,-1.2,0.02,-1.11,-0.09,5.71,-4.42,38.64,228.0,,,0.0,1.0,1.0,100.0
4220,1,walk,walk,3013,,3013.0,20.0,0.0,0.0,1.0,1.7,0.013,1.408,0.0,28.0,25.93,0.0,4.0,1283.0,19.0,-1.06,0.02,-1.13,-0.09,4.79,-7.35,45.48,228.0,,,0.0,1.0,1.0,100.0
4220,1,walk,walk,3014,,3014.0,20.0,0.0,0.0,1.0,1.81,0.026,0.22,0.0,28.0,25.97,0.0,4.0,1283.0,19.0,-0.79,0.02,-1.15,-0.09,3.57,-10.74,51.41,228.0,,,0.0,1.0,1.0,100.0
4240,1,walk,walk,3015,,3015.0,20.0,0.0,0.0,1.0,1.97,0.023,-0.334,0.0,28.0,25.97,0.0,4.0,1283.0,19.0,-0.44,0.01,-1.16,-0.09,2.18,-14.55,56.17,228.0,,,0.0,1.0,1.0,100.0
4260,1,walk,walk,3016,,3016.0,20.0,0.0,6.0,2.0,2.18,0.021,-0.16,0.0,28.0,25.97,0.0,4.0,1283.0,19.0,-0.13,0.0,-1.16,-0.09,0.76,-18.66,59.47,228.0,,,0.0,1.0,1.0,100.0
4280,1,walk,walk,3017,,3017.0,20.0,0.0,6.0,2.0,2.45,0.02,-0.41,0.038,28.0,25.93,0.0,18.0,1283.0,19.0,0.08,0.0,-1.16,-0.09,-0.58,-22.8,61.09,228.0,,,0.0,1.0,1.0,100.0
4300,1,walk,walk,3018,,3018.0,20.0,0.0,6.0,2.0,2.79,0.012,-0.573,-0.099,28.0,25.93,0.0,18.0,1283.0,19.0,0.1,0.0,-1.14,-0.09,-1.75,-26.54,60.87,228.0,,,0.0,1.0,1.0,100.0
4320,1,walk,walk,3019,,3019.0,20.0,1.0,6.0,2.0,3.19,0.004,-0.547,0.269,28.0,25.93,0.0,19.0,1283.0,19.0,-0.1,0.0,-1.13,-0.08,-2.68,-29.36,58.72,228.0,,,0.0,1.0,1.0,100.0
4340,1,walk,walk,3020,,3020.0,20.0,1.0,6.0,2.0,3.66,-0.002,-0.367,0.516,28.0,25.93,0.0,19.0,1283.0,19.0,-0.52,0.01,-1.11,-0.08,-3.34,-30.74,54.65,228.0,,,0.0,1.0,1.0,100.0
4380,1,walk,walk,3021,,3021.0,20.0,1.0,6.0,2.0,4.18,-0.007,-0.195,0.627,28.0,25.93,0.0,19.0,1283.0,19.0,-1.11,0.02,-1.08,-0.07,-3.68,-30.29,48.79,228.0,,,0.0,1.0,1.0,100.0
4400,1,walk,walk,3022,,3022.0,20.0,1.0,6.0,2.0,4.77,-0.009,-0.123,0.652,28.0,25.93,0.0,19.0,1283.0,19.0,-1.77,0.03,-1.05,-0.06,-3.69,-27.82,41.34,228.0,,,0.0,1.0,1.0,100.0
4400,1,walk,walk,3023,,3023.0,20.0,1.0,6.0,2.0,5.39,-0.011,-0.096,0.687,28.0,25.93,0.0,19.0,1283.0,19.0,-2.38,0.04,-1.03,-0.06,-3.36,-23.43,32.59,228.0,,,0.0,1.0,1.0,100.0
4420,1,walk,walk,3024,,3024.0,20.0,1.0,6.0,2.0,6.04,-0.011,-0.112,0.659,28.0,25.93,0.0,19.0,1283.0,19.0,-2.81,0.05,-1.0,-0.05,-2.63,-17.47,22.89,228.0,,,0.0,1.0,1.0,100.0
4440,1,walk,walk,3025,,3025.0,20.0,1.0,1.0,5.0,6.7,-0.011,-0.034,0.653,28.0,25.93,0.0,19.0,1283.0,20.0,-2.94,0.05,-0.98,-0.05,-1.51,-10.48,12.58,228.0,,,0.0,1.0,1.0,100.0
4460,1,walk,walk,3026,,3026.0,20.0,0.0,1.0,5.0,7.36,-0.011,-0.01,0.625,28.0,25.93,0.0,19.0,1283.0,20.0,-2.65,0.04,-0.96,-0.05,-0.03,-3.02,2.04,228.0,,,0.0,1.0,1.0,100.0
4480,1,walk,walk,3027,,3027.0,20.0,0.0,1.0,6.0,7.98,-0.039,-2.317,-0.986,28.0,25.86,0.0,19.0,1283.0,20.0,-1.9,0.03,-0.94,-0.05,1.7,4.34,-8.13,228.0,,,0.0,1.0,1.0,100.0
4500,1,walk,walk,3028,,3028.0,20.0,0.0,1.0,6.0,8.57,-0.076,-2.343,-1.641,28.0,25.83,0.0,19.0,1283.0,20.0,-0.69,0.01,-0.93,-0.06,3.6,11.17,-17.46,228.0,,,0.0,1.0,1.0,100.0
4520,1,walk,walk,3029,,3029.0,20.0,0.0,1.0,6.0,9.09,-0.104,-1.717,-2.316,28.0,25.76,0.0,19.0,1283.0,20.0,0.91,-0.01,-0.92,-0.07,5.49,17.07,-25.69,228.0,,,0.0,1.0,1.0,100.0
4560,1,walk,walk,3030,,3030.0,20.0,0.0,1.0,6.0,9.53,-0.124,-1.19,-2.982,28.0,25.72,0.0,19.0,1283.0,20.0,2.81,-0.05,-0.92,-0.08,7.17,21.76,-32.72,228.0,,,0.0,1.0,1.0,100.0
4560,1,walk,walk,3031,,3031.0,20.0,0.0,1.0,6.0,9.88,-0.137,-0.677,-3.379,28.0,25.69,0.0,19.0,1283.0,20.0,4.89,-0.08,-0.91,-0.09,8.45,25.02,-38.51,228.0,,,0.0,1.0,1.0,100.0
4580,1,walk,walk,3032,,3032.0,20.0,0.0,1.0,6.0,10.14,-0.144,-0.373,-3.76,28.0,25.65,0.0,19.0,1283.0,20.0,7.05,-0.11,-0.91,-0.1,9.23,26.75,-43.0,228.0,,,0.0,1.0,1.0,100.0
4600,1,walk,walk,3033,,3033.0,20.0,0.0,1.0,6.0,10.3,-0.147,-0.171,-3.935,28.0,25.62,0.0,19.0,1283.0,20.0,9.18,-0.15,-0.92,-0.11,9.4,27.02,-46.13,228.0,,,0.0,1.0,1.0,100.0
4620,1,walk,walk,3034,,3034.0,20.0,0.0,1.0,6.0,10.34,-0.151,-0.249,-4.003,28.0,25.62,0.0,19.0,1283.0,20.0,11.2,-0.18,-0.92,-0.12,9.02,26.03,-47.92,228.0,,,0.0,1.0,1.0,100.0
4640,1,walk,walk,3035,,3035.0,20.0,0.0,1.0,6.0,10.29,-0.152,0.097,-4.224,28.0,25.58,0.0,19.0,1283.0,20.0,13.04,-0.21,-0.92,-0.13,8.16,23.96,-48.34,228.0,,,0.0,1.0,1.0,100.0
4660,1,walk,walk,3036,,3036.0,20.0,0.0,3.0,7.0,10.14,-0.152,-0.007,-4.287,28.0,25.62,0.0,19.0,1283.0,20.0,14.64,-0.24,-0.93,-0.13,6.81,21.08,-47.5,228.0,,,0.0,1.0,1.0,100.0
4680,1,walk,walk,3037,,3037.0,20.0,0.0,3.0,7.0,9.9,-0.151,0.111,-4.317,28.0,25.58,0.0,19.0,1283.0,20.0,15.99,-0.27,-0.93,-0.13,5.08,17.67,-45.5,228.0,,,0.0,1.0,1.0,100.0
4720,1,walk,walk,3038,,3038.0,20.0,0.0,3.0,7.0,9.57,-0.15,0.019,-4.39,28.0,25.58,0.0,19.0,1283.0,20.0,17.07,-0.29,-0.94,-0.13,3.09,13.95,-42.51,228.0,,,0.0,1.0,1.0,100.0
4720,1,walk,walk,3039,,3039.0,20.0,0.0,3.0,7.0,9.18,-0.147,0.326,-4.46,28.0,25.62,0.0,19.0,1283.0,20.0,17.88,-0.3,-0.94,-0.13,0.97,10.05,-38.82,228.0,,,0.0,1.0,1.0,100.0
4740,1,walk,walk,3040,,3040.0,20.0,0.0,3.0,7.0,8.74,-0.139,0.6,-4.763,28.0,25.62,0.0,19.0,1283.0,20.0,18.44,-0.31,-0.94,-0.13,-1.19,6.1,-34.74,228.0,,,0.0,1.0,1.0,100.0
4780,1,walk,walk,3041,,3041.0,20.0,0.0,3.0,7.0,8.26,-0.128,0.735,-4.719,28.0,25.62,0.0,19.0,1283.0,20.0,18.55,-0.31,-0.94,-0.12,-3.27,2.23,-30.61,228.0,,,0.0,1.0,1.0,100.0
4800,1,walk,walk,3042,,3042.0,20.0,0.0,3.0,7.0,7.75,-0.1,2.681,-5.839,28.0,25.58,0.0,19.0,1283.0,20.0,18.07,-0.31,-0.95,-0.11,-5.0,-1.18,-26.65,228.0,,,0.0,1.0,1.0,100.0
4800,1,walk,walk,3043,,3043.0,20.0,0.0,3.0,7.0,7.23,-0.059,3.105,-5.972,28.0,25.62,0.0,19.0,1283.0,20.0,17.02,-0.29,-0.96,-0.09,-6.19,-3.85,-23.04,228.0,,,0.0,1.0,1.0,100.0
4820,1,walk,walk,3044,,3044.0,20.0,0.0,3.0,7.0,6.71,-0.009,3.319,-5.618,28.0,25.69,0.0,19.0,1283.0,20.0,15.71,-0.28,-0.98,-0.08,-6.83,-5.7,-19.95,228.0,,,0.0,1.0,1.0,100.0
4860,1,walk,walk,3045,,3045.0,20.0,0.0,3.0,7.0,6.2,0.027,1.441,-3.675,28.0,25.79,0.0,19.0,1283.0,20.0,14.39,-0.26,-1.0,-0.06,-6.95,-6.96,-17.43,228.0,,,0.0,1.0,1.0,100.0
4880,1,walk,walk,3046,,3046.0,20.0,0.0,3.0,7.0,5.7,0.037,0.358,-2.609,28.0,25.83,0.0,19.0,1283.0,20.0,13.15,-0.24,-1.02,-0.05,-6.67,-7.84,-15.32,228.0,,,0.0,1.0,1.0,100.0
4880,1,walk,walk,3047,,3047.0,20.0,0.0,3.0,7.0,5.24,0.037,-0.326,-1.996,28.0,25.86,0.0,19.0,1283.0,20.0,12.02,-0.22,-1.05,-0.04,-6.13,-8.45,-13.28,228.0,,,0.0,1.0,1.0,100.0
4900,1,walk,walk,3048,,3048.0,20.0,1.0,3.0,7.0,4.81,0.03,-0.561,-1.592,28.0,25.86,0.0,20.0,1283.0,20.0,11.03,-0.21,-1.06,-0.03,-5.51,-8.81,-11.08,228.0,,,0.0,1.0,1.0,100.0
4940,1,walk,walk,3049,,3049.0,20.0,0.0,3.0,7.0,4.41,0.023,-0.44,-1.468,28.0,25.9,0.0,19.0,1283.0,20.0,10.18,-0.19,-1.08,-0.02,-4.93,-8.94,-8.65,228.0,,,0.0,1.0,1.0,100.0
4940,1,walk,walk,3050,,3050.0,20.0,0.0,3.0,7.0,4.05,0.017,-0.19,-1.427,28.0,25.9,0.0,19.0,1283.0,20.0,9.47,-0.18,-1.09,-0.02,-4.45,-8.9,-6.14,228.0,,,0.0,1.0,1.0,100.0
4980,1,walk,walk,3051,,3051.0,20.0,1.0,3.0,7.0,3.72,0.017,-0.08,-1.161,28.0,25.93,0.0,20.0,1283.0,20.0,8.87,-0.17,-1.09,-0.02,-4.07,-8.74,-3.79,228.0,,,0.0,1.0,1.0,100.0
5000,1,walk,walk,3052,,3052.0,20.0,0.0,0.0,1.0,3.43,0.019,0.244,-0.768,28.0,25.93,0.0,19.0,1283.0,20.0,8.38,-0.16,-1.09,-0.02,-3.77,-8.5,-1.82,228.0,,,0.0,1.0,1.0,100.0
5000,1,walk,walk,3053,,3053.0,20.0,0.0,0.0,1.0,3.18,0.019,0.244,-0.768,28.0,25.93,0.0,39.0,1283.0,20.0,7.97,-0.15,-1.09,-0.02,-3.54,-8.25,-0.49,228.0,,,0.0,1.0,1.0,100.0
5040,1,walk,walk,3054,,3054.0,20.0,0.0,0.0,1.0,2.97,0.019,0.244,-0.768,28.0,25.93,0.0,59.0,1283.0,20.0,7.62,-0.15,-1.09,-0.02,-3.4,-7.97,0.05,228.0,,,0.0,1.0,1.0,100.0
5040,1,walk,walk,3055,,3055.0,20.0,0.0,0.0,1.0,2.79,0.019,0.244,-0.768,28.0,25.93,0.0,79.0,1283.0,20.0,7.31,-0.14,-1.08,-0.03,-3.36,-7.62,-0.27,228.0,,,0.0,1.0,1.0,100.0
5060,1,walk,walk,3056,,3056.0,20.0,0.0,0.0,1.0,2.65,0.019,0.244,-0.768,28.0,25.93,0.0,99.0,1283.0,20.0,6.99,-0.13,-1.07,-0.03,-3.45,-7.19,-1.49,228.0,,,0.0,1.0,1.0,100.0
5080,1,walk,walk,3057,,3057.0,20.0,0.0,0.0,1.0,2.54,0.067,6.144,0.0,28.0,25.97,0.0,19.0,1283.0,20.0,6.65,-0.12,-1.06,-0.04,-3.67,-6.66,-3.61,228.0,,,0.0,1.0,1.0,100.0
5120,1,walk,walk,3058,,3058.0,20.0,0.0,0.0,1.0,2.45,0.088,1.436,0.0,28.0,25.97,0.0,19.0,1283.0,20.0,6.27,-0.12,-1.06,-0.04,-3.98,-6.08,-6.66,228.0,,,0.0,1.0,1.0,100.0
5120,1,walk,walk,3059,,3059.0,20.0,1.0,0.0,1.0,2.39,0.114,1.577,0.0,28.0,25.97,0.0,20.0,1283.0,20.0,5.81,-0.11,-1.05,-0.05,-4.38,-5.51,-10.55,228.0,,,0.0,1.0,1.0,100.0
5140,1,walk,walk,3060,,3060.0,20.0,1.0,0.0,1.0,2.34,0.138,1.137,0.0,28.0,25.97,0.0,20.0,1283.0,20.0,5.22,-0.1,-1.04,-0.06,-4.81,-5.0,-14.89,228.0,,,0.0,1.0,1.0,100.0
5160,1,walk,walk,3061,,3061.0,20.0,1.0,0.0,1.0,2.3,0.149,0.347,0.0,28.0,25.97,0.0,20.0,1283.0,20.0,4.45,-0.08,-1.04,-0.06,-5.22,-4.53,-18.98,228.0,,,0.0,1.0,1.0,100.0
5200,1,walk,walk,3062,,3062.0,20.0,1.0,0.0,1.0,2.26,0.146,-0.493,0.0,28.0,25.97,0.0,20.0,1283.0,20.0,3.51,-0.06,-1.04,-0.07,-5.5,-4.16,-22.12,228.0,,,0.0,1.0,1.0,100.0
5220,1,walk,walk,3063,,3063.0,20.0,1.0,0.0,1.0,2.21,0.132,-1.241,0.0,28.0,25.97,0.0,20.0,1283.0,20.0,2.44,-0.04,-1.03,-0.08,-5.59,-3.86,-23.76,228.0,,,0.0,1.0,1.0,100.0
5220,1,walk,walk,3064,,3064.0,20.0,1.0,0.0,1.0,2.15,0.117,-1.075,0.0,28.0,25.97,0.0,20.0,1283.0,20.0,1.33,-0.02,-1.03,-0.08,-5.46,-3.61,-23.69,228.0,,,0.0,1.0,1.0,100.0
5240,1,walk,walk,3065,,3065.0,20.0,0.0,0.0,1.0,2.07,0.1,-0.653,0.0,28.0,25.97,0.0,19.0,1283.0,20.0,0.27,0.0,-1.03,-0.09,-5.1,-3.33,-22.01,228.0,,,0.0,1.0,1.0,100.0
5260,1,walk,walk,3066,,3066.0,20.0,0.0,0.0,1.0,1.96,0.087,-1.067,0.0,28.0,25.97,0.0,19.0,1283.0,20.0,-0.7,0.01,-1.03,-0.1,-4.53,-3.01,-18.94,228.0,,,0.0,1.0,1.0,100.0
5280,1,walk,walk,3067,,3067.0,20.0,1.0,0.0,1.0,1.82,0.072,-0.955,0.0,28.0,25.97,0.0,20.0,1283.0,20.0,-1.56,0.03,-1.03,-0.1,-3.78,-2.67,-14.73,228.0,,,0.0,1.0,1.0,100.0
5300,1,walk,walk,3068,,3068.0,20.0,1.0,0.0,1.0,1.66,0.053,-1.466,0.0,28.0,25.97,0.0,20.0,1283.0,20.0,-2.3,0.04,-1.03,-0.11,-2.84,-2.3,-9.55,228.0,,,0.0,1.0,1.0,100.0
5340,1,walk,walk,3069,,3069.0,20.0,1.0,0.0,1.0,1.48,0.029,-1.817,0.0,28.0,25.97,0.0,20.0,1283.0,20.0,-2.91,0.05,-1.04,-0.11,-1.7,-1.97,-3.43,228.0,,,0.0,1.0,1.0,100.0
5360,1,walk,walk,3070,,3070.0,20.0,0.0,0.0,1.0,1.27,0.002,-1.949,0.0,28.0,25.97,0.0,19.0,1283.0,20.0,-3.4,0.06,-1.04,-0.12,-0.38,-1.77,3.58,228.0,,,0.0,1.0,1.0,100.0
5360,1,walk,walk,3071,,3071.0,20.0,0.0,0.0,1.0,1.06,-0.031,-2.422,0.0,28.0,25.97,0.0,19.0,1283.0,20.0,-3.75,0.07,-1.04,-0.12,1.06,-1.74,11.46,228.0,,,0.0,1.0,1.0,100.0
5380,1,walk,walk,3072,,3072.0,20.0,0.0,0.0,1.0,0.85,-0.066,-2.197,0.0,28.0,25.97,0.0,19.0,1283.0,20.0,-3.95,0.07,-1.04,-0.12,2.49,-1.8,20.09,228.0,,,0.0,1.0,1.0,100.0
5400,1,walk,walk,3073,,3073.0,20.0,0.0,0.0,1.0,0.65,-0.094,-1.023,0.0,28.0,25.97,0.0,19.0,1283.0,20.0,-4.02,0.07,-1.05,-0.12,3.77,-1.97,29.11,228.0,,,0.0,1.0,1.0,100.0
5420,1,walk,walk,3074,,3074.0,20.0,0.0,0.0,1.0,0.47,-0.099,0.311,0.0,28.0,25.97,0.0,19.0,1283.0,20.0,-3.97,0.07,-1.06,-0.12,4.81,-2.3,38.07,228.0,,,0.0,1.0,1.0,100.0
5440,1,walk,walk,3075,,3075.0,20.0,0.0,0.0,1.0,0.33,-0.091,0.724,0.0,28.0,25.97,0.0,19.0,1283.0,20.0,-3.79,0.07,-1.07,-0.12,5.49,-2.9,46.61,228.0,,,0.0,1.0,1.0,100.0
5460,1,walk,walk,3076,,3076.0,20.0,0.0,0.0,1.0,0.24,-0.078,0.959,0.0,28.0,25.97,0.0,19.0,1283.0,20.0,-3.5,0.07,-1.09,-0.12,5.7,-3.82,54.54,228.0,,,0.0,1.0,1.0,100.0
5520,1,walk,walk,3077,,3077.0,20.0,0.0,0.0,1.0,0.21,-0.065,1.154,0.0,28.0,25.97,0.0,19.0,1283.0,20.0,-3.08,0.06,-1.1,-0.12,5.36,-5.14,61.69,228.0,,,0.0,1.0,1.0,100.0
5520,1,walk,walk,3078,,3078.0,20.0,0.0,0.0,1.0,0.26,-0.044,1.443,0.0,28.0,25.97,0.0,19.0,1283.0,20.0,-2.54,0.05,-1.12,-0.12,4.45,-7.04,67.96,228.0,,,0.0,1.0,1.0,100.0
5520,1,walk,walk,3079,,3079.0,20.0,0.0,0.0,1.0,0.39,-0.016,1.799,0.0,28.0,25.97,0.0,19.0,1283.0,20.0,-1.9,0.04,-1.13,-0.12,3.0,-9.61,73.24,228.0,,,0.0,1.0,1.0,100.0
5540,1,walk,walk,3080,,3080.0,20.0,0.0,0.0,1.0,0.61,0.013,1.879,0.0,28.0,25.97,0.0,19.0,1283.0,20.0,-1.16,0.02,-1.15,-0.12,1.13,-12.82,77.37,228.0,,,0.0,1.0,1.0,100.0
5560,1,walk,walk,3081,,3081.0,20.0,0.0,0.0,1.0,0.94,0.043,1.977,0.0,28.0,25.97,0.0,19.0,1283.0,20.0,-0.39,0.01,-1.15,-0.12,-1.03,-16.64,80.11,228.0,,,0.0,1.0,1.0,100.0
5580,1,walk,walk,3082,,3082.0,20.0,0.0,0.0,1.0,1.36,0.059,-0.119,0.0,28.0,25.97,0.0,19.0,1283.0,20.0,0.3,-0.01,-1.15,-0.12,-3.26,-20.97,81.13,228.0,,,0.0,1.0,1.0,100.0
5600,1,walk,walk,3083,,3083.0,20.0,0.0,0.0,1.0,1.88,0.05,-0.608,0.0,28.0,25.97,0.0,19.0,1283.0,20.0,0.76,-0.02,-1.15,-0.12,-5.34,-25.71,80.05,228.0,,,0.0,1.0,1.0,100.0
5620,1,walk,walk,3084,,3084.0,20.0,0.0,0.0,1.0,2.5,0.044,-0.374,0.0,28.0,25.97,0.0,19.0,1283.0,20.0,0.85,-0.02,-1.13,-0.12,-7.1,-30.59,76.59,228.0,,,0.0,1.0,1.0,100.0
5680,1,walk,walk,3085,,3085.0,20.0,0.0,0.0,1.0,3.22,0.037,-0.649,0.0,28.0,25.97,0.0,19.0,1283.0,20.0,0.49,-0.01,-1.11,-0.12,-8.46,-35.07,70.65,228.0,,,0.0,1.0,1.0,100.0
5680,1,walk,walk,3086,,3086.0,20.0,0.0,0.0,1.0,4.01,0.022,-0.929,0.0,28.0,25.97,0.0,19.0,1283.0,20.0,-0.36,0.01,-1.08,-0.12,-9.42,-38.53,62.29,228.0,,,0.0,1.0,1.0,100.0
5680,1,walk,walk,3087,,3087.0,20.0,0.0,0.0,1.0,4.88,0.017,0.081,0.0,28.0,25.97,0.0,19.0,1283.0,20.0,-1.66,0.03,-1.05,-0.11,-10.03,-40.29,51.69,228.0,,,0.0,1.0,1.0,100.0
5700,1,walk,walk,3088,,3088.0,20.0,0.0,0.0,1.0,5.79,0.018,0.079,0.0,28.0,25.97,0.0,19.0,1283.0,20.0,-3.28,0.06,-1.02,-0.11,-10.33,-39.78,39.18,228.0,,,0.0,1.0,1.0,100.0
5740,1,walk,walk,3089,,3089.0,20.0,0.0,0.0,1.0,6.73,0.018,0.023,0.0,28.0,25.97,0.0,19.0,1283.0,20.0,-5.02,0.09,-0.99,-0.1,-10.32,-36.63,25.21,228.0,,,0.0,1.0,1.0,100.0
5760,1,walk,walk,3090,,3090.0,20.0,0.0,6.0,2.0,7.67,0.02,0.355,0.0,28.0,25.97,0.0,19.0,1283.0,20.0,-6.59,0.11,-0.96,-0.1,-9.96,-30.98,10.25,228.0,,,0.0,1.0,1.0,100.0
5780,1,walk,walk,3091,,3091.0,20.0,0.0,6.0,2.0,8.59,0.027,0.72,-0.095,28.0,25.93,0.0,18.0,1283.0,20.0,-7.69,0.13,-0.94,-0.1,-9.16,-23.41,-5.14,228.0,,,0.0,1.0,1.0,100.0
5800,1,walk,walk,3092,,3092.0,20.0,0.0,6.0,2.0,9.46,0.025,-0.103,-0.938,28.0,25.93,0.0,18.0,1283.0,20.0,-8.09,0.13,-0.93,-0.1,-7.89,-14.78,-20.41,228.0,,,0.0,1.0,1.0,100.0
5820,1,walk,walk,3093,,3093.0,20.0,1.0,6.0,2.0,10.25,0.024,-0.041,-1.279,28.0,25.93,0.0,19.0,1283.0,20.0,-7.64,0.12,-0.93,-0.1,-6.19,-6.03,-35.02,228.0,,,0.0,1.0,1.0,100.0
5820,1,walk,walk,3094,,3094.0,20.0,0.0,6.0,2.0,10.94,0.025,0.033,-1.464,28.0,25.9,0.0,18.0,1283.0,20.0,-6.35,0.1,-0.93,-0.11,-4.22,2.05,-48.46,228.0,,,0.0,1.0,1.0,100.0
5840,1,walk,walk,3095,,3095.0,20.0,0.0,6.0,2.0,11.5,0.026,0.126,-1.658,28.0,25.9,0.0,18.0,1283.0,20.0,-4.31,0.07,-0.94,-0.12,-2.18,8.97,-60.21,228.0,,,0.0,1.0,1.0,100.0
5860,1,walk,walk,3096,,3096.0,20.0,0.0,6.0,2.0,11.91,0.028,0.234,-1.861,28.0,25.9,0.0,18.0,1283.0,20.0,-1.69,0.03,-0.95,-0.14,-0.34,14.52,-69.79,228.0,,,0.0,1.0,1.0,100.0
5880,1,walk,walk,3097,,3097.0,20.0,1.0,6.0,2.0,12.16,0.033,0.398,-2.219,28.0,25.86,0.0,19.0,1283.0,20.0,1.34,-0.02,-0.96,-0.15,1.07,18.76,-76.83,228.0,,,0.0,1.0,1.0,100.0
5900,1,walk,walk,3098,,3098.0,20.0,1.0,6.0,2.0,12.23,0.038,0.319,-2.498,28.0,25.83,0.0,19.0,1283.0,20.0,4.58,-0.08,-0.97,-0.16,1.92,21.83,-81.09,228.0,,,0.0,1.0,1.0,100.0
5940,1,walk,walk,3099,,3099.0,20.0,1.0,6.0,2.0,12.14,0.044,0.425,-2.926,28.0,25.83,0.0,19.0,1283.0,20.0,7.88,-0.14,-0.98,-0.18,2.17,23.89,-82.51,228.0,,,0.0,1.0,1.0,100.0
5960,1,walk,walk,3100,,3100.0,20.0,1.0,6.0,2.0,11.88,0.049,0.273,-3.238,28.0,25.76,0.0,19.0,1283.0,20.0,11.08,-0.19,-0.99,-0.18,1.89,25.03,-81.23,228.0,,,0.0,1.0,1.0,100.0
6000,1,walk,walk,3101,,3101.0,20.0,1.0,6.0,2.0,11.46,0.054,0.354,-3.521,28.0,25.76,0.0,19.0,1283.0,20.0,13.89,-0.25,-1.0,-0.19,1.24,25.58,-77.56,228.0,,,0.0,1.0,1.0,100.0
6000,1,walk,walk,3102,,3102.0,20.0,1.0,6.0,2.0,10.89,0.07,1.831,-5.438,28.0,25.58,0.0,19.0,1283.0,20.0,16.17,-0.29,-1.01,-0.18,0.65,25.87,-71.78,228.0,,,0.0,1.0,1.0,100.0
6020,1,walk,walk,3103,,3103.0,20.0,1.0,6.0,2.0,10.19,0.078,-0.16,-4.286,28.0,25.58,0.0,19.0,1283.0,20.0,17.91,-0.33,-1.02,-0.17,0.41,25.84,-64.43,228.0,,,0.0,1.0,1.0,100.0
6020,1,walk,walk,3104,,3104.0,20.0,1.0,6.0,2.0,9.4,0.072,-0.461,-4.092,28.0,25.62,0.0,19.0,1283.0,20.0,19.06,-0.36,-1.05,-0.16,0.56,25.38,-56.11,228.0,,,0.0,1.0,1.0,100.0
6040,1,walk,walk,3105,,3105.0,20.0,1.0,6.0,2.0,8.52,0.065,-0.801,-3.554,28.0,25.69,0.0,19.0,1283.0,20.0,19.63,-0.38,-1.07,-0.14,0.99,24.51,-47.13,228.0,,,0.0,1.0,1.0,100.0
6080,1,walk,walk,3106,,3106.0,20.0,1.0,6.0,2.0,7.6,0.05,-1.059,-2.478,28.0,25.79,0.0,19.0,1283.0,20.0,19.67,-0.39,-1.09,-0.12,1.49,23.24,-37.83,228.0,,,0.0,1.0,1.0,100.0
6080,1,walk,walk,3107,,3107.0,20.0,1.0,6.0,2.0,6.65,0.037,-0.734,-1.893,28.0,25.83,0.0,19.0,1283.0,20.0,19.3,-0.39,-1.1,-0.1,1.88,21.6,-28.56,228.0,,,0.0,1.0,1.0,100.0
6100,1,walk,walk,3108,,3108.0,20.0,1.0,6.0,2.0,5.7,0.027,-0.622,-1.461,28.0,25.9,0.0,19.0,1283.0,20.0,18.63,-0.38,-1.12,-0.08,2.07,19.68,-19.71,228.0,,,0.0,1.0,1.0,100.0
6120,1,walk,walk,3109,,3109.0,20.0,1.0,6.0,2.0,4.78,0.02,-0.283,-1.264,28.0,25.9,0.0,19.0,1283.0,20.0,17.75,-0.36,-1.12,-0.07,2.08,17.57,-11.69,228.0,,,0.0,1.0,1.0,100.0
6160,1,walk,walk,3110,,3110.0,20.0,1.0,6.0,2.0,3.9,0.017,-0.038,-1.217,28.0,25.9,0.0,19.0,1283.0,20.0,16.75,-0.34,-1.13,-0.06,1.96,15.4,-4.84,228.0,,,0.0,1.0,1.0,100.0
6160,1,walk,walk,3111,,3111.0,20.0,1.0,6.0,2.0,3.09,0.017,0.075,-1.206,28.0,25.93,0.0,19.0,1283.0,20.0,15.69,-0.32,-1.12,-0.05,1.78,13.28,0.64,228.0,,,0.0,1.0,1.0,100.0
6180,1,walk,walk,3112,,3112.0,20.0,1.0,6.0,2.0,2.36,0.018,0.093,-1.194,28.0,25.9,0.0,19.0,1283.0,20.0,14.61,-0.29,-1.12,-0.04,1.59,11.33,4.65,228.0,,,0.0,1.0,1.0,100.0
6200,1,walk,walk,3113,,3113.0,20.0,1.0,6.0,2.0,1.72,0.019,0.164,-1.316,28.0,25.9,0.0,19.0,1283.0,20.0,13.54,-0.27,-1.11,-0.04,1.39,9.61,7.19,228.0,,,0.0,1.0,1.0,100.0
6220,1,walk,walk,3114,,3114.0,20.0,1.0,6.0,2.0,1.17,0.023,0.28,-1.554,28.0,25.9,0.0,19.0,1283.0,20.0,12.5,-0.24,-1.1,-0.04,1.15,8.15,8.3,228.0,,,0.0,1.0,1.0,100.0
6240,1,walk,walk,3115,,3115.0,20.0,1.0,6.0,2.0,0.72,0.028,0.303,-1.854,28.0,25.86,0.0,19.0,1283.0,20.0,11.5,-0.22,-1.09,-0.04,0.86,6.97,8.1,228.0,,,0.0,1.0,1.0,100.0
6260,1,walk,walk,3116,,3116.0,20.0,0.0,6.0,2.0,0.37,0.035,0.506,-2.32,28.0,25.86,0.0,18.0,1283.0,20.0,10.53,-0.2,-1.08,-0.04,0.49,6.06,6.72,228.0,,,0.0,1.0,1.0,100.0
6300,1,walk,walk,3117,,3117.0,20.0,1.0,6.0,2.0,0.11,0.043,0.68,-3.038,28.0,25.79,0.0,19.0,1283.0,20.0,9.58,-0.18,-1.07,-0.04,0.04,5.43,4.34,228.0,,,0.0,1.0,1.0,100.0
6300,1,walk,walk,3118,,3118.0,20.0,1.0,6.0,2.0,-0.06,0.054,0.869,-3.806,28.0,25.72,0.0,19.0,1283.0,20.0,8.63,-0.16,-1.06,-0.05,-0.46,5.04,1.15,228.0,,,0.0,1.0,1.0,100.0
6320,1,walk,walk,3119,,3119.0,20.0,1.0,6.0,2.0,-0.16,0.066,0.761,-4.494,28.0,25.65,0.0,19.0,1283.0,20.0,7.64,-0.14,-1.05,-0.05,-1.02,4.86,-2.51,228.0,,,0.0,1.0,1.0,100.0
6340,1,walk,walk,3120,,3120.0,20.0,1.0,6.0,2.0,-0.2,0.076,0.416,-4.591,28.0,25.58,0.0,19.0,1283.0,20.0,6.57,-0.12,-1.04,-0.05,-1.59,4.77,-6.11,228.0,,,0.0,1.0,1.0,100.0
6360,1,walk,walk,3121,,3121.0,20.0,1.0,6.0,2.0,-0.2,0.076,-0.142,-4.417,28.0,25.54,0.0,19.0,1283.0,20.0,5.39,-0.1,-1.04,-0.05,-2.1,4.66,-9.07,228.0,,,0.0,1.0,1.0,100.0
6400,1,walk,walk,3122,,3122.0,20.0,1.0,6.0,2.0,-0.16,0.072,-0.471,-4.071,28.0,25.58,0.0,19.0,1283.0,20.0,4.15,-0.08,-1.04,-0.06,-2.5,4.46,-10.99,228.0,,,0.0,1.0,1.0,100.0
6400,1,walk,walk,3123,,3123.0,20.0,1.0,6.0,2.0,-0.09,0.064,-0.547,-3.544,28.0,25.69,0.0,19.0,1283.0,20.0,2.91,-0.05,-1.04,-0.07,-2.75,4.17,-11.68,228.0,,,0.0,1.0,1.0,100.0
6420,1,walk,walk,3124,,3124.0,20.0,1.0,6.0,2.0,-0.02,0.054,-0.538,-3.169,28.0,25.72,0.0,19.0,1283.0,20.0,1.74,-0.03,-1.03,-0.07,-2.83,3.8,-11.2,228.0,,,0.0,1.0,1.0,100.0
6480,1,walk,walk,3125,,3125.0,20.0,1.0,6.0,2.0,0.05,0.048,-0.389,-2.83,28.0,25.79,0.0,19.0,1283.0,20.0,0.71,-0.01,-1.03,-0.08,-2.71,3.35,-9.72,228.0,,,0.0,1.0,1.0,100.0
6480,1,walk,walk,3126,,3126.0,20.0,1.0,6.0,2.0,0.12,0.043,-0.438,-2.388,28.0,25.83,0.0,19.0,1283.0,20.0,-0.19,0.0,-1.03,-0.08,-2.39,2.84,-7.45,228.0,,,0.0,1.0,1.0,100.0
6500,1,walk,walk,3127,,3127.0,20.0,1.0,6.0,2.0,0.17,0.035,-0.694,-1.792,28.0,25.86,0.0,19.0,1283.0,20.0,-0.94,0.02,-1.03,-0.09,-1.85,2.29,-4.47,228.0,,,0.0,1.0,1.0,100.0
6520,1,walk,walk,3128,,3128.0,20.0,1.0,6.0,2.0,0.2,0.024,-0.804,-1.101,28.0,25.9,0.0,19.0,1283.0,20.0,-1.58,0.03,-1.03,-0.09,-1.05,1.69,-0.82,228.0,,,0.0,1.0,1.0,100.0
6520,1,walk,walk,3129,,3129.0,20.0,1.0,6.0,2.0,0.22,0.012,-0.898,-0.51,28.0,25.93,0.0,19.0,1283.0,20.0,-2.11,0.04,-1.04,-0.1,0.03,1.02,3.52,228.0,,,0.0,1.0,1.0,100.0
6540,1,walk,walk,3130,,3130.0,20.0,1.0,6.0,2.0,0.23,0.0,-0.726,0.467,28.0,25.93,0.0,19.0,1283.0,20.0,-2.54,0.05,-1.04,-0.1,1.35,0.2,8.54,228.0,,,0.0,1.0,1.0,100.0
6560,1,walk,walk,3131,,3131.0,20.0,1.0,6.0,2.0,0.23,-0.011,-0.781,1.349,28.0,25.93,0.0,19.0,1283.0,20.0,-2.89,0.05,-1.04,-0.11,2.78,-0.83,14.21,228.0,,,0.0,1.0,1.0,100.0
6580,1,walk,walk,3132,,3132.0,20.0,1.0,6.0,2.0,0.22,-0.023,-0.825,1.76,28.0,25.9,0.0,19.0,1283.0,20.0,-3.18,0.06,-1.05,-0.11,4.2,-2.0,20.39,228.0,,,0.0,1.0,1.0,100.0
6600,1,walk,walk,3133,,3133.0,20.0,1.0,6.0,2.0,0.22,-0.027,0.079,1.314,28.0,25.9,0.0,19.0,1283.0,20.0,-3.42,0.06,-1.06,-0.11,5.5,-3.15,26.93,228.0,,,0.0,1.0,1.0,100.0
6640,1,walk,walk,3134,,3134.0,20.0,1.0,6.0,2.0,0.23,-0.023,0.311,1.125,28.0,25.9,0.0,19.0,1283.0,20.0,-3.59,0.07,-1.07,-0.11,6.58,-4.19,33.66,228.0,,,0.0,1.0,1.0,100.0
6640,1,walk,walk,3135,,3135.0,20.0,1.0,6.0,2.0,0.26,-0.017,0.522,0.844,28.0,25.93,0.0,19.0,1283.0,20.0,-3.66,0.07,-1.08,-0.1,7.33,-5.09,40.42,228.0,,,0.0,1.0,1.0,100.0
6660,1,walk,walk,3136,,3136.0,20.0,1.0,6.0,2.0,0.32,-0.009,0.434,0.415,28.0,25.93,0.0,19.0,1283.0,20.0,-3.6,0.07,-1.1,-0.1,7.7,-5.9,47.15,228.0,,,0.0,1.0,1.0,100.0
6680,1,walk,walk,3137,,3137.0,20.0,1.0,6.0,2.0,0.43,-0.005,0.25,0.146,28.0,25.93,0.0,19.0,1283.0,20.0,-3.39,0.07,-1.11,-0.09,7.63,-6.71,53.79,228.0,,,0.0,1.0,1.0,100.0
6720,1,walk,walk,3138,,3138.0,20.0,1.0,6.0,2.0,0.58,-0.001,0.378,-0.327,28.0,25.93,0.0,19.0,1283.0,20.0,-3.02,0.06,-1.13,-0.09,7.17,-7.6,60.28,228.0,,,0.0,1.0,1.0,100.0
6720,1,walk,walk,3139,,3139.0,20.0,1.0,6.0,2.0,0.8,0.006,0.336,-0.78,28.0,25.93,0.0,19.0,1283.0,20.0,-2.52,0.05,-1.14,-0.09,6.39,-8.65,66.42,228.0,,,0.0,1.0,1.0,100.0
6760,1,walk,walk,3140,,3140.0,20.0,1.0,6.0,2.0,1.08,0.013,0.449,-1.235,28.0,25.93,0.0,19.0,1283.0,20.0,-1.92,0.04,-1.15,-0.09,5.38,-10.06,71.83,228.0,,,0.0,1.0,1.0,100.0
6780,1,walk,walk,3141,,3141.0,20.0,1.0,6.0,2.0,1.43,0.018,0.092,-1.089,28.0,25.93,0.0,19.0,1283.0,20.0,-1.3,0.03,-1.15,-0.09,4.3,-11.98,75.9,228.0,,,0.0,1.0,1.0,100.0
6800,1,walk,walk,3142,,3142.0,20.0,1.0,6.0,2.0,1.87,0.017,0.015,-1.036,28.0,25.93,0.0,19.0,1283.0,20.0,-0.78,0.02,-1.15,-0.09,3.3,-14.48,78.04,228.0,,,0.0,1.0,1.0,100.0
6800,1,walk,walk,3143,,3143.0,20.0,1.0,6.0,2.0,2.38,0.016,-0.105,-0.939,28.0,25.93,0.0,19.0,1283.0,20.0,-0.46,0.01,-1.14,-0.09,2.47,-17.41,77.8,228.0,,,0.0,1.0,1.0,100.0
6820,1,walk,walk,3144,,3144.0,20.0,0.0,6.0,2.0,2.98,0.013,-0.189,-0.702,28.0,25.93,0.0,18.0,1283.0,20.0,-0.42,0.01,-1.13,-0.09,1.89,-20.38,74.91,228.0,,,0.0,1.0,1.0,100.0
6840,1,walk,walk,3145,,3145.0,20.0,1.0,6.0,2.0,3.65,0.01,-0.173,-0.455,28.0,25.93,0.0,19.0,1283.0,20.0,-0.72,0.01,-1.11,-0.09,1.53,-22.84,69.3,228.0,,,0.0,1.0,1.0,100.0
6860,1,walk,walk,3146,,3146.0,20.0,1.0,6.0,2.0,4.4,0.006,-0.245,-0.234,28.0,25.93,0.0,19.0,1283.0,20.0,-1.35,0.03,-1.08,-0.09,1.34,-24.28,61.12,228.0,,,0.0,1.0,1.0,100.0
6880,1,walk,walk,3147,,3147.0,20.0,1.0,0.0,5.0,5.2,0.003,-0.189,-0.066,28.0,25.93,0.0,19.0,1283.0,20.0,-2.24,0.04,-1.05,-0.09,1.23,-24.22,50.71,228.0,,,0.0,1.0,1.0,100.0
6900,1,walk,walk,3148,,3148.0,20.0,0.0,0.0,5.0,6.05,0.002,-0.077,-0.054,28.0,25.93,0.0,19.0,1283.0,20.0,-3.29,0.06,-1.02,-0.09,1.15,-22.38,38.47,228.0,,,0.0,1.0,1.0,100.0
6960,1,walk,walk,3149,,3149.0,20.0,0.0,0.0,5.0,6.93,0.002,-0.077,-0.054,28.0,25.93,0.0,39.0,1283.0,20.0,-4.36,0.08,-0.99,-0.09,1.09,-18.7,24.89,228.0,,,0.0,1.0,1.0,100.0
6960,1,walk,walk,3150,,3150.0,20.0,0.0,0.0,5.0,7.81,0.002,-0.077,-0.054,28.0,25.93,0.0,59.0,1283.0,20.0,-5.26,0.09,-0.96,-0.09,1.09,-13.4,10.47,228.0,,,0.0,1.0,1.0,100.0
6960,1,walk,walk,3151,,3151.0,20.0,0.0,0.0,6.0,8.67,0.004,0.316,0.0,28.0,26.0,0.0,2.0,1283.0,20.0,-5.83,0.1,-0.94,-0.1,1.19,-6.91,-4.28,228.0,,,0.0,1.0,1.0,100.0
6980,1,walk,walk,3152,,3152.0,20.0,0.0,0.0,6.0,9.49,0.007,0.379,0.0,28.0,25.97,0.0,2.0,1283.0,20.0,-5.9,0.1,-0.92,-0.1,1.41,0.13,-18.93,228.0,,,0.0,1.0,1.0,100.0
7000,1,walk,walk,3153,,3153.0,20.0,0.0,0.0,6.0,10.23,0.019,1.103,0.0,28.0,25.97,0.0,2.0,1283.0,20.0,-5.38,0.09,-0.91,-0.1,1.72,7.07,-33.12,228.0,,,0.0,1.0,1.0,100.0
7040,1,walk,walk,3154,,3154.0,20.0,0.0,0.0,6.0,10.88,0.035,1.129,0.0,28.0,25.97,0.0,2.0,1283.0,20.0,-4.25,0.07,-0.91,-0.11,2.06,13.28,-46.49,228.0,,,0.0,1.0,1.0,100.0
7040,1,walk,walk,3155,,3155.0,20.0,0.0,0.0,6.0,11.41,0.056,1.531,0.0,28.0,25.97,0.0,2.0,1283.0,20.0,-2.56,0.04,-0.91,-0.12,2.33,18.32,-58.63,228.0,,,0.0,1.0,1.0,100.0
7060,1,walk,walk,3156,,3156.0,20.0,0.0,0.0,6.0,11.8,0.083,1.953,0.0,28.0,25.97,0.0,2.0,1283.0,20.0,-0.41,0.01,-0.91,-0.13,2.43,21.96,-69.14,228.0,,,0.0,1.0,1.0,100.0
7080,1,walk,walk,3157,,3157.0,20.0,0.0,0.0,6.0,12.04,0.109,1.494,0.0,28.0,25.97,0.0,2.0,1283.0,20.0,2.06,-0.03,-0.92,-0.15,2.21,24.24,-77.65,228.0,,,0.0,1.0,1.0,100.0
7120,1,walk,walk,3158,,3158.0,20.0,0.0,0.0,6.0,12.12,0.128,1.306,0.0,28.0,25.97,0.0,2.0,1283.0,20.0,4.72,-0.08,-0.93,-0.16,1.59,25.37,-83.82,228.0,,,0.0,1.0,1.0,100.0
7120,1,walk,walk,3159,,3159.0,20.0,0.0,0.0,6.0,12.03,0.142,0.974,0.0,28.0,25.97,0.0,2.0,1283.0,20.0,7.43,-0.12,-0.95,-0.17,0.52,25.58,-87.4,228.0,,,0.0,1.0,1.0,100.0
7140,1,walk,walk,3160,,3160.0,20.0,0.0,0.0,6.0,11.77,0.159,1.031,0.0,28.0,25.97,0.0,2.0,1283.0,20.0,10.08,-0.17,-0.96,-0.17,-0.93,25.07,-88.24,228.0,,,0.0,1.0,1.0,100.0
7160,1,walk,walk,3161,,3161.0,20.0,0.0,0.0,7.0,11.35,0.178,1.3,0.0,28.0,25.97,0.0,2.0,1283.0,20.0,12.56,-0.22,-0.97,-0.18,-2.68,24.06,-86.42,228.0,,,0.0,1.0,1.0,100.0
7180,1,walk,walk,3162,,3162.0,20.0,0.0,0.0,7.0,10.78,0.2,1.736,0.0,28.0,25.93,0.0,2.0,1283.0,20.0,14.77,-0.26,-0.98,-0.18,-4.59,22.63,-82.22,228.0,,,0.0,1.0,1.0,100.0
7220,1,walk,walk,3163,,3163.0,20.0,0.0,0.0,7.0,10.08,0.219,-0.017,0.0,28.0,25.97,0.0,2.0,1283.0,20.0,16.47,-0.29,-1.0,-0.17,-6.53,20.85,-76.05,228.0,,,0.0,1.0,1.0,100.0
7240,1,walk,walk,3164,,3164.0,20.0,0.0,0.0,7.0,9.26,0.217,-0.519,0.0,28.0,25.97,0.0,2.0,1283.0,20.0,17.48,-0.32,-1.02,-0.16,-8.1,19.08,-68.67,228.0,,,0.0,1.0,1.0,100.0
7260,1,walk,walk,3165,,3165.0,20.0,0.0,0.0,7.0,8.35,0.192,-2.322,0.0,28.0,25.97,0.0,2.0,1283.0,20.0,17.75,-0.33,-1.04,-0.14,-8.97,17.47,-60.62,228.0,,,0.0,1.0,1.0,100.0
7280,1,walk,walk,3166,,3166.0,20.0,0.0,0.0,7.0,7.37,0.159,-2.145,0.0,28.0,25.97,0.0,2.0,1283.0,20.0,17.33,-0.33,-1.07,-0.12,-9.06,16.16,-51.93,228.0,,,0.0,1.0,1.0,100.0
7280,1,walk,walk,3167,,3167.0,20.0,0.0,0.0,7.0,6.34,0.133,-1.239,0.0,28.0,25.97,0.0,2.0,1283.0,20.0,16.41,-0.32,-1.1,-0.09,-8.48,15.27,-42.56,228.0,,,0.0,1.0,1.0,100.0
7300,1,walk,walk,3168,,3168.0,20.0,0.0,0.0,7.0,5.3,0.118,-0.708,0.0,28.0,25.97,0.0,2.0,1283.0,20.0,15.16,-0.3,-1.12,-0.06,-7.52,14.71,-32.77,228.0,,,0.0,1.0,1.0,100.0
7320,1,walk,walk,3169,,3169.0,20.0,0.0,0.0,7.0,4.26,0.104,-1.095,0.0,28.0,25.97,0.0,2.0,1283.0,20.0,13.73,-0.28,-1.14,-0.04,-6.45,14.29,-22.97,228.0,,,0.0,1.0,1.0,100.0
7340,1,walk,walk,3170,,3170.0,20.0,0.0,0.0,7.0,3.25,0.096,-0.434,0.0,28.0,25.97,0.0,2.0,1283.0,20.0,12.27,-0.25,-1.15,-0.02,-5.42,13.85,-13.6,228.0,,,0.0,1.0,1.0,100.0
7360,1,walk,walk,3171,,3171.0,20.0,0.0,0.0,7.0,2.29,0.091,-0.073,0.0,28.0,25.97,0.0,2.0,1283.0,20.0,10.85,-0.22,-1.16,-0.01,-4.5,13.26,-5.08,228.0,,,0.0,1.0,1.0,100.0
7380,1,walk,walk,3172,,3172.0,20.0,0.0,0.0,1.0,1.39,0.089,-0.152,0.0,28.0,25.97,0.0,2.0,1283.0,20.0,9.54,-0.19,-1.16,0.0,-3.69,12.51,2.2,228.0,,,0.0,1.0,1.0,100.0
7400,1,walk,walk,3173,,3173.0,20.0,0.0,0.0,1.0,0.57,0.089,-0.032,0.0,28.0,25.97,0.0,2.0,1283.0,20.0,8.36,-0.17,-1.15,0.0,-2.99,11.62,7.96,228.0,,,0.0,1.0,1.0,100.0
7440,1,walk,walk,3174,,3174.0,20.0,0.0,0.0,1.0,-0.15,0.09,0.097,0.0,28.0,25.97,0.0,2.0,1283.0,20.0,7.32,-0.15,-1.14,0.0,-2.41,10.63,12.07,228.0,,,0.0,1.0,1.0,100.0
7440,1,walk,walk,3175,,3175.0,20.0,0.0,0.0,1.0,-0.78,0.096,0.512,0.0,28.0,25.97,0.0,2.0,1283.0,20.0,6.42,-0.13,-1.13,0.0,-1.96,9.61,14.52,228.0,,,0.0,1.0,1.0,100.0
7460,1,walk,walk,3176,,3176.0,20.0,0.0,0.0,1.0,-1.3,0.106,0.687,0.0,28.0,25.97,0.0,2.0,1283.0,20.0,5.63,-0.11,-1.12,0.0,-1.68,8.57,15.32,228.0,,,0.0,1.0,1.0,100.0
7480,1,walk,walk,3177,,3177.0,20.0,0.0,0.0,1.0,-1.72,0.122,1.501,0.0,28.0,25.97,0.0,2.0,1283.0,20.0,4.93,-0.1,-1.1,-0.01,-1.57,7.57,14.58,228.0,,,0.0,1.0,1.0,100.0
7500,1,walk,walk,3178,,3178.0,20.0,0.0,0.0,1.0,-2.04,0.145,1.875,0.0,28.0,25.97,0.0,2.0,1283.0,20.0,4.27,-0.08,-1.09,-0.02,-1.63,6.65,12.33,228.0,,,0.0,1.0,1.0,100.0
7520,1,walk,walk,3179,,3179.0,20.0,0.0,0.0,1.0,-2.27,0.17,1.513,0.0,28.0,25.97,0.0,2.0,1283.0,20.0,3.6,-0.07,-1.08,-0.02,-1.87,5.83,8.68,228.0,,,0.0,1.0,1.0,100.0
7540,1,walk,walk,3180,,3180.0,20.0,0.0,0.0,1.0,-2.41,0.181,0.013,0.0,28.0,25.97,0.0,2.0,1283.0,20.0,2.85,-0.05,-1.07,-0.03,-2.25,5.12,3.96,228.0,,,0.0,1.0,1.0,100.0
7560,1,walk,walk,3181,,3181.0,20.0,1.0,0.0,1.0,-2.47,0.179,-0.288,0.0,28.0,25.97,0.0,3.0,1283.0,20.0,1.95,-0.04,-1.06,-0.04,-2.71,4.45,-1.08,228.0,,,0.0,1.0,1.0,100.0
7600,1,walk,walk,3182,,3182.0,20.0,1.0,0.0,1.0,-2.48,0.166,-0.989,0.0,28.0,25.97,0.0,3.0,1283.0,20.0,0.92,-0.02,-1.05,-0.05,-3.16,3.83,-5.54,228.0,,,0.0,1.0,1.0,100.0
7600,1,walk,walk,3183,,3183.0,20.0,1.0,0.0,1.0,-2.44,0.149,-0.852,0.0,28.0,25.97,0.0,3.0,1283.0,20.0,-0.2,0.0,-1.05,-0.05,-3.49,3.29,-8.72,228.0,,,0.0,1.0,1.0,100.0
7620,1,walk,walk,3184,,3184.0,20.0,1.0,0.0,1.0,-2.37,0.135,-1.114,0.0,28.0,25.97,0.0,3.0,1283.0,20.0,-1.3,0.02,-1.04,-0.06,-3.65,2.82,-10.31,228.0,,,0.0,1.0,1.0,100.0
7640,1,walk,walk,3185,,3185.0,20.0,1.0,0.0,1.0,-2.29,0.125,-0.453,0.0,28.0,25.97,0.0,3.0,1283.0,20.0,-2.32,0.04,-1.04,-0.07,-3.63,2.44,-10.31,228.0,,,0.0,1.0,1.0,100.0
7680,1,walk,walk,3186,,3186.0,20.0,1.0,0.0,1.0,-2.2,0.115,-0.793,0.0,28.0,25.97,0.0,3.0,1283.0,20.0,-3.2,0.06,-1.04,-0.08,-3.41,2.15,-8.97,228.0,,,0.0,1.0,1.0,100.0
7680,1,walk,walk,3187,,3187.0,20.0,1.0,0.0,1.0,-2.12,0.099,-0.892,0.0,28.0,25.97,0.0,3.0,1283.0,20.0,-3.92,0.07,-1.03,-0.09,-2.97,1.95,-6.56,228.0,,,0.0,1.0,1.0,100.0
7700,1,walk,walk,3188,,3188.0,20.0,1.0,0.0,1.0,-2.06,0.081,-1.737,0.0,28.0,25.97,0.0,3.0,1283.0,20.0,-4.51,0.08,-1.03,-0.09,-2.33,1.84,-3.3,228.0,,,0.0,1.0,1.0,100.0
7720,1,walk,walk,3189,,3189.0,20.0,1.0,0.0,1.0,-2.0,0.059,-1.514,0.0,28.0,25.97,0.0,3.0,1283.0,20.0,-4.95,0.09,-1.03,-0.1,-1.48,1.78,0.74,228.0,,,0.0,1.0,1.0,100.0
7740,1,walk,walk,3190,,3190.0,20.0,0.0,0.0,1.0,-1.97,0.031,-1.823,0.0,28.0,25.97,0.0,2.0,1283.0,20.0,-5.28,0.1,-1.03,-0.1,-0.41,1.73,5.57,228.0,,,0.0,1.0,1.0,100.0
7780,1,walk,walk,3191,,3191.0,20.0,0.0,0.0,1.0,-1.95,0.001,-2.146,0.0,28.0,25.97,0.0,2.0,1283.0,20.0,-5.49,0.1,-1.03,-0.11,0.88,1.66,11.2,228.0,,,0.0,1.0,1.0,100.0
7780,1,walk,walk,3192,,3192.0,20.0,0.0,0.0,1.0,-1.94,-0.03,-2.132,0.0,28.0,25.97,0.0,2.0,1283.0,20.0,-5.59,0.1,-1.04,-0.11,2.36,1.52,17.65,228.0,,,0.0,1.0,1.0,100.0
7800,1,walk,walk,3193,,3193.0,20.0,0.0,0.0,1.0,-1.93,-0.056,-1.45,0.0,28.0,25.97,0.0,2.0,1283.0,20.0,-5.56,0.1,-1.04,-0.11,3.94,1.22,24.81,228.0,,,0.0,1.0,1.0,100.0
7820,1,walk,walk,3194,,3194.0,20.0,0.0,0.0,1.0,-1.92,-0.063,-0.005,0.0,28.0,25.97,0.0,2.0,1283.0,20.0,-5.38,0.1,-1.04,-0.11,5.48,0.73,32.38,228.0,,,0.0,1.0,1.0,100.0
7840,1,walk,walk,3195,,3195.0,20.0,0.0,0.0,1.0,-1.89,-0.061,0.197,0.0,28.0,25.97,0.0,2.0,1283.0,20.0,-5.09,0.09,-1.05,-0.11,6.87,0.06,39.94,228.0,,,0.0,1.0,1.0,100.0
7860,1,walk,walk,3196,,3196.0,20.0,0.0,0.0,1.0,-1.84,-0.057,0.43,0.0,28.0,25.97,0.0,2.0,1283.0,20.0,-4.72,0.09,-1.06,-0.11,7.99,-0.82,47.22,228.0,,,0.0,1.0,1.0,100.0
7880,1,walk,walk,3197,,3197.0,20.0,0.0,0.0,1.0,-1.75,-0.049,0.656,0.0,28.0,25.97,0.0,2.0,1283.0,20.0,-4.28,0.08,-1.08,-0.11,8.75,-2.0,54.09,228.0,,,0.0,1.0,1.0,100.0
7920,1,walk,walk,3198,,3198.0,20.0,0.0,0.0,1.0,-1.6,-0.036,1.341,0.0,28.0,25.97,0.0,2.0,1283.0,20.0,-3.78,0.07,-1.09,-0.11,9.05,-3.56,60.53,228.0,,,0.0,1.0,1.0,100.0
7940,1,walk,walk,3199,,3199.0,20.0,0.0,0.0,1.0,-1.41,-0.017,1.252,0.0,28.0,25.97,0.0,2.0,1283.0,20.0,-3.21,0.06,-1.11,-0.11,8.84,-5.61,66.47,228.0,,,0.0,1.0,1.0,100.0
7940,1,walk,walk,3200,,3200.0,20.0,0.0,0.0,1.0,-1.14,0.005,1.161,0.0,28.0,25.97,0.0,2.0,1283.0,20.0,-2.6,0.05,-1.13,-0.11,8.13,-8.27,71.81,228.0,,,0.0,1.0,1.0,100.0
7960,1,walk,walk,3201,,3201.0,20.0,0.0,0.0,1.0,-0.79,0.009,-0.469,0.0,28.0,25.97,0.0,2.0,1283.0,20.0,-1.96,0.04,-1.15,-0.11,7.02,-11.53,76.33,228.0,,,0.0,1.0,1.0,100.0
8000,1,walk,walk,3202,,3202.0,20.0,0.0,0.0,1.0,-0.37,-0.002,-0.754,0.0,28.0,25.97,0.0,2.0,1283.0,20.0,-1.36,0.03,-1.16,-0.11,5.64,-15.11,79.74,228.0,,,0.0,1.0,1.0,100.0
8020,1,walk,walk,3203,,3203.0,20.0,0.0,0.0,1.0,0.14,-0.015,-0.945,0.0,28.0,25.97,0.0,2.0,1283.0,20.0,-0.87,0.02,-1.17,-0.11,4.14,-18.72,81.75,228.0,,,0.0,1.0,1.0,100.0
8020,1,walk,walk,3204,,3204.0,20.0,0.0,0.0,1.0,0.74,-0.034,-1.35,0.0,28.0,25.97,0.0,2.0,1283.0,20.0,-0.55,0.01,-1.17,-0.11,2.66,-21.98,82.14,228.0,,,0.0,1.0,1.0,100.0
8040,1,walk,walk,3205,,3205.0,20.0,0.0,0.0,1.0,1.43,-0.051,-1.051,0.0,28.0,25.97,0.0,2.0,1283.0,20.0,-0.45,0.01,-1.16,-0.11,1.28,-24.58,80.72,228.0,,,0.0,1.0,1.0,100.0
8080,1,walk,walk,3206,,3206.0,20.0,0.0,0.0,1.0,2.2,-0.062,-0.62,0.0,28.0,25.97,0.0,2.0,1283.0,20.0,-0.57,0.01,-1.14,-0.11,0.08,-26.32,77.34,228.0,,,0.0,1.0,1.0,100.0
8080,1,walk,walk,3207,,3207.0,20.0,0.0,0.0,1.0,3.04,-0.07,-0.561,0.0,28.0,25.97,0.0,2.0,1283.0,20.0,-0.89,0.02,-1.12,-0.1,-0.92,-27.0,71.9,228.0,,,0.0,1.0,1.0,100.0
8120,1,walk,walk,3208,,3208.0,20.0,0.0,0.0,1.0,3.95,-0.079,-0.461,0.0,28.0,25.97,0.0,2.0,1283.0,20.0,-1.38,0.03,-1.09,-0.09,-1.7,-26.51,64.47,228.0,,,0.0,1.0,1.0,100.0
8120,1,walk,walk,3209,,3209.0,20.0,0.0,6.0,2.0,4.91,-0.081,0.032,0.0,28.0,25.97,0.0,2.0,1283.0,20.0,-1.96,0.04,-1.05,-0.09,-2.25,-24.83,55.21,228.0,,,0.0,1.0,1.0,100.0
8140,1,walk,walk,3210,,3210.0,20.0,0.0,6.0,2.0,5.91,-0.081,-0.023,-0.027,28.0,25.93,0.0,18.0,1283.0,20.0,-2.55,0.05,-1.02,-0.08,-2.57,-22.13,44.32,228.0,,,0.0,1.0,1.0,100.0
8180,1,walk,walk,3211,,3211.0,20.0,0.0,6.0,2.0,6.93,-0.063,1.76,0.963,28.0,25.9,0.0,18.0,1283.0,20.0,-3.04,0.05,-0.98,-0.08,-2.63,-18.58,31.95,228.0,,,0.0,1.0,1.0,100.0
8200,1,walk,walk,3212,,3212.0,20.0,0.0,6.0,2.0,7.95,-0.041,1.292,1.099,28.0,25.9,0.0,18.0,1283.0,20.0,-3.34,0.06,-0.95,-0.07,-2.42,-14.36,18.42,228.0,,,0.0,1.0,1.0,100.0
8220,1,walk,walk,3213,,3213.0,20.0,0.0,6.0,2.0,8.93,-0.027,0.692,1.091,28.0,25.9,0.0,18.0,1283.0,20.0,-3.33,0.05,-0.92,-0.07,-1.97,-9.68,4.16,228.0,,,0.0,1.0,1.0,100.0
8240,1,walk,walk,3214,,3214.0,20.0,1.0,6.0,2.0,9.87,-0.018,0.581,0.908,28.0,25.93,0.0,19.0,1283.0,20.0,-2.94,0.05,-0.9,-0.07,-1.3,-4.75,-10.31,228.0,,,0.0,1.0,1.0,100.0
8240,1,walk,walk,3215,,3215.0,20.0,0.0,6.0,2.0,10.74,-0.009,0.563,0.413,28.0,25.93,0.0,18.0,1283.0,20.0,-2.13,0.03,-0.88,-0.07,-0.46,0.23,-24.51,228.0,,,0.0,1.0,1.0,100.0
8260,1,walk,walk,3216,,3216.0,20.0,1.0,6.0,2.0,11.51,-0.004,0.122,0.151,28.0,25.93,0.0,19.0,1283.0,20.0,-0.88,0.01,-0.87,-0.07,0.47,5.02,-38.03,228.0,,,0.0,1.0,1.0,100.0
8300,1,walk,walk,3217,,3217.0,20.0,1.0,6.0,2.0,12.17,-0.002,0.12,-0.013,28.0,25.97,0.0,19.0,1283.0,20.0,0.75,-0.01,-0.87,-0.08,1.43,9.47,-50.48,228.0,,,0.0,1.0,1.0,100.0
8300,1,walk,walk,3218,,3218.0,20.0,1.0,6.0,2.0,12.69,0.001,0.214,-0.186,28.0,25.93,0.0,19.0,1283.0,20.0,2.71,-0.04,-0.88,-0.08,2.33,13.43,-61.42,228.0,,,0.0,1.0,1.0,100.0
8320,1,walk,walk,3219,,3219.0,20.0,1.0,6.0,2.0,13.07,0.004,0.275,-0.498,28.0,25.93,0.0,19.0,1283.0,20.0,4.88,-0.08,-0.89,-0.09,3.06,16.8,-70.43,228.0,,,0.0,1.0,1.0,100.0
8340,1,walk,walk,3220,,3220.0,20.0,1.0,6.0,2.0,13.29,0.008,0.336,-0.787,28.0,25.93,0.0,19.0,1283.0,20.0,7.16,-0.11,-0.9,-0.1,3.49,19.48,-77.13,228.0,,,0.0,1.0,1.0,100.0
8360,1,walk,walk,3221,,3221.0,20.0,1.0,6.0,2.0,13.34,0.013,0.424,-1.235,28.0,25.93,0.0,19.0,1283.0,20.0,9.48,-0.15,-0.92,-0.12,3.5,21.37,-81.25,228.0,,,0.0,1.0,1.0,100.0
8400,1,walk,walk,3222,,3222.0,20.0,1.0,6.0,2.0,13.23,0.02,0.284,-1.333,28.0,25.93,0.0,19.0,1283.0,20.0,11.75,-0.2,-0.94,-0.13,3.02,22.42,-82.6,228.0,,,0.0,1.0,1.0,100.0
8400,1,walk,walk,3223,,3223.0,20.0,1.0,6.0,2.0,12.96,0.023,0.291,-1.466,28.0,25.93,0.0,19.0,1283.0,20.0,13.89,-0.24,-0.96,-0.14,2.03,22.57,-81.18,228.0,,,0.0,1.0,1.0,100.0
8420,1,walk,walk,3224,,3224.0,20.0,1.0,6.0,2.0,12.53,0.027,0.17,-1.601,28.0,25.9,0.0,19.0,1283.0,20.0,15.83,-0.28,-0.98,-0.15,0.59,21.86,-77.13,228.0,,,0.0,1.0,1.0,100.0
8440,1,walk,walk,3225,,3225.0,20.0,1.0,6.0,2.0,11.97,0.028,0.213,-1.827,28.0,25.9,0.0,19.0,1283.0,20.0,17.49,-0.31,-0.99,-0.16,-1.19,20.33,-70.8,228.0,,,0.0,1.0,1.0,100.0
8460,1,walk,walk,3226,,3226.0,20.0,1.0,6.0,2.0,11.29,0.034,0.743,-2.567,28.0,25.86,0.0,19.0,1283.0,20.0,18.55,-0.34,-1.01,-0.15,-3.05,18.34,-62.8,228.0,,,0.0,1.0,1.0,100.0
8480,1,walk,walk,3227,,3227.0,20.0,1.0,6.0,2.0,10.51,0.049,0.957,-3.508,28.0,25.76,0.0,19.0,1283.0,20.0,18.95,-0.35,-1.03,-0.15,-4.61,16.14,-53.69,228.0,,,0.0,1.0,1.0,100.0
8500,1,walk,walk,3228,,3228.0,20.0,1.0,6.0,2.0,9.66,0.05,-0.467,-2.565,28.0,25.83,0.0,19.0,1283.0,20.0,18.83,-0.36,-1.05,-0.14,-5.6,13.79,-44.09,228.0,,,0.0,1.0,1.0,100.0
8520,1,walk,walk,3229,,3229.0,20.0,1.0,6.0,2.0,8.76,0.044,-0.221,-2.523,28.0,25.83,0.0,19.0,1283.0,20.0,18.28,-0.35,-1.07,-0.12,-5.99,11.37,-34.6,228.0,,,0.0,1.0,1.0,100.0
8560,1,walk,walk,3230,,3230.0,20.0,1.0,6.0,2.0,7.83,0.038,-0.742,-1.852,28.0,25.86,0.0,19.0,1283.0,20.0,17.44,-0.34,-1.09,-0.1,-5.85,9.05,-25.49,228.0,,,0.0,1.0,1.0,100.0
8560,1,walk,walk,3231,,3231.0,20.0,1.0,6.0,2.0,6.91,0.026,-0.69,-1.228,28.0,25.9,0.0,19.0,1283.0,20.0,16.44,-0.33,-1.1,-0.08,-5.4,6.93,-17.05,228.0,,,0.0,1.0,1.0,100.0
8580,1,walk,walk,3232,,3232.0,20.0,1.0,6.0,2.0,6.01,0.019,-0.311,-1.236,28.0,25.93,0.0,19.0,1283.0,20.0,15.37,-0.31,-1.11,-0.06,-4.85,5.1,-9.57,228.0,,,0.0,1.0,1.0,100.0
8600,1,walk,walk,3233,,3233.0,20.0,1.0,6.0,2.0,5.16,0.018,-0.048,-1.199,28.0,25.9,0.0,19.0,1283.0,20.0,14.31,-0.29,-1.12,-0.05,-4.34,3.58,-3.3,228.0,,,0.0,1.0,1.0,100.0
8640,1,walk,walk,3234,,3234.0,20.0,1.0,6.0,2.0,4.37,0.018,0.111,-1.201,28.0,25.9,0.0,19.0,1283.0,20.0,13.29,-0.27,-1.12,-0.03,-3.9,2.38,1.59,228.0,,,0.0,1.0,1.0,100.0
8640,1,walk,walk,3235,,3235.0,20.0,1.0,6.0,2.0,3.65,0.019,0.177,-1.305,28.0,25.93,0.0,19.0,1283.0,20.0,12.34,-0.24,-1.12,-0.03,-3.55,1.5,5.01,228.0,,,0.0,1.0,1.0,100.0
8660,1,walk,walk,3236,,3236.0,20.0,1.0,6.0,2.0,3.02,0.022,0.229,-1.514,28.0,25.9,0.0,19.0,1283.0,20.0,11.46,-0.23,-1.11,-0.02,-3.28,0.91,6.92,228.0,,,0.0,1.0,1.0,100.0
8700,1,walk,walk,3237,,3237.0,20.0,1.0,6.0,2.0,2.48,0.028,0.382,-1.854,28.0,25.9,0.0,19.0,1283.0,20.0,10.63,-0.21,-1.11,-0.02,-3.1,0.59,7.42,228.0,,,0.0,1.0,1.0,100.0
8720,1,walk,walk,3238,,3238.0,20.0,1.0,6.0,2.0,2.03,0.035,0.532,-2.394,28.0,25.86,0.0,19.0,1283.0,20.0,9.83,-0.19,-1.1,-0.02,-3.02,0.52,6.62,228.0,,,0.0,1.0,1.0,100.0
8720,1,walk,walk,3239,,3239.0,20.0,0.0,6.0,2.0,1.67,0.043,0.661,-3.102,28.0,25.79,0.0,18.0,1283.0,20.0,9.02,-0.17,-1.09,-0.02,-3.05,0.65,4.72,228.0,,,0.0,1.0,1.0,100.0
8740,1,walk,walk,3240,,3240.0,20.0,0.0,6.0,2.0,1.39,0.055,0.895,-3.843,28.0,25.72,0.0,18.0,1283.0,20.0,8.18,-0.16,-1.08,-0.03,-3.18,0.97,1.95,228.0,,,0.0,1.0,1.0,100.0
8760,1,walk,walk,3241,,3241.0,20.0,1.0,6.0,2.0,1.19,0.066,0.696,-4.361,28.0,25.65,0.0,19.0,1283.0,20.0,7.27,-0.14,-1.07,-0.03,-3.37,1.4,-1.33,228.0,,,0.0,1.0,1.0,100.0
8780,1,walk,walk,3242,,3242.0,20.0,1.0,6.0,2.0,1.06,0.073,0.061,-4.287,28.0,25.58,0.0,19.0,1283.0,20.0,6.25,-0.12,-1.06,-0.04,-3.6,1.8,-4.58,228.0,,,0.0,1.0,1.0,100.0
8800,1,walk,walk,3243,,3243.0,20.0,1.0,6.0,2.0,0.98,0.071,-0.253,-4.077,28.0,25.62,0.0,19.0,1283.0,20.0,5.12,-0.09,-1.06,-0.05,-3.8,2.06,-7.24,228.0,,,0.0,1.0,1.0,100.0
8820,1,walk,walk,3244,,3244.0,20.0,1.0,6.0,2.0,0.94,0.064,-0.648,-3.55,28.0,25.69,0.0,19.0,1283.0,20.0,3.93,-0.07,-1.05,-0.06,-3.89,2.13,-8.85,228.0,,,0.0,1.0,1.0,100.0
8880,1,walk,walk,3245,,3245.0,20.0,1.0,6.0,2.0,0.94,0.053,-0.656,-2.866,28.0,25.76,0.0,19.0,1283.0,20.0,2.76,-0.05,-1.05,-0.06,-3.83,2.02,-9.24,228.0,,,0.0,1.0,1.0,100.0
8880,1,walk,walk,3246,,3246.0,20.0,1.0,6.0,2.0,0.95,0.043,-0.628,-2.349,28.0,25.83,0.0,19.0,1283.0,20.0,1.68,-0.03,-1.05,-0.07,-3.62,1.75,-8.44,228.0,,,0.0,1.0,1.0,100.0
8880,1,walk,walk,3247,,3247.0,20.0,1.0,6.0,2.0,0.97,0.035,-0.508,-1.861,28.0,25.86,0.0,19.0,1283.0,20.0,0.73,-0.01,-1.04,-0.08,-3.24,1.36,-6.65,228.0,,,0.0,1.0,1.0,100.0
8920,1,walk,walk,3248,,3248.0,20.0,1.0,6.0,2.0,0.99,0.027,-0.618,-1.377,28.0,25.9,0.0,19.0,1283.0,20.0,-0.08,0.0,-1.04,-0.09,-2.68,0.9,-4.05,228.0,,,0.0,1.0,1.0,100.0
8920,1,walk,walk,3249,,3249.0,20.0,1.0,6.0,2.0,1.01,0.018,-0.66,-0.945,28.0,25.9,0.0,19.0,1283.0,20.0,-0.75,0.01,-1.04,-0.09,-1.93,0.42,-0.78,228.0,,,0.0,1.0,1.0,100.0
8960,1,walk,walk,3250,,3250.0,20.0,1.0,6.0,2.0,1.03,0.008,-0.718,-0.267,28.0,25.93,0.0,19.0,1283.0,20.0,-1.3,0.02,-1.04,-0.1,-0.94,-0.07,3.11,228.0,,,0.0,1.0,1.0,100.0
8980,1,walk,walk,3251,,3251.0,20.0,1.0,6.0,2.0,1.03,-0.001,-0.684,0.62,28.0,25.93,0.0,19.0,1283.0,20.0,-1.72,0.03,-1.04,-0.11,0.29,-0.65,7.55,228.0,,,0.0,1.0,1.0,100.0
9000,1,walk,walk,3252,,3252.0,20.0,1.0,6.0,2.0,1.03,-0.01,-0.567,1.156,28.0,25.93,0.0,19.0,1283.0,20.0,-2.04,0.04,-1.05,-0.11,1.71,-1.35,12.46,228.0,,,0.0,1.0,1.0,100.0
9020,1,walk,walk,3253,,3253.0,20.0,1.0,6.0,2.0,1.03,-0.021,-0.753,1.728,28.0,25.9,0.0,19.0,1283.0,20.0,-2.28,0.04,-1.05,-0.11,3.2,-2.18,17.82,228.0,,,0.0,1.0,1.0,100.0
9020,1,walk,walk,3254,,3254.0,20.0,1.0,6.0,2.0,1.04,-0.027,-0.117,1.516,28.0,25.9,0.0,19.0,1283.0,20.0,-2.48,0.05,-1.06,-0.11,4.66,-3.08,23.56,228.0,,,0.0,1.0,1.0,100.0
9060,1,walk,walk,3255,,3255.0,20.0,1.0,6.0,2.0,1.05,-0.026,0.245,1.324,28.0,25.9,0.0,19.0,1283.0,20.0,-2.64,0.05,-1.07,-0.11,5.99,-3.99,29.63,228.0,,,0.0,1.0,1.0,100.0
9060,1,walk,walk,3256,,3256.0,20.0,1.0,6.0,2.0,1.09,-0.022,0.39,1.064,28.0,25.9,0.0,19.0,1283.0,20.0,-2.76,0.05,-1.08,-0.11,7.08,-4.88,35.97,228.0,,,0.0,1.0,1.0,100.0
9100,1,walk,walk,3257,,3257.0,20.0,1.0,6.0,2.0,1.15,-0.015,0.471,0.767,28.0,25.93,0.0,19.0,1283.0,20.0,-2.8,0.05,-1.1,-0.11,7.81,-5.77,42.55,228.0,,,0.0,1.0,1.0,100.0
9100,1,walk,walk,3258,,3258.0,20.0,1.0,6.0,2.0,1.25,-0.009,0.385,0.347,28.0,25.93,0.0,19.0,1283.0,20.0,-2.76,0.05,-1.11,-0.11,8.13,-6.7,49.37,228.0,,,0.0,1.0,1.0,100.0
9120,1,walk,walk,3259,,3259.0,20.0,1.0,6.0,2.0,1.39,-0.004,0.414,-0.138,28.0,25.93,0.0,19.0,1283.0,20.0,-2.63,0.05,-1.13,-0.1,8.02,-7.7,56.41,228.0,,,0.0,1.0,1.0,100.0
9160,1,walk,walk,3260,,3260.0,20.0,1.0,6.0,2.0,1.58,0.004,0.489,-0.753,28.0,25.93,0.0,19.0,1283.0,20.0,-2.38,0.05,-1.15,-0.1,7.54,-8.77,63.51,228.0,,,0.0,1.0,1.0,100.0
9200,1,walk,walk,3261,,3261.0,20.0,1.0,6.0,2.0,1.83,0.012,0.63,-1.287,28.0,25.93,0.0,19.0,1283.0,20.0,-2.04,0.04,-1.16,-0.1,6.77,-9.96,70.29,228.0,,,0.0,1.0,1.0,100.0
9200,1,walk,walk,3262,,3262.0,20.0,1.0,6.0,2.0,2.15,0.019,0.127,-1.199,28.0,25.93,0.0,19.0,1283.0,20.0,-1.64,0.03,-1.17,-0.1,5.83,-11.35,76.09,228.0,,,0.0,1.0,1.0,100.0
9220,1,walk,walk,3263,,3263.0,20.0,1.0,6.0,2.0,2.55,0.018,-0.01,-1.102,28.0,25.93,0.0,19.0,1283.0,20.0,-1.3,0.03,-1.18,-0.1,4.87,-13.02,80.16,228.0,,,0.0,1.0,1.0,100.0
9220,1,walk,walk,3264,,3264.0,20.0,1.0,6.0,2.0,3.03,0.017,-0.052,-1.006,28.0,25.93,0.0,19.0,1283.0,20.0,-1.12,0.02,-1.17,-0.09,4.04,-14.96,81.92,228.0,,,0.0,1.0,1.0,100.0
9240,1,walk,walk,3265,,3265.0,20.0,0.0,6.0,2.0,3.59,0.014,-0.201,-0.804,28.0,25.93,0.0,18.0,1283.0,20.0,-1.17,0.02,-1.16,-0.09,3.4,-16.99,80.94,228.0,,,0.0,1.0,1.0,100.0
9260,1,walk,walk,3266,,3266.0,20.0,1.0,6.0,2.0,4.23,0.011,-0.179,-0.596,28.0,25.93,0.0,19.0,1283.0,20.0,-1.5,0.03,-1.14,-0.09,2.97,-18.79,77.0,228.0,,,0.0,1.0,1.0,100.0
9280,1,walk,walk,3267,,3267.0,20.0,1.0,6.0,2.0,4.94,0.009,-0.194,-0.425,28.0,25.93,0.0,19.0,1283.0,20.0,-2.11,0.04,-1.11,-0.09,2.73,-19.95,70.11,228.0,,,0.0,1.0,1.0,100.0
9300,1,walk,walk,3268,,3268.0,20.0,1.0,0.0,5.0,5.73,0.006,-0.087,-0.305,28.0,25.93,0.0,19.0,1851.0,20.0,-2.98,0.06,-1.07,-0.09,2.6,-20.06,60.54,228.0,,,0.0,1.0,1.0,100.0
9320,1,walk,walk,3269,,3269.0,20.0,0.0,0.0,5.0,6.57,0.005,-0.085,-0.291,28.0,25.93,0.0,19.0,1851.0,20.0,-3.99,0.07,-1.04,-0.08,2.53,-18.81,48.65,228.0,,,0.0,1.0,1.0,100.0
9380,1,walk,walk,3270,,3270.0,20.0,0.0,0.0,5.0,7.45,0.005,-0.085,-0.291,28.0,25.93,0.0,39.0,1851.0,20.0,-5.02,0.09,-1.0,-0.08,2.49,-16.07,34.92,228.0,,,0.0,1.0,1.0,100.0
9380,1,walk,walk,3271,,3271.0,20.0,0.0,0.0,5.0,8.35,0.005,-0.085,-0.291,28.0,25.93,0.0,59.0,1851.0,20.0,-5.9,0.1,-0.97,-0.08,2.49,-12.04,19.77,228.0,,,0.0,1.0,1.0,100.0
9380,1,walk,walk,3272,,3272.0,20.0,0.0,0.0,5.0,9.24,0.034,3.752,0.0,28.0,26.0,0.0,1.0,1851.0,20.0,-6.44,0.11,-0.94,-0.08,2.54,-7.11,3.64,228.0,,,0.0,1.0,1.0,100.0
9400,1,walk,walk,3273,,3273.0,20.0,0.0,0.0,6.0,10.1,0.047,1.121,0.0,28.0,25.97,0.0,1.0,1851.0,20.0,-6.47,0.1,-0.91,-0.09,2.62,-1.88,-13.05,228.0,,,0.0,1.0,1.0,100.0
9420,1,walk,walk,3274,,3274.0,20.0,0.0,0.0,6.0,10.9,0.067,1.527,0.0,28.0,25.97,0.0,1.0,1851.0,20.0,-5.89,0.09,-0.9,-0.1,2.72,3.06,-29.85,228.0,,,0.0,1.0,1.0,100.0
9440,1,walk,walk,3275,,3275.0,20.0,0.0,0.0,6.0,11.61,0.092,1.721,0.0,28.0,25.97,0.0,1.0,1851.0,20.0,-4.64,0.07,-0.89,-0.11,2.79,7.22,-46.26,228.0,,,0.0,1.0,1.0,100.0
9460,1,walk,walk,3276,,3276.0,20.0,0.0,0.0,6.0,12.21,0.121,2.07,0.0,28.0,25.97,0.0,1.0,1851.0,20.0,-2.78,0.04,-0.88,-0.12,2.77,10.37,-61.69,228.0,,,0.0,1.0,1.0,100.0
9480,1,walk,walk,3277,,3277.0,20.0,0.0,0.0,6.0,12.67,0.154,2.259,0.0,28.0,25.97,0.0,1.0,1851.0,20.0,-0.39,0.01,-0.89,-0.13,2.57,12.41,-75.52,228.0,,,0.0,1.0,1.0,100.0
9540,1,walk,walk,3278,,3278.0,20.0,0.0,0.0,6.0,12.98,0.182,1.529,0.0,28.0,25.97,0.0,1.0,1851.0,20.0,2.4,-0.04,-0.9,-0.14,2.09,13.41,-87.14,228.0,,,0.0,1.0,1.0,100.0
9540,1,walk,walk,3279,,3279.0,20.0,0.0,0.0,6.0,13.11,0.201,1.061,0.0,28.0,25.97,0.0,1.0,1851.0,20.0,5.45,-0.09,-0.92,-0.16,1.25,13.66,-95.91,228.0,,,0.0,1.0,1.0,100.0
9540,1,walk,walk,3280,,3280.0,20.0,0.0,0.0,6.0,13.07,0.213,0.671,0.0,28.0,25.97,0.0,1.0,1851.0,20.0,8.62,-0.14,-0.94,-0.17,0.02,13.47,-101.3,228.0,,,0.0,1.0,1.0,100.0
9560,1,walk,walk,3281,,3281.0,20.0,0.0,0.0,6.0,12.83,0.222,0.762,0.0,28.0,25.97,0.0,1.0,1851.0,20.0,11.74,-0.2,-0.96,-0.17,-1.6,13.07,-102.99,228.0,,,0.0,1.0,1.0,100.0
9600,1,walk,walk,3282,,3282.0,20.0,0.0,0.0,7.0,12.42,0.236,0.934,0.0,28.0,25.97,0.0,1.0,1851.0,20.0,14.68,-0.26,-0.98,-0.18,-3.54,12.53,-101.04,228.0,,,0.0,1.0,1.0,100.0
9600,1,walk,walk,3283,,3283.0,20.0,0.0,0.0,7.0,11.83,0.231,-1.521,0.0,28.0,25.97,0.0,1.0,1851.0,20.0,17.06,-0.31,-1.0,-0.18,-5.43,12.0,-96.05,228.0,,,0.0,1.0,1.0,100.0
9620,1,walk,walk,3284,,3284.0,20.0,0.0,0.0,7.0,11.08,0.235,0.238,0.0,28.0,25.97,0.0,1.0,1851.0,20.0,18.55,-0.35,-1.03,-0.17,-6.81,11.25,-88.95,228.0,,,0.0,1.0,1.0,100.0
9640,1,walk,walk,3285,,3285.0,20.0,0.0,0.0,7.0,10.2,0.21,-3.225,0.0,28.0,25.97,0.0,1.0,1851.0,20.0,19.11,-0.37,-1.07,-0.15,-7.44,10.22,-80.14,228.0,,,0.0,1.0,1.0,100.0
9660,1,walk,walk,3286,,3286.0,20.0,0.0,0.0,7.0,9.2,0.173,-1.468,0.0,28.0,25.97,0.0,1.0,1851.0,20.0,18.82,-0.37,-1.1,-0.13,-7.38,9.09,-69.89,228.0,,,0.0,1.0,1.0,100.0
9700,1,walk,walk,3287,,3287.0,20.0,0.0,0.0,7.0,8.12,0.152,-1.425,0.0,28.0,25.97,0.0,1.0,1851.0,20.0,17.9,-0.36,-1.13,-0.1,-6.87,7.96,-58.67,228.0,,,0.0,1.0,1.0,100.0
9700,1,walk,walk,3288,,3288.0,20.0,0.0,0.0,7.0,6.98,0.142,-0.399,0.0,28.0,25.97,0.0,1.0,1851.0,20.0,16.58,-0.34,-1.15,-0.07,-6.19,6.87,-47.13,228.0,,,0.0,1.0,1.0,100.0
9720,1,walk,walk,3289,,3289.0,20.0,0.0,0.0,7.0,5.8,0.128,-1.01,0.0,28.0,25.97,0.0,1.0,1851.0,20.0,15.02,-0.31,-1.17,-0.05,-5.5,5.86,-35.82,228.0,,,0.0,1.0,1.0,100.0
9740,1,walk,walk,3290,,3290.0,20.0,0.0,0.0,7.0,4.63,0.12,-0.532,0.0,28.0,25.97,0.0,1.0,1851.0,20.0,13.36,-0.28,-1.18,-0.03,-4.88,4.94,-25.21,228.0,,,0.0,1.0,1.0,100.0
9760,1,walk,walk,3291,,3291.0,20.0,0.0,0.0,7.0,3.47,0.113,-0.346,0.0,28.0,25.97,0.0,1.0,1851.0,20.0,11.71,-0.25,-1.18,-0.01,-4.35,4.11,-15.74,228.0,,,0.0,1.0,1.0,100.0
9780,1,walk,walk,3292,,3292.0,20.0,0.0,0.0,7.0,2.35,0.109,-0.16,0.0,28.0,25.97,0.0,1.0,1851.0,20.0,10.14,-0.21,-1.18,-0.01,-3.9,3.37,-7.71,228.0,,,0.0,1.0,1.0,100.0
9800,1,walk,walk,3293,,3293.0,20.0,0.0,0.0,1.0,1.29,0.109,0.034,0.0,28.0,25.97,0.0,1.0,1851.0,20.0,8.69,-0.18,-1.18,0.0,-3.53,2.72,-1.32,228.0,,,0.0,1.0,1.0,100.0
9840,1,walk,walk,3294,,3294.0,20.0,0.0,0.0,1.0,0.31,0.109,-0.037,0.0,28.0,25.97,0.0,1.0,1851.0,20.0,7.36,-0.15,-1.16,0.0,-3.25,2.14,3.36,228.0,,,0.0,1.0,1.0,100.0
9840,1,walk,walk,3295,,3295.0,20.0,0.0,0.0,1.0,-0.59,0.11,0.209,0.0,28.0,25.97,0.0,1.0,1851.0,20.0,6.17,-0.12,-1.15,-0.01,-3.06,1.67,6.39,228.0,,,0.0,1.0,1.0,100.0
9860,1,walk,walk,3296,,3296.0,20.0,0.0,0.0,1.0,-1.4,0.116,0.601,0.0,28.0,25.97,0.0,1.0,1851.0,20.0,5.1,-0.1,-1.14,-0.01,-3.0,1.28,7.86,228.0,,,0.0,1.0,1.0,100.0
9880,1,walk,walk,3297,,3297.0,20.0,0.0,0.0,1.0,-2.11,0.126,0.54,0.0,28.0,25.97,0.0,1.0,1851.0,20.0,4.15,-0.08,-1.12,-0.02,-3.05,0.94,7.87,228.0,,,0.0,1.0,1.0,100.0
9920,1,walk,walk,3298,,3298.0,20.0,0.0,0.0,1.0,-2.71,0.138,0.994,0.0,28.0,25.97,0.0,1.0,1851.0,20.0,3.29,-0.06,-1.1,-0.03,-3.21,0.69,6.58,228.0,,,0.0,1.0,1.0,100.0
9940,1,walk,walk,3299,,3299.0,20.0,0.0,0.0,1.0,-3.23,0.157,1.274,0.0,28.0,25.97,0.0,1.0,1851.0,20.0,2.5,-0.05,-1.09,-0.04,-3.47,0.53,4.1,228.0,,,0.0,1.0,1.0,100.0
9940,1,walk,walk,3300,,3300.0,20.0,0.0,0.0,1.0,-3.65,0.181,1.342,0.0,28.0,25.97,0.0,1.0,1851.0,20.0,1.77,-0.03,-1.08,-0.04,-3.8,0.48,0.55,228.0,,,0.0,1.0,1.0,100.0
9960,1,walk,walk,3301,,3301.0,20.0,1.0,0.0,1.0,-3.98,0.198,1.024,0.0,28.0,25.97,0.0,2.0,1851.0,20.0,1.02,-0.02,-1.06,-0.05,-4.19,0.5,-3.72,228.0,,,0.0,1.0,1.0,100.0
10000,1,walk,walk,3302,,3302.0,20.0,1.0,0.0,1.0,-4.25,0.2,-0.085,0.0,28.0,25.97,0.0,2.0,1851.0,20.0,0.18,0.0,-1.06,-0.06,-4.57,0.54,-8.02,228.0,,,0.0,1.0,1.0,100.0
10000,1,walk,walk,3303,,3303.0,20.0,1.0,0.0,1.0,-4.45,0.197,-0.628,0.0,28.0,25.97,0.0,2.0,1851.0,20.0,-0.76,0.01,-1.05,-0.07,-4.83,0.56,-11.64,228.0,,,0.0,1.0,1.0,100.0
10040,1,walk,walk,3304,,3304.0,20.0,1.0,0.0,1.0,-4.6,0.185,-0.966,0.0,28.0,25.97,0.0,2.0,1851.0,20.0,-1.79,0.03,-1.04,-0.08,-4.91,0.52,-14.07,228.0,,,0.0,1.0,1.0,100.0
10060,1,walk,walk,3305,,3305.0,20.0,1.0,0.0,1.0,-4.72,0.173,-0.687,0.0,28.0,25.97,0.0,2.0,1851.0,20.0,-2.83,0.05,-1.04,-0.09,-4.77,0.47,-15.08,228.0,,,0.0,1.0,1.0,100.0
10060,1,walk,walk,3306,,3306.0,20.0,1.0,0.0,1.0,-4.82,0.165,-0.669,0.0,28.0,25.97,0.0,2.0,1851.0,20.0,-3.83,0.07,-1.03,-0.1,-4.41,0.4,-14.75,228.0,,,0.0,1.0,1.0,100.0
10080,1,walk,walk,3307,,3307.0,20.0,1.0,0.0,1.0,-4.91,0.154,-0.691,0.0,28.0,25.97,0.0,2.0,1851.0,20.0,-4.73,0.09,-1.03,-0.1,-3.83,0.34,-13.26,228.0,,,0.0,1.0,1.0,100.0
10100,1,walk,walk,3308,,3308.0,20.0,1.0,0.0,1.0,-4.99,0.146,-0.643,0.0,28.0,25.97,0.0,2.0,1851.0,20.0,-5.52,0.1,-1.03,-0.11,-3.04,0.32,-10.83,228.0,,,0.0,1.0,1.0,100.0
10120,1,walk,walk,3309,,3309.0,20.0,1.0,0.0,1.0,-5.08,0.134,-0.986,0.0,28.0,25.97,0.0,2.0,1851.0,20.0,-6.2,0.11,-1.03,-0.12,-2.03,0.37,-7.61,228.0,,,0.0,1.0,1.0,100.0
10140,1,walk,walk,3310,,3310.0,20.0,1.0,0.0,1.0,-5.17,0.122,-0.704,0.0,27.0,25.97,0.0,2.0,1851.0,20.0,-6.77,0.12,-1.03,-0.12,-0.8,0.47,-3.73,228.0,,,0.0,1.0,1.0,100.0
10180,1,walk,walk,3311,,3311.0,20.0,1.0,0.0,1.0,-5.27,0.105,-1.597,0.0,28.0,25.97,0.0,2.0,1851.0,20.0,-7.23,0.13,-1.03,-0.13,0.64,0.62,0.79,228.0,,,0.0,1.0,1.0,100.0
10180,1,walk,walk,3312,,3312.0,20.0,0.0,0.0,1.0,-5.37,0.083,-1.775,0.0,27.0,25.97,0.0,1.0,1851.0,20.0,-7.59,0.14,-1.03,-0.13,2.23,0.84,5.98,228.0,,,0.0,1.0,1.0,100.0
10220,1,walk,walk,3313,,3313.0,20.0,0.0,0.0,1.0,-5.47,0.056,-1.899,0.0,28.0,25.97,0.0,1.0,1851.0,20.0,-7.84,0.14,-1.03,-0.13,3.87,1.14,11.86,228.0,,,0.0,1.0,1.0,100.0
10220,1,walk,walk,3314,,3314.0,20.0,0.0,0.0,1.0,-5.57,0.028,-1.905,0.0,28.0,25.97,0.0,1.0,1851.0,20.0,-7.99,0.15,-1.03,-0.13,5.48,1.54,18.43,228.0,,,0.0,1.0,1.0,100.0
10240,1,walk,walk,3315,,3315.0,20.0,0.0,0.0,1.0,-5.65,0.004,-1.392,0.0,27.0,25.97,0.0,1.0,1851.0,20.0,-8.03,0.15,-1.04,-0.13,6.94,1.99,25.56,228.0,,,0.0,1.0,1.0,100.0
10260,1,walk,walk,3316,,3316.0,20.0,0.0,0.0,1.0,-5.71,-0.007,0.169,0.0,27.0,25.97,0.0,1.0,1851.0,20.0,-7.99,0.15,-1.04,-0.13,8.13,2.29,33.03,228.0,,,0.0,1.0,1.0,100.0
10280,1,walk,walk,3317,,3317.0,20.0,0.0,0.0,1.0,-5.74,-0.006,0.018,0.0,28.0,25.97,0.0,1.0,1851.0,20.0,-7.87,0.15,-1.05,-0.13,8.98,2.26,40.61,228.0,,,0.0,1.0,1.0,100.0
10320,1,walk,walk,3318,,3318.0,20.0,0.0,0.0,1.0,-5.73,-0.004,0.229,0.0,27.0,25.97,0.0,1.0,1851.0,20.0,-7.69,0.14,-1.07,-0.13,9.39,1.73,48.1,228.0,,,0.0,1.0,1.0,100.0
10340,1,walk,walk,3319,,3319.0,20.0,0.0,0.0,1.0,-5.67,0.001,0.495,0.0,27.0,25.97,0.0,1.0,1851.0,20.0,-7.41,0.14,-1.08,-0.12,9.32,0.58,55.29,228.0,,,0.0,1.0,1.0,100.0
10340,1,walk,walk,3320,,3320.0,20.0,0.0,0.0,1.0,-5.55,0.014,1.048,0.0,28.0,25.97,0.0,1.0,1851.0,20.0,-7.01,0.14,-1.1,-0.12,8.79,-1.35,61.87,228.0,,,0.0,1.0,1.0,100.0
10360,1,walk,walk,3321,,3321.0,20.0,0.0,0.0,1.0,-5.36,0.023,-0.146,0.0,27.0,25.97,0.0,1.0,1851.0,20.0,-6.51,0.13,-1.11,-0.13,7.92,-4.1,67.48,228.0,,,0.0,1.0,1.0,100.0
10380,1,walk,walk,3322,,3322.0,20.0,0.0,0.0,1.0,-5.09,0.021,-0.206,0.0,27.0,25.97,0.0,1.0,1851.0,20.0,-5.95,0.12,-1.13,-0.13,6.84,-7.67,71.71,228.0,,,0.0,1.0,1.0,100.0
10400,1,walk,walk,3323,,3323.0,20.0,0.0,0.0,1.0,-4.74,0.019,-0.062,0.0,27.0,25.97,0.0,1.0,1851.0,20.0,-5.44,0.11,-1.13,-0.13,5.71,-11.88,74.24,228.0,,,0.0,1.0,1.0,100.0
10420,1,walk,walk,3324,,3324.0,20.0,0.0,0.0,1.0,-4.31,0.016,-0.308,0.0,28.0,25.97,0.0,1.0,1851.0,20.0,-5.06,0.1,-1.14,-0.13,4.61,-16.44,74.76,228.0,,,0.0,1.0,1.0,100.0
10440,1,walk,walk,3325,,3325.0,20.0,0.0,0.0,1.0,-3.78,0.011,-0.433,0.0,27.0,25.97,0.0,1.0,1851.0,20.0,-4.91,0.1,-1.13,-0.13,3.58,-20.85,73.13,228.0,,,0.0,1.0,1.0,100.0
10460,1,walk,walk,3326,,3326.0,20.0,0.0,0.0,1.0,-3.17,0.001,-0.767,0.0,27.0,25.97,0.0,1.0,1851.0,20.0,-5.01,0.1,-1.12,-0.12,2.59,-24.62,69.36,228.0,,,0.0,1.0,1.0,100.0
10500,1,walk,walk,3327,,3327.0,20.0,0.0,0.0,1.0,-2.49,-0.007,-0.199,0.0,27.0,25.97,0.0,1.0,1851.0,20.0,-5.37,0.1,-1.1,-0.12,1.62,-27.26,63.52,228.0,,,0.0,1.0,1.0,100.0
10500,1,walk,walk,3328,,3328.0,20.0,0.0,0.0,1.0,-1.73,-0.007,-0.013,0.0,27.0,25.97,0.0,1.0,1851.0,20.0,-5.97,0.11,-1.08,-0.12,0.64,-28.38,55.75,228.0,,,0.0,1.0,1.0,100.0
10520,1,walk,walk,3329,,3329.0,20.0,0.0,0.0,1.0,-0.91,-0.007,0.062,0.0,27.0,25.97,0.0,1.0,1851.0,20.0,-6.72,0.12,-1.05,-0.11,-0.33,-27.76,46.29,228.0,,,0.0,1.0,1.0,100.0
10560,1,walk,walk,3330,,3330.0,20.0,0.0,0.0,1.0,-0.05,-0.007,0.095,0.0,27.0,25.97,0.0,1.0,1851.0,20.0,-7.51,0.13,-1.02,-0.11,-1.24,-25.4,35.45,228.0,,,0.0,1.0,1.0,100.0
10560,1,walk,walk,3331,,3331.0,20.0,0.0,6.0,2.0,0.83,-0.007,-0.005,0.0,27.0,25.97,0.0,1.0,1851.0,20.0,-8.2,0.14,-0.99,-0.1,-2.03,-21.48,23.6,228.0,,,0.0,1.0,1.0,100.0
10580,1,walk,walk,3332,,3332.0,20.0,0.0,6.0,2.0,1.71,-0.007,-0.017,0.057,27.0,25.97,0.0,18.0,1851.0,20.0,-8.65,0.15,-0.97,-0.1,-2.65,-16.36,11.11,228.0,,,0.0,1.0,1.0,100.0
10600,1,walk,walk,3333,,3333.0,20.0,0.0,6.0,2.0,2.57,-0.006,0.112,0.229,27.0,25.93,0.0,18.0,1851.0,20.0,-8.71,0.15,-0.95,-0.1,-3.05,-10.53,-1.68,228.0,,,0.0,1.0,1.0,100.0
10620,1,walk,walk,3334,,3334.0,20.0,0.0,6.0,2.0,3.38,-0.005,0.003,0.154,27.0,25.93,0.0,18.0,1851.0,20.0,-8.29,0.14,-0.93,-0.1,-3.21,-4.53,-14.46,228.0,,,0.0,1.0,1.0,100.0
10660,1,walk,walk,3335,,3335.0,20.0,1.0,6.0,2.0,4.13,-0.003,0.181,0.036,27.0,25.97,0.0,19.0,1851.0,20.0,-7.33,0.12,-0.92,-0.11,-3.17,1.17,-26.94,228.0,,,0.0,1.0,1.0,100.0
10660,1,walk,walk,3336,,3336.0,20.0,0.0,6.0,2.0,4.79,-0.001,0.225,-0.16,27.0,25.93,0.0,18.0,1851.0,20.0,-5.83,0.09,-0.91,-0.12,-2.99,6.16,-38.8,228.0,,,0.0,1.0,1.0,100.0
10680,1,walk,walk,3337,,3337.0,20.0,1.0,6.0,2.0,5.34,0.003,0.237,-0.532,27.0,25.93,0.0,19.0,1851.0,20.0,-3.82,0.06,-0.9,-0.12,-2.78,10.21,-49.67,228.0,,,0.0,1.0,1.0,100.0
10700,1,walk,walk,3338,,3338.0,20.0,1.0,6.0,2.0,5.77,0.009,0.449,-0.973,27.0,25.97,0.0,19.0,1851.0,20.0,-1.36,0.02,-0.9,-0.13,-2.63,13.17,-59.17,228.0,,,0.0,1.0,1.0,100.0
10720,1,walk,walk,3339,,3339.0,20.0,1.0,6.0,2.0,6.06,0.017,0.626,-1.412,27.0,25.93,0.0,19.0,1851.0,20.0,1.43,-0.02,-0.91,-0.14,-2.63,15.03,-66.93,228.0,,,0.0,1.0,1.0,100.0
10740,1,walk,walk,3340,,3340.0,20.0,1.0,6.0,2.0,6.21,0.023,0.339,-1.514,27.0,25.9,0.0,19.0,1851.0,20.0,4.45,-0.07,-0.91,-0.15,-2.84,15.86,-72.61,228.0,,,0.0,1.0,1.0,100.0
10760,1,walk,walk,3341,,3341.0,20.0,1.0,6.0,2.0,6.21,0.028,0.283,-1.708,27.0,25.9,0.0,19.0,1851.0,20.0,7.54,-0.12,-0.92,-0.16,-3.3,15.8,-75.96,228.0,,,0.0,1.0,1.0,100.0
10800,1,walk,walk,3342,,3342.0,20.0,1.0,6.0,2.0,6.06,0.031,0.248,-1.961,27.0,25.86,0.0,19.0,1851.0,20.0,10.4,-0.17,-0.93,-0.16,-3.99,15.02,-76.83,228.0,,,0.0,1.0,1.0,100.0
10800,1,walk,walk,3343,,3343.0,20.0,1.0,6.0,2.0,5.78,0.041,1.149,-3.427,27.0,25.79,0.0,19.0,1851.0,20.0,12.55,-0.21,-0.95,-0.16,-4.7,14.08,-75.27,228.0,,,0.0,1.0,1.0,100.0
10820,1,walk,walk,3344,,3344.0,20.0,1.0,6.0,2.0,5.36,0.058,1.048,-4.111,27.0,25.72,0.0,19.0,1851.0,20.0,13.75,-0.24,-0.97,-0.15,-5.15,13.5,-71.51,228.0,,,0.0,1.0,1.0,100.0
10840,1,walk,walk,3345,,3345.0,20.0,1.0,6.0,2.0,4.83,0.075,1.249,-5.196,27.0,25.54,0.0,19.0,1851.0,20.0,14.08,-0.25,-0.99,-0.14,-5.23,13.47,-65.8,228.0,,,0.0,1.0,1.0,100.0
10880,1,walk,walk,3346,,3346.0,20.0,1.0,6.0,2.0,4.19,0.091,0.719,-5.901,27.0,25.4,0.0,19.0,1851.0,20.0,13.8,-0.25,-1.02,-0.12,-4.98,13.85,-58.53,228.0,,,0.0,1.0,1.0,100.0
10900,1,walk,walk,3347,,3347.0,20.0,1.0,6.0,2.0,3.48,0.094,-0.08,-5.522,27.0,25.4,0.0,19.0,1851.0,20.0,13.16,-0.24,-1.04,-0.1,-4.47,14.26,-50.19,228.0,,,0.0,1.0,1.0,100.0
10900,1,walk,walk,3348,,3348.0,20.0,1.0,6.0,2.0,2.7,0.091,-0.48,-5.117,27.0,25.44,0.0,19.0,1851.0,20.0,12.3,-0.23,-1.07,-0.08,-3.81,14.37,-41.23,228.0,,,0.0,1.0,1.0,100.0
10960,1,walk,walk,3349,,3349.0,20.0,1.0,6.0,2.0,1.89,0.078,-1.049,-3.942,27.0,25.58,0.0,19.0,1851.0,20.0,11.33,-0.22,-1.09,-0.07,-3.06,14.06,-31.94,228.0,,,0.0,1.0,1.0,100.0
10960,1,walk,walk,3350,,3350.0,20.0,1.0,6.0,2.0,1.06,0.062,-1.192,-3.274,27.0,25.72,0.0,19.0,1851.0,20.0,10.34,-0.2,-1.1,-0.06,-2.3,13.32,-22.57,228.0,,,0.0,1.0,1.0,100.0
10960,1,walk,walk,3351,,3351.0,20.0,1.0,6.0,2.0,0.23,0.048,-0.675,-2.618,27.0,25.76,0.0,19.0,1851.0,20.0,9.38,-0.18,-1.11,-0.05,-1.6,12.2,-13.42,228.0,,,0.0,1.0,1.0,100.0
10980,1,walk,walk,3352,,3352.0,20.0,1.0,6.0,2.0,-0.57,0.037,-0.812,-1.937,27.0,25.83,0.0,19.0,1851.0,20.0,8.48,-0.17,-1.12,-0.05,-0.96,10.79,-4.82,228.0,,,0.0,1.0,1.0,100.0
11000,1,walk,walk,3353,,3353.0,20.0,1.0,6.0,2.0,-1.32,0.027,-0.7,-1.358,27.0,25.86,0.0,19.0,1851.0,20.0,7.67,-0.15,-1.12,-0.05,-0.4,9.16,2.96,228.0,,,0.0,1.0,1.0,100.0
11020,1,walk,walk,3354,,3354.0,20.0,1.0,6.0,2.0,-2.02,0.019,-0.445,-1.087,27.0,25.9,0.0,19.0,1851.0,20.0,6.97,-0.14,-1.12,-0.05,0.11,7.42,9.71,228.0,,,0.0,1.0,1.0,100.0
11040,1,walk,walk,3355,,3355.0,20.0,1.0,6.0,2.0,-2.64,0.014,-0.297,-0.895,27.0,25.93,0.0,19.0,1851.0,20.0,6.37,-0.12,-1.11,-0.05,0.56,5.71,15.25,228.0,,,0.0,1.0,1.0,100.0
11060,1,walk,walk,3356,,3356.0,20.0,1.0,6.0,2.0,-3.18,0.01,-0.277,-0.657,27.0,25.93,0.0,19.0,1851.0,20.0,5.89,-0.11,-1.11,-0.05,0.95,4.14,19.47,228.0,,,0.0,1.0,1.0,100.0
11080,1,walk,walk,3357,,3357.0,20.0,1.0,6.0,2.0,-3.62,0.008,-0.156,-0.477,27.0,25.93,0.0,19.0,1851.0,20.0,5.5,-0.11,-1.1,-0.05,1.27,2.78,22.37,228.0,,,0.0,1.0,1.0,100.0
11100,1,walk,walk,3358,,3358.0,20.0,1.0,6.0,2.0,-3.97,0.007,-0.048,-0.438,27.0,25.93,0.0,19.0,1851.0,20.0,5.19,-0.1,-1.09,-0.06,1.51,1.66,24.0,228.0,,,0.0,1.0,1.0,100.0
11140,1,walk,walk,3359,,3359.0,20.0,1.0,6.0,2.0,-4.21,0.007,0.028,-0.408,27.0,25.93,0.0,19.0,1851.0,20.0,4.93,-0.09,-1.08,-0.06,1.67,0.79,24.51,228.0,,,0.0,1.0,1.0,100.0
11140,1,walk,walk,3360,,3360.0,20.0,1.0,6.0,2.0,-4.36,0.007,0.01,-0.47,27.0,25.93,0.0,19.0,1851.0,20.0,4.71,-0.09,-1.07,-0.07,1.75,0.18,24.09,228.0,,,0.0,1.0,1.0,100.0
11160,1,walk,walk,3361,,3361.0,20.0,0.0,6.0,2.0,-4.42,0.007,0.019,-0.535,27.0,25.93,0.0,18.0,1851.0,20.0,4.51,-0.08,-1.06,-0.07,1.79,-0.2,22.91,228.0,,,0.0,1.0,1.0,100.0
11180,1,walk,walk,3362,,3362.0,20.0,1.0,6.0,2.0,-4.38,0.01,0.279,-0.837,27.0,25.93,0.0,19.0,1851.0,20.0,4.34,-0.08,-1.05,-0.07,1.82,-0.36,21.13,228.0,,,0.0,1.0,1.0,100.0
11200,1,walk,walk,3363,,3363.0,20.0,1.0,6.0,2.0,-4.27,0.014,0.31,-1.098,27.0,25.93,0.0,19.0,1851.0,20.0,4.17,-0.08,-1.05,-0.08,1.86,-0.35,18.88,228.0,,,0.0,1.0,1.0,100.0
11220,1,walk,walk,3364,,3364.0,20.0,1.0,6.0,2.0,-4.09,0.018,0.261,-1.267,27.0,25.93,0.0,19.0,1851.0,20.0,4.0,-0.07,-1.04,-0.08,1.94,-0.2,16.3,228.0,,,0.0,1.0,1.0,100.0
11240,1,walk,walk,3365,,3365.0,20.0,1.0,6.0,2.0,-3.85,0.022,0.211,-1.398,27.0,25.9,0.0,19.0,1851.0,20.0,3.83,-0.07,-1.04,-0.08,2.05,0.05,13.51,228.0,,,0.0,1.0,1.0,100.0
11280,1,walk,walk,3366,,3366.0,20.0,1.0,6.0,2.0,-3.56,0.025,0.193,-1.6,27.0,25.9,0.0,19.0,1851.0,20.0,3.65,-0.07,-1.03,-0.08,2.2,0.36,10.67,228.0,,,0.0,1.0,1.0,100.0
11280,1,walk,walk,3367,,3367.0,20.0,1.0,6.0,2.0,-3.24,0.027,0.017,-1.639,27.0,25.9,0.0,19.0,1851.0,20.0,3.43,-0.06,-1.03,-0.09,2.39,0.7,7.91,228.0,,,0.0,1.0,1.0,100.0
11300,1,walk,walk,3368,,3368.0,20.0,1.0,6.0,2.0,-2.89,0.027,-0.061,-1.656,27.0,25.9,0.0,19.0,1851.0,20.0,3.19,-0.06,-1.03,-0.09,2.61,1.01,5.39,228.0,,,0.0,1.0,1.0,100.0
11320,1,walk,walk,3369,,3369.0,20.0,1.0,1.0,5.0,-2.54,0.028,-0.05,-1.688,27.0,25.9,0.0,19.0,1851.0,21.0,2.91,-0.05,-1.03,-0.09,2.89,1.27,3.24,228.0,,,0.0,1.0,1.0,100.0
11340,1,walk,walk,3370,,3370.0,20.0,0.0,1.0,5.0,-2.18,0.027,0.014,-1.647,27.0,25.83,0.0,19.0,1851.0,21.0,2.57,-0.05,-1.02,-0.09,3.23,1.56,1.56,228.0,,,0.0,1.0,1.0,100.0
11360,1,walk,walk,3371,,3371.0,20.0,0.0,1.0,5.0,-1.82,0.015,-1.188,-3.389,27.0,25.65,0.0,19.0,1851.0,21.0,2.17,-0.04,-1.03,-0.09,3.67,1.98,0.69,228.0,,,0.0,1.0,1.0,100.0
11380,1,walk,walk,3372,,3372.0,20.0,0.0,1.0,5.0,-1.48,-0.006,-1.483,-3.772,27.0,25.58,0.0,19.0,1851.0,21.0,1.71,-0.03,-1.03,-0.1,4.29,2.52,0.98,228.0,,,0.0,1.0,1.0,100.0
11400,1,walk,walk,3373,,3373.0,20.0,0.0,1.0,5.0,-1.15,-0.027,-1.478,-3.865,27.0,25.58,0.0,19.0,1851.0,21.0,1.24,-0.02,-1.03,-0.1,5.14,3.03,2.63,228.0,,,0.0,1.0,1.0,100.0
11420,1,walk,walk,3374,,3374.0,20.0,0.0,1.0,5.0,-0.85,-0.051,-1.754,-3.307,27.0,25.65,0.0,19.0,1851.0,21.0,0.79,-0.01,-1.03,-0.1,6.12,3.38,5.73,228.0,,,0.0,1.0,1.0,100.0
11460,1,walk,walk,3375,,3375.0,20.0,0.0,1.0,5.0,-0.57,-0.077,-1.885,-3.033,27.0,25.69,0.0,19.0,1851.0,21.0,0.43,-0.01,-1.04,-0.1,7.1,3.45,10.21,228.0,,,0.0,1.0,1.0,100.0
11460,1,walk,walk,3376,,3376.0,20.0,0.0,1.0,5.0,-0.31,-0.104,-1.8,-2.691,28.0,25.72,0.0,19.0,1851.0,21.0,0.2,0.0,-1.04,-0.1,7.87,3.16,15.86,228.0,,,0.0,1.0,1.0,100.0
11480,1,walk,walk,3377,,3377.0,20.0,0.0,1.0,5.0,-0.07,-0.125,-1.177,-3.142,28.0,25.69,0.0,19.0,1851.0,21.0,0.08,0.0,-1.05,-0.1,8.27,2.44,22.38,228.0,,,0.0,1.0,1.0,100.0
11520,1,walk,walk,3378,,3378.0,20.0,0.0,1.0,5.0,0.17,-0.137,-0.551,-3.583,28.0,25.65,0.0,19.0,1851.0,21.0,0.08,0.0,-1.06,-0.1,8.21,1.24,29.4,228.0,,,0.0,1.0,1.0,100.0
11520,1,walk,walk,3379,,3379.0,20.0,0.0,1.0,5.0,0.39,-0.142,-0.285,-3.878,28.0,25.62,0.0,19.0,1851.0,21.0,0.23,0.0,-1.07,-0.1,7.67,-0.52,36.54,228.0,,,0.0,1.0,1.0,100.0
11600,1,walk,walk,3380,,3380.0,20.0,0.0,1.0,5.0,0.63,-0.147,-0.21,-3.834,28.0,25.65,0.0,19.0,1851.0,21.0,0.53,-0.01,-1.09,-0.1,6.67,-2.98,43.31,228.0,,,0.0,1.0,1.0,100.0
11620,1,walk,walk,3381,,3381.0,20.0,0.0,1.0,5.0,0.88,-0.155,-0.659,-3.47,28.0,25.65,0.0,19.0,1851.0,21.0,0.97,-0.02,-1.1,-0.1,5.32,-6.36,49.32,228.0,,,0.0,1.0,1.0,100.0
11620,1,walk,walk,3382,,3382.0,20.0,0.0,1.0,5.0,1.16,-0.166,-0.663,-3.375,28.0,25.72,0.0,19.0,1851.0,21.0,1.45,-0.03,-1.11,-0.1,3.78,-10.86,54.16,228.0,,,0.0,1.0,1.0,100.0
11680,1,walk,walk,3383,,3383.0,20.0,0.0,1.0,5.0,1.48,-0.176,-0.778,-3.026,28.0,25.72,0.0,19.0,1851.0,21.0,1.89,-0.04,-1.11,-0.11,2.23,-16.46,57.51,228.0,,,0.0,1.0,1.0,100.0
11680,1,walk,walk,3384,,3384.0,20.0,0.0,1.0,5.0,1.84,-0.188,-0.754,-2.884,28.0,25.76,0.0,19.0,1851.0,21.0,2.19,-0.04,-1.12,-0.11,0.78,-22.86,59.17,228.0,,,0.0,1.0,1.0,100.0
11680,1,walk,walk,3385,,3385.0,20.0,0.0,1.0,5.0,2.25,-0.198,-0.694,-2.922,28.0,25.76,0.0,19.0,1851.0,21.0,2.26,-0.04,-1.11,-0.11,-0.53,-29.43,59.07,228.0,,,0.0,1.0,1.0,100.0
11680,1,walk,walk,3386,,3386.0,20.0,0.0,1.0,5.0,2.72,-0.208,-0.722,-2.828,28.0,25.76,0.0,19.0,1851.0,21.0,2.06,-0.04,-1.11,-0.11,-1.68,-35.34,57.28,228.0,,,0.0,1.0,1.0,100.0
11680,1,walk,walk,3387,,3387.0,20.0,0.0,1.0,5.0,3.25,-0.216,-0.305,-2.949,28.0,25.76,0.0,19.0,1851.0,21.0,1.61,-0.03,-1.1,-0.1,-2.67,-39.72,53.93,228.0,,,0.0,1.0,1.0,100.0
11720,1,walk,walk,3388,,3388.0,20.0,0.0,1.0,5.0,3.83,-0.221,-0.221,-3.023,28.0,25.79,0.0,19.0,1851.0,21.0,0.93,-0.02,-1.08,-0.1,-3.5,-41.87,49.18,228.0,,,0.0,1.0,1.0,100.0
11740,1,walk,walk,3389,,3389.0,20.0,0.0,1.0,5.0,4.46,-0.225,-0.408,-2.895,28.0,25.76,0.0,19.0,1851.0,21.0,0.13,0.0,-1.06,-0.1,-4.12,-41.4,43.22,228.0,,,0.0,1.0,1.0,100.0
11740,1,walk,walk,3390,,3390.0,20.0,0.0,1.0,5.0,5.12,-0.229,-0.131,-3.039,28.0,25.76,0.0,19.0,1851.0,21.0,-0.69,0.01,-1.05,-0.09,-4.48,-38.29,36.25,228.0,,,0.0,1.0,1.0,100.0
11760,1,walk,walk,3391,,3391.0,20.0,0.0,1.0,5.0,5.81,-0.231,-0.175,-3.135,28.0,25.76,0.0,19.0,1851.0,21.0,-1.38,0.02,-1.03,-0.09,-4.53,-32.94,28.43,228.0,,,0.0,1.0,1.0,100.0
11780,1,walk,walk,3392,,3392.0,20.0,0.0,1.0,5.0,6.51,-0.231,0.037,-3.24,28.0,25.72,0.0,19.0,1851.0,21.0,-1.82,0.03,-1.01,-0.08,-4.24,-26.0,19.95,228.0,,,0.0,1.0,1.0,100.0
11800,1,walk,walk,3393,,3393.0,20.0,0.0,1.0,5.0,7.21,-0.231,-0.002,-3.287,28.0,25.72,0.0,19.0,1851.0,21.0,-1.92,0.03,-0.99,-0.08,-3.62,-18.27,10.96,228.0,,,0.0,1.0,1.0,100.0
11840,1,walk,walk,3394,,3394.0,20.0,0.0,0.0,0.0,7.89,-0.231,0.073,-3.325,28.0,25.72,0.0,19.0,1851.0,21.0,-1.62,0.03,-0.98,-0.08,-2.72,-10.55,1.63,228.0,,,0.0,1.0,1.0,100.0
11860,1,walk,walk,3395,,3395.0,20.0,2.0,0.0,0.0,8.52,-0.23,0.202,-3.369,28.0,25.72,0.0,21.0,1851.0,21.0,-1.0,0.02,-0.96,-0.08,-1.73,-4.21,-8.37,228.0,,,0.0,1.0,1.0,100.0
11860,1,walk,walk,3396,,3396.0,20.0,2.0,0.0,0.0,9.11,-0.23,0.202,-3.369,28.0,25.72,0.0,41.0,1851.0,21.0,-0.15,0.0,-0.95,-0.09,-0.81,0.3,-19.56,228.0,,,0.0,1.0,1.0,100.0
11880,1,walk,walk,3397,,3397.0,20.0,2.0,0.0,0.0,9.62,-0.23,0.202,-3.369,28.0,25.72,0.0,61.0,1851.0,21.0,0.91,-0.01,-0.94,-0.09,-0.1,3.25,-31.66,228.0,,,0.0,1.0,1.0,100.0
11920,1,walk,walk,3398,,3398.0,20.0,2.0,0.0,0.0,10.05,0.051,32.767,0.0,28.0,25.97,0.0,7.0,1851.0,21.0,2.18,-0.04,-0.93,-0.1,0.3,5.11,-43.79,228.0,,,0.0,1.0,1.0,100.0
11940,1,walk,walk,3399,,3399.0,20.0,2.0,0.0,0.0,10.39,0.069,1.321,0.0,28.0,25.97,0.0,7.0,1851.0,21.0,3.66,-0.06,-0.92,-0.11,0.31,6.41,-55.2,228.0,,,0.0,1.0,1.0,100.0
11960,1,walk,walk,3400,,3400.0,20.0,2.0,0.0,0.0,10.61,0.086,1.066,0.0,28.0,25.97,0.0,7.0,1851.0,21.0,5.34,-0.09,-0.92,-0.12,-0.08,7.57,-65.35,228.0,,,0.0,1.0,1.0,100.0
11960,1,walk,walk,3401,,3401.0,20.0,2.0,0.0,0.0,10.71,0.105,1.125,0.0,28.0,25.97,0.0,7.0,1851.0,21.0,7.16,-0.11,-0.91,-0.12,-0.8,8.77,-73.76,228.0,,,0.0,1.0,1.0,100.0
11980,1,walk,walk,3402,,3402.0,20.0,2.0,0.0,0.0,10.68,0.122,1.223,0.0,28.0,25.97,0.0,7.0,1851.0,21.0,9.1,-0.15,-0.92,-0.13,-1.74,9.92,-80.02,228.0,,,0.0,1.0,1.0,100.0
12000,1,walk,walk,3403,,3403.0,20.0,2.0,0.0,0.0,10.51,0.137,0.899,0.0,28.0,25.97,0.0,7.0,1851.0,21.0,11.06,-0.18,-0.92,-0.14,-2.82,10.85,-83.87,228.0,,,0.0,1.0,1.0,100.0
12040,1,walk,walk,3404,,3404.0,20.0,2.0,0.0,0.0,10.21,0.165,2.933,0.0,28.0,25.97,0.0,7.0,1851.0,21.0,12.75,-0.21,-0.94,-0.14,-3.91,11.52,-85.25,228.0,,,0.0,1.0,1.0,100.0
12040,1,walk,walk,3405,,3405.0,20.0,0.0,0.0,0.0,9.78,0.213,2.905,0.0,28.0,25.97,0.0,5.0,1851.0,21.0,13.81,-0.23,-0.95,-0.14,-4.86,12.19,-84.47,228.0,,,0.0,1.0,1.0,100.0
12080,1,walk,walk,3406,,3406.0,20.0,0.0,0.0,0.0,9.23,0.258,3.019,0.0,28.0,25.97,0.0,5.0,1851.0,21.0,14.06,-0.24,-0.97,-0.13,-5.49,13.1,-81.88,228.0,,,0.0,1.0,1.0,100.0
12100,1,walk,walk,3407,,3407.0,20.0,0.0,0.0,0.0,8.56,0.258,-2.026,0.0,28.0,25.97,0.0,5.0,1851.0,21.0,13.74,-0.24,-1.0,-0.12,-5.76,14.36,-77.58,228.0,,,0.0,1.0,1.0,100.0
12120,1,walk,walk,3408,,3408.0,20.0,1.0,0.0,0.0,7.78,0.245,-0.451,0.0,28.0,25.97,0.0,6.0,1851.0,21.0,13.02,-0.24,-1.02,-0.11,-5.72,15.72,-71.83,228.0,,,0.0,1.0,1.0,100.0
12140,1,walk,walk,3409,,3409.0,20.0,1.0,0.0,0.0,6.93,0.234,-1.286,0.0,28.0,25.97,0.0,6.0,1851.0,21.0,12.03,-0.22,-1.05,-0.09,-5.5,16.95,-64.87,228.0,,,0.0,1.0,1.0,100.0
12160,1,walk,walk,3410,,3410.0,20.0,1.0,0.0,0.0,6.0,0.216,-1.111,0.0,28.0,25.97,0.0,6.0,1851.0,21.0,10.86,-0.21,-1.07,-0.07,-5.19,17.85,-56.94,228.0,,,0.0,1.0,1.0,100.0
12160,1,walk,walk,3411,,3411.0,20.0,1.0,0.0,0.0,5.02,0.2,-0.813,0.0,28.0,25.97,0.0,6.0,1851.0,21.0,9.58,-0.18,-1.09,-0.05,-4.87,18.28,-48.38,228.0,,,0.0,1.0,1.0,100.0
12180,1,walk,walk,3412,,3412.0,20.0,1.0,0.0,0.0,4.01,0.188,-1.032,0.0,28.0,25.97,0.0,6.0,1851.0,21.0,8.25,-0.16,-1.1,-0.04,-4.56,18.28,-39.57,228.0,,,0.0,1.0,1.0,100.0
12200,1,walk,walk,3413,,3413.0,20.0,1.0,0.0,0.0,2.99,0.174,-0.668,0.0,28.0,25.97,0.0,6.0,1851.0,21.0,6.92,-0.13,-1.11,-0.03,-4.27,17.86,-30.84,228.0,,,0.0,1.0,1.0,100.0
12220,1,walk,walk,3414,,3414.0,20.0,1.0,0.0,1.0,1.98,0.168,-0.688,0.0,28.0,25.97,0.0,6.0,1851.0,21.0,5.63,-0.11,-1.11,-0.03,-3.99,17.05,-22.58,228.0,,,0.0,1.0,1.0,100.0
12240,1,walk,walk,3415,,3415.0,20.0,0.0,0.0,1.0,0.99,0.158,-0.515,0.0,28.0,25.97,0.0,5.0,1851.0,21.0,4.41,-0.09,-1.11,-0.02,-3.71,15.94,-15.05,228.0,,,0.0,1.0,1.0,100.0
12260,1,walk,walk,3416,,3416.0,20.0,0.0,0.0,1.0,0.05,0.151,-0.378,0.0,28.0,25.97,0.0,5.0,1851.0,21.0,3.26,-0.06,-1.11,-0.02,-3.46,14.65,-8.44,228.0,,,0.0,1.0,1.0,100.0
12300,1,walk,walk,3417,,3417.0,20.0,0.0,0.0,1.0,-0.84,0.148,-0.285,0.0,28.0,25.97,0.0,5.0,1851.0,21.0,2.21,-0.04,-1.1,-0.03,-3.25,13.25,-2.86,228.0,,,0.0,1.0,1.0,100.0
12320,1,walk,walk,3418,,3418.0,20.0,0.0,0.0,1.0,-1.66,0.146,-0.268,0.0,28.0,25.97,0.0,5.0,1851.0,21.0,1.26,-0.02,-1.09,-0.03,-3.09,11.82,1.64,228.0,,,0.0,1.0,1.0,100.0
12320,1,walk,walk,3419,,3419.0,20.0,0.0,0.0,1.0,-2.4,0.144,0.048,0.0,28.0,25.97,0.0,5.0,1851.0,21.0,0.41,-0.01,-1.08,-0.04,-2.98,10.4,5.05,228.0,,,0.0,1.0,1.0,100.0
12340,1,walk,walk,3420,,3420.0,20.0,0.0,0.0,1.0,-3.06,0.144,-0.069,0.0,28.0,25.97,0.0,5.0,1851.0,21.0,-0.33,0.01,-1.08,-0.04,-2.92,9.04,7.41,228.0,,,0.0,1.0,1.0,100.0
12360,1,walk,walk,3421,,3421.0,20.0,0.0,0.0,1.0,-3.63,0.145,-0.009,0.0,28.0,25.97,0.0,5.0,1851.0,21.0,-0.96,0.02,-1.07,-0.05,-2.91,7.8,8.79,228.0,,,0.0,1.0,1.0,100.0
12380,1,walk,walk,3422,,3422.0,20.0,0.0,0.0,1.0,-4.12,0.147,0.127,0.0,28.0,25.97,0.0,5.0,1851.0,21.0,-1.48,0.03,-1.06,-0.05,-2.97,6.69,9.24,228.0,,,0.0,1.0,1.0,100.0
12400,1,walk,walk,3423,,3423.0,20.0,0.0,0.0,1.0,-4.52,0.149,0.523,0.0,28.0,25.93,0.0,5.0,1851.0,21.0,-1.91,0.04,-1.05,-0.06,-3.13,5.75,8.8,228.0,,,0.0,1.0,1.0,100.0
12420,1,walk,walk,3424,,3424.0,20.0,0.0,0.0,1.0,-4.83,0.158,0.691,0.0,28.0,25.97,0.0,5.0,1851.0,21.0,-2.26,0.04,-1.04,-0.06,-3.4,4.96,7.5,228.0,,,0.0,1.0,1.0,100.0
12460,1,walk,walk,3425,,3425.0,20.0,0.0,0.0,1.0,-5.08,0.173,1.256,0.0,28.0,25.97,0.0,5.0,1851.0,21.0,-2.55,0.05,-1.03,-0.06,-3.78,4.29,5.32,228.0,,,0.0,1.0,1.0,100.0
12480,1,walk,walk,3426,,3426.0,20.0,0.0,0.0,1.0,-5.25,0.188,0.922,0.0,28.0,25.97,0.0,5.0,1851.0,21.0,-2.84,0.05,-1.03,-0.07,-4.29,3.7,2.35,228.0,,,0.0,1.0,1.0,100.0
12480,1,walk,walk,3427,,3427.0,20.0,1.0,0.0,1.0,-5.37,0.198,0.334,0.0,28.0,25.97,0.0,6.0,1851.0,21.0,-3.2,0.06,-1.02,-0.07,-4.87,3.19,-1.06,228.0,,,0.0,1.0,1.0,100.0
12500,1,walk,walk,3428,,3428.0,20.0,1.0,0.0,1.0,-5.44,0.198,-0.12,0.0,28.0,25.97,0.0,6.0,1851.0,21.0,-3.68,0.07,-1.02,-0.07,-5.44,2.72,-4.37,228.0,,,0.0,1.0,1.0,100.0
12520,1,walk,walk,3429,,3429.0,20.0,1.0,0.0,1.0,-5.48,0.193,-0.483,0.0,28.0,25.97,0.0,6.0,1851.0,21.0,-4.29,0.08,-1.01,-0.08,-5.9,2.28,-7.07,228.0,,,0.0,1.0,1.0,100.0
12540,1,walk,walk,3430,,3430.0,20.0,1.0,0.0,1.0,-5.49,0.184,-0.629,0.0,28.0,25.97,0.0,6.0,1851.0,21.0,-4.97,0.09,-1.01,-0.09,-6.16,1.9,-8.8,228.0,,,0.0,1.0,1.0,100.0
12560,1,walk,walk,3431,,3431.0,20.0,1.0,0.0,1.0,-5.48,0.176,-0.498,0.0,28.0,25.97,0.0,6.0,1851.0,21.0,-5.67,0.1,-1.01,-0.09,-6.18,1.6,-9.47,228.0,,,0.0,1.0,1.0,100.0
12600,1,walk,walk,3432,,3432.0,20.0,1.0,0.0,1.0,-5.47,0.171,-0.295,0.0,28.0,25.97,0.0,6.0,1851.0,21.0,-6.33,0.11,-1.01,-0.1,-5.93,1.38,-9.16,228.0,,,0.0,1.0,1.0,100.0
12600,1,walk,walk,3433,,3433.0,20.0,0.0,0.0,1.0,-5.45,0.166,-0.488,0.0,28.0,25.97,0.0,5.0,1851.0,21.0,-6.91,0.12,-1.01,-0.11,-5.41,1.25,-8.05,228.0,,,0.0,1.0,1.0,100.0
12640,1,walk,walk,3434,,3434.0,20.0,1.0,0.0,1.0,-5.45,0.158,-0.416,0.0,28.0,25.97,0.0,6.0,1851.0,21.0,-7.38,0.13,-1.01,-0.11,-4.65,1.21,-6.31,228.0,,,0.0,1.0,1.0,100.0
12640,1,walk,walk,3435,,3435.0,20.0,1.0,0.0,1.0,-5.45,0.151,-0.422,0.0,28.0,25.97,0.0,6.0,1851.0,21.0,-7.77,0.14,-1.01,-0.12,-3.65,1.24,-4.1,228.0,,,0.0,1.0,1.0,100.0
12660,1,walk,walk,3436,,3436.0,20.0,1.0,0.0,1.0,-5.47,0.143,-0.751,0.0,28.0,25.97,0.0,6.0,1851.0,21.0,-8.07,0.14,-1.02,-0.12,-2.44,1.35,-1.49,228.0,,,0.0,1.0,1.0,100.0
12680,1,walk,walk,3437,,3437.0,20.0,0.0,0.0,1.0,-5.5,0.128,-0.767,0.0,28.0,25.97,0.0,5.0,1851.0,21.0,-8.32,0.15,-1.02,-0.13,-1.02,1.52,1.55,228.0,,,0.0,1.0,1.0,100.0
12700,1,walk,walk,3438,,3438.0,20.0,0.0,0.0,1.0,-5.54,0.118,-0.892,0.0,28.0,25.97,0.0,5.0,1851.0,21.0,-8.51,0.15,-1.02,-0.13,0.59,1.66,5.0,228.0,,,0.0,1.0,1.0,100.0
12720,1,walk,walk,3439,,3439.0,20.0,0.0,0.0,1.0,-5.59,0.098,-1.364,0.0,28.0,25.97,0.0,5.0,1851.0,21.0,-8.65,0.16,-1.02,-0.13,2.34,1.74,8.96,228.0,,,0.0,1.0,1.0,100.0
12740,1,walk,walk,3440,,3440.0,20.0,0.0,0.0,1.0,-5.64,0.075,-1.879,0.0,28.0,25.97,0.0,5.0,1851.0,21.0,-8.74,0.16,-1.02,-0.13,4.19,1.76,13.57,228.0,,,0.0,1.0,1.0,100.0
12780,1,walk,walk,3441,,3441.0,20.0,0.0,0.0,1.0,-5.68,0.047,-1.954,0.0,28.0,25.97,0.0,5.0,1851.0,21.0,-8.76,0.16,-1.03,-0.13,6.06,1.74,18.93,228.0,,,0.0,1.0,1.0,100.0
12800,1,walk,walk,3442,,3442.0,20.0,0.0,0.0,1.0,-5.72,0.02,-1.658,0.0,28.0,25.97,0.0,5.0,1851.0,21.0,-8.71,0.16,-1.03,-0.13,7.81,1.65,25.04,228.0,,,0.0,1.0,1.0,100.0
12800,1,walk,walk,3443,,3443.0,20.0,0.0,0.0,1.0,-5.74,0.008,-0.391,0.0,28.0,25.97,0.0,5.0,1851.0,21.0,-8.6,0.16,-1.04,-0.13,9.32,1.36,31.71,228.0,,,0.0,1.0,1.0,100.0
12820,1,walk,walk,3444,,3444.0,20.0,0.0,0.0,1.0,-5.73,0.008,-0.036,0.0,28.0,25.97,0.0,5.0,1851.0,21.0,-8.42,0.16,-1.05,-0.13,10.45,0.68,38.65,228.0,,,0.0,1.0,1.0,100.0
12840,1,walk,walk,3445,,3445.0,20.0,0.0,0.0,1.0,-5.68,0.009,0.216,0.0,28.0,25.97,0.0,5.0,1851.0,21.0,-8.17,0.15,-1.06,-0.13,11.12,-0.51,45.63,228.0,,,0.0,1.0,1.0,100.0
12860,1,walk,walk,3446,,3446.0,20.0,0.0,0.0,1.0,-5.59,0.014,0.487,0.0,28.0,25.97,0.0,5.0,1851.0,21.0,-7.83,0.15,-1.08,-0.12,11.26,-2.34,52.37,228.0,,,0.0,1.0,1.0,100.0
12900,1,walk,walk,3447,,3447.0,20.0,0.0,0.0,1.0,-5.45,0.019,-0.097,0.0,28.0,25.97,0.0,5.0,1851.0,21.0,-7.35,0.14,-1.09,-0.12,10.9,-4.86,58.57,228.0,,,0.0,1.0,1.0,100.0
12920,1,walk,walk,3448,,3448.0,20.0,0.0,0.0,1.0,-5.25,0.015,-0.297,0.0,28.0,25.97,0.0,5.0,1851.0,21.0,-6.77,0.13,-1.11,-0.12,10.17,-7.97,63.85,228.0,,,0.0,1.0,1.0,100.0
12960,1,walk,walk,3449,,3449.0,20.0,0.0,0.0,1.0,-4.98,0.008,-0.692,0.0,28.0,25.97,0.0,5.0,1851.0,21.0,-6.11,0.12,-1.12,-0.12,9.19,-11.43,67.96,228.0,,,0.0,1.0,1.0,100.0
12960,1,walk,walk,3450,,3450.0,20.0,0.0,0.0,1.0,-4.63,-0.007,-1.119,0.0,28.0,25.97,0.0,5.0,1851.0,21.0,-5.45,0.11,-1.12,-0.12,8.12,-14.98,70.71,228.0,,,0.0,1.0,1.0,100.0
12960,1,walk,walk,3451,,3451.0,20.0,0.0,0.0,1.0,-4.21,-0.02,-0.831,0.0,28.0,25.97,0.0,5.0,1851.0,21.0,-4.85,0.1,-1.13,-0.11,7.05,-18.27,71.96,228.0,,,0.0,1.0,1.0,100.0
12980,1,walk,walk,3452,,3452.0,20.0,0.0,0.0,1.0,-3.71,-0.031,-0.585,0.0,28.0,25.97,0.0,5.0,1851.0,21.0,-4.37,0.09,-1.12,-0.11,6.04,-20.98,71.58,228.0,,,0.0,1.0,1.0,100.0
13000,1,walk,walk,3453,,3453.0,20.0,0.0,0.0,1.0,-3.13,-0.035,-0.117,0.0,28.0,25.97,0.0,5.0,1851.0,21.0,-4.02,0.08,-1.11,-0.1,5.15,-22.8,69.47,228.0,,,0.0,1.0,1.0,100.0
13020,1,walk,walk,3454,,3454.0,20.0,0.0,0.0,1.0,-2.47,-0.037,-0.017,0.0,28.0,25.97,0.0,5.0,1851.0,21.0,-3.82,0.07,-1.09,-0.09,4.39,-23.52,65.61,228.0,,,0.0,1.0,1.0,100.0
13040,1,walk,walk,3455,,3455.0,20.0,0.0,0.0,1.0,-1.74,-0.041,-0.31,0.0,28.0,25.97,0.0,5.0,1851.0,21.0,-3.75,0.07,-1.07,-0.08,3.79,-23.04,60.12,228.0,,,0.0,1.0,1.0,100.0
13060,1,walk,walk,3456,,3456.0,20.0,0.0,6.0,2.0,-0.96,-0.047,-0.506,0.0,28.0,25.97,0.0,5.0,1851.0,21.0,-3.74,0.07,-1.04,-0.08,3.35,-21.41,53.18,228.0,,,0.0,1.0,1.0,100.0
13080,1,walk,walk,3457,,3457.0,20.0,0.0,6.0,2.0,-0.12,-0.049,-0.481,0.065,28.0,25.93,0.0,18.0,1851.0,21.0,-3.76,0.07,-1.02,-0.07,3.09,-18.8,44.91,228.0,,,0.0,1.0,1.0,100.0
13120,1,walk,walk,3458,,3458.0,20.0,0.0,6.0,2.0,0.74,-0.04,0.963,0.687,28.0,25.93,0.0,18.0,1851.0,21.0,-3.73,0.06,-0.99,-0.06,2.98,-15.42,35.48,228.0,,,0.0,1.0,1.0,100.0
13120,1,walk,walk,3459,,3459.0,20.0,0.0,6.0,2.0,1.63,-0.027,0.634,0.814,28.0,25.93,0.0,18.0,1851.0,21.0,-3.59,0.06,-0.97,-0.06,3.01,-11.54,25.15,228.0,,,0.0,1.0,1.0,100.0
13140,1,walk,walk,3460,,3460.0,20.0,0.0,6.0,2.0,2.51,-0.02,0.35,0.98,28.0,25.9,0.0,18.0,1851.0,21.0,-3.28,0.05,-0.94,-0.06,3.12,-7.46,14.22,228.0,,,0.0,1.0,1.0,100.0
13160,1,walk,walk,3461,,3461.0,20.0,0.0,6.0,2.0,3.36,-0.015,0.322,0.779,28.0,25.93,0.0,18.0,1851.0,21.0,-2.75,0.04,-0.92,-0.06,3.24,-3.44,3.01,228.0,,,0.0,1.0,1.0,100.0
13180,1,walk,walk,3462,,3462.0,20.0,1.0,6.0,2.0,4.18,-0.01,0.335,0.411,28.0,25.93,0.0,19.0,1851.0,21.0,-1.98,0.03,-0.91,-0.06,3.32,0.26,-8.13,228.0,,,0.0,1.0,1.0,100.0
13200,1,walk,walk,3463,,3463.0,20.0,1.0,6.0,2.0,4.94,-0.006,0.211,0.129,28.0,25.93,0.0,19.0,1851.0,21.0,-0.98,0.02,-0.9,-0.07,3.33,3.38,-18.89,228.0,,,0.0,1.0,1.0,100.0
13220,1,walk,walk,3464,,3464.0,20.0,1.0,6.0,2.0,5.63,0.001,0.432,-0.482,28.0,25.93,0.0,19.0,1851.0,21.0,0.27,0.0,-0.89,-0.07,3.23,5.68,-29.04,228.0,,,0.0,1.0,1.0,100.0
13260,1,walk,walk,3465,,3465.0,20.0,1.0,6.0,2.0,6.22,0.007,0.516,-0.97,28.0,25.93,0.0,19.0,1851.0,21.0,1.73,-0.03,-0.88,-0.08,3.01,7.0,-38.45,228.0,,,0.0,1.0,1.0,100.0
13260,1,walk,walk,3466,,3466.0,20.0,1.0,6.0,2.0,6.7,0.016,0.557,-1.375,28.0,25.93,0.0,19.0,1851.0,21.0,3.38,-0.05,-0.88,-0.09,2.61,7.29,-47.0,228.0,,,0.0,1.0,1.0,100.0
13280,1,walk,walk,3467,,3467.0,20.0,1.0,6.0,2.0,7.07,0.022,0.344,-1.435,28.0,25.9,0.0,19.0,1851.0,21.0,5.16,-0.08,-0.88,-0.1,2.02,6.57,-54.5,228.0,,,0.0,1.0,1.0,100.0
13300,1,walk,walk,3468,,3468.0,20.0,1.0,6.0,2.0,7.31,0.027,0.25,-1.684,28.0,25.9,0.0,19.0,1851.0,21.0,7.03,-0.11,-0.89,-0.11,1.18,4.97,-60.69,228.0,,,0.0,1.0,1.0,100.0
13320,1,walk,walk,3469,,3469.0,20.0,1.0,6.0,2.0,7.43,0.03,0.258,-1.937,28.0,25.86,0.0,19.0,1851.0,21.0,8.92,-0.14,-0.9,-0.12,0.11,2.65,-65.29,228.0,,,0.0,1.0,1.0,100.0
13360,1,walk,walk,3470,,3470.0,20.0,1.0,6.0,2.0,7.42,0.035,0.22,-2.253,28.0,25.86,0.0,19.0,1851.0,21.0,10.72,-0.17,-0.91,-0.13,-1.13,-0.05,-68.06,228.0,,,0.0,1.0,1.0,100.0
13360,1,walk,walk,3471,,3471.0,20.0,1.0,6.0,2.0,7.28,0.042,0.814,-3.204,28.0,25.79,0.0,19.0,1851.0,21.0,12.11,-0.2,-0.93,-0.13,-2.26,-2.31,-68.82,228.0,,,0.0,1.0,1.0,100.0
13380,1,walk,walk,3472,,3472.0,20.0,1.0,6.0,2.0,7.01,0.056,0.711,-3.856,28.0,25.72,0.0,19.0,1851.0,21.0,12.79,-0.22,-0.95,-0.13,-3.06,-3.42,-67.62,228.0,,,0.0,1.0,1.0,100.0
13400,1,walk,walk,3473,,3473.0,20.0,1.0,6.0,2.0,6.64,0.064,0.669,-4.32,28.0,25.65,0.0,19.0,1851.0,21.0,12.68,-0.22,-0.98,-0.12,-3.49,-3.1,-64.57,228.0,,,0.0,1.0,1.0,100.0
13440,1,walk,walk,3474,,3474.0,20.0,1.0,6.0,2.0,6.16,0.075,0.695,-4.751,28.0,25.58,0.0,19.0,1851.0,21.0,11.94,-0.21,-1.0,-0.11,-3.67,-1.43,-59.88,228.0,,,0.0,1.0,1.0,100.0
13460,1,walk,walk,3475,,3475.0,20.0,1.0,6.0,2.0,5.59,0.081,0.258,-4.964,28.0,25.51,0.0,19.0,1851.0,21.0,10.82,-0.2,-1.03,-0.09,-3.71,0.99,-53.84,228.0,,,0.0,1.0,1.0,100.0
13480,1,walk,walk,3476,,3476.0,20.0,1.0,6.0,2.0,4.95,0.082,-0.057,-4.94,28.0,25.47,0.0,19.0,1851.0,21.0,9.53,-0.18,-1.05,-0.07,-3.7,3.4,-46.81,228.0,,,0.0,1.0,1.0,100.0
13480,1,walk,walk,3477,,3477.0,20.0,1.0,6.0,2.0,4.25,0.082,-0.112,-4.928,28.0,25.51,0.0,19.0,1851.0,21.0,8.18,-0.15,-1.07,-0.05,-3.72,5.22,-39.15,228.0,,,0.0,1.0,1.0,100.0
13500,1,walk,walk,3478,,3478.0,20.0,1.0,6.0,2.0,3.52,0.081,-0.073,-4.923,28.0,25.47,0.0,19.0,1851.0,21.0,6.83,-0.13,-1.08,-0.03,-3.8,6.32,-31.12,228.0,,,0.0,1.0,1.0,100.0
13520,1,walk,walk,3479,,3479.0,20.0,1.0,6.0,2.0,2.76,0.078,-0.363,-4.546,28.0,25.51,0.0,19.0,1851.0,21.0,5.51,-0.11,-1.09,-0.02,-3.89,6.76,-22.93,228.0,,,0.0,1.0,1.0,100.0
13540,1,walk,walk,3480,,3480.0,20.0,1.0,6.0,2.0,2.0,0.072,-0.534,-4.139,28.0,25.58,0.0,19.0,1851.0,21.0,4.28,-0.08,-1.1,-0.01,-3.96,6.69,-14.79,228.0,,,0.0,1.0,1.0,100.0
13560,1,walk,walk,3481,,3481.0,20.0,1.0,6.0,2.0,1.24,0.064,-0.698,-3.66,28.0,25.65,0.0,19.0,1851.0,21.0,3.18,-0.06,-1.1,-0.01,-3.96,6.21,-6.92,228.0,,,0.0,1.0,1.0,100.0
13600,1,walk,walk,3482,,3482.0,20.0,1.0,6.0,2.0,0.52,0.054,-0.665,-3.075,28.0,25.72,0.0,19.0,1851.0,21.0,2.26,-0.04,-1.1,-0.01,-3.86,5.4,0.48,228.0,,,0.0,1.0,1.0,100.0
13600,1,walk,walk,3483,,3483.0,20.0,1.0,6.0,2.0,-0.16,0.045,-0.535,-2.454,28.0,25.79,0.0,19.0,1851.0,21.0,1.52,-0.03,-1.1,-0.02,-3.65,4.35,7.26,228.0,,,0.0,1.0,1.0,100.0
13620,1,walk,walk,3484,,3484.0,20.0,1.0,6.0,2.0,-0.78,0.035,-0.694,-1.765,28.0,25.86,0.0,19.0,1851.0,21.0,0.97,-0.02,-1.1,-0.02,-3.36,3.18,13.34,228.0,,,0.0,1.0,1.0,100.0
13660,1,walk,walk,3485,,3485.0,20.0,1.0,6.0,2.0,-1.34,0.024,-0.7,-1.239,28.0,25.9,0.0,19.0,1851.0,21.0,0.59,-0.01,-1.09,-0.03,-3.01,1.97,18.66,228.0,,,0.0,1.0,1.0,100.0
13660,1,walk,walk,3486,,3486.0,20.0,1.0,6.0,2.0,-1.82,0.015,-0.585,-0.87,28.0,25.93,0.0,19.0,1851.0,21.0,0.37,-0.01,-1.09,-0.04,-2.64,0.79,23.13,228.0,,,0.0,1.0,1.0,100.0
13680,1,walk,walk,3487,,3487.0,20.0,1.0,6.0,2.0,-2.22,0.007,-0.504,-0.296,28.0,25.93,0.0,19.0,1851.0,21.0,0.3,-0.01,-1.08,-0.04,-2.26,-0.28,26.75,228.0,,,0.0,1.0,1.0,100.0
13720,1,walk,walk,3488,,3488.0,20.0,1.0,6.0,2.0,-2.53,0.002,-0.238,0.055,28.0,25.93,0.0,19.0,1851.0,21.0,0.38,-0.01,-1.07,-0.05,-1.9,-1.21,29.48,228.0,,,0.0,1.0,1.0,100.0
13780,1,walk,walk,3489,,3489.0,20.0,1.0,6.0,2.0,-2.75,-0.002,-0.275,0.407,28.0,25.93,0.0,19.0,1851.0,21.0,0.58,-0.01,-1.06,-0.06,-1.59,-1.97,31.3,228.0,,,0.0,1.0,1.0,100.0
13780,1,walk,walk,3490,,3490.0,20.0,1.0,6.0,2.0,-2.89,-0.006,-0.225,0.555,28.0,25.93,0.0,19.0,1851.0,21.0,0.88,-0.02,-1.06,-0.06,-1.31,-2.56,32.22,228.0,,,0.0,1.0,1.0,100.0
13800,1,walk,walk,3491,,3491.0,20.0,1.0,6.0,2.0,-2.93,-0.008,-0.079,0.545,28.0,25.93,0.0,19.0,1851.0,21.0,1.26,-0.02,-1.05,-0.07,-1.07,-2.96,32.3,228.0,,,0.0,1.0,1.0,100.0
13800,1,walk,walk,3492,,3492.0,20.0,1.0,6.0,2.0,-2.89,-0.009,-0.122,0.613,28.0,25.93,0.0,19.0,1851.0,21.0,1.68,-0.03,-1.04,-0.07,-0.86,-3.18,31.59,228.0,,,0.0,1.0,1.0,100.0
13820,1,walk,walk,3493,,3493.0,20.0,1.0,6.0,2.0,-2.78,-0.009,-0.034,0.567,28.0,25.93,0.0,19.0,1851.0,21.0,2.14,-0.04,-1.04,-0.07,-0.67,-3.23,30.19,228.0,,,0.0,1.0,1.0,100.0
13820,1,walk,walk,3494,,3494.0,20.0,1.0,6.0,2.0,-2.59,-0.009,-0.038,0.557,28.0,25.93,0.0,19.0,1851.0,21.0,2.6,-0.05,-1.03,-0.08,-0.49,-3.11,28.19,228.0,,,0.0,1.0,1.0,100.0
13840,1,walk,walk,3495,,3495.0,20.0,1.0,6.0,2.0,-2.33,-0.009,0.037,0.502,28.0,25.93,0.0,19.0,1851.0,21.0,3.06,-0.05,-1.02,-0.08,-0.36,-2.84,25.66,228.0,,,0.0,1.0,1.0,100.0
13860,1,walk,walk,3496,,3496.0,20.0,1.0,6.0,2.0,-2.02,-0.009,0.007,0.477,28.0,25.93,0.0,19.0,1851.0,21.0,3.49,-0.06,-1.02,-0.08,-0.27,-2.47,22.74,228.0,,,0.0,1.0,1.0,100.0
13880,1,walk,walk,3497,,3497.0,20.0,1.0,6.0,2.0,-1.66,-0.008,0.084,0.404,28.0,25.93,0.0,19.0,1851.0,21.0,3.86,-0.07,-1.02,-0.08,-0.23,-2.05,19.58,228.0,,,0.0,1.0,1.0,100.0
13920,1,walk,walk,3498,,3498.0,20.0,1.0,6.0,2.0,-1.27,-0.007,0.085,0.38,28.0,25.93,0.0,19.0,1851.0,21.0,4.15,-0.07,-1.01,-0.08,-0.22,-1.59,16.33,228.0,,,0.0,1.0,1.0,100.0
13920,1,walk,walk,3499,,3499.0,20.0,1.0,6.0,2.0,-0.85,-0.007,0.093,0.295,28.0,25.93,0.0,19.0,1851.0,21.0,4.35,-0.08,-1.01,-0.08,-0.22,-1.13,13.16,228.0,,,0.0,1.0,1.0,100.0
13940,1,walk,walk,3500,,3500.0,20.0,1.0,0.0,5.0,-0.42,-0.006,0.15,0.215,28.0,25.93,0.0,19.0,1851.0,21.0,4.44,-0.08,-1.01,-0.09,-0.2,-0.68,10.16,228.0,,,0.0,1.0,1.0,100.0
13960,1,walk,walk,3501,,3501.0,20.0,0.0,0.0,5.0,0.02,-0.006,0.15,0.215,28.0,25.93,0.0,38.0,1851.0,21.0,4.46,-0.08,-1.01,-0.09,-0.11,-0.26,7.41,228.0,,,0.0,1.0,1.0,100.0
13980,1,walk,walk,3502,,3502.0,20.0,0.0,0.0,5.0,0.46,-0.006,0.15,0.215,28.0,25.93,0.0,58.0,1851.0,21.0,4.41,-0.08,-1.01,-0.09,0.07,0.15,4.93,228.0,,,0.0,1.0,1.0,100.0
14000,1,walk,walk,3503,,3503.0,20.0,0.0,0.0,5.0,0.89,-0.006,0.15,0.215,28.0,25.93,0.0,78.0,1851.0,21.0,4.32,-0.08,-1.01,-0.09,0.36,0.54,2.71,228.0,,,0.0,1.0,1.0,100.0
14020,1,walk,walk,3504,,3504.0,20.0,0.0,0.0,5.0,1.3,0.015,2.568,0.0,28.0,25.93,0.0,2.0,1851.0,21.0,4.21,-0.07,-1.01,-0.09,0.78,0.9,0.67,228.0,,,0.0,1.0,1.0,100.0
14040,1,walk,walk,3505,,3505.0,20.0,0.0,0.0,6.0,1.69,0.022,0.374,0.0,28.0,25.97,0.0,2.0,1851.0,21.0,4.07,-0.07,-1.02,-0.1,1.3,1.22,-1.27,228.0,,,0.0,1.0,1.0,100.0
14100,1,walk,walk,3506,,3506.0,20.0,0.0,0.0,6.0,2.04,0.027,0.318,0.0,28.0,25.97,0.0,2.0,1851.0,21.0,3.91,-0.07,-1.02,-0.1,1.89,1.47,-3.15,228.0,,,0.0,1.0,1.0,100.0
14100,1,walk,walk,3507,,3507.0,20.0,0.0,0.0,6.0,2.37,0.031,0.402,0.0,28.0,25.97,0.0,2.0,1851.0,21.0,3.72,-0.07,-1.02,-0.1,2.54,1.66,-4.91,228.0,,,0.0,1.0,1.0,100.0
14120,1,walk,walk,3508,,3508.0,20.0,0.0,0.0,6.0,2.66,0.037,0.357,0.0,28.0,25.97,0.0,2.0,1851.0,21.0,3.5,-0.06,-1.02,-0.1,3.21,1.8,-6.51,228.0,,,0.0,1.0,1.0,100.0
14180,1,walk,walk,3509,,3509.0,20.0,0.0,0.0,6.0,2.92,0.042,0.197,0.0,28.0,25.97,0.0,2.0,1851.0,21.0,3.22,-0.06,-1.02,-0.1,3.93,1.89,-7.87,228.0,,,0.0,1.0,1.0,100.0
14180,1,walk,walk,3510,,3510.0,20.0,0.0,0.0,6.0,3.13,0.043,-0.065,0.0,28.0,25.97,0.0,2.0,1851.0,21.0,2.9,-0.05,-1.02,-0.1,4.67,1.93,-8.9,228.0,,,0.0,1.0,1.0,100.0
14180,1,walk,walk,3511,,3511.0,20.0,0.0,0.0,6.0,3.31,0.043,-0.119,0.0,28.0,25.97,0.0,2.0,1851.0,21.0,2.51,-0.04,-1.02,-0.1,5.44,1.92,-9.46,228.0,,,0.0,1.0,1.0,100.0
14180,1,walk,walk,3512,,3512.0,20.0,0.0,0.0,7.0,3.44,0.04,-0.267,0.0,28.0,25.97,0.0,2.0,1851.0,21.0,2.08,-0.04,-1.03,-0.1,6.24,1.83,-9.38,228.0,,,0.0,1.0,1.0,100.0
14200,1,walk,walk,3513,,3513.0,20.0,0.0,0.0,7.0,3.54,0.033,-0.618,0.0,28.0,25.97,0.0,2.0,1851.0,21.0,1.64,-0.03,-1.03,-0.09,7.05,1.66,-8.53,228.0,,,0.0,1.0,1.0,100.0
14220,1,walk,walk,3514,,3514.0,20.0,0.0,0.0,7.0,3.61,0.024,-0.476,0.0,28.0,25.97,0.0,2.0,1851.0,21.0,1.23,-0.02,-1.03,-0.09,7.83,1.43,-6.87,228.0,,,0.0,1.0,1.0,100.0
14260,1,walk,walk,3515,,3515.0,20.0,0.0,0.0,7.0,3.63,0.017,-0.183,0.0,28.0,25.97,0.0,2.0,1851.0,21.0,0.86,-0.02,-1.04,-0.09,8.53,1.11,-4.42,228.0,,,0.0,1.0,1.0,100.0
14260,1,walk,walk,3516,,3516.0,20.0,0.0,0.0,1.0,3.63,0.016,0.037,0.0,28.0,25.97,0.0,2.0,1851.0,21.0,0.56,-0.01,-1.04,-0.09,9.07,0.63,-1.34,228.0,,,0.0,1.0,1.0,100.0
14280,1,walk,walk,3517,,3517.0,20.0,0.0,0.0,1.0,3.61,0.018,0.138,0.0,28.0,25.97,0.0,2.0,1851.0,21.0,0.33,-0.01,-1.04,-0.09,9.36,-0.11,2.18,228.0,,,0.0,1.0,1.0,100.0
14300,1,walk,walk,3518,,3518.0,20.0,0.0,0.0,1.0,3.57,0.021,0.338,0.0,28.0,25.97,0.0,2.0,1851.0,21.0,0.16,0.0,-1.05,-0.09,9.35,-1.22,5.95,228.0,,,0.0,1.0,1.0,100.0
14320,1,walk,walk,3519,,3519.0,20.0,0.0,0.0,1.0,3.51,0.029,0.554,0.0,28.0,25.97,0.0,2.0,1851.0,21.0,0.06,0.0,-1.06,-0.09,9.0,-2.82,9.83,228.0,,,0.0,1.0,1.0,100.0
14360,1,walk,walk,3520,,3520.0,20.0,0.0,0.0,1.0,3.45,0.041,1.055,0.0,28.0,25.97,0.0,2.0,1851.0,21.0,0.03,0.0,-1.06,-0.09,8.27,-5.07,13.69,228.0,,,0.0,1.0,1.0,100.0
14400,1,walk,walk,3521,,3521.0,20.0,0.0,0.0,1.0,3.39,0.054,0.757,0.0,28.0,25.97,0.0,2.0,1851.0,21.0,0.1,0.0,-1.07,-0.09,7.15,-8.1,17.34,228.0,,,0.0,1.0,1.0,100.0
14420,1,walk,walk,3522,,3522.0,20.0,0.0,0.0,1.0,3.34,0.056,-0.143,0.0,28.0,25.97,0.0,2.0,1851.0,21.0,0.29,-0.01,-1.08,-0.1,5.67,-11.98,20.65,228.0,,,0.0,1.0,1.0,100.0
14420,1,walk,walk,3523,,3523.0,20.0,0.0,0.0,1.0,3.31,0.055,-0.142,0.0,28.0,25.97,0.0,2.0,1851.0,21.0,0.58,-0.01,-1.08,-0.1,3.9,-16.62,23.51,228.0,,,0.0,1.0,1.0,100.0
14420,1,walk,walk,3524,,3524.0,20.0,0.0,0.0,1.0,3.3,0.05,-0.316,0.0,28.0,25.97,0.0,2.0,1851.0,21.0,0.94,-0.02,-1.09,-0.11,1.93,-21.79,25.78,228.0,,,0.0,1.0,1.0,100.0
14440,1,walk,walk,3525,,3525.0,20.0,0.0,0.0,1.0,3.32,0.044,-0.35,0.0,28.0,25.97,0.0,2.0,1851.0,21.0,1.34,-0.03,-1.09,-0.11,-0.13,-27.14,27.41,228.0,,,0.0,1.0,1.0,100.0
14460,1,walk,walk,3526,,3526.0,20.0,0.0,0.0,1.0,3.37,0.04,-0.14,0.0,28.0,25.97,0.0,2.0,1851.0,21.0,1.72,-0.03,-1.09,-0.11,-2.21,-32.22,28.37,228.0,,,0.0,1.0,1.0,100.0
14480,1,walk,walk,3527,,3527.0,20.0,0.0,6.0,2.0,3.45,0.036,-0.269,0.0,28.0,25.97,0.0,2.0,1851.0,21.0,2.05,-0.04,-1.08,-0.11,-4.24,-36.58,28.63,228.0,,,0.0,1.0,1.0,100.0
14500,1,walk,walk,3528,,3528.0,20.0,0.0,6.0,2.0,3.58,0.035,-0.538,0.146,28.0,25.93,0.0,18.0,1851.0,21.0,2.33,-0.04,-1.07,-0.1,-6.15,-39.79,28.22,228.0,,,0.0,1.0,1.0,100.0
14520,1,walk,walk,3529,,3529.0,20.0,0.0,6.0,2.0,3.74,0.02,-0.88,-0.264,28.0,25.93,0.0,18.0,1851.0,21.0,2.57,-0.05,-1.05,-0.1,-7.86,-41.6,27.27,228.0,,,0.0,1.0,1.0,100.0
14540,1,walk,walk,3530,,3530.0,20.0,0.0,6.0,2.0,3.94,0.011,-0.386,-0.503,28.0,25.93,0.0,18.0,1851.0,21.0,2.8,-0.05,-1.03,-0.09,-9.32,-41.94,25.82,228.0,,,0.0,1.0,1.0,100.0
14580,1,walk,walk,3531,,3531.0,20.0,0.0,6.0,2.0,4.17,0.007,-0.138,-0.488,28.0,25.93,0.0,18.0,1851.0,21.0,3.03,-0.05,-1.01,-0.09,-10.45,-40.97,23.87,228.0,,,0.0,1.0,1.0,100.0
14580,1,walk,walk,3532,,3532.0,20.0,1.0,6.0,2.0,4.43,0.006,-0.019,-0.639,28.0,25.93,0.0,19.0,1851.0,21.0,3.3,-0.06,-0.99,-0.08,-11.23,-39.03,21.43,228.0,,,0.0,1.0,1.0,100.0
14600,1,walk,walk,3533,,3533.0,20.0,1.0,6.0,2.0,4.72,0.006,0.077,-0.814,28.0,25.93,0.0,19.0,1851.0,21.0,3.61,-0.06,-0.97,-0.07,-11.62,-36.55,18.51,228.0,,,0.0,1.0,1.0,100.0
14620,1,walk,walk,3534,,3534.0,20.0,1.0,6.0,2.0,5.02,0.007,0.107,-0.941,28.0,25.93,0.0,19.0,1851.0,21.0,3.96,-0.07,-0.95,-0.07,-11.62,-33.93,15.03,228.0,,,0.0,1.0,1.0,100.0
14640,1,walk,walk,3535,,3535.0,20.0,1.0,6.0,2.0,5.34,0.009,0.148,-1.297,28.0,25.93,0.0,19.0,1851.0,21.0,4.31,-0.07,-0.92,-0.06,-11.25,-31.54,10.94,228.0,,,0.0,1.0,1.0,100.0
14660,1,walk,walk,3536,,3536.0,20.0,1.0,6.0,2.0,5.66,0.012,0.287,-1.739,28.0,25.9,0.0,19.0,1851.0,21.0,4.65,-0.07,-0.9,-0.06,-10.57,-29.65,6.17,228.0,,,0.0,1.0,1.0,100.0
14680,1,walk,walk,3537,,3537.0,20.0,1.0,6.0,2.0,5.98,0.016,0.276,-2.245,28.0,25.86,0.0,19.0,1851.0,21.0,4.94,-0.08,-0.88,-0.05,-9.64,-28.42,0.63,228.0,,,0.0,1.0,1.0,100.0
14740,1,walk,walk,3538,,3538.0,20.0,1.0,6.0,2.0,6.3,0.02,0.332,-2.656,28.0,25.83,0.0,19.0,1851.0,21.0,5.17,-0.08,-0.86,-0.05,-8.59,-27.82,-5.71,228.0,,,0.0,1.0,1.0,100.0
14740,1,walk,walk,3539,,3539.0,20.0,1.0,6.0,2.0,6.59,0.023,0.23,-3.075,28.0,25.79,0.0,19.0,1851.0,21.0,5.54,-0.08,-0.84,-0.05,-7.55,-27.59,-12.83,228.0,,,0.0,1.0,1.0,100.0
14740,1,walk,walk,3540,,3540.0,20.0,1.0,6.0,2.0,6.85,0.026,0.43,-3.624,28.0,25.72,0.0,19.0,1851.0,21.0,6.28,-0.09,-0.84,-0.05,-6.57,-27.48,-20.07,228.0,,,0.0,1.0,1.0,100.0
14760,1,walk,walk,3541,,3541.0,20.0,1.0,6.0,2.0,7.08,0.029,0.029,-3.533,28.0,25.72,0.0,19.0,1851.0,21.0,7.24,-0.11,-0.86,-0.05,-5.36,-27.26,-26.79,228.0,,,0.0,1.0,1.0,100.0
14780,1,walk,walk,3542,,3542.0,20.0,1.0,6.0,2.0,7.26,0.031,0.326,-4.06,28.0,25.65,0.0,19.0,1851.0,21.0,8.16,-0.13,-0.88,-0.05,-3.85,-26.7,-32.35,228.0,,,0.0,1.0,1.0,100.0
14800,1,walk,walk,3543,,3543.0,20.0,1.0,6.0,2.0,7.39,0.032,-0.128,-3.831,28.0,25.65,0.0,19.0,1851.0,21.0,8.83,-0.14,-0.91,-0.05,-2.09,-25.75,-36.29,228.0,,,0.0,1.0,1.0,100.0
14820,1,walk,walk,3544,,3544.0,20.0,1.0,6.0,2.0,7.45,0.029,-0.26,-3.414,28.0,25.72,0.0,19.0,1851.0,21.0,9.18,-0.15,-0.95,-0.05,-0.31,-24.43,-38.32,228.0,,,0.0,1.0,1.0,100.0
14840,1,walk,walk,3545,,3545.0,20.0,1.0,6.0,2.0,7.46,0.025,-0.211,-2.965,28.0,25.76,0.0,19.0,1851.0,21.0,9.23,-0.16,-0.98,-0.04,1.25,-22.86,-38.46,228.0,,,0.0,1.0,1.0,100.0
14880,1,walk,walk,3546,,3546.0,20.0,1.0,6.0,2.0,7.4,0.021,-0.285,-2.481,28.0,25.83,0.0,19.0,1851.0,21.0,9.05,-0.16,-1.01,-0.03,2.43,-21.16,-36.9,228.0,,,0.0,1.0,1.0,100.0
14900,1,walk,walk,3547,,3547.0,20.0,1.0,6.0,2.0,7.27,0.018,-0.109,-2.124,28.0,25.86,0.0,19.0,1851.0,21.0,8.73,-0.16,-1.03,-0.03,3.15,-19.44,-34.0,228.0,,,0.0,1.0,1.0,100.0
14900,1,walk,walk,3548,,3548.0,20.0,1.0,6.0,2.0,7.08,0.015,-0.166,-1.85,28.0,25.86,0.0,19.0,1851.0,21.0,8.33,-0.15,-1.05,-0.02,3.45,-17.77,-30.21,228.0,,,0.0,1.0,1.0,100.0
14920,1,walk,walk,3549,,3549.0,20.0,1.0,6.0,2.0,6.84,0.014,-0.198,-1.658,28.0,25.9,0.0,19.0,1851.0,21.0,7.9,-0.15,-1.06,-0.02,3.43,-16.19,-25.96,228.0,,,0.0,1.0,1.0,100.0
14960,1,walk,walk,3550,,3550.0,20.0,1.0,6.0,2.0,6.55,0.012,-0.103,-1.467,28.0,25.9,0.0,19.0,1851.0,21.0,7.47,-0.14,-1.06,-0.02,3.25,-14.73,-21.63,228.0,,,0.0,1.0,1.0,100.0
14980,1,walk,walk,3551,,3551.0,20.0,1.0,6.0,2.0,6.22,0.011,-0.005,-1.39,28.0,25.9,0.0,19.0,1851.0,21.0,7.07,-0.13,-1.07,-0.02,3.04,-13.37,-17.52,228.0,,,0.0,1.0,1.0,100.0
14980,1,walk,walk,3552,,3552.0,20.0,1.0,6.0,2.0,5.86,0.011,0.038,-1.31,28.0,25.9,0.0,19.0,1851.0,21.0,6.7,-0.13,-1.07,-0.02,2.86,-12.08,-13.85,228.0,,,0.0,1.0,1.0,100.0
15000,1,walk,walk,3553,,3553.0,20.0,1.0,6.0,2.0,5.49,0.01,-0.022,-1.309,28.0,25.93,0.0,19.0,1851.0,21.0,6.35,-0.12,-1.06,-0.03,2.74,-10.84,-10.75,228.0,,,0.0,1.0,1.0,100.0
15020,1,walk,walk,3554,,3554.0,20.0,1.0,6.0,2.0,5.11,0.01,-0.003,-1.373,28.0,25.9,0.0,19.0,1851.0,21.0,6.03,-0.11,-1.06,-0.03,2.68,-9.63,-8.27,228.0,,,0.0,1.0,1.0,100.0
15060,1,walk,walk,3555,,3555.0,20.0,1.0,6.0,2.0,4.73,0.011,0.049,-1.495,28.0,25.9,0.0,19.0,1851.0,21.0,5.74,-0.11,-1.06,-0.03,2.63,-8.43,-6.44,228.0,,,0.0,1.0,1.0,100.0
15060,1,walk,walk,3556,,3556.0,20.0,1.0,6.0,2.0,4.37,0.013,0.13,-1.782,28.0,25.9,0.0,19.0,1851.0,21.0,5.48,-0.1,-1.05,-0.04,2.58,-7.25,-5.27,228.0,,,0.0,1.0,1.0,100.0
15080,1,walk,walk,3557,,3557.0,20.0,1.0,6.0,2.0,4.02,0.016,0.284,-2.098,28.0,25.86,0.0,19.0,1851.0,21.0,5.25,-0.1,-1.05,-0.04,2.49,-6.09,-4.74,228.0,,,0.0,1.0,1.0,100.0
15100,1,walk,walk,3558,,3558.0,20.0,1.0,6.0,2.0,3.69,0.019,0.292,-2.495,28.0,25.83,0.0,19.0,1851.0,21.0,5.03,-0.09,-1.04,-0.04,2.35,-4.95,-4.81,228.0,,,0.0,1.0,1.0,100.0
15120,1,walk,walk,3559,,3559.0,20.0,1.0,6.0,2.0,3.39,0.022,0.202,-2.845,28.0,25.83,0.0,19.0,1851.0,21.0,4.8,-0.09,-1.04,-0.04,2.18,-3.82,-5.39,228.0,,,0.0,1.0,1.0,100.0
15140,1,walk,walk,3560,,3560.0,20.0,0.0,6.0,2.0,3.12,0.025,0.263,-3.259,28.0,25.76,0.0,18.0,1851.0,21.0,4.53,-0.08,-1.03,-0.04,2.01,-2.7,-6.38,228.0,,,0.0,1.0,1.0,100.0
15160,1,walk,walk,3561,,3561.0,20.0,1.0,6.0,2.0,2.87,0.028,0.173,-3.643,28.0,25.72,0.0,19.0,1851.0,21.0,4.21,-0.08,-1.03,-0.05,1.89,-1.59,-7.6,228.0,,,0.0,1.0,1.0,100.0
15180,1,walk,walk,3562,,3562.0,20.0,1.0,6.0,2.0,2.64,0.031,0.228,-4.053,28.0,25.65,0.0,19.0,1851.0,21.0,3.84,-0.07,-1.03,-0.05,1.86,-0.53,-8.93,228.0,,,0.0,1.0,1.0,100.0
15220,1,walk,walk,3563,,3563.0,20.0,1.0,6.0,2.0,2.44,0.035,0.209,-4.431,28.0,25.58,0.0,19.0,1851.0,21.0,3.4,-0.06,-1.03,-0.05,1.95,0.42,-10.2,228.0,,,0.0,1.0,1.0,100.0
15220,1,walk,walk,3564,,3564.0,20.0,1.0,6.0,2.0,2.26,0.037,0.081,-4.674,28.0,25.54,0.0,19.0,1851.0,21.0,2.93,-0.05,-1.03,-0.05,2.15,1.27,-11.3,228.0,,,0.0,1.0,1.0,100.0
15240,1,walk,walk,3565,,3565.0,20.0,1.0,6.0,2.0,2.09,0.039,0.1,-4.935,28.0,25.51,0.0,19.0,1851.0,21.0,2.42,-0.04,-1.03,-0.05,2.44,1.97,-12.13,228.0,,,0.0,1.0,1.0,100.0
15260,1,walk,walk,3566,,3566.0,20.0,1.0,6.0,2.0,1.93,0.04,0.017,-5.029,28.0,25.47,0.0,19.0,1851.0,21.0,1.88,-0.03,-1.03,-0.06,2.83,2.51,-12.61,228.0,,,0.0,1.0,1.0,100.0
15280,1,walk,walk,3567,,3567.0,20.0,1.0,6.0,2.0,1.78,0.04,-0.139,-4.964,28.0,25.51,0.0,19.0,1851.0,21.0,1.33,-0.02,-1.03,-0.06,3.34,2.88,-12.65,228.0,,,0.0,1.0,1.0,100.0
15300,1,walk,walk,3568,,3568.0,20.0,1.0,6.0,2.0,1.63,0.04,-0.065,-4.909,28.0,25.51,0.0,19.0,1851.0,21.0,0.77,-0.01,-1.03,-0.06,3.96,3.07,-12.2,228.0,,,0.0,1.0,1.0,100.0
15320,1,walk,walk,3569,,3569.0,20.0,1.0,6.0,2.0,1.48,0.039,-0.143,-4.661,28.0,25.54,0.0,19.0,1851.0,21.0,0.21,0.0,-1.03,-0.06,4.7,3.11,-11.19,228.0,,,0.0,1.0,1.0,100.0
15380,1,walk,walk,3570,,3570.0,20.0,1.0,6.0,2.0,1.33,0.035,-0.367,-3.928,28.0,25.62,0.0,19.0,1851.0,21.0,-0.32,0.01,-1.04,-0.06,5.55,3.02,-9.58,228.0,,,0.0,1.0,1.0,100.0
15380,1,walk,walk,3571,,3571.0,20.0,1.0,6.0,2.0,1.17,0.03,-0.421,-3.347,28.0,25.72,0.0,19.0,1851.0,21.0,-0.81,0.01,-1.04,-0.06,6.52,2.77,-7.36,228.0,,,0.0,1.0,1.0,100.0
15380,1,walk,walk,3572,,3572.0,20.0,1.0,6.0,2.0,1.01,0.024,-0.324,-2.795,28.0,25.76,0.0,19.0,1851.0,21.0,-1.23,0.02,-1.04,-0.06,7.57,2.39,-4.58,228.0,,,0.0,1.0,1.0,100.0
15400,1,walk,walk,3573,,3573.0,20.0,1.0,6.0,2.0,0.85,0.019,-0.348,-2.182,28.0,25.83,0.0,19.0,1851.0,21.0,-1.54,0.03,-1.04,-0.06,8.68,1.83,-1.35,228.0,,,0.0,1.0,1.0,100.0
15420,1,walk,walk,3574,,3574.0,20.0,1.0,6.0,2.0,0.69,0.015,-0.285,-1.799,28.0,25.86,0.0,19.0,1851.0,21.0,-1.74,0.03,-1.05,-0.06,9.77,1.05,2.17,228.0,,,0.0,1.0,1.0,100.0
15460,1,walk,walk,3575,,3575.0,20.0,1.0,6.0,2.0,0.54,0.014,-0.154,-1.679,28.0,25.86,0.0,19.0,1851.0,21.0,-1.8,0.03,-1.05,-0.06,10.65,-0.15,5.84,228.0,,,0.0,1.0,1.0,100.0
15460,1,walk,walk,3576,,3576.0,20.0,1.0,6.0,2.0,0.39,0.015,0.143,-2.018,28.0,25.86,0.0,19.0,1851.0,21.0,-1.73,0.03,-1.06,-0.07,11.19,-1.97,9.56,228.0,,,0.0,1.0,1.0,100.0
15480,1,walk,walk,3577,,3577.0,20.0,1.0,6.0,2.0,0.25,0.019,0.216,-2.522,28.0,25.83,0.0,19.0,1851.0,21.0,-1.52,0.03,-1.07,-0.07,11.24,-4.66,13.27,228.0,,,0.0,1.0,1.0,100.0
15540,1,walk,walk,3578,,3578.0,20.0,1.0,6.0,2.0,0.13,0.022,0.191,-2.883,28.0,25.79,0.0,19.0,1851.0,21.0,-1.12,0.02,-1.08,-0.08,10.69,-8.51,16.93,228.0,,,0.0,1.0,1.0,100.0
15540,1,walk,walk,3579,,3579.0,20.0,1.0,6.0,2.0,0.04,0.025,0.124,-3.126,28.0,25.76,0.0,19.0,1851.0,21.0,-0.42,0.01,-1.09,-0.09,9.52,-13.9,20.55,228.0,,,0.0,1.0,1.0,100.0
15540,1,walk,walk,3580,,3580.0,20.0,1.0,6.0,2.0,-0.03,0.024,-0.07,-2.905,28.0,25.79,0.0,19.0,1851.0,21.0,0.59,-0.01,-1.1,-0.1,7.74,-20.92,24.1,228.0,,,0.0,1.0,1.0,100.0
15580,1,walk,walk,3581,,3581.0,20.0,1.0,6.0,2.0,-0.06,0.023,-0.22,-2.709,28.0,25.79,0.0,19.0,1851.0,21.0,1.89,-0.04,-1.11,-0.11,5.43,-29.35,27.59,228.0,,,0.0,1.0,1.0,100.0
15580,1,walk,walk,3582,,3582.0,20.0,1.0,6.0,2.0,-0.05,0.02,-0.134,-2.354,28.0,25.83,0.0,19.0,1851.0,21.0,3.36,-0.07,-1.12,-0.12,2.7,-38.53,31.06,228.0,,,0.0,1.0,1.0,100.0
15600,1,walk,walk,3583,,3583.0,20.0,1.0,6.0,2.0,0.0,0.018,-0.152,-2.129,28.0,25.86,0.0,19.0,1851.0,21.0,4.92,-0.1,-1.12,-0.12,-0.32,-47.6,34.57,228.0,,,0.0,1.0,1.0,100.0
15620,1,walk,walk,3584,,3584.0,20.0,1.0,6.0,2.0,0.11,0.016,-0.104,-1.938,28.0,25.86,0.0,19.0,1851.0,21.0,6.47,-0.13,-1.12,-0.11,-3.52,-55.64,38.15,228.0,,,0.0,1.0,1.0,100.0
15640,1,walk,walk,3585,,3585.0,20.0,1.0,6.0,2.0,0.27,0.014,-0.128,-1.824,28.0,25.9,0.0,19.0,1851.0,21.0,7.98,-0.16,-1.12,-0.11,-6.76,-62.08,41.79,228.0,,,0.0,1.0,1.0,100.0
15700,1,walk,walk,3586,,3586.0,20.0,1.0,6.0,2.0,0.48,0.013,-0.169,-1.626,28.0,25.9,0.0,19.0,1851.0,21.0,9.44,-0.18,-1.11,-0.1,-9.96,-66.78,45.36,228.0,,,0.0,1.0,1.0,100.0
15700,1,walk,walk,3587,,3587.0,20.0,1.0,6.0,2.0,0.76,0.012,0.026,-1.467,28.0,25.9,0.0,19.0,1851.0,21.0,10.87,-0.21,-1.1,-0.09,-13.08,-70.05,48.64,228.0,,,0.0,1.0,1.0,100.0
15700,1,walk,walk,3588,,3588.0,20.0,1.0,6.0,2.0,1.11,0.01,-0.085,-1.256,28.0,25.9,0.0,19.0,1851.0,21.0,12.26,-0.23,-1.08,-0.07,-16.06,-72.45,51.34,228.0,,,0.0,1.0,1.0,100.0
15740,1,walk,walk,3589,,3589.0,20.0,1.0,6.0,2.0,1.52,0.009,-0.154,-1.09,28.0,25.93,0.0,19.0,1851.0,21.0,13.58,-0.25,-1.05,-0.07,-18.88,-74.62,53.15,228.0,,,0.0,1.0,1.0,100.0
15760,1,walk,walk,3590,,3590.0,20.0,1.0,6.0,2.0,2.01,0.007,-0.142,-0.887,28.0,25.93,0.0,19.0,1851.0,21.0,14.79,-0.27,-1.02,-0.06,-21.56,-77.08,53.78,228.0,,,0.0,1.0,1.0,100.0
15760,1,walk,walk,3591,,3591.0,20.0,0.0,6.0,2.0,2.56,0.006,0.028,-0.813,28.0,25.93,0.0,18.0,1851.0,21.0,15.83,-0.28,-0.99,-0.05,-24.1,-80.07,53.01,228.0,,,0.0,1.0,1.0,100.0
15780,1,walk,walk,3592,,3592.0,20.0,1.0,6.0,2.0,3.18,0.006,0.034,-0.831,28.0,25.93,0.0,19.0,1851.0,21.0,16.64,-0.29,-0.95,-0.05,-26.5,-83.55,50.72,228.0,,,0.0,1.0,1.0,100.0
15800,1,walk,walk,3593,,3593.0,20.0,1.0,6.0,2.0,3.86,0.006,0.032,-0.839,28.0,25.93,0.0,19.0,1851.0,21.0,17.16,-0.28,-0.92,-0.05,-28.78,-87.24,46.88,228.0,,,0.0,1.0,1.0,100.0
15840,1,walk,walk,3594,,3594.0,20.0,1.0,6.0,2.0,4.6,0.007,0.148,-0.869,28.0,25.93,0.0,19.0,1851.0,21.0,17.38,-0.27,-0.88,-0.05,-30.9,-90.78,41.56,228.0,,,0.0,1.0,1.0,100.0
15840,1,walk,walk,3595,,3595.0,20.0,1.0,6.0,2.0,5.38,0.007,0.136,-0.998,28.0,25.93,0.0,19.0,1851.0,21.0,17.3,-0.26,-0.84,-0.05,-32.79,-93.83,34.87,228.0,,,0.0,1.0,1.0,100.0
15860,1,walk,walk,3596,,3596.0,20.0,1.0,1.0,5.0,6.21,0.009,0.029,-1.259,28.0,25.9,0.0,19.0,1851.0,22.0,16.95,-0.25,-0.81,-0.04,-34.36,-96.22,26.95,228.0,,,0.0,1.0,1.0,100.0
15880,1,walk,walk,3597,,3597.0,20.0,0.0,1.0,5.0,7.05,0.012,0.181,-1.671,28.0,25.76,0.0,19.0,1851.0,22.0,16.46,-0.23,-0.78,-0.04,-35.39,-97.86,18.25,228.0,,,0.0,1.0,1.0,100.0
15900,1,walk,walk,3598,,3598.0,20.0,0.0,1.0,5.0,7.91,-0.016,-2.532,-3.628,28.0,25.51,0.0,19.0,1851.0,22.0,15.98,-0.22,-0.76,-0.04,-35.68,-98.95,9.26,228.0,,,0.0,1.0,1.0,100.0
15920,1,walk,walk,3599,,3599.0,20.0,0.0,1.0,5.0,8.76,-0.052,-2.155,-4.632,28.0,25.37,0.0,19.0,1851.0,22.0,15.63,-0.21,-0.75,-0.04,-35.08,-99.77,0.35,228.0,,,0.0,1.0,1.0,100.0
15940,1,walk,walk,3600,,3600.0,20.0,0.0,1.0,6.0,9.58,-0.076,-1.399,-6.022,28.0,25.16,0.0,19.0,1851.0,22.0,15.44,-0.21,-0.75,-0.04,-33.58,-100.5,-8.16,228.0,,,0.0,1.0,1.0,100.0
15980,1,walk,walk,3601,,3601.0,20.0,0.0,1.0,6.0,10.36,-0.092,-1.125,-6.898,28.0,24.98,0.0,19.0,1851.0,22.0,15.39,-0.21,-0.76,-0.05,-31.33,-101.16,-15.91,228.0,,,0.0,1.0,1.0,100.0
16000,1,walk,walk,3602,,3602.0,20.0,0.0,1.0,6.0,11.08,-0.106,-1.365,-6.678,28.0,24.98,0.0,19.0,1851.0,22.0,15.27,-0.21,-0.78,-0.06,-28.55,-101.05,-22.68,228.0,,,0.0,1.0,1.0,100.0
16040,1,walk,walk,3603,,3603.0,20.0,0.0,1.0,6.0,11.73,-0.121,-1.092,-6.908,28.0,24.98,0.0,19.0,1851.0,22.0,14.79,-0.21,-0.8,-0.06,-25.5,-99.82,-28.29,228.0,,,0.0,1.0,1.0,100.0
16040,1,walk,walk,3604,,3604.0,20.0,0.0,1.0,6.0,12.3,-0.134,-0.727,-6.975,28.0,24.98,0.0,19.0,1851.0,22.0,13.76,-0.21,-0.84,-0.08,-22.3,-97.39,-32.67,228.0,,,0.0,1.0,1.0,100.0
16040,1,walk,walk,3605,,3605.0,20.0,0.0,1.0,6.0,12.77,-0.138,0.006,-8.164,28.0,24.74,0.0,19.0,1851.0,22.0,12.24,-0.19,-0.88,-0.09,-18.96,-93.76,-35.6,228.0,,,0.0,1.0,1.0,100.0
16060,1,walk,walk,3606,,3606.0,20.0,0.0,1.0,6.0,13.14,-0.138,-0.21,-8.333,28.0,24.67,0.0,19.0,1851.0,22.0,10.45,-0.17,-0.93,-0.09,-15.6,-89.02,-36.97,228.0,,,0.0,1.0,1.0,100.0
16080,1,walk,walk,3607,,3607.0,20.0,0.0,3.0,7.0,13.41,-0.142,-0.258,-7.998,28.0,24.7,0.0,19.0,1851.0,22.0,8.66,-0.15,-0.98,-0.1,-12.49,-83.31,-36.81,228.0,,,0.0,1.0,1.0,100.0
16100,1,walk,walk,3608,,3608.0,20.0,0.0,3.0,7.0,13.57,-0.147,-0.369,-7.732,28.0,24.77,0.0,19.0,1851.0,22.0,7.03,-0.13,-1.02,-0.09,-9.81,-76.85,-35.24,228.0,,,0.0,1.0,1.0,100.0
16120,1,walk,walk,3609,,3609.0,20.0,0.0,3.0,7.0,13.63,-0.154,-0.472,-7.531,28.0,24.88,0.0,19.0,1851.0,22.0,5.69,-0.1,-1.05,-0.09,-7.63,-69.91,-32.49,228.0,,,0.0,1.0,1.0,100.0
16140,1,walk,walk,3610,,3610.0,20.0,0.0,3.0,7.0,13.59,-0.159,-0.151,-7.548,28.0,24.91,0.0,19.0,1851.0,22.0,4.67,-0.09,-1.08,-0.08,-5.96,-62.76,-28.92,228.0,,,0.0,1.0,1.0,100.0
16160,1,walk,walk,3611,,3611.0,20.0,0.0,3.0,7.0,13.46,-0.159,-0.009,-7.378,28.0,25.02,0.0,19.0,1851.0,22.0,3.99,-0.08,-1.1,-0.07,-4.72,-55.63,-24.93,228.0,,,0.0,1.0,1.0,100.0
16200,1,walk,walk,3612,,3612.0,20.0,0.0,3.0,7.0,13.25,-0.158,0.124,-6.877,28.0,25.12,0.0,19.0,1851.0,22.0,3.62,-0.07,-1.11,-0.06,-3.77,-48.71,-20.87,228.0,,,0.0,1.0,1.0,100.0
16200,1,walk,walk,3613,,3613.0,20.0,0.0,3.0,7.0,12.98,-0.154,0.455,-6.533,28.0,25.26,0.0,19.0,1851.0,22.0,3.54,-0.07,-1.11,-0.05,-2.97,-42.16,-17.12,228.0,,,0.0,1.0,1.0,100.0
16220,1,walk,walk,3614,,3614.0,20.0,0.0,3.0,7.0,12.64,-0.145,0.677,-5.798,28.0,25.37,0.0,19.0,1851.0,22.0,3.71,-0.07,-1.11,-0.04,-2.22,-36.14,-13.99,228.0,,,0.0,1.0,1.0,100.0
16240,1,walk,walk,3615,,3615.0,20.0,0.0,3.0,7.0,12.27,-0.132,0.844,-5.315,28.0,25.54,0.0,19.0,1851.0,22.0,4.09,-0.08,-1.1,-0.04,-1.47,-30.78,-11.75,228.0,,,0.0,1.0,1.0,100.0
16260,1,walk,walk,3616,,3616.0,20.0,0.0,3.0,7.0,11.86,-0.115,1.323,-4.779,28.0,25.62,0.0,19.0,1851.0,22.0,4.62,-0.09,-1.1,-0.04,-0.74,-26.13,-10.59,228.0,,,0.0,1.0,1.0,100.0
16280,1,walk,walk,3617,,3617.0,20.0,1.0,3.0,7.0,11.43,-0.094,1.318,-3.875,28.0,25.72,0.0,20.0,1851.0,22.0,5.25,-0.1,-1.09,-0.03,-0.05,-22.19,-10.54,228.0,,,0.0,1.0,1.0,100.0
16320,1,walk,walk,3618,,3618.0,20.0,0.0,3.0,7.0,11.0,-0.075,1.117,-3.325,28.0,25.79,0.0,19.0,1851.0,22.0,5.9,-0.11,-1.08,-0.03,0.55,-18.94,-11.47,228.0,,,0.0,1.0,1.0,100.0
16340,1,walk,walk,3619,,3619.0,20.0,0.0,3.0,7.0,10.57,-0.06,1.04,-3.004,28.0,25.79,0.0,19.0,1851.0,22.0,6.51,-0.12,-1.07,-0.03,1.02,-16.29,-13.16,228.0,,,0.0,1.0,1.0,100.0
16340,1,walk,walk,3620,,3620.0,20.0,0.0,3.0,7.0,10.14,-0.047,0.813,-2.813,29.0,25.79,0.0,19.0,1851.0,22.0,7.02,-0.13,-1.06,-0.03,1.36,-14.15,-15.35,228.0,,,0.0,1.0,1.0,100.0
16380,1,walk,walk,3621,,3621.0,20.0,0.0,3.0,7.0,9.72,-0.036,0.735,-2.961,29.0,25.83,0.0,19.0,1851.0,22.0,7.41,-0.14,-1.05,-0.03,1.59,-12.39,-17.76,228.0,,,0.0,1.0,1.0,100.0
16380,1,walk,walk,3622,,3622.0,20.0,0.0,3.0,7.0,9.31,-0.027,0.551,-2.871,29.0,25.83,0.0,19.0,1851.0,22.0,7.64,-0.14,-1.04,-0.03,1.79,-10.93,-20.15,228.0,,,0.0,1.0,1.0,100.0
16400,1,walk,walk,3623,,3623.0,20.0,0.0,3.0,7.0,8.91,-0.02,0.475,-2.801,29.0,25.79,0.0,19.0,1851.0,22.0,7.69,-0.14,-1.04,-0.02,2.03,-9.71,-22.29,228.0,,,0.0,1.0,1.0,100.0
16420,1,walk,walk,3624,,3624.0,20.0,0.0,3.0,7.0,8.53,-0.012,0.585,-2.914,29.0,25.79,0.0,19.0,1851.0,22.0,7.57,-0.14,-1.04,-0.02,2.38,-8.69,-24.01,228.0,,,0.0,1.0,1.0,100.0
16440,1,walk,walk,3625,,3625.0,20.0,0.0,3.0,7.0,8.14,-0.005,0.479,-2.904,29.0,25.79,0.0,19.0,1851.0,22.0,7.3,-0.13,-1.04,-0.02,2.87,-7.85,-25.2,228.0,,,0.0,1.0,1.0,100.0
16460,1,walk,walk,3626,,3626.0,20.0,0.0,3.0,7.0,7.77,-0.001,0.225,-2.858,29.0,25.79,0.0,19.0,1851.0,22.0,6.91,-0.13,-1.04,-0.02,3.52,-7.17,-25.76,228.0,,,0.0,1.0,1.0,100.0
16500,1,walk,walk,3627,,3627.0,20.0,1.0,3.0,7.0,7.39,0.002,0.108,-2.79,29.0,25.83,0.0,20.0,1851.0,22.0,6.43,-0.12,-1.04,-0.02,4.28,-6.59,-25.63,228.0,,,0.0,1.0,1.0,100.0
16520,1,walk,walk,3628,,3628.0,20.0,0.0,3.0,7.0,7.02,0.003,0.026,-2.685,29.0,25.79,0.0,19.0,1851.0,22.0,5.89,-0.11,-1.04,-0.02,5.1,-6.07,-24.82,228.0,,,0.0,1.0,1.0,100.0
16520,1,walk,walk,3629,,3629.0,20.0,0.0,3.0,7.0,6.64,0.002,-0.04,-2.654,29.0,25.79,0.0,19.0,1851.0,22.0,5.31,-0.1,-1.04,-0.02,5.93,-5.56,-23.32,228.0,,,0.0,1.0,1.0,100.0
16560,1,walk,walk,3630,,3630.0,20.0,0.0,3.0,7.0,6.26,-0.001,-0.194,-2.58,29.0,25.83,0.0,19.0,1851.0,22.0,4.73,-0.09,-1.04,-0.02,6.76,-5.04,-21.18,228.0,,,0.0,1.0,1.0,100.0
16560,1,walk,walk,3631,,3631.0,20.0,0.0,3.0,7.0,5.88,-0.004,-0.24,-2.556,29.0,25.79,0.0,19.0,1851.0,22.0,4.17,-0.08,-1.04,-0.02,7.6,-4.54,-18.46,228.0,,,0.0,1.0,1.0,100.0
16580,1,walk,walk,3632,,3632.0,20.0,0.0,3.0,7.0,5.49,-0.007,-0.105,-2.567,29.0,25.79,0.0,19.0,1851.0,22.0,3.68,-0.07,-1.04,-0.02,8.4,-4.1,-15.35,228.0,,,0.0,1.0,1.0,100.0
16600,1,walk,walk,3633,,3633.0,20.0,0.0,3.0,7.0,5.11,-0.009,-0.049,-2.626,29.0,25.79,0.0,19.0,1851.0,22.0,3.28,-0.06,-1.04,-0.01,9.1,-3.76,-12.01,228.0,,,0.0,1.0,1.0,100.0
16640,1,walk,walk,3634,,3634.0,20.0,0.0,3.0,7.0,4.73,-0.01,0.033,-2.633,29.0,25.79,0.0,19.0,1851.0,22.0,2.98,-0.05,-1.05,-0.01,9.65,-3.55,-8.63,228.0,,,0.0,1.0,1.0,100.0
16640,1,walk,walk,3635,,3635.0,20.0,0.0,3.0,7.0,4.35,-0.01,-0.005,-2.725,29.0,25.79,0.0,19.0,1851.0,22.0,2.82,-0.05,-1.05,-0.01,9.92,-3.76,-5.36,228.0,,,0.0,1.0,1.0,100.0
16660,1,walk,walk,3636,,3636.0,20.0,0.0,0.0,1.0,3.99,-0.007,0.361,-2.498,29.0,25.83,0.0,19.0,1851.0,22.0,2.82,-0.05,-1.05,-0.02,9.7,-5.07,-2.42,228.0,,,0.0,1.0,1.0,100.0
16680,1,walk,walk,3637,,3637.0,20.0,0.0,0.0,1.0,3.65,0.01,1.706,-2.378,29.0,25.83,0.0,19.0,1851.0,22.0,2.94,-0.05,-1.05,-0.03,8.84,-8.14,-0.7,228.0,,,0.0,1.0,1.0,100.0
16720,1,walk,walk,3638,,3638.0,20.0,0.0,0.0,1.0,3.33,0.01,1.706,-2.378,29.0,25.83,0.0,39.0,1851.0,22.0,3.18,-0.06,-1.06,-0.04,7.22,-13.77,-0.29,228.0,,,0.0,1.0,1.0,100.0
16740,1,walk,walk,3639,,3639.0,20.0,0.0,0.0,1.0,3.03,0.01,1.706,-2.378,29.0,25.83,0.0,59.0,1851.0,22.0,3.51,-0.07,-1.06,-0.07,4.79,-22.48,-0.74,228.0,,,0.0,1.0,1.0,100.0
16740,1,walk,walk,3640,,3640.0,20.0,0.0,0.0,1.0,2.76,0.151,32.767,0.0,29.0,25.97,0.0,0.0,1851.0,22.0,3.97,-0.07,-1.07,-0.1,1.59,-34.2,-1.59,228.0,,,0.0,1.0,1.0,100.0
16760,1,walk,walk,3641,,3641.0,20.0,0.0,0.0,1.0,2.52,0.151,32.767,0.0,29.0,25.93,0.0,20.0,1851.0,22.0,4.55,-0.09,-1.07,-0.13,-2.19,-48.15,-2.36,228.0,,,0.0,1.0,1.0,100.0
16780,1,walk,walk,3642,,3642.0,20.0,0.0,0.0,1.0,2.31,0.153,-0.007,0.0,29.0,25.97,0.0,19.0,1851.0,22.0,5.22,-0.1,-1.08,-0.15,-6.31,-63.01,-2.55,228.0,,,0.0,1.0,1.0,100.0
16800,1,walk,walk,3643,,3643.0,20.0,0.0,0.0,1.0,2.12,0.152,-0.135,0.0,29.0,25.97,0.0,19.0,1851.0,22.0,5.92,-0.11,-1.08,-0.16,-10.52,-77.18,-1.8,228.0,,,0.0,1.0,1.0,100.0
16820,1,walk,walk,3644,,3644.0,20.0,1.0,0.0,1.0,1.96,0.148,-0.379,0.0,29.0,25.93,0.0,20.0,1851.0,22.0,6.6,-0.13,-1.08,-0.17,-14.64,-89.3,0.07,228.0,,,0.0,1.0,1.0,100.0
16860,1,walk,walk,3645,,3645.0,20.0,0.0,0.0,1.0,1.83,0.145,-0.19,0.0,29.0,25.97,0.0,19.0,1851.0,22.0,7.25,-0.14,-1.09,-0.16,-18.47,-98.51,3.04,228.0,,,0.0,1.0,1.0,100.0
16880,1,walk,walk,3646,,3646.0,20.0,0.0,0.0,1.0,1.73,0.142,-0.258,0.0,29.0,25.97,0.0,19.0,1851.0,22.0,7.88,-0.15,-1.08,-0.15,-21.87,-104.61,6.91,228.0,,,0.0,1.0,1.0,100.0
16880,1,walk,walk,3647,,3647.0,20.0,0.0,0.0,1.0,1.65,0.134,-0.659,0.0,29.0,25.93,0.0,19.0,1851.0,22.0,8.5,-0.16,-1.08,-0.13,-24.71,-107.98,11.34,228.0,,,0.0,1.0,1.0,100.0
16900,1,walk,walk,3648,,3648.0,20.0,0.0,0.0,1.0,1.61,0.125,-0.405,0.0,29.0,25.97,0.0,19.0,1851.0,22.0,9.11,-0.17,-1.07,-0.1,-26.9,-109.39,15.82,228.0,,,0.0,1.0,1.0,100.0
16920,1,walk,walk,3649,,3649.0,20.0,0.0,0.0,1.0,1.6,0.123,-0.065,0.0,29.0,25.97,0.0,19.0,1851.0,22.0,9.71,-0.18,-1.06,-0.08,-28.37,-109.65,19.84,228.0,,,0.0,1.0,1.0,100.0
16940,1,walk,walk,3650,,3650.0,20.0,0.0,0.0,1.0,1.62,0.121,-0.06,0.0,29.0,25.97,0.0,19.0,1851.0,22.0,10.25,-0.19,-1.05,-0.05,-29.12,-109.45,23.01,228.0,,,0.0,1.0,1.0,100.0
16960,1,walk,walk,3651,,3651.0,20.0,0.0,0.0,1.0,1.69,0.12,-0.072,0.0,29.0,25.97,0.0,19.0,1851.0,22.0,10.69,-0.19,-1.03,-0.03,-29.2,-109.16,25.02,228.0,,,0.0,1.0,1.0,100.0
16980,1,walk,walk,3652,,3652.0,20.0,0.0,0.0,1.0,1.79,0.12,-0.037,0.0,29.0,25.97,0.0,19.0,1851.0,22.0,10.98,-0.2,-1.01,-0.01,-28.71,-108.85,25.71,228.0,,,0.0,1.0,1.0,100.0
17000,1,walk,walk,3653,,3653.0,20.0,0.0,0.0,1.0,1.95,0.121,0.16,0.0,29.0,25.97,0.0,19.0,1851.0,22.0,11.08,-0.19,-0.99,0.0,-27.77,-108.37,25.04,228.0,,,0.0,1.0,1.0,100.0
17040,1,walk,walk,3654,,3654.0,20.0,0.0,0.0,1.0,2.15,0.123,0.169,0.0,29.0,25.97,0.0,19.0,1851.0,22.0,11.0,-0.19,-0.96,0.01,-26.49,-107.55,23.05,228.0,,,0.0,1.0,1.0,100.0
17060,1,walk,walk,3655,,3655.0,20.0,0.0,0.0,1.0,2.39,0.125,0.422,0.0,29.0,25.97,0.0,19.0,1851.0,22.0,10.72,-0.18,-0.94,0.02,-24.97,-105.97,19.76,228.0,,,0.0,1.0,1.0,100.0
17060,1,walk,walk,3656,,3656.0,20.0,0.0,0.0,1.0,2.68,0.128,-0.483,0.0,29.0,25.97,0.0,19.0,1851.0,22.0,10.17,-0.16,-0.92,0.02,-23.29,-103.03,15.29,228.0,,,0.0,1.0,1.0,100.0
17080,1,walk,walk,3657,,3657.0,20.0,0.0,0.0,1.0,3.0,0.126,-0.073,0.0,29.0,25.97,0.0,19.0,1851.0,22.0,9.36,-0.15,-0.9,0.02,-21.52,-98.52,9.93,228.0,,,0.0,1.0,1.0,100.0
17100,1,walk,walk,3658,,3658.0,20.0,0.0,0.0,1.0,3.34,0.119,-0.597,0.0,29.0,25.97,0.0,19.0,1851.0,22.0,8.39,-0.13,-0.89,0.01,-19.7,-92.64,4.09,228.0,,,0.0,1.0,1.0,100.0
17120,1,walk,walk,3659,,3659.0,20.0,1.0,0.0,1.0,3.71,0.104,-1.189,0.0,29.0,25.97,0.0,20.0,1851.0,22.0,7.36,-0.11,-0.88,-0.01,-17.82,-85.96,-1.93,228.0,,,0.0,1.0,1.0,100.0
17140,1,walk,walk,3660,,3660.0,20.0,1.0,0.0,1.0,4.07,0.093,-0.293,0.0,29.0,25.97,0.0,19.0,1851.0,22.0,6.35,-0.1,-0.88,-0.03,-15.9,-79.18,-7.84,228.0,,,0.0,1.0,1.0,100.0
17160,1,walk,walk,3661,,3661.0,20.0,1.0,0.0,1.0,4.43,0.09,-0.416,0.0,29.0,25.97,0.0,19.0,1851.0,22.0,5.39,-0.08,-0.89,-0.06,-13.98,-73.01,-13.31,228.0,,,0.0,1.0,1.0,100.0
17200,1,walk,walk,3662,,3662.0,20.0,1.0,0.0,1.0,4.76,0.08,-0.683,0.0,29.0,25.97,0.0,19.0,1851.0,22.0,4.51,-0.07,-0.91,-0.09,-12.07,-67.87,-18.14,228.0,,,0.0,1.0,1.0,100.0
17200,1,walk,walk,3663,,3663.0,20.0,1.0,0.0,1.0,5.06,0.075,-0.252,0.0,29.0,25.97,0.0,19.0,1851.0,22.0,3.72,-0.06,-0.93,-0.12,-10.21,-63.88,-22.23,228.0,,,0.0,1.0,1.0,100.0
17220,1,walk,walk,3664,,3664.0,20.0,1.0,6.0,2.0,5.32,0.074,0.013,0.0,29.0,25.97,0.0,19.0,1851.0,22.0,3.01,-0.05,-0.95,-0.15,-8.45,-60.82,-25.51,228.0,,,0.0,1.0,1.0,100.0
17240,1,walk,walk,3665,,3665.0,20.0,0.0,6.0,2.0,5.52,0.073,-0.245,0.049,29.0,25.93,0.0,18.0,1851.0,22.0,2.38,-0.04,-0.97,-0.16,-6.83,-58.33,-27.73,228.0,,,0.0,1.0,1.0,100.0
17280,1,walk,walk,3666,,3666.0,20.0,0.0,6.0,2.0,5.66,0.048,-1.843,-1.016,29.0,25.9,0.0,18.0,1851.0,22.0,1.82,-0.03,-0.99,-0.16,-5.38,-55.79,-28.84,228.0,,,0.0,1.0,1.0,100.0
17280,1,walk,walk,3667,,3667.0,20.0,0.0,6.0,2.0,5.74,0.029,-0.859,-1.432,29.0,25.86,0.0,18.0,1851.0,22.0,1.32,-0.02,-1.01,-0.16,-4.13,-52.74,-28.92,228.0,,,0.0,1.0,1.0,100.0
17300,1,walk,walk,3668,,3668.0,20.0,0.0,6.0,2.0,5.75,0.022,-0.279,-2.056,29.0,25.86,0.0,18.0,1851.0,22.0,0.88,-0.02,-1.02,-0.14,-3.14,-49.04,-28.2,228.0,,,0.0,1.0,1.0,100.0
17340,1,walk,walk,3669,,3669.0,20.0,1.0,6.0,2.0,5.69,0.022,-0.034,-2.479,29.0,25.83,0.0,19.0,1851.0,22.0,0.52,-0.01,-1.04,-0.13,-2.41,-44.81,-26.97,228.0,,,0.0,1.0,1.0,100.0
17340,1,walk,walk,3670,,3670.0,20.0,1.0,6.0,2.0,5.56,0.022,-0.019,-2.624,29.0,25.83,0.0,19.0,1851.0,22.0,0.24,0.0,-1.05,-0.11,-1.89,-40.29,-25.42,228.0,,,0.0,1.0,1.0,100.0
17360,1,walk,walk,3671,,3671.0,20.0,0.0,6.0,2.0,5.38,0.022,0.005,-2.658,29.0,25.83,0.0,18.0,1851.0,22.0,0.04,0.0,-1.05,-0.09,-1.55,-35.7,-23.72,228.0,,,0.0,1.0,1.0,100.0
17380,1,walk,walk,3672,,3672.0,20.0,1.0,6.0,2.0,5.14,0.022,0.029,-2.681,29.0,25.79,0.0,19.0,1851.0,22.0,-0.08,0.0,-1.06,-0.08,-1.32,-31.25,-21.95,228.0,,,0.0,1.0,1.0,100.0
17400,1,walk,walk,3673,,3673.0,20.0,1.0,6.0,2.0,4.86,0.021,-0.089,-2.621,29.0,25.83,0.0,19.0,1851.0,22.0,-0.11,0.0,-1.06,-0.07,-1.18,-27.06,-20.16,228.0,,,0.0,1.0,1.0,100.0
17420,1,walk,walk,3674,,3674.0,20.0,1.0,6.0,2.0,4.53,0.021,-0.109,-2.527,29.0,25.83,0.0,19.0,1851.0,22.0,-0.05,0.0,-1.06,-0.06,-1.1,-23.23,-18.42,228.0,,,0.0,1.0,1.0,100.0
17440,1,walk,walk,3675,,3675.0,20.0,1.0,6.0,2.0,4.18,0.021,0.155,-2.63,29.0,25.79,0.0,19.0,1851.0,22.0,0.09,0.0,-1.06,-0.06,-1.04,-19.8,-16.81,228.0,,,0.0,1.0,1.0,100.0
17460,1,walk,walk,3676,,3676.0,20.0,1.0,6.0,2.0,3.8,0.022,0.04,-2.783,29.0,25.79,0.0,19.0,1851.0,22.0,0.32,-0.01,-1.06,-0.06,-0.97,-16.77,-15.45,228.0,,,0.0,1.0,1.0,100.0
17500,1,walk,walk,3677,,3677.0,20.0,1.0,6.0,2.0,3.41,0.023,0.093,-3.001,29.0,25.79,0.0,19.0,1851.0,22.0,0.61,-0.01,-1.06,-0.05,-0.87,-14.12,-14.43,228.0,,,0.0,1.0,1.0,100.0
17500,1,walk,walk,3678,,3678.0,20.0,1.0,6.0,2.0,3.01,0.026,0.127,-3.288,29.0,25.72,0.0,19.0,1851.0,22.0,0.9,-0.02,-1.05,-0.05,-0.72,-11.82,-13.78,228.0,,,0.0,1.0,1.0,100.0
17520,1,walk,walk,3679,,3679.0,20.0,1.0,6.0,2.0,2.61,0.027,0.077,-3.475,29.0,25.72,0.0,19.0,1851.0,22.0,1.17,-0.02,-1.05,-0.06,-0.55,-9.82,-13.48,228.0,,,0.0,1.0,1.0,100.0
17540,1,walk,walk,3680,,3680.0,20.0,1.0,6.0,2.0,2.21,0.029,0.099,-3.653,29.0,25.69,0.0,19.0,1851.0,22.0,1.37,-0.03,-1.05,-0.06,-0.4,-8.06,-13.45,228.0,,,0.0,1.0,1.0,100.0
17560,1,walk,walk,3681,,3681.0,20.0,1.0,6.0,2.0,1.83,0.03,0.023,-3.83,29.0,25.65,0.0,19.0,1851.0,22.0,1.49,-0.03,-1.04,-0.06,-0.3,-6.51,-13.55,228.0,,,0.0,1.0,1.0,100.0
17600,1,walk,walk,3682,,3682.0,20.0,1.0,6.0,2.0,1.45,0.031,-0.003,-3.933,29.0,25.65,0.0,19.0,1851.0,22.0,1.52,-0.03,-1.04,-0.06,-0.25,-5.15,-13.66,228.0,,,0.0,1.0,1.0,100.0
17620,1,walk,walk,3683,,3683.0,20.0,1.0,6.0,2.0,1.09,0.032,0.109,-3.95,29.0,25.65,0.0,19.0,1851.0,22.0,1.46,-0.03,-1.04,-0.06,-0.24,-3.97,-13.65,228.0,,,0.0,1.0,1.0,100.0
17640,1,walk,walk,3684,,3684.0,20.0,1.0,6.0,2.0,0.74,0.032,0.028,-3.942,29.0,25.62,0.0,19.0,1851.0,22.0,1.33,-0.02,-1.04,-0.06,-0.27,-2.99,-13.41,228.0,,,0.0,1.0,1.0,100.0
17660,1,walk,walk,3685,,3685.0,20.0,1.0,6.0,2.0,0.41,0.032,-0.072,-3.887,29.0,25.65,0.0,19.0,1851.0,22.0,1.15,-0.02,-1.04,-0.06,-0.32,-2.18,-12.88,228.0,,,0.0,1.0,1.0,100.0
17660,1,walk,walk,3686,,3686.0,20.0,1.0,6.0,2.0,0.09,0.031,-0.038,-3.775,29.0,25.65,0.0,19.0,1851.0,22.0,0.96,-0.02,-1.04,-0.06,-0.39,-1.54,-12.04,228.0,,,0.0,1.0,1.0,100.0
17680,1,walk,walk,3687,,3687.0,20.0,1.0,6.0,2.0,-0.21,0.03,-0.117,-3.668,29.0,25.69,0.0,19.0,1851.0,22.0,0.77,-0.01,-1.04,-0.06,-0.45,-1.03,-10.92,228.0,,,0.0,1.0,1.0,100.0
17720,1,walk,walk,3688,,3688.0,20.0,1.0,6.0,2.0,-0.5,0.03,0.068,-3.659,29.0,25.69,0.0,19.0,1851.0,22.0,0.63,-0.01,-1.04,-0.06,-0.46,-0.61,-9.61,228.0,,,0.0,1.0,1.0,100.0
17740,1,walk,walk,3689,,3689.0,20.0,1.0,6.0,2.0,-0.77,0.03,0.001,-3.654,29.0,25.69,0.0,19.0,1851.0,22.0,0.52,-0.01,-1.04,-0.07,-0.39,-0.26,-8.21,228.0,,,0.0,1.0,1.0,100.0
17740,1,walk,walk,3690,,3690.0,20.0,1.0,6.0,2.0,-1.02,0.029,-0.057,-3.63,29.0,25.69,0.0,19.0,1851.0,22.0,0.45,-0.01,-1.04,-0.07,-0.18,0.06,-6.82,228.0,,,0.0,1.0,1.0,100.0
17760,1,walk,walk,3691,,3691.0,20.0,1.0,6.0,2.0,-1.26,0.03,0.1,-3.648,29.0,25.69,0.0,19.0,1851.0,22.0,0.42,-0.01,-1.03,-0.07,0.17,0.37,-5.48,228.0,,,0.0,1.0,1.0,100.0
17820,1,walk,walk,3692,,3692.0,20.0,1.0,6.0,2.0,-1.48,0.03,0.054,-3.647,29.0,25.69,0.0,19.0,1851.0,22.0,0.41,-0.01,-1.03,-0.07,0.66,0.66,-4.24,228.0,,,0.0,1.0,1.0,100.0
17820,1,walk,walk,3693,,3693.0,20.0,1.0,6.0,2.0,-1.69,0.03,0.002,-3.645,29.0,25.69,0.0,19.0,1851.0,22.0,0.42,-0.01,-1.03,-0.08,1.26,0.94,-3.11,228.0,,,0.0,1.0,1.0,100.0
17820,1,walk,walk,3694,,3694.0,20.0,1.0,6.0,2.0,-1.88,0.03,-0.052,-3.642,29.0,25.69,0.0,19.0,1851.0,22.0,0.45,-0.01,-1.03,-0.08,1.92,1.2,-2.1,228.0,,,0.0,1.0,1.0,100.0
17840,1,walk,walk,3695,,3695.0,20.0,1.0,6.0,2.0,-2.05,0.03,-0.013,-3.661,29.0,25.69,0.0,19.0,1851.0,22.0,0.5,-0.01,-1.03,-0.08,2.62,1.44,-1.21,228.0,,,0.0,1.0,1.0,100.0
17860,1,walk,walk,3696,,3696.0,20.0,1.0,6.0,2.0,-2.2,0.03,-0.04,-3.696,29.0,25.69,0.0,19.0,1851.0,22.0,0.56,-0.01,-1.03,-0.08,3.29,1.67,-0.46,228.0,,,0.0,1.0,1.0,100.0
17880,1,walk,walk,3697,,3697.0,20.0,1.0,6.0,2.0,-2.33,0.03,0.032,-3.735,29.0,25.69,0.0,19.0,1851.0,22.0,0.63,-0.01,-1.03,-0.08,3.9,1.89,0.17,228.0,,,0.0,1.0,1.0,100.0
17900,1,walk,walk,3698,,3698.0,20.0,1.0,6.0,2.0,-2.44,0.03,0.083,-3.763,29.0,25.65,0.0,19.0,1851.0,22.0,0.71,-0.01,-1.03,-0.08,4.45,2.11,0.66,228.0,,,0.0,1.0,1.0,100.0
17920,1,walk,walk,3699,,3699.0,20.0,1.0,6.0,2.0,-2.53,0.031,0.131,-3.917,29.0,25.65,0.0,19.0,1851.0,22.0,0.79,-0.01,-1.03,-0.07,4.92,2.33,1.02,228.0,,,0.0,1.0,1.0,100.0
17940,1,walk,walk,3700,,3700.0,20.0,1.0,6.0,2.0,-2.6,0.032,0.093,-3.985,29.0,25.62,0.0,19.0,1851.0,22.0,0.86,-0.02,-1.02,-0.07,5.31,2.52,1.25,228.0,,,0.0,1.0,1.0,100.0
17980,1,walk,walk,3701,,3701.0,20.0,1.0,6.0,2.0,-2.66,0.033,0.097,-4.081,29.0,25.62,0.0,19.0,1851.0,22.0,0.93,-0.02,-1.02,-0.07,5.63,2.69,1.38,228.0,,,0.0,1.0,1.0,100.0
17980,1,walk,walk,3702,,3702.0,20.0,1.0,6.0,2.0,-2.69,0.033,-0.01,-4.108,29.0,25.62,0.0,19.0,1851.0,22.0,0.99,-0.02,-1.02,-0.07,5.87,2.8,1.44,228.0,,,0.0,1.0,1.0,100.0
18020,1,walk,walk,3703,,3703.0,20.0,1.0,6.0,2.0,-2.71,0.033,0.069,-4.143,29.0,25.62,0.0,19.0,1851.0,22.0,1.03,-0.02,-1.02,-0.07,6.02,2.84,1.48,228.0,,,0.0,1.0,1.0,100.0
18040,1,walk,walk,3704,,3704.0,20.0,1.0,6.0,2.0,-2.72,0.033,0.056,-4.072,29.0,25.62,0.0,19.0,1851.0,22.0,1.07,-0.02,-1.02,-0.06,6.07,2.8,1.51,228.0,,,0.0,1.0,1.0,100.0
18040,1,walk,walk,3705,,3705.0,20.0,1.0,6.0,2.0,-2.71,0.033,-0.037,-4.095,29.0,25.62,0.0,19.0,1851.0,22.0,1.1,-0.02,-1.02,-0.06,6.02,2.66,1.57,228.0,,,0.0,1.0,1.0,100.0
18060,1,walk,walk,3706,,3706.0,20.0,1.0,6.0,2.0,-2.69,0.033,0.001,-4.099,29.0,25.62,0.0,19.0,1851.0,22.0,1.13,-0.02,-1.02,-0.06,5.88,2.43,1.65,228.0,,,0.0,1.0,1.0,100.0
18080,1,walk,walk,3707,,3707.0,20.0,1.0,6.0,2.0,-2.65,0.033,0.038,-4.097,29.0,25.62,0.0,19.0,1851.0,22.0,1.15,-0.02,-1.02,-0.06,5.64,2.13,1.76,228.0,,,0.0,1.0,1.0,100.0
18140,1,walk,walk,3708,,3708.0,20.0,1.0,6.0,2.0,-2.61,0.033,0.073,-4.071,29.0,25.62,0.0,19.0,1851.0,22.0,1.17,-0.02,-1.02,-0.06,5.32,1.78,1.88,228.0,,,0.0,1.0,1.0,100.0
18140,1,walk,walk,3709,,3709.0,20.0,1.0,6.0,2.0,-2.56,0.033,-0.045,-4.052,29.0,25.62,0.0,19.0,1851.0,22.0,1.19,-0.02,-1.02,-0.05,4.95,1.41,2.03,228.0,,,0.0,1.0,1.0,100.0
18140,1,walk,walk,3710,,3710.0,20.0,1.0,6.0,2.0,-2.5,0.033,0.023,-4.038,29.0,25.62,0.0,19.0,1851.0,22.0,1.21,-0.02,-1.02,-0.05,4.56,1.04,2.17,228.0,,,0.0,1.0,1.0,100.0
18160,1,walk,walk,3711,,3711.0,20.0,1.0,6.0,2.0,-2.43,0.033,-0.096,-4.04,29.0,25.62,0.0,19.0,1851.0,22.0,1.24,-0.02,-1.02,-0.05,4.15,0.71,2.32,228.0,,,0.0,1.0,1.0,100.0
18180,1,walk,walk,3712,,3712.0,20.0,1.0,6.0,2.0,-2.36,0.033,-0.007,-4.019,29.0,25.62,0.0,19.0,1851.0,22.0,1.28,-0.02,-1.02,-0.05,3.76,0.42,2.44,228.0,,,0.0,1.0,1.0,100.0
18200,1,walk,walk,3713,,3713.0,20.0,1.0,6.0,2.0,-2.28,0.032,0.001,-3.966,29.0,25.62,0.0,19.0,1851.0,22.0,1.32,-0.02,-1.02,-0.05,3.41,0.18,2.55,228.0,,,0.0,1.0,1.0,100.0
18240,1,walk,walk,3714,,3714.0,20.0,2.0,6.0,2.0,-2.2,0.032,0.036,-3.934,29.0,25.65,0.0,20.0,1851.0,22.0,1.36,-0.02,-1.02,-0.05,3.11,0.0,2.64,228.0,,,0.0,1.0,1.0,100.0
18260,1,walk,walk,3715,,3715.0,20.0,2.0,6.0,2.0,-2.12,0.032,0.045,-3.919,29.0,25.65,0.0,20.0,1851.0,22.0,1.4,-0.02,-1.02,-0.05,2.85,-0.13,2.72,228.0,,,0.0,1.0,1.0,100.0
18300,1,walk,walk,3716,,3716.0,20.0,2.0,6.0,2.0,-2.03,0.031,-0.017,-3.812,29.0,25.65,0.0,20.0,1851.0,22.0,1.45,-0.03,-1.02,-0.05,2.65,-0.21,2.8,228.0,,,0.0,1.0,1.0,100.0
18300,1,walk,walk,3717,,3717.0,20.0,2.0,6.0,2.0,-1.94,0.03,-0.069,-3.73,29.0,25.69,0.0,20.0,1851.0,22.0,1.48,-0.03,-1.02,-0.05,2.49,-0.26,2.9,228.0,,,0.0,1.0,1.0,100.0
18300,1,walk,walk,3718,,3718.0,20.0,2.0,6.0,2.0,-1.84,0.03,0.117,-3.62,29.0,25.69,0.0,20.0,1851.0,22.0,1.52,-0.03,-1.02,-0.05,2.35,-0.28,3.02,228.0,,,0.0,1.0,1.0,100.0
18320,1,walk,walk,3719,,3719.0,20.0,2.0,6.0,2.0,-1.75,0.028,-0.131,-3.517,29.0,25.69,0.0,20.0,1851.0,22.0,1.56,-0.03,-1.02,-0.05,2.23,-0.27,3.16,228.0,,,0.0,1.0,1.0,100.0
18340,1,walk,walk,3720,,3720.0,20.0,2.0,6.0,2.0,-1.65,0.028,0.013,-3.434,29.0,25.72,0.0,19.0,1851.0,22.0,1.61,-0.03,-1.02,-0.05,2.1,-0.25,3.32,228.0,,,0.0,1.0,1.0,100.0
18360,1,walk,walk,3721,,3721.0,20.0,2.0,6.0,2.0,-1.55,0.027,-0.084,-3.405,29.0,25.72,0.0,19.0,1851.0,22.0,1.66,-0.03,-1.02,-0.05,1.97,-0.22,3.46,228.0,,,0.0,1.0,1.0,100.0
18380,1,walk,walk,3722,,3722.0,20.0,2.0,6.0,2.0,-1.45,0.027,0.058,-3.369,29.0,25.72,0.0,19.0,1851.0,22.0,1.73,-0.03,-1.02,-0.05,1.84,-0.17,3.56,228.0,,,0.0,1.0,1.0,100.0
18420,1,walk,walk,3723,,3723.0,20.0,2.0,6.0,2.0,-1.35,0.027,-0.014,-3.37,29.0,25.72,0.0,19.0,1851.0,22.0,1.8,-0.03,-1.02,-0.05,1.7,-0.11,3.62,228.0,,,0.0,1.0,1.0,100.0
18440,1,walk,walk,3724,,3724.0,20.0,2.0,6.0,2.0,-1.25,0.027,-0.081,-3.369,29.0,25.72,0.0,19.0,1851.0,22.0,1.88,-0.03,-1.02,-0.05,1.57,-0.04,3.62,228.0,,,0.0,1.0,1.0,100.0
18440,1,walk,walk,3725,,3725.0,20.0,2.0,6.0,2.0,-1.14,0.027,-0.038,-3.358,29.0,25.72,0.0,19.0,1851.0,22.0,1.96,-0.03,-1.02,-0.05,1.46,0.04,3.56,228.0,,,0.0,1.0,1.0,100.0
18460,1,walk,walk,3726,,3726.0,20.0,2.0,6.0,2.0,-1.04,0.027,0.096,-3.357,29.0,25.72,0.0,19.0,1851.0,22.0,2.03,-0.04,-1.02,-0.05,1.36,0.11,3.46,228.0,,,0.0,1.0,1.0,100.0
18480,1,walk,walk,3727,,3727.0,20.0,2.0,6.0,2.0,-0.93,0.027,-0.053,-3.342,29.0,25.72,0.0,19.0,1851.0,22.0,2.1,-0.04,-1.02,-0.05,1.29,0.18,3.32,228.0,,,0.0,1.0,1.0,100.0
18520,1,walk,walk,3728,,3728.0,20.0,2.0,6.0,2.0,-0.83,0.027,-0.022,-3.32,29.0,25.72,0.0,19.0,1851.0,22.0,2.16,-0.04,-1.02,-0.05,1.24,0.23,3.17,228.0,,,0.0,1.0,1.0,100.0
18520,1,walk,walk,3729,,3729.0,20.0,2.0,6.0,2.0,-0.72,0.027,-0.022,-3.257,29.0,25.72,0.0,19.0,1851.0,22.0,2.21,-0.04,-1.02,-0.05,1.21,0.26,3.01,228.0,,,0.0,1.0,1.0,100.0
18560,1,walk,walk,3730,,3730.0,20.0,2.0,6.0,2.0,-0.61,0.026,-0.022,-3.195,29.0,25.76,0.0,19.0,1851.0,22.0,2.26,-0.04,-1.02,-0.05,1.22,0.27,2.87,228.0,,,0.0,1.0,1.0,100.0
18580,1,walk,walk,3731,,3731.0,20.0,2.0,6.0,2.0,-0.51,0.026,0.036,-3.14,29.0,25.72,0.0,19.0,1851.0,22.0,2.3,-0.04,-1.02,-0.05,1.25,0.27,2.75,228.0,,,0.0,1.0,1.0,100.0
18600,1,walk,walk,3732,,3732.0,20.0,2.0,6.0,2.0,-0.4,0.025,-0.038,-3.109,29.0,25.76,0.0,19.0,1851.0,22.0,2.34,-0.04,-1.02,-0.05,1.3,0.25,2.66,228.0,,,0.0,1.0,1.0,100.0
18600,1,walk,walk,3733,,3733.0,20.0,2.0,6.0,2.0,-0.29,0.025,0.069,-3.008,29.0,25.76,0.0,19.0,1851.0,22.0,2.38,-0.04,-1.02,-0.05,1.38,0.24,2.6,228.0,,,0.0,1.0,1.0,100.0
18620,1,walk,walk,3734,,3734.0,20.0,2.0,6.0,2.0,-0.19,0.024,-0.045,-2.939,29.0,25.76,0.0,19.0,1851.0,22.0,2.42,-0.04,-1.02,-0.05,1.47,0.22,2.56,228.0,,,0.0,1.0,1.0,100.0
18640,1,walk,walk,3735,,3735.0,20.0,2.0,6.0,2.0,-0.09,0.023,-0.095,-2.892,29.0,25.79,0.0,19.0,1851.0,22.0,2.45,-0.04,-1.02,-0.05,1.57,0.21,2.53,228.0,,,0.0,1.0,1.0,100.0
18660,1,walk,walk,3736,,3736.0,20.0,2.0,6.0,2.0,0.02,0.023,0.072,-2.852,29.0,25.79,0.0,19.0,1851.0,22.0,2.49,-0.04,-1.02,-0.05,1.68,0.21,2.51,228.0,,,0.0,1.0,1.0,100.0
18680,1,walk,walk,3737,,3737.0,20.0,2.0,6.0,2.0,0.12,0.023,-0.007,-2.827,29.0,25.76,0.0,19.0,1851.0,22.0,2.53,-0.05,-1.02,-0.05,1.78,0.23,2.49,228.0,,,0.0,1.0,1.0,100.0
18700,1,walk,walk,3738,,3738.0,20.0,2.0,6.0,2.0,0.21,0.023,0.038,-2.838,29.0,25.76,0.0,19.0,1851.0,22.0,2.57,-0.05,-1.02,-0.05,1.88,0.25,2.45,228.0,,,0.0,1.0,1.0,100.0
18760,1,walk,walk,3739,,3739.0,20.0,2.0,6.0,2.0,0.31,0.023,-0.048,-2.83,29.0,25.76,0.0,19.0,1851.0,22.0,2.61,-0.05,-1.02,-0.05,1.96,0.29,2.39,228.0,,,0.0,1.0,1.0,100.0
18760,1,walk,walk,3740,,3740.0,20.0,2.0,6.0,2.0,0.4,0.023,-0.001,-2.818,29.0,25.79,0.0,19.0,1851.0,22.0,2.65,-0.05,-1.02,-0.05,2.04,0.34,2.31,228.0,,,0.0,1.0,1.0,100.0
18760,1,walk,walk,3741,,3741.0,20.0,2.0,6.0,2.0,0.5,0.023,-0.003,-2.815,29.0,25.79,0.0,19.0,1851.0,22.0,2.69,-0.05,-1.02,-0.05,2.1,0.39,2.21,228.0,,,0.0,1.0,1.0,100.0
18780,1,walk,walk,3742,,3742.0,20.0,2.0,6.0,2.0,0.59,0.023,0.022,-2.825,29.0,25.79,0.0,19.0,1851.0,22.0,2.73,-0.05,-1.02,-0.05,2.15,0.44,2.1,228.0,,,0.0,1.0,1.0,100.0
18820,1,walk,walk,3743,,3743.0,20.0,2.0,6.0,2.0,0.67,0.023,-0.146,-2.859,29.0,25.79,0.0,19.0,1851.0,22.0,2.76,-0.05,-1.02,-0.04,2.19,0.5,1.96,228.0,,,0.0,1.0,1.0,100.0
18820,1,walk,walk,3744,,3744.0,20.0,2.0,6.0,2.0,0.76,0.023,0.032,-2.867,29.0,25.79,0.0,19.0,1851.0,22.0,2.8,-0.05,-1.02,-0.04,2.21,0.56,1.82,228.0,,,0.0,1.0,1.0,100.0
18840,1,walk,walk,3745,,3745.0,20.0,2.0,6.0,2.0,0.84,0.023,-0.038,-2.856,29.0,25.79,0.0,19.0,1851.0,22.0,2.83,-0.05,-1.02,-0.04,2.23,0.62,1.67,228.0,,,0.0,1.0,1.0,100.0
18860,1,walk,walk,3746,,3746.0,20.0,2.0,6.0,2.0,0.93,0.023,-0.015,-2.878,29.0,25.76,0.0,19.0,1851.0,22.0,2.85,-0.05,-1.02,-0.04,2.23,0.69,1.5,228.0,,,0.0,1.0,1.0,100.0
18900,1,walk,walk,3747,,3747.0,20.0,2.0,6.0,2.0,1.01,0.023,0.015,-2.883,29.0,25.79,0.0,19.0,1851.0,22.0,2.88,-0.05,-1.02,-0.04,2.23,0.77,1.34,228.0,,,0.0,1.0,1.0,100.0
18920,1,walk,walk,3748,,3748.0,20.0,2.0,6.0,2.0,1.08,0.023,0.064,-2.896,29.0,25.79,0.0,19.0,1851.0,22.0,2.9,-0.05,-1.02,-0.04,2.22,0.85,1.17,228.0,,,0.0,1.0,1.0,100.0
18940,1,walk,walk,3749,,3749.0,20.0,2.0,6.0,2.0,1.16,0.023,0.032,-2.941,29.0,25.76,0.0,19.0,1851.0,22.0,2.91,-0.05,-1.02,-0.04,2.21,0.93,1.0,228.0,,,0.0,1.0,1.0,100.0
18940,1,walk,walk,3750,,3750.0,20.0,2.0,6.0,2.0,1.23,0.024,0.018,-3.038,29.0,25.76,0.0,19.0,1851.0,22.0,2.92,-0.05,-1.02,-0.04,2.19,1.01,0.83,228.0,,,0.0,1.0,1.0,100.0
18960,1,walk,walk,3751,,3751.0,20.0,2.0,6.0,2.0,1.3,0.024,0.025,-2.997,29.0,25.76,0.0,19.0,1851.0,22.0,2.93,-0.05,-1.02,-0.04,2.16,1.09,0.67,228.0,,,0.0,1.0,1.0,100.0
18980,1,walk,walk,3752,,3752.0,20.0,2.0,6.0,2.0,1.36,0.024,-0.009,-3.01,29.0,25.76,0.0,19.0,1851.0,22.0,2.93,-0.05,-1.02,-0.04,2.14,1.16,0.52,228.0,,,0.0,1.0,1.0,100.0
19000,1,walk,walk,3753,,3753.0,20.0,2.0,6.0,2.0,1.43,0.024,0.033,-3.008,29.0,25.76,0.0,19.0,1851.0,22.0,2.93,-0.05,-1.02,-0.04,2.11,1.22,0.4,228.0,,,0.0,1.0,1.0,100.0
19020,1,walk,walk,3754,,3754.0,20.0,2.0,6.0,2.0,1.49,0.024,0.002,-2.965,29.0,25.76,0.0,19.0,1851.0,22.0,2.92,-0.05,-1.02,-0.04,2.09,1.25,0.3,228.0,,,0.0,1.0,1.0,100.0
19080,1,walk,walk,3755,,3755.0,20.0,2.0,6.0,2.0,1.55,0.024,0.001,-3.03,29.0,25.76,0.0,19.0,1851.0,22.0,2.9,-0.05,-1.02,-0.04,2.06,1.25,0.24,228.0,,,0.0,1.0,1.0,100.0
19080,1,walk,walk,3756,,3756.0,20.0,2.0,6.0,2.0,1.6,0.024,-0.011,-2.971,29.0,25.76,0.0,19.0,1851.0,22.0,2.88,-0.05,-1.02,-0.04,2.04,1.24,0.22,228.0,,,0.0,1.0,1.0,100.0
19080,1,walk,walk,3757,,3757.0,20.0,2.0,6.0,2.0,1.65,0.024,0.003,-2.989,29.0,25.76,0.0,19.0,1851.0,22.0,2.86,-0.05,-1.02,-0.04,2.01,1.22,0.23,228.0,,,0.0,1.0,1.0,100.0
19120,1,walk,walk,3758,,3758.0,20.0,2.0,6.0,2.0,1.7,0.024,-0.028,-2.937,29.0,25.76,0.0,19.0,1851.0,22.0,2.84,-0.05,-1.02,-0.04,1.98,1.2,0.28,228.0,,,0.0,1.0,1.0,100.0
19120,1,walk,walk,3759,,3759.0,20.0,2.0,6.0,2.0,1.74,0.024,0.03,-2.946,29.0,25.79,0.0,19.0,1851.0,22.0,2.82,-0.05,-1.02,-0.04,1.95,1.17,0.34,228.0,,,0.0,1.0,1.0,100.0
19140,1,walk,walk,3760,,3760.0,20.0,2.0,6.0,2.0,1.78,0.024,-0.045,-2.958,29.0,25.76,0.0,19.0,1851.0,22.0,2.81,-0.05,-1.02,-0.04,1.92,1.14,0.42,228.0,,,0.0,1.0,1.0,100.0
19160,1,walk,walk,3761,,3761.0,20.0,2.0,6.0,2.0,1.82,0.024,0.009,-2.948,29.0,25.76,0.0,19.0,1851.0,22.0,2.8,-0.05,-1.02,-0.04,1.88,1.11,0.5,228.0,,,0.0,1.0,1.0,100.0
19200,1,walk,walk,3762,,3762.0,20.0,2.0,6.0,2.0,1.86,0.024,0.097,-2.939,29.0,25.79,0.0,19.0,1851.0,22.0,2.79,-0.05,-1.02,-0.04,1.84,1.08,0.59,228.0,,,0.0,1.0,1.0,100.0
19220,1,walk,walk,3763,,3763.0,20.0,2.0,6.0,2.0,1.89,0.023,-0.064,-2.926,29.0,25.79,0.0,19.0,1851.0,22.0,2.78,-0.05,-1.02,-0.04,1.8,1.06,0.68,228.0,,,0.0,1.0,1.0,100.0
19260,1,walk,walk,3764,,3764.0,20.0,2.0,6.0,2.0,1.93,0.023,0.029,-2.915,29.0,25.76,0.0,19.0,1851.0,22.0,2.78,-0.05,-1.02,-0.04,1.75,1.03,0.77,228.0,,,0.0,1.0,1.0,100.0
19260,1,walk,walk,3765,,3765.0,20.0,2.0,6.0,2.0,1.96,0.023,-0.104,-2.902,29.0,25.76,0.0,19.0,1851.0,22.0,2.78,-0.05,-1.02,-0.04,1.7,1.0,0.86,228.0,,,0.0,1.0,1.0,100.0
19260,1,walk,walk,3766,,3766.0,20.0,2.0,6.0,2.0,1.99,0.023,-0.065,-2.899,29.0,25.79,0.0,19.0,1851.0,22.0,2.78,-0.05,-1.02,-0.04,1.65,0.98,0.95,228.0,,,0.0,1.0,1.0,100.0
19300,1,walk,walk,3767,,3767.0,20.0,2.0,6.0,2.0,2.02,0.023,-0.01,-2.88,29.0,25.79,0.0,19.0,1851.0,22.0,2.79,-0.05,-1.02,-0.04,1.6,0.96,1.03,228.0,,,0.0,1.0,1.0,100.0
19300,1,walk,walk,3768,,3768.0,20.0,2.0,6.0,2.0,2.04,0.023,-0.018,-2.882,29.0,25.79,0.0,19.0,1851.0,22.0,2.8,-0.05,-1.02,-0.04,1.54,0.95,1.11,228.0,,,0.0,1.0,1.0,100.0
19320,1,walk,walk,3769,,3769.0,20.0,2.0,6.0,2.0,2.07,0.023,0.007,-2.857,29.0,25.79,0.0,19.0,1851.0,22.0,2.81,-0.05,-1.02,-0.04,1.48,0.94,1.17,228.0,,,0.0,1.0,1.0,100.0
19340,1,walk,walk,3770,,3770.0,20.0,2.0,6.0,2.0,2.1,0.023,-0.046,-2.859,29.0,25.79,0.0,19.0,1851.0,22.0,2.83,-0.05,-1.02,-0.04,1.41,0.95,1.22,228.0,,,0.0,1.0,1.0,100.0
19360,1,walk,walk,3771,,3771.0,20.0,2.0,6.0,2.0,2.13,0.023,0.014,-2.809,29.0,25.79,0.0,19.0,1851.0,22.0,2.85,-0.05,-1.02,-0.04,1.34,0.96,1.25,228.0,,,0.0,1.0,1.0,100.0
19380,1,walk,walk,3772,,3772.0,20.0,2.0,6.0,2.0,2.16,0.023,-0.053,-2.818,29.0,25.79,0.0,19.0,1851.0,22.0,2.88,-0.05,-1.02,-0.04,1.28,0.98,1.26,228.0,,,0.0,1.0,1.0,100.0
19420,1,walk,walk,3773,,3773.0,20.0,2.0,6.0,2.0,2.19,0.023,-0.045,-2.829,29.0,25.79,0.0,19.0,1851.0,22.0,2.9,-0.05,-1.02,-0.04,1.22,1.0,1.26,228.0,,,0.0,1.0,1.0,100.0
19420,1,walk,walk,3774,,3774.0,20.0,2.0,6.0,2.0,2.21,0.023,-0.07,-2.836,29.0,25.79,0.0,19.0,1851.0,22.0,2.92,-0.05,-1.02,-0.04,1.16,1.02,1.24,228.0,,,0.0,1.0,1.0,100.0
19440,1,walk,walk,3775,,3775.0,20.0,2.0,6.0,2.0,2.24,0.023,0.085,-2.818,29.0,25.79,0.0,19.0,1851.0,22.0,2.94,-0.05,-1.02,-0.04,1.11,1.05,1.21,228.0,,,0.0,1.0,1.0,100.0
19460,1,walk,walk,3776,,3776.0,20.0,2.0,6.0,2.0,2.27,0.023,-0.06,-2.824,29.0,25.79,0.0,19.0,1851.0,22.0,2.96,-0.05,-1.02,-0.04,1.07,1.06,1.17,228.0,,,0.0,1.0,1.0,100.0
19480,1,walk,walk,3777,,3777.0,20.0,2.0,6.0,2.0,2.3,0.023,-0.062,-2.796,29.0,25.79,0.0,19.0,1851.0,22.0,2.98,-0.05,-1.02,-0.04,1.04,1.08,1.12,228.0,,,0.0,1.0,1.0,100.0
19520,1,walk,walk,3778,,3778.0,20.0,2.0,6.0,2.0,2.33,0.023,-0.046,-2.783,29.0,25.79,0.0,19.0,1851.0,22.0,2.99,-0.05,-1.02,-0.04,1.01,1.09,1.07,228.0,,,0.0,1.0,1.0,100.0
19540,1,walk,walk,3779,,3779.0,20.0,2.0,6.0,2.0,2.36,0.023,-0.001,-2.796,29.0,25.79,0.0,19.0,1851.0,22.0,3.0,-0.05,-1.02,-0.04,0.98,1.1,1.03,228.0,,,0.0,1.0,1.0,100.0
19560,1,walk,walk,3780,,3780.0,20.0,2.0,6.0,2.0,2.39,0.022,0.005,-2.783,29.0,25.79,0.0,19.0,1851.0,22.0,3.0,-0.05,-1.02,-0.04,0.96,1.1,0.99,228.0,,,0.0,1.0,1.0,100.0
19580,1,walk,walk,3781,,3781.0,20.0,2.0,6.0,2.0,2.42,0.022,0.041,-2.761,29.0,25.79,0.0,19.0,1851.0,22.0,3.01,-0.05,-1.02,-0.04,0.92,1.11,0.96,228.0,,,0.0,1.0,1.0,100.0
19580,1,walk,walk,3782,,3782.0,20.0,2.0,6.0,2.0,2.45,0.022,0.049,-2.745,29.0,25.79,0.0,19.0,1851.0,22.0,3.01,-0.05,-1.02,-0.04,0.89,1.11,0.93,228.0,,,0.0,1.0,1.0,100.0
19600,1,walk,walk,3783,,3783.0,20.0,2.0,6.0,2.0,2.48,0.022,0.007,-2.715,29.0,25.79,0.0,19.0,1851.0,22.0,3.01,-0.05,-1.02,-0.04,0.85,1.12,0.91,228.0,,,0.0,1.0,1.0,100.0
19620,1,walk,walk,3784,,3784.0,20.0,2.0,6.0,2.0,2.51,0.022,-0.007,-2.711,29.0,25.79,0.0,19.0,1851.0,22.0,3.01,-0.05,-1.02,-0.04,0.82,1.11,0.89,228.0,,,0.0,1.0,1.0,100.0
19640,1,walk,walk,3785,,3785.0,20.0,2.0,6.0,2.0,2.54,0.022,0.028,-2.779,29.0,25.79,0.0,19.0,1851.0,22.0,3.02,-0.05,-1.02,-0.04,0.78,1.11,0.86,228.0,,,0.0,1.0,1.0,100.0
19660,1,walk,walk,3786,,3786.0,20.0,2.0,6.0,2.0,2.57,0.022,0.021,-2.722,29.0,25.79,0.0,19.0,1851.0,22.0,3.02,-0.05,-1.02,-0.04,0.74,1.1,0.84,228.0,,,0.0,1.0,1.0,100.0
19680,1,walk,walk,3787,,3787.0,20.0,2.0,6.0,2.0,2.6,0.022,-0.053,-2.695,29.0,25.79,0.0,19.0,1851.0,22.0,3.03,-0.05,-1.02,-0.04,0.71,1.09,0.82,228.0,,,0.0,1.0,1.0,100.0
19740,1,walk,walk,3788,,3788.0,20.0,2.0,6.0,2.0,2.63,0.022,0.023,-2.702,29.0,25.79,0.0,19.0,1851.0,22.0,3.03,-0.05,-1.02,-0.04,0.67,1.08,0.79,228.0,,,0.0,1.0,1.0,100.0
19740,1,walk,walk,3789,,3789.0,20.0,2.0,6.0,2.0,2.65,0.022,0.069,-2.682,29.0,25.79,0.0,19.0,1851.0,22.0,3.03,-0.05,-1.02,-0.04,0.65,1.07,0.77,228.0,,,0.0,1.0,1.0,100.0
19740,1,walk,walk,3790,,3790.0,20.0,2.0,6.0,2.0,2.68,0.022,-0.041,-2.712,29.0,25.79,0.0,19.0,1851.0,22.0,3.04,-0.05,-1.02,-0.04,0.63,1.05,0.76,228.0,,,0.0,1.0,1.0,100.0
19760,1,walk,walk,3791,,3791.0,20.0,2.0,6.0,2.0,2.7,0.022,0.069,-2.699,29.0,25.79,0.0,19.0,1851.0,22.0,3.04,-0.05,-1.02,-0.04,0.61,1.03,0.75,228.0,,,0.0,1.0,1.0,100.0
19780,1,walk,walk,3792,,3792.0,20.0,2.0,6.0,2.0,2.73,0.022,-0.041,-2.643,29.0,25.83,0.0,19.0,1851.0,22.0,3.04,-0.05,-1.02,-0.04,0.61,1.02,0.74,228.0,,,0.0,1.0,1.0,100.0
19800,1,walk,walk,3793,,3793.0,20.0,2.0,6.0,2.0,2.75,0.022,0.032,-2.692,29.0,25.79,0.0,19.0,1851.0,22.0,3.04,-0.05,-1.02,-0.04,0.61,1.0,0.73,228.0,,,0.0,1.0,1.0,100.0
19820,1,walk,walk,3794,,3794.0,20.0,2.0,6.0,2.0,2.77,0.021,-0.021,-2.605,29.0,25.79,0.0,19.0,1851.0,22.0,3.04,-0.05,-1.02,-0.04,0.61,0.98,0.73,228.0,,,0.0,1.0,1.0,100.0
19840,1,walk,walk,3795,,3795.0,20.0,2.0,6.0,2.0,2.8,0.021,0.076,-2.644,29.0,25.83,0.0,19.0,1851.0,22.0,3.04,-0.05,-1.02,-0.04,0.62,0.97,0.74,228.0,,,0.0,1.0,1.0,100.0
19860,1,walk,walk,3796,,3796.0,20.0,2.0,6.0,2.0,2.82,0.021,-0.037,-2.623,29.0,25.79,0.0,19.0,1851.0,22.0,3.04,-0.05,-1.02,-0.04,0.62,0.96,0.73,228.0,,,0.0,1.0,1.0,100.0
19900,1,walk,walk,3797,,3797.0,20.0,2.0,6.0,2.0,2.84,0.021,-0.018,-2.622,29.0,25.79,0.0,19.0,1851.0,22.0,3.05,-0.05,-1.02,-0.04,0.63,0.96,0.72,228.0,,,0.0,1.0,1.0,100.0
19900,1,walk,walk,3798,,3798.0,20.0,2.0,6.0,2.0,2.86,0.021,0.026,-2.644,29.0,25.83,0.0,19.0,1851.0,22.0,3.05,-0.05,-1.02,-0.04,0.64,0.96,0.7,228.0,,,0.0,1.0,1.0,100.0
19920,1,walk,walk,3799,,3799.0,20.0,2.0,6.0,2.0,2.88,0.021,0.006,-2.607,29.0,25.79,0.0,19.0,1851.0,22.0,3.05,-0.05,-1.02,-0.04,0.64,0.96,0.67,228.0,,,0.0,1.0,1.0,100.0
19940,1,walk,walk,3800,,3800.0,20.0,2.0,6.0,2.0,2.9,0.021,-0.072,-2.669,29.0,25.79,0.0,19.0,1851.0,22.0,3.06,-0.05,-1.02,-0.04,0.66,0.98,0.64,228.0,,,0.0,1.0,1.0,100.0
19960,1,walk,walk,3801,,3801.0,20.0,2.0,6.0,2.0,2.91,0.021,-0.068,-2.636,29.0,25.79,0.0,19.0,1851.0,22.0,3.06,-0.05,-1.02,-0.04,0.67,1.0,0.6,228.0,,,0.0,1.0,1.0,100.0
19980,1,walk,walk,3802,,3802.0,20.0,2.0,6.0,2.0,2.93,0.021,0.003,-2.646,29.0,25.79,0.0,19.0,1851.0,22.0,3.07,-0.05,-1.02,-0.04,0.68,1.03,0.56,228.0,,,0.0,1.0,1.0,100.0
20540,1,walk,walk,3803,,3803.0,20.0,2.0,6.0,2.0,2.95,0.021,-0.116,-2.68,29.0,25.79,0.0,19.0,1851.0,22.0,3.07,-0.05,-1.02,-0.04,0.69,1.05,0.52,228.0,TEST2RR,AKR_TEST2RR,0.0,1.0,1.0,100.0
20640,1,walk,walk,3804,,3804.0,20.0,2.0,6.0,2.0,2.97,0.021,-0.007,-2.64,29.0,25.79,0.0,19.0,1851.0,22.0,3.06,-0.05,-1.02,-0.04,0.69,1.08,0.5,228.0,TEST2RR,AKR_TEST2RR,0.0,1.0,1.0,100.0
20640,1,walk,walk,3805,,3805.0,20.0,2.0,6.0,2.0,2.98,0.022,0.014,-2.665,29.0,25.79,0.0,19.0,1851.0,22.0,3.06,-0.05,-1.02,-0.04,0.69,1.1,0.48,228.0,TEST2RR,AKR_TEST2RR,0.0,1.0,1.0,100.0
20640,1,walk,walk,3806,,3806.0,20.0,2.0,6.0,2.0,3.0,0.021,0.013,-2.663,29.0,25.79,0.0,19.0,1851.0,22.0,3.05,-0.05,-1.02,-0.04,0.69,1.12,0.47,228.0,TEST2RR,AKR_TEST2RR,0.0,1.0,1.0,100.0
20640,1,walk,walk,3807,,3807.0,20.0,2.0,6.0,2.0,3.01,0.021,-0.034,-2.68,29.0,25.79,0.0,19.0,1851.0,22.0,3.04,-0.05,-1.02,-0.04,0.69,1.14,0.46,228.0,TEST2RR,AKR_TEST2RR,0.0,1.0,1.0,100.0
20640,1,walk,walk,3808,,3808.0,20.0,2.0,6.0,2.0,3.02,0.021,0.011,-2.636,29.0,25.79,0.0,19.0,1851.0,22.0,3.04,-0.05,-1.02,-0.04,0.68,1.15,0.46,228.0,TEST2RR,AKR_TEST2RR,0.0,1.0,1.0,100.0
20640,1,walk,walk,3809,,3809.0,20.0,2.0,6.0,2.0,3.04,0.022,-0.005,-2.691,29.0,25.79,0.0,19.0,1851.0,22.0,3.03,-0.05,-1.02,-0.04,0.67,1.16,0.47,228.0,TEST2RR,AKR_TEST2RR,0.0,1.0,1.0,100.0
20640,1,walk,walk,3810,,3810.0,20.0,2.0,6.0,2.0,3.05,0.022,0.029,-2.635,29.0,25.79,0.0,19.0,1851.0,22.0,3.03,-0.05,-1.02,-0.04,0.65,1.15,0.49,228.0,TEST2RR,AKR_TEST2RR,0.0,1.0,1.0,100.0
20640,1,walk,walk,3811,,3811.0,20.0,2.0,6.0,2.0,3.06,0.021,0.015,-2.632,29.0,25.79,0.0,19.0,1851.0,22.0,3.02,-0.05,-1.02,-0.04,0.64,1.14,0.51,228.0,TEST2RR,AKR_TEST2RR,0.0,1.0,1.0,100.0
20640,1,walk,walk,3812,,3812.0,20.0,2.0,6.0,2.0,3.07,0.021,-0.014,-2.655,29.0,25.79,0.0,19.0,1851.0,22.0,3.01,-0.05,-1.02,-0.04,0.61,1.12,0.54,228.0,TEST2RR,AKR_TEST2RR,0.0,1.0,1.0,100.0
20640,1,walk,walk,3813,,3813.0,20.0,2.0,6.0,2.0,3.08,0.021,-0.04,-2.676,29.0,25.79,0.0,19.0,1851.0,22.0,3.01,-0.05,-1.02,-0.04,0.59,1.1,0.57,228.0,TEST2RR,AKR_TEST2RR,0.0,1.0,1.0,100.0
20640,1,walk,walk,3814,,3814.0,20.0,2.0,6.0,2.0,3.09,0.021,-0.032,-2.641,29.0,25.79,0.0,19.0,1851.0,22.0,3.01,-0.05,-1.02,-0.04,0.57,1.07,0.6,228.0,TEST2RR,AKR_TEST2RR,0.0,1.0,1.0,100.0
20640,1,walk,walk,3815,,3815.0,20.0,2.0,6.0,2.0,3.1,0.021,0.023,-2.648,29.0,25.79,0.0,19.0,1851.0,22.0,3.01,-0.05,-1.02,-0.04,0.55,1.04,0.62,228.0,TEST2RR,AKR_TEST2RR,0.0,1.0,1.0,100.0
20640,1,walk,walk,3816,,3816.0,20.0,2.0,6.0,2.0,3.11,0.021,-0.062,-2.652,29.0,25.79,0.0,19.0,1851.0,22.0,3.01,-0.05,-1.02,-0.04,0.54,1.02,0.64,228.0,TEST2RR,AKR_TEST2RR,0.0,1.0,1.0,100.0
20640,1,walk,walk,3817,,3817.0,20.0,2.0,6.0,2.0,3.12,0.021,0.045,-2.652,29.0,25.79,0.0,19.0,1851.0,22.0,3.01,-0.05,-1.02,-0.04,0.53,1.0,0.65,228.0,TEST2RR,AKR_TEST2RR,0.0,1.0,1.0,100.0
20640,1,walk,walk,3818,,3818.0,20.0,2.0,6.0,2.0,3.13,0.021,0.028,-2.651,29.0,25.83,0.0,19.0,1851.0,22.0,3.02,-0.05,-1.02,-0.04,0.53,0.99,0.65,228.0,TEST2RR,AKR_TEST2RR,0.0,1.0,1.0,100.0
20640,1,walk,walk,3819,,3819.0,20.0,2.0,6.0,2.0,3.14,0.021,0.044,-2.648,29.0,25.79,0.0,19.0,1851.0,22.0,3.02,-0.05,-1.02,-0.04,0.52,0.97,0.66,228.0,TEST2RR,AKR_TEST2RR,0.0,1.0,1.0,100.0
20640,1,walk,walk,3820,,3820.0,20.0,2.0,6.0,2.0,3.15,0.021,-0.034,-2.642,29.0,25.79,0.0,19.0,1851.0,22.0,3.03,-0.05,-1.02,-0.04,0.51,0.95,0.66,228.0,TEST2RR,AKR_TEST2RR,0.0,1.0,1.0,100.0
20640,1,walk,walk,3821,,3821.0,20.0,2.0,6.0,2.0,3.16,0.021,0.029,-2.651,29.0,25.83,0.0,19.0,1851.0,22.0,3.03,-0.05,-1.02,-0.04,0.51,0.92,0.66,228.0,TEST2RR,AKR_TEST2RR,0.0,1.0,1.0,100.0
20640,1,walk,walk,3822,,3822.0,20.0,2.0,6.0,2.0,3.17,0.021,-0.058,-2.593,29.0,25.83,0.0,19.0,1851.0,22.0,3.03,-0.05,-1.02,-0.05,0.51,0.88,0.66,228.0,TEST2RR,AKR_TEST2RR,0.0,1.0,1.0,100.0
20640,1,walk,walk,3823,,3823.0,20.0,2.0,6.0,2.0,3.17,0.021,0.062,-2.635,29.0,25.83,0.0,19.0,1851.0,22.0,3.03,-0.05,-1.02,-0.05,0.51,0.84,0.67,228.0,TEST2RR,AKR_TEST2RR,0.0,1.0,1.0,100.0
20640,1,walk,walk,3824,,3824.0,20.0,2.0,6.0,2.0,3.18,0.021,-0.005,-2.6,29.0,25.83,0.0,19.0,1851.0,22.0,3.03,-0.05,-1.02,-0.05,0.52,0.81,0.68,228.0,TEST2RR,AKR_TEST2RR,0.0,1.0,1.0,100.0
20640,1,walk,walk,3825,,3825.0,20.0,2.0,6.0,2.0,3.19,0.021,0.03,-2.596,29.0,25.83,0.0,19.0,1851.0,22.0,3.03,-0.05,-1.02,-0.05,0.53,0.79,0.7,228.0,TEST2RR,AKR_TEST2RR,0.0,1.0,1.0,100.0
20640,1,walk,walk,3826,,3826.0,20.0,2.0,6.0,2.0,3.2,0.021,-0.048,-2.56,29.0,25.83,0.0,19.0,1851.0,22.0,3.03,-0.05,-1.02,-0.05,0.55,0.78,0.72,228.0,TEST2RR,AKR_TEST2RR,0.0,1.0,1.0,100.0
20640,1,walk,walk,3827,,3827.0,20.0,2.0,6.0,2.0,3.21,0.021,-0.044,-2.557,29.0,25.83,0.0,19.0,1851.0,22.0,3.04,-0.05,-1.02,-0.05,0.57,0.78,0.74,228.0,TEST2RR,AKR_TEST2RR,0.0,1.0,1.0,100.0
20640,1,walk,walk,3828,,3828.0,20.0,2.0,6.0,2.0,3.22,0.021,-0.113,-2.571,29.0,25.79,0.0,19.0,1851.0,22.0,3.05,-0.05,-1.02,-0.05,0.59,0.8,0.75,228.0,TEST2RR,AKR_TEST2RR,0.0,1.0,1.0,100.0
20640,1,walk,walk,3829,,3829.0,20.0,2.0,6.0,2.0,3.23,0.021,0.083,-2.574,29.0,25.83,0.0,19.0,1851.0,22.0,3.05,-0.05,-1.02,-0.05,0.63,0.83,0.75,228.0,TEST2RR,AKR_TEST2RR,0.0,1.0,1.0,100.0
20660,1,walk,walk,3830,,3830.0,20.0,2.0,6.0,2.0,3.24,0.021,-0.026,-2.567,29.0,25.83,0.0,19.0,1851.0,22.0,3.06,-0.05,-1.02,-0.05,0.67,0.87,0.74,228.0,TEST2RR,AKR_TEST2RR,0.0,1.0,1.0,100.0
20660,1,walk,walk,3831,,3831.0,20.0,2.0,6.0,2.0,3.24,0.021,-0.007,-2.627,29.0,25.79,0.0,19.0,1851.0,22.0,3.06,-0.05,-1.02,-0.05,0.71,0.92,0.72,228.0,TEST2RR,AKR_TEST2RR,0.0,1.0,1.0,100.0
20660,1,walk,walk,3832,,3832.0,20.0,2.0,6.0,2.0,3.25,0.021,-0.011,-2.623,29.0,25.79,0.0,19.0,1851.0,22.0,3.07,-0.05,-1.02,-0.05,0.75,0.96,0.69,228.0,TEST2RR,AKR_TEST2RR,0.0,1.0,1.0,100.0
20660,1,walk,walk,3833,,3833.0,20.0,2.0,6.0,2.0,3.26,0.021,-0.037,-2.593,29.0,25.83,0.0,19.0,1851.0,22.0,3.07,-0.05,-1.02,-0.05,0.79,1.0,0.66,228.0,TEST2RR,AKR_TEST2RR,0.0,1.0,1.0,100.0
20660,1,walk,walk,3834,,3834.0,20.0,2.0,6.0,2.0,3.27,0.021,0.01,-2.562,29.0,25.83,0.0,19.0,1851.0,22.0,3.07,-0.05,-1.02,-0.05,0.84,1.02,0.64,228.0,TEST2RR,AKR_TEST2RR,0.0,1.0,1.0,100.0
20660,1,walk,walk,3835,,3835.0,20.0,2.0,6.0,2.0,3.28,0.021,-0.014,-2.564,29.0,25.83,0.0,19.0,1851.0,22.0,3.07,-0.05,-1.02,-0.05,0.89,1.04,0.62,228.0,TEST2RR,AKR_TEST2RR,0.0,1.0,1.0,100.0
20720,1,walk,walk,3836,,3836.0,20.0,2.0,6.0,2.0,3.29,0.021,0.01,-2.593,29.0,25.83,0.0,19.0,1851.0,22.0,3.06,-0.05,-1.02,-0.05,0.94,1.05,0.59,228.0,TEST2RR,AKR_TEST2RR,0.0,1.0,1.0,100.0
20720,1,walk,walk,3837,,3837.0,20.0,2.0,6.0,2.0,3.3,0.021,-0.011,-2.577,29.0,25.79,0.0,19.0,1851.0,22.0,3.06,-0.05,-1.02,-0.05,0.98,1.04,0.58,229.0,TEST2RR,AKR_TEST2RR,0.0,1.0,1.0,100.0
20720,1,walk,walk,3838,,3838.0,20.0,2.0,6.0,2.0,3.3,0.021,0.018,-2.592,29.0,25.83,0.0,19.0,1851.0,22.0,3.05,-0.05,-1.02,-0.05,1.03,1.03,0.56,229.0,TEST2RR,AKR_TEST2RR,0.0,1.0,1.0,100.0
20760,1,walk,walk,3839,,3839.0,20.0,2.0,6.0,2.0,3.31,0.021,0.018,-2.63,29.0,25.83,0.0,19.0,1851.0,22.0,3.05,-0.05,-1.02,-0.05,1.07,1.03,0.55,229.0,TEST2RR,AKR_TEST2RR,0.0,1.0,1.0,100.0
20760,1,walk,walk,3840,,3840.0,20.0,2.0,6.0,2.0,3.32,0.021,-0.085,-2.585,29.0,25.79,0.0,19.0,1851.0,22.0,3.05,-0.05,-1.02,-0.05,1.11,1.02,0.54,229.0,TEST2RR,AKR_TEST2RR,0.0,1.0,1.0,100.0
20760,1,walk,walk,3841,,3841.0,20.0,2.0,6.0,2.0,3.33,0.021,-0.069,-2.644,29.0,25.83,0.0,19.0,1851.0,22.0,3.04,-0.05,-1.02,-0.05,1.15,1.02,0.53,229.0,TEST2RR,AKR_TEST2RR,0.0,1.0,1.0,100.0
20780,1,walk,walk,3842,,3842.0,20.0,2.0,6.0,2.0,3.34,0.021,-0.04,-2.602,29.0,25.83,0.0,19.0,1851.0,22.0,3.04,-0.05,-1.02,-0.05,1.18,1.03,0.53,229.0,TEST2RR,AKR_TEST2RR,0.0,1.0,1.0,100.0
20800,1,walk,walk,3843,,3843.0,20.0,2.0,6.0,2.0,3.34,0.021,0.033,-2.569,29.0,25.79,0.0,19.0,1851.0,22.0,3.04,-0.05,-1.02,-0.05,1.2,1.04,0.53,229.0,TEST2RR,AKR_TEST2RR,0.0,1.0,1.0,100.0
20820,1,walk,walk,3844,,3844.0,20.0,2.0,6.0,2.0,3.35,0.021,-0.015,-2.629,29.0,25.79,0.0,19.0,1851.0,22.0,3.03,-0.05,-1.02,-0.05,1.22,1.06,0.53,229.0,TEST2RR,AKR_TEST2RR,0.0,1.0,1.0,100.0
20860,1,walk,walk,3845,,3845.0,20.0,2.0,6.0,2.0,3.36,0.021,0.069,-2.59,29.0,25.83,0.0,19.0,1851.0,22.0,3.03,-0.05,-1.02,-0.05,1.23,1.08,0.53,229.0,TEST2RR,AKR_TEST2RR,0.0,1.0,1.0,100.0
20860,1,walk,walk,3846,,3846.0,20.0,2.0,6.0,2.0,3.36,0.021,0.058,-2.623,29.0,25.79,0.0,19.0,1851.0,22.0,3.03,-0.05,-1.02,-0.05,1.24,1.09,0.53,229.0,TEST2RR,AKR_TEST2RR,0.0,1.0,1.0,100.0
20880,1,walk,walk,3847,,3847.0,20.0,2.0,6.0,2.0,3.37,0.021,-0.034,-2.635,29.0,25.83,0.0,19.0,1851.0,22.0,3.03,-0.05,-1.02,-0.05,1.25,1.1,0.53,229.0,TEST2RR,AKR_TEST2RR,0.0,1.0,1.0,100.0
20920,1,walk,walk,3848,,3848.0,20.0,2.0,6.0,2.0,3.37,0.021,-0.011,-2.624,29.0,25.83,0.0,19.0,1851.0,22.0,3.03,-0.05,-1.02,-0.05,1.25,1.11,0.52,229.0,TEST2RR,AKR_TEST2RR,0.0,1.0,1.0,100.0
20920,1,walk,walk,3849,,3849.0,20.0,2.0,6.0,2.0,3.38,0.021,0.001,-2.616,29.0,25.79,0.0,19.0,1851.0,22.0,3.03,-0.05,-1.02,-0.05,1.26,1.13,0.51,229.0,TEST2RR,AKR_TEST2RR,0.0,1.0,1.0,100.0
20940,1,walk,walk,3850,,3850.0,20.0,2.0,6.0,2.0,3.38,0.021,-0.073,-2.567,29.0,25.79,0.0,19.0,1851.0,22.0,3.03,-0.05,-1.02,-0.05,1.26,1.14,0.5,229.0,TEST2RR,AKR_TEST2RR,0.0,1.0,1.0,100.0
20960,1,walk,walk,3851,,3851.0,20.0,2.0,6.0,2.0,3.39,0.021,-0.069,-2.622,29.0,25.79,0.0,19.0,1851.0,22.0,3.03,-0.05,-1.02,-0.05,1.27,1.17,0.49,229.0,TEST2RR,AKR_TEST2RR,0.0,1.0,1.0,100.0
20980,1,walk,walk,3852,,3852.0,20.0,1.0,6.0,2.0,3.39,0.021,0.045,-2.612,29.0,25.79,0.0,18.0,1851.0,22.0,3.03,-0.05,-1.02,-0.05,1.27,1.19,0.47,229.0,TEST2RR,AKR_TEST2RR,0.0,1.0,1.0,100.0
21000,1,walk,walk,3853,,3853.0,20.0,2.0,6.0,2.0,3.39,0.021,0.048,-2.655,29.0,25.79,0.0,19.0,1851.0,22.0,3.03,-0.05,-1.02,-0.05,1.27,1.22,0.46,229.0,TEST2RR,AKR_TEST2RR,0.0,1.0,1.0,100.0
21040,1,walk,walk,3854,,3854.0,20.0,2.0,6.0,2.0,3.4,0.021,0.06,-2.631,29.0,25.83,0.0,19.0,1851.0,22.0,3.03,-0.05,-1.02,-0.05,1.27,1.26,0.43,229.0,TEST2RR,AKR_TEST2RR,0.0,1.0,1.0,100.0
21040,1,walk,walk,3855,,3855.0,20.0,2.0,6.0,2.0,3.4,0.021,-0.099,-2.642,29.0,25.79,0.0,19.0,1851.0,22.0,3.03,-0.05,-1.02,-0.05,1.26,1.29,0.41,229.0,TEST2RR,AKR_TEST2RR,0.0,1.0,1.0,100.0
21080,1,walk,walk,3856,,3856.0,20.0,2.0,6.0,2.0,3.4,0.021,-0.009,-2.638,29.0,25.79,0.0,19.0,1851.0,22.0,3.02,-0.05,-1.02,-0.05,1.26,1.33,0.39,229.0,TEST2RR,AKR_TEST2RR,0.0,1.0,1.0,100.0
21080,1,walk,walk,3857,,3857.0,20.0,2.0,6.0,2.0,3.41,0.021,-0.083,-2.708,29.0,25.79,0.0,19.0,1851.0,22.0,3.02,-0.05,-1.02,-0.05,1.25,1.37,0.36,229.0,TEST2RR,AKR_TEST2RR,0.0,1.0,1.0,100.0
21120,1,walk,walk,3858,,3858.0,20.0,2.0,6.0,2.0,3.41,0.021,0.084,-2.654,29.0,25.79,0.0,19.0,1851.0,22.0,3.02,-0.05,-1.02,-0.05,1.25,1.39,0.33,229.0,TEST2RR,AKR_TEST2RR,0.0,1.0,1.0,100.0
21120,1,walk,walk,3859,,3859.0,20.0,2.0,6.0,2.0,3.41,0.021,0.017,-2.635,29.0,25.79,0.0,19.0,1851.0,22.0,3.01,-0.05,-1.02,-0.05,1.24,1.41,0.31,229.0,TEST2RR,AKR_TEST2RR,0.0,1.0,1.0,100.0
21160,1,walk,walk,3860,,3860.0,20.0,2.0,6.0,2.0,3.41,0.022,0.011,-2.658,29.0,25.79,0.0,19.0,1851.0,22.0,3.01,-0.05,-1.02,-0.05,1.23,1.42,0.28,229.0,TEST2RR,AKR_TEST2RR,0.0,1.0,1.0,100.0
21160,1,walk,walk,3861,,3861.0,20.0,2.0,6.0,2.0,3.41,0.022,0.007,-2.665,29.0,25.79,0.0,19.0,1851.0,22.0,3.01,-0.05,-1.02,-0.05,1.21,1.42,0.27,229.0,TEST2RR,AKR_TEST2RR,0.0,1.0,1.0,100.0
21180,1,walk,walk,3862,,3862.0,20.0,2.0,6.0,2.0,3.42,0.022,0.033,-2.643,29.0,25.79,0.0,19.0,1851.0,22.0,3.0,-0.05,-1.02,-0.05,1.2,1.41,0.25,229.0,TEST2RR,AKR_TEST2RR,0.0,1.0,1.0,100.0
21240,1,walk,walk,3863,,3863.0,20.0,2.0,6.0,2.0,3.42,0.022,-0.077,-2.68,29.0,25.79,0.0,19.0,1851.0,22.0,3.0,-0.05,-1.02,-0.05,1.18,1.4,0.24,229.0,TEST2RR,AKR_TEST2RR,0.0,1.0,1.0,100.0
21240,1,walk,walk,3864,,3864.0,20.0,2.0,6.0,2.0,3.42,0.022,-0.018,-2.675,29.0,25.79,0.0,19.0,1851.0,22.0,2.99,-0.05,-1.02,-0.05,1.17,1.39,0.23,229.0,TEST2RR,AKR_TEST2RR,0.0,1.0,1.0,100.0
21240,1,walk,walk,3865,,3865.0,20.0,2.0,6.0,2.0,3.42,0.022,0.011,-2.648,29.0,25.79,0.0,19.0,1851.0,22.0,2.98,-0.05,-1.02,-0.05,1.15,1.38,0.22,229.0,TEST2RR,AKR_TEST2RR,0.0,1.0,1.0,100.0
21280,1,walk,walk,3866,,3866.0,20.0,2.0,6.0,2.0,3.42,0.022,0.093,-2.713,29.0,25.79,0.0,19.0,1851.0,22.0,2.98,-0.05,-1.02,-0.05,1.14,1.36,0.22,229.0,TEST2RR,AKR_TEST2RR,0.0,1.0,1.0,100.0
21300,1,walk,walk,3867,,3867.0,20.0,2.0,6.0,2.0,3.41,0.022,0.009,-2.691,29.0,25.79,0.0,19.0,1851.0,22.0,2.97,-0.05,-1.02,-0.05,1.13,1.34,0.22,229.0,TEST2RR,AKR_TEST2RR,0.0,1.0,1.0,100.0
21320,1,walk,walk,3868,,3868.0,20.0,2.0,6.0,2.0,3.41,0.022,-0.049,-2.699,29.0,25.79,0.0,19.0,1851.0,22.0,2.96,-0.05,-1.02,-0.05,1.11,1.33,0.23,229.0,TEST2RR,AKR_TEST2RR,0.0,1.0,1.0,100.0
21340,1,walk,walk,3869,,3869.0,20.0,2.0,6.0,2.0,3.41,0.022,-0.01,-2.637,29.0,25.79,0.0,19.0,1851.0,22.0,2.96,-0.05,-1.02,-0.05,1.1,1.31,0.24,229.0,TEST2RR,AKR_TEST2RR,0.0,1.0,1.0,100.0
21340,1,walk,walk,3870,,3870.0,20.0,2.0,6.0,2.0,3.41,0.022,0.032,-2.659,29.0,25.79,0.0,19.0,1851.0,22.0,2.95,-0.05,-1.02,-0.05,1.09,1.29,0.27,229.0,TEST2RR,AKR_TEST2RR,0.0,1.0,1.0,100.0
21360,1,walk,walk,3871,,3871.0,20.0,2.0,6.0,2.0,3.41,0.022,0.01,-2.666,29.0,25.79,0.0,19.0,1851.0,22.0,2.94,-0.05,-1.02,-0.05,1.08,1.28,0.3,229.0,TEST2RR,AKR_TEST2RR,0.0,1.0,1.0,100.0
21400,1,walk,walk,3872,,3872.0,20.0,2.0,6.0,2.0,3.41,0.022,0.066,-2.672,29.0,25.79,0.0,19.0,1851.0,22.0,2.94,-0.05,-1.02,-0.05,1.07,1.27,0.32,229.0,TEST2RR,AKR_TEST2RR,0.0,1.0,1.0,100.0
21400,1,walk,walk,3873,,3873.0,20.0,2.0,6.0,2.0,3.4,0.022,0.091,-2.685,29.0,25.79,0.0,19.0,1851.0,22.0,2.93,-0.05,-1.02,-0.05,1.06,1.26,0.35,229.0,TEST2RR,AKR_TEST2RR,0.0,1.0,1.0,100.0
21440,1,walk,walk,3874,,3874.0,20.0,2.0,6.0,2.0,3.4,0.022,0.015,-2.678,29.0,25.83,0.0,19.0,1851.0,22.0,2.93,-0.05,-1.02,-0.05,1.05,1.25,0.36,229.0,TEST2RR,AKR_TEST2RR,0.0,1.0,1.0,100.0
21460,1,walk,walk,3875,,3875.0,20.0,2.0,6.0,2.0,3.4,0.022,0.064,-2.661,29.0,25.79,0.0,19.0,1851.0,22.0,2.92,-0.05,-1.02,-0.05,1.06,1.23,0.37,229.0,TEST2RR,AKR_TEST2RR,0.0,1.0,1.0,100.0
21460,1,walk,walk,3876,,3876.0,20.0,2.0,6.0,2.0,3.39,0.022,-0.026,-2.71,29.0,25.79,0.0,19.0,1851.0,22.0,2.91,-0.05,-1.02,-0.05,1.06,1.22,0.38,229.0,TEST2RR,AKR_TEST2RR,0.0,1.0,1.0,100.0
21480,1,walk,walk,3877,,3877.0,20.0,2.0,6.0,2.0,3.39,0.022,-0.056,-2.678,29.0,25.79,0.0,19.0,1851.0,22.0,2.9,-0.05,-1.02,-0.05,1.08,1.21,0.38,229.0,TEST2RR,AKR_TEST2RR,0.0,1.0,1.0,100.0
21520,1,walk,walk,3878,,3878.0,20.0,2.0,6.0,2.0,3.39,0.022,-0.07,-2.707,29.0,25.79,0.0,19.0,1851.0,22.0,2.89,-0.05,-1.02,-0.05,1.1,1.2,0.39,229.0,TEST2RR,AKR_TEST2RR,0.0,1.0,1.0,100.0
21540,1,walk,walk,3879,,3879.0,20.0,2.0,6.0,2.0,3.39,0.022,0.111,-2.691,29.0,25.79,0.0,19.0,1851.0,22.0,2.88,-0.05,-1.02,-0.05,1.14,1.19,0.39,229.0,TEST2RR,AKR_TEST2RR,0.0,1.0,1.0,100.0
21560,1,walk,walk,3880,,3880.0,20.0,2.0,6.0,2.0,3.38,0.022,-0.007,-2.681,29.0,25.79,0.0,19.0,1851.0,22.0,2.87,-0.05,-1.02,-0.05,1.18,1.18,0.39,229.0,TEST2RR,AKR_TEST2RR,0.0,1.0,1.0,100.0
21580,1,walk,walk,3881,,3881.0,20.0,2.0,6.0,2.0,3.38,0.022,0.08,-2.681,29.0,25.79,0.0,19.0,1851.0,22.0,2.86,-0.05,-1.02,-0.05,1.24,1.16,0.4,229.0,TEST2RR,AKR_TEST2RR,0.0,1.0,1.0,100.0
21580,1,walk,walk,3882,,3882.0,20.0,2.0,6.0,2.0,3.38,0.022,0.075,-2.65,29.0,25.79,0.0,19.0,1851.0,22.0,2.86,-0.05,-1.02,-0.05,1.31,1.15,0.41,229.0,TEST2RR,AKR_TEST2RR,0.0,1.0,1.0,100.0
21600,1,walk,walk,3883,,3883.0,20.0,2.0,6.0,2.0,3.38,0.022,0.025,-2.661,29.0,25.83,0.0,19.0,1851.0,22.0,2.85,-0.05,-1.02,-0.05,1.39,1.13,0.42,229.0,TEST2RR,AKR_TEST2RR,0.0,1.0,1.0,100.0
21620,1,walk,walk,3884,,3884.0,20.0,2.0,6.0,2.0,3.37,0.022,-0.014,-2.666,29.0,25.79,0.0,19.0,1851.0,22.0,2.84,-0.05,-1.02,-0.05,1.5,1.11,0.43,229.0,TEST2RR,AKR_TEST2RR,0.0,1.0,1.0,100.0
21640,1,walk,walk,3885,,3885.0,20.0,2.0,6.0,2.0,3.37,0.022,0.007,-2.67,29.0,25.79,0.0,19.0,1851.0,22.0,2.84,-0.05,-1.02,-0.05,1.61,1.1,0.43,229.0,TEST2RR,AKR_TEST2RR,0.0,1.0,1.0,100.0
21660,1,walk,walk,3886,,3886.0,20.0,2.0,6.0,2.0,3.37,0.022,-0.091,-2.672,29.0,25.79,0.0,19.0,1851.0,22.0,2.83,-0.05,-1.02,-0.05,1.74,1.09,0.43,229.0,TEST2RR,AKR_TEST2RR,0.0,1.0,1.0,100.0
21700,1,walk,walk,3887,,3887.0,20.0,2.0,6.0,2.0,3.37,0.022,0.061,-2.715,29.0,25.79,0.0,19.0,1851.0,22.0,2.82,-0.05,-1.02,-0.05,1.88,1.08,0.43,230.0,TEST2RR,AKR_TEST2RR,0.0,1.0,1.0,100.0
21700,1,walk,walk,3888,,3888.0,20.0,2.0,6.0,2.0,3.36,0.022,0.013,-2.679,29.0,25.79,0.0,19.0,1851.0,22.0,2.81,-0.05,-1.02,-0.05,2.02,1.08,0.43,230.0,TEST2RR,AKR_TEST2RR,0.0,1.0,1.0,100.0
21760,1,walk,walk,3889,,3889.0,20.0,2.0,6.0,2.0,3.36,0.022,-0.014,-2.681,29.0,25.83,0.0,19.0,1851.0,22.0,2.8,-0.05,-1.02,-0.05,2.15,1.09,0.43,230.0,TEST2RR,AKR_TEST2RR,0.0,1.0,1.0,100.0
21760,1,walk,walk,3890,,3890.0,20.0,2.0,6.0,2.0,3.36,0.022,0.002,-2.699,29.0,25.79,0.0,19.0,1851.0,22.0,2.79,-0.05,-1.02,-0.05,2.29,1.1,0.44,230.0,TEST2RR,AKR_TEST2RR,0.0,1.0,1.0,100.0
21760,1,walk,walk,3891,,3891.0,20.0,2.0,6.0,2.0,3.36,0.022,0.023,-2.709,29.0,25.79,0.0,19.0,1851.0,22.0,2.78,-0.05,-1.02,-0.05,2.42,1.11,0.46,230.0,TEST2RR,AKR_TEST2RR,0.0,1.0,1.0,100.0
21780,1,walk,walk,3892,,3892.0,20.0,2.0,6.0,2.0,3.36,0.022,0.018,-2.672,29.0,25.79,0.0,19.0,1851.0,22.0,2.77,-0.05,-1.02,-0.05,2.55,1.11,0.5,230.0,TEST2RR,AKR_TEST2RR,0.0,1.0,1.0,100.0
21800,1,walk,walk,3893,,3893.0,20.0,2.0,6.0,2.0,3.35,0.022,0.028,-2.663,29.0,25.79,0.0,19.0,1851.0,22.0,2.76,-0.05,-1.02,-0.05,2.68,1.1,0.57,230.0,TEST2RR,AKR_TEST2RR,0.0,1.0,1.0,100.0
21820,1,walk,walk,3894,,3894.0,20.0,2.0,6.0,2.0,3.35,0.022,0.018,-2.629,29.0,25.79,0.0,19.0,1851.0,22.0,2.75,-0.05,-1.02,-0.05,2.81,1.09,0.65,230.0,TEST2RR,AKR_TEST2RR,0.0,1.0,1.0,100.0
21880,1,walk,walk,3895,,3895.0,20.0,2.0,6.0,2.0,3.35,0.021,-0.014,-2.601,29.0,25.83,0.0,19.0,1851.0,22.0,2.73,-0.05,-1.02,-0.05,2.93,1.06,0.78,230.0,TEST2RR,AKR_TEST2RR,0.0,1.0,1.0,100.0
21880,1,walk,walk,3896,,3896.0,20.0,2.0,6.0,2.0,3.35,0.021,-0.032,-2.627,29.0,25.79,0.0,19.0,1851.0,22.0,2.71,-0.05,-1.02,-0.05,3.04,1.03,0.94,230.0,TEST2RR,AKR_TEST2RR,0.0,1.0,1.0,100.0
21880,1,walk,walk,3897,,3897.0,20.0,2.0,6.0,2.0,3.35,0.02,-0.113,-2.507,29.0,25.83,0.0,19.0,1851.0,22.0,2.69,-0.05,-1.02,-0.04,3.13,0.99,1.16,230.0,TEST2RR,AKR_TEST2RR,0.0,1.0,1.0,100.0
21900,1,walk,walk,3898,,3898.0,20.0,2.0,6.0,2.0,3.35,0.02,-0.072,-2.406,29.0,25.83,0.0,19.0,1851.0,22.0,2.67,-0.05,-1.02,-0.04,3.18,0.92,1.47,230.0,TEST2RR,AKR_TEST2RR,0.0,1.0,1.0,100.0
21920,1,walk,walk,3899,,3899.0,20.0,2.0,6.0,2.0,3.35,0.019,-0.042,-2.272,29.0,25.83,0.0,19.0,1851.0,22.0,2.63,-0.05,-1.02,-0.04,3.17,0.82,1.87,230.0,TEST2RR,AKR_TEST2RR,0.0,1.0,1.0,100.0
21940,1,walk,walk,3900,,3900.0,20.0,2.0,6.0,2.0,3.35,0.018,-0.081,-2.165,29.0,25.86,0.0,19.0,1851.0,22.0,2.6,-0.05,-1.03,-0.04,3.06,0.66,2.4,230.0,TEST2RR,AKR_TEST2RR,0.0,1.0,1.0,100.0
21960,1,walk,walk,3901,,3901.0,20.0,2.0,6.0,2.0,3.35,0.017,-0.028,-2.079,29.0,25.86,0.0,19.0,1851.0,22.0,2.55,-0.05,-1.03,-0.04,2.77,0.36,3.09,230.0,TEST2RR,AKR_TEST2RR,0.0,1.0,1.0,100.0
22000,1,walk,walk,3902,,3902.0,20.0,2.0,6.0,2.0,3.35,0.016,-0.107,-1.959,29.0,25.86,0.0,19.0,1851.0,22.0,2.5,-0.04,-1.03,-0.04,2.19,-0.25,3.97,230.0,TEST2RR,AKR_TEST2RR,0.0,1.0,1.0,100.0
22020,1,walk,walk,3903,,3903.0,20.0,2.0,6.0,2.0,3.36,0.016,0.099,-2.066,29.0,25.86,0.0,19.0,1851.0,22.0,2.43,-0.04,-1.03,-0.04,1.23,-1.42,5.08,230.0,TEST2RR,AKR_TEST2RR,0.0,1.0,1.0,100.0
22040,1,walk,walk,3904,,3904.0,20.0,2.0,6.0,2.0,3.37,0.017,0.091,-2.144,29.0,25.86,0.0,19.0,1851.0,22.0,2.38,-0.04,-1.04,-0.04,-0.18,-3.41,6.41,230.0,TEST2RR,AKR_TEST2RR,0.0,1.0,1.0,100.0
22040,1,walk,walk,3905,,3905.0,20.0,2.0,6.0,2.0,3.38,0.017,0.052,-2.108,29.0,25.83,0.0,19.0,1851.0,22.0,2.35,-0.04,-1.04,-0.05,-2.03,-6.47,7.88,230.0,TEST2RR,AKR_TEST2RR,0.0,1.0,1.0,100.0
22080,1,walk,walk,3906,,3906.0,20.0,2.0,6.0,2.0,3.4,0.017,-0.045,-2.156,29.0,25.86,0.0,19.0,1851.0,22.0,2.38,-0.04,-1.05,-0.05,-4.26,-10.84,9.4,230.0,TEST2RR,AKR_TEST2RR,0.0,1.0,1.0,100.0
22080,1,walk,walk,3907,,3907.0,20.0,2.0,6.0,2.0,3.43,0.016,-0.034,-1.976,29.0,25.86,0.0,19.0,1851.0,22.0,2.49,-0.05,-1.06,-0.06,-6.65,-16.83,10.75,230.0,TEST2RR,AKR_TEST2RR,0.0,1.0,1.0,100.0
22120,1,walk,walk,3908,,3908.0,20.0,2.0,6.0,2.0,3.47,0.014,-0.183,-1.606,29.0,25.86,0.0,19.0,1851.0,22.0,2.62,-0.05,-1.07,-0.06,-8.99,-24.61,11.66,230.0,TEST2RR,AKR_TEST2RR,0.0,1.0,1.0,100.0
22120,1,walk,walk,3909,,3909.0,20.0,2.0,6.0,2.0,3.52,0.011,-0.178,-1.224,29.0,25.9,0.0,19.0,1851.0,22.0,2.68,-0.05,-1.08,-0.07,-11.09,-33.91,11.92,230.0,TEST2RR,AKR_TEST2RR,0.0,1.0,1.0,100.0
22140,1,walk,walk,3910,,3910.0,20.0,2.0,6.0,2.0,3.58,0.007,-0.245,-0.804,29.0,25.93,0.0,19.0,1851.0,22.0,2.59,-0.05,-1.08,-0.07,-12.81,-44.07,11.42,230.0,TEST2RR,AKR_TEST2RR,0.0,1.0,1.0,100.0
22200,1,walk,walk,3911,,3911.0,20.0,1.0,6.0,2.0,3.65,0.005,-0.058,-0.444,29.0,25.93,0.0,18.0,1851.0,22.0,2.28,-0.04,-1.09,-0.06,-14.12,-54.1,10.16,230.0,TEST2RR,AKR_TEST2RR,0.0,1.0,1.0,100.0
22200,1,walk,walk,3912,,3912.0,20.0,1.0,6.0,2.0,3.73,0.003,-0.083,-0.279,29.0,25.93,0.0,18.0,1851.0,22.0,1.71,-0.03,-1.09,-0.06,-15.01,-62.89,8.21,230.0,TEST2RR,AKR_TEST2RR,0.0,1.0,1.0,100.0
22200,1,walk,walk,3913,,3913.0,20.0,1.0,6.0,2.0,3.82,0.002,-0.018,-0.196,29.0,25.93,0.0,18.0,1851.0,22.0,0.92,-0.02,-1.08,-0.05,-15.49,-69.46,5.69,230.0,TEST2RR,AKR_TEST2RR,0.0,1.0,1.0,100.0
22220,1,walk,walk,3914,,3914.0,20.0,1.0,6.0,2.0,3.92,0.001,-0.072,-0.073,29.0,25.93,0.0,18.0,1851.0,22.0,-0.01,0.0,-1.08,-0.03,-15.57,-73.16,2.74,230.0,TEST2RR,AKR_TEST2RR,0.0,1.0,1.0,100.0
22240,1,walk,walk,3915,,3915.0,20.0,1.0,6.0,2.0,4.02,0.001,-0.06,-0.037,29.0,25.93,0.0,18.0,1851.0,22.0,-0.97,0.02,-1.07,-0.02,-15.23,-73.77,-0.55,230.0,TEST2RR,AKR_TEST2RR,0.0,1.0,1.0,100.0
22260,1,walk,walk,3916,,3916.0,20.0,1.0,6.0,2.0,4.12,0.0,0.033,-0.035,29.0,25.93,0.0,18.0,1851.0,22.0,-1.83,0.03,-1.06,-0.01,-14.41,-71.57,-4.12,230.0,TEST2RR,AKR_TEST2RR,0.0,1.0,1.0,100.0
22280,1,walk,walk,3917,,3917.0,20.0,1.0,6.0,2.0,4.21,0.0,0.05,-0.109,29.0,25.93,0.0,18.0,1851.0,22.0,-2.48,0.05,-1.05,0.0,-13.06,-67.19,-7.91,230.0,TEST2RR,AKR_TEST2RR,0.0,1.0,1.0,100.0
22300,1,walk,walk,3918,,3918.0,20.0,1.0,0.0,5.0,4.29,0.0,0.038,-0.094,30.0,25.93,0.0,18.0,1851.0,22.0,-2.83,0.05,-1.03,0.01,-11.2,-61.41,-11.91,230.0,TEST2RR,AKR_TEST2RR,0.0,1.0,1.0,100.0
22320,1,walk,walk,3919,,3919.0,20.0,0.0,0.0,6.0,4.34,0.001,0.048,-0.111,29.0,25.93,0.0,19.0,1851.0,22.0,-2.85,0.05,-1.02,0.02,-8.87,-54.99,-16.07,230.0,TEST2RR,AKR_TEST2RR,0.0,1.0,1.0,100.0
22360,1,walk,walk,3920,,3920.0,20.0,0.0,0.0,6.0,4.37,0.001,0.048,-0.111,29.0,25.93,0.0,39.0,1851.0,22.0,-2.54,0.04,-1.0,0.02,-6.21,-48.47,-20.33,230.0,TEST2RR,AKR_TEST2RR,0.0,1.0,1.0,100.0
22360,1,walk,walk,3921,,3921.0,20.0,0.0,0.0,6.0,4.36,0.001,0.048,-0.111,29.0,25.93,0.0,59.0,1851.0,22.0,-1.93,0.03,-0.99,0.01,-3.38,-42.22,-24.55,230.0,TEST2RR,AKR_TEST2RR,0.0,1.0,1.0,100.0
22400,1,walk,walk,3922,,3922.0,20.0,0.0,0.0,6.0,4.31,0.021,5.326,0.0,29.0,26.0,0.0,1.0,1851.0,22.0,-1.07,0.02,-0.97,0.01,-0.59,-36.39,-28.59,230.0,TEST2RR,AKR_TEST2RR,0.0,1.0,1.0,100.0
22400,1,walk,walk,3923,,3923.0,20.0,0.0,0.0,6.0,4.22,0.041,1.667,0.0,29.0,25.93,0.0,1.0,1851.0,22.0,-0.02,0.0,-0.96,0.0,1.97,-31.05,-32.28,230.0,TEST2RR,AKR_TEST2RR,0.0,1.0,1.0,100.0
22420,1,walk,walk,3924,,3924.0,20.0,0.0,0.0,6.0,4.08,0.067,1.867,0.0,29.0,25.93,0.0,1.0,1851.0,22.0,1.19,-0.02,-0.95,-0.02,4.15,-26.22,-35.46,230.0,TEST2RR,AKR_TEST2RR,0.0,1.0,1.0,100.0
22440,1,walk,walk,3925,,3925.0,20.0,0.0,0.0,6.0,3.9,0.096,2.048,0.0,29.0,25.97,0.0,1.0,1851.0,22.0,2.52,-0.04,-0.94,-0.03,5.83,-21.95,-37.99,230.0,TEST2RR,AKR_TEST2RR,0.0,1.0,1.0,100.0
22460,1,walk,walk,3926,,3926.0,20.0,0.0,0.0,6.0,3.66,0.125,1.932,0.0,29.0,25.97,0.0,1.0,1851.0,22.0,3.94,-0.06,-0.93,-0.05,6.93,-18.36,-39.75,230.0,TEST2RR,AKR_TEST2RR,0.0,1.0,1.0,100.0
22500,1,walk,walk,3927,,3927.0,20.0,0.0,0.0,6.0,3.37,0.149,1.616,0.0,29.0,25.97,0.0,1.0,1851.0,22.0,5.42,-0.09,-0.92,-0.07,7.44,-15.59,-40.65,230.0,TEST2RR,AKR_TEST2RR,0.0,1.0,1.0,100.0
22500,1,walk,walk,3928,,3928.0,20.0,0.0,0.0,7.0,3.04,0.167,1.108,0.0,29.0,25.97,0.0,1.0,1851.0,22.0,6.92,-0.11,-0.92,-0.1,7.37,-13.83,-40.61,230.0,TEST2RR,AKR_TEST2RR,0.0,1.0,1.0,100.0
22520,1,walk,walk,3929,,3929.0,20.0,0.0,0.0,7.0,2.66,0.184,1.078,0.0,29.0,25.93,0.0,1.0,1851.0,22.0,8.36,-0.14,-0.92,-0.12,6.73,-13.16,-39.64,230.0,TEST2RR,AKR_TEST2RR,0.0,1.0,1.0,100.0
22540,1,walk,walk,3930,,3930.0,20.0,0.0,0.0,7.0,2.24,0.184,-0.539,0.0,29.0,25.97,0.0,1.0,1851.0,22.0,9.43,-0.15,-0.93,-0.14,5.65,-13.85,-38.0,230.0,TEST2RR,AKR_TEST2RR,0.0,1.0,1.0,100.0
22560,1,walk,walk,3931,,3931.0,20.0,0.0,0.0,7.0,1.79,0.214,2.56,0.0,29.0,25.97,0.0,1.0,1851.0,22.0,9.67,-0.16,-0.94,-0.15,4.54,-15.56,-36.33,230.0,TEST2RR,AKR_TEST2RR,0.0,1.0,1.0,100.0
22580,1,walk,walk,3932,,3932.0,20.0,0.0,0.0,7.0,1.32,0.224,-0.297,0.0,29.0,25.97,0.0,1.0,1851.0,22.0,8.99,-0.15,-0.96,-0.16,3.6,-17.53,-34.72,230.0,TEST2RR,AKR_TEST2RR,0.0,1.0,1.0,100.0
22600,1,walk,walk,3933,,3933.0,20.0,0.0,0.0,7.0,0.83,0.218,-0.076,0.0,29.0,25.97,0.0,1.0,1851.0,22.0,7.59,-0.13,-0.98,-0.16,2.93,-19.09,-32.99,230.0,TEST2RR,AKR_TEST2RR,0.0,1.0,1.0,100.0
22620,1,walk,walk,3934,,3934.0,20.0,0.0,0.0,7.0,0.32,0.215,-0.41,0.0,29.0,25.97,0.0,1.0,1851.0,22.0,5.76,-0.1,-1.0,-0.15,2.38,-19.91,-31.01,230.0,TEST2RR,AKR_TEST2RR,0.0,1.0,1.0,100.0
22640,1,walk,walk,3935,,3935.0,20.0,0.0,0.0,7.0,-0.19,0.209,-0.432,0.0,29.0,25.97,0.0,1.0,1851.0,22.0,3.76,-0.07,-1.02,-0.13,1.79,-19.94,-28.67,231.0,TEST2RR,AKR_TEST2RR,0.0,1.0,1.0,100.0
22680,1,walk,walk,3936,,3936.0,20.0,0.0,0.0,7.0,-0.69,0.204,-0.328,0.0,29.0,25.97,0.0,1.0,1851.0,22.0,1.79,-0.03,-1.04,-0.11,1.07,-19.28,-25.94,231.0,TEST2RR,AKR_TEST2RR,0.0,1.0,1.0,100.0
22680,1,walk,walk,3937,,3937.0,20.0,0.0,0.0,7.0,-1.2,0.199,-0.322,0.0,29.0,25.97,0.0,1.0,1851.0,22.0,-0.03,0.0,-1.05,-0.1,0.21,-18.12,-22.91,231.0,TEST2RR,AKR_TEST2RR,0.0,1.0,1.0,100.0
22700,1,walk,walk,3938,,3938.0,20.0,0.0,0.0,7.0,-1.7,0.194,-0.331,0.0,29.0,25.97,0.0,1.0,1851.0,22.0,-1.63,0.03,-1.06,-0.08,-0.71,-16.63,-19.65,231.0,TEST2RR,AKR_TEST2RR,0.0,1.0,1.0,100.0
22720,1,walk,walk,3939,,3939.0,20.0,0.0,0.0,7.0,-2.18,0.186,-0.816,0.0,29.0,25.97,0.0,1.0,1851.0,22.0,-2.97,0.06,-1.07,-0.07,-1.61,-14.91,-16.26,231.0,TEST2RR,AKR_TEST2RR,0.0,1.0,1.0,100.0
22740,1,walk,walk,3940,,3940.0,20.0,0.0,0.0,7.0,-2.66,0.179,-0.429,0.0,29.0,25.93,0.0,1.0,1851.0,22.0,-4.07,0.08,-1.07,-0.06,-2.42,-13.14,-12.86,231.0,TEST2RR,AKR_TEST2RR,0.0,1.0,1.0,100.0
22760,1,walk,walk,3941,,3941.0,20.0,0.0,0.0,7.0,-3.11,0.174,-0.351,0.0,29.0,25.93,0.0,1.0,1851.0,22.0,-4.92,0.09,-1.07,-0.05,-3.1,-11.39,-9.58,231.0,TEST2RR,AKR_TEST2RR,0.0,1.0,1.0,100.0
22800,1,walk,walk,3942,,3942.0,20.0,0.0,0.0,7.0,-3.55,0.17,-0.417,0.0,29.0,25.97,0.0,1.0,1851.0,22.0,-5.56,0.1,-1.07,-0.05,-3.65,-9.72,-6.52,231.0,TEST2RR,AKR_TEST2RR,0.0,1.0,1.0,100.0
22820,1,walk,walk,3943,,3943.0,20.0,0.0,0.0,7.0,-3.96,0.164,-0.355,0.0,29.0,25.93,0.0,1.0,1851.0,22.0,-6.0,0.11,-1.06,-0.05,-4.11,-8.03,-3.74,231.0,TEST2RR,AKR_TEST2RR,0.0,1.0,1.0,100.0
22820,1,walk,walk,3944,,3944.0,20.0,0.0,0.0,1.0,-4.35,0.157,-0.365,0.0,29.0,25.97,0.0,1.0,1851.0,22.0,-6.28,0.12,-1.06,-0.05,-4.48,-6.34,-1.26,231.0,TEST2RR,AKR_TEST2RR,0.0,1.0,1.0,100.0
22860,1,walk,walk,3945,,3945.0,20.0,0.0,0.0,1.0,-4.7,0.155,-0.052,0.0,29.0,25.97,0.0,1.0,1851.0,22.0,-6.42,0.12,-1.05,-0.05,-4.8,-4.75,0.86,231.0,TEST2RR,AKR_TEST2RR,0.0,1.0,1.0,100.0
22860,1,walk,walk,3946,,3946.0,20.0,0.0,0.0,1.0,-5.03,0.153,-0.084,0.0,29.0,25.97,0.0,1.0,1851.0,22.0,-6.45,0.12,-1.05,-0.06,-5.07,-3.33,2.53,231.0,TEST2RR,AKR_TEST2RR,0.0,1.0,1.0,100.0
22880,1,walk,walk,3947,,3947.0,20.0,0.0,0.0,1.0,-5.33,0.153,-0.003,0.0,29.0,25.97,0.0,1.0,1851.0,22.0,-6.39,0.12,-1.04,-0.06,-5.3,-2.15,3.72,231.0,TEST2RR,AKR_TEST2RR,0.0,1.0,1.0,100.0
22900,1,walk,walk,3948,,3948.0,20.0,0.0,0.0,1.0,-5.59,0.153,0.113,0.0,29.0,25.97,0.0,1.0,1851.0,22.0,-6.25,0.11,-1.04,-0.06,-5.5,-1.21,4.38,231.0,TEST2RR,AKR_TEST2RR,0.0,1.0,1.0,100.0
22920,1,walk,walk,3949,,3949.0,20.0,0.0,0.0,1.0,-5.82,0.155,0.218,0.0,29.0,25.93,0.0,1.0,1851.0,22.0,-6.07,0.11,-1.03,-0.07,-5.65,-0.52,4.49,231.0,TEST2RR,AKR_TEST2RR,0.0,1.0,1.0,100.0
22940,1,walk,walk,3950,,3950.0,20.0,0.0,0.0,1.0,-6.01,0.16,0.406,0.0,29.0,25.97,0.0,1.0,1851.0,22.0,-5.87,0.11,-1.03,-0.07,-5.75,-0.03,4.07,231.0,TEST2RR,AKR_TEST2RR,0.0,1.0,1.0,100.0
22960,1,walk,walk,3951,,3951.0,20.0,0.0,0.0,1.0,-6.17,0.167,0.573,0.0,29.0,25.97,0.0,1.0,1851.0,22.0,-5.69,0.1,-1.03,-0.07,-5.79,0.25,3.15,231.0,TEST2RR,AKR_TEST2RR,0.0,1.0,1.0,100.0
23000,1,walk,walk,3952,,3952.0,20.0,0.0,0.0,1.0,-6.3,0.175,0.293,0.0,29.0,25.97,0.0,1.0,1851.0,22.0,-5.52,0.1,-1.02,-0.08,-5.77,0.37,1.75,231.0,TEST2RR,AKR_TEST2RR,0.0,1.0,1.0,100.0
23020,1,walk,walk,3953,,3953.0,20.0,0.0,0.0,1.0,-6.4,0.18,0.283,0.0,29.0,25.97,0.0,1.0,1851.0,22.0,-5.39,0.1,-1.02,-0.08,-5.72,0.37,0.0,231.0,TEST2RR,AKR_TEST2RR,0.0,1.0,1.0,100.0
23040,1,walk,walk,3954,,3954.0,20.0,1.0,0.0,1.0,-6.48,0.183,0.173,0.0,29.0,25.97,0.0,2.0,1851.0,22.0,-5.33,0.09,-1.02,-0.09,-5.67,0.3,-1.94,231.0,TEST2RR,AKR_TEST2RR,0.0,1.0,1.0,100.0
23040,1,walk,walk,3955,,3955.0,20.0,1.0,0.0,1.0,-6.53,0.184,0.01,0.0,29.0,25.93,0.0,2.0,1851.0,22.0,-5.33,0.09,-1.01,-0.09,-5.63,0.18,-3.87,231.0,TEST2RR,AKR_TEST2RR,0.0,1.0,1.0,100.0
23080,1,walk,walk,3956,,3956.0,20.0,1.0,0.0,1.0,-6.57,0.184,-0.056,0.0,29.0,25.97,0.0,2.0,1851.0,22.0,-5.43,0.1,-1.01,-0.09,-5.63,0.04,-5.59,231.0,TEST2RR,AKR_TEST2RR,0.0,1.0,1.0,100.0
23080,1,walk,walk,3957,,3957.0,20.0,1.0,0.0,1.0,-6.6,0.183,-0.044,0.0,29.0,25.97,0.0,2.0,1851.0,22.0,-5.62,0.1,-1.01,-0.09,-5.64,-0.13,-6.92,231.0,TEST2RR,AKR_TEST2RR,0.0,1.0,1.0,100.0
23100,1,walk,walk,3958,,3958.0,20.0,1.0,0.0,1.0,-6.62,0.182,-0.218,0.0,29.0,25.97,0.0,2.0,1851.0,22.0,-5.88,0.1,-1.01,-0.1,-5.62,-0.33,-7.72,231.0,TEST2RR,AKR_TEST2RR,0.0,1.0,1.0,100.0
23140,1,walk,walk,3959,,3959.0,20.0,1.0,0.0,1.0,-6.64,0.175,-0.48,0.0,29.0,25.97,0.0,2.0,1851.0,22.0,-6.2,0.11,-1.01,-0.1,-5.55,-0.51,-7.88,231.0,TEST2RR,AKR_TEST2RR,0.0,1.0,1.0,100.0
23180,1,walk,walk,3960,,3960.0,20.0,1.0,0.0,1.0,-6.66,0.17,-0.382,0.0,29.0,25.97,0.0,2.0,1851.0,22.0,-6.54,0.12,-1.01,-0.1,-5.39,-0.65,-7.4,231.0,TEST2RR,AKR_TEST2RR,0.0,1.0,1.0,100.0
23180,1,walk,walk,3961,,3961.0,20.0,0.0,0.0,1.0,-6.68,0.162,-0.639,0.0,29.0,25.97,0.0,1.0,1851.0,22.0,-6.87,0.12,-1.01,-0.11,-5.11,-0.71,-6.31,231.0,TEST2RR,AKR_TEST2RR,0.0,1.0,1.0,100.0
23200,1,walk,walk,3962,,3962.0,20.0,1.0,0.0,1.0,-6.72,0.154,-0.467,0.0,29.0,25.93,0.0,2.0,1851.0,22.0,-7.18,0.13,-1.01,-0.11,-4.69,-0.66,-4.68,231.0,TEST2RR,AKR_TEST2RR,0.0,1.0,1.0,100.0
23200,1,walk,walk,3963,,3963.0,20.0,1.0,0.0,1.0,-6.75,0.147,-0.437,0.0,29.0,25.97,0.0,2.0,1851.0,22.0,-7.44,0.13,-1.01,-0.12,-4.1,-0.52,-2.62,231.0,TEST2RR,AKR_TEST2RR,0.0,1.0,1.0,100.0
23220,1,walk,walk,3964,,3964.0,20.0,0.0,0.0,1.0,-6.8,0.139,-0.826,0.0,29.0,25.97,0.0,1.0,1851.0,22.0,-7.63,0.14,-1.01,-0.12,-3.37,-0.29,-0.23,231.0,TEST2RR,AKR_TEST2RR,0.0,1.0,1.0,100.0
23260,1,walk,walk,3965,,3965.0,20.0,0.0,0.0,1.0,-6.85,0.126,-0.68,0.0,29.0,25.97,0.0,1.0,1851.0,22.0,-7.76,0.14,-1.01,-0.12,-2.51,0.02,2.45,231.0,TEST2RR,AKR_TEST2RR,0.0,1.0,1.0,100.0
23260,1,walk,walk,3966,,3966.0,20.0,0.0,0.0,1.0,-6.9,0.116,-0.863,0.0,29.0,25.97,0.0,1.0,1851.0,22.0,-7.83,0.14,-1.02,-0.13,-1.53,0.38,5.38,231.0,TEST2RR,AKR_TEST2RR,0.0,1.0,1.0,100.0
23280,1,walk,walk,3967,,3967.0,20.0,0.0,0.0,1.0,-6.95,0.099,-0.863,0.0,29.0,25.97,0.0,1.0,1851.0,22.0,-7.86,0.14,-1.02,-0.13,-0.44,0.78,8.6,231.0,TEST2RR,AKR_TEST2RR,0.0,1.0,1.0,100.0
23300,1,walk,walk,3968,,3968.0,20.0,0.0,0.0,1.0,-7.0,0.086,-1.155,0.0,29.0,25.93,0.0,1.0,1851.0,22.0,-7.84,0.14,-1.02,-0.13,0.76,1.16,12.11,231.0,TEST2RR,AKR_TEST2RR,0.0,1.0,1.0,100.0
23340,1,walk,walk,3969,,3969.0,20.0,0.0,0.0,1.0,-7.03,0.07,-1.044,0.0,29.0,25.97,0.0,1.0,1851.0,22.0,-7.78,0.14,-1.02,-0.13,2.07,1.51,15.93,231.0,TEST2RR,AKR_TEST2RR,0.0,1.0,1.0,100.0
23360,1,walk,walk,3970,,3970.0,20.0,0.0,0.0,1.0,-7.06,0.048,-1.746,0.0,29.0,25.93,0.0,1.0,1851.0,22.0,-7.65,0.14,-1.02,-0.13,3.45,1.8,20.16,231.0,TEST2RR,AKR_TEST2RR,0.0,1.0,1.0,100.0
23360,1,walk,walk,3971,,3971.0,20.0,0.0,0.0,1.0,-7.06,0.023,-1.788,0.0,29.0,25.93,0.0,1.0,1851.0,22.0,-7.46,0.13,-1.03,-0.13,4.84,2.05,24.85,231.0,TEST2RR,AKR_TEST2RR,0.0,1.0,1.0,100.0
23380,1,walk,walk,3972,,3972.0,20.0,0.0,0.0,1.0,-7.03,0.0,-1.337,0.0,29.0,25.97,0.0,1.0,1851.0,22.0,-7.21,0.13,-1.03,-0.13,6.14,2.21,30.03,231.0,TEST2RR,AKR_TEST2RR,0.0,1.0,1.0,100.0
23400,1,walk,walk,3973,,3973.0,20.0,0.0,0.0,1.0,-6.98,-0.008,0.037,0.0,29.0,25.93,0.0,1.0,1851.0,22.0,-6.92,0.13,-1.04,-0.13,7.27,2.19,35.52,231.0,TEST2RR,AKR_TEST2RR,0.0,1.0,1.0,100.0
23420,1,walk,walk,3974,,3974.0,20.0,0.0,0.0,1.0,-6.88,-0.007,0.003,0.0,29.0,25.97,0.0,1.0,1851.0,22.0,-6.61,0.12,-1.05,-0.13,8.16,1.96,41.17,231.0,TEST2RR,AKR_TEST2RR,0.0,1.0,1.0,100.0
23440,1,walk,walk,3975,,3975.0,20.0,0.0,0.0,1.0,-6.75,-0.007,-0.049,0.0,29.0,25.97,0.0,1.0,1851.0,22.0,-6.28,0.12,-1.06,-0.12,8.75,1.5,46.88,231.0,TEST2RR,AKR_TEST2RR,0.0,1.0,1.0,100.0
23460,1,walk,walk,3976,,3976.0,20.0,0.0,0.0,1.0,-6.56,-0.007,-0.013,0.0,29.0,25.97,0.0,1.0,1851.0,22.0,-5.92,0.11,-1.07,-0.12,8.98,0.8,52.55,231.0,TEST2RR,AKR_TEST2RR,0.0,1.0,1.0,100.0
23480,1,walk,walk,3977,,3977.0,20.0,0.0,0.0,1.0,-6.31,-0.004,0.367,0.0,29.0,25.97,0.0,1.0,1851.0,22.0,-5.48,0.1,-1.08,-0.11,8.82,-0.16,58.11,231.0,TEST2RR,AKR_TEST2RR,0.0,1.0,1.0,100.0
23520,1,walk,walk,3978,,3978.0,20.0,0.0,0.0,1.0,-6.01,0.003,0.665,0.0,29.0,25.97,0.0,1.0,1851.0,22.0,-4.97,0.1,-1.1,-0.11,8.26,-1.4,63.38,231.0,TEST2RR,AKR_TEST2RR,0.0,1.0,1.0,100.0
23520,1,walk,walk,3979,,3979.0,20.0,0.0,0.0,1.0,-5.63,0.018,1.24,0.0,29.0,25.93,0.0,1.0,1851.0,22.0,-4.36,0.08,-1.11,-0.1,7.36,-2.95,68.1,231.0,TEST2RR,AKR_TEST2RR,0.0,1.0,1.0,100.0
23540,1,walk,walk,3980,,3980.0,20.0,0.0,0.0,1.0,-5.19,0.03,0.293,0.0,29.0,25.97,0.0,1.0,1851.0,22.0,-3.69,0.07,-1.12,-0.1,6.23,-4.86,71.92,231.0,TEST2RR,AKR_TEST2RR,0.0,1.0,1.0,100.0
23560,1,walk,walk,3981,,3981.0,20.0,0.0,0.0,1.0,-4.67,0.028,-0.084,0.0,29.0,25.97,0.0,1.0,1851.0,22.0,-2.97,0.06,-1.12,-0.1,5.01,-7.27,74.46,231.0,TEST2RR,AKR_TEST2RR,0.0,1.0,1.0,100.0
23580,1,walk,walk,3982,,3982.0,20.0,0.0,0.0,1.0,-4.07,0.023,-0.318,0.0,29.0,25.97,0.0,1.0,1851.0,22.0,-2.3,0.04,-1.12,-0.1,3.85,-10.35,75.25,231.0,TEST2RR,AKR_TEST2RR,0.0,1.0,1.0,100.0
23600,1,walk,walk,3983,,3983.0,20.0,0.0,6.0,2.0,-3.4,0.019,-0.446,0.0,29.0,25.97,0.0,1.0,1851.0,22.0,-1.76,0.03,-1.11,-0.09,2.88,-14.11,73.93,231.0,TEST2RR,AKR_TEST2RR,0.0,1.0,1.0,100.0
23620,1,walk,walk,3984,,3984.0,20.0,0.0,6.0,2.0,-2.66,0.018,-0.61,0.061,29.0,25.93,0.0,18.0,1851.0,22.0,-1.46,0.03,-1.09,-0.09,2.18,-18.33,70.32,231.0,TEST2RR,AKR_TEST2RR,0.0,1.0,1.0,100.0
23680,1,walk,walk,3985,,3985.0,20.0,0.0,6.0,2.0,-1.85,0.01,-0.535,-0.033,29.0,25.93,0.0,18.0,1851.0,22.0,-1.44,0.03,-1.07,-0.09,1.73,-22.53,64.38,232.0,TEST2RR,AKR_TEST2RR,0.0,1.0,1.0,100.0
23680,1,walk,walk,3986,,3986.0,20.0,1.0,6.0,2.0,-0.98,0.004,-0.268,0.109,29.0,25.93,0.0,19.0,1851.0,22.0,-1.75,0.03,-1.05,-0.08,1.47,-26.08,56.25,232.0,TEST2RR,AKR_TEST2RR,0.0,1.0,1.0,100.0
23680,1,walk,walk,3987,,3987.0,20.0,0.0,6.0,2.0,-0.06,0.001,-0.052,0.134,29.0,25.93,0.0,18.0,1851.0,22.0,-2.35,0.04,-1.02,-0.08,1.33,-28.28,46.26,232.0,TEST2RR,AKR_TEST2RR,0.0,1.0,1.0,100.0
23700,1,walk,walk,3988,,3988.0,20.0,0.0,6.0,2.0,0.89,0.0,0.073,0.083,29.0,25.93,0.0,18.0,1851.0,22.0,-3.17,0.06,-1.0,-0.08,1.24,-28.57,34.81,232.0,TEST2RR,AKR_TEST2RR,0.0,1.0,1.0,100.0
23720,1,walk,walk,3989,,3989.0,20.0,0.0,6.0,2.0,1.85,0.0,0.072,-0.001,29.0,25.93,0.0,18.0,1851.0,22.0,-4.07,0.07,-0.98,-0.07,1.21,-26.63,22.41,232.0,TEST2RR,AKR_TEST2RR,0.0,1.0,1.0,100.0
23740,1,walk,walk,3990,,3990.0,20.0,1.0,6.0,2.0,2.81,0.0,0.062,-0.012,29.0,25.93,0.0,19.0,1851.0,22.0,-4.86,0.08,-0.96,-0.07,1.28,-22.51,9.53,232.0,TEST2RR,AKR_TEST2RR,0.0,1.0,1.0,100.0
23760,1,walk,walk,3991,,3991.0,20.0,1.0,6.0,2.0,3.74,0.001,0.04,-0.126,29.0,25.93,0.0,19.0,1851.0,22.0,-5.35,0.09,-0.94,-0.07,1.51,-16.64,-3.36,232.0,TEST2RR,AKR_TEST2RR,0.0,1.0,1.0,100.0
23780,1,walk,walk,3992,,3992.0,20.0,1.0,6.0,2.0,4.62,0.001,0.08,-0.224,29.0,25.93,0.0,19.0,1851.0,22.0,-5.36,0.09,-0.94,-0.07,1.94,-9.72,-15.84,232.0,TEST2RR,AKR_TEST2RR,0.0,1.0,1.0,100.0
23820,1,walk,walk,3993,,3993.0,20.0,1.0,6.0,2.0,5.42,0.002,0.144,-0.394,29.0,25.93,0.0,19.0,1851.0,22.0,-4.8,0.08,-0.94,-0.07,2.55,-2.6,-27.54,232.0,TEST2RR,AKR_TEST2RR,0.0,1.0,1.0,100.0
23820,1,walk,walk,3994,,3994.0,20.0,1.0,6.0,2.0,6.13,0.003,0.108,-0.608,29.0,25.93,0.0,19.0,1851.0,22.0,-3.65,0.06,-0.94,-0.08,3.25,3.91,-38.14,232.0,TEST2RR,AKR_TEST2RR,0.0,1.0,1.0,100.0
23860,1,walk,walk,3995,,3995.0,20.0,1.0,6.0,2.0,6.73,0.005,0.091,-0.796,29.0,25.93,0.0,19.0,1851.0,22.0,-1.96,0.03,-0.95,-0.09,3.89,9.2,-47.35,232.0,TEST2RR,AKR_TEST2RR,0.0,1.0,1.0,100.0
23860,1,walk,walk,3996,,3996.0,20.0,1.0,6.0,2.0,7.19,0.006,0.127,-0.979,29.0,25.9,0.0,19.0,1851.0,22.0,0.13,0.0,-0.96,-0.1,4.3,12.91,-54.89,232.0,TEST2RR,AKR_TEST2RR,0.0,1.0,1.0,100.0
23880,1,walk,walk,3997,,3997.0,20.0,1.0,6.0,2.0,7.52,0.009,0.151,-1.206,29.0,25.93,0.0,19.0,1851.0,22.0,2.49,-0.04,-0.96,-0.12,4.34,14.98,-60.54,232.0,TEST2RR,AKR_TEST2RR,0.0,1.0,1.0,100.0
23920,1,walk,walk,3998,,3998.0,20.0,1.0,6.0,2.0,7.71,0.011,0.093,-1.503,29.0,25.9,0.0,19.0,1851.0,22.0,4.97,-0.08,-0.97,-0.13,3.92,15.56,-64.13,232.0,TEST2RR,AKR_TEST2RR,0.0,1.0,1.0,100.0
23920,1,walk,walk,3999,,3999.0,20.0,1.0,6.0,2.0,7.75,0.013,0.182,-1.74,29.0,25.9,0.0,19.0,1851.0,22.0,7.43,-0.13,-0.98,-0.14,3.03,14.9,-65.57,232.0,TEST2RR,AKR_TEST2RR,0.0,1.0,1.0,100.0
23960,1,walk,walk,4000,,4000.0,20.0,1.0,6.0,2.0,7.64,0.015,0.132,-2.01,29.0,25.86,0.0,19.0,1851.0,22.0,9.77,-0.17,-0.99,-0.15,1.74,13.31,-64.91,232.0,TEST2RR,AKR_TEST2RR,0.0,1.0,1.0,100.0
23980,1,walk,walk,4001,,4001.0,20.0,1.0,6.0,2.0,7.4,0.017,0.158,-2.161,29.0,25.86,0.0,19.0,1851.0,22.0,11.91,-0.21,-0.99,-0.16,0.15,11.06,-62.29,232.0,TEST2RR,AKR_TEST2RR,0.0,1.0,1.0,100.0
24000,1,walk,walk,4002,,4002.0,20.0,1.0,6.0,2.0,7.04,0.018,0.143,-2.373,29.0,25.83,0.0,19.0,1851.0,22.0,13.79,-0.24,-0.99,-0.16,-1.6,8.39,-57.96,232.0,TEST2RR,AKR_TEST2RR,0.0,1.0,1.0,100.0
24000,1,walk,walk,4003,,4003.0,20.0,1.0,6.0,2.0,6.57,0.02,0.13,-2.567,29.0,25.83,0.0,19.0,1851.0,22.0,15.39,-0.27,-1.0,-0.16,-3.39,5.49,-52.27,232.0,TEST2RR,AKR_TEST2RR,0.0,1.0,1.0,100.0
24040,1,walk,walk,4004,,4004.0,20.0,1.0,6.0,2.0,6.02,0.022,0.272,-2.855,29.0,25.79,0.0,19.0,1851.0,22.0,16.47,-0.3,-1.0,-0.15,-5.12,2.49,-45.61,232.0,TEST2RR,AKR_TEST2RR,0.0,1.0,1.0,100.0
24040,1,walk,walk,4005,,4005.0,20.0,1.0,6.0,2.0,5.39,0.029,0.562,-4.119,29.0,25.65,0.0,19.0,1851.0,22.0,16.83,-0.3,-1.0,-0.14,-6.56,-0.18,-38.48,232.0,TEST2RR,AKR_TEST2RR,0.0,1.0,1.0,100.0
24060,1,walk,walk,4006,,4006.0,20.0,1.0,6.0,2.0,4.72,0.036,0.422,-4.935,29.0,25.51,0.0,19.0,1851.0,22.0,16.51,-0.3,-1.01,-0.12,-7.47,-2.28,-31.16,232.0,TEST2RR,AKR_TEST2RR,0.0,1.0,1.0,100.0
24080,1,walk,walk,4007,,4007.0,20.0,1.0,6.0,2.0,4.03,0.041,0.011,-5.075,29.0,25.47,0.0,19.0,1851.0,22.0,15.71,-0.29,-1.03,-0.11,-7.8,-3.59,-23.92,232.0,TEST2RR,AKR_TEST2RR,0.0,1.0,1.0,100.0
24100,1,walk,walk,4008,,4008.0,20.0,1.0,6.0,2.0,3.33,0.041,0.061,-4.987,29.0,25.47,0.0,19.0,1851.0,22.0,14.59,-0.27,-1.04,-0.09,-7.59,-4.27,-17.06,232.0,TEST2RR,AKR_TEST2RR,0.0,1.0,1.0,100.0
24140,1,walk,walk,4009,,4009.0,20.0,1.0,6.0,2.0,2.64,0.039,-0.237,-4.463,29.0,25.54,0.0,19.0,1851.0,22.0,13.32,-0.25,-1.05,-0.07,-6.95,-4.51,-10.72,232.0,TEST2RR,AKR_TEST2RR,0.0,1.0,1.0,100.0
24160,1,walk,walk,4010,,4010.0,20.0,1.0,6.0,2.0,1.99,0.033,-0.3,-3.659,29.0,25.65,0.0,19.0,1851.0,22.0,12.01,-0.23,-1.07,-0.06,-6.07,-4.52,-4.94,232.0,TEST2RR,AKR_TEST2RR,0.0,1.0,1.0,100.0
24160,1,walk,walk,4011,,4011.0,20.0,1.0,6.0,2.0,1.38,0.027,-0.338,-3.047,29.0,25.72,0.0,19.0,1851.0,22.0,10.75,-0.2,-1.08,-0.05,-5.13,-4.43,0.25,232.0,TEST2RR,AKR_TEST2RR,0.0,1.0,1.0,100.0
24180,1,walk,walk,4012,,4012.0,20.0,1.0,6.0,2.0,0.83,0.022,-0.273,-2.509,29.0,25.79,0.0,19.0,1851.0,22.0,9.59,-0.18,-1.08,-0.04,-4.26,-4.34,4.82,232.0,TEST2RR,AKR_TEST2RR,0.0,1.0,1.0,100.0
24220,1,walk,walk,4013,,4013.0,20.0,1.0,6.0,2.0,0.34,0.018,-0.254,-2.157,29.0,25.86,0.0,19.0,1851.0,22.0,8.57,-0.16,-1.09,-0.03,-3.53,-4.29,8.71,232.0,TEST2RR,AKR_TEST2RR,0.0,1.0,1.0,100.0
24220,1,walk,walk,4014,,4014.0,20.0,1.0,6.0,2.0,-0.07,0.016,-0.096,-1.929,29.0,25.86,0.0,19.0,1851.0,22.0,7.7,-0.15,-1.09,-0.03,-2.92,-4.3,11.87,232.0,TEST2RR,AKR_TEST2RR,0.0,1.0,1.0,100.0
24240,1,walk,walk,4015,,4015.0,20.0,1.0,6.0,2.0,-0.41,0.015,-0.033,-1.762,29.0,25.86,0.0,19.0,1851.0,22.0,6.98,-0.13,-1.09,-0.03,-2.42,-4.33,14.23,232.0,TEST2RR,AKR_TEST2RR,0.0,1.0,1.0,100.0
24280,1,walk,walk,4016,,4016.0,20.0,1.0,6.0,2.0,-0.67,0.014,-0.081,-1.728,29.0,25.9,0.0,19.0,1851.0,22.0,6.4,-0.12,-1.08,-0.03,-1.98,-4.34,15.78,232.0,TEST2RR,AKR_TEST2RR,0.0,1.0,1.0,100.0
24300,1,walk,walk,4017,,4017.0,20.0,1.0,6.0,2.0,-0.85,0.014,-0.013,-1.768,29.0,25.86,0.0,19.0,1851.0,22.0,5.95,-0.11,-1.08,-0.04,-1.59,-4.29,16.51,232.0,TEST2RR,AKR_TEST2RR,0.0,1.0,1.0,100.0
24320,1,walk,walk,4018,,4018.0,20.0,1.0,6.0,2.0,-0.96,0.015,0.159,-1.948,29.0,25.86,0.0,19.0,1851.0,22.0,5.6,-0.1,-1.07,-0.04,-1.24,-4.12,16.44,232.0,TEST2RR,AKR_TEST2RR,0.0,1.0,1.0,100.0
24320,1,walk,walk,4019,,4019.0,20.0,1.0,6.0,2.0,-1.0,0.017,0.202,-2.331,29.0,25.83,0.0,19.0,1851.0,22.0,5.34,-0.1,-1.06,-0.04,-0.92,-3.82,15.57,232.0,TEST2RR,AKR_TEST2RR,0.0,1.0,1.0,100.0
24340,1,walk,walk,4020,,4020.0,20.0,1.0,6.0,2.0,-0.98,0.021,0.232,-2.862,29.0,25.79,0.0,19.0,1851.0,22.0,5.15,-0.1,-1.06,-0.05,-0.67,-3.37,13.96,232.0,TEST2RR,AKR_TEST2RR,0.0,1.0,1.0,100.0
24360,1,walk,walk,4021,,4021.0,20.0,1.0,6.0,2.0,-0.9,0.026,0.367,-3.506,29.0,25.72,0.0,19.0,1851.0,22.0,5.0,-0.09,-1.05,-0.05,-0.51,-2.76,11.66,232.0,TEST2RR,AKR_TEST2RR,0.0,1.0,1.0,100.0
24400,1,walk,walk,4022,,4022.0,20.0,1.0,6.0,2.0,-0.77,0.031,0.477,-4.227,29.0,25.62,0.0,19.0,1851.0,22.0,4.84,-0.09,-1.04,-0.06,-0.44,-1.99,8.74,232.0,TEST2RR,AKR_TEST2RR,0.0,1.0,1.0,100.0
24420,1,walk,walk,4023,,4023.0,20.0,1.0,6.0,2.0,-0.61,0.038,0.57,-5.224,29.0,25.47,0.0,19.0,1851.0,22.0,4.64,-0.08,-1.04,-0.06,-0.48,-1.08,5.32,232.0,TEST2RR,AKR_TEST2RR,0.0,1.0,1.0,100.0
24420,1,walk,walk,4024,,4024.0,20.0,1.0,6.0,2.0,-0.41,0.047,0.536,-6.253,29.0,25.3,0.0,19.0,1851.0,22.0,4.34,-0.08,-1.03,-0.06,-0.61,-0.12,1.6,232.0,TEST2RR,AKR_TEST2RR,0.0,1.0,1.0,100.0
24480,1,walk,walk,4025,,4025.0,20.0,1.0,6.0,2.0,-0.19,0.051,0.162,-6.469,29.0,25.19,0.0,19.0,1851.0,22.0,3.9,-0.07,-1.03,-0.07,-0.8,0.79,-2.07,232.0,TEST2RR,AKR_TEST2RR,0.0,1.0,1.0,100.0
24480,1,walk,walk,4026,,4026.0,20.0,1.0,1.0,5.0,0.04,0.051,-0.076,-6.201,29.0,25.23,0.0,19.0,1851.0,23.0,3.31,-0.06,-1.03,-0.07,-1.02,1.54,-5.25,232.0,TEST2RR,AKR_TEST2RR,0.0,1.0,1.0,100.0
24480,1,walk,walk,4027,,4027.0,20.0,0.0,1.0,6.0,0.26,0.049,-0.225,-5.679,29.0,25.09,0.0,19.0,1851.0,23.0,2.59,-0.05,-1.03,-0.07,-1.18,2.03,-7.58,232.0,TEST2RR,AKR_TEST2RR,0.0,1.0,1.0,100.0
24500,1,walk,walk,4028,,4028.0,20.0,0.0,1.0,6.0,0.48,0.027,-1.722,-7.297,29.0,24.77,0.0,19.0,1851.0,23.0,1.81,-0.03,-1.03,-0.08,-1.3,2.46,-8.66,232.0,TEST2RR,AKR_TEST2RR,0.0,1.0,1.0,100.0
24520,1,walk,walk,4029,,4029.0,20.0,0.0,3.0,7.0,0.68,0.002,-1.393,-8.011,29.0,24.56,0.0,19.0,1851.0,23.0,1.05,-0.02,-1.03,-0.08,-1.45,2.93,-8.37,232.0,TEST2RR,AKR_TEST2RR,0.0,1.0,1.0,100.0
24540,1,walk,walk,4030,,4030.0,20.0,1.0,3.0,7.0,0.86,-0.015,-1.006,-8.621,29.0,24.39,0.0,20.0,1851.0,23.0,0.35,-0.01,-1.03,-0.09,-1.63,3.48,-6.8,232.0,TEST2RR,AKR_TEST2RR,0.0,1.0,1.0,100.0
24560,1,walk,walk,4031,,4031.0,20.0,0.0,3.0,7.0,1.02,-0.031,-0.978,-8.829,29.0,24.49,0.0,19.0,1851.0,23.0,-0.24,0.0,-1.03,-0.09,-1.75,4.1,-4.13,232.0,TEST2RR,AKR_TEST2RR,0.0,1.0,1.0,100.0
24580,1,walk,walk,4032,,4032.0,20.0,0.0,0.0,1.0,1.14,-0.041,-0.688,-7.486,29.0,25.02,0.0,19.0,1851.0,23.0,-0.7,0.01,-1.03,-0.1,-1.7,4.55,-0.62,232.0,TEST2RR,AKR_TEST2RR,0.0,1.0,1.0,100.0
24620,1,walk,walk,4033,,4033.0,20.0,0.0,0.0,1.0,1.24,-0.041,0.123,-4.526,29.0,25.02,0.0,19.0,1851.0,23.0,-0.91,0.02,-1.03,-0.1,-1.42,4.03,3.23,233.0,TEST2RR,AKR_TEST2RR,0.0,1.0,1.0,100.0
24640,1,walk,walk,4034,,4034.0,20.0,0.0,0.0,1.0,1.32,-0.041,0.123,-4.526,29.0,25.02,0.0,39.0,1851.0,23.0,-0.97,0.02,-1.04,-0.1,-1.04,2.04,6.87,233.0,TEST2RR,AKR_TEST2RR,0.0,1.0,1.0,100.0
24640,1,walk,walk,4035,,4035.0,20.0,0.0,0.0,1.0,1.37,-0.041,0.123,-4.526,29.0,25.02,0.0,59.0,1851.0,23.0,-0.98,0.02,-1.04,-0.11,-0.46,-0.92,10.6,233.0,TEST2RR,AKR_TEST2RR,0.0,1.0,1.0,100.0
24660,1,walk,walk,4036,,4036.0,20.0,0.0,0.0,1.0,1.41,-0.044,-0.852,0.0,29.0,26.0,0.0,5.0,1851.0,23.0,-0.99,0.02,-1.05,-0.11,0.36,-4.14,14.92,233.0,TEST2RR,AKR_TEST2RR,0.0,1.0,1.0,100.0
24680,1,walk,walk,4037,,4037.0,20.0,0.0,0.0,1.0,1.45,-0.047,0.347,0.0,29.0,25.93,0.0,5.0,1851.0,23.0,-1.05,0.02,-1.06,-0.11,1.3,-7.22,19.94,233.0,TEST2RR,AKR_TEST2RR,0.0,1.0,1.0,100.0
24700,1,walk,walk,4038,,4038.0,20.0,0.0,0.0,1.0,1.49,-0.032,1.133,0.0,29.0,25.93,0.0,5.0,1851.0,23.0,-1.16,0.02,-1.07,-0.11,2.2,-9.85,25.55,233.0,TEST2RR,AKR_TEST2RR,0.0,1.0,1.0,100.0
24720,1,walk,walk,4039,,4039.0,20.0,0.0,0.0,1.0,1.53,-0.022,0.519,0.0,29.0,25.97,0.0,5.0,1851.0,23.0,-1.3,0.02,-1.08,-0.1,2.97,-11.87,31.58,233.0,TEST2RR,AKR_TEST2RR,0.0,1.0,1.0,100.0
24740,1,walk,walk,4040,,4040.0,20.0,0.0,0.0,1.0,1.6,-0.011,1.035,0.0,29.0,25.93,0.0,5.0,1851.0,23.0,-1.42,0.03,-1.1,-0.1,3.53,-13.32,37.9,233.0,TEST2RR,AKR_TEST2RR,0.0,1.0,1.0,100.0
24800,1,walk,walk,4041,,4041.0,20.0,0.0,0.0,1.0,1.69,0.004,0.943,0.0,29.0,25.93,0.0,5.0,1851.0,23.0,-1.47,0.03,-1.12,-0.09,3.84,-14.24,44.28,233.0,TEST2RR,AKR_TEST2RR,0.0,1.0,1.0,100.0
24800,1,walk,walk,4042,,4042.0,20.0,0.0,6.0,2.0,1.82,0.023,1.268,0.0,29.0,25.93,0.0,5.0,1851.0,23.0,-1.43,0.03,-1.14,-0.09,3.9,-14.77,50.53,233.0,TEST2RR,AKR_TEST2RR,0.0,1.0,1.0,100.0
24820,1,walk,walk,4043,,4043.0,20.0,0.0,6.0,2.0,2.0,0.028,1.381,-0.166,29.0,25.9,0.0,18.0,1851.0,23.0,-1.32,0.03,-1.15,-0.08,3.8,-14.92,56.41,233.0,TEST2RR,AKR_TEST2RR,0.0,1.0,1.0,100.0
24820,1,walk,walk,4044,,4044.0,20.0,0.0,6.0,2.0,2.23,0.019,-0.951,-0.544,29.0,25.93,0.0,18.0,1851.0,23.0,-1.17,0.02,-1.16,-0.08,3.6,-14.96,61.59,233.0,TEST2RR,AKR_TEST2RR,0.0,1.0,1.0,100.0
24840,1,walk,walk,4045,,4045.0,20.0,0.0,6.0,2.0,2.51,0.01,-0.359,-0.574,29.0,25.93,0.0,18.0,1851.0,23.0,-1.07,0.02,-1.16,-0.08,3.42,-15.19,65.51,233.0,TEST2RR,AKR_TEST2RR,0.0,1.0,1.0,100.0
24860,1,walk,walk,4046,,4046.0,20.0,1.0,6.0,2.0,2.87,0.006,-0.195,-0.24,29.0,25.93,0.0,19.0,1851.0,23.0,-1.11,0.02,-1.15,-0.07,3.33,-15.84,67.6,233.0,TEST2RR,AKR_TEST2RR,0.0,1.0,1.0,100.0
24900,1,walk,walk,4047,,4047.0,20.0,0.0,6.0,2.0,3.29,0.003,-0.178,-0.068,29.0,25.93,0.0,18.0,1851.0,23.0,-1.37,0.03,-1.13,-0.07,3.39,-16.93,67.46,233.0,TEST2RR,AKR_TEST2RR,0.0,1.0,1.0,100.0
24920,1,walk,walk,4048,,4048.0,20.0,1.0,6.0,2.0,3.78,0.001,-0.062,0.146,29.0,25.93,0.0,19.0,1851.0,23.0,-1.89,0.04,-1.11,-0.06,3.56,-18.28,64.79,233.0,TEST2RR,AKR_TEST2RR,0.0,1.0,1.0,100.0
24920,1,walk,walk,4049,,4049.0,20.0,1.0,6.0,2.0,4.33,-0.001,-0.058,0.208,29.0,25.93,0.0,19.0,1851.0,23.0,-2.69,0.05,-1.09,-0.06,3.79,-19.46,59.53,233.0,TEST2RR,AKR_TEST2RR,0.0,1.0,1.0,100.0
24960,1,walk,walk,4050,,4050.0,20.0,1.0,6.0,2.0,4.95,-0.002,-0.089,0.254,29.0,25.93,0.0,19.0,1851.0,23.0,-3.71,0.07,-1.06,-0.06,4.01,-19.96,51.81,233.0,TEST2RR,AKR_TEST2RR,0.0,1.0,1.0,100.0
24960,1,walk,walk,4051,,4051.0,20.0,1.0,1.0,5.0,5.62,-0.002,-0.023,0.187,29.0,25.93,0.0,19.0,1851.0,24.0,-4.85,0.09,-1.02,-0.05,4.2,-19.25,41.97,233.0,TEST2RR,AKR_TEST2RR,0.0,1.0,1.0,100.0
24980,1,walk,walk,4052,,4052.0,20.0,0.0,1.0,5.0,6.32,-0.002,-0.014,0.121,29.0,25.86,0.0,19.0,1851.0,24.0,-5.9,0.1,-1.0,-0.05,4.38,-16.81,30.59,233.0,TEST2RR,AKR_TEST2RR,0.0,1.0,1.0,100.0
25000,1,walk,walk,4053,,4053.0,20.0,0.0,1.0,5.0,7.04,-0.04,-3.223,-1.613,29.0,25.79,0.0,19.0,1851.0,24.0,-6.64,0.11,-0.97,-0.06,4.68,-12.55,18.57,233.0,TEST2RR,AKR_TEST2RR,0.0,1.0,1.0,100.0
25020,1,walk,walk,4054,,4054.0,20.0,0.0,1.0,5.0,7.75,-0.084,-2.52,-2.611,29.0,25.69,0.0,19.0,1851.0,24.0,-6.85,0.11,-0.95,-0.06,5.2,-6.88,6.61,233.0,TEST2RR,AKR_TEST2RR,0.0,1.0,1.0,100.0
25060,1,walk,walk,4055,,4055.0,20.0,0.0,1.0,6.0,8.45,-0.118,-2.001,-3.522,29.0,25.58,0.0,19.0,1851.0,24.0,-6.39,0.11,-0.94,-0.07,5.93,-0.48,-4.83,233.0,TEST2RR,AKR_TEST2RR,0.0,1.0,1.0,100.0
25080,1,walk,walk,4056,,4056.0,20.0,0.0,1.0,6.0,9.1,-0.144,-1.494,-4.215,29.0,25.47,0.0,19.0,1851.0,24.0,-5.22,0.09,-0.93,-0.08,6.79,5.83,-15.41,233.0,TEST2RR,AKR_TEST2RR,0.0,1.0,1.0,100.0
25100,1,walk,walk,4057,,4057.0,20.0,0.0,1.0,6.0,9.69,-0.163,-1.075,-4.87,29.0,25.4,0.0,19.0,1851.0,24.0,-3.37,0.05,-0.93,-0.1,7.63,11.31,-24.87,233.0,TEST2RR,AKR_TEST2RR,0.0,1.0,1.0,100.0
25100,1,walk,walk,4058,,4058.0,20.0,0.0,1.0,6.0,10.19,-0.177,-0.706,-5.43,29.0,25.3,0.0,19.0,1851.0,24.0,-0.97,0.02,-0.93,-0.12,8.2,15.48,-32.96,233.0,TEST2RR,AKR_TEST2RR,0.0,1.0,1.0,100.0
25120,1,walk,walk,4059,,4059.0,20.0,0.0,1.0,6.0,10.59,-0.187,-0.515,-5.874,29.0,25.23,0.0,19.0,1851.0,24.0,1.85,-0.03,-0.93,-0.14,8.23,18.14,-39.54,233.0,TEST2RR,AKR_TEST2RR,0.0,1.0,1.0,100.0
25140,1,walk,walk,4060,,4060.0,20.0,0.0,1.0,6.0,10.89,-0.192,-0.217,-6.581,29.0,25.09,0.0,19.0,1851.0,24.0,4.91,-0.08,-0.93,-0.16,7.6,19.39,-44.45,233.0,TEST2RR,AKR_TEST2RR,0.0,1.0,1.0,100.0
25160,1,walk,walk,4061,,4061.0,20.0,0.0,1.0,6.0,11.08,-0.195,-0.203,-6.858,29.0,25.02,0.0,19.0,1851.0,24.0,8.09,-0.13,-0.93,-0.17,6.25,19.42,-47.67,233.0,TEST2RR,AKR_TEST2RR,0.0,1.0,1.0,100.0
25180,1,walk,walk,4062,,4062.0,20.0,0.0,1.0,6.0,11.14,-0.196,-0.057,-7.216,29.0,24.98,0.0,19.0,1851.0,24.0,11.25,-0.18,-0.93,-0.19,4.26,18.43,-49.21,233.0,TEST2RR,AKR_TEST2RR,0.0,1.0,1.0,100.0
25200,1,walk,walk,4063,,4063.0,20.0,0.0,3.0,7.0,11.1,-0.196,-0.03,-7.342,29.0,24.95,0.0,19.0,1851.0,24.0,14.21,-0.23,-0.93,-0.19,1.7,16.65,-49.12,233.0,TEST2RR,AKR_TEST2RR,0.0,1.0,1.0,100.0
25220,1,walk,walk,4064,,4064.0,20.0,0.0,3.0,7.0,10.94,-0.194,0.542,-8.032,29.0,24.81,0.0,19.0,1851.0,24.0,16.65,-0.28,-0.93,-0.19,-0.87,14.89,-47.28,233.0,TEST2RR,AKR_TEST2RR,0.0,1.0,1.0,100.0
25240,1,walk,walk,4065,,4065.0,20.0,0.0,3.0,7.0,10.69,-0.185,0.487,-8.677,29.0,24.6,0.0,19.0,1851.0,24.0,18.36,-0.31,-0.95,-0.17,-2.98,13.78,-43.74,233.0,TEST2RR,AKR_TEST2RR,0.0,1.0,1.0,100.0
25280,1,walk,walk,4066,,4066.0,20.0,0.0,3.0,7.0,10.36,-0.171,0.994,-9.988,29.0,24.28,0.0,19.0,1851.0,24.0,19.35,-0.34,-0.96,-0.15,-4.45,13.51,-38.75,233.0,TEST2RR,AKR_TEST2RR,0.0,1.0,1.0,100.0
25280,1,walk,walk,4067,,4067.0,20.0,0.0,3.0,7.0,9.96,-0.15,1.427,-10.423,29.0,24.14,0.0,19.0,1851.0,24.0,19.74,-0.35,-0.98,-0.12,-5.32,13.83,-32.72,233.0,TEST2RR,AKR_TEST2RR,0.0,1.0,1.0,100.0
25300,1,walk,walk,4068,,4068.0,20.0,0.0,3.0,7.0,9.51,-0.13,1.454,-10.055,29.0,24.32,0.0,19.0,1851.0,24.0,19.75,-0.36,-1.0,-0.09,-5.73,14.29,-26.1,233.0,TEST2RR,AKR_TEST2RR,0.0,1.0,1.0,100.0
25320,1,walk,walk,4069,,4069.0,20.0,0.0,3.0,7.0,9.02,-0.113,0.797,-8.431,29.0,24.88,0.0,19.0,1851.0,24.0,19.5,-0.36,-1.03,-0.07,-5.8,14.36,-19.34,233.0,TEST2RR,AKR_TEST2RR,0.0,1.0,1.0,100.0
25340,1,walk,walk,4070,,4070.0,20.0,0.0,3.0,7.0,8.52,-0.104,0.358,-6.323,29.0,25.26,0.0,19.0,1851.0,24.0,19.1,-0.36,-1.04,-0.05,-5.67,13.76,-12.73,233.0,TEST2RR,AKR_TEST2RR,0.0,1.0,1.0,100.0
25360,1,walk,walk,4071,,4071.0,20.0,0.0,3.0,7.0,8.02,-0.099,0.033,-4.424,29.0,25.58,0.0,19.0,1851.0,24.0,18.63,-0.36,-1.06,-0.03,-5.44,12.46,-6.49,233.0,TEST2RR,AKR_TEST2RR,0.0,1.0,1.0,100.0
25420,1,walk,walk,4072,,4072.0,20.0,0.0,0.0,1.0,7.54,-0.099,0.113,-3.1,30.0,25.76,0.0,19.0,1851.0,24.0,18.16,-0.35,-1.07,-0.02,-5.19,10.56,-0.9,233.0,TEST2RR,AKR_TEST2RR,0.0,1.0,1.0,100.0
25420,1,walk,walk,4073,,4073.0,20.0,0.0,0.0,1.0,7.09,-0.092,0.704,-1.956,30.0,25.76,0.0,19.0,1851.0,24.0,17.77,-0.35,-1.08,-0.01,-4.98,8.04,3.38,233.0,TEST2RR,AKR_TEST2RR,0.0,1.0,1.0,100.0
25420,1,walk,walk,4074,,4074.0,20.0,0.0,0.0,1.0,6.69,-0.092,0.704,-1.956,30.0,25.76,0.0,39.0,1851.0,24.0,17.43,-0.34,-1.08,-0.01,-4.85,5.08,6.08,233.0,TEST2RR,AKR_TEST2RR,0.0,1.0,1.0,100.0
25440,1,walk,walk,4075,,4075.0,20.0,0.0,0.0,1.0,6.33,-0.092,0.704,-1.956,30.0,25.76,0.0,59.0,1851.0,24.0,17.07,-0.33,-1.08,-0.01,-4.73,2.08,7.45,233.0,TEST2RR,AKR_TEST2RR,0.0,1.0,1.0,100.0
25460,1,walk,walk,4076,,4076.0,20.0,0.0,0.0,1.0,6.04,-0.092,0.704,-1.956,30.0,25.76,0.0,79.0,1851.0,24.0,16.67,-0.32,-1.08,-0.01,-4.62,-0.62,7.74,233.0,TEST2RR,AKR_TEST2RR,0.0,1.0,1.0,100.0
25480,1,walk,walk,4077,,4077.0,20.0,0.0,0.0,1.0,5.81,-0.047,6.719,0.0,30.0,25.93,0.0,19.0,1851.0,24.0,16.22,-0.31,-1.07,-0.02,-4.53,-2.85,7.14,233.0,TEST2RR,AKR_TEST2RR,0.0,1.0,1.0,100.0
25500,1,walk,walk,4078,,4078.0,20.0,0.0,0.0,1.0,5.65,-0.038,0.604,0.0,30.0,25.97,0.0,19.0,1851.0,24.0,15.71,-0.3,-1.07,-0.02,-4.46,-4.53,5.75,233.0,TEST2RR,AKR_TEST2RR,0.0,1.0,1.0,100.0
25520,1,walk,walk,4079,,4079.0,20.0,0.0,0.0,1.0,5.54,-0.029,0.504,0.0,30.0,25.93,0.0,19.0,1851.0,24.0,15.13,-0.29,-1.06,-0.02,-4.44,-5.68,3.72,233.0,TEST2RR,AKR_TEST2RR,0.0,1.0,1.0,100.0
25560,1,walk,walk,4080,,4080.0,20.0,0.0,0.0,1.0,5.5,-0.021,0.515,0.0,30.0,25.93,0.0,19.0,1851.0,24.0,14.47,-0.27,-1.05,-0.03,-4.47,-6.34,1.21,233.0,TEST2RR,AKR_TEST2RR,0.0,1.0,1.0,100.0
25560,1,walk,walk,4081,,4081.0,20.0,1.0,0.0,1.0,5.5,-0.009,1.113,0.0,30.0,25.93,0.0,20.0,1851.0,24.0,13.73,-0.26,-1.05,-0.03,-4.54,-6.58,-1.71,233.0,TEST2RR,AKR_TEST2RR,0.0,1.0,1.0,100.0
25580,1,walk,walk,4082,,4082.0,20.0,1.0,0.0,1.0,5.54,0.004,0.898,0.0,30.0,25.93,0.0,20.0,1851.0,24.0,12.93,-0.24,-1.04,-0.04,-4.6,-6.5,-4.92,233.0,TEST2RR,AKR_TEST2RR,0.0,1.0,1.0,100.0
25600,1,walk,walk,4083,,4083.0,20.0,1.0,0.0,1.0,5.61,0.02,1.01,0.0,30.0,25.93,0.0,20.0,1851.0,24.0,12.06,-0.22,-1.04,-0.04,-4.65,-6.22,-8.33,233.0,TEST2RR,AKR_TEST2RR,0.0,1.0,1.0,100.0
25620,1,walk,walk,4084,,4084.0,20.0,1.0,0.0,1.0,5.71,0.036,1.201,0.0,30.0,25.93,0.0,20.0,1851.0,24.0,11.14,-0.2,-1.03,-0.05,-4.64,-5.82,-11.87,233.0,TEST2RR,AKR_TEST2RR,0.0,1.0,1.0,100.0
25640,1,walk,walk,4085,,4085.0,20.0,1.0,0.0,1.0,5.81,0.052,0.907,0.0,30.0,25.93,0.0,19.0,1851.0,24.0,10.18,-0.18,-1.03,-0.05,-4.59,-5.33,-15.41,233.0,TEST2RR,AKR_TEST2RR,0.0,1.0,1.0,100.0
25660,1,walk,walk,4086,,4086.0,20.0,1.0,0.0,1.0,5.91,0.068,1.176,0.0,30.0,25.93,0.0,19.0,1851.0,24.0,9.19,-0.17,-1.03,-0.06,-4.5,-4.8,-18.87,233.0,TEST2RR,AKR_TEST2RR,0.0,1.0,1.0,100.0
25700,1,walk,walk,4087,,4087.0,20.0,1.0,0.0,1.0,6.01,0.082,0.833,0.0,30.0,25.93,0.0,19.0,1851.0,24.0,8.18,-0.15,-1.02,-0.06,-4.38,-4.25,-22.08,233.0,TEST2RR,AKR_TEST2RR,0.0,1.0,1.0,100.0
25720,1,walk,walk,4088,,4088.0,20.0,1.0,0.0,1.0,6.08,0.094,0.883,0.0,30.0,25.93,0.0,19.0,1851.0,24.0,7.13,-0.13,-1.02,-0.07,-4.22,-3.72,-24.88,234.0,TEST2RR,AKR_TEST2RR,0.0,1.0,1.0,100.0
25760,1,walk,walk,4089,,4089.0,20.0,1.0,6.0,2.0,6.13,0.101,0.365,0.0,30.0,25.93,0.0,19.0,1851.0,24.0,6.04,-0.11,-1.02,-0.07,-4.02,-3.22,-27.05,234.0,TEST2RR,AKR_TEST2RR,0.0,1.0,1.0,100.0
25760,1,walk,walk,4090,,4090.0,20.0,0.0,6.0,2.0,6.14,0.102,-0.136,-0.025,30.0,25.9,0.0,18.0,1851.0,24.0,4.91,-0.09,-1.02,-0.07,-3.74,-2.69,-28.15,234.0,TEST2RR,AKR_TEST2RR,0.0,1.0,1.0,100.0
25760,1,walk,walk,4091,,4091.0,20.0,0.0,6.0,2.0,6.11,0.076,-2.061,-2.736,30.0,25.69,0.0,18.0,1851.0,24.0,3.72,-0.07,-1.02,-0.08,-3.35,-2.04,-27.7,234.0,TEST2RR,AKR_TEST2RR,0.0,1.0,1.0,100.0
25780,1,walk,walk,4092,,4092.0,20.0,0.0,6.0,2.0,6.04,0.049,-1.46,-2.97,30.0,25.69,0.0,18.0,1851.0,24.0,2.53,-0.05,-1.02,-0.08,-2.84,-1.31,-25.57,234.0,TEST2RR,AKR_TEST2RR,0.0,1.0,1.0,100.0
25800,1,walk,walk,4093,,4093.0,20.0,1.0,6.0,2.0,5.92,0.034,-0.88,-2.541,30.0,25.76,0.0,19.0,1851.0,24.0,1.37,-0.02,-1.03,-0.08,-2.19,-0.59,-21.88,234.0,TEST2RR,AKR_TEST2RR,0.0,1.0,1.0,100.0
25820,1,walk,walk,4094,,4094.0,20.0,0.0,6.0,2.0,5.76,0.022,-0.864,-1.709,30.0,25.83,0.0,18.0,1851.0,24.0,0.31,-0.01,-1.03,-0.09,-1.38,-0.03,-16.89,234.0,TEST2RR,AKR_TEST2RR,0.0,1.0,1.0,100.0
25840,1,walk,walk,4095,,4095.0,20.0,1.0,6.0,2.0,5.55,0.011,-0.703,-0.824,30.0,25.93,0.0,19.0,1851.0,24.0,-0.6,0.01,-1.03,-0.09,-0.4,0.27,-10.9,234.0,TEST2RR,AKR_TEST2RR,0.0,1.0,1.0,100.0
25860,1,walk,walk,4096,,4096.0,20.0,1.0,6.0,2.0,5.32,0.003,-0.283,0.129,30.0,25.93,0.0,19.0,1851.0,24.0,-1.36,0.02,-1.04,-0.09,0.71,0.31,-4.23,234.0,TEST2RR,AKR_TEST2RR,0.0,1.0,1.0,100.0
25900,1,walk,walk,4097,,4097.0,20.0,1.0,6.0,2.0,5.06,-0.004,-0.339,1.068,30.0,25.9,0.0,19.0,1851.0,24.0,-1.94,0.04,-1.04,-0.09,1.87,0.1,2.84,234.0,TEST2RR,AKR_TEST2RR,0.0,1.0,1.0,100.0
25920,1,walk,walk,4098,,4098.0,20.0,1.0,6.0,2.0,4.78,-0.007,-0.091,1.14,30.0,25.9,0.0,19.0,1851.0,24.0,-2.39,0.04,-1.05,-0.09,2.98,-0.3,10.08,234.0,TEST2RR,AKR_TEST2RR,0.0,1.0,1.0,100.0
25960,1,walk,walk,4099,,4099.0,20.0,1.0,6.0,2.0,4.5,-0.007,0.12,0.852,30.0,25.9,0.0,19.0,1851.0,24.0,-2.71,0.05,-1.06,-0.09,3.96,-0.79,17.36,234.0,TEST2RR,AKR_TEST2RR,0.0,1.0,1.0,100.0
25960,1,walk,walk,4100,,4100.0,20.0,1.0,6.0,2.0,4.22,-0.006,0.066,0.623,30.0,25.93,0.0,19.0,1851.0,24.0,-2.92,0.05,-1.07,-0.09,4.74,-1.29,24.61,234.0,TEST2RR,AKR_TEST2RR,0.0,1.0,1.0,100.0
25960,1,walk,walk,4101,,4101.0,20.0,1.0,6.0,2.0,3.97,-0.005,0.158,0.319,30.0,25.93,0.0,19.0,1851.0,24.0,-3.03,0.06,-1.08,-0.09,5.26,-1.72,31.83,234.0,TEST2RR,AKR_TEST2RR,0.0,1.0,1.0,100.0
25980,1,walk,walk,4102,,4102.0,20.0,1.0,6.0,2.0,3.76,-0.003,-0.065,0.205,30.0,25.93,0.0,19.0,1851.0,24.0,-3.02,0.06,-1.1,-0.08,5.47,-2.08,38.99,234.0,TEST2RR,AKR_TEST2RR,0.0,1.0,1.0,100.0
26020,1,walk,walk,4103,,4103.0,20.0,1.0,6.0,2.0,3.59,0.0,0.295,-0.392,30.0,25.93,0.0,19.0,1851.0,24.0,-2.89,0.06,-1.11,-0.08,5.34,-2.4,46.07,234.0,TEST2RR,AKR_TEST2RR,0.0,1.0,1.0,100.0
26040,1,walk,walk,4104,,4104.0,20.0,1.0,6.0,2.0,3.47,0.003,0.19,-0.747,30.0,25.93,0.0,19.0,1851.0,24.0,-2.63,0.05,-1.13,-0.08,4.89,-2.77,52.88,234.0,TEST2RR,AKR_TEST2RR,0.0,1.0,1.0,100.0
26060,1,walk,walk,4105,,4105.0,20.0,1.0,6.0,2.0,3.43,0.005,0.085,-0.88,30.0,25.9,0.0,19.0,1851.0,24.0,-2.27,0.05,-1.14,-0.07,4.18,-3.45,58.99,234.0,TEST2RR,AKR_TEST2RR,0.0,1.0,1.0,100.0
26060,1,walk,walk,4106,,4106.0,20.0,1.0,6.0,2.0,3.46,0.004,0.013,-0.492,30.0,25.93,0.0,19.0,1851.0,24.0,-1.89,0.04,-1.15,-0.07,3.37,-4.72,63.71,234.0,TEST2RR,AKR_TEST2RR,0.0,1.0,1.0,100.0
26080,1,walk,walk,4107,,4107.0,20.0,1.0,6.0,2.0,3.57,0.004,-0.066,-0.314,30.0,25.93,0.0,19.0,1851.0,24.0,-1.56,0.03,-1.15,-0.06,2.6,-6.8,66.42,234.0,TEST2RR,AKR_TEST2RR,0.0,1.0,1.0,100.0
26100,1,walk,walk,4108,,4108.0,20.0,1.0,6.0,2.0,3.77,0.001,-0.281,-0.063,30.0,25.93,0.0,19.0,1851.0,24.0,-1.4,0.03,-1.14,-0.06,2.0,-9.72,66.66,234.0,TEST2RR,AKR_TEST2RR,0.0,1.0,1.0,100.0
26120,1,walk,walk,4109,,4109.0,20.0,1.0,6.0,2.0,4.06,-0.001,-0.12,0.3,30.0,25.93,0.0,19.0,1851.0,24.0,-1.46,0.03,-1.12,-0.06,1.62,-13.19,64.2,234.0,TEST2RR,AKR_TEST2RR,0.0,1.0,1.0,100.0
26140,1,walk,walk,4110,,4110.0,20.0,1.0,6.0,2.0,4.43,-0.002,-0.154,0.467,30.0,25.93,0.0,19.0,1851.0,24.0,-1.77,0.03,-1.11,-0.05,1.48,-16.71,59.05,234.0,TEST2RR,AKR_TEST2RR,0.0,1.0,1.0,100.0
26160,1,walk,walk,4111,,4111.0,20.0,1.0,6.0,2.0,4.89,-0.004,-0.044,0.61,30.0,25.93,0.0,19.0,1851.0,24.0,-2.34,0.04,-1.08,-0.05,1.51,-19.55,51.49,234.0,TEST2RR,AKR_TEST2RR,0.0,1.0,1.0,100.0
26220,1,walk,walk,4112,,4112.0,20.0,1.0,1.0,5.0,5.42,-0.005,-0.009,0.673,30.0,25.93,0.0,19.0,1851.0,25.0,-3.07,0.06,-1.05,-0.05,1.67,-21.04,41.97,234.0,TEST2RR,AKR_TEST2RR,0.0,1.0,1.0,100.0
26220,1,walk,walk,4113,,4113.0,20.0,0.0,1.0,5.0,6.0,-0.006,-0.138,0.646,30.0,25.86,0.0,19.0,1851.0,25.0,-3.81,0.07,-1.03,-0.04,1.93,-20.66,31.32,234.0,TEST2RR,AKR_TEST2RR,0.0,1.0,1.0,100.0
26240,1,walk,walk,4114,,4114.0,20.0,0.0,1.0,5.0,6.62,-0.047,-3.45,-0.84,30.0,25.83,0.0,19.0,1851.0,25.0,-4.36,0.08,-1.0,-0.04,2.24,-18.25,20.39,234.0,TEST2RR,AKR_TEST2RR,0.0,1.0,1.0,100.0
26240,1,walk,walk,4115,,4115.0,20.0,0.0,1.0,5.0,7.25,-0.093,-2.647,-1.982,30.0,25.76,0.0,19.0,1851.0,25.0,-4.51,0.08,-0.98,-0.05,2.59,-14.15,9.81,234.0,TEST2RR,AKR_TEST2RR,0.0,1.0,1.0,100.0
26260,1,walk,walk,4116,,4116.0,20.0,0.0,1.0,5.0,7.89,-0.13,-2.267,-2.738,30.0,25.69,0.0,19.0,1851.0,25.0,-4.11,0.07,-0.97,-0.05,3.05,-9.06,-0.01,234.0,TEST2RR,AKR_TEST2RR,0.0,1.0,1.0,100.0
26280,1,walk,walk,4117,,4117.0,20.0,0.0,1.0,6.0,8.49,-0.158,-1.77,-3.392,30.0,25.62,0.0,19.0,1851.0,25.0,-3.1,0.05,-0.96,-0.07,3.63,-3.84,-8.81,234.0,TEST2RR,AKR_TEST2RR,0.0,1.0,1.0,100.0
26300,1,walk,walk,4118,,4118.0,20.0,0.0,1.0,6.0,9.06,-0.18,-1.317,-4.027,30.0,25.54,0.0,19.0,1851.0,25.0,-1.52,0.03,-0.95,-0.08,4.3,0.77,-16.46,234.0,TEST2RR,AKR_TEST2RR,0.0,1.0,1.0,100.0
26320,1,walk,walk,4119,,4119.0,20.0,0.0,1.0,6.0,9.56,-0.196,-1.095,-4.61,30.0,25.47,0.0,19.0,1851.0,25.0,0.53,-0.01,-0.94,-0.09,4.9,4.29,-22.92,234.0,TEST2RR,AKR_TEST2RR,0.0,1.0,1.0,100.0
26340,1,walk,walk,4120,,4120.0,20.0,0.0,1.0,6.0,9.98,-0.209,-0.839,-4.825,30.0,25.4,0.0,19.0,1851.0,25.0,2.89,-0.05,-0.94,-0.11,5.25,6.61,-28.13,234.0,TEST2RR,AKR_TEST2RR,0.0,1.0,1.0,100.0
26380,1,walk,walk,4121,,4121.0,20.0,0.0,1.0,6.0,10.32,-0.219,-0.614,-5.254,30.0,25.37,0.0,19.0,1851.0,25.0,5.43,-0.09,-0.93,-0.13,5.15,7.91,-32.12,234.0,TEST2RR,AKR_TEST2RR,0.0,1.0,1.0,100.0
26380,1,walk,walk,4122,,4122.0,20.0,0.0,1.0,6.0,10.56,-0.226,-0.511,-5.384,30.0,25.37,0.0,19.0,1851.0,25.0,8.02,-0.13,-0.93,-0.14,4.58,8.43,-34.93,234.0,TEST2RR,AKR_TEST2RR,0.0,1.0,1.0,100.0
26400,1,walk,walk,4123,,4123.0,20.0,0.0,1.0,6.0,10.7,-0.23,-0.268,-5.697,30.0,25.3,0.0,19.0,1851.0,25.0,10.54,-0.17,-0.92,-0.15,3.5,8.39,-36.59,234.0,TEST2RR,AKR_TEST2RR,0.0,1.0,1.0,100.0
26420,1,walk,walk,4124,,4124.0,20.0,0.0,1.0,6.0,10.75,-0.233,-0.088,-6.042,30.0,25.23,0.0,19.0,1851.0,25.0,12.95,-0.21,-0.91,-0.16,2.0,7.91,-37.26,234.0,TEST2RR,AKR_TEST2RR,0.0,1.0,1.0,100.0
26440,1,walk,walk,4125,,4125.0,20.0,0.0,3.0,7.0,10.71,-0.233,-0.079,-6.317,30.0,25.19,0.0,19.0,1851.0,25.0,15.18,-0.25,-0.9,-0.17,0.22,7.08,-37.06,234.0,TEST2RR,AKR_TEST2RR,0.0,1.0,1.0,100.0
26460,1,walk,walk,4126,,4126.0,20.0,0.0,3.0,7.0,10.59,-0.233,0.005,-6.445,30.0,25.16,0.0,19.0,1851.0,25.0,17.19,-0.28,-0.9,-0.17,-1.69,5.97,-36.1,234.0,TEST2RR,AKR_TEST2RR,0.0,1.0,1.0,100.0
26480,1,walk,walk,4127,,4127.0,20.0,0.0,3.0,7.0,10.39,-0.233,-0.026,-6.504,30.0,25.12,0.0,19.0,1851.0,25.0,18.91,-0.31,-0.89,-0.17,-3.57,4.7,-34.47,234.0,TEST2RR,AKR_TEST2RR,0.0,1.0,1.0,100.0
26520,1,walk,walk,4128,,4128.0,20.0,0.0,3.0,7.0,10.13,-0.233,0.112,-6.652,30.0,25.12,0.0,19.0,1851.0,25.0,20.1,-0.33,-0.9,-0.16,-5.07,3.89,-32.08,234.0,TEST2RR,AKR_TEST2RR,0.0,1.0,1.0,100.0
26520,1,walk,walk,4129,,4129.0,20.0,0.0,3.0,7.0,9.82,-0.223,0.524,-7.528,30.0,24.98,0.0,19.0,1851.0,25.0,20.58,-0.34,-0.91,-0.15,-5.92,4.01,-28.94,234.0,TEST2RR,AKR_TEST2RR,0.0,1.0,1.0,100.0
26540,1,walk,walk,4130,,4130.0,20.0,0.0,3.0,7.0,9.48,-0.208,1.033,-8.236,30.0,24.88,0.0,19.0,1851.0,25.0,20.4,-0.34,-0.93,-0.13,-6.08,5.15,-25.11,234.0,TEST2RR,AKR_TEST2RR,0.0,1.0,1.0,100.0
26560,1,walk,walk,4131,,4131.0,20.0,0.0,3.0,7.0,9.11,-0.189,1.411,-8.381,30.0,24.88,0.0,19.0,1851.0,25.0,19.72,-0.34,-0.95,-0.1,-5.68,6.92,-20.79,234.0,TEST2RR,AKR_TEST2RR,0.0,1.0,1.0,100.0
26580,1,walk,walk,4132,,4132.0,20.0,0.0,3.0,7.0,8.73,-0.164,1.877,-8.564,30.0,24.95,0.0,19.0,1851.0,25.0,18.75,-0.33,-0.97,-0.08,-4.91,8.79,-16.28,234.0,TEST2RR,AKR_TEST2RR,0.0,1.0,1.0,100.0
26620,1,walk,walk,4133,,4133.0,20.0,0.0,3.0,7.0,8.35,-0.136,1.858,-7.684,30.0,25.16,0.0,19.0,1851.0,25.0,17.67,-0.32,-1.0,-0.06,-4.01,10.25,-11.88,234.0,TEST2RR,AKR_TEST2RR,0.0,1.0,1.0,100.0
26620,1,walk,walk,4134,,4134.0,20.0,0.0,3.0,7.0,7.97,-0.105,2.138,-6.543,30.0,25.44,0.0,19.0,1851.0,25.0,16.59,-0.3,-1.02,-0.04,-3.15,10.99,-7.85,234.0,TEST2RR,AKR_TEST2RR,0.0,1.0,1.0,100.0
26640,1,walk,walk,4135,,4135.0,20.0,0.0,3.0,7.0,7.62,-0.076,1.701,-4.784,30.0,25.69,0.0,19.0,1851.0,25.0,15.64,-0.29,-1.03,-0.03,-2.42,10.86,-4.42,234.0,TEST2RR,AKR_TEST2RR,0.0,1.0,1.0,100.0
26660,1,walk,walk,4136,,4136.0,20.0,0.0,0.0,1.0,7.29,-0.053,1.103,-2.705,30.0,25.83,0.0,19.0,1851.0,25.0,14.87,-0.28,-1.05,-0.02,-1.9,9.89,-1.73,235.0,TEST2RR,AKR_TEST2RR,0.0,1.0,1.0,100.0
26700,1,walk,walk,4137,,4137.0,20.0,0.0,0.0,1.0,7.0,-0.038,1.07,-1.366,30.0,25.83,0.0,19.0,1851.0,25.0,14.31,-0.27,-1.06,-0.01,-1.58,8.15,0.01,235.0,TEST2RR,AKR_TEST2RR,0.0,1.0,1.0,100.0
26700,1,walk,walk,4138,,4138.0,20.0,0.0,0.0,1.0,6.74,-0.038,1.07,-1.366,30.0,25.83,0.0,39.0,1851.0,25.0,13.89,-0.26,-1.07,-0.01,-1.38,5.99,1.03,235.0,TEST2RR,AKR_TEST2RR,0.0,1.0,1.0,100.0
26720,1,walk,walk,4139,,4139.0,20.0,0.0,0.0,1.0,6.53,-0.038,1.07,-1.366,30.0,25.83,0.0,59.0,1851.0,25.0,13.53,-0.26,-1.07,-0.01,-1.23,3.84,1.72,235.0,TEST2RR,AKR_TEST2RR,0.0,1.0,1.0,100.0
26740,1,walk,walk,4140,,4140.0,20.0,0.0,0.0,1.0,6.35,-0.029,3.286,0.0,30.0,25.93,0.0,1.0,1851.0,25.0,13.22,-0.25,-1.07,-0.01,-1.07,1.93,2.28,235.0,TEST2RR,AKR_TEST2RR,0.0,1.0,1.0,100.0
26760,1,walk,walk,4141,,4141.0,20.0,0.0,0.0,1.0,6.21,-0.028,0.103,0.0,30.0,25.93,0.0,1.0,1851.0,25.0,12.92,-0.25,-1.07,-0.01,-0.89,0.38,2.71,235.0,TEST2RR,AKR_TEST2RR,0.0,1.0,1.0,100.0
26780,1,walk,walk,4142,,4142.0,20.0,0.0,0.0,1.0,6.11,-0.028,0.032,0.0,30.0,25.93,0.0,1.0,1851.0,25.0,12.61,-0.24,-1.07,-0.01,-0.69,-0.76,2.97,235.0,TEST2RR,AKR_TEST2RR,0.0,1.0,1.0,100.0
26800,1,walk,walk,4143,,4143.0,20.0,0.0,0.0,1.0,6.05,-0.028,0.128,0.0,30.0,25.93,0.0,1.0,1851.0,25.0,12.31,-0.23,-1.06,-0.02,-0.49,-1.48,2.98,235.0,TEST2RR,AKR_TEST2RR,0.0,1.0,1.0,100.0
26840,1,walk,walk,4144,,4144.0,20.0,0.0,0.0,1.0,6.03,-0.025,0.261,0.0,30.0,25.93,0.0,1.0,1851.0,25.0,12.0,-0.22,-1.06,-0.02,-0.31,-1.83,2.65,235.0,TEST2RR,AKR_TEST2RR,0.0,1.0,1.0,100.0
26860,1,walk,walk,4145,,4145.0,20.0,0.0,0.0,1.0,6.03,-0.02,0.319,0.0,30.0,25.93,0.0,1.0,1851.0,25.0,11.68,-0.22,-1.05,-0.03,-0.19,-1.88,1.93,235.0,TEST2RR,AKR_TEST2RR,0.0,1.0,1.0,100.0
26880,1,walk,walk,4146,,4146.0,20.0,0.0,0.0,1.0,6.06,-0.015,0.51,0.0,30.0,25.93,0.0,1.0,1851.0,25.0,11.34,-0.21,-1.05,-0.03,-0.14,-1.75,0.81,235.0,TEST2RR,AKR_TEST2RR,0.0,1.0,1.0,100.0
26880,1,walk,walk,4147,,4147.0,20.0,0.0,0.0,1.0,6.11,-0.008,0.253,0.0,30.0,25.93,0.0,1.0,1851.0,25.0,10.97,-0.2,-1.04,-0.03,-0.15,-1.53,-0.66,235.0,TEST2RR,AKR_TEST2RR,0.0,1.0,1.0,100.0
26920,1,walk,walk,4148,,4148.0,20.0,1.0,0.0,1.0,6.17,-0.004,0.397,0.0,31.0,25.93,0.0,2.0,1851.0,25.0,10.54,-0.19,-1.03,-0.04,-0.19,-1.25,-2.38,235.0,TEST2RR,AKR_TEST2RR,0.0,1.0,1.0,100.0
26920,1,walk,walk,4149,,4149.0,20.0,1.0,0.0,1.0,6.25,0.002,0.455,0.0,31.0,25.93,0.0,2.0,1851.0,25.0,10.05,-0.18,-1.03,-0.04,-0.23,-0.93,-4.25,235.0,TEST2RR,AKR_TEST2RR,0.0,1.0,1.0,100.0
26940,1,walk,walk,4150,,4150.0,20.0,1.0,0.0,1.0,6.33,0.012,0.829,0.0,31.0,25.93,0.0,2.0,1851.0,25.0,9.51,-0.17,-1.03,-0.04,-0.24,-0.61,-6.26,235.0,TEST2RR,AKR_TEST2RR,0.0,1.0,1.0,100.0
27000,1,walk,walk,4151,,4151.0,20.0,1.0,0.0,1.0,6.42,0.024,0.694,0.0,31.0,25.97,0.0,2.0,1851.0,25.0,8.95,-0.16,-1.03,-0.05,-0.19,-0.33,-8.37,235.0,TEST2RR,AKR_TEST2RR,0.0,1.0,1.0,100.0
27040,1,walk,walk,4152,,4152.0,20.0,1.0,0.0,1.0,6.5,0.037,1.017,0.0,31.0,25.93,0.0,2.0,1851.0,25.0,8.36,-0.15,-1.02,-0.05,-0.07,-0.11,-10.6,235.0,TEST2RR,AKR_TEST2RR,0.0,1.0,1.0,100.0
27040,1,walk,walk,4153,,4153.0,20.0,1.0,0.0,1.0,6.57,0.053,0.949,0.0,31.0,25.93,0.0,2.0,1851.0,25.0,7.77,-0.14,-1.02,-0.05,0.1,0.06,-12.96,235.0,TEST2RR,AKR_TEST2RR,0.0,1.0,1.0,100.0
27040,1,walk,walk,4154,,4154.0,20.0,1.0,0.0,1.0,6.63,0.07,1.229,0.0,31.0,25.93,0.0,2.0,1851.0,25.0,7.18,-0.13,-1.02,-0.06,0.31,0.16,-15.48,235.0,TEST2RR,AKR_TEST2RR,0.0,1.0,1.0,100.0
27060,1,walk,walk,4155,,4155.0,20.0,1.0,6.0,2.0,6.67,0.085,0.985,0.0,31.0,25.93,0.0,2.0,1851.0,25.0,6.58,-0.12,-1.02,-0.06,0.58,0.23,-18.12,235.0,TEST2RR,AKR_TEST2RR,0.0,1.0,1.0,100.0
27060,1,walk,walk,4156,,4156.0,20.0,0.0,6.0,2.0,6.69,0.087,1.421,-0.173,31.0,25.9,0.0,18.0,1851.0,25.0,5.92,-0.11,-1.02,-0.06,0.92,0.5,-20.37,235.0,TEST2RR,AKR_TEST2RR,0.0,1.0,1.0,100.0
27100,1,walk,walk,4157,,4157.0,20.0,0.0,6.0,2.0,6.67,0.07,-1.24,-3.617,31.0,25.62,0.0,18.0,1851.0,25.0,5.18,-0.09,-1.02,-0.06,1.36,1.06,-21.75,235.0,TEST2RR,AKR_TEST2RR,0.0,1.0,1.0,100.0
27100,1,walk,walk,4158,,4158.0,20.0,0.0,6.0,2.0,6.63,0.054,-0.804,-4.217,31.0,25.54,0.0,18.0,1851.0,25.0,4.35,-0.08,-1.02,-0.06,1.92,1.78,-21.97,235.0,TEST2RR,AKR_TEST2RR,0.0,1.0,1.0,100.0
27120,1,walk,walk,4159,,4159.0,20.0,1.0,6.0,2.0,6.55,0.044,-0.618,-4.212,31.0,25.54,0.0,19.0,1851.0,25.0,3.42,-0.06,-1.02,-0.07,2.61,2.5,-20.79,235.0,TEST2RR,AKR_TEST2RR,0.0,1.0,1.0,100.0
27140,1,walk,walk,4160,,4160.0,20.0,0.0,6.0,2.0,6.44,0.033,-0.865,-2.969,31.0,25.72,0.0,18.0,1851.0,25.0,2.41,-0.04,-1.03,-0.07,3.47,3.02,-18.06,235.0,TEST2RR,AKR_TEST2RR,0.0,1.0,1.0,100.0
27160,1,walk,walk,4161,,4161.0,20.0,0.0,6.0,2.0,6.3,0.02,-0.926,-1.644,31.0,25.83,0.0,18.0,1851.0,25.0,1.38,-0.02,-1.03,-0.07,4.46,3.17,-13.77,235.0,TEST2RR,AKR_TEST2RR,0.0,1.0,1.0,100.0
27220,1,walk,walk,4162,,4162.0,20.0,1.0,6.0,2.0,6.12,0.007,-0.886,-0.245,31.0,25.93,0.0,19.0,1851.0,25.0,0.38,-0.01,-1.04,-0.07,5.49,2.87,-8.02,235.0,TEST2RR,AKR_TEST2RR,0.0,1.0,1.0,100.0
27220,1,walk,walk,4163,,4163.0,20.0,1.0,6.0,2.0,5.92,-0.002,-0.398,0.977,31.0,25.93,0.0,19.0,1851.0,25.0,-0.58,0.01,-1.05,-0.07,6.38,2.03,-1.07,235.0,TEST2RR,AKR_TEST2RR,0.0,1.0,1.0,100.0
27220,1,walk,walk,4164,,4164.0,20.0,1.0,6.0,2.0,5.7,-0.006,-0.061,0.925,31.0,25.9,0.0,19.0,1851.0,25.0,-1.46,0.03,-1.06,-0.07,7.01,0.7,6.87,235.0,TEST2RR,AKR_TEST2RR,0.0,1.0,1.0,100.0
27240,1,walk,walk,4165,,4165.0,20.0,1.0,6.0,2.0,5.47,-0.004,0.16,0.212,31.0,25.93,0.0,19.0,1851.0,25.0,-2.23,0.04,-1.08,-0.07,7.31,-0.96,15.48,235.0,TEST2RR,AKR_TEST2RR,0.0,1.0,1.0,100.0
27260,1,walk,walk,4166,,4166.0,20.0,1.0,6.0,2.0,5.25,-0.002,0.201,-0.15,31.0,25.93,0.0,19.0,1851.0,25.0,-2.81,0.05,-1.09,-0.07,7.27,-2.84,24.38,235.0,TEST2RR,AKR_TEST2RR,0.0,1.0,1.0,100.0
27280,1,walk,walk,4167,,4167.0,20.0,1.0,6.0,2.0,5.03,0.001,0.169,-0.532,31.0,25.9,0.0,19.0,1851.0,25.0,-3.15,0.06,-1.11,-0.07,6.91,-4.9,33.11,235.0,TEST2RR,AKR_TEST2RR,0.0,1.0,1.0,100.0
27300,1,walk,walk,4168,,4168.0,20.0,1.0,6.0,2.0,4.84,0.004,0.193,-0.774,31.0,25.9,0.0,19.0,1851.0,25.0,-3.25,0.06,-1.13,-0.07,6.35,-7.07,41.14,235.0,TEST2RR,AKR_TEST2RR,0.0,1.0,1.0,100.0
27340,1,walk,walk,4169,,4169.0,20.0,1.0,6.0,2.0,4.7,0.004,-0.011,-0.634,31.0,25.93,0.0,19.0,1851.0,25.0,-3.2,0.06,-1.14,-0.07,5.71,-9.24,47.91,235.0,TEST2RR,AKR_TEST2RR,0.0,1.0,1.0,100.0
27360,1,walk,walk,4170,,4170.0,20.0,1.0,6.0,2.0,4.6,0.004,-0.038,-0.556,31.0,25.93,0.0,19.0,1851.0,25.0,-3.07,0.06,-1.14,-0.06,5.1,-11.29,52.96,235.0,TEST2RR,AKR_TEST2RR,0.0,1.0,1.0,100.0
27380,1,walk,walk,4171,,4171.0,20.0,1.0,6.0,2.0,4.56,0.004,-0.124,-0.447,31.0,25.93,0.0,19.0,1851.0,25.0,-2.97,0.06,-1.14,-0.06,4.59,-13.1,56.1,235.0,TEST2RR,AKR_TEST2RR,0.0,1.0,1.0,100.0
27400,1,walk,walk,4172,,4172.0,20.0,1.0,6.0,2.0,4.59,0.003,-0.134,-0.251,31.0,25.93,0.0,19.0,1851.0,25.0,-2.97,0.06,-1.13,-0.06,4.23,-14.56,57.22,235.0,TEST2RR,AKR_TEST2RR,0.0,1.0,1.0,100.0
27400,1,walk,walk,4173,,4173.0,20.0,0.0,6.0,2.0,4.7,0.002,-0.042,-0.047,31.0,25.93,0.0,18.0,1851.0,25.0,-3.12,0.06,-1.12,-0.05,4.02,-15.43,56.29,235.0,TEST2RR,AKR_TEST2RR,0.0,1.0,1.0,100.0
27420,1,walk,walk,4174,,4174.0,20.0,1.0,6.0,2.0,4.89,0.0,-0.173,0.151,31.0,25.93,0.0,19.0,1851.0,25.0,-3.42,0.07,-1.11,-0.05,3.97,-15.54,53.38,235.0,TEST2RR,AKR_TEST2RR,0.0,1.0,1.0,100.0
27440,1,walk,walk,4175,,4175.0,20.0,1.0,6.0,2.0,5.15,-0.001,-0.123,0.287,31.0,25.93,0.0,19.0,1851.0,25.0,-3.85,0.07,-1.09,-0.05,4.07,-14.72,48.62,235.0,TEST2RR,AKR_TEST2RR,0.0,1.0,1.0,100.0
27460,1,walk,walk,4176,,4176.0,20.0,1.0,6.0,2.0,5.48,-0.002,-0.068,0.369,31.0,25.93,0.0,19.0,1851.0,25.0,-4.34,0.08,-1.07,-0.04,4.29,-12.86,42.24,235.0,TEST2RR,AKR_TEST2RR,0.0,1.0,1.0,100.0
27480,1,walk,walk,4177,,4177.0,20.0,1.0,1.0,5.0,5.87,-0.003,-0.046,0.394,31.0,25.93,0.0,19.0,1576.0,26.0,-4.8,0.09,-1.04,-0.04,4.61,-9.94,34.52,235.0,TEST2RR,AKR_TEST2RR,0.0,1.0,1.0,100.0
27500,1,walk,walk,4178,,4178.0,20.0,0.0,1.0,5.0,6.3,-0.003,-0.034,0.399,31.0,25.86,0.0,19.0,1576.0,26.0,-5.09,0.09,-1.02,-0.04,5.01,-6.09,25.77,235.0,TEST2RR,AKR_TEST2RR,0.0,1.0,1.0,100.0
27540,1,walk,walk,4179,,4179.0,20.0,0.0,1.0,5.0,6.77,-0.043,-3.399,-1.285,31.0,25.83,0.0,19.0,1576.0,26.0,-5.08,0.09,-1.0,-0.04,5.36,-1.48,16.67,235.0,TEST2RR,AKR_TEST2RR,0.0,1.0,1.0,100.0
27540,1,walk,walk,4180,,4180.0,20.0,0.0,1.0,5.0,7.25,-0.089,-2.732,-2.136,31.0,25.72,0.0,19.0,1576.0,26.0,-4.65,0.08,-0.98,-0.05,5.56,3.49,7.72,235.0,TEST2RR,AKR_TEST2RR,0.0,1.0,1.0,100.0
27560,1,walk,walk,4181,,4181.0,20.0,0.0,1.0,5.0,7.73,-0.126,-2.316,-2.843,31.0,25.65,0.0,19.0,1576.0,26.0,-3.76,0.06,-0.97,-0.06,5.56,8.27,-0.8,235.0,TEST2RR,AKR_TEST2RR,0.0,1.0,1.0,100.0
27580,1,walk,walk,4182,,4182.0,20.0,0.0,1.0,6.0,8.19,-0.155,-1.762,-3.421,31.0,25.58,0.0,19.0,1576.0,26.0,-2.41,0.04,-0.95,-0.07,5.4,12.37,-8.71,235.0,TEST2RR,AKR_TEST2RR,0.0,1.0,1.0,100.0
27600,1,walk,walk,4183,,4183.0,20.0,0.0,1.0,6.0,8.61,-0.176,-1.294,-4.204,31.0,25.51,0.0,19.0,1576.0,26.0,-0.65,0.01,-0.93,-0.08,5.08,15.31,-15.87,235.0,TEST2RR,AKR_TEST2RR,0.0,1.0,1.0,100.0
27620,1,walk,walk,4184,,4184.0,20.0,0.0,1.0,6.0,8.98,-0.191,-0.692,-4.797,31.0,25.4,0.0,19.0,1576.0,26.0,1.44,-0.02,-0.92,-0.09,4.59,16.82,-22.27,235.0,TEST2RR,AKR_TEST2RR,0.0,1.0,1.0,100.0
27640,1,walk,walk,4185,,4185.0,20.0,0.0,1.0,6.0,9.28,-0.203,-0.903,-5.298,31.0,25.33,0.0,19.0,1576.0,26.0,3.73,-0.06,-0.91,-0.1,3.86,16.93,-27.78,235.0,TEST2RR,AKR_TEST2RR,0.0,1.0,1.0,100.0
27680,1,walk,walk,4186,,4186.0,20.0,0.0,1.0,6.0,9.51,-0.212,-0.475,-5.514,31.0,25.3,0.0,19.0,1576.0,26.0,6.11,-0.1,-0.9,-0.11,2.88,15.92,-32.34,236.0,TEST2RR,AKR_TEST2RR,0.0,1.0,1.0,100.0
27700,1,walk,walk,4187,,4187.0,20.0,0.0,1.0,6.0,9.66,-0.218,-0.381,-5.829,31.0,25.26,0.0,19.0,1576.0,26.0,8.46,-0.13,-0.9,-0.12,1.65,14.2,-35.74,236.0,TEST2RR,AKR_TEST2RR,0.0,1.0,1.0,100.0
27700,1,walk,walk,4188,,4188.0,20.0,0.0,1.0,6.0,9.73,-0.221,-0.201,-6.118,31.0,25.23,0.0,19.0,1576.0,26.0,10.7,-0.17,-0.9,-0.13,0.24,12.21,-37.93,236.0,TEST2RR,AKR_TEST2RR,0.0,1.0,1.0,100.0
27720,1,walk,walk,4189,,4189.0,20.0,0.0,1.0,6.0,9.72,-0.225,-0.281,-6.071,31.0,25.23,0.0,19.0,1576.0,26.0,12.78,-0.2,-0.9,-0.13,-1.24,10.25,-38.8,236.0,TEST2RR,AKR_TEST2RR,0.0,1.0,1.0,100.0
27740,1,walk,walk,4190,,4190.0,20.0,0.0,3.0,7.0,9.62,-0.228,-0.182,-6.276,31.0,25.19,0.0,19.0,1576.0,26.0,14.67,-0.24,-0.9,-0.13,-2.75,8.49,-38.36,236.0,TEST2RR,AKR_TEST2RR,0.0,1.0,1.0,100.0
27760,1,walk,walk,4191,,4191.0,20.0,0.0,3.0,7.0,9.46,-0.229,-0.069,-6.245,31.0,25.19,0.0,19.0,1576.0,26.0,16.32,-0.27,-0.91,-0.13,-4.26,6.99,-36.7,236.0,TEST2RR,AKR_TEST2RR,0.0,1.0,1.0,100.0
27780,1,walk,walk,4192,,4192.0,20.0,0.0,3.0,7.0,9.23,-0.231,-0.134,-6.253,31.0,25.19,0.0,19.0,1576.0,26.0,17.57,-0.29,-0.92,-0.12,-5.74,5.79,-33.92,236.0,TEST2RR,AKR_TEST2RR,0.0,1.0,1.0,100.0
27800,1,walk,walk,4193,,4193.0,20.0,0.0,3.0,7.0,8.95,-0.229,0.335,-6.793,31.0,25.12,0.0,19.0,1576.0,26.0,18.19,-0.31,-0.93,-0.11,-6.91,5.33,-30.12,236.0,TEST2RR,AKR_TEST2RR,0.0,1.0,1.0,100.0
27840,1,walk,walk,4194,,4194.0,20.0,0.0,3.0,7.0,8.62,-0.223,0.577,-7.059,31.0,25.12,0.0,19.0,1576.0,26.0,18.14,-0.31,-0.95,-0.1,-7.53,5.95,-25.42,236.0,TEST2RR,AKR_TEST2RR,0.0,1.0,1.0,100.0
27840,1,walk,walk,4195,,4195.0,20.0,0.0,3.0,7.0,8.26,-0.208,1.017,-7.432,31.0,25.09,0.0,19.0,1576.0,26.0,17.53,-0.31,-0.97,-0.08,-7.52,7.74,-20.04,236.0,TEST2RR,AKR_TEST2RR,0.0,1.0,1.0,100.0
27860,1,walk,walk,4196,,4196.0,20.0,0.0,3.0,7.0,7.89,-0.188,1.607,-7.373,31.0,25.16,0.0,19.0,1576.0,26.0,16.58,-0.3,-0.99,-0.05,-6.97,10.42,-14.29,236.0,TEST2RR,AKR_TEST2RR,0.0,1.0,1.0,100.0
27880,1,walk,walk,4197,,4197.0,20.0,0.0,3.0,7.0,7.51,-0.159,2.2,-7.319,31.0,25.3,0.0,19.0,1576.0,26.0,15.48,-0.28,-1.01,-0.03,-6.05,13.47,-8.6,236.0,TEST2RR,AKR_TEST2RR,0.0,1.0,1.0,100.0
27900,1,walk,walk,4198,,4198.0,20.0,0.0,3.0,7.0,7.13,-0.118,3.057,-6.459,31.0,25.58,0.0,19.0,1576.0,26.0,14.47,-0.27,-1.03,-0.01,-5.02,16.24,-3.46,236.0,TEST2RR,AKR_TEST2RR,0.0,1.0,1.0,100.0
27920,1,walk,walk,4199,,4199.0,20.0,0.0,0.0,1.0,6.77,-0.072,2.723,-4.006,31.0,25.86,0.0,19.0,1576.0,26.0,13.73,-0.25,-1.04,0.0,-4.05,18.13,0.65,236.0,TEST2RR,AKR_TEST2RR,0.0,1.0,1.0,100.0
27940,1,walk,walk,4200,,4200.0,20.0,0.0,0.0,1.0,6.44,-0.027,3.01,-1.17,31.0,25.86,0.0,19.0,1576.0,26.0,13.34,-0.25,-1.05,0.01,-3.28,18.68,3.1,236.0,TEST2RR,AKR_TEST2RR,0.0,1.0,1.0,100.0
27960,1,walk,walk,4201,,4201.0,20.0,0.0,0.0,1.0,6.15,-0.027,3.01,-1.17,31.0,25.86,0.0,39.0,1576.0,26.0,13.18,-0.25,-1.06,0.01,-2.76,17.82,3.81,236.0,TEST2RR,AKR_TEST2RR,0.0,1.0,1.0,100.0
27980,1,walk,walk,4202,,4202.0,20.0,0.0,0.0,1.0,5.89,-0.027,3.01,-1.17,31.0,25.86,0.0,59.0,1576.0,26.0,13.13,-0.25,-1.06,0.01,-2.42,16.05,3.29,236.0,TEST2RR,AKR_TEST2RR,0.0,1.0,1.0,100.0
28020,1,walk,walk,4203,,4203.0,20.0,0.0,0.0,1.0,5.68,-0.027,3.01,-1.17,31.0,25.86,0.0,79.0,1576.0,26.0,13.11,-0.25,-1.06,0.01,-2.21,13.82,1.98,236.0,TEST2RR,AKR_TEST2RR,0.0,1.0,1.0,100.0
28040,1,walk,walk,4204,,4204.0,20.0,0.0,0.0,1.0,5.51,0.015,13.927,0.0,31.0,25.93,0.0,19.0,1576.0,26.0,13.04,-0.25,-1.06,0.01,-2.09,11.49,0.12,236.0,TEST2RR,AKR_TEST2RR,0.0,1.0,1.0,100.0
28040,1,walk,walk,4205,,4205.0,20.0,1.0,0.0,1.0,5.39,0.019,0.405,0.0,31.0,25.93,0.0,20.0,1576.0,26.0,12.88,-0.24,-1.06,0.01,-2.07,9.29,-2.12,236.0,TEST2RR,AKR_TEST2RR,0.0,1.0,1.0,100.0
28060,1,walk,walk,4206,,4206.0,20.0,1.0,0.0,1.0,5.3,0.027,0.543,0.0,31.0,25.93,0.0,20.0,1576.0,26.0,12.59,-0.24,-1.06,0.0,-2.13,7.35,-4.65,236.0,TEST2RR,AKR_TEST2RR,0.0,1.0,1.0,100.0
28080,1,walk,walk,4207,,4207.0,20.0,1.0,0.0,1.0,5.25,0.041,1.121,0.0,31.0,25.93,0.0,20.0,1576.0,26.0,12.14,-0.23,-1.05,0.0,-2.25,5.71,-7.46,236.0,TEST2RR,AKR_TEST2RR,0.0,1.0,1.0,100.0
28100,1,walk,walk,4208,,4208.0,20.0,1.0,0.0,1.0,5.23,0.056,0.997,0.0,31.0,25.93,0.0,20.0,1576.0,26.0,11.53,-0.21,-1.05,-0.01,-2.42,4.39,-10.5,236.0,TEST2RR,AKR_TEST2RR,0.0,1.0,1.0,100.0
28120,1,walk,walk,4209,,4209.0,20.0,1.0,0.0,1.0,5.22,0.073,1.24,0.0,31.0,25.93,0.0,20.0,1576.0,26.0,10.77,-0.2,-1.05,-0.02,-2.58,3.36,-13.69,236.0,TEST2RR,AKR_TEST2RR,0.0,1.0,1.0,100.0
28180,1,walk,walk,4210,,4210.0,20.0,1.0,0.0,1.0,5.23,0.086,0.813,0.0,31.0,25.93,0.0,20.0,1576.0,26.0,9.86,-0.18,-1.04,-0.02,-2.71,2.56,-16.86,236.0,TEST2RR,AKR_TEST2RR,0.0,1.0,1.0,100.0
28180,1,walk,walk,4211,,4211.0,20.0,1.0,0.0,1.0,5.25,0.097,0.44,0.0,31.0,25.93,0.0,20.0,1576.0,26.0,8.83,-0.16,-1.04,-0.03,-2.77,1.93,-19.76,236.0,TEST2RR,AKR_TEST2RR,0.0,1.0,1.0,100.0
28180,1,walk,walk,4212,,4212.0,20.0,1.0,0.0,1.0,5.25,0.099,0.018,0.0,31.0,25.93,0.0,20.0,1576.0,26.0,7.68,-0.14,-1.04,-0.04,-2.74,1.43,-22.06,236.0,TEST2RR,AKR_TEST2RR,0.0,1.0,1.0,100.0
28200,1,walk,walk,4213,,4213.0,20.0,1.0,0.0,1.0,5.25,0.099,0.101,0.0,31.0,25.93,0.0,20.0,1576.0,26.0,6.45,-0.12,-1.04,-0.04,-2.6,1.0,-23.47,236.0,TEST2RR,AKR_TEST2RR,0.0,1.0,1.0,100.0
28240,1,walk,walk,4214,,4214.0,20.0,1.0,0.0,1.0,5.22,0.092,-0.812,0.0,31.0,25.93,0.0,19.0,1576.0,26.0,5.16,-0.09,-1.04,-0.05,-2.33,0.64,-23.68,236.0,TEST2RR,AKR_TEST2RR,0.0,1.0,1.0,100.0
28260,1,walk,walk,4215,,4215.0,20.0,0.0,0.0,1.0,5.17,0.072,-1.439,0.0,31.0,25.93,0.0,18.0,1576.0,26.0,3.85,-0.07,-1.04,-0.06,-1.92,0.43,-22.4,236.0,TEST2RR,AKR_TEST2RR,0.0,1.0,1.0,100.0
28260,1,walk,walk,4216,,4216.0,20.0,1.0,0.0,1.0,5.09,0.046,-2.046,0.0,31.0,25.93,0.0,19.0,1576.0,26.0,2.54,-0.05,-1.04,-0.06,-1.33,0.37,-19.35,236.0,TEST2RR,AKR_TEST2RR,0.0,1.0,1.0,100.0
28280,1,walk,walk,4217,,4217.0,20.0,0.0,0.0,1.0,4.98,0.018,-1.84,0.0,31.0,25.93,0.0,18.0,1576.0,26.0,1.29,-0.02,-1.05,-0.07,-0.55,0.36,-14.44,236.0,TEST2RR,AKR_TEST2RR,0.0,1.0,1.0,100.0
28300,1,walk,walk,4218,,4218.0,20.0,0.0,0.0,1.0,4.84,-0.011,-1.858,0.0,31.0,25.93,0.0,18.0,1576.0,26.0,0.18,0.0,-1.05,-0.07,0.34,0.32,-7.78,236.0,TEST2RR,AKR_TEST2RR,0.0,1.0,1.0,100.0
28340,1,walk,walk,4219,,4219.0,20.0,0.0,0.0,1.0,4.67,-0.038,-1.45,0.0,31.0,25.93,0.0,18.0,1576.0,26.0,-0.73,0.01,-1.05,-0.07,1.23,0.24,0.31,236.0,TEST2RR,AKR_TEST2RR,0.0,1.0,1.0,100.0
28360,1,walk,walk,4220,,4220.0,20.0,0.0,0.0,1.0,4.49,-0.059,-0.745,0.0,31.0,25.93,0.0,18.0,1576.0,26.0,-1.44,0.03,-1.06,-0.07,1.96,0.04,9.28,236.0,TEST2RR,AKR_TEST2RR,0.0,1.0,1.0,100.0
28360,1,walk,walk,4221,,4221.0,20.0,0.0,0.0,1.0,4.29,-0.057,0.428,0.0,31.0,25.93,0.0,18.0,1576.0,26.0,-1.95,0.04,-1.07,-0.07,2.41,-0.35,18.48,236.0,TEST2RR,AKR_TEST2RR,0.0,1.0,1.0,100.0
28380,1,walk,walk,4222,,4222.0,20.0,0.0,0.0,1.0,4.1,-0.039,1.562,0.0,31.0,25.93,0.0,18.0,1576.0,26.0,-2.25,0.04,-1.08,-0.07,2.57,-1.0,27.27,236.0,TEST2RR,AKR_TEST2RR,0.0,1.0,1.0,100.0
28400,1,walk,walk,4223,,4223.0,20.0,0.0,0.0,1.0,3.92,-0.015,1.466,0.0,31.0,25.93,0.0,18.0,1576.0,26.0,-2.3,0.04,-1.09,-0.07,2.42,-1.94,35.15,236.0,TEST2RR,AKR_TEST2RR,0.0,1.0,1.0,100.0
28420,1,walk,walk,4224,,4224.0,20.0,0.0,0.0,1.0,3.77,0.006,1.139,0.0,31.0,25.93,0.0,18.0,1576.0,26.0,-2.12,0.04,-1.1,-0.07,2.02,-3.18,41.87,236.0,TEST2RR,AKR_TEST2RR,0.0,1.0,1.0,100.0
28440,1,walk,walk,4225,,4225.0,20.0,0.0,0.0,1.0,3.65,0.027,1.202,0.0,31.0,25.93,0.0,18.0,1576.0,26.0,-1.72,0.03,-1.11,-0.07,1.41,-4.66,47.26,236.0,TEST2RR,AKR_TEST2RR,0.0,1.0,1.0,100.0
28460,1,walk,walk,4226,,4226.0,20.0,0.0,0.0,1.0,3.6,0.044,1.338,0.0,31.0,25.93,0.0,18.0,1576.0,26.0,-1.16,0.02,-1.12,-0.07,0.69,-6.36,51.21,236.0,TEST2RR,AKR_TEST2RR,0.0,1.0,1.0,100.0
28500,1,walk,walk,4227,,4227.0,20.0,0.0,0.0,1.0,3.6,0.058,0.449,0.0,31.0,25.93,0.0,18.0,1576.0,26.0,-0.51,0.01,-1.11,-0.07,-0.04,-8.35,53.64,236.0,TEST2RR,AKR_TEST2RR,0.0,1.0,1.0,100.0
28500,1,walk,walk,4228,,4228.0,20.0,0.0,0.0,1.0,3.67,0.056,-0.444,0.0,31.0,25.93,0.0,18.0,1576.0,26.0,0.1,0.0,-1.11,-0.07,-0.65,-10.78,54.37,236.0,TEST2RR,AKR_TEST2RR,0.0,1.0,1.0,100.0
28520,1,walk,walk,4229,,4229.0,20.0,0.0,0.0,1.0,3.82,0.05,-0.332,0.0,31.0,25.93,0.0,18.0,1576.0,26.0,0.54,-0.01,-1.1,-0.07,-1.01,-13.77,53.21,236.0,TEST2RR,AKR_TEST2RR,0.0,1.0,1.0,100.0
28540,1,walk,walk,4230,,4230.0,20.0,0.0,0.0,1.0,4.05,0.042,-0.685,0.0,31.0,25.93,0.0,18.0,1576.0,26.0,0.7,-0.01,-1.08,-0.07,-1.08,-17.22,50.06,236.0,TEST2RR,AKR_TEST2RR,0.0,1.0,1.0,100.0
28560,1,walk,walk,4231,,4231.0,20.0,0.0,0.0,1.0,4.35,0.029,-1.213,0.0,31.0,25.97,0.0,18.0,1576.0,26.0,0.5,-0.01,-1.06,-0.07,-0.87,-20.71,45.02,236.0,TEST2RR,AKR_TEST2RR,0.0,1.0,1.0,100.0
28580,1,walk,walk,4232,,4232.0,20.0,0.0,0.0,1.0,4.72,0.015,-0.583,0.0,31.0,25.93,0.0,18.0,1576.0,26.0,-0.07,0.0,-1.04,-0.06,-0.45,-23.59,38.31,236.0,TEST2RR,AKR_TEST2RR,0.0,1.0,1.0,100.0
28620,1,walk,walk,4233,,4233.0,20.0,0.0,0.0,1.0,5.14,0.012,-0.011,0.0,31.0,25.93,0.0,18.0,1576.0,26.0,-0.95,0.02,-1.02,-0.06,0.06,-25.17,30.23,236.0,TEST2RR,AKR_TEST2RR,0.0,1.0,1.0,100.0
28640,1,walk,walk,4234,,4234.0,20.0,0.0,0.0,1.0,5.61,0.012,0.022,0.0,31.0,25.97,0.0,18.0,1576.0,26.0,-1.99,0.03,-1.01,-0.06,0.56,-24.85,21.2,237.0,TEST2RR,AKR_TEST2RR,0.0,1.0,1.0,100.0
28640,1,walk,walk,4235,,4235.0,20.0,0.0,0.0,1.0,6.11,0.013,0.087,0.0,31.0,25.93,0.0,18.0,1576.0,26.0,-2.97,0.05,-0.99,-0.06,1.01,-22.45,11.63,237.0,TEST2RR,AKR_TEST2RR,0.0,1.0,1.0,100.0
28680,1,walk,walk,4236,,4236.0,20.0,0.0,0.0,1.0,6.62,0.014,0.135,0.0,31.0,25.93,0.0,18.0,1576.0,26.0,-3.66,0.06,-0.98,-0.06,1.46,-18.22,1.96,237.0,TEST2RR,AKR_TEST2RR,0.0,1.0,1.0,100.0
28680,1,walk,walk,4237,,4237.0,20.0,1.0,0.0,1.0,7.13,0.015,0.119,0.0,31.0,25.97,0.0,19.0,1576.0,26.0,-3.89,0.07,-0.97,-0.06,1.93,-12.84,-7.47,237.0,TEST2RR,AKR_TEST2RR,0.0,1.0,1.0,100.0
28720,1,walk,walk,4238,,4238.0,20.0,1.0,0.0,1.0,7.6,0.016,0.023,0.0,31.0,25.93,0.0,19.0,1576.0,26.0,-3.54,0.06,-0.97,-0.07,2.42,-7.2,-16.34,237.0,TEST2RR,AKR_TEST2RR,0.0,1.0,1.0,100.0
28720,1,walk,walk,4239,,4239.0,20.0,1.0,6.0,2.0,8.03,0.016,0.032,0.0,31.0,25.93,0.0,19.0,1576.0,26.0,-2.64,0.04,-0.97,-0.08,2.86,-2.13,-24.45,237.0,TEST2RR,AKR_TEST2RR,0.0,1.0,1.0,100.0
28740,1,walk,walk,4240,,4240.0,20.0,0.0,6.0,2.0,8.39,0.016,0.025,-0.018,31.0,25.93,0.0,18.0,1576.0,26.0,-1.26,0.02,-0.97,-0.09,3.11,1.79,-31.58,237.0,TEST2RR,AKR_TEST2RR,0.0,1.0,1.0,100.0
28760,1,walk,walk,4241,,4241.0,20.0,0.0,6.0,2.0,8.68,0.012,-0.299,-0.709,31.0,25.9,0.0,18.0,1576.0,26.0,0.48,-0.01,-0.97,-0.1,3.05,4.21,-37.57,237.0,TEST2RR,AKR_TEST2RR,0.0,1.0,1.0,100.0
28800,1,walk,walk,4242,,4242.0,20.0,0.0,6.0,2.0,8.87,0.009,-0.103,-0.756,31.0,25.93,0.0,18.0,1576.0,26.0,2.43,-0.04,-0.97,-0.11,2.59,5.11,-42.27,237.0,TEST2RR,AKR_TEST2RR,0.0,1.0,1.0,100.0
28820,1,walk,walk,4243,,4243.0,20.0,1.0,6.0,2.0,8.98,0.008,-0.056,-0.818,31.0,25.93,0.0,19.0,1576.0,26.0,4.44,-0.08,-0.97,-0.12,1.73,4.7,-45.59,237.0,TEST2RR,AKR_TEST2RR,0.0,1.0,1.0,100.0
28860,1,walk,walk,4244,,4244.0,20.0,0.0,6.0,2.0,8.98,0.007,0.108,-0.911,31.0,25.9,0.0,18.0,1576.0,26.0,6.37,-0.11,-0.97,-0.13,0.54,3.38,-47.5,237.0,TEST2RR,AKR_TEST2RR,0.0,1.0,1.0,100.0
28860,1,walk,walk,4245,,4245.0,20.0,1.0,6.0,2.0,8.88,0.008,0.066,-1.001,31.0,25.9,0.0,19.0,1576.0,26.0,8.14,-0.14,-0.96,-0.13,-0.87,1.56,-48.01,237.0,TEST2RR,AKR_TEST2RR,0.0,1.0,1.0,100.0
28860,1,walk,walk,4246,,4246.0,20.0,1.0,6.0,2.0,8.69,0.009,0.034,-1.146,31.0,25.93,0.0,19.0,1576.0,26.0,9.68,-0.16,-0.96,-0.13,-2.37,-0.41,-47.2,237.0,TEST2RR,AKR_TEST2RR,0.0,1.0,1.0,100.0
28900,1,walk,walk,4247,,4247.0,20.0,1.0,6.0,2.0,8.41,0.01,0.054,-1.4,31.0,25.9,0.0,19.0,1576.0,26.0,10.97,-0.19,-0.96,-0.13,-3.83,-2.27,-45.28,237.0,TEST2RR,AKR_TEST2RR,0.0,1.0,1.0,100.0
28900,1,walk,walk,4248,,4248.0,20.0,1.0,6.0,2.0,8.05,0.013,0.131,-1.716,31.0,25.86,0.0,19.0,1576.0,26.0,12.0,-0.2,-0.95,-0.12,-5.14,-3.91,-42.5,237.0,TEST2RR,AKR_TEST2RR,0.0,1.0,1.0,100.0
28920,1,walk,walk,4249,,4249.0,20.0,1.0,6.0,2.0,7.62,0.015,0.203,-2.058,31.0,25.86,0.0,19.0,1576.0,26.0,12.77,-0.21,-0.95,-0.11,-6.21,-5.3,-39.18,237.0,TEST2RR,AKR_TEST2RR,0.0,1.0,1.0,100.0
28940,1,walk,walk,4250,,4250.0,20.0,1.0,6.0,2.0,7.14,0.018,0.087,-2.326,31.0,25.83,0.0,19.0,1576.0,26.0,13.32,-0.22,-0.94,-0.1,-7.01,-6.47,-35.65,237.0,TEST2RR,AKR_TEST2RR,0.0,1.0,1.0,100.0
28980,1,walk,walk,4251,,4251.0,20.0,1.0,6.0,2.0,6.61,0.02,0.273,-2.848,31.0,25.79,0.0,19.0,1576.0,26.0,13.5,-0.23,-0.94,-0.09,-7.51,-7.41,-32.13,237.0,TEST2RR,AKR_TEST2RR,0.0,1.0,1.0,100.0
29000,1,walk,walk,4252,,4252.0,20.0,1.0,6.0,2.0,6.06,0.031,0.818,-4.452,31.0,25.58,0.0,19.0,1576.0,26.0,13.25,-0.22,-0.95,-0.08,-7.56,-8.03,-28.6,237.0,TEST2RR,AKR_TEST2RR,0.0,1.0,1.0,100.0
29000,1,walk,walk,4253,,4253.0,20.0,1.0,6.0,2.0,5.49,0.038,0.275,-4.872,31.0,25.51,0.0,19.0,1576.0,26.0,12.59,-0.21,-0.96,-0.07,-7.1,-8.17,-25.02,237.0,TEST2RR,AKR_TEST2RR,0.0,1.0,1.0,100.0
29040,1,walk,walk,4254,,4254.0,20.0,1.0,6.0,2.0,4.92,0.041,0.099,-5.111,31.0,25.44,0.0,19.0,1576.0,26.0,11.63,-0.2,-0.98,-0.07,-6.14,-7.92,-21.33,237.0,TEST2RR,AKR_TEST2RR,0.0,1.0,1.0,100.0
29040,1,walk,walk,4255,,4255.0,20.0,1.0,6.0,2.0,4.36,0.041,-0.136,-4.966,31.0,25.47,0.0,19.0,1576.0,26.0,10.49,-0.19,-1.0,-0.06,-4.83,-7.39,-17.43,237.0,TEST2RR,AKR_TEST2RR,0.0,1.0,1.0,100.0
29060,1,walk,walk,4256,,4256.0,20.0,1.0,6.0,2.0,3.81,0.037,-0.457,-4.14,31.0,25.54,0.0,19.0,1576.0,26.0,9.29,-0.17,-1.02,-0.06,-3.39,-6.73,-13.27,237.0,TEST2RR,AKR_TEST2RR,0.0,1.0,1.0,100.0
29080,1,walk,walk,4257,,4257.0,20.0,1.0,6.0,2.0,3.29,0.03,-0.5,-3.259,31.0,25.69,0.0,19.0,1576.0,26.0,8.12,-0.15,-1.04,-0.05,-2.06,-6.06,-8.86,237.0,TEST2RR,AKR_TEST2RR,0.0,1.0,1.0,100.0
29120,1,walk,walk,4258,,4258.0,20.0,1.0,6.0,2.0,2.8,0.023,-0.402,-2.543,31.0,25.79,0.0,19.0,1576.0,26.0,7.06,-0.13,-1.06,-0.05,-1.02,-5.51,-4.31,237.0,TEST2RR,AKR_TEST2RR,0.0,1.0,1.0,100.0
29140,1,walk,walk,4259,,4259.0,20.0,1.0,6.0,2.0,2.35,0.017,-0.175,-1.984,31.0,25.83,0.0,19.0,1576.0,26.0,6.15,-0.12,-1.07,-0.04,-0.31,-5.15,0.17,237.0,TEST2RR,AKR_TEST2RR,0.0,1.0,1.0,100.0
29160,1,walk,walk,4260,,4260.0,20.0,1.0,6.0,2.0,1.95,0.013,-0.253,-1.436,31.0,25.9,0.0,19.0,1576.0,26.0,5.41,-0.1,-1.08,-0.04,0.12,-4.97,4.37,237.0,TEST2RR,AKR_TEST2RR,0.0,1.0,1.0,100.0
29180,1,walk,walk,4261,,4261.0,20.0,1.0,6.0,2.0,1.59,0.009,-0.285,-0.869,31.0,25.9,0.0,19.0,1576.0,26.0,4.83,-0.09,-1.08,-0.04,0.32,-4.95,8.12,237.0,TEST2RR,AKR_TEST2RR,0.0,1.0,1.0,100.0
29200,1,walk,walk,4262,,4262.0,20.0,1.0,6.0,2.0,1.28,0.004,-0.218,-0.277,31.0,25.93,0.0,19.0,1576.0,26.0,4.41,-0.08,-1.08,-0.04,0.39,-5.04,11.3,237.0,TEST2RR,AKR_TEST2RR,0.0,1.0,1.0,100.0
29200,1,walk,walk,4263,,4263.0,20.0,1.0,6.0,2.0,1.03,0.002,-0.158,-0.036,31.0,25.93,0.0,19.0,1576.0,26.0,4.1,-0.08,-1.08,-0.04,0.39,-5.16,13.87,237.0,TEST2RR,AKR_TEST2RR,0.0,1.0,1.0,100.0
29220,1,walk,walk,4264,,4264.0,20.0,1.0,6.0,2.0,0.83,-0.001,-0.079,0.418,31.0,25.93,0.0,19.0,1576.0,26.0,3.91,-0.07,-1.08,-0.04,0.37,-5.26,15.78,237.0,TEST2RR,AKR_TEST2RR,0.0,1.0,1.0,100.0
29240,1,walk,walk,4265,,4265.0,20.0,1.0,6.0,2.0,0.69,-0.003,-0.009,0.57,31.0,25.93,0.0,19.0,1576.0,26.0,3.81,-0.07,-1.07,-0.05,0.35,-5.29,17.03,237.0,TEST2RR,AKR_TEST2RR,0.0,1.0,1.0,100.0
29260,1,walk,walk,4266,,4266.0,20.0,1.0,6.0,2.0,0.6,-0.004,-0.159,0.602,31.0,25.93,0.0,19.0,1576.0,26.0,3.79,-0.07,-1.06,-0.05,0.32,-5.23,17.62,237.0,TEST2RR,AKR_TEST2RR,0.0,1.0,1.0,100.0
29280,1,walk,walk,4267,,4267.0,20.0,1.0,6.0,2.0,0.57,-0.004,-0.041,0.489,31.0,25.93,0.0,19.0,1576.0,26.0,3.84,-0.07,-1.06,-0.06,0.25,-5.04,17.53,237.0,TEST2RR,AKR_TEST2RR,0.0,1.0,1.0,100.0
29340,1,walk,walk,4268,,4268.0,20.0,1.0,6.0,2.0,0.58,-0.003,0.058,0.325,31.0,25.93,0.0,19.0,1576.0,26.0,3.94,-0.07,-1.05,-0.06,0.11,-4.72,16.79,237.0,TEST2RR,AKR_TEST2RR,0.0,1.0,1.0,100.0
29340,1,walk,walk,4269,,4269.0,20.0,0.0,6.0,2.0,0.64,-0.002,0.076,0.148,31.0,25.93,0.0,18.0,1576.0,26.0,4.08,-0.07,-1.04,-0.06,-0.1,-4.29,15.42,237.0,TEST2RR,AKR_TEST2RR,0.0,1.0,1.0,100.0
29340,1,walk,walk,4270,,4270.0,20.0,1.0,6.0,2.0,0.75,-0.001,0.155,-0.091,31.0,25.93,0.0,19.0,1576.0,26.0,4.21,-0.08,-1.04,-0.06,-0.38,-3.76,13.55,237.0,TEST2RR,AKR_TEST2RR,0.0,1.0,1.0,100.0
29380,1,walk,walk,4271,,4271.0,20.0,1.0,6.0,2.0,0.89,0.0,0.073,-0.322,31.0,25.93,0.0,19.0,1576.0,26.0,4.31,-0.08,-1.03,-0.07,-0.69,-3.18,11.29,237.0,TEST2RR,AKR_TEST2RR,0.0,1.0,1.0,100.0
29380,1,walk,walk,4272,,4272.0,20.0,1.0,6.0,2.0,1.06,0.002,0.046,-0.523,31.0,25.93,0.0,19.0,1576.0,26.0,4.35,-0.08,-1.03,-0.07,-0.99,-2.55,8.82,237.0,TEST2RR,AKR_TEST2RR,0.0,1.0,1.0,100.0
29400,1,walk,walk,4273,,4273.0,20.0,1.0,6.0,2.0,1.26,0.004,0.064,-0.75,31.0,25.93,0.0,19.0,1576.0,26.0,4.33,-0.08,-1.02,-0.07,-1.21,-1.9,6.29,237.0,TEST2RR,AKR_TEST2RR,0.0,1.0,1.0,100.0
29420,1,walk,walk,4274,,4274.0,20.0,1.0,6.0,2.0,1.47,0.006,0.177,-0.954,31.0,25.9,0.0,19.0,1576.0,26.0,4.24,-0.08,-1.02,-0.07,-1.33,-1.24,3.8,237.0,TEST2RR,AKR_TEST2RR,0.0,1.0,1.0,100.0
29440,1,walk,walk,4275,,4275.0,20.0,1.0,6.0,2.0,1.69,0.009,0.131,-1.247,31.0,25.9,0.0,19.0,1576.0,26.0,4.09,-0.07,-1.02,-0.08,-1.31,-0.59,1.47,237.0,TEST2RR,AKR_TEST2RR,0.0,1.0,1.0,100.0
29500,1,walk,walk,4276,,4276.0,20.0,1.0,6.0,2.0,1.92,0.011,0.108,-1.604,31.0,25.9,0.0,19.0,1576.0,26.0,3.89,-0.07,-1.02,-0.08,-1.15,0.05,-0.67,237.0,TEST2RR,AKR_TEST2RR,0.0,1.0,1.0,100.0
29500,1,walk,walk,4277,,4277.0,20.0,1.0,0.0,5.0,2.14,0.014,0.166,-1.875,31.0,25.86,0.0,19.0,1576.0,26.0,3.66,-0.07,-1.02,-0.09,-0.85,0.65,-2.55,237.0,TEST2RR,AKR_TEST2RR,0.0,1.0,1.0,100.0
29500,1,walk,walk,4278,,4278.0,20.0,0.0,0.0,6.0,2.35,0.016,0.123,-2.073,31.0,25.86,0.0,19.0,1576.0,26.0,3.46,-0.06,-1.02,-0.09,-0.45,1.43,-4.47,237.0,TEST2RR,AKR_TEST2RR,0.0,1.0,1.0,100.0
29540,1,walk,walk,4279,,4279.0,20.0,0.0,0.0,6.0,2.55,0.016,0.123,-2.073,31.0,25.86,0.0,39.0,1576.0,26.0,3.29,-0.06,-1.02,-0.09,0.04,2.49,-6.46,237.0,TEST2RR,AKR_TEST2RR,0.0,1.0,1.0,100.0
29540,1,walk,walk,4280,,4280.0,20.0,0.0,0.0,6.0,2.72,0.016,0.123,-2.073,31.0,25.86,0.0,59.0,1576.0,26.0,3.1,-0.06,-1.02,-0.09,0.59,3.72,-8.36,237.0,TEST2RR,AKR_TEST2RR,0.0,1.0,1.0,100.0
29560,1,walk,walk,4281,,4281.0,20.0,0.0,0.0,6.0,2.88,0.057,10.845,0.0,31.0,26.07,0.0,0.0,1576.0,26.0,2.89,-0.05,-1.02,-0.1,1.19,4.92,-10.06,237.0,TEST2RR,AKR_TEST2RR,0.0,1.0,1.0,100.0
29580,1,walk,walk,4282,,4282.0,20.0,0.0,0.0,6.0,3.0,0.06,0.037,0.0,31.0,25.93,0.0,0.0,1576.0,26.0,2.63,-0.05,-1.02,-0.1,1.81,5.96,-11.46,237.0,TEST2RR,AKR_TEST2RR,0.0,1.0,1.0,100.0
29600,1,walk,walk,4283,,4283.0,20.0,0.0,0.0,6.0,3.1,0.06,-0.076,0.0,31.0,25.93,0.0,0.0,1576.0,26.0,2.3,-0.04,-1.02,-0.1,2.47,6.76,-12.41,237.0,TEST2RR,AKR_TEST2RR,0.0,1.0,1.0,100.0
29640,1,walk,walk,4284,,4284.0,20.0,0.0,0.0,6.0,3.17,0.059,-0.147,0.0,31.0,25.93,0.0,0.0,1576.0,26.0,1.88,-0.03,-1.02,-0.1,3.17,7.32,-12.7,238.0,TEST2RR,AKR_TEST2RR,0.0,1.0,1.0,100.0
29640,1,walk,walk,4285,,4285.0,20.0,0.0,0.0,7.0,3.2,0.05,-0.816,0.0,31.0,25.93,0.0,0.0,1576.0,26.0,1.37,-0.02,-1.02,-0.1,3.94,7.57,-12.11,238.0,TEST2RR,AKR_TEST2RR,0.0,1.0,1.0,100.0
29660,1,walk,walk,4286,,4286.0,20.0,0.0,0.0,7.0,3.21,0.035,-1.168,0.0,31.0,25.93,0.0,0.0,1576.0,26.0,0.8,-0.01,-1.03,-0.1,4.82,7.54,-10.42,238.0,TEST2RR,AKR_TEST2RR,0.0,1.0,1.0,100.0
29680,1,walk,walk,4287,,4287.0,20.0,0.0,0.0,7.0,3.18,0.013,-1.382,0.0,31.0,25.97,0.0,0.0,1576.0,26.0,0.2,0.0,-1.03,-0.1,5.82,7.25,-7.46,238.0,TEST2RR,AKR_TEST2RR,0.0,1.0,1.0,100.0
29700,1,walk,walk,4288,,4288.0,20.0,0.0,0.0,7.0,3.13,-0.01,-1.723,0.0,31.0,25.93,0.0,0.0,1576.0,26.0,-0.36,0.01,-1.04,-0.1,6.93,6.74,-3.18,238.0,TEST2RR,AKR_TEST2RR,0.0,1.0,1.0,100.0
29740,1,walk,walk,4289,,4289.0,20.0,0.0,0.0,1.0,3.05,-0.037,-1.581,0.0,31.0,25.93,0.0,0.0,1576.0,26.0,-0.86,0.02,-1.04,-0.1,8.09,6.05,2.39,238.0,TEST2RR,AKR_TEST2RR,0.0,1.0,1.0,100.0
29760,1,walk,walk,4290,,4290.0,20.0,0.0,0.0,1.0,2.96,-0.057,-0.84,0.0,31.0,25.97,0.0,0.0,1576.0,26.0,-1.26,0.02,-1.04,-0.1,9.15,5.17,9.09,238.0,TEST2RR,AKR_TEST2RR,0.0,1.0,1.0,100.0
29780,1,walk,walk,4291,,4291.0,20.0,0.0,0.0,1.0,2.86,-0.057,-0.84,0.0,31.0,25.93,0.0,20.0,1576.0,26.0,-1.59,0.03,-1.05,-0.1,10.01,4.06,16.54,238.0,TEST2RR,AKR_TEST2RR,0.0,1.0,1.0,100.0
29780,1,walk,walk,4292,,4292.0,20.0,0.0,0.0,1.0,2.76,-0.06,0.025,0.0,31.0,25.93,0.0,19.0,1576.0,26.0,-1.82,0.03,-1.06,-0.1,10.56,2.73,24.38,238.0,TEST2RR,AKR_TEST2RR,0.0,1.0,1.0,100.0
29820,1,walk,walk,4293,,4293.0,20.0,0.0,0.0,1.0,2.67,-0.055,0.476,0.0,31.0,25.97,0.0,19.0,1576.0,26.0,-1.96,0.04,-1.08,-0.09,10.73,1.14,32.3,238.0,TEST2RR,AKR_TEST2RR,0.0,1.0,1.0,100.0
29820,1,walk,walk,4294,,4294.0,20.0,0.0,0.0,1.0,2.6,-0.049,0.516,0.0,31.0,25.93,0.0,19.0,1576.0,26.0,-1.98,0.04,-1.09,-0.09,10.48,-0.75,40.0,238.0,TEST2RR,AKR_TEST2RR,0.0,1.0,1.0,100.0
29840,1,walk,walk,4295,,4295.0,20.0,0.0,0.0,1.0,2.57,-0.035,1.381,0.0,31.0,25.93,0.0,19.0,1576.0,26.0,-1.85,0.04,-1.11,-0.09,9.85,-2.95,47.12,238.0,TEST2RR,AKR_TEST2RR,0.0,1.0,1.0,100.0
29860,1,walk,walk,4296,,4296.0,20.0,0.0,0.0,1.0,2.58,-0.016,1.071,0.0,31.0,25.97,0.0,19.0,1576.0,26.0,-1.59,0.03,-1.12,-0.09,8.88,-5.41,53.33,238.0,TEST2RR,AKR_TEST2RR,0.0,1.0,1.0,100.0
29880,1,walk,walk,4297,,4297.0,20.0,0.0,0.0,1.0,2.65,0.0,0.551,0.0,31.0,25.93,0.0,19.0,1576.0,26.0,-1.27,0.03,-1.13,-0.09,7.67,-7.96,58.31,238.0,TEST2RR,AKR_TEST2RR,0.0,1.0,1.0,100.0
29900,1,walk,walk,4298,,4298.0,20.0,0.0,0.0,1.0,2.78,-0.001,-0.06,0.0,31.0,25.93,0.0,19.0,1576.0,26.0,-0.95,0.02,-1.14,-0.09,6.29,-10.28,61.75,238.0,TEST2RR,AKR_TEST2RR,0.0,1.0,1.0,100.0
29920,1,walk,walk,4299,,4299.0,20.0,0.0,0.0,1.0,2.98,-0.003,-0.369,0.0,31.0,25.97,0.0,19.0,1576.0,26.0,-0.72,0.01,-1.14,-0.09,4.84,-12.14,63.43,238.0,TEST2RR,AKR_TEST2RR,0.0,1.0,1.0,100.0
29960,1,walk,walk,4300,,4300.0,20.0,0.0,6.0,2.0,3.26,-0.007,-0.35,0.0,31.0,25.93,0.0,19.0,1576.0,26.0,-0.63,0.01,-1.13,-0.08,3.39,-13.31,63.18,238.0,TEST2RR,AKR_TEST2RR,0.0,1.0,1.0,100.0
29980,1,walk,walk,4301,,4301.0,20.0,0.0,6.0,2.0,3.62,-0.012,-0.476,0.07,31.0,25.93,0.0,18.0,1576.0,26.0,-0.7,0.01,-1.11,-0.08,2.0,-13.66,60.87,238.0,TEST2RR,AKR_TEST2RR,0.0,1.0,1.0,100.0
29980,1,walk,walk,4302,,4302.0,20.0,0.0,6.0,2.0,4.05,-0.009,0.107,0.568,31.0,25.93,0.0,18.0,1576.0,26.0,-0.92,0.02,-1.09,-0.07,0.76,-13.17,56.51,238.0,TEST2RR,AKR_TEST2RR,0.0,1.0,1.0,100.0
30000,1,walk,walk,4303,,4303.0,20.0,0.0,6.0,2.0,4.55,-0.008,-0.076,0.776,31.0,25.93,0.0,18.0,1576.0,26.0,-1.26,0.02,-1.07,-0.07,-0.28,-11.87,50.23,238.0,TEST2RR,AKR_TEST2RR,0.0,1.0,1.0,100.0
30020,1,walk,walk,4304,,4304.0,20.0,0.0,6.0,2.0,5.12,-0.007,0.038,0.844,31.0,25.9,0.0,18.0,1576.0,26.0,-1.64,0.03,-1.04,-0.07,-1.08,-9.85,42.28,238.0,TEST2RR,AKR_TEST2RR,0.0,1.0,1.0,100.0
30040,1,walk,walk,4305,,4305.0,20.0,1.0,6.0,2.0,5.73,-0.007,0.06,0.852,31.0,25.9,0.0,19.0,1576.0,26.0,-1.99,0.04,-1.02,-0.06,-1.6,-7.22,33.0,238.0,TEST2RR,AKR_TEST2RR,0.0,1.0,1.0,100.0
30080,1,walk,walk,4306,,4306.0,20.0,1.0,6.0,2.0,6.37,-0.007,0.072,0.879,31.0,25.9,0.0,19.0,1576.0,26.0,-2.2,0.04,-0.99,-0.06,-1.87,-4.16,22.77,238.0,TEST2RR,AKR_TEST2RR,0.0,1.0,1.0,100.0
30080,1,walk,walk,4307,,4307.0,20.0,0.0,6.0,2.0,7.03,-0.007,0.099,0.68,31.0,25.9,0.0,18.0,1576.0,26.0,-2.17,0.04,-0.97,-0.06,-1.89,-0.9,11.98,238.0,TEST2RR,AKR_TEST2RR,0.0,1.0,1.0,100.0
30120,1,walk,walk,4308,,4308.0,20.0,1.0,6.0,2.0,7.68,-0.006,0.014,0.613,31.0,25.93,0.0,19.0,1576.0,26.0,-1.81,0.03,-0.94,-0.06,-1.72,2.32,1.02,238.0,TEST2RR,AKR_TEST2RR,0.0,1.0,1.0,100.0
30140,1,walk,walk,4309,,4309.0,20.0,1.0,6.0,2.0,8.31,-0.005,0.018,0.465,31.0,25.93,0.0,19.0,1576.0,26.0,-1.08,0.02,-0.93,-0.06,-1.44,5.28,-9.75,238.0,TEST2RR,AKR_TEST2RR,0.0,1.0,1.0,100.0
30140,1,walk,walk,4310,,4310.0,20.0,1.0,6.0,2.0,8.9,-0.004,0.087,0.286,31.0,25.9,0.0,19.0,1576.0,26.0,0.05,0.0,-0.91,-0.07,-1.15,7.77,-20.03,238.0,TEST2RR,AKR_TEST2RR,0.0,1.0,1.0,100.0
30160,1,walk,walk,4311,,4311.0,20.0,1.0,6.0,2.0,9.42,-0.002,0.22,0.079,31.0,25.93,0.0,19.0,1576.0,26.0,1.56,-0.02,-0.9,-0.08,-0.95,9.64,-29.5,238.0,TEST2RR,AKR_TEST2RR,0.0,1.0,1.0,100.0
30200,1,walk,walk,4312,,4312.0,20.0,1.0,6.0,2.0,9.87,0.0,0.17,-0.349,31.0,25.93,0.0,19.0,1576.0,26.0,3.4,-0.05,-0.89,-0.09,-0.93,10.79,-37.87,238.0,TEST2RR,AKR_TEST2RR,0.0,1.0,1.0,100.0
30220,1,walk,walk,4313,,4313.0,20.0,1.0,6.0,2.0,10.22,0.003,0.248,-0.85,31.0,25.9,0.0,19.0,1576.0,26.0,5.52,-0.09,-0.88,-0.1,-1.12,11.17,-44.92,238.0,TEST2RR,AKR_TEST2RR,0.0,1.0,1.0,100.0
30220,1,walk,walk,4314,,4314.0,20.0,1.0,6.0,2.0,10.47,0.008,0.312,-1.406,31.0,25.9,0.0,19.0,1576.0,26.0,7.83,-0.12,-0.88,-0.11,-1.56,10.79,-50.47,238.0,TEST2RR,AKR_TEST2RR,0.0,1.0,1.0,100.0
30240,1,walk,walk,4315,,4315.0,20.0,1.0,6.0,2.0,10.61,0.013,0.252,-1.923,31.0,25.86,0.0,19.0,1576.0,26.0,10.25,-0.16,-0.88,-0.12,-2.24,9.71,-54.4,238.0,TEST2RR,AKR_TEST2RR,0.0,1.0,1.0,100.0
30280,1,walk,walk,4316,,4316.0,20.0,1.0,6.0,2.0,10.64,0.017,0.288,-2.356,31.0,25.83,0.0,19.0,1576.0,26.0,12.62,-0.2,-0.88,-0.13,-3.15,8.08,-56.65,238.0,TEST2RR,AKR_TEST2RR,0.0,1.0,1.0,100.0
30280,1,walk,walk,4317,,4317.0,20.0,1.0,6.0,2.0,10.55,0.022,0.626,-3.279,31.0,25.76,0.0,19.0,1576.0,26.0,14.6,-0.23,-0.89,-0.13,-3.91,6.44,-57.0,238.0,TEST2RR,AKR_TEST2RR,0.0,1.0,1.0,100.0
30320,1,walk,walk,4318,,4318.0,20.0,1.0,6.0,2.0,10.36,0.032,0.285,-4.079,31.0,25.62,0.0,19.0,1576.0,26.0,15.94,-0.26,-0.91,-0.13,-4.25,5.09,-55.38,238.0,TEST2RR,AKR_TEST2RR,0.0,1.0,1.0,100.0
30340,1,walk,walk,4319,,4319.0,20.0,1.0,6.0,2.0,10.07,0.035,0.097,-4.334,31.0,25.58,0.0,19.0,1576.0,26.0,16.64,-0.28,-0.94,-0.12,-4.14,4.08,-51.98,238.0,TEST2RR,AKR_TEST2RR,0.0,1.0,1.0,100.0
30340,1,walk,walk,4320,,4320.0,20.0,1.0,6.0,2.0,9.68,0.034,-0.066,-3.989,31.0,25.62,0.0,19.0,1576.0,26.0,16.79,-0.29,-0.97,-0.11,-3.71,3.32,-47.1,238.0,TEST2RR,AKR_TEST2RR,0.0,1.0,1.0,100.0
30360,1,walk,walk,4321,,4321.0,20.0,1.0,6.0,2.0,9.23,0.03,-0.377,-3.344,31.0,25.69,0.0,19.0,1576.0,26.0,16.5,-0.3,-1.0,-0.1,-3.14,2.67,-41.05,238.0,TEST2RR,AKR_TEST2RR,0.0,1.0,1.0,100.0
30380,1,walk,walk,4322,,4322.0,20.0,1.0,6.0,2.0,8.71,0.023,-0.515,-2.459,31.0,25.79,0.0,19.0,1576.0,26.0,15.91,-0.29,-1.03,-0.08,-2.61,2.02,-34.24,238.0,TEST2RR,AKR_TEST2RR,0.0,1.0,1.0,100.0
30420,1,walk,walk,4323,,4323.0,20.0,1.0,6.0,2.0,8.15,0.016,-0.327,-1.78,31.0,25.86,0.0,19.0,1576.0,26.0,15.14,-0.29,-1.06,-0.07,-2.22,1.32,-27.08,238.0,TEST2RR,AKR_TEST2RR,0.0,1.0,1.0,100.0
30420,1,walk,walk,4324,,4324.0,20.0,1.0,6.0,2.0,7.57,0.011,-0.437,-1.19,31.0,25.9,0.0,19.0,1576.0,26.0,14.28,-0.27,-1.07,-0.05,-2.02,0.55,-19.98,238.0,TEST2RR,AKR_TEST2RR,0.0,1.0,1.0,100.0
30460,1,walk,walk,4325,,4325.0,20.0,1.0,6.0,2.0,6.97,0.006,-0.344,-0.439,31.0,25.93,0.0,19.0,1576.0,26.0,13.39,-0.26,-1.09,-0.04,-1.96,-0.26,-13.3,238.0,TEST2RR,AKR_TEST2RR,0.0,1.0,1.0,100.0
30460,1,walk,walk,4326,,4326.0,20.0,1.0,6.0,2.0,6.38,0.002,-0.132,-0.044,31.0,25.93,0.0,19.0,1576.0,26.0,12.52,-0.24,-1.09,-0.03,-1.97,-1.04,-7.29,238.0,TEST2RR,AKR_TEST2RR,0.0,1.0,1.0,100.0
30480,1,walk,walk,4327,,4327.0,20.0,1.0,6.0,2.0,5.82,0.0,-0.069,0.3,31.0,25.93,0.0,19.0,1576.0,26.0,11.68,-0.23,-1.1,-0.03,-2.02,-1.75,-2.11,238.0,TEST2RR,AKR_TEST2RR,0.0,1.0,1.0,100.0
30520,1,walk,walk,4328,,4328.0,20.0,1.0,6.0,2.0,5.29,-0.003,-0.092,0.619,31.0,25.93,0.0,19.0,1576.0,26.0,10.88,-0.21,-1.1,-0.03,-2.04,-2.33,2.19,238.0,TEST2RR,AKR_TEST2RR,0.0,1.0,1.0,100.0
30520,1,walk,walk,4329,,4329.0,20.0,1.0,6.0,2.0,4.8,-0.006,-0.216,0.983,31.0,25.93,0.0,19.0,1576.0,26.0,10.13,-0.19,-1.09,-0.03,-2.01,-2.79,5.64,238.0,TEST2RR,AKR_TEST2RR,0.0,1.0,1.0,100.0
30540,1,walk,walk,4330,,4330.0,20.0,1.0,6.0,2.0,4.36,-0.008,-0.128,1.137,31.0,25.9,0.0,19.0,1576.0,26.0,9.43,-0.18,-1.09,-0.04,-1.94,-3.12,8.27,238.0,TEST2RR,AKR_TEST2RR,0.0,1.0,1.0,100.0
30600,1,walk,walk,4331,,4331.0,20.0,1.0,6.0,2.0,3.99,-0.01,-0.116,1.313,31.0,25.9,0.0,19.0,1576.0,26.0,8.81,-0.17,-1.08,-0.04,-1.84,-3.32,10.15,238.0,TEST2RR,AKR_TEST2RR,0.0,1.0,1.0,100.0
30600,1,walk,walk,4332,,4332.0,20.0,1.0,6.0,2.0,3.68,-0.012,-0.112,1.429,31.0,25.9,0.0,19.0,1576.0,26.0,8.26,-0.16,-1.07,-0.05,-1.75,-3.4,11.32,238.0,TEST2RR,AKR_TEST2RR,0.0,1.0,1.0,100.0
30600,1,walk,walk,4333,,4333.0,20.0,1.0,6.0,2.0,3.44,-0.012,0.009,1.421,31.0,25.9,0.0,19.0,1576.0,26.0,7.79,-0.15,-1.07,-0.05,-1.7,-3.34,11.84,238.0,TEST2RR,AKR_TEST2RR,0.0,1.0,1.0,100.0
30640,1,walk,walk,4334,,4334.0,20.0,1.0,6.0,2.0,3.25,-0.012,-0.001,1.393,31.0,25.9,0.0,19.0,1576.0,26.0,7.39,-0.14,-1.06,-0.05,-1.68,-3.17,11.78,238.0,TEST2RR,AKR_TEST2RR,0.0,1.0,1.0,100.0
30640,1,walk,walk,4335,,4335.0,20.0,1.0,6.0,2.0,3.13,-0.012,0.084,1.37,31.0,25.9,0.0,19.0,1576.0,26.0,7.07,-0.13,-1.05,-0.06,-1.72,-2.9,11.22,238.0,TEST2RR,AKR_TEST2RR,0.0,1.0,1.0,100.0
30660,1,walk,walk,4336,,4336.0,20.0,1.0,6.0,2.0,3.07,-0.012,0.011,1.337,31.0,25.9,0.0,19.0,1576.0,26.0,6.8,-0.12,-1.04,-0.06,-1.8,-2.57,10.27,238.0,TEST2RR,AKR_TEST2RR,0.0,1.0,1.0,100.0
30680,1,walk,walk,4337,,4337.0,20.0,1.0,6.0,2.0,3.05,-0.011,0.077,1.371,31.0,25.9,0.0,19.0,1576.0,26.0,6.56,-0.12,-1.04,-0.07,-1.91,-2.21,9.04,238.0,TEST2RR,AKR_TEST2RR,0.0,1.0,1.0,100.0
30720,1,walk,walk,4338,,4338.0,20.0,1.0,6.0,2.0,3.09,-0.011,0.068,1.35,31.0,25.9,0.0,19.0,1576.0,26.0,6.33,-0.11,-1.03,-0.07,-2.04,-1.82,7.66,238.0,TEST2RR,AKR_TEST2RR,0.0,1.0,1.0,100.0
30740,1,walk,walk,4339,,4339.0,20.0,1.0,6.0,2.0,3.16,-0.011,0.077,1.327,31.0,25.9,0.0,19.0,1576.0,26.0,6.1,-0.11,-1.03,-0.07,-2.16,-1.42,6.25,239.0,TEST2RR,AKR_TEST2RR,0.0,1.0,1.0,100.0
30740,1,walk,walk,4340,,4340.0,20.0,1.0,6.0,2.0,3.26,-0.011,0.041,1.263,31.0,25.9,0.0,19.0,1576.0,26.0,5.87,-0.11,-1.03,-0.08,-2.25,-1.03,4.87,239.0,TEST2RR,AKR_TEST2RR,0.0,1.0,1.0,100.0
30780,1,walk,walk,4341,,4341.0,20.0,1.0,6.0,2.0,3.38,-0.01,0.061,1.169,31.0,25.9,0.0,19.0,1576.0,26.0,5.65,-0.1,-1.02,-0.08,-2.27,-0.63,3.56,239.0,TEST2RR,AKR_TEST2RR,0.0,1.0,1.0,100.0
30780,1,walk,walk,4342,,4342.0,20.0,1.0,6.0,2.0,3.52,-0.009,0.105,0.991,31.0,25.9,0.0,19.0,1576.0,26.0,5.43,-0.1,-1.02,-0.09,-2.19,-0.23,2.33,239.0,TEST2RR,AKR_TEST2RR,0.0,1.0,1.0,100.0
30820,1,walk,walk,4343,,4343.0,20.0,1.0,6.0,2.0,3.67,-0.007,0.156,0.708,31.0,25.93,0.0,19.0,1576.0,26.0,5.24,-0.09,-1.02,-0.09,-2.02,0.18,1.17,239.0,TEST2RR,AKR_TEST2RR,0.0,1.0,1.0,100.0
30820,1,walk,walk,4344,,4344.0,20.0,1.0,6.0,2.0,3.82,-0.005,0.154,0.298,31.0,25.93,0.0,19.0,1576.0,26.0,5.06,-0.09,-1.02,-0.09,-1.75,0.6,0.02,239.0,TEST2RR,AKR_TEST2RR,0.0,1.0,1.0,100.0
30840,1,walk,walk,4345,,4345.0,20.0,1.0,6.0,2.0,3.97,-0.003,0.072,0.179,31.0,25.93,0.0,19.0,1576.0,26.0,4.9,-0.09,-1.02,-0.1,-1.39,1.03,-1.15,239.0,TEST2RR,AKR_TEST2RR,0.0,1.0,1.0,100.0
30880,1,walk,walk,4346,,4346.0,20.0,1.0,6.0,2.0,4.12,0.0,0.198,-0.364,31.0,25.93,0.0,19.0,1576.0,26.0,4.75,-0.08,-1.02,-0.1,-0.98,1.47,-2.39,239.0,TEST2RR,AKR_TEST2RR,0.0,1.0,1.0,100.0
30880,1,walk,walk,4347,,4347.0,20.0,1.0,6.0,2.0,4.25,0.002,0.115,-0.637,31.0,25.93,0.0,19.0,1576.0,26.0,4.6,-0.08,-1.02,-0.1,-0.53,1.93,-3.69,239.0,TEST2RR,AKR_TEST2RR,0.0,1.0,1.0,100.0
30920,1,walk,walk,4348,,4348.0,20.0,1.0,6.0,2.0,4.38,0.005,0.222,-1.0,31.0,25.9,0.0,19.0,1576.0,26.0,4.44,-0.08,-1.02,-0.1,-0.06,2.37,-5.04,239.0,TEST2RR,AKR_TEST2RR,0.0,1.0,1.0,100.0
30940,1,walk,walk,4349,,4349.0,20.0,1.0,6.0,2.0,4.49,0.009,0.252,-1.404,31.0,25.9,0.0,19.0,1576.0,26.0,4.26,-0.08,-1.02,-0.1,0.42,2.78,-6.42,239.0,TEST2RR,AKR_TEST2RR,0.0,1.0,1.0,100.0
30940,1,walk,walk,4350,,4350.0,20.0,1.0,6.0,2.0,4.58,0.013,0.292,-1.931,31.0,25.86,0.0,19.0,1576.0,26.0,4.05,-0.07,-1.02,-0.1,0.92,3.17,-7.8,239.0,TEST2RR,AKR_TEST2RR,0.0,1.0,1.0,100.0
30960,1,walk,walk,4351,,4351.0,20.0,1.0,1.0,5.0,4.65,0.017,0.195,-2.332,31.0,25.83,0.0,19.0,1576.0,27.0,3.78,-0.07,-1.02,-0.1,1.45,3.56,-9.1,239.0,TEST2RR,AKR_TEST2RR,0.0,1.0,1.0,100.0
30980,1,walk,walk,4352,,4352.0,20.0,0.0,1.0,6.0,4.69,0.02,0.185,-2.623,31.0,25.69,0.0,18.0,1576.0,27.0,3.44,-0.06,-1.02,-0.1,2.02,3.94,-10.21,239.0,TEST2RR,AKR_TEST2RR,0.0,1.0,1.0,100.0
31000,1,walk,walk,4353,,4353.0,20.0,0.0,1.0,6.0,4.72,-0.001,-1.721,-5.601,31.0,25.16,0.0,18.0,1576.0,27.0,3.0,-0.05,-1.02,-0.1,2.63,4.46,-10.69,239.0,TEST2RR,AKR_TEST2RR,0.0,1.0,1.0,100.0
31040,1,walk,walk,4354,,4354.0,20.0,0.0,3.0,7.0,4.72,-0.027,-1.808,-6.494,30.0,24.98,0.0,18.0,1576.0,27.0,2.5,-0.04,-1.02,-0.1,3.29,5.17,-10.11,239.0,TEST2RR,AKR_TEST2RR,0.0,1.0,1.0,100.0
31060,1,walk,walk,4355,,4355.0,20.0,0.0,3.0,7.0,4.7,-0.049,-1.608,-6.693,31.0,24.91,0.0,19.0,1576.0,27.0,1.96,-0.04,-1.03,-0.11,4.02,5.99,-8.23,239.0,TEST2RR,AKR_TEST2RR,0.0,1.0,1.0,100.0
31080,1,walk,walk,4356,,4356.0,20.0,1.0,3.0,7.0,4.66,-0.071,-1.71,-6.616,30.0,25.05,0.0,20.0,1576.0,27.0,1.43,-0.03,-1.03,-0.11,4.87,6.78,-4.92,239.0,TEST2RR,AKR_TEST2RR,0.0,1.0,1.0,100.0
31080,1,walk,walk,4357,,4357.0,20.0,0.0,0.0,1.0,4.6,-0.09,-1.204,-5.645,30.0,25.33,0.0,19.0,1576.0,27.0,0.95,-0.02,-1.03,-0.11,5.85,7.36,-0.27,239.0,TEST2RR,AKR_TEST2RR,0.0,1.0,1.0,100.0
31100,1,walk,walk,4358,,4358.0,20.0,0.0,0.0,1.0,4.52,-0.103,-0.626,-3.658,31.0,25.33,0.0,19.0,1576.0,27.0,0.64,-0.01,-1.04,-0.11,6.91,7.47,5.38,239.0,TEST2RR,AKR_TEST2RR,0.0,1.0,1.0,100.0
31120,1,walk,walk,4359,,4359.0,20.0,0.0,0.0,1.0,4.43,-0.103,-0.626,-3.658,31.0,25.33,0.0,39.0,1576.0,27.0,0.51,-0.01,-1.04,-0.11,7.86,6.67,11.16,239.0,TEST2RR,AKR_TEST2RR,0.0,1.0,1.0,100.0
31140,1,walk,walk,4360,,4360.0,20.0,0.0,0.0,1.0,4.34,-0.103,-0.626,-3.658,31.0,25.33,0.0,59.0,1576.0,27.0,0.47,-0.01,-1.05,-0.11,8.58,4.96,16.85,239.0,TEST2RR,AKR_TEST2RR,0.0,1.0,1.0,100.0
31160,1,walk,walk,4361,,4361.0,20.0,0.0,0.0,1.0,4.25,-0.056,5.712,0.0,31.0,26.0,0.0,2.0,1576.0,27.0,0.45,-0.01,-1.06,-0.11,9.04,2.56,22.6,239.0,TEST2RR,AKR_TEST2RR,0.0,1.0,1.0,100.0
31180,1,walk,walk,4362,,4362.0,20.0,0.0,0.0,1.0,4.18,-0.047,0.668,0.0,31.0,25.93,0.0,2.0,1576.0,27.0,0.46,-0.01,-1.08,-0.11,9.25,-0.3,28.4,239.0,TEST2RR,AKR_TEST2RR,0.0,1.0,1.0,100.0
31200,1,walk,walk,4363,,4363.0,20.0,0.0,0.0,1.0,4.13,-0.031,1.577,0.0,31.0,25.93,0.0,2.0,1576.0,27.0,0.48,-0.01,-1.09,-0.11,9.2,-3.45,34.2,239.0,TEST2RR,AKR_TEST2RR,0.0,1.0,1.0,100.0
31220,1,walk,walk,4364,,4364.0,20.0,0.0,0.0,1.0,4.11,-0.012,1.275,0.0,30.0,25.93,0.0,2.0,1576.0,27.0,0.54,-0.01,-1.11,-0.11,8.9,-6.77,39.85,239.0,TEST2RR,AKR_TEST2RR,0.0,1.0,1.0,100.0
31260,1,walk,walk,4365,,4365.0,20.0,0.0,0.0,1.0,4.14,0.006,0.861,0.0,30.0,25.93,0.0,2.0,1576.0,27.0,0.61,-0.01,-1.13,-0.11,8.35,-10.23,45.12,239.0,TEST2RR,AKR_TEST2RR,0.0,1.0,1.0,100.0
31260,1,walk,walk,4366,,4366.0,20.0,0.0,0.0,1.0,4.21,0.009,-0.085,0.0,31.0,25.93,0.0,2.0,1576.0,27.0,0.65,-0.01,-1.14,-0.1,7.57,-13.62,49.68,239.0,TEST2RR,AKR_TEST2RR,0.0,1.0,1.0,100.0
31280,1,walk,walk,4367,,4367.0,20.0,0.0,6.0,2.0,4.34,0.008,-0.095,0.0,30.0,25.93,0.0,2.0,1576.0,27.0,0.58,-0.01,-1.14,-0.1,6.59,-16.55,53.21,239.0,TEST2RR,AKR_TEST2RR,0.0,1.0,1.0,100.0
31300,1,walk,walk,4368,,4368.0,20.0,0.0,6.0,2.0,4.53,0.009,0.033,-0.037,31.0,25.93,0.0,18.0,1576.0,27.0,0.36,-0.01,-1.14,-0.1,5.46,-18.6,55.39,239.0,TEST2RR,AKR_TEST2RR,0.0,1.0,1.0,100.0
31320,1,walk,walk,4369,,4369.0,20.0,0.0,6.0,2.0,4.78,0.004,-0.279,0.072,31.0,25.9,0.0,18.0,1576.0,27.0,-0.03,0.0,-1.13,-0.09,4.25,-19.43,55.97,239.0,TEST2RR,AKR_TEST2RR,0.0,1.0,1.0,100.0
31340,1,walk,walk,4370,,4370.0,20.0,0.0,6.0,2.0,5.1,0.002,-0.127,0.121,31.0,25.93,0.0,18.0,1576.0,27.0,-0.57,0.01,-1.12,-0.09,3.03,-18.84,54.71,239.0,TEST2RR,AKR_TEST2RR,0.0,1.0,1.0,100.0
31360,1,walk,walk,4371,,4371.0,20.0,1.0,6.0,2.0,5.48,-0.001,-0.072,0.214,31.0,25.93,0.0,19.0,1576.0,27.0,-1.23,0.02,-1.1,-0.08,1.91,-16.84,51.48,239.0,TEST2RR,AKR_TEST2RR,0.0,1.0,1.0,100.0
31400,1,walk,walk,4372,,4372.0,20.0,0.0,6.0,2.0,5.92,-0.002,-0.052,0.343,31.0,25.93,0.0,18.0,1576.0,27.0,-1.92,0.04,-1.07,-0.08,0.97,-13.66,46.27,239.0,TEST2RR,AKR_TEST2RR,0.0,1.0,1.0,100.0
31420,1,walk,walk,4373,,4373.0,20.0,0.0,6.0,2.0,6.41,-0.002,-0.054,0.368,30.0,25.93,0.0,18.0,1576.0,27.0,-2.54,0.05,-1.04,-0.07,0.33,-9.64,39.17,239.0,TEST2RR,AKR_TEST2RR,0.0,1.0,1.0,100.0
31420,1,walk,walk,4374,,4374.0,20.0,1.0,6.0,2.0,6.94,-0.003,0.018,0.342,31.0,25.93,0.0,19.0,1576.0,27.0,-3.0,0.05,-1.01,-0.07,0.03,-5.23,30.38,239.0,TEST2RR,AKR_TEST2RR,0.0,1.0,1.0,100.0
31440,1,walk,walk,4375,,4375.0,20.0,1.0,6.0,2.0,7.5,-0.003,0.073,0.256,30.0,25.93,0.0,19.0,1576.0,27.0,-3.2,0.05,-0.98,-0.07,0.08,-0.82,20.2,239.0,TEST2RR,AKR_TEST2RR,0.0,1.0,1.0,100.0
31460,1,walk,walk,4376,,4376.0,20.0,1.0,1.0,5.0,8.07,-0.003,0.003,0.215,30.0,25.93,0.0,19.0,1576.0,28.0,-3.07,0.05,-0.95,-0.07,0.43,3.29,9.01,239.0,TEST2RR,AKR_TEST2RR,0.0,1.0,1.0,100.0
31480,1,walk,walk,4377,,4377.0,20.0,0.0,1.0,6.0,8.63,-0.002,-0.018,0.161,30.0,25.83,0.0,19.0,1576.0,28.0,-2.52,0.04,-0.93,-0.07,0.98,6.97,-2.74,239.0,TEST2RR,AKR_TEST2RR,0.0,1.0,1.0,100.0
31500,1,walk,walk,4378,,4378.0,20.0,0.0,1.0,6.0,9.16,-0.038,-3.078,-1.856,31.0,25.76,0.0,19.0,1576.0,28.0,-1.48,0.02,-0.91,-0.08,1.58,10.2,-14.31,239.0,TEST2RR,AKR_TEST2RR,0.0,1.0,1.0,100.0
31540,1,walk,walk,4379,,4379.0,20.0,0.0,1.0,6.0,9.65,-0.081,-2.419,-2.858,30.0,25.65,0.0,19.0,1576.0,28.0,0.08,0.0,-0.89,-0.09,2.11,13.0,-25.05,239.0,TEST2RR,AKR_TEST2RR,0.0,1.0,1.0,100.0
31580,1,walk,walk,4380,,4380.0,20.0,0.0,1.0,6.0,10.08,-0.114,-1.911,-3.839,31.0,25.54,0.0,19.0,1576.0,28.0,2.13,-0.03,-0.88,-0.1,2.42,15.22,-34.46,239.0,TEST2RR,AKR_TEST2RR,0.0,1.0,1.0,100.0
31580,1,walk,walk,4381,,4381.0,20.0,0.0,1.0,6.0,10.43,-0.139,-1.443,-4.591,30.0,25.44,0.0,19.0,1576.0,28.0,4.59,-0.07,-0.88,-0.11,2.47,16.64,-42.16,239.0,TEST2RR,AKR_TEST2RR,0.0,1.0,1.0,100.0
31600,1,walk,walk,4382,,4382.0,20.0,0.0,1.0,6.0,10.69,-0.156,-1.099,-5.382,30.0,25.3,0.0,19.0,1576.0,28.0,7.33,-0.11,-0.88,-0.13,2.19,17.04,-47.81,239.0,TEST2RR,AKR_TEST2RR,0.0,1.0,1.0,100.0
31600,1,walk,walk,4383,,4383.0,20.0,0.0,1.0,6.0,10.84,-0.167,-0.516,-6.252,30.0,25.19,0.0,19.0,1576.0,28.0,10.06,-0.16,-0.9,-0.14,1.71,16.59,-51.21,239.0,TEST2RR,AKR_TEST2RR,0.0,1.0,1.0,100.0
31620,1,walk,walk,4384,,4384.0,20.0,0.0,1.0,6.0,10.9,-0.168,0.04,-7.517,30.0,24.91,0.0,19.0,1576.0,28.0,12.42,-0.2,-0.91,-0.14,1.36,15.92,-52.08,239.0,TEST2RR,AKR_TEST2RR,0.0,1.0,1.0,100.0
31640,1,walk,walk,4385,,4385.0,20.0,0.0,3.0,7.0,10.84,-0.169,-0.032,-7.909,30.0,24.81,0.0,19.0,1576.0,28.0,14.14,-0.24,-0.94,-0.14,1.3,15.71,-50.51,239.0,TEST2RR,AKR_TEST2RR,0.0,1.0,1.0,100.0
31680,1,walk,walk,4386,,4386.0,20.0,0.0,3.0,7.0,10.69,-0.166,0.26,-8.544,30.0,24.63,0.0,19.0,1576.0,28.0,15.17,-0.26,-0.96,-0.13,1.5,16.26,-46.82,239.0,TEST2RR,AKR_TEST2RR,0.0,1.0,1.0,100.0
31680,1,walk,walk,4387,,4387.0,20.0,0.0,3.0,7.0,10.44,-0.159,0.523,-9.301,30.0,24.46,0.0,19.0,1576.0,28.0,15.64,-0.28,-0.98,-0.11,1.89,17.46,-41.39,239.0,TEST2RR,AKR_TEST2RR,0.0,1.0,1.0,100.0
31700,1,walk,walk,4388,,4388.0,20.0,0.0,3.0,7.0,10.11,-0.149,0.597,-9.298,30.0,24.42,0.0,19.0,1576.0,28.0,15.71,-0.28,-1.0,-0.09,2.37,18.85,-34.85,239.0,TEST2RR,AKR_TEST2RR,0.0,1.0,1.0,100.0
31740,1,walk,walk,4389,,4389.0,20.0,0.0,3.0,7.0,9.71,-0.134,0.974,-9.543,30.0,24.49,0.0,19.0,1576.0,28.0,15.51,-0.28,-1.02,-0.07,2.81,19.82,-27.84,240.0,TEST2RR,AKR_TEST2RR,0.0,1.0,1.0,100.0
31740,1,walk,walk,4390,,4390.0,20.0,0.0,3.0,7.0,9.26,-0.111,1.654,-9.54,31.0,24.63,0.0,19.0,1576.0,28.0,15.16,-0.28,-1.04,-0.06,3.11,20.01,-21.03,240.0,TEST2RR,AKR_TEST2RR,0.0,1.0,1.0,100.0
31760,1,walk,walk,4391,,4391.0,20.0,0.0,3.0,7.0,8.78,-0.087,1.06,-7.779,31.0,25.02,0.0,19.0,1576.0,28.0,14.75,-0.28,-1.05,-0.04,3.24,19.25,-14.89,240.0,TEST2RR,AKR_TEST2RR,0.0,1.0,1.0,100.0
31780,1,walk,walk,4392,,4392.0,20.0,0.0,3.0,7.0,8.28,-0.067,1.219,-6.285,31.0,25.4,0.0,19.0,1576.0,28.0,14.34,-0.27,-1.06,-0.03,3.23,17.51,-9.75,240.0,TEST2RR,AKR_TEST2RR,0.0,1.0,1.0,100.0
31800,1,walk,walk,4393,,4393.0,20.0,0.0,3.0,7.0,7.79,-0.045,1.106,-4.454,31.0,25.69,0.0,19.0,1576.0,28.0,13.94,-0.26,-1.06,-0.03,3.14,14.85,-5.8,240.0,TEST2RR,AKR_TEST2RR,0.0,1.0,1.0,100.0
31820,1,walk,walk,4394,,4394.0,20.0,0.0,3.0,7.0,7.31,-0.027,1.043,-2.985,31.0,25.83,0.0,19.0,1576.0,28.0,13.54,-0.26,-1.07,-0.03,2.97,11.46,-3.05,240.0,TEST2RR,AKR_TEST2RR,0.0,1.0,1.0,100.0
31840,1,walk,walk,4395,,4395.0,20.0,0.0,0.0,1.0,6.85,-0.014,0.82,-1.467,31.0,25.9,0.0,19.0,1576.0,28.0,13.13,-0.25,-1.07,-0.03,2.75,7.66,-1.34,240.0,TEST2RR,AKR_TEST2RR,0.0,1.0,1.0,100.0
31860,1,walk,walk,4396,,4396.0,20.0,0.0,0.0,1.0,6.44,-0.014,0.82,-1.467,31.0,25.9,0.0,39.0,1576.0,28.0,12.67,-0.24,-1.07,-0.03,2.47,3.75,-0.45,240.0,TEST2RR,AKR_TEST2RR,0.0,1.0,1.0,100.0
31880,1,walk,walk,4397,,4397.0,20.0,0.0,0.0,1.0,6.07,-0.014,0.82,-1.467,31.0,25.9,0.0,59.0,1576.0,28.0,12.15,-0.23,-1.07,-0.03,2.14,0.12,0.01,240.0,TEST2RR,AKR_TEST2RR,0.0,1.0,1.0,100.0
31920,1,walk,walk,4398,,4398.0,20.0,0.0,0.0,1.0,5.75,-0.014,0.82,-1.467,31.0,25.9,0.0,79.0,1576.0,28.0,11.58,-0.22,-1.06,-0.03,1.79,-3.0,0.38,240.0,TEST2RR,AKR_TEST2RR,0.0,1.0,1.0,100.0
31920,1,walk,walk,4399,,4399.0,20.0,0.0,0.0,1.0,5.47,-0.011,-1.805,0.0,31.0,26.04,0.0,1.0,1576.0,28.0,10.99,-0.21,-1.06,-0.03,1.42,-5.49,0.8,240.0,TEST2RR,AKR_TEST2RR,0.0,1.0,1.0,100.0
31940,1,walk,walk,4400,,4400.0,20.0,0.0,0.0,1.0,5.25,-0.012,-0.036,0.0,31.0,25.93,0.0,1.0,1576.0,28.0,10.4,-0.19,-1.06,-0.03,1.06,-7.33,1.29,240.0,TEST2RR,AKR_TEST2RR,0.0,1.0,1.0,100.0
31960,1,walk,walk,4401,,4401.0,20.0,0.0,0.0,1.0,5.07,-0.013,0.025,0.0,31.0,25.93,0.0,1.0,1576.0,28.0,9.83,-0.18,-1.05,-0.03,0.74,-8.51,1.8,240.0,TEST2RR,AKR_TEST2RR,0.0,1.0,1.0,100.0
32000,1,walk,walk,4402,,4402.0,20.0,0.0,0.0,1.0,4.94,-0.012,0.089,0.0,31.0,25.97,0.0,1.0,1576.0,28.0,9.3,-0.17,-1.05,-0.03,0.48,-9.11,2.22,240.0,TEST2RR,AKR_TEST2RR,0.0,1.0,1.0,100.0
32000,1,walk,walk,4403,,4403.0,20.0,0.0,0.0,1.0,4.85,-0.011,0.127,0.0,31.0,25.93,0.0,1.0,1576.0,28.0,8.83,-0.16,-1.04,-0.04,0.28,-9.21,2.45,240.0,TEST2RR,AKR_TEST2RR,0.0,1.0,1.0,100.0
32040,1,walk,walk,4404,,4404.0,20.0,0.0,0.0,1.0,4.79,-0.009,0.162,0.0,31.0,25.93,0.0,1.0,1576.0,28.0,8.42,-0.15,-1.04,-0.04,0.13,-8.92,2.36,240.0,TEST2RR,AKR_TEST2RR,0.0,1.0,1.0,100.0
32080,1,walk,walk,4405,,4405.0,20.0,0.0,0.0,1.0,4.76,-0.005,0.248,0.0,31.0,25.97,0.0,1.0,1576.0,28.0,8.05,-0.15,-1.04,-0.04,-0.01,-8.34,1.88,240.0,TEST2RR,AKR_TEST2RR,0.0,1.0,1.0,100.0
32080,1,walk,walk,4406,,4406.0,20.0,0.0,0.0,1.0,4.76,0.0,0.489,0.0,31.0,25.93,0.0,1.0,1576.0,28.0,7.72,-0.14,-1.03,-0.04,-0.16,-7.56,0.98,240.0,TEST2RR,AKR_TEST2RR,0.0,1.0,1.0,100.0
32100,1,walk,walk,4407,,4407.0,20.0,0.0,0.0,1.0,4.78,0.006,0.481,0.0,31.0,25.93,0.0,1.0,1576.0,28.0,7.4,-0.13,-1.03,-0.04,-0.35,-6.68,-0.33,240.0,TEST2RR,AKR_TEST2RR,0.0,1.0,1.0,100.0
32100,1,walk,walk,4408,,4408.0,20.0,1.0,0.0,1.0,4.81,0.018,0.784,0.0,31.0,25.93,0.0,2.0,1576.0,28.0,7.06,-0.13,-1.02,-0.05,-0.57,-5.76,-2.03,240.0,TEST2RR,AKR_TEST2RR,0.0,1.0,1.0,100.0
32120,1,walk,walk,4409,,4409.0,20.0,1.0,0.0,1.0,4.86,0.028,0.853,0.0,31.0,25.93,0.0,2.0,1576.0,28.0,6.7,-0.12,-1.02,-0.05,-0.78,-4.89,-4.08,240.0,TEST2RR,AKR_TEST2RR,0.0,1.0,1.0,100.0
32140,1,walk,walk,4410,,4410.0,20.0,1.0,0.0,1.0,4.91,0.042,1.078,0.0,31.0,25.93,0.0,2.0,1576.0,28.0,6.29,-0.11,-1.02,-0.05,-0.94,-4.09,-6.42,240.0,TEST2RR,AKR_TEST2RR,0.0,1.0,1.0,100.0
32180,1,walk,walk,4411,,4411.0,20.0,1.0,0.0,1.0,4.96,0.056,0.869,0.0,31.0,25.93,0.0,2.0,1576.0,28.0,5.84,-0.1,-1.02,-0.05,-1.03,-3.38,-9.0,240.0,TEST2RR,AKR_TEST2RR,0.0,1.0,1.0,100.0
32200,1,walk,walk,4412,,4412.0,20.0,1.0,0.0,1.0,5.01,0.07,0.998,0.0,31.0,25.93,0.0,2.0,1576.0,28.0,5.35,-0.1,-1.02,-0.06,-1.02,-2.77,-11.72,240.0,TEST2RR,AKR_TEST2RR,0.0,1.0,1.0,100.0
32220,1,walk,walk,4413,,4413.0,20.0,1.0,6.0,2.0,5.04,0.081,0.41,0.0,31.0,25.93,0.0,2.0,1576.0,28.0,4.8,-0.09,-1.02,-0.06,-0.9,-2.25,-14.45,240.0,TEST2RR,AKR_TEST2RR,0.0,1.0,1.0,100.0
32240,1,walk,walk,4414,,4414.0,20.0,0.0,6.0,2.0,5.07,0.083,0.804,-0.051,31.0,25.93,0.0,18.0,1576.0,28.0,4.17,-0.07,-1.02,-0.06,-0.66,-1.68,-16.84,240.0,TEST2RR,AKR_TEST2RR,0.0,1.0,1.0,100.0
32240,1,walk,walk,4415,,4415.0,20.0,0.0,6.0,2.0,5.07,0.065,-1.412,-3.16,31.0,25.65,0.0,18.0,1576.0,28.0,3.44,-0.06,-1.02,-0.06,-0.27,-0.95,-18.34,240.0,TEST2RR,AKR_TEST2RR,0.0,1.0,1.0,100.0
32260,1,walk,walk,4416,,4416.0,20.0,0.0,6.0,2.0,5.05,0.047,-0.99,-3.485,31.0,25.65,0.0,18.0,1576.0,28.0,2.62,-0.05,-1.02,-0.06,0.28,-0.11,-18.62,240.0,TEST2RR,AKR_TEST2RR,0.0,1.0,1.0,100.0
32280,1,walk,walk,4417,,4417.0,20.0,1.0,6.0,2.0,5.0,0.036,-0.68,-3.202,31.0,25.69,0.0,19.0,1576.0,28.0,1.73,-0.03,-1.03,-0.07,1.02,0.65,-17.52,240.0,TEST2RR,AKR_TEST2RR,0.0,1.0,1.0,100.0
32300,1,walk,walk,4418,,4418.0,20.0,0.0,6.0,2.0,4.92,0.025,-0.758,-2.216,31.0,25.79,0.0,18.0,1576.0,28.0,0.8,-0.01,-1.03,-0.07,2.0,1.2,-14.94,240.0,TEST2RR,AKR_TEST2RR,0.0,1.0,1.0,100.0
32320,1,walk,walk,4419,,4419.0,20.0,0.0,6.0,2.0,4.82,0.014,-0.824,-1.049,31.0,25.9,0.0,18.0,1576.0,28.0,-0.11,0.0,-1.04,-0.07,3.2,1.4,-10.91,240.0,TEST2RR,AKR_TEST2RR,0.0,1.0,1.0,100.0
32340,1,walk,walk,4420,,4420.0,20.0,1.0,6.0,2.0,4.68,0.003,-0.346,0.041,31.0,25.93,0.0,19.0,1576.0,28.0,-0.96,0.02,-1.05,-0.07,4.53,1.15,-5.6,240.0,TEST2RR,AKR_TEST2RR,0.0,1.0,1.0,100.0
32360,1,walk,walk,4421,,4421.0,20.0,1.0,6.0,2.0,4.53,-0.002,-0.226,0.666,31.0,25.9,0.0,19.0,1576.0,28.0,-1.74,0.03,-1.05,-0.08,5.82,0.45,0.74,240.0,TEST2RR,AKR_TEST2RR,0.0,1.0,1.0,100.0
32400,1,walk,walk,4422,,4422.0,20.0,1.0,6.0,2.0,4.35,-0.002,0.107,0.205,31.0,25.9,0.0,19.0,1576.0,28.0,-2.44,0.05,-1.07,-0.08,6.92,-0.64,7.9,240.0,TEST2RR,AKR_TEST2RR,0.0,1.0,1.0,100.0
32420,1,walk,walk,4423,,4423.0,20.0,1.0,6.0,2.0,4.17,-0.001,0.19,-0.154,31.0,25.93,0.0,19.0,1576.0,28.0,-3.0,0.06,-1.08,-0.07,7.74,-1.99,15.6,240.0,TEST2RR,AKR_TEST2RR,0.0,1.0,1.0,100.0
32440,1,walk,walk,4424,,4424.0,20.0,1.0,6.0,2.0,3.99,0.001,0.113,-0.504,31.0,25.9,0.0,19.0,1576.0,28.0,-3.37,0.06,-1.1,-0.07,8.2,-3.49,23.52,240.0,TEST2RR,AKR_TEST2RR,0.0,1.0,1.0,100.0
32440,1,walk,walk,4425,,4425.0,20.0,1.0,6.0,2.0,3.82,0.004,0.183,-0.816,31.0,25.9,0.0,19.0,1576.0,28.0,-3.53,0.07,-1.12,-0.07,8.32,-5.08,31.25,240.0,TEST2RR,AKR_TEST2RR,0.0,1.0,1.0,100.0
32460,1,walk,walk,4426,,4426.0,20.0,1.0,6.0,2.0,3.67,0.005,0.007,-0.672,31.0,25.93,0.0,19.0,1576.0,28.0,-3.49,0.07,-1.13,-0.06,8.16,-6.63,38.32,240.0,TEST2RR,AKR_TEST2RR,0.0,1.0,1.0,100.0
32500,1,walk,walk,4427,,4427.0,20.0,1.0,6.0,2.0,3.56,0.005,0.093,-0.559,31.0,25.9,0.0,19.0,1576.0,28.0,-3.34,0.07,-1.14,-0.06,7.83,-8.06,44.25,240.0,TEST2RR,AKR_TEST2RR,0.0,1.0,1.0,100.0
32500,1,walk,walk,4428,,4428.0,20.0,1.0,6.0,2.0,3.49,0.004,0.018,-0.389,31.0,25.93,0.0,19.0,1576.0,28.0,-3.15,0.06,-1.14,-0.05,7.45,-9.29,48.65,240.0,TEST2RR,AKR_TEST2RR,0.0,1.0,1.0,100.0
32520,1,walk,walk,4429,,4429.0,20.0,1.0,6.0,2.0,3.48,0.002,-0.065,-0.149,31.0,25.93,0.0,19.0,1576.0,28.0,-2.98,0.06,-1.14,-0.05,7.09,-10.17,51.2,240.0,TEST2RR,AKR_TEST2RR,0.0,1.0,1.0,100.0
32540,1,walk,walk,4430,,4430.0,20.0,1.0,6.0,2.0,3.53,0.001,-0.1,-0.014,31.0,25.93,0.0,19.0,1576.0,28.0,-2.9,0.06,-1.13,-0.04,6.83,-10.61,51.72,240.0,TEST2RR,AKR_TEST2RR,0.0,1.0,1.0,100.0
32580,1,walk,walk,4431,,4431.0,20.0,0.0,6.0,2.0,3.65,-0.001,-0.108,0.334,31.0,25.93,0.0,18.0,1576.0,28.0,-2.92,0.06,-1.11,-0.04,6.7,-10.48,50.17,240.0,TEST2RR,AKR_TEST2RR,0.0,1.0,1.0,100.0
32580,1,walk,walk,4432,,4432.0,20.0,1.0,6.0,2.0,3.84,-0.002,-0.16,0.426,31.0,25.93,0.0,19.0,1576.0,28.0,-3.06,0.06,-1.09,-0.03,6.7,-9.69,46.6,240.0,TEST2RR,AKR_TEST2RR,0.0,1.0,1.0,100.0
32600,1,walk,walk,4433,,4433.0,20.0,1.0,6.0,2.0,4.09,-0.004,-0.079,0.595,31.0,25.9,0.0,19.0,1576.0,28.0,-3.29,0.06,-1.07,-0.03,6.82,-8.17,41.21,240.0,TEST2RR,AKR_TEST2RR,0.0,1.0,1.0,100.0
32640,1,walk,walk,4434,,4434.0,20.0,1.0,6.0,2.0,4.41,-0.005,-0.124,0.668,31.0,25.93,0.0,19.0,1576.0,28.0,-3.56,0.07,-1.05,-0.03,7.02,-5.89,34.29,240.0,TEST2RR,AKR_TEST2RR,0.0,1.0,1.0,100.0
32640,1,walk,walk,4435,,4435.0,20.0,1.0,1.0,5.0,4.77,-0.006,-0.076,0.706,31.0,25.93,0.0,19.0,1576.0,29.0,-3.79,0.07,-1.03,-0.03,7.25,-2.94,26.19,240.0,TEST2RR,AKR_TEST2RR,0.0,1.0,1.0,100.0
32660,1,walk,walk,4436,,4436.0,20.0,0.0,1.0,5.0,5.17,-0.006,-0.095,0.745,31.0,25.86,0.0,19.0,1576.0,29.0,-3.86,0.07,-1.01,-0.03,7.48,0.63,17.57,240.0,TEST2RR,AKR_TEST2RR,0.0,1.0,1.0,100.0
32680,1,walk,walk,4437,,4437.0,20.0,0.0,1.0,5.0,5.6,-0.047,-3.363,-0.877,31.0,25.86,0.0,19.0,1576.0,29.0,-3.66,0.06,-0.99,-0.03,7.59,4.54,9.09,240.0,TEST2RR,AKR_TEST2RR,0.0,1.0,1.0,100.0
32720,1,walk,walk,4438,,4438.0,20.0,0.0,1.0,5.0,6.03,-0.093,-2.71,-1.861,31.0,25.76,0.0,19.0,1576.0,29.0,-3.09,0.05,-0.97,-0.03,7.51,8.38,1.17,241.0,TEST2RR,AKR_TEST2RR,0.0,1.0,1.0,100.0
32740,1,walk,walk,4439,,4439.0,20.0,0.0,1.0,6.0,6.45,-0.13,-2.181,-2.668,31.0,25.69,0.0,19.0,1576.0,29.0,-2.15,0.04,-0.96,-0.04,7.23,11.66,-6.02,241.0,TEST2RR,AKR_TEST2RR,0.0,1.0,1.0,100.0
32740,1,walk,walk,4440,,4440.0,20.0,0.0,1.0,6.0,6.85,-0.159,-1.811,-3.474,31.0,25.62,0.0,19.0,1576.0,29.0,-0.84,0.01,-0.95,-0.05,6.76,13.89,-12.32,241.0,TEST2RR,AKR_TEST2RR,0.0,1.0,1.0,100.0
32760,1,walk,walk,4441,,4441.0,20.0,0.0,1.0,6.0,7.2,-0.179,-1.272,-4.181,31.0,25.51,0.0,19.0,1576.0,29.0,0.75,-0.01,-0.94,-0.06,6.11,14.84,-17.68,241.0,TEST2RR,AKR_TEST2RR,0.0,1.0,1.0,100.0
32780,1,walk,walk,4442,,4442.0,20.0,0.0,1.0,6.0,7.51,-0.194,-0.814,-4.849,31.0,25.4,0.0,19.0,1576.0,29.0,2.53,-0.04,-0.93,-0.07,5.3,14.5,-22.11,241.0,TEST2RR,AKR_TEST2RR,0.0,1.0,1.0,100.0
32800,1,walk,walk,4443,,4443.0,20.0,0.0,1.0,6.0,7.75,-0.206,-0.632,-5.245,31.0,25.4,0.0,19.0,1576.0,29.0,4.38,-0.07,-0.92,-0.08,4.36,13.12,-25.6,241.0,TEST2RR,AKR_TEST2RR,0.0,1.0,1.0,100.0
32820,1,walk,walk,4444,,4444.0,20.0,0.0,1.0,6.0,7.93,-0.214,-0.373,-5.611,31.0,25.3,0.0,19.0,1576.0,29.0,6.21,-0.1,-0.92,-0.08,3.32,11.08,-28.17,241.0,TEST2RR,AKR_TEST2RR,0.0,1.0,1.0,100.0
32840,1,walk,walk,4445,,4445.0,20.0,0.0,1.0,6.0,8.03,-0.22,-0.292,-5.94,31.0,25.26,0.0,19.0,1576.0,29.0,7.95,-0.13,-0.92,-0.09,2.15,8.8,-29.82,241.0,TEST2RR,AKR_TEST2RR,0.0,1.0,1.0,100.0
32880,1,walk,walk,4446,,4446.0,20.0,0.0,1.0,6.0,8.07,-0.221,-0.173,-6.257,31.0,25.19,0.0,19.0,1576.0,29.0,9.55,-0.15,-0.92,-0.09,0.9,6.69,-30.62,241.0,TEST2RR,AKR_TEST2RR,0.0,1.0,1.0,100.0
32880,1,walk,walk,4447,,4447.0,20.0,0.0,3.0,7.0,8.03,-0.223,-0.191,-6.419,31.0,25.12,0.0,19.0,1576.0,29.0,11.03,-0.18,-0.91,-0.09,-0.41,4.93,-30.61,241.0,TEST2RR,AKR_TEST2RR,0.0,1.0,1.0,100.0
32900,1,walk,walk,4448,,4448.0,20.0,0.0,3.0,7.0,7.93,-0.224,0.014,-6.61,31.0,25.12,0.0,19.0,1576.0,29.0,12.38,-0.2,-0.91,-0.09,-1.74,3.58,-29.89,241.0,TEST2RR,AKR_TEST2RR,0.0,1.0,1.0,100.0
32980,1,walk,walk,4449,,4449.0,20.0,0.0,3.0,7.0,7.77,-0.224,-0.069,-6.764,31.0,25.09,0.0,19.0,1576.0,29.0,13.61,-0.22,-0.91,-0.09,-3.07,2.57,-28.61,241.0,TEST2RR,AKR_TEST2RR,0.0,1.0,1.0,100.0
32980,1,walk,walk,4450,,4450.0,20.0,1.0,3.0,7.0,7.57,-0.223,-0.013,-6.736,31.0,25.09,0.0,20.0,1576.0,29.0,14.72,-0.24,-0.91,-0.1,-4.39,1.83,-26.86,241.0,TEST2RR,AKR_TEST2RR,0.0,1.0,1.0,100.0
33020,1,walk,walk,4451,,4451.0,20.0,0.0,3.0,7.0,7.32,-0.22,0.244,-7.005,31.0,25.09,0.0,19.0,1576.0,29.0,15.63,-0.25,-0.91,-0.1,-5.68,1.28,-24.74,241.0,TEST2RR,AKR_TEST2RR,0.0,1.0,1.0,100.0
33020,1,walk,walk,4452,,4452.0,20.0,0.0,3.0,7.0,7.04,-0.213,0.673,-7.369,31.0,25.05,0.0,19.0,1576.0,29.0,16.01,-0.26,-0.92,-0.1,-6.66,1.45,-22.32,241.0,TEST2RR,AKR_TEST2RR,0.0,1.0,1.0,100.0
33020,1,walk,walk,4453,,4453.0,20.0,0.0,3.0,7.0,6.73,-0.198,1.021,-7.673,31.0,24.98,0.0,19.0,1576.0,29.0,15.65,-0.26,-0.93,-0.09,-7.09,2.76,-19.64,241.0,TEST2RR,AKR_TEST2RR,0.0,1.0,1.0,100.0
33040,1,walk,walk,4454,,4454.0,20.0,0.0,3.0,7.0,6.42,-0.175,1.828,-8.549,31.0,24.84,0.0,19.0,1576.0,29.0,14.63,-0.25,-0.95,-0.08,-6.99,5.45,-16.83,241.0,TEST2RR,AKR_TEST2RR,0.0,1.0,1.0,100.0
33040,1,walk,walk,4455,,4455.0,20.0,0.0,3.0,7.0,6.1,-0.142,2.116,-8.561,31.0,24.91,0.0,19.0,1576.0,29.0,13.18,-0.23,-0.97,-0.06,-6.49,9.37,-13.97,241.0,TEST2RR,AKR_TEST2RR,0.0,1.0,1.0,100.0
33080,1,walk,walk,4456,,4456.0,20.0,0.0,3.0,7.0,5.78,-0.109,2.383,-8.139,31.0,25.05,0.0,19.0,1576.0,29.0,11.59,-0.2,-0.99,-0.04,-5.8,14.02,-11.2,241.0,TEST2RR,AKR_TEST2RR,0.0,1.0,1.0,100.0
33080,1,walk,walk,4457,,4457.0,20.0,1.0,3.0,7.0,5.48,-0.072,2.431,-7.355,31.0,25.3,0.0,20.0,1576.0,29.0,10.1,-0.18,-1.01,-0.03,-5.07,18.6,-8.7,241.0,TEST2RR,AKR_TEST2RR,0.0,1.0,1.0,100.0
33100,1,walk,walk,4458,,4458.0,20.0,0.0,3.0,7.0,5.19,-0.031,2.588,-6.199,31.0,25.54,0.0,19.0,1576.0,29.0,8.9,-0.16,-1.03,-0.01,-4.47,22.37,-6.62,241.0,TEST2RR,AKR_TEST2RR,0.0,1.0,1.0,100.0
33120,1,walk,walk,4459,,4459.0,20.0,0.0,3.0,7.0,4.92,-0.002,1.646,-4.063,31.0,25.76,0.0,19.0,1576.0,29.0,8.04,-0.15,-1.05,0.0,-4.05,24.83,-5.01,241.0,TEST2RR,AKR_TEST2RR,0.0,1.0,1.0,100.0
33140,1,walk,walk,4460,,4460.0,20.0,0.0,3.0,7.0,4.66,0.019,1.017,-2.592,31.0,25.86,0.0,19.0,1576.0,29.0,7.51,-0.14,-1.06,0.01,-3.83,25.82,-3.81,241.0,TEST2RR,AKR_TEST2RR,0.0,1.0,1.0,100.0
33160,1,walk,walk,4461,,4461.0,20.0,0.0,0.0,1.0,4.44,0.028,0.205,-1.174,31.0,25.9,0.0,19.0,1576.0,29.0,7.22,-0.14,-1.07,0.01,-3.79,25.47,-2.83,241.0,TEST2RR,AKR_TEST2RR,0.0,1.0,1.0,100.0
33200,1,walk,walk,4462,,4462.0,20.0,0.0,0.0,1.0,4.24,0.028,-0.103,-0.543,31.0,25.9,0.0,19.0,1576.0,29.0,7.09,-0.13,-1.08,0.01,-3.86,24.16,-1.89,241.0,TEST2RR,AKR_TEST2RR,0.0,1.0,1.0,100.0
33220,1,walk,walk,4463,,4463.0,20.0,0.0,0.0,1.0,4.06,0.028,-0.103,-0.543,31.0,25.9,0.0,39.0,1576.0,29.0,7.04,-0.13,-1.08,0.01,-4.01,22.19,-0.86,241.0,TEST2RR,AKR_TEST2RR,0.0,1.0,1.0,100.0
33220,1,walk,walk,4464,,4464.0,20.0,0.0,0.0,1.0,3.9,0.028,-0.103,-0.543,31.0,25.9,0.0,59.0,1576.0,29.0,7.01,-0.13,-1.08,0.01,-4.18,19.88,0.34,241.0,TEST2RR,AKR_TEST2RR,0.0,1.0,1.0,100.0
33240,1,walk,walk,4465,,4465.0,20.0,0.0,0.0,1.0,3.77,0.015,-3.738,0.0,31.0,25.9,0.0,5.0,1576.0,29.0,6.98,-0.13,-1.08,0.01,-4.33,17.47,1.69,241.0,TEST2RR,AKR_TEST2RR,0.0,1.0,1.0,100.0
33260,1,walk,walk,4466,,4466.0,20.0,0.0,0.0,1.0,3.67,0.009,-0.391,0.0,31.0,25.93,0.0,5.0,1576.0,29.0,6.93,-0.13,-1.08,0.0,-4.44,15.1,3.12,241.0,TEST2RR,AKR_TEST2RR,0.0,1.0,1.0,100.0
33280,1,walk,walk,4467,,4467.0,20.0,0.0,0.0,1.0,3.59,0.003,-0.371,0.0,31.0,25.97,0.0,5.0,1576.0,29.0,6.86,-0.13,-1.08,-0.01,-4.52,12.89,4.53,241.0,TEST2RR,AKR_TEST2RR,0.0,1.0,1.0,100.0
33300,1,walk,walk,4468,,4468.0,20.0,0.0,0.0,1.0,3.53,-0.001,-0.154,0.0,31.0,25.93,0.0,5.0,1576.0,29.0,6.76,-0.13,-1.07,-0.01,-4.55,10.88,5.81,241.0,TEST2RR,AKR_TEST2RR,0.0,1.0,1.0,100.0
33320,1,walk,walk,4469,,4469.0,20.0,0.0,0.0,1.0,3.49,-0.002,-0.123,0.0,31.0,25.93,0.0,5.0,1576.0,29.0,6.64,-0.12,-1.07,-0.02,-4.54,9.08,6.86,241.0,TEST2RR,AKR_TEST2RR,0.0,1.0,1.0,100.0
33360,1,walk,walk,4470,,4470.0,20.0,0.0,0.0,1.0,3.48,-0.004,-0.021,0.0,31.0,25.93,0.0,5.0,1576.0,29.0,6.5,-0.12,-1.06,-0.02,-4.5,7.5,7.58,241.0,TEST2RR,AKR_TEST2RR,0.0,1.0,1.0,100.0
33380,1,walk,walk,4471,,4471.0,20.0,0.0,0.0,1.0,3.49,-0.004,-0.049,0.0,31.0,25.93,0.0,5.0,1576.0,29.0,6.35,-0.12,-1.06,-0.03,-4.43,6.13,7.94,241.0,TEST2RR,AKR_TEST2RR,0.0,1.0,1.0,100.0
33380,1,walk,walk,4472,,4472.0,20.0,0.0,0.0,1.0,3.51,-0.003,0.03,0.0,31.0,25.93,0.0,5.0,1576.0,29.0,6.21,-0.11,-1.05,-0.03,-4.34,4.97,7.89,241.0,TEST2RR,AKR_TEST2RR,0.0,1.0,1.0,100.0
33400,1,walk,walk,4473,,4473.0,20.0,0.0,0.0,1.0,3.56,-0.004,0.001,0.0,31.0,25.93,0.0,5.0,1576.0,29.0,6.06,-0.11,-1.04,-0.04,-4.24,4.0,7.44,241.0,TEST2RR,AKR_TEST2RR,0.0,1.0,1.0,100.0
33420,1,walk,walk,4474,,4474.0,20.0,0.0,0.0,1.0,3.63,-0.002,0.075,0.0,31.0,25.93,0.0,5.0,1576.0,29.0,5.93,-0.11,-1.04,-0.04,-4.16,3.22,6.6,241.0,TEST2RR,AKR_TEST2RR,0.0,1.0,1.0,100.0
33440,1,walk,walk,4475,,4475.0,20.0,0.0,0.0,1.0,3.71,0.0,0.195,0.0,31.0,25.93,0.0,5.0,1576.0,29.0,5.78,-0.1,-1.03,-0.05,-4.11,2.6,5.42,241.0,TEST2RR,AKR_TEST2RR,0.0,1.0,1.0,100.0
33460,1,walk,walk,4476,,4476.0,20.0,0.0,0.0,1.0,3.81,0.003,0.301,0.0,31.0,25.93,0.0,5.0,1576.0,29.0,5.63,-0.1,-1.03,-0.05,-4.05,2.13,3.95,241.0,TEST2RR,AKR_TEST2RR,0.0,1.0,1.0,100.0
33500,1,walk,walk,4477,,4477.0,20.0,0.0,0.0,1.0,3.91,0.007,0.461,0.0,31.0,25.93,0.0,5.0,1576.0,29.0,5.44,-0.1,-1.03,-0.05,-3.98,1.78,2.26,241.0,TEST2RR,AKR_TEST2RR,0.0,1.0,1.0,100.0
33520,1,walk,walk,4478,,4478.0,20.0,0.0,0.0,1.0,4.03,0.014,0.416,0.0,31.0,25.93,0.0,5.0,1576.0,29.0,5.23,-0.09,-1.02,-0.06,-3.84,1.54,0.41,241.0,TEST2RR,AKR_TEST2RR,0.0,1.0,1.0,100.0
33520,1,walk,walk,4479,,4479.0,20.0,1.0,0.0,1.0,4.14,0.02,0.366,0.0,31.0,25.93,0.0,6.0,1576.0,29.0,4.98,-0.09,-1.02,-0.06,-3.64,1.38,-1.55,241.0,TEST2RR,AKR_TEST2RR,0.0,1.0,1.0,100.0
33540,1,walk,walk,4480,,4480.0,20.0,1.0,0.0,1.0,4.26,0.027,0.473,0.0,31.0,25.93,0.0,6.0,1576.0,29.0,4.7,-0.08,-1.02,-0.07,-3.35,1.32,-3.54,241.0,TEST2RR,AKR_TEST2RR,0.0,1.0,1.0,100.0
33580,1,walk,walk,4481,,4481.0,20.0,1.0,0.0,1.0,4.37,0.036,0.706,0.0,31.0,25.93,0.0,6.0,1576.0,29.0,4.4,-0.08,-1.02,-0.07,-2.97,1.32,-5.54,241.0,TEST2RR,AKR_TEST2RR,0.0,1.0,1.0,100.0
33600,1,walk,walk,4482,,4482.0,20.0,1.0,0.0,1.0,4.47,0.046,0.442,0.0,32.0,25.93,0.0,6.0,1576.0,29.0,4.08,-0.07,-1.02,-0.07,-2.52,1.34,-7.49,241.0,TEST2RR,AKR_TEST2RR,0.0,1.0,1.0,100.0
33600,1,walk,walk,4483,,4483.0,20.0,1.0,6.0,2.0,4.55,0.051,0.211,0.0,31.0,25.93,0.0,6.0,1576.0,29.0,3.73,-0.07,-1.02,-0.07,-2.01,1.37,-9.27,241.0,TEST2RR,AKR_TEST2RR,0.0,1.0,1.0,100.0
33620,1,walk,walk,4484,,4484.0,20.0,0.0,6.0,2.0,4.62,0.052,0.246,-0.065,31.0,25.93,0.0,17.0,1576.0,29.0,3.34,-0.06,-1.02,-0.08,-1.45,1.52,-10.59,241.0,TEST2RR,AKR_TEST2RR,0.0,1.0,1.0,100.0
33640,1,walk,walk,4485,,4485.0,20.0,0.0,6.0,2.0,4.67,0.041,-0.818,-2.053,31.0,25.83,0.0,17.0,1576.0,29.0,2.88,-0.05,-1.02,-0.08,-0.85,1.8,-11.16,241.0,TEST2RR,AKR_TEST2RR,0.0,1.0,1.0,100.0
33680,1,walk,walk,4486,,4486.0,20.0,0.0,6.0,2.0,4.7,0.029,-0.626,-2.051,31.0,25.83,0.0,17.0,1576.0,29.0,2.36,-0.04,-1.02,-0.08,-0.18,2.13,-10.79,242.0,TEST2RR,AKR_TEST2RR,0.0,1.0,1.0,100.0
33700,1,walk,walk,4487,,4487.0,20.0,1.0,6.0,2.0,4.7,0.02,-0.636,-1.582,32.0,25.86,0.0,18.0,1576.0,29.0,1.77,-0.03,-1.03,-0.08,0.57,2.39,-9.31,242.0,TEST2RR,AKR_TEST2RR,0.0,1.0,1.0,100.0
33700,1,walk,walk,4488,,4488.0,20.0,1.0,6.0,2.0,4.68,0.01,-0.7,-0.676,31.0,25.9,0.0,18.0,1576.0,29.0,1.12,-0.02,-1.03,-0.08,1.47,2.43,-6.58,242.0,TEST2RR,AKR_TEST2RR,0.0,1.0,1.0,100.0
33720,1,walk,walk,4489,,4489.0,20.0,0.0,6.0,2.0,4.64,0.001,-0.605,0.768,31.0,25.93,0.0,17.0,1576.0,29.0,0.46,-0.01,-1.03,-0.09,2.47,2.13,-2.6,242.0,TEST2RR,AKR_TEST2RR,0.0,1.0,1.0,100.0
33740,1,walk,walk,4490,,4490.0,20.0,1.0,6.0,2.0,4.57,-0.008,-0.778,1.875,32.0,25.9,0.0,18.0,1576.0,29.0,-0.16,0.0,-1.04,-0.09,3.45,1.45,2.48,242.0,TEST2RR,AKR_TEST2RR,0.0,1.0,1.0,100.0
33760,1,walk,walk,4491,,4491.0,20.0,1.0,6.0,2.0,4.49,-0.017,-0.373,2.365,31.0,25.83,0.0,18.0,1576.0,29.0,-0.76,0.01,-1.05,-0.09,4.27,0.43,8.52,242.0,TEST2RR,AKR_TEST2RR,0.0,1.0,1.0,100.0
33780,1,walk,walk,4492,,4492.0,20.0,1.0,6.0,2.0,4.4,-0.017,0.21,1.851,31.0,25.86,0.0,18.0,1576.0,29.0,-1.32,0.02,-1.06,-0.09,4.82,-0.84,15.33,242.0,TEST2RR,AKR_TEST2RR,0.0,1.0,1.0,100.0
33820,1,walk,walk,4493,,4493.0,20.0,1.0,6.0,2.0,4.31,-0.012,0.33,1.141,32.0,25.9,0.0,18.0,1576.0,29.0,-1.81,0.03,-1.08,-0.09,5.02,-2.24,22.71,242.0,TEST2RR,AKR_TEST2RR,0.0,1.0,1.0,100.0
33840,1,walk,walk,4494,,4494.0,20.0,1.0,6.0,2.0,4.23,-0.007,0.312,0.564,31.0,25.9,0.0,18.0,1576.0,29.0,-2.17,0.04,-1.09,-0.09,4.84,-3.7,30.43,242.0,TEST2RR,AKR_TEST2RR,0.0,1.0,1.0,100.0
33860,1,walk,walk,4495,,4495.0,20.0,1.0,6.0,2.0,4.17,-0.004,0.104,0.184,31.0,25.93,0.0,18.0,1576.0,29.0,-2.35,0.05,-1.11,-0.08,4.28,-5.2,38.23,242.0,TEST2RR,AKR_TEST2RR,0.0,1.0,1.0,100.0
33860,1,walk,walk,4496,,4496.0,20.0,1.0,6.0,2.0,4.14,0.0,0.238,-0.453,32.0,25.93,0.0,18.0,1576.0,29.0,-2.33,0.05,-1.13,-0.08,3.4,-6.75,45.79,242.0,TEST2RR,AKR_TEST2RR,0.0,1.0,1.0,100.0
33880,1,walk,walk,4497,,4497.0,20.0,1.0,6.0,2.0,4.14,0.002,0.171,-0.791,31.0,25.93,0.0,18.0,1576.0,29.0,-2.11,0.04,-1.14,-0.08,2.29,-8.48,52.61,242.0,TEST2RR,AKR_TEST2RR,0.0,1.0,1.0,100.0
33920,1,walk,walk,4498,,4498.0,20.0,1.0,6.0,2.0,4.2,0.005,0.025,-0.804,32.0,25.93,0.0,18.0,1576.0,29.0,-1.76,0.04,-1.14,-0.08,1.1,-10.6,58.03,242.0,TEST2RR,AKR_TEST2RR,0.0,1.0,1.0,100.0
33920,1,walk,walk,4499,,4499.0,20.0,1.0,6.0,2.0,4.31,0.004,0.028,-0.577,32.0,25.93,0.0,18.0,1576.0,29.0,-1.39,0.03,-1.14,-0.07,-0.02,-13.31,61.45,242.0,TEST2RR,AKR_TEST2RR,0.0,1.0,1.0,100.0
33940,1,walk,walk,4500,,4500.0,20.0,1.0,6.0,2.0,4.49,0.004,-0.011,-0.513,31.0,25.93,0.0,18.0,1576.0,29.0,-1.11,0.02,-1.13,-0.07,-0.97,-16.62,62.4,242.0,TEST2RR,AKR_TEST2RR,0.0,1.0,1.0,100.0
33960,1,walk,walk,4501,,4501.0,20.0,0.0,6.0,2.0,4.75,0.004,-0.065,-0.409,31.0,25.93,0.0,17.0,1576.0,29.0,-1.04,0.02,-1.11,-0.07,-1.68,-20.2,60.64,242.0,TEST2RR,AKR_TEST2RR,0.0,1.0,1.0,100.0
33980,1,walk,walk,4502,,4502.0,20.0,1.0,6.0,2.0,5.07,0.003,-0.061,-0.246,32.0,25.93,0.0,18.0,1576.0,29.0,-1.24,0.02,-1.09,-0.06,-2.13,-23.5,56.15,242.0,TEST2RR,AKR_TEST2RR,0.0,1.0,1.0,100.0
34020,1,walk,walk,4503,,4503.0,20.0,0.0,6.0,2.0,5.47,0.001,-0.083,-0.066,31.0,25.93,0.0,17.0,1576.0,29.0,-1.73,0.03,-1.06,-0.06,-2.35,-25.82,49.19,242.0,TEST2RR,AKR_TEST2RR,0.0,1.0,1.0,100.0
34020,1,walk,walk,4504,,4504.0,20.0,1.0,1.0,5.0,5.93,0.001,-0.001,0.019,31.0,25.93,0.0,18.0,1576.0,30.0,-2.46,0.04,-1.03,-0.05,-2.38,-26.53,40.22,242.0,TEST2RR,AKR_TEST2RR,0.0,1.0,1.0,100.0
34040,1,walk,walk,4505,,4505.0,20.0,0.0,1.0,5.0,6.44,0.0,-0.116,0.035,31.0,25.86,0.0,19.0,1576.0,30.0,-3.28,0.06,-1.01,-0.05,-2.17,-25.19,30.12,242.0,TEST2RR,AKR_TEST2RR,0.0,1.0,1.0,100.0
34080,1,walk,walk,4506,,4506.0,20.0,0.0,1.0,5.0,6.99,-0.038,-3.112,-1.672,31.0,25.76,0.0,19.0,1576.0,30.0,-3.97,0.07,-0.98,-0.05,-1.71,-21.7,19.77,242.0,TEST2RR,AKR_TEST2RR,0.0,1.0,1.0,100.0
34080,1,walk,walk,4507,,4507.0,20.0,0.0,1.0,5.0,7.56,-0.082,-2.612,-2.605,31.0,25.69,0.0,19.0,1576.0,30.0,-4.32,0.07,-0.97,-0.05,-0.98,-16.34,9.82,242.0,TEST2RR,AKR_TEST2RR,0.0,1.0,1.0,100.0
34100,1,walk,walk,4508,,4508.0,20.0,0.0,1.0,5.0,8.12,-0.117,-2.179,-3.473,31.0,25.58,0.0,19.0,1576.0,30.0,-4.18,0.07,-0.95,-0.05,-0.04,-9.82,0.64,242.0,TEST2RR,AKR_TEST2RR,0.0,1.0,1.0,100.0
34120,1,walk,walk,4509,,4509.0,20.0,0.0,1.0,6.0,8.67,-0.143,-1.444,-4.192,31.0,25.47,0.0,19.0,1576.0,30.0,-3.46,0.06,-0.94,-0.06,1.07,-3.07,-7.57,242.0,TEST2RR,AKR_TEST2RR,0.0,1.0,1.0,100.0
34140,1,walk,walk,4510,,4510.0,20.0,0.0,1.0,6.0,9.18,-0.163,-1.184,-4.796,31.0,25.4,0.0,19.0,1576.0,30.0,-2.17,0.04,-0.94,-0.08,2.25,2.96,-14.72,242.0,TEST2RR,AKR_TEST2RR,0.0,1.0,1.0,100.0
34180,1,walk,walk,4511,,4511.0,20.0,0.0,1.0,6.0,9.63,-0.178,-0.826,-5.227,31.0,25.33,0.0,19.0,1576.0,30.0,-0.4,0.01,-0.93,-0.09,3.31,7.57,-20.79,242.0,TEST2RR,AKR_TEST2RR,0.0,1.0,1.0,100.0
34180,1,walk,walk,4512,,4512.0,20.0,0.0,1.0,6.0,10.01,-0.189,-0.641,-5.665,31.0,25.23,0.0,19.0,1576.0,30.0,1.7,-0.03,-0.93,-0.11,4.02,10.49,-25.86,242.0,TEST2RR,AKR_TEST2RR,0.0,1.0,1.0,100.0
34200,1,walk,walk,4513,,4513.0,20.0,0.0,1.0,6.0,10.31,-0.196,-0.468,-6.166,31.0,25.16,0.0,19.0,1576.0,30.0,4.0,-0.06,-0.92,-0.13,4.33,11.84,-29.99,242.0,TEST2RR,AKR_TEST2RR,0.0,1.0,1.0,100.0
34220,1,walk,walk,4514,,4514.0,20.0,0.0,1.0,6.0,10.52,-0.2,-0.271,-6.576,31.0,25.12,0.0,19.0,1576.0,30.0,6.4,-0.1,-0.92,-0.14,4.05,11.89,-33.21,242.0,TEST2RR,AKR_TEST2RR,0.0,1.0,1.0,100.0
34240,1,walk,walk,4515,,4515.0,20.0,0.0,1.0,6.0,10.64,-0.203,-0.101,-6.814,31.0,25.09,0.0,19.0,1576.0,30.0,8.81,-0.14,-0.91,-0.16,3.04,11.02,-35.61,242.0,TEST2RR,AKR_TEST2RR,0.0,1.0,1.0,100.0
34260,1,walk,walk,4516,,4516.0,20.0,0.0,1.0,6.0,10.67,-0.204,0.057,-7.092,31.0,25.02,0.0,19.0,1576.0,30.0,11.18,-0.18,-0.91,-0.17,1.42,9.51,-37.21,242.0,TEST2RR,AKR_TEST2RR,0.0,1.0,1.0,100.0
34280,1,walk,walk,4517,,4517.0,20.0,0.0,1.0,6.0,10.62,-0.202,0.408,-7.688,31.0,24.91,0.0,19.0,1576.0,30.0,13.38,-0.22,-0.91,-0.17,-0.44,7.98,-37.88,242.0,TEST2RR,AKR_TEST2RR,0.0,1.0,1.0,100.0
34320,1,walk,walk,4518,,4518.0,20.0,0.0,3.0,7.0,10.48,-0.189,0.613,-8.767,31.0,24.56,0.0,19.0,1576.0,30.0,15.29,-0.25,-0.91,-0.16,-2.05,6.99,-37.2,242.0,TEST2RR,AKR_TEST2RR,0.0,1.0,1.0,100.0
34340,1,walk,walk,4519,,4519.0,20.0,0.0,3.0,7.0,10.28,-0.182,0.72,-9.173,31.0,24.42,0.0,19.0,1576.0,30.0,16.79,-0.28,-0.93,-0.15,-3.1,6.85,-35.05,242.0,TEST2RR,AKR_TEST2RR,0.0,1.0,1.0,100.0
34340,1,walk,walk,4520,,4520.0,20.0,0.0,3.0,7.0,10.01,-0.173,0.698,-9.485,31.0,24.39,0.0,19.0,1576.0,30.0,17.84,-0.31,-0.95,-0.12,-3.56,7.43,-31.49,242.0,TEST2RR,AKR_TEST2RR,0.0,1.0,1.0,100.0
34360,1,walk,walk,4521,,4521.0,20.0,0.0,3.0,7.0,9.68,-0.162,0.8,-9.519,31.0,24.39,0.0,19.0,1576.0,30.0,18.51,-0.33,-0.97,-0.1,-3.59,8.4,-26.78,242.0,TEST2RR,AKR_TEST2RR,0.0,1.0,1.0,100.0
34380,1,walk,walk,4522,,4522.0,20.0,1.0,3.0,7.0,9.33,-0.155,0.265,-8.212,31.0,24.77,0.0,20.0,1576.0,30.0,18.87,-0.34,-0.99,-0.08,-3.31,9.33,-21.28,242.0,TEST2RR,AKR_TEST2RR,0.0,1.0,1.0,100.0
34400,1,walk,walk,4523,,4523.0,20.0,0.0,3.0,7.0,8.94,-0.15,0.166,-7.044,32.0,25.09,0.0,19.0,1576.0,30.0,19.0,-0.35,-1.01,-0.06,-2.89,9.91,-15.34,242.0,TEST2RR,AKR_TEST2RR,0.0,1.0,1.0,100.0
34420,1,walk,walk,4524,,4524.0,20.0,0.0,3.0,7.0,8.55,-0.148,0.034,-5.504,32.0,25.37,0.0,19.0,1576.0,30.0,18.98,-0.35,-1.03,-0.04,-2.45,9.97,-9.33,242.0,TEST2RR,AKR_TEST2RR,0.0,1.0,1.0,100.0
34440,1,walk,walk,4525,,4525.0,20.0,0.0,3.0,7.0,8.16,-0.145,0.216,-4.28,32.0,25.62,0.0,19.0,1576.0,30.0,18.85,-0.36,-1.04,-0.03,-2.11,9.44,-3.64,242.0,TEST2RR,AKR_TEST2RR,0.0,1.0,1.0,100.0
34460,1,walk,walk,4526,,4526.0,20.0,0.0,0.0,1.0,7.79,-0.136,0.699,-3.047,32.0,25.79,0.0,19.0,1576.0,30.0,18.68,-0.36,-1.05,-0.02,-1.9,8.38,1.27,242.0,TEST2RR,AKR_TEST2RR,0.0,1.0,1.0,100.0
34500,1,walk,walk,4527,,4527.0,20.0,0.0,0.0,1.0,7.45,-0.118,1.556,-1.755,32.0,25.79,0.0,19.0,1576.0,30.0,18.53,-0.35,-1.06,-0.02,-1.84,6.76,4.93,242.0,TEST2RR,AKR_TEST2RR,0.0,1.0,1.0,100.0
34500,1,walk,walk,4528,,4528.0,20.0,0.0,0.0,1.0,7.15,-0.118,1.556,-1.755,32.0,25.79,0.0,39.0,1576.0,30.0,18.35,-0.35,-1.06,-0.02,-1.95,4.64,6.99,242.0,TEST2RR,AKR_TEST2RR,0.0,1.0,1.0,100.0
34520,1,walk,walk,4529,,4529.0,20.0,0.0,0.0,1.0,6.9,-0.118,1.556,-1.755,32.0,25.79,0.0,59.0,1576.0,30.0,18.09,-0.34,-1.05,-0.02,-2.15,2.34,7.69,242.0,TEST2RR,AKR_TEST2RR,0.0,1.0,1.0,100.0
34560,1,walk,walk,4530,,4530.0,20.0,0.0,0.0,1.0,6.69,-0.066,15.202,0.0,32.0,25.97,0.0,2.0,1576.0,30.0,17.73,-0.34,-1.05,-0.02,-2.39,0.19,7.3,242.0,TEST2RR,AKR_TEST2RR,0.0,1.0,1.0,100.0
34560,1,walk,walk,4531,,4531.0,20.0,0.0,0.0,1.0,6.55,-0.056,0.386,0.0,32.0,25.93,0.0,2.0,1576.0,30.0,17.27,-0.32,-1.04,-0.02,-2.67,-1.65,6.0,242.0,TEST2RR,AKR_TEST2RR,0.0,1.0,1.0,100.0
34580,1,walk,walk,4532,,4532.0,20.0,0.0,0.0,1.0,6.46,-0.05,0.488,0.0,32.0,25.93,0.0,2.0,1576.0,30.0,16.69,-0.31,-1.04,-0.03,-2.99,-3.1,4.0,242.0,TEST2RR,AKR_TEST2RR,0.0,1.0,1.0,100.0
34600,1,walk,walk,4533,,4533.0,20.0,0.0,0.0,1.0,6.41,-0.044,0.516,0.0,32.0,25.93,0.0,2.0,1576.0,30.0,15.99,-0.3,-1.04,-0.03,-3.33,-4.13,1.56,242.0,TEST2RR,AKR_TEST2RR,0.0,1.0,1.0,100.0
34640,1,walk,walk,4534,,4534.0,20.0,1.0,0.0,1.0,6.42,-0.035,0.582,0.0,32.0,25.93,0.0,3.0,1576.0,30.0,15.19,-0.28,-1.03,-0.03,-3.65,-4.77,-1.12,243.0,TEST2RR,AKR_TEST2RR,0.0,1.0,1.0,100.0
34660,1,walk,walk,4535,,4535.0,20.0,1.0,0.0,1.0,6.47,-0.028,0.393,0.0,32.0,25.93,0.0,3.0,1576.0,30.0,14.29,-0.26,-1.03,-0.04,-3.89,-5.07,-3.86,243.0,TEST2RR,AKR_TEST2RR,0.0,1.0,1.0,100.0
34660,1,walk,walk,4536,,4536.0,20.0,1.0,0.0,1.0,6.54,-0.022,0.437,0.0,32.0,25.93,0.0,3.0,1576.0,30.0,13.33,-0.24,-1.03,-0.05,-4.02,-5.09,-6.51,243.0,TEST2RR,AKR_TEST2RR,0.0,1.0,1.0,100.0
34680,1,walk,walk,4537,,4537.0,20.0,1.0,0.0,1.0,6.64,-0.013,0.739,0.0,32.0,25.93,0.0,3.0,1576.0,30.0,12.34,-0.22,-1.02,-0.05,-4.01,-4.87,-8.98,243.0,TEST2RR,AKR_TEST2RR,0.0,1.0,1.0,100.0
34720,1,walk,walk,4538,,4538.0,20.0,1.0,0.0,1.0,6.75,-0.003,0.485,0.0,32.0,25.93,0.0,3.0,1576.0,30.0,11.35,-0.21,-1.02,-0.06,-3.88,-4.51,-11.26,243.0,TEST2RR,AKR_TEST2RR,0.0,1.0,1.0,100.0
34720,1,walk,walk,4539,,4539.0,20.0,1.0,0.0,1.0,6.87,0.005,0.594,0.0,32.0,25.93,0.0,3.0,1576.0,30.0,10.39,-0.19,-1.02,-0.06,-3.65,-4.06,-13.35,243.0,TEST2RR,AKR_TEST2RR,0.0,1.0,1.0,100.0
34760,1,walk,walk,4540,,4540.0,20.0,1.0,0.0,1.0,6.97,0.016,0.805,0.0,32.0,25.93,0.0,3.0,1576.0,30.0,9.48,-0.17,-1.02,-0.07,-3.37,-3.54,-15.24,243.0,TEST2RR,AKR_TEST2RR,0.0,1.0,1.0,100.0
34780,1,walk,walk,4541,,4541.0,20.0,1.0,0.0,1.0,7.07,0.025,0.688,0.0,32.0,25.93,0.0,3.0,1576.0,30.0,8.61,-0.15,-1.02,-0.07,-3.06,-3.02,-17.02,243.0,TEST2RR,AKR_TEST2RR,0.0,1.0,1.0,100.0
34800,1,walk,walk,4542,,4542.0,20.0,1.0,0.0,1.0,7.14,0.036,0.687,0.0,32.0,25.93,0.0,3.0,1576.0,30.0,7.78,-0.14,-1.02,-0.07,-2.74,-2.48,-18.69,243.0,TEST2RR,AKR_TEST2RR,0.0,1.0,1.0,100.0
34800,1,walk,walk,4543,,4543.0,20.0,1.0,6.0,2.0,7.19,0.051,1.004,0.0,32.0,25.93,0.0,3.0,1576.0,30.0,6.99,-0.12,-1.02,-0.08,-2.42,-1.94,-20.32,243.0,TEST2RR,AKR_TEST2RR,0.0,1.0,1.0,100.0
34820,1,walk,walk,4544,,4544.0,20.0,0.0,6.0,2.0,7.21,0.054,1.381,-0.223,32.0,25.9,0.0,18.0,1576.0,30.0,6.19,-0.11,-1.02,-0.08,-2.08,-1.36,-21.91,243.0,TEST2RR,AKR_TEST2RR,0.0,1.0,1.0,100.0
34840,1,walk,walk,4545,,4545.0,20.0,0.0,6.0,2.0,7.19,0.047,-0.459,-2.967,32.0,25.72,0.0,18.0,1576.0,30.0,5.35,-0.1,-1.02,-0.08,-1.7,-0.58,-23.14,243.0,TEST2RR,AKR_TEST2RR,0.0,1.0,1.0,100.0
34880,1,walk,walk,4546,,4546.0,20.0,1.0,6.0,2.0,7.14,0.039,-0.395,-3.424,32.0,25.69,0.0,19.0,1576.0,30.0,4.44,-0.08,-1.02,-0.08,-1.26,0.38,-23.72,243.0,TEST2RR,AKR_TEST2RR,0.0,1.0,1.0,100.0
34880,1,walk,walk,4547,,4547.0,20.0,0.0,6.0,2.0,7.05,0.032,-0.371,-3.117,32.0,25.69,0.0,18.0,1576.0,30.0,3.46,-0.06,-1.02,-0.09,-0.7,1.37,-23.33,243.0,TEST2RR,AKR_TEST2RR,0.0,1.0,1.0,100.0
34900,1,walk,walk,4548,,4548.0,20.0,1.0,6.0,2.0,6.91,0.023,-0.628,-2.133,32.0,25.83,0.0,19.0,1576.0,30.0,2.46,-0.04,-1.02,-0.09,0.03,2.25,-21.75,243.0,TEST2RR,AKR_TEST2RR,0.0,1.0,1.0,100.0
34920,1,walk,walk,4549,,4549.0,20.0,1.0,6.0,2.0,6.74,0.013,-0.59,-1.158,32.0,25.9,0.0,19.0,1576.0,30.0,1.48,-0.03,-1.03,-0.09,0.97,2.87,-18.91,243.0,TEST2RR,AKR_TEST2RR,0.0,1.0,1.0,100.0
34980,1,walk,walk,4550,,4550.0,20.0,1.0,6.0,2.0,6.54,0.004,-0.452,0.013,32.0,25.9,0.0,19.0,1576.0,30.0,0.57,-0.01,-1.03,-0.1,2.09,3.21,-14.83,243.0,TEST2RR,AKR_TEST2RR,0.0,1.0,1.0,100.0
34980,1,walk,walk,4551,,4551.0,20.0,1.0,6.0,2.0,6.3,-0.002,-0.441,0.971,32.0,25.9,0.0,19.0,1576.0,30.0,-0.22,0.0,-1.04,-0.1,3.35,3.21,-9.66,243.0,TEST2RR,AKR_TEST2RR,0.0,1.0,1.0,100.0
34980,1,walk,walk,4552,,4552.0,20.0,1.0,6.0,2.0,6.04,-0.009,-0.352,1.427,32.0,25.9,0.0,19.0,1576.0,30.0,-0.86,0.02,-1.04,-0.1,4.65,2.79,-3.7,243.0,TEST2RR,AKR_TEST2RR,0.0,1.0,1.0,100.0
35000,1,walk,walk,4553,,4553.0,20.0,1.0,6.0,2.0,5.76,-0.012,-0.002,1.434,32.0,25.9,0.0,19.0,1576.0,30.0,-1.37,0.03,-1.05,-0.1,5.87,1.99,2.78,243.0,TEST2RR,AKR_TEST2RR,0.0,1.0,1.0,100.0
35020,1,walk,walk,4554,,4554.0,20.0,1.0,6.0,2.0,5.47,-0.011,0.006,1.261,32.0,25.9,0.0,19.0,1576.0,30.0,-1.75,0.03,-1.06,-0.09,6.91,0.96,9.57,243.0,TEST2RR,AKR_TEST2RR,0.0,1.0,1.0,100.0
35040,1,walk,walk,4555,,4555.0,20.0,1.0,6.0,2.0,5.18,-0.01,0.135,1.065,32.0,25.9,0.0,19.0,1576.0,30.0,-2.03,0.04,-1.07,-0.09,7.69,-0.19,16.57,243.0,TEST2RR,AKR_TEST2RR,0.0,1.0,1.0,100.0
35060,1,walk,walk,4556,,4556.0,20.0,1.0,6.0,2.0,4.91,-0.007,0.143,0.702,32.0,25.9,0.0,19.0,1576.0,30.0,-2.19,0.04,-1.08,-0.09,8.14,-1.38,23.69,243.0,TEST2RR,AKR_TEST2RR,0.0,1.0,1.0,100.0
35080,1,walk,walk,4557,,4557.0,20.0,1.0,6.0,2.0,4.66,-0.005,0.177,0.27,32.0,25.93,0.0,19.0,1576.0,30.0,-2.22,0.04,-1.1,-0.09,8.24,-2.57,30.88,243.0,TEST2RR,AKR_TEST2RR,0.0,1.0,1.0,100.0
35120,1,walk,walk,4558,,4558.0,20.0,1.0,6.0,2.0,4.44,-0.002,0.276,-0.162,32.0,25.93,0.0,19.0,1576.0,30.0,-2.12,0.04,-1.11,-0.08,7.98,-3.81,38.03,243.0,TEST2RR,AKR_TEST2RR,0.0,1.0,1.0,100.0
35140,1,walk,walk,4559,,4559.0,20.0,1.0,6.0,2.0,4.28,0.001,0.163,-0.501,32.0,25.93,0.0,19.0,1576.0,30.0,-1.88,0.04,-1.13,-0.08,7.38,-5.16,44.89,243.0,TEST2RR,AKR_TEST2RR,0.0,1.0,1.0,100.0
35140,1,walk,walk,4560,,4560.0,20.0,1.0,6.0,2.0,4.16,0.002,0.048,-0.506,32.0,25.93,0.0,19.0,1576.0,30.0,-1.57,0.03,-1.14,-0.08,6.51,-6.58,51.0,243.0,TEST2RR,AKR_TEST2RR,0.0,1.0,1.0,100.0
35160,1,walk,walk,4561,,4561.0,20.0,1.0,6.0,2.0,4.12,0.002,-0.075,-0.308,32.0,25.93,0.0,19.0,1576.0,30.0,-1.24,0.02,-1.14,-0.08,5.5,-7.9,55.84,243.0,TEST2RR,AKR_TEST2RR,0.0,1.0,1.0,100.0
35200,1,walk,walk,4562,,4562.0,20.0,1.0,6.0,2.0,4.15,0.002,0.029,-0.12,32.0,25.9,0.0,19.0,1576.0,30.0,-0.97,0.02,-1.14,-0.08,4.47,-9.01,59.0,243.0,TEST2RR,AKR_TEST2RR,0.0,1.0,1.0,100.0
35200,1,walk,walk,4563,,4563.0,20.0,1.0,6.0,2.0,4.25,0.0,-0.028,-0.002,32.0,25.93,0.0,19.0,1576.0,30.0,-0.78,0.02,-1.13,-0.07,3.51,-9.81,60.18,243.0,TEST2RR,AKR_TEST2RR,0.0,1.0,1.0,100.0
35220,1,walk,walk,4564,,4564.0,20.0,0.0,6.0,2.0,4.44,-0.001,-0.088,0.22,32.0,25.93,0.0,18.0,1576.0,30.0,-0.68,0.01,-1.11,-0.07,2.68,-10.28,59.18,243.0,TEST2RR,AKR_TEST2RR,0.0,1.0,1.0,100.0
35240,1,walk,walk,4565,,4565.0,20.0,0.0,6.0,2.0,4.72,-0.002,-0.06,0.322,32.0,25.9,0.0,18.0,1576.0,30.0,-0.68,0.01,-1.09,-0.07,2.03,-10.43,55.99,243.0,TEST2RR,AKR_TEST2RR,0.0,1.0,1.0,100.0
35280,1,walk,walk,4566,,4566.0,20.0,1.0,6.0,2.0,5.07,-0.003,-0.116,0.453,32.0,25.93,0.0,19.0,1576.0,30.0,-0.73,0.01,-1.06,-0.07,1.57,-10.27,50.72,243.0,TEST2RR,AKR_TEST2RR,0.0,1.0,1.0,100.0
35280,1,walk,walk,4567,,4567.0,20.0,1.0,6.0,2.0,5.49,-0.004,0.097,0.454,32.0,25.93,0.0,19.0,1576.0,30.0,-0.79,0.01,-1.03,-0.07,1.27,-9.79,43.62,243.0,TEST2RR,AKR_TEST2RR,0.0,1.0,1.0,100.0
35300,1,walk,walk,4568,,4568.0,20.0,1.0,1.0,5.0,5.97,-0.004,0.001,0.479,32.0,25.9,0.0,19.0,1428.0,31.0,-0.82,0.01,-0.99,-0.07,1.1,-8.92,35.02,243.0,TEST2RR,AKR_TEST2RR,0.0,1.0,1.0,100.0
35320,1,walk,walk,4569,,4569.0,20.0,0.0,1.0,5.0,6.5,-0.004,-0.127,0.433,32.0,25.83,0.0,19.0,1428.0,31.0,-0.71,0.01,-0.96,-0.07,1.02,-7.33,25.51,243.0,TEST2RR,AKR_TEST2RR,0.0,1.0,1.0,100.0
35340,1,walk,walk,4570,,4570.0,20.0,0.0,1.0,5.0,7.06,-0.043,-3.27,-1.319,32.0,25.83,0.0,19.0,1428.0,31.0,-0.35,0.01,-0.93,-0.07,1.04,-5.06,15.87,243.0,TEST2RR,AKR_TEST2RR,0.0,1.0,1.0,100.0
35360,1,walk,walk,4571,,4571.0,20.0,0.0,1.0,5.0,7.64,-0.089,-2.641,-2.306,32.0,25.69,0.0,19.0,1428.0,31.0,0.34,-0.01,-0.9,-0.08,1.17,-2.41,6.6,243.0,TEST2RR,AKR_TEST2RR,0.0,1.0,1.0,100.0
35380,1,walk,walk,4572,,4572.0,20.0,0.0,1.0,6.0,8.21,-0.124,-2.238,-3.086,32.0,25.62,0.0,19.0,1428.0,31.0,1.38,-0.02,-0.88,-0.09,1.38,0.27,-2.05,243.0,TEST2RR,AKR_TEST2RR,0.0,1.0,1.0,100.0
35400,1,walk,walk,4573,,4573.0,20.0,0.0,1.0,6.0,8.75,-0.151,-1.55,-3.845,32.0,25.54,0.0,19.0,1428.0,31.0,2.79,-0.04,-0.87,-0.1,1.56,2.59,-9.9,243.0,TEST2RR,AKR_TEST2RR,0.0,1.0,1.0,100.0
35460,1,walk,walk,4574,,4574.0,20.0,0.0,1.0,6.0,9.26,-0.17,-1.06,-4.771,32.0,25.4,0.0,19.0,1428.0,31.0,4.52,-0.07,-0.85,-0.11,1.61,4.12,-16.87,243.0,TEST2RR,AKR_TEST2RR,0.0,1.0,1.0,100.0
35460,1,walk,walk,4575,,4575.0,20.0,0.0,1.0,6.0,9.71,-0.184,-0.675,-5.341,32.0,25.33,0.0,19.0,1428.0,31.0,6.5,-0.1,-0.85,-0.12,1.4,4.59,-22.94,243.0,TEST2RR,AKR_TEST2RR,0.0,1.0,1.0,100.0
35460,1,walk,walk,4576,,4576.0,20.0,0.0,1.0,6.0,10.09,-0.192,-0.268,-6.014,32.0,25.19,0.0,19.0,1428.0,31.0,8.62,-0.13,-0.84,-0.13,0.85,3.92,-28.07,243.0,TEST2RR,AKR_TEST2RR,0.0,1.0,1.0,100.0
35480,1,walk,walk,4577,,4577.0,20.0,0.0,1.0,6.0,10.39,-0.196,-0.146,-6.659,32.0,25.09,0.0,19.0,1428.0,31.0,10.72,-0.16,-0.84,-0.14,-0.07,2.35,-32.22,243.0,TEST2RR,AKR_TEST2RR,0.0,1.0,1.0,100.0
35520,1,walk,walk,4578,,4578.0,20.0,0.0,1.0,6.0,10.62,-0.193,0.765,-8.059,32.0,24.77,0.0,19.0,1428.0,31.0,12.65,-0.19,-0.86,-0.15,-0.97,0.77,-34.87,243.0,TEST2RR,AKR_TEST2RR,0.0,1.0,1.0,100.0
35520,1,walk,walk,4579,,4579.0,20.0,0.0,1.0,6.0,10.76,-0.186,0.064,-8.181,32.0,24.7,0.0,19.0,1428.0,31.0,14.26,-0.22,-0.88,-0.14,-1.4,-0.03,-35.72,243.0,TEST2RR,AKR_TEST2RR,0.0,1.0,1.0,100.0
35540,1,walk,walk,4580,,4580.0,20.0,0.0,3.0,7.0,10.82,-0.179,0.352,-8.808,32.0,24.53,0.0,19.0,1428.0,31.0,15.5,-0.25,-0.91,-0.13,-1.3,0.12,-34.74,243.0,TEST2RR,AKR_TEST2RR,0.0,1.0,1.0,100.0
35560,1,walk,walk,4581,,4581.0,20.0,0.0,3.0,7.0,10.8,-0.171,0.426,-9.176,32.0,24.46,0.0,19.0,1428.0,31.0,16.36,-0.28,-0.94,-0.11,-0.83,0.93,-32.13,243.0,TEST2RR,AKR_TEST2RR,0.0,1.0,1.0,100.0
35600,1,walk,walk,4582,,4582.0,20.0,1.0,3.0,7.0,10.7,-0.163,0.402,-9.373,32.0,24.42,0.0,20.0,1428.0,31.0,16.9,-0.3,-0.97,-0.08,-0.18,2.08,-28.22,243.0,TEST2RR,AKR_TEST2RR,0.0,1.0,1.0,100.0
35620,1,walk,walk,4583,,4583.0,20.0,0.0,3.0,7.0,10.55,-0.158,0.111,-8.555,32.0,24.63,0.0,19.0,1428.0,31.0,17.18,-0.31,-1.0,-0.06,0.49,3.22,-23.38,243.0,TEST2RR,AKR_TEST2RR,0.0,1.0,1.0,100.0
35620,1,walk,walk,4584,,4584.0,20.0,1.0,3.0,7.0,10.34,-0.157,0.166,-7.5,32.0,24.95,0.0,20.0,1428.0,31.0,17.26,-0.32,-1.03,-0.04,1.08,4.07,-18.02,243.0,TEST2RR,AKR_TEST2RR,0.0,1.0,1.0,100.0
35640,1,walk,walk,4585,,4585.0,20.0,0.0,3.0,7.0,10.09,-0.152,0.258,-6.558,32.0,25.19,0.0,19.0,1428.0,31.0,17.2,-0.32,-1.05,-0.03,1.5,4.5,-12.51,243.0,TEST2RR,AKR_TEST2RR,0.0,1.0,1.0,100.0
35660,1,walk,walk,4586,,4586.0,20.0,0.0,3.0,7.0,9.82,-0.147,0.25,-5.14,32.0,25.47,0.0,19.0,1428.0,31.0,17.06,-0.32,-1.06,-0.02,1.72,4.45,-7.25,243.0,TEST2RR,AKR_TEST2RR,0.0,1.0,1.0,100.0
35680,1,walk,walk,4587,,4587.0,20.0,0.0,0.0,1.0,9.54,-0.139,0.634,-4.073,32.0,25.69,0.0,19.0,1428.0,31.0,16.87,-0.32,-1.07,-0.01,1.77,3.93,-2.65,243.0,TEST2RR,AKR_TEST2RR,0.0,1.0,1.0,100.0
35700,1,walk,walk,4588,,4588.0,20.0,0.0,0.0,1.0,9.26,-0.126,0.916,-2.697,32.0,25.69,0.0,19.0,1428.0,31.0,16.75,-0.32,-1.07,-0.01,1.65,2.9,0.45,243.0,TEST2RR,AKR_TEST2RR,0.0,1.0,1.0,100.0
35720,1,walk,walk,4589,,4589.0,20.0,0.0,0.0,1.0,8.99,-0.126,0.916,-2.697,32.0,25.69,0.0,39.0,1428.0,31.0,16.61,-0.32,-1.07,-0.01,1.41,1.54,1.86,243.0,TEST2RR,AKR_TEST2RR,0.0,1.0,1.0,100.0
35760,1,walk,walk,4590,,4590.0,20.0,0.0,0.0,1.0,8.74,-0.126,0.916,-2.697,32.0,25.69,0.0,59.0,1428.0,31.0,16.41,-0.31,-1.07,-0.01,1.16,-0.01,2.12,244.0,TEST2RR,AKR_TEST2RR,0.0,1.0,1.0,100.0
35760,1,walk,walk,4591,,4591.0,20.0,0.0,0.0,1.0,8.53,-0.075,7.758,0.0,32.0,25.97,0.0,4.0,1428.0,31.0,16.13,-0.31,-1.06,-0.02,0.94,-1.55,1.74,244.0,TEST2RR,AKR_TEST2RR,0.0,1.0,1.0,100.0
35780,1,walk,walk,4592,,4592.0,20.0,0.0,0.0,1.0,8.35,-0.075,-0.04,0.0,32.0,25.93,0.0,4.0,1428.0,31.0,15.77,-0.3,-1.06,-0.02,0.76,-2.92,1.02,244.0,TEST2RR,AKR_TEST2RR,0.0,1.0,1.0,100.0
35800,1,walk,walk,4593,,4593.0,20.0,0.0,0.0,1.0,8.2,-0.074,0.061,0.0,32.0,25.93,0.0,4.0,1428.0,31.0,15.34,-0.29,-1.05,-0.02,0.59,-4.02,0.18,244.0,TEST2RR,AKR_TEST2RR,0.0,1.0,1.0,100.0
35840,1,walk,walk,4594,,4594.0,20.0,0.0,0.0,1.0,8.1,-0.072,0.263,0.0,32.0,25.93,0.0,4.0,1428.0,31.0,14.86,-0.28,-1.05,-0.03,0.4,-4.78,-0.74,244.0,TEST2RR,AKR_TEST2RR,0.0,1.0,1.0,100.0
35860,1,walk,walk,4595,,4595.0,20.0,1.0,0.0,1.0,8.02,-0.067,0.452,0.0,32.0,25.93,0.0,5.0,1428.0,31.0,14.36,-0.27,-1.04,-0.03,0.18,-5.24,-1.74,244.0,TEST2RR,AKR_TEST2RR,0.0,1.0,1.0,100.0
35860,1,walk,walk,4596,,4596.0,20.0,1.0,0.0,1.0,7.98,-0.061,0.299,0.0,32.0,25.93,0.0,5.0,1428.0,31.0,13.84,-0.25,-1.03,-0.03,-0.07,-5.43,-2.87,244.0,TEST2RR,AKR_TEST2RR,0.0,1.0,1.0,100.0
35900,1,walk,walk,4597,,4597.0,20.0,1.0,0.0,1.0,7.97,-0.057,0.242,0.0,32.0,25.93,0.0,5.0,1428.0,31.0,13.29,-0.24,-1.03,-0.04,-0.35,-5.38,-4.09,244.0,TEST2RR,AKR_TEST2RR,0.0,1.0,1.0,100.0
35920,1,walk,walk,4598,,4598.0,20.0,1.0,0.0,1.0,7.97,-0.054,0.199,0.0,32.0,25.93,0.0,5.0,1428.0,31.0,12.73,-0.23,-1.02,-0.04,-0.64,-5.13,-5.38,244.0,TEST2RR,AKR_TEST2RR,0.0,1.0,1.0,100.0
35940,1,walk,walk,4599,,4599.0,20.0,1.0,0.0,1.0,7.99,-0.049,0.301,0.0,32.0,25.93,0.0,5.0,1428.0,31.0,12.13,-0.22,-1.02,-0.04,-0.9,-4.72,-6.69,244.0,TEST2RR,AKR_TEST2RR,0.0,1.0,1.0,100.0
35940,1,walk,walk,4600,,4600.0,20.0,1.0,0.0,1.0,8.02,-0.043,0.543,0.0,32.0,25.93,0.0,5.0,1428.0,31.0,11.52,-0.21,-1.02,-0.05,-1.1,-4.23,-8.0,244.0,TEST2RR,AKR_TEST2RR,0.0,1.0,1.0,100.0
35960,1,walk,walk,4601,,4601.0,20.0,1.0,0.0,1.0,8.06,-0.032,0.61,0.0,32.0,25.93,0.0,5.0,1428.0,31.0,10.9,-0.2,-1.02,-0.05,-1.24,-3.71,-9.35,244.0,TEST2RR,AKR_TEST2RR,0.0,1.0,1.0,100.0
35980,1,walk,walk,4602,,4602.0,20.0,1.0,6.0,2.0,8.09,-0.023,0.605,0.0,32.0,25.93,0.0,5.0,1428.0,31.0,10.3,-0.18,-1.02,-0.05,-1.28,-3.16,-10.77,244.0,TEST2RR,AKR_TEST2RR,0.0,1.0,1.0,100.0
36000,1,walk,walk,4603,,4603.0,20.0,0.0,6.0,2.0,8.12,-0.02,0.937,-0.14,32.0,25.9,0.0,18.0,1428.0,31.0,9.71,-0.17,-1.02,-0.06,-1.25,-2.62,-12.29,244.0,TEST2RR,AKR_TEST2RR,0.0,1.0,1.0,100.0
36040,1,walk,walk,4604,,4604.0,20.0,0.0,6.0,2.0,8.14,-0.01,0.663,-0.35,32.0,25.93,0.0,18.0,1428.0,31.0,9.13,-0.16,-1.01,-0.06,-1.13,-2.07,-13.89,244.0,TEST2RR,AKR_TEST2RR,0.0,1.0,1.0,100.0
36080,1,walk,walk,4605,,4605.0,20.0,0.0,6.0,2.0,8.14,-0.002,0.518,-0.813,32.0,25.9,0.0,18.0,1428.0,31.0,8.57,-0.15,-1.01,-0.06,-0.91,-1.48,-15.5,244.0,TEST2RR,AKR_TEST2RR,0.0,1.0,1.0,100.0
36080,1,walk,walk,4606,,4606.0,20.0,0.0,6.0,2.0,8.13,0.004,0.438,-1.279,32.0,25.9,0.0,18.0,1428.0,31.0,8.01,-0.14,-1.01,-0.07,-0.6,-0.87,-17.06,244.0,TEST2RR,AKR_TEST2RR,0.0,1.0,1.0,100.0
36100,1,walk,walk,4607,,4607.0,20.0,1.0,6.0,2.0,8.1,0.011,0.455,-1.9,32.0,25.86,0.0,19.0,1428.0,31.0,7.44,-0.13,-1.02,-0.07,-0.18,-0.21,-18.49,244.0,TEST2RR,AKR_TEST2RR,0.0,1.0,1.0,100.0
36100,1,walk,walk,4608,,4608.0,20.0,1.0,6.0,2.0,8.04,0.017,0.437,-2.404,32.0,25.83,0.0,19.0,1428.0,31.0,6.83,-0.12,-1.02,-0.07,0.35,0.48,-19.69,244.0,TEST2RR,AKR_TEST2RR,0.0,1.0,1.0,100.0
36120,1,walk,walk,4609,,4609.0,20.0,0.0,6.0,2.0,7.95,0.02,0.109,-2.678,32.0,25.79,0.0,18.0,1428.0,31.0,6.17,-0.11,-1.02,-0.07,0.98,1.2,-20.46,244.0,TEST2RR,AKR_TEST2RR,0.0,1.0,1.0,100.0
36140,1,walk,walk,4610,,4610.0,20.0,1.0,6.0,2.0,7.84,0.022,0.022,-2.585,32.0,25.79,0.0,19.0,1428.0,31.0,5.44,-0.1,-1.02,-0.08,1.73,1.82,-20.57,244.0,TEST2RR,AKR_TEST2RR,0.0,1.0,1.0,100.0
36160,1,walk,walk,4611,,4611.0,20.0,1.0,6.0,2.0,7.7,0.02,-0.295,-2.251,32.0,25.83,0.0,19.0,1428.0,31.0,4.63,-0.08,-1.02,-0.08,2.62,2.23,-19.76,244.0,TEST2RR,AKR_TEST2RR,0.0,1.0,1.0,100.0
36180,1,walk,walk,4612,,4612.0,20.0,1.0,6.0,2.0,7.54,0.014,-0.424,-1.481,32.0,25.86,0.0,19.0,1428.0,31.0,3.78,-0.07,-1.03,-0.08,3.66,2.36,-17.84,244.0,TEST2RR,AKR_TEST2RR,0.0,1.0,1.0,100.0
36200,1,walk,walk,4613,,4613.0,20.0,1.0,6.0,2.0,7.34,0.006,-0.545,-0.414,32.0,25.9,0.0,19.0,1428.0,31.0,2.93,-0.05,-1.03,-0.08,4.82,2.22,-14.71,244.0,TEST2RR,AKR_TEST2RR,0.0,1.0,1.0,100.0
36240,1,walk,walk,4614,,4614.0,20.0,1.0,6.0,2.0,7.13,0.001,-0.373,0.466,32.0,25.93,0.0,19.0,1428.0,31.0,2.11,-0.04,-1.04,-0.08,6.04,1.81,-10.43,244.0,TEST2RR,AKR_TEST2RR,0.0,1.0,1.0,100.0
36240,1,walk,walk,4615,,4615.0,20.0,1.0,6.0,2.0,6.89,-0.004,-0.267,0.816,32.0,25.9,0.0,19.0,1428.0,31.0,1.33,-0.02,-1.05,-0.08,7.2,1.12,-5.16,244.0,TEST2RR,AKR_TEST2RR,0.0,1.0,1.0,100.0
36280,1,walk,walk,4616,,4616.0,20.0,1.0,6.0,2.0,6.64,-0.004,-0.017,0.594,32.0,25.9,0.0,19.0,1428.0,31.0,0.61,-0.01,-1.06,-0.08,8.2,0.23,0.98,244.0,TEST2RR,AKR_TEST2RR,0.0,1.0,1.0,100.0
36280,1,walk,walk,4617,,4617.0,20.0,1.0,6.0,2.0,6.38,-0.004,0.026,0.39,32.0,25.93,0.0,19.0,1428.0,31.0,-0.05,0.0,-1.07,-0.08,8.93,-0.77,7.84,244.0,TEST2RR,AKR_TEST2RR,0.0,1.0,1.0,100.0
36300,1,walk,walk,4618,,4618.0,20.0,1.0,6.0,2.0,6.13,-0.003,0.195,0.146,32.0,25.9,0.0,19.0,1428.0,31.0,-0.57,0.01,-1.09,-0.08,9.36,-1.78,15.2,244.0,TEST2RR,AKR_TEST2RR,0.0,1.0,1.0,100.0
36320,1,walk,walk,4619,,4619.0,20.0,1.0,6.0,2.0,5.88,-0.001,0.143,-0.291,32.0,25.93,0.0,19.0,1428.0,31.0,-0.93,0.02,-1.1,-0.07,9.47,-2.78,22.83,244.0,TEST2RR,AKR_TEST2RR,0.0,1.0,1.0,100.0
36340,1,walk,walk,4620,,4620.0,20.0,1.0,6.0,2.0,5.66,0.002,0.143,-0.635,32.0,25.93,0.0,19.0,1428.0,31.0,-1.09,0.02,-1.12,-0.07,9.29,-3.79,30.5,244.0,TEST2RR,AKR_TEST2RR,0.0,1.0,1.0,100.0
36360,1,walk,walk,4621,,4621.0,20.0,1.0,6.0,2.0,5.47,0.005,0.174,-0.948,32.0,25.9,0.0,19.0,1428.0,31.0,-1.07,0.02,-1.13,-0.07,8.88,-4.84,37.89,244.0,TEST2RR,AKR_TEST2RR,0.0,1.0,1.0,100.0
36380,1,walk,walk,4622,,4622.0,20.0,1.0,6.0,2.0,5.32,0.007,0.144,-1.094,32.0,25.9,0.0,19.0,1428.0,31.0,-0.9,0.02,-1.14,-0.07,8.3,-5.86,44.51,244.0,TEST2RR,AKR_TEST2RR,0.0,1.0,1.0,100.0
36420,1,walk,walk,4623,,4623.0,20.0,1.0,6.0,2.0,5.22,0.007,-0.122,-0.967,32.0,25.93,0.0,19.0,1428.0,31.0,-0.69,0.01,-1.14,-0.07,7.63,-6.7,49.9,244.0,TEST2RR,AKR_TEST2RR,0.0,1.0,1.0,100.0
36440,1,walk,walk,4624,,4624.0,20.0,1.0,6.0,2.0,5.19,0.007,-0.03,-0.884,32.0,25.9,0.0,19.0,1428.0,31.0,-0.5,0.01,-1.14,-0.06,6.94,-7.19,53.69,244.0,TEST2RR,AKR_TEST2RR,0.0,1.0,1.0,100.0
36460,1,walk,walk,4625,,4625.0,20.0,1.0,6.0,2.0,5.23,0.006,-0.077,-0.642,32.0,25.9,0.0,19.0,1428.0,31.0,-0.4,0.01,-1.13,-0.06,6.27,-7.19,55.59,244.0,TEST2RR,AKR_TEST2RR,0.0,1.0,1.0,100.0
36480,1,walk,walk,4626,,4626.0,20.0,1.0,6.0,2.0,5.34,0.004,0.001,-0.456,32.0,25.93,0.0,19.0,1428.0,31.0,-0.42,0.01,-1.11,-0.06,5.63,-6.65,55.4,244.0,TEST2RR,AKR_TEST2RR,0.0,1.0,1.0,100.0
36500,1,walk,walk,4627,,4627.0,20.0,1.0,6.0,2.0,5.53,0.004,-0.04,-0.421,32.0,25.9,0.0,19.0,1428.0,31.0,-0.57,0.01,-1.09,-0.06,5.04,-5.57,53.06,244.0,TEST2RR,AKR_TEST2RR,0.0,1.0,1.0,100.0
36520,1,walk,walk,4628,,4628.0,20.0,0.0,6.0,2.0,5.79,0.003,-0.041,-0.358,32.0,25.9,0.0,18.0,1428.0,31.0,-0.82,0.02,-1.07,-0.06,4.48,-4.03,48.67,244.0,TEST2RR,AKR_TEST2RR,0.0,1.0,1.0,100.0
36520,1,walk,walk,4629,,4629.0,20.0,0.0,6.0,2.0,6.12,0.003,-0.036,-0.396,32.0,25.93,0.0,18.0,1428.0,31.0,-1.12,0.02,-1.04,-0.06,3.93,-2.16,42.4,244.0,TEST2RR,AKR_TEST2RR,0.0,1.0,1.0,100.0
36560,1,walk,walk,4630,,4630.0,20.0,1.0,1.0,5.0,6.51,0.003,0.025,-0.495,32.0,25.9,0.0,19.0,1334.0,32.0,-1.37,0.02,-1.01,-0.07,3.38,-0.18,34.52,244.0,TEST2RR,AKR_TEST2RR,0.0,1.0,1.0,100.0
36580,1,walk,walk,4631,,4631.0,20.0,0.0,1.0,5.0,6.96,0.004,0.064,-0.558,32.0,25.79,0.0,19.0,1334.0,32.0,-1.44,0.02,-0.98,-0.07,2.91,1.6,25.59,244.0,TEST2RR,AKR_TEST2RR,0.0,1.0,1.0,100.0
36580,1,walk,walk,4632,,4632.0,20.0,0.0,1.0,5.0,7.44,-0.029,-3.002,-2.45,32.0,25.69,0.0,19.0,1334.0,32.0,-1.2,0.02,-0.95,-0.08,2.57,2.96,16.16,244.0,TEST2RR,AKR_TEST2RR,0.0,1.0,1.0,100.0
36600,1,walk,walk,4633,,4633.0,20.0,0.0,1.0,5.0,7.93,-0.07,-2.447,-3.343,32.0,25.58,0.0,19.0,1334.0,32.0,-0.56,0.01,-0.92,-0.08,2.31,3.7,6.59,244.0,TEST2RR,AKR_TEST2RR,0.0,1.0,1.0,100.0
36620,1,walk,walk,4634,,4634.0,20.0,0.0,1.0,6.0,8.43,-0.102,-2.145,-3.964,32.0,25.47,0.0,19.0,1334.0,32.0,0.54,-0.01,-0.89,-0.09,1.95,3.62,-2.94,244.0,TEST2RR,AKR_TEST2RR,0.0,1.0,1.0,100.0
36660,1,walk,walk,4635,,4635.0,20.0,0.0,1.0,6.0,8.9,-0.127,-1.416,-4.997,32.0,25.33,0.0,19.0,1334.0,32.0,2.09,-0.03,-0.87,-0.1,1.37,2.69,-12.17,244.0,TEST2RR,AKR_TEST2RR,0.0,1.0,1.0,100.0
36660,1,walk,walk,4636,,4636.0,20.0,0.0,1.0,6.0,9.34,-0.142,-0.927,-5.799,32.0,25.19,0.0,19.0,1334.0,32.0,4.11,-0.06,-0.85,-0.11,0.47,1.03,-20.84,244.0,TEST2RR,AKR_TEST2RR,0.0,1.0,1.0,100.0
36680,1,walk,walk,4637,,4637.0,20.0,0.0,1.0,6.0,9.73,-0.154,-0.707,-6.508,32.0,25.09,0.0,19.0,1334.0,32.0,6.56,-0.1,-0.83,-0.12,-0.69,-1.22,-28.58,244.0,TEST2RR,AKR_TEST2RR,0.0,1.0,1.0,100.0
36700,1,walk,walk,4638,,4638.0,20.0,0.0,1.0,6.0,10.06,-0.16,-0.299,-7.227,32.0,24.95,0.0,19.0,1334.0,32.0,9.37,-0.13,-0.82,-0.13,-2.08,-3.9,-35.12,244.0,TEST2RR,AKR_TEST2RR,0.0,1.0,1.0,100.0
36740,1,walk,walk,4639,,4639.0,20.0,0.0,1.0,6.0,10.31,-0.161,0.265,-8.072,32.0,24.74,0.0,19.0,1334.0,32.0,12.06,-0.17,-0.82,-0.13,-3.29,-6.09,-39.77,245.0,TEST2RR,AKR_TEST2RR,0.0,1.0,1.0,100.0
36760,1,walk,walk,4640,,4640.0,20.0,0.0,1.0,6.0,10.48,-0.15,0.395,-9.459,32.0,24.28,0.0,19.0,1334.0,32.0,14.21,-0.21,-0.83,-0.13,-3.91,-7.08,-42.22,245.0,TEST2RR,AKR_TEST2RR,0.0,1.0,1.0,100.0
36760,1,walk,walk,4641,,4641.0,20.0,0.0,1.0,6.0,10.56,-0.141,0.863,-10.345,32.0,23.97,0.0,19.0,1334.0,32.0,15.65,-0.24,-0.86,-0.11,-3.78,-6.63,-42.36,245.0,TEST2RR,AKR_TEST2RR,0.0,1.0,1.0,100.0
36800,1,walk,walk,4642,,4642.0,20.0,0.0,3.0,7.0,10.56,-0.131,0.648,-10.517,32.0,23.79,0.0,19.0,1334.0,32.0,16.45,-0.26,-0.89,-0.1,-3.01,-4.96,-40.35,245.0,TEST2RR,AKR_TEST2RR,0.0,1.0,1.0,100.0
36800,1,walk,walk,4643,,4643.0,20.0,0.0,3.0,7.0,10.48,-0.124,0.33,-10.361,32.0,23.9,0.0,19.0,1334.0,32.0,16.81,-0.28,-0.93,-0.07,-1.86,-2.73,-36.55,245.0,TEST2RR,AKR_TEST2RR,0.0,1.0,1.0,100.0
36820,1,walk,walk,4644,,4644.0,20.0,0.0,3.0,7.0,10.32,-0.122,0.034,-9.791,32.0,24.18,0.0,19.0,1334.0,32.0,16.87,-0.29,-0.97,-0.05,-0.62,-0.48,-31.45,245.0,TEST2RR,AKR_TEST2RR,0.0,1.0,1.0,100.0
36840,1,walk,walk,4645,,4645.0,20.0,0.0,3.0,7.0,10.1,-0.122,0.107,-8.825,32.0,24.53,0.0,19.0,1334.0,32.0,16.71,-0.3,-1.0,-0.03,0.48,1.43,-25.49,245.0,TEST2RR,AKR_TEST2RR,0.0,1.0,1.0,100.0
36860,1,walk,walk,4646,,4646.0,20.0,0.0,3.0,7.0,9.82,-0.122,-0.009,-7.747,32.0,24.88,0.0,19.0,1334.0,32.0,16.42,-0.3,-1.03,-0.02,1.31,2.87,-19.15,245.0,TEST2RR,AKR_TEST2RR,0.0,1.0,1.0,100.0
36900,1,walk,walk,4647,,4647.0,20.0,0.0,3.0,7.0,9.51,-0.12,0.167,-6.541,32.0,25.19,0.0,19.0,1334.0,32.0,16.05,-0.3,-1.05,0.0,1.8,3.77,-12.95,245.0,TEST2RR,AKR_TEST2RR,0.0,1.0,1.0,100.0
36900,1,walk,walk,4648,,4648.0,20.0,0.0,3.0,7.0,9.18,-0.112,0.549,-5.608,32.0,25.44,0.0,19.0,1334.0,32.0,15.66,-0.3,-1.06,0.01,1.99,4.05,-7.4,245.0,TEST2RR,AKR_TEST2RR,0.0,1.0,1.0,100.0
36920,1,walk,walk,4649,,4649.0,20.0,0.0,0.0,1.0,8.83,-0.098,0.825,-4.134,32.0,25.65,0.0,19.0,1334.0,32.0,15.28,-0.29,-1.07,0.01,1.96,3.72,-2.89,245.0,TEST2RR,AKR_TEST2RR,0.0,1.0,1.0,100.0
36940,1,walk,walk,4650,,4650.0,20.0,0.0,0.0,1.0,8.49,-0.08,1.315,-2.801,32.0,25.65,0.0,19.0,1334.0,32.0,15.0,-0.29,-1.07,0.01,1.77,2.87,-0.19,245.0,TEST2RR,AKR_TEST2RR,0.0,1.0,1.0,100.0
36960,1,walk,walk,4651,,4651.0,20.0,0.0,0.0,1.0,8.17,-0.08,1.315,-2.801,32.0,25.65,0.0,39.0,1334.0,32.0,14.74,-0.28,-1.07,0.01,1.51,1.72,0.8,245.0,TEST2RR,AKR_TEST2RR,0.0,1.0,1.0,100.0
36980,1,walk,walk,4652,,4652.0,20.0,0.0,0.0,1.0,7.87,-0.08,1.315,-2.801,32.0,25.65,0.0,59.0,1334.0,32.0,14.43,-0.28,-1.07,0.01,1.28,0.68,0.73,245.0,TEST2RR,AKR_TEST2RR,0.0,1.0,1.0,100.0
37000,1,walk,walk,4653,,4653.0,20.0,1.0,0.0,1.0,7.61,-0.02,9.385,0.0,32.0,25.93,0.0,1.0,1334.0,32.0,14.05,-0.27,-1.07,0.0,1.12,-0.12,0.07,245.0,TEST2RR,AKR_TEST2RR,0.0,1.0,1.0,100.0
37020,1,walk,walk,4654,,4654.0,20.0,1.0,0.0,1.0,7.38,-0.019,0.087,0.0,32.0,25.93,0.0,1.0,1334.0,32.0,13.61,-0.26,-1.06,0.0,1.03,-0.62,-0.87,245.0,TEST2RR,AKR_TEST2RR,0.0,1.0,1.0,100.0
37040,1,walk,walk,4655,,4655.0,20.0,1.0,0.0,1.0,7.2,-0.019,0.002,0.0,32.0,25.93,0.0,1.0,1334.0,32.0,13.13,-0.25,-1.06,-0.01,0.96,-0.87,-1.92,245.0,TEST2RR,AKR_TEST2RR,0.0,1.0,1.0,100.0
37080,1,walk,walk,4656,,4656.0,20.0,1.0,0.0,1.0,7.05,-0.015,0.43,0.0,32.0,25.93,0.0,1.0,1334.0,32.0,12.63,-0.24,-1.05,-0.01,0.88,-0.93,-3.06,245.0,TEST2RR,AKR_TEST2RR,0.0,1.0,1.0,100.0
37080,1,walk,walk,4657,,4657.0,20.0,1.0,0.0,1.0,6.93,-0.009,0.371,0.0,32.0,25.93,0.0,1.0,1334.0,32.0,12.13,-0.22,-1.05,-0.02,0.78,-0.91,-4.32,245.0,TEST2RR,AKR_TEST2RR,0.0,1.0,1.0,100.0
37120,1,walk,walk,4658,,4658.0,20.0,1.0,0.0,1.0,6.85,-0.006,0.198,0.0,32.0,25.93,0.0,1.0,1334.0,32.0,11.63,-0.21,-1.04,-0.02,0.65,-0.87,-5.69,245.0,TEST2RR,AKR_TEST2RR,0.0,1.0,1.0,100.0
37120,1,walk,walk,4659,,4659.0,20.0,1.0,0.0,1.0,6.79,-0.002,0.209,0.0,32.0,25.93,0.0,1.0,1334.0,32.0,11.1,-0.2,-1.03,-0.02,0.51,-0.83,-7.13,245.0,TEST2RR,AKR_TEST2RR,0.0,1.0,1.0,100.0
37140,1,walk,walk,4660,,4660.0,20.0,1.0,0.0,1.0,6.75,0.003,0.401,0.0,32.0,25.93,0.0,1.0,1334.0,32.0,10.54,-0.19,-1.03,-0.03,0.4,-0.8,-8.58,245.0,TEST2RR,AKR_TEST2RR,0.0,1.0,1.0,100.0
37180,1,walk,walk,4661,,4661.0,20.0,1.0,0.0,1.0,6.72,0.003,0.401,0.0,32.0,25.93,0.0,21.0,1334.0,32.0,9.94,-0.18,-1.03,-0.03,0.35,-0.77,-10.04,245.0,TEST2RR,AKR_TEST2RR,0.0,1.0,1.0,100.0
37180,1,walk,walk,4662,,4662.0,20.0,1.0,0.0,1.0,6.71,0.012,0.739,0.0,32.0,25.93,0.0,20.0,1334.0,32.0,9.31,-0.17,-1.02,-0.04,0.43,-0.72,-11.49,245.0,TEST2RR,AKR_TEST2RR,0.0,1.0,1.0,100.0
37240,1,walk,walk,4663,,4663.0,20.0,1.0,0.0,1.0,6.69,0.022,0.604,0.0,32.0,25.93,0.0,19.0,1334.0,32.0,8.68,-0.16,-1.02,-0.04,0.65,-0.62,-12.95,245.0,TEST2RR,AKR_TEST2RR,0.0,1.0,1.0,100.0
37240,1,walk,walk,4664,,4664.0,20.0,1.0,6.0,2.0,6.67,0.031,0.629,0.0,32.0,25.93,0.0,19.0,1334.0,32.0,8.04,-0.14,-1.02,-0.04,1.02,-0.52,-14.41,245.0,TEST2RR,AKR_TEST2RR,0.0,1.0,1.0,100.0
37240,1,walk,walk,4665,,4665.0,20.0,0.0,6.0,2.0,6.65,0.043,1.365,-0.166,32.0,25.9,0.0,18.0,1334.0,32.0,7.38,-0.13,-1.02,-0.05,1.54,-0.23,-15.71,245.0,TEST2RR,AKR_TEST2RR,0.0,1.0,1.0,100.0
37260,1,walk,walk,4666,,4666.0,20.0,0.0,6.0,2.0,6.61,0.036,-0.445,-2.248,32.0,25.79,0.0,18.0,1334.0,32.0,6.7,-0.12,-1.02,-0.05,2.2,0.3,-16.63,245.0,TEST2RR,AKR_TEST2RR,0.0,1.0,1.0,100.0
37280,1,walk,walk,4667,,4667.0,20.0,0.0,6.0,2.0,6.55,0.03,-0.44,-2.711,32.0,25.76,0.0,18.0,1334.0,32.0,6.01,-0.11,-1.02,-0.05,2.99,1.01,-17.08,245.0,TEST2RR,AKR_TEST2RR,0.0,1.0,1.0,100.0
37300,1,walk,walk,4668,,4668.0,20.0,0.0,6.0,2.0,6.48,0.028,-0.018,-3.156,33.0,25.72,0.0,18.0,1334.0,32.0,5.33,-0.1,-1.02,-0.06,3.89,1.81,-17.02,245.0,TEST2RR,AKR_TEST2RR,0.0,1.0,1.0,100.0
37320,1,walk,walk,4669,,4669.0,20.0,1.0,6.0,2.0,6.39,0.028,-0.174,-3.232,33.0,25.72,0.0,19.0,1334.0,32.0,4.65,-0.08,-1.03,-0.06,4.88,2.56,-16.42,245.0,TEST2RR,AKR_TEST2RR,0.0,1.0,1.0,100.0
37360,1,walk,walk,4670,,4670.0,20.0,0.0,6.0,2.0,6.27,0.026,-0.054,-3.105,33.0,25.72,0.0,18.0,1334.0,32.0,3.97,-0.07,-1.03,-0.06,5.97,3.2,-15.27,245.0,TEST2RR,AKR_TEST2RR,0.0,1.0,1.0,100.0
37400,1,walk,walk,4671,,4671.0,20.0,1.0,6.0,2.0,6.13,0.024,-0.105,-2.827,33.0,25.76,0.0,19.0,1334.0,32.0,3.31,-0.06,-1.03,-0.06,7.12,3.68,-13.55,245.0,TEST2RR,AKR_TEST2RR,0.0,1.0,1.0,100.0
37400,1,walk,walk,4672,,4672.0,20.0,1.0,6.0,2.0,5.97,0.021,-0.285,-2.398,33.0,25.79,0.0,19.0,1334.0,32.0,2.67,-0.05,-1.03,-0.06,8.29,3.96,-11.26,245.0,TEST2RR,AKR_TEST2RR,0.0,1.0,1.0,100.0
37400,1,walk,walk,4673,,4673.0,20.0,1.0,6.0,2.0,5.8,0.018,-0.175,-2.061,33.0,25.83,0.0,19.0,1334.0,32.0,2.09,-0.04,-1.04,-0.06,9.43,4.0,-8.46,245.0,TEST2RR,AKR_TEST2RR,0.0,1.0,1.0,100.0
37440,1,walk,walk,4674,,4674.0,20.0,1.0,6.0,2.0,5.6,0.014,-0.174,-1.673,33.0,25.86,0.0,19.0,1334.0,32.0,1.59,-0.03,-1.04,-0.06,10.49,3.81,-5.26,245.0,TEST2RR,AKR_TEST2RR,0.0,1.0,1.0,100.0
37440,1,walk,walk,4675,,4675.0,20.0,1.0,6.0,2.0,5.4,0.012,-0.107,-1.342,33.0,25.9,0.0,19.0,1334.0,32.0,1.19,-0.02,-1.04,-0.05,11.45,3.42,-1.78,245.0,TEST2RR,AKR_TEST2RR,0.0,1.0,1.0,100.0
37480,1,walk,walk,4676,,4676.0,20.0,1.0,6.0,2.0,5.19,0.01,0.014,-1.214,33.0,25.9,0.0,19.0,1334.0,32.0,0.93,-0.02,-1.05,-0.05,12.25,2.79,1.83,245.0,TEST2RR,AKR_TEST2RR,0.0,1.0,1.0,100.0
37480,1,walk,walk,4677,,4677.0,20.0,1.0,6.0,2.0,4.98,0.01,0.037,-1.362,33.0,25.9,0.0,19.0,1334.0,32.0,0.81,-0.01,-1.05,-0.05,12.77,1.75,5.48,245.0,TEST2RR,AKR_TEST2RR,0.0,1.0,1.0,100.0
37500,1,walk,walk,4678,,4678.0,20.0,1.0,6.0,2.0,4.78,0.013,0.25,-1.794,33.0,25.86,0.0,19.0,1334.0,32.0,0.83,-0.02,-1.06,-0.06,12.87,0.04,9.12,245.0,TEST2RR,AKR_TEST2RR,0.0,1.0,1.0,100.0
37520,1,walk,walk,4679,,4679.0,20.0,1.0,6.0,2.0,4.59,0.015,0.095,-2.05,33.0,25.86,0.0,19.0,1334.0,32.0,1.01,-0.02,-1.07,-0.07,12.43,-2.61,12.69,245.0,TEST2RR,AKR_TEST2RR,0.0,1.0,1.0,100.0
37580,1,walk,walk,4680,,4680.0,20.0,1.0,6.0,2.0,4.42,0.018,0.084,-2.281,33.0,25.83,0.0,19.0,1334.0,32.0,1.4,-0.03,-1.08,-0.08,11.35,-6.5,16.18,245.0,TEST2RR,AKR_TEST2RR,0.0,1.0,1.0,100.0
37580,1,walk,walk,4681,,4681.0,20.0,1.0,6.0,2.0,4.27,0.018,-0.053,-2.177,33.0,25.83,0.0,19.0,1334.0,32.0,1.99,-0.04,-1.09,-0.09,9.59,-11.84,19.51,245.0,TEST2RR,AKR_TEST2RR,0.0,1.0,1.0,100.0
37600,1,walk,walk,4682,,4682.0,20.0,1.0,6.0,2.0,4.15,0.017,-0.088,-2.041,33.0,25.83,0.0,19.0,1334.0,32.0,2.75,-0.05,-1.1,-0.1,7.2,-18.59,22.58,245.0,TEST2RR,AKR_TEST2RR,0.0,1.0,1.0,100.0
37600,1,walk,walk,4683,,4683.0,20.0,1.0,6.0,2.0,4.07,0.015,-0.126,-1.71,33.0,25.86,0.0,19.0,1334.0,32.0,3.62,-0.07,-1.11,-0.11,4.29,-26.52,25.32,245.0,TEST2RR,AKR_TEST2RR,0.0,1.0,1.0,100.0
37620,1,walk,walk,4684,,4684.0,20.0,1.0,6.0,2.0,4.03,0.012,-0.199,-1.373,33.0,25.9,0.0,19.0,1334.0,32.0,4.48,-0.09,-1.12,-0.12,0.98,-35.17,27.71,245.0,TEST2RR,AKR_TEST2RR,0.0,1.0,1.0,100.0
37660,1,walk,walk,4685,,4685.0,20.0,1.0,6.0,2.0,4.03,0.01,-0.173,-1.153,33.0,25.9,0.0,19.0,1334.0,32.0,5.27,-0.1,-1.12,-0.12,-2.57,-43.9,29.69,245.0,TEST2RR,AKR_TEST2RR,0.0,1.0,1.0,100.0
37660,1,walk,walk,4686,,4686.0,20.0,1.0,6.0,2.0,4.08,0.007,-0.135,-0.869,33.0,25.9,0.0,19.0,1334.0,32.0,5.92,-0.12,-1.11,-0.12,-6.21,-52.05,31.24,245.0,TEST2RR,AKR_TEST2RR,0.0,1.0,1.0,100.0
37680,1,walk,walk,4687,,4687.0,20.0,1.0,6.0,2.0,4.17,0.006,0.005,-0.643,33.0,25.9,0.0,19.0,1334.0,32.0,6.44,-0.12,-1.1,-0.11,-9.8,-59.1,32.28,245.0,TEST2RR,AKR_TEST2RR,0.0,1.0,1.0,100.0
37740,1,walk,walk,4688,,4688.0,20.0,1.0,6.0,2.0,4.32,0.004,-0.058,-0.436,33.0,25.9,0.0,19.0,1334.0,32.0,6.82,-0.13,-1.08,-0.1,-13.23,-64.77,32.66,246.0,TEST2RR,AKR_TEST2RR,0.0,1.0,1.0,100.0
37760,1,walk,walk,4689,,4689.0,20.0,1.0,6.0,2.0,4.52,0.003,-0.087,-0.337,33.0,25.9,0.0,19.0,1334.0,32.0,7.1,-0.13,-1.06,-0.08,-16.42,-69.12,32.23,246.0,TEST2RR,AKR_TEST2RR,0.0,1.0,1.0,100.0
37760,1,walk,walk,4690,,4690.0,20.0,1.0,6.0,2.0,4.77,0.002,-0.083,-0.144,33.0,25.9,0.0,19.0,1334.0,32.0,7.33,-0.13,-1.04,-0.07,-19.27,-72.41,30.79,246.0,TEST2RR,AKR_TEST2RR,0.0,1.0,1.0,100.0
37760,1,walk,walk,4691,,4691.0,20.0,1.0,6.0,2.0,5.06,0.001,-0.107,-0.071,33.0,25.93,0.0,19.0,1334.0,32.0,7.51,-0.13,-1.01,-0.05,-21.71,-75.0,28.2,246.0,TEST2RR,AKR_TEST2RR,0.0,1.0,1.0,100.0
37780,1,walk,walk,4692,,4692.0,20.0,1.0,6.0,2.0,5.39,0.001,-0.033,-0.058,33.0,25.9,0.0,19.0,1334.0,32.0,7.68,-0.13,-0.97,-0.03,-23.68,-77.2,24.4,246.0,TEST2RR,AKR_TEST2RR,0.0,1.0,1.0,100.0
37800,1,walk,walk,4693,,4693.0,20.0,1.0,6.0,2.0,5.75,0.0,0.058,-0.084,33.0,25.9,0.0,19.0,1334.0,32.0,7.84,-0.13,-0.94,-0.02,-25.14,-79.15,19.43,246.0,TEST2RR,AKR_TEST2RR,0.0,1.0,1.0,100.0
37820,1,walk,walk,4694,,4694.0,20.0,1.0,6.0,2.0,6.14,0.001,-0.029,-0.159,33.0,25.93,0.0,19.0,1334.0,32.0,8.0,-0.13,-0.91,-0.01,-26.08,-80.82,13.43,246.0,TEST2RR,AKR_TEST2RR,0.0,1.0,1.0,100.0
37840,1,walk,walk,4695,,4695.0,20.0,1.0,1.0,5.0,6.55,0.001,-0.03,-0.238,33.0,25.9,0.0,19.0,1317.0,33.0,8.2,-0.13,-0.88,0.0,-26.48,-82.04,6.67,246.0,TEST2RR,AKR_TEST2RR,0.0,1.0,1.0,100.0
37880,1,walk,walk,4696,,4696.0,20.0,0.0,1.0,5.0,6.97,0.002,0.092,-0.399,33.0,25.83,0.0,19.0,1317.0,33.0,8.52,-0.13,-0.86,0.01,-26.31,-82.59,-0.54,246.0,TEST2RR,AKR_TEST2RR,0.0,1.0,1.0,100.0
37900,1,walk,walk,4697,,4697.0,20.0,0.0,1.0,6.0,7.37,-0.03,-2.885,-2.493,33.0,25.65,0.0,19.0,1317.0,33.0,9.04,-0.13,-0.84,0.02,-25.6,-82.28,-7.53,246.0,TEST2RR,AKR_TEST2RR,0.0,1.0,1.0,100.0
37900,1,walk,walk,4698,,4698.0,20.0,0.0,1.0,6.0,7.76,-0.07,-2.394,-3.502,33.0,25.54,0.0,19.0,1317.0,33.0,9.85,-0.14,-0.84,0.02,-24.42,-81.14,-13.76,246.0,TEST2RR,AKR_TEST2RR,0.0,1.0,1.0,100.0
37920,1,walk,walk,4699,,4699.0,20.0,0.0,1.0,6.0,8.13,-0.101,-2.008,-4.12,33.0,25.44,0.0,19.0,1317.0,33.0,10.91,-0.16,-0.83,0.02,-22.86,-79.45,-18.83,246.0,TEST2RR,AKR_TEST2RR,0.0,1.0,1.0,100.0
37940,1,walk,walk,4700,,4700.0,20.0,0.0,1.0,6.0,8.45,-0.125,-1.35,-5.18,33.0,25.3,0.0,19.0,1317.0,33.0,12.17,-0.18,-0.84,0.01,-21.04,-77.57,-22.49,246.0,TEST2RR,AKR_TEST2RR,0.0,1.0,1.0,100.0
37960,1,walk,walk,4701,,4701.0,20.0,0.0,1.0,6.0,8.72,-0.141,-0.873,-5.992,33.0,25.16,0.0,19.0,1317.0,33.0,13.55,-0.2,-0.85,0.0,-19.13,-75.85,-24.56,246.0,TEST2RR,AKR_TEST2RR,0.0,1.0,1.0,100.0
37980,1,walk,walk,4702,,4702.0,20.0,0.0,1.0,6.0,8.95,-0.152,-0.802,-6.324,33.0,25.09,0.0,19.0,1317.0,33.0,14.93,-0.23,-0.86,-0.02,-17.32,-74.51,-24.91,246.0,TEST2RR,AKR_TEST2RR,0.0,1.0,1.0,100.0
38020,1,walk,walk,4703,,4703.0,20.0,0.0,3.0,7.0,9.11,-0.161,-0.397,-6.831,33.0,25.02,0.0,19.0,1317.0,33.0,15.9,-0.25,-0.88,-0.04,-15.86,-73.74,-23.66,246.0,TEST2RR,AKR_TEST2RR,0.0,1.0,1.0,100.0
38040,1,walk,walk,4704,,4704.0,20.0,0.0,3.0,7.0,9.22,-0.168,-0.375,-7.074,33.0,24.98,0.0,19.0,1317.0,33.0,15.88,-0.26,-0.91,-0.06,-14.56,-73.27,-21.37,246.0,TEST2RR,AKR_TEST2RR,0.0,1.0,1.0,100.0
38060,1,walk,walk,4705,,4705.0,20.0,0.0,3.0,7.0,9.28,-0.165,0.413,-8.485,33.0,24.7,0.0,19.0,1317.0,33.0,14.75,-0.25,-0.94,-0.07,-13.18,-72.58,-18.48,246.0,TEST2RR,AKR_TEST2RR,0.0,1.0,1.0,100.0
38080,1,walk,walk,4706,,4706.0,20.0,0.0,3.0,7.0,9.29,-0.16,0.22,-8.123,33.0,24.81,0.0,19.0,1317.0,33.0,12.87,-0.22,-0.97,-0.08,-11.62,-71.18,-15.32,246.0,TEST2RR,AKR_TEST2RR,0.0,1.0,1.0,100.0
38080,1,walk,walk,4707,,4707.0,20.0,0.0,3.0,7.0,9.25,-0.157,0.277,-7.195,33.0,25.05,0.0,19.0,1317.0,33.0,10.64,-0.19,-1.0,-0.09,-9.94,-68.86,-12.08,246.0,TEST2RR,AKR_TEST2RR,0.0,1.0,1.0,100.0
38100,1,walk,walk,4708,,4708.0,20.0,0.0,3.0,7.0,9.18,-0.149,0.536,-6.428,33.0,25.26,0.0,19.0,1317.0,33.0,8.41,-0.15,-1.03,-0.09,-8.24,-65.71,-9.01,246.0,TEST2RR,AKR_TEST2RR,0.0,1.0,1.0,100.0
38120,1,walk,walk,4709,,4709.0,20.0,0.0,3.0,7.0,9.08,-0.135,0.798,-5.657,33.0,25.44,0.0,19.0,1317.0,33.0,6.45,-0.12,-1.05,-0.09,-6.57,-61.93,-6.31,246.0,TEST2RR,AKR_TEST2RR,0.0,1.0,1.0,100.0
38140,1,walk,walk,4710,,4710.0,20.0,0.0,3.0,7.0,8.95,-0.115,1.546,-4.836,33.0,25.65,0.0,19.0,1317.0,33.0,4.89,-0.09,-1.07,-0.08,-5.03,-57.76,-4.27,246.0,TEST2RR,AKR_TEST2RR,0.0,1.0,1.0,100.0
38160,1,walk,walk,4711,,4711.0,20.0,0.0,3.0,7.0,8.81,-0.086,1.911,-3.388,33.0,25.83,0.0,19.0,1317.0,33.0,3.8,-0.07,-1.08,-0.08,-3.64,-53.49,-3.18,246.0,TEST2RR,AKR_TEST2RR,0.0,1.0,1.0,100.0
38180,1,walk,walk,4712,,4712.0,20.0,1.0,3.0,7.0,8.65,-0.053,2.639,-1.918,33.0,25.93,0.0,20.0,1317.0,33.0,3.19,-0.06,-1.09,-0.07,-2.42,-49.38,-3.4,246.0,TEST2RR,AKR_TEST2RR,0.0,1.0,1.0,100.0
38220,1,walk,walk,4713,,4713.0,20.0,0.0,3.0,7.0,8.49,-0.012,2.479,-0.487,33.0,25.93,0.0,19.0,1317.0,33.0,2.99,-0.06,-1.09,-0.07,-1.36,-45.67,-5.14,246.0,TEST2RR,AKR_TEST2RR,0.0,1.0,1.0,100.0
38220,1,walk,walk,4714,,4714.0,20.0,0.0,3.0,7.0,8.32,0.017,1.596,-0.131,33.0,25.93,0.0,19.0,1317.0,33.0,3.07,-0.06,-1.08,-0.06,-0.42,-42.29,-8.16,246.0,TEST2RR,AKR_TEST2RR,0.0,1.0,1.0,100.0
38240,1,walk,walk,4715,,4715.0,20.0,0.0,3.0,7.0,8.15,0.033,0.608,0.429,33.0,25.9,0.0,19.0,1317.0,33.0,3.3,-0.06,-1.08,-0.06,0.38,-39.11,-12.01,246.0,TEST2RR,AKR_TEST2RR,0.0,1.0,1.0,100.0
38260,1,walk,walk,4716,,4716.0,20.0,0.0,3.0,7.0,7.97,0.041,0.559,0.04,33.0,25.9,0.0,19.0,1317.0,33.0,3.58,-0.07,-1.07,-0.06,1.03,-35.93,-16.22,246.0,TEST2RR,AKR_TEST2RR,0.0,1.0,1.0,100.0
38280,1,walk,walk,4717,,4717.0,20.0,0.0,3.0,7.0,7.79,0.05,0.812,-0.276,33.0,25.9,0.0,19.0,1317.0,33.0,3.84,-0.07,-1.06,-0.05,1.52,-32.7,-20.47,246.0,TEST2RR,AKR_TEST2RR,0.0,1.0,1.0,100.0
38300,1,walk,walk,4718,,4718.0,20.0,0.0,3.0,7.0,7.59,0.065,1.217,-0.21,33.0,25.9,0.0,19.0,1317.0,33.0,4.03,-0.07,-1.06,-0.05,1.88,-29.51,-24.59,246.0,TEST2RR,AKR_TEST2RR,0.0,1.0,1.0,100.0
38320,1,walk,walk,4719,,4719.0,20.0,0.0,3.0,7.0,7.39,0.081,0.984,-0.007,33.0,25.9,0.0,19.0,1317.0,33.0,4.09,-0.08,-1.05,-0.04,2.18,-26.4,-28.4,246.0,TEST2RR,AKR_TEST2RR,0.0,1.0,1.0,100.0
38360,1,walk,walk,4720,,4720.0,20.0,0.0,3.0,7.0,7.16,0.093,0.894,-0.246,33.0,25.9,0.0,19.0,1317.0,33.0,3.99,-0.07,-1.05,-0.04,2.53,-23.43,-31.74,246.0,TEST2RR,AKR_TEST2RR,0.0,1.0,1.0,100.0
38380,1,walk,walk,4721,,4721.0,20.0,0.0,3.0,7.0,6.91,0.105,0.775,-0.181,33.0,25.9,0.0,19.0,1317.0,33.0,3.73,-0.07,-1.04,-0.04,2.98,-20.63,-34.49,246.0,TEST2RR,AKR_TEST2RR,0.0,1.0,1.0,100.0
38400,1,walk,walk,4722,,4722.0,20.0,1.0,3.0,7.0,6.63,0.116,0.649,-0.013,33.0,25.9,0.0,20.0,1317.0,33.0,3.32,-0.06,-1.04,-0.04,3.58,-18.05,-36.52,246.0,TEST2RR,AKR_TEST2RR,0.0,1.0,1.0,100.0
38400,1,walk,walk,4723,,4723.0,20.0,0.0,3.0,7.0,6.33,0.122,0.211,0.001,33.0,25.9,0.0,19.0,1317.0,33.0,2.77,-0.05,-1.04,-0.04,4.33,-15.67,-37.68,246.0,TEST2RR,AKR_TEST2RR,0.0,1.0,1.0,100.0
38420,1,walk,walk,4724,,4724.0,20.0,0.0,3.0,7.0,5.98,0.123,0.013,-0.053,33.0,25.9,0.0,19.0,1317.0,33.0,2.12,-0.04,-1.04,-0.04,5.19,-13.51,-37.84,246.0,TEST2RR,AKR_TEST2RR,0.0,1.0,1.0,100.0
38440,1,walk,walk,4725,,4725.0,20.0,0.0,3.0,7.0,5.61,0.121,-0.087,-0.086,33.0,25.9,0.0,19.0,1317.0,33.0,1.4,-0.03,-1.04,-0.04,6.13,-11.58,-36.95,246.0,TEST2RR,AKR_TEST2RR,0.0,1.0,1.0,100.0
38460,1,walk,walk,4726,,4726.0,20.0,0.0,3.0,7.0,5.2,0.118,-0.37,-0.015,33.0,25.93,0.0,19.0,1317.0,33.0,0.63,-0.01,-1.04,-0.04,7.11,-9.85,-34.94,246.0,TEST2RR,AKR_TEST2RR,0.0,1.0,1.0,100.0
38520,1,walk,walk,4727,,4727.0,20.0,0.0,3.0,7.0,4.75,0.106,-0.894,-0.089,33.0,25.9,0.0,19.0,1317.0,33.0,-0.16,0.0,-1.04,-0.03,8.1,-8.27,-31.76,246.0,TEST2RR,AKR_TEST2RR,0.0,1.0,1.0,100.0
38540,1,walk,walk,4728,,4728.0,20.0,0.0,3.0,7.0,4.27,0.094,-0.859,-0.082,33.0,25.9,0.0,19.0,1317.0,33.0,-0.93,0.02,-1.05,-0.03,9.1,-6.81,-27.44,246.0,TEST2RR,AKR_TEST2RR,0.0,1.0,1.0,100.0
38560,1,walk,walk,4729,,4729.0,20.0,0.0,3.0,7.0,3.77,0.081,-1.041,-0.015,33.0,25.93,0.0,19.0,1317.0,33.0,-1.61,0.03,-1.05,-0.03,10.07,-5.52,-22.15,246.0,TEST2RR,AKR_TEST2RR,0.0,1.0,1.0,100.0
38560,1,walk,walk,4730,,4730.0,20.0,0.0,3.0,7.0,3.25,0.068,-0.706,-0.301,33.0,25.9,0.0,19.0,1317.0,33.0,-2.14,0.04,-1.05,-0.03,10.93,-4.42,-16.19,246.0,TEST2RR,AKR_TEST2RR,0.0,1.0,1.0,100.0
38580,1,walk,walk,4731,,4731.0,20.0,0.0,3.0,7.0,2.72,0.061,-0.346,-0.283,33.0,25.9,0.0,19.0,1317.0,33.0,-2.45,0.05,-1.05,-0.03,11.58,-3.65,-9.95,246.0,TEST2RR,AKR_TEST2RR,0.0,1.0,1.0,100.0
38580,1,walk,walk,4732,,4732.0,20.0,0.0,3.0,7.0,2.19,0.058,-0.04,-0.278,33.0,25.93,0.0,19.0,1317.0,33.0,-2.5,0.05,-1.05,-0.03,11.83,-3.63,-3.84,246.0,TEST2RR,AKR_TEST2RR,0.0,1.0,1.0,100.0
38600,1,walk,walk,4733,,4733.0,20.0,0.0,0.0,1.0,1.66,0.062,0.472,-0.355,33.0,25.9,0.0,19.0,1317.0,33.0,-2.3,0.04,-1.06,-0.03,11.54,-4.91,1.72,246.0,TEST2RR,AKR_TEST2RR,0.0,1.0,1.0,100.0
38620,1,walk,walk,4734,,4734.0,20.0,0.0,0.0,1.0,1.16,0.079,1.385,-0.272,33.0,25.9,0.0,19.0,1317.0,33.0,-1.84,0.03,-1.06,-0.05,10.63,-8.13,6.29,246.0,TEST2RR,AKR_TEST2RR,0.0,1.0,1.0,100.0
38640,1,walk,walk,4735,,4735.0,20.0,0.0,0.0,1.0,0.68,0.079,1.385,-0.272,33.0,25.9,0.0,39.0,1317.0,33.0,-1.14,0.02,-1.06,-0.06,9.06,-13.7,9.62,246.0,TEST2RR,AKR_TEST2RR,0.0,1.0,1.0,100.0
38660,1,walk,walk,4736,,4736.0,20.0,0.0,0.0,1.0,0.25,0.079,1.385,-0.272,33.0,25.9,0.0,59.0,1317.0,33.0,-0.19,0.0,-1.06,-0.09,6.78,-21.89,11.76,246.0,TEST2RR,AKR_TEST2RR,0.0,1.0,1.0,100.0
38680,1,walk,walk,4737,,4737.0,20.0,0.0,0.0,1.0,-0.14,0.124,7.428,0.0,33.0,26.0,0.0,0.0,1317.0,33.0,0.98,-0.02,-1.06,-0.11,3.87,-32.63,12.9,246.0,TEST2RR,AKR_TEST2RR,0.0,1.0,1.0,100.0
38740,1,walk,walk,4738,,4738.0,20.0,0.0,0.0,1.0,-0.48,0.123,-0.166,0.0,33.0,25.93,0.0,0.0,1317.0,33.0,2.25,-0.04,-1.06,-0.13,0.5,-45.38,13.3,247.0,TEST2RR,AKR_TEST2RR,0.0,1.0,1.0,100.0
38740,1,walk,walk,4739,,4739.0,20.0,0.0,0.0,1.0,-0.76,0.12,-0.16,0.0,33.0,25.93,0.0,0.0,1317.0,33.0,3.49,-0.07,-1.07,-0.15,-3.16,-59.2,13.4,247.0,TEST2RR,AKR_TEST2RR,0.0,1.0,1.0,100.0
38740,1,walk,walk,4740,,4740.0,20.0,0.0,0.0,1.0,-0.98,0.116,-0.391,0.0,33.0,25.93,0.0,0.0,1317.0,33.0,4.55,-0.09,-1.07,-0.16,-6.88,-72.86,13.59,247.0,TEST2RR,AKR_TEST2RR,0.0,1.0,1.0,100.0
38760,1,walk,walk,4741,,4741.0,20.0,0.0,0.0,1.0,-1.14,0.11,-0.491,0.0,33.0,25.93,0.0,0.0,1317.0,33.0,5.35,-0.1,-1.08,-0.16,-10.48,-85.03,14.2,247.0,TEST2RR,AKR_TEST2RR,0.0,1.0,1.0,100.0
38780,1,walk,walk,4742,,4742.0,20.0,0.0,0.0,1.0,-1.23,0.105,-0.171,0.0,33.0,25.93,0.0,0.0,1317.0,33.0,5.83,-0.11,-1.08,-0.14,-13.8,-94.66,15.42,247.0,TEST2RR,AKR_TEST2RR,0.0,1.0,1.0,100.0
38800,1,walk,walk,4743,,4743.0,20.0,0.0,0.0,1.0,-1.27,0.103,-0.15,0.0,33.0,25.93,0.0,0.0,1317.0,33.0,6.04,-0.11,-1.08,-0.13,-16.72,-101.2,17.23,247.0,TEST2RR,AKR_TEST2RR,0.0,1.0,1.0,100.0
38820,1,walk,walk,4744,,4744.0,20.0,0.0,0.0,1.0,-1.26,0.1,-0.224,0.0,33.0,25.93,0.0,0.0,1317.0,33.0,6.06,-0.11,-1.08,-0.1,-19.12,-104.65,19.38,247.0,TEST2RR,AKR_TEST2RR,0.0,1.0,1.0,100.0
38840,1,walk,walk,4745,,4745.0,20.0,0.0,0.0,1.0,-1.19,0.095,-0.442,0.0,33.0,25.93,0.0,0.0,1317.0,33.0,5.96,-0.11,-1.08,-0.07,-20.92,-105.54,21.55,247.0,TEST2RR,AKR_TEST2RR,0.0,1.0,1.0,100.0
38880,1,walk,walk,4746,,4746.0,20.0,0.0,0.0,1.0,-1.07,0.088,-0.609,0.0,33.0,25.93,0.0,0.0,1317.0,33.0,5.82,-0.11,-1.07,-0.05,-22.08,-104.68,23.35,247.0,TEST2RR,AKR_TEST2RR,0.0,1.0,1.0,100.0
38880,1,walk,walk,4747,,4747.0,20.0,0.0,0.0,1.0,-0.9,0.078,-0.742,0.0,33.0,25.93,0.0,0.0,1317.0,33.0,5.69,-0.11,-1.06,-0.02,-22.57,-102.89,24.42,247.0,TEST2RR,AKR_TEST2RR,0.0,1.0,1.0,100.0
38900,1,walk,walk,4748,,4748.0,20.0,0.0,0.0,1.0,-0.69,0.075,-0.112,0.0,33.0,25.93,0.0,0.0,1317.0,33.0,5.57,-0.1,-1.04,0.0,-22.42,-100.85,24.46,247.0,TEST2RR,AKR_TEST2RR,0.0,1.0,1.0,100.0
38920,1,walk,walk,4749,,4749.0,20.0,0.0,0.0,1.0,-0.43,0.075,-0.112,0.0,33.0,25.93,0.0,20.0,1317.0,33.0,5.46,-0.1,-1.02,0.02,-21.69,-98.95,23.29,247.0,TEST2RR,AKR_TEST2RR,0.0,1.0,1.0,100.0
38940,1,walk,walk,4750,,4750.0,20.0,0.0,0.0,1.0,-0.14,0.075,-0.007,0.0,33.0,25.93,0.0,19.0,1317.0,33.0,5.37,-0.09,-1.0,0.03,-20.5,-97.26,20.89,247.0,TEST2RR,AKR_TEST2RR,0.0,1.0,1.0,100.0
38960,1,walk,walk,4751,,4751.0,20.0,0.0,0.0,1.0,0.18,0.075,-0.061,0.0,33.0,25.93,0.0,19.0,1317.0,33.0,5.32,-0.09,-0.98,0.04,-18.94,-95.64,17.41,247.0,TEST2RR,AKR_TEST2RR,0.0,1.0,1.0,100.0
38980,1,walk,walk,4752,,4752.0,20.0,0.0,0.0,1.0,0.53,0.075,-0.029,0.0,33.0,25.93,0.0,19.0,1317.0,33.0,5.34,-0.09,-0.96,0.04,-17.15,-93.86,13.13,247.0,TEST2RR,AKR_TEST2RR,0.0,1.0,1.0,100.0
39000,1,walk,walk,4753,,4753.0,20.0,0.0,0.0,1.0,0.9,0.076,0.034,0.0,33.0,25.93,0.0,19.0,1317.0,33.0,5.5,-0.09,-0.94,0.04,-15.23,-91.79,8.39,247.0,TEST2RR,AKR_TEST2RR,0.0,1.0,1.0,100.0
39040,1,walk,walk,4754,,4754.0,20.0,0.0,0.0,1.0,1.28,0.078,0.171,0.0,33.0,25.93,0.0,19.0,1317.0,33.0,5.84,-0.1,-0.93,0.04,-13.29,-89.43,3.55,247.0,TEST2RR,AKR_TEST2RR,0.0,1.0,1.0,100.0
39040,1,walk,walk,4755,,4755.0,20.0,1.0,0.0,1.0,1.66,0.08,-0.017,0.0,33.0,25.93,0.0,20.0,1317.0,33.0,6.37,-0.1,-0.92,0.02,-11.41,-86.93,-1.07,247.0,TEST2RR,AKR_TEST2RR,0.0,1.0,1.0,100.0
39060,1,walk,walk,4756,,4756.0,20.0,1.0,0.0,1.0,2.03,0.083,0.279,0.0,33.0,25.93,0.0,19.0,1317.0,33.0,7.1,-0.11,-0.92,0.01,-9.66,-84.55,-5.23,247.0,TEST2RR,AKR_TEST2RR,0.0,1.0,1.0,100.0
39100,1,walk,walk,4757,,4757.0,20.0,1.0,0.0,1.0,2.39,0.087,0.465,0.0,33.0,25.93,0.0,19.0,1317.0,33.0,7.96,-0.13,-0.92,-0.01,-8.11,-82.59,-8.83,247.0,TEST2RR,AKR_TEST2RR,0.0,1.0,1.0,100.0
39100,1,walk,walk,4758,,4758.0,20.0,1.0,0.0,1.0,2.72,0.096,0.801,0.0,33.0,25.93,0.0,19.0,1317.0,33.0,8.87,-0.14,-0.92,-0.03,-6.84,-81.24,-11.85,247.0,TEST2RR,AKR_TEST2RR,0.0,1.0,1.0,100.0
39120,1,walk,walk,4759,,4759.0,20.0,1.0,0.0,1.0,3.02,0.108,0.7,0.0,33.0,25.93,0.0,19.0,1317.0,33.0,9.73,-0.16,-0.92,-0.06,-5.87,-80.61,-14.31,247.0,TEST2RR,AKR_TEST2RR,0.0,1.0,1.0,100.0
39140,1,walk,walk,4760,,4760.0,20.0,1.0,0.0,1.0,3.29,0.123,1.357,0.0,33.0,25.93,0.0,19.0,1317.0,33.0,10.35,-0.17,-0.91,-0.08,-5.2,-80.53,-16.45,247.0,TEST2RR,AKR_TEST2RR,0.0,1.0,1.0,100.0
39160,1,walk,walk,4761,,4761.0,20.0,1.0,0.0,1.0,3.52,0.12,-0.591,0.0,33.0,25.93,0.0,19.0,1317.0,33.0,10.46,-0.17,-0.91,-0.1,-4.81,-80.52,-18.58,247.0,TEST2RR,AKR_TEST2RR,0.0,1.0,1.0,100.0
39200,1,walk,walk,4762,,4762.0,20.0,1.0,0.0,1.0,3.71,0.117,-0.554,0.0,33.0,25.93,0.0,19.0,1317.0,33.0,9.97,-0.16,-0.91,-0.12,-4.65,-80.13,-20.87,247.0,TEST2RR,AKR_TEST2RR,0.0,1.0,1.0,100.0
39220,1,walk,walk,4763,,4763.0,20.0,1.0,0.0,1.0,3.86,0.104,-1.185,0.0,33.0,25.93,0.0,19.0,1317.0,33.0,8.94,-0.14,-0.92,-0.13,-4.58,-79.19,-23.31,247.0,TEST2RR,AKR_TEST2RR,0.0,1.0,1.0,100.0
39220,1,walk,walk,4764,,4764.0,20.0,1.0,0.0,1.0,3.96,0.095,-0.222,0.0,33.0,25.93,0.0,19.0,1317.0,33.0,7.44,-0.12,-0.92,-0.15,-4.43,-77.68,-25.87,247.0,TEST2RR,AKR_TEST2RR,0.0,1.0,1.0,100.0
39240,1,walk,walk,4765,,4765.0,20.0,1.0,0.0,1.0,4.01,0.096,0.155,0.0,33.0,25.93,0.0,19.0,1317.0,33.0,5.61,-0.09,-0.94,-0.16,-4.04,-75.55,-28.39,247.0,TEST2RR,AKR_TEST2RR,0.0,1.0,1.0,100.0
39280,1,walk,walk,4766,,4766.0,20.0,1.0,0.0,1.0,4.02,0.098,0.276,0.0,33.0,25.93,0.0,19.0,1317.0,33.0,3.59,-0.06,-0.96,-0.17,-3.29,-72.67,-30.61,247.0,TEST2RR,AKR_TEST2RR,0.0,1.0,1.0,100.0
39280,1,walk,walk,4767,,4767.0,20.0,1.0,0.0,1.0,3.98,0.101,-0.105,0.0,33.0,25.93,0.0,19.0,1317.0,33.0,1.57,-0.03,-0.98,-0.17,-2.26,-68.97,-32.22,247.0,TEST2RR,AKR_TEST2RR,0.0,1.0,1.0,100.0
39300,1,walk,walk,4768,,4768.0,20.0,1.0,0.0,1.0,3.89,0.101,0.003,0.0,33.0,25.93,0.0,19.0,1317.0,33.0,-0.28,0.0,-1.0,-0.16,-1.14,-64.51,-33.05,247.0,TEST2RR,AKR_TEST2RR,0.0,1.0,1.0,100.0
39340,1,walk,walk,4769,,4769.0,20.0,1.0,6.0,2.0,3.74,0.101,0.023,0.0,33.0,25.93,0.0,19.0,1317.0,33.0,-1.87,0.03,-1.02,-0.14,-0.16,-59.47,-33.02,247.0,TEST2RR,AKR_TEST2RR,0.0,1.0,1.0,100.0
39380,1,walk,walk,4770,,4770.0,20.0,0.0,6.0,2.0,3.54,0.101,0.032,-0.041,33.0,25.93,0.0,17.0,1317.0,33.0,-3.13,0.06,-1.03,-0.13,0.58,-53.97,-31.93,247.0,TEST2RR,AKR_TEST2RR,0.0,1.0,1.0,100.0
39380,1,walk,walk,4771,,4771.0,20.0,0.0,6.0,2.0,3.29,0.069,-2.309,-1.907,33.0,25.79,0.0,17.0,1317.0,33.0,-4.09,0.07,-1.05,-0.11,1.04,-48.03,-29.58,247.0,TEST2RR,AKR_TEST2RR,0.0,1.0,1.0,100.0
39380,1,walk,walk,4772,,4772.0,20.0,1.0,6.0,2.0,3.0,0.044,-1.271,-2.599,33.0,25.76,0.0,18.0,1317.0,33.0,-4.74,0.09,-1.06,-0.09,1.27,-41.9,-26.14,247.0,TEST2RR,AKR_TEST2RR,0.0,1.0,1.0,100.0
39400,1,walk,walk,4773,,4773.0,20.0,0.0,6.0,2.0,2.65,0.033,-0.377,-2.841,33.0,25.76,0.0,17.0,1317.0,33.0,-5.1,0.09,-1.06,-0.08,1.31,-35.86,-22.0,247.0,TEST2RR,AKR_TEST2RR,0.0,1.0,1.0,100.0
39420,1,walk,walk,4774,,4774.0,20.0,0.0,6.0,2.0,2.27,0.028,-0.254,-2.871,33.0,25.72,0.0,17.0,1317.0,33.0,-5.21,0.1,-1.07,-0.07,1.27,-30.17,-17.58,247.0,TEST2RR,AKR_TEST2RR,0.0,1.0,1.0,100.0
39460,1,walk,walk,4775,,4775.0,20.0,1.0,6.0,2.0,1.86,0.025,-0.199,-2.78,33.0,25.76,0.0,18.0,1317.0,33.0,-5.12,0.1,-1.07,-0.06,1.22,-25.0,-13.2,247.0,TEST2RR,AKR_TEST2RR,0.0,1.0,1.0,100.0
39480,1,walk,walk,4776,,4776.0,20.0,1.0,6.0,2.0,1.43,0.022,-0.226,-2.534,33.0,25.79,0.0,18.0,1317.0,33.0,-4.86,0.09,-1.07,-0.05,1.18,-20.42,-9.13,247.0,TEST2RR,AKR_TEST2RR,0.0,1.0,1.0,100.0
39500,1,walk,walk,4777,,4777.0,20.0,1.0,6.0,2.0,0.98,0.019,-0.136,-2.32,33.0,25.79,0.0,18.0,1317.0,33.0,-4.49,0.08,-1.06,-0.05,1.18,-16.46,-5.53,247.0,TEST2RR,AKR_TEST2RR,0.0,1.0,1.0,100.0
39500,1,walk,walk,4778,,4778.0,20.0,1.0,6.0,2.0,0.53,0.018,-0.092,-2.171,33.0,25.83,0.0,18.0,1317.0,33.0,-4.03,0.07,-1.06,-0.05,1.23,-13.13,-2.47,247.0,TEST2RR,AKR_TEST2RR,0.0,1.0,1.0,100.0
39540,1,walk,walk,4779,,4779.0,20.0,1.0,6.0,2.0,0.09,0.017,-0.069,-2.096,33.0,25.83,0.0,18.0,1317.0,33.0,-3.52,0.07,-1.06,-0.05,1.31,-10.38,0.03,247.0,TEST2RR,AKR_TEST2RR,0.0,1.0,1.0,100.0
39540,1,walk,walk,4780,,4780.0,20.0,1.0,6.0,2.0,-0.34,0.015,-0.099,-1.916,33.0,25.83,0.0,18.0,1317.0,33.0,-2.98,0.05,-1.05,-0.05,1.42,-8.17,2.02,247.0,TEST2RR,AKR_TEST2RR,0.0,1.0,1.0,100.0
39580,1,walk,walk,4781,,4781.0,20.0,1.0,6.0,2.0,-0.74,0.014,-0.093,-1.68,32.0,25.86,0.0,18.0,1317.0,33.0,-2.44,0.04,-1.05,-0.05,1.53,-6.41,3.55,247.0,TEST2RR,AKR_TEST2RR,0.0,1.0,1.0,100.0
39580,1,walk,walk,4782,,4782.0,20.0,1.0,6.0,2.0,-1.11,0.012,-0.123,-1.488,32.0,25.86,0.0,18.0,1317.0,33.0,-1.91,0.03,-1.05,-0.05,1.62,-5.05,4.69,247.0,TEST2RR,AKR_TEST2RR,0.0,1.0,1.0,100.0
39600,1,walk,walk,4783,,4783.0,20.0,1.0,6.0,2.0,-1.44,0.011,-0.146,-1.259,32.0,25.9,0.0,18.0,1317.0,33.0,-1.39,0.03,-1.04,-0.05,1.7,-4.03,5.5,247.0,TEST2RR,AKR_TEST2RR,0.0,1.0,1.0,100.0
39640,1,walk,walk,4784,,4784.0,20.0,1.0,6.0,2.0,-1.73,0.009,-0.075,-1.024,32.0,25.9,0.0,18.0,1317.0,33.0,-0.9,0.02,-1.04,-0.04,1.76,-3.27,6.04,247.0,TEST2RR,AKR_TEST2RR,0.0,1.0,1.0,100.0
39640,1,walk,walk,4785,,4785.0,20.0,1.0,6.0,2.0,-1.99,0.007,-0.044,-0.845,32.0,25.93,0.0,18.0,1317.0,33.0,-0.43,0.01,-1.04,-0.04,1.8,-2.71,6.34,247.0,TEST2RR,AKR_TEST2RR,0.0,1.0,1.0,100.0
39700,1,walk,walk,4786,,4786.0,20.0,1.0,6.0,2.0,-2.2,0.006,-0.036,-0.758,32.0,25.9,0.0,18.0,1317.0,33.0,0.02,0.0,-1.03,-0.04,1.82,-2.29,6.39,248.0,TEST2RR,AKR_TEST2RR,0.0,1.0,1.0,100.0
39700,1,walk,walk,4787,,4787.0,20.0,1.0,6.0,2.0,-2.36,0.006,-0.042,-0.685,32.0,25.9,0.0,18.0,1317.0,33.0,0.45,-0.01,-1.03,-0.04,1.81,-1.98,6.16,248.0,TEST2RR,AKR_TEST2RR,0.0,1.0,1.0,100.0
39700,1,walk,walk,4788,,4788.0,20.0,1.0,6.0,2.0,-2.49,0.005,-0.101,-0.634,32.0,25.93,0.0,18.0,1317.0,33.0,0.86,-0.02,-1.03,-0.04,1.78,-1.74,5.65,248.0,TEST2RR,AKR_TEST2RR,0.0,1.0,1.0,100.0
39720,1,walk,walk,4789,,4789.0,20.0,1.0,6.0,2.0,-2.58,0.005,-0.006,-0.653,32.0,25.9,0.0,18.0,1317.0,33.0,1.24,-0.02,-1.02,-0.04,1.73,-1.55,4.89,248.0,TEST2RR,AKR_TEST2RR,0.0,1.0,1.0,100.0
39740,1,walk,walk,4790,,4790.0,20.0,1.0,6.0,2.0,-2.63,0.005,0.034,-0.681,32.0,25.93,0.0,18.0,1317.0,33.0,1.56,-0.03,-1.02,-0.04,1.64,-1.39,3.92,248.0,TEST2RR,AKR_TEST2RR,0.0,1.0,1.0,100.0
39780,1,walk,walk,4791,,4791.0,20.0,1.0,6.0,2.0,-2.65,0.005,-0.026,-0.597,32.0,25.93,0.0,18.0,1317.0,33.0,1.8,-0.03,-1.02,-0.04,1.54,-1.22,2.87,248.0,TEST2RR,AKR_TEST2RR,0.0,1.0,1.0,100.0
39780,1,walk,walk,4792,,4792.0,20.0,1.0,6.0,2.0,-2.65,0.005,-0.017,-0.637,32.0,25.9,0.0,18.0,1317.0,33.0,1.96,-0.03,-1.02,-0.04,1.45,-1.01,1.81,248.0,TEST2RR,AKR_TEST2RR,0.0,1.0,1.0,100.0
39800,1,walk,walk,4793,,4793.0,20.0,1.0,6.0,2.0,-2.62,0.005,0.015,-0.727,32.0,25.9,0.0,18.0,1317.0,33.0,2.04,-0.04,-1.02,-0.04,1.41,-0.77,0.83,248.0,TEST2RR,AKR_TEST2RR,0.0,1.0,1.0,100.0
39820,1,walk,walk,4794,,4794.0,20.0,1.0,6.0,2.0,-2.57,0.006,-0.001,-0.828,32.0,25.9,0.0,18.0,1317.0,33.0,2.07,-0.04,-1.02,-0.04,1.43,-0.5,-0.07,248.0,TEST2RR,AKR_TEST2RR,0.0,1.0,1.0,100.0
39860,1,walk,walk,4795,,4795.0,20.0,1.0,6.0,2.0,-2.5,0.007,0.032,-0.989,32.0,25.9,0.0,18.0,1317.0,33.0,2.06,-0.04,-1.02,-0.04,1.52,-0.21,-0.86,248.0,TEST2RR,AKR_TEST2RR,0.0,1.0,1.0,100.0
39880,1,walk,walk,4796,,4796.0,20.0,1.0,6.0,2.0,-2.43,0.009,0.105,-1.148,32.0,25.9,0.0,18.0,1317.0,33.0,2.02,-0.04,-1.02,-0.04,1.68,0.07,-1.57,248.0,TEST2RR,AKR_TEST2RR,0.0,1.0,1.0,100.0
39880,1,walk,walk,4797,,4797.0,20.0,1.0,6.0,2.0,-2.34,0.01,0.169,-1.321,32.0,25.9,0.0,18.0,1317.0,33.0,1.95,-0.03,-1.02,-0.04,1.88,0.37,-2.17,248.0,TEST2RR,AKR_TEST2RR,0.0,1.0,1.0,100.0
39900,1,walk,walk,4798,,4798.0,20.0,1.0,6.0,2.0,-2.26,0.011,0.159,-1.523,32.0,25.86,0.0,18.0,1317.0,33.0,1.87,-0.03,-1.03,-0.04,2.14,0.7,-2.65,248.0,TEST2RR,AKR_TEST2RR,0.0,1.0,1.0,100.0
39940,1,walk,walk,4799,,4799.0,20.0,1.0,6.0,2.0,-2.17,0.013,0.126,-1.682,32.0,25.86,0.0,18.0,1317.0,33.0,1.76,-0.03,-1.03,-0.04,2.45,1.07,-3.04,248.0,TEST2RR,AKR_TEST2RR,0.0,1.0,1.0,100.0
39940,1,walk,walk,4800,,4800.0,20.0,1.0,6.0,2.0,-2.08,0.015,0.169,-2.059,32.0,25.83,0.0,18.0,1317.0,33.0,1.66,-0.03,-1.03,-0.04,2.83,1.49,-3.34,248.0,TEST2RR,AKR_TEST2RR,0.0,1.0,1.0,100.0
39960,1,walk,walk,4801,,4801.0,20.0,1.0,6.0,2.0,-2.0,0.019,0.216,-2.439,32.0,25.83,0.0,18.0,1317.0,33.0,1.56,-0.03,-1.03,-0.04,3.27,1.96,-3.6,248.0,TEST2RR,AKR_TEST2RR,0.0,1.0,1.0,100.0
40000,1,walk,walk,4802,,4802.0,20.0,1.0,6.0,2.0,-1.93,0.021,0.134,-2.763,32.0,25.79,0.0,18.0,1317.0,33.0,1.47,-0.03,-1.03,-0.04,3.77,2.44,-3.83,248.0,TEST2RR,AKR_TEST2RR,0.0,1.0,1.0,100.0
40020,1,walk,walk,4803,,4803.0,20.0,1.0,6.0,2.0,-1.86,0.023,0.112,-2.986,32.0,25.79,0.0,18.0,1317.0,33.0,1.39,-0.03,-1.03,-0.04,4.31,2.88,-4.01,248.0,TEST2RR,AKR_TEST2RR,0.0,1.0,1.0,100.0
40040,1,walk,walk,4804,,4804.0,20.0,1.0,6.0,2.0,-1.8,0.025,0.045,-3.194,32.0,25.72,0.0,18.0,1317.0,33.0,1.31,-0.02,-1.03,-0.04,4.89,3.16,-4.11,248.0,TEST2RR,AKR_TEST2RR,0.0,1.0,1.0,100.0
40040,1,walk,walk,4805,,4805.0,20.0,1.0,6.0,2.0,-1.74,0.026,0.002,-3.163,32.0,25.72,0.0,18.0,1317.0,33.0,1.23,-0.02,-1.04,-0.04,5.44,3.17,-4.05,248.0,TEST2RR,AKR_TEST2RR,0.0,1.0,1.0,100.0
40060,1,walk,walk,4806,,4806.0,20.0,1.0,6.0,2.0,-1.69,0.025,-0.069,-3.12,32.0,25.76,0.0,18.0,1317.0,33.0,1.16,-0.02,-1.04,-0.04,5.88,2.75,-3.77,248.0,TEST2RR,AKR_TEST2RR,0.0,1.0,1.0,100.0
40080,1,walk,walk,4807,,4807.0,20.0,1.0,6.0,2.0,-1.66,0.024,-0.04,-2.923,32.0,25.76,0.0,18.0,1317.0,33.0,1.13,-0.02,-1.04,-0.05,6.02,1.52,-3.24,248.0,TEST2RR,AKR_TEST2RR,0.0,1.0,1.0,100.0
40120,1,walk,walk,4808,,4808.0,20.0,1.0,6.0,2.0,-1.63,0.022,-0.154,-2.625,32.0,25.79,0.0,18.0,1317.0,33.0,1.17,-0.02,-1.04,-0.05,5.65,-1.04,-2.51,248.0,TEST2RR,AKR_TEST2RR,0.0,1.0,1.0,100.0
40120,1,walk,walk,4809,,4809.0,20.0,1.0,6.0,2.0,-1.6,0.02,-0.026,-2.518,32.0,25.79,0.0,18.0,1317.0,33.0,1.3,-0.02,-1.04,-0.06,4.68,-5.34,-1.64,248.0,TEST2RR,AKR_TEST2RR,0.0,1.0,1.0,100.0
40140,1,walk,walk,4810,,4810.0,20.0,1.0,6.0,2.0,-1.58,0.02,0.017,-2.501,32.0,25.79,0.0,18.0,1317.0,33.0,1.53,-0.03,-1.04,-0.07,3.15,-11.65,-0.65,248.0,TEST2RR,AKR_TEST2RR,0.0,1.0,1.0,100.0
40200,1,walk,walk,4811,,4811.0,20.0,1.0,6.0,2.0,-1.56,0.019,-0.136,-2.402,32.0,25.83,0.0,18.0,1317.0,33.0,1.9,-0.03,-1.04,-0.08,1.2,-20.04,0.4,248.0,TEST2RR,AKR_TEST2RR,0.0,1.0,1.0,100.0
40200,1,walk,walk,4812,,4812.0,20.0,1.0,6.0,2.0,-1.55,0.018,-0.144,-2.152,32.0,25.83,0.0,18.0,1317.0,33.0,2.39,-0.04,-1.04,-0.09,-1.01,-30.17,1.44,248.0,TEST2RR,AKR_TEST2RR,0.0,1.0,1.0,100.0
40200,1,walk,walk,4813,,4813.0,20.0,1.0,6.0,2.0,-1.53,0.017,-0.046,-1.989,32.0,25.83,0.0,18.0,1317.0,33.0,2.93,-0.05,-1.05,-0.1,-3.33,-41.33,2.45,248.0,TEST2RR,AKR_TEST2RR,0.0,1.0,1.0,100.0
40240,1,walk,walk,4814,,4814.0,20.0,1.0,6.0,2.0,-1.52,0.015,-0.092,-1.87,32.0,25.86,0.0,18.0,1317.0,33.0,3.45,-0.06,-1.04,-0.11,-5.61,-52.56,3.45,248.0,TEST2RR,AKR_TEST2RR,0.0,1.0,1.0,100.0
40240,1,walk,walk,4815,,4815.0,20.0,2.0,6.0,2.0,-1.49,0.015,0.034,-1.863,32.0,25.86,0.0,19.0,1317.0,33.0,3.88,-0.07,-1.04,-0.11,-7.72,-62.9,4.5,248.0,TEST2RR,AKR_TEST2RR,0.0,1.0,1.0,100.0
40260,1,walk,walk,4816,,4816.0,20.0,2.0,6.0,2.0,-1.46,0.016,0.091,-2.052,32.0,25.86,0.0,19.0,1317.0,33.0,4.2,-0.08,-1.04,-0.1,-9.52,-71.52,5.56,248.0,TEST2RR,AKR_TEST2RR,0.0,1.0,1.0,100.0
40300,1,walk,walk,4817,,4817.0,20.0,2.0,6.0,2.0,-1.42,0.017,0.062,-2.167,32.0,25.83,0.0,19.0,1317.0,33.0,4.35,-0.08,-1.03,-0.09,-10.89,-77.81,6.43,248.0,TEST2RR,AKR_TEST2RR,0.0,1.0,1.0,100.0
40320,1,walk,walk,4818,,4818.0,20.0,2.0,6.0,2.0,-1.36,0.016,0.015,-2.002,32.0,25.86,0.0,19.0,1317.0,33.0,4.28,-0.08,-1.01,-0.08,-11.74,-81.28,6.85,248.0,TEST2RR,AKR_TEST2RR,0.0,1.0,1.0,100.0
40340,1,walk,walk,4819,,4819.0,20.0,2.0,6.0,2.0,-1.29,0.016,0.01,-1.961,32.0,25.83,0.0,19.0,1317.0,33.0,3.95,-0.07,-1.0,-0.07,-12.04,-81.76,6.65,248.0,TEST2RR,AKR_TEST2RR,0.0,1.0,1.0,100.0
40360,1,walk,walk,4820,,4820.0,20.0,0.0,6.0,2.0,-1.21,0.016,-0.002,-1.936,32.0,25.86,0.0,17.0,1317.0,33.0,3.48,-0.06,-0.99,-0.05,-11.77,-79.44,5.78,248.0,TEST2RR,AKR_TEST2RR,0.0,1.0,1.0,100.0
40380,1,walk,walk,4821,,4821.0,20.0,1.0,6.0,2.0,-1.12,0.015,-0.069,-1.796,32.0,25.86,0.0,18.0,1317.0,33.0,2.98,-0.05,-0.98,-0.04,-10.96,-74.85,4.23,248.0,TEST2RR,AKR_TEST2RR,0.0,1.0,1.0,100.0
40380,1,walk,walk,4822,,4822.0,20.0,1.0,6.0,2.0,-1.01,0.014,0.037,-1.809,32.0,25.86,0.0,18.0,1317.0,33.0,2.52,-0.04,-0.97,-0.04,-9.67,-68.75,2.07,248.0,TEST2RR,AKR_TEST2RR,0.0,1.0,1.0,100.0
40400,1,walk,walk,4823,,4823.0,20.0,1.0,6.0,2.0,-0.89,0.015,0.134,-2.03,32.0,25.86,0.0,18.0,1317.0,33.0,2.07,-0.04,-0.97,-0.04,-7.96,-61.77,-0.46,248.0,TEST2RR,AKR_TEST2RR,0.0,1.0,1.0,100.0
40420,1,walk,walk,4824,,4824.0,20.0,1.0,6.0,2.0,-0.77,0.019,0.206,-2.516,32.0,25.83,0.0,18.0,1317.0,33.0,1.61,-0.03,-0.97,-0.04,-5.92,-54.42,-3.07,248.0,TEST2RR,AKR_TEST2RR,0.0,1.0,1.0,100.0
40440,1,walk,walk,4825,,4825.0,20.0,1.0,6.0,2.0,-0.65,0.02,0.03,-2.567,32.0,25.79,0.0,18.0,1317.0,33.0,1.15,-0.02,-0.98,-0.05,-3.75,-47.13,-5.49,248.0,TEST2RR,AKR_TEST2RR,0.0,1.0,1.0,100.0
40460,1,walk,walk,4826,,4826.0,20.0,1.0,6.0,2.0,-0.53,0.022,0.147,-2.779,32.0,25.79,0.0,18.0,1317.0,33.0,0.72,-0.01,-0.99,-0.05,-1.7,-40.23,-7.53,248.0,TEST2RR,AKR_TEST2RR,0.0,1.0,1.0,100.0
40480,1,walk,walk,4827,,4827.0,20.0,1.0,6.0,2.0,-0.42,0.023,-0.042,-2.809,32.0,25.76,0.0,18.0,1317.0,33.0,0.33,-0.01,-1.0,-0.05,0.03,-33.9,-9.04,248.0,TEST2RR,AKR_TEST2RR,0.0,1.0,1.0,100.0
40520,1,walk,walk,4828,,4828.0,20.0,1.0,6.0,2.0,-0.32,0.022,-0.139,-2.741,32.0,25.79,0.0,18.0,1317.0,33.0,-0.01,0.0,-1.01,-0.05,1.3,-28.27,-9.97,248.0,TEST2RR,AKR_TEST2RR,0.0,1.0,1.0,100.0
40540,1,walk,walk,4829,,4829.0,20.0,1.0,6.0,2.0,-0.24,0.022,-0.065,-2.712,32.0,25.79,0.0,18.0,1317.0,33.0,-0.28,0.0,-1.02,-0.05,2.08,-23.4,-10.33,248.0,TEST2RR,AKR_TEST2RR,0.0,1.0,1.0,100.0
40540,1,walk,walk,4830,,4830.0,20.0,1.0,6.0,2.0,-0.17,0.022,0.022,-2.696,32.0,25.79,0.0,18.0,1317.0,33.0,-0.48,0.01,-1.02,-0.05,2.39,-19.3,-10.18,248.0,TEST2RR,AKR_TEST2RR,0.0,1.0,1.0,100.0
40560,1,walk,walk,4831,,4831.0,20.0,1.0,6.0,2.0,-0.14,0.021,-0.156,-2.627,32.0,25.79,0.0,18.0,1317.0,33.0,-0.59,0.01,-1.03,-0.04,2.33,-15.96,-9.62,248.0,TEST2RR,AKR_TEST2RR,0.0,1.0,1.0,100.0
40600,1,walk,walk,4832,,4832.0,20.0,1.0,6.0,2.0,-0.12,0.021,-0.007,-2.549,32.0,25.79,0.0,18.0,1317.0,33.0,-0.64,0.01,-1.03,-0.04,2.02,-13.3,-8.75,248.0,TEST2RR,AKR_TEST2RR,0.0,1.0,1.0,100.0
40640,1,walk,walk,4833,,4833.0,20.0,1.0,6.0,2.0,-0.13,0.02,-0.069,-2.492,32.0,25.79,0.0,18.0,1317.0,33.0,-0.62,0.01,-1.03,-0.04,1.58,-11.22,-7.68,248.0,TEST2RR,AKR_TEST2RR,0.0,1.0,1.0,100.0
40640,1,walk,walk,4834,,4834.0,20.0,1.0,6.0,2.0,-0.15,0.02,-0.069,-2.462,32.0,25.83,0.0,18.0,1317.0,33.0,-0.55,0.01,-1.03,-0.04,1.1,-9.58,-6.48,248.0,TEST2RR,AKR_TEST2RR,0.0,1.0,1.0,100.0
40660,1,walk,walk,4835,,4835.0,20.0,1.0,6.0,2.0,-0.2,0.019,-0.085,-2.367,32.0,25.83,0.0,18.0,1317.0,33.0,-0.45,0.01,-1.03,-0.05,0.65,-8.29,-5.23,248.0,TEST2RR,AKR_TEST2RR,0.0,1.0,1.0,100.0
40680,1,walk,walk,4836,,4836.0,20.0,1.0,6.0,2.0,-0.26,0.018,0.061,-2.215,32.0,25.83,0.0,18.0,1317.0,33.0,-0.31,0.01,-1.03,-0.05,0.26,-7.24,-3.99,249.0,TEST2RR,AKR_TEST2RR,0.0,1.0,1.0,100.0
40700,1,walk,walk,4837,,4837.0,20.0,1.0,6.0,2.0,-0.34,0.017,-0.081,-2.071,32.0,25.83,0.0,18.0,1317.0,33.0,-0.15,0.0,-1.03,-0.05,-0.05,-6.36,-2.77,249.0,TEST2RR,AKR_TEST2RR,0.0,1.0,1.0,100.0
40700,1,walk,walk,4838,,4838.0,20.0,1.0,6.0,2.0,-0.42,0.016,-0.002,-1.879,32.0,25.86,0.0,18.0,1317.0,33.0,0.02,0.0,-1.03,-0.05,-0.28,-5.62,-1.61,249.0,TEST2RR,AKR_TEST2RR,0.0,1.0,1.0,100.0
40720,1,walk,walk,4839,,4839.0,20.0,1.0,6.0,2.0,-0.51,0.014,-0.105,-1.716,32.0,25.86,0.0,18.0,1317.0,33.0,0.19,0.0,-1.03,-0.06,-0.45,-5.0,-0.48,249.0,TEST2RR,AKR_TEST2RR,0.0,1.0,1.0,100.0
40740,1,walk,walk,4840,,4840.0,20.0,1.0,6.0,2.0,-0.6,0.012,-0.136,-1.518,32.0,25.9,0.0,18.0,1317.0,33.0,0.35,-0.01,-1.03,-0.06,-0.58,-4.49,0.62,249.0,TEST2RR,AKR_TEST2RR,0.0,1.0,1.0,100.0
40780,1,walk,walk,4841,,4841.0,20.0,1.0,6.0,2.0,-0.68,0.01,-0.186,-1.168,32.0,25.9,0.0,18.0,1317.0,33.0,0.52,-0.01,-1.03,-0.06,-0.7,-4.1,1.72,249.0,TEST2RR,AKR_TEST2RR,0.0,1.0,1.0,100.0
40780,1,walk,walk,4842,,4842.0,20.0,1.0,6.0,2.0,-0.76,0.007,-0.297,-0.794,32.0,25.9,0.0,18.0,1317.0,33.0,0.68,-0.01,-1.03,-0.06,-0.8,-3.82,2.83,249.0,TEST2RR,AKR_TEST2RR,0.0,1.0,1.0,100.0
40800,1,walk,walk,4843,,4843.0,20.0,1.0,6.0,2.0,-0.83,0.004,-0.175,-0.41,32.0,25.93,0.0,18.0,1317.0,33.0,0.83,-0.01,-1.02,-0.06,-0.91,-3.64,3.95,249.0,TEST2RR,AKR_TEST2RR,0.0,1.0,1.0,100.0
40840,1,walk,walk,4844,,4844.0,20.0,1.0,6.0,2.0,-0.89,0.002,-0.173,-0.04,32.0,25.93,0.0,18.0,1317.0,33.0,1.0,-0.02,-1.02,-0.06,-1.02,-3.56,5.05,249.0,TEST2RR,AKR_TEST2RR,0.0,1.0,1.0,100.0
40860,1,walk,walk,4845,,4845.0,20.0,1.0,6.0,2.0,-0.94,0.0,-0.199,0.19,32.0,25.9,0.0,18.0,1317.0,33.0,1.18,-0.02,-1.02,-0.07,-1.11,-3.57,6.12,249.0,TEST2RR,AKR_TEST2RR,0.0,1.0,1.0,100.0
40860,1,walk,walk,4846,,4846.0,20.0,1.0,6.0,2.0,-0.97,-0.002,-0.06,0.431,32.0,25.9,0.0,18.0,1317.0,33.0,1.4,-0.02,-1.02,-0.07,-1.14,-3.66,7.1,249.0,TEST2RR,AKR_TEST2RR,0.0,1.0,1.0,100.0
40900,1,walk,walk,4847,,4847.0,20.0,1.0,6.0,2.0,-0.99,-0.003,-0.112,0.511,32.0,25.93,0.0,18.0,1317.0,33.0,1.66,-0.03,-1.02,-0.07,-1.1,-3.77,7.89,249.0,TEST2RR,AKR_TEST2RR,0.0,1.0,1.0,100.0
40900,1,walk,walk,4848,,4848.0,20.0,1.0,6.0,2.0,-0.98,-0.004,0.053,0.548,32.0,25.9,0.0,18.0,1317.0,33.0,1.98,-0.04,-1.02,-0.07,-0.96,-3.85,8.42,249.0,TEST2RR,AKR_TEST2RR,0.0,1.0,1.0,100.0
40940,1,walk,walk,4849,,4849.0,20.0,1.0,6.0,2.0,-0.96,-0.004,0.104,0.356,32.0,25.93,0.0,18.0,1317.0,33.0,2.34,-0.04,-1.02,-0.07,-0.71,-3.85,8.54,249.0,TEST2RR,AKR_TEST2RR,0.0,1.0,1.0,100.0
40960,1,walk,walk,4850,,4850.0,20.0,1.0,6.0,2.0,-0.92,-0.003,0.123,0.19,32.0,25.93,0.0,18.0,1317.0,33.0,2.73,-0.05,-1.01,-0.08,-0.37,-3.74,8.18,249.0,TEST2RR,AKR_TEST2RR,0.0,1.0,1.0,100.0
40960,1,walk,walk,4851,,4851.0,20.0,1.0,6.0,2.0,-0.86,-0.002,0.156,-0.013,32.0,25.9,0.0,18.0,1317.0,33.0,3.11,-0.06,-1.01,-0.08,0.03,-3.5,7.26,249.0,TEST2RR,AKR_TEST2RR,0.0,1.0,1.0,100.0
40980,1,walk,walk,4852,,4852.0,20.0,1.0,6.0,2.0,-0.78,0.001,0.135,-0.359,32.0,25.9,0.0,18.0,1317.0,33.0,3.45,-0.06,-1.01,-0.08,0.45,-3.15,5.8,249.0,TEST2RR,AKR_TEST2RR,0.0,1.0,1.0,100.0
41000,1,walk,walk,4853,,4853.0,20.0,1.0,6.0,2.0,-0.69,0.003,0.248,-0.737,32.0,25.9,0.0,18.0,1317.0,33.0,3.69,-0.07,-1.01,-0.08,0.84,-2.68,3.87,249.0,TEST2RR,AKR_TEST2RR,0.0,1.0,1.0,100.0
41040,1,walk,walk,4854,,4854.0,20.0,1.0,6.0,2.0,-0.58,0.007,0.319,-1.22,32.0,25.9,0.0,18.0,1317.0,33.0,3.82,-0.07,-1.01,-0.07,1.2,-2.11,1.63,249.0,TEST2RR,AKR_TEST2RR,0.0,1.0,1.0,100.0
41060,1,walk,walk,4855,,4855.0,20.0,1.0,6.0,2.0,-0.47,0.011,0.264,-1.687,32.0,25.86,0.0,18.0,1317.0,33.0,3.82,-0.07,-1.01,-0.07,1.53,-1.47,-0.75,249.0,TEST2RR,AKR_TEST2RR,0.0,1.0,1.0,100.0
41060,1,walk,walk,4856,,4856.0,20.0,1.0,6.0,2.0,-0.34,0.015,0.24,-2.005,32.0,25.86,0.0,18.0,1317.0,33.0,3.69,-0.07,-1.01,-0.07,1.85,-0.8,-3.06,249.0,TEST2RR,AKR_TEST2RR,0.0,1.0,1.0,100.0
41080,1,walk,walk,4857,,4857.0,20.0,1.0,6.0,2.0,-0.22,0.016,0.113,-2.028,32.0,25.83,0.0,18.0,1317.0,33.0,3.44,-0.06,-1.01,-0.07,2.14,-0.14,-5.1,249.0,TEST2RR,AKR_TEST2RR,0.0,1.0,1.0,100.0
41100,1,walk,walk,4858,,4858.0,20.0,1.0,6.0,2.0,-0.09,0.016,0.009,-1.914,32.0,25.86,0.0,18.0,1317.0,33.0,3.1,-0.06,-1.02,-0.07,2.38,0.41,-6.67,249.0,TEST2RR,AKR_TEST2RR,0.0,1.0,1.0,100.0
41120,1,walk,walk,4859,,4859.0,20.0,1.0,6.0,2.0,0.03,0.014,-0.206,-1.702,32.0,25.86,0.0,18.0,1317.0,33.0,2.65,-0.05,-1.02,-0.07,2.53,0.83,-7.6,249.0,TEST2RR,AKR_TEST2RR,0.0,1.0,1.0,100.0
41140,1,walk,walk,4860,,4860.0,20.0,1.0,6.0,2.0,0.13,0.01,-0.383,-1.004,32.0,25.9,0.0,18.0,1317.0,33.0,2.13,-0.04,-1.02,-0.07,2.6,1.12,-7.7,249.0,TEST2RR,AKR_TEST2RR,0.0,1.0,1.0,100.0
41180,1,walk,walk,4861,,4861.0,20.0,1.0,6.0,2.0,0.23,0.004,-0.355,-0.175,32.0,25.9,0.0,18.0,1317.0,33.0,1.57,-0.03,-1.03,-0.07,2.61,1.25,-6.83,249.0,TEST2RR,AKR_TEST2RR,0.0,1.0,1.0,100.0
41200,1,walk,walk,4862,,4862.0,20.0,1.0,6.0,2.0,0.31,0.0,-0.369,0.495,32.0,25.93,0.0,18.0,1317.0,33.0,1.05,-0.02,-1.03,-0.07,2.57,1.22,-4.95,249.0,TEST2RR,AKR_TEST2RR,0.0,1.0,1.0,100.0
41200,1,walk,walk,4863,,4863.0,20.0,1.0,6.0,2.0,0.37,-0.004,-0.201,0.732,32.0,25.9,0.0,18.0,1317.0,33.0,0.61,-0.01,-1.04,-0.07,2.44,0.95,-2.18,249.0,TEST2RR,AKR_TEST2RR,0.0,1.0,1.0,100.0
41220,1,walk,walk,4864,,4864.0,20.0,1.0,6.0,2.0,0.42,-0.006,-0.073,0.783,32.0,25.9,0.0,18.0,1317.0,33.0,0.26,0.0,-1.05,-0.07,2.11,0.23,1.3,249.0,TEST2RR,AKR_TEST2RR,0.0,1.0,1.0,100.0
41260,1,walk,walk,4865,,4865.0,20.0,1.0,6.0,2.0,0.45,-0.005,0.126,0.453,32.0,25.9,0.0,18.0,1317.0,33.0,-0.02,0.0,-1.05,-0.07,1.5,-1.09,5.35,249.0,TEST2RR,AKR_TEST2RR,0.0,1.0,1.0,100.0
41280,1,walk,walk,4866,,4866.0,20.0,1.0,6.0,2.0,0.47,-0.004,0.08,0.221,32.0,25.9,0.0,18.0,1317.0,33.0,-0.22,0.0,-1.06,-0.08,0.56,-3.09,9.87,249.0,TEST2RR,AKR_TEST2RR,0.0,1.0,1.0,100.0
41280,1,walk,walk,4867,,4867.0,20.0,1.0,6.0,2.0,0.49,-0.001,0.225,-0.1,32.0,25.9,0.0,18.0,1317.0,33.0,-0.34,0.01,-1.07,-0.08,-0.73,-5.79,14.73,249.0,TEST2RR,AKR_TEST2RR,0.0,1.0,1.0,100.0
41320,1,walk,walk,4868,,4868.0,20.0,1.0,6.0,2.0,0.51,0.001,0.195,-0.324,32.0,25.9,0.0,18.0,1317.0,33.0,-0.34,0.01,-1.08,-0.09,-2.39,-9.19,19.78,249.0,TEST2RR,AKR_TEST2RR,0.0,1.0,1.0,100.0
41340,1,walk,walk,4869,,4869.0,20.0,1.0,6.0,2.0,0.53,0.002,0.097,-0.6,32.0,25.9,0.0,18.0,1317.0,33.0,-0.2,0.0,-1.1,-0.09,-4.36,-13.29,24.85,249.0,TEST2RR,AKR_TEST2RR,0.0,1.0,1.0,100.0
41360,1,walk,walk,4870,,4870.0,20.0,1.0,6.0,2.0,0.58,0.004,0.013,-0.587,32.0,25.9,0.0,18.0,1317.0,33.0,0.1,0.0,-1.11,-0.1,-6.55,-18.21,29.7,249.0,TEST2RR,AKR_TEST2RR,0.0,1.0,1.0,100.0
41360,1,walk,walk,4871,,4871.0,20.0,1.0,6.0,2.0,0.64,0.003,0.069,-0.339,32.0,25.93,0.0,18.0,1317.0,33.0,0.54,-0.01,-1.11,-0.1,-8.76,-24.39,33.96,249.0,TEST2RR,AKR_TEST2RR,0.0,1.0,1.0,100.0
41380,1,walk,walk,4872,,4872.0,20.0,1.0,6.0,2.0,0.74,0.002,-0.048,-0.067,32.0,25.93,0.0,18.0,1317.0,33.0,1.02,-0.02,-1.12,-0.1,-10.77,-32.11,37.1,249.0,TEST2RR,AKR_TEST2RR,0.0,1.0,1.0,100.0
41400,1,walk,walk,4873,,4873.0,20.0,1.0,6.0,2.0,0.87,0.001,-0.054,0.034,32.0,25.9,0.0,18.0,1317.0,33.0,1.38,-0.03,-1.12,-0.1,-12.42,-41.25,38.8,249.0,TEST2RR,AKR_TEST2RR,0.0,1.0,1.0,100.0
41440,1,walk,walk,4874,,4874.0,20.0,1.0,6.0,2.0,1.05,-0.001,-0.075,0.309,32.0,25.93,0.0,18.0,1317.0,33.0,1.47,-0.03,-1.11,-0.09,-13.63,-51.13,38.9,249.0,TEST2RR,AKR_TEST2RR,0.0,1.0,1.0,100.0
41440,1,walk,walk,4875,,4875.0,20.0,1.0,6.0,2.0,1.27,-0.002,-0.148,0.405,32.0,25.9,0.0,18.0,1317.0,33.0,1.23,-0.02,-1.11,-0.08,-14.43,-60.6,37.42,249.0,TEST2RR,AKR_TEST2RR,0.0,1.0,1.0,100.0
41460,1,walk,walk,4876,,4876.0,20.0,0.0,6.0,2.0,1.54,-0.003,-0.026,0.465,32.0,25.93,0.0,17.0,1317.0,33.0,0.62,-0.01,-1.09,-0.07,-14.91,-68.37,34.51,249.0,TEST2RR,AKR_TEST2RR,0.0,1.0,1.0,100.0
41520,1,walk,walk,4877,,4877.0,20.0,1.0,6.0,2.0,1.85,-0.004,-0.053,0.505,32.0,25.93,0.0,18.0,1317.0,33.0,-0.27,0.01,-1.08,-0.05,-15.16,-73.35,30.4,249.0,TEST2RR,AKR_TEST2RR,0.0,1.0,1.0,100.0
41520,1,walk,walk,4878,,4878.0,20.0,1.0,6.0,2.0,2.2,-0.004,-0.049,0.419,32.0,25.93,0.0,18.0,1317.0,33.0,-1.29,0.02,-1.06,-0.04,-15.2,-74.94,25.31,249.0,TEST2RR,AKR_TEST2RR,0.0,1.0,1.0,100.0
41520,1,walk,walk,4879,,4879.0,20.0,1.0,6.0,2.0,2.58,-0.004,0.034,0.477,32.0,25.93,0.0,18.0,1317.0,33.0,-2.26,0.04,-1.05,-0.02,-14.98,-73.17,19.45,249.0,TEST2RR,AKR_TEST2RR,0.0,1.0,1.0,100.0
41540,1,walk,walk,4880,,4880.0,20.0,1.0,0.0,5.0,2.99,-0.004,-0.079,0.462,32.0,25.9,0.0,18.0,1317.0,33.0,-2.97,0.05,-1.03,-0.01,-14.38,-68.66,13.0,249.0,TEST2RR,AKR_TEST2RR,0.0,1.0,1.0,100.0
41560,1,walk,walk,4881,,4881.0,20.0,0.0,0.0,5.0,3.4,-0.004,0.034,0.411,32.0,25.9,0.0,19.0,1317.0,33.0,-3.28,0.06,-1.01,-0.01,-13.33,-62.36,6.1,249.0,TEST2RR,AKR_TEST2RR,0.0,1.0,1.0,100.0
41600,1,walk,walk,4882,,4882.0,20.0,0.0,0.0,6.0,3.81,-0.004,0.034,0.411,32.0,25.9,0.0,39.0,1317.0,33.0,-3.12,0.05,-1.0,0.0,-11.78,-55.36,-1.13,249.0,TEST2RR,AKR_TEST2RR,0.0,1.0,1.0,100.0
41600,1,walk,walk,4883,,4883.0,20.0,0.0,0.0,6.0,4.2,-0.004,0.034,0.411,32.0,25.9,0.0,59.0,1317.0,33.0,-2.49,0.04,-0.98,-0.01,-9.81,-48.55,-8.55,249.0,TEST2RR,AKR_TEST2RR,0.0,1.0,1.0,100.0
41620,1,walk,walk,4884,,4884.0,20.0,0.0,0.0,6.0,4.56,-0.007,-0.379,0.0,32.0,26.0,0.0,1.0,1317.0,33.0,-1.46,0.02,-0.97,-0.01,-7.55,-42.42,-16.0,249.0,TEST2RR,AKR_TEST2RR,0.0,1.0,1.0,100.0
41660,1,walk,walk,4885,,4885.0,20.0,0.0,0.0,6.0,4.88,-0.007,0.181,0.0,32.0,25.93,0.0,1.0,1317.0,33.0,-0.11,0.0,-0.95,-0.02,-5.22,-37.03,-23.25,250.0,TEST2RR,AKR_TEST2RR,0.0,1.0,1.0,100.0
41680,1,walk,walk,4886,,4886.0,20.0,0.0,0.0,6.0,5.15,0.0,0.687,0.0,32.0,25.93,0.0,1.0,1317.0,33.0,1.46,-0.02,-0.93,-0.03,-3.04,-32.15,-30.03,250.0,TEST2RR,AKR_TEST2RR,0.0,1.0,1.0,100.0
41680,1,walk,walk,4887,,4887.0,20.0,0.0,0.0,6.0,5.35,0.014,1.245,0.0,32.0,25.93,0.0,1.0,1317.0,33.0,3.2,-0.05,-0.92,-0.04,-1.21,-27.52,-36.06,250.0,TEST2RR,AKR_TEST2RR,0.0,1.0,1.0,100.0
41700,1,walk,walk,4888,,4888.0,20.0,0.0,0.0,6.0,5.48,0.036,1.518,0.0,32.0,25.93,0.0,1.0,1317.0,33.0,5.07,-0.08,-0.91,-0.06,0.15,-23.01,-41.16,250.0,TEST2RR,AKR_TEST2RR,0.0,1.0,1.0,100.0
41720,1,walk,walk,4889,,4889.0,20.0,0.0,0.0,6.0,5.53,0.059,1.212,0.0,32.0,25.93,0.0,1.0,1317.0,33.0,7.06,-0.11,-0.9,-0.08,0.99,-18.73,-45.19,250.0,TEST2RR,AKR_TEST2RR,0.0,1.0,1.0,100.0
41760,1,walk,walk,4890,,4890.0,20.0,0.0,0.0,6.0,5.5,0.074,0.974,0.0,32.0,25.93,0.0,1.0,1317.0,33.0,9.13,-0.14,-0.9,-0.09,1.3,-14.93,-48.01,250.0,TEST2RR,AKR_TEST2RR,0.0,1.0,1.0,100.0
41780,1,walk,walk,4891,,4891.0,20.0,0.0,0.0,6.0,5.4,0.083,0.426,0.0,32.0,25.97,0.0,1.0,1317.0,33.0,11.24,-0.18,-0.89,-0.11,1.12,-11.9,-49.58,250.0,TEST2RR,AKR_TEST2RR,0.0,1.0,1.0,100.0
41780,1,walk,walk,4892,,4892.0,20.0,0.0,0.0,6.0,5.21,0.089,0.622,0.0,32.0,25.93,0.0,1.0,1317.0,33.0,13.28,-0.21,-0.89,-0.12,0.48,-9.85,-49.87,250.0,TEST2RR,AKR_TEST2RR,0.0,1.0,1.0,100.0
41820,1,walk,walk,4893,,4893.0,20.0,0.0,0.0,7.0,4.95,0.107,1.419,0.0,32.0,25.93,0.0,1.0,1317.0,33.0,15.07,-0.24,-0.89,-0.14,-0.56,-8.92,-49.02,250.0,TEST2RR,AKR_TEST2RR,0.0,1.0,1.0,100.0
41820,1,walk,walk,4894,,4894.0,20.0,0.0,0.0,7.0,4.63,0.133,1.376,0.0,32.0,25.93,0.0,1.0,1317.0,33.0,16.28,-0.26,-0.9,-0.15,-1.74,-8.9,-47.58,250.0,TEST2RR,AKR_TEST2RR,0.0,1.0,1.0,100.0
41860,1,walk,walk,4895,,4895.0,20.0,0.0,0.0,7.0,4.24,0.133,-0.972,0.0,32.0,25.93,0.0,1.0,1317.0,33.0,16.67,-0.27,-0.91,-0.15,-2.68,-9.62,-45.7,250.0,TEST2RR,AKR_TEST2RR,0.0,1.0,1.0,100.0
41860,1,walk,walk,4896,,4896.0,20.0,0.0,0.0,7.0,3.81,0.112,-1.552,0.0,32.0,25.93,0.0,1.0,1317.0,33.0,16.2,-0.27,-0.93,-0.15,-3.2,-10.62,-43.05,250.0,TEST2RR,AKR_TEST2RR,0.0,1.0,1.0,100.0
41880,1,walk,walk,4897,,4897.0,20.0,0.0,0.0,7.0,3.34,0.085,-1.886,0.0,32.0,25.93,0.0,1.0,1317.0,33.0,15.03,-0.26,-0.96,-0.14,-3.31,-11.45,-39.19,250.0,TEST2RR,AKR_TEST2RR,0.0,1.0,1.0,100.0
41900,1,walk,walk,4898,,4898.0,20.0,0.0,0.0,7.0,2.84,0.066,-0.801,0.0,32.0,25.93,0.0,1.0,1317.0,33.0,13.44,-0.24,-0.99,-0.13,-3.13,-11.88,-33.99,250.0,TEST2RR,AKR_TEST2RR,0.0,1.0,1.0,100.0
41920,1,walk,walk,4899,,4899.0,20.0,0.0,0.0,7.0,2.32,0.052,-1.008,0.0,32.0,25.93,0.0,1.0,1317.0,33.0,11.72,-0.21,-1.01,-0.11,-2.82,-11.86,-27.73,250.0,TEST2RR,AKR_TEST2RR,0.0,1.0,1.0,100.0
41940,1,walk,walk,4900,,4900.0,20.0,0.0,0.0,7.0,1.8,0.041,-0.716,0.0,32.0,25.93,0.0,1.0,1317.0,33.0,10.05,-0.18,-1.03,-0.1,-2.49,-11.47,-20.85,250.0,TEST2RR,AKR_TEST2RR,0.0,1.0,1.0,100.0
41960,1,walk,walk,4901,,4901.0,20.0,0.0,0.0,7.0,1.28,0.031,-0.737,0.0,32.0,25.93,0.0,1.0,1317.0,33.0,8.56,-0.16,-1.05,-0.09,-2.16,-10.8,-13.85,250.0,TEST2RR,AKR_TEST2RR,0.0,1.0,1.0,100.0
42000,1,walk,walk,4902,,4902.0,20.0,0.0,0.0,7.0,0.78,0.023,-0.451,0.0,32.0,25.93,0.0,1.0,1317.0,33.0,7.3,-0.14,-1.06,-0.08,-1.84,-9.91,-7.18,250.0,TEST2RR,AKR_TEST2RR,0.0,1.0,1.0,100.0
42000,1,walk,walk,4903,,4903.0,20.0,0.0,0.0,1.0,0.3,0.02,-0.108,0.0,32.0,25.93,0.0,1.0,1317.0,33.0,6.28,-0.12,-1.07,-0.07,-1.51,-8.9,-1.24,250.0,TEST2RR,AKR_TEST2RR,0.0,1.0,1.0,100.0
42020,1,walk,walk,4904,,4904.0,20.0,0.0,0.0,1.0,-0.15,0.018,-0.13,0.0,32.0,25.93,0.0,1.0,1317.0,33.0,5.49,-0.1,-1.07,-0.07,-1.15,-7.85,3.7,250.0,TEST2RR,AKR_TEST2RR,0.0,1.0,1.0,100.0
42040,1,walk,walk,4905,,4905.0,20.0,0.0,0.0,1.0,-0.55,0.018,-0.045,0.0,32.0,25.93,0.0,1.0,1317.0,33.0,4.89,-0.09,-1.07,-0.07,-0.78,-6.8,7.48,250.0,TEST2RR,AKR_TEST2RR,0.0,1.0,1.0,100.0
42060,1,walk,walk,4906,,4906.0,20.0,0.0,0.0,1.0,-0.91,0.019,-0.037,0.0,32.0,25.97,0.0,1.0,1317.0,33.0,4.45,-0.08,-1.07,-0.06,-0.42,-5.78,10.06,250.0,TEST2RR,AKR_TEST2RR,0.0,1.0,1.0,100.0
42080,1,walk,walk,4907,,4907.0,20.0,0.0,0.0,1.0,-1.21,0.021,0.326,0.0,32.0,25.93,0.0,1.0,1317.0,33.0,4.16,-0.08,-1.06,-0.06,-0.13,-4.82,11.43,250.0,TEST2RR,AKR_TEST2RR,0.0,1.0,1.0,100.0
42100,1,walk,walk,4908,,4908.0,20.0,0.0,0.0,1.0,-1.45,0.025,0.296,0.0,32.0,25.93,0.0,1.0,1317.0,33.0,3.96,-0.07,-1.06,-0.06,0.07,-3.93,11.66,250.0,TEST2RR,AKR_TEST2RR,0.0,1.0,1.0,100.0
42140,1,walk,walk,4909,,4909.0,20.0,0.0,0.0,1.0,-1.64,0.03,0.334,0.0,32.0,25.97,0.0,1.0,1317.0,33.0,3.82,-0.07,-1.05,-0.06,0.18,-3.11,10.88,250.0,TEST2RR,AKR_TEST2RR,0.0,1.0,1.0,100.0
42160,1,walk,walk,4910,,4910.0,20.0,0.0,0.0,1.0,-1.77,0.036,0.445,0.0,32.0,25.93,0.0,1.0,1317.0,33.0,3.7,-0.07,-1.04,-0.07,0.2,-2.38,9.29,250.0,TEST2RR,AKR_TEST2RR,0.0,1.0,1.0,100.0
42160,1,walk,walk,4911,,4911.0,20.0,0.0,0.0,1.0,-1.84,0.044,0.399,0.0,32.0,25.93,0.0,1.0,1317.0,33.0,3.56,-0.06,-1.04,-0.07,0.19,-1.75,7.08,250.0,TEST2RR,AKR_TEST2RR,0.0,1.0,1.0,100.0
42180,1,walk,walk,4912,,4912.0,20.0,0.0,0.0,1.0,-1.86,0.051,0.485,0.0,32.0,25.97,0.0,1.0,1317.0,33.0,3.37,-0.06,-1.04,-0.07,0.17,-1.22,4.48,250.0,TEST2RR,AKR_TEST2RR,0.0,1.0,1.0,100.0
42200,1,walk,walk,4913,,4913.0,20.0,0.0,0.0,1.0,-1.84,0.058,0.429,0.0,32.0,25.93,0.0,1.0,1317.0,33.0,3.13,-0.06,-1.03,-0.07,0.17,-0.75,1.69,250.0,TEST2RR,AKR_TEST2RR,0.0,1.0,1.0,100.0
42240,1,walk,walk,4914,,4914.0,20.0,1.0,0.0,1.0,-1.78,0.066,0.485,0.0,32.0,25.93,0.0,2.0,1317.0,33.0,2.83,-0.05,-1.03,-0.07,0.2,-0.35,-1.08,250.0,TEST2RR,AKR_TEST2RR,0.0,1.0,1.0,100.0
42240,1,walk,walk,4915,,4915.0,20.0,1.0,0.0,1.0,-1.7,0.071,0.173,0.0,32.0,25.93,0.0,2.0,1317.0,33.0,2.48,-0.04,-1.03,-0.07,0.25,0.0,-3.69,250.0,TEST2RR,AKR_TEST2RR,0.0,1.0,1.0,100.0
42260,1,walk,walk,4916,,4916.0,20.0,1.0,0.0,1.0,-1.6,0.071,-0.079,0.0,32.0,25.93,0.0,2.0,1317.0,33.0,2.07,-0.04,-1.03,-0.08,0.36,0.27,-5.91,250.0,TEST2RR,AKR_TEST2RR,0.0,1.0,1.0,100.0
42300,1,walk,walk,4917,,4917.0,20.0,1.0,0.0,1.0,-1.49,0.07,-0.254,0.0,32.0,25.93,0.0,2.0,1317.0,33.0,1.6,-0.03,-1.03,-0.08,0.54,0.46,-7.52,250.0,TEST2RR,AKR_TEST2RR,0.0,1.0,1.0,100.0
42340,1,walk,walk,4918,,4918.0,20.0,1.0,0.0,1.0,-1.38,0.058,-1.232,0.0,32.0,25.93,0.0,2.0,1317.0,33.0,1.08,-0.02,-1.03,-0.08,0.81,0.55,-8.28,250.0,TEST2RR,AKR_TEST2RR,0.0,1.0,1.0,100.0
42340,1,walk,walk,4919,,4919.0,20.0,1.0,0.0,1.0,-1.27,0.036,-1.521,0.0,32.0,25.93,0.0,2.0,1317.0,33.0,0.5,-0.01,-1.03,-0.08,1.22,0.58,-7.87,250.0,TEST2RR,AKR_TEST2RR,0.0,1.0,1.0,100.0
42340,1,walk,walk,4920,,4920.0,20.0,0.0,0.0,1.0,-1.17,0.005,-2.122,0.0,32.0,25.93,0.0,1.0,1317.0,33.0,-0.12,0.0,-1.03,-0.09,1.79,0.62,-5.93,250.0,TEST2RR,AKR_TEST2RR,0.0,1.0,1.0,100.0
42360,1,walk,walk,4921,,4921.0,20.0,0.0,0.0,1.0,-1.08,-0.032,-2.872,0.0,32.0,25.93,0.0,1.0,1317.0,33.0,-0.77,0.01,-1.04,-0.09,2.58,0.57,-2.18,250.0,TEST2RR,AKR_TEST2RR,0.0,1.0,1.0,100.0
42380,1,walk,walk,4922,,4922.0,20.0,0.0,0.0,1.0,-1.01,-0.075,-2.859,0.0,32.0,25.93,0.0,1.0,1317.0,33.0,-1.4,0.03,-1.04,-0.09,3.58,0.47,3.58,250.0,TEST2RR,AKR_TEST2RR,0.0,1.0,1.0,100.0
42400,1,walk,walk,4923,,4923.0,20.0,0.0,0.0,1.0,-0.96,-0.114,-2.091,0.0,32.0,25.93,0.0,1.0,1317.0,33.0,-1.97,0.04,-1.05,-0.09,4.64,0.26,11.32,250.0,TEST2RR,AKR_TEST2RR,0.0,1.0,1.0,100.0
42440,1,walk,walk,4924,,4924.0,20.0,0.0,0.0,1.0,-0.91,-0.116,1.078,0.0,32.0,25.93,0.0,1.0,1317.0,33.0,-2.46,0.05,-1.06,-0.1,5.52,-0.29,20.56,250.0,TEST2RR,AKR_TEST2RR,0.0,1.0,1.0,100.0
42460,1,walk,walk,4925,,4925.0,20.0,0.0,0.0,1.0,-0.86,-0.085,2.545,0.0,32.0,25.93,0.0,1.0,1317.0,33.0,-2.84,0.05,-1.08,-0.1,6.02,-1.34,30.47,250.0,TEST2RR,AKR_TEST2RR,0.0,1.0,1.0,100.0
42460,1,walk,walk,4926,,4926.0,20.0,0.0,0.0,1.0,-0.81,-0.049,2.218,0.0,32.0,25.93,0.0,1.0,1317.0,33.0,-3.07,0.06,-1.1,-0.1,5.98,-3.0,40.22,250.0,TEST2RR,AKR_TEST2RR,0.0,1.0,1.0,100.0
42480,1,walk,walk,4927,,4927.0,20.0,0.0,0.0,1.0,-0.73,-0.02,1.651,0.0,32.0,25.93,0.0,1.0,1317.0,33.0,-3.11,0.06,-1.12,-0.1,5.37,-5.42,49.16,250.0,TEST2RR,AKR_TEST2RR,0.0,1.0,1.0,100.0
42520,1,walk,walk,4928,,4928.0,20.0,0.0,0.0,1.0,-0.62,0.002,0.69,0.0,32.0,25.93,0.0,1.0,1317.0,33.0,-2.96,0.06,-1.15,-0.1,4.25,-8.7,56.78,250.0,TEST2RR,AKR_TEST2RR,0.0,1.0,1.0,100.0
42520,1,walk,walk,4929,,4929.0,20.0,0.0,0.0,1.0,-0.47,-0.002,-0.413,0.0,32.0,25.93,0.0,1.0,1317.0,33.0,-2.65,0.05,-1.16,-0.1,2.79,-12.74,62.65,250.0,TEST2RR,AKR_TEST2RR,0.0,1.0,1.0,100.0
42560,1,walk,walk,4930,,4930.0,20.0,0.0,0.0,1.0,-0.26,-0.005,-0.002,0.0,32.0,25.93,0.0,1.0,1317.0,33.0,-2.31,0.05,-1.17,-0.1,1.2,-17.42,66.39,250.0,TEST2RR,AKR_TEST2RR,0.0,1.0,1.0,100.0
42560,1,walk,walk,4931,,4931.0,20.0,0.0,0.0,1.0,0.01,-0.01,-0.469,0.0,32.0,25.93,0.0,1.0,1317.0,33.0,-2.05,0.04,-1.17,-0.1,-0.33,-22.42,67.72,250.0,TEST2RR,AKR_TEST2RR,0.0,1.0,1.0,100.0
42580,1,walk,walk,4932,,4932.0,20.0,0.0,0.0,1.0,0.36,-0.019,-0.872,0.0,32.0,25.93,0.0,1.0,1317.0,33.0,-1.94,0.04,-1.16,-0.09,-1.69,-27.17,66.54,250.0,TEST2RR,AKR_TEST2RR,0.0,1.0,1.0,100.0
42640,1,walk,walk,4933,,4933.0,20.0,0.0,0.0,1.0,0.79,-0.035,-0.867,0.0,32.0,25.93,0.0,1.0,1317.0,33.0,-2.06,0.04,-1.14,-0.08,-2.79,-30.95,62.96,251.0,TEST2RR,AKR_TEST2RR,0.0,1.0,1.0,100.0
42640,1,walk,walk,4934,,4934.0,20.0,0.0,0.0,1.0,1.29,-0.045,-0.677,0.0,32.0,25.93,0.0,1.0,1317.0,33.0,-2.39,0.05,-1.12,-0.07,-3.59,-33.07,57.19,251.0,TEST2RR,AKR_TEST2RR,0.0,1.0,1.0,100.0
42640,1,walk,walk,4935,,4935.0,20.0,0.0,0.0,1.0,1.85,-0.057,-0.55,0.0,32.0,25.93,0.0,1.0,1317.0,33.0,-2.9,0.06,-1.09,-0.06,-4.06,-33.0,49.6,251.0,TEST2RR,AKR_TEST2RR,0.0,1.0,1.0,100.0
42660,1,walk,walk,4936,,4936.0,20.0,0.0,0.0,1.0,2.48,-0.06,-0.022,0.0,32.0,25.93,0.0,1.0,1317.0,33.0,-3.46,0.06,-1.06,-0.06,-4.15,-30.53,40.57,251.0,TEST2RR,AKR_TEST2RR,0.0,1.0,1.0,100.0
42680,1,walk,walk,4937,,4937.0,20.0,0.0,0.0,1.0,3.15,-0.06,-0.057,0.0,32.0,25.93,0.0,1.0,1317.0,33.0,-3.94,0.07,-1.03,-0.05,-3.79,-25.8,30.54,251.0,TEST2RR,AKR_TEST2RR,0.0,1.0,1.0,100.0
42720,1,walk,walk,4938,,4938.0,20.0,0.0,0.0,1.0,3.85,-0.06,-0.017,0.0,32.0,25.93,0.0,1.0,1317.0,33.0,-4.16,0.07,-1.01,-0.04,-2.96,-19.3,19.94,251.0,TEST2RR,AKR_TEST2RR,0.0,1.0,1.0,100.0
42720,1,walk,walk,4939,,4939.0,20.0,0.0,0.0,1.0,4.57,-0.06,0.007,0.0,32.0,25.93,0.0,1.0,1317.0,33.0,-3.98,0.07,-0.99,-0.04,-1.64,-11.75,9.22,251.0,TEST2RR,AKR_TEST2RR,0.0,1.0,1.0,100.0
42760,1,walk,walk,4940,,4940.0,20.0,1.0,0.0,1.0,5.26,-0.06,0.041,0.0,32.0,25.93,0.0,2.0,1317.0,33.0,-3.33,0.06,-0.98,-0.04,0.05,-3.93,-1.24,251.0,TEST2RR,AKR_TEST2RR,0.0,1.0,1.0,100.0
42800,1,walk,walk,4941,,4941.0,20.0,1.0,6.0,2.0,5.93,-0.06,0.087,0.0,32.0,25.93,0.0,2.0,1317.0,33.0,-2.18,0.04,-0.97,-0.05,1.95,3.45,-11.11,251.0,TEST2RR,AKR_TEST2RR,0.0,1.0,1.0,100.0
42800,1,walk,walk,4942,,4942.0,20.0,0.0,6.0,2.0,6.55,-0.059,0.054,0.021,32.0,25.93,0.0,17.0,1317.0,33.0,-0.6,0.01,-0.96,-0.06,3.81,9.81,-20.25,251.0,TEST2RR,AKR_TEST2RR,0.0,1.0,1.0,100.0
42800,1,walk,walk,4943,,4943.0,20.0,0.0,6.0,2.0,7.1,-0.039,1.533,0.809,32.0,25.9,0.0,17.0,1317.0,33.0,1.29,-0.02,-0.95,-0.07,5.38,14.8,-28.58,251.0,TEST2RR,AKR_TEST2RR,0.0,1.0,1.0,100.0
42820,1,walk,walk,4944,,4944.0,20.0,0.0,6.0,2.0,7.57,-0.023,0.749,1.123,32.0,25.9,0.0,17.0,1317.0,33.0,3.39,-0.06,-0.95,-0.08,6.47,18.25,-35.92,251.0,TEST2RR,AKR_TEST2RR,0.0,1.0,1.0,100.0
42840,1,walk,walk,4945,,4945.0,20.0,0.0,6.0,2.0,7.94,-0.014,0.575,0.875,32.0,25.9,0.0,17.0,1317.0,33.0,5.57,-0.09,-0.94,-0.1,6.97,20.13,-42.1,251.0,TEST2RR,AKR_TEST2RR,0.0,1.0,1.0,100.0
42860,1,walk,walk,4946,,4946.0,20.0,1.0,6.0,2.0,8.2,-0.008,0.291,0.564,32.0,25.9,0.0,18.0,1317.0,33.0,7.72,-0.13,-0.94,-0.11,6.88,20.53,-46.95,251.0,TEST2RR,AKR_TEST2RR,0.0,1.0,1.0,100.0
42880,1,walk,walk,4947,,4947.0,20.0,1.0,6.0,2.0,8.36,-0.005,0.123,0.308,32.0,25.93,0.0,18.0,1317.0,33.0,9.72,-0.16,-0.93,-0.12,6.26,19.68,-50.41,251.0,TEST2RR,AKR_TEST2RR,0.0,1.0,1.0,100.0
42900,1,walk,walk,4948,,4948.0,20.0,0.0,6.0,2.0,8.42,-0.003,0.038,0.232,32.0,25.93,0.0,17.0,1317.0,33.0,11.52,-0.19,-0.93,-0.13,5.24,17.87,-52.54,251.0,TEST2RR,AKR_TEST2RR,0.0,1.0,1.0,100.0
42920,1,walk,walk,4949,,4949.0,20.0,1.0,6.0,2.0,8.36,-0.001,0.155,0.005,32.0,25.93,0.0,18.0,1317.0,33.0,13.06,-0.21,-0.92,-0.14,3.93,15.43,-53.43,251.0,TEST2RR,AKR_TEST2RR,0.0,1.0,1.0,100.0
42960,1,walk,walk,4950,,4950.0,20.0,1.0,6.0,2.0,8.2,0.0,0.178,-0.229,32.0,25.93,0.0,18.0,1317.0,33.0,14.32,-0.23,-0.92,-0.14,2.46,12.68,-53.25,251.0,TEST2RR,AKR_TEST2RR,0.0,1.0,1.0,100.0
42960,1,walk,walk,4951,,4951.0,20.0,1.0,6.0,2.0,7.95,0.002,0.156,-0.489,32.0,25.9,0.0,18.0,1317.0,33.0,15.29,-0.25,-0.91,-0.13,0.92,9.91,-52.17,251.0,TEST2RR,AKR_TEST2RR,0.0,1.0,1.0,100.0
43000,1,walk,walk,4952,,4952.0,20.0,1.0,6.0,2.0,7.61,0.004,0.122,-0.804,32.0,25.9,0.0,18.0,1317.0,33.0,16.01,-0.26,-0.91,-0.13,-0.59,7.35,-50.35,251.0,TEST2RR,AKR_TEST2RR,0.0,1.0,1.0,100.0
43000,1,walk,walk,4953,,4953.0,20.0,1.0,6.0,2.0,7.19,0.007,0.366,-1.175,32.0,25.9,0.0,18.0,1317.0,33.0,16.5,-0.27,-0.91,-0.13,-2.01,5.1,-47.93,251.0,TEST2RR,AKR_TEST2RR,0.0,1.0,1.0,100.0
43020,1,walk,walk,4954,,4954.0,20.0,1.0,6.0,2.0,6.72,0.011,0.338,-1.661,32.0,25.9,0.0,18.0,1317.0,33.0,16.82,-0.27,-0.91,-0.12,-3.29,3.17,-45.04,251.0,TEST2RR,AKR_TEST2RR,0.0,1.0,1.0,100.0
43040,1,walk,walk,4955,,4955.0,20.0,1.0,6.0,2.0,6.2,0.014,0.126,-1.989,32.0,25.86,0.0,18.0,1317.0,33.0,17.01,-0.28,-0.91,-0.11,-4.42,1.5,-41.78,251.0,TEST2RR,AKR_TEST2RR,0.0,1.0,1.0,100.0
43060,1,walk,walk,4956,,4956.0,20.0,1.0,6.0,2.0,5.64,0.019,0.386,-2.674,32.0,25.83,0.0,18.0,1317.0,33.0,16.82,-0.28,-0.92,-0.11,-5.26,0.25,-38.25,251.0,TEST2RR,AKR_TEST2RR,0.0,1.0,1.0,100.0
43100,1,walk,walk,4957,,4957.0,20.0,1.0,6.0,2.0,5.05,0.029,0.628,-4.037,32.0,25.65,0.0,18.0,1317.0,33.0,16.05,-0.27,-0.93,-0.1,-5.6,-0.48,-34.37,251.0,TEST2RR,AKR_TEST2RR,0.0,1.0,1.0,100.0
43120,1,walk,walk,4958,,4958.0,20.0,1.0,6.0,2.0,4.46,0.036,0.424,-4.898,32.0,25.51,0.0,18.0,1317.0,33.0,14.75,-0.25,-0.95,-0.09,-5.41,-0.59,-30.03,251.0,TEST2RR,AKR_TEST2RR,0.0,1.0,1.0,100.0
43120,1,walk,walk,4959,,4959.0,20.0,1.0,6.0,2.0,3.87,0.042,0.092,-5.265,32.0,25.44,0.0,18.0,1317.0,33.0,13.15,-0.23,-0.98,-0.08,-4.81,-0.27,-25.2,251.0,TEST2RR,AKR_TEST2RR,0.0,1.0,1.0,100.0
43140,1,walk,walk,4960,,4960.0,20.0,1.0,6.0,2.0,3.28,0.041,-0.06,-4.927,31.0,25.47,0.0,18.0,1317.0,33.0,11.45,-0.2,-1.01,-0.07,-3.97,0.21,-19.94,251.0,TEST2RR,AKR_TEST2RR,0.0,1.0,1.0,100.0
43160,1,walk,walk,4961,,4961.0,20.0,1.0,6.0,2.0,2.72,0.036,-0.586,-3.993,31.0,25.58,0.0,18.0,1317.0,33.0,9.81,-0.18,-1.03,-0.06,-3.1,0.61,-14.32,251.0,TEST2RR,AKR_TEST2RR,0.0,1.0,1.0,100.0
43200,1,walk,walk,4962,,4962.0,20.0,1.0,6.0,2.0,2.18,0.028,-0.601,-2.912,32.0,25.72,0.0,18.0,1317.0,33.0,8.35,-0.15,-1.06,-0.06,-2.35,0.79,-8.48,251.0,TEST2RR,AKR_TEST2RR,0.0,1.0,1.0,100.0
43200,1,walk,walk,4963,,4963.0,20.0,1.0,6.0,2.0,1.68,0.019,-0.621,-2.041,32.0,25.83,0.0,18.0,1317.0,33.0,7.11,-0.13,-1.07,-0.05,-1.82,0.68,-2.65,251.0,TEST2RR,AKR_TEST2RR,0.0,1.0,1.0,100.0
43240,1,walk,walk,4964,,4964.0,20.0,1.0,6.0,2.0,1.22,0.013,-0.381,-1.369,31.0,25.86,0.0,18.0,1317.0,33.0,6.13,-0.12,-1.09,-0.04,-1.52,0.29,2.9,251.0,TEST2RR,AKR_TEST2RR,0.0,1.0,1.0,100.0
43260,1,walk,walk,4965,,4965.0,20.0,1.0,6.0,2.0,0.8,0.006,-0.442,-0.565,31.0,25.93,0.0,18.0,1317.0,33.0,5.39,-0.1,-1.09,-0.04,-1.42,-0.32,7.94,251.0,TEST2RR,AKR_TEST2RR,0.0,1.0,1.0,100.0
43280,1,walk,walk,4966,,4966.0,20.0,1.0,6.0,2.0,0.44,0.002,-0.162,-0.055,32.0,25.9,0.0,18.0,1317.0,33.0,4.87,-0.09,-1.1,-0.03,-1.44,-1.04,12.28,251.0,TEST2RR,AKR_TEST2RR,0.0,1.0,1.0,100.0
43300,1,walk,walk,4967,,4967.0,20.0,1.0,6.0,2.0,0.14,-0.002,-0.203,0.537,31.0,25.9,0.0,18.0,1317.0,33.0,4.52,-0.09,-1.1,-0.03,-1.53,-1.76,15.81,251.0,TEST2RR,AKR_TEST2RR,0.0,1.0,1.0,100.0
43320,1,walk,walk,4968,,4968.0,20.0,1.0,6.0,2.0,-0.1,-0.004,-0.174,0.848,31.0,25.93,0.0,18.0,1317.0,33.0,4.33,-0.08,-1.09,-0.04,-1.63,-2.38,18.49,251.0,TEST2RR,AKR_TEST2RR,0.0,1.0,1.0,100.0
43320,1,walk,walk,4969,,4969.0,20.0,1.0,6.0,2.0,-0.28,-0.007,-0.132,1.066,31.0,25.9,0.0,18.0,1317.0,33.0,4.26,-0.08,-1.09,-0.04,-1.75,-2.86,20.26,251.0,TEST2RR,AKR_TEST2RR,0.0,1.0,1.0,100.0
43360,1,walk,walk,4970,,4970.0,20.0,1.0,6.0,2.0,-0.4,-0.008,-0.087,1.005,31.0,25.9,0.0,18.0,1317.0,33.0,4.29,-0.08,-1.08,-0.04,-1.86,-3.16,21.11,251.0,TEST2RR,AKR_TEST2RR,0.0,1.0,1.0,100.0
43360,1,walk,walk,4971,,4971.0,20.0,1.0,6.0,2.0,-0.45,-0.008,-0.07,0.933,31.0,25.93,0.0,18.0,1317.0,33.0,4.39,-0.08,-1.08,-0.05,-1.99,-3.27,21.09,251.0,TEST2RR,AKR_TEST2RR,0.0,1.0,1.0,100.0
43380,1,walk,walk,4972,,4972.0,20.0,1.0,6.0,2.0,-0.44,-0.007,0.103,0.798,31.0,25.9,0.0,18.0,1317.0,33.0,4.54,-0.08,-1.07,-0.05,-2.14,-3.19,20.26,251.0,TEST2RR,AKR_TEST2RR,0.0,1.0,1.0,100.0
43400,1,walk,walk,4973,,4973.0,20.0,1.0,6.0,2.0,-0.38,-0.006,0.115,0.49,31.0,25.9,0.0,18.0,1317.0,33.0,4.71,-0.09,-1.06,-0.06,-2.31,-2.95,18.72,251.0,TEST2RR,AKR_TEST2RR,0.0,1.0,1.0,100.0
43440,1,walk,walk,4974,,4974.0,20.0,1.0,6.0,2.0,-0.26,-0.004,0.169,0.233,31.0,25.93,0.0,18.0,1317.0,33.0,4.88,-0.09,-1.05,-0.06,-2.48,-2.57,16.57,251.0,TEST2RR,AKR_TEST2RR,0.0,1.0,1.0,100.0
43440,1,walk,walk,4975,,4975.0,20.0,1.0,6.0,2.0,-0.1,-0.002,0.225,-0.094,31.0,25.9,0.0,18.0,1317.0,33.0,5.01,-0.09,-1.04,-0.06,-2.62,-2.06,13.96,251.0,TEST2RR,AKR_TEST2RR,0.0,1.0,1.0,100.0
43460,1,walk,walk,4976,,4976.0,20.0,1.0,6.0,2.0,0.11,0.001,0.198,-0.569,32.0,25.9,0.0,18.0,1317.0,33.0,5.1,-0.09,-1.04,-0.07,-2.69,-1.42,11.0,251.0,TEST2RR,AKR_TEST2RR,0.0,1.0,1.0,100.0
43480,1,walk,walk,4977,,4977.0,20.0,1.0,6.0,2.0,0.34,0.005,0.293,-1.083,31.0,25.9,0.0,18.0,1317.0,33.0,5.13,-0.09,-1.03,-0.07,-2.7,-0.68,7.83,251.0,TEST2RR,AKR_TEST2RR,0.0,1.0,1.0,100.0
43520,1,walk,walk,4978,,4978.0,20.0,1.0,6.0,2.0,0.6,0.01,0.421,-1.735,31.0,25.86,0.0,18.0,1317.0,33.0,5.1,-0.09,-1.03,-0.08,-2.63,0.14,4.56,251.0,TEST2RR,AKR_TEST2RR,0.0,1.0,1.0,100.0
43520,1,walk,walk,4979,,4979.0,20.0,1.0,6.0,2.0,0.87,0.016,0.28,-2.342,31.0,25.83,0.0,18.0,1317.0,33.0,5.0,-0.09,-1.03,-0.08,-2.48,1.02,1.3,251.0,TEST2RR,AKR_TEST2RR,0.0,1.0,1.0,100.0
43540,1,walk,walk,4980,,4980.0,20.0,1.0,0.0,5.0,1.15,0.021,0.342,-2.849,31.0,25.79,0.0,18.0,1317.0,33.0,4.83,-0.09,-1.02,-0.08,-2.27,1.9,-1.81,251.0,TEST2RR,AKR_TEST2RR,0.0,1.0,1.0,100.0
43600,1,walk,walk,4981,,4981.0,20.0,0.0,0.0,6.0,1.43,0.025,0.217,-3.219,31.0,25.79,0.0,19.0,1317.0,33.0,4.7,-0.08,-1.02,-0.09,-2.07,2.59,-5.17,251.0,TEST2RR,AKR_TEST2RR,0.0,1.0,1.0,100.0
43600,1,walk,walk,4982,,4982.0,20.0,0.0,0.0,6.0,1.69,0.025,0.217,-3.219,31.0,25.79,0.0,39.0,1317.0,33.0,4.54,-0.08,-1.02,-0.09,-1.86,2.97,-8.57,251.0,TEST2RR,AKR_TEST2RR,0.0,1.0,1.0,100.0
43620,1,walk,walk,4983,,4983.0,20.0,0.0,0.0,6.0,1.94,0.025,0.217,-3.219,31.0,25.79,0.0,59.0,1317.0,33.0,4.29,-0.08,-1.02,-0.1,-1.61,3.08,-11.47,251.0,TEST2RR,AKR_TEST2RR,0.0,1.0,1.0,100.0
43620,1,walk,walk,4984,,4984.0,20.0,0.0,0.0,6.0,2.16,0.066,11.11,0.0,31.0,26.0,0.0,1.0,1317.0,33.0,3.91,-0.07,-1.02,-0.1,-1.26,2.92,-13.37,251.0,TEST2RR,AKR_TEST2RR,0.0,1.0,1.0,100.0
43640,1,walk,walk,4985,,4985.0,20.0,0.0,0.0,6.0,2.35,0.046,-1.74,0.0,31.0,25.93,0.0,1.0,1317.0,33.0,3.38,-0.06,-1.02,-0.11,-0.75,2.63,-13.76,251.0,TEST2RR,AKR_TEST2RR,0.0,1.0,1.0,100.0
43660,1,walk,walk,4986,,4986.0,20.0,0.0,0.0,7.0,2.51,0.02,-1.858,0.0,31.0,25.97,0.0,1.0,1317.0,33.0,2.72,-0.05,-1.03,-0.11,-0.03,2.26,-12.32,251.0,TEST2RR,AKR_TEST2RR,0.0,1.0,1.0,100.0
43680,1,walk,walk,4987,,4987.0,20.0,0.0,0.0,7.0,2.63,-0.006,-1.967,0.0,31.0,25.93,0.0,1.0,1317.0,33.0,2.0,-0.04,-1.03,-0.11,0.94,1.83,-8.88,251.0,TEST2RR,AKR_TEST2RR,0.0,1.0,1.0,100.0
43700,1,walk,walk,4988,,4988.0,20.0,0.0,0.0,7.0,2.72,-0.04,-2.24,0.0,31.0,25.97,0.0,1.0,1317.0,33.0,1.26,-0.02,-1.04,-0.12,2.14,1.28,-3.43,251.0,TEST2RR,AKR_TEST2RR,0.0,1.0,1.0,100.0
43740,1,walk,walk,4989,,4989.0,20.0,0.0,0.0,1.0,2.77,-0.077,-2.54,0.0,31.0,25.93,0.0,1.0,1317.0,33.0,0.57,-0.01,-1.04,-0.12,3.46,0.66,3.91,252.0,TEST2RR,AKR_TEST2RR,0.0,1.0,1.0,100.0
43740,1,walk,walk,4990,,4990.0,20.0,0.0,0.0,1.0,2.79,-0.099,-0.668,0.0,31.0,25.93,0.0,1.0,1317.0,33.0,-0.07,0.0,-1.05,-0.12,4.71,-0.06,12.68,252.0,TEST2RR,AKR_TEST2RR,0.0,1.0,1.0,100.0
43780,1,walk,walk,4991,,4991.0,20.0,0.0,0.0,1.0,2.8,-0.094,1.009,0.0,31.0,25.93,0.0,1.0,1317.0,33.0,-0.64,0.01,-1.06,-0.12,5.71,-0.92,22.24,252.0,TEST2RR,AKR_TEST2RR,0.0,1.0,1.0,100.0
43780,1,walk,walk,4992,,4992.0,20.0,0.0,0.0,1.0,2.8,-0.075,1.057,0.0,31.0,25.93,0.0,1.0,1317.0,33.0,-1.1,0.02,-1.08,-0.12,6.36,-1.94,31.96,252.0,TEST2RR,AKR_TEST2RR,0.0,1.0,1.0,100.0
43800,1,walk,walk,4993,,4993.0,20.0,0.0,0.0,1.0,2.8,-0.058,1.421,0.0,31.0,25.93,0.0,1.0,1317.0,33.0,-1.41,0.03,-1.1,-0.12,6.56,-3.21,41.33,252.0,TEST2RR,AKR_TEST2RR,0.0,1.0,1.0,100.0
43820,1,walk,walk,4994,,4994.0,20.0,0.0,0.0,1.0,2.82,-0.04,1.322,0.0,31.0,25.93,0.0,1.0,1317.0,33.0,-1.53,0.03,-1.12,-0.11,6.31,-4.75,49.98,252.0,TEST2RR,AKR_TEST2RR,0.0,1.0,1.0,100.0
43840,1,walk,walk,4995,,4995.0,20.0,0.0,0.0,1.0,2.88,-0.019,1.113,0.0,31.0,25.93,0.0,1.0,1317.0,33.0,-1.46,0.03,-1.13,-0.11,5.68,-6.57,57.6,252.0,TEST2RR,AKR_TEST2RR,0.0,1.0,1.0,100.0
43860,1,walk,walk,4996,,4996.0,20.0,0.0,0.0,1.0,2.98,-0.006,0.408,0.0,31.0,25.93,0.0,1.0,1317.0,33.0,-1.21,0.02,-1.15,-0.11,4.79,-8.76,63.82,252.0,TEST2RR,AKR_TEST2RR,0.0,1.0,1.0,100.0
43880,1,walk,walk,4997,,4997.0,20.0,0.0,0.0,1.0,3.15,-0.008,-0.104,0.0,31.0,25.93,0.0,1.0,1317.0,33.0,-0.89,0.02,-1.15,-0.11,3.76,-11.33,68.28,252.0,TEST2RR,AKR_TEST2RR,0.0,1.0,1.0,100.0
43920,1,walk,walk,4998,,4998.0,20.0,0.0,0.0,1.0,3.38,-0.01,-0.182,0.0,31.0,25.93,0.0,1.0,1317.0,33.0,-0.59,0.01,-1.16,-0.1,2.74,-14.23,70.64,252.0,TEST2RR,AKR_TEST2RR,0.0,1.0,1.0,100.0
43920,1,walk,walk,4999,,4999.0,20.0,0.0,6.0,2.0,3.69,-0.017,-0.739,0.0,31.0,25.93,0.0,1.0,1317.0,33.0,-0.41,0.01,-1.15,-0.1,1.81,-17.24,70.69,252.0,TEST2RR,AKR_TEST2RR,0.0,1.0,1.0,100.0
43940,1,walk,walk,5000,,5000.0,20.0,0.0,6.0,2.0,4.08,-0.019,-1.11,0.2,31.0,25.93,0.0,18.0,1317.0,33.0,-0.45,0.01,-1.13,-0.09,1.05,-20.01,68.26,252.0,TEST2RR,AKR_TEST2RR,0.0,1.0,1.0,100.0
43960,1,walk,walk,5001,,5001.0,20.0,0.0,6.0,2.0,4.56,-0.015,0.359,0.874,31.0,25.9,0.0,18.0,1317.0,33.0,-0.75,0.01,-1.11,-0.09,0.46,-22.13,63.37,252.0,TEST2RR,AKR_TEST2RR,0.0,1.0,1.0,100.0
43980,1,walk,walk,5002,,5002.0,20.0,0.0,6.0,2.0,5.11,-0.012,0.095,1.046,31.0,25.9,0.0,18.0,1317.0,33.0,-1.33,0.03,-1.09,-0.08,0.06,-23.12,56.24,252.0,TEST2RR,AKR_TEST2RR,0.0,1.0,1.0,100.0
44000,1,walk,walk,5003,,5003.0,20.0,0.0,6.0,2.0,5.72,-0.01,0.131,1.033,31.0,25.9,0.0,18.0,1317.0,33.0,-2.12,0.04,-1.06,-0.08,-0.18,-22.6,47.28,252.0,TEST2RR,AKR_TEST2RR,0.0,1.0,1.0,100.0
44020,1,walk,walk,5004,,5004.0,20.0,1.0,6.0,2.0,6.39,-0.009,0.07,0.931,31.0,25.9,0.0,19.0,1317.0,33.0,-3.03,0.05,-1.03,-0.08,-0.24,-20.41,36.93,252.0,TEST2RR,AKR_TEST2RR,0.0,1.0,1.0,100.0
44060,1,walk,walk,5005,,5005.0,20.0,0.0,6.0,2.0,7.1,-0.007,0.123,0.799,31.0,25.9,0.0,18.0,1317.0,33.0,-3.88,0.07,-1.01,-0.07,-0.09,-16.69,25.64,252.0,TEST2RR,AKR_TEST2RR,0.0,1.0,1.0,100.0
44080,1,walk,walk,5006,,5006.0,20.0,1.0,6.0,2.0,7.82,-0.007,0.054,0.702,31.0,25.93,0.0,19.0,1317.0,33.0,-4.51,0.08,-0.99,-0.07,0.3,-11.85,13.82,252.0,TEST2RR,AKR_TEST2RR,0.0,1.0,1.0,100.0
44080,1,walk,walk,5007,,5007.0,20.0,1.0,6.0,2.0,8.54,-0.006,0.013,0.633,31.0,25.9,0.0,19.0,1317.0,33.0,-4.75,0.08,-0.97,-0.08,0.9,-6.47,1.82,252.0,TEST2RR,AKR_TEST2RR,0.0,1.0,1.0,100.0
44120,1,walk,walk,5008,,5008.0,20.0,1.0,6.0,2.0,9.24,-0.005,0.06,0.475,31.0,25.93,0.0,19.0,1317.0,33.0,-4.51,0.08,-0.95,-0.08,1.67,-1.16,-10.03,252.0,TEST2RR,AKR_TEST2RR,0.0,1.0,1.0,100.0
44140,1,walk,walk,5009,,5009.0,20.0,1.0,6.0,2.0,9.88,-0.004,0.091,0.347,31.0,25.93,0.0,19.0,1317.0,33.0,-3.75,0.06,-0.94,-0.09,2.47,3.56,-21.44,252.0,TEST2RR,AKR_TEST2RR,0.0,1.0,1.0,100.0
44160,1,walk,walk,5010,,5010.0,20.0,1.0,6.0,2.0,10.45,-0.003,0.1,0.202,31.0,25.9,0.0,19.0,1317.0,33.0,-2.51,0.04,-0.93,-0.1,3.21,7.39,-32.21,252.0,TEST2RR,AKR_TEST2RR,0.0,1.0,1.0,100.0
44160,1,walk,walk,5011,,5011.0,20.0,1.0,6.0,2.0,10.93,-0.002,0.052,-0.038,31.0,25.93,0.0,19.0,1317.0,33.0,-0.86,0.01,-0.93,-0.11,3.78,10.22,-42.11,252.0,TEST2RR,AKR_TEST2RR,0.0,1.0,1.0,100.0
44180,1,walk,walk,5012,,5012.0,20.0,1.0,6.0,2.0,11.3,0.001,0.202,-0.385,31.0,25.93,0.0,19.0,1317.0,33.0,1.11,-0.02,-0.92,-0.13,4.09,12.07,-50.92,252.0,TEST2RR,AKR_TEST2RR,0.0,1.0,1.0,100.0
44220,1,walk,walk,5013,,5013.0,20.0,1.0,6.0,2.0,11.56,0.004,0.175,-0.986,31.0,25.9,0.0,19.0,1317.0,33.0,3.33,-0.05,-0.92,-0.14,4.04,13.06,-58.42,252.0,TEST2RR,AKR_TEST2RR,0.0,1.0,1.0,100.0
44220,1,walk,walk,5014,,5014.0,20.0,1.0,6.0,2.0,11.68,0.008,0.319,-1.34,31.0,25.9,0.0,19.0,1317.0,33.0,5.72,-0.09,-0.92,-0.15,3.61,13.37,-64.42,252.0,TEST2RR,AKR_TEST2RR,0.0,1.0,1.0,100.0
44240,1,walk,walk,5015,,5015.0,20.0,1.0,6.0,2.0,11.67,0.012,0.236,-1.843,31.0,25.9,0.0,19.0,1317.0,33.0,8.2,-0.13,-0.92,-0.16,2.81,13.17,-68.78,252.0,TEST2RR,AKR_TEST2RR,0.0,1.0,1.0,100.0
44260,1,walk,walk,5016,,5016.0,20.0,1.0,6.0,2.0,11.53,0.016,0.279,-2.134,31.0,25.83,0.0,19.0,1317.0,33.0,10.73,-0.17,-0.92,-0.17,1.69,12.59,-71.36,252.0,TEST2RR,AKR_TEST2RR,0.0,1.0,1.0,100.0
44280,1,walk,walk,5017,,5017.0,20.0,1.0,6.0,2.0,11.26,0.019,0.101,-2.488,31.0,25.83,0.0,19.0,1317.0,33.0,13.21,-0.22,-0.92,-0.17,0.35,11.71,-72.11,252.0,TEST2RR,AKR_TEST2RR,0.0,1.0,1.0,100.0
44300,1,walk,walk,5018,,5018.0,20.0,1.0,6.0,2.0,10.86,0.022,0.461,-3.146,31.0,25.76,0.0,19.0,1317.0,33.0,15.35,-0.25,-0.93,-0.17,-1.09,10.7,-71.05,252.0,TEST2RR,AKR_TEST2RR,0.0,1.0,1.0,100.0
44340,1,walk,walk,5019,,5019.0,20.0,1.0,6.0,2.0,10.35,0.035,0.775,-4.942,31.0,25.51,0.0,19.0,1317.0,33.0,16.94,-0.29,-0.94,-0.16,-2.27,9.94,-68.05,252.0,TEST2RR,AKR_TEST2RR,0.0,1.0,1.0,100.0
44360,1,walk,walk,5020,,5020.0,20.0,1.0,6.0,2.0,9.74,0.039,0.104,-4.95,31.0,25.47,0.0,19.0,1317.0,33.0,18.01,-0.31,-0.96,-0.15,-2.94,9.62,-63.17,252.0,TEST2RR,AKR_TEST2RR,0.0,1.0,1.0,100.0
44400,1,walk,walk,5021,,5021.0,20.0,1.0,6.0,2.0,9.04,0.038,-0.289,-4.339,31.0,25.54,0.0,19.0,1317.0,33.0,18.57,-0.33,-0.99,-0.14,-3.02,9.51,-56.84,252.0,TEST2RR,AKR_TEST2RR,0.0,1.0,1.0,100.0
44400,1,walk,walk,5022,,5022.0,20.0,1.0,6.0,2.0,8.28,0.033,-0.456,-3.592,31.0,25.65,0.0,19.0,1317.0,33.0,18.66,-0.34,-1.01,-0.12,-2.59,9.33,-49.43,252.0,TEST2RR,AKR_TEST2RR,0.0,1.0,1.0,100.0
44400,1,walk,walk,5023,,5023.0,20.0,1.0,6.0,2.0,7.47,0.023,-0.59,-2.319,31.0,25.79,0.0,19.0,1317.0,33.0,18.4,-0.35,-1.04,-0.1,-1.89,8.94,-41.32,252.0,TEST2RR,AKR_TEST2RR,0.0,1.0,1.0,100.0
44440,1,walk,walk,5024,,5024.0,20.0,1.0,6.0,2.0,6.63,0.015,-0.412,-1.667,31.0,25.86,0.0,19.0,1317.0,33.0,17.85,-0.34,-1.06,-0.08,-1.14,8.28,-32.93,252.0,TEST2RR,AKR_TEST2RR,0.0,1.0,1.0,100.0
44440,1,walk,walk,5025,,5025.0,20.0,1.0,6.0,2.0,5.78,0.01,-0.348,-1.087,31.0,25.9,0.0,19.0,1317.0,33.0,17.11,-0.33,-1.08,-0.07,-0.51,7.35,-24.68,252.0,TEST2RR,AKR_TEST2RR,0.0,1.0,1.0,100.0
44480,1,walk,walk,5026,,5026.0,20.0,1.0,6.0,2.0,4.95,0.005,-0.225,-0.489,31.0,25.9,0.0,19.0,1317.0,33.0,16.26,-0.32,-1.09,-0.06,-0.01,6.23,-16.94,252.0,TEST2RR,AKR_TEST2RR,0.0,1.0,1.0,100.0
44480,1,walk,walk,5027,,5027.0,20.0,1.0,6.0,2.0,4.15,0.003,-0.124,-0.357,31.0,25.93,0.0,19.0,1317.0,33.0,15.35,-0.3,-1.1,-0.05,0.38,5.0,-10.07,252.0,TEST2RR,AKR_TEST2RR,0.0,1.0,1.0,100.0
44500,1,walk,walk,5028,,5028.0,20.0,1.0,6.0,2.0,3.4,0.003,-0.147,-0.304,31.0,25.9,0.0,19.0,1317.0,33.0,14.41,-0.28,-1.1,-0.04,0.7,3.78,-4.29,252.0,TEST2RR,AKR_TEST2RR,0.0,1.0,1.0,100.0
44540,1,walk,walk,5029,,5029.0,20.0,1.0,6.0,2.0,2.71,0.002,0.022,-0.267,31.0,25.93,0.0,19.0,1317.0,33.0,13.48,-0.26,-1.1,-0.04,0.98,2.66,0.29,252.0,TEST2RR,AKR_TEST2RR,0.0,1.0,1.0,100.0
44560,1,walk,walk,5030,,5030.0,20.0,1.0,6.0,2.0,2.08,0.002,0.049,-0.38,31.0,25.9,0.0,19.0,1317.0,33.0,12.56,-0.24,-1.1,-0.04,1.22,1.73,3.61,252.0,TEST2RR,AKR_TEST2RR,0.0,1.0,1.0,100.0
44560,1,walk,walk,5031,,5031.0,20.0,1.0,6.0,2.0,1.54,0.003,0.083,-0.582,31.0,25.9,0.0,19.0,1317.0,33.0,11.68,-0.23,-1.09,-0.04,1.38,1.04,5.71,252.0,TEST2RR,AKR_TEST2RR,0.0,1.0,1.0,100.0
44580,1,walk,walk,5032,,5032.0,20.0,1.0,6.0,2.0,1.08,0.005,0.143,-0.924,31.0,25.9,0.0,19.0,1317.0,33.0,10.83,-0.21,-1.08,-0.04,1.45,0.62,6.68,252.0,TEST2RR,AKR_TEST2RR,0.0,1.0,1.0,100.0
44620,1,walk,walk,5033,,5033.0,20.0,1.0,6.0,2.0,0.7,0.009,0.288,-1.371,31.0,25.9,0.0,19.0,1317.0,33.0,9.99,-0.19,-1.07,-0.04,1.41,0.45,6.62,252.0,TEST2RR,AKR_TEST2RR,0.0,1.0,1.0,100.0
44620,1,walk,walk,5034,,5034.0,20.0,0.0,6.0,2.0,0.4,0.014,0.355,-2.019,31.0,25.86,0.0,18.0,1317.0,33.0,9.17,-0.17,-1.07,-0.04,1.29,0.5,5.7,252.0,TEST2RR,AKR_TEST2RR,0.0,1.0,1.0,100.0
44640,1,walk,walk,5035,,5035.0,20.0,1.0,6.0,2.0,0.18,0.019,0.281,-2.573,31.0,25.79,0.0,19.0,1317.0,33.0,8.35,-0.16,-1.06,-0.04,1.12,0.77,4.1,252.0,TEST2RR,AKR_TEST2RR,0.0,1.0,1.0,100.0
44660,1,walk,walk,5036,,5036.0,20.0,1.0,6.0,2.0,0.04,0.024,0.395,-3.21,31.0,25.76,0.0,19.0,1317.0,33.0,7.52,-0.14,-1.05,-0.05,0.91,1.22,2.03,252.0,TEST2RR,AKR_TEST2RR,0.0,1.0,1.0,100.0
44680,1,walk,walk,5037,,5037.0,20.0,1.0,6.0,2.0,-0.05,0.028,0.222,-3.696,31.0,25.69,0.0,19.0,1317.0,33.0,6.67,-0.12,-1.05,-0.05,0.67,1.83,-0.29,252.0,TEST2RR,AKR_TEST2RR,0.0,1.0,1.0,100.0
44720,1,walk,walk,5038,,5038.0,20.0,1.0,6.0,2.0,-0.08,0.031,0.056,-3.923,31.0,25.62,0.0,19.0,1317.0,33.0,5.79,-0.11,-1.04,-0.05,0.41,2.48,-2.57,253.0,TEST2RR,AKR_TEST2RR,0.0,1.0,1.0,100.0
44740,1,walk,walk,5039,,5039.0,20.0,1.0,6.0,2.0,-0.07,0.032,-0.017,-3.823,31.0,25.62,0.0,19.0,1317.0,33.0,4.86,-0.09,-1.04,-0.06,0.18,3.04,-4.5,253.0,TEST2RR,AKR_TEST2RR,0.0,1.0,1.0,100.0
44740,1,walk,walk,5040,,5040.0,20.0,1.0,6.0,2.0,-0.02,0.028,-0.395,-3.242,31.0,25.69,0.0,19.0,1317.0,33.0,3.91,-0.07,-1.04,-0.06,0.04,3.39,-5.76,253.0,TEST2RR,AKR_TEST2RR,0.0,1.0,1.0,100.0
44760,1,walk,walk,5041,,5041.0,20.0,1.0,6.0,2.0,0.04,0.022,-0.507,-2.275,31.0,25.79,0.0,19.0,1317.0,33.0,2.96,-0.05,-1.04,-0.07,0.04,3.47,-6.1,253.0,TEST2RR,AKR_TEST2RR,0.0,1.0,1.0,100.0
44800,1,walk,walk,5042,,5042.0,20.0,1.0,6.0,2.0,0.12,0.014,-0.565,-1.37,31.0,25.86,0.0,19.0,1317.0,33.0,2.05,-0.04,-1.04,-0.07,0.23,3.24,-5.42,253.0,TEST2RR,AKR_TEST2RR,0.0,1.0,1.0,100.0
44820,1,walk,walk,5043,,5043.0,20.0,1.0,6.0,2.0,0.2,0.004,-0.712,-0.059,31.0,25.93,0.0,19.0,1317.0,33.0,1.19,-0.02,-1.04,-0.08,0.64,2.75,-3.65,253.0,TEST2RR,AKR_TEST2RR,0.0,1.0,1.0,100.0
44820,1,walk,walk,5044,,5044.0,20.0,1.0,6.0,2.0,0.28,-0.003,-0.394,1.087,31.0,25.9,0.0,19.0,1317.0,33.0,0.38,-0.01,-1.04,-0.08,1.33,1.98,-0.73,253.0,TEST2RR,AKR_TEST2RR,0.0,1.0,1.0,100.0
44840,1,walk,walk,5045,,5045.0,20.0,1.0,6.0,2.0,0.35,-0.014,-0.73,2.405,31.0,25.83,0.0,19.0,1317.0,33.0,-0.36,0.01,-1.05,-0.08,2.34,0.94,3.3,253.0,TEST2RR,AKR_TEST2RR,0.0,1.0,1.0,100.0
44880,1,walk,walk,5046,,5046.0,20.0,1.0,6.0,2.0,0.42,-0.025,-0.54,3.64,31.0,25.72,0.0,19.0,1317.0,33.0,-1.07,0.02,-1.05,-0.09,3.57,-0.39,8.43,253.0,TEST2RR,AKR_TEST2RR,0.0,1.0,1.0,100.0
44900,1,walk,walk,5047,,5047.0,20.0,1.0,6.0,2.0,0.48,-0.029,0.026,3.425,31.0,25.69,0.0,19.0,1317.0,33.0,-1.77,0.03,-1.07,-0.09,4.88,-1.89,14.59,253.0,TEST2RR,AKR_TEST2RR,0.0,1.0,1.0,100.0
44900,1,walk,walk,5048,,5048.0,20.0,1.0,6.0,2.0,0.55,-0.024,0.425,2.483,31.0,25.79,0.0,19.0,1317.0,33.0,-2.43,0.05,-1.09,-0.09,6.06,-3.41,21.69,253.0,TEST2RR,AKR_TEST2RR,0.0,1.0,1.0,100.0
44920,1,walk,walk,5049,,5049.0,20.0,1.0,6.0,2.0,0.61,-0.015,0.624,1.378,31.0,25.86,0.0,19.0,1317.0,33.0,-2.97,0.06,-1.11,-0.09,6.97,-4.81,29.52,253.0,TEST2RR,AKR_TEST2RR,0.0,1.0,1.0,100.0
44940,1,walk,walk,5050,,5050.0,20.0,1.0,6.0,2.0,0.68,-0.007,0.468,0.45,31.0,25.93,0.0,19.0,1317.0,33.0,-3.33,0.07,-1.13,-0.09,7.56,-5.94,37.82,253.0,TEST2RR,AKR_TEST2RR,0.0,1.0,1.0,100.0
44980,1,walk,walk,5051,,5051.0,20.0,1.0,6.0,2.0,0.78,-0.002,0.258,-0.231,31.0,25.93,0.0,19.0,1317.0,33.0,-3.47,0.07,-1.15,-0.08,7.83,-6.72,46.28,253.0,TEST2RR,AKR_TEST2RR,0.0,1.0,1.0,100.0
44980,1,walk,walk,5052,,5052.0,20.0,1.0,6.0,2.0,0.91,0.002,0.185,-0.607,31.0,25.93,0.0,19.0,1317.0,33.0,-3.4,0.07,-1.17,-0.08,7.86,-7.17,54.47,253.0,TEST2RR,AKR_TEST2RR,0.0,1.0,1.0,100.0
45000,1,walk,walk,5053,,5053.0,20.0,1.0,6.0,2.0,1.07,0.003,0.029,-0.558,31.0,25.93,0.0,19.0,1317.0,33.0,-3.16,0.06,-1.18,-0.07,7.76,-7.43,61.75,253.0,TEST2RR,AKR_TEST2RR,0.0,1.0,1.0,100.0
45060,1,walk,walk,5054,,5054.0,20.0,1.0,6.0,2.0,1.29,0.003,0.046,-0.455,31.0,25.93,0.0,19.0,1317.0,33.0,-2.85,0.06,-1.18,-0.06,7.64,-7.71,67.37,253.0,TEST2RR,AKR_TEST2RR,0.0,1.0,1.0,100.0
45060,1,walk,walk,5055,,5055.0,20.0,1.0,6.0,2.0,1.57,0.003,-0.097,-0.368,31.0,25.9,0.0,19.0,1317.0,33.0,-2.56,0.05,-1.17,-0.06,7.59,-8.24,70.74,253.0,TEST2RR,AKR_TEST2RR,0.0,1.0,1.0,100.0
45060,1,walk,walk,5056,,5056.0,20.0,1.0,6.0,2.0,1.91,0.002,-0.075,-0.131,31.0,25.93,0.0,19.0,1317.0,33.0,-2.39,0.05,-1.15,-0.05,7.68,-9.05,71.44,253.0,TEST2RR,AKR_TEST2RR,0.0,1.0,1.0,100.0
45080,1,walk,walk,5057,,5057.0,20.0,0.0,6.0,2.0,2.33,0.001,-0.069,0.078,31.0,25.9,0.0,18.0,1317.0,33.0,-2.39,0.05,-1.12,-0.05,7.91,-9.96,69.31,253.0,TEST2RR,AKR_TEST2RR,0.0,1.0,1.0,100.0
45120,1,walk,walk,5058,,5058.0,20.0,1.0,6.0,2.0,2.83,-0.001,0.011,0.146,31.0,25.93,0.0,19.0,1317.0,33.0,-2.59,0.05,-1.09,-0.05,8.25,-10.55,64.42,253.0,TEST2RR,AKR_TEST2RR,0.0,1.0,1.0,100.0
45120,1,walk,walk,5059,,5059.0,20.0,1.0,6.0,2.0,3.39,-0.001,0.037,0.2,31.0,25.93,0.0,19.0,1317.0,33.0,-2.98,0.05,-1.05,-0.04,8.66,-10.36,57.04,253.0,TEST2RR,AKR_TEST2RR,0.0,1.0,1.0,100.0
45140,1,walk,walk,5060,,5060.0,20.0,1.0,0.0,5.0,4.02,-0.002,-0.01,0.234,31.0,25.93,0.0,19.0,1317.0,33.0,-3.49,0.06,-1.02,-0.04,9.09,-8.91,47.64,253.0,TEST2RR,AKR_TEST2RR,0.0,1.0,1.0,100.0
45160,1,walk,walk,5061,,5061.0,20.0,0.0,0.0,5.0,4.7,-0.002,0.096,0.205,31.0,25.93,0.0,19.0,1317.0,33.0,-3.97,0.07,-0.99,-0.05,9.49,-5.96,36.8,253.0,TEST2RR,AKR_TEST2RR,0.0,1.0,1.0,100.0
45200,1,walk,walk,5062,,5062.0,20.0,0.0,0.0,5.0,5.41,-0.002,0.096,0.205,31.0,25.93,0.0,39.0,1317.0,33.0,-4.28,0.07,-0.96,-0.05,9.86,-1.56,25.08,253.0,TEST2RR,AKR_TEST2RR,0.0,1.0,1.0,100.0
45220,1,walk,walk,5063,,5063.0,20.0,0.0,0.0,5.0,6.14,-0.002,0.096,0.205,31.0,25.93,0.0,59.0,1317.0,33.0,-4.23,0.07,-0.94,-0.06,10.21,3.96,13.0,253.0,TEST2RR,AKR_TEST2RR,0.0,1.0,1.0,100.0
45220,1,walk,walk,5064,,5064.0,20.0,0.0,0.0,5.0,6.86,0.003,0.786,0.0,31.0,26.04,0.0,2.0,1317.0,33.0,-3.72,0.06,-0.93,-0.07,10.52,10.04,1.03,253.0,TEST2RR,AKR_TEST2RR,0.0,1.0,1.0,100.0
45240,1,walk,walk,5065,,5065.0,20.0,0.0,0.0,6.0,7.56,0.008,0.383,0.0,31.0,25.93,0.0,2.0,1317.0,33.0,-2.69,0.04,-0.92,-0.08,10.72,15.99,-10.43,253.0,TEST2RR,AKR_TEST2RR,0.0,1.0,1.0,100.0
45260,1,walk,walk,5066,,5066.0,20.0,0.0,0.0,6.0,8.21,0.018,0.806,0.0,31.0,25.93,0.0,2.0,1317.0,33.0,-1.18,0.02,-0.91,-0.1,10.72,21.15,-21.12,253.0,TEST2RR,AKR_TEST2RR,0.0,1.0,1.0,100.0
45280,1,walk,walk,5067,,5067.0,20.0,0.0,0.0,6.0,8.79,0.027,0.555,0.0,31.0,25.93,0.0,2.0,1317.0,33.0,0.72,-0.01,-0.91,-0.11,10.39,24.97,-30.79,253.0,TEST2RR,AKR_TEST2RR,0.0,1.0,1.0,100.0
45300,1,walk,walk,5068,,5068.0,20.0,0.0,0.0,6.0,9.29,0.035,0.852,0.0,31.0,25.93,0.0,2.0,1317.0,33.0,2.87,-0.05,-0.91,-0.13,9.6,27.08,-39.26,253.0,TEST2RR,AKR_TEST2RR,0.0,1.0,1.0,100.0
45320,1,walk,walk,5069,,5069.0,20.0,0.0,0.0,6.0,9.68,0.054,1.479,0.0,31.0,25.93,0.0,2.0,1317.0,33.0,5.13,-0.08,-0.92,-0.15,8.29,27.29,-46.44,253.0,TEST2RR,AKR_TEST2RR,0.0,1.0,1.0,100.0
45360,1,walk,walk,5070,,5070.0,20.0,0.0,0.0,6.0,9.97,0.074,1.307,0.0,31.0,25.93,0.0,2.0,1317.0,33.0,7.32,-0.12,-0.92,-0.17,6.48,25.66,-52.32,253.0,TEST2RR,AKR_TEST2RR,0.0,1.0,1.0,100.0
45360,1,walk,walk,5071,,5071.0,20.0,0.0,0.0,6.0,10.14,0.09,1.006,0.0,31.0,25.97,0.0,2.0,1317.0,33.0,9.35,-0.15,-0.92,-0.18,4.23,22.51,-56.92,253.0,TEST2RR,AKR_TEST2RR,0.0,1.0,1.0,100.0
45380,1,walk,walk,5072,,5072.0,20.0,0.0,0.0,6.0,10.18,0.107,1.126,0.0,31.0,25.93,0.0,2.0,1317.0,33.0,11.1,-0.18,-0.92,-0.18,1.63,18.34,-60.28,253.0,TEST2RR,AKR_TEST2RR,0.0,1.0,1.0,100.0
45400,1,walk,walk,5073,,5073.0,20.0,0.0,0.0,6.0,10.11,0.126,1.46,0.0,31.0,25.93,0.0,2.0,1317.0,33.0,12.55,-0.21,-0.92,-0.19,-1.16,13.68,-62.43,253.0,TEST2RR,AKR_TEST2RR,0.0,1.0,1.0,100.0
45440,1,walk,walk,5074,,5074.0,20.0,0.0,0.0,6.0,9.91,0.149,1.702,0.0,31.0,25.97,0.0,2.0,1317.0,33.0,13.66,-0.22,-0.93,-0.18,-4.0,9.1,-63.44,253.0,TEST2RR,AKR_TEST2RR,0.0,1.0,1.0,100.0
45440,1,walk,walk,5075,,5075.0,20.0,0.0,0.0,7.0,9.61,0.173,1.737,0.0,31.0,25.93,0.0,2.0,1317.0,33.0,14.47,-0.24,-0.93,-0.18,-6.73,5.04,-63.41,253.0,TEST2RR,AKR_TEST2RR,0.0,1.0,1.0,100.0
45460,1,walk,walk,5076,,5076.0,20.0,0.0,0.0,7.0,9.21,0.193,0.397,0.0,31.0,25.93,0.0,2.0,1317.0,33.0,15.03,-0.25,-0.94,-0.16,-9.16,1.89,-62.41,253.0,TEST2RR,AKR_TEST2RR,0.0,1.0,1.0,100.0
45480,1,walk,walk,5077,,5077.0,20.0,0.0,0.0,7.0,8.71,0.178,-1.408,0.0,31.0,25.93,0.0,2.0,1317.0,33.0,15.44,-0.26,-0.96,-0.15,-10.9,-0.47,-60.39,253.0,TEST2RR,AKR_TEST2RR,0.0,1.0,1.0,100.0
45500,1,walk,walk,5078,,5078.0,20.0,0.0,0.0,7.0,8.14,0.172,-0.147,0.0,31.0,25.93,0.0,2.0,1317.0,33.0,15.55,-0.27,-0.98,-0.12,-11.75,-2.13,-57.41,253.0,TEST2RR,AKR_TEST2RR,0.0,1.0,1.0,100.0
45540,1,walk,walk,5079,,5079.0,20.0,0.0,0.0,7.0,7.5,0.145,-2.559,0.0,31.0,25.93,0.0,2.0,1317.0,33.0,15.28,-0.28,-1.01,-0.1,-11.74,-3.09,-53.22,253.0,TEST2RR,AKR_TEST2RR,0.0,1.0,1.0,100.0
45540,1,walk,walk,5080,,5080.0,20.0,0.0,0.0,7.0,6.8,0.118,-0.896,0.0,31.0,25.93,0.0,2.0,1317.0,33.0,14.64,-0.27,-1.04,-0.08,-11.06,-3.33,-47.62,253.0,TEST2RR,AKR_TEST2RR,0.0,1.0,1.0,100.0
45560,1,walk,walk,5081,,5081.0,20.0,0.0,0.0,7.0,6.07,0.099,-1.033,0.0,31.0,25.93,0.0,2.0,1317.0,33.0,13.72,-0.26,-1.07,-0.05,-9.99,-2.96,-40.73,253.0,TEST2RR,AKR_TEST2RR,0.0,1.0,1.0,100.0
45580,1,walk,walk,5082,,5082.0,20.0,0.0,0.0,7.0,5.31,0.086,-1.104,0.0,31.0,25.93,0.0,2.0,1317.0,33.0,12.62,-0.24,-1.09,-0.03,-8.79,-2.2,-32.94,253.0,TEST2RR,AKR_TEST2RR,0.0,1.0,1.0,100.0
45600,1,walk,walk,5083,,5083.0,20.0,0.0,0.0,7.0,4.55,0.07,-0.852,0.0,31.0,25.93,0.0,2.0,1317.0,33.0,11.44,-0.22,-1.11,-0.01,-7.59,-1.3,-24.66,253.0,TEST2RR,AKR_TEST2RR,0.0,1.0,1.0,100.0
45620,1,walk,walk,5084,,5084.0,20.0,0.0,0.0,7.0,3.8,0.058,-0.876,0.0,31.0,25.93,0.0,2.0,1317.0,33.0,10.27,-0.2,-1.12,0.0,-6.46,-0.43,-16.37,253.0,TEST2RR,AKR_TEST2RR,0.0,1.0,1.0,100.0
45640,1,walk,walk,5085,,5085.0,20.0,0.0,0.0,7.0,3.06,0.049,-0.434,0.0,31.0,25.93,0.0,2.0,1317.0,33.0,9.17,-0.18,-1.12,0.0,-5.41,0.33,-8.53,253.0,TEST2RR,AKR_TEST2RR,0.0,1.0,1.0,100.0
45680,1,walk,walk,5086,,5086.0,20.0,0.0,0.0,1.0,2.36,0.043,-0.301,0.0,31.0,25.93,0.0,2.0,1317.0,33.0,8.17,-0.16,-1.12,0.01,-4.41,0.92,-1.52,254.0,TEST2RR,AKR_TEST2RR,0.0,1.0,1.0,100.0
45700,1,walk,walk,5087,,5087.0,20.0,0.0,0.0,1.0,1.71,0.039,-0.195,0.0,31.0,25.93,0.0,2.0,1317.0,33.0,7.3,-0.14,-1.12,0.0,-3.45,1.35,4.36,254.0,TEST2RR,AKR_TEST2RR,0.0,1.0,1.0,100.0
45700,1,walk,walk,5088,,5088.0,20.0,0.0,0.0,1.0,1.12,0.036,-0.115,0.0,31.0,25.93,0.0,2.0,1317.0,33.0,6.55,-0.13,-1.11,0.0,-2.52,1.63,8.99,254.0,TEST2RR,AKR_TEST2RR,0.0,1.0,1.0,100.0
45720,1,walk,walk,5089,,5089.0,20.0,0.0,0.0,1.0,0.6,0.036,0.12,0.0,31.0,25.93,0.0,2.0,1317.0,33.0,5.92,-0.11,-1.1,-0.01,-1.66,1.8,12.27,254.0,TEST2RR,AKR_TEST2RR,0.0,1.0,1.0,100.0
45740,1,walk,walk,5090,,5090.0,20.0,0.0,0.0,1.0,0.15,0.038,0.083,0.0,31.0,25.93,0.0,2.0,1317.0,33.0,5.41,-0.1,-1.09,-0.02,-0.92,1.89,14.23,254.0,TEST2RR,AKR_TEST2RR,0.0,1.0,1.0,100.0
45780,1,walk,walk,5091,,5091.0,20.0,0.0,0.0,1.0,-0.22,0.039,0.375,0.0,31.0,25.93,0.0,2.0,1317.0,33.0,5.0,-0.09,-1.08,-0.02,-0.32,1.93,14.91,254.0,TEST2RR,AKR_TEST2RR,0.0,1.0,1.0,100.0
45780,1,walk,walk,5092,,5092.0,20.0,0.0,0.0,1.0,-0.51,0.045,0.344,0.0,31.0,25.93,0.0,2.0,1317.0,33.0,4.67,-0.09,-1.07,-0.03,0.09,1.93,14.4,254.0,TEST2RR,AKR_TEST2RR,0.0,1.0,1.0,100.0
45800,1,walk,walk,5093,,5093.0,20.0,0.0,0.0,1.0,-0.72,0.053,0.676,0.0,31.0,25.93,0.0,2.0,1317.0,33.0,4.38,-0.08,-1.06,-0.04,0.33,1.93,12.81,254.0,TEST2RR,AKR_TEST2RR,0.0,1.0,1.0,100.0
45860,1,walk,walk,5094,,5094.0,20.0,0.0,0.0,1.0,-0.86,0.065,0.998,0.0,31.0,25.93,0.0,2.0,1317.0,33.0,4.1,-0.08,-1.05,-0.04,0.4,1.93,10.33,254.0,TEST2RR,AKR_TEST2RR,0.0,1.0,1.0,100.0
45860,1,walk,walk,5095,,5095.0,20.0,0.0,0.0,1.0,-0.93,0.081,0.993,0.0,31.0,25.93,0.0,2.0,1317.0,33.0,3.8,-0.07,-1.04,-0.05,0.33,1.93,7.09,254.0,TEST2RR,AKR_TEST2RR,0.0,1.0,1.0,100.0
45880,1,walk,walk,5096,,5096.0,20.0,0.0,0.0,1.0,-0.94,0.092,0.683,0.0,31.0,25.93,0.0,2.0,1317.0,33.0,3.43,-0.06,-1.04,-0.05,0.16,1.91,3.4,254.0,TEST2RR,AKR_TEST2RR,0.0,1.0,1.0,100.0
45880,1,walk,walk,5097,,5097.0,20.0,0.0,0.0,1.0,-0.91,0.097,-0.081,0.0,31.0,25.93,0.0,2.0,1317.0,33.0,2.96,-0.05,-1.03,-0.06,-0.09,1.86,-0.33,254.0,TEST2RR,AKR_TEST2RR,0.0,1.0,1.0,100.0
45900,1,walk,walk,5098,,5098.0,20.0,1.0,0.0,1.0,-0.83,0.094,-0.507,0.0,31.0,25.93,0.0,3.0,1317.0,33.0,2.38,-0.04,-1.03,-0.06,-0.34,1.74,-3.6,254.0,TEST2RR,AKR_TEST2RR,0.0,1.0,1.0,100.0
45920,1,walk,walk,5099,,5099.0,20.0,1.0,0.0,1.0,-0.73,0.083,-0.986,0.0,31.0,25.93,0.0,3.0,1317.0,33.0,1.72,-0.03,-1.03,-0.07,-0.53,1.59,-5.96,254.0,TEST2RR,AKR_TEST2RR,0.0,1.0,1.0,100.0
45940,1,walk,walk,5100,,5100.0,20.0,1.0,0.0,1.0,-0.62,0.068,-0.916,0.0,31.0,25.93,0.0,3.0,1317.0,33.0,1.01,-0.02,-1.03,-0.07,-0.58,1.43,-7.11,254.0,TEST2RR,AKR_TEST2RR,0.0,1.0,1.0,100.0
45960,1,walk,walk,5101,,5101.0,20.0,1.0,0.0,1.0,-0.5,0.053,-1.052,0.0,31.0,25.93,0.0,3.0,1317.0,33.0,0.32,-0.01,-1.03,-0.08,-0.45,1.31,-6.93,254.0,TEST2RR,AKR_TEST2RR,0.0,1.0,1.0,100.0
45980,1,walk,walk,5102,,5102.0,20.0,0.0,0.0,1.0,-0.38,0.039,-0.951,0.0,31.0,25.93,0.0,2.0,1317.0,33.0,-0.31,0.01,-1.03,-0.08,-0.11,1.23,-5.5,254.0,TEST2RR,AKR_TEST2RR,0.0,1.0,1.0,100.0
46020,1,walk,walk,5103,,5103.0,20.0,1.0,0.0,1.0,-0.27,0.02,-1.299,0.0,31.0,25.93,0.0,3.0,1317.0,33.0,-0.88,0.02,-1.03,-0.09,0.44,1.2,-2.92,254.0,TEST2RR,AKR_TEST2RR,0.0,1.0,1.0,100.0
46020,1,walk,walk,5104,,5104.0,20.0,0.0,0.0,1.0,-0.18,-0.001,-1.856,0.0,31.0,25.93,0.0,2.0,1317.0,33.0,-1.37,0.02,-1.03,-0.09,1.23,1.24,0.72,254.0,TEST2RR,AKR_TEST2RR,0.0,1.0,1.0,100.0
46040,1,walk,walk,5105,,5105.0,20.0,0.0,0.0,1.0,-0.1,-0.025,-1.899,0.0,31.0,25.93,0.0,2.0,1317.0,33.0,-1.75,0.03,-1.04,-0.09,2.28,1.31,5.36,254.0,TEST2RR,AKR_TEST2RR,0.0,1.0,1.0,100.0
46080,1,walk,walk,5106,,5106.0,20.0,0.0,0.0,1.0,-0.03,-0.055,-2.075,0.0,31.0,25.93,0.0,2.0,1317.0,33.0,-2.05,0.04,-1.04,-0.1,3.56,1.41,10.98,254.0,TEST2RR,AKR_TEST2RR,0.0,1.0,1.0,100.0
46080,1,walk,walk,5107,,5107.0,20.0,0.0,0.0,1.0,0.03,-0.086,-2.079,0.0,31.0,25.93,0.0,2.0,1317.0,33.0,-2.23,0.04,-1.04,-0.1,4.96,1.53,17.59,254.0,TEST2RR,AKR_TEST2RR,0.0,1.0,1.0,100.0
46100,1,walk,walk,5108,,5108.0,20.0,0.0,0.0,1.0,0.08,-0.105,-0.578,0.0,31.0,25.93,0.0,2.0,1317.0,33.0,-2.32,0.04,-1.05,-0.1,6.28,1.57,24.98,254.0,TEST2RR,AKR_TEST2RR,0.0,1.0,1.0,100.0
46120,1,walk,walk,5109,,5109.0,20.0,0.0,0.0,1.0,0.14,-0.098,0.98,0.0,31.0,25.93,0.0,2.0,1317.0,33.0,-2.32,0.04,-1.06,-0.1,7.37,1.4,32.74,254.0,TEST2RR,AKR_TEST2RR,0.0,1.0,1.0,100.0
46160,1,walk,walk,5110,,5110.0,20.0,0.0,0.0,1.0,0.21,-0.077,1.299,0.0,31.0,25.93,0.0,2.0,1317.0,33.0,-2.24,0.04,-1.07,-0.1,8.11,0.93,40.4,254.0,TEST2RR,AKR_TEST2RR,0.0,1.0,1.0,100.0
46180,1,walk,walk,5111,,5111.0,20.0,0.0,0.0,1.0,0.31,-0.059,1.362,0.0,31.0,25.93,0.0,2.0,1317.0,33.0,-2.07,0.04,-1.09,-0.1,8.43,0.01,47.64,254.0,TEST2RR,AKR_TEST2RR,0.0,1.0,1.0,100.0
46180,1,walk,walk,5112,,5112.0,20.0,0.0,0.0,1.0,0.44,-0.041,1.131,0.0,31.0,25.93,0.0,2.0,1317.0,33.0,-1.79,0.03,-1.11,-0.1,8.28,-1.38,54.29,254.0,TEST2RR,AKR_TEST2RR,0.0,1.0,1.0,100.0
46200,1,walk,walk,5113,,5113.0,20.0,0.0,0.0,1.0,0.61,-0.019,1.255,0.0,31.0,25.93,0.0,2.0,1317.0,33.0,-1.37,0.03,-1.13,-0.1,7.66,-3.22,60.16,254.0,TEST2RR,AKR_TEST2RR,0.0,1.0,1.0,100.0
46220,1,walk,walk,5114,,5114.0,20.0,0.0,0.0,1.0,0.85,0.001,0.945,0.0,31.0,25.93,0.0,2.0,1317.0,33.0,-0.83,0.02,-1.14,-0.1,6.66,-5.55,65.08,254.0,TEST2RR,AKR_TEST2RR,0.0,1.0,1.0,100.0
46240,1,walk,walk,5115,,5115.0,20.0,0.0,0.0,1.0,1.15,-0.001,-0.281,0.0,31.0,25.93,0.0,2.0,1317.0,33.0,-0.24,0.0,-1.15,-0.09,5.41,-8.33,68.81,254.0,TEST2RR,AKR_TEST2RR,0.0,1.0,1.0,100.0
46260,1,walk,walk,5116,,5116.0,20.0,0.0,0.0,1.0,1.51,-0.004,-0.216,0.0,31.0,25.93,0.0,2.0,1317.0,33.0,0.33,-0.01,-1.16,-0.09,4.08,-11.44,71.1,254.0,TEST2RR,AKR_TEST2RR,0.0,1.0,1.0,100.0
46280,1,walk,walk,5117,,5117.0,20.0,0.0,0.0,1.0,1.96,-0.01,-0.685,0.0,31.0,25.93,0.0,2.0,1317.0,33.0,0.76,-0.02,-1.16,-0.09,2.81,-14.65,71.71,254.0,TEST2RR,AKR_TEST2RR,0.0,1.0,1.0,100.0
46320,1,walk,walk,5118,,5118.0,20.0,0.0,0.0,1.0,2.48,-0.025,-1.433,0.0,31.0,25.97,0.0,2.0,1317.0,33.0,0.99,-0.02,-1.15,-0.09,1.72,-17.53,70.47,254.0,TEST2RR,AKR_TEST2RR,0.0,1.0,1.0,100.0
46320,1,walk,walk,5119,,5119.0,20.0,0.0,0.0,1.0,3.08,-0.043,-1.082,0.0,31.0,25.93,0.0,2.0,1317.0,33.0,0.97,-0.02,-1.13,-0.08,0.91,-19.6,67.32,254.0,TEST2RR,AKR_TEST2RR,0.0,1.0,1.0,100.0
46340,1,walk,walk,5120,,5120.0,20.0,0.0,0.0,1.0,3.75,-0.059,-0.801,0.0,31.0,25.93,0.0,2.0,1317.0,33.0,0.69,-0.01,-1.11,-0.08,0.42,-20.45,62.29,254.0,TEST2RR,AKR_TEST2RR,0.0,1.0,1.0,100.0
46360,1,walk,walk,5121,,5121.0,20.0,0.0,0.0,1.0,4.48,-0.068,-0.549,0.0,31.0,25.97,0.0,2.0,1317.0,33.0,0.2,0.0,-1.09,-0.07,0.28,-19.74,55.46,254.0,TEST2RR,AKR_TEST2RR,0.0,1.0,1.0,100.0
46400,1,walk,walk,5122,,5122.0,20.0,0.0,0.0,1.0,5.27,-0.078,-0.731,0.0,31.0,25.93,0.0,2.0,1317.0,33.0,-0.42,0.01,-1.06,-0.06,0.49,-17.32,47.08,254.0,TEST2RR,AKR_TEST2RR,0.0,1.0,1.0,100.0
46400,1,walk,walk,5123,,5123.0,20.0,0.0,6.0,2.0,6.09,-0.084,-0.127,0.0,31.0,25.93,0.0,2.0,1317.0,33.0,-1.05,0.02,-1.03,-0.06,1.05,-13.29,37.44,254.0,TEST2RR,AKR_TEST2RR,0.0,1.0,1.0,100.0
46420,1,walk,walk,5124,,5124.0,20.0,0.0,6.0,2.0,6.94,-0.084,-0.049,-0.025,31.0,25.9,0.0,18.0,1317.0,33.0,-1.55,0.03,-1.01,-0.05,1.94,-7.91,26.69,254.0,TEST2RR,AKR_TEST2RR,0.0,1.0,1.0,100.0
46440,1,walk,walk,5125,,5125.0,20.0,0.0,6.0,2.0,7.79,-0.057,2.117,1.433,31.0,25.83,0.0,18.0,1317.0,33.0,-1.79,0.03,-0.99,-0.05,3.12,-1.65,15.09,254.0,TEST2RR,AKR_TEST2RR,0.0,1.0,1.0,100.0
46460,1,walk,walk,5126,,5126.0,20.0,0.0,6.0,2.0,8.62,-0.034,1.137,1.519,31.0,25.83,0.0,18.0,1317.0,33.0,-1.67,0.03,-0.97,-0.05,4.49,4.88,3.07,254.0,TEST2RR,AKR_TEST2RR,0.0,1.0,1.0,100.0
46500,1,walk,walk,5127,,5127.0,20.0,0.0,6.0,2.0,9.41,-0.024,0.397,1.826,31.0,25.83,0.0,18.0,1317.0,33.0,-1.11,0.02,-0.96,-0.06,5.93,11.12,-8.88,254.0,TEST2RR,AKR_TEST2RR,0.0,1.0,1.0,100.0
46500,1,walk,walk,5128,,5128.0,20.0,1.0,6.0,2.0,10.15,-0.019,0.238,1.883,31.0,25.86,0.0,19.0,1317.0,33.0,-0.1,0.0,-0.95,-0.06,7.26,16.58,-20.35,254.0,TEST2RR,AKR_TEST2RR,0.0,1.0,1.0,100.0
46520,1,walk,walk,5129,,5129.0,20.0,1.0,6.0,2.0,10.8,-0.016,0.218,1.7,31.0,25.86,0.0,19.0,1317.0,33.0,1.3,-0.02,-0.94,-0.07,8.33,20.94,-30.95,254.0,TEST2RR,AKR_TEST2RR,0.0,1.0,1.0,100.0
46540,1,walk,walk,5130,,5130.0,20.0,0.0,6.0,2.0,11.36,-0.014,0.111,1.476,31.0,25.9,0.0,18.0,1317.0,33.0,2.99,-0.05,-0.94,-0.08,9.02,23.98,-40.42,254.0,TEST2RR,AKR_TEST2RR,0.0,1.0,1.0,100.0
46560,1,walk,walk,5131,,5131.0,20.0,1.0,6.0,2.0,11.81,-0.011,0.156,1.198,31.0,25.9,0.0,19.0,1317.0,33.0,4.88,-0.08,-0.94,-0.09,9.25,25.63,-48.53,254.0,TEST2RR,AKR_TEST2RR,0.0,1.0,1.0,100.0
46580,1,walk,walk,5132,,5132.0,20.0,1.0,6.0,2.0,12.14,-0.009,0.206,0.87,31.0,25.9,0.0,19.0,1317.0,33.0,6.85,-0.11,-0.93,-0.11,9.02,25.9,-55.14,254.0,TEST2RR,AKR_TEST2RR,0.0,1.0,1.0,100.0
46600,1,walk,walk,5133,,5133.0,20.0,1.0,6.0,2.0,12.34,-0.006,0.185,0.492,31.0,25.93,0.0,19.0,1317.0,33.0,8.81,-0.14,-0.93,-0.11,8.35,24.9,-60.18,254.0,TEST2RR,AKR_TEST2RR,0.0,1.0,1.0,100.0
46640,1,walk,walk,5134,,5134.0,20.0,1.0,6.0,2.0,12.4,-0.004,0.131,0.186,31.0,25.9,0.0,19.0,1317.0,33.0,10.65,-0.18,-0.93,-0.12,7.35,22.85,-63.64,255.0,TEST2RR,AKR_TEST2RR,0.0,1.0,1.0,100.0
46660,1,walk,walk,5135,,5135.0,20.0,1.0,6.0,2.0,12.34,-0.001,0.191,-0.207,31.0,25.93,0.0,19.0,1317.0,33.0,12.32,-0.2,-0.93,-0.13,6.09,20.03,-65.59,255.0,TEST2RR,AKR_TEST2RR,0.0,1.0,1.0,100.0
46660,1,walk,walk,5136,,5136.0,20.0,1.0,6.0,2.0,12.14,0.001,0.13,-0.438,31.0,25.93,0.0,19.0,1317.0,33.0,13.78,-0.23,-0.93,-0.13,4.65,16.82,-66.12,255.0,TEST2RR,AKR_TEST2RR,0.0,1.0,1.0,100.0
46700,1,walk,walk,5137,,5137.0,20.0,1.0,6.0,2.0,11.82,0.003,0.16,-0.795,31.0,25.9,0.0,19.0,1317.0,33.0,15.01,-0.25,-0.93,-0.13,3.11,13.56,-65.39,255.0,TEST2RR,AKR_TEST2RR,0.0,1.0,1.0,100.0
46700,1,walk,walk,5138,,5138.0,20.0,1.0,6.0,2.0,11.39,0.006,0.233,-1.011,31.0,25.9,0.0,19.0,1317.0,33.0,16.01,-0.27,-0.93,-0.13,1.5,10.5,-63.55,255.0,TEST2RR,AKR_TEST2RR,0.0,1.0,1.0,100.0
46720,1,walk,walk,5139,,5139.0,20.0,1.0,6.0,2.0,10.86,0.009,0.221,-1.331,31.0,25.9,0.0,19.0,1317.0,33.0,16.81,-0.28,-0.93,-0.13,-0.12,7.83,-60.77,255.0,TEST2RR,AKR_TEST2RR,0.0,1.0,1.0,100.0
46740,1,walk,walk,5140,,5140.0,20.0,1.0,6.0,2.0,10.25,0.012,0.226,-1.661,31.0,25.9,0.0,19.0,1317.0,33.0,17.44,-0.29,-0.93,-0.13,-1.67,5.61,-57.17,255.0,TEST2RR,AKR_TEST2RR,0.0,1.0,1.0,100.0
46780,1,walk,walk,5141,,5141.0,20.0,1.0,6.0,2.0,9.56,0.015,0.156,-1.981,31.0,25.86,0.0,19.0,1317.0,33.0,17.94,-0.3,-0.93,-0.12,-3.12,3.79,-52.86,255.0,TEST2RR,AKR_TEST2RR,0.0,1.0,1.0,100.0
46800,1,walk,walk,5142,,5142.0,20.0,1.0,6.0,2.0,8.82,0.018,0.236,-2.265,31.0,25.83,0.0,19.0,1317.0,33.0,18.31,-0.31,-0.94,-0.12,-4.42,2.3,-47.92,255.0,TEST2RR,AKR_TEST2RR,0.0,1.0,1.0,100.0
46820,1,walk,walk,5143,,5143.0,20.0,1.0,6.0,2.0,8.05,0.02,0.183,-2.675,31.0,25.79,0.0,19.0,1317.0,33.0,18.31,-0.31,-0.94,-0.12,-5.42,1.29,-42.56,255.0,TEST2RR,AKR_TEST2RR,0.0,1.0,1.0,100.0
46840,1,walk,walk,5144,,5144.0,20.0,1.0,6.0,2.0,7.25,0.028,0.687,-4.047,31.0,25.65,0.0,19.0,1317.0,33.0,17.65,-0.3,-0.96,-0.11,-5.86,0.91,-36.74,255.0,TEST2RR,AKR_TEST2RR,0.0,1.0,1.0,100.0
46840,1,walk,walk,5145,,5145.0,20.0,1.0,6.0,2.0,6.45,0.036,0.428,-4.817,31.0,25.51,0.0,19.0,1317.0,33.0,16.39,-0.29,-0.98,-0.1,-5.67,1.26,-30.48,255.0,TEST2RR,AKR_TEST2RR,0.0,1.0,1.0,100.0
46860,1,walk,walk,5146,,5146.0,20.0,1.0,6.0,2.0,5.66,0.041,-0.028,-4.983,31.0,25.47,0.0,19.0,1317.0,33.0,14.79,-0.26,-1.0,-0.08,-4.98,2.0,-24.0,255.0,TEST2RR,AKR_TEST2RR,0.0,1.0,1.0,100.0
46900,1,walk,walk,5147,,5147.0,20.0,1.0,6.0,2.0,4.89,0.039,-0.081,-4.682,31.0,25.51,0.0,19.0,1317.0,33.0,13.07,-0.24,-1.03,-0.07,-4.01,2.83,-17.41,255.0,TEST2RR,AKR_TEST2RR,0.0,1.0,1.0,100.0
46920,1,walk,walk,5148,,5148.0,20.0,1.0,6.0,2.0,4.16,0.034,-0.624,-3.565,31.0,25.65,0.0,19.0,1317.0,33.0,11.39,-0.21,-1.05,-0.05,-3.01,3.48,-10.82,255.0,TEST2RR,AKR_TEST2RR,0.0,1.0,1.0,100.0
46920,1,walk,walk,5149,,5149.0,20.0,1.0,6.0,2.0,3.47,0.025,-0.561,-2.568,31.0,25.76,0.0,19.0,1317.0,33.0,9.85,-0.19,-1.07,-0.04,-2.15,3.79,-4.37,255.0,TEST2RR,AKR_TEST2RR,0.0,1.0,1.0,100.0
46940,1,walk,walk,5150,,5150.0,20.0,1.0,6.0,2.0,2.84,0.017,-0.441,-1.853,31.0,25.83,0.0,19.0,1317.0,33.0,8.5,-0.16,-1.09,-0.03,-1.52,3.74,1.73,255.0,TEST2RR,AKR_TEST2RR,0.0,1.0,1.0,100.0
46980,1,walk,walk,5151,,5151.0,20.0,1.0,6.0,2.0,2.27,0.011,-0.369,-1.158,31.0,25.9,0.0,19.0,1317.0,33.0,7.4,-0.14,-1.1,-0.02,-1.12,3.35,7.27,255.0,TEST2RR,AKR_TEST2RR,0.0,1.0,1.0,100.0
46980,1,walk,walk,5152,,5152.0,20.0,1.0,6.0,2.0,1.77,0.005,-0.305,-0.395,31.0,25.9,0.0,19.0,1317.0,33.0,6.53,-0.13,-1.1,-0.01,-0.89,2.68,12.03,255.0,TEST2RR,AKR_TEST2RR,0.0,1.0,1.0,100.0
47020,1,walk,walk,5153,,5153.0,20.0,1.0,6.0,2.0,1.35,0.002,-0.175,-0.101,31.0,25.9,0.0,19.0,1317.0,33.0,5.89,-0.11,-1.1,-0.01,-0.75,1.89,15.86,255.0,TEST2RR,AKR_TEST2RR,0.0,1.0,1.0,100.0
47040,1,walk,walk,5154,,5154.0,20.0,1.0,6.0,2.0,1.0,0.0,-0.1,0.193,31.0,25.9,0.0,19.0,1317.0,33.0,5.44,-0.11,-1.1,-0.01,-0.63,1.09,18.66,255.0,TEST2RR,AKR_TEST2RR,0.0,1.0,1.0,100.0
47040,1,walk,walk,5155,,5155.0,20.0,1.0,6.0,2.0,0.73,-0.001,-0.096,0.293,31.0,25.9,0.0,19.0,1317.0,33.0,5.17,-0.1,-1.1,-0.01,-0.52,0.4,20.36,255.0,TEST2RR,AKR_TEST2RR,0.0,1.0,1.0,100.0
47080,1,walk,walk,5156,,5156.0,20.0,1.0,6.0,2.0,0.54,-0.002,-0.05,0.158,31.0,25.93,0.0,19.0,1317.0,33.0,5.03,-0.1,-1.09,-0.02,-0.4,-0.12,20.96,255.0,TEST2RR,AKR_TEST2RR,0.0,1.0,1.0,100.0
47080,1,walk,walk,5157,,5157.0,20.0,1.0,6.0,2.0,0.42,-0.001,-0.007,0.043,31.0,25.93,0.0,19.0,1317.0,33.0,5.0,-0.09,-1.08,-0.02,-0.33,-0.43,20.49,255.0,TEST2RR,AKR_TEST2RR,0.0,1.0,1.0,100.0
47120,1,walk,walk,5158,,5158.0,20.0,1.0,6.0,2.0,0.38,0.0,0.158,-0.294,31.0,25.93,0.0,19.0,1317.0,33.0,5.04,-0.09,-1.07,-0.03,-0.33,-0.55,19.03,255.0,TEST2RR,AKR_TEST2RR,0.0,1.0,1.0,100.0
47140,1,walk,walk,5159,,5159.0,20.0,1.0,6.0,2.0,0.4,0.003,0.101,-0.804,31.0,25.93,0.0,19.0,1317.0,33.0,5.11,-0.1,-1.06,-0.03,-0.42,-0.49,16.73,255.0,TEST2RR,AKR_TEST2RR,0.0,1.0,1.0,100.0
47140,1,walk,walk,5160,,5160.0,20.0,0.0,6.0,2.0,0.48,0.007,0.398,-1.351,31.0,25.9,0.0,18.0,1317.0,33.0,5.15,-0.1,-1.06,-0.03,-0.56,-0.25,13.78,255.0,TEST2RR,AKR_TEST2RR,0.0,1.0,1.0,100.0
47160,1,walk,walk,5161,,5161.0,20.0,1.0,6.0,2.0,0.61,0.013,0.343,-1.977,31.0,25.86,0.0,19.0,1317.0,33.0,5.13,-0.09,-1.05,-0.04,-0.73,0.15,10.39,255.0,TEST2RR,AKR_TEST2RR,0.0,1.0,1.0,100.0
47180,1,walk,walk,5162,,5162.0,20.0,1.0,6.0,2.0,0.78,0.019,0.297,-2.542,31.0,25.83,0.0,19.0,1317.0,33.0,5.03,-0.09,-1.04,-0.04,-0.91,0.69,6.78,255.0,TEST2RR,AKR_TEST2RR,0.0,1.0,1.0,100.0
47200,1,walk,walk,5163,,5163.0,20.0,1.0,6.0,2.0,0.99,0.023,0.37,-3.051,31.0,25.76,0.0,19.0,1317.0,33.0,4.83,-0.09,-1.04,-0.05,-1.06,1.33,3.22,255.0,TEST2RR,AKR_TEST2RR,0.0,1.0,1.0,100.0
47220,1,walk,walk,5164,,5164.0,20.0,1.0,0.0,5.0,1.22,0.027,0.088,-3.41,31.0,25.72,0.0,19.0,1317.0,33.0,4.53,-0.08,-1.04,-0.05,-1.17,1.98,-0.04,255.0,TEST2RR,AKR_TEST2RR,0.0,1.0,1.0,100.0
47240,1,walk,walk,5165,,5165.0,20.0,0.0,0.0,6.0,1.45,0.028,0.021,-3.445,31.0,25.72,0.0,19.0,1317.0,33.0,4.26,-0.08,-1.03,-0.06,-1.28,2.14,-3.24,255.0,TEST2RR,AKR_TEST2RR,0.0,1.0,1.0,100.0
47280,1,walk,walk,5166,,5166.0,20.0,0.0,0.0,6.0,1.69,0.028,0.021,-3.445,31.0,25.72,0.0,39.0,1317.0,33.0,3.99,-0.07,-1.03,-0.06,-1.32,1.74,-6.06,255.0,TEST2RR,AKR_TEST2RR,0.0,1.0,1.0,100.0
47280,1,walk,walk,5167,,5167.0,20.0,0.0,0.0,6.0,1.93,0.028,0.021,-3.445,31.0,25.72,0.0,59.0,1317.0,33.0,3.65,-0.07,-1.03,-0.07,-1.29,0.89,-7.98,255.0,TEST2RR,AKR_TEST2RR,0.0,1.0,1.0,100.0
47300,1,walk,walk,5168,,5168.0,20.0,0.0,0.0,6.0,2.14,0.052,3.266,0.0,31.0,25.93,0.0,6.0,1317.0,33.0,3.23,-0.06,-1.03,-0.07,-1.14,-0.2,-8.65,255.0,TEST2RR,AKR_TEST2RR,0.0,1.0,1.0,100.0
47320,1,walk,walk,5169,,5169.0,20.0,0.0,0.0,7.0,2.34,0.035,-1.476,0.0,31.0,25.93,0.0,6.0,1317.0,33.0,2.72,-0.05,-1.03,-0.08,-0.8,-1.27,-7.72,255.0,TEST2RR,AKR_TEST2RR,0.0,1.0,1.0,100.0
47360,1,walk,walk,5170,,5170.0,20.0,0.0,0.0,7.0,2.51,0.003,-2.144,0.0,31.0,25.93,0.0,6.0,1317.0,33.0,2.12,-0.04,-1.04,-0.08,-0.22,-2.19,-4.93,255.0,TEST2RR,AKR_TEST2RR,0.0,1.0,1.0,100.0
47360,1,walk,walk,5171,,5171.0,20.0,0.0,0.0,1.0,2.65,-0.029,-2.33,0.0,31.0,25.93,0.0,6.0,1317.0,33.0,1.47,-0.03,-1.04,-0.09,0.64,-3.0,-0.17,255.0,TEST2RR,AKR_TEST2RR,0.0,1.0,1.0,100.0
47380,1,walk,walk,5172,,5172.0,20.0,0.0,0.0,1.0,2.77,-0.061,-2.015,0.0,31.0,25.93,0.0,6.0,1317.0,33.0,0.82,-0.01,-1.05,-0.09,1.66,-3.76,6.39,255.0,TEST2RR,AKR_TEST2RR,0.0,1.0,1.0,100.0
47400,1,walk,walk,5173,,5173.0,20.0,0.0,0.0,1.0,2.86,-0.087,-1.098,0.0,31.0,25.93,0.0,6.0,1317.0,33.0,0.22,0.0,-1.05,-0.1,2.66,-4.55,14.21,255.0,TEST2RR,AKR_TEST2RR,0.0,1.0,1.0,100.0
47420,1,walk,walk,5174,,5174.0,20.0,0.0,0.0,1.0,2.93,-0.085,0.806,0.0,31.0,25.93,0.0,6.0,1317.0,33.0,-0.3,0.01,-1.06,-0.1,3.46,-5.44,22.61,255.0,TEST2RR,AKR_TEST2RR,0.0,1.0,1.0,100.0
47460,1,walk,walk,5175,,5175.0,20.0,0.0,0.0,1.0,3.0,-0.064,1.658,0.0,31.0,25.93,0.0,6.0,1317.0,33.0,-0.74,0.01,-1.08,-0.1,3.95,-6.47,30.97,255.0,TEST2RR,AKR_TEST2RR,0.0,1.0,1.0,100.0
47460,1,walk,walk,5176,,5176.0,20.0,0.0,0.0,1.0,3.07,-0.041,1.366,0.0,31.0,25.93,0.0,6.0,1317.0,33.0,-1.06,0.02,-1.09,-0.1,4.03,-7.68,38.84,255.0,TEST2RR,AKR_TEST2RR,0.0,1.0,1.0,100.0
47480,1,walk,walk,5177,,5177.0,20.0,0.0,0.0,1.0,3.15,-0.02,1.228,0.0,31.0,25.97,0.0,6.0,1317.0,33.0,-1.21,0.02,-1.11,-0.1,3.7,-9.13,45.97,255.0,TEST2RR,AKR_TEST2RR,0.0,1.0,1.0,100.0
47500,1,walk,walk,5178,,5178.0,20.0,0.0,0.0,1.0,3.26,0.003,1.446,0.0,31.0,25.93,0.0,6.0,1317.0,33.0,-1.17,0.02,-1.13,-0.09,2.98,-10.8,52.23,255.0,TEST2RR,AKR_TEST2RR,0.0,1.0,1.0,100.0
47520,1,walk,walk,5179,,5179.0,20.0,0.0,0.0,1.0,3.41,0.024,1.319,0.0,31.0,25.93,0.0,6.0,1317.0,33.0,-0.93,0.02,-1.14,-0.09,1.94,-12.68,57.57,255.0,TEST2RR,AKR_TEST2RR,0.0,1.0,1.0,100.0
47540,1,walk,walk,5180,,5180.0,20.0,0.0,0.0,1.0,3.61,0.034,0.018,0.0,31.0,25.93,0.0,6.0,1317.0,33.0,-0.53,0.01,-1.15,-0.09,0.72,-14.77,61.86,255.0,TEST2RR,AKR_TEST2RR,0.0,1.0,1.0,100.0
47560,1,walk,walk,5181,,5181.0,20.0,0.0,6.0,2.0,3.86,0.029,-0.26,0.0,31.0,25.93,0.0,6.0,1317.0,33.0,-0.05,0.0,-1.15,-0.08,-0.53,-17.17,64.94,255.0,TEST2RR,AKR_TEST2RR,0.0,1.0,1.0,100.0
47600,1,walk,walk,5182,,5182.0,20.0,0.0,6.0,2.0,4.18,0.027,-0.534,0.093,31.0,25.93,0.0,18.0,1317.0,33.0,0.42,-0.01,-1.15,-0.08,-1.62,-19.98,66.52,255.0,TEST2RR,AKR_TEST2RR,0.0,1.0,1.0,100.0
47620,1,walk,walk,5183,,5183.0,20.0,0.0,6.0,2.0,4.57,0.015,-0.617,-0.263,31.0,25.93,0.0,18.0,1317.0,33.0,0.76,-0.02,-1.14,-0.08,-2.41,-23.12,66.41,255.0,TEST2RR,AKR_TEST2RR,0.0,1.0,1.0,100.0
47620,1,walk,walk,5184,,5184.0,20.0,1.0,6.0,2.0,5.03,0.007,-0.453,0.158,31.0,25.93,0.0,19.0,1317.0,33.0,0.88,-0.02,-1.12,-0.07,-2.81,-26.31,64.4,255.0,TEST2RR,AKR_TEST2RR,0.0,1.0,1.0,100.0
47640,1,walk,walk,5185,,5185.0,20.0,0.0,6.0,2.0,5.56,0.001,-0.261,0.437,31.0,25.93,0.0,18.0,1317.0,33.0,0.73,-0.01,-1.1,-0.07,-2.81,-29.06,60.41,255.0,TEST2RR,AKR_TEST2RR,0.0,1.0,1.0,100.0
47680,1,walk,walk,5186,,5186.0,20.0,1.0,6.0,2.0,6.15,-0.002,-0.162,0.463,31.0,25.93,0.0,19.0,1317.0,33.0,0.31,-0.01,-1.07,-0.06,-2.46,-30.74,54.52,255.0,TEST2RR,AKR_TEST2RR,0.0,1.0,1.0,100.0
47680,1,walk,walk,5187,,5187.0,20.0,1.0,6.0,2.0,6.8,-0.003,-0.073,0.479,31.0,25.93,0.0,19.0,1317.0,33.0,-0.33,0.01,-1.05,-0.06,-1.84,-30.78,47.02,255.0,TEST2RR,AKR_TEST2RR,0.0,1.0,1.0,100.0
47700,1,walk,walk,5188,,5188.0,20.0,1.0,6.0,2.0,7.5,-0.003,0.029,0.35,31.0,25.9,0.0,19.0,1317.0,33.0,-1.07,0.02,-1.02,-0.05,-1.03,-28.8,38.27,255.0,TEST2RR,AKR_TEST2RR,0.0,1.0,1.0,100.0
47720,1,walk,walk,5189,,5189.0,20.0,1.0,6.0,2.0,8.22,-0.003,-0.056,0.296,31.0,25.93,0.0,19.0,1317.0,33.0,-1.74,0.03,-1.0,-0.05,-0.07,-24.74,28.65,255.0,TEST2RR,AKR_TEST2RR,0.0,1.0,1.0,100.0
47760,1,walk,walk,5190,,5190.0,20.0,1.0,1.0,5.0,8.95,-0.002,-0.003,0.248,31.0,25.9,0.0,19.0,1317.0,34.0,-2.18,0.04,-0.97,-0.06,1.02,-18.92,18.55,256.0,TEST2RR,AKR_TEST2RR,0.0,1.0,1.0,100.0
47760,1,walk,walk,5191,,5191.0,20.0,0.0,1.0,5.0,9.68,-0.002,0.009,0.19,31.0,25.86,0.0,19.0,1317.0,34.0,-2.2,0.04,-0.96,-0.06,2.23,-11.97,8.27,256.0,TEST2RR,AKR_TEST2RR,0.0,1.0,1.0,100.0
47780,1,walk,walk,5192,,5192.0,20.0,0.0,1.0,6.0,10.38,-0.039,-3.104,-1.706,31.0,25.79,0.0,19.0,1317.0,34.0,-1.71,0.03,-0.94,-0.07,3.55,-4.6,-1.58,256.0,TEST2RR,AKR_TEST2RR,0.0,1.0,1.0,100.0
47800,1,walk,walk,5193,,5193.0,20.0,0.0,1.0,6.0,11.04,-0.083,-2.517,-2.626,31.0,25.65,0.0,19.0,1317.0,34.0,-0.7,0.01,-0.93,-0.08,4.89,2.53,-10.58,256.0,TEST2RR,AKR_TEST2RR,0.0,1.0,1.0,100.0
47820,1,walk,walk,5194,,5194.0,20.0,0.0,1.0,6.0,11.64,-0.117,-2.043,-3.478,31.0,25.58,0.0,19.0,1317.0,34.0,0.76,-0.01,-0.92,-0.09,6.05,8.81,-18.54,256.0,TEST2RR,AKR_TEST2RR,0.0,1.0,1.0,100.0
47840,1,walk,walk,5195,,5195.0,20.0,0.0,1.0,6.0,12.16,-0.144,-1.444,-4.179,31.0,25.47,0.0,19.0,1317.0,34.0,2.57,-0.04,-0.91,-0.11,6.92,13.82,-25.36,256.0,TEST2RR,AKR_TEST2RR,0.0,1.0,1.0,100.0
47860,1,walk,walk,5196,,5196.0,20.0,0.0,1.0,6.0,12.59,-0.163,-1.045,-5.0,31.0,25.37,0.0,19.0,1317.0,34.0,4.6,-0.07,-0.91,-0.12,7.42,17.26,-31.01,256.0,TEST2RR,AKR_TEST2RR,0.0,1.0,1.0,100.0
47880,1,walk,walk,5197,,5197.0,20.0,0.0,1.0,6.0,12.92,-0.175,-0.818,-5.727,31.0,25.26,0.0,19.0,1317.0,34.0,6.73,-0.11,-0.9,-0.13,7.46,19.1,-35.5,256.0,TEST2RR,AKR_TEST2RR,0.0,1.0,1.0,100.0
47900,1,walk,walk,5198,,5198.0,20.0,0.0,1.0,6.0,13.15,-0.182,-0.258,-6.377,31.0,25.12,0.0,19.0,1317.0,34.0,8.88,-0.14,-0.89,-0.15,7.01,19.41,-38.91,256.0,TEST2RR,AKR_TEST2RR,0.0,1.0,1.0,100.0
47940,1,walk,walk,5199,,5199.0,20.0,0.0,1.0,6.0,13.27,-0.184,-0.006,-7.077,31.0,24.98,0.0,19.0,1317.0,34.0,10.99,-0.17,-0.89,-0.16,6.05,18.39,-41.34,256.0,TEST2RR,AKR_TEST2RR,0.0,1.0,1.0,100.0
47980,1,walk,walk,5200,,5200.0,20.0,0.0,1.0,6.0,13.29,-0.184,0.032,-7.467,31.0,24.88,0.0,19.0,1317.0,34.0,13.01,-0.2,-0.88,-0.17,4.6,16.29,-42.85,256.0,TEST2RR,AKR_TEST2RR,0.0,1.0,1.0,100.0
47980,1,walk,walk,5201,,5201.0,20.0,0.0,1.0,6.0,13.21,-0.184,0.052,-7.726,31.0,24.81,0.0,19.0,1317.0,34.0,14.77,-0.23,-0.88,-0.17,2.7,13.4,-43.57,256.0,TEST2RR,AKR_TEST2RR,0.0,1.0,1.0,100.0
48000,1,walk,walk,5202,,5202.0,20.0,0.0,3.0,7.0,13.04,-0.17,1.319,-10.249,31.0,24.14,0.0,19.0,1317.0,34.0,16.15,-0.26,-0.89,-0.16,0.87,10.67,-43.07,256.0,TEST2RR,AKR_TEST2RR,0.0,1.0,1.0,100.0
48000,1,walk,walk,5203,,5203.0,20.0,0.0,3.0,7.0,12.78,-0.159,0.825,-10.278,31.0,24.04,0.0,19.0,1317.0,34.0,17.08,-0.28,-0.91,-0.15,-0.53,8.9,-41.17,256.0,TEST2RR,AKR_TEST2RR,0.0,1.0,1.0,100.0
48020,1,walk,walk,5204,,5204.0,20.0,1.0,3.0,7.0,12.45,-0.147,0.826,-10.324,31.0,23.93,0.0,20.0,1317.0,34.0,17.58,-0.3,-0.93,-0.13,-1.39,8.3,-37.84,256.0,TEST2RR,AKR_TEST2RR,0.0,1.0,1.0,100.0
48040,1,walk,walk,5205,,5205.0,20.0,0.0,3.0,7.0,12.07,-0.134,0.685,-10.475,31.0,23.93,0.0,19.0,1317.0,34.0,17.76,-0.31,-0.96,-0.11,-1.77,8.67,-33.26,256.0,TEST2RR,AKR_TEST2RR,0.0,1.0,1.0,100.0
48080,1,walk,walk,5206,,5206.0,20.0,0.0,3.0,7.0,11.63,-0.122,0.728,-10.075,31.0,24.18,0.0,19.0,1317.0,34.0,17.74,-0.32,-0.99,-0.08,-1.81,9.59,-27.74,256.0,TEST2RR,AKR_TEST2RR,0.0,1.0,1.0,100.0
48100,1,walk,walk,5207,,5207.0,20.0,0.0,3.0,7.0,11.16,-0.115,0.263,-8.734,31.0,24.63,0.0,19.0,1317.0,34.0,17.58,-0.32,-1.01,-0.06,-1.64,10.53,-21.71,256.0,TEST2RR,AKR_TEST2RR,0.0,1.0,1.0,100.0
48100,1,walk,walk,5208,,5208.0,20.0,0.0,3.0,7.0,10.67,-0.108,0.557,-7.418,31.0,25.02,0.0,19.0,1317.0,34.0,17.32,-0.32,-1.04,-0.04,-1.38,11.15,-15.55,256.0,TEST2RR,AKR_TEST2RR,0.0,1.0,1.0,100.0
48120,1,walk,walk,5209,,5209.0,20.0,0.0,3.0,7.0,10.18,-0.102,0.264,-5.673,31.0,25.37,0.0,19.0,1317.0,34.0,17.02,-0.32,-1.05,-0.03,-1.15,11.25,-9.6,256.0,TEST2RR,AKR_TEST2RR,0.0,1.0,1.0,100.0
48140,1,walk,walk,5210,,5210.0,20.0,0.0,3.0,7.0,9.69,-0.097,0.315,-4.283,31.0,25.62,0.0,19.0,1317.0,34.0,16.71,-0.32,-1.07,-0.02,-1.04,10.72,-4.2,256.0,TEST2RR,AKR_TEST2RR,0.0,1.0,1.0,100.0
48160,1,walk,walk,5211,,5211.0,20.0,0.0,0.0,1.0,9.23,-0.087,0.853,-3.117,31.0,25.79,0.0,19.0,1317.0,34.0,16.41,-0.32,-1.07,-0.01,-1.09,9.51,0.31,256.0,TEST2RR,AKR_TEST2RR,0.0,1.0,1.0,100.0
48180,1,walk,walk,5212,,5212.0,20.0,0.0,0.0,1.0,8.8,-0.07,1.212,-1.658,31.0,25.79,0.0,19.0,1317.0,34.0,16.17,-0.31,-1.08,-0.01,-1.3,7.37,3.5,256.0,TEST2RR,AKR_TEST2RR,0.0,1.0,1.0,100.0
48200,1,walk,walk,5213,,5213.0,20.0,0.0,0.0,1.0,8.41,-0.07,1.212,-1.658,31.0,25.79,0.0,39.0,1317.0,34.0,15.91,-0.31,-1.08,-0.01,-1.68,4.47,5.2,256.0,TEST2RR,AKR_TEST2RR,0.0,1.0,1.0,100.0
48240,1,walk,walk,5214,,5214.0,20.0,0.0,0.0,1.0,8.08,-0.07,1.212,-1.658,31.0,25.79,0.0,59.0,1317.0,34.0,15.61,-0.3,-1.07,-0.01,-2.13,1.28,5.73,256.0,TEST2RR,AKR_TEST2RR,0.0,1.0,1.0,100.0
48240,1,walk,walk,5215,,5215.0,20.0,0.0,0.0,1.0,7.79,-0.027,12.545,0.0,31.0,26.04,0.0,5.0,1317.0,34.0,15.23,-0.29,-1.07,-0.01,-2.61,-1.77,5.4,256.0,TEST2RR,AKR_TEST2RR,0.0,1.0,1.0,100.0
48260,1,walk,walk,5216,,5216.0,20.0,0.0,0.0,1.0,7.57,-0.025,0.122,0.0,31.0,25.93,0.0,5.0,1317.0,34.0,14.79,-0.28,-1.06,-0.02,-3.07,-4.39,4.45,256.0,TEST2RR,AKR_TEST2RR,0.0,1.0,1.0,100.0
48280,1,walk,walk,5217,,5217.0,20.0,0.0,0.0,1.0,7.39,-0.021,0.277,0.0,32.0,25.93,0.0,5.0,1317.0,34.0,14.28,-0.27,-1.06,-0.02,-3.51,-6.42,3.06,256.0,TEST2RR,AKR_TEST2RR,0.0,1.0,1.0,100.0
48320,1,walk,walk,5218,,5218.0,20.0,0.0,0.0,1.0,7.27,-0.014,0.669,0.0,32.0,25.93,0.0,5.0,1317.0,34.0,13.71,-0.26,-1.05,-0.02,-3.94,-7.84,1.31,256.0,TEST2RR,AKR_TEST2RR,0.0,1.0,1.0,100.0
48320,1,walk,walk,5219,,5219.0,20.0,0.0,0.0,1.0,7.2,-0.006,0.418,0.0,32.0,25.93,0.0,5.0,1317.0,34.0,13.08,-0.24,-1.04,-0.03,-4.35,-8.67,-0.75,256.0,TEST2RR,AKR_TEST2RR,0.0,1.0,1.0,100.0
48340,1,walk,walk,5220,,5220.0,20.0,1.0,0.0,1.0,7.17,0.002,0.596,0.0,32.0,25.93,0.0,6.0,1317.0,34.0,12.4,-0.23,-1.04,-0.03,-4.76,-8.97,-3.03,256.0,TEST2RR,AKR_TEST2RR,0.0,1.0,1.0,100.0
48360,1,walk,walk,5221,,5221.0,20.0,1.0,0.0,1.0,7.17,0.014,1.096,0.0,32.0,25.93,0.0,6.0,1317.0,34.0,11.66,-0.21,-1.03,-0.04,-5.13,-8.84,-5.49,256.0,TEST2RR,AKR_TEST2RR,0.0,1.0,1.0,100.0
48420,1,walk,walk,5222,,5222.0,20.0,1.0,0.0,1.0,7.19,0.028,0.892,0.0,32.0,25.93,0.0,6.0,1317.0,34.0,10.87,-0.2,-1.03,-0.04,-5.45,-8.36,-8.12,256.0,TEST2RR,AKR_TEST2RR,0.0,1.0,1.0,100.0
48420,1,walk,walk,5223,,5223.0,20.0,1.0,0.0,1.0,7.24,0.044,1.103,0.0,32.0,25.93,0.0,6.0,1317.0,34.0,10.06,-0.18,-1.03,-0.05,-5.7,-7.67,-10.91,256.0,TEST2RR,AKR_TEST2RR,0.0,1.0,1.0,100.0
48440,1,walk,walk,5224,,5224.0,20.0,1.0,0.0,1.0,7.28,0.06,1.066,0.0,32.0,25.93,0.0,6.0,1317.0,34.0,9.22,-0.17,-1.03,-0.05,-5.89,-6.86,-13.81,256.0,TEST2RR,AKR_TEST2RR,0.0,1.0,1.0,100.0
48460,1,walk,walk,5225,,5225.0,20.0,1.0,0.0,1.0,7.33,0.075,0.724,0.0,32.0,25.93,0.0,6.0,1317.0,34.0,8.35,-0.15,-1.02,-0.06,-6.0,-6.01,-16.78,256.0,TEST2RR,AKR_TEST2RR,0.0,1.0,1.0,100.0
48460,1,walk,walk,5226,,5226.0,20.0,1.0,0.0,1.0,7.37,0.082,0.246,0.0,32.0,25.93,0.0,6.0,1317.0,34.0,7.45,-0.13,-1.02,-0.06,-6.05,-5.17,-19.62,256.0,TEST2RR,AKR_TEST2RR,0.0,1.0,1.0,100.0
48480,1,walk,walk,5227,,5227.0,20.0,1.0,0.0,1.0,7.39,0.082,-0.065,0.0,32.0,25.93,0.0,6.0,1317.0,34.0,6.49,-0.12,-1.02,-0.06,-6.0,-4.37,-21.97,256.0,TEST2RR,AKR_TEST2RR,0.0,1.0,1.0,100.0
48500,1,walk,walk,5228,,5228.0,20.0,1.0,0.0,1.0,7.38,0.078,-0.661,0.0,32.0,25.93,0.0,6.0,1317.0,34.0,5.48,-0.1,-1.02,-0.07,-5.84,-3.66,-23.48,256.0,TEST2RR,AKR_TEST2RR,0.0,1.0,1.0,100.0
48520,1,walk,walk,5229,,5229.0,20.0,1.0,0.0,1.0,7.35,0.064,-1.193,0.0,32.0,25.93,0.0,6.0,1317.0,34.0,4.43,-0.08,-1.02,-0.07,-5.52,-3.07,-23.79,256.0,TEST2RR,AKR_TEST2RR,0.0,1.0,1.0,100.0
48560,1,walk,walk,5230,,5230.0,20.0,0.0,6.0,2.0,7.28,0.043,-1.347,0.0,32.0,25.93,0.0,5.0,1317.0,34.0,3.35,-0.06,-1.03,-0.08,-5.01,-2.53,-22.61,256.0,TEST2RR,AKR_TEST2RR,0.0,1.0,1.0,100.0
48580,1,walk,walk,5231,,5231.0,20.0,0.0,6.0,2.0,7.17,0.037,-1.424,0.286,32.0,25.9,0.0,18.0,1317.0,34.0,2.31,-0.04,-1.03,-0.08,-4.28,-2.06,-19.88,256.0,TEST2RR,AKR_TEST2RR,0.0,1.0,1.0,100.0
48580,1,walk,walk,5232,,5232.0,20.0,0.0,6.0,2.0,7.03,0.019,-1.013,0.149,32.0,25.93,0.0,18.0,1317.0,34.0,1.34,-0.02,-1.03,-0.09,-3.3,-1.67,-15.74,256.0,TEST2RR,AKR_TEST2RR,0.0,1.0,1.0,100.0
48600,1,walk,walk,5233,,5233.0,20.0,0.0,6.0,2.0,6.85,0.007,-0.684,0.601,32.0,25.93,0.0,18.0,1317.0,34.0,0.52,-0.01,-1.04,-0.09,-2.08,-1.37,-10.47,256.0,TEST2RR,AKR_TEST2RR,0.0,1.0,1.0,100.0
48620,1,walk,walk,5234,,5234.0,20.0,1.0,6.0,2.0,6.64,-0.001,-0.508,1.157,32.0,25.9,0.0,19.0,1317.0,34.0,-0.13,0.0,-1.04,-0.1,-0.69,-1.19,-4.47,256.0,TEST2RR,AKR_TEST2RR,0.0,1.0,1.0,100.0
48640,1,walk,walk,5235,,5235.0,20.0,0.0,6.0,2.0,6.41,-0.008,-0.436,1.452,32.0,25.9,0.0,18.0,1317.0,34.0,-0.58,0.01,-1.04,-0.1,0.81,-1.13,1.87,256.0,TEST2RR,AKR_TEST2RR,0.0,1.0,1.0,100.0
48660,1,walk,walk,5236,,5236.0,20.0,1.0,6.0,2.0,6.16,-0.01,-0.045,1.342,32.0,25.9,0.0,19.0,1317.0,34.0,-0.87,0.02,-1.05,-0.1,2.34,-1.18,8.19,256.0,TEST2RR,AKR_TEST2RR,0.0,1.0,1.0,100.0
48680,1,walk,walk,5237,,5237.0,20.0,0.0,6.0,2.0,5.91,-0.01,0.003,1.221,32.0,25.9,0.0,18.0,1317.0,34.0,-1.01,0.02,-1.05,-0.1,3.82,-1.3,14.31,256.0,TEST2RR,AKR_TEST2RR,0.0,1.0,1.0,100.0
48720,1,walk,walk,5238,,5238.0,20.0,1.0,6.0,2.0,5.66,-0.01,0.036,1.107,32.0,25.9,0.0,19.0,1317.0,34.0,-1.06,0.02,-1.06,-0.1,5.2,-1.5,20.17,257.0,TEST2RR,AKR_TEST2RR,0.0,1.0,1.0,100.0
48740,1,walk,walk,5239,,5239.0,20.0,1.0,6.0,2.0,5.43,-0.009,0.015,0.966,32.0,25.9,0.0,19.0,1317.0,34.0,-1.04,0.02,-1.07,-0.1,6.4,-1.81,25.88,257.0,TEST2RR,AKR_TEST2RR,0.0,1.0,1.0,100.0
48740,1,walk,walk,5240,,5240.0,20.0,1.0,6.0,2.0,5.23,-0.007,0.08,0.887,32.0,25.9,0.0,19.0,1317.0,34.0,-1.01,0.02,-1.08,-0.1,7.33,-2.27,31.6,257.0,TEST2RR,AKR_TEST2RR,0.0,1.0,1.0,100.0
48760,1,walk,walk,5241,,5241.0,20.0,1.0,6.0,2.0,5.06,-0.006,0.142,0.575,32.0,25.9,0.0,19.0,1317.0,34.0,-0.95,0.02,-1.09,-0.09,7.91,-2.91,37.51,257.0,TEST2RR,AKR_TEST2RR,0.0,1.0,1.0,100.0
48780,1,walk,walk,5242,,5242.0,20.0,1.0,6.0,2.0,4.95,-0.004,0.081,0.173,32.0,25.93,0.0,19.0,1317.0,34.0,-0.86,0.02,-1.11,-0.09,8.07,-3.69,43.71,257.0,TEST2RR,AKR_TEST2RR,0.0,1.0,1.0,100.0
48820,1,walk,walk,5243,,5243.0,20.0,1.0,6.0,2.0,4.88,0.0,0.24,-0.425,32.0,25.9,0.0,19.0,1317.0,34.0,-0.7,0.01,-1.13,-0.09,7.78,-4.67,50.12,257.0,TEST2RR,AKR_TEST2RR,0.0,1.0,1.0,100.0
48820,1,walk,walk,5244,,5244.0,20.0,1.0,6.0,2.0,4.88,0.003,0.224,-0.879,32.0,25.9,0.0,19.0,1317.0,34.0,-0.46,0.01,-1.14,-0.09,7.09,-5.95,56.44,257.0,TEST2RR,AKR_TEST2RR,0.0,1.0,1.0,100.0
48840,1,walk,walk,5245,,5245.0,20.0,1.0,6.0,2.0,4.96,0.004,-0.049,-0.542,32.0,25.9,0.0,19.0,1317.0,34.0,-0.2,0.0,-1.16,-0.09,6.06,-7.46,61.98,257.0,TEST2RR,AKR_TEST2RR,0.0,1.0,1.0,100.0
48860,1,walk,walk,5246,,5246.0,20.0,1.0,6.0,2.0,5.11,0.003,-0.019,-0.431,32.0,25.9,0.0,19.0,1317.0,34.0,0.01,0.0,-1.16,-0.09,4.84,-9.14,66.06,257.0,TEST2RR,AKR_TEST2RR,0.0,1.0,1.0,100.0
48900,1,walk,walk,5247,,5247.0,20.0,1.0,6.0,2.0,5.34,0.002,-0.173,-0.1,32.0,25.9,0.0,19.0,1317.0,34.0,0.12,0.0,-1.15,-0.09,3.55,-10.87,68.15,257.0,TEST2RR,AKR_TEST2RR,0.0,1.0,1.0,100.0
48900,1,walk,walk,5248,,5248.0,20.0,1.0,6.0,2.0,5.65,0.001,-0.056,-0.006,32.0,25.93,0.0,19.0,1317.0,34.0,0.08,0.0,-1.14,-0.08,2.28,-12.53,67.87,257.0,TEST2RR,AKR_TEST2RR,0.0,1.0,1.0,100.0
48920,1,walk,walk,5249,,5249.0,20.0,1.0,6.0,2.0,6.05,-0.001,0.005,0.194,32.0,25.9,0.0,19.0,1317.0,34.0,-0.13,0.0,-1.11,-0.08,1.11,-13.91,65.05,257.0,TEST2RR,AKR_TEST2RR,0.0,1.0,1.0,100.0
48960,1,walk,walk,5250,,5250.0,20.0,1.0,6.0,2.0,6.52,-0.001,-0.089,0.265,32.0,25.9,0.0,19.0,1317.0,34.0,-0.51,0.01,-1.08,-0.08,0.1,-14.76,59.76,257.0,TEST2RR,AKR_TEST2RR,0.0,1.0,1.0,100.0
48960,1,walk,walk,5251,,5251.0,20.0,1.0,6.0,2.0,7.07,-0.002,-0.049,0.383,32.0,25.93,0.0,19.0,1317.0,34.0,-1.02,0.02,-1.05,-0.08,-0.71,-14.79,52.22,257.0,TEST2RR,AKR_TEST2RR,0.0,1.0,1.0,100.0
48980,1,walk,walk,5252,,5252.0,20.0,1.0,1.0,5.0,7.68,-0.003,0.038,0.364,32.0,25.9,0.0,19.0,1317.0,35.0,-1.57,0.03,-1.02,-0.07,-1.3,-13.69,42.83,257.0,TEST2RR,AKR_TEST2RR,0.0,1.0,1.0,100.0
49020,1,walk,walk,5253,,5253.0,20.0,0.0,1.0,5.0,8.33,-0.003,-0.029,0.35,32.0,25.86,0.0,19.0,1317.0,35.0,-2.03,0.03,-0.98,-0.07,-1.63,-10.97,32.23,257.0,TEST2RR,AKR_TEST2RR,0.0,1.0,1.0,100.0
49060,1,walk,walk,5254,,5254.0,20.0,0.0,1.0,5.0,9.02,-0.043,-3.26,-1.336,32.0,25.79,0.0,19.0,1317.0,35.0,-2.22,0.04,-0.95,-0.07,-1.76,-6.61,21.19,257.0,TEST2RR,AKR_TEST2RR,0.0,1.0,1.0,100.0
49080,1,walk,walk,5255,,5255.0,20.0,0.0,1.0,5.0,9.71,-0.088,-2.603,-2.249,32.0,25.72,0.0,19.0,1317.0,35.0,-2.0,0.03,-0.93,-0.07,-1.69,-0.95,10.29,257.0,TEST2RR,AKR_TEST2RR,0.0,1.0,1.0,100.0
49080,1,walk,walk,5256,,5256.0,20.0,0.0,1.0,5.0,10.39,-0.124,-2.192,-3.068,32.0,25.62,0.0,19.0,1317.0,35.0,-1.24,0.02,-0.91,-0.08,-1.43,5.35,-0.14,257.0,TEST2RR,AKR_TEST2RR,0.0,1.0,1.0,100.0
49080,1,walk,walk,5257,,5257.0,20.0,0.0,1.0,6.0,11.04,-0.152,-1.681,-3.705,32.0,25.54,0.0,19.0,1317.0,35.0,0.1,0.0,-0.89,-0.09,-0.99,11.49,-9.83,257.0,TEST2RR,AKR_TEST2RR,0.0,1.0,1.0,100.0
49100,1,walk,walk,5258,,5258.0,20.0,0.0,1.0,6.0,11.63,-0.171,-1.014,-4.673,32.0,25.44,0.0,19.0,1317.0,35.0,1.99,-0.03,-0.88,-0.1,-0.42,16.7,-18.59,257.0,TEST2RR,AKR_TEST2RR,0.0,1.0,1.0,100.0
49120,1,walk,walk,5259,,5259.0,20.0,0.0,1.0,6.0,12.16,-0.186,-0.825,-5.257,32.0,25.33,0.0,19.0,1317.0,35.0,4.35,-0.07,-0.87,-0.11,0.18,20.47,-26.31,257.0,TEST2RR,AKR_TEST2RR,0.0,1.0,1.0,100.0
49140,1,walk,walk,5260,,5260.0,20.0,0.0,1.0,6.0,12.6,-0.194,-0.452,-5.843,32.0,25.23,0.0,19.0,1317.0,35.0,7.04,-0.11,-0.87,-0.13,0.65,22.61,-32.86,257.0,TEST2RR,AKR_TEST2RR,0.0,1.0,1.0,100.0
49160,1,walk,walk,5261,,5261.0,20.0,0.0,1.0,6.0,12.95,-0.199,-0.244,-6.484,32.0,25.12,0.0,19.0,1317.0,35.0,9.93,-0.15,-0.86,-0.14,0.8,23.26,-38.19,257.0,TEST2RR,AKR_TEST2RR,0.0,1.0,1.0,100.0
49180,1,walk,walk,5262,,5262.0,20.0,0.0,1.0,6.0,13.2,-0.202,-0.226,-6.816,32.0,25.05,0.0,19.0,1317.0,35.0,12.91,-0.2,-0.86,-0.16,0.49,22.66,-42.13,257.0,TEST2RR,AKR_TEST2RR,0.0,1.0,1.0,100.0
49220,1,walk,walk,5263,,5263.0,20.0,0.0,1.0,6.0,13.35,-0.202,-0.014,-7.121,32.0,24.98,0.0,19.0,1317.0,35.0,15.76,-0.24,-0.87,-0.17,-0.28,21.14,-44.62,257.0,TEST2RR,AKR_TEST2RR,0.0,1.0,1.0,100.0
49240,1,walk,walk,5264,,5264.0,20.0,0.0,1.0,6.0,13.39,-0.199,0.769,-8.135,32.0,24.74,0.0,19.0,1317.0,35.0,18.15,-0.29,-0.88,-0.17,-1.02,19.66,-45.3,257.0,TEST2RR,AKR_TEST2RR,0.0,1.0,1.0,100.0
49240,1,walk,walk,5265,,5265.0,20.0,0.0,3.0,7.0,13.33,-0.188,0.244,-8.643,32.0,24.56,0.0,19.0,1317.0,35.0,19.85,-0.32,-0.9,-0.16,-1.37,18.74,-44.09,257.0,TEST2RR,AKR_TEST2RR,0.0,1.0,1.0,100.0
49280,1,walk,walk,5266,,5266.0,20.0,0.0,3.0,7.0,13.19,-0.179,0.518,-9.267,32.0,24.42,0.0,19.0,1317.0,35.0,20.86,-0.35,-0.93,-0.14,-1.29,18.47,-41.05,257.0,TEST2RR,AKR_TEST2RR,0.0,1.0,1.0,100.0
49280,1,walk,walk,5267,,5267.0,20.0,0.0,3.0,7.0,12.96,-0.17,0.71,-9.613,32.0,24.32,0.0,19.0,1317.0,35.0,21.28,-0.37,-0.95,-0.12,-0.89,18.69,-36.48,257.0,TEST2RR,AKR_TEST2RR,0.0,1.0,1.0,100.0
49300,1,walk,walk,5268,,5268.0,20.0,0.0,3.0,7.0,12.67,-0.159,0.483,-9.232,32.0,24.46,0.0,19.0,1317.0,35.0,21.32,-0.38,-0.98,-0.1,-0.34,19.01,-30.75,257.0,TEST2RR,AKR_TEST2RR,0.0,1.0,1.0,100.0
49320,1,walk,walk,5269,,5269.0,20.0,0.0,3.0,7.0,12.32,-0.157,-0.096,-7.653,32.0,24.88,0.0,19.0,1317.0,35.0,21.08,-0.39,-1.01,-0.07,0.21,19.04,-24.32,257.0,TEST2RR,AKR_TEST2RR,0.0,1.0,1.0,100.0
49340,1,walk,walk,5270,,5270.0,20.0,0.0,3.0,7.0,11.93,-0.155,0.263,-6.688,32.0,25.16,0.0,19.0,1317.0,35.0,20.67,-0.39,-1.03,-0.05,0.64,18.55,-17.6,257.0,TEST2RR,AKR_TEST2RR,0.0,1.0,1.0,100.0
49380,1,walk,walk,5271,,5271.0,20.0,0.0,3.0,7.0,11.52,-0.151,0.072,-5.312,32.0,25.4,0.0,19.0,1317.0,35.0,20.17,-0.39,-1.05,-0.04,0.87,17.51,-10.98,257.0,TEST2RR,AKR_TEST2RR,0.0,1.0,1.0,100.0
49380,1,walk,walk,5272,,5272.0,20.0,0.0,3.0,7.0,11.11,-0.149,0.171,-4.015,32.0,25.65,0.0,19.0,1317.0,35.0,19.66,-0.38,-1.06,-0.02,0.84,15.92,-4.88,257.0,TEST2RR,AKR_TEST2RR,0.0,1.0,1.0,100.0
49400,1,walk,walk,5273,,5273.0,20.0,0.0,0.0,1.0,10.7,-0.142,0.559,-2.9,32.0,25.79,0.0,19.0,1317.0,35.0,19.17,-0.37,-1.07,-0.02,0.57,13.9,0.27,257.0,TEST2RR,AKR_TEST2RR,0.0,1.0,1.0,100.0
49420,1,walk,walk,5274,,5274.0,20.0,0.0,0.0,1.0,10.32,-0.142,0.559,-2.9,32.0,25.79,0.0,39.0,1317.0,35.0,18.77,-0.36,-1.07,-0.01,0.15,11.75,3.86,257.0,TEST2RR,AKR_TEST2RR,0.0,1.0,1.0,100.0
49440,1,walk,walk,5275,,5275.0,20.0,0.0,0.0,1.0,9.97,-0.142,0.559,-2.9,32.0,25.79,0.0,59.0,1317.0,35.0,18.4,-0.36,-1.07,-0.01,-0.35,9.67,5.8,257.0,TEST2RR,AKR_TEST2RR,0.0,1.0,1.0,100.0
49460,1,walk,walk,5276,,5276.0,20.0,0.0,0.0,1.0,9.66,-0.142,0.559,-2.9,32.0,25.79,0.0,79.0,1317.0,35.0,18.02,-0.35,-1.07,-0.01,-0.84,7.76,6.51,257.0,TEST2RR,AKR_TEST2RR,0.0,1.0,1.0,100.0
49480,1,walk,walk,5277,,5277.0,20.0,0.0,0.0,1.0,9.41,-0.088,11.637,0.0,32.0,25.97,0.0,3.0,1317.0,35.0,17.61,-0.34,-1.06,-0.02,-1.26,6.13,6.3,257.0,TEST2RR,AKR_TEST2RR,0.0,1.0,1.0,100.0
49500,1,walk,walk,5278,,5278.0,20.0,0.0,0.0,1.0,9.2,-0.088,0.07,0.0,32.0,25.93,0.0,3.0,1317.0,35.0,17.16,-0.33,-1.06,-0.02,-1.59,4.81,5.44,257.0,TEST2RR,AKR_TEST2RR,0.0,1.0,1.0,100.0
49520,1,walk,walk,5279,,5279.0,20.0,0.0,0.0,1.0,9.05,-0.085,0.16,0.0,32.0,25.93,0.0,3.0,1317.0,35.0,16.68,-0.31,-1.05,-0.03,-1.83,3.82,4.11,257.0,TEST2RR,AKR_TEST2RR,0.0,1.0,1.0,100.0
49560,1,walk,walk,5280,,5280.0,20.0,0.0,0.0,1.0,8.95,-0.081,0.158,0.0,32.0,25.93,0.0,3.0,1317.0,35.0,16.17,-0.3,-1.04,-0.03,-2.02,3.12,2.45,257.0,TEST2RR,AKR_TEST2RR,0.0,1.0,1.0,100.0
49560,1,walk,walk,5281,,5281.0,20.0,0.0,0.0,1.0,8.9,-0.077,0.203,0.0,32.0,25.93,0.0,3.0,1317.0,35.0,15.62,-0.29,-1.04,-0.04,-2.16,2.65,0.57,257.0,TEST2RR,AKR_TEST2RR,0.0,1.0,1.0,100.0
49580,1,walk,walk,5282,,5282.0,20.0,1.0,0.0,1.0,8.89,-0.073,0.25,0.0,32.0,25.93,0.0,4.0,1317.0,35.0,15.03,-0.28,-1.03,-0.04,-2.28,2.37,-1.42,257.0,TEST2RR,AKR_TEST2RR,0.0,1.0,1.0,100.0
49600,1,walk,walk,5283,,5283.0,20.0,1.0,0.0,1.0,8.91,-0.068,0.461,0.0,32.0,25.93,0.0,4.0,1317.0,35.0,14.39,-0.26,-1.03,-0.05,-2.37,2.23,-3.42,257.0,TEST2RR,AKR_TEST2RR,0.0,1.0,1.0,100.0
49620,1,walk,walk,5284,,5284.0,20.0,1.0,0.0,1.0,8.96,-0.059,0.456,0.0,32.0,25.93,0.0,4.0,1317.0,35.0,13.71,-0.25,-1.02,-0.05,-2.42,2.18,-5.38,257.0,TEST2RR,AKR_TEST2RR,0.0,1.0,1.0,100.0
49640,1,walk,walk,5285,,5285.0,20.0,1.0,0.0,1.0,9.02,-0.051,0.536,0.0,32.0,25.93,0.0,4.0,1317.0,35.0,13.02,-0.24,-1.02,-0.06,-2.4,2.18,-7.31,257.0,TEST2RR,AKR_TEST2RR,0.0,1.0,1.0,100.0
49660,1,walk,walk,5286,,5286.0,20.0,1.0,0.0,1.0,9.1,-0.043,0.69,0.0,32.0,25.93,0.0,4.0,1317.0,35.0,12.31,-0.22,-1.02,-0.06,-2.3,2.22,-9.17,257.0,TEST2RR,AKR_TEST2RR,0.0,1.0,1.0,100.0
49700,1,walk,walk,5287,,5287.0,20.0,1.0,0.0,1.0,9.18,-0.03,0.782,0.0,32.0,25.93,0.0,4.0,1317.0,35.0,11.62,-0.21,-1.02,-0.06,-2.14,2.24,-11.05,258.0,TEST2RR,AKR_TEST2RR,0.0,1.0,1.0,100.0
49720,1,walk,walk,5288,,5288.0,20.0,1.0,0.0,1.0,9.25,-0.019,0.728,0.0,32.0,25.93,0.0,4.0,1317.0,35.0,10.95,-0.2,-1.02,-0.07,-1.91,2.25,-12.94,258.0,TEST2RR,AKR_TEST2RR,0.0,1.0,1.0,100.0
49720,1,walk,walk,5289,,5289.0,20.0,1.0,6.0,2.0,9.31,-0.006,0.737,0.0,32.0,25.93,0.0,4.0,1317.0,35.0,10.3,-0.18,-1.02,-0.07,-1.62,2.22,-14.85,258.0,TEST2RR,AKR_TEST2RR,0.0,1.0,1.0,100.0
49740,1,walk,walk,5290,,5290.0,20.0,0.0,6.0,2.0,9.36,-0.004,0.832,-0.06,32.0,25.9,0.0,18.0,1317.0,35.0,9.64,-0.17,-1.02,-0.08,-1.28,2.16,-16.66,258.0,TEST2RR,AKR_TEST2RR,0.0,1.0,1.0,100.0
49760,1,walk,walk,5291,,5291.0,20.0,0.0,6.0,2.0,9.39,-0.001,0.221,-0.468,32.0,25.9,0.0,18.0,1317.0,35.0,8.97,-0.16,-1.02,-0.08,-0.89,2.09,-18.21,258.0,TEST2RR,AKR_TEST2RR,0.0,1.0,1.0,100.0
49780,1,walk,walk,5292,,5292.0,20.0,0.0,6.0,2.0,9.38,0.002,0.095,-0.636,32.0,25.93,0.0,18.0,1317.0,35.0,8.26,-0.15,-1.02,-0.08,-0.46,2.04,-19.33,258.0,TEST2RR,AKR_TEST2RR,0.0,1.0,1.0,100.0
49800,1,walk,walk,5293,,5293.0,20.0,0.0,6.0,2.0,9.35,0.003,0.015,-0.551,32.0,25.9,0.0,18.0,1317.0,35.0,7.47,-0.13,-1.02,-0.08,0.05,1.96,-19.76,258.0,TEST2RR,AKR_TEST2RR,0.0,1.0,1.0,100.0
49820,1,walk,walk,5294,,5294.0,20.0,1.0,6.0,2.0,9.29,0.002,-0.144,-0.003,32.0,25.9,0.0,19.0,1317.0,35.0,6.6,-0.12,-1.02,-0.09,0.68,1.74,-19.2,258.0,TEST2RR,AKR_TEST2RR,0.0,1.0,1.0,100.0
49880,1,walk,walk,5295,,5295.0,20.0,0.0,6.0,2.0,9.2,-0.002,-0.265,0.688,32.0,25.9,0.0,18.0,1317.0,35.0,5.67,-0.1,-1.03,-0.09,1.48,1.29,-17.45,258.0,TEST2RR,AKR_TEST2RR,0.0,1.0,1.0,100.0
49880,1,walk,walk,5296,,5296.0,20.0,1.0,6.0,2.0,9.07,-0.009,-0.6,1.6,32.0,25.86,0.0,19.0,1317.0,35.0,4.73,-0.09,-1.03,-0.09,2.43,0.62,-14.45,258.0,TEST2RR,AKR_TEST2RR,0.0,1.0,1.0,100.0
49880,1,walk,walk,5297,,5297.0,20.0,1.0,6.0,2.0,8.92,-0.016,-0.562,2.394,32.0,25.83,0.0,19.0,1317.0,35.0,3.81,-0.07,-1.04,-0.09,3.49,-0.26,-10.26,258.0,TEST2RR,AKR_TEST2RR,0.0,1.0,1.0,100.0
49920,1,walk,walk,5298,,5298.0,20.0,1.0,6.0,2.0,8.74,-0.022,-0.272,2.83,32.0,25.79,0.0,19.0,1317.0,35.0,2.93,-0.05,-1.05,-0.1,4.55,-1.28,-5.01,258.0,TEST2RR,AKR_TEST2RR,0.0,1.0,1.0,100.0
49920,1,walk,walk,5299,,5299.0,20.0,1.0,6.0,2.0,8.54,-0.021,0.23,2.376,32.0,25.79,0.0,19.0,1317.0,35.0,2.09,-0.04,-1.06,-0.1,5.5,-2.37,1.15,258.0,TEST2RR,AKR_TEST2RR,0.0,1.0,1.0,100.0
49960,1,walk,walk,5300,,5300.0,20.0,1.0,6.0,2.0,8.33,-0.017,0.358,1.84,32.0,25.83,0.0,19.0,1317.0,35.0,1.33,-0.02,-1.07,-0.09,6.24,-3.47,8.08,258.0,TEST2RR,AKR_TEST2RR,0.0,1.0,1.0,100.0
49960,1,walk,walk,5301,,5301.0,20.0,1.0,6.0,2.0,8.11,-0.012,0.456,1.131,32.0,25.9,0.0,19.0,1317.0,35.0,0.7,-0.01,-1.09,-0.09,6.68,-4.56,15.59,258.0,TEST2RR,AKR_TEST2RR,0.0,1.0,1.0,100.0
49980,1,walk,walk,5302,,5302.0,20.0,1.0,6.0,2.0,7.9,-0.007,0.323,0.626,32.0,25.9,0.0,19.0,1317.0,35.0,0.22,0.0,-1.11,-0.09,6.76,-5.65,23.51,258.0,TEST2RR,AKR_TEST2RR,0.0,1.0,1.0,100.0
50040,1,walk,walk,5303,,5303.0,20.0,1.0,6.0,2.0,7.7,-0.004,0.148,0.126,32.0,25.9,0.0,19.0,1317.0,35.0,-0.06,0.0,-1.13,-0.09,6.49,-6.79,31.65,258.0,TEST2RR,AKR_TEST2RR,0.0,1.0,1.0,100.0
50040,1,walk,walk,5304,,5304.0,20.0,1.0,6.0,2.0,7.53,0.0,0.248,-0.498,32.0,25.93,0.0,19.0,1317.0,35.0,-0.14,0.0,-1.14,-0.09,5.9,-8.05,39.69,258.0,TEST2RR,AKR_TEST2RR,0.0,1.0,1.0,100.0
50060,1,walk,walk,5305,,5305.0,20.0,1.0,6.0,2.0,7.4,0.003,0.249,-0.88,32.0,25.9,0.0,19.0,1317.0,35.0,-0.02,0.0,-1.15,-0.09,5.1,-9.57,47.11,258.0,TEST2RR,AKR_TEST2RR,0.0,1.0,1.0,100.0
50060,1,walk,walk,5306,,5306.0,20.0,1.0,6.0,2.0,7.32,0.004,-0.009,-0.619,32.0,25.9,0.0,19.0,1317.0,35.0,0.21,0.0,-1.16,-0.09,4.18,-11.53,53.19,258.0,TEST2RR,AKR_TEST2RR,0.0,1.0,1.0,100.0
50080,1,walk,walk,5307,,5307.0,20.0,1.0,6.0,2.0,7.3,0.004,0.044,-0.594,32.0,25.93,0.0,19.0,1317.0,35.0,0.47,-0.01,-1.15,-0.08,3.28,-14.01,57.33,258.0,TEST2RR,AKR_TEST2RR,0.0,1.0,1.0,100.0
50100,1,walk,walk,5308,,5308.0,20.0,1.0,6.0,2.0,7.35,0.004,-0.032,-0.498,32.0,25.9,0.0,19.0,1317.0,35.0,0.64,-0.01,-1.14,-0.08,2.48,-16.96,59.1,258.0,TEST2RR,AKR_TEST2RR,0.0,1.0,1.0,100.0
50120,1,walk,walk,5309,,5309.0,20.0,0.0,6.0,2.0,7.47,0.003,-0.072,-0.219,32.0,25.9,0.0,18.0,1317.0,35.0,0.65,-0.01,-1.12,-0.08,1.84,-20.06,58.23,258.0,TEST2RR,AKR_TEST2RR,0.0,1.0,1.0,100.0
50140,1,walk,walk,5310,,5310.0,20.0,1.0,6.0,2.0,7.67,0.001,-0.148,-0.036,32.0,25.9,0.0,19.0,1317.0,35.0,0.45,-0.01,-1.1,-0.08,1.37,-22.82,54.71,258.0,TEST2RR,AKR_TEST2RR,0.0,1.0,1.0,100.0
50180,1,walk,walk,5311,,5311.0,20.0,0.0,6.0,2.0,7.95,0.0,-0.068,0.108,32.0,25.9,0.0,18.0,1317.0,35.0,0.01,0.0,-1.07,-0.08,1.05,-24.69,48.71,258.0,TEST2RR,AKR_TEST2RR,0.0,1.0,1.0,100.0
50200,1,walk,walk,5312,,5312.0,20.0,1.0,6.0,2.0,8.29,-0.001,-0.041,0.177,32.0,25.93,0.0,19.0,1317.0,35.0,-0.62,0.01,-1.04,-0.07,0.85,-25.17,40.57,258.0,TEST2RR,AKR_TEST2RR,0.0,1.0,1.0,100.0
50200,1,walk,walk,5313,,5313.0,20.0,1.0,1.0,5.0,8.7,-0.002,-0.064,0.232,32.0,25.9,0.0,19.0,1268.0,36.0,-1.37,0.02,-1.01,-0.07,0.72,-23.88,30.77,258.0,TEST2RR,AKR_TEST2RR,0.0,1.0,1.0,100.0
50240,1,walk,walk,5314,,5314.0,20.0,0.0,1.0,5.0,9.15,-0.002,-0.083,0.252,32.0,25.86,0.0,19.0,1268.0,36.0,-2.07,0.04,-0.98,-0.07,0.71,-20.74,20.17,258.0,TEST2RR,AKR_TEST2RR,0.0,1.0,1.0,100.0
50240,1,walk,walk,5315,,5315.0,20.0,0.0,1.0,5.0,9.63,-0.041,-3.179,-1.41,32.0,25.79,0.0,19.0,1268.0,36.0,-2.52,0.04,-0.95,-0.07,0.93,-15.87,9.57,258.0,TEST2RR,AKR_TEST2RR,0.0,1.0,1.0,100.0
50260,1,walk,walk,5316,,5316.0,20.0,0.0,1.0,5.0,10.12,-0.087,-2.639,-2.267,32.0,25.69,0.0,19.0,1268.0,36.0,-2.58,0.04,-0.93,-0.07,1.51,-9.78,-0.52,258.0,TEST2RR,AKR_TEST2RR,0.0,1.0,1.0,100.0
50280,1,walk,walk,5317,,5317.0,20.0,0.0,1.0,6.0,10.6,-0.123,-2.144,-3.072,32.0,25.62,0.0,19.0,1268.0,36.0,-2.11,0.03,-0.92,-0.07,2.48,-3.15,-9.83,258.0,TEST2RR,AKR_TEST2RR,0.0,1.0,1.0,100.0
50300,1,walk,walk,5318,,5318.0,20.0,0.0,1.0,6.0,11.05,-0.151,-1.745,-3.604,32.0,25.54,0.0,19.0,1268.0,36.0,-1.1,0.02,-0.91,-0.08,3.66,3.24,-18.18,258.0,TEST2RR,AKR_TEST2RR,0.0,1.0,1.0,100.0
50340,1,walk,walk,5319,,5319.0,20.0,0.0,1.0,6.0,11.44,-0.172,-1.134,-4.555,32.0,25.44,0.0,19.0,1268.0,36.0,0.42,-0.01,-0.9,-0.09,4.84,8.67,-25.48,258.0,TEST2RR,AKR_TEST2RR,0.0,1.0,1.0,100.0
50360,1,walk,walk,5320,,5320.0,20.0,0.0,1.0,6.0,11.77,-0.187,-0.93,-4.903,32.0,25.37,0.0,19.0,1268.0,36.0,2.35,-0.04,-0.9,-0.1,5.77,12.7,-31.66,258.0,TEST2RR,AKR_TEST2RR,0.0,1.0,1.0,100.0
50360,1,walk,walk,5321,,5321.0,20.0,0.0,1.0,6.0,12.02,-0.198,-0.559,-5.541,32.0,25.26,0.0,19.0,1268.0,36.0,4.57,-0.07,-0.9,-0.12,6.29,15.13,-36.72,258.0,TEST2RR,AKR_TEST2RR,0.0,1.0,1.0,100.0
50380,1,walk,walk,5322,,5322.0,20.0,0.0,1.0,6.0,12.19,-0.206,-0.324,-5.864,32.0,25.26,0.0,19.0,1268.0,36.0,6.93,-0.11,-0.91,-0.13,6.24,16.02,-40.58,258.0,TEST2RR,AKR_TEST2RR,0.0,1.0,1.0,100.0
50400,1,walk,walk,5323,,5323.0,20.0,0.0,1.0,6.0,12.25,-0.212,-0.304,-6.199,32.0,25.19,0.0,19.0,1268.0,36.0,9.3,-0.15,-0.91,-0.14,5.52,15.61,-43.27,258.0,TEST2RR,AKR_TEST2RR,0.0,1.0,1.0,100.0
50420,1,walk,walk,5324,,5324.0,20.0,0.0,1.0,6.0,12.23,-0.213,-0.088,-6.696,32.0,25.12,0.0,19.0,1268.0,36.0,11.61,-0.19,-0.91,-0.15,4.21,14.21,-44.83,258.0,TEST2RR,AKR_TEST2RR,0.0,1.0,1.0,100.0
50440,1,walk,walk,5325,,5325.0,20.0,0.0,1.0,6.0,12.11,-0.213,-0.033,-6.891,32.0,25.05,0.0,19.0,1268.0,36.0,13.79,-0.22,-0.91,-0.16,2.38,12.06,-45.31,258.0,TEST2RR,AKR_TEST2RR,0.0,1.0,1.0,100.0
50460,1,walk,walk,5326,,5326.0,20.0,0.0,3.0,7.0,11.9,-0.213,-0.093,-7.04,32.0,25.02,0.0,19.0,1268.0,36.0,15.69,-0.26,-0.92,-0.16,0.51,9.98,-44.56,258.0,TEST2RR,AKR_TEST2RR,0.0,1.0,1.0,100.0
50480,1,walk,walk,5327,,5327.0,20.0,0.0,3.0,7.0,11.61,-0.207,0.703,-8.152,32.0,24.81,0.0,19.0,1268.0,36.0,17.13,-0.29,-0.93,-0.15,-0.97,8.69,-42.37,258.0,TEST2RR,AKR_TEST2RR,0.0,1.0,1.0,100.0
50520,1,walk,walk,5328,,5328.0,20.0,0.0,3.0,7.0,11.25,-0.202,0.263,-7.856,32.0,24.84,0.0,19.0,1268.0,36.0,18.03,-0.31,-0.94,-0.14,-1.9,8.65,-38.77,258.0,TEST2RR,AKR_TEST2RR,0.0,1.0,1.0,100.0
50520,1,walk,walk,5329,,5329.0,20.0,0.0,3.0,7.0,10.84,-0.192,0.723,-8.435,32.0,24.7,0.0,19.0,1268.0,36.0,18.4,-0.32,-0.96,-0.11,-2.3,9.76,-33.96,258.0,TEST2RR,AKR_TEST2RR,0.0,1.0,1.0,100.0
50540,1,walk,walk,5330,,5330.0,20.0,0.0,3.0,7.0,10.38,-0.179,0.777,-8.763,32.0,24.7,0.0,19.0,1268.0,36.0,18.33,-0.33,-0.98,-0.09,-2.34,11.6,-28.3,258.0,TEST2RR,AKR_TEST2RR,0.0,1.0,1.0,100.0
50560,1,walk,walk,5331,,5331.0,20.0,0.0,3.0,7.0,9.88,-0.157,1.587,-9.182,32.0,24.67,0.0,19.0,1268.0,36.0,17.98,-0.33,-1.0,-0.06,-2.22,13.52,-22.24,258.0,TEST2RR,AKR_TEST2RR,0.0,1.0,1.0,100.0
50580,1,walk,walk,5332,,5332.0,20.0,0.0,3.0,7.0,9.38,-0.134,1.325,-8.162,32.0,24.95,0.0,19.0,1268.0,36.0,17.5,-0.32,-1.02,-0.04,-2.07,15.01,-16.21,258.0,TEST2RR,AKR_TEST2RR,0.0,1.0,1.0,100.0
50600,1,walk,walk,5333,,5333.0,20.0,0.0,3.0,7.0,8.87,-0.115,1.318,-6.711,32.0,25.26,0.0,19.0,1268.0,36.0,16.96,-0.32,-1.04,-0.02,-1.96,15.74,-10.57,258.0,TEST2RR,AKR_TEST2RR,0.0,1.0,1.0,100.0
50620,1,walk,walk,5334,,5334.0,20.0,0.0,3.0,7.0,8.38,-0.096,1.096,-4.9,32.0,25.58,0.0,19.0,1268.0,36.0,16.46,-0.31,-1.05,-0.01,-1.89,15.53,-5.59,258.0,TEST2RR,AKR_TEST2RR,0.0,1.0,1.0,100.0
50660,1,walk,walk,5335,,5335.0,20.0,0.0,0.0,1.0,7.91,-0.082,0.624,-3.111,32.0,25.79,0.0,19.0,1268.0,36.0,16.0,-0.3,-1.06,0.0,-1.86,14.43,-1.44,259.0,TEST2RR,AKR_TEST2RR,0.0,1.0,1.0,100.0
50680,1,walk,walk,5336,,5336.0,20.0,0.0,0.0,1.0,7.47,-0.071,0.763,-1.729,32.0,25.79,0.0,19.0,1268.0,36.0,15.66,-0.3,-1.07,0.0,-1.88,12.5,1.62,259.0,TEST2RR,AKR_TEST2RR,0.0,1.0,1.0,100.0
50680,1,walk,walk,5337,,5337.0,20.0,0.0,0.0,1.0,7.08,-0.071,0.763,-1.729,32.0,25.79,0.0,39.0,1268.0,36.0,15.36,-0.29,-1.07,0.0,-1.9,10.12,3.75,259.0,TEST2RR,AKR_TEST2RR,0.0,1.0,1.0,100.0
50700,1,walk,walk,5338,,5338.0,20.0,0.0,0.0,1.0,6.74,-0.071,0.763,-1.729,32.0,25.79,0.0,59.0,1268.0,36.0,15.04,-0.29,-1.07,0.0,-1.87,7.69,5.34,259.0,TEST2RR,AKR_TEST2RR,0.0,1.0,1.0,100.0
50720,1,walk,walk,5339,,5339.0,20.0,0.0,0.0,1.0,6.46,-0.056,4.557,0.0,32.0,25.97,0.0,1.0,1268.0,36.0,14.71,-0.28,-1.07,-0.01,-1.79,5.44,6.54,259.0,TEST2RR,AKR_TEST2RR,0.0,1.0,1.0,100.0
50740,1,walk,walk,5340,,5340.0,20.0,0.0,0.0,1.0,6.23,-0.056,-0.01,0.0,33.0,25.93,0.0,1.0,1268.0,36.0,14.36,-0.27,-1.07,-0.01,-1.68,3.5,7.34,259.0,TEST2RR,AKR_TEST2RR,0.0,1.0,1.0,100.0
50760,1,walk,walk,5341,,5341.0,20.0,0.0,0.0,1.0,6.06,-0.056,0.009,0.0,33.0,25.93,0.0,1.0,1268.0,36.0,13.99,-0.26,-1.06,-0.02,-1.57,1.95,7.72,259.0,TEST2RR,AKR_TEST2RR,0.0,1.0,1.0,100.0
50800,1,walk,walk,5342,,5342.0,20.0,0.0,0.0,1.0,5.95,-0.055,0.225,0.0,33.0,25.93,0.0,1.0,1268.0,36.0,13.62,-0.26,-1.06,-0.02,-1.51,0.76,7.59,259.0,TEST2RR,AKR_TEST2RR,0.0,1.0,1.0,100.0
50820,1,walk,walk,5343,,5343.0,20.0,0.0,0.0,1.0,5.88,-0.051,0.26,0.0,33.0,25.93,0.0,1.0,1268.0,36.0,13.24,-0.25,-1.05,-0.03,-1.53,-0.09,6.9,259.0,TEST2RR,AKR_TEST2RR,0.0,1.0,1.0,100.0
50840,1,walk,walk,5344,,5344.0,20.0,0.0,0.0,1.0,5.87,-0.046,0.377,0.0,33.0,25.93,0.0,1.0,1268.0,36.0,12.85,-0.24,-1.04,-0.03,-1.63,-0.66,5.65,259.0,TEST2RR,AKR_TEST2RR,0.0,1.0,1.0,100.0
50840,1,walk,walk,5345,,5345.0,20.0,0.0,0.0,1.0,5.9,-0.037,0.604,0.0,33.0,25.93,0.0,1.0,1268.0,36.0,12.44,-0.23,-1.04,-0.04,-1.8,-1.02,3.86,259.0,TEST2RR,AKR_TEST2RR,0.0,1.0,1.0,100.0
50880,1,walk,walk,5346,,5346.0,20.0,0.0,0.0,1.0,5.96,-0.029,0.579,0.0,33.0,25.93,0.0,1.0,1268.0,36.0,11.99,-0.22,-1.03,-0.04,-2.05,-1.23,1.57,259.0,TEST2RR,AKR_TEST2RR,0.0,1.0,1.0,100.0
50880,1,walk,walk,5347,,5347.0,20.0,1.0,0.0,1.0,6.06,-0.02,0.647,0.0,33.0,25.93,0.0,2.0,1268.0,36.0,11.49,-0.21,-1.03,-0.05,-2.32,-1.31,-1.07,259.0,TEST2RR,AKR_TEST2RR,0.0,1.0,1.0,100.0
50900,1,walk,walk,5348,,5348.0,20.0,1.0,0.0,1.0,6.17,-0.003,1.052,0.0,33.0,25.93,0.0,2.0,1268.0,36.0,10.94,-0.2,-1.02,-0.05,-2.59,-1.28,-3.96,259.0,TEST2RR,AKR_TEST2RR,0.0,1.0,1.0,100.0
50920,1,walk,walk,5349,,5349.0,20.0,1.0,0.0,1.0,6.3,0.013,1.27,0.0,33.0,25.93,0.0,2.0,1268.0,36.0,10.35,-0.19,-1.02,-0.06,-2.81,-1.16,-7.05,259.0,TEST2RR,AKR_TEST2RR,0.0,1.0,1.0,100.0
50940,1,walk,walk,5350,,5350.0,20.0,1.0,0.0,1.0,6.43,0.03,1.119,0.0,33.0,25.93,0.0,2.0,1268.0,36.0,9.71,-0.17,-1.02,-0.06,-2.97,-1.01,-10.35,259.0,TEST2RR,AKR_TEST2RR,0.0,1.0,1.0,100.0
50960,1,walk,walk,5351,,5351.0,20.0,1.0,0.0,1.0,6.57,0.051,1.208,0.0,33.0,25.93,0.0,2.0,1268.0,36.0,9.05,-0.16,-1.02,-0.07,-3.05,-0.85,-13.83,259.0,TEST2RR,AKR_TEST2RR,0.0,1.0,1.0,100.0
51000,1,walk,walk,5352,,5352.0,20.0,1.0,0.0,1.0,6.69,0.071,1.278,0.0,33.0,25.93,0.0,2.0,1268.0,36.0,8.36,-0.15,-1.02,-0.07,-3.07,-0.68,-17.43,259.0,TEST2RR,AKR_TEST2RR,0.0,1.0,1.0,100.0
51000,1,walk,walk,5353,,5353.0,20.0,1.0,6.0,2.0,6.79,0.083,0.484,0.0,33.0,25.93,0.0,2.0,1268.0,36.0,7.61,-0.14,-1.02,-0.07,-3.04,-0.52,-21.07,259.0,TEST2RR,AKR_TEST2RR,0.0,1.0,1.0,100.0
51020,1,walk,walk,5354,,5354.0,20.0,0.0,6.0,2.0,6.86,0.084,0.554,-0.03,33.0,25.93,0.0,18.0,1268.0,36.0,6.75,-0.12,-1.02,-0.08,-2.96,-0.34,-24.45,259.0,TEST2RR,AKR_TEST2RR,0.0,1.0,1.0,100.0
51040,1,walk,walk,5355,,5355.0,20.0,0.0,6.0,2.0,6.9,0.064,-1.531,-2.748,33.0,25.69,0.0,18.0,1268.0,36.0,5.76,-0.1,-1.02,-0.08,-2.79,0.01,-26.92,259.0,TEST2RR,AKR_TEST2RR,0.0,1.0,1.0,100.0
51080,1,walk,walk,5356,,5356.0,20.0,0.0,6.0,2.0,6.91,0.043,-1.139,-2.725,33.0,25.72,0.0,18.0,1268.0,36.0,4.68,-0.08,-1.02,-0.08,-2.48,0.54,-27.94,259.0,TEST2RR,AKR_TEST2RR,0.0,1.0,1.0,100.0
51080,1,walk,walk,5357,,5357.0,20.0,0.0,6.0,2.0,6.87,0.029,-0.882,-2.205,33.0,25.79,0.0,18.0,1268.0,36.0,3.55,-0.06,-1.02,-0.09,-2.01,1.09,-27.3,259.0,TEST2RR,AKR_TEST2RR,0.0,1.0,1.0,100.0
51100,1,walk,walk,5358,,5358.0,20.0,1.0,6.0,2.0,6.78,0.016,-0.859,-1.25,33.0,25.86,0.0,19.0,1268.0,36.0,2.41,-0.04,-1.02,-0.09,-1.35,1.53,-24.95,259.0,TEST2RR,AKR_TEST2RR,0.0,1.0,1.0,100.0
51140,1,walk,walk,5359,,5359.0,20.0,1.0,6.0,2.0,6.65,0.004,-0.626,0.041,33.0,25.9,0.0,19.0,1268.0,36.0,1.32,-0.02,-1.03,-0.1,-0.48,1.74,-20.97,259.0,TEST2RR,AKR_TEST2RR,0.0,1.0,1.0,100.0
51160,1,walk,walk,5360,,5360.0,20.0,1.0,6.0,2.0,6.47,-0.004,-0.665,1.367,33.0,25.9,0.0,19.0,1268.0,36.0,0.32,-0.01,-1.04,-0.1,0.61,1.56,-15.53,259.0,TEST2RR,AKR_TEST2RR,0.0,1.0,1.0,100.0
51160,1,walk,walk,5361,,5361.0,20.0,1.0,6.0,2.0,6.26,-0.015,-0.7,2.523,33.0,25.83,0.0,19.0,1268.0,36.0,-0.56,0.01,-1.04,-0.1,1.84,0.97,-8.85,259.0,TEST2RR,AKR_TEST2RR,0.0,1.0,1.0,100.0
51200,1,walk,walk,5362,,5362.0,20.0,1.0,6.0,2.0,6.01,-0.023,-0.301,2.963,33.0,25.76,0.0,19.0,1268.0,36.0,-1.35,0.02,-1.05,-0.1,3.06,0.01,-1.23,259.0,TEST2RR,AKR_TEST2RR,0.0,1.0,1.0,100.0
51200,1,walk,walk,5363,,5363.0,20.0,1.0,6.0,2.0,5.74,-0.022,0.236,2.377,33.0,25.79,0.0,19.0,1268.0,36.0,-2.03,0.04,-1.07,-0.1,4.13,-1.23,7.1,259.0,TEST2RR,AKR_TEST2RR,0.0,1.0,1.0,100.0
51220,1,walk,walk,5364,,5364.0,20.0,1.0,6.0,2.0,5.46,-0.017,0.378,1.672,33.0,25.86,0.0,19.0,1268.0,36.0,-2.57,0.05,-1.08,-0.1,4.92,-2.62,15.92,259.0,TEST2RR,AKR_TEST2RR,0.0,1.0,1.0,100.0
51240,1,walk,walk,5365,,5365.0,20.0,1.0,6.0,2.0,5.17,-0.01,0.37,0.871,33.0,25.9,0.0,19.0,1268.0,36.0,-2.93,0.06,-1.1,-0.1,5.37,-4.03,24.97,259.0,TEST2RR,AKR_TEST2RR,0.0,1.0,1.0,100.0
51260,1,walk,walk,5366,,5366.0,20.0,1.0,6.0,2.0,4.91,-0.005,0.283,0.248,33.0,25.9,0.0,19.0,1268.0,36.0,-3.08,0.06,-1.12,-0.1,5.45,-5.41,34.03,259.0,TEST2RR,AKR_TEST2RR,0.0,1.0,1.0,100.0
51300,1,walk,walk,5367,,5367.0,20.0,1.0,6.0,2.0,4.67,-0.002,0.3,-0.198,33.0,25.9,0.0,19.0,1268.0,36.0,-3.0,0.06,-1.14,-0.09,5.2,-6.75,42.83,259.0,TEST2RR,AKR_TEST2RR,0.0,1.0,1.0,100.0
51300,1,walk,walk,5368,,5368.0,20.0,1.0,6.0,2.0,4.48,0.001,0.07,-0.422,33.0,25.9,0.0,19.0,1268.0,36.0,-2.73,0.05,-1.15,-0.09,4.68,-8.13,51.01,259.0,TEST2RR,AKR_TEST2RR,0.0,1.0,1.0,100.0
51340,1,walk,walk,5369,,5369.0,20.0,1.0,6.0,2.0,4.34,0.002,0.037,-0.322,33.0,25.9,0.0,19.0,1268.0,36.0,-2.34,0.05,-1.16,-0.09,4.03,-9.77,57.98,259.0,TEST2RR,AKR_TEST2RR,0.0,1.0,1.0,100.0
51340,1,walk,walk,5370,,5370.0,20.0,1.0,6.0,2.0,4.28,0.002,0.032,-0.218,33.0,25.9,0.0,19.0,1268.0,36.0,-1.95,0.04,-1.15,-0.08,3.38,-11.87,63.11,259.0,TEST2RR,AKR_TEST2RR,0.0,1.0,1.0,100.0
51360,1,walk,walk,5371,,5371.0,20.0,1.0,6.0,2.0,4.3,0.001,-0.072,-0.024,33.0,25.9,0.0,19.0,1268.0,36.0,-1.65,0.03,-1.15,-0.08,2.85,-14.48,65.91,259.0,TEST2RR,AKR_TEST2RR,0.0,1.0,1.0,100.0
51380,1,walk,walk,5372,,5372.0,20.0,1.0,6.0,2.0,4.4,0.0,0.002,0.021,33.0,25.9,0.0,19.0,1268.0,36.0,-1.53,0.03,-1.13,-0.08,2.49,-17.46,66.1,259.0,TEST2RR,AKR_TEST2RR,0.0,1.0,1.0,100.0
51400,1,walk,walk,5373,,5373.0,20.0,0.0,6.0,2.0,4.6,-0.001,-0.087,0.275,33.0,25.9,0.0,18.0,1268.0,36.0,-1.62,0.03,-1.11,-0.07,2.33,-20.36,63.56,259.0,TEST2RR,AKR_TEST2RR,0.0,1.0,1.0,100.0
51440,1,walk,walk,5374,,5374.0,20.0,1.0,6.0,2.0,4.89,-0.002,-0.21,0.403,33.0,25.9,0.0,19.0,1268.0,36.0,-1.92,0.04,-1.08,-0.07,2.32,-22.63,58.44,259.0,TEST2RR,AKR_TEST2RR,0.0,1.0,1.0,100.0
51460,1,walk,walk,5375,,5375.0,20.0,1.0,6.0,2.0,5.26,-0.004,-0.038,0.439,33.0,25.9,0.0,19.0,1268.0,36.0,-2.38,0.04,-1.05,-0.07,2.4,-23.65,51.03,259.0,TEST2RR,AKR_TEST2RR,0.0,1.0,1.0,100.0
51460,1,walk,walk,5376,,5376.0,20.0,1.0,1.0,5.0,5.71,-0.004,0.034,0.523,33.0,25.9,0.0,19.0,1264.0,37.0,-2.89,0.05,-1.02,-0.06,2.54,-22.96,41.78,259.0,TEST2RR,AKR_TEST2RR,0.0,1.0,1.0,100.0
51480,1,walk,walk,5377,,5377.0,20.0,0.0,1.0,5.0,6.22,-0.004,0.068,0.445,33.0,25.86,0.0,19.0,1264.0,37.0,-3.26,0.06,-0.99,-0.06,2.68,-20.3,31.26,259.0,TEST2RR,AKR_TEST2RR,0.0,1.0,1.0,100.0
51500,1,walk,walk,5378,,5378.0,20.0,0.0,1.0,5.0,6.78,-0.044,-3.272,-1.236,33.0,25.83,0.0,19.0,1264.0,37.0,-3.3,0.06,-0.96,-0.07,2.79,-15.78,20.31,259.0,TEST2RR,AKR_TEST2RR,0.0,1.0,1.0,100.0
51520,1,walk,walk,5379,,5379.0,20.0,0.0,1.0,5.0,7.37,-0.09,-2.704,-2.086,33.0,25.72,0.0,19.0,1264.0,37.0,-2.86,0.05,-0.94,-0.07,2.94,-9.94,9.55,259.0,TEST2RR,AKR_TEST2RR,0.0,1.0,1.0,100.0
51540,1,walk,walk,5380,,5380.0,20.0,0.0,1.0,5.0,7.96,-0.126,-2.242,-2.867,33.0,25.65,0.0,19.0,1264.0,37.0,-1.84,0.03,-0.92,-0.08,3.14,-3.58,-0.66,259.0,TEST2RR,AKR_TEST2RR,0.0,1.0,1.0,100.0
51560,1,walk,walk,5381,,5381.0,20.0,0.0,1.0,6.0,8.53,-0.155,-1.695,-3.476,33.0,25.58,0.0,19.0,1264.0,37.0,-0.27,0.0,-0.9,-0.09,3.36,2.37,-10.06,259.0,TEST2RR,AKR_TEST2RR,0.0,1.0,1.0,100.0
51580,1,walk,walk,5382,,5382.0,20.0,0.0,1.0,6.0,9.06,-0.175,-1.349,-4.315,33.0,25.47,0.0,19.0,1264.0,37.0,1.77,-0.03,-0.89,-0.11,3.52,7.2,-18.51,259.0,TEST2RR,AKR_TEST2RR,0.0,1.0,1.0,100.0
51620,1,walk,walk,5383,,5383.0,20.0,0.0,1.0,6.0,9.54,-0.19,-0.794,-4.883,33.0,25.37,0.0,19.0,1264.0,37.0,4.16,-0.06,-0.88,-0.12,3.58,10.46,-25.93,260.0,TEST2RR,AKR_TEST2RR,0.0,1.0,1.0,100.0
51640,1,walk,walk,5384,,5384.0,20.0,0.0,1.0,6.0,9.95,-0.2,-0.582,-5.516,33.0,25.3,0.0,19.0,1264.0,37.0,6.72,-0.1,-0.87,-0.13,3.36,12.15,-32.28,260.0,TEST2RR,AKR_TEST2RR,0.0,1.0,1.0,100.0
51640,1,walk,walk,5385,,5385.0,20.0,0.0,1.0,6.0,10.27,-0.208,-0.35,-5.853,33.0,25.23,0.0,19.0,1264.0,37.0,9.33,-0.14,-0.87,-0.15,2.74,12.56,-37.43,260.0,TEST2RR,AKR_TEST2RR,0.0,1.0,1.0,100.0
51660,1,walk,walk,5386,,5386.0,20.0,0.0,1.0,6.0,10.5,-0.212,-0.13,-6.467,33.0,25.16,0.0,19.0,1264.0,37.0,11.89,-0.18,-0.86,-0.16,1.7,12.03,-41.37,260.0,TEST2RR,AKR_TEST2RR,0.0,1.0,1.0,100.0
51680,1,walk,walk,5387,,5387.0,20.0,0.0,1.0,6.0,10.64,-0.212,0.105,-6.797,33.0,25.05,0.0,19.0,1264.0,37.0,14.17,-0.22,-0.87,-0.17,0.31,10.89,-44.03,260.0,TEST2RR,AKR_TEST2RR,0.0,1.0,1.0,100.0
51700,1,walk,walk,5388,,5388.0,20.0,0.0,1.0,6.0,10.69,-0.205,0.859,-8.253,33.0,24.77,0.0,19.0,1264.0,37.0,15.99,-0.25,-0.88,-0.16,-1.03,10.04,-44.96,260.0,TEST2RR,AKR_TEST2RR,0.0,1.0,1.0,100.0
51720,1,walk,walk,5389,,5389.0,20.0,0.0,3.0,7.0,10.64,-0.2,0.358,-7.946,33.0,24.77,0.0,19.0,1264.0,37.0,17.22,-0.28,-0.9,-0.15,-1.96,10.1,-44.01,260.0,TEST2RR,AKR_TEST2RR,0.0,1.0,1.0,100.0
51740,1,walk,walk,5390,,5390.0,20.0,1.0,3.0,7.0,10.51,-0.191,0.793,-8.879,33.0,24.49,0.0,20.0,1264.0,37.0,17.89,-0.3,-0.93,-0.13,-2.4,11.24,-41.27,260.0,TEST2RR,AKR_TEST2RR,0.0,1.0,1.0,100.0
51780,1,walk,walk,5391,,5391.0,20.0,0.0,3.0,7.0,10.3,-0.181,0.543,-9.272,33.0,24.42,0.0,19.0,1264.0,37.0,18.11,-0.31,-0.96,-0.11,-2.4,13.25,-36.99,260.0,TEST2RR,AKR_TEST2RR,0.0,1.0,1.0,100.0
51780,1,walk,walk,5392,,5392.0,20.0,0.0,3.0,7.0,10.02,-0.17,0.777,-9.389,33.0,24.46,0.0,19.0,1264.0,37.0,18.04,-0.32,-0.98,-0.08,-2.15,15.49,-31.61,260.0,TEST2RR,AKR_TEST2RR,0.0,1.0,1.0,100.0
51800,1,walk,walk,5393,,5393.0,20.0,0.0,3.0,7.0,9.69,-0.156,0.751,-8.951,33.0,24.6,0.0,19.0,1264.0,37.0,17.76,-0.32,-1.01,-0.06,-1.84,17.3,-25.58,260.0,TEST2RR,AKR_TEST2RR,0.0,1.0,1.0,100.0
51840,1,walk,walk,5394,,5394.0,20.0,0.0,3.0,7.0,9.32,-0.143,0.789,-7.988,33.0,24.88,0.0,19.0,1264.0,37.0,17.37,-0.32,-1.03,-0.04,-1.61,18.37,-19.3,260.0,TEST2RR,AKR_TEST2RR,0.0,1.0,1.0,100.0
51840,1,walk,walk,5395,,5395.0,20.0,0.0,3.0,7.0,8.93,-0.134,0.452,-6.509,33.0,25.23,0.0,19.0,1264.0,37.0,16.9,-0.32,-1.05,-0.02,-1.54,18.49,-13.12,260.0,TEST2RR,AKR_TEST2RR,0.0,1.0,1.0,100.0
51860,1,walk,walk,5396,,5396.0,20.0,0.0,3.0,7.0,8.52,-0.123,0.872,-5.43,33.0,25.47,0.0,19.0,1264.0,37.0,16.42,-0.31,-1.06,-0.01,-1.63,17.69,-7.35,260.0,TEST2RR,AKR_TEST2RR,0.0,1.0,1.0,100.0
51880,1,walk,walk,5397,,5397.0,20.0,0.0,0.0,1.0,8.12,-0.107,0.911,-3.88,33.0,25.72,0.0,19.0,1264.0,37.0,15.98,-0.31,-1.07,0.0,-1.88,16.02,-2.33,260.0,TEST2RR,AKR_TEST2RR,0.0,1.0,1.0,100.0
51900,1,walk,walk,5398,,5398.0,20.0,0.0,0.0,1.0,7.74,-0.093,0.951,-2.382,33.0,25.72,0.0,19.0,1264.0,37.0,15.67,-0.3,-1.07,0.0,-2.27,13.0,1.34,260.0,TEST2RR,AKR_TEST2RR,0.0,1.0,1.0,100.0
51920,1,walk,walk,5399,,5399.0,20.0,0.0,0.0,1.0,7.38,-0.093,0.951,-2.382,33.0,25.72,0.0,39.0,1264.0,37.0,15.4,-0.3,-1.07,0.0,-2.8,8.78,3.43,260.0,TEST2RR,AKR_TEST2RR,0.0,1.0,1.0,100.0
51960,1,walk,walk,5400,,5400.0,20.0,0.0,0.0,1.0,7.06,-0.093,0.951,-2.382,33.0,25.72,0.0,59.0,1264.0,37.0,15.12,-0.29,-1.07,0.0,-3.34,3.99,4.4,260.0,TEST2RR,AKR_TEST2RR,0.0,1.0,1.0,100.0
51960,1,walk,walk,5401,,5401.0,20.0,0.0,0.0,1.0,6.79,-0.058,14.352,0.0,33.0,25.93,0.0,4.0,1264.0,37.0,14.79,-0.28,-1.07,-0.01,-3.8,-0.74,4.84,260.0,TEST2RR,AKR_TEST2RR,0.0,1.0,1.0,100.0
51980,1,walk,walk,5402,,5402.0,20.0,0.0,0.0,1.0,6.56,-0.058,0.005,0.0,33.0,25.93,0.0,4.0,1264.0,37.0,14.4,-0.27,-1.06,-0.01,-4.14,-4.92,5.03,260.0,TEST2RR,AKR_TEST2RR,0.0,1.0,1.0,100.0
52000,1,walk,walk,5403,,5403.0,20.0,0.0,0.0,1.0,6.39,-0.059,-0.246,0.0,33.0,25.93,0.0,4.0,1264.0,37.0,13.97,-0.26,-1.06,-0.02,-4.35,-8.3,5.11,260.0,TEST2RR,AKR_TEST2RR,0.0,1.0,1.0,100.0
52020,1,walk,walk,5404,,5404.0,20.0,0.0,0.0,1.0,6.26,-0.062,0.007,0.0,33.0,25.93,0.0,4.0,1264.0,37.0,13.5,-0.25,-1.05,-0.02,-4.49,-10.77,5.15,260.0,TEST2RR,AKR_TEST2RR,0.0,1.0,1.0,100.0
52040,1,walk,walk,5405,,5405.0,20.0,0.0,0.0,1.0,6.18,-0.062,0.101,0.0,33.0,25.93,0.0,4.0,1264.0,37.0,13.02,-0.24,-1.05,-0.03,-4.57,-12.35,5.1,260.0,TEST2RR,AKR_TEST2RR,0.0,1.0,1.0,100.0
52060,1,walk,walk,5406,,5406.0,20.0,0.0,0.0,1.0,6.15,-0.061,0.029,0.0,33.0,25.93,0.0,4.0,1264.0,37.0,12.53,-0.23,-1.04,-0.03,-4.64,-13.12,4.94,260.0,TEST2RR,AKR_TEST2RR,0.0,1.0,1.0,100.0
52100,1,walk,walk,5407,,5407.0,20.0,0.0,0.0,1.0,6.16,-0.061,0.056,0.0,33.0,25.93,0.0,4.0,1264.0,37.0,12.06,-0.22,-1.04,-0.04,-4.71,-13.22,4.6,260.0,TEST2RR,AKR_TEST2RR,0.0,1.0,1.0,100.0
52120,1,walk,walk,5408,,5408.0,20.0,0.0,0.0,1.0,6.2,-0.06,0.018,0.0,33.0,25.93,0.0,4.0,1264.0,37.0,11.6,-0.21,-1.03,-0.04,-4.77,-12.82,4.1,260.0,TEST2RR,AKR_TEST2RR,0.0,1.0,1.0,100.0
52120,1,walk,walk,5409,,5409.0,20.0,0.0,0.0,1.0,6.26,-0.061,-0.022,0.0,33.0,25.93,0.0,4.0,1264.0,37.0,11.13,-0.2,-1.03,-0.04,-4.82,-12.06,3.46,260.0,TEST2RR,AKR_TEST2RR,0.0,1.0,1.0,100.0
52160,1,walk,walk,5410,,5410.0,20.0,0.0,0.0,1.0,6.36,-0.061,-0.011,0.0,33.0,25.93,0.0,4.0,1264.0,37.0,10.67,-0.19,-1.03,-0.05,-4.83,-11.08,2.75,260.0,TEST2RR,AKR_TEST2RR,0.0,1.0,1.0,100.0
52160,1,walk,walk,5411,,5411.0,20.0,0.0,0.0,1.0,6.47,-0.062,-0.021,0.0,33.0,25.93,0.0,4.0,1264.0,37.0,10.2,-0.18,-1.02,-0.05,-4.79,-9.97,2.05,260.0,TEST2RR,AKR_TEST2RR,0.0,1.0,1.0,100.0
52180,1,walk,walk,5412,,5412.0,20.0,0.0,0.0,1.0,6.59,-0.062,-0.044,0.0,33.0,25.93,0.0,4.0,1264.0,37.0,9.74,-0.18,-1.02,-0.06,-4.66,-8.81,1.41,260.0,TEST2RR,AKR_TEST2RR,0.0,1.0,1.0,100.0
52200,1,walk,walk,5413,,5413.0,20.0,0.0,6.0,2.0,6.72,-0.062,0.095,0.0,33.0,25.93,0.0,4.0,1264.0,37.0,9.3,-0.17,-1.02,-0.06,-4.43,-7.63,0.85,260.0,TEST2RR,AKR_TEST2RR,0.0,1.0,1.0,100.0
52220,1,walk,walk,5414,,5414.0,20.0,0.0,6.0,2.0,6.85,-0.061,0.07,0.02,33.0,25.9,0.0,18.0,1264.0,37.0,8.91,-0.16,-1.02,-0.07,-4.08,-6.66,0.25,260.0,TEST2RR,AKR_TEST2RR,0.0,1.0,1.0,100.0
52260,1,walk,walk,5415,,5415.0,20.0,0.0,6.0,2.0,6.99,-0.046,0.972,1.862,33.0,25.83,0.0,18.0,1264.0,37.0,8.58,-0.15,-1.02,-0.07,-3.63,-5.93,-0.57,260.0,TEST2RR,AKR_TEST2RR,0.0,1.0,1.0,100.0
52260,1,walk,walk,5416,,5416.0,20.0,0.0,6.0,2.0,7.12,-0.031,0.813,2.03,33.0,25.83,0.0,18.0,1264.0,37.0,8.3,-0.15,-1.02,-0.08,-3.08,-5.39,-1.69,260.0,TEST2RR,AKR_TEST2RR,0.0,1.0,1.0,100.0
52280,1,walk,walk,5417,,5417.0,20.0,0.0,6.0,2.0,7.24,-0.024,0.432,2.066,33.0,25.79,0.0,18.0,1264.0,37.0,8.07,-0.14,-1.02,-0.08,-2.48,-4.94,-3.08,260.0,TEST2RR,AKR_TEST2RR,0.0,1.0,1.0,100.0
52300,1,walk,walk,5418,,5418.0,20.0,1.0,6.0,2.0,7.35,-0.018,0.314,1.725,33.0,25.86,0.0,19.0,1264.0,37.0,7.87,-0.14,-1.02,-0.08,-1.85,-4.5,-4.68,260.0,TEST2RR,AKR_TEST2RR,0.0,1.0,1.0,100.0
52320,1,walk,walk,5419,,5419.0,20.0,1.0,6.0,2.0,7.45,-0.012,0.342,1.177,33.0,25.9,0.0,19.0,1264.0,37.0,7.67,-0.14,-1.02,-0.08,-1.2,-4.0,-6.41,260.0,TEST2RR,AKR_TEST2RR,0.0,1.0,1.0,100.0
52340,1,walk,walk,5420,,5420.0,20.0,1.0,6.0,2.0,7.54,-0.008,0.207,0.809,33.0,25.9,0.0,19.0,1264.0,37.0,7.46,-0.13,-1.02,-0.09,-0.55,-3.42,-8.16,260.0,TEST2RR,AKR_TEST2RR,0.0,1.0,1.0,100.0
52360,1,walk,walk,5421,,5421.0,20.0,1.0,6.0,2.0,7.61,-0.005,0.169,0.285,33.0,25.9,0.0,19.0,1264.0,37.0,7.21,-0.13,-1.01,-0.09,0.11,-2.75,-9.85,260.0,TEST2RR,AKR_TEST2RR,0.0,1.0,1.0,100.0
52380,1,walk,walk,5422,,5422.0,20.0,1.0,6.0,2.0,7.66,-0.003,0.186,-0.002,33.0,25.9,0.0,19.0,1264.0,37.0,6.91,-0.12,-1.02,-0.09,0.79,-2.02,-11.36,260.0,TEST2RR,AKR_TEST2RR,0.0,1.0,1.0,100.0
52440,1,walk,walk,5423,,5423.0,20.0,1.0,6.0,2.0,7.68,0.0,0.163,-0.453,33.0,25.9,0.0,19.0,1264.0,37.0,6.53,-0.12,-1.02,-0.09,1.51,-1.26,-12.59,260.0,TEST2RR,AKR_TEST2RR,0.0,1.0,1.0,100.0
52440,1,walk,walk,5424,,5424.0,20.0,1.0,6.0,2.0,7.69,0.002,0.199,-0.6,33.0,25.9,0.0,19.0,1264.0,37.0,6.07,-0.11,-1.02,-0.09,2.27,-0.53,-13.41,260.0,TEST2RR,AKR_TEST2RR,0.0,1.0,1.0,100.0
52440,1,walk,walk,5425,,5425.0,20.0,1.0,6.0,2.0,7.67,0.003,-0.079,-0.584,33.0,25.9,0.0,19.0,1264.0,37.0,5.52,-0.1,-1.02,-0.09,3.09,0.07,-13.62,260.0,TEST2RR,AKR_TEST2RR,0.0,1.0,1.0,100.0
52480,1,walk,walk,5426,,5426.0,20.0,1.0,6.0,2.0,7.62,0.002,-0.185,-0.247,33.0,25.9,0.0,19.0,1264.0,37.0,4.88,-0.09,-1.02,-0.09,3.97,0.49,-13.0,260.0,TEST2RR,AKR_TEST2RR,0.0,1.0,1.0,100.0
52480,1,walk,walk,5427,,5427.0,20.0,1.0,6.0,2.0,7.55,0.0,-0.249,0.411,33.0,25.9,0.0,19.0,1264.0,37.0,4.2,-0.08,-1.03,-0.09,4.89,0.72,-11.4,260.0,TEST2RR,AKR_TEST2RR,0.0,1.0,1.0,100.0
52500,1,walk,walk,5428,,5428.0,20.0,1.0,6.0,2.0,7.46,-0.005,-0.354,1.101,33.0,25.9,0.0,19.0,1264.0,37.0,3.52,-0.06,-1.03,-0.09,5.83,0.71,-8.81,260.0,TEST2RR,AKR_TEST2RR,0.0,1.0,1.0,100.0
52520,1,walk,walk,5429,,5429.0,20.0,1.0,6.0,2.0,7.35,-0.009,-0.263,1.243,33.0,25.86,0.0,19.0,1264.0,37.0,2.84,-0.05,-1.04,-0.09,6.67,0.37,-5.26,260.0,TEST2RR,AKR_TEST2RR,0.0,1.0,1.0,100.0
52540,1,walk,walk,5430,,5430.0,20.0,1.0,6.0,2.0,7.21,-0.009,0.05,1.058,33.0,25.9,0.0,19.0,1264.0,37.0,2.17,-0.04,-1.05,-0.09,7.33,-0.34,-0.76,260.0,TEST2RR,AKR_TEST2RR,0.0,1.0,1.0,100.0
52600,1,walk,walk,5431,,5431.0,20.0,1.0,6.0,2.0,7.07,-0.008,0.011,0.951,33.0,25.9,0.0,19.0,1264.0,37.0,1.55,-0.03,-1.06,-0.09,7.74,-1.47,4.6,260.0,TEST2RR,AKR_TEST2RR,0.0,1.0,1.0,100.0
52600,1,walk,walk,5432,,5432.0,20.0,1.0,6.0,2.0,6.92,-0.007,0.095,0.681,33.0,25.9,0.0,19.0,1264.0,37.0,1.03,-0.02,-1.08,-0.09,7.82,-3.06,10.68,260.0,TEST2RR,AKR_TEST2RR,0.0,1.0,1.0,100.0
52600,1,walk,walk,5433,,5433.0,20.0,1.0,6.0,2.0,6.76,-0.005,0.103,0.39,33.0,25.9,0.0,19.0,1264.0,37.0,0.65,-0.01,-1.09,-0.1,7.54,-5.14,17.26,260.0,TEST2RR,AKR_TEST2RR,0.0,1.0,1.0,100.0
52620,1,walk,walk,5434,,5434.0,20.0,1.0,6.0,2.0,6.62,-0.003,0.026,0.182,33.0,25.9,0.0,19.0,1264.0,37.0,0.44,-0.01,-1.11,-0.1,6.92,-7.71,24.0,260.0,TEST2RR,AKR_TEST2RR,0.0,1.0,1.0,100.0
52660,1,walk,walk,5435,,5435.0,20.0,1.0,6.0,2.0,6.49,-0.002,0.044,0.184,33.0,25.9,0.0,19.0,1264.0,37.0,0.35,-0.01,-1.12,-0.1,6.02,-10.65,30.44,260.0,TEST2RR,AKR_TEST2RR,0.0,1.0,1.0,100.0
52660,1,walk,walk,5436,,5436.0,20.0,1.0,6.0,2.0,6.39,-0.003,-0.06,0.402,33.0,25.9,0.0,19.0,1264.0,37.0,0.35,-0.01,-1.13,-0.1,4.94,-13.74,36.1,260.0,TEST2RR,AKR_TEST2RR,0.0,1.0,1.0,100.0
52680,1,walk,walk,5437,,5437.0,20.0,1.0,6.0,2.0,6.33,-0.004,-0.06,0.523,33.0,25.9,0.0,19.0,1264.0,37.0,0.35,-0.01,-1.13,-0.1,3.77,-16.76,40.58,260.0,TEST2RR,AKR_TEST2RR,0.0,1.0,1.0,100.0
52720,1,walk,walk,5438,,5438.0,20.0,1.0,6.0,2.0,6.31,-0.005,-0.045,0.651,33.0,25.9,0.0,19.0,1264.0,37.0,0.33,-0.01,-1.13,-0.1,2.56,-19.45,43.55,260.0,TEST2RR,AKR_TEST2RR,0.0,1.0,1.0,100.0
52740,1,walk,walk,5439,,5439.0,20.0,1.0,6.0,2.0,6.34,-0.006,-0.093,0.825,33.0,25.9,0.0,19.0,1264.0,37.0,0.23,0.0,-1.12,-0.1,1.38,-21.57,44.83,261.0,TEST2RR,AKR_TEST2RR,0.0,1.0,1.0,100.0
52760,1,walk,walk,5440,,5440.0,20.0,1.0,6.0,2.0,6.42,-0.007,-0.052,0.891,33.0,25.9,0.0,19.0,1264.0,37.0,0.04,0.0,-1.11,-0.09,0.29,-22.88,44.35,261.0,TEST2RR,AKR_TEST2RR,0.0,1.0,1.0,100.0
52760,1,walk,walk,5441,,5441.0,20.0,1.0,6.0,2.0,6.57,-0.008,0.01,0.966,33.0,25.9,0.0,19.0,1264.0,37.0,-0.23,0.0,-1.09,-0.09,-0.65,-23.2,42.14,261.0,TEST2RR,AKR_TEST2RR,0.0,1.0,1.0,100.0
52800,1,walk,walk,5442,,5442.0,20.0,0.0,6.0,2.0,6.77,-0.009,-0.08,1.038,33.0,25.9,0.0,18.0,1264.0,37.0,-0.58,0.01,-1.07,-0.08,-1.42,-22.44,38.32,261.0,TEST2RR,AKR_TEST2RR,0.0,1.0,1.0,100.0
52800,1,walk,walk,5443,,5443.0,20.0,1.0,6.0,2.0,7.02,-0.009,0.003,1.039,33.0,25.9,0.0,19.0,1264.0,37.0,-0.95,0.02,-1.04,-0.08,-1.96,-20.6,33.06,261.0,TEST2RR,AKR_TEST2RR,0.0,1.0,1.0,100.0
52820,1,walk,walk,5444,,5444.0,20.0,1.0,6.0,2.0,7.32,-0.009,0.025,1.043,33.0,25.9,0.0,19.0,1264.0,37.0,-1.27,0.02,-1.02,-0.07,-2.28,-17.79,26.58,261.0,TEST2RR,AKR_TEST2RR,0.0,1.0,1.0,100.0
52840,1,walk,walk,5445,,5445.0,20.0,1.0,1.0,5.0,7.66,-0.009,-0.081,1.082,33.0,25.9,0.0,19.0,1322.0,38.0,-1.48,0.03,-1.0,-0.07,-2.37,-14.22,19.12,261.0,TEST2RR,AKR_TEST2RR,0.0,1.0,1.0,100.0
52860,1,walk,walk,5446,,5446.0,20.0,0.0,1.0,5.0,8.02,-0.009,0.006,1.05,33.0,25.86,0.0,19.0,1322.0,38.0,-1.47,0.03,-0.98,-0.07,-2.17,-10.13,11.23,261.0,TEST2RR,AKR_TEST2RR,0.0,1.0,1.0,100.0
52900,1,walk,walk,5447,,5447.0,20.0,0.0,1.0,5.0,8.39,-0.051,-3.577,-0.47,33.0,25.86,0.0,19.0,1322.0,38.0,-1.16,0.02,-0.96,-0.07,-1.72,-5.77,3.48,261.0,TEST2RR,AKR_TEST2RR,0.0,1.0,1.0,100.0
52920,1,walk,walk,5448,,5448.0,20.0,0.0,1.0,6.0,8.75,-0.1,-2.884,-1.396,33.0,25.79,0.0,19.0,1322.0,38.0,-0.49,0.01,-0.95,-0.07,-1.1,-1.46,-3.8,261.0,TEST2RR,AKR_TEST2RR,0.0,1.0,1.0,100.0
52920,1,walk,walk,5449,,5449.0,20.0,0.0,1.0,6.0,9.1,-0.138,-2.296,-2.221,33.0,25.72,0.0,19.0,1322.0,38.0,0.54,-0.01,-0.93,-0.07,-0.44,2.45,-10.5,261.0,TEST2RR,AKR_TEST2RR,0.0,1.0,1.0,100.0
52940,1,walk,walk,5450,,5450.0,20.0,0.0,1.0,6.0,9.41,-0.167,-1.604,-3.226,33.0,25.62,0.0,19.0,1322.0,38.0,1.91,-0.03,-0.92,-0.07,0.17,5.56,-16.49,261.0,TEST2RR,AKR_TEST2RR,0.0,1.0,1.0,100.0
52960,1,walk,walk,5451,,5451.0,20.0,0.0,1.0,6.0,9.68,-0.188,-1.17,-3.861,33.0,25.54,0.0,19.0,1322.0,38.0,3.56,-0.06,-0.91,-0.08,0.6,7.57,-21.82,261.0,TEST2RR,AKR_TEST2RR,0.0,1.0,1.0,100.0
52980,1,walk,walk,5452,,5452.0,20.0,0.0,1.0,6.0,9.89,-0.204,-1.004,-4.501,33.0,25.44,0.0,19.0,1322.0,38.0,5.44,-0.09,-0.9,-0.09,0.74,8.32,-26.51,261.0,TEST2RR,AKR_TEST2RR,0.0,1.0,1.0,100.0
53000,1,walk,walk,5453,,5453.0,20.0,0.0,1.0,6.0,10.05,-0.214,-0.495,-5.157,33.0,25.37,0.0,19.0,1322.0,38.0,7.45,-0.12,-0.89,-0.1,0.55,7.84,-30.63,261.0,TEST2RR,AKR_TEST2RR,0.0,1.0,1.0,100.0
53020,1,walk,walk,5454,,5454.0,20.0,0.0,1.0,6.0,10.13,-0.221,-0.218,-5.568,33.0,25.3,0.0,19.0,1322.0,38.0,9.54,-0.15,-0.88,-0.1,0.07,6.32,-34.19,261.0,TEST2RR,AKR_TEST2RR,0.0,1.0,1.0,100.0
53060,1,walk,walk,5455,,5455.0,20.0,0.0,1.0,6.0,10.15,-0.226,-0.283,-5.754,33.0,25.26,0.0,19.0,1322.0,38.0,11.62,-0.18,-0.88,-0.11,-0.78,3.98,-37.09,261.0,TEST2RR,AKR_TEST2RR,0.0,1.0,1.0,100.0
53080,1,walk,walk,5456,,5456.0,20.0,0.0,1.0,6.0,10.09,-0.228,-0.105,-6.067,33.0,25.19,0.0,19.0,1322.0,38.0,13.67,-0.21,-0.87,-0.12,-1.97,1.08,-39.3,261.0,TEST2RR,AKR_TEST2RR,0.0,1.0,1.0,100.0
53080,1,walk,walk,5457,,5457.0,20.0,0.0,1.0,6.0,9.97,-0.229,0.252,-6.497,33.0,25.12,0.0,19.0,1322.0,38.0,15.38,-0.24,-0.88,-0.12,-3.13,-1.67,-40.54,261.0,TEST2RR,AKR_TEST2RR,0.0,1.0,1.0,100.0
53120,1,walk,walk,5458,,5458.0,20.0,0.0,1.0,6.0,9.78,-0.221,0.82,-7.939,33.0,24.84,0.0,19.0,1322.0,38.0,16.51,-0.26,-0.89,-0.11,-3.86,-3.68,-40.59,261.0,TEST2RR,AKR_TEST2RR,0.0,1.0,1.0,100.0
53140,1,walk,walk,5459,,5459.0,20.0,0.0,3.0,7.0,9.53,-0.212,0.829,-8.624,33.0,24.67,0.0,19.0,1322.0,38.0,16.96,-0.28,-0.91,-0.1,-4.04,-4.64,-39.39,261.0,TEST2RR,AKR_TEST2RR,0.0,1.0,1.0,100.0
53160,1,walk,walk,5460,,5460.0,20.0,0.0,3.0,7.0,9.23,-0.202,0.571,-8.681,33.0,24.63,0.0,19.0,1322.0,38.0,16.84,-0.28,-0.94,-0.09,-3.74,-4.58,-37.01,261.0,TEST2RR,AKR_TEST2RR,0.0,1.0,1.0,100.0
53160,1,walk,walk,5461,,5461.0,20.0,0.0,3.0,7.0,8.89,-0.193,0.522,-8.805,33.0,24.53,0.0,19.0,1322.0,38.0,16.29,-0.28,-0.97,-0.07,-3.13,-3.73,-33.63,261.0,TEST2RR,AKR_TEST2RR,0.0,1.0,1.0,100.0
53180,1,walk,walk,5462,,5462.0,20.0,1.0,3.0,7.0,8.5,-0.182,0.771,-9.075,33.0,24.53,0.0,20.0,1322.0,38.0,15.5,-0.27,-0.99,-0.05,-2.41,-2.57,-29.52,261.0,TEST2RR,AKR_TEST2RR,0.0,1.0,1.0,100.0
53220,1,walk,walk,5463,,5463.0,20.0,0.0,3.0,7.0,8.1,-0.171,0.755,-8.717,33.0,24.7,0.0,19.0,1322.0,38.0,14.58,-0.26,-1.02,-0.04,-1.7,-1.57,-25.0,261.0,TEST2RR,AKR_TEST2RR,0.0,1.0,1.0,100.0
53240,1,walk,walk,5464,,5464.0,20.0,0.0,3.0,7.0,7.67,-0.156,0.798,-8.124,33.0,24.88,0.0,19.0,1322.0,38.0,13.6,-0.25,-1.03,-0.02,-1.13,-0.97,-20.32,261.0,TEST2RR,AKR_TEST2RR,0.0,1.0,1.0,100.0
53240,1,walk,walk,5465,,5465.0,20.0,0.0,3.0,7.0,7.24,-0.141,1.004,-7.36,33.0,25.05,0.0,19.0,1322.0,38.0,12.61,-0.23,-1.05,-0.01,-0.76,-0.93,-15.77,261.0,TEST2RR,AKR_TEST2RR,0.0,1.0,1.0,100.0
53260,1,walk,walk,5466,,5466.0,20.0,0.0,3.0,7.0,6.81,-0.122,1.522,-6.907,33.0,25.26,0.0,19.0,1322.0,38.0,11.62,-0.22,-1.06,-0.01,-0.62,-1.42,-11.62,261.0,TEST2RR,AKR_TEST2RR,0.0,1.0,1.0,100.0
53280,1,walk,walk,5467,,5467.0,20.0,0.0,3.0,7.0,6.39,-0.092,2.015,-6.175,33.0,25.44,0.0,19.0,1322.0,38.0,10.67,-0.2,-1.07,0.0,-0.7,-2.32,-8.13,261.0,TEST2RR,AKR_TEST2RR,0.0,1.0,1.0,100.0
53300,1,walk,walk,5468,,5468.0,20.0,0.0,3.0,7.0,5.99,-0.059,2.167,-4.695,33.0,25.69,0.0,19.0,1322.0,38.0,9.82,-0.19,-1.07,-0.01,-0.92,-3.56,-5.52,261.0,TEST2RR,AKR_TEST2RR,0.0,1.0,1.0,100.0
53320,1,walk,walk,5469,,5469.0,20.0,1.0,3.0,7.0,5.61,-0.026,1.989,-3.162,33.0,25.83,0.0,20.0,1322.0,38.0,9.11,-0.17,-1.07,-0.01,-1.17,-5.06,-3.88,261.0,TEST2RR,AKR_TEST2RR,0.0,1.0,1.0,100.0
53340,1,walk,walk,5470,,5470.0,20.0,0.0,3.0,7.0,5.26,0.001,1.424,-1.523,33.0,25.9,0.0,19.0,1322.0,38.0,8.56,-0.16,-1.07,-0.02,-1.36,-6.72,-3.18,261.0,TEST2RR,AKR_TEST2RR,0.0,1.0,1.0,100.0
53380,1,walk,walk,5471,,5471.0,20.0,0.0,3.0,7.0,4.95,0.02,1.023,-0.372,33.0,25.9,0.0,19.0,1322.0,38.0,8.14,-0.15,-1.07,-0.02,-1.43,-8.33,-3.13,261.0,TEST2RR,AKR_TEST2RR,0.0,1.0,1.0,100.0
53400,1,walk,walk,5472,,5472.0,20.0,0.0,3.0,7.0,4.66,0.027,-0.119,0.175,33.0,25.9,0.0,19.0,1322.0,38.0,7.79,-0.15,-1.07,-0.03,-1.34,-9.65,-3.25,261.0,TEST2RR,AKR_TEST2RR,0.0,1.0,1.0,100.0
53400,1,walk,walk,5473,,5473.0,20.0,0.0,3.0,7.0,4.42,0.022,-0.613,0.14,33.0,25.9,0.0,19.0,1322.0,38.0,7.46,-0.14,-1.06,-0.04,-1.14,-10.53,-3.18,261.0,TEST2RR,AKR_TEST2RR,0.0,1.0,1.0,100.0
53420,1,walk,walk,5474,,5474.0,20.0,0.0,0.0,1.0,4.21,0.014,-0.421,-0.116,33.0,25.9,0.0,19.0,1322.0,38.0,7.17,-0.13,-1.06,-0.05,-0.88,-10.96,-2.77,261.0,TEST2RR,AKR_TEST2RR,0.0,1.0,1.0,100.0
53440,1,walk,walk,5475,,5475.0,20.0,0.0,0.0,1.0,4.02,0.008,-0.377,-0.037,34.0,25.9,0.0,19.0,1322.0,38.0,6.9,-0.13,-1.06,-0.05,-0.62,-10.96,-1.99,261.0,TEST2RR,AKR_TEST2RR,0.0,1.0,1.0,100.0
53460,1,walk,walk,5476,,5476.0,20.0,0.0,0.0,1.0,3.87,0.008,-0.377,-0.037,34.0,25.9,0.0,39.0,1322.0,38.0,6.67,-0.12,-1.05,-0.05,-0.43,-10.64,-0.96,261.0,TEST2RR,AKR_TEST2RR,0.0,1.0,1.0,100.0
53480,1,walk,walk,5477,,5477.0,20.0,0.0,0.0,1.0,3.75,0.008,-0.377,-0.037,34.0,25.9,0.0,59.0,1322.0,38.0,6.46,-0.12,-1.05,-0.05,-0.33,-10.08,0.15,261.0,TEST2RR,AKR_TEST2RR,0.0,1.0,1.0,100.0
53500,1,walk,walk,5478,,5478.0,20.0,0.0,0.0,1.0,3.65,-0.004,-3.556,0.0,34.0,25.93,0.0,4.0,1322.0,38.0,6.28,-0.12,-1.04,-0.06,-0.32,-9.36,1.2,261.0,TEST2RR,AKR_TEST2RR,0.0,1.0,1.0,100.0
53520,1,walk,walk,5479,,5479.0,20.0,0.0,0.0,1.0,3.57,-0.004,-0.007,0.0,34.0,25.93,0.0,4.0,1322.0,38.0,6.13,-0.11,-1.04,-0.06,-0.38,-8.54,2.04,261.0,TEST2RR,AKR_TEST2RR,0.0,1.0,1.0,100.0
53560,1,walk,walk,5480,,5480.0,20.0,0.0,0.0,1.0,3.51,-0.004,0.026,0.0,34.0,25.93,0.0,4.0,1322.0,38.0,6.0,-0.11,-1.04,-0.06,-0.46,-7.67,2.57,261.0,TEST2RR,AKR_TEST2RR,0.0,1.0,1.0,100.0
53560,1,walk,walk,5481,,5481.0,20.0,0.0,0.0,1.0,3.47,-0.004,-0.069,0.0,34.0,25.93,0.0,4.0,1322.0,38.0,5.9,-0.11,-1.03,-0.06,-0.52,-6.78,2.73,261.0,TEST2RR,AKR_TEST2RR,0.0,1.0,1.0,100.0
53580,1,walk,walk,5482,,5482.0,20.0,0.0,0.0,1.0,3.45,-0.002,0.104,0.0,34.0,25.93,0.0,4.0,1322.0,38.0,5.81,-0.1,-1.03,-0.07,-0.58,-5.9,2.49,261.0,TEST2RR,AKR_TEST2RR,0.0,1.0,1.0,100.0
53600,1,walk,walk,5483,,5483.0,20.0,0.0,0.0,1.0,3.45,0.001,0.147,0.0,34.0,25.93,0.0,4.0,1322.0,38.0,5.72,-0.1,-1.02,-0.07,-0.63,-5.08,1.84,261.0,TEST2RR,AKR_TEST2RR,0.0,1.0,1.0,100.0
53620,1,walk,walk,5484,,5484.0,20.0,0.0,0.0,1.0,3.46,0.003,0.244,0.0,34.0,25.93,0.0,4.0,1322.0,38.0,5.62,-0.1,-1.02,-0.07,-0.7,-4.34,0.85,261.0,TEST2RR,AKR_TEST2RR,0.0,1.0,1.0,100.0
53640,1,walk,walk,5485,,5485.0,20.0,0.0,0.0,1.0,3.48,0.006,0.218,0.0,34.0,25.93,0.0,4.0,1322.0,38.0,5.49,-0.1,-1.02,-0.07,-0.77,-3.68,-0.39,261.0,TEST2RR,AKR_TEST2RR,0.0,1.0,1.0,100.0
53660,1,walk,walk,5486,,5486.0,20.0,1.0,0.0,1.0,3.5,0.009,0.224,0.0,34.0,25.93,0.0,5.0,1322.0,38.0,5.3,-0.09,-1.02,-0.07,-0.82,-3.11,-1.77,261.0,TEST2RR,AKR_TEST2RR,0.0,1.0,1.0,100.0
53700,1,walk,walk,5487,,5487.0,20.0,1.0,0.0,1.0,3.54,0.014,0.297,0.0,34.0,25.93,0.0,5.0,1322.0,38.0,5.07,-0.09,-1.01,-0.08,-0.79,-2.65,-3.19,262.0,TEST2RR,AKR_TEST2RR,0.0,1.0,1.0,100.0
53700,1,walk,walk,5488,,5488.0,20.0,1.0,0.0,1.0,3.58,0.018,0.319,0.0,34.0,25.93,0.0,5.0,1322.0,38.0,4.79,-0.08,-1.01,-0.08,-0.66,-2.26,-4.57,262.0,TEST2RR,AKR_TEST2RR,0.0,1.0,1.0,100.0
53720,1,walk,walk,5489,,5489.0,20.0,1.0,0.0,1.0,3.61,0.022,0.347,0.0,34.0,25.93,0.0,5.0,1322.0,38.0,4.47,-0.08,-1.02,-0.08,-0.42,-1.93,-5.86,262.0,TEST2RR,AKR_TEST2RR,0.0,1.0,1.0,100.0
53760,1,walk,walk,5490,,5490.0,20.0,1.0,0.0,1.0,3.65,0.027,0.328,0.0,34.0,25.93,0.0,5.0,1322.0,38.0,4.13,-0.07,-1.02,-0.08,-0.06,-1.61,-7.02,262.0,TEST2RR,AKR_TEST2RR,0.0,1.0,1.0,100.0
53760,1,walk,walk,5491,,5491.0,20.0,1.0,0.0,1.0,3.67,0.031,0.354,0.0,34.0,25.93,0.0,5.0,1322.0,38.0,3.79,-0.07,-1.02,-0.09,0.42,-1.31,-8.03,262.0,TEST2RR,AKR_TEST2RR,0.0,1.0,1.0,100.0
53800,1,walk,walk,5492,,5492.0,20.0,1.0,0.0,1.0,3.69,0.035,0.058,0.0,34.0,25.93,0.0,5.0,1322.0,38.0,3.44,-0.06,-1.02,-0.09,1.0,-1.06,-8.86,262.0,TEST2RR,AKR_TEST2RR,0.0,1.0,1.0,100.0
53800,1,walk,walk,5493,,5493.0,20.0,1.0,0.0,1.0,3.7,0.036,0.034,0.0,34.0,25.93,0.0,5.0,1322.0,38.0,3.1,-0.06,-1.02,-0.09,1.68,-0.88,-9.43,262.0,TEST2RR,AKR_TEST2RR,0.0,1.0,1.0,100.0
53820,1,walk,walk,5494,,5494.0,20.0,1.0,0.0,1.0,3.69,0.036,-0.017,0.0,34.0,25.93,0.0,5.0,1322.0,38.0,2.75,-0.05,-1.02,-0.09,2.46,-0.77,-9.69,262.0,TEST2RR,AKR_TEST2RR,0.0,1.0,1.0,100.0
53880,1,walk,walk,5495,,5495.0,20.0,1.0,0.0,1.0,3.67,0.036,-0.061,0.0,34.0,25.93,0.0,5.0,1322.0,38.0,2.4,-0.04,-1.02,-0.09,3.34,-0.75,-9.54,262.0,TEST2RR,AKR_TEST2RR,0.0,1.0,1.0,100.0
53880,1,walk,walk,5496,,5496.0,20.0,1.0,0.0,1.0,3.63,0.034,-0.287,0.0,34.0,25.93,0.0,5.0,1322.0,38.0,2.03,-0.04,-1.02,-0.09,4.34,-0.79,-8.89,262.0,TEST2RR,AKR_TEST2RR,0.0,1.0,1.0,100.0
53880,1,walk,walk,5497,,5497.0,20.0,1.0,0.0,1.0,3.58,0.026,-0.581,0.0,34.0,25.93,0.0,5.0,1322.0,38.0,1.65,-0.03,-1.03,-0.09,5.43,-0.86,-7.61,262.0,TEST2RR,AKR_TEST2RR,0.0,1.0,1.0,100.0
53900,1,walk,walk,5498,,5498.0,20.0,1.0,0.0,1.0,3.51,0.017,-0.528,0.0,34.0,25.93,0.0,5.0,1322.0,38.0,1.25,-0.02,-1.03,-0.1,6.59,-0.94,-5.65,262.0,TEST2RR,AKR_TEST2RR,0.0,1.0,1.0,100.0
53920,1,walk,walk,5499,,5499.0,20.0,1.0,0.0,1.0,3.43,0.009,-0.712,0.0,34.0,25.93,0.0,5.0,1322.0,38.0,0.89,-0.02,-1.03,-0.09,7.79,-1.01,-3.03,262.0,TEST2RR,AKR_TEST2RR,0.0,1.0,1.0,100.0
53940,1,walk,walk,5500,,5500.0,20.0,1.0,0.0,1.0,3.33,-0.005,-0.732,0.0,34.0,25.93,0.0,5.0,1322.0,38.0,0.57,-0.01,-1.03,-0.09,8.98,-1.05,0.2,262.0,TEST2RR,AKR_TEST2RR,0.0,1.0,1.0,100.0
53980,1,walk,walk,5501,,5501.0,20.0,0.0,0.0,1.0,3.23,-0.014,-0.68,0.0,34.0,25.93,0.0,4.0,1322.0,38.0,0.34,-0.01,-1.04,-0.09,10.14,-1.06,3.88,262.0,TEST2RR,AKR_TEST2RR,0.0,1.0,1.0,100.0
53980,1,walk,walk,5502,,5502.0,20.0,0.0,0.0,1.0,3.13,-0.026,-0.786,0.0,34.0,25.93,0.0,4.0,1322.0,38.0,0.2,0.0,-1.04,-0.09,11.23,-1.1,7.9,262.0,TEST2RR,AKR_TEST2RR,0.0,1.0,1.0,100.0
54020,1,walk,walk,5503,,5503.0,20.0,0.0,0.0,1.0,3.03,-0.033,-0.322,0.0,34.0,25.93,0.0,4.0,1322.0,38.0,0.17,0.0,-1.04,-0.09,12.16,-1.3,12.04,262.0,TEST2RR,AKR_TEST2RR,0.0,1.0,1.0,100.0
54040,1,walk,walk,5504,,5504.0,20.0,0.0,0.0,1.0,2.93,-0.034,0.203,0.0,34.0,25.93,0.0,4.0,1322.0,38.0,0.28,-0.01,-1.04,-0.09,12.83,-1.89,16.0,262.0,TEST2RR,AKR_TEST2RR,0.0,1.0,1.0,100.0
54040,1,walk,walk,5505,,5505.0,20.0,0.0,0.0,1.0,2.85,-0.026,1.178,0.0,34.0,25.93,0.0,4.0,1322.0,38.0,0.51,-0.01,-1.05,-0.09,13.17,-3.06,19.49,262.0,TEST2RR,AKR_TEST2RR,0.0,1.0,1.0,100.0
54080,1,walk,walk,5506,,5506.0,20.0,0.0,0.0,1.0,2.79,-0.005,1.834,0.0,34.0,25.93,0.0,4.0,1322.0,38.0,0.85,-0.02,-1.05,-0.09,13.09,-4.96,22.16,262.0,TEST2RR,AKR_TEST2RR,0.0,1.0,1.0,100.0
54080,1,walk,walk,5507,,5507.0,20.0,0.0,0.0,1.0,2.76,0.021,1.956,0.0,34.0,25.93,0.0,4.0,1322.0,38.0,1.29,-0.02,-1.05,-0.09,12.52,-7.79,23.82,262.0,TEST2RR,AKR_TEST2RR,0.0,1.0,1.0,100.0
54100,1,walk,walk,5508,,5508.0,20.0,0.0,0.0,1.0,2.76,0.047,1.831,0.0,34.0,25.93,0.0,4.0,1322.0,38.0,1.83,-0.03,-1.06,-0.1,11.36,-11.83,24.4,262.0,TEST2RR,AKR_TEST2RR,0.0,1.0,1.0,100.0
54120,1,walk,walk,5509,,5509.0,20.0,0.0,0.0,1.0,2.79,0.073,1.703,0.0,34.0,25.93,0.0,4.0,1322.0,38.0,2.43,-0.05,-1.06,-0.11,9.53,-17.37,23.93,262.0,TEST2RR,AKR_TEST2RR,0.0,1.0,1.0,100.0
54140,1,walk,walk,5510,,5510.0,20.0,0.0,0.0,1.0,2.85,0.093,1.217,0.0,34.0,25.93,0.0,4.0,1322.0,38.0,3.12,-0.06,-1.07,-0.12,7.05,-24.7,22.58,262.0,TEST2RR,AKR_TEST2RR,0.0,1.0,1.0,100.0
54180,1,walk,walk,5511,,5511.0,20.0,0.0,0.0,1.0,2.96,0.105,0.003,0.0,34.0,25.93,0.0,4.0,1322.0,38.0,3.94,-0.07,-1.07,-0.13,4.01,-33.81,20.61,262.0,TEST2RR,AKR_TEST2RR,0.0,1.0,1.0,100.0
54180,1,walk,walk,5512,,5512.0,20.0,0.0,0.0,1.0,3.1,0.103,-0.256,0.0,34.0,25.93,0.0,4.0,1322.0,38.0,4.88,-0.09,-1.07,-0.14,0.58,-44.25,18.35,262.0,TEST2RR,AKR_TEST2RR,0.0,1.0,1.0,100.0
54200,1,walk,walk,5513,,5513.0,20.0,0.0,0.0,1.0,3.27,0.101,-0.193,0.0,34.0,25.93,0.0,4.0,1322.0,38.0,5.88,-0.11,-1.07,-0.15,-3.07,-55.44,16.11,262.0,TEST2RR,AKR_TEST2RR,0.0,1.0,1.0,100.0
54220,1,walk,walk,5514,,5514.0,20.0,0.0,0.0,1.0,3.47,0.095,-0.456,0.0,34.0,25.93,0.0,4.0,1322.0,38.0,6.86,-0.13,-1.07,-0.15,-6.76,-66.55,14.19,262.0,TEST2RR,AKR_TEST2RR,0.0,1.0,1.0,100.0
54260,1,walk,walk,5515,,5515.0,20.0,0.0,0.0,1.0,3.69,0.089,-0.515,0.0,34.0,25.93,0.0,4.0,1322.0,38.0,7.77,-0.15,-1.07,-0.14,-10.34,-76.59,12.84,262.0,TEST2RR,AKR_TEST2RR,0.0,1.0,1.0,100.0
54260,1,walk,walk,5516,,5516.0,20.0,0.0,0.0,1.0,3.94,0.078,-0.821,0.0,34.0,25.93,0.0,4.0,1322.0,38.0,8.6,-0.16,-1.07,-0.13,-13.7,-84.63,12.28,262.0,TEST2RR,AKR_TEST2RR,0.0,1.0,1.0,100.0
54280,1,walk,walk,5517,,5517.0,20.0,0.0,0.0,1.0,4.2,0.069,-0.57,0.0,34.0,25.93,0.0,4.0,1322.0,38.0,9.38,-0.18,-1.06,-0.12,-16.77,-90.15,12.59,262.0,TEST2RR,AKR_TEST2RR,0.0,1.0,1.0,100.0
54300,1,walk,walk,5518,,5518.0,20.0,0.0,0.0,1.0,4.47,0.06,-0.723,0.0,34.0,25.93,0.0,4.0,1322.0,38.0,10.15,-0.19,-1.06,-0.1,-19.52,-93.08,13.68,262.0,TEST2RR,AKR_TEST2RR,0.0,1.0,1.0,100.0
54320,1,walk,walk,5519,,5519.0,20.0,0.0,0.0,1.0,4.76,0.045,-1.138,0.0,34.0,25.93,0.0,4.0,1322.0,38.0,10.96,-0.2,-1.05,-0.09,-21.9,-93.82,15.36,262.0,TEST2RR,AKR_TEST2RR,0.0,1.0,1.0,100.0
54360,1,walk,walk,5520,,5520.0,20.0,0.0,0.0,1.0,5.05,0.034,-0.669,0.0,34.0,25.93,0.0,4.0,1322.0,38.0,11.81,-0.22,-1.04,-0.07,-23.92,-93.11,17.37,262.0,TEST2RR,AKR_TEST2RR,0.0,1.0,1.0,100.0
54360,1,walk,walk,5521,,5521.0,20.0,0.0,6.0,2.0,5.35,0.024,-0.536,0.0,34.0,25.93,0.0,4.0,1322.0,38.0,12.7,-0.23,-1.02,-0.05,-25.55,-91.8,19.36,262.0,TEST2RR,AKR_TEST2RR,0.0,1.0,1.0,100.0
54380,1,walk,walk,5522,,5522.0,20.0,0.0,6.0,2.0,5.66,0.022,-0.737,0.102,34.0,25.93,0.0,18.0,1322.0,38.0,13.56,-0.24,-1.01,-0.04,-26.8,-90.59,20.99,262.0,TEST2RR,AKR_TEST2RR,0.0,1.0,1.0,100.0
54420,1,walk,walk,5523,,5523.0,20.0,0.0,6.0,2.0,5.98,0.013,-0.516,-0.312,34.0,25.9,0.0,18.0,1322.0,38.0,14.33,-0.25,-0.99,-0.03,-27.68,-89.85,22.02,262.0,TEST2RR,AKR_TEST2RR,0.0,1.0,1.0,100.0
54420,1,walk,walk,5524,,5524.0,20.0,0.0,6.0,2.0,6.31,0.007,-0.242,-0.203,34.0,25.9,0.0,18.0,1322.0,38.0,14.96,-0.26,-0.96,-0.02,-28.2,-89.64,22.24,262.0,TEST2RR,AKR_TEST2RR,0.0,1.0,1.0,100.0
54440,1,walk,walk,5525,,5525.0,20.0,1.0,6.0,2.0,6.66,0.004,-0.093,-0.232,34.0,25.9,0.0,19.0,1322.0,38.0,15.41,-0.26,-0.94,-0.01,-28.42,-89.79,21.58,262.0,TEST2RR,AKR_TEST2RR,0.0,1.0,1.0,100.0
54460,1,walk,walk,5526,,5526.0,20.0,0.0,6.0,2.0,7.02,0.003,0.052,-0.342,34.0,25.9,0.0,18.0,1322.0,38.0,15.68,-0.26,-0.92,-0.01,-28.34,-90.03,20.01,262.0,TEST2RR,AKR_TEST2RR,0.0,1.0,1.0,100.0
54500,1,walk,walk,5527,,5527.0,20.0,1.0,6.0,2.0,7.39,0.003,0.002,-0.425,34.0,25.9,0.0,19.0,1322.0,38.0,15.78,-0.25,-0.9,0.0,-28.01,-90.08,17.59,262.0,TEST2RR,AKR_TEST2RR,0.0,1.0,1.0,100.0
54520,1,walk,walk,5528,,5528.0,20.0,1.0,6.0,2.0,7.78,0.003,0.049,-0.431,34.0,25.9,0.0,19.0,1322.0,38.0,15.77,-0.25,-0.88,0.0,-27.43,-89.78,14.36,262.0,TEST2RR,AKR_TEST2RR,0.0,1.0,1.0,100.0
54520,1,walk,walk,5529,,5529.0,20.0,1.0,6.0,2.0,8.18,0.003,0.007,-0.425,34.0,25.9,0.0,19.0,1322.0,38.0,15.68,-0.24,-0.86,0.0,-26.63,-89.11,10.44,262.0,TEST2RR,AKR_TEST2RR,0.0,1.0,1.0,100.0
54540,1,walk,walk,5530,,5530.0,20.0,1.0,6.0,2.0,8.58,0.004,0.013,-0.525,34.0,25.9,0.0,19.0,1322.0,38.0,15.57,-0.24,-0.85,0.0,-25.63,-88.14,5.96,262.0,TEST2RR,AKR_TEST2RR,0.0,1.0,1.0,100.0
54560,1,walk,walk,5531,,5531.0,20.0,1.0,0.0,5.0,8.98,0.004,0.091,-0.632,34.0,25.9,0.0,19.0,1322.0,38.0,15.47,-0.23,-0.84,-0.01,-24.45,-87.06,1.06,262.0,TEST2RR,AKR_TEST2RR,0.0,1.0,1.0,100.0
54580,1,walk,walk,5532,,5532.0,20.0,0.0,0.0,6.0,9.38,0.005,0.14,-0.889,33.0,25.9,0.0,19.0,1322.0,38.0,15.38,-0.23,-0.84,-0.02,-23.11,-86.08,-4.07,262.0,TEST2RR,AKR_TEST2RR,0.0,1.0,1.0,100.0
54600,1,walk,walk,5533,,5533.0,20.0,0.0,0.0,6.0,9.77,0.005,0.14,-0.889,33.0,25.9,0.0,39.0,1322.0,38.0,15.28,-0.23,-0.84,-0.03,-21.64,-85.57,-9.54,262.0,TEST2RR,AKR_TEST2RR,0.0,1.0,1.0,100.0
54620,1,walk,walk,5534,,5534.0,20.0,0.0,0.0,6.0,10.13,0.005,0.14,-0.889,33.0,25.9,0.0,59.0,1322.0,38.0,15.09,-0.23,-0.84,-0.04,-20.05,-85.68,-15.32,262.0,TEST2RR,AKR_TEST2RR,0.0,1.0,1.0,100.0
54660,1,walk,walk,5535,,5535.0,20.0,0.0,0.0,6.0,10.46,0.075,18.308,0.0,33.0,25.97,0.0,6.0,1322.0,38.0,14.65,-0.22,-0.85,-0.06,-18.45,-85.82,-21.32,263.0,TEST2RR,AKR_TEST2RR,0.0,1.0,1.0,100.0
54660,1,walk,walk,5536,,5536.0,20.0,0.0,0.0,6.0,10.75,0.061,-1.209,0.0,33.0,25.93,0.0,6.0,1322.0,38.0,13.87,-0.21,-0.86,-0.08,-16.84,-85.32,-27.21,263.0,TEST2RR,AKR_TEST2RR,0.0,1.0,1.0,100.0
54680,1,walk,walk,5537,,5537.0,20.0,0.0,0.0,6.0,11.0,0.045,-0.567,0.0,33.0,25.93,0.0,6.0,1322.0,38.0,12.74,-0.2,-0.87,-0.1,-15.19,-83.87,-32.59,263.0,TEST2RR,AKR_TEST2RR,0.0,1.0,1.0,100.0
54720,1,walk,walk,5538,,5538.0,20.0,0.0,0.0,6.0,11.18,0.043,-0.028,0.0,33.0,25.93,0.0,6.0,1322.0,38.0,11.34,-0.18,-0.9,-0.12,-13.44,-81.58,-37.21,263.0,TEST2RR,AKR_TEST2RR,0.0,1.0,1.0,100.0
54720,1,walk,walk,5539,,5539.0,20.0,0.0,0.0,6.0,11.31,0.043,0.054,0.0,33.0,25.93,0.0,6.0,1322.0,38.0,9.74,-0.16,-0.92,-0.14,-11.53,-78.73,-40.94,263.0,TEST2RR,AKR_TEST2RR,0.0,1.0,1.0,100.0
54740,1,walk,walk,5540,,5540.0,20.0,0.0,0.0,6.0,11.36,0.044,0.017,0.0,33.0,25.93,0.0,6.0,1322.0,38.0,8.0,-0.13,-0.95,-0.16,-9.41,-75.47,-43.68,263.0,TEST2RR,AKR_TEST2RR,0.0,1.0,1.0,100.0
54760,1,walk,walk,5541,,5541.0,20.0,0.0,0.0,6.0,11.34,0.045,-0.015,0.0,33.0,25.93,0.0,6.0,1322.0,38.0,6.23,-0.11,-0.98,-0.16,-7.13,-71.73,-45.28,263.0,TEST2RR,AKR_TEST2RR,0.0,1.0,1.0,100.0
54780,1,walk,walk,5542,,5542.0,20.0,0.0,0.0,6.0,11.23,0.044,-0.093,0.0,33.0,25.93,0.0,6.0,1322.0,38.0,4.56,-0.08,-1.01,-0.16,-4.85,-67.43,-45.66,263.0,TEST2RR,AKR_TEST2RR,0.0,1.0,1.0,100.0
54800,1,walk,walk,5543,,5543.0,20.0,0.0,0.0,7.0,11.05,0.044,0.036,0.0,33.0,25.93,0.0,6.0,1322.0,38.0,3.08,-0.06,-1.03,-0.15,-2.78,-62.61,-44.89,263.0,TEST2RR,AKR_TEST2RR,0.0,1.0,1.0,100.0
54840,1,walk,walk,5544,,5544.0,20.0,0.0,0.0,7.0,10.79,0.044,-0.014,0.0,33.0,25.93,0.0,6.0,1322.0,38.0,1.85,-0.03,-1.05,-0.14,-1.08,-57.43,-43.15,263.0,TEST2RR,AKR_TEST2RR,0.0,1.0,1.0,100.0
54840,1,walk,walk,5545,,5545.0,20.0,0.0,0.0,7.0,10.44,0.043,-0.12,0.0,33.0,25.93,0.0,6.0,1322.0,38.0,0.89,-0.02,-1.07,-0.12,0.23,-52.05,-40.62,263.0,TEST2RR,AKR_TEST2RR,0.0,1.0,1.0,100.0
54860,1,walk,walk,5546,,5546.0,20.0,0.0,0.0,7.0,10.03,0.041,-0.099,0.0,33.0,25.93,0.0,6.0,1322.0,38.0,0.2,0.0,-1.08,-0.11,1.19,-46.65,-37.55,263.0,TEST2RR,AKR_TEST2RR,0.0,1.0,1.0,100.0
54880,1,walk,walk,5547,,5547.0,20.0,0.0,0.0,7.0,9.55,0.041,0.056,0.0,33.0,25.93,0.0,6.0,1322.0,38.0,-0.25,0.0,-1.08,-0.1,1.91,-41.41,-34.18,263.0,TEST2RR,AKR_TEST2RR,0.0,1.0,1.0,100.0
54900,1,walk,walk,5548,,5548.0,20.0,0.0,0.0,7.0,9.01,0.041,0.03,0.0,33.0,25.93,0.0,6.0,1322.0,38.0,-0.48,0.01,-1.08,-0.09,2.5,-36.45,-30.77,263.0,TEST2RR,AKR_TEST2RR,0.0,1.0,1.0,100.0
54920,1,walk,walk,5549,,5549.0,20.0,0.0,0.0,7.0,8.43,0.041,-0.083,0.0,33.0,25.93,0.0,6.0,1322.0,38.0,-0.54,0.01,-1.08,-0.08,2.97,-31.83,-27.54,263.0,TEST2RR,AKR_TEST2RR,0.0,1.0,1.0,100.0
54940,1,walk,walk,5550,,5550.0,20.0,0.0,0.0,7.0,7.81,0.042,0.104,0.0,33.0,25.93,0.0,6.0,1322.0,38.0,-0.46,0.01,-1.08,-0.07,3.34,-27.61,-24.64,263.0,TEST2RR,AKR_TEST2RR,0.0,1.0,1.0,100.0
54980,1,walk,walk,5551,,5551.0,20.0,0.0,0.0,7.0,7.16,0.043,0.054,0.0,33.0,25.93,0.0,6.0,1322.0,38.0,-0.3,0.01,-1.07,-0.06,3.57,-23.8,-22.19,263.0,TEST2RR,AKR_TEST2RR,0.0,1.0,1.0,100.0
55000,1,walk,walk,5552,,5552.0,20.0,0.0,0.0,7.0,6.5,0.046,0.265,0.0,33.0,25.93,0.0,6.0,1322.0,38.0,-0.1,0.0,-1.07,-0.05,3.65,-20.42,-20.25,263.0,TEST2RR,AKR_TEST2RR,0.0,1.0,1.0,100.0
55000,1,walk,walk,5553,,5553.0,20.0,0.0,0.0,7.0,5.84,0.051,0.237,0.0,33.0,25.93,0.0,6.0,1322.0,38.0,0.1,0.0,-1.06,-0.05,3.6,-17.43,-18.81,263.0,TEST2RR,AKR_TEST2RR,0.0,1.0,1.0,100.0
55040,1,walk,walk,5554,,5554.0,20.0,0.0,0.0,7.0,5.18,0.054,0.369,0.0,33.0,25.93,0.0,6.0,1322.0,38.0,0.26,0.0,-1.06,-0.05,3.45,-14.78,-17.83,263.0,TEST2RR,AKR_TEST2RR,0.0,1.0,1.0,100.0
55040,1,walk,walk,5555,,5555.0,20.0,0.0,0.0,7.0,4.54,0.058,0.25,0.0,33.0,25.93,0.0,6.0,1322.0,38.0,0.35,-0.01,-1.05,-0.04,3.24,-12.45,-17.18,263.0,TEST2RR,AKR_TEST2RR,0.0,1.0,1.0,100.0
55060,1,walk,walk,5556,,5556.0,20.0,0.0,0.0,7.0,3.91,0.063,0.319,0.0,33.0,25.93,0.0,6.0,1322.0,38.0,0.38,-0.01,-1.05,-0.04,3.04,-10.4,-16.74,263.0,TEST2RR,AKR_TEST2RR,0.0,1.0,1.0,100.0
55080,1,walk,walk,5557,,5557.0,20.0,0.0,0.0,7.0,3.31,0.067,0.246,0.0,33.0,25.93,0.0,6.0,1322.0,38.0,0.33,-0.01,-1.05,-0.04,2.91,-8.62,-16.41,263.0,TEST2RR,AKR_TEST2RR,0.0,1.0,1.0,100.0
55100,1,walk,walk,5558,,5558.0,20.0,0.0,0.0,7.0,2.73,0.068,0.164,0.0,33.0,25.93,0.0,6.0,1322.0,38.0,0.22,0.0,-1.04,-0.04,2.88,-7.09,-16.07,263.0,TEST2RR,AKR_TEST2RR,0.0,1.0,1.0,100.0
55140,1,walk,walk,5559,,5559.0,20.0,0.0,0.0,7.0,2.18,0.069,-0.127,0.0,33.0,25.93,0.0,6.0,1322.0,38.0,0.07,0.0,-1.04,-0.04,2.97,-5.81,-15.61,263.0,TEST2RR,AKR_TEST2RR,0.0,1.0,1.0,100.0
55160,1,walk,walk,5560,,5560.0,20.0,0.0,0.0,7.0,1.65,0.069,0.033,0.0,33.0,25.93,0.0,6.0,1322.0,38.0,-0.13,0.0,-1.04,-0.04,3.17,-4.76,-14.97,263.0,TEST2RR,AKR_TEST2RR,0.0,1.0,1.0,100.0
55160,1,walk,walk,5561,,5561.0,20.0,0.0,0.0,7.0,1.16,0.069,-0.01,0.0,33.0,25.93,0.0,6.0,1322.0,38.0,-0.34,0.01,-1.04,-0.04,3.46,-3.9,-14.1,263.0,TEST2RR,AKR_TEST2RR,0.0,1.0,1.0,100.0
55180,1,walk,walk,5562,,5562.0,20.0,0.0,0.0,7.0,0.7,0.068,-0.058,0.0,33.0,25.93,0.0,6.0,1322.0,38.0,-0.56,0.01,-1.04,-0.04,3.83,-3.21,-12.96,263.0,TEST2RR,AKR_TEST2RR,0.0,1.0,1.0,100.0
55200,1,walk,walk,5563,,5563.0,20.0,0.0,0.0,7.0,0.26,0.066,-0.061,0.0,33.0,25.93,0.0,6.0,1322.0,38.0,-0.78,0.01,-1.04,-0.04,4.3,-2.64,-11.56,263.0,TEST2RR,AKR_TEST2RR,0.0,1.0,1.0,100.0
55220,1,walk,walk,5564,,5564.0,20.0,0.0,0.0,7.0,-0.15,0.064,-0.189,0.0,33.0,25.93,0.0,6.0,1322.0,38.0,-1.0,0.02,-1.04,-0.04,4.86,-2.16,-9.88,263.0,TEST2RR,AKR_TEST2RR,0.0,1.0,1.0,100.0
55240,1,walk,walk,5565,,5565.0,20.0,0.0,0.0,7.0,-0.53,0.062,-0.156,0.0,33.0,25.93,0.0,6.0,1322.0,38.0,-1.18,0.02,-1.04,-0.04,5.53,-1.74,-8.0,263.0,TEST2RR,AKR_TEST2RR,0.0,1.0,1.0,100.0
55260,1,walk,walk,5566,,5566.0,20.0,0.0,0.0,7.0,-0.89,0.059,-0.143,0.0,33.0,25.93,0.0,6.0,1322.0,38.0,-1.33,0.02,-1.04,-0.04,6.28,-1.35,-5.95,263.0,TEST2RR,AKR_TEST2RR,0.0,1.0,1.0,100.0
55280,1,walk,walk,5567,,5567.0,20.0,0.0,0.0,7.0,-1.22,0.056,-0.283,0.0,33.0,25.93,0.0,6.0,1322.0,38.0,-1.45,0.03,-1.04,-0.04,7.09,-0.97,-3.78,263.0,TEST2RR,AKR_TEST2RR,0.0,1.0,1.0,100.0
55320,1,walk,walk,5568,,5568.0,20.0,0.0,0.0,1.0,-1.53,0.053,-0.304,0.0,33.0,25.93,0.0,6.0,1322.0,38.0,-1.54,0.03,-1.04,-0.04,7.94,-0.57,-1.52,263.0,TEST2RR,AKR_TEST2RR,0.0,1.0,1.0,100.0
55320,1,walk,walk,5569,,5569.0,20.0,0.0,0.0,1.0,-1.81,0.05,-0.281,0.0,33.0,25.93,0.0,6.0,1322.0,38.0,-1.59,0.03,-1.04,-0.04,8.82,-0.17,0.83,263.0,TEST2RR,AKR_TEST2RR,0.0,1.0,1.0,100.0
55340,1,walk,walk,5570,,5570.0,20.0,0.0,0.0,1.0,-2.06,0.048,0.011,0.0,33.0,25.93,0.0,6.0,1322.0,38.0,-1.57,0.03,-1.04,-0.04,9.69,0.09,3.25,263.0,TEST2RR,AKR_TEST2RR,0.0,1.0,1.0,100.0
55360,1,walk,walk,5571,,5571.0,20.0,0.0,0.0,1.0,-2.28,0.049,0.109,0.0,33.0,25.93,0.0,6.0,1322.0,38.0,-1.46,0.03,-1.05,-0.04,10.36,-0.15,5.71,263.0,TEST2RR,AKR_TEST2RR,0.0,1.0,1.0,100.0
55380,1,walk,walk,5572,,5572.0,20.0,0.0,0.0,1.0,-2.47,0.061,1.509,0.0,33.0,25.93,0.0,6.0,1322.0,38.0,-1.25,0.02,-1.05,-0.05,10.61,-1.54,8.04,263.0,TEST2RR,AKR_TEST2RR,0.0,1.0,1.0,100.0
55400,1,walk,walk,5573,,5573.0,20.0,0.0,0.0,1.0,-2.63,0.089,1.813,0.0,33.0,25.93,0.0,6.0,1322.0,38.0,-0.95,0.02,-1.05,-0.06,10.25,-4.67,9.96,263.0,TEST2RR,AKR_TEST2RR,0.0,1.0,1.0,100.0
55420,1,walk,walk,5574,,5574.0,20.0,0.0,0.0,1.0,-2.76,0.113,1.166,0.0,33.0,25.93,0.0,6.0,1322.0,38.0,-0.59,0.01,-1.06,-0.08,9.14,-10.02,11.3,263.0,TEST2RR,AKR_TEST2RR,0.0,1.0,1.0,100.0
55460,1,walk,walk,5575,,5575.0,20.0,0.0,0.0,1.0,-2.85,0.13,0.829,0.0,33.0,25.93,0.0,6.0,1322.0,38.0,-0.14,0.0,-1.06,-0.1,7.21,-17.99,12.01,263.0,TEST2RR,AKR_TEST2RR,0.0,1.0,1.0,100.0
55480,1,walk,walk,5576,,5576.0,20.0,0.0,0.0,1.0,-2.91,0.134,0.017,0.0,33.0,25.93,0.0,6.0,1322.0,38.0,0.41,-0.01,-1.07,-0.13,4.51,-28.75,12.23,263.0,TEST2RR,AKR_TEST2RR,0.0,1.0,1.0,100.0
55480,1,walk,walk,5577,,5577.0,20.0,0.0,0.0,1.0,-2.93,0.133,-0.001,0.0,33.0,25.93,0.0,6.0,1322.0,38.0,1.07,-0.02,-1.08,-0.15,1.19,-41.99,12.12,263.0,TEST2RR,AKR_TEST2RR,0.0,1.0,1.0,100.0
55500,1,walk,walk,5578,,5578.0,20.0,0.0,0.0,1.0,-2.92,0.132,-0.007,0.0,33.0,25.93,0.0,6.0,1322.0,38.0,1.77,-0.03,-1.08,-0.17,-2.53,-56.8,11.94,263.0,TEST2RR,AKR_TEST2RR,0.0,1.0,1.0,100.0
55520,1,walk,walk,5579,,5579.0,20.0,0.0,0.0,1.0,-2.88,0.129,-0.287,0.0,33.0,25.93,0.0,6.0,1322.0,38.0,2.41,-0.05,-1.09,-0.18,-6.42,-71.82,12.0,263.0,TEST2RR,AKR_TEST2RR,0.0,1.0,1.0,100.0
55560,1,walk,walk,5580,,5580.0,20.0,0.0,0.0,1.0,-2.8,0.125,-0.293,0.0,33.0,25.93,0.0,6.0,1322.0,38.0,2.95,-0.06,-1.09,-0.18,-10.27,-85.56,12.53,263.0,TEST2RR,AKR_TEST2RR,0.0,1.0,1.0,100.0
55560,1,walk,walk,5581,,5581.0,20.0,0.0,0.0,1.0,-2.69,0.122,-0.226,0.0,33.0,25.93,0.0,6.0,1322.0,38.0,3.36,-0.06,-1.09,-0.17,-13.94,-96.75,13.69,263.0,TEST2RR,AKR_TEST2RR,0.0,1.0,1.0,100.0
55580,1,walk,walk,5582,,5582.0,20.0,0.0,0.0,1.0,-2.56,0.119,-0.331,0.0,33.0,25.93,0.0,6.0,1322.0,38.0,3.68,-0.07,-1.09,-0.15,-17.27,-104.68,15.44,263.0,TEST2RR,AKR_TEST2RR,0.0,1.0,1.0,100.0
55620,1,walk,walk,5583,,5583.0,20.0,0.0,0.0,1.0,-2.4,0.115,-0.326,0.0,33.0,25.93,0.0,6.0,1322.0,38.0,3.98,-0.08,-1.09,-0.12,-20.18,-109.31,17.61,264.0,TEST2RR,AKR_TEST2RR,0.0,1.0,1.0,100.0
55620,1,walk,walk,5584,,5584.0,20.0,0.0,0.0,1.0,-2.21,0.109,-0.691,0.0,33.0,25.93,0.0,6.0,1322.0,38.0,4.31,-0.08,-1.08,-0.09,-22.58,-111.2,19.92,264.0,TEST2RR,AKR_TEST2RR,0.0,1.0,1.0,100.0
55640,1,walk,walk,5585,,5585.0,20.0,0.0,0.0,1.0,-2.0,0.103,-0.049,0.0,33.0,25.93,0.0,6.0,1322.0,38.0,4.72,-0.09,-1.07,-0.07,-24.41,-111.32,21.96,264.0,TEST2RR,AKR_TEST2RR,0.0,1.0,1.0,100.0
55680,1,walk,walk,5586,,5586.0,20.0,0.0,0.0,1.0,-1.76,0.103,0.007,0.0,33.0,25.93,0.0,6.0,1322.0,38.0,5.18,-0.09,-1.05,-0.04,-25.65,-110.68,23.27,264.0,TEST2RR,AKR_TEST2RR,0.0,1.0,1.0,100.0
55680,1,walk,walk,5587,,5587.0,20.0,0.0,0.0,1.0,-1.49,0.103,-0.028,0.0,33.0,25.93,0.0,6.0,1322.0,38.0,5.63,-0.1,-1.02,-0.02,-26.31,-110.06,23.47,264.0,TEST2RR,AKR_TEST2RR,0.0,1.0,1.0,100.0
55700,1,walk,walk,5588,,5588.0,20.0,0.0,0.0,1.0,-1.2,0.104,0.203,0.0,33.0,25.93,0.0,6.0,1322.0,38.0,6.02,-0.1,-0.99,0.0,-26.41,-109.85,22.29,264.0,TEST2RR,AKR_TEST2RR,0.0,1.0,1.0,100.0
55720,1,walk,walk,5589,,5589.0,20.0,0.0,0.0,1.0,-0.89,0.106,0.146,0.0,33.0,25.93,0.0,6.0,1322.0,38.0,6.27,-0.11,-0.96,0.01,-26.03,-110.1,19.6,264.0,TEST2RR,AKR_TEST2RR,0.0,1.0,1.0,100.0
55740,1,walk,walk,5590,,5590.0,20.0,0.0,0.0,1.0,-0.55,0.113,0.762,0.0,33.0,25.93,0.0,6.0,1322.0,38.0,6.34,-0.1,-0.93,0.02,-25.24,-110.55,15.36,264.0,TEST2RR,AKR_TEST2RR,0.0,1.0,1.0,100.0
55780,1,walk,walk,5591,,5591.0,20.0,0.0,0.0,1.0,-0.19,0.133,1.592,0.0,33.0,25.93,0.0,6.0,1322.0,38.0,6.22,-0.1,-0.89,0.03,-24.09,-110.86,9.6,264.0,TEST2RR,AKR_TEST2RR,0.0,1.0,1.0,100.0
55800,1,walk,walk,5592,,5592.0,20.0,0.0,0.0,1.0,0.17,0.161,1.663,0.0,33.0,25.93,0.0,6.0,1322.0,38.0,5.96,-0.09,-0.86,0.03,-22.63,-110.72,2.44,264.0,TEST2RR,AKR_TEST2RR,0.0,1.0,1.0,100.0
55800,1,walk,walk,5593,,5593.0,20.0,1.0,0.0,1.0,0.55,0.158,-0.532,0.0,33.0,25.93,0.0,7.0,1322.0,38.0,5.71,-0.08,-0.84,0.03,-20.89,-109.27,-5.6,264.0,TEST2RR,AKR_TEST2RR,0.0,1.0,1.0,100.0
55840,1,walk,walk,5594,,5594.0,20.0,1.0,0.0,1.0,0.91,0.129,-2.876,0.0,33.0,25.93,0.0,7.0,1322.0,38.0,5.55,-0.08,-0.83,0.02,-18.85,-105.96,-13.65,264.0,TEST2RR,AKR_TEST2RR,0.0,1.0,1.0,100.0
55840,1,walk,walk,5595,,5595.0,20.0,1.0,0.0,1.0,1.26,0.097,-1.556,0.0,33.0,25.93,0.0,7.0,1322.0,38.0,5.38,-0.08,-0.84,0.01,-16.49,-100.85,-21.0,264.0,TEST2RR,AKR_TEST2RR,0.0,1.0,1.0,100.0
55860,1,walk,walk,5596,,5596.0,20.0,1.0,0.0,1.0,1.59,0.091,0.062,0.0,33.0,25.93,0.0,7.0,1322.0,38.0,5.07,-0.08,-0.85,-0.02,-13.8,-94.39,-27.31,264.0,TEST2RR,AKR_TEST2RR,0.0,1.0,1.0,100.0
55900,1,walk,walk,5597,,5597.0,20.0,1.0,0.0,1.0,1.87,0.091,0.134,0.0,33.0,25.93,0.0,7.0,1322.0,38.0,4.51,-0.07,-0.87,-0.05,-10.76,-87.32,-32.4,264.0,TEST2RR,AKR_TEST2RR,0.0,1.0,1.0,100.0
55900,1,walk,walk,5598,,5598.0,20.0,1.0,0.0,1.0,2.1,0.094,0.268,0.0,33.0,25.93,0.0,7.0,1322.0,38.0,3.68,-0.06,-0.9,-0.07,-7.42,-79.95,-36.18,264.0,TEST2RR,AKR_TEST2RR,0.0,1.0,1.0,100.0
55940,1,walk,walk,5599,,5599.0,20.0,1.0,0.0,1.0,2.27,0.094,-0.126,0.0,33.0,25.93,0.0,7.0,1322.0,38.0,2.67,-0.04,-0.94,-0.09,-4.06,-72.44,-38.51,264.0,TEST2RR,AKR_TEST2RR,0.0,1.0,1.0,100.0
55960,1,walk,walk,5600,,5600.0,20.0,1.0,0.0,1.0,2.37,0.094,0.036,0.0,33.0,25.93,0.0,7.0,1322.0,38.0,1.62,-0.03,-0.97,-0.1,-1.05,-64.91,-39.46,264.0,TEST2RR,AKR_TEST2RR,0.0,1.0,1.0,100.0
55960,1,walk,walk,5601,,5601.0,20.0,1.0,0.0,1.0,2.4,0.094,-0.023,0.0,33.0,25.93,0.0,7.0,1322.0,38.0,0.62,-0.01,-1.0,-0.1,1.31,-57.56,-39.18,264.0,TEST2RR,AKR_TEST2RR,0.0,1.0,1.0,100.0
56000,1,walk,walk,5602,,5602.0,20.0,0.0,0.0,1.0,2.35,0.094,0.001,0.0,33.0,25.93,0.0,6.0,1322.0,38.0,-0.26,0.0,-1.02,-0.1,2.9,-50.53,-37.9,264.0,TEST2RR,AKR_TEST2RR,0.0,1.0,1.0,100.0
56020,1,walk,walk,5603,,5603.0,20.0,1.0,0.0,1.0,2.22,0.094,0.001,0.0,33.0,25.93,0.0,7.0,1322.0,38.0,-0.98,0.02,-1.04,-0.09,3.81,-43.98,-35.84,264.0,TEST2RR,AKR_TEST2RR,0.0,1.0,1.0,100.0
56020,1,walk,walk,5604,,5604.0,20.0,1.0,0.0,1.0,2.03,0.093,-0.013,0.0,33.0,25.93,0.0,7.0,1322.0,38.0,-1.55,0.03,-1.06,-0.09,4.24,-37.98,-33.25,264.0,TEST2RR,AKR_TEST2RR,0.0,1.0,1.0,100.0
56040,1,walk,walk,5605,,5605.0,20.0,0.0,0.0,1.0,1.77,0.092,-0.06,0.0,33.0,25.93,0.0,6.0,1322.0,38.0,-1.95,0.04,-1.06,-0.08,4.37,-32.59,-30.33,264.0,TEST2RR,AKR_TEST2RR,0.0,1.0,1.0,100.0
56060,1,walk,walk,5606,,5606.0,20.0,0.0,0.0,1.0,1.44,0.091,-0.131,0.0,33.0,25.93,0.0,6.0,1322.0,38.0,-2.2,0.04,-1.07,-0.07,4.32,-27.79,-27.27,264.0,TEST2RR,AKR_TEST2RR,0.0,1.0,1.0,100.0
56080,1,walk,walk,5607,,5607.0,20.0,0.0,0.0,1.0,1.07,0.089,-0.237,0.0,33.0,25.93,0.0,6.0,1322.0,38.0,-2.34,0.04,-1.07,-0.07,4.18,-23.53,-24.2,264.0,TEST2RR,AKR_TEST2RR,0.0,1.0,1.0,100.0
56140,1,walk,walk,5608,,5608.0,20.0,0.0,0.0,1.0,0.66,0.089,0.083,0.0,33.0,25.93,0.0,6.0,1322.0,38.0,-2.38,0.04,-1.07,-0.06,3.98,-19.79,-21.28,264.0,TEST2RR,AKR_TEST2RR,0.0,1.0,1.0,100.0
56140,1,walk,walk,5609,,5609.0,20.0,1.0,0.0,1.0,0.22,0.089,0.032,0.0,33.0,25.93,0.0,7.0,1322.0,38.0,-2.35,0.04,-1.07,-0.06,3.78,-16.53,-18.6,264.0,TEST2RR,AKR_TEST2RR,0.0,1.0,1.0,100.0
56140,1,walk,walk,5610,,5610.0,20.0,0.0,0.0,1.0,-0.25,0.089,0.064,0.0,33.0,25.93,0.0,6.0,1322.0,38.0,-2.25,0.04,-1.07,-0.06,3.6,-13.7,-16.24,264.0,TEST2RR,AKR_TEST2RR,0.0,1.0,1.0,100.0
56160,1,walk,walk,5611,,5611.0,20.0,1.0,0.0,1.0,-0.72,0.09,-0.01,0.0,33.0,25.93,0.0,7.0,1322.0,38.0,-2.12,0.04,-1.06,-0.06,3.46,-11.29,-14.24,264.0,TEST2RR,AKR_TEST2RR,0.0,1.0,1.0,100.0
56180,1,walk,walk,5612,,5612.0,20.0,1.0,0.0,1.0,-1.19,0.09,-0.011,0.0,33.0,25.93,0.0,7.0,1322.0,38.0,-1.97,0.04,-1.06,-0.05,3.36,-9.25,-12.61,264.0,TEST2RR,AKR_TEST2RR,0.0,1.0,1.0,100.0
56200,1,walk,walk,5613,,5613.0,20.0,1.0,0.0,1.0,-1.66,0.09,-0.006,0.0,33.0,25.93,0.0,7.0,1322.0,38.0,-1.82,0.03,-1.05,-0.05,3.27,-7.56,-11.35,264.0,TEST2RR,AKR_TEST2RR,0.0,1.0,1.0,100.0
56220,1,walk,walk,5614,,5614.0,20.0,1.0,0.0,1.0,-2.11,0.091,0.191,0.0,33.0,25.93,0.0,7.0,1322.0,38.0,-1.68,0.03,-1.05,-0.05,3.17,-6.16,-10.43,264.0,TEST2RR,AKR_TEST2RR,0.0,1.0,1.0,100.0
56260,1,walk,walk,5615,,5615.0,20.0,1.0,0.0,1.0,-2.55,0.094,0.117,0.0,33.0,25.93,0.0,7.0,1322.0,38.0,-1.58,0.03,-1.04,-0.05,3.05,-5.03,-9.82,264.0,TEST2RR,AKR_TEST2RR,0.0,1.0,1.0,100.0
56280,1,walk,walk,5616,,5616.0,20.0,1.0,0.0,1.0,-2.96,0.097,0.164,0.0,33.0,25.93,0.0,7.0,1322.0,38.0,-1.51,0.03,-1.04,-0.05,2.91,-4.13,-9.47,264.0,TEST2RR,AKR_TEST2RR,0.0,1.0,1.0,100.0
56300,1,walk,walk,5617,,5617.0,20.0,1.0,0.0,1.0,-3.34,0.1,0.257,0.0,33.0,25.93,0.0,7.0,1322.0,38.0,-1.47,0.03,-1.04,-0.05,2.79,-3.42,-9.34,264.0,TEST2RR,AKR_TEST2RR,0.0,1.0,1.0,100.0
56300,1,walk,walk,5618,,5618.0,20.0,1.0,0.0,1.0,-3.7,0.104,0.359,0.0,32.0,25.93,0.0,7.0,1322.0,38.0,-1.48,0.03,-1.04,-0.05,2.7,-2.83,-9.4,264.0,TEST2RR,AKR_TEST2RR,0.0,1.0,1.0,100.0
56320,1,walk,walk,5619,,5619.0,20.0,1.0,0.0,1.0,-4.03,0.109,0.252,0.0,32.0,25.93,0.0,7.0,1322.0,38.0,-1.52,0.03,-1.03,-0.04,2.66,-2.31,-9.6,264.0,TEST2RR,AKR_TEST2RR,0.0,1.0,1.0,100.0
56360,1,walk,walk,5620,,5620.0,20.0,1.0,0.0,1.0,-4.33,0.113,0.289,0.0,32.0,25.93,0.0,7.0,1322.0,38.0,-1.59,0.03,-1.03,-0.04,2.67,-1.84,-9.93,264.0,TEST2RR,AKR_TEST2RR,0.0,1.0,1.0,100.0
56360,1,walk,walk,5621,,5621.0,20.0,1.0,0.0,1.0,-4.6,0.121,0.508,0.0,32.0,25.93,0.0,7.0,1322.0,38.0,-1.69,0.03,-1.03,-0.04,2.71,-1.42,-10.36,264.0,TEST2RR,AKR_TEST2RR,0.0,1.0,1.0,100.0
56380,1,walk,walk,5622,,5622.0,20.0,1.0,0.0,1.0,-4.86,0.128,0.543,0.0,32.0,25.93,0.0,7.0,1322.0,38.0,-1.84,0.03,-1.03,-0.04,2.8,-1.04,-10.87,264.0,TEST2RR,AKR_TEST2RR,0.0,1.0,1.0,100.0
56420,1,walk,walk,5623,,5623.0,20.0,1.0,0.0,1.0,-5.09,0.133,0.34,0.0,32.0,25.93,0.0,7.0,1322.0,38.0,-2.03,0.04,-1.03,-0.04,2.96,-0.67,-11.37,264.0,TEST2RR,AKR_TEST2RR,0.0,1.0,1.0,100.0
56440,1,walk,walk,5624,,5624.0,20.0,1.0,0.0,1.0,-5.3,0.141,0.681,0.0,32.0,25.93,0.0,7.0,1322.0,38.0,-2.26,0.04,-1.03,-0.04,3.23,-0.33,-11.85,264.0,TEST2RR,AKR_TEST2RR,0.0,1.0,1.0,100.0
56480,1,walk,walk,5625,,5625.0,20.0,1.0,0.0,1.0,-5.49,0.151,0.283,0.0,32.0,25.93,0.0,7.0,1322.0,38.0,-2.5,0.05,-1.03,-0.04,3.62,-0.04,-12.31,264.0,TEST2RR,AKR_TEST2RR,0.0,1.0,1.0,100.0
56480,1,walk,walk,5626,,5626.0,20.0,1.0,0.0,1.0,-5.68,0.155,0.225,0.0,32.0,25.93,0.0,7.0,1322.0,38.0,-2.77,0.05,-1.03,-0.05,4.12,0.23,-12.67,264.0,TEST2RR,AKR_TEST2RR,0.0,1.0,1.0,100.0
56500,1,walk,walk,5627,,5627.0,20.0,1.0,0.0,1.0,-5.85,0.155,-0.028,0.0,32.0,25.93,0.0,7.0,1322.0,38.0,-3.06,0.06,-1.03,-0.05,4.75,0.49,-12.8,264.0,TEST2RR,AKR_TEST2RR,0.0,1.0,1.0,100.0
56500,1,walk,walk,5628,,5628.0,20.0,1.0,0.0,1.0,-6.01,0.157,0.111,0.0,32.0,25.93,0.0,7.0,1322.0,38.0,-3.38,0.06,-1.03,-0.05,5.48,0.75,-12.59,264.0,TEST2RR,AKR_TEST2RR,0.0,1.0,1.0,100.0
56520,1,walk,walk,5629,,5629.0,20.0,1.0,0.0,1.0,-6.17,0.157,0.088,0.0,32.0,25.93,0.0,7.0,1322.0,38.0,-3.72,0.07,-1.03,-0.05,6.28,1.0,-11.97,264.0,TEST2RR,AKR_TEST2RR,0.0,1.0,1.0,100.0
56540,1,walk,walk,5630,,5630.0,20.0,1.0,0.0,1.0,-6.33,0.156,-0.056,0.0,32.0,25.93,0.0,7.0,1322.0,38.0,-4.05,0.07,-1.03,-0.05,7.11,1.2,-10.94,264.0,TEST2RR,AKR_TEST2RR,0.0,1.0,1.0,100.0
56560,1,walk,walk,5631,,5631.0,20.0,1.0,0.0,1.0,-6.48,0.156,-0.041,0.0,32.0,25.93,0.0,7.0,1322.0,38.0,-4.36,0.08,-1.04,-0.05,7.88,1.3,-9.51,264.0,TEST2RR,AKR_TEST2RR,0.0,1.0,1.0,100.0
56580,1,walk,walk,5632,,5632.0,20.0,1.0,0.0,1.0,-6.63,0.157,0.038,0.0,32.0,25.93,0.0,7.0,1322.0,38.0,-4.61,0.08,-1.04,-0.05,8.5,1.17,-7.76,264.0,TEST2RR,AKR_TEST2RR,0.0,1.0,1.0,100.0
56620,1,walk,walk,5633,,5633.0,20.0,1.0,0.0,1.0,-6.78,0.159,0.351,0.0,32.0,25.93,0.0,7.0,1322.0,38.0,-4.75,0.09,-1.04,-0.05,8.77,0.33,-5.79,265.0,TEST2RR,AKR_TEST2RR,0.0,1.0,1.0,100.0
56640,1,walk,walk,5634,,5634.0,20.0,1.0,0.0,1.0,-6.92,0.175,1.801,0.0,32.0,25.93,0.0,7.0,1322.0,38.0,-4.78,0.09,-1.04,-0.05,8.59,-1.75,-3.89,265.0,TEST2RR,AKR_TEST2RR,0.0,1.0,1.0,100.0
56640,1,walk,walk,5635,,5635.0,20.0,1.0,0.0,1.0,-7.06,0.199,1.746,0.0,32.0,25.93,0.0,7.0,1322.0,38.0,-4.73,0.09,-1.04,-0.06,7.94,-5.48,-2.29,265.0,TEST2RR,AKR_TEST2RR,0.0,1.0,1.0,100.0
56660,1,walk,walk,5636,,5636.0,20.0,0.0,0.0,1.0,-7.19,0.216,0.798,0.0,32.0,25.93,0.0,6.0,1322.0,38.0,-4.62,0.08,-1.05,-0.07,6.83,-11.01,-1.02,265.0,TEST2RR,AKR_TEST2RR,0.0,1.0,1.0,100.0
56700,1,walk,walk,5637,,5637.0,20.0,0.0,0.0,1.0,-7.31,0.228,0.698,0.0,32.0,25.93,0.0,6.0,1322.0,38.0,-4.44,0.08,-1.05,-0.08,5.31,-18.21,0.01,265.0,TEST2RR,AKR_TEST2RR,0.0,1.0,1.0,100.0
56700,1,walk,walk,5638,,5638.0,20.0,0.0,0.0,1.0,-7.42,0.237,0.362,0.0,32.0,25.93,0.0,6.0,1322.0,38.0,-4.15,0.08,-1.06,-0.1,3.49,-26.7,1.06,265.0,TEST2RR,AKR_TEST2RR,0.0,1.0,1.0,100.0
56740,1,walk,walk,5639,,5639.0,20.0,0.0,0.0,1.0,-7.51,0.238,-0.054,0.0,32.0,25.93,0.0,6.0,1322.0,38.0,-3.72,0.07,-1.06,-0.1,1.5,-35.82,2.43,265.0,TEST2RR,AKR_TEST2RR,0.0,1.0,1.0,100.0
56740,1,walk,walk,5640,,5640.0,20.0,0.0,0.0,1.0,-7.59,0.237,-0.05,0.0,32.0,25.93,0.0,6.0,1322.0,38.0,-3.16,0.06,-1.07,-0.11,-0.5,-44.7,4.38,265.0,TEST2RR,AKR_TEST2RR,0.0,1.0,1.0,100.0
56780,1,walk,walk,5641,,5641.0,20.0,0.0,0.0,1.0,-7.65,0.237,-0.128,0.0,32.0,25.93,0.0,6.0,1322.0,38.0,-2.48,0.05,-1.08,-0.1,-2.4,-52.48,7.06,265.0,TEST2RR,AKR_TEST2RR,0.0,1.0,1.0,100.0
56800,1,walk,walk,5642,,5642.0,20.0,0.0,0.0,1.0,-7.69,0.236,-0.228,0.0,32.0,25.93,0.0,6.0,1322.0,38.0,-1.73,0.03,-1.09,-0.09,-4.08,-58.44,10.53,265.0,TEST2RR,AKR_TEST2RR,0.0,1.0,1.0,100.0
56800,1,walk,walk,5643,,5643.0,20.0,0.0,0.0,1.0,-7.71,0.233,-0.085,0.0,32.0,25.97,0.0,6.0,1322.0,38.0,-0.92,0.02,-1.09,-0.07,-5.5,-62.26,14.67,265.0,TEST2RR,AKR_TEST2RR,0.0,1.0,1.0,100.0
56820,1,walk,walk,5644,,5644.0,20.0,0.0,0.0,1.0,-7.7,0.229,-0.375,0.0,32.0,25.93,0.0,6.0,1322.0,38.0,-0.09,0.0,-1.09,-0.05,-6.6,-63.98,19.22,265.0,TEST2RR,AKR_TEST2RR,0.0,1.0,1.0,100.0
56840,1,walk,walk,5645,,5645.0,20.0,0.0,0.0,1.0,-7.66,0.223,-0.332,0.0,32.0,25.93,0.0,6.0,1322.0,38.0,0.77,-0.01,-1.09,-0.03,-7.37,-63.96,23.85,265.0,TEST2RR,AKR_TEST2RR,0.0,1.0,1.0,100.0
56860,1,walk,walk,5646,,5646.0,20.0,0.0,0.0,1.0,-7.58,0.218,-0.361,0.0,32.0,25.93,0.0,6.0,1322.0,38.0,1.64,-0.03,-1.08,-0.01,-7.8,-62.78,28.19,265.0,TEST2RR,AKR_TEST2RR,0.0,1.0,1.0,100.0
56880,1,walk,walk,5647,,5647.0,20.0,0.0,0.0,1.0,-7.46,0.212,-0.405,0.0,32.0,25.93,0.0,6.0,1322.0,38.0,2.49,-0.05,-1.07,0.01,-7.89,-61.02,31.85,265.0,TEST2RR,AKR_TEST2RR,0.0,1.0,1.0,100.0
56900,1,walk,walk,5648,,5648.0,20.0,0.0,0.0,1.0,-7.29,0.208,-0.171,0.0,32.0,25.93,0.0,6.0,1322.0,38.0,3.3,-0.06,-1.05,0.03,-7.63,-59.24,34.47,265.0,TEST2RR,AKR_TEST2RR,0.0,1.0,1.0,100.0
56920,1,walk,walk,5649,,5649.0,20.0,0.0,0.0,1.0,-7.07,0.208,-0.075,0.0,32.0,25.93,0.0,6.0,1322.0,38.0,4.03,-0.07,-1.03,0.04,-7.06,-57.79,35.72,265.0,TEST2RR,AKR_TEST2RR,0.0,1.0,1.0,100.0
56980,1,walk,walk,5650,,5650.0,20.0,0.0,0.0,1.0,-6.81,0.208,-0.144,0.0,32.0,25.93,0.0,6.0,1322.0,38.0,4.65,-0.08,-1.0,0.05,-6.21,-56.85,35.41,265.0,TEST2RR,AKR_TEST2RR,0.0,1.0,1.0,100.0
56980,1,walk,walk,5651,,5651.0,20.0,0.0,0.0,1.0,-6.48,0.208,-0.023,0.0,32.0,25.93,0.0,6.0,1322.0,38.0,5.12,-0.09,-0.97,0.05,-5.16,-56.24,33.43,265.0,TEST2RR,AKR_TEST2RR,0.0,1.0,1.0,100.0
56980,1,walk,walk,5652,,5652.0,20.0,0.0,0.0,1.0,-6.11,0.197,-0.531,0.0,32.0,25.93,0.0,6.0,1322.0,38.0,5.37,-0.09,-0.93,0.05,-4.05,-55.02,29.87,265.0,TEST2RR,AKR_TEST2RR,0.0,1.0,1.0,100.0
57000,1,walk,walk,5653,,5653.0,20.0,0.0,0.0,1.0,-5.68,0.181,-2.65,0.0,32.0,25.93,0.0,6.0,1322.0,38.0,5.46,-0.09,-0.9,0.05,-2.96,-52.4,25.24,265.0,TEST2RR,AKR_TEST2RR,0.0,1.0,1.0,100.0
57020,1,walk,walk,5654,,5654.0,20.0,0.0,0.0,1.0,-5.21,0.131,-3.242,0.0,32.0,25.93,0.0,6.0,1322.0,38.0,5.48,-0.08,-0.88,0.04,-1.89,-48.13,20.04,265.0,TEST2RR,AKR_TEST2RR,0.0,1.0,1.0,100.0
57040,1,walk,walk,5655,,5655.0,20.0,0.0,6.0,2.0,-4.7,0.091,-2.164,0.0,32.0,25.93,0.0,6.0,1322.0,38.0,5.44,-0.08,-0.86,0.03,-0.78,-42.55,14.55,265.0,TEST2RR,AKR_TEST2RR,0.0,1.0,1.0,100.0
57060,1,walk,walk,5656,,5656.0,20.0,0.0,6.0,2.0,-4.17,0.08,-2.513,0.406,32.0,25.9,0.0,18.0,1322.0,38.0,5.25,-0.08,-0.85,0.0,0.49,-36.38,9.04,265.0,TEST2RR,AKR_TEST2RR,0.0,1.0,1.0,100.0
57080,1,walk,walk,5657,,5657.0,20.0,0.0,6.0,2.0,-3.63,0.052,-1.674,-1.38,32.0,25.83,0.0,18.0,1322.0,38.0,4.61,-0.07,-0.86,-0.03,2.2,-30.02,4.06,265.0,TEST2RR,AKR_TEST2RR,0.0,1.0,1.0,100.0
57120,1,walk,walk,5658,,5658.0,20.0,1.0,6.0,2.0,-3.08,0.041,-0.567,-3.042,32.0,25.72,0.0,19.0,1322.0,38.0,3.55,-0.05,-0.88,-0.06,4.47,-23.7,0.02,265.0,TEST2RR,AKR_TEST2RR,0.0,1.0,1.0,100.0
57120,1,walk,walk,5659,,5659.0,20.0,0.0,6.0,2.0,-2.55,0.031,-0.468,-2.791,32.0,25.76,0.0,18.0,1322.0,38.0,2.29,-0.04,-0.91,-0.09,7.07,-17.77,-3.04,265.0,TEST2RR,AKR_TEST2RR,0.0,1.0,1.0,100.0
57140,1,walk,walk,5660,,5660.0,20.0,0.0,6.0,2.0,-2.04,0.028,-0.01,-3.217,32.0,25.72,0.0,18.0,1322.0,38.0,1.03,-0.02,-0.94,-0.11,9.62,-12.49,-5.16,265.0,TEST2RR,AKR_TEST2RR,0.0,1.0,1.0,100.0
57160,1,walk,walk,5661,,5661.0,20.0,1.0,6.0,2.0,-1.55,0.028,0.017,-3.344,32.0,25.69,0.0,19.0,1322.0,38.0,-0.08,0.0,-0.97,-0.12,11.67,-7.97,-6.43,265.0,TEST2RR,AKR_TEST2RR,0.0,1.0,1.0,100.0
57180,1,walk,walk,5662,,5662.0,20.0,1.0,6.0,2.0,-1.11,0.027,-0.123,-3.239,32.0,25.72,0.0,19.0,1322.0,38.0,-0.99,0.02,-0.99,-0.12,12.96,-4.27,-7.0,265.0,TEST2RR,AKR_TEST2RR,0.0,1.0,1.0,100.0
57200,1,walk,walk,5663,,5663.0,20.0,1.0,6.0,2.0,-0.72,0.026,-0.088,-3.101,32.0,25.72,0.0,19.0,1322.0,38.0,-1.65,0.03,-1.02,-0.11,13.44,-1.36,-6.98,265.0,TEST2RR,AKR_TEST2RR,0.0,1.0,1.0,100.0
57220,1,walk,walk,5664,,5664.0,20.0,1.0,6.0,2.0,-0.38,0.025,-0.142,-3.011,32.0,25.72,0.0,19.0,1322.0,38.0,-2.06,0.04,-1.03,-0.1,13.21,0.8,-6.54,265.0,TEST2RR,AKR_TEST2RR,0.0,1.0,1.0,100.0
57240,1,walk,walk,5665,,5665.0,20.0,1.0,6.0,2.0,-0.08,0.024,-0.037,-2.961,32.0,25.76,0.0,19.0,1322.0,38.0,-2.26,0.04,-1.05,-0.09,12.49,2.3,-5.82,265.0,TEST2RR,AKR_TEST2RR,0.0,1.0,1.0,100.0
57260,1,walk,walk,5666,,5666.0,20.0,1.0,6.0,2.0,0.15,0.024,0.002,-2.956,32.0,25.76,0.0,19.0,1322.0,38.0,-2.26,0.04,-1.05,-0.08,11.5,3.26,-4.97,265.0,TEST2RR,AKR_TEST2RR,0.0,1.0,1.0,100.0
57300,1,walk,walk,5667,,5667.0,20.0,1.0,6.0,2.0,0.34,0.024,-0.025,-3.012,32.0,25.76,0.0,19.0,1322.0,38.0,-2.09,0.04,-1.06,-0.07,10.4,3.82,-4.12,265.0,TEST2RR,AKR_TEST2RR,0.0,1.0,1.0,100.0
57300,1,walk,walk,5668,,5668.0,20.0,1.0,6.0,2.0,0.49,0.024,0.037,-3.05,32.0,25.76,0.0,19.0,1322.0,38.0,-1.8,0.03,-1.06,-0.06,9.3,4.09,-3.37,265.0,TEST2RR,AKR_TEST2RR,0.0,1.0,1.0,100.0
57340,1,walk,walk,5669,,5669.0,20.0,1.0,6.0,2.0,0.59,0.025,-0.007,-3.102,32.0,25.76,0.0,19.0,1322.0,38.0,-1.43,0.03,-1.06,-0.06,8.25,4.18,-2.76,265.0,TEST2RR,AKR_TEST2RR,0.0,1.0,1.0,100.0
57340,1,walk,walk,5670,,5670.0,20.0,1.0,6.0,2.0,0.65,0.025,0.05,-3.129,32.0,25.72,0.0,19.0,1322.0,38.0,-1.02,0.02,-1.06,-0.05,7.28,4.15,-2.3,265.0,TEST2RR,AKR_TEST2RR,0.0,1.0,1.0,100.0
57360,1,walk,walk,5671,,5671.0,20.0,1.0,6.0,2.0,0.68,0.025,-0.015,-3.141,32.0,25.72,0.0,19.0,1322.0,38.0,-0.6,0.01,-1.06,-0.04,6.38,4.05,-1.97,265.0,TEST2RR,AKR_TEST2RR,0.0,1.0,1.0,100.0
57400,1,walk,walk,5672,,5672.0,20.0,1.0,6.0,2.0,0.69,0.026,-0.006,-3.165,32.0,25.72,0.0,19.0,1322.0,38.0,-0.19,0.0,-1.05,-0.04,5.55,3.9,-1.72,265.0,TEST2RR,AKR_TEST2RR,0.0,1.0,1.0,100.0
57440,1,walk,walk,5673,,5673.0,20.0,1.0,6.0,2.0,0.67,0.025,-0.058,-3.178,32.0,25.72,0.0,19.0,1322.0,38.0,0.18,0.0,-1.05,-0.03,4.8,3.7,-1.5,265.0,TEST2RR,AKR_TEST2RR,0.0,1.0,1.0,100.0
57440,1,walk,walk,5674,,5674.0,20.0,1.0,6.0,2.0,0.64,0.025,0.002,-3.117,32.0,25.72,0.0,19.0,1322.0,38.0,0.5,-0.01,-1.05,-0.03,4.12,3.45,-1.26,265.0,TEST2RR,AKR_TEST2RR,0.0,1.0,1.0,100.0
57460,1,walk,walk,5675,,5675.0,20.0,1.0,6.0,2.0,0.6,0.025,0.026,-3.068,32.0,25.72,0.0,19.0,1322.0,38.0,0.79,-0.01,-1.04,-0.03,3.49,3.16,-0.96,265.0,TEST2RR,AKR_TEST2RR,0.0,1.0,1.0,100.0
57460,1,walk,walk,5676,,5676.0,20.0,1.0,6.0,2.0,0.56,0.024,-0.01,-2.937,32.0,25.76,0.0,19.0,1322.0,38.0,1.03,-0.02,-1.04,-0.02,2.91,2.84,-0.59,265.0,TEST2RR,AKR_TEST2RR,0.0,1.0,1.0,100.0
57480,1,walk,walk,5677,,5677.0,20.0,1.0,6.0,2.0,0.51,0.023,-0.116,-2.743,32.0,25.76,0.0,19.0,1322.0,38.0,1.24,-0.02,-1.04,-0.02,2.38,2.5,-0.14,265.0,TEST2RR,AKR_TEST2RR,0.0,1.0,1.0,100.0
57500,1,walk,walk,5678,,5678.0,20.0,1.0,6.0,2.0,0.46,0.022,0.013,-2.684,32.0,25.79,0.0,19.0,1322.0,38.0,1.43,-0.03,-1.04,-0.02,1.9,2.15,0.35,265.0,TEST2RR,AKR_TEST2RR,0.0,1.0,1.0,100.0
57520,1,walk,walk,5679,,5679.0,20.0,1.0,6.0,2.0,0.41,0.021,-0.034,-2.551,32.0,25.79,0.0,19.0,1322.0,38.0,1.6,-0.03,-1.03,-0.02,1.49,1.82,0.86,265.0,TEST2RR,AKR_TEST2RR,0.0,1.0,1.0,100.0
57540,1,walk,walk,5680,,5680.0,20.0,1.0,6.0,2.0,0.37,0.02,-0.069,-2.466,32.0,25.79,0.0,19.0,1322.0,38.0,1.77,-0.03,-1.03,-0.02,1.13,1.51,1.36,265.0,TEST2RR,AKR_TEST2RR,0.0,1.0,1.0,100.0
57580,1,walk,walk,5681,,5681.0,20.0,1.0,6.0,2.0,0.33,0.02,0.023,-2.448,32.0,25.83,0.0,19.0,1322.0,38.0,1.93,-0.03,-1.03,-0.02,0.84,1.24,1.81,265.0,TEST2RR,AKR_TEST2RR,0.0,1.0,1.0,100.0
57620,1,walk,walk,5682,,5682.0,20.0,1.0,6.0,2.0,0.3,0.019,0.037,-2.365,32.0,25.79,0.0,19.0,1322.0,38.0,2.08,-0.04,-1.03,-0.02,0.59,1.02,2.2,266.0,TEST2RR,AKR_TEST2RR,0.0,1.0,1.0,100.0
57620,1,walk,walk,5683,,5683.0,20.0,1.0,6.0,2.0,0.28,0.019,0.014,-2.393,32.0,25.79,0.0,19.0,1322.0,38.0,2.24,-0.04,-1.03,-0.01,0.4,0.86,2.48,266.0,TEST2RR,AKR_TEST2RR,0.0,1.0,1.0,100.0
57640,1,walk,walk,5684,,5684.0,20.0,1.0,6.0,2.0,0.27,0.019,0.095,-2.378,32.0,25.83,0.0,19.0,1322.0,38.0,2.4,-0.04,-1.03,-0.02,0.27,0.75,2.65,266.0,TEST2RR,AKR_TEST2RR,0.0,1.0,1.0,100.0
57640,1,walk,walk,5685,,5685.0,20.0,1.0,6.0,2.0,0.26,0.019,0.085,-2.482,32.0,25.79,0.0,19.0,1322.0,38.0,2.54,-0.05,-1.02,-0.02,0.18,0.7,2.69,266.0,TEST2RR,AKR_TEST2RR,0.0,1.0,1.0,100.0
57660,1,walk,walk,5686,,5686.0,20.0,1.0,6.0,2.0,0.27,0.02,0.048,-2.48,32.0,25.83,0.0,19.0,1322.0,38.0,2.68,-0.05,-1.02,-0.02,0.14,0.7,2.62,266.0,TEST2RR,AKR_TEST2RR,0.0,1.0,1.0,100.0
57700,1,walk,walk,5687,,5687.0,20.0,1.0,6.0,2.0,0.28,0.02,-0.018,-2.488,32.0,25.79,0.0,19.0,1322.0,38.0,2.8,-0.05,-1.02,-0.02,0.15,0.74,2.43,266.0,TEST2RR,AKR_TEST2RR,0.0,1.0,1.0,100.0
57700,1,walk,walk,5688,,5688.0,20.0,1.0,6.0,2.0,0.31,0.02,0.054,-2.566,32.0,25.79,0.0,19.0,1322.0,38.0,2.9,-0.05,-1.02,-0.02,0.18,0.82,2.16,266.0,TEST2RR,AKR_TEST2RR,0.0,1.0,1.0,100.0
57740,1,walk,walk,5689,,5689.0,20.0,1.0,6.0,2.0,0.34,0.021,0.018,-2.576,32.0,25.79,0.0,19.0,1322.0,38.0,2.98,-0.05,-1.02,-0.02,0.24,0.92,1.84,266.0,TEST2RR,AKR_TEST2RR,0.0,1.0,1.0,100.0
57760,1,walk,walk,5690,,5690.0,20.0,1.0,6.0,2.0,0.38,0.021,0.021,-2.584,32.0,25.79,0.0,19.0,1322.0,38.0,3.03,-0.05,-1.02,-0.02,0.31,1.04,1.49,266.0,TEST2RR,AKR_TEST2RR,0.0,1.0,1.0,100.0
57800,1,walk,walk,5691,,5691.0,20.0,1.0,6.0,2.0,0.43,0.021,0.04,-2.634,32.0,25.79,0.0,19.0,1322.0,38.0,3.07,-0.05,-1.02,-0.02,0.37,1.15,1.16,266.0,TEST2RR,AKR_TEST2RR,0.0,1.0,1.0,100.0
57800,1,walk,walk,5692,,5692.0,20.0,1.0,6.0,2.0,0.48,0.021,-0.061,-2.591,32.0,25.79,0.0,19.0,1322.0,38.0,3.08,-0.06,-1.02,-0.02,0.43,1.24,0.85,266.0,TEST2RR,AKR_TEST2RR,0.0,1.0,1.0,100.0
57820,1,walk,walk,5693,,5693.0,20.0,1.0,6.0,2.0,0.54,0.021,0.021,-2.591,32.0,25.79,0.0,19.0,1322.0,38.0,3.08,-0.06,-1.02,-0.02,0.49,1.32,0.6,266.0,TEST2RR,AKR_TEST2RR,0.0,1.0,1.0,100.0
57820,1,walk,walk,5694,,5694.0,20.0,2.0,6.0,2.0,0.6,0.021,-0.057,-2.606,32.0,25.79,0.0,20.0,1322.0,38.0,3.07,-0.05,-1.02,-0.02,0.55,1.37,0.4,266.0,TEST2RR,AKR_TEST2RR,0.0,1.0,1.0,100.0
57840,1,walk,walk,5695,,5695.0,20.0,1.0,6.0,2.0,0.66,0.021,0.014,-2.611,32.0,25.79,0.0,19.0,1322.0,38.0,3.06,-0.05,-1.02,-0.02,0.61,1.4,0.25,266.0,TEST2RR,AKR_TEST2RR,0.0,1.0,1.0,100.0
57880,1,walk,walk,5696,,5696.0,20.0,1.0,6.0,2.0,0.72,0.021,0.037,-2.608,32.0,25.79,0.0,19.0,1322.0,38.0,3.05,-0.05,-1.02,-0.02,0.66,1.41,0.15,266.0,TEST2RR,AKR_TEST2RR,0.0,1.0,1.0,100.0
57880,1,walk,walk,5697,,5697.0,20.0,1.0,6.0,2.0,0.78,0.021,0.061,-2.612,32.0,25.79,0.0,19.0,1322.0,38.0,3.03,-0.05,-1.02,-0.02,0.72,1.4,0.08,266.0,TEST2RR,AKR_TEST2RR,0.0,1.0,1.0,100.0
57920,1,walk,walk,5698,,5698.0,20.0,1.0,6.0,2.0,0.84,0.021,0.038,-2.563,32.0,25.79,0.0,19.0,1322.0,38.0,3.02,-0.05,-1.02,-0.02,0.77,1.38,0.03,266.0,TEST2RR,AKR_TEST2RR,0.0,1.0,1.0,100.0
57940,1,walk,walk,5699,,5699.0,20.0,2.0,6.0,2.0,0.9,0.021,-0.005,-2.602,32.0,25.79,0.0,20.0,1322.0,38.0,3.0,-0.05,-1.02,-0.02,0.82,1.36,0.0,266.0,TEST2RR,AKR_TEST2RR,0.0,1.0,1.0,100.0
57980,1,walk,walk,5700,,5700.0,20.0,2.0,6.0,2.0,0.96,0.021,0.005,-2.633,32.0,25.79,0.0,20.0,1322.0,38.0,2.99,-0.05,-1.02,-0.02,0.86,1.34,-0.01,266.0,TEST2RR,AKR_TEST2RR,0.0,1.0,1.0,100.0
57980,1,walk,walk,5701,,5701.0,20.0,2.0,6.0,2.0,1.02,0.021,-0.058,-2.648,32.0,25.79,0.0,20.0,1322.0,38.0,2.98,-0.05,-1.02,-0.02,0.9,1.32,-0.03,266.0,TEST2RR,AKR_TEST2RR,0.0,1.0,1.0,100.0
58000,1,walk,walk,5702,,5702.0,20.0,2.0,6.0,2.0,1.07,0.021,0.013,-2.652,32.0,25.79,0.0,20.0,1322.0,38.0,2.97,-0.05,-1.02,-0.02,0.93,1.3,-0.04,266.0,TEST2RR,AKR_TEST2RR,0.0,1.0,1.0,100.0
58000,1,walk,walk,5703,,5703.0,20.0,2.0,6.0,2.0,1.12,0.022,0.068,-2.705,32.0,25.76,0.0,20.0,1322.0,38.0,2.96,-0.05,-1.02,-0.02,0.96,1.29,-0.04,266.0,TEST2RR,AKR_TEST2RR,0.0,1.0,1.0,100.0
58020,1,walk,walk,5704,,5704.0,20.0,2.0,6.0,2.0,1.17,0.022,-0.001,-2.682,32.0,25.79,0.0,20.0,1322.0,38.0,2.95,-0.05,-1.02,-0.02,0.97,1.28,-0.04,266.0,TEST2RR,AKR_TEST2RR,0.0,1.0,1.0,100.0
58060,1,walk,walk,5705,,5705.0,20.0,2.0,6.0,2.0,1.22,0.022,0.011,-2.702,32.0,25.79,0.0,20.0,1322.0,38.0,2.94,-0.05,-1.02,-0.02,0.98,1.28,-0.05,266.0,TEST2RR,AKR_TEST2RR,0.0,1.0,1.0,100.0
58060,1,walk,walk,5706,,5706.0,20.0,2.0,6.0,2.0,1.26,0.022,0.134,-2.685,32.0,25.76,0.0,20.0,1322.0,38.0,2.93,-0.05,-1.02,-0.02,0.98,1.29,-0.06,266.0,TEST2RR,AKR_TEST2RR,0.0,1.0,1.0,100.0
58100,1,walk,walk,5707,,5707.0,20.0,2.0,6.0,2.0,1.3,0.022,-0.07,-2.725,32.0,25.79,0.0,20.0,1322.0,38.0,2.92,-0.05,-1.02,-0.02,0.98,1.29,-0.07,266.0,TEST2RR,AKR_TEST2RR,0.0,1.0,1.0,100.0
58120,1,walk,walk,5708,,5708.0,20.0,2.0,6.0,2.0,1.34,0.022,0.093,-2.734,32.0,25.76,0.0,20.0,1322.0,38.0,2.9,-0.05,-1.02,-0.02,0.96,1.3,-0.07,266.0,TEST2RR,AKR_TEST2RR,0.0,1.0,1.0,100.0
58120,1,walk,walk,5709,,5709.0,20.0,2.0,6.0,2.0,1.38,0.022,0.005,-2.716,32.0,25.76,0.0,20.0,1322.0,38.0,2.89,-0.05,-1.02,-0.02,0.94,1.32,-0.08,266.0,TEST2RR,AKR_TEST2RR,0.0,1.0,1.0,100.0
58140,1,walk,walk,5710,,5710.0,20.0,2.0,6.0,2.0,1.42,0.022,-0.044,-2.76,32.0,25.76,0.0,20.0,1322.0,38.0,2.87,-0.05,-1.02,-0.02,0.91,1.34,-0.08,266.0,TEST2RR,AKR_TEST2RR,0.0,1.0,1.0,100.0
58180,1,walk,walk,5711,,5711.0,20.0,2.0,6.0,2.0,1.45,0.022,0.006,-2.756,32.0,25.76,0.0,19.0,1322.0,38.0,2.85,-0.05,-1.02,-0.02,0.88,1.35,-0.07,266.0,TEST2RR,AKR_TEST2RR,0.0,1.0,1.0,100.0
58180,1,walk,walk,5712,,5712.0,20.0,2.0,6.0,2.0,1.48,0.022,0.01,-2.735,32.0,25.76,0.0,19.0,1322.0,38.0,2.83,-0.05,-1.02,-0.02,0.85,1.35,-0.05,266.0,TEST2RR,AKR_TEST2RR,0.0,1.0,1.0,100.0
58200,1,walk,walk,5713,,5713.0,20.0,2.0,6.0,2.0,1.51,0.022,-0.033,-2.741,32.0,25.76,0.0,19.0,1322.0,38.0,2.81,-0.05,-1.02,-0.02,0.82,1.34,-0.01,266.0,TEST2RR,AKR_TEST2RR,0.0,1.0,1.0,100.0
58240,1,walk,walk,5714,,5714.0,20.0,2.0,6.0,2.0,1.54,0.022,0.006,-2.769,32.0,25.76,0.0,19.0,1322.0,38.0,2.79,-0.05,-1.02,-0.02,0.79,1.33,0.03,266.0,TEST2RR,AKR_TEST2RR,0.0,1.0,1.0,100.0
58280,1,walk,walk,5715,,5715.0,20.0,2.0,6.0,2.0,1.57,0.022,0.014,-2.739,32.0,25.76,0.0,19.0,1322.0,38.0,2.77,-0.05,-1.02,-0.02,0.77,1.3,0.08,266.0,TEST2RR,AKR_TEST2RR,0.0,1.0,1.0,100.0
58280,1,walk,walk,5716,,5716.0,20.0,2.0,6.0,2.0,1.6,0.022,-0.001,-2.716,32.0,25.79,0.0,19.0,1322.0,38.0,2.76,-0.05,-1.02,-0.02,0.74,1.28,0.13,266.0,TEST2RR,AKR_TEST2RR,0.0,1.0,1.0,100.0
58300,1,walk,walk,5717,,5717.0,20.0,2.0,6.0,2.0,1.63,0.022,0.033,-2.74,32.0,25.76,0.0,19.0,1322.0,38.0,2.75,-0.05,-1.02,-0.02,0.72,1.25,0.18,266.0,TEST2RR,AKR_TEST2RR,0.0,1.0,1.0,100.0
58300,1,walk,walk,5718,,5718.0,20.0,2.0,6.0,2.0,1.65,0.022,0.042,-2.755,32.0,25.76,0.0,19.0,1322.0,38.0,2.75,-0.05,-1.02,-0.02,0.69,1.23,0.22,266.0,TEST2RR,AKR_TEST2RR,0.0,1.0,1.0,100.0
58320,1,walk,walk,5719,,5719.0,20.0,2.0,6.0,2.0,1.68,0.022,-0.03,-2.78,32.0,25.79,0.0,19.0,1322.0,38.0,2.75,-0.05,-1.02,-0.02,0.67,1.21,0.24,266.0,TEST2RR,AKR_TEST2RR,0.0,1.0,1.0,100.0
58360,1,walk,walk,5720,,5720.0,20.0,2.0,6.0,2.0,1.7,0.022,-0.044,-2.795,32.0,25.76,0.0,19.0,1322.0,38.0,2.75,-0.05,-1.02,-0.02,0.65,1.2,0.26,266.0,TEST2RR,AKR_TEST2RR,0.0,1.0,1.0,100.0
58360,1,walk,walk,5721,,5721.0,20.0,2.0,6.0,2.0,1.73,0.022,0.022,-2.804,32.0,25.76,0.0,19.0,1322.0,38.0,2.75,-0.05,-1.02,-0.02,0.63,1.2,0.25,266.0,TEST2RR,AKR_TEST2RR,0.0,1.0,1.0,100.0
58380,1,walk,walk,5722,,5722.0,20.0,2.0,6.0,2.0,1.75,0.023,-0.049,-2.841,32.0,25.76,0.0,19.0,1322.0,38.0,2.75,-0.05,-1.02,-0.02,0.62,1.2,0.23,266.0,TEST2RR,AKR_TEST2RR,0.0,1.0,1.0,100.0
58420,1,walk,walk,5723,,5723.0,20.0,2.0,6.0,2.0,1.77,0.023,-0.023,-2.857,32.0,25.76,0.0,19.0,1322.0,38.0,2.75,-0.05,-1.02,-0.02,0.61,1.21,0.18,266.0,TEST2RR,AKR_TEST2RR,0.0,1.0,1.0,100.0
58440,1,walk,walk,5724,,5724.0,20.0,2.0,6.0,2.0,1.8,0.023,0.064,-2.875,32.0,25.76,0.0,19.0,1322.0,38.0,2.75,-0.05,-1.02,-0.02,0.6,1.22,0.12,266.0,TEST2RR,AKR_TEST2RR,0.0,1.0,1.0,100.0
58480,1,walk,walk,5725,,5725.0,20.0,2.0,6.0,2.0,1.82,0.023,0.115,-2.929,32.0,25.76,0.0,19.0,1322.0,38.0,2.75,-0.05,-1.02,-0.02,0.6,1.23,0.05,266.0,TEST2RR,AKR_TEST2RR,0.0,1.0,1.0,100.0
58480,1,walk,walk,5726,,5726.0,20.0,2.0,6.0,2.0,1.84,0.024,0.009,-2.958,32.0,25.76,0.0,19.0,1322.0,38.0,2.74,-0.05,-1.02,-0.02,0.59,1.24,-0.03,266.0,TEST2RR,AKR_TEST2RR,0.0,1.0,1.0,100.0
58480,1,walk,walk,5727,,5727.0,20.0,2.0,6.0,2.0,1.86,0.024,-0.036,-2.951,32.0,25.76,0.0,19.0,1322.0,38.0,2.72,-0.05,-1.02,-0.02,0.59,1.25,-0.09,266.0,TEST2RR,AKR_TEST2RR,0.0,1.0,1.0,100.0
58500,1,walk,walk,5728,,5728.0,20.0,2.0,6.0,2.0,1.88,0.024,0.017,-2.969,32.0,25.76,0.0,19.0,1322.0,38.0,2.71,-0.05,-1.02,-0.02,0.58,1.26,-0.15,266.0,TEST2RR,AKR_TEST2RR,0.0,1.0,1.0,100.0
58540,1,walk,walk,5729,,5729.0,20.0,2.0,6.0,2.0,1.9,0.024,-0.045,-2.98,32.0,25.76,0.0,19.0,1322.0,38.0,2.69,-0.05,-1.02,-0.02,0.57,1.27,-0.18,266.0,TEST2RR,AKR_TEST2RR,0.0,1.0,1.0,100.0
58560,1,walk,walk,5730,,5730.0,20.0,2.0,6.0,2.0,1.92,0.024,0.06,-2.981,32.0,25.76,0.0,19.0,1322.0,38.0,2.68,-0.05,-1.02,-0.02,0.56,1.28,-0.21,266.0,TEST2RR,AKR_TEST2RR,0.0,1.0,1.0,100.0
58560,1,walk,walk,5731,,5731.0,20.0,2.0,6.0,2.0,1.94,0.024,-0.052,-2.971,32.0,25.76,0.0,19.0,1322.0,38.0,2.66,-0.05,-1.02,-0.02,0.54,1.29,-0.22,266.0,TEST2RR,AKR_TEST2RR,0.0,1.0,1.0,100.0
58620,1,walk,walk,5732,,5732.0,20.0,2.0,6.0,2.0,1.96,0.024,0.124,-3.021,32.0,25.72,0.0,19.0,1322.0,38.0,2.65,-0.05,-1.02,-0.02,0.53,1.3,-0.23,266.0,TEST2RR,AKR_TEST2RR,0.0,1.0,1.0,100.0
58620,1,walk,walk,5733,,5733.0,20.0,2.0,6.0,2.0,1.97,0.025,-0.073,-3.062,32.0,25.76,0.0,19.0,1322.0,38.0,2.63,-0.05,-1.02,-0.02,0.52,1.3,-0.25,266.0,TEST2RR,AKR_TEST2RR,0.0,1.0,1.0,100.0
58620,1,walk,walk,5734,,5734.0,20.0,2.0,6.0,2.0,1.99,0.025,-0.011,-3.091,32.0,25.76,0.0,19.0,1322.0,38.0,2.62,-0.05,-1.02,-0.02,0.5,1.31,-0.28,266.0,TEST2RR,AKR_TEST2RR,0.0,1.0,1.0,100.0
58660,1,walk,walk,5735,,5735.0,20.0,2.0,6.0,2.0,2.0,0.025,0.005,-3.14,32.0,25.72,0.0,19.0,1322.0,38.0,2.61,-0.05,-1.02,-0.02,0.49,1.32,-0.32,266.0,TEST2RR,AKR_TEST2RR,0.0,1.0,1.0,100.0
58660,1,walk,walk,5736,,5736.0,20.0,2.0,6.0,2.0,2.02,0.025,-0.015,-3.182,32.0,25.72,0.0,19.0,1322.0,38.0,2.6,-0.05,-1.02,-0.02,0.48,1.33,-0.38,266.0,TEST2RR,AKR_TEST2RR,0.0,1.0,1.0,100.0
58680,1,walk,walk,5737,,5737.0,20.0,2.0,6.0,2.0,2.03,0.026,0.076,-3.201,32.0,25.72,0.0,19.0,1322.0,38.0,2.59,-0.05,-1.02,-0.02,0.48,1.35,-0.44,266.0,TEST2RR,AKR_TEST2RR,0.0,1.0,1.0,100.0
58720,1,walk,walk,5738,,5738.0,20.0,2.0,6.0,2.0,2.04,0.026,-0.112,-3.251,32.0,25.72,0.0,19.0,1322.0,38.0,2.57,-0.05,-1.02,-0.02,0.47,1.37,-0.51,266.0,TEST2RR,AKR_TEST2RR,0.0,1.0,1.0,100.0
58720,1,walk,walk,5739,,5739.0,20.0,2.0,6.0,2.0,2.05,0.026,0.057,-3.286,32.0,25.72,0.0,19.0,1322.0,38.0,2.55,-0.05,-1.02,-0.02,0.46,1.39,-0.58,266.0,TEST2RR,AKR_TEST2RR,0.0,1.0,1.0,100.0
58760,1,walk,walk,5740,,5740.0,20.0,2.0,6.0,2.0,2.06,0.026,-0.018,-3.27,32.0,25.72,0.0,19.0,1322.0,38.0,2.52,-0.04,-1.02,-0.02,0.47,1.41,-0.63,267.0,TEST2RR,AKR_TEST2RR,0.0,1.0,1.0,100.0
58780,1,walk,walk,5741,,5741.0,20.0,2.0,6.0,2.0,2.07,0.027,0.006,-3.257,32.0,25.72,0.0,19.0,1322.0,38.0,2.49,-0.04,-1.02,-0.02,0.47,1.43,-0.66,267.0,TEST2RR,AKR_TEST2RR,0.0,1.0,1.0,100.0
58780,1,walk,walk,5742,,5742.0,20.0,2.0,6.0,2.0,2.08,0.027,-0.017,-3.251,32.0,25.69,0.0,19.0,1322.0,38.0,2.46,-0.04,-1.02,-0.03,0.48,1.44,-0.67,267.0,TEST2RR,AKR_TEST2RR,0.0,1.0,1.0,100.0
58800,1,walk,walk,5743,,5743.0,20.0,2.0,6.0,2.0,2.08,0.027,-0.088,-3.261,32.0,25.72,0.0,19.0,1322.0,38.0,2.42,-0.04,-1.02,-0.03,0.48,1.45,-0.65,267.0,TEST2RR,AKR_TEST2RR,0.0,1.0,1.0,100.0
58840,1,walk,walk,5744,,5744.0,20.0,2.0,6.0,2.0,2.09,0.027,0.052,-3.297,32.0,25.69,0.0,19.0,1322.0,38.0,2.39,-0.04,-1.02,-0.03,0.48,1.46,-0.61,267.0,TEST2RR,AKR_TEST2RR,0.0,1.0,1.0,100.0
58840,1,walk,walk,5745,,5745.0,20.0,2.0,6.0,2.0,2.09,0.026,0.034,-3.272,32.0,25.72,0.0,19.0,1322.0,38.0,2.36,-0.04,-1.02,-0.03,0.48,1.46,-0.54,267.0,TEST2RR,AKR_TEST2RR,0.0,1.0,1.0,100.0
58880,1,walk,walk,5746,,5746.0,20.0,2.0,6.0,2.0,2.09,0.027,-0.034,-3.292,32.0,25.72,0.0,19.0,1322.0,38.0,2.33,-0.04,-1.02,-0.03,0.48,1.47,-0.47,267.0,TEST2RR,AKR_TEST2RR,0.0,1.0,1.0,100.0
58900,1,walk,walk,5747,,5747.0,20.0,2.0,6.0,2.0,2.09,0.027,0.083,-3.287,32.0,25.69,0.0,19.0,1322.0,38.0,2.31,-0.04,-1.02,-0.03,0.48,1.47,-0.4,267.0,TEST2RR,AKR_TEST2RR,0.0,1.0,1.0,100.0
58920,1,walk,walk,5748,,5748.0,20.0,2.0,6.0,2.0,2.09,0.027,-0.005,-3.302,32.0,25.69,0.0,19.0,1322.0,38.0,2.29,-0.04,-1.02,-0.03,0.49,1.47,-0.33,267.0,TEST2RR,AKR_TEST2RR,0.0,1.0,1.0,100.0
58940,1,walk,walk,5749,,5749.0,20.0,2.0,6.0,2.0,2.09,0.027,0.025,-3.318,32.0,25.72,0.0,19.0,1322.0,38.0,2.28,-0.04,-1.02,-0.03,0.51,1.48,-0.28,267.0,TEST2RR,AKR_TEST2RR,0.0,1.0,1.0,100.0
58960,1,walk,walk,5750,,5750.0,20.0,2.0,6.0,2.0,2.09,0.027,-0.07,-3.347,32.0,25.69,0.0,19.0,1322.0,38.0,2.26,-0.04,-1.02,-0.03,0.54,1.48,-0.24,267.0,TEST2RR,AKR_TEST2RR,0.0,1.0,1.0,100.0
58980,1,walk,walk,5751,,5751.0,20.0,2.0,6.0,2.0,2.09,0.027,-0.005,-3.363,32.0,25.69,0.0,19.0,1322.0,38.0,2.25,-0.04,-1.02,-0.03,0.57,1.48,-0.22,267.0,TEST2RR,AKR_TEST2RR,0.0,1.0,1.0,100.0
58980,1,walk,walk,5752,,5752.0,20.0,2.0,6.0,2.0,2.09,0.027,0.06,-3.368,32.0,25.69,0.0,19.0,1322.0,38.0,2.24,-0.04,-1.02,-0.03,0.61,1.49,-0.2,267.0,TEST2RR,AKR_TEST2RR,0.0,1.0,1.0,100.0
59020,1,walk,walk,5753,,5753.0,20.0,2.0,6.0,2.0,2.09,0.027,0.049,-3.397,32.0,25.69,0.0,19.0,1322.0,38.0,2.23,-0.04,-1.02,-0.03,0.65,1.49,-0.2,267.0,TEST2RR,AKR_TEST2RR,0.0,1.0,1.0,100.0
59020,1,walk,walk,5754,,5754.0,20.0,2.0,6.0,2.0,2.09,0.027,-0.037,-3.409,32.0,25.69,0.0,19.0,1322.0,38.0,2.21,-0.04,-1.02,-0.03,0.69,1.49,-0.21,267.0,TEST2RR,AKR_TEST2RR,0.0,1.0,1.0,100.0
59040,1,walk,walk,5755,,5755.0,20.0,2.0,6.0,2.0,2.08,0.028,0.056,-3.421,32.0,25.69,0.0,19.0,1322.0,38.0,2.2,-0.04,-1.02,-0.03,0.72,1.49,-0.23,267.0,TEST2RR,AKR_TEST2RR,0.0,1.0,1.0,100.0
59080,1,walk,walk,5756,,5756.0,20.0,2.0,6.0,2.0,2.08,0.028,0.019,-3.442,32.0,25.69,0.0,19.0,1322.0,38.0,2.18,-0.04,-1.02,-0.03,0.75,1.49,-0.24,267.0,TEST2RR,AKR_TEST2RR,0.0,1.0,1.0,100.0
59100,1,walk,walk,5757,,5757.0,20.0,2.0,6.0,2.0,2.08,0.028,0.013,-3.438,32.0,25.69,0.0,19.0,1322.0,38.0,2.16,-0.04,-1.02,-0.03,0.77,1.48,-0.24,267.0,TEST2RR,AKR_TEST2RR,0.0,1.0,1.0,100.0
59140,1,walk,walk,5758,,5758.0,20.0,2.0,6.0,2.0,2.08,0.028,0.01,-3.434,32.0,25.69,0.0,19.0,1322.0,38.0,2.13,-0.04,-1.02,-0.03,0.77,1.47,-0.22,267.0,TEST2RR,AKR_TEST2RR,0.0,1.0,1.0,100.0
59140,1,walk,walk,5759,,5759.0,20.0,2.0,6.0,2.0,2.08,0.028,0.079,-3.426,32.0,25.69,0.0,19.0,1322.0,38.0,2.11,-0.04,-1.02,-0.03,0.77,1.45,-0.2,267.0,TEST2RR,AKR_TEST2RR,0.0,1.0,1.0,100.0
59140,1,walk,walk,5760,,5760.0,20.0,2.0,6.0,2.0,2.07,0.028,0.069,-3.422,32.0,25.69,0.0,19.0,1322.0,38.0,2.09,-0.04,-1.02,-0.03,0.77,1.42,-0.16,267.0,TEST2RR,AKR_TEST2RR,0.0,1.0,1.0,100.0
59160,1,walk,walk,5761,,5761.0,20.0,2.0,6.0,2.0,2.07,0.028,0.065,-3.45,32.0,25.69,0.0,19.0,1322.0,38.0,2.07,-0.04,-1.02,-0.03,0.77,1.39,-0.12,267.0,TEST2RR,AKR_TEST2RR,0.0,1.0,1.0,100.0
59200,1,walk,walk,5762,,5762.0,20.0,2.0,6.0,2.0,2.07,0.028,0.061,-3.422,32.0,25.69,0.0,19.0,1322.0,38.0,2.05,-0.04,-1.02,-0.03,0.77,1.36,-0.08,267.0,TEST2RR,AKR_TEST2RR,0.0,1.0,1.0,100.0
59200,1,walk,walk,5763,,5763.0,20.0,2.0,6.0,2.0,2.07,0.028,-0.081,-3.476,32.0,25.69,0.0,19.0,1322.0,38.0,2.04,-0.04,-1.02,-0.03,0.78,1.33,-0.04,267.0,TEST2RR,AKR_TEST2RR,0.0,1.0,1.0,100.0
59220,1,walk,walk,5764,,5764.0,20.0,2.0,6.0,2.0,2.07,0.028,0.011,-3.44,32.0,25.69,0.0,19.0,1322.0,38.0,2.03,-0.04,-1.02,-0.03,0.79,1.31,0.0,267.0,TEST2RR,AKR_TEST2RR,0.0,1.0,1.0,100.0
59280,1,walk,walk,5765,,5765.0,20.0,2.0,6.0,2.0,2.06,0.028,-0.026,-3.45,32.0,25.69,0.0,19.0,1322.0,38.0,2.02,-0.04,-1.02,-0.03,0.8,1.28,0.03,267.0,TEST2RR,AKR_TEST2RR,0.0,1.0,1.0,100.0
59280,1,walk,walk,5766,,5766.0,20.0,2.0,6.0,2.0,2.06,0.028,0.014,-3.47,32.0,25.69,0.0,19.0,1322.0,38.0,2.0,-0.04,-1.02,-0.03,0.81,1.26,0.06,267.0,TEST2RR,AKR_TEST2RR,0.0,1.0,1.0,100.0
59280,1,walk,walk,5767,,5767.0,20.0,2.0,6.0,2.0,2.06,0.028,-0.064,-3.471,32.0,25.69,0.0,19.0,1322.0,38.0,1.99,-0.04,-1.02,-0.03,0.82,1.23,0.1,267.0,TEST2RR,AKR_TEST2RR,0.0,1.0,1.0,100.0
59320,1,walk,walk,5768,,5768.0,20.0,2.0,6.0,2.0,2.06,0.028,-0.03,-3.455,32.0,25.69,0.0,19.0,1322.0,38.0,1.97,-0.04,-1.02,-0.03,0.81,1.2,0.16,267.0,TEST2RR,AKR_TEST2RR,0.0,1.0,1.0,100.0
59340,1,walk,walk,5769,,5769.0,20.0,2.0,6.0,2.0,2.06,0.028,-0.065,-3.47,32.0,25.69,0.0,19.0,1322.0,38.0,1.96,-0.03,-1.02,-0.03,0.8,1.16,0.22,267.0,TEST2RR,AKR_TEST2RR,0.0,1.0,1.0,100.0
59340,1,walk,walk,5770,,5770.0,20.0,2.0,6.0,2.0,2.06,0.028,-0.002,-3.479,32.0,25.69,0.0,19.0,1322.0,38.0,1.95,-0.03,-1.02,-0.03,0.78,1.12,0.3,267.0,TEST2RR,AKR_TEST2RR,0.0,1.0,1.0,100.0
59380,1,walk,walk,5771,,5771.0,20.0,2.0,6.0,2.0,2.05,0.028,0.029,-3.433,32.0,25.69,0.0,19.0,1322.0,38.0,1.93,-0.03,-1.02,-0.03,0.77,1.07,0.38,267.0,TEST2RR,AKR_TEST2RR,0.0,1.0,1.0,100.0
59400,1,walk,walk,5772,,5772.0,20.0,2.0,6.0,2.0,2.05,0.028,0.041,-3.448,32.0,25.69,0.0,19.0,1322.0,38.0,1.92,-0.03,-1.02,-0.03,0.75,1.03,0.46,267.0,TEST2RR,AKR_TEST2RR,0.0,1.0,1.0,100.0
59420,1,walk,walk,5773,,5773.0,20.0,2.0,6.0,2.0,2.05,0.028,-0.003,-3.43,32.0,25.69,0.0,19.0,1322.0,38.0,1.92,-0.03,-1.02,-0.03,0.74,0.99,0.54,267.0,TEST2RR,AKR_TEST2RR,0.0,1.0,1.0,100.0
59440,1,walk,walk,5774,,5774.0,20.0,2.0,6.0,2.0,2.05,0.028,-0.028,-3.449,32.0,25.69,0.0,19.0,1322.0,38.0,1.92,-0.03,-1.02,-0.03,0.72,0.96,0.61,267.0,TEST2RR,AKR_TEST2RR,0.0,1.0,1.0,100.0
59440,1,walk,walk,5775,,5775.0,20.0,2.0,6.0,2.0,2.05,0.028,0.057,-3.477,32.0,25.69,0.0,19.0,1322.0,38.0,1.92,-0.03,-1.02,-0.03,0.7,0.95,0.66,267.0,TEST2RR,AKR_TEST2RR,0.0,1.0,1.0,100.0
59460,1,walk,walk,5776,,5776.0,20.0,2.0,6.0,2.0,2.06,0.028,0.038,-3.44,32.0,25.69,0.0,19.0,1322.0,38.0,1.93,-0.03,-1.02,-0.03,0.68,0.95,0.69,267.0,TEST2RR,AKR_TEST2RR,0.0,1.0,1.0,100.0
59520,1,walk,walk,5777,,5777.0,20.0,2.0,6.0,2.0,2.06,0.028,-0.092,-3.442,32.0,25.69,0.0,19.0,1322.0,38.0,1.93,-0.03,-1.02,-0.03,0.66,0.95,0.71,267.0,TEST2RR,AKR_TEST2RR,0.0,1.0,1.0,100.0
59520,1,walk,walk,5778,,5778.0,20.0,2.0,6.0,2.0,2.06,0.028,-0.007,-3.448,32.0,25.69,0.0,19.0,1322.0,38.0,1.94,-0.03,-1.02,-0.03,0.65,0.97,0.71,267.0,TEST2RR,AKR_TEST2RR,0.0,1.0,1.0,100.0
59520,1,walk,walk,5779,,5779.0,20.0,2.0,6.0,2.0,2.06,0.028,-0.099,-3.456,32.0,25.69,0.0,19.0,1322.0,38.0,1.94,-0.03,-1.02,-0.03,0.63,0.99,0.69,267.0,TEST2RR,AKR_TEST2RR,0.0,1.0,1.0,100.0
59580,1,walk,walk,5780,,5780.0,20.0,2.0,6.0,2.0,2.07,0.028,0.003,-3.438,32.0,25.69,0.0,19.0,1322.0,38.0,1.95,-0.03,-1.02,-0.03,0.62,1.01,0.67,267.0,TEST2RR,AKR_TEST2RR,0.0,1.0,1.0,100.0
59580,1,walk,walk,5781,,5781.0,20.0,2.0,6.0,2.0,2.07,0.028,-0.021,-3.449,32.0,25.69,0.0,19.0,1322.0,38.0,1.95,-0.03,-1.02,-0.03,0.6,1.03,0.64,267.0,TEST2RR,AKR_TEST2RR,0.0,1.0,1.0,100.0
59580,1,walk,walk,5782,,5782.0,20.0,2.0,6.0,2.0,2.08,0.028,-0.002,-3.454,32.0,25.69,0.0,19.0,1322.0,38.0,1.95,-0.03,-1.02,-0.03,0.59,1.06,0.6,267.0,TEST2RR,AKR_TEST2RR,0.0,1.0,1.0,100.0
59620,1,walk,walk,5783,,5783.0,20.0,2.0,6.0,2.0,2.09,0.028,-0.079,-3.434,32.0,25.69,0.0,19.0,1322.0,38.0,1.95,-0.03,-1.02,-0.03,0.57,1.09,0.56,267.0,TEST2RR,AKR_TEST2RR,0.0,1.0,1.0,100.0
59620,1,walk,walk,5784,,5784.0,20.0,2.0,6.0,2.0,2.09,0.028,-0.056,-3.448,32.0,25.69,0.0,19.0,1322.0,38.0,1.95,-0.03,-1.02,-0.03,0.55,1.12,0.52,267.0,TEST2RR,AKR_TEST2RR,0.0,1.0,1.0,100.0
59640,1,walk,walk,5785,,5785.0,20.0,2.0,6.0,2.0,2.1,0.028,-0.111,-3.452,32.0,25.69,0.0,19.0,1322.0,38.0,1.95,-0.03,-1.02,-0.03,0.54,1.16,0.48,267.0,TEST2RR,AKR_TEST2RR,0.0,1.0,1.0,100.0
59680,1,walk,walk,5786,,5786.0,20.0,2.0,6.0,2.0,2.11,0.028,0.076,-3.445,32.0,25.69,0.0,19.0,1322.0,38.0,1.94,-0.03,-1.02,-0.03,0.52,1.19,0.45,267.0,TEST2RR,AKR_TEST2RR,0.0,1.0,1.0,100.0
59680,1,walk,walk,5787,,5787.0,20.0,2.0,6.0,2.0,2.11,0.028,-0.076,-3.44,32.0,25.69,0.0,19.0,1322.0,38.0,1.94,-0.03,-1.02,-0.03,0.5,1.21,0.44,267.0,TEST2RR,AKR_TEST2RR,0.0,1.0,1.0,100.0
59720,1,walk,walk,5788,,5788.0,20.0,2.0,6.0,2.0,2.12,0.028,-0.032,-3.451,32.0,25.69,0.0,19.0,1322.0,38.0,1.94,-0.03,-1.02,-0.03,0.48,1.23,0.43,268.0,TEST2RR,AKR_TEST2RR,0.0,1.0,1.0,100.0
59740,1,walk,walk,5789,,5789.0,20.0,2.0,6.0,2.0,2.13,0.028,-0.143,-3.464,32.0,25.69,0.0,19.0,1322.0,38.0,1.93,-0.03,-1.02,-0.03,0.46,1.23,0.44,268.0,TEST2RR,AKR_TEST2RR,0.0,1.0,1.0,100.0
59740,1,walk,walk,5790,,5790.0,20.0,2.0,6.0,2.0,2.13,0.028,-0.048,-3.429,32.0,25.69,0.0,19.0,1322.0,38.0,1.93,-0.03,-1.02,-0.03,0.45,1.22,0.46,268.0,TEST2RR,AKR_TEST2RR,0.0,1.0,1.0,100.0
59760,1,walk,walk,5791,,5791.0,20.0,2.0,6.0,2.0,2.14,0.028,0.01,-3.446,32.0,25.69,0.0,19.0,1322.0,38.0,1.93,-0.03,-1.02,-0.03,0.44,1.2,0.48,268.0,TEST2RR,AKR_TEST2RR,0.0,1.0,1.0,100.0
59800,1,walk,walk,5792,,5792.0,20.0,2.0,6.0,2.0,2.15,0.028,0.065,-3.454,32.0,25.69,0.0,19.0,1322.0,38.0,1.92,-0.03,-1.02,-0.03,0.43,1.17,0.51,268.0,TEST2RR,AKR_TEST2RR,0.0,1.0,1.0,100.0
59800,1,walk,walk,5793,,5793.0,20.0,2.0,6.0,2.0,2.15,0.028,-0.006,-3.429,32.0,25.69,0.0,19.0,1322.0,38.0,1.92,-0.03,-1.02,-0.04,0.42,1.14,0.55,268.0,TEST2RR,AKR_TEST2RR,0.0,1.0,1.0,100.0
59840,1,walk,walk,5794,,5794.0,20.0,2.0,6.0,2.0,2.16,0.028,-0.032,-3.442,32.0,25.69,0.0,19.0,1322.0,38.0,1.92,-0.03,-1.02,-0.04,0.42,1.1,0.58,268.0,TEST2RR,AKR_TEST2RR,0.0,1.0,1.0,100.0
59860,1,walk,walk,5795,,5795.0,20.0,2.0,6.0,2.0,2.17,0.028,-0.077,-3.445,32.0,25.69,0.0,19.0,1322.0,38.0,1.91,-0.03,-1.02,-0.04,0.42,1.07,0.6,268.0,TEST2RR,AKR_TEST2RR,0.0,1.0,1.0,100.0
59900,1,walk,walk,5796,,5796.0,20.0,2.0,6.0,2.0,2.17,0.028,-0.022,-3.439,32.0,25.69,0.0,19.0,1322.0,38.0,1.91,-0.03,-1.02,-0.04,0.41,1.05,0.62,268.0,TEST2RR,AKR_TEST2RR,0.0,1.0,1.0,100.0
59900,1,walk,walk,5797,,5797.0,20.0,2.0,6.0,2.0,2.18,0.028,0.052,-3.433,32.0,25.69,0.0,19.0,1322.0,38.0,1.91,-0.03,-1.02,-0.04,0.41,1.05,0.62,268.0,TEST2RR,AKR_TEST2RR,0.0,1.0,1.0,100.0
59920,1,walk,walk,5798,,5798.0,20.0,2.0,6.0,2.0,2.18,0.028,-0.073,-3.458,32.0,25.69,0.0,19.0,1322.0,38.0,1.92,-0.03,-1.02,-0.04,0.4,1.05,0.61,268.0,TEST2RR,AKR_TEST2RR,0.0,1.0,1.0,100.0
59920,1,walk,walk,5799,,5799.0,20.0,2.0,6.0,2.0,2.19,0.028,0.064,-3.429,32.0,25.69,0.0,19.0,1322.0,38.0,1.92,-0.03,-1.02,-0.04,0.39,1.07,0.59,268.0,TEST2RR,AKR_TEST2RR,0.0,1.0,1.0,100.0
59940,1,walk,walk,5800,,5800.0,20.0,2.0,6.0,2.0,2.19,0.028,-0.003,-3.437,32.0,25.69,0.0,19.0,1322.0,38.0,1.92,-0.03,-1.02,-0.04,0.39,1.09,0.56,268.0,TEST2RR,AKR_TEST2RR,0.0,1.0,1.0,100.0
59980,1,walk,walk,5801,,5801.0,20.0,2.0,6.0,2.0,2.2,0.028,-0.009,-3.445,32.0,25.69,0.0,19.0,1322.0,38.0,1.92,-0.03,-1.02,-0.04,0.38,1.11,0.52,268.0,TEST2RR,AKR_TEST2RR,0.0,1.0,1.0,100.0
59980,1,walk,walk,5802,,5802.0,20.0,2.0,6.0,2.0,2.2,0.028,-0.003,-3.433,32.0,25.69,0.0,19.0,1322.0,38.0,1.91,-0.03,-1.02,-0.04,0.38,1.13,0.47,268.0,TEST2RR,AKR_TEST2RR,0.0,1.0,1.0,100.0
60000,1,walk,walk,5803,,5803.0,20.0,2.0,6.0,2.0,2.21,0.028,-0.05,-3.435,32.0,25.69,0.0,19.0,1322.0,38.0,1.91,-0.03,-1.02,-0.04,0.38,1.15,0.42,268.0,TEST2RR,AKR_TEST2RR,0.0,1.0,1.0,100.0
60060,1,walk,walk,5804,,5804.0,20.0,2.0,6.0,2.0,2.21,0.028,0.085,-3.443,32.0,25.69,0.0,19.0,1322.0,38.0,1.9,-0.03,-1.02,-0.04,0.38,1.17,0.38,268.0,TEST2RR,AKR_TEST2RR,0.0,1.0,1.0,100.0
60060,1,walk,walk,5805,,5805.0,20.0,2.0,6.0,2.0,2.22,0.028,0.017,-3.433,32.0,25.69,0.0,19.0,1322.0,38.0,1.89,-0.03,-1.02,-0.04,0.38,1.17,0.35,268.0,TEST2RR,AKR_TEST2RR,0.0,1.0,1.0,100.0
60060,1,walk,walk,5806,,5806.0,20.0,2.0,6.0,2.0,2.22,0.028,0.037,-3.425,32.0,25.69,0.0,19.0,1322.0,38.0,1.88,-0.03,-1.02,-0.04,0.38,1.17,0.33,268.0,TEST2RR,AKR_TEST2RR,0.0,1.0,1.0,100.0
60100,1,walk,walk,5807,,5807.0,20.0,2.0,6.0,2.0,2.23,0.028,0.033,-3.432,32.0,25.69,0.0,19.0,1322.0,38.0,1.87,-0.03,-1.02,-0.04,0.39,1.17,0.32,268.0,TEST2RR,AKR_TEST2RR,0.0,1.0,1.0,100.0
60100,1,walk,walk,5808,,5808.0,20.0,2.0,6.0,2.0,2.23,0.028,0.03,-3.466,32.0,25.69,0.0,19.0,1322.0,38.0,1.86,-0.03,-1.02,-0.04,0.4,1.16,0.33,268.0,TEST2RR,AKR_TEST2RR,0.0,1.0,1.0,100.0
60120,1,walk,walk,5809,,5809.0,20.0,2.0,6.0,2.0,2.23,0.028,-0.077,-3.442,32.0,25.69,0.0,19.0,1322.0,38.0,1.85,-0.03,-1.02,-0.04,0.4,1.16,0.35,268.0,TEST2RR,AKR_TEST2RR,0.0,1.0,1.0,100.0
60160,1,walk,walk,5810,,5810.0,20.0,2.0,6.0,2.0,2.24,0.028,-0.061,-3.445,32.0,25.69,0.0,19.0,1322.0,38.0,1.84,-0.03,-1.02,-0.04,0.41,1.15,0.37,268.0,TEST2RR,AKR_TEST2RR,0.0,1.0,1.0,100.0
60160,1,walk,walk,5811,,5811.0,20.0,2.0,6.0,2.0,2.24,0.028,-0.068,-3.427,32.0,25.69,0.0,19.0,1322.0,38.0,1.84,-0.03,-1.02,-0.04,0.42,1.14,0.39,268.0,TEST2RR,AKR_TEST2RR,0.0,1.0,1.0,100.0
60200,1,walk,walk,5812,,5812.0,20.0,2.0,6.0,2.0,2.24,0.028,-0.092,-3.451,32.0,25.69,0.0,19.0,1322.0,38.0,1.84,-0.03,-1.02,-0.04,0.42,1.13,0.41,268.0,TEST2RR,AKR_TEST2RR,0.0,1.0,1.0,100.0
60220,1,walk,walk,5813,,5813.0,20.0,2.0,6.0,2.0,2.24,0.028,-0.053,-3.457,32.0,25.69,0.0,19.0,1322.0,38.0,1.84,-0.03,-1.02,-0.04,0.42,1.12,0.42,268.0,TEST2RR,AKR_TEST2RR,0.0,1.0,1.0,100.0
60220,1,walk,walk,5814,,5814.0,20.0,2.0,6.0,2.0,2.24,0.028,-0.034,-3.432,32.0,25.69,0.0,19.0,1322.0,38.0,1.85,-0.03,-1.02,-0.04,0.42,1.12,0.42,268.0,TEST2RR,AKR_TEST2RR,0.0,1.0,1.0,100.0
60260,1,walk,walk,5815,,5815.0,20.0,2.0,6.0,2.0,2.25,0.028,0.109,-3.435,32.0,25.69,0.0,19.0,1322.0,38.0,1.85,-0.03,-1.02,-0.04,0.42,1.12,0.41,268.0,TEST2RR,AKR_TEST2RR,0.0,1.0,1.0,100.0
60280,1,walk,walk,5816,,5816.0,20.0,2.0,6.0,2.0,2.25,0.028,-0.018,-3.45,32.0,25.69,0.0,19.0,1322.0,38.0,1.85,-0.03,-1.02,-0.04,0.43,1.12,0.4,268.0,TEST2RR,AKR_TEST2RR,0.0,1.0,1.0,100.0
60280,1,walk,walk,5817,,5817.0,20.0,2.0,6.0,2.0,2.25,0.028,-0.005,-3.446,32.0,25.69,0.0,19.0,1322.0,38.0,1.85,-0.03,-1.02,-0.04,0.44,1.13,0.38,268.0,TEST2RR,AKR_TEST2RR,0.0,1.0,1.0,100.0
60300,1,walk,walk,5818,,5818.0,20.0,2.0,6.0,2.0,2.25,0.028,0.019,-3.451,32.0,25.69,0.0,19.0,1322.0,38.0,1.85,-0.03,-1.02,-0.04,0.46,1.14,0.36,268.0,TEST2RR,AKR_TEST2RR,0.0,1.0,1.0,100.0
60340,1,walk,walk,5819,,5819.0,20.0,2.0,6.0,2.0,2.25,0.028,-0.04,-3.45,32.0,25.69,0.0,19.0,1322.0,38.0,1.85,-0.03,-1.02,-0.04,0.48,1.15,0.34,268.0,TEST2RR,AKR_TEST2RR,0.0,1.0,1.0,100.0
60360,1,walk,walk,5820,,5820.0,20.0,2.0,6.0,2.0,2.25,0.028,-0.07,-3.445,32.0,25.69,0.0,19.0,1322.0,38.0,1.85,-0.03,-1.02,-0.04,0.52,1.15,0.32,268.0,TEST2RR,AKR_TEST2RR,0.0,1.0,1.0,100.0
60380,1,walk,walk,5821,,5821.0,20.0,2.0,6.0,2.0,2.25,0.028,0.124,-3.436,32.0,25.69,0.0,19.0,1322.0,38.0,1.84,-0.03,-1.02,-0.04,0.57,1.16,0.3,268.0,TEST2RR,AKR_TEST2RR,0.0,1.0,1.0,100.0
60400,1,walk,walk,5822,,5822.0,20.0,2.0,6.0,2.0,2.25,0.028,-0.052,-3.456,32.0,25.69,0.0,19.0,1322.0,38.0,1.83,-0.03,-1.02,-0.04,0.62,1.16,0.29,268.0,TEST2RR,AKR_TEST2RR,0.0,1.0,1.0,100.0
60400,1,walk,walk,5823,,5823.0,20.0,2.0,6.0,2.0,2.25,0.028,0.05,-3.438,32.0,25.69,0.0,19.0,1322.0,38.0,1.81,-0.03,-1.02,-0.04,0.69,1.16,0.29,268.0,TEST2RR,AKR_TEST2RR,0.0,1.0,1.0,100.0
60420,1,walk,walk,5824,,5824.0,20.0,2.0,6.0,2.0,2.25,0.028,0.044,-3.448,32.0,25.69,0.0,19.0,1322.0,38.0,1.8,-0.03,-1.02,-0.04,0.75,1.16,0.29,268.0,TEST2RR,AKR_TEST2RR,0.0,1.0,1.0,100.0
60460,1,walk,walk,5825,,5825.0,20.0,2.0,6.0,2.0,2.25,0.028,-0.068,-3.468,32.0,25.69,0.0,19.0,1322.0,38.0,1.79,-0.03,-1.02,-0.04,0.82,1.15,0.31,268.0,TEST2RR,AKR_TEST2RR,0.0,1.0,1.0,100.0
60480,1,walk,walk,5826,,5826.0,20.0,2.0,6.0,2.0,2.25,0.028,-0.073,-3.461,32.0,25.69,0.0,19.0,1322.0,38.0,1.78,-0.03,-1.02,-0.04,0.9,1.15,0.32,268.0,TEST2RR,AKR_TEST2RR,0.0,1.0,1.0,100.0
60480,1,walk,walk,5827,,5827.0,20.0,2.0,6.0,2.0,2.24,0.028,0.034,-3.443,32.0,25.69,0.0,19.0,1322.0,38.0,1.77,-0.03,-1.02,-0.04,0.98,1.15,0.34,268.0,TEST2RR,AKR_TEST2RR,0.0,1.0,1.0,100.0
60540,1,walk,walk,5828,,5828.0,20.0,2.0,6.0,2.0,2.24,0.028,0.013,-3.419,32.0,25.69,0.0,19.0,1322.0,38.0,1.75,-0.03,-1.02,-0.04,1.07,1.14,0.37,268.0,TEST2RR,AKR_TEST2RR,0.0,1.0,1.0,100.0
60540,1,walk,walk,5829,,5829.0,20.0,2.0,6.0,2.0,2.24,0.028,-0.014,-3.463,32.0,25.69,0.0,19.0,1322.0,38.0,1.74,-0.03,-1.02,-0.04,1.17,1.14,0.4,268.0,TEST2RR,AKR_TEST2RR,0.0,1.0,1.0,100.0
60540,1,walk,walk,5830,,5830.0,20.0,2.0,6.0,2.0,2.24,0.028,0.023,-3.429,32.0,25.69,0.0,19.0,1322.0,38.0,1.73,-0.03,-1.02,-0.04,1.28,1.14,0.43,268.0,TEST2RR,AKR_TEST2RR,0.0,1.0,1.0,100.0
60580,1,walk,walk,5831,,5831.0,20.0,2.0,6.0,2.0,2.24,0.028,-0.002,-3.448,32.0,25.69,0.0,19.0,1322.0,38.0,1.73,-0.03,-1.02,-0.04,1.4,1.14,0.46,268.0,TEST2RR,AKR_TEST2RR,0.0,1.0,1.0,100.0
60580,1,walk,walk,5832,,5832.0,20.0,2.0,6.0,2.0,2.24,0.028,0.015,-3.447,32.0,25.69,0.0,19.0,1322.0,38.0,1.72,-0.03,-1.02,-0.04,1.54,1.14,0.49,268.0,TEST2RR,AKR_TEST2RR,0.0,1.0,1.0,100.0
60600,1,walk,walk,5833,,5833.0,20.0,2.0,6.0,2.0,2.24,0.028,-0.037,-3.454,32.0,25.69,0.0,19.0,1322.0,38.0,1.71,-0.03,-1.02,-0.04,1.68,1.13,0.52,268.0,TEST2RR,AKR_TEST2RR,0.0,1.0,1.0,100.0
60640,1,walk,walk,5834,,5834.0,20.0,2.0,6.0,2.0,2.23,0.028,-0.089,-3.429,32.0,25.69,0.0,19.0,1322.0,38.0,1.71,-0.03,-1.02,-0.04,1.84,1.12,0.55,268.0,TEST2RR,AKR_TEST2RR,0.0,1.0,1.0,100.0
60640,1,walk,walk,5835,,5835.0,20.0,2.0,6.0,2.0,2.23,0.028,-0.011,-3.438,32.0,25.69,0.0,19.0,1322.0,38.0,1.7,-0.03,-1.02,-0.04,2.02,1.11,0.58,268.0,TEST2RR,AKR_TEST2RR,0.0,1.0,1.0,100.0
60680,1,walk,walk,5836,,5836.0,20.0,2.0,6.0,2.0,2.23,0.028,0.045,-3.44,32.0,25.69,0.0,19.0,1322.0,38.0,1.69,-0.03,-1.02,-0.04,2.2,1.1,0.62,269.0,TEST2RR,AKR_TEST2RR,0.0,1.0,1.0,100.0
60700,1,walk,walk,5837,,5837.0,20.0,2.0,6.0,2.0,2.23,0.028,0.038,-3.424,32.0,25.69,0.0,19.0,1322.0,38.0,1.69,-0.03,-1.02,-0.04,2.4,1.09,0.66,269.0,TEST2RR,AKR_TEST2RR,0.0,1.0,1.0,100.0
60700,1,walk,walk,5838,,5838.0,20.0,2.0,6.0,2.0,2.23,0.028,-0.028,-3.431,32.0,25.69,0.0,19.0,1322.0,38.0,1.68,-0.03,-1.02,-0.04,2.61,1.08,0.71,269.0,TEST2RR,AKR_TEST2RR,0.0,1.0,1.0,100.0
60720,1,walk,walk,5839,,5839.0,20.0,2.0,6.0,2.0,2.23,0.028,-0.124,-3.442,32.0,25.69,0.0,19.0,1322.0,38.0,1.68,-0.03,-1.02,-0.04,2.82,1.08,0.77,269.0,TEST2RR,AKR_TEST2RR,0.0,1.0,1.0,100.0
60760,1,walk,walk,5840,,5840.0,20.0,2.0,6.0,2.0,2.23,0.028,0.017,-3.436,32.0,25.69,0.0,19.0,1322.0,38.0,1.68,-0.03,-1.02,-0.04,3.04,1.09,0.82,269.0,TEST2RR,AKR_TEST2RR,0.0,1.0,1.0,100.0
60760,1,walk,walk,5841,,5841.0,20.0,2.0,6.0,2.0,2.23,0.028,0.029,-3.43,32.0,25.69,0.0,19.0,1322.0,38.0,1.68,-0.03,-1.02,-0.04,3.28,1.11,0.87,269.0,TEST2RR,AKR_TEST2RR,0.0,1.0,1.0,100.0
60800,1,walk,walk,5842,,5842.0,20.0,2.0,6.0,2.0,2.23,0.028,-0.009,-3.431,32.0,25.69,0.0,19.0,1322.0,38.0,1.69,-0.03,-1.02,-0.04,3.52,1.15,0.91,269.0,TEST2RR,AKR_TEST2RR,0.0,1.0,1.0,100.0
60820,1,walk,walk,5843,,5843.0,20.0,2.0,6.0,2.0,2.23,0.028,-0.06,-3.433,32.0,25.69,0.0,19.0,1322.0,38.0,1.69,-0.03,-1.02,-0.04,3.77,1.2,0.95,269.0,TEST2RR,AKR_TEST2RR,0.0,1.0,1.0,100.0
60860,1,walk,walk,5844,,5844.0,20.0,2.0,6.0,2.0,2.23,0.028,-0.017,-3.45,32.0,25.69,0.0,19.0,1322.0,38.0,1.7,-0.03,-1.02,-0.04,4.02,1.25,0.98,269.0,TEST2RR,AKR_TEST2RR,0.0,1.0,1.0,100.0
60860,1,walk,walk,5845,,5845.0,20.0,2.0,6.0,2.0,2.23,0.028,0.068,-3.444,32.0,25.69,0.0,19.0,1322.0,38.0,1.7,-0.03,-1.02,-0.04,4.25,1.31,1.01,269.0,TEST2RR,AKR_TEST2RR,0.0,1.0,1.0,100.0
60880,1,walk,walk,5846,,5846.0,20.0,2.0,6.0,2.0,2.23,0.028,0.015,-3.43,32.0,25.69,0.0,19.0,1322.0,38.0,1.7,-0.03,-1.02,-0.04,4.47,1.38,1.05,269.0,TEST2RR,AKR_TEST2RR,0.0,1.0,1.0,100.0
60900,1,walk,walk,5847,,5847.0,20.0,2.0,6.0,2.0,2.23,0.028,-0.01,-3.445,32.0,25.69,0.0,19.0,1322.0,38.0,1.7,-0.03,-1.02,-0.04,4.65,1.42,1.1,269.0,TEST2RR,AKR_TEST2RR,0.0,1.0,1.0,100.0
60900,1,walk,walk,5848,,5848.0,20.0,2.0,6.0,2.0,2.24,0.028,-0.056,-3.437,32.0,25.69,0.0,19.0,1322.0,38.0,1.7,-0.03,-1.02,-0.04,4.78,1.44,1.19,269.0,TEST2RR,AKR_TEST2RR,0.0,1.0,1.0,100.0
60940,1,walk,walk,5849,,5849.0,20.0,2.0,6.0,2.0,2.24,0.028,-0.002,-3.445,32.0,25.69,0.0,19.0,1322.0,38.0,1.69,-0.03,-1.02,-0.03,4.84,1.42,1.32,269.0,TEST2RR,AKR_TEST2RR,0.0,1.0,1.0,100.0
60940,1,walk,walk,5850,,5850.0,20.0,2.0,6.0,2.0,2.25,0.028,0.079,-3.411,32.0,25.69,0.0,19.0,1322.0,38.0,1.68,-0.03,-1.03,-0.03,4.8,1.33,1.5,269.0,TEST2RR,AKR_TEST2RR,0.0,1.0,1.0,100.0
60960,1,walk,walk,5851,,5851.0,20.0,2.0,6.0,2.0,2.25,0.027,-0.048,-3.245,32.0,25.69,0.0,19.0,1322.0,38.0,1.68,-0.03,-1.03,-0.03,4.65,1.15,1.77,269.0,TEST2RR,AKR_TEST2RR,0.0,1.0,1.0,100.0
61000,1,walk,walk,5852,,5852.0,20.0,2.0,6.0,2.0,2.26,0.025,-0.095,-3.057,32.0,25.72,0.0,19.0,1322.0,38.0,1.71,-0.03,-1.03,-0.03,4.26,0.65,2.15,269.0,TEST2RR,AKR_TEST2RR,0.0,1.0,1.0,100.0
61020,1,walk,walk,5853,,5853.0,20.0,2.0,6.0,2.0,2.27,0.025,-0.076,-3.013,32.0,25.72,0.0,19.0,1322.0,38.0,1.73,-0.03,-1.03,-0.03,3.52,-0.49,2.64,269.0,TEST2RR,AKR_TEST2RR,0.0,1.0,1.0,100.0
61040,1,walk,walk,5854,,5854.0,20.0,2.0,6.0,2.0,2.28,0.024,0.005,-3.002,32.0,25.72,0.0,19.0,1322.0,38.0,1.74,-0.03,-1.04,-0.04,2.36,-2.52,3.29,269.0,TEST2RR,AKR_TEST2RR,0.0,1.0,1.0,100.0
61060,1,walk,walk,5855,,5855.0,20.0,2.0,6.0,2.0,2.29,0.025,0.034,-3.051,32.0,25.76,0.0,19.0,1322.0,38.0,1.72,-0.03,-1.04,-0.04,0.84,-5.54,4.15,269.0,TEST2RR,AKR_TEST2RR,0.0,1.0,1.0,100.0
61060,1,walk,walk,5856,,5856.0,20.0,2.0,6.0,2.0,2.3,0.023,-0.178,-2.828,32.0,25.76,0.0,19.0,1322.0,38.0,1.7,-0.03,-1.05,-0.05,-0.9,-9.52,5.23,269.0,TEST2RR,AKR_TEST2RR,0.0,1.0,1.0,100.0
61080,1,walk,walk,5857,,5857.0,20.0,2.0,6.0,2.0,2.32,0.021,-0.163,-2.599,32.0,25.76,0.0,19.0,1322.0,38.0,1.66,-0.03,-1.06,-0.05,-2.71,-14.3,6.48,269.0,TEST2RR,AKR_TEST2RR,0.0,1.0,1.0,100.0
61120,1,walk,walk,5858,,5858.0,20.0,2.0,6.0,2.0,2.34,0.019,-0.164,-2.258,32.0,25.83,0.0,19.0,1322.0,38.0,1.57,-0.03,-1.07,-0.05,-4.43,-19.51,7.84,269.0,TEST2RR,AKR_TEST2RR,0.0,1.0,1.0,100.0
61120,1,walk,walk,5859,,5859.0,20.0,2.0,6.0,2.0,2.37,0.017,-0.211,-1.918,32.0,25.83,0.0,19.0,1322.0,38.0,1.39,-0.03,-1.08,-0.05,-5.95,-24.65,9.21,269.0,TEST2RR,AKR_TEST2RR,0.0,1.0,1.0,100.0
61140,1,walk,walk,5860,,5860.0,20.0,2.0,6.0,2.0,2.41,0.014,-0.19,-1.642,32.0,25.86,0.0,19.0,1322.0,38.0,1.11,-0.02,-1.09,-0.05,-7.19,-29.15,10.46,269.0,TEST2RR,AKR_TEST2RR,0.0,1.0,1.0,100.0
61180,1,walk,walk,5861,,5861.0,20.0,2.0,6.0,2.0,2.45,0.012,-0.224,-1.437,32.0,25.9,0.0,19.0,1322.0,38.0,0.73,-0.01,-1.09,-0.04,-8.12,-32.57,11.47,269.0,TEST2RR,AKR_TEST2RR,0.0,1.0,1.0,100.0
61200,1,walk,walk,5862,,5862.0,20.0,2.0,6.0,2.0,2.5,0.01,-0.111,-1.22,32.0,25.9,0.0,19.0,1322.0,38.0,0.27,-0.01,-1.09,-0.03,-8.72,-34.64,12.11,269.0,TEST2RR,AKR_TEST2RR,0.0,1.0,1.0,100.0
61220,1,walk,walk,5863,,5863.0,20.0,2.0,6.0,2.0,2.57,0.009,-0.178,-1.048,32.0,25.9,0.0,19.0,1322.0,38.0,-0.23,0.0,-1.09,-0.02,-8.99,-35.3,12.25,269.0,TEST2RR,AKR_TEST2RR,0.0,1.0,1.0,100.0
61240,1,walk,walk,5864,,5864.0,20.0,2.0,6.0,2.0,2.64,0.007,-0.187,-0.897,32.0,25.9,0.0,19.0,1322.0,38.0,-0.73,0.01,-1.08,-0.01,-8.93,-34.71,11.77,269.0,TEST2RR,AKR_TEST2RR,0.0,1.0,1.0,100.0
61240,1,walk,walk,5865,,5865.0,20.0,1.0,6.0,2.0,2.72,0.006,-0.019,-0.737,32.0,25.9,0.0,18.0,1322.0,38.0,-1.17,0.02,-1.07,0.0,-8.54,-33.16,10.56,269.0,TEST2RR,AKR_TEST2RR,0.0,1.0,1.0,100.0
61260,1,walk,walk,5866,,5866.0,20.0,1.0,6.0,2.0,2.82,0.005,-0.087,-0.583,32.0,25.9,0.0,18.0,1322.0,38.0,-1.53,0.03,-1.05,0.01,-7.84,-31.02,8.55,269.0,TEST2RR,AKR_TEST2RR,0.0,1.0,1.0,100.0
61300,1,walk,walk,5867,,5867.0,20.0,1.0,6.0,2.0,2.91,0.004,-0.081,-0.486,32.0,25.9,0.0,18.0,1322.0,38.0,-1.75,0.03,-1.04,0.01,-6.87,-28.64,5.72,269.0,TEST2RR,AKR_TEST2RR,0.0,1.0,1.0,100.0
61300,1,walk,walk,5868,,5868.0,20.0,1.0,6.0,2.0,3.01,0.004,0.042,-0.539,32.0,25.9,0.0,18.0,1322.0,38.0,-1.82,0.03,-1.02,0.01,-5.68,-26.27,2.14,269.0,TEST2RR,AKR_TEST2RR,0.0,1.0,1.0,100.0
61320,1,walk,walk,5869,,5869.0,20.0,1.0,6.0,2.0,3.11,0.004,-0.04,-0.556,32.0,25.9,0.0,18.0,1322.0,38.0,-1.71,0.03,-1.0,0.01,-4.34,-24.1,-2.04,269.0,TEST2RR,AKR_TEST2RR,0.0,1.0,1.0,100.0
61340,1,walk,walk,5870,,5870.0,20.0,1.0,6.0,2.0,3.21,0.004,-0.002,-0.621,32.0,25.9,0.0,18.0,1322.0,38.0,-1.41,0.02,-0.98,0.01,-2.95,-22.23,-6.64,269.0,TEST2RR,AKR_TEST2RR,0.0,1.0,1.0,100.0
61380,1,walk,walk,5871,,5871.0,20.0,1.0,0.0,5.0,3.29,0.005,0.032,-0.753,32.0,25.9,0.0,18.0,1322.0,38.0,-0.91,0.02,-0.97,0.01,-1.58,-20.67,-11.39,269.0,TEST2RR,AKR_TEST2RR,0.0,1.0,1.0,100.0
61380,1,walk,walk,5872,,5872.0,20.0,0.0,0.0,6.0,3.35,0.006,0.091,-0.897,32.0,25.9,0.0,19.0,1322.0,38.0,-0.26,0.0,-0.95,0.0,-0.33,-19.46,-16.07,269.0,TEST2RR,AKR_TEST2RR,0.0,1.0,1.0,100.0
61400,1,walk,walk,5873,,5873.0,20.0,0.0,0.0,6.0,3.4,0.006,0.091,-0.897,32.0,25.9,0.0,39.0,1322.0,38.0,0.51,-0.01,-0.94,-0.01,0.71,-18.71,-20.66,269.0,TEST2RR,AKR_TEST2RR,0.0,1.0,1.0,100.0
61440,1,walk,walk,5874,,5874.0,20.0,0.0,0.0,6.0,3.41,0.006,0.091,-0.897,32.0,25.9,0.0,59.0,1322.0,38.0,1.38,-0.02,-0.93,-0.03,1.5,-18.47,-25.09,269.0,TEST2RR,AKR_TEST2RR,0.0,1.0,1.0,100.0
61440,1,walk,walk,5875,,5875.0,20.0,0.0,0.0,6.0,3.39,0.122,30.333,0.0,32.0,25.93,0.0,5.0,1322.0,38.0,2.32,-0.04,-0.92,-0.04,1.99,-18.71,-29.18,269.0,TEST2RR,AKR_TEST2RR,0.0,1.0,1.0,100.0
61460,1,walk,walk,5876,,5876.0,20.0,0.0,0.0,6.0,3.32,0.145,1.529,0.0,32.0,25.93,0.0,5.0,1322.0,38.0,3.31,-0.05,-0.92,-0.06,2.14,-19.4,-32.77,269.0,TEST2RR,AKR_TEST2RR,0.0,1.0,1.0,100.0
61480,1,walk,walk,5877,,5877.0,20.0,0.0,0.0,6.0,3.22,0.164,0.965,0.0,32.0,25.93,0.0,5.0,1322.0,38.0,4.31,-0.07,-0.91,-0.07,1.95,-20.51,-35.74,269.0,TEST2RR,AKR_TEST2RR,0.0,1.0,1.0,100.0
61520,1,walk,walk,5878,,5878.0,20.0,0.0,0.0,6.0,3.07,0.181,1.052,0.0,32.0,25.93,0.0,5.0,1322.0,38.0,5.28,-0.08,-0.91,-0.09,1.47,-22.05,-37.96,269.0,TEST2RR,AKR_TEST2RR,0.0,1.0,1.0,100.0
61540,1,walk,walk,5879,,5879.0,20.0,0.0,0.0,6.0,2.87,0.198,1.425,0.0,32.0,25.93,0.0,5.0,1322.0,38.0,6.15,-0.1,-0.92,-0.11,0.74,-23.97,-39.29,269.0,TEST2RR,AKR_TEST2RR,0.0,1.0,1.0,100.0
61540,1,walk,walk,5880,,5880.0,20.0,0.0,0.0,6.0,2.63,0.2,-0.68,0.0,32.0,25.93,0.0,5.0,1322.0,38.0,6.65,-0.11,-0.92,-0.12,-0.17,-26.22,-39.76,269.0,TEST2RR,AKR_TEST2RR,0.0,1.0,1.0,100.0
61560,1,walk,walk,5881,,5881.0,20.0,0.0,0.0,7.0,2.35,0.221,1.91,0.0,32.0,25.93,0.0,5.0,1322.0,38.0,6.48,-0.11,-0.94,-0.14,-0.91,-28.43,-39.73,269.0,TEST2RR,AKR_TEST2RR,0.0,1.0,1.0,100.0
61600,1,walk,walk,5882,,5882.0,20.0,0.0,0.0,7.0,2.02,0.232,-0.214,0.0,32.0,25.93,0.0,5.0,1322.0,38.0,5.62,-0.09,-0.95,-0.14,-1.28,-30.23,-39.3,269.0,TEST2RR,AKR_TEST2RR,0.0,1.0,1.0,100.0
61600,1,walk,walk,5883,,5883.0,20.0,0.0,0.0,7.0,1.65,0.229,-0.065,0.0,32.0,25.93,0.0,5.0,1322.0,38.0,4.26,-0.07,-0.98,-0.14,-1.2,-31.28,-38.36,269.0,TEST2RR,AKR_TEST2RR,0.0,1.0,1.0,100.0
61620,1,walk,walk,5884,,5884.0,20.0,0.0,0.0,7.0,1.24,0.226,-0.314,0.0,32.0,25.93,0.0,5.0,1322.0,38.0,2.63,-0.05,-1.0,-0.13,-0.84,-31.42,-36.81,269.0,TEST2RR,AKR_TEST2RR,0.0,1.0,1.0,100.0
61640,1,walk,walk,5885,,5885.0,20.0,0.0,0.0,7.0,0.81,0.221,-0.421,0.0,32.0,25.93,0.0,5.0,1322.0,38.0,0.92,-0.02,-1.02,-0.12,-0.45,-30.67,-34.61,269.0,TEST2RR,AKR_TEST2RR,0.0,1.0,1.0,100.0
61680,1,walk,walk,5886,,5886.0,20.0,0.0,0.0,7.0,0.35,0.213,-0.604,0.0,32.0,25.93,0.0,5.0,1322.0,38.0,-0.71,0.01,-1.03,-0.1,-0.24,-29.19,-31.78,270.0,TEST2RR,AKR_TEST2RR,0.0,1.0,1.0,100.0
61680,1,walk,walk,5887,,5887.0,20.0,0.0,0.0,7.0,-0.14,0.206,-0.305,0.0,32.0,25.93,0.0,5.0,1322.0,38.0,-2.19,0.04,-1.05,-0.09,-0.32,-27.18,-28.38,270.0,TEST2RR,AKR_TEST2RR,0.0,1.0,1.0,100.0
61700,1,walk,walk,5888,,5888.0,20.0,0.0,0.0,7.0,-0.64,0.2,-0.479,0.0,32.0,25.93,0.0,5.0,1322.0,38.0,-3.48,0.06,-1.05,-0.07,-0.67,-24.87,-24.58,270.0,TEST2RR,AKR_TEST2RR,0.0,1.0,1.0,100.0
61720,1,walk,walk,5889,,5889.0,20.0,0.0,0.0,7.0,-1.15,0.195,-0.268,0.0,32.0,25.93,0.0,5.0,1322.0,38.0,-4.55,0.08,-1.06,-0.06,-1.19,-22.45,-20.56,270.0,TEST2RR,AKR_TEST2RR,0.0,1.0,1.0,100.0
61760,1,walk,walk,5890,,5890.0,20.0,0.0,0.0,7.0,-1.67,0.187,-0.558,0.0,32.0,25.93,0.0,5.0,1322.0,38.0,-5.4,0.1,-1.06,-0.06,-1.76,-20.04,-16.5,270.0,TEST2RR,AKR_TEST2RR,0.0,1.0,1.0,100.0
61760,1,walk,walk,5891,,5891.0,20.0,0.0,0.0,7.0,-2.19,0.18,-0.354,0.0,32.0,25.93,0.0,5.0,1322.0,38.0,-6.05,0.11,-1.06,-0.05,-2.28,-17.7,-12.53,270.0,TEST2RR,AKR_TEST2RR,0.0,1.0,1.0,100.0
61780,1,walk,walk,5892,,5892.0,20.0,0.0,0.0,7.0,-2.7,0.174,-0.23,0.0,32.0,25.93,0.0,5.0,1322.0,38.0,-6.53,0.12,-1.06,-0.05,-2.71,-15.36,-8.77,270.0,TEST2RR,AKR_TEST2RR,0.0,1.0,1.0,100.0
61800,1,walk,walk,5893,,5893.0,20.0,0.0,0.0,7.0,-3.2,0.167,-0.504,0.0,32.0,25.93,0.0,5.0,1322.0,38.0,-6.85,0.13,-1.06,-0.06,-3.05,-13.1,-5.29,270.0,TEST2RR,AKR_TEST2RR,0.0,1.0,1.0,100.0
61820,1,walk,walk,5894,,5894.0,20.0,0.0,0.0,1.0,-3.68,0.157,-0.671,0.0,32.0,25.93,0.0,5.0,1322.0,38.0,-7.05,0.13,-1.05,-0.06,-3.32,-10.94,-2.14,270.0,TEST2RR,AKR_TEST2RR,0.0,1.0,1.0,100.0
61860,1,walk,walk,5895,,5895.0,20.0,0.0,0.0,1.0,-4.13,0.15,-0.334,0.0,32.0,25.93,0.0,5.0,1322.0,38.0,-7.14,0.13,-1.05,-0.06,-3.53,-8.94,0.67,270.0,TEST2RR,AKR_TEST2RR,0.0,1.0,1.0,100.0
61860,1,walk,walk,5896,,5896.0,20.0,0.0,0.0,1.0,-4.55,0.146,-0.287,0.0,32.0,25.93,0.0,5.0,1322.0,38.0,-7.15,0.13,-1.04,-0.07,-3.71,-7.15,3.09,270.0,TEST2RR,AKR_TEST2RR,0.0,1.0,1.0,100.0
61880,1,walk,walk,5897,,5897.0,20.0,0.0,0.0,1.0,-4.94,0.144,-0.241,0.0,32.0,25.93,0.0,5.0,1322.0,38.0,-7.08,0.13,-1.04,-0.07,-3.87,-5.61,5.05,270.0,TEST2RR,AKR_TEST2RR,0.0,1.0,1.0,100.0
61900,1,walk,walk,5898,,5898.0,20.0,0.0,0.0,1.0,-5.28,0.14,-0.198,0.0,32.0,25.93,0.0,5.0,1322.0,38.0,-6.94,0.13,-1.03,-0.07,-4.03,-4.33,6.52,270.0,TEST2RR,AKR_TEST2RR,0.0,1.0,1.0,100.0
61920,1,walk,walk,5899,,5899.0,20.0,0.0,0.0,1.0,-5.59,0.14,0.076,0.0,32.0,25.93,0.0,5.0,1322.0,38.0,-6.75,0.12,-1.03,-0.08,-4.21,-3.29,7.46,270.0,TEST2RR,AKR_TEST2RR,0.0,1.0,1.0,100.0
61940,1,walk,walk,5900,,5900.0,20.0,0.0,0.0,1.0,-5.86,0.141,0.103,0.0,32.0,25.93,0.0,5.0,1322.0,38.0,-6.51,0.12,-1.02,-0.08,-4.4,-2.47,7.81,270.0,TEST2RR,AKR_TEST2RR,0.0,1.0,1.0,100.0
61960,1,walk,walk,5901,,5901.0,20.0,0.0,0.0,1.0,-6.08,0.148,0.42,0.0,32.0,25.93,0.0,5.0,1322.0,38.0,-6.25,0.11,-1.02,-0.08,-4.61,-1.86,7.49,270.0,TEST2RR,AKR_TEST2RR,0.0,1.0,1.0,100.0
62000,1,walk,walk,5902,,5902.0,20.0,0.0,0.0,1.0,-6.26,0.155,0.698,0.0,32.0,25.93,0.0,5.0,1322.0,38.0,-5.98,0.11,-1.02,-0.09,-4.83,-1.44,6.48,270.0,TEST2RR,AKR_TEST2RR,0.0,1.0,1.0,100.0
62020,1,walk,walk,5903,,5903.0,20.0,0.0,0.0,1.0,-6.4,0.168,1.07,0.0,32.0,25.93,0.0,5.0,1322.0,38.0,-5.72,0.1,-1.01,-0.09,-5.08,-1.16,4.74,270.0,TEST2RR,AKR_TEST2RR,0.0,1.0,1.0,100.0
62020,1,walk,walk,5904,,5904.0,20.0,0.0,0.0,1.0,-6.5,0.182,0.898,0.0,32.0,25.93,0.0,5.0,1322.0,38.0,-5.49,0.1,-1.01,-0.09,-5.37,-0.97,2.26,270.0,TEST2RR,AKR_TEST2RR,0.0,1.0,1.0,100.0
62040,1,walk,walk,5905,,5905.0,20.0,0.0,0.0,1.0,-6.57,0.193,0.663,0.0,32.0,25.93,0.0,5.0,1322.0,38.0,-5.35,0.09,-1.01,-0.1,-5.72,-0.83,-0.82,270.0,TEST2RR,AKR_TEST2RR,0.0,1.0,1.0,100.0
62060,1,walk,walk,5906,,5906.0,20.0,1.0,0.0,1.0,-6.62,0.197,0.006,0.0,32.0,25.93,0.0,6.0,1322.0,38.0,-5.35,0.09,-1.0,-0.1,-6.1,-0.75,-4.16,270.0,TEST2RR,AKR_TEST2RR,0.0,1.0,1.0,100.0
62080,1,walk,walk,5907,,5907.0,20.0,1.0,0.0,1.0,-6.64,0.197,0.026,0.0,32.0,25.93,0.0,6.0,1322.0,38.0,-5.51,0.1,-1.0,-0.1,-6.49,-0.73,-7.33,270.0,TEST2RR,AKR_TEST2RR,0.0,1.0,1.0,100.0
62100,1,walk,walk,5908,,5908.0,20.0,1.0,0.0,1.0,-6.65,0.196,-0.001,0.0,32.0,25.93,0.0,6.0,1322.0,38.0,-5.83,0.1,-1.0,-0.11,-6.82,-0.77,-9.95,270.0,TEST2RR,AKR_TEST2RR,0.0,1.0,1.0,100.0
62120,1,walk,walk,5909,,5909.0,20.0,1.0,0.0,1.0,-6.65,0.192,-0.3,0.0,32.0,25.93,0.0,6.0,1322.0,38.0,-6.25,0.11,-1.0,-0.11,-7.05,-0.87,-11.8,270.0,TEST2RR,AKR_TEST2RR,0.0,1.0,1.0,100.0
62160,1,walk,walk,5910,,5910.0,20.0,1.0,0.0,1.0,-6.66,0.187,-0.284,0.0,32.0,25.93,0.0,6.0,1322.0,38.0,-6.74,0.12,-1.0,-0.12,-7.15,-0.97,-12.76,270.0,TEST2RR,AKR_TEST2RR,0.0,1.0,1.0,100.0
62160,1,walk,walk,5911,,5911.0,20.0,1.0,0.0,1.0,-6.67,0.184,-0.248,0.0,32.0,25.93,0.0,6.0,1322.0,38.0,-7.23,0.13,-1.0,-0.12,-7.1,-1.05,-12.87,270.0,TEST2RR,AKR_TEST2RR,0.0,1.0,1.0,100.0
62180,1,walk,walk,5912,,5912.0,20.0,1.0,0.0,1.0,-6.69,0.181,-0.025,0.0,32.0,25.93,0.0,6.0,1322.0,38.0,-7.69,0.14,-1.0,-0.13,-6.88,-1.1,-12.24,270.0,TEST2RR,AKR_TEST2RR,0.0,1.0,1.0,100.0
62200,1,walk,walk,5913,,5913.0,20.0,1.0,0.0,1.0,-6.72,0.178,-0.206,0.0,32.0,25.93,0.0,6.0,1322.0,38.0,-8.1,0.14,-1.0,-0.13,-6.47,-1.11,-11.03,270.0,TEST2RR,AKR_TEST2RR,0.0,1.0,1.0,100.0
62220,1,walk,walk,5914,,5914.0,20.0,0.0,0.0,1.0,-6.77,0.175,-0.283,0.0,32.0,25.93,0.0,5.0,1322.0,38.0,-8.44,0.15,-1.01,-0.14,-5.86,-1.07,-9.43,270.0,TEST2RR,AKR_TEST2RR,0.0,1.0,1.0,100.0
62240,1,walk,walk,5915,,5915.0,20.0,1.0,0.0,1.0,-6.84,0.171,-0.339,0.0,32.0,25.93,0.0,6.0,1322.0,38.0,-8.71,0.15,-1.01,-0.14,-5.08,-1.01,-7.56,270.0,TEST2RR,AKR_TEST2RR,0.0,1.0,1.0,100.0
62260,1,walk,walk,5916,,5916.0,20.0,1.0,0.0,1.0,-6.93,0.165,-0.535,0.0,32.0,25.93,0.0,6.0,1322.0,38.0,-8.91,0.16,-1.01,-0.14,-4.17,-0.9,-5.5,270.0,TEST2RR,AKR_TEST2RR,0.0,1.0,1.0,100.0
62280,1,walk,walk,5917,,5917.0,20.0,0.0,0.0,1.0,-7.03,0.155,-0.558,0.0,32.0,25.93,0.0,5.0,1322.0,38.0,-9.05,0.16,-1.01,-0.15,-3.17,-0.74,-3.28,270.0,TEST2RR,AKR_TEST2RR,0.0,1.0,1.0,100.0
62300,1,walk,walk,5918,,5918.0,20.0,0.0,0.0,1.0,-7.14,0.147,-0.495,0.0,32.0,25.93,0.0,5.0,1322.0,38.0,-9.15,0.16,-1.01,-0.15,-2.11,-0.54,-0.91,270.0,TEST2RR,AKR_TEST2RR,0.0,1.0,1.0,100.0
62340,1,walk,walk,5919,,5919.0,20.0,0.0,0.0,1.0,-7.25,0.138,-0.937,0.0,32.0,25.93,0.0,5.0,1322.0,38.0,-9.2,0.16,-1.01,-0.15,-1.02,-0.32,1.6,270.0,TEST2RR,AKR_TEST2RR,0.0,1.0,1.0,100.0
62340,1,walk,walk,5920,,5920.0,20.0,0.0,0.0,1.0,-7.37,0.126,-0.418,0.0,32.0,25.93,0.0,5.0,1322.0,38.0,-9.21,0.16,-1.01,-0.15,0.1,-0.04,4.27,270.0,TEST2RR,AKR_TEST2RR,0.0,1.0,1.0,100.0
62360,1,walk,walk,5921,,5921.0,20.0,0.0,0.0,1.0,-7.49,0.12,-0.43,0.0,32.0,25.93,0.0,5.0,1322.0,38.0,-9.16,0.16,-1.01,-0.15,1.25,0.22,7.01,270.0,TEST2RR,AKR_TEST2RR,0.0,1.0,1.0,100.0
62400,1,walk,walk,5922,,5922.0,20.0,0.0,0.0,1.0,-7.6,0.113,-0.621,0.0,32.0,25.93,0.0,5.0,1322.0,38.0,-9.05,0.16,-1.01,-0.15,2.43,0.48,9.74,270.0,TEST2RR,AKR_TEST2RR,0.0,1.0,1.0,100.0
62400,1,walk,walk,5923,,5923.0,20.0,0.0,0.0,1.0,-7.7,0.104,-0.379,0.0,32.0,25.93,0.0,5.0,1322.0,38.0,-8.88,0.16,-1.01,-0.15,3.65,0.73,12.4,270.0,TEST2RR,AKR_TEST2RR,0.0,1.0,1.0,100.0
62420,1,walk,walk,5924,,5924.0,20.0,0.0,0.0,1.0,-7.78,0.097,-0.545,0.0,32.0,25.93,0.0,5.0,1322.0,38.0,-8.66,0.15,-1.01,-0.15,4.91,0.96,14.95,270.0,TEST2RR,AKR_TEST2RR,0.0,1.0,1.0,100.0
62440,1,walk,walk,5925,,5925.0,20.0,0.0,0.0,1.0,-7.84,0.087,-0.967,0.0,32.0,25.93,0.0,5.0,1322.0,38.0,-8.39,0.15,-1.01,-0.15,6.22,1.15,17.39,270.0,TEST2RR,AKR_TEST2RR,0.0,1.0,1.0,100.0
62480,1,walk,walk,5926,,5926.0,20.0,0.0,0.0,1.0,-7.88,0.07,-1.174,0.0,32.0,25.93,0.0,5.0,1322.0,38.0,-8.1,0.14,-1.01,-0.15,7.57,1.3,19.89,270.0,TEST2RR,AKR_TEST2RR,0.0,1.0,1.0,100.0
62500,1,walk,walk,5927,,5927.0,20.0,0.0,0.0,1.0,-7.89,0.049,-1.835,0.0,32.0,25.93,0.0,5.0,1322.0,38.0,-7.79,0.14,-1.02,-0.15,8.96,1.43,22.65,270.0,TEST2RR,AKR_TEST2RR,0.0,1.0,1.0,100.0
62500,1,walk,walk,5928,,5928.0,20.0,0.0,0.0,1.0,-7.86,0.02,-2.206,0.0,32.0,25.93,0.0,5.0,1322.0,38.0,-7.49,0.13,-1.02,-0.15,10.34,1.57,25.96,270.0,TEST2RR,AKR_TEST2RR,0.0,1.0,1.0,100.0
62520,1,walk,walk,5929,,5929.0,20.0,0.0,0.0,1.0,-7.8,-0.014,-2.085,0.0,32.0,25.93,0.0,5.0,1322.0,38.0,-7.18,0.13,-1.02,-0.14,11.63,1.74,30.05,270.0,TEST2RR,AKR_TEST2RR,0.0,1.0,1.0,100.0
62540,1,walk,walk,5930,,5930.0,20.0,0.0,0.0,1.0,-7.7,-0.039,-0.911,0.0,32.0,25.93,0.0,5.0,1322.0,38.0,-6.88,0.12,-1.03,-0.14,12.67,1.66,35.01,270.0,TEST2RR,AKR_TEST2RR,0.0,1.0,1.0,100.0
62560,1,walk,walk,5931,,5931.0,20.0,0.0,0.0,1.0,-7.56,-0.044,0.08,0.0,32.0,25.93,0.0,5.0,1322.0,38.0,-6.59,0.12,-1.03,-0.14,13.31,1.07,40.62,270.0,TEST2RR,AKR_TEST2RR,0.0,1.0,1.0,100.0
62580,1,walk,walk,5932,,5932.0,20.0,0.0,0.0,1.0,-7.37,-0.039,0.579,0.0,32.0,25.93,0.0,5.0,1322.0,38.0,-6.32,0.12,-1.05,-0.14,13.48,-0.28,46.66,270.0,TEST2RR,AKR_TEST2RR,0.0,1.0,1.0,100.0
62600,1,walk,walk,5933,,5933.0,20.0,0.0,0.0,1.0,-7.13,-0.029,0.66,0.0,32.0,25.93,0.0,5.0,1322.0,38.0,-6.04,0.11,-1.06,-0.14,13.1,-2.47,52.85,270.0,TEST2RR,AKR_TEST2RR,0.0,1.0,1.0,100.0
62640,1,walk,walk,5934,,5934.0,20.0,0.0,0.0,1.0,-6.84,-0.019,0.878,0.0,32.0,25.93,0.0,5.0,1322.0,38.0,-5.71,0.11,-1.08,-0.14,12.19,-5.48,58.96,271.0,TEST2RR,AKR_TEST2RR,0.0,1.0,1.0,100.0
62640,1,walk,walk,5935,,5935.0,20.0,0.0,0.0,1.0,-6.49,0.001,1.164,0.0,32.0,25.93,0.0,5.0,1322.0,38.0,-5.34,0.1,-1.1,-0.14,10.81,-9.22,64.6,271.0,TEST2RR,AKR_TEST2RR,0.0,1.0,1.0,100.0
62680,1,walk,walk,5936,,5936.0,20.0,0.0,0.0,1.0,-6.07,0.007,-0.229,0.0,32.0,25.93,0.0,5.0,1322.0,38.0,-4.96,0.1,-1.12,-0.14,9.1,-13.38,69.39,271.0,TEST2RR,AKR_TEST2RR,0.0,1.0,1.0,100.0
62680,1,walk,walk,5937,,5937.0,20.0,0.0,0.0,1.0,-5.59,0.005,-0.354,0.0,32.0,25.93,0.0,5.0,1322.0,38.0,-4.64,0.09,-1.14,-0.14,7.22,-17.53,72.93,271.0,TEST2RR,AKR_TEST2RR,0.0,1.0,1.0,100.0
62720,1,walk,walk,5938,,5938.0,20.0,0.0,6.0,2.0,-5.03,-0.001,-0.48,0.0,32.0,25.93,0.0,5.0,1322.0,38.0,-4.45,0.09,-1.14,-0.14,5.28,-21.23,74.89,271.0,TEST2RR,AKR_TEST2RR,0.0,1.0,1.0,100.0
62720,1,walk,walk,5939,,5939.0,20.0,0.0,6.0,2.0,-4.41,-0.004,-0.716,0.124,32.0,25.9,0.0,18.0,1322.0,38.0,-4.45,0.09,-1.14,-0.13,3.4,-24.05,74.9,271.0,TEST2RR,AKR_TEST2RR,0.0,1.0,1.0,100.0
62740,1,walk,walk,5940,,5940.0,20.0,0.0,6.0,2.0,-3.71,-0.004,-0.013,0.416,32.0,25.9,0.0,18.0,1322.0,38.0,-4.67,0.09,-1.13,-0.13,1.65,-25.72,72.69,271.0,TEST2RR,AKR_TEST2RR,0.0,1.0,1.0,100.0
62760,1,walk,walk,5941,,5941.0,20.0,0.0,6.0,2.0,-2.95,-0.005,-0.151,0.639,32.0,25.9,0.0,18.0,1322.0,38.0,-5.09,0.1,-1.12,-0.12,0.09,-26.1,68.14,271.0,TEST2RR,AKR_TEST2RR,0.0,1.0,1.0,100.0
62780,1,walk,walk,5942,,5942.0,20.0,0.0,6.0,2.0,-2.12,-0.006,-0.095,0.78,32.0,25.9,0.0,18.0,1322.0,38.0,-5.67,0.11,-1.09,-0.11,-1.23,-25.13,61.27,271.0,TEST2RR,AKR_TEST2RR,0.0,1.0,1.0,100.0
62820,1,walk,walk,5943,,5943.0,20.0,1.0,6.0,2.0,-1.24,-0.007,-0.087,0.943,32.0,25.9,0.0,19.0,1322.0,38.0,-6.36,0.12,-1.06,-0.1,-2.25,-22.84,52.22,271.0,TEST2RR,AKR_TEST2RR,0.0,1.0,1.0,100.0
62820,1,walk,walk,5944,,5944.0,20.0,1.0,6.0,2.0,-0.33,-0.008,-0.069,0.951,32.0,25.9,0.0,19.0,1322.0,38.0,-7.05,0.13,-1.03,-0.09,-2.91,-19.37,41.28,271.0,TEST2RR,AKR_TEST2RR,0.0,1.0,1.0,100.0
62840,1,walk,walk,5945,,5945.0,20.0,0.0,6.0,2.0,0.61,-0.008,0.006,0.943,32.0,25.9,0.0,18.0,1322.0,38.0,-7.61,0.13,-1.0,-0.08,-3.15,-14.92,28.83,271.0,TEST2RR,AKR_TEST2RR,0.0,1.0,1.0,100.0
62860,1,walk,walk,5946,,5946.0,20.0,1.0,6.0,2.0,1.54,-0.008,-0.018,0.984,32.0,25.9,0.0,19.0,1322.0,38.0,-7.9,0.13,-0.97,-0.08,-2.94,-9.76,15.36,271.0,TEST2RR,AKR_TEST2RR,0.0,1.0,1.0,100.0
62880,1,walk,walk,5947,,5947.0,20.0,1.0,6.0,2.0,2.46,-0.008,0.044,0.916,32.0,25.9,0.0,19.0,1322.0,38.0,-7.81,0.13,-0.95,-0.07,-2.31,-4.19,1.37,271.0,TEST2RR,AKR_TEST2RR,0.0,1.0,1.0,100.0
62920,1,walk,walk,5948,,5948.0,20.0,1.0,6.0,2.0,3.33,-0.007,0.115,0.808,32.0,25.9,0.0,19.0,1322.0,38.0,-7.25,0.12,-0.93,-0.07,-1.34,1.55,-12.6,271.0,TEST2RR,AKR_TEST2RR,0.0,1.0,1.0,100.0
62920,1,walk,walk,5949,,5949.0,20.0,1.0,6.0,2.0,4.14,-0.006,0.083,0.634,32.0,25.9,0.0,19.0,1322.0,38.0,-6.14,0.1,-0.92,-0.08,-0.15,7.2,-26.0,271.0,TEST2RR,AKR_TEST2RR,0.0,1.0,1.0,100.0
62980,1,walk,walk,5950,,5950.0,20.0,1.0,6.0,2.0,4.86,-0.005,0.065,0.302,32.0,25.9,0.0,19.0,1322.0,38.0,-4.49,0.07,-0.91,-0.08,1.1,12.5,-38.29,271.0,TEST2RR,AKR_TEST2RR,0.0,1.0,1.0,100.0
62980,1,walk,walk,5951,,5951.0,20.0,1.0,6.0,2.0,5.47,-0.002,0.222,-0.064,32.0,25.9,0.0,19.0,1322.0,38.0,-2.31,0.04,-0.91,-0.09,2.23,17.17,-48.96,271.0,TEST2RR,AKR_TEST2RR,0.0,1.0,1.0,100.0
62980,1,walk,walk,5952,,5952.0,20.0,1.0,6.0,2.0,5.95,0.001,0.174,-0.557,32.0,25.93,0.0,19.0,1322.0,38.0,0.33,-0.01,-0.91,-0.11,3.1,20.92,-57.58,271.0,TEST2RR,AKR_TEST2RR,0.0,1.0,1.0,100.0
63000,1,walk,walk,5953,,5953.0,20.0,1.0,6.0,2.0,6.31,0.004,0.173,-0.913,32.0,25.9,0.0,19.0,1322.0,38.0,3.31,-0.05,-0.92,-0.12,3.57,23.53,-63.81,271.0,TEST2RR,AKR_TEST2RR,0.0,1.0,1.0,100.0
63020,1,walk,walk,5954,,5954.0,20.0,1.0,6.0,2.0,6.51,0.007,0.191,-1.133,32.0,25.9,0.0,19.0,1322.0,38.0,6.46,-0.11,-0.93,-0.14,3.53,24.84,-67.42,271.0,TEST2RR,AKR_TEST2RR,0.0,1.0,1.0,100.0
63040,1,walk,walk,5955,,5955.0,20.0,1.0,6.0,2.0,6.57,0.009,0.158,-1.348,32.0,25.9,0.0,19.0,1322.0,38.0,9.62,-0.16,-0.95,-0.15,2.95,24.82,-68.31,271.0,TEST2RR,AKR_TEST2RR,0.0,1.0,1.0,100.0
63060,1,walk,walk,5956,,5956.0,20.0,1.0,6.0,2.0,6.49,0.012,0.111,-1.554,32.0,25.86,0.0,19.0,1322.0,38.0,12.61,-0.21,-0.96,-0.17,1.81,23.49,-66.57,271.0,TEST2RR,AKR_TEST2RR,0.0,1.0,1.0,100.0
63080,1,walk,walk,5957,,5957.0,20.0,1.0,6.0,2.0,6.27,0.013,0.113,-1.728,32.0,25.86,0.0,19.0,1322.0,38.0,15.3,-0.26,-0.97,-0.18,0.19,20.94,-62.44,271.0,TEST2RR,AKR_TEST2RR,0.0,1.0,1.0,100.0
63100,1,walk,walk,5958,,5958.0,20.0,1.0,6.0,2.0,5.92,0.015,0.143,-2.04,32.0,25.86,0.0,19.0,1322.0,38.0,17.59,-0.31,-0.98,-0.19,-1.76,17.31,-56.29,271.0,TEST2RR,AKR_TEST2RR,0.0,1.0,1.0,100.0
63140,1,walk,walk,5959,,5959.0,20.0,1.0,6.0,2.0,5.48,0.018,0.228,-2.493,32.0,25.79,0.0,19.0,1322.0,38.0,19.07,-0.34,-0.98,-0.19,-3.76,12.96,-48.86,271.0,TEST2RR,AKR_TEST2RR,0.0,1.0,1.0,100.0
63160,1,walk,walk,5960,,5960.0,20.0,1.0,6.0,2.0,4.94,0.026,0.781,-3.779,32.0,25.69,0.0,19.0,1322.0,38.0,19.4,-0.35,-1.0,-0.18,-5.39,8.4,-40.8,271.0,TEST2RR,AKR_TEST2RR,0.0,1.0,1.0,100.0
63160,1,walk,walk,5961,,5961.0,20.0,1.0,6.0,2.0,4.35,0.035,0.425,-4.728,32.0,25.51,0.0,19.0,1322.0,38.0,18.72,-0.34,-1.01,-0.17,-6.46,4.36,-32.5,271.0,TEST2RR,AKR_TEST2RR,0.0,1.0,1.0,100.0
63180,1,walk,walk,5962,,5962.0,20.0,1.0,6.0,2.0,3.72,0.035,-0.132,-4.182,32.0,25.54,0.0,19.0,1322.0,38.0,17.3,-0.32,-1.03,-0.16,-6.85,1.0,-24.41,271.0,TEST2RR,AKR_TEST2RR,0.0,1.0,1.0,100.0
63220,1,walk,walk,5963,,5963.0,20.0,1.0,6.0,2.0,3.07,0.033,-0.105,-3.983,32.0,25.58,0.0,19.0,1322.0,38.0,15.44,-0.29,-1.05,-0.14,-6.65,-1.66,-16.74,271.0,TEST2RR,AKR_TEST2RR,0.0,1.0,1.0,100.0
63220,1,walk,walk,5964,,5964.0,20.0,1.0,6.0,2.0,2.43,0.028,-0.519,-3.052,32.0,25.72,0.0,19.0,1322.0,38.0,13.42,-0.25,-1.07,-0.12,-5.99,-3.71,-9.58,271.0,TEST2RR,AKR_TEST2RR,0.0,1.0,1.0,100.0
63240,1,walk,walk,5965,,5965.0,20.0,1.0,6.0,2.0,1.81,0.02,-0.504,-2.147,32.0,25.79,0.0,19.0,1322.0,38.0,11.44,-0.22,-1.08,-0.11,-5.09,-5.22,-3.04,271.0,TEST2RR,AKR_TEST2RR,0.0,1.0,1.0,100.0
63260,1,walk,walk,5966,,5966.0,20.0,1.0,6.0,2.0,1.23,0.015,-0.347,-1.689,32.0,25.86,0.0,19.0,1322.0,38.0,9.64,-0.19,-1.09,-0.1,-4.11,-6.27,2.78,271.0,TEST2RR,AKR_TEST2RR,0.0,1.0,1.0,100.0
63320,1,walk,walk,5967,,5967.0,20.0,1.0,6.0,2.0,0.7,0.009,-0.432,-0.928,32.0,25.9,0.0,19.0,1322.0,38.0,8.1,-0.16,-1.1,-0.08,-3.16,-6.92,7.81,271.0,TEST2RR,AKR_TEST2RR,0.0,1.0,1.0,100.0
63320,1,walk,walk,5968,,5968.0,20.0,1.0,6.0,2.0,0.24,0.004,-0.187,-0.291,32.0,25.9,0.0,19.0,1322.0,38.0,6.84,-0.13,-1.1,-0.08,-2.31,-7.25,11.95,271.0,TEST2RR,AKR_TEST2RR,0.0,1.0,1.0,100.0
63340,1,walk,walk,5969,,5969.0,20.0,1.0,6.0,2.0,-0.15,0.002,-0.116,-0.068,32.0,25.9,0.0,19.0,1322.0,38.0,5.85,-0.11,-1.1,-0.07,-1.58,-7.31,15.17,271.0,TEST2RR,AKR_TEST2RR,0.0,1.0,1.0,100.0
63360,1,walk,walk,5970,,5970.0,20.0,1.0,6.0,2.0,-0.47,0.0,-0.042,0.107,32.0,25.93,0.0,19.0,1322.0,38.0,5.12,-0.1,-1.1,-0.07,-0.98,-7.14,17.44,271.0,TEST2RR,AKR_TEST2RR,0.0,1.0,1.0,100.0
63360,1,walk,walk,5971,,5971.0,20.0,1.0,6.0,2.0,-0.71,-0.001,0.026,0.103,32.0,25.9,0.0,19.0,1322.0,38.0,4.61,-0.09,-1.09,-0.07,-0.53,-6.78,18.74,271.0,TEST2RR,AKR_TEST2RR,0.0,1.0,1.0,100.0
63400,1,walk,walk,5972,,5972.0,20.0,1.0,6.0,2.0,-0.87,-0.001,0.036,-0.018,32.0,25.9,0.0,19.0,1322.0,38.0,4.29,-0.08,-1.08,-0.07,-0.23,-6.25,19.08,271.0,TEST2RR,AKR_TEST2RR,0.0,1.0,1.0,100.0
63400,1,walk,walk,5973,,5973.0,20.0,1.0,6.0,2.0,-0.96,-0.001,-0.038,-0.008,32.0,25.93,0.0,19.0,1322.0,38.0,4.13,-0.08,-1.08,-0.07,-0.07,-5.57,18.5,271.0,TEST2RR,AKR_TEST2RR,0.0,1.0,1.0,100.0
63440,1,walk,walk,5974,,5974.0,20.0,0.0,6.0,2.0,-0.99,0.001,0.171,-0.459,32.0,25.9,0.0,18.0,1322.0,38.0,4.08,-0.08,-1.07,-0.07,-0.07,-4.77,17.06,271.0,TEST2RR,AKR_TEST2RR,0.0,1.0,1.0,100.0
63460,1,walk,walk,5975,,5975.0,20.0,1.0,6.0,2.0,-0.95,0.004,0.269,-0.976,32.0,25.9,0.0,19.0,1322.0,38.0,4.11,-0.08,-1.06,-0.07,-0.21,-3.87,14.85,271.0,TEST2RR,AKR_TEST2RR,0.0,1.0,1.0,100.0
63460,1,walk,walk,5976,,5976.0,20.0,1.0,6.0,2.0,-0.85,0.01,0.483,-1.75,32.0,25.86,0.0,19.0,1322.0,38.0,4.15,-0.08,-1.05,-0.08,-0.45,-2.87,11.97,271.0,TEST2RR,AKR_TEST2RR,0.0,1.0,1.0,100.0
63480,1,walk,walk,5977,,5977.0,20.0,1.0,6.0,2.0,-0.7,0.017,0.428,-2.494,32.0,25.83,0.0,19.0,1322.0,38.0,4.18,-0.08,-1.04,-0.08,-0.76,-1.81,8.59,271.0,TEST2RR,AKR_TEST2RR,0.0,1.0,1.0,100.0
63500,1,walk,walk,5978,,5978.0,20.0,1.0,6.0,2.0,-0.52,0.024,0.625,-3.315,32.0,25.72,0.0,19.0,1322.0,38.0,4.14,-0.07,-1.03,-0.08,-1.09,-0.71,4.91,271.0,TEST2RR,AKR_TEST2RR,0.0,1.0,1.0,100.0
63520,1,walk,walk,5979,,5979.0,20.0,1.0,6.0,2.0,-0.31,0.03,0.279,-3.927,32.0,25.65,0.0,19.0,1322.0,38.0,4.01,-0.07,-1.03,-0.09,-1.44,0.4,1.2,271.0,TEST2RR,AKR_TEST2RR,0.0,1.0,1.0,100.0
63540,1,walk,walk,5980,,5980.0,20.0,1.0,0.0,5.0,-0.09,0.034,0.088,-4.278,32.0,25.58,0.0,19.0,1322.0,38.0,3.74,-0.07,-1.03,-0.09,-1.75,1.4,-2.17,271.0,TEST2RR,AKR_TEST2RR,0.0,1.0,1.0,100.0
63560,1,walk,walk,5981,,5981.0,20.0,0.0,0.0,6.0,0.15,0.035,-0.011,-4.182,32.0,25.58,0.0,19.0,1322.0,38.0,3.49,-0.06,-1.02,-0.1,-2.0,2.22,-5.49,271.0,TEST2RR,AKR_TEST2RR,0.0,1.0,1.0,100.0
63580,1,walk,walk,5982,,5982.0,20.0,0.0,0.0,6.0,0.38,0.035,-0.011,-4.182,32.0,25.58,0.0,39.0,1322.0,38.0,3.21,-0.06,-1.02,-0.1,-2.12,2.85,-8.48,271.0,TEST2RR,AKR_TEST2RR,0.0,1.0,1.0,100.0
63620,1,walk,walk,5983,,5983.0,20.0,0.0,0.0,6.0,0.6,0.035,-0.011,-4.182,32.0,25.58,0.0,59.0,1322.0,38.0,2.9,-0.05,-1.02,-0.11,-2.05,3.23,-10.71,272.0,TEST2RR,AKR_TEST2RR,0.0,1.0,1.0,100.0
63640,1,walk,walk,5984,,5984.0,20.0,0.0,0.0,6.0,0.81,0.07,9.329,0.0,32.0,25.97,0.0,5.0,1322.0,38.0,2.56,-0.05,-1.02,-0.12,-1.79,3.34,-12.04,272.0,TEST2RR,AKR_TEST2RR,0.0,1.0,1.0,100.0
63640,1,walk,walk,5985,,5985.0,20.0,0.0,0.0,6.0,0.99,0.065,-0.479,0.0,32.0,25.93,0.0,5.0,1322.0,38.0,2.18,-0.04,-1.02,-0.12,-1.33,3.24,-12.36,272.0,TEST2RR,AKR_TEST2RR,0.0,1.0,1.0,100.0
63700,1,walk,walk,5986,,5986.0,20.0,0.0,0.0,7.0,1.14,0.054,-0.731,0.0,32.0,25.93,0.0,5.0,1322.0,38.0,1.78,-0.03,-1.02,-0.13,-0.68,2.99,-11.67,272.0,TEST2RR,AKR_TEST2RR,0.0,1.0,1.0,100.0
63700,1,walk,walk,5987,,5987.0,20.0,0.0,0.0,7.0,1.25,0.046,-0.628,0.0,32.0,25.93,0.0,5.0,1322.0,38.0,1.35,-0.02,-1.03,-0.13,0.17,2.67,-10.01,272.0,TEST2RR,AKR_TEST2RR,0.0,1.0,1.0,100.0
63700,1,walk,walk,5988,,5988.0,20.0,0.0,0.0,7.0,1.34,0.033,-1.165,0.0,32.0,25.93,0.0,5.0,1322.0,38.0,0.92,-0.02,-1.03,-0.14,1.2,2.36,-7.41,272.0,TEST2RR,AKR_TEST2RR,0.0,1.0,1.0,100.0
63720,1,walk,walk,5989,,5989.0,20.0,0.0,0.0,7.0,1.39,0.019,-0.759,0.0,32.0,25.93,0.0,5.0,1322.0,38.0,0.5,-0.01,-1.03,-0.14,2.42,2.07,-3.99,272.0,TEST2RR,AKR_TEST2RR,0.0,1.0,1.0,100.0
63760,1,walk,walk,5990,,5990.0,20.0,0.0,0.0,1.0,1.41,0.007,-1.053,0.0,32.0,25.93,0.0,5.0,1322.0,38.0,0.12,0.0,-1.03,-0.14,3.79,1.79,0.16,272.0,TEST2RR,AKR_TEST2RR,0.0,1.0,1.0,100.0
63780,1,walk,walk,5991,,5991.0,20.0,0.0,0.0,1.0,1.41,-0.013,-1.249,0.0,32.0,25.93,0.0,5.0,1322.0,38.0,-0.21,0.0,-1.04,-0.14,5.26,1.53,5.0,272.0,TEST2RR,AKR_TEST2RR,0.0,1.0,1.0,100.0
63800,1,walk,walk,5992,,5992.0,20.0,0.0,0.0,1.0,1.39,-0.038,-1.749,0.0,32.0,25.93,0.0,5.0,1322.0,38.0,-0.47,0.01,-1.04,-0.14,6.76,1.24,10.53,272.0,TEST2RR,AKR_TEST2RR,0.0,1.0,1.0,100.0
63820,1,walk,walk,5993,,5993.0,20.0,0.0,0.0,1.0,1.36,-0.064,-1.38,0.0,32.0,25.93,0.0,5.0,1322.0,38.0,-0.68,0.01,-1.04,-0.14,8.15,0.88,16.7,272.0,TEST2RR,AKR_TEST2RR,0.0,1.0,1.0,100.0
63820,1,walk,walk,5994,,5994.0,20.0,0.0,0.0,1.0,1.34,-0.081,-0.495,0.0,32.0,25.93,0.0,5.0,1322.0,38.0,-0.84,0.02,-1.05,-0.14,9.34,0.39,23.37,272.0,TEST2RR,AKR_TEST2RR,0.0,1.0,1.0,100.0
63840,1,walk,walk,5995,,5995.0,20.0,0.0,0.0,1.0,1.32,-0.08,-0.095,0.0,32.0,25.93,0.0,5.0,1322.0,38.0,-0.98,0.02,-1.06,-0.14,10.23,-0.33,30.34,272.0,TEST2RR,AKR_TEST2RR,0.0,1.0,1.0,100.0
63860,1,walk,walk,5996,,5996.0,20.0,0.0,0.0,1.0,1.32,-0.079,0.178,0.0,32.0,25.93,0.0,5.0,1322.0,38.0,-1.08,0.02,-1.07,-0.14,10.73,-1.38,37.47,272.0,TEST2RR,AKR_TEST2RR,0.0,1.0,1.0,100.0
63880,1,walk,walk,5997,,5997.0,20.0,0.0,0.0,1.0,1.35,-0.077,0.241,0.0,32.0,25.93,0.0,5.0,1322.0,38.0,-1.1,0.02,-1.08,-0.13,10.77,-2.84,44.66,272.0,TEST2RR,AKR_TEST2RR,0.0,1.0,1.0,100.0
63900,1,walk,walk,5998,,5998.0,20.0,0.0,0.0,1.0,1.42,-0.07,0.773,0.0,32.0,25.93,0.0,5.0,1322.0,38.0,-1.02,0.02,-1.1,-0.13,10.31,-4.79,51.73,272.0,TEST2RR,AKR_TEST2RR,0.0,1.0,1.0,100.0
63920,1,walk,walk,5999,,5999.0,20.0,0.0,0.0,1.0,1.54,-0.051,1.462,0.0,32.0,25.93,0.0,5.0,1322.0,38.0,-0.83,0.02,-1.11,-0.13,9.37,-7.24,58.39,272.0,TEST2RR,AKR_TEST2RR,0.0,1.0,1.0,100.0
63960,1,walk,walk,6000,,6000.0,20.0,0.0,6.0,2.0,1.72,-0.029,1.639,0.0,32.0,25.93,0.0,5.0,1322.0,38.0,-0.53,0.01,-1.13,-0.13,8.01,-10.19,64.31,272.0,TEST2RR,AKR_TEST2RR,0.0,1.0,1.0,100.0
63960,1,walk,walk,6001,,6001.0,20.0,0.0,6.0,2.0,1.97,-0.022,1.776,-0.246,32.0,25.9,0.0,18.0,1322.0,38.0,-0.17,0.0,-1.14,-0.13,6.36,-13.5,69.08,272.0,TEST2RR,AKR_TEST2RR,0.0,1.0,1.0,100.0
63980,1,walk,walk,6002,,6002.0,20.0,0.0,6.0,2.0,2.29,-0.013,0.551,0.137,32.0,25.9,0.0,18.0,1322.0,38.0,0.16,0.0,-1.15,-0.13,4.55,-16.96,72.13,272.0,TEST2RR,AKR_TEST2RR,0.0,1.0,1.0,100.0
64000,1,walk,walk,6003,,6003.0,20.0,0.0,6.0,2.0,2.7,-0.009,0.221,0.314,32.0,25.9,0.0,18.0,1322.0,38.0,0.32,-0.01,-1.14,-0.13,2.68,-20.34,73.02,272.0,TEST2RR,AKR_TEST2RR,0.0,1.0,1.0,100.0
64020,1,walk,walk,6004,,6004.0,20.0,0.0,6.0,2.0,3.18,-0.007,-0.091,0.634,32.0,25.9,0.0,18.0,1322.0,38.0,0.21,0.0,-1.13,-0.13,0.84,-23.35,71.44,272.0,TEST2RR,AKR_TEST2RR,0.0,1.0,1.0,100.0
64040,1,walk,walk,6005,,6005.0,20.0,1.0,6.0,2.0,3.75,-0.007,0.064,0.688,32.0,25.9,0.0,19.0,1322.0,38.0,-0.23,0.0,-1.12,-0.13,-0.92,-25.64,67.22,272.0,TEST2RR,AKR_TEST2RR,0.0,1.0,1.0,100.0
64060,1,walk,walk,6006,,6006.0,20.0,0.0,6.0,2.0,4.38,-0.007,-0.045,0.814,32.0,25.9,0.0,18.0,1322.0,38.0,-1.02,0.02,-1.09,-0.12,-2.54,-26.81,60.36,272.0,TEST2RR,AKR_TEST2RR,0.0,1.0,1.0,100.0
64120,1,walk,walk,6007,,6007.0,20.0,1.0,1.0,5.0,5.09,-0.007,-0.057,0.769,32.0,25.9,0.0,19.0,1322.0,39.0,-2.13,0.04,-1.06,-0.12,-4.0,-26.53,51.05,272.0,TEST2RR,AKR_TEST2RR,0.0,1.0,1.0,100.0
64120,1,walk,walk,6008,,6008.0,20.0,0.0,1.0,5.0,5.84,-0.007,-0.017,0.829,32.0,25.86,0.0,19.0,1322.0,39.0,-3.43,0.06,-1.03,-0.11,-5.23,-24.57,39.94,272.0,TEST2RR,AKR_TEST2RR,0.0,1.0,1.0,100.0
64120,1,walk,walk,6009,,6009.0,20.0,0.0,1.0,5.0,6.63,-0.046,-3.332,-1.065,32.0,25.83,0.0,19.0,1322.0,39.0,-4.75,0.08,-1.0,-0.1,-6.12,-20.86,27.69,272.0,TEST2RR,AKR_TEST2RR,0.0,1.0,1.0,100.0
64140,1,walk,walk,6010,,6010.0,20.0,0.0,1.0,5.0,7.44,-0.092,-2.767,-2.022,32.0,25.72,0.0,19.0,1322.0,39.0,-5.88,0.1,-0.97,-0.1,-6.56,-15.58,14.81,272.0,TEST2RR,AKR_TEST2RR,0.0,1.0,1.0,100.0
64180,1,walk,walk,6011,,6011.0,20.0,0.0,1.0,5.0,8.23,-0.128,-2.079,-2.973,32.0,25.65,0.0,19.0,1322.0,39.0,-6.61,0.11,-0.95,-0.1,-6.41,-9.25,1.74,272.0,TEST2RR,AKR_TEST2RR,0.0,1.0,1.0,100.0
64180,1,walk,walk,6012,,6012.0,20.0,0.0,1.0,6.0,8.99,-0.155,-1.591,-3.682,32.0,25.54,0.0,19.0,1322.0,39.0,-6.75,0.11,-0.93,-0.1,-5.67,-2.59,-11.17,272.0,TEST2RR,AKR_TEST2RR,0.0,1.0,1.0,100.0
64200,1,walk,walk,6013,,6013.0,20.0,0.0,1.0,6.0,9.7,-0.174,-1.068,-4.647,32.0,25.44,0.0,19.0,1322.0,39.0,-6.18,0.1,-0.92,-0.1,-4.38,3.67,-23.58,272.0,TEST2RR,AKR_TEST2RR,0.0,1.0,1.0,100.0
64220,1,walk,walk,6014,,6014.0,20.0,0.0,1.0,6.0,10.32,-0.187,-0.698,-5.287,32.0,25.33,0.0,19.0,1322.0,39.0,-4.84,0.08,-0.91,-0.11,-2.77,8.95,-35.06,272.0,TEST2RR,AKR_TEST2RR,0.0,1.0,1.0,100.0
64260,1,walk,walk,6015,,6015.0,20.0,0.0,1.0,6.0,10.85,-0.194,-0.421,-6.044,32.0,25.16,0.0,19.0,1322.0,39.0,-2.81,0.04,-0.92,-0.12,-1.15,13.0,-45.24,272.0,TEST2RR,AKR_TEST2RR,0.0,1.0,1.0,100.0
64260,1,walk,walk,6016,,6016.0,20.0,0.0,1.0,6.0,11.25,-0.197,-0.148,-6.68,32.0,25.05,0.0,19.0,1322.0,39.0,-0.18,0.0,-0.92,-0.13,0.25,15.82,-53.9,272.0,TEST2RR,AKR_TEST2RR,0.0,1.0,1.0,100.0
64280,1,walk,walk,6017,,6017.0,20.0,0.0,1.0,6.0,11.53,-0.198,-0.066,-7.114,32.0,24.98,0.0,19.0,1322.0,39.0,2.87,-0.05,-0.93,-0.14,1.31,17.52,-60.72,272.0,TEST2RR,AKR_TEST2RR,0.0,1.0,1.0,100.0
64320,1,walk,walk,6018,,6018.0,20.0,0.0,1.0,6.0,11.66,-0.198,-0.077,-7.268,32.0,24.95,0.0,19.0,1322.0,39.0,6.19,-0.1,-0.94,-0.15,1.91,18.27,-65.49,272.0,TEST2RR,AKR_TEST2RR,0.0,1.0,1.0,100.0
64320,1,walk,walk,6019,,6019.0,20.0,0.0,1.0,6.0,11.65,-0.197,0.233,-7.585,32.0,24.84,0.0,19.0,1322.0,39.0,9.57,-0.16,-0.96,-0.16,1.99,18.38,-67.92,272.0,TEST2RR,AKR_TEST2RR,0.0,1.0,1.0,100.0
64340,1,walk,walk,6020,,6020.0,20.0,0.0,3.0,7.0,11.51,-0.191,0.557,-8.243,32.0,24.7,0.0,19.0,1322.0,39.0,12.74,-0.22,-0.97,-0.17,1.83,18.42,-67.68,272.0,TEST2RR,AKR_TEST2RR,0.0,1.0,1.0,100.0
64360,1,walk,walk,6021,,6021.0,20.0,0.0,3.0,7.0,11.22,-0.186,0.299,-8.384,32.0,24.6,0.0,19.0,1322.0,39.0,15.42,-0.27,-0.99,-0.16,1.67,18.88,-64.77,272.0,TEST2RR,AKR_TEST2RR,0.0,1.0,1.0,100.0
64380,1,walk,walk,6022,,6022.0,20.0,0.0,3.0,7.0,10.82,-0.178,0.672,-9.287,32.0,24.42,0.0,19.0,1322.0,39.0,17.44,-0.32,-1.01,-0.15,1.63,19.87,-59.52,272.0,TEST2RR,AKR_TEST2RR,0.0,1.0,1.0,100.0
64440,1,walk,walk,6023,,6023.0,20.0,0.0,3.0,7.0,10.31,-0.16,1.356,-10.484,32.0,24.0,0.0,19.0,1322.0,39.0,18.83,-0.35,-1.02,-0.13,1.71,21.17,-52.5,272.0,TEST2RR,AKR_TEST2RR,0.0,1.0,1.0,100.0
64440,1,walk,walk,6024,,6024.0,20.0,1.0,3.0,7.0,9.7,-0.139,1.592,-10.822,32.0,23.86,0.0,20.0,1322.0,39.0,19.67,-0.37,-1.04,-0.11,1.83,22.38,-44.42,272.0,TEST2RR,AKR_TEST2RR,0.0,1.0,1.0,100.0
64440,1,walk,walk,6025,,6025.0,20.0,0.0,3.0,7.0,9.04,-0.112,1.738,-10.872,32.0,24.0,0.0,19.0,1322.0,39.0,20.09,-0.38,-1.05,-0.09,1.89,23.1,-36.06,272.0,TEST2RR,AKR_TEST2RR,0.0,1.0,1.0,100.0
64460,1,walk,walk,6026,,6026.0,20.0,0.0,3.0,7.0,8.33,-0.091,0.822,-9.135,32.0,24.6,0.0,19.0,1322.0,39.0,20.16,-0.39,-1.06,-0.08,1.92,22.98,-28.0,272.0,TEST2RR,AKR_TEST2RR,0.0,1.0,1.0,100.0
64480,1,walk,walk,6027,,6027.0,20.0,0.0,3.0,7.0,7.6,-0.078,0.727,-7.372,32.0,25.09,0.0,19.0,1322.0,39.0,19.95,-0.39,-1.06,-0.07,1.97,21.93,-20.58,272.0,TEST2RR,AKR_TEST2RR,0.0,1.0,1.0,100.0
64500,1,walk,walk,6028,,6028.0,20.0,1.0,3.0,7.0,6.87,-0.073,0.08,-5.207,32.0,25.44,0.0,20.0,1322.0,39.0,19.52,-0.38,-1.07,-0.06,2.08,20.01,-13.91,272.0,TEST2RR,AKR_TEST2RR,0.0,1.0,1.0,100.0
64520,1,walk,walk,6029,,6029.0,20.0,0.0,3.0,7.0,6.16,-0.072,0.104,-3.704,32.0,25.69,0.0,19.0,1322.0,39.0,18.9,-0.37,-1.08,-0.06,2.21,17.4,-7.99,272.0,TEST2RR,AKR_TEST2RR,0.0,1.0,1.0,100.0
64540,1,walk,walk,6030,,6030.0,20.0,0.0,0.0,1.0,5.49,-0.072,-0.04,-2.475,32.0,25.79,0.0,19.0,1322.0,39.0,18.17,-0.35,-1.08,-0.06,2.3,14.34,-2.79,272.0,TEST2RR,AKR_TEST2RR,0.0,1.0,1.0,100.0
64580,1,walk,walk,6031,,6031.0,20.0,0.0,0.0,1.0,4.88,-0.072,-0.018,-1.531,32.0,25.79,0.0,19.0,1322.0,39.0,17.42,-0.34,-1.08,-0.06,2.31,11.07,1.67,272.0,TEST2RR,AKR_TEST2RR,0.0,1.0,1.0,100.0
64600,1,walk,walk,6032,,6032.0,20.0,0.0,0.0,1.0,4.33,-0.072,-0.018,-1.531,32.0,25.79,0.0,39.0,1322.0,39.0,16.67,-0.32,-1.08,-0.05,2.22,7.68,5.25,272.0,TEST2RR,AKR_TEST2RR,0.0,1.0,1.0,100.0
64600,1,walk,walk,6033,,6033.0,20.0,0.0,0.0,1.0,3.86,-0.072,-0.018,-1.531,32.0,25.79,0.0,59.0,1322.0,39.0,15.95,-0.31,-1.07,-0.05,2.03,4.4,7.99,272.0,TEST2RR,AKR_TEST2RR,0.0,1.0,1.0,100.0
64640,1,walk,walk,6034,,6034.0,20.0,0.0,0.0,1.0,3.47,-0.052,5.178,0.0,32.0,26.0,0.0,3.0,1322.0,39.0,15.27,-0.29,-1.07,-0.06,1.77,1.45,9.87,272.0,TEST2RR,AKR_TEST2RR,0.0,1.0,1.0,100.0
64640,1,walk,walk,6035,,6035.0,20.0,0.0,0.0,1.0,3.16,-0.051,0.075,0.0,32.0,25.93,0.0,3.0,1322.0,39.0,14.61,-0.28,-1.06,-0.06,1.46,-1.04,10.88,272.0,TEST2RR,AKR_TEST2RR,0.0,1.0,1.0,100.0
64680,1,walk,walk,6036,,6036.0,20.0,0.0,0.0,1.0,2.93,-0.045,0.512,0.0,32.0,25.93,0.0,3.0,1322.0,39.0,13.98,-0.26,-1.05,-0.06,1.11,-2.97,11.03,272.0,TEST2RR,AKR_TEST2RR,0.0,1.0,1.0,100.0
64700,1,walk,walk,6037,,6037.0,20.0,0.0,0.0,1.0,2.79,-0.033,0.925,0.0,32.0,25.93,0.0,3.0,1322.0,39.0,13.36,-0.25,-1.05,-0.06,0.72,-4.34,10.3,272.0,TEST2RR,AKR_TEST2RR,0.0,1.0,1.0,100.0
64700,1,walk,walk,6038,,6038.0,20.0,0.0,0.0,1.0,2.71,-0.021,0.857,0.0,32.0,25.93,0.0,3.0,1322.0,39.0,12.72,-0.23,-1.04,-0.06,0.33,-5.2,8.74,273.0,TEST2RR,AKR_TEST2RR,0.0,1.0,1.0,100.0
64760,1,walk,walk,6039,,6039.0,20.0,0.0,0.0,1.0,2.7,-0.004,1.201,0.0,32.0,25.93,0.0,3.0,1322.0,39.0,12.07,-0.22,-1.04,-0.06,-0.05,-5.62,6.4,273.0,TEST2RR,AKR_TEST2RR,0.0,1.0,1.0,100.0
64760,1,walk,walk,6040,,6040.0,20.0,0.0,0.0,1.0,2.76,0.014,1.568,0.0,32.0,25.93,0.0,3.0,1322.0,39.0,11.39,-0.21,-1.03,-0.06,-0.39,-5.72,3.36,273.0,TEST2RR,AKR_TEST2RR,0.0,1.0,1.0,100.0
64760,1,walk,walk,6041,,6041.0,20.0,0.0,0.0,1.0,2.85,0.034,1.259,0.0,32.0,25.93,0.0,3.0,1322.0,39.0,10.68,-0.19,-1.03,-0.07,-0.66,-5.55,-0.31,273.0,TEST2RR,AKR_TEST2RR,0.0,1.0,1.0,100.0
64780,1,walk,walk,6042,,6042.0,20.0,1.0,0.0,1.0,2.99,0.054,1.086,0.0,32.0,25.93,0.0,4.0,1322.0,39.0,9.93,-0.18,-1.02,-0.07,-0.85,-5.22,-4.5,273.0,TEST2RR,AKR_TEST2RR,0.0,1.0,1.0,100.0
64800,1,walk,walk,6043,,6043.0,20.0,1.0,0.0,1.0,3.15,0.069,0.923,0.0,32.0,25.93,0.0,4.0,1322.0,39.0,9.11,-0.16,-1.02,-0.07,-0.95,-4.8,-8.96,273.0,TEST2RR,AKR_TEST2RR,0.0,1.0,1.0,100.0
64820,1,walk,walk,6044,,6044.0,20.0,1.0,0.0,1.0,3.33,0.072,0.15,0.0,32.0,25.93,0.0,4.0,1322.0,39.0,8.22,-0.15,-1.02,-0.07,-0.96,-4.34,-13.32,273.0,TEST2RR,AKR_TEST2RR,0.0,1.0,1.0,100.0
64860,1,walk,walk,6045,,6045.0,20.0,1.0,0.0,1.0,3.5,0.072,-0.187,0.0,32.0,25.93,0.0,4.0,1322.0,39.0,7.23,-0.13,-1.02,-0.08,-0.86,-3.87,-17.08,273.0,TEST2RR,AKR_TEST2RR,0.0,1.0,1.0,100.0
64880,1,walk,walk,6046,,6046.0,20.0,1.0,0.0,1.0,3.67,0.063,-0.775,0.0,32.0,25.93,0.0,4.0,1322.0,39.0,6.16,-0.11,-1.02,-0.08,-0.65,-3.39,-19.81,273.0,TEST2RR,AKR_TEST2RR,0.0,1.0,1.0,100.0
64880,1,walk,walk,6047,,6047.0,20.0,1.0,0.0,1.0,3.82,0.046,-0.962,0.0,32.0,25.93,0.0,4.0,1322.0,39.0,5.03,-0.09,-1.02,-0.08,-0.29,-2.9,-21.11,273.0,TEST2RR,AKR_TEST2RR,0.0,1.0,1.0,100.0
64920,1,walk,walk,6048,,6048.0,20.0,1.0,6.0,2.0,3.94,0.03,-1.468,0.0,32.0,25.93,0.0,4.0,1322.0,39.0,3.88,-0.07,-1.02,-0.09,0.25,-2.4,-20.78,273.0,TEST2RR,AKR_TEST2RR,0.0,1.0,1.0,100.0
64920,1,walk,walk,6049,,6049.0,20.0,0.0,6.0,2.0,4.02,0.024,-1.895,0.287,32.0,25.9,0.0,18.0,1322.0,39.0,2.76,-0.05,-1.03,-0.09,1.01,-1.96,-18.75,273.0,TEST2RR,AKR_TEST2RR,0.0,1.0,1.0,100.0
64940,1,walk,walk,6050,,6050.0,20.0,0.0,6.0,2.0,4.06,0.012,-0.882,0.434,32.0,25.9,0.0,18.0,1322.0,39.0,1.71,-0.03,-1.03,-0.09,2.0,-1.64,-15.12,273.0,TEST2RR,AKR_TEST2RR,0.0,1.0,1.0,100.0
64960,1,walk,walk,6051,,6051.0,20.0,0.0,6.0,2.0,4.06,0.001,-0.719,1.274,32.0,25.9,0.0,18.0,1322.0,39.0,0.78,-0.01,-1.04,-0.1,3.19,-1.5,-10.1,273.0,TEST2RR,AKR_TEST2RR,0.0,1.0,1.0,100.0
64980,1,walk,walk,6052,,6052.0,20.0,0.0,6.0,2.0,4.03,-0.009,-0.471,1.748,32.0,25.86,0.0,18.0,1322.0,39.0,0.0,0.0,-1.04,-0.1,4.47,-1.56,-4.09,273.0,TEST2RR,AKR_TEST2RR,0.0,1.0,1.0,100.0
65000,1,walk,walk,6053,,6053.0,20.0,1.0,6.0,2.0,3.96,-0.013,-0.096,1.81,32.0,25.86,0.0,19.0,1322.0,39.0,-0.62,0.01,-1.05,-0.1,5.69,-1.88,2.53,273.0,TEST2RR,AKR_TEST2RR,0.0,1.0,1.0,100.0
65020,1,walk,walk,6054,,6054.0,20.0,1.0,6.0,2.0,3.86,-0.012,0.285,1.336,32.0,25.86,0.0,19.0,1322.0,39.0,-1.11,0.02,-1.06,-0.1,6.77,-2.39,9.47,273.0,TEST2RR,AKR_TEST2RR,0.0,1.0,1.0,100.0
65060,1,walk,walk,6055,,6055.0,20.0,0.0,6.0,2.0,3.75,-0.01,0.201,1.106,32.0,25.9,0.0,18.0,1322.0,39.0,-1.46,0.03,-1.07,-0.09,7.65,-3.0,16.51,273.0,TEST2RR,AKR_TEST2RR,0.0,1.0,1.0,100.0
65080,1,walk,walk,6056,,6056.0,20.0,1.0,6.0,2.0,3.64,-0.007,0.139,0.865,32.0,25.9,0.0,19.0,1322.0,39.0,-1.65,0.03,-1.08,-0.09,8.3,-3.63,23.54,273.0,TEST2RR,AKR_TEST2RR,0.0,1.0,1.0,100.0
65080,1,walk,walk,6057,,6057.0,20.0,1.0,6.0,2.0,3.52,-0.006,0.013,0.61,32.0,25.9,0.0,19.0,1322.0,39.0,-1.71,0.03,-1.09,-0.09,8.68,-4.29,30.51,273.0,TEST2RR,AKR_TEST2RR,0.0,1.0,1.0,100.0
65100,1,walk,walk,6058,,6058.0,20.0,1.0,6.0,2.0,3.43,-0.005,0.092,0.296,32.0,25.9,0.0,19.0,1322.0,39.0,-1.62,0.03,-1.11,-0.08,8.77,-4.98,37.42,273.0,TEST2RR,AKR_TEST2RR,0.0,1.0,1.0,100.0
65140,1,walk,walk,6059,,6059.0,20.0,1.0,6.0,2.0,3.37,-0.003,0.083,0.155,32.0,25.9,0.0,19.0,1322.0,39.0,-1.4,0.03,-1.12,-0.08,8.58,-5.71,44.19,273.0,TEST2RR,AKR_TEST2RR,0.0,1.0,1.0,100.0
65140,1,walk,walk,6060,,6060.0,20.0,1.0,6.0,2.0,3.35,-0.001,0.224,-0.201,32.0,25.9,0.0,19.0,1322.0,39.0,-1.09,0.02,-1.13,-0.08,8.15,-6.58,50.68,273.0,TEST2RR,AKR_TEST2RR,0.0,1.0,1.0,100.0
65160,1,walk,walk,6061,,6061.0,20.0,1.0,6.0,2.0,3.39,0.0,0.061,-0.047,32.0,25.9,0.0,19.0,1322.0,39.0,-0.77,0.02,-1.14,-0.08,7.54,-7.66,56.45,273.0,TEST2RR,AKR_TEST2RR,0.0,1.0,1.0,100.0
65180,1,walk,walk,6062,,6062.0,20.0,1.0,6.0,2.0,3.49,-0.001,0.021,0.038,32.0,25.9,0.0,19.0,1322.0,39.0,-0.51,0.01,-1.14,-0.08,6.8,-8.94,60.96,273.0,TEST2RR,AKR_TEST2RR,0.0,1.0,1.0,100.0
65220,1,walk,walk,6063,,6063.0,20.0,1.0,6.0,2.0,3.66,-0.001,-0.202,0.219,32.0,25.9,0.0,19.0,1322.0,39.0,-0.41,0.01,-1.14,-0.08,6.0,-10.37,63.76,273.0,TEST2RR,AKR_TEST2RR,0.0,1.0,1.0,100.0
65220,1,walk,walk,6064,,6064.0,20.0,1.0,6.0,2.0,3.9,-0.002,-0.032,0.342,32.0,25.9,0.0,19.0,1322.0,39.0,-0.51,0.01,-1.13,-0.08,5.17,-11.79,64.47,273.0,TEST2RR,AKR_TEST2RR,0.0,1.0,1.0,100.0
65280,1,walk,walk,6065,,6065.0,20.0,0.0,6.0,2.0,4.23,-0.004,0.011,0.57,32.0,25.9,0.0,18.0,1322.0,39.0,-0.83,0.02,-1.11,-0.08,4.35,-12.98,62.84,273.0,TEST2RR,AKR_TEST2RR,0.0,1.0,1.0,100.0
65300,1,walk,walk,6066,,6066.0,20.0,0.0,6.0,2.0,4.63,-0.005,-0.144,0.676,32.0,25.9,0.0,18.0,1322.0,39.0,-1.37,0.03,-1.09,-0.08,3.54,-13.69,58.83,273.0,TEST2RR,AKR_TEST2RR,0.0,1.0,1.0,100.0
65320,1,walk,walk,6067,,6067.0,20.0,1.0,6.0,2.0,5.1,-0.006,-0.033,0.784,32.0,25.9,0.0,19.0,1322.0,39.0,-2.07,0.04,-1.06,-0.08,2.74,-13.63,52.57,273.0,TEST2RR,AKR_TEST2RR,0.0,1.0,1.0,100.0
65320,1,walk,walk,6068,,6068.0,20.0,1.0,1.0,5.0,5.64,-0.007,-0.072,0.814,32.0,25.9,0.0,19.0,1322.0,40.0,-2.86,0.05,-1.04,-0.08,1.97,-12.57,44.36,273.0,TEST2RR,AKR_TEST2RR,0.0,1.0,1.0,100.0
65320,1,walk,walk,6069,,6069.0,20.0,0.0,1.0,5.0,6.23,-0.007,0.06,0.835,32.0,25.86,0.0,19.0,1322.0,40.0,-3.6,0.06,-1.01,-0.08,1.25,-9.96,34.72,273.0,TEST2RR,AKR_TEST2RR,0.0,1.0,1.0,100.0
65340,1,walk,walk,6070,,6070.0,20.0,0.0,1.0,5.0,6.86,-0.048,-3.538,-0.808,32.0,25.86,0.0,19.0,1322.0,40.0,-4.13,0.07,-0.99,-0.08,0.61,-5.79,24.42,273.0,TEST2RR,AKR_TEST2RR,0.0,1.0,1.0,100.0
65400,1,walk,walk,6071,,6071.0,20.0,0.0,1.0,5.0,7.5,-0.096,-2.752,-1.718,32.0,25.76,0.0,19.0,1322.0,40.0,-4.32,0.07,-0.97,-0.08,0.08,-0.42,14.04,273.0,TEST2RR,AKR_TEST2RR,0.0,1.0,1.0,100.0
65400,1,walk,walk,6072,,6072.0,20.0,0.0,1.0,5.0,8.14,-0.133,-2.255,-2.542,32.0,25.69,0.0,19.0,1322.0,40.0,-4.07,0.07,-0.95,-0.08,-0.25,5.55,3.96,273.0,TEST2RR,AKR_TEST2RR,0.0,1.0,1.0,100.0
65400,1,walk,walk,6073,,6073.0,20.0,0.0,1.0,6.0,8.77,-0.163,-1.828,-3.207,32.0,25.62,0.0,19.0,1322.0,40.0,-3.34,0.05,-0.93,-0.08,-0.33,11.47,-5.56,273.0,TEST2RR,AKR_TEST2RR,0.0,1.0,1.0,100.0
65420,1,walk,walk,6074,,6074.0,20.0,0.0,1.0,6.0,9.34,-0.184,-1.267,-3.944,32.0,25.54,0.0,19.0,1322.0,40.0,-2.16,0.03,-0.93,-0.08,-0.16,16.73,-14.31,273.0,TEST2RR,AKR_TEST2RR,0.0,1.0,1.0,100.0
65440,1,walk,walk,6075,,6075.0,20.0,0.0,1.0,6.0,9.86,-0.199,-0.856,-4.612,32.0,25.44,0.0,19.0,1322.0,40.0,-0.59,0.01,-0.92,-0.08,0.22,20.96,-22.2,273.0,TEST2RR,AKR_TEST2RR,0.0,1.0,1.0,100.0
65460,1,walk,walk,6076,,6076.0,20.0,0.0,1.0,6.0,10.31,-0.212,-0.598,-5.014,32.0,25.4,0.0,19.0,1322.0,40.0,1.29,-0.02,-0.92,-0.09,0.69,23.97,-29.13,273.0,TEST2RR,AKR_TEST2RR,0.0,1.0,1.0,100.0
65480,1,walk,walk,6077,,6077.0,20.0,0.0,1.0,6.0,10.67,-0.219,-0.339,-5.578,32.0,25.3,0.0,19.0,1322.0,40.0,3.35,-0.05,-0.92,-0.09,1.15,25.75,-35.01,273.0,TEST2RR,AKR_TEST2RR,0.0,1.0,1.0,100.0
65500,1,walk,walk,6078,,6078.0,20.0,0.0,1.0,6.0,10.93,-0.223,-0.257,-5.871,32.0,25.23,0.0,19.0,1322.0,40.0,5.51,-0.09,-0.92,-0.1,1.58,26.39,-39.77,273.0,TEST2RR,AKR_TEST2RR,0.0,1.0,1.0,100.0
65540,1,walk,walk,6079,,6079.0,20.0,0.0,1.0,6.0,11.09,-0.226,-0.041,-6.155,32.0,25.19,0.0,19.0,1322.0,40.0,7.69,-0.12,-0.92,-0.1,1.83,26.09,-43.38,273.0,TEST2RR,AKR_TEST2RR,0.0,1.0,1.0,100.0
65560,1,walk,walk,6080,,6080.0,20.0,0.0,1.0,6.0,11.14,-0.227,-0.014,-6.498,32.0,25.12,0.0,19.0,1322.0,40.0,9.84,-0.16,-0.92,-0.11,1.77,25.07,-45.85,273.0,TEST2RR,AKR_TEST2RR,0.0,1.0,1.0,100.0
65560,1,walk,walk,6081,,6081.0,20.0,0.0,1.0,6.0,11.1,-0.226,0.015,-6.674,32.0,25.12,0.0,19.0,1322.0,40.0,11.93,-0.2,-0.93,-0.11,1.41,23.5,-47.16,273.0,TEST2RR,AKR_TEST2RR,0.0,1.0,1.0,100.0
65600,1,walk,walk,6082,,6082.0,20.0,0.0,3.0,7.0,10.95,-0.226,0.179,-6.907,32.0,25.09,0.0,19.0,1322.0,40.0,13.87,-0.23,-0.93,-0.11,0.89,21.83,-47.15,273.0,TEST2RR,AKR_TEST2RR,0.0,1.0,1.0,100.0
65600,1,walk,walk,6083,,6083.0,20.0,0.0,3.0,7.0,10.72,-0.216,0.742,-8.306,32.0,24.77,0.0,19.0,1322.0,40.0,15.6,-0.26,-0.94,-0.11,0.45,20.48,-45.49,273.0,TEST2RR,AKR_TEST2RR,0.0,1.0,1.0,100.0
65620,1,walk,walk,6084,,6084.0,20.0,0.0,3.0,7.0,10.4,-0.21,0.31,-8.156,32.0,24.77,0.0,19.0,1322.0,40.0,17.0,-0.29,-0.96,-0.1,0.21,19.78,-42.13,273.0,TEST2RR,AKR_TEST2RR,0.0,1.0,1.0,100.0
65680,1,walk,walk,6085,,6085.0,20.0,0.0,3.0,7.0,10.02,-0.202,0.617,-8.261,32.0,24.77,0.0,19.0,1322.0,40.0,17.94,-0.31,-0.97,-0.09,0.21,19.66,-37.24,273.0,TEST2RR,AKR_TEST2RR,0.0,1.0,1.0,100.0
65700,1,walk,walk,6086,,6086.0,20.0,0.0,3.0,7.0,9.58,-0.186,1.284,-9.175,32.0,24.56,0.0,19.0,1322.0,40.0,18.44,-0.33,-0.99,-0.07,0.38,19.82,-31.19,274.0,TEST2RR,AKR_TEST2RR,0.0,1.0,1.0,100.0
65700,1,walk,walk,6087,,6087.0,20.0,0.0,3.0,7.0,9.1,-0.163,1.733,-9.806,32.0,24.49,0.0,19.0,1322.0,40.0,18.54,-0.34,-1.0,-0.06,0.61,19.89,-24.48,274.0,TEST2RR,AKR_TEST2RR,0.0,1.0,1.0,100.0
65720,1,walk,walk,6088,,6088.0,20.0,0.0,3.0,7.0,8.6,-0.133,1.997,-9.368,32.0,24.7,0.0,19.0,1322.0,40.0,18.39,-0.34,-1.02,-0.04,0.77,19.54,-17.66,274.0,TEST2RR,AKR_TEST2RR,0.0,1.0,1.0,100.0
65720,1,walk,walk,6089,,6089.0,20.0,0.0,3.0,7.0,8.09,-0.101,1.632,-7.685,32.0,25.09,0.0,19.0,1322.0,40.0,18.14,-0.34,-1.03,-0.03,0.8,18.45,-11.23,274.0,TEST2RR,AKR_TEST2RR,0.0,1.0,1.0,100.0
65740,1,walk,walk,6090,,6090.0,20.0,0.0,3.0,7.0,7.58,-0.08,1.184,-5.557,32.0,25.51,0.0,19.0,1322.0,40.0,17.86,-0.33,-1.04,-0.03,0.68,16.48,-5.56,274.0,TEST2RR,AKR_TEST2RR,0.0,1.0,1.0,100.0
65760,1,walk,walk,6091,,6091.0,20.0,0.0,0.0,1.0,7.1,-0.064,0.988,-3.452,32.0,25.76,0.0,19.0,1322.0,40.0,17.57,-0.33,-1.05,-0.02,0.46,13.74,-0.84,274.0,TEST2RR,AKR_TEST2RR,0.0,1.0,1.0,100.0
65800,1,walk,walk,6092,,6092.0,20.0,0.0,0.0,1.0,6.66,-0.052,0.487,-1.597,32.0,25.76,0.0,19.0,1322.0,40.0,17.32,-0.33,-1.05,-0.02,0.14,10.41,2.64,274.0,TEST2RR,AKR_TEST2RR,0.0,1.0,1.0,100.0
65800,1,walk,walk,6093,,6093.0,20.0,0.0,0.0,1.0,6.26,-0.052,0.487,-1.597,32.0,25.76,0.0,39.0,1322.0,40.0,17.06,-0.33,-1.06,-0.02,-0.25,6.8,5.01,274.0,TEST2RR,AKR_TEST2RR,0.0,1.0,1.0,100.0
65820,1,walk,walk,6094,,6094.0,20.0,0.0,0.0,1.0,5.91,-0.052,0.487,-1.597,32.0,25.76,0.0,59.0,1322.0,40.0,16.75,-0.32,-1.06,-0.02,-0.68,3.35,6.69,274.0,TEST2RR,AKR_TEST2RR,0.0,1.0,1.0,100.0
65840,1,walk,walk,6095,,6095.0,20.0,0.0,0.0,1.0,5.63,-0.044,3.691,0.0,32.0,25.97,0.0,4.0,1322.0,40.0,16.39,-0.31,-1.06,-0.02,-1.12,0.33,7.87,274.0,TEST2RR,AKR_TEST2RR,0.0,1.0,1.0,100.0
65900,1,walk,walk,6096,,6096.0,20.0,0.0,0.0,1.0,5.41,-0.043,-0.013,0.0,33.0,25.93,0.0,4.0,1322.0,40.0,16.0,-0.3,-1.06,-0.02,-1.53,-2.13,8.61,274.0,TEST2RR,AKR_TEST2RR,0.0,1.0,1.0,100.0
65900,1,walk,walk,6097,,6097.0,20.0,0.0,0.0,1.0,5.25,-0.043,-0.021,0.0,33.0,25.93,0.0,4.0,1322.0,40.0,15.59,-0.3,-1.06,-0.03,-1.91,-3.96,8.85,274.0,TEST2RR,AKR_TEST2RR,0.0,1.0,1.0,100.0
65900,1,walk,walk,6098,,6098.0,20.0,0.0,0.0,1.0,5.15,-0.039,0.44,0.0,33.0,25.93,0.0,4.0,1322.0,40.0,15.16,-0.29,-1.05,-0.03,-2.24,-5.17,8.52,274.0,TEST2RR,AKR_TEST2RR,0.0,1.0,1.0,100.0
65920,1,walk,walk,6099,,6099.0,20.0,0.0,0.0,1.0,5.11,-0.033,0.33,0.0,33.0,25.93,0.0,4.0,1322.0,40.0,14.69,-0.27,-1.05,-0.03,-2.53,-5.85,7.59,274.0,TEST2RR,AKR_TEST2RR,0.0,1.0,1.0,100.0
65940,1,walk,walk,6100,,6100.0,20.0,0.0,0.0,1.0,5.13,-0.027,0.455,0.0,33.0,25.93,0.0,4.0,1322.0,40.0,14.18,-0.26,-1.04,-0.03,-2.76,-6.05,6.09,274.0,TEST2RR,AKR_TEST2RR,0.0,1.0,1.0,100.0
65960,1,walk,walk,6101,,6101.0,20.0,0.0,0.0,1.0,5.19,-0.017,0.788,0.0,33.0,25.93,0.0,4.0,1322.0,40.0,13.61,-0.25,-1.04,-0.04,-2.91,-5.9,4.1,274.0,TEST2RR,AKR_TEST2RR,0.0,1.0,1.0,100.0
65980,1,walk,walk,6102,,6102.0,20.0,0.0,0.0,1.0,5.29,-0.002,0.863,0.0,33.0,25.9,0.0,4.0,1322.0,40.0,12.98,-0.24,-1.03,-0.04,-2.95,-5.5,1.65,274.0,TEST2RR,AKR_TEST2RR,0.0,1.0,1.0,100.0
66000,1,walk,walk,6103,,6103.0,20.0,1.0,0.0,1.0,5.43,0.011,1.107,0.0,33.0,25.93,0.0,5.0,1322.0,40.0,12.32,-0.23,-1.03,-0.04,-2.86,-4.93,-1.19,274.0,TEST2RR,AKR_TEST2RR,0.0,1.0,1.0,100.0
66060,1,walk,walk,6104,,6104.0,20.0,1.0,0.0,1.0,5.58,0.026,1.006,0.0,33.0,25.93,0.0,5.0,1322.0,40.0,11.61,-0.21,-1.03,-0.05,-2.64,-4.24,-4.33,274.0,TEST2RR,AKR_TEST2RR,0.0,1.0,1.0,100.0
66060,1,walk,walk,6105,,6105.0,20.0,1.0,0.0,1.0,5.75,0.042,1.137,0.0,33.0,25.93,0.0,5.0,1322.0,40.0,10.87,-0.2,-1.03,-0.05,-2.3,-3.53,-7.68,274.0,TEST2RR,AKR_TEST2RR,0.0,1.0,1.0,100.0
66060,1,walk,walk,6106,,6106.0,20.0,1.0,0.0,1.0,5.93,0.055,0.675,0.0,33.0,25.93,0.0,5.0,1322.0,40.0,10.1,-0.18,-1.03,-0.05,-1.86,-2.86,-11.07,274.0,TEST2RR,AKR_TEST2RR,0.0,1.0,1.0,100.0
66080,1,walk,walk,6107,,6107.0,20.0,1.0,0.0,1.0,6.1,0.062,0.308,0.0,33.0,25.93,0.0,5.0,1322.0,40.0,9.28,-0.17,-1.03,-0.06,-1.36,-2.27,-14.26,274.0,TEST2RR,AKR_TEST2RR,0.0,1.0,1.0,100.0
66100,1,walk,walk,6108,,6108.0,20.0,1.0,0.0,1.0,6.25,0.064,0.001,0.0,33.0,25.93,0.0,5.0,1322.0,40.0,8.41,-0.15,-1.02,-0.06,-0.8,-1.77,-16.95,274.0,TEST2RR,AKR_TEST2RR,0.0,1.0,1.0,100.0
66120,1,walk,walk,6109,,6109.0,20.0,1.0,6.0,2.0,6.39,0.062,-0.645,0.0,33.0,25.93,0.0,5.0,1322.0,40.0,7.46,-0.13,-1.02,-0.06,-0.17,-1.42,-18.8,274.0,TEST2RR,AKR_TEST2RR,0.0,1.0,1.0,100.0
66140,1,walk,walk,6110,,6110.0,20.0,0.0,6.0,2.0,6.49,0.058,-1.389,0.184,33.0,25.9,0.0,17.0,1322.0,40.0,6.44,-0.12,-1.03,-0.07,0.56,-1.19,-19.35,274.0,TEST2RR,AKR_TEST2RR,0.0,1.0,1.0,100.0
66160,1,walk,walk,6111,,6111.0,20.0,0.0,6.0,2.0,6.57,0.033,-1.734,-0.036,33.0,25.9,0.0,17.0,1322.0,40.0,5.33,-0.1,-1.03,-0.07,1.42,-1.03,-18.16,274.0,TEST2RR,AKR_TEST2RR,0.0,1.0,1.0,100.0
66200,1,walk,walk,6112,,6112.0,20.0,0.0,6.0,2.0,6.61,0.012,-0.972,0.515,33.0,25.9,0.0,17.0,1322.0,40.0,4.19,-0.08,-1.03,-0.07,2.44,-1.07,-15.11,274.0,TEST2RR,AKR_TEST2RR,0.0,1.0,1.0,100.0
66220,1,walk,walk,6113,,6113.0,20.0,0.0,6.0,2.0,6.61,-0.002,-0.93,1.825,33.0,25.86,0.0,17.0,1322.0,40.0,3.05,-0.06,-1.04,-0.07,3.62,-1.52,-10.29,274.0,TEST2RR,AKR_TEST2RR,0.0,1.0,1.0,100.0
66240,1,walk,walk,6114,,6114.0,20.0,1.0,6.0,2.0,6.57,-0.015,-0.884,2.789,33.0,25.83,0.0,18.0,1322.0,40.0,1.99,-0.04,-1.05,-0.07,4.85,-2.42,-3.96,274.0,TEST2RR,AKR_TEST2RR,0.0,1.0,1.0,100.0
66240,1,walk,walk,6115,,6115.0,20.0,0.0,6.0,2.0,6.5,-0.023,-0.13,3.01,33.0,25.72,0.0,17.0,1322.0,40.0,1.03,-0.02,-1.06,-0.07,5.96,-3.72,3.47,274.0,TEST2RR,AKR_TEST2RR,0.0,1.0,1.0,100.0
66280,1,walk,walk,6116,,6116.0,20.0,1.0,6.0,2.0,6.41,-0.02,0.401,2.096,33.0,25.79,0.0,18.0,1322.0,40.0,0.2,0.0,-1.07,-0.07,6.82,-5.25,11.65,274.0,TEST2RR,AKR_TEST2RR,0.0,1.0,1.0,100.0
66280,1,walk,walk,6117,,6117.0,20.0,1.0,6.0,2.0,6.3,-0.013,0.455,1.163,33.0,25.86,0.0,18.0,1322.0,40.0,-0.45,0.01,-1.09,-0.07,7.35,-6.89,20.21,274.0,TEST2RR,AKR_TEST2RR,0.0,1.0,1.0,100.0
66300,1,walk,walk,6118,,6118.0,20.0,1.0,6.0,2.0,6.19,-0.006,0.383,0.566,33.0,25.9,0.0,18.0,1322.0,40.0,-0.87,0.02,-1.11,-0.07,7.53,-8.52,28.88,274.0,TEST2RR,AKR_TEST2RR,0.0,1.0,1.0,100.0
66320,1,walk,walk,6119,,6119.0,20.0,1.0,6.0,2.0,6.09,-0.003,0.139,0.165,33.0,25.9,0.0,18.0,1322.0,40.0,-1.04,0.02,-1.12,-0.07,7.36,-10.1,37.39,274.0,TEST2RR,AKR_TEST2RR,0.0,1.0,1.0,100.0
66360,1,walk,walk,6120,,6120.0,20.0,1.0,6.0,2.0,6.0,0.0,0.169,-0.451,33.0,25.9,0.0,18.0,1322.0,40.0,-0.95,0.02,-1.14,-0.07,6.91,-11.62,45.5,274.0,TEST2RR,AKR_TEST2RR,0.0,1.0,1.0,100.0
66360,1,walk,walk,6121,,6121.0,20.0,1.0,6.0,2.0,5.96,0.003,0.33,-0.847,33.0,25.9,0.0,18.0,1322.0,40.0,-0.65,0.01,-1.15,-0.07,6.27,-13.13,52.9,274.0,TEST2RR,AKR_TEST2RR,0.0,1.0,1.0,100.0
66380,1,walk,walk,6122,,6122.0,20.0,1.0,6.0,2.0,5.96,0.005,0.028,-0.772,33.0,25.9,0.0,18.0,1322.0,40.0,-0.21,0.0,-1.15,-0.07,5.52,-14.72,59.11,274.0,TEST2RR,AKR_TEST2RR,0.0,1.0,1.0,100.0
66400,1,walk,walk,6123,,6123.0,20.0,1.0,6.0,2.0,6.03,0.004,0.037,-0.605,33.0,25.93,0.0,18.0,1322.0,40.0,0.26,-0.01,-1.15,-0.06,4.77,-16.45,63.57,274.0,TEST2RR,AKR_TEST2RR,0.0,1.0,1.0,100.0
66420,1,walk,walk,6124,,6124.0,20.0,1.0,6.0,2.0,6.16,0.004,-0.123,-0.39,33.0,25.9,0.0,18.0,1322.0,40.0,0.67,-0.01,-1.14,-0.06,4.1,-18.3,65.85,274.0,TEST2RR,AKR_TEST2RR,0.0,1.0,1.0,100.0
66440,1,walk,walk,6125,,6125.0,20.0,1.0,6.0,2.0,6.37,0.002,0.022,0.012,33.0,25.9,0.0,18.0,1322.0,40.0,0.91,-0.02,-1.13,-0.06,3.54,-20.1,65.68,274.0,TEST2RR,AKR_TEST2RR,0.0,1.0,1.0,100.0
66460,1,walk,walk,6126,,6126.0,20.0,0.0,6.0,2.0,6.66,-0.001,-0.147,0.304,33.0,25.93,0.0,17.0,1322.0,40.0,0.93,-0.02,-1.11,-0.06,3.13,-21.5,62.98,274.0,TEST2RR,AKR_TEST2RR,0.0,1.0,1.0,100.0
66480,1,walk,walk,6127,,6127.0,20.0,0.0,6.0,2.0,7.03,-0.003,-0.073,0.555,33.0,25.9,0.0,17.0,1322.0,40.0,0.71,-0.01,-1.09,-0.06,2.84,-22.07,57.9,274.0,TEST2RR,AKR_TEST2RR,0.0,1.0,1.0,100.0
66500,1,walk,walk,6128,,6128.0,20.0,1.0,6.0,2.0,7.48,-0.004,-0.105,0.747,33.0,25.9,0.0,18.0,1322.0,40.0,0.27,-0.01,-1.06,-0.05,2.65,-21.42,50.69,274.0,TEST2RR,AKR_TEST2RR,0.0,1.0,1.0,100.0
66540,1,walk,walk,6129,,6129.0,20.0,1.0,1.0,5.0,7.99,-0.006,-0.053,0.784,33.0,25.9,0.0,18.0,1271.0,41.0,-0.3,0.01,-1.03,-0.05,2.52,-19.27,41.76,274.0,TEST2RR,AKR_TEST2RR,0.0,1.0,1.0,100.0
66560,1,walk,walk,6130,,6130.0,20.0,0.0,1.0,5.0,8.56,-0.006,-0.033,0.915,33.0,25.83,0.0,19.0,1271.0,41.0,-0.88,0.02,-1.01,-0.05,2.47,-15.49,31.84,274.0,TEST2RR,AKR_TEST2RR,0.0,1.0,1.0,100.0
66560,1,walk,walk,6131,,6131.0,20.0,0.0,1.0,5.0,9.16,-0.05,-3.649,-0.528,33.0,25.86,0.0,19.0,1271.0,41.0,-1.29,0.02,-0.98,-0.05,2.49,-10.19,21.64,274.0,TEST2RR,AKR_TEST2RR,0.0,1.0,1.0,100.0
66580,1,walk,walk,6132,,6132.0,20.0,0.0,1.0,5.0,9.79,-0.098,-2.872,-1.387,33.0,25.79,0.0,19.0,1271.0,41.0,-1.4,0.02,-0.96,-0.05,2.61,-3.85,11.63,274.0,TEST2RR,AKR_TEST2RR,0.0,1.0,1.0,100.0
66600,1,walk,walk,6133,,6133.0,20.0,0.0,1.0,5.0,10.41,-0.136,-2.375,-2.246,33.0,25.72,0.0,19.0,1271.0,41.0,-1.1,0.02,-0.94,-0.06,2.89,2.92,2.06,274.0,TEST2RR,AKR_TEST2RR,0.0,1.0,1.0,100.0
66620,1,walk,walk,6134,,6134.0,20.0,0.0,1.0,6.0,11.01,-0.167,-1.838,-3.058,33.0,25.65,0.0,19.0,1271.0,41.0,-0.35,0.01,-0.92,-0.06,3.33,9.38,-6.85,274.0,TEST2RR,AKR_TEST2RR,0.0,1.0,1.0,100.0
66660,1,walk,walk,6135,,6135.0,20.0,0.0,1.0,6.0,11.56,-0.19,-1.295,-3.585,33.0,25.58,0.0,19.0,1271.0,41.0,0.84,-0.01,-0.92,-0.07,3.85,14.93,-14.96,274.0,TEST2RR,AKR_TEST2RR,0.0,1.0,1.0,100.0
66700,1,walk,walk,6136,,6136.0,20.0,0.0,1.0,6.0,12.06,-0.207,-1.059,-4.18,33.0,25.51,0.0,19.0,1271.0,41.0,2.38,-0.04,-0.91,-0.08,4.34,19.23,-22.22,275.0,TEST2RR,AKR_TEST2RR,0.0,1.0,1.0,100.0
66700,1,walk,walk,6137,,6137.0,20.0,0.0,1.0,6.0,12.48,-0.22,-0.805,-4.623,33.0,25.44,0.0,19.0,1271.0,41.0,4.18,-0.07,-0.91,-0.08,4.65,22.19,-28.54,275.0,TEST2RR,AKR_TEST2RR,0.0,1.0,1.0,100.0
66720,1,walk,walk,6138,,6138.0,20.0,0.0,1.0,6.0,12.82,-0.23,-0.605,-4.732,33.0,25.44,0.0,19.0,1271.0,41.0,6.1,-0.1,-0.91,-0.09,4.7,23.89,-33.86,275.0,TEST2RR,AKR_TEST2RR,0.0,1.0,1.0,100.0
66720,1,walk,walk,6139,,6139.0,20.0,0.0,1.0,6.0,13.07,-0.237,-0.417,-5.142,33.0,25.33,0.0,19.0,1271.0,41.0,8.04,-0.13,-0.91,-0.1,4.5,24.56,-38.16,275.0,TEST2RR,AKR_TEST2RR,0.0,1.0,1.0,100.0
66740,1,walk,walk,6140,,6140.0,20.0,0.0,1.0,6.0,13.22,-0.242,-0.281,-5.518,33.0,25.3,0.0,19.0,1271.0,41.0,9.89,-0.16,-0.92,-0.1,4.03,24.42,-41.35,275.0,TEST2RR,AKR_TEST2RR,0.0,1.0,1.0,100.0
66760,1,walk,walk,6141,,6141.0,20.0,0.0,1.0,6.0,13.26,-0.245,-0.069,-5.661,33.0,25.3,0.0,19.0,1271.0,41.0,11.6,-0.19,-0.92,-0.1,3.32,23.7,-43.38,275.0,TEST2RR,AKR_TEST2RR,0.0,1.0,1.0,100.0
66780,1,walk,walk,6142,,6142.0,20.0,0.0,1.0,6.0,13.21,-0.247,-0.034,-6.027,33.0,25.26,0.0,19.0,1271.0,41.0,13.13,-0.22,-0.93,-0.1,2.41,22.55,-44.28,275.0,TEST2RR,AKR_TEST2RR,0.0,1.0,1.0,100.0
66800,1,walk,walk,6143,,6143.0,20.0,0.0,3.0,7.0,13.07,-0.247,-0.006,-6.115,33.0,25.23,0.0,19.0,1271.0,41.0,14.47,-0.24,-0.93,-0.1,1.38,21.03,-44.19,275.0,TEST2RR,AKR_TEST2RR,0.0,1.0,1.0,100.0
66840,1,walk,walk,6144,,6144.0,20.0,0.0,3.0,7.0,12.83,-0.247,-0.013,-6.195,33.0,25.23,0.0,19.0,1271.0,41.0,15.63,-0.26,-0.93,-0.1,0.26,19.13,-43.32,275.0,TEST2RR,AKR_TEST2RR,0.0,1.0,1.0,100.0
66880,1,walk,walk,6145,,6145.0,20.0,1.0,3.0,7.0,12.52,-0.245,0.261,-6.429,33.0,25.16,0.0,20.0,1271.0,41.0,16.6,-0.28,-0.93,-0.09,-0.9,16.81,-41.95,275.0,TEST2RR,AKR_TEST2RR,0.0,1.0,1.0,100.0
66880,1,walk,walk,6146,,6146.0,20.0,0.0,3.0,7.0,12.15,-0.24,0.323,-6.867,33.0,25.05,0.0,19.0,1271.0,41.0,17.36,-0.29,-0.94,-0.09,-2.0,14.32,-40.23,275.0,TEST2RR,AKR_TEST2RR,0.0,1.0,1.0,100.0
66900,1,walk,walk,6147,,6147.0,20.0,1.0,3.0,7.0,11.71,-0.229,1.323,-8.209,33.0,24.81,0.0,20.0,1271.0,41.0,17.9,-0.3,-0.94,-0.07,-2.83,12.13,-37.93,275.0,TEST2RR,AKR_TEST2RR,0.0,1.0,1.0,100.0
66900,1,walk,walk,6148,,6148.0,20.0,0.0,3.0,7.0,11.24,-0.208,0.992,-8.899,33.0,24.67,0.0,19.0,1271.0,41.0,18.19,-0.31,-0.95,-0.06,-3.32,10.6,-35.01,275.0,TEST2RR,AKR_TEST2RR,0.0,1.0,1.0,100.0
66920,1,walk,walk,6149,,6149.0,20.0,0.0,3.0,7.0,10.73,-0.192,1.16,-8.952,33.0,24.56,0.0,19.0,1271.0,41.0,18.22,-0.32,-0.97,-0.04,-3.5,9.8,-31.52,275.0,TEST2RR,AKR_TEST2RR,0.0,1.0,1.0,100.0
66940,1,walk,walk,6150,,6150.0,20.0,0.0,3.0,7.0,10.2,-0.168,1.84,-9.757,33.0,24.46,0.0,19.0,1271.0,41.0,18.0,-0.32,-0.98,-0.02,-3.49,9.52,-27.65,275.0,TEST2RR,AKR_TEST2RR,0.0,1.0,1.0,100.0
66960,1,walk,walk,6151,,6151.0,20.0,0.0,3.0,7.0,9.66,-0.138,1.832,-9.56,33.0,24.49,0.0,19.0,1271.0,41.0,17.57,-0.32,-1.0,-0.01,-3.41,9.44,-23.59,275.0,TEST2RR,AKR_TEST2RR,0.0,1.0,1.0,100.0
66980,1,walk,walk,6152,,6152.0,20.0,1.0,3.0,7.0,9.12,-0.109,2.094,-9.233,33.0,24.67,0.0,20.0,1271.0,41.0,16.98,-0.31,-1.02,0.0,-3.33,9.25,-19.52,275.0,TEST2RR,AKR_TEST2RR,0.0,1.0,1.0,100.0
67020,1,walk,walk,6153,,6153.0,20.0,0.0,3.0,7.0,8.59,-0.079,1.478,-7.865,33.0,25.02,0.0,19.0,1271.0,41.0,16.29,-0.3,-1.03,0.01,-3.26,8.73,-15.49,275.0,TEST2RR,AKR_TEST2RR,0.0,1.0,1.0,100.0
67060,1,walk,walk,6154,,6154.0,20.0,0.0,3.0,7.0,8.08,-0.064,0.793,-5.87,33.0,25.37,0.0,19.0,1271.0,41.0,15.58,-0.29,-1.05,0.01,-3.19,7.76,-11.53,275.0,TEST2RR,AKR_TEST2RR,0.0,1.0,1.0,100.0
67060,1,walk,walk,6155,,6155.0,20.0,0.0,3.0,7.0,7.6,-0.055,0.389,-4.221,33.0,25.58,0.0,19.0,1271.0,41.0,14.89,-0.28,-1.06,0.01,-3.11,6.38,-7.64,275.0,TEST2RR,AKR_TEST2RR,0.0,1.0,1.0,100.0
67080,1,walk,walk,6156,,6156.0,20.0,0.0,3.0,7.0,7.16,-0.054,-0.105,-2.869,33.0,25.76,0.0,19.0,1271.0,41.0,14.26,-0.27,-1.07,0.01,-3.02,4.7,-3.89,275.0,TEST2RR,AKR_TEST2RR,0.0,1.0,1.0,100.0
67080,1,walk,walk,6157,,6157.0,20.0,0.0,0.0,1.0,6.76,-0.054,-0.083,-1.879,33.0,25.83,0.0,19.0,1271.0,41.0,13.71,-0.26,-1.08,0.01,-2.96,2.84,-0.38,275.0,TEST2RR,AKR_TEST2RR,0.0,1.0,1.0,100.0
67100,1,walk,walk,6158,,6158.0,20.0,0.0,0.0,1.0,6.4,-0.054,0.005,-1.023,33.0,25.83,0.0,19.0,1271.0,41.0,13.27,-0.26,-1.08,0.0,-2.92,0.92,2.62,275.0,TEST2RR,AKR_TEST2RR,0.0,1.0,1.0,100.0
67140,1,walk,walk,6159,,6159.0,20.0,0.0,0.0,1.0,6.09,-0.054,0.005,-1.023,33.0,25.83,0.0,39.0,1271.0,41.0,12.91,-0.25,-1.08,0.0,-2.92,-0.9,5.04,275.0,TEST2RR,AKR_TEST2RR,0.0,1.0,1.0,100.0
67140,1,walk,walk,6160,,6160.0,20.0,0.0,0.0,1.0,5.83,-0.054,0.005,-1.023,33.0,25.83,0.0,59.0,1271.0,41.0,12.61,-0.24,-1.08,-0.01,-2.93,-2.46,6.84,275.0,TEST2RR,AKR_TEST2RR,0.0,1.0,1.0,100.0
67160,1,walk,walk,6161,,6161.0,20.0,0.0,0.0,1.0,5.62,-0.046,2.133,0.0,33.0,26.11,0.0,4.0,1271.0,41.0,12.34,-0.24,-1.07,-0.01,-2.94,-3.65,7.99,275.0,TEST2RR,AKR_TEST2RR,0.0,1.0,1.0,100.0
67200,1,walk,walk,6162,,6162.0,20.0,0.0,0.0,1.0,5.46,-0.046,0.117,0.0,34.0,25.93,0.0,4.0,1271.0,41.0,12.09,-0.23,-1.07,-0.02,-2.95,-4.45,8.46,275.0,TEST2RR,AKR_TEST2RR,0.0,1.0,1.0,100.0
67240,1,walk,walk,6163,,6163.0,20.0,0.0,0.0,1.0,5.35,-0.043,0.352,0.0,34.0,25.93,0.0,4.0,1271.0,41.0,11.85,-0.22,-1.06,-0.02,-2.97,-4.89,8.23,275.0,TEST2RR,AKR_TEST2RR,0.0,1.0,1.0,100.0
67240,1,walk,walk,6164,,6164.0,20.0,0.0,0.0,1.0,5.29,-0.035,0.468,0.0,34.0,25.93,0.0,4.0,1271.0,41.0,11.59,-0.22,-1.05,-0.03,-2.99,-5.04,7.29,275.0,TEST2RR,AKR_TEST2RR,0.0,1.0,1.0,100.0
67260,1,walk,walk,6165,,6165.0,20.0,0.0,0.0,1.0,5.28,-0.028,0.383,0.0,34.0,25.93,0.0,4.0,1271.0,41.0,11.29,-0.21,-1.05,-0.03,-3.02,-4.93,5.71,275.0,TEST2RR,AKR_TEST2RR,0.0,1.0,1.0,100.0
67260,1,walk,walk,6166,,6166.0,20.0,0.0,0.0,1.0,5.3,-0.018,0.801,0.0,34.0,25.93,0.0,4.0,1271.0,41.0,10.94,-0.2,-1.04,-0.04,-3.02,-4.65,3.55,275.0,TEST2RR,AKR_TEST2RR,0.0,1.0,1.0,100.0
67300,1,walk,walk,6167,,6167.0,20.0,0.0,0.0,1.0,5.36,-0.002,0.906,0.0,34.0,25.93,0.0,4.0,1271.0,41.0,10.54,-0.19,-1.04,-0.04,-2.98,-4.26,0.88,275.0,TEST2RR,AKR_TEST2RR,0.0,1.0,1.0,100.0
67300,1,walk,walk,6168,,6168.0,20.0,1.0,0.0,1.0,5.45,0.013,1.256,0.0,34.0,25.93,0.0,5.0,1271.0,41.0,10.08,-0.18,-1.03,-0.04,-2.9,-3.84,-2.25,275.0,TEST2RR,AKR_TEST2RR,0.0,1.0,1.0,100.0
67320,1,walk,walk,6169,,6169.0,20.0,1.0,0.0,1.0,5.55,0.03,1.07,0.0,34.0,25.93,0.0,5.0,1271.0,41.0,9.57,-0.17,-1.03,-0.05,-2.76,-3.4,-5.74,275.0,TEST2RR,AKR_TEST2RR,0.0,1.0,1.0,100.0
67340,1,walk,walk,6170,,6170.0,20.0,1.0,0.0,1.0,5.66,0.048,1.176,0.0,34.0,25.93,0.0,5.0,1271.0,41.0,9.0,-0.16,-1.03,-0.05,-2.57,-2.96,-9.46,275.0,TEST2RR,AKR_TEST2RR,0.0,1.0,1.0,100.0
67380,1,walk,walk,6171,,6171.0,20.0,1.0,0.0,1.0,5.78,0.065,1.181,0.0,34.0,25.93,0.0,5.0,1271.0,41.0,8.38,-0.15,-1.02,-0.06,-2.34,-2.55,-13.26,275.0,TEST2RR,AKR_TEST2RR,0.0,1.0,1.0,100.0
67420,1,walk,walk,6172,,6172.0,20.0,1.0,0.0,1.0,5.89,0.077,0.457,0.0,34.0,25.93,0.0,5.0,1271.0,41.0,7.69,-0.14,-1.02,-0.06,-2.08,-2.2,-16.87,275.0,TEST2RR,AKR_TEST2RR,0.0,1.0,1.0,100.0
67440,1,walk,walk,6173,,6173.0,20.0,1.0,0.0,1.0,5.99,0.079,-0.084,0.0,34.0,25.93,0.0,5.0,1271.0,41.0,6.91,-0.12,-1.02,-0.06,-1.75,-1.9,-19.87,275.0,TEST2RR,AKR_TEST2RR,0.0,1.0,1.0,100.0
67440,1,walk,walk,6174,,6174.0,20.0,1.0,0.0,1.0,6.06,0.078,-0.226,0.0,34.0,25.93,0.0,5.0,1271.0,41.0,6.02,-0.11,-1.02,-0.07,-1.33,-1.67,-21.85,275.0,TEST2RR,AKR_TEST2RR,0.0,1.0,1.0,100.0
67440,1,walk,walk,6175,,6175.0,20.0,1.0,0.0,1.0,6.11,0.065,-1.283,0.0,34.0,25.93,0.0,5.0,1271.0,41.0,5.04,-0.09,-1.02,-0.07,-0.78,-1.46,-22.37,275.0,TEST2RR,AKR_TEST2RR,0.0,1.0,1.0,100.0
67460,1,walk,walk,6176,,6176.0,20.0,0.0,0.0,1.0,6.12,0.041,-1.769,0.0,34.0,25.93,0.0,4.0,1271.0,41.0,3.96,-0.07,-1.03,-0.07,-0.05,-1.2,-21.05,275.0,TEST2RR,AKR_TEST2RR,0.0,1.0,1.0,100.0
67480,1,walk,walk,6177,,6177.0,20.0,1.0,0.0,1.0,6.1,0.012,-1.977,0.0,34.0,25.93,0.0,5.0,1271.0,41.0,2.83,-0.05,-1.03,-0.08,0.89,-0.95,-17.68,275.0,TEST2RR,AKR_TEST2RR,0.0,1.0,1.0,100.0
67520,1,walk,walk,6178,,6178.0,20.0,0.0,0.0,1.0,6.03,-0.02,-2.352,0.0,34.0,25.93,0.0,4.0,1271.0,41.0,1.7,-0.03,-1.04,-0.08,2.03,-0.65,-12.12,275.0,TEST2RR,AKR_TEST2RR,0.0,1.0,1.0,100.0
67520,1,walk,walk,6179,,6179.0,20.0,1.0,0.0,1.0,5.93,-0.059,-2.698,0.0,34.0,25.93,0.0,5.0,1271.0,41.0,0.64,-0.01,-1.04,-0.08,3.27,-0.45,-4.42,275.0,TEST2RR,AKR_TEST2RR,0.0,1.0,1.0,100.0
67540,1,walk,walk,6180,,6180.0,20.0,0.0,0.0,1.0,5.8,-0.092,-1.423,0.0,34.0,25.93,0.0,4.0,1271.0,41.0,-0.3,0.01,-1.05,-0.08,4.4,-0.55,5.05,275.0,TEST2RR,AKR_TEST2RR,0.0,1.0,1.0,100.0
67580,1,walk,walk,6181,,6181.0,20.0,0.0,0.0,1.0,5.65,-0.093,0.869,0.0,34.0,25.93,0.0,4.0,1271.0,41.0,-1.13,0.02,-1.07,-0.08,5.22,-1.1,15.59,275.0,TEST2RR,AKR_TEST2RR,0.0,1.0,1.0,100.0
67600,1,walk,walk,6182,,6182.0,20.0,0.0,0.0,1.0,5.49,-0.069,1.527,0.0,34.0,25.93,0.0,4.0,1271.0,41.0,-1.79,0.03,-1.09,-0.08,5.63,-2.21,26.43,275.0,TEST2RR,AKR_TEST2RR,0.0,1.0,1.0,100.0
67600,1,walk,walk,6183,,6183.0,20.0,0.0,0.0,1.0,5.33,-0.044,1.283,0.0,34.0,25.93,0.0,4.0,1271.0,41.0,-2.25,0.04,-1.11,-0.09,5.6,-3.88,36.95,275.0,TEST2RR,AKR_TEST2RR,0.0,1.0,1.0,100.0
67620,1,walk,walk,6184,,6184.0,20.0,0.0,0.0,1.0,5.19,-0.023,1.249,0.0,34.0,25.93,0.0,4.0,1271.0,41.0,-2.48,0.05,-1.13,-0.09,5.16,-6.05,46.71,275.0,TEST2RR,AKR_TEST2RR,0.0,1.0,1.0,100.0
67640,1,walk,walk,6185,,6185.0,20.0,0.0,0.0,1.0,5.09,-0.009,0.88,0.0,34.0,25.93,0.0,4.0,1271.0,41.0,-2.49,0.05,-1.15,-0.08,4.36,-8.62,55.43,275.0,TEST2RR,AKR_TEST2RR,0.0,1.0,1.0,100.0
67660,1,walk,walk,6186,,6186.0,20.0,0.0,0.0,1.0,5.03,-0.008,-0.091,0.0,34.0,25.93,0.0,4.0,1271.0,41.0,-2.37,0.05,-1.17,-0.08,3.32,-11.46,62.78,275.0,TEST2RR,AKR_TEST2RR,0.0,1.0,1.0,100.0
67680,1,walk,walk,6187,,6187.0,20.0,0.0,0.0,1.0,5.04,-0.01,-0.197,0.0,34.0,25.93,0.0,4.0,1271.0,41.0,-2.2,0.05,-1.18,-0.08,2.2,-14.35,68.41,275.0,TEST2RR,AKR_TEST2RR,0.0,1.0,1.0,100.0
67700,1,walk,walk,6188,,6188.0,20.0,0.0,0.0,1.0,5.12,-0.019,-1.0,0.0,34.0,25.93,0.0,4.0,1271.0,41.0,-2.09,0.04,-1.18,-0.08,1.12,-17.08,72.03,275.0,TEST2RR,AKR_TEST2RR,0.0,1.0,1.0,100.0
67760,1,walk,walk,6189,,6189.0,20.0,0.0,0.0,1.0,5.29,-0.038,-1.237,0.0,34.0,25.93,0.0,4.0,1271.0,41.0,-2.09,0.04,-1.17,-0.07,0.19,-19.36,73.47,276.0,TEST2RR,AKR_TEST2RR,0.0,1.0,1.0,100.0
67760,1,walk,walk,6190,,6190.0,20.0,0.0,0.0,1.0,5.54,-0.057,-1.071,0.0,34.0,25.93,0.0,4.0,1271.0,41.0,-2.27,0.05,-1.16,-0.07,-0.54,-20.87,72.63,276.0,TEST2RR,AKR_TEST2RR,0.0,1.0,1.0,100.0
67760,1,walk,walk,6191,,6191.0,20.0,0.0,0.0,1.0,5.89,-0.07,-0.731,0.0,34.0,25.93,0.0,4.0,1271.0,41.0,-2.61,0.05,-1.14,-0.06,-1.02,-21.35,69.51,276.0,TEST2RR,AKR_TEST2RR,0.0,1.0,1.0,100.0
67780,1,walk,walk,6192,,6192.0,20.0,0.0,0.0,1.0,6.33,-0.08,-0.362,0.0,34.0,25.93,0.0,4.0,1271.0,41.0,-3.09,0.06,-1.11,-0.05,-1.2,-20.6,64.2,276.0,TEST2RR,AKR_TEST2RR,0.0,1.0,1.0,100.0
67800,1,walk,walk,6193,,6193.0,20.0,0.0,0.0,1.0,6.85,-0.081,0.092,0.0,34.0,25.93,0.0,4.0,1271.0,41.0,-3.63,0.07,-1.08,-0.05,-1.08,-18.53,56.93,276.0,TEST2RR,AKR_TEST2RR,0.0,1.0,1.0,100.0
67820,1,walk,walk,6194,,6194.0,20.0,0.0,0.0,1.0,7.45,-0.081,-0.064,0.0,34.0,25.93,0.0,4.0,1271.0,41.0,-4.12,0.08,-1.05,-0.04,-0.64,-15.16,48.0,276.0,TEST2RR,AKR_TEST2RR,0.0,1.0,1.0,100.0
67840,1,walk,walk,6195,,6195.0,20.0,0.0,0.0,1.0,8.09,-0.081,0.053,0.0,34.0,25.93,0.0,4.0,1271.0,41.0,-4.43,0.08,-1.03,-0.04,0.14,-10.65,37.81,276.0,TEST2RR,AKR_TEST2RR,0.0,1.0,1.0,100.0
67860,1,walk,walk,6196,,6196.0,20.0,0.0,0.0,1.0,8.78,-0.081,-0.068,0.0,34.0,25.93,0.0,4.0,1271.0,41.0,-4.43,0.08,-1.0,-0.04,1.22,-5.35,26.77,276.0,TEST2RR,AKR_TEST2RR,0.0,1.0,1.0,100.0
67920,1,walk,walk,6197,,6197.0,20.0,0.0,0.0,1.0,9.48,-0.081,0.057,0.0,34.0,25.93,0.0,4.0,1271.0,41.0,-4.02,0.07,-0.98,-0.04,2.54,0.32,15.29,276.0,TEST2RR,AKR_TEST2RR,0.0,1.0,1.0,100.0
67920,1,walk,walk,6198,,6198.0,20.0,0.0,0.0,1.0,10.18,-0.08,0.095,0.0,34.0,25.93,0.0,4.0,1271.0,41.0,-3.17,0.05,-0.96,-0.05,3.98,5.87,3.74,276.0,TEST2RR,AKR_TEST2RR,0.0,1.0,1.0,100.0
67940,1,walk,walk,6199,,6199.0,20.0,1.0,0.0,1.0,10.85,-0.078,0.225,0.0,34.0,25.93,0.0,5.0,1271.0,41.0,-1.9,0.03,-0.95,-0.06,5.4,10.85,-7.59,276.0,TEST2RR,AKR_TEST2RR,0.0,1.0,1.0,100.0
67940,1,walk,walk,6200,,6200.0,20.0,1.0,0.0,1.0,11.47,-0.073,0.531,0.0,34.0,25.93,0.0,5.0,1271.0,41.0,-0.28,0.0,-0.93,-0.07,6.64,14.93,-18.42,276.0,TEST2RR,AKR_TEST2RR,0.0,1.0,1.0,100.0
67960,1,walk,walk,6201,,6201.0,20.0,1.0,6.0,2.0,12.02,-0.059,1.463,0.0,34.0,25.93,0.0,5.0,1271.0,41.0,1.6,-0.03,-0.92,-0.08,7.57,17.88,-28.57,276.0,TEST2RR,AKR_TEST2RR,0.0,1.0,1.0,100.0
67980,1,walk,walk,6202,,6202.0,20.0,0.0,6.0,2.0,12.49,-0.052,2.244,-0.285,34.0,25.9,0.0,17.0,1271.0,41.0,3.61,-0.06,-0.91,-0.09,8.11,19.61,-37.94,276.0,TEST2RR,AKR_TEST2RR,0.0,1.0,1.0,100.0
68000,1,walk,walk,6203,,6203.0,20.0,0.0,6.0,2.0,12.87,-0.028,1.638,-0.312,34.0,25.93,0.0,17.0,1271.0,41.0,5.65,-0.09,-0.9,-0.1,8.21,20.21,-46.43,276.0,TEST2RR,AKR_TEST2RR,0.0,1.0,1.0,100.0
68020,1,walk,walk,6204,,6204.0,20.0,0.0,6.0,2.0,13.13,-0.011,0.896,-0.412,34.0,25.9,0.0,17.0,1271.0,41.0,7.68,-0.12,-0.89,-0.11,7.89,19.86,-53.87,276.0,TEST2RR,AKR_TEST2RR,0.0,1.0,1.0,100.0
68060,1,walk,walk,6205,,6205.0,20.0,0.0,6.0,2.0,13.27,-0.004,0.504,-0.535,34.0,25.9,0.0,17.0,1271.0,41.0,9.63,-0.15,-0.89,-0.11,7.17,18.86,-60.07,276.0,TEST2RR,AKR_TEST2RR,0.0,1.0,1.0,100.0
68080,1,walk,walk,6206,,6206.0,20.0,1.0,6.0,2.0,13.29,0.001,0.257,-0.79,34.0,25.9,0.0,18.0,1271.0,41.0,11.47,-0.18,-0.89,-0.12,6.1,17.53,-64.84,276.0,TEST2RR,AKR_TEST2RR,0.0,1.0,1.0,100.0
68080,1,walk,walk,6207,,6207.0,20.0,1.0,6.0,2.0,13.19,0.005,0.241,-1.091,34.0,25.9,0.0,18.0,1271.0,41.0,13.18,-0.21,-0.89,-0.12,4.75,16.14,-68.07,276.0,TEST2RR,AKR_TEST2RR,0.0,1.0,1.0,100.0
68100,1,walk,walk,6208,,6208.0,20.0,1.0,6.0,2.0,12.96,0.009,0.326,-1.435,34.0,25.9,0.0,18.0,1271.0,41.0,14.78,-0.23,-0.89,-0.13,3.18,14.82,-69.65,276.0,TEST2RR,AKR_TEST2RR,0.0,1.0,1.0,100.0
68120,1,walk,walk,6209,,6209.0,20.0,1.0,6.0,2.0,12.62,0.013,0.209,-1.848,34.0,25.86,0.0,18.0,1271.0,41.0,16.27,-0.26,-0.9,-0.13,1.44,13.58,-69.55,276.0,TEST2RR,AKR_TEST2RR,0.0,1.0,1.0,100.0
68160,1,walk,walk,6210,,6210.0,20.0,1.0,6.0,2.0,12.17,0.016,0.224,-2.224,34.0,25.83,0.0,18.0,1271.0,41.0,17.41,-0.28,-0.91,-0.13,-0.41,12.31,-67.76,276.0,TEST2RR,AKR_TEST2RR,0.0,1.0,1.0,100.0
68160,1,walk,walk,6211,,6211.0,20.0,1.0,6.0,2.0,11.62,0.025,0.818,-3.775,34.0,25.69,0.0,18.0,1271.0,41.0,17.89,-0.3,-0.93,-0.12,-2.1,11.28,-64.36,276.0,TEST2RR,AKR_TEST2RR,0.0,1.0,1.0,100.0
68180,1,walk,walk,6212,,6212.0,20.0,1.0,6.0,2.0,10.98,0.035,0.502,-4.637,34.0,25.54,0.0,18.0,1271.0,41.0,17.65,-0.3,-0.95,-0.11,-3.35,10.76,-59.34,276.0,TEST2RR,AKR_TEST2RR,0.0,1.0,1.0,100.0
68240,1,walk,walk,6213,,6213.0,20.0,1.0,6.0,2.0,10.27,0.042,0.312,-5.638,34.0,25.37,0.0,18.0,1271.0,41.0,16.87,-0.3,-0.98,-0.1,-4.13,10.9,-52.87,276.0,TEST2RR,AKR_TEST2RR,0.0,1.0,1.0,100.0
68240,1,walk,walk,6214,,6214.0,20.0,1.0,6.0,2.0,9.5,0.044,-0.148,-5.329,34.0,25.37,0.0,18.0,1271.0,41.0,15.78,-0.29,-1.01,-0.08,-4.51,11.45,-45.26,276.0,TEST2RR,AKR_TEST2RR,0.0,1.0,1.0,100.0
68240,1,walk,walk,6215,,6215.0,20.0,1.0,6.0,2.0,8.7,0.04,-0.238,-4.647,34.0,25.47,0.0,18.0,1271.0,41.0,14.55,-0.27,-1.04,-0.07,-4.66,12.01,-36.92,276.0,TEST2RR,AKR_TEST2RR,0.0,1.0,1.0,100.0
68260,1,walk,walk,6216,,6216.0,20.0,1.0,6.0,2.0,7.88,0.033,-0.601,-3.419,34.0,25.65,0.0,18.0,1271.0,41.0,13.31,-0.25,-1.07,-0.05,-4.7,12.25,-28.19,276.0,TEST2RR,AKR_TEST2RR,0.0,1.0,1.0,100.0
68280,1,walk,walk,6217,,6217.0,20.0,1.0,6.0,2.0,7.05,0.023,-0.598,-2.399,34.0,25.76,0.0,18.0,1271.0,41.0,12.14,-0.23,-1.09,-0.04,-4.72,12.01,-19.44,276.0,TEST2RR,AKR_TEST2RR,0.0,1.0,1.0,100.0
68320,1,walk,walk,6218,,6218.0,20.0,1.0,6.0,2.0,6.24,0.015,-0.387,-1.589,34.0,25.83,0.0,18.0,1271.0,41.0,11.09,-0.22,-1.1,-0.03,-4.76,11.29,-11.04,276.0,TEST2RR,AKR_TEST2RR,0.0,1.0,1.0,100.0
68320,1,walk,walk,6219,,6219.0,20.0,1.0,6.0,2.0,5.46,0.009,-0.507,-0.866,34.0,25.9,0.0,18.0,1271.0,41.0,10.18,-0.2,-1.11,-0.02,-4.82,10.17,-3.32,276.0,TEST2RR,AKR_TEST2RR,0.0,1.0,1.0,100.0
68340,1,walk,walk,6220,,6220.0,20.0,1.0,6.0,2.0,4.72,0.004,-0.237,-0.183,34.0,25.9,0.0,18.0,1271.0,41.0,9.39,-0.18,-1.12,-0.02,-4.89,8.76,3.44,276.0,TEST2RR,AKR_TEST2RR,0.0,1.0,1.0,100.0
68400,1,walk,walk,6221,,6221.0,20.0,1.0,6.0,2.0,4.04,0.001,-0.21,0.127,34.0,25.9,0.0,18.0,1271.0,41.0,8.72,-0.17,-1.12,-0.02,-4.94,7.23,9.07,276.0,TEST2RR,AKR_TEST2RR,0.0,1.0,1.0,100.0
68400,1,walk,walk,6222,,6222.0,20.0,1.0,6.0,2.0,3.44,-0.001,-0.139,0.361,34.0,25.9,0.0,18.0,1271.0,41.0,8.15,-0.16,-1.11,-0.02,-4.95,5.73,13.5,276.0,TEST2RR,AKR_TEST2RR,0.0,1.0,1.0,100.0
68400,1,walk,walk,6223,,6223.0,20.0,1.0,6.0,2.0,2.91,-0.002,-0.014,0.387,34.0,25.9,0.0,18.0,1271.0,41.0,7.68,-0.15,-1.11,-0.03,-4.91,4.36,16.71,276.0,TEST2RR,AKR_TEST2RR,0.0,1.0,1.0,100.0
68420,1,walk,walk,6224,,6224.0,20.0,1.0,6.0,2.0,2.46,-0.003,0.117,0.424,34.0,25.9,0.0,18.0,1271.0,41.0,7.28,-0.14,-1.1,-0.03,-4.82,3.18,18.73,276.0,TEST2RR,AKR_TEST2RR,0.0,1.0,1.0,100.0
68440,1,walk,walk,6225,,6225.0,20.0,1.0,6.0,2.0,2.11,-0.002,0.072,0.231,34.0,25.9,0.0,18.0,1271.0,41.0,6.96,-0.13,-1.09,-0.03,-4.7,2.22,19.63,276.0,TEST2RR,AKR_TEST2RR,0.0,1.0,1.0,100.0
68480,1,walk,walk,6226,,6226.0,20.0,1.0,6.0,2.0,1.84,-0.002,0.069,0.157,34.0,25.9,0.0,18.0,1271.0,41.0,6.68,-0.13,-1.08,-0.04,-4.59,1.47,19.53,276.0,TEST2RR,AKR_TEST2RR,0.0,1.0,1.0,100.0
68480,1,walk,walk,6227,,6227.0,20.0,1.0,6.0,2.0,1.66,-0.002,-0.018,0.143,34.0,25.9,0.0,18.0,1271.0,41.0,6.43,-0.12,-1.07,-0.04,-4.51,0.93,18.58,276.0,TEST2RR,AKR_TEST2RR,0.0,1.0,1.0,100.0
68500,1,walk,walk,6228,,6228.0,20.0,1.0,6.0,2.0,1.55,-0.001,0.007,0.1,34.0,25.9,0.0,18.0,1271.0,41.0,6.17,-0.12,-1.06,-0.05,-4.45,0.57,16.98,276.0,TEST2RR,AKR_TEST2RR,0.0,1.0,1.0,100.0
68540,1,walk,walk,6229,,6229.0,20.0,1.0,6.0,2.0,1.53,0.0,0.107,-0.133,34.0,25.9,0.0,18.0,1271.0,41.0,5.9,-0.11,-1.06,-0.05,-4.39,0.37,14.92,276.0,TEST2RR,AKR_TEST2RR,0.0,1.0,1.0,100.0
68560,1,walk,walk,6230,,6230.0,20.0,1.0,6.0,2.0,1.57,0.001,0.015,-0.35,34.0,25.9,0.0,18.0,1271.0,41.0,5.61,-0.1,-1.05,-0.06,-4.31,0.3,12.6,276.0,TEST2RR,AKR_TEST2RR,0.0,1.0,1.0,100.0
68560,1,walk,walk,6231,,6231.0,20.0,1.0,6.0,2.0,1.66,0.003,0.177,-0.648,34.0,25.9,0.0,18.0,1271.0,41.0,5.29,-0.1,-1.04,-0.06,-4.17,0.34,10.18,276.0,TEST2RR,AKR_TEST2RR,0.0,1.0,1.0,100.0
68580,1,walk,walk,6232,,6232.0,20.0,1.0,6.0,2.0,1.8,0.005,0.179,-0.857,34.0,25.9,0.0,18.0,1271.0,41.0,4.96,-0.09,-1.04,-0.07,-3.98,0.47,7.76,276.0,TEST2RR,AKR_TEST2RR,0.0,1.0,1.0,100.0
68600,1,walk,walk,6233,,6233.0,20.0,1.0,6.0,2.0,1.98,0.007,0.23,-1.1,34.0,25.9,0.0,18.0,1271.0,41.0,4.62,-0.08,-1.04,-0.07,-3.73,0.68,5.44,276.0,TEST2RR,AKR_TEST2RR,0.0,1.0,1.0,100.0
68620,1,walk,walk,6234,,6234.0,20.0,1.0,6.0,2.0,2.18,0.01,0.206,-1.442,34.0,25.9,0.0,18.0,1271.0,41.0,4.28,-0.08,-1.03,-0.07,-3.42,0.94,3.26,276.0,TEST2RR,AKR_TEST2RR,0.0,1.0,1.0,100.0
68640,1,walk,walk,6235,,6235.0,20.0,1.0,6.0,2.0,2.4,0.012,0.178,-1.725,34.0,25.86,0.0,18.0,1271.0,41.0,3.95,-0.07,-1.03,-0.08,-3.07,1.23,1.23,276.0,TEST2RR,AKR_TEST2RR,0.0,1.0,1.0,100.0
68660,1,walk,walk,6236,,6236.0,20.0,1.0,0.0,5.0,2.62,0.015,0.175,-1.908,34.0,25.83,0.0,18.0,1271.0,41.0,3.62,-0.07,-1.03,-0.08,-2.69,1.52,-0.59,276.0,TEST2RR,AKR_TEST2RR,0.0,1.0,1.0,100.0
68700,1,walk,walk,6237,,6237.0,20.0,0.0,0.0,6.0,2.84,0.016,-0.017,-2.037,34.0,25.83,0.0,19.0,1271.0,41.0,3.35,-0.06,-1.03,-0.09,-2.29,1.3,-2.4,277.0,TEST2RR,AKR_TEST2RR,0.0,1.0,1.0,100.0
68700,1,walk,walk,6238,,6238.0,20.0,0.0,0.0,6.0,3.06,0.016,-0.017,-2.037,34.0,25.83,0.0,39.0,1271.0,41.0,3.09,-0.06,-1.02,-0.09,-1.89,0.57,-4.26,277.0,TEST2RR,AKR_TEST2RR,0.0,1.0,1.0,100.0
68720,1,walk,walk,6239,,6239.0,20.0,0.0,0.0,6.0,3.25,0.016,-0.017,-2.037,34.0,25.83,0.0,59.0,1271.0,41.0,2.79,-0.05,-1.02,-0.09,-1.46,-0.4,-5.83,277.0,TEST2RR,AKR_TEST2RR,0.0,1.0,1.0,100.0
68740,1,walk,walk,6240,,6240.0,20.0,0.0,0.0,6.0,3.43,0.028,4.55,0.0,34.0,25.97,0.0,2.0,1271.0,41.0,2.43,-0.04,-1.03,-0.1,-0.98,-1.39,-6.7,277.0,TEST2RR,AKR_TEST2RR,0.0,1.0,1.0,100.0
68760,1,walk,walk,6241,,6241.0,20.0,0.0,0.0,7.0,3.58,0.01,-1.28,0.0,34.0,25.93,0.0,2.0,1271.0,41.0,1.98,-0.04,-1.03,-0.1,-0.39,-2.23,-6.49,277.0,TEST2RR,AKR_TEST2RR,0.0,1.0,1.0,100.0
68780,1,walk,walk,6242,,6242.0,20.0,0.0,0.0,7.0,3.7,-0.01,-1.044,0.0,34.0,25.93,0.0,2.0,1271.0,41.0,1.48,-0.03,-1.03,-0.1,0.37,-2.86,-4.92,277.0,TEST2RR,AKR_TEST2RR,0.0,1.0,1.0,100.0
68800,1,walk,walk,6243,,6243.0,20.0,0.0,0.0,1.0,3.8,-0.029,-1.439,0.0,34.0,25.93,0.0,2.0,1271.0,41.0,0.99,-0.02,-1.03,-0.11,1.32,-3.25,-1.98,277.0,TEST2RR,AKR_TEST2RR,0.0,1.0,1.0,100.0
68840,1,walk,walk,6244,,6244.0,20.0,0.0,0.0,1.0,3.87,-0.044,-1.059,0.0,34.0,25.93,0.0,2.0,1271.0,41.0,0.57,-0.01,-1.04,-0.11,2.45,-3.42,2.18,277.0,TEST2RR,AKR_TEST2RR,0.0,1.0,1.0,100.0
68860,1,walk,walk,6245,,6245.0,20.0,0.0,0.0,1.0,3.92,-0.063,-1.032,0.0,34.0,25.9,0.0,2.0,1271.0,41.0,0.25,0.0,-1.04,-0.11,3.71,-3.45,7.31,277.0,TEST2RR,AKR_TEST2RR,0.0,1.0,1.0,100.0
68860,1,walk,walk,6246,,6246.0,20.0,0.0,0.0,1.0,3.94,-0.076,-0.863,0.0,34.0,25.93,0.0,2.0,1271.0,41.0,0.07,0.0,-1.05,-0.11,5.0,-3.45,13.13,277.0,TEST2RR,AKR_TEST2RR,0.0,1.0,1.0,100.0
68880,1,walk,walk,6247,,6247.0,20.0,0.0,0.0,1.0,3.96,-0.081,-0.076,0.0,34.0,25.93,0.0,2.0,1271.0,41.0,-0.01,0.0,-1.05,-0.11,6.2,-3.54,19.33,277.0,TEST2RR,AKR_TEST2RR,0.0,1.0,1.0,100.0
68900,1,walk,walk,6248,,6248.0,20.0,0.0,0.0,1.0,3.97,-0.08,0.025,0.0,34.0,25.93,0.0,2.0,1271.0,41.0,-0.02,0.0,-1.06,-0.11,7.2,-3.8,25.68,277.0,TEST2RR,AKR_TEST2RR,0.0,1.0,1.0,100.0
68940,1,walk,walk,6249,,6249.0,20.0,0.0,0.0,1.0,3.99,-0.079,0.175,0.0,34.0,25.93,0.0,2.0,1271.0,41.0,0.02,0.0,-1.07,-0.11,7.89,-4.3,32.09,277.0,TEST2RR,AKR_TEST2RR,0.0,1.0,1.0,100.0
68940,1,walk,walk,6250,,6250.0,20.0,0.0,0.0,1.0,4.03,-0.074,0.429,0.0,34.0,25.93,0.0,2.0,1271.0,41.0,0.09,0.0,-1.08,-0.11,8.2,-5.08,38.57,277.0,TEST2RR,AKR_TEST2RR,0.0,1.0,1.0,100.0
68960,1,walk,walk,6251,,6251.0,20.0,0.0,0.0,1.0,4.09,-0.061,1.423,0.0,34.0,25.93,0.0,2.0,1271.0,41.0,0.2,0.0,-1.1,-0.1,8.03,-6.22,45.08,277.0,TEST2RR,AKR_TEST2RR,0.0,1.0,1.0,100.0
68980,1,walk,walk,6252,,6252.0,20.0,0.0,0.0,1.0,4.18,-0.038,1.678,0.0,34.0,25.93,0.0,2.0,1271.0,41.0,0.36,-0.01,-1.11,-0.1,7.36,-7.77,51.44,277.0,TEST2RR,AKR_TEST2RR,0.0,1.0,1.0,100.0
69020,1,walk,walk,6253,,6253.0,20.0,0.0,6.0,2.0,4.33,-0.012,1.799,0.0,34.0,25.93,0.0,2.0,1271.0,41.0,0.61,-0.01,-1.13,-0.1,6.19,-9.76,57.4,277.0,TEST2RR,AKR_TEST2RR,0.0,1.0,1.0,100.0
69040,1,walk,walk,6254,,6254.0,20.0,0.0,6.0,2.0,4.52,-0.006,2.779,-0.341,34.0,25.9,0.0,18.0,1271.0,41.0,0.93,-0.02,-1.15,-0.1,4.57,-12.14,62.78,277.0,TEST2RR,AKR_TEST2RR,0.0,1.0,1.0,100.0
69040,1,walk,walk,6255,,6255.0,20.0,0.0,6.0,2.0,4.78,-0.003,0.056,-0.064,34.0,25.9,0.0,18.0,1271.0,41.0,1.29,-0.03,-1.16,-0.1,2.59,-15.0,67.18,277.0,TEST2RR,AKR_TEST2RR,0.0,1.0,1.0,100.0
69060,1,walk,walk,6256,,6256.0,20.0,0.0,6.0,2.0,5.11,-0.002,0.079,0.061,34.0,25.9,0.0,18.0,1271.0,41.0,1.58,-0.03,-1.16,-0.11,0.42,-18.33,70.05,277.0,TEST2RR,AKR_TEST2RR,0.0,1.0,1.0,100.0
69080,1,walk,walk,6257,,6257.0,20.0,1.0,6.0,2.0,5.51,-0.002,0.052,0.142,34.0,25.9,0.0,19.0,1271.0,41.0,1.71,-0.03,-1.15,-0.11,-1.82,-22.04,70.91,277.0,TEST2RR,AKR_TEST2RR,0.0,1.0,1.0,100.0
69120,1,walk,walk,6258,,6258.0,20.0,0.0,6.0,2.0,5.99,-0.002,-0.061,0.274,33.0,25.9,0.0,18.0,1271.0,41.0,1.6,-0.03,-1.14,-0.1,-4.01,-25.87,69.41,277.0,TEST2RR,AKR_TEST2RR,0.0,1.0,1.0,100.0
69120,1,walk,walk,6259,,6259.0,20.0,1.0,6.0,2.0,6.54,-0.003,-0.017,0.424,34.0,25.93,0.0,19.0,1271.0,41.0,1.2,-0.02,-1.11,-0.1,-6.07,-29.4,65.35,277.0,TEST2RR,AKR_TEST2RR,0.0,1.0,1.0,100.0
69140,1,walk,walk,6260,,6260.0,20.0,0.0,6.0,2.0,7.16,-0.004,0.021,0.501,33.0,25.9,0.0,18.0,1271.0,41.0,0.51,-0.01,-1.09,-0.1,-7.98,-32.11,58.77,277.0,TEST2RR,AKR_TEST2RR,0.0,1.0,1.0,100.0
69200,1,walk,walk,6261,,6261.0,20.0,1.0,1.0,5.0,7.84,-0.004,-0.034,0.466,33.0,25.9,0.0,19.0,1271.0,42.0,-0.45,0.01,-1.05,-0.09,-9.71,-33.5,49.92,277.0,TEST2RR,AKR_TEST2RR,0.0,1.0,1.0,100.0
69200,1,walk,walk,6262,,6262.0,20.0,0.0,1.0,5.0,8.57,-0.004,-0.053,0.376,33.0,25.83,0.0,19.0,1271.0,42.0,-1.53,0.03,-1.02,-0.09,-11.23,-32.91,39.37,277.0,TEST2RR,AKR_TEST2RR,0.0,1.0,1.0,100.0
69220,1,walk,walk,6263,,6263.0,20.0,0.0,1.0,5.0,9.32,-0.043,-3.205,-1.34,33.0,25.79,0.0,19.0,1271.0,42.0,-2.56,0.04,-0.99,-0.08,-12.5,-30.18,27.82,277.0,TEST2RR,AKR_TEST2RR,0.0,1.0,1.0,100.0
69220,1,walk,walk,6264,,6264.0,20.0,0.0,1.0,5.0,10.09,-0.089,-2.712,-2.242,33.0,25.69,0.0,19.0,1271.0,42.0,-3.34,0.06,-0.95,-0.08,-13.41,-25.51,15.77,277.0,TEST2RR,AKR_TEST2RR,0.0,1.0,1.0,100.0
69240,1,walk,walk,6265,,6265.0,20.0,0.0,1.0,5.0,10.85,-0.123,-2.133,-3.143,33.0,25.62,0.0,19.0,1271.0,42.0,-3.69,0.06,-0.93,-0.08,-13.9,-19.51,3.53,277.0,TEST2RR,AKR_TEST2RR,0.0,1.0,1.0,100.0
69260,1,walk,walk,6266,,6266.0,20.0,0.0,1.0,6.0,11.58,-0.15,-1.577,-3.845,33.0,25.51,0.0,19.0,1271.0,42.0,-3.45,0.05,-0.9,-0.08,-13.86,-13.03,-8.59,277.0,TEST2RR,AKR_TEST2RR,0.0,1.0,1.0,100.0
69280,1,walk,walk,6267,,6267.0,20.0,0.0,1.0,6.0,12.26,-0.169,-0.865,-4.974,33.0,25.37,0.0,19.0,1271.0,42.0,-2.54,0.04,-0.89,-0.08,-13.27,-6.93,-20.35,277.0,TEST2RR,AKR_TEST2RR,0.0,1.0,1.0,100.0
69320,1,walk,walk,6268,,6268.0,20.0,0.0,1.0,6.0,12.86,-0.181,-0.653,-5.599,33.0,25.26,0.0,19.0,1271.0,42.0,-0.94,0.01,-0.87,-0.08,-12.18,-1.84,-31.56,277.0,TEST2RR,AKR_TEST2RR,0.0,1.0,1.0,100.0
69340,1,walk,walk,6269,,6269.0,20.0,0.0,1.0,6.0,13.37,-0.187,-0.406,-6.316,33.0,25.12,0.0,19.0,1271.0,42.0,1.26,-0.02,-0.87,-0.09,-10.75,2.0,-41.9,277.0,TEST2RR,AKR_TEST2RR,0.0,1.0,1.0,100.0
69340,1,walk,walk,6270,,6270.0,20.0,0.0,1.0,6.0,13.76,-0.189,-0.028,-6.971,33.0,24.98,0.0,19.0,1271.0,42.0,3.94,-0.06,-0.87,-0.09,-9.17,4.77,-51.0,277.0,TEST2RR,AKR_TEST2RR,0.0,1.0,1.0,100.0
69360,1,walk,walk,6271,,6271.0,20.0,0.0,1.0,6.0,14.04,-0.189,-0.122,-7.357,33.0,24.88,0.0,19.0,1271.0,42.0,6.97,-0.11,-0.87,-0.1,-7.63,7.12,-58.15,277.0,TEST2RR,AKR_TEST2RR,0.0,1.0,1.0,100.0
69380,1,walk,walk,6272,,6272.0,20.0,0.0,1.0,6.0,14.18,-0.181,1.115,-9.449,33.0,24.39,0.0,19.0,1271.0,42.0,10.21,-0.16,-0.89,-0.1,-6.12,9.7,-62.49,277.0,TEST2RR,AKR_TEST2RR,0.0,1.0,1.0,100.0
69400,1,walk,walk,6273,,6273.0,20.0,0.0,1.0,6.0,14.19,-0.173,0.42,-9.067,33.0,24.42,0.0,19.0,1271.0,42.0,13.3,-0.22,-0.91,-0.1,-4.58,12.93,-63.63,277.0,TEST2RR,AKR_TEST2RR,0.0,1.0,1.0,100.0
69440,1,walk,walk,6274,,6274.0,20.0,0.0,3.0,7.0,14.07,-0.164,0.637,-9.598,33.0,24.28,0.0,19.0,1271.0,42.0,15.88,-0.27,-0.94,-0.1,-3.0,16.67,-61.63,277.0,TEST2RR,AKR_TEST2RR,0.0,1.0,1.0,100.0
69440,1,walk,walk,6275,,6275.0,20.0,0.0,3.0,7.0,13.82,-0.153,0.839,-10.161,33.0,24.0,0.0,19.0,1271.0,42.0,17.82,-0.31,-0.97,-0.09,-1.43,20.49,-56.85,277.0,TEST2RR,AKR_TEST2RR,0.0,1.0,1.0,100.0
69480,1,walk,walk,6276,,6276.0,20.0,0.0,3.0,7.0,13.46,-0.143,0.612,-10.297,33.0,23.97,0.0,19.0,1271.0,42.0,19.15,-0.35,-0.99,-0.08,0.0,23.85,-49.91,277.0,TEST2RR,AKR_TEST2RR,0.0,1.0,1.0,100.0
69480,1,walk,walk,6277,,6277.0,20.0,0.0,3.0,7.0,13.0,-0.133,0.553,-9.866,33.0,24.21,0.0,19.0,1271.0,42.0,19.99,-0.37,-1.02,-0.07,1.19,26.41,-41.53,277.0,TEST2RR,AKR_TEST2RR,0.0,1.0,1.0,100.0
69500,1,walk,walk,6278,,6278.0,20.0,0.0,3.0,7.0,12.46,-0.128,0.062,-8.481,33.0,24.67,0.0,19.0,1271.0,42.0,20.47,-0.39,-1.04,-0.06,2.09,27.85,-32.45,277.0,TEST2RR,AKR_TEST2RR,0.0,1.0,1.0,100.0
69520,1,walk,walk,6279,,6279.0,20.0,0.0,3.0,7.0,11.86,-0.125,0.242,-7.154,33.0,25.05,0.0,19.0,1271.0,42.0,20.67,-0.4,-1.06,-0.05,2.7,28.07,-23.3,277.0,TEST2RR,AKR_TEST2RR,0.0,1.0,1.0,100.0
69540,1,walk,walk,6280,,6280.0,20.0,0.0,3.0,7.0,11.23,-0.123,-0.045,-5.511,34.0,25.37,0.0,19.0,1271.0,42.0,20.67,-0.4,-1.07,-0.04,3.02,27.12,-14.6,277.0,TEST2RR,AKR_TEST2RR,0.0,1.0,1.0,100.0
69560,1,walk,walk,6281,,6281.0,20.0,0.0,3.0,7.0,10.59,-0.123,0.05,-4.167,34.0,25.62,0.0,19.0,1271.0,42.0,20.52,-0.4,-1.08,-0.04,3.11,25.21,-6.79,277.0,TEST2RR,AKR_TEST2RR,0.0,1.0,1.0,100.0
69580,1,walk,walk,6282,,6282.0,20.0,0.0,0.0,1.0,9.96,-0.119,0.354,-2.939,34.0,25.79,0.0,19.0,1271.0,42.0,20.25,-0.4,-1.09,-0.04,3.01,22.6,-0.21,277.0,TEST2RR,AKR_TEST2RR,0.0,1.0,1.0,100.0
69600,1,walk,walk,6283,,6283.0,20.0,0.0,0.0,1.0,9.37,-0.109,0.824,-1.7,34.0,25.79,0.0,19.0,1271.0,42.0,19.96,-0.39,-1.08,-0.04,2.78,19.76,4.58,277.0,TEST2RR,AKR_TEST2RR,0.0,1.0,1.0,100.0
69620,1,walk,walk,6284,,6284.0,20.0,0.0,0.0,1.0,8.82,-0.109,0.824,-1.7,34.0,25.79,0.0,39.0,1271.0,42.0,19.62,-0.39,-1.08,-0.04,2.45,17.01,7.55,278.0,TEST2RR,AKR_TEST2RR,0.0,1.0,1.0,100.0
69660,1,walk,walk,6285,,6285.0,20.0,0.0,0.0,1.0,8.34,-0.109,0.824,-1.7,34.0,25.79,0.0,59.0,1271.0,42.0,19.21,-0.37,-1.08,-0.04,2.09,14.55,9.05,278.0,TEST2RR,AKR_TEST2RR,0.0,1.0,1.0,100.0
69660,1,walk,walk,6286,,6286.0,20.0,0.0,0.0,1.0,7.92,-0.073,10.217,0.0,34.0,25.93,0.0,1.0,1271.0,42.0,18.73,-0.36,-1.07,-0.04,1.7,12.42,9.38,278.0,TEST2RR,AKR_TEST2RR,0.0,1.0,1.0,100.0
69680,1,walk,walk,6287,,6287.0,20.0,0.0,0.0,1.0,7.59,-0.072,0.044,0.0,34.0,25.9,0.0,1.0,1271.0,42.0,18.18,-0.35,-1.06,-0.04,1.28,10.63,8.84,278.0,TEST2RR,AKR_TEST2RR,0.0,1.0,1.0,100.0
69720,1,walk,walk,6288,,6288.0,20.0,0.0,0.0,1.0,7.33,-0.07,0.173,0.0,34.0,25.93,0.0,1.0,1271.0,42.0,17.56,-0.33,-1.05,-0.04,0.83,9.13,7.69,278.0,TEST2RR,AKR_TEST2RR,0.0,1.0,1.0,100.0
69720,1,walk,walk,6289,,6289.0,20.0,0.0,0.0,1.0,7.15,-0.067,0.22,0.0,34.0,25.9,0.0,1.0,1271.0,42.0,16.87,-0.32,-1.05,-0.04,0.36,7.87,6.12,278.0,TEST2RR,AKR_TEST2RR,0.0,1.0,1.0,100.0
69740,1,walk,walk,6290,,6290.0,20.0,0.0,0.0,1.0,7.04,-0.063,0.269,0.0,34.0,25.93,0.0,1.0,1271.0,42.0,16.11,-0.3,-1.04,-0.04,-0.1,6.8,4.34,278.0,TEST2RR,AKR_TEST2RR,0.0,1.0,1.0,100.0
69760,1,walk,walk,6291,,6291.0,20.0,0.0,0.0,1.0,6.99,-0.059,0.354,0.0,34.0,25.93,0.0,1.0,1271.0,42.0,15.29,-0.28,-1.03,-0.04,-0.5,5.88,2.46,278.0,TEST2RR,AKR_TEST2RR,0.0,1.0,1.0,100.0
69800,1,walk,walk,6292,,6292.0,20.0,0.0,0.0,1.0,7.0,-0.054,0.367,0.0,34.0,25.9,0.0,1.0,1271.0,42.0,14.45,-0.27,-1.03,-0.05,-0.82,5.11,0.58,278.0,TEST2RR,AKR_TEST2RR,0.0,1.0,1.0,100.0
69820,1,walk,walk,6293,,6293.0,20.0,1.0,0.0,1.0,7.06,-0.048,0.401,0.0,34.0,25.93,0.0,2.0,1271.0,42.0,13.6,-0.25,-1.03,-0.05,-1.02,4.47,-1.26,278.0,TEST2RR,AKR_TEST2RR,0.0,1.0,1.0,100.0
69820,1,walk,walk,6294,,6294.0,20.0,1.0,0.0,1.0,7.15,-0.041,0.547,0.0,34.0,25.93,0.0,2.0,1271.0,42.0,12.77,-0.23,-1.03,-0.05,-1.11,3.93,-3.04,278.0,TEST2RR,AKR_TEST2RR,0.0,1.0,1.0,100.0
69840,1,walk,walk,6295,,6295.0,20.0,1.0,0.0,1.0,7.26,-0.032,0.528,0.0,34.0,25.93,0.0,2.0,1271.0,42.0,11.98,-0.22,-1.02,-0.06,-1.09,3.44,-4.78,278.0,TEST2RR,AKR_TEST2RR,0.0,1.0,1.0,100.0
69880,1,walk,walk,6296,,6296.0,20.0,1.0,0.0,1.0,7.39,-0.028,0.24,0.0,34.0,25.93,0.0,2.0,1271.0,42.0,11.22,-0.2,-1.02,-0.06,-0.98,3.03,-6.46,278.0,TEST2RR,AKR_TEST2RR,0.0,1.0,1.0,100.0
69880,1,walk,walk,6297,,6297.0,20.0,1.0,0.0,1.0,7.53,-0.025,0.134,0.0,34.0,25.93,0.0,2.0,1271.0,42.0,10.51,-0.19,-1.02,-0.06,-0.77,2.68,-7.99,278.0,TEST2RR,AKR_TEST2RR,0.0,1.0,1.0,100.0
69900,1,walk,walk,6298,,6298.0,20.0,1.0,6.0,2.0,7.66,-0.022,0.155,0.0,34.0,25.93,0.0,2.0,1271.0,42.0,9.83,-0.18,-1.02,-0.07,-0.47,2.4,-9.3,278.0,TEST2RR,AKR_TEST2RR,0.0,1.0,1.0,100.0
69920,1,walk,walk,6299,,6299.0,20.0,0.0,6.0,2.0,7.78,-0.022,0.189,-0.001,34.0,25.9,0.0,18.0,1271.0,42.0,9.16,-0.16,-1.02,-0.07,-0.08,2.22,-10.34,278.0,TEST2RR,AKR_TEST2RR,0.0,1.0,1.0,100.0
69940,1,walk,walk,6300,,6300.0,20.0,0.0,6.0,2.0,7.89,-0.014,0.371,0.409,34.0,25.9,0.0,18.0,1271.0,42.0,8.49,-0.15,-1.02,-0.07,0.41,2.12,-11.0,278.0,TEST2RR,AKR_TEST2RR,0.0,1.0,1.0,100.0
70000,1,walk,walk,6301,,6301.0,20.0,0.0,6.0,2.0,7.98,-0.01,0.013,0.856,34.0,25.9,0.0,18.0,1271.0,42.0,7.78,-0.14,-1.02,-0.07,1.02,2.01,-11.04,278.0,TEST2RR,AKR_TEST2RR,0.0,1.0,1.0,100.0
70000,1,walk,walk,6302,,6302.0,20.0,0.0,6.0,2.0,8.04,-0.012,-0.211,1.327,34.0,25.86,0.0,18.0,1271.0,42.0,7.01,-0.13,-1.02,-0.07,1.8,1.83,-10.22,278.0,TEST2RR,AKR_TEST2RR,0.0,1.0,1.0,100.0
70000,1,walk,walk,6303,,6303.0,20.0,1.0,6.0,2.0,8.08,-0.016,-0.314,2.087,34.0,25.86,0.0,19.0,1271.0,42.0,6.21,-0.11,-1.03,-0.08,2.76,1.5,-8.39,278.0,TEST2RR,AKR_TEST2RR,0.0,1.0,1.0,100.0
70020,1,walk,walk,6304,,6304.0,20.0,1.0,6.0,2.0,8.09,-0.02,-0.187,2.559,34.0,25.79,0.0,19.0,1271.0,42.0,5.44,-0.1,-1.04,-0.08,3.84,0.98,-5.53,278.0,TEST2RR,AKR_TEST2RR,0.0,1.0,1.0,100.0
70040,1,walk,walk,6305,,6305.0,20.0,1.0,6.0,2.0,8.08,-0.024,-0.096,2.886,34.0,25.76,0.0,19.0,1271.0,42.0,4.68,-0.09,-1.04,-0.08,4.92,0.26,-1.71,278.0,TEST2RR,AKR_TEST2RR,0.0,1.0,1.0,100.0
70080,1,walk,walk,6306,,6306.0,20.0,1.0,6.0,2.0,8.05,-0.023,0.147,2.675,34.0,25.76,0.0,19.0,1271.0,42.0,3.95,-0.07,-1.05,-0.08,5.91,-0.64,3.01,278.0,TEST2RR,AKR_TEST2RR,0.0,1.0,1.0,100.0
70080,1,walk,walk,6307,,6307.0,20.0,1.0,6.0,2.0,8.0,-0.02,0.17,2.183,34.0,25.79,0.0,19.0,1271.0,42.0,3.24,-0.06,-1.07,-0.08,6.72,-1.6,8.54,278.0,TEST2RR,AKR_TEST2RR,0.0,1.0,1.0,100.0
70100,1,walk,walk,6308,,6308.0,20.0,1.0,6.0,2.0,7.94,-0.015,0.397,1.55,34.0,25.86,0.0,19.0,1271.0,42.0,2.62,-0.05,-1.08,-0.08,7.26,-2.58,14.76,278.0,TEST2RR,AKR_TEST2RR,0.0,1.0,1.0,100.0
70140,1,walk,walk,6309,,6309.0,20.0,1.0,6.0,2.0,7.88,-0.01,0.285,0.998,34.0,25.9,0.0,19.0,1271.0,42.0,2.12,-0.04,-1.1,-0.08,7.5,-3.57,21.52,278.0,TEST2RR,AKR_TEST2RR,0.0,1.0,1.0,100.0
70140,1,walk,walk,6310,,6310.0,20.0,1.0,6.0,2.0,7.83,-0.006,0.164,0.587,34.0,25.9,0.0,19.0,1271.0,42.0,1.78,-0.03,-1.11,-0.07,7.4,-4.6,28.68,278.0,TEST2RR,AKR_TEST2RR,0.0,1.0,1.0,100.0
70160,1,walk,walk,6311,,6311.0,20.0,1.0,6.0,2.0,7.79,-0.004,0.13,0.165,34.0,25.9,0.0,19.0,1271.0,42.0,1.63,-0.03,-1.13,-0.07,6.99,-5.71,36.03,278.0,TEST2RR,AKR_TEST2RR,0.0,1.0,1.0,100.0
70180,1,walk,walk,6312,,6312.0,20.0,1.0,6.0,2.0,7.77,-0.001,0.318,-0.314,34.0,25.9,0.0,19.0,1271.0,42.0,1.67,-0.03,-1.14,-0.07,6.3,-6.99,43.3,278.0,TEST2RR,AKR_TEST2RR,0.0,1.0,1.0,100.0
70200,1,walk,walk,6313,,6313.0,20.0,1.0,6.0,2.0,7.79,0.002,0.237,-0.639,34.0,25.9,0.0,19.0,1271.0,42.0,1.87,-0.04,-1.14,-0.07,5.4,-8.59,50.03,278.0,TEST2RR,AKR_TEST2RR,0.0,1.0,1.0,100.0
70220,1,walk,walk,6314,,6314.0,20.0,1.0,6.0,2.0,7.86,0.004,-0.029,-0.584,34.0,25.9,0.0,19.0,1271.0,42.0,2.15,-0.04,-1.14,-0.07,4.37,-10.61,55.54,278.0,TEST2RR,AKR_TEST2RR,0.0,1.0,1.0,100.0
70240,1,walk,walk,6315,,6315.0,20.0,1.0,6.0,2.0,7.98,0.004,-0.058,-0.478,34.0,25.9,0.0,19.0,1271.0,42.0,2.4,-0.05,-1.14,-0.07,3.3,-13.07,59.24,278.0,TEST2RR,AKR_TEST2RR,0.0,1.0,1.0,100.0
70280,1,walk,walk,6316,,6316.0,20.0,1.0,6.0,2.0,8.16,0.003,-0.007,-0.408,34.0,25.9,0.0,19.0,1271.0,42.0,2.53,-0.05,-1.13,-0.08,2.26,-15.84,60.69,278.0,TEST2RR,AKR_TEST2RR,0.0,1.0,1.0,100.0
70300,1,walk,walk,6317,,6317.0,20.0,0.0,6.0,2.0,8.41,0.002,-0.122,-0.191,34.0,25.9,0.0,18.0,1271.0,42.0,2.45,-0.05,-1.11,-0.08,1.31,-18.63,59.62,278.0,TEST2RR,AKR_TEST2RR,0.0,1.0,1.0,100.0
70300,1,walk,walk,6318,,6318.0,20.0,1.0,6.0,2.0,8.73,0.001,-0.177,-0.025,34.0,25.9,0.0,19.0,1271.0,42.0,2.11,-0.04,-1.09,-0.08,0.44,-20.99,55.99,278.0,TEST2RR,AKR_TEST2RR,0.0,1.0,1.0,100.0
70320,1,walk,walk,6319,,6319.0,20.0,1.0,6.0,2.0,9.12,0.0,-0.162,0.074,34.0,25.9,0.0,19.0,1271.0,42.0,1.52,-0.03,-1.06,-0.08,-0.36,-22.45,49.91,278.0,TEST2RR,AKR_TEST2RR,0.0,1.0,1.0,100.0
70340,1,walk,walk,6320,,6320.0,20.0,0.0,6.0,2.0,9.56,-0.001,-0.03,0.176,34.0,25.9,0.0,18.0,1271.0,42.0,0.71,-0.01,-1.03,-0.08,-1.09,-22.59,41.68,278.0,TEST2RR,AKR_TEST2RR,0.0,1.0,1.0,100.0
70360,1,walk,walk,6321,,6321.0,20.0,1.0,1.0,5.0,10.06,-0.002,-0.05,0.305,34.0,25.9,0.0,19.0,1271.0,43.0,-0.22,0.0,-1.01,-0.08,-1.76,-21.15,31.72,278.0,TEST2RR,AKR_TEST2RR,0.0,1.0,1.0,100.0
70420,1,walk,walk,6322,,6322.0,20.0,0.0,1.0,5.0,10.6,-0.002,-0.079,0.287,34.0,25.83,0.0,19.0,1271.0,43.0,-1.12,0.02,-0.98,-0.08,-2.29,-18.07,20.83,278.0,TEST2RR,AKR_TEST2RR,0.0,1.0,1.0,100.0
70440,1,walk,walk,6323,,6323.0,20.0,0.0,1.0,5.0,11.15,-0.043,-3.34,-1.29,34.0,25.79,0.0,19.0,1271.0,43.0,-1.8,0.03,-0.96,-0.08,-2.61,-13.51,9.71,278.0,TEST2RR,AKR_TEST2RR,0.0,1.0,1.0,100.0
70440,1,walk,walk,6324,,6324.0,20.0,0.0,1.0,6.0,11.71,-0.089,-2.787,-2.063,34.0,25.72,0.0,19.0,1271.0,43.0,-2.09,0.03,-0.94,-0.08,-2.68,-7.91,-1.18,278.0,TEST2RR,AKR_TEST2RR,0.0,1.0,1.0,100.0
70460,1,walk,walk,6325,,6325.0,20.0,0.0,1.0,6.0,12.24,-0.126,-2.291,-2.79,34.0,25.65,0.0,19.0,1271.0,43.0,-1.9,0.03,-0.93,-0.08,-2.57,-1.92,-11.55,278.0,TEST2RR,AKR_TEST2RR,0.0,1.0,1.0,100.0
70460,1,walk,walk,6326,,6326.0,20.0,0.0,1.0,6.0,12.73,-0.155,-1.737,-3.456,34.0,25.54,0.0,19.0,1271.0,43.0,-1.18,0.02,-0.92,-0.09,-2.33,3.68,-21.14,278.0,TEST2RR,AKR_TEST2RR,0.0,1.0,1.0,100.0
70500,1,walk,walk,6327,,6327.0,20.0,0.0,1.0,6.0,13.16,-0.174,-1.216,-4.481,34.0,25.44,0.0,19.0,1271.0,43.0,0.04,0.0,-0.91,-0.1,-2.03,8.31,-29.82,278.0,TEST2RR,AKR_TEST2RR,0.0,1.0,1.0,100.0
70500,1,walk,walk,6328,,6328.0,20.0,0.0,1.0,6.0,13.52,-0.189,-0.806,-5.053,34.0,25.33,0.0,19.0,1271.0,43.0,1.67,-0.03,-0.91,-0.1,-1.76,11.65,-37.55,278.0,TEST2RR,AKR_TEST2RR,0.0,1.0,1.0,100.0
70520,1,walk,walk,6329,,6329.0,20.0,0.0,1.0,6.0,13.78,-0.197,-0.502,-5.724,34.0,25.23,0.0,19.0,1271.0,43.0,3.6,-0.06,-0.91,-0.11,-1.64,13.65,-44.17,278.0,TEST2RR,AKR_TEST2RR,0.0,1.0,1.0,100.0
70540,1,walk,walk,6330,,6330.0,20.0,0.0,1.0,6.0,13.94,-0.205,-0.425,-5.992,34.0,25.19,0.0,19.0,1271.0,43.0,5.72,-0.09,-0.91,-0.12,-1.84,14.49,-49.59,278.0,TEST2RR,AKR_TEST2RR,0.0,1.0,1.0,100.0
70560,1,walk,walk,6331,,6331.0,20.0,0.0,1.0,6.0,13.99,-0.209,-0.245,-6.352,34.0,25.12,0.0,19.0,1271.0,43.0,7.9,-0.13,-0.92,-0.13,-2.35,14.46,-53.7,278.0,TEST2RR,AKR_TEST2RR,0.0,1.0,1.0,100.0
70580,1,walk,walk,6332,,6332.0,20.0,0.0,1.0,6.0,13.93,-0.211,-0.013,-6.8,34.0,25.05,0.0,19.0,1271.0,43.0,10.09,-0.16,-0.92,-0.13,-3.13,13.86,-56.4,278.0,TEST2RR,AKR_TEST2RR,0.0,1.0,1.0,100.0
70620,1,walk,walk,6333,,6333.0,20.0,0.0,1.0,6.0,13.75,-0.211,-0.038,-6.978,34.0,25.02,0.0,19.0,1271.0,43.0,12.23,-0.2,-0.93,-0.13,-4.11,12.97,-57.64,278.0,TEST2RR,AKR_TEST2RR,0.0,1.0,1.0,100.0
70620,1,walk,walk,6334,,6334.0,20.0,0.0,3.0,7.0,13.47,-0.21,0.025,-7.07,34.0,25.02,0.0,19.0,1271.0,43.0,14.23,-0.24,-0.94,-0.13,-4.95,12.4,-57.15,278.0,TEST2RR,AKR_TEST2RR,0.0,1.0,1.0,100.0
70640,1,walk,walk,6335,,6335.0,20.0,0.0,3.0,7.0,13.09,-0.206,0.665,-8.019,34.0,24.81,0.0,19.0,1271.0,43.0,16.0,-0.27,-0.95,-0.12,-5.38,12.58,-54.69,278.0,TEST2RR,AKR_TEST2RR,0.0,1.0,1.0,100.0
70660,1,walk,walk,6336,,6336.0,20.0,0.0,3.0,7.0,12.62,-0.202,0.018,-7.675,34.0,24.84,0.0,19.0,1271.0,43.0,17.39,-0.3,-0.97,-0.11,-5.32,13.69,-50.35,278.0,TEST2RR,AKR_TEST2RR,0.0,1.0,1.0,100.0
70680,1,walk,walk,6337,,6337.0,20.0,0.0,3.0,7.0,12.07,-0.194,0.551,-8.248,34.0,24.74,0.0,19.0,1271.0,43.0,18.31,-0.33,-0.99,-0.09,-4.84,15.44,-44.42,278.0,TEST2RR,AKR_TEST2RR,0.0,1.0,1.0,100.0
70700,1,walk,walk,6338,,6338.0,20.0,0.0,3.0,7.0,11.46,-0.18,1.014,-8.974,34.0,24.6,0.0,19.0,1271.0,43.0,18.78,-0.34,-1.0,-0.06,-4.13,17.36,-37.39,278.0,TEST2RR,AKR_TEST2RR,0.0,1.0,1.0,100.0
70720,1,walk,walk,6339,,6339.0,20.0,0.0,3.0,7.0,10.81,-0.159,1.534,-9.407,34.0,24.56,0.0,19.0,1271.0,43.0,18.87,-0.35,-1.02,-0.04,-3.38,18.96,-29.83,278.0,TEST2RR,AKR_TEST2RR,0.0,1.0,1.0,100.0
70760,1,walk,walk,6340,,6340.0,20.0,0.0,3.0,7.0,10.14,-0.133,1.654,-8.938,34.0,24.77,0.0,19.0,1271.0,43.0,18.71,-0.35,-1.04,-0.02,-2.73,19.96,-22.26,279.0,TEST2RR,AKR_TEST2RR,0.0,1.0,1.0,100.0
70780,1,walk,walk,6341,,6341.0,20.0,0.0,3.0,7.0,9.46,-0.109,1.377,-7.293,34.0,25.12,0.0,19.0,1271.0,43.0,18.42,-0.35,-1.05,-0.01,-2.21,20.07,-15.18,279.0,TEST2RR,AKR_TEST2RR,0.0,1.0,1.0,100.0
70780,1,walk,walk,6342,,6342.0,20.0,0.0,3.0,7.0,8.79,-0.091,0.99,-5.474,34.0,25.47,0.0,19.0,1271.0,43.0,18.09,-0.35,-1.06,0.0,-1.78,19.18,-8.92,279.0,TEST2RR,AKR_TEST2RR,0.0,1.0,1.0,100.0
70800,1,walk,walk,6343,,6343.0,20.0,1.0,3.0,7.0,8.15,-0.078,0.567,-3.571,34.0,25.72,0.0,20.0,1271.0,43.0,17.74,-0.34,-1.07,0.01,-1.42,17.41,-3.65,279.0,TEST2RR,AKR_TEST2RR,0.0,1.0,1.0,100.0
70820,1,walk,walk,6344,,6344.0,20.0,0.0,0.0,1.0,7.55,-0.07,0.445,-2.099,34.0,25.83,0.0,19.0,1271.0,43.0,17.37,-0.34,-1.07,0.01,-1.14,15.0,0.54,279.0,TEST2RR,AKR_TEST2RR,0.0,1.0,1.0,100.0
70840,1,walk,walk,6345,,6345.0,20.0,0.0,0.0,1.0,7.01,-0.063,0.506,-0.899,34.0,25.83,0.0,19.0,1271.0,43.0,17.03,-0.33,-1.08,0.01,-0.96,12.15,3.61,279.0,TEST2RR,AKR_TEST2RR,0.0,1.0,1.0,100.0
70860,1,walk,walk,6346,,6346.0,20.0,0.0,0.0,1.0,6.53,-0.063,0.506,-0.899,34.0,25.83,0.0,39.0,1271.0,43.0,16.67,-0.32,-1.08,0.0,-0.89,9.18,5.72,279.0,TEST2RR,AKR_TEST2RR,0.0,1.0,1.0,100.0
70880,1,walk,walk,6347,,6347.0,20.0,0.0,0.0,1.0,6.12,-0.063,0.506,-0.899,34.0,25.83,0.0,59.0,1271.0,43.0,16.29,-0.31,-1.07,0.0,-0.94,6.38,6.98,279.0,TEST2RR,AKR_TEST2RR,0.0,1.0,1.0,100.0
70920,1,walk,walk,6348,,6348.0,20.0,0.0,0.0,1.0,5.78,-0.049,4.118,0.0,34.0,25.93,0.0,5.0,1271.0,43.0,15.89,-0.3,-1.07,-0.01,-1.1,3.96,7.45,279.0,TEST2RR,AKR_TEST2RR,0.0,1.0,1.0,100.0
70920,1,walk,walk,6349,,6349.0,20.0,0.0,0.0,1.0,5.51,-0.046,0.314,0.0,34.0,25.93,0.0,5.0,1271.0,43.0,15.45,-0.29,-1.06,-0.01,-1.36,1.99,7.15,279.0,TEST2RR,AKR_TEST2RR,0.0,1.0,1.0,100.0
70940,1,walk,walk,6350,,6350.0,20.0,0.0,0.0,1.0,5.32,-0.039,0.7,0.0,34.0,25.93,0.0,5.0,1271.0,43.0,14.97,-0.28,-1.06,-0.02,-1.7,0.48,6.08,279.0,TEST2RR,AKR_TEST2RR,0.0,1.0,1.0,100.0
70960,1,walk,walk,6351,,6351.0,20.0,0.0,0.0,1.0,5.2,-0.028,0.577,0.0,34.0,25.93,0.0,5.0,1271.0,43.0,14.45,-0.27,-1.05,-0.02,-2.09,-0.62,4.27,279.0,TEST2RR,AKR_TEST2RR,0.0,1.0,1.0,100.0
70980,1,walk,walk,6352,,6352.0,20.0,0.0,0.0,1.0,5.14,-0.019,0.755,0.0,34.0,25.93,0.0,5.0,1271.0,43.0,13.87,-0.26,-1.04,-0.03,-2.51,-1.35,1.82,279.0,TEST2RR,AKR_TEST2RR,0.0,1.0,1.0,100.0
71000,1,walk,walk,6353,,6353.0,20.0,1.0,0.0,1.0,5.13,-0.001,1.174,0.0,34.0,25.93,0.0,6.0,1271.0,43.0,13.23,-0.24,-1.04,-0.03,-2.91,-1.78,-1.17,279.0,TEST2RR,AKR_TEST2RR,0.0,1.0,1.0,100.0
71040,1,walk,walk,6354,,6354.0,20.0,1.0,0.0,1.0,5.16,0.02,1.835,0.0,34.0,25.93,0.0,6.0,1271.0,43.0,12.54,-0.23,-1.03,-0.04,-3.27,-1.97,-4.64,279.0,TEST2RR,AKR_TEST2RR,0.0,1.0,1.0,100.0
71060,1,walk,walk,6355,,6355.0,20.0,1.0,0.0,1.0,5.23,0.045,2.069,0.0,34.0,25.9,0.0,6.0,1271.0,43.0,11.8,-0.21,-1.03,-0.04,-3.56,-1.98,-8.58,279.0,TEST2RR,AKR_TEST2RR,0.0,1.0,1.0,100.0
71060,1,walk,walk,6356,,6356.0,20.0,1.0,0.0,1.0,5.32,0.075,2.218,0.0,34.0,25.93,0.0,6.0,1271.0,43.0,11.0,-0.2,-1.02,-0.05,-3.77,-1.83,-13.04,279.0,TEST2RR,AKR_TEST2RR,0.0,1.0,1.0,100.0
71100,1,walk,walk,6357,,6357.0,20.0,1.0,0.0,1.0,5.42,0.104,1.663,0.0,34.0,25.93,0.0,6.0,1271.0,43.0,10.13,-0.18,-1.02,-0.05,-3.94,-1.55,-18.01,279.0,TEST2RR,AKR_TEST2RR,0.0,1.0,1.0,100.0
71100,1,walk,walk,6358,,6358.0,20.0,1.0,0.0,1.0,5.52,0.118,0.539,0.0,34.0,25.93,0.0,6.0,1271.0,43.0,9.13,-0.16,-1.02,-0.06,-4.07,-1.18,-23.21,279.0,TEST2RR,AKR_TEST2RR,0.0,1.0,1.0,100.0
71120,1,walk,walk,6359,,6359.0,20.0,1.0,0.0,1.0,5.61,0.117,-0.51,0.0,34.0,25.93,0.0,6.0,1271.0,43.0,7.96,-0.14,-1.02,-0.06,-4.14,-0.79,-27.97,279.0,TEST2RR,AKR_TEST2RR,0.0,1.0,1.0,100.0
71140,1,walk,walk,6360,,6360.0,20.0,1.0,0.0,1.0,5.68,0.104,-1.061,0.0,34.0,25.93,0.0,6.0,1271.0,43.0,6.64,-0.12,-1.02,-0.07,-4.09,-0.42,-31.57,279.0,TEST2RR,AKR_TEST2RR,0.0,1.0,1.0,100.0
71160,1,walk,walk,6361,,6361.0,20.0,1.0,0.0,1.0,5.71,0.09,-1.052,0.0,34.0,25.93,0.0,6.0,1271.0,43.0,5.24,-0.09,-1.02,-0.07,-3.86,-0.11,-33.47,279.0,TEST2RR,AKR_TEST2RR,0.0,1.0,1.0,100.0
71180,1,walk,walk,6362,,6362.0,20.0,1.0,0.0,1.0,5.71,0.075,-0.651,0.0,34.0,25.93,0.0,6.0,1271.0,43.0,3.84,-0.07,-1.02,-0.08,-3.44,0.17,-33.48,279.0,TEST2RR,AKR_TEST2RR,0.0,1.0,1.0,100.0
71200,1,walk,walk,6363,,6363.0,20.0,1.0,0.0,1.0,5.65,0.064,-0.933,0.0,34.0,25.93,0.0,6.0,1271.0,43.0,2.51,-0.04,-1.02,-0.08,-2.85,0.45,-31.67,279.0,TEST2RR,AKR_TEST2RR,0.0,1.0,1.0,100.0
71240,1,walk,walk,6364,,6364.0,20.0,1.0,0.0,1.0,5.54,0.05,-0.788,0.0,34.0,25.93,0.0,6.0,1271.0,43.0,1.27,-0.02,-1.03,-0.09,-2.08,0.75,-28.26,279.0,TEST2RR,AKR_TEST2RR,0.0,1.0,1.0,100.0
71260,1,walk,walk,6365,,6365.0,20.0,0.0,0.0,1.0,5.39,0.037,-1.033,0.0,34.0,25.93,0.0,5.0,1271.0,43.0,0.19,0.0,-1.03,-0.09,-1.13,1.04,-23.54,279.0,TEST2RR,AKR_TEST2RR,0.0,1.0,1.0,100.0
71260,1,walk,walk,6366,,6366.0,20.0,0.0,0.0,1.0,5.18,0.018,-1.382,0.0,34.0,25.93,0.0,5.0,1271.0,43.0,-0.74,0.01,-1.04,-0.09,0.0,1.31,-17.75,279.0,TEST2RR,AKR_TEST2RR,0.0,1.0,1.0,100.0
71280,1,walk,walk,6367,,6367.0,20.0,0.0,0.0,1.0,4.92,-0.004,-1.864,0.0,34.0,25.93,0.0,5.0,1271.0,43.0,-1.5,0.03,-1.04,-0.1,1.3,1.52,-11.1,279.0,TEST2RR,AKR_TEST2RR,0.0,1.0,1.0,100.0
71300,1,walk,walk,6368,,6368.0,20.0,0.0,0.0,1.0,4.64,-0.033,-1.789,0.0,34.0,25.9,0.0,5.0,1271.0,43.0,-2.08,0.04,-1.04,-0.1,2.75,1.62,-3.69,279.0,TEST2RR,AKR_TEST2RR,0.0,1.0,1.0,100.0
71320,1,walk,walk,6369,,6369.0,20.0,0.0,0.0,1.0,4.32,-0.056,-1.302,0.0,34.0,25.9,0.0,5.0,1271.0,43.0,-2.53,0.05,-1.05,-0.1,4.28,1.55,4.37,279.0,TEST2RR,AKR_TEST2RR,0.0,1.0,1.0,100.0
71360,1,walk,walk,6370,,6370.0,20.0,0.0,0.0,1.0,4.0,-0.06,0.065,0.0,34.0,25.93,0.0,5.0,1271.0,43.0,-2.85,0.05,-1.06,-0.1,5.78,1.27,12.9,279.0,TEST2RR,AKR_TEST2RR,0.0,1.0,1.0,100.0
71360,1,walk,walk,6371,,6371.0,20.0,0.0,0.0,1.0,3.67,-0.057,0.495,0.0,34.0,25.93,0.0,5.0,1271.0,43.0,-3.07,0.06,-1.07,-0.1,7.16,0.71,21.63,279.0,TEST2RR,AKR_TEST2RR,0.0,1.0,1.0,100.0
71420,1,walk,walk,6372,,6372.0,20.0,0.0,0.0,1.0,3.36,-0.051,0.442,0.0,34.0,25.93,0.0,5.0,1271.0,43.0,-3.18,0.06,-1.08,-0.1,8.31,-0.11,30.33,279.0,TEST2RR,AKR_TEST2RR,0.0,1.0,1.0,100.0
71420,1,walk,walk,6373,,6373.0,20.0,0.0,0.0,1.0,3.08,-0.041,0.843,0.0,34.0,25.93,0.0,5.0,1271.0,43.0,-3.18,0.06,-1.1,-0.1,9.13,-1.21,38.86,279.0,TEST2RR,AKR_TEST2RR,0.0,1.0,1.0,100.0
71420,1,walk,walk,6374,,6374.0,20.0,0.0,0.0,1.0,2.84,-0.022,1.181,0.0,34.0,25.93,0.0,5.0,1271.0,43.0,-3.05,0.06,-1.12,-0.1,9.55,-2.61,47.0,279.0,TEST2RR,AKR_TEST2RR,0.0,1.0,1.0,100.0
71440,1,walk,walk,6375,,6375.0,20.0,0.0,0.0,1.0,2.67,0.001,1.526,0.0,34.0,25.93,0.0,5.0,1271.0,43.0,-2.79,0.06,-1.14,-0.1,9.57,-4.36,54.54,279.0,TEST2RR,AKR_TEST2RR,0.0,1.0,1.0,100.0
71480,1,walk,walk,6376,,6376.0,20.0,0.0,0.0,1.0,2.56,0.02,1.178,0.0,34.0,25.9,0.0,5.0,1271.0,43.0,-2.42,0.05,-1.15,-0.09,9.2,-6.48,61.23,279.0,TEST2RR,AKR_TEST2RR,0.0,1.0,1.0,100.0
71500,1,walk,walk,6377,,6377.0,20.0,0.0,0.0,1.0,2.54,0.023,-0.229,0.0,34.0,25.93,0.0,5.0,1271.0,43.0,-2.04,0.04,-1.16,-0.09,8.52,-8.88,66.73,279.0,TEST2RR,AKR_TEST2RR,0.0,1.0,1.0,100.0
71500,1,walk,walk,6378,,6378.0,20.0,0.0,0.0,1.0,2.61,0.019,-0.271,0.0,34.0,25.93,0.0,5.0,1271.0,43.0,-1.72,0.03,-1.16,-0.09,7.62,-11.4,70.62,279.0,TEST2RR,AKR_TEST2RR,0.0,1.0,1.0,100.0
71520,1,walk,walk,6379,,6379.0,20.0,0.0,0.0,1.0,2.77,0.015,-0.257,0.0,34.0,25.93,0.0,5.0,1271.0,43.0,-1.56,0.03,-1.15,-0.09,6.61,-13.86,72.54,279.0,TEST2RR,AKR_TEST2RR,0.0,1.0,1.0,100.0
71540,1,walk,walk,6380,,6380.0,20.0,0.0,0.0,1.0,3.04,0.007,-0.8,0.0,34.0,25.93,0.0,5.0,1271.0,43.0,-1.61,0.03,-1.14,-0.08,5.55,-16.06,72.22,279.0,TEST2RR,AKR_TEST2RR,0.0,1.0,1.0,100.0
71580,1,walk,walk,6381,,6381.0,20.0,0.0,0.0,1.0,3.4,-0.007,-0.831,0.0,34.0,25.93,0.0,5.0,1271.0,43.0,-1.9,0.04,-1.12,-0.08,4.5,-17.79,69.57,279.0,TEST2RR,AKR_TEST2RR,0.0,1.0,1.0,100.0
71580,1,walk,walk,6382,,6382.0,20.0,0.0,0.0,1.0,3.86,-0.011,-0.069,0.0,34.0,25.93,0.0,5.0,1271.0,43.0,-2.4,0.05,-1.09,-0.08,3.5,-18.84,64.54,279.0,TEST2RR,AKR_TEST2RR,0.0,1.0,1.0,100.0
71600,1,walk,walk,6383,,6383.0,20.0,0.0,0.0,1.0,4.41,-0.011,-0.066,0.0,34.0,25.93,0.0,5.0,1271.0,43.0,-3.07,0.06,-1.06,-0.07,2.58,-19.06,57.2,279.0,TEST2RR,AKR_TEST2RR,0.0,1.0,1.0,100.0
71620,1,walk,walk,6384,,6384.0,20.0,0.0,0.0,1.0,5.03,-0.011,0.069,0.0,34.0,25.93,0.0,5.0,1271.0,43.0,-3.81,0.07,-1.02,-0.07,1.77,-18.31,47.77,279.0,TEST2RR,AKR_TEST2RR,0.0,1.0,1.0,100.0
71640,1,walk,walk,6385,,6385.0,20.0,0.0,0.0,1.0,5.71,-0.011,0.005,0.0,34.0,25.93,0.0,5.0,1271.0,43.0,-4.48,0.08,-0.99,-0.06,1.09,-16.52,36.61,279.0,TEST2RR,AKR_TEST2RR,0.0,1.0,1.0,100.0
71660,1,walk,walk,6386,,6386.0,20.0,0.0,0.0,1.0,6.43,-0.01,0.187,0.0,34.0,25.93,0.0,5.0,1271.0,43.0,-4.92,0.08,-0.96,-0.06,0.56,-13.78,24.16,279.0,TEST2RR,AKR_TEST2RR,0.0,1.0,1.0,100.0
71680,1,walk,walk,6387,,6387.0,20.0,0.0,0.0,1.0,7.17,-0.007,0.271,0.0,34.0,25.93,0.0,5.0,1271.0,43.0,-4.99,0.08,-0.93,-0.06,0.19,-10.29,10.89,279.0,TEST2RR,AKR_TEST2RR,0.0,1.0,1.0,100.0
71720,1,walk,walk,6388,,6388.0,20.0,1.0,0.0,1.0,7.9,-0.003,0.37,0.0,34.0,25.93,0.0,6.0,1271.0,43.0,-4.56,0.07,-0.91,-0.07,-0.01,-6.29,-2.75,280.0,TEST2RR,AKR_TEST2RR,0.0,1.0,1.0,100.0
71740,1,walk,walk,6389,,6389.0,20.0,1.0,6.0,2.0,8.6,0.003,0.536,0.0,34.0,25.93,0.0,6.0,1271.0,43.0,-3.55,0.06,-0.9,-0.07,-0.09,-2.09,-16.28,280.0,TEST2RR,AKR_TEST2RR,0.0,1.0,1.0,100.0
71740,1,walk,walk,6390,,6390.0,20.0,0.0,6.0,2.0,9.25,0.007,0.923,-0.163,34.0,25.9,0.0,18.0,1271.0,43.0,-1.95,0.03,-0.89,-0.08,-0.11,2.05,-29.21,280.0,TEST2RR,AKR_TEST2RR,0.0,1.0,1.0,100.0
71780,1,walk,walk,6391,,6391.0,20.0,0.0,6.0,2.0,9.82,0.007,0.015,-0.795,34.0,25.9,0.0,18.0,1271.0,43.0,0.2,0.0,-0.89,-0.09,-0.17,5.87,-40.97,280.0,TEST2RR,AKR_TEST2RR,0.0,1.0,1.0,100.0
71780,1,walk,walk,6392,,6392.0,20.0,0.0,6.0,2.0,10.29,0.008,0.194,-1.126,34.0,25.9,0.0,18.0,1271.0,43.0,2.82,-0.04,-0.89,-0.11,-0.39,9.18,-51.04,280.0,TEST2RR,AKR_TEST2RR,0.0,1.0,1.0,100.0
71800,1,walk,walk,6393,,6393.0,20.0,1.0,6.0,2.0,10.64,0.011,0.261,-1.561,34.0,25.86,0.0,19.0,1271.0,43.0,5.78,-0.09,-0.9,-0.12,-0.86,11.84,-58.97,280.0,TEST2RR,AKR_TEST2RR,0.0,1.0,1.0,100.0
71820,1,walk,walk,6394,,6394.0,20.0,0.0,6.0,2.0,10.88,0.014,0.228,-1.861,34.0,25.86,0.0,18.0,1271.0,43.0,8.9,-0.14,-0.9,-0.14,-1.67,13.77,-64.41,280.0,TEST2RR,AKR_TEST2RR,0.0,1.0,1.0,100.0
71840,1,walk,walk,6395,,6395.0,20.0,1.0,6.0,2.0,10.97,0.016,0.138,-2.045,34.0,25.83,0.0,19.0,1271.0,43.0,12.04,-0.2,-0.92,-0.15,-2.85,14.93,-67.19,280.0,TEST2RR,AKR_TEST2RR,0.0,1.0,1.0,100.0
71900,1,walk,walk,6396,,6396.0,20.0,1.0,6.0,2.0,10.94,0.018,0.073,-2.286,34.0,25.83,0.0,19.0,1271.0,43.0,15.01,-0.25,-0.93,-0.16,-4.39,15.32,-67.27,280.0,TEST2RR,AKR_TEST2RR,0.0,1.0,1.0,100.0
71900,1,walk,walk,6397,,6397.0,20.0,1.0,6.0,2.0,10.77,0.02,0.166,-2.547,34.0,25.79,0.0,19.0,1271.0,43.0,17.38,-0.3,-0.94,-0.17,-6.1,15.14,-64.83,280.0,TEST2RR,AKR_TEST2RR,0.0,1.0,1.0,100.0
71900,1,walk,walk,6398,,6398.0,20.0,1.0,6.0,2.0,10.47,0.025,0.493,-3.445,34.0,25.69,0.0,19.0,1271.0,43.0,18.91,-0.33,-0.96,-0.16,-7.41,14.86,-60.25,280.0,TEST2RR,AKR_TEST2RR,0.0,1.0,1.0,100.0
71920,1,walk,walk,6399,,6399.0,20.0,1.0,6.0,2.0,10.07,0.026,-0.117,-3.07,34.0,25.72,0.0,19.0,1271.0,43.0,19.66,-0.35,-0.99,-0.15,-8.02,14.71,-53.96,280.0,TEST2RR,AKR_TEST2RR,0.0,1.0,1.0,100.0
71940,1,walk,walk,6400,,6400.0,20.0,1.0,6.0,2.0,9.57,0.02,-0.549,-2.041,34.0,25.83,0.0,19.0,1271.0,43.0,19.77,-0.37,-1.02,-0.13,-7.92,14.53,-46.6,280.0,TEST2RR,AKR_TEST2RR,0.0,1.0,1.0,100.0
71960,1,walk,walk,6401,,6401.0,20.0,1.0,6.0,2.0,9.0,0.016,-0.237,-1.831,34.0,25.83,0.0,19.0,1271.0,43.0,19.38,-0.37,-1.04,-0.11,-7.32,14.19,-38.65,280.0,TEST2RR,AKR_TEST2RR,0.0,1.0,1.0,100.0
72000,1,walk,walk,6402,,6402.0,20.0,1.0,6.0,2.0,8.38,0.008,-0.63,-0.663,34.0,25.9,0.0,19.0,1271.0,43.0,18.64,-0.36,-1.07,-0.08,-6.47,13.59,-30.47,280.0,TEST2RR,AKR_TEST2RR,0.0,1.0,1.0,100.0
72020,1,walk,walk,6403,,6403.0,20.0,1.0,6.0,2.0,7.72,0.002,-0.182,-0.017,34.0,25.9,0.0,19.0,1271.0,43.0,17.69,-0.35,-1.09,-0.06,-5.58,12.71,-22.46,280.0,TEST2RR,AKR_TEST2RR,0.0,1.0,1.0,100.0
72020,1,walk,walk,6404,,6404.0,20.0,1.0,6.0,2.0,7.05,-0.001,-0.135,0.423,34.0,25.9,0.0,19.0,1271.0,43.0,16.64,-0.33,-1.1,-0.04,-4.78,11.56,-14.98,280.0,TEST2RR,AKR_TEST2RR,0.0,1.0,1.0,100.0
72060,1,walk,walk,6405,,6405.0,20.0,1.0,6.0,2.0,6.39,-0.004,-0.15,0.687,34.0,25.9,0.0,19.0,1271.0,43.0,15.58,-0.31,-1.11,-0.02,-4.11,10.24,-8.33,280.0,TEST2RR,AKR_TEST2RR,0.0,1.0,1.0,100.0
72080,1,walk,walk,6406,,6406.0,20.0,1.0,6.0,2.0,5.75,-0.006,-0.117,0.747,34.0,25.9,0.0,19.0,1271.0,43.0,14.54,-0.29,-1.11,-0.01,-3.55,8.84,-2.74,280.0,TEST2RR,AKR_TEST2RR,0.0,1.0,1.0,100.0
72080,1,walk,walk,6407,,6407.0,20.0,1.0,6.0,2.0,5.16,-0.006,0.014,0.713,34.0,25.9,0.0,19.0,1271.0,43.0,13.56,-0.27,-1.11,0.0,-3.09,7.47,1.64,280.0,TEST2RR,AKR_TEST2RR,0.0,1.0,1.0,100.0
72100,1,walk,walk,6408,,6408.0,20.0,1.0,6.0,2.0,4.62,-0.006,-0.022,0.622,34.0,25.9,0.0,19.0,1271.0,43.0,12.65,-0.25,-1.1,0.0,-2.67,6.23,4.77,280.0,TEST2RR,AKR_TEST2RR,0.0,1.0,1.0,100.0
72120,1,walk,walk,6409,,6409.0,20.0,1.0,6.0,2.0,4.14,-0.005,0.135,0.434,34.0,25.9,0.0,19.0,1271.0,43.0,11.82,-0.23,-1.1,0.0,-2.3,5.18,6.67,280.0,TEST2RR,AKR_TEST2RR,0.0,1.0,1.0,100.0
72160,1,walk,walk,6410,,6410.0,20.0,1.0,6.0,2.0,3.74,-0.004,0.152,0.111,34.0,25.9,0.0,19.0,1271.0,43.0,11.05,-0.21,-1.09,-0.01,-1.99,4.36,7.44,280.0,TEST2RR,AKR_TEST2RR,0.0,1.0,1.0,100.0
72160,1,walk,walk,6411,,6411.0,20.0,1.0,6.0,2.0,3.4,-0.002,0.119,0.097,34.0,25.9,0.0,19.0,1271.0,43.0,10.32,-0.2,-1.08,-0.01,-1.77,3.74,7.22,280.0,TEST2RR,AKR_TEST2RR,0.0,1.0,1.0,100.0
72200,1,walk,walk,6412,,6412.0,20.0,1.0,6.0,2.0,3.13,0.0,0.183,-0.294,34.0,25.9,0.0,19.0,1271.0,43.0,9.61,-0.18,-1.07,-0.02,-1.66,3.32,6.19,280.0,TEST2RR,AKR_TEST2RR,0.0,1.0,1.0,100.0
72220,1,walk,walk,6413,,6413.0,20.0,1.0,6.0,2.0,2.94,0.002,0.147,-0.523,34.0,25.9,0.0,19.0,1271.0,43.0,8.9,-0.17,-1.06,-0.02,-1.62,3.06,4.56,280.0,TEST2RR,AKR_TEST2RR,0.0,1.0,1.0,100.0
72220,1,walk,walk,6414,,6414.0,20.0,1.0,6.0,2.0,2.8,0.004,0.16,-0.958,34.0,25.9,0.0,19.0,1271.0,43.0,8.18,-0.15,-1.05,-0.03,-1.61,2.95,2.56,280.0,TEST2RR,AKR_TEST2RR,0.0,1.0,1.0,100.0
72240,1,walk,walk,6415,,6415.0,20.0,1.0,6.0,2.0,2.72,0.008,0.218,-1.316,34.0,25.9,0.0,19.0,1271.0,43.0,7.44,-0.14,-1.05,-0.04,-1.58,2.94,0.37,280.0,TEST2RR,AKR_TEST2RR,0.0,1.0,1.0,100.0
72260,1,walk,walk,6416,,6416.0,20.0,1.0,6.0,2.0,2.69,0.012,0.224,-1.688,34.0,25.86,0.0,19.0,1271.0,43.0,6.7,-0.12,-1.04,-0.04,-1.52,3.01,-1.83,280.0,TEST2RR,AKR_TEST2RR,0.0,1.0,1.0,100.0
72280,1,walk,walk,6417,,6417.0,20.0,1.0,6.0,2.0,2.69,0.015,0.186,-1.991,34.0,25.83,0.0,19.0,1271.0,43.0,5.95,-0.11,-1.04,-0.05,-1.42,3.13,-3.86,280.0,TEST2RR,AKR_TEST2RR,0.0,1.0,1.0,100.0
72320,1,walk,walk,6418,,6418.0,20.0,1.0,6.0,2.0,2.73,0.016,0.011,-2.102,34.0,25.83,0.0,19.0,1271.0,43.0,5.21,-0.09,-1.04,-0.06,-1.27,3.26,-5.6,280.0,TEST2RR,AKR_TEST2RR,0.0,1.0,1.0,100.0
72320,1,walk,walk,6419,,6419.0,20.0,1.0,6.0,2.0,2.78,0.017,-0.001,-2.137,34.0,25.83,0.0,19.0,1271.0,43.0,4.48,-0.08,-1.04,-0.06,-1.05,3.35,-6.93,280.0,TEST2RR,AKR_TEST2RR,0.0,1.0,1.0,100.0
72340,1,walk,walk,6420,,6420.0,20.0,1.0,6.0,2.0,2.84,0.017,-0.072,-1.998,34.0,25.83,0.0,19.0,1271.0,43.0,3.77,-0.07,-1.03,-0.07,-0.76,3.37,-7.76,280.0,TEST2RR,AKR_TEST2RR,0.0,1.0,1.0,100.0
72380,1,walk,walk,6421,,6421.0,20.0,1.0,6.0,2.0,2.9,0.015,-0.05,-1.808,34.0,25.86,0.0,19.0,1271.0,43.0,3.09,-0.06,-1.03,-0.08,-0.37,3.27,-8.04,280.0,TEST2RR,AKR_TEST2RR,0.0,1.0,1.0,100.0
72400,1,walk,walk,6422,,6422.0,20.0,1.0,6.0,2.0,2.96,0.013,-0.232,-1.413,34.0,25.86,0.0,19.0,1271.0,43.0,2.44,-0.04,-1.03,-0.08,0.14,3.07,-7.71,280.0,TEST2RR,AKR_TEST2RR,0.0,1.0,1.0,100.0
72400,1,walk,walk,6423,,6423.0,20.0,1.0,6.0,2.0,3.0,0.008,-0.381,-0.781,34.0,25.9,0.0,19.0,1271.0,43.0,1.81,-0.03,-1.03,-0.09,0.8,2.78,-6.69,280.0,TEST2RR,AKR_TEST2RR,0.0,1.0,1.0,100.0
72420,1,walk,walk,6424,,6424.0,20.0,1.0,6.0,2.0,3.03,0.003,-0.207,-0.044,34.0,25.9,0.0,19.0,1271.0,43.0,1.2,-0.02,-1.04,-0.09,1.64,2.29,-4.9,280.0,TEST2RR,AKR_TEST2RR,0.0,1.0,1.0,100.0
72440,1,walk,walk,6425,,6425.0,20.0,1.0,6.0,2.0,3.05,-0.002,-0.319,0.743,34.0,25.9,0.0,19.0,1271.0,43.0,0.61,-0.01,-1.04,-0.09,2.71,1.52,-2.26,280.0,TEST2RR,AKR_TEST2RR,0.0,1.0,1.0,100.0
72460,1,walk,walk,6426,,6426.0,20.0,1.0,6.0,2.0,3.05,-0.009,-0.464,1.661,34.0,25.86,0.0,19.0,1271.0,43.0,0.07,0.0,-1.04,-0.1,3.95,0.5,1.22,280.0,TEST2RR,AKR_TEST2RR,0.0,1.0,1.0,100.0
72480,1,walk,walk,6427,,6427.0,20.0,1.0,6.0,2.0,3.04,-0.017,-0.5,2.472,34.0,25.83,0.0,19.0,1271.0,43.0,-0.42,0.01,-1.05,-0.1,5.29,-0.69,5.46,280.0,TEST2RR,AKR_TEST2RR,0.0,1.0,1.0,100.0
72500,1,walk,walk,6428,,6428.0,20.0,1.0,6.0,2.0,3.02,-0.022,-0.128,2.75,34.0,25.76,0.0,19.0,1271.0,43.0,-0.86,0.02,-1.05,-0.1,6.57,-1.98,10.39,280.0,TEST2RR,AKR_TEST2RR,0.0,1.0,1.0,100.0
72540,1,walk,walk,6429,,6429.0,20.0,1.0,6.0,2.0,3.0,-0.02,0.28,2.21,34.0,25.79,0.0,19.0,1271.0,43.0,-1.25,0.02,-1.07,-0.1,7.66,-3.3,15.91,280.0,TEST2RR,AKR_TEST2RR,0.0,1.0,1.0,100.0
72560,1,walk,walk,6430,,6430.0,20.0,1.0,6.0,2.0,2.97,-0.015,0.424,1.49,34.0,25.86,0.0,19.0,1271.0,43.0,-1.57,0.03,-1.08,-0.1,8.45,-4.59,21.91,280.0,TEST2RR,AKR_TEST2RR,0.0,1.0,1.0,100.0
72580,1,walk,walk,6431,,6431.0,20.0,1.0,6.0,2.0,2.95,-0.009,0.311,0.864,34.0,25.86,0.0,19.0,1271.0,43.0,-1.77,0.03,-1.09,-0.1,8.88,-5.83,28.24,280.0,TEST2RR,AKR_TEST2RR,0.0,1.0,1.0,100.0
72580,1,walk,walk,6432,,6432.0,20.0,1.0,6.0,2.0,2.95,-0.004,0.218,0.231,34.0,25.9,0.0,19.0,1271.0,43.0,-1.83,0.04,-1.11,-0.09,8.9,-7.05,34.74,280.0,TEST2RR,AKR_TEST2RR,0.0,1.0,1.0,100.0
72600,1,walk,walk,6433,,6433.0,20.0,1.0,6.0,2.0,2.98,-0.002,0.326,-0.24,34.0,25.9,0.0,19.0,1271.0,43.0,-1.72,0.03,-1.12,-0.09,8.55,-8.28,41.19,280.0,TEST2RR,AKR_TEST2RR,0.0,1.0,1.0,100.0
72640,1,walk,walk,6434,,6434.0,20.0,1.0,6.0,2.0,3.04,0.002,0.265,-0.637,34.0,25.9,0.0,19.0,1271.0,43.0,-1.45,0.03,-1.13,-0.09,7.88,-9.61,47.24,280.0,TEST2RR,AKR_TEST2RR,0.0,1.0,1.0,100.0
72640,1,walk,walk,6435,,6435.0,20.0,1.0,6.0,2.0,3.14,0.003,0.053,-0.577,34.0,25.9,0.0,19.0,1271.0,43.0,-1.08,0.02,-1.14,-0.08,6.99,-11.08,52.33,280.0,TEST2RR,AKR_TEST2RR,0.0,1.0,1.0,100.0
72660,1,walk,walk,6436,,6436.0,20.0,1.0,6.0,2.0,3.29,0.004,0.113,-0.459,34.0,25.9,0.0,19.0,1271.0,43.0,-0.68,0.01,-1.14,-0.08,5.96,-12.69,55.96,280.0,TEST2RR,AKR_TEST2RR,0.0,1.0,1.0,100.0
72680,1,walk,walk,6437,,6437.0,20.0,1.0,6.0,2.0,3.5,0.003,0.017,-0.336,34.0,25.9,0.0,19.0,1271.0,43.0,-0.33,0.01,-1.13,-0.08,4.86,-14.41,57.72,281.0,TEST2RR,AKR_TEST2RR,0.0,1.0,1.0,100.0
72720,1,walk,walk,6438,,6438.0,20.0,1.0,6.0,2.0,3.78,0.002,-0.099,-0.2,34.0,25.9,0.0,19.0,1271.0,43.0,-0.07,0.0,-1.12,-0.08,3.76,-16.1,57.34,281.0,TEST2RR,AKR_TEST2RR,0.0,1.0,1.0,100.0
72720,1,walk,walk,6439,,6439.0,20.0,1.0,6.0,2.0,4.11,0.001,-0.142,-0.04,34.0,25.9,0.0,19.0,1271.0,43.0,0.07,0.0,-1.1,-0.07,2.67,-17.54,54.74,281.0,TEST2RR,AKR_TEST2RR,0.0,1.0,1.0,100.0
72740,1,walk,walk,6440,,6440.0,20.0,0.0,6.0,2.0,4.51,0.001,-0.105,-0.014,34.0,25.9,0.0,18.0,1271.0,43.0,0.11,0.0,-1.07,-0.07,1.6,-18.56,50.02,281.0,TEST2RR,AKR_TEST2RR,0.0,1.0,1.0,100.0
72760,1,walk,walk,6441,,6441.0,20.0,1.0,6.0,2.0,4.97,0.0,0.025,0.032,34.0,25.9,0.0,19.0,1271.0,43.0,0.11,0.0,-1.04,-0.07,0.54,-18.98,43.41,281.0,TEST2RR,AKR_TEST2RR,0.0,1.0,1.0,100.0
72780,1,walk,walk,6442,,6442.0,20.0,1.0,0.0,5.0,5.48,0.0,-0.07,-0.006,34.0,25.9,0.0,19.0,1271.0,43.0,0.14,0.0,-1.01,-0.07,-0.5,-18.8,35.27,281.0,TEST2RR,AKR_TEST2RR,0.0,1.0,1.0,100.0
72800,1,walk,walk,6443,,6443.0,20.0,0.0,0.0,5.0,6.03,0.0,0.053,-0.103,34.0,25.9,0.0,19.0,1271.0,43.0,0.32,-0.01,-0.98,-0.07,-1.5,-18.14,25.97,281.0,TEST2RR,AKR_TEST2RR,0.0,1.0,1.0,100.0
72820,1,walk,walk,6444,,6444.0,20.0,0.0,0.0,5.0,6.61,0.0,0.053,-0.103,34.0,25.9,0.0,39.0,1271.0,43.0,0.77,-0.01,-0.95,-0.07,-2.47,-17.3,15.88,281.0,TEST2RR,AKR_TEST2RR,0.0,1.0,1.0,100.0
72860,1,walk,walk,6445,,6445.0,20.0,0.0,0.0,5.0,7.2,0.0,0.053,-0.103,34.0,25.9,0.0,59.0,1271.0,43.0,1.57,-0.03,-0.92,-0.07,-3.39,-16.65,5.31,281.0,TEST2RR,AKR_TEST2RR,0.0,1.0,1.0,100.0
72880,1,walk,walk,6446,,6446.0,20.0,0.0,0.0,6.0,7.77,0.018,4.777,0.0,34.0,25.97,0.0,5.0,1271.0,43.0,2.73,-0.04,-0.89,-0.08,-4.31,-16.48,-5.47,281.0,TEST2RR,AKR_TEST2RR,0.0,1.0,1.0,100.0
72880,1,walk,walk,6447,,6447.0,20.0,0.0,0.0,6.0,8.33,0.029,0.676,0.0,34.0,25.93,0.0,5.0,1271.0,43.0,4.23,-0.06,-0.86,-0.09,-5.25,-16.93,-16.12,281.0,TEST2RR,AKR_TEST2RR,0.0,1.0,1.0,100.0
72900,1,walk,walk,6448,,6448.0,20.0,0.0,0.0,6.0,8.84,0.045,1.561,0.0,34.0,25.93,0.0,5.0,1271.0,43.0,5.99,-0.09,-0.85,-0.09,-6.23,-18.02,-26.33,281.0,TEST2RR,AKR_TEST2RR,0.0,1.0,1.0,100.0
72920,1,walk,walk,6449,,6449.0,20.0,0.0,0.0,6.0,9.29,0.075,2.306,0.0,34.0,25.93,0.0,5.0,1271.0,43.0,7.89,-0.12,-0.83,-0.1,-7.27,-19.63,-35.81,281.0,TEST2RR,AKR_TEST2RR,0.0,1.0,1.0,100.0
72960,1,walk,walk,6450,,6450.0,20.0,0.0,0.0,6.0,9.66,0.108,2.074,0.0,34.0,25.93,0.0,5.0,1271.0,43.0,9.84,-0.14,-0.83,-0.11,-8.36,-21.57,-44.3,281.0,TEST2RR,AKR_TEST2RR,0.0,1.0,1.0,100.0
72960,1,walk,walk,6451,,6451.0,20.0,0.0,0.0,6.0,9.95,0.131,0.981,0.0,34.0,25.93,0.0,5.0,1271.0,43.0,11.8,-0.17,-0.83,-0.11,-9.48,-23.55,-51.5,281.0,TEST2RR,AKR_TEST2RR,0.0,1.0,1.0,100.0
72980,1,walk,walk,6452,,6452.0,20.0,0.0,0.0,6.0,10.14,0.138,-0.166,0.0,34.0,25.93,0.0,5.0,1271.0,43.0,13.68,-0.2,-0.84,-0.12,-10.59,-25.37,-57.04,281.0,TEST2RR,AKR_TEST2RR,0.0,1.0,1.0,100.0
73020,1,walk,walk,6453,,6453.0,20.0,0.0,0.0,6.0,10.23,0.123,-0.263,0.0,34.0,25.93,0.0,5.0,1271.0,43.0,15.23,-0.23,-0.86,-0.12,-11.32,-27.2,-60.81,281.0,TEST2RR,AKR_TEST2RR,0.0,1.0,1.0,100.0
73020,1,walk,walk,6454,,6454.0,20.0,0.0,0.0,6.0,10.21,0.134,0.524,0.0,34.0,25.93,0.0,5.0,1271.0,43.0,16.1,-0.26,-0.89,-0.12,-11.37,-28.7,-62.86,281.0,TEST2RR,AKR_TEST2RR,0.0,1.0,1.0,100.0
73060,1,walk,walk,6455,,6455.0,20.0,0.0,0.0,6.0,10.08,0.128,-1.126,0.0,34.0,25.93,0.0,5.0,1271.0,43.0,16.19,-0.27,-0.93,-0.11,-10.69,-29.66,-62.96,281.0,TEST2RR,AKR_TEST2RR,0.0,1.0,1.0,100.0
73060,1,walk,walk,6456,,6456.0,20.0,0.0,0.0,7.0,9.85,0.11,-1.24,0.0,34.0,25.93,0.0,5.0,1271.0,43.0,15.62,-0.27,-0.96,-0.09,-9.5,-29.84,-60.97,281.0,TEST2RR,AKR_TEST2RR,0.0,1.0,1.0,100.0
73080,1,walk,walk,6457,,6457.0,20.0,0.0,0.0,7.0,9.52,0.096,-0.681,0.0,34.0,25.93,0.0,5.0,1271.0,43.0,14.58,-0.26,-1.0,-0.07,-8.08,-29.2,-57.06,281.0,TEST2RR,AKR_TEST2RR,0.0,1.0,1.0,100.0
73100,1,walk,walk,6458,,6458.0,20.0,0.0,0.0,7.0,9.11,0.087,-0.863,0.0,34.0,25.93,0.0,5.0,1271.0,43.0,13.27,-0.24,-1.04,-0.04,-6.66,-27.87,-51.56,281.0,TEST2RR,AKR_TEST2RR,0.0,1.0,1.0,100.0
73120,1,walk,walk,6459,,6459.0,20.0,0.0,0.0,7.0,8.61,0.073,-0.818,0.0,34.0,25.93,0.0,5.0,1271.0,43.0,11.84,-0.22,-1.06,-0.03,-5.38,-26.05,-44.87,281.0,TEST2RR,AKR_TEST2RR,0.0,1.0,1.0,100.0
73140,1,walk,walk,6460,,6460.0,20.0,0.0,0.0,7.0,8.05,0.061,-1.059,0.0,34.0,25.93,0.0,5.0,1271.0,43.0,10.42,-0.2,-1.08,-0.01,-4.29,-23.9,-37.41,281.0,TEST2RR,AKR_TEST2RR,0.0,1.0,1.0,100.0
73160,1,walk,walk,6461,,6461.0,20.0,0.0,0.0,7.0,7.45,0.046,-0.869,0.0,34.0,25.93,0.0,5.0,1271.0,43.0,9.08,-0.18,-1.1,0.0,-3.35,-21.57,-29.62,281.0,TEST2RR,AKR_TEST2RR,0.0,1.0,1.0,100.0
73200,1,walk,walk,6462,,6462.0,20.0,0.0,0.0,7.0,6.81,0.036,-0.821,0.0,34.0,25.93,0.0,5.0,1271.0,43.0,7.89,-0.15,-1.1,0.0,-2.5,-19.18,-21.91,281.0,TEST2RR,AKR_TEST2RR,0.0,1.0,1.0,100.0
73200,1,walk,walk,6463,,6463.0,20.0,0.0,0.0,7.0,6.15,0.022,-0.761,0.0,34.0,25.93,0.0,5.0,1271.0,43.0,6.86,-0.13,-1.1,0.0,-1.68,-16.82,-14.58,281.0,TEST2RR,AKR_TEST2RR,0.0,1.0,1.0,100.0
73220,1,walk,walk,6464,,6464.0,20.0,0.0,0.0,7.0,5.49,0.013,-0.551,0.0,34.0,25.93,0.0,5.0,1271.0,43.0,6.0,-0.12,-1.1,0.0,-0.84,-14.55,-7.89,281.0,TEST2RR,AKR_TEST2RR,0.0,1.0,1.0,100.0
73240,1,walk,walk,6465,,6465.0,20.0,0.0,0.0,1.0,4.84,0.002,-0.762,0.0,34.0,25.93,0.0,5.0,1271.0,43.0,5.3,-0.1,-1.1,-0.01,0.01,-12.39,-1.96,281.0,TEST2RR,AKR_TEST2RR,0.0,1.0,1.0,100.0
73280,1,walk,walk,6466,,6466.0,20.0,0.0,0.0,1.0,4.23,-0.004,-0.234,0.0,34.0,25.93,0.0,5.0,1271.0,43.0,4.76,-0.09,-1.09,-0.02,0.84,-10.38,3.07,281.0,TEST2RR,AKR_TEST2RR,0.0,1.0,1.0,100.0
73280,1,walk,walk,6467,,6467.0,20.0,0.0,0.0,1.0,3.65,-0.004,0.108,0.0,34.0,25.93,0.0,5.0,1271.0,43.0,4.37,-0.08,-1.08,-0.02,1.59,-8.55,7.04,281.0,TEST2RR,AKR_TEST2RR,0.0,1.0,1.0,100.0
73300,1,walk,walk,6468,,6468.0,20.0,0.0,0.0,1.0,3.13,-0.004,0.021,0.0,34.0,25.93,0.0,5.0,1271.0,43.0,4.14,-0.08,-1.07,-0.03,2.23,-6.91,9.86,281.0,TEST2RR,AKR_TEST2RR,0.0,1.0,1.0,100.0
73340,1,walk,walk,6469,,6469.0,20.0,0.0,0.0,1.0,2.66,-0.004,0.026,0.0,34.0,25.93,0.0,5.0,1271.0,43.0,4.04,-0.08,-1.07,-0.04,2.72,-5.49,11.52,281.0,TEST2RR,AKR_TEST2RR,0.0,1.0,1.0,100.0
73360,1,walk,walk,6470,,6470.0,20.0,0.0,0.0,1.0,2.26,-0.004,0.017,0.0,34.0,25.93,0.0,5.0,1271.0,43.0,4.03,-0.07,-1.06,-0.04,3.06,-4.31,12.1,281.0,TEST2RR,AKR_TEST2RR,0.0,1.0,1.0,100.0
73360,1,walk,walk,6471,,6471.0,20.0,0.0,0.0,1.0,1.93,-0.003,0.069,0.0,34.0,25.93,0.0,5.0,1271.0,43.0,4.05,-0.07,-1.05,-0.05,3.28,-3.34,11.78,281.0,TEST2RR,AKR_TEST2RR,0.0,1.0,1.0,100.0
73380,1,walk,walk,6472,,6472.0,20.0,0.0,0.0,1.0,1.66,-0.001,0.101,0.0,34.0,25.93,0.0,5.0,1271.0,43.0,4.07,-0.07,-1.04,-0.05,3.42,-2.55,10.79,281.0,TEST2RR,AKR_TEST2RR,0.0,1.0,1.0,100.0
73400,1,walk,walk,6473,,6473.0,20.0,0.0,0.0,1.0,1.46,0.001,0.072,0.0,34.0,25.93,0.0,5.0,1271.0,43.0,4.05,-0.07,-1.04,-0.06,3.56,-1.89,9.36,281.0,TEST2RR,AKR_TEST2RR,0.0,1.0,1.0,100.0
73420,1,walk,walk,6474,,6474.0,20.0,0.0,0.0,1.0,1.32,0.003,0.193,0.0,34.0,25.93,0.0,5.0,1271.0,43.0,4.0,-0.07,-1.03,-0.06,3.74,-1.34,7.68,281.0,TEST2RR,AKR_TEST2RR,0.0,1.0,1.0,100.0
73440,1,walk,walk,6475,,6475.0,20.0,0.0,0.0,1.0,1.23,0.007,0.33,0.0,34.0,25.93,0.0,5.0,1271.0,43.0,3.91,-0.07,-1.03,-0.06,4.0,-0.89,5.88,281.0,TEST2RR,AKR_TEST2RR,0.0,1.0,1.0,100.0
73460,1,walk,walk,6476,,6476.0,20.0,0.0,0.0,1.0,1.2,0.012,0.436,0.0,34.0,25.93,0.0,5.0,1271.0,43.0,3.79,-0.07,-1.03,-0.07,4.36,-0.53,4.02,281.0,TEST2RR,AKR_TEST2RR,0.0,1.0,1.0,100.0
73520,1,walk,walk,6477,,6477.0,20.0,0.0,0.0,1.0,1.2,0.018,0.312,0.0,34.0,25.93,0.0,5.0,1271.0,43.0,3.66,-0.07,-1.03,-0.07,4.8,-0.28,2.17,281.0,TEST2RR,AKR_TEST2RR,0.0,1.0,1.0,100.0
73520,1,walk,walk,6478,,6478.0,20.0,0.0,0.0,1.0,1.23,0.021,0.22,0.0,34.0,25.93,0.0,5.0,1271.0,43.0,3.51,-0.06,-1.03,-0.07,5.32,-0.14,0.39,281.0,TEST2RR,AKR_TEST2RR,0.0,1.0,1.0,100.0
73520,1,walk,walk,6479,,6479.0,20.0,1.0,0.0,1.0,1.29,0.024,0.112,0.0,34.0,25.93,0.0,6.0,1271.0,43.0,3.34,-0.06,-1.03,-0.07,5.9,-0.08,-1.22,281.0,TEST2RR,AKR_TEST2RR,0.0,1.0,1.0,100.0
73540,1,walk,walk,6480,,6480.0,20.0,1.0,0.0,1.0,1.37,0.026,0.022,0.0,34.0,25.93,0.0,6.0,1271.0,43.0,3.14,-0.06,-1.03,-0.08,6.54,-0.08,-2.6,281.0,TEST2RR,AKR_TEST2RR,0.0,1.0,1.0,100.0
73560,1,walk,walk,6481,,6481.0,20.0,1.0,0.0,1.0,1.45,0.026,0.049,0.0,34.0,25.93,0.0,6.0,1271.0,43.0,2.92,-0.05,-1.03,-0.08,7.24,-0.13,-3.64,281.0,TEST2RR,AKR_TEST2RR,0.0,1.0,1.0,100.0
73580,1,walk,walk,6482,,6482.0,20.0,1.0,0.0,1.0,1.54,0.026,-0.025,0.0,34.0,25.93,0.0,6.0,1271.0,43.0,2.66,-0.05,-1.03,-0.08,8.02,-0.18,-4.25,281.0,TEST2RR,AKR_TEST2RR,0.0,1.0,1.0,100.0
73600,1,walk,walk,6483,,6483.0,20.0,1.0,0.0,1.0,1.63,0.025,-0.026,0.0,34.0,25.93,0.0,6.0,1271.0,43.0,2.37,-0.04,-1.03,-0.07,8.86,-0.23,-4.35,281.0,TEST2RR,AKR_TEST2RR,0.0,1.0,1.0,100.0
73620,1,walk,walk,6484,,6484.0,20.0,1.0,6.0,2.0,1.71,0.025,-0.134,0.0,34.0,25.93,0.0,6.0,1271.0,43.0,2.06,-0.04,-1.03,-0.07,9.76,-0.26,-3.89,281.0,TEST2RR,AKR_TEST2RR,0.0,1.0,1.0,100.0
73640,1,walk,walk,6485,,6485.0,20.0,0.0,6.0,2.0,1.78,0.023,-0.362,0.055,34.0,25.9,0.0,17.0,1271.0,43.0,1.75,-0.03,-1.03,-0.07,10.68,-0.2,-2.81,282.0,TEST2RR,AKR_TEST2RR,0.0,1.0,1.0,100.0
73680,1,walk,walk,6486,,6486.0,20.0,0.0,6.0,2.0,1.83,0.014,-0.437,-0.468,34.0,25.9,0.0,17.0,1271.0,43.0,1.45,-0.03,-1.03,-0.07,11.6,-0.07,-1.11,282.0,TEST2RR,AKR_TEST2RR,0.0,1.0,1.0,100.0
73700,1,walk,walk,6487,,6487.0,20.0,1.0,6.0,2.0,1.88,0.008,-0.224,-0.318,34.0,25.9,0.0,18.0,1271.0,43.0,1.2,-0.02,-1.04,-0.07,12.45,0.02,1.12,282.0,TEST2RR,AKR_TEST2RR,0.0,1.0,1.0,100.0
73720,1,walk,walk,6488,,6488.0,20.0,0.0,6.0,2.0,1.92,0.005,-0.119,-0.31,34.0,25.9,0.0,17.0,1271.0,43.0,1.02,-0.02,-1.04,-0.07,13.09,-0.23,3.74,282.0,TEST2RR,AKR_TEST2RR,0.0,1.0,1.0,100.0
73720,1,walk,walk,6489,,6489.0,20.0,0.0,6.0,2.0,1.95,0.005,0.036,-0.623,34.0,25.9,0.0,17.0,1271.0,43.0,0.94,-0.02,-1.05,-0.07,13.34,-1.22,6.66,282.0,TEST2RR,AKR_TEST2RR,0.0,1.0,1.0,100.0
73740,1,walk,walk,6490,,6490.0,20.0,1.0,6.0,2.0,1.97,0.007,0.276,-1.239,34.0,25.9,0.0,18.0,1271.0,43.0,0.97,-0.02,-1.05,-0.07,13.01,-3.42,9.77,282.0,TEST2RR,AKR_TEST2RR,0.0,1.0,1.0,100.0
73760,1,walk,walk,6491,,6491.0,20.0,1.0,6.0,2.0,1.99,0.013,0.406,-1.896,34.0,25.86,0.0,18.0,1271.0,43.0,1.14,-0.02,-1.06,-0.09,11.94,-7.35,12.94,282.0,TEST2RR,AKR_TEST2RR,0.0,1.0,1.0,100.0
73780,1,walk,walk,6492,,6492.0,20.0,1.0,6.0,2.0,2.01,0.017,0.213,-2.161,34.0,25.83,0.0,18.0,1271.0,43.0,1.54,-0.03,-1.07,-0.1,10.08,-13.55,16.04,282.0,TEST2RR,AKR_TEST2RR,0.0,1.0,1.0,100.0
73820,1,walk,walk,6493,,6493.0,20.0,1.0,6.0,2.0,2.05,0.017,-0.139,-1.916,34.0,25.83,0.0,18.0,1271.0,43.0,2.18,-0.04,-1.09,-0.12,7.52,-22.22,18.88,282.0,TEST2RR,AKR_TEST2RR,0.0,1.0,1.0,100.0
73840,1,walk,walk,6494,,6494.0,20.0,1.0,6.0,2.0,2.09,0.014,-0.123,-1.705,34.0,25.86,0.0,18.0,1271.0,43.0,3.02,-0.06,-1.1,-0.13,4.4,-32.99,21.38,282.0,TEST2RR,AKR_TEST2RR,0.0,1.0,1.0,100.0
73840,1,walk,walk,6495,,6495.0,20.0,1.0,6.0,2.0,2.16,0.011,-0.263,-1.245,34.0,25.86,0.0,18.0,1271.0,43.0,3.95,-0.08,-1.11,-0.15,0.9,-44.94,23.59,282.0,TEST2RR,AKR_TEST2RR,0.0,1.0,1.0,100.0
73860,1,walk,walk,6496,,6496.0,20.0,1.0,6.0,2.0,2.25,0.007,-0.361,-0.796,34.0,25.9,0.0,18.0,1271.0,43.0,4.85,-0.09,-1.12,-0.16,-2.81,-56.76,25.61,282.0,TEST2RR,AKR_TEST2RR,0.0,1.0,1.0,100.0
73900,1,walk,walk,6497,,6497.0,20.0,1.0,6.0,2.0,2.37,0.004,-0.17,-0.445,34.0,25.9,0.0,18.0,1271.0,43.0,5.65,-0.11,-1.12,-0.16,-6.6,-67.1,27.54,282.0,TEST2RR,AKR_TEST2RR,0.0,1.0,1.0,100.0
73920,1,walk,walk,6498,,6498.0,20.0,1.0,6.0,2.0,2.51,0.003,-0.054,-0.223,34.0,25.9,0.0,18.0,1271.0,43.0,6.32,-0.12,-1.12,-0.16,-10.35,-74.97,29.45,282.0,TEST2RR,AKR_TEST2RR,0.0,1.0,1.0,100.0
73920,1,walk,walk,6499,,6499.0,20.0,1.0,6.0,2.0,2.7,0.002,-0.069,-0.044,34.0,25.9,0.0,18.0,1271.0,43.0,6.9,-0.13,-1.12,-0.15,-13.95,-80.0,31.31,282.0,TEST2RR,AKR_TEST2RR,0.0,1.0,1.0,100.0
73940,1,walk,walk,6500,,6500.0,20.0,1.0,6.0,2.0,2.92,0.0,-0.112,0.138,34.0,25.9,0.0,18.0,1271.0,43.0,7.46,-0.14,-1.1,-0.13,-17.28,-82.43,32.96,282.0,TEST2RR,AKR_TEST2RR,0.0,1.0,1.0,100.0
73980,1,walk,walk,6501,,6501.0,20.0,1.0,6.0,2.0,3.18,-0.001,-0.182,0.215,34.0,25.9,0.0,18.0,1271.0,43.0,8.08,-0.15,-1.09,-0.11,-20.25,-82.96,34.17,282.0,TEST2RR,AKR_TEST2RR,0.0,1.0,1.0,100.0
73980,1,walk,walk,6502,,6502.0,20.0,1.0,6.0,2.0,3.49,-0.002,-0.1,0.487,34.0,25.9,0.0,18.0,1271.0,43.0,8.81,-0.16,-1.06,-0.09,-22.78,-82.48,34.71,282.0,TEST2RR,AKR_TEST2RR,0.0,1.0,1.0,100.0
74000,1,walk,walk,6503,,6503.0,20.0,1.0,6.0,2.0,3.83,-0.004,-0.028,0.511,34.0,25.9,0.0,18.0,1271.0,43.0,9.64,-0.18,-1.04,-0.08,-24.8,-81.76,34.38,282.0,TEST2RR,AKR_TEST2RR,0.0,1.0,1.0,100.0
74020,1,walk,walk,6504,,6504.0,20.0,1.0,6.0,2.0,4.21,-0.005,-0.088,0.571,34.0,25.9,0.0,18.0,1271.0,43.0,10.55,-0.19,-1.01,-0.06,-26.32,-81.32,33.06,282.0,TEST2RR,AKR_TEST2RR,0.0,1.0,1.0,100.0
74040,1,walk,walk,6505,,6505.0,20.0,1.0,6.0,2.0,4.63,-0.005,-0.037,0.646,33.0,25.9,0.0,18.0,1271.0,43.0,11.45,-0.2,-0.98,-0.04,-27.35,-81.26,30.75,282.0,TEST2RR,AKR_TEST2RR,0.0,1.0,1.0,100.0
74060,1,walk,walk,6506,,6506.0,20.0,1.0,6.0,2.0,5.08,-0.005,-0.072,0.65,34.0,25.9,0.0,18.0,1271.0,43.0,12.28,-0.21,-0.94,-0.03,-27.92,-81.41,27.55,282.0,TEST2RR,AKR_TEST2RR,0.0,1.0,1.0,100.0
74080,1,walk,walk,6507,,6507.0,20.0,1.0,6.0,2.0,5.56,-0.005,0.07,0.625,33.0,25.9,0.0,18.0,1271.0,43.0,13.0,-0.21,-0.91,-0.02,-28.09,-81.46,23.57,282.0,TEST2RR,AKR_TEST2RR,0.0,1.0,1.0,100.0
74100,1,walk,walk,6508,,6508.0,20.0,1.0,6.0,2.0,6.07,-0.005,0.025,0.484,33.0,25.9,0.0,18.0,1271.0,43.0,13.58,-0.21,-0.88,-0.01,-27.89,-81.11,18.97,282.0,TEST2RR,AKR_TEST2RR,0.0,1.0,1.0,100.0
74160,1,walk,walk,6509,,6509.0,20.0,1.0,1.0,5.0,6.59,-0.004,0.032,0.432,33.0,25.9,0.0,18.0,1271.0,44.0,14.05,-0.21,-0.86,0.0,-27.34,-80.23,13.89,282.0,TEST2RR,AKR_TEST2RR,0.0,1.0,1.0,100.0
74160,1,walk,walk,6510,,6510.0,20.0,0.0,1.0,5.0,7.12,-0.004,0.036,0.321,33.0,25.83,0.0,19.0,1271.0,44.0,14.48,-0.22,-0.84,0.01,-26.48,-78.79,8.82,282.0,TEST2RR,AKR_TEST2RR,0.0,1.0,1.0,100.0
74180,1,walk,walk,6511,,6511.0,20.0,0.0,1.0,5.0,7.65,-0.041,-3.038,-1.636,33.0,25.76,0.0,19.0,1271.0,44.0,14.95,-0.22,-0.82,0.01,-25.27,-76.91,4.16,282.0,TEST2RR,AKR_TEST2RR,0.0,1.0,1.0,100.0
74180,1,walk,walk,6512,,6512.0,20.0,0.0,1.0,5.0,8.17,-0.085,-2.504,-2.635,33.0,25.65,0.0,19.0,1271.0,44.0,15.53,-0.23,-0.81,0.01,-23.72,-74.89,0.08,282.0,TEST2RR,AKR_TEST2RR,0.0,1.0,1.0,100.0
74200,1,walk,walk,6513,,6513.0,20.0,0.0,1.0,6.0,8.67,-0.119,-2.086,-3.407,33.0,25.54,0.0,19.0,1271.0,44.0,16.19,-0.23,-0.81,0.0,-21.91,-73.14,-3.35,282.0,TEST2RR,AKR_TEST2RR,0.0,1.0,1.0,100.0
74240,1,walk,walk,6514,,6514.0,20.0,0.0,1.0,6.0,9.15,-0.146,-1.517,-4.1,33.0,25.47,0.0,19.0,1271.0,44.0,16.9,-0.25,-0.81,-0.01,-19.93,-72.03,-6.15,282.0,TEST2RR,AKR_TEST2RR,0.0,1.0,1.0,100.0
74240,1,walk,walk,6515,,6515.0,20.0,0.0,1.0,6.0,9.6,-0.166,-1.127,-4.81,33.0,25.4,0.0,19.0,1271.0,44.0,17.57,-0.26,-0.81,-0.02,-17.88,-71.71,-8.31,282.0,TEST2RR,AKR_TEST2RR,0.0,1.0,1.0,100.0
74260,1,walk,walk,6516,,6516.0,20.0,0.0,1.0,6.0,10.01,-0.179,-0.835,-5.311,33.0,25.3,0.0,19.0,1271.0,44.0,18.14,-0.27,-0.83,-0.04,-15.91,-72.13,-9.84,282.0,TEST2RR,AKR_TEST2RR,0.0,1.0,1.0,100.0
74300,1,walk,walk,6517,,6517.0,20.0,0.0,1.0,6.0,10.37,-0.189,-0.563,-5.867,33.0,25.19,0.0,19.0,1271.0,44.0,18.55,-0.28,-0.84,-0.06,-14.12,-73.06,-10.76,282.0,TEST2RR,AKR_TEST2RR,0.0,1.0,1.0,100.0
74320,1,walk,walk,6518,,6518.0,20.0,0.0,1.0,6.0,10.7,-0.194,-0.343,-6.404,33.0,25.09,0.0,19.0,1271.0,44.0,18.77,-0.29,-0.86,-0.08,-12.64,-74.18,-10.94,282.0,TEST2RR,AKR_TEST2RR,0.0,1.0,1.0,100.0
74340,1,walk,walk,6519,,6519.0,20.0,0.0,3.0,7.0,10.98,-0.197,-0.142,-6.765,33.0,25.02,0.0,19.0,1271.0,44.0,18.74,-0.3,-0.88,-0.1,-11.53,-75.21,-10.33,282.0,TEST2RR,AKR_TEST2RR,0.0,1.0,1.0,100.0
74340,1,walk,walk,6520,,6520.0,20.0,0.0,3.0,7.0,11.22,-0.207,-0.816,-5.699,33.0,25.23,0.0,19.0,1271.0,44.0,18.31,-0.3,-0.9,-0.12,-10.79,-75.94,-9.22,282.0,TEST2RR,AKR_TEST2RR,0.0,1.0,1.0,100.0
74360,1,walk,walk,6521,,6521.0,20.0,0.0,3.0,7.0,11.42,-0.215,-0.534,-5.642,33.0,25.3,0.0,19.0,1271.0,44.0,17.34,-0.29,-0.93,-0.14,-10.35,-76.5,-8.02,282.0,TEST2RR,AKR_TEST2RR,0.0,1.0,1.0,100.0
74380,1,walk,walk,6522,,6522.0,20.0,0.0,3.0,7.0,11.59,-0.218,0.104,-5.885,33.0,25.3,0.0,19.0,1271.0,44.0,15.78,-0.27,-0.95,-0.16,-10.16,-76.96,-7.1,282.0,TEST2RR,AKR_TEST2RR,0.0,1.0,1.0,100.0
74400,1,walk,walk,6523,,6523.0,20.0,1.0,3.0,7.0,11.72,-0.212,0.624,-5.926,33.0,25.33,0.0,20.0,1271.0,44.0,13.81,-0.24,-0.98,-0.17,-9.89,-76.98,-6.51,282.0,TEST2RR,AKR_TEST2RR,0.0,1.0,1.0,100.0
74420,1,walk,walk,6524,,6524.0,20.0,0.0,3.0,7.0,11.82,-0.205,0.565,-5.181,33.0,25.47,0.0,19.0,1271.0,44.0,11.68,-0.21,-1.01,-0.17,-9.33,-76.21,-6.25,282.0,TEST2RR,AKR_TEST2RR,0.0,1.0,1.0,100.0
74460,1,walk,walk,6525,,6525.0,20.0,0.0,3.0,7.0,11.89,-0.194,0.66,-4.793,33.0,25.54,0.0,19.0,1271.0,44.0,9.65,-0.18,-1.03,-0.16,-8.49,-74.32,-6.29,282.0,TEST2RR,AKR_TEST2RR,0.0,1.0,1.0,100.0
74460,1,walk,walk,6526,,6526.0,20.0,0.0,3.0,7.0,11.94,-0.182,0.664,-4.606,33.0,25.58,0.0,19.0,1271.0,44.0,7.93,-0.15,-1.05,-0.14,-7.48,-71.22,-6.57,282.0,TEST2RR,AKR_TEST2RR,0.0,1.0,1.0,100.0
74480,1,walk,walk,6527,,6527.0,20.0,0.0,3.0,7.0,11.96,-0.172,0.698,-4.469,33.0,25.58,0.0,19.0,1271.0,44.0,6.61,-0.12,-1.07,-0.12,-6.45,-67.06,-7.11,282.0,TEST2RR,AKR_TEST2RR,0.0,1.0,1.0,100.0
74500,1,walk,walk,6528,,6528.0,20.0,0.0,3.0,7.0,11.96,-0.159,0.869,-4.649,33.0,25.58,0.0,19.0,1271.0,44.0,5.74,-0.11,-1.08,-0.09,-5.49,-62.17,-7.94,282.0,TEST2RR,AKR_TEST2RR,0.0,1.0,1.0,100.0
74520,1,walk,walk,6529,,6529.0,20.0,0.0,3.0,7.0,11.93,-0.149,0.535,-4.378,33.0,25.58,0.0,19.0,1271.0,44.0,5.26,-0.1,-1.08,-0.07,-4.63,-56.79,-9.04,282.0,TEST2RR,AKR_TEST2RR,0.0,1.0,1.0,100.0
74540,1,walk,walk,6530,,6530.0,20.0,0.0,3.0,7.0,11.88,-0.141,0.651,-4.556,33.0,25.58,0.0,19.0,1271.0,44.0,5.13,-0.1,-1.08,-0.06,-3.84,-51.2,-10.38,282.0,TEST2RR,AKR_TEST2RR,0.0,1.0,1.0,100.0
74560,1,walk,walk,6531,,6531.0,20.0,0.0,3.0,7.0,11.81,-0.133,0.561,-4.555,33.0,25.54,0.0,19.0,1271.0,44.0,5.25,-0.1,-1.08,-0.04,-3.05,-45.63,-11.9,282.0,TEST2RR,AKR_TEST2RR,0.0,1.0,1.0,100.0
74580,1,walk,walk,6532,,6532.0,20.0,0.0,3.0,7.0,11.71,-0.125,0.55,-4.687,33.0,25.54,0.0,19.0,1271.0,44.0,5.55,-0.1,-1.08,-0.04,-2.19,-40.32,-13.54,282.0,TEST2RR,AKR_TEST2RR,0.0,1.0,1.0,100.0
74620,1,walk,walk,6533,,6533.0,20.0,0.0,3.0,7.0,11.59,-0.116,0.636,-4.854,33.0,25.54,0.0,19.0,1271.0,44.0,5.95,-0.11,-1.07,-0.03,-1.28,-35.42,-15.27,283.0,TEST2RR,AKR_TEST2RR,0.0,1.0,1.0,100.0
74640,1,walk,walk,6534,,6534.0,20.0,0.0,3.0,7.0,11.45,-0.108,0.516,-4.767,33.0,25.51,0.0,19.0,1271.0,44.0,6.38,-0.12,-1.07,-0.03,-0.37,-30.97,-17.02,283.0,TEST2RR,AKR_TEST2RR,0.0,1.0,1.0,100.0
74640,1,walk,walk,6535,,6535.0,20.0,0.0,3.0,7.0,11.28,-0.102,0.479,-4.66,33.0,25.51,0.0,19.0,1271.0,44.0,6.78,-0.13,-1.06,-0.02,0.46,-26.98,-18.71,283.0,TEST2RR,AKR_TEST2RR,0.0,1.0,1.0,100.0
74660,1,walk,walk,6536,,6536.0,20.0,0.0,3.0,7.0,11.08,-0.098,0.175,-4.564,33.0,25.51,0.0,19.0,1271.0,44.0,7.11,-0.13,-1.05,-0.02,1.15,-23.44,-20.2,283.0,TEST2RR,AKR_TEST2RR,0.0,1.0,1.0,100.0
74680,1,walk,walk,6537,,6537.0,20.0,0.0,3.0,7.0,10.87,-0.096,0.15,-4.546,33.0,25.54,0.0,19.0,1271.0,44.0,7.32,-0.13,-1.05,-0.02,1.72,-20.3,-21.35,283.0,TEST2RR,AKR_TEST2RR,0.0,1.0,1.0,100.0
74700,1,walk,walk,6538,,6538.0,20.0,0.0,3.0,7.0,10.63,-0.094,-0.029,-4.481,33.0,25.54,0.0,19.0,1271.0,44.0,7.41,-0.14,-1.04,-0.02,2.2,-17.54,-22.01,283.0,TEST2RR,AKR_TEST2RR,0.0,1.0,1.0,100.0
74720,1,walk,walk,6539,,6539.0,20.0,0.0,3.0,7.0,10.37,-0.094,-0.036,-4.372,33.0,25.54,0.0,19.0,1271.0,44.0,7.38,-0.13,-1.04,-0.02,2.64,-15.16,-22.08,283.0,TEST2RR,AKR_TEST2RR,0.0,1.0,1.0,100.0
74740,1,walk,walk,6540,,6540.0,20.0,1.0,3.0,7.0,10.09,-0.095,-0.147,-4.327,33.0,25.54,0.0,20.0,1271.0,44.0,7.27,-0.13,-1.04,-0.02,3.11,-13.14,-21.53,283.0,TEST2RR,AKR_TEST2RR,0.0,1.0,1.0,100.0
74780,1,walk,walk,6541,,6541.0,20.0,0.0,3.0,7.0,9.79,-0.096,-0.139,-4.25,33.0,25.54,0.0,19.0,1271.0,44.0,7.11,-0.13,-1.04,-0.02,3.62,-11.43,-20.37,283.0,TEST2RR,AKR_TEST2RR,0.0,1.0,1.0,100.0
74800,1,walk,walk,6542,,6542.0,20.0,0.0,3.0,7.0,9.47,-0.099,-0.24,-4.131,34.0,25.54,0.0,19.0,1271.0,44.0,6.93,-0.13,-1.04,-0.02,4.17,-10.01,-18.67,283.0,TEST2RR,AKR_TEST2RR,0.0,1.0,1.0,100.0
74800,1,walk,walk,6543,,6543.0,20.0,0.0,3.0,7.0,9.14,-0.101,-0.175,-4.132,34.0,25.54,0.0,19.0,1271.0,44.0,6.73,-0.12,-1.04,-0.02,4.77,-8.81,-16.54,283.0,TEST2RR,AKR_TEST2RR,0.0,1.0,1.0,100.0
74820,1,walk,walk,6544,,6544.0,20.0,1.0,3.0,7.0,8.8,-0.104,-0.189,-4.081,34.0,25.54,0.0,20.0,1271.0,44.0,6.55,-0.12,-1.04,-0.02,5.45,-7.79,-14.02,283.0,TEST2RR,AKR_TEST2RR,0.0,1.0,1.0,100.0
74840,1,walk,walk,6545,,6545.0,20.0,0.0,3.0,7.0,8.45,-0.107,-0.142,-4.204,34.0,25.54,0.0,19.0,1271.0,44.0,6.4,-0.12,-1.04,-0.02,6.21,-6.93,-11.22,283.0,TEST2RR,AKR_TEST2RR,0.0,1.0,1.0,100.0
74900,1,walk,walk,6546,,6546.0,20.0,0.0,3.0,7.0,8.11,-0.107,-0.06,-4.265,34.0,25.54,0.0,19.0,1271.0,44.0,6.33,-0.12,-1.05,-0.02,7.01,-6.27,-8.31,283.0,TEST2RR,AKR_TEST2RR,0.0,1.0,1.0,100.0
74920,1,walk,walk,6547,,6547.0,20.0,0.0,3.0,7.0,7.76,-0.107,-0.003,-4.311,34.0,25.54,0.0,19.0,1271.0,44.0,6.34,-0.12,-1.05,-0.02,7.79,-5.87,-5.42,283.0,TEST2RR,AKR_TEST2RR,0.0,1.0,1.0,100.0
74920,1,walk,walk,6548,,6548.0,20.0,0.0,0.0,1.0,7.43,-0.106,0.096,-4.281,34.0,25.58,0.0,19.0,1271.0,44.0,6.51,-0.12,-1.05,-0.03,8.33,-6.03,-2.66,283.0,TEST2RR,AKR_TEST2RR,0.0,1.0,1.0,100.0
74960,1,walk,walk,6549,,6549.0,20.0,0.0,0.0,1.0,7.11,-0.103,0.361,-3.844,34.0,25.58,0.0,19.0,1271.0,44.0,6.72,-0.12,-1.05,-0.04,8.31,-7.92,-0.34,283.0,TEST2RR,AKR_TEST2RR,0.0,1.0,1.0,100.0
74960,1,walk,walk,6550,,6550.0,20.0,0.0,0.0,1.0,6.81,-0.103,0.361,-3.844,34.0,25.58,0.0,39.0,1271.0,44.0,7.0,-0.13,-1.06,-0.06,7.54,-12.49,0.4,283.0,TEST2RR,AKR_TEST2RR,0.0,1.0,1.0,100.0
74960,1,walk,walk,6551,,6551.0,20.0,0.0,0.0,1.0,6.53,-0.103,0.361,-3.844,34.0,25.58,0.0,59.0,1271.0,44.0,7.43,-0.14,-1.07,-0.08,5.97,-20.43,-0.26,283.0,TEST2RR,AKR_TEST2RR,0.0,1.0,1.0,100.0
74980,1,walk,walk,6552,,6552.0,20.0,0.0,0.0,1.0,6.27,0.046,20.429,0.0,34.0,25.93,0.0,3.0,1271.0,44.0,8.01,-0.15,-1.07,-0.11,3.65,-32.03,-1.51,283.0,TEST2RR,AKR_TEST2RR,0.0,1.0,1.0,100.0
75000,1,walk,walk,6553,,6553.0,20.0,1.0,0.0,1.0,6.05,0.045,0.002,0.0,34.0,25.93,0.0,4.0,1271.0,44.0,8.59,-0.16,-1.08,-0.14,0.68,-46.79,-2.8,283.0,TEST2RR,AKR_TEST2RR,0.0,1.0,1.0,100.0
75020,1,walk,walk,6554,,6554.0,20.0,1.0,0.0,1.0,5.85,0.043,-0.445,0.0,34.0,25.93,0.0,4.0,1271.0,44.0,8.98,-0.17,-1.09,-0.16,-2.77,-63.2,-3.6,283.0,TEST2RR,AKR_TEST2RR,0.0,1.0,1.0,100.0
75060,1,walk,walk,6555,,6555.0,20.0,1.0,0.0,1.0,5.68,0.036,-0.514,0.0,34.0,25.93,0.0,4.0,1271.0,44.0,9.08,-0.18,-1.1,-0.17,-6.52,-79.18,-3.5,283.0,TEST2RR,AKR_TEST2RR,0.0,1.0,1.0,100.0
75080,1,walk,walk,6556,,6556.0,20.0,0.0,0.0,1.0,5.53,0.025,-0.822,0.0,34.0,25.93,0.0,3.0,1271.0,44.0,8.87,-0.17,-1.1,-0.18,-10.39,-92.64,-2.25,283.0,TEST2RR,AKR_TEST2RR,0.0,1.0,1.0,100.0
75080,1,walk,walk,6557,,6557.0,20.0,1.0,0.0,1.0,5.41,0.016,-0.366,0.0,34.0,25.93,0.0,4.0,1271.0,44.0,8.41,-0.16,-1.11,-0.17,-14.21,-102.1,0.18,283.0,TEST2RR,AKR_TEST2RR,0.0,1.0,1.0,100.0
75120,1,walk,walk,6558,,6558.0,20.0,0.0,0.0,1.0,5.31,0.014,-0.136,0.0,34.0,25.93,0.0,3.0,1271.0,44.0,7.83,-0.15,-1.11,-0.15,-17.8,-107.02,3.52,283.0,TEST2RR,AKR_TEST2RR,0.0,1.0,1.0,100.0
75120,1,walk,walk,6559,,6559.0,20.0,0.0,0.0,1.0,5.23,0.009,-0.53,0.0,34.0,25.93,0.0,3.0,1271.0,44.0,7.28,-0.14,-1.1,-0.13,-20.98,-107.86,7.32,283.0,TEST2RR,AKR_TEST2RR,0.0,1.0,1.0,100.0
75140,1,walk,walk,6560,,6560.0,20.0,0.0,0.0,1.0,5.17,-0.004,-1.004,0.0,34.0,25.93,0.0,3.0,1271.0,44.0,6.87,-0.13,-1.09,-0.1,-23.6,-105.78,11.13,283.0,TEST2RR,AKR_TEST2RR,0.0,1.0,1.0,100.0
75160,1,walk,walk,6561,,6561.0,20.0,0.0,0.0,1.0,5.14,-0.012,-0.253,0.0,34.0,25.93,0.0,3.0,1271.0,44.0,6.65,-0.13,-1.08,-0.08,-25.59,-102.28,14.43,283.0,TEST2RR,AKR_TEST2RR,0.0,1.0,1.0,100.0
75200,1,walk,walk,6562,,6562.0,20.0,0.0,0.0,1.0,5.13,-0.014,-0.234,0.0,34.0,25.93,0.0,3.0,1271.0,44.0,6.6,-0.12,-1.06,-0.05,-26.9,-98.67,16.72,283.0,TEST2RR,AKR_TEST2RR,0.0,1.0,1.0,100.0
75200,1,walk,walk,6563,,6563.0,20.0,0.0,0.0,1.0,5.14,-0.022,-0.833,0.0,34.0,25.9,0.0,3.0,1271.0,44.0,6.64,-0.12,-1.03,-0.03,-27.6,-95.74,17.66,283.0,TEST2RR,AKR_TEST2RR,0.0,1.0,1.0,100.0
75220,1,walk,walk,6564,,6564.0,20.0,0.0,0.0,1.0,5.19,-0.029,-0.022,0.0,34.0,25.93,0.0,3.0,1271.0,44.0,6.72,-0.12,-1.01,-0.01,-27.79,-93.74,17.19,283.0,TEST2RR,AKR_TEST2RR,0.0,1.0,1.0,100.0
75260,1,walk,walk,6565,,6565.0,20.0,0.0,0.0,1.0,5.26,-0.029,-0.014,0.0,34.0,25.93,0.0,3.0,1271.0,44.0,6.78,-0.12,-0.98,0.0,-27.58,-92.44,15.34,283.0,TEST2RR,AKR_TEST2RR,0.0,1.0,1.0,100.0
75280,1,walk,walk,6566,,6566.0,20.0,0.0,0.0,1.0,5.36,-0.026,0.105,0.0,34.0,25.93,0.0,3.0,1271.0,44.0,6.84,-0.11,-0.95,0.02,-27.11,-91.41,12.27,283.0,TEST2RR,AKR_TEST2RR,0.0,1.0,1.0,100.0
75280,1,walk,walk,6567,,6567.0,20.0,0.0,0.0,1.0,5.48,-0.023,0.308,0.0,34.0,25.93,0.0,3.0,1271.0,44.0,6.95,-0.11,-0.93,0.03,-26.42,-90.26,8.26,283.0,TEST2RR,AKR_TEST2RR,0.0,1.0,1.0,100.0
75300,1,walk,walk,6568,,6568.0,20.0,0.0,0.0,1.0,5.62,-0.016,0.73,0.0,34.0,25.93,0.0,3.0,1271.0,44.0,7.21,-0.11,-0.91,0.03,-25.54,-88.83,3.59,283.0,TEST2RR,AKR_TEST2RR,0.0,1.0,1.0,100.0
75320,1,walk,walk,6569,,6569.0,20.0,1.0,0.0,1.0,5.78,-0.002,0.632,0.0,34.0,25.93,0.0,4.0,1271.0,44.0,7.68,-0.12,-0.89,0.04,-24.45,-87.21,-1.52,283.0,TEST2RR,AKR_TEST2RR,0.0,1.0,1.0,100.0
75340,1,walk,walk,6570,,6570.0,20.0,1.0,0.0,1.0,5.95,0.004,0.308,0.0,34.0,25.93,0.0,4.0,1271.0,44.0,8.37,-0.13,-0.88,0.03,-23.16,-85.58,-6.74,283.0,TEST2RR,AKR_TEST2RR,0.0,1.0,1.0,100.0
75360,1,walk,walk,6571,,6571.0,20.0,1.0,0.0,1.0,6.12,0.012,0.955,0.0,34.0,25.93,0.0,4.0,1271.0,44.0,9.26,-0.14,-0.87,0.03,-21.67,-84.15,-11.77,283.0,TEST2RR,AKR_TEST2RR,0.0,1.0,1.0,100.0
75380,1,walk,walk,6572,,6572.0,20.0,1.0,0.0,1.0,6.28,0.032,1.399,0.0,34.0,25.93,0.0,4.0,1271.0,44.0,10.25,-0.16,-0.87,0.02,-20.04,-83.07,-16.41,283.0,TEST2RR,AKR_TEST2RR,0.0,1.0,1.0,100.0
75420,1,walk,walk,6573,,6573.0,20.0,1.0,0.0,1.0,6.42,0.056,1.668,0.0,34.0,25.93,0.0,4.0,1271.0,44.0,11.24,-0.17,-0.87,0.01,-18.35,-82.41,-20.57,283.0,TEST2RR,AKR_TEST2RR,0.0,1.0,1.0,100.0
75420,1,walk,walk,6574,,6574.0,20.0,1.0,0.0,1.0,6.54,0.082,1.676,0.0,34.0,25.93,0.0,4.0,1271.0,44.0,12.13,-0.19,-0.88,-0.01,-16.68,-82.12,-24.17,283.0,TEST2RR,AKR_TEST2RR,0.0,1.0,1.0,100.0
75440,1,walk,walk,6575,,6575.0,20.0,1.0,0.0,1.0,6.63,0.077,-1.932,0.0,34.0,25.93,0.0,4.0,1271.0,44.0,12.75,-0.2,-0.88,-0.02,-15.05,-81.91,-27.28,283.0,TEST2RR,AKR_TEST2RR,0.0,1.0,1.0,100.0
75460,1,walk,walk,6576,,6576.0,20.0,1.0,0.0,1.0,6.69,0.067,-0.984,0.0,34.0,25.93,0.0,4.0,1271.0,44.0,12.86,-0.2,-0.89,-0.04,-13.48,-81.34,-30.0,283.0,TEST2RR,AKR_TEST2RR,0.0,1.0,1.0,100.0
75480,1,walk,walk,6577,,6577.0,20.0,1.0,6.0,2.0,6.71,0.048,-0.967,0.0,34.0,25.93,0.0,4.0,1271.0,44.0,12.36,-0.2,-0.9,-0.05,-11.98,-80.04,-32.29,283.0,TEST2RR,AKR_TEST2RR,0.0,1.0,1.0,100.0
75500,1,walk,walk,6578,,6578.0,20.0,0.0,6.0,2.0,6.69,0.045,-0.91,0.11,34.0,25.9,0.0,18.0,1271.0,44.0,11.22,-0.18,-0.91,-0.07,-10.46,-77.9,-34.15,283.0,TEST2RR,AKR_TEST2RR,0.0,1.0,1.0,100.0
75520,1,walk,walk,6579,,6579.0,20.0,0.0,6.0,2.0,6.62,0.034,-0.659,-1.426,34.0,25.83,0.0,18.0,1271.0,44.0,9.51,-0.16,-0.93,-0.09,-8.78,-74.86,-35.31,283.0,TEST2RR,AKR_TEST2RR,0.0,1.0,1.0,100.0
75540,1,walk,walk,6580,,6580.0,20.0,0.0,6.0,2.0,6.5,0.024,-0.526,-1.651,34.0,25.83,0.0,18.0,1271.0,44.0,7.51,-0.13,-0.96,-0.1,-6.9,-70.81,-35.52,283.0,TEST2RR,AKR_TEST2RR,0.0,1.0,1.0,100.0
75580,1,walk,walk,6581,,6581.0,20.0,1.0,6.0,2.0,6.34,0.018,-0.295,-1.796,34.0,25.83,0.0,19.0,1271.0,44.0,5.47,-0.09,-0.99,-0.11,-4.91,-65.88,-34.74,283.0,TEST2RR,AKR_TEST2RR,0.0,1.0,1.0,100.0
75600,1,walk,walk,6582,,6582.0,20.0,0.0,6.0,2.0,6.13,0.016,-0.15,-1.823,34.0,25.83,0.0,18.0,1271.0,44.0,3.6,-0.06,-1.01,-0.11,-3.0,-60.34,-33.09,283.0,TEST2RR,AKR_TEST2RR,0.0,1.0,1.0,100.0
75620,1,walk,walk,6583,,6583.0,20.0,0.0,6.0,2.0,5.88,0.014,-0.182,-1.709,34.0,25.86,0.0,18.0,1271.0,44.0,2.02,-0.04,-1.03,-0.11,-1.34,-54.48,-30.73,283.0,TEST2RR,AKR_TEST2RR,0.0,1.0,1.0,100.0
75620,1,walk,walk,6584,,6584.0,20.0,1.0,6.0,2.0,5.58,0.012,-0.025,-1.452,34.0,25.86,0.0,19.0,1271.0,44.0,0.79,-0.01,-1.05,-0.1,-0.06,-48.6,-27.87,283.0,TEST2RR,AKR_TEST2RR,0.0,1.0,1.0,100.0
75640,1,walk,walk,6585,,6585.0,20.0,1.0,6.0,2.0,5.24,0.01,-0.155,-1.285,34.0,25.86,0.0,19.0,1271.0,44.0,-0.09,0.0,-1.06,-0.1,0.81,-42.9,-24.75,283.0,TEST2RR,AKR_TEST2RR,0.0,1.0,1.0,100.0
75660,1,walk,walk,6586,,6586.0,20.0,1.0,6.0,2.0,4.86,0.009,-0.079,-1.129,34.0,25.9,0.0,19.0,1271.0,44.0,-0.65,0.01,-1.07,-0.09,1.32,-37.53,-21.61,283.0,TEST2RR,AKR_TEST2RR,0.0,1.0,1.0,100.0
75680,1,walk,walk,6587,,6587.0,20.0,1.0,6.0,2.0,4.46,0.008,-0.081,-1.02,34.0,25.86,0.0,19.0,1271.0,44.0,-0.92,0.02,-1.07,-0.08,1.61,-32.61,-18.65,283.0,TEST2RR,AKR_TEST2RR,0.0,1.0,1.0,100.0
75700,1,walk,walk,6588,,6588.0,20.0,1.0,6.0,2.0,4.04,0.008,0.014,-0.998,34.0,25.9,0.0,19.0,1271.0,44.0,-0.96,0.02,-1.07,-0.08,1.75,-28.16,-16.02,283.0,TEST2RR,AKR_TEST2RR,0.0,1.0,1.0,100.0
75740,1,walk,walk,6589,,6589.0,20.0,1.0,6.0,2.0,3.6,0.008,-0.003,-1.007,34.0,25.9,0.0,19.0,1271.0,44.0,-0.84,0.02,-1.07,-0.07,1.82,-24.19,-13.83,284.0,TEST2RR,AKR_TEST2RR,0.0,1.0,1.0,100.0
75760,1,walk,walk,6590,,6590.0,20.0,1.0,6.0,2.0,3.15,0.008,-0.066,-1.058,34.0,25.86,0.0,19.0,1271.0,44.0,-0.6,0.01,-1.07,-0.07,1.82,-20.65,-12.1,284.0,TEST2RR,AKR_TEST2RR,0.0,1.0,1.0,100.0
75760,1,walk,walk,6591,,6591.0,20.0,1.0,6.0,2.0,2.71,0.009,0.07,-1.133,34.0,25.9,0.0,19.0,1271.0,44.0,-0.3,0.01,-1.06,-0.07,1.74,-17.48,-10.86,284.0,TEST2RR,AKR_TEST2RR,0.0,1.0,1.0,100.0
75780,1,walk,walk,6592,,6592.0,20.0,1.0,6.0,2.0,2.27,0.01,0.081,-1.309,34.0,25.86,0.0,19.0,1271.0,44.0,0.03,0.0,-1.06,-0.06,1.58,-14.66,-10.07,284.0,TEST2RR,AKR_TEST2RR,0.0,1.0,1.0,100.0
75800,1,walk,walk,6593,,6593.0,20.0,1.0,6.0,2.0,1.84,0.011,0.162,-1.481,34.0,25.86,0.0,19.0,1271.0,44.0,0.34,-0.01,-1.05,-0.06,1.35,-12.15,-9.68,284.0,TEST2RR,AKR_TEST2RR,0.0,1.0,1.0,100.0
75840,1,walk,walk,6594,,6594.0,20.0,1.0,6.0,2.0,1.43,0.013,0.128,-1.694,34.0,25.86,0.0,19.0,1271.0,44.0,0.6,-0.01,-1.05,-0.06,1.08,-9.92,-9.57,284.0,TEST2RR,AKR_TEST2RR,0.0,1.0,1.0,100.0
75840,1,walk,walk,6595,,6595.0,20.0,1.0,6.0,2.0,1.03,0.014,0.147,-1.844,34.0,25.86,0.0,19.0,1271.0,44.0,0.78,-0.01,-1.04,-0.06,0.82,-7.94,-9.63,284.0,TEST2RR,AKR_TEST2RR,0.0,1.0,1.0,100.0
75860,1,walk,walk,6596,,6596.0,20.0,1.0,6.0,2.0,0.66,0.016,0.099,-2.067,34.0,25.83,0.0,19.0,1271.0,44.0,0.89,-0.02,-1.04,-0.06,0.62,-6.19,-9.76,284.0,TEST2RR,AKR_TEST2RR,0.0,1.0,1.0,100.0
75920,1,walk,walk,6597,,6597.0,20.0,1.0,6.0,2.0,0.31,0.017,0.068,-2.213,34.0,25.83,0.0,19.0,1271.0,44.0,0.93,-0.02,-1.04,-0.06,0.51,-4.67,-9.85,284.0,TEST2RR,AKR_TEST2RR,0.0,1.0,1.0,100.0
75920,1,walk,walk,6598,,6598.0,20.0,1.0,6.0,2.0,-0.01,0.018,-0.017,-2.251,34.0,25.83,0.0,19.0,1271.0,44.0,0.9,-0.02,-1.04,-0.06,0.5,-3.38,-9.81,284.0,TEST2RR,AKR_TEST2RR,0.0,1.0,1.0,100.0
75940,1,walk,walk,6599,,6599.0,20.0,1.0,6.0,2.0,-0.31,0.018,0.046,-2.175,34.0,25.83,0.0,19.0,1271.0,44.0,0.81,-0.01,-1.04,-0.06,0.57,-2.33,-9.57,284.0,TEST2RR,AKR_TEST2RR,0.0,1.0,1.0,100.0
75940,1,walk,walk,6600,,6600.0,20.0,1.0,6.0,2.0,-0.59,0.017,-0.113,-2.123,34.0,25.83,0.0,19.0,1271.0,44.0,0.68,-0.01,-1.04,-0.06,0.71,-1.51,-9.07,284.0,TEST2RR,AKR_TEST2RR,0.0,1.0,1.0,100.0
75960,1,walk,walk,6601,,6601.0,20.0,1.0,6.0,2.0,-0.85,0.016,-0.131,-1.937,34.0,25.83,0.0,19.0,1271.0,44.0,0.51,-0.01,-1.04,-0.06,0.9,-0.92,-8.24,284.0,TEST2RR,AKR_TEST2RR,0.0,1.0,1.0,100.0
75980,1,walk,walk,6602,,6602.0,20.0,1.0,6.0,2.0,-1.09,0.014,-0.211,-1.585,34.0,25.86,0.0,19.0,1271.0,44.0,0.32,-0.01,-1.04,-0.06,1.14,-0.51,-7.06,284.0,TEST2RR,AKR_TEST2RR,0.0,1.0,1.0,100.0
76000,1,walk,walk,6603,,6603.0,20.0,1.0,6.0,2.0,-1.31,0.011,-0.213,-1.266,34.0,25.86,0.0,19.0,1271.0,44.0,0.11,0.0,-1.04,-0.06,1.45,-0.27,-5.49,284.0,TEST2RR,AKR_TEST2RR,0.0,1.0,1.0,100.0
76020,1,walk,walk,6604,,6604.0,20.0,1.0,6.0,2.0,-1.52,0.008,-0.199,-0.867,34.0,25.9,0.0,19.0,1271.0,44.0,-0.08,0.0,-1.04,-0.06,1.83,-0.16,-3.55,284.0,TEST2RR,AKR_TEST2RR,0.0,1.0,1.0,100.0
76040,1,walk,walk,6605,,6605.0,20.0,1.0,6.0,2.0,-1.7,0.005,-0.139,-0.487,34.0,25.9,0.0,19.0,1271.0,44.0,-0.22,0.0,-1.04,-0.06,2.28,-0.14,-1.33,284.0,TEST2RR,AKR_TEST2RR,0.0,1.0,1.0,100.0
76080,1,walk,walk,6606,,6606.0,20.0,1.0,6.0,2.0,-1.87,0.003,-0.075,-0.339,34.0,25.9,0.0,19.0,1271.0,44.0,-0.3,0.01,-1.04,-0.06,2.8,-0.19,1.06,284.0,TEST2RR,AKR_TEST2RR,0.0,1.0,1.0,100.0
76080,1,walk,walk,6607,,6607.0,20.0,1.0,6.0,2.0,-2.02,0.003,0.032,-0.295,34.0,25.9,0.0,19.0,1271.0,44.0,-0.3,0.01,-1.04,-0.07,3.36,-0.28,3.45,284.0,TEST2RR,AKR_TEST2RR,0.0,1.0,1.0,100.0
76100,1,walk,walk,6608,,6608.0,20.0,1.0,6.0,2.0,-2.15,0.002,0.011,-0.297,34.0,25.9,0.0,19.0,1271.0,44.0,-0.2,0.0,-1.04,-0.07,3.95,-0.4,5.7,284.0,TEST2RR,AKR_TEST2RR,0.0,1.0,1.0,100.0
76120,1,walk,walk,6609,,6609.0,20.0,1.0,6.0,2.0,-2.26,0.002,-0.022,-0.36,34.0,25.9,0.0,19.0,1271.0,44.0,-0.01,0.0,-1.04,-0.07,4.53,-0.54,7.69,284.0,TEST2RR,AKR_TEST2RR,0.0,1.0,1.0,100.0
76160,1,walk,walk,6610,,6610.0,20.0,1.0,6.0,2.0,-2.35,0.003,0.04,-0.475,34.0,25.9,0.0,19.0,1271.0,44.0,0.26,0.0,-1.04,-0.07,5.03,-0.78,9.34,284.0,TEST2RR,AKR_TEST2RR,0.0,1.0,1.0,100.0
76180,1,walk,walk,6611,,6611.0,20.0,1.0,6.0,2.0,-2.41,0.004,0.142,-0.601,34.0,25.9,0.0,19.0,1271.0,44.0,0.61,-0.01,-1.04,-0.07,5.39,-1.21,10.61,284.0,TEST2RR,AKR_TEST2RR,0.0,1.0,1.0,100.0
76180,1,walk,walk,6612,,6612.0,20.0,1.0,6.0,2.0,-2.44,0.006,0.148,-0.961,34.0,25.9,0.0,19.0,1271.0,44.0,1.0,-0.02,-1.04,-0.07,5.54,-1.97,11.45,284.0,TEST2RR,AKR_TEST2RR,0.0,1.0,1.0,100.0
76220,1,walk,walk,6613,,6613.0,20.0,1.0,6.0,2.0,-2.45,0.009,0.241,-1.401,34.0,25.86,0.0,19.0,1271.0,44.0,1.41,-0.03,-1.04,-0.07,5.43,-3.17,11.91,284.0,TEST2RR,AKR_TEST2RR,0.0,1.0,1.0,100.0
76240,1,walk,walk,6614,,6614.0,20.0,1.0,6.0,2.0,-2.43,0.013,0.177,-1.773,34.0,25.86,0.0,19.0,1271.0,44.0,1.83,-0.03,-1.03,-0.07,5.0,-4.96,12.04,284.0,TEST2RR,AKR_TEST2RR,0.0,1.0,1.0,100.0
76240,1,walk,walk,6615,,6615.0,20.0,1.0,6.0,2.0,-2.38,0.015,0.162,-2.014,34.0,25.83,0.0,19.0,1271.0,44.0,2.24,-0.04,-1.03,-0.08,4.25,-7.44,11.9,284.0,TEST2RR,AKR_TEST2RR,0.0,1.0,1.0,100.0
76280,1,walk,walk,6616,,6616.0,20.0,1.0,6.0,2.0,-2.3,0.018,0.081,-2.268,34.0,25.83,0.0,19.0,1271.0,44.0,2.63,-0.05,-1.03,-0.08,3.16,-10.72,11.57,284.0,TEST2RR,AKR_TEST2RR,0.0,1.0,1.0,100.0
76280,1,walk,walk,6617,,6617.0,20.0,1.0,6.0,2.0,-2.2,0.018,0.017,-2.304,34.0,25.83,0.0,19.0,1271.0,44.0,2.99,-0.05,-1.03,-0.09,1.75,-14.8,11.09,284.0,TEST2RR,AKR_TEST2RR,0.0,1.0,1.0,100.0
76300,1,walk,walk,6618,,6618.0,20.0,1.0,6.0,2.0,-2.08,0.019,-0.058,-2.341,34.0,25.83,0.0,19.0,1271.0,44.0,3.32,-0.06,-1.03,-0.09,0.08,-19.61,10.51,284.0,TEST2RR,AKR_TEST2RR,0.0,1.0,1.0,100.0
76320,1,walk,walk,6619,,6619.0,20.0,1.0,6.0,2.0,-1.93,0.019,0.021,-2.389,34.0,25.79,0.0,19.0,1271.0,44.0,3.6,-0.06,-1.03,-0.1,-1.8,-25.0,9.85,284.0,TEST2RR,AKR_TEST2RR,0.0,1.0,1.0,100.0
76360,1,walk,walk,6620,,6620.0,20.0,1.0,6.0,2.0,-1.76,0.019,-0.019,-2.4,34.0,25.79,0.0,19.0,1271.0,44.0,3.85,-0.07,-1.03,-0.1,-3.77,-30.73,9.13,284.0,TEST2RR,AKR_TEST2RR,0.0,1.0,1.0,100.0
76380,1,walk,walk,6621,,6621.0,20.0,1.0,6.0,2.0,-1.57,0.019,-0.032,-2.416,34.0,25.79,0.0,19.0,1271.0,44.0,4.05,-0.07,-1.02,-0.1,-5.73,-36.48,8.4,284.0,TEST2RR,AKR_TEST2RR,0.0,1.0,1.0,100.0
76400,1,walk,walk,6622,,6622.0,20.0,1.0,6.0,2.0,-1.37,0.019,0.001,-2.415,34.0,25.79,0.0,19.0,1271.0,44.0,4.24,-0.08,-1.02,-0.1,-7.55,-41.92,7.68,284.0,TEST2RR,AKR_TEST2RR,0.0,1.0,1.0,100.0
76400,1,walk,walk,6623,,6623.0,20.0,1.0,6.0,2.0,-1.16,0.019,0.007,-2.433,34.0,25.79,0.0,19.0,1271.0,44.0,4.41,-0.08,-1.02,-0.1,-9.15,-46.73,6.97,284.0,TEST2RR,AKR_TEST2RR,0.0,1.0,1.0,100.0
76420,1,walk,walk,6624,,6624.0,20.0,1.0,6.0,2.0,-0.94,0.019,0.001,-2.413,34.0,25.83,0.0,19.0,1271.0,44.0,4.61,-0.08,-1.01,-0.09,-10.45,-50.69,6.25,284.0,TEST2RR,AKR_TEST2RR,0.0,1.0,1.0,100.0
76440,1,walk,walk,6625,,6625.0,20.0,1.0,6.0,2.0,-0.72,0.019,-0.003,-2.372,34.0,25.79,0.0,19.0,1271.0,44.0,4.83,-0.09,-1.01,-0.08,-11.43,-53.64,5.49,284.0,TEST2RR,AKR_TEST2RR,0.0,1.0,1.0,100.0
76460,1,walk,walk,6626,,6626.0,20.0,1.0,6.0,2.0,-0.49,0.019,-0.005,-2.327,34.0,25.83,0.0,19.0,1271.0,44.0,5.07,-0.09,-1.01,-0.08,-12.08,-55.48,4.63,284.0,TEST2RR,AKR_TEST2RR,0.0,1.0,1.0,100.0
76480,1,walk,walk,6627,,6627.0,20.0,1.0,6.0,2.0,-0.27,0.019,-0.04,-2.252,34.0,25.83,0.0,19.0,1271.0,44.0,5.32,-0.09,-1.0,-0.07,-12.39,-56.18,3.63,284.0,TEST2RR,AKR_TEST2RR,0.0,1.0,1.0,100.0
76500,1,walk,walk,6628,,6628.0,20.0,1.0,6.0,2.0,-0.04,0.018,-0.069,-2.218,34.0,25.79,0.0,19.0,1271.0,44.0,5.56,-0.1,-0.99,-0.06,-12.39,-55.76,2.45,284.0,TEST2RR,AKR_TEST2RR,0.0,1.0,1.0,100.0
76520,1,walk,walk,6629,,6629.0,20.0,1.0,6.0,2.0,0.18,0.017,0.021,-2.132,34.0,25.83,0.0,19.0,1271.0,44.0,5.78,-0.1,-0.99,-0.05,-12.07,-54.29,1.1,284.0,TEST2RR,AKR_TEST2RR,0.0,1.0,1.0,100.0
76560,1,walk,walk,6630,,6630.0,20.0,1.0,6.0,2.0,0.39,0.017,-0.048,-1.998,34.0,25.83,0.0,19.0,1271.0,44.0,5.98,-0.1,-0.98,-0.05,-11.47,-51.88,-0.4,284.0,TEST2RR,AKR_TEST2RR,0.0,1.0,1.0,100.0
76560,1,walk,walk,6631,,6631.0,20.0,1.0,6.0,2.0,0.6,0.015,-0.104,-1.857,34.0,25.83,0.0,19.0,1271.0,44.0,6.14,-0.1,-0.97,-0.04,-10.59,-48.75,-2.02,284.0,TEST2RR,AKR_TEST2RR,0.0,1.0,1.0,100.0
76600,1,walk,walk,6632,,6632.0,20.0,1.0,6.0,2.0,0.79,0.014,-0.112,-1.703,34.0,25.86,0.0,19.0,1271.0,44.0,6.27,-0.11,-0.97,-0.04,-9.49,-45.1,-3.73,284.0,TEST2RR,AKR_TEST2RR,0.0,1.0,1.0,100.0
76600,1,walk,walk,6633,,6633.0,20.0,1.0,6.0,2.0,0.98,0.012,-0.178,-1.478,34.0,25.86,0.0,19.0,1271.0,44.0,6.34,-0.11,-0.97,-0.04,-8.2,-41.22,-5.51,284.0,TEST2RR,AKR_TEST2RR,0.0,1.0,1.0,100.0
76620,1,walk,walk,6634,,6634.0,20.0,1.0,6.0,2.0,1.15,0.011,-0.064,-1.327,34.0,25.86,0.0,19.0,1271.0,44.0,6.32,-0.11,-0.97,-0.05,-6.76,-37.31,-7.3,284.0,TEST2RR,AKR_TEST2RR,0.0,1.0,1.0,100.0
76660,1,walk,walk,6635,,6635.0,20.0,1.0,0.0,5.0,1.3,0.011,0.083,-1.48,34.0,25.86,0.0,19.0,1271.0,44.0,6.16,-0.1,-0.97,-0.05,-5.16,-33.44,-8.96,284.0,TEST2RR,AKR_TEST2RR,0.0,1.0,1.0,100.0
76660,1,walk,walk,6636,,6636.0,20.0,0.0,0.0,6.0,1.44,0.012,0.003,-1.527,34.0,25.86,0.0,18.0,1271.0,44.0,5.86,-0.1,-0.98,-0.06,-3.48,-29.47,-10.61,284.0,TEST2RR,AKR_TEST2RR,0.0,1.0,1.0,100.0
76720,1,walk,walk,6637,,6637.0,20.0,0.0,0.0,6.0,1.55,0.012,0.003,-1.527,34.0,25.86,0.0,38.0,1271.0,44.0,5.47,-0.09,-0.99,-0.06,-1.84,-25.55,-12.27,285.0,TEST2RR,AKR_TEST2RR,0.0,1.0,1.0,100.0
76720,1,walk,walk,6638,,6638.0,20.0,0.0,0.0,6.0,1.65,0.012,0.003,-1.527,34.0,25.86,0.0,58.0,1271.0,44.0,5.01,-0.09,-1.0,-0.06,-0.33,-21.8,-13.73,285.0,TEST2RR,AKR_TEST2RR,0.0,1.0,1.0,100.0
76720,1,walk,walk,6639,,6639.0,20.0,0.0,0.0,6.0,1.72,0.046,4.549,0.0,34.0,25.97,0.0,2.0,1271.0,44.0,4.52,-0.08,-1.01,-0.06,0.96,-18.31,-14.78,285.0,TEST2RR,AKR_TEST2RR,0.0,1.0,1.0,100.0
76740,1,walk,walk,6640,,6640.0,20.0,0.0,0.0,6.0,1.76,0.046,-0.023,0.0,34.0,25.93,0.0,2.0,1271.0,44.0,4.03,-0.07,-1.02,-0.06,1.96,-15.15,-15.32,285.0,TEST2RR,AKR_TEST2RR,0.0,1.0,1.0,100.0
76760,1,walk,walk,6641,,6641.0,20.0,0.0,0.0,7.0,1.78,0.045,-0.089,0.0,34.0,25.93,0.0,2.0,1271.0,44.0,3.57,-0.06,-1.02,-0.06,2.67,-12.36,-15.32,285.0,TEST2RR,AKR_TEST2RR,0.0,1.0,1.0,100.0
76800,1,walk,walk,6642,,6642.0,20.0,0.0,0.0,7.0,1.78,0.044,-0.105,0.0,34.0,25.93,0.0,2.0,1271.0,44.0,3.15,-0.06,-1.03,-0.06,3.13,-9.94,-14.81,285.0,TEST2RR,AKR_TEST2RR,0.0,1.0,1.0,100.0
76800,1,walk,walk,6643,,6643.0,20.0,0.0,0.0,7.0,1.75,0.044,-0.036,0.0,34.0,25.93,0.0,2.0,1271.0,44.0,2.81,-0.05,-1.03,-0.05,3.37,-7.89,-13.9,285.0,TEST2RR,AKR_TEST2RR,0.0,1.0,1.0,100.0
76820,1,walk,walk,6644,,6644.0,20.0,0.0,0.0,7.0,1.69,0.043,-0.018,0.0,34.0,25.93,0.0,2.0,1271.0,44.0,2.53,-0.05,-1.03,-0.05,3.47,-6.17,-12.71,285.0,TEST2RR,AKR_TEST2RR,0.0,1.0,1.0,100.0
76840,1,walk,walk,6645,,6645.0,20.0,0.0,0.0,7.0,1.62,0.043,-0.002,0.0,34.0,25.93,0.0,2.0,1271.0,44.0,2.33,-0.04,-1.04,-0.05,3.47,-4.76,-11.37,285.0,TEST2RR,AKR_TEST2RR,0.0,1.0,1.0,100.0
76880,1,walk,walk,6646,,6646.0,20.0,0.0,0.0,7.0,1.52,0.043,0.061,0.0,34.0,25.93,0.0,2.0,1271.0,44.0,2.2,-0.04,-1.04,-0.05,3.44,-3.58,-10.01,285.0,TEST2RR,AKR_TEST2RR,0.0,1.0,1.0,100.0
76900,1,walk,walk,6647,,6647.0,20.0,0.0,0.0,7.0,1.4,0.044,-0.002,0.0,34.0,25.93,0.0,2.0,1271.0,44.0,2.13,-0.04,-1.04,-0.06,3.4,-2.6,-8.75,285.0,TEST2RR,AKR_TEST2RR,0.0,1.0,1.0,100.0
76900,1,walk,walk,6648,,6648.0,20.0,0.0,0.0,7.0,1.27,0.044,0.015,0.0,34.0,25.93,0.0,2.0,1271.0,44.0,2.1,-0.04,-1.03,-0.06,3.38,-1.77,-7.68,285.0,TEST2RR,AKR_TEST2RR,0.0,1.0,1.0,100.0
76920,1,walk,walk,6649,,6649.0,20.0,0.0,0.0,7.0,1.14,0.046,0.167,0.0,34.0,25.93,0.0,2.0,1271.0,44.0,2.12,-0.04,-1.03,-0.06,3.39,-1.04,-6.88,285.0,TEST2RR,AKR_TEST2RR,0.0,1.0,1.0,100.0
76940,1,walk,walk,6650,,6650.0,20.0,0.0,0.0,7.0,0.99,0.05,0.248,0.0,34.0,25.93,0.0,2.0,1271.0,44.0,2.15,-0.04,-1.03,-0.06,3.43,-0.39,-6.39,285.0,TEST2RR,AKR_TEST2RR,0.0,1.0,1.0,100.0
76960,1,walk,walk,6651,,6651.0,20.0,0.0,0.0,7.0,0.85,0.055,0.34,0.0,34.0,25.93,0.0,2.0,1271.0,44.0,2.19,-0.04,-1.03,-0.06,3.48,0.18,-6.22,285.0,TEST2RR,AKR_TEST2RR,0.0,1.0,1.0,100.0
76980,1,walk,walk,6652,,6652.0,20.0,0.0,0.0,7.0,0.7,0.062,0.433,0.0,33.0,25.93,0.0,2.0,1271.0,44.0,2.21,-0.04,-1.03,-0.06,3.54,0.65,-6.38,285.0,TEST2RR,AKR_TEST2RR,0.0,1.0,1.0,100.0
77020,1,walk,walk,6653,,6653.0,20.0,0.0,0.0,7.0,0.55,0.07,0.562,0.0,33.0,25.93,0.0,2.0,1271.0,44.0,2.21,-0.04,-1.03,-0.06,3.58,1.02,-6.85,285.0,TEST2RR,AKR_TEST2RR,0.0,1.0,1.0,100.0
77040,1,walk,walk,6654,,6654.0,20.0,0.0,0.0,7.0,0.41,0.076,0.405,0.0,33.0,25.93,0.0,2.0,1271.0,44.0,2.17,-0.04,-1.02,-0.06,3.6,1.29,-7.57,285.0,TEST2RR,AKR_TEST2RR,0.0,1.0,1.0,100.0
77060,1,walk,walk,6655,,6655.0,20.0,0.0,0.0,7.0,0.28,0.082,0.32,0.0,33.0,25.93,0.0,2.0,1271.0,44.0,2.09,-0.04,-1.02,-0.06,3.61,1.48,-8.43,285.0,TEST2RR,AKR_TEST2RR,0.0,1.0,1.0,100.0
77060,1,walk,walk,6656,,6656.0,20.0,0.0,0.0,7.0,0.15,0.088,0.557,0.0,33.0,25.93,0.0,2.0,1271.0,44.0,1.96,-0.04,-1.02,-0.06,3.6,1.6,-9.37,285.0,TEST2RR,AKR_TEST2RR,0.0,1.0,1.0,100.0
77080,1,walk,walk,6657,,6657.0,20.0,0.0,0.0,7.0,0.02,0.096,0.442,0.0,33.0,25.93,0.0,2.0,1271.0,44.0,1.8,-0.03,-1.02,-0.06,3.57,1.66,-10.33,285.0,TEST2RR,AKR_TEST2RR,0.0,1.0,1.0,100.0
77120,1,walk,walk,6658,,6658.0,20.0,0.0,0.0,7.0,-0.1,0.101,0.295,0.0,33.0,25.93,0.0,2.0,1271.0,44.0,1.6,-0.03,-1.02,-0.06,3.53,1.67,-11.25,285.0,TEST2RR,AKR_TEST2RR,0.0,1.0,1.0,100.0
77120,1,walk,walk,6659,,6659.0,20.0,0.0,0.0,7.0,-0.22,0.105,0.177,0.0,33.0,25.93,0.0,2.0,1271.0,44.0,1.37,-0.02,-1.02,-0.06,3.47,1.67,-12.08,285.0,TEST2RR,AKR_TEST2RR,0.0,1.0,1.0,100.0
77140,1,walk,walk,6660,,6660.0,20.0,0.0,0.0,7.0,-0.34,0.109,0.174,0.0,33.0,25.93,0.0,2.0,1271.0,44.0,1.11,-0.02,-1.02,-0.06,3.4,1.68,-12.77,285.0,TEST2RR,AKR_TEST2RR,0.0,1.0,1.0,100.0
77160,1,walk,walk,6661,,6661.0,20.0,0.0,0.0,7.0,-0.47,0.114,0.493,0.0,33.0,25.93,0.0,2.0,1271.0,44.0,0.84,-0.01,-1.02,-0.06,3.32,1.7,-13.32,285.0,TEST2RR,AKR_TEST2RR,0.0,1.0,1.0,100.0
77180,1,walk,walk,6662,,6662.0,20.0,0.0,0.0,7.0,-0.59,0.122,0.532,0.0,33.0,25.93,0.0,2.0,1271.0,44.0,0.56,-0.01,-1.02,-0.06,3.22,1.71,-13.78,285.0,TEST2RR,AKR_TEST2RR,0.0,1.0,1.0,100.0
77220,1,walk,walk,6663,,6663.0,20.0,0.0,0.0,7.0,-0.72,0.127,0.211,0.0,33.0,25.93,0.0,2.0,1271.0,44.0,0.27,0.0,-1.02,-0.06,3.11,1.7,-14.14,285.0,TEST2RR,AKR_TEST2RR,0.0,1.0,1.0,100.0
77220,1,walk,walk,6664,,6664.0,20.0,0.0,0.0,7.0,-0.86,0.13,0.256,0.0,33.0,25.93,0.0,2.0,1271.0,44.0,-0.03,0.0,-1.02,-0.06,3.0,1.68,-14.37,285.0,TEST2RR,AKR_TEST2RR,0.0,1.0,1.0,100.0
77240,1,walk,walk,6665,,6665.0,20.0,0.0,0.0,7.0,-1.0,0.132,0.201,0.0,33.0,25.93,0.0,2.0,1271.0,44.0,-0.34,0.01,-1.02,-0.06,2.89,1.66,-14.44,285.0,TEST2RR,AKR_TEST2RR,0.0,1.0,1.0,100.0
77260,1,walk,walk,6666,,6666.0,20.0,0.0,0.0,7.0,-1.15,0.135,0.189,0.0,33.0,25.93,0.0,2.0,1271.0,44.0,-0.65,0.01,-1.02,-0.06,2.78,1.64,-14.34,285.0,TEST2RR,AKR_TEST2RR,0.0,1.0,1.0,100.0
77280,1,walk,walk,6667,,6667.0,20.0,0.0,0.0,7.0,-1.31,0.139,0.199,0.0,33.0,25.93,0.0,2.0,1271.0,44.0,-0.97,0.02,-1.02,-0.06,2.65,1.61,-14.08,285.0,TEST2RR,AKR_TEST2RR,0.0,1.0,1.0,100.0
77300,1,walk,walk,6668,,6668.0,20.0,0.0,0.0,7.0,-1.48,0.141,0.198,0.0,33.0,25.93,0.0,2.0,1271.0,44.0,-1.28,0.02,-1.02,-0.06,2.51,1.56,-13.67,285.0,TEST2RR,AKR_TEST2RR,0.0,1.0,1.0,100.0
77320,1,walk,walk,6669,,6669.0,20.0,0.0,0.0,7.0,-1.65,0.143,0.248,0.0,33.0,25.93,0.0,2.0,1271.0,44.0,-1.58,0.03,-1.02,-0.06,2.35,1.5,-13.12,285.0,TEST2RR,AKR_TEST2RR,0.0,1.0,1.0,100.0
77360,1,walk,walk,6670,,6670.0,20.0,0.0,0.0,7.0,-1.84,0.145,0.112,0.0,33.0,25.93,0.0,2.0,1271.0,44.0,-1.87,0.03,-1.02,-0.05,2.17,1.42,-12.44,285.0,TEST2RR,AKR_TEST2RR,0.0,1.0,1.0,100.0
77380,1,walk,walk,6671,,6671.0,20.0,0.0,0.0,7.0,-2.02,0.146,0.014,0.0,33.0,25.93,0.0,2.0,1271.0,44.0,-2.15,0.04,-1.02,-0.05,1.98,1.34,-11.63,285.0,TEST2RR,AKR_TEST2RR,0.0,1.0,1.0,100.0
77380,1,walk,walk,6672,,6672.0,20.0,0.0,0.0,7.0,-2.22,0.146,0.001,0.0,33.0,25.93,0.0,2.0,1271.0,44.0,-2.41,0.04,-1.02,-0.05,1.79,1.26,-10.72,285.0,TEST2RR,AKR_TEST2RR,0.0,1.0,1.0,100.0
77420,1,walk,walk,6673,,6673.0,20.0,0.0,0.0,7.0,-2.41,0.146,0.045,0.0,33.0,25.93,0.0,2.0,1271.0,44.0,-2.64,0.05,-1.02,-0.05,1.61,1.18,-9.73,285.0,TEST2RR,AKR_TEST2RR,0.0,1.0,1.0,100.0
77420,1,walk,walk,6674,,6674.0,20.0,0.0,0.0,7.0,-2.61,0.146,0.014,0.0,33.0,25.93,0.0,2.0,1271.0,44.0,-2.85,0.05,-1.02,-0.05,1.44,1.12,-8.71,285.0,TEST2RR,AKR_TEST2RR,0.0,1.0,1.0,100.0
77440,1,walk,walk,6675,,6675.0,20.0,0.0,0.0,7.0,-2.81,0.145,-0.034,0.0,33.0,25.93,0.0,2.0,1271.0,44.0,-3.03,0.05,-1.02,-0.05,1.29,1.07,-7.67,285.0,TEST2RR,AKR_TEST2RR,0.0,1.0,1.0,100.0
77460,1,walk,walk,6676,,6676.0,20.0,0.0,0.0,7.0,-3.01,0.145,-0.01,0.0,33.0,25.93,0.0,2.0,1271.0,44.0,-3.2,0.06,-1.02,-0.05,1.15,1.02,-6.64,285.0,TEST2RR,AKR_TEST2RR,0.0,1.0,1.0,100.0
77480,1,walk,walk,6677,,6677.0,20.0,0.0,0.0,7.0,-3.2,0.145,-0.029,0.0,33.0,25.93,0.0,2.0,1271.0,44.0,-3.33,0.06,-1.02,-0.05,1.02,0.98,-5.64,285.0,TEST2RR,AKR_TEST2RR,0.0,1.0,1.0,100.0
77520,1,walk,walk,6678,,6678.0,20.0,0.0,0.0,7.0,-3.39,0.144,-0.111,0.0,33.0,25.93,0.0,2.0,1271.0,44.0,-3.45,0.06,-1.02,-0.05,0.9,0.94,-4.68,285.0,TEST2RR,AKR_TEST2RR,0.0,1.0,1.0,100.0
77540,1,walk,walk,6679,,6679.0,20.0,0.0,0.0,7.0,-3.57,0.144,-0.163,0.0,33.0,25.93,0.0,2.0,1271.0,44.0,-3.55,0.06,-1.02,-0.05,0.79,0.9,-3.78,285.0,TEST2RR,AKR_TEST2RR,0.0,1.0,1.0,100.0
77560,1,walk,walk,6680,,6680.0,20.0,0.0,0.0,1.0,-3.74,0.143,0.003,0.0,33.0,25.93,0.0,2.0,1271.0,44.0,-3.62,0.06,-1.02,-0.05,0.69,0.87,-2.94,285.0,TEST2RR,AKR_TEST2RR,0.0,1.0,1.0,100.0
77560,1,walk,walk,6681,,6681.0,20.0,0.0,0.0,1.0,-3.9,0.142,-0.122,0.0,33.0,25.93,0.0,2.0,1271.0,44.0,-3.68,0.07,-1.02,-0.06,0.61,0.85,-2.16,285.0,TEST2RR,AKR_TEST2RR,0.0,1.0,1.0,100.0
77580,1,walk,walk,6682,,6682.0,20.0,0.0,0.0,1.0,-4.05,0.141,0.013,0.0,33.0,25.93,0.0,2.0,1271.0,44.0,-3.73,0.07,-1.02,-0.06,0.53,0.85,-1.44,285.0,TEST2RR,AKR_TEST2RR,0.0,1.0,1.0,100.0
77600,1,walk,walk,6683,,6683.0,20.0,0.0,0.0,1.0,-4.19,0.139,-0.226,0.0,33.0,25.93,0.0,2.0,1271.0,44.0,-3.76,0.07,-1.02,-0.06,0.46,0.86,-0.78,285.0,TEST2RR,AKR_TEST2RR,0.0,1.0,1.0,100.0
77620,1,walk,walk,6684,,6684.0,20.0,0.0,0.0,1.0,-4.31,0.138,-0.134,0.0,33.0,25.93,0.0,2.0,1271.0,44.0,-3.77,0.07,-1.02,-0.06,0.41,0.88,-0.17,285.0,TEST2RR,AKR_TEST2RR,0.0,1.0,1.0,100.0
77640,1,walk,walk,6685,,6685.0,20.0,0.0,0.0,1.0,-4.43,0.136,-0.132,0.0,33.0,25.93,0.0,2.0,1271.0,44.0,-3.78,0.07,-1.02,-0.06,0.37,0.92,0.38,285.0,TEST2RR,AKR_TEST2RR,0.0,1.0,1.0,100.0
77660,1,walk,walk,6686,,6686.0,20.0,0.0,0.0,1.0,-4.53,0.134,-0.297,0.0,33.0,25.93,0.0,2.0,1271.0,44.0,-3.78,0.07,-1.02,-0.06,0.34,0.96,0.89,286.0,TEST2RR,AKR_TEST2RR,0.0,1.0,1.0,100.0
77700,1,walk,walk,6687,,6687.0,20.0,0.0,0.0,1.0,-4.61,0.133,-0.006,0.0,33.0,25.93,0.0,2.0,1271.0,44.0,-3.77,0.07,-1.02,-0.06,0.33,1.01,1.34,286.0,TEST2RR,AKR_TEST2RR,0.0,1.0,1.0,100.0
77700,1,walk,walk,6688,,6688.0,20.0,0.0,0.0,1.0,-4.68,0.131,-0.142,0.0,33.0,25.93,0.0,2.0,1271.0,44.0,-3.75,0.07,-1.02,-0.06,0.33,1.06,1.75,286.0,TEST2RR,AKR_TEST2RR,0.0,1.0,1.0,100.0
77720,1,walk,walk,6689,,6689.0,20.0,0.0,0.0,1.0,-4.74,0.13,-0.073,0.0,33.0,25.93,0.0,2.0,1271.0,44.0,-3.72,0.07,-1.02,-0.06,0.35,1.11,2.11,286.0,TEST2RR,AKR_TEST2RR,0.0,1.0,1.0,100.0
77760,1,walk,walk,6690,,6690.0,20.0,0.0,0.0,1.0,-4.79,0.13,-0.042,0.0,33.0,25.93,0.0,2.0,1271.0,44.0,-3.69,0.07,-1.02,-0.06,0.38,1.16,2.42,286.0,TEST2RR,AKR_TEST2RR,0.0,1.0,1.0,100.0
77760,1,walk,walk,6691,,6691.0,20.0,0.0,0.0,1.0,-4.82,0.128,-0.079,0.0,33.0,25.93,0.0,2.0,1271.0,44.0,-3.65,0.06,-1.02,-0.06,0.42,1.19,2.67,286.0,TEST2RR,AKR_TEST2RR,0.0,1.0,1.0,100.0
77780,1,walk,walk,6692,,6692.0,20.0,0.0,0.0,1.0,-4.84,0.127,-0.025,0.0,33.0,25.93,0.0,2.0,1271.0,44.0,-3.61,0.06,-1.02,-0.06,0.48,1.2,2.87,286.0,TEST2RR,AKR_TEST2RR,0.0,1.0,1.0,100.0
77800,1,walk,walk,6693,,6693.0,20.0,0.0,0.0,1.0,-4.85,0.126,-0.101,0.0,33.0,25.93,0.0,2.0,1271.0,44.0,-3.57,0.06,-1.02,-0.06,0.54,1.2,3.03,286.0,TEST2RR,AKR_TEST2RR,0.0,1.0,1.0,100.0
77840,1,walk,walk,6694,,6694.0,20.0,0.0,0.0,1.0,-4.85,0.125,-0.091,0.0,33.0,25.93,0.0,2.0,1271.0,44.0,-3.52,0.06,-1.02,-0.06,0.61,1.19,3.14,286.0,TEST2RR,AKR_TEST2RR,0.0,1.0,1.0,100.0
77860,1,walk,walk,6695,,6695.0,20.0,0.0,0.0,1.0,-4.84,0.125,-0.044,0.0,33.0,25.93,0.0,2.0,1271.0,44.0,-3.46,0.06,-1.02,-0.06,0.68,1.18,3.2,286.0,TEST2RR,AKR_TEST2RR,0.0,1.0,1.0,100.0
77880,1,walk,walk,6696,,6696.0,20.0,0.0,0.0,1.0,-4.82,0.125,0.042,0.0,33.0,25.93,0.0,2.0,1271.0,44.0,-3.41,0.06,-1.02,-0.06,0.77,1.16,3.21,286.0,TEST2RR,AKR_TEST2RR,0.0,1.0,1.0,100.0
77880,1,walk,walk,6697,,6697.0,20.0,0.0,0.0,1.0,-4.79,0.124,-0.04,0.0,33.0,25.93,0.0,2.0,1271.0,44.0,-3.35,0.06,-1.02,-0.06,0.87,1.14,3.18,286.0,TEST2RR,AKR_TEST2RR,0.0,1.0,1.0,100.0
77900,1,walk,walk,6698,,6698.0,20.0,0.0,0.0,1.0,-4.75,0.124,0.017,0.0,33.0,25.93,0.0,2.0,1271.0,44.0,-3.3,0.06,-1.02,-0.06,0.98,1.13,3.08,286.0,TEST2RR,AKR_TEST2RR,0.0,1.0,1.0,100.0
77920,1,walk,walk,6699,,6699.0,20.0,0.0,0.0,1.0,-4.71,0.124,0.077,0.0,33.0,25.93,0.0,2.0,1271.0,44.0,-3.24,0.06,-1.02,-0.06,1.1,1.13,2.95,286.0,TEST2RR,AKR_TEST2RR,0.0,1.0,1.0,100.0
77940,1,walk,walk,6700,,6700.0,20.0,0.0,0.0,1.0,-4.66,0.124,0.019,0.0,33.0,25.93,0.0,2.0,1271.0,44.0,-3.2,0.06,-1.02,-0.06,1.25,1.13,2.77,286.0,TEST2RR,AKR_TEST2RR,0.0,1.0,1.0,100.0
77960,1,walk,walk,6701,,6701.0,20.0,0.0,0.0,1.0,-4.61,0.124,0.049,0.0,33.0,25.93,0.0,2.0,1271.0,44.0,-3.15,0.06,-1.02,-0.06,1.4,1.14,2.57,286.0,TEST2RR,AKR_TEST2RR,0.0,1.0,1.0,100.0
78000,1,walk,walk,6702,,6702.0,20.0,0.0,0.0,1.0,-4.55,0.123,-0.081,0.0,33.0,25.93,0.0,2.0,1271.0,44.0,-3.12,0.06,-1.02,-0.06,1.56,1.15,2.36,286.0,TEST2RR,AKR_TEST2RR,0.0,1.0,1.0,100.0
78000,1,walk,walk,6703,,6703.0,20.0,0.0,0.0,1.0,-4.49,0.123,0.003,0.0,33.0,25.93,0.0,2.0,1271.0,44.0,-3.1,0.06,-1.02,-0.06,1.73,1.16,2.15,286.0,TEST2RR,AKR_TEST2RR,0.0,1.0,1.0,100.0
78020,1,walk,walk,6704,,6704.0,20.0,0.0,0.0,1.0,-4.42,0.123,-0.058,0.0,33.0,25.93,0.0,2.0,1271.0,44.0,-3.08,0.05,-1.02,-0.06,1.91,1.17,1.95,286.0,TEST2RR,AKR_TEST2RR,0.0,1.0,1.0,100.0
78040,1,walk,walk,6705,,6705.0,20.0,0.0,0.0,1.0,-4.36,0.123,-0.084,0.0,33.0,25.93,0.0,2.0,1271.0,44.0,-3.07,0.05,-1.02,-0.06,2.07,1.19,1.79,286.0,TEST2RR,AKR_TEST2RR,0.0,1.0,1.0,100.0
78100,1,walk,walk,6706,,6706.0,20.0,0.0,0.0,1.0,-4.3,0.123,0.003,0.0,33.0,25.93,0.0,2.0,1271.0,44.0,-3.06,0.05,-1.02,-0.06,2.23,1.2,1.67,286.0,TEST2RR,AKR_TEST2RR,0.0,1.0,1.0,100.0
78100,1,walk,walk,6707,,6707.0,20.0,0.0,0.0,1.0,-4.23,0.122,-0.112,0.0,33.0,25.93,0.0,2.0,1271.0,44.0,-3.07,0.05,-1.02,-0.06,2.39,1.2,1.6,286.0,TEST2RR,AKR_TEST2RR,0.0,1.0,1.0,100.0
78100,1,walk,walk,6708,,6708.0,20.0,0.0,0.0,1.0,-4.17,0.12,-0.31,0.0,33.0,25.93,0.0,2.0,1271.0,44.0,-3.1,0.06,-1.02,-0.06,2.53,1.2,1.63,286.0,TEST2RR,AKR_TEST2RR,0.0,1.0,1.0,100.0
78140,1,walk,walk,6709,,6709.0,20.0,0.0,0.0,1.0,-4.1,0.114,-0.546,0.0,33.0,25.93,0.0,2.0,1271.0,44.0,-3.15,0.06,-1.02,-0.06,2.65,1.19,1.84,286.0,TEST2RR,AKR_TEST2RR,0.0,1.0,1.0,100.0
78160,1,walk,walk,6710,,6710.0,20.0,0.0,0.0,1.0,-4.04,0.103,-0.798,0.0,33.0,25.93,0.0,2.0,1271.0,44.0,-3.24,0.06,-1.02,-0.06,2.74,1.18,2.37,286.0,TEST2RR,AKR_TEST2RR,0.0,1.0,1.0,100.0
78180,1,walk,walk,6711,,6711.0,20.0,0.0,0.0,1.0,-3.98,0.094,-0.601,0.0,33.0,25.93,0.0,2.0,1271.0,44.0,-3.36,0.06,-1.02,-0.06,2.78,1.15,3.38,286.0,TEST2RR,AKR_TEST2RR,0.0,1.0,1.0,100.0
78180,1,walk,walk,6712,,6712.0,20.0,0.0,0.0,1.0,-3.92,0.086,-0.673,0.0,33.0,25.93,0.0,2.0,1271.0,44.0,-3.52,0.06,-1.03,-0.06,2.7,1.04,4.97,286.0,TEST2RR,AKR_TEST2RR,0.0,1.0,1.0,100.0
78200,1,walk,walk,6713,,6713.0,20.0,0.0,0.0,1.0,-3.86,0.081,-0.038,0.0,33.0,25.93,0.0,2.0,1271.0,44.0,-3.72,0.07,-1.03,-0.05,2.42,0.71,7.21,286.0,TEST2RR,AKR_TEST2RR,0.0,1.0,1.0,100.0
78220,1,walk,walk,6714,,6714.0,20.0,0.0,0.0,1.0,-3.8,0.082,0.203,0.0,33.0,25.93,0.0,2.0,1271.0,44.0,-3.95,0.07,-1.04,-0.05,1.89,0.05,10.08,286.0,TEST2RR,AKR_TEST2RR,0.0,1.0,1.0,100.0
78240,1,walk,walk,6715,,6715.0,20.0,0.0,0.0,1.0,-3.74,0.085,0.358,0.0,33.0,25.93,0.0,2.0,1271.0,44.0,-4.19,0.08,-1.05,-0.05,1.07,-1.01,13.49,286.0,TEST2RR,AKR_TEST2RR,0.0,1.0,1.0,100.0
78260,1,walk,walk,6716,,6716.0,20.0,0.0,0.0,1.0,-3.67,0.092,0.672,0.0,33.0,25.93,0.0,2.0,1271.0,44.0,-4.4,0.08,-1.06,-0.05,-0.05,-2.53,17.3,286.0,TEST2RR,AKR_TEST2RR,0.0,1.0,1.0,100.0
78300,1,walk,walk,6717,,6717.0,20.0,0.0,0.0,1.0,-3.59,0.097,-0.183,0.0,33.0,25.93,0.0,2.0,1271.0,44.0,-4.52,0.09,-1.08,-0.05,-1.39,-4.46,21.29,286.0,TEST2RR,AKR_TEST2RR,0.0,1.0,1.0,100.0
78300,1,walk,walk,6718,,6718.0,20.0,0.0,0.0,1.0,-3.5,0.091,-0.633,0.0,33.0,25.93,0.0,2.0,1271.0,44.0,-4.54,0.09,-1.09,-0.05,-2.83,-6.76,25.18,286.0,TEST2RR,AKR_TEST2RR,0.0,1.0,1.0,100.0
78320,1,walk,walk,6719,,6719.0,20.0,0.0,0.0,1.0,-3.39,0.077,-1.15,0.0,33.0,25.93,0.0,2.0,1271.0,44.0,-4.47,0.09,-1.11,-0.05,-4.23,-9.34,28.75,286.0,TEST2RR,AKR_TEST2RR,0.0,1.0,1.0,100.0
78340,1,walk,walk,6720,,6720.0,20.0,0.0,0.0,1.0,-3.25,0.062,-0.955,0.0,33.0,25.93,0.0,2.0,1271.0,44.0,-4.36,0.09,-1.12,-0.04,-5.46,-12.11,31.78,286.0,TEST2RR,AKR_TEST2RR,0.0,1.0,1.0,100.0
78380,1,walk,walk,6721,,6721.0,20.0,0.0,0.0,1.0,-3.09,0.05,-0.696,0.0,33.0,25.93,0.0,2.0,1271.0,44.0,-4.26,0.08,-1.12,-0.04,-6.43,-14.96,34.04,286.0,TEST2RR,AKR_TEST2RR,0.0,1.0,1.0,100.0
78380,1,walk,walk,6722,,6722.0,20.0,0.0,0.0,1.0,-2.9,0.043,-0.193,0.0,33.0,25.93,0.0,2.0,1271.0,44.0,-4.23,0.08,-1.12,-0.03,-7.09,-17.79,35.27,286.0,TEST2RR,AKR_TEST2RR,0.0,1.0,1.0,100.0
78400,1,walk,walk,6723,,6723.0,20.0,0.0,0.0,1.0,-2.68,0.042,0.002,0.0,33.0,25.93,0.0,2.0,1271.0,44.0,-4.31,0.08,-1.12,-0.03,-7.44,-20.44,35.21,286.0,TEST2RR,AKR_TEST2RR,0.0,1.0,1.0,100.0
78420,1,walk,walk,6724,,6724.0,20.0,0.0,6.0,2.0,-2.42,0.042,-0.032,0.0,33.0,25.93,0.0,2.0,1271.0,44.0,-4.49,0.09,-1.1,-0.03,-7.5,-22.71,33.68,286.0,TEST2RR,AKR_TEST2RR,0.0,1.0,1.0,100.0
78440,1,walk,walk,6725,,6725.0,20.0,0.0,6.0,2.0,-2.13,0.042,-0.01,-0.005,33.0,25.9,0.0,18.0,1271.0,44.0,-4.75,0.09,-1.08,-0.02,-7.3,-24.39,30.63,286.0,TEST2RR,AKR_TEST2RR,0.0,1.0,1.0,100.0
78480,1,walk,walk,6726,,6726.0,20.0,0.0,6.0,2.0,-1.81,0.026,-1.104,-0.384,33.0,25.9,0.0,18.0,1271.0,44.0,-5.01,0.09,-1.06,-0.02,-6.87,-25.3,26.23,286.0,TEST2RR,AKR_TEST2RR,0.0,1.0,1.0,100.0
78480,1,walk,walk,6727,,6727.0,20.0,1.0,6.0,2.0,-1.46,0.015,-0.316,-0.861,33.0,25.9,0.0,19.0,1271.0,44.0,-5.21,0.09,-1.03,-0.02,-6.21,-25.37,20.61,286.0,TEST2RR,AKR_TEST2RR,0.0,1.0,1.0,100.0
78500,1,walk,walk,6728,,6728.0,20.0,0.0,6.0,2.0,-1.09,0.012,-0.16,-1.162,33.0,25.9,0.0,18.0,1271.0,44.0,-5.25,0.09,-1.0,-0.02,-5.33,-24.66,13.95,286.0,TEST2RR,AKR_TEST2RR,0.0,1.0,1.0,100.0
78540,1,walk,walk,6729,,6729.0,20.0,0.0,6.0,2.0,-0.71,0.011,-0.049,-1.283,33.0,25.9,0.0,18.0,1271.0,44.0,-5.06,0.09,-0.97,-0.02,-4.24,-23.31,6.5,286.0,TEST2RR,AKR_TEST2RR,0.0,1.0,1.0,100.0
78560,1,walk,walk,6730,,6730.0,20.0,0.0,6.0,2.0,-0.33,0.011,0.021,-1.376,33.0,25.9,0.0,18.0,1271.0,44.0,-4.55,0.07,-0.94,-0.02,-2.98,-21.52,-1.46,286.0,TEST2RR,AKR_TEST2RR,0.0,1.0,1.0,100.0
78580,1,walk,walk,6731,,6731.0,20.0,1.0,6.0,2.0,0.03,0.012,0.038,-1.547,33.0,25.86,0.0,19.0,1271.0,44.0,-3.67,0.06,-0.92,-0.03,-1.61,-19.46,-9.55,286.0,TEST2RR,AKR_TEST2RR,0.0,1.0,1.0,100.0
78580,1,walk,walk,6732,,6732.0,20.0,1.0,6.0,2.0,0.37,0.014,0.189,-1.925,33.0,25.86,0.0,19.0,1271.0,44.0,-2.39,0.04,-0.9,-0.04,-0.2,-17.27,-17.33,286.0,TEST2RR,AKR_TEST2RR,0.0,1.0,1.0,100.0
78640,1,walk,walk,6733,,6733.0,20.0,1.0,6.0,2.0,0.68,0.017,0.263,-2.27,33.0,25.83,0.0,19.0,1271.0,44.0,-0.74,0.01,-0.89,-0.05,1.17,-15.09,-24.36,287.0,TEST2RR,AKR_TEST2RR,0.0,1.0,1.0,100.0
78640,1,walk,walk,6734,,6734.0,20.0,1.0,6.0,2.0,0.93,0.019,0.111,-2.527,33.0,25.79,0.0,19.0,1271.0,44.0,1.25,-0.02,-0.88,-0.07,2.36,-13.06,-30.23,287.0,TEST2RR,AKR_TEST2RR,0.0,1.0,1.0,100.0
78640,1,walk,walk,6735,,6735.0,20.0,1.0,6.0,2.0,1.13,0.022,0.211,-2.836,33.0,25.76,0.0,19.0,1271.0,44.0,3.49,-0.05,-0.88,-0.09,3.27,-11.3,-34.6,287.0,TEST2RR,AKR_TEST2RR,0.0,1.0,1.0,100.0
78660,1,walk,walk,6736,,6736.0,20.0,1.0,6.0,2.0,1.27,0.025,0.089,-3.203,33.0,25.72,0.0,19.0,1271.0,44.0,5.87,-0.09,-0.88,-0.11,3.81,-9.97,-37.29,287.0,TEST2RR,AKR_TEST2RR,0.0,1.0,1.0,100.0
78680,1,walk,walk,6737,,6737.0,20.0,1.0,6.0,2.0,1.34,0.027,0.083,-3.385,33.0,25.69,0.0,19.0,1271.0,44.0,8.25,-0.13,-0.88,-0.13,3.9,-9.15,-38.18,287.0,TEST2RR,AKR_TEST2RR,0.0,1.0,1.0,100.0
78720,1,walk,walk,6738,,6738.0,20.0,1.0,6.0,2.0,1.34,0.028,0.229,-3.672,33.0,25.65,0.0,19.0,1271.0,44.0,9.99,-0.16,-0.89,-0.14,3.58,-8.78,-37.41,287.0,TEST2RR,AKR_TEST2RR,0.0,1.0,1.0,100.0
78720,1,walk,walk,6739,,6739.0,20.0,1.0,6.0,2.0,1.27,0.038,0.37,-5.1,33.0,25.47,0.0,19.0,1271.0,44.0,10.67,-0.17,-0.91,-0.15,3.23,-8.36,-35.35,287.0,TEST2RR,AKR_TEST2RR,0.0,1.0,1.0,100.0
78740,1,walk,walk,6740,,6740.0,20.0,1.0,6.0,2.0,1.15,0.047,0.868,-6.74,33.0,25.19,0.0,19.0,1271.0,44.0,10.36,-0.17,-0.93,-0.16,3.04,-7.56,-32.21,287.0,TEST2RR,AKR_TEST2RR,0.0,1.0,1.0,100.0
78800,1,walk,walk,6741,,6741.0,20.0,1.0,6.0,2.0,0.97,0.052,0.06,-6.264,33.0,25.19,0.0,19.0,1271.0,44.0,9.41,-0.16,-0.96,-0.15,3.01,-6.47,-28.23,287.0,TEST2RR,AKR_TEST2RR,0.0,1.0,1.0,100.0
78800,1,walk,walk,6742,,6742.0,20.0,1.0,6.0,2.0,0.74,0.049,-0.155,-5.909,33.0,25.26,0.0,19.0,1271.0,44.0,8.11,-0.14,-0.99,-0.14,3.01,-5.29,-23.65,287.0,TEST2RR,AKR_TEST2RR,0.0,1.0,1.0,100.0
78820,1,walk,walk,6743,,6743.0,20.0,1.0,6.0,2.0,0.48,0.046,-0.354,-5.246,33.0,25.37,0.0,19.0,1271.0,44.0,6.69,-0.12,-1.01,-0.13,2.9,-4.18,-18.66,287.0,TEST2RR,AKR_TEST2RR,0.0,1.0,1.0,100.0
78820,1,walk,walk,6744,,6744.0,20.0,1.0,6.0,2.0,0.19,0.039,-0.383,-4.469,33.0,25.51,0.0,19.0,1271.0,44.0,5.3,-0.1,-1.03,-0.11,2.61,-3.24,-13.4,287.0,TEST2RR,AKR_TEST2RR,0.0,1.0,1.0,100.0
78840,1,walk,walk,6745,,6745.0,20.0,1.0,6.0,2.0,-0.11,0.033,-0.42,-3.579,33.0,25.65,0.0,19.0,1271.0,44.0,4.04,-0.07,-1.05,-0.1,2.13,-2.51,-8.04,287.0,TEST2RR,AKR_TEST2RR,0.0,1.0,1.0,100.0
78880,1,walk,walk,6746,,6746.0,20.0,1.0,6.0,2.0,-0.42,0.026,-0.301,-2.856,33.0,25.72,0.0,19.0,1271.0,44.0,2.98,-0.06,-1.06,-0.08,1.5,-2.03,-2.76,287.0,TEST2RR,AKR_TEST2RR,0.0,1.0,1.0,100.0
78880,1,walk,walk,6747,,6747.0,20.0,1.0,6.0,2.0,-0.72,0.02,-0.404,-2.212,33.0,25.79,0.0,19.0,1271.0,44.0,2.15,-0.04,-1.07,-0.07,0.79,-1.82,2.24,287.0,TEST2RR,AKR_TEST2RR,0.0,1.0,1.0,100.0
78900,1,walk,walk,6748,,6748.0,20.0,1.0,6.0,2.0,-1.0,0.015,-0.315,-1.75,33.0,25.86,0.0,19.0,1271.0,44.0,1.55,-0.03,-1.08,-0.07,0.08,-1.87,6.79,287.0,TEST2RR,AKR_TEST2RR,0.0,1.0,1.0,100.0
78920,1,walk,walk,6749,,6749.0,20.0,1.0,6.0,2.0,-1.26,0.011,-0.269,-1.157,33.0,25.86,0.0,19.0,1271.0,44.0,1.15,-0.02,-1.08,-0.06,-0.57,-2.13,10.79,287.0,TEST2RR,AKR_TEST2RR,0.0,1.0,1.0,100.0
78960,1,walk,walk,6750,,6750.0,20.0,1.0,6.0,2.0,-1.49,0.005,-0.441,-0.415,33.0,25.9,0.0,19.0,1271.0,44.0,0.94,-0.02,-1.08,-0.06,-1.13,-2.52,14.18,287.0,TEST2RR,AKR_TEST2RR,0.0,1.0,1.0,100.0
78960,1,walk,walk,6751,,6751.0,20.0,1.0,6.0,2.0,-1.68,0.002,-0.156,-0.041,33.0,25.9,0.0,19.0,1271.0,44.0,0.88,-0.02,-1.08,-0.06,-1.59,-2.99,16.97,287.0,TEST2RR,AKR_TEST2RR,0.0,1.0,1.0,100.0
78980,1,walk,walk,6752,,6752.0,20.0,1.0,6.0,2.0,-1.83,-0.001,-0.091,0.451,33.0,25.9,0.0,19.0,1271.0,44.0,0.94,-0.02,-1.07,-0.06,-1.94,-3.45,19.14,287.0,TEST2RR,AKR_TEST2RR,0.0,1.0,1.0,100.0
79000,1,walk,walk,6753,,6753.0,20.0,1.0,6.0,2.0,-1.93,-0.004,-0.16,0.722,33.0,25.9,0.0,19.0,1271.0,44.0,1.12,-0.02,-1.07,-0.06,-2.19,-3.87,20.71,287.0,TEST2RR,AKR_TEST2RR,0.0,1.0,1.0,100.0
79040,1,walk,walk,6754,,6754.0,20.0,1.0,6.0,2.0,-1.98,-0.006,-0.115,0.963,33.0,25.9,0.0,19.0,1271.0,44.0,1.39,-0.03,-1.06,-0.06,-2.35,-4.19,21.64,287.0,TEST2RR,AKR_TEST2RR,0.0,1.0,1.0,100.0
79060,1,walk,walk,6755,,6755.0,20.0,1.0,6.0,2.0,-1.98,-0.007,-0.049,1.045,33.0,25.9,0.0,19.0,1271.0,44.0,1.73,-0.03,-1.05,-0.07,-2.4,-4.4,21.93,287.0,TEST2RR,AKR_TEST2RR,0.0,1.0,1.0,100.0
79100,1,walk,walk,6756,,6756.0,20.0,1.0,6.0,2.0,-1.93,-0.008,-0.037,0.939,33.0,25.9,0.0,19.0,1271.0,44.0,2.13,-0.04,-1.05,-0.07,-2.37,-4.45,21.58,287.0,TEST2RR,AKR_TEST2RR,0.0,1.0,1.0,100.0
79100,1,walk,walk,6757,,6757.0,20.0,1.0,6.0,2.0,-1.84,-0.007,0.076,0.842,33.0,25.9,0.0,19.0,1271.0,44.0,2.56,-0.05,-1.04,-0.07,-2.28,-4.34,20.59,287.0,TEST2RR,AKR_TEST2RR,0.0,1.0,1.0,100.0
79120,1,walk,walk,6758,,6758.0,20.0,1.0,6.0,2.0,-1.69,-0.007,0.154,0.635,33.0,25.9,0.0,19.0,1271.0,44.0,3.01,-0.05,-1.03,-0.07,-2.16,-4.08,18.98,287.0,TEST2RR,AKR_TEST2RR,0.0,1.0,1.0,100.0
79120,1,walk,walk,6759,,6759.0,20.0,1.0,6.0,2.0,-1.51,-0.005,0.128,0.253,33.0,25.9,0.0,19.0,1271.0,44.0,3.45,-0.06,-1.03,-0.07,-2.04,-3.66,16.77,287.0,TEST2RR,AKR_TEST2RR,0.0,1.0,1.0,100.0
79160,1,walk,walk,6760,,6760.0,20.0,1.0,6.0,2.0,-1.29,-0.002,0.19,-0.071,33.0,25.9,0.0,19.0,1271.0,44.0,3.86,-0.07,-1.02,-0.08,-1.95,-3.12,13.98,287.0,TEST2RR,AKR_TEST2RR,0.0,1.0,1.0,100.0
79160,1,walk,walk,6761,,6761.0,20.0,1.0,6.0,2.0,-1.04,0.002,0.289,-0.772,33.0,25.9,0.0,19.0,1271.0,44.0,4.2,-0.07,-1.02,-0.08,-1.87,-2.48,10.67,287.0,TEST2RR,AKR_TEST2RR,0.0,1.0,1.0,100.0
79180,1,walk,walk,6762,,6762.0,20.0,1.0,6.0,2.0,-0.76,0.008,0.512,-1.66,33.0,25.86,0.0,19.0,1271.0,44.0,4.45,-0.08,-1.02,-0.08,-1.8,-1.72,6.93,287.0,TEST2RR,AKR_TEST2RR,0.0,1.0,1.0,100.0
79200,1,walk,walk,6763,,6763.0,20.0,1.0,6.0,2.0,-0.47,0.017,0.581,-2.704,33.0,25.83,0.0,19.0,1271.0,44.0,4.57,-0.08,-1.01,-0.08,-1.72,-0.82,2.89,287.0,TEST2RR,AKR_TEST2RR,0.0,1.0,1.0,100.0
79220,1,walk,walk,6764,,6764.0,20.0,1.0,0.0,5.0,-0.18,0.025,0.563,-3.491,33.0,25.69,0.0,19.0,1926.0,44.0,4.55,-0.08,-1.01,-0.08,-1.6,0.21,-1.25,287.0,TEST2RR,AKR_TEST2RR,0.0,1.0,1.0,100.0
79260,1,walk,walk,6765,,6765.0,20.0,0.0,0.0,6.0,0.12,0.03,0.297,-3.956,33.0,25.69,0.0,19.0,1926.0,44.0,4.52,-0.08,-1.01,-0.08,-1.45,1.05,-5.93,287.0,TEST2RR,AKR_TEST2RR,0.0,1.0,1.0,100.0
79260,1,walk,walk,6766,,6766.0,20.0,0.0,0.0,6.0,0.41,0.03,0.297,-3.956,33.0,25.69,0.0,39.0,1926.0,44.0,4.38,-0.08,-1.01,-0.08,-1.29,1.62,-11.06,287.0,TEST2RR,AKR_TEST2RR,0.0,1.0,1.0,100.0
79280,1,walk,walk,6767,,6767.0,20.0,0.0,0.0,6.0,0.68,0.03,0.297,-3.956,33.0,25.69,0.0,59.0,1926.0,44.0,4.08,-0.07,-1.01,-0.09,-1.02,2.12,-15.72,287.0,TEST2RR,AKR_TEST2RR,0.0,1.0,1.0,100.0
79300,1,walk,walk,6768,,6768.0,20.0,0.0,0.0,6.0,0.92,0.078,12.862,0.0,33.0,25.97,0.0,7.0,1926.0,44.0,3.61,-0.06,-1.02,-0.09,-0.63,2.58,-19.17,287.0,TEST2RR,AKR_TEST2RR,0.0,1.0,1.0,100.0
79320,1,walk,walk,6769,,6769.0,20.0,0.0,0.0,6.0,1.13,0.066,-1.244,0.0,33.0,25.93,0.0,7.0,1926.0,44.0,3.0,-0.05,-1.02,-0.1,-0.13,3.06,-20.93,287.0,TEST2RR,AKR_TEST2RR,0.0,1.0,1.0,100.0
79340,1,walk,walk,6770,,6770.0,20.0,0.0,0.0,7.0,1.3,0.044,-1.399,0.0,33.0,25.93,0.0,7.0,1926.0,44.0,2.3,-0.04,-1.02,-0.1,0.51,3.53,-20.72,287.0,TEST2RR,AKR_TEST2RR,0.0,1.0,1.0,100.0
79360,1,walk,walk,6771,,6771.0,20.0,0.0,0.0,7.0,1.43,0.02,-1.933,0.0,33.0,25.93,0.0,7.0,1926.0,44.0,1.53,-0.03,-1.03,-0.1,1.33,3.96,-18.44,287.0,TEST2RR,AKR_TEST2RR,0.0,1.0,1.0,100.0
79380,1,walk,walk,6772,,6772.0,20.0,0.0,0.0,7.0,1.51,-0.008,-2.148,0.0,33.0,25.93,0.0,7.0,1926.0,44.0,0.72,-0.01,-1.03,-0.11,2.36,4.27,-14.06,287.0,TEST2RR,AKR_TEST2RR,0.0,1.0,1.0,100.0
79400,1,walk,walk,6773,,6773.0,20.0,0.0,0.0,7.0,1.54,-0.044,-2.344,0.0,33.0,25.93,0.0,7.0,1926.0,44.0,-0.08,0.0,-1.04,-0.11,3.6,4.31,-7.58,287.0,TEST2RR,AKR_TEST2RR,0.0,1.0,1.0,100.0
79440,1,walk,walk,6774,,6774.0,20.0,0.0,0.0,1.0,1.54,-0.082,-2.235,0.0,33.0,25.93,0.0,7.0,1926.0,44.0,-0.82,0.02,-1.05,-0.11,4.89,4.06,0.86,287.0,TEST2RR,AKR_TEST2RR,0.0,1.0,1.0,100.0
79460,1,walk,walk,6775,,6775.0,20.0,0.0,0.0,1.0,1.5,-0.095,0.41,0.0,33.0,25.93,0.0,7.0,1926.0,44.0,-1.52,0.03,-1.06,-0.11,6.01,3.46,10.7,287.0,TEST2RR,AKR_TEST2RR,0.0,1.0,1.0,100.0
79460,1,walk,walk,6776,,6776.0,20.0,0.0,0.0,1.0,1.44,-0.071,2.106,0.0,33.0,25.93,0.0,7.0,1926.0,44.0,-2.13,0.04,-1.08,-0.11,6.78,2.44,21.15,287.0,TEST2RR,AKR_TEST2RR,0.0,1.0,1.0,100.0
79480,1,walk,walk,6777,,6777.0,20.0,0.0,0.0,1.0,1.37,-0.039,1.932,0.0,33.0,25.93,0.0,7.0,1926.0,44.0,-2.6,0.05,-1.1,-0.11,7.08,1.05,31.45,287.0,TEST2RR,AKR_TEST2RR,0.0,1.0,1.0,100.0
79500,1,walk,walk,6778,,6778.0,20.0,0.0,0.0,1.0,1.3,-0.01,1.921,0.0,33.0,25.93,0.0,7.0,1926.0,44.0,-2.91,0.06,-1.13,-0.11,6.86,-0.73,41.1,287.0,TEST2RR,AKR_TEST2RR,0.0,1.0,1.0,100.0
79520,1,walk,walk,6779,,6779.0,20.0,0.0,0.0,1.0,1.26,0.015,1.499,0.0,33.0,25.93,0.0,7.0,1926.0,44.0,-3.02,0.06,-1.15,-0.1,6.2,-2.93,49.66,287.0,TEST2RR,AKR_TEST2RR,0.0,1.0,1.0,100.0
79540,1,walk,walk,6780,,6780.0,20.0,0.0,0.0,1.0,1.25,0.023,-0.383,0.0,33.0,25.93,0.0,7.0,1926.0,44.0,-2.95,0.06,-1.17,-0.1,5.22,-5.53,56.77,287.0,TEST2RR,AKR_TEST2RR,0.0,1.0,1.0,100.0
79580,1,walk,walk,6781,,6781.0,20.0,0.0,0.0,1.0,1.29,0.017,-0.303,0.0,33.0,25.93,0.0,7.0,1926.0,44.0,-2.76,0.06,-1.18,-0.09,4.1,-8.51,62.02,287.0,TEST2RR,AKR_TEST2RR,0.0,1.0,1.0,100.0
79600,1,walk,walk,6782,,6782.0,20.0,0.0,0.0,1.0,1.4,0.014,-0.379,0.0,33.0,25.93,0.0,7.0,1926.0,44.0,-2.54,0.05,-1.18,-0.08,2.99,-11.83,65.1,287.0,TEST2RR,AKR_TEST2RR,0.0,1.0,1.0,100.0
79600,1,walk,walk,6783,,6783.0,20.0,0.0,0.0,1.0,1.59,0.001,-1.321,0.0,33.0,25.93,0.0,7.0,1926.0,44.0,-2.37,0.05,-1.17,-0.08,2.0,-15.24,65.83,287.0,TEST2RR,AKR_TEST2RR,0.0,1.0,1.0,100.0
79620,1,walk,walk,6784,,6784.0,20.0,0.0,6.0,2.0,1.85,-0.017,-1.08,0.0,33.0,25.93,0.0,7.0,1926.0,44.0,-2.32,0.05,-1.16,-0.07,1.2,-18.36,64.16,287.0,TEST2RR,AKR_TEST2RR,0.0,1.0,1.0,100.0
79640,1,walk,walk,6785,,6785.0,20.0,0.0,6.0,2.0,2.2,-0.025,-1.698,0.233,33.0,25.9,0.0,18.0,1926.0,44.0,-2.42,0.05,-1.13,-0.06,0.61,-20.7,60.03,287.0,TEST2RR,AKR_TEST2RR,0.0,1.0,1.0,100.0
79680,1,walk,walk,6786,,6786.0,20.0,0.0,6.0,2.0,2.62,-0.019,0.488,0.993,33.0,25.9,0.0,18.0,1926.0,44.0,-2.68,0.05,-1.1,-0.06,0.24,-21.82,53.48,287.0,TEST2RR,AKR_TEST2RR,0.0,1.0,1.0,100.0
79680,1,walk,walk,6787,,6787.0,20.0,0.0,6.0,2.0,3.12,-0.014,0.221,1.15,33.0,25.86,0.0,18.0,1926.0,44.0,-3.05,0.06,-1.07,-0.05,0.11,-21.43,44.82,287.0,TEST2RR,AKR_TEST2RR,0.0,1.0,1.0,100.0
79700,1,walk,walk,6788,,6788.0,20.0,0.0,6.0,2.0,3.68,-0.012,0.143,1.217,33.0,25.86,0.0,18.0,1926.0,44.0,-3.44,0.06,-1.04,-0.04,0.21,-19.44,34.55,287.0,TEST2RR,AKR_TEST2RR,0.0,1.0,1.0,100.0
79740,1,walk,walk,6789,,6789.0,20.0,1.0,6.0,2.0,4.28,-0.011,0.023,1.184,33.0,25.9,0.0,19.0,1926.0,44.0,-3.7,0.07,-1.01,-0.04,0.55,-16.01,23.18,288.0,TEST2RR,AKR_TEST2RR,0.0,1.0,1.0,100.0
79740,1,walk,walk,6790,,6790.0,20.0,1.0,6.0,2.0,4.91,-0.01,0.091,1.095,33.0,25.9,0.0,19.0,1926.0,44.0,-3.69,0.06,-0.98,-0.04,1.13,-11.56,11.25,288.0,TEST2RR,AKR_TEST2RR,0.0,1.0,1.0,100.0
79760,1,walk,walk,6791,,6791.0,20.0,0.0,6.0,2.0,5.55,-0.009,0.081,0.892,33.0,25.9,0.0,18.0,1926.0,44.0,-3.31,0.06,-0.96,-0.04,1.89,-6.62,-0.76,288.0,TEST2RR,AKR_TEST2RR,0.0,1.0,1.0,100.0
79800,1,walk,walk,6792,,6792.0,20.0,1.0,6.0,2.0,6.17,-0.007,0.036,0.785,33.0,25.9,0.0,19.0,1926.0,44.0,-2.48,0.04,-0.94,-0.04,2.79,-1.76,-12.43,288.0,TEST2RR,AKR_TEST2RR,0.0,1.0,1.0,100.0
79800,1,walk,walk,6793,,6793.0,20.0,1.0,6.0,2.0,6.75,-0.006,0.017,0.661,33.0,25.9,0.0,19.0,1926.0,44.0,-1.21,0.02,-0.93,-0.05,3.72,2.56,-23.39,288.0,TEST2RR,AKR_TEST2RR,0.0,1.0,1.0,100.0
79820,1,walk,walk,6794,,6794.0,20.0,1.0,6.0,2.0,7.27,-0.005,0.138,0.377,33.0,25.9,0.0,19.0,1926.0,44.0,0.42,-0.01,-0.92,-0.06,4.57,6.01,-33.32,288.0,TEST2RR,AKR_TEST2RR,0.0,1.0,1.0,100.0
79840,1,walk,walk,6795,,6795.0,20.0,1.0,6.0,2.0,7.71,-0.003,0.081,0.165,33.0,25.9,0.0,19.0,1926.0,44.0,2.32,-0.04,-0.92,-0.07,5.25,8.45,-41.94,288.0,TEST2RR,AKR_TEST2RR,0.0,1.0,1.0,100.0
79860,1,walk,walk,6796,,6796.0,20.0,1.0,6.0,2.0,8.07,-0.001,0.265,-0.275,33.0,25.9,0.0,19.0,1926.0,44.0,4.35,-0.07,-0.92,-0.08,5.68,9.85,-49.05,288.0,TEST2RR,AKR_TEST2RR,0.0,1.0,1.0,100.0
79880,1,walk,walk,6797,,6797.0,20.0,1.0,6.0,2.0,8.31,0.002,0.132,-0.575,33.0,25.9,0.0,19.0,1926.0,44.0,6.41,-0.1,-0.92,-0.09,5.84,10.32,-54.54,288.0,TEST2RR,AKR_TEST2RR,0.0,1.0,1.0,100.0
79900,1,walk,walk,6798,,6798.0,20.0,1.0,6.0,2.0,8.45,0.004,0.197,-0.878,33.0,25.9,0.0,19.0,1926.0,44.0,8.38,-0.14,-0.92,-0.09,5.72,10.06,-58.38,288.0,TEST2RR,AKR_TEST2RR,0.0,1.0,1.0,100.0
79920,1,walk,walk,6799,,6799.0,20.0,1.0,6.0,2.0,8.46,0.007,0.241,-1.014,33.0,25.9,0.0,19.0,1926.0,44.0,10.19,-0.17,-0.92,-0.1,5.36,9.29,-60.63,288.0,TEST2RR,AKR_TEST2RR,0.0,1.0,1.0,100.0
79960,1,walk,walk,6800,,6800.0,20.0,1.0,6.0,2.0,8.36,0.009,0.305,-1.291,33.0,25.9,0.0,19.0,1926.0,44.0,11.78,-0.19,-0.93,-0.1,4.78,8.27,-61.42,288.0,TEST2RR,AKR_TEST2RR,0.0,1.0,1.0,100.0
79960,1,walk,walk,6801,,6801.0,20.0,1.0,6.0,2.0,8.14,0.011,0.17,-1.558,33.0,25.9,0.0,19.0,1926.0,44.0,13.13,-0.22,-0.93,-0.1,4.03,7.23,-60.86,288.0,TEST2RR,AKR_TEST2RR,0.0,1.0,1.0,100.0
80000,1,walk,walk,6802,,6802.0,20.0,1.0,6.0,2.0,7.82,0.013,0.179,-1.77,33.0,25.86,0.0,19.0,1926.0,44.0,14.26,-0.24,-0.93,-0.1,3.15,6.34,-59.09,288.0,TEST2RR,AKR_TEST2RR,0.0,1.0,1.0,100.0
80000,1,walk,walk,6803,,6803.0,20.0,1.0,6.0,2.0,7.41,0.016,0.246,-2.083,33.0,25.83,0.0,19.0,1926.0,44.0,15.19,-0.25,-0.93,-0.1,2.18,5.65,-56.27,288.0,TEST2RR,AKR_TEST2RR,0.0,1.0,1.0,100.0
80020,1,walk,walk,6804,,6804.0,20.0,1.0,6.0,2.0,6.91,0.018,0.174,-2.416,33.0,25.83,0.0,19.0,1926.0,44.0,15.95,-0.27,-0.94,-0.1,1.14,5.12,-52.56,288.0,TEST2RR,AKR_TEST2RR,0.0,1.0,1.0,100.0
80040,1,walk,walk,6805,,6805.0,20.0,1.0,6.0,2.0,6.34,0.02,0.05,-2.603,33.0,25.79,0.0,19.0,1926.0,44.0,16.58,-0.28,-0.94,-0.1,0.04,4.62,-48.14,288.0,TEST2RR,AKR_TEST2RR,0.0,1.0,1.0,100.0
80080,1,walk,walk,6806,,6806.0,20.0,1.0,6.0,2.0,5.72,0.022,0.014,-2.739,33.0,25.79,0.0,19.0,1926.0,44.0,17.09,-0.29,-0.94,-0.1,-1.09,4.06,-43.16,288.0,TEST2RR,AKR_TEST2RR,0.0,1.0,1.0,100.0
80080,1,walk,walk,6807,,6807.0,20.0,1.0,6.0,2.0,5.06,0.023,0.144,-2.925,33.0,25.76,0.0,19.0,1926.0,44.0,17.3,-0.29,-0.95,-0.1,-2.17,3.47,-37.82,288.0,TEST2RR,AKR_TEST2RR,0.0,1.0,1.0,100.0
80100,1,walk,walk,6808,,6808.0,20.0,1.0,6.0,2.0,4.38,0.027,0.456,-3.851,33.0,25.65,0.0,19.0,1926.0,44.0,16.82,-0.29,-0.96,-0.1,-2.9,3.26,-32.38,288.0,TEST2RR,AKR_TEST2RR,0.0,1.0,1.0,100.0
80120,1,walk,walk,6809,,6809.0,20.0,1.0,6.0,2.0,3.69,0.035,0.476,-4.619,33.0,25.54,0.0,19.0,1926.0,44.0,15.51,-0.27,-0.98,-0.09,-3.16,3.66,-26.84,288.0,TEST2RR,AKR_TEST2RR,0.0,1.0,1.0,100.0
80140,1,walk,walk,6810,,6810.0,20.0,1.0,6.0,2.0,3.02,0.042,0.577,-5.788,33.0,25.37,0.0,19.0,1926.0,44.0,13.58,-0.24,-1.0,-0.08,-3.01,4.76,-21.19,288.0,TEST2RR,AKR_TEST2RR,0.0,1.0,1.0,100.0
80160,1,walk,walk,6811,,6811.0,20.0,1.0,6.0,2.0,2.36,0.045,0.053,-5.592,33.0,25.33,0.0,19.0,1926.0,44.0,11.38,-0.21,-1.03,-0.07,-2.61,6.18,-15.45,288.0,TEST2RR,AKR_TEST2RR,0.0,1.0,1.0,100.0
80200,1,walk,walk,6812,,6812.0,20.0,1.0,6.0,2.0,1.74,0.043,-0.252,-5.02,33.0,25.44,0.0,19.0,1926.0,44.0,9.2,-0.17,-1.05,-0.05,-2.16,7.51,-9.7,288.0,TEST2RR,AKR_TEST2RR,0.0,1.0,1.0,100.0
80240,1,walk,walk,6813,,6813.0,20.0,1.0,6.0,2.0,1.16,0.038,-0.348,-4.36,33.0,25.54,0.0,19.0,1926.0,44.0,7.2,-0.14,-1.07,-0.04,-1.81,8.48,-3.98,288.0,TEST2RR,AKR_TEST2RR,0.0,1.0,1.0,100.0
80240,1,walk,walk,6814,,6814.0,20.0,1.0,6.0,2.0,0.62,0.031,-0.555,-3.292,33.0,25.65,0.0,19.0,1926.0,44.0,5.49,-0.1,-1.08,-0.03,-1.67,8.89,1.61,288.0,TEST2RR,AKR_TEST2RR,0.0,1.0,1.0,100.0
80260,1,walk,walk,6815,,6815.0,20.0,1.0,6.0,2.0,0.15,0.023,-0.48,-2.456,33.0,25.76,0.0,19.0,1926.0,44.0,4.12,-0.08,-1.1,-0.02,-1.75,8.75,6.91,288.0,TEST2RR,AKR_TEST2RR,0.0,1.0,1.0,100.0
80260,1,walk,walk,6816,,6816.0,20.0,1.0,6.0,2.0,-0.27,0.017,-0.406,-1.867,33.0,25.83,0.0,19.0,1926.0,44.0,3.1,-0.06,-1.1,-0.01,-2.03,8.15,11.7,288.0,TEST2RR,AKR_TEST2RR,0.0,1.0,1.0,100.0
80280,1,walk,walk,6817,,6817.0,20.0,1.0,6.0,2.0,-0.62,0.012,-0.387,-1.309,33.0,25.86,0.0,19.0,1926.0,44.0,2.41,-0.05,-1.11,-0.01,-2.43,7.22,15.82,288.0,TEST2RR,AKR_TEST2RR,0.0,1.0,1.0,100.0
80300,1,walk,walk,6818,,6818.0,20.0,1.0,6.0,2.0,-0.91,0.007,-0.351,-0.712,33.0,25.9,0.0,19.0,1926.0,44.0,2.01,-0.04,-1.1,-0.01,-2.87,6.07,19.12,288.0,TEST2RR,AKR_TEST2RR,0.0,1.0,1.0,100.0
80320,1,walk,walk,6819,,6819.0,20.0,1.0,6.0,2.0,-1.12,0.003,-0.206,-0.203,33.0,25.9,0.0,19.0,1926.0,44.0,1.83,-0.04,-1.1,-0.01,-3.29,4.86,21.57,288.0,TEST2RR,AKR_TEST2RR,0.0,1.0,1.0,100.0
80340,1,walk,walk,6820,,6820.0,20.0,1.0,6.0,2.0,-1.27,0.001,-0.12,0.009,33.0,25.9,0.0,19.0,1926.0,44.0,1.85,-0.04,-1.09,-0.01,-3.66,3.68,23.14,288.0,TEST2RR,AKR_TEST2RR,0.0,1.0,1.0,100.0
80400,1,walk,walk,6821,,6821.0,20.0,1.0,6.0,2.0,-1.35,-0.001,-0.033,0.16,33.0,25.9,0.0,19.0,1926.0,44.0,2.0,-0.04,-1.09,-0.02,-3.96,2.63,23.84,288.0,TEST2RR,AKR_TEST2RR,0.0,1.0,1.0,100.0
80400,1,walk,walk,6822,,6822.0,20.0,1.0,6.0,2.0,-1.37,-0.001,0.061,0.125,33.0,25.9,0.0,19.0,1926.0,44.0,2.26,-0.04,-1.08,-0.02,-4.22,1.76,23.69,288.0,TEST2RR,AKR_TEST2RR,0.0,1.0,1.0,100.0
80400,1,walk,walk,6823,,6823.0,20.0,1.0,6.0,2.0,-1.33,-0.001,0.064,0.039,33.0,25.9,0.0,19.0,1926.0,44.0,2.59,-0.05,-1.07,-0.03,-4.45,1.08,22.74,288.0,TEST2RR,AKR_TEST2RR,0.0,1.0,1.0,100.0
80420,1,walk,walk,6824,,6824.0,20.0,0.0,6.0,2.0,-1.22,-0.001,-0.014,0.026,33.0,25.9,0.0,18.0,1926.0,44.0,2.94,-0.05,-1.06,-0.03,-4.67,0.59,21.08,288.0,TEST2RR,AKR_TEST2RR,0.0,1.0,1.0,100.0
80440,1,walk,walk,6825,,6825.0,20.0,1.0,6.0,2.0,-1.07,0.0,0.022,-0.132,33.0,25.9,0.0,19.0,1926.0,44.0,3.29,-0.06,-1.05,-0.04,-4.87,0.28,18.86,288.0,TEST2RR,AKR_TEST2RR,0.0,1.0,1.0,100.0
80480,1,walk,walk,6826,,6826.0,20.0,1.0,6.0,2.0,-0.87,0.001,0.148,-0.36,33.0,25.9,0.0,19.0,1926.0,44.0,3.58,-0.07,-1.05,-0.04,-5.02,0.13,16.23,288.0,TEST2RR,AKR_TEST2RR,0.0,1.0,1.0,100.0
80480,1,walk,walk,6827,,6827.0,20.0,1.0,6.0,2.0,-0.63,0.003,0.076,-0.674,33.0,25.9,0.0,19.0,1926.0,44.0,3.81,-0.07,-1.04,-0.05,-5.06,0.12,13.38,288.0,TEST2RR,AKR_TEST2RR,0.0,1.0,1.0,100.0
80500,1,walk,walk,6828,,6828.0,20.0,1.0,6.0,2.0,-0.36,0.005,0.199,-0.874,33.0,25.9,0.0,19.0,1926.0,44.0,3.96,-0.07,-1.04,-0.06,-4.98,0.23,10.45,288.0,TEST2RR,AKR_TEST2RR,0.0,1.0,1.0,100.0
80540,1,walk,walk,6829,,6829.0,20.0,1.0,6.0,2.0,-0.07,0.007,0.248,-1.146,33.0,25.9,0.0,19.0,1926.0,44.0,4.01,-0.07,-1.03,-0.06,-4.76,0.44,7.58,288.0,TEST2RR,AKR_TEST2RR,0.0,1.0,1.0,100.0
80560,1,walk,walk,6830,,6830.0,20.0,1.0,6.0,2.0,0.23,0.01,0.218,-1.495,33.0,25.86,0.0,19.0,1926.0,44.0,3.99,-0.07,-1.03,-0.07,-4.39,0.71,4.85,288.0,TEST2RR,AKR_TEST2RR,0.0,1.0,1.0,100.0
80560,1,walk,walk,6831,,6831.0,20.0,1.0,1.0,5.0,0.54,0.013,0.167,-1.754,33.0,25.86,0.0,19.0,1926.0,45.0,3.91,-0.07,-1.03,-0.07,-3.88,1.02,2.34,288.0,TEST2RR,AKR_TEST2RR,0.0,1.0,1.0,100.0
80580,1,walk,walk,6832,,6832.0,20.0,0.0,1.0,5.0,0.85,0.015,0.124,-1.971,33.0,25.69,0.0,19.0,1926.0,45.0,3.74,-0.07,-1.03,-0.08,-3.22,1.52,0.45,288.0,TEST2RR,AKR_TEST2RR,0.0,1.0,1.0,100.0
80600,1,walk,walk,6833,,6833.0,20.0,0.0,1.0,5.0,1.15,-0.006,-1.787,-5.117,33.0,25.26,0.0,19.0,1926.0,45.0,3.5,-0.06,-1.03,-0.08,-2.4,2.25,-0.48,288.0,TEST2RR,AKR_TEST2RR,0.0,1.0,1.0,100.0
80640,1,walk,walk,6834,,6834.0,20.0,0.0,1.0,5.0,1.44,-0.031,-1.509,-6.577,33.0,24.95,0.0,19.0,1926.0,45.0,3.22,-0.06,-1.03,-0.09,-1.45,3.18,-0.39,288.0,TEST2RR,AKR_TEST2RR,0.0,1.0,1.0,100.0
80640,1,walk,walk,6835,,6835.0,20.0,0.0,1.0,5.0,1.71,-0.05,-0.962,-7.498,33.0,24.74,0.0,19.0,1926.0,45.0,2.92,-0.05,-1.03,-0.09,-0.43,4.22,0.65,288.0,TEST2RR,AKR_TEST2RR,0.0,1.0,1.0,100.0
80660,1,walk,walk,6836,,6836.0,20.0,0.0,1.0,5.0,1.95,-0.064,-1.036,-7.944,33.0,24.6,0.0,19.0,1926.0,45.0,2.61,-0.05,-1.03,-0.09,0.62,5.25,2.55,288.0,TEST2RR,AKR_TEST2RR,0.0,1.0,1.0,100.0
80700,1,walk,walk,6837,,6837.0,20.0,0.0,1.0,5.0,2.17,-0.079,-0.926,-7.878,33.0,24.67,0.0,19.0,1926.0,45.0,2.29,-0.04,-1.03,-0.09,1.72,6.2,5.36,289.0,TEST2RR,AKR_TEST2RR,0.0,1.0,1.0,100.0
80700,1,walk,walk,6838,,6838.0,20.0,0.0,1.0,5.0,2.37,-0.096,-1.353,-6.731,33.0,24.91,0.0,19.0,1926.0,45.0,1.98,-0.04,-1.03,-0.1,2.92,6.94,9.09,289.0,TEST2RR,AKR_TEST2RR,0.0,1.0,1.0,100.0
80740,1,walk,walk,6839,,6839.0,20.0,0.0,1.0,5.0,2.56,-0.118,-1.588,-6.008,33.0,25.09,0.0,19.0,1926.0,45.0,1.67,-0.03,-1.03,-0.1,4.19,7.33,13.82,289.0,TEST2RR,AKR_TEST2RR,0.0,1.0,1.0,100.0
80760,1,walk,walk,6840,,6840.0,20.0,0.0,1.0,5.0,2.72,-0.144,-1.691,-4.788,33.0,25.33,0.0,19.0,1926.0,45.0,1.42,-0.03,-1.04,-0.1,5.33,7.3,19.61,289.0,TEST2RR,AKR_TEST2RR,0.0,1.0,1.0,100.0
80760,1,walk,walk,6841,,6841.0,20.0,0.0,1.0,5.0,2.88,-0.172,-1.897,-3.778,33.0,25.51,0.0,19.0,1926.0,45.0,1.25,-0.02,-1.04,-0.1,6.23,6.83,26.27,289.0,TEST2RR,AKR_TEST2RR,0.0,1.0,1.0,100.0
80780,1,walk,walk,6842,,6842.0,20.0,0.0,1.0,5.0,3.04,-0.199,-1.636,-3.165,33.0,25.62,0.0,19.0,1926.0,45.0,1.23,-0.02,-1.05,-0.1,6.71,5.86,33.57,289.0,TEST2RR,AKR_TEST2RR,0.0,1.0,1.0,100.0
80800,1,walk,walk,6843,,6843.0,20.0,0.0,1.0,5.0,3.21,-0.221,-1.108,-3.637,33.0,25.58,0.0,19.0,1926.0,45.0,1.36,-0.03,-1.06,-0.1,6.61,4.42,41.24,289.0,TEST2RR,AKR_TEST2RR,0.0,1.0,1.0,100.0
80820,1,walk,walk,6844,,6844.0,20.0,0.0,1.0,5.0,3.39,-0.233,-0.683,-4.335,33.0,25.51,0.0,19.0,1926.0,45.0,1.64,-0.03,-1.07,-0.1,5.9,2.54,48.96,289.0,TEST2RR,AKR_TEST2RR,0.0,1.0,1.0,100.0
80860,1,walk,walk,6845,,6845.0,20.0,0.0,1.0,5.0,3.61,-0.24,-0.448,-4.975,33.0,25.4,0.0,19.0,1926.0,45.0,2.08,-0.04,-1.08,-0.1,4.62,0.26,56.34,289.0,TEST2RR,AKR_TEST2RR,0.0,1.0,1.0,100.0
80880,1,walk,walk,6846,,6846.0,20.0,0.0,1.0,5.0,3.86,-0.243,-0.164,-5.534,33.0,25.33,0.0,19.0,1926.0,45.0,2.67,-0.05,-1.1,-0.1,2.87,-2.49,63.03,289.0,TEST2RR,AKR_TEST2RR,0.0,1.0,1.0,100.0
80880,1,walk,walk,6847,,6847.0,20.0,0.0,1.0,5.0,4.17,-0.246,-0.099,-5.706,33.0,25.3,0.0,19.0,1926.0,45.0,3.33,-0.06,-1.11,-0.1,0.77,-6.03,68.54,289.0,TEST2RR,AKR_TEST2RR,0.0,1.0,1.0,100.0
80900,1,walk,walk,6848,,6848.0,20.0,0.0,1.0,5.0,4.53,-0.249,-0.211,-5.534,33.0,25.33,0.0,19.0,1926.0,45.0,3.98,-0.08,-1.12,-0.11,-1.51,-10.64,72.33,289.0,TEST2RR,AKR_TEST2RR,0.0,1.0,1.0,100.0
80920,1,walk,walk,6849,,6849.0,20.0,0.0,1.0,5.0,4.96,-0.255,-0.405,-5.266,33.0,25.37,0.0,19.0,1926.0,45.0,4.47,-0.09,-1.12,-0.11,-3.83,-16.39,73.94,289.0,TEST2RR,AKR_TEST2RR,0.0,1.0,1.0,100.0
80960,1,walk,walk,6850,,6850.0,20.0,0.0,1.0,5.0,5.47,-0.259,-0.234,-5.177,33.0,25.4,0.0,19.0,1926.0,45.0,4.67,-0.09,-1.12,-0.12,-6.09,-22.96,73.07,289.0,TEST2RR,AKR_TEST2RR,0.0,1.0,1.0,100.0
80960,1,walk,walk,6851,,6851.0,20.0,0.0,1.0,5.0,6.05,-0.265,-0.406,-4.904,33.0,25.44,0.0,19.0,1926.0,45.0,4.49,-0.09,-1.12,-0.12,-8.21,-29.57,69.66,289.0,TEST2RR,AKR_TEST2RR,0.0,1.0,1.0,100.0
80980,1,walk,walk,6852,,6852.0,20.0,0.0,1.0,5.0,6.7,-0.271,-0.504,-4.515,33.0,25.47,0.0,19.0,1926.0,45.0,3.87,-0.08,-1.11,-0.12,-10.09,-35.14,63.87,289.0,TEST2RR,AKR_TEST2RR,0.0,1.0,1.0,100.0
81020,1,walk,walk,6853,,6853.0,20.0,0.0,1.0,5.0,7.43,-0.278,-0.528,-4.302,33.0,25.51,0.0,19.0,1926.0,45.0,2.85,-0.05,-1.1,-0.11,-11.68,-38.88,56.05,289.0,TEST2RR,AKR_TEST2RR,0.0,1.0,1.0,100.0
81040,1,walk,walk,6854,,6854.0,20.0,0.0,1.0,5.0,8.2,-0.283,-0.297,-4.455,33.0,25.51,0.0,19.0,1926.0,45.0,1.53,-0.03,-1.09,-0.11,-12.91,-40.1,46.61,289.0,TEST2RR,AKR_TEST2RR,0.0,1.0,1.0,100.0
81040,1,walk,walk,6855,,6855.0,20.0,0.0,1.0,5.0,9.02,-0.286,-0.066,-4.794,33.0,25.47,0.0,19.0,1926.0,45.0,0.12,0.0,-1.07,-0.1,-13.71,-38.38,35.98,289.0,TEST2RR,AKR_TEST2RR,0.0,1.0,1.0,100.0
81060,1,walk,walk,6856,,6856.0,20.0,0.0,0.0,0.0,9.86,-0.287,-0.021,-5.031,33.0,25.44,0.0,19.0,1926.0,45.0,-1.14,0.02,-1.06,-0.09,-13.98,-33.76,24.55,289.0,TEST2RR,AKR_TEST2RR,0.0,1.0,1.0,100.0
81080,1,walk,walk,6857,,6857.0,20.0,0.0,0.0,0.0,10.7,-0.287,-0.021,-5.031,33.0,25.44,0.0,39.0,1926.0,45.0,-2.07,0.04,-1.04,-0.08,-13.62,-26.85,12.69,289.0,TEST2RR,AKR_TEST2RR,0.0,1.0,1.0,100.0
81120,1,walk,walk,6858,,6858.0,20.0,0.0,0.0,0.0,11.53,-0.287,-0.021,-5.031,33.0,25.44,0.0,59.0,1926.0,45.0,-2.53,0.05,-1.04,-0.07,-12.7,-18.86,-0.34,289.0,TEST2RR,AKR_TEST2RR,0.0,1.0,1.0,100.0
81120,1,walk,walk,6859,,6859.0,20.0,2.0,0.0,0.0,12.31,-0.287,-0.021,-5.031,33.0,25.44,0.0,81.0,1926.0,45.0,-2.38,0.04,-1.03,-0.07,-11.32,-10.6,-14.65,289.0,TEST2RR,AKR_TEST2RR,0.0,1.0,1.0,100.0
81160,1,walk,walk,6860,,6860.0,20.0,2.0,0.0,0.0,13.02,-0.03,32.767,0.0,33.0,25.97,0.0,10.0,1926.0,45.0,-1.56,0.03,-1.02,-0.07,-9.58,-2.69,-29.17,289.0,TEST2RR,AKR_TEST2RR,0.0,1.0,1.0,100.0
81180,1,walk,walk,6861,,6861.0,20.0,2.0,0.0,0.0,13.65,-0.033,0.308,0.0,33.0,25.9,0.0,10.0,1926.0,45.0,-0.12,0.0,-1.01,-0.08,-7.68,4.32,-42.81,289.0,TEST2RR,AKR_TEST2RR,0.0,1.0,1.0,100.0
81200,1,walk,walk,6862,,6862.0,20.0,2.0,0.0,0.0,14.16,-0.026,0.589,0.0,33.0,25.93,0.0,10.0,1926.0,45.0,1.84,-0.03,-1.0,-0.08,-5.8,10.31,-54.95,289.0,TEST2RR,AKR_TEST2RR,0.0,1.0,1.0,100.0
81220,1,walk,walk,6863,,6863.0,20.0,2.0,0.0,0.0,14.55,-0.021,0.211,0.0,33.0,25.93,0.0,10.0,1926.0,45.0,4.21,-0.07,-0.99,-0.09,-4.11,15.23,-65.1,289.0,TEST2RR,AKR_TEST2RR,0.0,1.0,1.0,100.0
81220,1,walk,walk,6864,,6864.0,20.0,2.0,0.0,0.0,14.79,-0.015,0.669,0.0,33.0,25.93,0.0,10.0,1926.0,45.0,6.86,-0.12,-0.99,-0.1,-2.75,19.01,-72.96,289.0,TEST2RR,AKR_TEST2RR,0.0,1.0,1.0,100.0
81240,1,walk,walk,6865,,6865.0,20.0,2.0,0.0,0.0,14.89,0.001,1.209,0.0,33.0,25.93,0.0,10.0,1926.0,45.0,9.68,-0.17,-0.98,-0.11,-1.84,21.61,-78.44,289.0,TEST2RR,AKR_TEST2RR,0.0,1.0,1.0,100.0
81280,1,walk,walk,6866,,6866.0,20.0,2.0,6.0,2.0,14.83,0.019,1.334,0.0,33.0,25.93,0.0,10.0,1926.0,45.0,12.53,-0.22,-0.97,-0.13,-1.41,23.05,-81.52,289.0,TEST2RR,AKR_TEST2RR,0.0,1.0,1.0,100.0
81280,1,walk,walk,6867,,6867.0,20.0,0.0,6.0,2.0,14.61,0.029,1.51,-0.178,33.0,25.9,0.0,17.0,1926.0,45.0,15.3,-0.26,-0.96,-0.14,-1.42,23.43,-82.25,289.0,TEST2RR,AKR_TEST2RR,0.0,1.0,1.0,100.0
81300,1,walk,walk,6868,,6868.0,20.0,0.0,6.0,2.0,14.24,0.022,-0.526,-1.072,33.0,25.86,0.0,17.0,1926.0,45.0,17.89,-0.31,-0.96,-0.14,-1.81,22.96,-80.59,289.0,TEST2RR,AKR_TEST2RR,0.0,1.0,1.0,100.0
81320,1,walk,walk,6869,,6869.0,20.0,0.0,6.0,2.0,13.73,0.017,-0.258,-1.635,33.0,25.86,0.0,17.0,1926.0,45.0,20.22,-0.35,-0.95,-0.15,-2.48,21.81,-76.7,289.0,TEST2RR,AKR_TEST2RR,0.0,1.0,1.0,100.0
81360,1,walk,walk,6870,,6870.0,20.0,0.0,6.0,2.0,13.1,0.017,0.045,-1.991,33.0,25.83,0.0,17.0,1926.0,45.0,22.21,-0.39,-0.95,-0.15,-3.35,20.15,-70.91,289.0,TEST2RR,AKR_TEST2RR,0.0,1.0,1.0,100.0
81360,1,walk,walk,6871,,6871.0,20.0,1.0,6.0,2.0,12.36,0.018,-0.022,-2.2,33.0,25.83,0.0,18.0,1926.0,45.0,23.54,-0.41,-0.95,-0.16,-4.31,18.09,-63.65,289.0,TEST2RR,AKR_TEST2RR,0.0,1.0,1.0,100.0
81380,1,walk,walk,6872,,6872.0,20.0,0.0,6.0,2.0,11.54,0.024,0.649,-3.441,33.0,25.72,0.0,17.0,1926.0,45.0,23.92,-0.42,-0.95,-0.15,-5.15,15.81,-55.66,289.0,TEST2RR,AKR_TEST2RR,0.0,1.0,1.0,100.0
81400,1,walk,walk,6873,,6873.0,20.0,1.0,6.0,2.0,10.65,0.03,-0.053,-3.672,33.0,25.65,0.0,18.0,1926.0,45.0,23.4,-0.42,-0.97,-0.15,-5.68,13.53,-47.33,289.0,TEST2RR,AKR_TEST2RR,0.0,1.0,1.0,100.0
81420,1,walk,walk,6874,,6874.0,20.0,1.0,6.0,2.0,9.73,0.029,-0.134,-3.443,33.0,25.65,0.0,18.0,1926.0,45.0,22.18,-0.4,-0.99,-0.14,-5.69,11.26,-39.06,289.0,TEST2RR,AKR_TEST2RR,0.0,1.0,1.0,100.0
81440,1,walk,walk,6875,,6875.0,20.0,1.0,6.0,2.0,8.79,0.028,-0.225,-3.23,33.0,25.69,0.0,18.0,1926.0,45.0,20.48,-0.38,-1.01,-0.13,-5.17,9.02,-31.14,289.0,TEST2RR,AKR_TEST2RR,0.0,1.0,1.0,100.0
81460,1,walk,walk,6876,,6876.0,20.0,1.0,6.0,2.0,7.87,0.022,-0.563,-2.286,33.0,25.76,0.0,18.0,1926.0,45.0,18.54,-0.35,-1.03,-0.12,-4.3,6.9,-23.65,289.0,TEST2RR,AKR_TEST2RR,0.0,1.0,1.0,100.0
81500,1,walk,walk,6877,,6877.0,20.0,1.0,6.0,2.0,6.96,0.015,-0.344,-1.694,33.0,25.83,0.0,18.0,1926.0,45.0,16.56,-0.31,-1.05,-0.11,-3.33,4.95,-16.69,289.0,TEST2RR,AKR_TEST2RR,0.0,1.0,1.0,100.0
81520,1,walk,walk,6878,,6878.0,20.0,1.0,6.0,2.0,6.11,0.01,-0.432,-1.127,33.0,25.86,0.0,18.0,1926.0,45.0,14.65,-0.28,-1.07,-0.1,-2.48,3.15,-10.37,289.0,TEST2RR,AKR_TEST2RR,0.0,1.0,1.0,100.0
81520,1,walk,walk,6879,,6879.0,20.0,1.0,6.0,2.0,5.31,0.005,-0.33,-0.502,33.0,25.9,0.0,18.0,1926.0,45.0,12.91,-0.25,-1.08,-0.08,-1.85,1.52,-4.75,289.0,TEST2RR,AKR_TEST2RR,0.0,1.0,1.0,100.0
81540,1,walk,walk,6880,,6880.0,20.0,1.0,6.0,2.0,4.57,0.003,-0.1,-0.196,33.0,25.9,0.0,18.0,1926.0,45.0,11.38,-0.22,-1.08,-0.08,-1.45,0.06,0.06,289.0,TEST2RR,AKR_TEST2RR,0.0,1.0,1.0,100.0
81560,1,walk,walk,6881,,6881.0,20.0,1.0,6.0,2.0,3.92,0.001,-0.032,-0.104,33.0,25.9,0.0,18.0,1926.0,45.0,10.07,-0.19,-1.09,-0.07,-1.24,-1.18,3.98,289.0,TEST2RR,AKR_TEST2RR,0.0,1.0,1.0,100.0
81600,1,walk,walk,6882,,6882.0,20.0,1.0,6.0,2.0,3.35,0.001,-0.08,-0.011,33.0,25.9,0.0,18.0,1926.0,45.0,8.98,-0.17,-1.09,-0.07,-1.16,-2.15,6.96,289.0,TEST2RR,AKR_TEST2RR,0.0,1.0,1.0,100.0
81600,1,walk,walk,6883,,6883.0,20.0,1.0,6.0,2.0,2.86,0.0,-0.088,-0.025,33.0,25.9,0.0,18.0,1926.0,45.0,8.09,-0.15,-1.08,-0.07,-1.13,-2.83,8.97,289.0,TEST2RR,AKR_TEST2RR,0.0,1.0,1.0,100.0
81620,1,walk,walk,6884,,6884.0,20.0,1.0,6.0,2.0,2.45,0.001,0.115,-0.128,33.0,25.9,0.0,18.0,1926.0,45.0,7.38,-0.14,-1.08,-0.07,-1.14,-3.22,10.02,289.0,TEST2RR,AKR_TEST2RR,0.0,1.0,1.0,100.0
81660,1,walk,walk,6885,,6885.0,20.0,1.0,6.0,2.0,2.13,0.002,0.057,-0.499,33.0,25.9,0.0,18.0,1926.0,45.0,6.8,-0.13,-1.07,-0.07,-1.19,-3.31,10.16,290.0,TEST2RR,AKR_TEST2RR,0.0,1.0,1.0,100.0
81660,1,walk,walk,6886,,6886.0,20.0,0.0,6.0,2.0,1.88,0.004,0.171,-0.91,33.0,25.9,0.0,17.0,1926.0,45.0,6.34,-0.12,-1.06,-0.07,-1.27,-3.11,9.45,290.0,TEST2RR,AKR_TEST2RR,0.0,1.0,1.0,100.0
81680,1,walk,walk,6887,,6887.0,20.0,1.0,6.0,2.0,1.71,0.009,0.335,-1.377,33.0,25.9,0.0,18.0,1926.0,45.0,5.95,-0.11,-1.06,-0.07,-1.41,-2.67,8.0,290.0,TEST2RR,AKR_TEST2RR,0.0,1.0,1.0,100.0
81720,1,walk,walk,6888,,6888.0,20.0,1.0,6.0,2.0,1.6,0.014,0.308,-2.016,33.0,25.86,0.0,18.0,1926.0,45.0,5.59,-0.1,-1.05,-0.08,-1.57,-2.04,5.92,290.0,TEST2RR,AKR_TEST2RR,0.0,1.0,1.0,100.0
81760,1,walk,walk,6889,,6889.0,20.0,1.0,6.0,2.0,1.55,0.019,0.34,-2.636,33.0,25.79,0.0,18.0,1926.0,45.0,5.23,-0.1,-1.04,-0.08,-1.74,-1.24,3.37,290.0,TEST2RR,AKR_TEST2RR,0.0,1.0,1.0,100.0
81760,1,walk,walk,6890,,6890.0,20.0,1.0,6.0,2.0,1.54,0.024,0.496,-3.293,33.0,25.72,0.0,18.0,1926.0,45.0,4.85,-0.09,-1.04,-0.08,-1.92,-0.32,0.5,290.0,TEST2RR,AKR_TEST2RR,0.0,1.0,1.0,100.0
81760,1,walk,walk,6891,,6891.0,20.0,1.0,6.0,2.0,1.57,0.029,0.339,-3.82,33.0,25.65,0.0,18.0,1926.0,45.0,4.42,-0.08,-1.03,-0.09,-2.09,0.67,-2.5,290.0,TEST2RR,AKR_TEST2RR,0.0,1.0,1.0,100.0
81780,1,walk,walk,6892,,6892.0,20.0,1.0,6.0,2.0,1.63,0.033,0.359,-4.244,33.0,25.58,0.0,18.0,1926.0,45.0,3.92,-0.07,-1.03,-0.09,-2.24,1.66,-5.4,290.0,TEST2RR,AKR_TEST2RR,0.0,1.0,1.0,100.0
81800,1,walk,walk,6893,,6893.0,20.0,1.0,6.0,2.0,1.71,0.034,0.054,-4.223,33.0,25.54,0.0,18.0,1926.0,45.0,3.33,-0.06,-1.03,-0.1,-2.35,2.54,-7.9,290.0,TEST2RR,AKR_TEST2RR,0.0,1.0,1.0,100.0
81840,1,walk,walk,6894,,6894.0,20.0,1.0,6.0,2.0,1.79,0.033,-0.155,-3.985,33.0,25.58,0.0,18.0,1926.0,45.0,2.66,-0.05,-1.03,-0.1,-2.37,3.19,-9.75,290.0,TEST2RR,AKR_TEST2RR,0.0,1.0,1.0,100.0
81840,1,walk,walk,6895,,6895.0,20.0,1.0,1.0,5.0,1.88,0.03,-0.319,-3.416,33.0,25.65,0.0,18.0,1603.0,46.0,1.96,-0.04,-1.03,-0.11,-2.25,3.55,-10.76,290.0,TEST2RR,AKR_TEST2RR,0.0,1.0,1.0,100.0
81860,1,walk,walk,6896,,6896.0,20.0,0.0,1.0,6.0,1.95,0.025,-0.332,-2.8,33.0,25.54,0.0,19.0,1603.0,46.0,1.22,-0.02,-1.03,-0.11,-1.96,3.85,-10.72,290.0,TEST2RR,AKR_TEST2RR,0.0,1.0,1.0,100.0
81880,1,walk,walk,6897,,6897.0,20.0,0.0,1.0,6.0,2.01,-0.003,-2.146,-4.886,33.0,25.26,0.0,19.0,1603.0,46.0,0.49,-0.01,-1.03,-0.12,-1.44,4.25,-9.37,290.0,TEST2RR,AKR_TEST2RR,0.0,1.0,1.0,100.0
81920,1,walk,walk,6898,,6898.0,20.0,0.0,1.0,6.0,2.05,-0.034,-1.905,-5.808,33.0,25.12,0.0,19.0,1603.0,46.0,-0.19,0.0,-1.03,-0.12,-0.63,4.76,-6.64,290.0,TEST2RR,AKR_TEST2RR,0.0,1.0,1.0,100.0
81920,1,walk,walk,6899,,6899.0,20.0,0.0,1.0,6.0,2.07,-0.061,-1.729,-6.023,33.0,25.05,0.0,19.0,1603.0,46.0,-0.82,0.01,-1.03,-0.12,0.41,5.33,-2.61,290.0,TEST2RR,AKR_TEST2RR,0.0,1.0,1.0,100.0
81940,1,walk,walk,6900,,6900.0,20.0,0.0,1.0,6.0,2.07,-0.088,-1.717,-5.675,33.0,25.16,0.0,19.0,1603.0,46.0,-1.37,0.02,-1.03,-0.13,1.68,5.83,2.68,290.0,TEST2RR,AKR_TEST2RR,0.0,1.0,1.0,100.0
81980,1,walk,walk,6901,,6901.0,20.0,0.0,1.0,6.0,2.06,-0.117,-1.995,-4.755,33.0,25.33,0.0,19.0,1603.0,46.0,-1.82,0.03,-1.04,-0.13,3.13,6.15,9.19,290.0,TEST2RR,AKR_TEST2RR,0.0,1.0,1.0,100.0
82000,1,walk,walk,6902,,6902.0,20.0,0.0,1.0,6.0,2.03,-0.147,-2.106,-3.701,33.0,25.51,0.0,19.0,1603.0,46.0,-2.13,0.04,-1.04,-0.13,4.7,6.21,16.89,290.0,TEST2RR,AKR_TEST2RR,0.0,1.0,1.0,100.0
82020,1,walk,walk,6903,,6903.0,20.0,0.0,1.0,6.0,2.0,-0.179,-2.146,-2.943,33.0,25.62,0.0,19.0,1603.0,46.0,-2.25,0.04,-1.05,-0.13,6.19,5.94,25.47,290.0,TEST2RR,AKR_TEST2RR,0.0,1.0,1.0,100.0
82020,1,walk,walk,6904,,6904.0,20.0,0.0,1.0,6.0,1.97,-0.205,-1.715,-3.05,33.0,25.65,0.0,19.0,1603.0,46.0,-2.16,0.04,-1.06,-0.13,7.39,5.23,34.64,290.0,TEST2RR,AKR_TEST2RR,0.0,1.0,1.0,100.0
82040,1,walk,walk,6905,,6905.0,20.0,0.0,1.0,6.0,1.96,-0.223,-0.824,-3.97,33.0,25.51,0.0,19.0,1603.0,46.0,-1.89,0.04,-1.07,-0.13,8.12,4.08,44.05,290.0,TEST2RR,AKR_TEST2RR,0.0,1.0,1.0,100.0
82060,1,walk,walk,6906,,6906.0,20.0,0.0,1.0,6.0,1.98,-0.234,-0.575,-4.376,33.0,25.47,0.0,19.0,1603.0,46.0,-1.47,0.03,-1.08,-0.13,8.4,2.58,53.35,290.0,TEST2RR,AKR_TEST2RR,0.0,1.0,1.0,100.0
82080,1,walk,walk,6907,,6907.0,20.0,0.0,1.0,6.0,2.05,-0.241,-0.402,-5.052,33.0,25.4,0.0,19.0,1603.0,46.0,-0.92,0.02,-1.1,-0.13,8.17,0.74,62.22,290.0,TEST2RR,AKR_TEST2RR,0.0,1.0,1.0,100.0
82100,1,walk,walk,6908,,6908.0,20.0,0.0,1.0,6.0,2.17,-0.246,-0.475,-5.159,33.0,25.37,0.0,19.0,1603.0,46.0,-0.33,0.01,-1.12,-0.13,7.51,-1.53,70.17,290.0,TEST2RR,AKR_TEST2RR,0.0,1.0,1.0,100.0
82160,1,walk,walk,6909,,6909.0,20.0,0.0,1.0,6.0,2.36,-0.253,-0.477,-4.929,33.0,25.4,0.0,19.0,1603.0,46.0,0.19,0.0,-1.13,-0.12,6.57,-4.34,76.59,290.0,TEST2RR,AKR_TEST2RR,0.0,1.0,1.0,100.0
82160,1,walk,walk,6910,,6910.0,20.0,0.0,1.0,6.0,2.63,-0.259,-0.331,-4.889,33.0,25.44,0.0,19.0,1603.0,46.0,0.55,-0.01,-1.14,-0.12,5.5,-7.75,80.95,290.0,TEST2RR,AKR_TEST2RR,0.0,1.0,1.0,100.0
82160,1,walk,walk,6911,,6911.0,20.0,0.0,1.0,6.0,2.99,-0.266,-0.518,-4.531,33.0,25.47,0.0,19.0,1603.0,46.0,0.66,-0.01,-1.15,-0.12,4.42,-11.56,82.81,290.0,TEST2RR,AKR_TEST2RR,0.0,1.0,1.0,100.0
82180,1,walk,walk,6912,,6912.0,20.0,0.0,1.0,6.0,3.45,-0.275,-0.587,-4.149,33.0,25.54,0.0,19.0,1603.0,46.0,0.46,-0.01,-1.14,-0.11,3.44,-15.33,81.95,290.0,TEST2RR,AKR_TEST2RR,0.0,1.0,1.0,100.0
82200,1,walk,walk,6913,,6913.0,20.0,0.0,1.0,6.0,4.0,-0.283,-0.538,-3.96,33.0,25.58,0.0,19.0,1603.0,46.0,-0.05,0.0,-1.13,-0.11,2.63,-18.44,78.35,290.0,TEST2RR,AKR_TEST2RR,0.0,1.0,1.0,100.0
82220,1,walk,walk,6914,,6914.0,20.0,0.0,1.0,6.0,4.64,-0.29,-0.283,-4.183,33.0,25.54,0.0,19.0,1603.0,46.0,-0.83,0.02,-1.12,-0.1,2.07,-20.24,72.17,290.0,TEST2RR,AKR_TEST2RR,0.0,1.0,1.0,100.0
82240,1,walk,walk,6915,,6915.0,20.0,0.0,1.0,6.0,5.37,-0.294,-0.107,-4.537,33.0,25.51,0.0,19.0,1603.0,46.0,-1.77,0.03,-1.1,-0.09,1.8,-20.18,63.76,290.0,TEST2RR,AKR_TEST2RR,0.0,1.0,1.0,100.0
82280,1,walk,walk,6916,,6916.0,20.0,0.0,1.0,6.0,6.17,-0.294,-0.052,-4.857,34.0,25.47,0.0,19.0,1603.0,46.0,-2.7,0.05,-1.08,-0.08,1.89,-18.02,53.52,290.0,TEST2RR,AKR_TEST2RR,0.0,1.0,1.0,100.0
82300,1,walk,walk,6917,,6917.0,20.0,0.0,1.0,6.0,7.02,-0.294,0.003,-5.008,34.0,25.44,0.0,19.0,1603.0,46.0,-3.43,0.06,-1.06,-0.08,2.38,-13.9,41.92,290.0,TEST2RR,AKR_TEST2RR,0.0,1.0,1.0,100.0
82320,1,walk,walk,6918,,6918.0,20.0,0.0,1.0,6.0,7.91,-0.294,0.053,-5.073,34.0,25.44,0.0,19.0,1603.0,46.0,-3.73,0.07,-1.04,-0.07,3.29,-8.43,29.43,290.0,TEST2RR,AKR_TEST2RR,0.0,1.0,1.0,100.0
82340,1,walk,walk,6919,,6919.0,20.0,0.0,1.0,6.0,8.81,-0.293,-0.042,-5.068,34.0,25.44,0.0,19.0,1603.0,46.0,-3.45,0.06,-1.03,-0.08,4.56,-2.46,16.52,290.0,TEST2RR,AKR_TEST2RR,0.0,1.0,1.0,100.0
82340,1,walk,walk,6920,,6920.0,20.0,0.0,1.0,6.0,9.7,-0.293,0.007,-5.114,34.0,25.4,0.0,19.0,1603.0,46.0,-2.53,0.04,-1.01,-0.08,6.04,3.19,3.62,290.0,TEST2RR,AKR_TEST2RR,0.0,1.0,1.0,100.0
82360,1,walk,walk,6921,,6921.0,20.0,0.0,1.0,6.0,10.55,-0.293,-0.07,-5.099,34.0,25.44,0.0,19.0,1603.0,46.0,-0.96,0.02,-1.0,-0.09,7.53,7.91,-8.79,290.0,TEST2RR,AKR_TEST2RR,0.0,1.0,1.0,100.0
82380,1,walk,walk,6922,,6922.0,20.0,0.0,1.0,6.0,11.34,-0.292,0.037,-5.132,34.0,25.44,0.0,19.0,1603.0,46.0,1.16,-0.02,-0.99,-0.1,8.77,11.44,-20.3,290.0,TEST2RR,AKR_TEST2RR,0.0,1.0,1.0,100.0
82400,1,walk,walk,6923,,6923.0,20.0,0.0,1.0,6.0,12.04,-0.292,0.119,-5.24,34.0,25.4,0.0,19.0,1603.0,46.0,3.73,-0.06,-0.98,-0.11,9.52,13.75,-30.5,290.0,TEST2RR,AKR_TEST2RR,0.0,1.0,1.0,100.0
82420,1,walk,walk,6924,,6924.0,20.0,0.0,1.0,6.0,12.65,-0.289,0.194,-5.436,34.0,25.37,0.0,19.0,1603.0,46.0,6.62,-0.11,-0.96,-0.12,9.63,14.93,-39.1,290.0,TEST2RR,AKR_TEST2RR,0.0,1.0,1.0,100.0
82440,1,walk,walk,6925,,6925.0,20.0,0.0,1.0,6.0,13.15,-0.286,0.254,-5.725,34.0,25.3,0.0,19.0,1603.0,46.0,9.69,-0.16,-0.95,-0.13,9.07,15.06,-45.91,290.0,TEST2RR,AKR_TEST2RR,0.0,1.0,1.0,100.0
82460,1,walk,walk,6926,,6926.0,20.0,0.0,1.0,6.0,13.51,-0.282,0.12,-5.814,34.0,25.26,0.0,19.0,1603.0,46.0,12.82,-0.21,-0.94,-0.14,7.92,14.23,-50.85,290.0,TEST2RR,AKR_TEST2RR,0.0,1.0,1.0,100.0
82500,1,walk,walk,6927,,6927.0,20.0,0.0,1.0,6.0,13.76,-0.278,0.238,-6.024,34.0,25.23,0.0,19.0,1603.0,46.0,15.87,-0.26,-0.93,-0.15,6.31,12.51,-53.95,290.0,TEST2RR,AKR_TEST2RR,0.0,1.0,1.0,100.0
82500,1,walk,walk,6928,,6928.0,20.0,0.0,1.0,6.0,13.87,-0.274,0.35,-6.25,34.0,25.23,0.0,19.0,1603.0,46.0,18.71,-0.31,-0.92,-0.16,4.41,10.03,-55.34,290.0,TEST2RR,AKR_TEST2RR,0.0,1.0,1.0,100.0
82520,1,walk,walk,6929,,6929.0,20.0,0.0,3.0,7.0,13.86,-0.269,0.275,-6.41,34.0,25.19,0.0,19.0,1603.0,46.0,21.25,-0.35,-0.9,-0.16,2.37,6.99,-55.2,290.0,TEST2RR,AKR_TEST2RR,0.0,1.0,1.0,100.0
82560,1,walk,walk,6930,,6930.0,20.0,0.0,3.0,7.0,13.73,-0.263,0.428,-6.688,34.0,25.12,0.0,19.0,1603.0,46.0,23.35,-0.39,-0.89,-0.15,0.33,3.68,-53.79,290.0,TEST2RR,AKR_TEST2RR,0.0,1.0,1.0,100.0
82560,1,walk,walk,6931,,6931.0,20.0,1.0,3.0,7.0,13.49,-0.256,0.895,-7.63,34.0,24.95,0.0,20.0,1603.0,46.0,24.72,-0.41,-0.89,-0.14,-1.44,0.66,-51.26,290.0,TEST2RR,AKR_TEST2RR,0.0,1.0,1.0,100.0
82580,1,walk,walk,6932,,6932.0,20.0,0.0,3.0,7.0,13.16,-0.234,1.562,-9.185,34.0,24.49,0.0,19.0,1603.0,46.0,25.22,-0.42,-0.9,-0.13,-2.68,-1.59,-47.8,290.0,TEST2RR,AKR_TEST2RR,0.0,1.0,1.0,100.0
82600,1,walk,walk,6933,,6933.0,20.0,0.0,3.0,7.0,12.76,-0.207,1.854,-10.607,34.0,24.07,0.0,19.0,1603.0,46.0,24.93,-0.42,-0.91,-0.11,-3.41,-3.03,-43.67,290.0,TEST2RR,AKR_TEST2RR,0.0,1.0,1.0,100.0
82640,1,walk,walk,6934,,6934.0,20.0,1.0,3.0,7.0,12.3,-0.176,1.93,-11.057,34.0,23.76,0.0,20.0,1603.0,46.0,24.01,-0.41,-0.93,-0.09,-3.72,-3.83,-39.15,291.0,TEST2RR,AKR_TEST2RR,0.0,1.0,1.0,100.0
82660,1,walk,walk,6935,,6935.0,20.0,0.0,3.0,7.0,11.79,-0.142,2.009,-11.063,34.0,23.79,0.0,19.0,1603.0,46.0,22.67,-0.4,-0.95,-0.08,-3.74,-4.16,-34.47,291.0,TEST2RR,AKR_TEST2RR,0.0,1.0,1.0,100.0
82660,1,walk,walk,6936,,6936.0,20.0,0.0,3.0,7.0,11.25,-0.115,1.486,-10.085,34.0,24.25,0.0,19.0,1603.0,46.0,21.15,-0.38,-0.97,-0.06,-3.53,-4.36,-29.74,291.0,TEST2RR,AKR_TEST2RR,0.0,1.0,1.0,100.0
82680,1,walk,walk,6937,,6937.0,20.0,0.0,3.0,7.0,10.69,-0.098,0.628,-7.957,34.0,24.84,0.0,19.0,1603.0,46.0,19.6,-0.36,-1.0,-0.06,-3.19,-4.68,-24.96,291.0,TEST2RR,AKR_TEST2RR,0.0,1.0,1.0,100.0
82700,1,walk,walk,6938,,6938.0,20.0,0.0,3.0,7.0,10.14,-0.093,0.179,-6.298,34.0,25.19,0.0,19.0,1603.0,46.0,18.13,-0.33,-1.02,-0.05,-2.79,-5.21,-20.07,291.0,TEST2RR,AKR_TEST2RR,0.0,1.0,1.0,100.0
82720,1,walk,walk,6939,,6939.0,20.0,0.0,3.0,7.0,9.59,-0.093,-0.079,-4.811,34.0,25.47,0.0,19.0,1603.0,46.0,16.82,-0.31,-1.04,-0.05,-2.41,-5.94,-15.15,291.0,TEST2RR,AKR_TEST2RR,0.0,1.0,1.0,100.0
82740,1,walk,walk,6940,,6940.0,20.0,0.0,3.0,7.0,9.07,-0.095,-0.076,-3.775,34.0,25.65,0.0,19.0,1603.0,46.0,15.69,-0.3,-1.05,-0.04,-2.1,-6.82,-10.35,291.0,TEST2RR,AKR_TEST2RR,0.0,1.0,1.0,100.0
82760,1,walk,walk,6941,,6941.0,20.0,1.0,3.0,7.0,8.57,-0.096,-0.013,-2.853,34.0,25.76,0.0,20.0,1603.0,46.0,14.75,-0.28,-1.06,-0.04,-1.88,-7.75,-5.87,291.0,TEST2RR,AKR_TEST2RR,0.0,1.0,1.0,100.0
82820,1,walk,walk,6942,,6942.0,20.0,0.0,0.0,1.0,8.11,-0.096,0.006,-1.999,34.0,25.83,0.0,19.0,1603.0,46.0,13.97,-0.27,-1.07,-0.05,-1.73,-8.62,-1.88,291.0,TEST2RR,AKR_TEST2RR,0.0,1.0,1.0,100.0
82820,1,walk,walk,6943,,6943.0,20.0,0.0,0.0,1.0,7.69,-0.093,0.189,-1.198,34.0,25.83,0.0,19.0,1603.0,46.0,13.36,-0.25,-1.07,-0.05,-1.62,-9.23,1.21,291.0,TEST2RR,AKR_TEST2RR,0.0,1.0,1.0,100.0
82820,1,walk,walk,6944,,6944.0,20.0,0.0,0.0,1.0,7.32,-0.093,0.189,-1.198,34.0,25.83,0.0,39.0,1603.0,46.0,12.88,-0.24,-1.07,-0.05,-1.54,-9.35,3.31,291.0,TEST2RR,AKR_TEST2RR,0.0,1.0,1.0,100.0
82840,1,walk,walk,6945,,6945.0,20.0,0.0,0.0,1.0,7.0,-0.093,0.189,-1.198,34.0,25.83,0.0,59.0,1603.0,46.0,12.48,-0.24,-1.07,-0.05,-1.46,-9.0,4.53,291.0,TEST2RR,AKR_TEST2RR,0.0,1.0,1.0,100.0
82880,1,walk,walk,6946,,6946.0,20.0,0.0,0.0,1.0,6.73,-0.067,6.978,0.0,34.0,25.93,0.0,7.0,1603.0,46.0,12.13,-0.23,-1.06,-0.06,-1.39,-8.29,4.95,291.0,TEST2RR,AKR_TEST2RR,0.0,1.0,1.0,100.0
82880,1,walk,walk,6947,,6947.0,20.0,0.0,0.0,1.0,6.51,-0.059,0.393,0.0,34.0,25.9,0.0,7.0,1603.0,46.0,11.81,-0.22,-1.06,-0.06,-1.33,-7.36,4.66,291.0,TEST2RR,AKR_TEST2RR,0.0,1.0,1.0,100.0
82900,1,walk,walk,6948,,6948.0,20.0,0.0,0.0,1.0,6.34,-0.053,0.351,0.0,34.0,25.9,0.0,7.0,1603.0,46.0,11.49,-0.21,-1.05,-0.06,-1.31,-6.32,3.72,291.0,TEST2RR,AKR_TEST2RR,0.0,1.0,1.0,100.0
82920,1,walk,walk,6949,,6949.0,20.0,0.0,0.0,1.0,6.22,-0.048,0.32,0.0,34.0,25.9,0.0,7.0,1603.0,46.0,11.16,-0.21,-1.04,-0.06,-1.33,-5.27,2.28,291.0,TEST2RR,AKR_TEST2RR,0.0,1.0,1.0,100.0
82960,1,walk,walk,6950,,6950.0,20.0,0.0,0.0,1.0,6.15,-0.043,0.375,0.0,34.0,25.9,0.0,7.0,1603.0,46.0,10.8,-0.2,-1.04,-0.07,-1.41,-4.25,0.44,291.0,TEST2RR,AKR_TEST2RR,0.0,1.0,1.0,100.0
82980,1,walk,walk,6951,,6951.0,20.0,1.0,0.0,1.0,6.1,-0.035,0.549,0.0,34.0,25.9,0.0,8.0,1603.0,46.0,10.39,-0.19,-1.03,-0.07,-1.52,-3.34,-1.64,291.0,TEST2RR,AKR_TEST2RR,0.0,1.0,1.0,100.0
82980,1,walk,walk,6952,,6952.0,20.0,1.0,0.0,1.0,6.09,-0.03,0.305,0.0,34.0,25.9,0.0,8.0,1603.0,46.0,9.92,-0.18,-1.03,-0.07,-1.63,-2.56,-3.8,291.0,TEST2RR,AKR_TEST2RR,0.0,1.0,1.0,100.0
83000,1,walk,walk,6953,,6953.0,20.0,1.0,0.0,1.0,6.1,-0.025,0.367,0.0,34.0,25.93,0.0,8.0,1603.0,46.0,9.4,-0.17,-1.02,-0.08,-1.69,-1.9,-5.94,291.0,TEST2RR,AKR_TEST2RR,0.0,1.0,1.0,100.0
83040,1,walk,walk,6954,,6954.0,20.0,1.0,0.0,1.0,6.13,-0.018,0.732,0.0,34.0,25.93,0.0,8.0,1603.0,46.0,8.84,-0.16,-1.02,-0.08,-1.68,-1.36,-8.0,291.0,TEST2RR,AKR_TEST2RR,0.0,1.0,1.0,100.0
83060,1,walk,walk,6955,,6955.0,20.0,1.0,0.0,1.0,6.17,-0.006,0.767,0.0,34.0,25.9,0.0,8.0,1603.0,46.0,8.27,-0.15,-1.02,-0.08,-1.57,-0.93,-10.02,291.0,TEST2RR,AKR_TEST2RR,0.0,1.0,1.0,100.0
83080,1,walk,walk,6956,,6956.0,20.0,1.0,0.0,1.0,6.21,0.004,0.785,0.0,34.0,25.9,0.0,8.0,1603.0,46.0,7.7,-0.14,-1.02,-0.09,-1.37,-0.59,-12.03,291.0,TEST2RR,AKR_TEST2RR,0.0,1.0,1.0,100.0
83080,1,walk,walk,6957,,6957.0,20.0,1.0,0.0,1.0,6.24,0.018,1.088,0.0,34.0,25.93,0.0,8.0,1603.0,46.0,7.14,-0.13,-1.02,-0.09,-1.07,-0.33,-14.09,291.0,TEST2RR,AKR_TEST2RR,0.0,1.0,1.0,100.0
83120,1,walk,walk,6958,,6958.0,20.0,1.0,0.0,1.0,6.27,0.03,0.742,0.0,35.0,25.9,0.0,8.0,1603.0,46.0,6.58,-0.12,-1.02,-0.09,-0.69,-0.11,-16.21,291.0,TEST2RR,AKR_TEST2RR,0.0,1.0,1.0,100.0
83140,1,walk,walk,6959,,6959.0,20.0,1.0,0.0,1.0,6.27,0.045,0.978,0.0,35.0,25.93,0.0,8.0,1603.0,46.0,6.03,-0.11,-1.02,-0.09,-0.25,0.08,-18.39,291.0,TEST2RR,AKR_TEST2RR,0.0,1.0,1.0,100.0
83140,1,walk,walk,6960,,6960.0,20.0,1.0,0.0,1.0,6.26,0.059,0.86,0.0,35.0,25.93,0.0,8.0,1603.0,46.0,5.47,-0.1,-1.02,-0.1,0.25,0.27,-20.58,291.0,TEST2RR,AKR_TEST2RR,0.0,1.0,1.0,100.0
83160,1,walk,walk,6961,,6961.0,20.0,1.0,0.0,1.0,6.22,0.072,0.79,0.0,35.0,25.9,0.0,8.0,1603.0,46.0,4.87,-0.09,-1.02,-0.1,0.79,0.45,-22.69,291.0,TEST2RR,AKR_TEST2RR,0.0,1.0,1.0,100.0
83200,1,walk,walk,6962,,6962.0,20.0,1.0,0.0,1.0,6.15,0.078,0.131,0.0,35.0,25.93,0.0,8.0,1603.0,46.0,4.2,-0.07,-1.02,-0.1,1.37,0.66,-24.46,291.0,TEST2RR,AKR_TEST2RR,0.0,1.0,1.0,100.0
83200,1,walk,walk,6963,,6963.0,20.0,1.0,0.0,1.0,6.05,0.078,-0.011,0.0,35.0,25.93,0.0,8.0,1603.0,46.0,3.41,-0.06,-1.02,-0.1,2.05,0.86,-25.43,291.0,TEST2RR,AKR_TEST2RR,0.0,1.0,1.0,100.0
83220,1,walk,walk,6964,,6964.0,20.0,1.0,0.0,1.0,5.91,0.069,-0.696,0.0,35.0,25.9,0.0,8.0,1603.0,46.0,2.49,-0.04,-1.02,-0.1,2.87,0.99,-25.15,291.0,TEST2RR,AKR_TEST2RR,0.0,1.0,1.0,100.0
83240,1,walk,walk,6965,,6965.0,20.0,0.0,0.0,1.0,5.74,0.05,-1.615,0.0,35.0,25.93,0.0,7.0,1603.0,46.0,1.47,-0.03,-1.03,-0.1,3.89,1.02,-23.18,291.0,TEST2RR,AKR_TEST2RR,0.0,1.0,1.0,100.0
83280,1,walk,walk,6966,,6966.0,20.0,1.0,0.0,1.0,5.54,0.026,-1.828,0.0,35.0,25.93,0.0,8.0,1603.0,46.0,0.42,-0.01,-1.03,-0.11,5.07,0.96,-19.28,291.0,TEST2RR,AKR_TEST2RR,0.0,1.0,1.0,100.0
83300,1,walk,walk,6967,,6967.0,20.0,1.0,0.0,1.0,5.3,0.001,-1.734,0.0,35.0,25.9,0.0,8.0,1603.0,46.0,-0.59,0.01,-1.04,-0.11,6.31,0.87,-13.49,291.0,TEST2RR,AKR_TEST2RR,0.0,1.0,1.0,100.0
83300,1,walk,walk,6968,,6968.0,20.0,1.0,0.0,1.0,5.04,-0.015,-0.402,0.0,35.0,25.93,0.0,8.0,1603.0,46.0,-1.49,0.03,-1.05,-0.1,7.42,0.61,-6.17,291.0,TEST2RR,AKR_TEST2RR,0.0,1.0,1.0,100.0
83320,1,walk,walk,6969,,6969.0,20.0,0.0,0.0,1.0,4.75,-0.015,0.203,0.0,35.0,25.93,0.0,7.0,1603.0,46.0,-2.24,0.04,-1.06,-0.1,8.24,-0.02,2.14,291.0,TEST2RR,AKR_TEST2RR,0.0,1.0,1.0,100.0
83340,1,walk,walk,6970,,6970.0,20.0,0.0,0.0,1.0,4.46,-0.009,0.553,0.0,35.0,25.9,0.0,7.0,1603.0,46.0,-2.81,0.05,-1.07,-0.1,8.68,-1.16,10.88,291.0,TEST2RR,AKR_TEST2RR,0.0,1.0,1.0,100.0
83360,1,walk,walk,6971,,6971.0,20.0,0.0,0.0,1.0,4.16,-0.005,0.225,0.0,35.0,25.93,0.0,7.0,1603.0,46.0,-3.16,0.06,-1.08,-0.1,8.66,-2.93,19.59,291.0,TEST2RR,AKR_TEST2RR,0.0,1.0,1.0,100.0
83380,1,walk,walk,6972,,6972.0,20.0,0.0,0.0,1.0,3.87,-0.004,-0.061,0.0,35.0,25.93,0.0,7.0,1603.0,46.0,-3.27,0.06,-1.1,-0.11,8.24,-5.37,27.92,291.0,TEST2RR,AKR_TEST2RR,0.0,1.0,1.0,100.0
83400,1,walk,walk,6973,,6973.0,20.0,0.0,0.0,1.0,3.61,-0.006,-0.301,0.0,35.0,25.93,0.0,7.0,1603.0,46.0,-3.19,0.06,-1.11,-0.11,7.51,-8.29,35.49,291.0,TEST2RR,AKR_TEST2RR,0.0,1.0,1.0,100.0
83420,1,walk,walk,6974,,6974.0,20.0,0.0,0.0,1.0,3.39,-0.011,-0.381,0.0,35.0,25.9,0.0,7.0,1603.0,46.0,-3.0,0.06,-1.12,-0.11,6.59,-11.41,42.0,291.0,TEST2RR,AKR_TEST2RR,0.0,1.0,1.0,100.0
83460,1,walk,walk,6975,,6975.0,20.0,0.0,0.0,1.0,3.22,-0.022,-1.149,0.0,35.0,25.93,0.0,7.0,1603.0,46.0,-2.76,0.05,-1.13,-0.11,5.58,-14.35,47.29,291.0,TEST2RR,AKR_TEST2RR,0.0,1.0,1.0,100.0
83460,1,walk,walk,6976,,6976.0,20.0,0.0,0.0,1.0,3.11,-0.039,-0.974,0.0,35.0,25.93,0.0,7.0,1603.0,46.0,-2.58,0.05,-1.13,-0.11,4.54,-16.76,51.15,291.0,TEST2RR,AKR_TEST2RR,0.0,1.0,1.0,100.0
83480,1,walk,walk,6977,,6977.0,20.0,0.0,0.0,1.0,3.07,-0.053,-0.759,0.0,35.0,25.93,0.0,7.0,1603.0,46.0,-2.5,0.05,-1.13,-0.11,3.55,-18.39,53.45,291.0,TEST2RR,AKR_TEST2RR,0.0,1.0,1.0,100.0
83520,1,walk,walk,6978,,6978.0,20.0,0.0,0.0,1.0,3.11,-0.06,-0.363,0.0,35.0,25.93,0.0,7.0,1603.0,46.0,-2.57,0.05,-1.12,-0.1,2.68,-19.04,54.03,291.0,TEST2RR,AKR_TEST2RR,0.0,1.0,1.0,100.0
83520,1,walk,walk,6979,,6979.0,20.0,0.0,0.0,1.0,3.23,-0.064,-0.197,0.0,35.0,25.9,0.0,7.0,1603.0,46.0,-2.81,0.05,-1.11,-0.1,2.0,-18.61,52.81,291.0,TEST2RR,AKR_TEST2RR,0.0,1.0,1.0,100.0
83540,1,walk,walk,6980,,6980.0,20.0,0.0,0.0,1.0,3.42,-0.069,-0.432,0.0,35.0,25.9,0.0,7.0,1603.0,46.0,-3.19,0.06,-1.09,-0.1,1.55,-17.08,49.82,291.0,TEST2RR,AKR_TEST2RR,0.0,1.0,1.0,100.0
83580,1,walk,walk,6981,,6981.0,20.0,0.0,0.0,1.0,3.7,-0.079,-0.601,0.0,35.0,25.93,0.0,7.0,1603.0,46.0,-3.65,0.07,-1.07,-0.09,1.37,-14.56,45.18,291.0,TEST2RR,AKR_TEST2RR,0.0,1.0,1.0,100.0
83600,1,walk,walk,6982,,6982.0,20.0,0.0,0.0,1.0,4.04,-0.084,-0.085,0.0,35.0,25.9,0.0,7.0,1603.0,46.0,-4.14,0.08,-1.05,-0.09,1.45,-11.21,39.03,291.0,TEST2RR,AKR_TEST2RR,0.0,1.0,1.0,100.0
83620,1,walk,walk,6983,,6983.0,20.0,0.0,0.0,1.0,4.43,-0.085,0.037,0.0,35.0,25.93,0.0,7.0,1603.0,46.0,-4.58,0.08,-1.03,-0.09,1.76,-7.21,31.55,291.0,TEST2RR,AKR_TEST2RR,0.0,1.0,1.0,100.0
83620,1,walk,walk,6984,,6984.0,20.0,0.0,0.0,1.0,4.88,-0.085,0.077,0.0,35.0,25.9,0.0,7.0,1603.0,46.0,-4.9,0.09,-1.01,-0.08,2.26,-2.78,23.04,291.0,TEST2RR,AKR_TEST2RR,0.0,1.0,1.0,100.0
83640,1,walk,walk,6985,,6985.0,20.0,0.0,0.0,1.0,5.35,-0.084,-0.009,0.0,35.0,25.9,0.0,7.0,1603.0,46.0,-5.02,0.09,-0.99,-0.08,2.88,1.86,13.81,291.0,TEST2RR,AKR_TEST2RR,0.0,1.0,1.0,100.0
83660,1,walk,walk,6986,,6986.0,20.0,0.0,0.0,1.0,5.83,-0.084,0.139,0.0,35.0,25.93,0.0,7.0,1603.0,46.0,-4.87,0.08,-0.97,-0.08,3.56,6.47,4.18,291.0,TEST2RR,AKR_TEST2RR,0.0,1.0,1.0,100.0
83680,1,walk,walk,6987,,6987.0,20.0,1.0,0.0,1.0,6.3,-0.081,0.175,0.0,35.0,25.93,0.0,8.0,1603.0,46.0,-4.43,0.07,-0.95,-0.09,4.22,10.88,-5.55,291.0,TEST2RR,AKR_TEST2RR,0.0,1.0,1.0,100.0
83700,1,walk,walk,6988,,6988.0,20.0,1.0,0.0,1.0,6.75,-0.076,0.293,0.0,35.0,25.93,0.0,8.0,1603.0,46.0,-3.67,0.06,-0.94,-0.09,4.79,14.93,-15.06,291.0,TEST2RR,AKR_TEST2RR,0.0,1.0,1.0,100.0
83740,1,walk,walk,6989,,6989.0,20.0,1.0,6.0,2.0,7.16,-0.07,0.545,0.0,35.0,25.9,0.0,8.0,1603.0,46.0,-2.6,0.04,-0.93,-0.09,5.18,18.49,-24.1,291.0,TEST2RR,AKR_TEST2RR,0.0,1.0,1.0,100.0
83760,1,walk,walk,6990,,6990.0,20.0,0.0,6.0,2.0,7.5,-0.065,1.172,-0.161,35.0,25.9,0.0,18.0,1603.0,46.0,-1.26,0.02,-0.92,-0.1,5.36,21.46,-32.5,292.0,TEST2RR,AKR_TEST2RR,0.0,1.0,1.0,100.0
83780,1,walk,walk,6991,,6991.0,20.0,0.0,6.0,2.0,7.77,-0.04,1.752,0.268,35.0,25.9,0.0,18.0,1603.0,46.0,0.3,0.0,-0.92,-0.11,5.29,23.74,-40.08,292.0,TEST2RR,AKR_TEST2RR,0.0,1.0,1.0,100.0
83780,1,walk,walk,6992,,6992.0,20.0,0.0,6.0,2.0,7.96,-0.019,1.123,0.185,35.0,25.9,0.0,18.0,1603.0,46.0,2.03,-0.03,-0.92,-0.11,4.96,25.31,-46.52,292.0,TEST2RR,AKR_TEST2RR,0.0,1.0,1.0,100.0
83800,1,walk,walk,6993,,6993.0,20.0,0.0,6.0,2.0,8.06,-0.008,0.52,-0.246,35.0,25.9,0.0,18.0,1603.0,46.0,3.87,-0.06,-0.92,-0.12,4.37,26.12,-51.55,292.0,TEST2RR,AKR_TEST2RR,0.0,1.0,1.0,100.0
83840,1,walk,walk,6994,,6994.0,20.0,0.0,6.0,2.0,8.05,-0.001,0.324,-0.599,35.0,25.9,0.0,18.0,1603.0,46.0,5.77,-0.09,-0.92,-0.13,3.53,26.11,-55.03,292.0,TEST2RR,AKR_TEST2RR,0.0,1.0,1.0,100.0
83840,1,walk,walk,6995,,6995.0,20.0,1.0,6.0,2.0,7.94,0.003,0.253,-0.94,35.0,25.86,0.0,19.0,1603.0,46.0,7.66,-0.12,-0.93,-0.13,2.46,25.31,-56.94,292.0,TEST2RR,AKR_TEST2RR,0.0,1.0,1.0,100.0
83860,1,walk,walk,6996,,6996.0,20.0,1.0,6.0,2.0,7.73,0.007,0.245,-1.171,35.0,25.9,0.0,19.0,1603.0,46.0,9.49,-0.16,-0.93,-0.14,1.21,23.85,-57.32,292.0,TEST2RR,AKR_TEST2RR,0.0,1.0,1.0,100.0
83880,1,walk,walk,6997,,6997.0,20.0,1.0,6.0,2.0,7.42,0.01,0.186,-1.458,35.0,25.86,0.0,19.0,1603.0,46.0,11.19,-0.18,-0.93,-0.14,-0.17,21.9,-56.23,292.0,TEST2RR,AKR_TEST2RR,0.0,1.0,1.0,100.0
83920,1,walk,walk,6998,,6998.0,20.0,1.0,6.0,2.0,7.03,0.012,0.13,-1.67,35.0,25.86,0.0,19.0,1603.0,46.0,12.73,-0.21,-0.94,-0.14,-1.62,19.69,-53.75,292.0,TEST2RR,AKR_TEST2RR,0.0,1.0,1.0,100.0
83940,1,walk,walk,6999,,6999.0,20.0,1.0,6.0,2.0,6.55,0.014,0.164,-1.949,35.0,25.83,0.0,19.0,1603.0,46.0,14.07,-0.24,-0.94,-0.14,-3.05,17.44,-49.95,292.0,TEST2RR,AKR_TEST2RR,0.0,1.0,1.0,100.0
83940,1,walk,walk,7000,,7000.0,20.0,1.0,6.0,2.0,6.01,0.017,0.267,-2.364,35.0,25.79,0.0,19.0,1603.0,46.0,14.92,-0.25,-0.95,-0.14,-4.26,15.55,-45.1,292.0,TEST2RR,AKR_TEST2RR,0.0,1.0,1.0,100.0
83960,1,walk,walk,7001,,7001.0,20.0,1.0,6.0,2.0,5.42,0.025,0.52,-3.521,35.0,25.72,0.0,19.0,1603.0,46.0,14.98,-0.26,-0.96,-0.13,-4.99,14.26,-39.34,292.0,TEST2RR,AKR_TEST2RR,0.0,1.0,1.0,100.0
83980,1,walk,walk,7002,,7002.0,20.0,1.0,6.0,2.0,4.79,0.033,0.598,-4.602,35.0,25.54,0.0,19.0,1603.0,46.0,14.27,-0.25,-0.98,-0.12,-5.17,13.61,-32.77,292.0,TEST2RR,AKR_TEST2RR,0.0,1.0,1.0,100.0
84000,1,walk,walk,7003,,7003.0,20.0,1.0,6.0,2.0,4.14,0.041,0.369,-5.452,35.0,25.37,0.0,19.0,1603.0,46.0,13.02,-0.23,-1.0,-0.1,-4.89,13.41,-25.61,292.0,TEST2RR,AKR_TEST2RR,0.0,1.0,1.0,100.0
84020,1,walk,walk,7004,,7004.0,20.0,1.0,6.0,2.0,3.48,0.043,0.014,-5.193,35.0,25.4,0.0,19.0,1603.0,46.0,11.54,-0.21,-1.02,-0.08,-4.32,13.33,-18.14,292.0,TEST2RR,AKR_TEST2RR,0.0,1.0,1.0,100.0
84040,1,walk,walk,7005,,7005.0,20.0,1.0,6.0,2.0,2.83,0.04,-0.334,-4.586,35.0,25.47,0.0,19.0,1603.0,46.0,10.03,-0.19,-1.05,-0.07,-3.6,13.07,-10.58,292.0,TEST2RR,AKR_TEST2RR,0.0,1.0,1.0,100.0
84080,1,walk,walk,7006,,7006.0,20.0,1.0,6.0,2.0,2.21,0.032,-0.596,-3.287,35.0,25.65,0.0,19.0,1603.0,46.0,8.63,-0.16,-1.07,-0.05,-2.88,12.47,-3.16,292.0,TEST2RR,AKR_TEST2RR,0.0,1.0,1.0,100.0
84100,1,walk,walk,7007,,7007.0,20.0,1.0,6.0,2.0,1.63,0.022,-0.643,-2.246,35.0,25.79,0.0,19.0,1603.0,46.0,7.43,-0.14,-1.08,-0.04,-2.23,11.48,3.86,292.0,TEST2RR,AKR_TEST2RR,0.0,1.0,1.0,100.0
84100,1,walk,walk,7008,,7008.0,20.0,1.0,6.0,2.0,1.09,0.015,-0.481,-1.544,35.0,25.83,0.0,19.0,1603.0,46.0,6.48,-0.12,-1.09,-0.04,-1.67,10.14,10.19,292.0,TEST2RR,AKR_TEST2RR,0.0,1.0,1.0,100.0
84120,1,walk,walk,7009,,7009.0,20.0,1.0,6.0,2.0,0.62,0.009,-0.412,-0.867,35.0,25.9,0.0,19.0,1603.0,46.0,5.77,-0.11,-1.1,-0.03,-1.18,8.55,15.57,292.0,TEST2RR,AKR_TEST2RR,0.0,1.0,1.0,100.0
84140,1,walk,walk,7010,,7010.0,20.0,1.0,6.0,2.0,0.21,0.004,-0.177,-0.339,35.0,25.9,0.0,19.0,1603.0,46.0,5.29,-0.1,-1.1,-0.03,-0.76,6.87,19.79,292.0,TEST2RR,AKR_TEST2RR,0.0,1.0,1.0,100.0
84160,1,walk,walk,7011,,7011.0,20.0,1.0,6.0,2.0,-0.12,0.002,-0.065,-0.164,35.0,25.9,0.0,19.0,1603.0,46.0,5.0,-0.1,-1.1,-0.03,-0.4,5.27,22.75,292.0,TEST2RR,AKR_TEST2RR,0.0,1.0,1.0,100.0
84180,1,walk,walk,7012,,7012.0,20.0,1.0,6.0,2.0,-0.38,0.001,-0.08,-0.114,35.0,25.9,0.0,19.0,1603.0,46.0,4.87,-0.09,-1.1,-0.03,-0.1,3.86,24.41,292.0,TEST2RR,AKR_TEST2RR,0.0,1.0,1.0,100.0
84220,1,walk,walk,7013,,7013.0,20.0,1.0,6.0,2.0,-0.55,0.001,-0.038,-0.087,35.0,25.9,0.0,19.0,1603.0,46.0,4.86,-0.09,-1.09,-0.03,0.09,2.73,24.79,292.0,TEST2RR,AKR_TEST2RR,0.0,1.0,1.0,100.0
84240,1,walk,walk,7014,,7014.0,20.0,1.0,6.0,2.0,-0.65,0.002,0.101,-0.373,35.0,25.9,0.0,19.0,1603.0,46.0,4.92,-0.09,-1.08,-0.03,0.17,1.91,23.99,292.0,TEST2RR,AKR_TEST2RR,0.0,1.0,1.0,100.0
84260,1,walk,walk,7015,,7015.0,20.0,0.0,6.0,2.0,-0.66,0.004,0.233,-0.806,35.0,25.9,0.0,18.0,1603.0,46.0,5.01,-0.09,-1.07,-0.04,0.15,1.42,22.16,292.0,TEST2RR,AKR_TEST2RR,0.0,1.0,1.0,100.0
84260,1,walk,walk,7016,,7016.0,20.0,0.0,6.0,2.0,-0.61,0.008,0.343,-1.324,35.0,25.86,0.0,18.0,1603.0,46.0,5.08,-0.09,-1.06,-0.04,0.05,1.23,19.48,292.0,TEST2RR,AKR_TEST2RR,0.0,1.0,1.0,100.0
84280,1,walk,walk,7017,,7017.0,20.0,1.0,6.0,2.0,-0.49,0.014,0.371,-1.987,35.0,25.83,0.0,19.0,1603.0,46.0,5.11,-0.09,-1.06,-0.04,-0.08,1.3,16.19,292.0,TEST2RR,AKR_TEST2RR,0.0,1.0,1.0,100.0
84300,1,walk,walk,7018,,7018.0,20.0,1.0,6.0,2.0,-0.32,0.019,0.326,-2.579,35.0,25.79,0.0,19.0,1603.0,46.0,5.04,-0.09,-1.05,-0.05,-0.23,1.58,12.56,292.0,TEST2RR,AKR_TEST2RR,0.0,1.0,1.0,100.0
84320,1,walk,walk,7019,,7019.0,20.0,1.0,6.0,2.0,-0.1,0.023,0.3,-2.966,35.0,25.76,0.0,19.0,1603.0,46.0,4.88,-0.09,-1.05,-0.05,-0.37,1.98,8.91,292.0,TEST2RR,AKR_TEST2RR,0.0,1.0,1.0,100.0
84340,1,walk,walk,7020,,7020.0,20.0,1.0,6.0,2.0,0.16,0.026,0.14,-3.28,35.0,25.69,0.0,19.0,1603.0,46.0,4.6,-0.08,-1.04,-0.05,-0.47,2.38,5.57,292.0,TEST2RR,AKR_TEST2RR,0.0,1.0,1.0,100.0
84360,1,walk,walk,7021,,7021.0,20.0,1.0,0.0,5.0,0.44,0.026,-0.132,-3.185,35.0,25.72,0.0,19.0,1603.0,46.0,4.2,-0.08,-1.04,-0.06,-0.5,2.66,2.84,292.0,TEST2RR,AKR_TEST2RR,0.0,1.0,1.0,100.0
84380,1,walk,walk,7022,,7022.0,20.0,0.0,0.0,5.0,0.73,0.024,-0.283,-2.792,35.0,25.72,0.0,19.0,1603.0,46.0,3.79,-0.07,-1.04,-0.06,-0.43,2.73,0.91,292.0,TEST2RR,AKR_TEST2RR,0.0,1.0,1.0,100.0
84420,1,walk,walk,7023,,7023.0,20.0,0.0,0.0,5.0,1.02,0.024,-0.283,-2.792,35.0,25.72,0.0,39.0,1603.0,46.0,3.37,-0.06,-1.04,-0.07,-0.28,2.32,-0.31,292.0,TEST2RR,AKR_TEST2RR,0.0,1.0,1.0,100.0
84420,1,walk,walk,7024,,7024.0,20.0,0.0,0.0,5.0,1.31,0.024,-0.283,-2.792,35.0,25.72,0.0,59.0,1603.0,46.0,2.93,-0.05,-1.03,-0.08,-0.01,1.51,-0.63,292.0,TEST2RR,AKR_TEST2RR,0.0,1.0,1.0,100.0
84440,1,walk,walk,7025,,7025.0,20.0,0.0,0.0,5.0,1.59,0.01,-2.212,0.0,35.0,25.93,0.0,9.0,1603.0,46.0,2.48,-0.04,-1.04,-0.08,0.43,0.52,0.12,292.0,TEST2RR,AKR_TEST2RR,0.0,1.0,1.0,100.0
84480,1,walk,walk,7026,,7026.0,20.0,0.0,0.0,5.0,1.85,-0.011,-1.423,0.0,35.0,25.93,0.0,9.0,1603.0,46.0,2.03,-0.04,-1.04,-0.09,1.06,-0.5,2.04,292.0,TEST2RR,AKR_TEST2RR,0.0,1.0,1.0,100.0
84480,1,walk,walk,7027,,7027.0,20.0,0.0,0.0,5.0,2.09,-0.039,-1.91,0.0,35.0,25.93,0.0,9.0,1603.0,46.0,1.58,-0.03,-1.04,-0.09,1.95,-1.4,5.26,292.0,TEST2RR,AKR_TEST2RR,0.0,1.0,1.0,100.0
84500,1,walk,walk,7028,,7028.0,20.0,0.0,0.0,5.0,2.3,-0.068,-1.879,0.0,35.0,25.93,0.0,9.0,1603.0,46.0,1.16,-0.02,-1.05,-0.1,3.11,-2.12,9.84,292.0,TEST2RR,AKR_TEST2RR,0.0,1.0,1.0,100.0
84520,1,walk,walk,7029,,7029.0,20.0,0.0,0.0,5.0,2.5,-0.101,-2.105,0.0,35.0,25.9,0.0,9.0,1603.0,46.0,0.78,-0.01,-1.05,-0.1,4.46,-2.74,15.81,292.0,TEST2RR,AKR_TEST2RR,0.0,1.0,1.0,100.0
84560,1,walk,walk,7030,,7030.0,20.0,0.0,0.0,5.0,2.68,-0.118,0.068,0.0,35.0,25.93,0.0,9.0,1603.0,46.0,0.45,-0.01,-1.06,-0.1,5.8,-3.42,22.98,292.0,TEST2RR,AKR_TEST2RR,0.0,1.0,1.0,100.0
84580,1,walk,walk,7031,,7031.0,20.0,0.0,0.0,5.0,2.85,-0.107,1.334,0.0,35.0,25.93,0.0,9.0,1603.0,46.0,0.16,0.0,-1.08,-0.1,6.98,-4.22,30.87,292.0,TEST2RR,AKR_TEST2RR,0.0,1.0,1.0,100.0
84600,1,walk,walk,7032,,7032.0,20.0,0.0,0.0,5.0,3.03,-0.083,1.666,0.0,35.0,25.93,0.0,9.0,1603.0,46.0,-0.05,0.0,-1.09,-0.1,7.87,-5.19,38.93,292.0,TEST2RR,AKR_TEST2RR,0.0,1.0,1.0,100.0
84600,1,walk,walk,7033,,7033.0,20.0,0.0,0.0,5.0,3.21,-0.062,1.561,0.0,35.0,25.93,0.0,9.0,1603.0,46.0,-0.13,0.0,-1.11,-0.1,8.4,-6.34,46.7,292.0,TEST2RR,AKR_TEST2RR,0.0,1.0,1.0,100.0
84620,1,walk,walk,7034,,7034.0,20.0,0.0,0.0,5.0,3.41,-0.041,1.17,0.0,35.0,25.93,0.0,9.0,1603.0,46.0,-0.07,0.0,-1.13,-0.1,8.56,-7.61,53.85,292.0,TEST2RR,AKR_TEST2RR,0.0,1.0,1.0,100.0
84660,1,walk,walk,7035,,7035.0,20.0,0.0,0.0,5.0,3.64,-0.02,1.306,0.0,35.0,25.93,0.0,9.0,1603.0,46.0,0.15,0.0,-1.15,-0.09,8.39,-8.98,60.16,292.0,TEST2RR,AKR_TEST2RR,0.0,1.0,1.0,100.0
84660,1,walk,walk,7036,,7036.0,20.0,0.0,0.0,5.0,3.92,-0.001,0.695,0.0,35.0,25.93,0.0,9.0,1603.0,46.0,0.51,-0.01,-1.16,-0.09,7.97,-10.45,65.39,292.0,TEST2RR,AKR_TEST2RR,0.0,1.0,1.0,100.0
84680,1,walk,walk,7037,,7037.0,20.0,0.0,0.0,5.0,4.25,-0.002,-0.357,0.0,35.0,25.93,0.0,9.0,1603.0,46.0,0.94,-0.02,-1.17,-0.08,7.42,-11.98,69.32,292.0,TEST2RR,AKR_TEST2RR,0.0,1.0,1.0,100.0
84740,1,walk,walk,7038,,7038.0,20.0,0.0,0.0,5.0,4.64,-0.006,-0.126,0.0,35.0,25.93,0.0,9.0,1603.0,46.0,1.32,-0.03,-1.16,-0.08,6.85,-13.48,71.69,293.0,TEST2RR,AKR_TEST2RR,0.0,1.0,1.0,100.0
84740,1,walk,walk,7039,,7039.0,20.0,0.0,0.0,5.0,5.1,-0.011,-0.554,0.0,35.0,25.93,0.0,9.0,1603.0,46.0,1.58,-0.03,-1.15,-0.07,6.37,-14.79,72.29,293.0,TEST2RR,AKR_TEST2RR,0.0,1.0,1.0,100.0
84740,1,walk,walk,7040,,7040.0,20.0,0.0,0.0,5.0,5.62,-0.025,-1.421,0.0,35.0,25.93,0.0,9.0,1603.0,46.0,1.65,-0.03,-1.13,-0.07,6.04,-15.65,70.97,293.0,TEST2RR,AKR_TEST2RR,0.0,1.0,1.0,100.0
84760,1,walk,walk,7041,,7041.0,20.0,0.0,0.0,5.0,6.22,-0.043,-1.001,0.0,35.0,25.93,0.0,9.0,1603.0,46.0,1.5,-0.03,-1.11,-0.06,5.91,-15.73,67.73,293.0,TEST2RR,AKR_TEST2RR,0.0,1.0,1.0,100.0
84800,1,walk,walk,7042,,7042.0,20.0,0.0,0.0,5.0,6.88,-0.057,-0.773,0.0,35.0,25.93,0.0,9.0,1603.0,46.0,1.15,-0.02,-1.09,-0.06,6.02,-14.78,62.64,293.0,TEST2RR,AKR_TEST2RR,0.0,1.0,1.0,100.0
84800,1,walk,walk,7043,,7043.0,20.0,0.0,0.0,5.0,7.6,-0.064,-0.147,0.0,35.0,25.93,0.0,9.0,1603.0,46.0,0.62,-0.01,-1.06,-0.06,6.38,-12.62,55.81,293.0,TEST2RR,AKR_TEST2RR,0.0,1.0,1.0,100.0
84820,1,walk,walk,7044,,7044.0,20.0,0.0,0.0,5.0,8.37,-0.064,0.066,0.0,35.0,25.93,0.0,9.0,1603.0,46.0,0.02,0.0,-1.03,-0.05,6.93,-9.21,47.44,293.0,TEST2RR,AKR_TEST2RR,0.0,1.0,1.0,100.0
84840,1,walk,walk,7045,,7045.0,20.0,0.0,0.0,5.0,9.18,-0.063,-0.025,0.0,34.0,25.93,0.0,9.0,1603.0,46.0,-0.55,0.01,-1.01,-0.05,7.63,-4.69,37.81,293.0,TEST2RR,AKR_TEST2RR,0.0,1.0,1.0,100.0
84860,1,walk,walk,7046,,7046.0,20.0,0.0,0.0,0.0,10.0,-0.062,0.096,0.0,34.0,25.93,0.0,9.0,1603.0,46.0,-0.94,0.02,-0.98,-0.05,8.44,0.63,27.25,293.0,TEST2RR,AKR_TEST2RR,0.0,1.0,1.0,100.0
84900,1,walk,walk,7047,,7047.0,20.0,0.0,0.0,0.0,10.82,-0.059,0.236,0.0,34.0,25.93,0.0,9.0,1603.0,46.0,-1.02,0.02,-0.96,-0.05,9.28,6.3,16.04,293.0,TEST2RR,AKR_TEST2RR,0.0,1.0,1.0,100.0
84900,1,walk,walk,7048,,7048.0,20.0,0.0,0.0,0.0,11.62,-0.056,0.224,0.0,34.0,25.93,0.0,9.0,1603.0,46.0,-0.71,0.01,-0.94,-0.06,10.06,11.78,4.45,293.0,TEST2RR,AKR_TEST2RR,0.0,1.0,1.0,100.0
84940,1,walk,walk,7049,,7049.0,20.0,2.0,0.0,0.0,12.39,-0.053,0.236,0.0,34.0,25.93,0.0,11.0,1603.0,46.0,0.03,0.0,-0.93,-0.07,10.67,16.56,-7.22,293.0,TEST2RR,AKR_TEST2RR,0.0,1.0,1.0,100.0
84940,1,walk,walk,7050,,7050.0,20.0,2.0,0.0,0.0,13.09,-0.049,0.389,0.0,34.0,25.93,0.0,11.0,1603.0,46.0,1.17,-0.02,-0.92,-0.07,11.0,20.23,-18.71,293.0,TEST2RR,AKR_TEST2RR,0.0,1.0,1.0,100.0
84960,1,walk,walk,7051,,7051.0,20.0,2.0,0.0,0.0,13.72,-0.041,0.872,0.0,34.0,25.93,0.0,11.0,1603.0,46.0,2.65,-0.04,-0.91,-0.09,10.96,22.54,-29.76,293.0,TEST2RR,AKR_TEST2RR,0.0,1.0,1.0,100.0
85000,1,walk,walk,7052,,7052.0,20.0,2.0,0.0,0.0,14.25,-0.023,1.189,0.0,34.0,25.93,0.0,11.0,1603.0,46.0,4.37,-0.07,-0.91,-0.1,10.5,23.44,-40.17,293.0,TEST2RR,AKR_TEST2RR,0.0,1.0,1.0,100.0
85020,1,walk,walk,7053,,7053.0,20.0,2.0,0.0,0.0,14.68,-0.002,1.413,0.0,34.0,25.93,0.0,11.0,1603.0,46.0,6.23,-0.1,-0.9,-0.11,9.62,23.01,-49.69,293.0,TEST2RR,AKR_TEST2RR,0.0,1.0,1.0,100.0
85040,1,walk,walk,7054,,7054.0,20.0,2.0,0.0,0.0,14.98,0.02,1.807,0.0,34.0,25.93,0.0,11.0,1603.0,46.0,8.18,-0.13,-0.9,-0.12,8.37,21.46,-58.03,293.0,TEST2RR,AKR_TEST2RR,0.0,1.0,1.0,100.0
85060,1,walk,walk,7055,,7055.0,20.0,2.0,0.0,0.0,15.15,0.041,1.486,0.0,34.0,25.93,0.0,11.0,1603.0,46.0,10.13,-0.16,-0.91,-0.13,6.8,19.1,-64.94,293.0,TEST2RR,AKR_TEST2RR,0.0,1.0,1.0,100.0
85080,1,walk,walk,7056,,7056.0,20.0,2.0,0.0,0.0,15.19,0.06,1.006,0.0,34.0,25.9,0.0,11.0,1603.0,46.0,12.04,-0.19,-0.91,-0.13,4.95,16.31,-70.18,293.0,TEST2RR,AKR_TEST2RR,0.0,1.0,1.0,100.0
85100,1,walk,walk,7057,,7057.0,20.0,2.0,0.0,0.0,15.09,0.078,1.033,0.0,34.0,25.93,0.0,11.0,1603.0,46.0,13.87,-0.23,-0.91,-0.14,2.87,13.41,-73.57,293.0,TEST2RR,AKR_TEST2RR,0.0,1.0,1.0,100.0
85120,1,walk,walk,7058,,7058.0,20.0,2.0,0.0,0.0,14.86,0.094,1.264,0.0,34.0,25.93,0.0,11.0,1603.0,46.0,15.6,-0.26,-0.92,-0.14,0.63,10.62,-75.0,293.0,TEST2RR,AKR_TEST2RR,0.0,1.0,1.0,100.0
85140,1,walk,walk,7059,,7059.0,20.0,2.0,0.0,0.0,14.49,0.115,1.345,0.0,34.0,25.93,0.0,11.0,1603.0,46.0,17.18,-0.29,-0.92,-0.14,-1.7,8.06,-74.46,293.0,TEST2RR,AKR_TEST2RR,0.0,1.0,1.0,100.0
85140,1,walk,walk,7060,,7060.0,20.0,1.0,0.0,0.0,14.01,0.141,1.881,0.0,34.0,25.93,0.0,10.0,1603.0,46.0,18.34,-0.31,-0.94,-0.14,-4.04,5.73,-72.13,293.0,TEST2RR,AKR_TEST2RR,0.0,1.0,1.0,100.0
85180,1,walk,walk,7061,,7061.0,20.0,1.0,0.0,0.0,13.42,0.166,-0.002,0.0,34.0,25.93,0.0,10.0,1603.0,46.0,18.98,-0.33,-0.95,-0.13,-5.91,4.06,-68.49,293.0,TEST2RR,AKR_TEST2RR,0.0,1.0,1.0,100.0
85200,1,walk,walk,7062,,7062.0,20.0,0.0,0.0,0.0,12.73,0.148,-2.173,0.0,34.0,25.93,0.0,9.0,1603.0,46.0,19.03,-0.34,-0.98,-0.12,-6.99,3.07,-63.67,293.0,TEST2RR,AKR_TEST2RR,0.0,1.0,1.0,100.0
85200,1,walk,walk,7063,,7063.0,20.0,1.0,0.0,0.0,11.96,0.114,-1.864,0.0,34.0,25.93,0.0,10.0,1603.0,46.0,18.49,-0.34,-1.01,-0.1,-7.24,2.82,-57.45,293.0,TEST2RR,AKR_TEST2RR,0.0,1.0,1.0,100.0
85220,1,walk,walk,7064,,7064.0,20.0,1.0,0.0,0.0,11.13,0.083,-1.981,0.0,34.0,25.93,0.0,10.0,1603.0,46.0,17.52,-0.33,-1.04,-0.08,-6.86,3.11,-49.74,293.0,TEST2RR,AKR_TEST2RR,0.0,1.0,1.0,100.0
85240,1,walk,walk,7065,,7065.0,20.0,1.0,0.0,0.0,10.26,0.065,-0.754,0.0,34.0,25.93,0.0,10.0,1603.0,46.0,16.3,-0.31,-1.07,-0.06,-6.17,3.67,-40.88,293.0,TEST2RR,AKR_TEST2RR,0.0,1.0,1.0,100.0
85260,1,walk,walk,7066,,7066.0,20.0,1.0,0.0,1.0,9.36,0.051,-0.812,0.0,34.0,25.93,0.0,10.0,1603.0,46.0,14.97,-0.29,-1.09,-0.04,-5.43,4.37,-31.42,293.0,TEST2RR,AKR_TEST2RR,0.0,1.0,1.0,100.0
85280,1,walk,walk,7067,,7067.0,20.0,0.0,0.0,1.0,8.46,0.039,-0.647,0.0,34.0,25.93,0.0,9.0,1603.0,46.0,13.65,-0.27,-1.11,-0.02,-4.79,5.03,-21.94,293.0,TEST2RR,AKR_TEST2RR,0.0,1.0,1.0,100.0
85300,1,walk,walk,7068,,7068.0,20.0,0.0,0.0,1.0,7.57,0.032,-0.508,0.0,34.0,25.93,0.0,9.0,1603.0,46.0,12.42,-0.25,-1.12,-0.01,-4.28,5.54,-13.04,293.0,TEST2RR,AKR_TEST2RR,0.0,1.0,1.0,100.0
85320,1,walk,walk,7069,,7069.0,20.0,0.0,0.0,1.0,6.72,0.028,-0.257,0.0,34.0,25.93,0.0,9.0,1603.0,46.0,11.31,-0.23,-1.13,0.0,-3.87,5.84,-5.22,293.0,TEST2RR,AKR_TEST2RR,0.0,1.0,1.0,100.0
85360,1,walk,walk,7070,,7070.0,20.0,0.0,0.0,1.0,5.91,0.027,0.029,0.0,34.0,25.93,0.0,9.0,1603.0,46.0,10.35,-0.21,-1.13,0.0,-3.54,5.94,1.16,293.0,TEST2RR,AKR_TEST2RR,0.0,1.0,1.0,100.0
85360,1,walk,walk,7071,,7071.0,20.0,0.0,0.0,1.0,5.16,0.027,0.06,0.0,34.0,25.93,0.0,9.0,1603.0,46.0,9.51,-0.19,-1.12,0.0,-3.29,5.88,5.91,293.0,TEST2RR,AKR_TEST2RR,0.0,1.0,1.0,100.0
85380,1,walk,walk,7072,,7072.0,20.0,0.0,0.0,1.0,4.49,0.029,0.326,0.0,34.0,25.93,0.0,9.0,1603.0,46.0,8.78,-0.17,-1.11,0.0,-3.13,5.69,8.97,293.0,TEST2RR,AKR_TEST2RR,0.0,1.0,1.0,100.0
85400,1,walk,walk,7073,,7073.0,20.0,0.0,0.0,1.0,3.9,0.036,0.593,0.0,34.0,25.93,0.0,9.0,1603.0,46.0,8.13,-0.16,-1.1,-0.01,-3.09,5.41,10.38,293.0,TEST2RR,AKR_TEST2RR,0.0,1.0,1.0,100.0
85440,1,walk,walk,7074,,7074.0,20.0,0.0,0.0,1.0,3.39,0.048,0.832,0.0,34.0,25.93,0.0,9.0,1603.0,46.0,7.54,-0.14,-1.09,-0.01,-3.15,5.09,10.24,293.0,TEST2RR,AKR_TEST2RR,0.0,1.0,1.0,100.0
85440,1,walk,walk,7075,,7075.0,20.0,0.0,0.0,1.0,2.97,0.064,1.284,0.0,34.0,25.93,0.0,9.0,1603.0,46.0,6.96,-0.13,-1.08,-0.02,-3.29,4.78,8.69,293.0,TEST2RR,AKR_TEST2RR,0.0,1.0,1.0,100.0
85460,1,walk,walk,7076,,7076.0,20.0,0.0,0.0,1.0,2.63,0.086,1.385,0.0,34.0,25.93,0.0,9.0,1603.0,46.0,6.37,-0.12,-1.07,-0.03,-3.48,4.45,5.88,293.0,TEST2RR,AKR_TEST2RR,0.0,1.0,1.0,100.0
85520,1,walk,walk,7077,,7077.0,20.0,0.0,0.0,1.0,2.37,0.107,0.973,0.0,34.0,25.93,0.0,9.0,1603.0,46.0,5.73,-0.11,-1.06,-0.04,-3.7,4.13,2.06,293.0,TEST2RR,AKR_TEST2RR,0.0,1.0,1.0,100.0
85520,1,walk,walk,7078,,7078.0,20.0,1.0,0.0,1.0,2.18,0.113,-0.07,0.0,34.0,25.93,0.0,10.0,1603.0,46.0,4.97,-0.09,-1.06,-0.04,-3.91,3.84,-2.18,293.0,TEST2RR,AKR_TEST2RR,0.0,1.0,1.0,100.0
85520,1,walk,walk,7079,,7079.0,20.0,1.0,0.0,1.0,2.05,0.11,-0.238,0.0,34.0,25.93,0.0,10.0,1603.0,46.0,4.08,-0.07,-1.05,-0.05,-4.07,3.58,-6.06,293.0,TEST2RR,AKR_TEST2RR,0.0,1.0,1.0,100.0
85540,1,walk,walk,7080,,7080.0,20.0,1.0,0.0,1.0,1.96,0.097,-1.071,0.0,34.0,25.93,0.0,10.0,1603.0,46.0,3.09,-0.06,-1.05,-0.06,-4.08,3.26,-8.89,293.0,TEST2RR,AKR_TEST2RR,0.0,1.0,1.0,100.0
85560,1,walk,walk,7081,,7081.0,20.0,1.0,0.0,1.0,1.92,0.08,-1.353,0.0,34.0,25.93,0.0,10.0,1603.0,46.0,2.07,-0.04,-1.04,-0.07,-3.91,2.91,-10.27,293.0,TEST2RR,AKR_TEST2RR,0.0,1.0,1.0,100.0
85580,1,walk,walk,7082,,7082.0,20.0,1.0,0.0,1.0,1.89,0.066,-0.844,0.0,34.0,25.93,0.0,10.0,1603.0,46.0,1.08,-0.02,-1.04,-0.08,-3.55,2.59,-10.12,293.0,TEST2RR,AKR_TEST2RR,0.0,1.0,1.0,100.0
85600,1,walk,walk,7083,,7083.0,20.0,1.0,0.0,1.0,1.88,0.054,-0.813,0.0,34.0,25.93,0.0,10.0,1603.0,46.0,0.2,0.0,-1.04,-0.08,-3.0,2.31,-8.61,293.0,TEST2RR,AKR_TEST2RR,0.0,1.0,1.0,100.0
85620,1,walk,walk,7084,,7084.0,20.0,1.0,0.0,1.0,1.87,0.042,-1.043,0.0,34.0,25.93,0.0,10.0,1603.0,46.0,-0.58,0.01,-1.04,-0.09,-2.26,2.07,-5.98,293.0,TEST2RR,AKR_TEST2RR,0.0,1.0,1.0,100.0
85660,1,walk,walk,7085,,7085.0,20.0,0.0,0.0,1.0,1.85,0.024,-1.495,0.0,34.0,25.93,0.0,9.0,1603.0,46.0,-1.24,0.02,-1.04,-0.1,-1.34,1.89,-2.33,294.0,TEST2RR,AKR_TEST2RR,0.0,1.0,1.0,100.0
85680,1,walk,walk,7086,,7086.0,20.0,0.0,0.0,1.0,1.83,0.003,-1.587,0.0,34.0,25.93,0.0,9.0,1603.0,46.0,-1.8,0.03,-1.04,-0.1,-0.21,1.77,2.25,294.0,TEST2RR,AKR_TEST2RR,0.0,1.0,1.0,100.0
85680,1,walk,walk,7087,,7087.0,20.0,0.0,0.0,1.0,1.81,-0.022,-1.682,0.0,34.0,25.93,0.0,9.0,1603.0,46.0,-2.23,0.04,-1.04,-0.11,1.14,1.69,7.73,294.0,TEST2RR,AKR_TEST2RR,0.0,1.0,1.0,100.0
85720,1,walk,walk,7088,,7088.0,20.0,0.0,0.0,1.0,1.78,-0.052,-2.422,0.0,34.0,25.9,0.0,9.0,1603.0,46.0,-2.54,0.05,-1.05,-0.11,2.65,1.63,14.15,294.0,TEST2RR,AKR_TEST2RR,0.0,1.0,1.0,100.0
85720,1,walk,walk,7089,,7089.0,20.0,0.0,0.0,1.0,1.74,-0.085,-1.91,0.0,34.0,25.93,0.0,9.0,1603.0,46.0,-2.77,0.05,-1.05,-0.11,4.19,1.56,21.53,294.0,TEST2RR,AKR_TEST2RR,0.0,1.0,1.0,100.0
85760,1,walk,walk,7090,,7090.0,20.0,0.0,0.0,1.0,1.72,-0.097,-0.122,0.0,34.0,25.93,0.0,9.0,1603.0,46.0,-2.93,0.05,-1.06,-0.11,5.57,1.33,29.68,294.0,TEST2RR,AKR_TEST2RR,0.0,1.0,1.0,100.0
85760,1,walk,walk,7091,,7091.0,20.0,0.0,0.0,1.0,1.71,-0.088,1.095,0.0,34.0,25.93,0.0,9.0,1603.0,46.0,-3.03,0.06,-1.08,-0.12,6.65,0.78,38.26,294.0,TEST2RR,AKR_TEST2RR,0.0,1.0,1.0,100.0
85780,1,walk,walk,7092,,7092.0,20.0,0.0,0.0,1.0,1.72,-0.073,0.912,0.0,34.0,25.93,0.0,9.0,1603.0,46.0,-3.06,0.06,-1.1,-0.11,7.3,-0.2,46.95,294.0,TEST2RR,AKR_TEST2RR,0.0,1.0,1.0,100.0
85820,1,walk,walk,7093,,7093.0,20.0,0.0,0.0,1.0,1.77,-0.053,1.639,0.0,34.0,25.93,0.0,9.0,1603.0,46.0,-2.97,0.06,-1.12,-0.11,7.44,-1.64,55.37,294.0,TEST2RR,AKR_TEST2RR,0.0,1.0,1.0,100.0
85840,1,walk,walk,7094,,7094.0,20.0,0.0,0.0,1.0,1.87,-0.03,1.789,0.0,34.0,25.9,0.0,9.0,1603.0,46.0,-2.74,0.05,-1.14,-0.11,7.08,-3.59,63.18,294.0,TEST2RR,AKR_TEST2RR,0.0,1.0,1.0,100.0
85860,1,walk,walk,7095,,7095.0,20.0,0.0,0.0,1.0,2.03,-0.007,1.604,0.0,34.0,25.93,0.0,9.0,1603.0,46.0,-2.36,0.05,-1.16,-0.11,6.28,-6.1,70.02,294.0,TEST2RR,AKR_TEST2RR,0.0,1.0,1.0,100.0
85860,1,walk,walk,7096,,7096.0,20.0,0.0,0.0,1.0,2.26,0.001,-0.241,0.0,34.0,25.93,0.0,9.0,1603.0,46.0,-1.88,0.04,-1.17,-0.11,5.2,-9.12,75.53,294.0,TEST2RR,AKR_TEST2RR,0.0,1.0,1.0,100.0
85880,1,walk,walk,7097,,7097.0,20.0,0.0,0.0,1.0,2.56,-0.002,-0.314,0.0,34.0,25.93,0.0,9.0,1603.0,46.0,-1.39,0.03,-1.18,-0.11,4.0,-12.57,79.31,294.0,TEST2RR,AKR_TEST2RR,0.0,1.0,1.0,100.0
85900,1,walk,walk,7098,,7098.0,20.0,0.0,0.0,1.0,2.95,-0.007,-0.381,0.0,34.0,25.93,0.0,9.0,1603.0,46.0,-0.99,0.02,-1.17,-0.1,2.83,-16.27,81.0,294.0,TEST2RR,AKR_TEST2RR,0.0,1.0,1.0,100.0
85920,1,walk,walk,7099,,7099.0,20.0,0.0,0.0,1.0,3.43,-0.014,-0.604,0.0,34.0,25.93,0.0,9.0,1603.0,46.0,-0.77,0.02,-1.16,-0.1,1.81,-19.96,80.35,294.0,TEST2RR,AKR_TEST2RR,0.0,1.0,1.0,100.0
85940,1,walk,walk,7100,,7100.0,20.0,0.0,0.0,1.0,4.0,-0.03,-1.212,0.0,34.0,25.93,0.0,9.0,1603.0,46.0,-0.78,0.02,-1.14,-0.1,0.98,-23.22,77.32,294.0,TEST2RR,AKR_TEST2RR,0.0,1.0,1.0,100.0
85980,1,walk,walk,7101,,7101.0,20.0,0.0,0.0,1.0,4.65,-0.042,-0.587,0.0,34.0,25.93,0.0,9.0,1603.0,46.0,-1.06,0.02,-1.11,-0.09,0.36,-25.6,71.92,294.0,TEST2RR,AKR_TEST2RR,0.0,1.0,1.0,100.0
86020,1,walk,walk,7102,,7102.0,20.0,0.0,0.0,1.0,5.38,-0.051,-0.648,0.0,34.0,25.93,0.0,9.0,1603.0,46.0,-1.59,0.03,-1.08,-0.09,-0.06,-26.68,64.32,294.0,TEST2RR,AKR_TEST2RR,0.0,1.0,1.0,100.0
86020,1,walk,walk,7103,,7103.0,20.0,0.0,0.0,1.0,6.18,-0.058,-0.244,0.0,34.0,25.93,0.0,9.0,1603.0,46.0,-2.29,0.04,-1.05,-0.08,-0.32,-26.14,54.77,294.0,TEST2RR,AKR_TEST2RR,0.0,1.0,1.0,100.0
86040,1,walk,walk,7104,,7104.0,20.0,0.0,0.0,1.0,7.03,-0.059,-0.003,0.0,34.0,25.93,0.0,9.0,1603.0,46.0,-3.06,0.05,-1.02,-0.08,-0.43,-23.83,43.59,294.0,TEST2RR,AKR_TEST2RR,0.0,1.0,1.0,100.0
86040,1,walk,walk,7105,,7105.0,20.0,0.0,6.0,2.0,7.92,-0.058,0.058,0.0,34.0,25.93,0.0,9.0,1603.0,46.0,-3.73,0.06,-0.99,-0.07,-0.4,-19.87,31.17,294.0,TEST2RR,AKR_TEST2RR,0.0,1.0,1.0,100.0
86060,1,walk,walk,7106,,7106.0,20.0,0.0,6.0,2.0,8.81,-0.058,0.081,0.016,34.0,25.9,0.0,18.0,1603.0,46.0,-4.15,0.07,-0.96,-0.07,-0.22,-14.69,17.83,294.0,TEST2RR,AKR_TEST2RR,0.0,1.0,1.0,100.0
86080,1,walk,walk,7107,,7107.0,20.0,0.0,6.0,2.0,9.69,-0.038,1.687,0.541,34.0,25.86,0.0,18.0,1603.0,46.0,-4.16,0.07,-0.94,-0.07,0.12,-8.78,3.89,294.0,TEST2RR,AKR_TEST2RR,0.0,1.0,1.0,100.0
86100,1,walk,walk,7108,,7108.0,20.0,0.0,6.0,2.0,10.53,-0.021,0.7,0.884,34.0,25.86,0.0,18.0,1603.0,46.0,-3.67,0.06,-0.92,-0.08,0.58,-2.67,-10.23,294.0,TEST2RR,AKR_TEST2RR,0.0,1.0,1.0,100.0
86120,1,walk,walk,7109,,7109.0,20.0,1.0,6.0,2.0,11.32,-0.013,0.459,0.715,34.0,25.9,0.0,19.0,1603.0,46.0,-2.64,0.04,-0.91,-0.09,1.09,3.12,-24.05,294.0,TEST2RR,AKR_TEST2RR,0.0,1.0,1.0,100.0
86140,1,walk,walk,7110,,7110.0,20.0,0.0,6.0,2.0,12.01,-0.007,0.25,0.439,34.0,25.9,0.0,18.0,1603.0,46.0,-1.1,0.02,-0.91,-0.1,1.56,8.21,-37.07,294.0,TEST2RR,AKR_TEST2RR,0.0,1.0,1.0,100.0
86180,1,walk,walk,7111,,7111.0,20.0,1.0,6.0,2.0,12.61,-0.004,0.167,0.126,34.0,25.9,0.0,19.0,1603.0,46.0,0.88,-0.01,-0.9,-0.11,1.88,12.41,-48.85,294.0,TEST2RR,AKR_TEST2RR,0.0,1.0,1.0,100.0
86200,1,walk,walk,7112,,7112.0,20.0,1.0,6.0,2.0,13.07,-0.001,0.281,-0.431,34.0,25.9,0.0,19.0,1603.0,46.0,3.2,-0.05,-0.9,-0.12,1.94,15.58,-59.01,294.0,TEST2RR,AKR_TEST2RR,0.0,1.0,1.0,100.0
86220,1,walk,walk,7113,,7113.0,20.0,1.0,6.0,2.0,13.4,0.003,0.346,-0.969,34.0,25.9,0.0,19.0,1603.0,46.0,5.76,-0.09,-0.9,-0.14,1.65,17.65,-67.27,294.0,TEST2RR,AKR_TEST2RR,0.0,1.0,1.0,100.0
86240,1,walk,walk,7114,,7114.0,20.0,1.0,6.0,2.0,13.58,0.007,0.31,-1.354,34.0,25.86,0.0,19.0,1603.0,46.0,8.48,-0.13,-0.9,-0.15,0.94,18.65,-73.45,294.0,TEST2RR,AKR_TEST2RR,0.0,1.0,1.0,100.0
86240,1,walk,walk,7115,,7115.0,20.0,1.0,6.0,2.0,13.61,0.012,0.222,-1.848,34.0,25.86,0.0,19.0,1603.0,46.0,11.24,-0.18,-0.91,-0.16,-0.17,18.66,-77.43,294.0,TEST2RR,AKR_TEST2RR,0.0,1.0,1.0,100.0
86260,1,walk,walk,7116,,7116.0,20.0,1.0,6.0,2.0,13.48,0.016,0.237,-2.194,34.0,25.83,0.0,19.0,1603.0,46.0,13.96,-0.23,-0.91,-0.17,-1.61,17.83,-79.18,294.0,TEST2RR,AKR_TEST2RR,0.0,1.0,1.0,100.0
86280,1,walk,walk,7117,,7117.0,20.0,1.0,6.0,2.0,13.2,0.019,0.148,-2.46,34.0,25.79,0.0,19.0,1603.0,46.0,16.44,-0.27,-0.92,-0.17,-3.28,16.34,-78.72,294.0,TEST2RR,AKR_TEST2RR,0.0,1.0,1.0,100.0
86300,1,walk,walk,7118,,7118.0,20.0,1.0,6.0,2.0,12.78,0.024,0.718,-3.604,34.0,25.72,0.0,19.0,1603.0,46.0,18.31,-0.31,-0.94,-0.17,-4.8,14.86,-75.98,294.0,TEST2RR,AKR_TEST2RR,0.0,1.0,1.0,100.0
86340,1,walk,walk,7119,,7119.0,20.0,1.0,6.0,2.0,12.23,0.035,0.385,-4.606,34.0,25.54,0.0,19.0,1603.0,46.0,19.4,-0.34,-0.96,-0.15,-5.82,13.74,-71.01,294.0,TEST2RR,AKR_TEST2RR,0.0,1.0,1.0,100.0
86360,1,walk,walk,7120,,7120.0,20.0,1.0,6.0,2.0,11.57,0.042,0.559,-5.858,34.0,25.33,0.0,19.0,1603.0,46.0,19.84,-0.36,-0.99,-0.13,-6.36,13.11,-64.16,294.0,TEST2RR,AKR_TEST2RR,0.0,1.0,1.0,100.0
86360,1,walk,walk,7121,,7121.0,20.0,1.0,6.0,2.0,10.82,0.043,-0.22,-5.011,34.0,25.4,0.0,19.0,1603.0,46.0,19.77,-0.37,-1.02,-0.11,-6.48,12.68,-55.98,294.0,TEST2RR,AKR_TEST2RR,0.0,1.0,1.0,100.0
86400,1,walk,walk,7122,,7122.0,20.0,1.0,6.0,2.0,9.99,0.039,-0.361,-4.362,34.0,25.54,0.0,19.0,1603.0,46.0,19.31,-0.37,-1.05,-0.09,-6.29,12.18,-46.93,294.0,TEST2RR,AKR_TEST2RR,0.0,1.0,1.0,100.0
86400,1,walk,walk,7123,,7123.0,20.0,1.0,6.0,2.0,9.12,0.03,-0.714,-3.02,34.0,25.69,0.0,19.0,1603.0,46.0,18.56,-0.36,-1.07,-0.07,-5.94,11.38,-37.43,294.0,TEST2RR,AKR_TEST2RR,0.0,1.0,1.0,100.0
86420,1,walk,walk,7124,,7124.0,20.0,1.0,6.0,2.0,8.23,0.02,-0.62,-1.986,34.0,25.79,0.0,19.0,1603.0,46.0,17.62,-0.35,-1.09,-0.06,-5.5,10.22,-27.92,294.0,TEST2RR,AKR_TEST2RR,0.0,1.0,1.0,100.0
86440,1,walk,walk,7125,,7125.0,20.0,1.0,6.0,2.0,7.33,0.013,-0.441,-1.368,34.0,25.86,0.0,19.0,1603.0,46.0,16.6,-0.33,-1.11,-0.05,-5.02,8.77,-18.83,294.0,TEST2RR,AKR_TEST2RR,0.0,1.0,1.0,100.0
86460,1,walk,walk,7126,,7126.0,20.0,1.0,6.0,2.0,6.45,0.007,-0.461,-0.598,34.0,25.9,0.0,19.0,1603.0,46.0,15.54,-0.31,-1.12,-0.04,-4.51,7.13,-10.51,294.0,TEST2RR,AKR_TEST2RR,0.0,1.0,1.0,100.0
86520,1,walk,walk,7127,,7127.0,20.0,1.0,6.0,2.0,5.62,0.002,-0.201,-0.116,34.0,25.9,0.0,19.0,1603.0,46.0,14.48,-0.29,-1.12,-0.04,-3.99,5.43,-3.24,294.0,TEST2RR,AKR_TEST2RR,0.0,1.0,1.0,100.0
86520,1,walk,walk,7128,,7128.0,20.0,1.0,6.0,2.0,4.84,0.001,-0.154,0.126,34.0,25.9,0.0,19.0,1603.0,46.0,13.47,-0.27,-1.12,-0.04,-3.44,3.78,2.8,294.0,TEST2RR,AKR_TEST2RR,0.0,1.0,1.0,100.0
86520,1,walk,walk,7129,,7129.0,20.0,1.0,6.0,2.0,4.13,-0.001,0.052,0.185,34.0,25.9,0.0,19.0,1603.0,46.0,12.53,-0.25,-1.12,-0.04,-2.9,2.31,7.51,294.0,TEST2RR,AKR_TEST2RR,0.0,1.0,1.0,100.0
86540,1,walk,walk,7130,,7130.0,20.0,1.0,6.0,2.0,3.5,-0.001,-0.013,0.173,34.0,25.9,0.0,19.0,1603.0,46.0,11.66,-0.23,-1.11,-0.04,-2.39,1.13,10.85,294.0,TEST2RR,AKR_TEST2RR,0.0,1.0,1.0,100.0
86560,1,walk,walk,7131,,7131.0,20.0,1.0,6.0,2.0,2.96,-0.001,-0.011,0.073,34.0,25.9,0.0,19.0,1603.0,46.0,10.87,-0.21,-1.1,-0.04,-1.96,0.28,12.86,294.0,TEST2RR,AKR_TEST2RR,0.0,1.0,1.0,100.0
86580,1,walk,walk,7132,,7132.0,20.0,1.0,6.0,2.0,2.51,-0.001,0.058,0.082,34.0,25.9,0.0,19.0,1603.0,46.0,10.15,-0.2,-1.09,-0.05,-1.63,-0.26,13.65,294.0,TEST2RR,AKR_TEST2RR,0.0,1.0,1.0,100.0
86600,1,walk,walk,7133,,7133.0,20.0,1.0,6.0,2.0,2.16,0.0,0.08,-0.209,34.0,25.9,0.0,19.0,1603.0,46.0,9.47,-0.18,-1.08,-0.05,-1.41,-0.5,13.38,294.0,TEST2RR,AKR_TEST2RR,0.0,1.0,1.0,100.0
86620,1,walk,walk,7134,,7134.0,20.0,1.0,6.0,2.0,1.9,0.002,0.159,-0.642,34.0,25.9,0.0,19.0,1603.0,46.0,8.83,-0.17,-1.07,-0.06,-1.27,-0.5,12.25,294.0,TEST2RR,AKR_TEST2RR,0.0,1.0,1.0,100.0
86660,1,walk,walk,7135,,7135.0,20.0,1.0,6.0,2.0,1.72,0.005,0.199,-1.025,34.0,25.86,0.0,19.0,1603.0,46.0,8.22,-0.15,-1.06,-0.06,-1.19,-0.29,10.45,295.0,TEST2RR,AKR_TEST2RR,0.0,1.0,1.0,100.0
86680,1,walk,walk,7136,,7136.0,20.0,1.0,6.0,2.0,1.63,0.01,0.297,-1.597,34.0,25.86,0.0,19.0,1603.0,46.0,7.61,-0.14,-1.06,-0.07,-1.15,0.1,8.16,295.0,TEST2RR,AKR_TEST2RR,0.0,1.0,1.0,100.0
86680,1,walk,walk,7137,,7137.0,20.0,1.0,6.0,2.0,1.6,0.015,0.316,-2.194,34.0,25.83,0.0,19.0,1603.0,46.0,7.01,-0.13,-1.05,-0.07,-1.13,0.62,5.56,295.0,TEST2RR,AKR_TEST2RR,0.0,1.0,1.0,100.0
86720,1,walk,walk,7138,,7138.0,20.0,1.0,6.0,2.0,1.62,0.02,0.25,-2.698,34.0,25.79,0.0,19.0,1603.0,46.0,6.41,-0.12,-1.04,-0.07,-1.1,1.24,2.81,295.0,TEST2RR,AKR_TEST2RR,0.0,1.0,1.0,100.0
86720,1,walk,walk,7139,,7139.0,20.0,1.0,6.0,2.0,1.7,0.024,0.292,-3.173,34.0,25.72,0.0,19.0,1603.0,46.0,5.81,-0.11,-1.04,-0.08,-1.07,1.92,0.08,295.0,TEST2RR,AKR_TEST2RR,0.0,1.0,1.0,100.0
86760,1,walk,walk,7140,,7140.0,20.0,1.0,6.0,2.0,1.81,0.027,0.174,-3.48,34.0,25.69,0.0,19.0,1603.0,46.0,5.19,-0.09,-1.04,-0.08,-1.03,2.58,-2.45,295.0,TEST2RR,AKR_TEST2RR,0.0,1.0,1.0,100.0
86760,1,walk,walk,7141,,7141.0,20.0,1.0,6.0,2.0,1.94,0.028,0.135,-3.527,34.0,25.65,0.0,19.0,1603.0,46.0,4.56,-0.08,-1.03,-0.09,-0.96,3.13,-4.58,295.0,TEST2RR,AKR_TEST2RR,0.0,1.0,1.0,100.0
86780,1,walk,walk,7142,,7142.0,20.0,1.0,6.0,2.0,2.08,0.028,0.036,-3.489,34.0,25.65,0.0,19.0,1603.0,46.0,3.89,-0.07,-1.03,-0.09,-0.85,3.49,-6.11,295.0,TEST2RR,AKR_TEST2RR,0.0,1.0,1.0,100.0
86840,1,walk,walk,7143,,7143.0,20.0,1.0,0.0,5.0,2.23,0.027,-0.156,-3.057,34.0,25.72,0.0,19.0,2021.0,46.0,3.18,-0.06,-1.03,-0.09,-0.64,3.6,-6.84,295.0,TEST2RR,AKR_TEST2RR,0.0,1.0,1.0,100.0
86840,1,walk,walk,7144,,7144.0,20.0,0.0,0.0,6.0,2.37,0.021,-0.461,-2.248,34.0,25.72,0.0,19.0,2021.0,46.0,2.5,-0.05,-1.03,-0.1,-0.31,3.37,-6.87,295.0,TEST2RR,AKR_TEST2RR,0.0,1.0,1.0,100.0
86840,1,walk,walk,7145,,7145.0,20.0,0.0,0.0,7.0,2.49,0.021,-0.461,-2.248,34.0,25.72,0.0,39.0,2021.0,46.0,1.86,-0.03,-1.03,-0.1,0.2,2.89,-6.12,295.0,TEST2RR,AKR_TEST2RR,0.0,1.0,1.0,100.0
86860,1,walk,walk,7146,,7146.0,20.0,0.0,0.0,7.0,2.6,0.021,-0.461,-2.248,34.0,25.72,0.0,59.0,2021.0,46.0,1.25,-0.02,-1.03,-0.11,0.92,2.27,-4.39,295.0,TEST2RR,AKR_TEST2RR,0.0,1.0,1.0,100.0
86880,1,walk,walk,7147,,7147.0,20.0,0.0,0.0,1.0,2.7,0.004,-4.891,0.0,34.0,25.97,0.0,6.0,2021.0,46.0,0.71,-0.01,-1.04,-0.11,1.84,1.59,-1.68,295.0,TEST2RR,AKR_TEST2RR,0.0,1.0,1.0,100.0
86900,1,walk,walk,7148,,7148.0,20.0,0.0,0.0,1.0,2.77,-0.008,-0.812,0.0,34.0,25.93,0.0,6.0,2021.0,46.0,0.27,0.0,-1.04,-0.12,2.93,0.86,1.95,295.0,TEST2RR,AKR_TEST2RR,0.0,1.0,1.0,100.0
86920,1,walk,walk,7149,,7149.0,20.0,0.0,0.0,1.0,2.82,-0.024,-1.378,0.0,34.0,25.93,0.0,6.0,2021.0,46.0,-0.07,0.0,-1.04,-0.12,4.1,0.11,6.42,295.0,TEST2RR,AKR_TEST2RR,0.0,1.0,1.0,100.0
86940,1,walk,walk,7150,,7150.0,20.0,0.0,0.0,1.0,2.85,-0.038,-0.452,0.0,34.0,25.93,0.0,6.0,2021.0,46.0,-0.34,0.01,-1.05,-0.12,5.28,-0.73,11.62,295.0,TEST2RR,AKR_TEST2RR,0.0,1.0,1.0,100.0
86960,1,walk,walk,7151,,7151.0,20.0,0.0,0.0,1.0,2.88,-0.038,0.017,0.0,34.0,25.9,0.0,6.0,2021.0,46.0,-0.58,0.01,-1.06,-0.12,6.38,-1.68,17.41,295.0,TEST2RR,AKR_TEST2RR,0.0,1.0,1.0,100.0
87000,1,walk,walk,7152,,7152.0,20.0,0.0,0.0,1.0,2.9,-0.038,0.011,0.0,34.0,25.93,0.0,6.0,2021.0,46.0,-0.8,0.01,-1.07,-0.12,7.29,-2.78,23.75,295.0,TEST2RR,AKR_TEST2RR,0.0,1.0,1.0,100.0
87000,1,walk,walk,7153,,7153.0,20.0,0.0,0.0,1.0,2.93,-0.038,0.144,0.0,34.0,25.93,0.0,6.0,2021.0,46.0,-1.01,0.02,-1.08,-0.12,7.9,-4.05,30.57,295.0,TEST2RR,AKR_TEST2RR,0.0,1.0,1.0,100.0
87020,1,walk,walk,7154,,7154.0,20.0,0.0,0.0,1.0,2.97,-0.033,0.569,0.0,34.0,25.93,0.0,6.0,2021.0,46.0,-1.18,0.02,-1.1,-0.12,8.13,-5.59,37.77,295.0,TEST2RR,AKR_TEST2RR,0.0,1.0,1.0,100.0
87060,1,walk,walk,7155,,7155.0,20.0,0.0,0.0,1.0,3.03,-0.02,0.878,0.0,34.0,25.93,0.0,6.0,2021.0,46.0,-1.27,0.02,-1.12,-0.12,7.92,-7.45,45.15,295.0,TEST2RR,AKR_TEST2RR,0.0,1.0,1.0,100.0
87060,1,walk,walk,7156,,7156.0,20.0,0.0,0.0,1.0,3.13,0.001,1.636,0.0,34.0,25.93,0.0,6.0,2021.0,46.0,-1.26,0.03,-1.14,-0.12,7.27,-9.64,52.34,295.0,TEST2RR,AKR_TEST2RR,0.0,1.0,1.0,100.0
87080,1,walk,walk,7157,,7157.0,20.0,1.0,6.0,2.0,3.28,0.022,1.241,0.0,34.0,25.93,0.0,7.0,2021.0,46.0,-1.14,0.02,-1.16,-0.12,6.26,-12.12,58.87,295.0,TEST2RR,AKR_TEST2RR,0.0,1.0,1.0,100.0
87100,1,walk,walk,7158,,7158.0,20.0,0.0,6.0,2.0,3.47,0.026,0.597,-0.045,34.0,25.9,0.0,18.0,2021.0,46.0,-0.92,0.02,-1.17,-0.12,5.02,-14.89,64.31,295.0,TEST2RR,AKR_TEST2RR,0.0,1.0,1.0,100.0
87160,1,walk,walk,7159,,7159.0,20.0,0.0,6.0,2.0,3.73,0.015,-0.782,-0.135,34.0,25.9,0.0,18.0,2021.0,46.0,-0.7,0.01,-1.18,-0.11,3.68,-17.86,68.2,295.0,TEST2RR,AKR_TEST2RR,0.0,1.0,1.0,100.0
87160,1,walk,walk,7160,,7160.0,20.0,1.0,6.0,2.0,4.06,0.007,-0.352,0.005,34.0,25.9,0.0,19.0,2021.0,46.0,-0.54,0.01,-1.17,-0.11,2.35,-20.95,70.13,295.0,TEST2RR,AKR_TEST2RR,0.0,1.0,1.0,100.0
87160,1,walk,walk,7161,,7161.0,20.0,0.0,6.0,2.0,4.46,0.002,-0.355,0.256,34.0,25.9,0.0,18.0,2021.0,46.0,-0.53,0.01,-1.16,-0.11,1.11,-23.96,69.76,295.0,TEST2RR,AKR_TEST2RR,0.0,1.0,1.0,100.0
87180,1,walk,walk,7162,,7162.0,20.0,0.0,6.0,2.0,4.93,-0.001,-0.177,0.417,34.0,25.9,0.0,18.0,2021.0,46.0,-0.73,0.01,-1.14,-0.11,0.0,-26.63,66.95,295.0,TEST2RR,AKR_TEST2RR,0.0,1.0,1.0,100.0
87200,1,walk,walk,7163,,7163.0,20.0,1.0,6.0,2.0,5.48,-0.002,-0.099,0.443,34.0,25.9,0.0,19.0,2021.0,46.0,-1.16,0.02,-1.12,-0.1,-0.99,-28.6,61.69,295.0,TEST2RR,AKR_TEST2RR,0.0,1.0,1.0,100.0
87220,1,walk,walk,7164,,7164.0,20.0,1.0,6.0,2.0,6.09,-0.003,0.009,0.482,34.0,25.9,0.0,19.0,2021.0,46.0,-1.83,0.03,-1.09,-0.1,-1.86,-29.54,54.12,295.0,TEST2RR,AKR_TEST2RR,0.0,1.0,1.0,100.0
87240,1,walk,walk,7165,,7165.0,20.0,1.0,1.0,5.0,6.75,-0.004,0.052,0.42,34.0,25.9,0.0,19.0,2021.0,47.0,-2.69,0.05,-1.05,-0.09,-2.62,-29.14,44.52,295.0,TEST2RR,AKR_TEST2RR,0.0,1.0,1.0,100.0
87260,1,walk,walk,7166,,7166.0,20.0,0.0,1.0,5.0,7.46,-0.004,0.007,0.424,34.0,25.83,0.0,19.0,2021.0,47.0,-3.61,0.06,-1.01,-0.09,-3.2,-27.3,33.59,295.0,TEST2RR,AKR_TEST2RR,0.0,1.0,1.0,100.0
87320,1,walk,walk,7167,,7167.0,20.0,0.0,1.0,5.0,8.19,-0.045,-3.454,-0.998,34.0,25.83,0.0,19.0,2021.0,47.0,-4.43,0.08,-0.98,-0.09,-3.48,-24.01,21.94,295.0,TEST2RR,AKR_TEST2RR,0.0,1.0,1.0,100.0
87320,1,walk,walk,7168,,7168.0,20.0,0.0,1.0,5.0,8.93,-0.093,-2.786,-1.697,34.0,25.76,0.0,19.0,2021.0,47.0,-5.0,0.08,-0.94,-0.09,-3.4,-19.48,9.96,295.0,TEST2RR,AKR_TEST2RR,0.0,1.0,1.0,100.0
87320,1,walk,walk,7169,,7169.0,20.0,0.0,1.0,6.0,9.65,-0.13,-2.236,-2.636,34.0,25.65,0.0,19.0,2021.0,47.0,-5.15,0.08,-0.91,-0.09,-3.0,-14.14,-2.14,295.0,TEST2RR,AKR_TEST2RR,0.0,1.0,1.0,100.0
87360,1,walk,walk,7170,,7170.0,20.0,0.0,1.0,6.0,10.33,-0.159,-1.82,-3.361,34.0,25.58,0.0,19.0,2021.0,47.0,-4.74,0.07,-0.89,-0.09,-2.32,-8.62,-14.11,295.0,TEST2RR,AKR_TEST2RR,0.0,1.0,1.0,100.0
87360,1,walk,walk,7171,,7171.0,20.0,0.0,1.0,6.0,10.94,-0.179,-1.198,-4.236,34.0,25.47,0.0,19.0,2021.0,47.0,-3.68,0.06,-0.87,-0.1,-1.46,-3.54,-25.75,295.0,TEST2RR,AKR_TEST2RR,0.0,1.0,1.0,100.0
87380,1,walk,walk,7172,,7172.0,20.0,0.0,1.0,6.0,11.48,-0.193,-0.648,-5.057,34.0,25.37,0.0,19.0,2021.0,47.0,-1.93,0.03,-0.86,-0.1,-0.56,0.68,-36.76,295.0,TEST2RR,AKR_TEST2RR,0.0,1.0,1.0,100.0
87400,1,walk,walk,7173,,7173.0,20.0,0.0,1.0,6.0,11.92,-0.202,-0.5,-5.635,34.0,25.26,0.0,19.0,2021.0,47.0,0.46,-0.01,-0.85,-0.12,0.2,3.87,-46.74,295.0,TEST2RR,AKR_TEST2RR,0.0,1.0,1.0,100.0
87420,1,walk,walk,7174,,7174.0,20.0,0.0,1.0,6.0,12.24,-0.208,-0.299,-6.122,34.0,25.19,0.0,19.0,2021.0,47.0,3.37,-0.05,-0.85,-0.13,0.57,6.11,-55.24,295.0,TEST2RR,AKR_TEST2RR,0.0,1.0,1.0,100.0
87440,1,walk,walk,7175,,7175.0,20.0,0.0,1.0,6.0,12.44,-0.21,-0.079,-6.562,34.0,25.09,0.0,19.0,2021.0,47.0,6.66,-0.1,-0.85,-0.14,0.43,7.56,-61.77,295.0,TEST2RR,AKR_TEST2RR,0.0,1.0,1.0,100.0
87460,1,walk,walk,7176,,7176.0,20.0,0.0,1.0,6.0,12.51,-0.21,0.015,-6.954,34.0,25.02,0.0,19.0,2021.0,47.0,10.04,-0.15,-0.87,-0.15,0.1,8.95,-65.66,295.0,TEST2RR,AKR_TEST2RR,0.0,1.0,1.0,100.0
87480,1,walk,walk,7177,,7177.0,20.0,0.0,1.0,6.0,12.44,-0.204,0.734,-8.236,34.0,24.74,0.0,19.0,2021.0,47.0,13.09,-0.21,-0.89,-0.15,-0.04,10.91,-66.47,295.0,TEST2RR,AKR_TEST2RR,0.0,1.0,1.0,100.0
87500,1,walk,walk,7178,,7178.0,20.0,0.0,3.0,7.0,12.24,-0.199,0.308,-8.069,34.0,24.74,0.0,19.0,2021.0,47.0,15.47,-0.25,-0.92,-0.14,0.11,13.63,-64.27,295.0,TEST2RR,AKR_TEST2RR,0.0,1.0,1.0,100.0
87520,1,walk,walk,7179,,7179.0,20.0,0.0,3.0,7.0,11.92,-0.188,0.861,-9.24,34.0,24.42,0.0,19.0,2021.0,47.0,17.1,-0.29,-0.95,-0.13,0.48,16.88,-59.37,295.0,TEST2RR,AKR_TEST2RR,0.0,1.0,1.0,100.0
87540,1,walk,walk,7180,,7180.0,20.0,0.0,3.0,7.0,11.49,-0.176,0.955,-9.754,34.0,24.28,0.0,19.0,2021.0,47.0,18.07,-0.32,-0.99,-0.1,0.89,20.08,-52.37,295.0,TEST2RR,AKR_TEST2RR,0.0,1.0,1.0,100.0
87560,1,walk,walk,7181,,7181.0,20.0,0.0,3.0,7.0,10.97,-0.157,1.357,-10.499,34.0,24.07,0.0,19.0,2021.0,47.0,18.53,-0.34,-1.01,-0.08,1.12,22.52,-43.99,295.0,TEST2RR,AKR_TEST2RR,0.0,1.0,1.0,100.0
87580,1,walk,walk,7182,,7182.0,20.0,0.0,3.0,7.0,10.37,-0.136,1.339,-10.319,34.0,24.18,0.0,19.0,2021.0,47.0,18.64,-0.35,-1.04,-0.06,1.07,23.91,-34.92,295.0,TEST2RR,AKR_TEST2RR,0.0,1.0,1.0,100.0
87600,1,walk,walk,7183,,7183.0,20.0,0.0,3.0,7.0,9.72,-0.118,0.8,-8.657,34.0,24.7,0.0,19.0,2021.0,47.0,18.5,-0.36,-1.06,-0.04,0.78,24.03,-25.77,296.0,TEST2RR,AKR_TEST2RR,0.0,1.0,1.0,100.0
87640,1,walk,walk,7184,,7184.0,20.0,0.0,3.0,7.0,9.04,-0.106,0.511,-6.866,34.0,25.16,0.0,19.0,2021.0,47.0,18.24,-0.36,-1.08,-0.02,0.38,22.88,-16.97,296.0,TEST2RR,AKR_TEST2RR,0.0,1.0,1.0,100.0
87660,1,walk,walk,7185,,7185.0,20.0,0.0,3.0,7.0,8.35,-0.102,0.062,-4.643,34.0,25.51,0.0,19.0,2021.0,47.0,17.9,-0.35,-1.09,-0.02,0.01,20.68,-8.85,296.0,TEST2RR,AKR_TEST2RR,0.0,1.0,1.0,100.0
87680,1,walk,walk,7186,,7186.0,20.0,0.0,0.0,1.0,7.68,-0.102,0.005,-3.12,34.0,25.72,0.0,19.0,2021.0,47.0,17.53,-0.35,-1.1,-0.02,-0.25,17.72,-1.7,296.0,TEST2RR,AKR_TEST2RR,0.0,1.0,1.0,100.0
87680,1,walk,walk,7187,,7187.0,20.0,0.0,0.0,1.0,7.04,-0.102,0.005,-3.12,34.0,25.72,0.0,39.0,2021.0,47.0,17.22,-0.34,-1.1,-0.02,-0.38,14.19,4.07,296.0,TEST2RR,AKR_TEST2RR,0.0,1.0,1.0,100.0
87700,1,walk,walk,7188,,7188.0,20.0,0.0,0.0,1.0,6.46,-0.102,0.005,-3.12,34.0,25.72,0.0,59.0,2021.0,47.0,16.93,-0.34,-1.1,-0.02,-0.36,10.43,8.46,296.0,TEST2RR,AKR_TEST2RR,0.0,1.0,1.0,100.0
87720,1,walk,walk,7189,,7189.0,20.0,0.0,0.0,1.0,5.93,-0.102,0.005,-3.12,34.0,25.72,0.0,79.0,2021.0,47.0,16.63,-0.33,-1.1,-0.02,-0.19,6.8,11.64,296.0,TEST2RR,AKR_TEST2RR,0.0,1.0,1.0,100.0
87740,1,walk,walk,7190,,7190.0,20.0,0.0,0.0,1.0,5.49,-0.077,3.066,0.0,34.0,25.93,0.0,9.0,2021.0,47.0,16.33,-0.32,-1.1,-0.03,0.09,3.53,13.78,296.0,TEST2RR,AKR_TEST2RR,0.0,1.0,1.0,100.0
87780,1,walk,walk,7191,,7191.0,20.0,0.0,0.0,1.0,5.12,-0.073,0.385,0.0,34.0,25.9,0.0,9.0,2021.0,47.0,16.01,-0.31,-1.09,-0.03,0.4,0.78,14.88,296.0,TEST2RR,AKR_TEST2RR,0.0,1.0,1.0,100.0
87780,1,walk,walk,7192,,7192.0,20.0,0.0,0.0,1.0,4.84,-0.063,0.942,0.0,34.0,25.9,0.0,9.0,2021.0,47.0,15.68,-0.3,-1.08,-0.04,0.68,-1.37,14.91,296.0,TEST2RR,AKR_TEST2RR,0.0,1.0,1.0,100.0
87820,1,walk,walk,7193,,7193.0,20.0,0.0,0.0,1.0,4.65,-0.05,0.758,0.0,34.0,25.93,0.0,9.0,2021.0,47.0,15.3,-0.29,-1.07,-0.04,0.86,-2.93,13.82,296.0,TEST2RR,AKR_TEST2RR,0.0,1.0,1.0,100.0
87820,1,walk,walk,7194,,7194.0,20.0,0.0,0.0,1.0,4.54,-0.033,1.405,0.0,34.0,25.9,0.0,9.0,2021.0,47.0,14.87,-0.28,-1.06,-0.04,0.92,-3.94,11.63,296.0,TEST2RR,AKR_TEST2RR,0.0,1.0,1.0,100.0
87840,1,walk,walk,7195,,7195.0,20.0,0.0,0.0,1.0,4.5,-0.014,1.601,0.0,34.0,25.9,0.0,9.0,2021.0,47.0,14.37,-0.27,-1.05,-0.04,0.86,-4.48,8.39,296.0,TEST2RR,AKR_TEST2RR,0.0,1.0,1.0,100.0
87860,1,walk,walk,7196,,7196.0,20.0,0.0,0.0,1.0,4.54,0.014,1.993,0.0,34.0,25.93,0.0,9.0,2021.0,47.0,13.78,-0.25,-1.04,-0.04,0.67,-4.63,4.12,296.0,TEST2RR,AKR_TEST2RR,0.0,1.0,1.0,100.0
87900,1,walk,walk,7197,,7197.0,20.0,1.0,0.0,1.0,4.63,0.048,2.395,0.0,34.0,25.9,0.0,10.0,2021.0,47.0,13.09,-0.24,-1.03,-0.05,0.39,-4.45,-1.13,296.0,TEST2RR,AKR_TEST2RR,0.0,1.0,1.0,100.0
87920,1,walk,walk,7198,,7198.0,20.0,1.0,0.0,1.0,4.76,0.083,2.202,0.0,34.0,25.93,0.0,10.0,2021.0,47.0,12.29,-0.22,-1.03,-0.05,0.01,-4.09,-7.26,296.0,TEST2RR,AKR_TEST2RR,0.0,1.0,1.0,100.0
87920,1,walk,walk,7199,,7199.0,20.0,1.0,0.0,1.0,4.92,0.107,0.911,0.0,34.0,25.93,0.0,10.0,2021.0,47.0,11.32,-0.2,-1.02,-0.05,-0.46,-3.69,-13.92,296.0,TEST2RR,AKR_TEST2RR,0.0,1.0,1.0,100.0
87940,1,walk,walk,7200,,7200.0,20.0,1.0,0.0,1.0,5.1,0.105,-0.312,0.0,34.0,25.9,0.0,10.0,2021.0,47.0,10.13,-0.18,-1.02,-0.05,-0.97,-3.31,-20.3,296.0,TEST2RR,AKR_TEST2RR,0.0,1.0,1.0,100.0
87960,1,walk,walk,7201,,7201.0,20.0,1.0,0.0,1.0,5.28,0.091,-1.249,0.0,34.0,25.9,0.0,10.0,2021.0,47.0,8.74,-0.16,-1.02,-0.06,-1.4,-2.92,-25.44,296.0,TEST2RR,AKR_TEST2RR,0.0,1.0,1.0,100.0
88000,1,walk,walk,7202,,7202.0,20.0,1.0,0.0,1.0,5.45,0.071,-1.149,0.0,34.0,25.93,0.0,10.0,2021.0,47.0,7.23,-0.13,-1.02,-0.06,-1.64,-2.53,-28.61,296.0,TEST2RR,AKR_TEST2RR,0.0,1.0,1.0,100.0
88000,1,walk,walk,7203,,7203.0,20.0,1.0,6.0,2.0,5.59,0.051,-1.553,0.0,34.0,25.9,0.0,10.0,2021.0,47.0,5.67,-0.1,-1.02,-0.07,-1.64,-2.12,-29.51,296.0,TEST2RR,AKR_TEST2RR,0.0,1.0,1.0,100.0
88020,1,walk,walk,7204,,7204.0,20.0,0.0,6.0,2.0,5.69,0.041,-1.531,0.246,34.0,25.9,0.0,18.0,2021.0,47.0,4.17,-0.07,-1.02,-0.07,-1.4,-1.68,-28.15,296.0,TEST2RR,AKR_TEST2RR,0.0,1.0,1.0,100.0
88040,1,walk,walk,7205,,7205.0,20.0,0.0,6.0,2.0,5.74,0.021,-1.306,0.482,34.0,25.9,0.0,18.0,2021.0,47.0,2.75,-0.05,-1.03,-0.08,-0.89,-1.24,-24.71,296.0,TEST2RR,AKR_TEST2RR,0.0,1.0,1.0,100.0
88060,1,walk,walk,7206,,7206.0,20.0,0.0,6.0,2.0,5.74,0.005,-0.994,1.432,34.0,25.86,0.0,18.0,2021.0,47.0,1.46,-0.03,-1.03,-0.08,-0.06,-0.94,-19.42,296.0,TEST2RR,AKR_TEST2RR,0.0,1.0,1.0,100.0
88100,1,walk,walk,7207,,7207.0,20.0,0.0,6.0,2.0,5.69,-0.01,-0.876,2.404,34.0,25.83,0.0,18.0,2021.0,47.0,0.3,-0.01,-1.04,-0.09,1.09,-0.9,-12.62,296.0,TEST2RR,AKR_TEST2RR,0.0,1.0,1.0,100.0
88120,1,walk,walk,7208,,7208.0,20.0,1.0,6.0,2.0,5.59,-0.023,-0.782,3.576,34.0,25.69,0.0,19.0,2021.0,47.0,-0.76,0.01,-1.05,-0.09,2.48,-1.19,-4.59,296.0,TEST2RR,AKR_TEST2RR,0.0,1.0,1.0,100.0
88120,1,walk,walk,7209,,7209.0,20.0,0.0,6.0,2.0,5.45,-0.025,0.246,2.791,34.0,25.72,0.0,18.0,2021.0,47.0,-1.71,0.03,-1.07,-0.09,3.97,-1.75,4.35,296.0,TEST2RR,AKR_TEST2RR,0.0,1.0,1.0,100.0
88140,1,walk,walk,7210,,7210.0,20.0,1.0,6.0,2.0,5.28,-0.019,0.475,1.81,34.0,25.83,0.0,19.0,2021.0,47.0,-2.54,0.05,-1.09,-0.09,5.43,-2.47,13.95,296.0,TEST2RR,AKR_TEST2RR,0.0,1.0,1.0,100.0
88160,1,walk,walk,7211,,7211.0,20.0,1.0,6.0,2.0,5.09,-0.01,0.543,0.872,34.0,25.9,0.0,19.0,2021.0,47.0,-3.19,0.06,-1.11,-0.09,6.71,-3.27,23.94,296.0,TEST2RR,AKR_TEST2RR,0.0,1.0,1.0,100.0
88200,1,walk,walk,7212,,7212.0,20.0,1.0,6.0,2.0,4.9,-0.004,0.272,0.185,34.0,25.9,0.0,19.0,2021.0,47.0,-3.63,0.07,-1.14,-0.09,7.71,-4.06,34.11,296.0,TEST2RR,AKR_TEST2RR,0.0,1.0,1.0,100.0
88200,1,walk,walk,7213,,7213.0,20.0,1.0,6.0,2.0,4.73,-0.001,0.22,-0.507,34.0,25.9,0.0,19.0,2021.0,47.0,-3.81,0.08,-1.16,-0.09,8.37,-4.83,44.23,296.0,TEST2RR,AKR_TEST2RR,0.0,1.0,1.0,100.0
88220,1,walk,walk,7214,,7214.0,20.0,1.0,6.0,2.0,4.58,0.003,0.211,-0.911,34.0,25.9,0.0,19.0,2021.0,47.0,-3.76,0.08,-1.18,-0.09,8.7,-5.64,53.96,296.0,TEST2RR,AKR_TEST2RR,0.0,1.0,1.0,100.0
88260,1,walk,walk,7215,,7215.0,20.0,1.0,6.0,2.0,4.48,0.004,0.006,-0.561,34.0,25.9,0.0,19.0,2021.0,47.0,-3.53,0.07,-1.2,-0.08,8.75,-6.56,62.68,296.0,TEST2RR,AKR_TEST2RR,0.0,1.0,1.0,100.0
88260,1,walk,walk,7216,,7216.0,20.0,1.0,6.0,2.0,4.44,0.004,-0.095,-0.508,34.0,25.9,0.0,19.0,2021.0,47.0,-3.22,0.07,-1.2,-0.08,8.62,-7.66,69.7,296.0,TEST2RR,AKR_TEST2RR,0.0,1.0,1.0,100.0
88280,1,walk,walk,7217,,7217.0,20.0,1.0,6.0,2.0,4.49,0.002,-0.134,-0.135,34.0,25.9,0.0,19.0,2021.0,47.0,-2.92,0.06,-1.2,-0.07,8.38,-9.02,74.44,296.0,TEST2RR,AKR_TEST2RR,0.0,1.0,1.0,100.0
88320,1,walk,walk,7218,,7218.0,20.0,1.0,6.0,2.0,4.62,0.0,-0.3,0.244,34.0,25.9,0.0,19.0,2021.0,47.0,-2.7,0.06,-1.18,-0.07,8.1,-10.62,76.49,296.0,TEST2RR,AKR_TEST2RR,0.0,1.0,1.0,100.0
88320,1,walk,walk,7219,,7219.0,20.0,0.0,6.0,2.0,4.85,-0.002,-0.091,0.442,34.0,25.9,0.0,18.0,2021.0,47.0,-2.62,0.05,-1.16,-0.07,7.83,-12.3,75.61,296.0,TEST2RR,AKR_TEST2RR,0.0,1.0,1.0,100.0
88340,1,walk,walk,7220,,7220.0,20.0,0.0,6.0,2.0,5.19,-0.004,-0.154,0.662,34.0,25.9,0.0,18.0,2021.0,47.0,-2.7,0.05,-1.13,-0.06,7.56,-13.8,71.83,296.0,TEST2RR,AKR_TEST2RR,0.0,1.0,1.0,100.0
88360,1,walk,walk,7221,,7221.0,20.0,1.0,6.0,2.0,5.63,-0.005,-0.081,0.748,34.0,25.9,0.0,19.0,2021.0,47.0,-2.92,0.06,-1.09,-0.06,7.28,-14.78,65.36,296.0,TEST2RR,AKR_TEST2RR,0.0,1.0,1.0,100.0
88380,1,walk,walk,7222,,7222.0,20.0,1.0,6.0,2.0,6.16,-0.006,-0.013,0.733,34.0,25.9,0.0,19.0,2021.0,47.0,-3.22,0.06,-1.04,-0.05,6.97,-14.85,56.59,296.0,TEST2RR,AKR_TEST2RR,0.0,1.0,1.0,100.0
88440,1,walk,walk,7223,,7223.0,20.0,1.0,1.0,5.0,6.78,-0.006,-0.049,0.72,34.0,25.9,0.0,19.0,2021.0,48.0,-3.51,0.06,-1.0,-0.05,6.63,-13.74,46.01,296.0,TEST2RR,AKR_TEST2RR,0.0,1.0,1.0,100.0
88440,1,walk,walk,7224,,7224.0,20.0,0.0,1.0,5.0,7.47,-0.006,-0.093,0.661,34.0,25.83,0.0,19.0,2021.0,48.0,-3.62,0.06,-0.96,-0.05,6.25,-11.16,34.22,296.0,TEST2RR,AKR_TEST2RR,0.0,1.0,1.0,100.0
88440,1,walk,walk,7225,,7225.0,20.0,0.0,1.0,5.0,8.2,-0.047,-3.406,-0.954,34.0,25.83,0.0,19.0,2021.0,48.0,-3.38,0.05,-0.92,-0.06,5.92,-7.19,22.06,296.0,TEST2RR,AKR_TEST2RR,0.0,1.0,1.0,100.0
88460,1,walk,walk,7226,,7226.0,20.0,0.0,1.0,5.0,8.97,-0.094,-2.765,-1.818,34.0,25.72,0.0,19.0,2021.0,48.0,-2.66,0.04,-0.89,-0.06,5.72,-2.21,10.14,296.0,TEST2RR,AKR_TEST2RR,0.0,1.0,1.0,100.0
88480,1,walk,walk,7227,,7227.0,20.0,0.0,1.0,6.0,9.73,-0.131,-2.278,-2.634,34.0,25.65,0.0,19.0,2021.0,48.0,-1.38,0.02,-0.86,-0.07,5.63,3.15,-1.21,296.0,TEST2RR,AKR_TEST2RR,0.0,1.0,1.0,100.0
88500,1,walk,walk,7228,,7228.0,20.0,0.0,1.0,6.0,10.47,-0.16,-1.831,-3.272,34.0,25.62,0.0,19.0,2021.0,48.0,0.44,-0.01,-0.84,-0.08,5.59,8.23,-11.78,296.0,TEST2RR,AKR_TEST2RR,0.0,1.0,1.0,100.0
88520,1,walk,walk,7229,,7229.0,20.0,0.0,1.0,6.0,11.16,-0.18,-1.2,-4.157,34.0,25.51,0.0,19.0,2021.0,48.0,2.72,-0.04,-0.83,-0.09,5.5,12.39,-21.39,296.0,TEST2RR,AKR_TEST2RR,0.0,1.0,1.0,100.0
88540,1,walk,walk,7230,,7230.0,20.0,0.0,1.0,6.0,11.78,-0.194,-0.817,-4.945,34.0,25.37,0.0,19.0,2021.0,48.0,5.35,-0.08,-0.82,-0.11,5.24,15.3,-29.98,296.0,TEST2RR,AKR_TEST2RR,0.0,1.0,1.0,100.0
88600,1,walk,walk,7231,,7231.0,20.0,0.0,1.0,6.0,12.32,-0.204,-0.569,-5.438,34.0,25.3,0.0,19.0,2021.0,48.0,8.14,-0.12,-0.81,-0.12,4.68,16.84,-37.42,296.0,TEST2RR,AKR_TEST2RR,0.0,1.0,1.0,100.0
88600,1,walk,walk,7232,,7232.0,20.0,0.0,1.0,6.0,12.76,-0.211,-0.421,-5.935,34.0,25.23,0.0,19.0,2021.0,48.0,10.93,-0.16,-0.82,-0.14,3.74,17.19,-43.55,296.0,TEST2RR,AKR_TEST2RR,0.0,1.0,1.0,100.0
88620,1,walk,walk,7233,,7233.0,20.0,0.0,1.0,6.0,13.09,-0.213,-0.123,-6.483,34.0,25.12,0.0,19.0,2021.0,48.0,13.6,-0.2,-0.83,-0.15,2.35,16.67,-48.15,296.0,TEST2RR,AKR_TEST2RR,0.0,1.0,1.0,100.0
88660,1,walk,walk,7234,,7234.0,20.0,0.0,1.0,6.0,13.3,-0.213,0.028,-6.812,34.0,25.05,0.0,19.0,2021.0,48.0,15.91,-0.24,-0.84,-0.16,0.61,15.68,-51.05,296.0,TEST2RR,AKR_TEST2RR,0.0,1.0,1.0,100.0
88660,1,walk,walk,7235,,7235.0,20.0,0.0,1.0,6.0,13.4,-0.209,0.583,-7.891,34.0,24.81,0.0,19.0,2021.0,48.0,17.64,-0.28,-0.87,-0.16,-1.0,15.25,-51.72,296.0,TEST2RR,AKR_TEST2RR,0.0,1.0,1.0,100.0
88660,1,walk,walk,7236,,7236.0,20.0,0.0,3.0,7.0,13.39,-0.205,0.193,-7.61,34.0,24.84,0.0,19.0,2021.0,48.0,18.71,-0.3,-0.9,-0.14,-2.1,16.11,-50.0,296.0,TEST2RR,AKR_TEST2RR,0.0,1.0,1.0,100.0
88680,1,walk,walk,7237,,7237.0,20.0,0.0,3.0,7.0,13.26,-0.2,0.594,-8.237,34.0,24.7,0.0,19.0,2021.0,48.0,19.2,-0.33,-0.93,-0.12,-2.62,18.44,-46.06,296.0,TEST2RR,AKR_TEST2RR,0.0,1.0,1.0,100.0
88720,1,walk,walk,7238,,7238.0,20.0,0.0,3.0,7.0,13.04,-0.19,0.825,-8.888,34.0,24.53,0.0,19.0,2021.0,48.0,19.3,-0.34,-0.97,-0.1,-2.67,21.84,-40.28,296.0,TEST2RR,AKR_TEST2RR,0.0,1.0,1.0,100.0
88740,1,walk,walk,7239,,7239.0,20.0,0.0,3.0,7.0,12.74,-0.179,0.582,-8.844,34.0,24.6,0.0,19.0,2021.0,48.0,19.18,-0.35,-1.0,-0.07,-2.47,25.5,-33.21,297.0,TEST2RR,AKR_TEST2RR,0.0,1.0,1.0,100.0
88760,1,walk,walk,7240,,7240.0,20.0,0.0,3.0,7.0,12.36,-0.164,1.181,-8.983,34.0,24.67,0.0,19.0,2021.0,48.0,18.98,-0.35,-1.03,-0.04,-2.22,28.55,-25.51,297.0,TEST2RR,AKR_TEST2RR,0.0,1.0,1.0,100.0
88760,1,walk,walk,7241,,7241.0,20.0,0.0,3.0,7.0,11.94,-0.15,0.557,-7.321,34.0,25.02,0.0,19.0,2021.0,48.0,18.75,-0.36,-1.05,-0.02,-2.08,30.41,-17.76,297.0,TEST2RR,AKR_TEST2RR,0.0,1.0,1.0,100.0
88780,1,walk,walk,7242,,7242.0,20.0,0.0,3.0,7.0,11.48,-0.141,0.456,-5.859,34.0,25.37,0.0,19.0,2021.0,48.0,18.54,-0.36,-1.06,0.0,-2.09,30.8,-10.43,297.0,TEST2RR,AKR_TEST2RR,0.0,1.0,1.0,100.0
88800,1,walk,walk,7243,,7243.0,20.0,0.0,3.0,7.0,11.01,-0.133,0.402,-4.149,34.0,25.65,0.0,19.0,2021.0,48.0,18.36,-0.36,-1.07,0.01,-2.27,29.68,-3.93,297.0,TEST2RR,AKR_TEST2RR,0.0,1.0,1.0,100.0
88820,1,walk,walk,7244,,7244.0,20.0,0.0,0.0,1.0,10.54,-0.124,0.737,-2.799,34.0,25.79,0.0,19.0,2021.0,48.0,18.19,-0.36,-1.08,0.02,-2.58,27.29,1.45,297.0,TEST2RR,AKR_TEST2RR,0.0,1.0,1.0,100.0
88860,1,walk,walk,7245,,7245.0,20.0,0.0,0.0,1.0,10.09,-0.11,1.016,-1.244,34.0,25.79,0.0,19.0,2021.0,48.0,18.08,-0.35,-1.08,0.02,-3.0,23.66,5.29,297.0,TEST2RR,AKR_TEST2RR,0.0,1.0,1.0,100.0
88860,1,walk,walk,7246,,7246.0,20.0,0.0,0.0,1.0,9.68,-0.11,1.016,-1.244,34.0,25.79,0.0,39.0,2021.0,48.0,17.94,-0.35,-1.08,0.02,-3.5,19.27,7.53,297.0,TEST2RR,AKR_TEST2RR,0.0,1.0,1.0,100.0
88880,1,walk,walk,7247,,7247.0,20.0,0.0,0.0,1.0,9.31,-0.11,1.016,-1.244,34.0,25.79,0.0,59.0,2021.0,48.0,17.75,-0.34,-1.08,0.01,-4.02,14.69,8.52,297.0,TEST2RR,AKR_TEST2RR,0.0,1.0,1.0,100.0
88940,1,walk,walk,7248,,7248.0,20.0,0.0,0.0,1.0,9.0,-0.078,9.285,0.0,34.0,25.97,0.0,4.0,2021.0,48.0,17.49,-0.34,-1.07,0.01,-4.5,10.33,8.52,297.0,TEST2RR,AKR_TEST2RR,0.0,1.0,1.0,100.0
88940,1,walk,walk,7249,,7249.0,20.0,0.0,0.0,1.0,8.75,-0.075,0.267,0.0,34.0,25.93,0.0,4.0,2021.0,48.0,17.15,-0.33,-1.06,0.0,-4.93,6.48,7.77,297.0,TEST2RR,AKR_TEST2RR,0.0,1.0,1.0,100.0
88940,1,walk,walk,7250,,7250.0,20.0,0.0,0.0,1.0,8.55,-0.07,0.477,0.0,34.0,25.9,0.0,4.0,2021.0,48.0,16.73,-0.32,-1.06,0.0,-5.31,3.29,6.4,297.0,TEST2RR,AKR_TEST2RR,0.0,1.0,1.0,100.0
88960,1,walk,walk,7251,,7251.0,20.0,0.0,0.0,1.0,8.42,-0.06,0.704,0.0,34.0,25.9,0.0,4.0,2021.0,48.0,16.23,-0.31,-1.05,-0.01,-5.65,0.77,4.52,297.0,TEST2RR,AKR_TEST2RR,0.0,1.0,1.0,100.0
88980,1,walk,walk,7252,,7252.0,20.0,0.0,0.0,1.0,8.34,-0.052,0.579,0.0,35.0,25.93,0.0,4.0,2021.0,48.0,15.66,-0.29,-1.04,-0.02,-5.96,-1.13,2.2,297.0,TEST2RR,AKR_TEST2RR,0.0,1.0,1.0,100.0
89000,1,walk,walk,7253,,7253.0,20.0,0.0,0.0,1.0,8.31,-0.044,0.66,0.0,35.0,25.9,0.0,4.0,2021.0,48.0,15.0,-0.28,-1.04,-0.02,-6.22,-2.44,-0.44,297.0,TEST2RR,AKR_TEST2RR,0.0,1.0,1.0,100.0
89020,1,walk,walk,7254,,7254.0,20.0,1.0,0.0,1.0,8.32,-0.03,0.871,0.0,35.0,25.9,0.0,5.0,2021.0,48.0,14.28,-0.26,-1.03,-0.03,-6.4,-3.28,-3.34,297.0,TEST2RR,AKR_TEST2RR,0.0,1.0,1.0,100.0
89040,1,walk,walk,7255,,7255.0,20.0,1.0,0.0,1.0,8.37,-0.016,1.125,0.0,35.0,25.93,0.0,5.0,2021.0,48.0,13.49,-0.25,-1.03,-0.03,-6.48,-3.72,-6.42,297.0,TEST2RR,AKR_TEST2RR,0.0,1.0,1.0,100.0
89080,1,walk,walk,7256,,7256.0,20.0,1.0,0.0,1.0,8.44,0.001,0.958,0.0,35.0,25.9,0.0,5.0,2021.0,48.0,12.66,-0.23,-1.02,-0.04,-6.46,-3.85,-9.67,297.0,TEST2RR,AKR_TEST2RR,0.0,1.0,1.0,100.0
89100,1,walk,walk,7257,,7257.0,20.0,1.0,0.0,1.0,8.52,0.021,1.358,0.0,35.0,25.9,0.0,5.0,2021.0,48.0,11.8,-0.21,-1.02,-0.05,-6.35,-3.75,-13.05,297.0,TEST2RR,AKR_TEST2RR,0.0,1.0,1.0,100.0
89100,1,walk,walk,7258,,7258.0,20.0,1.0,0.0,1.0,8.6,0.039,1.533,0.0,35.0,25.93,0.0,5.0,2021.0,48.0,10.92,-0.2,-1.02,-0.05,-6.19,-3.49,-16.52,297.0,TEST2RR,AKR_TEST2RR,0.0,1.0,1.0,100.0
89120,1,walk,walk,7259,,7259.0,20.0,1.0,0.0,1.0,8.68,0.057,1.033,0.0,35.0,25.9,0.0,5.0,2021.0,48.0,10.01,-0.18,-1.02,-0.06,-5.98,-3.16,-20.01,297.0,TEST2RR,AKR_TEST2RR,0.0,1.0,1.0,100.0
89140,1,walk,walk,7260,,7260.0,20.0,1.0,0.0,1.0,8.74,0.073,0.7,0.0,35.0,25.9,0.0,5.0,2021.0,48.0,9.07,-0.16,-1.02,-0.06,-5.76,-2.8,-23.36,297.0,TEST2RR,AKR_TEST2RR,0.0,1.0,1.0,100.0
89160,1,walk,walk,7261,,7261.0,20.0,1.0,6.0,2.0,8.77,0.075,-0.109,0.0,35.0,25.93,0.0,5.0,2021.0,48.0,8.06,-0.14,-1.02,-0.07,-5.5,-2.41,-26.25,297.0,TEST2RR,AKR_TEST2RR,0.0,1.0,1.0,100.0
89180,1,walk,walk,7262,,7262.0,20.0,0.0,6.0,2.0,8.78,0.075,-0.096,0.044,35.0,25.9,0.0,18.0,2021.0,48.0,6.97,-0.12,-1.02,-0.07,-5.19,-1.82,-28.13,297.0,TEST2RR,AKR_TEST2RR,0.0,1.0,1.0,100.0
89200,1,walk,walk,7263,,7263.0,20.0,0.0,6.0,2.0,8.75,0.053,-1.668,-1.67,35.0,25.79,0.0,18.0,2021.0,48.0,5.81,-0.1,-1.02,-0.08,-4.77,-0.98,-28.5,297.0,TEST2RR,AKR_TEST2RR,0.0,1.0,1.0,100.0
89240,1,walk,walk,7264,,7264.0,20.0,0.0,6.0,2.0,8.67,0.033,-1.178,-1.573,35.0,25.83,0.0,18.0,2021.0,48.0,4.63,-0.08,-1.02,-0.08,-4.21,-0.06,-27.17,297.0,TEST2RR,AKR_TEST2RR,0.0,1.0,1.0,100.0
89260,1,walk,walk,7265,,7265.0,20.0,1.0,6.0,2.0,8.55,0.019,-0.738,-1.141,35.0,25.86,0.0,19.0,2021.0,48.0,3.48,-0.06,-1.03,-0.08,-3.49,0.81,-24.23,297.0,TEST2RR,AKR_TEST2RR,0.0,1.0,1.0,100.0
89300,1,walk,walk,7266,,7266.0,20.0,0.0,6.0,2.0,8.38,0.008,-0.663,-0.424,35.0,25.9,0.0,18.0,2021.0,48.0,2.43,-0.04,-1.03,-0.09,-2.59,1.46,-19.93,297.0,TEST2RR,AKR_TEST2RR,0.0,1.0,1.0,100.0
89300,1,walk,walk,7267,,7267.0,20.0,0.0,6.0,2.0,8.18,0.002,-0.358,0.365,35.0,25.9,0.0,18.0,2021.0,48.0,1.5,-0.03,-1.03,-0.09,-1.5,1.79,-14.59,297.0,TEST2RR,AKR_TEST2RR,0.0,1.0,1.0,100.0
89320,1,walk,walk,7268,,7268.0,20.0,1.0,6.0,2.0,7.93,-0.005,-0.507,1.289,35.0,25.86,0.0,19.0,2021.0,48.0,0.72,-0.01,-1.04,-0.1,-0.26,1.78,-8.51,297.0,TEST2RR,AKR_TEST2RR,0.0,1.0,1.0,100.0
89320,1,walk,walk,7269,,7269.0,20.0,1.0,6.0,2.0,7.66,-0.012,-0.375,1.812,35.0,25.83,0.0,19.0,2021.0,48.0,0.07,0.0,-1.04,-0.1,1.08,1.4,-1.88,297.0,TEST2RR,AKR_TEST2RR,0.0,1.0,1.0,100.0
89340,1,walk,walk,7270,,7270.0,20.0,1.0,6.0,2.0,7.36,-0.018,-0.269,2.331,35.0,25.79,0.0,19.0,2021.0,48.0,-0.47,0.01,-1.05,-0.1,2.42,0.72,5.12,297.0,TEST2RR,AKR_TEST2RR,0.0,1.0,1.0,100.0
89360,1,walk,walk,7271,,7271.0,20.0,1.0,6.0,2.0,7.06,-0.018,0.084,2.02,35.0,25.83,0.0,19.0,2021.0,48.0,-0.92,0.02,-1.06,-0.1,3.66,-0.16,12.38,297.0,TEST2RR,AKR_TEST2RR,0.0,1.0,1.0,100.0
89400,1,walk,walk,7272,,7272.0,20.0,1.0,6.0,2.0,6.75,-0.014,0.263,1.436,35.0,25.86,0.0,19.0,2021.0,48.0,-1.27,0.02,-1.07,-0.1,4.67,-1.16,19.77,297.0,TEST2RR,AKR_TEST2RR,0.0,1.0,1.0,100.0
89400,1,walk,walk,7273,,7273.0,20.0,1.0,6.0,2.0,6.47,-0.009,0.315,0.866,35.0,25.9,0.0,19.0,2021.0,48.0,-1.52,0.03,-1.09,-0.1,5.35,-2.2,27.27,297.0,TEST2RR,AKR_TEST2RR,0.0,1.0,1.0,100.0
89420,1,walk,walk,7274,,7274.0,20.0,1.0,6.0,2.0,6.2,-0.005,0.108,0.42,35.0,25.9,0.0,19.0,2021.0,48.0,-1.67,0.03,-1.11,-0.09,5.62,-3.28,34.89,297.0,TEST2RR,AKR_TEST2RR,0.0,1.0,1.0,100.0
89440,1,walk,walk,7275,,7275.0,20.0,1.0,6.0,2.0,5.98,-0.002,0.335,-0.076,35.0,25.9,0.0,19.0,2021.0,48.0,-1.68,0.03,-1.12,-0.09,5.43,-4.44,42.6,297.0,TEST2RR,AKR_TEST2RR,0.0,1.0,1.0,100.0
89460,1,walk,walk,7276,,7276.0,20.0,1.0,6.0,2.0,5.81,0.001,0.334,-0.647,35.0,25.9,0.0,19.0,2021.0,48.0,-1.54,0.03,-1.14,-0.09,4.8,-5.71,50.26,297.0,TEST2RR,AKR_TEST2RR,0.0,1.0,1.0,100.0
89480,1,walk,walk,7277,,7277.0,20.0,1.0,6.0,2.0,5.71,0.005,0.199,-0.994,35.0,25.9,0.0,19.0,2021.0,48.0,-1.2,0.02,-1.16,-0.09,3.83,-7.14,57.52,297.0,TEST2RR,AKR_TEST2RR,0.0,1.0,1.0,100.0
89500,1,walk,walk,7278,,7278.0,20.0,1.0,6.0,2.0,5.67,0.005,-0.077,-0.665,35.0,25.9,0.0,19.0,2021.0,48.0,-0.71,0.01,-1.17,-0.08,2.66,-8.69,63.77,297.0,TEST2RR,AKR_TEST2RR,0.0,1.0,1.0,100.0
89520,1,walk,walk,7279,,7279.0,20.0,1.0,6.0,2.0,5.72,0.004,0.015,-0.444,35.0,25.9,0.0,19.0,2021.0,48.0,-0.08,0.0,-1.18,-0.08,1.42,-10.44,68.47,297.0,TEST2RR,AKR_TEST2RR,0.0,1.0,1.0,100.0
89580,1,walk,walk,7280,,7280.0,20.0,1.0,6.0,2.0,5.86,0.002,-0.201,-0.049,35.0,25.9,0.0,19.0,2021.0,48.0,0.61,-0.01,-1.17,-0.08,0.25,-12.44,71.2,297.0,TEST2RR,AKR_TEST2RR,0.0,1.0,1.0,100.0
89580,1,walk,walk,7281,,7281.0,20.0,1.0,6.0,2.0,6.09,0.0,-0.138,0.195,35.0,25.9,0.0,19.0,2021.0,48.0,1.32,-0.03,-1.16,-0.08,-0.78,-14.66,71.71,297.0,TEST2RR,AKR_TEST2RR,0.0,1.0,1.0,100.0
89600,1,walk,walk,7282,,7282.0,20.0,1.0,6.0,2.0,6.41,-0.001,0.023,0.223,35.0,25.9,0.0,19.0,2021.0,48.0,2.0,-0.04,-1.13,-0.07,-1.63,-16.98,69.94,297.0,TEST2RR,AKR_TEST2RR,0.0,1.0,1.0,100.0
89600,1,walk,walk,7283,,7283.0,20.0,0.0,6.0,2.0,6.83,-0.002,-0.126,0.301,35.0,25.9,0.0,18.0,2021.0,48.0,2.65,-0.05,-1.1,-0.07,-2.32,-19.17,65.99,297.0,TEST2RR,AKR_TEST2RR,0.0,1.0,1.0,100.0
89620,1,walk,walk,7284,,7284.0,20.0,1.0,6.0,2.0,7.33,-0.002,-0.03,0.264,35.0,25.9,0.0,19.0,2021.0,48.0,3.26,-0.06,-1.06,-0.07,-2.88,-20.95,60.07,297.0,TEST2RR,AKR_TEST2RR,0.0,1.0,1.0,100.0
89640,1,walk,walk,7285,,7285.0,20.0,1.0,6.0,2.0,7.92,-0.002,-0.032,0.246,35.0,25.9,0.0,19.0,2021.0,48.0,3.86,-0.07,-1.01,-0.07,-3.39,-22.06,52.43,297.0,TEST2RR,AKR_TEST2RR,0.0,1.0,1.0,100.0
89660,1,walk,walk,7286,,7286.0,20.0,1.0,1.0,5.0,8.57,-0.002,-0.053,0.205,35.0,25.9,0.0,19.0,1641.0,49.0,4.51,-0.08,-0.96,-0.07,-3.89,-22.42,43.35,297.0,TEST2RR,AKR_TEST2RR,0.0,1.0,1.0,100.0
89700,1,walk,walk,7287,,7287.0,20.0,0.0,1.0,5.0,9.27,-0.002,0.084,0.191,35.0,25.83,0.0,19.0,1641.0,49.0,5.34,-0.08,-0.91,-0.07,-4.48,-22.0,33.33,297.0,TEST2RR,AKR_TEST2RR,0.0,1.0,1.0,100.0
89740,1,walk,walk,7288,,7288.0,20.0,0.0,1.0,5.0,10.01,-0.04,-3.226,-1.58,35.0,25.76,0.0,19.0,1641.0,49.0,6.43,-0.1,-0.86,-0.08,-5.13,-20.98,22.91,298.0,TEST2RR,AKR_TEST2RR,0.0,1.0,1.0,100.0
89740,1,walk,walk,7289,,7289.0,20.0,0.0,1.0,5.0,10.76,-0.085,-2.629,-2.514,35.0,25.69,0.0,19.0,1641.0,49.0,7.86,-0.11,-0.81,-0.08,-5.82,-19.58,12.44,298.0,TEST2RR,AKR_TEST2RR,0.0,1.0,1.0,100.0
89760,1,walk,walk,7290,,7290.0,20.0,0.0,1.0,5.0,11.51,-0.119,-2.054,-3.366,35.0,25.54,0.0,19.0,1641.0,49.0,9.66,-0.13,-0.77,-0.09,-6.53,-18.11,2.12,298.0,TEST2RR,AKR_TEST2RR,0.0,1.0,1.0,100.0
89760,1,walk,walk,7291,,7291.0,20.0,0.0,1.0,6.0,12.24,-0.144,-1.272,-4.335,35.0,25.44,0.0,19.0,1641.0,49.0,11.79,-0.15,-0.74,-0.1,-7.2,-16.92,-7.83,298.0,TEST2RR,AKR_TEST2RR,0.0,1.0,1.0,100.0
89780,1,walk,walk,7292,,7292.0,20.0,0.0,1.0,6.0,12.92,-0.162,-0.859,-5.211,35.0,25.3,0.0,19.0,1641.0,49.0,14.15,-0.18,-0.71,-0.11,-7.81,-16.35,-17.2,298.0,TEST2RR,AKR_TEST2RR,0.0,1.0,1.0,100.0
89820,1,walk,walk,7293,,7293.0,20.0,0.0,1.0,6.0,13.55,-0.171,-0.484,-6.23,35.0,25.12,0.0,19.0,1641.0,49.0,16.6,-0.21,-0.7,-0.12,-8.4,-16.6,-25.83,298.0,TEST2RR,AKR_TEST2RR,0.0,1.0,1.0,100.0
89820,1,walk,walk,7294,,7294.0,20.0,0.0,1.0,6.0,14.11,-0.176,-0.06,-6.99,35.0,24.95,0.0,19.0,1641.0,49.0,18.71,-0.24,-0.71,-0.13,-8.66,-17.39,-33.04,298.0,TEST2RR,AKR_TEST2RR,0.0,1.0,1.0,100.0
89840,1,walk,walk,7295,,7295.0,20.0,0.0,1.0,6.0,14.58,-0.166,0.622,-9.211,35.0,24.42,0.0,19.0,1641.0,49.0,20.28,-0.27,-0.73,-0.14,-8.28,-18.24,-38.18,298.0,TEST2RR,AKR_TEST2RR,0.0,1.0,1.0,100.0
89860,1,walk,walk,7296,,7296.0,20.0,0.0,1.0,6.0,14.97,-0.165,0.105,-8.564,35.0,24.56,0.0,19.0,1641.0,49.0,21.24,-0.3,-0.77,-0.13,-7.22,-18.85,-41.08,298.0,TEST2RR,AKR_TEST2RR,0.0,1.0,1.0,100.0
89900,1,walk,walk,7297,,7297.0,20.0,0.0,1.0,6.0,15.25,-0.165,-0.087,-8.212,35.0,24.63,0.0,19.0,1641.0,49.0,21.63,-0.33,-0.82,-0.12,-5.71,-19.07,-41.67,298.0,TEST2RR,AKR_TEST2RR,0.0,1.0,1.0,100.0
89920,1,walk,walk,7298,,7298.0,20.0,0.0,3.0,7.0,15.43,-0.168,-0.357,-7.588,35.0,24.81,0.0,19.0,1641.0,49.0,21.58,-0.34,-0.87,-0.1,-4.12,-18.84,-40.06,298.0,TEST2RR,AKR_TEST2RR,0.0,1.0,1.0,100.0
89920,1,walk,walk,7299,,7299.0,20.0,0.0,3.0,7.0,15.51,-0.176,-0.467,-6.956,35.0,24.98,0.0,19.0,1641.0,49.0,21.23,-0.36,-0.92,-0.08,-2.74,-18.24,-36.57,298.0,TEST2RR,AKR_TEST2RR,0.0,1.0,1.0,100.0
89940,1,walk,walk,7300,,7300.0,20.0,0.0,3.0,7.0,15.5,-0.184,-0.527,-6.689,35.0,25.05,0.0,19.0,1641.0,49.0,20.7,-0.36,-0.96,-0.06,-1.79,-17.38,-31.65,298.0,TEST2RR,AKR_TEST2RR,0.0,1.0,1.0,100.0
89960,1,walk,walk,7301,,7301.0,20.0,0.0,3.0,7.0,15.4,-0.19,-0.424,-6.098,35.0,25.16,0.0,19.0,1641.0,49.0,20.11,-0.36,-0.99,-0.04,-1.34,-16.35,-25.85,298.0,TEST2RR,AKR_TEST2RR,0.0,1.0,1.0,100.0
89980,1,walk,walk,7302,,7302.0,20.0,0.0,3.0,7.0,15.22,-0.194,-0.32,-5.633,35.0,25.3,0.0,19.0,1641.0,49.0,19.52,-0.36,-1.02,-0.02,-1.31,-15.21,-19.75,298.0,TEST2RR,AKR_TEST2RR,0.0,1.0,1.0,100.0
90000,1,walk,walk,7303,,7303.0,20.0,0.0,3.0,7.0,14.98,-0.196,-0.148,-5.087,35.0,25.44,0.0,19.0,1641.0,49.0,19.01,-0.36,-1.04,-0.01,-1.55,-14.04,-13.94,298.0,TEST2RR,AKR_TEST2RR,0.0,1.0,1.0,100.0
90020,1,walk,walk,7304,,7304.0,20.0,1.0,3.0,7.0,14.7,-0.193,0.248,-4.309,35.0,25.58,0.0,20.0,1641.0,49.0,18.58,-0.35,-1.05,-0.01,-1.85,-12.91,-8.97,298.0,TEST2RR,AKR_TEST2RR,0.0,1.0,1.0,100.0
90060,1,walk,walk,7305,,7305.0,20.0,0.0,3.0,7.0,14.38,-0.181,0.912,-3.775,35.0,25.72,0.0,19.0,1641.0,49.0,18.23,-0.35,-1.05,-0.01,-2.03,-11.87,-5.28,298.0,TEST2RR,AKR_TEST2RR,0.0,1.0,1.0,100.0
90060,1,walk,walk,7306,,7306.0,20.0,0.0,3.0,7.0,14.05,-0.162,1.448,-2.924,35.0,25.83,0.0,19.0,1641.0,49.0,17.93,-0.34,-1.05,-0.01,-2.03,-11.01,-3.21,298.0,TEST2RR,AKR_TEST2RR,0.0,1.0,1.0,100.0
90080,1,walk,walk,7307,,7307.0,20.0,0.0,3.0,7.0,13.71,-0.134,2.024,-1.727,35.0,25.9,0.0,19.0,1641.0,49.0,17.69,-0.34,-1.05,-0.02,-1.9,-10.4,-3.01,298.0,TEST2RR,AKR_TEST2RR,0.0,1.0,1.0,100.0
90100,1,walk,walk,7308,,7308.0,20.0,0.0,3.0,7.0,13.39,-0.098,2.172,-0.389,35.0,25.9,0.0,19.0,1641.0,49.0,17.45,-0.33,-1.05,-0.03,-1.76,-9.97,-4.64,298.0,TEST2RR,AKR_TEST2RR,0.0,1.0,1.0,100.0
90120,1,walk,walk,7309,,7309.0,20.0,0.0,3.0,7.0,13.08,-0.068,1.621,-0.006,35.0,25.9,0.0,19.0,1641.0,49.0,17.19,-0.32,-1.04,-0.03,-1.71,-9.62,-7.75,298.0,TEST2RR,AKR_TEST2RR,0.0,1.0,1.0,100.0
90140,1,walk,walk,7310,,7310.0,20.0,0.0,3.0,7.0,12.79,-0.046,1.215,0.258,35.0,25.9,0.0,19.0,1641.0,49.0,16.86,-0.31,-1.03,-0.04,-1.81,-9.26,-11.89,298.0,TEST2RR,AKR_TEST2RR,0.0,1.0,1.0,100.0
90160,1,walk,walk,7311,,7311.0,20.0,0.0,3.0,7.0,12.52,-0.029,1.088,0.114,35.0,25.9,0.0,19.0,1641.0,49.0,16.41,-0.3,-1.03,-0.04,-2.01,-8.86,-16.64,298.0,TEST2RR,AKR_TEST2RR,0.0,1.0,1.0,100.0
90180,1,walk,walk,7312,,7312.0,20.0,0.0,3.0,7.0,12.27,-0.014,1.071,0.146,35.0,25.9,0.0,19.0,1641.0,49.0,15.83,-0.29,-1.02,-0.04,-2.26,-8.39,-21.6,298.0,TEST2RR,AKR_TEST2RR,0.0,1.0,1.0,100.0
90200,1,walk,walk,7313,,7313.0,20.0,0.0,3.0,7.0,12.04,0.004,1.055,-0.016,35.0,25.9,0.0,19.0,1641.0,49.0,15.1,-0.27,-1.02,-0.05,-2.46,-7.84,-26.47,298.0,TEST2RR,AKR_TEST2RR,0.0,1.0,1.0,100.0
90240,1,walk,walk,7314,,7314.0,20.0,1.0,3.0,7.0,11.82,0.022,1.196,-0.018,35.0,25.9,0.0,20.0,1641.0,49.0,14.23,-0.26,-1.01,-0.05,-2.6,-7.22,-31.04,298.0,TEST2RR,AKR_TEST2RR,0.0,1.0,1.0,100.0
90240,1,walk,walk,7315,,7315.0,20.0,0.0,3.0,7.0,11.59,0.041,1.278,-0.025,35.0,25.9,0.0,19.0,1641.0,49.0,13.23,-0.24,-1.01,-0.06,-2.63,-6.55,-35.15,298.0,TEST2RR,AKR_TEST2RR,0.0,1.0,1.0,100.0
90260,1,walk,walk,7316,,7316.0,20.0,0.0,3.0,7.0,11.36,0.059,1.114,-0.113,35.0,25.9,0.0,19.0,1641.0,49.0,12.15,-0.22,-1.01,-0.06,-2.55,-5.86,-38.75,298.0,TEST2RR,AKR_TEST2RR,0.0,1.0,1.0,100.0
90280,1,walk,walk,7317,,7317.0,20.0,0.0,3.0,7.0,11.12,0.078,1.263,0.087,35.0,25.9,0.0,19.0,1641.0,49.0,10.99,-0.2,-1.01,-0.07,-2.34,-5.17,-41.84,298.0,TEST2RR,AKR_TEST2RR,0.0,1.0,1.0,100.0
90300,1,walk,walk,7318,,7318.0,20.0,0.0,3.0,7.0,10.84,0.098,1.377,-0.117,35.0,25.9,0.0,19.0,1641.0,49.0,9.8,-0.17,-1.01,-0.07,-2.0,-4.53,-44.36,298.0,TEST2RR,AKR_TEST2RR,0.0,1.0,1.0,100.0
90320,1,walk,walk,7319,,7319.0,20.0,0.0,3.0,7.0,10.54,0.115,0.963,0.154,35.0,25.9,0.0,19.0,1641.0,49.0,8.56,-0.15,-1.01,-0.07,-1.53,-3.99,-46.23,298.0,TEST2RR,AKR_TEST2RR,0.0,1.0,1.0,100.0
90340,1,walk,walk,7320,,7320.0,20.0,0.0,3.0,7.0,10.2,0.129,0.609,0.272,35.0,25.9,0.0,19.0,1641.0,49.0,7.27,-0.13,-1.02,-0.08,-0.94,-3.55,-47.22,298.0,TEST2RR,AKR_TEST2RR,0.0,1.0,1.0,100.0
90380,1,walk,walk,7321,,7321.0,20.0,0.0,3.0,7.0,9.81,0.131,-0.036,0.182,35.0,25.9,0.0,19.0,1641.0,49.0,5.94,-0.11,-1.02,-0.08,-0.2,-3.2,-47.09,298.0,TEST2RR,AKR_TEST2RR,0.0,1.0,1.0,100.0
90400,1,walk,walk,7322,,7322.0,20.0,0.0,3.0,7.0,9.38,0.129,-0.285,0.128,35.0,25.9,0.0,19.0,1641.0,49.0,4.57,-0.08,-1.02,-0.08,0.69,-2.9,-45.68,298.0,TEST2RR,AKR_TEST2RR,0.0,1.0,1.0,100.0
90400,1,walk,walk,7323,,7323.0,20.0,0.0,3.0,7.0,8.9,0.123,-0.506,0.113,35.0,25.9,0.0,19.0,1641.0,49.0,3.22,-0.06,-1.02,-0.09,1.7,-2.62,-42.94,298.0,TEST2RR,AKR_TEST2RR,0.0,1.0,1.0,100.0
90420,1,walk,walk,7324,,7324.0,20.0,1.0,3.0,7.0,8.38,0.115,-0.71,0.043,35.0,25.9,0.0,20.0,1641.0,49.0,1.94,-0.03,-1.03,-0.09,2.8,-2.34,-38.97,298.0,TEST2RR,AKR_TEST2RR,0.0,1.0,1.0,100.0
90440,1,walk,walk,7325,,7325.0,20.0,0.0,3.0,7.0,7.81,0.104,-0.535,-0.103,35.0,25.9,0.0,19.0,1641.0,49.0,0.79,-0.01,-1.03,-0.09,3.97,-2.03,-34.07,298.0,TEST2RR,AKR_TEST2RR,0.0,1.0,1.0,100.0
90460,1,walk,walk,7326,,7326.0,20.0,0.0,3.0,7.0,7.21,0.099,-0.155,-0.114,35.0,25.9,0.0,19.0,1641.0,49.0,-0.19,0.0,-1.03,-0.09,5.2,-1.73,-28.62,298.0,TEST2RR,AKR_TEST2RR,0.0,1.0,1.0,100.0
90480,1,walk,walk,7327,,7327.0,20.0,0.0,3.0,7.0,6.59,0.096,-0.138,-0.051,35.0,25.9,0.0,19.0,1641.0,49.0,-0.98,0.02,-1.03,-0.09,6.49,-1.43,-22.99,298.0,TEST2RR,AKR_TEST2RR,0.0,1.0,1.0,100.0
90500,1,walk,walk,7328,,7328.0,20.0,0.0,3.0,7.0,5.94,0.095,-0.083,-0.003,35.0,25.9,0.0,19.0,1641.0,49.0,-1.58,0.03,-1.03,-0.09,7.84,-1.16,-17.45,298.0,TEST2RR,AKR_TEST2RR,0.0,1.0,1.0,100.0
90560,1,walk,walk,7329,,7329.0,20.0,0.0,3.0,7.0,5.29,0.092,-0.132,0.017,35.0,25.9,0.0,19.0,1641.0,49.0,-2.0,0.04,-1.03,-0.09,9.22,-0.94,-12.18,298.0,TEST2RR,AKR_TEST2RR,0.0,1.0,1.0,100.0
90560,1,walk,walk,7330,,7330.0,20.0,0.0,3.0,7.0,4.64,0.088,-0.299,0.068,35.0,25.9,0.0,19.0,1641.0,49.0,-2.27,0.04,-1.03,-0.09,10.58,-0.8,-7.27,298.0,TEST2RR,AKR_TEST2RR,0.0,1.0,1.0,100.0
90560,1,walk,walk,7331,,7331.0,20.0,0.0,0.0,1.0,4.0,0.082,-0.436,0.065,35.0,25.9,0.0,19.0,1641.0,49.0,-2.42,0.04,-1.03,-0.09,11.85,-0.78,-2.71,298.0,TEST2RR,AKR_TEST2RR,0.0,1.0,1.0,100.0
90580,1,walk,walk,7332,,7332.0,20.0,0.0,0.0,1.0,3.39,0.076,-0.451,-0.023,35.0,25.9,0.0,19.0,1641.0,49.0,-2.48,0.04,-1.04,-0.08,12.94,-1.05,1.56,298.0,TEST2RR,AKR_TEST2RR,0.0,1.0,1.0,100.0
90600,1,walk,walk,7333,,7333.0,20.0,0.0,0.0,1.0,2.81,0.076,-0.451,-0.023,35.0,25.9,0.0,39.0,1641.0,49.0,-2.47,0.04,-1.04,-0.08,13.74,-1.84,5.61,298.0,TEST2RR,AKR_TEST2RR,0.0,1.0,1.0,100.0
90620,1,walk,walk,7334,,7334.0,20.0,0.0,0.0,1.0,2.27,0.076,-0.451,-0.023,35.0,25.9,0.0,59.0,1641.0,49.0,-2.42,0.04,-1.04,-0.09,14.14,-3.39,9.55,298.0,TEST2RR,AKR_TEST2RR,0.0,1.0,1.0,100.0
90640,1,walk,walk,7335,,7335.0,20.0,0.0,0.0,1.0,1.77,0.073,-0.957,0.0,35.0,25.97,0.0,5.0,1641.0,49.0,-2.35,0.04,-1.05,-0.09,14.04,-5.93,13.46,298.0,TEST2RR,AKR_TEST2RR,0.0,1.0,1.0,100.0
90660,1,walk,walk,7336,,7336.0,20.0,0.0,0.0,1.0,1.34,0.081,0.853,0.0,35.0,25.93,0.0,5.0,1641.0,49.0,-2.26,0.04,-1.06,-0.09,13.33,-9.67,17.32,298.0,TEST2RR,AKR_TEST2RR,0.0,1.0,1.0,100.0
90700,1,walk,walk,7337,,7337.0,20.0,0.0,0.0,1.0,0.96,0.096,1.386,0.0,35.0,25.93,0.0,5.0,1641.0,49.0,-2.15,0.04,-1.07,-0.1,11.91,-14.81,21.01,299.0,TEST2RR,AKR_TEST2RR,0.0,1.0,1.0,100.0
90720,1,walk,walk,7338,,7338.0,20.0,0.0,0.0,1.0,0.65,0.112,0.828,0.0,35.0,25.9,0.0,5.0,1641.0,49.0,-2.0,0.04,-1.08,-0.11,9.78,-21.43,24.46,299.0,TEST2RR,AKR_TEST2RR,0.0,1.0,1.0,100.0
90720,1,walk,walk,7339,,7339.0,20.0,0.0,0.0,1.0,0.4,0.128,0.895,0.0,35.0,25.93,0.0,5.0,1641.0,49.0,-1.77,0.03,-1.09,-0.12,6.98,-29.41,27.61,299.0,TEST2RR,AKR_TEST2RR,0.0,1.0,1.0,100.0
90740,1,walk,walk,7340,,7340.0,20.0,0.0,0.0,1.0,0.22,0.133,-0.193,0.0,35.0,25.93,0.0,5.0,1641.0,49.0,-1.42,0.03,-1.1,-0.12,3.66,-38.25,30.43,299.0,TEST2RR,AKR_TEST2RR,0.0,1.0,1.0,100.0
90780,1,walk,walk,7341,,7341.0,20.0,0.0,0.0,1.0,0.11,0.128,-0.433,0.0,35.0,25.93,0.0,5.0,1641.0,49.0,-0.91,0.02,-1.11,-0.12,0.02,-47.19,32.91,299.0,TEST2RR,AKR_TEST2RR,0.0,1.0,1.0,100.0
90780,1,walk,walk,7342,,7342.0,20.0,0.0,0.0,1.0,0.07,0.122,-0.453,0.0,35.0,25.93,0.0,5.0,1641.0,49.0,-0.27,0.01,-1.11,-0.12,-3.77,-55.45,35.08,299.0,TEST2RR,AKR_TEST2RR,0.0,1.0,1.0,100.0
90800,1,walk,walk,7343,,7343.0,20.0,0.0,0.0,1.0,0.1,0.113,-0.708,0.0,35.0,25.93,0.0,5.0,1641.0,49.0,0.51,-0.01,-1.12,-0.12,-7.58,-62.46,36.95,299.0,TEST2RR,AKR_TEST2RR,0.0,1.0,1.0,100.0
90820,1,walk,walk,7344,,7344.0,20.0,0.0,0.0,1.0,0.19,0.101,-0.55,0.0,35.0,25.93,0.0,5.0,1641.0,49.0,1.42,-0.03,-1.11,-0.11,-11.32,-67.99,38.48,299.0,TEST2RR,AKR_TEST2RR,0.0,1.0,1.0,100.0
90860,1,walk,walk,7345,,7345.0,20.0,0.0,0.0,1.0,0.35,0.097,-0.052,0.0,35.0,25.93,0.0,5.0,1641.0,49.0,2.46,-0.05,-1.11,-0.1,-14.93,-72.19,39.49,299.0,TEST2RR,AKR_TEST2RR,0.0,1.0,1.0,100.0
90880,1,walk,walk,7346,,7346.0,20.0,0.0,0.0,1.0,0.58,0.094,-0.28,0.0,35.0,25.93,0.0,5.0,1641.0,49.0,3.62,-0.07,-1.09,-0.08,-18.36,-75.42,39.81,299.0,TEST2RR,AKR_TEST2RR,0.0,1.0,1.0,100.0
90880,1,walk,walk,7347,,7347.0,20.0,0.0,0.0,1.0,0.86,0.088,-0.624,0.0,35.0,25.93,0.0,5.0,1641.0,49.0,4.9,-0.09,-1.07,-0.07,-21.55,-78.14,39.31,299.0,TEST2RR,AKR_TEST2RR,0.0,1.0,1.0,100.0
90900,1,walk,walk,7348,,7348.0,20.0,0.0,0.0,1.0,1.21,0.075,-0.727,0.0,35.0,25.93,0.0,5.0,1641.0,49.0,6.28,-0.12,-1.05,-0.05,-24.46,-80.78,37.94,299.0,TEST2RR,AKR_TEST2RR,0.0,1.0,1.0,100.0
90920,1,walk,walk,7349,,7349.0,20.0,0.0,0.0,1.0,1.6,0.068,-0.131,0.0,35.0,25.93,0.0,5.0,1641.0,49.0,7.69,-0.14,-1.02,-0.04,-27.04,-83.56,35.63,299.0,TEST2RR,AKR_TEST2RR,0.0,1.0,1.0,100.0
90980,1,walk,walk,7350,,7350.0,20.0,0.0,0.0,1.0,2.04,0.069,0.015,0.0,35.0,25.9,0.0,5.0,1641.0,49.0,9.07,-0.16,-0.99,-0.03,-29.26,-86.5,32.41,299.0,TEST2RR,AKR_TEST2RR,0.0,1.0,1.0,100.0
90980,1,walk,walk,7351,,7351.0,20.0,0.0,0.0,1.0,2.53,0.07,0.123,0.0,35.0,25.93,0.0,5.0,1641.0,49.0,10.34,-0.18,-0.96,-0.02,-31.1,-89.43,28.4,299.0,TEST2RR,AKR_TEST2RR,0.0,1.0,1.0,100.0
90980,1,walk,walk,7352,,7352.0,20.0,0.0,0.0,1.0,3.05,0.074,0.445,0.0,35.0,25.93,0.0,5.0,1641.0,49.0,11.47,-0.19,-0.93,-0.01,-32.54,-92.11,23.69,299.0,TEST2RR,AKR_TEST2RR,0.0,1.0,1.0,100.0
91040,1,walk,walk,7353,,7353.0,20.0,0.0,0.0,1.0,3.59,0.081,0.604,0.0,35.0,25.93,0.0,5.0,1641.0,49.0,12.43,-0.2,-0.9,-0.01,-33.55,-94.35,18.32,299.0,TEST2RR,AKR_TEST2RR,0.0,1.0,1.0,100.0
91040,1,walk,walk,7354,,7354.0,20.0,0.0,0.0,1.0,4.16,0.095,1.38,0.0,35.0,25.93,0.0,5.0,1641.0,49.0,13.21,-0.2,-0.87,0.0,-34.1,-96.12,12.24,299.0,TEST2RR,AKR_TEST2RR,0.0,1.0,1.0,100.0
91040,1,walk,walk,7355,,7355.0,20.0,0.0,0.0,1.0,4.73,0.118,1.728,0.0,35.0,25.93,0.0,5.0,1641.0,49.0,13.81,-0.21,-0.84,0.01,-34.15,-97.57,5.35,299.0,TEST2RR,AKR_TEST2RR,0.0,1.0,1.0,100.0
91060,1,walk,walk,7356,,7356.0,20.0,1.0,0.0,1.0,5.29,0.147,2.222,0.0,35.0,25.93,0.0,6.0,1641.0,49.0,14.25,-0.2,-0.81,0.01,-33.7,-98.83,-2.37,299.0,TEST2RR,AKR_TEST2RR,0.0,1.0,1.0,100.0
91080,1,walk,walk,7357,,7357.0,20.0,1.0,0.0,1.0,5.85,0.183,1.6,0.0,35.0,25.93,0.0,6.0,1641.0,49.0,14.59,-0.2,-0.78,0.01,-32.76,-100.03,-10.89,299.0,TEST2RR,AKR_TEST2RR,0.0,1.0,1.0,100.0
91120,1,walk,walk,7358,,7358.0,20.0,1.0,0.0,1.0,6.38,0.168,-2.196,0.0,35.0,25.93,0.0,6.0,1641.0,49.0,15.05,-0.21,-0.76,0.01,-31.5,-100.11,-20.0,299.0,TEST2RR,AKR_TEST2RR,0.0,1.0,1.0,100.0
91120,1,walk,walk,7359,,7359.0,20.0,1.0,0.0,1.0,6.86,0.106,-4.604,0.0,35.0,25.9,0.0,6.0,1641.0,49.0,15.63,-0.21,-0.76,0.0,-29.87,-98.18,-28.92,299.0,TEST2RR,AKR_TEST2RR,0.0,1.0,1.0,100.0
91140,1,walk,walk,7360,,7360.0,20.0,1.0,0.0,1.0,7.3,0.053,-2.446,0.0,35.0,25.93,0.0,6.0,1641.0,49.0,15.95,-0.22,-0.76,-0.01,-27.85,-94.19,-36.84,299.0,TEST2RR,AKR_TEST2RR,0.0,1.0,1.0,100.0
91200,1,walk,walk,7361,,7361.0,20.0,1.0,0.0,1.0,7.67,0.046,0.241,0.0,35.0,25.93,0.0,6.0,1641.0,49.0,15.61,-0.22,-0.78,-0.03,-25.34,-88.6,-43.39,299.0,TEST2RR,AKR_TEST2RR,0.0,1.0,1.0,100.0
91200,1,walk,walk,7362,,7362.0,20.0,1.0,0.0,1.0,7.97,0.05,0.135,0.0,35.0,25.93,0.0,6.0,1641.0,49.0,14.54,-0.21,-0.81,-0.05,-22.21,-82.1,-48.46,299.0,TEST2RR,AKR_TEST2RR,0.0,1.0,1.0,100.0
91200,1,walk,walk,7363,,7363.0,20.0,1.0,0.0,1.0,8.18,0.056,0.549,0.0,35.0,25.93,0.0,6.0,1641.0,49.0,12.89,-0.2,-0.86,-0.08,-18.43,-75.37,-52.04,299.0,TEST2RR,AKR_TEST2RR,0.0,1.0,1.0,100.0
91240,1,walk,walk,7364,,7364.0,20.0,1.0,0.0,1.0,8.3,0.061,0.053,0.0,35.0,25.93,0.0,6.0,1641.0,49.0,10.93,-0.17,-0.9,-0.1,-14.16,-68.65,-54.21,299.0,TEST2RR,AKR_TEST2RR,0.0,1.0,1.0,100.0
91240,1,walk,walk,7365,,7365.0,20.0,1.0,0.0,1.0,8.32,0.064,0.228,0.0,35.0,25.9,0.0,6.0,1641.0,49.0,8.91,-0.15,-0.95,-0.11,-9.81,-62.02,-55.02,299.0,TEST2RR,AKR_TEST2RR,0.0,1.0,1.0,100.0
91260,1,walk,walk,7366,,7366.0,20.0,1.0,0.0,1.0,8.24,0.067,0.248,0.0,35.0,25.93,0.0,6.0,1641.0,49.0,7.01,-0.12,-0.99,-0.11,-5.87,-55.55,-54.63,299.0,TEST2RR,AKR_TEST2RR,0.0,1.0,1.0,100.0
91280,1,walk,walk,7367,,7367.0,20.0,0.0,0.0,1.0,8.05,0.069,0.054,0.0,35.0,25.93,0.0,5.0,1641.0,49.0,5.33,-0.1,-1.02,-0.1,-2.67,-49.31,-53.22,299.0,TEST2RR,AKR_TEST2RR,0.0,1.0,1.0,100.0
91300,1,walk,walk,7368,,7368.0,20.0,1.0,0.0,1.0,7.78,0.07,0.095,0.0,35.0,25.93,0.0,6.0,1641.0,49.0,3.89,-0.07,-1.05,-0.09,-0.3,-43.41,-50.98,299.0,TEST2RR,AKR_TEST2RR,0.0,1.0,1.0,100.0
91340,1,walk,walk,7369,,7369.0,20.0,1.0,0.0,1.0,7.41,0.071,0.064,0.0,35.0,25.93,0.0,6.0,1641.0,49.0,2.71,-0.05,-1.07,-0.08,1.33,-37.93,-48.1,299.0,TEST2RR,AKR_TEST2RR,0.0,1.0,1.0,100.0
91360,1,walk,walk,7370,,7370.0,20.0,1.0,0.0,1.0,6.95,0.07,0.014,0.0,35.0,25.93,0.0,6.0,1641.0,49.0,1.78,-0.03,-1.08,-0.08,2.44,-32.97,-44.79,299.0,TEST2RR,AKR_TEST2RR,0.0,1.0,1.0,100.0
91360,1,walk,walk,7371,,7371.0,20.0,1.0,0.0,1.0,6.42,0.07,0.072,0.0,35.0,25.9,0.0,6.0,1641.0,49.0,1.07,-0.02,-1.09,-0.07,3.21,-28.52,-41.22,299.0,TEST2RR,AKR_TEST2RR,0.0,1.0,1.0,100.0
91380,1,walk,walk,7372,,7372.0,20.0,0.0,0.0,1.0,5.83,0.07,-0.085,0.0,35.0,25.93,0.0,5.0,1641.0,49.0,0.55,-0.01,-1.09,-0.07,3.74,-24.54,-37.58,299.0,TEST2RR,AKR_TEST2RR,0.0,1.0,1.0,100.0
91400,1,walk,walk,7373,,7373.0,20.0,0.0,0.0,1.0,5.19,0.071,0.115,0.0,35.0,25.93,0.0,5.0,1641.0,49.0,0.18,0.0,-1.09,-0.07,4.07,-20.98,-34.02,299.0,TEST2RR,AKR_TEST2RR,0.0,1.0,1.0,100.0
91420,1,walk,walk,7374,,7374.0,20.0,0.0,0.0,1.0,4.51,0.075,0.292,0.0,35.0,25.9,0.0,5.0,1641.0,49.0,-0.06,0.0,-1.09,-0.06,4.22,-17.81,-30.72,299.0,TEST2RR,AKR_TEST2RR,0.0,1.0,1.0,100.0
91440,1,walk,walk,7375,,7375.0,20.0,0.0,0.0,1.0,3.81,0.081,0.394,0.0,35.0,25.9,0.0,5.0,1641.0,49.0,-0.18,0.0,-1.08,-0.06,4.22,-15.01,-27.85,299.0,TEST2RR,AKR_TEST2RR,0.0,1.0,1.0,100.0
91460,1,walk,walk,7376,,7376.0,20.0,0.0,0.0,1.0,3.09,0.087,0.452,0.0,35.0,25.93,0.0,5.0,1641.0,49.0,-0.23,0.0,-1.08,-0.06,4.11,-12.57,-25.53,299.0,TEST2RR,AKR_TEST2RR,0.0,1.0,1.0,100.0
91500,1,walk,walk,7377,,7377.0,20.0,1.0,0.0,1.0,2.36,0.095,0.622,0.0,35.0,25.93,0.0,6.0,1641.0,49.0,-0.23,0.0,-1.07,-0.06,3.91,-10.46,-23.82,299.0,TEST2RR,AKR_TEST2RR,0.0,1.0,1.0,100.0
91520,1,walk,walk,7378,,7378.0,20.0,0.0,0.0,1.0,1.65,0.104,0.51,0.0,35.0,25.93,0.0,5.0,1641.0,49.0,-0.24,0.0,-1.06,-0.06,3.67,-8.67,-22.75,299.0,TEST2RR,AKR_TEST2RR,0.0,1.0,1.0,100.0
91520,1,walk,walk,7379,,7379.0,20.0,1.0,0.0,1.0,0.94,0.112,0.655,0.0,35.0,25.93,0.0,6.0,1641.0,49.0,-0.28,0.01,-1.06,-0.06,3.44,-7.15,-22.24,299.0,TEST2RR,AKR_TEST2RR,0.0,1.0,1.0,100.0
91540,1,walk,walk,7380,,7380.0,20.0,1.0,0.0,1.0,0.26,0.125,0.805,0.0,35.0,25.9,0.0,6.0,1641.0,49.0,-0.39,0.01,-1.05,-0.06,3.28,-5.86,-22.21,299.0,TEST2RR,AKR_TEST2RR,0.0,1.0,1.0,100.0
91560,1,walk,walk,7381,,7381.0,20.0,1.0,0.0,1.0,-0.4,0.134,0.593,0.0,35.0,25.93,0.0,6.0,1641.0,49.0,-0.58,0.01,-1.05,-0.06,3.23,-4.82,-22.52,299.0,TEST2RR,AKR_TEST2RR,0.0,1.0,1.0,100.0
91580,1,walk,walk,7382,,7382.0,20.0,1.0,0.0,1.0,-1.03,0.14,0.296,0.0,35.0,25.93,0.0,6.0,1641.0,49.0,-0.85,0.02,-1.05,-0.06,3.29,-3.96,-22.97,299.0,TEST2RR,AKR_TEST2RR,0.0,1.0,1.0,100.0
91600,1,walk,walk,7383,,7383.0,20.0,1.0,0.0,1.0,-1.63,0.146,0.327,0.0,35.0,25.93,0.0,6.0,1641.0,49.0,-1.2,0.02,-1.04,-0.06,3.46,-3.27,-23.37,299.0,TEST2RR,AKR_TEST2RR,0.0,1.0,1.0,100.0
91620,1,walk,walk,7384,,7384.0,20.0,1.0,0.0,1.0,-2.21,0.148,0.091,0.0,35.0,25.9,0.0,6.0,1641.0,49.0,-1.63,0.03,-1.04,-0.06,3.71,-2.7,-23.53,299.0,TEST2RR,AKR_TEST2RR,0.0,1.0,1.0,100.0
91640,1,walk,walk,7385,,7385.0,20.0,1.0,0.0,1.0,-2.76,0.147,-0.03,0.0,35.0,25.93,0.0,6.0,1641.0,49.0,-2.1,0.04,-1.04,-0.06,4.01,-2.22,-23.28,300.0,TEST2RR,AKR_TEST2RR,0.0,1.0,1.0,100.0
91680,1,walk,walk,7386,,7386.0,20.0,1.0,0.0,1.0,-3.28,0.147,-0.113,0.0,35.0,25.93,0.0,6.0,1641.0,49.0,-2.61,0.05,-1.04,-0.06,4.34,-1.81,-22.52,300.0,TEST2RR,AKR_TEST2RR,0.0,1.0,1.0,100.0
91680,1,walk,walk,7387,,7387.0,20.0,1.0,0.0,1.0,-3.78,0.143,-0.289,0.0,35.0,25.9,0.0,6.0,1641.0,49.0,-3.14,0.06,-1.04,-0.06,4.71,-1.41,-21.15,300.0,TEST2RR,AKR_TEST2RR,0.0,1.0,1.0,100.0
91700,1,walk,walk,7388,,7388.0,20.0,1.0,0.0,1.0,-4.26,0.136,-0.383,0.0,35.0,25.9,0.0,6.0,1641.0,49.0,-3.67,0.07,-1.04,-0.06,5.1,-1.03,-19.13,300.0,TEST2RR,AKR_TEST2RR,0.0,1.0,1.0,100.0
91720,1,walk,walk,7389,,7389.0,20.0,1.0,0.0,1.0,-4.71,0.128,-0.3,0.0,35.0,25.9,0.0,6.0,1641.0,49.0,-4.18,0.08,-1.04,-0.06,5.53,-0.63,-16.41,300.0,TEST2RR,AKR_TEST2RR,0.0,1.0,1.0,100.0
91740,1,walk,walk,7390,,7390.0,20.0,1.0,0.0,1.0,-5.15,0.123,-0.241,0.0,34.0,25.93,0.0,6.0,1641.0,49.0,-4.64,0.08,-1.04,-0.06,5.98,-0.24,-13.07,300.0,TEST2RR,AKR_TEST2RR,0.0,1.0,1.0,100.0
91760,1,walk,walk,7391,,7391.0,20.0,1.0,0.0,1.0,-5.57,0.118,-0.265,0.0,34.0,25.93,0.0,6.0,1641.0,49.0,-4.99,0.09,-1.04,-0.06,6.44,0.13,-9.27,300.0,TEST2RR,AKR_TEST2RR,0.0,1.0,1.0,100.0
91780,1,walk,walk,7392,,7392.0,20.0,1.0,0.0,1.0,-5.96,0.115,0.026,0.0,34.0,25.93,0.0,6.0,1641.0,49.0,-5.24,0.1,-1.04,-0.06,6.92,0.41,-5.22,300.0,TEST2RR,AKR_TEST2RR,0.0,1.0,1.0,100.0
91820,1,walk,walk,7393,,7393.0,20.0,1.0,0.0,1.0,-6.33,0.117,0.049,0.0,34.0,25.93,0.0,6.0,1641.0,49.0,-5.33,0.1,-1.04,-0.06,7.34,0.48,-1.16,300.0,TEST2RR,AKR_TEST2RR,0.0,1.0,1.0,100.0
91840,1,walk,walk,7394,,7394.0,20.0,0.0,0.0,1.0,-6.67,0.131,1.2,0.0,34.0,25.93,0.0,5.0,1641.0,49.0,-5.26,0.1,-1.05,-0.06,7.59,-0.07,2.58,300.0,TEST2RR,AKR_TEST2RR,0.0,1.0,1.0,100.0
91840,1,walk,walk,7395,,7395.0,20.0,0.0,0.0,1.0,-6.99,0.154,1.779,0.0,34.0,25.93,0.0,5.0,1641.0,49.0,-5.05,0.09,-1.05,-0.07,7.59,-1.64,5.68,300.0,TEST2RR,AKR_TEST2RR,0.0,1.0,1.0,100.0
91860,1,walk,walk,7396,,7396.0,20.0,0.0,0.0,1.0,-7.26,0.177,1.686,0.0,34.0,25.93,0.0,5.0,1641.0,49.0,-4.71,0.09,-1.05,-0.08,7.26,-4.56,7.92,300.0,TEST2RR,AKR_TEST2RR,0.0,1.0,1.0,100.0
91880,1,walk,walk,7397,,7397.0,20.0,0.0,0.0,1.0,-7.5,0.196,1.388,0.0,34.0,25.93,0.0,5.0,1641.0,49.0,-4.31,0.08,-1.05,-0.09,6.51,-9.06,9.24,300.0,TEST2RR,AKR_TEST2RR,0.0,1.0,1.0,100.0
91900,1,walk,walk,7398,,7398.0,20.0,0.0,0.0,1.0,-7.7,0.212,0.727,0.0,34.0,25.93,0.0,5.0,1641.0,49.0,-3.84,0.07,-1.05,-0.1,5.34,-15.24,9.75,300.0,TEST2RR,AKR_TEST2RR,0.0,1.0,1.0,100.0
91920,1,walk,walk,7399,,7399.0,20.0,0.0,0.0,1.0,-7.86,0.221,0.579,0.0,34.0,25.93,0.0,5.0,1641.0,49.0,-3.24,0.06,-1.06,-0.11,3.78,-23.12,9.76,300.0,TEST2RR,AKR_TEST2RR,0.0,1.0,1.0,100.0
91940,1,walk,walk,7400,,7400.0,20.0,0.0,0.0,1.0,-7.98,0.224,-0.216,0.0,34.0,25.93,0.0,5.0,1641.0,49.0,-2.44,0.05,-1.07,-0.11,1.99,-32.63,9.72,300.0,TEST2RR,AKR_TEST2RR,0.0,1.0,1.0,100.0
91980,1,walk,walk,7401,,7401.0,20.0,0.0,0.0,1.0,-8.05,0.215,-0.809,0.0,34.0,25.93,0.0,5.0,1641.0,49.0,-1.4,0.03,-1.08,-0.12,0.11,-43.49,10.01,300.0,TEST2RR,AKR_TEST2RR,0.0,1.0,1.0,100.0
92020,1,walk,walk,7402,,7402.0,20.0,0.0,0.0,1.0,-8.08,0.202,-0.895,0.0,34.0,25.93,0.0,5.0,1641.0,49.0,-0.2,0.0,-1.09,-0.12,-1.74,-55.07,10.97,300.0,TEST2RR,AKR_TEST2RR,0.0,1.0,1.0,100.0
92020,1,walk,walk,7403,,7403.0,20.0,0.0,0.0,1.0,-8.07,0.191,-0.747,0.0,34.0,25.93,0.0,5.0,1641.0,49.0,1.06,-0.02,-1.1,-0.11,-3.46,-66.52,12.83,300.0,TEST2RR,AKR_TEST2RR,0.0,1.0,1.0,100.0
92020,1,walk,walk,7404,,7404.0,20.0,0.0,0.0,1.0,-8.01,0.176,-1.045,0.0,34.0,25.93,0.0,5.0,1641.0,49.0,2.28,-0.04,-1.11,-0.1,-5.02,-76.89,15.67,300.0,TEST2RR,AKR_TEST2RR,0.0,1.0,1.0,100.0
92040,1,walk,walk,7405,,7405.0,20.0,0.0,0.0,1.0,-7.92,0.164,-0.68,0.0,34.0,25.93,0.0,5.0,1641.0,49.0,3.41,-0.07,-1.12,-0.09,-6.39,-85.41,19.39,300.0,TEST2RR,AKR_TEST2RR,0.0,1.0,1.0,100.0
92060,1,walk,walk,7406,,7406.0,20.0,0.0,0.0,1.0,-7.79,0.152,-0.821,0.0,34.0,25.9,0.0,5.0,1641.0,49.0,4.41,-0.09,-1.12,-0.07,-7.57,-91.61,23.75,300.0,TEST2RR,AKR_TEST2RR,0.0,1.0,1.0,100.0
92080,1,walk,walk,7407,,7407.0,20.0,0.0,0.0,1.0,-7.62,0.144,-0.311,0.0,34.0,25.93,0.0,5.0,1641.0,49.0,5.31,-0.1,-1.12,-0.06,-8.59,-95.45,28.35,300.0,TEST2RR,AKR_TEST2RR,0.0,1.0,1.0,100.0
92100,1,walk,walk,7408,,7408.0,20.0,0.0,0.0,1.0,-7.4,0.137,-0.746,0.0,34.0,25.93,0.0,5.0,1641.0,49.0,6.12,-0.12,-1.11,-0.04,-9.46,-97.22,32.74,300.0,TEST2RR,AKR_TEST2RR,0.0,1.0,1.0,100.0
92120,1,walk,walk,7409,,7409.0,20.0,0.0,0.0,1.0,-7.13,0.124,-0.763,0.0,34.0,25.93,0.0,5.0,1641.0,49.0,6.88,-0.13,-1.09,-0.03,-10.17,-97.47,36.52,300.0,TEST2RR,AKR_TEST2RR,0.0,1.0,1.0,100.0
92160,1,walk,walk,7410,,7410.0,20.0,0.0,0.0,1.0,-6.82,0.12,0.038,0.0,34.0,25.93,0.0,5.0,1641.0,49.0,7.59,-0.14,-1.06,-0.02,-10.71,-96.81,39.29,300.0,TEST2RR,AKR_TEST2RR,0.0,1.0,1.0,100.0
92160,1,walk,walk,7411,,7411.0,20.0,0.0,0.0,1.0,-6.45,0.12,0.06,0.0,34.0,25.93,0.0,5.0,1641.0,49.0,8.24,-0.15,-1.03,-0.02,-11.07,-95.79,40.7,300.0,TEST2RR,AKR_TEST2RR,0.0,1.0,1.0,100.0
92180,1,walk,walk,7412,,7412.0,20.0,0.0,0.0,1.0,-6.03,0.12,-0.069,0.0,34.0,25.93,0.0,5.0,1641.0,49.0,8.8,-0.16,-1.0,-0.01,-11.23,-94.75,40.59,300.0,TEST2RR,AKR_TEST2RR,0.0,1.0,1.0,100.0
92200,1,walk,walk,7413,,7413.0,20.0,0.0,6.0,2.0,-5.55,0.121,0.066,0.0,34.0,25.93,0.0,5.0,1641.0,49.0,9.25,-0.16,-0.97,-0.01,-11.2,-93.81,38.93,300.0,TEST2RR,AKR_TEST2RR,0.0,1.0,1.0,100.0
92220,1,walk,walk,7414,,7414.0,20.0,0.0,6.0,2.0,-5.02,0.121,0.06,0.023,34.0,25.86,0.0,18.0,1641.0,49.0,9.62,-0.16,-0.94,-0.02,-11.04,-92.51,35.98,300.0,TEST2RR,AKR_TEST2RR,0.0,1.0,1.0,100.0
92260,1,walk,walk,7415,,7415.0,20.0,0.0,6.0,2.0,-4.45,0.078,-3.339,-1.198,34.0,25.79,0.0,18.0,1641.0,49.0,9.92,-0.16,-0.91,-0.02,-10.79,-90.74,32.25,300.0,TEST2RR,AKR_TEST2RR,0.0,1.0,1.0,100.0
92300,1,walk,walk,7416,,7416.0,20.0,0.0,6.0,2.0,-3.83,0.044,-1.55,-1.918,34.0,25.79,0.0,18.0,1641.0,49.0,10.17,-0.16,-0.88,-0.02,-10.48,-88.57,27.97,300.0,TEST2RR,AKR_TEST2RR,0.0,1.0,1.0,100.0
92300,1,walk,walk,7417,,7417.0,20.0,0.0,6.0,2.0,-3.17,0.031,-0.626,-2.325,34.0,25.79,0.0,18.0,1641.0,49.0,10.36,-0.16,-0.86,-0.03,-10.1,-86.16,23.26,300.0,TEST2RR,AKR_TEST2RR,0.0,1.0,1.0,100.0
92320,1,walk,walk,7418,,7418.0,20.0,1.0,6.0,2.0,-2.48,0.025,-0.177,-2.644,34.0,25.76,0.0,19.0,1641.0,49.0,10.54,-0.16,-0.85,-0.04,-9.63,-83.76,18.24,300.0,TEST2RR,AKR_TEST2RR,0.0,1.0,1.0,100.0
92320,1,walk,walk,7419,,7419.0,20.0,1.0,6.0,2.0,-1.78,0.025,-0.005,-2.838,34.0,25.76,0.0,19.0,1641.0,49.0,10.75,-0.16,-0.84,-0.05,-9.05,-81.64,13.08,300.0,TEST2RR,AKR_TEST2RR,0.0,1.0,1.0,100.0
92340,1,walk,walk,7420,,7420.0,20.0,0.0,6.0,2.0,-1.08,0.025,0.096,-2.992,34.0,25.76,0.0,18.0,1641.0,49.0,11.01,-0.16,-0.84,-0.07,-8.4,-79.98,7.95,300.0,TEST2RR,AKR_TEST2RR,0.0,1.0,1.0,100.0
92360,1,walk,walk,7421,,7421.0,20.0,1.0,6.0,2.0,-0.38,0.025,0.066,-3.089,34.0,25.72,0.0,19.0,1641.0,49.0,11.3,-0.17,-0.85,-0.08,-7.74,-78.84,3.05,300.0,TEST2RR,AKR_TEST2RR,0.0,1.0,1.0,100.0
92380,1,walk,walk,7422,,7422.0,20.0,1.0,6.0,2.0,0.3,0.026,0.013,-3.253,34.0,25.72,0.0,19.0,1641.0,49.0,11.62,-0.18,-0.86,-0.1,-7.13,-78.21,-1.42,300.0,TEST2RR,AKR_TEST2RR,0.0,1.0,1.0,100.0
92400,1,walk,walk,7423,,7423.0,20.0,1.0,6.0,2.0,0.96,0.027,-0.01,-3.421,34.0,25.69,0.0,19.0,1641.0,49.0,11.88,-0.18,-0.87,-0.11,-6.66,-77.99,-5.32,300.0,TEST2RR,AKR_TEST2RR,0.0,1.0,1.0,100.0
92420,1,walk,walk,7424,,7424.0,20.0,1.0,6.0,2.0,1.57,0.024,-0.182,-2.734,34.0,25.76,0.0,19.0,1641.0,49.0,11.9,-0.18,-0.88,-0.13,-6.4,-77.83,-8.86,300.0,TEST2RR,AKR_TEST2RR,0.0,1.0,1.0,100.0
92460,1,walk,walk,7425,,7425.0,20.0,1.0,6.0,2.0,2.15,0.023,-0.207,-2.679,34.0,25.76,0.0,19.0,1641.0,49.0,11.53,-0.18,-0.89,-0.15,-6.41,-77.53,-12.26,300.0,TEST2RR,AKR_TEST2RR,0.0,1.0,1.0,100.0
92480,1,walk,walk,7426,,7426.0,20.0,1.0,6.0,2.0,2.67,0.021,-0.07,-2.536,34.0,25.79,0.0,19.0,1641.0,49.0,10.78,-0.17,-0.9,-0.16,-6.61,-77.01,-15.57,300.0,TEST2RR,AKR_TEST2RR,0.0,1.0,1.0,100.0
92500,1,walk,walk,7427,,7427.0,20.0,1.0,6.0,2.0,3.14,0.019,-0.092,-2.363,34.0,25.79,0.0,19.0,1641.0,49.0,9.72,-0.16,-0.92,-0.18,-6.91,-76.31,-18.76,300.0,TEST2RR,AKR_TEST2RR,0.0,1.0,1.0,100.0
92500,1,walk,walk,7428,,7428.0,20.0,1.0,6.0,2.0,3.54,0.019,-0.003,-2.302,34.0,25.79,0.0,19.0,1641.0,49.0,8.49,-0.14,-0.93,-0.19,-7.19,-75.52,-21.74,300.0,TEST2RR,AKR_TEST2RR,0.0,1.0,1.0,100.0
92520,1,walk,walk,7429,,7429.0,20.0,1.0,6.0,2.0,3.88,0.018,0.032,-2.112,34.0,25.83,0.0,19.0,1641.0,49.0,7.16,-0.12,-0.96,-0.19,-7.35,-74.68,-24.34,300.0,TEST2RR,AKR_TEST2RR,0.0,1.0,1.0,100.0
92540,1,walk,walk,7430,,7430.0,20.0,1.0,6.0,2.0,4.16,0.017,-0.115,-2.008,34.0,25.83,0.0,19.0,1641.0,49.0,5.81,-0.1,-0.98,-0.2,-7.38,-73.72,-26.41,300.0,TEST2RR,AKR_TEST2RR,0.0,1.0,1.0,100.0
92560,1,walk,walk,7431,,7431.0,20.0,1.0,6.0,2.0,4.36,0.016,-0.03,-1.925,34.0,25.83,0.0,19.0,1641.0,49.0,4.5,-0.08,-1.0,-0.19,-7.22,-72.44,-27.81,300.0,TEST2RR,AKR_TEST2RR,0.0,1.0,1.0,100.0
92580,1,walk,walk,7432,,7432.0,20.0,1.0,6.0,2.0,4.5,0.015,-0.088,-1.847,34.0,25.83,0.0,19.0,1641.0,49.0,3.26,-0.06,-1.02,-0.18,-6.89,-70.53,-28.46,300.0,TEST2RR,AKR_TEST2RR,0.0,1.0,1.0,100.0
92620,1,walk,walk,7433,,7433.0,20.0,1.0,6.0,2.0,4.56,0.014,-0.117,-1.802,34.0,25.83,0.0,19.0,1641.0,49.0,2.14,-0.04,-1.04,-0.16,-6.42,-67.75,-28.33,300.0,TEST2RR,AKR_TEST2RR,0.0,1.0,1.0,100.0
92640,1,walk,walk,7434,,7434.0,20.0,1.0,6.0,2.0,4.56,0.014,-0.271,-1.645,34.0,25.86,0.0,19.0,1641.0,49.0,1.2,-0.02,-1.06,-0.14,-5.88,-64.02,-27.47,300.0,TEST2RR,AKR_TEST2RR,0.0,1.0,1.0,100.0
92640,1,walk,walk,7435,,7435.0,20.0,1.0,6.0,2.0,4.49,0.013,-0.112,-1.595,34.0,25.86,0.0,19.0,1641.0,49.0,0.47,-0.01,-1.07,-0.11,-5.36,-59.42,-26.0,300.0,TEST2RR,AKR_TEST2RR,0.0,1.0,1.0,100.0
92660,1,walk,walk,7436,,7436.0,20.0,1.0,6.0,2.0,4.36,0.012,-0.057,-1.505,34.0,25.86,0.0,19.0,1641.0,49.0,-0.03,0.0,-1.08,-0.09,-4.9,-54.22,-24.08,300.0,TEST2RR,AKR_TEST2RR,0.0,1.0,1.0,100.0
92680,1,walk,walk,7437,,7437.0,20.0,1.0,6.0,2.0,4.18,0.012,-0.001,-1.434,34.0,25.86,0.0,19.0,1641.0,49.0,-0.3,0.01,-1.08,-0.07,-4.48,-48.71,-21.88,300.0,TEST2RR,AKR_TEST2RR,0.0,1.0,1.0,100.0
92700,1,walk,walk,7438,,7438.0,20.0,1.0,6.0,2.0,3.94,0.011,-0.06,-1.4,34.0,25.86,0.0,19.0,1641.0,49.0,-0.37,0.01,-1.08,-0.06,-4.09,-43.19,-19.56,300.0,TEST2RR,AKR_TEST2RR,0.0,1.0,1.0,100.0
92740,1,walk,walk,7439,,7439.0,20.0,1.0,6.0,2.0,3.67,0.011,-0.025,-1.374,34.0,25.86,0.0,19.0,1641.0,49.0,-0.29,0.01,-1.08,-0.05,-3.66,-37.87,-17.21,300.0,TEST2RR,AKR_TEST2RR,0.0,1.0,1.0,100.0
92760,1,walk,walk,7440,,7440.0,20.0,1.0,6.0,2.0,3.36,0.01,0.013,-1.311,34.0,25.86,0.0,19.0,1641.0,49.0,-0.09,0.0,-1.08,-0.04,-3.18,-32.87,-14.94,301.0,TEST2RR,AKR_TEST2RR,0.0,1.0,1.0,100.0
92780,1,walk,walk,7441,,7441.0,20.0,1.0,6.0,2.0,3.02,0.01,-0.005,-1.203,34.0,25.9,0.0,19.0,1641.0,49.0,0.19,0.0,-1.08,-0.04,-2.66,-28.28,-12.8,301.0,TEST2RR,AKR_TEST2RR,0.0,1.0,1.0,100.0
92780,1,walk,walk,7442,,7442.0,20.0,1.0,6.0,2.0,2.67,0.009,-0.045,-1.13,34.0,25.86,0.0,19.0,1641.0,49.0,0.52,-0.01,-1.07,-0.03,-2.12,-24.13,-10.81,301.0,TEST2RR,AKR_TEST2RR,0.0,1.0,1.0,100.0
92800,1,walk,walk,7443,,7443.0,20.0,1.0,6.0,2.0,2.32,0.008,-0.066,-1.004,34.0,25.9,0.0,19.0,1641.0,49.0,0.88,-0.02,-1.07,-0.03,-1.61,-20.44,-8.99,301.0,TEST2RR,AKR_TEST2RR,0.0,1.0,1.0,100.0
92820,1,walk,walk,7444,,7444.0,20.0,1.0,6.0,2.0,1.96,0.007,0.025,-0.906,34.0,25.9,0.0,19.0,1641.0,49.0,1.24,-0.02,-1.06,-0.03,-1.15,-17.2,-7.36,301.0,TEST2RR,AKR_TEST2RR,0.0,1.0,1.0,100.0
92840,1,walk,walk,7445,,7445.0,20.0,1.0,6.0,2.0,1.6,0.007,-0.147,-0.84,34.0,25.9,0.0,19.0,1641.0,49.0,1.6,-0.03,-1.06,-0.03,-0.78,-14.4,-5.89,301.0,TEST2RR,AKR_TEST2RR,0.0,1.0,1.0,100.0
92880,1,walk,walk,7446,,7446.0,20.0,1.0,6.0,2.0,1.26,0.006,-0.107,-0.689,34.0,25.9,0.0,19.0,1641.0,49.0,1.93,-0.04,-1.05,-0.04,-0.5,-12.0,-4.57,301.0,TEST2RR,AKR_TEST2RR,0.0,1.0,1.0,100.0
92880,1,walk,walk,7447,,7447.0,20.0,1.0,6.0,2.0,0.94,0.005,-0.021,-0.566,34.0,25.9,0.0,19.0,1641.0,49.0,2.25,-0.04,-1.05,-0.04,-0.3,-9.97,-3.41,301.0,TEST2RR,AKR_TEST2RR,0.0,1.0,1.0,100.0
