t_ms,segment_id,packet_type,source_mode,frame_fid,note,walk_fid,walk_dt_ms,walk_exec_ms,walk_out,walk_state,walk_tilt_forward_deg,walk_pos_rad,walk_vel_rad_s,walk_tq_nm,walk_temp_c,walk_vbus_v,walk_err_code,walk_fb_age_ms,walk_typical_stride_ms,walk_effective_step_count,walk_tilt_accel_deg,walk_acc_x,walk_acc_y,walk_acc_z,walk_gyr_x,walk_gyr_y,walk_gyr_z,cfg_fid,cfg_robot_id,cfg_ble_target,cfg_gait_model,cfg_gait_mode,cfg_side_is_left,cfg_assist_pct
241200,2,walk,walk,12917,,12917.0,20.0,0.0,0.0,1.0,5.84,0.187,0.009,0.0,33.0,25.97,0.0,0.0,0.0,0.0,4.4,-0.08,-1.02,-0.1,1.02,-0.63,-0.28,445.0,TEST2RR,AKR_TEST2RR,0.0,1.0,1.0,100.0
241200,2,walk,walk,12918,,12918.0,20.0,0.0,0.0,1.0,5.7,0.187,-0.009,0.0,33.0,26.0,0.0,0.0,0.0,0.0,4.2,-0.07,-1.01,-0.1,1.06,-0.78,0.02,445.0,TEST2RR,AKR_TEST2RR,0.0,1.0,1.0,100.0
241240,2,walk,walk,12919,,12919.0,20.0,0.0,0.0,1.0,5.57,0.187,-0.009,0.0,33.0,26.0,0.0,20.0,0.0,0.0,3.83,-0.07,-1.01,-0.1,1.08,-0.89,0.29,445.0,TEST2RR,AKR_TEST2RR,0.0,1.0,1.0,100.0
241240,2,walk,walk,12920,,12920.0,20.0,0.0,0.0,1.0,5.46,0.186,-0.026,0.0,33.0,25.97,0.0,19.0,0.0,0.0,3.29,-0.06,-1.01,-0.1,1.08,-0.94,0.52,445.0,TEST2RR,AKR_TEST2RR,0.0,1.0,1.0,100.0
241260,2,walk,walk,12921,,12921.0,20.0,0.0,0.0,1.0,5.36,0.186,-0.014,0.0,33.0,26.0,0.0,19.0,0.0,0.0,2.59,-0.05,-1.01,-0.1,1.08,-0.95,0.74,445.0,TEST2RR,AKR_TEST2RR,0.0,1.0,1.0,100.0
241280,2,walk,walk,12922,,12922.0,20.0,0.0,0.0,1.0,5.27,0.186,0.03,0.0,33.0,25.97,0.0,19.0,0.0,0.0,1.78,-0.03,-1.01,-0.1,1.09,-0.91,0.95,445.0,TEST2RR,AKR_TEST2RR,0.0,1.0,1.0,100.0
241300,2,walk,walk,12923,,12923.0,20.0,0.0,0.0,1.0,5.2,0.186,-0.054,0.0,33.0,25.97,0.0,19.0,0.0,0.0,0.89,-0.02,-1.01,-0.1,1.11,-0.83,1.16,445.0,TEST2RR,AKR_TEST2RR,0.0,1.0,1.0,100.0
241320,2,walk,walk,12924,,12924.0,20.0,0.0,0.0,1.0,5.13,0.186,-0.119,0.0,33.0,26.0,0.0,19.0,0.0,0.0,-0.02,0.0,-1.01,-0.1,1.13,-0.72,1.36,445.0,TEST2RR,AKR_TEST2RR,0.0,1.0,1.0,100.0
241360,2,walk,walk,12925,,12925.0,20.0,0.0,0.0,1.0,5.06,0.185,0.032,0.0,33.0,26.0,0.0,19.0,0.0,0.0,-0.94,0.02,-1.01,-0.1,1.15,-0.6,1.55,445.0,TEST2RR,AKR_TEST2RR,0.0,1.0,1.0,100.0
241500,2,walk,walk,12926,,12926.0,20.0,0.0,0.0,1.0,5.0,0.184,0.107,0.0,33.0,26.0,0.0,19.0,0.0,0.0,-1.82,0.03,-1.01,-0.1,1.16,-0.46,1.72,445.0,TEST2RR,AKR_TEST2RR,0.0,1.0,1.0,100.0
241500,2,walk,walk,12927,,12927.0,20.0,0.0,0.0,1.0,4.94,0.184,-0.028,0.0,33.0,26.0,0.0,19.0,0.0,0.0,-2.64,0.05,-1.01,-0.1,1.17,-0.32,1.87,445.0,TEST2RR,AKR_TEST2RR,0.0,1.0,1.0,100.0
241500,2,walk,walk,12928,,12928.0,20.0,0.0,0.0,1.0,4.89,0.183,0.009,0.0,33.0,25.97,0.0,19.0,0.0,0.0,-3.4,0.06,-1.01,-0.1,1.15,-0.18,1.99,445.0,TEST2RR,AKR_TEST2RR,0.0,1.0,1.0,100.0
241500,2,walk,walk,12929,,12929.0,20.0,0.0,0.0,1.0,4.83,0.183,0.002,0.0,33.0,26.0,0.0,19.0,0.0,0.0,-4.08,0.07,-1.01,-0.1,1.12,-0.05,2.06,445.0,TEST2RR,AKR_TEST2RR,0.0,1.0,1.0,100.0
241500,2,walk,walk,12930,,12930.0,20.0,0.0,0.0,1.0,4.77,0.183,-0.006,0.0,33.0,26.0,0.0,19.0,0.0,0.0,-4.68,0.08,-1.0,-0.11,1.07,0.07,2.09,445.0,TEST2RR,AKR_TEST2RR,0.0,1.0,1.0,100.0
241500,2,walk,walk,12931,,12931.0,20.0,0.0,0.0,1.0,4.71,0.183,-0.022,0.0,33.0,26.0,0.0,19.0,0.0,0.0,-5.2,0.09,-1.0,-0.11,1.02,0.17,2.08,445.0,TEST2RR,AKR_TEST2RR,0.0,1.0,1.0,100.0
241500,2,walk,walk,12932,,12932.0,20.0,0.0,0.0,1.0,4.64,0.183,-0.009,0.0,33.0,26.0,0.0,19.0,0.0,0.0,-5.66,0.1,-1.0,-0.11,0.96,0.27,2.04,445.0,TEST2RR,AKR_TEST2RR,0.0,1.0,1.0,100.0
241540,2,walk,walk,12933,,12933.0,20.0,0.0,0.0,1.0,4.57,0.183,-0.017,0.0,33.0,26.0,0.0,19.0,0.0,0.0,-6.05,0.11,-1.0,-0.11,0.9,0.35,1.97,445.0,TEST2RR,AKR_TEST2RR,0.0,1.0,1.0,100.0
241540,2,walk,walk,12934,,12934.0,20.0,0.0,0.0,1.0,4.49,0.183,-0.052,0.0,33.0,25.97,0.0,19.0,0.0,0.0,-6.39,0.11,-1.0,-0.11,0.85,0.42,1.9,445.0,TEST2RR,AKR_TEST2RR,0.0,1.0,1.0,100.0
241560,2,walk,walk,12935,,12935.0,20.0,0.0,0.0,1.0,4.4,0.183,-0.046,0.0,33.0,26.0,0.0,19.0,0.0,0.0,-6.67,0.12,-1.0,-0.11,0.8,0.47,1.83,445.0,TEST2RR,AKR_TEST2RR,0.0,1.0,1.0,100.0
241560,2,walk,walk,12936,,12936.0,20.0,0.0,6.0,2.0,4.3,0.182,-0.036,0.0,33.0,26.0,0.0,19.0,0.0,0.0,-6.91,0.12,-1.0,-0.11,0.77,0.51,1.77,445.0,TEST2RR,AKR_TEST2RR,0.0,1.0,1.0,100.0
241580,2,walk,walk,12937,,12937.0,20.0,0.0,6.0,2.0,4.2,0.182,0.01,0.012,33.0,25.97,0.0,18.0,0.0,0.0,-7.08,0.12,-1.0,-0.11,0.75,0.55,1.72,445.0,TEST2RR,AKR_TEST2RR,0.0,1.0,1.0,100.0
241600,2,walk,walk,12938,,12938.0,20.0,0.0,6.0,2.0,4.09,0.123,-4.504,-2.803,33.0,25.62,0.0,18.0,0.0,0.0,-7.23,0.13,-1.0,-0.11,0.73,0.74,2.41,445.0,TEST2RR,AKR_TEST2RR,0.0,1.0,1.0,100.0
241620,2,walk,walk,12939,,12939.0,20.0,0.0,6.0,2.0,3.98,0.075,-2.279,-3.794,33.0,25.58,0.0,18.0,0.0,0.0,-7.37,0.13,-1.0,-0.11,0.7,1.29,4.21,445.0,TEST2RR,AKR_TEST2RR,0.0,1.0,1.0,100.0
241640,2,walk,walk,12940,,12940.0,20.0,0.0,6.0,2.0,3.86,0.054,-1.0,-4.471,33.0,25.54,0.0,18.0,0.0,0.0,-7.44,0.13,-1.01,-0.11,0.64,2.07,6.94,445.0,TEST2RR,AKR_TEST2RR,0.0,1.0,1.0,100.0
241660,2,walk,walk,12941,,12941.0,20.0,0.0,6.0,2.0,3.74,0.045,-0.55,-4.476,33.0,25.54,0.0,18.0,0.0,0.0,-7.46,0.13,-1.01,-0.11,0.58,2.91,10.13,445.0,TEST2RR,AKR_TEST2RR,0.0,1.0,1.0,100.0
241680,2,walk,walk,12942,,12942.0,20.0,1.0,6.0,2.0,3.61,0.039,-0.213,-4.45,33.0,25.58,0.0,19.0,0.0,0.0,-7.4,0.13,-1.01,-0.11,0.57,3.67,13.34,445.0,TEST2RR,AKR_TEST2RR,0.0,1.0,1.0,100.0
241720,2,walk,walk,12943,,12943.0,20.0,1.0,6.0,2.0,3.49,0.036,-0.224,-4.189,33.0,25.62,0.0,19.0,0.0,0.0,-7.26,0.13,-1.01,-0.11,0.64,4.27,16.23,445.0,TEST2RR,AKR_TEST2RR,0.0,1.0,1.0,100.0
241720,2,walk,walk,12944,,12944.0,20.0,1.0,6.0,2.0,3.38,0.034,-0.023,-4.029,33.0,25.65,0.0,19.0,0.0,0.0,-7.06,0.12,-1.01,-0.12,0.79,4.66,18.58,445.0,TEST2RR,AKR_TEST2RR,0.0,1.0,1.0,100.0
241740,2,walk,walk,12945,,12945.0,20.0,1.0,6.0,2.0,3.28,0.033,-0.054,-3.93,33.0,25.69,0.0,19.0,0.0,0.0,-6.79,0.12,-1.01,-0.12,1.03,4.86,20.29,445.0,TEST2RR,AKR_TEST2RR,0.0,1.0,1.0,100.0
241760,2,walk,walk,12946,,12946.0,20.0,1.0,6.0,2.0,3.2,0.031,-0.066,-3.832,33.0,25.69,0.0,19.0,0.0,0.0,-6.46,0.11,-1.01,-0.12,1.32,4.87,21.34,445.0,TEST2RR,AKR_TEST2RR,0.0,1.0,1.0,100.0
241780,2,walk,walk,12947,,12947.0,20.0,1.0,6.0,2.0,3.13,0.031,-0.07,-3.768,33.0,25.69,0.0,19.0,0.0,0.0,-6.08,0.11,-1.01,-0.12,1.64,4.74,21.76,445.0,TEST2RR,AKR_TEST2RR,0.0,1.0,1.0,100.0
241800,2,walk,walk,12948,,12948.0,20.0,1.0,6.0,2.0,3.09,0.03,-0.088,-3.675,33.0,25.72,0.0,19.0,0.0,0.0,-5.66,0.1,-1.01,-0.12,1.94,4.52,21.64,445.0,TEST2RR,AKR_TEST2RR,0.0,1.0,1.0,100.0
241820,2,walk,walk,12949,,12949.0,20.0,1.0,6.0,2.0,3.07,0.029,-0.066,-3.638,33.0,25.72,0.0,19.0,0.0,0.0,-5.23,0.09,-1.01,-0.12,2.2,4.22,21.06,445.0,TEST2RR,AKR_TEST2RR,0.0,1.0,1.0,100.0
241840,2,walk,walk,12950,,12950.0,20.0,1.0,6.0,2.0,3.08,0.029,-0.088,-3.557,33.0,25.72,0.0,19.0,0.0,0.0,-4.79,0.08,-1.01,-0.12,2.39,3.89,20.14,445.0,TEST2RR,AKR_TEST2RR,0.0,1.0,1.0,100.0
241880,2,walk,walk,12951,,12951.0,20.0,1.0,6.0,2.0,3.11,0.028,-0.061,-3.471,33.0,25.76,0.0,19.0,0.0,0.0,-4.37,0.08,-1.01,-0.12,2.52,3.54,18.98,445.0,TEST2RR,AKR_TEST2RR,0.0,1.0,1.0,100.0
241900,2,walk,walk,12952,,12952.0,20.0,1.0,6.0,2.0,3.17,0.028,-0.017,-3.429,33.0,25.76,0.0,19.0,0.0,0.0,-3.97,0.07,-1.01,-0.12,2.58,3.18,17.68,445.0,TEST2RR,AKR_TEST2RR,0.0,1.0,1.0,100.0
241900,2,walk,walk,12953,,12953.0,20.0,1.0,6.0,2.0,3.24,0.027,-0.064,-3.299,33.0,25.76,0.0,19.0,0.0,0.0,-3.59,0.06,-1.01,-0.11,2.6,2.84,16.33,445.0,TEST2RR,AKR_TEST2RR,0.0,1.0,1.0,100.0
241920,2,walk,walk,12954,,12954.0,20.0,1.0,6.0,2.0,3.34,0.027,0.076,-3.266,33.0,25.79,0.0,19.0,0.0,0.0,-3.25,0.06,-1.01,-0.11,2.57,2.51,14.99,445.0,TEST2RR,AKR_TEST2RR,0.0,1.0,1.0,100.0
241940,2,walk,walk,12955,,12955.0,20.0,1.0,6.0,2.0,3.45,0.026,-0.088,-3.205,33.0,25.76,0.0,19.0,0.0,0.0,-2.93,0.05,-1.01,-0.11,2.51,2.2,13.7,445.0,TEST2RR,AKR_TEST2RR,0.0,1.0,1.0,100.0
241960,2,walk,walk,12956,,12956.0,20.0,1.0,6.0,2.0,3.57,0.025,-0.05,-3.131,33.0,25.79,0.0,19.0,0.0,0.0,-2.65,0.05,-1.01,-0.11,2.44,1.91,12.5,445.0,TEST2RR,AKR_TEST2RR,0.0,1.0,1.0,100.0
241980,2,walk,walk,12957,,12957.0,20.0,1.0,6.0,2.0,3.7,0.025,0.018,-3.101,33.0,25.79,0.0,19.0,0.0,0.0,-2.38,0.04,-1.01,-0.11,2.35,1.66,11.38,445.0,TEST2RR,AKR_TEST2RR,0.0,1.0,1.0,100.0
242000,2,walk,walk,12958,,12958.0,20.0,1.0,6.0,2.0,3.83,0.025,-0.096,-3.057,33.0,25.79,0.0,19.0,0.0,0.0,-2.14,0.04,-1.01,-0.11,2.27,1.44,10.36,445.0,TEST2RR,AKR_TEST2RR,0.0,1.0,1.0,100.0
242040,2,walk,walk,12959,,12959.0,20.0,1.0,6.0,2.0,3.97,0.025,0.057,-3.005,33.0,25.79,0.0,19.0,0.0,0.0,-1.93,0.03,-1.01,-0.11,2.18,1.24,9.43,445.0,TEST2RR,AKR_TEST2RR,0.0,1.0,1.0,100.0
242040,2,walk,walk,12960,,12960.0,20.0,1.0,6.0,2.0,4.1,0.024,-0.069,-2.984,33.0,25.79,0.0,19.0,0.0,0.0,-1.73,0.03,-1.01,-0.11,2.09,1.09,8.58,445.0,TEST2RR,AKR_TEST2RR,0.0,1.0,1.0,100.0
242060,2,walk,walk,12961,,12961.0,20.0,1.0,6.0,2.0,4.24,0.024,-0.089,-2.955,33.0,25.79,0.0,19.0,0.0,0.0,-1.55,0.03,-1.01,-0.11,2.0,0.96,7.8,445.0,TEST2RR,AKR_TEST2RR,0.0,1.0,1.0,100.0
242080,2,walk,walk,12962,,12962.0,20.0,1.0,6.0,2.0,4.36,0.024,0.021,-2.962,33.0,25.79,0.0,19.0,0.0,0.0,-1.39,0.02,-1.01,-0.11,1.91,0.86,7.08,445.0,TEST2RR,AKR_TEST2RR,0.0,1.0,1.0,100.0
242100,2,walk,walk,12963,,12963.0,20.0,1.0,6.0,2.0,4.48,0.023,-0.083,-2.924,33.0,25.83,0.0,19.0,0.0,0.0,-1.24,0.02,-1.01,-0.11,1.82,0.8,6.41,445.0,TEST2RR,AKR_TEST2RR,0.0,1.0,1.0,100.0
242120,2,walk,walk,12964,,12964.0,20.0,1.0,6.0,2.0,4.59,0.023,-0.088,-2.941,33.0,25.79,0.0,19.0,0.0,0.0,-1.12,0.02,-1.01,-0.11,1.73,0.75,5.79,445.0,TEST2RR,AKR_TEST2RR,0.0,1.0,1.0,100.0
242140,2,walk,walk,12965,,12965.0,20.0,0.0,6.0,2.0,4.69,0.023,0.034,-2.865,33.0,25.79,0.0,18.0,0.0,0.0,-1.01,0.02,-1.01,-0.11,1.65,0.72,5.22,445.0,TEST2RR,AKR_TEST2RR,0.0,1.0,1.0,100.0
242200,2,walk,walk,12966,,12966.0,20.0,0.0,6.0,2.0,4.78,0.023,-0.068,-2.893,34.0,25.83,0.0,18.0,0.0,0.0,-0.92,0.02,-1.01,-0.11,1.57,0.69,4.71,446.0,TEST2RR,AKR_TEST2RR,0.0,1.0,1.0,100.0
242200,2,walk,walk,12967,,12967.0,20.0,1.0,6.0,2.0,4.85,0.023,-0.042,-2.838,34.0,25.83,0.0,19.0,0.0,0.0,-0.84,0.01,-1.01,-0.11,1.51,0.67,4.25,446.0,TEST2RR,AKR_TEST2RR,0.0,1.0,1.0,100.0
242200,2,walk,walk,12968,,12968.0,20.0,1.0,6.0,2.0,4.92,0.022,-0.105,-2.821,34.0,25.83,0.0,19.0,0.0,0.0,-0.78,0.01,-1.01,-0.11,1.46,0.64,3.86,446.0,TEST2RR,AKR_TEST2RR,0.0,1.0,1.0,100.0
242220,2,walk,walk,12969,,12969.0,20.0,1.0,6.0,2.0,4.98,0.022,0.002,-2.747,34.0,25.83,0.0,19.0,0.0,0.0,-0.73,0.01,-1.01,-0.11,1.43,0.62,3.54,446.0,TEST2RR,AKR_TEST2RR,0.0,1.0,1.0,100.0
242240,2,walk,walk,12970,,12970.0,20.0,1.0,6.0,2.0,5.02,0.022,-0.088,-2.661,34.0,25.83,0.0,19.0,0.0,0.0,-0.68,0.01,-1.01,-0.11,1.43,0.58,3.28,446.0,TEST2RR,AKR_TEST2RR,0.0,1.0,1.0,100.0
242260,2,walk,walk,12971,,12971.0,20.0,1.0,6.0,2.0,5.05,0.021,-0.107,-2.618,34.0,25.86,0.0,19.0,0.0,0.0,-0.65,0.01,-1.01,-0.11,1.46,0.53,3.1,446.0,TEST2RR,AKR_TEST2RR,0.0,1.0,1.0,100.0
242280,2,walk,walk,12972,,12972.0,20.0,1.0,6.0,2.0,5.08,0.02,-0.092,-2.508,34.0,25.86,0.0,19.0,0.0,0.0,-0.62,0.01,-1.01,-0.11,1.52,0.46,2.98,446.0,TEST2RR,AKR_TEST2RR,0.0,1.0,1.0,100.0
242300,2,walk,walk,12973,,12973.0,20.0,1.0,6.0,2.0,5.09,0.019,-0.087,-2.374,34.0,25.86,0.0,19.0,0.0,0.0,-0.59,0.01,-1.01,-0.11,1.63,0.38,2.94,446.0,TEST2RR,AKR_TEST2RR,0.0,1.0,1.0,100.0
242320,2,walk,walk,12974,,12974.0,20.0,1.0,6.0,2.0,5.1,0.019,-0.022,-2.267,34.0,25.9,0.0,19.0,0.0,0.0,-0.57,0.01,-1.02,-0.11,1.78,0.28,2.96,446.0,TEST2RR,AKR_TEST2RR,0.0,1.0,1.0,100.0
242360,2,walk,walk,12975,,12975.0,20.0,1.0,6.0,2.0,5.09,0.017,-0.099,-2.179,34.0,25.9,0.0,19.0,0.0,0.0,-0.54,0.01,-1.02,-0.11,1.97,0.15,3.05,446.0,TEST2RR,AKR_TEST2RR,0.0,1.0,1.0,100.0
242380,2,walk,walk,12976,,12976.0,20.0,1.0,6.0,2.0,5.08,0.016,-0.152,-1.91,34.0,25.9,0.0,19.0,0.0,0.0,-0.52,0.01,-1.02,-0.11,2.21,0.0,3.23,446.0,TEST2RR,AKR_TEST2RR,0.0,1.0,1.0,100.0
242400,2,walk,walk,12977,,12977.0,20.0,1.0,6.0,2.0,5.07,0.014,-0.127,-1.707,34.0,25.9,0.0,19.0,0.0,0.0,-0.49,0.01,-1.02,-0.11,2.48,-0.18,3.5,446.0,TEST2RR,AKR_TEST2RR,0.0,1.0,1.0,100.0
242400,2,walk,walk,12978,,12978.0,20.0,1.0,6.0,2.0,5.05,0.012,-0.152,-1.459,34.0,25.93,0.0,19.0,0.0,0.0,-0.46,0.01,-1.02,-0.11,2.77,-0.38,3.86,446.0,TEST2RR,AKR_TEST2RR,0.0,1.0,1.0,100.0
242420,2,walk,walk,12979,,12979.0,20.0,1.0,6.0,2.0,5.02,0.01,-0.057,-1.213,34.0,25.93,0.0,19.0,0.0,0.0,-0.42,0.01,-1.02,-0.11,3.08,-0.58,4.31,446.0,TEST2RR,AKR_TEST2RR,0.0,1.0,1.0,100.0
242440,2,walk,walk,12980,,12980.0,20.0,1.0,6.0,2.0,4.99,0.009,-0.173,-0.95,34.0,25.93,0.0,19.0,0.0,0.0,-0.36,0.01,-1.02,-0.11,3.39,-0.77,4.82,446.0,TEST2RR,AKR_TEST2RR,0.0,1.0,1.0,100.0
242460,2,walk,walk,12981,,12981.0,20.0,1.0,6.0,2.0,4.96,0.007,-0.156,-0.761,34.0,25.97,0.0,19.0,0.0,0.0,-0.29,0.01,-1.02,-0.11,3.68,-0.96,5.36,446.0,TEST2RR,AKR_TEST2RR,0.0,1.0,1.0,100.0
242480,2,walk,walk,12982,,12982.0,20.0,1.0,6.0,2.0,4.93,0.005,-0.101,-0.544,34.0,25.97,0.0,19.0,0.0,0.0,-0.19,0.0,-1.02,-0.11,3.95,-1.13,5.89,446.0,TEST2RR,AKR_TEST2RR,0.0,1.0,1.0,100.0
242520,2,walk,walk,12983,,12983.0,20.0,1.0,6.0,2.0,4.9,0.004,-0.048,-0.395,34.0,25.97,0.0,19.0,0.0,0.0,-0.07,0.0,-1.02,-0.11,4.16,-1.26,6.37,446.0,TEST2RR,AKR_TEST2RR,0.0,1.0,1.0,100.0
242520,2,walk,walk,12984,,12984.0,20.0,1.0,6.0,2.0,4.88,0.003,-0.033,-0.378,34.0,25.97,0.0,19.0,0.0,0.0,0.07,0.0,-1.02,-0.1,4.32,-1.36,6.75,446.0,TEST2RR,AKR_TEST2RR,0.0,1.0,1.0,100.0
242540,2,walk,walk,12985,,12985.0,20.0,1.0,6.0,2.0,4.85,0.002,-0.019,-0.253,34.0,25.97,0.0,19.0,0.0,0.0,0.22,0.0,-1.02,-0.1,4.42,-1.42,7.01,446.0,TEST2RR,AKR_TEST2RR,0.0,1.0,1.0,100.0
242560,2,walk,walk,12986,,12986.0,20.0,1.0,6.0,2.0,4.83,0.002,0.08,-0.121,34.0,25.97,0.0,19.0,0.0,0.0,0.38,-0.01,-1.02,-0.1,4.45,-1.46,7.16,446.0,TEST2RR,AKR_TEST2RR,0.0,1.0,1.0,100.0
242580,2,walk,walk,12987,,12987.0,20.0,1.0,6.0,2.0,4.82,0.001,-0.042,-0.02,34.0,25.97,0.0,19.0,0.0,0.0,0.55,-0.01,-1.02,-0.1,4.42,-1.46,7.21,446.0,TEST2RR,AKR_TEST2RR,0.0,1.0,1.0,100.0
242600,2,walk,walk,12988,,12988.0,20.0,1.0,6.0,2.0,4.81,0.0,-0.097,0.019,34.0,25.97,0.0,19.0,0.0,0.0,0.7,-0.01,-1.02,-0.1,4.33,-1.45,7.19,446.0,TEST2RR,AKR_TEST2RR,0.0,1.0,1.0,100.0
242620,2,walk,walk,12989,,12989.0,20.0,1.0,6.0,2.0,4.8,-0.001,0.013,0.059,34.0,25.97,0.0,19.0,0.0,0.0,0.85,-0.02,-1.02,-0.1,4.2,-1.41,7.13,446.0,TEST2RR,AKR_TEST2RR,0.0,1.0,1.0,100.0
242640,2,walk,walk,12990,,12990.0,20.0,1.0,6.0,2.0,4.8,-0.001,-0.041,0.252,34.0,25.97,0.0,19.0,0.0,0.0,0.99,-0.02,-1.02,-0.1,4.05,-1.37,7.05,446.0,TEST2RR,AKR_TEST2RR,0.0,1.0,1.0,100.0
242680,2,walk,walk,12991,,12991.0,20.0,1.0,6.0,2.0,4.81,-0.002,-0.061,0.394,34.0,25.97,0.0,19.0,0.0,0.0,1.11,-0.02,-1.02,-0.09,3.9,-1.33,6.99,446.0,TEST2RR,AKR_TEST2RR,0.0,1.0,1.0,100.0
242680,2,walk,walk,12992,,12992.0,20.0,1.0,6.0,2.0,4.83,-0.003,-0.036,0.457,34.0,25.97,0.0,19.0,0.0,0.0,1.22,-0.02,-1.02,-0.09,3.77,-1.31,6.97,446.0,TEST2RR,AKR_TEST2RR,0.0,1.0,1.0,100.0
242700,2,walk,walk,12993,,12993.0,20.0,1.0,6.0,2.0,4.84,-0.004,-0.046,0.627,34.0,25.97,0.0,19.0,0.0,0.0,1.33,-0.02,-1.02,-0.09,3.68,-1.31,7.0,446.0,TEST2RR,AKR_TEST2RR,0.0,1.0,1.0,100.0
242720,2,walk,walk,12994,,12994.0,20.0,1.0,6.0,2.0,4.87,-0.006,-0.023,0.792,34.0,25.97,0.0,19.0,0.0,0.0,1.44,-0.03,-1.02,-0.09,3.64,-1.35,7.08,446.0,TEST2RR,AKR_TEST2RR,0.0,1.0,1.0,100.0
242740,2,walk,walk,12995,,12995.0,20.0,1.0,6.0,2.0,4.9,-0.007,-0.166,0.983,34.0,25.97,0.0,19.0,0.0,0.0,1.55,-0.03,-1.02,-0.09,3.66,-1.41,7.21,446.0,TEST2RR,AKR_TEST2RR,0.0,1.0,1.0,100.0
242760,2,walk,walk,12996,,12996.0,20.0,1.0,6.0,2.0,4.93,-0.009,-0.06,1.137,34.0,25.93,0.0,19.0,0.0,0.0,1.67,-0.03,-1.02,-0.09,3.76,-1.48,7.36,446.0,TEST2RR,AKR_TEST2RR,0.0,1.0,1.0,100.0
242780,2,walk,walk,12997,,12997.0,20.0,1.0,6.0,2.0,4.97,-0.01,-0.073,1.262,34.0,25.93,0.0,19.0,0.0,0.0,1.8,-0.03,-1.02,-0.09,3.92,-1.57,7.54,446.0,TEST2RR,AKR_TEST2RR,0.0,1.0,1.0,100.0
242820,2,walk,walk,12998,,12998.0,20.0,1.0,6.0,2.0,5.01,-0.012,-0.066,1.411,34.0,25.93,0.0,19.0,0.0,0.0,1.94,-0.03,-1.02,-0.09,4.14,-1.64,7.71,446.0,TEST2RR,AKR_TEST2RR,0.0,1.0,1.0,100.0
242840,2,walk,walk,12999,,12999.0,20.0,2.0,6.0,2.0,5.06,-0.013,-0.096,1.586,34.0,25.93,0.0,20.0,0.0,0.0,2.09,-0.04,-1.02,-0.09,4.41,-1.7,7.86,446.0,TEST2RR,AKR_TEST2RR,0.0,1.0,1.0,100.0
242840,2,walk,walk,13000,,13000.0,20.0,1.0,6.0,2.0,5.11,-0.015,-0.07,1.793,34.0,25.9,0.0,18.0,0.0,0.0,2.25,-0.04,-1.02,-0.09,4.71,-1.74,7.97,446.0,TEST2RR,AKR_TEST2RR,0.0,1.0,1.0,100.0
242860,2,walk,walk,13001,,13001.0,20.0,2.0,6.0,2.0,5.16,-0.016,-0.144,1.956,34.0,25.9,0.0,19.0,0.0,0.0,2.41,-0.04,-1.02,-0.09,5.0,-1.76,8.05,446.0,TEST2RR,AKR_TEST2RR,0.0,1.0,1.0,100.0
242880,2,walk,walk,13002,,13002.0,20.0,2.0,6.0,2.0,5.22,-0.017,-0.23,2.139,34.0,25.86,0.0,19.0,0.0,0.0,2.58,-0.05,-1.02,-0.09,5.27,-1.75,8.08,446.0,TEST2RR,AKR_TEST2RR,0.0,1.0,1.0,100.0
242920,2,walk,walk,13003,,13003.0,20.0,2.0,6.0,2.0,5.28,-0.019,-0.014,2.222,34.0,25.86,0.0,19.0,0.0,0.0,2.76,-0.05,-1.02,-0.09,5.47,-1.7,8.05,446.0,TEST2RR,AKR_TEST2RR,0.0,1.0,1.0,100.0
242920,2,walk,walk,13004,,13004.0,20.0,2.0,6.0,2.0,5.34,-0.019,-0.025,2.316,34.0,25.86,0.0,19.0,0.0,0.0,2.94,-0.05,-1.02,-0.08,5.58,-1.63,7.94,446.0,TEST2RR,AKR_TEST2RR,0.0,1.0,1.0,100.0
242940,2,walk,walk,13005,,13005.0,20.0,2.0,6.0,2.0,5.41,-0.02,-0.079,2.396,34.0,25.86,0.0,19.0,0.0,0.0,3.13,-0.06,-1.02,-0.08,5.57,-1.52,7.74,446.0,TEST2RR,AKR_TEST2RR,0.0,1.0,1.0,100.0
242980,2,walk,walk,13006,,13006.0,20.0,2.0,6.0,2.0,5.48,-0.02,-0.01,2.353,34.0,25.86,0.0,19.0,0.0,0.0,3.32,-0.06,-1.02,-0.08,5.44,-1.37,7.43,446.0,TEST2RR,AKR_TEST2RR,0.0,1.0,1.0,100.0
242980,2,walk,walk,13007,,13007.0,20.0,2.0,6.0,2.0,5.55,-0.02,-0.018,2.308,34.0,25.86,0.0,19.0,0.0,0.0,3.51,-0.06,-1.01,-0.08,5.17,-1.18,6.98,446.0,TEST2RR,AKR_TEST2RR,0.0,1.0,1.0,100.0
243000,2,walk,walk,13008,,13008.0,20.0,2.0,6.0,2.0,5.62,-0.019,0.083,2.244,34.0,25.86,0.0,19.0,0.0,0.0,3.7,-0.07,-1.01,-0.07,4.77,-0.94,6.39,446.0,TEST2RR,AKR_TEST2RR,0.0,1.0,1.0,100.0
243020,2,walk,walk,13009,,13009.0,20.0,2.0,6.0,2.0,5.7,-0.018,0.046,2.127,34.0,25.86,0.0,19.0,0.0,0.0,3.87,-0.07,-1.01,-0.07,4.24,-0.66,5.67,446.0,TEST2RR,AKR_TEST2RR,0.0,1.0,1.0,100.0
243040,2,walk,walk,13010,,13010.0,20.0,2.0,6.0,2.0,5.78,-0.017,0.062,1.971,34.0,25.9,0.0,19.0,0.0,0.0,4.03,-0.07,-1.01,-0.07,3.6,-0.34,4.83,446.0,TEST2RR,AKR_TEST2RR,0.0,1.0,1.0,100.0
243060,2,walk,walk,13011,,13011.0,20.0,2.0,6.0,2.0,5.86,-0.016,0.084,1.85,34.0,25.9,0.0,19.0,0.0,0.0,4.15,-0.07,-1.01,-0.07,2.88,-0.01,3.91,446.0,TEST2RR,AKR_TEST2RR,0.0,1.0,1.0,100.0
243080,2,walk,walk,13012,,13012.0,20.0,2.0,6.0,2.0,5.93,-0.015,0.037,1.742,34.0,25.9,0.0,19.0,0.0,0.0,4.24,-0.08,-1.01,-0.06,2.13,0.33,2.96,446.0,TEST2RR,AKR_TEST2RR,0.0,1.0,1.0,100.0
243100,2,walk,walk,13013,,13013.0,20.0,2.0,6.0,2.0,6.01,-0.014,0.011,1.659,34.0,25.93,0.0,19.0,0.0,0.0,4.3,-0.08,-1.01,-0.06,1.39,0.66,2.04,446.0,TEST2RR,AKR_TEST2RR,0.0,1.0,1.0,100.0
243140,2,walk,walk,13014,,13014.0,20.0,2.0,6.0,2.0,6.08,-0.014,0.091,1.576,34.0,25.9,0.0,19.0,0.0,0.0,4.32,-0.08,-1.01,-0.06,0.7,0.96,1.18,447.0,TEST2RR,AKR_TEST2RR,0.0,1.0,1.0,100.0
243160,2,walk,walk,13015,,13015.0,20.0,2.0,6.0,2.0,6.15,-0.013,0.044,1.541,34.0,25.93,0.0,19.0,0.0,0.0,4.31,-0.08,-1.01,-0.07,0.1,1.22,0.42,447.0,TEST2RR,AKR_TEST2RR,0.0,1.0,1.0,100.0
243160,2,walk,walk,13016,,13016.0,20.0,2.0,6.0,2.0,6.21,-0.012,0.123,1.496,34.0,25.93,0.0,19.0,0.0,0.0,4.27,-0.08,-1.01,-0.07,-0.41,1.46,-0.24,447.0,TEST2RR,AKR_TEST2RR,0.0,1.0,1.0,100.0
243180,2,walk,walk,13017,,13017.0,20.0,2.0,6.0,2.0,6.26,-0.012,0.117,1.367,34.0,25.93,0.0,18.0,0.0,0.0,4.23,-0.07,-1.01,-0.07,-0.83,1.67,-0.81,447.0,TEST2RR,AKR_TEST2RR,0.0,1.0,1.0,100.0
243200,2,walk,walk,13018,,13018.0,20.0,2.0,6.0,2.0,6.31,-0.011,0.113,1.2,34.0,25.93,0.0,18.0,0.0,0.0,4.18,-0.07,-1.01,-0.07,-1.19,1.86,-1.3,447.0,TEST2RR,AKR_TEST2RR,0.0,1.0,1.0,100.0
243220,2,walk,walk,13019,,13019.0,20.0,2.0,6.0,2.0,6.34,-0.009,0.104,1.092,34.0,25.93,0.0,18.0,0.0,0.0,4.13,-0.07,-1.02,-0.07,-1.53,2.04,-1.77,447.0,TEST2RR,AKR_TEST2RR,0.0,1.0,1.0,100.0
243240,2,walk,walk,13020,,13020.0,20.0,2.0,6.0,2.0,6.37,-0.008,0.131,0.828,34.0,25.93,0.0,18.0,0.0,0.0,4.08,-0.07,-1.02,-0.07,-1.87,2.24,-2.25,447.0,TEST2RR,AKR_TEST2RR,0.0,1.0,1.0,100.0
243280,2,walk,walk,13021,,13021.0,20.0,2.0,6.0,2.0,6.38,-0.006,0.111,0.723,34.0,25.97,0.0,18.0,0.0,0.0,4.04,-0.07,-1.01,-0.07,-2.24,2.45,-2.75,447.0,TEST2RR,AKR_TEST2RR,0.0,1.0,1.0,100.0
243300,2,walk,walk,13022,,13022.0,20.0,2.0,6.0,2.0,6.39,-0.006,0.108,0.545,34.0,25.93,0.0,18.0,0.0,0.0,4.0,-0.07,-1.01,-0.07,-2.66,2.66,-3.3,447.0,TEST2RR,AKR_TEST2RR,0.0,1.0,1.0,100.0
243320,2,walk,walk,13023,,13023.0,20.0,2.0,6.0,2.0,6.39,-0.004,0.057,0.43,34.0,25.97,0.0,18.0,0.0,0.0,3.95,-0.07,-1.01,-0.08,-3.11,2.85,-3.85,447.0,TEST2RR,AKR_TEST2RR,0.0,1.0,1.0,100.0
243320,2,walk,walk,13024,,13024.0,20.0,1.0,6.0,2.0,6.37,-0.004,0.109,0.39,34.0,25.97,0.0,17.0,0.0,0.0,3.86,-0.07,-1.01,-0.08,-3.52,3.0,-4.36,447.0,TEST2RR,AKR_TEST2RR,0.0,1.0,1.0,100.0
243340,2,walk,walk,13025,,13025.0,20.0,1.0,6.0,2.0,6.35,-0.004,-0.034,0.437,34.0,25.97,0.0,17.0,0.0,0.0,3.74,-0.07,-1.01,-0.08,-3.85,3.06,-4.74,447.0,TEST2RR,AKR_TEST2RR,0.0,1.0,1.0,100.0
243360,2,walk,walk,13026,,13026.0,20.0,1.0,6.0,2.0,6.31,-0.004,-0.049,0.594,34.0,25.97,0.0,17.0,0.0,0.0,3.58,-0.06,-1.01,-0.08,-4.01,3.03,-4.91,447.0,TEST2RR,AKR_TEST2RR,0.0,1.0,1.0,100.0
243380,2,walk,walk,13027,,13027.0,20.0,1.0,6.0,2.0,6.26,-0.006,-0.044,0.775,34.0,25.97,0.0,17.0,0.0,0.0,3.39,-0.06,-1.01,-0.09,-3.98,2.87,-4.84,447.0,TEST2RR,AKR_TEST2RR,0.0,1.0,1.0,100.0
243400,2,walk,walk,13028,,13028.0,20.0,1.0,6.0,2.0,6.21,-0.007,-0.17,1.015,34.0,25.93,0.0,17.0,0.0,0.0,3.18,-0.06,-1.02,-0.09,-3.73,2.61,-4.48,447.0,TEST2RR,AKR_TEST2RR,0.0,1.0,1.0,100.0
243420,2,walk,walk,13029,,13029.0,20.0,1.0,6.0,2.0,6.14,-0.009,-0.139,1.108,34.0,25.93,0.0,17.0,0.0,0.0,2.98,-0.05,-1.02,-0.1,-3.29,2.28,-3.88,447.0,TEST2RR,AKR_TEST2RR,0.0,1.0,1.0,100.0
243460,2,walk,walk,13030,,13030.0,20.0,1.0,6.0,2.0,6.06,-0.01,-0.117,1.295,34.0,25.93,0.0,17.0,0.0,0.0,2.81,-0.05,-1.02,-0.1,-2.7,1.89,-3.08,447.0,TEST2RR,AKR_TEST2RR,0.0,1.0,1.0,100.0
243460,2,walk,walk,13031,,13031.0,20.0,1.0,6.0,2.0,5.98,-0.012,-0.048,1.349,34.0,25.93,0.0,17.0,0.0,0.0,2.67,-0.05,-1.02,-0.1,-1.98,1.49,-2.18,447.0,TEST2RR,AKR_TEST2RR,0.0,1.0,1.0,100.0
243480,2,walk,walk,13032,,13032.0,20.0,1.0,6.0,2.0,5.89,-0.012,-0.056,1.42,34.0,25.93,0.0,17.0,0.0,0.0,2.57,-0.05,-1.02,-0.1,-1.18,1.08,-1.25,447.0,TEST2RR,AKR_TEST2RR,0.0,1.0,1.0,100.0
243520,2,walk,walk,13033,,13033.0,20.0,1.0,6.0,2.0,5.8,-0.013,-0.041,1.55,34.0,25.93,0.0,17.0,0.0,0.0,2.51,-0.04,-1.02,-0.11,-0.32,0.69,-0.32,447.0,TEST2RR,AKR_TEST2RR,0.0,1.0,1.0,100.0
243520,2,walk,walk,13034,,13034.0,20.0,1.0,6.0,2.0,5.71,-0.014,-0.049,1.807,34.0,25.9,0.0,17.0,0.0,0.0,2.47,-0.04,-1.02,-0.11,0.58,0.31,0.62,447.0,TEST2RR,AKR_TEST2RR,0.0,1.0,1.0,100.0
243540,2,walk,walk,13035,,13035.0,20.0,1.0,6.0,2.0,5.61,-0.017,-0.181,2.216,34.0,25.86,0.0,17.0,0.0,0.0,2.44,-0.04,-1.02,-0.11,1.51,-0.1,1.64,447.0,TEST2RR,AKR_TEST2RR,0.0,1.0,1.0,100.0
243580,2,walk,walk,13036,,13036.0,20.0,1.0,6.0,2.0,5.52,-0.022,-0.438,2.953,34.0,25.83,0.0,17.0,0.0,0.0,2.41,-0.04,-1.02,-0.11,2.49,-0.57,2.82,447.0,TEST2RR,AKR_TEST2RR,0.0,1.0,1.0,100.0
243580,2,walk,walk,13037,,13037.0,20.0,1.0,6.0,2.0,5.43,-0.028,-0.418,3.588,34.0,25.72,0.0,17.0,0.0,0.0,2.36,-0.04,-1.02,-0.11,3.55,-1.14,4.28,447.0,TEST2RR,AKR_TEST2RR,0.0,1.0,1.0,100.0
243600,2,walk,walk,13038,,13038.0,20.0,1.0,6.0,2.0,5.34,-0.033,-0.263,4.258,34.0,25.65,0.0,17.0,0.0,0.0,2.29,-0.04,-1.02,-0.11,4.74,-1.8,6.11,447.0,TEST2RR,AKR_TEST2RR,0.0,1.0,1.0,100.0
243640,2,walk,walk,13039,,13039.0,20.0,1.0,6.0,2.0,5.27,-0.038,-0.272,4.941,34.0,25.54,0.0,17.0,0.0,0.0,2.22,-0.04,-1.03,-0.11,6.12,-2.5,8.3,447.0,TEST2RR,AKR_TEST2RR,0.0,1.0,1.0,100.0
243640,2,walk,walk,13040,,13040.0,20.0,1.0,6.0,2.0,5.2,-0.043,-0.297,5.516,34.0,25.47,0.0,17.0,0.0,0.0,2.21,-0.04,-1.03,-0.11,7.69,-3.2,10.74,447.0,TEST2RR,AKR_TEST2RR,0.0,1.0,1.0,100.0
243660,2,walk,walk,13041,,13041.0,20.0,1.0,6.0,2.0,5.15,-0.047,-0.13,5.903,34.0,25.37,0.0,17.0,0.0,0.0,2.31,-0.04,-1.03,-0.11,9.41,-3.85,13.19,447.0,TEST2RR,AKR_TEST2RR,0.0,1.0,1.0,100.0
243680,2,walk,walk,13042,,13042.0,20.0,1.0,6.0,2.0,5.11,-0.05,-0.166,6.193,34.0,25.33,0.0,17.0,0.0,0.0,2.54,-0.05,-1.03,-0.11,11.21,-4.42,15.45,447.0,TEST2RR,AKR_TEST2RR,0.0,1.0,1.0,100.0
243700,2,walk,walk,13043,,13043.0,20.0,1.0,6.0,2.0,5.09,-0.052,-0.111,6.443,34.0,25.23,0.0,17.0,0.0,0.0,2.9,-0.05,-1.03,-0.1,13.02,-4.86,17.33,447.0,TEST2RR,AKR_TEST2RR,0.0,1.0,1.0,100.0
243720,2,walk,walk,13044,,13044.0,20.0,1.0,6.0,2.0,5.09,-0.054,-0.116,6.505,34.0,25.19,0.0,17.0,0.0,0.0,3.37,-0.06,-1.03,-0.1,14.74,-5.18,18.69,447.0,TEST2RR,AKR_TEST2RR,0.0,1.0,1.0,100.0
243740,2,walk,walk,13045,,13045.0,20.0,1.0,6.0,2.0,5.11,-0.054,-0.056,6.664,34.0,25.19,0.0,17.0,0.0,0.0,3.91,-0.07,-1.03,-0.1,16.28,-5.39,19.5,447.0,TEST2RR,AKR_TEST2RR,0.0,1.0,1.0,100.0
243780,2,walk,walk,13046,,13046.0,20.0,2.0,6.0,2.0,5.16,-0.056,-0.159,6.844,34.0,25.16,0.0,18.0,0.0,0.0,4.48,-0.08,-1.02,-0.09,17.55,-5.48,19.81,447.0,TEST2RR,AKR_TEST2RR,0.0,1.0,1.0,100.0
243800,2,walk,walk,13047,,13047.0,20.0,2.0,6.0,2.0,5.24,-0.057,-0.03,6.985,34.0,25.09,0.0,18.0,0.0,0.0,5.05,-0.09,-1.02,-0.08,18.47,-5.46,19.7,447.0,TEST2RR,AKR_TEST2RR,0.0,1.0,1.0,100.0
243820,2,walk,walk,13048,,13048.0,20.0,2.0,6.0,2.0,5.34,-0.059,-0.062,7.078,34.0,25.05,0.0,18.0,0.0,0.0,5.57,-0.1,-1.02,-0.07,19.0,-5.33,19.28,447.0,TEST2RR,AKR_TEST2RR,0.0,1.0,1.0,100.0
243820,2,walk,walk,13049,,13049.0,20.0,2.0,6.0,2.0,5.47,-0.059,-0.045,7.125,34.0,25.05,0.0,18.0,0.0,0.0,6.05,-0.11,-1.01,-0.06,19.18,-5.12,18.66,447.0,TEST2RR,AKR_TEST2RR,0.0,1.0,1.0,100.0
243840,2,walk,walk,13050,,13050.0,20.0,1.0,6.0,2.0,5.62,-0.059,0.076,7.16,34.0,25.02,0.0,17.0,0.0,0.0,6.47,-0.11,-1.01,-0.05,19.05,-4.84,17.93,447.0,TEST2RR,AKR_TEST2RR,0.0,1.0,1.0,100.0
243880,2,walk,walk,13051,,13051.0,20.0,1.0,6.0,2.0,5.8,-0.059,-0.009,7.177,34.0,25.02,0.0,17.0,0.0,0.0,6.84,-0.12,-1.01,-0.04,18.68,-4.53,17.16,447.0,TEST2RR,AKR_TEST2RR,0.0,1.0,1.0,100.0
243880,2,walk,walk,13052,,13052.0,20.0,1.0,6.0,2.0,6.0,-0.06,-0.048,7.203,34.0,25.02,0.0,17.0,0.0,0.0,7.17,-0.13,-1.01,-0.03,18.16,-4.19,16.4,447.0,TEST2RR,AKR_TEST2RR,0.0,1.0,1.0,100.0
243900,2,walk,walk,13053,,13053.0,20.0,1.0,6.0,2.0,6.21,-0.06,-0.092,7.265,34.0,25.02,0.0,17.0,0.0,0.0,7.47,-0.13,-1.01,-0.03,17.53,-3.86,15.69,447.0,TEST2RR,AKR_TEST2RR,0.0,1.0,1.0,100.0
243920,2,walk,walk,13054,,13054.0,20.0,1.0,6.0,2.0,6.45,-0.06,-0.068,7.287,34.0,24.98,0.0,17.0,0.0,0.0,7.74,-0.14,-1.01,-0.02,16.86,-3.53,15.04,447.0,TEST2RR,AKR_TEST2RR,0.0,1.0,1.0,100.0
243940,2,walk,walk,13055,,13055.0,20.0,1.0,6.0,2.0,6.69,-0.06,0.015,7.338,34.0,24.98,0.0,17.0,0.0,0.0,8.01,-0.14,-1.01,-0.01,16.17,-3.23,14.45,447.0,TEST2RR,AKR_TEST2RR,0.0,1.0,1.0,100.0
243960,2,walk,walk,13056,,13056.0,20.0,1.0,6.0,2.0,6.95,-0.06,0.002,7.337,34.0,24.98,0.0,17.0,0.0,0.0,8.27,-0.15,-1.01,-0.01,15.49,-2.97,13.9,447.0,TEST2RR,AKR_TEST2RR,0.0,1.0,1.0,100.0
243980,2,walk,walk,13057,,13057.0,20.0,1.0,6.0,2.0,7.21,-0.06,-0.003,7.348,34.0,24.98,0.0,17.0,0.0,0.0,8.53,-0.15,-1.01,0.0,14.81,-2.75,13.38,447.0,TEST2RR,AKR_TEST2RR,0.0,1.0,1.0,100.0
244000,2,walk,walk,13058,,13058.0,20.0,1.0,6.0,2.0,7.48,-0.06,0.022,7.322,34.0,24.98,0.0,17.0,0.0,0.0,8.8,-0.16,-1.01,0.0,14.11,-2.55,12.86,447.0,TEST2RR,AKR_TEST2RR,0.0,1.0,1.0,100.0
244040,2,walk,walk,13059,,13059.0,20.0,1.0,6.0,2.0,7.75,-0.06,-0.05,7.35,34.0,24.98,0.0,17.0,0.0,0.0,9.08,-0.16,-1.01,0.01,13.37,-2.35,12.29,447.0,TEST2RR,AKR_TEST2RR,0.0,1.0,1.0,100.0
244060,2,walk,walk,13060,,13060.0,20.0,1.0,6.0,2.0,8.02,-0.06,-0.032,7.316,34.0,24.98,0.0,17.0,0.0,0.0,9.36,-0.17,-1.01,0.01,12.55,-2.11,11.69,447.0,TEST2RR,AKR_TEST2RR,0.0,1.0,1.0,100.0
244080,2,walk,walk,13061,,13061.0,20.0,1.0,6.0,2.0,8.29,-0.06,0.044,7.318,34.0,24.98,0.0,17.0,0.0,0.0,9.64,-0.17,-1.01,0.02,11.66,-1.86,11.03,448.0,TEST2RR,AKR_TEST2RR,0.0,1.0,1.0,100.0
244100,2,walk,walk,13062,,13062.0,20.0,1.0,6.0,2.0,8.55,-0.06,0.038,7.343,34.0,24.98,0.0,17.0,0.0,0.0,9.9,-0.18,-1.01,0.02,10.69,-1.58,10.34,448.0,TEST2RR,AKR_TEST2RR,0.0,1.0,1.0,100.0
244100,2,walk,walk,13063,,13063.0,20.0,1.0,6.0,2.0,8.81,-0.06,0.002,7.315,34.0,24.98,0.0,17.0,0.0,0.0,10.13,-0.18,-1.0,0.03,9.69,-1.3,9.65,448.0,TEST2RR,AKR_TEST2RR,0.0,1.0,1.0,100.0
244120,2,walk,walk,13064,,13064.0,20.0,1.0,6.0,2.0,9.06,-0.06,-0.003,7.307,34.0,24.98,0.0,17.0,0.0,0.0,10.33,-0.18,-1.0,0.03,8.69,-1.03,9.0,448.0,TEST2RR,AKR_TEST2RR,0.0,1.0,1.0,100.0
244140,2,walk,walk,13065,,13065.0,20.0,1.0,6.0,2.0,9.31,-0.06,-0.026,7.266,34.0,24.98,0.0,17.0,0.0,0.0,10.49,-0.19,-1.0,0.03,7.74,-0.76,8.42,448.0,TEST2RR,AKR_TEST2RR,0.0,1.0,1.0,100.0
244180,2,walk,walk,13066,,13066.0,20.0,1.0,6.0,2.0,9.55,-0.06,0.097,7.278,34.0,24.98,0.0,17.0,0.0,0.0,10.61,-0.19,-1.0,0.03,6.87,-0.51,7.94,448.0,TEST2RR,AKR_TEST2RR,0.0,1.0,1.0,100.0
244180,2,walk,walk,13067,,13067.0,20.0,1.0,6.0,2.0,9.78,-0.06,-0.104,7.288,34.0,24.98,0.0,17.0,0.0,0.0,10.7,-0.19,-1.01,0.04,6.12,-0.27,7.58,448.0,TEST2RR,AKR_TEST2RR,0.0,1.0,1.0,100.0
244200,2,walk,walk,13068,,13068.0,20.0,1.0,6.0,2.0,10.01,-0.06,0.006,7.246,34.0,24.98,0.0,17.0,0.0,0.0,10.78,-0.19,-1.01,0.04,5.52,-0.04,7.33,448.0,TEST2RR,AKR_TEST2RR,0.0,1.0,1.0,100.0
244220,2,walk,walk,13069,,13069.0,20.0,1.0,6.0,2.0,10.22,-0.06,-0.069,7.265,34.0,24.98,0.0,17.0,0.0,0.0,10.85,-0.19,-1.01,0.04,5.07,0.15,7.21,448.0,TEST2RR,AKR_TEST2RR,0.0,1.0,1.0,100.0
244260,2,walk,walk,13070,,13070.0,20.0,1.0,6.0,2.0,10.43,-0.06,-0.033,7.25,34.0,24.98,0.0,17.0,0.0,0.0,10.92,-0.19,-1.01,0.04,4.76,0.31,7.18,448.0,TEST2RR,AKR_TEST2RR,0.0,1.0,1.0,100.0
244260,2,walk,walk,13071,,13071.0,20.0,1.0,6.0,2.0,10.62,-0.06,-0.005,7.256,34.0,24.98,0.0,17.0,0.0,0.0,11.0,-0.2,-1.01,0.04,4.57,0.42,7.25,448.0,TEST2RR,AKR_TEST2RR,0.0,1.0,1.0,100.0
244280,2,walk,walk,13072,,13072.0,20.0,1.0,6.0,2.0,10.81,-0.06,-0.026,7.285,34.0,24.98,0.0,17.0,0.0,0.0,11.09,-0.2,-1.01,0.04,4.48,0.51,7.38,448.0,TEST2RR,AKR_TEST2RR,0.0,1.0,1.0,100.0
244300,2,walk,walk,13073,,13073.0,20.0,1.0,6.0,2.0,10.99,-0.06,-0.119,7.287,34.0,24.98,0.0,17.0,0.0,0.0,11.19,-0.2,-1.01,0.04,4.47,0.57,7.56,448.0,TEST2RR,AKR_TEST2RR,0.0,1.0,1.0,100.0
244320,2,walk,walk,13074,,13074.0,20.0,1.0,6.0,2.0,11.16,-0.06,0.034,7.276,34.0,24.98,0.0,17.0,0.0,0.0,11.32,-0.2,-1.01,0.04,4.5,0.62,7.75,448.0,TEST2RR,AKR_TEST2RR,0.0,1.0,1.0,100.0
244340,2,walk,walk,13075,,13075.0,20.0,1.0,6.0,2.0,11.32,-0.06,0.028,7.252,34.0,24.98,0.0,17.0,0.0,0.0,11.47,-0.2,-1.01,0.04,4.53,0.67,7.91,448.0,TEST2RR,AKR_TEST2RR,0.0,1.0,1.0,100.0
244360,2,walk,walk,13076,,13076.0,20.0,1.0,6.0,2.0,11.48,-0.06,-0.054,7.257,34.0,24.98,0.0,17.0,0.0,0.0,11.66,-0.21,-1.01,0.04,4.55,0.72,8.01,448.0,TEST2RR,AKR_TEST2RR,0.0,1.0,1.0,100.0
244380,2,walk,walk,13077,,13077.0,20.0,1.0,6.0,2.0,11.63,-0.06,-0.001,7.218,34.0,24.98,0.0,17.0,0.0,0.0,11.87,-0.21,-1.01,0.04,4.5,0.77,7.99,448.0,TEST2RR,AKR_TEST2RR,0.0,1.0,1.0,100.0
244420,2,walk,walk,13078,,13078.0,20.0,1.0,6.0,2.0,11.78,-0.06,-0.017,7.222,34.0,24.98,0.0,17.0,0.0,0.0,12.11,-0.22,-1.0,0.04,4.38,0.83,7.83,448.0,TEST2RR,AKR_TEST2RR,0.0,1.0,1.0,100.0
244420,2,walk,walk,13079,,13079.0,20.0,1.0,6.0,2.0,11.93,-0.059,-0.044,7.173,34.0,25.02,0.0,17.0,0.0,0.0,12.37,-0.22,-1.0,0.04,4.16,0.89,7.5,448.0,TEST2RR,AKR_TEST2RR,0.0,1.0,1.0,100.0
244440,2,walk,walk,13080,,13080.0,20.0,1.0,6.0,2.0,12.07,-0.059,-0.003,7.112,34.0,25.02,0.0,17.0,0.0,0.0,12.63,-0.22,-1.0,0.05,3.83,0.97,7.02,448.0,TEST2RR,AKR_TEST2RR,0.0,1.0,1.0,100.0
244460,2,walk,walk,13081,,13081.0,20.0,1.0,6.0,2.0,12.21,-0.059,0.064,7.074,34.0,25.02,0.0,17.0,0.0,0.0,12.89,-0.23,-1.0,0.05,3.4,1.05,6.37,448.0,TEST2RR,AKR_TEST2RR,0.0,1.0,1.0,100.0
244500,2,walk,walk,13082,,13082.0,20.0,1.0,6.0,2.0,12.34,-0.058,0.032,6.977,34.0,25.05,0.0,17.0,0.0,0.0,13.13,-0.23,-0.99,0.05,2.9,1.13,5.57,448.0,TEST2RR,AKR_TEST2RR,0.0,1.0,1.0,100.0
244500,2,walk,walk,13083,,13083.0,20.0,1.0,6.0,2.0,12.48,-0.057,0.045,6.906,34.0,25.09,0.0,17.0,0.0,0.0,13.34,-0.23,-0.99,0.05,2.34,1.19,4.66,448.0,TEST2RR,AKR_TEST2RR,0.0,1.0,1.0,100.0
244520,2,walk,walk,13084,,13084.0,20.0,1.0,6.0,2.0,12.61,-0.057,0.025,6.86,34.0,25.09,0.0,17.0,0.0,0.0,13.53,-0.24,-0.99,0.05,1.76,1.24,3.66,448.0,TEST2RR,AKR_TEST2RR,0.0,1.0,1.0,100.0
244560,2,walk,walk,13085,,13085.0,20.0,1.0,6.0,2.0,12.74,-0.056,0.038,6.811,34.0,25.09,0.0,17.0,0.0,0.0,13.67,-0.24,-0.99,0.05,1.17,1.28,2.6,448.0,TEST2RR,AKR_TEST2RR,0.0,1.0,1.0,100.0
244580,2,walk,walk,13086,,13086.0,20.0,1.0,6.0,2.0,12.86,-0.056,0.041,6.801,34.0,25.12,0.0,17.0,0.0,0.0,13.78,-0.24,-0.99,0.05,0.61,1.28,1.53,448.0,TEST2RR,AKR_TEST2RR,0.0,1.0,1.0,100.0
244580,2,walk,walk,13087,,13087.0,20.0,1.0,6.0,2.0,12.98,-0.056,0.019,6.838,34.0,25.09,0.0,17.0,0.0,0.0,13.84,-0.24,-0.99,0.05,0.11,1.27,0.48,448.0,TEST2RR,AKR_TEST2RR,0.0,1.0,1.0,100.0
244600,2,walk,walk,13088,,13088.0,20.0,1.0,6.0,2.0,13.09,-0.056,-0.009,6.788,34.0,25.12,0.0,17.0,0.0,0.0,13.85,-0.24,-0.99,0.05,-0.33,1.23,-0.52,448.0,TEST2RR,AKR_TEST2RR,0.0,1.0,1.0,100.0
244620,2,walk,walk,13089,,13089.0,20.0,1.0,6.0,2.0,13.2,-0.056,-0.037,6.792,34.0,25.12,0.0,17.0,0.0,0.0,13.81,-0.24,-0.99,0.05,-0.68,1.17,-1.45,448.0,TEST2RR,AKR_TEST2RR,0.0,1.0,1.0,100.0
244640,2,walk,walk,13090,,13090.0,20.0,1.0,6.0,2.0,13.29,-0.056,0.03,6.766,34.0,25.12,0.0,17.0,0.0,0.0,13.73,-0.24,-0.99,0.05,-0.93,1.11,-2.28,448.0,TEST2RR,AKR_TEST2RR,0.0,1.0,1.0,100.0
244660,2,walk,walk,13091,,13091.0,20.0,1.0,6.0,2.0,13.38,-0.056,0.041,6.79,34.0,25.12,0.0,17.0,0.0,0.0,13.62,-0.24,-0.99,0.04,-1.08,1.05,-3.02,448.0,TEST2RR,AKR_TEST2RR,0.0,1.0,1.0,100.0
244680,2,walk,walk,13092,,13092.0,20.0,1.0,6.0,2.0,13.45,-0.056,0.044,6.762,34.0,25.12,0.0,17.0,0.0,0.0,13.48,-0.24,-0.99,0.04,-1.13,0.99,-3.64,448.0,TEST2RR,AKR_TEST2RR,0.0,1.0,1.0,100.0
244700,2,walk,walk,13093,,13093.0,20.0,1.0,6.0,2.0,13.52,-0.056,0.049,6.741,34.0,25.12,0.0,17.0,0.0,0.0,13.32,-0.24,-0.99,0.04,-1.09,0.93,-4.16,448.0,TEST2RR,AKR_TEST2RR,0.0,1.0,1.0,100.0
244720,2,walk,walk,13094,,13094.0,20.0,1.0,6.0,2.0,13.57,-0.056,-0.038,6.761,34.0,25.12,0.0,17.0,0.0,0.0,13.16,-0.23,-0.99,0.04,-0.97,0.86,-4.57,448.0,TEST2RR,AKR_TEST2RR,0.0,1.0,1.0,100.0
244740,2,walk,walk,13095,,13095.0,20.0,1.0,6.0,2.0,13.6,-0.056,0.021,6.718,34.0,25.12,0.0,17.0,0.0,0.0,12.99,-0.23,-1.0,0.04,-0.78,0.79,-4.9,448.0,TEST2RR,AKR_TEST2RR,0.0,1.0,1.0,100.0
244760,2,walk,walk,13096,,13096.0,20.0,1.0,6.0,2.0,13.63,-0.056,-0.045,6.73,34.0,25.12,0.0,17.0,0.0,0.0,12.81,-0.23,-1.0,0.04,-0.55,0.71,-5.14,448.0,TEST2RR,AKR_TEST2RR,0.0,1.0,1.0,100.0
244780,2,walk,walk,13097,,13097.0,20.0,1.0,6.0,2.0,13.63,-0.056,0.005,6.74,34.0,25.12,0.0,17.0,0.0,0.0,12.64,-0.22,-1.0,0.04,-0.29,0.61,-5.31,448.0,TEST2RR,AKR_TEST2RR,0.0,1.0,1.0,100.0
244800,2,walk,walk,13098,,13098.0,20.0,2.0,6.0,2.0,13.63,-0.056,0.062,6.716,34.0,25.12,0.0,18.0,0.0,0.0,12.48,-0.22,-1.0,0.04,-0.02,0.5,-5.43,448.0,TEST2RR,AKR_TEST2RR,0.0,1.0,1.0,100.0
244840,2,walk,walk,13099,,13099.0,20.0,2.0,6.0,2.0,13.61,-0.056,-0.085,6.686,34.0,25.12,0.0,18.0,0.0,0.0,12.31,-0.22,-1.0,0.04,0.24,0.4,-5.51,448.0,TEST2RR,AKR_TEST2RR,0.0,1.0,1.0,100.0
244860,2,walk,walk,13100,,13100.0,20.0,2.0,6.0,2.0,13.59,-0.055,0.041,6.626,34.0,25.16,0.0,18.0,0.0,0.0,12.15,-0.22,-1.0,0.04,0.48,0.32,-5.57,448.0,TEST2RR,AKR_TEST2RR,0.0,1.0,1.0,100.0
244860,2,walk,walk,13101,,13101.0,20.0,2.0,6.0,2.0,13.55,-0.054,0.057,6.61,34.0,25.16,0.0,18.0,0.0,0.0,11.99,-0.21,-1.0,0.04,0.69,0.26,-5.61,448.0,TEST2RR,AKR_TEST2RR,0.0,1.0,1.0,100.0
244900,2,walk,walk,13102,,13102.0,20.0,2.0,6.0,2.0,13.49,-0.054,-0.01,6.493,35.0,25.16,0.0,18.0,0.0,0.0,11.84,-0.21,-1.01,0.04,0.89,0.22,-5.63,448.0,TEST2RR,AKR_TEST2RR,0.0,1.0,1.0,100.0
244900,2,walk,walk,13103,,13103.0,20.0,2.0,6.0,2.0,13.43,-0.054,0.011,6.473,35.0,25.16,0.0,18.0,0.0,0.0,11.68,-0.21,-1.01,0.04,1.06,0.21,-5.62,448.0,TEST2RR,AKR_TEST2RR,0.0,1.0,1.0,100.0
244920,2,walk,walk,13104,,13104.0,20.0,2.0,6.0,2.0,13.36,-0.054,0.018,6.484,35.0,25.19,0.0,18.0,0.0,0.0,11.51,-0.21,-1.01,0.04,1.23,0.2,-5.57,448.0,TEST2RR,AKR_TEST2RR,0.0,1.0,1.0,100.0
244940,2,walk,walk,13105,,13105.0,20.0,2.0,6.0,2.0,13.28,-0.054,-0.001,6.43,35.0,25.16,0.0,18.0,0.0,0.0,11.33,-0.2,-1.01,0.04,1.42,0.2,-5.44,448.0,TEST2RR,AKR_TEST2RR,0.0,1.0,1.0,100.0
244960,2,walk,walk,13106,,13106.0,20.0,2.0,6.0,2.0,13.2,-0.053,-0.005,6.465,35.0,25.16,0.0,18.0,0.0,0.0,11.14,-0.2,-1.01,0.04,1.65,0.2,-5.21,448.0,TEST2RR,AKR_TEST2RR,0.0,1.0,1.0,100.0
244980,2,walk,walk,13107,,13107.0,20.0,2.0,6.0,2.0,13.11,-0.053,-0.009,6.477,35.0,25.16,0.0,18.0,0.0,0.0,10.93,-0.2,-1.01,0.04,1.94,0.22,-4.85,448.0,TEST2RR,AKR_TEST2RR,0.0,1.0,1.0,100.0
245000,2,walk,walk,13108,,13108.0,20.0,2.0,6.0,2.0,13.01,-0.053,0.002,6.451,35.0,25.16,0.0,18.0,0.0,0.0,10.71,-0.19,-1.02,0.04,2.31,0.26,-4.33,448.0,TEST2RR,AKR_TEST2RR,0.0,1.0,1.0,100.0
245040,2,walk,walk,13109,,13109.0,20.0,2.0,6.0,2.0,12.91,-0.053,-0.064,6.473,35.0,25.19,0.0,18.0,0.0,0.0,10.48,-0.19,-1.02,0.04,2.78,0.33,-3.64,449.0,TEST2RR,AKR_TEST2RR,0.0,1.0,1.0,100.0
245060,2,walk,walk,13110,,13110.0,20.0,2.0,6.0,2.0,12.8,-0.053,0.05,6.497,35.0,25.16,0.0,18.0,0.0,0.0,10.25,-0.18,-1.02,0.04,3.35,0.44,-2.77,449.0,TEST2RR,AKR_TEST2RR,0.0,1.0,1.0,100.0
245060,2,walk,walk,13111,,13111.0,20.0,2.0,6.0,2.0,12.69,-0.053,-0.015,6.407,35.0,25.19,0.0,18.0,0.0,0.0,10.02,-0.18,-1.02,0.04,4.03,0.59,-1.69,449.0,TEST2RR,AKR_TEST2RR,0.0,1.0,1.0,100.0
245080,2,walk,walk,13112,,13112.0,20.0,2.0,6.0,2.0,12.59,-0.052,0.013,6.344,35.0,25.19,0.0,18.0,0.0,0.0,9.8,-0.18,-1.03,0.04,4.8,0.77,-0.42,449.0,TEST2RR,AKR_TEST2RR,0.0,1.0,1.0,100.0
245100,2,walk,walk,13113,,13113.0,20.0,2.0,6.0,2.0,12.48,-0.052,0.045,6.245,35.0,25.23,0.0,18.0,0.0,0.0,9.59,-0.17,-1.03,0.04,5.64,0.99,1.07,449.0,TEST2RR,AKR_TEST2RR,0.0,1.0,1.0,100.0
245120,2,walk,walk,13114,,13114.0,20.0,2.0,6.0,2.0,12.38,-0.051,0.109,6.139,35.0,25.26,0.0,18.0,0.0,0.0,9.4,-0.17,-1.04,0.04,6.53,1.23,2.76,449.0,TEST2RR,AKR_TEST2RR,0.0,1.0,1.0,100.0
245140,2,walk,walk,13115,,13115.0,20.0,2.0,6.0,2.0,12.28,-0.049,0.127,5.908,35.0,25.3,0.0,18.0,0.0,0.0,9.25,-0.17,-1.04,0.04,7.45,1.5,4.64,449.0,TEST2RR,AKR_TEST2RR,0.0,1.0,1.0,100.0
245180,2,walk,walk,13116,,13116.0,20.0,2.0,6.0,2.0,12.19,-0.047,0.158,5.671,35.0,25.37,0.0,18.0,0.0,0.0,9.12,-0.17,-1.04,0.04,8.36,1.78,6.68,449.0,TEST2RR,AKR_TEST2RR,0.0,1.0,1.0,100.0
245200,2,walk,walk,13117,,13117.0,20.0,2.0,6.0,2.0,12.1,-0.045,0.158,5.38,35.0,25.4,0.0,18.0,0.0,0.0,9.04,-0.17,-1.05,0.04,9.24,2.08,8.89,449.0,TEST2RR,AKR_TEST2RR,0.0,1.0,1.0,100.0
245220,2,walk,walk,13118,,13118.0,20.0,2.0,6.0,2.0,12.03,-0.043,0.238,5.008,35.0,25.47,0.0,18.0,0.0,0.0,9.0,-0.17,-1.05,0.05,10.05,2.41,11.23,449.0,TEST2RR,AKR_TEST2RR,0.0,1.0,1.0,100.0
245220,2,walk,walk,13119,,13119.0,20.0,2.0,6.0,2.0,11.97,-0.039,0.289,4.41,35.0,25.54,0.0,18.0,0.0,0.0,9.0,-0.17,-1.06,0.05,10.77,2.78,13.7,449.0,TEST2RR,AKR_TEST2RR,0.0,1.0,1.0,100.0
245260,2,walk,walk,13120,,13120.0,20.0,2.0,6.0,2.0,11.93,-0.035,0.249,3.972,35.0,25.62,0.0,18.0,0.0,0.0,9.04,-0.17,-1.06,0.05,11.39,3.17,16.27,449.0,TEST2RR,AKR_TEST2RR,0.0,1.0,1.0,100.0
245260,2,walk,walk,13121,,13121.0,20.0,2.0,6.0,2.0,11.91,-0.031,0.348,3.461,35.0,25.69,0.0,18.0,0.0,0.0,9.15,-0.17,-1.06,0.06,11.9,3.61,18.9,449.0,TEST2RR,AKR_TEST2RR,0.0,1.0,1.0,100.0
245280,2,walk,walk,13122,,13122.0,20.0,2.0,6.0,2.0,11.91,-0.027,0.308,2.956,35.0,25.76,0.0,18.0,0.0,0.0,9.33,-0.17,-1.06,0.06,12.31,4.13,21.59,449.0,TEST2RR,AKR_TEST2RR,0.0,1.0,1.0,100.0
245320,2,walk,walk,13123,,13123.0,20.0,2.0,6.0,2.0,11.94,-0.023,0.263,2.569,35.0,25.79,0.0,18.0,0.0,0.0,9.6,-0.18,-1.06,0.07,12.62,4.76,24.29,449.0,TEST2RR,AKR_TEST2RR,0.0,1.0,1.0,100.0
245320,2,walk,walk,13124,,13124.0,20.0,2.0,6.0,2.0,11.99,-0.02,0.248,2.125,35.0,25.83,0.0,18.0,0.0,0.0,9.99,-0.19,-1.06,0.07,12.85,5.51,26.94,449.0,TEST2RR,AKR_TEST2RR,0.0,1.0,1.0,100.0
245340,2,walk,walk,13125,,13125.0,20.0,2.0,6.0,2.0,12.07,-0.016,0.271,1.787,35.0,25.86,0.0,18.0,0.0,0.0,10.51,-0.2,-1.06,0.08,13.02,6.35,29.48,449.0,TEST2RR,AKR_TEST2RR,0.0,1.0,1.0,100.0
245380,2,walk,walk,13126,,13126.0,20.0,2.0,6.0,2.0,12.19,-0.013,0.221,1.485,35.0,25.9,0.0,18.0,0.0,0.0,11.16,-0.21,-1.05,0.08,13.13,7.26,31.81,449.0,TEST2RR,AKR_TEST2RR,0.0,1.0,1.0,100.0
245380,2,walk,walk,13127,,13127.0,20.0,2.0,6.0,2.0,12.34,-0.01,0.156,1.206,36.0,25.93,0.0,18.0,0.0,0.0,11.94,-0.22,-1.04,0.09,13.19,8.21,33.85,449.0,TEST2RR,AKR_TEST2RR,0.0,1.0,1.0,100.0
245400,2,walk,walk,13128,,13128.0,20.0,2.0,6.0,2.0,12.53,-0.009,0.089,0.984,36.0,25.93,0.0,18.0,0.0,0.0,12.85,-0.23,-1.03,0.09,13.19,9.18,35.56,449.0,TEST2RR,AKR_TEST2RR,0.0,1.0,1.0,100.0
245440,2,walk,walk,13129,,13129.0,20.0,2.0,6.0,2.0,12.76,-0.007,-0.028,0.832,36.0,25.93,0.0,18.0,0.0,0.0,13.86,-0.25,-1.02,0.1,13.13,10.16,36.9,449.0,TEST2RR,AKR_TEST2RR,0.0,1.0,1.0,100.0
245440,2,walk,walk,13130,,13130.0,20.0,2.0,6.0,2.0,13.03,-0.006,0.025,0.556,36.0,25.93,0.0,18.0,0.0,0.0,14.95,-0.27,-1.0,0.1,12.97,11.1,37.83,449.0,TEST2RR,AKR_TEST2RR,0.0,1.0,1.0,100.0
245460,2,walk,walk,13131,,13131.0,20.0,2.0,6.0,2.0,13.34,-0.005,0.045,0.429,36.0,25.93,0.0,18.0,0.0,0.0,16.12,-0.29,-0.99,0.11,12.7,11.98,38.36,449.0,TEST2RR,AKR_TEST2RR,0.0,1.0,1.0,100.0
245500,2,walk,walk,13132,,13132.0,20.0,2.0,6.0,2.0,13.69,-0.004,0.103,0.345,36.0,25.93,0.0,18.0,0.0,0.0,17.34,-0.3,-0.97,0.11,12.29,12.75,38.5,449.0,TEST2RR,AKR_TEST2RR,0.0,1.0,1.0,100.0
245540,2,walk,walk,13133,,13133.0,20.0,2.0,6.0,2.0,14.07,-0.003,0.069,0.265,36.0,25.93,0.0,18.0,0.0,0.0,18.6,-0.32,-0.96,0.11,11.71,13.37,38.23,449.0,TEST2RR,AKR_TEST2RR,0.0,1.0,1.0,100.0
245560,2,walk,walk,13134,,13134.0,20.0,1.0,6.0,2.0,14.5,-0.002,0.057,0.087,36.0,25.93,0.0,17.0,0.0,0.0,19.87,-0.34,-0.94,0.11,10.93,13.8,37.59,449.0,TEST2RR,AKR_TEST2RR,0.0,1.0,1.0,100.0
245560,2,walk,walk,13135,,13135.0,20.0,1.0,6.0,2.0,14.97,-0.001,0.022,-0.067,36.0,25.93,0.0,17.0,0.0,0.0,21.15,-0.36,-0.93,0.11,9.96,13.98,36.59,449.0,TEST2RR,AKR_TEST2RR,0.0,1.0,1.0,100.0
245560,2,walk,walk,13136,,13136.0,20.0,1.0,6.0,2.0,15.47,0.0,-0.015,-0.129,36.0,25.93,0.0,17.0,0.0,0.0,22.39,-0.38,-0.92,0.11,8.78,13.89,35.29,449.0,TEST2RR,AKR_TEST2RR,0.0,1.0,1.0,100.0
245580,2,walk,walk,13137,,13137.0,20.0,1.0,6.0,2.0,16.0,0.001,0.03,-0.155,36.0,25.93,0.0,17.0,0.0,0.0,23.57,-0.39,-0.9,0.11,7.45,13.52,33.74,449.0,TEST2RR,AKR_TEST2RR,0.0,1.0,1.0,100.0
245600,2,walk,walk,13138,,13138.0,20.0,1.0,6.0,2.0,16.56,0.001,0.007,-0.251,36.0,25.93,0.0,17.0,0.0,0.0,24.67,-0.41,-0.89,0.11,6.01,12.9,31.99,449.0,TEST2RR,AKR_TEST2RR,0.0,1.0,1.0,100.0
245640,2,walk,walk,13139,,13139.0,20.0,1.0,6.0,2.0,17.14,0.001,0.06,-0.256,36.0,25.93,0.0,17.0,0.0,0.0,25.67,-0.43,-0.88,0.11,4.5,12.06,30.1,449.0,TEST2RR,AKR_TEST2RR,0.0,1.0,1.0,100.0
245640,2,walk,walk,13140,,13140.0,20.0,1.0,6.0,2.0,17.74,0.002,0.054,-0.308,36.0,25.93,0.0,17.0,0.0,0.0,26.56,-0.44,-0.88,0.11,2.98,11.07,28.12,449.0,TEST2RR,AKR_TEST2RR,0.0,1.0,1.0,100.0
245660,2,walk,walk,13141,,13141.0,20.0,1.0,6.0,2.0,18.36,0.002,0.062,-0.371,36.0,25.93,0.0,17.0,0.0,0.0,27.34,-0.45,-0.87,0.1,1.49,9.94,26.09,449.0,TEST2RR,AKR_TEST2RR,0.0,1.0,1.0,100.0
245700,2,walk,walk,13142,,13142.0,20.0,1.0,6.0,2.0,18.98,0.002,0.05,-0.356,36.0,25.93,0.0,17.0,0.0,0.0,28.01,-0.46,-0.87,0.1,0.05,8.71,24.03,449.0,TEST2RR,AKR_TEST2RR,0.0,1.0,1.0,100.0
245700,2,walk,walk,13143,,13143.0,20.0,1.0,6.0,2.0,19.61,0.003,-0.104,-0.435,36.0,25.93,0.0,17.0,0.0,0.0,28.58,-0.47,-0.86,0.09,-1.3,7.38,21.96,449.0,TEST2RR,AKR_TEST2RR,0.0,1.0,1.0,100.0
245720,2,walk,walk,13144,,13144.0,20.0,1.0,6.0,2.0,20.25,0.003,-0.058,-0.463,36.0,25.93,0.0,17.0,0.0,0.0,29.06,-0.48,-0.86,0.09,-2.54,5.97,19.91,449.0,TEST2RR,AKR_TEST2RR,0.0,1.0,1.0,100.0
245740,2,walk,walk,13145,,13145.0,20.0,1.0,0.0,5.0,20.87,0.003,-0.009,-0.464,36.0,25.97,0.0,17.0,0.0,0.0,29.45,-0.49,-0.86,0.08,-3.65,4.49,17.9,449.0,TEST2RR,AKR_TEST2RR,0.0,1.0,1.0,100.0
245760,2,walk,walk,13146,,13146.0,20.0,0.0,0.0,5.0,21.49,0.004,0.03,-0.461,36.0,25.97,0.0,19.0,0.0,0.0,29.74,-0.49,-0.86,0.08,-4.61,2.88,15.87,449.0,TEST2RR,AKR_TEST2RR,0.0,1.0,1.0,100.0
245780,2,walk,walk,13147,,13147.0,20.0,0.0,0.0,5.0,22.1,0.004,0.03,-0.461,36.0,25.97,0.0,39.0,0.0,0.0,29.95,-0.5,-0.86,0.08,-5.39,1.18,13.77,449.0,TEST2RR,AKR_TEST2RR,0.0,1.0,1.0,100.0
245800,2,walk,walk,13148,,13148.0,20.0,0.0,0.0,5.0,22.69,0.004,0.03,-0.461,36.0,25.97,0.0,59.0,0.0,0.0,30.05,-0.5,-0.86,0.07,-5.96,-0.5,11.65,449.0,TEST2RR,AKR_TEST2RR,0.0,1.0,1.0,100.0
245820,2,walk,walk,13149,,13149.0,20.0,0.0,0.0,5.0,23.26,0.021,4.707,0.0,36.0,26.04,0.0,4.0,0.0,0.0,30.05,-0.5,-0.87,0.07,-6.34,-2.02,9.63,449.0,TEST2RR,AKR_TEST2RR,0.0,1.0,1.0,100.0
245840,2,walk,walk,13150,,13150.0,20.0,0.0,0.0,5.0,23.81,0.022,0.275,0.0,36.0,25.97,0.0,4.0,0.0,0.0,29.95,-0.5,-0.87,0.07,-6.5,-3.26,7.79,449.0,TEST2RR,AKR_TEST2RR,0.0,1.0,1.0,100.0
245880,2,walk,walk,13151,,13151.0,20.0,0.0,0.0,5.0,24.33,0.027,0.3,0.0,36.0,25.97,0.0,4.0,0.0,0.0,29.77,-0.5,-0.87,0.07,-6.42,-4.16,6.15,449.0,TEST2RR,AKR_TEST2RR,0.0,1.0,1.0,100.0
245880,2,walk,walk,13152,,13152.0,20.0,0.0,0.0,5.0,24.82,0.029,0.079,0.0,36.0,25.97,0.0,4.0,0.0,0.0,29.52,-0.5,-0.88,0.07,-6.11,-4.65,4.75,449.0,TEST2RR,AKR_TEST2RR,0.0,1.0,1.0,100.0
245900,2,walk,walk,13153,,13153.0,20.0,0.0,0.0,5.0,25.29,0.031,0.119,0.0,36.0,25.97,0.0,4.0,0.0,0.0,29.24,-0.5,-0.89,0.07,-5.58,-4.73,3.58,449.0,TEST2RR,AKR_TEST2RR,0.0,1.0,1.0,100.0
245920,2,walk,walk,13154,,13154.0,20.0,0.0,0.0,5.0,25.72,0.035,0.257,0.0,36.0,25.97,0.0,4.0,0.0,0.0,28.96,-0.49,-0.89,0.08,-4.87,-4.45,2.63,449.0,TEST2RR,AKR_TEST2RR,0.0,1.0,1.0,100.0
245960,2,walk,walk,13155,,13155.0,20.0,0.0,0.0,5.0,26.11,0.039,0.37,0.0,36.0,25.97,0.0,4.0,0.0,0.0,28.7,-0.49,-0.9,0.08,-4.01,-3.89,1.85,449.0,TEST2RR,AKR_TEST2RR,0.0,1.0,1.0,100.0
245960,2,walk,walk,13156,,13156.0,20.0,0.0,0.0,5.0,26.47,0.043,0.07,0.0,36.0,25.97,0.0,4.0,0.0,0.0,28.49,-0.49,-0.9,0.08,-3.05,-3.17,1.22,449.0,TEST2RR,AKR_TEST2RR,0.0,1.0,1.0,100.0
245980,2,walk,walk,13157,,13157.0,20.0,0.0,0.0,5.0,26.8,0.044,0.062,0.0,36.0,25.97,0.0,4.0,0.0,0.0,28.34,-0.49,-0.9,0.08,-2.05,-2.37,0.71,449.0,TEST2RR,AKR_TEST2RR,0.0,1.0,1.0,100.0
246040,2,walk,walk,13158,,13158.0,20.0,0.0,0.0,5.0,27.1,0.045,-0.079,0.0,36.0,25.97,0.0,4.0,0.0,0.0,28.23,-0.49,-0.91,0.08,-1.07,-1.6,0.34,449.0,TEST2RR,AKR_TEST2RR,0.0,1.0,1.0,100.0
246040,2,walk,walk,13159,,13159.0,20.0,0.0,0.0,5.0,27.36,0.046,0.104,0.0,36.0,25.97,0.0,4.0,0.0,0.0,28.19,-0.49,-0.91,0.08,-0.15,-0.93,0.08,449.0,TEST2RR,AKR_TEST2RR,0.0,1.0,1.0,100.0
246040,2,walk,walk,13160,,13160.0,20.0,0.0,0.0,5.0,27.59,0.047,0.049,0.0,36.0,25.97,0.0,4.0,0.0,0.0,28.18,-0.49,-0.91,0.07,0.68,-0.41,-0.07,449.0,TEST2RR,AKR_TEST2RR,0.0,1.0,1.0,100.0
246080,2,walk,walk,13161,,13161.0,20.0,0.0,0.0,5.0,27.79,0.048,-0.028,0.0,36.0,25.97,0.0,4.0,0.0,0.0,28.2,-0.49,-0.91,0.07,1.42,-0.05,-0.13,449.0,TEST2RR,AKR_TEST2RR,0.0,1.0,1.0,100.0
246100,2,walk,walk,13162,,13162.0,20.0,0.0,0.0,5.0,27.96,0.048,-0.061,0.0,36.0,25.97,0.0,4.0,0.0,0.0,28.23,-0.49,-0.91,0.07,2.07,0.15,-0.11,449.0,TEST2RR,AKR_TEST2RR,0.0,1.0,1.0,100.0
246100,2,walk,walk,13163,,13163.0,20.0,0.0,0.0,5.0,28.11,0.048,0.023,0.0,36.0,25.97,0.0,4.0,0.0,0.0,28.26,-0.49,-0.91,0.07,2.63,0.24,-0.01,449.0,TEST2RR,AKR_TEST2RR,0.0,1.0,1.0,100.0
246120,2,walk,walk,13164,,13164.0,20.0,0.0,0.0,5.0,28.23,0.048,0.147,0.0,36.0,25.97,0.0,4.0,0.0,0.0,28.26,-0.49,-0.91,0.07,3.13,0.26,0.16,449.0,TEST2RR,AKR_TEST2RR,0.0,1.0,1.0,100.0
246140,2,walk,walk,13165,,13165.0,20.0,0.0,0.0,5.0,28.34,0.049,0.021,0.0,36.0,25.97,0.0,4.0,0.0,0.0,28.23,-0.49,-0.91,0.07,3.58,0.27,0.4,449.0,TEST2RR,AKR_TEST2RR,0.0,1.0,1.0,100.0
246180,2,walk,walk,13166,,13166.0,20.0,0.0,0.0,5.0,28.43,0.049,0.166,0.0,36.0,25.97,0.0,4.0,0.0,0.0,28.16,-0.49,-0.91,0.07,3.99,0.31,0.73,450.0,TEST2RR,AKR_TEST2RR,0.0,1.0,1.0,100.0
246200,2,walk,walk,13167,,13167.0,20.0,0.0,0.0,5.0,28.5,0.052,0.178,0.0,36.0,25.97,0.0,4.0,0.0,0.0,28.04,-0.48,-0.91,0.07,4.38,0.39,1.13,450.0,TEST2RR,AKR_TEST2RR,0.0,1.0,1.0,100.0
246200,2,walk,walk,13168,,13168.0,20.0,0.0,0.0,5.0,28.56,0.055,0.425,0.0,36.0,25.97,0.0,4.0,0.0,0.0,27.88,-0.48,-0.91,0.08,4.73,0.54,1.58,450.0,TEST2RR,AKR_TEST2RR,0.0,1.0,1.0,100.0
246220,2,walk,walk,13169,,13169.0,20.0,0.0,0.0,5.0,28.6,0.059,0.34,0.0,36.0,25.97,0.0,4.0,0.0,0.0,27.72,-0.48,-0.91,0.08,5.02,0.72,2.09,450.0,TEST2RR,AKR_TEST2RR,0.0,1.0,1.0,100.0
246240,2,walk,walk,13170,,13170.0,20.0,0.0,0.0,0.0,28.64,0.064,0.441,0.0,36.0,25.97,0.0,4.0,0.0,0.0,27.55,-0.48,-0.92,0.08,5.24,0.91,2.61,450.0,TEST2RR,AKR_TEST2RR,0.0,1.0,1.0,100.0
246260,2,walk,walk,13171,,13171.0,20.0,0.0,0.0,0.0,28.68,0.072,0.417,0.0,36.0,25.97,0.0,4.0,0.0,0.0,27.4,-0.48,-0.92,0.08,5.37,1.1,3.11,450.0,TEST2RR,AKR_TEST2RR,0.0,1.0,1.0,100.0
246280,2,walk,walk,13172,,13172.0,20.0,0.0,0.0,0.0,28.7,0.076,0.31,0.0,36.0,25.97,0.0,4.0,0.0,0.0,27.28,-0.48,-0.92,0.09,5.41,1.3,3.58,450.0,TEST2RR,AKR_TEST2RR,0.0,1.0,1.0,100.0
246300,2,walk,walk,13173,,13173.0,20.0,0.0,0.0,0.0,28.73,0.081,0.276,0.0,36.0,25.97,0.0,4.0,0.0,0.0,27.19,-0.48,-0.93,0.09,5.35,1.53,4.04,450.0,TEST2RR,AKR_TEST2RR,0.0,1.0,1.0,100.0
246320,2,walk,walk,13174,,13174.0,20.0,0.0,0.0,0.0,28.75,0.085,0.387,0.0,36.0,25.97,0.0,4.0,0.0,0.0,27.14,-0.48,-0.93,0.09,5.19,1.81,4.5,450.0,TEST2RR,AKR_TEST2RR,0.0,1.0,1.0,100.0
246360,2,walk,walk,13175,,13175.0,20.0,0.0,0.0,0.0,28.77,0.094,0.771,0.0,36.0,25.97,0.0,4.0,0.0,0.0,27.13,-0.48,-0.93,0.09,4.96,2.09,4.93,450.0,TEST2RR,AKR_TEST2RR,0.0,1.0,1.0,100.0
246360,2,walk,walk,13176,,13176.0,20.0,0.0,0.0,0.0,28.8,0.102,0.401,0.0,36.0,25.97,0.0,4.0,0.0,0.0,27.18,-0.48,-0.93,0.1,4.68,2.38,5.27,450.0,TEST2RR,AKR_TEST2RR,0.0,1.0,1.0,100.0
246380,2,walk,walk,13177,,13177.0,20.0,0.0,0.0,0.0,28.82,0.105,0.052,0.0,36.0,25.97,0.0,4.0,0.0,0.0,27.26,-0.48,-0.93,0.1,4.36,2.7,5.57,450.0,TEST2RR,AKR_TEST2RR,0.0,1.0,1.0,100.0
246400,2,walk,walk,13178,,13178.0,20.0,0.0,0.0,0.0,28.85,0.11,0.236,0.0,36.0,25.97,0.0,4.0,0.0,0.0,27.37,-0.48,-0.93,0.1,4.06,3.08,5.86,450.0,TEST2RR,AKR_TEST2RR,0.0,1.0,1.0,100.0
246420,2,walk,walk,13179,,13179.0,20.0,0.0,0.0,0.0,28.88,0.117,0.73,0.0,36.0,25.97,0.0,4.0,0.0,0.0,27.48,-0.48,-0.92,0.1,3.82,3.51,6.13,450.0,TEST2RR,AKR_TEST2RR,0.0,1.0,1.0,100.0
246460,2,walk,walk,13180,,13180.0,20.0,0.0,0.0,0.0,28.91,0.13,0.578,0.0,36.0,25.97,0.0,4.0,0.0,0.0,27.6,-0.48,-0.92,0.1,3.68,3.94,6.34,450.0,TEST2RR,AKR_TEST2RR,0.0,1.0,1.0,100.0
246460,2,walk,walk,13181,,13181.0,20.0,0.0,0.0,0.0,28.95,0.135,0.234,0.0,36.0,25.97,0.0,4.0,0.0,0.0,27.71,-0.48,-0.92,0.1,3.67,4.34,6.51,450.0,TEST2RR,AKR_TEST2RR,0.0,1.0,1.0,100.0
246500,2,walk,walk,13182,,13182.0,20.0,0.0,0.0,0.0,28.99,0.144,1.017,0.0,36.0,25.97,0.0,4.0,0.0,0.0,27.81,-0.49,-0.92,0.09,3.78,4.65,6.66,450.0,TEST2RR,AKR_TEST2RR,0.0,1.0,1.0,100.0
246520,2,walk,walk,13183,,13183.0,20.0,0.0,0.0,0.0,29.04,0.159,0.773,0.0,36.0,25.97,0.0,4.0,0.0,0.0,27.9,-0.49,-0.92,0.09,4.02,4.78,6.74,450.0,TEST2RR,AKR_TEST2RR,0.0,1.0,1.0,100.0
246520,2,walk,walk,13184,,13184.0,20.0,0.0,0.0,0.0,29.09,0.171,1.189,0.0,36.0,25.97,0.0,4.0,0.0,0.0,27.99,-0.49,-0.92,0.09,4.35,4.68,6.72,450.0,TEST2RR,AKR_TEST2RR,0.0,1.0,1.0,100.0
246540,2,walk,walk,13185,,13185.0,20.0,0.0,0.0,0.0,29.15,0.187,0.931,0.0,36.0,25.97,0.0,4.0,0.0,0.0,28.08,-0.49,-0.92,0.08,4.74,4.28,6.6,450.0,TEST2RR,AKR_TEST2RR,0.0,1.0,1.0,100.0
246560,2,walk,walk,13186,,13186.0,20.0,0.0,0.0,0.0,29.21,0.202,1.044,0.0,36.0,25.97,0.0,4.0,0.0,0.0,28.17,-0.49,-0.92,0.08,5.15,3.56,6.33,450.0,TEST2RR,AKR_TEST2RR,0.0,1.0,1.0,100.0
246600,2,walk,walk,13187,,13187.0,20.0,0.0,0.0,0.0,29.27,0.217,0.947,0.0,36.0,25.97,0.0,4.0,0.0,0.0,28.27,-0.5,-0.92,0.07,5.56,2.59,5.94,450.0,TEST2RR,AKR_TEST2RR,0.0,1.0,1.0,100.0
246600,2,walk,walk,13188,,13188.0,20.0,0.0,0.0,0.0,29.34,0.234,1.255,0.0,36.0,25.97,0.0,4.0,0.0,0.0,28.36,-0.5,-0.92,0.07,5.92,1.44,5.41,450.0,TEST2RR,AKR_TEST2RR,0.0,1.0,1.0,100.0
246620,2,walk,walk,13189,,13189.0,20.0,0.0,0.0,0.0,29.41,0.252,1.392,0.0,36.0,25.97,0.0,4.0,0.0,0.0,28.43,-0.5,-0.92,0.07,6.24,0.17,4.74,450.0,TEST2RR,AKR_TEST2RR,0.0,1.0,1.0,100.0
246640,2,walk,walk,13190,,13190.0,20.0,0.0,6.0,2.0,29.49,0.272,1.212,0.0,36.0,25.97,0.0,4.0,0.0,0.0,28.47,-0.5,-0.92,0.07,6.5,-1.1,3.94,450.0,TEST2RR,AKR_TEST2RR,0.0,1.0,1.0,100.0
246660,2,walk,walk,13191,,13191.0,20.0,0.0,6.0,2.0,29.56,0.278,2.027,-0.31,36.0,25.86,0.0,18.0,0.0,0.0,28.55,-0.5,-0.92,0.08,6.83,-1.89,3.93,450.0,TEST2RR,AKR_TEST2RR,0.0,1.0,1.0,100.0
246700,2,walk,walk,13192,,13192.0,20.0,0.0,6.0,2.0,29.64,0.193,-8.064,-2.759,36.0,25.47,0.0,18.0,0.0,0.0,28.77,-0.5,-0.91,0.08,7.18,-2.51,4.99,450.0,TEST2RR,AKR_TEST2RR,0.0,1.0,1.0,100.0
246700,2,walk,walk,13193,,13193.0,20.0,0.0,6.0,2.0,29.71,0.092,-4.819,-1.473,36.0,25.76,0.0,18.0,0.0,0.0,29.04,-0.5,-0.91,0.09,7.55,-3.53,6.32,450.0,TEST2RR,AKR_TEST2RR,0.0,1.0,1.0,100.0
246720,2,walk,walk,13194,,13194.0,20.0,0.0,6.0,2.0,29.79,0.048,-1.961,-2.018,36.0,25.83,0.0,18.0,0.0,0.0,29.17,-0.5,-0.9,0.1,7.89,-5.63,7.0,450.0,TEST2RR,AKR_TEST2RR,0.0,1.0,1.0,100.0
246740,2,walk,walk,13195,,13195.0,20.0,1.0,6.0,2.0,29.86,0.029,-0.958,-1.887,36.0,25.86,0.0,19.0,0.0,0.0,29.0,-0.49,-0.89,0.1,8.22,-9.15,6.38,450.0,TEST2RR,AKR_TEST2RR,0.0,1.0,1.0,100.0
246760,2,walk,walk,13196,,13196.0,20.0,0.0,6.0,2.0,29.94,0.019,-0.354,-1.86,36.0,25.86,0.0,18.0,0.0,0.0,28.38,-0.48,-0.89,0.11,8.55,-13.93,4.11,450.0,TEST2RR,AKR_TEST2RR,0.0,1.0,1.0,100.0
246780,2,walk,walk,13197,,13197.0,20.0,0.0,6.0,2.0,30.01,0.017,0.011,-1.892,36.0,25.9,0.0,18.0,0.0,0.0,27.26,-0.45,-0.88,0.12,8.81,-19.29,0.02,450.0,TEST2RR,AKR_TEST2RR,0.0,1.0,1.0,100.0
246800,2,walk,walk,13198,,13198.0,20.0,1.0,6.0,2.0,30.08,0.015,-0.058,-1.738,36.0,25.9,0.0,19.0,0.0,0.0,25.62,-0.42,-0.88,0.14,8.97,-24.2,-5.84,450.0,TEST2RR,AKR_TEST2RR,0.0,1.0,1.0,100.0
246840,2,walk,walk,13199,,13199.0,20.0,1.0,1.0,5.0,30.14,0.014,-0.05,-1.632,36.0,25.9,0.0,19.0,0.0,1.0,23.49,-0.38,-0.88,0.15,9.04,-27.51,-13.25,450.0,TEST2RR,AKR_TEST2RR,0.0,1.0,1.0,100.0
246860,2,walk,walk,13200,,13200.0,20.0,0.0,1.0,6.0,30.19,0.012,-0.115,-1.526,36.0,25.76,0.0,19.0,0.0,1.0,21.01,-0.34,-0.88,0.17,9.12,-28.31,-21.5,450.0,TEST2RR,AKR_TEST2RR,0.0,1.0,1.0,100.0
246860,2,walk,walk,13201,,13201.0,20.0,0.0,1.0,6.0,30.22,-0.023,-3.223,-2.51,36.0,25.72,0.0,19.0,0.0,1.0,18.36,-0.3,-0.89,0.19,9.32,-25.97,-30.0,450.0,TEST2RR,AKR_TEST2RR,0.0,1.0,1.0,100.0
246880,2,walk,walk,13202,,13202.0,20.0,0.0,1.0,6.0,30.2,-0.069,-2.862,-2.893,36.0,25.65,0.0,19.0,0.0,1.0,15.74,-0.25,-0.9,0.2,9.75,-20.44,-38.39,450.0,TEST2RR,AKR_TEST2RR,0.0,1.0,1.0,100.0
246900,2,walk,walk,13203,,13203.0,20.0,0.0,1.0,6.0,30.14,-0.106,-2.365,-3.318,36.0,25.62,0.0,19.0,0.0,1.0,13.34,-0.22,-0.91,0.22,10.48,-12.3,-46.5,450.0,TEST2RR,AKR_TEST2RR,0.0,1.0,1.0,100.0
246920,2,walk,walk,13204,,13204.0,20.0,0.0,1.0,6.0,30.02,-0.137,-1.87,-3.673,36.0,25.58,0.0,19.0,0.0,1.0,11.32,-0.19,-0.93,0.22,11.6,-2.52,-54.27,450.0,TEST2RR,AKR_TEST2RR,0.0,1.0,1.0,100.0
246940,2,walk,walk,13205,,13205.0,20.0,0.0,1.0,6.0,29.82,-0.162,-1.656,-4.098,36.0,25.54,0.0,19.0,0.0,1.0,9.77,-0.16,-0.94,0.23,13.13,7.75,-61.73,450.0,TEST2RR,AKR_TEST2RR,0.0,1.0,1.0,100.0
246960,2,walk,walk,13206,,13206.0,20.0,0.0,1.0,6.0,29.54,-0.183,-1.364,-4.057,36.0,25.54,0.0,19.0,0.0,1.0,8.74,-0.15,-0.96,0.22,15.01,17.38,-69.0,450.0,TEST2RR,AKR_TEST2RR,0.0,1.0,1.0,100.0
247000,2,walk,walk,13207,,13207.0,20.0,0.0,1.0,6.0,29.15,-0.201,-1.068,-4.417,36.0,25.51,0.0,19.0,0.0,1.0,8.17,-0.14,-0.98,0.21,17.03,25.48,-76.06,450.0,TEST2RR,AKR_TEST2RR,0.0,1.0,1.0,100.0
247000,2,walk,walk,13208,,13208.0,20.0,0.0,1.0,6.0,28.66,-0.216,-0.958,-4.315,36.0,25.51,0.0,19.0,0.0,1.0,7.99,-0.14,-1.0,0.2,18.88,31.67,-82.69,450.0,TEST2RR,AKR_TEST2RR,0.0,1.0,1.0,100.0
247020,2,walk,walk,13209,,13209.0,20.0,0.0,1.0,6.0,28.05,-0.23,-0.879,-4.327,36.0,25.51,0.0,19.0,0.0,1.0,8.07,-0.14,-1.01,0.18,20.3,35.94,-88.76,450.0,TEST2RR,AKR_TEST2RR,0.0,1.0,1.0,100.0
247040,2,walk,walk,13210,,13210.0,20.0,0.0,1.0,6.0,27.32,-0.241,-0.602,-4.687,36.0,25.51,0.0,19.0,0.0,1.0,8.32,-0.15,-1.03,0.16,21.17,38.55,-94.07,450.0,TEST2RR,AKR_TEST2RR,0.0,1.0,1.0,100.0
247060,2,walk,walk,13211,,13211.0,20.0,0.0,1.0,6.0,26.47,-0.249,-0.512,-4.783,36.0,25.47,0.0,19.0,0.0,1.0,8.67,-0.16,-1.04,0.14,21.44,39.92,-98.32,450.0,TEST2RR,AKR_TEST2RR,0.0,1.0,1.0,100.0
247080,2,walk,walk,13212,,13212.0,20.0,0.0,1.0,6.0,25.5,-0.256,-0.476,-4.867,36.0,25.47,0.0,19.0,0.0,1.0,9.09,-0.17,-1.05,0.12,21.08,40.53,-101.31,450.0,TEST2RR,AKR_TEST2RR,0.0,1.0,1.0,100.0
247100,2,walk,walk,13213,,13213.0,20.0,0.0,1.0,6.0,24.41,-0.26,-0.213,-5.011,36.0,25.47,0.0,19.0,0.0,1.0,9.56,-0.18,-1.05,0.1,20.05,40.76,-102.88,450.0,TEST2RR,AKR_TEST2RR,0.0,1.0,1.0,100.0
247120,2,walk,walk,13214,,13214.0,20.0,0.0,1.0,6.0,23.21,-0.264,-0.151,-5.003,36.0,25.44,0.0,19.0,0.0,1.0,10.09,-0.19,-1.05,0.08,18.34,40.83,-102.94,450.0,TEST2RR,AKR_TEST2RR,0.0,1.0,1.0,100.0
247160,2,walk,walk,13215,,13215.0,20.0,0.0,3.0,7.0,21.9,-0.268,-0.245,-5.047,36.0,25.44,0.0,19.0,0.0,1.0,10.73,-0.2,-1.05,0.05,15.92,40.69,-101.45,451.0,TEST2RR,AKR_TEST2RR,0.0,1.0,1.0,100.0
247200,2,walk,walk,13216,,13216.0,20.0,0.0,3.0,7.0,20.5,-0.271,-0.163,-5.11,36.0,25.44,0.0,19.0,0.0,1.0,11.5,-0.21,-1.05,0.03,12.78,40.07,-98.46,451.0,TEST2RR,AKR_TEST2RR,0.0,1.0,1.0,100.0
247200,2,walk,walk,13217,,13217.0,20.0,0.0,3.0,7.0,19.01,-0.273,-0.073,-5.198,36.0,25.44,0.0,19.0,0.0,1.0,12.43,-0.23,-1.04,0.0,8.91,38.57,-94.03,451.0,TEST2RR,AKR_TEST2RR,0.0,1.0,1.0,100.0
247200,2,walk,walk,13218,,13218.0,20.0,0.0,3.0,7.0,17.46,-0.274,0.083,-5.138,36.0,25.44,0.0,19.0,0.0,1.0,13.52,-0.25,-1.02,-0.02,4.33,35.82,-88.28,451.0,TEST2RR,AKR_TEST2RR,0.0,1.0,1.0,100.0
247220,2,walk,walk,13219,,13219.0,20.0,0.0,3.0,7.0,15.86,-0.275,-0.197,-5.004,36.0,25.47,0.0,19.0,0.0,1.0,14.74,-0.27,-1.01,-0.05,-0.9,31.59,-81.29,451.0,TEST2RR,AKR_TEST2RR,0.0,1.0,1.0,100.0
247240,2,walk,walk,13220,,13220.0,20.0,0.0,3.0,7.0,14.23,-0.275,-0.003,-4.859,36.0,25.51,0.0,19.0,0.0,1.0,16.03,-0.29,-1.0,-0.08,-6.68,25.87,-73.19,451.0,TEST2RR,AKR_TEST2RR,0.0,1.0,1.0,100.0
247260,2,walk,walk,13221,,13221.0,20.0,0.0,3.0,7.0,12.59,-0.274,0.023,-4.698,36.0,25.54,0.0,19.0,0.0,1.0,17.31,-0.31,-0.98,-0.1,-12.84,18.84,-64.09,451.0,TEST2RR,AKR_TEST2RR,0.0,1.0,1.0,100.0
247280,2,walk,walk,13222,,13222.0,20.0,0.0,3.0,7.0,10.95,-0.271,0.281,-4.595,36.0,25.58,0.0,19.0,0.0,1.0,18.47,-0.33,-0.98,-0.12,-19.19,10.83,-54.12,451.0,TEST2RR,AKR_TEST2RR,0.0,1.0,1.0,100.0
247320,2,walk,walk,13223,,13223.0,20.0,0.0,3.0,7.0,9.35,-0.267,0.335,-4.307,36.0,25.62,0.0,19.0,0.0,1.0,18.93,-0.33,-0.98,-0.13,-25.08,2.23,-44.13,451.0,TEST2RR,AKR_TEST2RR,0.0,1.0,1.0,100.0
247320,2,walk,walk,13224,,13224.0,20.0,0.0,3.0,7.0,7.79,-0.26,0.591,-4.036,36.0,25.69,0.0,19.0,0.0,1.0,17.96,-0.32,-0.99,-0.13,-29.52,-6.23,-34.97,451.0,TEST2RR,AKR_TEST2RR,0.0,1.0,1.0,100.0
247340,2,walk,walk,13225,,13225.0,20.0,0.0,3.0,7.0,6.31,-0.234,2.611,-5.453,36.0,25.62,0.0,19.0,0.0,1.0,15.39,-0.28,-1.01,-0.11,-32.23,-13.09,-27.11,451.0,TEST2RR,AKR_TEST2RR,0.0,1.0,1.0,100.0
247360,2,walk,walk,13226,,13226.0,20.0,1.0,3.0,7.0,4.91,-0.191,2.553,-4.85,36.0,25.72,0.0,20.0,0.0,1.0,11.52,-0.21,-1.04,-0.07,-33.61,-17.13,-20.65,451.0,TEST2RR,AKR_TEST2RR,0.0,1.0,1.0,100.0
247380,2,walk,walk,13227,,13227.0,20.0,0.0,3.0,7.0,3.61,-0.155,2.29,-4.055,36.0,25.79,0.0,19.0,0.0,1.0,6.91,-0.13,-1.06,-0.01,-34.13,-18.06,-15.36,451.0,TEST2RR,AKR_TEST2RR,0.0,1.0,1.0,100.0
247420,2,walk,walk,13228,,13228.0,20.0,0.0,3.0,7.0,2.42,-0.121,2.249,-3.274,36.0,25.9,0.0,19.0,0.0,1.0,2.22,-0.04,-1.09,0.05,-34.01,-16.43,-11.02,451.0,TEST2RR,AKR_TEST2RR,0.0,1.0,1.0,100.0
247420,2,walk,walk,13229,,13229.0,20.0,0.0,3.0,7.0,1.33,-0.083,2.635,-2.603,36.0,25.93,0.0,19.0,0.0,1.0,-2.0,0.04,-1.11,0.1,-33.35,-13.37,-7.61,451.0,TEST2RR,AKR_TEST2RR,0.0,1.0,1.0,100.0
247440,2,walk,walk,13230,,13230.0,20.0,0.0,3.0,7.0,0.36,-0.036,3.278,-1.875,36.0,25.97,0.0,19.0,0.0,1.0,-5.4,0.11,-1.12,0.15,-32.25,-10.25,-5.18,451.0,TEST2RR,AKR_TEST2RR,0.0,1.0,1.0,100.0
247480,2,walk,walk,13231,,13231.0,20.0,0.0,3.0,7.0,-0.51,0.014,3.399,-1.353,36.0,25.97,0.0,19.0,0.0,1.0,-7.89,0.16,-1.13,0.18,-30.72,-8.19,-3.8,451.0,TEST2RR,AKR_TEST2RR,0.0,1.0,1.0,100.0
247480,2,walk,walk,13232,,13232.0,20.0,0.0,3.0,7.0,-1.28,0.062,3.178,-0.87,36.0,25.97,0.0,19.0,0.0,1.0,-9.54,0.19,-1.13,0.19,-28.76,-7.73,-3.48,451.0,TEST2RR,AKR_TEST2RR,0.0,1.0,1.0,100.0
247500,2,walk,walk,13233,,13233.0,20.0,0.0,3.0,7.0,-1.95,0.11,3.07,-0.52,36.0,25.97,0.0,19.0,0.0,1.0,-10.51,0.21,-1.13,0.19,-26.39,-8.84,-4.12,451.0,TEST2RR,AKR_TEST2RR,0.0,1.0,1.0,100.0
247520,2,walk,walk,13234,,13234.0,20.0,0.0,3.0,7.0,-2.55,0.156,3.101,-0.34,36.0,25.97,0.0,19.0,0.0,1.0,-10.99,0.22,-1.13,0.18,-23.7,-10.95,-5.54,451.0,TEST2RR,AKR_TEST2RR,0.0,1.0,1.0,100.0
247540,2,walk,walk,13235,,13235.0,20.0,0.0,3.0,7.0,-3.07,0.199,2.87,-0.244,36.0,25.93,0.0,19.0,0.0,1.0,-11.19,0.22,-1.12,0.17,-20.84,-13.24,-7.49,451.0,TEST2RR,AKR_TEST2RR,0.0,1.0,1.0,100.0
247560,2,walk,walk,13236,,13236.0,20.0,1.0,3.0,7.0,-3.53,0.24,2.545,-0.085,36.0,25.93,0.0,20.0,0.0,1.0,-11.12,0.22,-1.11,0.15,-17.96,-15.18,-9.61,451.0,TEST2RR,AKR_TEST2RR,0.0,1.0,1.0,100.0
247580,2,walk,walk,13237,,13237.0,20.0,0.0,3.0,7.0,-3.95,0.26,0.511,0.912,36.0,25.93,0.0,19.0,0.0,1.0,-10.77,0.21,-1.1,0.13,-15.23,-16.52,-11.53,451.0,TEST2RR,AKR_TEST2RR,0.0,1.0,1.0,100.0
247600,2,walk,walk,13238,,13238.0,20.0,0.0,3.0,7.0,-4.32,0.256,-0.753,0.562,36.0,25.97,0.0,19.0,0.0,1.0,-10.23,0.2,-1.09,0.11,-12.82,-17.12,-12.87,451.0,TEST2RR,AKR_TEST2RR,0.0,1.0,1.0,100.0
247660,2,walk,walk,13239,,13239.0,20.0,0.0,3.0,7.0,-4.66,0.243,-0.892,0.043,36.0,25.97,0.0,19.0,0.0,1.0,-9.62,0.18,-1.09,0.09,-10.87,-17.02,-13.35,451.0,TEST2RR,AKR_TEST2RR,0.0,1.0,1.0,100.0
247660,2,walk,walk,13240,,13240.0,20.0,0.0,3.0,7.0,-4.98,0.23,-0.766,-0.026,36.0,25.93,0.0,19.0,0.0,1.0,-9.01,0.17,-1.08,0.08,-9.44,-16.35,-12.93,451.0,TEST2RR,AKR_TEST2RR,0.0,1.0,1.0,100.0
247660,2,walk,walk,13241,,13241.0,20.0,0.0,3.0,7.0,-5.29,0.219,-0.645,-0.021,36.0,25.93,0.0,19.0,0.0,1.0,-8.47,0.16,-1.07,0.07,-8.51,-15.3,-11.7,451.0,TEST2RR,AKR_TEST2RR,0.0,1.0,1.0,100.0
247680,2,walk,walk,13242,,13242.0,20.0,0.0,3.0,7.0,-5.58,0.209,-0.571,-0.164,36.0,25.97,0.0,19.0,0.0,1.0,-8.02,0.15,-1.06,0.06,-8.0,-14.06,-9.87,451.0,TEST2RR,AKR_TEST2RR,0.0,1.0,1.0,100.0
247700,2,walk,walk,13243,,13243.0,20.0,0.0,3.0,7.0,-5.86,0.203,-0.21,-0.219,36.0,25.93,0.0,19.0,0.0,1.0,-7.68,0.14,-1.06,0.05,-7.78,-12.74,-7.66,451.0,TEST2RR,AKR_TEST2RR,0.0,1.0,1.0,100.0
247720,2,walk,walk,13244,,13244.0,20.0,0.0,3.0,7.0,-6.13,0.2,-0.115,-0.153,36.0,25.93,0.0,19.0,0.0,1.0,-7.44,0.14,-1.05,0.05,-7.75,-11.44,-5.27,451.0,TEST2RR,AKR_TEST2RR,0.0,1.0,1.0,100.0
247740,2,walk,walk,13245,,13245.0,20.0,0.0,0.0,1.0,-6.4,0.198,-0.253,-0.079,36.0,25.93,0.0,19.0,0.0,1.0,-7.29,0.13,-1.05,0.04,-7.82,-10.21,-2.86,451.0,TEST2RR,AKR_TEST2RR,0.0,1.0,1.0,100.0
247760,2,walk,walk,13246,,13246.0,20.0,0.0,0.0,1.0,-6.64,0.194,-0.432,0.021,36.0,25.93,0.0,19.0,0.0,1.0,-7.21,0.13,-1.04,0.03,-7.93,-9.04,-0.43,451.0,TEST2RR,AKR_TEST2RR,0.0,1.0,1.0,100.0
247800,2,walk,walk,13247,,13247.0,20.0,0.0,0.0,1.0,-6.88,0.194,-0.432,0.021,36.0,25.93,0.0,39.0,0.0,1.0,-7.19,0.13,-1.04,0.02,-8.05,-7.93,2.04,451.0,TEST2RR,AKR_TEST2RR,0.0,1.0,1.0,100.0
247800,2,walk,walk,13248,,13248.0,20.0,0.0,0.0,1.0,-7.1,0.194,-0.432,0.021,36.0,25.93,0.0,59.0,0.0,1.0,-7.21,0.13,-1.04,0.01,-8.15,-6.91,4.51,451.0,TEST2RR,AKR_TEST2RR,0.0,1.0,1.0,100.0
247820,2,walk,walk,13249,,13249.0,20.0,0.0,0.0,1.0,-7.29,0.15,-11.657,0.0,36.0,25.97,0.0,3.0,0.0,1.0,-7.25,0.13,-1.03,0.0,-8.21,-5.97,6.96,451.0,TEST2RR,AKR_TEST2RR,0.0,1.0,1.0,100.0
247840,2,walk,walk,13250,,13250.0,20.0,0.0,0.0,1.0,-7.47,0.136,-1.4,0.0,36.0,25.97,0.0,3.0,0.0,1.0,-7.29,0.13,-1.03,-0.01,-8.2,-5.13,9.44,451.0,TEST2RR,AKR_TEST2RR,0.0,1.0,1.0,100.0
247860,2,walk,walk,13251,,13251.0,20.0,0.0,0.0,1.0,-7.61,0.118,-1.083,0.0,36.0,25.97,0.0,3.0,0.0,1.0,-7.32,0.13,-1.03,-0.01,-8.1,-4.37,12.04,451.0,TEST2RR,AKR_TEST2RR,0.0,1.0,1.0,100.0
247880,2,walk,walk,13252,,13252.0,20.0,0.0,0.0,1.0,-7.73,0.097,-1.366,0.0,36.0,25.97,0.0,3.0,0.0,1.0,-7.33,0.13,-1.03,-0.02,-7.89,-3.67,14.8,451.0,TEST2RR,AKR_TEST2RR,0.0,1.0,1.0,100.0
247900,2,walk,walk,13253,,13253.0,20.0,0.0,0.0,1.0,-7.81,0.077,-1.444,0.0,36.0,25.97,0.0,3.0,0.0,1.0,-7.29,0.13,-1.03,-0.03,-7.59,-3.01,17.75,451.0,TEST2RR,AKR_TEST2RR,0.0,1.0,1.0,100.0
247920,2,walk,walk,13254,,13254.0,20.0,0.0,0.0,1.0,-7.86,0.06,-1.061,0.0,36.0,25.97,0.0,3.0,0.0,1.0,-7.17,0.13,-1.03,-0.03,-7.22,-2.44,20.85,451.0,TEST2RR,AKR_TEST2RR,0.0,1.0,1.0,100.0
247940,2,walk,walk,13255,,13255.0,20.0,0.0,0.0,1.0,-7.87,0.042,-1.048,0.0,36.0,25.97,0.0,3.0,0.0,1.0,-6.96,0.13,-1.03,-0.04,-6.8,-1.95,24.01,451.0,TEST2RR,AKR_TEST2RR,0.0,1.0,1.0,100.0
247980,2,walk,walk,13256,,13256.0,20.0,0.0,0.0,1.0,-7.84,0.025,-1.314,0.0,36.0,25.97,0.0,3.0,0.0,1.0,-6.65,0.12,-1.03,-0.04,-6.36,-1.53,27.1,451.0,TEST2RR,AKR_TEST2RR,0.0,1.0,1.0,100.0
247980,2,walk,walk,13257,,13257.0,20.0,0.0,0.0,1.0,-7.77,0.012,-0.719,0.0,36.0,25.97,0.0,3.0,0.0,1.0,-6.24,0.11,-1.02,-0.05,-5.92,-1.2,30.02,451.0,TEST2RR,AKR_TEST2RR,0.0,1.0,1.0,100.0
248000,2,walk,walk,13258,,13258.0,20.0,0.0,0.0,1.0,-7.66,-0.003,-1.0,0.0,36.0,25.97,0.0,3.0,0.0,1.0,-5.74,0.1,-1.02,-0.05,-5.48,-0.94,32.61,451.0,TEST2RR,AKR_TEST2RR,0.0,1.0,1.0,100.0
248020,2,walk,walk,13259,,13259.0,20.0,0.0,0.0,1.0,-7.51,-0.012,-0.551,0.0,36.0,25.97,0.0,3.0,0.0,1.0,-5.15,0.09,-1.02,-0.05,-5.06,-0.72,34.76,451.0,TEST2RR,AKR_TEST2RR,0.0,1.0,1.0,100.0
248040,2,walk,walk,13260,,13260.0,20.0,0.0,0.0,1.0,-7.31,-0.025,-1.02,0.0,36.0,25.97,0.0,3.0,0.0,1.0,-4.5,0.08,-1.02,-0.05,-4.68,-0.54,36.4,451.0,TEST2RR,AKR_TEST2RR,0.0,1.0,1.0,100.0
248060,2,walk,walk,13261,,13261.0,20.0,0.0,0.0,1.0,-7.06,-0.035,-0.476,0.0,36.0,25.97,0.0,3.0,0.0,1.0,-3.8,0.07,-1.02,-0.06,-4.33,-0.38,37.53,451.0,TEST2RR,AKR_TEST2RR,0.0,1.0,1.0,100.0
248080,2,walk,walk,13262,,13262.0,20.0,0.0,0.0,1.0,-6.76,-0.042,-0.536,0.0,36.0,25.97,0.0,3.0,0.0,1.0,-3.06,0.05,-1.02,-0.06,-4.05,-0.26,38.13,451.0,TEST2RR,AKR_TEST2RR,0.0,1.0,1.0,100.0
248100,2,walk,walk,13263,,13263.0,20.0,0.0,0.0,1.0,-6.42,-0.05,-0.366,0.0,36.0,25.97,0.0,3.0,0.0,1.0,-2.3,0.04,-1.01,-0.06,-3.84,-0.16,38.23,452.0,TEST2RR,AKR_TEST2RR,0.0,1.0,1.0,100.0
248140,2,walk,walk,13264,,13264.0,20.0,0.0,0.0,1.0,-6.04,-0.052,-0.005,0.0,36.0,25.97,0.0,3.0,0.0,1.0,-1.52,0.03,-1.01,-0.06,-3.72,-0.04,37.82,452.0,TEST2RR,AKR_TEST2RR,0.0,1.0,1.0,100.0
248140,2,walk,walk,13265,,13265.0,20.0,0.0,0.0,1.0,-5.61,-0.052,-0.033,0.0,36.0,25.97,0.0,3.0,0.0,1.0,-0.74,0.01,-1.01,-0.06,-3.68,0.1,36.85,452.0,TEST2RR,AKR_TEST2RR,0.0,1.0,1.0,100.0
248180,2,walk,walk,13266,,13266.0,20.0,0.0,0.0,1.0,-5.15,-0.05,0.147,0.0,36.0,25.97,0.0,3.0,0.0,1.0,0.05,0.0,-1.01,-0.06,-3.7,0.28,35.26,452.0,TEST2RR,AKR_TEST2RR,0.0,1.0,1.0,100.0
248180,2,walk,walk,13267,,13267.0,20.0,0.0,0.0,1.0,-4.65,-0.047,0.148,0.0,36.0,25.97,0.0,3.0,0.0,1.0,0.81,-0.01,-1.01,-0.07,-3.74,0.5,33.05,452.0,TEST2RR,AKR_TEST2RR,0.0,1.0,1.0,100.0
248200,2,walk,walk,13268,,13268.0,20.0,0.0,0.0,1.0,-4.12,-0.045,0.193,0.0,36.0,25.97,0.0,3.0,0.0,1.0,1.52,-0.03,-1.01,-0.07,-3.8,0.73,30.32,452.0,TEST2RR,AKR_TEST2RR,0.0,1.0,1.0,100.0
248220,2,walk,walk,13269,,13269.0,20.0,0.0,0.0,1.0,-3.56,-0.044,0.041,0.0,36.0,25.97,0.0,3.0,0.0,1.0,2.16,-0.04,-1.01,-0.07,-3.87,0.94,27.23,452.0,TEST2RR,AKR_TEST2RR,0.0,1.0,1.0,100.0
248240,2,walk,walk,13270,,13270.0,20.0,0.0,0.0,1.0,-2.99,-0.045,-0.079,0.0,36.0,25.97,0.0,3.0,0.0,1.0,2.69,-0.05,-1.01,-0.07,-3.97,1.11,23.98,452.0,TEST2RR,AKR_TEST2RR,0.0,1.0,1.0,100.0
248280,2,walk,walk,13271,,13271.0,20.0,0.0,0.0,1.0,-2.41,-0.046,-0.062,0.0,36.0,25.97,0.0,3.0,0.0,1.0,3.12,-0.05,-1.01,-0.07,-4.1,1.22,20.8,452.0,TEST2RR,AKR_TEST2RR,0.0,1.0,1.0,100.0
248280,2,walk,walk,13272,,13272.0,20.0,0.0,0.0,1.0,-1.82,-0.051,-0.326,0.0,36.0,25.97,0.0,3.0,0.0,1.0,3.45,-0.06,-1.01,-0.08,-4.22,1.28,17.9,452.0,TEST2RR,AKR_TEST2RR,0.0,1.0,1.0,100.0
248300,2,walk,walk,13273,,13273.0,20.0,0.0,0.0,1.0,-1.23,-0.057,-0.449,0.0,36.0,25.97,0.0,3.0,0.0,1.0,3.68,-0.07,-1.01,-0.08,-4.29,1.33,15.47,452.0,TEST2RR,AKR_TEST2RR,0.0,1.0,1.0,100.0
248320,2,walk,walk,13274,,13274.0,20.0,0.0,0.0,1.0,-0.65,-0.065,-0.574,0.0,36.0,25.97,0.0,3.0,0.0,1.0,3.85,-0.07,-1.01,-0.08,-4.25,1.34,13.63,452.0,TEST2RR,AKR_TEST2RR,0.0,1.0,1.0,100.0
248340,2,walk,walk,13275,,13275.0,20.0,0.0,0.0,1.0,-0.09,-0.077,-0.861,0.0,36.0,25.97,0.0,3.0,0.0,1.0,3.96,-0.07,-1.01,-0.08,-4.07,1.35,12.44,452.0,TEST2RR,AKR_TEST2RR,0.0,1.0,1.0,100.0
248380,2,walk,walk,13276,,13276.0,20.0,0.0,0.0,1.0,0.46,-0.088,-0.832,0.0,36.0,25.97,0.0,3.0,0.0,1.0,4.06,-0.07,-1.02,-0.09,-3.73,1.34,11.95,452.0,TEST2RR,AKR_TEST2RR,0.0,1.0,1.0,100.0
248380,2,walk,walk,13277,,13277.0,20.0,0.0,0.0,1.0,0.98,-0.103,-1.212,0.0,36.0,25.97,0.0,3.0,0.0,1.0,4.15,-0.07,-1.02,-0.09,-3.23,1.3,12.14,452.0,TEST2RR,AKR_TEST2RR,0.0,1.0,1.0,100.0
248400,2,walk,walk,13278,,13278.0,20.0,0.0,0.0,1.0,1.48,-0.12,-1.294,0.0,36.0,25.97,0.0,3.0,0.0,1.0,4.25,-0.08,-1.02,-0.09,-2.61,1.23,13.02,452.0,TEST2RR,AKR_TEST2RR,0.0,1.0,1.0,100.0
248440,2,walk,walk,13279,,13279.0,20.0,0.0,0.0,1.0,1.95,-0.144,-1.309,0.0,36.0,25.97,0.0,3.0,0.0,1.0,4.36,-0.08,-1.02,-0.1,-1.88,1.15,14.64,452.0,TEST2RR,AKR_TEST2RR,0.0,1.0,1.0,100.0
248440,2,walk,walk,13280,,13280.0,20.0,0.0,0.0,1.0,2.4,-0.168,-1.49,0.0,36.0,25.97,0.0,3.0,0.0,1.0,4.47,-0.08,-1.02,-0.1,-1.07,1.09,17.02,452.0,TEST2RR,AKR_TEST2RR,0.0,1.0,1.0,100.0
248460,2,walk,walk,13281,,13281.0,20.0,0.0,0.0,1.0,2.82,-0.189,-1.18,0.0,36.0,25.97,0.0,3.0,0.0,1.0,4.63,-0.08,-1.02,-0.1,-0.19,1.12,20.1,452.0,TEST2RR,AKR_TEST2RR,0.0,1.0,1.0,100.0
248480,2,walk,walk,13282,,13282.0,20.0,0.0,0.0,1.0,3.22,-0.201,-0.788,0.0,36.0,25.97,0.0,3.0,0.0,1.0,4.9,-0.09,-1.02,-0.1,0.75,1.25,23.59,452.0,TEST2RR,AKR_TEST2RR,0.0,1.0,1.0,100.0
248500,2,walk,walk,13283,,13283.0,20.0,0.0,0.0,1.0,3.6,-0.209,-0.036,0.0,36.0,25.97,0.0,3.0,0.0,1.0,5.31,-0.1,-1.02,-0.1,1.77,1.42,27.11,452.0,TEST2RR,AKR_TEST2RR,0.0,1.0,1.0,100.0
248520,2,walk,walk,13284,,13284.0,20.0,0.0,0.0,1.0,3.98,-0.212,-0.202,0.0,36.0,25.97,0.0,3.0,0.0,1.0,5.87,-0.11,-1.02,-0.1,2.83,1.57,30.24,452.0,TEST2RR,AKR_TEST2RR,0.0,1.0,1.0,100.0
248540,2,walk,walk,13285,,13285.0,20.0,0.0,0.0,1.0,4.35,-0.213,-0.077,0.0,36.0,25.97,0.0,3.0,0.0,1.0,6.58,-0.12,-1.02,-0.1,3.87,1.69,32.63,452.0,TEST2RR,AKR_TEST2RR,0.0,1.0,1.0,100.0
248580,2,walk,walk,13286,,13286.0,20.0,0.0,0.0,1.0,4.72,-0.213,-0.08,0.0,36.0,25.97,0.0,3.0,0.0,1.0,7.39,-0.13,-1.01,-0.1,4.8,1.77,34.08,452.0,TEST2RR,AKR_TEST2RR,0.0,1.0,1.0,100.0
248600,2,walk,walk,13287,,13287.0,20.0,0.0,0.0,1.0,5.1,-0.213,0.05,0.0,36.0,25.97,0.0,3.0,0.0,1.0,8.27,-0.15,-1.01,-0.1,5.55,1.82,34.52,452.0,TEST2RR,AKR_TEST2RR,0.0,1.0,1.0,100.0
248600,2,walk,walk,13288,,13288.0,20.0,0.0,0.0,1.0,5.5,-0.212,0.058,0.0,36.0,25.97,0.0,3.0,0.0,1.0,9.17,-0.16,-1.0,-0.09,6.07,1.85,34.01,452.0,TEST2RR,AKR_TEST2RR,0.0,1.0,1.0,100.0
248640,2,walk,walk,13289,,13289.0,20.0,0.0,0.0,1.0,5.91,-0.212,0.015,0.0,36.0,25.97,0.0,3.0,0.0,1.0,10.04,-0.18,-1.0,-0.09,6.35,1.88,32.7,452.0,TEST2RR,AKR_TEST2RR,0.0,1.0,1.0,100.0
248640,2,walk,walk,13290,,13290.0,20.0,0.0,6.0,2.0,6.34,-0.212,-0.038,0.0,36.0,25.97,0.0,3.0,0.0,1.0,10.85,-0.19,-1.0,-0.09,6.41,1.88,30.79,452.0,TEST2RR,AKR_TEST2RR,0.0,1.0,1.0,100.0
248660,2,walk,walk,13291,,13291.0,20.0,0.0,6.0,2.0,6.79,-0.212,0.116,-0.018,36.0,25.9,0.0,18.0,0.0,1.0,11.62,-0.2,-0.99,-0.08,6.26,1.53,28.33,452.0,TEST2RR,AKR_TEST2RR,0.0,1.0,1.0,100.0
248680,2,walk,walk,13292,,13292.0,20.0,0.0,6.0,2.0,7.26,-0.149,4.714,4.106,36.0,25.33,0.0,18.0,0.0,1.0,12.38,-0.22,-0.99,-0.08,5.9,0.47,24.68,452.0,TEST2RR,AKR_TEST2RR,0.0,1.0,1.0,100.0
248700,2,walk,walk,13293,,13293.0,20.0,0.0,6.0,2.0,7.74,-0.095,2.556,5.534,36.0,25.19,0.0,18.0,0.0,1.0,13.04,-0.23,-0.99,-0.08,5.38,-1.24,19.74,452.0,TEST2RR,AKR_TEST2RR,0.0,1.0,1.0,100.0
248720,2,walk,walk,13294,,13294.0,20.0,0.0,6.0,2.0,8.23,-0.074,0.691,6.747,36.0,25.05,0.0,18.0,0.0,1.0,13.53,-0.24,-0.98,-0.07,4.76,-3.24,14.09,452.0,TEST2RR,AKR_TEST2RR,0.0,1.0,1.0,100.0
248740,2,walk,walk,13295,,13295.0,20.0,0.0,6.0,2.0,8.73,-0.068,0.233,7.416,36.0,24.91,0.0,18.0,0.0,1.0,13.85,-0.24,-0.98,-0.07,4.08,-5.19,8.36,452.0,TEST2RR,AKR_TEST2RR,0.0,1.0,1.0,100.0
248760,2,walk,walk,13296,,13296.0,20.0,1.0,6.0,2.0,9.23,-0.066,0.163,7.512,36.0,24.88,0.0,19.0,0.0,1.0,14.0,-0.25,-0.98,-0.07,3.39,-6.87,3.06,452.0,TEST2RR,AKR_TEST2RR,0.0,1.0,1.0,100.0
248800,2,walk,walk,13297,,13297.0,20.0,1.0,6.0,2.0,9.71,-0.064,0.144,7.519,36.0,24.91,0.0,19.0,0.0,1.0,14.02,-0.25,-0.98,-0.07,2.74,-8.15,-1.47,452.0,TEST2RR,AKR_TEST2RR,0.0,1.0,1.0,100.0
248800,2,walk,walk,13298,,13298.0,20.0,1.0,6.0,2.0,10.17,-0.062,0.092,7.554,36.0,24.91,0.0,19.0,0.0,1.0,13.92,-0.24,-0.98,-0.07,2.16,-8.98,-5.06,452.0,TEST2RR,AKR_TEST2RR,0.0,1.0,1.0,100.0
248820,2,walk,walk,13299,,13299.0,20.0,1.0,6.0,2.0,10.61,-0.062,0.044,7.541,36.0,24.91,0.0,19.0,0.0,1.0,13.74,-0.24,-0.99,-0.07,1.64,-9.37,-7.69,452.0,TEST2RR,AKR_TEST2RR,0.0,1.0,1.0,100.0
248840,2,walk,walk,13300,,13300.0,20.0,1.0,6.0,2.0,11.01,-0.062,0.069,7.526,36.0,24.91,0.0,19.0,0.0,1.0,13.5,-0.24,-0.99,-0.07,1.17,-9.36,-9.43,452.0,TEST2RR,AKR_TEST2RR,0.0,1.0,1.0,100.0
248860,2,walk,walk,13301,,13301.0,20.0,1.0,6.0,2.0,11.37,-0.062,0.062,7.458,36.0,24.91,0.0,19.0,0.0,1.0,13.22,-0.23,-0.99,-0.06,0.76,-9.03,-10.39,452.0,TEST2RR,AKR_TEST2RR,0.0,1.0,1.0,100.0
248880,2,walk,walk,13302,,13302.0,20.0,1.0,6.0,2.0,11.69,-0.061,0.01,7.437,36.0,24.91,0.0,19.0,0.0,1.0,12.92,-0.23,-0.99,-0.06,0.41,-8.45,-10.73,452.0,TEST2RR,AKR_TEST2RR,0.0,1.0,1.0,100.0
248920,2,walk,walk,13303,,13303.0,20.0,1.0,6.0,2.0,11.95,-0.061,0.058,7.385,36.0,24.95,0.0,19.0,0.0,1.0,12.62,-0.22,-0.99,-0.06,0.12,-7.7,-10.58,452.0,TEST2RR,AKR_TEST2RR,0.0,1.0,1.0,100.0
248940,2,walk,walk,13304,,13304.0,20.0,1.0,6.0,2.0,12.17,-0.061,-0.079,7.372,36.0,24.95,0.0,19.0,0.0,1.0,12.33,-0.22,-1.0,-0.07,-0.11,-6.86,-10.08,452.0,TEST2RR,AKR_TEST2RR,0.0,1.0,1.0,100.0
248960,2,walk,walk,13305,,13305.0,20.0,1.0,6.0,2.0,12.34,-0.06,-0.001,7.31,36.0,24.95,0.0,19.0,0.0,1.0,12.06,-0.21,-1.0,-0.07,-0.27,-5.97,-9.34,452.0,TEST2RR,AKR_TEST2RR,0.0,1.0,1.0,100.0
248960,2,walk,walk,13306,,13306.0,20.0,1.0,6.0,2.0,12.46,-0.06,-0.048,7.311,36.0,24.95,0.0,19.0,0.0,1.0,11.8,-0.21,-1.0,-0.07,-0.35,-5.09,-8.46,452.0,TEST2RR,AKR_TEST2RR,0.0,1.0,1.0,100.0
248980,2,walk,walk,13307,,13307.0,20.0,1.0,6.0,2.0,12.55,-0.06,0.014,7.23,36.0,24.98,0.0,19.0,0.0,1.0,11.58,-0.2,-1.0,-0.07,-0.36,-4.23,-7.52,452.0,TEST2RR,AKR_TEST2RR,0.0,1.0,1.0,100.0
249000,2,walk,walk,13308,,13308.0,20.0,1.0,6.0,2.0,12.59,-0.06,0.017,7.214,36.0,24.98,0.0,19.0,0.0,1.0,11.38,-0.2,-1.0,-0.07,-0.3,-3.42,-6.58,452.0,TEST2RR,AKR_TEST2RR,0.0,1.0,1.0,100.0
249020,2,walk,walk,13309,,13309.0,20.0,1.0,6.0,2.0,12.6,-0.059,0.073,7.162,36.0,24.98,0.0,19.0,0.0,1.0,11.2,-0.2,-1.0,-0.07,-0.2,-2.68,-5.68,452.0,TEST2RR,AKR_TEST2RR,0.0,1.0,1.0,100.0
249040,2,walk,walk,13310,,13310.0,20.0,1.0,6.0,2.0,12.58,-0.059,-0.005,7.166,36.0,25.02,0.0,19.0,0.0,1.0,11.06,-0.2,-1.0,-0.07,-0.07,-2.02,-4.84,452.0,TEST2RR,AKR_TEST2RR,0.0,1.0,1.0,100.0
249060,2,walk,walk,13311,,13311.0,20.0,1.0,6.0,2.0,12.54,-0.059,0.077,7.161,36.0,24.98,0.0,19.0,0.0,1.0,10.94,-0.19,-1.0,-0.07,0.06,-1.44,-4.1,452.0,TEST2RR,AKR_TEST2RR,0.0,1.0,1.0,100.0
249120,2,walk,walk,13312,,13312.0,20.0,1.0,6.0,2.0,12.48,-0.059,-0.052,7.121,36.0,25.02,0.0,19.0,0.0,1.0,10.84,-0.19,-1.0,-0.07,0.18,-0.94,-3.47,453.0,TEST2RR,AKR_TEST2RR,0.0,1.0,1.0,100.0
249120,2,walk,walk,13313,,13313.0,20.0,1.0,6.0,2.0,12.4,-0.059,-0.079,7.105,36.0,25.02,0.0,19.0,0.0,1.0,10.76,-0.19,-1.0,-0.07,0.28,-0.51,-2.96,453.0,TEST2RR,AKR_TEST2RR,0.0,1.0,1.0,100.0
249120,2,walk,walk,13314,,13314.0,20.0,1.0,6.0,2.0,12.31,-0.058,0.064,7.034,36.0,25.02,0.0,19.0,0.0,1.0,10.7,-0.19,-1.0,-0.07,0.33,-0.16,-2.58,453.0,TEST2RR,AKR_TEST2RR,0.0,1.0,1.0,100.0
249140,2,walk,walk,13315,,13315.0,20.0,1.0,6.0,2.0,12.22,-0.058,0.085,6.982,36.0,25.05,0.0,19.0,0.0,1.0,10.65,-0.19,-1.0,-0.07,0.35,0.14,-2.32,453.0,TEST2RR,AKR_TEST2RR,0.0,1.0,1.0,100.0
249160,2,walk,walk,13316,,13316.0,20.0,1.0,6.0,2.0,12.12,-0.057,0.087,6.89,36.0,25.09,0.0,19.0,0.0,1.0,10.61,-0.19,-1.0,-0.07,0.33,0.38,-2.17,453.0,TEST2RR,AKR_TEST2RR,0.0,1.0,1.0,100.0
249180,2,walk,walk,13317,,13317.0,20.0,1.0,6.0,2.0,12.03,-0.056,0.087,6.8,36.0,25.09,0.0,19.0,0.0,1.0,10.56,-0.19,-1.0,-0.07,0.29,0.57,-2.13,453.0,TEST2RR,AKR_TEST2RR,0.0,1.0,1.0,100.0
249220,2,walk,walk,13318,,13318.0,20.0,1.0,6.0,2.0,11.93,-0.056,0.037,6.75,36.0,25.09,0.0,19.0,0.0,1.0,10.52,-0.19,-1.0,-0.07,0.25,0.74,-2.17,453.0,TEST2RR,AKR_TEST2RR,0.0,1.0,1.0,100.0
249240,2,walk,walk,13319,,13319.0,20.0,1.0,6.0,2.0,11.83,-0.055,0.023,6.67,36.0,25.12,0.0,19.0,0.0,1.0,10.47,-0.19,-1.0,-0.07,0.21,0.89,-2.28,453.0,TEST2RR,AKR_TEST2RR,0.0,1.0,1.0,100.0
249260,2,walk,walk,13320,,13320.0,20.0,1.0,6.0,2.0,11.74,-0.054,0.068,6.509,36.0,25.16,0.0,19.0,0.0,1.0,10.43,-0.18,-1.0,-0.07,0.18,1.03,-2.46,453.0,TEST2RR,AKR_TEST2RR,0.0,1.0,1.0,100.0
249260,2,walk,walk,13321,,13321.0,20.0,1.0,6.0,2.0,11.65,-0.054,-0.003,6.473,36.0,25.16,0.0,19.0,0.0,1.0,10.37,-0.18,-1.0,-0.07,0.18,1.18,-2.7,453.0,TEST2RR,AKR_TEST2RR,0.0,1.0,1.0,100.0
249280,2,walk,walk,13322,,13322.0,20.0,1.0,6.0,2.0,11.57,-0.053,0.042,6.365,36.0,25.19,0.0,19.0,0.0,1.0,10.31,-0.18,-1.0,-0.08,0.2,1.32,-2.97,453.0,TEST2RR,AKR_TEST2RR,0.0,1.0,1.0,100.0
249300,2,walk,walk,13323,,13323.0,20.0,1.0,6.0,2.0,11.48,-0.052,0.011,6.289,36.0,25.23,0.0,19.0,0.0,1.0,10.24,-0.18,-1.0,-0.08,0.24,1.48,-3.27,453.0,TEST2RR,AKR_TEST2RR,0.0,1.0,1.0,100.0
249320,2,walk,walk,13324,,13324.0,20.0,1.0,6.0,2.0,11.4,-0.051,0.132,6.116,36.0,25.26,0.0,19.0,0.0,1.0,10.16,-0.18,-1.0,-0.08,0.31,1.64,-3.58,453.0,TEST2RR,AKR_TEST2RR,0.0,1.0,1.0,100.0
249340,2,walk,walk,13325,,13325.0,20.0,1.0,6.0,2.0,11.32,-0.05,0.041,5.989,36.0,25.3,0.0,19.0,0.0,1.0,10.07,-0.18,-1.0,-0.08,0.42,1.79,-3.9,453.0,TEST2RR,AKR_TEST2RR,0.0,1.0,1.0,100.0
249360,2,walk,walk,13326,,13326.0,20.0,1.0,6.0,2.0,11.25,-0.049,0.096,5.839,36.0,25.33,0.0,19.0,0.0,1.0,9.96,-0.18,-1.0,-0.08,0.56,1.93,-4.22,453.0,TEST2RR,AKR_TEST2RR,0.0,1.0,1.0,100.0
249400,2,walk,walk,13327,,13327.0,20.0,1.0,6.0,2.0,11.17,-0.047,0.117,5.761,36.0,25.33,0.0,19.0,0.0,1.0,9.84,-0.17,-1.01,-0.08,0.75,2.03,-4.5,453.0,TEST2RR,AKR_TEST2RR,0.0,1.0,1.0,100.0
249420,2,walk,walk,13328,,13328.0,20.0,1.0,6.0,2.0,11.1,-0.047,-0.006,5.689,36.0,25.37,0.0,19.0,0.0,1.0,9.7,-0.17,-1.01,-0.08,0.99,2.11,-4.72,453.0,TEST2RR,AKR_TEST2RR,0.0,1.0,1.0,100.0
249440,2,walk,walk,13329,,13329.0,20.0,2.0,6.0,2.0,11.02,-0.046,0.015,5.642,36.0,25.37,0.0,20.0,0.0,1.0,9.55,-0.17,-1.01,-0.08,1.3,2.15,-4.86,453.0,TEST2RR,AKR_TEST2RR,0.0,1.0,1.0,100.0
249460,2,walk,walk,13330,,13330.0,20.0,1.0,6.0,2.0,10.94,-0.046,-0.025,5.574,36.0,25.4,0.0,19.0,0.0,1.0,9.38,-0.17,-1.01,-0.08,1.67,2.16,-4.88,453.0,TEST2RR,AKR_TEST2RR,0.0,1.0,1.0,100.0
249460,2,walk,walk,13331,,13331.0,20.0,2.0,6.0,2.0,10.86,-0.046,-0.037,5.594,37.0,25.37,0.0,20.0,0.0,1.0,9.21,-0.16,-1.01,-0.08,2.11,2.12,-4.77,453.0,TEST2RR,AKR_TEST2RR,0.0,1.0,1.0,100.0
249480,2,walk,walk,13332,,13332.0,20.0,1.0,6.0,2.0,10.78,-0.046,0.006,5.625,37.0,25.37,0.0,19.0,0.0,1.0,9.03,-0.16,-1.01,-0.08,2.62,2.04,-4.51,453.0,TEST2RR,AKR_TEST2RR,0.0,1.0,1.0,100.0
249520,2,walk,walk,13333,,13333.0,20.0,2.0,6.0,2.0,10.7,-0.046,0.06,5.673,37.0,25.37,0.0,20.0,0.0,1.0,8.86,-0.16,-1.01,-0.08,3.19,1.9,-4.1,453.0,TEST2RR,AKR_TEST2RR,0.0,1.0,1.0,100.0
249520,2,walk,walk,13334,,13334.0,20.0,2.0,6.0,2.0,10.61,-0.046,-0.003,5.668,37.0,25.37,0.0,20.0,0.0,1.0,8.69,-0.15,-1.01,-0.08,3.82,1.72,-3.57,453.0,TEST2RR,AKR_TEST2RR,0.0,1.0,1.0,100.0
249540,2,walk,walk,13335,,13335.0,20.0,1.0,6.0,2.0,10.52,-0.046,0.073,5.654,37.0,25.37,0.0,19.0,0.0,1.0,8.54,-0.15,-1.01,-0.08,4.5,1.49,-2.9,453.0,TEST2RR,AKR_TEST2RR,0.0,1.0,1.0,100.0
249580,2,walk,walk,13336,,13336.0,20.0,1.0,6.0,2.0,10.43,-0.047,-0.058,5.729,37.0,25.37,0.0,19.0,0.0,1.0,8.41,-0.15,-1.02,-0.08,5.22,1.22,-2.12,453.0,TEST2RR,AKR_TEST2RR,0.0,1.0,1.0,100.0
249600,2,walk,walk,13337,,13337.0,20.0,1.0,6.0,2.0,10.34,-0.048,-0.092,5.844,37.0,25.33,0.0,19.0,0.0,1.0,8.31,-0.15,-1.02,-0.08,5.98,0.91,-1.25,453.0,TEST2RR,AKR_TEST2RR,0.0,1.0,1.0,100.0
249620,2,walk,walk,13338,,13338.0,20.0,1.0,6.0,2.0,10.25,-0.049,-0.077,5.911,37.0,25.33,0.0,19.0,0.0,1.0,8.24,-0.15,-1.02,-0.08,6.77,0.59,-0.32,453.0,TEST2RR,AKR_TEST2RR,0.0,1.0,1.0,100.0
249640,2,walk,walk,13339,,13339.0,20.0,1.0,6.0,2.0,10.16,-0.05,-0.091,6.158,37.0,25.26,0.0,19.0,0.0,1.0,8.2,-0.15,-1.02,-0.08,7.6,0.26,0.65,453.0,TEST2RR,AKR_TEST2RR,0.0,1.0,1.0,100.0
249640,2,walk,walk,13340,,13340.0,20.0,1.0,6.0,2.0,10.08,-0.052,-0.034,6.295,37.0,25.23,0.0,19.0,0.0,1.0,8.18,-0.15,-1.02,-0.08,8.46,-0.08,1.65,453.0,TEST2RR,AKR_TEST2RR,0.0,1.0,1.0,100.0
249660,2,walk,walk,13341,,13341.0,20.0,1.0,6.0,2.0,10.0,-0.052,-0.079,6.379,37.0,25.19,0.0,19.0,0.0,1.0,8.18,-0.15,-1.02,-0.08,9.34,-0.4,2.65,453.0,TEST2RR,AKR_TEST2RR,0.0,1.0,1.0,100.0
249680,2,walk,walk,13342,,13342.0,20.0,1.0,6.0,2.0,9.92,-0.053,-0.15,6.466,37.0,25.16,0.0,19.0,0.0,1.0,8.21,-0.15,-1.02,-0.07,10.25,-0.72,3.65,453.0,TEST2RR,AKR_TEST2RR,0.0,1.0,1.0,100.0
249700,2,walk,walk,13343,,13343.0,20.0,2.0,6.0,2.0,9.85,-0.054,-0.065,6.595,37.0,25.16,0.0,20.0,0.0,1.0,8.25,-0.15,-1.02,-0.07,11.17,-1.03,4.64,453.0,TEST2RR,AKR_TEST2RR,0.0,1.0,1.0,100.0
249740,2,walk,walk,13344,,13344.0,20.0,2.0,6.0,2.0,9.79,-0.054,-0.048,6.656,37.0,25.12,0.0,20.0,0.0,1.0,8.31,-0.15,-1.02,-0.07,12.08,-1.32,5.61,453.0,TEST2RR,AKR_TEST2RR,0.0,1.0,1.0,100.0
249760,2,walk,walk,13345,,13345.0,20.0,2.0,6.0,2.0,9.74,-0.056,-0.033,6.734,37.0,25.12,0.0,20.0,0.0,1.0,8.39,-0.15,-1.02,-0.06,12.94,-1.6,6.57,453.0,TEST2RR,AKR_TEST2RR,0.0,1.0,1.0,100.0
249800,2,walk,walk,13346,,13346.0,20.0,2.0,6.0,2.0,9.7,-0.056,-0.002,6.786,37.0,25.09,0.0,20.0,0.0,1.0,8.47,-0.15,-1.02,-0.06,13.73,-1.88,7.51,453.0,TEST2RR,AKR_TEST2RR,0.0,1.0,1.0,100.0
249800,2,walk,walk,13347,,13347.0,20.0,2.0,6.0,2.0,9.67,-0.056,0.036,6.738,37.0,25.09,0.0,20.0,0.0,1.0,8.57,-0.15,-1.02,-0.06,14.42,-2.19,8.45,453.0,TEST2RR,AKR_TEST2RR,0.0,1.0,1.0,100.0
249820,2,walk,walk,13348,,13348.0,20.0,2.0,6.0,2.0,9.66,-0.056,-0.045,6.754,37.0,25.09,0.0,20.0,0.0,1.0,8.66,-0.16,-1.02,-0.05,15.0,-2.5,9.41,453.0,TEST2RR,AKR_TEST2RR,0.0,1.0,1.0,100.0
249820,2,walk,walk,13349,,13349.0,20.0,2.0,6.0,2.0,9.66,-0.056,0.053,6.73,37.0,25.09,0.0,20.0,0.0,1.0,8.73,-0.16,-1.03,-0.05,15.46,-2.78,10.42,453.0,TEST2RR,AKR_TEST2RR,0.0,1.0,1.0,100.0
249840,2,walk,walk,13350,,13350.0,20.0,2.0,6.0,2.0,9.68,-0.055,0.116,6.602,37.0,25.12,0.0,20.0,0.0,1.0,8.79,-0.16,-1.03,-0.04,15.8,-2.97,11.49,453.0,TEST2RR,AKR_TEST2RR,0.0,1.0,1.0,100.0
249880,2,walk,walk,13351,,13351.0,20.0,2.0,6.0,2.0,9.71,-0.053,0.154,6.393,37.0,25.19,0.0,19.0,0.0,1.0,8.84,-0.16,-1.03,-0.03,16.04,-3.04,12.66,453.0,TEST2RR,AKR_TEST2RR,0.0,1.0,1.0,100.0
249880,2,walk,walk,13352,,13352.0,20.0,2.0,6.0,2.0,9.75,-0.052,0.057,6.168,37.0,25.23,0.0,19.0,0.0,1.0,8.88,-0.16,-1.03,-0.03,16.16,-2.95,13.95,453.0,TEST2RR,AKR_TEST2RR,0.0,1.0,1.0,100.0
249900,2,walk,walk,13353,,13353.0,20.0,2.0,6.0,2.0,9.82,-0.049,0.209,5.812,37.0,25.3,0.0,19.0,0.0,1.0,8.94,-0.16,-1.04,-0.02,16.19,-2.71,15.33,453.0,TEST2RR,AKR_TEST2RR,0.0,1.0,1.0,100.0
249940,2,walk,walk,13354,,13354.0,20.0,2.0,6.0,2.0,9.9,-0.046,0.123,5.494,37.0,25.4,0.0,19.0,0.0,1.0,9.03,-0.17,-1.04,-0.01,16.13,-2.34,16.8,453.0,TEST2RR,AKR_TEST2RR,0.0,1.0,1.0,100.0
249940,2,walk,walk,13355,,13355.0,20.0,2.0,6.0,2.0,10.0,-0.044,0.211,5.047,37.0,25.44,0.0,19.0,0.0,1.0,9.16,-0.17,-1.04,-0.01,15.99,-1.89,18.32,453.0,TEST2RR,AKR_TEST2RR,0.0,1.0,1.0,100.0
249960,2,walk,walk,13356,,13356.0,20.0,2.0,6.0,2.0,10.11,-0.039,0.344,4.387,37.0,25.54,0.0,19.0,0.0,1.0,9.35,-0.17,-1.04,0.0,15.78,-1.36,19.84,453.0,TEST2RR,AKR_TEST2RR,0.0,1.0,1.0,100.0
249980,2,walk,walk,13357,,13357.0,20.0,2.0,6.0,2.0,10.25,-0.035,0.283,3.953,37.0,25.62,0.0,19.0,0.0,1.0,9.6,-0.18,-1.04,0.01,15.5,-0.78,21.33,453.0,TEST2RR,AKR_TEST2RR,0.0,1.0,1.0,100.0
250000,2,walk,walk,13358,,13358.0,20.0,2.0,6.0,2.0,10.4,-0.031,0.303,3.506,37.0,25.69,0.0,19.0,0.0,1.0,9.93,-0.18,-1.04,0.01,15.17,-0.18,22.74,453.0,TEST2RR,AKR_TEST2RR,0.0,1.0,1.0,100.0
250020,2,walk,walk,13359,,13359.0,20.0,2.0,6.0,2.0,10.58,-0.028,0.328,3.191,38.0,25.72,0.0,19.0,0.0,1.0,10.33,-0.19,-1.04,0.02,14.78,0.42,24.06,453.0,TEST2RR,AKR_TEST2RR,0.0,1.0,1.0,100.0
250060,2,walk,walk,13360,,13360.0,20.0,2.0,6.0,2.0,10.77,-0.025,0.21,2.79,38.0,25.76,0.0,19.0,0.0,1.0,10.81,-0.2,-1.04,0.02,14.34,1.05,25.25,453.0,TEST2RR,AKR_TEST2RR,0.0,1.0,1.0,100.0
250080,2,walk,walk,13361,,13361.0,20.0,2.0,6.0,2.0,10.99,-0.022,0.175,2.557,38.0,25.79,0.0,19.0,0.0,1.0,11.36,-0.21,-1.03,0.03,13.89,1.71,26.29,454.0,TEST2RR,AKR_TEST2RR,0.0,1.0,1.0,100.0
250100,2,walk,walk,13362,,13362.0,20.0,2.0,6.0,2.0,11.23,-0.02,0.225,2.251,38.0,25.83,0.0,19.0,0.0,1.0,11.99,-0.22,-1.03,0.04,13.41,2.4,27.15,454.0,TEST2RR,AKR_TEST2RR,0.0,1.0,1.0,100.0
250120,2,walk,walk,13363,,13363.0,20.0,2.0,6.0,2.0,11.49,-0.017,0.147,1.988,38.0,25.86,0.0,19.0,0.0,1.0,12.7,-0.23,-1.02,0.04,12.92,3.1,27.77,454.0,TEST2RR,AKR_TEST2RR,0.0,1.0,1.0,100.0
250120,2,walk,walk,13364,,13364.0,20.0,2.0,6.0,2.0,11.78,-0.015,0.16,1.708,38.0,25.86,0.0,19.0,0.0,1.0,13.49,-0.24,-1.01,0.05,12.43,3.79,28.13,454.0,TEST2RR,AKR_TEST2RR,0.0,1.0,1.0,100.0
250140,2,walk,walk,13365,,13365.0,20.0,2.0,6.0,2.0,12.08,-0.014,0.132,1.6,38.0,25.9,0.0,19.0,0.0,1.0,14.34,-0.26,-1.0,0.05,11.93,4.43,28.21,454.0,TEST2RR,AKR_TEST2RR,0.0,1.0,1.0,100.0
250200,2,walk,walk,13366,,13366.0,20.0,2.0,6.0,2.0,12.41,-0.012,0.12,1.445,38.0,25.9,0.0,19.0,0.0,1.0,15.24,-0.27,-0.99,0.05,11.42,5.0,27.99,454.0,TEST2RR,AKR_TEST2RR,0.0,1.0,1.0,100.0
250220,2,walk,walk,13367,,13367.0,20.0,2.0,6.0,2.0,12.76,-0.011,0.12,1.328,38.0,25.9,0.0,19.0,0.0,1.0,16.18,-0.28,-0.98,0.06,10.91,5.5,27.49,454.0,TEST2RR,AKR_TEST2RR,0.0,1.0,1.0,100.0
250220,2,walk,walk,13368,,13368.0,20.0,1.0,6.0,2.0,13.14,-0.011,-0.005,1.281,38.0,25.9,0.0,18.0,0.0,1.0,17.11,-0.3,-0.97,0.06,10.38,5.89,26.71,454.0,TEST2RR,AKR_TEST2RR,0.0,1.0,1.0,100.0
250220,2,walk,walk,13369,,13369.0,20.0,1.0,6.0,2.0,13.53,-0.01,0.021,1.253,38.0,25.93,0.0,18.0,0.0,1.0,18.04,-0.31,-0.96,0.06,9.83,6.16,25.7,454.0,TEST2RR,AKR_TEST2RR,0.0,1.0,1.0,100.0
250240,2,walk,walk,13370,,13370.0,20.0,1.0,6.0,2.0,13.94,-0.01,-0.014,1.186,38.0,25.9,0.0,18.0,0.0,1.0,18.91,-0.32,-0.95,0.06,9.26,6.32,24.49,454.0,TEST2RR,AKR_TEST2RR,0.0,1.0,1.0,100.0
250260,2,walk,walk,13371,,13371.0,20.0,1.0,6.0,2.0,14.36,-0.01,0.019,1.173,38.0,25.9,0.0,18.0,0.0,1.0,19.72,-0.34,-0.94,0.06,8.68,6.37,23.12,454.0,TEST2RR,AKR_TEST2RR,0.0,1.0,1.0,100.0
250300,2,walk,walk,13372,,13372.0,20.0,1.0,6.0,2.0,14.8,-0.01,0.019,1.139,38.0,25.9,0.0,18.0,0.0,1.0,20.43,-0.35,-0.93,0.07,8.1,6.33,21.64,454.0,TEST2RR,AKR_TEST2RR,0.0,1.0,1.0,100.0
250300,2,walk,walk,13373,,13373.0,20.0,1.0,6.0,2.0,15.24,-0.01,0.048,1.144,38.0,25.9,0.0,18.0,0.0,1.0,21.04,-0.36,-0.93,0.07,7.54,6.22,20.11,454.0,TEST2RR,AKR_TEST2RR,0.0,1.0,1.0,100.0
250320,2,walk,walk,13374,,13374.0,20.0,1.0,6.0,2.0,15.7,-0.009,-0.018,1.127,38.0,25.9,0.0,18.0,0.0,1.0,21.55,-0.37,-0.93,0.07,7.0,6.05,18.58,454.0,TEST2RR,AKR_TEST2RR,0.0,1.0,1.0,100.0
250340,2,walk,walk,13375,,13375.0,20.0,1.0,6.0,2.0,16.15,-0.009,0.001,1.024,38.0,25.93,0.0,18.0,0.0,1.0,21.94,-0.37,-0.92,0.07,6.49,5.84,17.09,454.0,TEST2RR,AKR_TEST2RR,0.0,1.0,1.0,100.0
250360,2,walk,walk,13376,,13376.0,20.0,1.0,6.0,2.0,16.61,-0.009,0.095,1.001,38.0,25.9,0.0,18.0,0.0,1.0,22.24,-0.38,-0.92,0.07,6.03,5.59,15.69,454.0,TEST2RR,AKR_TEST2RR,0.0,1.0,1.0,100.0
250380,2,walk,walk,13377,,13377.0,20.0,1.0,6.0,2.0,17.07,-0.008,0.079,0.904,38.0,25.93,0.0,18.0,0.0,1.0,22.43,-0.38,-0.93,0.07,5.61,5.34,14.43,454.0,TEST2RR,AKR_TEST2RR,0.0,1.0,1.0,100.0
250420,2,walk,walk,13378,,13378.0,20.0,1.0,6.0,2.0,17.52,-0.007,-0.037,0.819,38.0,25.93,0.0,18.0,0.0,1.0,22.53,-0.39,-0.93,0.07,5.25,5.1,13.32,454.0,TEST2RR,AKR_TEST2RR,0.0,1.0,1.0,100.0
250420,2,walk,walk,13379,,13379.0,20.0,1.0,6.0,2.0,17.96,-0.007,-0.014,0.716,38.0,25.93,0.0,18.0,0.0,1.0,22.56,-0.39,-0.93,0.07,4.98,4.93,12.41,454.0,TEST2RR,AKR_TEST2RR,0.0,1.0,1.0,100.0
250440,2,walk,walk,13380,,13380.0,20.0,1.0,6.0,2.0,18.4,-0.006,0.077,0.595,38.0,25.93,0.0,18.0,0.0,1.0,22.51,-0.39,-0.94,0.07,4.84,4.87,11.71,454.0,TEST2RR,AKR_TEST2RR,0.0,1.0,1.0,100.0
250480,2,walk,walk,13381,,13381.0,20.0,1.0,6.0,2.0,18.82,-0.005,0.046,0.422,38.0,25.93,0.0,18.0,0.0,1.0,22.4,-0.39,-0.94,0.07,4.87,4.97,11.21,454.0,TEST2RR,AKR_TEST2RR,0.0,1.0,1.0,100.0
250480,2,walk,walk,13382,,13382.0,20.0,1.0,6.0,2.0,19.22,-0.004,0.083,0.296,38.0,25.93,0.0,18.0,0.0,1.0,22.26,-0.39,-0.95,0.07,5.12,5.25,10.89,454.0,TEST2RR,AKR_TEST2RR,0.0,1.0,1.0,100.0
250500,2,walk,walk,13383,,13383.0,20.0,1.0,6.0,2.0,19.61,-0.003,0.066,0.14,38.0,25.93,0.0,18.0,0.0,1.0,22.09,-0.39,-0.96,0.07,5.6,5.72,10.74,454.0,TEST2RR,AKR_TEST2RR,0.0,1.0,1.0,100.0
250520,2,walk,walk,13384,,13384.0,20.0,1.0,6.0,2.0,19.98,-0.002,0.062,-0.003,38.0,25.93,0.0,18.0,0.0,1.0,21.94,-0.39,-0.96,0.07,6.31,6.39,10.7,454.0,TEST2RR,AKR_TEST2RR,0.0,1.0,1.0,100.0
250560,2,walk,walk,13385,,13385.0,20.0,1.0,6.0,2.0,20.34,0.0,0.06,-0.105,38.0,25.93,0.0,18.0,0.0,1.0,21.82,-0.39,-0.97,0.07,7.22,7.24,10.73,454.0,TEST2RR,AKR_TEST2RR,0.0,1.0,1.0,100.0
250560,2,walk,walk,13386,,13386.0,20.0,1.0,6.0,2.0,20.67,0.0,0.085,-0.184,38.0,25.93,0.0,18.0,0.0,1.0,21.74,-0.39,-0.97,0.08,8.29,8.28,10.72,454.0,TEST2RR,AKR_TEST2RR,0.0,1.0,1.0,100.0
250620,2,walk,walk,13387,,13387.0,20.0,1.0,6.0,2.0,20.99,0.001,0.029,-0.233,38.0,25.93,0.0,18.0,0.0,1.0,21.7,-0.38,-0.97,0.08,9.42,9.45,10.54,454.0,TEST2RR,AKR_TEST2RR,0.0,1.0,1.0,100.0
250620,2,walk,walk,13388,,13388.0,20.0,1.0,6.0,2.0,21.3,0.001,-0.092,-0.229,38.0,25.93,0.0,18.0,0.0,1.0,21.67,-0.38,-0.96,0.08,10.54,10.66,9.98,454.0,TEST2RR,AKR_TEST2RR,0.0,1.0,1.0,100.0
250640,2,walk,walk,13389,,13389.0,20.0,1.0,6.0,2.0,21.59,0.001,0.05,-0.118,38.0,25.93,0.0,18.0,0.0,1.0,21.61,-0.38,-0.96,0.09,11.54,11.79,8.84,454.0,TEST2RR,AKR_TEST2RR,0.0,1.0,1.0,100.0
250660,2,walk,walk,13390,,13390.0,20.0,1.0,6.0,2.0,21.86,0.001,0.014,-0.147,38.0,25.93,0.0,18.0,0.0,1.0,21.46,-0.37,-0.95,0.09,12.32,12.73,6.91,454.0,TEST2RR,AKR_TEST2RR,0.0,1.0,1.0,100.0
250660,2,walk,walk,13391,,13391.0,20.0,1.0,6.0,2.0,22.11,0.001,0.045,-0.211,38.0,25.93,0.0,18.0,0.0,1.0,21.18,-0.36,-0.94,0.09,12.8,13.38,4.05,454.0,TEST2RR,AKR_TEST2RR,0.0,1.0,1.0,100.0
250680,2,walk,walk,13392,,13392.0,20.0,1.0,6.0,2.0,22.35,0.001,-0.018,-0.163,38.0,25.93,0.0,18.0,0.0,1.0,20.72,-0.35,-0.92,0.09,12.95,13.73,0.16,454.0,TEST2RR,AKR_TEST2RR,0.0,1.0,1.0,100.0
250700,2,walk,walk,13393,,13393.0,20.0,1.0,6.0,2.0,22.57,0.001,-0.033,-0.117,38.0,25.93,0.0,18.0,0.0,1.0,20.05,-0.33,-0.91,0.09,12.74,13.85,-4.77,454.0,TEST2RR,AKR_TEST2RR,0.0,1.0,1.0,100.0
250740,2,walk,walk,13394,,13394.0,20.0,1.0,6.0,2.0,22.76,0.001,-0.029,-0.148,38.0,25.93,0.0,18.0,0.0,1.0,19.17,-0.31,-0.9,0.09,12.19,13.88,-10.67,454.0,TEST2RR,AKR_TEST2RR,0.0,1.0,1.0,100.0
250740,2,walk,walk,13395,,13395.0,20.0,1.0,6.0,2.0,22.93,0.001,-0.01,-0.184,38.0,25.93,0.0,18.0,0.0,1.0,18.08,-0.29,-0.89,0.09,11.34,14.08,-17.38,454.0,TEST2RR,AKR_TEST2RR,0.0,1.0,1.0,100.0
250760,2,walk,walk,13396,,13396.0,20.0,1.0,6.0,2.0,23.07,0.001,-0.009,-0.138,38.0,25.93,0.0,18.0,0.0,1.0,16.82,-0.27,-0.89,0.09,10.24,14.65,-24.67,454.0,TEST2RR,AKR_TEST2RR,0.0,1.0,1.0,100.0
250780,2,walk,walk,13397,,13397.0,20.0,1.0,6.0,2.0,23.16,0.001,0.006,-0.141,38.0,25.93,0.0,18.0,0.0,1.0,15.41,-0.25,-0.89,0.09,8.96,15.72,-32.3,454.0,TEST2RR,AKR_TEST2RR,0.0,1.0,1.0,100.0
250800,2,walk,walk,13398,,13398.0,20.0,1.0,6.0,2.0,23.2,0.001,0.081,-0.289,38.0,25.93,0.0,18.0,0.0,1.0,13.94,-0.22,-0.89,0.09,7.53,17.29,-40.05,454.0,TEST2RR,AKR_TEST2RR,0.0,1.0,1.0,100.0
250820,2,walk,walk,13399,,13399.0,20.0,1.0,6.0,2.0,23.18,0.002,0.002,-0.318,38.0,25.93,0.0,18.0,0.0,1.0,12.47,-0.2,-0.9,0.08,6.0,19.29,-47.73,454.0,TEST2RR,AKR_TEST2RR,0.0,1.0,1.0,100.0
250840,2,walk,walk,13400,,13400.0,20.0,1.0,6.0,2.0,23.09,0.002,0.077,-0.434,38.0,25.93,0.0,18.0,0.0,1.0,11.05,-0.18,-0.92,0.08,4.39,21.62,-55.16,454.0,TEST2RR,AKR_TEST2RR,0.0,1.0,1.0,100.0
250860,2,walk,walk,13401,,13401.0,20.0,1.0,6.0,2.0,22.92,0.003,-0.033,-0.452,38.0,25.93,0.0,18.0,0.0,1.0,9.74,-0.16,-0.93,0.07,2.74,24.12,-62.19,454.0,TEST2RR,AKR_TEST2RR,0.0,1.0,1.0,100.0
250900,2,walk,walk,13402,,13402.0,20.0,1.0,6.0,2.0,22.66,0.003,0.056,-0.494,38.0,25.93,0.0,18.0,0.0,1.0,8.56,-0.14,-0.95,0.06,1.06,26.63,-68.65,454.0,TEST2RR,AKR_TEST2RR,0.0,1.0,1.0,100.0
250900,2,walk,walk,13403,,13403.0,20.0,1.0,6.0,2.0,22.31,0.004,0.038,-0.518,38.0,25.93,0.0,18.0,0.0,1.0,7.55,-0.13,-0.98,0.05,-0.6,28.96,-74.37,454.0,TEST2RR,AKR_TEST2RR,0.0,1.0,1.0,100.0
250920,2,walk,walk,13404,,13404.0,20.0,1.0,6.0,2.0,21.85,0.004,-0.052,-0.555,38.0,25.93,0.0,18.0,0.0,1.0,6.71,-0.12,-1.0,0.04,-2.24,30.91,-79.19,454.0,TEST2RR,AKR_TEST2RR,0.0,1.0,1.0,100.0
250940,2,walk,walk,13405,,13405.0,20.0,1.0,6.0,2.0,21.28,0.004,0.062,-0.563,38.0,25.93,0.0,18.0,0.0,1.0,6.04,-0.11,-1.02,0.03,-3.85,32.26,-82.96,454.0,TEST2RR,AKR_TEST2RR,0.0,1.0,1.0,100.0
250960,2,walk,walk,13406,,13406.0,20.0,1.0,6.0,2.0,20.6,0.004,0.033,-0.636,38.0,25.93,0.0,18.0,0.0,1.0,5.52,-0.1,-1.05,0.01,-5.41,32.85,-85.59,454.0,TEST2RR,AKR_TEST2RR,0.0,1.0,1.0,100.0
250980,2,walk,walk,13407,,13407.0,20.0,1.0,6.0,2.0,19.82,0.004,-0.013,-0.619,38.0,25.93,0.0,18.0,0.0,1.0,5.13,-0.1,-1.07,0.0,-6.88,32.61,-87.03,454.0,TEST2RR,AKR_TEST2RR,0.0,1.0,1.0,100.0
251000,2,walk,walk,13408,,13408.0,20.0,1.0,6.0,2.0,18.92,0.005,-0.009,-0.677,38.0,25.93,0.0,18.0,0.0,1.0,4.83,-0.09,-1.08,-0.01,-8.2,31.54,-87.3,454.0,TEST2RR,AKR_TEST2RR,0.0,1.0,1.0,100.0
251040,2,walk,walk,13409,,13409.0,20.0,1.0,6.0,2.0,17.92,0.005,-0.04,-0.719,38.0,25.93,0.0,18.0,0.0,1.0,4.57,-0.09,-1.1,-0.01,-9.33,29.76,-86.46,455.0,TEST2RR,AKR_TEST2RR,0.0,1.0,1.0,100.0
251060,2,walk,walk,13410,,13410.0,20.0,1.0,6.0,2.0,16.82,0.006,0.07,-0.721,38.0,25.93,0.0,18.0,0.0,1.0,4.33,-0.08,-1.11,-0.02,-10.23,27.4,-84.65,455.0,TEST2RR,AKR_TEST2RR,0.0,1.0,1.0,100.0
251080,2,walk,walk,13411,,13411.0,20.0,1.0,6.0,2.0,15.64,0.006,-0.028,-0.755,38.0,25.93,0.0,18.0,0.0,1.0,4.07,-0.08,-1.12,-0.02,-10.87,24.63,-82.02,455.0,TEST2RR,AKR_TEST2RR,0.0,1.0,1.0,100.0
251080,2,walk,walk,13412,,13412.0,20.0,2.0,6.0,2.0,14.38,0.006,-0.044,-0.8,38.0,25.93,0.0,19.0,0.0,1.0,3.79,-0.07,-1.12,-0.02,-11.25,21.66,-78.75,455.0,TEST2RR,AKR_TEST2RR,0.0,1.0,1.0,100.0
251100,2,walk,walk,13413,,13413.0,20.0,2.0,6.0,2.0,13.06,0.006,0.014,-0.795,38.0,25.93,0.0,19.0,0.0,1.0,3.48,-0.07,-1.12,-0.01,-11.36,18.66,-75.01,455.0,TEST2RR,AKR_TEST2RR,0.0,1.0,1.0,100.0
251140,2,walk,walk,13414,,13414.0,20.0,2.0,6.0,2.0,11.69,0.006,0.041,-0.795,38.0,25.93,0.0,19.0,0.0,1.0,3.14,-0.06,-1.11,-0.01,-11.22,15.78,-70.93,455.0,TEST2RR,AKR_TEST2RR,0.0,1.0,1.0,100.0
251140,2,walk,walk,13415,,13415.0,20.0,2.0,6.0,2.0,10.29,0.006,0.01,-0.803,38.0,25.93,0.0,19.0,0.0,1.0,2.8,-0.05,-1.11,0.0,-10.86,13.12,-66.66,455.0,TEST2RR,AKR_TEST2RR,0.0,1.0,1.0,100.0
251180,2,walk,walk,13416,,13416.0,20.0,2.0,6.0,2.0,8.86,0.006,-0.044,-0.804,38.0,25.93,0.0,19.0,0.0,1.0,2.48,-0.05,-1.1,0.01,-10.32,10.69,-62.29,455.0,TEST2RR,AKR_TEST2RR,0.0,1.0,1.0,100.0
251200,2,walk,walk,13417,,13417.0,20.0,2.0,6.0,2.0,7.42,0.006,-0.028,-0.837,38.0,25.93,0.0,19.0,0.0,1.0,2.2,-0.04,-1.09,0.01,-9.66,8.44,-57.9,455.0,TEST2RR,AKR_TEST2RR,0.0,1.0,1.0,100.0
251220,2,walk,walk,13418,,13418.0,20.0,2.0,6.0,2.0,5.99,0.006,-0.013,-0.812,38.0,25.93,0.0,19.0,0.0,1.0,1.96,-0.04,-1.08,0.02,-8.92,6.23,-53.55,455.0,TEST2RR,AKR_TEST2RR,0.0,1.0,1.0,100.0
251240,2,walk,walk,13419,,13419.0,20.0,2.0,6.0,2.0,4.58,0.006,0.056,-0.828,38.0,25.93,0.0,19.0,0.0,1.0,1.75,-0.03,-1.07,0.02,-8.15,4.02,-49.22,455.0,TEST2RR,AKR_TEST2RR,0.0,1.0,1.0,100.0
251260,2,walk,walk,13420,,13420.0,20.0,2.0,6.0,2.0,3.2,0.007,0.064,-0.824,38.0,25.93,0.0,19.0,0.0,1.0,1.56,-0.03,-1.06,0.03,-7.34,1.8,-44.9,455.0,TEST2RR,AKR_TEST2RR,0.0,1.0,1.0,100.0
251260,2,walk,walk,13421,,13421.0,20.0,2.0,6.0,2.0,1.86,0.006,-0.091,-0.845,38.0,25.93,0.0,19.0,0.0,1.0,1.33,-0.02,-1.05,0.03,-6.48,-0.29,-40.53,455.0,TEST2RR,AKR_TEST2RR,0.0,1.0,1.0,100.0
251280,2,walk,walk,13422,,13422.0,20.0,2.0,6.0,2.0,0.57,0.006,0.037,-0.825,38.0,25.93,0.0,19.0,0.0,1.0,1.04,-0.02,-1.04,0.04,-5.53,-2.12,-36.0,455.0,TEST2RR,AKR_TEST2RR,0.0,1.0,1.0,100.0
251320,2,walk,walk,13423,,13423.0,20.0,2.0,6.0,2.0,-0.67,0.007,-0.001,-0.844,38.0,25.93,0.0,19.0,0.0,1.0,0.66,-0.01,-1.04,0.04,-4.46,-3.49,-31.26,455.0,TEST2RR,AKR_TEST2RR,0.0,1.0,1.0,100.0
251320,2,walk,walk,13424,,13424.0,20.0,2.0,6.0,2.0,-1.84,0.007,-0.064,-0.849,38.0,25.93,0.0,19.0,0.0,1.0,0.17,0.0,-1.03,0.05,-3.27,-4.31,-26.28,455.0,TEST2RR,AKR_TEST2RR,0.0,1.0,1.0,100.0
251340,2,walk,walk,13425,,13425.0,20.0,2.0,6.0,2.0,-2.95,0.007,-0.003,-0.864,38.0,25.93,0.0,19.0,0.0,1.0,-0.43,0.01,-1.03,0.05,-1.93,-4.5,-21.08,455.0,TEST2RR,AKR_TEST2RR,0.0,1.0,1.0,100.0
251380,2,walk,walk,13426,,13426.0,20.0,2.0,6.0,2.0,-3.98,0.007,0.002,-0.921,38.0,25.9,0.0,19.0,0.0,1.0,-1.15,0.02,-1.03,0.06,-0.46,-4.12,-15.77,455.0,TEST2RR,AKR_TEST2RR,0.0,1.0,1.0,100.0
251380,2,walk,walk,13427,,13427.0,20.0,2.0,6.0,2.0,-4.93,0.007,0.104,-0.935,38.0,25.93,0.0,19.0,0.0,1.0,-1.96,0.04,-1.03,0.06,1.11,-3.27,-10.51,455.0,TEST2RR,AKR_TEST2RR,0.0,1.0,1.0,100.0
251400,2,walk,walk,13428,,13428.0,20.0,2.0,6.0,2.0,-5.8,0.007,0.053,-0.934,38.0,25.93,0.0,19.0,0.0,1.0,-2.85,0.05,-1.03,0.06,2.75,-2.13,-5.51,455.0,TEST2RR,AKR_TEST2RR,0.0,1.0,1.0,100.0
251420,2,walk,walk,13429,,13429.0,20.0,2.0,6.0,2.0,-6.58,0.007,-0.034,-0.93,38.0,25.93,0.0,19.0,0.0,1.0,-3.79,0.07,-1.03,0.07,4.38,-0.91,-0.99,455.0,TEST2RR,AKR_TEST2RR,0.0,1.0,1.0,100.0
251440,2,walk,walk,13430,,13430.0,20.0,2.0,6.0,2.0,-7.29,0.007,0.003,-0.943,38.0,25.93,0.0,19.0,0.0,1.0,-4.73,0.09,-1.03,0.07,5.94,0.18,2.86,455.0,TEST2RR,AKR_TEST2RR,0.0,1.0,1.0,100.0
251500,2,walk,walk,13431,,13431.0,20.0,2.0,6.0,2.0,-7.9,0.007,-0.048,-0.937,38.0,25.93,0.0,19.0,0.0,1.0,-5.66,0.1,-1.03,0.06,7.34,0.93,5.88,455.0,TEST2RR,AKR_TEST2RR,0.0,1.0,1.0,100.0
251520,2,walk,walk,13432,,13432.0,20.0,2.0,6.0,2.0,-8.44,0.007,-0.072,-0.938,38.0,25.9,0.0,19.0,0.0,1.0,-6.52,0.12,-1.03,0.06,8.51,1.2,8.01,455.0,TEST2RR,AKR_TEST2RR,0.0,1.0,1.0,100.0
251520,2,walk,walk,13433,,13433.0,20.0,2.0,6.0,2.0,-8.89,0.007,-0.028,-0.929,38.0,25.93,0.0,19.0,0.0,1.0,-7.3,0.13,-1.03,0.06,9.39,0.9,9.26,455.0,TEST2RR,AKR_TEST2RR,0.0,1.0,1.0,100.0
251540,2,walk,walk,13434,,13434.0,20.0,2.0,6.0,2.0,-9.26,0.007,-0.006,-0.937,38.0,25.93,0.0,19.0,0.0,1.0,-7.98,0.14,-1.02,0.05,9.98,0.03,9.7,455.0,TEST2RR,AKR_TEST2RR,0.0,1.0,1.0,100.0
251560,2,walk,walk,13435,,13435.0,20.0,2.0,6.0,2.0,-9.55,0.007,-0.033,-0.915,38.0,25.93,0.0,19.0,0.0,1.0,-8.53,0.15,-1.02,0.05,10.3,-1.36,9.45,455.0,TEST2RR,AKR_TEST2RR,0.0,1.0,1.0,100.0
251560,2,walk,walk,13436,,13436.0,20.0,1.0,6.0,2.0,-9.78,0.007,-0.025,-0.924,38.0,25.93,0.0,18.0,0.0,1.0,-8.94,0.16,-1.02,0.05,10.37,-3.15,8.69,455.0,TEST2RR,AKR_TEST2RR,0.0,1.0,1.0,100.0
251580,2,walk,walk,13437,,13437.0,20.0,1.0,6.0,2.0,-9.94,0.007,-0.017,-0.926,38.0,25.93,0.0,18.0,0.0,1.0,-9.2,0.17,-1.02,0.04,10.26,-5.17,7.61,455.0,TEST2RR,AKR_TEST2RR,0.0,1.0,1.0,100.0
251600,2,walk,walk,13438,,13438.0,20.0,1.0,6.0,2.0,-10.05,0.007,-0.064,-0.897,38.0,25.93,0.0,18.0,0.0,1.0,-9.28,0.17,-1.02,0.04,10.01,-7.21,6.43,455.0,TEST2RR,AKR_TEST2RR,0.0,1.0,1.0,100.0
251640,2,walk,walk,13439,,13439.0,20.0,1.0,6.0,2.0,-10.11,0.007,-0.048,-0.864,38.0,25.93,0.0,18.0,0.0,1.0,-9.16,0.16,-1.02,0.03,9.71,-9.06,5.36,455.0,TEST2RR,AKR_TEST2RR,0.0,1.0,1.0,100.0
251680,2,walk,walk,13440,,13440.0,20.0,1.0,6.0,2.0,-10.13,0.007,-0.013,-0.852,38.0,25.93,0.0,18.0,0.0,1.0,-8.82,0.16,-1.01,0.03,9.38,-10.59,4.65,455.0,TEST2RR,AKR_TEST2RR,0.0,1.0,1.0,100.0
251700,2,walk,walk,13441,,13441.0,20.0,1.0,6.0,2.0,-10.12,0.007,0.048,-0.854,38.0,25.93,0.0,18.0,0.0,1.0,-8.22,0.15,-1.01,0.02,9.04,-11.76,4.54,455.0,TEST2RR,AKR_TEST2RR,0.0,1.0,1.0,100.0
251700,2,walk,walk,13442,,13442.0,20.0,1.0,6.0,2.0,-10.08,0.007,-0.029,-0.887,38.0,25.93,0.0,18.0,0.0,1.0,-7.38,0.13,-1.01,0.02,8.69,-12.67,5.2,455.0,TEST2RR,AKR_TEST2RR,0.0,1.0,1.0,100.0
251720,2,walk,walk,13443,,13443.0,20.0,1.0,6.0,2.0,-10.02,0.007,0.029,-0.914,38.0,25.93,0.0,18.0,0.0,1.0,-6.31,0.11,-1.0,0.01,8.27,-13.49,6.73,455.0,TEST2RR,AKR_TEST2RR,0.0,1.0,1.0,100.0
251740,2,walk,walk,13444,,13444.0,20.0,1.0,6.0,2.0,-9.94,0.007,0.014,-0.954,38.0,25.93,0.0,18.0,0.0,1.0,-5.08,0.09,-1.0,0.0,7.73,-14.45,9.12,455.0,TEST2RR,AKR_TEST2RR,0.0,1.0,1.0,100.0
251740,2,walk,walk,13445,,13445.0,20.0,1.0,6.0,2.0,-9.85,0.009,0.154,-1.189,38.0,25.9,0.0,18.0,0.0,1.0,-3.91,0.07,-1.0,-0.01,7.02,-15.73,12.17,455.0,TEST2RR,AKR_TEST2RR,0.0,1.0,1.0,100.0
251760,2,walk,walk,13446,,13446.0,20.0,1.0,6.0,2.0,-9.74,0.01,0.164,-1.471,38.0,25.9,0.0,18.0,0.0,1.0,-3.11,0.05,-1.0,-0.02,6.26,-17.44,15.44,455.0,TEST2RR,AKR_TEST2RR,0.0,1.0,1.0,100.0
251800,2,walk,walk,13447,,13447.0,20.0,1.0,6.0,2.0,-9.61,0.013,0.115,-1.744,38.0,25.9,0.0,18.0,0.0,1.0,-2.95,0.05,-1.0,-0.03,5.59,-19.9,18.32,455.0,TEST2RR,AKR_TEST2RR,0.0,1.0,1.0,100.0
251800,2,walk,walk,13448,,13448.0,20.0,1.0,6.0,2.0,-9.46,0.018,0.402,-2.587,38.0,25.83,0.0,18.0,0.0,1.0,-3.54,0.06,-1.01,-0.03,5.06,-23.12,20.48,455.0,TEST2RR,AKR_TEST2RR,0.0,1.0,1.0,100.0
251840,2,walk,walk,13449,,13449.0,20.0,1.0,6.0,2.0,-9.29,0.021,0.077,-2.685,38.0,25.83,0.0,18.0,0.0,1.0,-4.75,0.08,-1.01,-0.03,4.6,-26.56,21.97,455.0,TEST2RR,AKR_TEST2RR,0.0,1.0,1.0,100.0
251860,2,walk,walk,13450,,13450.0,20.0,1.0,6.0,2.0,-9.1,0.022,0.049,-2.72,38.0,25.83,0.0,18.0,0.0,1.0,-6.32,0.11,-1.02,-0.03,4.05,-29.45,22.96,455.0,TEST2RR,AKR_TEST2RR,0.0,1.0,1.0,100.0
251880,2,walk,walk,13451,,13451.0,20.0,1.0,6.0,2.0,-8.88,0.022,-0.037,-2.721,38.0,25.79,0.0,18.0,0.0,1.0,-7.96,0.14,-1.02,-0.02,3.31,-31.35,23.61,455.0,TEST2RR,AKR_TEST2RR,0.0,1.0,1.0,100.0
251880,2,walk,walk,13452,,13452.0,20.0,1.0,6.0,2.0,-8.64,0.022,0.048,-2.745,38.0,25.79,0.0,18.0,0.0,1.0,-9.4,0.17,-1.02,-0.01,2.4,-32.24,24.12,455.0,TEST2RR,AKR_TEST2RR,0.0,1.0,1.0,100.0
251900,2,walk,walk,13453,,13453.0,20.0,1.0,6.0,2.0,-8.38,0.022,-0.028,-2.7,38.0,25.79,0.0,18.0,0.0,1.0,-10.48,0.19,-1.02,-0.01,1.38,-32.32,24.57,455.0,TEST2RR,AKR_TEST2RR,0.0,1.0,1.0,100.0
251940,2,walk,walk,13454,,13454.0,20.0,1.0,6.0,2.0,-8.09,0.021,-0.135,-2.553,38.0,25.83,0.0,18.0,0.0,1.0,-11.15,0.2,-1.03,0.0,0.34,-31.89,25.02,455.0,TEST2RR,AKR_TEST2RR,0.0,1.0,1.0,100.0
251940,2,walk,walk,13455,,13455.0,20.0,1.0,6.0,2.0,-7.79,0.019,-0.06,-2.261,38.0,25.86,0.0,18.0,0.0,1.0,-11.4,0.21,-1.03,0.0,-0.6,-31.14,25.51,455.0,TEST2RR,AKR_TEST2RR,0.0,1.0,1.0,100.0
251960,2,walk,walk,13456,,13456.0,20.0,1.0,6.0,2.0,-7.47,0.016,-0.261,-1.743,38.0,25.86,0.0,18.0,0.0,1.0,-11.26,0.21,-1.03,0.0,-1.4,-30.13,26.02,455.0,TEST2RR,AKR_TEST2RR,0.0,1.0,1.0,100.0
251980,2,walk,walk,13457,,13457.0,20.0,1.0,6.0,2.0,-7.14,0.012,-0.285,-1.214,38.0,25.9,0.0,18.0,0.0,1.0,-10.8,0.2,-1.03,0.0,-2.01,-28.91,26.52,455.0,TEST2RR,AKR_TEST2RR,0.0,1.0,1.0,100.0
252000,2,walk,walk,13458,,13458.0,20.0,1.0,6.0,2.0,-6.8,0.007,-0.328,-0.686,38.0,25.93,0.0,18.0,0.0,1.0,-10.07,0.18,-1.03,0.0,-2.43,-27.5,26.95,455.0,TEST2RR,AKR_TEST2RR,0.0,1.0,1.0,100.0
252040,2,walk,walk,13459,,13459.0,20.0,1.0,6.0,2.0,-6.45,0.003,-0.216,-0.216,38.0,25.93,0.0,18.0,0.0,1.0,-9.16,0.17,-1.03,0.0,-2.65,-25.93,27.23,455.0,TEST2RR,AKR_TEST2RR,0.0,1.0,1.0,100.0
252040,2,walk,walk,13460,,13460.0,20.0,1.0,6.0,2.0,-6.09,0.001,-0.096,0.013,38.0,25.93,0.0,18.0,0.0,1.0,-8.12,0.15,-1.03,0.0,-2.71,-24.23,27.32,455.0,TEST2RR,AKR_TEST2RR,0.0,1.0,1.0,100.0
252060,2,walk,walk,13461,,13461.0,20.0,1.0,6.0,2.0,-5.73,-0.001,-0.166,0.3,38.0,25.93,0.0,18.0,0.0,1.0,-7.02,0.13,-1.03,0.0,-2.63,-22.42,27.19,455.0,TEST2RR,AKR_TEST2RR,0.0,1.0,1.0,100.0
252080,2,walk,walk,13462,,13462.0,20.0,1.0,6.0,2.0,-5.36,-0.002,-0.122,0.519,38.0,25.93,0.0,18.0,0.0,1.0,-5.9,0.11,-1.03,0.0,-2.44,-20.6,26.84,455.0,TEST2RR,AKR_TEST2RR,0.0,1.0,1.0,100.0
252100,2,walk,walk,13463,,13463.0,20.0,1.0,6.0,2.0,-4.99,-0.005,-0.089,0.718,38.0,25.93,0.0,18.0,0.0,1.0,-4.8,0.09,-1.03,0.0,-2.16,-18.8,26.27,455.0,TEST2RR,AKR_TEST2RR,0.0,1.0,1.0,100.0
252120,2,walk,walk,13464,,13464.0,20.0,1.0,6.0,2.0,-4.6,-0.007,-0.267,0.985,38.0,25.93,0.0,18.0,0.0,1.0,-3.75,0.07,-1.03,0.0,-1.83,-17.08,25.49,455.0,TEST2RR,AKR_TEST2RR,0.0,1.0,1.0,100.0
252160,2,walk,walk,13465,,13465.0,20.0,1.0,6.0,2.0,-4.22,-0.009,-0.096,1.129,38.0,25.93,0.0,18.0,0.0,1.0,-2.77,0.05,-1.03,0.0,-1.48,-15.45,24.54,455.0,TEST2RR,AKR_TEST2RR,0.0,1.0,1.0,100.0
252180,2,walk,walk,13466,,13466.0,20.0,1.0,6.0,2.0,-3.82,-0.011,-0.171,1.341,38.0,25.93,0.0,18.0,0.0,1.0,-1.86,0.03,-1.03,0.0,-1.15,-13.93,23.47,456.0,TEST2RR,AKR_TEST2RR,0.0,1.0,1.0,100.0
252220,2,walk,walk,13467,,13467.0,20.0,1.0,6.0,2.0,-3.43,-0.013,-0.07,1.597,38.0,25.9,0.0,18.0,0.0,1.0,-1.05,0.02,-1.02,0.0,-0.86,-12.52,22.31,456.0,TEST2RR,AKR_TEST2RR,0.0,1.0,1.0,100.0
252240,2,walk,walk,13468,,13468.0,20.0,1.0,6.0,2.0,-3.03,-0.015,-0.211,1.925,38.0,25.86,0.0,18.0,0.0,1.0,-0.32,0.01,-1.02,0.0,-0.66,-11.23,21.15,456.0,TEST2RR,AKR_TEST2RR,0.0,1.0,1.0,100.0
252240,2,walk,walk,13469,,13469.0,20.0,1.0,6.0,2.0,-2.62,-0.018,-0.203,2.261,38.0,25.86,0.0,18.0,0.0,1.0,0.34,-0.01,-1.02,0.0,-0.56,-10.07,20.01,456.0,TEST2RR,AKR_TEST2RR,0.0,1.0,1.0,100.0
252240,2,walk,walk,13470,,13470.0,20.0,1.0,6.0,2.0,-2.21,-0.021,-0.216,2.576,38.0,25.83,0.0,18.0,0.0,1.0,0.92,-0.02,-1.02,0.0,-0.56,-9.02,18.92,456.0,TEST2RR,AKR_TEST2RR,0.0,1.0,1.0,100.0
252260,2,walk,walk,13471,,13471.0,20.0,1.0,6.0,2.0,-1.81,-0.023,-0.049,2.803,38.0,25.79,0.0,18.0,0.0,1.0,1.45,-0.03,-1.02,0.0,-0.64,-8.09,17.86,456.0,TEST2RR,AKR_TEST2RR,0.0,1.0,1.0,100.0
252280,2,walk,walk,13472,,13472.0,20.0,1.0,6.0,2.0,-1.4,-0.024,-0.088,2.891,38.0,25.79,0.0,18.0,0.0,1.0,1.94,-0.03,-1.02,0.0,-0.8,-7.24,16.81,456.0,TEST2RR,AKR_TEST2RR,0.0,1.0,1.0,100.0
252300,2,walk,walk,13473,,13473.0,20.0,1.0,6.0,2.0,-1.0,-0.025,-0.189,2.972,38.0,25.76,0.0,18.0,0.0,1.0,2.39,-0.04,-1.02,0.0,-1.04,-6.47,15.74,456.0,TEST2RR,AKR_TEST2RR,0.0,1.0,1.0,100.0
252320,2,walk,walk,13474,,13474.0,20.0,1.0,6.0,2.0,-0.6,-0.025,-0.092,2.968,38.0,25.76,0.0,18.0,0.0,1.0,2.82,-0.05,-1.02,0.0,-1.36,-5.73,14.59,456.0,TEST2RR,AKR_TEST2RR,0.0,1.0,1.0,100.0
252360,2,walk,walk,13475,,13475.0,20.0,1.0,6.0,2.0,-0.21,-0.025,0.026,2.872,38.0,25.79,0.0,18.0,0.0,1.0,3.21,-0.06,-1.02,0.0,-1.77,-5.0,13.34,456.0,TEST2RR,AKR_TEST2RR,0.0,1.0,1.0,100.0
252360,2,walk,walk,13476,,13476.0,20.0,1.0,6.0,2.0,0.17,-0.024,0.06,2.794,38.0,25.79,0.0,18.0,0.0,1.0,3.59,-0.06,-1.02,0.0,-2.26,-4.25,11.93,456.0,TEST2RR,AKR_TEST2RR,0.0,1.0,1.0,100.0
252400,2,walk,walk,13477,,13477.0,20.0,1.0,6.0,2.0,0.55,-0.022,0.154,2.514,38.0,25.83,0.0,18.0,0.0,1.0,3.93,-0.07,-1.02,0.0,-2.83,-3.45,10.35,456.0,TEST2RR,AKR_TEST2RR,0.0,1.0,1.0,100.0
252400,2,walk,walk,13478,,13478.0,20.0,1.0,6.0,2.0,0.91,-0.019,0.16,2.077,38.0,25.86,0.0,18.0,0.0,1.0,4.23,-0.08,-1.02,0.0,-3.47,-2.6,8.58,456.0,TEST2RR,AKR_TEST2RR,0.0,1.0,1.0,100.0
252420,2,walk,walk,13479,,13479.0,20.0,1.0,0.0,5.0,1.26,-0.016,0.207,1.667,38.0,25.86,0.0,18.0,0.0,1.0,4.48,-0.08,-1.02,0.0,-4.15,-1.72,6.62,456.0,TEST2RR,AKR_TEST2RR,0.0,1.0,1.0,100.0
252440,2,walk,walk,13480,,13480.0,20.0,0.0,0.0,5.0,1.6,-0.013,0.205,1.383,38.0,25.86,0.0,18.0,0.0,1.0,4.64,-0.08,-1.02,0.0,-4.84,-0.63,4.74,456.0,TEST2RR,AKR_TEST2RR,0.0,1.0,1.0,100.0
252460,2,walk,walk,13481,,13481.0,20.0,0.0,0.0,5.0,1.92,-0.013,0.205,1.383,38.0,25.86,0.0,38.0,0.0,1.0,4.73,-0.08,-1.02,0.0,-5.5,0.73,3.14,456.0,TEST2RR,AKR_TEST2RR,0.0,1.0,1.0,100.0
252480,2,walk,walk,13482,,13482.0,20.0,0.0,0.0,5.0,2.22,-0.013,0.205,1.383,38.0,25.86,0.0,58.0,0.0,1.0,4.76,-0.08,-1.02,-0.01,-6.13,2.2,1.76,456.0,TEST2RR,AKR_TEST2RR,0.0,1.0,1.0,100.0
252500,2,walk,walk,13483,,13483.0,20.0,0.0,0.0,5.0,2.5,-0.027,-3.474,0.0,38.0,26.07,0.0,4.0,0.0,1.0,4.75,-0.08,-1.02,-0.01,-6.71,3.62,0.49,456.0,TEST2RR,AKR_TEST2RR,0.0,1.0,1.0,100.0
252540,2,walk,walk,13484,,13484.0,20.0,0.0,0.0,5.0,2.76,-0.027,-0.017,0.0,38.0,25.97,0.0,4.0,0.0,1.0,4.69,-0.08,-1.02,-0.01,-7.24,4.83,-0.66,456.0,TEST2RR,AKR_TEST2RR,0.0,1.0,1.0,100.0
252540,2,walk,walk,13485,,13485.0,20.0,0.0,0.0,6.0,3.0,-0.027,-0.101,0.0,38.0,25.97,0.0,4.0,0.0,1.0,4.58,-0.08,-1.02,-0.02,-7.7,5.78,-1.64,456.0,TEST2RR,AKR_TEST2RR,0.0,1.0,1.0,100.0
252560,2,walk,walk,13486,,13486.0,20.0,0.0,0.0,6.0,3.21,-0.028,-0.13,0.0,38.0,25.97,0.0,4.0,0.0,1.0,4.43,-0.08,-1.02,-0.02,-8.06,6.4,-2.36,456.0,TEST2RR,AKR_TEST2RR,0.0,1.0,1.0,100.0
252580,2,walk,walk,13487,,13487.0,20.0,0.0,0.0,6.0,3.4,-0.031,-0.269,0.0,38.0,25.97,0.0,4.0,0.0,1.0,4.24,-0.08,-1.02,-0.03,-8.29,6.71,-2.77,456.0,TEST2RR,AKR_TEST2RR,0.0,1.0,1.0,100.0
252600,2,walk,walk,13488,,13488.0,20.0,0.0,0.0,6.0,3.57,-0.034,-0.203,0.0,38.0,25.97,0.0,4.0,0.0,1.0,4.04,-0.07,-1.02,-0.03,-8.37,6.76,-2.83,456.0,TEST2RR,AKR_TEST2RR,0.0,1.0,1.0,100.0
252620,2,walk,walk,13489,,13489.0,20.0,0.0,0.0,7.0,3.71,-0.037,-0.233,0.0,38.0,25.97,0.0,4.0,0.0,1.0,3.84,-0.07,-1.02,-0.04,-8.3,6.58,-2.55,456.0,TEST2RR,AKR_TEST2RR,0.0,1.0,1.0,100.0
252640,2,walk,walk,13490,,13490.0,20.0,0.0,0.0,1.0,3.83,-0.041,-0.382,0.0,38.0,25.97,0.0,4.0,0.0,1.0,3.66,-0.07,-1.02,-0.04,-8.07,6.27,-1.98,456.0,TEST2RR,AKR_TEST2RR,0.0,1.0,1.0,100.0
252660,2,walk,walk,13491,,13491.0,20.0,0.0,0.0,1.0,3.93,-0.049,-0.601,0.0,38.0,25.97,0.0,4.0,0.0,1.0,3.5,-0.06,-1.02,-0.05,-7.72,5.87,-1.1,456.0,TEST2RR,AKR_TEST2RR,0.0,1.0,1.0,100.0
252700,2,walk,walk,13492,,13492.0,20.0,0.0,0.0,1.0,4.01,-0.057,-0.62,0.0,38.0,25.97,0.0,4.0,0.0,1.0,3.37,-0.06,-1.02,-0.05,-7.26,5.41,0.08,456.0,TEST2RR,AKR_TEST2RR,0.0,1.0,1.0,100.0
252700,2,walk,walk,13493,,13493.0,20.0,0.0,0.0,1.0,4.07,-0.069,-1.027,0.0,38.0,25.97,0.0,4.0,0.0,1.0,3.27,-0.06,-1.03,-0.05,-6.72,4.88,1.62,456.0,TEST2RR,AKR_TEST2RR,0.0,1.0,1.0,100.0
252720,2,walk,walk,13494,,13494.0,20.0,0.0,0.0,1.0,4.11,-0.091,-1.601,0.0,38.0,25.97,0.0,4.0,0.0,1.0,3.17,-0.06,-1.03,-0.06,-6.1,4.31,3.72,456.0,TEST2RR,AKR_TEST2RR,0.0,1.0,1.0,100.0
252740,2,walk,walk,13495,,13495.0,20.0,0.0,0.0,1.0,4.15,-0.121,-1.929,0.0,38.0,25.97,0.0,4.0,0.0,1.0,3.05,-0.05,-1.03,-0.06,-5.37,3.67,6.64,456.0,TEST2RR,AKR_TEST2RR,0.0,1.0,1.0,100.0
252760,2,walk,walk,13496,,13496.0,20.0,0.0,0.0,1.0,4.18,-0.151,-1.864,0.0,38.0,25.97,0.0,4.0,0.0,1.0,2.94,-0.05,-1.03,-0.07,-4.48,2.98,10.56,456.0,TEST2RR,AKR_TEST2RR,0.0,1.0,1.0,100.0
252780,2,walk,walk,13497,,13497.0,20.0,0.0,0.0,1.0,4.2,-0.175,-1.267,0.0,38.0,25.97,0.0,4.0,0.0,1.0,2.88,-0.05,-1.03,-0.07,-3.39,2.25,15.37,456.0,TEST2RR,AKR_TEST2RR,0.0,1.0,1.0,100.0
252800,2,walk,walk,13498,,13498.0,20.0,0.0,0.0,1.0,4.23,-0.19,-0.383,0.0,38.0,25.97,0.0,4.0,0.0,1.0,2.97,-0.05,-1.04,-0.07,-2.1,1.52,20.64,456.0,TEST2RR,AKR_TEST2RR,0.0,1.0,1.0,100.0
252840,2,walk,walk,13499,,13499.0,20.0,0.0,0.0,1.0,4.27,-0.192,-0.066,0.0,38.0,25.97,0.0,4.0,0.0,1.0,3.26,-0.06,-1.04,-0.08,-0.63,0.78,25.71,456.0,TEST2RR,AKR_TEST2RR,0.0,1.0,1.0,100.0
252840,2,walk,walk,13500,,13500.0,20.0,0.0,6.0,2.0,4.33,-0.194,-0.076,0.0,38.0,25.97,0.0,4.0,0.0,1.0,3.76,-0.07,-1.04,-0.08,0.93,0.08,30.04,456.0,TEST2RR,AKR_TEST2RR,0.0,1.0,1.0,100.0
252860,2,walk,walk,13501,,13501.0,20.0,0.0,6.0,2.0,4.41,-0.194,0.007,0.028,38.0,25.9,0.0,18.0,0.0,1.0,4.45,-0.08,-1.03,-0.08,2.46,-0.63,32.78,456.0,TEST2RR,AKR_TEST2RR,0.0,1.0,1.0,100.0
252880,2,walk,walk,13502,,13502.0,20.0,0.0,6.0,2.0,4.52,-0.135,4.555,3.759,37.0,25.4,0.0,18.0,0.0,1.0,5.34,-0.1,-1.03,-0.08,3.84,-1.49,33.12,456.0,TEST2RR,AKR_TEST2RR,0.0,1.0,1.0,100.0
252900,2,walk,walk,13503,,13503.0,20.0,0.0,6.0,2.0,4.66,-0.087,2.224,5.076,37.0,25.3,0.0,18.0,0.0,1.0,6.32,-0.11,-1.03,-0.07,5.01,-2.48,31.09,456.0,TEST2RR,AKR_TEST2RR,0.0,1.0,1.0,100.0
252920,2,walk,walk,13504,,13504.0,20.0,0.0,6.0,2.0,4.85,-0.066,0.753,5.828,37.0,25.23,0.0,18.0,0.0,1.0,7.29,-0.13,-1.02,-0.07,5.91,-3.51,27.29,456.0,TEST2RR,AKR_TEST2RR,0.0,1.0,1.0,100.0
252940,2,walk,walk,13505,,13505.0,20.0,1.0,6.0,2.0,5.07,-0.059,0.222,6.425,37.0,25.16,0.0,19.0,0.0,1.0,8.17,-0.15,-1.01,-0.07,6.53,-4.43,22.48,456.0,TEST2RR,AKR_TEST2RR,0.0,1.0,1.0,100.0
252960,2,walk,walk,13506,,13506.0,20.0,1.0,6.0,2.0,5.32,-0.057,0.228,6.463,37.0,25.16,0.0,19.0,0.0,1.0,8.92,-0.16,-1.01,-0.06,6.88,-5.16,17.36,456.0,TEST2RR,AKR_TEST2RR,0.0,1.0,1.0,100.0
252980,2,walk,walk,13507,,13507.0,20.0,1.0,6.0,2.0,5.61,-0.055,0.081,6.472,37.0,25.16,0.0,19.0,0.0,1.0,9.5,-0.17,-1.01,-0.06,6.99,-5.66,12.42,456.0,TEST2RR,AKR_TEST2RR,0.0,1.0,1.0,100.0
253020,2,walk,walk,13508,,13508.0,20.0,1.0,6.0,2.0,5.93,-0.054,0.018,6.434,37.0,25.19,0.0,19.0,0.0,1.0,9.92,-0.18,-1.0,-0.05,6.95,-5.91,8.02,456.0,TEST2RR,AKR_TEST2RR,0.0,1.0,1.0,100.0
253020,2,walk,walk,13509,,13509.0,20.0,1.0,6.0,2.0,6.26,-0.053,-0.006,6.418,37.0,25.19,0.0,19.0,0.0,1.0,10.18,-0.18,-1.0,-0.05,6.8,-5.93,4.33,456.0,TEST2RR,AKR_TEST2RR,0.0,1.0,1.0,100.0
253040,2,walk,walk,13510,,13510.0,20.0,1.0,6.0,2.0,6.6,-0.053,-0.079,6.45,37.0,25.16,0.0,19.0,0.0,1.0,10.32,-0.18,-1.0,-0.05,6.62,-5.76,1.41,456.0,TEST2RR,AKR_TEST2RR,0.0,1.0,1.0,100.0
253060,2,walk,walk,13511,,13511.0,20.0,1.0,6.0,2.0,6.93,-0.053,-0.042,6.396,37.0,25.19,0.0,19.0,0.0,1.0,10.37,-0.18,-1.0,-0.04,6.49,-5.44,-0.78,456.0,TEST2RR,AKR_TEST2RR,0.0,1.0,1.0,100.0
253080,2,walk,walk,13512,,13512.0,20.0,1.0,6.0,2.0,7.26,-0.053,-0.021,6.42,37.0,25.19,0.0,19.0,0.0,1.0,10.35,-0.18,-1.0,-0.04,6.44,-5.03,-2.32,456.0,TEST2RR,AKR_TEST2RR,0.0,1.0,1.0,100.0
253100,2,walk,walk,13513,,13513.0,20.0,1.0,6.0,2.0,7.57,-0.053,0.042,6.388,37.0,25.19,0.0,19.0,0.0,1.0,10.27,-0.18,-1.0,-0.04,6.51,-4.58,-3.32,456.0,TEST2RR,AKR_TEST2RR,0.0,1.0,1.0,100.0
253120,2,walk,walk,13514,,13514.0,20.0,1.0,6.0,2.0,7.86,-0.053,-0.072,6.422,37.0,25.19,0.0,19.0,0.0,1.0,10.16,-0.18,-1.0,-0.04,6.69,-4.12,-3.88,456.0,TEST2RR,AKR_TEST2RR,0.0,1.0,1.0,100.0
253140,2,walk,walk,13515,,13515.0,20.0,1.0,6.0,2.0,8.13,-0.053,-0.06,6.43,37.0,25.19,0.0,19.0,0.0,1.0,10.03,-0.18,-1.0,-0.04,6.94,-3.68,-4.1,457.0,TEST2RR,AKR_TEST2RR,0.0,1.0,1.0,100.0
253180,2,walk,walk,13516,,13516.0,20.0,1.0,6.0,2.0,8.36,-0.053,-0.022,6.433,37.0,25.19,0.0,19.0,0.0,1.0,9.89,-0.18,-1.01,-0.04,7.2,-3.26,-4.06,457.0,TEST2RR,AKR_TEST2RR,0.0,1.0,1.0,100.0
253180,2,walk,walk,13517,,13517.0,20.0,1.0,6.0,2.0,8.57,-0.053,-0.019,6.443,37.0,25.19,0.0,19.0,0.0,1.0,9.74,-0.17,-1.01,-0.03,7.42,-2.86,-3.85,457.0,TEST2RR,AKR_TEST2RR,0.0,1.0,1.0,100.0
253200,2,walk,walk,13518,,13518.0,20.0,1.0,6.0,2.0,8.74,-0.053,-0.052,6.452,38.0,25.19,0.0,19.0,0.0,1.0,9.6,-0.17,-1.01,-0.03,7.56,-2.49,-3.52,457.0,TEST2RR,AKR_TEST2RR,0.0,1.0,1.0,100.0
253220,2,walk,walk,13519,,13519.0,20.0,1.0,6.0,2.0,8.89,-0.053,0.056,6.441,38.0,25.19,0.0,19.0,0.0,1.0,9.47,-0.17,-1.01,-0.03,7.61,-2.13,-3.12,457.0,TEST2RR,AKR_TEST2RR,0.0,1.0,1.0,100.0
253240,2,walk,walk,13520,,13520.0,20.0,1.0,6.0,2.0,9.01,-0.053,-0.089,6.431,38.0,25.19,0.0,19.0,0.0,1.0,9.35,-0.17,-1.01,-0.02,7.58,-1.8,-2.68,457.0,TEST2RR,AKR_TEST2RR,0.0,1.0,1.0,100.0
253260,2,walk,walk,13521,,13521.0,20.0,1.0,6.0,2.0,9.1,-0.053,-0.018,6.442,38.0,25.19,0.0,19.0,0.0,1.0,9.24,-0.16,-1.01,-0.02,7.48,-1.48,-2.24,457.0,TEST2RR,AKR_TEST2RR,0.0,1.0,1.0,100.0
253280,2,walk,walk,13522,,13522.0,20.0,1.0,6.0,2.0,9.17,-0.053,0.026,6.453,38.0,25.19,0.0,19.0,0.0,1.0,9.15,-0.16,-1.01,-0.02,7.34,-1.2,-1.82,457.0,TEST2RR,AKR_TEST2RR,0.0,1.0,1.0,100.0
253340,2,walk,walk,13523,,13523.0,20.0,1.0,6.0,2.0,9.22,-0.053,-0.041,6.438,38.0,25.19,0.0,19.0,0.0,1.0,9.07,-0.16,-1.01,-0.02,7.19,-0.94,-1.44,457.0,TEST2RR,AKR_TEST2RR,0.0,1.0,1.0,100.0
253340,2,walk,walk,13524,,13524.0,20.0,1.0,6.0,2.0,9.26,-0.053,0.084,6.389,38.0,25.19,0.0,19.0,0.0,1.0,9.01,-0.16,-1.01,-0.01,7.02,-0.7,-1.11,457.0,TEST2RR,AKR_TEST2RR,0.0,1.0,1.0,100.0
253360,2,walk,walk,13525,,13525.0,20.0,1.0,6.0,2.0,9.28,-0.053,0.029,6.38,38.0,25.19,0.0,19.0,0.0,1.0,8.97,-0.16,-1.01,-0.01,6.84,-0.48,-0.86,457.0,TEST2RR,AKR_TEST2RR,0.0,1.0,1.0,100.0
253360,2,walk,walk,13526,,13526.0,20.0,1.0,6.0,2.0,9.29,-0.053,-0.023,6.396,38.0,25.19,0.0,19.0,0.0,1.0,8.94,-0.16,-1.01,-0.01,6.64,-0.27,-0.68,457.0,TEST2RR,AKR_TEST2RR,0.0,1.0,1.0,100.0
253380,2,walk,walk,13527,,13527.0,20.0,1.0,6.0,2.0,9.29,-0.052,0.025,6.333,38.0,25.23,0.0,19.0,0.0,1.0,8.92,-0.16,-1.01,-0.01,6.43,-0.07,-0.58,457.0,TEST2RR,AKR_TEST2RR,0.0,1.0,1.0,100.0
253400,2,walk,walk,13528,,13528.0,20.0,1.0,6.0,2.0,9.28,-0.052,0.065,6.263,38.0,25.23,0.0,19.0,0.0,1.0,8.9,-0.16,-1.01,-0.01,6.22,0.13,-0.56,457.0,TEST2RR,AKR_TEST2RR,0.0,1.0,1.0,100.0
253420,2,walk,walk,13529,,13529.0,20.0,1.0,6.0,2.0,9.27,-0.051,0.011,6.169,38.0,25.23,0.0,19.0,0.0,1.0,8.88,-0.16,-1.01,0.0,6.0,0.33,-0.61,457.0,TEST2RR,AKR_TEST2RR,0.0,1.0,1.0,100.0
253440,2,walk,walk,13530,,13530.0,20.0,1.0,6.0,2.0,9.25,-0.051,-0.017,6.066,38.0,25.26,0.0,19.0,0.0,1.0,8.87,-0.16,-1.01,0.0,5.79,0.52,-0.72,457.0,TEST2RR,AKR_TEST2RR,0.0,1.0,1.0,100.0
253480,2,walk,walk,13531,,13531.0,20.0,1.0,6.0,2.0,9.24,-0.049,0.13,5.913,38.0,25.3,0.0,19.0,0.0,1.0,8.84,-0.16,-1.01,0.0,5.57,0.72,-0.89,457.0,TEST2RR,AKR_TEST2RR,0.0,1.0,1.0,100.0
253480,2,walk,walk,13532,,13532.0,20.0,1.0,6.0,2.0,9.22,-0.048,0.05,5.764,38.0,25.33,0.0,19.0,0.0,1.0,8.81,-0.16,-1.01,0.0,5.37,0.9,-1.1,457.0,TEST2RR,AKR_TEST2RR,0.0,1.0,1.0,100.0
253500,2,walk,walk,13533,,13533.0,20.0,1.0,6.0,2.0,9.2,-0.047,-0.026,5.718,38.0,25.37,0.0,19.0,0.0,1.0,8.77,-0.16,-1.01,0.0,5.18,1.07,-1.32,457.0,TEST2RR,AKR_TEST2RR,0.0,1.0,1.0,100.0
253520,2,walk,walk,13534,,13534.0,20.0,1.0,6.0,2.0,9.18,-0.046,0.036,5.591,38.0,25.4,0.0,19.0,0.0,1.0,8.72,-0.16,-1.01,0.0,5.01,1.22,-1.52,457.0,TEST2RR,AKR_TEST2RR,0.0,1.0,1.0,100.0
253540,2,walk,walk,13535,,13535.0,20.0,1.0,6.0,2.0,9.15,-0.046,0.028,5.526,38.0,25.4,0.0,19.0,0.0,1.0,8.65,-0.15,-1.01,0.0,4.87,1.33,-1.67,457.0,TEST2RR,AKR_TEST2RR,0.0,1.0,1.0,100.0
253560,2,walk,walk,13536,,13536.0,20.0,1.0,6.0,2.0,9.13,-0.045,0.143,5.476,38.0,25.4,0.0,19.0,0.0,1.0,8.57,-0.15,-1.02,0.01,4.76,1.4,-1.76,457.0,TEST2RR,AKR_TEST2RR,0.0,1.0,1.0,100.0
253600,2,walk,walk,13537,,13537.0,20.0,2.0,6.0,2.0,9.11,-0.046,-0.007,5.438,38.0,25.4,0.0,20.0,0.0,1.0,8.48,-0.15,-1.02,0.01,4.69,1.44,-1.75,457.0,TEST2RR,AKR_TEST2RR,0.0,1.0,1.0,100.0
253620,2,walk,walk,13538,,13538.0,20.0,2.0,6.0,2.0,9.08,-0.045,0.062,5.488,38.0,25.4,0.0,20.0,0.0,1.0,8.38,-0.15,-1.02,0.01,4.67,1.43,-1.64,457.0,TEST2RR,AKR_TEST2RR,0.0,1.0,1.0,100.0
253620,2,walk,walk,13539,,13539.0,20.0,2.0,6.0,2.0,9.06,-0.045,0.001,5.472,38.0,25.4,0.0,20.0,0.0,1.0,8.28,-0.15,-1.02,0.01,4.72,1.38,-1.41,457.0,TEST2RR,AKR_TEST2RR,0.0,1.0,1.0,100.0
253660,2,walk,walk,13540,,13540.0,20.0,2.0,6.0,2.0,9.03,-0.045,0.018,5.457,38.0,25.4,0.0,20.0,0.0,1.0,8.18,-0.15,-1.02,0.01,4.81,1.29,-1.09,457.0,TEST2RR,AKR_TEST2RR,0.0,1.0,1.0,100.0
253660,2,walk,walk,13541,,13541.0,20.0,2.0,6.0,2.0,9.0,-0.045,0.007,5.452,38.0,25.4,0.0,20.0,0.0,1.0,8.08,-0.14,-1.02,0.01,4.95,1.15,-0.65,457.0,TEST2RR,AKR_TEST2RR,0.0,1.0,1.0,100.0
253680,2,walk,walk,13542,,13542.0,20.0,2.0,6.0,2.0,8.97,-0.045,-0.045,5.499,38.0,25.4,0.0,20.0,0.0,1.0,8.0,-0.14,-1.02,0.01,5.12,0.95,-0.13,457.0,TEST2RR,AKR_TEST2RR,0.0,1.0,1.0,100.0
253720,2,walk,walk,13543,,13543.0,20.0,2.0,6.0,2.0,8.94,-0.045,0.001,5.507,38.0,25.4,0.0,19.0,0.0,1.0,7.93,-0.14,-1.02,0.01,5.32,0.68,0.48,457.0,TEST2RR,AKR_TEST2RR,0.0,1.0,1.0,100.0
253720,2,walk,walk,13544,,13544.0,20.0,2.0,6.0,2.0,8.91,-0.045,0.007,5.468,38.0,25.4,0.0,19.0,0.0,1.0,7.88,-0.14,-1.02,0.01,5.55,0.32,1.17,457.0,TEST2RR,AKR_TEST2RR,0.0,1.0,1.0,100.0
253740,2,walk,walk,13545,,13545.0,20.0,2.0,6.0,2.0,8.88,-0.045,0.014,5.453,38.0,25.4,0.0,19.0,0.0,1.0,7.83,-0.14,-1.02,0.01,5.79,-0.14,1.93,457.0,TEST2RR,AKR_TEST2RR,0.0,1.0,1.0,100.0
253780,2,walk,walk,13546,,13546.0,20.0,2.0,6.0,2.0,8.86,-0.045,0.08,5.504,39.0,25.4,0.0,19.0,0.0,1.0,7.8,-0.14,-1.02,0.01,6.05,-0.65,2.75,457.0,TEST2RR,AKR_TEST2RR,0.0,1.0,1.0,100.0
253800,2,walk,walk,13547,,13547.0,20.0,2.0,6.0,2.0,8.83,-0.045,-0.057,5.499,39.0,25.4,0.0,19.0,0.0,1.0,7.78,-0.14,-1.03,0.01,6.34,-1.2,3.62,457.0,TEST2RR,AKR_TEST2RR,0.0,1.0,1.0,100.0
253820,2,walk,walk,13548,,13548.0,20.0,2.0,6.0,2.0,8.81,-0.045,-0.034,5.436,39.0,25.4,0.0,19.0,0.0,1.0,7.77,-0.14,-1.03,0.01,6.65,-1.73,4.54,457.0,TEST2RR,AKR_TEST2RR,0.0,1.0,1.0,100.0
253840,2,walk,walk,13549,,13549.0,20.0,2.0,6.0,2.0,8.8,-0.045,0.011,5.444,39.0,25.4,0.0,19.0,0.0,1.0,7.78,-0.14,-1.03,0.01,6.96,-2.23,5.5,457.0,TEST2RR,AKR_TEST2RR,0.0,1.0,1.0,100.0
253840,2,walk,walk,13550,,13550.0,20.0,2.0,6.0,2.0,8.79,-0.045,0.03,5.442,39.0,25.4,0.0,19.0,0.0,1.0,7.81,-0.14,-1.03,0.01,7.26,-2.67,6.49,457.0,TEST2RR,AKR_TEST2RR,0.0,1.0,1.0,100.0
253860,2,walk,walk,13551,,13551.0,20.0,2.0,6.0,2.0,8.78,-0.045,-0.075,5.388,39.0,25.4,0.0,19.0,0.0,1.0,7.86,-0.14,-1.03,0.02,7.54,-3.03,7.49,457.0,TEST2RR,AKR_TEST2RR,0.0,1.0,1.0,100.0
253900,2,walk,walk,13552,,13552.0,20.0,2.0,6.0,2.0,8.79,-0.044,0.072,5.325,39.0,25.44,0.0,19.0,0.0,1.0,7.93,-0.14,-1.03,0.02,7.81,-3.31,8.49,457.0,TEST2RR,AKR_TEST2RR,0.0,1.0,1.0,100.0
253900,2,walk,walk,13553,,13553.0,20.0,2.0,6.0,2.0,8.8,-0.044,0.042,5.198,39.0,25.44,0.0,19.0,0.0,1.0,8.03,-0.15,-1.03,0.02,8.05,-3.49,9.47,457.0,TEST2RR,AKR_TEST2RR,0.0,1.0,1.0,100.0
253940,2,walk,walk,13554,,13554.0,20.0,2.0,6.0,2.0,8.83,-0.043,0.1,5.026,39.0,25.47,0.0,19.0,0.0,1.0,8.17,-0.15,-1.03,0.03,8.25,-3.61,10.4,457.0,TEST2RR,AKR_TEST2RR,0.0,1.0,1.0,100.0
253960,2,walk,walk,13555,,13555.0,20.0,2.0,6.0,2.0,8.87,-0.041,0.08,4.822,39.0,25.51,0.0,19.0,0.0,1.0,8.33,-0.15,-1.03,0.03,8.42,-3.65,11.25,457.0,TEST2RR,AKR_TEST2RR,0.0,1.0,1.0,100.0
253980,2,walk,walk,13556,,13556.0,20.0,2.0,6.0,2.0,8.92,-0.039,0.072,4.617,39.0,25.51,0.0,19.0,0.0,1.0,8.52,-0.15,-1.03,0.04,8.57,-3.62,12.02,457.0,TEST2RR,AKR_TEST2RR,0.0,1.0,1.0,100.0
253980,2,walk,walk,13557,,13557.0,20.0,2.0,6.0,2.0,8.98,-0.038,0.048,4.439,39.0,25.54,0.0,19.0,0.0,1.0,8.74,-0.16,-1.03,0.04,8.7,-3.48,12.71,457.0,TEST2RR,AKR_TEST2RR,0.0,1.0,1.0,100.0
254040,2,walk,walk,13558,,13558.0,20.0,2.0,6.0,2.0,9.06,-0.036,0.05,4.322,39.0,25.58,0.0,19.0,0.0,1.0,8.98,-0.16,-1.03,0.04,8.85,-3.23,13.33,457.0,TEST2RR,AKR_TEST2RR,0.0,1.0,1.0,100.0
254040,2,walk,walk,13559,,13559.0,20.0,2.0,6.0,2.0,9.15,-0.036,0.083,4.155,39.0,25.58,0.0,19.0,0.0,1.0,9.24,-0.17,-1.02,0.05,9.03,-2.89,13.87,457.0,TEST2RR,AKR_TEST2RR,0.0,1.0,1.0,100.0
254040,2,walk,walk,13560,,13560.0,20.0,2.0,6.0,2.0,9.25,-0.034,0.032,4.017,39.0,25.62,0.0,19.0,0.0,1.0,9.52,-0.17,-1.02,0.05,9.27,-2.48,14.35,457.0,TEST2RR,AKR_TEST2RR,0.0,1.0,1.0,100.0
254080,2,walk,walk,13561,,13561.0,20.0,2.0,6.0,2.0,9.37,-0.033,0.049,3.926,39.0,25.65,0.0,19.0,0.0,1.0,9.82,-0.18,-1.02,0.05,9.56,-2.03,14.79,457.0,TEST2RR,AKR_TEST2RR,0.0,1.0,1.0,100.0
254080,2,walk,walk,13562,,13562.0,20.0,2.0,6.0,2.0,9.51,-0.032,-0.009,3.875,39.0,25.65,0.0,19.0,0.0,1.0,10.13,-0.18,-1.02,0.06,9.93,-1.57,15.19,457.0,TEST2RR,AKR_TEST2RR,0.0,1.0,1.0,100.0
254100,2,walk,walk,13563,,13563.0,20.0,2.0,6.0,2.0,9.66,-0.031,0.025,3.784,39.0,25.65,0.0,19.0,0.0,1.0,10.44,-0.19,-1.02,0.06,10.36,-1.13,15.59,458.0,TEST2RR,AKR_TEST2RR,0.0,1.0,1.0,100.0
254140,2,walk,walk,13564,,13564.0,20.0,2.0,6.0,2.0,9.82,-0.031,0.037,3.687,39.0,25.65,0.0,19.0,0.0,1.0,10.75,-0.19,-1.02,0.06,10.83,-0.73,16.01,458.0,TEST2RR,AKR_TEST2RR,0.0,1.0,1.0,100.0
254140,2,walk,walk,13565,,13565.0,20.0,2.0,6.0,2.0,10.0,-0.03,0.007,3.609,39.0,25.69,0.0,19.0,0.0,1.0,11.06,-0.2,-1.02,0.06,11.33,-0.4,16.47,458.0,TEST2RR,AKR_TEST2RR,0.0,1.0,1.0,100.0
254180,2,walk,walk,13566,,13566.0,20.0,2.0,6.0,2.0,10.19,-0.03,0.019,3.462,39.0,25.69,0.0,19.0,0.0,1.0,11.35,-0.2,-1.02,0.07,11.8,-0.14,16.97,458.0,TEST2RR,AKR_TEST2RR,0.0,1.0,1.0,100.0
254200,2,walk,walk,13567,,13567.0,20.0,2.0,6.0,2.0,10.39,-0.028,-0.006,3.326,39.0,25.72,0.0,19.0,0.0,1.0,11.64,-0.21,-1.02,0.07,12.22,0.06,17.54,458.0,TEST2RR,AKR_TEST2RR,0.0,1.0,1.0,100.0
254200,2,walk,walk,13568,,13568.0,20.0,1.0,6.0,2.0,10.6,-0.027,0.167,3.105,39.0,25.72,0.0,18.0,0.0,1.0,11.92,-0.21,-1.01,0.07,12.54,0.2,18.15,458.0,TEST2RR,AKR_TEST2RR,0.0,1.0,1.0,100.0
254220,2,walk,walk,13569,,13569.0,20.0,1.0,6.0,2.0,10.83,-0.025,0.148,2.907,39.0,25.76,0.0,18.0,0.0,1.0,12.2,-0.22,-1.01,0.08,12.74,0.32,18.79,458.0,TEST2RR,AKR_TEST2RR,0.0,1.0,1.0,100.0
254240,2,walk,walk,13570,,13570.0,20.0,1.0,6.0,2.0,11.07,-0.023,0.169,2.699,39.0,25.76,0.0,18.0,0.0,1.0,12.5,-0.22,-1.01,0.08,12.79,0.44,19.45,458.0,TEST2RR,AKR_TEST2RR,0.0,1.0,1.0,100.0
254280,2,walk,walk,13571,,13571.0,20.0,1.0,6.0,2.0,11.32,-0.022,0.053,2.575,39.0,25.79,0.0,18.0,0.0,1.0,12.81,-0.23,-1.01,0.09,12.69,0.59,20.11,458.0,TEST2RR,AKR_TEST2RR,0.0,1.0,1.0,100.0
254280,2,walk,walk,13572,,13572.0,20.0,1.0,6.0,2.0,11.58,-0.02,0.123,2.321,39.0,25.83,0.0,18.0,0.0,1.0,13.16,-0.24,-1.01,0.09,12.44,0.77,20.74,458.0,TEST2RR,AKR_TEST2RR,0.0,1.0,1.0,100.0
254300,2,walk,walk,13573,,13573.0,20.0,1.0,6.0,2.0,11.86,-0.018,0.158,2.082,39.0,25.83,0.0,18.0,0.0,1.0,13.54,-0.24,-1.01,0.1,12.06,0.97,21.3,458.0,TEST2RR,AKR_TEST2RR,0.0,1.0,1.0,100.0
254320,2,walk,walk,13574,,13574.0,20.0,1.0,6.0,2.0,12.14,-0.016,0.193,1.841,39.0,25.86,0.0,18.0,0.0,1.0,13.95,-0.25,-1.0,0.1,11.59,1.21,21.77,458.0,TEST2RR,AKR_TEST2RR,0.0,1.0,1.0,100.0
254340,2,walk,walk,13575,,13575.0,20.0,1.0,6.0,2.0,12.44,-0.014,0.116,1.63,39.0,25.86,0.0,18.0,0.0,1.0,14.4,-0.26,-1.0,0.11,11.03,1.49,22.15,458.0,TEST2RR,AKR_TEST2RR,0.0,1.0,1.0,100.0
254360,2,walk,walk,13576,,13576.0,20.0,1.0,6.0,2.0,12.74,-0.013,0.124,1.455,39.0,25.9,0.0,18.0,0.0,1.0,14.89,-0.26,-1.0,0.11,10.43,1.79,22.42,458.0,TEST2RR,AKR_TEST2RR,0.0,1.0,1.0,100.0
254380,2,walk,walk,13577,,13577.0,20.0,1.0,6.0,2.0,13.06,-0.011,0.099,1.301,39.0,25.9,0.0,18.0,0.0,1.0,15.41,-0.27,-0.99,0.12,9.8,2.11,22.59,458.0,TEST2RR,AKR_TEST2RR,0.0,1.0,1.0,100.0
254400,2,walk,walk,13578,,13578.0,20.0,1.0,6.0,2.0,13.39,-0.01,0.001,1.143,39.0,25.93,0.0,18.0,0.0,1.0,15.96,-0.28,-0.99,0.12,9.16,2.43,22.65,458.0,TEST2RR,AKR_TEST2RR,0.0,1.0,1.0,100.0
254460,2,walk,walk,13579,,13579.0,20.0,1.0,6.0,2.0,13.73,-0.009,0.06,0.974,39.0,25.9,0.0,18.0,0.0,1.0,16.53,-0.29,-0.98,0.12,8.53,2.75,22.6,458.0,TEST2RR,AKR_TEST2RR,0.0,1.0,1.0,100.0
254460,2,walk,walk,13580,,13580.0,20.0,1.0,6.0,2.0,14.07,-0.008,0.013,0.903,39.0,25.93,0.0,18.0,0.0,1.0,17.12,-0.3,-0.98,0.12,7.91,3.04,22.45,458.0,TEST2RR,AKR_TEST2RR,0.0,1.0,1.0,100.0
254460,2,walk,walk,13581,,13581.0,20.0,1.0,6.0,2.0,14.43,-0.007,0.009,0.783,39.0,25.93,0.0,18.0,0.0,1.0,17.71,-0.31,-0.97,0.13,7.31,3.28,22.2,458.0,TEST2RR,AKR_TEST2RR,0.0,1.0,1.0,100.0
254480,2,walk,walk,13582,,13582.0,20.0,1.0,6.0,2.0,14.8,-0.007,-0.011,0.647,39.0,25.9,0.0,18.0,0.0,1.0,18.31,-0.32,-0.96,0.13,6.74,3.48,21.84,458.0,TEST2RR,AKR_TEST2RR,0.0,1.0,1.0,100.0
254520,2,walk,walk,13583,,13583.0,20.0,1.0,6.0,2.0,15.17,-0.006,0.073,0.576,39.0,25.93,0.0,18.0,0.0,1.0,18.9,-0.33,-0.96,0.13,6.18,3.61,21.39,458.0,TEST2RR,AKR_TEST2RR,0.0,1.0,1.0,100.0
254520,2,walk,walk,13584,,13584.0,20.0,1.0,6.0,2.0,15.55,-0.005,0.034,0.484,39.0,25.93,0.0,18.0,0.0,1.0,19.5,-0.34,-0.95,0.13,5.62,3.66,20.83,458.0,TEST2RR,AKR_TEST2RR,0.0,1.0,1.0,100.0
254540,2,walk,walk,13585,,13585.0,20.0,1.0,6.0,2.0,15.94,-0.005,-0.045,0.504,39.0,25.93,0.0,18.0,0.0,1.0,20.09,-0.35,-0.95,0.13,5.07,3.64,20.15,458.0,TEST2RR,AKR_TEST2RR,0.0,1.0,1.0,100.0
254560,2,walk,walk,13586,,13586.0,20.0,1.0,6.0,2.0,16.33,-0.004,-0.022,0.471,39.0,25.93,0.0,18.0,0.0,1.0,20.66,-0.36,-0.94,0.13,4.5,3.55,19.34,458.0,TEST2RR,AKR_TEST2RR,0.0,1.0,1.0,100.0
254580,2,walk,walk,13587,,13587.0,20.0,1.0,6.0,2.0,16.73,-0.004,0.032,0.44,39.0,25.93,0.0,18.0,0.0,1.0,21.2,-0.36,-0.94,0.13,3.92,3.41,18.43,458.0,TEST2RR,AKR_TEST2RR,0.0,1.0,1.0,100.0
254620,2,walk,walk,13588,,13588.0,20.0,1.0,6.0,2.0,17.13,-0.004,-0.021,0.345,39.0,25.93,0.0,18.0,0.0,1.0,21.7,-0.37,-0.93,0.13,3.33,3.24,17.41,458.0,TEST2RR,AKR_TEST2RR,0.0,1.0,1.0,100.0
254620,2,walk,walk,13589,,13589.0,20.0,1.0,6.0,2.0,17.53,-0.003,0.033,0.318,39.0,25.93,0.0,18.0,0.0,1.0,22.15,-0.38,-0.93,0.13,2.74,3.08,16.31,458.0,TEST2RR,AKR_TEST2RR,0.0,1.0,1.0,100.0
254660,2,walk,walk,13590,,13590.0,20.0,1.0,6.0,2.0,17.93,-0.003,0.036,0.293,39.0,25.93,0.0,18.0,0.0,1.0,22.55,-0.38,-0.93,0.13,2.16,2.92,15.14,458.0,TEST2RR,AKR_TEST2RR,0.0,1.0,1.0,100.0
254680,2,walk,walk,13591,,13591.0,20.0,1.0,6.0,2.0,18.32,-0.003,0.022,0.276,39.0,25.93,0.0,18.0,0.0,1.0,22.89,-0.39,-0.92,0.13,1.59,2.76,13.92,458.0,TEST2RR,AKR_TEST2RR,0.0,1.0,1.0,100.0
254680,2,walk,walk,13592,,13592.0,20.0,1.0,6.0,2.0,18.72,-0.002,-0.032,0.208,39.0,25.93,0.0,18.0,0.0,1.0,23.17,-0.39,-0.92,0.13,1.06,2.6,12.67,458.0,TEST2RR,AKR_TEST2RR,0.0,1.0,1.0,100.0
254700,2,walk,walk,13593,,13593.0,20.0,1.0,6.0,2.0,19.1,-0.002,0.111,0.133,39.0,25.93,0.0,18.0,0.0,1.0,23.39,-0.4,-0.92,0.13,0.57,2.46,11.43,458.0,TEST2RR,AKR_TEST2RR,0.0,1.0,1.0,100.0
254720,2,walk,walk,13594,,13594.0,20.0,1.0,6.0,2.0,19.48,-0.002,0.021,0.088,40.0,25.93,0.0,18.0,0.0,1.0,23.55,-0.4,-0.92,0.13,0.15,2.34,10.21,458.0,TEST2RR,AKR_TEST2RR,0.0,1.0,1.0,100.0
254760,2,walk,walk,13595,,13595.0,20.0,1.0,6.0,2.0,19.85,-0.001,0.152,0.089,39.0,25.93,0.0,18.0,0.0,1.0,23.67,-0.4,-0.92,0.13,-0.21,2.26,9.05,458.0,TEST2RR,AKR_TEST2RR,0.0,1.0,1.0,100.0
254760,2,walk,walk,13596,,13596.0,20.0,1.0,6.0,2.0,20.2,-0.001,0.006,0.063,39.0,25.93,0.0,18.0,0.0,1.0,23.75,-0.41,-0.92,0.13,-0.51,2.2,7.95,458.0,TEST2RR,AKR_TEST2RR,0.0,1.0,1.0,100.0
254800,2,walk,walk,13597,,13597.0,20.0,1.0,6.0,2.0,20.55,-0.001,-0.003,0.025,39.0,25.93,0.0,18.0,0.0,1.0,23.8,-0.41,-0.92,0.13,-0.75,2.13,6.93,458.0,TEST2RR,AKR_TEST2RR,0.0,1.0,1.0,100.0
254800,2,walk,walk,13598,,13598.0,20.0,1.0,6.0,2.0,20.87,-0.001,-0.056,0.038,39.0,25.93,0.0,18.0,0.0,1.0,23.83,-0.41,-0.92,0.13,-0.94,2.06,5.99,458.0,TEST2RR,AKR_TEST2RR,0.0,1.0,1.0,100.0
254820,2,walk,walk,13599,,13599.0,20.0,1.0,6.0,2.0,21.19,0.0,0.131,-0.004,39.0,25.93,0.0,18.0,0.0,1.0,23.85,-0.41,-0.92,0.12,-1.1,1.97,5.13,458.0,TEST2RR,AKR_TEST2RR,0.0,1.0,1.0,100.0
254860,2,walk,walk,13600,,13600.0,20.0,1.0,6.0,2.0,21.48,0.0,0.029,-0.012,39.0,25.93,0.0,18.0,0.0,1.0,23.85,-0.41,-0.93,0.12,-1.23,1.85,4.35,458.0,TEST2RR,AKR_TEST2RR,0.0,1.0,1.0,100.0
254860,2,walk,walk,13601,,13601.0,20.0,1.0,6.0,2.0,21.76,0.0,0.005,-0.019,39.0,25.93,0.0,18.0,0.0,1.0,23.83,-0.41,-0.93,0.12,-1.37,1.7,3.63,458.0,TEST2RR,AKR_TEST2RR,0.0,1.0,1.0,100.0
254880,2,walk,walk,13602,,13602.0,20.0,2.0,6.0,2.0,22.02,0.0,0.053,-0.025,39.0,25.93,0.0,19.0,0.0,1.0,23.79,-0.41,-0.93,0.12,-1.52,1.48,2.97,458.0,TEST2RR,AKR_TEST2RR,0.0,1.0,1.0,100.0
254920,2,walk,walk,13603,,13603.0,20.0,1.0,6.0,2.0,22.26,0.0,-0.053,-0.096,39.0,25.93,0.0,18.0,0.0,1.0,23.71,-0.41,-0.93,0.12,-1.68,1.12,2.3,458.0,TEST2RR,AKR_TEST2RR,0.0,1.0,1.0,100.0
254920,2,walk,walk,13604,,13604.0,20.0,0.0,6.0,2.0,22.48,0.001,-0.053,-0.206,39.0,25.93,0.0,17.0,0.0,1.0,23.58,-0.41,-0.93,0.12,-1.85,0.53,1.58,458.0,TEST2RR,AKR_TEST2RR,0.0,1.0,1.0,100.0
254940,2,walk,walk,13605,,13605.0,20.0,1.0,6.0,2.0,22.68,0.001,0.028,-0.228,39.0,25.97,0.0,18.0,0.0,1.0,23.37,-0.4,-0.93,0.11,-2.02,-0.43,0.73,458.0,TEST2RR,AKR_TEST2RR,0.0,1.0,1.0,100.0
254960,2,walk,walk,13606,,13606.0,20.0,1.0,6.0,2.0,22.86,0.002,0.073,-0.344,39.0,25.93,0.0,18.0,0.0,1.0,23.07,-0.4,-0.93,0.11,-2.17,-1.97,-0.34,458.0,TEST2RR,AKR_TEST2RR,0.0,1.0,1.0,100.0
254980,2,walk,walk,13607,,13607.0,20.0,1.0,6.0,2.0,23.03,0.002,0.225,-0.445,39.0,25.93,0.0,18.0,0.0,1.0,22.66,-0.39,-0.93,0.11,-2.28,-4.28,-1.76,458.0,TEST2RR,AKR_TEST2RR,0.0,1.0,1.0,100.0
255000,2,walk,walk,13608,,13608.0,20.0,1.0,6.0,2.0,23.17,0.003,0.162,-0.563,39.0,25.93,0.0,18.0,0.0,1.0,22.1,-0.38,-0.94,0.11,-2.34,-7.54,-3.62,458.0,TEST2RR,AKR_TEST2RR,0.0,1.0,1.0,100.0
255020,2,walk,walk,13609,,13609.0,20.0,1.0,6.0,2.0,23.29,0.004,0.12,-0.667,39.0,25.93,0.0,18.0,0.0,1.0,21.37,-0.37,-0.94,0.11,-2.37,-11.82,-5.98,458.0,TEST2RR,AKR_TEST2RR,0.0,1.0,1.0,100.0
255040,2,walk,walk,13610,,13610.0,20.0,1.0,6.0,2.0,23.4,0.005,0.057,-0.788,39.0,25.93,0.0,18.0,0.0,1.0,20.46,-0.35,-0.94,0.11,-2.37,-17.08,-8.88,459.0,TEST2RR,AKR_TEST2RR,0.0,1.0,1.0,100.0
255080,2,walk,walk,13611,,13611.0,20.0,1.0,6.0,2.0,23.47,0.007,0.155,-0.956,39.0,25.93,0.0,18.0,0.0,1.0,19.36,-0.33,-0.94,0.11,-2.4,-23.12,-12.32,459.0,TEST2RR,AKR_TEST2RR,0.0,1.0,1.0,100.0
255080,2,walk,walk,13612,,13612.0,20.0,1.0,6.0,2.0,23.52,0.007,0.009,-0.974,39.0,25.93,0.0,18.0,0.0,1.0,18.06,-0.31,-0.95,0.11,-2.49,-29.56,-16.29,459.0,TEST2RR,AKR_TEST2RR,0.0,1.0,1.0,100.0
255100,2,walk,walk,13613,,13613.0,20.0,1.0,6.0,2.0,23.54,0.007,-0.034,-0.989,39.0,25.9,0.0,18.0,0.0,1.0,16.55,-0.28,-0.95,0.11,-2.66,-35.81,-20.73,459.0,TEST2RR,AKR_TEST2RR,0.0,1.0,1.0,100.0
255120,2,walk,walk,13614,,13614.0,20.0,1.0,6.0,2.0,23.53,0.008,0.092,-0.973,39.0,25.9,0.0,18.0,0.0,1.0,14.88,-0.26,-0.96,0.12,-2.9,-41.18,-25.49,459.0,TEST2RR,AKR_TEST2RR,0.0,1.0,1.0,100.0
255140,2,walk,walk,13615,,13615.0,20.0,1.0,6.0,2.0,23.47,0.007,0.069,-0.998,39.0,25.93,0.0,18.0,0.0,1.0,13.08,-0.23,-0.97,0.13,-3.16,-44.95,-30.35,459.0,TEST2RR,AKR_TEST2RR,0.0,1.0,1.0,100.0
255160,2,walk,walk,13616,,13616.0,20.0,1.0,6.0,2.0,23.37,0.008,-0.003,-1.008,39.0,25.93,0.0,18.0,0.0,1.0,11.23,-0.2,-0.99,0.13,-3.37,-46.55,-35.05,459.0,TEST2RR,AKR_TEST2RR,0.0,1.0,1.0,100.0
255180,2,walk,walk,13617,,13617.0,20.0,1.0,6.0,2.0,23.22,0.008,-0.054,-1.028,39.0,25.93,0.0,18.0,0.0,1.0,9.43,-0.17,-1.0,0.14,-3.44,-45.59,-39.39,459.0,TEST2RR,AKR_TEST2RR,0.0,1.0,1.0,100.0
255220,2,walk,walk,13618,,13618.0,20.0,1.0,6.0,2.0,23.0,0.008,0.01,-1.042,39.0,25.93,0.0,18.0,0.0,1.0,7.77,-0.14,-1.01,0.15,-3.31,-42.0,-43.2,459.0,TEST2RR,AKR_TEST2RR,0.0,1.0,1.0,100.0
255220,2,walk,walk,13619,,13619.0,20.0,1.0,6.0,2.0,22.73,0.008,0.003,-1.054,39.0,25.9,0.0,18.0,0.0,1.0,6.33,-0.11,-1.03,0.15,-2.93,-35.98,-46.35,459.0,TEST2RR,AKR_TEST2RR,0.0,1.0,1.0,100.0
255240,2,walk,walk,13620,,13620.0,20.0,1.0,6.0,2.0,22.38,0.008,0.096,-1.085,39.0,25.93,0.0,18.0,0.0,1.0,5.17,-0.09,-1.04,0.15,-2.32,-28.02,-48.8,459.0,TEST2RR,AKR_TEST2RR,0.0,1.0,1.0,100.0
255260,2,walk,walk,13621,,13621.0,20.0,1.0,6.0,2.0,21.96,0.009,0.124,-1.1,39.0,25.9,0.0,18.0,0.0,1.0,4.31,-0.08,-1.05,0.15,-1.56,-18.84,-50.51,459.0,TEST2RR,AKR_TEST2RR,0.0,1.0,1.0,100.0
255280,2,walk,walk,13622,,13622.0,20.0,1.0,6.0,2.0,21.47,0.009,0.034,-1.088,39.0,25.9,0.0,18.0,0.0,1.0,3.77,-0.07,-1.07,0.14,-0.72,-9.23,-51.54,459.0,TEST2RR,AKR_TEST2RR,0.0,1.0,1.0,100.0
255320,2,walk,walk,13623,,13623.0,20.0,1.0,6.0,2.0,20.9,0.009,-0.077,-1.1,39.0,25.9,0.0,18.0,0.0,1.0,3.51,-0.07,-1.08,0.13,0.11,0.05,-51.95,459.0,TEST2RR,AKR_TEST2RR,0.0,1.0,1.0,100.0
255340,2,walk,walk,13624,,13624.0,20.0,1.0,6.0,2.0,20.26,0.009,-0.108,-1.085,39.0,25.93,0.0,18.0,0.0,1.0,3.48,-0.07,-1.08,0.12,0.84,8.38,-51.84,459.0,TEST2RR,AKR_TEST2RR,0.0,1.0,1.0,100.0
255340,2,walk,walk,13625,,13625.0,20.0,1.0,6.0,2.0,19.55,0.008,-0.029,-1.08,39.0,25.93,0.0,18.0,0.0,1.0,3.62,-0.07,-1.09,0.1,1.41,15.35,-51.33,459.0,TEST2RR,AKR_TEST2RR,0.0,1.0,1.0,100.0
255360,2,walk,walk,13626,,13626.0,20.0,1.0,6.0,2.0,18.78,0.008,-0.014,-1.075,39.0,25.93,0.0,18.0,0.0,1.0,3.85,-0.07,-1.09,0.09,1.74,20.75,-50.53,459.0,TEST2RR,AKR_TEST2RR,0.0,1.0,1.0,100.0
255400,2,walk,walk,13627,,13627.0,20.0,1.0,6.0,2.0,17.96,0.009,-0.009,-1.082,39.0,25.93,0.0,18.0,0.0,1.0,4.14,-0.08,-1.09,0.07,1.8,24.61,-49.53,459.0,TEST2RR,AKR_TEST2RR,0.0,1.0,1.0,100.0
255400,2,walk,walk,13628,,13628.0,20.0,1.0,6.0,2.0,17.08,0.008,-0.036,-1.084,39.0,25.93,0.0,18.0,0.0,1.0,4.42,-0.08,-1.08,0.06,1.56,27.1,-48.43,459.0,TEST2RR,AKR_TEST2RR,0.0,1.0,1.0,100.0
255420,2,walk,walk,13629,,13629.0,20.0,1.0,6.0,2.0,16.16,0.008,-0.065,-1.066,39.0,25.93,0.0,18.0,0.0,1.0,4.66,-0.09,-1.08,0.05,1.03,28.5,-47.3,459.0,TEST2RR,AKR_TEST2RR,0.0,1.0,1.0,100.0
255460,2,walk,walk,13630,,13630.0,20.0,1.0,6.0,2.0,15.21,0.009,-0.037,-1.071,39.0,25.93,0.0,18.0,0.0,1.0,4.84,-0.09,-1.07,0.04,0.23,29.14,-46.22,459.0,TEST2RR,AKR_TEST2RR,0.0,1.0,1.0,100.0
255460,2,walk,walk,13631,,13631.0,20.0,1.0,6.0,2.0,14.24,0.009,0.049,-1.067,39.0,25.93,0.0,18.0,0.0,1.0,4.96,-0.09,-1.06,0.04,-0.83,29.34,-45.21,459.0,TEST2RR,AKR_TEST2RR,0.0,1.0,1.0,100.0
255480,2,walk,walk,13632,,13632.0,20.0,1.0,6.0,2.0,13.26,0.009,0.053,-1.088,39.0,25.93,0.0,18.0,0.0,1.0,5.03,-0.09,-1.05,0.03,-2.09,29.4,-44.32,459.0,TEST2RR,AKR_TEST2RR,0.0,1.0,1.0,100.0
255520,2,walk,walk,13633,,13633.0,20.0,1.0,6.0,2.0,12.26,0.009,-0.026,-1.105,39.0,25.93,0.0,18.0,0.0,1.0,5.07,-0.09,-1.04,0.03,-3.53,29.55,-43.54,459.0,TEST2RR,AKR_TEST2RR,0.0,1.0,1.0,100.0
255540,2,walk,walk,13634,,13634.0,20.0,1.0,6.0,2.0,11.27,0.009,-0.023,-1.1,39.0,25.93,0.0,18.0,0.0,1.0,5.12,-0.09,-1.03,0.03,-5.09,29.95,-42.86,459.0,TEST2RR,AKR_TEST2RR,0.0,1.0,1.0,100.0
255560,2,walk,walk,13635,,13635.0,20.0,1.0,6.0,2.0,10.28,0.009,0.052,-1.103,39.0,25.93,0.0,18.0,0.0,1.0,5.21,-0.09,-1.01,0.03,-6.75,30.68,-42.22,459.0,TEST2RR,AKR_TEST2RR,0.0,1.0,1.0,100.0
255560,2,walk,walk,13636,,13636.0,20.0,1.0,6.0,2.0,9.3,0.009,0.019,-1.138,39.0,25.9,0.0,18.0,0.0,1.0,5.44,-0.09,-1.0,0.04,-8.51,31.7,-41.57,459.0,TEST2RR,AKR_TEST2RR,0.0,1.0,1.0,100.0
255580,2,walk,walk,13637,,13637.0,20.0,0.0,6.0,2.0,8.34,0.009,-0.015,-1.151,39.0,25.93,0.0,17.0,0.0,1.0,5.88,-0.1,-0.98,0.04,-10.37,32.79,-40.79,459.0,TEST2RR,AKR_TEST2RR,0.0,1.0,1.0,100.0
255600,2,walk,walk,13638,,13638.0,20.0,1.0,6.0,2.0,7.39,0.009,-0.079,-1.177,39.0,25.9,0.0,18.0,0.0,1.0,6.59,-0.11,-0.97,0.04,-12.31,33.65,-39.76,459.0,TEST2RR,AKR_TEST2RR,0.0,1.0,1.0,100.0
255620,2,walk,walk,13639,,13639.0,20.0,1.0,6.0,2.0,6.47,0.009,-0.037,-1.214,39.0,25.93,0.0,18.0,0.0,1.0,7.62,-0.13,-0.96,0.04,-14.29,33.9,-38.32,459.0,TEST2RR,AKR_TEST2RR,0.0,1.0,1.0,100.0
255640,2,walk,walk,13640,,13640.0,20.0,1.0,6.0,2.0,5.57,0.01,0.034,-1.304,39.0,25.93,0.0,18.0,0.0,1.0,8.93,-0.15,-0.94,0.04,-16.25,33.22,-36.32,459.0,TEST2RR,AKR_TEST2RR,0.0,1.0,1.0,100.0
255660,2,walk,walk,13641,,13641.0,20.0,1.0,6.0,2.0,4.7,0.01,0.069,-1.392,39.0,25.9,0.0,18.0,0.0,1.0,10.47,-0.17,-0.93,0.04,-18.12,31.38,-33.63,459.0,TEST2RR,AKR_TEST2RR,0.0,1.0,1.0,100.0
255680,2,walk,walk,13642,,13642.0,20.0,1.0,6.0,2.0,3.87,0.011,0.034,-1.55,39.0,25.9,0.0,18.0,0.0,1.0,12.11,-0.2,-0.93,0.03,-19.81,28.29,-30.17,459.0,TEST2RR,AKR_TEST2RR,0.0,1.0,1.0,100.0
255700,2,walk,walk,13643,,13643.0,20.0,1.0,6.0,2.0,3.07,0.012,0.009,-1.641,39.0,25.9,0.0,18.0,0.0,1.0,13.71,-0.23,-0.92,0.03,-21.25,24.06,-25.9,459.0,TEST2RR,AKR_TEST2RR,0.0,1.0,1.0,100.0
255720,2,walk,walk,13644,,13644.0,20.0,1.0,6.0,2.0,2.31,0.014,0.154,-1.816,39.0,25.9,0.0,18.0,0.0,1.0,15.12,-0.25,-0.92,0.03,-22.37,18.93,-20.83,459.0,TEST2RR,AKR_TEST2RR,0.0,1.0,1.0,100.0
255740,2,walk,walk,13645,,13645.0,20.0,1.0,6.0,2.0,1.6,0.015,0.108,-1.939,39.0,25.9,0.0,18.0,0.0,1.0,16.0,-0.27,-0.93,0.04,-23.18,13.15,-15.11,459.0,TEST2RR,AKR_TEST2RR,0.0,1.0,1.0,100.0
255760,2,walk,walk,13646,,13646.0,20.0,1.0,6.0,2.0,0.94,0.018,0.198,-2.451,39.0,25.86,0.0,18.0,0.0,1.0,15.93,-0.27,-0.95,0.04,-23.38,7.19,-9.24,459.0,TEST2RR,AKR_TEST2RR,0.0,1.0,1.0,100.0
255780,2,walk,walk,13647,,13647.0,20.0,1.0,6.0,2.0,0.35,0.02,0.177,-2.748,39.0,25.83,0.0,18.0,0.0,1.0,14.65,-0.25,-0.97,0.05,-22.76,1.17,-3.83,459.0,TEST2RR,AKR_TEST2RR,0.0,1.0,1.0,100.0
255800,2,walk,walk,13648,,13648.0,20.0,1.0,6.0,2.0,-0.18,0.029,0.433,-3.891,39.0,25.69,0.0,18.0,0.0,1.0,12.26,-0.22,-1.0,0.06,-21.39,-4.65,1.03,459.0,TEST2RR,AKR_TEST2RR,0.0,1.0,1.0,100.0
255820,2,walk,walk,13649,,13649.0,20.0,1.0,6.0,2.0,-0.64,0.03,-0.238,-3.374,39.0,25.72,0.0,18.0,0.0,1.0,9.23,-0.17,-1.03,0.07,-19.55,-9.74,5.46,459.0,TEST2RR,AKR_TEST2RR,0.0,1.0,1.0,100.0
255840,2,walk,walk,13650,,13650.0,20.0,1.0,6.0,2.0,-1.03,0.023,-0.359,-2.58,39.0,25.79,0.0,18.0,0.0,1.0,6.05,-0.11,-1.06,0.08,-17.54,-13.93,9.46,459.0,TEST2RR,AKR_TEST2RR,0.0,1.0,1.0,100.0
255880,2,walk,walk,13651,,13651.0,20.0,1.0,6.0,2.0,-1.34,0.019,-0.324,-2.142,39.0,25.83,0.0,18.0,0.0,1.0,3.05,-0.06,-1.08,0.09,-15.5,-17.11,13.04,459.0,TEST2RR,AKR_TEST2RR,0.0,1.0,1.0,100.0
255880,2,walk,walk,13652,,13652.0,20.0,1.0,6.0,2.0,-1.58,0.015,-0.352,-1.633,39.0,25.9,0.0,18.0,0.0,1.0,0.45,-0.01,-1.1,0.1,-13.41,-19.3,16.29,459.0,TEST2RR,AKR_TEST2RR,0.0,1.0,1.0,100.0
255900,2,walk,walk,13653,,13653.0,20.0,1.0,6.0,2.0,-1.75,0.01,-0.315,-1.074,39.0,25.9,0.0,18.0,0.0,1.0,-1.64,0.03,-1.12,0.1,-11.24,-20.63,19.27,459.0,TEST2RR,AKR_TEST2RR,0.0,1.0,1.0,100.0
255920,2,walk,walk,13654,,13654.0,20.0,1.0,6.0,2.0,-1.85,0.006,-0.221,-0.564,39.0,25.93,0.0,18.0,0.0,1.0,-3.18,0.06,-1.13,0.1,-9.04,-21.3,21.96,459.0,TEST2RR,AKR_TEST2RR,0.0,1.0,1.0,100.0
255940,2,walk,walk,13655,,13655.0,20.0,1.0,6.0,2.0,-1.89,0.004,-0.019,-0.562,39.0,25.93,0.0,18.0,0.0,1.0,-4.23,0.08,-1.13,0.09,-6.86,-21.53,24.37,459.0,TEST2RR,AKR_TEST2RR,0.0,1.0,1.0,100.0
255960,2,walk,walk,13656,,13656.0,20.0,1.0,6.0,2.0,-1.88,0.004,-0.002,-0.588,39.0,25.93,0.0,18.0,0.0,1.0,-4.85,0.1,-1.14,0.08,-4.78,-21.48,26.5,459.0,TEST2RR,AKR_TEST2RR,0.0,1.0,1.0,100.0
255980,2,walk,walk,13657,,13657.0,20.0,1.0,6.0,2.0,-1.81,0.004,-0.001,-0.621,39.0,25.93,0.0,18.0,0.0,1.0,-5.08,0.1,-1.13,0.07,-2.85,-21.2,28.35,459.0,TEST2RR,AKR_TEST2RR,0.0,1.0,1.0,100.0
256060,2,walk,walk,13658,,13658.0,20.0,1.0,6.0,2.0,-1.69,0.005,0.097,-0.615,39.0,25.93,0.0,18.0,0.0,1.0,-4.98,0.1,-1.13,0.06,-1.12,-20.71,29.9,459.0,TEST2RR,AKR_TEST2RR,0.0,1.0,1.0,100.0
256060,2,walk,walk,13659,,13659.0,20.0,1.0,6.0,2.0,-1.53,0.005,0.06,-0.654,39.0,25.93,0.0,18.0,0.0,1.0,-4.6,0.09,-1.13,0.06,0.41,-19.97,31.12,459.0,TEST2RR,AKR_TEST2RR,0.0,1.0,1.0,100.0
256080,2,walk,walk,13660,,13660.0,20.0,1.0,6.0,2.0,-1.33,0.005,0.054,-0.625,39.0,25.93,0.0,18.0,0.0,1.0,-3.97,0.08,-1.12,0.05,1.72,-18.96,31.96,459.0,TEST2RR,AKR_TEST2RR,0.0,1.0,1.0,100.0
256080,2,walk,walk,13661,,13661.0,20.0,1.0,6.0,2.0,-1.09,0.004,-0.036,-0.545,39.0,25.93,0.0,18.0,0.0,1.0,-3.13,0.06,-1.1,0.05,2.8,-17.72,32.35,459.0,TEST2RR,AKR_TEST2RR,0.0,1.0,1.0,100.0
256080,2,walk,walk,13662,,13662.0,20.0,1.0,6.0,2.0,-0.81,0.004,-0.097,-0.465,39.0,25.93,0.0,18.0,0.0,1.0,-2.1,0.04,-1.09,0.05,3.63,-16.3,32.26,459.0,TEST2RR,AKR_TEST2RR,0.0,1.0,1.0,100.0
256100,2,walk,walk,13663,,13663.0,20.0,0.0,6.0,2.0,-0.51,0.003,-0.046,-0.23,39.0,25.93,0.0,17.0,0.0,1.0,-0.92,0.02,-1.08,0.05,4.2,-14.79,31.62,459.0,TEST2RR,AKR_TEST2RR,0.0,1.0,1.0,100.0
256120,2,walk,walk,13664,,13664.0,20.0,1.0,6.0,2.0,-0.17,0.002,-0.127,-0.07,39.0,25.93,0.0,18.0,0.0,1.0,0.38,-0.01,-1.06,0.05,4.5,-13.27,30.43,459.0,TEST2RR,AKR_TEST2RR,0.0,1.0,1.0,100.0
256140,2,walk,walk,13665,,13665.0,20.0,1.0,6.0,2.0,0.19,0.0,-0.093,0.096,39.0,25.93,0.0,18.0,0.0,1.0,1.74,-0.03,-1.04,0.05,4.53,-11.79,28.68,460.0,TEST2RR,AKR_TEST2RR,0.0,1.0,1.0,100.0
256180,2,walk,walk,13666,,13666.0,20.0,1.0,6.0,2.0,0.57,-0.002,-0.08,0.363,39.0,25.93,0.0,18.0,0.0,1.0,3.12,-0.06,-1.02,0.05,4.3,-10.38,26.39,460.0,TEST2RR,AKR_TEST2RR,0.0,1.0,1.0,100.0
256180,2,walk,walk,13667,,13667.0,20.0,1.0,6.0,2.0,0.98,-0.003,-0.045,0.563,39.0,25.93,0.0,18.0,0.0,1.0,4.46,-0.08,-1.01,0.05,3.83,-9.06,23.6,460.0,TEST2RR,AKR_TEST2RR,0.0,1.0,1.0,100.0
256200,2,walk,walk,13668,,13668.0,20.0,1.0,6.0,2.0,1.4,-0.005,-0.12,0.833,39.0,25.93,0.0,18.0,0.0,1.0,5.7,-0.1,-0.99,0.05,3.16,-7.85,20.34,460.0,TEST2RR,AKR_TEST2RR,0.0,1.0,1.0,100.0
256220,2,walk,walk,13669,,13669.0,20.0,1.0,6.0,2.0,1.83,-0.007,-0.17,1.038,39.0,25.93,0.0,18.0,0.0,1.0,6.81,-0.12,-0.98,0.05,2.33,-6.76,16.69,460.0,TEST2RR,AKR_TEST2RR,0.0,1.0,1.0,100.0
256240,2,walk,walk,13670,,13670.0,20.0,1.0,6.0,2.0,2.27,-0.01,-0.214,1.279,39.0,25.93,0.0,18.0,0.0,1.0,7.7,-0.13,-0.97,0.05,1.36,-5.81,12.72,460.0,TEST2RR,AKR_TEST2RR,0.0,1.0,1.0,100.0
256260,2,walk,walk,13671,,13671.0,20.0,1.0,0.0,5.0,2.71,-0.009,0.096,0.947,39.0,25.93,0.0,18.0,0.0,1.0,8.26,-0.14,-0.97,0.05,0.32,-4.96,8.66,460.0,TEST2RR,AKR_TEST2RR,0.0,1.0,1.0,100.0
256280,2,walk,walk,13672,,13672.0,20.0,0.0,0.0,5.0,3.14,-0.009,-0.049,1.039,39.0,25.93,0.0,19.0,0.0,1.0,8.45,-0.14,-0.97,0.05,-0.72,-4.21,5.01,460.0,TEST2RR,AKR_TEST2RR,0.0,1.0,1.0,100.0
256320,2,walk,walk,13673,,13673.0,20.0,0.0,0.0,5.0,3.57,-0.009,-0.049,1.039,39.0,25.93,0.0,39.0,0.0,1.0,8.3,-0.14,-0.97,0.05,-1.7,-3.47,2.18,460.0,TEST2RR,AKR_TEST2RR,0.0,1.0,1.0,100.0
256320,2,walk,walk,13674,,13674.0,20.0,0.0,0.0,5.0,3.98,-0.009,-0.049,1.039,39.0,25.93,0.0,59.0,0.0,1.0,7.9,-0.14,-0.98,0.04,-2.57,-2.82,0.31,460.0,TEST2RR,AKR_TEST2RR,0.0,1.0,1.0,100.0
256340,2,walk,walk,13675,,13675.0,20.0,0.0,0.0,5.0,4.37,-0.047,-5.256,0.0,39.0,26.0,0.0,2.0,0.0,1.0,7.38,-0.13,-0.99,0.04,-3.31,-2.24,-0.6,460.0,TEST2RR,AKR_TEST2RR,0.0,1.0,1.0,100.0
256360,2,walk,walk,13676,,13676.0,20.0,0.0,0.0,5.0,4.74,-0.056,-0.432,0.0,39.0,25.97,0.0,2.0,0.0,1.0,6.83,-0.12,-1.0,0.04,-3.91,-1.71,-0.64,460.0,TEST2RR,AKR_TEST2RR,0.0,1.0,1.0,100.0
256380,2,walk,walk,13677,,13677.0,20.0,0.0,0.0,5.0,5.07,-0.061,-0.348,0.0,39.0,25.97,0.0,2.0,0.0,1.0,6.34,-0.11,-1.01,0.03,-4.38,-1.25,-0.01,460.0,TEST2RR,AKR_TEST2RR,0.0,1.0,1.0,100.0
256400,2,walk,walk,13678,,13678.0,20.0,0.0,0.0,5.0,5.38,-0.067,-0.515,0.0,39.0,25.97,0.0,2.0,0.0,1.0,5.95,-0.11,-1.02,0.03,-4.74,-0.85,1.06,460.0,TEST2RR,AKR_TEST2RR,0.0,1.0,1.0,100.0
256420,2,walk,walk,13679,,13679.0,20.0,0.0,0.0,5.0,5.65,-0.076,-0.685,0.0,39.0,25.97,0.0,2.0,0.0,1.0,5.68,-0.1,-1.02,0.02,-5.03,-0.51,2.41,460.0,TEST2RR,AKR_TEST2RR,0.0,1.0,1.0,100.0
256440,2,walk,walk,13680,,13680.0,20.0,0.0,0.0,5.0,5.89,-0.081,-0.296,0.0,39.0,25.97,0.0,2.0,0.0,1.0,5.53,-0.1,-1.03,0.02,-5.28,-0.2,3.88,460.0,TEST2RR,AKR_TEST2RR,0.0,1.0,1.0,100.0
256460,2,walk,walk,13681,,13681.0,20.0,0.0,0.0,5.0,6.1,-0.086,-0.206,0.0,39.0,25.97,0.0,2.0,0.0,1.0,5.49,-0.1,-1.03,0.02,-5.49,0.07,5.31,460.0,TEST2RR,AKR_TEST2RR,0.0,1.0,1.0,100.0
256500,2,walk,walk,13682,,13682.0,20.0,0.0,0.0,5.0,6.29,-0.088,-0.107,0.0,39.0,25.97,0.0,2.0,0.0,1.0,5.55,-0.1,-1.03,0.01,-5.69,0.31,6.56,460.0,TEST2RR,AKR_TEST2RR,0.0,1.0,1.0,100.0
256500,2,walk,walk,13683,,13683.0,20.0,0.0,0.0,5.0,6.45,-0.091,-0.162,0.0,39.0,25.97,0.0,2.0,0.0,1.0,5.69,-0.1,-1.03,0.01,-5.85,0.51,7.57,460.0,TEST2RR,AKR_TEST2RR,0.0,1.0,1.0,100.0
256520,2,walk,walk,13684,,13684.0,20.0,0.0,0.0,5.0,6.6,-0.096,-0.425,0.0,39.0,25.97,0.0,2.0,0.0,1.0,5.86,-0.11,-1.03,0.01,-5.99,0.68,8.35,460.0,TEST2RR,AKR_TEST2RR,0.0,1.0,1.0,100.0
256540,2,walk,walk,13685,,13685.0,20.0,0.0,0.0,5.0,6.73,-0.102,-0.361,0.0,39.0,25.97,0.0,2.0,0.0,1.0,6.06,-0.11,-1.03,0.0,-6.1,0.83,8.97,460.0,TEST2RR,AKR_TEST2RR,0.0,1.0,1.0,100.0
256560,2,walk,walk,13686,,13686.0,20.0,0.0,0.0,5.0,6.85,-0.106,-0.35,0.0,39.0,25.97,0.0,2.0,0.0,1.0,6.27,-0.11,-1.02,0.0,-6.19,0.96,9.48,460.0,TEST2RR,AKR_TEST2RR,0.0,1.0,1.0,100.0
256600,2,walk,walk,13687,,13687.0,20.0,0.0,0.0,5.0,6.96,-0.11,-0.049,0.0,39.0,25.97,0.0,2.0,0.0,1.0,6.49,-0.12,-1.02,0.0,-6.28,1.06,9.87,460.0,TEST2RR,AKR_TEST2RR,0.0,1.0,1.0,100.0
256600,2,walk,walk,13688,,13688.0,20.0,0.0,0.0,5.0,7.07,-0.112,-0.154,0.0,39.0,25.97,0.0,2.0,0.0,1.0,6.72,-0.12,-1.02,-0.01,-6.37,1.14,10.14,460.0,TEST2RR,AKR_TEST2RR,0.0,1.0,1.0,100.0
256660,2,walk,walk,13689,,13689.0,20.0,0.0,0.0,5.0,7.18,-0.113,0.005,0.0,39.0,25.97,0.0,2.0,0.0,1.0,6.95,-0.12,-1.02,-0.01,-6.48,1.2,10.26,460.0,TEST2RR,AKR_TEST2RR,0.0,1.0,1.0,100.0
256660,2,walk,walk,13690,,13690.0,20.0,0.0,0.0,5.0,7.29,-0.113,0.018,0.0,39.0,25.97,0.0,2.0,0.0,1.0,7.2,-0.13,-1.02,-0.01,-6.59,1.28,10.17,460.0,TEST2RR,AKR_TEST2RR,0.0,1.0,1.0,100.0
256660,2,walk,walk,13691,,13691.0,20.0,0.0,0.0,5.0,7.4,-0.112,-0.017,0.0,39.0,25.97,0.0,2.0,0.0,1.0,7.47,-0.13,-1.02,-0.01,-6.69,1.38,9.81,460.0,TEST2RR,AKR_TEST2RR,0.0,1.0,1.0,100.0
256700,2,walk,walk,13692,,13692.0,20.0,0.0,0.0,5.0,7.52,-0.109,0.332,0.0,39.0,25.97,0.0,2.0,0.0,1.0,7.75,-0.14,-1.02,-0.02,-6.76,1.49,9.13,460.0,TEST2RR,AKR_TEST2RR,0.0,1.0,1.0,100.0
256720,2,walk,walk,13693,,13693.0,20.0,0.0,0.0,5.0,7.64,-0.104,0.481,0.0,39.0,25.97,0.0,2.0,0.0,1.0,8.03,-0.14,-1.02,-0.02,-6.76,1.61,8.08,460.0,TEST2RR,AKR_TEST2RR,0.0,1.0,1.0,100.0
256720,2,walk,walk,13694,,13694.0,20.0,0.0,0.0,5.0,7.76,-0.097,0.421,0.0,38.0,25.97,0.0,2.0,0.0,1.0,8.3,-0.15,-1.01,-0.02,-6.72,1.72,6.66,460.0,TEST2RR,AKR_TEST2RR,0.0,1.0,1.0,100.0
256740,2,walk,walk,13695,,13695.0,20.0,0.0,0.0,5.0,7.89,-0.089,0.539,0.0,38.0,25.97,0.0,2.0,0.0,1.0,8.53,-0.15,-1.01,-0.03,-6.63,1.82,4.89,460.0,TEST2RR,AKR_TEST2RR,0.0,1.0,1.0,100.0
256760,2,walk,walk,13696,,13696.0,20.0,0.0,0.0,0.0,8.02,-0.084,0.17,0.0,38.0,25.97,0.0,2.0,0.0,1.0,8.72,-0.16,-1.01,-0.03,-6.52,1.91,2.89,460.0,TEST2RR,AKR_TEST2RR,0.0,1.0,1.0,100.0
256800,2,walk,walk,13697,,13697.0,20.0,0.0,0.0,0.0,8.15,-0.081,-0.003,0.0,38.0,25.97,0.0,2.0,0.0,1.0,8.85,-0.16,-1.01,-0.03,-6.42,1.99,0.83,460.0,TEST2RR,AKR_TEST2RR,0.0,1.0,1.0,100.0
256800,2,walk,walk,13698,,13698.0,20.0,2.0,0.0,0.0,8.28,-0.082,-0.013,0.0,38.0,25.97,0.0,4.0,0.0,1.0,8.89,-0.16,-1.01,-0.04,-6.3,2.05,-1.07,460.0,TEST2RR,AKR_TEST2RR,0.0,1.0,1.0,100.0
256840,2,walk,walk,13699,,13699.0,20.0,2.0,0.0,0.0,8.4,-0.082,0.009,0.0,38.0,25.97,0.0,4.0,0.0,1.0,8.85,-0.16,-1.01,-0.04,-6.13,2.08,-2.64,460.0,TEST2RR,AKR_TEST2RR,0.0,1.0,1.0,100.0
256840,2,walk,walk,13700,,13700.0,20.0,2.0,0.0,0.0,8.52,-0.083,-0.164,0.0,38.0,25.93,0.0,4.0,0.0,1.0,8.75,-0.16,-1.01,-0.04,-5.84,2.07,-3.77,460.0,TEST2RR,AKR_TEST2RR,0.0,1.0,1.0,100.0
256860,2,walk,walk,13701,,13701.0,20.0,2.0,0.0,0.0,8.62,-0.086,-0.144,0.0,38.0,25.97,0.0,4.0,0.0,1.0,8.58,-0.15,-1.01,-0.05,-5.39,2.0,-4.39,460.0,TEST2RR,AKR_TEST2RR,0.0,1.0,1.0,100.0
256900,2,walk,walk,13702,,13702.0,20.0,2.0,0.0,0.0,8.71,-0.089,-0.143,0.0,38.0,25.97,0.0,4.0,0.0,1.0,8.39,-0.15,-1.01,-0.05,-4.75,1.88,-4.5,460.0,TEST2RR,AKR_TEST2RR,0.0,1.0,1.0,100.0
256900,2,walk,walk,13703,,13703.0,20.0,2.0,0.0,0.0,8.79,-0.094,-0.373,0.0,38.0,25.97,0.0,4.0,0.0,1.0,8.18,-0.15,-1.02,-0.06,-3.91,1.72,-4.12,460.0,TEST2RR,AKR_TEST2RR,0.0,1.0,1.0,100.0
256920,2,walk,walk,13704,,13704.0,20.0,1.0,0.0,0.0,8.85,-0.101,-0.577,0.0,38.0,25.97,0.0,3.0,0.0,1.0,7.97,-0.14,-1.02,-0.06,-2.87,1.54,-3.24,460.0,TEST2RR,AKR_TEST2RR,0.0,1.0,1.0,100.0
256940,2,walk,walk,13705,,13705.0,20.0,1.0,0.0,1.0,8.9,-0.111,-0.746,0.0,38.0,25.97,0.0,3.0,0.0,1.0,7.78,-0.14,-1.02,-0.06,-1.67,1.33,-1.84,460.0,TEST2RR,AKR_TEST2RR,0.0,1.0,1.0,100.0
256960,2,walk,walk,13706,,13706.0,20.0,0.0,0.0,1.0,8.93,-0.127,-1.484,0.0,38.0,25.93,0.0,2.0,0.0,1.0,7.6,-0.14,-1.02,-0.07,-0.34,1.1,0.2,460.0,TEST2RR,AKR_TEST2RR,0.0,1.0,1.0,100.0
256980,2,walk,walk,13707,,13707.0,20.0,0.0,0.0,1.0,8.94,-0.154,-2.231,0.0,38.0,25.97,0.0,2.0,0.0,1.0,7.42,-0.13,-1.02,-0.07,1.09,0.92,3.1,460.0,TEST2RR,AKR_TEST2RR,0.0,1.0,1.0,100.0
257020,2,walk,walk,13708,,13708.0,20.0,0.0,0.0,1.0,8.95,-0.191,-2.463,0.0,38.0,25.97,0.0,2.0,0.0,1.0,7.25,-0.13,-1.03,-0.07,2.6,0.83,7.1,460.0,TEST2RR,AKR_TEST2RR,0.0,1.0,1.0,100.0
257020,2,walk,walk,13709,,13709.0,20.0,0.0,0.0,1.0,8.95,-0.223,-1.671,0.0,38.0,25.97,0.0,2.0,0.0,1.0,7.11,-0.13,-1.03,-0.07,4.21,0.78,12.2,460.0,TEST2RR,AKR_TEST2RR,0.0,1.0,1.0,100.0
257040,2,walk,walk,13710,,13710.0,20.0,0.0,0.0,1.0,8.95,-0.244,-0.98,0.0,38.0,25.97,0.0,2.0,0.0,1.0,7.07,-0.13,-1.03,-0.07,5.94,0.66,18.02,460.0,TEST2RR,AKR_TEST2RR,0.0,1.0,1.0,100.0
257080,2,walk,walk,13711,,13711.0,20.0,0.0,0.0,1.0,8.96,-0.253,-0.361,0.0,38.0,25.97,0.0,2.0,0.0,1.0,7.21,-0.13,-1.03,-0.07,7.82,0.4,23.94,460.0,TEST2RR,AKR_TEST2RR,0.0,1.0,1.0,100.0
257100,2,walk,walk,13712,,13712.0,20.0,0.0,0.0,1.0,8.98,-0.258,-0.025,0.0,38.0,25.97,0.0,2.0,0.0,1.0,7.56,-0.14,-1.03,-0.07,9.87,-0.01,29.32,461.0,TEST2RR,AKR_TEST2RR,0.0,1.0,1.0,100.0
257120,2,walk,walk,13713,,13713.0,20.0,0.0,0.0,1.0,9.02,-0.258,0.044,0.0,38.0,25.97,0.0,2.0,0.0,1.0,8.14,-0.15,-1.03,-0.07,12.03,-0.55,33.64,461.0,TEST2RR,AKR_TEST2RR,0.0,1.0,1.0,100.0
257140,2,walk,walk,13714,,13714.0,20.0,0.0,0.0,1.0,9.09,-0.256,0.28,0.0,38.0,25.97,0.0,2.0,0.0,1.0,8.91,-0.16,-1.03,-0.07,14.22,-1.19,36.57,461.0,TEST2RR,AKR_TEST2RR,0.0,1.0,1.0,100.0
257140,2,walk,walk,13715,,13715.0,20.0,0.0,0.0,1.0,9.2,-0.248,0.863,0.0,38.0,25.97,0.0,2.0,0.0,1.0,9.84,-0.18,-1.02,-0.07,16.31,-1.85,37.87,461.0,TEST2RR,AKR_TEST2RR,0.0,1.0,1.0,100.0
257180,2,walk,walk,13716,,13716.0,20.0,0.0,0.0,1.0,9.34,-0.234,0.816,0.0,38.0,25.97,0.0,2.0,0.0,1.0,10.89,-0.2,-1.01,-0.06,18.17,-2.5,37.43,461.0,TEST2RR,AKR_TEST2RR,0.0,1.0,1.0,100.0
257180,2,walk,walk,13717,,13717.0,20.0,0.0,0.0,1.0,9.54,-0.226,0.292,0.0,38.0,25.97,0.0,2.0,0.0,1.0,12.01,-0.21,-1.01,-0.05,19.68,-3.04,35.41,461.0,TEST2RR,AKR_TEST2RR,0.0,1.0,1.0,100.0
257200,2,walk,walk,13718,,13718.0,20.0,0.0,0.0,1.0,9.78,-0.218,0.633,0.0,38.0,25.93,0.0,2.0,0.0,1.0,13.1,-0.23,-1.0,-0.04,20.75,-3.43,32.1,461.0,TEST2RR,AKR_TEST2RR,0.0,1.0,1.0,100.0
257220,2,walk,walk,13719,,13719.0,20.0,0.0,0.0,1.0,10.06,-0.215,-0.003,0.0,38.0,25.97,0.0,2.0,0.0,1.0,14.09,-0.25,-0.99,-0.03,21.3,-3.63,28.0,461.0,TEST2RR,AKR_TEST2RR,0.0,1.0,1.0,100.0
257240,2,walk,walk,13720,,13720.0,20.0,0.0,0.0,1.0,10.4,-0.216,-0.044,0.0,38.0,25.97,0.0,2.0,0.0,1.0,14.9,-0.26,-0.98,-0.02,21.29,-3.65,23.67,461.0,TEST2RR,AKR_TEST2RR,0.0,1.0,1.0,100.0
257260,2,walk,walk,13721,,13721.0,20.0,0.0,0.0,1.0,10.76,-0.219,-0.357,0.0,38.0,25.97,0.0,2.0,0.0,1.0,15.47,-0.27,-0.97,0.0,20.76,-3.51,19.63,461.0,TEST2RR,AKR_TEST2RR,0.0,1.0,1.0,100.0
257300,2,walk,walk,13722,,13722.0,20.0,0.0,0.0,1.0,11.16,-0.227,-0.634,0.0,38.0,25.97,0.0,2.0,0.0,1.0,15.84,-0.27,-0.97,0.01,19.81,-3.26,16.28,461.0,TEST2RR,AKR_TEST2RR,0.0,1.0,1.0,100.0
257320,2,walk,walk,13723,,13723.0,20.0,0.0,0.0,1.0,11.58,-0.236,-0.389,0.0,38.0,25.97,0.0,2.0,0.0,1.0,16.02,-0.28,-0.97,0.02,18.58,-2.97,13.84,461.0,TEST2RR,AKR_TEST2RR,0.0,1.0,1.0,100.0
257360,2,walk,walk,13724,,13724.0,20.0,0.0,0.0,1.0,12.02,-0.239,-0.046,0.0,38.0,25.93,0.0,2.0,0.0,1.0,16.04,-0.28,-0.97,0.03,17.2,-2.67,12.31,461.0,TEST2RR,AKR_TEST2RR,0.0,1.0,1.0,100.0
257360,2,walk,walk,13725,,13725.0,20.0,0.0,6.0,2.0,12.46,-0.238,-0.002,0.0,38.0,25.97,0.0,2.0,0.0,1.0,15.95,-0.28,-0.97,0.04,15.81,-2.34,11.6,461.0,TEST2RR,AKR_TEST2RR,0.0,1.0,1.0,100.0
257360,2,walk,walk,13726,,13726.0,20.0,0.0,6.0,2.0,12.89,-0.237,0.268,-0.038,38.0,25.9,0.0,18.0,0.0,1.0,15.75,-0.28,-0.98,0.04,14.59,-2.05,10.73,461.0,TEST2RR,AKR_TEST2RR,0.0,1.0,1.0,100.0
257380,2,walk,walk,13727,,13727.0,20.0,0.0,6.0,2.0,13.32,-0.161,5.979,3.145,38.0,25.44,0.0,18.0,0.0,1.0,15.52,-0.28,-0.99,0.05,13.63,-1.92,9.01,461.0,TEST2RR,AKR_TEST2RR,0.0,1.0,1.0,100.0
257400,2,walk,walk,13728,,13728.0,20.0,0.0,6.0,2.0,13.74,-0.089,3.611,3.321,38.0,25.54,0.0,18.0,0.0,1.0,15.27,-0.27,-1.01,0.05,12.92,-1.98,6.55,461.0,TEST2RR,AKR_TEST2RR,0.0,1.0,1.0,100.0
257420,2,walk,walk,13729,,13729.0,20.0,0.0,6.0,2.0,14.14,-0.056,1.361,3.659,38.0,25.62,0.0,18.0,0.0,1.0,15.03,-0.27,-1.02,0.05,12.43,-2.14,3.78,461.0,TEST2RR,AKR_TEST2RR,0.0,1.0,1.0,100.0
257460,2,walk,walk,13730,,13730.0,20.0,1.0,6.0,2.0,14.51,-0.042,0.777,3.67,38.0,25.65,0.0,19.0,0.0,1.0,14.9,-0.27,-1.03,0.06,12.08,-2.3,1.08,461.0,TEST2RR,AKR_TEST2RR,0.0,1.0,1.0,100.0
257460,2,walk,walk,13731,,13731.0,20.0,0.0,6.0,2.0,14.86,-0.032,0.571,3.089,38.0,25.72,0.0,18.0,0.0,1.0,14.92,-0.27,-1.03,0.06,11.78,-2.39,-1.34,461.0,TEST2RR,AKR_TEST2RR,0.0,1.0,1.0,100.0
257500,2,walk,walk,13732,,13732.0,20.0,1.0,6.0,2.0,15.18,-0.026,0.346,2.637,38.0,25.79,0.0,19.0,0.0,1.0,15.15,-0.28,-1.03,0.06,11.39,-2.39,-3.42,461.0,TEST2RR,AKR_TEST2RR,0.0,1.0,1.0,100.0
257500,2,walk,walk,13733,,13733.0,20.0,1.0,6.0,2.0,15.46,-0.023,0.001,2.707,38.0,25.79,0.0,19.0,0.0,1.0,15.59,-0.28,-1.02,0.07,10.8,-2.31,-5.22,461.0,TEST2RR,AKR_TEST2RR,0.0,1.0,1.0,100.0
257520,2,walk,walk,13734,,13734.0,20.0,1.0,6.0,2.0,15.71,-0.023,-0.117,2.929,38.0,25.79,0.0,19.0,0.0,1.0,16.24,-0.29,-1.0,0.07,9.92,-2.22,-6.85,461.0,TEST2RR,AKR_TEST2RR,0.0,1.0,1.0,100.0
257540,2,walk,walk,13735,,13735.0,20.0,1.0,6.0,2.0,15.92,-0.025,-0.134,3.142,38.0,25.76,0.0,19.0,0.0,1.0,17.03,-0.3,-0.98,0.08,8.74,-2.18,-8.44,461.0,TEST2RR,AKR_TEST2RR,0.0,1.0,1.0,100.0
257560,2,walk,walk,13736,,13736.0,20.0,1.0,6.0,2.0,16.1,-0.028,-0.234,3.437,38.0,25.72,0.0,19.0,0.0,1.0,17.85,-0.31,-0.96,0.09,7.29,-2.22,-10.09,461.0,TEST2RR,AKR_TEST2RR,0.0,1.0,1.0,100.0
257580,2,walk,walk,13737,,13737.0,20.0,1.0,6.0,2.0,16.24,-0.03,-0.16,3.797,38.0,25.69,0.0,19.0,0.0,1.0,18.58,-0.32,-0.94,0.09,5.64,-2.38,-11.82,461.0,TEST2RR,AKR_TEST2RR,0.0,1.0,1.0,100.0
257640,2,walk,walk,13738,,13738.0,20.0,1.0,6.0,2.0,16.34,-0.033,-0.156,4.092,38.0,25.62,0.0,19.0,0.0,1.0,19.08,-0.32,-0.92,0.09,3.9,-2.65,-13.62,461.0,TEST2RR,AKR_TEST2RR,0.0,1.0,1.0,100.0
257640,2,walk,walk,13739,,13739.0,20.0,1.0,6.0,2.0,16.41,-0.035,-0.167,4.253,38.0,25.62,0.0,19.0,0.0,1.0,19.25,-0.32,-0.92,0.09,2.2,-2.97,-15.42,461.0,TEST2RR,AKR_TEST2RR,0.0,1.0,1.0,100.0
257640,2,walk,walk,13740,,13740.0,20.0,1.0,6.0,2.0,16.45,-0.036,-0.04,4.307,38.0,25.58,0.0,19.0,0.0,1.0,19.02,-0.32,-0.91,0.09,0.7,-3.28,-17.06,461.0,TEST2RR,AKR_TEST2RR,0.0,1.0,1.0,100.0
257660,2,walk,walk,13741,,13741.0,20.0,1.0,6.0,2.0,16.45,-0.036,0.015,4.281,38.0,25.58,0.0,19.0,0.0,1.0,18.43,-0.31,-0.92,0.09,-0.49,-3.52,-18.4,461.0,TEST2RR,AKR_TEST2RR,0.0,1.0,1.0,100.0
257680,2,walk,walk,13742,,13742.0,20.0,1.0,6.0,2.0,16.42,-0.035,0.01,4.168,38.0,25.62,0.0,19.0,0.0,1.0,17.55,-0.29,-0.93,0.09,-1.28,-3.65,-19.3,461.0,TEST2RR,AKR_TEST2RR,0.0,1.0,1.0,100.0
257700,2,walk,walk,13743,,13743.0,20.0,1.0,6.0,2.0,16.36,-0.034,0.122,3.978,38.0,25.62,0.0,19.0,0.0,1.0,16.49,-0.28,-0.95,0.08,-1.66,-3.68,-19.67,461.0,TEST2RR,AKR_TEST2RR,0.0,1.0,1.0,100.0
257720,2,walk,walk,13744,,13744.0,20.0,1.0,6.0,2.0,16.28,-0.032,0.087,3.782,38.0,25.65,0.0,19.0,0.0,1.0,15.34,-0.26,-0.96,0.08,-1.68,-3.65,-19.45,461.0,TEST2RR,AKR_TEST2RR,0.0,1.0,1.0,100.0
257740,2,walk,walk,13745,,13745.0,20.0,1.0,6.0,2.0,16.16,-0.031,0.113,3.613,38.0,25.69,0.0,19.0,0.0,1.0,14.2,-0.25,-0.98,0.07,-1.4,-3.56,-18.64,461.0,TEST2RR,AKR_TEST2RR,0.0,1.0,1.0,100.0
257760,2,walk,walk,13746,,13746.0,20.0,1.0,6.0,2.0,16.02,-0.03,0.006,3.571,38.0,25.69,0.0,19.0,0.0,1.0,13.14,-0.23,-1.0,0.07,-0.91,-3.44,-17.24,461.0,TEST2RR,AKR_TEST2RR,0.0,1.0,1.0,100.0
257800,2,walk,walk,13747,,13747.0,20.0,1.0,6.0,2.0,15.85,-0.029,0.079,3.441,38.0,25.69,0.0,19.0,0.0,1.0,12.22,-0.22,-1.01,0.07,-0.3,-3.27,-15.35,461.0,TEST2RR,AKR_TEST2RR,0.0,1.0,1.0,100.0
257800,2,walk,walk,13748,,13748.0,20.0,1.0,6.0,2.0,15.66,-0.028,0.077,3.266,38.0,25.72,0.0,19.0,0.0,1.0,11.49,-0.21,-1.02,0.07,0.35,-3.09,-13.09,461.0,TEST2RR,AKR_TEST2RR,0.0,1.0,1.0,100.0
257820,2,walk,walk,13749,,13749.0,20.0,1.0,6.0,2.0,15.44,-0.027,0.142,3.062,38.0,25.76,0.0,19.0,0.0,1.0,10.97,-0.2,-1.03,0.07,0.93,-2.93,-10.66,461.0,TEST2RR,AKR_TEST2RR,0.0,1.0,1.0,100.0
257880,2,walk,walk,13750,,13750.0,20.0,1.0,6.0,2.0,15.21,-0.025,0.128,2.897,38.0,25.76,0.0,19.0,0.0,1.0,10.68,-0.19,-1.03,0.07,1.38,-2.77,-8.27,461.0,TEST2RR,AKR_TEST2RR,0.0,1.0,1.0,100.0
257880,2,walk,walk,13751,,13751.0,20.0,1.0,6.0,2.0,14.97,-0.023,0.097,2.789,38.0,25.79,0.0,19.0,0.0,1.0,10.61,-0.19,-1.03,0.08,1.67,-2.6,-6.12,461.0,TEST2RR,AKR_TEST2RR,0.0,1.0,1.0,100.0
257880,2,walk,walk,13752,,13752.0,20.0,1.0,6.0,2.0,14.72,-0.023,0.108,2.759,38.0,25.79,0.0,19.0,0.0,1.0,10.76,-0.19,-1.02,0.08,1.76,-2.45,-4.41,461.0,TEST2RR,AKR_TEST2RR,0.0,1.0,1.0,100.0
257920,2,walk,walk,13753,,13753.0,20.0,1.0,6.0,2.0,14.47,-0.023,0.01,2.835,38.0,25.76,0.0,19.0,0.0,1.0,11.07,-0.2,-1.01,0.08,1.67,-2.34,-3.26,461.0,TEST2RR,AKR_TEST2RR,0.0,1.0,1.0,100.0
257940,2,walk,walk,13754,,13754.0,20.0,1.0,6.0,2.0,14.22,-0.024,-0.006,2.85,38.0,25.79,0.0,19.0,0.0,1.0,11.5,-0.2,-1.0,0.08,1.44,-2.28,-2.73,461.0,TEST2RR,AKR_TEST2RR,0.0,1.0,1.0,100.0
257960,2,walk,walk,13755,,13755.0,20.0,1.0,6.0,2.0,13.97,-0.025,-0.023,2.975,38.0,25.76,0.0,19.0,0.0,1.0,11.98,-0.21,-1.0,0.09,1.11,-2.3,-2.82,461.0,TEST2RR,AKR_TEST2RR,0.0,1.0,1.0,100.0
257980,2,walk,walk,13756,,13756.0,20.0,0.0,6.0,2.0,13.74,-0.025,-0.041,3.068,38.0,25.76,0.0,18.0,0.0,1.0,12.46,-0.22,-0.99,0.08,0.73,-2.47,-3.47,461.0,TEST2RR,AKR_TEST2RR,0.0,1.0,1.0,100.0
258000,2,walk,walk,13757,,13757.0,20.0,1.0,6.0,2.0,13.51,-0.026,0.011,3.135,38.0,25.76,0.0,19.0,0.0,1.0,12.87,-0.22,-0.98,0.08,0.33,-2.9,-4.57,461.0,TEST2RR,AKR_TEST2RR,0.0,1.0,1.0,100.0
258020,2,walk,walk,13758,,13758.0,20.0,1.0,6.0,2.0,13.3,-0.026,-0.083,3.215,38.0,25.76,0.0,19.0,0.0,1.0,13.21,-0.23,-0.98,0.07,-0.09,-3.75,-5.95,461.0,TEST2RR,AKR_TEST2RR,0.0,1.0,1.0,100.0
258040,2,walk,walk,13759,,13759.0,20.0,1.0,6.0,2.0,13.11,-0.027,0.037,3.201,38.0,25.72,0.0,19.0,0.0,1.0,13.44,-0.23,-0.97,0.06,-0.54,-5.24,-7.43,461.0,TEST2RR,AKR_TEST2RR,0.0,1.0,1.0,100.0
258040,2,walk,walk,13760,,13760.0,20.0,1.0,6.0,2.0,12.92,-0.027,-0.026,3.291,38.0,25.72,0.0,19.0,0.0,1.0,13.54,-0.23,-0.98,0.05,-1.05,-7.53,-8.83,461.0,TEST2RR,AKR_TEST2RR,0.0,1.0,1.0,100.0
258060,2,walk,walk,13761,,13761.0,20.0,1.0,6.0,2.0,12.75,-0.028,-0.117,3.333,38.0,25.72,0.0,19.0,0.0,1.0,13.46,-0.23,-0.98,0.04,-1.64,-10.73,-9.98,461.0,TEST2RR,AKR_TEST2RR,0.0,1.0,1.0,100.0
258080,2,walk,walk,13762,,13762.0,20.0,1.0,6.0,2.0,12.59,-0.028,-0.073,3.468,38.0,25.72,0.0,19.0,0.0,1.0,13.16,-0.23,-0.99,0.03,-2.26,-14.75,-10.69,462.0,TEST2RR,AKR_TEST2RR,0.0,1.0,1.0,100.0
258120,2,walk,walk,13763,,13763.0,20.0,1.0,6.0,2.0,12.44,-0.029,-0.006,3.498,38.0,25.72,0.0,19.0,0.0,1.0,12.63,-0.22,-1.0,0.02,-2.87,-19.37,-10.84,462.0,TEST2RR,AKR_TEST2RR,0.0,1.0,1.0,100.0
258140,2,walk,walk,13764,,13764.0,20.0,1.0,6.0,2.0,12.29,-0.029,0.096,3.475,38.0,25.72,0.0,19.0,0.0,1.0,11.88,-0.21,-1.01,0.01,-3.41,-24.25,-10.34,462.0,TEST2RR,AKR_TEST2RR,0.0,1.0,1.0,100.0
258160,2,walk,walk,13765,,13765.0,20.0,1.0,6.0,2.0,12.14,-0.028,0.07,3.417,38.0,25.69,0.0,19.0,0.0,1.0,10.99,-0.2,-1.02,0.01,-3.84,-29.03,-9.21,462.0,TEST2RR,AKR_TEST2RR,0.0,1.0,1.0,100.0
258160,2,walk,walk,13766,,13766.0,20.0,1.0,6.0,2.0,12.0,-0.028,0.096,3.264,38.0,25.72,0.0,19.0,0.0,1.0,10.06,-0.18,-1.03,0.02,-4.16,-33.32,-7.58,462.0,TEST2RR,AKR_TEST2RR,0.0,1.0,1.0,100.0
258180,2,walk,walk,13767,,13767.0,20.0,1.0,6.0,2.0,11.86,-0.027,0.001,3.11,38.0,25.76,0.0,19.0,0.0,1.0,9.19,-0.17,-1.03,0.03,-4.39,-36.74,-5.72,462.0,TEST2RR,AKR_TEST2RR,0.0,1.0,1.0,100.0
258200,2,walk,walk,13768,,13768.0,20.0,1.0,6.0,2.0,11.71,-0.025,0.15,3.029,38.0,25.76,0.0,19.0,0.0,1.0,8.45,-0.15,-1.03,0.04,-4.56,-38.97,-3.92,462.0,TEST2RR,AKR_TEST2RR,0.0,1.0,1.0,100.0
258300,2,walk,walk,13769,,13769.0,20.0,1.0,6.0,2.0,11.57,-0.025,-0.06,2.99,38.0,25.76,0.0,19.0,0.0,1.0,7.91,-0.14,-1.03,0.06,-4.72,-39.77,-2.43,462.0,TEST2RR,AKR_TEST2RR,0.0,1.0,1.0,100.0
258340,2,walk,walk,13770,,13770.0,20.0,1.0,6.0,2.0,11.42,-0.025,-0.111,3.059,38.0,25.76,0.0,19.0,0.0,1.0,7.57,-0.14,-1.02,0.08,-4.86,-39.12,-1.45,462.0,TEST2RR,AKR_TEST2RR,0.0,1.0,1.0,100.0
258340,2,walk,walk,13771,,13771.0,20.0,1.0,6.0,2.0,11.28,-0.026,-0.08,3.149,38.0,25.76,0.0,19.0,0.0,1.0,7.43,-0.13,-1.02,0.1,-4.99,-37.21,-1.08,462.0,TEST2RR,AKR_TEST2RR,0.0,1.0,1.0,100.0
258340,2,walk,walk,13772,,13772.0,20.0,1.0,6.0,2.0,11.14,-0.027,-0.03,3.237,38.0,25.72,0.0,19.0,0.0,1.0,7.42,-0.13,-1.01,0.11,-5.08,-34.4,-1.3,462.0,TEST2RR,AKR_TEST2RR,0.0,1.0,1.0,100.0
258340,2,walk,walk,13773,,13773.0,20.0,1.0,6.0,2.0,11.01,-0.027,0.01,3.181,38.0,25.76,0.0,19.0,0.0,1.0,7.45,-0.13,-1.0,0.12,-5.05,-31.06,-1.99,462.0,TEST2RR,AKR_TEST2RR,0.0,1.0,1.0,100.0
258340,2,walk,walk,13774,,13774.0,20.0,1.0,6.0,2.0,10.87,-0.027,0.01,3.175,38.0,25.72,0.0,19.0,0.0,1.0,7.44,-0.13,-1.0,0.12,-4.85,-27.5,-2.92,462.0,TEST2RR,AKR_TEST2RR,0.0,1.0,1.0,100.0
258360,2,walk,walk,13775,,13775.0,20.0,1.0,6.0,2.0,10.75,-0.026,-0.038,3.165,38.0,25.76,0.0,19.0,0.0,1.0,7.35,-0.13,-1.0,0.12,-4.44,-23.94,-3.84,462.0,TEST2RR,AKR_TEST2RR,0.0,1.0,1.0,100.0
258360,2,walk,walk,13776,,13776.0,20.0,1.0,6.0,2.0,10.62,-0.027,0.072,3.175,38.0,25.76,0.0,19.0,0.0,1.0,7.19,-0.13,-1.01,0.12,-3.87,-20.52,-4.55,462.0,TEST2RR,AKR_TEST2RR,0.0,1.0,1.0,100.0
258400,2,walk,walk,13777,,13777.0,20.0,1.0,6.0,2.0,10.5,-0.026,-0.025,3.123,38.0,25.72,0.0,19.0,0.0,1.0,7.0,-0.12,-1.01,0.11,-3.18,-17.35,-4.94,462.0,TEST2RR,AKR_TEST2RR,0.0,1.0,1.0,100.0
258400,2,walk,walk,13778,,13778.0,20.0,1.0,6.0,2.0,10.38,-0.026,0.042,3.102,38.0,25.76,0.0,19.0,0.0,1.0,6.81,-0.12,-1.02,0.11,-2.43,-14.48,-4.99,462.0,TEST2RR,AKR_TEST2RR,0.0,1.0,1.0,100.0
258420,2,walk,walk,13779,,13779.0,20.0,1.0,6.0,2.0,10.26,-0.025,-0.006,3.016,38.0,25.76,0.0,19.0,0.0,1.0,6.64,-0.12,-1.02,0.1,-1.63,-11.94,-4.73,462.0,TEST2RR,AKR_TEST2RR,0.0,1.0,1.0,100.0
258460,2,walk,walk,13780,,13780.0,20.0,1.0,6.0,2.0,10.14,-0.025,-0.014,2.979,38.0,25.76,0.0,19.0,0.0,1.0,6.53,-0.12,-1.03,0.09,-0.83,-9.7,-4.24,462.0,TEST2RR,AKR_TEST2RR,0.0,1.0,1.0,100.0
258460,2,walk,walk,13781,,13781.0,20.0,1.0,6.0,2.0,10.03,-0.024,-0.006,2.867,38.0,25.76,0.0,19.0,0.0,1.0,6.48,-0.12,-1.03,0.09,-0.03,-7.74,-3.62,462.0,TEST2RR,AKR_TEST2RR,0.0,1.0,1.0,100.0
258520,2,walk,walk,13782,,13782.0,20.0,1.0,6.0,2.0,9.91,-0.023,0.013,2.848,38.0,25.79,0.0,19.0,0.0,1.0,6.53,-0.12,-1.03,0.09,0.73,-6.03,-2.96,462.0,TEST2RR,AKR_TEST2RR,0.0,1.0,1.0,100.0
258520,2,walk,walk,13783,,13783.0,20.0,1.0,6.0,2.0,9.79,-0.023,0.085,2.797,38.0,25.79,0.0,19.0,0.0,1.0,6.66,-0.12,-1.03,0.08,1.42,-4.54,-2.39,462.0,TEST2RR,AKR_TEST2RR,0.0,1.0,1.0,100.0
258520,2,walk,walk,13784,,13784.0,20.0,1.0,6.0,2.0,9.67,-0.023,-0.01,2.818,38.0,25.79,0.0,19.0,0.0,1.0,6.88,-0.12,-1.03,0.08,2.0,-3.29,-2.02,462.0,TEST2RR,AKR_TEST2RR,0.0,1.0,1.0,100.0
258540,2,walk,walk,13785,,13785.0,20.0,1.0,6.0,2.0,9.55,-0.023,-0.052,2.811,38.0,25.79,0.0,19.0,0.0,1.0,7.16,-0.13,-1.02,0.08,2.43,-2.24,-1.93,462.0,TEST2RR,AKR_TEST2RR,0.0,1.0,1.0,100.0
258560,2,walk,walk,13786,,13786.0,20.0,1.0,6.0,2.0,9.43,-0.023,-0.029,2.622,38.0,25.79,0.0,19.0,0.0,1.0,7.43,-0.13,-1.02,0.08,2.67,-1.37,-2.17,462.0,TEST2RR,AKR_TEST2RR,0.0,1.0,1.0,100.0
258580,2,walk,walk,13787,,13787.0,20.0,1.0,6.0,2.0,9.32,-0.022,0.021,2.566,38.0,25.79,0.0,19.0,0.0,1.0,7.65,-0.14,-1.01,0.08,2.71,-0.64,-2.69,462.0,TEST2RR,AKR_TEST2RR,0.0,1.0,1.0,100.0
258600,2,walk,walk,13788,,13788.0,20.0,1.0,6.0,2.0,9.2,-0.021,0.143,2.443,38.0,25.83,0.0,19.0,0.0,1.0,7.78,-0.14,-1.01,0.08,2.53,-0.01,-3.37,462.0,TEST2RR,AKR_TEST2RR,0.0,1.0,1.0,100.0
258620,2,walk,walk,13789,,13789.0,20.0,1.0,6.0,2.0,9.1,-0.019,0.084,2.199,38.0,25.83,0.0,19.0,0.0,1.0,7.8,-0.14,-1.01,0.09,2.14,0.53,-4.12,462.0,TEST2RR,AKR_TEST2RR,0.0,1.0,1.0,100.0
258640,2,walk,walk,13790,,13790.0,20.0,1.0,6.0,2.0,8.99,-0.018,0.046,2.102,38.0,25.83,0.0,19.0,0.0,1.0,7.74,-0.14,-1.01,0.09,1.57,0.97,-4.83,462.0,TEST2RR,AKR_TEST2RR,0.0,1.0,1.0,100.0
258680,2,walk,walk,13791,,13791.0,20.0,1.0,6.0,2.0,8.89,-0.017,0.046,1.986,38.0,25.86,0.0,19.0,0.0,1.0,7.61,-0.13,-1.01,0.09,0.88,1.32,-5.42,462.0,TEST2RR,AKR_TEST2RR,0.0,1.0,1.0,100.0
258700,2,walk,walk,13792,,13792.0,20.0,1.0,6.0,2.0,8.79,-0.016,0.045,1.931,38.0,25.86,0.0,19.0,0.0,1.0,7.42,-0.13,-1.01,0.09,0.16,1.57,-5.84,462.0,TEST2RR,AKR_TEST2RR,0.0,1.0,1.0,100.0
258700,2,walk,walk,13793,,13793.0,20.0,1.0,6.0,2.0,8.69,-0.016,-0.044,1.927,38.0,25.86,0.0,19.0,0.0,1.0,7.2,-0.13,-1.01,0.08,-0.53,1.74,-6.04,462.0,TEST2RR,AKR_TEST2RR,0.0,1.0,1.0,100.0
258720,2,walk,walk,13794,,13794.0,20.0,1.0,6.0,2.0,8.6,-0.016,-0.023,1.947,38.0,25.86,0.0,19.0,0.0,1.0,6.97,-0.12,-1.02,0.08,-1.11,1.82,-6.01,462.0,TEST2RR,AKR_TEST2RR,0.0,1.0,1.0,100.0
258760,2,walk,walk,13795,,13795.0,20.0,1.0,6.0,2.0,8.5,-0.016,-0.07,1.953,38.0,25.86,0.0,19.0,0.0,1.0,6.73,-0.12,-1.02,0.08,-1.52,1.83,-5.73,462.0,TEST2RR,AKR_TEST2RR,0.0,1.0,1.0,100.0
258760,2,walk,walk,13796,,13796.0,20.0,1.0,6.0,2.0,8.4,-0.017,0.08,2.006,38.0,25.86,0.0,19.0,0.0,1.0,6.51,-0.12,-1.02,0.08,-1.74,1.76,-5.24,462.0,TEST2RR,AKR_TEST2RR,0.0,1.0,1.0,100.0
258780,2,walk,walk,13797,,13797.0,20.0,1.0,6.0,2.0,8.3,-0.017,-0.064,2.027,38.0,25.86,0.0,19.0,0.0,1.0,6.3,-0.11,-1.02,0.07,-1.77,1.63,-4.54,462.0,TEST2RR,AKR_TEST2RR,0.0,1.0,1.0,100.0
258820,2,walk,walk,13798,,13798.0,20.0,1.0,6.0,2.0,8.2,-0.017,-0.044,2.095,38.0,25.86,0.0,19.0,0.0,1.0,6.12,-0.11,-1.03,0.07,-1.62,1.46,-3.69,462.0,TEST2RR,AKR_TEST2RR,0.0,1.0,1.0,100.0
258840,2,walk,walk,13799,,13799.0,20.0,1.0,6.0,2.0,8.09,-0.018,-0.117,2.114,38.0,25.86,0.0,19.0,0.0,1.0,5.97,-0.11,-1.03,0.07,-1.33,1.27,-2.72,462.0,TEST2RR,AKR_TEST2RR,0.0,1.0,1.0,100.0
258860,2,walk,walk,13800,,13800.0,20.0,1.0,6.0,2.0,7.99,-0.018,-0.002,2.116,38.0,25.86,0.0,19.0,0.0,1.0,5.84,-0.11,-1.03,0.06,-0.93,1.07,-1.66,462.0,TEST2RR,AKR_TEST2RR,0.0,1.0,1.0,100.0
258860,2,walk,walk,13801,,13801.0,20.0,1.0,6.0,2.0,7.88,-0.018,0.014,2.108,38.0,25.86,0.0,19.0,0.0,1.0,5.74,-0.1,-1.03,0.06,-0.46,0.89,-0.56,462.0,TEST2RR,AKR_TEST2RR,0.0,1.0,1.0,100.0
258880,2,walk,walk,13802,,13802.0,20.0,1.0,6.0,2.0,7.78,-0.017,0.112,2.087,38.0,25.86,0.0,19.0,0.0,1.0,5.67,-0.1,-1.03,0.06,0.09,0.75,0.58,462.0,TEST2RR,AKR_TEST2RR,0.0,1.0,1.0,100.0
258940,2,walk,walk,13803,,13803.0,20.0,1.0,6.0,2.0,7.68,-0.017,0.032,2.084,38.0,25.86,0.0,19.0,0.0,1.0,5.62,-0.1,-1.03,0.06,0.69,0.64,1.73,462.0,TEST2RR,AKR_TEST2RR,0.0,1.0,1.0,100.0
258960,2,walk,walk,13804,,13804.0,20.0,1.0,6.0,2.0,7.59,-0.017,0.017,2.069,38.0,25.86,0.0,19.0,0.0,1.0,5.59,-0.1,-1.03,0.06,1.34,0.58,2.9,462.0,TEST2RR,AKR_TEST2RR,0.0,1.0,1.0,100.0
258980,2,walk,walk,13805,,13805.0,20.0,1.0,6.0,2.0,7.5,-0.017,0.029,2.07,38.0,25.86,0.0,19.0,0.0,1.0,5.59,-0.1,-1.04,0.06,2.04,0.57,4.09,462.0,TEST2RR,AKR_TEST2RR,0.0,1.0,1.0,100.0
258980,2,walk,walk,13806,,13806.0,20.0,1.0,6.0,2.0,7.42,-0.017,-0.006,2.035,38.0,25.86,0.0,19.0,0.0,1.0,5.61,-0.1,-1.04,0.06,2.8,0.58,5.28,462.0,TEST2RR,AKR_TEST2RR,0.0,1.0,1.0,100.0
259020,2,walk,walk,13807,,13807.0,20.0,1.0,6.0,2.0,7.35,-0.017,0.053,1.994,38.0,25.86,0.0,19.0,0.0,1.0,5.66,-0.1,-1.04,0.06,3.6,0.61,6.5,462.0,TEST2RR,AKR_TEST2RR,0.0,1.0,1.0,100.0
259020,2,walk,walk,13808,,13808.0,20.0,1.0,6.0,2.0,7.29,-0.017,0.022,1.986,38.0,25.86,0.0,19.0,0.0,1.0,5.73,-0.1,-1.04,0.06,4.46,0.64,7.74,462.0,TEST2RR,AKR_TEST2RR,0.0,1.0,1.0,100.0
259040,2,walk,walk,13809,,13809.0,20.0,1.0,6.0,2.0,7.25,-0.017,-0.002,1.979,38.0,25.86,0.0,19.0,0.0,1.0,5.81,-0.11,-1.04,0.06,5.35,0.67,9.02,462.0,TEST2RR,AKR_TEST2RR,0.0,1.0,1.0,100.0
259060,2,walk,walk,13810,,13810.0,20.0,1.0,6.0,2.0,7.21,-0.017,0.011,1.936,38.0,25.86,0.0,19.0,0.0,1.0,5.9,-0.11,-1.04,0.06,6.26,0.7,10.35,462.0,TEST2RR,AKR_TEST2RR,0.0,1.0,1.0,100.0
259060,2,walk,walk,13811,,13811.0,20.0,2.0,6.0,2.0,7.2,-0.016,-0.014,1.864,38.0,25.86,0.0,20.0,0.0,1.0,6.0,-0.11,-1.04,0.06,7.18,0.74,11.75,462.0,TEST2RR,AKR_TEST2RR,0.0,1.0,1.0,100.0
259080,2,walk,walk,13812,,13812.0,20.0,2.0,6.0,2.0,7.2,-0.015,-0.013,1.749,38.0,25.86,0.0,20.0,0.0,1.0,6.11,-0.11,-1.04,0.06,8.08,0.81,13.22,462.0,TEST2RR,AKR_TEST2RR,0.0,1.0,1.0,100.0
259120,2,walk,walk,13813,,13813.0,20.0,2.0,6.0,2.0,7.22,-0.014,0.103,1.622,38.0,25.9,0.0,20.0,0.0,1.0,6.21,-0.11,-1.05,0.07,8.94,0.94,14.8,462.0,TEST2RR,AKR_TEST2RR,0.0,1.0,1.0,100.0
259180,2,walk,walk,13814,,13814.0,20.0,2.0,6.0,2.0,7.26,-0.013,0.187,1.423,38.0,25.93,0.0,20.0,0.0,1.0,6.33,-0.12,-1.05,0.07,9.74,1.14,16.48,463.0,TEST2RR,AKR_TEST2RR,0.0,1.0,1.0,100.0
259180,2,walk,walk,13815,,13815.0,20.0,2.0,6.0,2.0,7.32,-0.011,0.037,1.21,38.0,25.9,0.0,20.0,0.0,1.0,6.45,-0.12,-1.05,0.07,10.49,1.44,18.26,463.0,TEST2RR,AKR_TEST2RR,0.0,1.0,1.0,100.0
259180,2,walk,walk,13816,,13816.0,20.0,2.0,6.0,2.0,7.4,-0.009,0.08,1.018,38.0,25.93,0.0,20.0,0.0,1.0,6.59,-0.12,-1.05,0.08,11.18,1.87,20.13,463.0,TEST2RR,AKR_TEST2RR,0.0,1.0,1.0,100.0
259180,2,walk,walk,13817,,13817.0,20.0,2.0,6.0,2.0,7.5,-0.007,0.058,0.826,38.0,25.93,0.0,19.0,0.0,1.0,6.77,-0.13,-1.05,0.08,11.83,2.46,22.06,463.0,TEST2RR,AKR_TEST2RR,0.0,1.0,1.0,100.0
259200,2,walk,walk,13818,,13818.0,20.0,2.0,6.0,2.0,7.62,-0.006,0.072,0.596,38.0,25.93,0.0,19.0,0.0,1.0,7.0,-0.13,-1.06,0.09,12.45,3.23,24.02,463.0,TEST2RR,AKR_TEST2RR,0.0,1.0,1.0,100.0
259240,2,walk,walk,13819,,13819.0,20.0,2.0,6.0,2.0,7.77,-0.005,0.076,0.394,38.0,25.93,0.0,19.0,0.0,1.0,7.29,-0.14,-1.06,0.09,13.08,4.19,25.96,463.0,TEST2RR,AKR_TEST2RR,0.0,1.0,1.0,100.0
259260,2,walk,walk,13820,,13820.0,20.0,2.0,6.0,2.0,7.95,-0.003,0.057,0.206,38.0,25.93,0.0,19.0,0.0,1.0,7.65,-0.14,-1.06,0.1,13.74,5.4,27.79,463.0,TEST2RR,AKR_TEST2RR,0.0,1.0,1.0,100.0
259260,2,walk,walk,13821,,13821.0,20.0,2.0,6.0,2.0,8.15,-0.002,0.116,-0.006,38.0,25.93,0.0,19.0,0.0,1.0,8.09,-0.15,-1.06,0.1,14.45,6.84,29.49,463.0,TEST2RR,AKR_TEST2RR,0.0,1.0,1.0,100.0
259300,2,walk,walk,13822,,13822.0,20.0,2.0,6.0,2.0,8.38,0.0,0.108,-0.228,38.0,25.93,0.0,19.0,0.0,1.0,8.6,-0.16,-1.05,0.11,15.23,8.48,31.01,463.0,TEST2RR,AKR_TEST2RR,0.0,1.0,1.0,100.0
259320,2,walk,walk,13823,,13823.0,20.0,2.0,6.0,2.0,8.64,0.001,0.19,-0.44,38.0,25.93,0.0,19.0,0.0,1.0,9.18,-0.17,-1.05,0.12,16.07,10.28,32.34,463.0,TEST2RR,AKR_TEST2RR,0.0,1.0,1.0,100.0
259340,2,walk,walk,13824,,13824.0,20.0,2.0,6.0,2.0,8.92,0.003,0.144,-0.706,38.0,25.93,0.0,19.0,0.0,1.0,9.84,-0.18,-1.05,0.12,16.95,12.16,33.46,463.0,TEST2RR,AKR_TEST2RR,0.0,1.0,1.0,100.0
259360,2,walk,walk,13825,,13825.0,20.0,2.0,6.0,2.0,9.24,0.005,0.177,-0.888,38.0,25.93,0.0,19.0,0.0,1.0,10.57,-0.19,-1.04,0.13,17.81,14.06,34.35,463.0,TEST2RR,AKR_TEST2RR,0.0,1.0,1.0,100.0
259360,2,walk,walk,13826,,13826.0,20.0,2.0,6.0,2.0,9.58,0.008,0.166,-1.18,38.0,25.93,0.0,19.0,0.0,1.0,11.37,-0.21,-1.03,0.13,18.62,15.93,34.96,463.0,TEST2RR,AKR_TEST2RR,0.0,1.0,1.0,100.0
259380,2,walk,walk,13827,,13827.0,20.0,2.0,6.0,2.0,9.96,0.01,0.1,-1.481,38.0,25.9,0.0,19.0,0.0,1.0,12.23,-0.22,-1.02,0.14,19.35,17.75,35.25,463.0,TEST2RR,AKR_TEST2RR,0.0,1.0,1.0,100.0
259420,2,walk,walk,13828,,13828.0,20.0,2.0,6.0,2.0,10.36,0.012,0.122,-1.657,38.0,25.9,0.0,19.0,0.0,1.0,13.13,-0.24,-1.01,0.14,19.99,19.55,35.15,463.0,TEST2RR,AKR_TEST2RR,0.0,1.0,1.0,100.0
259440,2,walk,walk,13829,,13829.0,20.0,0.0,6.0,2.0,10.79,0.014,0.104,-1.852,38.0,25.9,0.0,17.0,0.0,1.0,14.04,-0.25,-1.0,0.15,20.55,21.37,34.64,463.0,TEST2RR,AKR_TEST2RR,0.0,1.0,1.0,100.0
259440,2,walk,walk,13830,,13830.0,20.0,1.0,6.0,2.0,11.24,0.015,0.144,-1.932,38.0,25.86,0.0,18.0,0.0,1.0,14.93,-0.26,-0.98,0.15,21.02,23.23,33.69,463.0,TEST2RR,AKR_TEST2RR,0.0,1.0,1.0,100.0
259460,2,walk,walk,13831,,13831.0,20.0,1.0,6.0,2.0,11.72,0.016,0.101,-2.074,38.0,25.86,0.0,18.0,0.0,1.0,15.79,-0.27,-0.97,0.16,21.39,25.11,32.34,463.0,TEST2RR,AKR_TEST2RR,0.0,1.0,1.0,100.0
259500,2,walk,walk,13832,,13832.0,20.0,1.0,6.0,2.0,12.22,0.017,0.05,-2.243,38.0,25.86,0.0,18.0,0.0,1.0,16.61,-0.29,-0.96,0.16,21.62,26.91,30.64,463.0,TEST2RR,AKR_TEST2RR,0.0,1.0,1.0,100.0
259520,2,walk,walk,13833,,13833.0,20.0,1.0,6.0,2.0,12.74,0.018,0.01,-2.368,38.0,25.86,0.0,18.0,0.0,1.0,17.41,-0.3,-0.94,0.16,21.67,28.52,28.61,463.0,TEST2RR,AKR_TEST2RR,0.0,1.0,1.0,100.0
259520,2,walk,walk,13834,,13834.0,20.0,1.0,6.0,2.0,13.28,0.019,0.023,-2.405,38.0,25.83,0.0,18.0,0.0,1.0,18.18,-0.31,-0.93,0.16,21.52,29.78,26.28,463.0,TEST2RR,AKR_TEST2RR,0.0,1.0,1.0,100.0
259540,2,walk,walk,13835,,13835.0,20.0,1.0,6.0,2.0,13.82,0.02,0.022,-2.507,38.0,25.83,0.0,18.0,0.0,1.0,18.91,-0.32,-0.92,0.16,21.11,30.52,23.68,463.0,TEST2RR,AKR_TEST2RR,0.0,1.0,1.0,100.0
259580,2,walk,walk,13836,,13836.0,20.0,1.0,6.0,2.0,14.37,0.02,0.021,-2.58,38.0,25.83,0.0,18.0,0.0,1.0,19.59,-0.32,-0.91,0.16,20.41,30.6,20.79,463.0,TEST2RR,AKR_TEST2RR,0.0,1.0,1.0,100.0
259600,2,walk,walk,13837,,13837.0,20.0,1.0,6.0,2.0,14.92,0.021,0.037,-2.617,38.0,25.83,0.0,18.0,0.0,1.0,20.2,-0.33,-0.9,0.16,19.37,29.9,17.61,463.0,TEST2RR,AKR_TEST2RR,0.0,1.0,1.0,100.0
259600,2,walk,walk,13838,,13838.0,20.0,1.0,1.0,5.0,15.47,0.022,0.058,-2.624,38.0,25.83,0.0,18.0,3340.0,2.0,20.71,-0.34,-0.9,0.16,17.93,28.35,14.14,463.0,TEST2RR,AKR_TEST2RR,0.0,1.0,1.0,100.0
259640,2,walk,walk,13839,,13839.0,20.0,0.0,1.0,5.0,16.01,0.022,0.032,-2.707,38.0,25.65,0.0,19.0,3340.0,2.0,21.14,-0.34,-0.89,0.15,16.1,26.05,10.62,463.0,TEST2RR,AKR_TEST2RR,0.0,1.0,1.0,100.0
259660,2,walk,walk,13840,,13840.0,20.0,0.0,1.0,5.0,16.54,-0.008,-2.7,-3.748,38.0,25.47,0.0,19.0,3340.0,2.0,21.47,-0.35,-0.89,0.15,13.95,23.16,7.27,463.0,TEST2RR,AKR_TEST2RR,0.0,1.0,1.0,100.0
259660,2,walk,walk,13841,,13841.0,20.0,0.0,1.0,5.0,17.05,-0.048,-2.606,-4.026,38.0,25.44,0.0,19.0,3340.0,2.0,21.69,-0.35,-0.88,0.15,11.59,19.85,4.16,463.0,TEST2RR,AKR_TEST2RR,0.0,1.0,1.0,100.0
259680,2,walk,walk,13842,,13842.0,20.0,0.0,1.0,5.0,17.53,-0.08,-1.944,-4.86,38.0,25.33,0.0,19.0,3340.0,2.0,21.77,-0.35,-0.88,0.15,9.11,16.28,1.29,463.0,TEST2RR,AKR_TEST2RR,0.0,1.0,1.0,100.0
259720,2,walk,walk,13843,,13843.0,20.0,0.0,1.0,6.0,17.98,-0.106,-1.639,-5.195,38.0,25.3,0.0,19.0,3340.0,2.0,21.68,-0.35,-0.88,0.15,6.68,12.54,-1.45,463.0,TEST2RR,AKR_TEST2RR,0.0,1.0,1.0,100.0
259720,2,walk,walk,13844,,13844.0,20.0,0.0,1.0,6.0,18.4,-0.127,-1.31,-5.492,38.0,25.26,0.0,19.0,3340.0,2.0,21.43,-0.35,-0.89,0.16,4.45,8.74,-4.16,463.0,TEST2RR,AKR_TEST2RR,0.0,1.0,1.0,100.0
259740,2,walk,walk,13845,,13845.0,20.0,0.0,1.0,6.0,18.79,-0.144,-1.063,-5.76,38.0,25.19,0.0,19.0,3340.0,2.0,21.03,-0.34,-0.89,0.16,2.55,5.03,-6.92,463.0,TEST2RR,AKR_TEST2RR,0.0,1.0,1.0,100.0
259760,2,walk,walk,13846,,13846.0,20.0,0.0,1.0,6.0,19.13,-0.16,-1.102,-5.756,38.0,25.23,0.0,19.0,3340.0,2.0,20.49,-0.34,-0.9,0.17,1.07,1.59,-9.77,463.0,TEST2RR,AKR_TEST2RR,0.0,1.0,1.0,100.0
259800,2,walk,walk,13847,,13847.0,20.0,0.0,1.0,6.0,19.43,-0.173,-0.915,-5.776,38.0,25.23,0.0,19.0,3340.0,2.0,19.85,-0.33,-0.91,0.18,0.07,-1.33,-12.71,463.0,TEST2RR,AKR_TEST2RR,0.0,1.0,1.0,100.0
259860,2,walk,walk,13848,,13848.0,20.0,0.0,1.0,6.0,19.68,-0.185,-0.641,-5.704,38.0,25.26,0.0,19.0,3340.0,2.0,19.13,-0.32,-0.92,0.18,-0.49,-3.54,-15.74,463.0,TEST2RR,AKR_TEST2RR,0.0,1.0,1.0,100.0
259860,2,walk,walk,13849,,13849.0,20.0,0.0,1.0,6.0,19.89,-0.195,-0.749,-5.859,38.0,25.23,0.0,19.0,3340.0,2.0,18.37,-0.31,-0.94,0.19,-0.6,-4.84,-18.66,463.0,TEST2RR,AKR_TEST2RR,0.0,1.0,1.0,100.0
259860,2,walk,walk,13850,,13850.0,20.0,0.0,1.0,6.0,20.04,-0.204,-0.724,-5.765,38.0,25.3,0.0,19.0,3340.0,2.0,17.62,-0.3,-0.95,0.19,-0.27,-5.11,-21.37,463.0,TEST2RR,AKR_TEST2RR,0.0,1.0,1.0,100.0
259860,2,walk,walk,13851,,13851.0,20.0,0.0,1.0,6.0,20.14,-0.213,-0.476,-5.675,38.0,25.3,0.0,19.0,3340.0,2.0,16.91,-0.3,-0.97,0.19,0.48,-4.31,-23.73,463.0,TEST2RR,AKR_TEST2RR,0.0,1.0,1.0,100.0
259900,2,walk,walk,13852,,13852.0,20.0,0.0,1.0,6.0,20.18,-0.22,-0.61,-5.581,38.0,25.33,0.0,19.0,3340.0,2.0,16.29,-0.29,-0.99,0.19,1.59,-2.48,-25.63,463.0,TEST2RR,AKR_TEST2RR,0.0,1.0,1.0,100.0
259920,2,walk,walk,13853,,13853.0,20.0,0.0,1.0,6.0,20.17,-0.228,-0.528,-5.401,38.0,25.33,0.0,19.0,3340.0,2.0,15.77,-0.28,-1.0,0.19,2.99,0.24,-26.98,463.0,TEST2RR,AKR_TEST2RR,0.0,1.0,1.0,100.0
259940,2,walk,walk,13854,,13854.0,20.0,0.0,1.0,6.0,20.11,-0.234,-0.332,-5.48,38.0,25.33,0.0,19.0,3340.0,2.0,15.39,-0.28,-1.02,0.18,4.54,3.63,-27.76,463.0,TEST2RR,AKR_TEST2RR,0.0,1.0,1.0,100.0
259940,2,walk,walk,13855,,13855.0,20.0,0.0,1.0,6.0,19.99,-0.238,-0.334,-5.607,38.0,25.33,0.0,19.0,3340.0,2.0,15.14,-0.28,-1.03,0.16,6.11,7.4,-28.0,463.0,TEST2RR,AKR_TEST2RR,0.0,1.0,1.0,100.0
259980,2,walk,walk,13856,,13856.0,20.0,0.0,3.0,7.0,19.82,-0.242,-0.272,-5.773,38.0,25.33,0.0,19.0,3340.0,2.0,15.02,-0.28,-1.04,0.15,7.53,11.25,-27.76,463.0,TEST2RR,AKR_TEST2RR,0.0,1.0,1.0,100.0
260000,2,walk,walk,13857,,13857.0,20.0,0.0,3.0,7.0,19.59,-0.245,-0.33,-5.687,38.0,25.33,0.0,19.0,3340.0,2.0,15.01,-0.28,-1.05,0.13,8.64,14.83,-27.17,463.0,TEST2RR,AKR_TEST2RR,0.0,1.0,1.0,100.0
260000,2,walk,walk,13858,,13858.0,20.0,0.0,3.0,7.0,19.33,-0.249,-0.245,-5.62,38.0,25.37,0.0,19.0,3340.0,2.0,15.08,-0.28,-1.05,0.11,9.3,17.87,-26.4,463.0,TEST2RR,AKR_TEST2RR,0.0,1.0,1.0,100.0
260040,2,walk,walk,13859,,13859.0,20.0,0.0,3.0,7.0,19.02,-0.252,-0.158,-5.504,38.0,25.37,0.0,19.0,3340.0,2.0,15.2,-0.29,-1.05,0.09,9.37,20.14,-25.6,463.0,TEST2RR,AKR_TEST2RR,0.0,1.0,1.0,100.0
260060,2,walk,walk,13860,,13860.0,20.0,0.0,3.0,7.0,18.67,-0.255,-0.173,-5.32,38.0,25.4,0.0,19.0,3340.0,2.0,15.32,-0.29,-1.05,0.08,8.78,21.57,-24.96,463.0,TEST2RR,AKR_TEST2RR,0.0,1.0,1.0,100.0
260080,2,walk,walk,13861,,13861.0,20.0,1.0,3.0,7.0,18.3,-0.257,-0.095,-5.293,38.0,25.44,0.0,20.0,3340.0,2.0,15.41,-0.29,-1.04,0.06,7.53,22.18,-24.61,463.0,TEST2RR,AKR_TEST2RR,0.0,1.0,1.0,100.0
260100,2,walk,walk,13862,,13862.0,20.0,0.0,3.0,7.0,17.9,-0.257,-0.126,-5.177,38.0,25.44,0.0,19.0,3340.0,2.0,15.43,-0.29,-1.03,0.05,5.67,22.12,-24.68,463.0,TEST2RR,AKR_TEST2RR,0.0,1.0,1.0,100.0
260100,2,walk,walk,13863,,13863.0,20.0,0.0,3.0,7.0,17.48,-0.257,0.041,-5.135,38.0,25.44,0.0,19.0,3340.0,2.0,15.34,-0.28,-1.02,0.05,3.29,21.58,-25.21,463.0,TEST2RR,AKR_TEST2RR,0.0,1.0,1.0,100.0
260120,2,walk,walk,13864,,13864.0,20.0,0.0,3.0,7.0,17.04,-0.258,-0.044,-5.109,38.0,25.47,0.0,19.0,3340.0,2.0,15.14,-0.27,-1.01,0.04,0.51,20.79,-26.25,463.0,TEST2RR,AKR_TEST2RR,0.0,1.0,1.0,100.0
260140,2,walk,walk,13865,,13865.0,20.0,1.0,3.0,7.0,16.59,-0.258,-0.054,-5.131,38.0,25.44,0.0,20.0,3340.0,2.0,14.83,-0.26,-0.99,0.05,-2.52,20.0,-27.8,463.0,TEST2RR,AKR_TEST2RR,0.0,1.0,1.0,100.0
260200,2,walk,walk,13866,,13866.0,20.0,0.0,3.0,7.0,16.14,-0.258,0.001,-5.113,38.0,25.44,0.0,19.0,3340.0,2.0,14.42,-0.25,-0.98,0.05,-5.63,19.41,-29.86,464.0,TEST2RR,AKR_TEST2RR,0.0,1.0,1.0,100.0
260200,2,walk,walk,13867,,13867.0,20.0,0.0,3.0,7.0,15.68,-0.259,-0.093,-5.058,38.0,25.47,0.0,19.0,3340.0,2.0,13.93,-0.24,-0.96,0.06,-8.68,19.18,-32.4,464.0,TEST2RR,AKR_TEST2RR,0.0,1.0,1.0,100.0
260280,2,walk,walk,13868,,13868.0,20.0,0.0,3.0,7.0,15.21,-0.26,-0.1,-5.031,38.0,25.47,0.0,19.0,3340.0,2.0,13.4,-0.22,-0.94,0.07,-11.57,19.43,-35.36,464.0,TEST2RR,AKR_TEST2RR,0.0,1.0,1.0,100.0
260280,2,walk,walk,13869,,13869.0,20.0,0.0,3.0,7.0,14.73,-0.261,-0.115,-5.009,38.0,25.47,0.0,19.0,3340.0,2.0,12.9,-0.21,-0.93,0.09,-14.24,20.18,-38.65,464.0,TEST2RR,AKR_TEST2RR,0.0,1.0,1.0,100.0
260280,2,walk,walk,13870,,13870.0,20.0,0.0,3.0,7.0,14.24,-0.261,0.083,-5.036,38.0,25.47,0.0,19.0,3340.0,2.0,12.5,-0.2,-0.91,0.1,-16.7,21.39,-42.15,464.0,TEST2RR,AKR_TEST2RR,0.0,1.0,1.0,100.0
260280,2,walk,walk,13871,,13871.0,20.0,0.0,3.0,7.0,13.74,-0.262,-0.058,-5.06,39.0,25.44,0.0,19.0,3340.0,2.0,12.25,-0.19,-0.9,0.11,-18.92,22.94,-45.71,464.0,TEST2RR,AKR_TEST2RR,0.0,1.0,1.0,100.0
260320,2,walk,walk,13872,,13872.0,20.0,0.0,3.0,7.0,13.22,-0.262,-0.075,-5.098,39.0,25.44,0.0,19.0,3340.0,2.0,12.21,-0.19,-0.88,0.12,-20.85,24.7,-49.09,464.0,TEST2RR,AKR_TEST2RR,0.0,1.0,1.0,100.0
260360,2,walk,walk,13873,,13873.0,20.0,0.0,3.0,7.0,12.68,-0.262,-0.033,-5.088,39.0,25.44,0.0,19.0,3340.0,2.0,12.42,-0.19,-0.88,0.12,-22.39,26.52,-51.99,464.0,TEST2RR,AKR_TEST2RR,0.0,1.0,1.0,100.0
260360,2,walk,walk,13874,,13874.0,20.0,0.0,3.0,7.0,12.12,-0.261,0.029,-5.125,39.0,25.44,0.0,19.0,3340.0,2.0,12.88,-0.2,-0.87,0.13,-23.41,28.32,-54.09,464.0,TEST2RR,AKR_TEST2RR,0.0,1.0,1.0,100.0
260380,2,walk,walk,13875,,13875.0,20.0,0.0,3.0,7.0,11.53,-0.261,0.058,-5.108,39.0,25.44,0.0,19.0,3340.0,2.0,13.58,-0.21,-0.88,0.13,-23.89,30.08,-54.99,464.0,TEST2RR,AKR_TEST2RR,0.0,1.0,1.0,100.0
260400,2,walk,walk,13876,,13876.0,20.0,0.0,3.0,7.0,10.91,-0.261,0.04,-5.109,39.0,25.44,0.0,19.0,3340.0,2.0,14.47,-0.23,-0.88,0.12,-23.86,31.79,-54.34,464.0,TEST2RR,AKR_TEST2RR,0.0,1.0,1.0,100.0
260400,2,walk,walk,13877,,13877.0,20.0,0.0,3.0,7.0,10.27,-0.261,0.044,-5.156,39.0,25.44,0.0,19.0,3340.0,2.0,15.31,-0.25,-0.9,0.12,-23.51,33.21,-52.06,464.0,TEST2RR,AKR_TEST2RR,0.0,1.0,1.0,100.0
260400,2,walk,walk,13878,,13878.0,20.0,0.0,3.0,7.0,9.6,-0.26,-0.07,-5.127,39.0,25.44,0.0,19.0,3340.0,2.0,15.52,-0.25,-0.92,0.11,-22.66,34.01,-48.71,464.0,TEST2RR,AKR_TEST2RR,0.0,1.0,1.0,100.0
260420,2,walk,walk,13879,,13879.0,20.0,0.0,3.0,7.0,8.91,-0.257,0.75,-6.164,39.0,25.3,0.0,19.0,3340.0,2.0,14.81,-0.25,-0.95,0.11,-21.28,33.89,-44.7,464.0,TEST2RR,AKR_TEST2RR,0.0,1.0,1.0,100.0
260500,2,walk,walk,13880,,13880.0,20.0,0.0,3.0,7.0,8.2,-0.244,1.005,-6.937,39.0,25.16,0.0,19.0,3340.0,2.0,13.23,-0.23,-0.98,0.1,-19.59,32.99,-40.27,464.0,TEST2RR,AKR_TEST2RR,0.0,1.0,1.0,100.0
260520,2,walk,walk,13881,,13881.0,20.0,0.0,3.0,7.0,7.48,-0.233,0.637,-6.789,39.0,25.12,0.0,19.0,3340.0,2.0,11.01,-0.2,-1.01,0.11,-17.81,31.44,-35.41,464.0,TEST2RR,AKR_TEST2RR,0.0,1.0,1.0,100.0
260520,2,walk,walk,13882,,13882.0,20.0,0.0,3.0,7.0,6.76,-0.228,0.144,-6.624,39.0,25.16,0.0,19.0,3340.0,2.0,8.48,-0.16,-1.04,0.11,-16.09,29.26,-30.1,464.0,TEST2RR,AKR_TEST2RR,0.0,1.0,1.0,100.0
260520,2,walk,walk,13883,,13883.0,20.0,0.0,3.0,7.0,6.05,-0.225,0.164,-6.233,39.0,25.19,0.0,19.0,3340.0,2.0,5.98,-0.11,-1.07,0.11,-14.46,26.44,-24.41,464.0,TEST2RR,AKR_TEST2RR,0.0,1.0,1.0,100.0
260560,2,walk,walk,13884,,13884.0,20.0,0.0,3.0,7.0,5.35,-0.226,-0.087,-6.011,39.0,25.26,0.0,19.0,3340.0,2.0,3.71,-0.07,-1.09,0.11,-12.85,23.07,-18.48,464.0,TEST2RR,AKR_TEST2RR,0.0,1.0,1.0,100.0
260560,2,walk,walk,13885,,13885.0,20.0,0.0,3.0,7.0,4.67,-0.226,-0.033,-5.858,39.0,25.33,0.0,19.0,3340.0,2.0,1.78,-0.03,-1.11,0.11,-11.18,19.44,-12.56,464.0,TEST2RR,AKR_TEST2RR,0.0,1.0,1.0,100.0
260560,2,walk,walk,13886,,13886.0,20.0,0.0,3.0,7.0,4.01,-0.221,0.516,-5.414,39.0,25.47,0.0,19.0,3340.0,2.0,0.17,0.0,-1.12,0.1,-9.43,15.96,-6.98,464.0,TEST2RR,AKR_TEST2RR,0.0,1.0,1.0,100.0
260580,2,walk,walk,13887,,13887.0,20.0,0.0,0.0,1.0,3.39,-0.206,1.067,-4.726,39.0,25.65,0.0,19.0,3340.0,2.0,-1.14,0.02,-1.12,0.09,-7.61,13.04,-2.12,464.0,TEST2RR,AKR_TEST2RR,0.0,1.0,1.0,100.0
260640,2,walk,walk,13888,,13888.0,20.0,0.0,0.0,1.0,2.81,-0.179,2.36,-3.587,39.0,25.65,0.0,19.0,3340.0,2.0,-2.28,0.04,-1.12,0.09,-5.77,10.93,0.37,464.0,TEST2RR,AKR_TEST2RR,0.0,1.0,1.0,100.0
260640,2,walk,walk,13889,,13889.0,20.0,0.0,0.0,1.0,2.27,-0.179,2.36,-3.587,39.0,25.65,0.0,39.0,3340.0,2.0,-3.37,0.07,-1.12,0.08,-4.1,9.77,-0.44,464.0,TEST2RR,AKR_TEST2RR,0.0,1.0,1.0,100.0
260660,2,walk,walk,13890,,13890.0,20.0,0.0,0.0,1.0,1.77,-0.179,2.36,-3.587,39.0,25.65,0.0,59.0,3340.0,2.0,-4.43,0.09,-1.11,0.07,-2.81,9.78,-4.05,464.0,TEST2RR,AKR_TEST2RR,0.0,1.0,1.0,100.0
260660,2,walk,walk,13891,,13891.0,20.0,0.0,0.0,1.0,1.32,0.242,-32.768,0.0,39.0,25.97,0.0,2.0,3340.0,2.0,-5.34,0.1,-1.1,0.06,-1.99,11.1,-9.17,464.0,TEST2RR,AKR_TEST2RR,0.0,1.0,1.0,100.0
260700,2,walk,walk,13892,,13892.0,20.0,0.0,0.0,1.0,0.91,0.224,-1.625,0.0,39.0,25.93,0.0,2.0,3340.0,2.0,-5.82,0.11,-1.09,0.06,-1.63,13.12,-14.41,464.0,TEST2RR,AKR_TEST2RR,0.0,1.0,1.0,100.0
260740,2,walk,walk,13893,,13893.0,20.0,1.0,0.0,1.0,0.53,0.208,-0.013,0.0,39.0,25.93,0.0,3.0,3340.0,2.0,-5.79,0.11,-1.08,0.06,-1.75,15.06,-19.01,464.0,TEST2RR,AKR_TEST2RR,0.0,1.0,1.0,100.0
260740,2,walk,walk,13894,,13894.0,20.0,1.0,0.0,1.0,0.18,0.214,0.453,0.0,39.0,25.93,0.0,3.0,3340.0,2.0,-5.42,0.1,-1.07,0.06,-2.32,16.5,-22.57,464.0,TEST2RR,AKR_TEST2RR,0.0,1.0,1.0,100.0
260760,2,walk,walk,13895,,13895.0,20.0,1.0,0.0,1.0,-0.15,0.212,-0.31,0.0,39.0,25.93,0.0,3.0,3340.0,2.0,-4.89,0.09,-1.07,0.06,-3.24,17.24,-24.81,464.0,TEST2RR,AKR_TEST2RR,0.0,1.0,1.0,100.0
260800,2,walk,walk,13896,,13896.0,20.0,1.0,0.0,1.0,-0.48,0.205,-0.254,0.0,39.0,25.93,0.0,3.0,3340.0,2.0,-4.35,0.08,-1.06,0.06,-4.35,17.29,-25.68,464.0,TEST2RR,AKR_TEST2RR,0.0,1.0,1.0,100.0
260800,2,walk,walk,13897,,13897.0,20.0,1.0,0.0,1.0,-0.8,0.201,-0.361,0.0,39.0,25.97,0.0,3.0,3340.0,2.0,-3.91,0.07,-1.06,0.05,-5.48,16.75,-25.26,464.0,TEST2RR,AKR_TEST2RR,0.0,1.0,1.0,100.0
260820,2,walk,walk,13898,,13898.0,20.0,0.0,0.0,1.0,-1.13,0.195,-0.455,0.0,39.0,25.93,0.0,2.0,3340.0,2.0,-3.63,0.07,-1.06,0.05,-6.5,15.78,-23.72,464.0,TEST2RR,AKR_TEST2RR,0.0,1.0,1.0,100.0
260820,2,walk,walk,13899,,13899.0,20.0,0.0,0.0,1.0,-1.46,0.183,-0.869,0.0,39.0,25.93,0.0,2.0,3340.0,2.0,-3.52,0.07,-1.06,0.05,-7.32,14.53,-21.28,464.0,TEST2RR,AKR_TEST2RR,0.0,1.0,1.0,100.0
260860,2,walk,walk,13900,,13900.0,20.0,1.0,0.0,1.0,-1.8,0.171,-0.491,0.0,39.0,25.93,0.0,3.0,3340.0,2.0,-3.57,0.07,-1.06,0.04,-7.93,13.15,-18.1,464.0,TEST2RR,AKR_TEST2RR,0.0,1.0,1.0,100.0
260860,2,walk,walk,13901,,13901.0,20.0,1.0,0.0,1.0,-2.15,0.162,-0.941,0.0,39.0,25.97,0.0,3.0,3340.0,2.0,-3.74,0.07,-1.05,0.03,-8.35,11.73,-14.38,464.0,TEST2RR,AKR_TEST2RR,0.0,1.0,1.0,100.0
260880,2,walk,walk,13902,,13902.0,20.0,1.0,0.0,1.0,-2.51,0.147,-0.715,0.0,39.0,25.93,0.0,3.0,3340.0,2.0,-3.97,0.07,-1.05,0.03,-8.62,10.36,-10.31,464.0,TEST2RR,AKR_TEST2RR,0.0,1.0,1.0,100.0
260980,2,walk,walk,13903,,13903.0,20.0,1.0,0.0,1.0,-2.86,0.14,-0.73,0.0,39.0,25.97,0.0,3.0,3340.0,2.0,-4.24,0.08,-1.05,0.02,-8.8,9.08,-6.11,464.0,TEST2RR,AKR_TEST2RR,0.0,1.0,1.0,100.0
261020,2,walk,walk,13904,,13904.0,20.0,1.0,0.0,1.0,-3.22,0.125,-0.761,0.0,39.0,25.97,0.0,3.0,3340.0,2.0,-4.51,0.08,-1.05,0.02,-8.9,7.93,-1.94,464.0,TEST2RR,AKR_TEST2RR,0.0,1.0,1.0,100.0
261020,2,walk,walk,13905,,13905.0,20.0,0.0,0.0,1.0,-3.56,0.115,-0.808,0.0,39.0,25.97,0.0,2.0,3340.0,2.0,-4.76,0.09,-1.04,0.01,-8.94,6.9,2.1,464.0,TEST2RR,AKR_TEST2RR,0.0,1.0,1.0,100.0
261020,2,walk,walk,13906,,13906.0,20.0,0.0,0.0,1.0,-3.88,0.1,-0.853,0.0,39.0,25.93,0.0,2.0,3340.0,2.0,-4.97,0.09,-1.04,0.01,-8.9,6.01,5.92,464.0,TEST2RR,AKR_TEST2RR,0.0,1.0,1.0,100.0
261020,2,walk,walk,13907,,13907.0,20.0,0.0,0.0,1.0,-4.18,0.088,-0.91,0.0,39.0,25.97,0.0,2.0,3340.0,2.0,-5.13,0.09,-1.04,0.0,-8.75,5.25,9.51,464.0,TEST2RR,AKR_TEST2RR,0.0,1.0,1.0,100.0
261020,2,walk,walk,13908,,13908.0,20.0,0.0,0.0,1.0,-4.45,0.072,-0.951,0.0,39.0,25.97,0.0,2.0,3340.0,2.0,-5.22,0.09,-1.04,0.0,-8.49,4.62,12.85,464.0,TEST2RR,AKR_TEST2RR,0.0,1.0,1.0,100.0
261020,2,walk,walk,13909,,13909.0,20.0,0.0,0.0,1.0,-4.68,0.059,-1.048,0.0,39.0,25.97,0.0,2.0,3340.0,2.0,-5.25,0.09,-1.03,-0.01,-8.12,4.14,15.97,464.0,TEST2RR,AKR_TEST2RR,0.0,1.0,1.0,100.0
261080,2,walk,walk,13910,,13910.0,20.0,0.0,0.0,1.0,-4.87,0.044,-0.828,0.0,39.0,25.97,0.0,2.0,3340.0,2.0,-5.19,0.09,-1.03,-0.01,-7.64,3.79,18.88,464.0,TEST2RR,AKR_TEST2RR,0.0,1.0,1.0,100.0
261100,2,walk,walk,13911,,13911.0,20.0,0.0,0.0,1.0,-5.02,0.033,-0.973,0.0,39.0,25.97,0.0,2.0,3340.0,2.0,-5.05,0.09,-1.03,-0.02,-7.08,3.53,21.55,464.0,TEST2RR,AKR_TEST2RR,0.0,1.0,1.0,100.0
261100,2,walk,walk,13912,,13912.0,20.0,0.0,0.0,1.0,-5.12,0.02,-0.649,0.0,39.0,25.97,0.0,2.0,3340.0,2.0,-4.82,0.09,-1.03,-0.02,-6.48,3.3,23.96,464.0,TEST2RR,AKR_TEST2RR,0.0,1.0,1.0,100.0
261100,2,walk,walk,13913,,13913.0,20.0,0.0,0.0,1.0,-5.18,0.013,-0.395,0.0,39.0,25.97,0.0,2.0,3340.0,2.0,-4.51,0.08,-1.03,-0.02,-5.88,3.09,26.06,464.0,TEST2RR,AKR_TEST2RR,0.0,1.0,1.0,100.0
261120,2,walk,walk,13914,,13914.0,20.0,0.0,0.0,1.0,-5.18,0.006,-0.504,0.0,39.0,25.93,0.0,2.0,3340.0,2.0,-4.11,0.07,-1.03,-0.03,-5.32,2.87,27.73,464.0,TEST2RR,AKR_TEST2RR,0.0,1.0,1.0,100.0
261140,2,walk,walk,13915,,13915.0,20.0,0.0,0.0,1.0,-5.13,0.001,-0.241,0.0,39.0,25.93,0.0,2.0,3340.0,2.0,-3.63,0.07,-1.02,-0.03,-4.84,2.67,28.9,465.0,TEST2RR,AKR_TEST2RR,0.0,1.0,1.0,100.0
261220,2,walk,walk,13916,,13916.0,20.0,0.0,0.0,1.0,-5.03,0.0,-0.105,0.0,39.0,25.97,0.0,2.0,3340.0,2.0,-3.1,0.06,-1.02,-0.03,-4.44,2.47,29.49,465.0,TEST2RR,AKR_TEST2RR,0.0,1.0,1.0,100.0
261220,2,walk,walk,13917,,13917.0,20.0,0.0,0.0,1.0,-4.88,0.0,0.093,0.0,39.0,25.97,0.0,2.0,3340.0,2.0,-2.52,0.04,-1.02,-0.03,-4.13,2.29,29.44,465.0,TEST2RR,AKR_TEST2RR,0.0,1.0,1.0,100.0
261220,2,walk,walk,13918,,13918.0,20.0,0.0,0.0,1.0,-4.68,0.001,0.083,0.0,39.0,25.97,0.0,2.0,3340.0,2.0,-1.92,0.03,-1.02,-0.03,-3.9,2.11,28.69,465.0,TEST2RR,AKR_TEST2RR,0.0,1.0,1.0,100.0
261240,2,walk,walk,13919,,13919.0,20.0,0.0,0.0,1.0,-4.43,0.003,0.178,0.0,39.0,25.97,0.0,2.0,3340.0,2.0,-1.32,0.02,-1.02,-0.03,-3.75,1.95,27.3,465.0,TEST2RR,AKR_TEST2RR,0.0,1.0,1.0,100.0
261240,2,walk,walk,13920,,13920.0,20.0,0.0,0.0,1.0,-4.15,0.007,0.312,0.0,39.0,25.97,0.0,2.0,3340.0,2.0,-0.75,0.01,-1.02,-0.03,-3.65,1.83,25.31,465.0,TEST2RR,AKR_TEST2RR,0.0,1.0,1.0,100.0
261280,2,walk,walk,13921,,13921.0,20.0,0.0,0.0,1.0,-3.83,0.013,0.374,0.0,39.0,25.97,0.0,2.0,3340.0,2.0,-0.23,0.0,-1.02,-0.04,-3.6,1.73,22.84,465.0,TEST2RR,AKR_TEST2RR,0.0,1.0,1.0,100.0
261280,2,walk,walk,13922,,13922.0,20.0,0.0,0.0,1.0,-3.48,0.018,0.19,0.0,39.0,25.97,0.0,2.0,3340.0,2.0,0.22,0.0,-1.02,-0.04,-3.6,1.66,19.99,465.0,TEST2RR,AKR_TEST2RR,0.0,1.0,1.0,100.0
261380,2,walk,walk,13923,,13923.0,20.0,0.0,0.0,1.0,-3.1,0.02,0.061,0.0,39.0,25.97,0.0,2.0,3340.0,2.0,0.59,-0.01,-1.02,-0.04,-3.62,1.6,16.92,465.0,TEST2RR,AKR_TEST2RR,0.0,1.0,1.0,100.0
261380,2,walk,walk,13924,,13924.0,20.0,0.0,6.0,2.0,-2.71,0.021,0.175,0.0,39.0,25.97,0.0,2.0,3340.0,2.0,0.88,-0.02,-1.02,-0.04,-3.63,1.58,13.81,465.0,TEST2RR,AKR_TEST2RR,0.0,1.0,1.0,100.0
261400,2,walk,walk,13925,,13925.0,20.0,0.0,6.0,2.0,-2.31,0.022,0.279,-0.078,39.0,25.93,0.0,18.0,3340.0,2.0,1.08,-0.02,-1.02,-0.04,-3.6,1.58,10.82,465.0,TEST2RR,AKR_TEST2RR,0.0,1.0,1.0,100.0
261400,2,walk,walk,13926,,13926.0,20.0,0.0,6.0,2.0,-1.9,0.017,-0.245,-1.016,39.0,25.93,0.0,18.0,3340.0,2.0,1.19,-0.02,-1.02,-0.05,-3.51,1.65,8.12,465.0,TEST2RR,AKR_TEST2RR,0.0,1.0,1.0,100.0
261400,2,walk,walk,13927,,13927.0,20.0,1.0,6.0,2.0,-1.5,0.014,-0.134,-1.162,39.0,25.9,0.0,19.0,3340.0,2.0,1.25,-0.02,-1.02,-0.05,-3.35,1.81,5.8,465.0,TEST2RR,AKR_TEST2RR,0.0,1.0,1.0,100.0
261440,2,walk,walk,13928,,13928.0,20.0,0.0,6.0,2.0,-1.11,0.012,-0.029,-1.369,39.0,25.9,0.0,18.0,3340.0,2.0,1.26,-0.02,-1.02,-0.05,-3.11,2.03,3.91,465.0,TEST2RR,AKR_TEST2RR,0.0,1.0,1.0,100.0
261440,2,walk,walk,13929,,13929.0,20.0,1.0,6.0,2.0,-0.73,0.012,-0.075,-1.421,39.0,25.9,0.0,19.0,3340.0,2.0,1.23,-0.02,-1.02,-0.05,-2.81,2.26,2.42,465.0,TEST2RR,AKR_TEST2RR,0.0,1.0,1.0,100.0
261460,2,walk,walk,13930,,13930.0,20.0,0.0,6.0,2.0,-0.38,0.011,0.028,-1.349,39.0,25.9,0.0,18.0,3340.0,2.0,1.18,-0.02,-1.02,-0.06,-2.46,2.46,1.33,465.0,TEST2RR,AKR_TEST2RR,0.0,1.0,1.0,100.0
261520,2,walk,walk,13931,,13931.0,20.0,1.0,6.0,2.0,-0.05,0.01,-0.17,-1.064,39.0,25.93,0.0,19.0,3340.0,2.0,1.09,-0.02,-1.02,-0.06,-2.06,2.57,0.66,465.0,TEST2RR,AKR_TEST2RR,0.0,1.0,1.0,100.0
261520,2,walk,walk,13932,,13932.0,20.0,1.0,6.0,2.0,0.26,0.006,-0.254,-0.526,39.0,25.93,0.0,19.0,3340.0,2.0,0.98,-0.02,-1.02,-0.06,-1.61,2.53,0.47,465.0,TEST2RR,AKR_TEST2RR,0.0,1.0,1.0,100.0
261520,2,walk,walk,13933,,13933.0,20.0,1.0,6.0,2.0,0.53,0.002,-0.279,0.101,39.0,25.93,0.0,19.0,3340.0,2.0,0.85,-0.02,-1.03,-0.06,-1.15,2.2,0.83,465.0,TEST2RR,AKR_TEST2RR,0.0,1.0,1.0,100.0
261520,2,walk,walk,13934,,13934.0,20.0,1.0,6.0,2.0,0.78,-0.003,-0.414,1.009,39.0,25.93,0.0,19.0,3340.0,2.0,0.72,-0.01,-1.03,-0.06,-0.66,1.56,1.78,465.0,TEST2RR,AKR_TEST2RR,0.0,1.0,1.0,100.0
261640,2,walk,walk,13935,,13935.0,20.0,1.0,6.0,2.0,0.99,-0.009,-0.352,1.495,39.0,25.93,0.0,19.0,3340.0,2.0,0.6,-0.01,-1.03,-0.06,-0.15,0.69,3.27,465.0,TEST2RR,AKR_TEST2RR,0.0,1.0,1.0,100.0
261680,2,walk,walk,13936,,13936.0,20.0,1.0,6.0,2.0,1.18,-0.013,-0.242,1.754,39.0,25.86,0.0,19.0,3340.0,2.0,0.55,-0.01,-1.03,-0.06,0.41,-0.28,5.17,465.0,TEST2RR,AKR_TEST2RR,0.0,1.0,1.0,100.0
261700,2,walk,walk,13937,,13937.0,20.0,1.0,6.0,2.0,1.35,-0.017,-0.162,2.051,39.0,25.86,0.0,19.0,3340.0,2.0,0.6,-0.01,-1.03,-0.06,1.04,-1.24,7.23,465.0,TEST2RR,AKR_TEST2RR,0.0,1.0,1.0,100.0
261700,2,walk,walk,13938,,13938.0,20.0,1.0,6.0,2.0,1.5,-0.018,-0.069,2.198,39.0,25.86,0.0,19.0,3340.0,2.0,0.75,-0.01,-1.03,-0.07,1.73,-2.12,9.22,465.0,TEST2RR,AKR_TEST2RR,0.0,1.0,1.0,100.0
261700,2,walk,walk,13939,,13939.0,20.0,1.0,6.0,2.0,1.63,-0.019,-0.002,2.256,39.0,25.83,0.0,19.0,3340.0,2.0,1.01,-0.02,-1.03,-0.07,2.45,-2.84,10.95,465.0,TEST2RR,AKR_TEST2RR,0.0,1.0,1.0,100.0
261700,2,walk,walk,13940,,13940.0,20.0,1.0,6.0,2.0,1.75,-0.02,0.054,2.363,39.0,25.83,0.0,19.0,3340.0,2.0,1.34,-0.02,-1.03,-0.06,3.13,-3.37,12.29,465.0,TEST2RR,AKR_TEST2RR,0.0,1.0,1.0,100.0
261720,2,walk,walk,13941,,13941.0,20.0,1.0,6.0,2.0,1.86,-0.02,-0.053,2.465,39.0,25.83,0.0,19.0,3340.0,2.0,1.73,-0.03,-1.03,-0.06,3.76,-3.72,13.18,465.0,TEST2RR,AKR_TEST2RR,0.0,1.0,1.0,100.0
261720,2,walk,walk,13942,,13942.0,20.0,1.0,6.0,2.0,1.97,-0.022,-0.05,2.663,39.0,25.79,0.0,19.0,3340.0,2.0,2.13,-0.04,-1.02,-0.06,4.29,-3.91,13.65,465.0,TEST2RR,AKR_TEST2RR,0.0,1.0,1.0,100.0
261720,2,walk,walk,13943,,13943.0,20.0,1.0,6.0,2.0,2.08,-0.023,-0.206,2.814,39.0,25.79,0.0,19.0,3340.0,2.0,2.52,-0.05,-1.02,-0.06,4.72,-3.97,13.77,465.0,TEST2RR,AKR_TEST2RR,0.0,1.0,1.0,100.0
261720,2,walk,walk,13944,,13944.0,20.0,1.0,6.0,2.0,2.2,-0.024,-0.119,3.019,39.0,25.76,0.0,19.0,3340.0,2.0,2.89,-0.05,-1.02,-0.06,5.06,-3.95,13.66,465.0,TEST2RR,AKR_TEST2RR,0.0,1.0,1.0,100.0
261740,2,walk,walk,13945,,13945.0,20.0,1.0,6.0,2.0,2.33,-0.026,-0.072,3.13,39.0,25.76,0.0,19.0,3340.0,2.0,3.23,-0.06,-1.02,-0.06,5.3,-3.86,13.38,465.0,TEST2RR,AKR_TEST2RR,0.0,1.0,1.0,100.0
261780,2,walk,walk,13946,,13946.0,20.0,1.0,6.0,2.0,2.47,-0.027,-0.107,3.152,39.0,25.72,0.0,19.0,3340.0,2.0,3.54,-0.06,-1.02,-0.05,5.45,-3.71,12.98,465.0,TEST2RR,AKR_TEST2RR,0.0,1.0,1.0,100.0
261820,2,walk,walk,13947,,13947.0,20.0,1.0,6.0,2.0,2.62,-0.027,-0.007,3.191,39.0,25.76,0.0,19.0,3340.0,2.0,3.84,-0.07,-1.02,-0.05,5.52,-3.52,12.45,465.0,TEST2RR,AKR_TEST2RR,0.0,1.0,1.0,100.0
261860,2,walk,walk,13948,,13948.0,20.0,1.0,6.0,2.0,2.77,-0.027,-0.021,3.199,39.0,25.72,0.0,19.0,3340.0,2.0,4.13,-0.07,-1.02,-0.05,5.52,-3.28,11.82,465.0,TEST2RR,AKR_TEST2RR,0.0,1.0,1.0,100.0
261940,2,walk,walk,13949,,13949.0,20.0,1.0,6.0,2.0,2.94,-0.027,0.007,3.231,39.0,25.72,0.0,19.0,3340.0,2.0,4.41,-0.08,-1.02,-0.05,5.48,-3.0,11.07,465.0,TEST2RR,AKR_TEST2RR,0.0,1.0,1.0,100.0
261940,2,walk,walk,13950,,13950.0,20.0,1.0,6.0,2.0,3.12,-0.027,0.113,3.206,39.0,25.72,0.0,19.0,3340.0,2.0,4.66,-0.08,-1.02,-0.04,5.4,-2.7,10.23,465.0,TEST2RR,AKR_TEST2RR,0.0,1.0,1.0,100.0
261940,2,walk,walk,13951,,13951.0,20.0,1.0,6.0,2.0,3.3,-0.027,0.002,3.182,39.0,25.72,0.0,19.0,3340.0,2.0,4.89,-0.09,-1.01,-0.04,5.29,-2.37,9.33,465.0,TEST2RR,AKR_TEST2RR,0.0,1.0,1.0,100.0
261940,2,walk,walk,13952,,13952.0,20.0,1.0,6.0,2.0,3.49,-0.027,-0.001,3.21,39.0,25.72,0.0,19.0,3340.0,2.0,5.08,-0.09,-1.01,-0.04,5.14,-2.02,8.4,465.0,TEST2RR,AKR_TEST2RR,0.0,1.0,1.0,100.0
261980,2,walk,walk,13953,,13953.0,20.0,1.0,6.0,2.0,3.68,-0.027,-0.062,3.14,39.0,25.72,0.0,19.0,3340.0,2.0,5.25,-0.09,-1.01,-0.04,4.96,-1.68,7.47,465.0,TEST2RR,AKR_TEST2RR,0.0,1.0,1.0,100.0
262000,2,walk,walk,13954,,13954.0,20.0,1.0,6.0,2.0,3.88,-0.026,0.028,3.175,39.0,25.76,0.0,19.0,3340.0,2.0,5.39,-0.1,-1.01,-0.04,4.77,-1.33,6.57,465.0,TEST2RR,AKR_TEST2RR,0.0,1.0,1.0,100.0
262000,2,walk,walk,13955,,13955.0,20.0,1.0,6.0,2.0,4.07,-0.026,-0.079,3.12,39.0,25.72,0.0,19.0,3340.0,2.0,5.51,-0.1,-1.01,-0.04,4.59,-1.0,5.7,465.0,TEST2RR,AKR_TEST2RR,0.0,1.0,1.0,100.0
262000,2,walk,walk,13956,,13956.0,20.0,1.0,6.0,2.0,4.26,-0.026,0.116,3.017,39.0,25.76,0.0,19.0,3340.0,2.0,5.6,-0.1,-1.02,-0.04,4.41,-0.67,4.88,465.0,TEST2RR,AKR_TEST2RR,0.0,1.0,1.0,100.0
262000,2,walk,walk,13957,,13957.0,20.0,1.0,6.0,2.0,4.45,-0.025,0.096,3.027,39.0,25.76,0.0,19.0,3340.0,2.0,5.68,-0.1,-1.02,-0.04,4.23,-0.36,4.09,465.0,TEST2RR,AKR_TEST2RR,0.0,1.0,1.0,100.0
262020,2,walk,walk,13958,,13958.0,20.0,1.0,6.0,2.0,4.63,-0.025,-0.006,2.921,39.0,25.76,0.0,19.0,3340.0,2.0,5.73,-0.1,-1.02,-0.03,4.06,-0.07,3.35,465.0,TEST2RR,AKR_TEST2RR,0.0,1.0,1.0,100.0
262020,2,walk,walk,13959,,13959.0,20.0,1.0,6.0,2.0,4.8,-0.024,-0.005,2.846,39.0,25.79,0.0,19.0,3340.0,2.0,5.78,-0.1,-1.02,-0.03,3.9,0.21,2.63,465.0,TEST2RR,AKR_TEST2RR,0.0,1.0,1.0,100.0
262060,2,walk,walk,13960,,13960.0,20.0,1.0,6.0,2.0,4.97,-0.023,0.066,2.777,39.0,25.79,0.0,19.0,3340.0,2.0,5.8,-0.1,-1.02,-0.03,3.73,0.48,1.96,465.0,TEST2RR,AKR_TEST2RR,0.0,1.0,1.0,100.0
262060,2,walk,walk,13961,,13961.0,20.0,1.0,6.0,2.0,5.12,-0.023,0.115,2.681,39.0,25.79,0.0,19.0,3340.0,2.0,5.81,-0.1,-1.02,-0.03,3.58,0.72,1.34,465.0,TEST2RR,AKR_TEST2RR,0.0,1.0,1.0,100.0
262080,2,walk,walk,13962,,13962.0,20.0,0.0,6.0,2.0,5.27,-0.022,0.066,2.59,39.0,25.79,0.0,18.0,3340.0,2.0,5.81,-0.1,-1.02,-0.03,3.44,0.94,0.77,465.0,TEST2RR,AKR_TEST2RR,0.0,1.0,1.0,100.0
262100,2,walk,walk,13963,,13963.0,20.0,1.0,6.0,2.0,5.4,-0.022,0.069,2.551,39.0,25.83,0.0,19.0,3340.0,2.0,5.79,-0.1,-1.02,-0.03,3.31,1.13,0.26,465.0,TEST2RR,AKR_TEST2RR,0.0,1.0,1.0,100.0
262120,2,walk,walk,13964,,13964.0,20.0,1.0,6.0,2.0,5.52,-0.021,0.095,2.467,39.0,25.83,0.0,19.0,3340.0,2.0,5.75,-0.1,-1.02,-0.03,3.21,1.28,-0.16,465.0,TEST2RR,AKR_TEST2RR,0.0,1.0,1.0,100.0
262140,2,walk,walk,13965,,13965.0,20.0,1.0,6.0,2.0,5.63,-0.02,-0.038,2.44,39.0,25.83,0.0,19.0,3340.0,2.0,5.69,-0.1,-1.02,-0.03,3.14,1.4,-0.48,465.0,TEST2RR,AKR_TEST2RR,0.0,1.0,1.0,100.0
262200,2,walk,walk,13966,,13966.0,20.0,1.0,6.0,2.0,5.72,-0.02,0.06,2.443,39.0,25.83,0.0,19.0,3340.0,2.0,5.63,-0.1,-1.02,-0.03,3.1,1.48,-0.69,466.0,TEST2RR,AKR_TEST2RR,0.0,1.0,1.0,100.0
262200,2,walk,walk,13967,,13967.0,20.0,1.0,6.0,2.0,5.8,-0.02,0.005,2.427,39.0,25.83,0.0,19.0,3340.0,2.0,5.55,-0.1,-1.02,-0.03,3.13,1.51,-0.77,466.0,TEST2RR,AKR_TEST2RR,0.0,1.0,1.0,100.0
262200,2,walk,walk,13968,,13968.0,20.0,1.0,6.0,2.0,5.87,-0.02,0.014,2.47,39.0,25.83,0.0,19.0,3340.0,2.0,5.46,-0.1,-1.02,-0.03,3.21,1.48,-0.73,466.0,TEST2RR,AKR_TEST2RR,0.0,1.0,1.0,100.0
262240,2,walk,walk,13969,,13969.0,20.0,1.0,6.0,2.0,5.93,-0.021,-0.046,2.589,39.0,25.83,0.0,19.0,3340.0,2.0,5.37,-0.1,-1.02,-0.03,3.37,1.41,-0.53,466.0,TEST2RR,AKR_TEST2RR,0.0,1.0,1.0,100.0
262240,2,walk,walk,13970,,13970.0,20.0,1.0,6.0,2.0,5.98,-0.022,0.017,2.681,39.0,25.79,0.0,19.0,3340.0,2.0,5.29,-0.09,-1.02,-0.03,3.6,1.27,-0.19,466.0,TEST2RR,AKR_TEST2RR,0.0,1.0,1.0,100.0
262260,2,walk,walk,13971,,13971.0,20.0,1.0,6.0,2.0,6.02,-0.023,-0.028,2.857,39.0,25.79,0.0,19.0,3340.0,2.0,5.22,-0.09,-1.02,-0.03,3.92,1.09,0.3,466.0,TEST2RR,AKR_TEST2RR,0.0,1.0,1.0,100.0
262300,2,walk,walk,13972,,13972.0,20.0,1.0,6.0,2.0,6.05,-0.024,-0.077,2.955,39.0,25.76,0.0,19.0,3340.0,2.0,5.16,-0.09,-1.02,-0.03,4.32,0.85,0.91,466.0,TEST2RR,AKR_TEST2RR,0.0,1.0,1.0,100.0
262340,2,walk,walk,13973,,13973.0,20.0,1.0,6.0,2.0,6.07,-0.026,-0.105,3.151,39.0,25.76,0.0,19.0,3340.0,2.0,5.12,-0.09,-1.03,-0.03,4.81,0.58,1.64,466.0,TEST2RR,AKR_TEST2RR,0.0,1.0,1.0,100.0
262360,2,walk,walk,13974,,13974.0,20.0,1.0,6.0,2.0,6.09,-0.027,-0.07,3.326,39.0,25.72,0.0,19.0,3340.0,2.0,5.1,-0.09,-1.03,-0.03,5.35,0.28,2.47,466.0,TEST2RR,AKR_TEST2RR,0.0,1.0,1.0,100.0
262360,2,walk,walk,13975,,13975.0,20.0,1.0,6.0,2.0,6.1,-0.028,-0.033,3.458,39.0,25.72,0.0,19.0,3340.0,2.0,5.1,-0.09,-1.03,-0.03,5.94,-0.04,3.36,466.0,TEST2RR,AKR_TEST2RR,0.0,1.0,1.0,100.0
262400,2,walk,walk,13976,,13976.0,20.0,1.0,6.0,2.0,6.11,-0.03,-0.087,3.575,39.0,25.69,0.0,19.0,3340.0,2.0,5.12,-0.09,-1.03,-0.03,6.55,-0.38,4.29,466.0,TEST2RR,AKR_TEST2RR,0.0,1.0,1.0,100.0
262400,2,walk,walk,13977,,13977.0,20.0,1.0,6.0,2.0,6.12,-0.031,-0.084,3.797,39.0,25.65,0.0,19.0,3340.0,2.0,5.17,-0.09,-1.03,-0.03,7.15,-0.71,5.24,466.0,TEST2RR,AKR_TEST2RR,0.0,1.0,1.0,100.0
262400,2,walk,walk,13978,,13978.0,20.0,1.0,6.0,2.0,6.13,-0.032,-0.138,4.014,39.0,25.65,0.0,19.0,3340.0,2.0,5.25,-0.09,-1.03,-0.02,7.71,-1.03,6.19,466.0,TEST2RR,AKR_TEST2RR,0.0,1.0,1.0,100.0
262420,2,walk,walk,13979,,13979.0,20.0,1.0,6.0,2.0,6.14,-0.034,-0.175,4.183,39.0,25.62,0.0,19.0,3340.0,2.0,5.35,-0.1,-1.03,-0.02,8.21,-1.34,7.13,466.0,TEST2RR,AKR_TEST2RR,0.0,1.0,1.0,100.0
262460,2,walk,walk,13980,,13980.0,20.0,1.0,6.0,2.0,6.16,-0.036,-0.119,4.472,39.0,25.58,0.0,19.0,3340.0,2.0,5.48,-0.1,-1.03,-0.02,8.64,-1.61,8.04,466.0,TEST2RR,AKR_TEST2RR,0.0,1.0,1.0,100.0
262480,2,walk,walk,13981,,13981.0,20.0,1.0,6.0,2.0,6.18,-0.038,-0.116,4.597,39.0,25.54,0.0,19.0,3340.0,2.0,5.63,-0.1,-1.03,-0.02,8.97,-1.86,8.9,466.0,TEST2RR,AKR_TEST2RR,0.0,1.0,1.0,100.0
262480,2,walk,walk,13982,,13982.0,20.0,1.0,6.0,2.0,6.22,-0.038,-0.037,4.733,39.0,25.54,0.0,19.0,3340.0,2.0,5.81,-0.1,-1.02,-0.01,9.19,-2.11,9.69,466.0,TEST2RR,AKR_TEST2RR,0.0,1.0,1.0,100.0
262500,2,walk,walk,13983,,13983.0,20.0,1.0,6.0,2.0,6.26,-0.039,-0.069,4.796,39.0,25.51,0.0,19.0,3340.0,2.0,6.02,-0.11,-1.02,-0.01,9.29,-2.42,10.37,466.0,TEST2RR,AKR_TEST2RR,0.0,1.0,1.0,100.0
262540,2,walk,walk,13984,,13984.0,20.0,1.0,6.0,2.0,6.31,-0.04,-0.101,4.851,39.0,25.51,0.0,19.0,3340.0,2.0,6.26,-0.11,-1.02,-0.01,9.24,-2.88,10.94,466.0,TEST2RR,AKR_TEST2RR,0.0,1.0,1.0,100.0
262580,2,walk,walk,13985,,13985.0,20.0,1.0,6.0,2.0,6.37,-0.04,0.081,4.84,39.0,25.51,0.0,19.0,3340.0,2.0,6.51,-0.12,-1.02,-0.01,9.06,-3.56,11.4,466.0,TEST2RR,AKR_TEST2RR,0.0,1.0,1.0,100.0
262600,2,walk,walk,13986,,13986.0,20.0,1.0,6.0,2.0,6.45,-0.04,0.003,4.812,39.0,25.51,0.0,19.0,3340.0,2.0,6.77,-0.12,-1.02,-0.01,8.73,-4.53,11.73,466.0,TEST2RR,AKR_TEST2RR,0.0,1.0,1.0,100.0
262600,2,walk,walk,13987,,13987.0,20.0,1.0,6.0,2.0,6.54,-0.04,-0.03,4.819,39.0,25.51,0.0,19.0,3340.0,2.0,7.03,-0.13,-1.02,-0.01,8.26,-5.84,11.97,466.0,TEST2RR,AKR_TEST2RR,0.0,1.0,1.0,100.0
262600,2,walk,walk,13988,,13988.0,20.0,1.0,6.0,2.0,6.64,-0.04,0.135,4.855,39.0,25.51,0.0,19.0,3340.0,2.0,7.29,-0.13,-1.02,-0.01,7.66,-7.48,12.12,466.0,TEST2RR,AKR_TEST2RR,0.0,1.0,1.0,100.0
262620,2,walk,walk,13989,,13989.0,20.0,1.0,6.0,2.0,6.75,-0.04,-0.034,4.827,39.0,25.51,0.0,19.0,3340.0,2.0,7.52,-0.14,-1.02,-0.01,6.95,-9.42,12.22,466.0,TEST2RR,AKR_TEST2RR,0.0,1.0,1.0,100.0
262660,2,walk,walk,13990,,13990.0,20.0,2.0,6.0,2.0,6.88,-0.039,0.018,4.718,39.0,25.51,0.0,20.0,3340.0,2.0,7.73,-0.14,-1.02,-0.01,6.16,-11.55,12.3,466.0,TEST2RR,AKR_TEST2RR,0.0,1.0,1.0,100.0
262680,2,walk,walk,13991,,13991.0,20.0,2.0,6.0,2.0,7.01,-0.039,0.065,4.624,39.0,25.54,0.0,20.0,3340.0,2.0,7.91,-0.14,-1.02,-0.01,5.31,-13.75,12.38,466.0,TEST2RR,AKR_TEST2RR,0.0,1.0,1.0,100.0
262700,2,walk,walk,13992,,13992.0,20.0,1.0,6.0,2.0,7.16,-0.038,0.111,4.483,39.0,25.54,0.0,19.0,3340.0,2.0,8.07,-0.15,-1.02,0.0,4.44,-15.9,12.48,466.0,TEST2RR,AKR_TEST2RR,0.0,1.0,1.0,100.0
262720,2,walk,walk,13993,,13993.0,20.0,2.0,6.0,2.0,7.32,-0.037,0.123,4.323,39.0,25.58,0.0,20.0,3340.0,2.0,8.21,-0.15,-1.03,0.0,3.58,-17.9,12.6,466.0,TEST2RR,AKR_TEST2RR,0.0,1.0,1.0,100.0
262740,2,walk,walk,13994,,13994.0,20.0,2.0,6.0,2.0,7.49,-0.035,0.095,4.168,39.0,25.62,0.0,20.0,3340.0,2.0,8.36,-0.15,-1.03,0.0,2.74,-19.69,12.75,466.0,TEST2RR,AKR_TEST2RR,0.0,1.0,1.0,100.0
262740,2,walk,walk,13995,,13995.0,20.0,2.0,6.0,2.0,7.67,-0.034,0.147,4.03,39.0,25.62,0.0,20.0,3340.0,2.0,8.51,-0.15,-1.03,0.01,1.94,-21.25,12.9,466.0,TEST2RR,AKR_TEST2RR,0.0,1.0,1.0,100.0
262780,2,walk,walk,13996,,13996.0,20.0,2.0,6.0,2.0,7.85,-0.033,0.175,3.911,39.0,25.62,0.0,20.0,3340.0,2.0,8.69,-0.16,-1.02,0.01,1.21,-22.53,13.05,466.0,TEST2RR,AKR_TEST2RR,0.0,1.0,1.0,100.0
262780,2,walk,walk,13997,,13997.0,20.0,2.0,6.0,2.0,8.04,-0.032,0.096,3.88,39.0,25.65,0.0,20.0,3340.0,2.0,8.88,-0.16,-1.02,0.01,0.56,-23.54,13.21,466.0,TEST2RR,AKR_TEST2RR,0.0,1.0,1.0,100.0
262800,2,walk,walk,13998,,13998.0,20.0,2.0,6.0,2.0,8.24,-0.032,-0.009,3.759,39.0,25.65,0.0,20.0,3340.0,2.0,9.09,-0.16,-1.02,0.02,0.02,-24.24,13.39,466.0,TEST2RR,AKR_TEST2RR,0.0,1.0,1.0,100.0
262840,2,walk,walk,13999,,13999.0,20.0,2.0,6.0,2.0,8.44,-0.031,0.007,3.694,39.0,25.65,0.0,20.0,3340.0,2.0,9.3,-0.17,-1.02,0.02,-0.35,-24.58,13.6,466.0,TEST2RR,AKR_TEST2RR,0.0,1.0,1.0,100.0
262860,2,walk,walk,14000,,14000.0,20.0,2.0,6.0,2.0,8.65,-0.03,0.061,3.605,39.0,25.69,0.0,20.0,3340.0,2.0,9.5,-0.17,-1.02,0.03,-0.52,-24.5,13.86,466.0,TEST2RR,AKR_TEST2RR,0.0,1.0,1.0,100.0
262880,2,walk,walk,14001,,14001.0,20.0,2.0,6.0,2.0,8.86,-0.03,0.069,3.49,39.0,25.69,0.0,19.0,3340.0,2.0,9.67,-0.17,-1.02,0.03,-0.46,-23.92,14.2,466.0,TEST2RR,AKR_TEST2RR,0.0,1.0,1.0,100.0
262900,2,walk,walk,14002,,14002.0,20.0,2.0,6.0,2.0,9.08,-0.028,0.058,3.265,39.0,25.72,0.0,19.0,3340.0,2.0,9.83,-0.18,-1.02,0.04,-0.17,-22.84,14.62,466.0,TEST2RR,AKR_TEST2RR,0.0,1.0,1.0,100.0
262900,2,walk,walk,14003,,14003.0,20.0,2.0,6.0,2.0,9.3,-0.026,0.241,2.969,39.0,25.76,0.0,19.0,3340.0,2.0,9.97,-0.18,-1.02,0.04,0.32,-21.31,15.13,466.0,TEST2RR,AKR_TEST2RR,0.0,1.0,1.0,100.0
262920,2,walk,walk,14004,,14004.0,20.0,2.0,6.0,2.0,9.52,-0.024,0.066,2.817,39.0,25.76,0.0,19.0,3340.0,2.0,10.13,-0.18,-1.03,0.05,0.95,-19.42,15.7,466.0,TEST2RR,AKR_TEST2RR,0.0,1.0,1.0,100.0
262960,2,walk,walk,14005,,14005.0,20.0,2.0,6.0,2.0,9.75,-0.022,0.045,2.57,39.0,25.79,0.0,19.0,3340.0,2.0,10.33,-0.19,-1.03,0.05,1.65,-17.31,16.32,466.0,TEST2RR,AKR_TEST2RR,0.0,1.0,1.0,100.0
262960,2,walk,walk,14006,,14006.0,20.0,1.0,6.0,2.0,9.99,-0.02,0.169,2.313,39.0,25.83,0.0,18.0,3340.0,2.0,10.59,-0.19,-1.03,0.06,2.34,-15.12,16.94,466.0,TEST2RR,AKR_TEST2RR,0.0,1.0,1.0,100.0
263000,2,walk,walk,14007,,14007.0,20.0,1.0,6.0,2.0,10.22,-0.018,0.117,2.118,39.0,25.83,0.0,18.0,3340.0,2.0,10.94,-0.2,-1.02,0.06,2.96,-12.97,17.5,466.0,TEST2RR,AKR_TEST2RR,0.0,1.0,1.0,100.0
263020,2,walk,walk,14008,,14008.0,20.0,1.0,6.0,2.0,10.47,-0.017,0.053,1.949,39.0,25.86,0.0,18.0,3340.0,2.0,11.37,-0.21,-1.02,0.06,3.48,-10.96,17.95,466.0,TEST2RR,AKR_TEST2RR,0.0,1.0,1.0,100.0
263040,2,walk,walk,14009,,14009.0,20.0,1.0,6.0,2.0,10.71,-0.016,0.032,1.823,39.0,25.86,0.0,18.0,3340.0,2.0,11.89,-0.21,-1.01,0.06,3.87,-9.14,18.23,466.0,TEST2RR,AKR_TEST2RR,0.0,1.0,1.0,100.0
263040,2,walk,walk,14010,,14010.0,20.0,1.0,6.0,2.0,10.97,-0.015,-0.083,1.795,39.0,25.86,0.0,18.0,3340.0,2.0,12.48,-0.22,-1.01,0.06,4.14,-7.55,18.31,466.0,TEST2RR,AKR_TEST2RR,0.0,1.0,1.0,100.0
263060,2,walk,walk,14011,,14011.0,20.0,1.0,6.0,2.0,11.23,-0.015,-0.066,1.769,39.0,25.86,0.0,18.0,3340.0,2.0,13.12,-0.23,-1.0,0.06,4.3,-6.18,18.14,466.0,TEST2RR,AKR_TEST2RR,0.0,1.0,1.0,100.0
263080,2,walk,walk,14012,,14012.0,20.0,1.0,6.0,2.0,11.5,-0.015,0.046,1.756,39.0,25.9,0.0,18.0,3340.0,2.0,13.8,-0.24,-0.99,0.06,4.37,-5.02,17.72,466.0,TEST2RR,AKR_TEST2RR,0.0,1.0,1.0,100.0
263100,2,walk,walk,14013,,14013.0,20.0,1.0,6.0,2.0,11.77,-0.015,0.038,1.743,39.0,25.86,0.0,18.0,3340.0,2.0,14.48,-0.25,-0.98,0.06,4.38,-4.06,17.04,466.0,TEST2RR,AKR_TEST2RR,0.0,1.0,1.0,100.0
263120,2,walk,walk,14014,,14014.0,20.0,1.0,6.0,2.0,12.05,-0.015,0.08,1.746,39.0,25.86,0.0,18.0,3340.0,2.0,15.13,-0.26,-0.98,0.06,4.33,-3.3,16.13,466.0,TEST2RR,AKR_TEST2RR,0.0,1.0,1.0,100.0
263140,2,walk,walk,14015,,14015.0,20.0,1.0,6.0,2.0,12.34,-0.014,-0.013,1.725,39.0,25.86,0.0,18.0,3340.0,2.0,15.73,-0.27,-0.97,0.06,4.22,-2.73,15.04,466.0,TEST2RR,AKR_TEST2RR,0.0,1.0,1.0,100.0
263200,2,walk,walk,14016,,14016.0,20.0,1.0,6.0,2.0,12.63,-0.014,0.044,1.71,39.0,25.9,0.0,18.0,3340.0,2.0,16.26,-0.28,-0.97,0.06,4.03,-2.36,13.8,467.0,TEST2RR,AKR_TEST2RR,0.0,1.0,1.0,100.0
263200,2,walk,walk,14017,,14017.0,20.0,1.0,6.0,2.0,12.93,-0.014,0.079,1.658,39.0,25.9,0.0,18.0,3340.0,2.0,16.7,-0.29,-0.96,0.06,3.73,-2.17,12.47,467.0,TEST2RR,AKR_TEST2RR,0.0,1.0,1.0,100.0
263200,2,walk,walk,14018,,14018.0,20.0,1.0,6.0,2.0,13.22,-0.014,0.048,1.602,39.0,25.9,0.0,18.0,3340.0,2.0,17.06,-0.29,-0.96,0.06,3.31,-2.16,11.1,467.0,TEST2RR,AKR_TEST2RR,0.0,1.0,1.0,100.0
263220,2,walk,walk,14019,,14019.0,20.0,1.0,6.0,2.0,13.52,-0.013,0.061,1.576,39.0,25.9,0.0,18.0,3340.0,2.0,17.34,-0.3,-0.96,0.06,2.74,-2.32,9.72,467.0,TEST2RR,AKR_TEST2RR,0.0,1.0,1.0,100.0
263240,2,walk,walk,14020,,14020.0,20.0,1.0,6.0,2.0,13.82,-0.013,0.083,1.532,39.0,25.9,0.0,18.0,3340.0,2.0,17.55,-0.3,-0.96,0.06,2.05,-2.61,8.37,467.0,TEST2RR,AKR_TEST2RR,0.0,1.0,1.0,100.0
263260,2,walk,walk,14021,,14021.0,20.0,1.0,6.0,2.0,14.12,-0.013,-0.054,1.543,39.0,25.9,0.0,18.0,3340.0,2.0,17.7,-0.31,-0.96,0.06,1.26,-3.01,7.06,467.0,TEST2RR,AKR_TEST2RR,0.0,1.0,1.0,100.0
263300,2,walk,walk,14022,,14022.0,20.0,1.0,6.0,2.0,14.4,-0.013,0.014,1.563,39.0,25.9,0.0,18.0,3340.0,2.0,17.8,-0.31,-0.96,0.06,0.42,-3.47,5.82,467.0,TEST2RR,AKR_TEST2RR,0.0,1.0,1.0,100.0
263300,2,walk,walk,14023,,14023.0,20.0,1.0,6.0,2.0,14.68,-0.013,0.01,1.539,39.0,25.9,0.0,18.0,3340.0,2.0,17.86,-0.31,-0.96,0.06,-0.41,-3.94,4.66,467.0,TEST2RR,AKR_TEST2RR,0.0,1.0,1.0,100.0
263320,2,walk,walk,14024,,14024.0,20.0,1.0,6.0,2.0,14.95,-0.014,0.053,1.613,39.0,25.9,0.0,18.0,3340.0,2.0,17.87,-0.31,-0.96,0.06,-1.15,-4.34,3.6,467.0,TEST2RR,AKR_TEST2RR,0.0,1.0,1.0,100.0
263360,2,walk,walk,14025,,14025.0,20.0,1.0,6.0,2.0,15.21,-0.014,-0.095,1.666,39.0,25.9,0.0,18.0,3340.0,2.0,17.83,-0.31,-0.96,0.06,-1.71,-4.63,2.66,467.0,TEST2RR,AKR_TEST2RR,0.0,1.0,1.0,100.0
263380,2,walk,walk,14026,,14026.0,20.0,1.0,6.0,2.0,15.46,-0.014,0.064,1.694,39.0,25.9,0.0,18.0,3340.0,2.0,17.74,-0.31,-0.96,0.06,-2.06,-4.78,1.86,467.0,TEST2RR,AKR_TEST2RR,0.0,1.0,1.0,100.0
263380,2,walk,walk,14027,,14027.0,20.0,1.0,6.0,2.0,15.69,-0.014,0.015,1.706,39.0,25.9,0.0,18.0,3340.0,2.0,17.61,-0.31,-0.97,0.06,-2.17,-4.79,1.21,467.0,TEST2RR,AKR_TEST2RR,0.0,1.0,1.0,100.0
263420,2,walk,walk,14028,,14028.0,20.0,1.0,6.0,2.0,15.9,-0.014,0.03,1.709,39.0,25.9,0.0,18.0,3340.0,2.0,17.44,-0.3,-0.97,0.05,-2.03,-4.68,0.72,467.0,TEST2RR,AKR_TEST2RR,0.0,1.0,1.0,100.0
263440,2,walk,walk,14029,,14029.0,20.0,1.0,6.0,2.0,16.09,-0.014,-0.054,1.695,39.0,25.9,0.0,18.0,3340.0,2.0,17.26,-0.3,-0.97,0.05,-1.67,-4.46,0.39,467.0,TEST2RR,AKR_TEST2RR,0.0,1.0,1.0,100.0
263460,2,walk,walk,14030,,14030.0,20.0,1.0,6.0,2.0,16.27,-0.014,-0.021,1.688,39.0,25.86,0.0,18.0,3340.0,2.0,17.06,-0.3,-0.98,0.05,-1.15,-4.16,0.23,467.0,TEST2RR,AKR_TEST2RR,0.0,1.0,1.0,100.0
263460,2,walk,walk,14031,,14031.0,20.0,1.0,6.0,2.0,16.43,-0.014,0.028,1.68,39.0,25.9,0.0,18.0,3340.0,2.0,16.87,-0.3,-0.98,0.05,-0.53,-3.8,0.22,467.0,TEST2RR,AKR_TEST2RR,0.0,1.0,1.0,100.0
263480,2,walk,walk,14032,,14032.0,20.0,1.0,6.0,2.0,16.57,-0.014,-0.044,1.682,39.0,25.9,0.0,18.0,3340.0,2.0,16.7,-0.3,-0.99,0.05,0.12,-3.41,0.33,467.0,TEST2RR,AKR_TEST2RR,0.0,1.0,1.0,100.0
263520,2,walk,walk,14033,,14033.0,20.0,1.0,6.0,2.0,16.7,-0.014,-0.029,1.669,39.0,25.86,0.0,18.0,3340.0,2.0,16.56,-0.29,-0.99,0.05,0.74,-3.0,0.55,467.0,TEST2RR,AKR_TEST2RR,0.0,1.0,1.0,100.0
263520,2,walk,walk,14034,,14034.0,20.0,1.0,6.0,2.0,16.81,-0.014,0.049,1.672,39.0,25.9,0.0,18.0,3340.0,2.0,16.45,-0.29,-0.99,0.05,1.29,-2.59,0.85,467.0,TEST2RR,AKR_TEST2RR,0.0,1.0,1.0,100.0
263560,2,walk,walk,14035,,14035.0,20.0,1.0,6.0,2.0,16.9,-0.014,-0.07,1.675,39.0,25.9,0.0,18.0,3340.0,2.0,16.38,-0.29,-0.99,0.05,1.73,-2.19,1.21,467.0,TEST2RR,AKR_TEST2RR,0.0,1.0,1.0,100.0
263560,2,walk,walk,14036,,14036.0,20.0,1.0,6.0,2.0,16.99,-0.014,0.023,1.692,39.0,25.86,0.0,18.0,3340.0,2.0,16.33,-0.29,-0.99,0.05,2.07,-1.82,1.61,467.0,TEST2RR,AKR_TEST2RR,0.0,1.0,1.0,100.0
263580,2,walk,walk,14037,,14037.0,20.0,1.0,6.0,2.0,17.05,-0.014,0.033,1.675,39.0,25.9,0.0,18.0,3340.0,2.0,16.3,-0.29,-0.99,0.05,2.34,-1.46,2.05,467.0,TEST2RR,AKR_TEST2RR,0.0,1.0,1.0,100.0
263620,2,walk,walk,14038,,14038.0,20.0,1.0,6.0,2.0,17.11,-0.014,0.006,1.674,39.0,25.9,0.0,18.0,3340.0,2.0,16.29,-0.29,-0.99,0.05,2.56,-1.13,2.51,467.0,TEST2RR,AKR_TEST2RR,0.0,1.0,1.0,100.0
263640,2,walk,walk,14039,,14039.0,20.0,1.0,6.0,2.0,17.16,-0.014,-0.006,1.66,39.0,25.86,0.0,18.0,3340.0,2.0,16.29,-0.29,-0.99,0.06,2.77,-0.81,2.99,467.0,TEST2RR,AKR_TEST2RR,0.0,1.0,1.0,100.0
263660,2,walk,walk,14040,,14040.0,20.0,1.0,6.0,2.0,17.21,-0.014,-0.002,1.591,39.0,25.9,0.0,18.0,3340.0,2.0,16.3,-0.29,-0.99,0.06,3.01,-0.5,3.48,467.0,TEST2RR,AKR_TEST2RR,0.0,1.0,1.0,100.0
263700,2,walk,walk,14041,,14041.0,20.0,2.0,6.0,2.0,17.25,-0.013,0.046,1.543,39.0,25.9,0.0,19.0,3340.0,2.0,16.32,-0.29,-1.0,0.05,3.3,-0.2,3.95,467.0,TEST2RR,AKR_TEST2RR,0.0,1.0,1.0,100.0
263700,2,walk,walk,14042,,14042.0,20.0,2.0,6.0,2.0,17.28,-0.012,0.042,1.436,39.0,25.9,0.0,19.0,3340.0,2.0,16.36,-0.29,-1.0,0.05,3.66,0.1,4.41,467.0,TEST2RR,AKR_TEST2RR,0.0,1.0,1.0,100.0
263740,2,walk,walk,14043,,14043.0,20.0,2.0,6.0,2.0,17.31,-0.012,0.011,1.38,39.0,25.9,0.0,19.0,3340.0,2.0,16.42,-0.29,-1.0,0.05,4.07,0.37,4.83,467.0,TEST2RR,AKR_TEST2RR,0.0,1.0,1.0,100.0
263740,2,walk,walk,14044,,14044.0,20.0,2.0,6.0,2.0,17.35,-0.011,0.011,1.311,39.0,25.9,0.0,19.0,3340.0,2.0,16.51,-0.3,-1.0,0.05,4.5,0.6,5.2,467.0,TEST2RR,AKR_TEST2RR,0.0,1.0,1.0,100.0
263740,2,walk,walk,14045,,14045.0,20.0,2.0,6.0,2.0,17.38,-0.011,0.028,1.264,39.0,25.9,0.0,19.0,3340.0,2.0,16.64,-0.3,-0.99,0.05,4.9,0.78,5.5,467.0,TEST2RR,AKR_TEST2RR,0.0,1.0,1.0,100.0
263760,2,walk,walk,14046,,14046.0,20.0,2.0,6.0,2.0,17.42,-0.01,0.022,1.231,39.0,25.9,0.0,19.0,3340.0,2.0,16.8,-0.3,-0.99,0.05,5.23,0.89,5.73,467.0,TEST2RR,AKR_TEST2RR,0.0,1.0,1.0,100.0
263800,2,walk,walk,14047,,14047.0,20.0,2.0,6.0,2.0,17.46,-0.01,0.045,1.214,39.0,25.9,0.0,19.0,3340.0,2.0,16.99,-0.3,-0.99,0.06,5.41,0.91,5.9,467.0,TEST2RR,AKR_TEST2RR,0.0,1.0,1.0,100.0
263800,2,walk,walk,14048,,14048.0,20.0,2.0,6.0,2.0,17.5,-0.01,0.056,1.207,39.0,25.9,0.0,19.0,3340.0,2.0,17.19,-0.31,-0.99,0.06,5.4,0.84,6.02,467.0,TEST2RR,AKR_TEST2RR,0.0,1.0,1.0,100.0
263840,2,walk,walk,14049,,14049.0,20.0,2.0,6.0,2.0,17.54,-0.01,-0.072,1.2,39.0,25.9,0.0,19.0,3340.0,2.0,17.37,-0.31,-0.98,0.06,5.19,0.71,6.12,467.0,TEST2RR,AKR_TEST2RR,0.0,1.0,1.0,100.0
263860,2,walk,walk,14050,,14050.0,20.0,2.0,6.0,2.0,17.6,-0.01,-0.011,1.182,39.0,25.93,0.0,19.0,3340.0,2.0,17.52,-0.31,-0.98,0.06,4.8,0.57,6.26,467.0,TEST2RR,AKR_TEST2RR,0.0,1.0,1.0,100.0
263860,2,walk,walk,14051,,14051.0,20.0,2.0,6.0,2.0,17.65,-0.01,-0.046,1.182,39.0,25.9,0.0,19.0,3340.0,2.0,17.61,-0.31,-0.98,0.07,4.27,0.47,6.48,467.0,TEST2RR,AKR_TEST2RR,0.0,1.0,1.0,100.0
263880,2,walk,walk,14052,,14052.0,20.0,2.0,6.0,2.0,17.71,-0.01,0.03,1.104,39.0,25.9,0.0,19.0,3340.0,2.0,17.65,-0.31,-0.98,0.07,3.68,0.45,6.81,467.0,TEST2RR,AKR_TEST2RR,0.0,1.0,1.0,100.0
263920,2,walk,walk,14053,,14053.0,20.0,2.0,6.0,2.0,17.78,-0.009,0.049,1.03,39.0,25.93,0.0,19.0,3340.0,2.0,17.65,-0.31,-0.98,0.07,3.1,0.54,7.27,467.0,TEST2RR,AKR_TEST2RR,0.0,1.0,1.0,100.0
263920,2,walk,walk,14054,,14054.0,20.0,2.0,6.0,2.0,17.85,-0.008,0.066,0.924,39.0,25.93,0.0,19.0,3340.0,2.0,17.62,-0.31,-0.98,0.08,2.59,0.72,7.87,467.0,TEST2RR,AKR_TEST2RR,0.0,1.0,1.0,100.0
263940,2,walk,walk,14055,,14055.0,20.0,2.0,6.0,2.0,17.93,-0.007,0.08,0.822,39.0,25.93,0.0,19.0,3340.0,2.0,17.58,-0.31,-0.99,0.08,2.21,0.99,8.6,467.0,TEST2RR,AKR_TEST2RR,0.0,1.0,1.0,100.0
263980,2,walk,walk,14056,,14056.0,20.0,2.0,6.0,2.0,18.01,-0.007,-0.003,0.68,39.0,25.93,0.0,19.0,3340.0,2.0,17.56,-0.31,-0.99,0.08,1.97,1.31,9.45,467.0,TEST2RR,AKR_TEST2RR,0.0,1.0,1.0,100.0
264000,2,walk,walk,14057,,14057.0,20.0,2.0,6.0,2.0,18.1,-0.006,0.029,0.659,39.0,25.93,0.0,19.0,3340.0,2.0,17.56,-0.31,-0.99,0.08,1.91,1.63,10.4,467.0,TEST2RR,AKR_TEST2RR,0.0,1.0,1.0,100.0
264020,2,walk,walk,14058,,14058.0,20.0,2.0,6.0,2.0,18.2,-0.005,0.069,0.509,39.0,25.93,0.0,19.0,3340.0,2.0,17.6,-0.32,-0.99,0.07,2.0,1.92,11.45,467.0,TEST2RR,AKR_TEST2RR,0.0,1.0,1.0,100.0
264040,2,walk,walk,14059,,14059.0,20.0,2.0,6.0,2.0,18.3,-0.004,0.084,0.419,39.0,25.93,0.0,19.0,3340.0,2.0,17.68,-0.32,-0.99,0.07,2.24,2.18,12.57,467.0,TEST2RR,AKR_TEST2RR,0.0,1.0,1.0,100.0
264040,2,walk,walk,14060,,14060.0,20.0,2.0,6.0,2.0,18.41,-0.004,0.05,0.283,39.0,25.93,0.0,19.0,3340.0,2.0,17.79,-0.32,-1.0,0.07,2.57,2.39,13.74,467.0,TEST2RR,AKR_TEST2RR,0.0,1.0,1.0,100.0
264060,2,walk,walk,14061,,14061.0,20.0,2.0,6.0,2.0,18.53,-0.003,0.038,0.231,39.0,25.93,0.0,19.0,3340.0,2.0,17.94,-0.32,-1.0,0.07,2.97,2.56,14.92,467.0,TEST2RR,AKR_TEST2RR,0.0,1.0,1.0,100.0
264100,2,walk,walk,14062,,14062.0,20.0,2.0,6.0,2.0,18.66,-0.002,-0.011,0.031,39.0,25.93,0.0,19.0,3340.0,2.0,18.13,-0.33,-1.0,0.07,3.38,2.73,16.08,467.0,TEST2RR,AKR_TEST2RR,0.0,1.0,1.0,100.0
264100,2,walk,walk,14063,,14063.0,20.0,2.0,6.0,2.0,18.79,-0.001,0.052,-0.114,39.0,25.93,0.0,19.0,3340.0,2.0,18.37,-0.33,-1.0,0.07,3.78,2.9,17.21,467.0,TEST2RR,AKR_TEST2RR,0.0,1.0,1.0,100.0
264120,2,walk,walk,14064,,14064.0,20.0,2.0,6.0,2.0,18.94,0.0,0.028,-0.184,39.0,25.93,0.0,19.0,3340.0,2.0,18.68,-0.34,-0.99,0.07,4.12,3.08,18.26,467.0,TEST2RR,AKR_TEST2RR,0.0,1.0,1.0,100.0
264160,2,walk,walk,14065,,14065.0,20.0,2.0,6.0,2.0,19.1,0.001,0.126,-0.386,39.0,25.93,0.0,19.0,3340.0,2.0,19.05,-0.34,-0.99,0.07,4.39,3.28,19.22,468.0,TEST2RR,AKR_TEST2RR,0.0,1.0,1.0,100.0
264180,2,walk,walk,14066,,14066.0,20.0,2.0,6.0,2.0,19.28,0.003,0.091,-0.532,39.0,25.93,0.0,19.0,3340.0,2.0,19.49,-0.35,-0.99,0.07,4.57,3.51,20.06,468.0,TEST2RR,AKR_TEST2RR,0.0,1.0,1.0,100.0
264180,2,walk,walk,14067,,14067.0,20.0,2.0,6.0,2.0,19.47,0.004,0.044,-0.657,39.0,25.93,0.0,19.0,3340.0,2.0,19.99,-0.36,-0.98,0.07,4.64,3.77,20.77,468.0,TEST2RR,AKR_TEST2RR,0.0,1.0,1.0,100.0
264220,2,walk,walk,14068,,14068.0,20.0,2.0,6.0,2.0,19.67,0.005,0.05,-0.775,39.0,25.93,0.0,19.0,3340.0,2.0,20.55,-0.36,-0.97,0.08,4.61,4.03,21.32,468.0,TEST2RR,AKR_TEST2RR,0.0,1.0,1.0,100.0
264220,2,walk,walk,14069,,14069.0,20.0,2.0,6.0,2.0,19.89,0.006,0.17,-0.878,39.0,25.93,0.0,19.0,3340.0,2.0,21.14,-0.37,-0.97,0.08,4.49,4.3,21.7,468.0,TEST2RR,AKR_TEST2RR,0.0,1.0,1.0,100.0
264240,2,walk,walk,14070,,14070.0,20.0,2.0,6.0,2.0,20.13,0.007,0.123,-1.014,39.0,25.9,0.0,19.0,3340.0,2.0,21.76,-0.38,-0.96,0.08,4.29,4.58,21.9,468.0,TEST2RR,AKR_TEST2RR,0.0,1.0,1.0,100.0
264280,2,walk,walk,14071,,14071.0,20.0,2.0,6.0,2.0,20.38,0.008,0.032,-1.112,39.0,25.93,0.0,19.0,3340.0,2.0,22.39,-0.39,-0.95,0.08,4.04,4.87,21.93,468.0,TEST2RR,AKR_TEST2RR,0.0,1.0,1.0,100.0
264280,2,walk,walk,14072,,14072.0,20.0,2.0,6.0,2.0,20.65,0.009,0.142,-1.192,39.0,25.9,0.0,19.0,3340.0,2.0,23.02,-0.4,-0.94,0.08,3.76,5.16,21.81,468.0,TEST2RR,AKR_TEST2RR,0.0,1.0,1.0,100.0
264300,2,walk,walk,14073,,14073.0,20.0,2.0,6.0,2.0,20.94,0.01,-0.037,-1.329,39.0,25.93,0.0,19.0,3340.0,2.0,23.63,-0.41,-0.94,0.08,3.44,5.44,21.56,468.0,TEST2RR,AKR_TEST2RR,0.0,1.0,1.0,100.0
264340,2,walk,walk,14074,,14074.0,20.0,2.0,6.0,2.0,21.24,0.01,-0.005,-1.408,39.0,25.9,0.0,19.0,3340.0,2.0,24.23,-0.42,-0.93,0.08,3.09,5.67,21.2,468.0,TEST2RR,AKR_TEST2RR,0.0,1.0,1.0,100.0
264340,2,walk,walk,14075,,14075.0,20.0,2.0,6.0,2.0,21.55,0.011,-0.017,-1.499,39.0,25.9,0.0,19.0,3340.0,2.0,24.81,-0.43,-0.92,0.08,2.7,5.82,20.75,468.0,TEST2RR,AKR_TEST2RR,0.0,1.0,1.0,100.0
264400,2,walk,walk,14076,,14076.0,20.0,2.0,6.0,2.0,21.88,0.012,0.032,-1.544,39.0,25.9,0.0,19.0,3340.0,2.0,25.36,-0.43,-0.92,0.08,2.26,5.85,20.21,468.0,TEST2RR,AKR_TEST2RR,0.0,1.0,1.0,100.0
264400,2,walk,walk,14077,,14077.0,20.0,1.0,6.0,2.0,22.21,0.013,0.01,-1.662,39.0,25.9,0.0,18.0,3340.0,2.0,25.88,-0.44,-0.91,0.08,1.77,5.75,19.61,468.0,TEST2RR,AKR_TEST2RR,0.0,1.0,1.0,100.0
264420,2,walk,walk,14078,,14078.0,20.0,1.0,6.0,2.0,22.56,0.014,0.08,-1.722,39.0,25.9,0.0,18.0,3340.0,2.0,26.36,-0.45,-0.91,0.08,1.22,5.49,18.96,468.0,TEST2RR,AKR_TEST2RR,0.0,1.0,1.0,100.0
264420,2,walk,walk,14079,,14079.0,20.0,1.0,6.0,2.0,22.92,0.014,0.083,-1.817,39.0,25.86,0.0,18.0,3340.0,2.0,26.79,-0.46,-0.91,0.07,0.65,5.07,18.26,468.0,TEST2RR,AKR_TEST2RR,0.0,1.0,1.0,100.0
264460,2,walk,walk,14080,,14080.0,20.0,1.0,6.0,2.0,23.28,0.015,0.087,-1.985,39.0,25.86,0.0,18.0,3340.0,2.0,27.16,-0.46,-0.9,0.07,0.07,4.53,17.54,468.0,TEST2RR,AKR_TEST2RR,0.0,1.0,1.0,100.0
264480,2,walk,walk,14081,,14081.0,20.0,1.0,6.0,2.0,23.65,0.017,-0.005,-2.109,39.0,25.86,0.0,18.0,3340.0,2.0,27.46,-0.47,-0.9,0.07,-0.48,3.86,16.8,468.0,TEST2RR,AKR_TEST2RR,0.0,1.0,1.0,100.0
264500,2,walk,walk,14082,,14082.0,20.0,1.0,6.0,2.0,24.02,0.018,0.032,-2.266,39.0,25.86,0.0,18.0,3340.0,2.0,27.69,-0.47,-0.9,0.06,-0.97,3.1,16.07,468.0,TEST2RR,AKR_TEST2RR,0.0,1.0,1.0,100.0
264520,2,walk,walk,14083,,14083.0,20.0,1.0,6.0,2.0,24.39,0.019,0.113,-2.402,39.0,25.83,0.0,18.0,3340.0,2.0,27.86,-0.48,-0.9,0.06,-1.37,2.24,15.35,468.0,TEST2RR,AKR_TEST2RR,0.0,1.0,1.0,100.0
264520,2,walk,walk,14084,,14084.0,20.0,1.0,6.0,2.0,24.76,0.02,0.148,-2.504,39.0,25.83,0.0,18.0,3340.0,2.0,27.96,-0.48,-0.91,0.05,-1.69,1.19,14.59,468.0,TEST2RR,AKR_TEST2RR,0.0,1.0,1.0,100.0
264560,2,walk,walk,14085,,14085.0,20.0,1.0,6.0,2.0,25.12,0.02,0.013,-2.566,39.0,25.83,0.0,18.0,3340.0,2.0,28.01,-0.48,-0.91,0.05,-1.92,-0.22,13.7,468.0,TEST2RR,AKR_TEST2RR,0.0,1.0,1.0,100.0
264560,2,walk,walk,14086,,14086.0,20.0,1.0,6.0,2.0,25.48,0.02,-0.088,-2.521,39.0,25.83,0.0,18.0,3340.0,2.0,28.0,-0.48,-0.91,0.04,-2.09,-2.46,12.49,468.0,TEST2RR,AKR_TEST2RR,0.0,1.0,1.0,100.0
264600,2,walk,walk,14087,,14087.0,20.0,1.0,6.0,2.0,25.84,0.021,-0.038,-2.547,39.0,25.83,0.0,18.0,3340.0,2.0,27.9,-0.48,-0.91,0.04,-2.23,-6.17,10.68,468.0,TEST2RR,AKR_TEST2RR,0.0,1.0,1.0,100.0
264620,2,walk,walk,14088,,14088.0,20.0,1.0,6.0,2.0,26.18,0.02,-0.132,-2.484,39.0,25.83,0.0,18.0,3340.0,2.0,27.64,-0.47,-0.9,0.04,-2.39,-11.73,7.94,468.0,TEST2RR,AKR_TEST2RR,0.0,1.0,1.0,100.0
264620,2,walk,walk,14089,,14089.0,20.0,1.0,6.0,2.0,26.52,0.02,-0.028,-2.535,39.0,25.83,0.0,18.0,3340.0,2.0,27.12,-0.46,-0.9,0.04,-2.66,-19.05,4.02,468.0,TEST2RR,AKR_TEST2RR,0.0,1.0,1.0,100.0
264660,2,walk,walk,14090,,14090.0,20.0,1.0,0.0,5.0,26.84,0.02,-0.006,-2.43,39.0,25.83,0.0,18.0,3340.0,2.0,26.23,-0.44,-0.9,0.04,-3.12,-27.48,-1.12,468.0,TEST2RR,AKR_TEST2RR,0.0,1.0,1.0,100.0
264660,2,walk,walk,14091,,14091.0,20.0,0.0,0.0,6.0,27.13,0.02,-0.046,-2.434,39.0,25.83,0.0,19.0,3340.0,2.0,24.85,-0.41,-0.89,0.05,-3.82,-35.99,-7.41,468.0,TEST2RR,AKR_TEST2RR,0.0,1.0,1.0,100.0
264700,2,walk,walk,14092,,14092.0,20.0,0.0,0.0,6.0,27.4,0.02,-0.046,-2.434,39.0,25.83,0.0,39.0,3340.0,2.0,22.91,-0.38,-0.89,0.07,-4.77,-43.47,-15.26,468.0,TEST2RR,AKR_TEST2RR,0.0,1.0,1.0,100.0
264720,2,walk,walk,14093,,14093.0,20.0,0.0,0.0,6.0,27.64,0.02,-0.046,-2.434,39.0,25.83,0.0,59.0,3340.0,2.0,20.48,-0.33,-0.89,0.08,-5.99,-48.93,-24.81,468.0,TEST2RR,AKR_TEST2RR,0.0,1.0,1.0,100.0
264740,2,walk,walk,14094,,14094.0,20.0,0.0,0.0,6.0,27.83,0.26,32.131,0.0,39.0,26.0,0.0,4.0,3340.0,2.0,17.83,-0.29,-0.89,0.1,-7.47,-51.51,-35.55,468.0,TEST2RR,AKR_TEST2RR,0.0,1.0,1.0,100.0
264740,2,walk,walk,14095,,14095.0,20.0,0.0,0.0,6.0,27.96,0.247,-0.139,0.0,39.0,25.93,0.0,4.0,3340.0,2.0,15.21,-0.25,-0.9,0.12,-9.12,-50.7,-46.62,468.0,TEST2RR,AKR_TEST2RR,0.0,1.0,1.0,100.0
264760,2,walk,walk,14096,,14096.0,20.0,0.0,0.0,6.0,28.02,0.251,0.481,0.0,39.0,25.97,0.0,4.0,3340.0,2.0,12.72,-0.21,-0.91,0.14,-10.81,-46.49,-57.36,468.0,TEST2RR,AKR_TEST2RR,0.0,1.0,1.0,100.0
264780,2,walk,walk,14097,,14097.0,20.0,0.0,0.0,6.0,28.0,0.261,0.5,0.0,39.0,25.97,0.0,4.0,3340.0,2.0,10.47,-0.17,-0.92,0.15,-12.39,-39.24,-67.37,468.0,TEST2RR,AKR_TEST2RR,0.0,1.0,1.0,100.0
264800,2,walk,walk,14098,,14098.0,20.0,0.0,0.0,6.0,27.87,0.265,0.013,0.0,39.0,25.97,0.0,4.0,3340.0,2.0,8.52,-0.14,-0.94,0.16,-13.66,-29.51,-76.43,468.0,TEST2RR,AKR_TEST2RR,0.0,1.0,1.0,100.0
264840,2,walk,walk,14099,,14099.0,20.0,0.0,0.0,6.0,27.62,0.265,0.014,0.0,39.0,25.93,0.0,4.0,3340.0,2.0,6.91,-0.12,-0.96,0.16,-14.43,-18.0,-84.43,468.0,TEST2RR,AKR_TEST2RR,0.0,1.0,1.0,100.0
264840,2,walk,walk,14100,,14100.0,20.0,0.0,0.0,6.0,27.25,0.265,-0.079,0.0,39.0,25.97,0.0,4.0,3340.0,2.0,5.66,-0.1,-0.98,0.16,-14.58,-5.53,-91.3,468.0,TEST2RR,AKR_TEST2RR,0.0,1.0,1.0,100.0
264860,2,walk,walk,14101,,14101.0,20.0,0.0,0.0,6.0,26.74,0.265,0.009,0.0,39.0,25.93,0.0,4.0,3340.0,2.0,4.77,-0.08,-1.01,0.15,-14.07,7.09,-97.01,468.0,TEST2RR,AKR_TEST2RR,0.0,1.0,1.0,100.0
264880,2,walk,walk,14102,,14102.0,20.0,0.0,0.0,6.0,26.09,0.264,-0.026,0.0,39.0,25.97,0.0,4.0,3340.0,2.0,4.21,-0.08,-1.03,0.14,-12.96,19.16,-101.5,468.0,TEST2RR,AKR_TEST2RR,0.0,1.0,1.0,100.0
264900,2,walk,walk,14103,,14103.0,20.0,0.0,0.0,6.0,25.29,0.263,-0.061,0.0,39.0,25.97,0.0,4.0,3340.0,2.0,3.94,-0.07,-1.05,0.12,-11.44,30.08,-104.71,468.0,TEST2RR,AKR_TEST2RR,0.0,1.0,1.0,100.0
264920,2,walk,walk,14104,,14104.0,20.0,0.0,0.0,6.0,24.35,0.26,-0.311,0.0,39.0,25.97,0.0,4.0,3340.0,2.0,3.95,-0.07,-1.07,0.09,-9.81,39.39,-106.56,468.0,TEST2RR,AKR_TEST2RR,0.0,1.0,1.0,100.0
264940,2,walk,walk,14105,,14105.0,20.0,0.0,0.0,6.0,23.26,0.258,-0.162,0.0,39.0,25.97,0.0,4.0,3340.0,2.0,4.19,-0.08,-1.09,0.07,-8.35,46.7,-106.93,468.0,TEST2RR,AKR_TEST2RR,0.0,1.0,1.0,100.0
264980,2,walk,walk,14106,,14106.0,20.0,0.0,0.0,7.0,22.03,0.257,0.068,0.0,39.0,25.97,0.0,4.0,3340.0,2.0,4.61,-0.09,-1.1,0.04,-7.31,51.74,-105.77,468.0,TEST2RR,AKR_TEST2RR,0.0,1.0,1.0,100.0
265000,2,walk,walk,14107,,14107.0,20.0,0.0,0.0,7.0,20.68,0.257,0.065,0.0,39.0,25.93,0.0,4.0,3340.0,2.0,5.19,-0.1,-1.11,0.01,-6.82,54.35,-103.05,468.0,TEST2RR,AKR_TEST2RR,0.0,1.0,1.0,100.0
265000,2,walk,walk,14108,,14108.0,20.0,0.0,0.0,7.0,19.22,0.255,-0.072,0.0,39.0,25.97,0.0,4.0,3340.0,2.0,5.89,-0.11,-1.11,-0.02,-6.88,54.54,-98.81,468.0,TEST2RR,AKR_TEST2RR,0.0,1.0,1.0,100.0
265040,2,walk,walk,14109,,14109.0,20.0,0.0,0.0,7.0,17.67,0.254,-0.17,0.0,39.0,25.97,0.0,4.0,3340.0,2.0,6.69,-0.13,-1.1,-0.05,-7.43,52.44,-93.15,468.0,TEST2RR,AKR_TEST2RR,0.0,1.0,1.0,100.0
265040,2,walk,walk,14110,,14110.0,20.0,0.0,0.0,7.0,16.03,0.249,-0.359,0.0,39.0,25.97,0.0,4.0,3340.0,2.0,7.56,-0.15,-1.09,-0.07,-8.34,48.33,-86.15,468.0,TEST2RR,AKR_TEST2RR,0.0,1.0,1.0,100.0
265060,2,walk,walk,14111,,14111.0,20.0,0.0,0.0,7.0,14.35,0.244,-0.399,0.0,39.0,25.97,0.0,4.0,3340.0,2.0,8.51,-0.16,-1.08,-0.08,-9.52,42.53,-77.94,468.0,TEST2RR,AKR_TEST2RR,0.0,1.0,1.0,100.0
265080,2,walk,walk,14112,,14112.0,20.0,0.0,0.0,7.0,12.62,0.234,-0.657,0.0,39.0,25.97,0.0,4.0,3340.0,2.0,9.49,-0.18,-1.07,-0.09,-10.87,35.36,-68.64,468.0,TEST2RR,AKR_TEST2RR,0.0,1.0,1.0,100.0
265120,2,walk,walk,14113,,14113.0,20.0,0.0,0.0,7.0,10.89,0.228,-0.279,0.0,39.0,25.93,0.0,4.0,3340.0,2.0,10.47,-0.19,-1.05,-0.1,-12.32,27.12,-58.42,468.0,TEST2RR,AKR_TEST2RR,0.0,1.0,1.0,100.0
265140,2,walk,walk,14114,,14114.0,20.0,0.0,0.0,7.0,9.17,0.227,0.015,0.0,38.0,25.97,0.0,4.0,3340.0,2.0,11.39,-0.21,-1.03,-0.1,-13.81,18.09,-47.57,469.0,TEST2RR,AKR_TEST2RR,0.0,1.0,1.0,100.0
265160,2,walk,walk,14115,,14115.0,20.0,0.0,0.0,7.0,7.48,0.172,-7.085,0.0,39.0,25.97,0.0,4.0,3340.0,2.0,12.16,-0.22,-1.02,-0.1,-15.1,8.83,-36.57,469.0,TEST2RR,AKR_TEST2RR,0.0,1.0,1.0,100.0
265180,2,walk,walk,14116,,14116.0,20.0,0.0,0.0,7.0,5.85,0.096,-2.253,0.0,39.0,25.97,0.0,4.0,3340.0,2.0,12.32,-0.22,-1.01,-0.09,-16.24,-0.34,-25.73,469.0,TEST2RR,AKR_TEST2RR,0.0,1.0,1.0,100.0
265180,2,walk,walk,14117,,14117.0,20.0,0.0,0.0,7.0,4.3,0.107,3.703,0.0,38.0,25.97,0.0,4.0,3340.0,2.0,11.34,-0.2,-1.01,-0.07,-16.82,-9.39,-15.98,469.0,TEST2RR,AKR_TEST2RR,0.0,1.0,1.0,100.0
265200,2,walk,walk,14118,,14118.0,20.0,0.0,0.0,7.0,2.86,0.176,0.61,0.0,38.0,25.97,0.0,4.0,3340.0,2.0,9.12,-0.16,-1.02,-0.06,-16.7,-18.33,-8.23,469.0,TEST2RR,AKR_TEST2RR,0.0,1.0,1.0,100.0
265220,2,walk,walk,14119,,14119.0,20.0,0.0,0.0,1.0,1.52,0.144,-3.927,0.0,39.0,25.93,0.0,4.0,3340.0,2.0,6.04,-0.11,-1.04,-0.04,-16.04,-26.69,-2.13,469.0,TEST2RR,AKR_TEST2RR,0.0,1.0,1.0,100.0
265240,2,walk,walk,14120,,14120.0,20.0,0.0,0.0,1.0,0.32,0.112,-0.683,0.0,38.0,25.93,0.0,4.0,3340.0,2.0,2.58,-0.05,-1.05,-0.01,-15.09,-33.79,3.04,469.0,TEST2RR,AKR_TEST2RR,0.0,1.0,1.0,100.0
265260,2,walk,walk,14121,,14121.0,20.0,0.0,0.0,1.0,-0.76,0.099,-0.98,0.0,38.0,25.97,0.0,4.0,3340.0,2.0,-0.8,0.01,-1.06,0.01,-14.03,-39.13,7.69,469.0,TEST2RR,AKR_TEST2RR,0.0,1.0,1.0,100.0
265300,2,walk,walk,14122,,14122.0,20.0,0.0,0.0,1.0,-1.7,0.087,-1.18,0.0,38.0,25.93,0.0,4.0,3340.0,2.0,-3.8,0.07,-1.08,0.03,-12.94,-42.57,12.01,469.0,TEST2RR,AKR_TEST2RR,0.0,1.0,1.0,100.0
265300,2,walk,walk,14123,,14123.0,20.0,0.0,0.0,1.0,-2.51,0.069,-1.099,0.0,38.0,25.93,0.0,4.0,3340.0,2.0,-6.24,0.12,-1.09,0.04,-11.76,-44.18,16.17,469.0,TEST2RR,AKR_TEST2RR,0.0,1.0,1.0,100.0
265340,2,walk,walk,14124,,14124.0,20.0,0.0,0.0,1.0,-3.18,0.052,-1.239,0.0,38.0,25.97,0.0,4.0,3340.0,2.0,-8.06,0.16,-1.1,0.05,-10.43,-44.19,20.23,469.0,TEST2RR,AKR_TEST2RR,0.0,1.0,1.0,100.0
265340,2,walk,walk,14125,,14125.0,20.0,0.0,0.0,1.0,-3.74,0.037,-0.903,0.0,38.0,25.97,0.0,4.0,3340.0,2.0,-9.28,0.18,-1.1,0.06,-8.9,-42.86,24.15,469.0,TEST2RR,AKR_TEST2RR,0.0,1.0,1.0,100.0
265360,2,walk,walk,14126,,14126.0,20.0,0.0,0.0,1.0,-4.17,0.022,-0.996,0.0,38.0,25.93,0.0,4.0,3340.0,2.0,-9.95,0.19,-1.1,0.06,-7.19,-40.55,27.86,469.0,TEST2RR,AKR_TEST2RR,0.0,1.0,1.0,100.0
265380,2,walk,walk,14127,,14127.0,20.0,0.0,0.0,1.0,-4.5,0.01,-0.805,0.0,38.0,25.97,0.0,4.0,3340.0,2.0,-10.15,0.2,-1.1,0.05,-5.37,-37.56,31.23,469.0,TEST2RR,AKR_TEST2RR,0.0,1.0,1.0,100.0
265400,2,walk,walk,14128,,14128.0,20.0,0.0,0.0,1.0,-4.73,-0.006,-1.053,0.0,38.0,25.97,0.0,4.0,3340.0,2.0,-9.93,0.19,-1.1,0.05,-3.51,-34.19,34.21,469.0,TEST2RR,AKR_TEST2RR,0.0,1.0,1.0,100.0
265440,2,walk,walk,14129,,14129.0,20.0,0.0,0.0,1.0,-4.87,-0.017,-0.77,0.0,38.0,25.97,0.0,4.0,3340.0,2.0,-9.36,0.18,-1.09,0.04,-1.7,-30.67,36.68,469.0,TEST2RR,AKR_TEST2RR,0.0,1.0,1.0,100.0
265460,2,walk,walk,14130,,14130.0,20.0,0.0,0.0,1.0,-4.91,-0.031,-0.757,0.0,38.0,25.97,0.0,4.0,3340.0,2.0,-8.54,0.16,-1.08,0.04,-0.02,-27.14,38.59,469.0,TEST2RR,AKR_TEST2RR,0.0,1.0,1.0,100.0
265460,2,walk,walk,14131,,14131.0,20.0,0.0,0.0,1.0,-4.88,-0.039,-0.483,0.0,38.0,25.97,0.0,4.0,3340.0,2.0,-7.51,0.14,-1.07,0.04,1.47,-23.76,39.88,469.0,TEST2RR,AKR_TEST2RR,0.0,1.0,1.0,100.0
265500,2,walk,walk,14132,,14132.0,20.0,0.0,0.0,1.0,-4.77,-0.05,-0.908,0.0,38.0,25.93,0.0,4.0,3340.0,2.0,-6.34,0.12,-1.06,0.03,2.73,-20.59,40.55,469.0,TEST2RR,AKR_TEST2RR,0.0,1.0,1.0,100.0
265520,2,walk,walk,14133,,14133.0,20.0,0.0,0.0,1.0,-4.59,-0.057,-0.195,0.0,38.0,25.97,0.0,4.0,3340.0,2.0,-5.1,0.09,-1.06,0.03,3.75,-17.64,40.63,469.0,TEST2RR,AKR_TEST2RR,0.0,1.0,1.0,100.0
265520,2,walk,walk,14134,,14134.0,20.0,0.0,0.0,1.0,-4.35,-0.062,-0.354,0.0,38.0,25.97,0.0,4.0,3340.0,2.0,-3.82,0.07,-1.05,0.03,4.5,-14.96,40.12,469.0,TEST2RR,AKR_TEST2RR,0.0,1.0,1.0,100.0
265560,2,walk,walk,14135,,14135.0,20.0,0.0,0.0,1.0,-4.05,-0.065,-0.019,0.0,38.0,25.97,0.0,4.0,3340.0,2.0,-2.55,0.05,-1.04,0.03,4.95,-12.58,39.03,469.0,TEST2RR,AKR_TEST2RR,0.0,1.0,1.0,100.0
265560,2,walk,walk,14136,,14136.0,20.0,0.0,0.0,1.0,-3.69,-0.067,-0.257,0.0,38.0,25.97,0.0,4.0,3340.0,2.0,-1.3,0.02,-1.03,0.03,5.06,-10.48,37.4,469.0,TEST2RR,AKR_TEST2RR,0.0,1.0,1.0,100.0
265580,2,walk,walk,14137,,14137.0,20.0,0.0,0.0,1.0,-3.28,-0.072,-0.267,0.0,38.0,25.97,0.0,4.0,3340.0,2.0,-0.13,0.0,-1.03,0.03,4.82,-8.62,35.33,469.0,TEST2RR,AKR_TEST2RR,0.0,1.0,1.0,100.0
265600,2,walk,walk,14138,,14138.0,20.0,0.0,0.0,1.0,-2.84,-0.075,-0.178,0.0,38.0,25.97,0.0,4.0,3340.0,2.0,0.95,-0.02,-1.02,0.03,4.21,-6.96,32.94,469.0,TEST2RR,AKR_TEST2RR,0.0,1.0,1.0,100.0
265640,2,walk,walk,14139,,14139.0,20.0,0.0,0.0,1.0,-2.35,-0.076,-0.151,0.0,38.0,25.97,0.0,4.0,3340.0,2.0,1.92,-0.03,-1.02,0.03,3.27,-5.49,30.34,469.0,TEST2RR,AKR_TEST2RR,0.0,1.0,1.0,100.0
265660,2,walk,walk,14140,,14140.0,20.0,0.0,0.0,1.0,-1.84,-0.078,-0.124,0.0,38.0,25.97,0.0,4.0,3340.0,2.0,2.77,-0.05,-1.02,0.04,2.08,-4.22,27.66,469.0,TEST2RR,AKR_TEST2RR,0.0,1.0,1.0,100.0
265660,2,walk,walk,14141,,14141.0,20.0,0.0,0.0,1.0,-1.31,-0.08,-0.207,0.0,38.0,25.97,0.0,4.0,3340.0,2.0,3.51,-0.06,-1.01,0.04,0.73,-3.13,24.98,469.0,TEST2RR,AKR_TEST2RR,0.0,1.0,1.0,100.0
265700,2,walk,walk,14142,,14142.0,20.0,0.0,0.0,1.0,-0.75,-0.084,-0.335,0.0,38.0,25.97,0.0,4.0,3340.0,2.0,4.14,-0.07,-1.01,0.04,-0.69,-2.23,22.44,469.0,TEST2RR,AKR_TEST2RR,0.0,1.0,1.0,100.0
265700,2,walk,walk,14143,,14143.0,20.0,0.0,0.0,1.0,-0.2,-0.089,-0.347,0.0,38.0,25.97,0.0,4.0,3340.0,2.0,4.65,-0.08,-1.01,0.03,-2.09,-1.49,20.14,469.0,TEST2RR,AKR_TEST2RR,0.0,1.0,1.0,100.0
265720,2,walk,walk,14144,,14144.0,20.0,0.0,0.0,1.0,0.37,-0.097,-0.604,0.0,38.0,25.97,0.0,4.0,3340.0,2.0,5.08,-0.09,-1.01,0.03,-3.41,-0.86,18.2,469.0,TEST2RR,AKR_TEST2RR,0.0,1.0,1.0,100.0
265760,2,walk,walk,14145,,14145.0,20.0,0.0,0.0,1.0,0.92,-0.105,-0.375,0.0,38.0,25.97,0.0,4.0,3340.0,2.0,5.43,-0.1,-1.01,0.03,-4.58,-0.34,16.67,469.0,TEST2RR,AKR_TEST2RR,0.0,1.0,1.0,100.0
265760,2,walk,walk,14146,,14146.0,20.0,0.0,0.0,1.0,1.47,-0.11,-0.316,0.0,38.0,25.97,0.0,4.0,3340.0,2.0,5.73,-0.1,-1.01,0.02,-5.6,0.1,15.55,469.0,TEST2RR,AKR_TEST2RR,0.0,1.0,1.0,100.0
265780,2,walk,walk,14147,,14147.0,20.0,0.0,6.0,2.0,2.01,-0.113,-0.058,0.0,38.0,25.97,0.0,4.0,3340.0,2.0,6.0,-0.11,-1.01,0.02,-6.48,0.44,14.73,469.0,TEST2RR,AKR_TEST2RR,0.0,1.0,1.0,100.0
265820,2,walk,walk,14148,,14148.0,20.0,0.0,6.0,2.0,2.53,-0.113,-0.072,-0.063,38.0,25.86,0.0,18.0,3340.0,2.0,6.3,-0.11,-1.01,0.01,-7.25,0.61,13.8,469.0,TEST2RR,AKR_TEST2RR,0.0,1.0,1.0,100.0
265840,2,walk,walk,14149,,14149.0,20.0,0.0,6.0,2.0,3.02,-0.08,2.427,2.464,38.0,25.72,0.0,18.0,3340.0,2.0,6.64,-0.12,-1.01,0.01,-7.93,0.49,12.21,469.0,TEST2RR,AKR_TEST2RR,0.0,1.0,1.0,100.0
265840,2,walk,walk,14150,,14150.0,20.0,0.0,6.0,2.0,3.5,-0.052,1.354,3.18,38.0,25.69,0.0,18.0,3340.0,2.0,6.98,-0.12,-1.01,0.0,-8.53,0.1,9.88,469.0,TEST2RR,AKR_TEST2RR,0.0,1.0,1.0,100.0
265860,2,walk,walk,14151,,14151.0,20.0,0.0,6.0,2.0,3.96,-0.041,0.461,3.77,38.0,25.65,0.0,18.0,3340.0,2.0,7.29,-0.13,-1.01,0.0,-9.07,-0.43,7.03,469.0,TEST2RR,AKR_TEST2RR,0.0,1.0,1.0,100.0
265880,2,walk,walk,14152,,14152.0,20.0,1.0,6.0,2.0,4.38,-0.037,0.154,4.006,38.0,25.65,0.0,19.0,3340.0,2.0,7.55,-0.13,-1.01,0.0,-9.54,-0.97,3.96,469.0,TEST2RR,AKR_TEST2RR,0.0,1.0,1.0,100.0
265900,2,walk,walk,14153,,14153.0,20.0,0.0,6.0,2.0,4.78,-0.035,0.187,3.961,38.0,25.65,0.0,18.0,3340.0,2.0,7.72,-0.14,-1.01,-0.01,-9.94,-1.42,0.98,469.0,TEST2RR,AKR_TEST2RR,0.0,1.0,1.0,100.0
265940,2,walk,walk,14154,,14154.0,20.0,1.0,6.0,2.0,5.16,-0.035,0.021,4.018,38.0,25.62,0.0,19.0,3340.0,2.0,7.78,-0.14,-1.01,-0.01,-10.23,-1.77,-1.67,469.0,TEST2RR,AKR_TEST2RR,0.0,1.0,1.0,100.0
265980,2,walk,walk,14155,,14155.0,20.0,1.0,6.0,2.0,5.5,-0.035,-0.042,4.134,38.0,25.62,0.0,19.0,3340.0,2.0,7.75,-0.14,-1.01,-0.02,-10.34,-2.01,-3.82,469.0,TEST2RR,AKR_TEST2RR,0.0,1.0,1.0,100.0
265980,2,walk,walk,14156,,14156.0,20.0,1.0,6.0,2.0,5.8,-0.035,0.054,4.166,38.0,25.62,0.0,19.0,3340.0,2.0,7.64,-0.14,-1.01,-0.03,-10.24,-2.14,-5.37,469.0,TEST2RR,AKR_TEST2RR,0.0,1.0,1.0,100.0
265980,2,walk,walk,14157,,14157.0,20.0,1.0,6.0,2.0,6.08,-0.035,-0.085,4.208,38.0,25.58,0.0,19.0,3340.0,2.0,7.47,-0.13,-1.01,-0.03,-9.89,-2.19,-6.34,469.0,TEST2RR,AKR_TEST2RR,0.0,1.0,1.0,100.0
266000,2,walk,walk,14158,,14158.0,20.0,1.0,6.0,2.0,6.31,-0.035,-0.03,4.229,38.0,25.58,0.0,19.0,3340.0,2.0,7.27,-0.13,-1.02,-0.04,-9.28,-2.18,-6.79,469.0,TEST2RR,AKR_TEST2RR,0.0,1.0,1.0,100.0
266020,2,walk,walk,14159,,14159.0,20.0,1.0,6.0,2.0,6.51,-0.035,-0.005,4.21,38.0,25.62,0.0,19.0,3340.0,2.0,7.07,-0.13,-1.02,-0.04,-8.42,-2.11,-6.8,469.0,TEST2RR,AKR_TEST2RR,0.0,1.0,1.0,100.0
266040,2,walk,walk,14160,,14160.0,20.0,1.0,6.0,2.0,6.68,-0.035,-0.07,4.258,38.0,25.58,0.0,19.0,3340.0,2.0,6.88,-0.12,-1.02,-0.05,-7.37,-2.0,-6.5,469.0,TEST2RR,AKR_TEST2RR,0.0,1.0,1.0,100.0
266080,2,walk,walk,14161,,14161.0,20.0,1.0,6.0,2.0,6.81,-0.035,0.041,4.271,38.0,25.58,0.0,19.0,3340.0,2.0,6.69,-0.12,-1.02,-0.05,-6.16,-1.89,-5.94,469.0,TEST2RR,AKR_TEST2RR,0.0,1.0,1.0,100.0
266080,2,walk,walk,14162,,14162.0,20.0,1.0,6.0,2.0,6.91,-0.036,-0.1,4.459,38.0,25.58,0.0,19.0,3340.0,2.0,6.52,-0.12,-1.02,-0.06,-4.84,-1.82,-5.15,469.0,TEST2RR,AKR_TEST2RR,0.0,1.0,1.0,100.0
266100,2,walk,walk,14163,,14163.0,20.0,1.0,6.0,2.0,6.98,-0.038,-0.174,4.845,38.0,25.51,0.0,19.0,3340.0,2.0,6.34,-0.11,-1.02,-0.06,-3.43,-1.85,-4.1,470.0,TEST2RR,AKR_TEST2RR,0.0,1.0,1.0,100.0
266140,2,walk,walk,14164,,14164.0,20.0,1.0,6.0,2.0,7.02,-0.043,-0.42,5.583,38.0,25.4,0.0,19.0,3340.0,2.0,6.15,-0.11,-1.03,-0.06,-1.94,-2.03,-2.69,470.0,TEST2RR,AKR_TEST2RR,0.0,1.0,1.0,100.0
266140,2,walk,walk,14165,,14165.0,20.0,1.0,6.0,2.0,7.04,-0.049,-0.393,6.387,38.0,25.26,0.0,19.0,3340.0,2.0,5.94,-0.11,-1.03,-0.07,-0.33,-2.35,-0.89,470.0,TEST2RR,AKR_TEST2RR,0.0,1.0,1.0,100.0
266180,2,walk,walk,14166,,14166.0,20.0,1.0,6.0,2.0,7.04,-0.053,-0.044,6.504,38.0,25.19,0.0,19.0,3340.0,2.0,5.76,-0.1,-1.03,-0.07,1.43,-2.74,1.21,470.0,TEST2RR,AKR_TEST2RR,0.0,1.0,1.0,100.0
266180,2,walk,walk,14167,,14167.0,20.0,1.0,6.0,2.0,7.03,-0.054,-0.044,6.511,38.0,25.16,0.0,19.0,3340.0,2.0,5.65,-0.1,-1.03,-0.07,3.35,-3.15,3.38,470.0,TEST2RR,AKR_TEST2RR,0.0,1.0,1.0,100.0
266200,2,walk,walk,14168,,14168.0,20.0,1.0,6.0,2.0,7.0,-0.054,-0.068,6.509,38.0,25.16,0.0,19.0,3340.0,2.0,5.66,-0.1,-1.03,-0.07,5.36,-3.52,5.42,470.0,TEST2RR,AKR_TEST2RR,0.0,1.0,1.0,100.0
266220,2,walk,walk,14169,,14169.0,20.0,1.0,6.0,2.0,6.98,-0.054,0.025,6.515,38.0,25.16,0.0,19.0,3340.0,2.0,5.77,-0.1,-1.03,-0.07,7.39,-3.77,7.15,470.0,TEST2RR,AKR_TEST2RR,0.0,1.0,1.0,100.0
266260,2,walk,walk,14170,,14170.0,20.0,1.0,6.0,2.0,6.95,-0.054,0.021,6.498,38.0,25.16,0.0,19.0,3340.0,2.0,5.97,-0.11,-1.03,-0.07,9.32,-3.88,8.47,470.0,TEST2RR,AKR_TEST2RR,0.0,1.0,1.0,100.0
266280,2,walk,walk,14171,,14171.0,20.0,1.0,6.0,2.0,6.93,-0.053,0.127,6.381,38.0,25.19,0.0,19.0,3340.0,2.0,6.25,-0.11,-1.03,-0.06,11.08,-3.83,9.3,470.0,TEST2RR,AKR_TEST2RR,0.0,1.0,1.0,100.0
266320,2,walk,walk,14172,,14172.0,20.0,1.0,6.0,2.0,6.91,-0.052,0.143,6.227,38.0,25.23,0.0,19.0,3340.0,2.0,6.58,-0.12,-1.03,-0.06,12.6,-3.66,9.63,470.0,TEST2RR,AKR_TEST2RR,0.0,1.0,1.0,100.0
266320,2,walk,walk,14173,,14173.0,20.0,1.0,6.0,2.0,6.91,-0.051,0.066,6.101,38.0,25.26,0.0,19.0,3340.0,2.0,6.93,-0.12,-1.02,-0.05,13.84,-3.37,9.51,470.0,TEST2RR,AKR_TEST2RR,0.0,1.0,1.0,100.0
266320,2,walk,walk,14174,,14174.0,20.0,1.0,6.0,2.0,6.92,-0.05,0.081,5.985,38.0,25.3,0.0,19.0,3340.0,2.0,7.26,-0.13,-1.02,-0.05,14.8,-3.01,9.04,470.0,TEST2RR,AKR_TEST2RR,0.0,1.0,1.0,100.0
266340,2,walk,walk,14175,,14175.0,20.0,0.0,6.0,2.0,6.94,-0.049,0.022,5.917,38.0,25.3,0.0,18.0,3340.0,2.0,7.54,-0.13,-1.02,-0.04,15.5,-2.63,8.34,470.0,TEST2RR,AKR_TEST2RR,0.0,1.0,1.0,100.0
266360,2,walk,walk,14176,,14176.0,20.0,1.0,6.0,2.0,6.98,-0.049,-0.026,5.914,38.0,25.3,0.0,19.0,3340.0,2.0,7.77,-0.14,-1.02,-0.03,15.98,-2.26,7.55,470.0,TEST2RR,AKR_TEST2RR,0.0,1.0,1.0,100.0
266380,2,walk,walk,14177,,14177.0,20.0,1.0,6.0,2.0,7.03,-0.049,-0.042,5.925,38.0,25.3,0.0,19.0,3340.0,2.0,7.93,-0.14,-1.01,-0.03,16.3,-1.91,6.79,470.0,TEST2RR,AKR_TEST2RR,0.0,1.0,1.0,100.0
266400,2,walk,walk,14178,,14178.0,20.0,1.0,6.0,2.0,7.1,-0.049,0.06,5.983,38.0,25.3,0.0,19.0,3340.0,2.0,8.02,-0.14,-1.01,-0.02,16.52,-1.62,6.17,470.0,TEST2RR,AKR_TEST2RR,0.0,1.0,1.0,100.0
266440,2,walk,walk,14179,,14179.0,20.0,1.0,6.0,2.0,7.17,-0.049,-0.058,5.902,38.0,25.3,0.0,19.0,3340.0,2.0,8.06,-0.14,-1.01,-0.01,16.7,-1.38,5.74,470.0,TEST2RR,AKR_TEST2RR,0.0,1.0,1.0,100.0
266440,2,walk,walk,14180,,14180.0,20.0,1.0,6.0,2.0,7.26,-0.049,-0.036,5.992,38.0,25.3,0.0,19.0,3340.0,2.0,8.08,-0.14,-1.01,-0.01,16.86,-1.2,5.53,470.0,TEST2RR,AKR_TEST2RR,0.0,1.0,1.0,100.0
266460,2,walk,walk,14181,,14181.0,20.0,1.0,6.0,2.0,7.36,-0.05,-0.075,6.016,38.0,25.3,0.0,19.0,3340.0,2.0,8.09,-0.14,-1.02,0.0,17.02,-1.1,5.51,470.0,TEST2RR,AKR_TEST2RR,0.0,1.0,1.0,100.0
266480,2,walk,walk,14182,,14182.0,20.0,1.0,6.0,2.0,7.46,-0.05,0.019,5.996,39.0,25.26,0.0,19.0,3340.0,2.0,8.13,-0.15,-1.02,0.0,17.17,-1.06,5.6,470.0,TEST2RR,AKR_TEST2RR,0.0,1.0,1.0,100.0
266500,2,walk,walk,14183,,14183.0,20.0,1.0,6.0,2.0,7.57,-0.05,0.023,6.034,39.0,25.3,0.0,19.0,3340.0,2.0,8.21,-0.15,-1.02,0.01,17.27,-1.05,5.72,470.0,TEST2RR,AKR_TEST2RR,0.0,1.0,1.0,100.0
266520,2,walk,walk,14184,,14184.0,20.0,1.0,6.0,2.0,7.68,-0.05,0.014,5.986,39.0,25.3,0.0,19.0,3340.0,2.0,8.34,-0.15,-1.02,0.01,17.3,-1.03,5.77,470.0,TEST2RR,AKR_TEST2RR,0.0,1.0,1.0,100.0
266540,2,walk,walk,14185,,14185.0,20.0,1.0,6.0,2.0,7.79,-0.049,0.066,5.914,39.0,25.3,0.0,19.0,3340.0,2.0,8.51,-0.15,-1.01,0.02,17.22,-0.99,5.66,470.0,TEST2RR,AKR_TEST2RR,0.0,1.0,1.0,100.0
266560,2,walk,walk,14186,,14186.0,20.0,1.0,6.0,2.0,7.9,-0.048,0.104,5.776,39.0,25.33,0.0,19.0,3340.0,2.0,8.73,-0.16,-1.01,0.03,16.99,-0.91,5.33,470.0,TEST2RR,AKR_TEST2RR,0.0,1.0,1.0,100.0
266620,2,walk,walk,14187,,14187.0,20.0,1.0,6.0,2.0,8.01,-0.047,0.065,5.632,39.0,25.37,0.0,19.0,3340.0,2.0,8.97,-0.16,-1.01,0.03,16.59,-0.8,4.75,470.0,TEST2RR,AKR_TEST2RR,0.0,1.0,1.0,100.0
266620,2,walk,walk,14188,,14188.0,20.0,1.0,6.0,2.0,8.12,-0.046,0.095,5.462,39.0,25.4,0.0,19.0,3340.0,2.0,9.2,-0.16,-1.01,0.04,16.0,-0.66,3.95,470.0,TEST2RR,AKR_TEST2RR,0.0,1.0,1.0,100.0
266620,2,walk,walk,14189,,14189.0,20.0,1.0,6.0,2.0,8.23,-0.045,0.101,5.335,39.0,25.44,0.0,19.0,3340.0,2.0,9.4,-0.17,-1.0,0.05,15.21,-0.5,2.99,470.0,TEST2RR,AKR_TEST2RR,0.0,1.0,1.0,100.0
266640,2,walk,walk,14190,,14190.0,20.0,1.0,6.0,2.0,8.34,-0.043,0.193,5.1,39.0,25.47,0.0,19.0,3340.0,2.0,9.54,-0.17,-1.0,0.06,14.24,-0.34,1.93,470.0,TEST2RR,AKR_TEST2RR,0.0,1.0,1.0,100.0
266680,2,walk,walk,14191,,14191.0,20.0,1.0,6.0,2.0,8.45,-0.041,0.139,4.889,39.0,25.51,0.0,19.0,3340.0,2.0,9.6,-0.17,-1.0,0.06,13.08,-0.16,0.85,470.0,TEST2RR,AKR_TEST2RR,0.0,1.0,1.0,100.0
266680,2,walk,walk,14192,,14192.0,20.0,1.0,6.0,2.0,8.55,-0.04,0.057,4.706,39.0,25.51,0.0,19.0,3340.0,2.0,9.6,-0.17,-1.0,0.07,11.77,0.03,-0.16,470.0,TEST2RR,AKR_TEST2RR,0.0,1.0,1.0,100.0
266700,2,walk,walk,14193,,14193.0,20.0,1.0,6.0,2.0,8.65,-0.039,0.06,4.607,39.0,25.54,0.0,19.0,3340.0,2.0,9.55,-0.17,-1.0,0.08,10.33,0.22,-1.05,470.0,TEST2RR,AKR_TEST2RR,0.0,1.0,1.0,100.0
266720,2,walk,walk,14194,,14194.0,20.0,1.0,6.0,2.0,8.74,-0.038,0.048,4.535,39.0,25.54,0.0,19.0,3340.0,2.0,9.47,-0.17,-1.0,0.08,8.83,0.41,-1.82,470.0,TEST2RR,AKR_TEST2RR,0.0,1.0,1.0,100.0
266760,2,walk,walk,14195,,14195.0,20.0,1.0,6.0,2.0,8.82,-0.037,0.048,4.465,39.0,25.54,0.0,19.0,3340.0,2.0,9.36,-0.16,-1.0,0.08,7.33,0.58,-2.44,470.0,TEST2RR,AKR_TEST2RR,0.0,1.0,1.0,100.0
266800,2,walk,walk,14196,,14196.0,20.0,1.0,6.0,2.0,8.89,-0.037,0.046,4.379,39.0,25.58,0.0,19.0,3340.0,2.0,9.24,-0.16,-1.0,0.09,5.88,0.75,-2.94,470.0,TEST2RR,AKR_TEST2RR,0.0,1.0,1.0,100.0
266800,2,walk,walk,14197,,14197.0,20.0,1.0,6.0,2.0,8.96,-0.036,-0.003,4.241,39.0,25.58,0.0,19.0,3340.0,2.0,9.11,-0.16,-1.0,0.09,4.54,0.91,-3.34,470.0,TEST2RR,AKR_TEST2RR,0.0,1.0,1.0,100.0
266800,2,walk,walk,14198,,14198.0,20.0,1.0,6.0,2.0,9.01,-0.035,0.017,4.115,39.0,25.58,0.0,19.0,3340.0,2.0,8.98,-0.16,-1.0,0.09,3.33,1.05,-3.66,470.0,TEST2RR,AKR_TEST2RR,0.0,1.0,1.0,100.0
266840,2,walk,walk,14199,,14199.0,20.0,1.0,6.0,2.0,9.05,-0.033,0.16,3.985,39.0,25.65,0.0,19.0,3340.0,2.0,8.85,-0.16,-1.01,0.09,2.29,1.17,-3.92,470.0,TEST2RR,AKR_TEST2RR,0.0,1.0,1.0,100.0
266840,2,walk,walk,14200,,14200.0,20.0,1.0,6.0,2.0,9.08,-0.032,-0.022,3.821,39.0,25.65,0.0,19.0,3340.0,2.0,8.72,-0.15,-1.01,0.09,1.42,1.28,-4.12,470.0,TEST2RR,AKR_TEST2RR,0.0,1.0,1.0,100.0
266860,2,walk,walk,14201,,14201.0,20.0,1.0,6.0,2.0,9.1,-0.031,0.056,3.752,39.0,25.65,0.0,19.0,3340.0,2.0,8.6,-0.15,-1.01,0.09,0.73,1.37,-4.26,470.0,TEST2RR,AKR_TEST2RR,0.0,1.0,1.0,100.0
266880,2,walk,walk,14202,,14202.0,20.0,1.0,6.0,2.0,9.11,-0.031,0.107,3.646,39.0,25.69,0.0,19.0,3340.0,2.0,8.47,-0.15,-1.01,0.08,0.23,1.45,-4.34,470.0,TEST2RR,AKR_TEST2RR,0.0,1.0,1.0,100.0
266940,2,walk,walk,14203,,14203.0,20.0,1.0,6.0,2.0,9.1,-0.03,-0.064,3.562,39.0,25.69,0.0,19.0,3340.0,2.0,8.35,-0.15,-1.01,0.08,-0.1,1.51,-4.36,470.0,TEST2RR,AKR_TEST2RR,0.0,1.0,1.0,100.0
266940,2,walk,walk,14204,,14204.0,20.0,1.0,6.0,2.0,9.09,-0.03,0.064,3.532,39.0,25.69,0.0,19.0,3340.0,2.0,8.23,-0.15,-1.01,0.08,-0.26,1.55,-4.32,470.0,TEST2RR,AKR_TEST2RR,0.0,1.0,1.0,100.0
266940,2,walk,walk,14205,,14205.0,20.0,1.0,6.0,2.0,9.06,-0.03,-0.034,3.558,39.0,25.69,0.0,19.0,3340.0,2.0,8.11,-0.14,-1.01,0.08,-0.25,1.58,-4.2,470.0,TEST2RR,AKR_TEST2RR,0.0,1.0,1.0,100.0
266980,2,walk,walk,14206,,14206.0,20.0,1.0,6.0,2.0,9.03,-0.029,0.069,3.517,39.0,25.69,0.0,19.0,3340.0,2.0,7.98,-0.14,-1.02,0.07,-0.11,1.59,-4.01,470.0,TEST2RR,AKR_TEST2RR,0.0,1.0,1.0,100.0
266980,2,walk,walk,14207,,14207.0,20.0,1.0,6.0,2.0,8.99,-0.029,-0.022,3.533,39.0,25.69,0.0,19.0,3340.0,2.0,7.86,-0.14,-1.02,0.07,0.15,1.59,-3.75,470.0,TEST2RR,AKR_TEST2RR,0.0,1.0,1.0,100.0
267020,2,walk,walk,14208,,14208.0,20.0,1.0,6.0,2.0,8.94,-0.029,0.002,3.519,39.0,25.69,0.0,19.0,3340.0,2.0,7.74,-0.14,-1.02,0.07,0.51,1.58,-3.41,470.0,TEST2RR,AKR_TEST2RR,0.0,1.0,1.0,100.0
267040,2,walk,walk,14209,,14209.0,20.0,2.0,6.0,2.0,8.88,-0.03,0.046,3.542,39.0,25.69,0.0,20.0,3340.0,2.0,7.62,-0.14,-1.02,0.07,0.92,1.55,-3.02,470.0,TEST2RR,AKR_TEST2RR,0.0,1.0,1.0,100.0
267040,2,walk,walk,14210,,14210.0,20.0,1.0,6.0,2.0,8.82,-0.029,0.084,3.51,39.0,25.69,0.0,19.0,3340.0,2.0,7.52,-0.13,-1.02,0.07,1.39,1.5,-2.58,470.0,TEST2RR,AKR_TEST2RR,0.0,1.0,1.0,100.0
267060,2,walk,walk,14211,,14211.0,20.0,1.0,6.0,2.0,8.76,-0.03,0.007,3.566,39.0,25.69,0.0,19.0,3340.0,2.0,7.42,-0.13,-1.02,0.07,1.87,1.44,-2.11,471.0,TEST2RR,AKR_TEST2RR,0.0,1.0,1.0,100.0
267100,2,walk,walk,14212,,14212.0,20.0,1.0,6.0,2.0,8.69,-0.03,-0.085,3.596,39.0,25.69,0.0,19.0,3340.0,2.0,7.34,-0.13,-1.02,0.07,2.33,1.36,-1.62,471.0,TEST2RR,AKR_TEST2RR,0.0,1.0,1.0,100.0
267100,2,walk,walk,14213,,14213.0,20.0,2.0,6.0,2.0,8.63,-0.03,-0.092,3.59,39.0,25.69,0.0,20.0,3340.0,2.0,7.28,-0.13,-1.02,0.07,2.77,1.27,-1.13,471.0,TEST2RR,AKR_TEST2RR,0.0,1.0,1.0,100.0
267120,2,walk,walk,14214,,14214.0,20.0,2.0,6.0,2.0,8.56,-0.03,-0.022,3.551,40.0,25.69,0.0,20.0,3340.0,2.0,7.23,-0.13,-1.02,0.07,3.16,1.17,-0.64,471.0,TEST2RR,AKR_TEST2RR,0.0,1.0,1.0,100.0
267180,2,walk,walk,14215,,14215.0,20.0,2.0,6.0,2.0,8.49,-0.03,-0.079,3.538,40.0,25.69,0.0,20.0,3340.0,2.0,7.2,-0.13,-1.02,0.07,3.49,1.06,-0.17,471.0,TEST2RR,AKR_TEST2RR,0.0,1.0,1.0,100.0
267180,2,walk,walk,14216,,14216.0,20.0,2.0,6.0,2.0,8.42,-0.03,-0.054,3.562,40.0,25.69,0.0,20.0,3340.0,2.0,7.18,-0.13,-1.02,0.07,3.74,0.95,0.27,471.0,TEST2RR,AKR_TEST2RR,0.0,1.0,1.0,100.0
267180,2,walk,walk,14217,,14217.0,20.0,2.0,6.0,2.0,8.36,-0.029,0.022,3.554,40.0,25.69,0.0,19.0,3340.0,2.0,7.18,-0.13,-1.02,0.07,3.91,0.85,0.65,471.0,TEST2RR,AKR_TEST2RR,0.0,1.0,1.0,100.0
267220,2,walk,walk,14218,,14218.0,20.0,2.0,6.0,2.0,8.3,-0.029,-0.014,3.451,40.0,25.69,0.0,19.0,3340.0,2.0,7.19,-0.13,-1.02,0.07,3.99,0.77,0.97,471.0,TEST2RR,AKR_TEST2RR,0.0,1.0,1.0,100.0
267240,2,walk,walk,14219,,14219.0,20.0,2.0,6.0,2.0,8.25,-0.028,0.07,3.39,40.0,25.69,0.0,19.0,3340.0,2.0,7.22,-0.13,-1.02,0.07,3.99,0.72,1.21,471.0,TEST2RR,AKR_TEST2RR,0.0,1.0,1.0,100.0
267260,2,walk,walk,14220,,14220.0,20.0,2.0,6.0,2.0,8.2,-0.028,-0.068,3.242,40.0,25.72,0.0,19.0,3340.0,2.0,7.26,-0.13,-1.02,0.08,3.92,0.69,1.35,471.0,TEST2RR,AKR_TEST2RR,0.0,1.0,1.0,100.0
267280,2,walk,walk,14221,,14221.0,20.0,2.0,6.0,2.0,8.15,-0.027,0.073,3.168,40.0,25.72,0.0,19.0,3340.0,2.0,7.31,-0.13,-1.02,0.08,3.79,0.7,1.39,471.0,TEST2RR,AKR_TEST2RR,0.0,1.0,1.0,100.0
267280,2,walk,walk,14222,,14222.0,20.0,2.0,6.0,2.0,8.11,-0.026,0.017,3.162,40.0,25.72,0.0,19.0,3340.0,2.0,7.38,-0.13,-1.02,0.08,3.61,0.73,1.32,471.0,TEST2RR,AKR_TEST2RR,0.0,1.0,1.0,100.0
267300,2,walk,walk,14223,,14223.0,20.0,2.0,6.0,2.0,8.08,-0.026,0.022,3.115,40.0,25.72,0.0,19.0,3340.0,2.0,7.45,-0.13,-1.02,0.08,3.41,0.78,1.16,471.0,TEST2RR,AKR_TEST2RR,0.0,1.0,1.0,100.0
267340,2,walk,walk,14224,,14224.0,20.0,2.0,6.0,2.0,8.05,-0.026,0.028,3.041,40.0,25.76,0.0,19.0,3340.0,2.0,7.53,-0.13,-1.01,0.08,3.22,0.83,0.91,471.0,TEST2RR,AKR_TEST2RR,0.0,1.0,1.0,100.0
267340,2,walk,walk,14225,,14225.0,20.0,2.0,6.0,2.0,8.03,-0.025,-0.005,3.034,40.0,25.72,0.0,19.0,3340.0,2.0,7.6,-0.14,-1.01,0.08,3.04,0.89,0.59,471.0,TEST2RR,AKR_TEST2RR,0.0,1.0,1.0,100.0
267360,2,walk,walk,14226,,14226.0,20.0,2.0,6.0,2.0,8.01,-0.025,0.056,3.033,40.0,25.76,0.0,19.0,3340.0,2.0,7.67,-0.14,-1.01,0.08,2.91,0.93,0.22,471.0,TEST2RR,AKR_TEST2RR,0.0,1.0,1.0,100.0
267420,2,walk,walk,14227,,14227.0,20.0,2.0,6.0,2.0,7.99,-0.025,-0.038,3.022,40.0,25.76,0.0,19.0,3340.0,2.0,7.71,-0.14,-1.01,0.08,2.82,0.95,-0.17,471.0,TEST2RR,AKR_TEST2RR,0.0,1.0,1.0,100.0
267420,2,walk,walk,14228,,14228.0,20.0,2.0,6.0,2.0,7.98,-0.025,0.017,3.038,40.0,25.76,0.0,19.0,3340.0,2.0,7.72,-0.14,-1.01,0.08,2.79,0.95,-0.55,471.0,TEST2RR,AKR_TEST2RR,0.0,1.0,1.0,100.0
267420,2,walk,walk,14229,,14229.0,20.0,2.0,6.0,2.0,7.97,-0.025,-0.026,2.988,40.0,25.76,0.0,19.0,3340.0,2.0,7.69,-0.14,-1.01,0.08,2.82,0.92,-0.89,471.0,TEST2RR,AKR_TEST2RR,0.0,1.0,1.0,100.0
267460,2,walk,walk,14230,,14230.0,20.0,2.0,6.0,2.0,7.96,-0.025,0.037,2.962,40.0,25.76,0.0,19.0,3340.0,2.0,7.62,-0.14,-1.01,0.08,2.91,0.88,-1.15,471.0,TEST2RR,AKR_TEST2RR,0.0,1.0,1.0,100.0
267460,2,walk,walk,14231,,14231.0,20.0,2.0,6.0,2.0,7.96,-0.025,0.034,2.992,40.0,25.76,0.0,19.0,3340.0,2.0,7.51,-0.13,-1.01,0.08,3.06,0.82,-1.29,471.0,TEST2RR,AKR_TEST2RR,0.0,1.0,1.0,100.0
267500,2,walk,walk,14232,,14232.0,20.0,2.0,6.0,2.0,7.95,-0.025,-0.006,2.963,40.0,25.76,0.0,19.0,3340.0,2.0,7.36,-0.13,-1.02,0.08,3.24,0.75,-1.28,471.0,TEST2RR,AKR_TEST2RR,0.0,1.0,1.0,100.0
267520,2,walk,walk,14233,,14233.0,20.0,2.0,6.0,2.0,7.94,-0.024,0.077,2.865,40.0,25.76,0.0,19.0,3340.0,2.0,7.18,-0.13,-1.02,0.08,3.45,0.7,-1.07,471.0,TEST2RR,AKR_TEST2RR,0.0,1.0,1.0,100.0
267560,2,walk,walk,14234,,14234.0,20.0,2.0,6.0,2.0,7.93,-0.023,0.056,2.765,40.0,25.76,0.0,19.0,3340.0,2.0,6.97,-0.13,-1.02,0.08,3.67,0.66,-0.65,471.0,TEST2RR,AKR_TEST2RR,0.0,1.0,1.0,100.0
267580,2,walk,walk,14235,,14235.0,20.0,2.0,6.0,2.0,7.92,-0.023,0.017,2.657,40.0,25.79,0.0,19.0,3340.0,2.0,6.76,-0.12,-1.03,0.08,3.9,0.67,-0.01,471.0,TEST2RR,AKR_TEST2RR,0.0,1.0,1.0,100.0
267580,2,walk,walk,14236,,14236.0,20.0,2.0,6.0,2.0,7.91,-0.022,0.089,2.55,40.0,25.79,0.0,19.0,3340.0,2.0,6.54,-0.12,-1.03,0.09,4.13,0.73,0.85,471.0,TEST2RR,AKR_TEST2RR,0.0,1.0,1.0,100.0
267580,2,walk,walk,14237,,14237.0,20.0,2.0,6.0,2.0,7.9,-0.021,0.113,2.467,40.0,25.83,0.0,19.0,3340.0,2.0,6.35,-0.11,-1.03,0.09,4.36,0.86,1.93,471.0,TEST2RR,AKR_TEST2RR,0.0,1.0,1.0,100.0
267600,2,walk,walk,14238,,14238.0,20.0,2.0,6.0,2.0,7.88,-0.02,-0.046,2.323,40.0,25.83,0.0,19.0,3340.0,2.0,6.19,-0.11,-1.04,0.09,4.6,1.07,3.19,471.0,TEST2RR,AKR_TEST2RR,0.0,1.0,1.0,100.0
267640,2,walk,walk,14239,,14239.0,20.0,2.0,6.0,2.0,7.87,-0.019,0.018,2.153,40.0,25.83,0.0,19.0,3340.0,2.0,6.07,-0.11,-1.04,0.09,4.85,1.37,4.61,471.0,TEST2RR,AKR_TEST2RR,0.0,1.0,1.0,100.0
267640,2,walk,walk,14240,,14240.0,20.0,2.0,6.0,2.0,7.86,-0.017,-0.007,2.005,40.0,25.86,0.0,19.0,3340.0,2.0,6.01,-0.11,-1.04,0.09,5.13,1.77,6.13,471.0,TEST2RR,AKR_TEST2RR,0.0,1.0,1.0,100.0
267660,2,walk,walk,14241,,14241.0,20.0,2.0,6.0,2.0,7.85,-0.016,0.06,1.851,40.0,25.86,0.0,19.0,3340.0,2.0,6.03,-0.11,-1.04,0.09,5.46,2.24,7.73,471.0,TEST2RR,AKR_TEST2RR,0.0,1.0,1.0,100.0
267700,2,walk,walk,14242,,14242.0,20.0,2.0,6.0,2.0,7.85,-0.015,0.065,1.733,40.0,25.86,0.0,19.0,3340.0,2.0,6.11,-0.11,-1.04,0.1,5.83,2.74,9.36,471.0,TEST2RR,AKR_TEST2RR,0.0,1.0,1.0,100.0
267740,2,walk,walk,14243,,14243.0,20.0,2.0,6.0,2.0,7.85,-0.014,0.131,1.635,40.0,25.9,0.0,19.0,3340.0,2.0,6.26,-0.11,-1.04,0.1,6.25,3.26,10.99,471.0,TEST2RR,AKR_TEST2RR,0.0,1.0,1.0,100.0
267740,2,walk,walk,14244,,14244.0,20.0,2.0,6.0,2.0,7.86,-0.013,0.015,1.434,40.0,25.9,0.0,19.0,3340.0,2.0,6.48,-0.12,-1.04,0.1,6.73,3.76,12.59,471.0,TEST2RR,AKR_TEST2RR,0.0,1.0,1.0,100.0
267760,2,walk,walk,14245,,14245.0,20.0,2.0,6.0,2.0,7.89,-0.012,-0.04,1.358,40.0,25.9,0.0,19.0,3340.0,2.0,6.75,-0.12,-1.04,0.1,7.27,4.24,14.11,471.0,TEST2RR,AKR_TEST2RR,0.0,1.0,1.0,100.0
267760,2,walk,walk,14246,,14246.0,20.0,2.0,6.0,2.0,7.92,-0.011,0.038,1.259,40.0,25.9,0.0,19.0,3340.0,2.0,7.07,-0.13,-1.04,0.1,7.86,4.73,15.53,471.0,TEST2RR,AKR_TEST2RR,0.0,1.0,1.0,100.0
267800,2,walk,walk,14247,,14247.0,20.0,2.0,6.0,2.0,7.98,-0.01,-0.036,1.174,40.0,25.9,0.0,19.0,3340.0,2.0,7.42,-0.14,-1.04,0.1,8.52,5.26,16.83,471.0,TEST2RR,AKR_TEST2RR,0.0,1.0,1.0,100.0
267820,2,walk,walk,14248,,14248.0,20.0,2.0,6.0,2.0,8.05,-0.009,0.009,1.089,40.0,25.9,0.0,19.0,3340.0,2.0,7.81,-0.14,-1.03,0.1,9.23,5.84,17.97,471.0,TEST2RR,AKR_TEST2RR,0.0,1.0,1.0,100.0
267820,2,walk,walk,14249,,14249.0,20.0,2.0,6.0,2.0,8.14,-0.009,0.05,0.999,40.0,25.93,0.0,19.0,3340.0,2.0,8.23,-0.15,-1.03,0.11,9.96,6.51,18.96,471.0,TEST2RR,AKR_TEST2RR,0.0,1.0,1.0,100.0
267840,2,walk,walk,14250,,14250.0,20.0,2.0,6.0,2.0,8.25,-0.008,0.136,0.941,40.0,25.93,0.0,19.0,3340.0,2.0,8.67,-0.16,-1.03,0.11,10.69,7.29,19.78,471.0,TEST2RR,AKR_TEST2RR,0.0,1.0,1.0,100.0
267900,2,walk,walk,14251,,14251.0,20.0,2.0,6.0,2.0,8.38,-0.007,0.061,0.893,40.0,25.9,0.0,19.0,3340.0,2.0,9.14,-0.16,-1.02,0.12,11.39,8.17,20.43,471.0,TEST2RR,AKR_TEST2RR,0.0,1.0,1.0,100.0
267900,2,walk,walk,14252,,14252.0,20.0,2.0,6.0,2.0,8.54,-0.007,0.062,0.844,40.0,25.93,0.0,19.0,3340.0,2.0,9.63,-0.17,-1.02,0.12,12.02,9.15,20.92,471.0,TEST2RR,AKR_TEST2RR,0.0,1.0,1.0,100.0
267900,2,walk,walk,14253,,14253.0,20.0,2.0,6.0,2.0,8.72,-0.007,0.075,0.721,40.0,25.93,0.0,19.0,3340.0,2.0,10.15,-0.18,-1.01,0.13,12.55,10.2,21.25,471.0,TEST2RR,AKR_TEST2RR,0.0,1.0,1.0,100.0
267940,2,walk,walk,14254,,14254.0,20.0,2.0,6.0,2.0,8.92,-0.006,0.096,0.651,40.0,25.93,0.0,19.0,3340.0,2.0,10.69,-0.19,-1.01,0.13,12.96,11.28,21.44,471.0,TEST2RR,AKR_TEST2RR,0.0,1.0,1.0,100.0
267940,2,walk,walk,14255,,14255.0,20.0,2.0,6.0,2.0,9.14,-0.006,0.058,0.584,40.0,25.93,0.0,19.0,3340.0,2.0,11.24,-0.2,-1.0,0.14,13.23,12.35,21.5,471.0,TEST2RR,AKR_TEST2RR,0.0,1.0,1.0,100.0
267960,2,walk,walk,14256,,14256.0,20.0,2.0,6.0,2.0,9.38,-0.005,0.025,0.508,40.0,25.93,0.0,19.0,3340.0,2.0,11.81,-0.21,-1.0,0.14,13.36,13.37,21.44,471.0,TEST2RR,AKR_TEST2RR,0.0,1.0,1.0,100.0
268000,2,walk,walk,14257,,14257.0,20.0,2.0,6.0,2.0,9.64,-0.004,0.005,0.426,40.0,25.93,0.0,19.0,3340.0,2.0,12.37,-0.22,-0.99,0.14,13.36,14.33,21.29,471.0,TEST2RR,AKR_TEST2RR,0.0,1.0,1.0,100.0
268000,2,walk,walk,14258,,14258.0,20.0,2.0,6.0,2.0,9.92,-0.004,-0.042,0.332,40.0,25.93,0.0,19.0,3340.0,2.0,12.92,-0.23,-0.99,0.15,13.25,15.19,21.07,471.0,TEST2RR,AKR_TEST2RR,0.0,1.0,1.0,100.0
268040,2,walk,walk,14259,,14259.0,20.0,2.0,6.0,2.0,10.22,-0.003,0.06,0.257,40.0,25.93,0.0,19.0,3340.0,2.0,13.45,-0.24,-0.99,0.15,13.03,15.95,20.79,472.0,TEST2RR,AKR_TEST2RR,0.0,1.0,1.0,100.0
268060,2,walk,walk,14260,,14260.0,20.0,2.0,6.0,2.0,10.54,-0.003,0.018,0.258,40.0,25.93,0.0,19.0,3340.0,2.0,13.97,-0.24,-0.98,0.15,12.73,16.59,20.48,472.0,TEST2RR,AKR_TEST2RR,0.0,1.0,1.0,100.0
268060,2,walk,walk,14261,,14261.0,20.0,2.0,6.0,2.0,10.86,-0.002,0.073,0.161,40.0,25.93,0.0,19.0,3340.0,2.0,14.48,-0.25,-0.98,0.15,12.35,17.12,20.15,472.0,TEST2RR,AKR_TEST2RR,0.0,1.0,1.0,100.0
268080,2,walk,walk,14262,,14262.0,20.0,2.0,6.0,2.0,11.2,-0.002,0.079,0.116,40.0,25.93,0.0,19.0,3340.0,2.0,14.98,-0.26,-0.98,0.15,11.92,17.53,19.8,472.0,TEST2RR,AKR_TEST2RR,0.0,1.0,1.0,100.0
268120,2,walk,walk,14263,,14263.0,20.0,2.0,6.0,2.0,11.55,-0.001,0.061,0.037,40.0,25.93,0.0,19.0,3340.0,2.0,15.48,-0.27,-0.97,0.16,11.43,17.8,19.44,472.0,TEST2RR,AKR_TEST2RR,0.0,1.0,1.0,100.0
268140,2,walk,walk,14264,,14264.0,20.0,2.0,6.0,2.0,11.91,-0.001,-0.009,-0.053,40.0,25.93,0.0,19.0,3340.0,2.0,15.99,-0.28,-0.97,0.15,10.89,17.91,19.07,472.0,TEST2RR,AKR_TEST2RR,0.0,1.0,1.0,100.0
268140,2,walk,walk,14265,,14265.0,20.0,2.0,6.0,2.0,12.28,-0.001,0.011,-0.036,40.0,25.93,0.0,19.0,3340.0,2.0,16.52,-0.29,-0.97,0.15,10.29,17.83,18.67,472.0,TEST2RR,AKR_TEST2RR,0.0,1.0,1.0,100.0
268180,2,walk,walk,14266,,14266.0,20.0,2.0,6.0,2.0,12.65,0.0,-0.04,-0.059,40.0,25.93,0.0,19.0,3340.0,2.0,17.06,-0.3,-0.97,0.15,9.64,17.54,18.24,472.0,TEST2RR,AKR_TEST2RR,0.0,1.0,1.0,100.0
268200,2,walk,walk,14267,,14267.0,20.0,2.0,6.0,2.0,13.02,0.0,-0.009,-0.06,40.0,25.93,0.0,18.0,3340.0,2.0,17.61,-0.31,-0.96,0.15,8.92,17.01,17.77,472.0,TEST2RR,AKR_TEST2RR,0.0,1.0,1.0,100.0
268220,2,walk,walk,14268,,14268.0,20.0,2.0,6.0,2.0,13.4,0.0,-0.089,-0.1,40.0,25.93,0.0,18.0,3340.0,2.0,18.17,-0.31,-0.96,0.15,8.13,16.24,17.25,472.0,TEST2RR,AKR_TEST2RR,0.0,1.0,1.0,100.0
268240,2,walk,walk,14269,,14269.0,20.0,2.0,6.0,2.0,13.78,0.0,-0.06,-0.055,40.0,25.93,0.0,18.0,3340.0,2.0,18.71,-0.32,-0.95,0.15,7.31,15.26,16.66,472.0,TEST2RR,AKR_TEST2RR,0.0,1.0,1.0,100.0
268240,2,walk,walk,14270,,14270.0,20.0,1.0,6.0,2.0,14.16,0.0,-0.072,-0.081,40.0,25.93,0.0,17.0,3340.0,2.0,19.21,-0.33,-0.95,0.14,6.46,14.13,16.03,472.0,TEST2RR,AKR_TEST2RR,0.0,1.0,1.0,100.0
268260,2,walk,walk,14271,,14271.0,20.0,1.0,6.0,2.0,14.53,0.0,0.01,-0.067,40.0,25.93,0.0,17.0,3340.0,2.0,19.68,-0.34,-0.95,0.14,5.63,12.89,15.34,472.0,TEST2RR,AKR_TEST2RR,0.0,1.0,1.0,100.0
268300,2,walk,walk,14272,,14272.0,20.0,1.0,6.0,2.0,14.91,0.0,-0.053,-0.067,40.0,25.93,0.0,17.0,3340.0,2.0,20.09,-0.34,-0.94,0.14,4.85,11.61,14.61,472.0,TEST2RR,AKR_TEST2RR,0.0,1.0,1.0,100.0
268300,2,walk,walk,14273,,14273.0,20.0,1.0,6.0,2.0,15.29,0.0,-0.044,-0.065,40.0,25.93,0.0,17.0,3340.0,2.0,20.45,-0.35,-0.94,0.14,4.15,10.34,13.84,472.0,TEST2RR,AKR_TEST2RR,0.0,1.0,1.0,100.0
268320,2,walk,walk,14274,,14274.0,20.0,1.0,6.0,2.0,15.66,0.0,-0.14,-0.074,40.0,25.93,0.0,17.0,3340.0,2.0,20.74,-0.36,-0.94,0.14,3.54,9.13,13.06,472.0,TEST2RR,AKR_TEST2RR,0.0,1.0,1.0,100.0
268340,2,walk,walk,14275,,14275.0,20.0,1.0,6.0,2.0,16.02,0.0,-0.068,-0.056,40.0,25.93,0.0,17.0,3340.0,2.0,20.98,-0.36,-0.94,0.14,3.03,7.99,12.29,472.0,TEST2RR,AKR_TEST2RR,0.0,1.0,1.0,100.0
268380,2,walk,walk,14276,,14276.0,20.0,1.0,6.0,2.0,16.38,0.0,0.013,-0.176,40.0,25.93,0.0,17.0,3340.0,2.0,21.16,-0.36,-0.94,0.14,2.6,6.95,11.54,472.0,TEST2RR,AKR_TEST2RR,0.0,1.0,1.0,100.0
268380,2,walk,walk,14277,,14277.0,20.0,1.0,6.0,2.0,16.74,0.001,0.075,-0.211,40.0,25.93,0.0,17.0,3340.0,2.0,21.28,-0.37,-0.94,0.14,2.24,5.99,10.85,472.0,TEST2RR,AKR_TEST2RR,0.0,1.0,1.0,100.0
268420,2,walk,walk,14278,,14278.0,20.0,1.0,6.0,2.0,17.08,0.001,0.113,-0.267,40.0,25.93,0.0,17.0,3340.0,2.0,21.34,-0.37,-0.94,0.14,1.94,5.1,10.25,472.0,TEST2RR,AKR_TEST2RR,0.0,1.0,1.0,100.0
268440,2,walk,walk,14279,,14279.0,20.0,1.0,6.0,2.0,17.42,0.002,0.092,-0.466,40.0,25.93,0.0,17.0,3340.0,2.0,21.35,-0.37,-0.95,0.14,1.66,4.26,9.76,472.0,TEST2RR,AKR_TEST2RR,0.0,1.0,1.0,100.0
268460,2,walk,walk,14280,,14280.0,20.0,2.0,6.0,2.0,17.75,0.003,0.061,-0.584,40.0,25.93,0.0,18.0,3340.0,2.0,21.32,-0.37,-0.95,0.14,1.39,3.45,9.41,472.0,TEST2RR,AKR_TEST2RR,0.0,1.0,1.0,100.0
268480,2,walk,walk,14281,,14281.0,20.0,1.0,6.0,2.0,18.07,0.004,0.107,-0.681,40.0,25.93,0.0,17.0,3340.0,2.0,21.25,-0.37,-0.95,0.14,1.12,2.66,9.24,472.0,TEST2RR,AKR_TEST2RR,0.0,1.0,1.0,100.0
268480,2,walk,walk,14282,,14282.0,20.0,1.0,6.0,2.0,18.37,0.005,0.089,-0.792,40.0,25.93,0.0,17.0,3340.0,2.0,21.16,-0.37,-0.96,0.14,0.83,1.87,9.28,472.0,TEST2RR,AKR_TEST2RR,0.0,1.0,1.0,100.0
268540,2,walk,walk,14283,,14283.0,20.0,1.0,6.0,2.0,18.67,0.007,0.101,-0.968,40.0,25.93,0.0,17.0,3340.0,2.0,21.06,-0.37,-0.96,0.14,0.53,1.09,9.51,472.0,TEST2RR,AKR_TEST2RR,0.0,1.0,1.0,100.0
268560,2,walk,walk,14284,,14284.0,20.0,2.0,6.0,2.0,18.96,0.008,0.079,-1.125,40.0,25.9,0.0,18.0,3340.0,2.0,20.96,-0.37,-0.97,0.14,0.26,0.33,9.92,472.0,TEST2RR,AKR_TEST2RR,0.0,1.0,1.0,100.0
268560,2,walk,walk,14285,,14285.0,20.0,2.0,6.0,2.0,19.23,0.01,0.105,-1.323,40.0,25.9,0.0,18.0,3340.0,2.0,20.89,-0.37,-0.97,0.14,0.03,-0.38,10.49,472.0,TEST2RR,AKR_TEST2RR,0.0,1.0,1.0,100.0
268580,2,walk,walk,14286,,14286.0,20.0,2.0,6.0,2.0,19.49,0.011,0.097,-1.438,40.0,25.9,0.0,18.0,3340.0,2.0,20.86,-0.37,-0.97,0.14,-0.12,-1.0,11.17,472.0,TEST2RR,AKR_TEST2RR,0.0,1.0,1.0,100.0
268600,2,walk,walk,14287,,14287.0,20.0,2.0,6.0,2.0,19.75,0.012,0.009,-1.608,40.0,25.9,0.0,18.0,3340.0,2.0,20.87,-0.37,-0.97,0.14,-0.16,-1.52,11.88,472.0,TEST2RR,AKR_TEST2RR,0.0,1.0,1.0,100.0
268600,2,walk,walk,14288,,14288.0,20.0,2.0,6.0,2.0,19.99,0.013,0.05,-1.744,40.0,25.86,0.0,18.0,3340.0,2.0,20.92,-0.37,-0.97,0.14,-0.1,-1.94,12.55,472.0,TEST2RR,AKR_TEST2RR,0.0,1.0,1.0,100.0
268620,2,walk,walk,14289,,14289.0,20.0,2.0,6.0,2.0,20.23,0.014,0.032,-1.854,40.0,25.9,0.0,18.0,3340.0,2.0,21.0,-0.37,-0.97,0.14,0.06,-2.25,13.07,472.0,TEST2RR,AKR_TEST2RR,0.0,1.0,1.0,100.0
268660,2,walk,walk,14290,,14290.0,20.0,2.0,6.0,2.0,20.47,0.015,0.036,-1.956,40.0,25.86,0.0,18.0,3340.0,2.0,21.1,-0.37,-0.97,0.15,0.29,-2.51,13.36,472.0,TEST2RR,AKR_TEST2RR,0.0,1.0,1.0,100.0
268660,2,walk,walk,14291,,14291.0,20.0,2.0,6.0,2.0,20.69,0.016,0.028,-2.018,40.0,25.86,0.0,18.0,3340.0,2.0,21.21,-0.37,-0.96,0.15,0.54,-2.77,13.31,472.0,TEST2RR,AKR_TEST2RR,0.0,1.0,1.0,100.0
268680,2,walk,walk,14292,,14292.0,20.0,2.0,6.0,2.0,20.92,0.016,0.017,-2.039,40.0,25.86,0.0,18.0,3340.0,2.0,21.27,-0.37,-0.95,0.15,0.76,-3.1,12.79,472.0,TEST2RR,AKR_TEST2RR,0.0,1.0,1.0,100.0
268700,2,walk,walk,14293,,14293.0,20.0,1.0,6.0,2.0,21.14,0.016,0.033,-1.999,40.0,25.86,0.0,17.0,3340.0,2.0,21.27,-0.37,-0.94,0.15,0.88,-3.57,11.7,472.0,TEST2RR,AKR_TEST2RR,0.0,1.0,1.0,100.0
268740,2,walk,walk,14294,,14294.0,20.0,1.0,6.0,2.0,21.36,0.017,0.009,-2.101,40.0,25.86,0.0,17.0,3340.0,2.0,21.14,-0.36,-0.93,0.16,0.87,-4.24,9.93,472.0,TEST2RR,AKR_TEST2RR,0.0,1.0,1.0,100.0
268740,2,walk,walk,14295,,14295.0,20.0,1.0,6.0,2.0,21.58,0.017,0.14,-2.168,40.0,25.86,0.0,17.0,3340.0,2.0,20.86,-0.35,-0.92,0.16,0.7,-5.07,7.38,472.0,TEST2RR,AKR_TEST2RR,0.0,1.0,1.0,100.0
268760,2,walk,walk,14296,,14296.0,20.0,1.0,6.0,2.0,21.8,0.017,-0.057,-2.192,40.0,25.86,0.0,17.0,3340.0,2.0,20.41,-0.34,-0.91,0.17,0.38,-5.98,4.02,472.0,TEST2RR,AKR_TEST2RR,0.0,1.0,1.0,100.0
268780,2,walk,walk,14297,,14297.0,20.0,1.0,6.0,2.0,22.0,0.018,0.041,-2.213,40.0,25.86,0.0,17.0,3340.0,2.0,19.8,-0.33,-0.91,0.17,-0.09,-6.85,-0.13,472.0,TEST2RR,AKR_TEST2RR,0.0,1.0,1.0,100.0
268800,2,walk,walk,14298,,14298.0,20.0,1.0,6.0,2.0,22.2,0.018,0.041,-2.248,40.0,25.86,0.0,17.0,3340.0,2.0,19.03,-0.31,-0.9,0.17,-0.66,-7.52,-5.01,472.0,TEST2RR,AKR_TEST2RR,0.0,1.0,1.0,100.0
268820,2,walk,walk,14299,,14299.0,20.0,1.0,0.0,5.0,22.37,0.018,-0.028,-2.323,40.0,25.86,0.0,17.0,3340.0,2.0,18.13,-0.29,-0.89,0.18,-1.27,-7.83,-10.49,472.0,TEST2RR,AKR_TEST2RR,0.0,1.0,1.0,100.0
268840,2,walk,walk,14300,,14300.0,20.0,0.0,0.0,6.0,22.53,0.019,0.05,-2.349,40.0,25.86,0.0,19.0,3340.0,2.0,17.09,-0.28,-0.89,0.18,-1.91,-8.1,-16.83,472.0,TEST2RR,AKR_TEST2RR,0.0,1.0,1.0,100.0
268860,2,walk,walk,14301,,14301.0,20.0,0.0,0.0,6.0,22.65,0.019,0.05,-2.349,40.0,25.86,0.0,39.0,3340.0,2.0,15.99,-0.26,-0.9,0.19,-2.56,-8.12,-24.33,472.0,TEST2RR,AKR_TEST2RR,0.0,1.0,1.0,100.0
268880,2,walk,walk,14302,,14302.0,20.0,0.0,0.0,6.0,22.74,0.019,0.05,-2.349,40.0,25.86,0.0,59.0,3340.0,2.0,14.96,-0.24,-0.91,0.19,-3.13,-7.37,-32.55,472.0,TEST2RR,AKR_TEST2RR,0.0,1.0,1.0,100.0
268920,2,walk,walk,14303,,14303.0,20.0,0.0,0.0,6.0,22.77,0.163,32.767,0.0,40.0,26.11,0.0,4.0,3340.0,2.0,14.08,-0.23,-0.93,0.2,-3.51,-5.58,-40.52,472.0,TEST2RR,AKR_TEST2RR,0.0,1.0,1.0,100.0
268920,2,walk,walk,14304,,14304.0,20.0,0.0,0.0,6.0,22.75,0.165,0.044,0.0,40.0,25.93,0.0,4.0,3340.0,2.0,13.41,-0.23,-0.95,0.2,-3.62,-2.68,-47.4,472.0,TEST2RR,AKR_TEST2RR,0.0,1.0,1.0,100.0
268960,2,walk,walk,14305,,14305.0,20.0,0.0,0.0,6.0,22.66,0.172,0.926,0.0,40.0,25.97,0.0,4.0,3340.0,2.0,12.95,-0.22,-0.97,0.2,-3.44,1.23,-52.77,472.0,TEST2RR,AKR_TEST2RR,0.0,1.0,1.0,100.0
268960,2,walk,walk,14306,,14306.0,20.0,0.0,0.0,6.0,22.49,0.191,1.433,0.0,40.0,25.93,0.0,4.0,3340.0,2.0,12.66,-0.22,-0.99,0.2,-2.92,5.84,-56.6,472.0,TEST2RR,AKR_TEST2RR,0.0,1.0,1.0,100.0
268980,2,walk,walk,14307,,14307.0,20.0,0.0,0.0,6.0,22.24,0.211,0.914,0.0,40.0,25.93,0.0,4.0,3340.0,2.0,12.48,-0.22,-1.0,0.2,-2.08,10.82,-59.03,472.0,TEST2RR,AKR_TEST2RR,0.0,1.0,1.0,100.0
269000,2,walk,walk,14308,,14308.0,20.0,0.0,0.0,6.0,21.9,0.22,0.335,0.0,40.0,25.97,0.0,4.0,3340.0,2.0,12.39,-0.22,-1.02,0.2,-0.95,15.78,-60.18,472.0,TEST2RR,AKR_TEST2RR,0.0,1.0,1.0,100.0
269020,2,walk,walk,14309,,14309.0,20.0,0.0,0.0,6.0,21.47,0.225,0.426,0.0,40.0,25.97,0.0,4.0,3340.0,2.0,12.35,-0.23,-1.03,0.19,0.39,20.22,-60.23,472.0,TEST2RR,AKR_TEST2RR,0.0,1.0,1.0,100.0
269040,2,walk,walk,14310,,14310.0,20.0,0.0,0.0,7.0,20.96,0.234,0.672,0.0,40.0,25.97,0.0,4.0,3340.0,2.0,12.34,-0.23,-1.04,0.17,1.85,23.63,-59.47,473.0,TEST2RR,AKR_TEST2RR,0.0,1.0,1.0,100.0
269080,2,walk,walk,14311,,14311.0,20.0,0.0,0.0,7.0,20.36,0.239,-0.021,0.0,40.0,25.97,0.0,4.0,3340.0,2.0,12.34,-0.23,-1.05,0.16,3.33,25.67,-58.14,473.0,TEST2RR,AKR_TEST2RR,0.0,1.0,1.0,100.0
269080,2,walk,walk,14312,,14312.0,20.0,0.0,0.0,7.0,19.68,0.238,0.018,0.0,40.0,25.97,0.0,4.0,3340.0,2.0,12.3,-0.23,-1.05,0.14,4.72,26.17,-56.49,473.0,TEST2RR,AKR_TEST2RR,0.0,1.0,1.0,100.0
269100,2,walk,walk,14313,,14313.0,20.0,0.0,0.0,7.0,18.93,0.238,0.029,0.0,40.0,25.93,0.0,4.0,3340.0,2.0,12.22,-0.23,-1.05,0.11,5.83,25.16,-54.68,473.0,TEST2RR,AKR_TEST2RR,0.0,1.0,1.0,100.0
269120,2,walk,walk,14314,,14314.0,20.0,0.0,0.0,7.0,18.12,0.238,0.048,0.0,40.0,25.97,0.0,4.0,3340.0,2.0,12.08,-0.22,-1.05,0.09,6.44,22.79,-52.78,473.0,TEST2RR,AKR_TEST2RR,0.0,1.0,1.0,100.0
269140,2,walk,walk,14315,,14315.0,20.0,0.0,0.0,7.0,17.26,0.238,0.003,0.0,40.0,25.97,0.0,4.0,3340.0,2.0,11.88,-0.22,-1.04,0.06,6.28,19.31,-50.86,473.0,TEST2RR,AKR_TEST2RR,0.0,1.0,1.0,100.0
269180,2,walk,walk,14316,,14316.0,20.0,0.0,0.0,7.0,16.37,0.236,-0.15,0.0,40.0,25.97,0.0,4.0,3340.0,2.0,11.61,-0.21,-1.03,0.03,5.15,15.05,-48.93,473.0,TEST2RR,AKR_TEST2RR,0.0,1.0,1.0,100.0
269200,2,walk,walk,14317,,14317.0,20.0,0.0,0.0,7.0,15.44,0.233,-0.238,0.0,40.0,25.97,0.0,4.0,3340.0,2.0,11.28,-0.2,-1.02,0.0,2.99,10.38,-47.05,473.0,TEST2RR,AKR_TEST2RR,0.0,1.0,1.0,100.0
269220,2,walk,walk,14318,,14318.0,20.0,0.0,0.0,7.0,14.5,0.231,-0.164,0.0,40.0,25.97,0.0,4.0,3340.0,2.0,10.88,-0.19,-1.01,-0.02,-0.16,5.59,-45.23,473.0,TEST2RR,AKR_TEST2RR,0.0,1.0,1.0,100.0
269220,2,walk,walk,14319,,14319.0,20.0,0.0,0.0,7.0,13.54,0.228,-0.193,0.0,40.0,25.93,0.0,4.0,3340.0,2.0,10.44,-0.18,-0.99,-0.05,-4.14,0.94,-43.48,473.0,TEST2RR,AKR_TEST2RR,0.0,1.0,1.0,100.0
269240,2,walk,walk,14320,,14320.0,20.0,0.0,0.0,7.0,12.59,0.226,-0.159,0.0,40.0,25.97,0.0,4.0,3340.0,2.0,9.98,-0.17,-0.98,-0.07,-8.79,-3.41,-41.82,473.0,TEST2RR,AKR_TEST2RR,0.0,1.0,1.0,100.0
269260,2,walk,walk,14321,,14321.0,20.0,0.0,0.0,7.0,11.64,0.219,-1.605,0.0,40.0,25.97,0.0,4.0,3340.0,2.0,9.58,-0.16,-0.96,-0.08,-13.83,-7.53,-40.25,473.0,TEST2RR,AKR_TEST2RR,0.0,1.0,1.0,100.0
269280,2,walk,walk,14322,,14322.0,20.0,0.0,0.0,7.0,10.71,0.175,-3.465,0.0,40.0,25.93,0.0,4.0,3340.0,2.0,9.35,-0.16,-0.96,-0.09,-18.93,-11.73,-38.68,473.0,TEST2RR,AKR_TEST2RR,0.0,1.0,1.0,100.0
269300,2,walk,walk,14323,,14323.0,20.0,0.0,0.0,7.0,9.79,0.126,-3.062,0.0,40.0,25.97,0.0,4.0,3340.0,2.0,9.24,-0.15,-0.95,-0.09,-23.77,-16.57,-37.03,473.0,TEST2RR,AKR_TEST2RR,0.0,1.0,1.0,100.0
269320,2,walk,walk,14324,,14324.0,20.0,0.0,0.0,7.0,8.89,0.123,1.119,0.0,40.0,25.97,0.0,4.0,3340.0,2.0,8.9,-0.15,-0.96,-0.08,-27.72,-21.89,-35.48,473.0,TEST2RR,AKR_TEST2RR,0.0,1.0,1.0,100.0
269340,2,walk,walk,14325,,14325.0,20.0,0.0,0.0,7.0,8.02,0.142,1.678,0.0,40.0,25.93,0.0,4.0,3340.0,2.0,8.05,-0.14,-0.97,-0.06,-30.29,-27.18,-34.11,473.0,TEST2RR,AKR_TEST2RR,0.0,1.0,1.0,100.0
269360,2,walk,walk,14326,,14326.0,20.0,0.0,0.0,7.0,7.18,0.141,-1.589,0.0,40.0,25.93,0.0,4.0,3340.0,2.0,6.69,-0.12,-0.99,-0.03,-31.49,-31.71,-32.5,473.0,TEST2RR,AKR_TEST2RR,0.0,1.0,1.0,100.0
269400,2,walk,walk,14327,,14327.0,20.0,0.0,0.0,7.0,6.37,0.112,-1.386,0.0,40.0,25.97,0.0,4.0,3340.0,2.0,4.99,-0.09,-1.01,0.01,-31.56,-35.04,-30.11,473.0,TEST2RR,AKR_TEST2RR,0.0,1.0,1.0,100.0
269400,2,walk,walk,14328,,14328.0,20.0,0.0,0.0,7.0,5.59,0.096,-0.773,0.0,40.0,25.93,0.0,4.0,3340.0,2.0,3.15,-0.06,-1.04,0.04,-30.82,-37.01,-26.76,473.0,TEST2RR,AKR_TEST2RR,0.0,1.0,1.0,100.0
269420,2,walk,walk,14329,,14329.0,20.0,0.0,0.0,7.0,4.84,0.079,-1.546,0.0,40.0,25.93,0.0,4.0,3340.0,2.0,1.35,-0.03,-1.06,0.08,-29.48,-37.56,-22.44,473.0,TEST2RR,AKR_TEST2RR,0.0,1.0,1.0,100.0
269440,2,walk,walk,14330,,14330.0,20.0,0.0,0.0,7.0,4.12,0.057,-1.934,0.0,40.0,25.97,0.0,4.0,3340.0,2.0,-0.27,0.01,-1.08,0.11,-27.69,-36.8,-17.17,473.0,TEST2RR,AKR_TEST2RR,0.0,1.0,1.0,100.0
269460,2,walk,walk,14331,,14331.0,20.0,0.0,0.0,7.0,3.44,0.03,-1.686,0.0,40.0,25.97,0.0,4.0,3340.0,2.0,-1.64,0.03,-1.09,0.12,-25.53,-35.01,-11.07,473.0,TEST2RR,AKR_TEST2RR,0.0,1.0,1.0,100.0
269500,2,walk,walk,14332,,14332.0,20.0,0.0,0.0,7.0,2.79,0.007,-1.521,0.0,40.0,25.93,0.0,4.0,3340.0,2.0,-2.72,0.05,-1.1,0.13,-23.06,-32.5,-4.36,473.0,TEST2RR,AKR_TEST2RR,0.0,1.0,1.0,100.0
269500,2,walk,walk,14333,,14333.0,20.0,0.0,0.0,1.0,2.19,-0.015,-1.337,0.0,40.0,25.97,0.0,4.0,3340.0,2.0,-3.49,0.07,-1.1,0.13,-20.32,-29.55,2.64,473.0,TEST2RR,AKR_TEST2RR,0.0,1.0,1.0,100.0
269540,2,walk,walk,14334,,14334.0,20.0,0.0,0.0,1.0,1.62,-0.037,-1.305,0.0,40.0,25.97,0.0,4.0,3340.0,2.0,-3.95,0.08,-1.11,0.13,-17.38,-26.45,9.65,473.0,TEST2RR,AKR_TEST2RR,0.0,1.0,1.0,100.0
269560,2,walk,walk,14335,,14335.0,20.0,0.0,0.0,1.0,1.11,-0.057,-1.39,0.0,40.0,25.97,0.0,4.0,3340.0,2.0,-4.12,0.08,-1.1,0.12,-14.31,-23.38,16.39,473.0,TEST2RR,AKR_TEST2RR,0.0,1.0,1.0,100.0
269580,2,walk,walk,14336,,14336.0,20.0,0.0,0.0,1.0,0.65,-0.076,-1.377,0.0,40.0,25.97,0.0,4.0,3340.0,2.0,-4.03,0.08,-1.1,0.1,-11.2,-20.44,22.65,473.0,TEST2RR,AKR_TEST2RR,0.0,1.0,1.0,100.0
269600,2,walk,walk,14337,,14337.0,20.0,0.0,0.0,1.0,0.25,-0.093,-1.005,0.0,40.0,25.93,0.0,4.0,3340.0,2.0,-3.71,0.07,-1.09,0.09,-8.17,-17.69,28.25,473.0,TEST2RR,AKR_TEST2RR,0.0,1.0,1.0,100.0
269600,2,walk,walk,14338,,14338.0,20.0,0.0,0.0,1.0,-0.09,-0.112,-1.155,0.0,40.0,25.97,0.0,4.0,3340.0,2.0,-3.2,0.06,-1.09,0.07,-5.35,-15.16,33.1,473.0,TEST2RR,AKR_TEST2RR,0.0,1.0,1.0,100.0
269640,2,walk,walk,14339,,14339.0,20.0,0.0,0.0,1.0,-0.35,-0.128,-1.392,0.0,40.0,25.97,0.0,4.0,3340.0,2.0,-2.53,0.05,-1.08,0.06,-2.89,-12.86,37.2,473.0,TEST2RR,AKR_TEST2RR,0.0,1.0,1.0,100.0
269660,2,walk,walk,14340,,14340.0,20.0,0.0,0.0,1.0,-0.53,-0.145,-0.871,0.0,40.0,25.93,0.0,4.0,3340.0,2.0,-1.74,0.03,-1.07,0.05,-0.91,-10.75,40.54,473.0,TEST2RR,AKR_TEST2RR,0.0,1.0,1.0,100.0
269660,2,walk,walk,14341,,14341.0,20.0,0.0,0.0,1.0,-0.64,-0.161,-1.036,0.0,40.0,25.93,0.0,4.0,3340.0,2.0,-0.85,0.02,-1.06,0.04,0.49,-8.87,43.14,473.0,TEST2RR,AKR_TEST2RR,0.0,1.0,1.0,100.0
269700,2,walk,walk,14342,,14342.0,20.0,0.0,0.0,1.0,-0.66,-0.167,-0.293,0.0,40.0,25.97,0.0,4.0,3340.0,2.0,0.14,0.0,-1.05,0.04,1.29,-7.2,44.89,473.0,TEST2RR,AKR_TEST2RR,0.0,1.0,1.0,100.0
269700,2,walk,walk,14343,,14343.0,20.0,0.0,0.0,1.0,-0.59,-0.17,-0.132,0.0,40.0,25.97,0.0,4.0,3340.0,2.0,1.21,-0.02,-1.04,0.03,1.49,-5.73,45.67,473.0,TEST2RR,AKR_TEST2RR,0.0,1.0,1.0,100.0
269720,2,walk,walk,14344,,14344.0,20.0,0.0,0.0,1.0,-0.45,-0.169,-0.032,0.0,40.0,25.93,0.0,4.0,3340.0,2.0,2.35,-0.04,-1.03,0.03,1.16,-4.41,45.38,473.0,TEST2RR,AKR_TEST2RR,0.0,1.0,1.0,100.0
269740,2,walk,walk,14345,,14345.0,20.0,0.0,0.0,1.0,-0.22,-0.168,0.12,0.0,40.0,25.97,0.0,4.0,3340.0,2.0,3.53,-0.06,-1.03,0.03,0.44,-3.21,44.01,473.0,TEST2RR,AKR_TEST2RR,0.0,1.0,1.0,100.0
269760,2,walk,walk,14346,,14346.0,20.0,0.0,0.0,1.0,0.08,-0.165,0.23,0.0,40.0,25.93,0.0,4.0,3340.0,2.0,4.7,-0.08,-1.02,0.02,-0.54,-2.11,41.62,473.0,TEST2RR,AKR_TEST2RR,0.0,1.0,1.0,100.0
269780,2,walk,walk,14347,,14347.0,20.0,0.0,0.0,1.0,0.45,-0.16,0.234,0.0,39.0,25.93,0.0,4.0,3340.0,2.0,5.83,-0.1,-1.01,0.02,-1.63,-1.13,38.37,473.0,TEST2RR,AKR_TEST2RR,0.0,1.0,1.0,100.0
269800,2,walk,walk,14348,,14348.0,20.0,0.0,0.0,1.0,0.89,-0.159,0.113,0.0,39.0,25.97,0.0,4.0,3340.0,2.0,6.86,-0.12,-1.01,0.01,-2.71,-0.28,34.54,473.0,TEST2RR,AKR_TEST2RR,0.0,1.0,1.0,100.0
269820,2,walk,walk,14349,,14349.0,20.0,0.0,0.0,1.0,1.38,-0.159,-0.049,0.0,39.0,25.97,0.0,4.0,3340.0,2.0,7.74,-0.14,-1.0,0.01,-3.71,0.43,30.44,473.0,TEST2RR,AKR_TEST2RR,0.0,1.0,1.0,100.0
269840,2,walk,walk,14350,,14350.0,20.0,0.0,0.0,1.0,1.91,-0.16,0.03,0.0,39.0,25.97,0.0,4.0,3340.0,2.0,8.46,-0.15,-1.0,0.0,-4.55,0.99,26.38,473.0,TEST2RR,AKR_TEST2RR,0.0,1.0,1.0,100.0
269880,2,walk,walk,14351,,14351.0,20.0,0.0,0.0,1.0,2.48,-0.161,-0.158,0.0,39.0,25.97,0.0,4.0,3340.0,2.0,9.03,-0.16,-1.0,-0.01,-5.17,1.4,22.61,473.0,TEST2RR,AKR_TEST2RR,0.0,1.0,1.0,100.0
269900,2,walk,walk,14352,,14352.0,20.0,0.0,0.0,1.0,3.07,-0.164,-0.328,0.0,39.0,25.97,0.0,4.0,3340.0,2.0,9.46,-0.17,-1.0,-0.02,-5.53,1.67,19.3,473.0,TEST2RR,AKR_TEST2RR,0.0,1.0,1.0,100.0
269900,2,walk,walk,14353,,14353.0,20.0,0.0,0.0,1.0,3.67,-0.168,-0.324,0.0,39.0,25.97,0.0,4.0,3340.0,2.0,9.77,-0.17,-1.0,-0.02,-5.58,1.79,16.56,473.0,TEST2RR,AKR_TEST2RR,0.0,1.0,1.0,100.0
269940,2,walk,walk,14354,,14354.0,20.0,0.0,0.0,1.0,4.28,-0.171,-0.357,0.0,39.0,25.97,0.0,4.0,3340.0,2.0,10.01,-0.18,-1.0,-0.03,-5.34,1.8,14.42,473.0,TEST2RR,AKR_TEST2RR,0.0,1.0,1.0,100.0
269940,2,walk,walk,14355,,14355.0,20.0,0.0,0.0,1.0,4.88,-0.178,-0.445,0.0,39.0,25.97,0.0,4.0,3340.0,2.0,10.19,-0.18,-1.01,-0.04,-4.82,1.74,12.88,473.0,TEST2RR,AKR_TEST2RR,0.0,1.0,1.0,100.0
269960,2,walk,walk,14356,,14356.0,20.0,0.0,0.0,1.0,5.46,-0.184,-0.31,0.0,39.0,25.97,0.0,4.0,3340.0,2.0,10.33,-0.18,-1.01,-0.04,-4.05,1.61,11.9,473.0,TEST2RR,AKR_TEST2RR,0.0,1.0,1.0,100.0
269980,2,walk,walk,14357,,14357.0,20.0,0.0,0.0,1.0,6.03,-0.19,-0.444,0.0,39.0,25.97,0.0,4.0,3340.0,2.0,10.44,-0.19,-1.01,-0.05,-3.09,1.41,11.45,473.0,TEST2RR,AKR_TEST2RR,0.0,1.0,1.0,100.0
270000,2,walk,walk,14358,,14358.0,20.0,0.0,0.0,1.0,6.57,-0.201,-1.118,0.0,39.0,25.97,0.0,4.0,3340.0,2.0,10.54,-0.19,-1.01,-0.05,-1.98,1.17,11.57,473.0,TEST2RR,AKR_TEST2RR,0.0,1.0,1.0,100.0
270040,2,walk,walk,14359,,14359.0,20.0,0.0,0.0,1.0,7.09,-0.217,-1.095,0.0,39.0,25.93,0.0,4.0,3340.0,2.0,10.63,-0.19,-1.01,-0.06,-0.77,0.93,12.32,473.0,TEST2RR,AKR_TEST2RR,0.0,1.0,1.0,100.0
270040,2,walk,walk,14360,,14360.0,20.0,0.0,0.0,1.0,7.57,-0.236,-1.207,0.0,39.0,25.97,0.0,4.0,3340.0,2.0,10.71,-0.19,-1.01,-0.06,0.52,0.69,13.76,473.0,TEST2RR,AKR_TEST2RR,0.0,1.0,1.0,100.0
270060,2,walk,walk,14361,,14361.0,20.0,0.0,0.0,1.0,8.03,-0.248,-0.723,0.0,39.0,25.97,0.0,4.0,3340.0,2.0,10.81,-0.19,-1.01,-0.06,1.9,0.45,15.75,473.0,TEST2RR,AKR_TEST2RR,0.0,1.0,1.0,100.0
270080,2,walk,walk,14362,,14362.0,20.0,0.0,0.0,1.0,8.46,-0.26,-0.622,0.0,39.0,25.97,0.0,4.0,3340.0,2.0,10.98,-0.2,-1.02,-0.06,3.35,0.19,18.05,473.0,TEST2RR,AKR_TEST2RR,0.0,1.0,1.0,100.0
270100,2,walk,walk,14363,,14363.0,20.0,0.0,0.0,1.0,8.87,-0.265,-0.378,0.0,39.0,25.97,0.0,4.0,3340.0,2.0,11.24,-0.2,-1.01,-0.06,4.87,-0.13,20.37,473.0,TEST2RR,AKR_TEST2RR,0.0,1.0,1.0,100.0
270140,2,walk,walk,14364,,14364.0,20.0,0.0,0.0,1.0,9.26,-0.269,-0.049,0.0,39.0,25.97,0.0,4.0,3340.0,2.0,11.6,-0.21,-1.01,-0.06,6.39,-0.51,22.4,473.0,TEST2RR,AKR_TEST2RR,0.0,1.0,1.0,100.0
270140,2,walk,walk,14365,,14365.0,20.0,0.0,0.0,1.0,9.64,-0.271,-0.109,0.0,39.0,25.97,0.0,4.0,3340.0,2.0,12.06,-0.22,-1.01,-0.06,7.85,-0.9,23.96,473.0,TEST2RR,AKR_TEST2RR,0.0,1.0,1.0,100.0
270180,2,walk,walk,14366,,14366.0,20.0,0.0,6.0,2.0,10.0,-0.271,0.002,0.0,39.0,25.93,0.0,4.0,3340.0,2.0,12.61,-0.23,-1.01,-0.06,9.15,-1.29,24.9,474.0,TEST2RR,AKR_TEST2RR,0.0,1.0,1.0,100.0
270180,2,walk,walk,14367,,14367.0,20.0,0.0,6.0,2.0,10.37,-0.271,-0.04,0.019,39.0,25.86,0.0,18.0,3340.0,2.0,13.22,-0.24,-1.01,-0.06,10.32,-1.63,24.25,474.0,TEST2RR,AKR_TEST2RR,0.0,1.0,1.0,100.0
270200,2,walk,walk,14368,,14368.0,20.0,0.0,6.0,2.0,10.73,-0.195,6.445,4.866,39.0,24.95,0.0,18.0,3340.0,2.0,13.89,-0.25,-1.0,-0.05,11.24,-2.31,21.35,474.0,TEST2RR,AKR_TEST2RR,0.0,1.0,1.0,100.0
270220,2,walk,walk,14369,,14369.0,20.0,0.0,6.0,2.0,11.09,-0.123,3.39,6.722,39.0,24.7,0.0,18.0,3340.0,2.0,14.54,-0.26,-1.0,-0.04,11.87,-3.39,16.6,474.0,TEST2RR,AKR_TEST2RR,0.0,1.0,1.0,100.0
270240,2,walk,walk,14370,,14370.0,20.0,0.0,6.0,2.0,11.46,-0.095,0.906,8.59,39.0,24.46,0.0,18.0,3340.0,2.0,15.1,-0.27,-0.99,-0.04,12.15,-4.64,10.8,474.0,TEST2RR,AKR_TEST2RR,0.0,1.0,1.0,100.0
270280,2,walk,walk,14371,,14371.0,20.0,1.0,6.0,2.0,11.82,-0.084,0.848,8.744,39.0,24.46,0.0,19.0,3340.0,2.0,15.53,-0.28,-0.99,-0.03,12.08,-5.88,4.68,474.0,TEST2RR,AKR_TEST2RR,0.0,1.0,1.0,100.0
270280,2,walk,walk,14372,,14372.0,20.0,1.0,6.0,2.0,12.18,-0.075,0.507,8.366,39.0,24.56,0.0,19.0,3340.0,2.0,15.83,-0.28,-0.99,-0.02,11.64,-6.91,-1.22,474.0,TEST2RR,AKR_TEST2RR,0.0,1.0,1.0,100.0
270320,2,walk,walk,14373,,14373.0,20.0,0.0,6.0,2.0,12.53,-0.07,0.371,8.044,39.0,24.67,0.0,18.0,3340.0,2.0,16.01,-0.28,-0.98,-0.02,10.88,-7.61,-6.54,474.0,TEST2RR,AKR_TEST2RR,0.0,1.0,1.0,100.0
270340,2,walk,walk,14374,,14374.0,20.0,1.0,6.0,2.0,12.86,-0.066,0.289,7.72,39.0,24.81,0.0,19.0,3340.0,2.0,16.07,-0.28,-0.98,-0.01,9.84,-7.93,-11.1,474.0,TEST2RR,AKR_TEST2RR,0.0,1.0,1.0,100.0
270360,2,walk,walk,14375,,14375.0,20.0,1.0,6.0,2.0,13.16,-0.061,0.373,7.236,39.0,24.95,0.0,19.0,3340.0,2.0,16.02,-0.28,-0.98,0.0,8.61,-7.87,-14.89,474.0,TEST2RR,AKR_TEST2RR,0.0,1.0,1.0,100.0
270380,2,walk,walk,14376,,14376.0,20.0,1.0,6.0,2.0,13.44,-0.058,0.271,6.826,39.0,25.05,0.0,19.0,3340.0,2.0,15.88,-0.28,-0.98,0.0,7.28,-7.47,-17.92,474.0,TEST2RR,AKR_TEST2RR,0.0,1.0,1.0,100.0
270380,2,walk,walk,14377,,14377.0,20.0,1.0,6.0,2.0,13.67,-0.054,0.269,6.295,39.0,25.16,0.0,19.0,3340.0,2.0,15.63,-0.27,-0.98,0.01,5.95,-6.8,-20.26,474.0,TEST2RR,AKR_TEST2RR,0.0,1.0,1.0,100.0
270400,2,walk,walk,14378,,14378.0,20.0,1.0,6.0,2.0,13.86,-0.051,0.075,6.113,39.0,25.23,0.0,19.0,3340.0,2.0,15.28,-0.27,-0.98,0.01,4.7,-5.93,-21.98,474.0,TEST2RR,AKR_TEST2RR,0.0,1.0,1.0,100.0
270420,2,walk,walk,14379,,14379.0,20.0,1.0,6.0,2.0,14.0,-0.048,0.236,5.675,39.0,25.33,0.0,19.0,3340.0,2.0,14.84,-0.26,-0.98,0.01,3.59,-4.93,-23.13,474.0,TEST2RR,AKR_TEST2RR,0.0,1.0,1.0,100.0
270460,2,walk,walk,14380,,14380.0,20.0,1.0,6.0,2.0,14.1,-0.046,0.159,5.381,39.0,25.4,0.0,19.0,3340.0,2.0,14.32,-0.25,-0.98,0.01,2.67,-3.86,-23.78,474.0,TEST2RR,AKR_TEST2RR,0.0,1.0,1.0,100.0
270480,2,walk,walk,14381,,14381.0,20.0,1.0,6.0,2.0,14.14,-0.043,0.108,5.043,39.0,25.44,0.0,19.0,3340.0,2.0,13.74,-0.24,-0.99,0.01,1.96,-2.8,-24.0,474.0,TEST2RR,AKR_TEST2RR,0.0,1.0,1.0,100.0
270500,2,walk,walk,14382,,14382.0,20.0,1.0,6.0,2.0,14.12,-0.04,0.201,4.619,39.0,25.51,0.0,19.0,3340.0,2.0,13.11,-0.23,-0.99,0.01,1.46,-1.79,-23.82,474.0,TEST2RR,AKR_TEST2RR,0.0,1.0,1.0,100.0
270500,2,walk,walk,14383,,14383.0,20.0,1.0,6.0,2.0,14.06,-0.038,0.028,4.375,39.0,25.58,0.0,19.0,3340.0,2.0,12.45,-0.22,-0.99,0.01,1.14,-0.86,-23.31,474.0,TEST2RR,AKR_TEST2RR,0.0,1.0,1.0,100.0
270520,2,walk,walk,14384,,14384.0,20.0,1.0,6.0,2.0,13.95,-0.036,0.084,4.236,39.0,25.58,0.0,19.0,3340.0,2.0,11.79,-0.21,-1.0,0.01,1.0,-0.05,-22.49,474.0,TEST2RR,AKR_TEST2RR,0.0,1.0,1.0,100.0
270540,2,walk,walk,14385,,14385.0,20.0,1.0,6.0,2.0,13.8,-0.035,0.054,4.042,39.0,25.62,0.0,19.0,3340.0,2.0,11.14,-0.2,-1.0,0.01,1.01,0.64,-21.42,474.0,TEST2RR,AKR_TEST2RR,0.0,1.0,1.0,100.0
270560,2,walk,walk,14386,,14386.0,20.0,1.0,6.0,2.0,13.6,-0.033,0.123,3.913,39.0,25.65,0.0,19.0,3340.0,2.0,10.53,-0.19,-1.0,0.0,1.13,1.19,-20.15,474.0,TEST2RR,AKR_TEST2RR,0.0,1.0,1.0,100.0
270580,2,walk,walk,14387,,14387.0,20.0,1.0,6.0,2.0,13.37,-0.032,0.029,3.821,39.0,25.65,0.0,19.0,3340.0,2.0,9.95,-0.18,-1.01,0.0,1.37,1.62,-18.73,474.0,TEST2RR,AKR_TEST2RR,0.0,1.0,1.0,100.0
270600,2,walk,walk,14388,,14388.0,20.0,1.0,6.0,2.0,13.11,-0.031,0.101,3.744,39.0,25.65,0.0,19.0,3340.0,2.0,9.43,-0.17,-1.01,0.0,1.68,1.95,-17.22,474.0,TEST2RR,AKR_TEST2RR,0.0,1.0,1.0,100.0
270640,2,walk,walk,14389,,14389.0,20.0,1.0,6.0,2.0,12.83,-0.031,0.081,3.72,39.0,25.65,0.0,19.0,3340.0,2.0,8.97,-0.16,-1.01,0.0,2.07,2.19,-15.67,474.0,TEST2RR,AKR_TEST2RR,0.0,1.0,1.0,100.0
270640,2,walk,walk,14390,,14390.0,20.0,1.0,6.0,2.0,12.52,-0.03,0.049,3.632,39.0,25.65,0.0,19.0,3340.0,2.0,8.56,-0.15,-1.02,0.0,2.51,2.35,-14.11,474.0,TEST2RR,AKR_TEST2RR,0.0,1.0,1.0,100.0
270680,2,walk,walk,14391,,14391.0,20.0,1.0,6.0,2.0,12.21,-0.03,0.007,3.618,39.0,25.69,0.0,19.0,3340.0,2.0,8.2,-0.15,-1.02,0.0,2.99,2.44,-12.59,474.0,TEST2RR,AKR_TEST2RR,0.0,1.0,1.0,100.0
270700,2,walk,walk,14392,,14392.0,20.0,1.0,6.0,2.0,11.88,-0.03,-0.011,3.61,39.0,25.69,0.0,19.0,3340.0,2.0,7.89,-0.14,-1.02,0.0,3.51,2.47,-11.12,474.0,TEST2RR,AKR_TEST2RR,0.0,1.0,1.0,100.0
270720,2,walk,walk,14393,,14393.0,20.0,1.0,6.0,2.0,11.55,-0.03,-0.087,3.58,39.0,25.65,0.0,19.0,3340.0,2.0,7.62,-0.14,-1.02,0.0,4.03,2.45,-9.7,474.0,TEST2RR,AKR_TEST2RR,0.0,1.0,1.0,100.0
270720,2,walk,walk,14394,,14394.0,20.0,1.0,6.0,2.0,11.21,-0.03,0.015,3.596,39.0,25.69,0.0,19.0,3340.0,2.0,7.39,-0.13,-1.02,0.0,4.56,2.37,-8.36,474.0,TEST2RR,AKR_TEST2RR,0.0,1.0,1.0,100.0
270760,2,walk,walk,14395,,14395.0,20.0,1.0,6.0,2.0,10.89,-0.03,-0.001,3.645,39.0,25.69,0.0,19.0,3340.0,2.0,7.2,-0.13,-1.02,0.0,5.08,2.26,-7.08,474.0,TEST2RR,AKR_TEST2RR,0.0,1.0,1.0,100.0
270780,2,walk,walk,14396,,14396.0,20.0,1.0,6.0,2.0,10.57,-0.03,0.014,3.605,39.0,25.69,0.0,19.0,3340.0,2.0,7.05,-0.13,-1.02,0.0,5.57,2.1,-5.89,474.0,TEST2RR,AKR_TEST2RR,0.0,1.0,1.0,100.0
270780,2,walk,walk,14397,,14397.0,20.0,1.0,6.0,2.0,10.26,-0.03,-0.038,3.637,40.0,25.69,0.0,19.0,3340.0,2.0,6.93,-0.12,-1.02,0.0,6.03,1.92,-4.78,474.0,TEST2RR,AKR_TEST2RR,0.0,1.0,1.0,100.0
270820,2,walk,walk,14398,,14398.0,20.0,1.0,6.0,2.0,9.96,-0.03,-0.009,3.66,40.0,25.69,0.0,19.0,3340.0,2.0,6.84,-0.12,-1.02,0.01,6.44,1.71,-3.76,474.0,TEST2RR,AKR_TEST2RR,0.0,1.0,1.0,100.0
270820,2,walk,walk,14399,,14399.0,20.0,1.0,6.0,2.0,9.68,-0.03,-0.048,3.671,40.0,25.65,0.0,19.0,3340.0,2.0,6.78,-0.12,-1.02,0.01,6.8,1.5,-2.83,474.0,TEST2RR,AKR_TEST2RR,0.0,1.0,1.0,100.0
270840,2,walk,walk,14400,,14400.0,20.0,1.0,6.0,2.0,9.41,-0.03,-0.038,3.711,40.0,25.65,0.0,19.0,3340.0,2.0,6.73,-0.12,-1.02,0.01,7.12,1.28,-2.0,474.0,TEST2RR,AKR_TEST2RR,0.0,1.0,1.0,100.0
270880,2,walk,walk,14401,,14401.0,20.0,1.0,6.0,2.0,9.16,-0.031,0.013,3.739,40.0,25.65,0.0,19.0,3340.0,2.0,6.7,-0.12,-1.02,0.01,7.38,1.07,-1.25,474.0,TEST2RR,AKR_TEST2RR,0.0,1.0,1.0,100.0
270880,2,walk,walk,14402,,14402.0,20.0,1.0,6.0,2.0,8.93,-0.031,-0.079,3.777,40.0,25.65,0.0,19.0,3340.0,2.0,6.68,-0.12,-1.02,0.02,7.6,0.86,-0.57,474.0,TEST2RR,AKR_TEST2RR,0.0,1.0,1.0,100.0
270900,2,walk,walk,14403,,14403.0,20.0,1.0,6.0,2.0,8.72,-0.031,0.032,3.805,40.0,25.65,0.0,19.0,3340.0,2.0,6.67,-0.12,-1.02,0.02,7.78,0.67,0.05,474.0,TEST2RR,AKR_TEST2RR,0.0,1.0,1.0,100.0
270940,2,walk,walk,14404,,14404.0,20.0,1.0,6.0,2.0,8.53,-0.031,0.014,3.83,40.0,25.65,0.0,19.0,3340.0,2.0,6.68,-0.12,-1.02,0.02,7.92,0.49,0.61,474.0,TEST2RR,AKR_TEST2RR,0.0,1.0,1.0,100.0
270980,2,walk,walk,14405,,14405.0,20.0,1.0,6.0,2.0,8.36,-0.031,0.04,3.865,40.0,25.65,0.0,19.0,3340.0,2.0,6.69,-0.12,-1.02,0.02,8.01,0.34,1.11,474.0,TEST2RR,AKR_TEST2RR,0.0,1.0,1.0,100.0
270980,2,walk,walk,14406,,14406.0,20.0,2.0,6.0,2.0,8.21,-0.032,0.036,3.86,40.0,25.65,0.0,20.0,3340.0,2.0,6.72,-0.12,-1.02,0.03,8.06,0.22,1.53,474.0,TEST2RR,AKR_TEST2RR,0.0,1.0,1.0,100.0
271000,2,walk,walk,14407,,14407.0,20.0,2.0,6.0,2.0,8.07,-0.032,-0.015,3.827,40.0,25.65,0.0,20.0,3340.0,2.0,6.76,-0.12,-1.02,0.03,8.06,0.12,1.88,474.0,TEST2RR,AKR_TEST2RR,0.0,1.0,1.0,100.0
271000,2,walk,walk,14408,,14408.0,20.0,2.0,6.0,2.0,7.96,-0.032,0.028,3.85,40.0,25.65,0.0,20.0,3340.0,2.0,6.81,-0.12,-1.02,0.03,8.02,0.06,2.14,474.0,TEST2RR,AKR_TEST2RR,0.0,1.0,1.0,100.0
271020,2,walk,walk,14409,,14409.0,20.0,2.0,6.0,2.0,7.86,-0.032,-0.002,3.853,40.0,25.65,0.0,20.0,3340.0,2.0,6.87,-0.12,-1.02,0.03,7.94,0.02,2.34,474.0,TEST2RR,AKR_TEST2RR,0.0,1.0,1.0,100.0
271060,2,walk,walk,14410,,14410.0,20.0,2.0,6.0,2.0,7.77,-0.032,-0.032,3.852,40.0,25.65,0.0,20.0,3340.0,2.0,6.92,-0.12,-1.02,0.04,7.85,0.01,2.46,474.0,TEST2RR,AKR_TEST2RR,0.0,1.0,1.0,100.0
271060,2,walk,walk,14411,,14411.0,20.0,2.0,6.0,2.0,7.7,-0.032,-0.037,3.875,40.0,25.65,0.0,20.0,3340.0,2.0,6.98,-0.12,-1.02,0.04,7.74,0.02,2.54,474.0,TEST2RR,AKR_TEST2RR,0.0,1.0,1.0,100.0
271100,2,walk,walk,14412,,14412.0,20.0,2.0,6.0,2.0,7.65,-0.032,-0.065,3.862,40.0,25.62,0.0,20.0,3340.0,2.0,7.02,-0.13,-1.02,0.04,7.64,0.04,2.58,474.0,TEST2RR,AKR_TEST2RR,0.0,1.0,1.0,100.0
271120,2,walk,walk,14413,,14413.0,20.0,2.0,6.0,2.0,7.6,-0.032,-0.028,3.84,40.0,25.65,0.0,20.0,3340.0,2.0,7.06,-0.13,-1.02,0.04,7.54,0.06,2.61,475.0,TEST2RR,AKR_TEST2RR,0.0,1.0,1.0,100.0
271140,2,walk,walk,14414,,14414.0,20.0,2.0,6.0,2.0,7.57,-0.032,0.076,3.868,40.0,25.65,0.0,20.0,3340.0,2.0,7.08,-0.13,-1.02,0.05,7.45,0.06,2.65,475.0,TEST2RR,AKR_TEST2RR,0.0,1.0,1.0,100.0
271140,2,walk,walk,14415,,14415.0,20.0,2.0,6.0,2.0,7.55,-0.032,-0.1,3.839,40.0,25.65,0.0,20.0,3340.0,2.0,7.09,-0.13,-1.02,0.05,7.39,0.0,2.74,475.0,TEST2RR,AKR_TEST2RR,0.0,1.0,1.0,100.0
271180,2,walk,walk,14416,,14416.0,20.0,2.0,6.0,2.0,7.54,-0.032,0.018,3.834,40.0,25.65,0.0,20.0,3340.0,2.0,7.06,-0.13,-1.02,0.05,7.38,-0.15,2.93,475.0,TEST2RR,AKR_TEST2RR,0.0,1.0,1.0,100.0
271180,2,walk,walk,14417,,14417.0,20.0,2.0,6.0,2.0,7.53,-0.032,-0.014,3.859,40.0,25.65,0.0,19.0,3340.0,2.0,6.99,-0.13,-1.03,0.05,7.44,-0.42,3.28,475.0,TEST2RR,AKR_TEST2RR,0.0,1.0,1.0,100.0
271200,2,walk,walk,14418,,14418.0,20.0,1.0,6.0,2.0,7.54,-0.031,-0.011,3.769,40.0,25.65,0.0,18.0,3340.0,2.0,6.89,-0.12,-1.03,0.04,7.59,-0.82,3.87,475.0,TEST2RR,AKR_TEST2RR,0.0,1.0,1.0,100.0
271220,2,walk,walk,14419,,14419.0,20.0,1.0,6.0,2.0,7.55,-0.031,0.08,3.686,40.0,25.65,0.0,18.0,3340.0,2.0,6.77,-0.12,-1.03,0.04,7.82,-1.38,4.73,475.0,TEST2RR,AKR_TEST2RR,0.0,1.0,1.0,100.0
271240,2,walk,walk,14420,,14420.0,20.0,1.0,6.0,2.0,7.57,-0.03,-0.009,3.575,40.0,25.69,0.0,18.0,3340.0,2.0,6.65,-0.12,-1.04,0.04,8.09,-2.07,5.91,475.0,TEST2RR,AKR_TEST2RR,0.0,1.0,1.0,100.0
271260,2,walk,walk,14421,,14421.0,20.0,1.0,6.0,2.0,7.59,-0.029,0.065,3.405,40.0,25.69,0.0,18.0,3340.0,2.0,6.55,-0.12,-1.04,0.04,8.35,-2.87,7.36,475.0,TEST2RR,AKR_TEST2RR,0.0,1.0,1.0,100.0
271320,2,walk,walk,14422,,14422.0,20.0,1.0,6.0,2.0,7.62,-0.028,0.162,3.191,40.0,25.72,0.0,18.0,3340.0,2.0,6.48,-0.12,-1.05,0.05,8.59,-3.73,9.05,475.0,TEST2RR,AKR_TEST2RR,0.0,1.0,1.0,100.0
271320,2,walk,walk,14423,,14423.0,20.0,1.0,6.0,2.0,7.65,-0.026,0.036,2.976,40.0,25.76,0.0,18.0,3340.0,2.0,6.47,-0.12,-1.05,0.05,8.79,-4.54,10.9,475.0,TEST2RR,AKR_TEST2RR,0.0,1.0,1.0,100.0
271320,2,walk,walk,14424,,14424.0,20.0,1.0,6.0,2.0,7.7,-0.024,0.174,2.889,40.0,25.76,0.0,18.0,3340.0,2.0,6.52,-0.12,-1.05,0.05,8.95,-5.22,12.81,475.0,TEST2RR,AKR_TEST2RR,0.0,1.0,1.0,100.0
271360,2,walk,walk,14425,,14425.0,20.0,1.0,6.0,2.0,7.76,-0.023,0.132,2.664,40.0,25.79,0.0,18.0,3340.0,2.0,6.66,-0.12,-1.05,0.06,9.08,-5.72,14.72,475.0,TEST2RR,AKR_TEST2RR,0.0,1.0,1.0,100.0
271420,2,walk,walk,14426,,14426.0,20.0,1.0,6.0,2.0,7.82,-0.022,0.018,2.558,40.0,25.79,0.0,18.0,3340.0,2.0,6.89,-0.13,-1.05,0.07,9.17,-5.98,16.56,475.0,TEST2RR,AKR_TEST2RR,0.0,1.0,1.0,100.0
271420,2,walk,walk,14427,,14427.0,20.0,1.0,6.0,2.0,7.9,-0.021,0.075,2.472,40.0,25.79,0.0,18.0,3340.0,2.0,7.23,-0.13,-1.04,0.07,9.22,-6.02,18.22,475.0,TEST2RR,AKR_TEST2RR,0.0,1.0,1.0,100.0
271420,2,walk,walk,14428,,14428.0,20.0,1.0,6.0,2.0,8.0,-0.02,0.034,2.338,40.0,25.83,0.0,18.0,3340.0,2.0,7.68,-0.14,-1.04,0.08,9.24,-5.86,19.65,475.0,TEST2RR,AKR_TEST2RR,0.0,1.0,1.0,100.0
271440,2,walk,walk,14429,,14429.0,20.0,1.0,6.0,2.0,8.11,-0.019,0.041,2.323,40.0,25.83,0.0,18.0,3340.0,2.0,8.23,-0.15,-1.03,0.09,9.23,-5.54,20.76,475.0,TEST2RR,AKR_TEST2RR,0.0,1.0,1.0,100.0
271460,2,walk,walk,14430,,14430.0,20.0,1.0,6.0,2.0,8.25,-0.019,0.026,2.286,40.0,25.83,0.0,18.0,3340.0,2.0,8.86,-0.16,-1.02,0.09,9.21,-5.09,21.53,475.0,TEST2RR,AKR_TEST2RR,0.0,1.0,1.0,100.0
271460,2,walk,walk,14431,,14431.0,20.0,1.0,6.0,2.0,8.4,-0.019,0.003,2.278,40.0,25.83,0.0,18.0,3340.0,2.0,9.55,-0.17,-1.01,0.1,9.22,-4.57,21.95,475.0,TEST2RR,AKR_TEST2RR,0.0,1.0,1.0,100.0
271480,2,walk,walk,14432,,14432.0,20.0,1.0,6.0,2.0,8.58,-0.019,0.029,2.231,40.0,25.83,0.0,18.0,3340.0,2.0,10.26,-0.18,-1.01,0.1,9.26,-4.03,22.03,475.0,TEST2RR,AKR_TEST2RR,0.0,1.0,1.0,100.0
271500,2,walk,walk,14433,,14433.0,20.0,1.0,6.0,2.0,8.78,-0.019,-0.046,2.182,40.0,25.83,0.0,18.0,3340.0,2.0,10.97,-0.19,-1.0,0.1,9.35,-3.51,21.81,475.0,TEST2RR,AKR_TEST2RR,0.0,1.0,1.0,100.0
271540,2,walk,walk,14434,,14434.0,20.0,1.0,6.0,2.0,9.0,-0.018,0.014,2.141,40.0,25.83,0.0,18.0,3340.0,2.0,11.64,-0.2,-0.99,0.1,9.48,-3.03,21.34,475.0,TEST2RR,AKR_TEST2RR,0.0,1.0,1.0,100.0
271540,2,walk,walk,14435,,14435.0,20.0,2.0,6.0,2.0,9.24,-0.017,0.138,2.065,40.0,25.83,0.0,19.0,3340.0,2.0,12.26,-0.21,-0.99,0.11,9.61,-2.64,20.67,475.0,TEST2RR,AKR_TEST2RR,0.0,1.0,1.0,100.0
271560,2,walk,walk,14436,,14436.0,20.0,1.0,6.0,2.0,9.51,-0.017,0.076,1.926,40.0,25.86,0.0,18.0,3340.0,2.0,12.82,-0.22,-0.98,0.11,9.72,-2.33,19.86,475.0,TEST2RR,AKR_TEST2RR,0.0,1.0,1.0,100.0
271580,2,walk,walk,14437,,14437.0,20.0,1.0,6.0,2.0,9.79,-0.015,0.13,1.779,40.0,25.86,0.0,18.0,3340.0,2.0,13.3,-0.23,-0.98,0.11,9.75,-2.09,18.97,475.0,TEST2RR,AKR_TEST2RR,0.0,1.0,1.0,100.0
271620,2,walk,walk,14438,,14438.0,20.0,1.0,6.0,2.0,10.09,-0.014,0.044,1.641,40.0,25.86,0.0,18.0,3340.0,2.0,13.69,-0.24,-0.98,0.11,9.67,-1.89,18.06,475.0,TEST2RR,AKR_TEST2RR,0.0,1.0,1.0,100.0
271620,2,walk,walk,14439,,14439.0,20.0,1.0,6.0,2.0,10.41,-0.013,0.08,1.521,40.0,25.9,0.0,18.0,3340.0,2.0,14.02,-0.24,-0.98,0.12,9.46,-1.7,17.19,475.0,TEST2RR,AKR_TEST2RR,0.0,1.0,1.0,100.0
271640,2,walk,walk,14440,,14440.0,20.0,1.0,6.0,2.0,10.73,-0.012,0.058,1.353,40.0,25.9,0.0,18.0,3340.0,2.0,14.29,-0.25,-0.98,0.12,9.12,-1.48,16.38,475.0,TEST2RR,AKR_TEST2RR,0.0,1.0,1.0,100.0
271660,2,walk,walk,14441,,14441.0,20.0,1.0,6.0,2.0,11.07,-0.01,0.076,1.226,40.0,25.9,0.0,18.0,3340.0,2.0,14.51,-0.25,-0.98,0.13,8.64,-1.21,15.67,475.0,TEST2RR,AKR_TEST2RR,0.0,1.0,1.0,100.0
271700,2,walk,walk,14442,,14442.0,20.0,1.0,6.0,2.0,11.41,-0.01,0.092,1.122,40.0,25.9,0.0,18.0,3340.0,2.0,14.71,-0.26,-0.98,0.13,8.04,-0.9,15.07,475.0,TEST2RR,AKR_TEST2RR,0.0,1.0,1.0,100.0
271720,2,walk,walk,14443,,14443.0,20.0,1.0,6.0,2.0,11.75,-0.009,-0.025,1.066,40.0,25.9,0.0,18.0,3340.0,2.0,14.91,-0.26,-0.98,0.14,7.34,-0.54,14.57,475.0,TEST2RR,AKR_TEST2RR,0.0,1.0,1.0,100.0
271720,2,walk,walk,14444,,14444.0,20.0,1.0,6.0,2.0,12.1,-0.008,0.103,1.019,40.0,25.9,0.0,18.0,3340.0,2.0,15.1,-0.26,-0.98,0.14,6.58,-0.17,14.18,475.0,TEST2RR,AKR_TEST2RR,0.0,1.0,1.0,100.0
271740,2,walk,walk,14445,,14445.0,20.0,1.0,6.0,2.0,12.44,-0.008,0.003,0.923,40.0,25.93,0.0,18.0,3340.0,2.0,15.3,-0.27,-0.98,0.14,5.81,0.21,13.88,475.0,TEST2RR,AKR_TEST2RR,0.0,1.0,1.0,100.0
271760,2,walk,walk,14446,,14446.0,20.0,1.0,6.0,2.0,12.78,-0.007,-0.032,0.872,40.0,25.9,0.0,18.0,3340.0,2.0,15.5,-0.27,-0.98,0.14,5.08,0.59,13.67,475.0,TEST2RR,AKR_TEST2RR,0.0,1.0,1.0,100.0
271800,2,walk,walk,14447,,14447.0,20.0,1.0,6.0,2.0,13.12,-0.007,0.084,0.813,40.0,25.93,0.0,18.0,3340.0,2.0,15.71,-0.28,-0.98,0.14,4.43,0.96,13.53,475.0,TEST2RR,AKR_TEST2RR,0.0,1.0,1.0,100.0
271800,2,walk,walk,14448,,14448.0,20.0,1.0,6.0,2.0,13.45,-0.007,0.03,0.714,40.0,25.93,0.0,18.0,3340.0,2.0,15.93,-0.28,-0.98,0.14,3.92,1.3,13.46,475.0,TEST2RR,AKR_TEST2RR,0.0,1.0,1.0,100.0
271820,2,walk,walk,14449,,14449.0,20.0,1.0,6.0,2.0,13.77,-0.006,0.046,0.732,40.0,25.93,0.0,18.0,3340.0,2.0,16.17,-0.28,-0.98,0.14,3.56,1.6,13.43,475.0,TEST2RR,AKR_TEST2RR,0.0,1.0,1.0,100.0
271840,2,walk,walk,14450,,14450.0,20.0,1.0,6.0,2.0,14.09,-0.006,-0.018,0.644,40.0,25.93,0.0,18.0,3340.0,2.0,16.41,-0.29,-0.98,0.14,3.37,1.81,13.45,475.0,TEST2RR,AKR_TEST2RR,0.0,1.0,1.0,100.0
271860,2,walk,walk,14451,,14451.0,20.0,1.0,6.0,2.0,14.4,-0.006,0.076,0.591,40.0,25.93,0.0,18.0,3340.0,2.0,16.66,-0.29,-0.98,0.14,3.35,1.93,13.49,475.0,TEST2RR,AKR_TEST2RR,0.0,1.0,1.0,100.0
271880,2,walk,walk,14452,,14452.0,20.0,1.0,6.0,2.0,14.71,-0.006,0.046,0.547,40.0,25.93,0.0,18.0,3340.0,2.0,16.91,-0.3,-0.98,0.13,3.49,1.92,13.57,475.0,TEST2RR,AKR_TEST2RR,0.0,1.0,1.0,100.0
271900,2,walk,walk,14453,,14453.0,20.0,1.0,6.0,2.0,15.01,-0.005,0.07,0.486,40.0,25.93,0.0,18.0,3340.0,2.0,17.15,-0.3,-0.98,0.13,3.79,1.79,13.69,475.0,TEST2RR,AKR_TEST2RR,0.0,1.0,1.0,100.0
271920,2,walk,walk,14454,,14454.0,20.0,1.0,6.0,2.0,15.3,-0.004,0.093,0.465,40.0,25.93,0.0,18.0,3340.0,2.0,17.37,-0.31,-0.98,0.13,4.22,1.55,13.87,475.0,TEST2RR,AKR_TEST2RR,0.0,1.0,1.0,100.0
271960,2,walk,walk,14455,,14455.0,20.0,1.0,6.0,2.0,15.58,-0.004,0.041,0.422,40.0,25.93,0.0,18.0,3340.0,2.0,17.57,-0.31,-0.98,0.13,4.79,1.25,14.12,475.0,TEST2RR,AKR_TEST2RR,0.0,1.0,1.0,100.0
271960,2,walk,walk,14456,,14456.0,20.0,1.0,6.0,2.0,15.87,-0.004,0.018,0.316,40.0,25.93,0.0,18.0,3340.0,2.0,17.74,-0.31,-0.98,0.12,5.45,0.91,14.46,475.0,TEST2RR,AKR_TEST2RR,0.0,1.0,1.0,100.0
272000,2,walk,walk,14457,,14457.0,20.0,1.0,6.0,2.0,16.15,-0.003,-0.009,0.22,40.0,25.93,0.0,18.0,3340.0,2.0,17.9,-0.32,-0.98,0.12,6.18,0.52,14.9,475.0,TEST2RR,AKR_TEST2RR,0.0,1.0,1.0,100.0
272020,2,walk,walk,14458,,14458.0,20.0,1.0,6.0,2.0,16.42,-0.002,0.081,0.139,40.0,25.93,0.0,18.0,3340.0,2.0,18.05,-0.32,-0.99,0.12,6.94,0.11,15.42,475.0,TEST2RR,AKR_TEST2RR,0.0,1.0,1.0,100.0
272020,2,walk,walk,14459,,14459.0,20.0,1.0,6.0,2.0,16.7,-0.001,0.023,0.033,40.0,25.93,0.0,18.0,3340.0,2.0,18.22,-0.32,-0.99,0.12,7.69,-0.32,16.02,475.0,TEST2RR,AKR_TEST2RR,0.0,1.0,1.0,100.0
272060,2,walk,walk,14460,,14460.0,20.0,1.0,6.0,2.0,16.97,-0.001,0.07,-0.063,40.0,25.93,0.0,18.0,3340.0,2.0,18.4,-0.33,-0.99,0.12,8.39,-0.77,16.69,475.0,TEST2RR,AKR_TEST2RR,0.0,1.0,1.0,100.0
272080,2,walk,walk,14461,,14461.0,20.0,1.0,6.0,2.0,17.24,0.0,0.057,-0.175,40.0,25.93,0.0,18.0,3340.0,2.0,18.62,-0.33,-0.99,0.13,9.0,-1.24,17.39,476.0,TEST2RR,AKR_TEST2RR,0.0,1.0,1.0,100.0
272100,2,walk,walk,14462,,14462.0,20.0,1.0,6.0,2.0,17.51,0.001,-0.042,-0.251,40.0,25.93,0.0,18.0,3340.0,2.0,18.89,-0.34,-0.99,0.13,9.49,-1.71,18.09,476.0,TEST2RR,AKR_TEST2RR,0.0,1.0,1.0,100.0
272100,2,walk,walk,14463,,14463.0,20.0,2.0,6.0,2.0,17.79,0.002,0.077,-0.389,40.0,25.93,0.0,19.0,3340.0,2.0,19.2,-0.34,-0.98,0.13,9.85,-2.16,18.75,476.0,TEST2RR,AKR_TEST2RR,0.0,1.0,1.0,100.0
272140,2,walk,walk,14464,,14464.0,20.0,2.0,6.0,2.0,18.07,0.003,0.127,-0.552,40.0,25.93,0.0,19.0,3340.0,2.0,19.56,-0.35,-0.98,0.14,10.08,-2.55,19.33,476.0,TEST2RR,AKR_TEST2RR,0.0,1.0,1.0,100.0
272160,2,walk,walk,14465,,14465.0,20.0,2.0,6.0,2.0,18.35,0.004,0.108,-0.719,40.0,25.93,0.0,19.0,3340.0,2.0,19.97,-0.35,-0.97,0.15,10.18,-2.83,19.81,476.0,TEST2RR,AKR_TEST2RR,0.0,1.0,1.0,100.0
272180,2,walk,walk,14466,,14466.0,20.0,2.0,6.0,2.0,18.64,0.005,0.017,-0.785,40.0,25.93,0.0,19.0,3340.0,2.0,20.43,-0.36,-0.97,0.15,10.15,-2.99,20.16,476.0,TEST2RR,AKR_TEST2RR,0.0,1.0,1.0,100.0
272200,2,walk,walk,14467,,14467.0,20.0,2.0,6.0,2.0,18.93,0.006,0.064,-0.893,40.0,25.93,0.0,19.0,3340.0,2.0,20.94,-0.37,-0.96,0.16,10.03,-3.01,20.34,476.0,TEST2RR,AKR_TEST2RR,0.0,1.0,1.0,100.0
272200,2,walk,walk,14468,,14468.0,20.0,2.0,6.0,2.0,19.23,0.007,0.011,-1.003,40.0,25.93,0.0,19.0,3340.0,2.0,21.49,-0.37,-0.95,0.17,9.83,-2.89,20.34,476.0,TEST2RR,AKR_TEST2RR,0.0,1.0,1.0,100.0
272220,2,walk,walk,14469,,14469.0,20.0,2.0,6.0,2.0,19.54,0.008,-0.003,-1.109,40.0,25.9,0.0,19.0,3340.0,2.0,22.07,-0.38,-0.94,0.18,9.56,-2.61,20.15,476.0,TEST2RR,AKR_TEST2RR,0.0,1.0,1.0,100.0
272260,2,walk,walk,14470,,14470.0,20.0,2.0,6.0,2.0,19.85,0.009,0.066,-1.191,40.0,25.9,0.0,19.0,3340.0,2.0,22.67,-0.39,-0.93,0.19,9.26,-2.19,19.76,476.0,TEST2RR,AKR_TEST2RR,0.0,1.0,1.0,100.0
272260,2,walk,walk,14471,,14471.0,20.0,2.0,6.0,2.0,20.17,0.01,0.101,-1.244,40.0,25.9,0.0,19.0,3340.0,2.0,23.27,-0.4,-0.92,0.19,8.96,-1.6,19.2,476.0,TEST2RR,AKR_TEST2RR,0.0,1.0,1.0,100.0
272280,2,walk,walk,14472,,14472.0,20.0,1.0,6.0,2.0,20.5,0.01,0.041,-1.26,40.0,25.9,0.0,18.0,3340.0,2.0,23.84,-0.4,-0.91,0.2,8.69,-0.86,18.47,476.0,TEST2RR,AKR_TEST2RR,0.0,1.0,1.0,100.0
272300,2,walk,walk,14473,,14473.0,20.0,1.0,6.0,2.0,20.83,0.01,0.021,-1.308,40.0,25.9,0.0,18.0,3340.0,2.0,24.38,-0.41,-0.91,0.2,8.47,0.04,17.61,476.0,TEST2RR,AKR_TEST2RR,0.0,1.0,1.0,100.0
272340,2,walk,walk,14474,,14474.0,20.0,1.0,6.0,2.0,21.17,0.01,0.032,-1.36,40.0,25.9,0.0,18.0,3340.0,2.0,24.86,-0.42,-0.9,0.21,8.33,1.06,16.66,476.0,TEST2RR,AKR_TEST2RR,0.0,1.0,1.0,100.0
272340,2,walk,walk,14475,,14475.0,20.0,1.0,6.0,2.0,21.51,0.011,0.025,-1.388,40.0,25.9,0.0,18.0,3340.0,2.0,25.28,-0.42,-0.9,0.21,8.26,2.18,15.66,476.0,TEST2RR,AKR_TEST2RR,0.0,1.0,1.0,100.0
272380,2,walk,walk,14476,,14476.0,20.0,1.0,6.0,2.0,21.86,0.011,0.04,-1.424,40.0,25.9,0.0,18.0,3340.0,2.0,25.65,-0.43,-0.89,0.22,8.24,3.34,14.65,476.0,TEST2RR,AKR_TEST2RR,0.0,1.0,1.0,100.0
272400,2,walk,walk,14477,,14477.0,20.0,1.0,6.0,2.0,22.2,0.012,0.052,-1.462,40.0,25.9,0.0,18.0,3340.0,2.0,25.98,-0.43,-0.89,0.22,8.25,4.47,13.65,476.0,TEST2RR,AKR_TEST2RR,0.0,1.0,1.0,100.0
272420,2,walk,walk,14478,,14478.0,20.0,1.0,6.0,2.0,22.55,0.012,0.044,-1.479,40.0,25.9,0.0,18.0,3340.0,2.0,26.27,-0.44,-0.89,0.22,8.24,5.53,12.67,476.0,TEST2RR,AKR_TEST2RR,0.0,1.0,1.0,100.0
272440,2,walk,walk,14479,,14479.0,20.0,1.0,6.0,2.0,22.89,0.012,-0.07,-1.504,40.0,25.9,0.0,18.0,3340.0,2.0,26.54,-0.44,-0.89,0.22,8.18,6.47,11.74,476.0,TEST2RR,AKR_TEST2RR,0.0,1.0,1.0,100.0
272440,2,walk,walk,14480,,14480.0,20.0,1.0,6.0,2.0,23.23,0.012,-0.028,-1.562,40.0,25.9,0.0,18.0,3340.0,2.0,26.81,-0.45,-0.89,0.22,8.03,7.26,10.84,476.0,TEST2RR,AKR_TEST2RR,0.0,1.0,1.0,100.0
272460,2,walk,walk,14481,,14481.0,20.0,1.0,6.0,2.0,23.56,0.013,-0.033,-1.664,40.0,25.86,0.0,18.0,3340.0,2.0,27.07,-0.45,-0.88,0.22,7.75,7.86,9.98,476.0,TEST2RR,AKR_TEST2RR,0.0,1.0,1.0,100.0
272500,2,walk,walk,14482,,14482.0,20.0,1.0,6.0,2.0,23.88,0.013,0.001,-1.605,40.0,25.9,0.0,18.0,3340.0,2.0,27.35,-0.46,-0.88,0.22,7.34,8.28,9.16,476.0,TEST2RR,AKR_TEST2RR,0.0,1.0,1.0,100.0
272500,2,walk,walk,14483,,14483.0,20.0,1.0,6.0,2.0,24.2,0.013,-0.022,-1.603,40.0,25.9,0.0,18.0,3340.0,2.0,27.62,-0.46,-0.88,0.21,6.81,8.51,8.37,476.0,TEST2RR,AKR_TEST2RR,0.0,1.0,1.0,100.0
272520,2,walk,walk,14484,,14484.0,20.0,1.0,6.0,2.0,24.51,0.013,0.083,-1.645,40.0,25.9,0.0,18.0,3340.0,2.0,27.89,-0.46,-0.88,0.21,6.17,8.56,7.6,476.0,TEST2RR,AKR_TEST2RR,0.0,1.0,1.0,100.0
272540,2,walk,walk,14485,,14485.0,20.0,1.0,6.0,2.0,24.8,0.013,-0.057,-1.638,40.0,25.9,0.0,18.0,3340.0,2.0,28.14,-0.47,-0.88,0.21,5.46,8.44,6.84,476.0,TEST2RR,AKR_TEST2RR,0.0,1.0,1.0,100.0
272580,2,walk,walk,14486,,14486.0,20.0,1.0,6.0,2.0,25.08,0.013,-0.087,-1.626,40.0,25.9,0.0,18.0,3340.0,2.0,28.35,-0.47,-0.88,0.21,4.71,8.19,6.1,476.0,TEST2RR,AKR_TEST2RR,0.0,1.0,1.0,100.0
272580,2,walk,walk,14487,,14487.0,20.0,1.0,6.0,2.0,25.35,0.013,-0.104,-1.642,40.0,25.9,0.0,18.0,3340.0,2.0,28.52,-0.48,-0.88,0.21,3.95,7.83,5.39,476.0,TEST2RR,AKR_TEST2RR,0.0,1.0,1.0,100.0
272620,2,walk,walk,14488,,14488.0,20.0,1.0,6.0,2.0,25.61,0.013,-0.032,-1.626,40.0,25.9,0.0,18.0,3340.0,2.0,28.62,-0.48,-0.88,0.2,3.2,7.38,4.74,476.0,TEST2RR,AKR_TEST2RR,0.0,1.0,1.0,100.0
272620,2,walk,walk,14489,,14489.0,20.0,1.0,6.0,2.0,25.85,0.013,0.052,-1.613,40.0,25.9,0.0,18.0,3340.0,2.0,28.66,-0.48,-0.88,0.2,2.49,6.89,4.16,476.0,TEST2RR,AKR_TEST2RR,0.0,1.0,1.0,100.0
272640,2,walk,walk,14490,,14490.0,20.0,1.0,6.0,2.0,26.09,0.013,0.045,-1.643,40.0,25.9,0.0,18.0,3340.0,2.0,28.63,-0.48,-0.88,0.2,1.82,6.36,3.69,476.0,TEST2RR,AKR_TEST2RR,0.0,1.0,1.0,100.0
272680,2,walk,walk,14491,,14491.0,20.0,1.0,6.0,2.0,26.3,0.013,-0.032,-1.705,40.0,25.86,0.0,18.0,3340.0,2.0,28.52,-0.48,-0.88,0.2,1.21,5.81,3.32,476.0,TEST2RR,AKR_TEST2RR,0.0,1.0,1.0,100.0
272680,2,walk,walk,14492,,14492.0,20.0,1.0,6.0,2.0,26.51,0.014,0.01,-1.713,40.0,25.9,0.0,18.0,3340.0,2.0,28.33,-0.48,-0.89,0.19,0.64,5.16,3.03,476.0,TEST2RR,AKR_TEST2RR,0.0,1.0,1.0,100.0
272700,2,walk,walk,14493,,14493.0,20.0,1.0,6.0,2.0,26.7,0.014,0.072,-1.795,40.0,25.86,0.0,18.0,3340.0,2.0,28.07,-0.48,-0.89,0.19,0.12,4.3,2.75,476.0,TEST2RR,AKR_TEST2RR,0.0,1.0,1.0,100.0
272760,2,walk,walk,14494,,14494.0,20.0,1.0,6.0,2.0,26.87,0.015,-0.032,-1.873,40.0,25.86,0.0,18.0,3340.0,2.0,27.74,-0.47,-0.9,0.19,-0.35,3.12,2.42,476.0,TEST2RR,AKR_TEST2RR,0.0,1.0,1.0,100.0
272760,2,walk,walk,14495,,14495.0,20.0,1.0,6.0,2.0,27.04,0.015,-0.015,-1.779,40.0,25.9,0.0,18.0,3340.0,2.0,27.34,-0.47,-0.9,0.19,-0.79,1.4,1.87,476.0,TEST2RR,AKR_TEST2RR,0.0,1.0,1.0,100.0
272760,2,walk,walk,14496,,14496.0,20.0,1.0,6.0,2.0,27.19,0.014,0.007,-1.81,40.0,25.86,0.0,18.0,3340.0,2.0,26.84,-0.46,-0.91,0.18,-1.26,-1.14,0.89,476.0,TEST2RR,AKR_TEST2RR,0.0,1.0,1.0,100.0
272780,2,walk,walk,14497,,14497.0,20.0,1.0,6.0,2.0,27.32,0.014,0.034,-1.746,40.0,25.9,0.0,18.0,3340.0,2.0,26.22,-0.45,-0.91,0.18,-1.82,-4.71,-0.77,476.0,TEST2RR,AKR_TEST2RR,0.0,1.0,1.0,100.0
272800,2,walk,walk,14498,,14498.0,20.0,1.0,6.0,2.0,27.45,0.014,-0.178,-1.678,40.0,25.9,0.0,18.0,3340.0,2.0,25.4,-0.43,-0.91,0.17,-2.56,-9.3,-3.31,476.0,TEST2RR,AKR_TEST2RR,0.0,1.0,1.0,100.0
272820,2,walk,walk,14499,,14499.0,20.0,1.0,6.0,2.0,27.55,0.013,-0.028,-1.572,40.0,25.9,0.0,18.0,3340.0,2.0,24.35,-0.41,-0.91,0.17,-3.53,-14.62,-6.87,476.0,TEST2RR,AKR_TEST2RR,0.0,1.0,1.0,100.0
272860,2,walk,walk,14500,,14500.0,20.0,1.0,6.0,2.0,27.64,0.012,-0.139,-1.444,40.0,25.9,0.0,18.0,3340.0,2.0,23.02,-0.39,-0.91,0.16,-4.76,-20.2,-11.48,476.0,TEST2RR,AKR_TEST2RR,0.0,1.0,1.0,100.0
272900,2,walk,walk,14501,,14501.0,20.0,1.0,6.0,2.0,27.7,0.011,-0.045,-1.359,40.0,25.9,0.0,18.0,3340.0,2.0,21.4,-0.36,-0.91,0.16,-6.25,-25.45,-17.05,476.0,TEST2RR,AKR_TEST2RR,0.0,1.0,1.0,100.0
272900,2,walk,walk,14502,,14502.0,20.0,1.0,6.0,2.0,27.74,0.01,-0.068,-1.287,40.0,25.9,0.0,18.0,3340.0,2.0,19.49,-0.32,-0.91,0.16,-7.92,-29.73,-23.42,476.0,TEST2RR,AKR_TEST2RR,0.0,1.0,1.0,100.0
272900,2,walk,walk,14503,,14503.0,20.0,1.0,6.0,2.0,27.74,0.01,-0.093,-1.21,40.0,25.9,0.0,18.0,3340.0,2.0,17.36,-0.29,-0.92,0.16,-9.72,-32.52,-30.4,476.0,TEST2RR,AKR_TEST2RR,0.0,1.0,1.0,100.0
272920,2,walk,walk,14504,,14504.0,20.0,1.0,6.0,2.0,27.69,0.009,-0.023,-1.135,40.0,25.93,0.0,18.0,3340.0,2.0,15.1,-0.25,-0.92,0.17,-11.53,-33.43,-37.79,476.0,TEST2RR,AKR_TEST2RR,0.0,1.0,1.0,100.0
272940,2,walk,walk,14505,,14505.0,20.0,1.0,6.0,2.0,27.6,0.009,0.017,-1.133,40.0,25.9,0.0,18.0,3340.0,2.0,12.81,-0.21,-0.93,0.17,-13.26,-32.27,-45.4,476.0,TEST2RR,AKR_TEST2RR,0.0,1.0,1.0,100.0
272960,2,walk,walk,14506,,14506.0,20.0,1.0,6.0,2.0,27.44,0.009,0.023,-1.057,40.0,25.9,0.0,18.0,3340.0,2.0,10.59,-0.18,-0.94,0.17,-14.81,-29.04,-53.08,476.0,TEST2RR,AKR_TEST2RR,0.0,1.0,1.0,100.0
272980,2,walk,walk,14507,,14507.0,20.0,1.0,6.0,2.0,27.2,0.008,0.015,-1.081,40.0,25.9,0.0,18.0,3340.0,2.0,8.54,-0.14,-0.96,0.17,-16.09,-23.92,-60.67,476.0,TEST2RR,AKR_TEST2RR,0.0,1.0,1.0,100.0
273020,2,walk,walk,14508,,14508.0,20.0,1.0,6.0,2.0,26.88,0.008,0.002,-1.067,40.0,25.9,0.0,18.0,3340.0,2.0,6.74,-0.12,-0.97,0.17,-17.03,-17.2,-68.05,476.0,TEST2RR,AKR_TEST2RR,0.0,1.0,1.0,100.0
273040,2,walk,walk,14509,,14509.0,20.0,1.0,6.0,2.0,26.47,0.008,0.013,-1.027,40.0,25.9,0.0,18.0,3340.0,2.0,5.24,-0.09,-0.99,0.17,-17.58,-9.25,-75.09,476.0,TEST2RR,AKR_TEST2RR,0.0,1.0,1.0,100.0
273060,2,walk,walk,14510,,14510.0,20.0,1.0,6.0,2.0,25.96,0.008,0.036,-1.01,40.0,25.93,0.0,18.0,3340.0,2.0,4.06,-0.07,-1.01,0.16,-17.78,-0.44,-81.67,476.0,TEST2RR,AKR_TEST2RR,0.0,1.0,1.0,100.0
273060,2,walk,walk,14511,,14511.0,20.0,1.0,6.0,2.0,25.34,0.008,-0.085,-0.974,40.0,25.9,0.0,18.0,3340.0,2.0,3.2,-0.06,-1.02,0.15,-17.7,8.9,-87.62,476.0,TEST2RR,AKR_TEST2RR,0.0,1.0,1.0,100.0
273100,2,walk,walk,14512,,14512.0,20.0,1.0,6.0,2.0,24.6,0.007,-0.009,-0.952,40.0,25.9,0.0,18.0,3340.0,2.0,2.66,-0.05,-1.04,0.13,-17.5,18.5,-92.71,476.0,TEST2RR,AKR_TEST2RR,0.0,1.0,1.0,100.0
273160,2,walk,walk,14513,,14513.0,20.0,1.0,6.0,2.0,23.74,0.007,0.029,-0.922,40.0,25.93,0.0,18.0,3340.0,2.0,2.48,-0.05,-1.06,0.12,-17.36,28.11,-96.63,476.0,TEST2RR,AKR_TEST2RR,0.0,1.0,1.0,100.0
273160,2,walk,walk,14514,,14514.0,20.0,1.0,6.0,2.0,22.76,0.007,-0.003,-0.923,40.0,25.9,0.0,18.0,3340.0,2.0,2.67,-0.05,-1.07,0.1,-17.45,37.48,-99.01,476.0,TEST2RR,AKR_TEST2RR,0.0,1.0,1.0,100.0
273180,2,walk,walk,14515,,14515.0,20.0,1.0,6.0,2.0,21.67,0.007,0.042,-0.942,40.0,25.9,0.0,18.0,3340.0,2.0,3.27,-0.06,-1.08,0.07,-17.82,46.32,-99.44,477.0,TEST2RR,AKR_TEST2RR,0.0,1.0,1.0,100.0
273180,2,walk,walk,14516,,14516.0,20.0,1.0,6.0,2.0,20.46,0.007,0.011,-0.929,40.0,25.93,0.0,18.0,3340.0,2.0,4.32,-0.08,-1.08,0.05,-18.42,54.32,-97.59,477.0,TEST2RR,AKR_TEST2RR,0.0,1.0,1.0,100.0
273180,2,walk,walk,14517,,14517.0,20.0,1.0,6.0,2.0,19.15,0.007,-0.058,-0.918,40.0,25.9,0.0,18.0,3340.0,2.0,5.81,-0.11,-1.09,0.03,-19.17,61.05,-93.24,477.0,TEST2RR,AKR_TEST2RR,0.0,1.0,1.0,100.0
273240,2,walk,walk,14518,,14518.0,20.0,1.0,6.0,2.0,17.75,0.007,0.006,-0.905,40.0,25.93,0.0,18.0,3340.0,2.0,7.69,-0.15,-1.09,0.0,-20.03,66.07,-86.36,477.0,TEST2RR,AKR_TEST2RR,0.0,1.0,1.0,100.0
273240,2,walk,walk,14519,,14519.0,20.0,1.0,6.0,2.0,16.27,0.007,-0.045,-0.902,40.0,25.93,0.0,18.0,3340.0,2.0,9.85,-0.19,-1.08,-0.02,-20.98,68.98,-77.18,477.0,TEST2RR,AKR_TEST2RR,0.0,1.0,1.0,100.0
273240,2,walk,walk,14520,,14520.0,20.0,2.0,6.0,2.0,14.74,0.007,-0.07,-0.907,40.0,25.93,0.0,19.0,3340.0,2.0,12.16,-0.23,-1.08,-0.03,-22.06,69.49,-66.11,477.0,TEST2RR,AKR_TEST2RR,0.0,1.0,1.0,100.0
273280,2,walk,walk,14521,,14521.0,20.0,2.0,6.0,2.0,13.17,0.007,0.048,-0.91,40.0,25.93,0.0,19.0,3340.0,2.0,14.45,-0.27,-1.07,-0.05,-23.3,67.48,-53.71,477.0,TEST2RR,AKR_TEST2RR,0.0,1.0,1.0,100.0
273280,2,walk,walk,14522,,14522.0,20.0,2.0,6.0,2.0,11.6,0.007,0.072,-0.922,40.0,25.93,0.0,19.0,3340.0,2.0,16.46,-0.31,-1.06,-0.06,-24.74,63.01,-40.66,477.0,TEST2RR,AKR_TEST2RR,0.0,1.0,1.0,100.0
273300,2,walk,walk,14523,,14523.0,20.0,2.0,6.0,2.0,10.05,0.009,0.241,-1.342,40.0,25.9,0.0,19.0,3340.0,2.0,17.82,-0.34,-1.06,-0.06,-25.77,56.73,-27.9,477.0,TEST2RR,AKR_TEST2RR,0.0,1.0,1.0,100.0
273340,2,walk,walk,14524,,14524.0,20.0,2.0,6.0,2.0,8.54,0.009,-0.087,-1.094,40.0,25.9,0.0,19.0,3340.0,2.0,18.14,-0.35,-1.06,-0.06,-25.87,49.26,-16.42,477.0,TEST2RR,AKR_TEST2RR,0.0,1.0,1.0,100.0
273360,2,walk,walk,14525,,14525.0,20.0,2.0,6.0,2.0,7.11,0.014,0.546,-2.357,40.0,25.86,0.0,19.0,3340.0,2.0,17.28,-0.33,-1.07,-0.04,-25.05,41.55,-6.4,477.0,TEST2RR,AKR_TEST2RR,0.0,1.0,1.0,100.0
273380,2,walk,walk,14526,,14526.0,20.0,2.0,6.0,2.0,5.77,0.014,-0.621,-1.225,40.0,25.9,0.0,19.0,3340.0,2.0,15.49,-0.3,-1.08,-0.01,-23.59,34.17,2.22,477.0,TEST2RR,AKR_TEST2RR,0.0,1.0,1.0,100.0
273400,2,walk,walk,14527,,14527.0,20.0,2.0,6.0,2.0,4.55,0.003,-0.382,0.031,40.0,25.93,0.0,19.0,3340.0,2.0,13.16,-0.26,-1.09,0.03,-21.84,27.45,9.41,477.0,TEST2RR,AKR_TEST2RR,0.0,1.0,1.0,100.0
273400,2,walk,walk,14528,,14528.0,20.0,2.0,6.0,2.0,3.46,0.001,-0.087,0.042,40.0,25.93,0.0,19.0,3340.0,2.0,10.61,-0.21,-1.1,0.07,-20.03,21.6,15.29,477.0,TEST2RR,AKR_TEST2RR,0.0,1.0,1.0,100.0
273420,2,walk,walk,14529,,14529.0,20.0,2.0,6.0,2.0,2.52,-0.002,-0.132,0.486,40.0,25.93,0.0,19.0,3340.0,2.0,8.11,-0.16,-1.11,0.1,-18.25,16.75,20.03,477.0,TEST2RR,AKR_TEST2RR,0.0,1.0,1.0,100.0
273460,2,walk,walk,14530,,14530.0,20.0,2.0,6.0,2.0,1.72,-0.004,-0.221,0.9,40.0,25.93,0.0,19.0,3340.0,2.0,5.87,-0.11,-1.12,0.13,-16.51,12.85,23.75,477.0,TEST2RR,AKR_TEST2RR,0.0,1.0,1.0,100.0
273460,2,walk,walk,14531,,14531.0,20.0,2.0,6.0,2.0,1.07,-0.007,-0.085,1.127,40.0,25.9,0.0,19.0,3340.0,2.0,4.04,-0.08,-1.12,0.15,-14.83,9.73,26.54,477.0,TEST2RR,AKR_TEST2RR,0.0,1.0,1.0,100.0
273480,2,walk,walk,14532,,14532.0,20.0,2.0,6.0,2.0,0.56,-0.01,0.003,1.215,40.0,25.9,0.0,19.0,3340.0,2.0,2.66,-0.05,-1.12,0.16,-13.19,7.17,28.51,477.0,TEST2RR,AKR_TEST2RR,0.0,1.0,1.0,100.0
273540,2,walk,walk,14533,,14533.0,20.0,2.0,6.0,2.0,0.19,-0.011,-0.115,1.329,40.0,25.9,0.0,19.0,3340.0,2.0,1.69,-0.03,-1.12,0.16,-11.57,5.01,29.77,477.0,TEST2RR,AKR_TEST2RR,0.0,1.0,1.0,100.0
273560,2,walk,walk,14534,,14534.0,20.0,2.0,6.0,2.0,-0.05,-0.012,-0.068,1.462,40.0,25.9,0.0,19.0,3340.0,2.0,1.1,-0.02,-1.11,0.16,-9.97,3.17,30.45,477.0,TEST2RR,AKR_TEST2RR,0.0,1.0,1.0,100.0
273560,2,walk,walk,14535,,14535.0,20.0,2.0,6.0,2.0,-0.18,-0.013,-0.014,1.607,40.0,25.9,0.0,19.0,3340.0,2.0,0.85,-0.02,-1.11,0.15,-8.38,1.63,30.62,477.0,TEST2RR,AKR_TEST2RR,0.0,1.0,1.0,100.0
273600,2,walk,walk,14536,,14536.0,20.0,2.0,6.0,2.0,-0.2,-0.015,-0.131,1.747,40.0,25.9,0.0,19.0,3340.0,2.0,0.88,-0.02,-1.1,0.15,-6.85,0.37,30.36,477.0,TEST2RR,AKR_TEST2RR,0.0,1.0,1.0,100.0
273600,2,walk,walk,14537,,14537.0,20.0,1.0,6.0,2.0,-0.13,-0.016,-0.14,2.005,40.0,25.86,0.0,18.0,3340.0,2.0,1.16,-0.02,-1.09,0.14,-5.41,-0.64,29.68,477.0,TEST2RR,AKR_TEST2RR,0.0,1.0,1.0,100.0
273620,2,walk,walk,14538,,14538.0,20.0,1.0,6.0,2.0,0.03,-0.019,-0.273,2.403,40.0,25.83,0.0,18.0,3340.0,2.0,1.67,-0.03,-1.08,0.13,-4.12,-1.44,28.59,477.0,TEST2RR,AKR_TEST2RR,0.0,1.0,1.0,100.0
273660,2,walk,walk,14539,,14539.0,20.0,1.0,6.0,2.0,0.25,-0.023,-0.197,2.849,40.0,25.79,0.0,18.0,3340.0,2.0,2.37,-0.04,-1.06,0.12,-3.03,-2.1,27.03,477.0,TEST2RR,AKR_TEST2RR,0.0,1.0,1.0,100.0
273700,2,walk,walk,14540,,14540.0,20.0,1.0,6.0,2.0,0.53,-0.026,-0.221,3.22,40.0,25.72,0.0,18.0,3340.0,2.0,3.2,-0.06,-1.05,0.11,-2.18,-2.69,24.99,477.0,TEST2RR,AKR_TEST2RR,0.0,1.0,1.0,100.0
273740,2,walk,walk,14541,,14541.0,20.0,1.0,6.0,2.0,0.86,-0.028,-0.041,3.303,40.0,25.72,0.0,18.0,3340.0,2.0,4.05,-0.07,-1.04,0.1,-1.59,-3.19,22.57,477.0,TEST2RR,AKR_TEST2RR,0.0,1.0,1.0,100.0
273740,2,walk,walk,14542,,14542.0,20.0,1.0,6.0,2.0,1.23,-0.028,-0.032,3.372,40.0,25.72,0.0,18.0,3340.0,2.0,4.81,-0.09,-1.03,0.1,-1.26,-3.57,19.95,477.0,TEST2RR,AKR_TEST2RR,0.0,1.0,1.0,100.0
273740,2,walk,walk,14543,,14543.0,20.0,1.0,6.0,2.0,1.62,-0.029,-0.037,3.572,40.0,25.69,0.0,18.0,3340.0,2.0,5.43,-0.1,-1.02,0.09,-1.19,-3.82,17.33,477.0,TEST2RR,AKR_TEST2RR,0.0,1.0,1.0,100.0
273740,2,walk,walk,14544,,14544.0,20.0,1.0,6.0,2.0,2.03,-0.03,-0.072,3.645,40.0,25.69,0.0,18.0,3340.0,2.0,5.9,-0.1,-1.02,0.09,-1.39,-3.92,14.82,477.0,TEST2RR,AKR_TEST2RR,0.0,1.0,1.0,100.0
273760,2,walk,walk,14545,,14545.0,20.0,1.0,6.0,2.0,2.45,-0.03,-0.038,3.653,40.0,25.69,0.0,18.0,3340.0,2.0,6.24,-0.11,-1.01,0.08,-1.87,-3.87,12.49,477.0,TEST2RR,AKR_TEST2RR,0.0,1.0,1.0,100.0
273760,2,walk,walk,14546,,14546.0,20.0,1.0,0.0,5.0,2.88,-0.03,-0.015,3.695,40.0,25.65,0.0,18.0,3340.0,2.0,6.49,-0.12,-1.01,0.08,-2.61,-3.71,10.35,477.0,TEST2RR,AKR_TEST2RR,0.0,1.0,1.0,100.0
273780,2,walk,walk,14547,,14547.0,20.0,0.0,0.0,5.0,3.3,-0.031,-0.021,3.704,40.0,25.65,0.0,19.0,3340.0,2.0,6.6,-0.12,-1.01,0.08,-3.62,-3.36,9.38,477.0,TEST2RR,AKR_TEST2RR,0.0,1.0,1.0,100.0
273800,2,walk,walk,14548,,14548.0,20.0,0.0,0.0,5.0,3.71,-0.031,-0.021,3.704,40.0,25.65,0.0,39.0,3340.0,2.0,6.54,-0.12,-1.01,0.08,-4.83,-2.87,9.86,477.0,TEST2RR,AKR_TEST2RR,0.0,1.0,1.0,100.0
273840,2,walk,walk,14549,,14549.0,20.0,0.0,0.0,5.0,4.11,-0.031,-0.021,3.704,40.0,25.65,0.0,59.0,3340.0,2.0,6.43,-0.11,-1.01,0.07,-6.11,-2.38,11.21,477.0,TEST2RR,AKR_TEST2RR,0.0,1.0,1.0,100.0
273840,2,walk,walk,14550,,14550.0,20.0,0.0,0.0,5.0,4.49,-0.146,-30.077,0.0,40.0,26.04,0.0,3.0,3340.0,2.0,6.38,-0.11,-1.01,0.07,-7.34,-2.0,12.68,477.0,TEST2RR,AKR_TEST2RR,0.0,1.0,1.0,100.0
273860,2,walk,walk,14551,,14551.0,20.0,0.0,0.0,5.0,4.86,-0.137,0.107,0.0,40.0,25.97,0.0,3.0,3340.0,2.0,6.43,-0.11,-1.01,0.06,-8.41,-1.75,13.83,477.0,TEST2RR,AKR_TEST2RR,0.0,1.0,1.0,100.0
273900,2,walk,walk,14552,,14552.0,20.0,0.0,0.0,5.0,5.2,-0.138,-0.155,0.0,40.0,25.97,0.0,3.0,3340.0,2.0,6.55,-0.12,-1.02,0.05,-9.24,-1.56,14.52,477.0,TEST2RR,AKR_TEST2RR,0.0,1.0,1.0,100.0
273900,2,walk,walk,14553,,14553.0,20.0,0.0,0.0,5.0,5.54,-0.139,-0.044,0.0,40.0,25.97,0.0,3.0,3340.0,2.0,6.76,-0.12,-1.02,0.05,-9.84,-1.4,14.71,477.0,TEST2RR,AKR_TEST2RR,0.0,1.0,1.0,100.0
273920,2,walk,walk,14554,,14554.0,20.0,0.0,0.0,5.0,5.86,-0.139,0.087,0.0,40.0,25.97,0.0,3.0,3340.0,2.0,7.02,-0.13,-1.02,0.04,-10.23,-1.21,14.42,477.0,TEST2RR,AKR_TEST2RR,0.0,1.0,1.0,100.0
273940,2,walk,walk,14555,,14555.0,20.0,0.0,0.0,5.0,6.16,-0.138,0.189,0.0,40.0,25.97,0.0,3.0,3340.0,2.0,7.33,-0.13,-1.02,0.03,-10.45,-0.97,13.7,477.0,TEST2RR,AKR_TEST2RR,0.0,1.0,1.0,100.0
273980,2,walk,walk,14556,,14556.0,20.0,0.0,0.0,5.0,6.46,-0.137,0.084,0.0,40.0,25.97,0.0,3.0,3340.0,2.0,7.67,-0.14,-1.01,0.03,-10.54,-0.7,12.61,477.0,TEST2RR,AKR_TEST2RR,0.0,1.0,1.0,100.0
273980,2,walk,walk,14557,,14557.0,20.0,0.0,0.0,5.0,6.74,-0.133,0.348,0.0,40.0,25.93,0.0,3.0,3340.0,2.0,8.02,-0.14,-1.01,0.02,-10.53,-0.39,11.24,477.0,TEST2RR,AKR_TEST2RR,0.0,1.0,1.0,100.0
274000,2,walk,walk,14558,,14558.0,20.0,0.0,0.0,5.0,7.02,-0.13,0.183,0.0,40.0,25.93,0.0,3.0,3340.0,2.0,8.37,-0.15,-1.01,0.01,-10.44,-0.05,9.64,477.0,TEST2RR,AKR_TEST2RR,0.0,1.0,1.0,100.0
274020,2,walk,walk,14559,,14559.0,20.0,0.0,0.0,5.0,7.29,-0.129,0.013,0.0,40.0,25.97,0.0,3.0,3340.0,2.0,8.69,-0.15,-1.01,0.01,-10.3,0.29,7.89,477.0,TEST2RR,AKR_TEST2RR,0.0,1.0,1.0,100.0
274040,2,walk,walk,14560,,14560.0,20.0,0.0,0.0,5.0,7.54,-0.13,-0.053,0.0,40.0,25.97,0.0,3.0,3340.0,2.0,8.95,-0.16,-1.01,0.0,-10.13,0.64,6.12,478.0,TEST2RR,AKR_TEST2RR,0.0,1.0,1.0,100.0
274060,2,walk,walk,14561,,14561.0,20.0,0.0,0.0,5.0,7.79,-0.13,-0.085,0.0,40.0,25.93,0.0,3.0,3340.0,2.0,9.15,-0.16,-1.01,0.0,-9.91,0.95,4.49,478.0,TEST2RR,AKR_TEST2RR,0.0,1.0,1.0,100.0
274100,2,walk,walk,14562,,14562.0,20.0,0.0,0.0,5.0,8.03,-0.134,-0.418,0.0,39.0,25.93,0.0,3.0,3340.0,2.0,9.28,-0.17,-1.01,0.0,-9.65,1.17,3.13,478.0,TEST2RR,AKR_TEST2RR,0.0,1.0,1.0,100.0
274100,2,walk,walk,14563,,14563.0,20.0,0.0,0.0,5.0,8.25,-0.141,-0.404,0.0,39.0,25.97,0.0,3.0,3340.0,2.0,9.35,-0.17,-1.01,-0.01,-9.31,1.29,2.22,478.0,TEST2RR,AKR_TEST2RR,0.0,1.0,1.0,100.0
274120,2,walk,walk,14564,,14564.0,20.0,0.0,0.0,5.0,8.46,-0.148,-0.644,0.0,39.0,25.93,0.0,3.0,3340.0,2.0,9.38,-0.17,-1.01,-0.01,-8.84,1.32,1.84,478.0,TEST2RR,AKR_TEST2RR,0.0,1.0,1.0,100.0
274140,2,walk,walk,14565,,14565.0,20.0,0.0,0.0,5.0,8.66,-0.158,-0.426,0.0,39.0,25.97,0.0,3.0,3340.0,2.0,9.39,-0.17,-1.01,-0.02,-8.23,1.3,2.02,478.0,TEST2RR,AKR_TEST2RR,0.0,1.0,1.0,100.0
274180,2,walk,walk,14566,,14566.0,20.0,0.0,0.0,5.0,8.84,-0.163,-0.283,0.0,39.0,25.93,0.0,3.0,3340.0,2.0,9.4,-0.17,-1.01,-0.02,-7.43,1.28,2.71,478.0,TEST2RR,AKR_TEST2RR,0.0,1.0,1.0,100.0
274180,2,walk,walk,14567,,14567.0,20.0,0.0,0.0,5.0,9.0,-0.165,-0.107,0.0,40.0,25.97,0.0,3.0,3340.0,2.0,9.45,-0.17,-1.02,-0.03,-6.44,1.23,3.76,478.0,TEST2RR,AKR_TEST2RR,0.0,1.0,1.0,100.0
274220,2,walk,walk,14568,,14568.0,20.0,0.0,0.0,5.0,9.15,-0.169,-0.304,0.0,39.0,25.93,0.0,3.0,3340.0,2.0,9.53,-0.17,-1.02,-0.03,-5.29,1.15,5.01,478.0,TEST2RR,AKR_TEST2RR,0.0,1.0,1.0,100.0
274240,2,walk,walk,14569,,14569.0,20.0,0.0,0.0,5.0,9.29,-0.18,-1.076,0.0,39.0,25.93,0.0,3.0,3340.0,2.0,9.63,-0.17,-1.02,-0.04,-4.01,1.03,6.37,478.0,TEST2RR,AKR_TEST2RR,0.0,1.0,1.0,100.0
274240,2,walk,walk,14570,,14570.0,20.0,0.0,0.0,5.0,9.42,-0.193,-0.992,0.0,39.0,25.93,0.0,3.0,3340.0,2.0,9.76,-0.18,-1.02,-0.04,-2.65,0.91,7.9,478.0,TEST2RR,AKR_TEST2RR,0.0,1.0,1.0,100.0
274300,2,walk,walk,14571,,14571.0,20.0,0.0,0.0,0.0,9.54,-0.212,-1.333,0.0,39.0,25.93,0.0,3.0,3340.0,2.0,9.88,-0.18,-1.02,-0.04,-1.23,0.74,9.67,478.0,TEST2RR,AKR_TEST2RR,0.0,1.0,1.0,100.0
274300,2,walk,walk,14572,,14572.0,20.0,0.0,0.0,0.0,9.65,-0.236,-1.929,0.0,39.0,25.97,0.0,3.0,3340.0,2.0,9.99,-0.18,-1.02,-0.04,0.22,0.49,11.87,478.0,TEST2RR,AKR_TEST2RR,0.0,1.0,1.0,100.0
274300,2,walk,walk,14573,,14573.0,20.0,0.0,0.0,0.0,9.76,-0.263,-1.76,0.0,39.0,25.97,0.0,3.0,3340.0,2.0,10.08,-0.18,-1.02,-0.04,1.72,0.18,14.76,478.0,TEST2RR,AKR_TEST2RR,0.0,1.0,1.0,100.0
274320,2,walk,walk,14574,,14574.0,20.0,0.0,0.0,0.0,9.87,-0.284,-1.322,0.0,39.0,25.93,0.0,3.0,3340.0,2.0,10.2,-0.18,-1.02,-0.04,3.3,-0.22,18.43,478.0,TEST2RR,AKR_TEST2RR,0.0,1.0,1.0,100.0
274340,2,walk,walk,14575,,14575.0,20.0,0.0,0.0,0.0,10.0,-0.297,-0.518,0.0,39.0,25.97,0.0,3.0,3340.0,2.0,10.43,-0.19,-1.03,-0.04,5.02,-0.66,22.68,478.0,TEST2RR,AKR_TEST2RR,0.0,1.0,1.0,100.0
274380,2,walk,walk,14576,,14576.0,20.0,0.0,0.0,0.0,10.13,-0.304,-0.573,0.0,39.0,25.97,0.0,3.0,3340.0,2.0,10.79,-0.2,-1.03,-0.05,6.9,-1.13,27.1,478.0,TEST2RR,AKR_TEST2RR,0.0,1.0,1.0,100.0
274380,2,walk,walk,14577,,14577.0,20.0,0.0,0.0,0.0,10.28,-0.314,-0.433,0.0,39.0,25.97,0.0,3.0,3340.0,2.0,11.3,-0.21,-1.03,-0.05,8.89,-1.63,31.31,478.0,TEST2RR,AKR_TEST2RR,0.0,1.0,1.0,100.0
274400,2,walk,walk,14578,,14578.0,20.0,0.0,0.0,0.0,10.45,-0.317,0.169,0.0,39.0,25.97,0.0,3.0,3340.0,2.0,11.95,-0.22,-1.02,-0.04,10.91,-2.15,35.0,478.0,TEST2RR,AKR_TEST2RR,0.0,1.0,1.0,100.0
274420,2,walk,walk,14579,,14579.0,20.0,0.0,0.0,0.0,10.65,-0.316,0.089,0.0,39.0,25.97,0.0,3.0,3340.0,2.0,12.74,-0.23,-1.02,-0.04,12.86,-2.7,37.89,478.0,TEST2RR,AKR_TEST2RR,0.0,1.0,1.0,100.0
274440,2,walk,walk,14580,,14580.0,20.0,0.0,0.0,0.0,10.89,-0.314,0.1,0.0,39.0,25.97,0.0,3.0,3340.0,2.0,13.64,-0.25,-1.02,-0.04,14.62,-3.25,39.78,478.0,TEST2RR,AKR_TEST2RR,0.0,1.0,1.0,100.0
274460,2,walk,walk,14581,,14581.0,20.0,0.0,0.0,0.0,11.16,-0.311,0.091,0.0,39.0,25.97,0.0,3.0,3340.0,2.0,14.62,-0.26,-1.01,-0.03,16.08,-3.78,40.56,478.0,TEST2RR,AKR_TEST2RR,0.0,1.0,1.0,100.0
274480,2,walk,walk,14582,,14582.0,20.0,0.0,0.0,0.0,11.47,-0.308,0.217,0.0,39.0,25.97,0.0,3.0,3340.0,2.0,15.65,-0.28,-1.0,-0.02,17.17,-4.23,40.27,478.0,TEST2RR,AKR_TEST2RR,0.0,1.0,1.0,100.0
274540,2,walk,walk,14583,,14583.0,20.0,0.0,0.0,0.0,11.83,-0.302,0.573,0.0,39.0,25.97,0.0,3.0,3340.0,2.0,16.67,-0.3,-0.99,-0.01,17.85,-4.57,38.98,478.0,TEST2RR,AKR_TEST2RR,0.0,1.0,1.0,100.0
274540,2,walk,walk,14584,,14584.0,20.0,0.0,0.0,0.0,12.23,-0.292,0.43,0.0,39.0,25.93,0.0,3.0,3340.0,2.0,17.65,-0.31,-0.98,0.0,18.11,-4.78,36.84,478.0,TEST2RR,AKR_TEST2RR,0.0,1.0,1.0,100.0
274540,2,walk,walk,14585,,14585.0,20.0,0.0,0.0,0.0,12.67,-0.288,0.292,0.0,39.0,25.97,0.0,3.0,3340.0,2.0,18.55,-0.33,-0.97,0.01,17.98,-4.88,34.03,478.0,TEST2RR,AKR_TEST2RR,0.0,1.0,1.0,100.0
274560,2,walk,walk,14586,,14586.0,20.0,0.0,0.0,0.0,13.16,-0.284,0.164,0.0,39.0,25.97,0.0,3.0,3340.0,2.0,19.36,-0.34,-0.97,0.02,17.5,-4.89,30.8,478.0,TEST2RR,AKR_TEST2RR,0.0,1.0,1.0,100.0
274580,2,walk,walk,14587,,14587.0,20.0,0.0,0.0,0.0,13.67,-0.281,0.135,0.0,39.0,25.93,0.0,3.0,3340.0,2.0,20.06,-0.35,-0.96,0.03,16.75,-4.81,27.37,478.0,TEST2RR,AKR_TEST2RR,0.0,1.0,1.0,100.0
274600,2,walk,walk,14588,,14588.0,20.0,0.0,0.0,0.0,14.21,-0.281,-0.064,0.0,39.0,25.97,0.0,3.0,3340.0,2.0,20.67,-0.36,-0.95,0.04,15.79,-4.68,23.96,478.0,TEST2RR,AKR_TEST2RR,0.0,1.0,1.0,100.0
274620,2,walk,walk,14589,,14589.0,20.0,0.0,0.0,0.0,14.77,-0.281,-0.146,0.0,39.0,25.93,0.0,3.0,3340.0,2.0,21.19,-0.37,-0.95,0.05,14.72,-4.49,20.73,478.0,TEST2RR,AKR_TEST2RR,0.0,1.0,1.0,100.0
274640,2,walk,walk,14590,,14590.0,20.0,0.0,0.0,0.0,15.34,-0.281,-0.04,0.0,39.0,25.93,0.0,3.0,3340.0,2.0,21.63,-0.37,-0.94,0.05,13.64,-4.27,17.8,478.0,TEST2RR,AKR_TEST2RR,0.0,1.0,1.0,100.0
274660,2,walk,walk,14591,,14591.0,20.0,0.0,0.0,0.0,15.92,-0.282,0.022,0.0,39.0,25.97,0.0,3.0,3340.0,2.0,21.99,-0.38,-0.94,0.06,12.62,-4.01,15.24,478.0,TEST2RR,AKR_TEST2RR,0.0,1.0,1.0,100.0
274700,2,walk,walk,14592,,14592.0,20.0,0.0,0.0,0.0,16.49,-0.282,0.064,0.0,39.0,25.97,0.0,3.0,3340.0,2.0,22.29,-0.38,-0.94,0.06,11.74,-3.74,13.03,478.0,TEST2RR,AKR_TEST2RR,0.0,1.0,1.0,100.0
274720,2,walk,walk,14593,,14593.0,20.0,0.0,0.0,0.0,17.05,-0.282,0.096,0.0,39.0,25.93,0.0,3.0,3340.0,2.0,22.54,-0.39,-0.94,0.06,11.03,-3.48,11.15,478.0,TEST2RR,AKR_TEST2RR,0.0,1.0,1.0,100.0
274740,2,walk,walk,14594,,14594.0,20.0,0.0,0.0,0.0,17.6,-0.281,0.064,0.0,39.0,25.97,0.0,3.0,3340.0,2.0,22.74,-0.39,-0.94,0.07,10.48,-3.25,9.55,478.0,TEST2RR,AKR_TEST2RR,0.0,1.0,1.0,100.0
274740,2,walk,walk,14595,,14595.0,20.0,0.0,0.0,0.0,18.13,-0.281,0.111,0.0,39.0,25.97,0.0,3.0,3340.0,2.0,22.9,-0.4,-0.94,0.07,10.07,-3.06,8.18,478.0,TEST2RR,AKR_TEST2RR,0.0,1.0,1.0,100.0
274760,2,walk,walk,14596,,14596.0,20.0,0.0,0.0,0.0,18.63,-0.278,0.135,0.0,39.0,25.97,0.0,3.0,3340.0,2.0,23.03,-0.4,-0.94,0.07,9.75,-2.91,6.98,478.0,TEST2RR,AKR_TEST2RR,0.0,1.0,1.0,100.0
274780,2,walk,walk,14597,,14597.0,20.0,0.0,0.0,0.0,19.1,-0.276,0.24,0.0,39.0,25.97,0.0,3.0,3340.0,2.0,23.14,-0.4,-0.94,0.07,9.46,-2.81,5.87,478.0,TEST2RR,AKR_TEST2RR,0.0,1.0,1.0,100.0
274800,2,walk,walk,14598,,14598.0,20.0,0.0,0.0,0.0,19.55,-0.273,0.254,0.0,39.0,25.97,0.0,3.0,3340.0,2.0,23.24,-0.4,-0.94,0.07,9.16,-2.72,4.81,478.0,TEST2RR,AKR_TEST2RR,0.0,1.0,1.0,100.0
274820,2,walk,walk,14599,,14599.0,20.0,0.0,0.0,0.0,19.96,-0.272,-0.007,0.0,39.0,25.93,0.0,3.0,3340.0,2.0,23.31,-0.4,-0.93,0.08,8.83,-2.64,3.77,478.0,TEST2RR,AKR_TEST2RR,0.0,1.0,1.0,100.0
274860,2,walk,walk,14600,,14600.0,20.0,0.0,0.0,0.0,20.34,-0.272,-0.045,0.0,39.0,25.97,0.0,3.0,3340.0,2.0,23.37,-0.4,-0.93,0.08,8.45,-2.53,2.77,478.0,TEST2RR,AKR_TEST2RR,0.0,1.0,1.0,100.0
274860,2,walk,walk,14601,,14601.0,20.0,0.0,0.0,0.0,20.69,-0.272,-0.054,0.0,39.0,25.97,0.0,3.0,3340.0,2.0,23.39,-0.4,-0.93,0.09,8.02,-2.39,1.85,478.0,TEST2RR,AKR_TEST2RR,0.0,1.0,1.0,100.0
274880,2,walk,walk,14602,,14602.0,20.0,0.0,0.0,0.0,21.01,-0.272,-0.136,0.0,39.0,25.93,0.0,3.0,3340.0,2.0,23.37,-0.4,-0.93,0.09,7.56,-2.22,1.04,478.0,TEST2RR,AKR_TEST2RR,0.0,1.0,1.0,100.0
274900,2,walk,walk,14603,,14603.0,20.0,0.0,0.0,0.0,21.3,-0.273,-0.174,0.0,39.0,25.97,0.0,3.0,3340.0,2.0,23.33,-0.4,-0.93,0.09,7.09,-2.03,0.37,478.0,TEST2RR,AKR_TEST2RR,0.0,1.0,1.0,100.0
274940,2,walk,walk,14604,,14604.0,20.0,0.0,6.0,2.0,21.55,-0.274,-0.054,0.0,39.0,25.97,0.0,3.0,3340.0,2.0,23.27,-0.4,-0.93,0.09,6.64,-1.84,-0.14,478.0,TEST2RR,AKR_TEST2RR,0.0,1.0,1.0,100.0
274940,2,walk,walk,14605,,14605.0,20.0,0.0,6.0,2.0,21.78,-0.274,-0.142,0.073,39.0,25.86,0.0,18.0,3340.0,2.0,23.16,-0.4,-0.94,0.1,6.17,-2.1,-0.71,478.0,TEST2RR,AKR_TEST2RR,0.0,1.0,1.0,100.0
274980,2,walk,walk,14606,,14606.0,20.0,0.0,6.0,2.0,21.98,-0.194,6.733,4.309,39.0,25.09,0.0,18.0,3340.0,2.0,23.04,-0.4,-0.94,0.1,5.81,-3.12,-2.43,478.0,TEST2RR,AKR_TEST2RR,0.0,1.0,1.0,100.0
275000,2,walk,walk,14607,,14607.0,20.0,1.0,6.0,2.0,22.16,-0.113,3.966,4.916,39.0,25.16,0.0,19.0,3340.0,2.0,22.9,-0.4,-0.94,0.1,5.52,-4.97,-5.6,478.0,TEST2RR,AKR_TEST2RR,0.0,1.0,1.0,100.0
275000,2,walk,walk,14608,,14608.0,20.0,0.0,6.0,2.0,22.3,-0.081,1.216,6.475,39.0,25.02,0.0,18.0,3340.0,2.0,22.68,-0.4,-0.95,0.1,5.16,-7.46,-9.7,478.0,TEST2RR,AKR_TEST2RR,0.0,1.0,1.0,100.0
275040,2,walk,walk,14609,,14609.0,20.0,0.0,6.0,2.0,22.43,-0.068,0.716,6.845,39.0,24.98,0.0,18.0,3340.0,2.0,22.36,-0.39,-0.95,0.1,4.66,-10.14,-14.05,478.0,TEST2RR,AKR_TEST2RR,0.0,1.0,1.0,100.0
275040,2,walk,walk,14610,,14610.0,20.0,1.0,6.0,2.0,22.52,-0.06,0.438,6.594,39.0,25.12,0.0,19.0,3340.0,2.0,21.9,-0.38,-0.95,0.1,4.03,-12.53,-18.02,478.0,TEST2RR,AKR_TEST2RR,0.0,1.0,1.0,100.0
275060,2,walk,walk,14611,,14611.0,20.0,1.0,6.0,2.0,22.58,-0.055,0.399,6.343,39.0,25.16,0.0,19.0,3340.0,2.0,21.33,-0.37,-0.96,0.11,3.26,-14.29,-21.15,478.0,TEST2RR,AKR_TEST2RR,0.0,1.0,1.0,100.0
275080,2,walk,walk,14612,,14612.0,20.0,1.0,6.0,2.0,22.6,-0.052,0.205,6.176,39.0,25.23,0.0,19.0,3340.0,2.0,20.71,-0.36,-0.96,0.11,2.38,-15.25,-23.23,478.0,TEST2RR,AKR_TEST2RR,0.0,1.0,1.0,100.0
275100,2,walk,walk,14613,,14613.0,20.0,1.0,6.0,2.0,22.59,-0.051,0.131,6.045,39.0,25.26,0.0,19.0,3340.0,2.0,20.07,-0.35,-0.97,0.12,1.45,-15.43,-24.22,478.0,TEST2RR,AKR_TEST2RR,0.0,1.0,1.0,100.0
275140,2,walk,walk,14614,,14614.0,20.0,1.0,6.0,2.0,22.54,-0.049,0.146,5.792,39.0,25.33,0.0,19.0,3340.0,2.0,19.46,-0.34,-0.97,0.12,0.51,-14.96,-24.21,478.0,TEST2RR,AKR_TEST2RR,0.0,1.0,1.0,100.0
275160,2,walk,walk,14615,,14615.0,20.0,1.0,6.0,2.0,22.45,-0.047,0.03,5.716,39.0,25.37,0.0,19.0,3340.0,2.0,18.9,-0.33,-0.97,0.12,-0.36,-14.02,-23.37,479.0,TEST2RR,AKR_TEST2RR,0.0,1.0,1.0,100.0
275200,2,walk,walk,14616,,14616.0,20.0,1.0,6.0,2.0,22.32,-0.047,0.097,5.687,39.0,25.37,0.0,19.0,3340.0,2.0,18.41,-0.32,-0.97,0.12,-1.12,-12.77,-21.9,479.0,TEST2RR,AKR_TEST2RR,0.0,1.0,1.0,100.0
275200,2,walk,walk,14617,,14617.0,20.0,1.0,6.0,2.0,22.15,-0.046,0.003,5.618,39.0,25.37,0.0,19.0,3340.0,2.0,17.98,-0.32,-0.97,0.12,-1.71,-11.36,-19.99,479.0,TEST2RR,AKR_TEST2RR,0.0,1.0,1.0,100.0
275200,2,walk,walk,14618,,14618.0,20.0,1.0,6.0,2.0,21.94,-0.046,0.069,5.537,39.0,25.37,0.0,19.0,3340.0,2.0,17.62,-0.31,-0.98,0.12,-2.14,-9.92,-17.81,479.0,TEST2RR,AKR_TEST2RR,0.0,1.0,1.0,100.0
275220,2,walk,walk,14619,,14619.0,20.0,1.0,6.0,2.0,21.7,-0.046,-0.018,5.544,39.0,25.37,0.0,19.0,3340.0,2.0,17.31,-0.3,-0.98,0.12,-2.38,-8.51,-15.5,479.0,TEST2RR,AKR_TEST2RR,0.0,1.0,1.0,100.0
275260,2,walk,walk,14620,,14620.0,20.0,1.0,6.0,2.0,21.43,-0.046,-0.013,5.529,39.0,25.4,0.0,19.0,3340.0,2.0,17.05,-0.3,-0.98,0.11,-2.44,-7.2,-13.2,479.0,TEST2RR,AKR_TEST2RR,0.0,1.0,1.0,100.0
275260,2,walk,walk,14621,,14621.0,20.0,1.0,6.0,2.0,21.14,-0.045,0.013,5.436,39.0,25.4,0.0,19.0,3340.0,2.0,16.84,-0.3,-0.98,0.11,-2.36,-6.01,-10.98,479.0,TEST2RR,AKR_TEST2RR,0.0,1.0,1.0,100.0
275280,2,walk,walk,14622,,14622.0,20.0,1.0,6.0,2.0,20.83,-0.045,0.127,5.385,39.0,25.4,0.0,19.0,3340.0,2.0,16.66,-0.29,-0.98,0.11,-2.16,-4.96,-8.91,479.0,TEST2RR,AKR_TEST2RR,0.0,1.0,1.0,100.0
275300,2,walk,walk,14623,,14623.0,20.0,1.0,6.0,2.0,20.52,-0.044,0.015,5.341,39.0,25.4,0.0,19.0,3340.0,2.0,16.51,-0.29,-0.98,0.1,-1.86,-4.06,-7.03,479.0,TEST2RR,AKR_TEST2RR,0.0,1.0,1.0,100.0
275340,2,walk,walk,14624,,14624.0,20.0,1.0,6.0,2.0,20.2,-0.044,0.025,5.192,39.0,25.44,0.0,19.0,3340.0,2.0,16.39,-0.29,-0.98,0.1,-1.51,-3.33,-5.37,479.0,TEST2RR,AKR_TEST2RR,0.0,1.0,1.0,100.0
275340,2,walk,walk,14625,,14625.0,20.0,1.0,6.0,2.0,19.89,-0.042,0.138,4.972,39.0,25.47,0.0,19.0,3340.0,2.0,16.28,-0.29,-0.98,0.1,-1.14,-2.76,-3.94,479.0,TEST2RR,AKR_TEST2RR,0.0,1.0,1.0,100.0
275360,2,walk,walk,14626,,14626.0,20.0,1.0,6.0,2.0,19.58,-0.04,0.265,4.632,39.0,25.51,0.0,19.0,3340.0,2.0,16.19,-0.29,-0.98,0.1,-0.77,-2.34,-2.75,479.0,TEST2RR,AKR_TEST2RR,0.0,1.0,1.0,100.0
275380,2,walk,walk,14627,,14627.0,20.0,1.0,6.0,2.0,19.28,-0.038,0.195,4.422,39.0,25.54,0.0,19.0,3340.0,2.0,16.11,-0.28,-0.98,0.09,-0.43,-2.04,-1.78,479.0,TEST2RR,AKR_TEST2RR,0.0,1.0,1.0,100.0
275400,2,walk,walk,14628,,14628.0,20.0,1.0,6.0,2.0,19.0,-0.036,-0.006,4.29,39.0,25.58,0.0,19.0,3340.0,2.0,16.03,-0.28,-0.99,0.09,-0.13,-1.82,-0.97,479.0,TEST2RR,AKR_TEST2RR,0.0,1.0,1.0,100.0
275420,2,walk,walk,14629,,14629.0,20.0,1.0,6.0,2.0,18.74,-0.035,0.099,4.113,39.0,25.62,0.0,19.0,3340.0,2.0,15.95,-0.28,-0.99,0.09,0.13,-1.65,-0.29,479.0,TEST2RR,AKR_TEST2RR,0.0,1.0,1.0,100.0
275440,2,walk,walk,14630,,14630.0,20.0,1.0,6.0,2.0,18.5,-0.033,0.169,3.915,39.0,25.62,0.0,19.0,3340.0,2.0,15.86,-0.28,-0.99,0.09,0.37,-1.48,0.31,479.0,TEST2RR,AKR_TEST2RR,0.0,1.0,1.0,100.0
275460,2,walk,walk,14631,,14631.0,20.0,1.0,6.0,2.0,18.28,-0.032,0.08,3.818,39.0,25.65,0.0,19.0,3340.0,2.0,15.76,-0.28,-0.99,0.1,0.6,-1.27,0.88,479.0,TEST2RR,AKR_TEST2RR,0.0,1.0,1.0,100.0
275500,2,walk,walk,14632,,14632.0,20.0,1.0,6.0,2.0,18.08,-0.031,0.115,3.656,39.0,25.65,0.0,19.0,3340.0,2.0,15.66,-0.28,-0.99,0.1,0.84,-1.01,1.48,479.0,TEST2RR,AKR_TEST2RR,0.0,1.0,1.0,100.0
275500,2,walk,walk,14633,,14633.0,20.0,1.0,6.0,2.0,17.9,-0.03,0.115,3.53,39.0,25.69,0.0,19.0,3340.0,2.0,15.56,-0.28,-0.99,0.1,1.12,-0.71,2.13,479.0,TEST2RR,AKR_TEST2RR,0.0,1.0,1.0,100.0
275520,2,walk,walk,14634,,14634.0,20.0,1.0,6.0,2.0,17.74,-0.029,0.057,3.349,39.0,25.69,0.0,19.0,3340.0,2.0,15.47,-0.28,-1.0,0.1,1.43,-0.4,2.86,479.0,TEST2RR,AKR_TEST2RR,0.0,1.0,1.0,100.0
275540,2,walk,walk,14635,,14635.0,20.0,1.0,6.0,2.0,17.6,-0.027,0.104,3.211,39.0,25.72,0.0,19.0,3340.0,2.0,15.4,-0.27,-1.0,0.1,1.8,-0.09,3.67,479.0,TEST2RR,AKR_TEST2RR,0.0,1.0,1.0,100.0
275580,2,walk,walk,14636,,14636.0,20.0,1.0,6.0,2.0,17.48,-0.026,0.077,3.062,40.0,25.76,0.0,19.0,3340.0,2.0,15.35,-0.27,-1.0,0.1,2.23,0.17,4.57,479.0,TEST2RR,AKR_TEST2RR,0.0,1.0,1.0,100.0
275600,2,walk,walk,14637,,14637.0,20.0,1.0,6.0,2.0,17.38,-0.025,0.135,3.009,39.0,25.76,0.0,19.0,3340.0,2.0,15.33,-0.27,-1.0,0.1,2.71,0.38,5.56,479.0,TEST2RR,AKR_TEST2RR,0.0,1.0,1.0,100.0
275600,2,walk,walk,14638,,14638.0,20.0,1.0,6.0,2.0,17.3,-0.024,0.021,2.861,40.0,25.76,0.0,19.0,3340.0,2.0,15.34,-0.27,-1.0,0.1,3.25,0.52,6.64,479.0,TEST2RR,AKR_TEST2RR,0.0,1.0,1.0,100.0
275620,2,walk,walk,14639,,14639.0,20.0,1.0,6.0,2.0,17.24,-0.023,0.103,2.788,40.0,25.79,0.0,19.0,3340.0,2.0,15.37,-0.28,-1.0,0.09,3.83,0.59,7.81,479.0,TEST2RR,AKR_TEST2RR,0.0,1.0,1.0,100.0
275640,2,walk,walk,14640,,14640.0,20.0,1.0,6.0,2.0,17.19,-0.023,0.033,2.661,40.0,25.79,0.0,19.0,3340.0,2.0,15.43,-0.28,-1.0,0.09,4.46,0.61,9.05,479.0,TEST2RR,AKR_TEST2RR,0.0,1.0,1.0,100.0
275680,2,walk,walk,14641,,14641.0,20.0,1.0,6.0,2.0,17.17,-0.022,0.06,2.564,40.0,25.79,0.0,19.0,3340.0,2.0,15.52,-0.28,-1.0,0.09,5.11,0.57,10.38,479.0,TEST2RR,AKR_TEST2RR,0.0,1.0,1.0,100.0
275680,2,walk,walk,14642,,14642.0,20.0,1.0,6.0,2.0,17.15,-0.021,0.04,2.443,40.0,25.83,0.0,19.0,3340.0,2.0,15.63,-0.28,-1.0,0.09,5.79,0.5,11.77,479.0,TEST2RR,AKR_TEST2RR,0.0,1.0,1.0,100.0
275700,2,walk,walk,14643,,14643.0,20.0,1.0,6.0,2.0,17.16,-0.02,0.117,2.246,40.0,25.83,0.0,19.0,3340.0,2.0,15.76,-0.28,-1.01,0.09,6.48,0.41,13.21,479.0,TEST2RR,AKR_TEST2RR,0.0,1.0,1.0,100.0
275740,2,walk,walk,14644,,14644.0,20.0,1.0,6.0,2.0,17.18,-0.018,0.096,2.115,40.0,25.83,0.0,19.0,3340.0,2.0,15.92,-0.29,-1.01,0.1,7.18,0.29,14.71,479.0,TEST2RR,AKR_TEST2RR,0.0,1.0,1.0,100.0
275740,2,walk,walk,14645,,14645.0,20.0,1.0,6.0,2.0,17.23,-0.017,0.112,1.954,40.0,25.86,0.0,19.0,3340.0,2.0,16.12,-0.29,-1.01,0.1,7.88,0.17,16.23,479.0,TEST2RR,AKR_TEST2RR,0.0,1.0,1.0,100.0
275760,2,walk,walk,14646,,14646.0,20.0,1.0,6.0,2.0,17.29,-0.015,0.1,1.827,40.0,25.86,0.0,19.0,3340.0,2.0,16.35,-0.29,-1.01,0.1,8.56,0.06,17.78,479.0,TEST2RR,AKR_TEST2RR,0.0,1.0,1.0,100.0
275800,2,walk,walk,14647,,14647.0,20.0,1.0,6.0,2.0,17.37,-0.014,0.003,1.657,40.0,25.86,0.0,19.0,3340.0,2.0,16.61,-0.3,-1.0,0.1,9.21,-0.04,19.35,479.0,TEST2RR,AKR_TEST2RR,0.0,1.0,1.0,100.0
275820,2,walk,walk,14648,,14648.0,20.0,1.0,6.0,2.0,17.48,-0.013,0.112,1.5,40.0,25.9,0.0,19.0,3340.0,2.0,16.92,-0.31,-1.0,0.1,9.84,-0.13,20.91,479.0,TEST2RR,AKR_TEST2RR,0.0,1.0,1.0,100.0
275840,2,walk,walk,14649,,14649.0,20.0,1.0,6.0,2.0,17.6,-0.012,0.092,1.336,40.0,25.9,0.0,19.0,3340.0,2.0,17.27,-0.31,-1.0,0.11,10.42,-0.21,22.44,479.0,TEST2RR,AKR_TEST2RR,0.0,1.0,1.0,100.0
275840,2,walk,walk,14650,,14650.0,20.0,1.0,6.0,2.0,17.75,-0.01,0.134,1.203,40.0,25.9,0.0,19.0,3340.0,2.0,17.67,-0.32,-1.0,0.11,10.96,-0.29,23.92,479.0,TEST2RR,AKR_TEST2RR,0.0,1.0,1.0,100.0
275860,2,walk,walk,14651,,14651.0,20.0,1.0,6.0,2.0,17.92,-0.009,-0.005,1.039,40.0,25.9,0.0,19.0,3340.0,2.0,18.13,-0.33,-0.99,0.11,11.45,-0.38,25.32,479.0,TEST2RR,AKR_TEST2RR,0.0,1.0,1.0,100.0
275900,2,walk,walk,14652,,14652.0,20.0,1.0,6.0,2.0,18.12,-0.008,-0.009,0.888,40.0,25.9,0.0,19.0,3340.0,2.0,18.63,-0.33,-0.99,0.12,11.87,-0.48,26.62,479.0,TEST2RR,AKR_TEST2RR,0.0,1.0,1.0,100.0
275920,2,walk,walk,14653,,14653.0,20.0,1.0,6.0,2.0,18.34,-0.007,0.06,0.785,40.0,25.93,0.0,19.0,3340.0,2.0,19.18,-0.34,-0.99,0.12,12.23,-0.59,27.82,479.0,TEST2RR,AKR_TEST2RR,0.0,1.0,1.0,100.0
275920,2,walk,walk,14654,,14654.0,20.0,1.0,6.0,2.0,18.59,-0.006,-0.032,0.52,40.0,25.93,0.0,19.0,3340.0,2.0,19.77,-0.35,-0.98,0.12,12.52,-0.67,28.88,479.0,TEST2RR,AKR_TEST2RR,0.0,1.0,1.0,100.0
275940,2,walk,walk,14655,,14655.0,20.0,1.0,6.0,2.0,18.86,-0.005,0.084,0.395,40.0,25.93,0.0,19.0,3340.0,2.0,20.39,-0.36,-0.97,0.13,12.77,-0.72,29.81,479.0,TEST2RR,AKR_TEST2RR,0.0,1.0,1.0,100.0
276000,2,walk,walk,14656,,14656.0,20.0,1.0,6.0,2.0,19.16,-0.004,-0.046,0.275,40.0,25.93,0.0,19.0,3340.0,2.0,21.04,-0.37,-0.97,0.13,12.96,-0.74,30.57,479.0,TEST2RR,AKR_TEST2RR,0.0,1.0,1.0,100.0
276000,2,walk,walk,14657,,14657.0,20.0,1.0,6.0,2.0,19.48,-0.003,0.029,0.167,40.0,25.93,0.0,19.0,3340.0,2.0,21.71,-0.38,-0.96,0.14,13.12,-0.68,31.16,479.0,TEST2RR,AKR_TEST2RR,0.0,1.0,1.0,100.0
276000,2,walk,walk,14658,,14658.0,20.0,1.0,6.0,2.0,19.83,-0.002,0.003,0.051,40.0,25.93,0.0,19.0,3340.0,2.0,22.38,-0.39,-0.95,0.15,13.25,-0.53,31.58,479.0,TEST2RR,AKR_TEST2RR,0.0,1.0,1.0,100.0
276040,2,walk,walk,14659,,14659.0,20.0,1.0,6.0,2.0,20.2,-0.001,-0.013,-0.072,40.0,25.93,0.0,19.0,3340.0,2.0,23.07,-0.4,-0.95,0.15,13.37,-0.27,31.82,479.0,TEST2RR,AKR_TEST2RR,0.0,1.0,1.0,100.0
276040,2,walk,walk,14660,,14660.0,20.0,1.0,6.0,2.0,20.6,0.0,0.07,-0.19,40.0,25.93,0.0,19.0,3340.0,2.0,23.76,-0.41,-0.94,0.16,13.49,0.11,31.9,479.0,TEST2RR,AKR_TEST2RR,0.0,1.0,1.0,100.0
276060,2,walk,walk,14661,,14661.0,20.0,1.0,6.0,2.0,21.02,0.001,0.07,-0.359,40.0,25.9,0.0,19.0,3340.0,2.0,24.46,-0.42,-0.93,0.16,13.61,0.62,31.83,479.0,TEST2RR,AKR_TEST2RR,0.0,1.0,1.0,100.0
276080,2,walk,walk,14662,,14662.0,20.0,1.0,6.0,2.0,21.47,0.003,0.13,-0.585,40.0,25.9,0.0,19.0,3340.0,2.0,25.18,-0.43,-0.92,0.17,13.73,1.26,31.62,479.0,TEST2RR,AKR_TEST2RR,0.0,1.0,1.0,100.0
276100,2,walk,walk,14663,,14663.0,20.0,2.0,6.0,2.0,21.93,0.004,0.135,-0.732,40.0,25.93,0.0,20.0,3340.0,2.0,25.93,-0.44,-0.91,0.18,13.83,1.98,31.26,479.0,TEST2RR,AKR_TEST2RR,0.0,1.0,1.0,100.0
276120,2,walk,walk,14664,,14664.0,20.0,2.0,6.0,2.0,22.41,0.006,0.032,-0.841,40.0,25.9,0.0,20.0,3340.0,2.0,26.71,-0.45,-0.9,0.18,13.91,2.78,30.73,480.0,TEST2RR,AKR_TEST2RR,0.0,1.0,1.0,100.0
276180,2,walk,walk,14665,,14665.0,20.0,1.0,6.0,2.0,22.91,0.007,0.113,-1.053,40.0,25.9,0.0,19.0,3340.0,2.0,27.53,-0.46,-0.89,0.19,13.95,3.63,30.04,480.0,TEST2RR,AKR_TEST2RR,0.0,1.0,1.0,100.0
276180,2,walk,walk,14666,,14666.0,20.0,1.0,6.0,2.0,23.42,0.009,0.006,-1.183,40.0,25.9,0.0,19.0,3340.0,2.0,28.36,-0.48,-0.88,0.19,13.95,4.5,29.19,480.0,TEST2RR,AKR_TEST2RR,0.0,1.0,1.0,100.0
276180,2,walk,walk,14667,,14667.0,20.0,1.0,6.0,2.0,23.94,0.01,0.052,-1.334,40.0,25.9,0.0,19.0,3340.0,2.0,29.2,-0.49,-0.87,0.2,13.88,5.37,28.18,480.0,TEST2RR,AKR_TEST2RR,0.0,1.0,1.0,100.0
276220,2,walk,walk,14668,,14668.0,20.0,1.0,6.0,2.0,24.48,0.011,-0.05,-1.474,40.0,25.9,0.0,19.0,3340.0,2.0,30.05,-0.5,-0.86,0.2,13.73,6.22,27.04,480.0,TEST2RR,AKR_TEST2RR,0.0,1.0,1.0,100.0
276220,2,walk,walk,14669,,14669.0,20.0,1.0,6.0,2.0,25.02,0.012,0.044,-1.528,40.0,25.9,0.0,19.0,3340.0,2.0,30.86,-0.51,-0.85,0.21,13.51,7.02,25.8,480.0,TEST2RR,AKR_TEST2RR,0.0,1.0,1.0,100.0
276240,2,walk,walk,14670,,14670.0,20.0,1.0,6.0,2.0,25.56,0.012,-0.023,-1.565,40.0,25.9,0.0,19.0,3340.0,2.0,31.64,-0.52,-0.84,0.21,13.2,7.75,24.49,480.0,TEST2RR,AKR_TEST2RR,0.0,1.0,1.0,100.0
276260,2,walk,walk,14671,,14671.0,20.0,1.0,6.0,2.0,26.11,0.013,0.14,-1.622,40.0,25.9,0.0,19.0,3340.0,2.0,32.36,-0.53,-0.83,0.21,12.83,8.38,23.16,480.0,TEST2RR,AKR_TEST2RR,0.0,1.0,1.0,100.0
276300,2,walk,walk,14672,,14672.0,20.0,1.0,6.0,2.0,26.66,0.013,-0.003,-1.685,40.0,25.9,0.0,19.0,3340.0,2.0,33.01,-0.54,-0.83,0.21,12.41,8.91,21.83,480.0,TEST2RR,AKR_TEST2RR,0.0,1.0,1.0,100.0
276300,2,walk,walk,14673,,14673.0,20.0,1.0,6.0,2.0,27.2,0.014,0.065,-1.779,40.0,25.86,0.0,19.0,3340.0,2.0,33.58,-0.55,-0.82,0.21,11.93,9.32,20.53,480.0,TEST2RR,AKR_TEST2RR,0.0,1.0,1.0,100.0
276340,2,walk,walk,14674,,14674.0,20.0,1.0,6.0,2.0,27.75,0.015,0.112,-1.884,40.0,25.86,0.0,19.0,3340.0,2.0,34.07,-0.55,-0.82,0.21,11.42,9.57,19.29,480.0,TEST2RR,AKR_TEST2RR,0.0,1.0,1.0,100.0
276340,2,walk,walk,14675,,14675.0,20.0,1.0,6.0,2.0,28.28,0.015,0.007,-1.942,40.0,25.86,0.0,19.0,3340.0,2.0,34.5,-0.56,-0.82,0.21,10.86,9.64,18.13,480.0,TEST2RR,AKR_TEST2RR,0.0,1.0,1.0,100.0
276360,2,walk,walk,14676,,14676.0,20.0,1.0,6.0,2.0,28.81,0.016,0.109,-2.064,40.0,25.86,0.0,19.0,3340.0,2.0,34.88,-0.57,-0.81,0.2,10.27,9.51,17.04,480.0,TEST2RR,AKR_TEST2RR,0.0,1.0,1.0,100.0
276400,2,walk,walk,14677,,14677.0,20.0,1.0,6.0,2.0,29.32,0.017,0.041,-2.267,40.0,25.86,0.0,19.0,3340.0,2.0,35.23,-0.57,-0.81,0.2,9.64,9.14,16.03,480.0,TEST2RR,AKR_TEST2RR,0.0,1.0,1.0,100.0
276400,2,walk,walk,14678,,14678.0,20.0,1.0,6.0,2.0,29.83,0.018,0.022,-2.285,40.0,25.86,0.0,19.0,3340.0,2.0,35.57,-0.58,-0.81,0.2,8.96,8.55,15.09,480.0,TEST2RR,AKR_TEST2RR,0.0,1.0,1.0,100.0
276420,2,walk,walk,14679,,14679.0,20.0,1.0,6.0,2.0,30.32,0.019,0.049,-2.347,40.0,25.83,0.0,19.0,3340.0,2.0,35.9,-0.59,-0.81,0.2,8.25,7.75,14.19,480.0,TEST2RR,AKR_TEST2RR,0.0,1.0,1.0,100.0
276460,2,walk,walk,14680,,14680.0,20.0,1.0,6.0,2.0,30.79,0.019,0.003,-2.417,40.0,25.83,0.0,19.0,3340.0,2.0,36.22,-0.59,-0.81,0.19,7.5,6.74,13.31,480.0,TEST2RR,AKR_TEST2RR,0.0,1.0,1.0,100.0
276460,2,walk,walk,14681,,14681.0,20.0,1.0,6.0,2.0,31.25,0.02,0.061,-2.438,40.0,25.83,0.0,19.0,3340.0,2.0,36.54,-0.6,-0.8,0.19,6.71,5.57,12.42,480.0,TEST2RR,AKR_TEST2RR,0.0,1.0,1.0,100.0
276480,2,walk,walk,14682,,14682.0,20.0,1.0,1.0,5.0,31.69,0.02,0.053,-2.452,40.0,25.83,0.0,19.0,3340.0,3.0,36.87,-0.6,-0.8,0.19,5.9,4.25,11.52,480.0,TEST2RR,AKR_TEST2RR,0.0,1.0,1.0,100.0
276500,2,walk,walk,14683,,14683.0,20.0,0.0,1.0,5.0,32.12,0.02,-0.032,-2.553,40.0,25.69,0.0,18.0,3340.0,3.0,37.22,-0.61,-0.8,0.19,5.02,2.87,10.87,480.0,TEST2RR,AKR_TEST2RR,0.0,1.0,1.0,100.0
276520,2,walk,walk,14684,,14684.0,20.0,0.0,1.0,5.0,32.53,-0.01,-2.761,-3.609,40.0,25.51,0.0,18.0,3340.0,3.0,37.61,-0.61,-0.79,0.19,4.06,1.27,10.57,480.0,TEST2RR,AKR_TEST2RR,0.0,1.0,1.0,100.0
276540,2,walk,walk,14685,,14685.0,20.0,0.0,1.0,5.0,32.92,-0.051,-2.649,-3.832,40.0,25.44,0.0,18.0,3340.0,3.0,37.96,-0.61,-0.78,0.19,3.03,-0.8,10.35,480.0,TEST2RR,AKR_TEST2RR,0.0,1.0,1.0,100.0
276560,2,walk,walk,14686,,14686.0,20.0,0.0,1.0,5.0,33.3,-0.083,-1.82,-4.824,40.0,25.33,0.0,18.0,3340.0,3.0,38.17,-0.61,-0.77,0.18,1.88,-3.57,9.87,480.0,TEST2RR,AKR_TEST2RR,0.0,1.0,1.0,100.0
276600,2,walk,walk,14687,,14687.0,20.0,0.0,1.0,5.0,33.66,-0.11,-1.603,-5.15,40.0,25.33,0.0,18.0,3340.0,3.0,38.12,-0.6,-0.76,0.18,0.57,-7.06,8.75,480.0,TEST2RR,AKR_TEST2RR,0.0,1.0,1.0,100.0
276620,2,walk,walk,14688,,14688.0,20.0,0.0,1.0,5.0,34.0,-0.131,-1.39,-5.286,40.0,25.3,0.0,18.0,3340.0,3.0,37.75,-0.58,-0.76,0.18,-0.91,-11.02,6.82,480.0,TEST2RR,AKR_TEST2RR,0.0,1.0,1.0,100.0
276620,2,walk,walk,14689,,14689.0,20.0,0.0,1.0,5.0,34.33,-0.149,-1.164,-5.498,40.0,25.26,0.0,18.0,3340.0,3.0,37.07,-0.57,-0.75,0.17,-2.51,-15.03,4.07,480.0,TEST2RR,AKR_TEST2RR,0.0,1.0,1.0,100.0
276660,2,walk,walk,14690,,14690.0,20.0,0.0,1.0,5.0,34.64,-0.165,-0.927,-5.659,40.0,25.26,0.0,18.0,3340.0,3.0,36.15,-0.55,-0.75,0.17,-4.0,-18.63,0.65,480.0,TEST2RR,AKR_TEST2RR,0.0,1.0,1.0,100.0
276660,2,walk,walk,14691,,14691.0,20.0,0.0,1.0,6.0,34.93,-0.178,-0.797,-5.654,40.0,25.23,0.0,18.0,3340.0,3.0,35.14,-0.53,-0.76,0.18,-5.19,-21.47,-3.07,480.0,TEST2RR,AKR_TEST2RR,0.0,1.0,1.0,100.0
276680,2,walk,walk,14692,,14692.0,20.0,0.0,1.0,6.0,35.19,-0.189,-0.69,-5.711,40.0,25.23,0.0,18.0,3340.0,3.0,34.11,-0.52,-0.77,0.18,-6.02,-23.24,-6.84,480.0,TEST2RR,AKR_TEST2RR,0.0,1.0,1.0,100.0
276720,2,walk,walk,14693,,14693.0,20.0,0.0,1.0,6.0,35.43,-0.199,-0.64,-5.755,40.0,25.26,0.0,18.0,3340.0,3.0,33.07,-0.51,-0.78,0.19,-6.49,-23.63,-10.57,480.0,TEST2RR,AKR_TEST2RR,0.0,1.0,1.0,100.0
276720,2,walk,walk,14694,,14694.0,20.0,0.0,1.0,6.0,35.64,-0.211,-0.934,-5.173,40.0,25.37,0.0,18.0,3340.0,3.0,31.97,-0.5,-0.8,0.2,-6.66,-22.43,-14.21,480.0,TEST2RR,AKR_TEST2RR,0.0,1.0,1.0,100.0
276740,2,walk,walk,14695,,14695.0,20.0,0.0,1.0,6.0,35.81,-0.224,-1.04,-4.482,40.0,25.44,0.0,18.0,3340.0,3.0,30.75,-0.49,-0.82,0.21,-6.68,-19.63,-17.84,480.0,TEST2RR,AKR_TEST2RR,0.0,1.0,1.0,100.0
276760,2,walk,walk,14696,,14696.0,20.0,0.0,1.0,6.0,35.94,-0.239,-0.809,-4.255,40.0,25.51,0.0,18.0,3340.0,3.0,29.39,-0.47,-0.84,0.21,-6.73,-15.51,-21.56,480.0,TEST2RR,AKR_TEST2RR,0.0,1.0,1.0,100.0
276800,2,walk,walk,14697,,14697.0,20.0,0.0,1.0,6.0,36.02,-0.252,-0.981,-4.049,40.0,25.58,0.0,18.0,3340.0,3.0,27.89,-0.45,-0.85,0.21,-7.02,-10.59,-25.55,480.0,TEST2RR,AKR_TEST2RR,0.0,1.0,1.0,100.0
276820,2,walk,walk,14698,,14698.0,20.0,0.0,1.0,6.0,36.05,-0.265,-0.902,-3.627,40.0,25.62,0.0,18.0,3340.0,3.0,26.25,-0.43,-0.87,0.21,-7.73,-5.56,-29.93,480.0,TEST2RR,AKR_TEST2RR,0.0,1.0,1.0,100.0
276820,2,walk,walk,14699,,14699.0,20.0,0.0,1.0,6.0,36.02,-0.278,-0.762,-3.464,40.0,25.65,0.0,18.0,3340.0,3.0,24.49,-0.4,-0.89,0.2,-8.97,-1.09,-34.81,480.0,TEST2RR,AKR_TEST2RR,0.0,1.0,1.0,100.0
276860,2,walk,walk,14700,,14700.0,20.0,0.0,1.0,6.0,35.92,-0.287,-0.456,-3.825,40.0,25.62,0.0,18.0,3340.0,3.0,22.61,-0.38,-0.9,0.19,-10.71,2.31,-40.24,480.0,TEST2RR,AKR_TEST2RR,0.0,1.0,1.0,100.0
276860,2,walk,walk,14701,,14701.0,20.0,0.0,1.0,6.0,35.76,-0.292,-0.33,-4.137,40.0,25.62,0.0,18.0,3340.0,3.0,20.63,-0.35,-0.92,0.17,-12.86,4.43,-46.24,480.0,TEST2RR,AKR_TEST2RR,0.0,1.0,1.0,100.0
276880,2,walk,walk,14702,,14702.0,20.0,0.0,1.0,6.0,35.52,-0.295,-0.013,-4.549,40.0,25.54,0.0,18.0,3340.0,3.0,18.57,-0.32,-0.94,0.16,-15.29,5.39,-52.77,480.0,TEST2RR,AKR_TEST2RR,0.0,1.0,1.0,100.0
276900,2,walk,walk,14703,,14703.0,20.0,0.0,1.0,6.0,35.2,-0.297,-0.075,-4.614,40.0,25.54,0.0,18.0,3340.0,3.0,16.46,-0.28,-0.96,0.16,-17.81,5.56,-59.74,480.0,TEST2RR,AKR_TEST2RR,0.0,1.0,1.0,100.0
276920,2,walk,walk,14704,,14704.0,20.0,0.0,1.0,6.0,34.8,-0.299,-0.061,-4.626,40.0,25.54,0.0,18.0,3340.0,3.0,14.36,-0.25,-0.99,0.15,-20.2,5.49,-66.97,480.0,TEST2RR,AKR_TEST2RR,0.0,1.0,1.0,100.0
276960,2,walk,walk,14705,,14705.0,20.0,0.0,1.0,6.0,34.3,-0.3,-0.155,-4.674,40.0,25.54,0.0,18.0,3340.0,3.0,12.33,-0.22,-1.01,0.15,-22.24,5.73,-74.3,480.0,TEST2RR,AKR_TEST2RR,0.0,1.0,1.0,100.0
276960,2,walk,walk,14706,,14706.0,20.0,0.0,1.0,6.0,33.71,-0.301,0.006,-4.641,40.0,25.54,0.0,18.0,3340.0,3.0,10.44,-0.19,-1.04,0.15,-23.77,6.74,-81.52,480.0,TEST2RR,AKR_TEST2RR,0.0,1.0,1.0,100.0
276980,2,walk,walk,14707,,14707.0,20.0,0.0,1.0,6.0,33.01,-0.303,-0.095,-4.55,40.0,25.54,0.0,18.0,3340.0,3.0,8.77,-0.16,-1.06,0.16,-24.65,8.74,-88.42,480.0,TEST2RR,AKR_TEST2RR,0.0,1.0,1.0,100.0
277000,2,walk,walk,14708,,14708.0,20.0,0.0,1.0,6.0,32.2,-0.305,-0.143,-4.477,40.0,25.54,0.0,18.0,3340.0,3.0,7.37,-0.14,-1.09,0.16,-24.85,11.74,-94.78,480.0,TEST2RR,AKR_TEST2RR,0.0,1.0,1.0,100.0
277020,2,walk,walk,14709,,14709.0,20.0,0.0,1.0,6.0,31.28,-0.307,-0.101,-4.386,40.0,25.54,0.0,18.0,3340.0,3.0,6.29,-0.12,-1.12,0.16,-24.4,15.55,-100.44,480.0,TEST2RR,AKR_TEST2RR,0.0,1.0,1.0,100.0
277080,2,walk,walk,14710,,14710.0,20.0,0.0,1.0,6.0,30.25,-0.308,-0.085,-4.415,40.0,25.54,0.0,18.0,3340.0,3.0,5.55,-0.11,-1.14,0.16,-23.39,19.82,-105.24,480.0,TEST2RR,AKR_TEST2RR,0.0,1.0,1.0,100.0
277100,2,walk,walk,14711,,14711.0,20.0,0.0,1.0,6.0,29.09,-0.309,-0.034,-4.473,40.0,25.54,0.0,18.0,3340.0,3.0,5.14,-0.1,-1.16,0.16,-21.96,24.19,-109.05,481.0,TEST2RR,AKR_TEST2RR,0.0,1.0,1.0,100.0
277100,2,walk,walk,14712,,14712.0,20.0,0.0,1.0,6.0,27.82,-0.31,-0.05,-4.432,40.0,25.54,0.0,18.0,3340.0,3.0,5.05,-0.1,-1.17,0.15,-20.29,28.3,-111.78,481.0,TEST2RR,AKR_TEST2RR,0.0,1.0,1.0,100.0
277100,2,walk,walk,14713,,14713.0,20.0,0.0,1.0,6.0,26.43,-0.312,-0.218,-4.352,40.0,25.54,0.0,18.0,3340.0,3.0,5.24,-0.11,-1.18,0.14,-18.59,31.88,-113.35,481.0,TEST2RR,AKR_TEST2RR,0.0,1.0,1.0,100.0
277140,2,walk,walk,14714,,14714.0,20.0,0.0,1.0,6.0,24.94,-0.314,-0.142,-4.298,40.0,25.54,0.0,18.0,3340.0,3.0,5.67,-0.12,-1.18,0.12,-17.02,34.78,-113.71,481.0,TEST2RR,AKR_TEST2RR,0.0,1.0,1.0,100.0
277140,2,walk,walk,14715,,14715.0,20.0,0.0,3.0,7.0,23.34,-0.315,-0.147,-4.305,40.0,25.54,0.0,18.0,3340.0,3.0,6.31,-0.13,-1.17,0.11,-15.73,36.93,-112.8,481.0,TEST2RR,AKR_TEST2RR,0.0,1.0,1.0,100.0
277180,2,walk,walk,14716,,14716.0,20.0,0.0,3.0,7.0,21.65,-0.316,-0.136,-4.357,40.0,25.58,0.0,19.0,3340.0,3.0,7.14,-0.15,-1.16,0.09,-14.79,38.36,-110.7,481.0,TEST2RR,AKR_TEST2RR,0.0,1.0,1.0,100.0
277180,2,walk,walk,14717,,14717.0,20.0,0.0,3.0,7.0,19.88,-0.316,-0.006,-4.418,40.0,25.54,0.0,19.0,3340.0,3.0,8.15,-0.16,-1.14,0.07,-14.24,39.13,-107.45,481.0,TEST2RR,AKR_TEST2RR,0.0,1.0,1.0,100.0
277200,2,walk,walk,14718,,14718.0,20.0,0.0,3.0,7.0,18.04,-0.316,0.011,-4.328,40.0,25.54,0.0,19.0,3340.0,3.0,9.33,-0.18,-1.12,0.05,-14.08,39.27,-103.09,481.0,TEST2RR,AKR_TEST2RR,0.0,1.0,1.0,100.0
277240,2,walk,walk,14719,,14719.0,20.0,0.0,3.0,7.0,16.16,-0.317,-0.01,-4.248,40.0,25.58,0.0,19.0,3340.0,3.0,10.64,-0.21,-1.1,0.03,-14.28,38.79,-97.63,481.0,TEST2RR,AKR_TEST2RR,0.0,1.0,1.0,100.0
277240,2,walk,walk,14720,,14720.0,20.0,1.0,3.0,7.0,14.24,-0.317,-0.014,-4.155,40.0,25.58,0.0,20.0,3340.0,3.0,12.07,-0.23,-1.08,0.01,-14.81,37.68,-91.04,481.0,TEST2RR,AKR_TEST2RR,0.0,1.0,1.0,100.0
277280,2,walk,walk,14721,,14721.0,20.0,0.0,3.0,7.0,12.31,-0.317,-0.002,-3.94,40.0,25.62,0.0,19.0,3340.0,3.0,13.56,-0.25,-1.05,-0.01,-15.63,35.95,-83.35,481.0,TEST2RR,AKR_TEST2RR,0.0,1.0,1.0,100.0
277300,2,walk,walk,14722,,14722.0,20.0,0.0,3.0,7.0,10.38,-0.317,-0.045,-3.762,40.0,25.69,0.0,19.0,3340.0,3.0,15.05,-0.28,-1.03,-0.02,-16.69,33.59,-74.6,481.0,TEST2RR,AKR_TEST2RR,0.0,1.0,1.0,100.0
277300,2,walk,walk,14723,,14723.0,20.0,1.0,3.0,7.0,8.47,-0.316,0.009,-3.488,40.0,25.69,0.0,20.0,3340.0,3.0,16.48,-0.3,-1.01,-0.03,-17.96,30.61,-64.9,481.0,TEST2RR,AKR_TEST2RR,0.0,1.0,1.0,100.0
277320,2,walk,walk,14724,,14724.0,20.0,0.0,3.0,7.0,6.61,-0.315,0.105,-3.217,40.0,25.72,0.0,19.0,3340.0,3.0,17.78,-0.32,-0.99,-0.05,-19.4,26.97,-54.45,481.0,TEST2RR,AKR_TEST2RR,0.0,1.0,1.0,100.0
277340,2,walk,walk,14725,,14725.0,20.0,0.0,3.0,7.0,4.82,-0.313,0.195,-3.025,40.0,25.76,0.0,19.0,3340.0,3.0,18.6,-0.33,-0.98,-0.05,-20.99,22.6,-43.45,481.0,TEST2RR,AKR_TEST2RR,0.0,1.0,1.0,100.0
277360,2,walk,walk,14726,,14726.0,20.0,0.0,3.0,7.0,3.11,-0.311,-0.077,-2.39,40.0,25.83,0.0,19.0,3340.0,3.0,18.38,-0.33,-0.98,-0.06,-22.54,17.08,-32.86,481.0,TEST2RR,AKR_TEST2RR,0.0,1.0,1.0,100.0
277380,2,walk,walk,14727,,14727.0,20.0,0.0,3.0,7.0,1.5,-0.308,0.88,-2.841,40.0,25.83,0.0,19.0,3340.0,3.0,16.74,-0.3,-0.99,-0.06,-23.55,10.44,-23.77,481.0,TEST2RR,AKR_TEST2RR,0.0,1.0,1.0,100.0
277400,2,walk,walk,14728,,14728.0,20.0,0.0,3.0,7.0,0.0,-0.282,2.046,-3.209,40.0,25.86,0.0,19.0,3340.0,3.0,13.71,-0.25,-1.01,-0.05,-23.87,2.84,-16.57,481.0,TEST2RR,AKR_TEST2RR,0.0,1.0,1.0,100.0
277440,2,walk,walk,14729,,14729.0,20.0,0.0,3.0,7.0,-1.36,-0.248,2.469,-3.032,40.0,25.9,0.0,19.0,3340.0,3.0,9.6,-0.17,-1.03,-0.03,-23.64,-4.89,-11.31,481.0,TEST2RR,AKR_TEST2RR,0.0,1.0,1.0,100.0
277460,2,walk,walk,14730,,14730.0,20.0,1.0,3.0,7.0,-2.59,-0.206,2.796,-2.148,40.0,25.93,0.0,20.0,3340.0,3.0,4.91,-0.09,-1.04,0.0,-23.1,-11.99,-7.69,481.0,TEST2RR,AKR_TEST2RR,0.0,1.0,1.0,100.0
277460,2,walk,walk,14731,,14731.0,20.0,0.0,3.0,7.0,-3.67,-0.162,3.113,-1.526,40.0,25.97,0.0,19.0,3340.0,3.0,0.13,0.0,-1.06,0.03,-22.41,-17.97,-5.36,481.0,TEST2RR,AKR_TEST2RR,0.0,1.0,1.0,100.0
277500,2,walk,walk,14732,,14732.0,20.0,0.0,3.0,7.0,-4.63,-0.115,3.168,-1.197,40.0,25.97,0.0,19.0,3340.0,3.0,-4.26,0.08,-1.08,0.05,-21.56,-22.67,-3.97,481.0,TEST2RR,AKR_TEST2RR,0.0,1.0,1.0,100.0
277500,2,walk,walk,14733,,14733.0,20.0,0.0,3.0,7.0,-5.45,-0.066,3.123,-0.727,40.0,25.93,0.0,19.0,3340.0,3.0,-7.96,0.15,-1.09,0.07,-20.5,-26.08,-3.31,481.0,TEST2RR,AKR_TEST2RR,0.0,1.0,1.0,100.0
277520,2,walk,walk,14734,,14734.0,20.0,0.0,3.0,7.0,-6.16,-0.019,3.046,-0.356,40.0,25.93,0.0,19.0,3340.0,3.0,-10.84,0.21,-1.09,0.08,-19.23,-28.38,-3.25,481.0,TEST2RR,AKR_TEST2RR,0.0,1.0,1.0,100.0
277540,2,walk,walk,14735,,14735.0,20.0,0.0,3.0,7.0,-6.76,0.025,2.872,-0.127,40.0,25.93,0.0,19.0,3340.0,3.0,-12.91,0.25,-1.09,0.08,-17.77,-29.76,-3.74,481.0,TEST2RR,AKR_TEST2RR,0.0,1.0,1.0,100.0
277560,2,walk,walk,14736,,14736.0,20.0,0.0,3.0,7.0,-7.26,0.064,2.445,-0.046,40.0,25.9,0.0,19.0,3340.0,3.0,-14.27,0.28,-1.09,0.08,-16.15,-30.28,-4.73,481.0,TEST2RR,AKR_TEST2RR,0.0,1.0,1.0,100.0
277580,2,walk,walk,14737,,14737.0,20.0,0.0,3.0,7.0,-7.69,0.098,2.086,0.06,40.0,25.93,0.0,19.0,3340.0,3.0,-15.07,0.29,-1.08,0.07,-14.4,-29.92,-6.1,481.0,TEST2RR,AKR_TEST2RR,0.0,1.0,1.0,100.0
277600,2,walk,walk,14738,,14738.0,20.0,0.0,3.0,7.0,-8.06,0.126,1.783,0.292,40.0,25.9,0.0,19.0,3340.0,3.0,-15.46,0.3,-1.07,0.05,-12.6,-28.58,-7.69,481.0,TEST2RR,AKR_TEST2RR,0.0,1.0,1.0,100.0
277640,2,walk,walk,14739,,14739.0,20.0,0.0,3.0,7.0,-8.38,0.149,1.58,-0.001,40.0,25.9,0.0,19.0,3340.0,3.0,-15.62,0.3,-1.06,0.03,-10.81,-26.18,-9.33,481.0,TEST2RR,AKR_TEST2RR,0.0,1.0,1.0,100.0
277660,2,walk,walk,14740,,14740.0,20.0,1.0,3.0,7.0,-8.66,0.171,1.499,0.197,40.0,25.93,0.0,20.0,3340.0,3.0,-15.67,0.3,-1.05,0.02,-9.08,-22.72,-10.77,481.0,TEST2RR,AKR_TEST2RR,0.0,1.0,1.0,100.0
277660,2,walk,walk,14741,,14741.0,20.0,0.0,3.0,7.0,-8.91,0.191,1.298,-0.107,40.0,25.93,0.0,19.0,3340.0,3.0,-15.71,0.29,-1.04,0.0,-7.44,-18.42,-11.76,481.0,TEST2RR,AKR_TEST2RR,0.0,1.0,1.0,100.0
277680,2,walk,walk,14742,,14742.0,20.0,0.0,3.0,7.0,-9.15,0.213,1.502,0.061,40.0,25.93,0.0,19.0,3340.0,3.0,-15.79,0.29,-1.03,-0.01,-5.95,-13.62,-12.11,481.0,TEST2RR,AKR_TEST2RR,0.0,1.0,1.0,100.0
277700,2,walk,walk,14743,,14743.0,20.0,0.0,3.0,7.0,-9.38,0.237,1.517,-0.178,40.0,25.93,0.0,19.0,3340.0,3.0,-15.9,0.29,-1.03,-0.02,-4.64,-8.71,-11.71,481.0,TEST2RR,AKR_TEST2RR,0.0,1.0,1.0,100.0
277720,2,walk,walk,14744,,14744.0,20.0,0.0,3.0,7.0,-9.61,0.261,1.561,0.096,40.0,25.93,0.0,19.0,3340.0,3.0,-15.96,0.29,-1.02,-0.03,-3.57,-4.02,-10.59,481.0,TEST2RR,AKR_TEST2RR,0.0,1.0,1.0,100.0
277740,2,walk,walk,14745,,14745.0,20.0,0.0,3.0,7.0,-9.84,0.279,0.616,0.331,40.0,25.93,0.0,19.0,3340.0,3.0,-15.85,0.29,-1.02,-0.03,-2.72,0.28,-8.83,481.0,TEST2RR,AKR_TEST2RR,0.0,1.0,1.0,100.0
277760,2,walk,walk,14746,,14746.0,20.0,0.0,3.0,7.0,-10.07,0.276,-0.661,0.489,40.0,25.93,0.0,19.0,3340.0,3.0,-15.47,0.28,-1.01,-0.04,-2.02,3.93,-6.5,481.0,TEST2RR,AKR_TEST2RR,0.0,1.0,1.0,100.0
277780,2,walk,walk,14747,,14747.0,20.0,1.0,3.0,7.0,-10.3,0.253,-1.73,0.275,40.0,25.93,0.0,20.0,3340.0,3.0,-14.9,0.27,-1.01,-0.04,-1.4,6.82,-3.58,481.0,TEST2RR,AKR_TEST2RR,0.0,1.0,1.0,100.0
277840,2,walk,walk,14748,,14748.0,20.0,0.0,0.0,1.0,-10.54,0.231,-1.333,-0.002,40.0,25.93,0.0,19.0,3340.0,3.0,-14.21,0.26,-1.01,-0.05,-0.77,8.97,-0.05,481.0,TEST2RR,AKR_TEST2RR,0.0,1.0,1.0,100.0
277840,2,walk,walk,14749,,14749.0,20.0,0.0,0.0,1.0,-10.77,0.209,-1.49,0.121,40.0,25.93,0.0,19.0,3340.0,3.0,-13.49,0.24,-1.02,-0.05,-0.09,10.43,4.06,481.0,TEST2RR,AKR_TEST2RR,0.0,1.0,1.0,100.0
277840,2,walk,walk,14750,,14750.0,20.0,0.0,0.0,1.0,-10.99,0.209,-1.49,0.121,40.0,25.93,0.0,39.0,3340.0,3.0,-12.79,0.23,-1.02,-0.05,0.63,11.34,8.61,481.0,TEST2RR,AKR_TEST2RR,0.0,1.0,1.0,100.0
277860,2,walk,walk,14751,,14751.0,20.0,0.0,0.0,1.0,-11.2,0.209,-1.49,0.121,40.0,25.93,0.0,59.0,3340.0,3.0,-12.13,0.22,-1.02,-0.05,1.35,11.81,13.36,481.0,TEST2RR,AKR_TEST2RR,0.0,1.0,1.0,100.0
277880,2,walk,walk,14752,,14752.0,20.0,0.0,0.0,1.0,-11.38,0.137,-11.178,0.0,40.0,26.04,0.0,6.0,3340.0,3.0,-11.51,0.21,-1.02,-0.05,2.01,11.9,18.1,481.0,TEST2RR,AKR_TEST2RR,0.0,1.0,1.0,100.0
277900,2,walk,walk,14753,,14753.0,20.0,0.0,0.0,1.0,-11.54,0.119,-0.949,0.0,40.0,25.97,0.0,6.0,3340.0,3.0,-10.92,0.2,-1.02,-0.05,2.56,11.66,22.65,481.0,TEST2RR,AKR_TEST2RR,0.0,1.0,1.0,100.0
277920,2,walk,walk,14754,,14754.0,20.0,0.0,0.0,1.0,-11.67,0.103,-1.229,0.0,40.0,25.93,0.0,6.0,3340.0,3.0,-10.35,0.19,-1.02,-0.05,2.98,11.18,26.84,481.0,TEST2RR,AKR_TEST2RR,0.0,1.0,1.0,100.0
277940,2,walk,walk,14755,,14755.0,20.0,0.0,0.0,1.0,-11.75,0.093,-0.648,0.0,40.0,25.93,0.0,6.0,3340.0,3.0,-9.79,0.18,-1.02,-0.05,3.23,10.53,30.48,481.0,TEST2RR,AKR_TEST2RR,0.0,1.0,1.0,100.0
277980,2,walk,walk,14756,,14756.0,20.0,0.0,0.0,1.0,-11.78,0.082,-0.831,0.0,40.0,25.97,0.0,6.0,3340.0,3.0,-9.22,0.17,-1.02,-0.05,3.32,9.8,33.43,481.0,TEST2RR,AKR_TEST2RR,0.0,1.0,1.0,100.0
277980,2,walk,walk,14757,,14757.0,20.0,0.0,0.0,1.0,-11.75,0.074,-0.429,0.0,40.0,25.97,0.0,6.0,3340.0,3.0,-8.64,0.15,-1.01,-0.05,3.25,9.03,35.59,481.0,TEST2RR,AKR_TEST2RR,0.0,1.0,1.0,100.0
278000,2,walk,walk,14758,,14758.0,20.0,0.0,0.0,1.0,-11.67,0.069,-0.17,0.0,40.0,25.93,0.0,6.0,3340.0,3.0,-8.05,0.14,-1.01,-0.04,3.03,8.25,36.94,481.0,TEST2RR,AKR_TEST2RR,0.0,1.0,1.0,100.0
278020,2,walk,walk,14759,,14759.0,20.0,0.0,0.0,1.0,-11.53,0.065,-0.269,0.0,40.0,25.97,0.0,6.0,3340.0,3.0,-7.44,0.13,-1.01,-0.04,2.72,7.48,37.47,481.0,TEST2RR,AKR_TEST2RR,0.0,1.0,1.0,100.0
278040,2,walk,walk,14760,,14760.0,20.0,0.0,0.0,1.0,-11.33,0.061,-0.305,0.0,40.0,25.97,0.0,6.0,3340.0,3.0,-6.84,0.12,-1.01,-0.04,2.34,6.72,37.24,481.0,TEST2RR,AKR_TEST2RR,0.0,1.0,1.0,100.0
278060,2,walk,walk,14761,,14761.0,20.0,0.0,0.0,1.0,-11.07,0.057,-0.205,0.0,40.0,25.93,0.0,6.0,3340.0,3.0,-6.25,0.11,-1.01,-0.04,1.93,6.01,36.38,481.0,TEST2RR,AKR_TEST2RR,0.0,1.0,1.0,100.0
278080,2,walk,walk,14762,,14762.0,20.0,0.0,0.0,1.0,-10.75,0.055,-0.017,0.0,40.0,25.97,0.0,6.0,3340.0,3.0,-5.67,0.1,-1.01,-0.04,1.52,5.34,34.98,481.0,TEST2RR,AKR_TEST2RR,0.0,1.0,1.0,100.0
278120,2,walk,walk,14763,,14763.0,20.0,0.0,0.0,1.0,-10.38,0.055,0.029,0.0,40.0,25.97,0.0,6.0,3340.0,3.0,-5.11,0.09,-1.01,-0.04,1.09,4.71,33.14,482.0,TEST2RR,AKR_TEST2RR,0.0,1.0,1.0,100.0
278140,2,walk,walk,14764,,14764.0,20.0,0.0,0.0,1.0,-9.96,0.055,0.019,0.0,40.0,25.93,0.0,6.0,3340.0,3.0,-4.59,0.08,-1.01,-0.04,0.65,4.15,30.92,482.0,TEST2RR,AKR_TEST2RR,0.0,1.0,1.0,100.0
278140,2,walk,walk,14765,,14765.0,20.0,0.0,0.0,1.0,-9.51,0.055,-0.049,0.0,40.0,25.93,0.0,6.0,3340.0,3.0,-4.1,0.07,-1.01,-0.04,0.2,3.66,28.43,482.0,TEST2RR,AKR_TEST2RR,0.0,1.0,1.0,100.0
278180,2,walk,walk,14766,,14766.0,20.0,0.0,0.0,1.0,-9.01,0.055,-0.042,0.0,40.0,25.97,0.0,6.0,3340.0,3.0,-3.64,0.06,-1.01,-0.04,-0.26,3.24,25.74,482.0,TEST2RR,AKR_TEST2RR,0.0,1.0,1.0,100.0
278180,2,walk,walk,14767,,14767.0,20.0,0.0,0.0,1.0,-8.49,0.056,0.021,0.0,40.0,25.93,0.0,6.0,3340.0,3.0,-3.24,0.06,-1.01,-0.04,-0.74,2.88,22.91,482.0,TEST2RR,AKR_TEST2RR,0.0,1.0,1.0,100.0
278200,2,walk,walk,14768,,14768.0,20.0,0.0,0.0,1.0,-7.96,0.059,0.285,0.0,40.0,25.97,0.0,6.0,3340.0,3.0,-2.88,0.05,-1.01,-0.04,-1.23,2.57,20.01,482.0,TEST2RR,AKR_TEST2RR,0.0,1.0,1.0,100.0
278220,2,walk,walk,14769,,14769.0,20.0,0.0,0.0,1.0,-7.41,0.064,0.495,0.0,40.0,25.97,0.0,6.0,3340.0,3.0,-2.57,0.05,-1.01,-0.04,-1.74,2.3,17.04,482.0,TEST2RR,AKR_TEST2RR,0.0,1.0,1.0,100.0
278240,2,walk,walk,14770,,14770.0,20.0,0.0,0.0,1.0,-6.86,0.071,0.39,0.0,40.0,25.93,0.0,6.0,3340.0,3.0,-2.3,0.04,-1.01,-0.04,-2.3,2.03,14.02,482.0,TEST2RR,AKR_TEST2RR,0.0,1.0,1.0,100.0
278280,2,walk,walk,14771,,14771.0,20.0,0.0,0.0,1.0,-6.32,0.076,0.311,0.0,40.0,25.93,0.0,6.0,3340.0,3.0,-2.09,0.04,-1.01,-0.04,-2.91,1.76,10.96,482.0,TEST2RR,AKR_TEST2RR,0.0,1.0,1.0,100.0
278300,2,walk,walk,14772,,14772.0,20.0,0.0,0.0,1.0,-5.79,0.081,0.284,0.0,40.0,25.97,0.0,6.0,3340.0,3.0,-1.94,0.03,-1.01,-0.04,-3.59,1.5,7.93,482.0,TEST2RR,AKR_TEST2RR,0.0,1.0,1.0,100.0
278300,2,walk,walk,14773,,14773.0,20.0,0.0,0.0,1.0,-5.28,0.086,0.393,0.0,40.0,25.93,0.0,6.0,3340.0,3.0,-1.85,0.03,-1.01,-0.04,-4.3,1.27,5.0,482.0,TEST2RR,AKR_TEST2RR,0.0,1.0,1.0,100.0
278340,2,walk,walk,14774,,14774.0,20.0,0.0,0.0,1.0,-4.79,0.093,0.477,0.0,40.0,25.93,0.0,6.0,3340.0,3.0,-1.83,0.03,-1.01,-0.04,-5.01,1.05,2.22,482.0,TEST2RR,AKR_TEST2RR,0.0,1.0,1.0,100.0
278360,2,walk,walk,14775,,14775.0,20.0,0.0,0.0,1.0,-4.33,0.099,0.456,0.0,40.0,25.97,0.0,6.0,3340.0,3.0,-1.87,0.03,-1.01,-0.05,-5.64,0.83,-0.39,482.0,TEST2RR,AKR_TEST2RR,0.0,1.0,1.0,100.0
278380,2,walk,walk,14776,,14776.0,20.0,1.0,0.0,1.0,-3.91,0.104,0.222,0.0,40.0,25.93,0.0,7.0,3340.0,3.0,-1.98,0.03,-1.01,-0.05,-6.13,0.64,-2.76,482.0,TEST2RR,AKR_TEST2RR,0.0,1.0,1.0,100.0
278380,2,walk,walk,14777,,14777.0,20.0,1.0,0.0,1.0,-3.52,0.107,0.225,0.0,40.0,25.93,0.0,7.0,3340.0,3.0,-2.14,0.04,-1.01,-0.05,-6.4,0.49,-4.83,482.0,TEST2RR,AKR_TEST2RR,0.0,1.0,1.0,100.0
278400,2,walk,walk,14778,,14778.0,20.0,1.0,0.0,1.0,-3.18,0.109,0.057,0.0,40.0,25.97,0.0,7.0,3340.0,3.0,-2.35,0.04,-1.01,-0.06,-6.4,0.37,-6.53,482.0,TEST2RR,AKR_TEST2RR,0.0,1.0,1.0,100.0
278440,2,walk,walk,14779,,14779.0,20.0,1.0,0.0,1.0,-2.88,0.11,0.066,0.0,40.0,25.93,0.0,7.0,3340.0,3.0,-2.6,0.05,-1.02,-0.07,-6.1,0.3,-7.83,482.0,TEST2RR,AKR_TEST2RR,0.0,1.0,1.0,100.0
278460,2,walk,walk,14780,,14780.0,20.0,1.0,0.0,1.0,-2.62,0.109,-0.01,0.0,40.0,25.93,0.0,7.0,3340.0,3.0,-2.88,0.05,-1.02,-0.07,-5.49,0.26,-8.65,482.0,TEST2RR,AKR_TEST2RR,0.0,1.0,1.0,100.0
278480,2,walk,walk,14781,,14781.0,20.0,1.0,0.0,1.0,-2.41,0.107,-0.139,0.0,40.0,25.93,0.0,7.0,3340.0,3.0,-3.2,0.06,-1.02,-0.08,-4.56,0.25,-8.94,482.0,TEST2RR,AKR_TEST2RR,0.0,1.0,1.0,100.0
278500,2,walk,walk,14782,,14782.0,20.0,1.0,0.0,1.0,-2.24,0.099,-0.739,0.0,40.0,25.93,0.0,7.0,3340.0,3.0,-3.54,0.06,-1.02,-0.08,-3.35,0.27,-8.58,482.0,TEST2RR,AKR_TEST2RR,0.0,1.0,1.0,100.0
278500,2,walk,walk,14783,,14783.0,20.0,1.0,0.0,1.0,-2.11,0.083,-1.521,0.0,40.0,25.93,0.0,7.0,3340.0,3.0,-3.9,0.07,-1.02,-0.09,-1.88,0.32,-7.4,482.0,TEST2RR,AKR_TEST2RR,0.0,1.0,1.0,100.0
278520,2,walk,walk,14784,,14784.0,20.0,1.0,0.0,1.0,-2.02,0.06,-1.57,0.0,40.0,25.97,0.0,7.0,3340.0,3.0,-4.25,0.08,-1.03,-0.09,-0.14,0.43,-5.25,482.0,TEST2RR,AKR_TEST2RR,0.0,1.0,1.0,100.0
278560,2,walk,walk,14785,,14785.0,20.0,1.0,0.0,1.0,-1.97,0.035,-1.478,0.0,40.0,25.93,0.0,7.0,3340.0,3.0,-4.57,0.08,-1.03,-0.09,1.84,0.58,-2.01,482.0,TEST2RR,AKR_TEST2RR,0.0,1.0,1.0,100.0
278560,2,walk,walk,14786,,14786.0,20.0,0.0,0.0,1.0,-1.95,0.012,-1.329,0.0,40.0,25.93,0.0,6.0,3340.0,3.0,-4.81,0.09,-1.03,-0.1,4.07,0.73,2.23,482.0,TEST2RR,AKR_TEST2RR,0.0,1.0,1.0,100.0
278580,2,walk,walk,14787,,14787.0,20.0,0.0,0.0,1.0,-1.95,-0.007,-1.049,0.0,40.0,25.97,0.0,6.0,3340.0,3.0,-4.95,0.09,-1.04,-0.1,6.48,0.81,7.21,482.0,TEST2RR,AKR_TEST2RR,0.0,1.0,1.0,100.0
278600,2,walk,walk,14788,,14788.0,20.0,0.0,0.0,1.0,-1.98,-0.015,-0.604,0.0,40.0,25.93,0.0,6.0,3340.0,3.0,-4.92,0.09,-1.04,-0.1,8.99,0.82,12.44,482.0,TEST2RR,AKR_TEST2RR,0.0,1.0,1.0,100.0
278640,2,walk,walk,14789,,14789.0,20.0,0.0,0.0,1.0,-2.0,-0.027,-0.731,0.0,40.0,25.93,0.0,6.0,3340.0,3.0,-4.73,0.09,-1.04,-0.1,11.46,0.77,17.48,482.0,TEST2RR,AKR_TEST2RR,0.0,1.0,1.0,100.0
278640,2,walk,walk,14790,,14790.0,20.0,0.0,0.0,1.0,-2.03,-0.032,-0.354,0.0,40.0,25.97,0.0,6.0,3340.0,3.0,-4.37,0.08,-1.04,-0.09,13.77,0.68,21.97,482.0,TEST2RR,AKR_TEST2RR,0.0,1.0,1.0,100.0
278660,2,walk,walk,14791,,14791.0,20.0,0.0,0.0,1.0,-2.05,-0.038,-0.398,0.0,40.0,25.93,0.0,6.0,3340.0,3.0,-3.88,0.07,-1.03,-0.08,15.82,0.58,25.66,482.0,TEST2RR,AKR_TEST2RR,0.0,1.0,1.0,100.0
278680,2,walk,walk,14792,,14792.0,20.0,0.0,0.0,1.0,-2.06,-0.046,-0.679,0.0,40.0,25.93,0.0,6.0,3340.0,3.0,-3.27,0.06,-1.03,-0.08,17.53,0.48,28.48,482.0,TEST2RR,AKR_TEST2RR,0.0,1.0,1.0,100.0
278700,2,walk,walk,14793,,14793.0,20.0,0.0,0.0,1.0,-2.03,-0.055,-0.51,0.0,40.0,25.97,0.0,6.0,3340.0,3.0,-2.58,0.05,-1.03,-0.07,18.85,0.39,30.48,482.0,TEST2RR,AKR_TEST2RR,0.0,1.0,1.0,100.0
278720,2,walk,walk,14794,,14794.0,20.0,0.0,0.0,1.0,-1.97,-0.062,-0.53,0.0,40.0,25.93,0.0,6.0,3340.0,3.0,-1.86,0.03,-1.02,-0.06,19.77,0.31,31.77,482.0,TEST2RR,AKR_TEST2RR,0.0,1.0,1.0,100.0
278740,2,walk,walk,14795,,14795.0,20.0,0.0,0.0,1.0,-1.88,-0.071,-0.814,0.0,40.0,25.97,0.0,6.0,3340.0,3.0,-1.12,0.02,-1.02,-0.05,20.31,0.27,32.48,482.0,TEST2RR,AKR_TEST2RR,0.0,1.0,1.0,100.0
278780,2,walk,walk,14796,,14796.0,20.0,0.0,0.0,1.0,-1.74,-0.081,-0.459,0.0,40.0,25.97,0.0,6.0,3340.0,3.0,-0.38,0.01,-1.02,-0.04,20.53,0.27,32.78,482.0,TEST2RR,AKR_TEST2RR,0.0,1.0,1.0,100.0
278800,2,walk,walk,14797,,14797.0,20.0,0.0,0.0,1.0,-1.56,-0.088,-0.377,0.0,40.0,25.97,0.0,6.0,3340.0,3.0,0.34,-0.01,-1.02,-0.03,20.49,0.29,32.76,482.0,TEST2RR,AKR_TEST2RR,0.0,1.0,1.0,100.0
278820,2,walk,walk,14798,,14798.0,20.0,0.0,0.0,1.0,-1.33,-0.093,-0.299,0.0,40.0,25.93,0.0,6.0,3340.0,3.0,1.05,-0.02,-1.01,-0.02,20.25,0.31,32.46,482.0,TEST2RR,AKR_TEST2RR,0.0,1.0,1.0,100.0
278820,2,walk,walk,14799,,14799.0,20.0,0.0,0.0,1.0,-1.06,-0.099,-0.554,0.0,40.0,25.97,0.0,6.0,3340.0,3.0,1.74,-0.03,-1.01,-0.01,19.84,0.34,31.94,482.0,TEST2RR,AKR_TEST2RR,0.0,1.0,1.0,100.0
278840,2,walk,walk,14800,,14800.0,20.0,0.0,0.0,1.0,-0.74,-0.105,-0.3,0.0,40.0,25.93,0.0,6.0,3340.0,3.0,2.43,-0.04,-1.01,0.0,19.3,0.4,31.24,482.0,TEST2RR,AKR_TEST2RR,0.0,1.0,1.0,100.0
278860,2,walk,walk,14801,,14801.0,20.0,0.0,0.0,1.0,-0.39,-0.109,-0.177,0.0,40.0,25.97,0.0,6.0,3340.0,3.0,3.09,-0.05,-1.01,0.01,18.65,0.46,30.37,482.0,TEST2RR,AKR_TEST2RR,0.0,1.0,1.0,100.0
278880,2,walk,walk,14802,,14802.0,20.0,0.0,0.0,1.0,-0.01,-0.112,-0.151,0.0,40.0,25.97,0.0,6.0,3340.0,3.0,3.74,-0.07,-1.01,0.01,17.89,0.51,29.3,482.0,TEST2RR,AKR_TEST2RR,0.0,1.0,1.0,100.0
278900,2,walk,walk,14803,,14803.0,20.0,0.0,0.0,1.0,0.41,-0.112,-0.005,0.0,40.0,25.93,0.0,6.0,3340.0,3.0,4.37,-0.08,-1.01,0.02,17.06,0.54,28.02,482.0,TEST2RR,AKR_TEST2RR,0.0,1.0,1.0,100.0
278920,2,walk,walk,14804,,14804.0,20.0,0.0,0.0,1.0,0.85,-0.112,0.025,0.0,40.0,25.97,0.0,6.0,3340.0,3.0,4.97,-0.09,-1.01,0.03,16.14,0.56,26.51,482.0,TEST2RR,AKR_TEST2RR,0.0,1.0,1.0,100.0
278940,2,walk,walk,14805,,14805.0,20.0,0.0,6.0,2.0,1.32,-0.112,0.087,0.0,40.0,25.93,0.0,6.0,3340.0,3.0,5.55,-0.1,-1.01,0.03,15.16,0.58,24.77,482.0,TEST2RR,AKR_TEST2RR,0.0,1.0,1.0,100.0
278980,2,walk,walk,14806,,14806.0,20.0,0.0,6.0,2.0,1.8,-0.112,0.019,-0.051,40.0,25.9,0.0,18.0,3340.0,3.0,6.1,-0.11,-1.01,0.04,14.1,0.56,22.56,482.0,TEST2RR,AKR_TEST2RR,0.0,1.0,1.0,100.0
278980,2,walk,walk,14807,,14807.0,20.0,0.0,6.0,2.0,2.29,-0.077,2.7,1.891,40.0,25.79,0.0,18.0,3340.0,3.0,6.64,-0.12,-1.01,0.04,12.96,0.34,19.51,482.0,TEST2RR,AKR_TEST2RR,0.0,1.0,1.0,100.0
279000,2,walk,walk,14808,,14808.0,20.0,0.0,6.0,2.0,2.79,-0.047,1.463,2.448,40.0,25.76,0.0,18.0,3340.0,3.0,7.14,-0.13,-1.0,0.05,11.76,-0.13,15.6,482.0,TEST2RR,AKR_TEST2RR,0.0,1.0,1.0,100.0
279020,2,walk,walk,14809,,14809.0,20.0,1.0,6.0,2.0,3.28,-0.032,0.644,2.417,40.0,25.79,0.0,19.0,3340.0,3.0,7.54,-0.13,-1.0,0.05,10.5,-0.72,11.21,482.0,TEST2RR,AKR_TEST2RR,0.0,1.0,1.0,100.0
279060,2,walk,walk,14810,,14810.0,20.0,0.0,6.0,2.0,3.77,-0.027,0.14,2.717,40.0,25.79,0.0,18.0,3340.0,3.0,7.82,-0.14,-1.0,0.06,9.19,-1.32,6.77,482.0,TEST2RR,AKR_TEST2RR,0.0,1.0,1.0,100.0
279100,2,walk,walk,14811,,14811.0,20.0,1.0,6.0,2.0,4.25,-0.025,0.12,2.667,40.0,25.76,0.0,19.0,3340.0,3.0,7.98,-0.14,-1.0,0.06,7.85,-1.81,2.6,482.0,TEST2RR,AKR_TEST2RR,0.0,1.0,1.0,100.0
279120,2,walk,walk,14812,,14812.0,20.0,1.0,6.0,2.0,4.7,-0.023,0.049,2.551,40.0,25.79,0.0,19.0,3340.0,3.0,8.03,-0.14,-1.0,0.06,6.5,-2.15,-1.06,483.0,TEST2RR,AKR_TEST2RR,0.0,1.0,1.0,100.0
279120,2,walk,walk,14813,,14813.0,20.0,1.0,6.0,2.0,5.13,-0.021,0.194,2.484,40.0,25.83,0.0,19.0,3340.0,3.0,7.98,-0.14,-1.0,0.07,5.2,-2.32,-4.09,483.0,TEST2RR,AKR_TEST2RR,0.0,1.0,1.0,100.0
279140,2,walk,walk,14814,,14814.0,20.0,1.0,6.0,2.0,5.53,-0.02,0.088,2.348,40.0,25.83,0.0,19.0,3340.0,3.0,7.84,-0.14,-1.01,0.07,3.99,-2.34,-6.43,483.0,TEST2RR,AKR_TEST2RR,0.0,1.0,1.0,100.0
279140,2,walk,walk,14815,,14815.0,20.0,1.0,6.0,2.0,5.89,-0.019,0.068,2.212,40.0,25.83,0.0,19.0,3340.0,3.0,7.64,-0.14,-1.01,0.07,2.92,-2.24,-8.1,483.0,TEST2RR,AKR_TEST2RR,0.0,1.0,1.0,100.0
279160,2,walk,walk,14816,,14816.0,20.0,1.0,6.0,2.0,6.22,-0.018,0.068,2.154,40.0,25.83,0.0,19.0,3340.0,3.0,7.39,-0.13,-1.01,0.07,2.05,-2.05,-9.16,483.0,TEST2RR,AKR_TEST2RR,0.0,1.0,1.0,100.0
279180,2,walk,walk,14817,,14817.0,20.0,1.0,6.0,2.0,6.49,-0.018,0.075,2.201,40.0,25.83,0.0,19.0,3340.0,3.0,7.11,-0.13,-1.01,0.07,1.38,-1.8,-9.67,483.0,TEST2RR,AKR_TEST2RR,0.0,1.0,1.0,100.0
279200,2,walk,walk,14818,,14818.0,20.0,1.0,6.0,2.0,6.72,-0.018,0.072,2.18,40.0,25.83,0.0,19.0,3340.0,3.0,6.82,-0.12,-1.01,0.06,0.93,-1.54,-9.71,483.0,TEST2RR,AKR_TEST2RR,0.0,1.0,1.0,100.0
279220,2,walk,walk,14819,,14819.0,20.0,1.0,6.0,2.0,6.91,-0.018,-0.026,2.206,40.0,25.86,0.0,19.0,3340.0,3.0,6.53,-0.12,-1.02,0.06,0.68,-1.3,-9.36,483.0,TEST2RR,AKR_TEST2RR,0.0,1.0,1.0,100.0
279240,2,walk,walk,14820,,14820.0,20.0,1.0,6.0,2.0,7.05,-0.019,-0.017,2.301,40.0,25.83,0.0,19.0,3340.0,3.0,6.25,-0.11,-1.02,0.06,0.62,-1.09,-8.71,483.0,TEST2RR,AKR_TEST2RR,0.0,1.0,1.0,100.0
279300,2,walk,walk,14821,,14821.0,20.0,1.0,6.0,2.0,7.16,-0.019,-0.064,2.328,40.0,25.83,0.0,19.0,3340.0,3.0,5.99,-0.11,-1.02,0.06,0.7,-0.91,-7.84,483.0,TEST2RR,AKR_TEST2RR,0.0,1.0,1.0,100.0
279300,2,walk,walk,14822,,14822.0,20.0,1.0,6.0,2.0,7.22,-0.02,0.044,2.414,40.0,25.83,0.0,19.0,3340.0,3.0,5.76,-0.1,-1.02,0.06,0.89,-0.78,-6.82,483.0,TEST2RR,AKR_TEST2RR,0.0,1.0,1.0,100.0
279300,2,walk,walk,14823,,14823.0,20.0,1.0,6.0,2.0,7.25,-0.02,0.015,2.443,40.0,25.83,0.0,19.0,3340.0,3.0,5.56,-0.1,-1.02,0.05,1.16,-0.68,-5.71,483.0,TEST2RR,AKR_TEST2RR,0.0,1.0,1.0,100.0
279340,2,walk,walk,14824,,14824.0,20.0,1.0,6.0,2.0,7.24,-0.021,-0.044,2.487,40.0,25.83,0.0,19.0,3340.0,3.0,5.39,-0.1,-1.02,0.05,1.46,-0.59,-4.58,483.0,TEST2RR,AKR_TEST2RR,0.0,1.0,1.0,100.0
279340,2,walk,walk,14825,,14825.0,20.0,1.0,6.0,2.0,7.22,-0.021,-0.001,2.449,40.0,25.83,0.0,19.0,3340.0,3.0,5.26,-0.09,-1.02,0.05,1.76,-0.51,-3.49,483.0,TEST2RR,AKR_TEST2RR,0.0,1.0,1.0,100.0
279360,2,walk,walk,14826,,14826.0,20.0,1.0,6.0,2.0,7.17,-0.02,0.029,2.423,40.0,25.83,0.0,19.0,3340.0,3.0,5.17,-0.09,-1.02,0.05,2.05,-0.43,-2.51,483.0,TEST2RR,AKR_TEST2RR,0.0,1.0,1.0,100.0
279400,2,walk,walk,14827,,14827.0,20.0,1.0,6.0,2.0,7.1,-0.02,0.045,2.402,40.0,25.83,0.0,19.0,3340.0,3.0,5.12,-0.09,-1.03,0.05,2.31,-0.33,-1.65,483.0,TEST2RR,AKR_TEST2RR,0.0,1.0,1.0,100.0
279420,2,walk,walk,14828,,14828.0,20.0,1.0,6.0,2.0,7.03,-0.02,0.019,2.347,40.0,25.83,0.0,19.0,3340.0,3.0,5.1,-0.09,-1.02,0.05,2.56,-0.23,-0.96,483.0,TEST2RR,AKR_TEST2RR,0.0,1.0,1.0,100.0
279420,2,walk,walk,14829,,14829.0,20.0,1.0,6.0,2.0,6.94,-0.019,0.084,2.289,40.0,25.83,0.0,19.0,3340.0,3.0,5.1,-0.09,-1.02,0.05,2.78,-0.13,-0.41,483.0,TEST2RR,AKR_TEST2RR,0.0,1.0,1.0,100.0
279460,2,walk,walk,14830,,14830.0,20.0,1.0,6.0,2.0,6.85,-0.019,-0.069,2.299,40.0,25.83,0.0,19.0,3340.0,3.0,5.1,-0.09,-1.02,0.05,3.0,-0.03,0.01,483.0,TEST2RR,AKR_TEST2RR,0.0,1.0,1.0,100.0
279460,2,walk,walk,14831,,14831.0,20.0,1.0,6.0,2.0,6.77,-0.019,-0.075,2.315,40.0,25.83,0.0,19.0,3340.0,3.0,5.1,-0.09,-1.02,0.05,3.24,0.04,0.37,483.0,TEST2RR,AKR_TEST2RR,0.0,1.0,1.0,100.0
279480,2,walk,walk,14832,,14832.0,20.0,1.0,6.0,2.0,6.68,-0.02,0.028,2.367,40.0,25.83,0.0,19.0,3340.0,3.0,5.09,-0.09,-1.02,0.05,3.52,0.07,0.71,483.0,TEST2RR,AKR_TEST2RR,0.0,1.0,1.0,100.0
279520,2,walk,walk,14833,,14833.0,20.0,1.0,6.0,2.0,6.6,-0.021,-0.018,2.534,40.0,25.79,0.0,19.0,3340.0,3.0,5.07,-0.09,-1.02,0.06,3.84,0.03,1.1,483.0,TEST2RR,AKR_TEST2RR,0.0,1.0,1.0,100.0
279520,2,walk,walk,14834,,14834.0,20.0,1.0,6.0,2.0,6.52,-0.022,-0.194,2.742,40.0,25.79,0.0,19.0,3340.0,3.0,5.04,-0.09,-1.02,0.05,4.2,-0.12,1.58,483.0,TEST2RR,AKR_TEST2RR,0.0,1.0,1.0,100.0
279540,2,walk,walk,14835,,14835.0,20.0,1.0,6.0,2.0,6.45,-0.023,-0.073,2.845,40.0,25.76,0.0,19.0,3340.0,3.0,5.01,-0.09,-1.02,0.05,4.58,-0.44,2.19,483.0,TEST2RR,AKR_TEST2RR,0.0,1.0,1.0,100.0
279560,2,walk,walk,14836,,14836.0,20.0,1.0,6.0,2.0,6.38,-0.024,-0.065,2.987,40.0,25.76,0.0,19.0,3340.0,3.0,4.99,-0.09,-1.03,0.05,4.93,-1.05,2.96,483.0,TEST2RR,AKR_TEST2RR,0.0,1.0,1.0,100.0
279600,2,walk,walk,14837,,14837.0,20.0,1.0,6.0,2.0,6.32,-0.025,-0.021,3.085,40.0,25.72,0.0,19.0,3340.0,3.0,4.99,-0.09,-1.03,0.05,5.21,-2.07,3.89,483.0,TEST2RR,AKR_TEST2RR,0.0,1.0,1.0,100.0
279600,2,walk,walk,14838,,14838.0,20.0,1.0,6.0,2.0,6.28,-0.026,-0.029,3.166,40.0,25.76,0.0,19.0,3340.0,3.0,4.99,-0.09,-1.03,0.05,5.38,-3.62,4.98,483.0,TEST2RR,AKR_TEST2RR,0.0,1.0,1.0,100.0
279640,2,walk,walk,14839,,14839.0,20.0,1.0,6.0,2.0,6.24,-0.026,0.04,3.166,40.0,25.72,0.0,19.0,3340.0,3.0,5.01,-0.09,-1.03,0.04,5.41,-5.75,6.25,483.0,TEST2RR,AKR_TEST2RR,0.0,1.0,1.0,100.0
279640,2,walk,walk,14840,,14840.0,20.0,1.0,6.0,2.0,6.21,-0.026,0.01,3.142,40.0,25.76,0.0,19.0,3340.0,3.0,5.04,-0.09,-1.04,0.04,5.28,-8.39,7.69,483.0,TEST2RR,AKR_TEST2RR,0.0,1.0,1.0,100.0
279660,2,walk,walk,14841,,14841.0,20.0,1.0,6.0,2.0,6.19,-0.025,0.025,2.991,40.0,25.76,0.0,19.0,3340.0,3.0,5.09,-0.09,-1.04,0.03,4.95,-11.45,9.25,483.0,TEST2RR,AKR_TEST2RR,0.0,1.0,1.0,100.0
279700,2,walk,walk,14842,,14842.0,20.0,1.0,6.0,2.0,6.19,-0.025,0.05,2.909,40.0,25.76,0.0,19.0,3340.0,3.0,5.16,-0.09,-1.04,0.03,4.38,-14.78,10.85,483.0,TEST2RR,AKR_TEST2RR,0.0,1.0,1.0,100.0
279700,2,walk,walk,14843,,14843.0,20.0,1.0,6.0,2.0,6.2,-0.023,0.113,2.75,40.0,25.76,0.0,19.0,3340.0,3.0,5.26,-0.1,-1.04,0.03,3.55,-18.26,12.33,483.0,TEST2RR,AKR_TEST2RR,0.0,1.0,1.0,100.0
279760,2,walk,walk,14844,,14844.0,20.0,1.0,6.0,2.0,6.22,-0.023,-0.019,2.701,40.0,25.79,0.0,19.0,3340.0,3.0,5.44,-0.1,-1.04,0.03,2.39,-21.85,13.55,483.0,TEST2RR,AKR_TEST2RR,0.0,1.0,1.0,100.0
279760,2,walk,walk,14845,,14845.0,20.0,1.0,6.0,2.0,6.26,-0.023,-0.12,2.802,40.0,25.79,0.0,19.0,3340.0,3.0,5.75,-0.1,-1.03,0.04,0.88,-25.55,14.33,483.0,TEST2RR,AKR_TEST2RR,0.0,1.0,1.0,100.0
279780,2,walk,walk,14846,,14846.0,20.0,1.0,6.0,2.0,6.32,-0.023,-0.062,2.85,40.0,25.76,0.0,19.0,3340.0,3.0,6.21,-0.11,-1.02,0.04,-0.98,-29.36,14.55,483.0,TEST2RR,AKR_TEST2RR,0.0,1.0,1.0,100.0
279800,2,walk,walk,14847,,14847.0,20.0,1.0,6.0,2.0,6.4,-0.025,-0.072,3.016,40.0,25.76,0.0,19.0,3340.0,3.0,6.77,-0.12,-1.01,0.05,-3.06,-33.26,14.14,483.0,TEST2RR,AKR_TEST2RR,0.0,1.0,1.0,100.0
279800,2,walk,walk,14848,,14848.0,20.0,1.0,6.0,2.0,6.49,-0.026,-0.15,3.204,40.0,25.72,0.0,19.0,3340.0,3.0,7.35,-0.13,-1.0,0.05,-5.15,-37.11,13.17,483.0,TEST2RR,AKR_TEST2RR,0.0,1.0,1.0,100.0
279820,2,walk,walk,14849,,14849.0,20.0,1.0,6.0,2.0,6.6,-0.027,-0.091,3.228,40.0,25.72,0.0,19.0,3340.0,3.0,7.84,-0.14,-1.0,0.05,-6.95,-40.65,11.83,483.0,TEST2RR,AKR_TEST2RR,0.0,1.0,1.0,100.0
279840,2,walk,walk,14850,,14850.0,20.0,1.0,6.0,2.0,6.73,-0.027,-0.018,3.293,40.0,25.72,0.0,19.0,3340.0,3.0,8.13,-0.14,-1.0,0.05,-8.18,-43.61,10.42,483.0,TEST2RR,AKR_TEST2RR,0.0,1.0,1.0,100.0
279880,2,walk,walk,14851,,14851.0,20.0,1.0,6.0,2.0,6.87,-0.027,-0.045,3.244,40.0,25.72,0.0,19.0,3340.0,3.0,8.16,-0.14,-1.0,0.05,-8.67,-45.73,9.25,483.0,TEST2RR,AKR_TEST2RR,0.0,1.0,1.0,100.0
279900,2,walk,walk,14852,,14852.0,20.0,1.0,6.0,2.0,7.02,-0.027,0.053,3.074,40.0,25.72,0.0,19.0,3340.0,3.0,7.95,-0.14,-1.01,0.05,-8.4,-46.86,8.58,483.0,TEST2RR,AKR_TEST2RR,0.0,1.0,1.0,100.0
279920,2,walk,walk,14853,,14853.0,20.0,1.0,6.0,2.0,7.18,-0.025,0.228,2.835,40.0,25.76,0.0,19.0,3340.0,3.0,7.54,-0.14,-1.02,0.05,-7.49,-46.92,8.56,483.0,TEST2RR,AKR_TEST2RR,0.0,1.0,1.0,100.0
279920,2,walk,walk,14854,,14854.0,20.0,1.0,6.0,2.0,7.35,-0.022,0.127,2.477,40.0,25.79,0.0,19.0,3340.0,3.0,6.99,-0.13,-1.03,0.05,-6.08,-45.88,9.21,483.0,TEST2RR,AKR_TEST2RR,0.0,1.0,1.0,100.0
279940,2,walk,walk,14855,,14855.0,20.0,1.0,6.0,2.0,7.53,-0.019,0.287,1.957,40.0,25.83,0.0,19.0,3340.0,3.0,6.34,-0.12,-1.05,0.06,-4.37,-43.63,10.45,483.0,TEST2RR,AKR_TEST2RR,0.0,1.0,1.0,100.0
279960,2,walk,walk,14856,,14856.0,20.0,1.0,6.0,2.0,7.7,-0.013,0.377,1.269,40.0,25.9,0.0,19.0,3340.0,3.0,5.64,-0.11,-1.06,0.07,-2.54,-40.07,12.11,483.0,TEST2RR,AKR_TEST2RR,0.0,1.0,1.0,100.0
279980,2,walk,walk,14857,,14857.0,20.0,1.0,6.0,2.0,7.88,-0.007,0.275,0.778,40.0,25.9,0.0,19.0,3340.0,3.0,4.94,-0.09,-1.08,0.07,-0.74,-35.08,14.01,483.0,TEST2RR,AKR_TEST2RR,0.0,1.0,1.0,100.0
280020,2,walk,walk,14858,,14858.0,20.0,1.0,6.0,2.0,8.06,-0.005,0.06,0.493,40.0,25.93,0.0,19.0,3340.0,3.0,4.29,-0.08,-1.08,0.09,0.92,-28.67,15.9,483.0,TEST2RR,AKR_TEST2RR,0.0,1.0,1.0,100.0
280020,2,walk,walk,14859,,14859.0,20.0,1.0,6.0,2.0,8.24,-0.004,0.081,0.292,40.0,25.93,0.0,19.0,3340.0,3.0,3.76,-0.07,-1.09,0.1,2.44,-21.02,17.48,483.0,TEST2RR,AKR_TEST2RR,0.0,1.0,1.0,100.0
280060,2,walk,walk,14860,,14860.0,20.0,1.0,6.0,2.0,8.42,-0.003,0.058,0.252,40.0,25.93,0.0,19.0,3340.0,3.0,3.43,-0.06,-1.08,0.11,3.81,-12.6,18.43,484.0,TEST2RR,AKR_TEST2RR,0.0,1.0,1.0,100.0
280060,2,walk,walk,14861,,14861.0,20.0,1.0,6.0,2.0,8.6,-0.003,0.049,0.297,40.0,25.93,0.0,19.0,3340.0,3.0,3.37,-0.06,-1.07,0.12,5.08,-4.07,18.52,484.0,TEST2RR,AKR_TEST2RR,0.0,1.0,1.0,100.0
280080,2,walk,walk,14862,,14862.0,20.0,1.0,6.0,2.0,8.78,-0.003,0.032,0.196,40.0,25.93,0.0,19.0,3340.0,3.0,3.64,-0.07,-1.06,0.13,6.27,3.89,17.59,484.0,TEST2RR,AKR_TEST2RR,0.0,1.0,1.0,100.0
280100,2,walk,walk,14863,,14863.0,20.0,1.0,6.0,2.0,8.96,-0.003,-0.015,0.273,40.0,25.93,0.0,19.0,3340.0,3.0,4.28,-0.08,-1.04,0.13,7.4,10.74,15.66,484.0,TEST2RR,AKR_TEST2RR,0.0,1.0,1.0,100.0
280120,2,walk,walk,14864,,14864.0,20.0,0.0,6.0,2.0,9.14,-0.003,0.006,0.323,40.0,25.93,0.0,18.0,3340.0,3.0,5.3,-0.09,-1.02,0.14,8.45,16.15,12.84,484.0,TEST2RR,AKR_TEST2RR,0.0,1.0,1.0,100.0
280140,2,walk,walk,14865,,14865.0,20.0,1.0,6.0,2.0,9.33,-0.003,-0.042,0.275,40.0,25.93,0.0,19.0,3340.0,3.0,6.67,-0.12,-1.0,0.14,9.39,20.04,9.36,484.0,TEST2RR,AKR_TEST2RR,0.0,1.0,1.0,100.0
280180,2,walk,walk,14866,,14866.0,20.0,1.0,6.0,2.0,9.51,-0.003,-0.033,0.292,40.0,25.93,0.0,19.0,3340.0,3.0,8.35,-0.14,-0.97,0.14,10.17,22.49,5.5,484.0,TEST2RR,AKR_TEST2RR,0.0,1.0,1.0,100.0
280200,2,walk,walk,14867,,14867.0,20.0,1.0,6.0,2.0,9.7,-0.003,-0.037,0.269,40.0,25.93,0.0,19.0,3340.0,3.0,10.25,-0.17,-0.95,0.14,10.75,23.71,1.53,484.0,TEST2RR,AKR_TEST2RR,0.0,1.0,1.0,100.0
280200,2,walk,walk,14868,,14868.0,20.0,1.0,0.0,5.0,9.87,-0.003,-0.038,0.26,40.0,25.93,0.0,19.0,3340.0,3.0,12.26,-0.2,-0.93,0.14,11.12,23.9,-2.32,484.0,TEST2RR,AKR_TEST2RR,0.0,1.0,1.0,100.0
280240,2,walk,walk,14869,,14869.0,20.0,0.0,0.0,6.0,10.04,-0.002,0.088,0.257,40.0,25.93,0.0,19.0,3340.0,3.0,14.28,-0.23,-0.91,0.14,11.28,23.33,-5.86,484.0,TEST2RR,AKR_TEST2RR,0.0,1.0,1.0,100.0
280240,2,walk,walk,14870,,14870.0,20.0,0.0,0.0,6.0,10.19,-0.002,0.088,0.257,40.0,25.93,0.0,39.0,3340.0,3.0,16.2,-0.26,-0.89,0.14,11.16,22.15,-9.05,484.0,TEST2RR,AKR_TEST2RR,0.0,1.0,1.0,100.0
280260,2,walk,walk,14871,,14871.0,20.0,0.0,0.0,6.0,10.33,-0.002,0.088,0.257,40.0,25.93,0.0,59.0,3340.0,3.0,17.87,-0.28,-0.88,0.13,10.68,20.38,-11.81,484.0,TEST2RR,AKR_TEST2RR,0.0,1.0,1.0,100.0
280280,2,walk,walk,14872,,14872.0,20.0,0.0,0.0,6.0,10.45,-0.064,-8.178,0.0,40.0,25.97,0.0,4.0,3340.0,3.0,19.08,-0.3,-0.88,0.12,9.75,17.92,-14.15,484.0,TEST2RR,AKR_TEST2RR,0.0,1.0,1.0,100.0
280300,2,walk,walk,14873,,14873.0,20.0,0.0,0.0,6.0,10.56,-0.068,0.878,0.0,40.0,25.97,0.0,4.0,3340.0,3.0,19.57,-0.31,-0.88,0.1,8.63,14.69,-16.18,484.0,TEST2RR,AKR_TEST2RR,0.0,1.0,1.0,100.0
280320,2,walk,walk,14874,,14874.0,20.0,0.0,0.0,6.0,10.64,-0.053,0.816,0.0,40.0,25.97,0.0,4.0,3340.0,3.0,19.18,-0.31,-0.9,0.09,7.57,11.06,-17.89,484.0,TEST2RR,AKR_TEST2RR,0.0,1.0,1.0,100.0
280340,2,walk,walk,14875,,14875.0,20.0,0.0,0.0,6.0,10.71,-0.051,-0.304,0.0,40.0,25.93,0.0,4.0,3340.0,3.0,17.98,-0.3,-0.92,0.07,6.65,7.45,-18.89,484.0,TEST2RR,AKR_TEST2RR,0.0,1.0,1.0,100.0
280380,2,walk,walk,14876,,14876.0,20.0,0.0,0.0,7.0,10.75,-0.065,-1.035,0.0,40.0,25.93,0.0,4.0,3340.0,3.0,16.19,-0.27,-0.94,0.06,5.88,4.19,-18.81,484.0,TEST2RR,AKR_TEST2RR,0.0,1.0,1.0,100.0
280380,2,walk,walk,14877,,14877.0,20.0,0.0,0.0,7.0,10.76,-0.081,-0.69,0.0,40.0,25.97,0.0,4.0,3340.0,3.0,14.12,-0.24,-0.97,0.05,5.13,1.34,-17.48,484.0,TEST2RR,AKR_TEST2RR,0.0,1.0,1.0,100.0
280400,2,walk,walk,14878,,14878.0,20.0,0.0,0.0,7.0,10.75,-0.082,0.15,0.0,40.0,25.97,0.0,4.0,3340.0,3.0,12.01,-0.21,-1.0,0.05,4.3,-1.16,-15.07,484.0,TEST2RR,AKR_TEST2RR,0.0,1.0,1.0,100.0
280420,2,walk,walk,14879,,14879.0,20.0,0.0,0.0,7.0,10.72,-0.075,0.708,0.0,40.0,25.93,0.0,4.0,3340.0,3.0,10.03,-0.18,-1.02,0.04,3.33,-3.44,-11.83,484.0,TEST2RR,AKR_TEST2RR,0.0,1.0,1.0,100.0
280440,2,walk,walk,14880,,14880.0,20.0,0.0,0.0,7.0,10.66,-0.06,1.346,0.0,40.0,25.97,0.0,4.0,3340.0,3.0,8.29,-0.15,-1.05,0.04,2.25,-5.51,-8.14,484.0,TEST2RR,AKR_TEST2RR,0.0,1.0,1.0,100.0
280460,2,walk,walk,14881,,14881.0,20.0,0.0,0.0,7.0,10.58,-0.043,0.833,0.0,40.0,25.97,0.0,4.0,3340.0,3.0,6.84,-0.13,-1.07,0.04,1.1,-7.38,-4.45,484.0,TEST2RR,AKR_TEST2RR,0.0,1.0,1.0,100.0
280480,2,walk,walk,14882,,14882.0,20.0,0.0,0.0,1.0,10.49,-0.031,0.571,0.0,40.0,25.93,0.0,4.0,3340.0,3.0,5.7,-0.11,-1.08,0.04,-0.09,-9.0,-1.05,484.0,TEST2RR,AKR_TEST2RR,0.0,1.0,1.0,100.0
280500,2,walk,walk,14883,,14883.0,20.0,0.0,0.0,1.0,10.38,-0.026,0.092,0.0,40.0,25.93,0.0,4.0,3340.0,3.0,4.89,-0.09,-1.09,0.04,-1.31,-10.3,1.83,484.0,TEST2RR,AKR_TEST2RR,0.0,1.0,1.0,100.0
280520,2,walk,walk,14884,,14884.0,20.0,0.0,0.0,1.0,10.26,-0.026,0.021,0.0,40.0,25.97,0.0,4.0,3340.0,3.0,4.41,-0.08,-1.09,0.05,-2.58,-11.2,4.09,484.0,TEST2RR,AKR_TEST2RR,0.0,1.0,1.0,100.0
280540,2,walk,walk,14885,,14885.0,20.0,0.0,0.0,1.0,10.13,-0.026,0.092,0.0,40.0,25.93,0.0,4.0,3340.0,3.0,4.25,-0.08,-1.08,0.05,-3.88,-11.71,5.65,484.0,TEST2RR,AKR_TEST2RR,0.0,1.0,1.0,100.0
280560,2,walk,walk,14886,,14886.0,20.0,0.0,0.0,1.0,10.0,-0.025,0.117,0.0,40.0,25.93,0.0,4.0,3340.0,3.0,4.39,-0.08,-1.07,0.05,-5.18,-11.89,6.48,484.0,TEST2RR,AKR_TEST2RR,0.0,1.0,1.0,100.0
280580,2,walk,walk,14887,,14887.0,20.0,0.0,0.0,1.0,9.88,-0.022,0.257,0.0,40.0,25.97,0.0,4.0,3340.0,3.0,4.84,-0.09,-1.05,0.06,-6.47,-11.88,6.55,484.0,TEST2RR,AKR_TEST2RR,0.0,1.0,1.0,100.0
280600,2,walk,walk,14888,,14888.0,20.0,0.0,0.0,1.0,9.76,-0.024,-0.579,0.0,40.0,25.93,0.0,4.0,3340.0,3.0,5.61,-0.1,-1.03,0.06,-7.76,-11.85,5.87,484.0,TEST2RR,AKR_TEST2RR,0.0,1.0,1.0,100.0
280620,2,walk,walk,14889,,14889.0,20.0,0.0,0.0,1.0,9.66,-0.037,-0.925,0.0,40.0,25.97,0.0,4.0,3340.0,3.0,6.71,-0.12,-1.0,0.06,-9.0,-11.96,4.54,484.0,TEST2RR,AKR_TEST2RR,0.0,1.0,1.0,100.0
280640,2,walk,walk,14890,,14890.0,20.0,0.0,0.0,1.0,9.56,-0.058,-1.386,0.0,40.0,25.97,0.0,4.0,3340.0,3.0,8.0,-0.14,-0.98,0.06,-10.15,-12.32,2.68,484.0,TEST2RR,AKR_TEST2RR,0.0,1.0,1.0,100.0
280660,2,walk,walk,14891,,14891.0,20.0,0.0,0.0,1.0,9.48,-0.056,1.215,0.0,40.0,25.93,0.0,4.0,3340.0,3.0,9.19,-0.16,-0.97,0.07,-11.18,-13.04,0.45,484.0,TEST2RR,AKR_TEST2RR,0.0,1.0,1.0,100.0
280720,2,walk,walk,14892,,14892.0,20.0,1.0,0.0,1.0,9.41,-0.041,0.762,0.0,40.0,25.93,0.0,5.0,3340.0,3.0,10.0,-0.17,-0.96,0.07,-11.97,-14.07,-2.12,484.0,TEST2RR,AKR_TEST2RR,0.0,1.0,1.0,100.0
280720,2,walk,walk,14893,,14893.0,20.0,1.0,0.0,1.0,9.35,-0.035,-0.138,0.0,40.0,25.93,0.0,5.0,3340.0,3.0,10.31,-0.17,-0.96,0.07,-12.45,-15.17,-4.83,484.0,TEST2RR,AKR_TEST2RR,0.0,1.0,1.0,100.0
280740,2,walk,walk,14894,,14894.0,20.0,1.0,0.0,1.0,9.3,-0.037,-0.061,0.0,40.0,25.97,0.0,5.0,3340.0,3.0,10.14,-0.17,-0.97,0.07,-12.61,-16.06,-7.29,484.0,TEST2RR,AKR_TEST2RR,0.0,1.0,1.0,100.0
280760,2,walk,walk,14895,,14895.0,20.0,1.0,6.0,2.0,9.25,-0.041,-0.385,0.0,40.0,25.97,0.0,5.0,3340.0,3.0,9.61,-0.17,-0.98,0.07,-12.47,-16.6,-9.14,484.0,TEST2RR,AKR_TEST2RR,0.0,1.0,1.0,100.0
280760,2,walk,walk,14896,,14896.0,20.0,0.0,6.0,2.0,9.21,-0.043,-0.722,0.115,40.0,25.93,0.0,18.0,3340.0,3.0,8.85,-0.15,-0.99,0.07,-12.02,-16.68,-10.15,484.0,TEST2RR,AKR_TEST2RR,0.0,1.0,1.0,100.0
280780,2,walk,walk,14897,,14897.0,20.0,0.0,6.0,2.0,9.17,-0.031,0.859,1.068,40.0,25.9,0.0,18.0,3340.0,3.0,7.99,-0.14,-1.0,0.07,-11.24,-16.37,-10.41,484.0,TEST2RR,AKR_TEST2RR,0.0,1.0,1.0,100.0
280800,2,walk,walk,14898,,14898.0,20.0,0.0,6.0,2.0,9.12,-0.021,0.438,1.279,40.0,25.9,0.0,18.0,3340.0,3.0,7.11,-0.13,-1.02,0.07,-10.17,-15.75,-10.04,484.0,TEST2RR,AKR_TEST2RR,0.0,1.0,1.0,100.0
280820,2,walk,walk,14899,,14899.0,20.0,0.0,6.0,2.0,9.06,-0.015,0.33,1.312,40.0,25.9,0.0,18.0,3340.0,3.0,6.26,-0.11,-1.03,0.07,-8.84,-14.93,-9.11,484.0,TEST2RR,AKR_TEST2RR,0.0,1.0,1.0,100.0
280860,2,walk,walk,14900,,14900.0,20.0,0.0,6.0,2.0,8.99,-0.012,0.148,1.202,40.0,25.9,0.0,18.0,3340.0,3.0,5.45,-0.1,-1.05,0.06,-7.31,-13.91,-7.64,484.0,TEST2RR,AKR_TEST2RR,0.0,1.0,1.0,100.0
280860,2,walk,walk,14901,,14901.0,20.0,1.0,6.0,2.0,8.91,-0.01,0.135,1.079,40.0,25.9,0.0,19.0,3340.0,3.0,4.69,-0.09,-1.06,0.06,-5.59,-12.64,-5.61,484.0,TEST2RR,AKR_TEST2RR,0.0,1.0,1.0,100.0
280880,2,walk,walk,14902,,14902.0,20.0,1.0,6.0,2.0,8.82,-0.008,0.21,0.892,40.0,25.93,0.0,19.0,3340.0,3.0,3.95,-0.07,-1.07,0.06,-3.68,-11.03,-2.97,484.0,TEST2RR,AKR_TEST2RR,0.0,1.0,1.0,100.0
280920,2,walk,walk,14903,,14903.0,20.0,1.0,6.0,2.0,8.72,-0.006,0.242,0.529,40.0,25.93,0.0,19.0,3340.0,3.0,3.25,-0.06,-1.08,0.06,-1.57,-9.05,0.31,484.0,TEST2RR,AKR_TEST2RR,0.0,1.0,1.0,100.0
280920,2,walk,walk,14904,,14904.0,20.0,1.0,6.0,2.0,8.61,-0.004,0.089,0.161,40.0,25.93,0.0,19.0,3340.0,3.0,2.61,-0.05,-1.1,0.06,0.74,-6.72,4.22,484.0,TEST2RR,AKR_TEST2RR,0.0,1.0,1.0,100.0
280940,2,walk,walk,14905,,14905.0,20.0,1.0,6.0,2.0,8.5,-0.001,0.283,-0.403,39.0,25.93,0.0,19.0,3340.0,3.0,2.04,-0.04,-1.11,0.06,3.23,-4.08,8.67,484.0,TEST2RR,AKR_TEST2RR,0.0,1.0,1.0,100.0
280960,2,walk,walk,14906,,14906.0,20.0,1.0,6.0,2.0,8.38,0.003,0.236,-0.798,39.0,25.93,0.0,19.0,3340.0,3.0,1.58,-0.03,-1.12,0.06,5.91,-1.09,13.53,484.0,TEST2RR,AKR_TEST2RR,0.0,1.0,1.0,100.0
280980,2,walk,walk,14907,,14907.0,20.0,1.0,6.0,2.0,8.27,0.006,0.193,-1.053,39.0,25.9,0.0,19.0,3340.0,3.0,1.25,-0.02,-1.14,0.06,8.81,2.33,18.55,484.0,TEST2RR,AKR_TEST2RR,0.0,1.0,1.0,100.0
281040,2,walk,walk,14908,,14908.0,20.0,1.0,6.0,2.0,8.17,0.009,0.077,-1.21,39.0,25.9,0.0,19.0,3340.0,3.0,1.05,-0.02,-1.14,0.06,11.92,6.29,23.38,484.0,TEST2RR,AKR_TEST2RR,0.0,1.0,1.0,100.0
281040,2,walk,walk,14909,,14909.0,20.0,1.0,6.0,2.0,8.09,0.008,-0.046,-1.058,39.0,25.9,0.0,19.0,3340.0,3.0,0.99,-0.02,-1.14,0.06,15.2,10.9,27.61,484.0,TEST2RR,AKR_TEST2RR,0.0,1.0,1.0,100.0
281040,2,walk,walk,14910,,14910.0,20.0,1.0,6.0,2.0,8.03,0.007,-0.13,-0.97,39.0,25.93,0.0,19.0,3340.0,3.0,1.05,-0.02,-1.14,0.06,18.56,16.08,30.87,484.0,TEST2RR,AKR_TEST2RR,0.0,1.0,1.0,100.0
281060,2,walk,walk,14911,,14911.0,20.0,1.0,6.0,2.0,8.01,0.007,-0.091,-0.814,39.0,25.93,0.0,19.0,3340.0,3.0,1.21,-0.02,-1.13,0.07,21.92,21.66,32.87,484.0,TEST2RR,AKR_TEST2RR,0.0,1.0,1.0,100.0
281080,2,walk,walk,14912,,14912.0,20.0,1.0,6.0,2.0,8.02,0.005,-0.065,-0.616,39.0,25.93,0.0,19.0,3340.0,3.0,1.46,-0.03,-1.11,0.07,25.17,27.39,33.45,484.0,TEST2RR,AKR_TEST2RR,0.0,1.0,1.0,100.0
281100,2,walk,walk,14913,,14913.0,20.0,0.0,6.0,2.0,8.07,0.004,-0.123,-0.526,39.0,25.93,0.0,18.0,3340.0,3.0,1.78,-0.03,-1.09,0.07,28.19,33.05,32.52,484.0,TEST2RR,AKR_TEST2RR,0.0,1.0,1.0,100.0
281120,2,walk,walk,14914,,14914.0,20.0,0.0,6.0,2.0,8.15,0.004,0.018,-0.378,39.0,25.93,0.0,18.0,3340.0,3.0,2.16,-0.04,-1.06,0.07,30.85,38.55,30.09,484.0,TEST2RR,AKR_TEST2RR,0.0,1.0,1.0,100.0
281140,2,walk,walk,14915,,14915.0,20.0,1.0,6.0,2.0,8.28,0.002,-0.182,-0.294,39.0,25.93,0.0,19.0,3340.0,3.0,2.59,-0.05,-1.03,0.07,33.06,43.88,26.24,484.0,TEST2RR,AKR_TEST2RR,0.0,1.0,1.0,100.0
281200,2,walk,walk,14916,,14916.0,20.0,1.0,6.0,2.0,8.45,0.002,0.007,-0.123,39.0,25.93,0.0,19.0,3340.0,3.0,3.08,-0.05,-1.0,0.07,34.71,49.22,21.14,485.0,TEST2RR,AKR_TEST2RR,0.0,1.0,1.0,100.0
281200,2,walk,walk,14917,,14917.0,20.0,1.0,6.0,2.0,8.65,0.001,-0.16,-0.061,39.0,25.93,0.0,19.0,3340.0,3.0,3.66,-0.06,-0.96,0.06,35.75,54.79,15.05,485.0,TEST2RR,AKR_TEST2RR,0.0,1.0,1.0,100.0
281200,2,walk,walk,14918,,14918.0,20.0,1.0,1.0,5.0,8.87,0.0,-0.104,0.003,39.0,25.93,0.0,19.0,3340.0,4.0,4.38,-0.07,-0.93,0.06,36.1,60.83,8.27,485.0,TEST2RR,AKR_TEST2RR,0.0,1.0,1.0,100.0
281220,2,walk,walk,14919,,14919.0,20.0,0.0,1.0,5.0,9.11,0.0,-0.026,-0.018,39.0,25.86,0.0,19.0,3340.0,4.0,5.36,-0.08,-0.89,0.05,35.66,67.76,1.22,485.0,TEST2RR,AKR_TEST2RR,0.0,1.0,1.0,100.0
281240,2,walk,walk,14920,,14920.0,20.0,0.0,1.0,6.0,9.35,-0.039,-3.483,-1.287,39.0,25.83,0.0,19.0,3340.0,4.0,6.75,-0.1,-0.86,0.05,34.38,75.58,-5.48,485.0,TEST2RR,AKR_TEST2RR,0.0,1.0,1.0,100.0
281260,2,walk,walk,14921,,14921.0,20.0,0.0,1.0,6.0,9.58,-0.089,-2.976,-1.496,39.0,25.79,0.0,19.0,3340.0,4.0,8.66,-0.13,-0.83,0.04,32.32,83.9,-11.45,485.0,TEST2RR,AKR_TEST2RR,0.0,1.0,1.0,100.0
281280,2,walk,walk,14922,,14922.0,20.0,0.0,1.0,6.0,9.8,-0.131,-2.643,-1.945,39.0,25.76,0.0,19.0,3340.0,4.0,11.11,-0.16,-0.81,0.03,29.56,91.94,-16.49,485.0,TEST2RR,AKR_TEST2RR,0.0,1.0,1.0,100.0
281300,2,walk,walk,14923,,14923.0,20.0,0.0,1.0,6.0,10.0,-0.165,-1.736,-2.895,39.0,25.69,0.0,19.0,3340.0,4.0,13.76,-0.2,-0.8,0.01,26.22,98.86,-20.28,485.0,TEST2RR,AKR_TEST2RR,0.0,1.0,1.0,100.0
281320,2,walk,walk,14924,,14924.0,20.0,0.0,1.0,6.0,10.16,-0.184,-1.212,-4.009,39.0,25.54,0.0,19.0,3340.0,4.0,16.22,-0.23,-0.8,0.0,22.94,103.65,-22.47,485.0,TEST2RR,AKR_TEST2RR,0.0,1.0,1.0,100.0
281340,2,walk,walk,14925,,14925.0,20.0,0.0,1.0,6.0,10.28,-0.199,-0.714,-4.889,39.0,25.44,0.0,19.0,3340.0,4.0,18.14,-0.27,-0.82,0.0,20.08,105.57,-22.98,485.0,TEST2RR,AKR_TEST2RR,0.0,1.0,1.0,100.0
281380,2,walk,walk,14926,,14926.0,20.0,0.0,3.0,7.0,10.37,-0.212,-0.861,-4.855,39.0,25.44,0.0,19.0,3340.0,4.0,19.33,-0.3,-0.85,0.0,17.61,104.53,-21.89,485.0,TEST2RR,AKR_TEST2RR,0.0,1.0,1.0,100.0
281380,2,walk,walk,14927,,14927.0,20.0,0.0,3.0,7.0,10.41,-0.224,-0.955,-4.593,39.0,25.47,0.0,19.0,3340.0,4.0,19.83,-0.32,-0.88,0.0,15.29,100.93,-19.38,485.0,TEST2RR,AKR_TEST2RR,0.0,1.0,1.0,100.0
281400,2,walk,walk,14928,,14928.0,20.0,0.0,3.0,7.0,10.42,-0.236,-0.626,-4.458,39.0,25.51,0.0,19.0,3340.0,4.0,19.8,-0.33,-0.92,0.02,12.95,95.35,-15.61,485.0,TEST2RR,AKR_TEST2RR,0.0,1.0,1.0,100.0
281440,2,walk,walk,14929,,14929.0,20.0,1.0,3.0,7.0,10.39,-0.246,-0.597,-4.271,39.0,25.58,0.0,20.0,3340.0,4.0,19.43,-0.33,-0.95,0.03,10.61,88.37,-10.9,485.0,TEST2RR,AKR_TEST2RR,0.0,1.0,1.0,100.0
281440,2,walk,walk,14930,,14930.0,20.0,0.0,3.0,7.0,10.34,-0.252,-0.26,-3.893,39.0,25.65,0.0,19.0,3340.0,4.0,18.88,-0.33,-0.97,0.05,8.45,80.41,-5.72,485.0,TEST2RR,AKR_TEST2RR,0.0,1.0,1.0,100.0
281460,2,walk,walk,14931,,14931.0,20.0,0.0,0.0,1.0,10.27,-0.253,0.057,-3.148,39.0,25.79,0.0,19.0,3340.0,4.0,18.27,-0.33,-1.0,0.06,6.5,71.9,-0.52,485.0,TEST2RR,AKR_TEST2RR,0.0,1.0,1.0,100.0
281480,2,walk,walk,14932,,14932.0,20.0,0.0,0.0,1.0,10.19,-0.246,0.741,-2.266,39.0,25.79,0.0,19.0,3340.0,4.0,17.72,-0.32,-1.01,0.07,4.73,62.56,3.96,485.0,TEST2RR,AKR_TEST2RR,0.0,1.0,1.0,100.0
281520,2,walk,walk,14933,,14933.0,20.0,0.0,0.0,1.0,10.12,-0.246,0.741,-2.266,39.0,25.79,0.0,39.0,3340.0,4.0,17.3,-0.32,-1.03,0.08,3.2,52.66,6.91,485.0,TEST2RR,AKR_TEST2RR,0.0,1.0,1.0,100.0
281520,2,walk,walk,14934,,14934.0,20.0,0.0,0.0,1.0,10.05,-0.246,0.741,-2.266,39.0,25.79,0.0,59.0,3340.0,4.0,17.09,-0.32,-1.03,0.08,1.95,42.71,8.36,485.0,TEST2RR,AKR_TEST2RR,0.0,1.0,1.0,100.0
281540,2,walk,walk,14935,,14935.0,20.0,0.0,0.0,1.0,10.0,-0.181,17.94,0.0,39.0,25.93,0.0,2.0,3340.0,4.0,17.12,-0.32,-1.03,0.09,0.97,33.22,8.87,485.0,TEST2RR,AKR_TEST2RR,0.0,1.0,1.0,100.0
281560,2,walk,walk,14936,,14936.0,20.0,0.0,0.0,1.0,9.97,-0.197,0.483,0.0,39.0,25.93,0.0,2.0,3340.0,4.0,17.23,-0.32,-1.03,0.09,0.17,24.49,8.93,485.0,TEST2RR,AKR_TEST2RR,0.0,1.0,1.0,100.0
281580,2,walk,walk,14937,,14937.0,20.0,0.0,0.0,1.0,9.96,-0.185,0.17,0.0,39.0,25.97,0.0,2.0,3340.0,4.0,17.36,-0.32,-1.02,0.09,-0.49,16.85,8.61,485.0,TEST2RR,AKR_TEST2RR,0.0,1.0,1.0,100.0
281600,2,walk,walk,14938,,14938.0,20.0,0.0,0.0,1.0,9.99,-0.187,-0.061,0.0,39.0,25.93,0.0,2.0,3340.0,4.0,17.44,-0.32,-1.01,0.1,-1.09,10.39,7.95,485.0,TEST2RR,AKR_TEST2RR,0.0,1.0,1.0,100.0
281620,2,walk,walk,14939,,14939.0,20.0,0.0,0.0,1.0,10.04,-0.188,-0.283,0.0,39.0,25.93,0.0,2.0,3340.0,4.0,17.38,-0.31,-1.0,0.1,-1.72,5.15,7.11,485.0,TEST2RR,AKR_TEST2RR,0.0,1.0,1.0,100.0
281660,2,walk,walk,14940,,14940.0,20.0,0.0,0.0,1.0,10.12,-0.194,-0.526,0.0,39.0,25.97,0.0,2.0,3340.0,4.0,17.17,-0.31,-1.0,0.11,-2.4,1.09,6.33,485.0,TEST2RR,AKR_TEST2RR,0.0,1.0,1.0,100.0
281680,2,walk,walk,14941,,14941.0,20.0,0.0,0.0,1.0,10.23,-0.204,-0.745,0.0,39.0,25.93,0.0,2.0,3340.0,4.0,16.84,-0.3,-1.0,0.11,-3.15,-1.86,5.86,485.0,TEST2RR,AKR_TEST2RR,0.0,1.0,1.0,100.0
281700,2,walk,walk,14942,,14942.0,20.0,0.0,6.0,2.0,10.36,-0.21,-0.131,0.0,39.0,25.93,0.0,2.0,3340.0,4.0,16.46,-0.29,-0.99,0.12,-3.95,-3.83,5.77,485.0,TEST2RR,AKR_TEST2RR,0.0,1.0,1.0,100.0
281700,2,walk,walk,14943,,14943.0,20.0,0.0,6.0,2.0,10.51,-0.211,-0.288,0.001,39.0,25.86,0.0,18.0,3340.0,4.0,16.11,-0.29,-0.99,0.12,-4.78,-5.76,5.62,485.0,TEST2RR,AKR_TEST2RR,0.0,1.0,1.0,100.0
281720,2,walk,walk,14944,,14944.0,20.0,0.0,6.0,2.0,10.67,-0.146,4.927,3.672,39.0,25.37,0.0,18.0,3340.0,4.0,15.88,-0.28,-0.99,0.12,-5.63,-8.0,4.44,485.0,TEST2RR,AKR_TEST2RR,0.0,1.0,1.0,100.0
281740,2,walk,walk,14945,,14945.0,20.0,0.0,6.0,2.0,10.84,-0.092,2.473,5.123,39.0,25.26,0.0,18.0,3340.0,4.0,15.71,-0.28,-0.99,0.12,-6.43,-10.48,1.95,485.0,TEST2RR,AKR_TEST2RR,0.0,1.0,1.0,100.0
281760,2,walk,walk,14946,,14946.0,20.0,0.0,6.0,2.0,11.02,-0.069,0.865,6.064,39.0,25.16,0.0,18.0,3340.0,4.0,15.53,-0.28,-0.99,0.12,-7.14,-12.85,-1.42,485.0,TEST2RR,AKR_TEST2RR,0.0,1.0,1.0,100.0
281780,2,walk,walk,14947,,14947.0,20.0,0.0,6.0,2.0,11.2,-0.064,0.187,6.976,39.0,25.02,0.0,18.0,3340.0,4.0,15.32,-0.27,-0.99,0.11,-7.79,-14.83,-5.09,485.0,TEST2RR,AKR_TEST2RR,0.0,1.0,1.0,100.0
281800,2,walk,walk,14948,,14948.0,20.0,0.0,6.0,2.0,11.38,-0.061,0.127,7.122,39.0,24.98,0.0,18.0,3340.0,4.0,15.06,-0.27,-0.99,0.11,-8.4,-16.21,-8.58,485.0,TEST2RR,AKR_TEST2RR,0.0,1.0,1.0,100.0
281820,2,walk,walk,14949,,14949.0,20.0,1.0,6.0,2.0,11.55,-0.06,0.034,7.095,39.0,24.98,0.0,19.0,3340.0,4.0,14.75,-0.26,-0.99,0.11,-9.0,-16.92,-11.59,485.0,TEST2RR,AKR_TEST2RR,0.0,1.0,1.0,100.0
281860,2,walk,walk,14950,,14950.0,20.0,1.0,6.0,2.0,11.71,-0.059,0.177,7.005,39.0,25.02,0.0,19.0,3340.0,4.0,14.41,-0.26,-1.0,0.11,-9.61,-16.98,-13.98,485.0,TEST2RR,AKR_TEST2RR,0.0,1.0,1.0,100.0
281860,2,walk,walk,14951,,14951.0,20.0,1.0,6.0,2.0,11.84,-0.057,0.032,6.757,39.0,25.09,0.0,19.0,3340.0,4.0,14.03,-0.25,-1.0,0.11,-10.26,-16.46,-15.73,485.0,TEST2RR,AKR_TEST2RR,0.0,1.0,1.0,100.0
281880,2,walk,walk,14952,,14952.0,20.0,1.0,6.0,2.0,11.95,-0.055,0.116,6.497,39.0,25.16,0.0,19.0,3340.0,4.0,13.63,-0.24,-1.0,0.1,-10.94,-15.45,-16.92,485.0,TEST2RR,AKR_TEST2RR,0.0,1.0,1.0,100.0
281900,2,walk,walk,14953,,14953.0,20.0,1.0,6.0,2.0,12.03,-0.052,0.101,6.314,39.0,25.19,0.0,19.0,3340.0,4.0,13.22,-0.23,-1.0,0.1,-11.66,-14.07,-17.65,485.0,TEST2RR,AKR_TEST2RR,0.0,1.0,1.0,100.0
281920,2,walk,walk,14954,,14954.0,20.0,1.0,6.0,2.0,12.07,-0.051,0.131,6.069,39.0,25.26,0.0,19.0,3340.0,4.0,12.81,-0.23,-1.0,0.1,-12.41,-12.43,-18.03,485.0,TEST2RR,AKR_TEST2RR,0.0,1.0,1.0,100.0
281940,2,walk,walk,14955,,14955.0,20.0,1.0,6.0,2.0,12.09,-0.048,0.234,5.647,39.0,25.33,0.0,19.0,3340.0,4.0,12.39,-0.22,-1.0,0.09,-13.17,-10.64,-18.18,485.0,TEST2RR,AKR_TEST2RR,0.0,1.0,1.0,100.0
281980,2,walk,walk,14956,,14956.0,20.0,1.0,6.0,2.0,12.07,-0.045,0.177,5.306,39.0,25.4,0.0,19.0,3340.0,4.0,11.97,-0.21,-1.0,0.09,-13.9,-8.8,-18.16,485.0,TEST2RR,AKR_TEST2RR,0.0,1.0,1.0,100.0
282000,2,walk,walk,14957,,14957.0,20.0,1.0,6.0,2.0,12.01,-0.043,0.23,4.942,39.0,25.47,0.0,19.0,3340.0,4.0,11.55,-0.21,-1.0,0.08,-14.58,-6.98,-18.03,485.0,TEST2RR,AKR_TEST2RR,0.0,1.0,1.0,100.0
282020,2,walk,walk,14958,,14958.0,20.0,1.0,6.0,2.0,11.92,-0.039,0.279,4.484,39.0,25.54,0.0,19.0,3340.0,4.0,11.12,-0.2,-1.01,0.08,-15.16,-5.26,-17.84,485.0,TEST2RR,AKR_TEST2RR,0.0,1.0,1.0,100.0
282040,2,walk,walk,14959,,14959.0,20.0,1.0,6.0,2.0,11.8,-0.036,0.124,4.251,39.0,25.58,0.0,19.0,3340.0,4.0,10.68,-0.19,-1.01,0.07,-15.62,-3.68,-17.6,485.0,TEST2RR,AKR_TEST2RR,0.0,1.0,1.0,100.0
282040,2,walk,walk,14960,,14960.0,20.0,1.0,6.0,2.0,11.66,-0.035,0.151,4.019,39.0,25.62,0.0,19.0,3340.0,4.0,10.25,-0.18,-1.01,0.06,-15.96,-2.27,-17.32,485.0,TEST2RR,AKR_TEST2RR,0.0,1.0,1.0,100.0
282060,2,walk,walk,14961,,14961.0,20.0,1.0,6.0,2.0,11.48,-0.032,0.222,3.726,39.0,25.65,0.0,19.0,3340.0,4.0,9.83,-0.17,-1.01,0.06,-16.17,-1.03,-17.0,485.0,TEST2RR,AKR_TEST2RR,0.0,1.0,1.0,100.0
282100,2,walk,walk,14962,,14962.0,20.0,1.0,6.0,2.0,11.29,-0.03,-0.029,3.567,39.0,25.69,0.0,19.0,3340.0,4.0,9.4,-0.17,-1.01,0.05,-16.28,0.03,-16.62,485.0,TEST2RR,AKR_TEST2RR,0.0,1.0,1.0,100.0
282100,2,walk,walk,14963,,14963.0,20.0,1.0,6.0,2.0,11.07,-0.029,0.087,3.365,39.0,25.69,0.0,19.0,3340.0,4.0,8.99,-0.16,-1.01,0.04,-16.29,0.91,-16.18,485.0,TEST2RR,AKR_TEST2RR,0.0,1.0,1.0,100.0
282120,2,walk,walk,14964,,14964.0,20.0,1.0,6.0,2.0,10.84,-0.027,0.134,3.17,39.0,25.72,0.0,19.0,3340.0,4.0,8.58,-0.15,-1.01,0.03,-16.2,1.64,-15.67,485.0,TEST2RR,AKR_TEST2RR,0.0,1.0,1.0,100.0
282160,2,walk,walk,14965,,14965.0,20.0,1.0,6.0,2.0,10.59,-0.026,0.057,3.102,39.0,25.72,0.0,19.0,3340.0,4.0,8.19,-0.15,-1.02,0.03,-16.02,2.2,-15.09,486.0,TEST2RR,AKR_TEST2RR,0.0,1.0,1.0,100.0
282160,2,walk,walk,14966,,14966.0,20.0,1.0,6.0,2.0,10.33,-0.025,0.029,3.071,39.0,25.76,0.0,19.0,3340.0,4.0,7.82,-0.14,-1.02,0.02,-15.75,2.61,-14.43,486.0,TEST2RR,AKR_TEST2RR,0.0,1.0,1.0,100.0
282200,2,walk,walk,14967,,14967.0,20.0,1.0,6.0,2.0,10.06,-0.026,-0.054,3.056,39.0,25.72,0.0,19.0,3340.0,4.0,7.46,-0.13,-1.02,0.01,-15.39,2.87,-13.66,486.0,TEST2RR,AKR_TEST2RR,0.0,1.0,1.0,100.0
282200,2,walk,walk,14968,,14968.0,20.0,1.0,6.0,2.0,9.79,-0.026,0.01,3.21,39.0,25.72,0.0,19.0,3340.0,4.0,7.11,-0.13,-1.02,0.0,-14.91,2.99,-12.76,486.0,TEST2RR,AKR_TEST2RR,0.0,1.0,1.0,100.0
282220,2,walk,walk,14969,,14969.0,20.0,1.0,6.0,2.0,9.51,-0.027,-0.08,3.288,39.0,25.72,0.0,19.0,3340.0,4.0,6.78,-0.12,-1.02,0.0,-14.29,2.97,-11.72,486.0,TEST2RR,AKR_TEST2RR,0.0,1.0,1.0,100.0
282240,2,walk,walk,14970,,14970.0,20.0,1.0,6.0,2.0,9.23,-0.028,-0.108,3.446,39.0,25.69,0.0,19.0,3340.0,4.0,6.46,-0.12,-1.02,-0.01,-13.52,2.84,-10.54,486.0,TEST2RR,AKR_TEST2RR,0.0,1.0,1.0,100.0
282260,2,walk,walk,14971,,14971.0,20.0,1.0,6.0,2.0,8.95,-0.03,-0.019,3.718,40.0,25.65,0.0,19.0,3340.0,4.0,6.18,-0.11,-1.02,-0.02,-12.6,2.61,-9.23,486.0,TEST2RR,AKR_TEST2RR,0.0,1.0,1.0,100.0
282280,2,walk,walk,14972,,14972.0,20.0,1.0,6.0,2.0,8.67,-0.031,-0.152,3.829,40.0,25.65,0.0,19.0,3340.0,4.0,5.92,-0.11,-1.02,-0.02,-11.54,2.31,-7.83,486.0,TEST2RR,AKR_TEST2RR,0.0,1.0,1.0,100.0
282320,2,walk,walk,14973,,14973.0,20.0,1.0,6.0,2.0,8.4,-0.033,-0.104,4.058,40.0,25.62,0.0,19.0,3340.0,4.0,5.7,-0.1,-1.02,-0.03,-10.36,1.98,-6.37,486.0,TEST2RR,AKR_TEST2RR,0.0,1.0,1.0,100.0
282340,2,walk,walk,14974,,14974.0,20.0,1.0,6.0,2.0,8.13,-0.034,-0.023,4.211,40.0,25.62,0.0,19.0,3340.0,4.0,5.52,-0.1,-1.03,-0.04,-9.08,1.62,-4.88,486.0,TEST2RR,AKR_TEST2RR,0.0,1.0,1.0,100.0
282360,2,walk,walk,14975,,14975.0,20.0,1.0,6.0,2.0,7.87,-0.036,-0.144,4.455,40.0,25.58,0.0,19.0,3340.0,4.0,5.37,-0.1,-1.03,-0.04,-7.72,1.26,-3.39,486.0,TEST2RR,AKR_TEST2RR,0.0,1.0,1.0,100.0
282360,2,walk,walk,14976,,14976.0,20.0,1.0,6.0,2.0,7.63,-0.038,-0.085,4.636,40.0,25.54,0.0,19.0,3340.0,4.0,5.26,-0.09,-1.03,-0.04,-6.33,0.88,-1.91,486.0,TEST2RR,AKR_TEST2RR,0.0,1.0,1.0,100.0
282400,2,walk,walk,14977,,14977.0,20.0,1.0,6.0,2.0,7.39,-0.039,-0.206,5.002,40.0,25.47,0.0,19.0,3340.0,4.0,5.18,-0.09,-1.03,-0.05,-4.93,0.49,-0.42,486.0,TEST2RR,AKR_TEST2RR,0.0,1.0,1.0,100.0
282400,2,walk,walk,14978,,14978.0,20.0,2.0,6.0,2.0,7.18,-0.044,-0.391,5.691,40.0,25.4,0.0,20.0,3340.0,4.0,5.12,-0.09,-1.03,-0.05,-3.57,0.05,1.15,486.0,TEST2RR,AKR_TEST2RR,0.0,1.0,1.0,100.0
282420,2,walk,walk,14979,,14979.0,20.0,2.0,6.0,2.0,6.98,-0.049,-0.37,6.331,40.0,25.26,0.0,20.0,3340.0,4.0,5.05,-0.09,-1.03,-0.05,-2.23,-0.44,2.88,486.0,TEST2RR,AKR_TEST2RR,0.0,1.0,1.0,100.0
282460,2,walk,walk,14980,,14980.0,20.0,1.0,6.0,2.0,6.79,-0.054,-0.14,6.562,40.0,25.16,0.0,19.0,3340.0,4.0,4.97,-0.09,-1.03,-0.05,-0.87,-0.97,4.8,486.0,TEST2RR,AKR_TEST2RR,0.0,1.0,1.0,100.0
282500,2,walk,walk,14981,,14981.0,20.0,2.0,6.0,2.0,6.63,-0.054,-0.015,6.666,40.0,25.12,0.0,20.0,3340.0,4.0,4.89,-0.09,-1.03,-0.05,0.58,-1.49,6.92,486.0,TEST2RR,AKR_TEST2RR,0.0,1.0,1.0,100.0
282500,2,walk,walk,14982,,14982.0,20.0,1.0,6.0,2.0,6.49,-0.055,-0.002,6.677,40.0,25.12,0.0,19.0,3340.0,4.0,4.84,-0.09,-1.04,-0.05,2.12,-1.99,9.16,486.0,TEST2RR,AKR_TEST2RR,0.0,1.0,1.0,100.0
282520,2,walk,walk,14983,,14983.0,20.0,2.0,6.0,2.0,6.37,-0.055,-0.042,6.679,40.0,25.12,0.0,20.0,3340.0,4.0,4.82,-0.09,-1.04,-0.05,3.74,-2.42,11.5,486.0,TEST2RR,AKR_TEST2RR,0.0,1.0,1.0,100.0
282520,2,walk,walk,14984,,14984.0,20.0,2.0,6.0,2.0,6.28,-0.055,0.017,6.663,40.0,25.12,0.0,20.0,3340.0,4.0,4.85,-0.09,-1.04,-0.05,5.39,-2.75,13.89,486.0,TEST2RR,AKR_TEST2RR,0.0,1.0,1.0,100.0
282540,2,walk,walk,14985,,14985.0,20.0,2.0,6.0,2.0,6.22,-0.055,0.003,6.686,40.0,25.12,0.0,20.0,3340.0,4.0,4.92,-0.09,-1.05,-0.05,7.04,-2.99,16.34,486.0,TEST2RR,AKR_TEST2RR,0.0,1.0,1.0,100.0
282580,2,walk,walk,14986,,14986.0,20.0,2.0,6.0,2.0,6.18,-0.055,-0.038,6.661,40.0,25.12,0.0,20.0,3340.0,4.0,5.04,-0.09,-1.05,-0.05,8.66,-3.18,18.83,486.0,TEST2RR,AKR_TEST2RR,0.0,1.0,1.0,100.0
282580,2,walk,walk,14987,,14987.0,20.0,2.0,6.0,2.0,6.17,-0.055,0.028,6.612,40.0,25.12,0.0,20.0,3340.0,4.0,5.21,-0.1,-1.06,-0.05,10.26,-3.36,21.39,486.0,TEST2RR,AKR_TEST2RR,0.0,1.0,1.0,100.0
282620,2,walk,walk,14988,,14988.0,20.0,2.0,6.0,2.0,6.2,-0.054,0.163,6.586,40.0,25.12,0.0,20.0,3340.0,4.0,5.42,-0.1,-1.06,-0.05,11.82,-3.54,24.04,486.0,TEST2RR,AKR_TEST2RR,0.0,1.0,1.0,100.0
282660,2,walk,walk,14989,,14989.0,20.0,2.0,6.0,2.0,6.25,-0.054,0.152,6.436,40.0,25.16,0.0,19.0,3340.0,4.0,5.66,-0.11,-1.06,-0.05,13.34,-3.72,26.81,486.0,TEST2RR,AKR_TEST2RR,0.0,1.0,1.0,100.0
282660,2,walk,walk,14990,,14990.0,20.0,2.0,6.0,2.0,6.35,-0.052,0.103,6.213,40.0,25.23,0.0,19.0,3340.0,4.0,5.9,-0.11,-1.07,-0.04,14.79,-3.87,29.72,486.0,TEST2RR,AKR_TEST2RR,0.0,1.0,1.0,100.0
282660,2,walk,walk,14991,,14991.0,20.0,2.0,6.0,2.0,6.48,-0.049,0.296,5.816,40.0,25.3,0.0,19.0,3340.0,4.0,6.14,-0.12,-1.07,-0.04,16.18,-3.94,32.8,486.0,TEST2RR,AKR_TEST2RR,0.0,1.0,1.0,100.0
282700,2,walk,walk,14992,,14992.0,20.0,2.0,6.0,2.0,6.64,-0.045,0.281,5.18,40.0,25.4,0.0,19.0,3340.0,4.0,6.38,-0.12,-1.08,-0.04,17.51,-3.87,36.03,486.0,TEST2RR,AKR_TEST2RR,0.0,1.0,1.0,100.0
282700,2,walk,walk,14993,,14993.0,20.0,2.0,6.0,2.0,6.85,-0.039,0.535,4.18,40.0,25.58,0.0,19.0,3340.0,4.0,6.62,-0.13,-1.09,-0.03,18.81,-3.56,39.43,486.0,TEST2RR,AKR_TEST2RR,0.0,1.0,1.0,100.0
282720,2,walk,walk,14994,,14994.0,20.0,2.0,6.0,2.0,7.1,-0.032,0.512,3.45,40.0,25.65,0.0,19.0,3340.0,4.0,6.87,-0.13,-1.09,-0.02,20.14,-2.92,42.98,486.0,TEST2RR,AKR_TEST2RR,0.0,1.0,1.0,100.0
282760,2,walk,walk,14995,,14995.0,20.0,2.0,6.0,2.0,7.39,-0.026,0.469,2.67,40.0,25.76,0.0,19.0,3340.0,4.0,7.14,-0.14,-1.1,-0.01,21.53,-1.89,46.66,486.0,TEST2RR,AKR_TEST2RR,0.0,1.0,1.0,100.0
282760,2,walk,walk,14996,,14996.0,20.0,2.0,6.0,2.0,7.73,-0.02,0.357,2.139,40.0,25.79,0.0,19.0,3340.0,4.0,7.46,-0.15,-1.11,-0.01,23.07,-0.43,50.41,486.0,TEST2RR,AKR_TEST2RR,0.0,1.0,1.0,100.0
282820,2,walk,walk,14997,,14997.0,20.0,2.0,6.0,2.0,8.11,-0.015,0.429,1.606,40.0,25.86,0.0,19.0,3340.0,4.0,7.82,-0.15,-1.11,0.01,24.83,1.5,54.18,486.0,TEST2RR,AKR_TEST2RR,0.0,1.0,1.0,100.0
282820,2,walk,walk,14998,,14998.0,20.0,2.0,6.0,2.0,8.55,-0.01,0.377,1.099,40.0,25.9,0.0,19.0,3340.0,4.0,8.22,-0.16,-1.12,0.02,26.88,3.94,57.83,486.0,TEST2RR,AKR_TEST2RR,0.0,1.0,1.0,100.0
282820,2,walk,walk,14999,,14999.0,20.0,2.0,6.0,2.0,9.03,-0.007,0.179,0.738,40.0,25.93,0.0,19.0,3340.0,4.0,8.63,-0.17,-1.12,0.03,29.24,6.89,61.18,486.0,TEST2RR,AKR_TEST2RR,0.0,1.0,1.0,100.0
282840,2,walk,walk,15000,,15000.0,20.0,2.0,6.0,2.0,9.56,-0.005,0.139,0.515,40.0,25.9,0.0,19.0,3340.0,4.0,9.03,-0.18,-1.11,0.04,31.88,10.33,63.83,486.0,TEST2RR,AKR_TEST2RR,0.0,1.0,1.0,100.0
282880,2,walk,walk,15001,,15001.0,20.0,2.0,6.0,2.0,10.15,-0.004,-0.097,0.422,40.0,25.9,0.0,19.0,3340.0,4.0,9.38,-0.18,-1.11,0.05,34.73,14.23,65.22,486.0,TEST2RR,AKR_TEST2RR,0.0,1.0,1.0,100.0
282880,2,walk,walk,15002,,15002.0,20.0,2.0,6.0,2.0,10.79,-0.004,-0.009,0.427,40.0,25.93,0.0,19.0,3340.0,4.0,9.63,-0.19,-1.09,0.06,37.69,18.5,64.88,486.0,TEST2RR,AKR_TEST2RR,0.0,1.0,1.0,100.0
282900,2,walk,walk,15003,,15003.0,20.0,1.0,6.0,2.0,11.47,-0.004,-0.029,0.435,40.0,25.9,0.0,18.0,3340.0,4.0,9.75,-0.18,-1.07,0.07,40.67,23.01,62.51,486.0,TEST2RR,AKR_TEST2RR,0.0,1.0,1.0,100.0
282940,2,walk,walk,15004,,15004.0,20.0,1.0,6.0,2.0,12.21,-0.004,0.014,0.485,40.0,25.93,0.0,18.0,3340.0,4.0,9.71,-0.18,-1.05,0.07,43.58,27.7,57.98,486.0,TEST2RR,AKR_TEST2RR,0.0,1.0,1.0,100.0
282980,2,walk,walk,15005,,15005.0,20.0,0.0,6.0,2.0,12.98,-0.004,0.056,0.489,40.0,25.9,0.0,17.0,3340.0,4.0,9.52,-0.17,-1.03,0.07,46.35,32.61,51.29,486.0,TEST2RR,AKR_TEST2RR,0.0,1.0,1.0,100.0
282980,2,walk,walk,15006,,15006.0,20.0,1.0,1.0,5.0,13.79,-0.004,0.028,0.483,40.0,25.93,0.0,18.0,3340.0,5.0,9.17,-0.16,-1.0,0.08,48.93,37.86,42.51,486.0,TEST2RR,AKR_TEST2RR,0.0,1.0,1.0,100.0
282980,2,walk,walk,15007,,15007.0,20.0,0.0,1.0,5.0,14.62,-0.004,0.048,0.479,40.0,25.86,0.0,19.0,3340.0,5.0,8.72,-0.15,-0.97,0.08,51.28,43.69,32.17,486.0,TEST2RR,AKR_TEST2RR,0.0,1.0,1.0,100.0
283000,2,walk,walk,15008,,15008.0,20.0,0.0,1.0,5.0,15.46,-0.046,-3.57,-0.719,40.0,25.9,0.0,19.0,3340.0,5.0,8.22,-0.14,-0.95,0.08,53.37,50.27,20.83,486.0,TEST2RR,AKR_TEST2RR,0.0,1.0,1.0,100.0
283020,2,walk,walk,15009,,15009.0,20.0,0.0,1.0,5.0,16.28,-0.099,-3.338,-0.635,40.0,25.86,0.0,19.0,3340.0,5.0,7.72,-0.12,-0.92,0.07,55.27,57.74,8.85,486.0,TEST2RR,AKR_TEST2RR,0.0,1.0,1.0,100.0
283040,2,walk,walk,15010,,15010.0,20.0,0.0,1.0,6.0,17.08,-0.143,-2.658,-1.32,40.0,25.79,0.0,19.0,3340.0,5.0,7.27,-0.11,-0.9,0.07,56.93,66.13,-3.51,486.0,TEST2RR,AKR_TEST2RR,0.0,1.0,1.0,100.0
283060,2,walk,walk,15011,,15011.0,20.0,0.0,1.0,6.0,17.83,-0.18,-2.415,-1.426,40.0,25.79,0.0,19.0,3340.0,5.0,6.91,-0.11,-0.89,0.06,58.32,75.49,-16.02,486.0,TEST2RR,AKR_TEST2RR,0.0,1.0,1.0,100.0
283080,2,walk,walk,15012,,15012.0,20.0,0.0,1.0,6.0,18.51,-0.211,-1.863,-1.927,40.0,25.79,0.0,19.0,3340.0,5.0,6.71,-0.1,-0.88,0.04,59.42,85.85,-28.37,486.0,TEST2RR,AKR_TEST2RR,0.0,1.0,1.0,100.0
283100,2,walk,walk,15013,,15013.0,20.0,0.0,1.0,6.0,19.11,-0.237,-1.545,-2.095,40.0,25.76,0.0,19.0,3340.0,5.0,6.77,-0.1,-0.88,0.03,60.18,97.13,-40.24,487.0,TEST2RR,AKR_TEST2RR,0.0,1.0,1.0,100.0
283140,2,walk,walk,15014,,15014.0,20.0,0.0,1.0,6.0,19.59,-0.258,-1.211,-2.428,40.0,25.76,0.0,19.0,3340.0,5.0,7.2,-0.11,-0.88,0.01,60.55,108.92,-51.2,487.0,TEST2RR,AKR_TEST2RR,0.0,1.0,1.0,100.0
283140,2,walk,walk,15015,,15015.0,20.0,0.0,1.0,6.0,19.96,-0.274,-0.888,-2.654,40.0,25.72,0.0,19.0,3340.0,5.0,8.07,-0.13,-0.89,-0.02,60.41,120.46,-60.89,487.0,TEST2RR,AKR_TEST2RR,0.0,1.0,1.0,100.0
283180,2,walk,walk,15016,,15016.0,20.0,0.0,1.0,6.0,20.19,-0.287,-0.699,-3.066,40.0,25.69,0.0,19.0,3340.0,5.0,9.42,-0.15,-0.91,-0.05,59.65,130.75,-69.13,487.0,TEST2RR,AKR_TEST2RR,0.0,1.0,1.0,100.0
283180,2,walk,walk,15017,,15017.0,20.0,0.0,1.0,6.0,20.28,-0.297,-0.492,-3.447,40.0,25.69,0.0,19.0,3340.0,5.0,11.22,-0.18,-0.93,-0.09,58.24,138.87,-75.81,487.0,TEST2RR,AKR_TEST2RR,0.0,1.0,1.0,100.0
283200,2,walk,walk,15018,,15018.0,20.0,0.0,1.0,6.0,20.22,-0.304,-0.471,-3.426,40.0,25.65,0.0,19.0,3340.0,5.0,13.35,-0.22,-0.94,-0.13,56.04,144.16,-80.8,487.0,TEST2RR,AKR_TEST2RR,0.0,1.0,1.0,100.0
283220,2,walk,walk,15019,,15019.0,20.0,0.0,1.0,6.0,20.0,-0.311,-0.323,-3.502,40.0,25.65,0.0,19.0,3340.0,5.0,15.72,-0.27,-0.96,-0.17,52.89,146.42,-84.03,487.0,TEST2RR,AKR_TEST2RR,0.0,1.0,1.0,100.0
283240,2,walk,walk,15020,,15020.0,20.0,0.0,1.0,6.0,19.64,-0.316,-0.312,-3.633,40.0,25.65,0.0,19.0,3340.0,5.0,18.1,-0.32,-0.97,-0.21,48.99,146.31,-85.19,487.0,TEST2RR,AKR_TEST2RR,0.0,1.0,1.0,100.0
283260,2,walk,walk,15021,,15021.0,20.0,0.0,3.0,7.0,19.12,-0.316,0.092,-4.36,40.0,25.58,0.0,19.0,3340.0,5.0,20.21,-0.36,-0.99,-0.24,45.04,144.91,-83.91,487.0,TEST2RR,AKR_TEST2RR,0.0,1.0,1.0,100.0
283300,2,walk,walk,15022,,15022.0,20.0,1.0,3.0,7.0,18.48,-0.315,-0.127,-4.359,40.0,25.54,0.0,20.0,3340.0,5.0,21.88,-0.41,-1.01,-0.25,41.48,143.13,-80.25,487.0,TEST2RR,AKR_TEST2RR,0.0,1.0,1.0,100.0
283300,2,walk,walk,15023,,15023.0,20.0,0.0,3.0,7.0,17.72,-0.315,0.119,-4.585,40.0,25.51,0.0,19.0,3340.0,5.0,23.07,-0.44,-1.03,-0.25,38.42,141.4,-74.46,487.0,TEST2RR,AKR_TEST2RR,0.0,1.0,1.0,100.0
283320,2,walk,walk,15024,,15024.0,20.0,0.0,3.0,7.0,16.86,-0.313,0.193,-4.726,40.0,25.51,0.0,19.0,3340.0,5.0,23.83,-0.46,-1.05,-0.23,35.73,139.67,-66.99,487.0,TEST2RR,AKR_TEST2RR,0.0,1.0,1.0,100.0
283340,2,walk,walk,15025,,15025.0,20.0,0.0,3.0,7.0,15.91,-0.309,0.322,-4.768,41.0,25.51,0.0,19.0,3340.0,5.0,24.27,-0.48,-1.06,-0.2,33.18,137.58,-58.39,487.0,TEST2RR,AKR_TEST2RR,0.0,1.0,1.0,100.0
283360,2,walk,walk,15026,,15026.0,20.0,0.0,3.0,7.0,14.91,-0.305,0.383,-4.632,41.0,25.58,0.0,19.0,3340.0,5.0,24.52,-0.49,-1.07,-0.17,30.58,134.6,-49.27,487.0,TEST2RR,AKR_TEST2RR,0.0,1.0,1.0,100.0
283380,2,walk,walk,15027,,15027.0,20.0,1.0,3.0,7.0,13.88,-0.297,0.511,-4.566,41.0,25.62,0.0,20.0,3340.0,5.0,24.66,-0.49,-1.07,-0.13,27.83,130.24,-40.22,487.0,TEST2RR,AKR_TEST2RR,0.0,1.0,1.0,100.0
283400,2,walk,walk,15028,,15028.0,20.0,0.0,3.0,7.0,12.83,-0.287,0.817,-4.258,41.0,25.65,0.0,19.0,3340.0,5.0,24.7,-0.49,-1.07,-0.09,24.94,124.37,-31.74,487.0,TEST2RR,AKR_TEST2RR,0.0,1.0,1.0,100.0
283440,2,walk,walk,15029,,15029.0,20.0,0.0,3.0,7.0,11.8,-0.274,0.774,-3.804,41.0,25.72,0.0,19.0,3340.0,5.0,24.61,-0.49,-1.07,-0.06,21.99,117.2,-24.17,487.0,TEST2RR,AKR_TEST2RR,0.0,1.0,1.0,100.0
283440,2,walk,walk,15030,,15030.0,20.0,0.0,3.0,7.0,10.8,-0.258,1.125,-3.545,41.0,25.76,0.0,19.0,3340.0,5.0,24.34,-0.48,-1.07,-0.03,19.09,109.12,-17.76,487.0,TEST2RR,AKR_TEST2RR,0.0,1.0,1.0,100.0
283480,2,walk,walk,15031,,15031.0,20.0,0.0,3.0,7.0,9.86,-0.236,1.634,-3.182,41.0,25.83,0.0,19.0,3340.0,5.0,23.86,-0.47,-1.06,0.0,16.33,100.58,-12.67,487.0,TEST2RR,AKR_TEST2RR,0.0,1.0,1.0,100.0
283540,2,walk,walk,15032,,15032.0,20.0,0.0,3.0,7.0,8.98,-0.207,2.035,-2.956,41.0,25.86,0.0,19.0,3340.0,5.0,23.25,-0.45,-1.05,0.02,13.76,91.82,-8.94,487.0,TEST2RR,AKR_TEST2RR,0.0,1.0,1.0,100.0
283540,2,walk,walk,15033,,15033.0,20.0,0.0,3.0,7.0,8.18,-0.177,1.717,-1.65,41.0,25.93,0.0,19.0,3340.0,5.0,22.65,-0.44,-1.05,0.04,11.33,82.96,-6.66,487.0,TEST2RR,AKR_TEST2RR,0.0,1.0,1.0,100.0
283540,2,walk,walk,15034,,15034.0,20.0,0.0,3.0,7.0,7.46,-0.152,1.499,-0.951,41.0,25.93,0.0,19.0,3340.0,5.0,22.09,-0.42,-1.04,0.05,8.97,74.14,-5.76,487.0,TEST2RR,AKR_TEST2RR,0.0,1.0,1.0,100.0
283540,2,walk,walk,15035,,15035.0,20.0,0.0,3.0,7.0,6.84,-0.13,1.286,-0.555,41.0,25.93,0.0,19.0,3340.0,5.0,21.55,-0.41,-1.03,0.07,6.62,65.53,-5.89,487.0,TEST2RR,AKR_TEST2RR,0.0,1.0,1.0,100.0
283600,2,walk,walk,15036,,15036.0,20.0,0.0,3.0,7.0,6.32,-0.117,0.577,-0.264,41.0,25.93,0.0,19.0,3340.0,5.0,21.01,-0.39,-1.02,0.08,4.24,57.32,-6.6,487.0,TEST2RR,AKR_TEST2RR,0.0,1.0,1.0,100.0
283600,2,walk,walk,15037,,15037.0,20.0,0.0,3.0,7.0,5.88,-0.114,-0.048,-0.17,41.0,25.9,0.0,19.0,3340.0,5.0,20.42,-0.38,-1.02,0.09,1.88,49.66,-7.5,487.0,TEST2RR,AKR_TEST2RR,0.0,1.0,1.0,100.0
283600,2,walk,walk,15038,,15038.0,20.0,0.0,3.0,7.0,5.52,-0.115,-0.093,-0.281,41.0,25.93,0.0,19.0,3340.0,5.0,19.78,-0.36,-1.01,0.1,-0.39,42.66,-8.32,487.0,TEST2RR,AKR_TEST2RR,0.0,1.0,1.0,100.0
283620,2,walk,walk,15039,,15039.0,20.0,0.0,3.0,7.0,5.24,-0.115,0.03,-0.326,41.0,25.93,0.0,19.0,3340.0,5.0,19.08,-0.35,-1.01,0.1,-2.47,36.37,-8.9,487.0,TEST2RR,AKR_TEST2RR,0.0,1.0,1.0,100.0
283640,2,walk,walk,15040,,15040.0,20.0,0.0,3.0,7.0,5.03,-0.115,0.101,-0.335,41.0,25.93,0.0,19.0,3340.0,5.0,18.33,-0.33,-1.01,0.1,-4.3,30.79,-9.18,487.0,TEST2RR,AKR_TEST2RR,0.0,1.0,1.0,100.0
283680,2,walk,walk,15041,,15041.0,20.0,0.0,3.0,7.0,4.88,-0.116,-0.069,-0.325,41.0,25.93,0.0,19.0,3340.0,5.0,17.55,-0.32,-1.01,0.1,-5.85,25.92,-9.14,487.0,TEST2RR,AKR_TEST2RR,0.0,1.0,1.0,100.0
283700,2,walk,walk,15042,,15042.0,20.0,1.0,3.0,7.0,4.78,-0.116,-0.057,-0.305,41.0,25.93,0.0,20.0,3340.0,5.0,16.75,-0.3,-1.01,0.1,-7.13,21.71,-8.8,487.0,TEST2RR,AKR_TEST2RR,0.0,1.0,1.0,100.0
283720,2,walk,walk,15043,,15043.0,20.0,0.0,3.0,7.0,4.72,-0.117,-0.099,-0.309,41.0,25.93,0.0,19.0,3340.0,5.0,15.95,-0.29,-1.01,0.1,-8.17,18.12,-8.21,487.0,TEST2RR,AKR_TEST2RR,0.0,1.0,1.0,100.0
283740,2,walk,walk,15044,,15044.0,20.0,0.0,3.0,7.0,4.69,-0.119,-0.15,-0.315,41.0,25.93,0.0,19.0,3340.0,5.0,15.19,-0.27,-1.01,0.1,-9.01,15.11,-7.42,487.0,TEST2RR,AKR_TEST2RR,0.0,1.0,1.0,100.0
283760,2,walk,walk,15045,,15045.0,20.0,1.0,3.0,7.0,4.68,-0.122,-0.242,-0.284,41.0,25.93,0.0,20.0,3340.0,5.0,14.46,-0.26,-1.01,0.09,-9.68,12.6,-6.5,487.0,TEST2RR,AKR_TEST2RR,0.0,1.0,1.0,100.0
283780,2,walk,walk,15046,,15046.0,20.0,0.0,3.0,7.0,4.7,-0.123,-0.101,-0.309,41.0,25.93,0.0,19.0,3340.0,5.0,13.79,-0.25,-1.01,0.09,-10.19,10.54,-5.5,487.0,TEST2RR,AKR_TEST2RR,0.0,1.0,1.0,100.0
283780,2,walk,walk,15047,,15047.0,20.0,0.0,3.0,7.0,4.73,-0.125,-0.115,-0.302,41.0,25.93,0.0,19.0,3340.0,5.0,13.19,-0.24,-1.01,0.09,-10.55,8.88,-4.47,487.0,TEST2RR,AKR_TEST2RR,0.0,1.0,1.0,100.0
283800,2,walk,walk,15048,,15048.0,20.0,0.0,3.0,7.0,4.78,-0.126,-0.017,-0.297,41.0,25.93,0.0,19.0,3340.0,5.0,12.65,-0.23,-1.01,0.08,-10.77,7.55,-3.48,487.0,TEST2RR,AKR_TEST2RR,0.0,1.0,1.0,100.0
283820,2,walk,walk,15049,,15049.0,20.0,0.0,0.0,1.0,4.83,-0.126,0.029,-0.194,41.0,25.93,0.0,19.0,3340.0,5.0,12.19,-0.22,-1.01,0.08,-10.84,6.49,-2.58,487.0,TEST2RR,AKR_TEST2RR,0.0,1.0,1.0,100.0
283840,2,walk,walk,15050,,15050.0,20.0,0.0,0.0,1.0,4.89,-0.125,-0.025,-0.094,41.0,25.93,0.0,19.0,3340.0,5.0,11.8,-0.21,-1.01,0.07,-10.78,5.65,-1.82,487.0,TEST2RR,AKR_TEST2RR,0.0,1.0,1.0,100.0
283860,2,walk,walk,15051,,15051.0,20.0,0.0,0.0,1.0,4.95,-0.125,-0.025,-0.094,41.0,25.93,0.0,39.0,3340.0,5.0,11.48,-0.21,-1.01,0.07,-10.61,4.96,-1.25,487.0,TEST2RR,AKR_TEST2RR,0.0,1.0,1.0,100.0
283920,2,walk,walk,15052,,15052.0,20.0,1.0,0.0,1.0,5.01,-0.125,-0.025,-0.094,41.0,25.93,0.0,60.0,3340.0,5.0,11.2,-0.2,-1.01,0.06,-10.36,4.39,-0.86,487.0,TEST2RR,AKR_TEST2RR,0.0,1.0,1.0,100.0
283920,2,walk,walk,15053,,15053.0,20.0,1.0,0.0,1.0,5.08,-0.122,0.949,0.0,41.0,25.97,0.0,2.0,3340.0,5.0,10.97,-0.2,-1.01,0.06,-10.07,3.94,-0.64,487.0,TEST2RR,AKR_TEST2RR,0.0,1.0,1.0,100.0
283920,2,walk,walk,15054,,15054.0,20.0,1.0,0.0,1.0,5.16,-0.121,0.046,0.0,41.0,25.93,0.0,2.0,3340.0,5.0,10.77,-0.19,-1.01,0.06,-9.78,3.57,-0.56,487.0,TEST2RR,AKR_TEST2RR,0.0,1.0,1.0,100.0
283940,2,walk,walk,15055,,15055.0,20.0,1.0,0.0,1.0,5.23,-0.121,-0.021,0.0,41.0,25.93,0.0,2.0,3340.0,5.0,10.6,-0.19,-1.01,0.05,-9.49,3.28,-0.57,487.0,TEST2RR,AKR_TEST2RR,0.0,1.0,1.0,100.0
283980,2,walk,walk,15056,,15056.0,20.0,1.0,0.0,1.0,5.31,-0.121,0.021,0.0,41.0,25.93,0.0,2.0,3340.0,5.0,10.44,-0.19,-1.01,0.05,-9.22,3.03,-0.63,487.0,TEST2RR,AKR_TEST2RR,0.0,1.0,1.0,100.0
284000,2,walk,walk,15057,,15057.0,20.0,1.0,0.0,1.0,5.39,-0.122,-0.053,0.0,41.0,25.93,0.0,2.0,3340.0,5.0,10.28,-0.18,-1.01,0.05,-8.96,2.81,-0.68,487.0,TEST2RR,AKR_TEST2RR,0.0,1.0,1.0,100.0
284000,2,walk,walk,15058,,15058.0,20.0,1.0,0.0,1.0,5.46,-0.124,-0.233,0.0,41.0,25.97,0.0,2.0,3340.0,5.0,10.12,-0.18,-1.01,0.04,-8.69,2.62,-0.64,487.0,TEST2RR,AKR_TEST2RR,0.0,1.0,1.0,100.0
284020,2,walk,walk,15059,,15059.0,20.0,1.0,0.0,1.0,5.54,-0.128,-0.185,0.0,41.0,25.93,0.0,2.0,3340.0,5.0,9.97,-0.18,-1.01,0.04,-8.4,2.46,-0.47,487.0,TEST2RR,AKR_TEST2RR,0.0,1.0,1.0,100.0
284060,2,walk,walk,15060,,15060.0,20.0,1.0,0.0,1.0,5.62,-0.131,-0.081,0.0,41.0,25.93,0.0,2.0,3340.0,5.0,9.82,-0.18,-1.01,0.04,-8.07,2.33,-0.12,488.0,TEST2RR,AKR_TEST2RR,0.0,1.0,1.0,100.0
284080,2,walk,walk,15061,,15061.0,20.0,1.0,0.0,1.0,5.7,-0.133,-0.148,0.0,41.0,25.93,0.0,2.0,3340.0,5.0,9.7,-0.17,-1.02,0.03,-7.69,2.22,0.39,488.0,TEST2RR,AKR_TEST2RR,0.0,1.0,1.0,100.0
284080,2,walk,walk,15062,,15062.0,20.0,0.0,0.0,1.0,5.78,-0.135,-0.036,0.0,41.0,25.93,0.0,1.0,3340.0,5.0,9.6,-0.17,-1.02,0.03,-7.25,2.13,1.04,488.0,TEST2RR,AKR_TEST2RR,0.0,1.0,1.0,100.0
284100,2,walk,walk,15063,,15063.0,20.0,0.0,0.0,1.0,5.86,-0.138,-0.143,0.0,41.0,25.93,0.0,1.0,3340.0,5.0,9.55,-0.17,-1.02,0.02,-6.75,2.04,1.77,488.0,TEST2RR,AKR_TEST2RR,0.0,1.0,1.0,100.0
284120,2,walk,walk,15064,,15064.0,20.0,0.0,0.0,1.0,5.93,-0.14,-0.147,0.0,41.0,25.97,0.0,1.0,3340.0,5.0,9.53,-0.17,-1.02,0.02,-6.21,1.93,2.54,488.0,TEST2RR,AKR_TEST2RR,0.0,1.0,1.0,100.0
284140,2,walk,walk,15065,,15065.0,20.0,0.0,0.0,1.0,6.01,-0.143,-0.198,0.0,41.0,25.93,0.0,1.0,3340.0,5.0,9.54,-0.17,-1.02,0.02,-5.64,1.8,3.32,488.0,TEST2RR,AKR_TEST2RR,0.0,1.0,1.0,100.0
284180,2,walk,walk,15066,,15066.0,20.0,0.0,0.0,1.0,6.09,-0.15,-0.731,0.0,41.0,25.93,0.0,1.0,3340.0,5.0,9.57,-0.17,-1.02,0.02,-5.07,1.66,4.12,488.0,TEST2RR,AKR_TEST2RR,0.0,1.0,1.0,100.0
284180,2,walk,walk,15067,,15067.0,20.0,0.0,0.0,1.0,6.17,-0.16,-0.602,0.0,41.0,25.93,0.0,1.0,3340.0,5.0,9.62,-0.17,-1.02,0.01,-4.51,1.53,5.03,488.0,TEST2RR,AKR_TEST2RR,0.0,1.0,1.0,100.0
284200,2,walk,walk,15068,,15068.0,20.0,0.0,0.0,1.0,6.26,-0.167,-0.518,0.0,41.0,25.93,0.0,1.0,3340.0,5.0,9.68,-0.17,-1.02,0.01,-3.97,1.42,6.11,488.0,TEST2RR,AKR_TEST2RR,0.0,1.0,1.0,100.0
284240,2,walk,walk,15069,,15069.0,20.0,0.0,0.0,1.0,6.34,-0.175,-0.796,0.0,41.0,25.93,0.0,1.0,3340.0,5.0,9.77,-0.18,-1.02,0.01,-3.44,1.3,7.35,488.0,TEST2RR,AKR_TEST2RR,0.0,1.0,1.0,100.0
284260,2,walk,walk,15070,,15070.0,20.0,0.0,0.0,1.0,6.44,-0.185,-0.414,0.0,41.0,25.93,0.0,1.0,3340.0,5.0,9.89,-0.18,-1.02,0.01,-2.93,1.19,8.71,488.0,TEST2RR,AKR_TEST2RR,0.0,1.0,1.0,100.0
284260,2,walk,walk,15071,,15071.0,20.0,0.0,0.0,1.0,6.54,-0.192,-0.473,0.0,41.0,25.93,0.0,1.0,3340.0,5.0,10.04,-0.18,-1.02,0.01,-2.43,1.1,10.17,488.0,TEST2RR,AKR_TEST2RR,0.0,1.0,1.0,100.0
284280,2,walk,walk,15072,,15072.0,20.0,0.0,0.0,1.0,6.65,-0.199,-0.558,0.0,41.0,25.93,0.0,1.0,3340.0,5.0,10.24,-0.18,-1.01,0.01,-1.97,1.03,11.63,488.0,TEST2RR,AKR_TEST2RR,0.0,1.0,1.0,100.0
284320,2,walk,walk,15073,,15073.0,20.0,0.0,0.0,1.0,6.77,-0.208,-0.625,0.0,41.0,25.93,0.0,1.0,3340.0,5.0,10.46,-0.19,-1.01,0.01,-1.56,1.02,13.03,488.0,TEST2RR,AKR_TEST2RR,0.0,1.0,1.0,100.0
284320,2,walk,walk,15074,,15074.0,20.0,0.0,0.0,1.0,6.9,-0.216,-0.503,0.0,41.0,25.93,0.0,1.0,3340.0,5.0,10.72,-0.19,-1.01,0.01,-1.2,1.05,14.36,488.0,TEST2RR,AKR_TEST2RR,0.0,1.0,1.0,100.0
284340,2,walk,walk,15075,,15075.0,20.0,0.0,0.0,1.0,7.04,-0.222,-0.416,0.0,41.0,25.93,0.0,1.0,3340.0,5.0,11.01,-0.2,-1.01,0.01,-0.92,1.1,15.56,488.0,TEST2RR,AKR_TEST2RR,0.0,1.0,1.0,100.0
284360,2,walk,walk,15076,,15076.0,20.0,0.0,0.0,1.0,7.2,-0.231,-0.506,0.0,41.0,25.93,0.0,1.0,3340.0,5.0,11.33,-0.2,-1.01,0.01,-0.73,1.2,16.62,488.0,TEST2RR,AKR_TEST2RR,0.0,1.0,1.0,100.0
284400,2,walk,walk,15077,,15077.0,20.0,0.0,0.0,1.0,7.38,-0.237,-0.288,0.0,41.0,25.93,0.0,1.0,3340.0,5.0,11.69,-0.21,-1.0,0.01,-0.65,1.36,17.5,488.0,TEST2RR,AKR_TEST2RR,0.0,1.0,1.0,100.0
284400,2,walk,walk,15078,,15078.0,20.0,0.0,0.0,1.0,7.57,-0.239,0.048,0.0,41.0,25.97,0.0,1.0,3340.0,5.0,12.08,-0.21,-1.0,0.01,-0.69,1.58,18.14,488.0,TEST2RR,AKR_TEST2RR,0.0,1.0,1.0,100.0
284420,2,walk,walk,15079,,15079.0,20.0,0.0,0.0,1.0,7.78,-0.239,0.011,0.0,41.0,25.97,0.0,1.0,3340.0,5.0,12.49,-0.22,-1.0,0.01,-0.84,1.85,18.43,488.0,TEST2RR,AKR_TEST2RR,0.0,1.0,1.0,100.0
284440,2,walk,walk,15080,,15080.0,20.0,0.0,0.0,1.0,8.01,-0.239,0.021,0.0,41.0,25.93,0.0,1.0,3340.0,5.0,12.92,-0.23,-1.0,0.01,-1.11,2.15,18.31,488.0,TEST2RR,AKR_TEST2RR,0.0,1.0,1.0,100.0
284460,2,walk,walk,15081,,15081.0,20.0,0.0,0.0,1.0,8.26,-0.238,0.018,0.0,41.0,25.97,0.0,1.0,3340.0,5.0,13.35,-0.24,-0.99,0.01,-1.46,2.46,17.76,488.0,TEST2RR,AKR_TEST2RR,0.0,1.0,1.0,100.0
284480,2,walk,walk,15082,,15082.0,20.0,0.0,0.0,1.0,8.52,-0.237,0.019,0.0,41.0,25.97,0.0,1.0,3340.0,5.0,13.76,-0.24,-0.99,0.01,-1.86,2.77,16.81,488.0,TEST2RR,AKR_TEST2RR,0.0,1.0,1.0,100.0
284500,2,walk,walk,15083,,15083.0,20.0,0.0,0.0,1.0,8.8,-0.235,0.14,0.0,41.0,25.97,0.0,1.0,3340.0,5.0,14.15,-0.25,-0.99,0.01,-2.26,3.07,15.51,488.0,TEST2RR,AKR_TEST2RR,0.0,1.0,1.0,100.0
284540,2,walk,walk,15084,,15084.0,20.0,0.0,0.0,1.0,9.09,-0.233,0.015,0.0,41.0,25.97,0.0,1.0,3340.0,5.0,14.49,-0.26,-0.99,0.01,-2.64,3.32,13.92,488.0,TEST2RR,AKR_TEST2RR,0.0,1.0,1.0,100.0
284560,2,walk,walk,15085,,15085.0,20.0,0.0,0.0,1.0,9.4,-0.233,-0.06,0.0,41.0,25.93,0.0,1.0,3340.0,5.0,14.78,-0.26,-0.99,0.0,-2.97,3.53,12.15,488.0,TEST2RR,AKR_TEST2RR,0.0,1.0,1.0,100.0
284580,2,walk,walk,15086,,15086.0,20.0,0.0,0.0,1.0,9.71,-0.233,0.014,0.0,41.0,25.97,0.0,1.0,3340.0,5.0,15.01,-0.26,-0.99,0.0,-3.25,3.68,10.35,488.0,TEST2RR,AKR_TEST2RR,0.0,1.0,1.0,100.0
284580,2,walk,walk,15087,,15087.0,20.0,0.0,0.0,1.0,10.03,-0.234,-0.088,0.0,41.0,25.97,0.0,1.0,3340.0,5.0,15.17,-0.27,-0.99,0.0,-3.49,3.75,8.65,488.0,TEST2RR,AKR_TEST2RR,0.0,1.0,1.0,100.0
284600,2,walk,walk,15088,,15088.0,20.0,1.0,6.0,2.0,10.36,-0.236,-0.213,0.0,41.0,25.93,0.0,2.0,3340.0,5.0,15.26,-0.27,-0.99,0.0,-3.69,3.69,7.18,488.0,TEST2RR,AKR_TEST2RR,0.0,1.0,1.0,100.0
284620,2,walk,walk,15089,,15089.0,20.0,0.0,6.0,2.0,10.67,-0.237,-0.604,0.11,41.0,25.86,0.0,18.0,3340.0,5.0,15.34,-0.27,-0.99,-0.01,-3.86,3.1,5.93,488.0,TEST2RR,AKR_TEST2RR,0.0,1.0,1.0,100.0
284640,2,walk,walk,15090,,15090.0,20.0,0.0,6.0,2.0,10.99,-0.172,5.04,5.198,41.0,24.98,0.0,18.0,3340.0,5.0,15.42,-0.27,-0.99,-0.01,-4.01,1.52,4.0,488.0,TEST2RR,AKR_TEST2RR,0.0,1.0,1.0,100.0
284660,2,walk,walk,15091,,15091.0,20.0,1.0,6.0,2.0,11.29,-0.115,2.74,7.043,40.0,24.67,0.0,19.0,3340.0,5.0,15.4,-0.27,-0.99,-0.01,-4.1,-0.93,1.21,488.0,TEST2RR,AKR_TEST2RR,0.0,1.0,1.0,100.0
284680,2,walk,walk,15092,,15092.0,20.0,0.0,6.0,2.0,11.58,-0.098,0.421,9.754,40.0,24.07,0.0,18.0,3340.0,5.0,15.24,-0.27,-0.99,-0.02,-4.08,-3.78,-1.9,488.0,TEST2RR,AKR_TEST2RR,0.0,1.0,1.0,100.0
284720,2,walk,walk,15093,,15093.0,20.0,0.0,6.0,2.0,11.86,-0.093,0.33,10.272,40.0,23.83,0.0,18.0,3340.0,5.0,14.98,-0.27,-1.0,-0.02,-3.9,-6.55,-4.8,488.0,TEST2RR,AKR_TEST2RR,0.0,1.0,1.0,100.0
284740,2,walk,walk,15094,,15094.0,20.0,0.0,6.0,2.0,12.11,-0.088,0.316,10.124,40.0,23.93,0.0,18.0,3340.0,5.0,14.67,-0.26,-1.0,-0.02,-3.53,-8.93,-7.16,488.0,TEST2RR,AKR_TEST2RR,0.0,1.0,1.0,100.0
284760,2,walk,walk,15095,,15095.0,20.0,0.0,6.0,2.0,12.34,-0.083,0.248,9.812,40.0,24.07,0.0,18.0,3340.0,5.0,14.37,-0.26,-1.0,-0.02,-2.95,-10.72,-8.84,488.0,TEST2RR,AKR_TEST2RR,0.0,1.0,1.0,100.0
284780,2,walk,walk,15096,,15096.0,20.0,1.0,6.0,2.0,12.55,-0.081,0.242,9.529,41.0,24.21,0.0,19.0,3340.0,5.0,14.09,-0.25,-1.01,-0.02,-2.22,-11.85,-9.82,488.0,TEST2RR,AKR_TEST2RR,0.0,1.0,1.0,100.0
284800,2,walk,walk,15097,,15097.0,20.0,1.0,6.0,2.0,12.72,-0.076,0.245,9.0,40.0,24.35,0.0,19.0,3340.0,5.0,13.86,-0.25,-1.01,-0.02,-1.39,-12.32,-10.2,488.0,TEST2RR,AKR_TEST2RR,0.0,1.0,1.0,100.0
284800,2,walk,walk,15098,,15098.0,20.0,1.0,6.0,2.0,12.86,-0.073,0.14,8.686,41.0,24.49,0.0,19.0,3340.0,5.0,13.68,-0.25,-1.01,-0.02,-0.55,-12.22,-10.1,488.0,TEST2RR,AKR_TEST2RR,0.0,1.0,1.0,100.0
284820,2,walk,walk,15099,,15099.0,20.0,1.0,6.0,2.0,12.97,-0.07,0.167,8.321,41.0,24.6,0.0,19.0,3340.0,5.0,13.53,-0.24,-1.01,-0.02,0.22,-11.65,-9.65,488.0,TEST2RR,AKR_TEST2RR,0.0,1.0,1.0,100.0
284860,2,walk,walk,15100,,15100.0,20.0,1.0,6.0,2.0,13.05,-0.068,0.096,8.18,41.0,24.67,0.0,19.0,3340.0,5.0,13.42,-0.24,-1.01,-0.02,0.87,-10.75,-8.95,488.0,TEST2RR,AKR_TEST2RR,0.0,1.0,1.0,100.0
284880,2,walk,walk,15101,,15101.0,20.0,1.0,6.0,2.0,13.1,-0.067,-0.009,7.987,41.0,24.7,0.0,19.0,3340.0,5.0,13.31,-0.24,-1.01,-0.02,1.37,-9.64,-8.07,488.0,TEST2RR,AKR_TEST2RR,0.0,1.0,1.0,100.0
284900,2,walk,walk,15102,,15102.0,20.0,1.0,6.0,2.0,13.12,-0.065,0.183,7.735,41.0,24.77,0.0,19.0,3340.0,5.0,13.2,-0.24,-1.01,-0.02,1.69,-8.4,-7.06,488.0,TEST2RR,AKR_TEST2RR,0.0,1.0,1.0,100.0
284900,2,walk,walk,15103,,15103.0,20.0,1.0,6.0,2.0,13.11,-0.062,0.248,7.455,41.0,24.84,0.0,19.0,3340.0,5.0,13.07,-0.23,-1.01,-0.02,1.86,-7.1,-5.95,488.0,TEST2RR,AKR_TEST2RR,0.0,1.0,1.0,100.0
284920,2,walk,walk,15104,,15104.0,20.0,1.0,6.0,2.0,13.08,-0.06,0.083,7.32,41.0,24.91,0.0,19.0,3340.0,5.0,12.92,-0.23,-1.01,-0.01,1.91,-5.78,-4.73,488.0,TEST2RR,AKR_TEST2RR,0.0,1.0,1.0,100.0
284940,2,walk,walk,15105,,15105.0,20.0,1.0,6.0,2.0,13.04,-0.059,0.113,6.999,41.0,24.98,0.0,19.0,3340.0,5.0,12.74,-0.23,-1.01,-0.01,1.88,-4.5,-3.41,488.0,TEST2RR,AKR_TEST2RR,0.0,1.0,1.0,100.0
284980,2,walk,walk,15106,,15106.0,20.0,1.0,6.0,2.0,12.98,-0.057,0.156,6.7,41.0,25.05,0.0,19.0,3340.0,5.0,12.56,-0.23,-1.01,-0.01,1.84,-3.28,-1.99,488.0,TEST2RR,AKR_TEST2RR,0.0,1.0,1.0,100.0
285000,2,walk,walk,15107,,15107.0,20.0,1.0,6.0,2.0,12.91,-0.054,0.119,6.433,41.0,25.12,0.0,19.0,3340.0,5.0,12.4,-0.22,-1.01,-0.01,1.83,-2.16,-0.47,488.0,TEST2RR,AKR_TEST2RR,0.0,1.0,1.0,100.0
285000,2,walk,walk,15108,,15108.0,20.0,1.0,6.0,2.0,12.83,-0.053,0.097,6.404,41.0,25.19,0.0,19.0,3340.0,5.0,12.27,-0.22,-1.02,-0.01,1.89,-1.17,1.12,488.0,TEST2RR,AKR_TEST2RR,0.0,1.0,1.0,100.0
285040,2,walk,walk,15109,,15109.0,20.0,1.0,6.0,2.0,12.76,-0.052,0.049,6.248,41.0,25.19,0.0,19.0,3340.0,5.0,12.19,-0.22,-1.02,-0.01,2.06,-0.3,2.77,489.0,TEST2RR,AKR_TEST2RR,0.0,1.0,1.0,100.0
285040,2,walk,walk,15110,,15110.0,20.0,1.0,6.0,2.0,12.68,-0.051,0.075,6.135,41.0,25.23,0.0,19.0,3340.0,5.0,12.18,-0.22,-1.02,-0.02,2.33,0.41,4.4,489.0,TEST2RR,AKR_TEST2RR,0.0,1.0,1.0,100.0
285060,2,walk,walk,15111,,15111.0,20.0,1.0,6.0,2.0,12.61,-0.05,0.023,6.018,41.0,25.26,0.0,19.0,3340.0,5.0,12.26,-0.22,-1.02,-0.02,2.7,0.97,5.96,489.0,TEST2RR,AKR_TEST2RR,0.0,1.0,1.0,100.0
285080,2,walk,walk,15112,,15112.0,20.0,1.0,6.0,2.0,12.55,-0.049,0.049,5.972,41.0,25.26,0.0,19.0,3340.0,5.0,12.43,-0.22,-1.01,-0.02,3.15,1.38,7.38,489.0,TEST2RR,AKR_TEST2RR,0.0,1.0,1.0,100.0
285120,2,walk,walk,15113,,15113.0,20.0,1.0,6.0,2.0,12.5,-0.049,0.001,5.97,41.0,25.3,0.0,19.0,3340.0,5.0,12.68,-0.23,-1.01,-0.02,3.66,1.66,8.58,489.0,TEST2RR,AKR_TEST2RR,0.0,1.0,1.0,100.0
285120,2,walk,walk,15114,,15114.0,20.0,1.0,6.0,2.0,12.47,-0.049,0.001,5.931,41.0,25.3,0.0,19.0,3340.0,5.0,13.0,-0.23,-1.01,-0.02,4.22,1.83,9.54,489.0,TEST2RR,AKR_TEST2RR,0.0,1.0,1.0,100.0
285140,2,walk,walk,15115,,15115.0,20.0,1.0,6.0,2.0,12.45,-0.049,-0.033,5.912,41.0,25.26,0.0,19.0,3340.0,5.0,13.35,-0.24,-1.0,-0.02,4.8,1.92,10.23,489.0,TEST2RR,AKR_TEST2RR,0.0,1.0,1.0,100.0
285160,2,walk,walk,15116,,15116.0,20.0,1.0,6.0,2.0,12.45,-0.049,-0.028,5.943,41.0,25.26,0.0,19.0,3340.0,5.0,13.72,-0.24,-1.0,-0.02,5.39,1.95,10.67,489.0,TEST2RR,AKR_TEST2RR,0.0,1.0,1.0,100.0
285200,2,walk,walk,15117,,15117.0,20.0,1.0,6.0,2.0,12.47,-0.049,0.018,5.918,41.0,25.26,0.0,19.0,3340.0,5.0,14.09,-0.25,-0.99,-0.02,5.98,1.94,10.87,489.0,TEST2RR,AKR_TEST2RR,0.0,1.0,1.0,100.0
285220,2,walk,walk,15118,,15118.0,20.0,1.0,6.0,2.0,12.51,-0.049,-0.028,5.924,41.0,25.26,0.0,19.0,3340.0,5.0,14.44,-0.25,-0.99,-0.02,6.56,1.89,10.87,489.0,TEST2RR,AKR_TEST2RR,0.0,1.0,1.0,100.0
285220,2,walk,walk,15119,,15119.0,20.0,1.0,6.0,2.0,12.57,-0.049,-0.011,5.939,41.0,25.26,0.0,19.0,3340.0,5.0,14.76,-0.26,-0.98,-0.01,7.12,1.81,10.73,489.0,TEST2RR,AKR_TEST2RR,0.0,1.0,1.0,100.0
285240,2,walk,walk,15120,,15120.0,20.0,1.0,6.0,2.0,12.64,-0.049,0.036,5.952,41.0,25.3,0.0,19.0,3340.0,5.0,15.03,-0.26,-0.98,-0.01,7.63,1.71,10.48,489.0,TEST2RR,AKR_TEST2RR,0.0,1.0,1.0,100.0
285280,2,walk,walk,15121,,15121.0,20.0,1.0,6.0,2.0,12.74,-0.049,0.052,5.929,41.0,25.26,0.0,19.0,3340.0,5.0,15.25,-0.27,-0.98,-0.01,8.1,1.61,10.17,489.0,TEST2RR,AKR_TEST2RR,0.0,1.0,1.0,100.0
285280,2,walk,walk,15122,,15122.0,20.0,1.0,6.0,2.0,12.85,-0.049,0.001,5.953,41.0,25.3,0.0,19.0,3340.0,5.0,15.44,-0.27,-0.98,-0.01,8.5,1.51,9.84,489.0,TEST2RR,AKR_TEST2RR,0.0,1.0,1.0,100.0
285300,2,walk,walk,15123,,15123.0,20.0,1.0,6.0,2.0,12.98,-0.049,0.045,5.936,41.0,25.3,0.0,19.0,3340.0,5.0,15.58,-0.27,-0.98,0.0,8.83,1.44,9.54,489.0,TEST2RR,AKR_TEST2RR,0.0,1.0,1.0,100.0
285340,2,walk,walk,15124,,15124.0,20.0,1.0,6.0,2.0,13.12,-0.049,0.041,5.901,41.0,25.3,0.0,19.0,3340.0,5.0,15.68,-0.28,-0.98,0.0,9.08,1.4,9.29,489.0,TEST2RR,AKR_TEST2RR,0.0,1.0,1.0,100.0
285360,2,walk,walk,15125,,15125.0,20.0,1.0,6.0,2.0,13.27,-0.048,0.119,5.842,41.0,25.3,0.0,19.0,3340.0,5.0,15.75,-0.28,-0.98,0.0,9.24,1.38,9.11,489.0,TEST2RR,AKR_TEST2RR,0.0,1.0,1.0,100.0
285380,2,walk,walk,15126,,15126.0,20.0,1.0,6.0,2.0,13.44,-0.047,0.062,5.694,41.0,25.33,0.0,19.0,3340.0,5.0,15.8,-0.28,-0.99,0.01,9.34,1.4,9.02,489.0,TEST2RR,AKR_TEST2RR,0.0,1.0,1.0,100.0
285400,2,walk,walk,15127,,15127.0,20.0,1.0,6.0,2.0,13.61,-0.046,0.062,5.571,41.0,25.37,0.0,19.0,3340.0,5.0,15.84,-0.28,-0.99,0.01,9.35,1.44,9.01,489.0,TEST2RR,AKR_TEST2RR,0.0,1.0,1.0,100.0
285400,2,walk,walk,15128,,15128.0,20.0,1.0,6.0,2.0,13.79,-0.045,0.057,5.326,41.0,25.4,0.0,19.0,3340.0,5.0,15.88,-0.28,-0.99,0.01,9.3,1.5,9.09,489.0,TEST2RR,AKR_TEST2RR,0.0,1.0,1.0,100.0
285420,2,walk,walk,15129,,15129.0,20.0,2.0,6.0,2.0,13.97,-0.043,0.181,5.172,41.0,25.44,0.0,20.0,3340.0,5.0,15.93,-0.28,-0.99,0.02,9.18,1.57,9.24,489.0,TEST2RR,AKR_TEST2RR,0.0,1.0,1.0,100.0
285460,2,walk,walk,15130,,15130.0,20.0,2.0,6.0,2.0,14.15,-0.041,0.216,4.766,41.0,25.47,0.0,20.0,3340.0,5.0,15.98,-0.28,-0.99,0.02,9.0,1.67,9.45,489.0,TEST2RR,AKR_TEST2RR,0.0,1.0,1.0,100.0
285460,2,walk,walk,15131,,15131.0,20.0,2.0,6.0,2.0,14.34,-0.038,0.197,4.501,42.0,25.51,0.0,20.0,3340.0,5.0,16.04,-0.29,-0.99,0.02,8.78,1.77,9.72,489.0,TEST2RR,AKR_TEST2RR,0.0,1.0,1.0,100.0
285520,2,walk,walk,15132,,15132.0,20.0,2.0,6.0,2.0,14.53,-0.037,0.036,4.331,42.0,25.54,0.0,20.0,3340.0,5.0,16.11,-0.29,-1.0,0.03,8.55,1.87,10.07,489.0,TEST2RR,AKR_TEST2RR,0.0,1.0,1.0,100.0
285540,2,walk,walk,15133,,15133.0,20.0,2.0,6.0,2.0,14.72,-0.035,0.123,4.109,42.0,25.58,0.0,20.0,3340.0,5.0,16.2,-0.29,-1.0,0.03,8.32,1.98,10.49,489.0,TEST2RR,AKR_TEST2RR,0.0,1.0,1.0,100.0
285540,2,walk,walk,15134,,15134.0,20.0,2.0,6.0,2.0,14.91,-0.033,0.171,3.884,42.0,25.62,0.0,20.0,3340.0,5.0,16.3,-0.29,-1.0,0.03,8.13,2.07,10.99,489.0,TEST2RR,AKR_TEST2RR,0.0,1.0,1.0,100.0
285560,2,walk,walk,15135,,15135.0,20.0,2.0,6.0,2.0,15.1,-0.031,0.221,3.61,42.0,25.65,0.0,20.0,3340.0,5.0,16.43,-0.29,-1.0,0.03,8.0,2.16,11.55,489.0,TEST2RR,AKR_TEST2RR,0.0,1.0,1.0,100.0
285560,2,walk,walk,15136,,15136.0,20.0,1.0,6.0,2.0,15.29,-0.03,-0.005,3.432,42.0,25.69,0.0,19.0,3340.0,5.0,16.58,-0.3,-1.0,0.03,7.94,2.24,12.16,489.0,TEST2RR,AKR_TEST2RR,0.0,1.0,1.0,100.0
285580,2,walk,walk,15137,,15137.0,20.0,1.0,6.0,2.0,15.49,-0.028,0.072,3.255,42.0,25.69,0.0,19.0,3340.0,5.0,16.78,-0.3,-1.0,0.04,7.96,2.32,12.79,489.0,TEST2RR,AKR_TEST2RR,0.0,1.0,1.0,100.0
285600,2,walk,walk,15138,,15138.0,20.0,1.0,6.0,2.0,15.68,-0.026,0.139,3.052,42.0,25.72,0.0,19.0,3340.0,5.0,17.02,-0.3,-1.0,0.04,8.07,2.38,13.41,489.0,TEST2RR,AKR_TEST2RR,0.0,1.0,1.0,100.0
285640,2,walk,walk,15139,,15139.0,20.0,0.0,6.0,2.0,15.88,-0.025,0.148,2.948,42.0,25.72,0.0,18.0,3340.0,5.0,17.3,-0.31,-0.99,0.04,8.27,2.44,13.99,489.0,TEST2RR,AKR_TEST2RR,0.0,1.0,1.0,100.0
285640,2,walk,walk,15140,,15140.0,20.0,1.0,6.0,2.0,16.08,-0.023,0.06,2.834,42.0,25.76,0.0,19.0,3340.0,5.0,17.61,-0.31,-0.99,0.04,8.56,2.48,14.53,489.0,TEST2RR,AKR_TEST2RR,0.0,1.0,1.0,100.0
285660,2,walk,walk,15141,,15141.0,20.0,1.0,6.0,2.0,16.29,-0.023,-0.021,2.634,42.0,25.76,0.0,19.0,3340.0,5.0,17.93,-0.32,-0.99,0.04,8.94,2.52,15.01,489.0,TEST2RR,AKR_TEST2RR,0.0,1.0,1.0,100.0
285680,2,walk,walk,15142,,15142.0,20.0,1.0,6.0,2.0,16.5,-0.022,0.101,2.577,42.0,25.79,0.0,19.0,3340.0,5.0,18.26,-0.32,-0.98,0.04,9.39,2.56,15.48,489.0,TEST2RR,AKR_TEST2RR,0.0,1.0,1.0,100.0
285720,2,walk,walk,15143,,15143.0,20.0,1.0,6.0,2.0,16.72,-0.021,0.084,2.46,42.0,25.79,0.0,19.0,3340.0,5.0,18.56,-0.33,-0.98,0.04,9.91,2.62,15.94,489.0,TEST2RR,AKR_TEST2RR,0.0,1.0,1.0,100.0
285740,2,walk,walk,15144,,15144.0,20.0,1.0,6.0,2.0,16.94,-0.019,0.159,2.189,42.0,25.79,0.0,19.0,3340.0,5.0,18.82,-0.33,-0.98,0.04,10.52,2.71,16.45,489.0,TEST2RR,AKR_TEST2RR,0.0,1.0,1.0,100.0
285740,2,walk,walk,15145,,15145.0,20.0,1.0,6.0,2.0,17.17,-0.017,0.089,1.999,42.0,25.83,0.0,19.0,3340.0,5.0,19.02,-0.34,-0.98,0.05,11.21,2.88,17.04,489.0,TEST2RR,AKR_TEST2RR,0.0,1.0,1.0,100.0
285760,2,walk,walk,15146,,15146.0,20.0,1.0,6.0,2.0,17.41,-0.015,0.159,1.729,42.0,25.86,0.0,19.0,3340.0,5.0,19.16,-0.34,-0.98,0.05,12.01,3.19,17.77,489.0,TEST2RR,AKR_TEST2RR,0.0,1.0,1.0,100.0
285780,2,walk,walk,15147,,15147.0,20.0,1.0,6.0,2.0,17.65,-0.014,0.046,1.509,42.0,25.86,0.0,19.0,3340.0,5.0,19.23,-0.34,-0.99,0.05,12.94,3.67,18.71,489.0,TEST2RR,AKR_TEST2RR,0.0,1.0,1.0,100.0
285820,2,walk,walk,15148,,15148.0,20.0,1.0,6.0,2.0,17.9,-0.011,0.143,1.251,42.0,25.9,0.0,19.0,3340.0,5.0,19.25,-0.35,-0.99,0.06,14.03,4.37,19.87,489.0,TEST2RR,AKR_TEST2RR,0.0,1.0,1.0,100.0
285820,2,walk,walk,15149,,15149.0,20.0,1.0,6.0,2.0,18.17,-0.009,0.085,1.003,42.0,25.9,0.0,19.0,3340.0,5.0,19.24,-0.35,-1.0,0.06,15.31,5.33,21.28,489.0,TEST2RR,AKR_TEST2RR,0.0,1.0,1.0,100.0
285860,2,walk,walk,15150,,15150.0,20.0,1.0,6.0,2.0,18.44,-0.007,0.092,0.829,42.0,25.9,0.0,19.0,3340.0,5.0,19.21,-0.35,-1.0,0.07,16.84,6.58,22.91,489.0,TEST2RR,AKR_TEST2RR,0.0,1.0,1.0,100.0
285880,2,walk,walk,15151,,15151.0,20.0,1.0,6.0,2.0,18.72,-0.006,0.148,0.548,42.0,25.9,0.0,19.0,3340.0,5.0,19.19,-0.35,-1.01,0.07,18.67,8.18,24.73,489.0,TEST2RR,AKR_TEST2RR,0.0,1.0,1.0,100.0
285880,2,walk,walk,15152,,15152.0,20.0,1.0,6.0,2.0,19.01,-0.004,0.147,0.356,42.0,25.93,0.0,19.0,3340.0,5.0,19.19,-0.35,-1.01,0.08,20.84,10.19,26.65,489.0,TEST2RR,AKR_TEST2RR,0.0,1.0,1.0,100.0
285900,2,walk,walk,15153,,15153.0,20.0,1.0,6.0,2.0,19.32,-0.002,0.173,0.047,42.0,25.9,0.0,19.0,3340.0,5.0,19.21,-0.35,-1.02,0.09,23.39,12.73,28.6,489.0,TEST2RR,AKR_TEST2RR,0.0,1.0,1.0,100.0
285920,2,walk,walk,15154,,15154.0,20.0,1.0,6.0,2.0,19.64,-0.001,0.15,-0.217,42.0,25.9,0.0,19.0,3340.0,5.0,19.25,-0.36,-1.02,0.1,26.37,15.92,30.54,489.0,TEST2RR,AKR_TEST2RR,0.0,1.0,1.0,100.0
285940,2,walk,walk,15155,,15155.0,20.0,1.0,6.0,2.0,19.97,0.002,0.173,-0.5,42.0,25.93,0.0,19.0,3340.0,5.0,19.34,-0.36,-1.02,0.12,29.8,19.91,32.4,489.0,TEST2RR,AKR_TEST2RR,0.0,1.0,1.0,100.0
285960,2,walk,walk,15156,,15156.0,20.0,1.0,6.0,2.0,20.32,0.004,0.13,-0.803,42.0,25.9,0.0,19.0,3340.0,5.0,19.47,-0.36,-1.02,0.13,33.66,24.79,34.13,489.0,TEST2RR,AKR_TEST2RR,0.0,1.0,1.0,100.0
285980,2,walk,walk,15157,,15157.0,20.0,1.0,6.0,2.0,20.69,0.007,0.162,-1.127,42.0,25.9,0.0,19.0,3340.0,5.0,19.67,-0.36,-1.02,0.15,37.88,30.59,35.66,489.0,TEST2RR,AKR_TEST2RR,0.0,1.0,1.0,100.0
286020,2,walk,walk,15158,,15158.0,20.0,1.0,6.0,2.0,21.07,0.01,0.316,-1.587,42.0,25.9,0.0,19.0,3340.0,5.0,19.96,-0.37,-1.01,0.16,42.37,37.27,36.93,489.0,TEST2RR,AKR_TEST2RR,0.0,1.0,1.0,100.0
286040,2,walk,walk,15159,,15159.0,20.0,1.0,6.0,2.0,21.48,0.014,0.234,-1.926,42.0,25.86,0.0,19.0,3340.0,5.0,20.35,-0.37,-1.0,0.17,46.97,44.63,37.88,489.0,TEST2RR,AKR_TEST2RR,0.0,1.0,1.0,100.0
286060,2,walk,walk,15160,,15160.0,20.0,1.0,6.0,2.0,21.9,0.016,0.132,-2.068,42.0,25.86,0.0,19.0,3340.0,5.0,20.86,-0.38,-0.99,0.18,51.46,52.25,38.32,489.0,TEST2RR,AKR_TEST2RR,0.0,1.0,1.0,100.0
286060,2,walk,walk,15161,,15161.0,20.0,1.0,6.0,2.0,22.34,0.016,-0.148,-1.95,42.0,25.86,0.0,19.0,3340.0,5.0,21.51,-0.38,-0.97,0.19,55.61,59.41,37.91,489.0,TEST2RR,AKR_TEST2RR,0.0,1.0,1.0,100.0
286080,2,walk,walk,15162,,15162.0,20.0,0.0,6.0,2.0,22.81,0.015,-0.147,-1.824,42.0,25.86,0.0,18.0,3340.0,5.0,22.26,-0.39,-0.96,0.19,59.19,65.25,36.32,489.0,TEST2RR,AKR_TEST2RR,0.0,1.0,1.0,100.0
286100,2,walk,walk,15163,,15163.0,20.0,1.0,6.0,2.0,23.29,0.013,-0.15,-1.543,42.0,25.86,0.0,19.0,3340.0,5.0,23.05,-0.4,-0.93,0.18,62.0,69.07,33.31,489.0,TEST2RR,AKR_TEST2RR,0.0,1.0,1.0,100.0
286120,2,walk,walk,15164,,15164.0,20.0,1.0,6.0,2.0,23.79,0.012,-0.014,-1.36,42.0,25.9,0.0,19.0,3340.0,5.0,23.83,-0.4,-0.91,0.17,63.94,70.48,28.74,489.0,TEST2RR,AKR_TEST2RR,0.0,1.0,1.0,100.0
286140,2,walk,walk,15165,,15165.0,20.0,1.0,6.0,2.0,24.3,0.01,-0.126,-1.187,42.0,25.9,0.0,19.0,3340.0,5.0,24.51,-0.41,-0.89,0.16,64.94,69.57,22.59,489.0,TEST2RR,AKR_TEST2RR,0.0,1.0,1.0,100.0
286200,2,walk,walk,15166,,15166.0,20.0,1.0,1.0,5.0,24.82,0.008,-0.089,-0.913,42.0,25.9,0.0,19.0,3340.0,6.0,25.02,-0.41,-0.87,0.15,64.98,66.77,14.97,490.0,TEST2RR,AKR_TEST2RR,0.0,1.0,1.0,100.0
286200,2,walk,walk,15167,,15167.0,20.0,0.0,1.0,5.0,25.33,0.006,-0.101,-0.735,42.0,25.83,0.0,19.0,3340.0,6.0,25.32,-0.4,-0.85,0.14,64.17,62.76,6.38,490.0,TEST2RR,AKR_TEST2RR,0.0,1.0,1.0,100.0
286200,2,walk,walk,15168,,15168.0,20.0,0.0,1.0,6.0,25.84,-0.031,-3.395,-1.794,42.0,25.76,0.0,19.0,3340.0,6.0,25.42,-0.4,-0.84,0.12,62.58,58.35,-2.73,490.0,TEST2RR,AKR_TEST2RR,0.0,1.0,1.0,100.0
286220,2,walk,walk,15169,,15169.0,20.0,0.0,1.0,6.0,26.32,-0.082,-3.257,-1.585,42.0,25.79,0.0,19.0,3340.0,6.0,25.31,-0.39,-0.82,0.11,60.24,54.29,-12.12,490.0,TEST2RR,AKR_TEST2RR,0.0,1.0,1.0,100.0
286240,2,walk,walk,15170,,15170.0,20.0,0.0,1.0,6.0,26.77,-0.126,-2.827,-1.791,42.0,25.76,0.0,19.0,3340.0,6.0,24.98,-0.38,-0.81,0.1,57.25,51.11,-21.66,490.0,TEST2RR,AKR_TEST2RR,0.0,1.0,1.0,100.0
286260,2,walk,walk,15171,,15171.0,20.0,0.0,1.0,6.0,27.17,-0.165,-2.431,-1.976,42.0,25.76,0.0,19.0,3340.0,6.0,24.43,-0.37,-0.81,0.09,53.69,49.08,-31.22,490.0,TEST2RR,AKR_TEST2RR,0.0,1.0,1.0,100.0
286280,2,walk,walk,15172,,15172.0,20.0,0.0,1.0,6.0,27.51,-0.197,-1.901,-2.187,42.0,25.76,0.0,19.0,3340.0,6.0,23.69,-0.35,-0.8,0.08,49.7,48.33,-40.63,490.0,TEST2RR,AKR_TEST2RR,0.0,1.0,1.0,100.0
286300,2,walk,walk,15173,,15173.0,20.0,0.0,1.0,6.0,27.77,-0.224,-1.779,-2.1,42.0,25.76,0.0,19.0,3340.0,6.0,22.81,-0.34,-0.81,0.07,45.32,49.06,-49.82,490.0,TEST2RR,AKR_TEST2RR,0.0,1.0,1.0,100.0
286340,2,walk,walk,15174,,15174.0,20.0,0.0,1.0,6.0,27.95,-0.247,-1.339,-2.579,42.0,25.72,0.0,19.0,3340.0,6.0,21.89,-0.33,-0.81,0.06,40.67,51.49,-58.7,490.0,TEST2RR,AKR_TEST2RR,0.0,1.0,1.0,100.0
286360,2,walk,walk,15175,,15175.0,20.0,0.0,1.0,6.0,28.02,-0.265,-1.107,-2.473,42.0,25.72,0.0,19.0,3340.0,6.0,21.08,-0.32,-0.82,0.04,35.98,55.82,-66.97,490.0,TEST2RR,AKR_TEST2RR,0.0,1.0,1.0,100.0
286360,2,walk,walk,15176,,15176.0,20.0,0.0,1.0,6.0,27.99,-0.282,-1.013,-2.655,42.0,25.72,0.0,19.0,3340.0,6.0,20.56,-0.31,-0.83,0.03,31.45,62.0,-74.34,490.0,TEST2RR,AKR_TEST2RR,0.0,1.0,1.0,100.0
286380,2,walk,walk,15177,,15177.0,20.0,0.0,1.0,6.0,27.84,-0.294,-0.793,-3.09,42.0,25.72,0.0,19.0,3340.0,6.0,20.51,-0.31,-0.84,0.01,27.28,69.6,-80.44,490.0,TEST2RR,AKR_TEST2RR,0.0,1.0,1.0,100.0
286400,2,walk,walk,15178,,15178.0,20.0,0.0,1.0,6.0,27.56,-0.303,-0.459,-3.264,42.0,25.69,0.0,19.0,3340.0,6.0,21.03,-0.33,-0.86,0.0,23.5,77.86,-84.82,490.0,TEST2RR,AKR_TEST2RR,0.0,1.0,1.0,100.0
286420,2,walk,walk,15179,,15179.0,20.0,0.0,1.0,6.0,27.16,-0.31,-0.424,-3.367,42.0,25.69,0.0,19.0,3340.0,6.0,22.16,-0.36,-0.87,-0.03,19.98,85.85,-87.15,490.0,TEST2RR,AKR_TEST2RR,0.0,1.0,1.0,100.0
286460,2,walk,walk,15180,,15180.0,20.0,0.0,1.0,6.0,26.62,-0.316,-0.343,-3.546,42.0,25.65,0.0,19.0,3340.0,6.0,23.77,-0.39,-0.89,-0.05,16.52,92.67,-87.28,490.0,TEST2RR,AKR_TEST2RR,0.0,1.0,1.0,100.0
286480,2,walk,walk,15181,,15181.0,20.0,0.0,3.0,7.0,25.97,-0.319,-0.112,-3.934,42.0,25.62,0.0,19.0,3340.0,6.0,25.39,-0.43,-0.91,-0.08,13.6,97.9,-85.29,490.0,TEST2RR,AKR_TEST2RR,0.0,1.0,1.0,100.0
286500,2,walk,walk,15182,,15182.0,20.0,0.0,3.0,7.0,25.19,-0.319,-0.028,-4.207,42.0,25.58,0.0,19.0,3340.0,6.0,26.66,-0.47,-0.93,-0.09,11.58,101.16,-81.38,490.0,TEST2RR,AKR_TEST2RR,0.0,1.0,1.0,100.0
286500,2,walk,walk,15183,,15183.0,20.0,0.0,3.0,7.0,24.32,-0.318,0.178,-4.604,42.0,25.54,0.0,19.0,3340.0,6.0,27.4,-0.5,-0.96,-0.09,10.36,102.4,-75.81,490.0,TEST2RR,AKR_TEST2RR,0.0,1.0,1.0,100.0
286540,2,walk,walk,15184,,15184.0,20.0,1.0,3.0,7.0,23.35,-0.315,0.173,-4.674,42.0,25.51,0.0,20.0,3340.0,6.0,27.6,-0.51,-0.98,-0.07,9.61,101.84,-68.95,490.0,TEST2RR,AKR_TEST2RR,0.0,1.0,1.0,100.0
286540,2,walk,walk,15185,,15185.0,20.0,1.0,3.0,7.0,22.32,-0.312,0.156,-4.581,42.0,25.54,0.0,20.0,3340.0,6.0,27.35,-0.52,-1.01,-0.05,8.94,99.69,-61.18,490.0,TEST2RR,AKR_TEST2RR,0.0,1.0,1.0,100.0
286560,2,walk,walk,15186,,15186.0,20.0,0.0,3.0,7.0,21.23,-0.308,0.24,-4.536,42.0,25.54,0.0,19.0,3340.0,6.0,26.78,-0.52,-1.02,-0.02,8.13,96.06,-52.93,490.0,TEST2RR,AKR_TEST2RR,0.0,1.0,1.0,100.0
286580,2,walk,walk,15187,,15187.0,20.0,0.0,3.0,7.0,20.12,-0.301,0.563,-4.578,42.0,25.58,0.0,19.0,3340.0,6.0,26.02,-0.51,-1.04,0.01,7.1,91.04,-44.66,490.0,TEST2RR,AKR_TEST2RR,0.0,1.0,1.0,100.0
286620,2,walk,walk,15188,,15188.0,20.0,1.0,3.0,7.0,19.0,-0.29,0.784,-4.408,42.0,25.65,0.0,20.0,3340.0,6.0,25.15,-0.49,-1.05,0.04,5.94,84.82,-36.77,490.0,TEST2RR,AKR_TEST2RR,0.0,1.0,1.0,100.0
286640,2,walk,walk,15189,,15189.0,20.0,0.0,3.0,7.0,17.88,-0.277,0.908,-4.079,42.0,25.65,0.0,19.0,3340.0,6.0,24.2,-0.47,-1.05,0.06,4.78,77.73,-29.56,490.0,TEST2RR,AKR_TEST2RR,0.0,1.0,1.0,100.0
286700,2,walk,walk,15190,,15190.0,20.0,0.0,3.0,7.0,16.8,-0.262,1.066,-3.824,42.0,25.72,0.0,19.0,3340.0,6.0,23.18,-0.45,-1.06,0.08,3.75,70.2,-23.18,490.0,TEST2RR,AKR_TEST2RR,0.0,1.0,1.0,100.0
286720,2,walk,walk,15191,,15191.0,20.0,0.0,3.0,7.0,15.76,-0.245,1.274,-3.501,42.0,25.79,0.0,19.0,3340.0,6.0,22.1,-0.43,-1.06,0.09,2.93,62.65,-17.74,490.0,TEST2RR,AKR_TEST2RR,0.0,1.0,1.0,100.0
286720,2,walk,walk,15192,,15192.0,20.0,0.0,3.0,7.0,14.78,-0.222,1.597,-3.048,42.0,25.83,0.0,19.0,3340.0,6.0,21.05,-0.41,-1.06,0.1,2.33,55.35,-13.27,490.0,TEST2RR,AKR_TEST2RR,0.0,1.0,1.0,100.0
286720,2,walk,walk,15193,,15193.0,20.0,0.0,3.0,7.0,13.87,-0.197,1.174,-2.281,42.0,25.86,0.0,19.0,3340.0,6.0,20.15,-0.39,-1.06,0.1,1.86,48.37,-9.83,490.0,TEST2RR,AKR_TEST2RR,0.0,1.0,1.0,100.0
286720,2,walk,walk,15194,,15194.0,20.0,0.0,3.0,7.0,13.03,-0.182,0.9,-1.306,42.0,25.9,0.0,19.0,3340.0,6.0,19.44,-0.37,-1.05,0.1,1.38,41.77,-7.38,490.0,TEST2RR,AKR_TEST2RR,0.0,1.0,1.0,100.0
286740,2,walk,walk,15195,,15195.0,20.0,0.0,3.0,7.0,12.28,-0.171,0.915,-1.078,42.0,25.93,0.0,19.0,3340.0,6.0,18.89,-0.36,-1.04,0.11,0.77,35.61,-5.83,490.0,TEST2RR,AKR_TEST2RR,0.0,1.0,1.0,100.0
286780,2,walk,walk,15196,,15196.0,20.0,0.0,3.0,7.0,11.61,-0.159,0.653,-0.503,42.0,25.93,0.0,19.0,3340.0,6.0,18.47,-0.35,-1.04,0.11,-0.03,29.97,-4.96,490.0,TEST2RR,AKR_TEST2RR,0.0,1.0,1.0,100.0
286820,2,walk,walk,15197,,15197.0,20.0,0.0,3.0,7.0,11.03,-0.154,0.151,-0.218,42.0,25.93,0.0,19.0,3340.0,6.0,18.12,-0.34,-1.03,0.11,-1.03,24.93,-4.49,490.0,TEST2RR,AKR_TEST2RR,0.0,1.0,1.0,100.0
286820,2,walk,walk,15198,,15198.0,20.0,0.0,3.0,7.0,10.53,-0.154,-0.104,-0.158,42.0,25.9,0.0,19.0,3340.0,6.0,17.79,-0.33,-1.02,0.11,-2.21,20.51,-4.2,490.0,TEST2RR,AKR_TEST2RR,0.0,1.0,1.0,100.0
286840,2,walk,walk,15199,,15199.0,20.0,0.0,3.0,7.0,10.11,-0.155,-0.191,-0.144,42.0,25.93,0.0,19.0,3340.0,6.0,17.46,-0.32,-1.02,0.11,-3.49,16.73,-3.94,490.0,TEST2RR,AKR_TEST2RR,0.0,1.0,1.0,100.0
286840,2,walk,walk,15200,,15200.0,20.0,0.0,3.0,7.0,9.75,-0.156,-0.025,-0.15,42.0,25.9,0.0,19.0,3340.0,6.0,17.12,-0.31,-1.01,0.11,-4.8,13.54,-3.62,490.0,TEST2RR,AKR_TEST2RR,0.0,1.0,1.0,100.0
286860,2,walk,walk,15201,,15201.0,20.0,1.0,3.0,7.0,9.46,-0.157,-0.001,-0.133,42.0,25.93,0.0,20.0,3340.0,6.0,16.75,-0.3,-1.01,0.1,-6.1,10.91,-3.22,490.0,TEST2RR,AKR_TEST2RR,0.0,1.0,1.0,100.0
286880,2,walk,walk,15202,,15202.0,20.0,0.0,0.0,1.0,9.23,-0.157,-0.046,-0.067,42.0,25.93,0.0,19.0,3340.0,6.0,16.38,-0.3,-1.01,0.1,-7.35,8.78,-2.73,490.0,TEST2RR,AKR_TEST2RR,0.0,1.0,1.0,100.0
286900,2,walk,walk,15203,,15203.0,20.0,0.0,0.0,1.0,9.06,-0.158,-0.032,-0.013,42.0,25.93,0.0,19.0,3340.0,6.0,15.99,-0.29,-1.0,0.1,-8.53,7.09,-2.16,490.0,TEST2RR,AKR_TEST2RR,0.0,1.0,1.0,100.0
286920,2,walk,walk,15204,,15204.0,20.0,0.0,0.0,1.0,8.92,-0.158,-0.032,-0.013,42.0,25.93,0.0,39.0,3340.0,6.0,15.62,-0.28,-1.0,0.09,-9.64,5.78,-1.52,490.0,TEST2RR,AKR_TEST2RR,0.0,1.0,1.0,100.0
286940,2,walk,walk,15205,,15205.0,20.0,0.0,0.0,1.0,8.83,-0.158,-0.032,-0.013,42.0,25.93,0.0,59.0,3340.0,6.0,15.26,-0.27,-1.0,0.09,-10.66,4.78,-0.86,490.0,TEST2RR,AKR_TEST2RR,0.0,1.0,1.0,100.0
286980,2,walk,walk,15206,,15206.0,20.0,1.0,0.0,1.0,8.77,-0.165,-0.912,0.0,42.0,25.93,0.0,4.0,3340.0,6.0,14.93,-0.27,-1.0,0.08,-11.58,4.04,-0.22,490.0,TEST2RR,AKR_TEST2RR,0.0,1.0,1.0,100.0
286980,2,walk,walk,15207,,15207.0,20.0,1.0,0.0,1.0,8.74,-0.165,-0.173,0.0,42.0,25.93,0.0,4.0,3340.0,6.0,14.62,-0.26,-1.0,0.08,-12.39,3.51,0.38,490.0,TEST2RR,AKR_TEST2RR,0.0,1.0,1.0,100.0
287000,2,walk,walk,15208,,15208.0,20.0,0.0,0.0,1.0,8.73,-0.167,-0.066,0.0,42.0,25.93,0.0,3.0,3340.0,6.0,14.35,-0.26,-1.0,0.07,-13.09,3.14,0.93,490.0,TEST2RR,AKR_TEST2RR,0.0,1.0,1.0,100.0
287020,2,walk,walk,15209,,15209.0,20.0,0.0,0.0,1.0,8.75,-0.168,0.023,0.0,42.0,25.93,0.0,3.0,3340.0,6.0,14.12,-0.25,-1.0,0.06,-13.68,2.91,1.41,490.0,TEST2RR,AKR_TEST2RR,0.0,1.0,1.0,100.0
287040,2,walk,walk,15210,,15210.0,20.0,0.0,0.0,1.0,8.78,-0.168,-0.066,0.0,42.0,25.93,0.0,3.0,3340.0,6.0,13.93,-0.25,-1.0,0.06,-14.17,2.79,1.8,490.0,TEST2RR,AKR_TEST2RR,0.0,1.0,1.0,100.0
287060,2,walk,walk,15211,,15211.0,20.0,0.0,0.0,1.0,8.82,-0.168,0.036,0.0,42.0,25.93,0.0,3.0,3340.0,6.0,13.77,-0.24,-1.0,0.05,-14.57,2.75,2.1,490.0,TEST2RR,AKR_TEST2RR,0.0,1.0,1.0,100.0
287080,2,walk,walk,15212,,15212.0,20.0,0.0,0.0,1.0,8.88,-0.17,-0.107,0.0,42.0,25.93,0.0,3.0,3340.0,6.0,13.65,-0.24,-1.0,0.05,-14.9,2.78,2.3,490.0,TEST2RR,AKR_TEST2RR,0.0,1.0,1.0,100.0
287100,2,walk,walk,15213,,15213.0,20.0,0.0,0.0,1.0,8.95,-0.173,-0.19,0.0,42.0,25.93,0.0,3.0,3340.0,6.0,13.55,-0.24,-1.0,0.04,-15.14,2.85,2.42,490.0,TEST2RR,AKR_TEST2RR,0.0,1.0,1.0,100.0
287120,2,walk,walk,15214,,15214.0,20.0,0.0,0.0,1.0,9.03,-0.177,-0.31,0.0,42.0,25.97,0.0,3.0,3340.0,6.0,13.46,-0.24,-1.0,0.03,-15.3,2.97,2.53,491.0,TEST2RR,AKR_TEST2RR,0.0,1.0,1.0,100.0
287160,2,walk,walk,15215,,15215.0,20.0,0.0,0.0,1.0,9.12,-0.181,-0.156,0.0,42.0,25.93,0.0,3.0,3340.0,6.0,13.38,-0.24,-1.0,0.02,-15.35,3.1,2.67,491.0,TEST2RR,AKR_TEST2RR,0.0,1.0,1.0,100.0
287180,2,walk,walk,15216,,15216.0,20.0,0.0,0.0,1.0,9.21,-0.183,-0.097,0.0,42.0,25.93,0.0,3.0,3340.0,6.0,13.3,-0.24,-1.0,0.02,-15.25,3.24,2.87,491.0,TEST2RR,AKR_TEST2RR,0.0,1.0,1.0,100.0
287180,2,walk,walk,15217,,15217.0,20.0,0.0,0.0,1.0,9.31,-0.187,-0.191,0.0,42.0,25.93,0.0,3.0,3340.0,6.0,13.23,-0.24,-1.0,0.01,-14.98,3.33,3.15,491.0,TEST2RR,AKR_TEST2RR,0.0,1.0,1.0,100.0
287200,2,walk,walk,15218,,15218.0,20.0,0.0,0.0,1.0,9.41,-0.191,-0.335,0.0,42.0,25.93,0.0,3.0,3340.0,6.0,13.15,-0.23,-1.0,0.0,-14.53,3.37,3.54,491.0,TEST2RR,AKR_TEST2RR,0.0,1.0,1.0,100.0
287220,2,walk,walk,15219,,15219.0,20.0,0.0,0.0,1.0,9.52,-0.198,-0.508,0.0,42.0,25.93,0.0,3.0,3340.0,6.0,13.08,-0.23,-1.0,-0.01,-13.86,3.35,4.08,491.0,TEST2RR,AKR_TEST2RR,0.0,1.0,1.0,100.0
287240,2,walk,walk,15220,,15220.0,20.0,0.0,0.0,1.0,9.63,-0.208,-0.549,0.0,42.0,25.93,0.0,3.0,3340.0,6.0,13.02,-0.23,-1.01,-0.01,-12.99,3.28,4.83,491.0,TEST2RR,AKR_TEST2RR,0.0,1.0,1.0,100.0
287260,2,walk,walk,15221,,15221.0,20.0,0.0,0.0,1.0,9.74,-0.216,-0.573,0.0,42.0,25.93,0.0,3.0,3340.0,6.0,12.99,-0.23,-1.01,-0.02,-11.91,3.16,5.82,491.0,TEST2RR,AKR_TEST2RR,0.0,1.0,1.0,100.0
287280,2,walk,walk,15222,,15222.0,20.0,0.0,0.0,1.0,9.85,-0.227,-1.009,0.0,42.0,25.93,0.0,3.0,3340.0,6.0,12.98,-0.23,-1.01,-0.03,-10.66,2.97,7.07,491.0,TEST2RR,AKR_TEST2RR,0.0,1.0,1.0,100.0
287320,2,walk,walk,15223,,15223.0,20.0,0.0,0.0,1.0,9.97,-0.241,-0.9,0.0,42.0,25.93,0.0,3.0,3340.0,6.0,12.99,-0.23,-1.01,-0.03,-9.27,2.73,8.65,491.0,TEST2RR,AKR_TEST2RR,0.0,1.0,1.0,100.0
287320,2,walk,walk,15224,,15224.0,20.0,0.0,0.0,1.0,10.09,-0.253,-0.845,0.0,42.0,25.93,0.0,3.0,3340.0,6.0,13.05,-0.23,-1.01,-0.04,-7.74,2.43,10.57,491.0,TEST2RR,AKR_TEST2RR,0.0,1.0,1.0,100.0
287340,2,walk,walk,15225,,15225.0,20.0,0.0,0.0,1.0,10.22,-0.262,-0.323,0.0,42.0,25.93,0.0,3.0,3340.0,6.0,13.16,-0.24,-1.01,-0.04,-6.06,2.07,12.76,491.0,TEST2RR,AKR_TEST2RR,0.0,1.0,1.0,100.0
287360,2,walk,walk,15226,,15226.0,20.0,0.0,0.0,1.0,10.36,-0.266,-0.315,0.0,42.0,25.93,0.0,3.0,3340.0,6.0,13.35,-0.24,-1.01,-0.05,-4.24,1.66,15.03,491.0,TEST2RR,AKR_TEST2RR,0.0,1.0,1.0,100.0
287380,2,walk,walk,15227,,15227.0,20.0,0.0,0.0,1.0,10.5,-0.27,-0.225,0.0,42.0,25.93,0.0,3.0,3340.0,6.0,13.62,-0.24,-1.01,-0.05,-2.32,1.22,17.18,491.0,TEST2RR,AKR_TEST2RR,0.0,1.0,1.0,100.0
287420,2,walk,walk,15228,,15228.0,20.0,0.0,0.0,1.0,10.66,-0.274,-0.224,0.0,42.0,25.93,0.0,3.0,3340.0,6.0,13.98,-0.25,-1.01,-0.05,-0.39,0.78,19.04,491.0,TEST2RR,AKR_TEST2RR,0.0,1.0,1.0,100.0
287440,2,walk,walk,15229,,15229.0,20.0,0.0,0.0,1.0,10.83,-0.278,-0.291,0.0,42.0,25.93,0.0,3.0,3340.0,6.0,14.41,-0.26,-1.01,-0.05,1.48,0.36,20.5,491.0,TEST2RR,AKR_TEST2RR,0.0,1.0,1.0,100.0
287460,2,walk,walk,15230,,15230.0,20.0,0.0,0.0,1.0,11.02,-0.282,-0.379,0.0,42.0,25.93,0.0,3.0,3340.0,6.0,14.9,-0.27,-1.0,-0.05,3.19,0.0,21.53,491.0,TEST2RR,AKR_TEST2RR,0.0,1.0,1.0,100.0
287460,2,walk,walk,15231,,15231.0,20.0,0.0,0.0,1.0,11.23,-0.284,-0.011,0.0,42.0,25.93,0.0,3.0,3340.0,6.0,15.43,-0.28,-1.0,-0.05,4.68,-0.29,22.11,491.0,TEST2RR,AKR_TEST2RR,0.0,1.0,1.0,100.0
287480,2,walk,walk,15232,,15232.0,20.0,0.0,0.0,1.0,11.46,-0.286,-0.096,0.0,42.0,25.93,0.0,3.0,3340.0,6.0,15.97,-0.28,-0.99,-0.04,5.92,-0.52,22.24,491.0,TEST2RR,AKR_TEST2RR,0.0,1.0,1.0,100.0
287500,2,walk,walk,15233,,15233.0,20.0,0.0,0.0,1.0,11.71,-0.287,0.018,0.0,42.0,25.93,0.0,3.0,3340.0,6.0,16.5,-0.29,-0.99,-0.04,6.87,-0.69,21.98,491.0,TEST2RR,AKR_TEST2RR,0.0,1.0,1.0,100.0
287520,2,walk,walk,15234,,15234.0,20.0,0.0,0.0,1.0,11.98,-0.287,-0.023,0.0,42.0,25.93,0.0,3.0,3340.0,6.0,17.02,-0.3,-0.98,-0.03,7.54,-0.8,21.36,491.0,TEST2RR,AKR_TEST2RR,0.0,1.0,1.0,100.0
287540,2,walk,walk,15235,,15235.0,20.0,0.0,0.0,1.0,12.27,-0.287,-0.07,0.0,42.0,25.93,0.0,3.0,3340.0,6.0,17.51,-0.31,-0.98,-0.03,7.95,-0.87,20.46,491.0,TEST2RR,AKR_TEST2RR,0.0,1.0,1.0,100.0
287560,2,walk,walk,15236,,15236.0,20.0,0.0,6.0,2.0,12.58,-0.288,-0.021,0.0,42.0,25.93,0.0,3.0,3340.0,6.0,17.96,-0.32,-0.98,-0.02,8.11,-0.87,19.33,491.0,TEST2RR,AKR_TEST2RR,0.0,1.0,1.0,100.0
287580,2,walk,walk,15237,,15237.0,20.0,0.0,6.0,2.0,12.91,-0.289,-0.117,-0.015,42.0,25.86,0.0,18.0,3340.0,6.0,18.37,-0.32,-0.97,-0.02,8.07,-0.82,18.03,491.0,TEST2RR,AKR_TEST2RR,0.0,1.0,1.0,100.0
287600,2,walk,walk,15238,,15238.0,20.0,0.0,6.0,2.0,13.26,-0.208,6.938,4.915,42.0,24.88,0.0,18.0,3340.0,6.0,18.77,-0.33,-0.97,-0.01,7.99,-0.93,15.41,491.0,TEST2RR,AKR_TEST2RR,0.0,1.0,1.0,100.0
287640,2,walk,walk,15239,,15239.0,20.0,1.0,6.0,2.0,13.62,-0.13,3.578,6.939,42.0,24.63,0.0,19.0,3340.0,6.0,19.1,-0.34,-0.97,-0.01,7.85,-1.41,11.09,491.0,TEST2RR,AKR_TEST2RR,0.0,1.0,1.0,100.0
287640,2,walk,walk,15240,,15240.0,20.0,0.0,6.0,2.0,13.98,-0.099,1.106,8.852,42.0,24.28,0.0,18.0,3340.0,6.0,19.31,-0.34,-0.97,-0.01,7.65,-2.23,5.61,491.0,TEST2RR,AKR_TEST2RR,0.0,1.0,1.0,100.0
287660,2,walk,walk,15241,,15241.0,20.0,0.0,6.0,2.0,14.35,-0.089,0.523,9.485,42.0,24.21,0.0,18.0,3340.0,6.0,19.4,-0.34,-0.97,0.0,7.38,-3.14,-0.3,491.0,TEST2RR,AKR_TEST2RR,0.0,1.0,1.0,100.0
287680,2,walk,walk,15242,,15242.0,20.0,1.0,6.0,2.0,14.71,-0.081,0.318,9.072,42.0,24.35,0.0,19.0,3340.0,6.0,19.35,-0.34,-0.97,0.0,7.03,-3.99,-5.97,491.0,TEST2RR,AKR_TEST2RR,0.0,1.0,1.0,100.0
287740,2,walk,walk,15243,,15243.0,20.0,1.0,6.0,2.0,15.05,-0.075,0.303,8.666,42.0,24.46,0.0,19.0,3340.0,6.0,19.2,-0.34,-0.97,0.0,6.61,-4.65,-10.97,491.0,TEST2RR,AKR_TEST2RR,0.0,1.0,1.0,100.0
287740,2,walk,walk,15244,,15244.0,20.0,1.0,6.0,2.0,15.37,-0.072,0.158,8.415,42.0,24.53,0.0,19.0,3340.0,6.0,18.96,-0.34,-0.98,0.01,6.15,-5.08,-15.05,491.0,TEST2RR,AKR_TEST2RR,0.0,1.0,1.0,100.0
287760,2,walk,walk,15245,,15245.0,20.0,1.0,6.0,2.0,15.67,-0.068,0.205,8.128,42.0,24.63,0.0,19.0,3340.0,6.0,18.65,-0.33,-0.98,0.01,5.66,-5.24,-18.16,491.0,TEST2RR,AKR_TEST2RR,0.0,1.0,1.0,100.0
287780,2,walk,walk,15246,,15246.0,20.0,1.0,6.0,2.0,15.92,-0.067,0.146,7.93,42.0,24.7,0.0,19.0,3340.0,6.0,18.3,-0.32,-0.98,0.01,5.16,-5.14,-20.34,491.0,TEST2RR,AKR_TEST2RR,0.0,1.0,1.0,100.0
287820,2,walk,walk,15247,,15247.0,20.0,1.0,6.0,2.0,16.13,-0.064,0.054,7.549,42.0,24.81,0.0,19.0,3340.0,6.0,17.91,-0.32,-0.98,0.01,4.68,-4.83,-21.73,491.0,TEST2RR,AKR_TEST2RR,0.0,1.0,1.0,100.0
287820,2,walk,walk,15248,,15248.0,20.0,1.0,6.0,2.0,16.3,-0.061,0.07,7.375,42.0,24.91,0.0,19.0,3340.0,6.0,17.49,-0.31,-0.98,0.01,4.23,-4.35,-22.48,491.0,TEST2RR,AKR_TEST2RR,0.0,1.0,1.0,100.0
287820,2,walk,walk,15249,,15249.0,20.0,1.0,6.0,2.0,16.41,-0.06,0.079,7.142,42.0,24.95,0.0,19.0,3340.0,6.0,17.03,-0.3,-0.98,0.01,3.85,-3.77,-22.71,491.0,TEST2RR,AKR_TEST2RR,0.0,1.0,1.0,100.0
287840,2,walk,walk,15250,,15250.0,20.0,1.0,6.0,2.0,16.47,-0.058,0.126,6.916,42.0,25.02,0.0,19.0,3340.0,6.0,16.55,-0.29,-0.98,0.01,3.53,-3.11,-22.56,491.0,TEST2RR,AKR_TEST2RR,0.0,1.0,1.0,100.0
287860,2,walk,walk,15251,,15251.0,20.0,1.0,6.0,2.0,16.47,-0.056,0.134,6.661,42.0,25.09,0.0,19.0,3340.0,6.0,16.03,-0.28,-0.99,0.01,3.3,-2.42,-22.09,491.0,TEST2RR,AKR_TEST2RR,0.0,1.0,1.0,100.0
287880,2,walk,walk,15252,,15252.0,20.0,1.0,6.0,2.0,16.43,-0.054,0.042,6.502,42.0,25.12,0.0,19.0,3340.0,6.0,15.49,-0.27,-0.99,0.01,3.16,-1.75,-21.37,491.0,TEST2RR,AKR_TEST2RR,0.0,1.0,1.0,100.0
287900,2,walk,walk,15253,,15253.0,20.0,1.0,6.0,2.0,16.34,-0.053,0.065,6.454,42.0,25.12,0.0,19.0,3340.0,6.0,14.93,-0.26,-0.99,0.01,3.12,-1.12,-20.42,491.0,TEST2RR,AKR_TEST2RR,0.0,1.0,1.0,100.0
287920,2,walk,walk,15254,,15254.0,20.0,1.0,6.0,2.0,16.21,-0.053,0.021,6.431,42.0,25.16,0.0,19.0,3340.0,6.0,14.36,-0.25,-0.99,0.01,3.21,-0.57,-19.24,491.0,TEST2RR,AKR_TEST2RR,0.0,1.0,1.0,100.0
287960,2,walk,walk,15255,,15255.0,20.0,1.0,6.0,2.0,16.04,-0.053,0.033,6.443,42.0,25.16,0.0,19.0,3340.0,6.0,13.78,-0.24,-1.0,0.01,3.45,-0.11,-17.84,491.0,TEST2RR,AKR_TEST2RR,0.0,1.0,1.0,100.0
287980,2,walk,walk,15256,,15256.0,20.0,1.0,6.0,2.0,15.83,-0.053,-0.041,6.452,42.0,25.12,0.0,19.0,3340.0,6.0,13.21,-0.24,-1.0,0.01,3.83,0.24,-16.2,491.0,TEST2RR,AKR_TEST2RR,0.0,1.0,1.0,100.0
287980,2,walk,walk,15257,,15257.0,20.0,1.0,6.0,2.0,15.6,-0.053,0.046,6.402,42.0,25.16,0.0,19.0,3340.0,6.0,12.66,-0.23,-1.01,0.01,4.36,0.49,-14.34,491.0,TEST2RR,AKR_TEST2RR,0.0,1.0,1.0,100.0
288000,2,walk,walk,15258,,15258.0,20.0,1.0,6.0,2.0,15.35,-0.053,-0.028,6.338,42.0,25.16,0.0,19.0,3340.0,6.0,12.15,-0.22,-1.01,0.01,5.0,0.62,-12.28,491.0,TEST2RR,AKR_TEST2RR,0.0,1.0,1.0,100.0
288040,2,walk,walk,15259,,15259.0,20.0,1.0,6.0,2.0,15.07,-0.052,-0.007,6.32,42.0,25.19,0.0,19.0,3340.0,6.0,11.68,-0.21,-1.02,0.01,5.73,0.66,-10.05,491.0,TEST2RR,AKR_TEST2RR,0.0,1.0,1.0,100.0
288040,2,walk,walk,15260,,15260.0,20.0,1.0,6.0,2.0,14.79,-0.052,0.033,6.246,42.0,25.19,0.0,19.0,3340.0,6.0,11.27,-0.2,-1.02,0.01,6.5,0.65,-7.72,491.0,TEST2RR,AKR_TEST2RR,0.0,1.0,1.0,100.0
288060,2,walk,walk,15261,,15261.0,20.0,1.0,6.0,2.0,14.51,-0.051,0.018,6.135,42.0,25.23,0.0,19.0,3340.0,6.0,10.96,-0.2,-1.02,0.01,7.27,0.63,-5.34,491.0,TEST2RR,AKR_TEST2RR,0.0,1.0,1.0,100.0
288100,2,walk,walk,15262,,15262.0,20.0,1.0,6.0,2.0,14.22,-0.051,0.05,6.077,42.0,25.23,0.0,19.0,3340.0,6.0,10.75,-0.19,-1.03,0.01,8.01,0.61,-3.0,491.0,TEST2RR,AKR_TEST2RR,0.0,1.0,1.0,100.0
288120,2,walk,walk,15263,,15263.0,20.0,1.0,6.0,2.0,13.94,-0.05,0.03,6.046,42.0,25.26,0.0,19.0,3340.0,6.0,10.65,-0.19,-1.03,0.02,8.68,0.59,-0.79,492.0,TEST2RR,AKR_TEST2RR,0.0,1.0,1.0,100.0
288140,2,walk,walk,15264,,15264.0,20.0,1.0,6.0,2.0,13.67,-0.049,0.079,5.939,42.0,25.26,0.0,19.0,3340.0,6.0,10.65,-0.19,-1.03,0.02,9.25,0.56,1.22,492.0,TEST2RR,AKR_TEST2RR,0.0,1.0,1.0,100.0
288140,2,walk,walk,15265,,15265.0,20.0,1.0,6.0,2.0,13.41,-0.049,0.021,5.97,42.0,25.26,0.0,19.0,3340.0,6.0,10.75,-0.19,-1.02,0.02,9.71,0.53,2.98,492.0,TEST2RR,AKR_TEST2RR,0.0,1.0,1.0,100.0
288160,2,walk,walk,15266,,15266.0,20.0,1.0,6.0,2.0,13.17,-0.049,0.034,5.969,42.0,25.26,0.0,19.0,3340.0,6.0,10.92,-0.2,-1.02,0.03,10.05,0.48,4.46,492.0,TEST2RR,AKR_TEST2RR,0.0,1.0,1.0,100.0
288180,2,walk,walk,15267,,15267.0,20.0,1.0,6.0,2.0,12.95,-0.049,0.057,5.964,42.0,25.3,0.0,19.0,3340.0,6.0,11.15,-0.2,-1.02,0.03,10.27,0.4,5.64,492.0,TEST2RR,AKR_TEST2RR,0.0,1.0,1.0,100.0
288200,2,walk,walk,15268,,15268.0,20.0,1.0,6.0,2.0,12.76,-0.049,-0.018,5.979,42.0,25.26,0.0,19.0,3340.0,6.0,11.41,-0.2,-1.01,0.04,10.38,0.32,6.53,492.0,TEST2RR,AKR_TEST2RR,0.0,1.0,1.0,100.0
288220,2,walk,walk,15269,,15269.0,20.0,1.0,6.0,2.0,12.59,-0.049,0.061,5.929,42.0,25.26,0.0,19.0,3340.0,6.0,11.7,-0.21,-1.01,0.04,10.38,0.2,7.14,492.0,TEST2RR,AKR_TEST2RR,0.0,1.0,1.0,100.0
288240,2,walk,walk,15270,,15270.0,20.0,1.0,6.0,2.0,12.45,-0.049,-0.045,5.97,43.0,25.26,0.0,19.0,3340.0,6.0,12.01,-0.21,-1.0,0.04,10.27,0.06,7.49,492.0,TEST2RR,AKR_TEST2RR,0.0,1.0,1.0,100.0
288300,2,walk,walk,15271,,15271.0,20.0,1.0,6.0,2.0,12.34,-0.049,0.001,5.966,43.0,25.26,0.0,19.0,3340.0,6.0,12.31,-0.22,-1.0,0.05,10.05,-0.09,7.57,492.0,TEST2RR,AKR_TEST2RR,0.0,1.0,1.0,100.0
288300,2,walk,walk,15272,,15272.0,20.0,1.0,6.0,2.0,12.26,-0.049,-0.003,5.956,43.0,25.26,0.0,19.0,3340.0,6.0,12.6,-0.22,-0.99,0.05,9.72,-0.25,7.44,492.0,TEST2RR,AKR_TEST2RR,0.0,1.0,1.0,100.0
288300,2,walk,walk,15273,,15273.0,20.0,1.0,6.0,2.0,12.2,-0.049,-0.119,5.914,43.0,25.26,0.0,19.0,3340.0,6.0,12.86,-0.23,-0.99,0.06,9.29,-0.38,7.12,492.0,TEST2RR,AKR_TEST2RR,0.0,1.0,1.0,100.0
288340,2,walk,walk,15274,,15274.0,20.0,1.0,6.0,2.0,12.16,-0.049,0.036,6.015,43.0,25.26,0.0,19.0,3340.0,6.0,13.06,-0.23,-0.99,0.06,8.75,-0.47,6.68,492.0,TEST2RR,AKR_TEST2RR,0.0,1.0,1.0,100.0
288340,2,walk,walk,15275,,15275.0,20.0,1.0,6.0,2.0,12.15,-0.049,0.005,5.954,43.0,25.26,0.0,19.0,3340.0,6.0,13.22,-0.23,-0.99,0.07,8.14,-0.51,6.16,492.0,TEST2RR,AKR_TEST2RR,0.0,1.0,1.0,100.0
288380,2,walk,walk,15276,,15276.0,20.0,2.0,6.0,2.0,12.17,-0.049,-0.049,5.919,43.0,25.3,0.0,20.0,3340.0,6.0,13.33,-0.23,-0.99,0.07,7.46,-0.47,5.62,492.0,TEST2RR,AKR_TEST2RR,0.0,1.0,1.0,100.0
288400,2,walk,walk,15277,,15277.0,20.0,1.0,6.0,2.0,12.2,-0.048,0.06,5.825,43.0,25.3,0.0,19.0,3340.0,6.0,13.39,-0.24,-0.99,0.07,6.74,-0.37,5.08,492.0,TEST2RR,AKR_TEST2RR,0.0,1.0,1.0,100.0
288400,2,walk,walk,15278,,15278.0,20.0,2.0,6.0,2.0,12.24,-0.047,0.053,5.701,43.0,25.33,0.0,20.0,3340.0,6.0,13.42,-0.24,-0.99,0.07,6.0,-0.2,4.57,492.0,TEST2RR,AKR_TEST2RR,0.0,1.0,1.0,100.0
288440,2,walk,walk,15279,,15279.0,20.0,2.0,6.0,2.0,12.3,-0.046,-0.044,5.588,43.0,25.33,0.0,20.0,3340.0,6.0,13.43,-0.24,-0.99,0.08,5.27,0.03,4.12,492.0,TEST2RR,AKR_TEST2RR,0.0,1.0,1.0,100.0
288460,2,walk,walk,15280,,15280.0,20.0,2.0,6.0,2.0,12.38,-0.046,0.013,5.492,43.0,25.37,0.0,20.0,3340.0,6.0,13.42,-0.24,-0.99,0.08,4.56,0.29,3.73,492.0,TEST2RR,AKR_TEST2RR,0.0,1.0,1.0,100.0
288460,2,walk,walk,15281,,15281.0,20.0,2.0,6.0,2.0,12.45,-0.045,0.083,5.294,43.0,25.4,0.0,20.0,3340.0,6.0,13.39,-0.24,-0.99,0.08,3.9,0.58,3.43,492.0,TEST2RR,AKR_TEST2RR,0.0,1.0,1.0,100.0
288480,2,walk,walk,15282,,15282.0,20.0,2.0,6.0,2.0,12.54,-0.044,0.03,5.175,43.0,25.44,0.0,20.0,3340.0,6.0,13.36,-0.24,-1.0,0.08,3.29,0.87,3.21,492.0,TEST2RR,AKR_TEST2RR,0.0,1.0,1.0,100.0
288520,2,walk,walk,15283,,15283.0,20.0,2.0,6.0,2.0,12.63,-0.042,0.202,4.946,43.0,25.44,0.0,20.0,3340.0,6.0,13.33,-0.24,-1.0,0.08,2.76,1.15,3.07,492.0,TEST2RR,AKR_TEST2RR,0.0,1.0,1.0,100.0
288520,2,walk,walk,15284,,15284.0,20.0,2.0,6.0,2.0,12.72,-0.04,0.123,4.702,43.0,25.47,0.0,20.0,3340.0,6.0,13.3,-0.24,-1.0,0.08,2.29,1.41,3.0,492.0,TEST2RR,AKR_TEST2RR,0.0,1.0,1.0,100.0
288540,2,walk,walk,15285,,15285.0,20.0,2.0,6.0,2.0,12.81,-0.038,0.126,4.491,43.0,25.51,0.0,20.0,3340.0,6.0,13.29,-0.24,-1.0,0.08,1.88,1.65,2.98,492.0,TEST2RR,AKR_TEST2RR,0.0,1.0,1.0,100.0
288600,2,walk,walk,15286,,15286.0,20.0,2.0,6.0,2.0,12.89,-0.037,0.095,4.426,43.0,25.51,0.0,20.0,3340.0,6.0,13.29,-0.24,-1.0,0.08,1.53,1.86,3.02,492.0,TEST2RR,AKR_TEST2RR,0.0,1.0,1.0,100.0
288620,2,walk,walk,15287,,15287.0,20.0,2.0,6.0,2.0,12.98,-0.036,0.046,4.322,43.0,25.54,0.0,20.0,3340.0,6.0,13.32,-0.24,-1.0,0.08,1.23,2.06,3.09,492.0,TEST2RR,AKR_TEST2RR,0.0,1.0,1.0,100.0
288620,2,walk,walk,15288,,15288.0,20.0,2.0,6.0,2.0,13.06,-0.036,0.077,4.223,43.0,25.58,0.0,20.0,3340.0,6.0,13.38,-0.24,-1.0,0.08,0.96,2.24,3.15,492.0,TEST2RR,AKR_TEST2RR,0.0,1.0,1.0,100.0
288660,2,walk,walk,15289,,15289.0,20.0,2.0,6.0,2.0,13.15,-0.035,0.089,4.112,43.0,25.58,0.0,20.0,3340.0,6.0,13.47,-0.24,-1.0,0.08,0.73,2.38,3.2,492.0,TEST2RR,AKR_TEST2RR,0.0,1.0,1.0,100.0
288660,2,walk,walk,15290,,15290.0,20.0,2.0,6.0,2.0,13.22,-0.034,0.036,4.065,43.0,25.58,0.0,20.0,3340.0,6.0,13.59,-0.24,-1.0,0.08,0.51,2.49,3.2,492.0,TEST2RR,AKR_TEST2RR,0.0,1.0,1.0,100.0
288660,2,walk,walk,15291,,15291.0,20.0,2.0,6.0,2.0,13.3,-0.034,-0.095,4.036,43.0,25.58,0.0,20.0,3340.0,6.0,13.73,-0.24,-1.0,0.07,0.31,2.55,3.14,492.0,TEST2RR,AKR_TEST2RR,0.0,1.0,1.0,100.0
288700,2,walk,walk,15292,,15292.0,20.0,2.0,6.0,2.0,13.37,-0.033,0.011,4.026,43.0,25.58,0.0,20.0,3340.0,6.0,13.89,-0.25,-0.99,0.07,0.14,2.57,3.0,492.0,TEST2RR,AKR_TEST2RR,0.0,1.0,1.0,100.0
288700,2,walk,walk,15293,,15293.0,20.0,2.0,6.0,2.0,13.44,-0.033,-0.001,4.013,43.0,25.58,0.0,20.0,3340.0,6.0,14.04,-0.25,-0.99,0.07,-0.02,2.55,2.8,492.0,TEST2RR,AKR_TEST2RR,0.0,1.0,1.0,100.0
288720,2,walk,walk,15294,,15294.0,20.0,2.0,6.0,2.0,13.51,-0.033,-0.03,4.003,43.0,25.58,0.0,20.0,3340.0,6.0,14.19,-0.25,-0.99,0.07,-0.14,2.48,2.51,492.0,TEST2RR,AKR_TEST2RR,0.0,1.0,1.0,100.0
288760,2,walk,walk,15295,,15295.0,20.0,2.0,6.0,2.0,13.58,-0.033,-0.019,4.008,43.0,25.58,0.0,20.0,3340.0,6.0,14.32,-0.25,-0.99,0.07,-0.23,2.38,2.17,492.0,TEST2RR,AKR_TEST2RR,0.0,1.0,1.0,100.0
288800,2,walk,walk,15296,,15296.0,20.0,2.0,6.0,2.0,13.64,-0.033,-0.025,4.052,43.0,25.58,0.0,20.0,3340.0,6.0,14.43,-0.25,-0.99,0.07,-0.29,2.23,1.78,492.0,TEST2RR,AKR_TEST2RR,0.0,1.0,1.0,100.0
288800,2,walk,walk,15297,,15297.0,20.0,2.0,6.0,2.0,13.7,-0.033,0.026,3.998,43.0,25.58,0.0,19.0,3340.0,6.0,14.5,-0.26,-0.99,0.07,-0.31,2.07,1.36,492.0,TEST2RR,AKR_TEST2RR,0.0,1.0,1.0,100.0
288820,2,walk,walk,15298,,15298.0,20.0,2.0,6.0,2.0,13.76,-0.033,0.036,4.006,43.0,25.58,0.0,19.0,3340.0,6.0,14.55,-0.26,-0.99,0.07,-0.31,1.89,0.93,492.0,TEST2RR,AKR_TEST2RR,0.0,1.0,1.0,100.0
288820,2,walk,walk,15299,,15299.0,20.0,2.0,6.0,2.0,13.82,-0.033,-0.095,4.018,43.0,25.62,0.0,19.0,3340.0,6.0,14.56,-0.26,-0.99,0.07,-0.28,1.71,0.51,492.0,TEST2RR,AKR_TEST2RR,0.0,1.0,1.0,100.0
288840,2,walk,walk,15300,,15300.0,20.0,2.0,6.0,2.0,13.87,-0.033,-0.021,4.002,43.0,25.62,0.0,19.0,3340.0,6.0,14.55,-0.26,-0.99,0.06,-0.24,1.54,0.12,492.0,TEST2RR,AKR_TEST2RR,0.0,1.0,1.0,100.0
288880,2,walk,walk,15301,,15301.0,20.0,2.0,6.0,2.0,13.93,-0.033,-0.064,3.99,44.0,25.62,0.0,19.0,3340.0,6.0,14.51,-0.26,-0.99,0.06,-0.18,1.38,-0.25,492.0,TEST2RR,AKR_TEST2RR,0.0,1.0,1.0,100.0
288880,2,walk,walk,15302,,15302.0,20.0,2.0,6.0,2.0,13.97,-0.033,0.057,3.934,44.0,25.62,0.0,19.0,3340.0,6.0,14.46,-0.25,-0.99,0.06,-0.12,1.26,-0.6,492.0,TEST2RR,AKR_TEST2RR,0.0,1.0,1.0,100.0
288900,2,walk,walk,15303,,15303.0,20.0,2.0,6.0,2.0,14.02,-0.032,0.085,3.855,44.0,25.62,0.0,19.0,3340.0,6.0,14.39,-0.25,-0.99,0.06,-0.05,1.15,-0.91,492.0,TEST2RR,AKR_TEST2RR,0.0,1.0,1.0,100.0
288940,2,walk,walk,15304,,15304.0,20.0,2.0,6.0,2.0,14.06,-0.031,0.028,3.753,44.0,25.62,0.0,19.0,3340.0,6.0,14.3,-0.25,-0.99,0.06,0.03,1.07,-1.19,492.0,TEST2RR,AKR_TEST2RR,0.0,1.0,1.0,100.0
288960,2,walk,walk,15305,,15305.0,20.0,2.0,6.0,2.0,14.09,-0.031,-0.026,3.674,44.0,25.65,0.0,19.0,3340.0,6.0,14.21,-0.25,-0.99,0.06,0.11,1.02,-1.44,492.0,TEST2RR,AKR_TEST2RR,0.0,1.0,1.0,100.0
288980,2,walk,walk,15306,,15306.0,20.0,2.0,6.0,2.0,14.12,-0.03,0.069,3.628,44.0,25.65,0.0,19.0,3340.0,6.0,14.1,-0.25,-0.99,0.06,0.22,0.99,-1.64,492.0,TEST2RR,AKR_TEST2RR,0.0,1.0,1.0,100.0
289020,2,walk,walk,15307,,15307.0,20.0,2.0,6.0,2.0,14.15,-0.03,0.042,3.522,44.0,25.65,0.0,19.0,3340.0,6.0,13.99,-0.25,-1.0,0.06,0.34,0.98,-1.79,492.0,TEST2RR,AKR_TEST2RR,0.0,1.0,1.0,100.0
289020,2,walk,walk,15308,,15308.0,20.0,2.0,6.0,2.0,14.17,-0.029,0.155,3.427,44.0,25.69,0.0,19.0,3340.0,6.0,13.88,-0.25,-1.0,0.06,0.48,0.98,-1.9,492.0,TEST2RR,AKR_TEST2RR,0.0,1.0,1.0,100.0
289020,2,walk,walk,15309,,15309.0,20.0,2.0,6.0,2.0,14.18,-0.028,0.033,3.3,44.0,25.69,0.0,19.0,3340.0,6.0,13.78,-0.24,-1.0,0.06,0.64,0.99,-1.98,492.0,TEST2RR,AKR_TEST2RR,0.0,1.0,1.0,100.0
289060,2,walk,walk,15310,,15310.0,20.0,2.0,6.0,2.0,14.19,-0.027,0.062,3.236,44.0,25.69,0.0,19.0,3340.0,6.0,13.68,-0.24,-1.0,0.06,0.83,1.01,-2.02,492.0,TEST2RR,AKR_TEST2RR,0.0,1.0,1.0,100.0
289060,2,walk,walk,15311,,15311.0,20.0,2.0,6.0,2.0,14.19,-0.027,0.032,3.181,44.0,25.72,0.0,19.0,3340.0,6.0,13.59,-0.24,-1.0,0.06,1.04,1.02,-2.04,492.0,TEST2RR,AKR_TEST2RR,0.0,1.0,1.0,100.0
289080,2,walk,walk,15312,,15312.0,20.0,2.0,6.0,2.0,14.19,-0.026,0.01,3.139,44.0,25.72,0.0,19.0,3340.0,6.0,13.51,-0.24,-1.0,0.06,1.27,1.04,-2.04,492.0,TEST2RR,AKR_TEST2RR,0.0,1.0,1.0,100.0
289120,2,walk,walk,15313,,15313.0,20.0,2.0,6.0,2.0,14.18,-0.025,0.023,3.02,44.0,25.72,0.0,19.0,3340.0,6.0,13.44,-0.24,-1.0,0.06,1.52,1.07,-2.03,493.0,TEST2RR,AKR_TEST2RR,0.0,1.0,1.0,100.0
289120,2,walk,walk,15314,,15314.0,20.0,2.0,6.0,2.0,14.16,-0.025,0.096,2.916,44.0,25.76,0.0,19.0,3340.0,6.0,13.36,-0.24,-1.0,0.06,1.76,1.11,-2.0,493.0,TEST2RR,AKR_TEST2RR,0.0,1.0,1.0,100.0
289140,2,walk,walk,15315,,15315.0,20.0,2.0,6.0,2.0,14.15,-0.023,0.095,2.737,44.0,25.76,0.0,19.0,3340.0,6.0,13.3,-0.24,-1.0,0.06,1.99,1.15,-1.96,493.0,TEST2RR,AKR_TEST2RR,0.0,1.0,1.0,100.0
289180,2,walk,walk,15316,,15316.0,20.0,2.0,6.0,2.0,14.12,-0.022,0.029,2.598,44.0,25.76,0.0,19.0,3340.0,6.0,13.23,-0.24,-1.0,0.06,2.18,1.21,-1.92,493.0,TEST2RR,AKR_TEST2RR,0.0,1.0,1.0,100.0
289180,2,walk,walk,15317,,15317.0,20.0,2.0,6.0,2.0,14.1,-0.021,0.131,2.431,44.0,25.79,0.0,19.0,3340.0,6.0,13.17,-0.24,-1.01,0.06,2.35,1.3,-1.9,493.0,TEST2RR,AKR_TEST2RR,0.0,1.0,1.0,100.0
289200,2,walk,walk,15318,,15318.0,20.0,2.0,6.0,2.0,14.07,-0.019,0.109,2.168,44.0,25.79,0.0,19.0,3340.0,6.0,13.12,-0.23,-1.01,0.06,2.47,1.42,-1.91,493.0,TEST2RR,AKR_TEST2RR,0.0,1.0,1.0,100.0
289240,2,walk,walk,15319,,15319.0,20.0,2.0,6.0,2.0,14.03,-0.017,0.108,1.946,44.0,25.83,0.0,19.0,3340.0,6.0,13.07,-0.23,-1.01,0.06,2.58,1.57,-1.97,493.0,TEST2RR,AKR_TEST2RR,0.0,1.0,1.0,100.0
289240,2,walk,walk,15320,,15320.0,20.0,2.0,6.0,2.0,14.0,-0.015,0.248,1.781,44.0,25.83,0.0,19.0,3340.0,6.0,13.03,-0.23,-1.01,0.06,2.67,1.72,-2.05,493.0,TEST2RR,AKR_TEST2RR,0.0,1.0,1.0,100.0
289280,2,walk,walk,15321,,15321.0,20.0,2.0,6.0,2.0,13.96,-0.014,0.084,1.638,44.0,25.86,0.0,19.0,3340.0,6.0,12.98,-0.23,-1.01,0.06,2.79,1.89,-2.13,493.0,TEST2RR,AKR_TEST2RR,0.0,1.0,1.0,100.0
289300,2,walk,walk,15322,,15322.0,20.0,2.0,6.0,2.0,13.92,-0.013,0.04,1.515,44.0,25.86,0.0,19.0,3340.0,6.0,12.91,-0.23,-1.01,0.06,2.94,2.04,-2.17,493.0,TEST2RR,AKR_TEST2RR,0.0,1.0,1.0,100.0
289300,2,walk,walk,15323,,15323.0,20.0,2.0,6.0,2.0,13.88,-0.012,0.046,1.397,44.0,25.9,0.0,19.0,3340.0,6.0,12.82,-0.23,-1.01,0.06,3.17,2.19,-2.13,493.0,TEST2RR,AKR_TEST2RR,0.0,1.0,1.0,100.0
289340,2,walk,walk,15324,,15324.0,20.0,2.0,6.0,2.0,13.83,-0.011,0.107,1.318,44.0,25.9,0.0,19.0,3340.0,6.0,12.7,-0.23,-1.01,0.06,3.48,2.33,-1.95,493.0,TEST2RR,AKR_TEST2RR,0.0,1.0,1.0,100.0
289360,2,walk,walk,15325,,15325.0,20.0,2.0,6.0,2.0,13.79,-0.011,0.061,1.307,44.0,25.86,0.0,19.0,3340.0,6.0,12.54,-0.22,-1.01,0.06,3.9,2.45,-1.58,493.0,TEST2RR,AKR_TEST2RR,0.0,1.0,1.0,100.0
289360,2,walk,walk,15326,,15326.0,20.0,2.0,6.0,2.0,13.74,-0.01,-0.014,1.178,44.0,25.9,0.0,19.0,3340.0,6.0,12.36,-0.22,-1.01,0.06,4.41,2.54,-0.99,493.0,TEST2RR,AKR_TEST2RR,0.0,1.0,1.0,100.0
289380,2,walk,walk,15327,,15327.0,20.0,2.0,6.0,2.0,13.7,-0.01,-0.019,1.123,44.0,25.9,0.0,19.0,3340.0,6.0,12.15,-0.22,-1.02,0.06,5.01,2.65,-0.16,493.0,TEST2RR,AKR_TEST2RR,0.0,1.0,1.0,100.0
289420,2,walk,walk,15328,,15328.0,20.0,2.0,6.0,2.0,13.65,-0.009,0.042,1.08,44.0,25.9,0.0,19.0,3340.0,6.0,11.92,-0.22,-1.02,0.06,5.69,2.78,0.92,493.0,TEST2RR,AKR_TEST2RR,0.0,1.0,1.0,100.0
289440,2,walk,walk,15329,,15329.0,20.0,2.0,6.0,2.0,13.6,-0.009,0.095,0.982,44.0,25.9,0.0,19.0,3340.0,6.0,11.7,-0.21,-1.02,0.06,6.43,2.95,2.27,493.0,TEST2RR,AKR_TEST2RR,0.0,1.0,1.0,100.0
289460,2,walk,walk,15330,,15330.0,20.0,2.0,6.0,2.0,13.56,-0.008,0.038,0.915,44.0,25.9,0.0,19.0,3340.0,6.0,11.49,-0.21,-1.03,0.06,7.19,3.18,3.85,493.0,TEST2RR,AKR_TEST2RR,0.0,1.0,1.0,100.0
289480,2,walk,walk,15331,,15331.0,20.0,2.0,6.0,2.0,13.52,-0.007,0.045,0.859,44.0,25.9,0.0,19.0,3340.0,6.0,11.3,-0.21,-1.03,0.07,7.95,3.49,5.66,493.0,TEST2RR,AKR_TEST2RR,0.0,1.0,1.0,100.0
289480,2,walk,walk,15332,,15332.0,20.0,2.0,6.0,2.0,13.48,-0.007,-0.01,0.718,44.0,25.9,0.0,19.0,3340.0,6.0,11.16,-0.2,-1.03,0.07,8.73,3.9,7.65,493.0,TEST2RR,AKR_TEST2RR,0.0,1.0,1.0,100.0
289500,2,walk,walk,15333,,15333.0,20.0,2.0,6.0,2.0,13.45,-0.006,0.085,0.608,44.0,25.9,0.0,19.0,3340.0,6.0,11.05,-0.2,-1.04,0.07,9.52,4.43,9.77,493.0,TEST2RR,AKR_TEST2RR,0.0,1.0,1.0,100.0
289540,2,walk,walk,15334,,15334.0,20.0,2.0,6.0,2.0,13.43,-0.005,0.049,0.455,44.0,25.9,0.0,19.0,3340.0,6.0,11.0,-0.2,-1.04,0.08,10.33,5.15,11.96,493.0,TEST2RR,AKR_TEST2RR,0.0,1.0,1.0,100.0
289540,2,walk,walk,15335,,15335.0,20.0,2.0,6.0,2.0,13.42,-0.004,0.103,0.363,44.0,25.93,0.0,19.0,3340.0,6.0,10.98,-0.2,-1.04,0.08,11.17,6.1,14.19,493.0,TEST2RR,AKR_TEST2RR,0.0,1.0,1.0,100.0
289560,2,walk,walk,15336,,15336.0,20.0,2.0,6.0,2.0,13.43,-0.004,0.011,0.284,44.0,25.9,0.0,19.0,3340.0,6.0,11.01,-0.2,-1.04,0.09,12.04,7.33,16.41,493.0,TEST2RR,AKR_TEST2RR,0.0,1.0,1.0,100.0
289620,2,walk,walk,15337,,15337.0,20.0,2.0,6.0,2.0,13.45,-0.003,-0.032,0.246,44.0,25.9,0.0,19.0,3340.0,6.0,11.06,-0.2,-1.04,0.1,12.94,8.87,18.59,493.0,TEST2RR,AKR_TEST2RR,0.0,1.0,1.0,100.0
289620,2,walk,walk,15338,,15338.0,20.0,2.0,6.0,2.0,13.49,-0.002,0.053,0.124,44.0,25.93,0.0,19.0,3340.0,6.0,11.13,-0.21,-1.04,0.11,13.88,10.73,20.71,493.0,TEST2RR,AKR_TEST2RR,0.0,1.0,1.0,100.0
289660,2,walk,walk,15339,,15339.0,20.0,2.0,6.0,2.0,13.55,-0.001,-0.01,-0.016,44.0,25.9,0.0,19.0,3340.0,6.0,11.21,-0.21,-1.04,0.11,14.85,12.89,22.7,493.0,TEST2RR,AKR_TEST2RR,0.0,1.0,1.0,100.0
289660,2,walk,walk,15340,,15340.0,20.0,2.0,6.0,2.0,13.63,0.0,0.023,-0.181,44.0,25.9,0.0,19.0,3340.0,6.0,11.27,-0.21,-1.04,0.12,15.81,15.22,24.46,493.0,TEST2RR,AKR_TEST2RR,0.0,1.0,1.0,100.0
289660,2,walk,walk,15341,,15341.0,20.0,2.0,6.0,2.0,13.74,0.001,0.002,-0.356,44.0,25.9,0.0,19.0,3340.0,6.0,11.31,-0.21,-1.04,0.13,16.73,17.45,25.86,493.0,TEST2RR,AKR_TEST2RR,0.0,1.0,1.0,100.0
289680,2,walk,walk,15342,,15342.0,20.0,2.0,6.0,2.0,13.88,0.002,0.026,-0.473,44.0,25.9,0.0,19.0,3340.0,6.0,11.31,-0.21,-1.04,0.13,17.6,19.25,26.7,493.0,TEST2RR,AKR_TEST2RR,0.0,1.0,1.0,100.0
289720,2,walk,walk,15343,,15343.0,20.0,2.0,6.0,2.0,14.04,0.004,0.033,-0.569,44.0,25.93,0.0,19.0,3340.0,6.0,11.27,-0.21,-1.04,0.13,18.39,20.33,26.74,493.0,TEST2RR,AKR_TEST2RR,0.0,1.0,1.0,100.0
289760,2,walk,walk,15344,,15344.0,20.0,1.0,6.0,2.0,14.23,0.004,0.046,-0.565,44.0,25.9,0.0,18.0,3340.0,6.0,11.18,-0.2,-1.03,0.13,19.07,20.53,25.74,493.0,TEST2RR,AKR_TEST2RR,0.0,1.0,1.0,100.0
289760,2,walk,walk,15345,,15345.0,20.0,1.0,6.0,2.0,14.45,0.004,0.041,-0.494,44.0,25.9,0.0,18.0,3340.0,6.0,11.02,-0.2,-1.03,0.13,19.62,19.86,23.6,493.0,TEST2RR,AKR_TEST2RR,0.0,1.0,1.0,100.0
289780,2,walk,walk,15346,,15346.0,20.0,1.0,6.0,2.0,14.68,0.004,-0.021,-0.486,44.0,25.9,0.0,18.0,3340.0,6.0,10.78,-0.19,-1.02,0.12,20.0,18.5,20.32,493.0,TEST2RR,AKR_TEST2RR,0.0,1.0,1.0,100.0
289780,2,walk,walk,15347,,15347.0,20.0,1.0,6.0,2.0,14.94,0.004,0.103,-0.451,44.0,25.9,0.0,18.0,3340.0,6.0,10.45,-0.19,-1.02,0.12,20.17,16.75,16.03,493.0,TEST2RR,AKR_TEST2RR,0.0,1.0,1.0,100.0
289820,2,walk,walk,15348,,15348.0,20.0,1.0,6.0,2.0,15.21,0.004,0.014,-0.482,44.0,25.9,0.0,18.0,3340.0,6.0,10.03,-0.18,-1.01,0.11,20.1,15.01,10.88,493.0,TEST2RR,AKR_TEST2RR,0.0,1.0,1.0,100.0
289820,2,walk,walk,15349,,15349.0,20.0,1.0,0.0,5.0,15.49,0.004,0.021,-0.483,44.0,25.9,0.0,18.0,3500.0,6.0,9.54,-0.17,-1.0,0.11,19.75,13.68,5.05,493.0,TEST2RR,AKR_TEST2RR,0.0,1.0,1.0,100.0
289840,2,walk,walk,15350,,15350.0,20.0,0.0,0.0,6.0,15.76,0.004,0.007,-0.488,44.0,25.9,0.0,19.0,3500.0,6.0,8.99,-0.16,-1.0,0.11,19.11,13.01,-1.46,493.0,TEST2RR,AKR_TEST2RR,0.0,1.0,1.0,100.0
289880,2,walk,walk,15351,,15351.0,20.0,0.0,0.0,6.0,16.02,0.004,0.007,-0.488,44.0,25.9,0.0,39.0,3500.0,6.0,8.38,-0.15,-0.99,0.1,18.18,13.11,-8.6,493.0,TEST2RR,AKR_TEST2RR,0.0,1.0,1.0,100.0
289880,2,walk,walk,15352,,15352.0,20.0,0.0,0.0,6.0,16.26,0.004,0.007,-0.488,44.0,25.9,0.0,59.0,3500.0,6.0,7.77,-0.13,-0.99,0.1,16.95,13.97,-16.26,493.0,TEST2RR,AKR_TEST2RR,0.0,1.0,1.0,100.0
289900,2,walk,walk,15353,,15353.0,20.0,0.0,0.0,6.0,16.46,0.083,20.75,0.0,44.0,25.93,0.0,2.0,3500.0,6.0,7.19,-0.12,-0.98,0.09,15.4,15.52,-24.26,493.0,TEST2RR,AKR_TEST2RR,0.0,1.0,1.0,100.0
289940,2,walk,walk,15354,,15354.0,20.0,0.0,0.0,6.0,16.62,0.094,0.711,0.0,44.0,25.93,0.0,2.0,3500.0,6.0,6.7,-0.11,-0.97,0.09,13.49,17.61,-32.46,493.0,TEST2RR,AKR_TEST2RR,0.0,1.0,1.0,100.0
289960,2,walk,walk,15355,,15355.0,20.0,0.0,0.0,6.0,16.72,0.102,0.354,0.0,44.0,25.93,0.0,2.0,3500.0,6.0,6.32,-0.11,-0.97,0.08,11.2,20.08,-40.78,493.0,TEST2RR,AKR_TEST2RR,0.0,1.0,1.0,100.0
289960,2,walk,walk,15356,,15356.0,20.0,0.0,0.0,6.0,16.75,0.105,-0.049,0.0,44.0,25.93,0.0,2.0,3500.0,6.0,6.08,-0.1,-0.96,0.07,8.53,22.73,-49.09,493.0,TEST2RR,AKR_TEST2RR,0.0,1.0,1.0,100.0
289980,2,walk,walk,15357,,15357.0,20.0,0.0,0.0,6.0,16.71,0.105,-0.026,0.0,44.0,25.93,0.0,2.0,3500.0,6.0,5.95,-0.1,-0.96,0.06,5.49,25.34,-57.29,493.0,TEST2RR,AKR_TEST2RR,0.0,1.0,1.0,100.0
290000,2,walk,walk,15358,,15358.0,20.0,0.0,0.0,6.0,16.57,0.105,0.038,0.0,44.0,25.93,0.0,2.0,3500.0,6.0,5.93,-0.1,-0.95,0.04,2.08,27.7,-65.28,493.0,TEST2RR,AKR_TEST2RR,0.0,1.0,1.0,100.0
290020,2,walk,walk,15359,,15359.0,20.0,0.0,0.0,6.0,16.33,0.107,0.185,0.0,44.0,25.93,0.0,2.0,3500.0,6.0,5.98,-0.1,-0.95,0.03,-1.66,29.66,-73.0,493.0,TEST2RR,AKR_TEST2RR,0.0,1.0,1.0,100.0
290040,2,walk,walk,15360,,15360.0,20.0,0.0,0.0,6.0,16.0,0.109,0.026,0.0,44.0,25.93,0.0,2.0,3500.0,6.0,6.07,-0.1,-0.95,0.02,-5.7,31.17,-80.32,493.0,TEST2RR,AKR_TEST2RR,0.0,1.0,1.0,100.0
290060,2,walk,walk,15361,,15361.0,20.0,0.0,0.0,6.0,15.55,0.109,-0.005,0.0,44.0,25.93,0.0,2.0,3500.0,6.0,6.2,-0.1,-0.95,0.0,-9.94,32.3,-87.05,493.0,TEST2RR,AKR_TEST2RR,0.0,1.0,1.0,100.0
290100,2,walk,walk,15362,,15362.0,20.0,0.0,0.0,6.0,14.99,0.109,0.048,0.0,44.0,25.93,0.0,2.0,3500.0,6.0,6.37,-0.11,-0.96,-0.01,-14.26,33.12,-92.93,494.0,TEST2RR,AKR_TEST2RR,0.0,1.0,1.0,100.0
290100,2,walk,walk,15363,,15363.0,20.0,0.0,0.0,6.0,14.31,0.109,-0.12,0.0,44.0,25.93,0.0,2.0,3500.0,6.0,6.62,-0.11,-0.97,-0.02,-18.44,33.7,-97.6,494.0,TEST2RR,AKR_TEST2RR,0.0,1.0,1.0,100.0
290120,2,walk,walk,15364,,15364.0,20.0,0.0,0.0,6.0,13.51,0.109,0.022,0.0,44.0,25.93,0.0,2.0,3500.0,6.0,6.98,-0.12,-0.98,-0.03,-22.25,34.08,-100.59,494.0,TEST2RR,AKR_TEST2RR,0.0,1.0,1.0,100.0
290140,2,walk,walk,15365,,15365.0,20.0,0.0,0.0,6.0,12.6,0.109,-0.017,0.0,44.0,25.93,0.0,2.0,3500.0,6.0,7.52,-0.13,-1.0,-0.03,-25.47,34.14,-101.39,494.0,TEST2RR,AKR_TEST2RR,0.0,1.0,1.0,100.0
290180,2,walk,walk,15366,,15366.0,20.0,0.0,0.0,7.0,11.58,0.109,0.076,0.0,44.0,25.93,0.0,2.0,3500.0,6.0,8.26,-0.15,-1.02,-0.04,-27.93,33.7,-99.55,494.0,TEST2RR,AKR_TEST2RR,0.0,1.0,1.0,100.0
290180,2,walk,walk,15367,,15367.0,20.0,0.0,0.0,7.0,10.46,0.109,0.203,0.0,44.0,25.93,0.0,2.0,3500.0,6.0,9.16,-0.17,-1.03,-0.04,-29.6,32.51,-94.86,494.0,TEST2RR,AKR_TEST2RR,0.0,1.0,1.0,100.0
290220,2,walk,walk,15368,,15368.0,20.0,0.0,0.0,7.0,9.25,0.114,0.577,0.0,44.0,25.93,0.0,2.0,3500.0,6.0,10.14,-0.19,-1.05,-0.04,-30.48,30.42,-87.48,494.0,TEST2RR,AKR_TEST2RR,0.0,1.0,1.0,100.0
290240,2,walk,walk,15369,,15369.0,20.0,0.0,0.0,7.0,7.97,0.127,0.91,0.0,43.0,25.93,0.0,2.0,3500.0,6.0,11.09,-0.21,-1.06,-0.03,-30.65,27.37,-77.89,494.0,TEST2RR,AKR_TEST2RR,0.0,1.0,1.0,100.0
290240,2,walk,walk,15370,,15370.0,20.0,0.0,0.0,7.0,6.63,0.138,0.606,0.0,44.0,25.93,0.0,2.0,3500.0,6.0,11.93,-0.23,-1.08,-0.03,-30.22,23.43,-66.69,494.0,TEST2RR,AKR_TEST2RR,0.0,1.0,1.0,100.0
290280,2,walk,walk,15371,,15371.0,20.0,0.0,0.0,7.0,5.25,0.148,1.126,0.0,43.0,25.93,0.0,2.0,3500.0,6.0,12.42,-0.24,-1.09,-0.02,-29.34,18.71,-54.48,494.0,TEST2RR,AKR_TEST2RR,0.0,1.0,1.0,100.0
290300,2,walk,walk,15372,,15372.0,20.0,0.0,0.0,7.0,3.86,0.163,0.498,0.0,43.0,25.93,0.0,2.0,3500.0,6.0,12.36,-0.24,-1.1,-0.02,-27.97,13.59,-42.1,494.0,TEST2RR,AKR_TEST2RR,0.0,1.0,1.0,100.0
290300,2,walk,walk,15373,,15373.0,20.0,0.0,0.0,7.0,2.48,0.165,0.265,0.0,43.0,25.93,0.0,2.0,3500.0,6.0,11.55,-0.23,-1.11,-0.01,-26.03,8.64,-30.48,494.0,TEST2RR,AKR_TEST2RR,0.0,1.0,1.0,100.0
290320,2,walk,walk,15374,,15374.0,20.0,0.0,0.0,7.0,1.15,0.188,2.316,0.0,43.0,25.93,0.0,2.0,3500.0,6.0,9.89,-0.2,-1.12,0.01,-23.51,4.23,-20.34,494.0,TEST2RR,AKR_TEST2RR,0.0,1.0,1.0,100.0
290340,2,walk,walk,15375,,15375.0,20.0,0.0,0.0,7.0,-0.13,0.223,0.786,0.0,43.0,25.93,0.0,2.0,3500.0,6.0,7.55,-0.15,-1.12,0.02,-20.59,0.4,-12.05,494.0,TEST2RR,AKR_TEST2RR,0.0,1.0,1.0,100.0
290360,2,walk,walk,15376,,15376.0,20.0,0.0,0.0,7.0,-1.33,0.208,-2.047,0.0,43.0,25.93,0.0,2.0,3500.0,6.0,4.92,-0.1,-1.13,0.04,-17.53,-2.5,-5.54,494.0,TEST2RR,AKR_TEST2RR,0.0,1.0,1.0,100.0
290380,2,walk,walk,15377,,15377.0,20.0,0.0,0.0,1.0,-2.44,0.192,-0.132,0.0,43.0,25.93,0.0,2.0,3500.0,6.0,2.29,-0.05,-1.13,0.05,-14.64,-4.46,-0.4,494.0,TEST2RR,AKR_TEST2RR,0.0,1.0,1.0,100.0
290420,2,walk,walk,15378,,15378.0,20.0,0.0,0.0,1.0,-3.44,0.189,-0.381,0.0,43.0,25.93,0.0,2.0,3500.0,6.0,-0.17,0.0,-1.12,0.07,-12.12,-5.56,3.64,494.0,TEST2RR,AKR_TEST2RR,0.0,1.0,1.0,100.0
290440,2,walk,walk,15379,,15379.0,20.0,0.0,0.0,1.0,-4.32,0.176,-0.946,0.0,43.0,25.93,0.0,2.0,3500.0,6.0,-2.33,0.05,-1.12,0.07,-10.01,-6.01,6.87,494.0,TEST2RR,AKR_TEST2RR,0.0,1.0,1.0,100.0
290440,2,walk,walk,15380,,15380.0,20.0,0.0,0.0,1.0,-5.09,0.168,-0.401,0.0,43.0,25.93,0.0,2.0,3500.0,6.0,-4.16,0.08,-1.12,0.08,-8.23,-5.95,9.57,494.0,TEST2RR,AKR_TEST2RR,0.0,1.0,1.0,100.0
290460,2,walk,walk,15381,,15381.0,20.0,0.0,0.0,1.0,-5.75,0.155,-1.032,0.0,43.0,25.93,0.0,2.0,3500.0,6.0,-5.62,0.11,-1.11,0.08,-6.66,-5.56,11.93,494.0,TEST2RR,AKR_TEST2RR,0.0,1.0,1.0,100.0
290480,2,walk,walk,15382,,15382.0,20.0,0.0,0.0,1.0,-6.29,0.145,-0.571,0.0,43.0,25.93,0.0,2.0,3500.0,6.0,-6.75,0.13,-1.1,0.07,-5.2,-4.97,14.1,494.0,TEST2RR,AKR_TEST2RR,0.0,1.0,1.0,100.0
290500,2,walk,walk,15383,,15383.0,20.0,0.0,0.0,1.0,-6.73,0.133,-1.198,0.0,43.0,25.93,0.0,2.0,3500.0,6.0,-7.55,0.15,-1.1,0.06,-3.79,-4.26,16.16,494.0,TEST2RR,AKR_TEST2RR,0.0,1.0,1.0,100.0
290520,2,walk,walk,15384,,15384.0,20.0,0.0,0.0,1.0,-7.07,0.121,-0.37,0.0,43.0,25.93,0.0,2.0,3500.0,6.0,-8.08,0.15,-1.09,0.05,-2.43,-3.53,18.17,494.0,TEST2RR,AKR_TEST2RR,0.0,1.0,1.0,100.0
290540,2,walk,walk,15385,,15385.0,20.0,0.0,0.0,1.0,-7.32,0.11,-0.839,0.0,43.0,25.93,0.0,2.0,3500.0,6.0,-8.36,0.16,-1.08,0.04,-1.14,-2.81,20.1,494.0,TEST2RR,AKR_TEST2RR,0.0,1.0,1.0,100.0
290580,2,walk,walk,15386,,15386.0,20.0,0.0,0.0,1.0,-7.49,0.098,-0.39,0.0,43.0,25.93,0.0,2.0,3500.0,6.0,-8.42,0.16,-1.07,0.04,0.04,-2.13,21.93,494.0,TEST2RR,AKR_TEST2RR,0.0,1.0,1.0,100.0
290580,2,walk,walk,15387,,15387.0,20.0,0.0,0.0,1.0,-7.58,0.089,-0.716,0.0,43.0,25.93,0.0,2.0,3500.0,6.0,-8.31,0.16,-1.07,0.03,1.08,-1.5,23.61,494.0,TEST2RR,AKR_TEST2RR,0.0,1.0,1.0,100.0
290620,2,walk,walk,15388,,15388.0,20.0,0.0,0.0,1.0,-7.6,0.077,-0.703,0.0,43.0,25.93,0.0,2.0,3500.0,6.0,-8.06,0.15,-1.06,0.02,1.95,-0.9,25.09,494.0,TEST2RR,AKR_TEST2RR,0.0,1.0,1.0,100.0
290620,2,walk,walk,15389,,15389.0,20.0,0.0,0.0,1.0,-7.56,0.068,-0.535,0.0,43.0,25.93,0.0,2.0,3500.0,6.0,-7.7,0.14,-1.05,0.02,2.65,-0.37,26.34,494.0,TEST2RR,AKR_TEST2RR,0.0,1.0,1.0,100.0
290640,2,walk,walk,15390,,15390.0,20.0,0.0,0.0,1.0,-7.47,0.06,-0.645,0.0,43.0,25.93,0.0,2.0,3500.0,6.0,-7.26,0.13,-1.05,0.01,3.18,0.08,27.33,494.0,TEST2RR,AKR_TEST2RR,0.0,1.0,1.0,100.0
290660,2,walk,walk,15391,,15391.0,20.0,0.0,0.0,1.0,-7.33,0.049,-0.545,0.0,43.0,25.93,0.0,2.0,3500.0,6.0,-6.75,0.12,-1.04,0.01,3.56,0.47,28.06,494.0,TEST2RR,AKR_TEST2RR,0.0,1.0,1.0,100.0
290680,2,walk,walk,15392,,15392.0,20.0,0.0,0.0,1.0,-7.13,0.041,-0.526,0.0,43.0,25.93,0.0,2.0,3500.0,6.0,-6.2,0.11,-1.04,0.0,3.8,0.79,28.57,494.0,TEST2RR,AKR_TEST2RR,0.0,1.0,1.0,100.0
290700,2,walk,walk,15393,,15393.0,20.0,0.0,0.0,1.0,-6.9,0.032,-0.775,0.0,43.0,25.93,0.0,2.0,3500.0,6.0,-5.62,0.1,-1.03,0.0,3.94,1.02,28.87,494.0,TEST2RR,AKR_TEST2RR,0.0,1.0,1.0,100.0
290720,2,walk,walk,15394,,15394.0,20.0,0.0,0.0,1.0,-6.63,0.02,-0.715,0.0,43.0,25.93,0.0,2.0,3500.0,6.0,-5.04,0.09,-1.03,0.0,4.01,1.19,29.01,494.0,TEST2RR,AKR_TEST2RR,0.0,1.0,1.0,100.0
290760,2,walk,walk,15395,,15395.0,20.0,0.0,0.0,1.0,-6.33,0.012,-0.491,0.0,43.0,25.93,0.0,2.0,3500.0,6.0,-4.46,0.08,-1.03,0.0,4.06,1.31,29.08,494.0,TEST2RR,AKR_TEST2RR,0.0,1.0,1.0,100.0
290780,2,walk,walk,15396,,15396.0,20.0,0.0,0.0,1.0,-5.99,-0.001,-0.985,0.0,43.0,25.93,0.0,2.0,3500.0,6.0,-3.89,0.07,-1.03,0.0,4.1,1.39,29.11,494.0,TEST2RR,AKR_TEST2RR,0.0,1.0,1.0,100.0
290800,2,walk,walk,15397,,15397.0,20.0,0.0,0.0,1.0,-5.63,-0.012,-0.672,0.0,43.0,25.93,0.0,2.0,3500.0,6.0,-3.32,0.06,-1.03,-0.01,4.14,1.45,29.18,494.0,TEST2RR,AKR_TEST2RR,0.0,1.0,1.0,100.0
290820,2,walk,walk,15398,,15398.0,20.0,0.0,0.0,1.0,-5.25,-0.024,-1.099,0.0,43.0,25.93,0.0,2.0,3500.0,6.0,-2.75,0.05,-1.03,-0.01,4.19,1.49,29.29,494.0,TEST2RR,AKR_TEST2RR,0.0,1.0,1.0,100.0
290820,2,walk,walk,15399,,15399.0,20.0,0.0,0.0,1.0,-4.84,-0.035,-0.441,0.0,43.0,25.93,0.0,2.0,3500.0,6.0,-2.18,0.04,-1.03,-0.01,4.21,1.51,29.47,494.0,TEST2RR,AKR_TEST2RR,0.0,1.0,1.0,100.0
290840,2,walk,walk,15400,,15400.0,20.0,0.0,0.0,1.0,-4.41,-0.043,-0.75,0.0,43.0,25.93,0.0,2.0,3500.0,6.0,-1.59,0.03,-1.02,-0.01,4.19,1.5,29.66,494.0,TEST2RR,AKR_TEST2RR,0.0,1.0,1.0,100.0
290860,2,walk,walk,15401,,15401.0,20.0,0.0,0.0,1.0,-3.96,-0.054,-0.538,0.0,43.0,25.93,0.0,2.0,3500.0,6.0,-1.0,0.02,-1.02,-0.01,4.09,1.48,29.82,494.0,TEST2RR,AKR_TEST2RR,0.0,1.0,1.0,100.0
290880,2,walk,walk,15402,,15402.0,20.0,0.0,0.0,1.0,-3.5,-0.06,-0.404,0.0,43.0,25.93,0.0,2.0,3500.0,6.0,-0.39,0.01,-1.02,-0.01,3.88,1.5,29.9,494.0,TEST2RR,AKR_TEST2RR,0.0,1.0,1.0,100.0
290920,2,walk,walk,15403,,15403.0,20.0,0.0,0.0,1.0,-3.03,-0.065,-0.292,0.0,43.0,25.93,0.0,2.0,3500.0,6.0,0.23,0.0,-1.02,-0.01,3.56,1.53,29.82,494.0,TEST2RR,AKR_TEST2RR,0.0,1.0,1.0,100.0
290920,2,walk,walk,15404,,15404.0,20.0,0.0,6.0,2.0,-2.55,-0.07,-0.437,0.0,43.0,25.93,0.0,2.0,3500.0,6.0,0.87,-0.02,-1.02,0.0,3.15,1.57,29.51,494.0,TEST2RR,AKR_TEST2RR,0.0,1.0,1.0,100.0
290940,2,walk,walk,15405,,15405.0,20.0,0.0,6.0,2.0,-2.05,-0.072,-0.637,0.015,43.0,25.9,0.0,18.0,3500.0,6.0,1.52,-0.03,-1.02,0.0,2.64,1.55,28.89,494.0,TEST2RR,AKR_TEST2RR,0.0,1.0,1.0,100.0
290980,2,walk,walk,15406,,15406.0,20.0,0.0,6.0,2.0,-1.55,-0.051,1.412,1.808,43.0,25.83,0.0,18.0,3500.0,6.0,2.2,-0.04,-1.02,0.0,2.05,1.3,27.64,494.0,TEST2RR,AKR_TEST2RR,0.0,1.0,1.0,100.0
290980,2,walk,walk,15407,,15407.0,20.0,0.0,6.0,2.0,-1.04,-0.033,0.976,1.777,43.0,25.83,0.0,18.0,3500.0,6.0,2.87,-0.05,-1.01,0.0,1.4,0.86,25.58,494.0,TEST2RR,AKR_TEST2RR,0.0,1.0,1.0,100.0
291000,2,walk,walk,15408,,15408.0,20.0,1.0,6.0,2.0,-0.53,-0.024,0.339,1.933,43.0,25.83,0.0,19.0,3500.0,6.0,3.51,-0.06,-1.01,0.0,0.67,0.33,22.76,494.0,TEST2RR,AKR_TEST2RR,0.0,1.0,1.0,100.0
291020,2,walk,walk,15409,,15409.0,20.0,0.0,6.0,2.0,-0.01,-0.019,0.319,1.858,43.0,25.83,0.0,18.0,3500.0,6.0,4.08,-0.07,-1.01,0.0,-0.13,-0.14,19.38,494.0,TEST2RR,AKR_TEST2RR,0.0,1.0,1.0,100.0
291060,2,walk,walk,15410,,15410.0,20.0,1.0,6.0,2.0,0.5,-0.015,0.258,1.497,43.0,25.86,0.0,19.0,3500.0,6.0,4.57,-0.08,-1.01,0.0,-1.01,-0.46,15.62,494.0,TEST2RR,AKR_TEST2RR,0.0,1.0,1.0,100.0
291080,2,walk,walk,15411,,15411.0,20.0,1.0,6.0,2.0,1.01,-0.011,0.213,1.133,43.0,25.9,0.0,19.0,3500.0,6.0,4.94,-0.09,-1.01,0.0,-1.98,-0.59,11.7,494.0,TEST2RR,AKR_TEST2RR,0.0,1.0,1.0,100.0
291080,2,walk,walk,15412,,15412.0,20.0,1.0,6.0,2.0,1.51,-0.008,0.164,0.983,43.0,25.9,0.0,19.0,3500.0,6.0,5.2,-0.09,-1.01,0.0,-3.01,-0.54,7.84,494.0,TEST2RR,AKR_TEST2RR,0.0,1.0,1.0,100.0
291100,2,walk,walk,15413,,15413.0,20.0,1.0,6.0,2.0,1.99,-0.007,0.104,0.795,43.0,25.9,0.0,19.0,3500.0,6.0,5.32,-0.09,-1.01,0.0,-4.07,-0.31,4.23,494.0,TEST2RR,AKR_TEST2RR,0.0,1.0,1.0,100.0
291120,2,walk,walk,15414,,15414.0,20.0,1.0,6.0,2.0,2.45,-0.006,0.077,0.583,43.0,25.93,0.0,19.0,3500.0,6.0,5.33,-0.09,-1.01,0.0,-5.13,0.04,1.01,494.0,TEST2RR,AKR_TEST2RR,0.0,1.0,1.0,100.0
291160,2,walk,walk,15415,,15415.0,20.0,1.0,6.0,2.0,2.88,-0.005,0.135,0.407,43.0,25.9,0.0,19.0,3500.0,6.0,5.22,-0.09,-1.01,-0.01,-6.11,0.46,-1.71,494.0,TEST2RR,AKR_TEST2RR,0.0,1.0,1.0,100.0
291180,2,walk,walk,15416,,15416.0,20.0,1.0,6.0,2.0,3.28,-0.004,-0.028,0.364,43.0,25.93,0.0,19.0,3500.0,6.0,5.03,-0.09,-1.01,-0.01,-6.94,0.9,-3.88,495.0,TEST2RR,AKR_TEST2RR,0.0,1.0,1.0,100.0
291180,2,walk,walk,15417,,15417.0,20.0,1.0,6.0,2.0,3.65,-0.004,-0.013,0.365,43.0,25.93,0.0,19.0,3500.0,6.0,4.77,-0.08,-1.01,-0.02,-7.52,1.29,-5.48,495.0,TEST2RR,AKR_TEST2RR,0.0,1.0,1.0,100.0
291220,2,walk,walk,15418,,15418.0,20.0,1.0,6.0,2.0,3.97,-0.004,-0.06,0.414,43.0,25.9,0.0,19.0,3500.0,6.0,4.48,-0.08,-1.02,-0.02,-7.8,1.6,-6.52,495.0,TEST2RR,AKR_TEST2RR,0.0,1.0,1.0,100.0
291220,2,walk,walk,15419,,15419.0,20.0,1.0,6.0,2.0,4.26,-0.004,0.023,0.486,43.0,25.93,0.0,19.0,3500.0,6.0,4.17,-0.07,-1.02,-0.03,-7.73,1.79,-7.04,495.0,TEST2RR,AKR_TEST2RR,0.0,1.0,1.0,100.0
291260,2,walk,walk,15420,,15420.0,20.0,1.0,6.0,2.0,4.5,-0.004,-0.087,0.588,43.0,25.93,0.0,19.0,3500.0,6.0,3.86,-0.07,-1.02,-0.04,-7.32,1.85,-7.07,495.0,TEST2RR,AKR_TEST2RR,0.0,1.0,1.0,100.0
291260,2,walk,walk,15421,,15421.0,20.0,1.0,6.0,2.0,4.7,-0.006,-0.108,0.757,43.0,25.9,0.0,19.0,3500.0,6.0,3.57,-0.06,-1.02,-0.04,-6.64,1.76,-6.68,495.0,TEST2RR,AKR_TEST2RR,0.0,1.0,1.0,100.0
291280,2,walk,walk,15422,,15422.0,20.0,1.0,6.0,2.0,4.86,-0.008,-0.113,1.099,43.0,25.9,0.0,19.0,3500.0,6.0,3.3,-0.06,-1.03,-0.05,-5.74,1.53,-5.91,495.0,TEST2RR,AKR_TEST2RR,0.0,1.0,1.0,100.0
291300,2,walk,walk,15423,,15423.0,20.0,1.0,6.0,2.0,4.98,-0.011,-0.224,1.452,43.0,25.9,0.0,19.0,3500.0,6.0,3.06,-0.05,-1.03,-0.05,-4.7,1.16,-4.77,495.0,TEST2RR,AKR_TEST2RR,0.0,1.0,1.0,100.0
291340,2,walk,walk,15424,,15424.0,20.0,1.0,6.0,2.0,5.07,-0.015,-0.391,2.003,43.0,25.83,0.0,19.0,3500.0,6.0,2.85,-0.05,-1.03,-0.06,-3.54,0.67,-3.3,495.0,TEST2RR,AKR_TEST2RR,0.0,1.0,1.0,100.0
291360,2,walk,walk,15425,,15425.0,20.0,1.0,6.0,2.0,5.12,-0.02,-0.272,2.519,43.0,25.79,0.0,19.0,3500.0,6.0,2.67,-0.05,-1.03,-0.06,-2.27,0.13,-1.55,495.0,TEST2RR,AKR_TEST2RR,0.0,1.0,1.0,100.0
291380,2,walk,walk,15426,,15426.0,20.0,1.0,6.0,2.0,5.14,-0.023,-0.158,2.843,43.0,25.79,0.0,19.0,3500.0,6.0,2.53,-0.05,-1.03,-0.06,-0.83,-0.43,0.42,495.0,TEST2RR,AKR_TEST2RR,0.0,1.0,1.0,100.0
291400,2,walk,walk,15427,,15427.0,20.0,1.0,6.0,2.0,5.14,-0.024,-0.056,2.964,43.0,25.76,0.0,19.0,3500.0,6.0,2.46,-0.04,-1.03,-0.06,0.79,-0.97,2.47,495.0,TEST2RR,AKR_TEST2RR,0.0,1.0,1.0,100.0
291400,2,walk,walk,15428,,15428.0,20.0,1.0,6.0,2.0,5.12,-0.025,0.007,3.005,43.0,25.72,0.0,19.0,3500.0,6.0,2.48,-0.04,-1.04,-0.07,2.53,-1.48,4.47,495.0,TEST2RR,AKR_TEST2RR,0.0,1.0,1.0,100.0
291420,2,walk,walk,15429,,15429.0,20.0,1.0,6.0,2.0,5.1,-0.025,-0.062,3.111,43.0,25.72,0.0,19.0,3500.0,6.0,2.57,-0.05,-1.04,-0.07,4.29,-1.93,6.29,495.0,TEST2RR,AKR_TEST2RR,0.0,1.0,1.0,100.0
291460,2,walk,walk,15430,,15430.0,20.0,1.0,6.0,2.0,5.06,-0.026,-0.022,3.135,43.0,25.72,0.0,19.0,3500.0,6.0,2.75,-0.05,-1.04,-0.06,5.93,-2.28,7.82,495.0,TEST2RR,AKR_TEST2RR,0.0,1.0,1.0,100.0
291460,2,walk,walk,15431,,15431.0,20.0,1.0,6.0,2.0,5.03,-0.026,-0.04,3.164,43.0,25.72,0.0,19.0,3500.0,6.0,3.01,-0.05,-1.03,-0.06,7.36,-2.53,8.98,495.0,TEST2RR,AKR_TEST2RR,0.0,1.0,1.0,100.0
291480,2,walk,walk,15432,,15432.0,20.0,1.0,6.0,2.0,5.0,-0.026,0.022,3.12,43.0,25.72,0.0,19.0,3500.0,6.0,3.32,-0.06,-1.03,-0.06,8.55,-2.65,9.72,495.0,TEST2RR,AKR_TEST2RR,0.0,1.0,1.0,100.0
291500,2,walk,walk,15433,,15433.0,20.0,1.0,6.0,2.0,4.97,-0.026,0.002,3.116,43.0,25.72,0.0,19.0,3500.0,6.0,3.65,-0.07,-1.03,-0.05,9.47,-2.65,10.06,495.0,TEST2RR,AKR_TEST2RR,0.0,1.0,1.0,100.0
291540,2,walk,walk,15434,,15434.0,20.0,1.0,6.0,2.0,4.96,-0.026,-0.069,3.129,43.0,25.72,0.0,19.0,3500.0,6.0,3.99,-0.07,-1.02,-0.05,10.1,-2.54,10.03,495.0,TEST2RR,AKR_TEST2RR,0.0,1.0,1.0,100.0
291540,2,walk,walk,15435,,15435.0,20.0,1.0,6.0,2.0,4.96,-0.025,0.036,3.04,43.0,25.76,0.0,19.0,3500.0,6.0,4.31,-0.08,-1.02,-0.04,10.46,-2.33,9.69,495.0,TEST2RR,AKR_TEST2RR,0.0,1.0,1.0,100.0
291580,2,walk,walk,15436,,15436.0,20.0,1.0,6.0,2.0,4.97,-0.025,0.142,2.933,43.0,25.72,0.0,19.0,3500.0,6.0,4.6,-0.08,-1.02,-0.03,10.58,-2.05,9.09,495.0,TEST2RR,AKR_TEST2RR,0.0,1.0,1.0,100.0
291580,2,walk,walk,15437,,15437.0,20.0,1.0,6.0,2.0,5.0,-0.024,0.07,2.818,43.0,25.76,0.0,19.0,3500.0,6.0,4.86,-0.09,-1.02,-0.03,10.52,-1.71,8.31,495.0,TEST2RR,AKR_TEST2RR,0.0,1.0,1.0,100.0
291600,2,walk,walk,15438,,15438.0,20.0,1.0,6.0,2.0,5.05,-0.023,0.115,2.736,43.0,25.79,0.0,19.0,3500.0,6.0,5.09,-0.09,-1.02,-0.02,10.3,-1.35,7.41,495.0,TEST2RR,AKR_TEST2RR,0.0,1.0,1.0,100.0
291620,2,walk,walk,15439,,15439.0,20.0,1.0,6.0,2.0,5.11,-0.022,0.06,2.597,43.0,25.76,0.0,19.0,3500.0,6.0,5.27,-0.09,-1.02,-0.02,9.98,-0.98,6.44,495.0,TEST2RR,AKR_TEST2RR,0.0,1.0,1.0,100.0
291660,2,walk,walk,15440,,15440.0,20.0,1.0,6.0,2.0,5.18,-0.022,-0.022,2.595,43.0,25.79,0.0,19.0,3500.0,6.0,5.41,-0.1,-1.01,-0.01,9.57,-0.61,5.45,495.0,TEST2RR,AKR_TEST2RR,0.0,1.0,1.0,100.0
291680,2,walk,walk,15441,,15441.0,20.0,1.0,6.0,2.0,5.26,-0.022,0.026,2.537,43.0,25.79,0.0,19.0,3500.0,6.0,5.52,-0.1,-1.01,-0.01,9.11,-0.27,4.49,495.0,TEST2RR,AKR_TEST2RR,0.0,1.0,1.0,100.0
291700,2,walk,walk,15442,,15442.0,20.0,1.0,6.0,2.0,5.34,-0.021,-0.072,2.492,43.0,25.79,0.0,19.0,3500.0,6.0,5.59,-0.1,-1.01,-0.01,8.61,0.05,3.61,495.0,TEST2RR,AKR_TEST2RR,0.0,1.0,1.0,100.0
291700,2,walk,walk,15443,,15443.0,20.0,1.0,6.0,2.0,5.44,-0.021,-0.015,2.481,42.0,25.79,0.0,19.0,3500.0,6.0,5.62,-0.1,-1.01,-0.01,8.11,0.32,2.82,495.0,TEST2RR,AKR_TEST2RR,0.0,1.0,1.0,100.0
291720,2,walk,walk,15444,,15444.0,20.0,1.0,6.0,2.0,5.53,-0.021,0.007,2.475,43.0,25.79,0.0,19.0,3500.0,6.0,5.63,-0.1,-1.01,0.0,7.6,0.55,2.14,495.0,TEST2RR,AKR_TEST2RR,0.0,1.0,1.0,100.0
291740,2,walk,walk,15445,,15445.0,20.0,1.0,6.0,2.0,5.63,-0.02,0.044,2.415,42.0,25.79,0.0,19.0,3500.0,6.0,5.62,-0.1,-1.02,0.0,7.11,0.75,1.57,495.0,TEST2RR,AKR_TEST2RR,0.0,1.0,1.0,100.0
291760,2,walk,walk,15446,,15446.0,20.0,1.0,6.0,2.0,5.72,-0.02,0.134,2.33,42.0,25.79,0.0,19.0,3500.0,6.0,5.6,-0.1,-1.02,0.0,6.61,0.9,1.1,495.0,TEST2RR,AKR_TEST2RR,0.0,1.0,1.0,100.0
291780,2,walk,walk,15447,,15447.0,20.0,1.0,6.0,2.0,5.81,-0.019,0.062,2.225,42.0,25.83,0.0,19.0,3500.0,6.0,5.58,-0.1,-1.02,0.0,6.1,1.04,0.69,495.0,TEST2RR,AKR_TEST2RR,0.0,1.0,1.0,100.0
291820,2,walk,walk,15448,,15448.0,20.0,1.0,6.0,2.0,5.89,-0.018,-0.015,2.144,42.0,25.83,0.0,19.0,3500.0,6.0,5.56,-0.1,-1.02,0.0,5.56,1.15,0.32,495.0,TEST2RR,AKR_TEST2RR,0.0,1.0,1.0,100.0
291840,2,walk,walk,15449,,15449.0,20.0,1.0,6.0,2.0,5.97,-0.017,0.018,2.055,42.0,25.83,0.0,19.0,3500.0,6.0,5.54,-0.1,-1.02,0.01,4.99,1.25,-0.02,495.0,TEST2RR,AKR_TEST2RR,0.0,1.0,1.0,100.0
291860,2,walk,walk,15450,,15450.0,20.0,1.0,6.0,2.0,6.04,-0.017,0.038,1.956,42.0,25.86,0.0,19.0,3500.0,6.0,5.52,-0.1,-1.02,0.01,4.4,1.34,-0.36,495.0,TEST2RR,AKR_TEST2RR,0.0,1.0,1.0,100.0
291860,2,walk,walk,15451,,15451.0,20.0,1.0,6.0,2.0,6.11,-0.016,0.056,1.867,42.0,25.86,0.0,19.0,3500.0,6.0,5.5,-0.1,-1.02,0.01,3.78,1.43,-0.68,495.0,TEST2RR,AKR_TEST2RR,0.0,1.0,1.0,100.0
291880,2,walk,walk,15452,,15452.0,20.0,1.0,6.0,2.0,6.16,-0.015,0.108,1.794,42.0,25.86,0.0,19.0,3500.0,6.0,5.46,-0.1,-1.02,0.01,3.16,1.51,-0.98,495.0,TEST2RR,AKR_TEST2RR,0.0,1.0,1.0,100.0
291920,2,walk,walk,15453,,15453.0,20.0,1.0,6.0,2.0,6.21,-0.015,-0.009,1.771,42.0,25.86,0.0,19.0,3500.0,6.0,5.42,-0.1,-1.02,0.01,2.55,1.6,-1.25,495.0,TEST2RR,AKR_TEST2RR,0.0,1.0,1.0,100.0
291920,2,walk,walk,15454,,15454.0,20.0,1.0,6.0,2.0,6.24,-0.015,0.015,1.738,42.0,25.86,0.0,19.0,3500.0,6.0,5.37,-0.1,-1.02,0.01,1.94,1.67,-1.47,495.0,TEST2RR,AKR_TEST2RR,0.0,1.0,1.0,100.0
291940,2,walk,walk,15455,,15455.0,20.0,1.0,6.0,2.0,6.27,-0.014,0.019,1.708,42.0,25.86,0.0,19.0,3500.0,6.0,5.31,-0.09,-1.02,0.01,1.36,1.75,-1.64,495.0,TEST2RR,AKR_TEST2RR,0.0,1.0,1.0,100.0
291960,2,walk,walk,15456,,15456.0,20.0,1.0,6.0,2.0,6.29,-0.014,-0.006,1.693,42.0,25.86,0.0,19.0,3500.0,6.0,5.25,-0.09,-1.02,0.01,0.81,1.83,-1.76,495.0,TEST2RR,AKR_TEST2RR,0.0,1.0,1.0,100.0
292000,2,walk,walk,15457,,15457.0,20.0,1.0,6.0,2.0,6.3,-0.014,-0.023,1.711,42.0,25.86,0.0,19.0,3500.0,6.0,5.19,-0.09,-1.02,0.01,0.29,1.89,-1.83,495.0,TEST2RR,AKR_TEST2RR,0.0,1.0,1.0,100.0
292000,2,walk,walk,15458,,15458.0,20.0,1.0,6.0,2.0,6.3,-0.014,0.014,1.701,42.0,25.86,0.0,19.0,3500.0,6.0,5.14,-0.09,-1.02,0.01,-0.19,1.94,-1.86,495.0,TEST2RR,AKR_TEST2RR,0.0,1.0,1.0,100.0
292020,2,walk,walk,15459,,15459.0,20.0,1.0,6.0,2.0,6.3,-0.014,0.034,1.707,42.0,25.86,0.0,19.0,3500.0,6.0,5.09,-0.09,-1.02,0.01,-0.63,1.96,-1.86,495.0,TEST2RR,AKR_TEST2RR,0.0,1.0,1.0,100.0
292060,2,walk,walk,15460,,15460.0,20.0,1.0,6.0,2.0,6.29,-0.014,-0.014,1.689,42.0,25.86,0.0,19.0,3500.0,6.0,5.04,-0.09,-1.02,0.01,-1.03,1.98,-1.84,495.0,TEST2RR,AKR_TEST2RR,0.0,1.0,1.0,100.0
292060,2,walk,walk,15461,,15461.0,20.0,1.0,6.0,2.0,6.27,-0.014,0.04,1.689,42.0,25.86,0.0,19.0,3500.0,6.0,4.99,-0.09,-1.02,0.01,-1.42,1.99,-1.83,495.0,TEST2RR,AKR_TEST2RR,0.0,1.0,1.0,100.0
292080,2,walk,walk,15462,,15462.0,20.0,1.0,6.0,2.0,6.25,-0.014,0.046,1.641,42.0,25.86,0.0,19.0,3500.0,6.0,4.95,-0.09,-1.02,0.01,-1.8,2.01,-1.84,495.0,TEST2RR,AKR_TEST2RR,0.0,1.0,1.0,100.0
292120,2,walk,walk,15463,,15463.0,20.0,1.0,6.0,2.0,6.22,-0.014,0.056,1.578,42.0,25.86,0.0,19.0,3500.0,6.0,4.91,-0.09,-1.02,0.01,-2.18,2.03,-1.88,495.0,TEST2RR,AKR_TEST2RR,0.0,1.0,1.0,100.0
292120,2,walk,walk,15464,,15464.0,20.0,1.0,6.0,2.0,6.19,-0.013,0.1,1.518,42.0,25.86,0.0,19.0,3500.0,6.0,4.87,-0.09,-1.02,0.01,-2.55,2.06,-1.96,495.0,TEST2RR,AKR_TEST2RR,0.0,1.0,1.0,100.0
292180,2,walk,walk,15465,,15465.0,20.0,1.0,6.0,2.0,6.16,-0.012,0.06,1.473,42.0,25.86,0.0,19.0,3500.0,6.0,4.82,-0.09,-1.02,0.0,-2.88,2.09,-2.05,496.0,TEST2RR,AKR_TEST2RR,0.0,1.0,1.0,100.0
292180,2,walk,walk,15466,,15466.0,20.0,1.0,6.0,2.0,6.12,-0.012,0.03,1.368,42.0,25.9,0.0,19.0,3500.0,6.0,4.77,-0.09,-1.02,0.0,-3.16,2.12,-2.16,496.0,TEST2RR,AKR_TEST2RR,0.0,1.0,1.0,100.0
292180,2,walk,walk,15467,,15467.0,20.0,1.0,6.0,2.0,6.08,-0.011,0.038,1.368,42.0,25.9,0.0,18.0,3500.0,6.0,4.7,-0.08,-1.02,0.0,-3.36,2.14,-2.25,496.0,TEST2RR,AKR_TEST2RR,0.0,1.0,1.0,100.0
292220,2,walk,walk,15468,,15468.0,20.0,1.0,6.0,2.0,6.03,-0.011,0.001,1.341,42.0,25.9,0.0,18.0,3500.0,6.0,4.63,-0.08,-1.02,0.0,-3.45,2.15,-2.31,496.0,TEST2RR,AKR_TEST2RR,0.0,1.0,1.0,100.0
292240,2,walk,walk,15469,,15469.0,20.0,2.0,6.0,2.0,5.99,-0.011,-0.013,1.353,42.0,25.9,0.0,19.0,3500.0,6.0,4.56,-0.08,-1.02,-0.01,-3.43,2.15,-2.34,496.0,TEST2RR,AKR_TEST2RR,0.0,1.0,1.0,100.0
292240,2,walk,walk,15470,,15470.0,20.0,2.0,6.0,2.0,5.94,-0.011,0.038,1.286,42.0,25.9,0.0,19.0,3500.0,6.0,4.48,-0.08,-1.02,-0.01,-3.29,2.13,-2.33,496.0,TEST2RR,AKR_TEST2RR,0.0,1.0,1.0,100.0
292260,2,walk,walk,15471,,15471.0,20.0,2.0,6.0,2.0,5.89,-0.011,-0.021,1.314,42.0,25.9,0.0,19.0,3500.0,6.0,4.4,-0.08,-1.02,-0.01,-3.06,2.1,-2.29,496.0,TEST2RR,AKR_TEST2RR,0.0,1.0,1.0,100.0
292300,2,walk,walk,15472,,15472.0,20.0,2.0,6.0,2.0,5.83,-0.011,-0.009,1.228,42.0,25.9,0.0,19.0,3500.0,6.0,4.33,-0.08,-1.02,-0.02,-2.75,2.06,-2.22,496.0,TEST2RR,AKR_TEST2RR,0.0,1.0,1.0,100.0
292320,2,walk,walk,15473,,15473.0,20.0,2.0,6.0,2.0,5.78,-0.01,0.036,1.228,42.0,25.9,0.0,19.0,3500.0,6.0,4.27,-0.08,-1.02,-0.02,-2.39,2.01,-2.14,496.0,TEST2RR,AKR_TEST2RR,0.0,1.0,1.0,100.0
292340,2,walk,walk,15474,,15474.0,20.0,2.0,6.0,2.0,5.72,-0.01,0.034,1.201,42.0,25.9,0.0,19.0,3500.0,6.0,4.21,-0.08,-1.02,-0.02,-2.0,1.97,-2.05,496.0,TEST2RR,AKR_TEST2RR,0.0,1.0,1.0,100.0
292360,2,walk,walk,15475,,15475.0,20.0,2.0,6.0,2.0,5.67,-0.01,-0.066,1.184,42.0,25.9,0.0,19.0,3500.0,6.0,4.16,-0.07,-1.02,-0.02,-1.59,1.93,-1.96,496.0,TEST2RR,AKR_TEST2RR,0.0,1.0,1.0,100.0
292360,2,walk,walk,15476,,15476.0,20.0,2.0,6.0,2.0,5.61,-0.009,0.007,1.108,42.0,25.9,0.0,19.0,3500.0,6.0,4.11,-0.07,-1.02,-0.02,-1.2,1.89,-1.87,496.0,TEST2RR,AKR_TEST2RR,0.0,1.0,1.0,100.0
292380,2,walk,walk,15477,,15477.0,20.0,2.0,6.0,2.0,5.55,-0.009,0.022,1.059,42.0,25.9,0.0,19.0,3500.0,6.0,4.07,-0.07,-1.02,-0.02,-0.81,1.85,-1.79,496.0,TEST2RR,AKR_TEST2RR,0.0,1.0,1.0,100.0
292440,2,walk,walk,15478,,15478.0,20.0,2.0,6.0,2.0,5.49,-0.009,-0.009,1.044,42.0,25.9,0.0,19.0,3500.0,6.0,4.03,-0.07,-1.02,-0.02,-0.45,1.81,-1.7,496.0,TEST2RR,AKR_TEST2RR,0.0,1.0,1.0,100.0
292440,2,walk,walk,15479,,15479.0,20.0,2.0,6.0,2.0,5.44,-0.009,0.04,0.993,42.0,25.9,0.0,19.0,3500.0,6.0,3.98,-0.07,-1.02,-0.02,-0.1,1.77,-1.62,496.0,TEST2RR,AKR_TEST2RR,0.0,1.0,1.0,100.0
292460,2,walk,walk,15480,,15480.0,20.0,2.0,6.0,2.0,5.38,-0.009,-0.034,1.031,42.0,25.9,0.0,19.0,3500.0,6.0,3.95,-0.07,-1.02,-0.03,0.23,1.73,-1.54,496.0,TEST2RR,AKR_TEST2RR,0.0,1.0,1.0,100.0
292500,2,walk,walk,15481,,15481.0,20.0,2.0,6.0,2.0,5.32,-0.008,-0.011,0.971,42.0,25.9,0.0,19.0,3500.0,6.0,3.91,-0.07,-1.02,-0.03,0.56,1.68,-1.44,496.0,TEST2RR,AKR_TEST2RR,0.0,1.0,1.0,100.0
292500,2,walk,walk,15482,,15482.0,20.0,2.0,6.0,2.0,5.26,-0.008,-0.03,0.987,42.0,25.9,0.0,19.0,3500.0,6.0,3.87,-0.07,-1.02,-0.03,0.87,1.64,-1.35,496.0,TEST2RR,AKR_TEST2RR,0.0,1.0,1.0,100.0
292500,2,walk,walk,15483,,15483.0,20.0,2.0,6.0,2.0,5.21,-0.008,-0.023,0.968,42.0,25.9,0.0,19.0,3500.0,6.0,3.83,-0.07,-1.02,-0.03,1.17,1.59,-1.24,496.0,TEST2RR,AKR_TEST2RR,0.0,1.0,1.0,100.0
292540,2,walk,walk,15484,,15484.0,20.0,2.0,6.0,2.0,5.15,-0.008,-0.07,0.93,42.0,25.9,0.0,19.0,3500.0,6.0,3.79,-0.07,-1.02,-0.03,1.45,1.54,-1.13,496.0,TEST2RR,AKR_TEST2RR,0.0,1.0,1.0,100.0
292540,2,walk,walk,15485,,15485.0,20.0,2.0,6.0,2.0,5.1,-0.008,0.002,0.9,42.0,25.93,0.0,19.0,3500.0,6.0,3.76,-0.07,-1.02,-0.03,1.72,1.49,-1.02,496.0,TEST2RR,AKR_TEST2RR,0.0,1.0,1.0,100.0
292560,2,walk,walk,15486,,15486.0,20.0,2.0,6.0,2.0,5.04,-0.008,0.015,0.912,42.0,25.9,0.0,19.0,3500.0,6.0,3.73,-0.07,-1.02,-0.02,1.95,1.44,-0.91,496.0,TEST2RR,AKR_TEST2RR,0.0,1.0,1.0,100.0
292600,2,walk,walk,15487,,15487.0,20.0,2.0,6.0,2.0,4.99,-0.007,0.032,0.893,42.0,25.93,0.0,19.0,3500.0,6.0,3.69,-0.07,-1.02,-0.02,2.16,1.4,-0.8,496.0,TEST2RR,AKR_TEST2RR,0.0,1.0,1.0,100.0
292600,2,walk,walk,15488,,15488.0,20.0,2.0,6.0,2.0,4.94,-0.008,0.032,0.893,42.0,25.93,0.0,19.0,3500.0,6.0,3.66,-0.07,-1.02,-0.02,2.32,1.36,-0.68,496.0,TEST2RR,AKR_TEST2RR,0.0,1.0,1.0,100.0
292640,2,walk,walk,15489,,15489.0,20.0,2.0,6.0,2.0,4.89,-0.008,0.052,0.915,42.0,25.9,0.0,19.0,3500.0,6.0,3.63,-0.06,-1.02,-0.02,2.45,1.32,-0.57,496.0,TEST2RR,AKR_TEST2RR,0.0,1.0,1.0,100.0
292660,2,walk,walk,15490,,15490.0,20.0,2.0,6.0,2.0,4.85,-0.008,-0.019,0.901,42.0,25.9,0.0,19.0,3500.0,6.0,3.6,-0.06,-1.02,-0.02,2.55,1.27,-0.44,496.0,TEST2RR,AKR_TEST2RR,0.0,1.0,1.0,100.0
292660,2,walk,walk,15491,,15491.0,20.0,2.0,6.0,2.0,4.8,-0.008,0.048,0.909,42.0,25.93,0.0,19.0,3500.0,6.0,3.57,-0.06,-1.02,-0.02,2.62,1.22,-0.29,496.0,TEST2RR,AKR_TEST2RR,0.0,1.0,1.0,100.0
292680,2,walk,walk,15492,,15492.0,20.0,2.0,6.0,2.0,4.76,-0.008,0.026,0.907,42.0,25.9,0.0,19.0,3500.0,6.0,3.54,-0.06,-1.02,-0.02,2.68,1.16,-0.13,496.0,TEST2RR,AKR_TEST2RR,0.0,1.0,1.0,100.0
292720,2,walk,walk,15493,,15493.0,20.0,2.0,6.0,2.0,4.72,-0.008,-0.034,0.955,42.0,25.9,0.0,19.0,3500.0,6.0,3.52,-0.06,-1.02,-0.02,2.72,1.09,0.06,496.0,TEST2RR,AKR_TEST2RR,0.0,1.0,1.0,100.0
292720,2,walk,walk,15494,,15494.0,20.0,2.0,6.0,2.0,4.68,-0.008,0.028,0.951,42.0,25.9,0.0,19.0,3500.0,6.0,3.49,-0.06,-1.02,-0.02,2.76,1.01,0.26,496.0,TEST2RR,AKR_TEST2RR,0.0,1.0,1.0,100.0
292740,2,walk,walk,15495,,15495.0,20.0,2.0,6.0,2.0,4.64,-0.008,0.138,0.921,42.0,25.9,0.0,19.0,3500.0,6.0,3.48,-0.06,-1.02,-0.02,2.79,0.93,0.48,496.0,TEST2RR,AKR_TEST2RR,0.0,1.0,1.0,100.0
292780,2,walk,walk,15496,,15496.0,20.0,2.0,6.0,2.0,4.6,-0.008,-0.025,0.98,42.0,25.9,0.0,19.0,3500.0,6.0,3.46,-0.06,-1.02,-0.02,2.82,0.84,0.69,496.0,TEST2RR,AKR_TEST2RR,0.0,1.0,1.0,100.0
292820,2,walk,walk,15497,,15497.0,20.0,2.0,6.0,2.0,4.57,-0.009,-0.025,1.036,42.0,25.9,0.0,19.0,3500.0,6.0,3.46,-0.06,-1.02,-0.02,2.84,0.75,0.91,496.0,TEST2RR,AKR_TEST2RR,0.0,1.0,1.0,100.0
292820,2,walk,walk,15498,,15498.0,20.0,2.0,6.0,2.0,4.54,-0.009,-0.08,1.057,42.0,25.9,0.0,19.0,3500.0,6.0,3.46,-0.06,-1.02,-0.02,2.85,0.67,1.12,496.0,TEST2RR,AKR_TEST2RR,0.0,1.0,1.0,100.0
292840,2,walk,walk,15499,,15499.0,20.0,2.0,6.0,2.0,4.51,-0.009,0.017,1.081,42.0,25.9,0.0,19.0,3500.0,6.0,3.47,-0.06,-1.02,-0.02,2.87,0.59,1.32,496.0,TEST2RR,AKR_TEST2RR,0.0,1.0,1.0,100.0
292840,2,walk,walk,15500,,15500.0,20.0,2.0,6.0,2.0,4.49,-0.009,0.037,1.08,42.0,25.9,0.0,19.0,3500.0,6.0,3.49,-0.06,-1.02,-0.02,2.89,0.51,1.51,496.0,TEST2RR,AKR_TEST2RR,0.0,1.0,1.0,100.0
292860,2,walk,walk,15501,,15501.0,20.0,2.0,6.0,2.0,4.47,-0.01,0.022,1.095,42.0,25.9,0.0,19.0,3500.0,6.0,3.5,-0.06,-1.02,-0.02,2.92,0.44,1.7,496.0,TEST2RR,AKR_TEST2RR,0.0,1.0,1.0,100.0
292900,2,walk,walk,15502,,15502.0,20.0,2.0,6.0,2.0,4.45,-0.01,-0.046,1.155,42.0,25.9,0.0,19.0,3500.0,6.0,3.52,-0.06,-1.02,-0.02,2.98,0.38,1.88,496.0,TEST2RR,AKR_TEST2RR,0.0,1.0,1.0,100.0
292900,2,walk,walk,15503,,15503.0,20.0,2.0,6.0,2.0,4.44,-0.01,-0.056,1.208,42.0,25.9,0.0,19.0,3500.0,6.0,3.55,-0.06,-1.02,-0.02,3.05,0.33,2.05,496.0,TEST2RR,AKR_TEST2RR,0.0,1.0,1.0,100.0
292920,2,walk,walk,15504,,15504.0,20.0,2.0,6.0,2.0,4.42,-0.01,-0.019,1.242,42.0,25.9,0.0,19.0,3500.0,6.0,3.58,-0.06,-1.02,-0.02,3.14,0.28,2.22,496.0,TEST2RR,AKR_TEST2RR,0.0,1.0,1.0,100.0
292960,2,walk,walk,15505,,15505.0,20.0,2.0,6.0,2.0,4.42,-0.011,-0.073,1.305,42.0,25.9,0.0,19.0,3500.0,6.0,3.61,-0.06,-1.02,-0.01,3.23,0.24,2.37,496.0,TEST2RR,AKR_TEST2RR,0.0,1.0,1.0,100.0
293000,2,walk,walk,15506,,15506.0,20.0,2.0,6.0,2.0,4.41,-0.011,-0.095,1.319,42.0,25.9,0.0,19.0,3500.0,6.0,3.66,-0.07,-1.02,-0.01,3.32,0.21,2.51,496.0,TEST2RR,AKR_TEST2RR,0.0,1.0,1.0,100.0
293000,2,walk,walk,15507,,15507.0,20.0,2.0,6.0,2.0,4.41,-0.012,-0.038,1.353,42.0,25.9,0.0,19.0,3500.0,6.0,3.7,-0.07,-1.02,-0.01,3.4,0.19,2.62,496.0,TEST2RR,AKR_TEST2RR,0.0,1.0,1.0,100.0
293020,2,walk,walk,15508,,15508.0,20.0,2.0,6.0,2.0,4.41,-0.012,-0.057,1.422,42.0,25.9,0.0,19.0,3500.0,6.0,3.75,-0.07,-1.02,-0.01,3.46,0.18,2.7,496.0,TEST2RR,AKR_TEST2RR,0.0,1.0,1.0,100.0
293020,2,walk,walk,15509,,15509.0,20.0,2.0,6.0,2.0,4.42,-0.012,0.007,1.398,42.0,25.9,0.0,19.0,3500.0,6.0,3.8,-0.07,-1.02,-0.01,3.5,0.19,2.75,496.0,TEST2RR,AKR_TEST2RR,0.0,1.0,1.0,100.0
293040,2,walk,walk,15510,,15510.0,20.0,2.0,6.0,2.0,4.43,-0.012,0.001,1.427,42.0,25.86,0.0,19.0,3500.0,6.0,3.85,-0.07,-1.02,-0.01,3.52,0.22,2.77,496.0,TEST2RR,AKR_TEST2RR,0.0,1.0,1.0,100.0
293080,2,walk,walk,15511,,15511.0,20.0,2.0,6.0,2.0,4.44,-0.012,-0.048,1.429,42.0,25.9,0.0,19.0,3500.0,6.0,3.91,-0.07,-1.02,-0.01,3.52,0.26,2.74,496.0,TEST2RR,AKR_TEST2RR,0.0,1.0,1.0,100.0
293100,2,walk,walk,15512,,15512.0,20.0,2.0,6.0,2.0,4.46,-0.012,0.097,1.429,42.0,25.9,0.0,19.0,3500.0,6.0,3.96,-0.07,-1.02,-0.01,3.5,0.31,2.67,496.0,TEST2RR,AKR_TEST2RR,0.0,1.0,1.0,100.0
293100,2,walk,walk,15513,,15513.0,20.0,2.0,6.0,2.0,4.48,-0.012,0.002,1.394,42.0,25.9,0.0,19.0,3500.0,6.0,4.02,-0.07,-1.02,-0.01,3.47,0.37,2.56,496.0,TEST2RR,AKR_TEST2RR,0.0,1.0,1.0,100.0
293140,2,walk,walk,15514,,15514.0,20.0,2.0,6.0,2.0,4.5,-0.012,0.006,1.373,42.0,25.9,0.0,19.0,3500.0,6.0,4.07,-0.07,-1.02,-0.01,3.43,0.44,2.41,496.0,TEST2RR,AKR_TEST2RR,0.0,1.0,1.0,100.0
293160,2,walk,walk,15515,,15515.0,20.0,2.0,6.0,2.0,4.52,-0.012,-0.019,1.375,42.0,25.9,0.0,19.0,3500.0,6.0,4.12,-0.07,-1.02,-0.01,3.39,0.52,2.23,497.0,TEST2RR,AKR_TEST2RR,0.0,1.0,1.0,100.0
293200,2,walk,walk,15516,,15516.0,20.0,2.0,6.0,2.0,4.55,-0.012,0.036,1.362,42.0,25.9,0.0,19.0,3500.0,6.0,4.16,-0.07,-1.02,0.0,3.36,0.6,2.03,497.0,TEST2RR,AKR_TEST2RR,0.0,1.0,1.0,100.0
293200,2,walk,walk,15517,,15517.0,20.0,2.0,6.0,2.0,4.57,-0.011,0.023,1.357,42.0,25.9,0.0,19.0,3500.0,6.0,4.2,-0.08,-1.02,0.0,3.33,0.68,1.83,497.0,TEST2RR,AKR_TEST2RR,0.0,1.0,1.0,100.0
293200,2,walk,walk,15518,,15518.0,20.0,2.0,6.0,2.0,4.6,-0.011,-0.057,1.314,42.0,25.9,0.0,19.0,3500.0,6.0,4.24,-0.08,-1.02,0.0,3.31,0.77,1.61,497.0,TEST2RR,AKR_TEST2RR,0.0,1.0,1.0,100.0
293220,2,walk,walk,15519,,15519.0,20.0,2.0,6.0,2.0,4.63,-0.011,-0.01,1.338,42.0,25.9,0.0,19.0,3500.0,6.0,4.27,-0.08,-1.02,0.0,3.29,0.86,1.39,497.0,TEST2RR,AKR_TEST2RR,0.0,1.0,1.0,100.0
293260,2,walk,walk,15520,,15520.0,20.0,2.0,6.0,2.0,4.66,-0.011,0.04,1.263,42.0,25.9,0.0,19.0,3500.0,6.0,4.29,-0.08,-1.02,0.0,3.27,0.94,1.16,497.0,TEST2RR,AKR_TEST2RR,0.0,1.0,1.0,100.0
293260,2,walk,walk,15521,,15521.0,20.0,2.0,6.0,2.0,4.69,-0.011,-0.033,1.22,42.0,25.9,0.0,19.0,3500.0,6.0,4.31,-0.08,-1.02,0.0,3.24,1.02,0.93,497.0,TEST2RR,AKR_TEST2RR,0.0,1.0,1.0,100.0
293280,2,walk,walk,15522,,15522.0,20.0,2.0,6.0,2.0,4.71,-0.01,0.088,1.211,42.0,25.9,0.0,19.0,3500.0,6.0,4.33,-0.08,-1.02,0.0,3.21,1.1,0.69,497.0,TEST2RR,AKR_TEST2RR,0.0,1.0,1.0,100.0
293340,2,walk,walk,15523,,15523.0,20.0,2.0,6.0,2.0,4.74,-0.01,-0.021,1.186,42.0,25.9,0.0,19.0,3500.0,6.0,4.34,-0.08,-1.02,0.0,3.16,1.17,0.45,497.0,TEST2RR,AKR_TEST2RR,0.0,1.0,1.0,100.0
293340,2,walk,walk,15524,,15524.0,20.0,2.0,6.0,2.0,4.76,-0.01,0.023,1.151,42.0,25.9,0.0,19.0,3500.0,6.0,4.34,-0.08,-1.02,0.0,3.12,1.23,0.21,497.0,TEST2RR,AKR_TEST2RR,0.0,1.0,1.0,100.0
293340,2,walk,walk,15525,,15525.0,20.0,2.0,6.0,2.0,4.79,-0.01,-0.033,1.094,42.0,25.9,0.0,19.0,3500.0,6.0,4.34,-0.08,-1.02,0.0,3.07,1.29,-0.02,497.0,TEST2RR,AKR_TEST2RR,0.0,1.0,1.0,100.0
293380,2,walk,walk,15526,,15526.0,20.0,2.0,6.0,2.0,4.81,-0.009,0.046,1.061,42.0,25.9,0.0,19.0,3500.0,6.0,4.33,-0.08,-1.02,0.0,3.01,1.34,-0.23,497.0,TEST2RR,AKR_TEST2RR,0.0,1.0,1.0,100.0
293380,2,walk,walk,15527,,15527.0,20.0,2.0,6.0,2.0,4.82,-0.009,-0.009,1.043,42.0,25.9,0.0,19.0,3500.0,6.0,4.3,-0.08,-1.02,0.0,2.96,1.39,-0.42,497.0,TEST2RR,AKR_TEST2RR,0.0,1.0,1.0,100.0
293400,2,walk,walk,15528,,15528.0,20.0,2.0,6.0,2.0,4.84,-0.009,-0.013,1.051,42.0,25.9,0.0,19.0,3500.0,6.0,4.27,-0.08,-1.02,0.0,2.9,1.43,-0.57,497.0,TEST2RR,AKR_TEST2RR,0.0,1.0,1.0,100.0
293440,2,walk,walk,15529,,15529.0,20.0,2.0,6.0,2.0,4.85,-0.009,0.057,1.018,42.0,25.9,0.0,19.0,3500.0,6.0,4.24,-0.08,-1.02,0.0,2.84,1.46,-0.69,497.0,TEST2RR,AKR_TEST2RR,0.0,1.0,1.0,100.0
293440,2,walk,walk,15530,,15530.0,20.0,2.0,6.0,2.0,4.86,-0.009,0.079,1.053,42.0,25.9,0.0,19.0,3500.0,6.0,4.19,-0.07,-1.02,0.0,2.77,1.47,-0.75,497.0,TEST2RR,AKR_TEST2RR,0.0,1.0,1.0,100.0
293480,2,walk,walk,15531,,15531.0,20.0,2.0,6.0,2.0,4.86,-0.009,-0.009,1.025,42.0,25.9,0.0,19.0,3500.0,6.0,4.14,-0.07,-1.02,0.0,2.69,1.46,-0.77,497.0,TEST2RR,AKR_TEST2RR,0.0,1.0,1.0,100.0
293500,2,walk,walk,15532,,15532.0,20.0,2.0,6.0,2.0,4.86,-0.009,-0.088,1.039,42.0,25.9,0.0,19.0,3500.0,6.0,4.09,-0.07,-1.02,0.0,2.61,1.44,-0.74,497.0,TEST2RR,AKR_TEST2RR,0.0,1.0,1.0,100.0
293500,2,walk,walk,15533,,15533.0,20.0,2.0,6.0,2.0,4.86,-0.009,0.03,1.054,42.0,25.9,0.0,19.0,3500.0,6.0,4.04,-0.07,-1.02,0.01,2.53,1.4,-0.65,497.0,TEST2RR,AKR_TEST2RR,0.0,1.0,1.0,100.0
293520,2,walk,walk,15534,,15534.0,20.0,2.0,6.0,2.0,4.86,-0.009,-0.081,1.029,41.0,25.9,0.0,19.0,3500.0,6.0,3.98,-0.07,-1.02,0.01,2.45,1.35,-0.52,497.0,TEST2RR,AKR_TEST2RR,0.0,1.0,1.0,100.0
293560,2,walk,walk,15535,,15535.0,20.0,2.0,6.0,2.0,4.85,-0.009,-0.036,1.037,42.0,25.9,0.0,19.0,3500.0,6.0,3.93,-0.07,-1.02,0.01,2.38,1.28,-0.34,497.0,TEST2RR,AKR_TEST2RR,0.0,1.0,1.0,100.0
293560,2,walk,walk,15536,,15536.0,20.0,2.0,6.0,2.0,4.84,-0.009,-0.033,1.077,41.0,25.9,0.0,19.0,3500.0,6.0,3.88,-0.07,-1.02,0.01,2.32,1.19,-0.13,497.0,TEST2RR,AKR_TEST2RR,0.0,1.0,1.0,100.0
293580,2,walk,walk,15537,,15537.0,20.0,2.0,6.0,2.0,4.83,-0.01,-0.014,1.148,41.0,25.9,0.0,19.0,3500.0,6.0,3.83,-0.07,-1.02,0.01,2.27,1.1,0.12,497.0,TEST2RR,AKR_TEST2RR,0.0,1.0,1.0,100.0
293620,2,walk,walk,15538,,15538.0,20.0,2.0,6.0,2.0,4.81,-0.01,-0.037,1.197,41.0,25.9,0.0,19.0,3500.0,6.0,3.8,-0.07,-1.02,0.01,2.23,1.0,0.38,497.0,TEST2RR,AKR_TEST2RR,0.0,1.0,1.0,100.0
293640,2,walk,walk,15539,,15539.0,20.0,2.0,6.0,2.0,4.8,-0.01,-0.087,1.232,41.0,25.9,0.0,19.0,3500.0,6.0,3.77,-0.07,-1.02,0.01,2.21,0.89,0.66,497.0,TEST2RR,AKR_TEST2RR,0.0,1.0,1.0,100.0
293660,2,walk,walk,15540,,15540.0,20.0,2.0,6.0,2.0,4.78,-0.011,0.001,1.265,41.0,25.9,0.0,19.0,3500.0,6.0,3.76,-0.07,-1.02,0.01,2.19,0.78,0.95,497.0,TEST2RR,AKR_TEST2RR,0.0,1.0,1.0,100.0
293680,2,walk,walk,15541,,15541.0,20.0,2.0,6.0,2.0,4.77,-0.011,0.06,1.337,41.0,25.9,0.0,19.0,3500.0,6.0,3.76,-0.07,-1.02,0.01,2.17,0.68,1.24,497.0,TEST2RR,AKR_TEST2RR,0.0,1.0,1.0,100.0
293680,2,walk,walk,15542,,15542.0,20.0,2.0,6.0,2.0,4.75,-0.012,0.04,1.377,41.0,25.9,0.0,19.0,3500.0,6.0,3.77,-0.07,-1.02,0.01,2.16,0.58,1.51,497.0,TEST2RR,AKR_TEST2RR,0.0,1.0,1.0,100.0
293720,2,walk,walk,15543,,15543.0,20.0,2.0,6.0,2.0,4.74,-0.012,-0.042,1.389,41.0,25.9,0.0,19.0,3500.0,6.0,3.79,-0.07,-1.02,0.01,2.16,0.49,1.76,497.0,TEST2RR,AKR_TEST2RR,0.0,1.0,1.0,100.0
293740,2,walk,walk,15544,,15544.0,20.0,2.0,6.0,2.0,4.72,-0.012,0.044,1.458,41.0,25.9,0.0,19.0,3500.0,6.0,3.82,-0.07,-1.02,0.01,2.15,0.41,1.98,497.0,TEST2RR,AKR_TEST2RR,0.0,1.0,1.0,100.0
293740,2,walk,walk,15545,,15545.0,20.0,2.0,6.0,2.0,4.71,-0.012,0.087,1.466,41.0,25.9,0.0,19.0,3500.0,6.0,3.86,-0.07,-1.02,0.01,2.14,0.35,2.17,497.0,TEST2RR,AKR_TEST2RR,0.0,1.0,1.0,100.0
293760,2,walk,walk,15546,,15546.0,20.0,2.0,6.0,2.0,4.7,-0.013,-0.021,1.493,41.0,25.9,0.0,19.0,3500.0,6.0,3.9,-0.07,-1.02,0.01,2.12,0.31,2.31,497.0,TEST2RR,AKR_TEST2RR,0.0,1.0,1.0,100.0
293820,2,walk,walk,15547,,15547.0,20.0,2.0,6.0,2.0,4.7,-0.013,-0.033,1.507,41.0,25.9,0.0,19.0,3500.0,6.0,3.95,-0.07,-1.02,0.01,2.1,0.28,2.42,497.0,TEST2RR,AKR_TEST2RR,0.0,1.0,1.0,100.0
293820,2,walk,walk,15548,,15548.0,20.0,2.0,6.0,2.0,4.69,-0.013,-0.017,1.526,41.0,25.86,0.0,19.0,3500.0,6.0,4.01,-0.07,-1.02,0.01,2.07,0.27,2.47,497.0,TEST2RR,AKR_TEST2RR,0.0,1.0,1.0,100.0
293820,2,walk,walk,15549,,15549.0,20.0,2.0,6.0,2.0,4.69,-0.013,0.032,1.545,41.0,25.86,0.0,19.0,3500.0,6.0,4.06,-0.07,-1.02,0.01,2.03,0.28,2.49,497.0,TEST2RR,AKR_TEST2RR,0.0,1.0,1.0,100.0
293860,2,walk,walk,15550,,15550.0,20.0,2.0,6.0,2.0,4.7,-0.013,-0.061,1.546,41.0,25.9,0.0,19.0,3500.0,6.0,4.12,-0.07,-1.02,0.01,1.97,0.31,2.45,497.0,TEST2RR,AKR_TEST2RR,0.0,1.0,1.0,100.0
293860,2,walk,walk,15551,,15551.0,20.0,2.0,6.0,2.0,4.7,-0.013,0.015,1.513,41.0,25.86,0.0,19.0,3500.0,6.0,4.17,-0.07,-1.02,0.01,1.89,0.34,2.38,497.0,TEST2RR,AKR_TEST2RR,0.0,1.0,1.0,100.0
293880,2,walk,walk,15552,,15552.0,20.0,2.0,6.0,2.0,4.71,-0.013,-0.075,1.515,41.0,25.86,0.0,19.0,3500.0,6.0,4.22,-0.08,-1.02,0.01,1.79,0.38,2.27,497.0,TEST2RR,AKR_TEST2RR,0.0,1.0,1.0,100.0
293920,2,walk,walk,15553,,15553.0,20.0,2.0,6.0,2.0,4.73,-0.013,-0.007,1.527,41.0,25.9,0.0,19.0,3500.0,6.0,4.27,-0.08,-1.02,0.01,1.68,0.43,2.12,497.0,TEST2RR,AKR_TEST2RR,0.0,1.0,1.0,100.0
293920,2,walk,walk,15554,,15554.0,20.0,2.0,6.0,2.0,4.74,-0.013,0.002,1.522,41.0,25.86,0.0,19.0,3500.0,6.0,4.3,-0.08,-1.02,0.01,1.55,0.48,1.95,497.0,TEST2RR,AKR_TEST2RR,0.0,1.0,1.0,100.0
293960,2,walk,walk,15555,,15555.0,20.0,2.0,6.0,2.0,4.76,-0.013,0.091,1.506,41.0,25.86,0.0,19.0,3500.0,6.0,4.34,-0.08,-1.02,0.01,1.42,0.54,1.76,497.0,TEST2RR,AKR_TEST2RR,0.0,1.0,1.0,100.0
293980,2,walk,walk,15556,,15556.0,20.0,2.0,6.0,2.0,4.78,-0.013,-0.003,1.507,41.0,25.9,0.0,19.0,3500.0,6.0,4.36,-0.08,-1.02,0.01,1.29,0.6,1.57,497.0,TEST2RR,AKR_TEST2RR,0.0,1.0,1.0,100.0
293980,2,walk,walk,15557,,15557.0,20.0,2.0,6.0,2.0,4.8,-0.013,-0.101,1.509,41.0,25.86,0.0,19.0,3500.0,6.0,4.37,-0.08,-1.02,0.01,1.17,0.65,1.39,497.0,TEST2RR,AKR_TEST2RR,0.0,1.0,1.0,100.0
294020,2,walk,walk,15558,,15558.0,20.0,2.0,6.0,2.0,4.82,-0.013,0.042,1.499,41.0,25.86,0.0,19.0,3500.0,6.0,4.37,-0.08,-1.02,0.01,1.08,0.7,1.24,497.0,TEST2RR,AKR_TEST2RR,0.0,1.0,1.0,100.0
294040,2,walk,walk,15559,,15559.0,20.0,2.0,6.0,2.0,4.84,-0.013,0.007,1.513,41.0,25.9,0.0,19.0,3500.0,6.0,4.36,-0.08,-1.02,0.01,1.04,0.72,1.14,497.0,TEST2RR,AKR_TEST2RR,0.0,1.0,1.0,100.0
294040,2,walk,walk,15560,,15560.0,20.0,2.0,6.0,2.0,4.87,-0.013,-0.046,1.535,41.0,25.86,0.0,19.0,3500.0,6.0,4.35,-0.08,-1.02,0.01,1.05,0.73,1.08,497.0,TEST2RR,AKR_TEST2RR,0.0,1.0,1.0,100.0
294060,2,walk,walk,15561,,15561.0,20.0,2.0,6.0,2.0,4.89,-0.014,-0.065,1.618,41.0,25.86,0.0,19.0,3500.0,6.0,4.33,-0.08,-1.02,0.01,1.11,0.72,1.08,497.0,TEST2RR,AKR_TEST2RR,0.0,1.0,1.0,100.0
294100,2,walk,walk,15562,,15562.0,20.0,2.0,6.0,2.0,4.91,-0.014,0.033,1.699,41.0,25.86,0.0,19.0,3500.0,6.0,4.32,-0.08,-1.02,0.01,1.23,0.68,1.14,497.0,TEST2RR,AKR_TEST2RR,0.0,1.0,1.0,100.0
294120,2,walk,walk,15563,,15563.0,20.0,2.0,6.0,2.0,4.93,-0.015,0.009,1.796,41.0,25.86,0.0,19.0,3500.0,6.0,4.3,-0.08,-1.02,0.01,1.41,0.62,1.28,498.0,TEST2RR,AKR_TEST2RR,0.0,1.0,1.0,100.0
294140,2,walk,walk,15564,,15564.0,20.0,2.0,6.0,2.0,4.95,-0.015,-0.127,1.893,41.0,25.86,0.0,19.0,3500.0,6.0,4.29,-0.08,-1.02,0.01,1.63,0.55,1.48,498.0,TEST2RR,AKR_TEST2RR,0.0,1.0,1.0,100.0
294160,2,walk,walk,15565,,15565.0,20.0,2.0,6.0,2.0,4.97,-0.016,-0.088,1.995,41.0,25.86,0.0,19.0,3500.0,6.0,4.29,-0.08,-1.02,0.01,1.9,0.46,1.73,498.0,TEST2RR,AKR_TEST2RR,0.0,1.0,1.0,100.0
294160,2,walk,walk,15566,,15566.0,20.0,2.0,6.0,2.0,4.98,-0.017,-0.066,2.098,41.0,25.83,0.0,19.0,3500.0,6.0,4.29,-0.08,-1.02,0.01,2.2,0.36,2.03,498.0,TEST2RR,AKR_TEST2RR,0.0,1.0,1.0,100.0
294180,2,walk,walk,15567,,15567.0,20.0,2.0,6.0,2.0,5.0,-0.019,-0.049,2.228,41.0,25.83,0.0,19.0,3500.0,6.0,4.3,-0.08,-1.02,0.01,2.53,0.25,2.38,498.0,TEST2RR,AKR_TEST2RR,0.0,1.0,1.0,100.0
294220,2,walk,walk,15568,,15568.0,20.0,2.0,6.0,2.0,5.02,-0.02,-0.087,2.419,41.0,25.83,0.0,19.0,3500.0,6.0,4.32,-0.08,-1.03,0.01,2.89,0.13,2.78,498.0,TEST2RR,AKR_TEST2RR,0.0,1.0,1.0,100.0
294220,2,walk,walk,15569,,15569.0,20.0,2.0,6.0,2.0,5.03,-0.021,-0.046,2.592,41.0,25.79,0.0,19.0,3500.0,6.0,4.34,-0.08,-1.03,0.01,3.27,0.01,3.22,498.0,TEST2RR,AKR_TEST2RR,0.0,1.0,1.0,100.0
294240,2,walk,walk,15570,,15570.0,20.0,2.0,6.0,2.0,5.05,-0.022,-0.041,2.771,41.0,25.79,0.0,19.0,3500.0,6.0,4.37,-0.08,-1.03,0.01,3.67,-0.13,3.7,498.0,TEST2RR,AKR_TEST2RR,0.0,1.0,1.0,100.0
294280,2,walk,walk,15571,,15571.0,20.0,2.0,6.0,2.0,5.07,-0.023,-0.089,2.889,41.0,25.76,0.0,19.0,3500.0,6.0,4.4,-0.08,-1.03,0.01,4.07,-0.28,4.23,498.0,TEST2RR,AKR_TEST2RR,0.0,1.0,1.0,100.0
294300,2,walk,walk,15572,,15572.0,20.0,2.0,6.0,2.0,5.09,-0.025,-0.088,3.023,41.0,25.76,0.0,19.0,3500.0,6.0,4.43,-0.08,-1.03,0.01,4.48,-0.44,4.82,498.0,TEST2RR,AKR_TEST2RR,0.0,1.0,1.0,100.0
294300,2,walk,walk,15573,,15573.0,20.0,2.0,6.0,2.0,5.11,-0.026,-0.036,3.198,41.0,25.72,0.0,19.0,3500.0,6.0,4.47,-0.08,-1.03,0.01,4.88,-0.61,5.48,498.0,TEST2RR,AKR_TEST2RR,0.0,1.0,1.0,100.0
294340,2,walk,walk,15574,,15574.0,20.0,2.0,6.0,2.0,5.14,-0.027,-0.056,3.294,41.0,25.72,0.0,19.0,3500.0,6.0,4.5,-0.08,-1.03,0.01,5.27,-0.79,6.2,498.0,TEST2RR,AKR_TEST2RR,0.0,1.0,1.0,100.0
294360,2,walk,walk,15575,,15575.0,20.0,2.0,6.0,2.0,5.17,-0.028,-0.052,3.392,41.0,25.69,0.0,19.0,3500.0,6.0,4.54,-0.08,-1.03,0.01,5.66,-0.96,6.99,498.0,TEST2RR,AKR_TEST2RR,0.0,1.0,1.0,100.0
294360,2,walk,walk,15576,,15576.0,20.0,2.0,6.0,2.0,5.21,-0.029,0.007,3.487,41.0,25.69,0.0,19.0,3500.0,6.0,4.58,-0.08,-1.03,0.01,6.02,-1.16,7.87,498.0,TEST2RR,AKR_TEST2RR,0.0,1.0,1.0,100.0
294400,2,walk,walk,15577,,15577.0,20.0,2.0,6.0,2.0,5.25,-0.029,0.088,3.44,41.0,25.69,0.0,19.0,3500.0,6.0,4.6,-0.08,-1.03,0.01,6.34,-1.41,8.85,498.0,TEST2RR,AKR_TEST2RR,0.0,1.0,1.0,100.0
294420,2,walk,walk,15578,,15578.0,20.0,2.0,6.0,2.0,5.3,-0.029,-0.011,3.49,41.0,25.69,0.0,19.0,3500.0,6.0,4.61,-0.08,-1.04,0.02,6.64,-1.7,9.95,498.0,TEST2RR,AKR_TEST2RR,0.0,1.0,1.0,100.0
294440,2,walk,walk,15579,,15579.0,20.0,2.0,6.0,2.0,5.36,-0.028,0.081,3.366,41.0,25.69,0.0,19.0,3500.0,6.0,4.59,-0.08,-1.04,0.02,6.89,-1.99,11.21,498.0,TEST2RR,AKR_TEST2RR,0.0,1.0,1.0,100.0
294460,2,walk,walk,15580,,15580.0,20.0,2.0,6.0,2.0,5.43,-0.027,0.155,3.144,41.0,25.72,0.0,19.0,3500.0,6.0,4.58,-0.08,-1.05,0.02,7.1,-2.24,12.64,498.0,TEST2RR,AKR_TEST2RR,0.0,1.0,1.0,100.0
294460,2,walk,walk,15581,,15581.0,20.0,2.0,6.0,2.0,5.5,-0.025,0.195,2.94,41.0,25.76,0.0,19.0,3500.0,6.0,4.58,-0.08,-1.05,0.02,7.25,-2.45,14.2,498.0,TEST2RR,AKR_TEST2RR,0.0,1.0,1.0,100.0
294480,2,walk,walk,15582,,15582.0,20.0,2.0,6.0,2.0,5.59,-0.023,0.148,2.73,41.0,25.79,0.0,19.0,3500.0,6.0,4.63,-0.09,-1.05,0.03,7.32,-2.58,15.87,498.0,TEST2RR,AKR_TEST2RR,0.0,1.0,1.0,100.0
294520,2,walk,walk,15583,,15583.0,20.0,2.0,6.0,2.0,5.69,-0.022,0.066,2.489,41.0,25.79,0.0,19.0,3500.0,6.0,4.74,-0.09,-1.06,0.03,7.3,-2.63,17.58,498.0,TEST2RR,AKR_TEST2RR,0.0,1.0,1.0,100.0
294520,2,walk,walk,15584,,15584.0,20.0,2.0,6.0,2.0,5.81,-0.019,0.162,2.169,41.0,25.83,0.0,19.0,3500.0,6.0,4.92,-0.09,-1.06,0.03,7.17,-2.61,19.27,498.0,TEST2RR,AKR_TEST2RR,0.0,1.0,1.0,100.0
294540,2,walk,walk,15585,,15585.0,20.0,2.0,6.0,2.0,5.94,-0.017,0.173,1.893,41.0,25.86,0.0,19.0,3500.0,6.0,5.17,-0.1,-1.06,0.04,6.93,-2.57,20.86,498.0,TEST2RR,AKR_TEST2RR,0.0,1.0,1.0,100.0
294580,2,walk,walk,15586,,15586.0,20.0,2.0,6.0,2.0,6.09,-0.014,0.119,1.624,41.0,25.86,0.0,19.0,3500.0,6.0,5.49,-0.1,-1.06,0.04,6.6,-2.62,22.25,498.0,TEST2RR,AKR_TEST2RR,0.0,1.0,1.0,100.0
294600,2,walk,walk,15587,,15587.0,20.0,2.0,6.0,2.0,6.25,-0.012,0.046,1.429,41.0,25.9,0.0,19.0,3500.0,6.0,5.85,-0.11,-1.05,0.04,6.21,-2.9,23.33,498.0,TEST2RR,AKR_TEST2RR,0.0,1.0,1.0,100.0
294620,2,walk,walk,15588,,15588.0,20.0,2.0,6.0,2.0,6.44,-0.011,0.046,1.337,41.0,25.9,0.0,19.0,3500.0,6.0,6.2,-0.11,-1.05,0.04,5.77,-3.58,23.93,498.0,TEST2RR,AKR_TEST2RR,0.0,1.0,1.0,100.0
294640,2,walk,walk,15589,,15589.0,20.0,2.0,6.0,2.0,6.64,-0.01,-0.013,1.227,41.0,25.9,0.0,19.0,3500.0,6.0,6.52,-0.12,-1.04,0.04,5.31,-4.88,23.87,498.0,TEST2RR,AKR_TEST2RR,0.0,1.0,1.0,100.0
294640,2,walk,walk,15590,,15590.0,20.0,1.0,6.0,2.0,6.87,-0.01,0.048,1.229,41.0,25.9,0.0,18.0,3500.0,6.0,6.74,-0.12,-1.03,0.04,4.83,-6.92,22.95,498.0,TEST2RR,AKR_TEST2RR,0.0,1.0,1.0,100.0
294660,2,walk,walk,15591,,15591.0,20.0,1.0,6.0,2.0,7.11,-0.01,-0.006,1.165,41.0,25.9,0.0,18.0,3500.0,6.0,6.83,-0.12,-1.02,0.04,4.34,-9.69,21.04,498.0,TEST2RR,AKR_TEST2RR,0.0,1.0,1.0,100.0
294680,2,walk,walk,15592,,15592.0,20.0,1.0,6.0,2.0,7.38,-0.009,0.018,1.054,41.0,25.9,0.0,18.0,3500.0,6.0,6.74,-0.12,-1.0,0.05,3.79,-12.99,18.11,498.0,TEST2RR,AKR_TEST2RR,0.0,1.0,1.0,100.0
294720,2,walk,walk,15593,,15593.0,20.0,1.0,6.0,2.0,7.65,-0.009,-0.003,0.996,41.0,25.9,0.0,18.0,3500.0,6.0,6.45,-0.11,-0.99,0.05,3.13,-16.47,14.21,498.0,TEST2RR,AKR_TEST2RR,0.0,1.0,1.0,100.0
294720,2,walk,walk,15594,,15594.0,20.0,1.0,6.0,2.0,7.94,-0.008,0.019,0.967,41.0,25.9,0.0,18.0,3500.0,6.0,5.97,-0.1,-0.98,0.05,2.32,-19.67,9.46,498.0,TEST2RR,AKR_TEST2RR,0.0,1.0,1.0,100.0
294740,2,walk,walk,15595,,15595.0,20.0,1.0,6.0,2.0,8.23,-0.008,0.041,0.928,41.0,25.9,0.0,18.0,3500.0,6.0,5.32,-0.09,-0.97,0.05,1.33,-22.11,4.03,498.0,TEST2RR,AKR_TEST2RR,0.0,1.0,1.0,100.0
294780,2,walk,walk,15596,,15596.0,20.0,1.0,0.0,5.0,8.52,-0.007,0.06,0.897,41.0,25.9,0.0,18.0,3500.0,6.0,4.55,-0.08,-0.97,0.06,0.15,-23.43,-1.85,498.0,TEST2RR,AKR_TEST2RR,0.0,1.0,1.0,100.0
294780,2,walk,walk,15597,,15597.0,20.0,0.0,0.0,6.0,8.8,-0.007,0.022,0.77,41.0,25.9,0.0,19.0,3500.0,6.0,3.72,-0.06,-0.97,0.06,-1.18,-23.4,-7.91,498.0,TEST2RR,AKR_TEST2RR,0.0,1.0,1.0,100.0
294800,2,walk,walk,15598,,15598.0,20.0,0.0,0.0,6.0,9.05,-0.007,0.022,0.77,41.0,25.9,0.0,39.0,3500.0,6.0,2.92,-0.05,-0.97,0.06,-2.64,-22.04,-13.81,498.0,TEST2RR,AKR_TEST2RR,0.0,1.0,1.0,100.0
294820,2,walk,walk,15599,,15599.0,20.0,0.0,0.0,6.0,9.27,-0.007,0.022,0.77,41.0,25.9,0.0,59.0,3500.0,6.0,2.2,-0.04,-0.97,0.06,-4.15,-19.64,-19.44,498.0,TEST2RR,AKR_TEST2RR,0.0,1.0,1.0,100.0
294840,2,walk,walk,15600,,15600.0,20.0,1.0,0.0,6.0,9.45,-0.031,-3.145,0.0,41.0,26.04,0.0,1.0,3500.0,6.0,1.58,-0.03,-0.97,0.06,-5.62,-16.58,-24.8,498.0,TEST2RR,AKR_TEST2RR,0.0,1.0,1.0,100.0
294860,2,walk,walk,15601,,15601.0,20.0,0.0,0.0,6.0,9.59,-0.028,0.19,0.0,41.0,25.93,0.0,0.0,3500.0,6.0,1.11,-0.02,-0.98,0.06,-6.96,-13.21,-29.87,498.0,TEST2RR,AKR_TEST2RR,0.0,1.0,1.0,100.0
294880,2,walk,walk,15602,,15602.0,20.0,0.0,0.0,6.0,9.66,-0.025,0.15,0.0,41.0,25.97,0.0,0.0,3500.0,6.0,0.79,-0.01,-0.99,0.06,-8.09,-9.9,-34.58,498.0,TEST2RR,AKR_TEST2RR,0.0,1.0,1.0,100.0
294920,2,walk,walk,15603,,15603.0,20.0,0.0,0.0,6.0,9.66,-0.02,0.399,0.0,41.0,25.97,0.0,0.0,3500.0,6.0,0.6,-0.01,-1.0,0.05,-8.96,-6.92,-38.81,498.0,TEST2RR,AKR_TEST2RR,0.0,1.0,1.0,100.0
294940,2,walk,walk,15604,,15604.0,20.0,0.0,0.0,6.0,9.6,-0.02,0.399,0.0,41.0,25.93,0.0,20.0,3500.0,6.0,0.52,-0.01,-1.02,0.05,-9.56,-4.47,-42.5,498.0,TEST2RR,AKR_TEST2RR,0.0,1.0,1.0,100.0
294940,2,walk,walk,15605,,15605.0,20.0,0.0,0.0,6.0,9.45,-0.01,1.014,0.0,41.0,25.93,0.0,19.0,3500.0,6.0,0.53,-0.01,-1.03,0.04,-9.87,-2.64,-45.61,498.0,TEST2RR,AKR_TEST2RR,0.0,1.0,1.0,100.0
294960,2,walk,walk,15606,,15606.0,20.0,0.0,0.0,6.0,9.23,0.004,0.836,0.0,41.0,25.97,0.0,19.0,3500.0,6.0,0.6,-0.01,-1.04,0.04,-9.93,-1.41,-48.08,498.0,TEST2RR,AKR_TEST2RR,0.0,1.0,1.0,100.0
295000,2,walk,walk,15607,,15607.0,20.0,0.0,0.0,6.0,8.93,0.016,0.938,0.0,41.0,25.93,0.0,19.0,3500.0,6.0,0.7,-0.01,-1.05,0.03,-9.77,-0.69,-49.86,498.0,TEST2RR,AKR_TEST2RR,0.0,1.0,1.0,100.0
295000,2,walk,walk,15608,,15608.0,20.0,0.0,0.0,6.0,8.55,0.028,0.684,0.0,41.0,25.93,0.0,19.0,3500.0,6.0,0.81,-0.01,-1.06,0.03,-9.42,-0.36,-50.88,498.0,TEST2RR,AKR_TEST2RR,0.0,1.0,1.0,100.0
295020,2,walk,walk,15609,,15609.0,20.0,0.0,0.0,6.0,8.1,0.038,0.657,0.0,41.0,25.97,0.0,19.0,3500.0,6.0,0.93,-0.02,-1.06,0.02,-8.92,-0.28,-51.16,498.0,TEST2RR,AKR_TEST2RR,0.0,1.0,1.0,100.0
295040,2,walk,walk,15610,,15610.0,20.0,0.0,0.0,7.0,7.57,0.049,0.718,0.0,41.0,25.93,0.0,19.0,3500.0,6.0,1.04,-0.02,-1.06,0.02,-8.3,-0.29,-50.69,498.0,TEST2RR,AKR_TEST2RR,0.0,1.0,1.0,100.0
295060,2,walk,walk,15611,,15611.0,20.0,0.0,0.0,7.0,6.98,0.057,0.432,0.0,41.0,25.93,0.0,19.0,3500.0,6.0,1.14,-0.02,-1.06,0.02,-7.6,-0.26,-49.51,498.0,TEST2RR,AKR_TEST2RR,0.0,1.0,1.0,100.0
295120,2,walk,walk,15612,,15612.0,20.0,0.0,0.0,7.0,6.33,0.065,0.633,0.0,41.0,25.93,0.0,19.0,3500.0,6.0,1.23,-0.02,-1.06,0.01,-6.85,-0.07,-47.71,499.0,TEST2RR,AKR_TEST2RR,0.0,1.0,1.0,100.0
295120,2,walk,walk,15613,,15613.0,20.0,0.0,0.0,7.0,5.64,0.075,0.554,0.0,41.0,25.93,0.0,19.0,3500.0,6.0,1.3,-0.02,-1.06,0.01,-6.1,0.33,-45.38,499.0,TEST2RR,AKR_TEST2RR,0.0,1.0,1.0,100.0
295120,2,walk,walk,15614,,15614.0,20.0,0.0,0.0,7.0,4.9,0.083,0.426,0.0,41.0,25.93,0.0,19.0,3500.0,6.0,1.36,-0.03,-1.05,0.01,-5.36,0.99,-42.62,499.0,TEST2RR,AKR_TEST2RR,0.0,1.0,1.0,100.0
295180,2,walk,walk,15615,,15615.0,20.0,0.0,0.0,7.0,4.13,0.088,0.31,0.0,41.0,25.97,0.0,19.0,3500.0,6.0,1.43,-0.03,-1.05,0.01,-4.69,1.87,-39.54,499.0,TEST2RR,AKR_TEST2RR,0.0,1.0,1.0,100.0
295180,2,walk,walk,15616,,15616.0,20.0,0.0,0.0,7.0,3.34,0.093,0.577,0.0,41.0,25.93,0.0,19.0,3500.0,6.0,1.5,-0.03,-1.04,0.0,-4.1,2.93,-36.29,499.0,TEST2RR,AKR_TEST2RR,0.0,1.0,1.0,100.0
295180,2,walk,walk,15617,,15617.0,20.0,0.0,0.0,7.0,2.53,0.102,0.645,0.0,41.0,25.93,0.0,19.0,3500.0,6.0,1.58,-0.03,-1.03,0.0,-3.64,4.07,-32.99,499.0,TEST2RR,AKR_TEST2RR,0.0,1.0,1.0,100.0
295200,2,walk,walk,15618,,15618.0,20.0,0.0,0.0,7.0,1.73,0.109,0.261,0.0,41.0,25.93,0.0,19.0,3500.0,6.0,1.7,-0.03,-1.03,0.0,-3.3,5.23,-29.68,499.0,TEST2RR,AKR_TEST2RR,0.0,1.0,1.0,100.0
295220,2,walk,walk,15619,,15619.0,20.0,0.0,0.0,7.0,0.93,0.109,0.069,0.0,41.0,25.93,0.0,19.0,3500.0,6.0,1.86,-0.03,-1.02,-0.01,-3.1,6.32,-26.38,499.0,TEST2RR,AKR_TEST2RR,0.0,1.0,1.0,100.0
295260,2,walk,walk,15620,,15620.0,20.0,0.0,0.0,7.0,0.15,0.109,-0.123,0.0,41.0,25.93,0.0,19.0,3500.0,6.0,2.08,-0.04,-1.01,-0.01,-3.06,7.22,-23.14,499.0,TEST2RR,AKR_TEST2RR,0.0,1.0,1.0,100.0
295260,2,walk,walk,15621,,15621.0,20.0,0.0,0.0,7.0,-0.6,0.109,0.042,0.0,41.0,25.93,0.0,19.0,3500.0,6.0,2.36,-0.04,-1.0,-0.01,-3.2,7.79,-19.97,499.0,TEST2RR,AKR_TEST2RR,0.0,1.0,1.0,100.0
295280,2,walk,walk,15622,,15622.0,20.0,0.0,0.0,7.0,-1.33,0.111,0.222,0.0,41.0,25.93,0.0,19.0,3500.0,6.0,2.68,-0.05,-1.0,-0.02,-3.54,7.82,-16.9,499.0,TEST2RR,AKR_TEST2RR,0.0,1.0,1.0,100.0
295300,2,walk,walk,15623,,15623.0,20.0,0.0,0.0,7.0,-2.01,0.118,0.798,0.0,41.0,25.93,0.0,19.0,3500.0,6.0,2.86,-0.05,-0.99,-0.02,-3.96,7.31,-14.14,499.0,TEST2RR,AKR_TEST2RR,0.0,1.0,1.0,100.0
295320,2,walk,walk,15624,,15624.0,20.0,0.0,0.0,7.0,-2.65,0.136,1.24,0.0,41.0,25.93,0.0,19.0,3500.0,6.0,2.7,-0.05,-0.99,-0.03,-4.26,6.4,-11.98,499.0,TEST2RR,AKR_TEST2RR,0.0,1.0,1.0,100.0
295340,2,walk,walk,15625,,15625.0,20.0,0.0,0.0,7.0,-3.25,0.154,0.818,0.0,41.0,25.93,0.0,19.0,3500.0,6.0,2.05,-0.04,-1.0,-0.03,-4.29,5.31,-10.56,499.0,TEST2RR,AKR_TEST2RR,0.0,1.0,1.0,100.0
295360,2,walk,walk,15626,,15626.0,20.0,0.0,0.0,7.0,-3.79,0.171,1.599,0.0,41.0,25.93,0.0,19.0,3500.0,6.0,0.84,-0.01,-1.0,-0.02,-4.02,4.12,-9.83,499.0,TEST2RR,AKR_TEST2RR,0.0,1.0,1.0,100.0
295380,2,walk,walk,15627,,15627.0,20.0,0.0,0.0,7.0,-4.28,0.204,2.676,0.0,41.0,25.93,0.0,19.0,3500.0,6.0,-0.81,0.01,-1.01,-0.01,-3.61,2.92,-9.71,499.0,TEST2RR,AKR_TEST2RR,0.0,1.0,1.0,100.0
295440,2,walk,walk,15628,,15628.0,20.0,0.0,0.0,7.0,-4.72,0.243,2.439,0.0,41.0,25.93,0.0,19.0,3500.0,6.0,-2.62,0.05,-1.01,0.0,-3.32,1.85,-10.01,499.0,TEST2RR,AKR_TEST2RR,0.0,1.0,1.0,100.0
295440,2,walk,walk,15629,,15629.0,20.0,0.0,0.0,7.0,-5.12,0.263,-0.66,0.0,41.0,25.93,0.0,19.0,3500.0,6.0,-4.3,0.08,-1.02,0.01,-3.29,0.79,-10.25,499.0,TEST2RR,AKR_TEST2RR,0.0,1.0,1.0,100.0
295440,2,walk,walk,15630,,15630.0,20.0,0.0,0.0,7.0,-5.47,0.245,-1.291,0.0,41.0,25.93,0.0,19.0,3500.0,6.0,-5.75,0.1,-1.02,0.02,-3.57,-0.31,-10.02,499.0,TEST2RR,AKR_TEST2RR,0.0,1.0,1.0,100.0
295460,2,walk,walk,15631,,15631.0,20.0,0.0,0.0,7.0,-5.78,0.228,-0.872,0.0,41.0,25.93,0.0,19.0,3500.0,6.0,-6.93,0.12,-1.03,0.03,-4.05,-1.44,-9.17,499.0,TEST2RR,AKR_TEST2RR,0.0,1.0,1.0,100.0
295480,2,walk,walk,15632,,15632.0,20.0,0.0,0.0,7.0,-6.06,0.222,-0.319,0.0,41.0,25.93,0.0,19.0,3500.0,6.0,-7.86,0.14,-1.03,0.04,-4.6,-2.49,-7.66,499.0,TEST2RR,AKR_TEST2RR,0.0,1.0,1.0,100.0
295500,2,walk,walk,15633,,15633.0,20.0,0.0,0.0,7.0,-6.32,0.211,-1.178,0.0,41.0,25.93,0.0,19.0,3500.0,6.0,-8.57,0.16,-1.04,0.04,-5.03,-3.36,-5.49,499.0,TEST2RR,AKR_TEST2RR,0.0,1.0,1.0,100.0
295520,2,walk,walk,15634,,15634.0,20.0,0.0,0.0,1.0,-6.54,0.195,-0.703,0.0,41.0,25.93,0.0,19.0,3500.0,6.0,-9.08,0.17,-1.04,0.04,-5.24,-3.98,-2.77,499.0,TEST2RR,AKR_TEST2RR,0.0,1.0,1.0,100.0
295540,2,walk,walk,15635,,15635.0,20.0,0.0,0.0,1.0,-6.75,0.184,-0.781,0.0,41.0,25.93,0.0,19.0,3500.0,6.0,-9.43,0.17,-1.04,0.03,-5.15,-4.32,0.33,499.0,TEST2RR,AKR_TEST2RR,0.0,1.0,1.0,100.0
295580,2,walk,walk,15636,,15636.0,20.0,0.0,0.0,1.0,-6.95,0.173,-0.542,0.0,41.0,25.93,0.0,19.0,3500.0,6.0,-9.64,0.18,-1.04,0.02,-4.8,-4.4,3.58,499.0,TEST2RR,AKR_TEST2RR,0.0,1.0,1.0,100.0
295600,2,walk,walk,15637,,15637.0,20.0,0.0,0.0,1.0,-7.12,0.167,-0.361,0.0,41.0,25.93,0.0,19.0,3500.0,6.0,-9.71,0.18,-1.04,0.02,-4.25,-4.26,6.77,499.0,TEST2RR,AKR_TEST2RR,0.0,1.0,1.0,100.0
295600,2,walk,walk,15638,,15638.0,20.0,0.0,0.0,1.0,-7.27,0.157,-0.728,0.0,41.0,25.93,0.0,19.0,3500.0,6.0,-9.67,0.18,-1.04,0.01,-3.59,-3.92,9.75,499.0,TEST2RR,AKR_TEST2RR,0.0,1.0,1.0,100.0
295620,2,walk,walk,15639,,15639.0,20.0,0.0,0.0,1.0,-7.4,0.149,-0.225,0.0,41.0,25.93,0.0,19.0,3500.0,6.0,-9.54,0.17,-1.04,0.0,-2.91,-3.48,12.36,499.0,TEST2RR,AKR_TEST2RR,0.0,1.0,1.0,100.0
295660,2,walk,walk,15640,,15640.0,20.0,0.0,0.0,1.0,-7.51,0.147,-0.116,0.0,41.0,25.93,0.0,19.0,3500.0,6.0,-9.32,0.17,-1.03,0.0,-2.27,-2.98,14.45,499.0,TEST2RR,AKR_TEST2RR,0.0,1.0,1.0,100.0
295660,2,walk,walk,15641,,15641.0,20.0,0.0,0.0,1.0,-7.6,0.145,-0.16,0.0,41.0,25.93,0.0,19.0,3500.0,6.0,-9.03,0.16,-1.03,-0.01,-1.7,-2.48,15.97,499.0,TEST2RR,AKR_TEST2RR,0.0,1.0,1.0,100.0
295680,2,walk,walk,15642,,15642.0,20.0,0.0,0.0,1.0,-7.65,0.142,-0.198,0.0,41.0,25.93,0.0,19.0,3500.0,6.0,-8.69,0.16,-1.03,-0.01,-1.23,-2.0,16.93,499.0,TEST2RR,AKR_TEST2RR,0.0,1.0,1.0,100.0
295700,2,walk,walk,15643,,15643.0,20.0,0.0,0.0,1.0,-7.68,0.138,-0.39,0.0,41.0,25.93,0.0,19.0,3500.0,6.0,-8.33,0.15,-1.02,-0.02,-0.84,-1.52,17.41,499.0,TEST2RR,AKR_TEST2RR,0.0,1.0,1.0,100.0
295740,2,walk,walk,15644,,15644.0,20.0,0.0,0.0,1.0,-7.68,0.131,-0.39,0.0,41.0,25.93,0.0,19.0,3500.0,6.0,-7.96,0.14,-1.02,-0.02,-0.53,-1.06,17.5,499.0,TEST2RR,AKR_TEST2RR,0.0,1.0,1.0,100.0
295740,2,walk,walk,15645,,15645.0,20.0,0.0,0.0,1.0,-7.64,0.13,0.077,0.0,41.0,25.93,0.0,19.0,3500.0,6.0,-7.6,0.14,-1.02,-0.02,-0.27,-0.65,17.27,499.0,TEST2RR,AKR_TEST2RR,0.0,1.0,1.0,100.0
295760,2,walk,walk,15646,,15646.0,20.0,0.0,0.0,1.0,-7.58,0.128,-0.162,0.0,41.0,25.93,0.0,19.0,3500.0,6.0,-7.26,0.13,-1.02,-0.02,-0.04,-0.31,16.79,499.0,TEST2RR,AKR_TEST2RR,0.0,1.0,1.0,100.0
295780,2,walk,walk,15647,,15647.0,20.0,0.0,0.0,1.0,-7.48,0.125,-0.229,0.0,41.0,25.93,0.0,19.0,3500.0,6.0,-6.94,0.12,-1.02,-0.03,0.2,-0.01,16.19,499.0,TEST2RR,AKR_TEST2RR,0.0,1.0,1.0,100.0
295800,2,walk,walk,15648,,15648.0,20.0,0.0,0.0,1.0,-7.36,0.122,-0.344,0.0,41.0,25.97,0.0,19.0,3500.0,6.0,-6.66,0.12,-1.02,-0.03,0.5,0.24,15.57,499.0,TEST2RR,AKR_TEST2RR,0.0,1.0,1.0,100.0
295820,2,walk,walk,15649,,15649.0,20.0,0.0,0.0,1.0,-7.22,0.117,-0.536,0.0,41.0,25.93,0.0,19.0,3500.0,6.0,-6.4,0.11,-1.02,-0.03,0.87,0.49,15.09,499.0,TEST2RR,AKR_TEST2RR,0.0,1.0,1.0,100.0
295840,2,walk,walk,15650,,15650.0,20.0,0.0,0.0,1.0,-7.05,0.106,-0.863,0.0,41.0,25.97,0.0,19.0,3500.0,6.0,-6.17,0.11,-1.02,-0.03,1.32,0.75,14.86,499.0,TEST2RR,AKR_TEST2RR,0.0,1.0,1.0,100.0
295860,2,walk,walk,15651,,15651.0,20.0,0.0,0.0,1.0,-6.86,0.097,-0.583,0.0,41.0,25.93,0.0,19.0,3500.0,6.0,-5.96,0.11,-1.02,-0.03,1.85,1.02,14.92,499.0,TEST2RR,AKR_TEST2RR,0.0,1.0,1.0,100.0
295880,2,walk,walk,15652,,15652.0,20.0,0.0,0.0,1.0,-6.66,0.088,-0.816,0.0,41.0,25.93,0.0,19.0,3500.0,6.0,-5.76,0.1,-1.02,-0.04,2.42,1.26,15.33,499.0,TEST2RR,AKR_TEST2RR,0.0,1.0,1.0,100.0
295920,2,walk,walk,15653,,15653.0,20.0,0.0,0.0,1.0,-6.44,0.076,-0.659,0.0,41.0,25.93,0.0,19.0,3500.0,6.0,-5.56,0.1,-1.02,-0.04,3.01,1.45,16.07,499.0,TEST2RR,AKR_TEST2RR,0.0,1.0,1.0,100.0
295920,2,walk,walk,15654,,15654.0,20.0,0.0,0.0,1.0,-6.22,0.065,-0.698,0.0,41.0,25.93,0.0,19.0,3500.0,6.0,-5.34,0.1,-1.02,-0.04,3.58,1.58,17.13,499.0,TEST2RR,AKR_TEST2RR,0.0,1.0,1.0,100.0
295940,2,walk,walk,15655,,15655.0,20.0,0.0,0.0,1.0,-5.98,0.052,-1.004,0.0,41.0,25.93,0.0,19.0,3500.0,6.0,-5.09,0.09,-1.02,-0.04,4.1,1.68,18.44,499.0,TEST2RR,AKR_TEST2RR,0.0,1.0,1.0,100.0
295960,2,walk,walk,15656,,15656.0,20.0,0.0,0.0,1.0,-5.73,0.04,-0.71,0.0,41.0,25.97,0.0,19.0,3500.0,6.0,-4.8,0.09,-1.02,-0.03,4.57,1.77,19.91,499.0,TEST2RR,AKR_TEST2RR,0.0,1.0,1.0,100.0
295980,2,walk,walk,15657,,15657.0,20.0,0.0,0.0,1.0,-5.48,0.028,-0.974,0.0,41.0,25.93,0.0,19.0,3500.0,6.0,-4.46,0.08,-1.02,-0.03,4.99,1.86,21.47,499.0,TEST2RR,AKR_TEST2RR,0.0,1.0,1.0,100.0
296000,2,walk,walk,15658,,15658.0,20.0,0.0,0.0,1.0,-5.21,0.016,-0.557,0.0,41.0,25.93,0.0,19.0,3500.0,6.0,-4.08,0.07,-1.02,-0.03,5.36,1.93,22.99,499.0,TEST2RR,AKR_TEST2RR,0.0,1.0,1.0,100.0
296020,2,walk,walk,15659,,15659.0,20.0,0.0,0.0,1.0,-4.94,0.007,-0.855,0.0,41.0,25.97,0.0,19.0,3500.0,6.0,-3.65,0.07,-1.02,-0.03,5.71,2.0,24.41,499.0,TEST2RR,AKR_TEST2RR,0.0,1.0,1.0,100.0
296080,2,walk,walk,15660,,15660.0,20.0,0.0,0.0,1.0,-4.65,-0.006,-0.605,0.0,41.0,25.93,0.0,19.0,3500.0,6.0,-3.18,0.06,-1.02,-0.03,6.01,2.04,25.63,500.0,TEST2RR,AKR_TEST2RR,0.0,1.0,1.0,100.0
296080,2,walk,walk,15661,,15661.0,20.0,0.0,0.0,1.0,-4.35,-0.012,-0.359,0.0,41.0,25.93,0.0,19.0,3500.0,6.0,-2.66,0.05,-1.02,-0.03,6.26,2.06,26.58,500.0,TEST2RR,AKR_TEST2RR,0.0,1.0,1.0,100.0
296080,2,walk,walk,15662,,15662.0,20.0,0.0,0.0,1.0,-4.04,-0.021,-0.767,0.0,41.0,25.97,0.0,19.0,3500.0,6.0,-2.11,0.04,-1.02,-0.03,6.42,2.07,27.24,500.0,TEST2RR,AKR_TEST2RR,0.0,1.0,1.0,100.0
296120,2,walk,walk,15663,,15663.0,20.0,0.0,0.0,1.0,-3.71,-0.03,-0.354,0.0,41.0,25.93,0.0,19.0,3500.0,6.0,-1.55,0.03,-1.02,-0.02,6.44,2.08,27.59,500.0,TEST2RR,AKR_TEST2RR,0.0,1.0,1.0,100.0
296120,2,walk,walk,15664,,15664.0,20.0,0.0,0.0,1.0,-3.37,-0.035,-0.379,0.0,41.0,25.93,0.0,19.0,3500.0,6.0,-0.97,0.02,-1.02,-0.02,6.28,2.06,27.59,500.0,TEST2RR,AKR_TEST2RR,0.0,1.0,1.0,100.0
296160,2,walk,walk,15665,,15665.0,20.0,0.0,0.0,1.0,-3.01,-0.039,-0.234,0.0,41.0,25.97,0.0,19.0,3500.0,6.0,-0.38,0.01,-1.02,-0.02,5.91,2.04,27.21,500.0,TEST2RR,AKR_TEST2RR,0.0,1.0,1.0,100.0
296180,2,walk,walk,15666,,15666.0,20.0,0.0,0.0,1.0,-2.64,-0.042,-0.23,0.0,41.0,25.93,0.0,19.0,3500.0,6.0,0.21,0.0,-1.02,-0.01,5.3,2.03,26.45,500.0,TEST2RR,AKR_TEST2RR,0.0,1.0,1.0,100.0
296200,2,walk,walk,15667,,15667.0,20.0,0.0,0.0,1.0,-2.25,-0.045,-0.04,0.0,41.0,25.93,0.0,19.0,3500.0,6.0,0.8,-0.01,-1.01,-0.01,4.46,2.04,25.25,500.0,TEST2RR,AKR_TEST2RR,0.0,1.0,1.0,100.0
296220,2,walk,walk,15668,,15668.0,20.0,0.0,0.0,1.0,-1.85,-0.044,-0.058,0.0,41.0,25.97,0.0,19.0,3500.0,6.0,1.37,-0.02,-1.01,0.0,3.39,2.08,23.59,500.0,TEST2RR,AKR_TEST2RR,0.0,1.0,1.0,100.0
296240,2,walk,walk,15669,,15669.0,20.0,0.0,0.0,1.0,-1.43,-0.041,0.446,0.0,41.0,25.93,0.0,19.0,3500.0,6.0,1.93,-0.03,-1.01,0.0,2.14,2.11,21.4,500.0,TEST2RR,AKR_TEST2RR,0.0,1.0,1.0,100.0
296240,2,walk,walk,15670,,15670.0,20.0,0.0,0.0,1.0,-1.01,-0.033,0.425,0.0,41.0,25.93,0.0,19.0,3500.0,6.0,2.45,-0.04,-1.01,0.0,0.77,2.12,18.79,500.0,TEST2RR,AKR_TEST2RR,0.0,1.0,1.0,100.0
296280,2,walk,walk,15671,,15671.0,20.0,0.0,6.0,2.0,-0.58,-0.03,0.15,0.0,41.0,25.97,0.0,19.0,3500.0,6.0,2.9,-0.05,-1.01,0.0,-0.66,2.11,15.92,500.0,TEST2RR,AKR_TEST2RR,0.0,1.0,1.0,100.0
296280,2,walk,walk,15672,,15672.0,20.0,0.0,6.0,2.0,-0.15,-0.028,0.005,-0.047,41.0,25.93,0.0,18.0,3500.0,6.0,3.26,-0.06,-1.01,0.0,-2.07,2.06,12.93,500.0,TEST2RR,AKR_TEST2RR,0.0,1.0,1.0,100.0
296300,2,walk,walk,15673,,15673.0,20.0,0.0,6.0,2.0,0.28,-0.019,0.587,0.564,41.0,25.9,0.0,18.0,3500.0,6.0,3.52,-0.06,-1.01,0.0,-3.34,1.96,9.96,500.0,TEST2RR,AKR_TEST2RR,0.0,1.0,1.0,100.0
296320,2,walk,walk,15674,,15674.0,20.0,1.0,6.0,2.0,0.7,-0.012,0.375,0.786,41.0,25.93,0.0,19.0,3500.0,6.0,3.68,-0.06,-1.01,0.0,-4.39,1.79,7.2,500.0,TEST2RR,AKR_TEST2RR,0.0,1.0,1.0,100.0
296340,2,walk,walk,15675,,15675.0,20.0,0.0,6.0,2.0,1.11,-0.011,-0.001,1.078,41.0,25.9,0.0,18.0,3500.0,6.0,3.75,-0.07,-1.01,-0.01,-5.11,1.57,4.8,500.0,TEST2RR,AKR_TEST2RR,0.0,1.0,1.0,100.0
296400,2,walk,walk,15676,,15676.0,20.0,0.0,6.0,2.0,1.5,-0.011,-0.013,1.213,41.0,25.9,0.0,18.0,3500.0,6.0,3.76,-0.07,-1.01,-0.01,-5.49,1.31,2.85,500.0,TEST2RR,AKR_TEST2RR,0.0,1.0,1.0,100.0
296400,2,walk,walk,15677,,15677.0,20.0,0.0,6.0,2.0,1.87,-0.011,-0.03,1.288,41.0,25.9,0.0,18.0,3500.0,6.0,3.71,-0.07,-1.02,-0.02,-5.53,1.04,1.38,500.0,TEST2RR,AKR_TEST2RR,0.0,1.0,1.0,100.0
296400,2,walk,walk,15678,,15678.0,20.0,1.0,6.0,2.0,2.22,-0.012,0.005,1.354,41.0,25.9,0.0,19.0,3500.0,6.0,3.64,-0.06,-1.02,-0.02,-5.27,0.75,0.37,500.0,TEST2RR,AKR_TEST2RR,0.0,1.0,1.0,100.0
296420,2,walk,walk,15679,,15679.0,20.0,1.0,6.0,2.0,2.53,-0.012,-0.045,1.422,41.0,25.9,0.0,19.0,3500.0,6.0,3.56,-0.06,-1.02,-0.03,-4.74,0.46,-0.21,500.0,TEST2RR,AKR_TEST2RR,0.0,1.0,1.0,100.0
296440,2,walk,walk,15680,,15680.0,20.0,1.0,6.0,2.0,2.82,-0.013,-0.093,1.567,41.0,25.86,0.0,19.0,3500.0,6.0,3.46,-0.06,-1.02,-0.03,-4.02,0.13,-0.37,500.0,TEST2RR,AKR_TEST2RR,0.0,1.0,1.0,100.0
296460,2,walk,walk,15681,,15681.0,20.0,1.0,6.0,2.0,3.08,-0.015,-0.281,2.004,41.0,25.86,0.0,19.0,3500.0,6.0,3.37,-0.06,-1.03,-0.04,-3.15,-0.26,-0.1,500.0,TEST2RR,AKR_TEST2RR,0.0,1.0,1.0,100.0
296480,2,walk,walk,15682,,15682.0,20.0,1.0,6.0,2.0,3.31,-0.02,-0.292,2.571,41.0,25.79,0.0,19.0,3500.0,6.0,3.25,-0.06,-1.03,-0.04,-2.14,-0.72,0.64,500.0,TEST2RR,AKR_TEST2RR,0.0,1.0,1.0,100.0
296500,2,walk,walk,15683,,15683.0,20.0,1.0,6.0,2.0,3.51,-0.024,-0.163,3.022,41.0,25.76,0.0,19.0,3500.0,6.0,3.11,-0.06,-1.03,-0.04,-0.93,-1.22,1.84,500.0,TEST2RR,AKR_TEST2RR,0.0,1.0,1.0,100.0
296540,2,walk,walk,15684,,15684.0,20.0,1.0,6.0,2.0,3.68,-0.027,-0.162,3.337,41.0,25.72,0.0,19.0,3500.0,6.0,2.98,-0.05,-1.03,-0.05,0.49,-1.77,3.43,500.0,TEST2RR,AKR_TEST2RR,0.0,1.0,1.0,100.0
296560,2,walk,walk,15685,,15685.0,20.0,1.0,6.0,2.0,3.83,-0.029,-0.116,3.603,41.0,25.69,0.0,19.0,3500.0,6.0,2.88,-0.05,-1.04,-0.05,2.11,-2.31,5.26,500.0,TEST2RR,AKR_TEST2RR,0.0,1.0,1.0,100.0
296560,2,walk,walk,15686,,15686.0,20.0,1.0,6.0,2.0,3.95,-0.03,-0.025,3.732,41.0,25.65,0.0,19.0,3500.0,6.0,2.86,-0.05,-1.04,-0.05,3.87,-2.82,7.18,500.0,TEST2RR,AKR_TEST2RR,0.0,1.0,1.0,100.0
296580,2,walk,walk,15687,,15687.0,20.0,1.0,6.0,2.0,4.06,-0.031,-0.04,3.896,41.0,25.65,0.0,19.0,3500.0,6.0,2.92,-0.05,-1.04,-0.05,5.68,-3.24,9.03,500.0,TEST2RR,AKR_TEST2RR,0.0,1.0,1.0,100.0
296620,2,walk,walk,15688,,15688.0,20.0,1.0,6.0,2.0,4.16,-0.032,-0.135,3.975,41.0,25.62,0.0,19.0,3500.0,6.0,3.07,-0.06,-1.04,-0.05,7.48,-3.56,10.68,500.0,TEST2RR,AKR_TEST2RR,0.0,1.0,1.0,100.0
296620,2,walk,walk,15689,,15689.0,20.0,1.0,6.0,2.0,4.25,-0.033,0.007,4.017,41.0,25.62,0.0,19.0,3500.0,6.0,3.31,-0.06,-1.04,-0.05,9.16,-3.77,12.02,500.0,TEST2RR,AKR_TEST2RR,0.0,1.0,1.0,100.0
296640,2,walk,walk,15690,,15690.0,20.0,1.0,6.0,2.0,4.34,-0.033,-0.054,4.033,41.0,25.62,0.0,19.0,3500.0,6.0,3.64,-0.07,-1.04,-0.05,10.64,-3.88,12.98,500.0,TEST2RR,AKR_TEST2RR,0.0,1.0,1.0,100.0
296660,2,walk,walk,15691,,15691.0,20.0,1.0,6.0,2.0,4.42,-0.034,0.006,4.056,41.0,25.62,0.0,19.0,3500.0,6.0,4.02,-0.07,-1.03,-0.04,11.86,-3.9,13.53,500.0,TEST2RR,AKR_TEST2RR,0.0,1.0,1.0,100.0
296700,2,walk,walk,15692,,15692.0,20.0,1.0,6.0,2.0,4.52,-0.034,-0.001,4.07,41.0,25.62,0.0,19.0,3500.0,6.0,4.44,-0.08,-1.03,-0.04,12.78,-3.83,13.69,500.0,TEST2RR,AKR_TEST2RR,0.0,1.0,1.0,100.0
296720,2,walk,walk,15693,,15693.0,20.0,1.0,6.0,2.0,4.62,-0.034,-0.083,4.134,41.0,25.58,0.0,19.0,3500.0,6.0,4.86,-0.09,-1.03,-0.03,13.35,-3.69,13.53,500.0,TEST2RR,AKR_TEST2RR,0.0,1.0,1.0,100.0
296720,2,walk,walk,15694,,15694.0,20.0,1.0,6.0,2.0,4.73,-0.035,-0.073,4.162,41.0,25.62,0.0,19.0,3500.0,6.0,5.26,-0.09,-1.02,-0.02,13.59,-3.47,13.12,500.0,TEST2RR,AKR_TEST2RR,0.0,1.0,1.0,100.0
296740,2,walk,walk,15695,,15695.0,20.0,1.0,6.0,2.0,4.85,-0.035,0.049,4.201,41.0,25.58,0.0,19.0,3500.0,6.0,5.62,-0.1,-1.02,-0.01,13.56,-3.21,12.55,500.0,TEST2RR,AKR_TEST2RR,0.0,1.0,1.0,100.0
296760,2,walk,walk,15696,,15696.0,20.0,1.0,6.0,2.0,4.98,-0.035,0.015,4.246,41.0,25.58,0.0,19.0,3500.0,6.0,5.95,-0.11,-1.02,-0.01,13.33,-2.92,11.89,500.0,TEST2RR,AKR_TEST2RR,0.0,1.0,1.0,100.0
296800,2,walk,walk,15697,,15697.0,20.0,1.0,6.0,2.0,5.13,-0.035,0.019,4.279,41.0,25.58,0.0,19.0,3500.0,6.0,6.23,-0.11,-1.01,0.0,12.96,-2.64,11.2,500.0,TEST2RR,AKR_TEST2RR,0.0,1.0,1.0,100.0
296800,2,walk,walk,15698,,15698.0,20.0,1.0,6.0,2.0,5.28,-0.036,-0.07,4.336,41.0,25.58,0.0,19.0,3500.0,6.0,6.46,-0.11,-1.01,0.0,12.54,-2.39,10.53,500.0,TEST2RR,AKR_TEST2RR,0.0,1.0,1.0,100.0
296820,2,walk,walk,15699,,15699.0,20.0,1.0,6.0,2.0,5.44,-0.036,0.013,4.433,41.0,25.54,0.0,19.0,3500.0,6.0,6.66,-0.12,-1.01,0.01,12.1,-2.21,9.93,500.0,TEST2RR,AKR_TEST2RR,0.0,1.0,1.0,100.0
296840,2,walk,walk,15700,,15700.0,20.0,1.0,6.0,2.0,5.61,-0.037,-0.018,4.552,41.0,25.54,0.0,19.0,3500.0,6.0,6.83,-0.12,-1.01,0.01,11.69,-2.12,9.43,500.0,TEST2RR,AKR_TEST2RR,0.0,1.0,1.0,100.0
296880,2,walk,walk,15701,,15701.0,20.0,1.0,6.0,2.0,5.79,-0.038,-0.077,4.609,41.0,25.51,0.0,19.0,3500.0,6.0,6.96,-0.12,-1.01,0.01,11.33,-2.12,9.05,500.0,TEST2RR,AKR_TEST2RR,0.0,1.0,1.0,100.0
296880,2,walk,walk,15702,,15702.0,20.0,1.0,6.0,2.0,5.97,-0.038,-0.025,4.663,41.0,25.51,0.0,19.0,3500.0,6.0,7.06,-0.13,-1.02,0.02,11.04,-2.22,8.82,500.0,TEST2RR,AKR_TEST2RR,0.0,1.0,1.0,100.0
296900,2,walk,walk,15703,,15703.0,20.0,1.0,6.0,2.0,6.16,-0.038,-0.022,4.659,41.0,25.51,0.0,19.0,3500.0,6.0,7.13,-0.13,-1.02,0.02,10.81,-2.39,8.75,500.0,TEST2RR,AKR_TEST2RR,0.0,1.0,1.0,100.0
296920,2,walk,walk,15704,,15704.0,20.0,1.0,6.0,2.0,6.34,-0.038,-0.002,4.661,41.0,25.51,0.0,19.0,3500.0,6.0,7.17,-0.13,-1.02,0.02,10.65,-2.6,8.86,500.0,TEST2RR,AKR_TEST2RR,0.0,1.0,1.0,100.0
296940,2,walk,walk,15705,,15705.0,20.0,1.0,6.0,2.0,6.53,-0.038,-0.029,4.649,41.0,25.51,0.0,19.0,3500.0,6.0,7.19,-0.13,-1.02,0.02,10.54,-2.81,9.15,500.0,TEST2RR,AKR_TEST2RR,0.0,1.0,1.0,100.0
296960,2,walk,walk,15706,,15706.0,20.0,1.0,6.0,2.0,6.71,-0.038,0.033,4.649,41.0,25.54,0.0,19.0,3500.0,6.0,7.22,-0.13,-1.03,0.03,10.44,-2.97,9.62,500.0,TEST2RR,AKR_TEST2RR,0.0,1.0,1.0,100.0
296980,2,walk,walk,15707,,15707.0,20.0,1.0,6.0,2.0,6.9,-0.038,0.061,4.65,41.0,25.51,0.0,19.0,3500.0,6.0,7.26,-0.13,-1.03,0.03,10.35,-3.07,10.26,500.0,TEST2RR,AKR_TEST2RR,0.0,1.0,1.0,100.0
297040,2,walk,walk,15708,,15708.0,20.0,1.0,6.0,2.0,7.08,-0.038,-0.002,4.623,41.0,25.51,0.0,19.0,3500.0,6.0,7.34,-0.13,-1.03,0.04,10.24,-3.07,11.03,500.0,TEST2RR,AKR_TEST2RR,0.0,1.0,1.0,100.0
297040,2,walk,walk,15709,,15709.0,20.0,1.0,6.0,2.0,7.26,-0.038,0.036,4.592,41.0,25.54,0.0,19.0,3500.0,6.0,7.45,-0.13,-1.03,0.04,10.1,-2.97,11.89,500.0,TEST2RR,AKR_TEST2RR,0.0,1.0,1.0,100.0
297040,2,walk,walk,15710,,15710.0,20.0,1.0,6.0,2.0,7.44,-0.038,0.049,4.506,41.0,25.54,0.0,19.0,3500.0,6.0,7.62,-0.14,-1.03,0.05,9.9,-2.79,12.79,500.0,TEST2RR,AKR_TEST2RR,0.0,1.0,1.0,100.0
297060,2,walk,walk,15711,,15711.0,20.0,1.0,6.0,2.0,7.62,-0.037,0.053,4.361,41.0,25.54,0.0,19.0,3500.0,6.0,7.83,-0.14,-1.03,0.05,9.64,-2.55,13.66,500.0,TEST2RR,AKR_TEST2RR,0.0,1.0,1.0,100.0
297100,2,walk,walk,15712,,15712.0,20.0,1.0,6.0,2.0,7.8,-0.036,0.093,4.26,41.0,25.58,0.0,19.0,3500.0,6.0,8.1,-0.15,-1.03,0.05,9.31,-2.28,14.48,500.0,TEST2RR,AKR_TEST2RR,0.0,1.0,1.0,100.0
297100,2,walk,walk,15713,,15713.0,20.0,1.0,6.0,2.0,7.98,-0.035,0.122,4.012,41.0,25.58,0.0,19.0,3500.0,6.0,8.41,-0.15,-1.03,0.06,8.91,-2.01,15.2,500.0,TEST2RR,AKR_TEST2RR,0.0,1.0,1.0,100.0
297120,2,walk,walk,15714,,15714.0,20.0,1.0,6.0,2.0,8.17,-0.033,0.111,3.898,41.0,25.62,0.0,19.0,3500.0,6.0,8.76,-0.16,-1.03,0.06,8.42,-1.75,15.77,500.0,TEST2RR,AKR_TEST2RR,0.0,1.0,1.0,100.0
297160,2,walk,walk,15715,,15715.0,20.0,1.0,6.0,2.0,8.36,-0.031,0.155,3.705,41.0,25.65,0.0,19.0,3500.0,6.0,9.16,-0.16,-1.02,0.06,7.86,-1.53,16.18,500.0,TEST2RR,AKR_TEST2RR,0.0,1.0,1.0,100.0
297200,2,walk,walk,15716,,15716.0,20.0,1.0,6.0,2.0,8.56,-0.03,0.148,3.562,41.0,25.65,0.0,19.0,3500.0,6.0,9.59,-0.17,-1.02,0.07,7.23,-1.32,16.41,501.0,TEST2RR,AKR_TEST2RR,0.0,1.0,1.0,100.0
297200,2,walk,walk,15717,,15717.0,20.0,1.0,6.0,2.0,8.76,-0.029,0.069,3.455,41.0,25.69,0.0,18.0,3500.0,6.0,10.06,-0.18,-1.01,0.07,6.54,-1.13,16.45,501.0,TEST2RR,AKR_TEST2RR,0.0,1.0,1.0,100.0
297220,2,walk,walk,15718,,15718.0,20.0,1.0,6.0,2.0,8.98,-0.028,0.095,3.326,41.0,25.69,0.0,18.0,3500.0,6.0,10.56,-0.19,-1.01,0.07,5.8,-0.95,16.28,501.0,TEST2RR,AKR_TEST2RR,0.0,1.0,1.0,100.0
297220,2,walk,walk,15719,,15719.0,20.0,1.0,6.0,2.0,9.2,-0.027,0.056,3.066,41.0,25.69,0.0,18.0,3500.0,6.0,11.08,-0.2,-1.0,0.07,5.04,-0.78,15.87,501.0,TEST2RR,AKR_TEST2RR,0.0,1.0,1.0,100.0
297240,2,walk,walk,15720,,15720.0,20.0,1.0,6.0,2.0,9.43,-0.026,0.006,3.112,41.0,25.72,0.0,18.0,3500.0,6.0,11.63,-0.21,-1.0,0.08,4.26,-0.62,15.19,501.0,TEST2RR,AKR_TEST2RR,0.0,1.0,1.0,100.0
297260,2,walk,walk,15721,,15721.0,20.0,1.0,6.0,2.0,9.66,-0.026,-0.002,3.126,41.0,25.72,0.0,18.0,3500.0,6.0,12.18,-0.21,-0.99,0.08,3.51,-0.47,14.26,501.0,TEST2RR,AKR_TEST2RR,0.0,1.0,1.0,100.0
297280,2,walk,walk,15722,,15722.0,20.0,1.0,6.0,2.0,9.91,-0.026,0.029,3.127,41.0,25.72,0.0,18.0,3500.0,6.0,12.72,-0.22,-0.98,0.08,2.79,-0.35,13.08,501.0,TEST2RR,AKR_TEST2RR,0.0,1.0,1.0,100.0
297340,2,walk,walk,15723,,15723.0,20.0,1.0,6.0,2.0,10.16,-0.026,0.04,3.094,41.0,25.72,0.0,18.0,3500.0,6.0,13.23,-0.23,-0.98,0.08,2.12,-0.25,11.65,501.0,TEST2RR,AKR_TEST2RR,0.0,1.0,1.0,100.0
297360,2,walk,walk,15724,,15724.0,20.0,1.0,6.0,2.0,10.42,-0.026,0.018,3.174,41.0,25.72,0.0,18.0,3500.0,6.0,13.7,-0.24,-0.97,0.08,1.52,-0.19,10.01,501.0,TEST2RR,AKR_TEST2RR,0.0,1.0,1.0,100.0
297360,2,walk,walk,15725,,15725.0,20.0,1.0,6.0,2.0,10.67,-0.026,-0.105,3.144,41.0,25.72,0.0,18.0,3500.0,6.0,14.1,-0.24,-0.97,0.08,1.01,-0.16,8.2,501.0,TEST2RR,AKR_TEST2RR,0.0,1.0,1.0,100.0
297380,2,walk,walk,15726,,15726.0,20.0,1.0,6.0,2.0,10.93,-0.027,0.01,3.148,41.0,25.72,0.0,18.0,3500.0,6.0,14.42,-0.25,-0.97,0.08,0.59,-0.19,6.25,501.0,TEST2RR,AKR_TEST2RR,0.0,1.0,1.0,100.0
297400,2,walk,walk,15727,,15727.0,20.0,1.0,6.0,2.0,11.19,-0.027,-0.089,3.203,41.0,25.72,0.0,18.0,3500.0,6.0,14.65,-0.25,-0.96,0.07,0.27,-0.28,4.23,501.0,TEST2RR,AKR_TEST2RR,0.0,1.0,1.0,100.0
297400,2,walk,walk,15728,,15728.0,20.0,1.0,6.0,2.0,11.44,-0.027,-0.019,3.246,41.0,25.72,0.0,18.0,3500.0,6.0,14.77,-0.25,-0.96,0.07,0.05,-0.43,2.19,501.0,TEST2RR,AKR_TEST2RR,0.0,1.0,1.0,100.0
297420,2,walk,walk,15729,,15729.0,20.0,1.0,6.0,2.0,11.69,-0.027,-0.033,3.308,41.0,25.72,0.0,18.0,3500.0,6.0,14.79,-0.25,-0.96,0.07,-0.08,-0.63,0.19,501.0,TEST2RR,AKR_TEST2RR,0.0,1.0,1.0,100.0
297460,2,walk,walk,15730,,15730.0,20.0,1.0,6.0,2.0,11.92,-0.027,-0.05,3.239,41.0,25.72,0.0,18.0,3500.0,6.0,14.69,-0.25,-0.97,0.07,-0.12,-0.87,-1.7,501.0,TEST2RR,AKR_TEST2RR,0.0,1.0,1.0,100.0
297460,2,walk,walk,15731,,15731.0,20.0,1.0,6.0,2.0,12.14,-0.027,-0.006,3.247,41.0,25.72,0.0,18.0,3500.0,6.0,14.5,-0.25,-0.97,0.07,-0.1,-1.13,-3.44,501.0,TEST2RR,AKR_TEST2RR,0.0,1.0,1.0,100.0
297480,2,walk,walk,15732,,15732.0,20.0,1.0,1.0,5.0,12.34,-0.027,-0.054,3.219,41.0,25.72,0.0,18.0,3500.0,7.0,14.23,-0.25,-0.97,0.07,-0.03,-1.35,-4.97,501.0,TEST2RR,AKR_TEST2RR,0.0,1.0,1.0,100.0
297500,2,walk,walk,15733,,15733.0,20.0,0.0,1.0,6.0,12.52,-0.027,-0.006,3.216,41.0,25.83,0.0,18.0,3500.0,7.0,13.9,-0.24,-0.98,0.06,0.05,-1.34,-6.19,501.0,TEST2RR,AKR_TEST2RR,0.0,1.0,1.0,100.0
297540,2,walk,walk,15734,,15734.0,20.0,0.0,1.0,6.0,12.68,-0.072,-3.573,0.472,41.0,25.93,0.0,18.0,3500.0,7.0,13.57,-0.24,-0.98,0.06,-0.04,-0.93,-6.56,501.0,TEST2RR,AKR_TEST2RR,0.0,1.0,1.0,100.0
297560,2,walk,walk,15735,,15735.0,20.0,0.0,3.0,7.0,12.82,-0.122,-3.15,-0.196,41.0,25.9,0.0,18.0,3500.0,7.0,13.26,-0.23,-0.98,0.06,-0.36,-0.24,-5.78,501.0,TEST2RR,AKR_TEST2RR,0.0,1.0,1.0,100.0
297560,2,walk,walk,15736,,15736.0,20.0,0.0,3.0,7.0,12.93,-0.16,-2.441,-1.23,41.0,25.83,0.0,19.0,3500.0,7.0,13.05,-0.23,-0.99,0.06,-0.88,0.51,-3.94,501.0,TEST2RR,AKR_TEST2RR,0.0,1.0,1.0,100.0
297580,2,walk,walk,15737,,15737.0,20.0,0.0,0.0,1.0,13.02,-0.191,-1.979,-1.931,41.0,25.79,0.0,19.0,3500.0,7.0,12.95,-0.23,-0.99,0.06,-1.55,1.0,-1.35,501.0,TEST2RR,AKR_TEST2RR,0.0,1.0,1.0,100.0
297600,2,walk,walk,15738,,15738.0,20.0,0.0,0.0,1.0,13.09,-0.21,-0.899,-2.162,41.0,25.79,0.0,19.0,3500.0,7.0,12.94,-0.23,-0.99,0.05,-2.33,0.48,1.31,501.0,TEST2RR,AKR_TEST2RR,0.0,1.0,1.0,100.0
297620,2,walk,walk,15739,,15739.0,20.0,0.0,0.0,1.0,13.14,-0.21,-0.899,-2.162,41.0,25.79,0.0,39.0,3500.0,7.0,12.99,-0.23,-0.99,0.04,-3.03,-1.24,3.21,501.0,TEST2RR,AKR_TEST2RR,0.0,1.0,1.0,100.0
297640,2,walk,walk,15740,,15740.0,20.0,0.0,0.0,1.0,13.18,-0.21,-0.899,-2.162,41.0,25.79,0.0,59.0,3500.0,7.0,13.06,-0.23,-0.99,0.04,-3.56,-4.06,4.07,501.0,TEST2RR,AKR_TEST2RR,0.0,1.0,1.0,100.0
297680,2,walk,walk,15741,,15741.0,20.0,0.0,0.0,1.0,13.2,-0.147,15.655,0.0,41.0,25.93,0.0,0.0,3500.0,7.0,13.1,-0.23,-1.0,0.03,-3.88,-7.62,4.08,501.0,TEST2RR,AKR_TEST2RR,0.0,1.0,1.0,100.0
297700,2,walk,walk,15742,,15742.0,20.0,0.0,0.0,1.0,13.22,-0.15,-0.159,0.0,41.0,25.93,0.0,0.0,3500.0,7.0,13.12,-0.23,-1.0,0.03,-4.03,-11.54,3.67,501.0,TEST2RR,AKR_TEST2RR,0.0,1.0,1.0,100.0
297700,2,walk,walk,15743,,15743.0,20.0,0.0,0.0,1.0,13.23,-0.15,-0.003,0.0,41.0,25.93,0.0,0.0,3500.0,7.0,13.09,-0.23,-1.01,0.02,-4.13,-15.54,3.14,501.0,TEST2RR,AKR_TEST2RR,0.0,1.0,1.0,100.0
297720,2,walk,walk,15744,,15744.0,20.0,0.0,0.0,1.0,13.25,-0.15,-0.053,0.0,41.0,25.93,0.0,0.0,3500.0,7.0,13.02,-0.23,-1.01,0.02,-4.24,-19.41,2.66,501.0,TEST2RR,AKR_TEST2RR,0.0,1.0,1.0,100.0
297740,2,walk,walk,15745,,15745.0,20.0,0.0,0.0,1.0,13.26,-0.15,-0.073,0.0,41.0,25.93,0.0,0.0,3500.0,7.0,12.91,-0.23,-1.02,0.02,-4.35,-23.01,2.37,501.0,TEST2RR,AKR_TEST2RR,0.0,1.0,1.0,100.0
297760,2,walk,walk,15746,,15746.0,20.0,0.0,0.0,1.0,13.28,-0.15,-0.073,0.0,41.0,25.93,0.0,20.0,3500.0,7.0,12.75,-0.23,-1.02,0.02,-4.46,-26.26,2.36,501.0,TEST2RR,AKR_TEST2RR,0.0,1.0,1.0,100.0
297780,2,walk,walk,15747,,15747.0,20.0,0.0,6.0,2.0,13.3,-0.15,-0.119,0.0,41.0,25.93,0.0,19.0,3500.0,7.0,12.55,-0.23,-1.03,0.02,-4.56,-29.1,2.67,501.0,TEST2RR,AKR_TEST2RR,0.0,1.0,1.0,100.0
297820,2,walk,walk,15748,,15748.0,20.0,0.0,6.0,2.0,13.32,-0.15,0.07,0.008,41.0,25.9,0.0,18.0,3500.0,7.0,12.31,-0.23,-1.03,0.03,-4.61,-31.87,3.14,501.0,TEST2RR,AKR_TEST2RR,0.0,1.0,1.0,100.0
297840,2,walk,walk,15749,,15749.0,20.0,0.0,6.0,2.0,13.34,-0.1,3.726,2.203,41.0,25.69,0.0,18.0,3500.0,7.0,12.01,-0.22,-1.04,0.03,-4.5,-34.53,3.13,501.0,TEST2RR,AKR_TEST2RR,0.0,1.0,1.0,100.0
297860,2,walk,walk,15750,,15750.0,20.0,0.0,6.0,2.0,13.36,-0.056,2.18,2.088,41.0,25.79,0.0,18.0,3500.0,7.0,11.68,-0.22,-1.04,0.04,-4.14,-36.81,2.47,501.0,TEST2RR,AKR_TEST2RR,0.0,1.0,1.0,100.0
297880,2,walk,walk,15751,,15751.0,20.0,1.0,6.0,2.0,13.39,-0.038,0.722,2.858,41.0,25.72,0.0,19.0,3500.0,7.0,11.31,-0.21,-1.05,0.05,-3.57,-38.4,1.47,501.0,TEST2RR,AKR_TEST2RR,0.0,1.0,1.0,100.0
297880,2,walk,walk,15752,,15752.0,20.0,0.0,6.0,2.0,13.42,-0.032,0.377,3.045,41.0,25.72,0.0,18.0,3500.0,7.0,10.92,-0.2,-1.05,0.06,-2.85,-39.09,0.5,501.0,TEST2RR,AKR_TEST2RR,0.0,1.0,1.0,100.0
297900,2,walk,walk,15753,,15753.0,20.0,1.0,6.0,2.0,13.44,-0.028,0.183,2.894,41.0,25.76,0.0,19.0,3500.0,7.0,10.55,-0.2,-1.05,0.07,-2.02,-38.76,-0.11,501.0,TEST2RR,AKR_TEST2RR,0.0,1.0,1.0,100.0
297940,2,walk,walk,15754,,15754.0,20.0,1.0,6.0,2.0,13.46,-0.025,0.178,2.759,41.0,25.76,0.0,19.0,3500.0,7.0,10.22,-0.19,-1.05,0.08,-1.13,-37.45,-0.18,501.0,TEST2RR,AKR_TEST2RR,0.0,1.0,1.0,100.0
297940,2,walk,walk,15755,,15755.0,20.0,1.0,6.0,2.0,13.48,-0.022,0.151,2.546,41.0,25.79,0.0,19.0,3500.0,7.0,9.97,-0.18,-1.05,0.09,-0.23,-35.3,0.37,501.0,TEST2RR,AKR_TEST2RR,0.0,1.0,1.0,100.0
297980,2,walk,walk,15756,,15756.0,20.0,1.0,6.0,2.0,13.5,-0.02,0.242,2.295,41.0,25.83,0.0,19.0,3500.0,7.0,9.82,-0.18,-1.05,0.1,0.67,-32.51,1.51,501.0,TEST2RR,AKR_TEST2RR,0.0,1.0,1.0,100.0
297980,2,walk,walk,15757,,15757.0,20.0,1.0,6.0,2.0,13.5,-0.018,0.111,2.032,41.0,25.83,0.0,19.0,3500.0,7.0,9.77,-0.18,-1.05,0.11,1.55,-29.32,3.16,501.0,TEST2RR,AKR_TEST2RR,0.0,1.0,1.0,100.0
298020,2,walk,walk,15758,,15758.0,20.0,1.0,6.0,2.0,13.51,-0.015,0.097,1.771,41.0,25.86,0.0,19.0,3500.0,7.0,9.85,-0.18,-1.05,0.11,2.4,-25.94,5.17,501.0,TEST2RR,AKR_TEST2RR,0.0,1.0,1.0,100.0
298020,2,walk,walk,15759,,15759.0,20.0,1.0,6.0,2.0,13.51,-0.014,0.132,1.623,41.0,25.86,0.0,19.0,3500.0,7.0,10.04,-0.18,-1.04,0.11,3.23,-22.53,7.43,501.0,TEST2RR,AKR_TEST2RR,0.0,1.0,1.0,100.0
298040,2,walk,walk,15760,,15760.0,20.0,1.0,6.0,2.0,13.5,-0.013,0.091,1.48,41.0,25.86,0.0,19.0,3500.0,7.0,10.33,-0.19,-1.04,0.11,4.01,-19.26,9.81,501.0,TEST2RR,AKR_TEST2RR,0.0,1.0,1.0,100.0
298060,2,walk,walk,15761,,15761.0,20.0,1.0,6.0,2.0,13.5,-0.012,-0.026,1.355,41.0,25.9,0.0,19.0,3500.0,7.0,10.71,-0.2,-1.03,0.11,4.75,-16.2,12.2,501.0,TEST2RR,AKR_TEST2RR,0.0,1.0,1.0,100.0
298080,2,walk,walk,15762,,15762.0,20.0,1.0,6.0,2.0,13.5,-0.011,0.053,1.291,41.0,25.9,0.0,19.0,3500.0,7.0,11.16,-0.2,-1.03,0.11,5.44,-13.45,14.52,501.0,TEST2RR,AKR_TEST2RR,0.0,1.0,1.0,100.0
298120,2,walk,walk,15763,,15763.0,20.0,1.0,6.0,2.0,13.51,-0.01,0.07,1.209,41.0,25.9,0.0,19.0,3500.0,7.0,11.67,-0.21,-1.02,0.11,6.06,-11.02,16.69,501.0,TEST2RR,AKR_TEST2RR,0.0,1.0,1.0,100.0
298120,2,walk,walk,15764,,15764.0,20.0,1.0,6.0,2.0,13.54,-0.009,0.075,1.066,41.0,25.9,0.0,19.0,3500.0,7.0,12.22,-0.22,-1.02,0.11,6.61,-8.9,18.69,501.0,TEST2RR,AKR_TEST2RR,0.0,1.0,1.0,100.0
298140,2,walk,walk,15765,,15765.0,20.0,1.0,6.0,2.0,13.58,-0.009,0.113,0.997,41.0,25.9,0.0,19.0,3500.0,7.0,12.8,-0.23,-1.01,0.11,7.05,-7.06,20.46,501.0,TEST2RR,AKR_TEST2RR,0.0,1.0,1.0,100.0
298200,2,walk,walk,15766,,15766.0,20.0,1.0,6.0,2.0,13.64,-0.007,0.052,0.926,41.0,25.9,0.0,19.0,3500.0,7.0,13.4,-0.24,-1.0,0.11,7.39,-5.48,22.01,502.0,TEST2RR,AKR_TEST2RR,0.0,1.0,1.0,100.0
298200,2,walk,walk,15767,,15767.0,20.0,1.0,6.0,2.0,13.72,-0.007,-0.006,0.72,41.0,25.9,0.0,19.0,3500.0,7.0,14.03,-0.25,-1.0,0.11,7.61,-4.12,23.3,502.0,TEST2RR,AKR_TEST2RR,0.0,1.0,1.0,100.0
298200,2,walk,walk,15768,,15768.0,20.0,1.0,6.0,2.0,13.83,-0.006,0.128,0.507,41.0,25.93,0.0,19.0,3500.0,7.0,14.68,-0.26,-0.99,0.11,7.7,-2.93,24.33,502.0,TEST2RR,AKR_TEST2RR,0.0,1.0,1.0,100.0
298220,2,walk,walk,15769,,15769.0,20.0,1.0,6.0,2.0,13.97,-0.004,0.126,0.404,41.0,25.9,0.0,19.0,3500.0,7.0,15.36,-0.27,-0.99,0.11,7.67,-1.9,25.09,502.0,TEST2RR,AKR_TEST2RR,0.0,1.0,1.0,100.0
298240,2,walk,walk,15770,,15770.0,20.0,1.0,6.0,2.0,14.13,-0.004,0.009,0.3,41.0,25.93,0.0,19.0,3500.0,7.0,16.05,-0.28,-0.98,0.12,7.5,-1.0,25.58,502.0,TEST2RR,AKR_TEST2RR,0.0,1.0,1.0,100.0
298260,2,walk,walk,15771,,15771.0,20.0,1.0,6.0,2.0,14.33,-0.003,0.009,0.307,41.0,25.93,0.0,19.0,3500.0,7.0,16.77,-0.29,-0.97,0.12,7.22,-0.22,25.77,502.0,TEST2RR,AKR_TEST2RR,0.0,1.0,1.0,100.0
298300,2,walk,walk,15772,,15772.0,20.0,1.0,6.0,2.0,14.56,-0.003,-0.08,0.272,41.0,25.9,0.0,19.0,3500.0,7.0,17.51,-0.3,-0.97,0.12,6.84,0.48,25.67,502.0,TEST2RR,AKR_TEST2RR,0.0,1.0,1.0,100.0
298300,2,walk,walk,15773,,15773.0,20.0,1.0,6.0,2.0,14.82,-0.002,-0.04,0.224,41.0,25.93,0.0,19.0,3500.0,7.0,18.25,-0.32,-0.96,0.12,6.38,1.1,25.29,502.0,TEST2RR,AKR_TEST2RR,0.0,1.0,1.0,100.0
298340,2,walk,walk,15774,,15774.0,20.0,1.0,6.0,2.0,15.1,-0.002,-0.079,0.194,41.0,25.93,0.0,19.0,3500.0,7.0,18.99,-0.33,-0.95,0.13,5.87,1.66,24.64,502.0,TEST2RR,AKR_TEST2RR,0.0,1.0,1.0,100.0
298360,2,walk,walk,15775,,15775.0,20.0,1.0,6.0,2.0,15.41,-0.002,-0.005,0.165,41.0,25.9,0.0,19.0,3500.0,7.0,19.7,-0.34,-0.94,0.13,5.34,2.16,23.77,502.0,TEST2RR,AKR_TEST2RR,0.0,1.0,1.0,100.0
298360,2,walk,walk,15776,,15776.0,20.0,1.0,6.0,2.0,15.75,-0.002,0.048,0.146,41.0,25.9,0.0,19.0,3500.0,7.0,20.38,-0.35,-0.94,0.13,4.81,2.59,22.72,502.0,TEST2RR,AKR_TEST2RR,0.0,1.0,1.0,100.0
298380,2,walk,walk,15777,,15777.0,20.0,1.0,6.0,2.0,16.11,-0.002,-0.054,0.13,41.0,25.93,0.0,19.0,3500.0,7.0,21.01,-0.36,-0.93,0.13,4.32,2.94,21.51,502.0,TEST2RR,AKR_TEST2RR,0.0,1.0,1.0,100.0
298400,2,walk,walk,15778,,15778.0,20.0,1.0,6.0,2.0,16.48,-0.001,0.029,0.088,41.0,25.9,0.0,19.0,3500.0,7.0,21.59,-0.37,-0.93,0.13,3.88,3.18,20.2,502.0,TEST2RR,AKR_TEST2RR,0.0,1.0,1.0,100.0
298420,2,walk,walk,15779,,15779.0,20.0,1.0,6.0,2.0,16.87,-0.001,0.036,0.069,41.0,25.9,0.0,19.0,3500.0,7.0,22.1,-0.37,-0.92,0.13,3.51,3.3,18.82,502.0,TEST2RR,AKR_TEST2RR,0.0,1.0,1.0,100.0
298440,2,walk,walk,15780,,15780.0,20.0,1.0,6.0,2.0,17.28,-0.001,0.003,0.047,41.0,25.93,0.0,19.0,3500.0,7.0,22.55,-0.38,-0.92,0.12,3.23,3.31,17.39,502.0,TEST2RR,AKR_TEST2RR,0.0,1.0,1.0,100.0
298460,2,walk,walk,15781,,15781.0,20.0,1.0,6.0,2.0,17.69,-0.001,0.007,0.101,41.0,25.93,0.0,19.0,3500.0,7.0,22.94,-0.39,-0.92,0.12,3.01,3.23,15.96,502.0,TEST2RR,AKR_TEST2RR,0.0,1.0,1.0,100.0
298500,2,walk,walk,15782,,15782.0,20.0,1.0,6.0,2.0,18.1,-0.001,-0.011,0.05,41.0,25.93,0.0,19.0,3500.0,7.0,23.25,-0.39,-0.92,0.12,2.87,3.08,14.55,502.0,TEST2RR,AKR_TEST2RR,0.0,1.0,1.0,100.0
298520,2,walk,walk,15783,,15783.0,20.0,1.0,6.0,2.0,18.52,-0.001,-0.015,0.035,41.0,25.93,0.0,19.0,3500.0,7.0,23.5,-0.4,-0.92,0.12,2.8,2.9,13.19,502.0,TEST2RR,AKR_TEST2RR,0.0,1.0,1.0,100.0
298540,2,walk,walk,15784,,15784.0,20.0,1.0,6.0,2.0,18.93,-0.001,0.014,0.027,41.0,25.93,0.0,19.0,3500.0,7.0,23.67,-0.4,-0.92,0.12,2.79,2.71,11.91,502.0,TEST2RR,AKR_TEST2RR,0.0,1.0,1.0,100.0
298540,2,walk,walk,15785,,15785.0,20.0,1.0,6.0,2.0,19.33,-0.001,0.001,0.02,41.0,25.9,0.0,19.0,3500.0,7.0,23.77,-0.41,-0.92,0.12,2.84,2.53,10.74,502.0,TEST2RR,AKR_TEST2RR,0.0,1.0,1.0,100.0
298560,2,walk,walk,15786,,15786.0,20.0,1.0,6.0,2.0,19.73,-0.001,-0.001,0.006,41.0,25.93,0.0,19.0,3500.0,7.0,23.79,-0.41,-0.92,0.12,2.97,2.39,9.72,502.0,TEST2RR,AKR_TEST2RR,0.0,1.0,1.0,100.0
298600,2,walk,walk,15787,,15787.0,20.0,1.0,6.0,2.0,20.11,0.0,0.005,-0.082,41.0,25.9,0.0,19.0,3500.0,7.0,23.72,-0.41,-0.93,0.12,3.19,2.28,8.89,502.0,TEST2RR,AKR_TEST2RR,0.0,1.0,1.0,100.0
298600,2,walk,walk,15788,,15788.0,20.0,1.0,6.0,2.0,20.49,0.001,-0.04,-0.178,41.0,25.9,0.0,19.0,3500.0,7.0,23.58,-0.41,-0.93,0.12,3.54,2.21,8.31,502.0,TEST2RR,AKR_TEST2RR,0.0,1.0,1.0,100.0
298620,2,walk,walk,15789,,15789.0,20.0,1.0,6.0,2.0,20.84,0.001,0.06,-0.317,41.0,25.93,0.0,19.0,3500.0,7.0,23.39,-0.41,-0.94,0.11,3.99,2.14,8.02,502.0,TEST2RR,AKR_TEST2RR,0.0,1.0,1.0,100.0
298660,2,walk,walk,15790,,15790.0,20.0,1.0,6.0,2.0,21.18,0.002,0.126,-0.444,41.0,25.93,0.0,19.0,3500.0,7.0,23.17,-0.41,-0.95,0.11,4.54,2.05,8.01,502.0,TEST2RR,AKR_TEST2RR,0.0,1.0,1.0,100.0
298660,2,walk,walk,15791,,15791.0,20.0,1.0,6.0,2.0,21.5,0.004,0.009,-0.588,41.0,25.9,0.0,19.0,3500.0,7.0,22.96,-0.4,-0.96,0.11,5.15,1.91,8.3,502.0,TEST2RR,AKR_TEST2RR,0.0,1.0,1.0,100.0
298680,2,walk,walk,15792,,15792.0,20.0,1.0,6.0,2.0,21.81,0.004,0.142,-0.738,41.0,25.93,0.0,19.0,3500.0,7.0,22.77,-0.4,-0.96,0.11,5.77,1.69,8.84,502.0,TEST2RR,AKR_TEST2RR,0.0,1.0,1.0,100.0
298700,2,walk,walk,15793,,15793.0,20.0,1.0,6.0,2.0,22.09,0.006,0.191,-0.891,41.0,25.9,0.0,19.0,3500.0,7.0,22.65,-0.4,-0.97,0.11,6.36,1.36,9.59,502.0,TEST2RR,AKR_TEST2RR,0.0,1.0,1.0,100.0
298720,2,walk,walk,15794,,15794.0,20.0,1.0,6.0,2.0,22.36,0.008,0.077,-1.117,41.0,25.9,0.0,19.0,3500.0,7.0,22.57,-0.4,-0.97,0.11,6.87,0.89,10.47,502.0,TEST2RR,AKR_TEST2RR,0.0,1.0,1.0,100.0
298740,2,walk,walk,15795,,15795.0,20.0,1.0,6.0,2.0,22.62,0.009,0.077,-1.279,41.0,25.9,0.0,19.0,3500.0,7.0,22.55,-0.4,-0.97,0.11,7.25,0.21,11.35,502.0,TEST2RR,AKR_TEST2RR,0.0,1.0,1.0,100.0
298780,2,walk,walk,15796,,15796.0,20.0,1.0,6.0,2.0,22.86,0.011,0.028,-1.466,41.0,25.9,0.0,19.0,3500.0,7.0,22.54,-0.4,-0.97,0.11,7.46,-0.78,12.08,502.0,TEST2RR,AKR_TEST2RR,0.0,1.0,1.0,100.0
298800,2,walk,walk,15797,,15797.0,20.0,1.0,6.0,2.0,23.09,0.012,0.062,-1.623,41.0,25.86,0.0,19.0,3500.0,7.0,22.52,-0.4,-0.97,0.11,7.47,-2.22,12.45,502.0,TEST2RR,AKR_TEST2RR,0.0,1.0,1.0,100.0
298820,2,walk,walk,15798,,15798.0,20.0,1.0,6.0,2.0,23.31,0.012,-0.025,-1.574,41.0,25.86,0.0,19.0,3500.0,7.0,22.42,-0.4,-0.97,0.11,7.26,-4.26,12.17,502.0,TEST2RR,AKR_TEST2RR,0.0,1.0,1.0,100.0
298840,2,walk,walk,15799,,15799.0,20.0,1.0,6.0,2.0,23.52,0.012,-0.132,-1.573,41.0,25.9,0.0,19.0,3500.0,7.0,22.18,-0.39,-0.96,0.11,6.79,-6.98,10.96,502.0,TEST2RR,AKR_TEST2RR,0.0,1.0,1.0,100.0
298840,2,walk,walk,15800,,15800.0,20.0,1.0,6.0,2.0,23.72,0.012,-0.069,-1.445,41.0,25.9,0.0,19.0,3500.0,7.0,21.73,-0.38,-0.95,0.11,6.02,-10.33,8.57,502.0,TEST2RR,AKR_TEST2RR,0.0,1.0,1.0,100.0
298860,2,walk,walk,15801,,15801.0,20.0,1.0,6.0,2.0,23.92,0.011,-0.046,-1.372,41.0,25.9,0.0,19.0,3500.0,7.0,21.01,-0.36,-0.94,0.11,4.94,-14.07,4.86,502.0,TEST2RR,AKR_TEST2RR,0.0,1.0,1.0,100.0
298880,2,walk,walk,15802,,15802.0,20.0,1.0,6.0,2.0,24.1,0.01,-0.08,-1.255,41.0,25.9,0.0,19.0,3500.0,7.0,19.98,-0.34,-0.93,0.11,3.53,-17.85,-0.2,502.0,TEST2RR,AKR_TEST2RR,0.0,1.0,1.0,100.0
298900,2,walk,walk,15803,,15803.0,20.0,1.0,6.0,2.0,24.28,0.009,-0.029,-1.12,41.0,25.9,0.0,19.0,3500.0,7.0,18.62,-0.31,-0.92,0.11,1.79,-21.2,-6.53,502.0,TEST2RR,AKR_TEST2RR,0.0,1.0,1.0,100.0
298940,2,walk,walk,15804,,15804.0,20.0,1.0,1.0,5.0,24.43,0.008,-0.088,-0.966,41.0,25.9,0.0,19.0,3500.0,8.0,16.95,-0.28,-0.92,0.11,-0.26,-23.66,-14.0,502.0,TEST2RR,AKR_TEST2RR,0.0,1.0,1.0,100.0
298960,2,walk,walk,15805,,15805.0,20.0,0.0,1.0,6.0,24.56,0.007,0.011,-0.902,41.0,25.83,0.0,19.0,3500.0,8.0,15.05,-0.24,-0.91,0.11,-2.62,-24.81,-22.16,502.0,TEST2RR,AKR_TEST2RR,0.0,1.0,1.0,100.0
298980,2,walk,walk,15806,,15806.0,20.0,0.0,1.0,6.0,24.66,-0.029,-3.397,-1.941,41.0,25.76,0.0,19.0,3500.0,8.0,13.04,-0.21,-0.91,0.12,-5.26,-24.35,-30.62,502.0,TEST2RR,AKR_TEST2RR,0.0,1.0,1.0,100.0
298980,2,walk,walk,15807,,15807.0,20.0,0.0,1.0,6.0,24.7,-0.079,-3.27,-1.84,41.0,25.76,0.0,19.0,3500.0,8.0,11.03,-0.18,-0.91,0.12,-8.13,-22.09,-39.24,502.0,TEST2RR,AKR_TEST2RR,0.0,1.0,1.0,100.0
299000,2,walk,walk,15808,,15808.0,20.0,0.0,1.0,6.0,24.69,-0.122,-2.606,-2.197,41.0,25.76,0.0,19.0,3500.0,8.0,9.09,-0.15,-0.91,0.12,-11.21,-18.12,-47.98,502.0,TEST2RR,AKR_TEST2RR,0.0,1.0,1.0,100.0
299020,2,walk,walk,15809,,15809.0,20.0,0.0,1.0,6.0,24.61,-0.159,-2.333,-2.318,41.0,25.76,0.0,19.0,3500.0,8.0,7.32,-0.12,-0.92,0.11,-14.37,-12.78,-56.75,502.0,TEST2RR,AKR_TEST2RR,0.0,1.0,1.0,100.0
299040,2,walk,walk,15810,,15810.0,20.0,0.0,1.0,6.0,24.44,-0.189,-1.768,-2.482,41.0,25.72,0.0,19.0,3500.0,8.0,5.78,-0.09,-0.93,0.11,-17.52,-6.62,-65.38,502.0,TEST2RR,AKR_TEST2RR,0.0,1.0,1.0,100.0
299060,2,walk,walk,15811,,15811.0,20.0,0.0,1.0,6.0,24.18,-0.215,-1.58,-2.792,41.0,25.69,0.0,19.0,3500.0,8.0,4.54,-0.07,-0.95,0.1,-20.61,-0.23,-73.71,502.0,TEST2RR,AKR_TEST2RR,0.0,1.0,1.0,100.0
299080,2,walk,walk,15812,,15812.0,20.0,0.0,1.0,6.0,23.8,-0.235,-1.245,-2.96,41.0,25.69,0.0,19.0,3500.0,8.0,3.61,-0.06,-0.96,0.08,-23.6,5.88,-81.57,502.0,TEST2RR,AKR_TEST2RR,0.0,1.0,1.0,100.0
299100,2,walk,walk,15813,,15813.0,20.0,0.0,1.0,6.0,23.32,-0.252,-0.886,-3.327,41.0,25.69,0.0,19.0,3500.0,8.0,2.99,-0.05,-0.99,0.07,-26.48,11.38,-88.77,503.0,TEST2RR,AKR_TEST2RR,0.0,1.0,1.0,100.0
299140,2,walk,walk,15814,,15814.0,20.0,0.0,1.0,6.0,22.71,-0.266,-0.788,-3.322,41.0,25.65,0.0,19.0,3500.0,8.0,2.66,-0.05,-1.01,0.06,-29.12,16.08,-94.99,503.0,TEST2RR,AKR_TEST2RR,0.0,1.0,1.0,100.0
299140,2,walk,walk,15815,,15815.0,20.0,0.0,1.0,6.0,21.97,-0.278,-0.847,-3.374,41.0,25.65,0.0,19.0,3500.0,8.0,2.59,-0.05,-1.03,0.04,-31.46,19.95,-99.92,503.0,TEST2RR,AKR_TEST2RR,0.0,1.0,1.0,100.0
299180,2,walk,walk,15816,,15816.0,20.0,0.0,1.0,6.0,21.1,-0.287,-0.504,-3.752,41.0,25.62,0.0,19.0,3500.0,8.0,2.76,-0.05,-1.06,0.03,-33.36,23.13,-103.33,503.0,TEST2RR,AKR_TEST2RR,0.0,1.0,1.0,100.0
299180,2,walk,walk,15817,,15817.0,20.0,0.0,1.0,6.0,20.1,-0.294,-0.437,-3.935,41.0,25.62,0.0,19.0,3500.0,8.0,3.15,-0.06,-1.08,0.02,-34.63,25.8,-104.94,503.0,TEST2RR,AKR_TEST2RR,0.0,1.0,1.0,100.0
299200,2,walk,walk,15818,,15818.0,20.0,0.0,3.0,7.0,18.97,-0.3,-0.37,-3.891,41.0,25.62,0.0,19.0,3500.0,8.0,3.77,-0.07,-1.1,0.02,-35.16,28.07,-104.49,503.0,TEST2RR,AKR_TEST2RR,0.0,1.0,1.0,100.0
299260,2,walk,walk,15819,,15819.0,20.0,0.0,3.0,7.0,17.72,-0.305,-0.399,-3.798,41.0,25.62,0.0,19.0,3500.0,8.0,4.62,-0.09,-1.11,0.01,-34.92,29.9,-101.82,503.0,TEST2RR,AKR_TEST2RR,0.0,1.0,1.0,100.0
299280,2,walk,walk,15820,,15820.0,20.0,0.0,3.0,7.0,16.37,-0.311,-0.344,-3.663,41.0,25.65,0.0,19.0,3500.0,8.0,5.67,-0.11,-1.12,0.01,-33.94,31.19,-96.95,503.0,TEST2RR,AKR_TEST2RR,0.0,1.0,1.0,100.0
299280,2,walk,walk,15821,,15821.0,20.0,0.0,3.0,7.0,14.92,-0.317,-0.367,-3.435,41.0,25.69,0.0,19.0,3500.0,8.0,6.87,-0.14,-1.13,0.01,-32.34,31.81,-90.05,503.0,TEST2RR,AKR_TEST2RR,0.0,1.0,1.0,100.0
299300,2,walk,walk,15822,,15822.0,20.0,0.0,3.0,7.0,13.4,-0.323,-0.408,-3.268,41.0,25.69,0.0,19.0,3500.0,8.0,8.14,-0.16,-1.12,0.01,-30.25,31.71,-81.45,503.0,TEST2RR,AKR_TEST2RR,0.0,1.0,1.0,100.0
299300,2,walk,walk,15823,,15823.0,20.0,1.0,3.0,7.0,11.81,-0.327,-0.264,-3.158,41.0,25.72,0.0,20.0,3500.0,8.0,9.43,-0.19,-1.12,0.02,-27.86,30.9,-71.5,503.0,TEST2RR,AKR_TEST2RR,0.0,1.0,1.0,100.0
299320,2,walk,walk,15824,,15824.0,20.0,0.0,3.0,7.0,10.2,-0.331,-0.195,-2.981,41.0,25.76,0.0,19.0,3500.0,8.0,10.55,-0.21,-1.11,0.02,-25.39,29.41,-60.75,503.0,TEST2RR,AKR_TEST2RR,0.0,1.0,1.0,100.0
299340,2,walk,walk,15825,,15825.0,20.0,0.0,3.0,7.0,8.57,-0.333,-0.352,-2.519,41.0,25.79,0.0,19.0,3500.0,8.0,11.13,-0.22,-1.1,0.02,-22.79,27.39,-50.25,503.0,TEST2RR,AKR_TEST2RR,0.0,1.0,1.0,100.0
299360,2,walk,walk,15826,,15826.0,20.0,0.0,3.0,7.0,6.96,-0.335,0.414,-2.851,41.0,25.79,0.0,19.0,3500.0,8.0,10.86,-0.21,-1.1,0.02,-20.1,24.85,-40.56,503.0,TEST2RR,AKR_TEST2RR,0.0,1.0,1.0,100.0
299380,2,walk,walk,15827,,15827.0,20.0,0.0,3.0,7.0,5.39,-0.323,1.029,-3.218,41.0,25.79,0.0,19.0,3500.0,8.0,9.68,-0.19,-1.09,0.03,-17.45,22.18,-32.01,503.0,TEST2RR,AKR_TEST2RR,0.0,1.0,1.0,100.0
299400,2,walk,walk,15828,,15828.0,20.0,0.0,3.0,7.0,3.88,-0.305,1.16,-3.109,41.0,25.79,0.0,19.0,3500.0,8.0,7.75,-0.15,-1.09,0.03,-15.03,19.94,-24.74,503.0,TEST2RR,AKR_TEST2RR,0.0,1.0,1.0,100.0
299420,2,walk,walk,15829,,15829.0,20.0,0.0,3.0,7.0,2.45,-0.285,1.373,-2.858,41.0,25.83,0.0,19.0,3500.0,8.0,5.34,-0.1,-1.09,0.05,-12.95,18.3,-18.73,503.0,TEST2RR,AKR_TEST2RR,0.0,1.0,1.0,100.0
299460,2,walk,walk,15830,,15830.0,20.0,0.0,3.0,7.0,1.11,-0.263,1.478,-2.322,41.0,25.9,0.0,19.0,3500.0,8.0,2.78,-0.05,-1.09,0.05,-11.22,17.1,-13.91,503.0,TEST2RR,AKR_TEST2RR,0.0,1.0,1.0,100.0
299460,2,walk,walk,15831,,15831.0,20.0,0.0,3.0,7.0,-0.12,-0.243,1.45,-1.941,41.0,25.9,0.0,19.0,3500.0,8.0,0.33,-0.01,-1.09,0.06,-9.73,16.08,-10.24,503.0,TEST2RR,AKR_TEST2RR,0.0,1.0,1.0,100.0
299480,2,walk,walk,15832,,15832.0,20.0,0.0,3.0,7.0,-1.25,-0.22,1.615,-1.335,41.0,25.93,0.0,19.0,3500.0,8.0,-1.86,0.04,-1.09,0.06,-8.38,15.07,-7.66,503.0,TEST2RR,AKR_TEST2RR,0.0,1.0,1.0,100.0
299500,2,walk,walk,15833,,15833.0,20.0,0.0,3.0,7.0,-2.26,-0.195,1.632,-0.941,41.0,25.93,0.0,19.0,3500.0,8.0,-3.75,0.07,-1.08,0.06,-7.09,14.12,-6.04,503.0,TEST2RR,AKR_TEST2RR,0.0,1.0,1.0,100.0
299520,2,walk,walk,15834,,15834.0,20.0,0.0,3.0,7.0,-3.16,-0.17,1.55,-0.647,41.0,25.93,0.0,19.0,3500.0,8.0,-5.37,0.1,-1.08,0.05,-5.84,13.44,-5.19,503.0,TEST2RR,AKR_TEST2RR,0.0,1.0,1.0,100.0
299540,2,walk,walk,15835,,15835.0,20.0,0.0,3.0,7.0,-3.96,-0.145,1.616,-0.358,41.0,25.93,0.0,19.0,3500.0,8.0,-6.79,0.13,-1.07,0.05,-4.67,13.31,-4.9,503.0,TEST2RR,AKR_TEST2RR,0.0,1.0,1.0,100.0
299560,2,walk,walk,15836,,15836.0,20.0,0.0,3.0,7.0,-4.65,-0.12,1.69,-0.421,41.0,25.93,0.0,19.0,3500.0,8.0,-8.02,0.15,-1.07,0.04,-3.63,13.98,-4.98,503.0,TEST2RR,AKR_TEST2RR,0.0,1.0,1.0,100.0
299600,2,walk,walk,15837,,15837.0,20.0,0.0,3.0,7.0,-5.26,-0.094,1.714,-0.156,41.0,25.93,0.0,19.0,3500.0,8.0,-9.1,0.17,-1.06,0.03,-2.79,15.56,-5.25,503.0,TEST2RR,AKR_TEST2RR,0.0,1.0,1.0,100.0
299620,2,walk,walk,15838,,15838.0,20.0,0.0,3.0,7.0,-5.78,-0.069,1.628,-0.358,41.0,25.9,0.0,19.0,3500.0,8.0,-10.0,0.19,-1.05,0.03,-2.16,17.97,-5.6,503.0,TEST2RR,AKR_TEST2RR,0.0,1.0,1.0,100.0
299620,2,walk,walk,15839,,15839.0,20.0,0.0,3.0,7.0,-6.24,-0.044,1.475,-0.133,41.0,25.93,0.0,19.0,3500.0,8.0,-10.72,0.2,-1.04,0.02,-1.75,20.94,-5.96,503.0,TEST2RR,AKR_TEST2RR,0.0,1.0,1.0,100.0
299640,2,walk,walk,15840,,15840.0,20.0,1.0,3.0,7.0,-6.64,-0.022,1.427,-0.228,41.0,25.93,0.0,20.0,3500.0,8.0,-11.24,0.21,-1.04,0.02,-1.54,24.1,-6.26,503.0,TEST2RR,AKR_TEST2RR,0.0,1.0,1.0,100.0
299680,2,walk,walk,15841,,15841.0,20.0,0.0,3.0,7.0,-6.98,-0.001,1.209,-0.132,41.0,25.93,0.0,19.0,3500.0,8.0,-11.56,0.21,-1.03,0.01,-1.48,26.99,-6.4,503.0,TEST2RR,AKR_TEST2RR,0.0,1.0,1.0,100.0
299700,2,walk,walk,15842,,15842.0,20.0,0.0,3.0,7.0,-7.29,0.013,0.982,-0.358,41.0,25.93,0.0,19.0,3500.0,8.0,-11.71,0.21,-1.02,0.01,-1.51,29.19,-6.35,503.0,TEST2RR,AKR_TEST2RR,0.0,1.0,1.0,100.0
299700,2,walk,walk,15843,,15843.0,20.0,0.0,3.0,7.0,-7.56,0.028,0.891,-0.188,41.0,25.93,0.0,19.0,3500.0,8.0,-11.74,0.21,-1.02,0.01,-1.59,30.45,-6.04,503.0,TEST2RR,AKR_TEST2RR,0.0,1.0,1.0,100.0
299720,2,walk,walk,15844,,15844.0,20.0,0.0,3.0,7.0,-7.81,0.041,0.872,-0.243,41.0,25.93,0.0,19.0,3500.0,8.0,-11.69,0.21,-1.01,0.01,-1.66,30.7,-5.42,503.0,TEST2RR,AKR_TEST2RR,0.0,1.0,1.0,100.0
299760,2,walk,walk,15845,,15845.0,20.0,0.0,3.0,7.0,-8.03,0.052,0.66,-0.313,41.0,25.9,0.0,19.0,3500.0,8.0,-11.64,0.21,-1.01,0.01,-1.69,30.03,-4.49,503.0,TEST2RR,AKR_TEST2RR,0.0,1.0,1.0,100.0
299780,2,walk,walk,15846,,15846.0,20.0,0.0,3.0,7.0,-8.24,0.064,1.043,-0.434,41.0,25.93,0.0,19.0,3500.0,8.0,-11.64,0.21,-1.01,0.0,-1.67,28.65,-3.27,503.0,TEST2RR,AKR_TEST2RR,0.0,1.0,1.0,100.0
299800,2,walk,walk,15847,,15847.0,20.0,0.0,0.0,1.0,-8.43,0.082,1.208,-0.193,41.0,25.93,0.0,19.0,3500.0,8.0,-11.72,0.21,-1.01,0.0,-1.6,26.81,-1.86,503.0,TEST2RR,AKR_TEST2RR,0.0,1.0,1.0,100.0
299800,2,walk,walk,15848,,15848.0,20.0,0.0,0.0,1.0,-8.62,0.102,1.443,-0.308,41.0,25.93,0.0,19.0,3500.0,8.0,-11.89,0.21,-1.0,0.0,-1.47,24.72,-0.43,503.0,TEST2RR,AKR_TEST2RR,0.0,1.0,1.0,100.0
299820,2,walk,walk,15849,,15849.0,20.0,0.0,0.0,1.0,-8.79,0.102,1.443,-0.308,41.0,25.93,0.0,39.0,3500.0,8.0,-12.16,0.22,-1.0,0.0,-1.32,22.65,0.89,503.0,TEST2RR,AKR_TEST2RR,0.0,1.0,1.0,100.0
299840,2,walk,walk,15850,,15850.0,20.0,0.0,0.0,1.0,-8.94,0.102,1.443,-0.308,41.0,25.93,0.0,59.0,3500.0,8.0,-12.48,0.22,-1.0,0.0,-1.16,20.66,2.03,503.0,TEST2RR,AKR_TEST2RR,0.0,1.0,1.0,100.0
299860,2,walk,walk,15851,,15851.0,20.0,0.0,0.0,1.0,-9.09,0.228,18.345,0.0,41.0,26.0,0.0,4.0,3500.0,8.0,-12.8,0.23,-1.0,0.0,-1.02,18.8,3.02,503.0,TEST2RR,AKR_TEST2RR,0.0,1.0,1.0,100.0
299900,2,walk,walk,15852,,15852.0,20.0,0.0,0.0,1.0,-9.23,0.242,-1.079,0.0,41.0,25.93,0.0,4.0,3500.0,8.0,-12.92,0.23,-0.99,0.0,-0.91,17.19,4.1,503.0,TEST2RR,AKR_TEST2RR,0.0,1.0,1.0,100.0
299920,2,walk,walk,15853,,15853.0,20.0,0.0,0.0,1.0,-9.35,0.217,-1.867,0.0,41.0,25.93,0.0,4.0,3500.0,8.0,-12.73,0.22,-0.99,0.0,-0.8,15.83,5.53,503.0,TEST2RR,AKR_TEST2RR,0.0,1.0,1.0,100.0
299940,2,walk,walk,15854,,15854.0,20.0,0.0,0.0,1.0,-9.46,0.2,-0.271,0.0,41.0,25.93,0.0,4.0,3500.0,8.0,-12.28,0.22,-1.0,0.0,-0.69,14.68,7.34,503.0,TEST2RR,AKR_TEST2RR,0.0,1.0,1.0,100.0
299940,2,walk,walk,15855,,15855.0,20.0,0.0,0.0,1.0,-9.55,0.193,-0.884,0.0,41.0,25.93,0.0,4.0,3500.0,8.0,-11.62,0.21,-1.0,0.0,-0.55,13.64,9.52,503.0,TEST2RR,AKR_TEST2RR,0.0,1.0,1.0,100.0
299960,2,walk,walk,15856,,15856.0,20.0,0.0,0.0,1.0,-9.62,0.175,-1.056,0.0,41.0,25.93,0.0,4.0,3500.0,8.0,-10.86,0.19,-1.0,0.0,-0.38,12.68,11.97,503.0,TEST2RR,AKR_TEST2RR,0.0,1.0,1.0,100.0
299980,2,walk,walk,15857,,15857.0,20.0,0.0,0.0,1.0,-9.68,0.165,-0.879,0.0,41.0,25.93,0.0,4.0,3500.0,8.0,-10.08,0.18,-1.01,0.0,-0.21,11.77,14.57,503.0,TEST2RR,AKR_TEST2RR,0.0,1.0,1.0,100.0
300000,2,walk,walk,15858,,15858.0,20.0,0.0,0.0,1.0,-9.72,0.15,-0.598,0.0,41.0,25.93,0.0,4.0,3500.0,8.0,-9.33,0.17,-1.01,0.0,-0.1,10.9,17.16,503.0,TEST2RR,AKR_TEST2RR,0.0,1.0,1.0,100.0
300020,2,walk,walk,15859,,15859.0,20.0,0.0,0.0,1.0,-9.73,0.143,-0.516,0.0,41.0,25.93,0.0,4.0,3500.0,8.0,-8.63,0.15,-1.01,0.0,-0.07,10.05,19.55,503.0,TEST2RR,AKR_TEST2RR,0.0,1.0,1.0,100.0
300040,2,walk,walk,15860,,15860.0,20.0,0.0,0.0,1.0,-9.71,0.131,-0.761,0.0,41.0,25.93,0.0,4.0,3500.0,8.0,-8.01,0.14,-1.02,0.0,-0.14,9.21,21.62,503.0,TEST2RR,AKR_TEST2RR,0.0,1.0,1.0,100.0
300060,2,walk,walk,15861,,15861.0,20.0,0.0,0.0,1.0,-9.66,0.125,-0.331,0.0,41.0,25.93,0.0,4.0,3500.0,8.0,-7.45,0.13,-1.02,0.0,-0.33,8.41,23.33,504.0,TEST2RR,AKR_TEST2RR,0.0,1.0,1.0,100.0
300100,2,walk,walk,15862,,15862.0,20.0,0.0,0.0,1.0,-9.58,0.118,-0.492,0.0,41.0,25.93,0.0,4.0,3500.0,8.0,-6.96,0.12,-1.02,0.0,-0.65,7.62,24.63,504.0,TEST2RR,AKR_TEST2RR,0.0,1.0,1.0,100.0
300140,2,walk,walk,15863,,15863.0,20.0,0.0,0.0,1.0,-9.47,0.11,-0.585,0.0,41.0,25.93,0.0,4.0,3500.0,8.0,-6.51,0.12,-1.02,0.01,-1.08,6.83,25.51,504.0,TEST2RR,AKR_TEST2RR,0.0,1.0,1.0,100.0
300140,2,walk,walk,15864,,15864.0,20.0,0.0,0.0,1.0,-9.32,0.102,-0.362,0.0,41.0,25.93,0.0,4.0,3500.0,8.0,-6.11,0.11,-1.02,0.01,-1.63,6.05,26.01,504.0,TEST2RR,AKR_TEST2RR,0.0,1.0,1.0,100.0
300140,2,walk,walk,15865,,15865.0,20.0,0.0,0.0,1.0,-9.13,0.097,-0.371,0.0,41.0,25.93,0.0,4.0,3500.0,8.0,-5.75,0.1,-1.02,0.01,-2.28,5.3,26.16,504.0,TEST2RR,AKR_TEST2RR,0.0,1.0,1.0,100.0
300160,2,walk,walk,15866,,15866.0,20.0,0.0,0.0,1.0,-8.9,0.093,-0.442,0.0,41.0,25.93,0.0,4.0,3500.0,8.0,-5.41,0.1,-1.02,0.01,-2.97,4.6,26.01,504.0,TEST2RR,AKR_TEST2RR,0.0,1.0,1.0,100.0
300180,2,walk,walk,15867,,15867.0,20.0,0.0,0.0,1.0,-8.65,0.086,-0.546,0.0,41.0,25.93,0.0,4.0,3500.0,8.0,-5.1,0.09,-1.02,0.01,-3.69,3.94,25.58,504.0,TEST2RR,AKR_TEST2RR,0.0,1.0,1.0,100.0
300220,2,walk,walk,15868,,15868.0,20.0,0.0,0.0,1.0,-8.35,0.078,-0.455,0.0,41.0,25.93,0.0,4.0,3500.0,8.0,-4.81,0.09,-1.02,0.01,-4.4,3.35,24.97,504.0,TEST2RR,AKR_TEST2RR,0.0,1.0,1.0,100.0
300240,2,walk,walk,15869,,15869.0,20.0,0.0,0.0,1.0,-8.03,0.074,-0.379,0.0,41.0,25.93,0.0,4.0,3500.0,8.0,-4.54,0.08,-1.02,0.0,-5.09,2.82,24.23,504.0,TEST2RR,AKR_TEST2RR,0.0,1.0,1.0,100.0
300260,2,walk,walk,15870,,15870.0,20.0,0.0,0.0,1.0,-7.69,0.068,-0.378,0.0,41.0,25.93,0.0,4.0,3500.0,8.0,-4.27,0.08,-1.02,0.0,-5.74,2.35,23.4,504.0,TEST2RR,AKR_TEST2RR,0.0,1.0,1.0,100.0
300280,2,walk,walk,15871,,15871.0,20.0,0.0,0.0,1.0,-7.32,0.062,-0.66,0.0,41.0,25.93,0.0,4.0,3500.0,8.0,-4.01,0.07,-1.02,0.0,-6.35,1.94,22.54,504.0,TEST2RR,AKR_TEST2RR,0.0,1.0,1.0,100.0
300300,2,walk,walk,15872,,15872.0,20.0,0.0,0.0,1.0,-6.93,0.051,-0.575,0.0,41.0,25.93,0.0,4.0,3500.0,8.0,-3.78,0.07,-1.02,-0.01,-6.88,1.64,21.73,504.0,TEST2RR,AKR_TEST2RR,0.0,1.0,1.0,100.0
300300,2,walk,walk,15873,,15873.0,20.0,0.0,0.0,1.0,-6.53,0.043,-0.7,0.0,41.0,25.93,0.0,4.0,3500.0,8.0,-3.56,0.06,-1.02,-0.01,-7.28,1.43,21.07,504.0,TEST2RR,AKR_TEST2RR,0.0,1.0,1.0,100.0
300320,2,walk,walk,15874,,15874.0,20.0,0.0,0.0,1.0,-6.12,0.034,-0.732,0.0,41.0,25.97,0.0,4.0,3500.0,8.0,-3.34,0.06,-1.02,-0.02,-7.48,1.29,20.61,504.0,TEST2RR,AKR_TEST2RR,0.0,1.0,1.0,100.0
300340,2,walk,walk,15875,,15875.0,20.0,0.0,0.0,1.0,-5.7,0.022,-0.661,0.0,41.0,25.93,0.0,4.0,3500.0,8.0,-3.12,0.06,-1.02,-0.02,-7.44,1.19,20.4,504.0,TEST2RR,AKR_TEST2RR,0.0,1.0,1.0,100.0
300380,2,walk,walk,15876,,15876.0,20.0,0.0,0.0,1.0,-5.28,0.014,-0.455,0.0,41.0,25.93,0.0,4.0,3500.0,8.0,-2.9,0.05,-1.02,-0.03,-7.15,1.12,20.47,504.0,TEST2RR,AKR_TEST2RR,0.0,1.0,1.0,100.0
300400,2,walk,walk,15877,,15877.0,20.0,0.0,0.0,1.0,-4.86,0.007,-0.554,0.0,41.0,25.97,0.0,4.0,3500.0,8.0,-2.64,0.05,-1.02,-0.03,-6.62,1.08,20.74,504.0,TEST2RR,AKR_TEST2RR,0.0,1.0,1.0,100.0
300420,2,walk,walk,15878,,15878.0,20.0,0.0,0.0,1.0,-4.44,-0.001,-0.381,0.0,41.0,25.93,0.0,4.0,3500.0,8.0,-2.35,0.04,-1.03,-0.04,-5.88,1.06,21.13,504.0,TEST2RR,AKR_TEST2RR,0.0,1.0,1.0,100.0
300420,2,walk,walk,15879,,15879.0,20.0,0.0,0.0,1.0,-4.02,-0.007,-0.318,0.0,41.0,25.93,0.0,4.0,3500.0,8.0,-2.02,0.04,-1.03,-0.04,-4.97,1.05,21.56,504.0,TEST2RR,AKR_TEST2RR,0.0,1.0,1.0,100.0
300440,2,walk,walk,15880,,15880.0,20.0,0.0,0.0,1.0,-3.6,-0.012,-0.479,0.0,41.0,25.97,0.0,4.0,3500.0,8.0,-1.66,0.03,-1.03,-0.04,-3.92,1.02,21.95,504.0,TEST2RR,AKR_TEST2RR,0.0,1.0,1.0,100.0
300460,2,walk,walk,15881,,15881.0,20.0,0.0,0.0,1.0,-3.19,-0.025,-1.18,0.0,41.0,25.93,0.0,4.0,3500.0,8.0,-1.3,0.02,-1.03,-0.05,-2.78,0.97,22.3,504.0,TEST2RR,AKR_TEST2RR,0.0,1.0,1.0,100.0
300480,2,walk,walk,15882,,15882.0,20.0,0.0,0.0,1.0,-2.78,-0.041,-1.272,0.0,41.0,25.93,0.0,4.0,3500.0,8.0,-0.92,0.02,-1.03,-0.05,-1.6,0.9,22.74,504.0,TEST2RR,AKR_TEST2RR,0.0,1.0,1.0,100.0
300500,2,walk,walk,15883,,15883.0,20.0,0.0,0.0,1.0,-2.37,-0.063,-1.074,0.0,41.0,25.97,0.0,4.0,3500.0,8.0,-0.58,0.01,-1.03,-0.05,-0.4,0.82,23.5,504.0,TEST2RR,AKR_TEST2RR,0.0,1.0,1.0,100.0
300520,2,walk,walk,15884,,15884.0,20.0,0.0,0.0,1.0,-1.97,-0.084,-1.601,0.0,41.0,25.93,0.0,4.0,3500.0,8.0,-0.26,0.0,-1.03,-0.05,0.81,0.77,24.75,504.0,TEST2RR,AKR_TEST2RR,0.0,1.0,1.0,100.0
300540,2,walk,walk,15885,,15885.0,20.0,0.0,0.0,1.0,-1.56,-0.102,-1.204,0.0,41.0,25.93,0.0,4.0,3500.0,8.0,0.08,0.0,-1.03,-0.05,2.09,0.77,26.51,504.0,TEST2RR,AKR_TEST2RR,0.0,1.0,1.0,100.0
300560,2,walk,walk,15886,,15886.0,20.0,0.0,0.0,1.0,-1.16,-0.116,-0.643,0.0,41.0,25.93,0.0,4.0,3500.0,8.0,0.48,-0.01,-1.03,-0.05,3.45,0.76,28.68,504.0,TEST2RR,AKR_TEST2RR,0.0,1.0,1.0,100.0
300600,2,walk,walk,15887,,15887.0,20.0,0.0,0.0,1.0,-0.75,-0.127,-1.0,0.0,41.0,25.93,0.0,4.0,3500.0,8.0,0.97,-0.02,-1.03,-0.05,4.92,0.72,30.98,504.0,TEST2RR,AKR_TEST2RR,0.0,1.0,1.0,100.0
300600,2,walk,walk,15888,,15888.0,20.0,0.0,0.0,1.0,-0.33,-0.139,-0.664,0.0,41.0,25.93,0.0,4.0,3500.0,8.0,1.54,-0.03,-1.03,-0.05,6.48,0.62,33.22,504.0,TEST2RR,AKR_TEST2RR,0.0,1.0,1.0,100.0
300620,2,walk,walk,15889,,15889.0,20.0,0.0,6.0,2.0,0.09,-0.15,-1.017,0.0,41.0,25.97,0.0,4.0,3500.0,8.0,2.2,-0.04,-1.03,-0.05,8.09,0.46,35.24,504.0,TEST2RR,AKR_TEST2RR,0.0,1.0,1.0,100.0
300680,2,walk,walk,15890,,15890.0,20.0,0.0,6.0,2.0,0.52,-0.154,-1.354,0.173,41.0,25.83,0.0,18.0,3500.0,8.0,2.98,-0.05,-1.03,-0.05,9.68,0.2,36.92,504.0,TEST2RR,AKR_TEST2RR,0.0,1.0,1.0,100.0
300680,2,walk,walk,15891,,15891.0,20.0,0.0,6.0,2.0,0.97,-0.109,3.407,3.291,41.0,25.54,0.0,18.0,3500.0,8.0,3.9,-0.07,-1.03,-0.05,11.21,-0.46,37.46,504.0,TEST2RR,AKR_TEST2RR,0.0,1.0,1.0,100.0
300680,2,walk,walk,15892,,15892.0,20.0,0.0,6.0,2.0,1.43,-0.07,1.985,3.943,41.0,25.51,0.0,18.0,3500.0,8.0,4.87,-0.09,-1.02,-0.04,12.6,-1.56,36.43,504.0,TEST2RR,AKR_TEST2RR,0.0,1.0,1.0,100.0
300700,2,walk,walk,15893,,15893.0,20.0,0.0,6.0,2.0,1.91,-0.054,0.394,5.118,41.0,25.4,0.0,18.0,3500.0,8.0,5.8,-0.1,-1.02,-0.04,13.82,-2.93,34.04,504.0,TEST2RR,AKR_TEST2RR,0.0,1.0,1.0,100.0
300740,2,walk,walk,15894,,15894.0,20.0,0.0,6.0,2.0,2.41,-0.052,-0.037,5.906,41.0,25.3,0.0,18.0,3500.0,8.0,6.64,-0.12,-1.02,-0.03,14.78,-4.32,30.79,504.0,TEST2RR,AKR_TEST2RR,0.0,1.0,1.0,100.0
300760,2,walk,walk,15895,,15895.0,20.0,1.0,6.0,2.0,2.92,-0.052,-0.026,6.014,41.0,25.3,0.0,19.0,3500.0,8.0,7.38,-0.13,-1.01,-0.02,15.39,-5.55,27.1,504.0,TEST2RR,AKR_TEST2RR,0.0,1.0,1.0,100.0
300760,2,walk,walk,15896,,15896.0,20.0,1.0,6.0,2.0,3.45,-0.051,0.048,5.932,41.0,25.3,0.0,19.0,3500.0,8.0,8.01,-0.14,-1.01,-0.01,15.62,-6.5,23.3,504.0,TEST2RR,AKR_TEST2RR,0.0,1.0,1.0,100.0
300780,2,walk,walk,15897,,15897.0,20.0,1.0,6.0,2.0,3.99,-0.049,0.006,5.942,41.0,25.3,0.0,19.0,3500.0,8.0,8.53,-0.15,-1.0,0.0,15.46,-7.1,19.59,504.0,TEST2RR,AKR_TEST2RR,0.0,1.0,1.0,100.0
300800,2,walk,walk,15898,,15898.0,20.0,1.0,6.0,2.0,4.53,-0.048,0.147,5.742,41.0,25.33,0.0,19.0,3500.0,8.0,8.94,-0.16,-1.0,0.01,14.94,-7.35,16.13,504.0,TEST2RR,AKR_TEST2RR,0.0,1.0,1.0,100.0
300820,2,walk,walk,15899,,15899.0,20.0,1.0,6.0,2.0,5.07,-0.047,0.021,5.708,41.0,25.33,0.0,19.0,3500.0,8.0,9.25,-0.16,-1.0,0.02,14.11,-7.28,12.98,504.0,TEST2RR,AKR_TEST2RR,0.0,1.0,1.0,100.0
300880,2,walk,walk,15900,,15900.0,20.0,1.0,6.0,2.0,5.61,-0.046,0.065,5.533,41.0,25.37,0.0,19.0,3500.0,8.0,9.47,-0.17,-1.0,0.02,13.04,-6.95,10.18,504.0,TEST2RR,AKR_TEST2RR,0.0,1.0,1.0,100.0
300900,2,walk,walk,15901,,15901.0,20.0,1.0,6.0,2.0,6.13,-0.045,0.103,5.398,41.0,25.4,0.0,19.0,3500.0,8.0,9.61,-0.17,-1.0,0.03,11.82,-6.39,7.73,504.0,TEST2RR,AKR_TEST2RR,0.0,1.0,1.0,100.0
300900,2,walk,walk,15902,,15902.0,20.0,1.0,6.0,2.0,6.62,-0.044,-0.048,5.25,41.0,25.4,0.0,19.0,3500.0,8.0,9.67,-0.17,-1.0,0.04,10.54,-5.7,5.63,504.0,TEST2RR,AKR_TEST2RR,0.0,1.0,1.0,100.0
300920,2,walk,walk,15903,,15903.0,20.0,1.0,6.0,2.0,7.1,-0.043,0.08,5.119,41.0,25.44,0.0,19.0,3500.0,8.0,9.66,-0.17,-1.0,0.04,9.27,-4.93,3.86,504.0,TEST2RR,AKR_TEST2RR,0.0,1.0,1.0,100.0
300920,2,walk,walk,15904,,15904.0,20.0,1.0,6.0,2.0,7.54,-0.042,0.029,4.912,41.0,25.47,0.0,19.0,3500.0,8.0,9.61,-0.17,-1.0,0.04,8.08,-4.15,2.4,504.0,TEST2RR,AKR_TEST2RR,0.0,1.0,1.0,100.0
300940,2,walk,walk,15905,,15905.0,20.0,1.0,6.0,2.0,7.95,-0.04,0.053,4.774,41.0,25.51,0.0,19.0,3500.0,8.0,9.52,-0.17,-1.0,0.04,7.01,-3.39,1.23,504.0,TEST2RR,AKR_TEST2RR,0.0,1.0,1.0,100.0
300960,2,walk,walk,15906,,15906.0,20.0,1.0,6.0,2.0,8.33,-0.039,-0.01,4.65,41.0,25.51,0.0,19.0,3500.0,8.0,9.4,-0.17,-1.0,0.05,6.06,-2.7,0.32,504.0,TEST2RR,AKR_TEST2RR,0.0,1.0,1.0,100.0
300980,2,walk,walk,15907,,15907.0,20.0,1.0,6.0,2.0,8.67,-0.038,0.046,4.592,41.0,25.51,0.0,19.0,3500.0,8.0,9.26,-0.16,-1.01,0.05,5.26,-2.09,-0.35,504.0,TEST2RR,AKR_TEST2RR,0.0,1.0,1.0,100.0
301000,2,walk,walk,15908,,15908.0,20.0,1.0,6.0,2.0,8.98,-0.038,0.034,4.526,41.0,25.54,0.0,19.0,3500.0,8.0,9.12,-0.16,-1.01,0.04,4.6,-1.57,-0.8,504.0,TEST2RR,AKR_TEST2RR,0.0,1.0,1.0,100.0
301020,2,walk,walk,15909,,15909.0,20.0,1.0,6.0,2.0,9.24,-0.038,0.073,4.516,41.0,25.54,0.0,19.0,3500.0,8.0,8.99,-0.16,-1.01,0.04,4.06,-1.15,-1.07,504.0,TEST2RR,AKR_TEST2RR,0.0,1.0,1.0,100.0
301060,2,walk,walk,15910,,15910.0,20.0,1.0,6.0,2.0,9.48,-0.038,-0.073,4.469,41.0,25.54,0.0,19.0,3500.0,8.0,8.86,-0.16,-1.01,0.04,3.63,-0.81,-1.19,505.0,TEST2RR,AKR_TEST2RR,0.0,1.0,1.0,100.0
301080,2,walk,walk,15911,,15911.0,20.0,1.0,6.0,2.0,9.67,-0.038,0.005,4.505,41.0,25.54,0.0,19.0,3500.0,8.0,8.75,-0.16,-1.01,0.04,3.3,-0.54,-1.18,505.0,TEST2RR,AKR_TEST2RR,0.0,1.0,1.0,100.0
301080,2,walk,walk,15912,,15912.0,20.0,1.0,6.0,2.0,9.84,-0.037,0.026,4.499,41.0,25.54,0.0,19.0,3500.0,8.0,8.65,-0.15,-1.01,0.04,3.07,-0.36,-1.06,505.0,TEST2RR,AKR_TEST2RR,0.0,1.0,1.0,100.0
301120,2,walk,walk,15913,,15913.0,20.0,1.0,6.0,2.0,9.97,-0.037,-0.005,4.493,41.0,25.54,0.0,19.0,3500.0,8.0,8.57,-0.15,-1.01,0.04,2.91,-0.28,-0.86,505.0,TEST2RR,AKR_TEST2RR,0.0,1.0,1.0,100.0
301120,2,walk,walk,15914,,15914.0,20.0,1.0,6.0,2.0,10.08,-0.038,-0.089,4.51,41.0,25.54,0.0,19.0,3500.0,8.0,8.5,-0.15,-1.01,0.04,2.83,-0.32,-0.59,505.0,TEST2RR,AKR_TEST2RR,0.0,1.0,1.0,100.0
301140,2,walk,walk,15915,,15915.0,20.0,1.0,6.0,2.0,10.17,-0.038,0.06,4.552,41.0,25.54,0.0,19.0,3500.0,8.0,8.44,-0.15,-1.01,0.04,2.78,-0.46,-0.26,505.0,TEST2RR,AKR_TEST2RR,0.0,1.0,1.0,100.0
301180,2,walk,walk,15916,,15916.0,20.0,1.0,6.0,2.0,10.23,-0.038,-0.037,4.568,41.0,25.51,0.0,19.0,3500.0,8.0,8.41,-0.15,-1.01,0.04,2.76,-0.68,0.1,505.0,TEST2RR,AKR_TEST2RR,0.0,1.0,1.0,100.0
301200,2,walk,walk,15917,,15917.0,20.0,1.0,6.0,2.0,10.28,-0.038,0.04,4.612,41.0,25.54,0.0,19.0,3500.0,8.0,8.39,-0.15,-1.01,0.04,2.72,-0.92,0.47,505.0,TEST2RR,AKR_TEST2RR,0.0,1.0,1.0,100.0
301220,2,walk,walk,15918,,15918.0,20.0,1.0,6.0,2.0,10.31,-0.038,-0.011,4.618,41.0,25.51,0.0,19.0,3500.0,8.0,8.4,-0.15,-1.01,0.04,2.64,-1.14,0.81,505.0,TEST2RR,AKR_TEST2RR,0.0,1.0,1.0,100.0
301240,2,walk,walk,15919,,15919.0,20.0,1.0,6.0,2.0,10.32,-0.038,-0.041,4.639,41.0,25.51,0.0,19.0,3500.0,8.0,8.42,-0.15,-1.01,0.05,2.5,-1.32,1.08,505.0,TEST2RR,AKR_TEST2RR,0.0,1.0,1.0,100.0
301240,2,walk,walk,15920,,15920.0,20.0,1.0,6.0,2.0,10.33,-0.038,-0.011,4.65,41.0,25.51,0.0,19.0,3500.0,8.0,8.46,-0.15,-1.01,0.05,2.3,-1.43,1.27,505.0,TEST2RR,AKR_TEST2RR,0.0,1.0,1.0,100.0
301260,2,walk,walk,15921,,15921.0,20.0,1.0,6.0,2.0,10.33,-0.038,0.064,4.642,41.0,25.51,0.0,19.0,3500.0,8.0,8.51,-0.15,-1.01,0.05,2.03,-1.48,1.37,505.0,TEST2RR,AKR_TEST2RR,0.0,1.0,1.0,100.0
301300,2,walk,walk,15922,,15922.0,20.0,1.0,6.0,2.0,10.33,-0.038,-0.003,4.656,41.0,25.51,0.0,19.0,3500.0,8.0,8.55,-0.15,-1.01,0.05,1.71,-1.47,1.4,505.0,TEST2RR,AKR_TEST2RR,0.0,1.0,1.0,100.0
301300,2,walk,walk,15923,,15923.0,20.0,1.0,6.0,2.0,10.31,-0.039,-0.014,4.672,41.0,25.51,0.0,19.0,3500.0,8.0,8.58,-0.15,-1.01,0.05,1.39,-1.41,1.39,505.0,TEST2RR,AKR_TEST2RR,0.0,1.0,1.0,100.0
301320,2,walk,walk,15924,,15924.0,20.0,1.0,6.0,2.0,10.3,-0.039,-0.123,4.759,41.0,25.51,0.0,19.0,3500.0,8.0,8.59,-0.15,-1.01,0.05,1.07,-1.33,1.36,505.0,TEST2RR,AKR_TEST2RR,0.0,1.0,1.0,100.0
301360,2,walk,walk,15925,,15925.0,20.0,1.0,6.0,2.0,10.29,-0.04,-0.022,4.919,41.0,25.47,0.0,19.0,3500.0,8.0,8.59,-0.15,-1.01,0.05,0.79,-1.25,1.38,505.0,TEST2RR,AKR_TEST2RR,0.0,1.0,1.0,100.0
301380,2,walk,walk,15926,,15926.0,20.0,2.0,6.0,2.0,10.27,-0.042,-0.21,5.134,41.0,25.44,0.0,20.0,3500.0,8.0,8.56,-0.15,-1.01,0.05,0.58,-1.17,1.49,505.0,TEST2RR,AKR_TEST2RR,0.0,1.0,1.0,100.0
301400,2,walk,walk,15927,,15927.0,20.0,1.0,6.0,2.0,10.26,-0.044,-0.152,5.532,41.0,25.4,0.0,19.0,3500.0,8.0,8.53,-0.15,-1.01,0.05,0.43,-1.11,1.73,505.0,TEST2RR,AKR_TEST2RR,0.0,1.0,1.0,100.0
301420,2,walk,walk,15928,,15928.0,20.0,2.0,6.0,2.0,10.24,-0.046,-0.084,5.779,41.0,25.33,0.0,20.0,3500.0,8.0,8.49,-0.15,-1.01,0.05,0.35,-1.07,2.11,505.0,TEST2RR,AKR_TEST2RR,0.0,1.0,1.0,100.0
301420,2,walk,walk,15929,,15929.0,20.0,2.0,6.0,2.0,10.23,-0.048,-0.148,5.912,41.0,25.33,0.0,20.0,3500.0,8.0,8.46,-0.15,-1.02,0.05,0.33,-1.05,2.6,505.0,TEST2RR,AKR_TEST2RR,0.0,1.0,1.0,100.0
301440,2,walk,walk,15930,,15930.0,20.0,2.0,6.0,2.0,10.22,-0.049,0.005,5.968,41.0,25.3,0.0,20.0,3500.0,8.0,8.45,-0.15,-1.02,0.05,0.34,-1.04,3.15,505.0,TEST2RR,AKR_TEST2RR,0.0,1.0,1.0,100.0
301480,2,walk,walk,15931,,15931.0,20.0,2.0,6.0,2.0,10.21,-0.049,0.065,5.988,41.0,25.26,0.0,20.0,3500.0,8.0,8.49,-0.15,-1.02,0.05,0.33,-1.01,3.68,505.0,TEST2RR,AKR_TEST2RR,0.0,1.0,1.0,100.0
301480,2,walk,walk,15932,,15932.0,20.0,2.0,6.0,2.0,10.2,-0.049,0.025,5.983,41.0,25.3,0.0,20.0,3500.0,8.0,8.57,-0.15,-1.02,0.05,0.28,-0.94,4.1,505.0,TEST2RR,AKR_TEST2RR,0.0,1.0,1.0,100.0
301500,2,walk,walk,15933,,15933.0,20.0,2.0,6.0,2.0,10.2,-0.049,-0.021,5.959,41.0,25.3,0.0,19.0,3500.0,8.0,8.69,-0.16,-1.02,0.05,0.14,-0.82,4.34,505.0,TEST2RR,AKR_TEST2RR,0.0,1.0,1.0,100.0
301560,2,walk,walk,15934,,15934.0,20.0,2.0,6.0,2.0,10.2,-0.049,0.019,5.957,41.0,25.3,0.0,19.0,3500.0,8.0,8.85,-0.16,-1.01,0.05,-0.13,-0.64,4.35,505.0,TEST2RR,AKR_TEST2RR,0.0,1.0,1.0,100.0
301560,2,walk,walk,15935,,15935.0,20.0,2.0,6.0,2.0,10.2,-0.049,0.1,5.899,41.0,25.3,0.0,19.0,3500.0,8.0,9.02,-0.16,-1.01,0.05,-0.54,-0.4,4.12,505.0,TEST2RR,AKR_TEST2RR,0.0,1.0,1.0,100.0
301560,2,walk,walk,15936,,15936.0,20.0,2.0,6.0,2.0,10.21,-0.048,0.089,5.788,41.0,25.33,0.0,19.0,3500.0,8.0,9.19,-0.16,-1.01,0.05,-1.08,-0.12,3.66,505.0,TEST2RR,AKR_TEST2RR,0.0,1.0,1.0,100.0
301600,2,walk,walk,15937,,15937.0,20.0,1.0,6.0,2.0,10.22,-0.047,0.044,5.729,41.0,25.33,0.0,18.0,3500.0,8.0,9.33,-0.17,-1.01,0.05,-1.72,0.19,3.01,505.0,TEST2RR,AKR_TEST2RR,0.0,1.0,1.0,100.0
301600,2,walk,walk,15938,,15938.0,20.0,1.0,6.0,2.0,10.24,-0.046,0.085,5.618,41.0,25.37,0.0,18.0,3500.0,8.0,9.43,-0.17,-1.01,0.05,-2.42,0.49,2.26,505.0,TEST2RR,AKR_TEST2RR,0.0,1.0,1.0,100.0
301620,2,walk,walk,15939,,15939.0,20.0,1.0,6.0,2.0,10.26,-0.046,0.053,5.496,41.0,25.4,0.0,18.0,3500.0,8.0,9.49,-0.17,-1.01,0.05,-3.13,0.79,1.46,505.0,TEST2RR,AKR_TEST2RR,0.0,1.0,1.0,100.0
301640,2,walk,walk,15940,,15940.0,20.0,1.0,6.0,2.0,10.28,-0.045,0.112,5.352,41.0,25.4,0.0,18.0,3500.0,8.0,9.51,-0.17,-1.01,0.05,-3.79,1.06,0.66,505.0,TEST2RR,AKR_TEST2RR,0.0,1.0,1.0,100.0
301660,2,walk,walk,15941,,15941.0,20.0,1.0,6.0,2.0,10.3,-0.044,0.006,5.298,41.0,25.4,0.0,18.0,3500.0,8.0,9.48,-0.17,-1.01,0.04,-4.36,1.29,-0.07,505.0,TEST2RR,AKR_TEST2RR,0.0,1.0,1.0,100.0
301700,2,walk,walk,15942,,15942.0,20.0,1.0,6.0,2.0,10.33,-0.044,-0.01,5.265,41.0,25.44,0.0,18.0,3500.0,8.0,9.43,-0.17,-1.01,0.04,-4.82,1.49,-0.73,505.0,TEST2RR,AKR_TEST2RR,0.0,1.0,1.0,100.0
301720,2,walk,walk,15943,,15943.0,20.0,1.0,6.0,2.0,10.35,-0.043,0.057,5.168,41.0,25.44,0.0,18.0,3500.0,8.0,9.36,-0.17,-1.01,0.04,-5.15,1.65,-1.28,505.0,TEST2RR,AKR_TEST2RR,0.0,1.0,1.0,100.0
301720,2,walk,walk,15944,,15944.0,20.0,1.0,6.0,2.0,10.37,-0.042,0.044,5.019,41.0,25.44,0.0,18.0,3500.0,8.0,9.27,-0.16,-1.01,0.03,-5.34,1.76,-1.74,505.0,TEST2RR,AKR_TEST2RR,0.0,1.0,1.0,100.0
301740,2,walk,walk,15945,,15945.0,20.0,1.0,6.0,2.0,10.39,-0.041,0.06,4.93,41.0,25.47,0.0,18.0,3500.0,8.0,9.18,-0.16,-1.01,0.03,-5.41,1.83,-2.11,505.0,TEST2RR,AKR_TEST2RR,0.0,1.0,1.0,100.0
301760,2,walk,walk,15946,,15946.0,20.0,1.0,6.0,2.0,10.4,-0.04,0.139,4.816,41.0,25.47,0.0,18.0,3500.0,8.0,9.08,-0.16,-1.01,0.03,-5.37,1.86,-2.4,505.0,TEST2RR,AKR_TEST2RR,0.0,1.0,1.0,100.0
301780,2,walk,walk,15947,,15947.0,20.0,1.0,6.0,2.0,10.41,-0.039,0.08,4.697,41.0,25.47,0.0,18.0,3500.0,8.0,8.99,-0.16,-1.01,0.02,-5.25,1.86,-2.62,505.0,TEST2RR,AKR_TEST2RR,0.0,1.0,1.0,100.0
301820,2,walk,walk,15948,,15948.0,20.0,1.0,6.0,2.0,10.41,-0.039,0.006,4.626,41.0,25.51,0.0,18.0,3500.0,8.0,8.9,-0.16,-1.01,0.02,-5.05,1.83,-2.78,505.0,TEST2RR,AKR_TEST2RR,0.0,1.0,1.0,100.0
301820,2,walk,walk,15949,,15949.0,20.0,1.0,6.0,2.0,10.4,-0.038,-0.037,4.573,41.0,25.51,0.0,18.0,3500.0,8.0,8.81,-0.16,-1.02,0.02,-4.78,1.8,-2.88,505.0,TEST2RR,AKR_TEST2RR,0.0,1.0,1.0,100.0
301860,2,walk,walk,15950,,15950.0,20.0,1.0,6.0,2.0,10.38,-0.038,-0.003,4.529,41.0,25.51,0.0,18.0,3500.0,8.0,8.72,-0.16,-1.02,0.01,-4.44,1.74,-2.92,505.0,TEST2RR,AKR_TEST2RR,0.0,1.0,1.0,100.0
301860,2,walk,walk,15951,,15951.0,20.0,1.0,6.0,2.0,10.36,-0.038,-0.023,4.552,41.0,25.54,0.0,18.0,3500.0,8.0,8.62,-0.15,-1.02,0.01,-4.03,1.67,-2.88,505.0,TEST2RR,AKR_TEST2RR,0.0,1.0,1.0,100.0
301900,2,walk,walk,15952,,15952.0,20.0,1.0,6.0,2.0,10.33,-0.038,0.006,4.567,41.0,25.51,0.0,18.0,3500.0,8.0,8.52,-0.15,-1.02,0.01,-3.56,1.59,-2.76,505.0,TEST2RR,AKR_TEST2RR,0.0,1.0,1.0,100.0
301900,2,walk,walk,15953,,15953.0,20.0,1.0,6.0,2.0,10.3,-0.038,-0.069,4.54,41.0,25.51,0.0,18.0,3500.0,8.0,8.43,-0.15,-1.02,0.01,-3.02,1.48,-2.55,505.0,TEST2RR,AKR_TEST2RR,0.0,1.0,1.0,100.0
301920,2,walk,walk,15954,,15954.0,20.0,1.0,6.0,2.0,10.26,-0.038,-0.001,4.566,41.0,25.54,0.0,18.0,3500.0,8.0,8.34,-0.15,-1.02,0.0,-2.44,1.35,-2.27,505.0,TEST2RR,AKR_TEST2RR,0.0,1.0,1.0,100.0
301960,2,walk,walk,15955,,15955.0,20.0,1.0,6.0,2.0,10.21,-0.038,0.011,4.595,41.0,25.51,0.0,18.0,3500.0,8.0,8.26,-0.15,-1.02,0.0,-1.82,1.2,-1.92,505.0,TEST2RR,AKR_TEST2RR,0.0,1.0,1.0,100.0
301960,2,walk,walk,15956,,15956.0,20.0,1.0,6.0,2.0,10.16,-0.038,0.046,4.587,41.0,25.51,0.0,18.0,3500.0,8.0,8.2,-0.15,-1.02,0.0,-1.18,1.05,-1.54,505.0,TEST2RR,AKR_TEST2RR,0.0,1.0,1.0,100.0
301980,2,walk,walk,15957,,15957.0,20.0,1.0,6.0,2.0,10.1,-0.038,-0.062,4.57,41.0,25.51,0.0,18.0,3500.0,8.0,8.15,-0.15,-1.02,0.0,-0.55,0.9,-1.14,505.0,TEST2RR,AKR_TEST2RR,0.0,1.0,1.0,100.0
302020,2,walk,walk,15958,,15958.0,20.0,1.0,6.0,2.0,10.05,-0.038,0.077,4.581,41.0,25.51,0.0,18.0,3500.0,8.0,8.12,-0.15,-1.02,0.0,0.04,0.77,-0.76,505.0,TEST2RR,AKR_TEST2RR,0.0,1.0,1.0,100.0
302020,2,walk,walk,15959,,15959.0,20.0,1.0,6.0,2.0,9.99,-0.038,-0.068,4.569,41.0,25.51,0.0,18.0,3500.0,8.0,8.1,-0.15,-1.02,0.0,0.6,0.66,-0.41,505.0,TEST2RR,AKR_TEST2RR,0.0,1.0,1.0,100.0
302040,2,walk,walk,15960,,15960.0,20.0,1.0,6.0,2.0,9.93,-0.038,0.045,4.565,41.0,25.51,0.0,18.0,3500.0,8.0,8.1,-0.15,-1.02,0.0,1.09,0.59,-0.11,505.0,TEST2RR,AKR_TEST2RR,0.0,1.0,1.0,100.0
302060,2,walk,walk,15961,,15961.0,20.0,1.0,6.0,2.0,9.87,-0.038,0.023,4.588,41.0,25.51,0.0,18.0,3500.0,8.0,8.11,-0.15,-1.02,0.0,1.54,0.55,0.13,505.0,TEST2RR,AKR_TEST2RR,0.0,1.0,1.0,100.0
302100,2,walk,walk,15962,,15962.0,20.0,1.0,6.0,2.0,9.81,-0.038,-0.023,4.539,41.0,25.51,0.0,18.0,3500.0,8.0,8.12,-0.15,-1.02,0.0,1.93,0.55,0.31,505.0,TEST2RR,AKR_TEST2RR,0.0,1.0,1.0,100.0
302100,2,walk,walk,15963,,15963.0,20.0,1.0,6.0,2.0,9.75,-0.038,0.072,4.535,41.0,25.51,0.0,18.0,3500.0,8.0,8.13,-0.15,-1.02,0.0,2.29,0.58,0.44,505.0,TEST2RR,AKR_TEST2RR,0.0,1.0,1.0,100.0
302140,2,walk,walk,15964,,15964.0,20.0,1.0,6.0,2.0,9.7,-0.038,0.052,4.499,41.0,25.51,0.0,18.0,3500.0,8.0,8.14,-0.15,-1.02,0.0,2.62,0.63,0.53,505.0,TEST2RR,AKR_TEST2RR,0.0,1.0,1.0,100.0
302160,2,walk,walk,15965,,15965.0,20.0,2.0,6.0,2.0,9.65,-0.037,-0.134,4.491,41.0,25.54,0.0,19.0,3500.0,8.0,8.14,-0.15,-1.02,0.0,2.95,0.68,0.61,506.0,TEST2RR,AKR_TEST2RR,0.0,1.0,1.0,100.0
302180,2,walk,walk,15966,,15966.0,20.0,2.0,6.0,2.0,9.6,-0.037,0.036,4.449,41.0,25.54,0.0,19.0,3500.0,8.0,8.14,-0.15,-1.02,0.0,3.29,0.72,0.69,506.0,TEST2RR,AKR_TEST2RR,0.0,1.0,1.0,100.0
302200,2,walk,walk,15967,,15967.0,20.0,2.0,6.0,2.0,9.56,-0.037,-0.03,4.493,41.0,25.54,0.0,19.0,3500.0,8.0,8.12,-0.15,-1.02,0.0,3.67,0.77,0.79,506.0,TEST2RR,AKR_TEST2RR,0.0,1.0,1.0,100.0
302200,2,walk,walk,15968,,15968.0,20.0,2.0,6.0,2.0,9.52,-0.037,-0.01,4.437,41.0,25.54,0.0,19.0,3500.0,8.0,8.11,-0.15,-1.02,0.0,4.08,0.81,0.91,506.0,TEST2RR,AKR_TEST2RR,0.0,1.0,1.0,100.0
302220,2,walk,walk,15969,,15969.0,20.0,2.0,6.0,2.0,9.48,-0.037,-0.026,4.444,41.0,25.54,0.0,19.0,3500.0,8.0,8.09,-0.15,-1.02,0.0,4.55,0.84,1.05,506.0,TEST2RR,AKR_TEST2RR,0.0,1.0,1.0,100.0
302260,2,walk,walk,15970,,15970.0,20.0,2.0,6.0,2.0,9.45,-0.037,0.041,4.444,41.0,25.54,0.0,19.0,3500.0,8.0,8.08,-0.14,-1.02,0.0,5.04,0.81,1.21,506.0,TEST2RR,AKR_TEST2RR,0.0,1.0,1.0,100.0
302260,2,walk,walk,15971,,15971.0,20.0,2.0,6.0,2.0,9.42,-0.036,0.019,4.344,41.0,25.54,0.0,19.0,3500.0,8.0,8.07,-0.14,-1.02,0.0,5.55,0.67,1.39,506.0,TEST2RR,AKR_TEST2RR,0.0,1.0,1.0,100.0
302280,2,walk,walk,15972,,15972.0,20.0,2.0,6.0,2.0,9.39,-0.036,0.042,4.209,41.0,25.58,0.0,19.0,3500.0,8.0,8.08,-0.14,-1.02,0.0,6.02,0.36,1.58,506.0,TEST2RR,AKR_TEST2RR,0.0,1.0,1.0,100.0
302320,2,walk,walk,15973,,15973.0,20.0,2.0,6.0,2.0,9.37,-0.035,0.112,4.092,41.0,25.58,0.0,19.0,3500.0,8.0,8.09,-0.15,-1.02,0.0,6.45,-0.19,1.78,506.0,TEST2RR,AKR_TEST2RR,0.0,1.0,1.0,100.0
302340,2,walk,walk,15974,,15974.0,20.0,2.0,6.0,2.0,9.35,-0.034,-0.022,3.993,41.0,25.62,0.0,19.0,3500.0,8.0,8.1,-0.15,-1.02,0.0,6.81,-0.99,2.0,506.0,TEST2RR,AKR_TEST2RR,0.0,1.0,1.0,100.0
302360,2,walk,walk,15975,,15975.0,20.0,2.0,6.0,2.0,9.33,-0.033,-0.023,3.957,41.0,25.62,0.0,19.0,3500.0,8.0,8.11,-0.15,-1.02,0.0,7.14,-2.0,2.26,506.0,TEST2RR,AKR_TEST2RR,0.0,1.0,1.0,100.0
302380,2,walk,walk,15976,,15976.0,20.0,2.0,6.0,2.0,9.32,-0.032,0.076,3.928,41.0,25.62,0.0,19.0,3500.0,8.0,8.1,-0.15,-1.02,0.0,7.46,-3.12,2.59,506.0,TEST2RR,AKR_TEST2RR,0.0,1.0,1.0,100.0
302400,2,walk,walk,15977,,15977.0,20.0,2.0,6.0,2.0,9.31,-0.032,-0.005,3.806,41.0,25.65,0.0,19.0,3500.0,8.0,8.06,-0.15,-1.03,0.0,7.83,-4.22,3.04,506.0,TEST2RR,AKR_TEST2RR,0.0,1.0,1.0,100.0
302400,2,walk,walk,15978,,15978.0,20.0,2.0,6.0,2.0,9.3,-0.031,0.054,3.77,41.0,25.65,0.0,19.0,3500.0,8.0,7.98,-0.14,-1.03,0.01,8.27,-5.16,3.65,506.0,TEST2RR,AKR_TEST2RR,0.0,1.0,1.0,100.0
302440,2,walk,walk,15979,,15979.0,20.0,2.0,6.0,2.0,9.3,-0.031,0.091,3.679,41.0,25.65,0.0,19.0,3500.0,8.0,7.88,-0.14,-1.03,0.01,8.79,-5.85,4.45,506.0,TEST2RR,AKR_TEST2RR,0.0,1.0,1.0,100.0
302440,2,walk,walk,15980,,15980.0,20.0,2.0,6.0,2.0,9.3,-0.03,0.075,3.66,41.0,25.65,0.0,19.0,3500.0,8.0,7.76,-0.14,-1.03,0.01,9.39,-6.25,5.46,506.0,TEST2RR,AKR_TEST2RR,0.0,1.0,1.0,100.0
302460,2,walk,walk,15981,,15981.0,20.0,2.0,6.0,2.0,9.31,-0.03,-0.038,3.57,41.0,25.65,0.0,19.0,3500.0,8.0,7.64,-0.14,-1.04,0.02,10.04,-6.4,6.67,506.0,TEST2RR,AKR_TEST2RR,0.0,1.0,1.0,100.0
302520,2,walk,walk,15982,,15982.0,20.0,2.0,6.0,2.0,9.32,-0.029,0.127,3.416,41.0,25.69,0.0,19.0,3500.0,8.0,7.54,-0.14,-1.04,0.03,10.72,-6.32,8.06,506.0,TEST2RR,AKR_TEST2RR,0.0,1.0,1.0,100.0
302520,2,walk,walk,15983,,15983.0,20.0,2.0,6.0,2.0,9.34,-0.028,0.189,3.223,41.0,25.72,0.0,19.0,3500.0,8.0,7.48,-0.14,-1.04,0.03,11.39,-6.05,9.59,506.0,TEST2RR,AKR_TEST2RR,0.0,1.0,1.0,100.0
302520,2,walk,walk,15984,,15984.0,20.0,2.0,6.0,2.0,9.37,-0.026,0.15,2.99,41.0,25.72,0.0,19.0,3500.0,8.0,7.46,-0.14,-1.04,0.04,12.02,-5.63,11.22,506.0,TEST2RR,AKR_TEST2RR,0.0,1.0,1.0,100.0
302560,2,walk,walk,15985,,15985.0,20.0,2.0,6.0,2.0,9.4,-0.024,0.193,2.84,41.0,25.76,0.0,19.0,3500.0,8.0,7.49,-0.14,-1.04,0.04,12.58,-5.14,12.93,506.0,TEST2RR,AKR_TEST2RR,0.0,1.0,1.0,100.0
302560,2,walk,walk,15986,,15986.0,20.0,2.0,6.0,2.0,9.45,-0.022,-0.054,2.609,41.0,25.79,0.0,19.0,3500.0,8.0,7.58,-0.14,-1.05,0.05,13.06,-4.58,14.68,506.0,TEST2RR,AKR_TEST2RR,0.0,1.0,1.0,100.0
302580,2,walk,walk,15987,,15987.0,20.0,2.0,6.0,2.0,9.5,-0.021,0.124,2.377,41.0,25.79,0.0,19.0,3500.0,8.0,7.72,-0.14,-1.05,0.06,13.43,-3.99,16.43,506.0,TEST2RR,AKR_TEST2RR,0.0,1.0,1.0,100.0
302620,2,walk,walk,15988,,15988.0,20.0,2.0,6.0,2.0,9.57,-0.019,0.144,2.068,41.0,25.83,0.0,19.0,3500.0,8.0,7.93,-0.15,-1.05,0.06,13.72,-3.37,18.17,506.0,TEST2RR,AKR_TEST2RR,0.0,1.0,1.0,100.0
302620,2,walk,walk,15989,,15989.0,20.0,2.0,6.0,2.0,9.66,-0.016,0.156,1.796,41.0,25.86,0.0,19.0,3500.0,8.0,8.19,-0.15,-1.04,0.07,13.92,-2.71,19.88,506.0,TEST2RR,AKR_TEST2RR,0.0,1.0,1.0,100.0
302660,2,walk,walk,15990,,15990.0,20.0,2.0,6.0,2.0,9.77,-0.014,0.186,1.572,41.0,25.86,0.0,19.0,3500.0,8.0,8.51,-0.16,-1.04,0.07,14.08,-2.01,21.53,506.0,TEST2RR,AKR_TEST2RR,0.0,1.0,1.0,100.0
302680,2,walk,walk,15991,,15991.0,20.0,2.0,6.0,2.0,9.89,-0.012,0.169,1.354,41.0,25.86,0.0,19.0,3500.0,8.0,8.89,-0.16,-1.04,0.08,14.2,-1.27,23.1,506.0,TEST2RR,AKR_TEST2RR,0.0,1.0,1.0,100.0
302680,2,walk,walk,15992,,15992.0,20.0,2.0,6.0,2.0,10.04,-0.01,0.115,1.178,41.0,25.9,0.0,19.0,3500.0,8.0,9.3,-0.17,-1.04,0.08,14.33,-0.48,24.58,506.0,TEST2RR,AKR_TEST2RR,0.0,1.0,1.0,100.0
302720,2,walk,walk,15993,,15993.0,20.0,2.0,6.0,2.0,10.2,-0.009,0.044,1.03,41.0,25.9,0.0,19.0,3500.0,8.0,9.76,-0.18,-1.03,0.09,14.47,0.38,25.91,506.0,TEST2RR,AKR_TEST2RR,0.0,1.0,1.0,100.0
302740,2,walk,walk,15994,,15994.0,20.0,2.0,6.0,2.0,10.39,-0.008,0.046,0.936,41.0,25.9,0.0,19.0,3500.0,8.0,10.23,-0.19,-1.03,0.09,14.63,1.3,27.04,506.0,TEST2RR,AKR_TEST2RR,0.0,1.0,1.0,100.0
302760,2,walk,walk,15995,,15995.0,20.0,2.0,6.0,2.0,10.61,-0.007,-0.028,0.881,41.0,25.9,0.0,19.0,3500.0,8.0,10.69,-0.19,-1.03,0.09,14.79,2.28,27.86,506.0,TEST2RR,AKR_TEST2RR,0.0,1.0,1.0,100.0
302780,2,walk,walk,15996,,15996.0,20.0,2.0,6.0,2.0,10.85,-0.007,0.123,0.712,41.0,25.9,0.0,19.0,3500.0,8.0,11.1,-0.2,-1.02,0.1,14.94,3.26,28.24,506.0,TEST2RR,AKR_TEST2RR,0.0,1.0,1.0,100.0
302800,2,walk,walk,15997,,15997.0,20.0,2.0,6.0,2.0,11.12,-0.006,0.14,0.651,41.0,25.9,0.0,19.0,3500.0,8.0,11.43,-0.2,-1.01,0.1,15.02,4.16,28.02,506.0,TEST2RR,AKR_TEST2RR,0.0,1.0,1.0,100.0
302820,2,walk,walk,15998,,15998.0,20.0,1.0,6.0,2.0,11.41,-0.006,0.099,0.617,41.0,25.93,0.0,18.0,3500.0,8.0,11.63,-0.21,-1.0,0.11,14.99,4.84,27.04,506.0,TEST2RR,AKR_TEST2RR,0.0,1.0,1.0,100.0
302820,2,walk,walk,15999,,15999.0,20.0,1.0,6.0,2.0,11.72,-0.005,-0.006,0.496,41.0,25.9,0.0,18.0,3500.0,8.0,11.68,-0.21,-0.99,0.11,14.79,5.2,25.11,506.0,TEST2RR,AKR_TEST2RR,0.0,1.0,1.0,100.0
302840,2,walk,walk,16000,,16000.0,20.0,1.0,6.0,2.0,12.05,-0.005,-0.038,0.45,41.0,25.9,0.0,18.0,3500.0,8.0,11.53,-0.2,-0.98,0.11,14.39,5.18,22.09,506.0,TEST2RR,AKR_TEST2RR,0.0,1.0,1.0,100.0
302860,2,walk,walk,16001,,16001.0,20.0,1.0,6.0,2.0,12.4,-0.004,-0.003,0.43,41.0,25.93,0.0,18.0,3500.0,8.0,11.17,-0.19,-0.97,0.11,13.73,4.84,17.91,506.0,TEST2RR,AKR_TEST2RR,0.0,1.0,1.0,100.0
302880,2,walk,walk,16002,,16002.0,20.0,1.0,6.0,2.0,12.77,-0.004,0.05,0.307,41.0,25.9,0.0,18.0,3500.0,8.0,10.58,-0.18,-0.96,0.11,12.81,4.29,12.57,506.0,TEST2RR,AKR_TEST2RR,0.0,1.0,1.0,100.0
302900,2,walk,walk,16003,,16003.0,20.0,1.0,0.0,5.0,13.13,-0.003,-0.045,0.306,41.0,25.9,0.0,18.0,3500.0,8.0,9.76,-0.16,-0.95,0.11,11.59,3.71,6.09,506.0,TEST2RR,AKR_TEST2RR,0.0,1.0,1.0,100.0
302920,2,walk,walk,16004,,16004.0,20.0,0.0,0.0,6.0,13.49,-0.003,-0.011,0.261,41.0,25.9,0.0,19.0,3500.0,8.0,8.72,-0.14,-0.94,0.11,10.04,3.34,-1.43,506.0,TEST2RR,AKR_TEST2RR,0.0,1.0,1.0,100.0
302940,2,walk,walk,16005,,16005.0,20.0,0.0,0.0,6.0,13.84,-0.003,-0.011,0.261,41.0,25.9,0.0,39.0,3500.0,8.0,7.49,-0.12,-0.93,0.11,8.16,3.45,-9.85,506.0,TEST2RR,AKR_TEST2RR,0.0,1.0,1.0,100.0
302960,2,walk,walk,16006,,16006.0,20.0,0.0,0.0,6.0,14.15,-0.003,-0.011,0.261,41.0,25.9,0.0,59.0,3500.0,8.0,6.09,-0.1,-0.93,0.11,5.97,4.31,-18.98,506.0,TEST2RR,AKR_TEST2RR,0.0,1.0,1.0,100.0
303000,2,walk,walk,16007,,16007.0,20.0,0.0,0.0,6.0,14.43,-0.003,-0.085,0.0,41.0,25.93,0.0,3.0,3500.0,8.0,4.6,-0.07,-0.93,0.1,3.54,6.17,-28.55,506.0,TEST2RR,AKR_TEST2RR,0.0,1.0,1.0,100.0
303000,2,walk,walk,16008,,16008.0,20.0,0.0,0.0,6.0,14.66,-0.003,0.042,0.0,42.0,25.93,0.0,3.0,3500.0,8.0,3.1,-0.05,-0.94,0.1,0.97,9.18,-38.26,506.0,TEST2RR,AKR_TEST2RR,0.0,1.0,1.0,100.0
303020,2,walk,walk,16009,,16009.0,20.0,0.0,0.0,6.0,14.81,-0.002,0.178,0.0,41.0,25.93,0.0,3.0,3500.0,8.0,1.66,-0.03,-0.95,0.1,-1.62,13.4,-47.79,506.0,TEST2RR,AKR_TEST2RR,0.0,1.0,1.0,100.0
303040,2,walk,walk,16010,,16010.0,20.0,0.0,0.0,6.0,14.89,0.002,0.35,0.0,41.0,25.93,0.0,3.0,3500.0,8.0,0.36,-0.01,-0.97,0.1,-4.1,18.72,-56.87,506.0,TEST2RR,AKR_TEST2RR,0.0,1.0,1.0,100.0
303060,2,walk,walk,16011,,16011.0,20.0,0.0,0.0,6.0,14.86,0.01,0.775,0.0,42.0,25.93,0.0,3.0,3500.0,8.0,-0.73,0.01,-0.99,0.09,-6.36,24.87,-65.27,506.0,TEST2RR,AKR_TEST2RR,0.0,1.0,1.0,100.0
303100,2,walk,walk,16012,,16012.0,20.0,0.0,0.0,6.0,14.73,0.026,1.091,0.0,41.0,25.93,0.0,3.0,3500.0,8.0,-1.57,0.03,-1.01,0.08,-8.34,31.43,-72.79,506.0,TEST2RR,AKR_TEST2RR,0.0,1.0,1.0,100.0
303100,2,walk,walk,16013,,16013.0,20.0,0.0,0.0,6.0,14.49,0.042,1.059,0.0,41.0,25.93,0.0,3.0,3500.0,8.0,-2.14,0.04,-1.04,0.07,-9.98,37.84,-79.27,506.0,TEST2RR,AKR_TEST2RR,0.0,1.0,1.0,100.0
303140,2,walk,walk,16014,,16014.0,20.0,0.0,0.0,6.0,14.11,0.056,0.718,0.0,41.0,25.93,0.0,3.0,3500.0,8.0,-2.42,0.04,-1.06,0.06,-11.24,43.55,-84.56,507.0,TEST2RR,AKR_TEST2RR,0.0,1.0,1.0,100.0
303160,2,walk,walk,16015,,16015.0,20.0,0.0,0.0,6.0,13.61,0.065,0.667,0.0,41.0,25.93,0.0,3.0,3500.0,8.0,-2.42,0.05,-1.09,0.05,-12.14,48.07,-88.54,507.0,TEST2RR,AKR_TEST2RR,0.0,1.0,1.0,100.0
303160,2,walk,walk,16016,,16016.0,20.0,0.0,0.0,6.0,12.97,0.075,0.581,0.0,41.0,25.93,0.0,3.0,3500.0,8.0,-2.18,0.04,-1.11,0.04,-12.7,50.98,-91.16,507.0,TEST2RR,AKR_TEST2RR,0.0,1.0,1.0,100.0
303180,2,walk,walk,16017,,16017.0,20.0,0.0,0.0,6.0,12.21,0.08,0.173,0.0,41.0,25.93,0.0,3.0,3500.0,8.0,-1.75,0.03,-1.12,0.03,-12.95,52.06,-92.35,507.0,TEST2RR,AKR_TEST2RR,0.0,1.0,1.0,100.0
303200,2,walk,walk,16018,,16018.0,20.0,0.0,0.0,7.0,11.31,0.082,0.14,0.0,41.0,25.93,0.0,3.0,3500.0,8.0,-1.19,0.02,-1.13,0.03,-12.94,51.29,-92.14,507.0,TEST2RR,AKR_TEST2RR,0.0,1.0,1.0,100.0
303220,2,walk,walk,16019,,16019.0,20.0,0.0,0.0,7.0,10.3,0.083,0.036,0.0,41.0,25.93,0.0,3.0,3500.0,8.0,-0.58,0.01,-1.14,0.02,-12.71,48.88,-90.61,507.0,TEST2RR,AKR_TEST2RR,0.0,1.0,1.0,100.0
303240,2,walk,walk,16020,,16020.0,20.0,0.0,0.0,7.0,9.18,0.086,0.383,0.0,41.0,25.93,0.0,3.0,3500.0,8.0,-0.01,0.0,-1.14,0.02,-12.31,45.18,-87.92,507.0,TEST2RR,AKR_TEST2RR,0.0,1.0,1.0,100.0
303260,2,walk,walk,16021,,16021.0,20.0,0.0,0.0,7.0,7.96,0.092,0.578,0.0,41.0,25.93,0.0,3.0,3500.0,8.0,0.47,-0.01,-1.14,0.01,-11.78,40.65,-84.27,507.0,TEST2RR,AKR_TEST2RR,0.0,1.0,1.0,100.0
303300,2,walk,walk,16022,,16022.0,20.0,0.0,0.0,7.0,6.66,0.103,0.711,0.0,41.0,25.93,0.0,3.0,3500.0,8.0,0.81,-0.02,-1.13,0.02,-11.16,35.8,-79.88,507.0,TEST2RR,AKR_TEST2RR,0.0,1.0,1.0,100.0
303300,2,walk,walk,16023,,16023.0,20.0,0.0,0.0,7.0,5.3,0.11,0.281,0.0,41.0,25.93,0.0,3.0,3500.0,8.0,0.97,-0.02,-1.12,0.02,-10.47,31.03,-74.94,507.0,TEST2RR,AKR_TEST2RR,0.0,1.0,1.0,100.0
303340,2,walk,walk,16024,,16024.0,20.0,0.0,0.0,7.0,3.89,0.112,0.169,0.0,41.0,25.93,0.0,3.0,3500.0,8.0,0.97,-0.02,-1.11,0.03,-9.74,26.69,-69.58,507.0,TEST2RR,AKR_TEST2RR,0.0,1.0,1.0,100.0
303340,2,walk,walk,16025,,16025.0,20.0,0.0,0.0,7.0,2.46,0.112,0.117,0.0,41.0,25.93,0.0,3.0,3500.0,8.0,0.81,-0.02,-1.1,0.04,-8.96,23.05,-63.91,507.0,TEST2RR,AKR_TEST2RR,0.0,1.0,1.0,100.0
303360,2,walk,walk,16026,,16026.0,20.0,0.0,0.0,7.0,1.01,0.114,0.264,0.0,41.0,25.93,0.0,3.0,3500.0,8.0,0.51,-0.01,-1.09,0.05,-8.15,20.26,-58.06,507.0,TEST2RR,AKR_TEST2RR,0.0,1.0,1.0,100.0
303380,2,walk,walk,16027,,16027.0,20.0,0.0,0.0,7.0,-0.44,0.12,0.527,0.0,41.0,25.93,0.0,3.0,3500.0,8.0,0.09,0.0,-1.07,0.05,-7.28,18.32,-52.15,507.0,TEST2RR,AKR_TEST2RR,0.0,1.0,1.0,100.0
303400,2,walk,walk,16028,,16028.0,20.0,0.0,0.0,7.0,-1.86,0.128,0.476,0.0,41.0,25.93,0.0,3.0,3500.0,8.0,-0.42,0.01,-1.06,0.06,-6.39,17.1,-46.3,507.0,TEST2RR,AKR_TEST2RR,0.0,1.0,1.0,100.0
303420,2,walk,walk,16029,,16029.0,20.0,0.0,0.0,7.0,-3.25,0.131,-0.044,0.0,41.0,25.93,0.0,3.0,3500.0,8.0,-0.99,0.02,-1.05,0.07,-5.48,16.42,-40.6,507.0,TEST2RR,AKR_TEST2RR,0.0,1.0,1.0,100.0
303480,2,walk,walk,16030,,16030.0,20.0,0.0,0.0,7.0,-4.59,0.131,0.053,0.0,41.0,25.93,0.0,3.0,3500.0,8.0,-1.58,0.03,-1.04,0.07,-4.59,16.06,-35.07,507.0,TEST2RR,AKR_TEST2RR,0.0,1.0,1.0,100.0
303480,2,walk,walk,16031,,16031.0,20.0,0.0,0.0,7.0,-5.87,0.131,0.046,0.0,41.0,25.93,0.0,3.0,3500.0,8.0,-2.17,0.04,-1.03,0.08,-3.73,15.84,-29.74,507.0,TEST2RR,AKR_TEST2RR,0.0,1.0,1.0,100.0
303480,2,walk,walk,16032,,16032.0,20.0,0.0,0.0,7.0,-7.08,0.131,-0.032,0.0,41.0,25.93,0.0,3.0,3500.0,8.0,-2.76,0.05,-1.02,0.08,-2.94,15.62,-24.66,507.0,TEST2RR,AKR_TEST2RR,0.0,1.0,1.0,100.0
303500,2,walk,walk,16033,,16033.0,20.0,0.0,0.0,7.0,-8.21,0.131,0.045,0.0,41.0,25.93,0.0,3.0,3500.0,8.0,-3.34,0.06,-1.01,0.08,-2.23,15.26,-19.84,507.0,TEST2RR,AKR_TEST2RR,0.0,1.0,1.0,100.0
303520,2,walk,walk,16034,,16034.0,20.0,0.0,0.0,7.0,-9.26,0.131,-0.019,0.0,41.0,25.93,0.0,3.0,3500.0,8.0,-3.91,0.07,-1.01,0.08,-1.63,14.69,-15.34,507.0,TEST2RR,AKR_TEST2RR,0.0,1.0,1.0,100.0
303540,2,walk,walk,16035,,16035.0,20.0,0.0,0.0,7.0,-10.22,0.131,-0.092,0.0,41.0,25.93,0.0,3.0,3500.0,8.0,-4.46,0.08,-1.0,0.08,-1.13,13.88,-11.17,507.0,TEST2RR,AKR_TEST2RR,0.0,1.0,1.0,100.0
303560,2,walk,walk,16036,,16036.0,20.0,0.0,0.0,7.0,-11.1,0.131,-0.081,0.0,41.0,25.93,0.0,3.0,3500.0,8.0,-5.01,0.09,-1.0,0.07,-0.77,12.84,-7.37,507.0,TEST2RR,AKR_TEST2RR,0.0,1.0,1.0,100.0
303580,2,walk,walk,16037,,16037.0,20.0,0.0,0.0,7.0,-11.88,0.131,-0.069,0.0,41.0,25.93,0.0,3.0,3500.0,8.0,-5.52,0.1,-0.99,0.07,-0.53,11.61,-3.92,507.0,TEST2RR,AKR_TEST2RR,0.0,1.0,1.0,100.0
303620,2,walk,walk,16038,,16038.0,20.0,0.0,0.0,1.0,-12.57,0.131,0.001,0.0,41.0,25.93,0.0,3.0,3500.0,8.0,-6.0,0.1,-0.99,0.07,-0.43,10.28,-0.82,507.0,TEST2RR,AKR_TEST2RR,0.0,1.0,1.0,100.0
303640,2,walk,walk,16039,,16039.0,20.0,0.0,0.0,1.0,-13.18,0.131,0.134,0.0,41.0,25.93,0.0,3.0,3500.0,8.0,-6.41,0.11,-0.99,0.07,-0.44,8.88,1.95,507.0,TEST2RR,AKR_TEST2RR,0.0,1.0,1.0,100.0
303640,2,walk,walk,16040,,16040.0,20.0,0.0,0.0,1.0,-13.69,0.131,-0.068,0.0,41.0,25.93,0.0,3.0,3500.0,8.0,-6.72,0.12,-0.98,0.06,-0.57,7.47,4.43,507.0,TEST2RR,AKR_TEST2RR,0.0,1.0,1.0,100.0
303660,2,walk,walk,16041,,16041.0,20.0,0.0,0.0,1.0,-14.12,0.131,0.049,0.0,41.0,25.93,0.0,3.0,3500.0,8.0,-6.88,0.12,-0.98,0.06,-0.78,6.01,6.66,507.0,TEST2RR,AKR_TEST2RR,0.0,1.0,1.0,100.0
303680,2,walk,walk,16042,,16042.0,20.0,0.0,0.0,1.0,-14.47,0.131,-0.017,0.0,41.0,25.93,0.0,3.0,3500.0,8.0,-6.85,0.12,-0.98,0.05,-1.06,4.45,8.75,507.0,TEST2RR,AKR_TEST2RR,0.0,1.0,1.0,100.0
303700,2,walk,walk,16043,,16043.0,20.0,0.0,0.0,1.0,-14.73,0.131,0.003,0.0,41.0,25.93,0.0,3.0,3500.0,8.0,-6.59,0.11,-0.98,0.05,-1.41,2.7,10.79,507.0,TEST2RR,AKR_TEST2RR,0.0,1.0,1.0,100.0
303740,2,walk,walk,16044,,16044.0,20.0,0.0,0.0,1.0,-14.93,0.131,-0.038,0.0,41.0,25.93,0.0,3.0,3500.0,8.0,-6.07,0.1,-0.98,0.04,-1.81,0.63,12.95,507.0,TEST2RR,AKR_TEST2RR,0.0,1.0,1.0,100.0
303740,2,walk,walk,16045,,16045.0,20.0,0.0,0.0,1.0,-15.05,0.131,-0.036,0.0,41.0,25.93,0.0,3.0,3500.0,8.0,-5.3,0.09,-0.98,0.04,-2.25,-1.88,15.36,507.0,TEST2RR,AKR_TEST2RR,0.0,1.0,1.0,100.0
303780,2,walk,walk,16046,,16046.0,20.0,0.0,0.0,1.0,-15.11,0.132,0.495,0.0,41.0,25.93,0.0,3.0,3500.0,8.0,-4.42,0.08,-0.98,0.03,-2.7,-4.96,18.17,507.0,TEST2RR,AKR_TEST2RR,0.0,1.0,1.0,100.0
303780,2,walk,walk,16047,,16047.0,20.0,0.0,0.0,1.0,-15.1,0.146,0.805,0.0,41.0,25.93,0.0,3.0,3500.0,8.0,-3.78,0.07,-0.99,0.02,-3.07,-8.79,21.14,507.0,TEST2RR,AKR_TEST2RR,0.0,1.0,1.0,100.0
303800,2,walk,walk,16048,,16048.0,20.0,0.0,0.0,1.0,-15.04,0.152,1.429,0.0,41.0,25.93,0.0,3.0,3500.0,8.0,-3.83,0.07,-0.99,0.02,-3.15,-13.61,23.51,507.0,TEST2RR,AKR_TEST2RR,0.0,1.0,1.0,100.0
303820,2,walk,walk,16049,,16049.0,20.0,0.0,0.0,1.0,-14.91,0.192,3.457,0.0,41.0,25.93,0.0,3.0,3500.0,8.0,-4.89,0.09,-1.0,0.01,-2.92,-19.69,24.67,507.0,TEST2RR,AKR_TEST2RR,0.0,1.0,1.0,100.0
303840,2,walk,walk,16050,,16050.0,20.0,0.0,0.0,1.0,-14.73,0.244,2.833,0.0,41.0,25.93,0.0,3.0,3500.0,8.0,-6.85,0.12,-1.01,0.01,-2.46,-26.9,24.36,507.0,TEST2RR,AKR_TEST2RR,0.0,1.0,1.0,100.0
303860,2,walk,walk,16051,,16051.0,20.0,0.0,0.0,1.0,-14.5,0.265,-0.887,0.0,41.0,25.93,0.0,3.0,3500.0,8.0,-9.31,0.17,-1.02,0.01,-2.05,-34.51,22.74,507.0,TEST2RR,AKR_TEST2RR,0.0,1.0,1.0,100.0
303880,2,walk,walk,16052,,16052.0,20.0,0.0,0.0,1.0,-14.22,0.243,-1.954,0.0,41.0,25.93,0.0,3.0,3500.0,8.0,-11.8,0.21,-1.02,0.02,-1.86,-41.54,20.51,507.0,TEST2RR,AKR_TEST2RR,0.0,1.0,1.0,100.0
303900,2,walk,walk,16053,,16053.0,20.0,0.0,0.0,1.0,-13.91,0.217,-1.221,0.0,41.0,25.93,0.0,3.0,3500.0,8.0,-14.03,0.26,-1.02,0.02,-1.92,-47.21,18.5,507.0,TEST2RR,AKR_TEST2RR,0.0,1.0,1.0,100.0
303920,2,walk,walk,16054,,16054.0,20.0,0.0,0.0,1.0,-13.56,0.201,-1.055,0.0,41.0,25.93,0.0,3.0,3500.0,8.0,-15.83,0.29,-1.03,0.02,-2.08,-51.02,17.21,507.0,TEST2RR,AKR_TEST2RR,0.0,1.0,1.0,100.0
303960,2,walk,walk,16055,,16055.0,20.0,0.0,0.0,1.0,-13.2,0.183,-1.464,0.0,41.0,25.93,0.0,3.0,3500.0,8.0,-17.12,0.32,-1.03,0.01,-2.11,-52.87,16.87,507.0,TEST2RR,AKR_TEST2RR,0.0,1.0,1.0,100.0
303960,2,walk,walk,16056,,16056.0,20.0,0.0,0.0,1.0,-12.82,0.163,-1.356,0.0,41.0,25.93,0.0,3.0,3500.0,8.0,-17.91,0.34,-1.04,0.01,-1.86,-52.93,17.56,507.0,TEST2RR,AKR_TEST2RR,0.0,1.0,1.0,100.0
303980,2,walk,walk,16057,,16057.0,20.0,0.0,0.0,1.0,-12.44,0.142,-1.24,0.0,41.0,25.93,0.0,3.0,3500.0,8.0,-18.26,0.34,-1.04,0.0,-1.26,-51.43,19.25,507.0,TEST2RR,AKR_TEST2RR,0.0,1.0,1.0,100.0
304000,2,walk,walk,16058,,16058.0,20.0,0.0,0.0,1.0,-12.07,0.12,-1.365,0.0,41.0,25.93,0.0,3.0,3500.0,8.0,-18.23,0.34,-1.05,0.0,-0.37,-48.64,21.79,507.0,TEST2RR,AKR_TEST2RR,0.0,1.0,1.0,100.0
304020,2,walk,walk,16059,,16059.0,20.0,0.0,0.0,1.0,-11.7,0.1,-1.231,0.0,41.0,25.93,0.0,3.0,3500.0,8.0,-17.86,0.34,-1.05,-0.01,0.69,-44.89,24.93,507.0,TEST2RR,AKR_TEST2RR,0.0,1.0,1.0,100.0
304060,2,walk,walk,16060,,16060.0,20.0,0.0,0.0,1.0,-11.34,0.083,-1.229,0.0,41.0,25.93,0.0,3.0,3500.0,8.0,-17.2,0.32,-1.05,-0.01,1.77,-40.52,28.37,507.0,TEST2RR,AKR_TEST2RR,0.0,1.0,1.0,100.0
304060,2,walk,walk,16061,,16061.0,20.0,0.0,0.0,1.0,-10.99,0.067,-0.867,0.0,41.0,25.93,0.0,3.0,3500.0,8.0,-16.29,0.3,-1.04,-0.01,2.76,-35.89,31.81,507.0,TEST2RR,AKR_TEST2RR,0.0,1.0,1.0,100.0
304100,2,walk,walk,16062,,16062.0,20.0,0.0,0.0,1.0,-10.65,0.054,-1.019,0.0,41.0,25.93,0.0,3.0,3500.0,8.0,-15.18,0.28,-1.04,-0.01,3.57,-31.27,34.95,508.0,TEST2RR,AKR_TEST2RR,0.0,1.0,1.0,100.0
304120,2,walk,walk,16063,,16063.0,20.0,0.0,0.0,1.0,-10.3,0.04,-0.797,0.0,41.0,25.97,0.0,3.0,3500.0,8.0,-13.92,0.26,-1.03,-0.01,4.16,-26.86,37.6,508.0,TEST2RR,AKR_TEST2RR,0.0,1.0,1.0,100.0
304120,2,walk,walk,16064,,16064.0,20.0,0.0,0.0,1.0,-9.96,0.028,-1.114,0.0,41.0,25.93,0.0,3.0,3500.0,8.0,-12.55,0.23,-1.03,0.0,4.52,-22.75,39.64,508.0,TEST2RR,AKR_TEST2RR,0.0,1.0,1.0,100.0
304140,2,walk,walk,16065,,16065.0,20.0,0.0,0.0,1.0,-9.6,0.014,-0.644,0.0,41.0,25.93,0.0,3.0,3500.0,8.0,-11.14,0.2,-1.03,0.0,4.68,-19.04,41.07,508.0,TEST2RR,AKR_TEST2RR,0.0,1.0,1.0,100.0
304180,2,walk,walk,16066,,16066.0,20.0,0.0,0.0,1.0,-9.23,0.002,-1.09,0.0,41.0,25.93,0.0,3.0,3500.0,8.0,-9.73,0.18,-1.02,0.0,4.65,-15.72,41.94,508.0,TEST2RR,AKR_TEST2RR,0.0,1.0,1.0,100.0
304180,2,walk,walk,16067,,16067.0,20.0,0.0,0.0,1.0,-8.84,-0.01,-0.538,0.0,41.0,25.93,0.0,3.0,3500.0,8.0,-8.35,0.15,-1.02,0.0,4.48,-12.79,42.36,508.0,TEST2RR,AKR_TEST2RR,0.0,1.0,1.0,100.0
304200,2,walk,walk,16068,,16068.0,20.0,0.0,0.0,1.0,-8.43,-0.02,-0.855,0.0,41.0,25.93,0.0,3.0,3500.0,8.0,-7.01,0.13,-1.02,0.0,4.19,-10.26,42.37,508.0,TEST2RR,AKR_TEST2RR,0.0,1.0,1.0,100.0
304220,2,walk,walk,16069,,16069.0,20.0,0.0,0.0,1.0,-7.99,-0.031,-0.37,0.0,41.0,25.93,0.0,3.0,3500.0,8.0,-5.73,0.1,-1.02,0.0,3.81,-8.08,42.04,508.0,TEST2RR,AKR_TEST2RR,0.0,1.0,1.0,100.0
304260,2,walk,walk,16070,,16070.0,20.0,0.0,0.0,1.0,-7.52,-0.035,-0.177,0.0,41.0,25.93,0.0,3.0,3500.0,8.0,-4.51,0.08,-1.02,0.0,3.37,-6.2,41.35,508.0,TEST2RR,AKR_TEST2RR,0.0,1.0,1.0,100.0
304260,2,walk,walk,16071,,16071.0,20.0,0.0,0.0,1.0,-7.02,-0.036,0.08,0.0,41.0,25.93,0.0,3.0,3500.0,8.0,-3.33,0.06,-1.01,0.01,2.89,-4.61,40.22,508.0,TEST2RR,AKR_TEST2RR,0.0,1.0,1.0,100.0
304280,2,walk,walk,16072,,16072.0,20.0,0.0,6.0,2.0,-6.49,-0.035,0.077,0.0,41.0,25.93,0.0,3.0,3500.0,8.0,-2.2,0.04,-1.01,0.01,2.33,-3.25,38.57,508.0,TEST2RR,AKR_TEST2RR,0.0,1.0,1.0,100.0
304300,2,walk,walk,16073,,16073.0,20.0,0.0,6.0,2.0,-5.93,-0.035,0.207,-0.063,41.0,25.9,0.0,18.0,3500.0,8.0,-1.11,0.02,-1.01,0.01,1.67,-2.14,36.28,508.0,TEST2RR,AKR_TEST2RR,0.0,1.0,1.0,100.0
304320,2,walk,walk,16074,,16074.0,20.0,0.0,6.0,2.0,-5.35,-0.022,0.822,0.386,41.0,25.9,0.0,18.0,3500.0,8.0,-0.06,0.0,-1.01,0.01,0.84,-1.3,33.22,508.0,TEST2RR,AKR_TEST2RR,0.0,1.0,1.0,100.0
304340,2,walk,walk,16075,,16075.0,20.0,0.0,6.0,2.0,-4.75,-0.01,0.724,0.138,41.0,25.9,0.0,18.0,3500.0,8.0,0.89,-0.02,-1.01,0.01,-0.18,-0.66,29.41,508.0,TEST2RR,AKR_TEST2RR,0.0,1.0,1.0,100.0
304380,2,walk,walk,16076,,16076.0,20.0,1.0,6.0,2.0,-4.14,-0.006,0.202,0.122,41.0,25.9,0.0,19.0,3500.0,8.0,1.73,-0.03,-1.01,0.01,-1.45,-0.15,25.02,508.0,TEST2RR,AKR_TEST2RR,0.0,1.0,1.0,100.0
304400,2,walk,walk,16077,,16077.0,20.0,0.0,6.0,2.0,-3.51,-0.003,0.131,-0.051,41.0,25.93,0.0,18.0,3500.0,8.0,2.41,-0.04,-1.01,0.01,-2.92,0.29,20.33,508.0,TEST2RR,AKR_TEST2RR,0.0,1.0,1.0,100.0
304400,2,walk,walk,16078,,16078.0,20.0,1.0,6.0,2.0,-2.89,-0.001,0.053,-0.274,41.0,25.9,0.0,19.0,3500.0,8.0,2.92,-0.05,-1.0,0.01,-4.51,0.69,15.6,508.0,TEST2RR,AKR_TEST2RR,0.0,1.0,1.0,100.0
304440,2,walk,walk,16079,,16079.0,20.0,1.0,6.0,2.0,-2.27,0.001,0.112,-0.458,41.0,25.93,0.0,19.0,3500.0,8.0,3.25,-0.06,-1.01,0.01,-6.08,1.04,11.12,508.0,TEST2RR,AKR_TEST2RR,0.0,1.0,1.0,100.0
304460,2,walk,walk,16080,,16080.0,20.0,1.0,6.0,2.0,-1.66,0.002,0.064,-0.502,41.0,25.93,0.0,19.0,3500.0,8.0,3.42,-0.06,-1.01,0.01,-7.47,1.33,7.1,508.0,TEST2RR,AKR_TEST2RR,0.0,1.0,1.0,100.0
304460,2,walk,walk,16081,,16081.0,20.0,1.0,6.0,2.0,-1.07,0.003,-0.025,-0.482,41.0,25.9,0.0,19.0,3500.0,8.0,3.45,-0.06,-1.01,0.0,-8.53,1.57,3.7,508.0,TEST2RR,AKR_TEST2RR,0.0,1.0,1.0,100.0
304500,2,walk,walk,16082,,16082.0,20.0,1.0,6.0,2.0,-0.51,0.003,-0.015,-0.438,41.0,25.9,0.0,19.0,3500.0,8.0,3.38,-0.06,-1.01,-0.01,-9.17,1.74,0.99,508.0,TEST2RR,AKR_TEST2RR,0.0,1.0,1.0,100.0
304500,2,walk,walk,16083,,16083.0,20.0,1.0,6.0,2.0,0.01,0.003,-0.069,-0.369,41.0,25.93,0.0,19.0,3500.0,8.0,3.24,-0.06,-1.02,-0.01,-9.38,1.83,-1.03,508.0,TEST2RR,AKR_TEST2RR,0.0,1.0,1.0,100.0
304520,2,walk,walk,16084,,16084.0,20.0,1.0,6.0,2.0,0.5,0.002,-0.05,-0.32,41.0,25.93,0.0,19.0,3500.0,8.0,3.06,-0.05,-1.02,-0.02,-9.18,1.86,-2.39,508.0,TEST2RR,AKR_TEST2RR,0.0,1.0,1.0,100.0
304540,2,walk,walk,16085,,16085.0,20.0,1.0,6.0,2.0,0.94,0.002,-0.026,-0.124,41.0,25.93,0.0,19.0,3500.0,8.0,2.86,-0.05,-1.02,-0.03,-8.63,1.81,-3.17,508.0,TEST2RR,AKR_TEST2RR,0.0,1.0,1.0,100.0
304560,2,walk,walk,16086,,16086.0,20.0,1.0,6.0,2.0,1.34,0.001,-0.06,0.018,41.0,25.93,0.0,19.0,3500.0,8.0,2.64,-0.05,-1.03,-0.04,-7.79,1.69,-3.39,508.0,TEST2RR,AKR_TEST2RR,0.0,1.0,1.0,100.0
304600,2,walk,walk,16087,,16087.0,20.0,1.0,6.0,2.0,1.69,-0.001,-0.174,0.337,41.0,25.93,0.0,19.0,3500.0,8.0,2.43,-0.04,-1.03,-0.04,-6.72,1.5,-3.08,508.0,TEST2RR,AKR_TEST2RR,0.0,1.0,1.0,100.0
304600,2,walk,walk,16088,,16088.0,20.0,1.0,6.0,2.0,1.99,-0.004,-0.26,0.842,41.0,25.93,0.0,19.0,3500.0,8.0,2.21,-0.04,-1.03,-0.05,-5.49,1.2,-2.26,508.0,TEST2RR,AKR_TEST2RR,0.0,1.0,1.0,100.0
304620,2,walk,walk,16089,,16089.0,20.0,1.0,6.0,2.0,2.25,-0.009,-0.322,1.414,41.0,25.9,0.0,19.0,3500.0,8.0,2.01,-0.04,-1.03,-0.05,-4.14,0.74,-0.92,508.0,TEST2RR,AKR_TEST2RR,0.0,1.0,1.0,100.0
304640,2,walk,walk,16090,,16090.0,20.0,1.0,6.0,2.0,2.46,-0.015,-0.393,2.033,41.0,25.86,0.0,19.0,3500.0,8.0,1.82,-0.03,-1.03,-0.05,-2.69,0.15,0.89,508.0,TEST2RR,AKR_TEST2RR,0.0,1.0,1.0,100.0
304660,2,walk,walk,16091,,16091.0,20.0,1.0,6.0,2.0,2.64,-0.02,-0.299,2.605,41.0,25.83,0.0,19.0,3500.0,8.0,1.69,-0.03,-1.03,-0.06,-1.14,-0.54,3.08,508.0,TEST2RR,AKR_TEST2RR,0.0,1.0,1.0,100.0
304700,2,walk,walk,16092,,16092.0,20.0,1.0,6.0,2.0,2.78,-0.023,-0.134,2.904,41.0,25.79,0.0,19.0,3500.0,8.0,1.65,-0.03,-1.04,-0.06,0.52,-1.24,5.45,508.0,TEST2RR,AKR_TEST2RR,0.0,1.0,1.0,100.0
304700,2,walk,walk,16093,,16093.0,20.0,1.0,6.0,2.0,2.9,-0.025,-0.135,3.021,41.0,25.76,0.0,19.0,3500.0,8.0,1.71,-0.03,-1.04,-0.06,2.25,-1.91,7.77,508.0,TEST2RR,AKR_TEST2RR,0.0,1.0,1.0,100.0
304740,2,walk,walk,16094,,16094.0,20.0,1.0,6.0,2.0,3.0,-0.026,-0.017,3.088,41.0,25.72,0.0,19.0,3500.0,8.0,1.88,-0.03,-1.04,-0.06,4.0,-2.49,9.85,508.0,TEST2RR,AKR_TEST2RR,0.0,1.0,1.0,100.0
304740,2,walk,walk,16095,,16095.0,20.0,1.0,6.0,2.0,3.08,-0.026,-0.025,3.176,41.0,25.72,0.0,19.0,3500.0,8.0,2.14,-0.04,-1.04,-0.06,5.71,-2.92,11.56,508.0,TEST2RR,AKR_TEST2RR,0.0,1.0,1.0,100.0
304780,2,walk,walk,16096,,16096.0,20.0,1.0,6.0,2.0,3.16,-0.026,-0.072,3.117,41.0,25.72,0.0,19.0,3500.0,8.0,2.48,-0.04,-1.03,-0.06,7.33,-3.21,12.81,508.0,TEST2RR,AKR_TEST2RR,0.0,1.0,1.0,100.0
304780,2,walk,walk,16097,,16097.0,20.0,1.0,6.0,2.0,3.23,-0.026,0.002,3.148,41.0,25.72,0.0,19.0,3500.0,8.0,2.87,-0.05,-1.03,-0.05,8.82,-3.36,13.57,508.0,TEST2RR,AKR_TEST2RR,0.0,1.0,1.0,100.0
304800,2,walk,walk,16098,,16098.0,20.0,1.0,6.0,2.0,3.31,-0.026,-0.052,3.084,41.0,25.72,0.0,19.0,3500.0,8.0,3.29,-0.06,-1.03,-0.05,10.11,-3.38,13.87,508.0,TEST2RR,AKR_TEST2RR,0.0,1.0,1.0,100.0
304840,2,walk,walk,16099,,16099.0,20.0,1.0,6.0,2.0,3.39,-0.026,-0.112,3.099,41.0,25.72,0.0,19.0,3500.0,8.0,3.71,-0.07,-1.03,-0.04,11.18,-3.27,13.79,508.0,TEST2RR,AKR_TEST2RR,0.0,1.0,1.0,100.0
304840,2,walk,walk,16100,,16100.0,20.0,1.0,6.0,2.0,3.49,-0.026,-0.014,3.123,41.0,25.72,0.0,19.0,3500.0,8.0,4.11,-0.07,-1.02,-0.04,12.0,-3.07,13.39,508.0,TEST2RR,AKR_TEST2RR,0.0,1.0,1.0,100.0
304860,2,walk,walk,16101,,16101.0,20.0,1.0,6.0,2.0,3.59,-0.025,0.122,3.058,41.0,25.76,0.0,19.0,3500.0,8.0,4.48,-0.08,-1.02,-0.03,12.58,-2.78,12.75,508.0,TEST2RR,AKR_TEST2RR,0.0,1.0,1.0,100.0
304900,2,walk,walk,16102,,16102.0,20.0,1.0,6.0,2.0,3.71,-0.025,0.023,3.039,41.0,25.72,0.0,19.0,3500.0,8.0,4.81,-0.09,-1.02,-0.03,12.92,-2.45,11.96,508.0,TEST2RR,AKR_TEST2RR,0.0,1.0,1.0,100.0
304900,2,walk,walk,16103,,16103.0,20.0,1.0,6.0,2.0,3.84,-0.025,0.058,3.05,41.0,25.72,0.0,19.0,3500.0,8.0,5.1,-0.09,-1.02,-0.02,13.07,-2.1,11.1,508.0,TEST2RR,AKR_TEST2RR,0.0,1.0,1.0,100.0
304920,2,walk,walk,16104,,16104.0,20.0,1.0,6.0,2.0,3.98,-0.025,0.038,3.107,41.0,25.76,0.0,19.0,3500.0,8.0,5.35,-0.1,-1.02,-0.01,13.07,-1.75,10.23,508.0,TEST2RR,AKR_TEST2RR,0.0,1.0,1.0,100.0
304940,2,walk,walk,16105,,16105.0,20.0,1.0,6.0,2.0,4.14,-0.026,-0.018,3.106,41.0,25.72,0.0,19.0,3500.0,8.0,5.57,-0.1,-1.02,-0.01,12.96,-1.43,9.39,508.0,TEST2RR,AKR_TEST2RR,0.0,1.0,1.0,100.0
304960,2,walk,walk,16106,,16106.0,20.0,1.0,6.0,2.0,4.3,-0.026,0.028,3.103,41.0,25.72,0.0,19.0,3500.0,8.0,5.75,-0.1,-1.02,0.0,12.78,-1.15,8.64,508.0,TEST2RR,AKR_TEST2RR,0.0,1.0,1.0,100.0
304980,2,walk,walk,16107,,16107.0,20.0,1.0,6.0,2.0,4.47,-0.027,-0.038,3.17,41.0,25.72,0.0,19.0,3500.0,8.0,5.91,-0.11,-1.02,0.0,12.56,-0.9,7.97,508.0,TEST2RR,AKR_TEST2RR,0.0,1.0,1.0,100.0
305020,2,walk,walk,16108,,16108.0,20.0,1.0,6.0,2.0,4.65,-0.027,0.009,3.264,41.0,25.72,0.0,19.0,3500.0,8.0,6.04,-0.11,-1.02,0.01,12.31,-0.71,7.41,508.0,TEST2RR,AKR_TEST2RR,0.0,1.0,1.0,100.0
305040,2,walk,walk,16109,,16109.0,20.0,1.0,6.0,2.0,4.83,-0.027,-0.042,3.238,41.0,25.69,0.0,19.0,3500.0,8.0,6.16,-0.11,-1.02,0.01,12.02,-0.56,6.93,509.0,TEST2RR,AKR_TEST2RR,0.0,1.0,1.0,100.0
305060,2,walk,walk,16110,,16110.0,20.0,1.0,6.0,2.0,5.0,-0.027,-0.007,3.236,41.0,25.72,0.0,19.0,3500.0,8.0,6.27,-0.11,-1.02,0.01,11.67,-0.45,6.51,509.0,TEST2RR,AKR_TEST2RR,0.0,1.0,1.0,100.0
305060,2,walk,walk,16111,,16111.0,20.0,1.0,6.0,2.0,5.18,-0.027,-0.007,3.229,41.0,25.72,0.0,19.0,3500.0,8.0,6.38,-0.11,-1.01,0.02,11.22,-0.36,6.14,509.0,TEST2RR,AKR_TEST2RR,0.0,1.0,1.0,100.0
305080,2,walk,walk,16112,,16112.0,20.0,1.0,6.0,2.0,5.36,-0.027,0.07,3.23,41.0,25.72,0.0,19.0,3500.0,8.0,6.49,-0.12,-1.01,0.02,10.65,-0.28,5.78,509.0,TEST2RR,AKR_TEST2RR,0.0,1.0,1.0,100.0
305100,2,walk,walk,16113,,16113.0,20.0,1.0,6.0,2.0,5.53,-0.027,-0.033,3.258,41.0,25.72,0.0,19.0,3500.0,8.0,6.59,-0.12,-1.01,0.03,9.97,-0.2,5.42,509.0,TEST2RR,AKR_TEST2RR,0.0,1.0,1.0,100.0
305120,2,walk,walk,16114,,16114.0,20.0,1.0,6.0,2.0,5.7,-0.027,-0.015,3.186,41.0,25.72,0.0,19.0,3500.0,8.0,6.7,-0.12,-1.01,0.03,9.17,-0.11,5.04,509.0,TEST2RR,AKR_TEST2RR,0.0,1.0,1.0,100.0
305140,2,walk,walk,16115,,16115.0,20.0,1.0,6.0,2.0,5.86,-0.027,-0.009,3.199,41.0,25.72,0.0,19.0,3500.0,8.0,6.8,-0.12,-1.01,0.04,8.3,-0.01,4.64,509.0,TEST2RR,AKR_TEST2RR,0.0,1.0,1.0,100.0
305200,2,walk,walk,16116,,16116.0,20.0,1.0,6.0,2.0,6.02,-0.026,0.038,3.133,41.0,25.72,0.0,19.0,3500.0,8.0,6.9,-0.12,-1.01,0.04,7.39,0.09,4.21,509.0,TEST2RR,AKR_TEST2RR,0.0,1.0,1.0,100.0
305220,2,walk,walk,16117,,16117.0,20.0,1.0,6.0,2.0,6.17,-0.026,-0.01,3.122,41.0,25.72,0.0,19.0,3500.0,8.0,7.0,-0.12,-1.01,0.04,6.46,0.19,3.76,509.0,TEST2RR,AKR_TEST2RR,0.0,1.0,1.0,100.0
305220,2,walk,walk,16118,,16118.0,20.0,1.0,6.0,2.0,6.31,-0.026,0.068,2.981,41.0,25.72,0.0,19.0,3500.0,8.0,7.07,-0.13,-1.01,0.04,5.54,0.29,3.29,509.0,TEST2RR,AKR_TEST2RR,0.0,1.0,1.0,100.0
305240,2,walk,walk,16119,,16119.0,20.0,1.0,6.0,2.0,6.44,-0.026,-0.042,3.036,41.0,25.72,0.0,19.0,3500.0,8.0,7.14,-0.13,-1.01,0.05,4.68,0.38,2.83,509.0,TEST2RR,AKR_TEST2RR,0.0,1.0,1.0,100.0
305260,2,walk,walk,16120,,16120.0,20.0,1.0,6.0,2.0,6.57,-0.025,0.132,3.057,41.0,25.72,0.0,19.0,3500.0,8.0,7.18,-0.13,-1.01,0.05,3.87,0.47,2.38,509.0,TEST2RR,AKR_TEST2RR,0.0,1.0,1.0,100.0
305260,2,walk,walk,16121,,16121.0,20.0,1.0,6.0,2.0,6.69,-0.025,-0.03,3.064,41.0,25.72,0.0,19.0,3500.0,8.0,7.22,-0.13,-1.01,0.05,3.16,0.53,1.97,509.0,TEST2RR,AKR_TEST2RR,0.0,1.0,1.0,100.0
305280,2,walk,walk,16122,,16122.0,20.0,1.0,6.0,2.0,6.8,-0.025,-0.007,3.036,41.0,25.76,0.0,19.0,3500.0,8.0,7.23,-0.13,-1.01,0.05,2.56,0.56,1.61,509.0,TEST2RR,AKR_TEST2RR,0.0,1.0,1.0,100.0
305320,2,walk,walk,16123,,16123.0,20.0,1.0,6.0,2.0,6.9,-0.025,-0.064,3.037,41.0,25.72,0.0,19.0,3500.0,8.0,7.22,-0.13,-1.01,0.05,2.07,0.54,1.34,509.0,TEST2RR,AKR_TEST2RR,0.0,1.0,1.0,100.0
305320,2,walk,walk,16124,,16124.0,20.0,1.0,6.0,2.0,7.0,-0.026,-0.046,3.203,41.0,25.72,0.0,19.0,3500.0,8.0,7.2,-0.13,-1.01,0.04,1.69,0.48,1.18,509.0,TEST2RR,AKR_TEST2RR,0.0,1.0,1.0,100.0
305340,2,walk,walk,16125,,16125.0,20.0,1.0,6.0,2.0,7.09,-0.027,-0.058,3.205,41.0,25.72,0.0,19.0,3500.0,8.0,7.16,-0.13,-1.01,0.04,1.41,0.36,1.16,509.0,TEST2RR,AKR_TEST2RR,0.0,1.0,1.0,100.0
305400,2,walk,walk,16126,,16126.0,20.0,1.0,6.0,2.0,7.17,-0.028,-0.08,3.389,41.0,25.69,0.0,19.0,3500.0,8.0,7.11,-0.13,-1.02,0.04,1.17,0.16,1.29,509.0,TEST2RR,AKR_TEST2RR,0.0,1.0,1.0,100.0
305400,2,walk,walk,16127,,16127.0,20.0,1.0,6.0,2.0,7.24,-0.029,-0.113,3.601,41.0,25.69,0.0,19.0,3500.0,8.0,7.06,-0.13,-1.02,0.04,0.94,-0.12,1.59,509.0,TEST2RR,AKR_TEST2RR,0.0,1.0,1.0,100.0
305400,2,walk,walk,16128,,16128.0,20.0,1.0,6.0,2.0,7.3,-0.031,-0.132,3.881,41.0,25.65,0.0,19.0,3500.0,8.0,7.0,-0.12,-1.02,0.04,0.66,-0.48,2.09,509.0,TEST2RR,AKR_TEST2RR,0.0,1.0,1.0,100.0
305440,2,walk,walk,16129,,16129.0,20.0,2.0,6.0,2.0,7.36,-0.033,-0.198,4.166,41.0,25.58,0.0,20.0,3500.0,8.0,6.95,-0.12,-1.02,0.04,0.28,-0.89,2.78,509.0,TEST2RR,AKR_TEST2RR,0.0,1.0,1.0,100.0
305440,2,walk,walk,16130,,16130.0,20.0,2.0,6.0,2.0,7.41,-0.036,-0.236,4.499,41.0,25.54,0.0,20.0,3500.0,8.0,6.91,-0.12,-1.02,0.04,-0.24,-1.38,3.66,509.0,TEST2RR,AKR_TEST2RR,0.0,1.0,1.0,100.0
305460,2,walk,walk,16131,,16131.0,20.0,2.0,6.0,2.0,7.46,-0.038,-0.105,4.582,41.0,25.51,0.0,20.0,3500.0,8.0,6.89,-0.12,-1.02,0.04,-0.94,-2.03,4.66,509.0,TEST2RR,AKR_TEST2RR,0.0,1.0,1.0,100.0
305500,2,walk,walk,16132,,16132.0,20.0,2.0,6.0,2.0,7.51,-0.038,0.036,4.555,41.0,25.51,0.0,20.0,3500.0,8.0,6.9,-0.12,-1.02,0.04,-1.87,-3.0,5.74,509.0,TEST2RR,AKR_TEST2RR,0.0,1.0,1.0,100.0
305500,2,walk,walk,16133,,16133.0,20.0,2.0,6.0,2.0,7.55,-0.037,0.124,4.508,41.0,25.54,0.0,20.0,3500.0,8.0,6.95,-0.12,-1.02,0.03,-3.04,-4.57,6.8,509.0,TEST2RR,AKR_TEST2RR,0.0,1.0,1.0,100.0
305540,2,walk,walk,16134,,16134.0,20.0,2.0,6.0,2.0,7.6,-0.036,0.065,4.219,41.0,25.58,0.0,20.0,3500.0,8.0,7.03,-0.13,-1.03,0.02,-4.39,-7.02,7.78,509.0,TEST2RR,AKR_TEST2RR,0.0,1.0,1.0,100.0
305560,2,walk,walk,16135,,16135.0,20.0,2.0,6.0,2.0,7.65,-0.033,0.295,3.699,41.0,25.62,0.0,19.0,3500.0,8.0,7.12,-0.13,-1.03,0.01,-5.86,-10.55,8.62,509.0,TEST2RR,AKR_TEST2RR,0.0,1.0,1.0,100.0
305560,2,walk,walk,16136,,16136.0,20.0,2.0,6.0,2.0,7.7,-0.029,0.185,3.202,41.0,25.72,0.0,19.0,3500.0,8.0,7.2,-0.13,-1.03,-0.01,-7.34,-15.24,9.33,509.0,TEST2RR,AKR_TEST2RR,0.0,1.0,1.0,100.0
305580,2,walk,walk,16137,,16137.0,20.0,2.0,6.0,2.0,7.76,-0.025,0.205,2.8,41.0,25.72,0.0,19.0,3500.0,8.0,7.26,-0.13,-1.04,-0.03,-8.74,-21.0,9.93,509.0,TEST2RR,AKR_TEST2RR,0.0,1.0,1.0,100.0
305600,2,walk,walk,16138,,16138.0,20.0,1.0,6.0,2.0,7.82,-0.022,0.138,2.458,41.0,25.79,0.0,18.0,3500.0,8.0,7.28,-0.13,-1.04,-0.05,-9.99,-27.58,10.49,509.0,TEST2RR,AKR_TEST2RR,0.0,1.0,1.0,100.0
305620,2,walk,walk,16139,,16139.0,20.0,0.0,6.0,2.0,7.89,-0.019,0.229,2.111,41.0,25.83,0.0,17.0,3500.0,8.0,7.26,-0.13,-1.05,-0.07,-11.03,-34.64,11.05,509.0,TEST2RR,AKR_TEST2RR,0.0,1.0,1.0,100.0
305680,2,walk,walk,16140,,16140.0,20.0,1.0,6.0,2.0,7.97,-0.016,0.305,1.756,41.0,25.86,0.0,18.0,3500.0,8.0,7.21,-0.13,-1.05,-0.08,-11.81,-41.79,11.64,509.0,TEST2RR,AKR_TEST2RR,0.0,1.0,1.0,100.0
305700,2,walk,walk,16141,,16141.0,20.0,1.0,6.0,2.0,8.07,-0.012,0.245,1.38,41.0,25.86,0.0,18.0,3500.0,8.0,7.14,-0.13,-1.05,-0.08,-12.26,-48.63,12.28,509.0,TEST2RR,AKR_TEST2RR,0.0,1.0,1.0,100.0
305720,2,walk,walk,16142,,16142.0,20.0,1.0,6.0,2.0,8.17,-0.009,0.195,1.092,41.0,25.9,0.0,18.0,3500.0,8.0,7.07,-0.13,-1.05,-0.08,-12.37,-54.74,12.99,509.0,TEST2RR,AKR_TEST2RR,0.0,1.0,1.0,100.0
305720,2,walk,walk,16143,,16143.0,20.0,0.0,6.0,2.0,8.28,-0.007,0.15,0.82,41.0,25.9,0.0,17.0,3500.0,8.0,7.02,-0.13,-1.05,-0.08,-12.09,-59.78,13.78,509.0,TEST2RR,AKR_TEST2RR,0.0,1.0,1.0,100.0
305720,2,walk,walk,16144,,16144.0,20.0,1.0,6.0,2.0,8.4,-0.006,0.15,0.473,41.0,25.93,0.0,18.0,3500.0,8.0,7.03,-0.13,-1.05,-0.07,-11.44,-63.48,14.63,509.0,TEST2RR,AKR_TEST2RR,0.0,1.0,1.0,100.0
305740,2,walk,walk,16145,,16145.0,20.0,1.0,6.0,2.0,8.53,-0.004,0.061,0.249,41.0,25.93,0.0,18.0,3500.0,8.0,7.13,-0.13,-1.05,-0.05,-10.43,-65.67,15.44,509.0,TEST2RR,AKR_TEST2RR,0.0,1.0,1.0,100.0
305760,2,walk,walk,16146,,16146.0,20.0,1.0,6.0,2.0,8.67,-0.003,0.08,0.185,41.0,25.9,0.0,18.0,3500.0,8.0,7.35,-0.14,-1.05,-0.03,-9.12,-66.27,16.12,509.0,TEST2RR,AKR_TEST2RR,0.0,1.0,1.0,100.0
305780,2,walk,walk,16147,,16147.0,20.0,1.0,6.0,2.0,8.82,-0.002,0.079,0.025,41.0,25.93,0.0,18.0,3500.0,8.0,7.72,-0.14,-1.04,-0.01,-7.56,-65.28,16.58,509.0,TEST2RR,AKR_TEST2RR,0.0,1.0,1.0,100.0
305800,2,walk,walk,16148,,16148.0,20.0,1.0,6.0,2.0,8.99,-0.001,0.007,-0.021,41.0,25.93,0.0,18.0,3500.0,8.0,8.25,-0.15,-1.03,0.01,-5.84,-62.79,16.7,509.0,TEST2RR,AKR_TEST2RR,0.0,1.0,1.0,100.0
305820,2,walk,walk,16149,,16149.0,20.0,1.0,6.0,2.0,9.16,-0.001,-0.07,0.04,41.0,25.9,0.0,18.0,3500.0,8.0,8.94,-0.16,-1.02,0.04,-4.04,-58.94,16.4,509.0,TEST2RR,AKR_TEST2RR,0.0,1.0,1.0,100.0
305840,2,walk,walk,16150,,16150.0,20.0,1.0,6.0,2.0,9.34,-0.001,-0.019,0.149,41.0,25.93,0.0,18.0,3500.0,8.0,9.75,-0.17,-1.01,0.06,-2.25,-53.91,15.66,509.0,TEST2RR,AKR_TEST2RR,0.0,1.0,1.0,100.0
305880,2,walk,walk,16151,,16151.0,20.0,1.0,6.0,2.0,9.54,-0.002,-0.166,0.258,41.0,25.93,0.0,18.0,3500.0,8.0,10.67,-0.19,-0.99,0.09,-0.51,-47.89,14.47,509.0,TEST2RR,AKR_TEST2RR,0.0,1.0,1.0,100.0
305880,2,walk,walk,16152,,16152.0,20.0,1.0,6.0,2.0,9.74,-0.003,-0.08,0.57,41.0,25.9,0.0,18.0,3500.0,8.0,11.63,-0.2,-0.97,0.11,1.15,-41.11,12.85,509.0,TEST2RR,AKR_TEST2RR,0.0,1.0,1.0,100.0
305900,2,walk,walk,16153,,16153.0,20.0,1.0,6.0,2.0,9.95,-0.005,-0.162,0.741,41.0,25.9,0.0,18.0,3500.0,8.0,12.58,-0.21,-0.96,0.12,2.74,-33.79,10.83,509.0,TEST2RR,AKR_TEST2RR,0.0,1.0,1.0,100.0
305920,2,walk,walk,16154,,16154.0,20.0,1.0,6.0,2.0,10.17,-0.007,-0.187,1.031,41.0,25.93,0.0,18.0,3500.0,8.0,13.43,-0.23,-0.95,0.14,4.26,-26.15,8.5,509.0,TEST2RR,AKR_TEST2RR,0.0,1.0,1.0,100.0
305940,2,walk,walk,16155,,16155.0,20.0,1.0,6.0,2.0,10.39,-0.01,-0.216,1.259,41.0,25.9,0.0,18.0,3500.0,8.0,14.12,-0.24,-0.94,0.15,5.69,-18.45,5.99,509.0,TEST2RR,AKR_TEST2RR,0.0,1.0,1.0,100.0
305980,2,walk,walk,16156,,16156.0,20.0,1.0,6.0,2.0,10.61,-0.012,-0.218,1.471,41.0,25.9,0.0,18.0,3500.0,8.0,14.61,-0.24,-0.94,0.15,6.97,-10.95,3.41,509.0,TEST2RR,AKR_TEST2RR,0.0,1.0,1.0,100.0
305980,2,walk,walk,16157,,16157.0,20.0,1.0,6.0,2.0,10.84,-0.014,-0.126,1.757,41.0,25.86,0.0,18.0,3500.0,8.0,14.89,-0.25,-0.93,0.15,8.04,-3.95,0.91,509.0,TEST2RR,AKR_TEST2RR,0.0,1.0,1.0,100.0
306020,2,walk,walk,16158,,16158.0,20.0,1.0,6.0,2.0,11.06,-0.016,-0.042,1.945,41.0,25.86,0.0,18.0,3500.0,8.0,14.96,-0.25,-0.94,0.15,8.81,2.28,-1.4,509.0,TEST2RR,AKR_TEST2RR,0.0,1.0,1.0,100.0
306040,2,walk,walk,16159,,16159.0,20.0,1.0,1.0,5.0,11.27,-0.017,-0.146,2.108,41.0,25.83,0.0,18.0,3500.0,9.0,14.83,-0.25,-0.94,0.14,9.21,7.52,-3.4,509.0,TEST2RR,AKR_TEST2RR,0.0,1.0,1.0,100.0
306040,2,walk,walk,16160,,16160.0,20.0,0.0,1.0,6.0,11.47,-0.018,-0.025,2.167,41.0,25.9,0.0,19.0,3500.0,9.0,14.56,-0.25,-0.95,0.13,9.15,11.67,-4.53,509.0,TEST2RR,AKR_TEST2RR,0.0,1.0,1.0,100.0
306060,2,walk,walk,16161,,16161.0,20.0,0.0,3.0,7.0,11.66,-0.061,-3.417,0.042,41.0,25.9,0.0,19.0,3500.0,9.0,14.22,-0.24,-0.95,0.11,8.6,14.77,-4.29,509.0,TEST2RR,AKR_TEST2RR,0.0,1.0,1.0,100.0
306080,2,walk,walk,16162,,16162.0,20.0,0.0,0.0,1.0,11.83,-0.11,-3.132,-0.536,41.0,25.86,0.0,19.0,3500.0,9.0,13.84,-0.24,-0.96,0.1,7.68,16.84,-2.57,509.0,TEST2RR,AKR_TEST2RR,0.0,1.0,1.0,100.0
306100,2,walk,walk,16163,,16163.0,20.0,0.0,0.0,1.0,11.98,-0.149,-2.321,-1.628,41.0,25.86,0.0,19.0,3500.0,9.0,13.47,-0.23,-0.97,0.09,6.56,17.97,-0.12,509.0,TEST2RR,AKR_TEST2RR,0.0,1.0,1.0,100.0
306120,2,walk,walk,16164,,16164.0,20.0,0.0,0.0,1.0,12.11,-0.149,-2.321,-1.628,41.0,25.86,0.0,39.0,3500.0,9.0,13.14,-0.23,-0.98,0.07,5.35,18.17,2.33,509.0,TEST2RR,AKR_TEST2RR,0.0,1.0,1.0,100.0
306140,2,walk,walk,16165,,16165.0,20.0,0.0,0.0,1.0,12.23,-0.149,-2.321,-1.628,41.0,25.86,0.0,59.0,3500.0,9.0,12.83,-0.23,-0.99,0.06,4.11,17.54,4.47,509.0,TEST2RR,AKR_TEST2RR,0.0,1.0,1.0,100.0
306180,2,walk,walk,16166,,16166.0,20.0,0.0,0.0,1.0,12.33,-0.11,2.937,0.0,41.0,26.0,0.0,3.0,3500.0,9.0,12.53,-0.22,-1.0,0.05,2.94,16.24,6.22,510.0,TEST2RR,AKR_TEST2RR,0.0,1.0,1.0,100.0
306200,2,walk,walk,16167,,16167.0,20.0,0.0,0.0,1.0,12.42,-0.109,0.272,0.0,41.0,25.93,0.0,3.0,3500.0,9.0,12.27,-0.22,-1.01,0.04,1.95,14.43,7.66,510.0,TEST2RR,AKR_TEST2RR,0.0,1.0,1.0,100.0
306220,2,walk,walk,16168,,16168.0,20.0,0.0,0.0,1.0,12.5,-0.101,0.724,0.0,41.0,25.93,0.0,3.0,3500.0,9.0,12.06,-0.22,-1.02,0.03,1.13,12.31,8.79,510.0,TEST2RR,AKR_TEST2RR,0.0,1.0,1.0,100.0
306220,2,walk,walk,16169,,16169.0,20.0,0.0,0.0,1.0,12.58,-0.089,0.955,0.0,41.0,25.93,0.0,3.0,3500.0,9.0,11.9,-0.22,-1.03,0.03,0.54,10.05,9.54,510.0,TEST2RR,AKR_TEST2RR,0.0,1.0,1.0,100.0
306240,2,walk,walk,16170,,16170.0,20.0,0.0,0.0,1.0,12.66,-0.08,0.508,0.0,41.0,25.93,0.0,3.0,3500.0,9.0,11.8,-0.22,-1.04,0.02,0.19,7.87,10.07,510.0,TEST2RR,AKR_TEST2RR,0.0,1.0,1.0,100.0
306260,2,walk,walk,16171,,16171.0,20.0,0.0,0.0,1.0,12.74,-0.075,0.252,0.0,41.0,25.93,0.0,3.0,3500.0,9.0,11.79,-0.22,-1.05,0.02,0.09,5.87,10.48,510.0,TEST2RR,AKR_TEST2RR,0.0,1.0,1.0,100.0
306300,2,walk,walk,16172,,16172.0,20.0,0.0,6.0,2.0,12.82,-0.071,0.308,0.0,41.0,25.93,0.0,3.0,3500.0,9.0,11.88,-0.22,-1.05,0.02,0.24,4.14,10.83,510.0,TEST2RR,AKR_TEST2RR,0.0,1.0,1.0,100.0
306320,2,walk,walk,16173,,16173.0,20.0,0.0,6.0,2.0,12.91,-0.07,0.418,-0.14,41.0,25.9,0.0,18.0,3500.0,9.0,12.05,-0.22,-1.05,0.01,0.62,2.67,10.91,510.0,TEST2RR,AKR_TEST2RR,0.0,1.0,1.0,100.0
306320,2,walk,walk,16174,,16174.0,20.0,0.0,6.0,2.0,13.0,-0.045,1.643,0.942,41.0,25.86,0.0,18.0,3500.0,9.0,12.33,-0.23,-1.05,0.02,1.21,1.48,10.56,510.0,TEST2RR,AKR_TEST2RR,0.0,1.0,1.0,100.0
306360,2,walk,walk,16175,,16175.0,20.0,0.0,6.0,2.0,13.1,-0.025,1.032,0.787,41.0,25.9,0.0,18.0,3500.0,9.0,12.67,-0.23,-1.04,0.02,1.94,0.56,9.87,510.0,TEST2RR,AKR_TEST2RR,0.0,1.0,1.0,100.0
306360,2,walk,walk,16176,,16176.0,20.0,0.0,6.0,2.0,13.21,-0.017,0.387,1.159,41.0,25.9,0.0,18.0,3500.0,9.0,13.04,-0.24,-1.04,0.02,2.78,-0.1,9.02,510.0,TEST2RR,AKR_TEST2RR,0.0,1.0,1.0,100.0
306400,2,walk,walk,16177,,16177.0,20.0,1.0,6.0,2.0,13.33,-0.012,0.191,1.132,41.0,25.9,0.0,19.0,3500.0,9.0,13.41,-0.25,-1.03,0.02,3.66,-0.5,8.2,510.0,TEST2RR,AKR_TEST2RR,0.0,1.0,1.0,100.0
306400,2,walk,walk,16178,,16178.0,20.0,1.0,6.0,2.0,13.45,-0.01,0.151,1.053,41.0,25.9,0.0,19.0,3500.0,9.0,13.75,-0.25,-1.03,0.03,4.55,-0.67,7.57,510.0,TEST2RR,AKR_TEST2RR,0.0,1.0,1.0,100.0
306420,2,walk,walk,16179,,16179.0,20.0,1.0,6.0,2.0,13.57,-0.008,0.126,0.884,41.0,25.9,0.0,19.0,3500.0,9.0,14.05,-0.26,-1.02,0.03,5.42,-0.61,7.21,510.0,TEST2RR,AKR_TEST2RR,0.0,1.0,1.0,100.0
306440,2,walk,walk,16180,,16180.0,20.0,1.0,6.0,2.0,13.7,-0.007,0.099,0.79,41.0,25.9,0.0,19.0,3500.0,9.0,14.3,-0.26,-1.02,0.03,6.25,-0.37,7.15,510.0,TEST2RR,AKR_TEST2RR,0.0,1.0,1.0,100.0
306480,2,walk,walk,16181,,16181.0,20.0,1.0,6.0,2.0,13.84,-0.006,0.006,0.587,41.0,25.93,0.0,19.0,3500.0,9.0,14.5,-0.26,-1.01,0.04,7.03,0.07,7.4,510.0,TEST2RR,AKR_TEST2RR,0.0,1.0,1.0,100.0
306500,2,walk,walk,16182,,16182.0,20.0,1.0,6.0,2.0,13.97,-0.004,0.205,0.394,41.0,25.93,0.0,19.0,3500.0,9.0,14.65,-0.26,-1.01,0.04,7.77,0.66,7.92,510.0,TEST2RR,AKR_TEST2RR,0.0,1.0,1.0,100.0
306520,2,walk,walk,16183,,16183.0,20.0,1.0,6.0,2.0,14.11,-0.003,0.011,0.221,41.0,25.93,0.0,19.0,3500.0,9.0,14.77,-0.27,-1.01,0.05,8.49,1.38,8.65,510.0,TEST2RR,AKR_TEST2RR,0.0,1.0,1.0,100.0
306520,2,walk,walk,16184,,16184.0,20.0,1.0,6.0,2.0,14.24,-0.002,0.06,0.107,41.0,25.93,0.0,19.0,3500.0,9.0,14.87,-0.27,-1.01,0.05,9.2,2.21,9.55,510.0,TEST2RR,AKR_TEST2RR,0.0,1.0,1.0,100.0
306540,2,walk,walk,16185,,16185.0,20.0,1.0,6.0,2.0,14.38,-0.001,0.107,-0.118,41.0,25.9,0.0,19.0,3500.0,9.0,14.97,-0.27,-1.01,0.05,9.9,3.15,10.57,510.0,TEST2RR,AKR_TEST2RR,0.0,1.0,1.0,100.0
306580,2,walk,walk,16186,,16186.0,20.0,1.0,6.0,2.0,14.52,0.001,0.126,-0.27,41.0,25.9,0.0,19.0,3500.0,9.0,15.06,-0.27,-1.01,0.06,10.6,4.18,11.68,510.0,TEST2RR,AKR_TEST2RR,0.0,1.0,1.0,100.0
306600,2,walk,walk,16187,,16187.0,20.0,1.0,6.0,2.0,14.67,0.002,0.156,-0.478,41.0,25.9,0.0,19.0,3500.0,9.0,15.16,-0.27,-1.01,0.06,11.3,5.3,12.83,510.0,TEST2RR,AKR_TEST2RR,0.0,1.0,1.0,100.0
306620,2,walk,walk,16188,,16188.0,20.0,1.0,6.0,2.0,14.81,0.004,0.187,-0.694,41.0,25.9,0.0,19.0,3500.0,9.0,15.28,-0.28,-1.01,0.07,12.02,6.49,13.99,510.0,TEST2RR,AKR_TEST2RR,0.0,1.0,1.0,100.0
306620,2,walk,walk,16189,,16189.0,20.0,1.0,6.0,2.0,14.97,0.005,0.146,-0.826,41.0,25.9,0.0,19.0,3500.0,9.0,15.43,-0.28,-1.01,0.07,12.76,7.77,15.12,510.0,TEST2RR,AKR_TEST2RR,0.0,1.0,1.0,100.0
306640,2,walk,walk,16190,,16190.0,20.0,1.0,6.0,2.0,15.13,0.007,0.175,-1.078,41.0,25.9,0.0,19.0,3500.0,9.0,15.6,-0.28,-1.01,0.08,13.53,9.16,16.18,510.0,TEST2RR,AKR_TEST2RR,0.0,1.0,1.0,100.0
306680,2,walk,walk,16191,,16191.0,20.0,1.0,6.0,2.0,15.29,0.009,0.173,-1.285,41.0,25.9,0.0,19.0,3500.0,9.0,15.81,-0.28,-1.0,0.08,14.35,10.68,17.13,510.0,TEST2RR,AKR_TEST2RR,0.0,1.0,1.0,100.0
306700,2,walk,walk,16192,,16192.0,20.0,1.0,6.0,2.0,15.47,0.011,0.209,-1.479,41.0,25.9,0.0,19.0,3500.0,9.0,16.06,-0.29,-1.0,0.09,15.2,12.33,17.93,510.0,TEST2RR,AKR_TEST2RR,0.0,1.0,1.0,100.0
306700,2,walk,walk,16193,,16193.0,20.0,1.0,6.0,2.0,15.66,0.012,0.138,-1.631,41.0,25.86,0.0,19.0,3500.0,9.0,16.34,-0.29,-1.0,0.09,16.08,14.08,18.54,510.0,TEST2RR,AKR_TEST2RR,0.0,1.0,1.0,100.0
306720,2,walk,walk,16194,,16194.0,20.0,1.0,6.0,2.0,15.86,0.013,0.005,-1.665,41.0,25.86,0.0,19.0,3500.0,9.0,16.63,-0.3,-0.99,0.1,16.96,15.87,18.91,510.0,TEST2RR,AKR_TEST2RR,0.0,1.0,1.0,100.0
306740,2,walk,walk,16195,,16195.0,20.0,1.0,6.0,2.0,16.07,0.014,-0.021,-1.865,41.0,25.86,0.0,19.0,3500.0,9.0,16.92,-0.3,-0.98,0.1,17.78,17.62,18.95,510.0,TEST2RR,AKR_TEST2RR,0.0,1.0,1.0,100.0
306760,2,walk,walk,16196,,16196.0,20.0,1.0,6.0,2.0,16.29,0.015,0.152,-1.861,41.0,25.86,0.0,19.0,3500.0,9.0,17.18,-0.3,-0.98,0.1,18.51,19.18,18.57,510.0,TEST2RR,AKR_TEST2RR,0.0,1.0,1.0,100.0
306780,2,walk,walk,16197,,16197.0,20.0,1.0,6.0,2.0,16.53,0.015,0.05,-1.912,41.0,25.86,0.0,19.0,3500.0,9.0,17.37,-0.3,-0.97,0.1,19.07,20.39,17.64,510.0,TEST2RR,AKR_TEST2RR,0.0,1.0,1.0,100.0
306820,2,walk,walk,16198,,16198.0,20.0,1.0,6.0,2.0,16.77,0.015,0.069,-1.918,41.0,25.86,0.0,19.0,3500.0,9.0,17.46,-0.3,-0.96,0.1,19.39,21.11,16.03,510.0,TEST2RR,AKR_TEST2RR,0.0,1.0,1.0,100.0
306840,2,walk,walk,16199,,16199.0,20.0,1.0,6.0,2.0,17.03,0.016,0.116,-1.985,41.0,25.86,0.0,19.0,3500.0,9.0,17.42,-0.3,-0.95,0.1,19.4,21.24,13.64,510.0,TEST2RR,AKR_TEST2RR,0.0,1.0,1.0,100.0
306860,2,walk,walk,16200,,16200.0,20.0,1.0,6.0,2.0,17.29,0.016,-0.028,-1.988,41.0,25.86,0.0,19.0,3500.0,9.0,17.21,-0.29,-0.94,0.09,19.03,20.77,10.39,510.0,TEST2RR,AKR_TEST2RR,0.0,1.0,1.0,100.0
306860,2,walk,walk,16201,,16201.0,20.0,1.0,6.0,2.0,17.56,0.016,0.037,-1.985,41.0,25.86,0.0,19.0,3500.0,9.0,16.79,-0.28,-0.93,0.09,18.26,19.82,6.25,510.0,TEST2RR,AKR_TEST2RR,0.0,1.0,1.0,100.0
306880,2,walk,walk,16202,,16202.0,20.0,1.0,6.0,2.0,17.82,0.016,-0.007,-2.074,41.0,25.86,0.0,19.0,3500.0,9.0,16.14,-0.27,-0.92,0.08,17.07,18.62,1.23,510.0,TEST2RR,AKR_TEST2RR,0.0,1.0,1.0,100.0
306940,2,walk,walk,16203,,16203.0,20.0,1.0,1.0,5.0,18.08,0.017,-0.033,-2.133,41.0,25.86,0.0,19.0,3500.0,10.0,15.28,-0.25,-0.91,0.08,15.49,17.48,-4.57,510.0,TEST2RR,AKR_TEST2RR,0.0,1.0,1.0,100.0
306940,2,walk,walk,16204,,16204.0,20.0,0.0,1.0,6.0,18.32,0.017,0.002,-2.105,41.0,25.72,0.0,19.0,3500.0,10.0,14.25,-0.23,-0.91,0.07,13.55,16.74,-11.04,510.0,TEST2RR,AKR_TEST2RR,0.0,1.0,1.0,100.0
306940,2,walk,walk,16205,,16205.0,20.0,0.0,1.0,6.0,18.54,-0.016,-2.937,-3.042,41.0,25.58,0.0,19.0,3500.0,10.0,13.14,-0.21,-0.91,0.07,11.34,16.73,-17.75,510.0,TEST2RR,AKR_TEST2RR,0.0,1.0,1.0,100.0
306960,2,walk,walk,16206,,16206.0,20.0,0.0,1.0,6.0,18.72,-0.062,-2.763,-3.136,41.0,25.58,0.0,19.0,3500.0,10.0,12.02,-0.19,-0.91,0.06,9.02,17.62,-24.4,510.0,TEST2RR,AKR_TEST2RR,0.0,1.0,1.0,100.0
306980,2,walk,walk,16207,,16207.0,20.0,0.0,1.0,6.0,18.86,-0.1,-2.445,-3.173,41.0,25.58,0.0,19.0,3500.0,10.0,10.93,-0.18,-0.92,0.06,6.66,19.35,-30.88,510.0,TEST2RR,AKR_TEST2RR,0.0,1.0,1.0,100.0
307020,2,walk,walk,16208,,16208.0,20.0,0.0,1.0,6.0,18.95,-0.133,-1.991,-3.422,41.0,25.54,0.0,19.0,3500.0,10.0,9.92,-0.16,-0.92,0.05,4.36,21.61,-37.11,510.0,TEST2RR,AKR_TEST2RR,0.0,1.0,1.0,100.0
307020,2,walk,walk,16209,,16209.0,20.0,0.0,1.0,6.0,18.97,-0.161,-1.756,-3.696,41.0,25.58,0.0,19.0,3500.0,10.0,9.0,-0.15,-0.94,0.04,2.14,24.01,-43.06,510.0,TEST2RR,AKR_TEST2RR,0.0,1.0,1.0,100.0
307040,2,walk,walk,16210,,16210.0,20.0,0.0,1.0,6.0,18.93,-0.184,-1.455,-3.725,41.0,25.54,0.0,19.0,3500.0,10.0,8.2,-0.14,-0.95,0.03,0.0,26.2,-48.71,510.0,TEST2RR,AKR_TEST2RR,0.0,1.0,1.0,100.0
307060,2,walk,walk,16211,,16211.0,20.0,0.0,1.0,6.0,18.8,-0.202,-1.284,-4.244,41.0,25.51,0.0,19.0,3500.0,10.0,7.51,-0.13,-0.97,0.03,-2.06,28.02,-53.97,510.0,TEST2RR,AKR_TEST2RR,0.0,1.0,1.0,100.0
307080,2,walk,walk,16212,,16212.0,20.0,0.0,1.0,6.0,18.59,-0.218,-0.875,-4.259,41.0,25.51,0.0,19.0,3500.0,10.0,6.91,-0.12,-0.99,0.02,-4.04,29.48,-58.72,510.0,TEST2RR,AKR_TEST2RR,0.0,1.0,1.0,100.0
307100,2,walk,walk,16213,,16213.0,20.0,0.0,1.0,6.0,18.28,-0.231,-0.959,-4.309,41.0,25.47,0.0,19.0,3500.0,10.0,6.41,-0.11,-1.02,0.01,-5.91,30.71,-62.86,510.0,TEST2RR,AKR_TEST2RR,0.0,1.0,1.0,100.0
307120,2,walk,walk,16214,,16214.0,20.0,0.0,1.0,6.0,17.88,-0.241,-0.586,-4.78,41.0,25.44,0.0,19.0,3500.0,10.0,5.99,-0.11,-1.04,0.01,-7.67,31.89,-66.18,510.0,TEST2RR,AKR_TEST2RR,0.0,1.0,1.0,100.0
307160,2,walk,walk,16215,,16215.0,20.0,0.0,1.0,6.0,17.39,-0.249,-0.463,-4.935,41.0,25.44,0.0,19.0,3500.0,10.0,5.64,-0.1,-1.06,0.01,-9.25,33.22,-68.57,511.0,TEST2RR,AKR_TEST2RR,0.0,1.0,1.0,100.0
307180,2,walk,walk,16216,,16216.0,20.0,0.0,1.0,6.0,16.8,-0.255,-0.469,-4.874,41.0,25.47,0.0,19.0,3500.0,10.0,5.36,-0.1,-1.08,0.01,-10.54,34.83,-69.97,511.0,TEST2RR,AKR_TEST2RR,0.0,1.0,1.0,100.0
307180,2,walk,walk,16217,,16217.0,20.0,0.0,1.0,6.0,16.12,-0.26,-0.307,-4.921,41.0,25.44,0.0,19.0,3500.0,10.0,5.14,-0.1,-1.09,0.01,-11.46,36.69,-70.43,511.0,TEST2RR,AKR_TEST2RR,0.0,1.0,1.0,100.0
307200,2,walk,walk,16218,,16218.0,20.0,1.0,3.0,7.0,15.35,-0.265,-0.285,-4.826,41.0,25.47,0.0,20.0,3500.0,10.0,4.98,-0.1,-1.1,0.01,-11.99,38.67,-70.04,511.0,TEST2RR,AKR_TEST2RR,0.0,1.0,1.0,100.0
307220,2,walk,walk,16219,,16219.0,20.0,0.0,3.0,7.0,14.5,-0.271,-0.456,-4.705,41.0,25.47,0.0,19.0,3500.0,10.0,4.86,-0.09,-1.11,0.01,-12.13,40.54,-68.93,511.0,TEST2RR,AKR_TEST2RR,0.0,1.0,1.0,100.0
307260,2,walk,walk,16220,,16220.0,20.0,0.0,3.0,7.0,13.58,-0.276,-0.387,-4.622,41.0,25.47,0.0,19.0,3500.0,10.0,4.77,-0.09,-1.11,0.01,-11.94,42.05,-67.25,511.0,TEST2RR,AKR_TEST2RR,0.0,1.0,1.0,100.0
307260,2,walk,walk,16221,,16221.0,20.0,0.0,3.0,7.0,12.59,-0.281,-0.373,-4.593,41.0,25.51,0.0,19.0,3500.0,10.0,4.69,-0.09,-1.11,0.02,-11.5,43.01,-65.15,511.0,TEST2RR,AKR_TEST2RR,0.0,1.0,1.0,100.0
307280,2,walk,walk,16222,,16222.0,20.0,1.0,3.0,7.0,11.54,-0.285,-0.236,-4.532,41.0,25.54,0.0,20.0,3500.0,10.0,4.6,-0.09,-1.11,0.02,-10.93,43.23,-62.78,511.0,TEST2RR,AKR_TEST2RR,0.0,1.0,1.0,100.0
307320,2,walk,walk,16223,,16223.0,20.0,0.0,3.0,7.0,10.45,-0.287,-0.084,-4.574,41.0,25.54,0.0,19.0,3500.0,10.0,4.47,-0.09,-1.11,0.02,-10.31,42.65,-60.27,511.0,TEST2RR,AKR_TEST2RR,0.0,1.0,1.0,100.0
307320,2,walk,walk,16224,,16224.0,20.0,0.0,3.0,7.0,9.33,-0.289,-0.083,-4.421,41.0,25.58,0.0,19.0,3500.0,10.0,4.3,-0.08,-1.1,0.02,-9.73,41.28,-57.71,511.0,TEST2RR,AKR_TEST2RR,0.0,1.0,1.0,100.0
307340,2,walk,walk,16225,,16225.0,20.0,0.0,3.0,7.0,8.19,-0.292,-0.206,-4.203,41.0,25.62,0.0,19.0,3500.0,10.0,4.06,-0.08,-1.09,0.02,-9.2,39.18,-55.16,511.0,TEST2RR,AKR_TEST2RR,0.0,1.0,1.0,100.0
307360,2,walk,walk,16226,,16226.0,20.0,0.0,3.0,7.0,7.03,-0.294,-0.093,-4.056,41.0,25.62,0.0,19.0,3500.0,10.0,3.76,-0.07,-1.08,0.02,-8.76,36.47,-52.63,511.0,TEST2RR,AKR_TEST2RR,0.0,1.0,1.0,100.0
307380,2,walk,walk,16227,,16227.0,20.0,0.0,3.0,7.0,5.87,-0.294,0.062,-3.978,41.0,25.65,0.0,19.0,3500.0,10.0,3.37,-0.06,-1.07,0.02,-8.4,33.31,-50.1,511.0,TEST2RR,AKR_TEST2RR,0.0,1.0,1.0,100.0
307400,2,walk,walk,16228,,16228.0,20.0,1.0,3.0,7.0,4.72,-0.294,-0.105,-3.852,41.0,25.69,0.0,20.0,3500.0,10.0,2.9,-0.05,-1.06,0.02,-8.11,29.88,-47.55,511.0,TEST2RR,AKR_TEST2RR,0.0,1.0,1.0,100.0
307420,2,walk,walk,16229,,16229.0,20.0,0.0,3.0,7.0,3.59,-0.294,0.006,-3.658,41.0,25.69,0.0,19.0,3500.0,10.0,2.33,-0.04,-1.05,0.03,-7.86,26.37,-44.95,511.0,TEST2RR,AKR_TEST2RR,0.0,1.0,1.0,100.0
307460,2,walk,walk,16230,,16230.0,20.0,0.0,3.0,7.0,2.48,-0.294,0.028,-3.467,41.0,25.72,0.0,19.0,3500.0,10.0,1.66,-0.03,-1.05,0.03,-7.62,22.95,-42.28,511.0,TEST2RR,AKR_TEST2RR,0.0,1.0,1.0,100.0
307480,2,walk,walk,16231,,16231.0,20.0,0.0,3.0,7.0,1.39,-0.294,-0.021,-3.329,41.0,25.76,0.0,19.0,3500.0,10.0,0.9,-0.02,-1.04,0.03,-7.36,19.76,-39.54,511.0,TEST2RR,AKR_TEST2RR,0.0,1.0,1.0,100.0
307480,2,walk,walk,16232,,16232.0,20.0,0.0,3.0,7.0,0.35,-0.293,-0.014,-3.156,41.0,25.76,0.0,19.0,3500.0,10.0,0.06,0.0,-1.03,0.03,-7.05,16.91,-36.77,511.0,TEST2RR,AKR_TEST2RR,0.0,1.0,1.0,100.0
307500,2,walk,walk,16233,,16233.0,20.0,0.0,3.0,7.0,-0.66,-0.292,0.164,-3.05,41.0,25.76,0.0,19.0,3500.0,10.0,-0.82,0.01,-1.03,0.04,-6.71,14.45,-33.98,511.0,TEST2RR,AKR_TEST2RR,0.0,1.0,1.0,100.0
307540,2,walk,walk,16234,,16234.0,20.0,0.0,3.0,7.0,-1.63,-0.289,0.166,-2.879,41.0,25.79,0.0,19.0,3500.0,10.0,-1.73,0.03,-1.02,0.04,-6.32,12.39,-31.23,511.0,TEST2RR,AKR_TEST2RR,0.0,1.0,1.0,100.0
307540,2,walk,walk,16235,,16235.0,20.0,0.0,3.0,7.0,-2.56,-0.286,0.179,-2.747,41.0,25.79,0.0,19.0,3500.0,10.0,-2.63,0.05,-1.02,0.04,-5.89,10.71,-28.54,511.0,TEST2RR,AKR_TEST2RR,0.0,1.0,1.0,100.0
307580,2,walk,walk,16236,,16236.0,20.0,0.0,3.0,7.0,-3.44,-0.282,0.299,-2.55,41.0,25.79,0.0,19.0,3500.0,10.0,-3.49,0.06,-1.01,0.04,-5.45,9.37,-25.91,511.0,TEST2RR,AKR_TEST2RR,0.0,1.0,1.0,100.0
307580,2,walk,walk,16237,,16237.0,20.0,0.0,3.0,7.0,-4.27,-0.278,0.307,-2.391,41.0,25.79,0.0,19.0,3500.0,10.0,-4.28,0.08,-1.01,0.04,-5.0,8.3,-23.36,511.0,TEST2RR,AKR_TEST2RR,0.0,1.0,1.0,100.0
307600,2,walk,walk,16238,,16238.0,20.0,0.0,3.0,7.0,-5.06,-0.273,0.334,-2.292,41.0,25.83,0.0,19.0,3500.0,10.0,-5.0,0.09,-1.01,0.04,-4.56,7.44,-20.87,511.0,TEST2RR,AKR_TEST2RR,0.0,1.0,1.0,100.0
307640,2,walk,walk,16239,,16239.0,20.0,0.0,3.0,7.0,-5.8,-0.268,0.399,-2.151,41.0,25.83,0.0,19.0,3500.0,10.0,-5.64,0.1,-1.0,0.03,-4.16,6.72,-18.45,511.0,TEST2RR,AKR_TEST2RR,0.0,1.0,1.0,100.0
307660,2,walk,walk,16240,,16240.0,20.0,0.0,3.0,7.0,-6.49,-0.262,0.347,-2.049,41.0,25.86,0.0,19.0,3500.0,10.0,-6.19,0.11,-1.0,0.03,-3.8,6.1,-16.08,511.0,TEST2RR,AKR_TEST2RR,0.0,1.0,1.0,100.0
307660,2,walk,walk,16241,,16241.0,20.0,0.0,3.0,7.0,-7.13,-0.254,0.559,-2.02,41.0,25.86,0.0,19.0,3500.0,10.0,-6.67,0.12,-0.99,0.03,-3.5,5.53,-13.79,511.0,TEST2RR,AKR_TEST2RR,0.0,1.0,1.0,100.0
307700,2,walk,walk,16242,,16242.0,20.0,1.0,3.0,7.0,-7.73,-0.244,0.933,-1.877,41.0,25.86,0.0,20.0,3500.0,10.0,-7.08,0.12,-0.99,0.02,-3.28,5.01,-11.61,511.0,TEST2RR,AKR_TEST2RR,0.0,1.0,1.0,100.0
307720,2,walk,walk,16243,,16243.0,20.0,0.0,3.0,7.0,-8.28,-0.23,0.845,-1.447,41.0,25.9,0.0,19.0,3500.0,10.0,-7.44,0.13,-0.99,0.02,-3.15,4.52,-9.56,511.0,TEST2RR,AKR_TEST2RR,0.0,1.0,1.0,100.0
307720,2,walk,walk,16244,,16244.0,20.0,0.0,3.0,7.0,-8.79,-0.215,0.945,-1.548,41.0,25.9,0.0,19.0,3500.0,10.0,-7.76,0.13,-0.98,0.02,-3.11,4.04,-7.65,511.0,TEST2RR,AKR_TEST2RR,0.0,1.0,1.0,100.0
307740,2,walk,walk,16245,,16245.0,20.0,0.0,3.0,7.0,-9.25,-0.196,1.467,-1.242,41.0,25.93,0.0,19.0,3500.0,10.0,-8.02,0.14,-0.98,0.01,-3.18,3.57,-5.95,511.0,TEST2RR,AKR_TEST2RR,0.0,1.0,1.0,100.0
307760,2,walk,walk,16246,,16246.0,20.0,0.0,3.0,7.0,-9.66,-0.171,1.654,-0.974,41.0,25.93,0.0,19.0,3500.0,10.0,-8.23,0.14,-0.97,0.01,-3.37,3.08,-4.49,511.0,TEST2RR,AKR_TEST2RR,0.0,1.0,1.0,100.0
307800,2,walk,walk,16247,,16247.0,20.0,0.0,3.0,7.0,-10.04,-0.142,2.043,-0.649,41.0,25.93,0.0,19.0,3500.0,10.0,-8.37,0.14,-0.97,0.0,-3.67,2.58,-3.29,511.0,TEST2RR,AKR_TEST2RR,0.0,1.0,1.0,100.0
307800,2,walk,walk,16248,,16248.0,20.0,0.0,0.0,1.0,-10.37,-0.11,2.266,-0.589,41.0,25.93,0.0,19.0,3500.0,10.0,-8.41,0.14,-0.96,0.0,-4.08,2.1,-2.31,511.0,TEST2RR,AKR_TEST2RR,0.0,1.0,1.0,100.0
307820,2,walk,walk,16249,,16249.0,20.0,0.0,0.0,1.0,-10.66,-0.076,2.285,-0.383,41.0,25.93,0.0,19.0,3500.0,10.0,-8.32,0.14,-0.96,-0.01,-4.6,1.56,-1.49,511.0,TEST2RR,AKR_TEST2RR,0.0,1.0,1.0,100.0
307840,2,walk,walk,16250,,16250.0,20.0,0.0,0.0,1.0,-10.92,-0.076,2.285,-0.383,41.0,25.93,0.0,39.0,3500.0,10.0,-8.08,0.14,-0.96,-0.01,-5.2,0.9,-0.78,511.0,TEST2RR,AKR_TEST2RR,0.0,1.0,1.0,100.0
307860,2,walk,walk,16251,,16251.0,20.0,0.0,0.0,1.0,-11.14,-0.076,2.285,-0.383,41.0,25.93,0.0,59.0,3500.0,10.0,-7.74,0.13,-0.95,-0.01,-5.86,0.02,0.0,511.0,TEST2RR,AKR_TEST2RR,0.0,1.0,1.0,100.0
307900,2,walk,walk,16252,,16252.0,20.0,0.0,0.0,1.0,-11.32,0.084,32.767,0.0,41.0,25.97,0.0,1.0,3500.0,10.0,-7.52,0.13,-0.96,-0.02,-6.53,-1.27,0.67,511.0,TEST2RR,AKR_TEST2RR,0.0,1.0,1.0,100.0
307900,2,walk,walk,16253,,16253.0,20.0,1.0,0.0,1.0,-11.48,0.11,0.907,0.0,41.0,25.93,0.0,2.0,3500.0,10.0,-7.67,0.13,-0.96,-0.02,-7.03,-2.96,0.69,511.0,TEST2RR,AKR_TEST2RR,0.0,1.0,1.0,100.0
307940,2,walk,walk,16254,,16254.0,20.0,1.0,0.0,1.0,-11.6,0.141,2.992,0.0,41.0,25.93,0.0,2.0,3500.0,10.0,-8.43,0.14,-0.97,-0.03,-7.29,-5.47,-0.19,511.0,TEST2RR,AKR_TEST2RR,0.0,1.0,1.0,100.0
307960,2,walk,walk,16255,,16255.0,20.0,1.0,0.0,1.0,-11.69,0.193,3.389,0.0,41.0,25.93,0.0,2.0,3500.0,10.0,-9.85,0.17,-0.97,-0.03,-7.23,-8.94,-1.93,511.0,TEST2RR,AKR_TEST2RR,0.0,1.0,1.0,100.0
307980,2,walk,walk,16256,,16256.0,20.0,1.0,0.0,1.0,-11.76,0.241,3.007,0.0,41.0,25.93,0.0,2.0,3500.0,10.0,-11.79,0.2,-0.98,-0.03,-6.92,-13.25,-4.21,511.0,TEST2RR,AKR_TEST2RR,0.0,1.0,1.0,100.0
307980,2,walk,walk,16257,,16257.0,20.0,1.0,0.0,1.0,-11.82,0.279,2.372,0.0,41.0,25.93,0.0,2.0,3500.0,10.0,-14.01,0.24,-0.98,-0.03,-6.47,-18.23,-6.53,511.0,TEST2RR,AKR_TEST2RR,0.0,1.0,1.0,100.0
308000,2,walk,walk,16258,,16258.0,20.0,1.0,0.0,1.0,-11.86,0.309,1.848,0.0,41.0,25.93,0.0,2.0,3500.0,10.0,-16.19,0.29,-0.99,-0.03,-5.98,-23.58,-8.37,511.0,TEST2RR,AKR_TEST2RR,0.0,1.0,1.0,100.0
308020,2,walk,walk,16259,,16259.0,20.0,1.0,0.0,1.0,-11.89,0.303,-1.064,0.0,41.0,25.93,0.0,2.0,3500.0,10.0,-18.06,0.32,-0.99,-0.02,-5.5,-28.41,-9.31,511.0,TEST2RR,AKR_TEST2RR,0.0,1.0,1.0,100.0
308040,2,walk,walk,16260,,16260.0,20.0,1.0,0.0,1.0,-11.93,0.275,-2.735,0.0,41.0,25.93,0.0,2.0,3500.0,10.0,-19.35,0.35,-0.99,-0.03,-5.08,-32.02,-8.9,511.0,TEST2RR,AKR_TEST2RR,0.0,1.0,1.0,100.0
308060,2,walk,walk,16261,,16261.0,20.0,0.0,0.0,1.0,-11.98,0.239,-1.6,0.0,41.0,25.93,0.0,1.0,3500.0,10.0,-20.02,0.36,-1.0,-0.03,-4.62,-34.14,-6.93,511.0,TEST2RR,AKR_TEST2RR,0.0,1.0,1.0,100.0
308080,2,walk,walk,16262,,16262.0,20.0,1.0,0.0,1.0,-12.03,0.228,-0.671,0.0,41.0,25.93,0.0,2.0,3500.0,10.0,-20.17,0.37,-1.0,-0.04,-3.98,-34.85,-3.61,511.0,TEST2RR,AKR_TEST2RR,0.0,1.0,1.0,100.0
308120,2,walk,walk,16263,,16263.0,20.0,1.0,0.0,1.0,-12.1,0.21,-1.758,0.0,41.0,25.93,0.0,2.0,3500.0,10.0,-19.91,0.37,-1.01,-0.05,-3.05,-34.36,0.7,512.0,TEST2RR,AKR_TEST2RR,0.0,1.0,1.0,100.0
308140,2,walk,walk,16264,,16264.0,20.0,0.0,0.0,1.0,-12.19,0.187,-1.552,0.0,41.0,25.93,0.0,1.0,3500.0,10.0,-19.34,0.36,-1.01,-0.06,-1.8,-32.93,5.7,512.0,TEST2RR,AKR_TEST2RR,0.0,1.0,1.0,100.0
308140,2,walk,walk,16265,,16265.0,20.0,0.0,0.0,1.0,-12.29,0.167,-1.125,0.0,41.0,25.93,0.0,1.0,3500.0,10.0,-18.59,0.34,-1.02,-0.07,-0.3,-30.8,11.12,512.0,TEST2RR,AKR_TEST2RR,0.0,1.0,1.0,100.0
308180,2,walk,walk,16266,,16266.0,20.0,0.0,0.0,1.0,-12.39,0.147,-1.224,0.0,41.0,25.93,0.0,1.0,3500.0,10.0,-17.71,0.33,-1.02,-0.07,1.29,-28.2,16.65,512.0,TEST2RR,AKR_TEST2RR,0.0,1.0,1.0,100.0
308180,2,walk,walk,16267,,16267.0,20.0,0.0,0.0,1.0,-12.49,0.128,-1.471,0.0,41.0,25.93,0.0,1.0,3500.0,10.0,-16.74,0.31,-1.02,-0.08,2.81,-25.27,22.03,512.0,TEST2RR,AKR_TEST2RR,0.0,1.0,1.0,100.0
308200,2,walk,walk,16268,,16268.0,20.0,0.0,0.0,1.0,-12.57,0.111,-1.357,0.0,41.0,25.93,0.0,1.0,3500.0,10.0,-15.72,0.29,-1.02,-0.08,4.12,-22.19,27.01,512.0,TEST2RR,AKR_TEST2RR,0.0,1.0,1.0,100.0
308220,2,walk,walk,16269,,16269.0,20.0,0.0,0.0,1.0,-12.64,0.092,-1.049,0.0,41.0,25.97,0.0,1.0,3500.0,10.0,-14.66,0.27,-1.02,-0.08,5.14,-19.14,31.46,512.0,TEST2RR,AKR_TEST2RR,0.0,1.0,1.0,100.0
308240,2,walk,walk,16270,,16270.0,20.0,0.0,0.0,1.0,-12.68,0.076,-1.103,0.0,41.0,25.93,0.0,1.0,3500.0,10.0,-13.59,0.25,-1.02,-0.08,5.83,-16.25,35.29,512.0,TEST2RR,AKR_TEST2RR,0.0,1.0,1.0,100.0
308280,2,walk,walk,16271,,16271.0,20.0,0.0,0.0,1.0,-12.68,0.063,-0.831,0.0,41.0,25.93,0.0,1.0,3500.0,10.0,-12.51,0.23,-1.02,-0.08,6.2,-13.58,38.42,512.0,TEST2RR,AKR_TEST2RR,0.0,1.0,1.0,100.0
308280,2,walk,walk,16272,,16272.0,20.0,0.0,0.0,1.0,-12.63,0.048,-1.043,0.0,41.0,25.97,0.0,1.0,3500.0,10.0,-11.43,0.21,-1.01,-0.08,6.27,-11.19,40.84,512.0,TEST2RR,AKR_TEST2RR,0.0,1.0,1.0,100.0
308300,2,walk,walk,16273,,16273.0,20.0,0.0,0.0,1.0,-12.53,0.036,-0.755,0.0,41.0,25.93,0.0,1.0,3500.0,10.0,-10.37,0.19,-1.01,-0.08,6.11,-9.11,42.56,512.0,TEST2RR,AKR_TEST2RR,0.0,1.0,1.0,100.0
308320,2,walk,walk,16274,,16274.0,20.0,0.0,0.0,1.0,-12.37,0.02,-0.946,0.0,41.0,25.93,0.0,1.0,3500.0,10.0,-9.33,0.17,-1.01,-0.07,5.78,-7.33,43.69,512.0,TEST2RR,AKR_TEST2RR,0.0,1.0,1.0,100.0
308340,2,walk,walk,16275,,16275.0,20.0,0.0,0.0,1.0,-12.15,0.01,-0.637,0.0,41.0,25.93,0.0,1.0,3500.0,10.0,-8.32,0.15,-1.01,-0.07,5.35,-5.83,44.27,512.0,TEST2RR,AKR_TEST2RR,0.0,1.0,1.0,100.0
308360,2,walk,walk,16276,,16276.0,20.0,0.0,0.0,1.0,-11.86,-0.004,-0.916,0.0,41.0,25.93,0.0,1.0,3500.0,10.0,-7.35,0.13,-1.01,-0.07,4.87,-4.57,44.43,512.0,TEST2RR,AKR_TEST2RR,0.0,1.0,1.0,100.0
308380,2,walk,walk,16277,,16277.0,20.0,0.0,0.0,1.0,-11.52,-0.012,-0.404,0.0,41.0,25.93,0.0,1.0,3500.0,10.0,-6.41,0.11,-1.01,-0.07,4.36,-3.5,44.2,512.0,TEST2RR,AKR_TEST2RR,0.0,1.0,1.0,100.0
308400,2,walk,walk,16278,,16278.0,20.0,0.0,0.0,1.0,-11.11,-0.022,-0.66,0.0,41.0,25.93,0.0,1.0,3500.0,10.0,-5.49,0.1,-1.01,-0.07,3.81,-2.6,43.6,512.0,TEST2RR,AKR_TEST2RR,0.0,1.0,1.0,100.0
308460,2,walk,walk,16279,,16279.0,20.0,0.0,0.0,1.0,-10.65,-0.027,-0.072,0.0,41.0,25.93,0.0,1.0,3500.0,10.0,-4.6,0.08,-1.01,-0.07,3.19,-1.81,42.64,512.0,TEST2RR,AKR_TEST2RR,0.0,1.0,1.0,100.0
308460,2,walk,walk,16280,,16280.0,20.0,0.0,0.0,1.0,-10.14,-0.028,0.053,0.0,41.0,25.93,0.0,1.0,3500.0,10.0,-3.71,0.07,-1.01,-0.07,2.49,-1.15,41.23,512.0,TEST2RR,AKR_TEST2RR,0.0,1.0,1.0,100.0
308460,2,walk,walk,16281,,16281.0,20.0,0.0,0.0,1.0,-9.57,-0.027,-0.013,0.0,41.0,25.93,0.0,1.0,3500.0,10.0,-2.83,0.05,-1.01,-0.07,1.7,-0.6,39.29,512.0,TEST2RR,AKR_TEST2RR,0.0,1.0,1.0,100.0
308480,2,walk,walk,16282,,16282.0,20.0,0.0,0.0,1.0,-8.97,-0.025,0.277,0.0,41.0,25.93,0.0,1.0,3500.0,10.0,-1.97,0.03,-1.01,-0.07,0.83,-0.14,36.77,512.0,TEST2RR,AKR_TEST2RR,0.0,1.0,1.0,100.0
308500,2,walk,walk,16283,,16283.0,20.0,0.0,6.0,2.0,-8.33,-0.019,0.405,0.0,41.0,25.93,0.0,1.0,3500.0,10.0,-1.15,0.02,-1.01,-0.07,-0.11,0.25,33.66,512.0,TEST2RR,AKR_TEST2RR,0.0,1.0,1.0,100.0
308540,2,walk,walk,16284,,16284.0,20.0,0.0,6.0,2.0,-7.67,-0.018,0.661,-0.107,41.0,25.93,0.0,18.0,3500.0,10.0,-0.38,0.01,-1.01,-0.07,-1.11,0.56,30.0,512.0,TEST2RR,AKR_TEST2RR,0.0,1.0,1.0,100.0
308540,2,walk,walk,16285,,16285.0,20.0,0.0,6.0,2.0,-6.99,-0.01,0.451,-0.05,41.0,25.93,0.0,18.0,3500.0,10.0,0.29,-0.01,-1.0,-0.07,-2.16,0.81,25.92,512.0,TEST2RR,AKR_TEST2RR,0.0,1.0,1.0,100.0
308560,2,walk,walk,16286,,16286.0,20.0,0.0,6.0,2.0,-6.3,-0.005,0.267,0.13,41.0,25.93,0.0,18.0,3500.0,10.0,0.85,-0.01,-1.0,-0.07,-3.23,0.99,21.66,512.0,TEST2RR,AKR_TEST2RR,0.0,1.0,1.0,100.0
308600,2,walk,walk,16287,,16287.0,20.0,0.0,6.0,2.0,-5.61,-0.003,0.096,0.078,41.0,25.93,0.0,18.0,3500.0,10.0,1.28,-0.02,-1.0,-0.07,-4.26,1.12,17.48,512.0,TEST2RR,AKR_TEST2RR,0.0,1.0,1.0,100.0
308620,2,walk,walk,16288,,16288.0,20.0,1.0,6.0,2.0,-4.92,-0.002,0.026,0.05,41.0,25.93,0.0,19.0,3500.0,10.0,1.57,-0.03,-1.01,-0.07,-5.18,1.2,13.61,512.0,TEST2RR,AKR_TEST2RR,0.0,1.0,1.0,100.0
308620,2,walk,walk,16289,,16289.0,20.0,1.0,6.0,2.0,-4.25,-0.002,0.005,0.153,41.0,25.9,0.0,19.0,3500.0,10.0,1.74,-0.03,-1.01,-0.08,-5.89,1.22,10.22,512.0,TEST2RR,AKR_TEST2RR,0.0,1.0,1.0,100.0
308660,2,walk,walk,16290,,16290.0,20.0,1.0,6.0,2.0,-3.59,-0.002,-0.017,0.242,41.0,25.93,0.0,19.0,3500.0,10.0,1.81,-0.03,-1.01,-0.08,-6.32,1.19,7.44,512.0,TEST2RR,AKR_TEST2RR,0.0,1.0,1.0,100.0
308660,2,walk,walk,16291,,16291.0,20.0,1.0,6.0,2.0,-2.97,-0.002,-0.104,0.272,41.0,25.93,0.0,19.0,3500.0,10.0,1.81,-0.03,-1.01,-0.09,-6.46,1.11,5.3,512.0,TEST2RR,AKR_TEST2RR,0.0,1.0,1.0,100.0
308700,2,walk,walk,16292,,16292.0,20.0,1.0,6.0,2.0,-2.39,-0.003,-0.045,0.367,41.0,25.9,0.0,19.0,3500.0,10.0,1.77,-0.03,-1.01,-0.09,-6.32,0.99,3.75,512.0,TEST2RR,AKR_TEST2RR,0.0,1.0,1.0,100.0
308700,2,walk,walk,16293,,16293.0,20.0,1.0,6.0,2.0,-1.84,-0.004,-0.026,0.464,41.0,25.93,0.0,19.0,3500.0,10.0,1.71,-0.03,-1.02,-0.1,-5.93,0.83,2.73,512.0,TEST2RR,AKR_TEST2RR,0.0,1.0,1.0,100.0
308720,2,walk,walk,16294,,16294.0,20.0,1.0,6.0,2.0,-1.33,-0.004,-0.122,0.579,41.0,25.9,0.0,19.0,3500.0,10.0,1.64,-0.03,-1.02,-0.11,-5.34,0.65,2.16,512.0,TEST2RR,AKR_TEST2RR,0.0,1.0,1.0,100.0
308760,2,walk,walk,16295,,16295.0,20.0,1.0,6.0,2.0,-0.87,-0.005,-0.151,0.751,41.0,25.9,0.0,19.0,3500.0,10.0,1.57,-0.03,-1.02,-0.11,-4.62,0.41,1.98,512.0,TEST2RR,AKR_TEST2RR,0.0,1.0,1.0,100.0
308780,2,walk,walk,16296,,16296.0,20.0,1.0,6.0,2.0,-0.46,-0.007,-0.167,1.109,41.0,25.9,0.0,19.0,3500.0,10.0,1.49,-0.03,-1.02,-0.11,-3.79,0.12,2.19,512.0,TEST2RR,AKR_TEST2RR,0.0,1.0,1.0,100.0
308780,2,walk,walk,16297,,16297.0,20.0,1.0,6.0,2.0,-0.08,-0.011,-0.257,1.525,41.0,25.9,0.0,19.0,3500.0,10.0,1.4,-0.02,-1.02,-0.12,-2.87,-0.27,2.85,512.0,TEST2RR,AKR_TEST2RR,0.0,1.0,1.0,100.0
308800,2,walk,walk,16298,,16298.0,20.0,1.0,6.0,2.0,0.25,-0.017,-0.399,2.304,41.0,25.83,0.0,19.0,3500.0,10.0,1.3,-0.02,-1.02,-0.12,-1.86,-0.78,4.0,512.0,TEST2RR,AKR_TEST2RR,0.0,1.0,1.0,100.0
308820,2,walk,walk,16299,,16299.0,20.0,1.0,6.0,2.0,0.54,-0.023,-0.252,3.042,41.0,25.76,0.0,19.0,3500.0,10.0,1.19,-0.02,-1.02,-0.12,-0.78,-1.37,5.65,512.0,TEST2RR,AKR_TEST2RR,0.0,1.0,1.0,100.0
308860,2,walk,walk,16300,,16300.0,20.0,1.0,6.0,2.0,0.8,-0.027,-0.185,3.283,41.0,25.72,0.0,19.0,3500.0,10.0,1.12,-0.02,-1.03,-0.12,0.36,-1.98,7.64,512.0,TEST2RR,AKR_TEST2RR,0.0,1.0,1.0,100.0
308860,2,walk,walk,16301,,16301.0,20.0,1.0,6.0,2.0,1.04,-0.028,-0.025,3.361,41.0,25.69,0.0,19.0,3500.0,10.0,1.15,-0.02,-1.03,-0.12,1.5,-2.54,9.73,512.0,TEST2RR,AKR_TEST2RR,0.0,1.0,1.0,100.0
308880,2,walk,walk,16302,,16302.0,20.0,1.0,6.0,2.0,1.24,-0.028,0.029,3.355,41.0,25.69,0.0,19.0,3500.0,10.0,1.29,-0.02,-1.03,-0.12,2.6,-2.98,11.67,512.0,TEST2RR,AKR_TEST2RR,0.0,1.0,1.0,100.0
308900,2,walk,walk,16303,,16303.0,20.0,1.0,6.0,2.0,1.43,-0.028,-0.002,3.41,41.0,25.69,0.0,19.0,3500.0,10.0,1.56,-0.03,-1.03,-0.12,3.58,-3.27,13.25,512.0,TEST2RR,AKR_TEST2RR,0.0,1.0,1.0,100.0
308940,2,walk,walk,16304,,16304.0,20.0,1.0,6.0,2.0,1.6,-0.028,-0.045,3.357,41.0,25.69,0.0,19.0,3500.0,10.0,1.95,-0.03,-1.02,-0.12,4.37,-3.4,14.32,512.0,TEST2RR,AKR_TEST2RR,0.0,1.0,1.0,100.0
308940,2,walk,walk,16305,,16305.0,20.0,1.0,6.0,2.0,1.77,-0.028,-0.006,3.281,41.0,25.69,0.0,19.0,3500.0,10.0,2.41,-0.04,-1.02,-0.12,4.95,-3.39,14.83,512.0,TEST2RR,AKR_TEST2RR,0.0,1.0,1.0,100.0
308960,2,walk,walk,16306,,16306.0,20.0,1.0,6.0,2.0,1.93,-0.027,0.007,3.292,41.0,25.69,0.0,19.0,3500.0,10.0,2.92,-0.05,-1.02,-0.11,5.32,-3.28,14.81,512.0,TEST2RR,AKR_TEST2RR,0.0,1.0,1.0,100.0
308980,2,walk,walk,16307,,16307.0,20.0,1.0,6.0,2.0,2.1,-0.027,0.001,3.298,41.0,25.72,0.0,19.0,3500.0,10.0,3.42,-0.06,-1.01,-0.11,5.54,-3.11,14.35,512.0,TEST2RR,AKR_TEST2RR,0.0,1.0,1.0,100.0
309000,2,walk,walk,16308,,16308.0,20.0,1.0,6.0,2.0,2.27,-0.028,-0.135,3.349,41.0,25.69,0.0,19.0,3500.0,10.0,3.88,-0.07,-1.01,-0.11,5.66,-2.93,13.61,512.0,TEST2RR,AKR_TEST2RR,0.0,1.0,1.0,100.0
309020,2,walk,walk,16309,,16309.0,20.0,1.0,6.0,2.0,2.44,-0.028,0.064,3.491,41.0,25.69,0.0,19.0,3500.0,10.0,4.26,-0.08,-1.01,-0.11,5.76,-2.77,12.77,512.0,TEST2RR,AKR_TEST2RR,0.0,1.0,1.0,100.0
309040,2,walk,walk,16310,,16310.0,20.0,1.0,6.0,2.0,2.62,-0.03,-0.144,3.813,41.0,25.65,0.0,19.0,3500.0,10.0,4.56,-0.08,-1.01,-0.1,5.87,-2.65,11.95,512.0,TEST2RR,AKR_TEST2RR,0.0,1.0,1.0,100.0
309100,2,walk,walk,16311,,16311.0,20.0,1.0,6.0,2.0,2.81,-0.031,-0.127,3.928,41.0,25.62,0.0,19.0,3500.0,10.0,4.8,-0.08,-1.01,-0.1,6.02,-2.58,11.28,513.0,TEST2RR,AKR_TEST2RR,0.0,1.0,1.0,100.0
309100,2,walk,walk,16312,,16312.0,20.0,1.0,6.0,2.0,3.01,-0.034,-0.206,4.158,41.0,25.58,0.0,19.0,3500.0,10.0,4.98,-0.09,-1.01,-0.1,6.24,-2.56,10.82,513.0,TEST2RR,AKR_TEST2RR,0.0,1.0,1.0,100.0
309100,2,walk,walk,16313,,16313.0,20.0,1.0,6.0,2.0,3.21,-0.036,-0.116,4.438,41.0,25.54,0.0,19.0,3500.0,10.0,5.13,-0.09,-1.01,-0.1,6.51,-2.56,10.55,513.0,TEST2RR,AKR_TEST2RR,0.0,1.0,1.0,100.0
309120,2,walk,walk,16314,,16314.0,20.0,1.0,6.0,2.0,3.41,-0.037,-0.097,4.577,41.0,25.51,0.0,19.0,3500.0,10.0,5.28,-0.09,-1.01,-0.1,6.82,-2.55,10.41,513.0,TEST2RR,AKR_TEST2RR,0.0,1.0,1.0,100.0
309140,2,walk,walk,16315,,16315.0,20.0,1.0,6.0,2.0,3.62,-0.038,0.007,4.651,41.0,25.51,0.0,19.0,3500.0,10.0,5.45,-0.1,-1.01,-0.1,7.12,-2.53,10.33,513.0,TEST2RR,AKR_TEST2RR,0.0,1.0,1.0,100.0
309160,2,walk,walk,16316,,16316.0,20.0,1.0,6.0,2.0,3.84,-0.038,-0.091,4.682,41.0,25.51,0.0,19.0,3500.0,10.0,5.65,-0.1,-1.01,-0.1,7.4,-2.48,10.22,513.0,TEST2RR,AKR_TEST2RR,0.0,1.0,1.0,100.0
309180,2,walk,walk,16317,,16317.0,20.0,1.0,6.0,2.0,4.05,-0.039,0.041,4.708,41.0,25.51,0.0,19.0,3500.0,10.0,5.87,-0.1,-1.01,-0.09,7.6,-2.39,10.02,513.0,TEST2RR,AKR_TEST2RR,0.0,1.0,1.0,100.0
309200,2,walk,walk,16318,,16318.0,20.0,1.0,6.0,2.0,4.27,-0.039,0.038,4.715,41.0,25.51,0.0,19.0,3500.0,10.0,6.11,-0.11,-1.01,-0.09,7.71,-2.25,9.7,513.0,TEST2RR,AKR_TEST2RR,0.0,1.0,1.0,100.0
309240,2,walk,walk,16319,,16319.0,20.0,1.0,6.0,2.0,4.48,-0.039,-0.015,4.687,41.0,25.51,0.0,19.0,3500.0,10.0,6.36,-0.11,-1.01,-0.09,7.72,-2.08,9.24,513.0,TEST2RR,AKR_TEST2RR,0.0,1.0,1.0,100.0
309240,2,walk,walk,16320,,16320.0,20.0,1.0,6.0,2.0,4.69,-0.039,-0.03,4.698,41.0,25.51,0.0,19.0,3500.0,10.0,6.59,-0.12,-1.01,-0.08,7.62,-1.88,8.67,513.0,TEST2RR,AKR_TEST2RR,0.0,1.0,1.0,100.0
309260,2,walk,walk,16321,,16321.0,20.0,1.0,6.0,2.0,4.9,-0.039,-0.026,4.718,41.0,25.51,0.0,19.0,3500.0,10.0,6.8,-0.12,-1.01,-0.08,7.44,-1.66,8.03,513.0,TEST2RR,AKR_TEST2RR,0.0,1.0,1.0,100.0
309280,2,walk,walk,16322,,16322.0,20.0,1.0,6.0,2.0,5.11,-0.039,0.022,4.695,41.0,25.51,0.0,19.0,3500.0,10.0,6.99,-0.12,-1.01,-0.08,7.21,-1.43,7.34,513.0,TEST2RR,AKR_TEST2RR,0.0,1.0,1.0,100.0
309300,2,walk,walk,16323,,16323.0,20.0,1.0,6.0,2.0,5.31,-0.039,0.003,4.672,41.0,25.51,0.0,19.0,3500.0,10.0,7.15,-0.13,-1.01,-0.08,6.95,-1.2,6.63,513.0,TEST2RR,AKR_TEST2RR,0.0,1.0,1.0,100.0
309320,2,walk,walk,16324,,16324.0,20.0,1.0,6.0,2.0,5.51,-0.039,0.023,4.686,41.0,25.51,0.0,19.0,3500.0,10.0,7.28,-0.13,-1.01,-0.07,6.69,-0.97,5.93,513.0,TEST2RR,AKR_TEST2RR,0.0,1.0,1.0,100.0
309340,2,walk,walk,16325,,16325.0,20.0,1.0,6.0,2.0,5.71,-0.039,0.084,4.687,41.0,25.51,0.0,19.0,3500.0,10.0,7.39,-0.13,-1.01,-0.07,6.44,-0.76,5.27,513.0,TEST2RR,AKR_TEST2RR,0.0,1.0,1.0,100.0
309360,2,walk,walk,16326,,16326.0,20.0,0.0,6.0,2.0,5.89,-0.039,0.028,4.685,41.0,25.51,0.0,18.0,3500.0,10.0,7.47,-0.13,-1.01,-0.07,6.23,-0.57,4.67,513.0,TEST2RR,AKR_TEST2RR,0.0,1.0,1.0,100.0
309380,2,walk,walk,16327,,16327.0,20.0,0.0,6.0,2.0,6.07,-0.039,-0.088,4.677,41.0,25.51,0.0,18.0,3500.0,10.0,7.53,-0.13,-1.01,-0.07,6.06,-0.4,4.14,513.0,TEST2RR,AKR_TEST2RR,0.0,1.0,1.0,100.0
309420,2,walk,walk,16328,,16328.0,20.0,1.0,6.0,2.0,6.25,-0.039,0.042,4.685,41.0,25.51,0.0,19.0,3500.0,10.0,7.56,-0.13,-1.01,-0.07,5.94,-0.25,3.7,513.0,TEST2RR,AKR_TEST2RR,0.0,1.0,1.0,100.0
309420,2,walk,walk,16329,,16329.0,20.0,1.0,6.0,2.0,6.41,-0.039,-0.026,4.677,41.0,25.51,0.0,19.0,3500.0,10.0,7.58,-0.13,-1.01,-0.07,5.85,-0.13,3.36,513.0,TEST2RR,AKR_TEST2RR,0.0,1.0,1.0,100.0
309440,2,walk,walk,16330,,16330.0,20.0,1.0,6.0,2.0,6.57,-0.039,0.05,4.689,41.0,25.51,0.0,19.0,3500.0,10.0,7.58,-0.13,-1.01,-0.06,5.8,-0.04,3.13,513.0,TEST2RR,AKR_TEST2RR,0.0,1.0,1.0,100.0
309460,2,walk,walk,16331,,16331.0,20.0,1.0,6.0,2.0,6.72,-0.039,-0.073,4.674,41.0,25.51,0.0,19.0,3500.0,10.0,7.58,-0.13,-1.01,-0.06,5.77,0.03,3.0,513.0,TEST2RR,AKR_TEST2RR,0.0,1.0,1.0,100.0
309500,2,walk,walk,16332,,16332.0,20.0,1.0,6.0,2.0,6.86,-0.039,-0.013,4.673,41.0,25.51,0.0,19.0,3500.0,10.0,7.57,-0.13,-1.01,-0.06,5.74,0.04,2.96,513.0,TEST2RR,AKR_TEST2RR,0.0,1.0,1.0,100.0
309500,2,walk,walk,16333,,16333.0,20.0,1.0,6.0,2.0,6.99,-0.039,0.002,4.645,41.0,25.51,0.0,19.0,3500.0,10.0,7.57,-0.13,-1.02,-0.06,5.7,0.0,3.02,513.0,TEST2RR,AKR_TEST2RR,0.0,1.0,1.0,100.0
309520,2,walk,walk,16334,,16334.0,20.0,1.0,6.0,2.0,7.11,-0.039,-0.097,4.663,41.0,25.51,0.0,19.0,3500.0,10.0,7.58,-0.14,-1.02,-0.06,5.63,-0.13,3.14,513.0,TEST2RR,AKR_TEST2RR,0.0,1.0,1.0,100.0
309560,2,walk,walk,16335,,16335.0,20.0,1.0,6.0,2.0,7.22,-0.039,0.033,4.658,41.0,25.51,0.0,19.0,3500.0,10.0,7.61,-0.14,-1.02,-0.06,5.52,-0.39,3.31,513.0,TEST2RR,AKR_TEST2RR,0.0,1.0,1.0,100.0
309580,2,walk,walk,16336,,16336.0,20.0,1.0,6.0,2.0,7.33,-0.039,0.019,4.658,41.0,25.51,0.0,19.0,3500.0,10.0,7.65,-0.14,-1.02,-0.06,5.38,-0.81,3.49,513.0,TEST2RR,AKR_TEST2RR,0.0,1.0,1.0,100.0
309580,2,walk,walk,16337,,16337.0,20.0,1.0,6.0,2.0,7.43,-0.038,0.065,4.647,41.0,25.51,0.0,19.0,3500.0,10.0,7.72,-0.14,-1.02,-0.06,5.19,-1.42,3.66,513.0,TEST2RR,AKR_TEST2RR,0.0,1.0,1.0,100.0
309600,2,walk,walk,16338,,16338.0,20.0,1.0,6.0,2.0,7.52,-0.038,0.011,4.573,41.0,25.51,0.0,19.0,3500.0,10.0,7.81,-0.14,-1.02,-0.06,4.95,-2.24,3.77,513.0,TEST2RR,AKR_TEST2RR,0.0,1.0,1.0,100.0
309620,2,walk,walk,16339,,16339.0,20.0,1.0,6.0,2.0,7.6,-0.038,0.048,4.52,41.0,25.51,0.0,19.0,3500.0,10.0,7.93,-0.14,-1.02,-0.06,4.67,-3.28,3.81,513.0,TEST2RR,AKR_TEST2RR,0.0,1.0,1.0,100.0
309640,2,walk,walk,16340,,16340.0,20.0,1.0,6.0,2.0,7.69,-0.038,0.007,4.479,41.0,25.54,0.0,19.0,3500.0,10.0,8.05,-0.14,-1.02,-0.06,4.35,-4.52,3.77,513.0,TEST2RR,AKR_TEST2RR,0.0,1.0,1.0,100.0
309660,2,walk,walk,16341,,16341.0,20.0,1.0,6.0,2.0,7.76,-0.037,0.037,4.447,41.0,25.54,0.0,19.0,3500.0,10.0,8.18,-0.15,-1.02,-0.06,4.02,-5.94,3.66,513.0,TEST2RR,AKR_TEST2RR,0.0,1.0,1.0,100.0
309700,2,walk,walk,16342,,16342.0,20.0,1.0,6.0,2.0,7.84,-0.037,0.019,4.449,41.0,25.54,0.0,19.0,3500.0,10.0,8.3,-0.15,-1.01,-0.06,3.7,-7.47,3.49,513.0,TEST2RR,AKR_TEST2RR,0.0,1.0,1.0,100.0
309760,2,walk,walk,16343,,16343.0,20.0,1.0,6.0,2.0,7.91,-0.037,0.028,4.466,41.0,25.54,0.0,19.0,3500.0,10.0,8.4,-0.15,-1.01,-0.06,3.41,-9.05,3.28,513.0,TEST2RR,AKR_TEST2RR,0.0,1.0,1.0,100.0
309760,2,walk,walk,16344,,16344.0,20.0,1.0,6.0,2.0,7.98,-0.037,0.061,4.474,41.0,25.54,0.0,19.0,3500.0,10.0,8.48,-0.15,-1.01,-0.06,3.17,-10.61,3.08,513.0,TEST2RR,AKR_TEST2RR,0.0,1.0,1.0,100.0
309760,2,walk,walk,16345,,16345.0,20.0,1.0,6.0,2.0,8.05,-0.037,-0.109,4.47,41.0,25.54,0.0,19.0,3500.0,10.0,8.53,-0.15,-1.01,-0.06,3.01,-12.03,2.91,513.0,TEST2RR,AKR_TEST2RR,0.0,1.0,1.0,100.0
309780,2,walk,walk,16346,,16346.0,20.0,1.0,6.0,2.0,8.12,-0.037,0.036,4.402,41.0,25.54,0.0,19.0,3500.0,10.0,8.54,-0.15,-1.01,-0.06,2.95,-13.2,2.81,513.0,TEST2RR,AKR_TEST2RR,0.0,1.0,1.0,100.0
309820,2,walk,walk,16347,,16347.0,20.0,1.0,6.0,2.0,8.19,-0.036,-0.026,4.371,41.0,25.54,0.0,19.0,3500.0,10.0,8.51,-0.15,-1.01,-0.06,3.01,-14.03,2.8,513.0,TEST2RR,AKR_TEST2RR,0.0,1.0,1.0,100.0
309820,2,walk,walk,16348,,16348.0,20.0,1.0,6.0,2.0,8.25,-0.036,0.085,4.27,41.0,25.54,0.0,19.0,3500.0,10.0,8.44,-0.15,-1.02,-0.05,3.2,-14.44,2.91,513.0,TEST2RR,AKR_TEST2RR,0.0,1.0,1.0,100.0
309820,2,walk,walk,16349,,16349.0,20.0,1.0,6.0,2.0,8.32,-0.035,0.065,4.154,41.0,25.58,0.0,19.0,3500.0,10.0,8.36,-0.15,-1.02,-0.05,3.51,-14.42,3.15,513.0,TEST2RR,AKR_TEST2RR,0.0,1.0,1.0,100.0
309840,2,walk,walk,16350,,16350.0,20.0,1.0,6.0,2.0,8.38,-0.034,0.08,3.998,41.0,25.58,0.0,19.0,3500.0,10.0,8.27,-0.15,-1.02,-0.04,3.95,-14.0,3.51,513.0,TEST2RR,AKR_TEST2RR,0.0,1.0,1.0,100.0
309860,2,walk,walk,16351,,16351.0,20.0,1.0,6.0,2.0,8.44,-0.033,0.107,3.892,41.0,25.62,0.0,19.0,3500.0,10.0,8.19,-0.15,-1.02,-0.04,4.49,-13.24,3.97,513.0,TEST2RR,AKR_TEST2RR,0.0,1.0,1.0,100.0
309900,2,walk,walk,16352,,16352.0,20.0,1.0,6.0,2.0,8.5,-0.031,0.006,3.724,41.0,25.62,0.0,19.0,3500.0,10.0,8.13,-0.15,-1.03,-0.03,5.11,-12.23,4.51,513.0,TEST2RR,AKR_TEST2RR,0.0,1.0,1.0,100.0
309900,2,walk,walk,16353,,16353.0,20.0,1.0,6.0,2.0,8.56,-0.03,0.075,3.605,41.0,25.65,0.0,19.0,3500.0,10.0,8.12,-0.15,-1.03,-0.03,5.79,-11.07,5.12,513.0,TEST2RR,AKR_TEST2RR,0.0,1.0,1.0,100.0
309940,2,walk,walk,16354,,16354.0,20.0,2.0,6.0,2.0,8.62,-0.03,0.108,3.502,41.0,25.65,0.0,20.0,3500.0,10.0,8.14,-0.15,-1.03,-0.03,6.51,-9.81,5.77,513.0,TEST2RR,AKR_TEST2RR,0.0,1.0,1.0,100.0
309940,2,walk,walk,16355,,16355.0,20.0,2.0,6.0,2.0,8.68,-0.029,0.06,3.419,41.0,25.69,0.0,20.0,3500.0,10.0,8.21,-0.15,-1.03,-0.02,7.24,-8.51,6.44,513.0,TEST2RR,AKR_TEST2RR,0.0,1.0,1.0,100.0
309960,2,walk,walk,16356,,16356.0,20.0,1.0,6.0,2.0,8.74,-0.028,-0.003,3.334,41.0,25.69,0.0,19.0,3500.0,10.0,8.32,-0.15,-1.03,-0.02,7.97,-7.2,7.1,513.0,TEST2RR,AKR_TEST2RR,0.0,1.0,1.0,100.0
310000,2,walk,walk,16357,,16357.0,20.0,1.0,6.0,2.0,8.81,-0.027,0.036,3.243,41.0,25.69,0.0,19.0,3500.0,10.0,8.48,-0.15,-1.03,-0.02,8.65,-5.92,7.72,513.0,TEST2RR,AKR_TEST2RR,0.0,1.0,1.0,100.0
310000,2,walk,walk,16358,,16358.0,20.0,0.0,6.0,2.0,8.87,-0.027,0.124,3.2,41.0,25.72,0.0,18.0,3500.0,10.0,8.68,-0.16,-1.02,-0.01,9.25,-4.68,8.29,513.0,TEST2RR,AKR_TEST2RR,0.0,1.0,1.0,100.0
310020,2,walk,walk,16359,,16359.0,20.0,1.0,6.0,2.0,8.94,-0.027,0.076,3.211,41.0,25.72,0.0,19.0,3500.0,10.0,8.92,-0.16,-1.02,-0.01,9.72,-3.5,8.77,513.0,TEST2RR,AKR_TEST2RR,0.0,1.0,1.0,100.0
310040,2,walk,walk,16360,,16360.0,20.0,1.0,6.0,2.0,9.02,-0.027,-0.037,3.182,41.0,25.72,0.0,19.0,3500.0,10.0,9.2,-0.17,-1.02,0.0,10.05,-2.41,9.15,514.0,TEST2RR,AKR_TEST2RR,0.0,1.0,1.0,100.0
310080,2,walk,walk,16361,,16361.0,20.0,1.0,6.0,2.0,9.1,-0.027,-0.023,3.219,41.0,25.72,0.0,19.0,3500.0,10.0,9.51,-0.17,-1.01,0.0,10.22,-1.39,9.4,514.0,TEST2RR,AKR_TEST2RR,0.0,1.0,1.0,100.0
310080,2,walk,walk,16362,,16362.0,20.0,1.0,6.0,2.0,9.19,-0.027,-0.032,3.211,41.0,25.72,0.0,19.0,3500.0,10.0,9.85,-0.18,-1.01,0.0,10.22,-0.47,9.52,514.0,TEST2RR,AKR_TEST2RR,0.0,1.0,1.0,100.0
310100,2,walk,walk,16363,,16363.0,20.0,1.0,6.0,2.0,9.29,-0.027,-0.023,3.223,41.0,25.72,0.0,19.0,3500.0,10.0,10.19,-0.18,-1.01,0.01,10.07,0.33,9.5,514.0,TEST2RR,AKR_TEST2RR,0.0,1.0,1.0,100.0
310120,2,walk,walk,16364,,16364.0,20.0,1.0,6.0,2.0,9.39,-0.027,-0.023,3.25,41.0,25.69,0.0,19.0,3500.0,10.0,10.54,-0.19,-1.0,0.01,9.8,0.99,9.34,514.0,TEST2RR,AKR_TEST2RR,0.0,1.0,1.0,100.0
310140,2,walk,walk,16365,,16365.0,20.0,1.0,6.0,2.0,9.5,-0.027,-0.018,3.255,41.0,25.72,0.0,19.0,3500.0,10.0,10.88,-0.19,-1.0,0.01,9.42,1.47,9.04,514.0,TEST2RR,AKR_TEST2RR,0.0,1.0,1.0,100.0
310180,2,walk,walk,16366,,16366.0,20.0,1.0,6.0,2.0,9.62,-0.027,-0.081,3.284,41.0,25.72,0.0,19.0,3500.0,10.0,11.19,-0.2,-1.0,0.01,8.97,1.79,8.62,514.0,TEST2RR,AKR_TEST2RR,0.0,1.0,1.0,100.0
310200,2,walk,walk,16367,,16367.0,20.0,1.0,6.0,2.0,9.75,-0.027,-0.077,3.275,41.0,25.69,0.0,19.0,3500.0,10.0,11.47,-0.2,-0.99,0.01,8.46,1.95,8.1,514.0,TEST2RR,AKR_TEST2RR,0.0,1.0,1.0,100.0
310220,2,walk,walk,16368,,16368.0,20.0,1.0,6.0,2.0,9.88,-0.027,-0.017,3.314,41.0,25.69,0.0,19.0,3500.0,10.0,11.71,-0.21,-0.99,0.01,7.92,1.97,7.5,514.0,TEST2RR,AKR_TEST2RR,0.0,1.0,1.0,100.0
310220,2,walk,walk,16369,,16369.0,20.0,1.0,6.0,2.0,10.02,-0.027,0.054,3.3,41.0,25.69,0.0,19.0,3500.0,10.0,11.91,-0.21,-0.99,0.02,7.35,1.89,6.84,514.0,TEST2RR,AKR_TEST2RR,0.0,1.0,1.0,100.0
310240,2,walk,walk,16370,,16370.0,20.0,1.0,6.0,2.0,10.16,-0.027,0.093,3.297,41.0,25.69,0.0,19.0,3500.0,10.0,12.06,-0.21,-0.99,0.02,6.74,1.73,6.17,514.0,TEST2RR,AKR_TEST2RR,0.0,1.0,1.0,100.0
310260,2,walk,walk,16371,,16371.0,20.0,1.0,6.0,2.0,10.3,-0.027,0.048,3.332,41.0,25.69,0.0,19.0,3500.0,10.0,12.17,-0.21,-0.99,0.02,6.11,1.53,5.48,514.0,TEST2RR,AKR_TEST2RR,0.0,1.0,1.0,100.0
310280,2,walk,walk,16372,,16372.0,20.0,1.0,6.0,2.0,10.45,-0.027,0.054,3.326,41.0,25.69,0.0,19.0,3500.0,10.0,12.24,-0.22,-0.99,0.02,5.44,1.31,4.81,514.0,TEST2RR,AKR_TEST2RR,0.0,1.0,1.0,100.0
310300,2,walk,walk,16373,,16373.0,20.0,1.0,6.0,2.0,10.6,-0.028,0.001,3.309,41.0,25.69,0.0,19.0,3500.0,10.0,12.28,-0.22,-0.99,0.02,4.73,1.1,4.17,514.0,TEST2RR,AKR_TEST2RR,0.0,1.0,1.0,100.0
310320,2,walk,walk,16374,,16374.0,20.0,1.0,6.0,2.0,10.75,-0.028,0.037,3.334,41.0,25.69,0.0,19.0,3500.0,10.0,12.3,-0.22,-0.99,0.02,4.0,0.91,3.58,514.0,TEST2RR,AKR_TEST2RR,0.0,1.0,1.0,100.0
310380,2,walk,walk,16375,,16375.0,20.0,1.0,6.0,2.0,10.89,-0.028,0.029,3.324,41.0,25.69,0.0,19.0,3500.0,10.0,12.29,-0.22,-0.99,0.02,3.25,0.77,3.03,514.0,TEST2RR,AKR_TEST2RR,0.0,1.0,1.0,100.0
310380,2,walk,walk,16376,,16376.0,20.0,1.0,6.0,2.0,11.03,-0.027,-0.019,3.259,41.0,25.69,0.0,19.0,3500.0,10.0,12.27,-0.22,-0.99,0.03,2.52,0.69,2.53,514.0,TEST2RR,AKR_TEST2RR,0.0,1.0,1.0,100.0
310400,2,walk,walk,16377,,16377.0,20.0,1.0,6.0,2.0,11.16,-0.027,0.014,3.302,41.0,25.69,0.0,19.0,3500.0,10.0,12.23,-0.22,-1.0,0.03,1.82,0.67,2.11,514.0,TEST2RR,AKR_TEST2RR,0.0,1.0,1.0,100.0
310420,2,walk,walk,16378,,16378.0,20.0,1.0,6.0,2.0,11.29,-0.027,0.03,3.233,41.0,25.72,0.0,19.0,3500.0,10.0,12.17,-0.22,-1.0,0.03,1.17,0.69,1.74,514.0,TEST2RR,AKR_TEST2RR,0.0,1.0,1.0,100.0
310420,2,walk,walk,16379,,16379.0,20.0,1.0,6.0,2.0,11.42,-0.027,-0.018,3.247,41.0,25.69,0.0,19.0,3500.0,10.0,12.1,-0.21,-1.0,0.03,0.6,0.77,1.45,514.0,TEST2RR,AKR_TEST2RR,0.0,1.0,1.0,100.0
310460,2,walk,walk,16380,,16380.0,20.0,1.0,6.0,2.0,11.53,-0.026,0.052,3.162,41.0,25.72,0.0,19.0,3500.0,10.0,12.01,-0.21,-1.0,0.02,0.12,0.9,1.24,514.0,TEST2RR,AKR_TEST2RR,0.0,1.0,1.0,100.0
310460,2,walk,walk,16381,,16381.0,20.0,1.0,6.0,2.0,11.64,-0.026,0.009,3.04,41.0,25.72,0.0,19.0,3500.0,10.0,11.9,-0.21,-1.0,0.02,-0.25,1.08,1.13,514.0,TEST2RR,AKR_TEST2RR,0.0,1.0,1.0,100.0
310480,2,walk,walk,16382,,16382.0,20.0,1.0,6.0,2.0,11.73,-0.025,0.087,2.961,41.0,25.72,0.0,19.0,3500.0,10.0,11.76,-0.21,-1.01,0.02,-0.51,1.29,1.16,514.0,TEST2RR,AKR_TEST2RR,0.0,1.0,1.0,100.0
310500,2,walk,walk,16383,,16383.0,20.0,1.0,6.0,2.0,11.82,-0.024,0.081,2.838,41.0,25.76,0.0,19.0,3500.0,10.0,11.61,-0.21,-1.01,0.02,-0.65,1.52,1.33,514.0,TEST2RR,AKR_TEST2RR,0.0,1.0,1.0,100.0
310540,2,walk,walk,16384,,16384.0,20.0,1.0,6.0,2.0,11.9,-0.023,0.07,2.691,41.0,25.76,0.0,19.0,3500.0,10.0,11.44,-0.21,-1.02,0.02,-0.66,1.75,1.68,514.0,TEST2RR,AKR_TEST2RR,0.0,1.0,1.0,100.0
310540,2,walk,walk,16385,,16385.0,20.0,1.0,6.0,2.0,11.97,-0.022,0.025,2.55,41.0,25.79,0.0,19.0,3500.0,10.0,11.25,-0.2,-1.02,0.02,-0.56,1.98,2.25,514.0,TEST2RR,AKR_TEST2RR,0.0,1.0,1.0,100.0
310560,2,walk,walk,16386,,16386.0,20.0,1.0,6.0,2.0,12.04,-0.02,0.122,2.318,41.0,25.79,0.0,19.0,3500.0,10.0,11.05,-0.2,-1.02,0.01,-0.35,2.19,3.04,514.0,TEST2RR,AKR_TEST2RR,0.0,1.0,1.0,100.0
310600,2,walk,walk,16387,,16387.0,20.0,1.0,6.0,2.0,12.1,-0.018,0.198,1.996,41.0,25.83,0.0,19.0,3500.0,10.0,10.85,-0.2,-1.03,0.01,-0.05,2.39,4.07,514.0,TEST2RR,AKR_TEST2RR,0.0,1.0,1.0,100.0
310600,2,walk,walk,16388,,16388.0,20.0,1.0,6.0,2.0,12.15,-0.015,0.108,1.681,41.0,25.86,0.0,19.0,3500.0,10.0,10.65,-0.19,-1.04,0.01,0.32,2.61,5.34,514.0,TEST2RR,AKR_TEST2RR,0.0,1.0,1.0,100.0
310620,2,walk,walk,16389,,16389.0,20.0,2.0,6.0,2.0,12.2,-0.012,0.139,1.407,41.0,25.86,0.0,20.0,3500.0,10.0,10.48,-0.19,-1.04,0.01,0.7,2.85,6.84,514.0,TEST2RR,AKR_TEST2RR,0.0,1.0,1.0,100.0
310660,2,walk,walk,16390,,16390.0,20.0,2.0,6.0,2.0,12.25,-0.01,0.072,1.153,41.0,25.9,0.0,20.0,3500.0,10.0,10.36,-0.19,-1.04,0.01,1.06,3.13,8.54,514.0,TEST2RR,AKR_TEST2RR,0.0,1.0,1.0,100.0
310680,2,walk,walk,16391,,16391.0,20.0,2.0,6.0,2.0,12.29,-0.008,0.187,0.907,41.0,25.9,0.0,20.0,3500.0,10.0,10.3,-0.19,-1.05,0.01,1.38,3.46,10.39,514.0,TEST2RR,AKR_TEST2RR,0.0,1.0,1.0,100.0
310700,2,walk,walk,16392,,16392.0,20.0,2.0,6.0,2.0,12.34,-0.006,0.124,0.748,41.0,25.9,0.0,20.0,3500.0,10.0,10.31,-0.19,-1.05,0.01,1.64,3.86,12.29,514.0,TEST2RR,AKR_TEST2RR,0.0,1.0,1.0,100.0
310720,2,walk,walk,16393,,16393.0,20.0,2.0,6.0,2.0,12.39,-0.006,0.07,0.503,41.0,25.93,0.0,20.0,3500.0,10.0,10.4,-0.19,-1.05,0.02,1.86,4.28,14.13,514.0,TEST2RR,AKR_TEST2RR,0.0,1.0,1.0,100.0
310720,2,walk,walk,16394,,16394.0,20.0,2.0,6.0,2.0,12.46,-0.004,0.111,0.278,41.0,25.9,0.0,20.0,3500.0,10.0,10.55,-0.19,-1.04,0.02,2.04,4.72,15.74,514.0,TEST2RR,AKR_TEST2RR,0.0,1.0,1.0,100.0
310740,2,walk,walk,16395,,16395.0,20.0,2.0,6.0,2.0,12.53,-0.003,-0.042,0.201,41.0,25.9,0.0,20.0,3500.0,10.0,10.77,-0.2,-1.04,0.03,2.21,5.16,17.03,514.0,TEST2RR,AKR_TEST2RR,0.0,1.0,1.0,100.0
310780,2,walk,walk,16396,,16396.0,20.0,2.0,6.0,2.0,12.61,-0.002,0.108,0.056,41.0,25.93,0.0,20.0,3500.0,10.0,11.07,-0.2,-1.03,0.03,2.39,5.59,17.95,514.0,TEST2RR,AKR_TEST2RR,0.0,1.0,1.0,100.0
310780,2,walk,walk,16397,,16397.0,20.0,2.0,6.0,2.0,12.71,-0.001,0.038,-0.084,41.0,25.9,0.0,20.0,3500.0,10.0,11.46,-0.21,-1.02,0.03,2.6,6.06,18.5,514.0,TEST2RR,AKR_TEST2RR,0.0,1.0,1.0,100.0
310800,2,walk,walk,16398,,16398.0,20.0,2.0,6.0,2.0,12.82,0.001,0.034,-0.299,41.0,25.9,0.0,20.0,3500.0,10.0,11.97,-0.22,-1.01,0.03,2.86,6.64,18.84,514.0,TEST2RR,AKR_TEST2RR,0.0,1.0,1.0,100.0
310840,2,walk,walk,16399,,16399.0,20.0,2.0,6.0,2.0,12.95,0.002,0.173,-0.445,41.0,25.93,0.0,19.0,3500.0,10.0,12.6,-0.23,-1.01,0.03,3.17,7.37,19.08,514.0,TEST2RR,AKR_TEST2RR,0.0,1.0,1.0,100.0
310840,2,walk,walk,16400,,16400.0,20.0,2.0,6.0,2.0,13.1,0.004,0.136,-0.746,41.0,25.9,0.0,19.0,3500.0,10.0,13.3,-0.24,-1.0,0.03,3.52,8.18,19.28,514.0,TEST2RR,AKR_TEST2RR,0.0,1.0,1.0,100.0
310860,2,walk,walk,16401,,16401.0,20.0,2.0,6.0,2.0,13.27,0.006,0.148,-0.986,41.0,25.9,0.0,19.0,3500.0,10.0,14.03,-0.25,-1.0,0.03,3.86,8.96,19.52,514.0,TEST2RR,AKR_TEST2RR,0.0,1.0,1.0,100.0
310900,2,walk,walk,16402,,16402.0,20.0,2.0,6.0,2.0,13.46,0.009,0.203,-1.309,41.0,25.9,0.0,19.0,3500.0,10.0,14.78,-0.26,-1.0,0.02,4.14,9.54,19.78,514.0,TEST2RR,AKR_TEST2RR,0.0,1.0,1.0,100.0
310900,2,walk,walk,16403,,16403.0,20.0,2.0,6.0,2.0,13.66,0.012,0.171,-1.706,41.0,25.86,0.0,19.0,3500.0,10.0,15.5,-0.28,-0.99,0.01,4.31,9.76,20.06,514.0,TEST2RR,AKR_TEST2RR,0.0,1.0,1.0,100.0
310920,2,walk,walk,16404,,16404.0,20.0,2.0,6.0,2.0,13.88,0.014,0.065,-1.93,41.0,25.86,0.0,19.0,3500.0,10.0,16.21,-0.29,-0.99,0.0,4.33,9.51,20.31,514.0,TEST2RR,AKR_TEST2RR,0.0,1.0,1.0,100.0
310960,2,walk,walk,16405,,16405.0,20.0,2.0,6.0,2.0,14.12,0.017,0.171,-2.219,41.0,25.83,0.0,19.0,3500.0,10.0,16.89,-0.3,-0.99,-0.01,4.15,8.72,20.51,514.0,TEST2RR,AKR_TEST2RR,0.0,1.0,1.0,100.0
310960,2,walk,walk,16406,,16406.0,20.0,2.0,6.0,2.0,14.38,0.018,0.006,-2.391,41.0,25.83,0.0,19.0,3500.0,10.0,17.53,-0.31,-0.98,-0.02,3.76,7.36,20.63,514.0,TEST2RR,AKR_TEST2RR,0.0,1.0,1.0,100.0
310980,2,walk,walk,16407,,16407.0,20.0,2.0,6.0,2.0,14.65,0.02,0.046,-2.514,41.0,25.83,0.0,19.0,3500.0,10.0,18.12,-0.32,-0.98,-0.02,3.19,5.47,20.62,514.0,TEST2RR,AKR_TEST2RR,0.0,1.0,1.0,100.0
311020,2,walk,walk,16408,,16408.0,20.0,2.0,6.0,2.0,14.94,0.02,0.093,-2.579,41.0,25.79,0.0,19.0,3500.0,10.0,18.68,-0.33,-0.98,-0.03,2.46,3.14,20.44,514.0,TEST2RR,AKR_TEST2RR,0.0,1.0,1.0,100.0
311020,2,walk,walk,16409,,16409.0,20.0,2.0,6.0,2.0,15.25,0.021,-0.014,-2.649,41.0,25.79,0.0,19.0,3500.0,10.0,19.19,-0.34,-0.97,-0.03,1.63,0.51,20.05,514.0,TEST2RR,AKR_TEST2RR,0.0,1.0,1.0,100.0
311040,2,walk,walk,16410,,16410.0,20.0,1.0,6.0,2.0,15.56,0.022,-0.115,-2.701,41.0,25.79,0.0,18.0,3500.0,10.0,19.66,-0.34,-0.96,-0.03,0.74,-2.29,19.42,514.0,TEST2RR,AKR_TEST2RR,0.0,1.0,1.0,100.0
311060,2,walk,walk,16411,,16411.0,20.0,1.0,6.0,2.0,15.89,0.022,-0.037,-2.725,41.0,25.79,0.0,18.0,3500.0,10.0,20.06,-0.35,-0.96,-0.03,-0.14,-5.12,18.5,514.0,TEST2RR,AKR_TEST2RR,0.0,1.0,1.0,100.0
311080,2,walk,walk,16412,,16412.0,20.0,1.0,6.0,2.0,16.23,0.022,0.087,-2.738,41.0,25.79,0.0,18.0,3500.0,10.0,20.38,-0.35,-0.95,-0.03,-0.97,-7.83,17.26,514.0,TEST2RR,AKR_TEST2RR,0.0,1.0,1.0,100.0
311120,2,walk,walk,16413,,16413.0,20.0,1.0,6.0,2.0,16.58,0.022,0.009,-2.701,41.0,25.79,0.0,18.0,3500.0,10.0,20.59,-0.35,-0.94,-0.02,-1.68,-10.31,15.68,514.0,TEST2RR,AKR_TEST2RR,0.0,1.0,1.0,100.0
311120,2,walk,walk,16414,,16414.0,20.0,1.0,6.0,2.0,16.93,0.022,-0.013,-2.712,41.0,25.79,0.0,18.0,3500.0,10.0,20.68,-0.35,-0.94,-0.01,-2.24,-12.43,13.75,514.0,TEST2RR,AKR_TEST2RR,0.0,1.0,1.0,100.0
311140,2,walk,walk,16415,,16415.0,20.0,1.0,6.0,2.0,17.29,0.022,-0.048,-2.699,41.0,25.79,0.0,18.0,3500.0,10.0,20.64,-0.35,-0.93,0.0,-2.61,-14.1,11.46,514.0,TEST2RR,AKR_TEST2RR,0.0,1.0,1.0,100.0
311200,2,walk,walk,16416,,16416.0,20.0,1.0,6.0,2.0,17.65,0.021,-0.018,-2.605,41.0,25.79,0.0,18.0,3500.0,10.0,20.49,-0.35,-0.92,0.01,-2.82,-15.23,8.86,515.0,TEST2RR,AKR_TEST2RR,0.0,1.0,1.0,100.0
311200,2,walk,walk,16417,,16417.0,20.0,1.0,6.0,2.0,18.0,0.021,-0.077,-2.625,41.0,25.79,0.0,18.0,3500.0,10.0,20.24,-0.34,-0.92,0.02,-2.88,-15.79,6.01,515.0,TEST2RR,AKR_TEST2RR,0.0,1.0,1.0,100.0
311200,2,walk,walk,16418,,16418.0,20.0,1.0,6.0,2.0,18.34,0.021,-0.002,-2.59,41.0,25.79,0.0,18.0,3500.0,10.0,19.92,-0.33,-0.92,0.03,-2.81,-15.8,2.97,515.0,TEST2RR,AKR_TEST2RR,0.0,1.0,1.0,100.0
311220,2,walk,walk,16419,,16419.0,20.0,1.0,0.0,5.0,18.67,0.021,-0.003,-2.633,41.0,25.83,0.0,18.0,3500.0,10.0,19.56,-0.33,-0.92,0.04,-2.67,-15.35,-0.19,515.0,TEST2RR,AKR_TEST2RR,0.0,1.0,1.0,100.0
311240,2,walk,walk,16420,,16420.0,20.0,0.0,0.0,6.0,18.98,0.021,0.048,-2.609,41.0,25.83,0.0,19.0,3500.0,10.0,19.13,-0.32,-0.92,0.05,-2.49,-15.08,-3.81,515.0,TEST2RR,AKR_TEST2RR,0.0,1.0,1.0,100.0
311260,2,walk,walk,16421,,16421.0,20.0,0.0,0.0,6.0,19.26,0.021,0.048,-2.609,41.0,25.83,0.0,39.0,3500.0,10.0,18.75,-0.32,-0.93,0.06,-2.28,-15.04,-8.25,515.0,TEST2RR,AKR_TEST2RR,0.0,1.0,1.0,100.0
311280,2,walk,walk,16422,,16422.0,20.0,0.0,0.0,6.0,19.52,0.021,0.048,-2.609,41.0,25.83,0.0,59.0,3500.0,10.0,18.5,-0.31,-0.94,0.07,-1.97,-14.86,-13.02,515.0,TEST2RR,AKR_TEST2RR,0.0,1.0,1.0,100.0
311300,2,walk,walk,16423,,16423.0,20.0,0.0,0.0,6.0,19.74,0.021,0.048,-2.609,41.0,25.83,0.0,79.0,3500.0,10.0,18.4,-0.32,-0.95,0.08,-1.6,-14.16,-17.31,515.0,TEST2RR,AKR_TEST2RR,0.0,1.0,1.0,100.0
311340,2,walk,walk,16424,,16424.0,20.0,0.0,0.0,6.0,19.92,0.139,30.795,0.0,41.0,25.93,0.0,18.0,3500.0,10.0,18.39,-0.32,-0.97,0.08,-1.19,-12.66,-20.57,515.0,TEST2RR,AKR_TEST2RR,0.0,1.0,1.0,100.0
311340,2,walk,walk,16425,,16425.0,20.0,0.0,0.0,6.0,20.06,0.141,0.554,0.0,41.0,25.93,0.0,18.0,3500.0,10.0,18.42,-0.33,-0.98,0.09,-0.77,-10.28,-22.59,515.0,TEST2RR,AKR_TEST2RR,0.0,1.0,1.0,100.0
311360,2,walk,walk,16426,,16426.0,20.0,0.0,0.0,6.0,20.14,0.149,0.612,0.0,41.0,25.93,0.0,18.0,3500.0,10.0,18.45,-0.33,-0.99,0.09,-0.33,-7.07,-23.44,515.0,TEST2RR,AKR_TEST2RR,0.0,1.0,1.0,100.0
311380,2,walk,walk,16427,,16427.0,20.0,0.0,0.0,7.0,20.18,0.155,0.383,0.0,41.0,25.93,0.0,18.0,3500.0,10.0,18.44,-0.33,-1.0,0.1,0.17,-3.13,-23.29,515.0,TEST2RR,AKR_TEST2RR,0.0,1.0,1.0,100.0
311420,2,walk,walk,16428,,16428.0,20.0,0.0,0.0,7.0,20.17,0.16,0.456,0.0,41.0,25.93,0.0,18.0,3500.0,10.0,18.39,-0.33,-1.0,0.1,0.73,1.36,-22.37,515.0,TEST2RR,AKR_TEST2RR,0.0,1.0,1.0,100.0
311420,2,walk,walk,16429,,16429.0,20.0,0.0,0.0,7.0,20.1,0.166,0.493,0.0,41.0,25.93,0.0,18.0,3500.0,10.0,18.29,-0.33,-1.01,0.1,1.32,6.16,-20.95,515.0,TEST2RR,AKR_TEST2RR,0.0,1.0,1.0,100.0
311440,2,walk,walk,16430,,16430.0,20.0,0.0,0.0,7.0,19.99,0.176,0.536,0.0,41.0,25.93,0.0,18.0,3500.0,10.0,18.16,-0.33,-1.01,0.09,1.95,11.08,-19.28,515.0,TEST2RR,AKR_TEST2RR,0.0,1.0,1.0,100.0
311460,2,walk,walk,16431,,16431.0,20.0,0.0,0.0,7.0,19.84,0.18,0.022,0.0,41.0,25.93,0.0,18.0,3500.0,10.0,18.01,-0.33,-1.0,0.09,2.61,15.82,-17.56,515.0,TEST2RR,AKR_TEST2RR,0.0,1.0,1.0,100.0
311480,2,walk,walk,16432,,16432.0,20.0,0.0,0.0,7.0,19.65,0.182,0.057,0.0,41.0,25.93,0.0,18.0,3500.0,10.0,17.86,-0.32,-1.0,0.08,3.31,19.97,-15.97,515.0,TEST2RR,AKR_TEST2RR,0.0,1.0,1.0,100.0
311520,2,walk,walk,16433,,16433.0,20.0,0.0,0.0,7.0,19.42,0.183,0.062,0.0,41.0,25.93,0.0,18.0,3500.0,10.0,17.69,-0.32,-1.0,0.07,4.06,22.9,-14.77,515.0,TEST2RR,AKR_TEST2RR,0.0,1.0,1.0,100.0
311520,2,walk,walk,16434,,16434.0,20.0,0.0,0.0,7.0,19.18,0.183,-0.034,0.0,41.0,25.93,0.0,18.0,3500.0,10.0,17.49,-0.31,-0.99,0.06,4.92,23.85,-14.27,515.0,TEST2RR,AKR_TEST2RR,0.0,1.0,1.0,100.0
311540,2,walk,walk,16435,,16435.0,20.0,0.0,0.0,7.0,18.91,0.185,0.35,0.0,41.0,25.93,0.0,18.0,3500.0,10.0,17.23,-0.3,-0.98,0.04,5.89,21.96,-14.83,515.0,TEST2RR,AKR_TEST2RR,0.0,1.0,1.0,100.0
311560,2,walk,walk,16436,,16436.0,20.0,0.0,0.0,7.0,18.63,0.197,1.201,0.0,41.0,25.93,0.0,18.0,3500.0,10.0,16.84,-0.29,-0.97,0.03,6.94,16.73,-16.83,515.0,TEST2RR,AKR_TEST2RR,0.0,1.0,1.0,100.0
311580,2,walk,walk,16437,,16437.0,20.0,0.0,0.0,7.0,18.35,0.211,0.553,0.0,41.0,25.93,0.0,18.0,3500.0,10.0,16.25,-0.28,-0.97,0.01,7.95,8.28,-20.42,515.0,TEST2RR,AKR_TEST2RR,0.0,1.0,1.0,100.0
311600,2,walk,walk,16438,,16438.0,20.0,0.0,0.0,7.0,18.05,0.211,-0.15,0.0,41.0,25.93,0.0,18.0,3500.0,10.0,15.37,-0.26,-0.96,0.0,8.75,-2.56,-25.48,515.0,TEST2RR,AKR_TEST2RR,0.0,1.0,1.0,100.0
311640,2,walk,walk,16439,,16439.0,20.0,0.0,0.0,7.0,17.74,0.205,-0.582,0.0,41.0,25.93,0.0,18.0,3500.0,10.0,14.12,-0.24,-0.95,-0.01,9.15,-14.44,-31.65,515.0,TEST2RR,AKR_TEST2RR,0.0,1.0,1.0,100.0
311660,2,walk,walk,16440,,16440.0,20.0,0.0,0.0,7.0,17.42,0.197,-0.461,0.0,41.0,25.93,0.0,18.0,3500.0,10.0,12.45,-0.21,-0.95,-0.01,9.02,-25.78,-38.45,515.0,TEST2RR,AKR_TEST2RR,0.0,1.0,1.0,100.0
311660,2,walk,walk,16441,,16441.0,20.0,0.0,0.0,7.0,17.08,0.195,-0.061,0.0,41.0,25.93,0.0,18.0,3500.0,10.0,10.37,-0.17,-0.95,-0.01,8.28,-35.05,-45.36,515.0,TEST2RR,AKR_TEST2RR,0.0,1.0,1.0,100.0
311700,2,walk,walk,16442,,16442.0,20.0,0.0,0.0,7.0,16.72,0.196,-0.014,0.0,41.0,25.93,0.0,18.0,3500.0,10.0,8.01,-0.14,-0.96,-0.01,6.95,-41.09,-51.89,515.0,TEST2RR,AKR_TEST2RR,0.0,1.0,1.0,100.0
311700,2,walk,walk,16443,,16443.0,20.0,0.0,0.0,7.0,16.32,0.196,0.111,0.0,41.0,25.97,0.0,18.0,3500.0,10.0,5.51,-0.09,-0.97,0.0,5.16,-43.26,-57.71,515.0,TEST2RR,AKR_TEST2RR,0.0,1.0,1.0,100.0
311740,2,walk,walk,16444,,16444.0,20.0,0.0,0.0,7.0,15.88,0.197,-0.084,0.0,41.0,25.93,0.0,18.0,3500.0,10.0,3.07,-0.05,-0.98,0.0,3.11,-41.54,-62.64,515.0,TEST2RR,AKR_TEST2RR,0.0,1.0,1.0,100.0
311740,2,walk,walk,16445,,16445.0,20.0,0.0,0.0,7.0,15.38,0.199,0.036,0.0,41.0,25.93,0.0,18.0,3500.0,10.0,0.87,-0.02,-0.99,0.01,1.02,-36.46,-66.58,515.0,TEST2RR,AKR_TEST2RR,0.0,1.0,1.0,100.0
311760,2,walk,walk,16446,,16446.0,20.0,0.0,0.0,7.0,14.82,0.199,0.072,0.0,41.0,25.93,0.0,18.0,3500.0,10.0,-0.98,0.02,-1.01,0.01,-0.88,-28.95,-69.53,515.0,TEST2RR,AKR_TEST2RR,0.0,1.0,1.0,100.0
311780,2,walk,walk,16447,,16447.0,20.0,0.0,0.0,7.0,14.18,0.199,-0.006,0.0,41.0,25.93,0.0,18.0,3500.0,10.0,-2.41,0.04,-1.03,0.01,-2.43,-20.18,-71.57,515.0,TEST2RR,AKR_TEST2RR,0.0,1.0,1.0,100.0
311800,2,walk,walk,16448,,16448.0,20.0,0.0,0.0,7.0,13.47,0.199,0.155,0.0,41.0,25.93,0.0,18.0,3500.0,10.0,-3.42,0.06,-1.04,0.01,-3.57,-11.33,-72.77,515.0,TEST2RR,AKR_TEST2RR,0.0,1.0,1.0,100.0
311860,2,walk,walk,16449,,16449.0,20.0,0.0,0.0,7.0,12.68,0.199,-0.034,0.0,41.0,25.93,0.0,18.0,3500.0,10.0,-4.05,0.07,-1.05,0.01,-4.28,-3.39,-73.24,515.0,TEST2RR,AKR_TEST2RR,0.0,1.0,1.0,100.0
311860,2,walk,walk,16450,,16450.0,20.0,0.0,0.0,7.0,11.81,0.199,-0.014,0.0,41.0,25.93,0.0,18.0,3500.0,10.0,-4.39,0.08,-1.06,0.01,-4.62,2.96,-73.04,515.0,TEST2RR,AKR_TEST2RR,0.0,1.0,1.0,100.0
311860,2,walk,walk,16451,,16451.0,20.0,0.0,0.0,7.0,10.86,0.199,-0.025,0.0,41.0,25.93,0.0,18.0,3500.0,10.0,-4.55,0.09,-1.07,0.0,-4.68,7.43,-72.23,515.0,TEST2RR,AKR_TEST2RR,0.0,1.0,1.0,100.0
311900,2,walk,walk,16452,,16452.0,20.0,0.0,0.0,7.0,9.83,0.199,-0.006,0.0,41.0,25.93,0.0,18.0,3500.0,10.0,-4.62,0.09,-1.07,-0.01,-4.54,10.13,-70.85,515.0,TEST2RR,AKR_TEST2RR,0.0,1.0,1.0,100.0
311920,2,walk,walk,16453,,16453.0,20.0,0.0,0.0,7.0,8.74,0.199,0.066,0.0,41.0,25.93,0.0,18.0,3500.0,10.0,-4.69,0.09,-1.08,-0.01,-4.26,11.46,-68.92,515.0,TEST2RR,AKR_TEST2RR,0.0,1.0,1.0,100.0
311920,2,walk,walk,16454,,16454.0,20.0,0.0,0.0,7.0,7.6,0.199,-0.1,0.0,41.0,25.93,0.0,18.0,3500.0,10.0,-4.82,0.09,-1.07,-0.01,-3.92,11.99,-66.45,515.0,TEST2RR,AKR_TEST2RR,0.0,1.0,1.0,100.0
311940,2,walk,walk,16455,,16455.0,20.0,0.0,0.0,7.0,6.4,0.199,0.014,0.0,41.0,25.93,0.0,18.0,3500.0,10.0,-5.05,0.09,-1.07,-0.02,-3.57,12.31,-63.44,515.0,TEST2RR,AKR_TEST2RR,0.0,1.0,1.0,100.0
311960,2,walk,walk,16456,,16456.0,20.0,0.0,0.0,7.0,5.16,0.199,-0.13,0.0,41.0,25.93,0.0,18.0,3500.0,10.0,-5.38,0.1,-1.06,-0.02,-3.32,12.89,-59.93,515.0,TEST2RR,AKR_TEST2RR,0.0,1.0,1.0,100.0
312000,2,walk,walk,16457,,16457.0,20.0,0.0,0.0,7.0,3.9,0.199,-0.056,0.0,41.0,25.93,0.0,18.0,3500.0,10.0,-5.78,0.11,-1.05,-0.02,-3.24,14.0,-56.0,515.0,TEST2RR,AKR_TEST2RR,0.0,1.0,1.0,100.0
312000,2,walk,walk,16458,,16458.0,20.0,0.0,0.0,7.0,2.63,0.199,-0.03,0.0,41.0,25.93,0.0,18.0,3500.0,10.0,-6.24,0.11,-1.04,-0.02,-3.41,15.69,-51.8,515.0,TEST2RR,AKR_TEST2RR,0.0,1.0,1.0,100.0
312020,2,walk,walk,16459,,16459.0,20.0,0.0,0.0,7.0,1.35,0.199,0.1,0.0,41.0,25.93,0.0,18.0,3500.0,10.0,-6.71,0.12,-1.03,-0.03,-3.86,17.83,-47.46,515.0,TEST2RR,AKR_TEST2RR,0.0,1.0,1.0,100.0
312060,2,walk,walk,16460,,16460.0,20.0,0.0,0.0,7.0,0.08,0.199,-0.029,0.0,41.0,25.93,0.0,18.0,3500.0,10.0,-7.14,0.13,-1.01,-0.03,-4.6,20.15,-43.14,515.0,TEST2RR,AKR_TEST2RR,0.0,1.0,1.0,100.0
312080,2,walk,walk,16461,,16461.0,20.0,0.0,0.0,7.0,-1.18,0.199,-0.007,0.0,41.0,25.93,0.0,18.0,3500.0,10.0,-7.51,0.13,-1.0,-0.03,-5.61,22.34,-38.98,515.0,TEST2RR,AKR_TEST2RR,0.0,1.0,1.0,100.0
312080,2,walk,walk,16462,,16462.0,20.0,0.0,0.0,7.0,-2.4,0.199,-0.064,0.0,41.0,25.93,0.0,18.0,3500.0,10.0,-7.77,0.13,-0.99,-0.04,-6.86,24.11,-35.02,515.0,TEST2RR,AKR_TEST2RR,0.0,1.0,1.0,100.0
312100,2,walk,walk,16463,,16463.0,20.0,0.0,0.0,7.0,-3.59,0.199,-0.061,0.0,41.0,25.93,0.0,18.0,3500.0,10.0,-7.91,0.14,-0.97,-0.04,-8.32,25.27,-31.26,515.0,TEST2RR,AKR_TEST2RR,0.0,1.0,1.0,100.0
312120,2,walk,walk,16464,,16464.0,20.0,0.0,0.0,7.0,-4.73,0.199,0.023,0.0,41.0,25.93,0.0,18.0,3500.0,10.0,-7.9,0.13,-0.96,-0.05,-9.92,25.78,-27.62,515.0,TEST2RR,AKR_TEST2RR,0.0,1.0,1.0,100.0
312140,2,walk,walk,16465,,16465.0,20.0,0.0,0.0,7.0,-5.82,0.199,-0.053,0.0,41.0,25.93,0.0,18.0,3500.0,10.0,-7.76,0.13,-0.96,-0.05,-11.58,25.72,-23.94,516.0,TEST2RR,AKR_TEST2RR,0.0,1.0,1.0,100.0
312180,2,walk,walk,16466,,16466.0,20.0,0.0,0.0,7.0,-6.86,0.199,-0.011,0.0,41.0,25.93,0.0,18.0,3500.0,10.0,-7.48,0.12,-0.95,-0.05,-13.21,25.3,-20.06,516.0,TEST2RR,AKR_TEST2RR,0.0,1.0,1.0,100.0
312180,2,walk,walk,16467,,16467.0,20.0,0.0,0.0,7.0,-7.83,0.199,0.001,0.0,41.0,25.93,0.0,18.0,3500.0,10.0,-7.09,0.12,-0.94,-0.05,-14.72,24.76,-15.81,516.0,TEST2RR,AKR_TEST2RR,0.0,1.0,1.0,100.0
312200,2,walk,walk,16468,,16468.0,20.0,0.0,0.0,7.0,-8.74,0.199,-0.065,0.0,41.0,25.93,0.0,18.0,3500.0,10.0,-6.59,0.11,-0.94,-0.05,-16.06,24.29,-11.12,516.0,TEST2RR,AKR_TEST2RR,0.0,1.0,1.0,100.0
312220,2,walk,walk,16469,,16469.0,20.0,0.0,0.0,7.0,-9.57,0.199,-0.07,0.0,41.0,25.93,0.0,18.0,3500.0,10.0,-6.01,0.1,-0.94,-0.04,-17.2,24.0,-5.97,516.0,TEST2RR,AKR_TEST2RR,0.0,1.0,1.0,100.0
312240,2,walk,walk,16470,,16470.0,20.0,0.0,0.0,1.0,-10.33,0.199,0.018,0.0,41.0,25.93,0.0,18.0,3500.0,10.0,-5.33,0.09,-0.94,-0.04,-18.11,23.82,-0.42,516.0,TEST2RR,AKR_TEST2RR,0.0,1.0,1.0,100.0
312260,2,walk,walk,16471,,16471.0,20.0,0.0,0.0,1.0,-11.01,0.199,0.101,0.0,41.0,25.93,0.0,18.0,3500.0,10.0,-4.72,0.08,-0.95,-0.03,-18.85,23.38,5.26,516.0,TEST2RR,AKR_TEST2RR,0.0,1.0,1.0,100.0
312280,2,walk,walk,16472,,16472.0,20.0,0.0,0.0,1.0,-11.61,0.206,1.204,0.0,41.0,25.93,0.0,18.0,3500.0,10.0,-4.5,0.08,-0.96,-0.02,-19.11,22.92,10.29,516.0,TEST2RR,AKR_TEST2RR,0.0,1.0,1.0,100.0
312320,2,walk,walk,16473,,16473.0,20.0,0.0,0.0,1.0,-12.13,0.224,0.438,0.0,41.0,25.93,0.0,18.0,3500.0,10.0,-4.99,0.08,-0.97,-0.01,-18.73,21.94,14.02,516.0,TEST2RR,AKR_TEST2RR,0.0,1.0,1.0,100.0
312340,2,walk,walk,16474,,16474.0,20.0,0.0,0.0,1.0,-12.55,0.246,3.154,0.0,41.0,25.93,0.0,18.0,3500.0,10.0,-6.27,0.11,-0.99,0.0,-17.81,20.32,16.23,516.0,TEST2RR,AKR_TEST2RR,0.0,1.0,1.0,100.0
312340,2,walk,walk,16475,,16475.0,20.0,0.0,0.0,1.0,-12.89,0.296,0.751,0.0,41.0,25.93,0.0,18.0,3500.0,10.0,-7.97,0.14,-1.01,0.02,-16.64,17.96,17.51,516.0,TEST2RR,AKR_TEST2RR,0.0,1.0,1.0,100.0
312380,2,walk,walk,16476,,16476.0,20.0,0.0,0.0,1.0,-13.15,0.269,-2.642,0.0,41.0,25.93,0.0,18.0,3500.0,10.0,-9.78,0.18,-1.02,0.03,-15.46,15.12,18.54,516.0,TEST2RR,AKR_TEST2RR,0.0,1.0,1.0,100.0
312380,2,walk,walk,16477,,16477.0,20.0,0.0,0.0,1.0,-13.32,0.237,-1.487,0.0,41.0,25.93,0.0,18.0,3500.0,10.0,-11.46,0.21,-1.04,0.05,-14.36,12.14,19.78,516.0,TEST2RR,AKR_TEST2RR,0.0,1.0,1.0,100.0
312400,2,walk,walk,16478,,16478.0,20.0,0.0,0.0,1.0,-13.42,0.219,-1.522,0.0,41.0,25.93,0.0,18.0,3500.0,10.0,-12.88,0.24,-1.05,0.06,-13.28,9.27,21.53,516.0,TEST2RR,AKR_TEST2RR,0.0,1.0,1.0,100.0
312420,2,walk,walk,16479,,16479.0,20.0,0.0,0.0,1.0,-13.44,0.192,-1.607,0.0,41.0,25.93,0.0,18.0,3500.0,10.0,-13.95,0.26,-1.06,0.07,-12.09,6.66,23.88,516.0,TEST2RR,AKR_TEST2RR,0.0,1.0,1.0,100.0
312460,2,walk,walk,16480,,16480.0,20.0,0.0,0.0,1.0,-13.4,0.171,-1.279,0.0,41.0,25.93,0.0,18.0,3500.0,10.0,-14.67,0.28,-1.07,0.07,-10.67,4.44,26.8,516.0,TEST2RR,AKR_TEST2RR,0.0,1.0,1.0,100.0
312480,2,walk,walk,16481,,16481.0,20.0,0.0,0.0,1.0,-13.3,0.148,-1.635,0.0,41.0,25.93,0.0,18.0,3500.0,10.0,-15.05,0.29,-1.07,0.06,-9.01,2.72,30.18,516.0,TEST2RR,AKR_TEST2RR,0.0,1.0,1.0,100.0
312500,2,walk,walk,16482,,16482.0,20.0,0.0,0.0,1.0,-13.15,0.126,-1.568,0.0,41.0,25.93,0.0,18.0,3500.0,10.0,-15.11,0.29,-1.08,0.05,-7.15,1.56,33.84,516.0,TEST2RR,AKR_TEST2RR,0.0,1.0,1.0,100.0
312500,2,walk,walk,16483,,16483.0,20.0,0.0,0.0,1.0,-12.95,0.104,-1.597,0.0,41.0,25.93,0.0,18.0,3500.0,10.0,-14.9,0.29,-1.08,0.05,-5.22,0.9,37.57,516.0,TEST2RR,AKR_TEST2RR,0.0,1.0,1.0,100.0
312520,2,walk,walk,16484,,16484.0,20.0,0.0,0.0,1.0,-12.71,0.083,-1.466,0.0,41.0,25.93,0.0,18.0,3500.0,10.0,-14.44,0.28,-1.08,0.04,-3.31,0.66,41.17,516.0,TEST2RR,AKR_TEST2RR,0.0,1.0,1.0,100.0
312540,2,walk,walk,16485,,16485.0,20.0,0.0,0.0,1.0,-12.42,0.064,-1.005,0.0,41.0,25.93,0.0,18.0,3500.0,10.0,-13.76,0.26,-1.07,0.03,-1.5,0.67,44.44,516.0,TEST2RR,AKR_TEST2RR,0.0,1.0,1.0,100.0
312560,2,walk,walk,16486,,16486.0,20.0,0.0,0.0,1.0,-12.09,0.045,-1.17,0.0,41.0,25.93,0.0,18.0,3500.0,10.0,-12.89,0.24,-1.07,0.02,0.15,0.83,47.16,516.0,TEST2RR,AKR_TEST2RR,0.0,1.0,1.0,100.0
312580,2,walk,walk,16487,,16487.0,20.0,0.0,0.0,1.0,-11.71,0.032,-0.938,0.0,41.0,25.93,0.0,18.0,3500.0,10.0,-11.85,0.22,-1.06,0.02,1.63,1.05,49.21,516.0,TEST2RR,AKR_TEST2RR,0.0,1.0,1.0,100.0
312600,2,walk,walk,16488,,16488.0,20.0,0.0,0.0,1.0,-11.3,0.018,-0.832,0.0,41.0,25.93,0.0,18.0,3500.0,10.0,-10.7,0.2,-1.06,0.01,2.93,1.28,50.52,516.0,TEST2RR,AKR_TEST2RR,0.0,1.0,1.0,100.0
312620,2,walk,walk,16489,,16489.0,20.0,0.0,0.0,1.0,-10.84,0.008,-0.962,0.0,41.0,25.93,0.0,18.0,3500.0,10.0,-9.47,0.17,-1.05,0.01,4.04,1.49,51.14,516.0,TEST2RR,AKR_TEST2RR,0.0,1.0,1.0,100.0
312660,2,walk,walk,16490,,16490.0,20.0,0.0,0.0,1.0,-10.33,-0.007,-0.789,0.0,41.0,25.93,0.0,18.0,3500.0,10.0,-8.2,0.15,-1.04,0.01,4.95,1.66,51.14,516.0,TEST2RR,AKR_TEST2RR,0.0,1.0,1.0,100.0
312660,2,walk,walk,16491,,16491.0,20.0,0.0,0.0,1.0,-9.79,-0.018,-0.848,0.0,41.0,25.93,0.0,18.0,3500.0,10.0,-6.92,0.13,-1.04,0.01,5.67,1.79,50.63,516.0,TEST2RR,AKR_TEST2RR,0.0,1.0,1.0,100.0
312700,2,walk,walk,16492,,16492.0,20.0,0.0,0.0,1.0,-9.2,-0.031,-0.471,0.0,41.0,25.93,0.0,18.0,3500.0,10.0,-5.66,0.1,-1.03,0.0,6.16,1.86,49.61,516.0,TEST2RR,AKR_TEST2RR,0.0,1.0,1.0,100.0
312700,2,walk,walk,16493,,16493.0,20.0,0.0,0.0,1.0,-8.57,-0.036,-0.258,0.0,41.0,25.93,0.0,18.0,3500.0,10.0,-4.41,0.08,-1.03,0.0,6.41,1.87,48.07,516.0,TEST2RR,AKR_TEST2RR,0.0,1.0,1.0,100.0
312720,2,walk,walk,16494,,16494.0,20.0,0.0,0.0,1.0,-7.91,-0.041,-0.336,0.0,41.0,25.93,0.0,18.0,3500.0,10.0,-3.2,0.06,-1.02,0.01,6.41,1.88,46.1,516.0,TEST2RR,AKR_TEST2RR,0.0,1.0,1.0,100.0
312740,2,walk,walk,16495,,16495.0,20.0,0.0,0.0,1.0,-7.22,-0.047,-0.656,0.0,41.0,25.93,0.0,18.0,3500.0,10.0,-2.07,0.04,-1.02,0.01,6.15,1.9,43.81,516.0,TEST2RR,AKR_TEST2RR,0.0,1.0,1.0,100.0
312760,2,walk,walk,16496,,16496.0,20.0,0.0,0.0,1.0,-6.49,-0.054,-0.34,0.0,41.0,25.97,0.0,18.0,3500.0,10.0,-1.0,0.02,-1.02,0.01,5.63,1.93,41.29,516.0,TEST2RR,AKR_TEST2RR,0.0,1.0,1.0,100.0
312800,2,walk,walk,16497,,16497.0,20.0,0.0,0.0,1.0,-5.75,-0.059,-0.288,0.0,41.0,25.93,0.0,18.0,3500.0,10.0,-0.02,0.0,-1.01,0.01,4.88,1.98,38.58,516.0,TEST2RR,AKR_TEST2RR,0.0,1.0,1.0,100.0
312820,2,walk,walk,16498,,16498.0,20.0,0.0,0.0,1.0,-4.99,-0.062,-0.072,0.0,41.0,25.93,0.0,18.0,3500.0,10.0,0.9,-0.02,-1.01,0.01,3.92,2.04,35.71,516.0,TEST2RR,AKR_TEST2RR,0.0,1.0,1.0,100.0
312820,2,walk,walk,16499,,16499.0,20.0,0.0,0.0,1.0,-4.22,-0.063,-0.054,0.0,41.0,25.97,0.0,18.0,3500.0,10.0,1.75,-0.03,-1.01,0.01,2.82,2.11,32.69,516.0,TEST2RR,AKR_TEST2RR,0.0,1.0,1.0,100.0
312840,2,walk,walk,16500,,16500.0,20.0,0.0,0.0,1.0,-3.44,-0.063,0.045,0.0,41.0,25.93,0.0,18.0,3500.0,10.0,2.53,-0.04,-1.01,0.02,1.62,2.18,29.54,516.0,TEST2RR,AKR_TEST2RR,0.0,1.0,1.0,100.0
312860,2,walk,walk,16501,,16501.0,20.0,0.0,0.0,1.0,-2.67,-0.063,0.044,0.0,41.0,25.93,0.0,18.0,3500.0,10.0,3.23,-0.06,-1.01,0.02,0.35,2.25,26.26,516.0,TEST2RR,AKR_TEST2RR,0.0,1.0,1.0,100.0
312880,2,walk,walk,16502,,16502.0,20.0,0.0,0.0,1.0,-1.9,-0.062,0.052,0.0,41.0,25.93,0.0,18.0,3500.0,10.0,3.87,-0.07,-1.01,0.02,-0.98,2.33,22.83,516.0,TEST2RR,AKR_TEST2RR,0.0,1.0,1.0,100.0
312920,2,walk,walk,16503,,16503.0,20.0,0.0,0.0,1.0,-1.15,-0.057,0.359,0.0,41.0,25.93,0.0,18.0,3500.0,10.0,4.44,-0.08,-1.01,0.01,-2.39,2.41,19.24,516.0,TEST2RR,AKR_TEST2RR,0.0,1.0,1.0,100.0
312940,2,walk,walk,16504,,16504.0,20.0,0.0,0.0,1.0,-0.42,-0.05,0.428,0.0,41.0,25.93,0.0,18.0,3500.0,10.0,4.92,-0.09,-1.01,0.01,-3.9,2.47,15.49,516.0,TEST2RR,AKR_TEST2RR,0.0,1.0,1.0,100.0
312960,2,walk,walk,16505,,16505.0,20.0,0.0,0.0,1.0,0.28,-0.043,0.604,0.0,41.0,25.93,0.0,18.0,3500.0,10.0,5.33,-0.09,-1.01,0.01,-5.48,2.49,11.61,516.0,TEST2RR,AKR_TEST2RR,0.0,1.0,1.0,100.0
312960,2,walk,walk,16506,,16506.0,20.0,0.0,0.0,1.0,0.95,-0.031,0.567,0.0,41.0,25.93,0.0,18.0,3500.0,10.0,5.64,-0.1,-1.01,0.01,-7.09,2.47,7.75,516.0,TEST2RR,AKR_TEST2RR,0.0,1.0,1.0,100.0
312980,2,walk,walk,16507,,16507.0,20.0,0.0,0.0,1.0,1.59,-0.027,0.155,0.0,41.0,25.93,0.0,18.0,3500.0,10.0,5.82,-0.1,-1.01,0.01,-8.63,2.4,4.17,516.0,TEST2RR,AKR_TEST2RR,0.0,1.0,1.0,100.0
313000,2,walk,walk,16508,,16508.0,20.0,0.0,0.0,1.0,2.19,-0.027,-0.018,0.0,41.0,25.97,0.0,18.0,3500.0,10.0,5.88,-0.1,-1.01,0.0,-9.99,2.28,1.1,516.0,TEST2RR,AKR_TEST2RR,0.0,1.0,1.0,100.0
313020,2,walk,walk,16509,,16509.0,20.0,1.0,0.0,1.0,2.74,-0.027,0.021,0.0,41.0,25.93,0.0,19.0,3500.0,10.0,5.81,-0.1,-1.01,0.0,-11.05,2.11,-1.25,516.0,TEST2RR,AKR_TEST2RR,0.0,1.0,1.0,100.0
313060,2,walk,walk,16510,,16510.0,20.0,2.0,0.0,1.0,3.24,-0.03,-0.363,0.0,41.0,25.93,0.0,20.0,3500.0,10.0,5.65,-0.1,-1.01,-0.01,-11.73,1.87,-2.75,516.0,TEST2RR,AKR_TEST2RR,0.0,1.0,1.0,100.0
313060,2,walk,walk,16511,,16511.0,20.0,2.0,0.0,1.0,3.7,-0.037,-0.44,0.0,41.0,25.93,0.0,20.0,3500.0,10.0,5.42,-0.1,-1.01,-0.02,-11.98,1.63,-3.29,516.0,TEST2RR,AKR_TEST2RR,0.0,1.0,1.0,100.0
313080,2,walk,walk,16512,,16512.0,20.0,1.0,0.0,1.0,4.1,-0.047,-1.053,0.0,41.0,25.93,0.0,19.0,3500.0,10.0,5.15,-0.09,-1.02,-0.03,-11.8,1.45,-2.89,517.0,TEST2RR,AKR_TEST2RR,0.0,1.0,1.0,100.0
313120,2,walk,walk,16513,,16513.0,20.0,1.0,0.0,1.0,4.45,-0.058,-0.532,0.0,41.0,25.93,0.0,19.0,3500.0,10.0,4.89,-0.09,-1.02,-0.04,-11.23,1.33,-1.67,517.0,TEST2RR,AKR_TEST2RR,0.0,1.0,1.0,100.0
313120,2,walk,walk,16514,,16514.0,20.0,1.0,0.0,1.0,4.76,-0.065,-0.355,0.0,41.0,25.93,0.0,19.0,3500.0,10.0,4.67,-0.08,-1.02,-0.05,-10.31,1.27,0.14,517.0,TEST2RR,AKR_TEST2RR,0.0,1.0,1.0,100.0
313140,2,walk,walk,16515,,16515.0,20.0,0.0,0.0,1.0,5.01,-0.073,-0.683,0.0,41.0,25.93,0.0,18.0,3500.0,10.0,4.51,-0.08,-1.03,-0.05,-9.11,1.25,2.33,517.0,TEST2RR,AKR_TEST2RR,0.0,1.0,1.0,100.0
313180,2,walk,walk,16516,,16516.0,20.0,0.0,0.0,1.0,5.23,-0.082,-0.594,0.0,41.0,25.93,0.0,18.0,3500.0,10.0,4.41,-0.08,-1.03,-0.06,-7.7,1.23,4.74,517.0,TEST2RR,AKR_TEST2RR,0.0,1.0,1.0,100.0
313180,2,walk,walk,16517,,16517.0,20.0,0.0,0.0,1.0,5.41,-0.093,-0.837,0.0,41.0,25.93,0.0,18.0,3500.0,10.0,4.36,-0.08,-1.03,-0.07,-6.17,1.19,7.28,517.0,TEST2RR,AKR_TEST2RR,0.0,1.0,1.0,100.0
313200,2,walk,walk,16518,,16518.0,20.0,0.0,0.0,1.0,5.56,-0.111,-1.319,0.0,41.0,25.93,0.0,18.0,3500.0,10.0,4.36,-0.08,-1.03,-0.07,-4.6,1.1,10.05,517.0,TEST2RR,AKR_TEST2RR,0.0,1.0,1.0,100.0
313220,2,walk,walk,16519,,16519.0,20.0,0.0,0.0,1.0,5.69,-0.138,-2.316,0.0,41.0,25.93,0.0,18.0,3500.0,10.0,4.37,-0.08,-1.03,-0.07,-3.03,0.96,13.31,517.0,TEST2RR,AKR_TEST2RR,0.0,1.0,1.0,100.0
313260,2,walk,walk,16520,,16520.0,20.0,0.0,0.0,1.0,5.81,-0.172,-2.161,0.0,41.0,25.93,0.0,18.0,3500.0,10.0,4.42,-0.08,-1.03,-0.07,-1.48,0.7,17.31,517.0,TEST2RR,AKR_TEST2RR,0.0,1.0,1.0,100.0
313280,2,walk,walk,16521,,16521.0,20.0,0.0,0.0,1.0,5.92,-0.203,-1.779,0.0,41.0,25.93,0.0,18.0,3500.0,10.0,4.56,-0.08,-1.03,-0.08,0.07,0.42,22.08,517.0,TEST2RR,AKR_TEST2RR,0.0,1.0,1.0,100.0
313280,2,walk,walk,16522,,16522.0,20.0,0.0,0.0,1.0,6.02,-0.221,-0.71,0.0,41.0,25.93,0.0,18.0,3500.0,10.0,4.87,-0.09,-1.04,-0.08,1.66,0.18,27.22,517.0,TEST2RR,AKR_TEST2RR,0.0,1.0,1.0,100.0
313300,2,walk,walk,16523,,16523.0,20.0,0.0,0.0,1.0,6.14,-0.229,-0.46,0.0,41.0,25.93,0.0,18.0,3500.0,10.0,5.38,-0.1,-1.04,-0.08,3.33,-0.07,32.17,517.0,TEST2RR,AKR_TEST2RR,0.0,1.0,1.0,100.0
313340,2,walk,walk,16524,,16524.0,20.0,0.0,0.0,1.0,6.28,-0.231,-0.107,0.0,41.0,25.93,0.0,18.0,3500.0,10.0,6.08,-0.11,-1.03,-0.08,5.11,-0.35,36.35,517.0,TEST2RR,AKR_TEST2RR,0.0,1.0,1.0,100.0
313340,2,walk,walk,16525,,16525.0,20.0,0.0,0.0,1.0,6.44,-0.232,-0.021,0.0,41.0,25.93,0.0,18.0,3500.0,10.0,6.95,-0.13,-1.03,-0.08,6.96,-0.67,39.4,517.0,TEST2RR,AKR_TEST2RR,0.0,1.0,1.0,100.0
313360,2,walk,walk,16526,,16526.0,20.0,0.0,0.0,1.0,6.63,-0.231,-0.017,0.0,41.0,25.93,0.0,18.0,3500.0,10.0,7.93,-0.14,-1.02,-0.08,8.78,-1.01,41.13,517.0,TEST2RR,AKR_TEST2RR,0.0,1.0,1.0,100.0
313380,2,walk,walk,16527,,16527.0,20.0,0.0,0.0,1.0,6.87,-0.231,0.053,0.0,41.0,25.93,0.0,18.0,3500.0,10.0,8.99,-0.16,-1.02,-0.08,10.45,-1.32,41.52,517.0,TEST2RR,AKR_TEST2RR,0.0,1.0,1.0,100.0
313400,2,walk,walk,16528,,16528.0,20.0,0.0,0.0,1.0,7.14,-0.23,0.104,0.0,41.0,25.93,0.0,18.0,3500.0,10.0,10.06,-0.18,-1.01,-0.07,11.84,-1.56,40.65,517.0,TEST2RR,AKR_TEST2RR,0.0,1.0,1.0,100.0
313440,2,walk,walk,16529,,16529.0,20.0,0.0,0.0,1.0,7.46,-0.228,0.187,0.0,41.0,25.93,0.0,18.0,3500.0,10.0,11.09,-0.2,-1.0,-0.06,12.85,-1.71,38.72,517.0,TEST2RR,AKR_TEST2RR,0.0,1.0,1.0,100.0
313440,2,walk,walk,16530,,16530.0,20.0,0.0,0.0,1.0,7.83,-0.227,0.057,0.0,41.0,25.93,0.0,18.0,3500.0,10.0,12.02,-0.21,-0.99,-0.06,13.45,-1.79,36.03,517.0,TEST2RR,AKR_TEST2RR,0.0,1.0,1.0,100.0
313460,2,walk,walk,16531,,16531.0,20.0,0.0,0.0,1.0,8.24,-0.228,0.054,0.0,41.0,25.93,0.0,18.0,3500.0,10.0,12.83,-0.23,-0.99,-0.05,13.64,-1.78,32.9,517.0,TEST2RR,AKR_TEST2RR,0.0,1.0,1.0,100.0
313480,2,walk,walk,16532,,16532.0,20.0,0.0,0.0,1.0,8.69,-0.228,0.045,0.0,41.0,25.93,0.0,18.0,3500.0,10.0,13.52,-0.24,-0.98,-0.04,13.46,-1.72,29.58,517.0,TEST2RR,AKR_TEST2RR,0.0,1.0,1.0,100.0
313500,2,walk,walk,16533,,16533.0,20.0,0.0,0.0,1.0,9.18,-0.228,-0.005,0.0,41.0,25.93,0.0,18.0,3500.0,10.0,14.08,-0.25,-0.98,-0.03,13.01,-1.61,26.3,517.0,TEST2RR,AKR_TEST2RR,0.0,1.0,1.0,100.0
313520,2,walk,walk,16534,,16534.0,20.0,0.0,6.0,2.0,9.69,-0.228,0.044,0.0,41.0,25.93,0.0,18.0,3500.0,10.0,14.55,-0.25,-0.98,-0.02,12.36,-1.49,23.18,517.0,TEST2RR,AKR_TEST2RR,0.0,1.0,1.0,100.0
313540,2,walk,walk,16535,,16535.0,20.0,0.0,6.0,2.0,10.22,-0.228,-0.151,0.039,41.0,25.83,0.0,18.0,3500.0,10.0,14.96,-0.26,-0.98,-0.02,11.6,-1.36,20.3,517.0,TEST2RR,AKR_TEST2RR,0.0,1.0,1.0,100.0
313580,2,walk,walk,16536,,16536.0,20.0,0.0,6.0,2.0,10.77,-0.157,5.442,3.594,41.0,25.33,0.0,18.0,3500.0,10.0,15.37,-0.27,-0.98,-0.01,10.89,-1.59,16.78,517.0,TEST2RR,AKR_TEST2RR,0.0,1.0,1.0,100.0
313600,2,walk,walk,16537,,16537.0,20.0,0.0,6.0,2.0,11.31,-0.096,2.925,5.085,41.0,25.26,0.0,18.0,3500.0,10.0,15.73,-0.28,-0.98,-0.01,10.21,-2.44,12.18,517.0,TEST2RR,AKR_TEST2RR,0.0,1.0,1.0,100.0
313600,2,walk,walk,16538,,16538.0,20.0,1.0,6.0,2.0,11.85,-0.071,0.857,6.017,41.0,25.12,0.0,19.0,3500.0,10.0,15.99,-0.28,-0.98,-0.01,9.54,-3.83,6.84,517.0,TEST2RR,AKR_TEST2RR,0.0,1.0,1.0,100.0
313620,2,walk,walk,16539,,16539.0,20.0,1.0,6.0,2.0,12.38,-0.063,0.43,6.493,41.0,25.09,0.0,19.0,3500.0,10.0,16.12,-0.28,-0.98,-0.01,8.86,-5.45,1.31,517.0,TEST2RR,AKR_TEST2RR,0.0,1.0,1.0,100.0
313660,2,walk,walk,16540,,16540.0,20.0,1.0,6.0,2.0,12.89,-0.058,0.267,6.54,41.0,25.12,0.0,19.0,3500.0,10.0,16.12,-0.28,-0.98,0.0,8.13,-6.99,-3.9,517.0,TEST2RR,AKR_TEST2RR,0.0,1.0,1.0,100.0
313660,2,walk,walk,16541,,16541.0,20.0,1.0,6.0,2.0,13.36,-0.055,0.136,6.474,41.0,25.16,0.0,19.0,3500.0,10.0,16.01,-0.28,-0.98,0.0,7.3,-8.2,-8.46,517.0,TEST2RR,AKR_TEST2RR,0.0,1.0,1.0,100.0
313680,2,walk,walk,16542,,16542.0,20.0,1.0,6.0,2.0,13.8,-0.053,0.12,6.384,41.0,25.19,0.0,19.0,3500.0,10.0,15.8,-0.28,-0.98,0.01,6.34,-8.97,-12.16,517.0,TEST2RR,AKR_TEST2RR,0.0,1.0,1.0,100.0
313700,2,walk,walk,16543,,16543.0,20.0,1.0,6.0,2.0,14.19,-0.052,0.04,6.29,41.0,25.19,0.0,19.0,3500.0,10.0,15.51,-0.27,-0.98,0.01,5.27,-9.3,-14.94,517.0,TEST2RR,AKR_TEST2RR,0.0,1.0,1.0,100.0
313740,2,walk,walk,16544,,16544.0,20.0,1.0,6.0,2.0,14.53,-0.052,0.085,6.24,41.0,25.23,0.0,19.0,3500.0,10.0,15.16,-0.27,-0.98,0.01,4.11,-9.24,-16.84,517.0,TEST2RR,AKR_TEST2RR,0.0,1.0,1.0,100.0
313740,2,walk,walk,16545,,16545.0,20.0,1.0,6.0,2.0,14.81,-0.051,0.007,6.16,41.0,25.23,0.0,19.0,3500.0,10.0,14.75,-0.26,-0.99,0.02,2.91,-8.84,-17.95,517.0,TEST2RR,AKR_TEST2RR,0.0,1.0,1.0,100.0
313760,2,walk,walk,16546,,16546.0,20.0,1.0,6.0,2.0,15.04,-0.05,0.147,6.041,41.0,25.26,0.0,19.0,3500.0,10.0,14.29,-0.25,-0.99,0.02,1.74,-8.19,-18.37,517.0,TEST2RR,AKR_TEST2RR,0.0,1.0,1.0,100.0
313780,2,walk,walk,16547,,16547.0,20.0,1.0,6.0,2.0,15.2,-0.049,0.053,5.913,41.0,25.26,0.0,19.0,3500.0,10.0,13.82,-0.24,-0.99,0.02,0.64,-7.38,-18.26,517.0,TEST2RR,AKR_TEST2RR,0.0,1.0,1.0,100.0
313820,2,walk,walk,16548,,16548.0,20.0,1.0,6.0,2.0,15.31,-0.048,0.072,5.671,41.0,25.33,0.0,19.0,3500.0,10.0,13.33,-0.24,-0.99,0.02,-0.32,-6.46,-17.73,517.0,TEST2RR,AKR_TEST2RR,0.0,1.0,1.0,100.0
313820,2,walk,walk,16549,,16549.0,20.0,1.0,6.0,2.0,15.36,-0.046,0.087,5.6,41.0,25.37,0.0,19.0,3500.0,10.0,12.86,-0.23,-1.0,0.01,-1.12,-5.49,-16.92,517.0,TEST2RR,AKR_TEST2RR,0.0,1.0,1.0,100.0
313840,2,walk,walk,16550,,16550.0,20.0,1.0,6.0,2.0,15.36,-0.045,0.076,5.335,41.0,25.4,0.0,19.0,3500.0,10.0,12.42,-0.22,-1.0,0.01,-1.77,-4.51,-15.95,517.0,TEST2RR,AKR_TEST2RR,0.0,1.0,1.0,100.0
313880,2,walk,walk,16551,,16551.0,20.0,1.0,6.0,2.0,15.31,-0.044,0.186,5.146,41.0,25.44,0.0,19.0,3500.0,10.0,12.01,-0.21,-1.0,0.01,-2.27,-3.55,-14.92,517.0,TEST2RR,AKR_TEST2RR,0.0,1.0,1.0,100.0
313900,2,walk,walk,16552,,16552.0,20.0,1.0,6.0,2.0,15.21,-0.041,0.185,4.828,41.0,25.47,0.0,19.0,3500.0,10.0,11.66,-0.21,-1.0,0.01,-2.64,-2.65,-13.92,517.0,TEST2RR,AKR_TEST2RR,0.0,1.0,1.0,100.0
313940,2,walk,walk,16553,,16553.0,20.0,1.0,6.0,2.0,15.08,-0.039,0.167,4.585,41.0,25.51,0.0,19.0,3500.0,10.0,11.34,-0.2,-1.01,0.0,-2.89,-1.84,-13.0,517.0,TEST2RR,AKR_TEST2RR,0.0,1.0,1.0,100.0
313960,2,walk,walk,16554,,16554.0,20.0,1.0,6.0,2.0,14.91,-0.038,0.057,4.453,41.0,25.54,0.0,19.0,3500.0,10.0,11.04,-0.2,-1.01,0.0,-3.03,-1.12,-12.19,517.0,TEST2RR,AKR_TEST2RR,0.0,1.0,1.0,100.0
313960,2,walk,walk,16555,,16555.0,20.0,1.0,6.0,2.0,14.72,-0.037,-0.08,4.406,41.0,25.54,0.0,19.0,3500.0,10.0,10.77,-0.19,-1.01,0.0,-3.06,-0.52,-11.46,517.0,TEST2RR,AKR_TEST2RR,0.0,1.0,1.0,100.0
313980,2,walk,walk,16556,,16556.0,20.0,1.0,6.0,2.0,14.51,-0.036,0.08,4.339,41.0,25.54,0.0,19.0,3500.0,10.0,10.5,-0.19,-1.01,0.0,-2.97,-0.02,-10.79,517.0,TEST2RR,AKR_TEST2RR,0.0,1.0,1.0,100.0
313980,2,walk,walk,16557,,16557.0,20.0,1.0,6.0,2.0,14.28,-0.036,0.009,4.288,41.0,25.54,0.0,19.0,3500.0,10.0,10.23,-0.18,-1.01,-0.01,-2.76,0.38,-10.13,517.0,TEST2RR,AKR_TEST2RR,0.0,1.0,1.0,100.0
314000,2,walk,walk,16558,,16558.0,20.0,1.0,6.0,2.0,14.03,-0.036,-0.003,4.289,41.0,25.58,0.0,19.0,3500.0,10.0,9.96,-0.18,-1.01,-0.01,-2.42,0.69,-9.46,517.0,TEST2RR,AKR_TEST2RR,0.0,1.0,1.0,100.0
314020,2,walk,walk,16559,,16559.0,20.0,1.0,6.0,2.0,13.78,-0.036,0.058,4.278,41.0,25.58,0.0,19.0,3500.0,10.0,9.7,-0.17,-1.01,-0.01,-1.98,0.91,-8.74,517.0,TEST2RR,AKR_TEST2RR,0.0,1.0,1.0,100.0
314040,2,walk,walk,16560,,16560.0,20.0,1.0,6.0,2.0,13.53,-0.036,-0.003,4.294,41.0,25.54,0.0,19.0,3500.0,10.0,9.44,-0.17,-1.01,-0.01,-1.47,1.04,-7.96,517.0,TEST2RR,AKR_TEST2RR,0.0,1.0,1.0,100.0
314100,2,walk,walk,16561,,16561.0,20.0,1.0,6.0,2.0,13.27,-0.036,-0.056,4.295,41.0,25.58,0.0,19.0,3500.0,10.0,9.2,-0.16,-1.02,-0.02,-0.91,1.1,-7.11,518.0,TEST2RR,AKR_TEST2RR,0.0,1.0,1.0,100.0
314100,2,walk,walk,16562,,16562.0,20.0,1.0,6.0,2.0,13.02,-0.036,0.006,4.326,41.0,25.58,0.0,19.0,3500.0,10.0,8.98,-0.16,-1.02,-0.02,-0.34,1.11,-6.2,518.0,TEST2RR,AKR_TEST2RR,0.0,1.0,1.0,100.0
314100,2,walk,walk,16563,,16563.0,20.0,1.0,6.0,2.0,12.77,-0.036,0.04,4.314,41.0,25.54,0.0,19.0,3500.0,10.0,8.8,-0.16,-1.02,-0.02,0.23,1.08,-5.28,518.0,TEST2RR,AKR_TEST2RR,0.0,1.0,1.0,100.0
314140,2,walk,walk,16564,,16564.0,20.0,1.0,6.0,2.0,12.53,-0.036,0.022,4.318,41.0,25.58,0.0,19.0,3500.0,10.0,8.65,-0.15,-1.02,-0.02,0.77,1.03,-4.36,518.0,TEST2RR,AKR_TEST2RR,0.0,1.0,1.0,100.0
314140,2,walk,walk,16565,,16565.0,20.0,1.0,6.0,2.0,12.29,-0.036,-0.049,4.303,41.0,25.54,0.0,19.0,3500.0,10.0,8.55,-0.15,-1.02,-0.02,1.27,0.98,-3.51,518.0,TEST2RR,AKR_TEST2RR,0.0,1.0,1.0,100.0
314200,2,walk,walk,16566,,16566.0,20.0,1.0,6.0,2.0,12.06,-0.036,-0.03,4.295,41.0,25.54,0.0,19.0,3500.0,10.0,8.48,-0.15,-1.02,-0.02,1.7,0.95,-2.74,518.0,TEST2RR,AKR_TEST2RR,0.0,1.0,1.0,100.0
314200,2,walk,walk,16567,,16567.0,20.0,1.0,6.0,2.0,11.84,-0.036,0.083,4.276,41.0,25.58,0.0,19.0,3500.0,10.0,8.45,-0.15,-1.02,-0.02,2.07,0.95,-2.1,518.0,TEST2RR,AKR_TEST2RR,0.0,1.0,1.0,100.0
314240,2,walk,walk,16568,,16568.0,20.0,1.0,6.0,2.0,11.64,-0.035,0.123,4.23,41.0,25.58,0.0,19.0,3500.0,10.0,8.45,-0.15,-1.02,-0.02,2.38,0.97,-1.6,518.0,TEST2RR,AKR_TEST2RR,0.0,1.0,1.0,100.0
314240,2,walk,walk,16569,,16569.0,20.0,1.0,6.0,2.0,11.44,-0.035,-0.002,4.166,41.0,25.58,0.0,19.0,3500.0,10.0,8.46,-0.15,-1.02,-0.01,2.65,1.01,-1.24,518.0,TEST2RR,AKR_TEST2RR,0.0,1.0,1.0,100.0
314240,2,walk,walk,16570,,16570.0,20.0,1.0,6.0,2.0,11.26,-0.034,0.128,4.105,41.0,25.58,0.0,19.0,3500.0,10.0,8.47,-0.15,-1.02,-0.01,2.89,1.05,-1.0,518.0,TEST2RR,AKR_TEST2RR,0.0,1.0,1.0,100.0
314260,2,walk,walk,16571,,16571.0,20.0,1.0,6.0,2.0,11.09,-0.034,0.006,4.133,41.0,25.58,0.0,19.0,3500.0,10.0,8.47,-0.15,-1.02,-0.01,3.12,1.08,-0.85,518.0,TEST2RR,AKR_TEST2RR,0.0,1.0,1.0,100.0
314300,2,walk,walk,16572,,16572.0,20.0,1.0,6.0,2.0,10.93,-0.034,-0.045,4.123,41.0,25.58,0.0,19.0,3500.0,10.0,8.46,-0.15,-1.02,-0.01,3.34,1.09,-0.73,518.0,TEST2RR,AKR_TEST2RR,0.0,1.0,1.0,100.0
314320,2,walk,walk,16573,,16573.0,20.0,1.0,6.0,2.0,10.79,-0.034,0.022,4.11,41.0,25.58,0.0,19.0,3500.0,10.0,8.43,-0.15,-1.02,-0.01,3.58,1.07,-0.59,518.0,TEST2RR,AKR_TEST2RR,0.0,1.0,1.0,100.0
314320,2,walk,walk,16574,,16574.0,20.0,2.0,6.0,2.0,10.65,-0.034,-0.005,4.151,41.0,25.58,0.0,20.0,3500.0,10.0,8.37,-0.15,-1.02,-0.01,3.85,1.0,-0.39,518.0,TEST2RR,AKR_TEST2RR,0.0,1.0,1.0,100.0
314340,2,walk,walk,16575,,16575.0,20.0,1.0,6.0,2.0,10.53,-0.035,-0.036,4.201,41.0,25.58,0.0,19.0,3500.0,10.0,8.31,-0.15,-1.02,-0.01,4.15,0.88,-0.1,518.0,TEST2RR,AKR_TEST2RR,0.0,1.0,1.0,100.0
314380,2,walk,walk,16576,,16576.0,20.0,2.0,6.0,2.0,10.42,-0.035,-0.034,4.342,41.0,25.54,0.0,20.0,3500.0,10.0,8.24,-0.15,-1.02,-0.01,4.47,0.72,0.32,518.0,TEST2RR,AKR_TEST2RR,0.0,1.0,1.0,100.0
314400,2,walk,walk,16577,,16577.0,20.0,2.0,6.0,2.0,10.32,-0.037,-0.109,4.544,41.0,25.54,0.0,20.0,3500.0,10.0,8.17,-0.15,-1.02,-0.01,4.82,0.52,0.87,518.0,TEST2RR,AKR_TEST2RR,0.0,1.0,1.0,100.0
314420,2,walk,walk,16578,,16578.0,20.0,1.0,6.0,2.0,10.23,-0.038,-0.018,4.69,41.0,25.51,0.0,19.0,3500.0,10.0,8.11,-0.15,-1.02,-0.01,5.16,0.29,1.56,518.0,TEST2RR,AKR_TEST2RR,0.0,1.0,1.0,100.0
314440,2,walk,walk,16579,,16579.0,20.0,1.0,6.0,2.0,10.15,-0.039,-0.111,4.852,41.0,25.47,0.0,19.0,3500.0,10.0,8.06,-0.14,-1.02,-0.01,5.49,0.02,2.39,518.0,TEST2RR,AKR_TEST2RR,0.0,1.0,1.0,100.0
314440,2,walk,walk,16580,,16580.0,20.0,1.0,6.0,2.0,10.08,-0.041,-0.164,5.073,41.0,25.44,0.0,19.0,3500.0,10.0,8.01,-0.14,-1.02,-0.01,5.81,-0.27,3.35,518.0,TEST2RR,AKR_TEST2RR,0.0,1.0,1.0,100.0
314460,2,walk,walk,16581,,16581.0,20.0,1.0,6.0,2.0,10.01,-0.043,-0.206,5.357,41.0,25.4,0.0,19.0,3500.0,10.0,7.97,-0.14,-1.02,0.0,6.09,-0.57,4.47,518.0,TEST2RR,AKR_TEST2RR,0.0,1.0,1.0,100.0
314500,2,walk,walk,16582,,16582.0,20.0,1.0,6.0,2.0,9.96,-0.045,-0.07,5.604,41.0,25.37,0.0,19.0,3500.0,10.0,7.94,-0.14,-1.03,0.0,6.35,-0.85,5.73,518.0,TEST2RR,AKR_TEST2RR,0.0,1.0,1.0,100.0
314500,2,walk,walk,16583,,16583.0,20.0,1.0,6.0,2.0,9.92,-0.046,-0.123,5.73,41.0,25.33,0.0,19.0,3500.0,10.0,7.91,-0.14,-1.03,0.0,6.58,-1.09,7.14,518.0,TEST2RR,AKR_TEST2RR,0.0,1.0,1.0,100.0
314520,2,walk,walk,16584,,16584.0,20.0,1.0,6.0,2.0,9.88,-0.047,-0.006,5.708,41.0,25.37,0.0,19.0,3500.0,10.0,7.91,-0.14,-1.03,0.0,6.78,-1.29,8.66,518.0,TEST2RR,AKR_TEST2RR,0.0,1.0,1.0,100.0
314580,2,walk,walk,16585,,16585.0,20.0,1.0,6.0,2.0,9.86,-0.047,0.065,5.73,41.0,25.33,0.0,19.0,3500.0,10.0,7.95,-0.14,-1.03,0.0,6.93,-1.44,10.25,518.0,TEST2RR,AKR_TEST2RR,0.0,1.0,1.0,100.0
314580,2,walk,walk,16586,,16586.0,20.0,1.0,6.0,2.0,9.85,-0.047,-0.003,5.682,41.0,25.33,0.0,19.0,3500.0,10.0,8.05,-0.15,-1.03,0.01,7.01,-1.54,11.84,518.0,TEST2RR,AKR_TEST2RR,0.0,1.0,1.0,100.0
314580,2,walk,walk,16587,,16587.0,20.0,1.0,6.0,2.0,9.86,-0.047,-0.022,5.658,41.0,25.33,0.0,19.0,3500.0,10.0,8.23,-0.15,-1.03,0.01,7.03,-1.58,13.35,518.0,TEST2RR,AKR_TEST2RR,0.0,1.0,1.0,100.0
314620,2,walk,walk,16588,,16588.0,20.0,1.0,6.0,2.0,9.88,-0.047,-0.037,5.675,41.0,25.33,0.0,19.0,3500.0,10.0,8.5,-0.15,-1.03,0.01,6.97,-1.56,14.7,518.0,TEST2RR,AKR_TEST2RR,0.0,1.0,1.0,100.0
314620,2,walk,walk,16589,,16589.0,20.0,1.0,6.0,2.0,9.92,-0.047,0.036,5.709,41.0,25.33,0.0,19.0,3500.0,10.0,8.85,-0.16,-1.03,0.02,6.83,-1.48,15.8,518.0,TEST2RR,AKR_TEST2RR,0.0,1.0,1.0,100.0
314640,2,walk,walk,16590,,16590.0,20.0,1.0,6.0,2.0,9.98,-0.047,0.066,5.681,41.0,25.33,0.0,19.0,3500.0,10.0,9.29,-0.17,-1.02,0.02,6.63,-1.35,16.59,518.0,TEST2RR,AKR_TEST2RR,0.0,1.0,1.0,100.0
314660,2,walk,walk,16591,,16591.0,20.0,1.0,6.0,2.0,10.05,-0.047,-0.018,5.633,41.0,25.33,0.0,19.0,3500.0,10.0,9.79,-0.18,-1.02,0.02,6.38,-1.18,17.06,518.0,TEST2RR,AKR_TEST2RR,0.0,1.0,1.0,100.0
314680,2,walk,walk,16592,,16592.0,20.0,1.0,6.0,2.0,10.15,-0.046,0.036,5.611,41.0,25.37,0.0,19.0,3500.0,10.0,10.33,-0.18,-1.01,0.02,6.09,-0.99,17.18,518.0,TEST2RR,AKR_TEST2RR,0.0,1.0,1.0,100.0
314700,2,walk,walk,16593,,16593.0,20.0,1.0,6.0,2.0,10.26,-0.046,-0.033,5.534,41.0,25.37,0.0,19.0,3500.0,10.0,10.89,-0.19,-1.01,0.03,5.8,-0.79,16.97,518.0,TEST2RR,AKR_TEST2RR,0.0,1.0,1.0,100.0
314740,2,walk,walk,16594,,16594.0,20.0,1.0,6.0,2.0,10.4,-0.046,0.08,5.51,41.0,25.37,0.0,19.0,3500.0,10.0,11.43,-0.2,-1.0,0.03,5.51,-0.6,16.47,518.0,TEST2RR,AKR_TEST2RR,0.0,1.0,1.0,100.0
314740,2,walk,walk,16595,,16595.0,20.0,1.0,6.0,2.0,10.55,-0.045,0.046,5.44,41.0,25.4,0.0,19.0,3500.0,10.0,11.93,-0.21,-1.0,0.03,5.23,-0.41,15.74,518.0,TEST2RR,AKR_TEST2RR,0.0,1.0,1.0,100.0
314760,2,walk,walk,16596,,16596.0,20.0,1.0,6.0,2.0,10.72,-0.045,0.049,5.401,41.0,25.4,0.0,19.0,3500.0,10.0,12.37,-0.22,-1.0,0.03,4.95,-0.22,14.87,518.0,TEST2RR,AKR_TEST2RR,0.0,1.0,1.0,100.0
314780,2,walk,walk,16597,,16597.0,20.0,1.0,6.0,2.0,10.91,-0.045,0.04,5.364,41.0,25.4,0.0,19.0,3500.0,10.0,12.72,-0.22,-0.99,0.03,4.69,-0.03,13.94,518.0,TEST2RR,AKR_TEST2RR,0.0,1.0,1.0,100.0
314800,2,walk,walk,16598,,16598.0,20.0,1.0,6.0,2.0,11.12,-0.044,-0.041,5.273,41.0,25.4,0.0,19.0,3500.0,10.0,12.97,-0.23,-0.99,0.03,4.44,0.19,13.08,518.0,TEST2RR,AKR_TEST2RR,0.0,1.0,1.0,100.0
314820,2,walk,walk,16599,,16599.0,20.0,1.0,6.0,2.0,11.34,-0.043,0.126,5.039,41.0,25.47,0.0,19.0,3500.0,10.0,13.13,-0.23,-0.99,0.03,4.2,0.43,12.34,518.0,TEST2RR,AKR_TEST2RR,0.0,1.0,1.0,100.0
314840,2,walk,walk,16600,,16600.0,20.0,1.0,6.0,2.0,11.56,-0.04,0.093,4.732,41.0,25.47,0.0,19.0,3500.0,10.0,13.2,-0.23,-1.0,0.04,3.97,0.66,11.8,518.0,TEST2RR,AKR_TEST2RR,0.0,1.0,1.0,100.0
314880,2,walk,walk,16601,,16601.0,20.0,1.0,6.0,2.0,11.8,-0.038,0.142,4.42,41.0,25.54,0.0,19.0,3500.0,10.0,13.19,-0.23,-1.0,0.04,3.76,0.89,11.53,518.0,TEST2RR,AKR_TEST2RR,0.0,1.0,1.0,100.0
314880,2,walk,walk,16602,,16602.0,20.0,1.0,6.0,2.0,12.03,-0.036,0.19,4.204,42.0,25.58,0.0,19.0,3500.0,10.0,13.12,-0.23,-1.01,0.04,3.57,1.1,11.59,518.0,TEST2RR,AKR_TEST2RR,0.0,1.0,1.0,100.0
314900,2,walk,walk,16603,,16603.0,20.0,1.0,6.0,2.0,12.27,-0.033,0.186,3.871,42.0,25.62,0.0,19.0,3500.0,10.0,13.0,-0.23,-1.01,0.04,3.42,1.32,12.01,518.0,TEST2RR,AKR_TEST2RR,0.0,1.0,1.0,100.0
314920,2,walk,walk,16604,,16604.0,20.0,1.0,6.0,2.0,12.52,-0.03,0.191,3.48,42.0,25.65,0.0,19.0,3500.0,10.0,12.86,-0.23,-1.02,0.04,3.3,1.53,12.81,518.0,TEST2RR,AKR_TEST2RR,0.0,1.0,1.0,100.0
314940,2,walk,walk,16605,,16605.0,20.0,1.0,6.0,2.0,12.76,-0.028,0.061,3.163,42.0,25.72,0.0,19.0,3500.0,10.0,12.74,-0.23,-1.02,0.04,3.21,1.74,14.0,518.0,TEST2RR,AKR_TEST2RR,0.0,1.0,1.0,100.0
314980,2,walk,walk,16606,,16606.0,20.0,1.0,6.0,2.0,13.0,-0.025,0.194,2.753,42.0,25.72,0.0,19.0,3500.0,10.0,12.65,-0.23,-1.03,0.04,3.17,1.91,15.51,518.0,TEST2RR,AKR_TEST2RR,0.0,1.0,1.0,100.0
315000,2,walk,walk,16607,,16607.0,20.0,1.0,6.0,2.0,13.24,-0.022,0.197,2.483,42.0,25.79,0.0,19.0,3500.0,10.0,12.64,-0.23,-1.04,0.03,3.15,2.03,17.31,518.0,TEST2RR,AKR_TEST2RR,0.0,1.0,1.0,100.0
315040,2,walk,walk,16608,,16608.0,20.0,1.0,6.0,2.0,13.48,-0.019,0.248,2.066,42.0,25.83,0.0,19.0,3500.0,10.0,12.72,-0.23,-1.04,0.03,3.14,2.06,19.31,518.0,TEST2RR,AKR_TEST2RR,0.0,1.0,1.0,100.0
315040,2,walk,walk,16609,,16609.0,20.0,1.0,6.0,2.0,13.72,-0.015,0.301,1.666,42.0,25.83,0.0,19.0,3500.0,10.0,12.9,-0.24,-1.04,0.03,3.15,2.02,21.42,518.0,TEST2RR,AKR_TEST2RR,0.0,1.0,1.0,100.0
315040,2,walk,walk,16610,,16610.0,20.0,1.0,6.0,2.0,13.96,-0.012,0.187,1.315,42.0,25.86,0.0,19.0,3500.0,10.0,13.2,-0.24,-1.04,0.03,3.18,1.9,23.54,518.0,TEST2RR,AKR_TEST2RR,0.0,1.0,1.0,100.0
315080,2,walk,walk,16611,,16611.0,20.0,1.0,6.0,2.0,14.21,-0.009,0.156,1.053,42.0,25.9,0.0,19.0,3500.0,10.0,13.62,-0.25,-1.04,0.03,3.2,1.71,25.6,518.0,TEST2RR,AKR_TEST2RR,0.0,1.0,1.0,100.0
315100,2,walk,walk,16612,,16612.0,20.0,1.0,6.0,2.0,14.46,-0.007,0.068,0.835,42.0,25.9,0.0,19.0,3500.0,10.0,14.16,-0.26,-1.03,0.03,3.22,1.47,27.51,518.0,TEST2RR,AKR_TEST2RR,0.0,1.0,1.0,100.0
315100,2,walk,walk,16613,,16613.0,20.0,1.0,6.0,2.0,14.73,-0.006,0.162,0.552,42.0,25.9,0.0,19.0,3500.0,10.0,14.82,-0.27,-1.03,0.03,3.22,1.18,29.22,518.0,TEST2RR,AKR_TEST2RR,0.0,1.0,1.0,100.0
315120,2,walk,walk,16614,,16614.0,20.0,1.0,6.0,2.0,15.01,-0.004,0.105,0.291,42.0,25.93,0.0,19.0,3500.0,10.0,15.58,-0.28,-1.02,0.03,3.23,0.85,30.65,518.0,TEST2RR,AKR_TEST2RR,0.0,1.0,1.0,100.0
315160,2,walk,walk,16615,,16615.0,20.0,1.0,6.0,2.0,15.31,-0.003,0.013,0.248,42.0,25.9,0.0,19.0,3500.0,10.0,16.44,-0.3,-1.01,0.03,3.23,0.49,31.75,518.0,TEST2RR,AKR_TEST2RR,0.0,1.0,1.0,100.0
315180,2,walk,walk,16616,,16616.0,20.0,1.0,6.0,2.0,15.63,-0.002,0.025,0.057,42.0,25.9,0.0,19.0,3500.0,10.0,17.38,-0.31,-1.0,0.03,3.25,0.1,32.46,519.0,TEST2RR,AKR_TEST2RR,0.0,1.0,1.0,100.0
315180,2,walk,walk,16617,,16617.0,20.0,1.0,6.0,2.0,15.97,-0.001,0.155,-0.071,42.0,25.93,0.0,19.0,3500.0,10.0,18.39,-0.33,-0.98,0.03,3.28,-0.29,32.78,519.0,TEST2RR,AKR_TEST2RR,0.0,1.0,1.0,100.0
315220,2,walk,walk,16618,,16618.0,20.0,1.0,6.0,2.0,16.33,0.0,0.042,-0.156,42.0,25.9,0.0,19.0,3500.0,10.0,19.44,-0.34,-0.97,0.03,3.32,-0.68,32.7,519.0,TEST2RR,AKR_TEST2RR,0.0,1.0,1.0,100.0
315220,2,walk,walk,16619,,16619.0,20.0,1.0,6.0,2.0,16.71,0.001,0.06,-0.261,42.0,25.9,0.0,19.0,3500.0,10.0,20.51,-0.36,-0.96,0.04,3.36,-1.04,32.25,519.0,TEST2RR,AKR_TEST2RR,0.0,1.0,1.0,100.0
315260,2,walk,walk,16620,,16620.0,20.0,1.0,6.0,2.0,17.12,0.001,-0.009,-0.287,42.0,25.93,0.0,19.0,3500.0,10.0,21.57,-0.37,-0.94,0.04,3.4,-1.35,31.46,519.0,TEST2RR,AKR_TEST2RR,0.0,1.0,1.0,100.0
315260,2,walk,walk,16621,,16621.0,20.0,1.0,6.0,2.0,17.56,0.002,0.068,-0.401,42.0,25.9,0.0,19.0,3500.0,10.0,22.6,-0.39,-0.93,0.04,3.45,-1.58,30.37,519.0,TEST2RR,AKR_TEST2RR,0.0,1.0,1.0,100.0
315280,2,walk,walk,16622,,16622.0,20.0,1.0,6.0,2.0,18.01,0.003,-0.021,-0.421,42.0,25.9,0.0,19.0,3500.0,10.0,23.59,-0.4,-0.92,0.04,3.49,-1.72,29.02,519.0,TEST2RR,AKR_TEST2RR,0.0,1.0,1.0,100.0
315300,2,walk,walk,16623,,16623.0,20.0,1.0,6.0,2.0,18.48,0.003,0.073,-0.472,42.0,25.9,0.0,19.0,3500.0,10.0,24.5,-0.41,-0.91,0.05,3.52,-1.76,27.47,519.0,TEST2RR,AKR_TEST2RR,0.0,1.0,1.0,100.0
315320,2,walk,walk,16624,,16624.0,20.0,1.0,6.0,2.0,18.98,0.004,0.014,-0.552,42.0,25.9,0.0,19.0,3500.0,10.0,25.32,-0.43,-0.9,0.05,3.54,-1.7,25.76,519.0,TEST2RR,AKR_TEST2RR,0.0,1.0,1.0,100.0
315360,2,walk,walk,16625,,16625.0,20.0,1.0,6.0,2.0,19.48,0.004,0.015,-0.591,42.0,25.9,0.0,19.0,3500.0,10.0,26.05,-0.44,-0.89,0.05,3.53,-1.53,23.95,519.0,TEST2RR,AKR_TEST2RR,0.0,1.0,1.0,100.0
315360,2,walk,walk,16626,,16626.0,20.0,1.0,6.0,2.0,20.0,0.004,0.06,-0.615,42.0,25.9,0.0,19.0,3500.0,10.0,26.68,-0.44,-0.89,0.06,3.5,-1.27,22.07,519.0,TEST2RR,AKR_TEST2RR,0.0,1.0,1.0,100.0
315400,2,walk,walk,16627,,16627.0,20.0,1.0,6.0,2.0,20.52,0.004,0.061,-0.626,42.0,25.9,0.0,19.0,3500.0,10.0,27.21,-0.45,-0.88,0.06,3.42,-0.95,20.17,519.0,TEST2RR,AKR_TEST2RR,0.0,1.0,1.0,100.0
315400,2,walk,walk,16628,,16628.0,20.0,1.0,6.0,2.0,21.05,0.004,-0.022,-0.668,42.0,25.9,0.0,19.0,3500.0,10.0,27.66,-0.46,-0.88,0.06,3.3,-0.58,18.29,519.0,TEST2RR,AKR_TEST2RR,0.0,1.0,1.0,100.0
315420,2,walk,walk,16629,,16629.0,20.0,1.0,6.0,2.0,21.57,0.004,0.017,-0.592,42.0,25.9,0.0,19.0,3500.0,10.0,28.02,-0.47,-0.88,0.06,3.14,-0.2,16.46,519.0,TEST2RR,AKR_TEST2RR,0.0,1.0,1.0,100.0
315440,2,walk,walk,16630,,16630.0,20.0,1.0,6.0,2.0,22.1,0.005,-0.014,-0.62,42.0,25.9,0.0,19.0,3500.0,10.0,28.31,-0.47,-0.87,0.07,2.94,0.15,14.71,519.0,TEST2RR,AKR_TEST2RR,0.0,1.0,1.0,100.0
315480,2,walk,walk,16631,,16631.0,20.0,1.0,6.0,2.0,22.61,0.005,0.056,-0.604,42.0,25.9,0.0,19.0,3500.0,10.0,28.54,-0.48,-0.87,0.07,2.7,0.45,13.08,519.0,TEST2RR,AKR_TEST2RR,0.0,1.0,1.0,100.0
315500,2,walk,walk,16632,,16632.0,20.0,1.0,0.0,5.0,23.11,0.004,-0.077,-0.634,42.0,25.9,0.0,19.0,3880.0,10.0,28.7,-0.48,-0.87,0.07,2.43,0.67,11.57,519.0,TEST2RR,AKR_TEST2RR,0.0,1.0,1.0,100.0
315500,2,walk,walk,16633,,16633.0,20.0,0.0,0.0,5.0,23.6,0.004,-0.022,-0.597,42.0,25.9,0.0,19.0,3880.0,10.0,28.79,-0.48,-0.88,0.07,2.11,0.8,10.06,519.0,TEST2RR,AKR_TEST2RR,0.0,1.0,1.0,100.0
315540,2,walk,walk,16634,,16634.0,20.0,0.0,0.0,5.0,24.07,0.004,-0.022,-0.597,42.0,25.9,0.0,39.0,3880.0,10.0,28.8,-0.48,-0.88,0.06,1.76,0.81,8.51,519.0,TEST2RR,AKR_TEST2RR,0.0,1.0,1.0,100.0
315580,2,walk,walk,16635,,16635.0,20.0,0.0,0.0,5.0,24.51,0.004,-0.022,-0.597,42.0,25.9,0.0,59.0,3880.0,10.0,28.75,-0.48,-0.88,0.06,1.36,0.69,7.04,519.0,TEST2RR,AKR_TEST2RR,0.0,1.0,1.0,100.0
315580,2,walk,walk,16636,,16636.0,20.0,0.0,0.0,5.0,24.94,0.028,6.122,0.0,42.0,26.0,0.0,1.0,3880.0,10.0,28.63,-0.48,-0.89,0.06,0.92,0.45,5.76,519.0,TEST2RR,AKR_TEST2RR,0.0,1.0,1.0,100.0
315600,2,walk,walk,16637,,16637.0,20.0,0.0,0.0,5.0,25.34,0.032,0.408,0.0,42.0,25.93,0.0,1.0,3880.0,10.0,28.46,-0.48,-0.89,0.06,0.42,0.08,4.7,519.0,TEST2RR,AKR_TEST2RR,0.0,1.0,1.0,100.0
315600,2,walk,walk,16638,,16638.0,20.0,0.0,0.0,5.0,25.72,0.041,0.84,0.0,42.0,25.93,0.0,1.0,3880.0,10.0,28.27,-0.48,-0.9,0.06,-0.12,-0.44,3.81,519.0,TEST2RR,AKR_TEST2RR,0.0,1.0,1.0,100.0
315620,2,walk,walk,16639,,16639.0,20.0,0.0,0.0,5.0,26.07,0.048,0.292,0.0,42.0,25.93,0.0,1.0,3880.0,10.0,28.07,-0.48,-0.9,0.05,-0.72,-1.12,3.08,519.0,TEST2RR,AKR_TEST2RR,0.0,1.0,1.0,100.0
315640,2,walk,walk,16640,,16640.0,20.0,0.0,0.0,5.0,26.39,0.052,0.269,0.0,42.0,25.93,0.0,1.0,3880.0,10.0,27.88,-0.48,-0.91,0.05,-1.38,-1.93,2.53,519.0,TEST2RR,AKR_TEST2RR,0.0,1.0,1.0,100.0
315680,2,walk,walk,16641,,16641.0,20.0,0.0,0.0,5.0,26.68,0.057,0.369,0.0,42.0,25.93,0.0,1.0,3880.0,10.0,27.71,-0.48,-0.91,0.05,-2.11,-2.87,2.17,519.0,TEST2RR,AKR_TEST2RR,0.0,1.0,1.0,100.0
315700,2,walk,walk,16642,,16642.0,20.0,0.0,0.0,5.0,26.95,0.064,0.64,0.0,42.0,25.93,0.0,1.0,3880.0,10.0,27.57,-0.48,-0.92,0.05,-2.91,-3.89,1.93,519.0,TEST2RR,AKR_TEST2RR,0.0,1.0,1.0,100.0
315720,2,walk,walk,16643,,16643.0,20.0,0.0,0.0,5.0,27.19,0.073,0.573,0.0,42.0,25.93,0.0,1.0,3880.0,10.0,27.46,-0.48,-0.92,0.05,-3.77,-4.98,1.75,519.0,TEST2RR,AKR_TEST2RR,0.0,1.0,1.0,100.0
315740,2,walk,walk,16644,,16644.0,20.0,0.0,0.0,5.0,27.4,0.079,0.412,0.0,42.0,25.93,0.0,1.0,3880.0,10.0,27.39,-0.48,-0.92,0.05,-4.68,-6.1,1.62,519.0,TEST2RR,AKR_TEST2RR,0.0,1.0,1.0,100.0
315760,2,walk,walk,16645,,16645.0,20.0,0.0,0.0,5.0,27.59,0.084,0.322,0.0,42.0,25.93,0.0,1.0,3880.0,10.0,27.34,-0.48,-0.92,0.05,-5.64,-7.22,1.54,519.0,TEST2RR,AKR_TEST2RR,0.0,1.0,1.0,100.0
315760,2,walk,walk,16646,,16646.0,20.0,0.0,0.0,5.0,27.76,0.093,0.896,0.0,42.0,25.93,0.0,1.0,3880.0,10.0,27.31,-0.48,-0.92,0.05,-6.62,-8.34,1.49,519.0,TEST2RR,AKR_TEST2RR,0.0,1.0,1.0,100.0
315780,2,walk,walk,16647,,16647.0,20.0,0.0,0.0,5.0,27.9,0.105,0.539,0.0,42.0,25.93,0.0,1.0,3880.0,10.0,27.3,-0.48,-0.92,0.04,-7.58,-9.44,1.42,519.0,TEST2RR,AKR_TEST2RR,0.0,1.0,1.0,100.0
315800,2,walk,walk,16648,,16648.0,20.0,0.0,0.0,5.0,28.03,0.112,0.511,0.0,42.0,25.93,0.0,1.0,3880.0,10.0,27.29,-0.48,-0.92,0.04,-8.51,-10.5,1.33,519.0,TEST2RR,AKR_TEST2RR,0.0,1.0,1.0,100.0
315840,2,walk,walk,16649,,16649.0,20.0,0.0,0.0,5.0,28.14,0.123,1.044,0.0,42.0,25.93,0.0,1.0,3880.0,10.0,27.29,-0.48,-0.92,0.04,-9.38,-11.53,1.21,519.0,TEST2RR,AKR_TEST2RR,0.0,1.0,1.0,100.0
315840,2,walk,walk,16650,,16650.0,20.0,0.0,0.0,5.0,28.23,0.134,0.465,0.0,42.0,25.93,0.0,1.0,3880.0,10.0,27.29,-0.48,-0.92,0.04,-10.18,-12.48,1.04,519.0,TEST2RR,AKR_TEST2RR,0.0,1.0,1.0,100.0
315860,2,walk,walk,16651,,16651.0,20.0,0.0,0.0,5.0,28.3,0.142,0.93,0.0,42.0,25.93,0.0,1.0,3880.0,10.0,27.29,-0.48,-0.92,0.04,-10.91,-13.37,0.83,519.0,TEST2RR,AKR_TEST2RR,0.0,1.0,1.0,100.0
315880,2,walk,walk,16652,,16652.0,20.0,0.0,0.0,5.0,28.37,0.157,0.737,0.0,42.0,25.93,0.0,1.0,3880.0,10.0,27.29,-0.48,-0.92,0.04,-11.54,-14.18,0.58,519.0,TEST2RR,AKR_TEST2RR,0.0,1.0,1.0,100.0
315900,2,walk,walk,16653,,16653.0,20.0,0.0,0.0,5.0,28.42,0.166,0.784,0.0,42.0,25.93,0.0,1.0,3880.0,10.0,27.28,-0.48,-0.92,0.04,-12.08,-14.92,0.3,519.0,TEST2RR,AKR_TEST2RR,0.0,1.0,1.0,100.0
315920,2,walk,walk,16654,,16654.0,20.0,0.0,0.0,5.0,28.47,0.18,0.9,0.0,42.0,25.93,0.0,1.0,3880.0,10.0,27.28,-0.48,-0.92,0.04,-12.52,-15.59,-0.02,519.0,TEST2RR,AKR_TEST2RR,0.0,1.0,1.0,100.0
315940,2,walk,walk,16655,,16655.0,20.0,0.0,0.0,5.0,28.5,0.192,0.84,0.0,42.0,25.93,0.0,1.0,3880.0,10.0,27.27,-0.48,-0.92,0.04,-12.86,-16.19,-0.39,519.0,TEST2RR,AKR_TEST2RR,0.0,1.0,1.0,100.0
315960,2,walk,walk,16656,,16656.0,20.0,0.0,0.0,5.0,28.53,0.206,0.839,0.0,42.0,25.93,0.0,1.0,3880.0,10.0,27.25,-0.48,-0.92,0.04,-13.09,-16.7,-0.81,519.0,TEST2RR,AKR_TEST2RR,0.0,1.0,1.0,100.0
315980,2,walk,walk,16657,,16657.0,20.0,0.0,0.0,6.0,28.55,0.218,0.757,0.0,42.0,25.93,0.0,1.0,3880.0,10.0,27.21,-0.47,-0.92,0.04,-13.19,-17.07,-1.26,519.0,TEST2RR,AKR_TEST2RR,0.0,1.0,1.0,100.0
316020,2,walk,walk,16658,,16658.0,20.0,0.0,0.0,6.0,28.56,0.233,1.082,0.0,42.0,25.93,0.0,1.0,3880.0,10.0,27.15,-0.47,-0.92,0.04,-13.14,-17.28,-1.75,519.0,TEST2RR,AKR_TEST2RR,0.0,1.0,1.0,100.0
316040,2,walk,walk,16659,,16659.0,20.0,0.0,0.0,6.0,28.56,0.246,0.902,0.0,42.0,25.93,0.0,1.0,3880.0,10.0,27.07,-0.47,-0.92,0.04,-12.93,-17.31,-2.28,519.0,TEST2RR,AKR_TEST2RR,0.0,1.0,1.0,100.0
316040,2,walk,walk,16660,,16660.0,20.0,0.0,0.0,6.0,28.56,0.262,0.984,0.0,42.0,25.93,0.0,1.0,3880.0,10.0,26.96,-0.47,-0.93,0.04,-12.54,-17.14,-2.85,519.0,TEST2RR,AKR_TEST2RR,0.0,1.0,1.0,100.0
316060,2,walk,walk,16661,,16661.0,20.0,0.0,0.0,6.0,28.55,0.273,0.767,0.0,42.0,25.93,0.0,1.0,3880.0,10.0,26.81,-0.47,-0.93,0.04,-11.97,-16.81,-3.46,519.0,TEST2RR,AKR_TEST2RR,0.0,1.0,1.0,100.0
316080,2,walk,walk,16662,,16662.0,20.0,0.0,0.0,6.0,28.54,0.283,0.289,0.0,42.0,25.93,0.0,1.0,3880.0,10.0,26.62,-0.47,-0.93,0.04,-11.22,-16.51,-4.21,519.0,TEST2RR,AKR_TEST2RR,0.0,1.0,1.0,100.0
316100,2,walk,walk,16663,,16663.0,20.0,0.0,0.0,6.0,28.51,0.283,-0.108,0.0,42.0,25.93,0.0,1.0,3880.0,10.0,26.38,-0.46,-0.93,0.04,-10.29,-16.76,-5.29,519.0,TEST2RR,AKR_TEST2RR,0.0,1.0,1.0,100.0
316120,2,walk,walk,16664,,16664.0,20.0,0.0,0.0,6.0,28.48,0.282,0.015,0.0,42.0,25.93,0.0,1.0,3880.0,10.0,26.06,-0.45,-0.93,0.03,-9.18,-18.37,-7.06,519.0,TEST2RR,AKR_TEST2RR,0.0,1.0,1.0,100.0
316160,2,walk,walk,16665,,16665.0,20.0,0.0,0.0,6.0,28.44,0.282,-0.013,0.0,42.0,25.93,0.0,1.0,3880.0,10.0,25.58,-0.44,-0.93,0.03,-7.92,-22.04,-9.94,520.0,TEST2RR,AKR_TEST2RR,0.0,1.0,1.0,100.0
316180,2,walk,walk,16666,,16666.0,20.0,0.0,0.0,6.0,28.39,0.28,-0.308,0.0,42.0,25.93,0.0,1.0,3880.0,10.0,24.84,-0.43,-0.92,0.03,-6.58,-28.04,-14.27,520.0,TEST2RR,AKR_TEST2RR,0.0,1.0,1.0,100.0
316180,2,walk,walk,16667,,16667.0,20.0,0.0,0.0,6.0,28.32,0.275,-0.456,0.0,42.0,25.93,0.0,1.0,3880.0,10.0,23.71,-0.4,-0.92,0.03,-5.31,-35.98,-20.18,520.0,TEST2RR,AKR_TEST2RR,0.0,1.0,1.0,100.0
316220,2,walk,walk,16668,,16668.0,20.0,0.0,0.0,6.0,28.23,0.264,-1.158,0.0,42.0,25.93,0.0,1.0,3880.0,10.0,22.09,-0.37,-0.91,0.02,-4.26,-44.82,-27.57,520.0,TEST2RR,AKR_TEST2RR,0.0,1.0,1.0,100.0
316220,2,walk,walk,16669,,16669.0,20.0,0.0,0.0,6.0,28.12,0.246,-1.083,0.0,42.0,25.93,0.0,1.0,3880.0,10.0,19.87,-0.33,-0.91,0.02,-3.6,-53.07,-36.15,520.0,TEST2RR,AKR_TEST2RR,0.0,1.0,1.0,100.0
316240,2,walk,walk,16670,,16670.0,20.0,0.0,0.0,6.0,27.97,0.228,-0.946,0.0,42.0,25.93,0.0,1.0,3880.0,10.0,17.06,-0.28,-0.91,0.03,-3.51,-59.17,-45.58,520.0,TEST2RR,AKR_TEST2RR,0.0,1.0,1.0,100.0
316260,2,walk,walk,16671,,16671.0,20.0,0.0,0.0,6.0,27.78,0.22,-0.244,0.0,42.0,25.93,0.0,1.0,3880.0,10.0,13.69,-0.22,-0.91,0.03,-4.11,-61.81,-55.54,520.0,TEST2RR,AKR_TEST2RR,0.0,1.0,1.0,100.0
316280,2,walk,walk,16672,,16672.0,20.0,0.0,0.0,6.0,27.53,0.22,0.072,0.0,42.0,25.93,0.0,1.0,3880.0,10.0,9.94,-0.16,-0.92,0.04,-5.4,-60.16,-65.73,520.0,TEST2RR,AKR_TEST2RR,0.0,1.0,1.0,100.0
316320,2,walk,walk,16673,,16673.0,20.0,0.0,0.0,6.0,27.2,0.22,0.052,0.0,42.0,25.93,0.0,1.0,3880.0,10.0,6.03,-0.1,-0.93,0.05,-7.27,-53.91,-75.91,520.0,TEST2RR,AKR_TEST2RR,0.0,1.0,1.0,100.0
316320,2,walk,walk,16674,,16674.0,20.0,0.0,0.0,6.0,26.79,0.221,0.115,0.0,42.0,25.93,0.0,1.0,3880.0,10.0,2.27,-0.04,-0.94,0.05,-9.5,-43.27,-85.89,520.0,TEST2RR,AKR_TEST2RR,0.0,1.0,1.0,100.0
316340,2,walk,walk,16675,,16675.0,20.0,0.0,0.0,6.0,26.27,0.222,0.124,0.0,42.0,25.93,0.0,1.0,3880.0,10.0,-1.06,0.02,-0.96,0.05,-11.77,-28.91,-95.52,520.0,TEST2RR,AKR_TEST2RR,0.0,1.0,1.0,100.0
316360,2,walk,walk,16676,,16676.0,20.0,0.0,0.0,6.0,25.63,0.223,0.148,0.0,42.0,25.97,0.0,1.0,3880.0,10.0,-3.77,0.07,-0.99,0.05,-13.85,-11.76,-104.66,520.0,TEST2RR,AKR_TEST2RR,0.0,1.0,1.0,100.0
316380,2,walk,walk,16677,,16677.0,20.0,0.0,0.0,6.0,24.87,0.224,0.077,0.0,42.0,25.93,0.0,1.0,3880.0,10.0,-5.74,0.1,-1.02,0.04,-15.54,7.05,-113.2,520.0,TEST2RR,AKR_TEST2RR,0.0,1.0,1.0,100.0
316400,2,walk,walk,16678,,16678.0,20.0,0.0,0.0,6.0,23.96,0.224,0.048,0.0,42.0,25.93,0.0,1.0,3880.0,10.0,-6.95,0.13,-1.05,0.03,-16.73,26.3,-121.0,520.0,TEST2RR,AKR_TEST2RR,0.0,1.0,1.0,100.0
316440,2,walk,walk,16679,,16679.0,20.0,0.0,0.0,6.0,22.9,0.224,-0.022,0.0,42.0,25.93,0.0,1.0,3880.0,10.0,-7.47,0.14,-1.08,0.01,-17.42,44.7,-127.88,520.0,TEST2RR,AKR_TEST2RR,0.0,1.0,1.0,100.0
316460,2,walk,walk,16680,,16680.0,20.0,0.0,0.0,6.0,21.68,0.224,-0.079,0.0,42.0,25.93,0.0,1.0,3880.0,10.0,-7.39,0.14,-1.11,-0.02,-17.73,61.1,-133.67,520.0,TEST2RR,AKR_TEST2RR,0.0,1.0,1.0,100.0
316460,2,walk,walk,16681,,16681.0,20.0,0.0,0.0,6.0,20.3,0.224,-0.007,0.0,42.0,25.93,0.0,1.0,3880.0,10.0,-6.83,0.14,-1.13,-0.04,-17.87,74.56,-138.13,520.0,TEST2RR,AKR_TEST2RR,0.0,1.0,1.0,100.0
316500,2,walk,walk,16682,,16682.0,20.0,0.0,0.0,6.0,18.76,0.223,-0.187,0.0,42.0,25.93,0.0,1.0,3880.0,10.0,-5.87,0.12,-1.15,-0.07,-18.01,84.5,-141.0,520.0,TEST2RR,AKR_TEST2RR,0.0,1.0,1.0,100.0
316500,2,walk,walk,16683,,16683.0,20.0,0.0,0.0,6.0,17.08,0.218,-0.578,0.0,42.0,25.93,0.0,1.0,3880.0,10.0,-4.6,0.09,-1.17,-0.09,-18.27,90.72,-141.97,520.0,TEST2RR,AKR_TEST2RR,0.0,1.0,1.0,100.0
316540,2,walk,walk,16684,,16684.0,20.0,0.0,0.0,7.0,15.24,0.208,-0.553,0.0,42.0,25.93,0.0,1.0,3880.0,10.0,-3.11,0.06,-1.17,-0.12,-18.62,93.38,-140.62,520.0,TEST2RR,AKR_TEST2RR,0.0,1.0,1.0,100.0
316540,2,walk,walk,16685,,16685.0,20.0,0.0,0.0,7.0,13.28,0.204,0.03,0.0,42.0,25.93,0.0,1.0,3880.0,10.0,-1.51,0.03,-1.17,-0.13,-18.95,92.87,-136.55,520.0,TEST2RR,AKR_TEST2RR,0.0,1.0,1.0,100.0
316560,2,walk,walk,16686,,16686.0,20.0,0.0,0.0,7.0,11.21,0.205,0.124,0.0,42.0,25.93,0.0,1.0,3880.0,10.0,0.09,0.0,-1.17,-0.14,-19.16,89.77,-129.66,520.0,TEST2RR,AKR_TEST2RR,0.0,1.0,1.0,100.0
316580,2,walk,walk,16687,,16687.0,20.0,0.0,0.0,7.0,9.04,0.205,0.061,0.0,42.0,25.93,0.0,1.0,3880.0,10.0,1.6,-0.03,-1.16,-0.15,-19.21,84.82,-120.09,520.0,TEST2RR,AKR_TEST2RR,0.0,1.0,1.0,100.0
316600,2,walk,walk,16688,,16688.0,20.0,0.0,0.0,7.0,6.8,0.205,-0.101,0.0,42.0,25.93,0.0,1.0,3880.0,10.0,2.93,-0.06,-1.15,-0.14,-19.11,78.8,-108.21,520.0,TEST2RR,AKR_TEST2RR,0.0,1.0,1.0,100.0
316640,2,walk,walk,16689,,16689.0,20.0,0.0,0.0,7.0,4.52,0.205,0.083,0.0,42.0,25.93,0.0,1.0,3880.0,10.0,4.02,-0.08,-1.13,-0.14,-18.93,72.52,-94.51,520.0,TEST2RR,AKR_TEST2RR,0.0,1.0,1.0,100.0
316660,2,walk,walk,16690,,16690.0,20.0,0.0,0.0,7.0,2.22,0.205,-0.005,0.0,42.0,25.93,0.0,1.0,3880.0,10.0,4.83,-0.09,-1.11,-0.13,-18.72,66.68,-79.54,520.0,TEST2RR,AKR_TEST2RR,0.0,1.0,1.0,100.0
316660,2,walk,walk,16691,,16691.0,20.0,0.0,0.0,7.0,-0.06,0.205,0.01,0.0,42.0,25.93,0.0,1.0,3880.0,10.0,5.36,-0.1,-1.09,-0.12,-18.54,61.83,-63.86,520.0,TEST2RR,AKR_TEST2RR,0.0,1.0,1.0,100.0
316680,2,walk,walk,16692,,16692.0,20.0,0.0,0.0,7.0,-2.29,0.206,-0.066,0.0,42.0,25.93,0.0,1.0,3880.0,10.0,5.62,-0.11,-1.07,-0.11,-18.46,58.26,-47.98,520.0,TEST2RR,AKR_TEST2RR,0.0,1.0,1.0,100.0
316700,2,walk,walk,16693,,16693.0,20.0,0.0,0.0,7.0,-4.44,0.208,0.128,0.0,42.0,25.93,0.0,1.0,3880.0,10.0,5.65,-0.1,-1.05,-0.09,-18.54,56.09,-32.37,520.0,TEST2RR,AKR_TEST2RR,0.0,1.0,1.0,100.0
316720,2,walk,walk,16694,,16694.0,20.0,0.0,0.0,7.0,-6.49,0.209,-0.13,0.0,42.0,25.93,0.0,1.0,3880.0,10.0,5.52,-0.1,-1.04,-0.08,-18.82,55.18,-17.45,520.0,TEST2RR,AKR_TEST2RR,0.0,1.0,1.0,100.0
316760,2,walk,walk,16695,,16695.0,20.0,0.0,0.0,7.0,-8.4,0.209,-0.042,0.0,42.0,25.93,0.0,1.0,3880.0,10.0,5.26,-0.09,-1.02,-0.07,-19.35,55.26,-3.54,520.0,TEST2RR,AKR_TEST2RR,0.0,1.0,1.0,100.0
316760,2,walk,walk,16696,,16696.0,20.0,0.0,0.0,1.0,-10.15,0.197,-3.716,0.0,42.0,25.93,0.0,1.0,3880.0,10.0,4.85,-0.09,-1.02,-0.06,-20.15,55.95,9.14,520.0,TEST2RR,AKR_TEST2RR,0.0,1.0,1.0,100.0
316800,2,walk,walk,16697,,16697.0,20.0,0.0,0.0,1.0,-11.72,0.141,-3.207,0.0,42.0,25.93,0.0,1.0,3880.0,10.0,4.03,-0.07,-1.03,-0.05,-20.85,56.15,19.94,520.0,TEST2RR,AKR_TEST2RR,0.0,1.0,1.0,100.0
316800,2,walk,walk,16698,,16698.0,20.0,0.0,0.0,1.0,-13.09,0.148,2.592,0.0,41.0,25.93,0.0,1.0,3880.0,10.0,2.46,-0.04,-1.04,-0.03,-20.8,55.23,28.27,520.0,TEST2RR,AKR_TEST2RR,0.0,1.0,1.0,100.0
316820,2,walk,walk,16699,,16699.0,20.0,0.0,0.0,1.0,-14.26,0.198,3.379,0.0,41.0,25.93,0.0,1.0,3880.0,10.0,0.06,0.0,-1.06,0.0,-19.8,52.61,33.95,520.0,TEST2RR,AKR_TEST2RR,0.0,1.0,1.0,100.0
316840,2,walk,walk,16700,,16700.0,20.0,0.0,0.0,1.0,-15.22,0.221,-0.786,0.0,41.0,25.93,0.0,1.0,3880.0,10.0,-2.83,0.05,-1.08,0.03,-18.2,48.44,37.06,520.0,TEST2RR,AKR_TEST2RR,0.0,1.0,1.0,100.0
316860,2,walk,walk,16701,,16701.0,20.0,0.0,0.0,1.0,-15.96,0.201,-1.67,0.0,41.0,25.93,0.0,1.0,3880.0,10.0,-5.74,0.11,-1.09,0.07,-16.58,43.28,38.19,520.0,TEST2RR,AKR_TEST2RR,0.0,1.0,1.0,100.0
316880,2,walk,walk,16702,,16702.0,20.0,0.0,0.0,1.0,-16.51,0.178,-1.361,0.0,41.0,25.93,0.0,1.0,3880.0,10.0,-8.4,0.16,-1.1,0.11,-15.35,37.78,38.1,520.0,TEST2RR,AKR_TEST2RR,0.0,1.0,1.0,100.0
316900,2,walk,walk,16703,,16703.0,20.0,0.0,0.0,1.0,-16.86,0.162,-1.082,0.0,41.0,25.93,0.0,1.0,3880.0,10.0,-10.64,0.21,-1.1,0.15,-14.55,32.6,37.51,520.0,TEST2RR,AKR_TEST2RR,0.0,1.0,1.0,100.0
316920,2,walk,walk,16704,,16704.0,20.0,0.0,0.0,1.0,-17.04,0.147,-0.926,0.0,41.0,25.93,0.0,1.0,3880.0,10.0,-12.37,0.24,-1.11,0.18,-14.02,28.24,36.91,520.0,TEST2RR,AKR_TEST2RR,0.0,1.0,1.0,100.0
316940,2,walk,walk,16705,,16705.0,20.0,0.0,0.0,1.0,-17.07,0.133,-1.282,0.0,41.0,25.93,0.0,1.0,3880.0,10.0,-13.56,0.27,-1.11,0.19,-13.58,24.74,36.52,520.0,TEST2RR,AKR_TEST2RR,0.0,1.0,1.0,100.0
316980,2,walk,walk,16706,,16706.0,20.0,0.0,0.0,1.0,-16.95,0.122,-0.291,0.0,41.0,25.93,0.0,1.0,3880.0,10.0,-14.22,0.28,-1.11,0.19,-13.01,21.89,36.39,520.0,TEST2RR,AKR_TEST2RR,0.0,1.0,1.0,100.0
317000,2,walk,walk,16707,,16707.0,20.0,0.0,0.0,1.0,-16.73,0.117,-0.429,0.0,41.0,25.93,0.0,1.0,3880.0,10.0,-14.43,0.28,-1.11,0.18,-12.17,19.52,36.39,520.0,TEST2RR,AKR_TEST2RR,0.0,1.0,1.0,100.0
317020,2,walk,walk,16708,,16708.0,20.0,0.0,0.0,1.0,-16.4,0.105,-0.845,0.0,41.0,25.93,0.0,1.0,3880.0,10.0,-14.25,0.28,-1.1,0.17,-11.02,17.44,36.38,520.0,TEST2RR,AKR_TEST2RR,0.0,1.0,1.0,100.0
317020,2,walk,walk,16709,,16709.0,20.0,0.0,0.0,1.0,-16.0,0.097,-0.273,0.0,41.0,25.93,0.0,1.0,3880.0,10.0,-13.76,0.27,-1.1,0.15,-9.61,15.52,36.28,520.0,TEST2RR,AKR_TEST2RR,0.0,1.0,1.0,100.0
317060,2,walk,walk,16710,,16710.0,20.0,0.0,0.0,1.0,-15.54,0.092,-0.467,0.0,41.0,25.93,0.0,1.0,3880.0,10.0,-13.06,0.25,-1.09,0.14,-8.06,13.71,35.98,520.0,TEST2RR,AKR_TEST2RR,0.0,1.0,1.0,100.0
317080,2,walk,walk,16711,,16711.0,20.0,0.0,0.0,1.0,-15.02,0.083,-0.784,0.0,41.0,25.93,0.0,1.0,3880.0,10.0,-12.2,0.23,-1.08,0.12,-6.49,11.99,35.44,520.0,TEST2RR,AKR_TEST2RR,0.0,1.0,1.0,100.0
317120,2,walk,walk,16712,,16712.0,20.0,0.0,0.0,1.0,-14.47,0.073,-0.382,0.0,41.0,25.93,0.0,1.0,3880.0,10.0,-11.24,0.21,-1.07,0.11,-5.05,10.41,34.68,521.0,TEST2RR,AKR_TEST2RR,0.0,1.0,1.0,100.0
317120,2,walk,walk,16713,,16713.0,20.0,0.0,0.0,1.0,-13.89,0.067,-0.48,0.0,41.0,25.93,0.0,1.0,3880.0,10.0,-10.25,0.19,-1.06,0.1,-3.86,8.98,33.75,521.0,TEST2RR,AKR_TEST2RR,0.0,1.0,1.0,100.0
317140,2,walk,walk,16714,,16714.0,20.0,0.0,0.0,1.0,-13.29,0.056,-0.84,0.0,41.0,25.93,0.0,1.0,3880.0,10.0,-9.25,0.17,-1.06,0.09,-2.96,7.71,32.7,521.0,TEST2RR,AKR_TEST2RR,0.0,1.0,1.0,100.0
317140,2,walk,walk,16715,,16715.0,20.0,0.0,0.0,1.0,-12.67,0.045,-0.661,0.0,41.0,25.93,0.0,1.0,3880.0,10.0,-8.29,0.15,-1.05,0.08,-2.39,6.58,31.63,521.0,TEST2RR,AKR_TEST2RR,0.0,1.0,1.0,100.0
317180,2,walk,walk,16716,,16716.0,20.0,0.0,0.0,1.0,-12.05,0.035,-0.808,0.0,41.0,25.93,0.0,1.0,3880.0,10.0,-7.37,0.13,-1.04,0.07,-2.13,5.59,30.65,521.0,TEST2RR,AKR_TEST2RR,0.0,1.0,1.0,100.0
317180,2,walk,walk,16717,,16717.0,20.0,0.0,0.0,1.0,-11.42,0.021,-0.843,0.0,41.0,25.93,0.0,1.0,3880.0,10.0,-6.5,0.12,-1.04,0.07,-2.15,4.72,29.82,521.0,TEST2RR,AKR_TEST2RR,0.0,1.0,1.0,100.0
317200,2,walk,walk,16718,,16718.0,20.0,0.0,0.0,1.0,-10.79,0.011,-0.715,0.0,41.0,25.93,0.0,1.0,3880.0,10.0,-5.7,0.1,-1.03,0.07,-2.41,3.96,29.2,521.0,TEST2RR,AKR_TEST2RR,0.0,1.0,1.0,100.0
317220,2,walk,walk,16719,,16719.0,20.0,0.0,0.0,1.0,-10.17,-0.003,-1.063,0.0,41.0,25.93,0.0,1.0,3880.0,10.0,-4.94,0.09,-1.03,0.06,-2.82,3.33,28.79,521.0,TEST2RR,AKR_TEST2RR,0.0,1.0,1.0,100.0
317260,2,walk,walk,16720,,16720.0,20.0,0.0,0.0,1.0,-9.54,-0.014,-0.586,0.0,41.0,25.93,0.0,1.0,3880.0,10.0,-4.23,0.08,-1.03,0.06,-3.29,2.81,28.6,521.0,TEST2RR,AKR_TEST2RR,0.0,1.0,1.0,100.0
317280,2,walk,walk,16721,,16721.0,20.0,0.0,0.0,1.0,-8.92,-0.029,-1.01,0.0,41.0,25.93,0.0,1.0,3880.0,10.0,-3.55,0.06,-1.03,0.05,-3.71,2.42,28.6,521.0,TEST2RR,AKR_TEST2RR,0.0,1.0,1.0,100.0
317300,2,walk,walk,16722,,16722.0,20.0,0.0,0.0,1.0,-8.31,-0.038,-0.566,0.0,41.0,25.93,0.0,1.0,3880.0,10.0,-2.89,0.05,-1.03,0.05,-3.98,2.13,28.75,521.0,TEST2RR,AKR_TEST2RR,0.0,1.0,1.0,100.0
317300,2,walk,walk,16723,,16723.0,20.0,0.0,0.0,1.0,-7.7,-0.05,-1.04,0.0,41.0,25.93,0.0,1.0,3880.0,10.0,-2.25,0.04,-1.03,0.04,-4.09,1.92,28.99,521.0,TEST2RR,AKR_TEST2RR,0.0,1.0,1.0,100.0
317320,2,walk,walk,16724,,16724.0,20.0,0.0,0.0,1.0,-7.1,-0.058,-0.361,0.0,41.0,25.93,0.0,1.0,3880.0,10.0,-1.6,0.03,-1.03,0.03,-4.09,1.79,29.24,521.0,TEST2RR,AKR_TEST2RR,0.0,1.0,1.0,100.0
317340,2,walk,walk,16725,,16725.0,20.0,0.0,0.0,1.0,-6.5,-0.064,-0.351,0.0,41.0,25.93,0.0,1.0,3880.0,10.0,-0.95,0.02,-1.02,0.03,-4.11,1.73,29.39,521.0,TEST2RR,AKR_TEST2RR,0.0,1.0,1.0,100.0
317360,2,walk,walk,16726,,16726.0,20.0,0.0,0.0,1.0,-5.91,-0.066,-0.092,0.0,41.0,25.93,0.0,1.0,3880.0,10.0,-0.28,0.0,-1.02,0.03,-4.26,1.73,29.3,521.0,TEST2RR,AKR_TEST2RR,0.0,1.0,1.0,100.0
317380,2,walk,walk,16727,,16727.0,20.0,0.0,0.0,1.0,-5.32,-0.068,0.029,0.0,41.0,25.93,0.0,1.0,3880.0,10.0,0.4,-0.01,-1.02,0.03,-4.66,1.78,28.84,521.0,TEST2RR,AKR_TEST2RR,0.0,1.0,1.0,100.0
317400,2,walk,walk,16728,,16728.0,20.0,0.0,0.0,1.0,-4.74,-0.067,0.115,0.0,41.0,25.93,0.0,1.0,3880.0,10.0,1.09,-0.02,-1.02,0.03,-5.33,1.86,27.94,521.0,TEST2RR,AKR_TEST2RR,0.0,1.0,1.0,100.0
317420,2,walk,walk,16729,,16729.0,20.0,0.0,0.0,1.0,-4.16,-0.065,0.28,0.0,41.0,25.97,0.0,1.0,3880.0,10.0,1.78,-0.03,-1.02,0.03,-6.23,2.0,26.53,521.0,TEST2RR,AKR_TEST2RR,0.0,1.0,1.0,100.0
317460,2,walk,walk,16730,,16730.0,20.0,0.0,0.0,1.0,-3.58,-0.059,0.412,0.0,41.0,25.93,0.0,1.0,3880.0,10.0,2.44,-0.04,-1.01,0.03,-7.25,2.17,24.56,521.0,TEST2RR,AKR_TEST2RR,0.0,1.0,1.0,100.0
317460,2,walk,walk,16731,,16731.0,20.0,0.0,0.0,1.0,-3.01,-0.054,0.269,0.0,41.0,25.93,0.0,1.0,3880.0,10.0,3.06,-0.05,-1.01,0.02,-8.3,2.36,22.06,521.0,TEST2RR,AKR_TEST2RR,0.0,1.0,1.0,100.0
317500,2,walk,walk,16732,,16732.0,20.0,0.0,0.0,1.0,-2.44,-0.051,0.084,0.0,41.0,25.97,0.0,1.0,3880.0,10.0,3.61,-0.06,-1.01,0.02,-9.27,2.52,19.16,521.0,TEST2RR,AKR_TEST2RR,0.0,1.0,1.0,100.0
317500,2,walk,walk,16733,,16733.0,20.0,0.0,0.0,1.0,-1.88,-0.051,0.073,0.0,41.0,25.93,0.0,1.0,3880.0,10.0,4.05,-0.07,-1.01,0.01,-10.1,2.66,16.1,521.0,TEST2RR,AKR_TEST2RR,0.0,1.0,1.0,100.0
317520,2,walk,walk,16734,,16734.0,20.0,0.0,0.0,1.0,-1.33,-0.051,-0.111,0.0,41.0,25.93,0.0,1.0,3880.0,10.0,4.38,-0.08,-1.01,0.01,-10.75,2.76,13.1,521.0,TEST2RR,AKR_TEST2RR,0.0,1.0,1.0,100.0
317540,2,walk,walk,16735,,16735.0,20.0,0.0,6.0,2.0,-0.8,-0.052,-0.053,0.0,41.0,25.93,0.0,1.0,3880.0,10.0,4.6,-0.08,-1.01,0.0,-11.16,2.8,10.38,521.0,TEST2RR,AKR_TEST2RR,0.0,1.0,1.0,100.0
317560,2,walk,walk,16736,,16736.0,20.0,0.0,6.0,2.0,-0.28,-0.052,0.062,0.03,41.0,25.9,0.0,18.0,3880.0,10.0,4.74,-0.08,-1.02,-0.01,-11.29,2.48,7.97,521.0,TEST2RR,AKR_TEST2RR,0.0,1.0,1.0,100.0
317600,2,walk,walk,16737,,16737.0,20.0,0.0,6.0,2.0,0.22,-0.038,0.981,1.405,41.0,25.86,0.0,18.0,3880.0,10.0,4.83,-0.09,-1.02,-0.02,-11.13,1.77,5.77,521.0,TEST2RR,AKR_TEST2RR,0.0,1.0,1.0,100.0
317620,2,walk,walk,16738,,16738.0,20.0,0.0,6.0,2.0,0.69,-0.027,0.579,1.719,41.0,25.83,0.0,18.0,3880.0,10.0,4.88,-0.09,-1.02,-0.02,-10.67,0.76,3.74,521.0,TEST2RR,AKR_TEST2RR,0.0,1.0,1.0,100.0
317620,2,walk,walk,16739,,16739.0,20.0,0.0,6.0,2.0,1.13,-0.023,0.159,2.258,41.0,25.83,0.0,18.0,3880.0,10.0,4.88,-0.09,-1.02,-0.03,-9.95,-0.37,1.96,521.0,TEST2RR,AKR_TEST2RR,0.0,1.0,1.0,100.0
317640,2,walk,walk,16740,,16740.0,20.0,0.0,6.0,2.0,1.55,-0.022,0.011,2.521,41.0,25.79,0.0,18.0,3880.0,10.0,4.86,-0.09,-1.02,-0.04,-9.02,-1.48,0.49,521.0,TEST2RR,AKR_TEST2RR,0.0,1.0,1.0,100.0
317660,2,walk,walk,16741,,16741.0,20.0,1.0,6.0,2.0,1.93,-0.022,0.03,2.568,41.0,25.79,0.0,19.0,3880.0,10.0,4.81,-0.09,-1.02,-0.04,-7.94,-2.46,-0.63,521.0,TEST2RR,AKR_TEST2RR,0.0,1.0,1.0,100.0
317680,2,walk,walk,16742,,16742.0,20.0,1.0,6.0,2.0,2.28,-0.022,-0.103,2.672,41.0,25.79,0.0,19.0,3880.0,10.0,4.74,-0.09,-1.03,-0.05,-6.76,-3.25,-1.37,521.0,TEST2RR,AKR_TEST2RR,0.0,1.0,1.0,100.0
317700,2,walk,walk,16743,,16743.0,20.0,1.0,6.0,2.0,2.59,-0.023,-0.075,2.809,41.0,25.76,0.0,19.0,3880.0,10.0,4.65,-0.08,-1.03,-0.05,-5.53,-3.86,-1.72,521.0,TEST2RR,AKR_TEST2RR,0.0,1.0,1.0,100.0
317720,2,walk,walk,16744,,16744.0,20.0,1.0,6.0,2.0,2.87,-0.024,-0.097,3.001,41.0,25.72,0.0,19.0,3880.0,10.0,4.55,-0.08,-1.03,-0.05,-4.29,-4.33,-1.66,521.0,TEST2RR,AKR_TEST2RR,0.0,1.0,1.0,100.0
317760,2,walk,walk,16745,,16745.0,20.0,1.0,6.0,2.0,3.11,-0.026,-0.16,3.213,41.0,25.72,0.0,19.0,3880.0,10.0,4.43,-0.08,-1.03,-0.05,-3.07,-4.67,-1.22,521.0,TEST2RR,AKR_TEST2RR,0.0,1.0,1.0,100.0
317760,2,walk,walk,16746,,16746.0,20.0,1.0,6.0,2.0,3.32,-0.027,-0.014,3.291,41.0,25.69,0.0,19.0,3880.0,10.0,4.33,-0.08,-1.03,-0.05,-1.89,-4.9,-0.47,521.0,TEST2RR,AKR_TEST2RR,0.0,1.0,1.0,100.0
317780,2,walk,walk,16747,,16747.0,20.0,1.0,6.0,2.0,3.5,-0.027,0.053,3.274,41.0,25.69,0.0,19.0,3880.0,10.0,4.26,-0.08,-1.03,-0.06,-0.76,-5.01,0.5,521.0,TEST2RR,AKR_TEST2RR,0.0,1.0,1.0,100.0
317800,2,walk,walk,16748,,16748.0,20.0,1.0,6.0,2.0,3.66,-0.027,-0.005,3.239,41.0,25.72,0.0,19.0,3880.0,10.0,4.24,-0.08,-1.03,-0.06,0.32,-5.01,1.53,521.0,TEST2RR,AKR_TEST2RR,0.0,1.0,1.0,100.0
317820,2,walk,walk,16749,,16749.0,20.0,1.0,6.0,2.0,3.79,-0.027,0.036,3.103,41.0,25.69,0.0,19.0,3880.0,10.0,4.28,-0.08,-1.03,-0.05,1.34,-4.88,2.5,521.0,TEST2RR,AKR_TEST2RR,0.0,1.0,1.0,100.0
317840,2,walk,walk,16750,,16750.0,20.0,1.0,6.0,2.0,3.9,-0.026,-0.032,2.996,41.0,25.72,0.0,19.0,3880.0,10.0,4.36,-0.08,-1.03,-0.05,2.32,-4.63,3.31,521.0,TEST2RR,AKR_TEST2RR,0.0,1.0,1.0,100.0
317860,2,walk,walk,16751,,16751.0,20.0,1.0,6.0,2.0,3.99,-0.024,0.182,2.828,41.0,25.76,0.0,19.0,3880.0,10.0,4.49,-0.08,-1.03,-0.05,3.26,-4.3,3.9,521.0,TEST2RR,AKR_TEST2RR,0.0,1.0,1.0,100.0
317880,2,walk,walk,16752,,16752.0,20.0,1.0,6.0,2.0,4.07,-0.023,0.061,2.754,41.0,25.76,0.0,19.0,3880.0,10.0,4.65,-0.08,-1.03,-0.05,4.17,-3.93,4.25,521.0,TEST2RR,AKR_TEST2RR,0.0,1.0,1.0,100.0
317900,2,walk,walk,16753,,16753.0,20.0,1.0,6.0,2.0,4.14,-0.022,0.075,2.687,41.0,25.79,0.0,19.0,3880.0,10.0,4.83,-0.09,-1.03,-0.05,5.02,-3.6,4.37,521.0,TEST2RR,AKR_TEST2RR,0.0,1.0,1.0,100.0
317940,2,walk,walk,16754,,16754.0,20.0,1.0,6.0,2.0,4.21,-0.022,-0.006,2.682,41.0,25.79,0.0,19.0,3880.0,10.0,5.0,-0.09,-1.03,-0.05,5.75,-3.36,4.31,521.0,TEST2RR,AKR_TEST2RR,0.0,1.0,1.0,100.0
317940,2,walk,walk,16755,,16755.0,20.0,1.0,6.0,2.0,4.27,-0.022,0.013,2.626,41.0,25.79,0.0,19.0,3880.0,10.0,5.15,-0.09,-1.03,-0.05,6.35,-3.25,4.13,521.0,TEST2RR,AKR_TEST2RR,0.0,1.0,1.0,100.0
317960,2,walk,walk,16756,,16756.0,20.0,1.0,6.0,2.0,4.33,-0.022,-0.033,2.598,41.0,25.79,0.0,19.0,3880.0,10.0,5.28,-0.09,-1.02,-0.05,6.81,-3.23,3.89,521.0,TEST2RR,AKR_TEST2RR,0.0,1.0,1.0,100.0
317980,2,walk,walk,16757,,16757.0,20.0,1.0,6.0,2.0,4.39,-0.022,-0.053,2.636,41.0,25.79,0.0,19.0,3880.0,10.0,5.36,-0.1,-1.02,-0.04,7.12,-3.26,3.65,521.0,TEST2RR,AKR_TEST2RR,0.0,1.0,1.0,100.0
318000,2,walk,walk,16758,,16758.0,20.0,1.0,6.0,2.0,4.45,-0.022,-0.006,2.636,41.0,25.79,0.0,19.0,3880.0,10.0,5.42,-0.1,-1.02,-0.04,7.29,-3.3,3.44,521.0,TEST2RR,AKR_TEST2RR,0.0,1.0,1.0,100.0
318040,2,walk,walk,16759,,16759.0,20.0,1.0,6.0,2.0,4.51,-0.022,0.015,2.679,41.0,25.76,0.0,19.0,3880.0,10.0,5.46,-0.1,-1.02,-0.03,7.34,-3.3,3.28,521.0,TEST2RR,AKR_TEST2RR,0.0,1.0,1.0,100.0
318040,2,walk,walk,16760,,16760.0,20.0,1.0,6.0,2.0,4.57,-0.022,0.041,2.679,41.0,25.79,0.0,19.0,3880.0,10.0,5.49,-0.1,-1.02,-0.03,7.28,-3.28,3.17,521.0,TEST2RR,AKR_TEST2RR,0.0,1.0,1.0,100.0
318080,2,walk,walk,16761,,16761.0,20.0,1.0,6.0,2.0,4.64,-0.022,0.032,2.682,41.0,25.79,0.0,19.0,3880.0,10.0,5.53,-0.1,-1.02,-0.03,7.13,-3.23,3.09,522.0,TEST2RR,AKR_TEST2RR,0.0,1.0,1.0,100.0
318100,2,walk,walk,16762,,16762.0,20.0,1.0,6.0,2.0,4.7,-0.022,-0.07,2.658,41.0,25.76,0.0,19.0,3880.0,10.0,5.58,-0.1,-1.02,-0.02,6.91,-3.2,3.0,522.0,TEST2RR,AKR_TEST2RR,0.0,1.0,1.0,100.0
318100,2,walk,walk,16763,,16763.0,20.0,1.0,6.0,2.0,4.77,-0.022,0.014,2.64,41.0,25.79,0.0,19.0,3880.0,10.0,5.63,-0.1,-1.02,-0.02,6.65,-3.18,2.88,522.0,TEST2RR,AKR_TEST2RR,0.0,1.0,1.0,100.0
318140,2,walk,walk,16764,,16764.0,20.0,1.0,6.0,2.0,4.84,-0.022,-0.029,2.667,41.0,25.79,0.0,19.0,3880.0,10.0,5.69,-0.1,-1.02,-0.02,6.34,-3.13,2.72,522.0,TEST2RR,AKR_TEST2RR,0.0,1.0,1.0,100.0
318140,2,walk,walk,16765,,16765.0,20.0,1.0,6.0,2.0,4.9,-0.022,-0.001,2.65,41.0,25.76,0.0,19.0,3880.0,10.0,5.75,-0.1,-1.01,-0.01,6.0,-3.03,2.51,522.0,TEST2RR,AKR_TEST2RR,0.0,1.0,1.0,100.0
318160,2,walk,walk,16766,,16766.0,20.0,1.0,6.0,2.0,4.97,-0.022,0.018,2.658,41.0,25.79,0.0,19.0,3880.0,10.0,5.8,-0.1,-1.01,-0.01,5.61,-2.88,2.26,522.0,TEST2RR,AKR_TEST2RR,0.0,1.0,1.0,100.0
318180,2,walk,walk,16767,,16767.0,20.0,1.0,6.0,2.0,5.04,-0.022,0.069,2.632,41.0,25.79,0.0,19.0,3880.0,10.0,5.84,-0.1,-1.01,-0.01,5.19,-2.67,2.0,522.0,TEST2RR,AKR_TEST2RR,0.0,1.0,1.0,100.0
318200,2,walk,walk,16768,,16768.0,20.0,1.0,6.0,2.0,5.1,-0.022,0.091,2.645,41.0,25.76,0.0,19.0,3880.0,10.0,5.85,-0.1,-1.01,-0.01,4.74,-2.42,1.74,522.0,TEST2RR,AKR_TEST2RR,0.0,1.0,1.0,100.0
318240,2,walk,walk,16769,,16769.0,20.0,1.0,6.0,2.0,5.17,-0.022,0.011,2.618,41.0,25.79,0.0,19.0,3880.0,10.0,5.86,-0.1,-1.01,0.0,4.26,-2.13,1.52,522.0,TEST2RR,AKR_TEST2RR,0.0,1.0,1.0,100.0
318240,2,walk,walk,16770,,16770.0,20.0,1.0,6.0,2.0,5.23,-0.022,0.049,2.66,41.0,25.79,0.0,19.0,3880.0,10.0,5.85,-0.1,-1.01,0.0,3.78,-1.83,1.33,522.0,TEST2RR,AKR_TEST2RR,0.0,1.0,1.0,100.0
318280,2,walk,walk,16771,,16771.0,20.0,1.0,6.0,2.0,5.29,-0.022,-0.041,2.61,41.0,25.76,0.0,19.0,3880.0,10.0,5.83,-0.1,-1.01,0.0,3.31,-1.52,1.18,522.0,TEST2RR,AKR_TEST2RR,0.0,1.0,1.0,100.0
318280,2,walk,walk,16772,,16772.0,20.0,1.0,6.0,2.0,5.35,-0.022,0.05,2.61,41.0,25.79,0.0,19.0,3880.0,10.0,5.82,-0.1,-1.02,0.0,2.86,-1.22,1.08,522.0,TEST2RR,AKR_TEST2RR,0.0,1.0,1.0,100.0
318300,2,walk,walk,16773,,16773.0,20.0,1.0,6.0,2.0,5.4,-0.022,-0.083,2.658,41.0,25.79,0.0,19.0,3880.0,10.0,5.81,-0.1,-1.02,0.0,2.42,-0.94,0.99,522.0,TEST2RR,AKR_TEST2RR,0.0,1.0,1.0,100.0
318340,2,walk,walk,16774,,16774.0,20.0,1.0,6.0,2.0,5.46,-0.022,0.045,2.606,41.0,25.76,0.0,19.0,3880.0,10.0,5.81,-0.1,-1.02,0.0,2.0,-0.67,0.91,522.0,TEST2RR,AKR_TEST2RR,0.0,1.0,1.0,100.0
318340,2,walk,walk,16775,,16775.0,20.0,2.0,6.0,2.0,5.5,-0.022,0.041,2.539,41.0,25.79,0.0,20.0,3880.0,10.0,5.83,-0.1,-1.02,0.0,1.6,-0.42,0.82,522.0,TEST2RR,AKR_TEST2RR,0.0,1.0,1.0,100.0
318360,2,walk,walk,16776,,16776.0,20.0,2.0,6.0,2.0,5.55,-0.021,-0.01,2.548,41.0,25.79,0.0,20.0,3880.0,10.0,5.84,-0.1,-1.02,0.0,1.23,-0.18,0.69,522.0,TEST2RR,AKR_TEST2RR,0.0,1.0,1.0,100.0
318400,2,walk,walk,16777,,16777.0,20.0,2.0,6.0,2.0,5.59,-0.02,0.058,2.415,41.0,25.79,0.0,20.0,3880.0,10.0,5.87,-0.1,-1.02,0.0,0.87,0.05,0.51,522.0,TEST2RR,AKR_TEST2RR,0.0,1.0,1.0,100.0
318400,2,walk,walk,16778,,16778.0,20.0,1.0,6.0,2.0,5.63,-0.02,0.093,2.23,41.0,25.83,0.0,19.0,3880.0,10.0,5.9,-0.11,-1.02,0.0,0.54,0.26,0.27,522.0,TEST2RR,AKR_TEST2RR,0.0,1.0,1.0,100.0
318420,2,walk,walk,16779,,16779.0,20.0,2.0,6.0,2.0,5.67,-0.019,0.076,2.144,41.0,25.83,0.0,20.0,3880.0,10.0,5.92,-0.11,-1.02,0.0,0.25,0.47,-0.04,522.0,TEST2RR,AKR_TEST2RR,0.0,1.0,1.0,100.0
318460,2,walk,walk,16780,,16780.0,20.0,2.0,6.0,2.0,5.7,-0.017,0.066,2.053,41.0,25.83,0.0,20.0,3880.0,10.0,5.94,-0.11,-1.02,0.0,0.0,0.67,-0.42,522.0,TEST2RR,AKR_TEST2RR,0.0,1.0,1.0,100.0
318460,2,walk,walk,16781,,16781.0,20.0,2.0,6.0,2.0,5.73,-0.016,0.097,1.909,41.0,25.86,0.0,20.0,3880.0,10.0,5.96,-0.11,-1.02,-0.01,-0.19,0.86,-0.84,522.0,TEST2RR,AKR_TEST2RR,0.0,1.0,1.0,100.0
318480,2,walk,walk,16782,,16782.0,20.0,2.0,6.0,2.0,5.76,-0.015,0.122,1.812,41.0,25.86,0.0,20.0,3880.0,10.0,5.96,-0.11,-1.02,-0.01,-0.32,1.04,-1.29,522.0,TEST2RR,AKR_TEST2RR,0.0,1.0,1.0,100.0
318520,2,walk,walk,16783,,16783.0,20.0,2.0,6.0,2.0,5.78,-0.015,0.116,1.751,41.0,25.86,0.0,20.0,3880.0,10.0,5.94,-0.11,-1.02,-0.01,-0.38,1.22,-1.75,522.0,TEST2RR,AKR_TEST2RR,0.0,1.0,1.0,100.0
318540,2,walk,walk,16784,,16784.0,20.0,2.0,6.0,2.0,5.8,-0.014,0.023,1.697,41.0,25.86,0.0,20.0,3880.0,10.0,5.9,-0.11,-1.02,-0.01,-0.37,1.36,-2.17,522.0,TEST2RR,AKR_TEST2RR,0.0,1.0,1.0,100.0
318560,2,walk,walk,16785,,16785.0,20.0,2.0,6.0,2.0,5.81,-0.014,0.009,1.684,41.0,25.86,0.0,20.0,3880.0,10.0,5.83,-0.1,-1.02,-0.01,-0.28,1.48,-2.51,522.0,TEST2RR,AKR_TEST2RR,0.0,1.0,1.0,100.0
318580,2,walk,walk,16786,,16786.0,20.0,2.0,6.0,2.0,5.82,-0.014,0.015,1.691,41.0,25.86,0.0,19.0,3880.0,10.0,5.74,-0.1,-1.02,-0.01,-0.13,1.55,-2.74,522.0,TEST2RR,AKR_TEST2RR,0.0,1.0,1.0,100.0
318580,2,walk,walk,16787,,16787.0,20.0,2.0,6.0,2.0,5.82,-0.014,0.002,1.691,41.0,25.86,0.0,19.0,3880.0,10.0,5.63,-0.1,-1.02,-0.01,0.08,1.57,-2.84,522.0,TEST2RR,AKR_TEST2RR,0.0,1.0,1.0,100.0
318600,2,walk,walk,16788,,16788.0,20.0,2.0,6.0,2.0,5.82,-0.014,-0.003,1.707,41.0,25.86,0.0,19.0,3880.0,10.0,5.51,-0.1,-1.02,-0.02,0.32,1.54,-2.78,522.0,TEST2RR,AKR_TEST2RR,0.0,1.0,1.0,100.0
318640,2,walk,walk,16789,,16789.0,20.0,2.0,6.0,2.0,5.81,-0.015,-0.038,1.725,41.0,25.86,0.0,19.0,3880.0,10.0,5.39,-0.1,-1.02,-0.02,0.6,1.47,-2.59,522.0,TEST2RR,AKR_TEST2RR,0.0,1.0,1.0,100.0
318640,2,walk,walk,16790,,16790.0,20.0,2.0,6.0,2.0,5.8,-0.015,-0.104,1.775,41.0,25.86,0.0,19.0,3880.0,10.0,5.27,-0.09,-1.02,-0.02,0.9,1.37,-2.29,522.0,TEST2RR,AKR_TEST2RR,0.0,1.0,1.0,100.0
318660,2,walk,walk,16791,,16791.0,20.0,2.0,6.0,2.0,5.79,-0.015,-0.037,1.823,41.0,25.86,0.0,19.0,3880.0,10.0,5.17,-0.09,-1.02,-0.02,1.2,1.24,-1.9,522.0,TEST2RR,AKR_TEST2RR,0.0,1.0,1.0,100.0
318720,2,walk,walk,16792,,16792.0,20.0,2.0,6.0,2.0,5.76,-0.015,-0.042,1.867,41.0,25.86,0.0,19.0,3880.0,10.0,5.09,-0.09,-1.02,-0.02,1.51,1.1,-1.46,522.0,TEST2RR,AKR_TEST2RR,0.0,1.0,1.0,100.0
318720,2,walk,walk,16793,,16793.0,20.0,2.0,6.0,2.0,5.74,-0.016,-0.062,1.92,41.0,25.86,0.0,19.0,3880.0,10.0,5.04,-0.09,-1.02,-0.02,1.81,0.95,-1.01,522.0,TEST2RR,AKR_TEST2RR,0.0,1.0,1.0,100.0
318720,2,walk,walk,16794,,16794.0,20.0,2.0,6.0,2.0,5.71,-0.017,0.013,1.994,41.0,25.83,0.0,19.0,3880.0,10.0,4.99,-0.09,-1.02,-0.02,2.11,0.78,-0.55,522.0,TEST2RR,AKR_TEST2RR,0.0,1.0,1.0,100.0
318760,2,walk,walk,16795,,16795.0,20.0,2.0,6.0,2.0,5.68,-0.017,-0.169,2.112,41.0,25.83,0.0,19.0,3880.0,10.0,4.96,-0.09,-1.02,-0.02,2.39,0.62,-0.09,522.0,TEST2RR,AKR_TEST2RR,0.0,1.0,1.0,100.0
318760,2,walk,walk,16796,,16796.0,20.0,2.0,6.0,2.0,5.65,-0.019,-0.123,2.217,41.0,25.83,0.0,19.0,3880.0,10.0,4.94,-0.09,-1.02,-0.02,2.67,0.44,0.4,522.0,TEST2RR,AKR_TEST2RR,0.0,1.0,1.0,100.0
318780,2,walk,walk,16797,,16797.0,20.0,2.0,6.0,2.0,5.62,-0.02,-0.075,2.398,41.0,25.83,0.0,19.0,3880.0,10.0,4.92,-0.09,-1.02,-0.02,2.95,0.27,0.92,522.0,TEST2RR,AKR_TEST2RR,0.0,1.0,1.0,100.0
318820,2,walk,walk,16798,,16798.0,20.0,2.0,6.0,2.0,5.59,-0.021,-0.124,2.579,41.0,25.79,0.0,19.0,3880.0,10.0,4.91,-0.09,-1.02,-0.02,3.23,0.08,1.49,522.0,TEST2RR,AKR_TEST2RR,0.0,1.0,1.0,100.0
318820,2,walk,walk,16799,,16799.0,20.0,2.0,6.0,2.0,5.56,-0.022,-0.079,2.787,41.0,25.76,0.0,19.0,3880.0,10.0,4.89,-0.09,-1.02,-0.02,3.5,-0.12,2.11,522.0,TEST2RR,AKR_TEST2RR,0.0,1.0,1.0,100.0
318860,2,walk,walk,16800,,16800.0,20.0,2.0,6.0,2.0,5.53,-0.024,-0.06,2.961,41.0,25.76,0.0,19.0,3880.0,10.0,4.89,-0.09,-1.02,-0.02,3.76,-0.33,2.78,522.0,TEST2RR,AKR_TEST2RR,0.0,1.0,1.0,100.0
318880,2,walk,walk,16801,,16801.0,20.0,2.0,6.0,2.0,5.51,-0.025,-0.092,3.118,41.0,25.72,0.0,19.0,3880.0,10.0,4.9,-0.09,-1.02,-0.01,4.01,-0.55,3.48,522.0,TEST2RR,AKR_TEST2RR,0.0,1.0,1.0,100.0
318880,2,walk,walk,16802,,16802.0,20.0,2.0,6.0,2.0,5.49,-0.027,-0.138,3.225,41.0,25.72,0.0,19.0,3880.0,10.0,4.93,-0.09,-1.02,-0.01,4.24,-0.78,4.21,522.0,TEST2RR,AKR_TEST2RR,0.0,1.0,1.0,100.0
318900,2,walk,walk,16803,,16803.0,20.0,2.0,6.0,2.0,5.48,-0.028,-0.076,3.397,41.0,25.69,0.0,19.0,3880.0,10.0,4.97,-0.09,-1.02,-0.01,4.44,-1.01,4.95,522.0,TEST2RR,AKR_TEST2RR,0.0,1.0,1.0,100.0
318940,2,walk,walk,16804,,16804.0,20.0,2.0,6.0,2.0,5.47,-0.029,-0.111,3.617,41.0,25.69,0.0,19.0,3880.0,10.0,5.03,-0.09,-1.02,-0.01,4.61,-1.26,5.69,522.0,TEST2RR,AKR_TEST2RR,0.0,1.0,1.0,100.0
318940,2,walk,walk,16805,,16805.0,20.0,2.0,6.0,2.0,5.47,-0.03,-0.023,3.744,41.0,25.62,0.0,19.0,3880.0,10.0,5.12,-0.09,-1.02,-0.01,4.74,-1.55,6.42,522.0,TEST2RR,AKR_TEST2RR,0.0,1.0,1.0,100.0
318960,2,walk,walk,16806,,16806.0,20.0,2.0,6.0,2.0,5.48,-0.031,-0.171,3.886,41.0,25.62,0.0,19.0,3880.0,10.0,5.24,-0.09,-1.02,-0.01,4.82,-1.92,7.11,522.0,TEST2RR,AKR_TEST2RR,0.0,1.0,1.0,100.0
319000,2,walk,walk,16807,,16807.0,20.0,2.0,6.0,2.0,5.5,-0.033,-0.076,4.058,41.0,25.62,0.0,19.0,3880.0,10.0,5.38,-0.1,-1.02,-0.01,4.82,-2.39,7.76,522.0,TEST2RR,AKR_TEST2RR,0.0,1.0,1.0,100.0
319020,2,walk,walk,16808,,16808.0,20.0,2.0,6.0,2.0,5.53,-0.034,-0.065,4.193,41.0,25.58,0.0,19.0,3880.0,10.0,5.54,-0.1,-1.02,-0.01,4.75,-3.01,8.34,522.0,TEST2RR,AKR_TEST2RR,0.0,1.0,1.0,100.0
319040,2,walk,walk,16809,,16809.0,20.0,2.0,6.0,2.0,5.57,-0.035,-0.104,4.291,41.0,25.58,0.0,19.0,3880.0,10.0,5.74,-0.1,-1.02,-0.01,4.59,-3.86,8.82,522.0,TEST2RR,AKR_TEST2RR,0.0,1.0,1.0,100.0
319060,2,walk,walk,16810,,16810.0,20.0,2.0,6.0,2.0,5.62,-0.036,0.001,4.332,41.0,25.54,0.0,19.0,3880.0,10.0,5.96,-0.11,-1.02,-0.01,4.31,-5.02,9.16,522.0,TEST2RR,AKR_TEST2RR,0.0,1.0,1.0,100.0
319060,2,walk,walk,16811,,16811.0,20.0,2.0,6.0,2.0,5.68,-0.036,0.013,4.303,41.0,25.58,0.0,19.0,3880.0,10.0,6.22,-0.11,-1.02,-0.02,3.9,-6.58,9.32,522.0,TEST2RR,AKR_TEST2RR,0.0,1.0,1.0,100.0
319080,2,walk,walk,16812,,16812.0,20.0,2.0,6.0,2.0,5.75,-0.036,-0.014,4.308,41.0,25.54,0.0,19.0,3880.0,10.0,6.51,-0.12,-1.02,-0.02,3.34,-8.62,9.24,522.0,TEST2RR,AKR_TEST2RR,0.0,1.0,1.0,100.0
319120,2,walk,walk,16813,,16813.0,20.0,2.0,6.0,2.0,5.83,-0.035,0.07,4.227,41.0,25.58,0.0,19.0,3880.0,10.0,6.83,-0.12,-1.02,-0.02,2.64,-11.15,8.9,522.0,TEST2RR,AKR_TEST2RR,0.0,1.0,1.0,100.0
319120,2,walk,walk,16814,,16814.0,20.0,2.0,6.0,2.0,5.93,-0.035,0.084,4.101,41.0,25.58,0.0,19.0,3880.0,10.0,7.16,-0.13,-1.02,-0.03,1.83,-14.12,8.25,522.0,TEST2RR,AKR_TEST2RR,0.0,1.0,1.0,100.0
319140,2,walk,walk,16815,,16815.0,20.0,1.0,6.0,2.0,6.03,-0.033,0.07,3.99,41.0,25.58,0.0,18.0,3880.0,10.0,7.49,-0.13,-1.01,-0.03,0.96,-17.39,7.33,522.0,TEST2RR,AKR_TEST2RR,0.0,1.0,1.0,100.0
319200,2,walk,walk,16816,,16816.0,20.0,1.0,6.0,2.0,6.14,-0.033,0.08,3.929,41.0,25.62,0.0,18.0,3880.0,10.0,7.77,-0.14,-1.01,-0.03,0.11,-20.71,6.17,523.0,TEST2RR,AKR_TEST2RR,0.0,1.0,1.0,100.0
319200,2,walk,walk,16817,,16817.0,20.0,1.0,6.0,2.0,6.26,-0.032,0.079,3.898,41.0,25.62,0.0,18.0,3880.0,10.0,7.97,-0.14,-1.01,-0.03,-0.63,-23.76,4.87,523.0,TEST2RR,AKR_TEST2RR,0.0,1.0,1.0,100.0
319200,2,walk,walk,16818,,16818.0,20.0,1.0,6.0,2.0,6.38,-0.032,-0.006,3.851,41.0,25.62,0.0,18.0,3880.0,10.0,8.05,-0.14,-1.01,-0.03,-1.19,-26.17,3.58,523.0,TEST2RR,AKR_TEST2RR,0.0,1.0,1.0,100.0
319220,2,walk,walk,16819,,16819.0,20.0,1.0,6.0,2.0,6.51,-0.032,-0.038,3.842,41.0,25.62,0.0,18.0,3880.0,10.0,8.02,-0.14,-1.01,-0.02,-1.53,-27.7,2.43,523.0,TEST2RR,AKR_TEST2RR,0.0,1.0,1.0,100.0
319240,2,walk,walk,16820,,16820.0,20.0,1.0,6.0,2.0,6.63,-0.032,-0.021,3.854,41.0,25.65,0.0,18.0,3880.0,10.0,7.89,-0.14,-1.01,-0.01,-1.67,-28.31,1.51,523.0,TEST2RR,AKR_TEST2RR,0.0,1.0,1.0,100.0
319260,2,walk,walk,16821,,16821.0,20.0,1.0,6.0,2.0,6.76,-0.032,-0.001,3.881,41.0,25.62,0.0,18.0,3880.0,10.0,7.69,-0.14,-1.01,0.0,-1.64,-28.08,0.9,523.0,TEST2RR,AKR_TEST2RR,0.0,1.0,1.0,100.0
319280,2,walk,walk,16822,,16822.0,20.0,1.0,6.0,2.0,6.88,-0.032,-0.001,3.838,41.0,25.62,0.0,18.0,3880.0,10.0,7.46,-0.13,-1.02,0.01,-1.49,-27.21,0.61,523.0,TEST2RR,AKR_TEST2RR,0.0,1.0,1.0,100.0
319320,2,walk,walk,16823,,16823.0,20.0,1.0,6.0,2.0,7.0,-0.032,-0.011,3.826,41.0,25.65,0.0,18.0,3880.0,10.0,7.23,-0.13,-1.02,0.02,-1.26,-25.96,0.63,523.0,TEST2RR,AKR_TEST2RR,0.0,1.0,1.0,100.0
319340,2,walk,walk,16824,,16824.0,20.0,1.0,6.0,2.0,7.11,-0.032,-0.049,3.844,41.0,25.62,0.0,18.0,3880.0,10.0,7.02,-0.13,-1.02,0.02,-1.0,-24.56,0.95,523.0,TEST2RR,AKR_TEST2RR,0.0,1.0,1.0,100.0
319380,2,walk,walk,16825,,16825.0,20.0,1.0,6.0,2.0,7.21,-0.032,0.005,3.852,41.0,25.62,0.0,18.0,3880.0,10.0,6.86,-0.12,-1.02,0.02,-0.72,-23.21,1.52,523.0,TEST2RR,AKR_TEST2RR,0.0,1.0,1.0,100.0
319380,2,walk,walk,16826,,16826.0,20.0,1.0,6.0,2.0,7.3,-0.032,-0.01,3.839,41.0,25.62,0.0,18.0,3880.0,10.0,6.74,-0.12,-1.03,0.02,-0.45,-22.05,2.29,523.0,TEST2RR,AKR_TEST2RR,0.0,1.0,1.0,100.0
319380,2,walk,walk,16827,,16827.0,20.0,1.0,6.0,2.0,7.38,-0.032,-0.075,3.82,41.0,25.62,0.0,18.0,3880.0,10.0,6.68,-0.12,-1.03,0.02,-0.21,-21.14,3.22,523.0,TEST2RR,AKR_TEST2RR,0.0,1.0,1.0,100.0
319420,2,walk,walk,16828,,16828.0,20.0,1.0,6.0,2.0,7.46,-0.031,0.025,3.769,41.0,25.62,0.0,18.0,3880.0,10.0,6.66,-0.12,-1.03,0.02,0.0,-20.49,4.27,523.0,TEST2RR,AKR_TEST2RR,0.0,1.0,1.0,100.0
319420,2,walk,walk,16829,,16829.0,20.0,1.0,6.0,2.0,7.53,-0.031,0.029,3.719,41.0,25.65,0.0,18.0,3880.0,10.0,6.69,-0.12,-1.03,0.01,0.18,-20.04,5.4,523.0,TEST2RR,AKR_TEST2RR,0.0,1.0,1.0,100.0
319440,2,walk,walk,16830,,16830.0,20.0,1.0,6.0,2.0,7.59,-0.031,0.011,3.702,41.0,25.65,0.0,18.0,3880.0,10.0,6.76,-0.12,-1.03,0.01,0.36,-19.7,6.59,523.0,TEST2RR,AKR_TEST2RR,0.0,1.0,1.0,100.0
319460,2,walk,walk,16831,,16831.0,20.0,1.0,6.0,2.0,7.65,-0.031,-0.002,3.738,41.0,25.65,0.0,18.0,3880.0,10.0,6.85,-0.12,-1.03,0.01,0.52,-19.36,7.81,523.0,TEST2RR,AKR_TEST2RR,0.0,1.0,1.0,100.0
319480,2,walk,walk,16832,,16832.0,20.0,1.0,6.0,2.0,7.71,-0.031,0.001,3.72,41.0,25.65,0.0,18.0,3880.0,10.0,6.99,-0.13,-1.03,0.01,0.68,-18.93,9.04,523.0,TEST2RR,AKR_TEST2RR,0.0,1.0,1.0,100.0
319520,2,walk,walk,16833,,16833.0,20.0,1.0,6.0,2.0,7.77,-0.031,0.025,3.758,41.0,25.62,0.0,18.0,3880.0,10.0,7.15,-0.13,-1.03,0.02,0.83,-18.35,10.26,523.0,TEST2RR,AKR_TEST2RR,0.0,1.0,1.0,100.0
319540,2,walk,walk,16834,,16834.0,20.0,1.0,6.0,2.0,7.83,-0.031,-0.041,3.72,41.0,25.65,0.0,18.0,3880.0,10.0,7.36,-0.13,-1.03,0.02,0.98,-17.59,11.43,523.0,TEST2RR,AKR_TEST2RR,0.0,1.0,1.0,100.0
319540,2,walk,walk,16835,,16835.0,20.0,1.0,6.0,2.0,7.9,-0.031,-0.093,3.758,41.0,25.65,0.0,18.0,3880.0,10.0,7.59,-0.14,-1.03,0.02,1.1,-16.66,12.53,523.0,TEST2RR,AKR_TEST2RR,0.0,1.0,1.0,100.0
319560,2,walk,walk,16836,,16836.0,20.0,1.0,6.0,2.0,7.98,-0.031,0.018,3.762,41.0,25.62,0.0,18.0,3880.0,10.0,7.86,-0.14,-1.03,0.03,1.21,-15.59,13.53,523.0,TEST2RR,AKR_TEST2RR,0.0,1.0,1.0,100.0
319600,2,walk,walk,16837,,16837.0,20.0,1.0,6.0,2.0,8.06,-0.031,0.013,3.719,41.0,25.65,0.0,18.0,3880.0,10.0,8.17,-0.15,-1.03,0.03,1.29,-14.43,14.42,523.0,TEST2RR,AKR_TEST2RR,0.0,1.0,1.0,100.0
319600,2,walk,walk,16838,,16838.0,20.0,1.0,6.0,2.0,8.16,-0.03,0.097,3.623,41.0,25.65,0.0,18.0,3880.0,10.0,8.51,-0.15,-1.02,0.03,1.35,-13.24,15.16,523.0,TEST2RR,AKR_TEST2RR,0.0,1.0,1.0,100.0
319620,2,walk,walk,16839,,16839.0,20.0,2.0,6.0,2.0,8.27,-0.03,0.029,3.578,41.0,25.65,0.0,19.0,3880.0,10.0,8.88,-0.16,-1.02,0.03,1.38,-12.06,15.74,523.0,TEST2RR,AKR_TEST2RR,0.0,1.0,1.0,100.0
319660,2,walk,walk,16840,,16840.0,20.0,2.0,6.0,2.0,8.4,-0.029,0.069,3.48,41.0,25.65,0.0,19.0,3880.0,10.0,9.27,-0.17,-1.02,0.03,1.39,-10.94,16.16,523.0,TEST2RR,AKR_TEST2RR,0.0,1.0,1.0,100.0
319680,2,walk,walk,16841,,16841.0,20.0,2.0,6.0,2.0,8.54,-0.028,0.092,3.291,41.0,25.69,0.0,19.0,3880.0,10.0,9.69,-0.17,-1.02,0.03,1.38,-9.9,16.43,523.0,TEST2RR,AKR_TEST2RR,0.0,1.0,1.0,100.0
319700,2,walk,walk,16842,,16842.0,20.0,2.0,6.0,2.0,8.7,-0.027,0.206,3.277,41.0,25.69,0.0,19.0,3880.0,10.0,10.11,-0.18,-1.01,0.03,1.36,-8.95,16.54,523.0,TEST2RR,AKR_TEST2RR,0.0,1.0,1.0,100.0
319740,2,walk,walk,16843,,16843.0,20.0,2.0,6.0,2.0,8.87,-0.026,0.147,3.13,41.0,25.72,0.0,19.0,3880.0,10.0,10.55,-0.19,-1.01,0.03,1.34,-8.06,16.5,523.0,TEST2RR,AKR_TEST2RR,0.0,1.0,1.0,100.0
319740,2,walk,walk,16844,,16844.0,20.0,2.0,6.0,2.0,9.06,-0.026,-0.06,3.101,41.0,25.72,0.0,19.0,3880.0,10.0,11.0,-0.2,-1.01,0.03,1.34,-7.2,16.33,523.0,TEST2RR,AKR_TEST2RR,0.0,1.0,1.0,100.0
319740,2,walk,walk,16845,,16845.0,20.0,2.0,6.0,2.0,9.26,-0.025,0.017,3.038,41.0,25.72,0.0,19.0,3880.0,10.0,11.45,-0.2,-1.0,0.03,1.36,-6.36,16.02,523.0,TEST2RR,AKR_TEST2RR,0.0,1.0,1.0,100.0
319780,2,walk,walk,16846,,16846.0,20.0,2.0,6.0,2.0,9.48,-0.025,-0.006,3.043,41.0,25.72,0.0,19.0,3880.0,10.0,11.91,-0.21,-1.0,0.03,1.41,-5.52,15.59,523.0,TEST2RR,AKR_TEST2RR,0.0,1.0,1.0,100.0
319780,2,walk,walk,16847,,16847.0,20.0,1.0,6.0,2.0,9.71,-0.025,-0.056,3.07,41.0,25.72,0.0,18.0,3880.0,10.0,12.37,-0.22,-1.0,0.03,1.48,-4.72,15.02,523.0,TEST2RR,AKR_TEST2RR,0.0,1.0,1.0,100.0
319800,2,walk,walk,16848,,16848.0,20.0,1.0,6.0,2.0,9.95,-0.025,-0.013,3.13,41.0,25.72,0.0,18.0,3880.0,10.0,12.81,-0.23,-0.99,0.03,1.57,-3.95,14.35,523.0,TEST2RR,AKR_TEST2RR,0.0,1.0,1.0,100.0
319820,2,walk,walk,16849,,16849.0,20.0,1.0,6.0,2.0,10.2,-0.026,-0.073,3.151,41.0,25.72,0.0,18.0,3880.0,10.0,13.22,-0.23,-0.99,0.03,1.69,-3.25,13.57,523.0,TEST2RR,AKR_TEST2RR,0.0,1.0,1.0,100.0
319860,2,walk,walk,16850,,16850.0,20.0,1.0,6.0,2.0,10.46,-0.026,0.017,3.099,41.0,25.72,0.0,18.0,3880.0,10.0,13.58,-0.24,-0.99,0.03,1.84,-2.62,12.74,523.0,TEST2RR,AKR_TEST2RR,0.0,1.0,1.0,100.0
319860,2,walk,walk,16851,,16851.0,20.0,1.0,6.0,2.0,10.72,-0.026,-0.056,3.135,41.0,25.72,0.0,18.0,3880.0,10.0,13.88,-0.24,-0.99,0.03,2.03,-2.06,11.89,523.0,TEST2RR,AKR_TEST2RR,0.0,1.0,1.0,100.0
319880,2,walk,walk,16852,,16852.0,20.0,1.0,6.0,2.0,10.99,-0.026,0.014,3.153,41.0,25.72,0.0,18.0,3880.0,10.0,14.1,-0.25,-0.98,0.03,2.27,-1.57,11.06,523.0,TEST2RR,AKR_TEST2RR,0.0,1.0,1.0,100.0
319920,2,walk,walk,16853,,16853.0,20.0,1.0,6.0,2.0,11.26,-0.026,0.011,3.098,41.0,25.72,0.0,18.0,3880.0,10.0,14.26,-0.25,-0.99,0.03,2.54,-1.14,10.31,523.0,TEST2RR,AKR_TEST2RR,0.0,1.0,1.0,100.0
319920,2,walk,walk,16854,,16854.0,20.0,1.0,6.0,2.0,11.53,-0.026,0.019,3.022,41.0,25.72,0.0,18.0,3880.0,10.0,14.34,-0.25,-0.99,0.03,2.86,-0.75,9.67,523.0,TEST2RR,AKR_TEST2RR,0.0,1.0,1.0,100.0
319940,2,walk,walk,16855,,16855.0,20.0,1.0,6.0,2.0,11.8,-0.025,0.032,2.995,41.0,25.72,0.0,18.0,3880.0,10.0,14.36,-0.25,-0.99,0.03,3.21,-0.38,9.19,523.0,TEST2RR,AKR_TEST2RR,0.0,1.0,1.0,100.0
319960,2,walk,walk,16856,,16856.0,20.0,1.0,6.0,2.0,12.06,-0.024,0.028,2.869,41.0,25.76,0.0,18.0,3880.0,10.0,14.33,-0.25,-0.99,0.03,3.59,-0.02,8.9,523.0,TEST2RR,AKR_TEST2RR,0.0,1.0,1.0,100.0
320000,2,walk,walk,16857,,16857.0,20.0,1.0,6.0,2.0,12.32,-0.023,0.116,2.726,41.0,25.76,0.0,18.0,3880.0,10.0,14.26,-0.25,-1.0,0.03,4.0,0.34,8.82,523.0,TEST2RR,AKR_TEST2RR,0.0,1.0,1.0,100.0
320020,2,walk,walk,16858,,16858.0,20.0,1.0,6.0,2.0,12.58,-0.022,0.022,2.617,42.0,25.76,0.0,18.0,3880.0,10.0,14.17,-0.25,-1.0,0.03,4.4,0.67,8.98,523.0,TEST2RR,AKR_TEST2RR,0.0,1.0,1.0,100.0
320040,2,walk,walk,16859,,16859.0,20.0,1.0,6.0,2.0,12.83,-0.021,0.052,2.491,42.0,25.79,0.0,18.0,3880.0,10.0,14.07,-0.25,-1.01,0.03,4.78,0.97,9.39,523.0,TEST2RR,AKR_TEST2RR,0.0,1.0,1.0,100.0
320040,2,walk,walk,16860,,16860.0,20.0,1.0,6.0,2.0,13.07,-0.02,0.122,2.29,42.0,25.79,0.0,18.0,3880.0,10.0,13.95,-0.25,-1.01,0.03,5.1,1.25,10.09,523.0,TEST2RR,AKR_TEST2RR,0.0,1.0,1.0,100.0
320080,2,walk,walk,16861,,16861.0,20.0,1.0,6.0,2.0,13.3,-0.018,0.22,2.043,42.0,25.83,0.0,18.0,3880.0,10.0,13.82,-0.25,-1.02,0.03,5.35,1.51,11.09,523.0,TEST2RR,AKR_TEST2RR,0.0,1.0,1.0,100.0
320080,2,walk,walk,16862,,16862.0,20.0,1.0,6.0,2.0,13.52,-0.015,0.222,1.781,42.0,25.86,0.0,18.0,3880.0,10.0,13.68,-0.25,-1.02,0.03,5.51,1.8,12.41,523.0,TEST2RR,AKR_TEST2RR,0.0,1.0,1.0,100.0
320100,2,walk,walk,16863,,16863.0,20.0,1.0,6.0,2.0,13.74,-0.013,0.222,1.445,42.0,25.86,0.0,18.0,3880.0,10.0,13.55,-0.25,-1.03,0.03,5.59,2.1,14.08,523.0,TEST2RR,AKR_TEST2RR,0.0,1.0,1.0,100.0
320120,2,walk,walk,16864,,16864.0,20.0,1.0,6.0,2.0,13.96,-0.01,0.186,1.147,42.0,25.9,0.0,18.0,3880.0,10.0,13.45,-0.25,-1.04,0.04,5.58,2.43,16.07,523.0,TEST2RR,AKR_TEST2RR,0.0,1.0,1.0,100.0
320140,2,walk,walk,16865,,16865.0,20.0,1.0,6.0,2.0,14.17,-0.008,0.135,0.829,42.0,25.9,0.0,18.0,3880.0,10.0,13.4,-0.25,-1.04,0.04,5.5,2.79,18.37,523.0,TEST2RR,AKR_TEST2RR,0.0,1.0,1.0,100.0
320200,2,walk,walk,16866,,16866.0,20.0,1.0,6.0,2.0,14.38,-0.006,0.116,0.536,42.0,25.93,0.0,18.0,3880.0,10.0,13.44,-0.25,-1.04,0.04,5.35,3.17,20.93,524.0,TEST2RR,AKR_TEST2RR,0.0,1.0,1.0,100.0
320200,2,walk,walk,16867,,16867.0,20.0,1.0,6.0,2.0,14.6,-0.004,0.132,0.226,42.0,25.9,0.0,18.0,3880.0,10.0,13.57,-0.25,-1.05,0.04,5.15,3.57,23.68,524.0,TEST2RR,AKR_TEST2RR,0.0,1.0,1.0,100.0
320220,2,walk,walk,16868,,16868.0,20.0,1.0,6.0,2.0,14.82,-0.002,0.162,-0.114,42.0,25.9,0.0,18.0,3880.0,10.0,13.81,-0.26,-1.05,0.05,4.93,3.98,26.52,524.0,TEST2RR,AKR_TEST2RR,0.0,1.0,1.0,100.0
320220,2,walk,walk,16869,,16869.0,20.0,1.0,6.0,2.0,15.05,0.001,0.203,-0.472,42.0,25.9,0.0,18.0,3880.0,10.0,14.18,-0.26,-1.05,0.05,4.7,4.42,29.34,524.0,TEST2RR,AKR_TEST2RR,0.0,1.0,1.0,100.0
320260,2,walk,walk,16870,,16870.0,20.0,1.0,6.0,2.0,15.3,0.004,0.236,-0.908,42.0,25.9,0.0,18.0,3880.0,10.0,14.67,-0.27,-1.04,0.05,4.48,4.89,32.03,524.0,TEST2RR,AKR_TEST2RR,0.0,1.0,1.0,100.0
320260,2,walk,walk,16871,,16871.0,20.0,1.0,6.0,2.0,15.56,0.008,0.326,-1.302,42.0,25.9,0.0,18.0,3880.0,10.0,15.29,-0.28,-1.04,0.05,4.28,5.36,34.46,524.0,TEST2RR,AKR_TEST2RR,0.0,1.0,1.0,100.0
320280,2,walk,walk,16872,,16872.0,20.0,1.0,6.0,2.0,15.84,0.012,0.23,-1.776,42.0,25.86,0.0,18.0,3880.0,10.0,16.05,-0.3,-1.03,0.05,4.1,5.78,36.49,524.0,TEST2RR,AKR_TEST2RR,0.0,1.0,1.0,100.0
320320,2,walk,walk,16873,,16873.0,20.0,2.0,6.0,2.0,16.15,0.015,0.174,-2.065,42.0,25.86,0.0,19.0,3880.0,10.0,16.93,-0.31,-1.01,0.05,3.94,6.03,37.94,524.0,TEST2RR,AKR_TEST2RR,0.0,1.0,1.0,100.0
320360,2,walk,walk,16874,,16874.0,20.0,2.0,6.0,2.0,16.48,0.017,-0.009,-2.286,42.0,25.83,0.0,19.0,3880.0,10.0,17.91,-0.32,-1.0,0.05,3.79,5.89,38.63,524.0,TEST2RR,AKR_TEST2RR,0.0,1.0,1.0,100.0
320360,2,walk,walk,16875,,16875.0,20.0,2.0,6.0,2.0,16.85,0.018,-0.029,-2.267,42.0,25.83,0.0,19.0,3880.0,10.0,18.94,-0.34,-0.98,0.05,3.65,5.07,38.36,524.0,TEST2RR,AKR_TEST2RR,0.0,1.0,1.0,100.0
320380,2,walk,walk,16876,,16876.0,20.0,1.0,6.0,2.0,17.24,0.018,-0.07,-2.216,42.0,25.83,0.0,18.0,3880.0,10.0,19.96,-0.35,-0.96,0.05,3.52,3.29,36.94,524.0,TEST2RR,AKR_TEST2RR,0.0,1.0,1.0,100.0
320400,2,walk,walk,16877,,16877.0,20.0,1.0,6.0,2.0,17.67,0.018,0.025,-2.237,42.0,25.83,0.0,18.0,3880.0,10.0,20.9,-0.36,-0.93,0.05,3.39,0.53,34.26,524.0,TEST2RR,AKR_TEST2RR,0.0,1.0,1.0,100.0
320400,2,walk,walk,16878,,16878.0,20.0,1.0,6.0,2.0,18.12,0.017,-0.015,-2.175,42.0,25.86,0.0,18.0,3880.0,10.0,21.7,-0.36,-0.91,0.05,3.31,-2.91,30.35,524.0,TEST2RR,AKR_TEST2RR,0.0,1.0,1.0,100.0
320420,2,walk,walk,16879,,16879.0,20.0,1.0,6.0,2.0,18.6,0.017,-0.069,-2.036,42.0,25.86,0.0,18.0,3880.0,10.0,22.34,-0.36,-0.89,0.05,3.27,-6.51,25.37,524.0,TEST2RR,AKR_TEST2RR,0.0,1.0,1.0,100.0
320440,2,walk,walk,16880,,16880.0,20.0,1.0,6.0,2.0,19.1,0.016,-0.075,-1.98,42.0,25.83,0.0,18.0,3880.0,10.0,22.83,-0.37,-0.87,0.06,3.3,-9.76,19.61,524.0,TEST2RR,AKR_TEST2RR,0.0,1.0,1.0,100.0
320460,2,walk,walk,16881,,16881.0,20.0,1.0,0.0,5.0,19.62,0.015,-0.049,-1.827,42.0,25.86,0.0,18.0,3880.0,10.0,23.17,-0.37,-0.86,0.07,3.42,-12.3,13.34,524.0,TEST2RR,AKR_TEST2RR,0.0,1.0,1.0,100.0
320480,2,walk,walk,16882,,16882.0,20.0,0.0,0.0,5.0,20.13,0.015,-0.041,-1.811,42.0,25.86,0.0,19.0,3880.0,10.0,23.36,-0.37,-0.85,0.07,3.64,-14.28,6.68,524.0,TEST2RR,AKR_TEST2RR,0.0,1.0,1.0,100.0
320520,2,walk,walk,16883,,16883.0,20.0,0.0,0.0,5.0,20.65,0.015,-0.041,-1.811,42.0,25.86,0.0,39.0,3880.0,10.0,23.45,-0.37,-0.85,0.08,3.96,-15.55,-0.41,524.0,TEST2RR,AKR_TEST2RR,0.0,1.0,1.0,100.0
320540,2,walk,walk,16884,,16884.0,20.0,0.0,0.0,6.0,21.14,0.015,-0.041,-1.811,42.0,25.86,0.0,59.0,3880.0,10.0,23.45,-0.37,-0.85,0.09,4.37,-15.91,-7.62,524.0,TEST2RR,AKR_TEST2RR,0.0,1.0,1.0,100.0
320540,2,walk,walk,16885,,16885.0,20.0,0.0,0.0,6.0,21.61,0.081,17.394,0.0,42.0,26.0,0.0,2.0,3880.0,10.0,23.36,-0.37,-0.86,0.1,4.81,-15.38,-14.4,524.0,TEST2RR,AKR_TEST2RR,0.0,1.0,1.0,100.0
320560,2,walk,walk,16886,,16886.0,20.0,0.0,0.0,6.0,22.05,0.086,0.69,0.0,42.0,25.93,0.0,2.0,3880.0,10.0,23.18,-0.37,-0.87,0.11,5.25,-14.05,-20.35,524.0,TEST2RR,AKR_TEST2RR,0.0,1.0,1.0,100.0
320580,2,walk,walk,16887,,16887.0,20.0,0.0,0.0,6.0,22.43,0.104,1.268,0.0,42.0,25.93,0.0,2.0,3880.0,10.0,22.88,-0.38,-0.89,0.11,5.64,-12.12,-25.37,524.0,TEST2RR,AKR_TEST2RR,0.0,1.0,1.0,100.0
320600,2,walk,walk,16888,,16888.0,20.0,0.0,0.0,6.0,22.75,0.12,1.275,0.0,42.0,25.93,0.0,2.0,3880.0,10.0,22.46,-0.37,-0.9,0.12,5.98,-9.8,-29.58,524.0,TEST2RR,AKR_TEST2RR,0.0,1.0,1.0,100.0
320620,2,walk,walk,16889,,16889.0,20.0,0.0,0.0,6.0,23.01,0.137,0.828,0.0,42.0,25.93,0.0,2.0,3880.0,10.0,21.91,-0.37,-0.92,0.12,6.26,-7.39,-33.16,524.0,TEST2RR,AKR_TEST2RR,0.0,1.0,1.0,100.0
320660,2,walk,walk,16890,,16890.0,20.0,0.0,0.0,6.0,23.19,0.152,1.106,0.0,42.0,25.93,0.0,2.0,3880.0,10.0,21.23,-0.36,-0.93,0.12,6.47,-5.21,-36.29,524.0,TEST2RR,AKR_TEST2RR,0.0,1.0,1.0,100.0
320680,2,walk,walk,16891,,16891.0,20.0,0.0,0.0,6.0,23.29,0.168,1.22,0.0,42.0,25.93,0.0,2.0,3880.0,10.0,20.38,-0.35,-0.94,0.12,6.6,-3.49,-39.17,524.0,TEST2RR,AKR_TEST2RR,0.0,1.0,1.0,100.0
320680,2,walk,walk,16892,,16892.0,20.0,0.0,0.0,6.0,23.31,0.188,1.291,0.0,42.0,25.93,0.0,2.0,3880.0,10.0,19.38,-0.34,-0.95,0.11,6.63,-2.39,-42.04,524.0,TEST2RR,AKR_TEST2RR,0.0,1.0,1.0,100.0
320700,2,walk,walk,16893,,16893.0,20.0,0.0,0.0,6.0,23.25,0.211,1.497,0.0,42.0,25.93,0.0,2.0,3880.0,10.0,18.2,-0.32,-0.96,0.11,6.56,-2.0,-45.14,524.0,TEST2RR,AKR_TEST2RR,0.0,1.0,1.0,100.0
320720,2,walk,walk,16894,,16894.0,20.0,0.0,0.0,6.0,23.11,0.235,1.65,0.0,42.0,25.93,0.0,2.0,3880.0,10.0,16.85,-0.29,-0.97,0.11,6.41,-2.29,-48.64,524.0,TEST2RR,AKR_TEST2RR,0.0,1.0,1.0,100.0
320740,2,walk,walk,16895,,16895.0,20.0,0.0,0.0,6.0,22.88,0.258,1.497,0.0,42.0,25.93,0.0,2.0,3880.0,10.0,15.35,-0.27,-0.97,0.11,6.17,-3.14,-52.62,524.0,TEST2RR,AKR_TEST2RR,0.0,1.0,1.0,100.0
320760,2,walk,walk,16896,,16896.0,20.0,0.0,0.0,6.0,22.57,0.272,0.737,0.0,42.0,25.93,0.0,2.0,3880.0,10.0,13.71,-0.24,-0.97,0.11,5.82,-4.25,-57.08,524.0,TEST2RR,AKR_TEST2RR,0.0,1.0,1.0,100.0
320780,2,walk,walk,16897,,16897.0,20.0,0.0,0.0,6.0,22.18,0.28,0.401,0.0,42.0,25.93,0.0,2.0,3880.0,10.0,11.97,-0.21,-0.98,0.1,5.32,-5.24,-61.9,524.0,TEST2RR,AKR_TEST2RR,0.0,1.0,1.0,100.0
320800,2,walk,walk,16898,,16898.0,20.0,0.0,0.0,6.0,21.7,0.283,0.022,0.0,42.0,25.93,0.0,2.0,3880.0,10.0,10.18,-0.18,-0.99,0.1,4.67,-5.65,-66.88,524.0,TEST2RR,AKR_TEST2RR,0.0,1.0,1.0,100.0
320840,2,walk,walk,16899,,16899.0,20.0,0.0,0.0,6.0,21.14,0.284,0.005,0.0,42.0,25.93,0.0,2.0,3880.0,10.0,8.4,-0.15,-0.99,0.1,3.86,-5.12,-71.72,524.0,TEST2RR,AKR_TEST2RR,0.0,1.0,1.0,100.0
320860,2,walk,walk,16900,,16900.0,20.0,0.0,0.0,6.0,20.49,0.284,0.088,0.0,42.0,25.93,0.0,2.0,3880.0,10.0,6.68,-0.12,-1.0,0.1,2.95,-3.44,-76.12,524.0,TEST2RR,AKR_TEST2RR,0.0,1.0,1.0,100.0
320860,2,walk,walk,16901,,16901.0,20.0,0.0,0.0,6.0,19.76,0.286,0.03,0.0,42.0,25.93,0.0,2.0,3880.0,10.0,5.11,-0.09,-1.02,0.1,2.01,-0.66,-79.82,524.0,TEST2RR,AKR_TEST2RR,0.0,1.0,1.0,100.0
320880,2,walk,walk,16902,,16902.0,20.0,0.0,0.0,6.0,18.94,0.286,-0.044,0.0,42.0,25.93,0.0,2.0,3880.0,10.0,3.77,-0.07,-1.03,0.09,1.13,2.92,-82.63,524.0,TEST2RR,AKR_TEST2RR,0.0,1.0,1.0,100.0
320900,2,walk,walk,16903,,16903.0,20.0,0.0,0.0,6.0,18.04,0.286,0.049,0.0,42.0,25.97,0.0,2.0,3880.0,10.0,2.69,-0.05,-1.04,0.09,0.38,6.84,-84.41,524.0,TEST2RR,AKR_TEST2RR,0.0,1.0,1.0,100.0
320940,2,walk,walk,16904,,16904.0,20.0,0.0,0.0,6.0,17.06,0.285,-0.068,0.0,42.0,25.93,0.0,2.0,3880.0,10.0,1.87,-0.03,-1.05,0.08,-0.21,10.52,-85.1,524.0,TEST2RR,AKR_TEST2RR,0.0,1.0,1.0,100.0
320960,2,walk,walk,16905,,16905.0,20.0,0.0,0.0,7.0,15.99,0.283,-0.244,0.0,42.0,25.93,0.0,2.0,3880.0,10.0,1.29,-0.02,-1.07,0.07,-0.63,13.45,-84.7,524.0,TEST2RR,AKR_TEST2RR,0.0,1.0,1.0,100.0
320980,2,walk,walk,16906,,16906.0,20.0,0.0,0.0,7.0,14.84,0.281,-0.198,0.0,42.0,25.93,0.0,2.0,3880.0,10.0,0.89,-0.02,-1.07,0.06,-0.88,15.23,-83.26,524.0,TEST2RR,AKR_TEST2RR,0.0,1.0,1.0,100.0
321000,2,walk,walk,16907,,16907.0,20.0,0.0,0.0,7.0,13.63,0.279,-0.108,0.0,42.0,25.93,0.0,2.0,3880.0,10.0,0.6,-0.01,-1.08,0.05,-1.01,15.71,-80.89,524.0,TEST2RR,AKR_TEST2RR,0.0,1.0,1.0,100.0
321000,2,walk,walk,16908,,16908.0,20.0,0.0,0.0,7.0,12.35,0.278,-0.023,0.0,42.0,25.93,0.0,2.0,3880.0,10.0,0.37,-0.01,-1.08,0.04,-1.05,14.93,-77.74,524.0,TEST2RR,AKR_TEST2RR,0.0,1.0,1.0,100.0
321020,2,walk,walk,16909,,16909.0,20.0,0.0,0.0,7.0,11.01,0.278,-0.088,0.0,42.0,25.93,0.0,2.0,3880.0,10.0,0.14,0.0,-1.08,0.03,-1.1,13.11,-73.96,524.0,TEST2RR,AKR_TEST2RR,0.0,1.0,1.0,100.0
321040,2,walk,walk,16910,,16910.0,20.0,0.0,0.0,7.0,9.64,0.278,-0.026,0.0,42.0,25.93,0.0,2.0,3880.0,10.0,-0.1,0.0,-1.07,0.02,-1.27,10.57,-69.74,524.0,TEST2RR,AKR_TEST2RR,0.0,1.0,1.0,100.0
321060,2,walk,walk,16911,,16911.0,20.0,0.0,0.0,7.0,8.23,0.278,-0.003,0.0,42.0,25.93,0.0,2.0,3880.0,10.0,-0.36,0.01,-1.06,0.01,-1.68,7.62,-65.23,524.0,TEST2RR,AKR_TEST2RR,0.0,1.0,1.0,100.0
321080,2,walk,walk,16912,,16912.0,20.0,0.0,0.0,7.0,6.8,0.278,0.087,0.0,42.0,25.93,0.0,2.0,3880.0,10.0,-0.59,0.01,-1.05,0.01,-2.43,4.52,-60.56,524.0,TEST2RR,AKR_TEST2RR,0.0,1.0,1.0,100.0
321100,2,walk,walk,16913,,16913.0,20.0,0.0,0.0,7.0,5.37,0.277,-0.075,0.0,42.0,25.93,0.0,2.0,3880.0,10.0,-0.76,0.01,-1.04,0.0,-3.56,1.41,-55.83,524.0,TEST2RR,AKR_TEST2RR,0.0,1.0,1.0,100.0
321120,2,walk,walk,16914,,16914.0,20.0,0.0,0.0,7.0,3.95,0.275,-0.195,0.0,42.0,25.93,0.0,2.0,3880.0,10.0,-0.79,0.01,-1.02,-0.01,-5.04,-1.61,-51.08,524.0,TEST2RR,AKR_TEST2RR,0.0,1.0,1.0,100.0
321140,2,walk,walk,16915,,16915.0,20.0,0.0,0.0,7.0,2.55,0.269,-0.602,0.0,42.0,25.93,0.0,2.0,3880.0,10.0,-0.63,0.01,-1.0,-0.02,-6.76,-4.55,-46.22,525.0,TEST2RR,AKR_TEST2RR,0.0,1.0,1.0,100.0
321180,2,walk,walk,16916,,16916.0,20.0,0.0,0.0,7.0,1.18,0.256,-0.98,0.0,42.0,25.93,0.0,2.0,3880.0,10.0,-0.2,0.0,-0.99,-0.03,-8.62,-7.42,-41.08,525.0,TEST2RR,AKR_TEST2RR,0.0,1.0,1.0,100.0
321180,2,walk,walk,16917,,16917.0,20.0,0.0,0.0,7.0,-0.15,0.246,-0.48,0.0,42.0,25.93,0.0,2.0,3880.0,10.0,0.49,-0.01,-0.97,-0.03,-10.47,-10.27,-35.49,525.0,TEST2RR,AKR_TEST2RR,0.0,1.0,1.0,100.0
321200,2,walk,walk,16918,,16918.0,20.0,0.0,0.0,7.0,-1.43,0.239,-0.434,0.0,42.0,25.93,0.0,2.0,3880.0,10.0,1.42,-0.02,-0.96,-0.04,-12.19,-13.09,-29.3,525.0,TEST2RR,AKR_TEST2RR,0.0,1.0,1.0,100.0
321220,2,walk,walk,16919,,16919.0,20.0,0.0,0.0,7.0,-2.64,0.234,-0.124,0.0,42.0,25.93,0.0,2.0,3880.0,10.0,2.46,-0.04,-0.96,-0.04,-13.69,-15.91,-22.42,525.0,TEST2RR,AKR_TEST2RR,0.0,1.0,1.0,100.0
321240,2,walk,walk,16920,,16920.0,20.0,0.0,0.0,7.0,-3.78,0.232,-1.043,0.0,42.0,25.93,0.0,2.0,3880.0,10.0,3.14,-0.05,-0.96,-0.04,-14.93,-18.76,-15.32,525.0,TEST2RR,AKR_TEST2RR,0.0,1.0,1.0,100.0
321280,2,walk,walk,16921,,16921.0,20.0,0.0,0.0,7.0,-4.84,0.22,2.106,0.0,42.0,25.93,0.0,2.0,3880.0,10.0,2.81,-0.05,-0.97,-0.04,-15.52,-21.32,-8.92,525.0,TEST2RR,AKR_TEST2RR,0.0,1.0,1.0,100.0
321280,2,walk,walk,16922,,16922.0,20.0,0.0,0.0,7.0,-5.81,0.284,3.642,0.0,42.0,25.93,0.0,2.0,3880.0,10.0,1.14,-0.02,-0.98,-0.03,-15.25,-23.66,-3.8,525.0,TEST2RR,AKR_TEST2RR,0.0,1.0,1.0,100.0
321320,2,walk,walk,16923,,16923.0,20.0,0.0,0.0,1.0,-6.69,0.262,-2.571,0.0,42.0,25.93,0.0,2.0,3880.0,10.0,-1.38,0.02,-1.0,-0.02,-14.42,-25.36,0.36,525.0,TEST2RR,AKR_TEST2RR,0.0,1.0,1.0,100.0
321340,2,walk,walk,16924,,16924.0,20.0,0.0,0.0,1.0,-7.46,0.229,-0.687,0.0,42.0,25.93,0.0,2.0,3880.0,10.0,-4.27,0.08,-1.02,0.0,-13.37,-26.27,3.99,525.0,TEST2RR,AKR_TEST2RR,0.0,1.0,1.0,100.0
321340,2,walk,walk,16925,,16925.0,20.0,0.0,0.0,1.0,-8.14,0.223,-0.989,0.0,42.0,25.93,0.0,2.0,3880.0,10.0,-7.08,0.13,-1.03,0.02,-12.37,-26.4,7.32,525.0,TEST2RR,AKR_TEST2RR,0.0,1.0,1.0,100.0
321360,2,walk,walk,16926,,16926.0,20.0,0.0,0.0,1.0,-8.72,0.198,-1.636,0.0,42.0,25.93,0.0,2.0,3880.0,10.0,-9.55,0.18,-1.05,0.03,-11.52,-25.85,10.64,525.0,TEST2RR,AKR_TEST2RR,0.0,1.0,1.0,100.0
321380,2,walk,walk,16927,,16927.0,20.0,0.0,0.0,1.0,-9.2,0.177,-1.298,0.0,42.0,25.93,0.0,2.0,3880.0,10.0,-11.56,0.22,-1.06,0.04,-10.72,-24.68,14.11,525.0,TEST2RR,AKR_TEST2RR,0.0,1.0,1.0,100.0
321420,2,walk,walk,16928,,16928.0,20.0,0.0,0.0,1.0,-9.59,0.16,-1.266,0.0,42.0,25.93,0.0,2.0,3880.0,10.0,-13.06,0.25,-1.07,0.05,-9.83,-23.0,17.71,525.0,TEST2RR,AKR_TEST2RR,0.0,1.0,1.0,100.0
321440,2,walk,walk,16929,,16929.0,20.0,0.0,0.0,1.0,-9.9,0.142,-0.798,0.0,42.0,25.93,0.0,2.0,3880.0,10.0,-14.08,0.27,-1.08,0.05,-8.73,-21.01,21.39,525.0,TEST2RR,AKR_TEST2RR,0.0,1.0,1.0,100.0
321460,2,walk,walk,16930,,16930.0,20.0,0.0,0.0,1.0,-10.12,0.122,-1.435,0.0,42.0,25.93,0.0,2.0,3880.0,10.0,-14.65,0.28,-1.08,0.05,-7.42,-18.86,25.09,525.0,TEST2RR,AKR_TEST2RR,0.0,1.0,1.0,100.0
321480,2,walk,walk,16931,,16931.0,20.0,0.0,0.0,1.0,-10.28,0.101,-1.525,0.0,41.0,25.93,0.0,2.0,3880.0,10.0,-14.85,0.29,-1.08,0.04,-5.94,-16.61,28.74,525.0,TEST2RR,AKR_TEST2RR,0.0,1.0,1.0,100.0
321480,2,walk,walk,16932,,16932.0,20.0,0.0,0.0,1.0,-10.36,0.08,-1.491,0.0,42.0,25.93,0.0,2.0,3880.0,10.0,-14.71,0.28,-1.08,0.03,-4.42,-14.32,32.28,525.0,TEST2RR,AKR_TEST2RR,0.0,1.0,1.0,100.0
321500,2,walk,walk,16933,,16933.0,20.0,0.0,0.0,1.0,-10.38,0.059,-1.382,0.0,41.0,25.93,0.0,2.0,3880.0,10.0,-14.3,0.27,-1.07,0.03,-2.94,-12.08,35.62,525.0,TEST2RR,AKR_TEST2RR,0.0,1.0,1.0,100.0
321520,2,walk,walk,16934,,16934.0,20.0,0.0,0.0,1.0,-10.33,0.036,-1.385,0.0,41.0,25.93,0.0,2.0,3880.0,10.0,-13.67,0.26,-1.07,0.02,-1.59,-10.0,38.79,525.0,TEST2RR,AKR_TEST2RR,0.0,1.0,1.0,100.0
321540,2,walk,walk,16935,,16935.0,20.0,0.0,0.0,1.0,-10.23,0.011,-1.428,0.0,41.0,25.97,0.0,2.0,3880.0,10.0,-12.87,0.24,-1.06,0.01,-0.41,-8.16,41.83,525.0,TEST2RR,AKR_TEST2RR,0.0,1.0,1.0,100.0
321560,2,walk,walk,16936,,16936.0,20.0,0.0,0.0,1.0,-10.06,-0.011,-1.263,0.0,41.0,25.93,0.0,2.0,3880.0,10.0,-11.95,0.22,-1.06,0.01,0.56,-6.6,44.73,525.0,TEST2RR,AKR_TEST2RR,0.0,1.0,1.0,100.0
321580,2,walk,walk,16937,,16937.0,20.0,0.0,0.0,1.0,-9.84,-0.031,-1.267,0.0,41.0,25.93,0.0,2.0,3880.0,10.0,-10.92,0.2,-1.05,0.01,1.3,-5.32,47.4,525.0,TEST2RR,AKR_TEST2RR,0.0,1.0,1.0,100.0
321600,2,walk,walk,16938,,16938.0,20.0,0.0,0.0,1.0,-9.56,-0.044,-0.972,0.0,41.0,25.93,0.0,2.0,3880.0,10.0,-9.78,0.18,-1.04,0.0,1.79,-4.26,49.66,525.0,TEST2RR,AKR_TEST2RR,0.0,1.0,1.0,100.0
321620,2,walk,walk,16939,,16939.0,20.0,0.0,0.0,1.0,-9.22,-0.057,-0.523,0.0,41.0,25.93,0.0,2.0,3880.0,10.0,-8.56,0.16,-1.04,0.0,2.02,-3.4,51.36,525.0,TEST2RR,AKR_TEST2RR,0.0,1.0,1.0,100.0
321660,2,walk,walk,16940,,16940.0,20.0,0.0,0.0,1.0,-8.83,-0.063,-0.354,0.0,41.0,25.93,0.0,2.0,3880.0,10.0,-7.27,0.13,-1.03,0.0,1.97,-2.73,52.32,525.0,TEST2RR,AKR_TEST2RR,0.0,1.0,1.0,100.0
321660,2,walk,walk,16941,,16941.0,20.0,0.0,0.0,1.0,-8.38,-0.065,-0.062,0.0,41.0,25.93,0.0,2.0,3880.0,10.0,-5.92,0.11,-1.03,0.0,1.63,-2.19,52.38,525.0,TEST2RR,AKR_TEST2RR,0.0,1.0,1.0,100.0
321680,2,walk,walk,16942,,16942.0,20.0,0.0,0.0,1.0,-7.88,-0.065,0.019,0.0,41.0,25.93,0.0,2.0,3880.0,10.0,-4.54,0.08,-1.02,0.0,1.0,-1.76,51.44,525.0,TEST2RR,AKR_TEST2RR,0.0,1.0,1.0,100.0
321700,2,walk,walk,16943,,16943.0,20.0,0.0,0.0,1.0,-7.32,-0.064,0.198,0.0,41.0,25.93,0.0,2.0,3880.0,10.0,-3.16,0.06,-1.02,0.0,0.08,-1.37,49.5,525.0,TEST2RR,AKR_TEST2RR,0.0,1.0,1.0,100.0
321720,2,walk,walk,16944,,16944.0,20.0,0.0,0.0,1.0,-6.72,-0.062,0.238,0.0,41.0,25.93,0.0,2.0,3880.0,10.0,-1.81,0.03,-1.02,0.0,-1.06,-1.0,46.6,525.0,TEST2RR,AKR_TEST2RR,0.0,1.0,1.0,100.0
321740,2,walk,walk,16945,,16945.0,20.0,0.0,0.0,1.0,-6.08,-0.054,0.597,0.0,41.0,25.93,0.0,2.0,3880.0,10.0,-0.52,0.01,-1.01,0.0,-2.33,-0.6,42.8,525.0,TEST2RR,AKR_TEST2RR,0.0,1.0,1.0,100.0
321760,2,walk,walk,16946,,16946.0,20.0,0.0,0.0,1.0,-5.4,-0.047,0.422,0.0,41.0,25.93,0.0,2.0,3880.0,10.0,0.68,-0.01,-1.01,-0.01,-3.64,-0.22,38.26,525.0,TEST2RR,AKR_TEST2RR,0.0,1.0,1.0,100.0
321780,2,walk,walk,16947,,16947.0,20.0,0.0,0.0,1.0,-4.69,-0.039,0.612,0.0,41.0,25.93,0.0,2.0,3880.0,10.0,1.74,-0.03,-1.01,-0.01,-4.88,0.14,33.16,525.0,TEST2RR,AKR_TEST2RR,0.0,1.0,1.0,100.0
321820,2,walk,walk,16948,,16948.0,20.0,0.0,0.0,1.0,-3.96,-0.031,0.314,0.0,41.0,25.93,0.0,2.0,3880.0,10.0,2.65,-0.05,-1.0,-0.01,-6.02,0.44,27.73,525.0,TEST2RR,AKR_TEST2RR,0.0,1.0,1.0,100.0
321840,2,walk,walk,16949,,16949.0,20.0,0.0,0.0,1.0,-3.21,-0.028,0.177,0.0,41.0,25.93,0.0,2.0,3880.0,10.0,3.39,-0.06,-1.0,-0.02,-7.04,0.69,22.28,525.0,TEST2RR,AKR_TEST2RR,0.0,1.0,1.0,100.0
321840,2,walk,walk,16950,,16950.0,20.0,0.0,0.0,1.0,-2.47,-0.027,0.037,0.0,41.0,25.93,0.0,2.0,3880.0,10.0,3.94,-0.07,-1.0,-0.02,-7.92,0.91,17.1,525.0,TEST2RR,AKR_TEST2RR,0.0,1.0,1.0,100.0
321880,2,walk,walk,16951,,16951.0,20.0,0.0,0.0,1.0,-1.73,-0.028,-0.003,0.0,41.0,25.93,0.0,2.0,3880.0,10.0,4.3,-0.08,-1.0,-0.03,-8.63,1.08,12.45,525.0,TEST2RR,AKR_TEST2RR,0.0,1.0,1.0,100.0
321880,2,walk,walk,16952,,16952.0,20.0,0.0,0.0,1.0,-1.01,-0.028,-0.092,0.0,41.0,25.93,0.0,2.0,3880.0,10.0,4.51,-0.08,-1.01,-0.04,-9.13,1.21,8.52,525.0,TEST2RR,AKR_TEST2RR,0.0,1.0,1.0,100.0
321900,2,walk,walk,16953,,16953.0,20.0,0.0,0.0,1.0,-0.31,-0.031,-0.323,0.0,41.0,25.93,0.0,2.0,3880.0,10.0,4.57,-0.08,-1.01,-0.04,-9.36,1.27,5.45,525.0,TEST2RR,AKR_TEST2RR,0.0,1.0,1.0,100.0
321920,2,walk,walk,16954,,16954.0,20.0,0.0,0.0,1.0,0.34,-0.037,-0.456,0.0,41.0,25.93,0.0,2.0,3880.0,10.0,4.53,-0.08,-1.01,-0.05,-9.28,1.28,3.33,525.0,TEST2RR,AKR_TEST2RR,0.0,1.0,1.0,100.0
321960,2,walk,walk,16955,,16955.0,20.0,0.0,0.0,1.0,0.96,-0.047,-0.914,0.0,41.0,25.93,0.0,2.0,3880.0,10.0,4.42,-0.08,-1.01,-0.06,-8.84,1.24,2.21,525.0,TEST2RR,AKR_TEST2RR,0.0,1.0,1.0,100.0
321960,2,walk,walk,16956,,16956.0,20.0,0.0,0.0,1.0,1.53,-0.058,-0.609,0.0,41.0,25.93,0.0,2.0,3880.0,10.0,4.27,-0.08,-1.02,-0.06,-8.05,1.2,2.06,525.0,TEST2RR,AKR_TEST2RR,0.0,1.0,1.0,100.0
321980,2,walk,walk,16957,,16957.0,20.0,0.0,0.0,1.0,2.05,-0.068,-0.569,0.0,41.0,25.93,0.0,2.0,3880.0,10.0,4.12,-0.07,-1.02,-0.07,-6.92,1.14,2.75,525.0,TEST2RR,AKR_TEST2RR,0.0,1.0,1.0,100.0
322000,2,walk,walk,16958,,16958.0,20.0,0.0,0.0,1.0,2.53,-0.081,-0.865,0.0,41.0,25.93,0.0,2.0,3880.0,10.0,3.99,-0.07,-1.02,-0.08,-5.5,1.04,4.17,525.0,TEST2RR,AKR_TEST2RR,0.0,1.0,1.0,100.0
322020,2,walk,walk,16959,,16959.0,20.0,0.0,0.0,1.0,2.95,-0.094,-1.047,0.0,41.0,25.93,0.0,2.0,3880.0,10.0,3.91,-0.07,-1.03,-0.08,-3.86,0.89,6.21,525.0,TEST2RR,AKR_TEST2RR,0.0,1.0,1.0,100.0
322040,2,walk,walk,16960,,16960.0,20.0,0.0,0.0,1.0,3.32,-0.113,-1.278,0.0,41.0,25.93,0.0,2.0,3880.0,10.0,3.87,-0.07,-1.03,-0.09,-2.1,0.7,8.82,525.0,TEST2RR,AKR_TEST2RR,0.0,1.0,1.0,100.0
322060,2,walk,walk,16961,,16961.0,20.0,0.0,0.0,1.0,3.66,-0.139,-1.96,0.0,41.0,25.93,0.0,2.0,3880.0,10.0,3.87,-0.07,-1.03,-0.09,-0.26,0.46,12.07,525.0,TEST2RR,AKR_TEST2RR,0.0,1.0,1.0,100.0
322100,2,walk,walk,16962,,16962.0,20.0,0.0,6.0,2.0,3.96,-0.17,-2.141,0.0,41.0,25.93,0.0,2.0,3880.0,10.0,3.9,-0.07,-1.03,-0.09,1.61,0.17,16.1,525.0,TEST2RR,AKR_TEST2RR,0.0,1.0,1.0,100.0
322120,2,walk,walk,16963,,16963.0,20.0,0.0,6.0,2.0,4.23,-0.176,-3.115,0.502,41.0,25.79,0.0,18.0,3880.0,10.0,4.03,-0.07,-1.03,-0.09,3.58,-0.06,20.1,526.0,TEST2RR,AKR_TEST2RR,0.0,1.0,1.0,100.0
322140,2,walk,walk,16964,,16964.0,20.0,0.0,6.0,2.0,4.48,-0.132,3.532,5.183,41.0,25.16,0.0,18.0,3880.0,10.0,4.3,-0.08,-1.03,-0.09,5.64,-0.52,23.17,526.0,TEST2RR,AKR_TEST2RR,0.0,1.0,1.0,100.0
322140,2,walk,walk,16965,,16965.0,20.0,0.0,6.0,2.0,4.72,-0.094,1.764,6.749,41.0,24.95,0.0,18.0,3880.0,10.0,4.68,-0.08,-1.04,-0.09,7.79,-1.28,25.11,526.0,TEST2RR,AKR_TEST2RR,0.0,1.0,1.0,100.0
322180,2,walk,walk,16966,,16966.0,20.0,0.0,6.0,2.0,4.95,-0.079,0.571,7.692,41.0,24.74,0.0,18.0,3880.0,10.0,5.16,-0.09,-1.04,-0.09,9.93,-2.26,25.99,526.0,TEST2RR,AKR_TEST2RR,0.0,1.0,1.0,100.0
322180,2,walk,walk,16967,,16967.0,20.0,1.0,6.0,2.0,5.19,-0.072,0.363,7.824,41.0,24.7,0.0,19.0,3880.0,10.0,5.76,-0.1,-1.04,-0.09,11.95,-3.26,25.96,526.0,TEST2RR,AKR_TEST2RR,0.0,1.0,1.0,100.0
322200,2,walk,walk,16968,,16968.0,20.0,0.0,6.0,2.0,5.43,-0.066,0.335,7.449,41.0,24.84,0.0,18.0,3880.0,10.0,6.45,-0.12,-1.04,-0.09,13.76,-4.18,25.14,526.0,TEST2RR,AKR_TEST2RR,0.0,1.0,1.0,100.0
322220,2,walk,walk,16969,,16969.0,20.0,0.0,6.0,2.0,5.69,-0.061,0.177,7.218,41.0,24.95,0.0,18.0,3880.0,10.0,7.25,-0.13,-1.03,-0.08,15.24,-4.93,23.64,526.0,TEST2RR,AKR_TEST2RR,0.0,1.0,1.0,100.0
322240,2,walk,walk,16970,,16970.0,20.0,1.0,6.0,2.0,5.96,-0.06,0.017,7.189,41.0,24.95,0.0,19.0,3880.0,10.0,8.14,-0.15,-1.03,-0.07,16.33,-5.47,21.55,526.0,TEST2RR,AKR_TEST2RR,0.0,1.0,1.0,100.0
322260,2,walk,walk,16971,,16971.0,20.0,1.0,6.0,2.0,6.25,-0.06,-0.034,7.236,41.0,24.95,0.0,19.0,3880.0,10.0,9.07,-0.16,-1.02,-0.06,16.99,-5.82,18.96,526.0,TEST2RR,AKR_TEST2RR,0.0,1.0,1.0,100.0
322320,2,walk,walk,16972,,16972.0,20.0,1.0,6.0,2.0,6.55,-0.06,0.009,7.235,41.0,24.95,0.0,19.0,3880.0,10.0,9.96,-0.18,-1.01,-0.05,17.21,-5.96,16.01,526.0,TEST2RR,AKR_TEST2RR,0.0,1.0,1.0,100.0
322320,2,walk,walk,16973,,16973.0,20.0,1.0,6.0,2.0,6.87,-0.06,0.026,7.202,41.0,24.95,0.0,19.0,3880.0,10.0,10.7,-0.19,-1.0,-0.04,17.04,-5.89,12.92,526.0,TEST2RR,AKR_TEST2RR,0.0,1.0,1.0,100.0
322320,2,walk,walk,16974,,16974.0,20.0,1.0,6.0,2.0,7.19,-0.059,0.083,6.913,41.0,25.02,0.0,19.0,3880.0,10.0,11.24,-0.2,-0.99,-0.03,16.53,-5.62,9.89,526.0,TEST2RR,AKR_TEST2RR,0.0,1.0,1.0,100.0
322340,2,walk,walk,16975,,16975.0,20.0,1.0,6.0,2.0,7.52,-0.056,0.142,6.637,41.0,25.09,0.0,19.0,3880.0,10.0,11.57,-0.2,-0.99,-0.02,15.76,-5.16,7.08,526.0,TEST2RR,AKR_TEST2RR,0.0,1.0,1.0,100.0
322360,2,walk,walk,16976,,16976.0,20.0,1.0,1.0,5.0,7.85,-0.054,0.097,6.433,41.0,25.16,0.0,19.0,3880.0,11.0,11.71,-0.2,-0.99,-0.01,14.8,-4.55,4.59,526.0,TEST2RR,AKR_TEST2RR,0.0,1.0,1.0,100.0
322400,2,walk,walk,16977,,16977.0,20.0,0.0,1.0,5.0,8.18,-0.052,0.06,6.255,41.0,25.62,0.0,19.0,3880.0,11.0,11.74,-0.21,-0.99,0.0,13.74,-3.66,2.99,526.0,TEST2RR,AKR_TEST2RR,0.0,1.0,1.0,100.0
322400,2,walk,walk,16978,,16978.0,20.0,0.0,1.0,5.0,8.5,-0.096,-3.833,2.234,41.0,25.97,0.0,19.0,3880.0,11.0,11.64,-0.2,-0.99,0.0,12.71,-2.31,2.85,526.0,TEST2RR,AKR_TEST2RR,0.0,1.0,1.0,100.0
322420,2,walk,walk,16979,,16979.0,20.0,0.0,1.0,5.0,8.8,-0.147,-2.812,0.504,41.0,25.93,0.0,19.0,3880.0,11.0,11.45,-0.2,-0.99,0.01,11.81,-0.5,4.3,526.0,TEST2RR,AKR_TEST2RR,0.0,1.0,1.0,100.0
322460,2,walk,walk,16980,,16980.0,20.0,0.0,1.0,5.0,9.09,-0.186,-2.419,-0.304,41.0,25.86,0.0,19.0,3880.0,11.0,11.25,-0.2,-0.99,0.01,11.05,1.56,7.07,526.0,TEST2RR,AKR_TEST2RR,0.0,1.0,1.0,100.0
322480,2,walk,walk,16981,,16981.0,20.0,0.0,1.0,5.0,9.36,-0.215,-1.619,-1.639,41.0,25.83,0.0,19.0,3880.0,11.0,11.11,-0.2,-0.99,0.02,10.42,3.61,10.69,526.0,TEST2RR,AKR_TEST2RR,0.0,1.0,1.0,100.0
322480,2,walk,walk,16982,,16982.0,20.0,0.0,1.0,5.0,9.61,-0.237,-1.27,-2.458,41.0,25.76,0.0,19.0,3880.0,11.0,11.04,-0.19,-1.0,0.02,9.91,5.46,14.6,526.0,TEST2RR,AKR_TEST2RR,0.0,1.0,1.0,100.0
322500,2,walk,walk,16983,,16983.0,20.0,0.0,1.0,5.0,9.86,-0.253,-0.985,-3.096,41.0,25.69,0.0,19.0,3880.0,11.0,11.08,-0.2,-1.0,0.02,9.48,7.0,18.41,526.0,TEST2RR,AKR_TEST2RR,0.0,1.0,1.0,100.0
322520,2,walk,walk,16984,,16984.0,20.0,0.0,1.0,5.0,10.09,-0.267,-0.89,-3.314,41.0,25.65,0.0,19.0,3880.0,11.0,11.22,-0.2,-1.0,0.02,9.08,8.18,21.88,526.0,TEST2RR,AKR_TEST2RR,0.0,1.0,1.0,100.0
322540,2,walk,walk,16985,,16985.0,20.0,0.0,1.0,5.0,10.32,-0.278,-0.732,-3.381,41.0,25.65,0.0,19.0,3880.0,11.0,11.46,-0.2,-1.0,0.02,8.67,9.0,24.76,526.0,TEST2RR,AKR_TEST2RR,0.0,1.0,1.0,100.0
322560,2,walk,walk,16986,,16986.0,20.0,0.0,1.0,5.0,10.56,-0.287,-0.43,-3.826,41.0,25.62,0.0,19.0,3880.0,11.0,11.78,-0.21,-1.0,0.02,8.32,9.44,26.97,526.0,TEST2RR,AKR_TEST2RR,0.0,1.0,1.0,100.0
322580,2,walk,walk,16987,,16987.0,20.0,0.0,1.0,5.0,10.8,-0.295,-0.381,-3.957,41.0,25.62,0.0,19.0,3880.0,11.0,12.17,-0.22,-1.0,0.01,8.07,9.5,28.55,526.0,TEST2RR,AKR_TEST2RR,0.0,1.0,1.0,100.0
322620,2,walk,walk,16988,,16988.0,20.0,0.0,1.0,5.0,11.05,-0.3,-0.437,-3.868,41.0,25.62,0.0,19.0,3880.0,11.0,12.62,-0.22,-1.0,0.01,7.89,9.23,29.51,526.0,TEST2RR,AKR_TEST2RR,0.0,1.0,1.0,100.0
322620,2,walk,walk,16989,,16989.0,20.0,0.0,1.0,5.0,11.32,-0.306,-0.334,-3.788,41.0,25.62,0.0,19.0,3880.0,11.0,13.12,-0.23,-1.0,0.01,7.77,8.72,29.9,526.0,TEST2RR,AKR_TEST2RR,0.0,1.0,1.0,100.0
322640,2,walk,walk,16990,,16990.0,20.0,0.0,1.0,5.0,11.61,-0.31,-0.252,-3.835,41.0,25.62,0.0,19.0,3880.0,11.0,13.65,-0.24,-0.99,0.02,7.66,8.05,29.76,526.0,TEST2RR,AKR_TEST2RR,0.0,1.0,1.0,100.0
322660,2,walk,walk,16991,,16991.0,20.0,0.0,1.0,5.0,11.93,-0.315,-0.301,-3.808,41.0,25.62,0.0,19.0,3880.0,11.0,14.2,-0.25,-0.99,0.02,7.53,7.31,29.18,526.0,TEST2RR,AKR_TEST2RR,0.0,1.0,1.0,100.0
322680,2,walk,walk,16992,,16992.0,20.0,0.0,1.0,5.0,12.26,-0.317,-0.24,-3.984,41.0,25.58,0.0,19.0,3880.0,11.0,14.77,-0.26,-0.99,0.02,7.35,6.56,28.24,526.0,TEST2RR,AKR_TEST2RR,0.0,1.0,1.0,100.0
322720,2,walk,walk,16993,,16993.0,20.0,0.0,1.0,5.0,12.62,-0.32,-0.191,-3.889,41.0,25.62,0.0,19.0,3880.0,11.0,15.33,-0.27,-0.99,0.02,7.11,5.84,27.02,526.0,TEST2RR,AKR_TEST2RR,0.0,1.0,1.0,100.0
322720,2,walk,walk,16994,,16994.0,20.0,0.0,1.0,5.0,13.0,-0.323,-0.154,-3.916,41.0,25.62,0.0,19.0,3880.0,11.0,15.88,-0.28,-0.98,0.02,6.81,5.17,25.58,526.0,TEST2RR,AKR_TEST2RR,0.0,1.0,1.0,100.0
322740,2,walk,walk,16995,,16995.0,20.0,0.0,1.0,5.0,13.4,-0.325,-0.135,-3.957,41.0,25.62,0.0,19.0,3880.0,11.0,16.42,-0.29,-0.98,0.02,6.45,4.58,24.01,526.0,TEST2RR,AKR_TEST2RR,0.0,1.0,1.0,100.0
322760,2,walk,walk,16996,,16996.0,20.0,0.0,1.0,5.0,13.82,-0.327,-0.217,-3.94,41.0,25.62,0.0,19.0,3880.0,11.0,16.93,-0.3,-0.98,0.03,6.05,4.06,22.36,526.0,TEST2RR,AKR_TEST2RR,0.0,1.0,1.0,100.0
322800,2,walk,walk,16997,,16997.0,20.0,0.0,1.0,5.0,14.25,-0.329,-0.1,-3.93,41.0,25.62,0.0,19.0,3880.0,11.0,17.4,-0.31,-0.97,0.03,5.62,3.61,20.7,526.0,TEST2RR,AKR_TEST2RR,0.0,1.0,1.0,100.0
322800,2,walk,walk,16998,,16998.0,20.0,0.0,1.0,5.0,14.68,-0.331,-0.044,-3.975,41.0,25.62,0.0,19.0,3880.0,11.0,17.85,-0.31,-0.97,0.03,5.18,3.23,19.06,526.0,TEST2RR,AKR_TEST2RR,0.0,1.0,1.0,100.0
322820,2,walk,walk,16999,,16999.0,20.0,0.0,1.0,5.0,15.13,-0.331,-0.103,-4.018,41.0,25.62,0.0,19.0,3880.0,11.0,18.26,-0.32,-0.97,0.03,4.74,2.91,17.44,526.0,TEST2RR,AKR_TEST2RR,0.0,1.0,1.0,100.0
322840,2,walk,walk,17000,,17000.0,20.0,0.0,1.0,5.0,15.57,-0.332,-0.096,-4.054,41.0,25.62,0.0,19.0,3880.0,11.0,18.64,-0.33,-0.97,0.03,4.31,2.65,15.86,526.0,TEST2RR,AKR_TEST2RR,0.0,1.0,1.0,100.0
322860,2,walk,walk,17001,,17001.0,20.0,0.0,0.0,0.0,16.01,-0.332,-0.083,-4.071,41.0,25.62,0.0,19.0,3880.0,11.0,18.99,-0.33,-0.97,0.03,3.9,2.43,14.33,526.0,TEST2RR,AKR_TEST2RR,0.0,1.0,1.0,100.0
322900,2,walk,walk,17002,,17002.0,20.0,0.0,0.0,0.0,16.44,-0.332,-0.006,-4.108,41.0,25.62,0.0,19.0,3880.0,11.0,19.37,-0.34,-0.97,0.03,3.5,2.25,12.85,526.0,TEST2RR,AKR_TEST2RR,0.0,1.0,1.0,100.0
322900,2,walk,walk,17003,,17003.0,20.0,0.0,0.0,0.0,16.86,-0.332,-0.006,-4.108,41.0,25.62,0.0,39.0,3880.0,11.0,19.84,-0.35,-0.97,0.04,3.21,1.77,10.56,526.0,TEST2RR,AKR_TEST2RR,0.0,1.0,1.0,100.0
322940,2,walk,walk,17004,,17004.0,20.0,0.0,0.0,0.0,17.27,-0.332,-0.006,-4.108,41.0,25.62,0.0,59.0,3880.0,11.0,20.26,-0.36,-0.97,0.04,2.9,0.88,7.39,526.0,TEST2RR,AKR_TEST2RR,0.0,1.0,1.0,100.0
322960,2,walk,walk,17005,,17005.0,20.0,0.0,0.0,0.0,17.66,-0.332,-0.006,-4.108,41.0,25.62,0.0,79.0,3880.0,11.0,20.6,-0.36,-0.97,0.04,2.6,-0.21,3.85,526.0,TEST2RR,AKR_TEST2RR,0.0,1.0,1.0,100.0
322960,2,walk,walk,17006,,17006.0,20.0,0.0,0.0,0.0,18.03,-0.234,25.456,0.0,41.0,25.93,0.0,18.0,3880.0,11.0,20.83,-0.37,-0.97,0.04,2.27,-1.25,0.43,526.0,TEST2RR,AKR_TEST2RR,0.0,1.0,1.0,100.0
322980,2,walk,walk,17007,,17007.0,20.0,2.0,0.0,0.0,18.38,-0.228,0.643,0.0,41.0,25.93,0.0,20.0,3880.0,11.0,20.95,-0.37,-0.97,0.04,1.88,-2.15,-2.75,526.0,TEST2RR,AKR_TEST2RR,0.0,1.0,1.0,100.0
323020,2,walk,walk,17008,,17008.0,20.0,2.0,0.0,0.0,18.7,-0.216,0.649,0.0,41.0,25.93,0.0,20.0,3880.0,11.0,20.96,-0.37,-0.97,0.04,1.42,-2.86,-5.68,526.0,TEST2RR,AKR_TEST2RR,0.0,1.0,1.0,100.0
323020,2,walk,walk,17009,,17009.0,20.0,2.0,0.0,0.0,18.99,-0.21,0.186,0.0,41.0,25.93,0.0,20.0,3880.0,11.0,20.85,-0.37,-0.97,0.04,0.92,-3.32,-8.29,526.0,TEST2RR,AKR_TEST2RR,0.0,1.0,1.0,100.0
323040,2,walk,walk,17010,,17010.0,20.0,2.0,0.0,0.0,19.25,-0.206,0.339,0.0,41.0,25.93,0.0,20.0,3880.0,11.0,20.65,-0.36,-0.97,0.04,0.4,-3.52,-10.53,526.0,TEST2RR,AKR_TEST2RR,0.0,1.0,1.0,100.0
323080,2,walk,walk,17011,,17011.0,20.0,2.0,0.0,0.0,19.47,-0.199,0.571,0.0,41.0,25.93,0.0,19.0,3880.0,11.0,20.35,-0.36,-0.97,0.04,-0.12,-3.51,-12.42,526.0,TEST2RR,AKR_TEST2RR,0.0,1.0,1.0,100.0
323100,2,walk,walk,17012,,17012.0,20.0,2.0,0.0,0.0,19.66,-0.187,0.726,0.0,41.0,25.93,0.0,19.0,3880.0,11.0,19.99,-0.35,-0.97,0.04,-0.62,-3.36,-14.03,527.0,TEST2RR,AKR_TEST2RR,0.0,1.0,1.0,100.0
323120,2,walk,walk,17013,,17013.0,20.0,2.0,0.0,0.0,19.8,-0.182,0.365,0.0,41.0,25.93,0.0,19.0,3880.0,11.0,19.56,-0.35,-0.97,0.04,-1.07,-3.1,-15.38,527.0,TEST2RR,AKR_TEST2RR,0.0,1.0,1.0,100.0
323160,2,walk,walk,17014,,17014.0,20.0,2.0,0.0,0.0,19.9,-0.178,0.271,0.0,41.0,25.93,0.0,19.0,3880.0,11.0,19.1,-0.34,-0.98,0.04,-1.45,-2.76,-16.45,527.0,TEST2RR,AKR_TEST2RR,0.0,1.0,1.0,100.0
323160,2,walk,walk,17015,,17015.0,20.0,2.0,0.0,0.0,19.97,-0.171,0.614,0.0,41.0,25.93,0.0,19.0,3880.0,11.0,18.61,-0.33,-0.98,0.03,-1.74,-2.36,-17.27,527.0,TEST2RR,AKR_TEST2RR,0.0,1.0,1.0,100.0
323180,2,walk,walk,17016,,17016.0,20.0,2.0,0.0,0.0,19.98,-0.162,0.469,0.0,41.0,25.93,0.0,19.0,3880.0,11.0,18.11,-0.32,-0.98,0.03,-1.94,-1.96,-17.9,527.0,TEST2RR,AKR_TEST2RR,0.0,1.0,1.0,100.0
323200,2,walk,walk,17017,,17017.0,20.0,2.0,0.0,0.0,19.96,-0.159,0.246,0.0,41.0,25.93,0.0,19.0,3880.0,11.0,17.59,-0.31,-0.98,0.03,-2.03,-1.55,-18.3,527.0,TEST2RR,AKR_TEST2RR,0.0,1.0,1.0,100.0
323200,2,walk,walk,17018,,17018.0,20.0,2.0,0.0,0.0,19.9,-0.156,0.167,0.0,41.0,25.93,0.0,19.0,3880.0,11.0,17.07,-0.3,-0.99,0.03,-2.02,-1.16,-18.45,527.0,TEST2RR,AKR_TEST2RR,0.0,1.0,1.0,100.0
323220,2,walk,walk,17019,,17019.0,20.0,2.0,0.0,0.0,19.8,-0.153,0.293,0.0,41.0,25.93,0.0,19.0,3880.0,11.0,16.56,-0.29,-0.99,0.02,-1.9,-0.81,-18.36,527.0,TEST2RR,AKR_TEST2RR,0.0,1.0,1.0,100.0
323280,2,walk,walk,17020,,17020.0,20.0,2.0,0.0,0.0,19.67,-0.15,0.025,0.0,41.0,25.93,0.0,19.0,3880.0,11.0,16.05,-0.29,-0.99,0.02,-1.69,-0.51,-18.02,527.0,TEST2RR,AKR_TEST2RR,0.0,1.0,1.0,100.0
323280,2,walk,walk,17021,,17021.0,20.0,1.0,0.0,0.0,19.51,-0.148,0.143,0.0,41.0,25.93,0.0,18.0,3880.0,11.0,15.56,-0.28,-0.99,0.02,-1.38,-0.27,-17.44,527.0,TEST2RR,AKR_TEST2RR,0.0,1.0,1.0,100.0
323280,2,walk,walk,17022,,17022.0,20.0,1.0,0.0,0.0,19.31,-0.147,0.115,0.0,41.0,25.93,0.0,18.0,3880.0,11.0,15.09,-0.27,-1.0,0.02,-0.99,-0.1,-16.63,527.0,TEST2RR,AKR_TEST2RR,0.0,1.0,1.0,100.0
323300,2,walk,walk,17023,,17023.0,20.0,1.0,0.0,0.0,19.09,-0.147,-0.083,0.0,41.0,25.93,0.0,18.0,3880.0,11.0,14.65,-0.26,-1.0,0.02,-0.52,0.01,-15.6,527.0,TEST2RR,AKR_TEST2RR,0.0,1.0,1.0,100.0
323320,2,walk,walk,17024,,17024.0,20.0,1.0,0.0,0.0,18.84,-0.147,0.037,0.0,41.0,25.93,0.0,18.0,3880.0,11.0,14.25,-0.25,-1.0,0.01,0.01,0.07,-14.38,527.0,TEST2RR,AKR_TEST2RR,0.0,1.0,1.0,100.0
323340,2,walk,walk,17025,,17025.0,20.0,1.0,0.0,0.0,18.58,-0.148,-0.081,0.0,41.0,25.93,0.0,18.0,3880.0,11.0,13.88,-0.25,-1.0,0.01,0.6,0.08,-12.96,527.0,TEST2RR,AKR_TEST2RR,0.0,1.0,1.0,100.0
323380,2,walk,walk,17026,,17026.0,20.0,1.0,0.0,0.0,18.3,-0.149,-0.257,0.0,41.0,25.93,0.0,18.0,3880.0,11.0,13.55,-0.24,-1.0,0.01,1.23,0.05,-11.39,527.0,TEST2RR,AKR_TEST2RR,0.0,1.0,1.0,100.0
323380,2,walk,walk,17027,,17027.0,20.0,1.0,0.0,0.0,18.02,-0.153,-0.301,0.0,41.0,25.93,0.0,18.0,3880.0,11.0,13.27,-0.24,-1.01,0.01,1.89,0.0,-9.68,527.0,TEST2RR,AKR_TEST2RR,0.0,1.0,1.0,100.0
323420,2,walk,walk,17028,,17028.0,20.0,1.0,0.0,0.0,17.72,-0.155,-0.122,0.0,41.0,25.93,0.0,18.0,3880.0,11.0,13.03,-0.23,-1.01,0.01,2.56,-0.07,-7.87,527.0,TEST2RR,AKR_TEST2RR,0.0,1.0,1.0,100.0
323440,2,walk,walk,17029,,17029.0,20.0,1.0,0.0,0.0,17.42,-0.158,-0.14,0.0,41.0,25.93,0.0,18.0,3880.0,11.0,12.85,-0.23,-1.01,0.01,3.23,-0.14,-6.02,527.0,TEST2RR,AKR_TEST2RR,0.0,1.0,1.0,100.0
323440,2,walk,walk,17030,,17030.0,20.0,1.0,0.0,0.0,17.13,-0.16,-0.174,0.0,41.0,25.93,0.0,18.0,3880.0,11.0,12.71,-0.23,-1.01,0.01,3.87,-0.22,-4.2,527.0,TEST2RR,AKR_TEST2RR,0.0,1.0,1.0,100.0
323460,2,walk,walk,17031,,17031.0,20.0,1.0,0.0,1.0,16.84,-0.162,-0.117,0.0,41.0,25.93,0.0,18.0,3880.0,11.0,12.62,-0.23,-1.01,0.02,4.47,-0.29,-2.44,527.0,TEST2RR,AKR_TEST2RR,0.0,1.0,1.0,100.0
323480,2,walk,walk,17032,,17032.0,20.0,0.0,0.0,1.0,16.56,-0.164,-0.072,0.0,41.0,25.93,0.0,17.0,3880.0,11.0,12.57,-0.22,-1.01,0.02,5.02,-0.37,-0.79,527.0,TEST2RR,AKR_TEST2RR,0.0,1.0,1.0,100.0
323500,2,walk,walk,17033,,17033.0,20.0,0.0,0.0,1.0,16.29,-0.166,-0.103,0.0,41.0,25.93,0.0,17.0,3880.0,11.0,12.55,-0.22,-1.01,0.02,5.51,-0.44,0.74,527.0,TEST2RR,AKR_TEST2RR,0.0,1.0,1.0,100.0
323520,2,walk,walk,17034,,17034.0,20.0,0.0,0.0,1.0,16.04,-0.168,-0.123,0.0,41.0,25.93,0.0,17.0,3880.0,11.0,12.56,-0.22,-1.01,0.02,5.92,-0.51,2.16,527.0,TEST2RR,AKR_TEST2RR,0.0,1.0,1.0,100.0
323540,2,walk,walk,17035,,17035.0,20.0,0.0,0.0,1.0,15.8,-0.171,-0.452,0.0,41.0,25.93,0.0,17.0,3880.0,11.0,12.59,-0.23,-1.01,0.02,6.28,-0.55,3.5,527.0,TEST2RR,AKR_TEST2RR,0.0,1.0,1.0,100.0
323580,2,walk,walk,17036,,17036.0,20.0,0.0,0.0,1.0,15.59,-0.178,-0.464,0.0,41.0,25.93,0.0,17.0,3880.0,11.0,12.63,-0.23,-1.01,0.03,6.58,-0.56,4.83,527.0,TEST2RR,AKR_TEST2RR,0.0,1.0,1.0,100.0
323580,2,walk,walk,17037,,17037.0,20.0,0.0,0.0,1.0,15.39,-0.184,-0.152,0.0,41.0,25.93,0.0,17.0,3880.0,11.0,12.68,-0.23,-1.01,0.03,6.85,-0.53,6.17,527.0,TEST2RR,AKR_TEST2RR,0.0,1.0,1.0,100.0
323600,2,walk,walk,17038,,17038.0,20.0,0.0,0.0,1.0,15.22,-0.186,-0.233,0.0,41.0,25.93,0.0,17.0,3880.0,11.0,12.74,-0.23,-1.01,0.03,7.1,-0.5,7.53,527.0,TEST2RR,AKR_TEST2RR,0.0,1.0,1.0,100.0
323620,2,walk,walk,17039,,17039.0,20.0,0.0,0.0,1.0,15.08,-0.189,-0.201,0.0,41.0,25.93,0.0,17.0,3880.0,11.0,12.81,-0.23,-1.01,0.03,7.33,-0.46,8.92,527.0,TEST2RR,AKR_TEST2RR,0.0,1.0,1.0,100.0
323640,2,walk,walk,17040,,17040.0,20.0,0.0,0.0,1.0,14.96,-0.193,-0.242,0.0,41.0,25.93,0.0,17.0,3880.0,11.0,12.88,-0.23,-1.01,0.04,7.55,-0.44,10.37,527.0,TEST2RR,AKR_TEST2RR,0.0,1.0,1.0,100.0
323660,2,walk,walk,17041,,17041.0,20.0,0.0,0.0,1.0,14.87,-0.197,-0.307,0.0,41.0,25.93,0.0,17.0,3880.0,11.0,12.98,-0.23,-1.01,0.04,7.78,-0.44,11.89,527.0,TEST2RR,AKR_TEST2RR,0.0,1.0,1.0,100.0
323680,2,walk,walk,17042,,17042.0,20.0,0.0,0.0,1.0,14.8,-0.202,-0.297,0.0,41.0,25.93,0.0,17.0,3880.0,11.0,13.09,-0.24,-1.01,0.04,8.0,-0.46,13.5,527.0,TEST2RR,AKR_TEST2RR,0.0,1.0,1.0,100.0
323700,2,walk,walk,17043,,17043.0,20.0,0.0,0.0,1.0,14.76,-0.205,-0.147,0.0,41.0,25.93,0.0,17.0,3880.0,11.0,13.23,-0.24,-1.01,0.04,8.21,-0.5,15.15,527.0,TEST2RR,AKR_TEST2RR,0.0,1.0,1.0,100.0
323720,2,walk,walk,17044,,17044.0,20.0,0.0,0.0,1.0,14.75,-0.205,0.034,0.0,41.0,25.93,0.0,17.0,3880.0,11.0,13.41,-0.24,-1.02,0.04,8.42,-0.55,16.77,527.0,TEST2RR,AKR_TEST2RR,0.0,1.0,1.0,100.0
323760,2,walk,walk,17045,,17045.0,20.0,0.0,0.0,1.0,14.77,-0.205,-0.057,0.0,41.0,25.93,0.0,17.0,3880.0,11.0,13.63,-0.25,-1.02,0.05,8.62,-0.62,18.32,527.0,TEST2RR,AKR_TEST2RR,0.0,1.0,1.0,100.0
323760,2,walk,walk,17046,,17046.0,20.0,0.0,0.0,1.0,14.81,-0.205,-0.03,0.0,41.0,25.93,0.0,17.0,3880.0,11.0,13.89,-0.25,-1.02,0.05,8.8,-0.69,19.76,527.0,TEST2RR,AKR_TEST2RR,0.0,1.0,1.0,100.0
323780,2,walk,walk,17047,,17047.0,20.0,0.0,0.0,1.0,14.88,-0.204,0.061,0.0,41.0,25.93,0.0,17.0,3880.0,11.0,14.21,-0.26,-1.02,0.05,8.96,-0.75,21.06,527.0,TEST2RR,AKR_TEST2RR,0.0,1.0,1.0,100.0
323800,2,walk,walk,17048,,17048.0,20.0,0.0,0.0,1.0,14.98,-0.203,0.062,0.0,41.0,25.93,0.0,17.0,3880.0,11.0,14.57,-0.26,-1.01,0.06,9.1,-0.8,22.2,527.0,TEST2RR,AKR_TEST2RR,0.0,1.0,1.0,100.0
323820,2,walk,walk,17049,,17049.0,20.0,0.0,0.0,1.0,15.1,-0.2,0.381,0.0,41.0,25.93,0.0,17.0,3880.0,11.0,14.97,-0.27,-1.01,0.06,9.21,-0.84,23.15,527.0,TEST2RR,AKR_TEST2RR,0.0,1.0,1.0,100.0
323840,2,walk,walk,17050,,17050.0,20.0,0.0,0.0,1.0,15.26,-0.195,0.428,0.0,41.0,25.93,0.0,17.0,3880.0,11.0,15.42,-0.28,-1.01,0.06,9.28,-0.87,23.86,527.0,TEST2RR,AKR_TEST2RR,0.0,1.0,1.0,100.0
323860,2,walk,walk,17051,,17051.0,20.0,0.0,6.0,2.0,15.44,-0.189,0.283,0.0,41.0,25.93,0.0,17.0,3880.0,11.0,15.9,-0.29,-1.01,0.06,9.31,-0.89,24.36,527.0,TEST2RR,AKR_TEST2RR,0.0,1.0,1.0,100.0
323920,2,walk,walk,17052,,17052.0,20.0,0.0,6.0,2.0,15.65,-0.187,0.037,0.052,41.0,25.86,0.0,18.0,3880.0,11.0,16.39,-0.3,-1.0,0.07,9.28,-1.14,24.53,527.0,TEST2RR,AKR_TEST2RR,0.0,1.0,1.0,100.0
323920,2,walk,walk,17053,,17053.0,20.0,0.0,6.0,2.0,15.88,-0.125,4.86,2.372,41.0,25.62,0.0,18.0,3880.0,11.0,16.88,-0.3,-1.0,0.07,9.24,-1.84,23.74,527.0,TEST2RR,AKR_TEST2RR,0.0,1.0,1.0,100.0
323920,2,walk,walk,17054,,17054.0,20.0,0.0,6.0,2.0,16.14,-0.069,2.841,2.243,41.0,25.69,0.0,18.0,3880.0,11.0,17.33,-0.31,-1.0,0.08,9.17,-2.94,21.85,527.0,TEST2RR,AKR_TEST2RR,0.0,1.0,1.0,100.0
323940,2,walk,walk,17055,,17055.0,20.0,1.0,6.0,2.0,16.42,-0.046,0.868,3.425,41.0,25.65,0.0,19.0,3880.0,11.0,17.7,-0.32,-1.0,0.08,9.07,-4.21,19.34,527.0,TEST2RR,AKR_TEST2RR,0.0,1.0,1.0,100.0
323960,2,walk,walk,17056,,17056.0,20.0,0.0,6.0,2.0,16.71,-0.036,0.508,3.271,41.0,25.69,0.0,18.0,3880.0,11.0,18.0,-0.32,-1.0,0.08,8.94,-5.42,16.73,527.0,TEST2RR,AKR_TEST2RR,0.0,1.0,1.0,100.0
323980,2,walk,walk,17057,,17057.0,20.0,1.0,6.0,2.0,17.02,-0.03,0.346,2.996,41.0,25.72,0.0,19.0,3880.0,11.0,18.23,-0.33,-1.0,0.09,8.79,-6.38,14.45,527.0,TEST2RR,AKR_TEST2RR,0.0,1.0,1.0,100.0
324000,2,walk,walk,17058,,17058.0,20.0,1.0,6.0,2.0,17.35,-0.025,0.237,2.613,41.0,25.76,0.0,19.0,3880.0,11.0,18.42,-0.33,-1.0,0.09,8.65,-6.94,12.78,527.0,TEST2RR,AKR_TEST2RR,0.0,1.0,1.0,100.0
324020,2,walk,walk,17059,,17059.0,20.0,1.0,6.0,2.0,17.67,-0.022,0.109,2.568,41.0,25.79,0.0,19.0,3880.0,11.0,18.61,-0.33,-0.99,0.09,8.52,-7.09,11.84,527.0,TEST2RR,AKR_TEST2RR,0.0,1.0,1.0,100.0
324040,2,walk,walk,17060,,17060.0,20.0,1.0,6.0,2.0,18.0,-0.02,0.128,2.369,41.0,25.79,0.0,19.0,3880.0,11.0,18.82,-0.34,-0.99,0.1,8.41,-6.87,11.62,527.0,TEST2RR,AKR_TEST2RR,0.0,1.0,1.0,100.0
324080,2,walk,walk,17061,,17061.0,20.0,1.0,6.0,2.0,18.32,-0.018,0.091,2.059,41.0,25.83,0.0,19.0,3880.0,11.0,19.06,-0.34,-0.99,0.1,8.33,-6.35,12.04,528.0,TEST2RR,AKR_TEST2RR,0.0,1.0,1.0,100.0
324100,2,walk,walk,17062,,17062.0,20.0,1.0,6.0,2.0,18.64,-0.016,0.25,1.82,41.0,25.86,0.0,19.0,3880.0,11.0,19.36,-0.35,-0.98,0.1,8.27,-5.67,12.93,528.0,TEST2RR,AKR_TEST2RR,0.0,1.0,1.0,100.0
324100,2,walk,walk,17063,,17063.0,20.0,1.0,6.0,2.0,18.95,-0.015,0.03,1.671,41.0,25.86,0.0,19.0,3880.0,11.0,19.73,-0.35,-0.98,0.1,8.23,-4.91,14.14,528.0,TEST2RR,AKR_TEST2RR,0.0,1.0,1.0,100.0
324120,2,walk,walk,17064,,17064.0,20.0,1.0,6.0,2.0,19.25,-0.013,0.057,1.513,41.0,25.86,0.0,19.0,3880.0,11.0,20.16,-0.36,-0.97,0.1,8.21,-4.13,15.52,528.0,TEST2RR,AKR_TEST2RR,0.0,1.0,1.0,100.0
324140,2,walk,walk,17065,,17065.0,20.0,1.0,6.0,2.0,19.54,-0.012,0.054,1.344,41.0,25.9,0.0,19.0,3880.0,11.0,20.64,-0.36,-0.97,0.1,8.19,-3.39,16.94,528.0,TEST2RR,AKR_TEST2RR,0.0,1.0,1.0,100.0
324160,2,walk,walk,17066,,17066.0,20.0,1.0,6.0,2.0,19.83,-0.01,0.109,1.232,41.0,25.9,0.0,19.0,3880.0,11.0,21.18,-0.37,-0.96,0.1,8.18,-2.71,18.29,528.0,TEST2RR,AKR_TEST2RR,0.0,1.0,1.0,100.0
324180,2,walk,walk,17067,,17067.0,20.0,1.0,6.0,2.0,20.11,-0.01,0.013,1.097,41.0,25.9,0.0,19.0,3880.0,11.0,21.75,-0.38,-0.95,0.11,8.16,-2.11,19.5,528.0,TEST2RR,AKR_TEST2RR,0.0,1.0,1.0,100.0
324220,2,walk,walk,17068,,17068.0,20.0,1.0,6.0,2.0,20.39,-0.009,0.062,1.01,41.0,25.9,0.0,19.0,3880.0,11.0,22.34,-0.39,-0.94,0.11,8.11,-1.61,20.51,528.0,TEST2RR,AKR_TEST2RR,0.0,1.0,1.0,100.0
324240,2,walk,walk,17069,,17069.0,20.0,1.0,6.0,2.0,20.67,-0.008,0.053,0.922,41.0,25.9,0.0,19.0,3880.0,11.0,22.95,-0.4,-0.94,0.11,8.04,-1.2,21.29,528.0,TEST2RR,AKR_TEST2RR,0.0,1.0,1.0,100.0
324260,2,walk,walk,17070,,17070.0,20.0,1.0,6.0,2.0,20.95,-0.007,-0.04,0.808,41.0,25.9,0.0,19.0,3880.0,11.0,23.56,-0.4,-0.93,0.11,7.95,-0.87,21.84,528.0,TEST2RR,AKR_TEST2RR,0.0,1.0,1.0,100.0
324260,2,walk,walk,17071,,17071.0,20.0,1.0,6.0,2.0,21.24,-0.007,0.003,0.709,41.0,25.93,0.0,19.0,3880.0,11.0,24.16,-0.41,-0.92,0.11,7.83,-0.59,22.16,528.0,TEST2RR,AKR_TEST2RR,0.0,1.0,1.0,100.0
324280,2,walk,walk,17072,,17072.0,20.0,1.0,6.0,2.0,21.54,-0.006,-0.026,0.64,41.0,25.9,0.0,19.0,3880.0,11.0,24.74,-0.42,-0.91,0.12,7.67,-0.35,22.26,528.0,TEST2RR,AKR_TEST2RR,0.0,1.0,1.0,100.0
324300,2,walk,walk,17073,,17073.0,20.0,1.0,6.0,2.0,21.84,-0.006,0.056,0.52,41.0,25.9,0.0,19.0,3880.0,11.0,25.28,-0.43,-0.91,0.12,7.48,-0.12,22.18,528.0,TEST2RR,AKR_TEST2RR,0.0,1.0,1.0,100.0
324340,2,walk,walk,17074,,17074.0,20.0,1.0,6.0,2.0,22.16,-0.005,-0.019,0.459,41.0,25.9,0.0,19.0,3880.0,11.0,25.78,-0.44,-0.9,0.12,7.26,0.09,21.93,528.0,TEST2RR,AKR_TEST2RR,0.0,1.0,1.0,100.0
324360,2,walk,walk,17075,,17075.0,20.0,1.0,6.0,2.0,22.49,-0.004,0.077,0.373,41.0,25.9,0.0,19.0,3880.0,11.0,26.24,-0.44,-0.9,0.13,6.99,0.3,21.57,528.0,TEST2RR,AKR_TEST2RR,0.0,1.0,1.0,100.0
324360,2,walk,walk,17076,,17076.0,20.0,1.0,6.0,2.0,22.83,-0.003,0.119,0.284,41.0,25.9,0.0,19.0,3880.0,11.0,26.65,-0.45,-0.9,0.13,6.7,0.51,21.12,528.0,TEST2RR,AKR_TEST2RR,0.0,1.0,1.0,100.0
324420,2,walk,walk,17077,,17077.0,20.0,1.0,6.0,2.0,23.18,-0.003,0.038,0.176,41.0,25.9,0.0,19.0,3880.0,11.0,27.0,-0.46,-0.89,0.13,6.38,0.71,20.62,528.0,TEST2RR,AKR_TEST2RR,0.0,1.0,1.0,100.0
324440,2,walk,walk,17078,,17078.0,20.0,1.0,6.0,2.0,23.54,-0.002,0.019,0.012,41.0,25.9,0.0,19.0,3880.0,11.0,27.3,-0.46,-0.89,0.14,6.03,0.92,20.1,528.0,TEST2RR,AKR_TEST2RR,0.0,1.0,1.0,100.0
324440,2,walk,walk,17079,,17079.0,20.0,1.0,6.0,2.0,23.91,-0.001,0.073,-0.109,41.0,25.9,0.0,19.0,3880.0,11.0,27.56,-0.47,-0.89,0.14,5.68,1.16,19.59,528.0,TEST2RR,AKR_TEST2RR,0.0,1.0,1.0,100.0
324460,2,walk,walk,17080,,17080.0,20.0,1.0,6.0,2.0,24.29,0.001,0.054,-0.208,41.0,25.93,0.0,19.0,3880.0,11.0,27.78,-0.47,-0.89,0.14,5.34,1.42,19.12,528.0,TEST2RR,AKR_TEST2RR,0.0,1.0,1.0,100.0
324460,2,walk,walk,17081,,17081.0,20.0,1.0,6.0,2.0,24.67,0.001,0.104,-0.356,41.0,25.9,0.0,19.0,3880.0,11.0,27.98,-0.47,-0.89,0.14,5.02,1.7,18.71,528.0,TEST2RR,AKR_TEST2RR,0.0,1.0,1.0,100.0
324480,2,walk,walk,17082,,17082.0,20.0,1.0,6.0,2.0,25.05,0.003,0.123,-0.522,41.0,25.9,0.0,19.0,3880.0,11.0,28.16,-0.48,-0.89,0.14,4.74,2.0,18.37,528.0,TEST2RR,AKR_TEST2RR,0.0,1.0,1.0,100.0
324520,2,walk,walk,17083,,17083.0,20.0,1.0,6.0,2.0,25.44,0.004,0.089,-0.637,41.0,25.9,0.0,19.0,3880.0,11.0,28.34,-0.48,-0.89,0.14,4.52,2.29,18.11,528.0,TEST2RR,AKR_TEST2RR,0.0,1.0,1.0,100.0
324540,2,walk,walk,17084,,17084.0,20.0,1.0,6.0,2.0,25.83,0.005,0.058,-0.762,41.0,25.9,0.0,19.0,3880.0,11.0,28.51,-0.49,-0.9,0.14,4.34,2.55,17.94,528.0,TEST2RR,AKR_TEST2RR,0.0,1.0,1.0,100.0
324560,2,walk,walk,17085,,17085.0,20.0,1.0,6.0,2.0,26.21,0.006,0.115,-0.942,41.0,25.9,0.0,19.0,3880.0,11.0,28.67,-0.49,-0.9,0.14,4.2,2.74,17.86,528.0,TEST2RR,AKR_TEST2RR,0.0,1.0,1.0,100.0
324580,2,walk,walk,17086,,17086.0,20.0,1.0,6.0,2.0,26.59,0.008,0.108,-1.116,41.0,25.9,0.0,19.0,3880.0,11.0,28.83,-0.49,-0.9,0.14,4.11,2.84,17.88,528.0,TEST2RR,AKR_TEST2RR,0.0,1.0,1.0,100.0
324580,2,walk,walk,17087,,17087.0,20.0,1.0,6.0,2.0,26.97,0.009,0.104,-1.306,41.0,25.9,0.0,19.0,3880.0,11.0,29.0,-0.5,-0.9,0.14,4.03,2.86,17.98,528.0,TEST2RR,AKR_TEST2RR,0.0,1.0,1.0,100.0
324600,2,walk,walk,17088,,17088.0,20.0,1.0,6.0,2.0,27.35,0.011,0.064,-1.496,41.0,25.86,0.0,19.0,3880.0,11.0,29.2,-0.5,-0.9,0.14,3.98,2.78,18.13,528.0,TEST2RR,AKR_TEST2RR,0.0,1.0,1.0,100.0
324640,2,walk,walk,17089,,17089.0,20.0,1.0,6.0,2.0,27.72,0.012,-0.015,-1.569,41.0,25.86,0.0,19.0,3880.0,11.0,29.44,-0.51,-0.9,0.14,3.94,2.6,18.28,528.0,TEST2RR,AKR_TEST2RR,0.0,1.0,1.0,100.0
324640,2,walk,walk,17090,,17090.0,20.0,2.0,6.0,2.0,28.08,0.013,0.052,-1.653,41.0,25.86,0.0,20.0,3880.0,11.0,29.71,-0.51,-0.9,0.13,3.87,2.27,18.31,528.0,TEST2RR,AKR_TEST2RR,0.0,1.0,1.0,100.0
324660,2,walk,walk,17091,,17091.0,20.0,2.0,6.0,2.0,28.44,0.013,0.061,-1.652,41.0,25.86,0.0,20.0,3880.0,11.0,29.99,-0.52,-0.89,0.13,3.76,1.68,18.09,528.0,TEST2RR,AKR_TEST2RR,0.0,1.0,1.0,100.0
324680,2,walk,walk,17092,,17092.0,20.0,1.0,6.0,2.0,28.8,0.013,-0.13,-1.565,41.0,25.86,0.0,19.0,3880.0,11.0,30.26,-0.52,-0.89,0.13,3.56,0.67,17.39,528.0,TEST2RR,AKR_TEST2RR,0.0,1.0,1.0,100.0
324720,2,walk,walk,17093,,17093.0,20.0,1.0,6.0,2.0,29.15,0.012,-0.011,-1.521,41.0,25.86,0.0,19.0,3880.0,11.0,30.46,-0.52,-0.88,0.13,3.23,-0.99,15.96,528.0,TEST2RR,AKR_TEST2RR,0.0,1.0,1.0,100.0
324740,2,walk,walk,17094,,17094.0,20.0,1.0,6.0,2.0,29.5,0.012,-0.041,-1.421,41.0,25.9,0.0,19.0,3880.0,11.0,30.53,-0.51,-0.87,0.13,2.72,-3.39,13.62,528.0,TEST2RR,AKR_TEST2RR,0.0,1.0,1.0,100.0
324740,2,walk,walk,17095,,17095.0,20.0,1.0,6.0,2.0,29.84,0.01,-0.166,-1.264,41.0,25.9,0.0,19.0,3880.0,11.0,30.39,-0.5,-0.85,0.13,2.02,-6.52,10.23,528.0,TEST2RR,AKR_TEST2RR,0.0,1.0,1.0,100.0
324760,2,walk,walk,17096,,17096.0,20.0,1.0,6.0,2.0,30.17,0.009,-0.156,-1.057,41.0,25.9,0.0,19.0,3880.0,11.0,30.02,-0.49,-0.84,0.13,1.16,-10.16,5.75,528.0,TEST2RR,AKR_TEST2RR,0.0,1.0,1.0,100.0
324780,2,walk,walk,17097,,17097.0,20.0,2.0,1.0,5.0,30.48,0.007,-0.092,-0.827,41.0,25.9,0.0,20.0,3880.0,12.0,29.42,-0.47,-0.83,0.13,0.14,-14.02,0.26,528.0,TEST2RR,AKR_TEST2RR,0.0,1.0,1.0,100.0
324800,2,walk,walk,17098,,17098.0,20.0,0.0,1.0,6.0,30.79,0.005,-0.224,-0.529,41.0,25.86,0.0,18.0,3880.0,12.0,28.61,-0.45,-0.82,0.13,-1.0,-17.66,-5.83,528.0,TEST2RR,AKR_TEST2RR,0.0,1.0,1.0,100.0
324820,2,walk,walk,17099,,17099.0,20.0,0.0,1.0,6.0,31.06,-0.032,-3.293,-1.836,41.0,25.76,0.0,18.0,3880.0,12.0,27.63,-0.43,-0.82,0.14,-2.25,-20.75,-12.09,528.0,TEST2RR,AKR_TEST2RR,0.0,1.0,1.0,100.0
324840,2,walk,walk,17100,,17100.0,20.0,0.0,1.0,6.0,31.31,-0.08,-3.076,-1.974,41.0,25.72,0.0,18.0,3880.0,12.0,26.45,-0.41,-0.81,0.15,-3.56,-23.04,-18.37,528.0,TEST2RR,AKR_TEST2RR,0.0,1.0,1.0,100.0
324860,2,walk,walk,17101,,17101.0,20.0,0.0,1.0,6.0,31.52,-0.122,-2.575,-2.318,41.0,25.69,0.0,18.0,3880.0,12.0,25.06,-0.38,-0.81,0.15,-4.95,-24.43,-24.77,528.0,TEST2RR,AKR_TEST2RR,0.0,1.0,1.0,100.0
324900,2,walk,walk,17102,,17102.0,20.0,0.0,1.0,6.0,31.68,-0.158,-2.196,-2.433,41.0,25.72,0.0,18.0,3880.0,12.0,23.41,-0.35,-0.81,0.15,-6.47,-24.92,-31.46,528.0,TEST2RR,AKR_TEST2RR,0.0,1.0,1.0,100.0
324900,2,walk,walk,17103,,17103.0,20.0,0.0,1.0,6.0,31.78,-0.188,-1.713,-2.676,41.0,25.69,0.0,18.0,3880.0,12.0,21.51,-0.32,-0.82,0.16,-8.17,-24.58,-38.51,528.0,TEST2RR,AKR_TEST2RR,0.0,1.0,1.0,100.0
324920,2,walk,walk,17104,,17104.0,20.0,0.0,1.0,6.0,31.81,-0.212,-1.488,-3.026,41.0,25.65,0.0,18.0,3880.0,12.0,19.38,-0.29,-0.83,0.16,-10.13,-23.48,-45.91,528.0,TEST2RR,AKR_TEST2RR,0.0,1.0,1.0,100.0
324940,2,walk,walk,17105,,17105.0,20.0,0.0,1.0,6.0,31.76,-0.231,-1.259,-3.173,41.0,25.65,0.0,18.0,3880.0,12.0,17.11,-0.26,-0.84,0.16,-12.33,-21.63,-53.63,528.0,TEST2RR,AKR_TEST2RR,0.0,1.0,1.0,100.0
324960,2,walk,walk,17106,,17106.0,20.0,0.0,1.0,6.0,31.63,-0.246,-0.88,-3.799,41.0,25.62,0.0,18.0,3880.0,12.0,14.81,-0.23,-0.87,0.15,-14.59,-19.01,-61.43,528.0,TEST2RR,AKR_TEST2RR,0.0,1.0,1.0,100.0
324980,2,walk,walk,17107,,17107.0,20.0,0.0,1.0,6.0,31.4,-0.257,-0.692,-3.981,41.0,25.54,0.0,18.0,3880.0,12.0,12.63,-0.2,-0.89,0.15,-16.76,-15.47,-68.94,528.0,TEST2RR,AKR_TEST2RR,0.0,1.0,1.0,100.0
325000,2,walk,walk,17108,,17108.0,20.0,0.0,1.0,6.0,31.07,-0.262,-0.189,-4.814,41.0,25.44,0.0,18.0,3880.0,12.0,10.76,-0.18,-0.93,0.14,-18.62,-10.81,-75.65,528.0,TEST2RR,AKR_TEST2RR,0.0,1.0,1.0,100.0
325040,2,walk,walk,17109,,17109.0,20.0,0.0,1.0,6.0,30.62,-0.266,-0.37,-4.783,41.0,25.44,0.0,18.0,3880.0,12.0,9.38,-0.16,-0.97,0.14,-19.91,-4.99,-81.13,529.0,TEST2RR,AKR_TEST2RR,0.0,1.0,1.0,100.0
325060,2,walk,walk,17110,,17110.0,20.0,0.0,1.0,6.0,30.05,-0.273,-0.422,-4.483,41.0,25.51,0.0,18.0,3880.0,12.0,8.5,-0.15,-1.01,0.13,-20.52,1.68,-85.17,529.0,TEST2RR,AKR_TEST2RR,0.0,1.0,1.0,100.0
325060,2,walk,walk,17111,,17111.0,20.0,0.0,1.0,6.0,29.36,-0.28,-0.394,-4.471,41.0,25.51,0.0,18.0,3880.0,12.0,8.09,-0.15,-1.05,0.13,-20.43,8.54,-87.73,529.0,TEST2RR,AKR_TEST2RR,0.0,1.0,1.0,100.0
325080,2,walk,walk,17112,,17112.0,20.0,0.0,1.0,6.0,28.55,-0.284,-0.241,-4.534,41.0,25.51,0.0,18.0,3880.0,12.0,8.07,-0.15,-1.08,0.12,-19.79,14.87,-88.93,529.0,TEST2RR,AKR_TEST2RR,0.0,1.0,1.0,100.0
325100,2,walk,walk,17113,,17113.0,20.0,0.0,3.0,7.0,27.62,-0.287,-0.138,-4.853,41.0,25.47,0.0,18.0,3880.0,12.0,8.32,-0.16,-1.1,0.11,-18.79,20.04,-88.93,529.0,TEST2RR,AKR_TEST2RR,0.0,1.0,1.0,100.0
325140,2,walk,walk,17114,,17114.0,20.0,0.0,3.0,7.0,26.57,-0.288,-0.151,-4.895,41.0,25.47,0.0,19.0,3880.0,12.0,8.76,-0.17,-1.12,0.09,-17.68,23.67,-87.88,529.0,TEST2RR,AKR_TEST2RR,0.0,1.0,1.0,100.0
325140,2,walk,walk,17115,,17115.0,20.0,1.0,3.0,7.0,25.42,-0.29,-0.131,-4.92,41.0,25.47,0.0,20.0,3880.0,12.0,9.31,-0.18,-1.13,0.08,-16.65,25.67,-85.88,529.0,TEST2RR,AKR_TEST2RR,0.0,1.0,1.0,100.0
325180,2,walk,walk,17116,,17116.0,20.0,0.0,3.0,7.0,24.17,-0.291,-0.107,-4.966,41.0,25.47,0.0,19.0,3880.0,12.0,9.92,-0.2,-1.13,0.06,-15.83,26.24,-83.0,529.0,TEST2RR,AKR_TEST2RR,0.0,1.0,1.0,100.0
325200,2,walk,walk,17117,,17117.0,20.0,0.0,3.0,7.0,22.84,-0.291,-0.058,-4.966,41.0,25.47,0.0,19.0,3880.0,12.0,10.54,-0.21,-1.13,0.05,-15.27,25.78,-79.26,529.0,TEST2RR,AKR_TEST2RR,0.0,1.0,1.0,100.0
325220,2,walk,walk,17118,,17118.0,20.0,0.0,3.0,7.0,21.44,-0.29,-0.011,-4.847,41.0,25.51,0.0,19.0,3880.0,12.0,11.19,-0.22,-1.12,0.03,-14.98,24.74,-74.61,529.0,TEST2RR,AKR_TEST2RR,0.0,1.0,1.0,100.0
325240,2,walk,walk,17119,,17119.0,20.0,1.0,3.0,7.0,19.99,-0.289,0.101,-4.865,41.0,25.51,0.0,20.0,3880.0,12.0,11.9,-0.23,-1.11,0.02,-14.94,23.51,-69.03,529.0,TEST2RR,AKR_TEST2RR,0.0,1.0,1.0,100.0
325240,2,walk,walk,17120,,17120.0,20.0,0.0,3.0,7.0,18.51,-0.286,0.234,-4.848,41.0,25.51,0.0,19.0,3880.0,12.0,12.6,-0.25,-1.1,0.01,-15.01,22.35,-62.52,529.0,TEST2RR,AKR_TEST2RR,0.0,1.0,1.0,100.0
325260,2,walk,walk,17121,,17121.0,20.0,0.0,3.0,7.0,17.01,-0.283,0.206,-4.562,41.0,25.54,0.0,19.0,3880.0,12.0,13.08,-0.25,-1.09,0.0,-14.89,21.43,-55.33,529.0,TEST2RR,AKR_TEST2RR,0.0,1.0,1.0,100.0
325280,2,walk,walk,17122,,17122.0,20.0,0.0,3.0,7.0,15.51,-0.278,0.347,-4.513,41.0,25.54,0.0,19.0,3880.0,12.0,13.13,-0.25,-1.08,0.0,-14.36,20.77,-47.81,529.0,TEST2RR,AKR_TEST2RR,0.0,1.0,1.0,100.0
325300,2,walk,walk,17123,,17123.0,20.0,0.0,3.0,7.0,14.03,-0.266,0.925,-4.902,41.0,25.54,0.0,19.0,3880.0,12.0,12.68,-0.24,-1.08,0.0,-13.46,20.37,-40.29,529.0,TEST2RR,AKR_TEST2RR,0.0,1.0,1.0,100.0
325320,2,walk,walk,17124,,17124.0,20.0,0.0,3.0,7.0,12.59,-0.25,1.146,-4.996,41.0,25.58,0.0,19.0,3880.0,12.0,11.81,-0.22,-1.07,0.02,-12.42,20.04,-33.1,529.0,TEST2RR,AKR_TEST2RR,0.0,1.0,1.0,100.0
325340,2,walk,walk,17125,,17125.0,20.0,0.0,3.0,7.0,11.21,-0.227,1.639,-4.808,41.0,25.62,0.0,19.0,3880.0,12.0,10.7,-0.2,-1.07,0.04,-11.54,19.25,-26.51,529.0,TEST2RR,AKR_TEST2RR,0.0,1.0,1.0,100.0
325380,2,walk,walk,17126,,17126.0,20.0,0.0,3.0,7.0,9.89,-0.201,1.702,-4.504,41.0,25.69,0.0,19.0,3880.0,12.0,9.53,-0.18,-1.06,0.06,-11.04,17.25,-20.73,529.0,TEST2RR,AKR_TEST2RR,0.0,1.0,1.0,100.0
325380,2,walk,walk,17127,,17127.0,20.0,0.0,3.0,7.0,8.65,-0.173,1.895,-3.933,41.0,25.76,0.0,19.0,3880.0,12.0,8.42,-0.16,-1.06,0.09,-10.98,13.27,-15.89,529.0,TEST2RR,AKR_TEST2RR,0.0,1.0,1.0,100.0
325400,2,walk,walk,17128,,17128.0,20.0,0.0,3.0,7.0,7.49,-0.143,1.929,-3.295,41.0,25.83,0.0,19.0,3880.0,12.0,7.45,-0.14,-1.05,0.1,-11.29,6.84,-12.05,529.0,TEST2RR,AKR_TEST2RR,0.0,1.0,1.0,100.0
325420,2,walk,walk,17129,,17129.0,20.0,0.0,3.0,7.0,6.43,-0.112,2.097,-2.873,41.0,25.86,0.0,19.0,3880.0,12.0,6.6,-0.12,-1.05,0.11,-11.84,-2.04,-9.19,529.0,TEST2RR,AKR_TEST2RR,0.0,1.0,1.0,100.0
325480,2,walk,walk,17130,,17130.0,20.0,0.0,3.0,7.0,5.46,-0.077,2.414,-2.113,41.0,25.93,0.0,19.0,3880.0,12.0,5.79,-0.11,-1.05,0.11,-12.43,-12.79,-7.28,529.0,TEST2RR,AKR_TEST2RR,0.0,1.0,1.0,100.0
325500,2,walk,walk,17131,,17131.0,20.0,0.0,3.0,7.0,4.59,-0.037,2.827,-1.54,41.0,25.93,0.0,19.0,3880.0,12.0,4.94,-0.09,-1.04,0.11,-12.89,-24.5,-6.26,529.0,TEST2RR,AKR_TEST2RR,0.0,1.0,1.0,100.0
325520,2,walk,walk,17132,,17132.0,20.0,0.0,3.0,7.0,3.81,0.006,2.756,-1.022,41.0,25.93,0.0,19.0,3880.0,12.0,3.98,-0.07,-1.04,0.1,-13.1,-35.99,-5.92,529.0,TEST2RR,AKR_TEST2RR,0.0,1.0,1.0,100.0
325520,2,walk,walk,17133,,17133.0,20.0,0.0,3.0,7.0,3.13,0.047,2.627,-0.785,41.0,25.93,0.0,19.0,3880.0,12.0,2.87,-0.05,-1.04,0.09,-12.98,-46.12,-5.99,529.0,TEST2RR,AKR_TEST2RR,0.0,1.0,1.0,100.0
325520,2,walk,walk,17134,,17134.0,20.0,0.0,3.0,7.0,2.53,0.086,2.467,-0.52,41.0,25.93,0.0,19.0,3880.0,12.0,1.78,-0.03,-1.04,0.08,-12.39,-53.93,-6.15,529.0,TEST2RR,AKR_TEST2RR,0.0,1.0,1.0,100.0
325560,2,walk,walk,17135,,17135.0,20.0,1.0,3.0,7.0,2.0,0.104,0.026,0.151,41.0,25.9,0.0,20.0,3880.0,12.0,0.91,-0.02,-1.04,0.07,-11.29,-59.06,-6.03,529.0,TEST2RR,AKR_TEST2RR,0.0,1.0,1.0,100.0
325560,2,walk,walk,17136,,17136.0,20.0,0.0,3.0,7.0,1.55,0.089,-1.311,0.169,41.0,25.93,0.0,19.0,3880.0,12.0,0.26,0.0,-1.04,0.06,-9.73,-61.51,-5.24,529.0,TEST2RR,AKR_TEST2RR,0.0,1.0,1.0,100.0
325580,2,walk,walk,17137,,17137.0,20.0,0.0,3.0,7.0,1.15,0.07,-1.284,-0.163,41.0,25.9,0.0,19.0,3880.0,12.0,-0.18,0.0,-1.04,0.04,-7.83,-61.53,-3.47,529.0,TEST2RR,AKR_TEST2RR,0.0,1.0,1.0,100.0
325600,2,walk,walk,17138,,17138.0,20.0,0.0,0.0,1.0,0.82,0.048,-1.663,-0.017,41.0,25.9,0.0,19.0,3880.0,12.0,-0.45,0.01,-1.05,0.03,-5.75,-59.52,-0.63,529.0,TEST2RR,AKR_TEST2RR,0.0,1.0,1.0,100.0
325620,2,walk,walk,17139,,17139.0,20.0,0.0,0.0,1.0,0.53,0.024,-1.644,-0.111,41.0,25.9,0.0,19.0,3880.0,12.0,-0.58,0.01,-1.05,0.02,-3.64,-55.96,3.1,529.0,TEST2RR,AKR_TEST2RR,0.0,1.0,1.0,100.0
325640,2,walk,walk,17140,,17140.0,20.0,0.0,0.0,1.0,0.28,0.024,-1.644,-0.111,41.0,25.9,0.0,39.0,3880.0,12.0,-0.58,0.01,-1.05,0.02,-1.67,-51.37,7.39,529.0,TEST2RR,AKR_TEST2RR,0.0,1.0,1.0,100.0
325660,2,walk,walk,17141,,17141.0,20.0,0.0,0.0,1.0,0.07,0.024,-1.644,-0.111,41.0,25.9,0.0,59.0,3880.0,12.0,-0.45,0.01,-1.05,0.01,0.05,-46.19,11.86,529.0,TEST2RR,AKR_TEST2RR,0.0,1.0,1.0,100.0
325700,2,walk,walk,17142,,17142.0,20.0,0.0,0.0,1.0,-0.1,0.024,-1.644,-0.111,41.0,25.9,0.0,79.0,3880.0,12.0,-0.22,0.0,-1.04,0.01,1.42,-40.78,16.16,529.0,TEST2RR,AKR_TEST2RR,0.0,1.0,1.0,100.0
325720,2,walk,walk,17143,,17143.0,20.0,0.0,0.0,1.0,-0.23,-0.034,-23.923,0.0,41.0,25.97,0.0,17.0,3880.0,12.0,0.11,0.0,-1.04,0.01,2.39,-35.45,19.97,529.0,TEST2RR,AKR_TEST2RR,0.0,1.0,1.0,100.0
325720,2,walk,walk,17144,,17144.0,20.0,0.0,0.0,1.0,-0.32,-0.041,-0.558,0.0,41.0,25.93,0.0,17.0,3880.0,12.0,0.53,-0.01,-1.04,0.01,2.93,-30.37,23.08,529.0,TEST2RR,AKR_TEST2RR,0.0,1.0,1.0,100.0
325740,2,walk,walk,17145,,17145.0,20.0,0.0,0.0,1.0,-0.36,-0.049,-0.367,0.0,41.0,25.93,0.0,17.0,3880.0,12.0,1.02,-0.02,-1.03,0.01,3.04,-25.66,25.31,529.0,TEST2RR,AKR_TEST2RR,0.0,1.0,1.0,100.0
325780,2,walk,walk,17146,,17146.0,20.0,0.0,0.0,1.0,-0.36,-0.05,0.011,0.0,41.0,25.93,0.0,17.0,3880.0,12.0,1.56,-0.03,-1.03,0.01,2.75,-21.38,26.51,529.0,TEST2RR,AKR_TEST2RR,0.0,1.0,1.0,100.0
325780,2,walk,walk,17147,,17147.0,20.0,0.0,0.0,1.0,-0.32,-0.05,0.053,0.0,41.0,25.93,0.0,17.0,3880.0,12.0,2.14,-0.04,-1.03,0.01,2.14,-17.55,26.63,529.0,TEST2RR,AKR_TEST2RR,0.0,1.0,1.0,100.0
325800,2,walk,walk,17148,,17148.0,20.0,0.0,0.0,1.0,-0.23,-0.046,0.297,0.0,41.0,25.93,0.0,17.0,3880.0,12.0,2.74,-0.05,-1.02,0.01,1.27,-14.16,25.66,529.0,TEST2RR,AKR_TEST2RR,0.0,1.0,1.0,100.0
325820,2,walk,walk,17149,,17149.0,20.0,0.0,0.0,1.0,-0.09,-0.039,0.757,0.0,41.0,25.93,0.0,17.0,3880.0,12.0,3.33,-0.06,-1.02,0.01,0.22,-11.21,23.65,529.0,TEST2RR,AKR_TEST2RR,0.0,1.0,1.0,100.0
325860,2,walk,walk,17150,,17150.0,20.0,0.0,0.0,1.0,0.09,-0.028,0.506,0.0,41.0,25.93,0.0,17.0,3880.0,12.0,3.87,-0.07,-1.01,0.01,-0.96,-8.67,20.79,529.0,TEST2RR,AKR_TEST2RR,0.0,1.0,1.0,100.0
325860,2,walk,walk,17151,,17151.0,20.0,0.0,0.0,1.0,0.31,-0.023,0.393,0.0,41.0,25.93,0.0,17.0,3880.0,12.0,4.34,-0.08,-1.01,0.01,-2.23,-6.52,17.33,529.0,TEST2RR,AKR_TEST2RR,0.0,1.0,1.0,100.0
325880,2,walk,walk,17152,,17152.0,20.0,0.0,0.0,1.0,0.57,-0.018,0.369,0.0,41.0,25.93,0.0,17.0,3880.0,12.0,4.7,-0.08,-1.01,0.01,-3.54,-4.74,13.55,529.0,TEST2RR,AKR_TEST2RR,0.0,1.0,1.0,100.0
325900,2,walk,walk,17153,,17153.0,20.0,0.0,0.0,1.0,0.85,-0.01,0.553,0.0,41.0,25.93,0.0,17.0,3880.0,12.0,4.93,-0.09,-1.01,0.0,-4.81,-3.28,9.71,529.0,TEST2RR,AKR_TEST2RR,0.0,1.0,1.0,100.0
325920,2,walk,walk,17154,,17154.0,20.0,0.0,0.0,1.0,1.15,-0.007,0.091,0.0,41.0,25.93,0.0,17.0,3880.0,12.0,5.03,-0.09,-1.01,0.0,-5.95,-2.11,6.13,529.0,TEST2RR,AKR_TEST2RR,0.0,1.0,1.0,100.0
325940,2,walk,walk,17155,,17155.0,20.0,0.0,0.0,1.0,1.46,-0.007,-0.053,0.0,41.0,25.93,0.0,17.0,3880.0,12.0,5.0,-0.09,-1.01,-0.01,-6.86,-1.19,3.02,529.0,TEST2RR,AKR_TEST2RR,0.0,1.0,1.0,100.0
325960,2,walk,walk,17156,,17156.0,20.0,0.0,0.0,1.0,1.78,-0.007,0.03,0.0,41.0,25.93,0.0,17.0,3880.0,12.0,4.86,-0.09,-1.01,-0.01,-7.44,-0.48,0.54,529.0,TEST2RR,AKR_TEST2RR,0.0,1.0,1.0,100.0
326020,2,walk,walk,17157,,17157.0,20.0,1.0,0.0,1.0,2.09,-0.007,-0.014,0.0,41.0,25.93,0.0,18.0,3880.0,12.0,4.65,-0.08,-1.01,-0.02,-7.64,0.02,-1.26,529.0,TEST2RR,AKR_TEST2RR,0.0,1.0,1.0,100.0
326020,2,walk,walk,17158,,17158.0,20.0,1.0,0.0,1.0,2.39,-0.008,-0.138,0.0,41.0,25.93,0.0,18.0,3880.0,12.0,4.4,-0.08,-1.02,-0.03,-7.41,0.34,-2.37,529.0,TEST2RR,AKR_TEST2RR,0.0,1.0,1.0,100.0
326020,2,walk,walk,17159,,17159.0,20.0,1.0,0.0,1.0,2.67,-0.01,-0.244,0.0,41.0,25.93,0.0,18.0,3880.0,12.0,4.12,-0.07,-1.02,-0.03,-6.78,0.51,-2.78,529.0,TEST2RR,AKR_TEST2RR,0.0,1.0,1.0,100.0
326040,2,walk,walk,17160,,17160.0,20.0,1.0,0.0,1.0,2.93,-0.015,-0.461,0.0,41.0,25.93,0.0,18.0,3880.0,12.0,3.82,-0.07,-1.02,-0.04,-5.75,0.58,-2.4,529.0,TEST2RR,AKR_TEST2RR,0.0,1.0,1.0,100.0
326060,2,walk,walk,17161,,17161.0,20.0,1.0,0.0,1.0,3.17,-0.029,-0.919,0.0,41.0,25.93,0.0,18.0,3880.0,12.0,3.53,-0.06,-1.03,-0.05,-4.37,0.53,-1.13,529.0,TEST2RR,AKR_TEST2RR,0.0,1.0,1.0,100.0
326080,2,walk,walk,17162,,17162.0,20.0,0.0,0.0,1.0,3.37,-0.044,-1.358,0.0,41.0,25.93,0.0,17.0,3880.0,12.0,3.22,-0.06,-1.03,-0.06,-2.67,0.39,1.17,529.0,TEST2RR,AKR_TEST2RR,0.0,1.0,1.0,100.0
326100,2,walk,walk,17163,,17163.0,20.0,0.0,0.0,1.0,3.55,-0.068,-1.572,0.0,41.0,25.93,0.0,17.0,3880.0,12.0,2.9,-0.05,-1.03,-0.06,-0.69,0.18,4.66,529.0,TEST2RR,AKR_TEST2RR,0.0,1.0,1.0,100.0
326140,2,walk,walk,17164,,17164.0,20.0,0.0,0.0,1.0,3.71,-0.1,-2.305,0.0,41.0,25.93,0.0,17.0,3880.0,12.0,2.61,-0.05,-1.04,-0.07,1.52,-0.03,9.39,529.0,TEST2RR,AKR_TEST2RR,0.0,1.0,1.0,100.0
326180,2,walk,walk,17165,,17165.0,20.0,0.0,0.0,1.0,3.85,-0.132,-2.132,0.0,41.0,25.93,0.0,17.0,3880.0,12.0,2.39,-0.04,-1.04,-0.07,3.96,-0.14,15.09,530.0,TEST2RR,AKR_TEST2RR,0.0,1.0,1.0,100.0
326180,2,walk,walk,17166,,17166.0,20.0,0.0,0.0,1.0,3.97,-0.157,-1.415,0.0,41.0,25.93,0.0,17.0,3880.0,12.0,2.3,-0.04,-1.05,-0.07,6.61,-0.08,21.4,530.0,TEST2RR,AKR_TEST2RR,0.0,1.0,1.0,100.0
326180,2,walk,walk,17167,,17167.0,20.0,0.0,0.0,1.0,4.08,-0.168,-0.21,0.0,41.0,25.93,0.0,17.0,3880.0,12.0,2.44,-0.04,-1.05,-0.07,9.44,0.1,27.73,530.0,TEST2RR,AKR_TEST2RR,0.0,1.0,1.0,100.0
326200,2,walk,walk,17168,,17168.0,20.0,0.0,0.0,1.0,4.2,-0.168,-0.15,0.0,41.0,25.93,0.0,17.0,3880.0,12.0,2.84,-0.05,-1.05,-0.07,12.38,0.25,33.41,530.0,TEST2RR,AKR_TEST2RR,0.0,1.0,1.0,100.0
326220,2,walk,walk,17169,,17169.0,20.0,0.0,0.0,1.0,4.34,-0.168,0.023,0.0,41.0,25.93,0.0,17.0,3880.0,12.0,3.51,-0.06,-1.05,-0.07,15.35,0.26,37.91,530.0,TEST2RR,AKR_TEST2RR,0.0,1.0,1.0,100.0
326260,2,walk,walk,17170,,17170.0,20.0,0.0,0.0,1.0,4.49,-0.168,-0.095,0.0,41.0,25.93,0.0,17.0,3880.0,12.0,4.41,-0.08,-1.04,-0.07,18.23,0.09,40.91,530.0,TEST2RR,AKR_TEST2RR,0.0,1.0,1.0,100.0
326280,2,walk,walk,17171,,17171.0,20.0,0.0,0.0,1.0,4.67,-0.168,0.022,0.0,41.0,25.93,0.0,17.0,3880.0,12.0,5.45,-0.1,-1.03,-0.06,20.85,-0.24,42.31,530.0,TEST2RR,AKR_TEST2RR,0.0,1.0,1.0,100.0
326280,2,walk,walk,17172,,17172.0,20.0,0.0,0.0,1.0,4.9,-0.168,-0.026,0.0,41.0,25.93,0.0,17.0,3880.0,12.0,6.56,-0.12,-1.02,-0.05,23.06,-0.63,42.17,530.0,TEST2RR,AKR_TEST2RR,0.0,1.0,1.0,100.0
326300,2,walk,walk,17173,,17173.0,20.0,0.0,0.0,1.0,5.16,-0.166,0.036,0.0,41.0,25.93,0.0,17.0,3880.0,12.0,7.68,-0.14,-1.01,-0.04,24.72,-1.0,40.72,530.0,TEST2RR,AKR_TEST2RR,0.0,1.0,1.0,100.0
326340,2,walk,walk,17174,,17174.0,20.0,0.0,0.0,1.0,5.47,-0.165,0.293,0.0,41.0,25.97,0.0,17.0,3880.0,12.0,8.73,-0.15,-1.0,-0.03,25.73,-1.31,38.19,530.0,TEST2RR,AKR_TEST2RR,0.0,1.0,1.0,100.0
326340,2,walk,walk,17175,,17175.0,20.0,0.0,0.0,1.0,5.83,-0.161,0.237,0.0,41.0,25.93,0.0,17.0,3880.0,12.0,9.69,-0.17,-0.99,-0.01,26.01,-1.55,34.86,530.0,TEST2RR,AKR_TEST2RR,0.0,1.0,1.0,100.0
326360,2,walk,walk,17176,,17176.0,20.0,0.0,0.0,1.0,6.23,-0.156,0.444,0.0,41.0,25.93,0.0,17.0,3880.0,12.0,10.53,-0.18,-0.99,0.01,25.51,-1.72,30.95,530.0,TEST2RR,AKR_TEST2RR,0.0,1.0,1.0,100.0
326400,2,walk,walk,17177,,17177.0,20.0,0.0,0.0,1.0,6.68,-0.15,0.374,0.0,41.0,25.93,0.0,17.0,3880.0,12.0,11.24,-0.2,-0.98,0.02,24.22,-1.76,26.64,530.0,TEST2RR,AKR_TEST2RR,0.0,1.0,1.0,100.0
326400,2,walk,walk,17178,,17178.0,20.0,0.0,0.0,1.0,7.15,-0.138,0.972,0.0,41.0,25.93,0.0,17.0,3880.0,12.0,11.83,-0.2,-0.98,0.04,22.2,-1.68,22.02,530.0,TEST2RR,AKR_TEST2RR,0.0,1.0,1.0,100.0
326420,2,walk,walk,17179,,17179.0,20.0,0.0,0.0,1.0,7.65,-0.128,0.652,0.0,41.0,25.93,0.0,17.0,3880.0,12.0,12.29,-0.21,-0.97,0.05,19.55,-1.5,17.17,530.0,TEST2RR,AKR_TEST2RR,0.0,1.0,1.0,100.0
326440,2,walk,walk,17180,,17180.0,20.0,0.0,0.0,1.0,8.16,-0.115,1.215,0.0,41.0,25.93,0.0,17.0,3880.0,12.0,12.64,-0.22,-0.97,0.06,16.44,-1.26,12.16,530.0,TEST2RR,AKR_TEST2RR,0.0,1.0,1.0,100.0
326460,2,walk,walk,17181,,17181.0,20.0,0.0,0.0,1.0,8.68,-0.099,0.84,0.0,41.0,25.93,0.0,17.0,3880.0,12.0,12.86,-0.22,-0.97,0.07,13.1,-1.0,7.06,530.0,TEST2RR,AKR_TEST2RR,0.0,1.0,1.0,100.0
326480,2,walk,walk,17182,,17182.0,20.0,0.0,6.0,2.0,9.2,-0.084,1.213,0.0,41.0,25.93,0.0,17.0,3880.0,12.0,12.95,-0.22,-0.97,0.07,9.75,-0.75,1.93,530.0,TEST2RR,AKR_TEST2RR,0.0,1.0,1.0,100.0
326520,2,walk,walk,17183,,17183.0,20.0,0.0,6.0,2.0,9.7,-0.071,0.911,-0.184,41.0,25.93,0.0,18.0,3880.0,12.0,12.91,-0.22,-0.97,0.07,6.64,-0.51,-3.09,530.0,TEST2RR,AKR_TEST2RR,0.0,1.0,1.0,100.0
326520,2,walk,walk,17184,,17184.0,20.0,0.0,6.0,2.0,10.17,-0.044,1.741,0.643,41.0,25.9,0.0,18.0,3880.0,12.0,12.74,-0.22,-0.98,0.07,3.94,-0.36,-8.0,530.0,TEST2RR,AKR_TEST2RR,0.0,1.0,1.0,100.0
326540,2,walk,walk,17185,,17185.0,20.0,0.0,6.0,2.0,10.62,-0.023,1.004,0.497,41.0,25.9,0.0,18.0,3880.0,12.0,12.45,-0.22,-0.98,0.07,1.77,-0.32,-12.73,530.0,TEST2RR,AKR_TEST2RR,0.0,1.0,1.0,100.0
326580,2,walk,walk,17186,,17186.0,20.0,0.0,6.0,2.0,11.01,-0.012,0.688,0.476,41.0,25.9,0.0,18.0,3880.0,12.0,12.03,-0.21,-0.98,0.06,0.12,-0.35,-17.07,530.0,TEST2RR,AKR_TEST2RR,0.0,1.0,1.0,100.0
326600,2,walk,walk,17187,,17187.0,20.0,1.0,6.0,2.0,11.36,-0.007,0.19,0.459,41.0,25.9,0.0,19.0,3880.0,12.0,11.51,-0.2,-0.99,0.06,-1.08,-0.37,-20.79,530.0,TEST2RR,AKR_TEST2RR,0.0,1.0,1.0,100.0
326600,2,walk,walk,17188,,17188.0,20.0,0.0,6.0,2.0,11.65,-0.005,0.25,0.308,41.0,25.9,0.0,18.0,3880.0,12.0,10.89,-0.19,-0.99,0.06,-1.93,-0.35,-23.69,530.0,TEST2RR,AKR_TEST2RR,0.0,1.0,1.0,100.0
326620,2,walk,walk,17189,,17189.0,20.0,0.0,6.0,2.0,11.88,-0.004,0.048,0.188,41.0,25.93,0.0,18.0,3880.0,12.0,10.21,-0.18,-1.0,0.05,-2.49,-0.23,-25.7,530.0,TEST2RR,AKR_TEST2RR,0.0,1.0,1.0,100.0
326660,2,walk,walk,17190,,17190.0,20.0,1.0,6.0,2.0,12.04,-0.002,0.005,0.091,41.0,25.93,0.0,19.0,3880.0,12.0,9.49,-0.17,-1.0,0.05,-2.81,-0.01,-26.81,530.0,TEST2RR,AKR_TEST2RR,0.0,1.0,1.0,100.0
326680,2,walk,walk,17191,,17191.0,20.0,1.0,6.0,2.0,12.13,-0.002,0.015,0.072,41.0,25.9,0.0,19.0,3880.0,12.0,8.75,-0.16,-1.01,0.04,-2.88,0.26,-27.07,530.0,TEST2RR,AKR_TEST2RR,0.0,1.0,1.0,100.0
326680,2,walk,walk,17192,,17192.0,20.0,1.0,6.0,2.0,12.16,-0.001,0.034,0.108,41.0,25.93,0.0,19.0,3880.0,12.0,8.04,-0.14,-1.01,0.04,-2.7,0.53,-26.57,530.0,TEST2RR,AKR_TEST2RR,0.0,1.0,1.0,100.0
326720,2,walk,walk,17193,,17193.0,20.0,1.0,6.0,2.0,12.12,-0.001,-0.038,0.104,41.0,25.9,0.0,19.0,3880.0,12.0,7.36,-0.13,-1.02,0.04,-2.3,0.78,-25.43,530.0,TEST2RR,AKR_TEST2RR,0.0,1.0,1.0,100.0
326740,2,walk,walk,17194,,17194.0,20.0,1.0,6.0,2.0,12.01,-0.001,0.003,0.156,41.0,25.9,0.0,19.0,3880.0,12.0,6.73,-0.12,-1.02,0.03,-1.7,0.98,-23.79,530.0,TEST2RR,AKR_TEST2RR,0.0,1.0,1.0,100.0
326740,2,walk,walk,17195,,17195.0,20.0,1.0,6.0,2.0,11.85,-0.002,-0.04,0.131,41.0,25.9,0.0,19.0,3880.0,12.0,6.17,-0.11,-1.02,0.03,-0.96,1.12,-21.78,530.0,TEST2RR,AKR_TEST2RR,0.0,1.0,1.0,100.0
326760,2,walk,walk,17196,,17196.0,20.0,1.0,6.0,2.0,11.64,-0.002,-0.066,0.091,41.0,25.9,0.0,19.0,3880.0,12.0,5.68,-0.1,-1.02,0.03,-0.14,1.19,-19.51,530.0,TEST2RR,AKR_TEST2RR,0.0,1.0,1.0,100.0
326780,2,walk,walk,17197,,17197.0,20.0,1.0,6.0,2.0,11.38,-0.002,0.037,0.198,41.0,25.9,0.0,19.0,3880.0,12.0,5.26,-0.09,-1.03,0.03,0.72,1.21,-17.12,530.0,TEST2RR,AKR_TEST2RR,0.0,1.0,1.0,100.0
326820,2,walk,walk,17198,,17198.0,20.0,1.0,6.0,2.0,11.08,-0.002,0.006,0.267,41.0,25.93,0.0,19.0,3880.0,12.0,4.91,-0.09,-1.03,0.03,1.6,1.17,-14.69,530.0,TEST2RR,AKR_TEST2RR,0.0,1.0,1.0,100.0
326820,2,walk,walk,17199,,17199.0,20.0,1.0,6.0,2.0,10.76,-0.002,0.054,0.257,41.0,25.93,0.0,19.0,3880.0,12.0,4.62,-0.08,-1.03,0.03,2.46,1.09,-12.32,530.0,TEST2RR,AKR_TEST2RR,0.0,1.0,1.0,100.0
326840,2,walk,walk,17200,,17200.0,20.0,1.0,6.0,2.0,10.41,-0.002,-0.001,0.325,41.0,25.93,0.0,19.0,3880.0,12.0,4.39,-0.08,-1.03,0.03,3.28,0.97,-10.07,530.0,TEST2RR,AKR_TEST2RR,0.0,1.0,1.0,100.0
326860,2,walk,walk,17201,,17201.0,20.0,1.0,6.0,2.0,10.05,-0.002,-0.013,0.302,41.0,25.93,0.0,19.0,3880.0,12.0,4.22,-0.08,-1.03,0.03,4.06,0.84,-7.96,530.0,TEST2RR,AKR_TEST2RR,0.0,1.0,1.0,100.0
326880,2,walk,walk,17202,,17202.0,20.0,1.0,6.0,2.0,9.68,-0.003,0.002,0.3,41.0,25.9,0.0,19.0,3880.0,12.0,4.1,-0.07,-1.03,0.03,4.77,0.69,-6.05,530.0,TEST2RR,AKR_TEST2RR,0.0,1.0,1.0,100.0
326900,2,walk,walk,17203,,17203.0,20.0,1.0,6.0,2.0,9.32,-0.003,-0.036,0.287,41.0,25.93,0.0,19.0,3880.0,12.0,4.02,-0.07,-1.03,0.03,5.41,0.55,-4.34,530.0,TEST2RR,AKR_TEST2RR,0.0,1.0,1.0,100.0
326920,2,walk,walk,17204,,17204.0,20.0,1.0,6.0,2.0,8.96,-0.003,-0.041,0.323,41.0,25.9,0.0,19.0,3880.0,12.0,3.99,-0.07,-1.03,0.03,5.95,0.43,-2.87,530.0,TEST2RR,AKR_TEST2RR,0.0,1.0,1.0,100.0
326940,2,walk,walk,17205,,17205.0,20.0,1.0,6.0,2.0,8.61,-0.003,-0.077,0.313,41.0,25.93,0.0,19.0,3880.0,12.0,3.99,-0.07,-1.03,0.04,6.39,0.34,-1.65,530.0,TEST2RR,AKR_TEST2RR,0.0,1.0,1.0,100.0
327000,2,walk,walk,17206,,17206.0,20.0,1.0,6.0,2.0,8.28,-0.002,-0.002,0.36,41.0,25.9,0.0,19.0,3880.0,12.0,4.02,-0.07,-1.03,0.04,6.74,0.28,-0.67,530.0,TEST2RR,AKR_TEST2RR,0.0,1.0,1.0,100.0
327000,2,walk,walk,17207,,17207.0,20.0,1.0,6.0,2.0,7.97,-0.002,-0.01,0.159,41.0,25.9,0.0,19.0,3880.0,12.0,4.06,-0.07,-1.03,0.04,6.98,0.26,0.06,530.0,TEST2RR,AKR_TEST2RR,0.0,1.0,1.0,100.0
327000,2,walk,walk,17208,,17208.0,20.0,1.0,6.0,2.0,7.68,-0.002,0.062,0.119,41.0,25.93,0.0,19.0,3880.0,12.0,4.12,-0.07,-1.02,0.05,7.13,0.26,0.55,530.0,TEST2RR,AKR_TEST2RR,0.0,1.0,1.0,100.0
327040,2,walk,walk,17209,,17209.0,20.0,1.0,6.0,2.0,7.41,-0.001,0.089,0.111,41.0,25.93,0.0,19.0,3880.0,12.0,4.18,-0.07,-1.02,0.05,7.2,0.26,0.83,530.0,TEST2RR,AKR_TEST2RR,0.0,1.0,1.0,100.0
327040,2,walk,walk,17210,,17210.0,20.0,1.0,6.0,2.0,7.17,-0.001,0.03,0.038,41.0,25.93,0.0,19.0,3880.0,12.0,4.23,-0.08,-1.02,0.05,7.2,0.28,0.94,530.0,TEST2RR,AKR_TEST2RR,0.0,1.0,1.0,100.0
327060,2,walk,walk,17211,,17211.0,20.0,1.0,6.0,2.0,6.95,-0.001,0.093,-0.048,41.0,25.93,0.0,19.0,3880.0,12.0,4.28,-0.08,-1.02,0.05,7.15,0.29,0.92,530.0,TEST2RR,AKR_TEST2RR,0.0,1.0,1.0,100.0
327100,2,walk,walk,17212,,17212.0,20.0,1.0,6.0,2.0,6.76,0.0,-0.023,-0.16,41.0,25.93,0.0,19.0,3880.0,12.0,4.31,-0.08,-1.02,0.06,7.07,0.29,0.8,530.0,TEST2RR,AKR_TEST2RR,0.0,1.0,1.0,100.0
327100,2,walk,walk,17213,,17213.0,20.0,1.0,6.0,2.0,6.59,0.001,-0.015,-0.217,41.0,25.9,0.0,19.0,3880.0,12.0,4.32,-0.08,-1.02,0.06,6.97,0.26,0.64,530.0,TEST2RR,AKR_TEST2RR,0.0,1.0,1.0,100.0
327140,2,walk,walk,17214,,17214.0,20.0,1.0,6.0,2.0,6.44,0.001,0.037,-0.231,41.0,25.93,0.0,19.0,3880.0,12.0,4.32,-0.08,-1.02,0.06,6.89,0.15,0.47,531.0,TEST2RR,AKR_TEST2RR,0.0,1.0,1.0,100.0
327160,2,walk,walk,17215,,17215.0,20.0,1.0,6.0,2.0,6.31,0.002,0.085,-0.303,41.0,25.93,0.0,19.0,3880.0,12.0,4.3,-0.08,-1.02,0.06,6.82,-0.05,0.35,531.0,TEST2RR,AKR_TEST2RR,0.0,1.0,1.0,100.0
327160,2,walk,walk,17216,,17216.0,20.0,1.0,6.0,2.0,6.2,0.002,0.015,-0.225,41.0,25.9,0.0,19.0,3880.0,12.0,4.28,-0.08,-1.02,0.06,6.79,-0.32,0.31,531.0,TEST2RR,AKR_TEST2RR,0.0,1.0,1.0,100.0
327200,2,walk,walk,17217,,17217.0,20.0,1.0,6.0,2.0,6.1,0.002,-0.05,-0.23,41.0,25.93,0.0,18.0,3880.0,12.0,4.23,-0.08,-1.02,0.06,6.81,-0.65,0.37,531.0,TEST2RR,AKR_TEST2RR,0.0,1.0,1.0,100.0
327220,2,walk,walk,17218,,17218.0,20.0,1.0,6.0,2.0,6.01,0.001,-0.009,-0.209,41.0,25.93,0.0,18.0,3880.0,12.0,4.16,-0.07,-1.03,0.06,6.9,-0.99,0.56,531.0,TEST2RR,AKR_TEST2RR,0.0,1.0,1.0,100.0
327220,2,walk,walk,17219,,17219.0,20.0,1.0,6.0,2.0,5.94,0.001,0.044,-0.148,41.0,25.9,0.0,18.0,3880.0,12.0,4.08,-0.07,-1.03,0.06,7.06,-1.3,0.91,531.0,TEST2RR,AKR_TEST2RR,0.0,1.0,1.0,100.0
327240,2,walk,walk,17220,,17220.0,20.0,1.0,6.0,2.0,5.87,0.001,-0.04,-0.037,41.0,25.93,0.0,18.0,3880.0,12.0,3.98,-0.07,-1.03,0.06,7.31,-1.57,1.46,531.0,TEST2RR,AKR_TEST2RR,0.0,1.0,1.0,100.0
327260,2,walk,walk,17221,,17221.0,20.0,1.0,6.0,2.0,5.82,0.0,-0.058,0.036,41.0,25.93,0.0,18.0,3880.0,12.0,3.89,-0.07,-1.03,0.07,7.64,-1.81,2.22,531.0,TEST2RR,AKR_TEST2RR,0.0,1.0,1.0,100.0
327280,2,walk,walk,17222,,17222.0,20.0,1.0,6.0,2.0,5.77,-0.001,-0.1,0.097,41.0,25.9,0.0,18.0,3880.0,12.0,3.81,-0.07,-1.03,0.07,8.02,-2.09,3.23,531.0,TEST2RR,AKR_TEST2RR,0.0,1.0,1.0,100.0
327320,2,walk,walk,17223,,17223.0,20.0,1.0,6.0,2.0,5.73,-0.002,-0.022,0.319,41.0,25.93,0.0,18.0,3880.0,12.0,3.76,-0.07,-1.04,0.07,8.44,-2.44,4.5,531.0,TEST2RR,AKR_TEST2RR,0.0,1.0,1.0,100.0
327340,2,walk,walk,17224,,17224.0,20.0,1.0,6.0,2.0,5.7,-0.003,-0.033,0.436,41.0,25.93,0.0,18.0,3880.0,12.0,3.73,-0.07,-1.04,0.07,8.9,-2.9,6.03,531.0,TEST2RR,AKR_TEST2RR,0.0,1.0,1.0,100.0
327340,2,walk,walk,17225,,17225.0,20.0,1.0,6.0,2.0,5.67,-0.004,-0.04,0.557,41.0,25.9,0.0,18.0,3880.0,12.0,3.72,-0.07,-1.04,0.07,9.39,-3.5,7.79,531.0,TEST2RR,AKR_TEST2RR,0.0,1.0,1.0,100.0
327360,2,walk,walk,17226,,17226.0,20.0,1.0,6.0,2.0,5.66,-0.004,-0.07,0.543,41.0,25.9,0.0,18.0,3880.0,12.0,3.75,-0.07,-1.04,0.07,9.91,-4.25,9.76,531.0,TEST2RR,AKR_TEST2RR,0.0,1.0,1.0,100.0
327420,2,walk,walk,17227,,17227.0,20.0,1.0,6.0,2.0,5.65,-0.005,0.001,0.545,41.0,25.93,0.0,18.0,3880.0,12.0,3.81,-0.07,-1.05,0.07,10.46,-5.12,11.88,531.0,TEST2RR,AKR_TEST2RR,0.0,1.0,1.0,100.0
327420,2,walk,walk,17228,,17228.0,20.0,1.0,6.0,2.0,5.66,-0.005,-0.038,0.561,41.0,25.9,0.0,18.0,3880.0,12.0,3.91,-0.07,-1.05,0.07,11.03,-6.07,14.08,531.0,TEST2RR,AKR_TEST2RR,0.0,1.0,1.0,100.0
327420,2,walk,walk,17229,,17229.0,20.0,1.0,6.0,2.0,5.68,-0.005,0.048,0.556,41.0,25.93,0.0,18.0,3880.0,12.0,4.07,-0.07,-1.05,0.07,11.59,-7.09,16.32,531.0,TEST2RR,AKR_TEST2RR,0.0,1.0,1.0,100.0
327460,2,walk,walk,17230,,17230.0,20.0,1.0,6.0,2.0,5.71,-0.005,-0.085,0.59,41.0,25.93,0.0,18.0,3880.0,12.0,4.28,-0.08,-1.05,0.07,12.12,-8.13,18.52,531.0,TEST2RR,AKR_TEST2RR,0.0,1.0,1.0,100.0
327480,2,walk,walk,17231,,17231.0,20.0,1.0,6.0,2.0,5.77,-0.005,0.034,0.546,41.0,25.9,0.0,18.0,3880.0,12.0,4.55,-0.08,-1.05,0.08,12.6,-9.17,20.64,531.0,TEST2RR,AKR_TEST2RR,0.0,1.0,1.0,100.0
327500,2,walk,walk,17232,,17232.0,20.0,1.0,6.0,2.0,5.84,-0.005,-0.08,0.519,41.0,25.9,0.0,18.0,3880.0,12.0,4.88,-0.09,-1.05,0.08,13.0,-10.18,22.63,531.0,TEST2RR,AKR_TEST2RR,0.0,1.0,1.0,100.0
327520,2,walk,walk,17233,,17233.0,20.0,1.0,6.0,2.0,5.94,-0.004,0.046,0.427,41.0,25.93,0.0,18.0,3880.0,12.0,5.26,-0.1,-1.05,0.09,13.3,-11.1,24.45,531.0,TEST2RR,AKR_TEST2RR,0.0,1.0,1.0,100.0
327520,2,walk,walk,17234,,17234.0,20.0,1.0,6.0,2.0,6.07,-0.004,0.103,0.281,41.0,25.9,0.0,18.0,3880.0,12.0,5.69,-0.1,-1.05,0.09,13.51,-11.9,26.05,531.0,TEST2RR,AKR_TEST2RR,0.0,1.0,1.0,100.0
327540,2,walk,walk,17235,,17235.0,20.0,1.0,6.0,2.0,6.22,-0.003,0.026,0.212,41.0,25.93,0.0,18.0,3880.0,12.0,6.18,-0.11,-1.04,0.1,13.6,-12.56,27.39,531.0,TEST2RR,AKR_TEST2RR,0.0,1.0,1.0,100.0
327580,2,walk,walk,17236,,17236.0,20.0,1.0,6.0,2.0,6.4,-0.002,0.042,0.172,41.0,25.93,0.0,18.0,3880.0,12.0,6.73,-0.12,-1.04,0.11,13.58,-13.06,28.44,531.0,TEST2RR,AKR_TEST2RR,0.0,1.0,1.0,100.0
327580,2,walk,walk,17237,,17237.0,20.0,1.0,6.0,2.0,6.61,-0.002,0.019,0.115,41.0,25.9,0.0,18.0,3880.0,12.0,7.33,-0.13,-1.03,0.12,13.44,-13.38,29.18,531.0,TEST2RR,AKR_TEST2RR,0.0,1.0,1.0,100.0
327600,2,walk,walk,17238,,17238.0,20.0,1.0,6.0,2.0,6.85,-0.001,0.014,0.044,41.0,25.9,0.0,18.0,3880.0,12.0,7.98,-0.14,-1.02,0.13,13.17,-13.52,29.62,531.0,TEST2RR,AKR_TEST2RR,0.0,1.0,1.0,100.0
327640,2,walk,walk,17239,,17239.0,20.0,1.0,6.0,2.0,7.12,-0.001,-0.077,0.097,41.0,25.93,0.0,18.0,3880.0,12.0,8.66,-0.15,-1.01,0.14,12.78,-13.5,29.77,531.0,TEST2RR,AKR_TEST2RR,0.0,1.0,1.0,100.0
327660,2,walk,walk,17240,,17240.0,20.0,1.0,6.0,2.0,7.42,-0.001,0.053,0.049,41.0,25.93,0.0,18.0,3880.0,12.0,9.38,-0.17,-1.01,0.15,12.26,-13.34,29.66,531.0,TEST2RR,AKR_TEST2RR,0.0,1.0,1.0,100.0
327680,2,walk,walk,17241,,17241.0,20.0,1.0,6.0,2.0,7.74,-0.001,0.044,0.046,41.0,25.9,0.0,18.0,3880.0,12.0,10.09,-0.18,-1.0,0.16,11.6,-13.09,29.32,531.0,TEST2RR,AKR_TEST2RR,0.0,1.0,1.0,100.0
327700,2,walk,walk,17242,,17242.0,20.0,2.0,6.0,2.0,8.1,-0.001,-0.011,-0.002,41.0,25.93,0.0,19.0,3880.0,12.0,10.8,-0.19,-0.99,0.17,10.79,-12.76,28.8,531.0,TEST2RR,AKR_TEST2RR,0.0,1.0,1.0,100.0
327700,2,walk,walk,17243,,17243.0,20.0,1.0,6.0,2.0,8.47,0.0,0.048,-0.061,41.0,25.93,0.0,18.0,3880.0,12.0,11.47,-0.2,-0.98,0.17,9.84,-12.39,28.17,531.0,TEST2RR,AKR_TEST2RR,0.0,1.0,1.0,100.0
327740,2,walk,walk,17244,,17244.0,20.0,1.0,6.0,2.0,8.88,0.001,0.054,-0.15,41.0,25.93,0.0,18.0,3880.0,12.0,12.12,-0.21,-0.98,0.18,8.75,-12.0,27.44,531.0,TEST2RR,AKR_TEST2RR,0.0,1.0,1.0,100.0
327740,2,walk,walk,17245,,17245.0,20.0,1.0,6.0,2.0,9.3,0.001,0.089,-0.345,41.0,25.93,0.0,18.0,3880.0,12.0,12.74,-0.22,-0.97,0.19,7.53,-11.58,26.65,531.0,TEST2RR,AKR_TEST2RR,0.0,1.0,1.0,100.0
327760,2,walk,walk,17246,,17246.0,20.0,1.0,6.0,2.0,9.73,0.002,0.146,-0.505,41.0,25.93,0.0,18.0,3880.0,12.0,13.34,-0.23,-0.97,0.19,6.19,-11.18,25.77,531.0,TEST2RR,AKR_TEST2RR,0.0,1.0,1.0,100.0
327780,2,walk,walk,17247,,17247.0,20.0,1.0,6.0,2.0,10.18,0.004,0.115,-0.676,41.0,25.9,0.0,18.0,3880.0,12.0,13.94,-0.24,-0.97,0.19,4.75,-10.82,24.81,531.0,TEST2RR,AKR_TEST2RR,0.0,1.0,1.0,100.0
327800,2,walk,walk,17248,,17248.0,20.0,1.0,6.0,2.0,10.64,0.005,0.152,-0.809,41.0,25.9,0.0,18.0,3880.0,12.0,14.56,-0.25,-0.96,0.19,3.2,-10.57,23.73,531.0,TEST2RR,AKR_TEST2RR,0.0,1.0,1.0,100.0
327840,2,walk,walk,17249,,17249.0,20.0,1.0,6.0,2.0,11.11,0.007,0.077,-0.999,41.0,25.9,0.0,18.0,3880.0,12.0,15.21,-0.26,-0.96,0.19,1.53,-10.49,22.51,531.0,TEST2RR,AKR_TEST2RR,0.0,1.0,1.0,100.0
327840,2,walk,walk,17250,,17250.0,20.0,1.0,6.0,2.0,11.59,0.008,0.079,-1.124,41.0,25.9,0.0,18.0,3880.0,12.0,15.9,-0.27,-0.96,0.19,-0.26,-10.66,21.15,531.0,TEST2RR,AKR_TEST2RR,0.0,1.0,1.0,100.0
327860,2,walk,walk,17251,,17251.0,20.0,1.0,6.0,2.0,12.06,0.009,0.009,-1.187,41.0,25.9,0.0,18.0,3880.0,12.0,16.64,-0.28,-0.95,0.19,-2.23,-11.2,19.65,531.0,TEST2RR,AKR_TEST2RR,0.0,1.0,1.0,100.0
327880,2,walk,walk,17252,,17252.0,20.0,1.0,6.0,2.0,12.54,0.009,0.015,-1.202,41.0,25.9,0.0,18.0,3880.0,12.0,17.44,-0.3,-0.94,0.18,-4.45,-12.26,18.01,531.0,TEST2RR,AKR_TEST2RR,0.0,1.0,1.0,100.0
327900,2,walk,walk,17253,,17253.0,20.0,1.0,6.0,2.0,13.01,0.009,-0.038,-1.146,41.0,25.9,0.0,18.0,3880.0,12.0,18.29,-0.31,-0.93,0.17,-6.96,-13.97,16.26,531.0,TEST2RR,AKR_TEST2RR,0.0,1.0,1.0,100.0
327920,2,walk,walk,17254,,17254.0,20.0,1.0,6.0,2.0,13.48,0.009,0.029,-1.067,41.0,25.9,0.0,18.0,3880.0,12.0,19.16,-0.32,-0.92,0.17,-9.82,-16.48,14.4,531.0,TEST2RR,AKR_TEST2RR,0.0,1.0,1.0,100.0
327940,2,walk,walk,17255,,17255.0,20.0,1.0,6.0,2.0,13.94,0.008,0.041,-0.902,41.0,25.9,0.0,18.0,3880.0,12.0,19.99,-0.33,-0.91,0.15,-13.01,-19.84,12.46,531.0,TEST2RR,AKR_TEST2RR,0.0,1.0,1.0,100.0
327980,2,walk,walk,17256,,17256.0,20.0,1.0,6.0,2.0,14.38,0.006,-0.112,-0.661,41.0,25.9,0.0,18.0,3880.0,12.0,20.73,-0.34,-0.91,0.14,-16.48,-24.0,10.42,531.0,TEST2RR,AKR_TEST2RR,0.0,1.0,1.0,100.0
328000,2,walk,walk,17257,,17257.0,20.0,1.0,1.0,5.0,14.82,0.004,-0.087,-0.346,41.0,25.93,0.0,18.0,3880.0,13.0,21.28,-0.35,-0.9,0.13,-20.12,-28.81,8.23,531.0,TEST2RR,AKR_TEST2RR,0.0,1.0,1.0,100.0
328000,2,walk,walk,17258,,17258.0,20.0,0.0,1.0,5.0,15.24,0.002,-0.142,-0.124,41.0,25.86,0.0,18.0,3880.0,13.0,21.59,-0.35,-0.89,0.12,-23.72,-33.93,6.19,531.0,TEST2RR,AKR_TEST2RR,0.0,1.0,1.0,100.0
328020,2,walk,walk,17259,,17259.0,20.0,0.0,1.0,5.0,15.64,-0.036,-2.923,-1.975,41.0,25.76,0.0,18.0,3880.0,13.0,21.62,-0.35,-0.89,0.11,-27.06,-38.99,4.77,531.0,TEST2RR,AKR_TEST2RR,0.0,1.0,1.0,100.0
328060,2,walk,walk,17260,,17260.0,20.0,0.0,1.0,5.0,16.03,-0.08,-2.736,-2.467,41.0,25.69,0.0,18.0,3880.0,13.0,21.35,-0.35,-0.89,0.1,-29.96,-43.53,4.2,531.0,TEST2RR,AKR_TEST2RR,0.0,1.0,1.0,100.0
328060,2,walk,walk,17261,,17261.0,20.0,0.0,1.0,5.0,16.4,-0.116,-1.996,-3.498,41.0,25.58,0.0,18.0,3880.0,13.0,20.8,-0.34,-0.9,0.1,-32.22,-47.18,4.51,531.0,TEST2RR,AKR_TEST2RR,0.0,1.0,1.0,100.0
328100,2,walk,walk,17262,,17262.0,20.0,0.0,1.0,5.0,16.74,-0.142,-1.619,-4.084,41.0,25.47,0.0,18.0,3880.0,13.0,19.97,-0.33,-0.91,0.09,-33.61,-49.56,5.59,531.0,TEST2RR,AKR_TEST2RR,0.0,1.0,1.0,100.0
328100,2,walk,walk,17263,,17263.0,20.0,0.0,1.0,5.0,17.06,-0.163,-1.232,-4.766,41.0,25.44,0.0,18.0,3880.0,13.0,18.9,-0.32,-0.93,0.09,-33.91,-50.42,7.3,531.0,TEST2RR,AKR_TEST2RR,0.0,1.0,1.0,100.0
328140,2,walk,walk,17264,,17264.0,20.0,0.0,1.0,5.0,17.37,-0.178,-0.848,-5.023,41.0,25.33,0.0,18.0,3880.0,13.0,17.69,-0.3,-0.95,0.1,-33.04,-49.74,9.56,532.0,TEST2RR,AKR_TEST2RR,0.0,1.0,1.0,100.0
328140,2,walk,walk,17265,,17265.0,20.0,0.0,1.0,5.0,17.65,-0.189,-0.621,-5.655,41.0,25.23,0.0,18.0,3880.0,13.0,16.42,-0.29,-0.97,0.1,-30.97,-47.6,12.14,532.0,TEST2RR,AKR_TEST2RR,0.0,1.0,1.0,100.0
328180,2,walk,walk,17266,,17266.0,20.0,0.0,1.0,5.0,17.91,-0.194,-0.346,-6.412,41.0,25.12,0.0,18.0,3880.0,13.0,15.21,-0.27,-1.0,0.1,-27.75,-44.2,14.85,532.0,TEST2RR,AKR_TEST2RR,0.0,1.0,1.0,100.0
328180,2,walk,walk,17267,,17267.0,20.0,0.0,1.0,5.0,18.16,-0.197,-0.033,-6.956,41.0,25.02,0.0,18.0,3880.0,13.0,14.17,-0.26,-1.03,0.11,-23.58,-39.77,17.56,532.0,TEST2RR,AKR_TEST2RR,0.0,1.0,1.0,100.0
328240,2,walk,walk,17268,,17268.0,20.0,0.0,1.0,5.0,18.39,-0.197,0.07,-7.206,41.0,24.95,0.0,18.0,3880.0,13.0,13.33,-0.25,-1.05,0.11,-18.76,-34.55,19.97,532.0,TEST2RR,AKR_TEST2RR,0.0,1.0,1.0,100.0
328240,2,walk,walk,17269,,17269.0,20.0,0.0,1.0,5.0,18.62,-0.197,0.044,-7.314,41.0,24.91,0.0,18.0,3880.0,13.0,12.7,-0.24,-1.07,0.11,-13.62,-28.73,21.79,532.0,TEST2RR,AKR_TEST2RR,0.0,1.0,1.0,100.0
328280,2,walk,walk,17270,,17270.0,20.0,0.0,1.0,5.0,18.84,-0.197,0.01,-7.377,41.0,24.95,0.0,18.0,3880.0,13.0,12.24,-0.23,-1.07,0.11,-8.52,-22.47,22.73,532.0,TEST2RR,AKR_TEST2RR,0.0,1.0,1.0,100.0
328300,2,walk,walk,17271,,17271.0,20.0,0.0,1.0,5.0,19.05,-0.198,-0.075,-7.238,41.0,24.95,0.0,18.0,3880.0,13.0,11.91,-0.23,-1.07,0.11,-3.81,-15.96,22.55,532.0,TEST2RR,AKR_TEST2RR,0.0,1.0,1.0,100.0
328300,2,walk,walk,17272,,17272.0,20.0,0.0,1.0,5.0,19.27,-0.2,-0.363,-6.922,41.0,25.02,0.0,18.0,3880.0,13.0,11.7,-0.22,-1.06,0.11,0.18,-9.46,21.06,532.0,TEST2RR,AKR_TEST2RR,0.0,1.0,1.0,100.0
328300,2,walk,walk,17273,,17273.0,20.0,0.0,1.0,5.0,19.48,-0.205,-0.234,-6.813,41.0,25.09,0.0,18.0,3880.0,13.0,11.6,-0.21,-1.04,0.11,3.23,-3.29,18.12,532.0,TEST2RR,AKR_TEST2RR,0.0,1.0,1.0,100.0
328320,2,walk,walk,17274,,17274.0,20.0,0.0,1.0,5.0,19.69,-0.207,-0.112,-6.793,41.0,25.09,0.0,18.0,3880.0,13.0,11.62,-0.21,-1.01,0.1,5.18,2.25,13.73,532.0,TEST2RR,AKR_TEST2RR,0.0,1.0,1.0,100.0
328340,2,walk,walk,17275,,17275.0,20.0,0.0,1.0,5.0,19.9,-0.209,-0.156,-6.754,41.0,25.09,0.0,18.0,3880.0,13.0,11.78,-0.2,-0.98,0.1,6.02,6.94,7.93,532.0,TEST2RR,AKR_TEST2RR,0.0,1.0,1.0,100.0
328380,2,walk,walk,17276,,17276.0,20.0,0.0,1.0,5.0,20.1,-0.211,-0.154,-6.888,41.0,25.09,0.0,18.0,3880.0,13.0,12.1,-0.2,-0.95,0.09,5.79,10.7,0.9,532.0,TEST2RR,AKR_TEST2RR,0.0,1.0,1.0,100.0
328400,2,walk,walk,17277,,17277.0,20.0,0.0,1.0,6.0,20.3,-0.213,-0.343,-6.479,41.0,25.16,0.0,18.0,3880.0,13.0,12.75,-0.21,-0.92,0.09,4.76,13.81,-6.59,532.0,TEST2RR,AKR_TEST2RR,0.0,1.0,1.0,100.0
328420,2,walk,walk,17278,,17278.0,20.0,0.0,1.0,6.0,20.47,-0.212,-0.06,-7.04,41.0,25.02,0.0,18.0,3880.0,13.0,13.84,-0.22,-0.91,0.08,3.31,16.19,-13.7,532.0,TEST2RR,AKR_TEST2RR,0.0,1.0,1.0,100.0
328440,2,walk,walk,17279,,17279.0,20.0,0.0,1.0,6.0,20.61,-0.213,-0.049,-6.862,41.0,25.05,0.0,18.0,3880.0,13.0,15.14,-0.25,-0.91,0.08,1.72,17.8,-19.85,532.0,TEST2RR,AKR_TEST2RR,0.0,1.0,1.0,100.0
328440,2,walk,walk,17280,,17280.0,20.0,0.0,1.0,6.0,20.72,-0.212,0.013,-7.135,41.0,25.02,0.0,18.0,3880.0,13.0,16.34,-0.27,-0.92,0.07,0.23,18.63,-24.49,532.0,TEST2RR,AKR_TEST2RR,0.0,1.0,1.0,100.0
328460,2,walk,walk,17281,,17281.0,20.0,0.0,1.0,6.0,20.79,-0.213,-0.21,-6.698,41.0,25.09,0.0,18.0,3880.0,13.0,17.28,-0.29,-0.94,0.07,-1.03,18.69,-27.34,532.0,TEST2RR,AKR_TEST2RR,0.0,1.0,1.0,100.0
328500,2,walk,walk,17282,,17282.0,20.0,0.0,1.0,6.0,20.81,-0.218,-0.366,-6.287,41.0,25.16,0.0,18.0,3880.0,13.0,17.89,-0.31,-0.97,0.07,-1.98,18.04,-28.37,532.0,TEST2RR,AKR_TEST2RR,0.0,1.0,1.0,100.0
328500,2,walk,walk,17283,,17283.0,20.0,0.0,3.0,7.0,20.78,-0.222,-0.369,-6.124,41.0,25.19,0.0,18.0,3880.0,13.0,18.14,-0.32,-0.99,0.06,-2.61,16.84,-27.67,532.0,TEST2RR,AKR_TEST2RR,0.0,1.0,1.0,100.0
328520,2,walk,walk,17284,,17284.0,20.0,0.0,3.0,7.0,20.69,-0.227,-0.214,-6.063,41.0,25.19,0.0,19.0,3880.0,13.0,18.06,-0.33,-1.01,0.06,-2.92,15.29,-25.48,532.0,TEST2RR,AKR_TEST2RR,0.0,1.0,1.0,100.0
328540,2,walk,walk,17285,,17285.0,20.0,0.0,3.0,7.0,20.55,-0.227,-0.005,-6.429,41.0,25.12,0.0,19.0,3880.0,13.0,17.71,-0.33,-1.03,0.06,-2.94,13.61,-22.1,532.0,TEST2RR,AKR_TEST2RR,0.0,1.0,1.0,100.0
328580,2,walk,walk,17286,,17286.0,20.0,0.0,3.0,7.0,20.37,-0.226,0.08,-6.46,41.0,25.16,0.0,19.0,3880.0,13.0,17.19,-0.33,-1.06,0.06,-2.75,11.9,-17.92,532.0,TEST2RR,AKR_TEST2RR,0.0,1.0,1.0,100.0
328600,2,walk,walk,17287,,17287.0,20.0,0.0,3.0,7.0,20.14,-0.219,0.681,-6.681,41.0,25.19,0.0,19.0,3880.0,13.0,16.58,-0.32,-1.07,0.05,-2.41,10.26,-13.39,532.0,TEST2RR,AKR_TEST2RR,0.0,1.0,1.0,100.0
328620,2,walk,walk,17288,,17288.0,20.0,0.0,3.0,7.0,19.89,-0.208,0.571,-5.816,41.0,25.4,0.0,19.0,3880.0,13.0,15.95,-0.31,-1.09,0.05,-1.97,8.67,-8.97,532.0,TEST2RR,AKR_TEST2RR,0.0,1.0,1.0,100.0
328620,2,walk,walk,17289,,17289.0,20.0,1.0,3.0,7.0,19.6,-0.195,1.074,-4.942,41.0,25.58,0.0,20.0,3880.0,13.0,15.32,-0.3,-1.1,0.05,-1.5,7.07,-5.09,532.0,TEST2RR,AKR_TEST2RR,0.0,1.0,1.0,100.0
328640,2,walk,walk,17290,,17290.0,20.0,0.0,0.0,1.0,19.3,-0.174,1.4,-3.882,41.0,25.76,0.0,19.0,3880.0,13.0,14.69,-0.29,-1.1,0.05,-1.07,5.37,-2.22,532.0,TEST2RR,AKR_TEST2RR,0.0,1.0,1.0,100.0
328660,2,walk,walk,17291,,17291.0,20.0,0.0,0.0,1.0,18.99,-0.141,2.498,-2.665,41.0,25.76,0.0,19.0,3880.0,13.0,13.98,-0.28,-1.11,0.04,-0.85,3.51,-1.58,532.0,TEST2RR,AKR_TEST2RR,0.0,1.0,1.0,100.0
328680,2,walk,walk,17292,,17292.0,20.0,0.0,0.0,1.0,18.69,-0.141,2.498,-2.665,41.0,25.76,0.0,39.0,3880.0,13.0,13.14,-0.26,-1.1,0.04,-0.92,1.51,-3.96,532.0,TEST2RR,AKR_TEST2RR,0.0,1.0,1.0,100.0
328700,2,walk,walk,17293,,17293.0,20.0,0.0,0.0,1.0,18.38,-0.141,2.498,-2.665,41.0,25.76,0.0,59.0,3880.0,13.0,12.27,-0.24,-1.1,0.03,-1.28,-0.47,-9.08,532.0,TEST2RR,AKR_TEST2RR,0.0,1.0,1.0,100.0
328740,2,walk,walk,17294,,17294.0,20.0,0.0,0.0,1.0,18.09,-0.141,2.498,-2.665,41.0,25.76,0.0,79.0,3880.0,13.0,11.51,-0.22,-1.09,0.03,-1.93,-2.17,-15.75,532.0,TEST2RR,AKR_TEST2RR,0.0,1.0,1.0,100.0
328740,2,walk,walk,17295,,17295.0,20.0,1.0,0.0,1.0,17.8,0.199,-32.768,0.0,41.0,25.97,0.0,18.0,3880.0,13.0,10.97,-0.21,-1.07,0.02,-2.94,-3.35,-22.76,532.0,TEST2RR,AKR_TEST2RR,0.0,1.0,1.0,100.0
328780,2,walk,walk,17296,,17296.0,20.0,1.0,0.0,1.0,17.52,0.178,-1.3,0.0,41.0,25.93,0.0,18.0,3880.0,13.0,10.68,-0.2,-1.05,0.02,-4.48,-3.96,-29.37,532.0,TEST2RR,AKR_TEST2RR,0.0,1.0,1.0,100.0
328780,2,walk,walk,17297,,17297.0,20.0,1.0,0.0,1.0,17.23,0.169,-0.037,0.0,41.0,25.93,0.0,18.0,3880.0,13.0,10.66,-0.19,-1.03,0.01,-6.63,-4.16,-35.25,532.0,TEST2RR,AKR_TEST2RR,0.0,1.0,1.0,100.0
328800,2,walk,walk,17298,,17298.0,20.0,1.0,0.0,1.0,16.93,0.171,0.148,0.0,41.0,25.93,0.0,18.0,3880.0,13.0,10.96,-0.19,-1.0,0.0,-9.4,-4.44,-40.3,532.0,TEST2RR,AKR_TEST2RR,0.0,1.0,1.0,100.0
328820,2,walk,walk,17299,,17299.0,20.0,1.0,0.0,1.0,16.6,0.174,0.12,0.0,41.0,25.93,0.0,18.0,3880.0,13.0,11.63,-0.2,-0.97,-0.01,-12.64,-5.49,-44.47,532.0,TEST2RR,AKR_TEST2RR,0.0,1.0,1.0,100.0
328840,2,walk,walk,17300,,17300.0,20.0,1.0,0.0,1.0,16.25,0.175,-0.019,0.0,41.0,25.93,0.0,18.0,3880.0,13.0,12.7,-0.21,-0.95,-0.02,-16.07,-7.89,-47.83,532.0,TEST2RR,AKR_TEST2RR,0.0,1.0,1.0,100.0
328860,2,walk,walk,17301,,17301.0,20.0,1.0,0.0,1.0,15.86,0.159,-2.059,0.0,41.0,25.93,0.0,18.0,3880.0,13.0,14.1,-0.23,-0.93,-0.02,-19.38,-11.94,-50.4,532.0,TEST2RR,AKR_TEST2RR,0.0,1.0,1.0,100.0
328880,2,walk,walk,17302,,17302.0,20.0,1.0,0.0,1.0,15.44,0.12,-2.884,0.0,41.0,25.93,0.0,18.0,3880.0,13.0,15.6,-0.25,-0.91,-0.03,-22.4,-17.53,-52.11,532.0,TEST2RR,AKR_TEST2RR,0.0,1.0,1.0,100.0
328920,2,walk,walk,17303,,17303.0,20.0,1.0,6.0,2.0,14.96,0.074,-2.47,0.0,41.0,25.93,0.0,18.0,3880.0,13.0,16.56,-0.27,-0.9,-0.04,-24.9,-24.05,-53.28,532.0,TEST2RR,AKR_TEST2RR,0.0,1.0,1.0,100.0
328920,2,walk,walk,17304,,17304.0,20.0,0.0,6.0,2.0,14.45,0.085,3.163,-0.406,41.0,25.86,0.0,18.0,3880.0,13.0,16.51,-0.27,-0.9,-0.04,-26.7,-30.59,-53.52,532.0,TEST2RR,AKR_TEST2RR,0.0,1.0,1.0,100.0
328940,2,walk,walk,17305,,17305.0,20.0,0.0,6.0,2.0,13.89,0.067,-1.789,-2.981,41.0,25.65,0.0,18.0,3880.0,13.0,15.38,-0.25,-0.92,-0.04,-27.66,-36.12,-52.37,532.0,TEST2RR,AKR_TEST2RR,0.0,1.0,1.0,100.0
328960,2,walk,walk,17306,,17306.0,20.0,0.0,6.0,2.0,13.28,0.045,-0.996,-3.101,41.0,25.69,0.0,18.0,3880.0,13.0,13.45,-0.22,-0.94,-0.03,-27.84,-40.14,-49.81,532.0,TEST2RR,AKR_TEST2RR,0.0,1.0,1.0,100.0
328980,2,walk,walk,17307,,17307.0,20.0,0.0,6.0,2.0,12.64,0.036,-0.409,-3.422,41.0,25.65,0.0,18.0,3880.0,13.0,11.07,-0.19,-0.96,-0.03,-27.35,-42.5,-46.03,532.0,TEST2RR,AKR_TEST2RR,0.0,1.0,1.0,100.0
329020,2,walk,walk,17308,,17308.0,20.0,1.0,6.0,2.0,11.97,0.032,-0.166,-3.445,41.0,25.65,0.0,19.0,3880.0,13.0,8.57,-0.15,-0.99,-0.02,-26.3,-43.28,-41.28,532.0,TEST2RR,AKR_TEST2RR,0.0,1.0,1.0,100.0
329040,2,walk,walk,17309,,17309.0,20.0,0.0,6.0,2.0,11.27,0.027,-0.473,-3.007,41.0,25.72,0.0,18.0,3880.0,13.0,6.19,-0.11,-1.01,-0.02,-24.8,-42.68,-35.88,532.0,TEST2RR,AKR_TEST2RR,0.0,1.0,1.0,100.0
329060,2,walk,walk,17310,,17310.0,20.0,0.0,6.0,2.0,10.56,0.023,-0.201,-2.784,41.0,25.76,0.0,18.0,3880.0,13.0,4.1,-0.07,-1.03,-0.02,-22.94,-41.01,-30.18,533.0,TEST2RR,AKR_TEST2RR,0.0,1.0,1.0,100.0
329060,2,walk,walk,17311,,17311.0,20.0,1.0,6.0,2.0,9.83,0.021,-0.162,-2.622,41.0,25.79,0.0,19.0,3880.0,13.0,2.37,-0.04,-1.05,-0.02,-20.8,-38.55,-24.51,533.0,TEST2RR,AKR_TEST2RR,0.0,1.0,1.0,100.0
329100,2,walk,walk,17312,,17312.0,20.0,1.0,6.0,2.0,9.09,0.02,-0.045,-2.47,41.0,25.79,0.0,19.0,3880.0,13.0,1.03,-0.02,-1.06,-0.03,-18.46,-35.55,-19.17,533.0,TEST2RR,AKR_TEST2RR,0.0,1.0,1.0,100.0
329100,2,walk,walk,17313,,17313.0,20.0,1.0,6.0,2.0,8.37,0.019,-0.009,-2.383,41.0,25.83,0.0,19.0,3880.0,13.0,0.05,0.0,-1.07,-0.04,-16.02,-32.24,-14.35,533.0,TEST2RR,AKR_TEST2RR,0.0,1.0,1.0,100.0
329120,2,walk,walk,17314,,17314.0,20.0,1.0,6.0,2.0,7.65,0.019,-0.03,-2.391,41.0,25.83,0.0,19.0,3880.0,13.0,-0.61,0.01,-1.07,-0.04,-13.57,-28.8,-10.21,533.0,TEST2RR,AKR_TEST2RR,0.0,1.0,1.0,100.0
329140,2,walk,walk,17315,,17315.0,20.0,1.0,6.0,2.0,6.95,0.019,-0.041,-2.42,41.0,25.83,0.0,19.0,3880.0,13.0,-1.0,0.02,-1.07,-0.05,-11.23,-25.37,-6.78,533.0,TEST2RR,AKR_TEST2RR,0.0,1.0,1.0,100.0
329180,2,walk,walk,17316,,17316.0,20.0,1.0,6.0,2.0,6.29,0.019,0.033,-2.419,41.0,25.83,0.0,19.0,3880.0,13.0,-1.2,0.02,-1.07,-0.06,-9.09,-22.04,-4.05,533.0,TEST2RR,AKR_TEST2RR,0.0,1.0,1.0,100.0
329200,2,walk,walk,17317,,17317.0,20.0,1.0,6.0,2.0,5.66,0.019,0.06,-2.422,41.0,25.83,0.0,19.0,3880.0,13.0,-1.24,0.02,-1.06,-0.06,-7.2,-18.92,-1.95,533.0,TEST2RR,AKR_TEST2RR,0.0,1.0,1.0,100.0
329220,2,walk,walk,17318,,17318.0,20.0,1.0,6.0,2.0,5.06,0.02,-0.006,-2.412,41.0,25.83,0.0,19.0,3880.0,13.0,-1.18,0.02,-1.06,-0.07,-5.63,-16.04,-0.39,533.0,TEST2RR,AKR_TEST2RR,0.0,1.0,1.0,100.0
329240,2,walk,walk,17319,,17319.0,20.0,1.0,6.0,2.0,4.52,0.02,0.001,-2.437,41.0,25.83,0.0,19.0,3880.0,13.0,-1.05,0.02,-1.05,-0.07,-4.38,-13.45,0.72,533.0,TEST2RR,AKR_TEST2RR,0.0,1.0,1.0,100.0
329240,2,walk,walk,17320,,17320.0,20.0,1.0,6.0,2.0,4.01,0.02,-0.014,-2.456,41.0,25.83,0.0,19.0,3880.0,13.0,-0.87,0.02,-1.05,-0.07,-3.45,-11.15,1.47,533.0,TEST2RR,AKR_TEST2RR,0.0,1.0,1.0,100.0
329260,2,walk,walk,17321,,17321.0,20.0,1.0,6.0,2.0,3.56,0.02,-0.022,-2.452,41.0,25.83,0.0,19.0,3880.0,13.0,-0.68,0.01,-1.04,-0.08,-2.81,-9.14,1.92,533.0,TEST2RR,AKR_TEST2RR,0.0,1.0,1.0,100.0
329280,2,walk,walk,17322,,17322.0,20.0,1.0,6.0,2.0,3.15,0.02,0.053,-2.451,41.0,25.83,0.0,19.0,3880.0,13.0,-0.47,0.01,-1.04,-0.08,-2.43,-7.4,2.14,533.0,TEST2RR,AKR_TEST2RR,0.0,1.0,1.0,100.0
329300,2,walk,walk,17323,,17323.0,20.0,1.0,6.0,2.0,2.79,0.02,-0.044,-2.441,41.0,25.79,0.0,19.0,3880.0,13.0,-0.27,0.0,-1.03,-0.08,-2.24,-5.91,2.18,533.0,TEST2RR,AKR_TEST2RR,0.0,1.0,1.0,100.0
329320,2,walk,walk,17324,,17324.0,20.0,1.0,6.0,2.0,2.48,0.02,0.005,-2.482,41.0,25.83,0.0,19.0,3880.0,13.0,-0.09,0.0,-1.03,-0.08,-2.17,-4.65,2.1,533.0,TEST2RR,AKR_TEST2RR,0.0,1.0,1.0,100.0
329340,2,walk,walk,17325,,17325.0,20.0,1.0,6.0,2.0,2.21,0.02,-0.009,-2.47,41.0,25.79,0.0,19.0,3880.0,13.0,0.07,0.0,-1.03,-0.09,-2.16,-3.6,1.95,533.0,TEST2RR,AKR_TEST2RR,0.0,1.0,1.0,100.0
329400,2,walk,walk,17326,,17326.0,20.0,1.0,6.0,2.0,1.97,0.02,-0.048,-2.443,41.0,25.83,0.0,19.0,3880.0,13.0,0.2,0.0,-1.03,-0.09,-2.15,-2.74,1.8,533.0,TEST2RR,AKR_TEST2RR,0.0,1.0,1.0,100.0
329400,2,walk,walk,17327,,17327.0,20.0,1.0,6.0,2.0,1.77,0.019,0.017,-2.373,41.0,25.83,0.0,19.0,3880.0,13.0,0.3,-0.01,-1.02,-0.09,-2.09,-2.06,1.7,533.0,TEST2RR,AKR_TEST2RR,0.0,1.0,1.0,100.0
329400,2,walk,walk,17328,,17328.0,20.0,1.0,6.0,2.0,1.61,0.019,-0.097,-2.27,41.0,25.83,0.0,19.0,3880.0,13.0,0.36,-0.01,-1.02,-0.1,-1.93,-1.54,1.67,533.0,TEST2RR,AKR_TEST2RR,0.0,1.0,1.0,100.0
329420,2,walk,walk,17329,,17329.0,20.0,1.0,6.0,2.0,1.47,0.017,-0.093,-2.031,41.0,25.83,0.0,19.0,3880.0,13.0,0.41,-0.01,-1.02,-0.1,-1.66,-1.15,1.76,533.0,TEST2RR,AKR_TEST2RR,0.0,1.0,1.0,100.0
329440,2,walk,walk,17330,,17330.0,20.0,1.0,6.0,2.0,1.36,0.016,-0.103,-1.88,41.0,25.86,0.0,19.0,3880.0,13.0,0.43,-0.01,-1.02,-0.1,-1.27,-0.89,1.97,533.0,TEST2RR,AKR_TEST2RR,0.0,1.0,1.0,100.0
329460,2,walk,walk,17331,,17331.0,20.0,1.0,6.0,2.0,1.27,0.014,-0.148,-1.696,41.0,25.86,0.0,19.0,3880.0,13.0,0.45,-0.01,-1.02,-0.11,-0.79,-0.72,2.29,533.0,TEST2RR,AKR_TEST2RR,0.0,1.0,1.0,100.0
329480,2,walk,walk,17332,,17332.0,20.0,1.0,6.0,2.0,1.2,0.012,-0.13,-1.423,41.0,25.86,0.0,19.0,3880.0,13.0,0.47,-0.01,-1.02,-0.11,-0.23,-0.64,2.73,533.0,TEST2RR,AKR_TEST2RR,0.0,1.0,1.0,100.0
329500,2,walk,walk,17333,,17333.0,20.0,1.0,6.0,2.0,1.14,0.01,-0.186,-1.21,41.0,25.9,0.0,19.0,3880.0,13.0,0.51,-0.01,-1.02,-0.11,0.36,-0.64,3.26,533.0,TEST2RR,AKR_TEST2RR,0.0,1.0,1.0,100.0
329540,2,walk,walk,17334,,17334.0,20.0,1.0,6.0,2.0,1.1,0.008,-0.163,-0.968,41.0,25.9,0.0,19.0,3880.0,13.0,0.56,-0.01,-1.02,-0.11,0.95,-0.68,3.82,533.0,TEST2RR,AKR_TEST2RR,0.0,1.0,1.0,100.0
329560,2,walk,walk,17335,,17335.0,20.0,1.0,6.0,2.0,1.08,0.006,-0.087,-0.73,41.0,25.9,0.0,19.0,3880.0,13.0,0.63,-0.01,-1.02,-0.11,1.5,-0.76,4.39,533.0,TEST2RR,AKR_TEST2RR,0.0,1.0,1.0,100.0
329560,2,walk,walk,17336,,17336.0,20.0,1.0,6.0,2.0,1.06,0.005,-0.068,-0.531,41.0,25.93,0.0,19.0,3880.0,13.0,0.73,-0.01,-1.02,-0.11,2.01,-0.86,4.92,533.0,TEST2RR,AKR_TEST2RR,0.0,1.0,1.0,100.0
329580,2,walk,walk,17337,,17337.0,20.0,1.0,6.0,2.0,1.06,0.004,-0.079,-0.442,41.0,25.9,0.0,19.0,3880.0,13.0,0.85,-0.02,-1.02,-0.11,2.44,-0.97,5.36,533.0,TEST2RR,AKR_TEST2RR,0.0,1.0,1.0,100.0
329620,2,walk,walk,17338,,17338.0,20.0,1.0,6.0,2.0,1.06,0.003,-0.054,-0.35,41.0,25.9,0.0,19.0,3880.0,13.0,0.97,-0.02,-1.02,-0.11,2.82,-1.08,5.7,533.0,TEST2RR,AKR_TEST2RR,0.0,1.0,1.0,100.0
329620,2,walk,walk,17339,,17339.0,20.0,1.0,6.0,2.0,1.08,0.002,-0.032,-0.209,41.0,25.93,0.0,19.0,3880.0,13.0,1.1,-0.02,-1.02,-0.11,3.13,-1.17,5.93,533.0,TEST2RR,AKR_TEST2RR,0.0,1.0,1.0,100.0
329640,2,walk,walk,17340,,17340.0,20.0,1.0,6.0,2.0,1.11,0.001,-0.077,-0.009,41.0,25.9,0.0,19.0,3880.0,13.0,1.22,-0.02,-1.02,-0.11,3.4,-1.23,6.08,533.0,TEST2RR,AKR_TEST2RR,0.0,1.0,1.0,100.0
329680,2,walk,walk,17341,,17341.0,20.0,1.0,6.0,2.0,1.14,0.0,-0.048,0.056,41.0,25.9,0.0,19.0,3880.0,13.0,1.33,-0.02,-1.01,-0.11,3.65,-1.27,6.21,533.0,TEST2RR,AKR_TEST2RR,0.0,1.0,1.0,100.0
329700,2,walk,walk,17342,,17342.0,20.0,1.0,6.0,2.0,1.19,-0.001,-0.112,0.191,41.0,25.93,0.0,19.0,3880.0,13.0,1.44,-0.03,-1.01,-0.11,3.87,-1.28,6.35,533.0,TEST2RR,AKR_TEST2RR,0.0,1.0,1.0,100.0
329720,2,walk,walk,17343,,17343.0,20.0,1.0,6.0,2.0,1.24,-0.002,-0.108,0.358,41.0,25.9,0.0,19.0,3880.0,13.0,1.55,-0.03,-1.01,-0.11,4.05,-1.26,6.49,533.0,TEST2RR,AKR_TEST2RR,0.0,1.0,1.0,100.0
329720,2,walk,walk,17344,,17344.0,20.0,1.0,6.0,2.0,1.3,-0.003,0.038,0.452,41.0,25.9,0.0,19.0,3880.0,13.0,1.67,-0.03,-1.01,-0.11,4.19,-1.23,6.62,533.0,TEST2RR,AKR_TEST2RR,0.0,1.0,1.0,100.0
329760,2,walk,walk,17345,,17345.0,20.0,1.0,6.0,2.0,1.36,-0.004,-0.023,0.524,41.0,25.9,0.0,19.0,3880.0,13.0,1.81,-0.03,-1.01,-0.11,4.26,-1.17,6.69,533.0,TEST2RR,AKR_TEST2RR,0.0,1.0,1.0,100.0
329780,2,walk,walk,17346,,17346.0,20.0,1.0,6.0,2.0,1.44,-0.004,-0.066,0.402,41.0,25.9,0.0,19.0,3880.0,13.0,1.96,-0.03,-1.01,-0.1,4.25,-1.07,6.65,533.0,TEST2RR,AKR_TEST2RR,0.0,1.0,1.0,100.0
329800,2,walk,walk,17347,,17347.0,20.0,1.0,6.0,2.0,1.52,-0.004,0.123,0.347,41.0,25.9,0.0,19.0,3880.0,13.0,2.14,-0.04,-1.01,-0.1,4.17,-0.9,6.43,533.0,TEST2RR,AKR_TEST2RR,0.0,1.0,1.0,100.0
329800,2,walk,walk,17348,,17348.0,20.0,1.0,6.0,2.0,1.6,-0.003,-0.022,0.189,41.0,25.93,0.0,19.0,3880.0,13.0,2.34,-0.04,-1.01,-0.1,4.0,-0.67,5.93,533.0,TEST2RR,AKR_TEST2RR,0.0,1.0,1.0,100.0
329820,2,walk,walk,17349,,17349.0,20.0,1.0,6.0,2.0,1.69,-0.001,0.101,-0.137,41.0,25.9,0.0,19.0,3880.0,13.0,2.55,-0.05,-1.01,-0.1,3.73,-0.33,5.06,533.0,TEST2RR,AKR_TEST2RR,0.0,1.0,1.0,100.0
329880,2,walk,walk,17350,,17350.0,20.0,1.0,6.0,2.0,1.79,0.002,0.238,-0.524,41.0,25.9,0.0,19.0,3880.0,13.0,2.75,-0.05,-1.01,-0.09,3.32,0.1,3.82,533.0,TEST2RR,AKR_TEST2RR,0.0,1.0,1.0,100.0
329880,2,walk,walk,17351,,17351.0,20.0,1.0,6.0,2.0,1.88,0.005,0.195,-0.945,41.0,25.9,0.0,19.0,3880.0,13.0,2.91,-0.05,-1.01,-0.09,2.76,0.63,2.28,533.0,TEST2RR,AKR_TEST2RR,0.0,1.0,1.0,100.0
329880,2,walk,walk,17352,,17352.0,20.0,1.0,6.0,2.0,1.98,0.008,0.199,-1.327,41.0,25.9,0.0,19.0,3880.0,13.0,3.0,-0.05,-1.01,-0.09,2.09,1.2,0.54,533.0,TEST2RR,AKR_TEST2RR,0.0,1.0,1.0,100.0
329920,2,walk,walk,17353,,17353.0,20.0,1.0,6.0,2.0,2.08,0.012,0.187,-1.683,41.0,25.86,0.0,19.0,3880.0,13.0,3.01,-0.05,-1.01,-0.09,1.35,1.75,-1.27,533.0,TEST2RR,AKR_TEST2RR,0.0,1.0,1.0,100.0
329920,2,walk,walk,17354,,17354.0,20.0,1.0,6.0,2.0,2.17,0.014,0.138,-1.805,41.0,25.86,0.0,19.0,3880.0,13.0,2.93,-0.05,-1.01,-0.09,0.65,2.24,-2.98,533.0,TEST2RR,AKR_TEST2RR,0.0,1.0,1.0,100.0
329940,2,walk,walk,17355,,17355.0,20.0,1.0,6.0,2.0,2.26,0.014,-0.014,-1.781,41.0,25.86,0.0,19.0,3880.0,13.0,2.77,-0.05,-1.01,-0.09,0.11,2.63,-4.44,533.0,TEST2RR,AKR_TEST2RR,0.0,1.0,1.0,100.0
329980,2,walk,walk,17356,,17356.0,20.0,1.0,6.0,2.0,2.34,0.014,-0.018,-1.745,41.0,25.86,0.0,19.0,3880.0,13.0,2.55,-0.05,-1.01,-0.1,-0.17,2.9,-5.53,533.0,TEST2RR,AKR_TEST2RR,0.0,1.0,1.0,100.0
329980,2,walk,walk,17357,,17357.0,20.0,1.0,6.0,2.0,2.41,0.014,0.003,-1.666,41.0,25.86,0.0,19.0,3880.0,13.0,2.28,-0.04,-1.01,-0.1,-0.13,3.03,-6.2,533.0,TEST2RR,AKR_TEST2RR,0.0,1.0,1.0,100.0
330020,2,walk,walk,17358,,17358.0,20.0,1.0,6.0,2.0,2.47,0.012,-0.174,-1.482,41.0,25.86,0.0,19.0,3880.0,13.0,2.0,-0.04,-1.02,-0.1,0.27,3.02,-6.4,533.0,TEST2RR,AKR_TEST2RR,0.0,1.0,1.0,100.0
330040,2,walk,walk,17359,,17359.0,20.0,1.0,6.0,2.0,2.51,0.01,-0.155,-1.199,41.0,25.9,0.0,19.0,3880.0,13.0,1.7,-0.03,-1.02,-0.11,0.99,2.86,-6.14,533.0,TEST2RR,AKR_TEST2RR,0.0,1.0,1.0,100.0
330040,2,walk,walk,17360,,17360.0,20.0,1.0,6.0,2.0,2.53,0.007,-0.322,-0.681,41.0,25.9,0.0,19.0,3880.0,13.0,1.4,-0.03,-1.02,-0.11,2.0,2.55,-5.39,533.0,TEST2RR,AKR_TEST2RR,0.0,1.0,1.0,100.0
330060,2,walk,walk,17361,,17361.0,20.0,1.0,6.0,2.0,2.54,0.003,-0.236,0.004,41.0,25.9,0.0,19.0,3880.0,13.0,1.11,-0.02,-1.02,-0.11,3.23,2.1,-4.14,533.0,TEST2RR,AKR_TEST2RR,0.0,1.0,1.0,100.0
330100,2,walk,walk,17362,,17362.0,20.0,1.0,6.0,2.0,2.54,-0.001,-0.214,0.48,41.0,25.9,0.0,19.0,3880.0,13.0,0.85,-0.02,-1.03,-0.11,4.62,1.49,-2.36,533.0,TEST2RR,AKR_TEST2RR,0.0,1.0,1.0,100.0
330100,2,walk,walk,17363,,17363.0,20.0,1.0,6.0,2.0,2.52,-0.004,-0.252,0.902,41.0,25.9,0.0,19.0,3880.0,13.0,0.65,-0.01,-1.03,-0.12,6.13,0.78,-0.16,533.0,TEST2RR,AKR_TEST2RR,0.0,1.0,1.0,100.0
330120,2,walk,walk,17364,,17364.0,20.0,1.0,6.0,2.0,2.49,-0.007,-0.174,0.931,41.0,25.9,0.0,19.0,3880.0,13.0,0.56,-0.01,-1.03,-0.11,7.7,0.02,2.22,533.0,TEST2RR,AKR_TEST2RR,0.0,1.0,1.0,100.0
330140,2,walk,walk,17365,,17365.0,20.0,1.0,6.0,2.0,2.46,-0.007,-0.029,0.847,41.0,25.9,0.0,19.0,3880.0,13.0,0.6,-0.01,-1.03,-0.11,9.26,-0.68,4.5,533.0,TEST2RR,AKR_TEST2RR,0.0,1.0,1.0,100.0
330180,2,walk,walk,17366,,17366.0,20.0,1.0,6.0,2.0,2.42,-0.007,0.058,0.784,41.0,25.9,0.0,19.0,3880.0,13.0,0.76,-0.01,-1.03,-0.11,10.76,-1.26,6.47,534.0,TEST2RR,AKR_TEST2RR,0.0,1.0,1.0,100.0
330180,2,walk,walk,17367,,17367.0,20.0,1.0,6.0,2.0,2.37,-0.006,0.05,0.677,41.0,25.9,0.0,18.0,3880.0,13.0,1.03,-0.02,-1.03,-0.1,12.13,-1.63,7.94,534.0,TEST2RR,AKR_TEST2RR,0.0,1.0,1.0,100.0
330220,2,walk,walk,17368,,17368.0,20.0,2.0,6.0,2.0,2.34,-0.005,0.205,0.316,41.0,25.93,0.0,19.0,3880.0,13.0,1.38,-0.02,-1.03,-0.1,13.3,-1.77,8.79,534.0,TEST2RR,AKR_TEST2RR,0.0,1.0,1.0,100.0
330220,2,walk,walk,17369,,17369.0,20.0,2.0,6.0,2.0,2.31,-0.003,0.17,0.04,41.0,25.9,0.0,19.0,3880.0,13.0,1.77,-0.03,-1.02,-0.09,14.24,-1.69,8.94,534.0,TEST2RR,AKR_TEST2RR,0.0,1.0,1.0,100.0
330240,2,walk,walk,17370,,17370.0,20.0,2.0,6.0,2.0,2.29,0.0,0.287,-0.439,41.0,25.93,0.0,19.0,3880.0,13.0,2.17,-0.04,-1.02,-0.08,14.91,-1.43,8.42,534.0,TEST2RR,AKR_TEST2RR,0.0,1.0,1.0,100.0
330260,2,walk,walk,17371,,17371.0,20.0,1.0,6.0,2.0,2.28,0.003,0.249,-0.772,41.0,25.9,0.0,18.0,3880.0,13.0,2.54,-0.05,-1.02,-0.07,15.32,-1.01,7.32,534.0,TEST2RR,AKR_TEST2RR,0.0,1.0,1.0,100.0
330280,2,walk,walk,17372,,17372.0,20.0,1.0,6.0,2.0,2.29,0.007,0.245,-1.149,41.0,25.9,0.0,18.0,3880.0,13.0,2.85,-0.05,-1.02,-0.07,15.47,-0.49,5.74,534.0,TEST2RR,AKR_TEST2RR,0.0,1.0,1.0,100.0
330300,2,walk,walk,17373,,17373.0,20.0,1.0,6.0,2.0,2.31,0.011,0.293,-1.696,41.0,25.9,0.0,18.0,3880.0,13.0,3.1,-0.05,-1.01,-0.06,15.39,0.09,3.81,534.0,TEST2RR,AKR_TEST2RR,0.0,1.0,1.0,100.0
330320,2,walk,walk,17374,,17374.0,20.0,1.0,6.0,2.0,2.34,0.015,0.211,-1.974,41.0,25.86,0.0,18.0,3880.0,13.0,3.27,-0.06,-1.01,-0.05,15.08,0.69,1.67,534.0,TEST2RR,AKR_TEST2RR,0.0,1.0,1.0,100.0
330360,2,walk,walk,17375,,17375.0,20.0,1.0,6.0,2.0,2.38,0.017,0.112,-2.34,41.0,25.83,0.0,18.0,3880.0,13.0,3.37,-0.06,-1.01,-0.04,14.57,1.26,-0.53,534.0,TEST2RR,AKR_TEST2RR,0.0,1.0,1.0,100.0
330360,2,walk,walk,17376,,17376.0,20.0,1.0,6.0,2.0,2.43,0.019,-0.025,-2.304,41.0,25.83,0.0,18.0,3880.0,13.0,3.42,-0.06,-1.01,-0.04,13.89,1.69,-2.66,534.0,TEST2RR,AKR_TEST2RR,0.0,1.0,1.0,100.0
330400,2,walk,walk,17377,,17377.0,20.0,1.0,6.0,2.0,2.49,0.018,-0.022,-2.151,41.0,25.83,0.0,18.0,3880.0,13.0,3.43,-0.06,-1.01,-0.03,13.06,1.83,-4.61,534.0,TEST2RR,AKR_TEST2RR,0.0,1.0,1.0,100.0
330420,2,walk,walk,17378,,17378.0,20.0,1.0,6.0,2.0,2.54,0.016,-0.28,-1.798,41.0,25.86,0.0,18.0,3880.0,13.0,3.43,-0.06,-1.01,-0.03,12.13,1.54,-6.29,534.0,TEST2RR,AKR_TEST2RR,0.0,1.0,1.0,100.0
330420,2,walk,walk,17379,,17379.0,20.0,1.0,6.0,2.0,2.59,0.012,-0.358,-1.205,41.0,25.9,0.0,18.0,3880.0,13.0,3.43,-0.06,-1.02,-0.03,11.14,0.58,-7.62,534.0,TEST2RR,AKR_TEST2RR,0.0,1.0,1.0,100.0
330440,2,walk,walk,17380,,17380.0,20.0,1.0,6.0,2.0,2.64,0.006,-0.361,-0.578,41.0,25.9,0.0,18.0,3880.0,13.0,3.48,-0.06,-1.02,-0.02,10.14,-1.3,-8.55,534.0,TEST2RR,AKR_TEST2RR,0.0,1.0,1.0,100.0
330460,2,walk,walk,17381,,17381.0,20.0,1.0,6.0,2.0,2.67,0.002,-0.139,-0.125,41.0,25.9,0.0,18.0,3880.0,13.0,3.64,-0.07,-1.02,-0.02,9.17,-4.38,-9.05,534.0,TEST2RR,AKR_TEST2RR,0.0,1.0,1.0,100.0
330500,2,walk,walk,17382,,17382.0,20.0,1.0,6.0,2.0,2.69,0.001,-0.13,0.094,41.0,25.9,0.0,18.0,3880.0,13.0,3.99,-0.07,-1.03,-0.03,8.17,-8.91,-9.02,534.0,TEST2RR,AKR_TEST2RR,0.0,1.0,1.0,100.0
330520,2,walk,walk,17383,,17383.0,20.0,1.0,6.0,2.0,2.7,-0.001,-0.065,0.27,41.0,25.9,0.0,18.0,3880.0,13.0,4.59,-0.08,-1.03,-0.03,7.07,-14.99,-8.32,534.0,TEST2RR,AKR_TEST2RR,0.0,1.0,1.0,100.0
330520,2,walk,walk,17384,,17384.0,20.0,1.0,6.0,2.0,2.69,-0.002,-0.014,0.343,41.0,25.9,0.0,18.0,3880.0,13.0,5.45,-0.1,-1.04,-0.04,5.9,-22.51,-6.87,534.0,TEST2RR,AKR_TEST2RR,0.0,1.0,1.0,100.0
330540,2,walk,walk,17385,,17385.0,20.0,1.0,6.0,2.0,2.67,-0.003,0.001,0.431,41.0,25.93,0.0,18.0,3880.0,13.0,6.53,-0.12,-1.04,-0.04,4.71,-31.13,-4.63,534.0,TEST2RR,AKR_TEST2RR,0.0,1.0,1.0,100.0
330560,2,walk,walk,17386,,17386.0,20.0,1.0,6.0,2.0,2.64,-0.004,-0.128,0.572,41.0,25.93,0.0,18.0,3880.0,13.0,7.74,-0.14,-1.05,-0.05,3.58,-40.41,-1.64,534.0,TEST2RR,AKR_TEST2RR,0.0,1.0,1.0,100.0
330580,2,walk,walk,17387,,17387.0,20.0,1.0,6.0,2.0,2.6,-0.004,-0.013,0.561,41.0,25.9,0.0,18.0,3880.0,13.0,8.99,-0.17,-1.05,-0.06,2.52,-49.83,1.99,534.0,TEST2RR,AKR_TEST2RR,0.0,1.0,1.0,100.0
330600,2,walk,walk,17388,,17388.0,20.0,1.0,6.0,2.0,2.57,-0.004,0.022,0.404,41.0,25.93,0.0,18.0,3880.0,13.0,10.17,-0.19,-1.04,-0.07,1.54,-58.8,6.1,534.0,TEST2RR,AKR_TEST2RR,0.0,1.0,1.0,100.0
330640,2,walk,walk,17389,,17389.0,20.0,1.0,6.0,2.0,2.53,-0.008,-0.498,1.43,41.0,25.9,0.0,18.0,3880.0,13.0,11.08,-0.2,-1.03,-0.07,0.64,-66.56,10.01,534.0,TEST2RR,AKR_TEST2RR,0.0,1.0,1.0,100.0
330660,2,walk,walk,17390,,17390.0,20.0,1.0,6.0,2.0,2.51,-0.012,-0.285,1.57,41.0,25.86,0.0,18.0,3880.0,13.0,11.4,-0.2,-1.01,-0.08,-0.26,-72.72,12.85,534.0,TEST2RR,AKR_TEST2RR,0.0,1.0,1.0,100.0
330680,2,walk,walk,17391,,17391.0,20.0,1.0,6.0,2.0,2.51,-0.016,-0.005,1.871,41.0,25.86,0.0,18.0,3880.0,13.0,10.82,-0.19,-1.0,-0.08,-1.19,-76.96,14.05,534.0,TEST2RR,AKR_TEST2RR,0.0,1.0,1.0,100.0
330720,2,walk,walk,17392,,17392.0,20.0,1.0,6.0,2.0,2.54,-0.01,0.339,0.967,41.0,25.9,0.0,18.0,3880.0,13.0,9.3,-0.16,-0.99,-0.08,-2.05,-79.02,13.82,534.0,TEST2RR,AKR_TEST2RR,0.0,1.0,1.0,100.0
330720,2,walk,walk,17393,,17393.0,20.0,1.0,6.0,2.0,2.59,-0.01,0.009,1.259,41.0,25.9,0.0,18.0,3880.0,13.0,7.12,-0.12,-0.98,-0.08,-2.81,-78.85,12.56,534.0,TEST2RR,AKR_TEST2RR,0.0,1.0,1.0,100.0
330720,2,walk,walk,17394,,17394.0,20.0,0.0,6.0,2.0,2.67,-0.01,0.052,1.121,41.0,25.9,0.0,17.0,3880.0,13.0,4.63,-0.08,-0.98,-0.08,-3.49,-76.68,10.67,534.0,TEST2RR,AKR_TEST2RR,0.0,1.0,1.0,100.0
330740,2,walk,walk,17395,,17395.0,20.0,1.0,6.0,2.0,2.78,-0.009,0.03,1.01,41.0,25.9,0.0,18.0,3880.0,13.0,2.18,-0.04,-0.98,-0.07,-4.14,-72.87,8.54,534.0,TEST2RR,AKR_TEST2RR,0.0,1.0,1.0,100.0
330760,2,walk,walk,17396,,17396.0,20.0,1.0,6.0,2.0,2.91,-0.009,-0.041,0.969,41.0,25.9,0.0,18.0,3880.0,13.0,0.03,0.0,-0.99,-0.06,-4.79,-67.86,6.46,534.0,TEST2RR,AKR_TEST2RR,0.0,1.0,1.0,100.0
330780,2,walk,walk,17397,,17397.0,20.0,1.0,6.0,2.0,3.06,-0.008,-0.025,1.017,41.0,25.9,0.0,18.0,3880.0,13.0,-1.66,0.03,-1.0,-0.06,-5.43,-62.08,4.62,534.0,TEST2RR,AKR_TEST2RR,0.0,1.0,1.0,100.0
330800,2,walk,walk,17398,,17398.0,20.0,1.0,6.0,2.0,3.22,-0.009,-0.033,0.993,41.0,25.9,0.0,18.0,3880.0,13.0,-2.84,0.05,-1.01,-0.05,-6.01,-55.9,3.1,534.0,TEST2RR,AKR_TEST2RR,0.0,1.0,1.0,100.0
330840,2,walk,walk,17399,,17399.0,20.0,1.0,6.0,2.0,3.38,-0.008,0.058,0.903,41.0,25.9,0.0,18.0,3880.0,13.0,-3.54,0.06,-1.01,-0.05,-6.46,-49.63,1.88,534.0,TEST2RR,AKR_TEST2RR,0.0,1.0,1.0,100.0
330840,2,walk,walk,17400,,17400.0,20.0,1.0,6.0,2.0,3.53,-0.007,0.061,0.826,41.0,25.9,0.0,18.0,3880.0,13.0,-3.82,0.07,-1.02,-0.05,-6.74,-43.5,0.92,534.0,TEST2RR,AKR_TEST2RR,0.0,1.0,1.0,100.0
330860,2,walk,walk,17401,,17401.0,20.0,1.0,6.0,2.0,3.68,-0.007,0.081,0.744,41.0,25.93,0.0,18.0,3880.0,13.0,-3.77,0.07,-1.02,-0.05,-6.82,-37.67,0.15,534.0,TEST2RR,AKR_TEST2RR,0.0,1.0,1.0,100.0
330880,2,walk,walk,17402,,17402.0,20.0,1.0,6.0,2.0,3.8,-0.006,0.096,0.602,41.0,25.93,0.0,18.0,3880.0,13.0,-3.46,0.06,-1.03,-0.05,-6.7,-32.23,-0.48,534.0,TEST2RR,AKR_TEST2RR,0.0,1.0,1.0,100.0
330940,2,walk,walk,17403,,17403.0,20.0,1.0,6.0,2.0,3.91,-0.006,0.065,0.548,41.0,25.93,0.0,18.0,3880.0,13.0,-2.98,0.05,-1.03,-0.05,-6.4,-27.25,-1.02,534.0,TEST2RR,AKR_TEST2RR,0.0,1.0,1.0,100.0
330940,2,walk,walk,17404,,17404.0,20.0,1.0,6.0,2.0,3.99,-0.005,-0.006,0.469,41.0,25.93,0.0,18.0,3880.0,13.0,-2.4,0.04,-1.03,-0.05,-5.96,-22.76,-1.5,534.0,TEST2RR,AKR_TEST2RR,0.0,1.0,1.0,100.0
330940,2,walk,walk,17405,,17405.0,20.0,1.0,6.0,2.0,4.05,-0.004,-0.04,0.348,41.0,25.9,0.0,18.0,3880.0,13.0,-1.78,0.03,-1.03,-0.05,-5.44,-18.77,-1.91,534.0,TEST2RR,AKR_TEST2RR,0.0,1.0,1.0,100.0
330960,2,walk,walk,17406,,17406.0,20.0,1.0,6.0,2.0,4.09,-0.004,0.088,0.293,41.0,25.9,0.0,18.0,3880.0,13.0,-1.15,0.02,-1.03,-0.05,-4.89,-15.28,-2.25,534.0,TEST2RR,AKR_TEST2RR,0.0,1.0,1.0,100.0
331020,2,walk,walk,17407,,17407.0,20.0,1.0,6.0,2.0,4.1,-0.003,-0.04,0.318,41.0,25.93,0.0,18.0,3880.0,13.0,-0.56,0.01,-1.03,-0.05,-4.36,-12.28,-2.51,534.0,TEST2RR,AKR_TEST2RR,0.0,1.0,1.0,100.0
331020,2,walk,walk,17408,,17408.0,20.0,1.0,6.0,2.0,4.09,-0.003,0.036,0.283,41.0,25.9,0.0,18.0,3880.0,13.0,-0.01,0.0,-1.03,-0.06,-3.87,-9.71,-2.69,534.0,TEST2RR,AKR_TEST2RR,0.0,1.0,1.0,100.0
331020,2,walk,walk,17409,,17409.0,20.0,1.0,6.0,2.0,4.06,-0.002,-0.005,0.242,41.0,25.9,0.0,18.0,3880.0,13.0,0.49,-0.01,-1.03,-0.06,-3.44,-7.55,-2.82,534.0,TEST2RR,AKR_TEST2RR,0.0,1.0,1.0,100.0
331040,2,walk,walk,17410,,17410.0,20.0,1.0,6.0,2.0,4.02,-0.002,-0.042,0.25,41.0,25.93,0.0,18.0,3880.0,13.0,0.94,-0.02,-1.03,-0.06,-3.06,-5.76,-2.92,534.0,TEST2RR,AKR_TEST2RR,0.0,1.0,1.0,100.0
331080,2,walk,walk,17411,,17411.0,20.0,1.0,6.0,2.0,3.96,-0.002,0.083,0.131,41.0,25.9,0.0,18.0,3880.0,13.0,1.33,-0.02,-1.03,-0.06,-2.71,-4.28,-2.99,534.0,TEST2RR,AKR_TEST2RR,0.0,1.0,1.0,100.0
331100,2,walk,walk,17412,,17412.0,20.0,1.0,6.0,2.0,3.89,-0.001,0.052,0.028,41.0,25.9,0.0,18.0,3880.0,13.0,1.67,-0.03,-1.03,-0.06,-2.36,-3.06,-3.06,534.0,TEST2RR,AKR_TEST2RR,0.0,1.0,1.0,100.0
331120,2,walk,walk,17413,,17413.0,20.0,1.0,6.0,2.0,3.81,-0.001,0.056,-0.08,41.0,25.93,0.0,18.0,3880.0,13.0,1.95,-0.03,-1.03,-0.06,-2.03,-2.07,-3.16,534.0,TEST2RR,AKR_TEST2RR,0.0,1.0,1.0,100.0
331140,2,walk,walk,17414,,17414.0,20.0,1.0,6.0,2.0,3.72,0.0,-0.019,-0.184,41.0,25.9,0.0,18.0,3880.0,13.0,2.19,-0.04,-1.02,-0.06,-1.71,-1.25,-3.28,535.0,TEST2RR,AKR_TEST2RR,0.0,1.0,1.0,100.0
331180,2,walk,walk,17415,,17415.0,20.0,1.0,6.0,2.0,3.63,0.001,0.026,-0.263,41.0,25.9,0.0,18.0,3880.0,13.0,2.39,-0.04,-1.02,-0.06,-1.41,-0.57,-3.41,535.0,TEST2RR,AKR_TEST2RR,0.0,1.0,1.0,100.0
331180,2,walk,walk,17416,,17416.0,20.0,1.0,6.0,2.0,3.54,0.002,0.054,-0.362,41.0,25.9,0.0,18.0,3880.0,13.0,2.53,-0.05,-1.02,-0.06,-1.14,-0.01,-3.55,535.0,TEST2RR,AKR_TEST2RR,0.0,1.0,1.0,100.0
331180,2,walk,walk,17417,,17417.0,20.0,1.0,6.0,2.0,3.45,0.002,0.064,-0.43,41.0,25.9,0.0,18.0,3880.0,13.0,2.64,-0.05,-1.02,-0.06,-0.89,0.44,-3.67,535.0,TEST2RR,AKR_TEST2RR,0.0,1.0,1.0,100.0
331200,2,walk,walk,17418,,17418.0,20.0,1.0,6.0,2.0,3.35,0.003,-0.05,-0.474,41.0,25.9,0.0,18.0,3880.0,13.0,2.7,-0.05,-1.02,-0.06,-0.66,0.8,-3.75,535.0,TEST2RR,AKR_TEST2RR,0.0,1.0,1.0,100.0
331220,2,walk,walk,17419,,17419.0,20.0,1.0,6.0,2.0,3.26,0.003,-0.041,-0.465,41.0,25.9,0.0,18.0,3880.0,13.0,2.72,-0.05,-1.02,-0.06,-0.45,1.08,-3.78,535.0,TEST2RR,AKR_TEST2RR,0.0,1.0,1.0,100.0
331240,2,walk,walk,17420,,17420.0,20.0,1.0,6.0,2.0,3.17,0.004,0.061,-0.489,41.0,25.9,0.0,18.0,3880.0,13.0,2.72,-0.05,-1.02,-0.06,-0.25,1.28,-3.75,535.0,TEST2RR,AKR_TEST2RR,0.0,1.0,1.0,100.0
331260,2,walk,walk,17421,,17421.0,20.0,1.0,6.0,2.0,3.08,0.004,-0.005,-0.542,41.0,25.9,0.0,18.0,3880.0,13.0,2.69,-0.05,-1.02,-0.06,-0.05,1.42,-3.65,535.0,TEST2RR,AKR_TEST2RR,0.0,1.0,1.0,100.0
331300,2,walk,walk,17422,,17422.0,20.0,1.0,6.0,2.0,2.99,0.004,-0.076,-0.554,41.0,25.9,0.0,18.0,3880.0,13.0,2.65,-0.05,-1.02,-0.06,0.15,1.52,-3.48,535.0,TEST2RR,AKR_TEST2RR,0.0,1.0,1.0,100.0
331340,2,walk,walk,17423,,17423.0,20.0,1.0,6.0,2.0,2.91,0.004,0.136,-0.499,41.0,25.9,0.0,18.0,3880.0,13.0,2.61,-0.05,-1.02,-0.06,0.35,1.57,-3.27,535.0,TEST2RR,AKR_TEST2RR,0.0,1.0,1.0,100.0
331340,2,walk,walk,17424,,17424.0,20.0,1.0,6.0,2.0,2.82,0.004,-0.081,-0.538,41.0,25.9,0.0,18.0,3880.0,13.0,2.56,-0.05,-1.02,-0.06,0.54,1.58,-3.01,535.0,TEST2RR,AKR_TEST2RR,0.0,1.0,1.0,100.0
331360,2,walk,walk,17425,,17425.0,20.0,2.0,6.0,2.0,2.74,0.004,0.032,-0.537,41.0,25.9,0.0,19.0,3880.0,13.0,2.5,-0.04,-1.02,-0.06,0.73,1.57,-2.72,535.0,TEST2RR,AKR_TEST2RR,0.0,1.0,1.0,100.0
331360,2,walk,walk,17426,,17426.0,20.0,2.0,6.0,2.0,2.67,0.004,-0.046,-0.58,41.0,25.93,0.0,19.0,3880.0,13.0,2.45,-0.04,-1.02,-0.06,0.91,1.54,-2.42,535.0,TEST2RR,AKR_TEST2RR,0.0,1.0,1.0,100.0
331380,2,walk,walk,17427,,17427.0,20.0,2.0,6.0,2.0,2.59,0.004,-0.005,-0.565,41.0,25.9,0.0,19.0,3880.0,13.0,2.41,-0.04,-1.02,-0.06,1.07,1.5,-2.12,535.0,TEST2RR,AKR_TEST2RR,0.0,1.0,1.0,100.0
331420,2,walk,walk,17428,,17428.0,20.0,2.0,6.0,2.0,2.52,0.004,0.052,-0.574,41.0,25.9,0.0,19.0,3880.0,13.0,2.37,-0.04,-1.02,-0.06,1.21,1.47,-1.81,535.0,TEST2RR,AKR_TEST2RR,0.0,1.0,1.0,100.0
331420,2,walk,walk,17429,,17429.0,20.0,2.0,6.0,2.0,2.45,0.004,-0.005,-0.575,41.0,25.9,0.0,19.0,3880.0,13.0,2.33,-0.04,-1.02,-0.06,1.34,1.45,-1.51,535.0,TEST2RR,AKR_TEST2RR,0.0,1.0,1.0,100.0
331440,2,walk,walk,17430,,17430.0,20.0,2.0,6.0,2.0,2.39,0.004,-0.062,-0.567,41.0,25.9,0.0,19.0,3880.0,13.0,2.3,-0.04,-1.02,-0.06,1.45,1.43,-1.21,535.0,TEST2RR,AKR_TEST2RR,0.0,1.0,1.0,100.0
331460,2,walk,walk,17431,,17431.0,20.0,2.0,6.0,2.0,2.33,0.004,0.032,-0.525,41.0,25.9,0.0,19.0,3880.0,13.0,2.26,-0.04,-1.02,-0.06,1.55,1.41,-0.92,535.0,TEST2RR,AKR_TEST2RR,0.0,1.0,1.0,100.0
331500,2,walk,walk,17432,,17432.0,20.0,2.0,6.0,2.0,2.27,0.004,-0.005,-0.511,41.0,25.93,0.0,19.0,3880.0,13.0,2.24,-0.04,-1.02,-0.06,1.64,1.39,-0.62,535.0,TEST2RR,AKR_TEST2RR,0.0,1.0,1.0,100.0
331500,2,walk,walk,17433,,17433.0,20.0,2.0,6.0,2.0,2.22,0.004,0.011,-0.481,41.0,25.9,0.0,19.0,3880.0,13.0,2.21,-0.04,-1.02,-0.06,1.72,1.35,-0.32,535.0,TEST2RR,AKR_TEST2RR,0.0,1.0,1.0,100.0
331540,2,walk,walk,17434,,17434.0,20.0,2.0,6.0,2.0,2.17,0.004,-0.049,-0.45,41.0,25.9,0.0,19.0,3880.0,13.0,2.18,-0.04,-1.02,-0.06,1.79,1.29,-0.01,535.0,TEST2RR,AKR_TEST2RR,0.0,1.0,1.0,100.0
331560,2,walk,walk,17435,,17435.0,20.0,2.0,6.0,2.0,2.13,0.003,0.002,-0.434,41.0,25.93,0.0,19.0,3880.0,13.0,2.16,-0.04,-1.02,-0.06,1.86,1.2,0.32,535.0,TEST2RR,AKR_TEST2RR,0.0,1.0,1.0,100.0
331560,2,walk,walk,17436,,17436.0,20.0,2.0,6.0,2.0,2.09,0.003,-0.014,-0.384,41.0,25.93,0.0,19.0,3880.0,13.0,2.15,-0.04,-1.02,-0.06,1.93,1.1,0.66,535.0,TEST2RR,AKR_TEST2RR,0.0,1.0,1.0,100.0
331600,2,walk,walk,17437,,17437.0,20.0,2.0,6.0,2.0,2.06,0.002,-0.052,-0.32,41.0,25.9,0.0,19.0,3880.0,13.0,2.14,-0.04,-1.02,-0.06,2.01,0.99,1.0,535.0,TEST2RR,AKR_TEST2RR,0.0,1.0,1.0,100.0
331620,2,walk,walk,17438,,17438.0,20.0,2.0,6.0,2.0,2.03,0.002,-0.007,-0.227,41.0,25.93,0.0,19.0,3880.0,13.0,2.14,-0.04,-1.02,-0.06,2.09,0.88,1.35,535.0,TEST2RR,AKR_TEST2RR,0.0,1.0,1.0,100.0
331620,2,walk,walk,17439,,17439.0,20.0,2.0,6.0,2.0,2.01,0.001,-0.109,-0.17,41.0,25.93,0.0,19.0,3880.0,13.0,2.15,-0.04,-1.02,-0.06,2.19,0.76,1.68,535.0,TEST2RR,AKR_TEST2RR,0.0,1.0,1.0,100.0
331660,2,walk,walk,17440,,17440.0,20.0,2.0,6.0,2.0,1.99,0.001,-0.084,-0.123,41.0,25.9,0.0,19.0,3880.0,13.0,2.18,-0.04,-1.02,-0.06,2.28,0.64,1.98,535.0,TEST2RR,AKR_TEST2RR,0.0,1.0,1.0,100.0
331660,2,walk,walk,17441,,17441.0,20.0,2.0,6.0,2.0,1.98,0.001,0.006,-0.134,41.0,25.93,0.0,19.0,3880.0,13.0,2.22,-0.04,-1.02,-0.06,2.37,0.54,2.24,535.0,TEST2RR,AKR_TEST2RR,0.0,1.0,1.0,100.0
331680,2,walk,walk,17442,,17442.0,20.0,2.0,6.0,2.0,1.97,0.001,0.023,-0.073,41.0,25.93,0.0,19.0,3880.0,13.0,2.28,-0.04,-1.02,-0.06,2.42,0.46,2.42,535.0,TEST2RR,AKR_TEST2RR,0.0,1.0,1.0,100.0
331720,2,walk,walk,17443,,17443.0,20.0,2.0,6.0,2.0,1.97,0.0,0.01,-0.119,41.0,25.9,0.0,19.0,3880.0,13.0,2.35,-0.04,-1.02,-0.06,2.42,0.41,2.52,535.0,TEST2RR,AKR_TEST2RR,0.0,1.0,1.0,100.0
331740,2,walk,walk,17444,,17444.0,20.0,2.0,6.0,2.0,1.98,0.001,-0.034,-0.149,41.0,25.93,0.0,19.0,3880.0,13.0,2.44,-0.04,-1.02,-0.06,2.36,0.39,2.51,535.0,TEST2RR,AKR_TEST2RR,0.0,1.0,1.0,100.0
331760,2,walk,walk,17445,,17445.0,20.0,2.0,6.0,2.0,1.98,0.001,-0.022,-0.113,41.0,25.93,0.0,19.0,3880.0,13.0,2.53,-0.04,-1.02,-0.06,2.23,0.4,2.39,535.0,TEST2RR,AKR_TEST2RR,0.0,1.0,1.0,100.0
331780,2,walk,walk,17446,,17446.0,20.0,2.0,6.0,2.0,2.0,0.001,0.075,-0.124,41.0,25.9,0.0,19.0,3880.0,13.0,2.61,-0.05,-1.02,-0.06,2.03,0.44,2.16,535.0,TEST2RR,AKR_TEST2RR,0.0,1.0,1.0,100.0
331800,2,walk,walk,17447,,17447.0,20.0,2.0,6.0,2.0,2.02,0.001,0.107,-0.206,41.0,25.93,0.0,19.0,3880.0,13.0,2.69,-0.05,-1.02,-0.06,1.77,0.5,1.83,535.0,TEST2RR,AKR_TEST2RR,0.0,1.0,1.0,100.0
331820,2,walk,walk,17448,,17448.0,20.0,2.0,6.0,2.0,2.04,0.001,0.044,-0.282,41.0,25.93,0.0,19.0,3880.0,13.0,2.76,-0.05,-1.02,-0.05,1.46,0.57,1.42,535.0,TEST2RR,AKR_TEST2RR,0.0,1.0,1.0,100.0
331840,2,walk,walk,17449,,17449.0,20.0,2.0,6.0,2.0,2.07,0.002,-0.045,-0.367,41.0,25.9,0.0,19.0,3880.0,13.0,2.8,-0.05,-1.02,-0.05,1.12,0.64,0.95,535.0,TEST2RR,AKR_TEST2RR,0.0,1.0,1.0,100.0
331860,2,walk,walk,17450,,17450.0,20.0,2.0,6.0,2.0,2.1,0.003,0.054,-0.434,41.0,25.9,0.0,19.0,3880.0,13.0,2.83,-0.05,-1.02,-0.05,0.77,0.73,0.47,535.0,TEST2RR,AKR_TEST2RR,0.0,1.0,1.0,100.0
331860,2,walk,walk,17451,,17451.0,20.0,2.0,6.0,2.0,2.13,0.003,-0.003,-0.449,41.0,25.93,0.0,19.0,3880.0,13.0,2.82,-0.05,-1.02,-0.05,0.45,0.81,0.0,535.0,TEST2RR,AKR_TEST2RR,0.0,1.0,1.0,100.0
331900,2,walk,walk,17452,,17452.0,20.0,2.0,6.0,2.0,2.16,0.003,-0.06,-0.461,41.0,25.9,0.0,19.0,3880.0,13.0,2.8,-0.05,-1.02,-0.05,0.2,0.87,-0.42,535.0,TEST2RR,AKR_TEST2RR,0.0,1.0,1.0,100.0
331900,2,walk,walk,17453,,17453.0,20.0,2.0,6.0,2.0,2.2,0.003,0.017,-0.418,41.0,25.9,0.0,19.0,3880.0,13.0,2.74,-0.05,-1.02,-0.06,0.04,0.91,-0.76,535.0,TEST2RR,AKR_TEST2RR,0.0,1.0,1.0,100.0
331920,2,walk,walk,17454,,17454.0,20.0,2.0,6.0,2.0,2.23,0.003,0.044,-0.388,41.0,25.93,0.0,19.0,3880.0,13.0,2.67,-0.05,-1.02,-0.06,0.0,0.91,-0.98,535.0,TEST2RR,AKR_TEST2RR,0.0,1.0,1.0,100.0
331960,2,walk,walk,17455,,17455.0,20.0,2.0,6.0,2.0,2.26,0.002,0.017,-0.321,41.0,25.9,0.0,19.0,3880.0,13.0,2.59,-0.05,-1.02,-0.06,0.08,0.87,-1.08,535.0,TEST2RR,AKR_TEST2RR,0.0,1.0,1.0,100.0
331960,2,walk,walk,17456,,17456.0,20.0,2.0,6.0,2.0,2.28,0.002,0.003,-0.219,41.0,25.9,0.0,19.0,3880.0,13.0,2.51,-0.04,-1.02,-0.06,0.26,0.78,-1.06,535.0,TEST2RR,AKR_TEST2RR,0.0,1.0,1.0,100.0
331980,2,walk,walk,17457,,17457.0,20.0,2.0,6.0,2.0,2.31,0.001,-0.117,-0.151,41.0,25.93,0.0,19.0,3880.0,13.0,2.42,-0.04,-1.02,-0.06,0.54,0.67,-0.91,535.0,TEST2RR,AKR_TEST2RR,0.0,1.0,1.0,100.0
332020,2,walk,walk,17458,,17458.0,20.0,2.0,6.0,2.0,2.33,0.0,-0.101,0.03,41.0,25.9,0.0,19.0,3880.0,13.0,2.35,-0.04,-1.02,-0.07,0.88,0.56,-0.65,535.0,TEST2RR,AKR_TEST2RR,0.0,1.0,1.0,100.0
332020,2,walk,walk,17459,,17459.0,20.0,2.0,6.0,2.0,2.34,0.0,-0.026,0.049,41.0,25.9,0.0,19.0,3880.0,13.0,2.28,-0.04,-1.02,-0.07,1.24,0.45,-0.27,535.0,TEST2RR,AKR_TEST2RR,0.0,1.0,1.0,100.0
332040,2,walk,walk,17460,,17460.0,20.0,2.0,6.0,2.0,2.36,-0.001,-0.052,0.152,41.0,25.9,0.0,19.0,3880.0,13.0,2.22,-0.04,-1.02,-0.07,1.6,0.35,0.18,535.0,TEST2RR,AKR_TEST2RR,0.0,1.0,1.0,100.0
332080,2,walk,walk,17461,,17461.0,20.0,2.0,6.0,2.0,2.37,-0.002,-0.088,0.226,41.0,25.9,0.0,19.0,3880.0,13.0,2.19,-0.04,-1.02,-0.07,1.92,0.26,0.68,535.0,TEST2RR,AKR_TEST2RR,0.0,1.0,1.0,100.0
332100,2,walk,walk,17462,,17462.0,20.0,2.0,6.0,2.0,2.37,-0.002,-0.006,0.294,41.0,25.9,0.0,19.0,3880.0,13.0,2.18,-0.04,-1.02,-0.07,2.2,0.18,1.2,536.0,TEST2RR,AKR_TEST2RR,0.0,1.0,1.0,100.0
332120,2,walk,walk,17463,,17463.0,20.0,2.0,6.0,2.0,2.38,-0.003,-0.046,0.346,41.0,25.93,0.0,19.0,3880.0,13.0,2.18,-0.04,-1.02,-0.06,2.43,0.1,1.71,536.0,TEST2RR,AKR_TEST2RR,0.0,1.0,1.0,100.0
332140,2,walk,walk,17464,,17464.0,20.0,2.0,6.0,2.0,2.38,-0.004,-0.042,0.438,41.0,25.9,0.0,19.0,3880.0,13.0,2.21,-0.04,-1.02,-0.06,2.62,0.03,2.16,536.0,TEST2RR,AKR_TEST2RR,0.0,1.0,1.0,100.0
332160,2,walk,walk,17465,,17465.0,20.0,2.0,6.0,2.0,2.39,-0.004,-0.025,0.43,41.0,25.9,0.0,19.0,3880.0,13.0,2.26,-0.04,-1.02,-0.06,2.78,-0.02,2.52,536.0,TEST2RR,AKR_TEST2RR,0.0,1.0,1.0,100.0
332180,2,walk,walk,17466,,17466.0,20.0,2.0,6.0,2.0,2.39,-0.004,-0.019,0.413,41.0,25.93,0.0,19.0,3880.0,13.0,2.33,-0.04,-1.02,-0.06,2.92,-0.04,2.77,536.0,TEST2RR,AKR_TEST2RR,0.0,1.0,1.0,100.0
332200,2,walk,walk,17467,,17467.0,20.0,2.0,6.0,2.0,2.4,-0.004,0.011,0.525,41.0,25.9,0.0,19.0,3880.0,13.0,2.41,-0.04,-1.02,-0.06,3.06,-0.05,2.88,536.0,TEST2RR,AKR_TEST2RR,0.0,1.0,1.0,100.0
332200,2,walk,walk,17468,,17468.0,20.0,2.0,6.0,2.0,2.41,-0.004,0.026,0.381,41.0,25.9,0.0,19.0,3880.0,13.0,2.49,-0.04,-1.02,-0.06,3.18,-0.02,2.85,536.0,TEST2RR,AKR_TEST2RR,0.0,1.0,1.0,100.0
332220,2,walk,walk,17469,,17469.0,20.0,2.0,6.0,2.0,2.43,-0.003,0.053,0.365,41.0,25.9,0.0,19.0,3880.0,13.0,2.58,-0.05,-1.02,-0.06,3.31,0.02,2.72,536.0,TEST2RR,AKR_TEST2RR,0.0,1.0,1.0,100.0
332280,2,walk,walk,17470,,17470.0,20.0,2.0,6.0,2.0,2.44,-0.003,-0.049,0.384,41.0,25.9,0.0,19.0,3880.0,13.0,2.65,-0.05,-1.02,-0.06,3.43,0.09,2.5,536.0,TEST2RR,AKR_TEST2RR,0.0,1.0,1.0,100.0
332280,2,walk,walk,17471,,17471.0,20.0,2.0,6.0,2.0,2.46,-0.003,-0.026,0.392,41.0,25.93,0.0,19.0,3880.0,13.0,2.71,-0.05,-1.02,-0.06,3.56,0.16,2.25,536.0,TEST2RR,AKR_TEST2RR,0.0,1.0,1.0,100.0
332280,2,walk,walk,17472,,17472.0,20.0,2.0,6.0,2.0,2.48,-0.003,-0.029,0.367,41.0,25.93,0.0,19.0,3880.0,13.0,2.75,-0.05,-1.02,-0.06,3.69,0.22,2.0,536.0,TEST2RR,AKR_TEST2RR,0.0,1.0,1.0,100.0
332320,2,walk,walk,17473,,17473.0,20.0,2.0,6.0,2.0,2.51,-0.004,-0.049,0.436,41.0,25.9,0.0,19.0,3880.0,13.0,2.76,-0.05,-1.02,-0.06,3.83,0.27,1.82,536.0,TEST2RR,AKR_TEST2RR,0.0,1.0,1.0,100.0
332320,2,walk,walk,17474,,17474.0,20.0,2.0,6.0,2.0,2.54,-0.004,-0.029,0.457,41.0,25.9,0.0,19.0,3880.0,13.0,2.76,-0.05,-1.02,-0.06,3.98,0.31,1.72,536.0,TEST2RR,AKR_TEST2RR,0.0,1.0,1.0,100.0
332340,2,walk,walk,17475,,17475.0,20.0,2.0,6.0,2.0,2.57,-0.004,-0.155,0.516,41.0,25.9,0.0,19.0,3880.0,13.0,2.75,-0.05,-1.02,-0.06,4.16,0.31,1.73,536.0,TEST2RR,AKR_TEST2RR,0.0,1.0,1.0,100.0
332380,2,walk,walk,17476,,17476.0,20.0,2.0,6.0,2.0,2.6,-0.005,0.002,0.615,41.0,25.9,0.0,19.0,3880.0,13.0,2.73,-0.05,-1.02,-0.06,4.34,0.3,1.84,536.0,TEST2RR,AKR_TEST2RR,0.0,1.0,1.0,100.0
332380,2,walk,walk,17477,,17477.0,20.0,2.0,6.0,2.0,2.64,-0.006,-0.025,0.753,41.0,25.9,0.0,19.0,3880.0,13.0,2.71,-0.05,-1.02,-0.05,4.48,0.28,2.04,536.0,TEST2RR,AKR_TEST2RR,0.0,1.0,1.0,100.0
332420,2,walk,walk,17478,,17478.0,20.0,2.0,6.0,2.0,2.67,-0.006,-0.081,0.775,41.0,25.9,0.0,19.0,3880.0,13.0,2.72,-0.05,-1.02,-0.05,4.56,0.26,2.27,536.0,TEST2RR,AKR_TEST2RR,0.0,1.0,1.0,100.0
332440,2,walk,walk,17479,,17479.0,20.0,2.0,6.0,2.0,2.71,-0.007,0.002,0.776,41.0,25.9,0.0,19.0,3880.0,13.0,2.74,-0.05,-1.02,-0.05,4.53,0.26,2.51,536.0,TEST2RR,AKR_TEST2RR,0.0,1.0,1.0,100.0
332440,2,walk,walk,17480,,17480.0,20.0,2.0,6.0,2.0,2.74,-0.007,-0.015,0.84,41.0,25.9,0.0,19.0,3880.0,13.0,2.78,-0.05,-1.02,-0.05,4.35,0.27,2.71,536.0,TEST2RR,AKR_TEST2RR,0.0,1.0,1.0,100.0
332460,2,walk,walk,17481,,17481.0,20.0,2.0,6.0,2.0,2.78,-0.007,0.066,0.888,41.0,25.9,0.0,19.0,3880.0,13.0,2.84,-0.05,-1.02,-0.05,4.04,0.29,2.85,536.0,TEST2RR,AKR_TEST2RR,0.0,1.0,1.0,100.0
332500,2,walk,walk,17482,,17482.0,20.0,2.0,6.0,2.0,2.81,-0.007,0.054,0.827,41.0,25.93,0.0,19.0,3880.0,13.0,2.92,-0.05,-1.02,-0.04,3.59,0.33,2.9,536.0,TEST2RR,AKR_TEST2RR,0.0,1.0,1.0,100.0
332500,2,walk,walk,17483,,17483.0,20.0,2.0,6.0,2.0,2.85,-0.007,-0.08,0.829,41.0,25.9,0.0,19.0,3880.0,13.0,3.0,-0.05,-1.02,-0.04,3.04,0.38,2.88,536.0,TEST2RR,AKR_TEST2RR,0.0,1.0,1.0,100.0
332520,2,walk,walk,17484,,17484.0,20.0,2.0,6.0,2.0,2.89,-0.007,-0.07,0.824,41.0,25.9,0.0,19.0,3880.0,13.0,3.08,-0.05,-1.02,-0.04,2.43,0.43,2.79,536.0,TEST2RR,AKR_TEST2RR,0.0,1.0,1.0,100.0
332560,2,walk,walk,17485,,17485.0,20.0,2.0,6.0,2.0,2.93,-0.007,0.03,0.861,41.0,25.9,0.0,19.0,3880.0,13.0,3.15,-0.06,-1.02,-0.04,1.77,0.5,2.65,536.0,TEST2RR,AKR_TEST2RR,0.0,1.0,1.0,100.0
332580,2,walk,walk,17486,,17486.0,20.0,2.0,6.0,2.0,2.97,-0.007,-0.011,0.839,41.0,25.93,0.0,19.0,3880.0,13.0,3.21,-0.06,-1.02,-0.04,1.1,0.57,2.47,536.0,TEST2RR,AKR_TEST2RR,0.0,1.0,1.0,100.0
332600,2,walk,walk,17487,,17487.0,20.0,2.0,6.0,2.0,3.01,-0.007,-0.049,0.861,41.0,25.9,0.0,19.0,3880.0,13.0,3.27,-0.06,-1.02,-0.04,0.43,0.64,2.25,536.0,TEST2RR,AKR_TEST2RR,0.0,1.0,1.0,100.0
332620,2,walk,walk,17488,,17488.0,20.0,2.0,6.0,2.0,3.05,-0.007,0.038,0.83,41.0,25.93,0.0,19.0,3880.0,13.0,3.32,-0.06,-1.02,-0.04,-0.24,0.71,2.01,536.0,TEST2RR,AKR_TEST2RR,0.0,1.0,1.0,100.0
332620,2,walk,walk,17489,,17489.0,20.0,2.0,6.0,2.0,3.1,-0.007,0.04,0.832,41.0,25.9,0.0,19.0,3880.0,13.0,3.36,-0.06,-1.02,-0.04,-0.88,0.78,1.74,536.0,TEST2RR,AKR_TEST2RR,0.0,1.0,1.0,100.0
332640,2,walk,walk,17490,,17490.0,20.0,2.0,6.0,2.0,3.14,-0.007,0.038,0.816,41.0,25.9,0.0,19.0,3880.0,13.0,3.4,-0.06,-1.02,-0.04,-1.51,0.85,1.46,536.0,TEST2RR,AKR_TEST2RR,0.0,1.0,1.0,100.0
332680,2,walk,walk,17491,,17491.0,20.0,2.0,6.0,2.0,3.18,-0.007,-0.046,0.845,41.0,25.9,0.0,19.0,3880.0,13.0,3.43,-0.06,-1.02,-0.04,-2.11,0.91,1.17,536.0,TEST2RR,AKR_TEST2RR,0.0,1.0,1.0,100.0
332700,2,walk,walk,17492,,17492.0,20.0,2.0,6.0,2.0,3.22,-0.007,0.017,0.881,41.0,25.9,0.0,19.0,3880.0,13.0,3.45,-0.06,-1.02,-0.04,-2.67,0.96,0.88,536.0,TEST2RR,AKR_TEST2RR,0.0,1.0,1.0,100.0
332700,2,walk,walk,17493,,17493.0,20.0,2.0,6.0,2.0,3.26,-0.007,-0.068,0.892,41.0,25.9,0.0,19.0,3880.0,13.0,3.46,-0.06,-1.02,-0.04,-3.15,0.99,0.59,536.0,TEST2RR,AKR_TEST2RR,0.0,1.0,1.0,100.0
332760,2,walk,walk,17494,,17494.0,20.0,2.0,6.0,2.0,3.3,-0.008,-0.048,0.908,41.0,25.9,0.0,19.0,3880.0,13.0,3.46,-0.06,-1.02,-0.04,-3.53,1.01,0.32,536.0,TEST2RR,AKR_TEST2RR,0.0,1.0,1.0,100.0
332760,2,walk,walk,17495,,17495.0,20.0,2.0,6.0,2.0,3.34,-0.007,0.073,0.853,41.0,25.9,0.0,19.0,3880.0,13.0,3.45,-0.06,-1.02,-0.05,-3.78,1.03,0.08,536.0,TEST2RR,AKR_TEST2RR,0.0,1.0,1.0,100.0
332760,2,walk,walk,17496,,17496.0,20.0,2.0,6.0,2.0,3.37,-0.007,0.011,0.857,41.0,25.9,0.0,19.0,3880.0,13.0,3.42,-0.06,-1.02,-0.05,-3.86,1.06,-0.14,536.0,TEST2RR,AKR_TEST2RR,0.0,1.0,1.0,100.0
332820,2,walk,walk,17497,,17497.0,20.0,2.0,6.0,2.0,3.41,-0.007,0.037,0.756,41.0,25.93,0.0,19.0,3880.0,13.0,3.39,-0.06,-1.02,-0.06,-3.75,1.1,-0.33,536.0,TEST2RR,AKR_TEST2RR,0.0,1.0,1.0,100.0
332820,2,walk,walk,17498,,17498.0,20.0,2.0,6.0,2.0,3.43,-0.006,0.143,0.663,41.0,25.93,0.0,19.0,3880.0,13.0,3.35,-0.06,-1.02,-0.06,-3.46,1.17,-0.51,536.0,TEST2RR,AKR_TEST2RR,0.0,1.0,1.0,100.0
332820,2,walk,walk,17499,,17499.0,20.0,2.0,6.0,2.0,3.46,-0.006,-0.04,0.606,41.0,25.9,0.0,19.0,3880.0,13.0,3.3,-0.06,-1.02,-0.06,-2.97,1.25,-0.67,536.0,TEST2RR,AKR_TEST2RR,0.0,1.0,1.0,100.0
332860,2,walk,walk,17500,,17500.0,20.0,2.0,6.0,2.0,3.48,-0.006,0.013,0.592,41.0,25.93,0.0,19.0,3880.0,13.0,3.24,-0.06,-1.02,-0.07,-2.3,1.32,-0.8,536.0,TEST2RR,AKR_TEST2RR,0.0,1.0,1.0,100.0
332860,2,walk,walk,17501,,17501.0,20.0,2.0,6.0,2.0,3.5,-0.006,0.048,0.633,41.0,25.93,0.0,19.0,3880.0,13.0,3.18,-0.06,-1.02,-0.07,-1.48,1.36,-0.85,536.0,TEST2RR,AKR_TEST2RR,0.0,1.0,1.0,100.0
332900,2,walk,walk,17502,,17502.0,20.0,2.0,6.0,2.0,3.51,-0.006,-0.089,0.848,41.0,25.9,0.0,19.0,3880.0,13.0,3.1,-0.06,-1.02,-0.07,-0.53,1.34,-0.79,536.0,TEST2RR,AKR_TEST2RR,0.0,1.0,1.0,100.0
332920,2,walk,walk,17503,,17503.0,20.0,2.0,6.0,2.0,3.52,-0.008,-0.095,1.018,41.0,25.9,0.0,19.0,3880.0,13.0,3.0,-0.05,-1.02,-0.07,0.49,1.25,-0.56,536.0,TEST2RR,AKR_TEST2RR,0.0,1.0,1.0,100.0
332920,2,walk,walk,17504,,17504.0,20.0,2.0,6.0,2.0,3.53,-0.01,-0.209,1.29,41.0,25.9,0.0,19.0,3880.0,13.0,2.9,-0.05,-1.03,-0.07,1.55,1.07,-0.12,536.0,TEST2RR,AKR_TEST2RR,0.0,1.0,1.0,100.0
332940,2,walk,walk,17505,,17505.0,20.0,2.0,6.0,2.0,3.53,-0.013,-0.144,1.589,41.0,25.86,0.0,19.0,3880.0,13.0,2.8,-0.05,-1.03,-0.07,2.62,0.79,0.57,536.0,TEST2RR,AKR_TEST2RR,0.0,1.0,1.0,100.0
332980,2,walk,walk,17506,,17506.0,20.0,2.0,6.0,2.0,3.53,-0.014,-0.011,1.581,41.0,25.86,0.0,19.0,3880.0,13.0,2.73,-0.05,-1.03,-0.07,3.72,0.47,1.46,536.0,TEST2RR,AKR_TEST2RR,0.0,1.0,1.0,100.0
332980,2,walk,walk,17507,,17507.0,20.0,2.0,6.0,2.0,3.53,-0.014,0.001,1.535,41.0,25.9,0.0,19.0,3880.0,13.0,2.72,-0.05,-1.03,-0.07,4.85,0.15,2.43,536.0,TEST2RR,AKR_TEST2RR,0.0,1.0,1.0,100.0
333000,2,walk,walk,17508,,17508.0,20.0,2.0,6.0,2.0,3.53,-0.012,0.162,1.301,41.0,25.9,0.0,19.0,3880.0,13.0,2.8,-0.05,-1.03,-0.07,5.99,-0.11,3.28,536.0,TEST2RR,AKR_TEST2RR,0.0,1.0,1.0,100.0
333040,2,walk,walk,17509,,17509.0,20.0,2.0,6.0,2.0,3.53,-0.009,0.242,1.023,41.0,25.9,0.0,19.0,3880.0,13.0,2.95,-0.05,-1.03,-0.07,7.07,-0.26,3.84,536.0,TEST2RR,AKR_TEST2RR,0.0,1.0,1.0,100.0
333060,2,walk,walk,17510,,17510.0,20.0,2.0,6.0,2.0,3.53,-0.007,0.105,0.706,41.0,25.93,0.0,19.0,3880.0,13.0,3.16,-0.06,-1.03,-0.07,8.07,-0.26,4.0,537.0,TEST2RR,AKR_TEST2RR,0.0,1.0,1.0,100.0
333080,2,walk,walk,17511,,17511.0,20.0,2.0,6.0,2.0,3.53,-0.005,0.056,0.31,41.0,25.9,0.0,19.0,3880.0,13.0,3.39,-0.06,-1.03,-0.06,8.98,-0.09,3.71,537.0,TEST2RR,AKR_TEST2RR,0.0,1.0,1.0,100.0
333080,2,walk,walk,17512,,17512.0,20.0,1.0,6.0,2.0,3.53,-0.003,0.029,0.12,41.0,25.93,0.0,18.0,3880.0,13.0,3.6,-0.06,-1.02,-0.06,9.81,0.25,3.02,537.0,TEST2RR,AKR_TEST2RR,0.0,1.0,1.0,100.0
333100,2,walk,walk,17513,,17513.0,20.0,1.0,6.0,2.0,3.54,-0.001,0.101,-0.104,41.0,25.93,0.0,18.0,3880.0,13.0,3.76,-0.07,-1.02,-0.06,10.61,0.73,2.0,537.0,TEST2RR,AKR_TEST2RR,0.0,1.0,1.0,100.0
333120,2,walk,walk,17514,,17514.0,20.0,1.0,6.0,2.0,3.56,0.0,0.021,-0.221,41.0,25.9,0.0,18.0,3880.0,13.0,3.84,-0.07,-1.02,-0.05,11.39,1.26,0.81,537.0,TEST2RR,AKR_TEST2RR,0.0,1.0,1.0,100.0
333140,2,walk,walk,17515,,17515.0,20.0,1.0,6.0,2.0,3.58,0.001,0.06,-0.178,41.0,25.9,0.0,18.0,3880.0,13.0,3.84,-0.07,-1.02,-0.05,12.14,1.78,-0.38,537.0,TEST2RR,AKR_TEST2RR,0.0,1.0,1.0,100.0
333160,2,walk,walk,17516,,17516.0,20.0,1.0,6.0,2.0,3.6,0.001,-0.045,-0.101,41.0,25.93,0.0,18.0,3880.0,13.0,3.77,-0.07,-1.02,-0.04,12.85,2.22,-1.42,537.0,TEST2RR,AKR_TEST2RR,0.0,1.0,1.0,100.0
333180,2,walk,walk,17517,,17517.0,20.0,1.0,6.0,2.0,3.62,0.001,0.105,-0.069,41.0,25.93,0.0,18.0,3880.0,13.0,3.65,-0.06,-1.02,-0.04,13.5,2.56,-2.19,537.0,TEST2RR,AKR_TEST2RR,0.0,1.0,1.0,100.0
333200,2,walk,walk,17518,,17518.0,20.0,1.0,6.0,2.0,3.64,0.0,-0.092,0.041,41.0,25.9,0.0,18.0,3880.0,13.0,3.48,-0.06,-1.02,-0.03,14.1,2.75,-2.63,537.0,TEST2RR,AKR_TEST2RR,0.0,1.0,1.0,100.0
333240,2,walk,walk,17519,,17519.0,20.0,1.0,6.0,2.0,3.66,-0.001,0.032,0.096,41.0,25.93,0.0,18.0,3880.0,13.0,3.31,-0.06,-1.02,-0.03,14.66,2.83,-2.74,537.0,TEST2RR,AKR_TEST2RR,0.0,1.0,1.0,100.0
333240,2,walk,walk,17520,,17520.0,20.0,1.0,6.0,2.0,3.68,-0.001,0.011,0.038,41.0,25.9,0.0,18.0,3880.0,13.0,3.14,-0.06,-1.02,-0.02,15.17,2.81,-2.56,537.0,TEST2RR,AKR_TEST2RR,0.0,1.0,1.0,100.0
333280,2,walk,walk,17521,,17521.0,20.0,1.0,6.0,2.0,3.69,-0.001,-0.026,0.067,41.0,25.93,0.0,18.0,3880.0,13.0,3.02,-0.05,-1.02,-0.02,15.6,2.71,-2.2,537.0,TEST2RR,AKR_TEST2RR,0.0,1.0,1.0,100.0
333280,2,walk,walk,17522,,17522.0,20.0,1.0,6.0,2.0,3.69,0.0,0.057,-0.047,41.0,25.93,0.0,18.0,3880.0,13.0,2.95,-0.05,-1.02,-0.01,15.94,2.57,-1.78,537.0,TEST2RR,AKR_TEST2RR,0.0,1.0,1.0,100.0
333300,2,walk,walk,17523,,17523.0,20.0,1.0,6.0,2.0,3.69,0.001,0.073,-0.272,41.0,25.9,0.0,18.0,3880.0,13.0,2.92,-0.05,-1.02,-0.01,16.16,2.43,-1.42,537.0,TEST2RR,AKR_TEST2RR,0.0,1.0,1.0,100.0
333320,2,walk,walk,17524,,17524.0,20.0,1.0,6.0,2.0,3.69,0.003,0.244,-0.702,41.0,25.9,0.0,18.0,3880.0,13.0,2.95,-0.05,-1.03,0.0,16.24,2.32,-1.22,537.0,TEST2RR,AKR_TEST2RR,0.0,1.0,1.0,100.0
333340,2,walk,walk,17525,,17525.0,20.0,1.0,6.0,2.0,3.68,0.006,0.213,-1.048,41.0,25.9,0.0,18.0,3880.0,13.0,3.05,-0.05,-1.03,0.0,16.17,2.23,-1.26,537.0,TEST2RR,AKR_TEST2RR,0.0,1.0,1.0,100.0
333380,2,walk,walk,17526,,17526.0,20.0,1.0,6.0,2.0,3.66,0.01,0.254,-1.516,41.0,25.86,0.0,18.0,3880.0,13.0,3.29,-0.06,-1.03,0.01,15.92,1.95,-1.61,537.0,TEST2RR,AKR_TEST2RR,0.0,1.0,1.0,100.0
333400,2,walk,walk,17527,,17527.0,20.0,1.0,6.0,2.0,3.64,0.012,-0.013,-1.569,41.0,25.86,0.0,18.0,3880.0,13.0,3.78,-0.07,-1.03,0.01,15.49,0.91,-2.25,537.0,TEST2RR,AKR_TEST2RR,0.0,1.0,1.0,100.0
333400,2,walk,walk,17528,,17528.0,20.0,1.0,6.0,2.0,3.62,0.011,-0.164,-1.321,41.0,25.9,0.0,18.0,3880.0,13.0,4.63,-0.08,-1.03,0.01,14.84,-1.76,-3.15,537.0,TEST2RR,AKR_TEST2RR,0.0,1.0,1.0,100.0
333420,2,walk,walk,17529,,17529.0,20.0,1.0,6.0,2.0,3.6,0.009,-0.207,-0.997,41.0,25.9,0.0,18.0,3880.0,13.0,5.86,-0.11,-1.03,0.01,13.86,-6.98,-4.19,537.0,TEST2RR,AKR_TEST2RR,0.0,1.0,1.0,100.0
333460,2,walk,walk,17530,,17530.0,20.0,1.0,6.0,2.0,3.57,0.006,-0.183,-0.718,41.0,25.9,0.0,18.0,3880.0,13.0,7.38,-0.13,-1.03,0.0,12.51,-15.35,-5.15,537.0,TEST2RR,AKR_TEST2RR,0.0,1.0,1.0,100.0
333460,2,walk,walk,17531,,17531.0,20.0,1.0,6.0,2.0,3.54,0.004,-0.124,-0.512,41.0,25.9,0.0,18.0,3880.0,13.0,9.06,-0.17,-1.04,-0.01,10.85,-26.94,-5.75,537.0,TEST2RR,AKR_TEST2RR,0.0,1.0,1.0,100.0
333480,2,walk,walk,17532,,17532.0,20.0,1.0,6.0,2.0,3.51,0.004,-0.072,-0.387,41.0,25.9,0.0,18.0,3880.0,13.0,10.74,-0.2,-1.04,-0.03,9.0,-41.35,-5.73,537.0,TEST2RR,AKR_TEST2RR,0.0,1.0,1.0,100.0
333520,2,walk,walk,17533,,17533.0,20.0,1.0,6.0,2.0,3.48,0.002,-0.092,-0.105,41.0,25.9,0.0,18.0,3880.0,13.0,12.27,-0.23,-1.04,-0.04,7.05,-57.77,-4.89,537.0,TEST2RR,AKR_TEST2RR,0.0,1.0,1.0,100.0
333540,2,walk,walk,17534,,17534.0,20.0,1.0,6.0,2.0,3.46,0.001,-0.053,0.02,41.0,25.9,0.0,18.0,3880.0,13.0,13.55,-0.25,-1.04,-0.06,5.1,-75.11,-3.12,537.0,TEST2RR,AKR_TEST2RR,0.0,1.0,1.0,100.0
333560,2,walk,walk,17535,,17535.0,20.0,1.0,6.0,2.0,3.44,-0.001,-0.115,0.267,41.0,25.9,0.0,18.0,3880.0,13.0,14.51,-0.27,-1.04,-0.07,3.22,-92.23,-0.39,537.0,TEST2RR,AKR_TEST2RR,0.0,1.0,1.0,100.0
333560,2,walk,walk,17536,,17536.0,20.0,1.0,6.0,2.0,3.43,-0.002,-0.073,0.359,41.0,25.9,0.0,18.0,3880.0,13.0,15.11,-0.28,-1.04,-0.08,1.48,-108.02,3.21,537.0,TEST2RR,AKR_TEST2RR,0.0,1.0,1.0,100.0
333600,2,walk,walk,17537,,17537.0,20.0,1.0,6.0,2.0,3.43,-0.003,-0.073,0.379,41.0,25.93,0.0,18.0,3880.0,13.0,15.36,-0.28,-1.03,-0.09,-0.05,-121.57,7.47,537.0,TEST2RR,AKR_TEST2RR,0.0,1.0,1.0,100.0
333600,2,walk,walk,17538,,17538.0,20.0,1.0,6.0,2.0,3.46,-0.006,-0.421,1.235,41.0,25.9,0.0,18.0,3880.0,13.0,15.22,-0.28,-1.03,-0.1,-1.41,-132.23,11.86,537.0,TEST2RR,AKR_TEST2RR,0.0,1.0,1.0,100.0
333620,2,walk,walk,17539,,17539.0,20.0,1.0,6.0,2.0,3.5,-0.01,-0.14,1.254,41.0,25.9,0.0,18.0,3880.0,13.0,14.62,-0.27,-1.02,-0.1,-2.65,-139.73,15.66,537.0,TEST2RR,AKR_TEST2RR,0.0,1.0,1.0,100.0
333660,2,walk,walk,17540,,17540.0,20.0,1.0,6.0,2.0,3.57,-0.013,-0.265,1.716,41.0,25.86,0.0,18.0,3880.0,13.0,13.41,-0.24,-1.01,-0.11,-3.87,-144.19,18.24,537.0,TEST2RR,AKR_TEST2RR,0.0,1.0,1.0,100.0
333660,2,walk,walk,17541,,17541.0,20.0,1.0,6.0,2.0,3.68,-0.016,0.007,1.831,41.0,25.86,0.0,18.0,3880.0,13.0,11.29,-0.2,-0.99,-0.11,-5.26,-145.78,19.0,537.0,TEST2RR,AKR_TEST2RR,0.0,1.0,1.0,100.0
333680,2,walk,walk,17542,,17542.0,20.0,0.0,6.0,2.0,3.82,-0.006,0.887,0.038,41.0,25.93,0.0,17.0,3880.0,13.0,8.3,-0.14,-0.99,-0.11,-6.66,-144.36,18.07,537.0,TEST2RR,AKR_TEST2RR,0.0,1.0,1.0,100.0
333720,2,walk,walk,17543,,17543.0,20.0,1.0,6.0,2.0,3.99,-0.005,-0.13,0.59,41.0,25.93,0.0,18.0,3880.0,13.0,4.81,-0.08,-0.98,-0.11,-8.0,-139.96,15.91,537.0,TEST2RR,AKR_TEST2RR,0.0,1.0,1.0,100.0
333720,2,walk,walk,17544,,17544.0,20.0,0.0,6.0,2.0,4.18,-0.004,0.116,0.228,41.0,25.93,0.0,17.0,3880.0,13.0,1.3,-0.02,-0.99,-0.1,-9.26,-133.0,12.9,537.0,TEST2RR,AKR_TEST2RR,0.0,1.0,1.0,100.0
333740,2,walk,walk,17545,,17545.0,20.0,1.0,6.0,2.0,4.41,-0.001,0.28,-0.283,41.0,25.9,0.0,18.0,3880.0,13.0,-1.85,0.03,-0.99,-0.09,-10.48,-124.0,9.37,537.0,TEST2RR,AKR_TEST2RR,0.0,1.0,1.0,100.0
333760,2,walk,walk,17546,,17546.0,20.0,1.0,6.0,2.0,4.64,0.003,0.275,-0.839,41.0,25.9,0.0,18.0,3880.0,13.0,-4.4,0.08,-1.0,-0.08,-11.64,-113.54,5.61,537.0,TEST2RR,AKR_TEST2RR,0.0,1.0,1.0,100.0
333780,2,walk,walk,17547,,17547.0,20.0,1.0,6.0,2.0,4.89,0.007,0.413,-1.207,40.0,25.9,0.0,18.0,3880.0,13.0,-6.27,0.11,-1.0,-0.07,-12.67,-102.23,1.86,537.0,TEST2RR,AKR_TEST2RR,0.0,1.0,1.0,100.0
333820,2,walk,walk,17548,,17548.0,20.0,1.0,0.0,5.0,5.12,0.01,0.237,-1.681,41.0,25.9,0.0,18.0,3880.0,13.0,-7.47,0.13,-1.01,-0.06,-13.43,-90.64,-1.68,537.0,TEST2RR,AKR_TEST2RR,0.0,1.0,1.0,100.0
333820,2,walk,walk,17549,,17549.0,20.0,0.0,0.0,6.0,5.34,0.014,0.241,-1.934,41.0,25.9,0.0,19.0,3880.0,13.0,-8.07,0.14,-1.02,-0.05,-13.81,-79.74,-5.16,537.0,TEST2RR,AKR_TEST2RR,0.0,1.0,1.0,100.0
333880,2,walk,walk,17550,,17550.0,20.0,0.0,0.0,6.0,5.53,0.014,0.241,-1.934,41.0,25.9,0.0,39.0,3880.0,13.0,-8.2,0.15,-1.03,-0.04,-13.8,-69.99,-8.7,537.0,TEST2RR,AKR_TEST2RR,0.0,1.0,1.0,100.0
333880,2,walk,walk,17551,,17551.0,20.0,0.0,0.0,6.0,5.68,0.014,0.241,-1.934,41.0,25.9,0.0,59.0,3880.0,13.0,-8.0,0.15,-1.03,-0.04,-13.42,-61.41,-12.08,537.0,TEST2RR,AKR_TEST2RR,0.0,1.0,1.0,100.0
333880,2,walk,walk,17552,,17552.0,20.0,0.0,0.0,6.0,5.79,0.07,14.754,0.0,41.0,25.93,0.0,0.0,3880.0,13.0,-7.6,0.14,-1.04,-0.04,-12.72,-53.82,-14.95,537.0,TEST2RR,AKR_TEST2RR,0.0,1.0,1.0,100.0
333900,2,walk,walk,17553,,17553.0,20.0,0.0,0.0,6.0,5.85,0.07,0.003,0.0,40.0,25.93,0.0,0.0,3880.0,13.0,-7.07,0.13,-1.04,-0.03,-11.75,-47.07,-17.13,537.0,TEST2RR,AKR_TEST2RR,0.0,1.0,1.0,100.0
333920,2,walk,walk,17554,,17554.0,20.0,0.0,0.0,6.0,5.85,0.07,-0.076,0.0,40.0,25.93,0.0,0.0,3880.0,13.0,-6.48,0.12,-1.05,-0.03,-10.57,-41.03,-18.53,537.0,TEST2RR,AKR_TEST2RR,0.0,1.0,1.0,100.0
333940,2,walk,walk,17555,,17555.0,20.0,0.0,0.0,6.0,5.8,0.07,-0.084,0.0,40.0,25.93,0.0,0.0,3880.0,13.0,-5.89,0.11,-1.05,-0.03,-9.21,-35.62,-19.13,537.0,TEST2RR,AKR_TEST2RR,0.0,1.0,1.0,100.0
333960,2,walk,walk,17556,,17556.0,20.0,0.0,0.0,7.0,5.69,0.07,0.011,0.0,40.0,25.93,0.0,0.0,3880.0,13.0,-5.31,0.1,-1.05,-0.03,-7.72,-30.75,-19.03,537.0,TEST2RR,AKR_TEST2RR,0.0,1.0,1.0,100.0
333980,2,walk,walk,17557,,17557.0,20.0,0.0,0.0,7.0,5.53,0.074,0.5,0.0,40.0,25.93,0.0,0.0,3880.0,13.0,-4.75,0.09,-1.06,-0.03,-6.1,-26.36,-18.39,537.0,TEST2RR,AKR_TEST2RR,0.0,1.0,1.0,100.0
334020,2,walk,walk,17558,,17558.0,20.0,0.0,0.0,7.0,5.32,0.084,0.692,0.0,40.0,25.93,0.0,0.0,3880.0,13.0,-4.2,0.08,-1.06,-0.03,-4.4,-22.43,-17.52,537.0,TEST2RR,AKR_TEST2RR,0.0,1.0,1.0,100.0
334020,2,walk,walk,17559,,17559.0,20.0,0.0,0.0,7.0,5.07,0.099,1.217,0.0,40.0,25.93,0.0,0.0,3880.0,13.0,-3.67,0.07,-1.05,-0.03,-2.68,-18.97,-16.75,537.0,TEST2RR,AKR_TEST2RR,0.0,1.0,1.0,100.0
334060,2,walk,walk,17560,,17560.0,20.0,0.0,0.0,7.0,4.77,0.113,0.766,0.0,40.0,25.93,0.0,0.0,3880.0,13.0,-3.17,0.06,-1.05,-0.02,-1.05,-15.96,-16.33,537.0,TEST2RR,AKR_TEST2RR,0.0,1.0,1.0,100.0
334060,2,walk,walk,17561,,17561.0,20.0,0.0,0.0,7.0,4.45,0.129,1.047,0.0,40.0,25.93,0.0,0.0,3880.0,13.0,-2.72,0.05,-1.05,-0.02,0.41,-13.38,-16.44,537.0,TEST2RR,AKR_TEST2RR,0.0,1.0,1.0,100.0
334080,2,walk,walk,17562,,17562.0,20.0,0.0,0.0,7.0,4.1,0.141,0.852,0.0,40.0,25.93,0.0,0.0,3880.0,13.0,-2.34,0.04,-1.04,-0.02,1.64,-11.22,-17.06,537.0,TEST2RR,AKR_TEST2RR,0.0,1.0,1.0,100.0
334100,2,walk,walk,17563,,17563.0,20.0,0.0,0.0,7.0,3.73,0.157,0.684,0.0,40.0,25.97,0.0,0.0,3880.0,13.0,-2.06,0.04,-1.04,-0.01,2.63,-9.42,-18.18,537.0,TEST2RR,AKR_TEST2RR,0.0,1.0,1.0,100.0
334120,2,walk,walk,17564,,17564.0,20.0,0.0,0.0,7.0,3.34,0.157,0.684,0.0,40.0,25.93,0.0,20.0,3880.0,13.0,-1.9,0.03,-1.04,-0.01,3.39,-7.95,-19.62,537.0,TEST2RR,AKR_TEST2RR,0.0,1.0,1.0,100.0
334140,2,walk,walk,17565,,17565.0,20.0,0.0,0.0,7.0,2.95,0.166,0.618,0.0,40.0,25.93,0.0,19.0,3880.0,13.0,-1.87,0.03,-1.03,0.0,3.95,-6.73,-21.15,537.0,TEST2RR,AKR_TEST2RR,0.0,1.0,1.0,100.0
334200,2,walk,walk,17566,,17566.0,20.0,0.0,0.0,7.0,2.54,0.175,0.254,0.0,40.0,25.93,0.0,19.0,3880.0,13.0,-1.99,0.04,-1.03,0.0,4.36,-5.67,-22.5,538.0,TEST2RR,AKR_TEST2RR,0.0,1.0,1.0,100.0
334200,2,walk,walk,17567,,17567.0,20.0,0.0,0.0,7.0,2.13,0.175,0.044,0.0,40.0,25.93,0.0,19.0,3880.0,13.0,-2.24,0.04,-1.03,0.0,4.64,-4.69,-23.43,538.0,TEST2RR,AKR_TEST2RR,0.0,1.0,1.0,100.0
334200,2,walk,walk,17568,,17568.0,20.0,0.0,0.0,7.0,1.72,0.176,0.019,0.0,40.0,25.93,0.0,19.0,3880.0,13.0,-2.59,0.05,-1.02,0.0,4.82,-3.78,-23.8,538.0,TEST2RR,AKR_TEST2RR,0.0,1.0,1.0,100.0
334220,2,walk,walk,17569,,17569.0,20.0,0.0,0.0,7.0,1.3,0.176,0.017,0.0,40.0,25.93,0.0,19.0,3880.0,13.0,-3.0,0.05,-1.02,0.01,4.95,-2.95,-23.58,538.0,TEST2RR,AKR_TEST2RR,0.0,1.0,1.0,100.0
334260,2,walk,walk,17570,,17570.0,20.0,0.0,0.0,7.0,0.87,0.176,-0.014,0.0,40.0,25.93,0.0,19.0,3880.0,13.0,-3.45,0.06,-1.02,0.01,5.05,-2.19,-22.8,538.0,TEST2RR,AKR_TEST2RR,0.0,1.0,1.0,100.0
334280,2,walk,walk,17571,,17571.0,20.0,0.0,0.0,7.0,0.45,0.176,0.015,0.0,40.0,25.93,0.0,19.0,3880.0,13.0,-3.9,0.07,-1.02,0.01,5.14,-1.51,-21.56,538.0,TEST2RR,AKR_TEST2RR,0.0,1.0,1.0,100.0
334280,2,walk,walk,17572,,17572.0,20.0,0.0,0.0,7.0,0.02,0.176,-0.018,0.0,40.0,25.97,0.0,19.0,3880.0,13.0,-4.33,0.08,-1.02,0.01,5.21,-0.92,-19.97,538.0,TEST2RR,AKR_TEST2RR,0.0,1.0,1.0,100.0
334300,2,walk,walk,17573,,17573.0,20.0,0.0,0.0,7.0,-0.42,0.176,-0.006,0.0,40.0,25.93,0.0,19.0,3880.0,13.0,-4.72,0.08,-1.02,0.01,5.25,-0.4,-18.16,538.0,TEST2RR,AKR_TEST2RR,0.0,1.0,1.0,100.0
334340,2,walk,walk,17574,,17574.0,20.0,0.0,0.0,7.0,-0.85,0.176,0.101,0.0,40.0,25.93,0.0,19.0,3880.0,13.0,-5.06,0.09,-1.02,0.02,5.26,0.04,-16.28,538.0,TEST2RR,AKR_TEST2RR,0.0,1.0,1.0,100.0
334360,2,walk,walk,17575,,17575.0,20.0,0.0,0.0,7.0,-1.28,0.177,0.181,0.0,40.0,25.97,0.0,19.0,3880.0,13.0,-5.35,0.1,-1.02,0.02,5.23,0.41,-14.45,538.0,TEST2RR,AKR_TEST2RR,0.0,1.0,1.0,100.0
334360,2,walk,walk,17576,,17576.0,20.0,0.0,0.0,7.0,-1.7,0.179,0.108,0.0,40.0,25.93,0.0,19.0,3880.0,13.0,-5.6,0.1,-1.02,0.02,5.16,0.7,-12.78,538.0,TEST2RR,AKR_TEST2RR,0.0,1.0,1.0,100.0
334380,2,walk,walk,17577,,17577.0,20.0,0.0,0.0,7.0,-2.12,0.182,0.178,0.0,40.0,25.93,0.0,19.0,3880.0,13.0,-5.81,0.1,-1.02,0.02,5.03,0.92,-11.29,538.0,TEST2RR,AKR_TEST2RR,0.0,1.0,1.0,100.0
334400,2,walk,walk,17578,,17578.0,20.0,0.0,0.0,7.0,-2.53,0.183,0.158,0.0,40.0,25.93,0.0,19.0,3880.0,13.0,-5.99,0.11,-1.02,0.02,4.86,1.08,-9.97,538.0,TEST2RR,AKR_TEST2RR,0.0,1.0,1.0,100.0
334420,2,walk,walk,17579,,17579.0,20.0,0.0,0.0,7.0,-2.92,0.183,-0.042,0.0,40.0,25.93,0.0,19.0,3880.0,13.0,-6.16,0.11,-1.02,0.02,4.64,1.18,-8.81,538.0,TEST2RR,AKR_TEST2RR,0.0,1.0,1.0,100.0
334440,2,walk,walk,17580,,17580.0,20.0,0.0,0.0,7.0,-3.3,0.183,-0.049,0.0,40.0,25.93,0.0,19.0,3880.0,13.0,-6.31,0.11,-1.02,0.03,4.38,1.24,-7.74,538.0,TEST2RR,AKR_TEST2RR,0.0,1.0,1.0,100.0
334460,2,walk,walk,17581,,17581.0,20.0,0.0,0.0,7.0,-3.66,0.183,0.057,0.0,40.0,25.93,0.0,19.0,3880.0,13.0,-6.46,0.12,-1.02,0.03,4.1,1.25,-6.75,538.0,TEST2RR,AKR_TEST2RR,0.0,1.0,1.0,100.0
334500,2,walk,walk,17582,,17582.0,20.0,0.0,0.0,7.0,-4.01,0.182,-0.073,0.0,40.0,25.93,0.0,19.0,3880.0,13.0,-6.59,0.12,-1.02,0.03,3.84,1.23,-5.79,538.0,TEST2RR,AKR_TEST2RR,0.0,1.0,1.0,100.0
334500,2,walk,walk,17583,,17583.0,20.0,0.0,0.0,7.0,-4.33,0.182,0.1,0.0,40.0,25.93,0.0,19.0,3880.0,13.0,-6.72,0.12,-1.02,0.03,3.61,1.18,-4.85,538.0,TEST2RR,AKR_TEST2RR,0.0,1.0,1.0,100.0
334520,2,walk,walk,17584,,17584.0,20.0,0.0,0.0,7.0,-4.64,0.182,-0.03,0.0,40.0,25.93,0.0,19.0,3880.0,13.0,-6.82,0.12,-1.02,0.03,3.43,1.1,-3.94,538.0,TEST2RR,AKR_TEST2RR,0.0,1.0,1.0,100.0
334540,2,walk,walk,17585,,17585.0,20.0,0.0,0.0,7.0,-4.92,0.182,0.097,0.0,40.0,25.93,0.0,19.0,3880.0,13.0,-6.91,0.12,-1.02,0.03,3.29,1.0,-3.08,538.0,TEST2RR,AKR_TEST2RR,0.0,1.0,1.0,100.0
334560,2,walk,walk,17586,,17586.0,20.0,0.0,0.0,1.0,-5.18,0.182,-0.003,0.0,40.0,25.93,0.0,19.0,3880.0,13.0,-6.97,0.12,-1.02,0.03,3.15,0.89,-2.34,538.0,TEST2RR,AKR_TEST2RR,0.0,1.0,1.0,100.0
334580,2,walk,walk,17587,,17587.0,20.0,0.0,0.0,1.0,-5.42,0.183,0.045,0.0,40.0,25.93,0.0,19.0,3880.0,13.0,-7.0,0.12,-1.02,0.03,2.98,0.74,-1.77,538.0,TEST2RR,AKR_TEST2RR,0.0,1.0,1.0,100.0
334600,2,walk,walk,17588,,17588.0,20.0,0.0,0.0,1.0,-5.64,0.184,0.107,0.0,40.0,25.93,0.0,19.0,3880.0,13.0,-6.99,0.12,-1.02,0.03,2.74,0.52,-1.42,538.0,TEST2RR,AKR_TEST2RR,0.0,1.0,1.0,100.0
334620,2,walk,walk,17589,,17589.0,20.0,0.0,0.0,1.0,-5.84,0.189,0.366,0.0,40.0,25.93,0.0,19.0,3880.0,13.0,-6.95,0.12,-1.02,0.03,2.43,0.16,-1.39,538.0,TEST2RR,AKR_TEST2RR,0.0,1.0,1.0,100.0
334640,2,walk,walk,17590,,17590.0,20.0,1.0,0.0,1.0,-6.02,0.198,0.651,0.0,40.0,25.93,0.0,20.0,3880.0,13.0,-6.83,0.12,-1.02,0.04,2.08,-0.56,-1.73,538.0,TEST2RR,AKR_TEST2RR,0.0,1.0,1.0,100.0
334680,2,walk,walk,17591,,17591.0,20.0,1.0,0.0,1.0,-6.18,0.204,0.139,0.0,40.0,25.93,0.0,20.0,3880.0,13.0,-6.54,0.12,-1.02,0.04,1.77,-2.07,-2.37,538.0,TEST2RR,AKR_TEST2RR,0.0,1.0,1.0,100.0
334680,2,walk,walk,17592,,17592.0,20.0,1.0,0.0,1.0,-6.33,0.204,-0.005,0.0,40.0,25.93,0.0,20.0,3880.0,13.0,-6.01,0.11,-1.02,0.04,1.62,-4.97,-3.2,538.0,TEST2RR,AKR_TEST2RR,0.0,1.0,1.0,100.0
334700,2,walk,walk,17593,,17593.0,20.0,1.0,0.0,1.0,-6.46,0.202,-0.336,0.0,40.0,25.93,0.0,20.0,3880.0,13.0,-5.19,0.09,-1.03,0.03,1.76,-9.72,-4.02,538.0,TEST2RR,AKR_TEST2RR,0.0,1.0,1.0,100.0
334720,2,walk,walk,17594,,17594.0,20.0,1.0,0.0,1.0,-6.57,0.195,-0.441,0.0,40.0,25.93,0.0,20.0,3880.0,13.0,-4.07,0.07,-1.03,0.03,2.21,-16.48,-4.53,538.0,TEST2RR,AKR_TEST2RR,0.0,1.0,1.0,100.0
334740,2,walk,walk,17595,,17595.0,20.0,1.0,0.0,1.0,-6.67,0.184,-0.927,0.0,40.0,25.93,0.0,20.0,3880.0,13.0,-2.72,0.05,-1.04,0.03,2.97,-24.97,-4.35,538.0,TEST2RR,AKR_TEST2RR,0.0,1.0,1.0,100.0
334780,2,walk,walk,17596,,17596.0,20.0,1.0,0.0,1.0,-6.76,0.17,-0.875,0.0,40.0,25.93,0.0,20.0,3880.0,13.0,-1.23,0.02,-1.05,0.03,3.99,-34.55,-3.22,538.0,TEST2RR,AKR_TEST2RR,0.0,1.0,1.0,100.0
334780,2,walk,walk,17597,,17597.0,20.0,0.0,0.0,1.0,-6.84,0.155,-1.365,0.0,40.0,25.93,0.0,19.0,3880.0,13.0,0.3,-0.01,-1.06,0.03,5.19,-44.48,-0.98,538.0,TEST2RR,AKR_TEST2RR,0.0,1.0,1.0,100.0
334820,2,walk,walk,17598,,17598.0,20.0,0.0,0.0,1.0,-6.9,0.138,-1.202,0.0,40.0,25.93,0.0,19.0,3880.0,13.0,1.76,-0.03,-1.07,0.03,6.46,-54.07,2.43,538.0,TEST2RR,AKR_TEST2RR,0.0,1.0,1.0,100.0
334840,2,walk,walk,17599,,17599.0,20.0,0.0,0.0,1.0,-6.95,0.119,-1.258,0.0,40.0,25.93,0.0,19.0,3880.0,13.0,3.11,-0.06,-1.07,0.03,7.69,-62.8,6.9,538.0,TEST2RR,AKR_TEST2RR,0.0,1.0,1.0,100.0
334840,2,walk,walk,17600,,17600.0,20.0,0.0,0.0,1.0,-6.98,0.1,-1.376,0.0,40.0,25.93,0.0,19.0,3880.0,13.0,4.31,-0.08,-1.08,0.02,8.77,-70.44,12.15,538.0,TEST2RR,AKR_TEST2RR,0.0,1.0,1.0,100.0
334860,2,walk,walk,17601,,17601.0,20.0,0.0,0.0,1.0,-6.98,0.081,-1.408,0.0,40.0,25.93,0.0,19.0,3880.0,13.0,5.33,-0.1,-1.07,0.02,9.6,-76.95,17.81,538.0,TEST2RR,AKR_TEST2RR,0.0,1.0,1.0,100.0
334880,2,walk,walk,17602,,17602.0,20.0,0.0,0.0,1.0,-6.96,0.065,-0.878,0.0,40.0,25.93,0.0,19.0,3880.0,13.0,6.15,-0.12,-1.07,0.01,10.11,-82.45,23.45,538.0,TEST2RR,AKR_TEST2RR,0.0,1.0,1.0,100.0
334900,2,walk,walk,17603,,17603.0,20.0,0.0,0.0,1.0,-6.89,0.052,-0.859,0.0,40.0,25.93,0.0,19.0,3880.0,13.0,6.76,-0.13,-1.06,-0.01,10.24,-87.11,28.66,538.0,TEST2RR,AKR_TEST2RR,0.0,1.0,1.0,100.0
334920,2,walk,walk,17604,,17604.0,20.0,0.0,0.0,1.0,-6.78,0.039,-1.475,0.0,40.0,25.93,0.0,19.0,3880.0,13.0,7.13,-0.13,-1.04,-0.02,9.96,-90.89,33.11,538.0,TEST2RR,AKR_TEST2RR,0.0,1.0,1.0,100.0
334940,2,walk,walk,17605,,17605.0,20.0,0.0,0.0,1.0,-6.62,-0.001,-2.693,0.0,40.0,25.93,0.0,19.0,3880.0,13.0,7.12,-0.13,-1.03,-0.03,9.11,-93.84,36.49,538.0,TEST2RR,AKR_TEST2RR,0.0,1.0,1.0,100.0
334980,2,walk,walk,17606,,17606.0,20.0,0.0,0.0,1.0,-6.4,-0.036,-1.866,0.0,40.0,25.93,0.0,19.0,3880.0,13.0,6.44,-0.11,-1.01,-0.05,7.78,-96.23,38.18,538.0,TEST2RR,AKR_TEST2RR,0.0,1.0,1.0,100.0
335020,2,walk,walk,17607,,17607.0,20.0,0.0,0.0,1.0,-6.12,-0.028,1.967,0.0,40.0,25.93,0.0,19.0,3880.0,13.0,4.84,-0.08,-1.0,-0.07,6.14,-98.12,37.55,538.0,TEST2RR,AKR_TEST2RR,0.0,1.0,1.0,100.0
335020,2,walk,walk,17608,,17608.0,20.0,0.0,0.0,1.0,-5.78,0.026,3.671,0.0,40.0,25.93,0.0,19.0,3880.0,13.0,2.45,-0.04,-1.0,-0.08,4.29,-98.93,34.92,538.0,TEST2RR,AKR_TEST2RR,0.0,1.0,1.0,100.0
335060,2,walk,walk,17609,,17609.0,20.0,0.0,0.0,1.0,-5.38,0.041,-0.805,0.0,40.0,25.93,0.0,19.0,3880.0,13.0,-0.37,0.01,-1.0,-0.09,2.34,-98.1,31.19,538.0,TEST2RR,AKR_TEST2RR,0.0,1.0,1.0,100.0
335100,2,walk,walk,17610,,17610.0,20.0,0.0,0.0,1.0,-4.93,0.024,-0.751,0.0,40.0,25.97,0.0,19.0,3880.0,13.0,-3.18,0.06,-1.01,-0.1,0.36,-95.44,26.99,538.0,TEST2RR,AKR_TEST2RR,0.0,1.0,1.0,100.0
335100,2,walk,walk,17611,,17611.0,20.0,0.0,0.0,1.0,-4.44,0.022,0.021,0.0,40.0,25.93,0.0,19.0,3880.0,13.0,-5.63,0.1,-1.01,-0.1,-1.58,-91.13,22.65,538.0,TEST2RR,AKR_TEST2RR,0.0,1.0,1.0,100.0
335100,2,walk,walk,17612,,17612.0,20.0,0.0,0.0,1.0,-3.92,0.027,0.527,0.0,40.0,25.93,0.0,19.0,3880.0,13.0,-7.54,0.14,-1.02,-0.1,-3.45,-85.49,18.32,538.0,TEST2RR,AKR_TEST2RR,0.0,1.0,1.0,100.0
335100,2,walk,walk,17613,,17613.0,20.0,0.0,0.0,1.0,-3.38,0.035,0.532,0.0,40.0,25.97,0.0,19.0,3880.0,13.0,-8.85,0.16,-1.03,-0.09,-5.14,-78.94,14.08,538.0,TEST2RR,AKR_TEST2RR,0.0,1.0,1.0,100.0
335140,2,walk,walk,17614,,17614.0,20.0,0.0,0.0,1.0,-2.84,0.044,0.461,0.0,40.0,25.93,0.0,19.0,3880.0,13.0,-9.62,0.17,-1.03,-0.09,-6.59,-71.84,10.06,538.0,TEST2RR,AKR_TEST2RR,0.0,1.0,1.0,100.0
335160,2,walk,walk,17615,,17615.0,20.0,0.0,0.0,1.0,-2.32,0.047,0.06,0.0,40.0,25.93,0.0,19.0,3880.0,13.0,-9.91,0.18,-1.03,-0.08,-7.75,-64.52,6.4,539.0,TEST2RR,AKR_TEST2RR,0.0,1.0,1.0,100.0
335180,2,walk,walk,17616,,17616.0,20.0,0.0,0.0,1.0,-1.82,0.049,0.019,0.0,40.0,25.97,0.0,19.0,3880.0,13.0,-9.84,0.18,-1.04,-0.08,-8.62,-57.22,3.22,539.0,TEST2RR,AKR_TEST2RR,0.0,1.0,1.0,100.0
335180,2,walk,walk,17617,,17617.0,20.0,0.0,6.0,2.0,-1.35,0.049,0.046,0.0,40.0,25.93,0.0,19.0,3880.0,13.0,-9.48,0.17,-1.04,-0.07,-9.2,-50.17,0.58,539.0,TEST2RR,AKR_TEST2RR,0.0,1.0,1.0,100.0
335220,2,walk,walk,17618,,17618.0,20.0,0.0,6.0,2.0,-0.93,0.05,0.193,-0.007,40.0,25.9,0.0,18.0,3880.0,13.0,-8.94,0.16,-1.04,-0.07,-9.53,-43.56,-1.35,539.0,TEST2RR,AKR_TEST2RR,0.0,1.0,1.0,100.0
335220,2,walk,walk,17619,,17619.0,20.0,0.0,6.0,2.0,-0.56,0.035,-1.114,-1.106,40.0,25.9,0.0,18.0,3880.0,13.0,-8.29,0.15,-1.04,-0.07,-9.63,-37.45,-2.4,539.0,TEST2RR,AKR_TEST2RR,0.0,1.0,1.0,100.0
335240,2,walk,walk,17620,,17620.0,20.0,0.0,6.0,2.0,-0.25,0.022,-0.632,-1.373,40.0,25.86,0.0,18.0,3880.0,13.0,-7.58,0.14,-1.04,-0.06,-9.52,-31.9,-2.63,539.0,TEST2RR,AKR_TEST2RR,0.0,1.0,1.0,100.0
335260,2,walk,walk,17621,,17621.0,20.0,1.0,6.0,2.0,0.01,0.016,-0.358,-1.434,40.0,25.86,0.0,19.0,3880.0,13.0,-6.85,0.13,-1.04,-0.06,-9.25,-26.95,-2.23,539.0,TEST2RR,AKR_TEST2RR,0.0,1.0,1.0,100.0
335280,2,walk,walk,17622,,17622.0,20.0,0.0,6.0,2.0,0.22,0.014,-0.162,-1.471,40.0,25.9,0.0,18.0,3880.0,13.0,-6.11,0.11,-1.04,-0.06,-8.84,-22.61,-1.43,539.0,TEST2RR,AKR_TEST2RR,0.0,1.0,1.0,100.0
335300,2,walk,walk,17623,,17623.0,20.0,1.0,6.0,2.0,0.37,0.012,-0.054,-1.339,40.0,25.9,0.0,19.0,3880.0,13.0,-5.37,0.1,-1.04,-0.06,-8.32,-18.84,-0.4,539.0,TEST2RR,AKR_TEST2RR,0.0,1.0,1.0,100.0
335340,2,walk,walk,17624,,17624.0,20.0,1.0,6.0,2.0,0.48,0.01,-0.103,-1.247,40.0,25.9,0.0,19.0,3880.0,13.0,-4.65,0.08,-1.04,-0.06,-7.75,-15.62,0.68,539.0,TEST2RR,AKR_TEST2RR,0.0,1.0,1.0,100.0
335340,2,walk,walk,17625,,17625.0,20.0,1.0,6.0,2.0,0.55,0.009,-0.181,-1.102,40.0,25.93,0.0,19.0,3880.0,13.0,-3.96,0.07,-1.04,-0.06,-7.14,-12.88,1.71,539.0,TEST2RR,AKR_TEST2RR,0.0,1.0,1.0,100.0
335360,2,walk,walk,17626,,17626.0,20.0,1.0,6.0,2.0,0.59,0.008,-0.085,-0.947,40.0,25.9,0.0,19.0,3880.0,13.0,-3.3,0.06,-1.03,-0.06,-6.54,-10.59,2.6,539.0,TEST2RR,AKR_TEST2RR,0.0,1.0,1.0,100.0
335380,2,walk,walk,17627,,17627.0,20.0,1.0,6.0,2.0,0.59,0.007,0.03,-0.887,40.0,25.9,0.0,19.0,3880.0,13.0,-2.68,0.05,-1.03,-0.05,-5.96,-8.68,3.33,539.0,TEST2RR,AKR_TEST2RR,0.0,1.0,1.0,100.0
335400,2,walk,walk,17628,,17628.0,20.0,1.0,6.0,2.0,0.58,0.007,0.103,-0.794,40.0,25.9,0.0,19.0,3880.0,13.0,-2.11,0.04,-1.03,-0.05,-5.42,-7.09,3.87,539.0,TEST2RR,AKR_TEST2RR,0.0,1.0,1.0,100.0
335440,2,walk,walk,17629,,17629.0,20.0,1.0,6.0,2.0,0.55,0.006,-0.093,-0.722,40.0,25.9,0.0,19.0,3880.0,13.0,-1.58,0.03,-1.03,-0.05,-4.93,-5.79,4.24,539.0,TEST2RR,AKR_TEST2RR,0.0,1.0,1.0,100.0
335480,2,walk,walk,17630,,17630.0,20.0,1.0,6.0,2.0,0.52,0.005,-0.072,-0.691,40.0,25.9,0.0,19.0,3880.0,13.0,-1.12,0.02,-1.03,-0.05,-4.48,-4.73,4.45,539.0,TEST2RR,AKR_TEST2RR,0.0,1.0,1.0,100.0
335480,2,walk,walk,17631,,17631.0,20.0,1.0,6.0,2.0,0.48,0.005,-0.045,-0.548,40.0,25.93,0.0,19.0,3880.0,13.0,-0.7,0.01,-1.03,-0.05,-4.08,-3.87,4.54,539.0,TEST2RR,AKR_TEST2RR,0.0,1.0,1.0,100.0
335500,2,walk,walk,17632,,17632.0,20.0,1.0,6.0,2.0,0.44,0.004,-0.048,-0.511,40.0,25.9,0.0,19.0,3880.0,13.0,-0.33,0.01,-1.03,-0.05,-3.72,-3.18,4.53,539.0,TEST2RR,AKR_TEST2RR,0.0,1.0,1.0,100.0
335500,2,walk,walk,17633,,17633.0,20.0,1.0,6.0,2.0,0.41,0.004,-0.079,-0.48,40.0,25.9,0.0,19.0,3880.0,13.0,-0.01,0.0,-1.03,-0.05,-3.4,-2.62,4.47,539.0,TEST2RR,AKR_TEST2RR,0.0,1.0,1.0,100.0
335520,2,walk,walk,17634,,17634.0,20.0,1.0,6.0,2.0,0.38,0.003,0.003,-0.362,40.0,25.93,0.0,19.0,3880.0,13.0,0.26,0.0,-1.02,-0.06,-3.11,-2.18,4.37,539.0,TEST2RR,AKR_TEST2RR,0.0,1.0,1.0,100.0
335540,2,walk,walk,17635,,17635.0,20.0,1.0,6.0,2.0,0.36,0.003,-0.091,-0.295,40.0,25.9,0.0,19.0,3880.0,13.0,0.5,-0.01,-1.02,-0.06,-2.86,-1.83,4.26,539.0,TEST2RR,AKR_TEST2RR,0.0,1.0,1.0,100.0
335560,2,walk,walk,17636,,17636.0,20.0,1.0,6.0,2.0,0.35,0.002,-0.04,-0.218,40.0,25.93,0.0,19.0,3880.0,13.0,0.71,-0.01,-1.02,-0.06,-2.65,-1.55,4.15,539.0,TEST2RR,AKR_TEST2RR,0.0,1.0,1.0,100.0
335580,2,walk,walk,17637,,17637.0,20.0,1.0,6.0,2.0,0.35,0.001,-0.011,-0.08,40.0,25.93,0.0,19.0,3880.0,13.0,0.9,-0.02,-1.02,-0.06,-2.48,-1.35,4.06,539.0,TEST2RR,AKR_TEST2RR,0.0,1.0,1.0,100.0
335600,2,walk,walk,17638,,17638.0,20.0,1.0,6.0,2.0,0.36,0.0,0.028,0.024,40.0,25.9,0.0,19.0,3880.0,13.0,1.06,-0.02,-1.02,-0.06,-2.36,-1.21,4.03,539.0,TEST2RR,AKR_TEST2RR,0.0,1.0,1.0,100.0
335640,2,walk,walk,17639,,17639.0,20.0,1.0,6.0,2.0,0.38,0.0,-0.015,0.03,40.0,25.9,0.0,19.0,3880.0,13.0,1.2,-0.02,-1.02,-0.06,-2.28,-1.14,4.08,539.0,TEST2RR,AKR_TEST2RR,0.0,1.0,1.0,100.0
335640,2,walk,walk,17640,,17640.0,20.0,1.0,6.0,2.0,0.41,-0.001,0.03,0.247,40.0,25.93,0.0,19.0,3880.0,13.0,1.33,-0.02,-1.02,-0.06,-2.24,-1.15,4.21,539.0,TEST2RR,AKR_TEST2RR,0.0,1.0,1.0,100.0
335680,2,walk,walk,17641,,17641.0,20.0,1.0,6.0,2.0,0.45,-0.002,-0.048,0.405,40.0,25.9,0.0,19.0,3880.0,13.0,1.44,-0.03,-1.02,-0.06,-2.22,-1.22,4.42,539.0,TEST2RR,AKR_TEST2RR,0.0,1.0,1.0,100.0
335680,2,walk,walk,17642,,17642.0,20.0,1.0,6.0,2.0,0.49,-0.004,-0.099,0.584,40.0,25.9,0.0,19.0,3880.0,13.0,1.55,-0.03,-1.02,-0.06,-2.21,-1.34,4.69,539.0,TEST2RR,AKR_TEST2RR,0.0,1.0,1.0,100.0
335700,2,walk,walk,17643,,17643.0,20.0,1.0,6.0,2.0,0.54,-0.005,-0.007,0.778,40.0,25.93,0.0,19.0,3880.0,13.0,1.66,-0.03,-1.02,-0.06,-2.22,-1.52,5.02,539.0,TEST2RR,AKR_TEST2RR,0.0,1.0,1.0,100.0
335740,2,walk,walk,17644,,17644.0,20.0,1.0,6.0,2.0,0.59,-0.007,-0.12,0.965,40.0,25.9,0.0,19.0,3880.0,13.0,1.76,-0.03,-1.02,-0.06,-2.22,-1.7,5.39,539.0,TEST2RR,AKR_TEST2RR,0.0,1.0,1.0,100.0
335760,2,walk,walk,17645,,17645.0,20.0,1.0,6.0,2.0,0.66,-0.009,-0.116,1.106,40.0,25.9,0.0,19.0,3880.0,13.0,1.87,-0.03,-1.02,-0.07,-2.22,-1.89,5.79,539.0,TEST2RR,AKR_TEST2RR,0.0,1.0,1.0,100.0
335780,2,walk,walk,17646,,17646.0,20.0,1.0,6.0,2.0,0.73,-0.01,-0.07,1.288,40.0,25.9,0.0,19.0,3880.0,13.0,1.98,-0.04,-1.02,-0.07,-2.19,-2.06,6.18,539.0,TEST2RR,AKR_TEST2RR,0.0,1.0,1.0,100.0
335780,2,walk,walk,17647,,17647.0,20.0,1.0,6.0,2.0,0.8,-0.012,-0.06,1.381,40.0,25.9,0.0,19.0,3880.0,13.0,2.1,-0.04,-1.02,-0.07,-2.13,-2.2,6.53,539.0,TEST2RR,AKR_TEST2RR,0.0,1.0,1.0,100.0
335820,2,walk,walk,17648,,17648.0,20.0,1.0,6.0,2.0,0.88,-0.013,-0.077,1.537,40.0,25.86,0.0,19.0,3880.0,13.0,2.23,-0.04,-1.02,-0.07,-2.03,-2.3,6.83,539.0,TEST2RR,AKR_TEST2RR,0.0,1.0,1.0,100.0
335840,2,walk,walk,17649,,17649.0,20.0,1.0,6.0,2.0,0.97,-0.014,-0.124,1.71,40.0,25.86,0.0,19.0,3880.0,13.0,2.38,-0.04,-1.02,-0.07,-1.88,-2.34,7.05,539.0,TEST2RR,AKR_TEST2RR,0.0,1.0,1.0,100.0
335860,2,walk,walk,17650,,17650.0,20.0,1.0,6.0,2.0,1.06,-0.015,-0.105,1.791,40.0,25.86,0.0,19.0,3880.0,13.0,2.53,-0.05,-1.02,-0.07,-1.69,-2.34,7.17,539.0,TEST2RR,AKR_TEST2RR,0.0,1.0,1.0,100.0
335880,2,walk,walk,17651,,17651.0,20.0,1.0,6.0,2.0,1.16,-0.015,0.057,1.86,40.0,25.86,0.0,19.0,3880.0,13.0,2.69,-0.05,-1.02,-0.07,-1.47,-2.3,7.19,539.0,TEST2RR,AKR_TEST2RR,0.0,1.0,1.0,100.0
335880,2,walk,walk,17652,,17652.0,20.0,1.0,6.0,2.0,1.26,-0.016,-0.005,1.944,40.0,25.86,0.0,19.0,3880.0,13.0,2.85,-0.05,-1.02,-0.07,-1.22,-2.22,7.11,539.0,TEST2RR,AKR_TEST2RR,0.0,1.0,1.0,100.0
335920,2,walk,walk,17653,,17653.0,20.0,1.0,6.0,2.0,1.37,-0.017,-0.015,1.987,40.0,25.86,0.0,19.0,3880.0,13.0,3.01,-0.05,-1.02,-0.08,-0.95,-2.1,6.94,539.0,TEST2RR,AKR_TEST2RR,0.0,1.0,1.0,100.0
335980,2,walk,walk,17654,,17654.0,20.0,1.0,6.0,2.0,1.48,-0.017,0.036,2.036,40.0,25.83,0.0,19.0,3880.0,13.0,3.17,-0.06,-1.02,-0.08,-0.69,-1.94,6.7,539.0,TEST2RR,AKR_TEST2RR,0.0,1.0,1.0,100.0
335980,2,walk,walk,17655,,17655.0,20.0,1.0,6.0,2.0,1.59,-0.017,-0.019,2.099,40.0,25.83,0.0,19.0,3880.0,13.0,3.32,-0.06,-1.02,-0.08,-0.44,-1.77,6.39,539.0,TEST2RR,AKR_TEST2RR,0.0,1.0,1.0,100.0
336020,2,walk,walk,17656,,17656.0,20.0,2.0,6.0,2.0,1.72,-0.018,0.001,2.098,40.0,25.83,0.0,20.0,3880.0,13.0,3.47,-0.06,-1.02,-0.08,-0.23,-1.59,6.03,539.0,TEST2RR,AKR_TEST2RR,0.0,1.0,1.0,100.0
336040,2,walk,walk,17657,,17657.0,20.0,2.0,6.0,2.0,1.84,-0.018,0.061,2.116,40.0,25.83,0.0,20.0,3880.0,13.0,3.62,-0.06,-1.02,-0.08,-0.05,-1.41,5.63,539.0,TEST2RR,AKR_TEST2RR,0.0,1.0,1.0,100.0
336040,2,walk,walk,17658,,17658.0,20.0,2.0,6.0,2.0,1.97,-0.018,0.013,2.112,40.0,25.83,0.0,20.0,3880.0,13.0,3.75,-0.07,-1.02,-0.08,0.05,-1.22,5.18,539.0,TEST2RR,AKR_TEST2RR,0.0,1.0,1.0,100.0
336060,2,walk,walk,17659,,17659.0,20.0,2.0,6.0,2.0,2.09,-0.018,0.037,2.105,40.0,25.83,0.0,20.0,3880.0,13.0,3.87,-0.07,-1.02,-0.08,0.08,-1.03,4.7,539.0,TEST2RR,AKR_TEST2RR,0.0,1.0,1.0,100.0
336060,2,walk,walk,17660,,17660.0,20.0,2.0,6.0,2.0,2.22,-0.017,0.079,2.075,40.0,25.83,0.0,20.0,3880.0,13.0,3.98,-0.07,-1.02,-0.08,0.03,-0.82,4.19,539.0,TEST2RR,AKR_TEST2RR,0.0,1.0,1.0,100.0
336060,2,walk,walk,17661,,17661.0,20.0,2.0,6.0,2.0,2.35,-0.017,-0.017,2.043,40.0,25.83,0.0,20.0,3880.0,13.0,4.07,-0.07,-1.02,-0.08,-0.1,-0.59,3.64,539.0,TEST2RR,AKR_TEST2RR,0.0,1.0,1.0,100.0
336100,2,walk,walk,17662,,17662.0,20.0,2.0,6.0,2.0,2.48,-0.017,-0.034,1.944,40.0,25.86,0.0,20.0,3880.0,13.0,4.15,-0.07,-1.01,-0.08,-0.29,-0.34,3.06,539.0,TEST2RR,AKR_TEST2RR,0.0,1.0,1.0,100.0
336120,2,walk,walk,17663,,17663.0,20.0,2.0,6.0,2.0,2.6,-0.015,0.139,1.76,40.0,25.86,0.0,20.0,3880.0,13.0,4.22,-0.07,-1.01,-0.08,-0.52,-0.08,2.44,540.0,TEST2RR,AKR_TEST2RR,0.0,1.0,1.0,100.0
336140,2,walk,walk,17664,,17664.0,20.0,2.0,6.0,2.0,2.72,-0.014,0.115,1.609,40.0,25.86,0.0,20.0,3880.0,13.0,4.28,-0.08,-1.01,-0.08,-0.78,0.19,1.76,540.0,TEST2RR,AKR_TEST2RR,0.0,1.0,1.0,100.0
336160,2,walk,walk,17665,,17665.0,20.0,2.0,6.0,2.0,2.84,-0.012,0.148,1.404,40.0,25.9,0.0,20.0,3880.0,13.0,4.31,-0.08,-1.01,-0.08,-1.04,0.47,1.03,540.0,TEST2RR,AKR_TEST2RR,0.0,1.0,1.0,100.0
336180,2,walk,walk,17666,,17666.0,20.0,2.0,6.0,2.0,2.95,-0.011,0.101,1.228,40.0,25.9,0.0,20.0,3880.0,13.0,4.33,-0.08,-1.01,-0.08,-1.31,0.75,0.26,540.0,TEST2RR,AKR_TEST2RR,0.0,1.0,1.0,100.0
336180,2,walk,walk,17667,,17667.0,20.0,2.0,6.0,2.0,3.06,-0.009,0.097,1.026,40.0,25.9,0.0,19.0,3880.0,13.0,4.33,-0.08,-1.01,-0.08,-1.57,1.02,-0.55,540.0,TEST2RR,AKR_TEST2RR,0.0,1.0,1.0,100.0
336220,2,walk,walk,17668,,17668.0,20.0,2.0,6.0,2.0,3.15,-0.007,0.115,0.846,40.0,25.9,0.0,19.0,3880.0,13.0,4.31,-0.08,-1.01,-0.08,-1.83,1.29,-1.37,540.0,TEST2RR,AKR_TEST2RR,0.0,1.0,1.0,100.0
336240,2,walk,walk,17669,,17669.0,20.0,2.0,6.0,2.0,3.24,-0.006,0.087,0.554,40.0,25.93,0.0,19.0,3880.0,13.0,4.28,-0.08,-1.01,-0.08,-2.09,1.55,-2.19,540.0,TEST2RR,AKR_TEST2RR,0.0,1.0,1.0,100.0
336240,2,walk,walk,17670,,17670.0,20.0,2.0,6.0,2.0,3.33,-0.004,0.107,0.366,40.0,25.9,0.0,19.0,3880.0,13.0,4.23,-0.07,-1.01,-0.08,-2.36,1.73,-3.05,540.0,TEST2RR,AKR_TEST2RR,0.0,1.0,1.0,100.0
336300,2,walk,walk,17671,,17671.0,20.0,2.0,6.0,2.0,3.4,-0.003,0.134,0.111,40.0,25.93,0.0,19.0,3880.0,13.0,4.16,-0.07,-1.01,-0.08,-2.64,1.87,-3.96,540.0,TEST2RR,AKR_TEST2RR,0.0,1.0,1.0,100.0
336300,2,walk,walk,17672,,17672.0,20.0,2.0,6.0,2.0,3.46,-0.001,0.169,-0.149,40.0,25.93,0.0,19.0,3880.0,13.0,4.07,-0.07,-1.01,-0.09,-2.9,1.98,-4.91,540.0,TEST2RR,AKR_TEST2RR,0.0,1.0,1.0,100.0
336300,2,walk,walk,17673,,17673.0,20.0,2.0,6.0,2.0,3.51,0.001,0.238,-0.444,40.0,25.9,0.0,19.0,3880.0,13.0,3.95,-0.07,-1.01,-0.09,-3.16,2.11,-5.88,540.0,TEST2RR,AKR_TEST2RR,0.0,1.0,1.0,100.0
336340,2,walk,walk,17674,,17674.0,20.0,2.0,6.0,2.0,3.54,0.004,0.179,-0.785,40.0,25.9,0.0,19.0,3880.0,13.0,3.81,-0.07,-1.01,-0.09,-3.44,2.23,-6.89,540.0,TEST2RR,AKR_TEST2RR,0.0,1.0,1.0,100.0
336360,2,walk,walk,17675,,17675.0,20.0,2.0,6.0,2.0,3.57,0.007,0.3,-1.277,40.0,25.9,0.0,19.0,3880.0,13.0,3.64,-0.06,-1.01,-0.09,-3.72,2.35,-7.91,540.0,TEST2RR,AKR_TEST2RR,0.0,1.0,1.0,100.0
336360,2,walk,walk,17676,,17676.0,20.0,2.0,6.0,2.0,3.57,0.012,0.323,-1.778,40.0,25.86,0.0,19.0,3880.0,13.0,3.45,-0.06,-1.01,-0.09,-3.97,2.48,-8.94,540.0,TEST2RR,AKR_TEST2RR,0.0,1.0,1.0,100.0
336400,2,walk,walk,17677,,17677.0,20.0,2.0,6.0,2.0,3.57,0.016,0.271,-2.267,40.0,25.83,0.0,19.0,3880.0,13.0,3.26,-0.06,-1.01,-0.1,-4.16,2.67,-9.97,540.0,TEST2RR,AKR_TEST2RR,0.0,1.0,1.0,100.0
336440,2,walk,walk,17678,,17678.0,20.0,2.0,6.0,2.0,3.55,0.02,0.131,-2.631,40.0,25.83,0.0,19.0,3880.0,13.0,3.08,-0.05,-1.01,-0.1,-4.29,2.88,-10.99,540.0,TEST2RR,AKR_TEST2RR,0.0,1.0,1.0,100.0
336440,2,walk,walk,17679,,17679.0,20.0,2.0,6.0,2.0,3.51,0.022,0.155,-2.897,40.0,25.79,0.0,19.0,3880.0,13.0,2.92,-0.05,-1.01,-0.1,-4.37,3.09,-12.03,540.0,TEST2RR,AKR_TEST2RR,0.0,1.0,1.0,100.0
336460,2,walk,walk,17680,,17680.0,20.0,2.0,6.0,2.0,3.46,0.025,0.123,-3.145,40.0,25.76,0.0,19.0,3880.0,13.0,2.79,-0.05,-1.01,-0.1,-4.47,3.25,-13.1,540.0,TEST2RR,AKR_TEST2RR,0.0,1.0,1.0,100.0
336460,2,walk,walk,17681,,17681.0,20.0,2.0,6.0,2.0,3.39,0.026,0.066,-3.14,40.0,25.76,0.0,19.0,3880.0,13.0,2.71,-0.05,-1.01,-0.1,-4.65,3.26,-14.24,540.0,TEST2RR,AKR_TEST2RR,0.0,1.0,1.0,100.0
336480,2,walk,walk,17682,,17682.0,20.0,2.0,6.0,2.0,3.3,0.025,-0.003,-3.1,40.0,25.76,0.0,19.0,3880.0,13.0,2.65,-0.05,-1.01,-0.1,-4.96,3.0,-15.47,540.0,TEST2RR,AKR_TEST2RR,0.0,1.0,1.0,100.0
336520,2,walk,walk,17683,,17683.0,20.0,2.0,6.0,2.0,3.19,0.024,-0.014,-2.912,40.0,25.76,0.0,19.0,3880.0,13.0,2.57,-0.05,-1.01,-0.1,-5.41,2.42,-16.81,540.0,TEST2RR,AKR_TEST2RR,0.0,1.0,1.0,100.0
336520,2,walk,walk,17684,,17684.0,20.0,2.0,6.0,2.0,3.07,0.022,-0.107,-2.709,40.0,25.79,0.0,19.0,3880.0,13.0,2.43,-0.04,-1.01,-0.1,-6.02,1.49,-18.19,540.0,TEST2RR,AKR_TEST2RR,0.0,1.0,1.0,100.0
336540,2,walk,walk,17685,,17685.0,20.0,2.0,6.0,2.0,2.92,0.021,0.009,-2.585,40.0,25.79,0.0,19.0,3880.0,13.0,2.19,-0.04,-1.01,-0.1,-6.78,0.21,-19.52,540.0,TEST2RR,AKR_TEST2RR,0.0,1.0,1.0,100.0
336580,2,walk,walk,17686,,17686.0,20.0,2.0,6.0,2.0,2.76,0.02,-0.025,-2.527,40.0,25.79,0.0,19.0,3880.0,13.0,1.84,-0.03,-1.01,-0.11,-7.68,-1.39,-20.73,540.0,TEST2RR,AKR_TEST2RR,0.0,1.0,1.0,100.0
336600,2,walk,walk,17687,,17687.0,20.0,2.0,6.0,2.0,2.58,0.02,0.054,-2.455,40.0,25.83,0.0,19.0,3880.0,13.0,1.37,-0.02,-1.01,-0.11,-8.7,-3.28,-21.72,540.0,TEST2RR,AKR_TEST2RR,0.0,1.0,1.0,100.0
336620,2,walk,walk,17688,,17688.0,20.0,2.0,6.0,2.0,2.38,0.019,-0.026,-2.336,40.0,25.83,0.0,19.0,3880.0,13.0,0.81,-0.01,-1.01,-0.11,-9.82,-5.42,-22.44,540.0,TEST2RR,AKR_TEST2RR,0.0,1.0,1.0,100.0
336640,2,walk,walk,17689,,17689.0,20.0,2.0,6.0,2.0,2.16,0.019,-0.124,-2.25,40.0,25.83,0.0,19.0,3880.0,13.0,0.18,0.0,-1.01,-0.11,-11.02,-7.77,-22.83,540.0,TEST2RR,AKR_TEST2RR,0.0,1.0,1.0,100.0
336640,2,walk,walk,17690,,17690.0,20.0,2.0,6.0,2.0,1.91,0.018,-0.018,-2.201,40.0,25.83,0.0,19.0,3880.0,13.0,-0.48,0.01,-1.01,-0.12,-12.26,-10.3,-22.87,540.0,TEST2RR,AKR_TEST2RR,0.0,1.0,1.0,100.0
336660,2,walk,walk,17691,,17691.0,20.0,2.0,6.0,2.0,1.65,0.017,-0.034,-2.1,40.0,25.83,0.0,19.0,3880.0,13.0,-1.14,0.02,-1.0,-0.12,-13.51,-13.0,-22.58,540.0,TEST2RR,AKR_TEST2RR,0.0,1.0,1.0,100.0
336700,2,walk,walk,17692,,17692.0,20.0,2.0,6.0,2.0,1.37,0.016,-0.021,-1.999,40.0,25.86,0.0,19.0,3880.0,13.0,-1.76,0.03,-1.0,-0.13,-14.72,-15.86,-21.98,540.0,TEST2RR,AKR_TEST2RR,0.0,1.0,1.0,100.0
336700,2,walk,walk,17693,,17693.0,20.0,2.0,6.0,2.0,1.07,0.015,0.018,-1.905,40.0,25.86,0.0,19.0,3880.0,13.0,-2.33,0.04,-1.0,-0.13,-15.83,-18.86,-21.13,540.0,TEST2RR,AKR_TEST2RR,0.0,1.0,1.0,100.0
336720,2,walk,walk,17694,,17694.0,20.0,2.0,6.0,2.0,0.76,0.015,-0.07,-1.809,40.0,25.86,0.0,19.0,3880.0,13.0,-2.84,0.05,-1.0,-0.14,-16.79,-21.94,-20.11,540.0,TEST2RR,AKR_TEST2RR,0.0,1.0,1.0,100.0
336780,2,walk,walk,17695,,17695.0,20.0,2.0,6.0,2.0,0.43,0.015,0.105,-1.827,40.0,25.86,0.0,19.0,3880.0,13.0,-3.28,0.06,-1.0,-0.15,-17.53,-25.02,-18.98,540.0,TEST2RR,AKR_TEST2RR,0.0,1.0,1.0,100.0
336780,2,walk,walk,17696,,17696.0,20.0,2.0,6.0,2.0,0.09,0.014,-0.096,-1.819,40.0,25.86,0.0,19.0,3880.0,13.0,-3.67,0.06,-1.0,-0.16,-18.01,-27.95,-17.78,540.0,TEST2RR,AKR_TEST2RR,0.0,1.0,1.0,100.0
336780,2,walk,walk,17697,,17697.0,20.0,2.0,6.0,2.0,-0.27,0.014,0.013,-1.785,40.0,25.86,0.0,19.0,3880.0,13.0,-4.0,0.07,-1.0,-0.18,-18.19,-30.55,-16.56,540.0,TEST2RR,AKR_TEST2RR,0.0,1.0,1.0,100.0
336820,2,walk,walk,17698,,17698.0,20.0,2.0,6.0,2.0,-0.62,0.014,-0.033,-1.815,40.0,25.86,0.0,19.0,3880.0,13.0,-4.29,0.07,-0.99,-0.19,-18.02,-32.63,-15.34,540.0,TEST2RR,AKR_TEST2RR,0.0,1.0,1.0,100.0
336820,2,walk,walk,17699,,17699.0,20.0,2.0,6.0,2.0,-0.99,0.014,0.01,-1.762,40.0,25.86,0.0,19.0,3880.0,13.0,-4.55,0.08,-0.99,-0.2,-17.51,-33.99,-14.1,540.0,TEST2RR,AKR_TEST2RR,0.0,1.0,1.0,100.0
336840,2,walk,walk,17700,,17700.0,20.0,2.0,6.0,2.0,-1.35,0.014,-0.052,-1.766,40.0,25.86,0.0,19.0,3880.0,13.0,-4.78,0.08,-0.99,-0.21,-16.66,-34.5,-12.86,540.0,TEST2RR,AKR_TEST2RR,0.0,1.0,1.0,100.0
336880,2,walk,walk,17701,,17701.0,20.0,2.0,6.0,2.0,-1.72,0.014,-0.042,-1.736,40.0,25.86,0.0,19.0,3880.0,13.0,-4.97,0.09,-0.99,-0.23,-15.48,-34.09,-11.61,540.0,TEST2RR,AKR_TEST2RR,0.0,1.0,1.0,100.0
336900,2,walk,walk,17702,,17702.0,20.0,2.0,6.0,2.0,-2.07,0.014,0.073,-1.764,40.0,25.86,0.0,19.0,3880.0,13.0,-5.14,0.09,-0.99,-0.24,-14.02,-32.77,-10.35,540.0,TEST2RR,AKR_TEST2RR,0.0,1.0,1.0,100.0
336920,2,walk,walk,17703,,17703.0,20.0,2.0,6.0,2.0,-2.42,0.014,-0.045,-1.773,40.0,25.86,0.0,19.0,3880.0,13.0,-5.26,0.09,-0.99,-0.25,-12.33,-30.67,-9.1,540.0,TEST2RR,AKR_TEST2RR,0.0,1.0,1.0,100.0
336940,2,walk,walk,17704,,17704.0,20.0,2.0,6.0,2.0,-2.76,0.014,0.003,-1.789,40.0,25.86,0.0,19.0,3880.0,13.0,-5.33,0.09,-0.98,-0.25,-10.44,-27.97,-7.88,540.0,TEST2RR,AKR_TEST2RR,0.0,1.0,1.0,100.0
336940,2,walk,walk,17705,,17705.0,20.0,2.0,6.0,2.0,-3.09,0.014,0.023,-1.818,40.0,25.86,0.0,19.0,3880.0,13.0,-5.36,0.09,-0.98,-0.26,-8.42,-24.85,-6.72,540.0,TEST2RR,AKR_TEST2RR,0.0,1.0,1.0,100.0
336960,2,walk,walk,17706,,17706.0,20.0,2.0,6.0,2.0,-3.41,0.014,0.032,-1.779,40.0,25.86,0.0,19.0,3880.0,13.0,-5.36,0.09,-0.98,-0.27,-6.34,-21.51,-5.63,540.0,TEST2RR,AKR_TEST2RR,0.0,1.0,1.0,100.0
337000,2,walk,walk,17707,,17707.0,20.0,2.0,6.0,2.0,-3.71,0.014,-0.015,-1.823,40.0,25.86,0.0,19.0,3880.0,13.0,-5.32,0.09,-0.98,-0.27,-4.25,-18.13,-4.65,540.0,TEST2RR,AKR_TEST2RR,0.0,1.0,1.0,100.0
337000,2,walk,walk,17708,,17708.0,20.0,2.0,6.0,2.0,-3.99,0.014,0.011,-1.82,40.0,25.86,0.0,19.0,3880.0,13.0,-5.25,0.09,-0.98,-0.27,-2.22,-14.82,-3.77,540.0,TEST2RR,AKR_TEST2RR,0.0,1.0,1.0,100.0
337020,2,walk,walk,17709,,17709.0,20.0,2.0,6.0,2.0,-4.25,0.015,0.023,-1.849,40.0,25.86,0.0,19.0,3880.0,13.0,-5.17,0.09,-0.98,-0.27,-0.31,-11.67,-3.0,540.0,TEST2RR,AKR_TEST2RR,0.0,1.0,1.0,100.0
337060,2,walk,walk,17710,,17710.0,20.0,2.0,6.0,2.0,-4.49,0.015,0.113,-1.835,40.0,25.86,0.0,19.0,3880.0,13.0,-5.09,0.09,-0.98,-0.27,1.44,-8.73,-2.35,540.0,TEST2RR,AKR_TEST2RR,0.0,1.0,1.0,100.0
337080,2,walk,walk,17711,,17711.0,20.0,0.0,6.0,2.0,-4.72,0.015,0.053,-1.884,40.0,25.86,0.0,17.0,3880.0,13.0,-5.0,0.09,-0.98,-0.27,2.98,-6.02,-1.81,541.0,TEST2RR,AKR_TEST2RR,0.0,1.0,1.0,100.0
337100,2,walk,walk,17712,,17712.0,20.0,1.0,6.0,2.0,-4.92,0.015,0.018,-1.879,40.0,25.86,0.0,18.0,3880.0,13.0,-4.93,0.08,-0.98,-0.27,4.28,-3.58,-1.36,541.0,TEST2RR,AKR_TEST2RR,0.0,1.0,1.0,100.0
337100,2,walk,walk,17713,,17713.0,20.0,1.0,6.0,2.0,-5.1,0.015,-0.06,-1.912,40.0,25.86,0.0,18.0,3880.0,13.0,-4.85,0.08,-0.98,-0.26,5.32,-1.42,-1.0,541.0,TEST2RR,AKR_TEST2RR,0.0,1.0,1.0,100.0
337120,2,walk,walk,17714,,17714.0,20.0,1.0,6.0,2.0,-5.27,0.015,0.068,-1.933,40.0,25.86,0.0,18.0,3880.0,13.0,-4.78,0.08,-0.98,-0.26,6.08,0.41,-0.72,541.0,TEST2RR,AKR_TEST2RR,0.0,1.0,1.0,100.0
337140,2,walk,walk,17715,,17715.0,20.0,1.0,6.0,2.0,-5.41,0.015,-0.003,-1.945,40.0,25.86,0.0,18.0,3880.0,13.0,-4.71,0.08,-0.98,-0.25,6.58,1.86,-0.51,541.0,TEST2RR,AKR_TEST2RR,0.0,1.0,1.0,100.0
337180,2,walk,walk,17716,,17716.0,20.0,1.0,6.0,2.0,-5.54,0.015,0.028,-1.931,40.0,25.86,0.0,18.0,3880.0,13.0,-4.64,0.08,-0.98,-0.24,6.82,2.91,-0.38,541.0,TEST2RR,AKR_TEST2RR,0.0,1.0,1.0,100.0
337180,2,walk,walk,17717,,17717.0,20.0,1.0,6.0,2.0,-5.65,0.015,-0.049,-1.929,40.0,25.86,0.0,18.0,3880.0,13.0,-4.57,0.08,-0.98,-0.24,6.82,3.54,-0.31,541.0,TEST2RR,AKR_TEST2RR,0.0,1.0,1.0,100.0
337200,2,walk,walk,17718,,17718.0,20.0,1.0,6.0,2.0,-5.74,0.015,0.056,-1.89,40.0,25.86,0.0,18.0,3880.0,13.0,-4.51,0.08,-0.98,-0.23,6.61,3.76,-0.31,541.0,TEST2RR,AKR_TEST2RR,0.0,1.0,1.0,100.0
337240,2,walk,walk,17719,,17719.0,20.0,1.0,6.0,2.0,-5.81,0.015,-0.04,-1.949,40.0,25.86,0.0,18.0,3880.0,13.0,-4.46,0.08,-0.98,-0.23,6.21,3.61,-0.37,541.0,TEST2RR,AKR_TEST2RR,0.0,1.0,1.0,100.0
337260,2,walk,walk,17720,,17720.0,20.0,1.0,6.0,2.0,-5.88,0.015,-0.079,-1.97,40.0,25.86,0.0,18.0,3880.0,13.0,-4.41,0.08,-0.98,-0.23,5.67,3.13,-0.49,541.0,TEST2RR,AKR_TEST2RR,0.0,1.0,1.0,100.0
337280,2,walk,walk,17721,,17721.0,20.0,1.0,6.0,2.0,-5.93,0.015,0.003,-1.91,40.0,25.86,0.0,18.0,3880.0,13.0,-4.37,0.08,-0.98,-0.22,5.01,2.39,-0.66,541.0,TEST2RR,AKR_TEST2RR,0.0,1.0,1.0,100.0
337280,2,walk,walk,17722,,17722.0,20.0,1.0,6.0,2.0,-5.96,0.015,0.025,-1.914,40.0,25.86,0.0,18.0,3880.0,13.0,-4.35,0.07,-0.98,-0.22,4.28,1.44,-0.89,541.0,TEST2RR,AKR_TEST2RR,0.0,1.0,1.0,100.0
337300,2,walk,walk,17723,,17723.0,20.0,1.0,6.0,2.0,-5.99,0.015,0.011,-1.914,40.0,25.86,0.0,18.0,3880.0,13.0,-4.33,0.07,-0.98,-0.22,3.51,0.31,-1.16,541.0,TEST2RR,AKR_TEST2RR,0.0,1.0,1.0,100.0
337320,2,walk,walk,17724,,17724.0,20.0,1.0,6.0,2.0,-6.01,0.015,0.123,-1.913,40.0,25.86,0.0,18.0,3880.0,13.0,-4.32,0.07,-0.98,-0.22,2.73,-0.94,-1.49,541.0,TEST2RR,AKR_TEST2RR,0.0,1.0,1.0,100.0
337360,2,walk,walk,17725,,17725.0,20.0,1.0,6.0,2.0,-6.03,0.015,0.048,-1.912,40.0,25.86,0.0,18.0,3880.0,13.0,-4.32,0.07,-0.98,-0.22,1.96,-2.26,-1.85,541.0,TEST2RR,AKR_TEST2RR,0.0,1.0,1.0,100.0
337380,2,walk,walk,17726,,17726.0,20.0,1.0,6.0,2.0,-6.04,0.015,0.058,-1.947,40.0,25.86,0.0,18.0,3880.0,13.0,-4.33,0.07,-0.98,-0.22,1.22,-3.6,-2.23,541.0,TEST2RR,AKR_TEST2RR,0.0,1.0,1.0,100.0
337380,2,walk,walk,17727,,17727.0,20.0,1.0,6.0,2.0,-6.04,0.015,-0.06,-1.923,40.0,25.86,0.0,18.0,3880.0,13.0,-4.36,0.08,-0.98,-0.22,0.53,-4.9,-2.63,541.0,TEST2RR,AKR_TEST2RR,0.0,1.0,1.0,100.0
337400,2,walk,walk,17728,,17728.0,20.0,1.0,6.0,2.0,-6.05,0.015,0.03,-1.899,40.0,25.86,0.0,18.0,3880.0,13.0,-4.4,0.08,-0.98,-0.22,-0.11,-6.12,-3.03,541.0,TEST2RR,AKR_TEST2RR,0.0,1.0,1.0,100.0
337440,2,walk,walk,17729,,17729.0,20.0,1.0,6.0,2.0,-6.05,0.015,0.01,-1.907,40.0,25.86,0.0,18.0,3880.0,13.0,-4.45,0.08,-0.98,-0.22,-0.7,-7.21,-3.4,541.0,TEST2RR,AKR_TEST2RR,0.0,1.0,1.0,100.0
337440,2,walk,walk,17730,,17730.0,20.0,1.0,6.0,2.0,-6.05,0.015,-0.041,-1.903,40.0,25.86,0.0,18.0,3880.0,13.0,-4.52,0.08,-0.98,-0.22,-1.23,-8.15,-3.75,541.0,TEST2RR,AKR_TEST2RR,0.0,1.0,1.0,100.0
337460,2,walk,walk,17731,,17731.0,20.0,1.0,6.0,2.0,-6.05,0.015,0.003,-1.914,40.0,25.86,0.0,18.0,3880.0,13.0,-4.6,0.08,-0.98,-0.22,-1.71,-8.9,-4.05,541.0,TEST2RR,AKR_TEST2RR,0.0,1.0,1.0,100.0
337500,2,walk,walk,17732,,17732.0,20.0,1.0,6.0,2.0,-6.05,0.015,-0.003,-1.911,40.0,25.86,0.0,18.0,3880.0,13.0,-4.69,0.08,-0.98,-0.23,-2.15,-9.43,-4.31,541.0,TEST2RR,AKR_TEST2RR,0.0,1.0,1.0,100.0
337500,2,walk,walk,17733,,17733.0,20.0,1.0,6.0,2.0,-6.06,0.015,0.045,-1.902,40.0,25.86,0.0,18.0,3880.0,13.0,-4.78,0.08,-0.98,-0.23,-2.53,-9.74,-4.51,541.0,TEST2RR,AKR_TEST2RR,0.0,1.0,1.0,100.0
337520,2,walk,walk,17734,,17734.0,20.0,1.0,6.0,2.0,-6.07,0.015,-0.023,-1.888,40.0,25.86,0.0,18.0,3880.0,13.0,-4.88,0.08,-0.98,-0.23,-2.86,-9.83,-4.67,541.0,TEST2RR,AKR_TEST2RR,0.0,1.0,1.0,100.0
337540,2,walk,walk,17735,,17735.0,20.0,1.0,6.0,2.0,-6.08,0.015,0.069,-1.896,40.0,25.86,0.0,18.0,3880.0,13.0,-4.99,0.09,-0.98,-0.23,-3.15,-9.73,-4.77,541.0,TEST2RR,AKR_TEST2RR,0.0,1.0,1.0,100.0
337580,2,walk,walk,17736,,17736.0,20.0,1.0,6.0,2.0,-6.1,0.015,-0.036,-1.861,40.0,25.86,0.0,18.0,3880.0,13.0,-5.1,0.09,-0.98,-0.24,-3.4,-9.48,-4.8,541.0,TEST2RR,AKR_TEST2RR,0.0,1.0,1.0,100.0
337600,2,walk,walk,17737,,17737.0,20.0,1.0,6.0,2.0,-6.13,0.015,-0.025,-1.82,40.0,25.86,0.0,18.0,3880.0,13.0,-5.23,0.09,-0.98,-0.24,-3.61,-9.13,-4.72,541.0,TEST2RR,AKR_TEST2RR,0.0,1.0,1.0,100.0
337600,2,walk,walk,17738,,17738.0,20.0,1.0,6.0,2.0,-6.15,0.015,0.017,-1.842,40.0,25.86,0.0,18.0,3880.0,13.0,-5.39,0.09,-0.98,-0.24,-3.79,-8.72,-4.52,541.0,TEST2RR,AKR_TEST2RR,0.0,1.0,1.0,100.0
337620,2,walk,walk,17739,,17739.0,20.0,1.0,6.0,2.0,-6.18,0.014,-0.025,-1.848,40.0,25.86,0.0,18.0,3880.0,13.0,-5.56,0.1,-0.98,-0.25,-3.92,-8.27,-4.14,541.0,TEST2RR,AKR_TEST2RR,0.0,1.0,1.0,100.0
337660,2,walk,walk,17740,,17740.0,20.0,1.0,6.0,2.0,-6.22,0.015,0.021,-1.818,40.0,25.86,0.0,18.0,3880.0,13.0,-5.75,0.1,-0.98,-0.25,-4.01,-7.81,-3.57,541.0,TEST2RR,AKR_TEST2RR,0.0,1.0,1.0,100.0
337660,2,walk,walk,17741,,17741.0,20.0,2.0,6.0,2.0,-6.26,0.015,0.036,-1.82,40.0,25.86,0.0,19.0,3880.0,13.0,-5.91,0.1,-0.98,-0.25,-4.03,-7.37,-2.83,541.0,TEST2RR,AKR_TEST2RR,0.0,1.0,1.0,100.0
337680,2,walk,walk,17742,,17742.0,20.0,2.0,6.0,2.0,-6.3,0.015,0.011,-1.842,40.0,25.86,0.0,19.0,3880.0,13.0,-6.05,0.1,-0.98,-0.25,-3.96,-7.01,-1.95,541.0,TEST2RR,AKR_TEST2RR,0.0,1.0,1.0,100.0
337720,2,walk,walk,17743,,17743.0,20.0,2.0,6.0,2.0,-6.35,0.015,0.01,-1.82,40.0,25.86,0.0,19.0,3880.0,13.0,-6.14,0.1,-0.97,-0.26,-3.79,-6.79,-0.95,541.0,TEST2RR,AKR_TEST2RR,0.0,1.0,1.0,100.0
337740,2,walk,walk,17744,,17744.0,20.0,2.0,6.0,2.0,-6.39,0.014,0.023,-1.812,40.0,25.86,0.0,19.0,3880.0,13.0,-6.18,0.11,-0.97,-0.26,-3.51,-6.76,0.11,541.0,TEST2RR,AKR_TEST2RR,0.0,1.0,1.0,100.0
337760,2,walk,walk,17745,,17745.0,20.0,2.0,6.0,2.0,-6.43,0.014,0.05,-1.791,40.0,25.86,0.0,19.0,3880.0,13.0,-6.17,0.11,-0.97,-0.26,-3.14,-6.96,1.21,541.0,TEST2RR,AKR_TEST2RR,0.0,1.0,1.0,100.0
337780,2,walk,walk,17746,,17746.0,20.0,2.0,6.0,2.0,-6.48,0.014,-0.002,-1.845,40.0,25.86,0.0,19.0,3880.0,13.0,-6.1,0.1,-0.97,-0.27,-2.73,-7.41,2.28,541.0,TEST2RR,AKR_TEST2RR,0.0,1.0,1.0,100.0
337800,2,walk,walk,17747,,17747.0,20.0,2.0,6.0,2.0,-6.51,0.014,-0.032,-1.832,40.0,25.86,0.0,19.0,3880.0,13.0,-5.97,0.1,-0.97,-0.27,-2.33,-8.11,3.27,541.0,TEST2RR,AKR_TEST2RR,0.0,1.0,1.0,100.0
337800,2,walk,walk,17748,,17748.0,20.0,2.0,6.0,2.0,-6.55,0.014,-0.056,-1.82,40.0,25.86,0.0,19.0,3880.0,13.0,-5.78,0.1,-0.97,-0.27,-1.97,-9.05,4.14,541.0,TEST2RR,AKR_TEST2RR,0.0,1.0,1.0,100.0
337840,2,walk,walk,17749,,17749.0,20.0,2.0,6.0,2.0,-6.57,0.014,-0.052,-1.78,40.0,25.86,0.0,19.0,3880.0,13.0,-5.53,0.09,-0.97,-0.27,-1.7,-10.27,4.83,541.0,TEST2RR,AKR_TEST2RR,0.0,1.0,1.0,100.0
337840,2,walk,walk,17750,,17750.0,20.0,2.0,6.0,2.0,-6.59,0.014,-0.04,-1.816,40.0,25.86,0.0,19.0,3880.0,13.0,-5.23,0.09,-0.97,-0.27,-1.56,-11.76,5.32,541.0,TEST2RR,AKR_TEST2RR,0.0,1.0,1.0,100.0
337860,2,walk,walk,17751,,17751.0,20.0,2.0,6.0,2.0,-6.59,0.014,0.12,-1.817,40.0,25.86,0.0,19.0,3880.0,13.0,-4.9,0.08,-0.97,-0.27,-1.58,-13.57,5.6,541.0,TEST2RR,AKR_TEST2RR,0.0,1.0,1.0,100.0
337920,2,walk,walk,17752,,17752.0,20.0,2.0,6.0,2.0,-6.59,0.014,0.021,-1.767,40.0,25.86,0.0,19.0,3880.0,13.0,-4.55,0.08,-0.97,-0.27,-1.79,-15.63,5.67,541.0,TEST2RR,AKR_TEST2RR,0.0,1.0,1.0,100.0
337920,2,walk,walk,17753,,17753.0,20.0,2.0,6.0,2.0,-6.57,0.014,-0.101,-1.644,40.0,25.86,0.0,19.0,3880.0,13.0,-4.21,0.07,-0.97,-0.27,-2.19,-17.7,5.59,541.0,TEST2RR,AKR_TEST2RR,0.0,1.0,1.0,100.0
337920,2,walk,walk,17754,,17754.0,20.0,2.0,6.0,2.0,-6.54,0.012,-0.124,-1.467,40.0,25.86,0.0,19.0,3880.0,13.0,-3.91,0.07,-0.97,-0.27,-2.8,-19.47,5.42,541.0,TEST2RR,AKR_TEST2RR,0.0,1.0,1.0,100.0
337960,2,walk,walk,17755,,17755.0,20.0,2.0,6.0,2.0,-6.5,0.011,-0.015,-1.344,40.0,25.9,0.0,19.0,3880.0,13.0,-3.66,0.06,-0.97,-0.27,-3.6,-20.69,5.25,541.0,TEST2RR,AKR_TEST2RR,0.0,1.0,1.0,100.0
337960,2,walk,walk,17756,,17756.0,20.0,2.0,6.0,2.0,-6.45,0.01,-0.026,-1.257,40.0,25.9,0.0,19.0,3880.0,13.0,-3.45,0.06,-0.97,-0.26,-4.58,-21.28,5.13,541.0,TEST2RR,AKR_TEST2RR,0.0,1.0,1.0,100.0
337980,2,walk,walk,17757,,17757.0,20.0,2.0,6.0,2.0,-6.38,0.009,-0.164,-1.078,40.0,25.9,0.0,19.0,3880.0,13.0,-3.26,0.06,-0.97,-0.26,-5.72,-21.25,5.06,541.0,TEST2RR,AKR_TEST2RR,0.0,1.0,1.0,100.0
338020,2,walk,walk,17758,,17758.0,20.0,2.0,6.0,2.0,-6.31,0.007,-0.064,-0.88,40.0,25.9,0.0,19.0,3880.0,13.0,-3.07,0.05,-0.97,-0.26,-6.97,-20.68,5.06,541.0,TEST2RR,AKR_TEST2RR,0.0,1.0,1.0,100.0
338020,2,walk,walk,17759,,17759.0,20.0,2.0,6.0,2.0,-6.22,0.006,-0.091,-0.772,40.0,25.9,0.0,19.0,3880.0,13.0,-2.89,0.05,-0.97,-0.26,-8.3,-19.68,5.09,541.0,TEST2RR,AKR_TEST2RR,0.0,1.0,1.0,100.0
338080,2,walk,walk,17760,,17760.0,20.0,2.0,6.0,2.0,-6.13,0.005,-0.113,-0.64,40.0,25.93,0.0,19.0,3880.0,13.0,-2.7,0.05,-0.97,-0.27,-9.67,-18.38,5.14,542.0,TEST2RR,AKR_TEST2RR,0.0,1.0,1.0,100.0
338080,2,walk,walk,17761,,17761.0,20.0,2.0,6.0,2.0,-6.03,0.004,-0.026,-0.546,40.0,25.93,0.0,19.0,3880.0,13.0,-2.51,0.04,-0.97,-0.27,-11.02,-16.87,5.19,542.0,TEST2RR,AKR_TEST2RR,0.0,1.0,1.0,100.0
338080,2,walk,walk,17762,,17762.0,20.0,2.0,6.0,2.0,-5.92,0.004,0.033,-0.472,40.0,25.93,0.0,19.0,3880.0,13.0,-2.32,0.04,-0.97,-0.27,-12.31,-15.26,5.24,542.0,TEST2RR,AKR_TEST2RR,0.0,1.0,1.0,100.0
338100,2,walk,walk,17763,,17763.0,20.0,2.0,6.0,2.0,-5.81,0.003,0.034,-0.378,40.0,25.93,0.0,19.0,3880.0,13.0,-2.13,0.04,-0.97,-0.28,-13.49,-13.63,5.25,542.0,TEST2RR,AKR_TEST2RR,0.0,1.0,1.0,100.0
338140,2,walk,walk,17764,,17764.0,20.0,2.0,6.0,2.0,-5.69,0.003,-0.033,-0.341,40.0,25.93,0.0,19.0,3880.0,13.0,-1.95,0.03,-0.96,-0.29,-14.52,-12.02,5.23,542.0,TEST2RR,AKR_TEST2RR,0.0,1.0,1.0,100.0
338140,2,walk,walk,17765,,17765.0,20.0,2.0,6.0,2.0,-5.56,0.002,-0.058,-0.288,40.0,25.93,0.0,19.0,3880.0,13.0,-1.76,0.03,-0.96,-0.29,-15.36,-10.5,5.18,542.0,TEST2RR,AKR_TEST2RR,0.0,1.0,1.0,100.0
338180,2,walk,walk,17766,,17766.0,20.0,2.0,6.0,2.0,-5.43,0.002,-0.073,-0.205,40.0,25.93,0.0,19.0,3880.0,13.0,-1.59,0.03,-0.96,-0.3,-15.98,-9.07,5.08,542.0,TEST2RR,AKR_TEST2RR,0.0,1.0,1.0,100.0
338200,2,walk,walk,17767,,17767.0,20.0,2.0,6.0,2.0,-5.3,0.001,-0.04,-0.131,40.0,25.9,0.0,18.0,3880.0,13.0,-1.42,0.02,-0.96,-0.31,-16.36,-7.78,4.94,542.0,TEST2RR,AKR_TEST2RR,0.0,1.0,1.0,100.0
338220,2,walk,walk,17768,,17768.0,20.0,2.0,6.0,2.0,-5.17,0.001,0.033,-0.104,40.0,25.93,0.0,18.0,3880.0,13.0,-1.27,0.02,-0.95,-0.32,-16.47,-6.61,4.77,542.0,TEST2RR,AKR_TEST2RR,0.0,1.0,1.0,100.0
338240,2,walk,walk,17769,,17769.0,20.0,2.0,6.0,2.0,-5.03,0.001,0.006,-0.109,40.0,25.93,0.0,18.0,3880.0,13.0,-1.12,0.02,-0.95,-0.33,-16.32,-5.58,4.57,542.0,TEST2RR,AKR_TEST2RR,0.0,1.0,1.0,100.0
338260,2,walk,walk,17770,,17770.0,20.0,2.0,6.0,2.0,-4.89,0.001,-0.062,-0.063,40.0,25.93,0.0,18.0,3880.0,13.0,-0.99,0.02,-0.95,-0.34,-15.9,-4.68,4.33,542.0,TEST2RR,AKR_TEST2RR,0.0,1.0,1.0,100.0
338260,2,walk,walk,17771,,17771.0,20.0,2.0,6.0,2.0,-4.75,0.0,-0.026,-0.051,40.0,25.93,0.0,18.0,3880.0,13.0,-0.86,0.01,-0.95,-0.35,-15.22,-3.88,4.06,542.0,TEST2RR,AKR_TEST2RR,0.0,1.0,1.0,100.0
338280,2,walk,walk,17772,,17772.0,20.0,2.0,6.0,2.0,-4.61,0.0,0.025,-0.081,40.0,25.93,0.0,18.0,3880.0,13.0,-0.75,0.01,-0.95,-0.36,-14.3,-3.18,3.78,542.0,TEST2RR,AKR_TEST2RR,0.0,1.0,1.0,100.0
338320,2,walk,walk,17773,,17773.0,20.0,2.0,6.0,2.0,-4.47,0.0,-0.01,-0.1,40.0,25.93,0.0,18.0,3880.0,13.0,-0.66,0.01,-0.94,-0.37,-13.15,-2.57,3.48,542.0,TEST2RR,AKR_TEST2RR,0.0,1.0,1.0,100.0
338340,2,walk,walk,17774,,17774.0,20.0,2.0,6.0,2.0,-4.33,0.0,0.033,-0.015,40.0,25.93,0.0,18.0,3880.0,13.0,-0.58,0.01,-0.94,-0.38,-11.81,-2.03,3.19,542.0,TEST2RR,AKR_TEST2RR,0.0,1.0,1.0,100.0
338340,2,walk,walk,17775,,17775.0,20.0,2.0,6.0,2.0,-4.19,0.0,-0.03,-0.083,40.0,25.93,0.0,18.0,3880.0,13.0,-0.51,0.01,-0.94,-0.39,-10.32,-1.58,2.91,542.0,TEST2RR,AKR_TEST2RR,0.0,1.0,1.0,100.0
338400,2,walk,walk,17776,,17776.0,20.0,2.0,6.0,2.0,-4.05,0.0,-0.006,-0.061,40.0,25.9,0.0,18.0,3880.0,13.0,-0.46,0.01,-0.94,-0.39,-8.72,-1.19,2.65,542.0,TEST2RR,AKR_TEST2RR,0.0,1.0,1.0,100.0
338400,2,walk,walk,17777,,17777.0,20.0,2.0,6.0,2.0,-3.91,0.0,-0.041,-0.101,40.0,25.93,0.0,18.0,3880.0,13.0,-0.41,0.01,-0.94,-0.4,-7.07,-0.86,2.42,542.0,TEST2RR,AKR_TEST2RR,0.0,1.0,1.0,100.0
338400,2,walk,walk,17778,,17778.0,20.0,2.0,6.0,2.0,-3.78,0.0,0.005,-0.078,40.0,25.93,0.0,18.0,3880.0,13.0,-0.37,0.01,-0.94,-0.4,-5.41,-0.58,2.21,542.0,TEST2RR,AKR_TEST2RR,0.0,1.0,1.0,100.0
338440,2,walk,walk,17779,,17779.0,20.0,2.0,6.0,2.0,-3.65,0.0,0.014,-0.065,40.0,25.93,0.0,18.0,3880.0,13.0,-0.34,0.01,-0.93,-0.4,-3.81,-0.35,2.02,542.0,TEST2RR,AKR_TEST2RR,0.0,1.0,1.0,100.0
338440,2,walk,walk,17780,,17780.0,20.0,2.0,6.0,2.0,-3.52,0.0,0.002,-0.082,40.0,25.93,0.0,18.0,3880.0,13.0,-0.31,0.01,-0.93,-0.4,-2.3,-0.15,1.86,542.0,TEST2RR,AKR_TEST2RR,0.0,1.0,1.0,100.0
338460,2,walk,walk,17781,,17781.0,20.0,2.0,6.0,2.0,-3.4,0.001,0.062,-0.082,40.0,25.93,0.0,18.0,3880.0,13.0,-0.28,0.0,-0.93,-0.4,-0.91,0.02,1.71,542.0,TEST2RR,AKR_TEST2RR,0.0,1.0,1.0,100.0
338520,2,walk,walk,17782,,17782.0,20.0,2.0,6.0,2.0,-3.28,0.001,-0.069,-0.105,40.0,25.9,0.0,18.0,3880.0,13.0,-0.25,0.0,-0.93,-0.4,0.31,0.17,1.58,542.0,TEST2RR,AKR_TEST2RR,0.0,1.0,1.0,100.0
338540,2,walk,walk,17783,,17783.0,20.0,2.0,6.0,2.0,-3.16,0.001,-0.042,-0.078,40.0,25.93,0.0,18.0,3880.0,13.0,-0.22,0.0,-0.93,-0.4,1.36,0.29,1.45,542.0,TEST2RR,AKR_TEST2RR,0.0,1.0,1.0,100.0
338540,2,walk,walk,17784,,17784.0,20.0,2.0,6.0,2.0,-3.05,0.001,-0.056,-0.105,40.0,25.93,0.0,18.0,3880.0,13.0,-0.19,0.0,-0.93,-0.4,2.21,0.4,1.34,542.0,TEST2RR,AKR_TEST2RR,0.0,1.0,1.0,100.0
338580,2,walk,walk,17785,,17785.0,20.0,2.0,6.0,2.0,-2.95,0.001,-0.01,-0.129,40.0,25.9,0.0,18.0,3880.0,13.0,-0.17,0.0,-0.93,-0.4,2.86,0.5,1.23,542.0,TEST2RR,AKR_TEST2RR,0.0,1.0,1.0,100.0
338580,2,walk,walk,17786,,17786.0,20.0,2.0,6.0,2.0,-2.85,0.001,0.096,-0.114,40.0,25.93,0.0,18.0,3880.0,13.0,-0.15,0.0,-0.93,-0.39,3.33,0.59,1.14,542.0,TEST2RR,AKR_TEST2RR,0.0,1.0,1.0,100.0
338620,2,walk,walk,17787,,17787.0,20.0,2.0,6.0,2.0,-2.75,0.001,-0.028,-0.111,40.0,25.93,0.0,18.0,3880.0,13.0,-0.13,0.0,-0.93,-0.39,3.61,0.65,1.06,542.0,TEST2RR,AKR_TEST2RR,0.0,1.0,1.0,100.0
338620,2,walk,walk,17788,,17788.0,20.0,2.0,6.0,2.0,-2.66,0.0,0.023,-0.055,40.0,25.9,0.0,18.0,3880.0,13.0,-0.12,0.0,-0.93,-0.39,3.73,0.71,0.99,542.0,TEST2RR,AKR_TEST2RR,0.0,1.0,1.0,100.0
338620,2,walk,walk,17789,,17789.0,20.0,2.0,6.0,2.0,-2.57,0.0,0.022,-0.146,40.0,25.93,0.0,18.0,3880.0,13.0,-0.11,0.0,-0.93,-0.38,3.71,0.74,0.94,542.0,TEST2RR,AKR_TEST2RR,0.0,1.0,1.0,100.0
338640,2,walk,walk,17790,,17790.0,20.0,2.0,6.0,2.0,-2.48,0.001,-0.068,-0.089,40.0,25.93,0.0,18.0,3880.0,13.0,-0.1,0.0,-0.93,-0.38,3.58,0.77,0.91,542.0,TEST2RR,AKR_TEST2RR,0.0,1.0,1.0,100.0
338680,2,walk,walk,17791,,17791.0,20.0,2.0,6.0,2.0,-2.4,0.001,0.108,-0.131,40.0,25.9,0.0,18.0,3880.0,13.0,-0.1,0.0,-0.93,-0.38,3.35,0.79,0.88,542.0,TEST2RR,AKR_TEST2RR,0.0,1.0,1.0,100.0
338680,2,walk,walk,17792,,17792.0,20.0,2.0,6.0,2.0,-2.32,0.001,0.048,-0.104,40.0,25.93,0.0,18.0,3880.0,13.0,-0.09,0.0,-0.93,-0.38,3.07,0.79,0.86,542.0,TEST2RR,AKR_TEST2RR,0.0,1.0,1.0,100.0
338720,2,walk,walk,17793,,17793.0,20.0,2.0,6.0,2.0,-2.25,0.001,0.011,-0.075,40.0,25.93,0.0,18.0,3880.0,13.0,-0.08,0.0,-0.93,-0.38,2.74,0.8,0.84,542.0,TEST2RR,AKR_TEST2RR,0.0,1.0,1.0,100.0
338740,2,walk,walk,17794,,17794.0,20.0,2.0,6.0,2.0,-2.18,0.0,-0.049,-0.09,40.0,25.9,0.0,18.0,3880.0,13.0,-0.08,0.0,-0.93,-0.37,2.39,0.8,0.82,542.0,TEST2RR,AKR_TEST2RR,0.0,1.0,1.0,100.0
338740,2,walk,walk,17795,,17795.0,20.0,2.0,6.0,2.0,-2.11,0.001,0.054,-0.082,40.0,25.93,0.0,18.0,3880.0,13.0,-0.08,0.0,-0.94,-0.37,2.04,0.79,0.8,542.0,TEST2RR,AKR_TEST2RR,0.0,1.0,1.0,100.0
338760,2,walk,walk,17796,,17796.0,20.0,2.0,6.0,2.0,-2.04,0.001,0.007,-0.106,40.0,25.93,0.0,18.0,3880.0,13.0,-0.07,0.0,-0.94,-0.37,1.7,0.79,0.77,542.0,TEST2RR,AKR_TEST2RR,0.0,1.0,1.0,100.0
338800,2,walk,walk,17797,,17797.0,20.0,2.0,6.0,2.0,-1.98,0.001,-0.032,-0.112,40.0,25.93,0.0,18.0,3880.0,13.0,-0.07,0.0,-0.94,-0.37,1.4,0.79,0.74,542.0,TEST2RR,AKR_TEST2RR,0.0,1.0,1.0,100.0
338820,2,walk,walk,17798,,17798.0,20.0,2.0,6.0,2.0,-1.92,0.001,-0.028,-0.087,40.0,25.9,0.0,18.0,3880.0,13.0,-0.07,0.0,-0.94,-0.37,1.13,0.78,0.71,542.0,TEST2RR,AKR_TEST2RR,0.0,1.0,1.0,100.0
338820,2,walk,walk,17799,,17799.0,20.0,2.0,6.0,2.0,-1.86,0.0,-0.087,-0.066,40.0,25.93,0.0,18.0,3880.0,13.0,-0.07,0.0,-0.94,-0.38,0.9,0.78,0.69,542.0,TEST2RR,AKR_TEST2RR,0.0,1.0,1.0,100.0
338860,2,walk,walk,17800,,17800.0,20.0,2.0,6.0,2.0,-1.8,0.001,-0.104,-0.106,40.0,25.9,0.0,18.0,3880.0,13.0,-0.07,0.0,-0.94,-0.38,0.74,0.78,0.66,542.0,TEST2RR,AKR_TEST2RR,0.0,1.0,1.0,100.0
338880,2,walk,walk,17801,,17801.0,20.0,2.0,6.0,2.0,-1.75,0.001,0.065,-0.119,40.0,25.93,0.0,18.0,3880.0,13.0,-0.07,0.0,-0.94,-0.38,0.62,0.78,0.63,542.0,TEST2RR,AKR_TEST2RR,0.0,1.0,1.0,100.0
338900,2,walk,walk,17802,,17802.0,20.0,2.0,6.0,2.0,-1.7,0.001,-0.022,-0.088,40.0,25.93,0.0,18.0,3880.0,13.0,-0.07,0.0,-0.94,-0.38,0.56,0.78,0.6,542.0,TEST2RR,AKR_TEST2RR,0.0,1.0,1.0,100.0
338920,2,walk,walk,17803,,17803.0,20.0,2.0,6.0,2.0,-1.65,0.001,0.034,-0.156,40.0,25.9,0.0,18.0,3880.0,13.0,-0.07,0.0,-0.94,-0.38,0.54,0.78,0.58,542.0,TEST2RR,AKR_TEST2RR,0.0,1.0,1.0,100.0
338920,2,walk,walk,17804,,17804.0,20.0,2.0,6.0,2.0,-1.6,0.001,0.021,-0.125,40.0,25.93,0.0,18.0,3880.0,13.0,-0.08,0.0,-0.94,-0.38,0.57,0.79,0.57,542.0,TEST2RR,AKR_TEST2RR,0.0,1.0,1.0,100.0
338940,2,walk,walk,17805,,17805.0,20.0,2.0,6.0,2.0,-1.55,0.001,0.061,-0.124,40.0,25.93,0.0,18.0,3880.0,13.0,-0.08,0.0,-0.94,-0.38,0.64,0.8,0.56,542.0,TEST2RR,AKR_TEST2RR,0.0,1.0,1.0,100.0
338980,2,walk,walk,17806,,17806.0,20.0,2.0,6.0,2.0,-1.51,0.0,-0.115,-0.068,40.0,25.93,0.0,18.0,3880.0,13.0,-0.09,0.0,-0.94,-0.38,0.75,0.82,0.57,542.0,TEST2RR,AKR_TEST2RR,0.0,1.0,1.0,100.0
339000,2,walk,walk,17807,,17807.0,20.0,2.0,6.0,2.0,-1.46,0.001,-0.032,-0.144,40.0,25.9,0.0,18.0,3880.0,13.0,-0.1,0.0,-0.94,-0.38,0.89,0.84,0.58,542.0,TEST2RR,AKR_TEST2RR,0.0,1.0,1.0,100.0
339000,2,walk,walk,17808,,17808.0,20.0,2.0,6.0,2.0,-1.42,0.0,-0.056,-0.087,40.0,25.93,0.0,18.0,3880.0,13.0,-0.11,0.0,-0.93,-0.38,1.05,0.85,0.6,542.0,TEST2RR,AKR_TEST2RR,0.0,1.0,1.0,100.0
339040,2,walk,walk,17809,,17809.0,20.0,2.0,6.0,2.0,-1.38,0.001,-0.021,-0.11,40.0,25.9,0.0,18.0,3880.0,13.0,-0.11,0.0,-0.93,-0.38,1.22,0.85,0.62,542.0,TEST2RR,AKR_TEST2RR,0.0,1.0,1.0,100.0
339060,2,walk,walk,17810,,17810.0,20.0,2.0,6.0,2.0,-1.34,0.001,0.023,-0.09,40.0,25.9,0.0,18.0,3880.0,13.0,-0.12,0.0,-0.93,-0.38,1.38,0.84,0.63,543.0,TEST2RR,AKR_TEST2RR,0.0,1.0,1.0,100.0
339080,2,walk,walk,17811,,17811.0,20.0,2.0,6.0,2.0,-1.3,0.001,-0.058,-0.089,40.0,25.93,0.0,18.0,3880.0,13.0,-0.12,0.0,-0.93,-0.38,1.53,0.84,0.65,543.0,TEST2RR,AKR_TEST2RR,0.0,1.0,1.0,100.0
339100,2,walk,walk,17812,,17812.0,20.0,2.0,6.0,2.0,-1.26,0.001,0.036,-0.079,40.0,25.93,0.0,18.0,3880.0,13.0,-0.12,0.0,-0.93,-0.38,1.65,0.83,0.67,543.0,TEST2RR,AKR_TEST2RR,0.0,1.0,1.0,100.0
339100,2,walk,walk,17813,,17813.0,20.0,2.0,6.0,2.0,-1.23,0.0,-0.076,-0.051,40.0,25.9,0.0,18.0,3880.0,13.0,-0.11,0.0,-0.93,-0.38,1.74,0.83,0.67,543.0,TEST2RR,AKR_TEST2RR,0.0,1.0,1.0,100.0
339120,2,walk,walk,17814,,17814.0,20.0,2.0,6.0,2.0,-1.19,0.001,0.064,-0.115,40.0,25.93,0.0,18.0,3880.0,13.0,-0.1,0.0,-0.93,-0.38,1.77,0.84,0.67,543.0,TEST2RR,AKR_TEST2RR,0.0,1.0,1.0,100.0
339160,2,walk,walk,17815,,17815.0,20.0,2.0,6.0,2.0,-1.16,0.001,0.068,-0.135,40.0,25.9,0.0,18.0,3880.0,13.0,-0.09,0.0,-0.93,-0.38,1.76,0.85,0.65,543.0,TEST2RR,AKR_TEST2RR,0.0,1.0,1.0,100.0
339180,2,walk,walk,17816,,17816.0,20.0,2.0,6.0,2.0,-1.12,0.001,0.03,-0.115,40.0,25.93,0.0,18.0,3880.0,13.0,-0.08,0.0,-0.93,-0.38,1.7,0.87,0.63,543.0,TEST2RR,AKR_TEST2RR,0.0,1.0,1.0,100.0
339180,2,walk,walk,17817,,17817.0,20.0,2.0,6.0,2.0,-1.09,0.001,0.03,-0.097,40.0,25.93,0.0,18.0,3880.0,13.0,-0.07,0.0,-0.93,-0.38,1.6,0.9,0.59,543.0,TEST2RR,AKR_TEST2RR,0.0,1.0,1.0,100.0
339240,2,walk,walk,17818,,17818.0,20.0,2.0,6.0,2.0,-1.06,0.001,0.033,-0.092,40.0,25.93,0.0,18.0,3880.0,13.0,-0.06,0.0,-0.93,-0.38,1.47,0.92,0.54,543.0,TEST2RR,AKR_TEST2RR,0.0,1.0,1.0,100.0
339240,2,walk,walk,17819,,17819.0,20.0,2.0,6.0,2.0,-1.02,0.001,-0.045,-0.107,40.0,25.93,0.0,18.0,3880.0,13.0,-0.05,0.0,-0.93,-0.38,1.31,0.95,0.49,543.0,TEST2RR,AKR_TEST2RR,0.0,1.0,1.0,100.0
339240,2,walk,walk,17820,,17820.0,20.0,2.0,6.0,2.0,-0.99,0.001,-0.003,-0.114,40.0,25.93,0.0,18.0,3880.0,13.0,-0.05,0.0,-0.93,-0.38,1.14,0.97,0.44,543.0,TEST2RR,AKR_TEST2RR,0.0,1.0,1.0,100.0
339280,2,walk,walk,17821,,17821.0,20.0,2.0,6.0,2.0,-0.96,0.001,-0.06,-0.095,40.0,25.93,0.0,18.0,3880.0,13.0,-0.06,0.0,-0.94,-0.38,0.98,1.0,0.4,543.0,TEST2RR,AKR_TEST2RR,0.0,1.0,1.0,100.0
339280,2,walk,walk,17822,,17822.0,20.0,2.0,6.0,2.0,-0.93,0.001,0.01,-0.137,40.0,25.93,0.0,18.0,3880.0,13.0,-0.06,0.0,-0.94,-0.38,0.82,1.03,0.38,543.0,TEST2RR,AKR_TEST2RR,0.0,1.0,1.0,100.0
339300,2,walk,walk,17823,,17823.0,20.0,2.0,6.0,2.0,-0.91,0.001,0.064,-0.163,40.0,25.9,0.0,18.0,3880.0,13.0,-0.08,0.0,-0.94,-0.38,0.7,1.04,0.39,543.0,TEST2RR,AKR_TEST2RR,0.0,1.0,1.0,100.0
339340,2,walk,walk,17824,,17824.0,20.0,2.0,6.0,2.0,-0.88,0.001,0.03,-0.072,40.0,25.93,0.0,18.0,3880.0,13.0,-0.09,0.0,-0.94,-0.38,0.62,1.05,0.41,543.0,TEST2RR,AKR_TEST2RR,0.0,1.0,1.0,100.0
339340,2,walk,walk,17825,,17825.0,20.0,2.0,6.0,2.0,-0.85,0.0,-0.079,-0.059,40.0,25.93,0.0,18.0,3880.0,13.0,-0.1,0.0,-0.94,-0.38,0.57,1.05,0.45,543.0,TEST2RR,AKR_TEST2RR,0.0,1.0,1.0,100.0
339380,2,walk,walk,17826,,17826.0,20.0,2.0,6.0,2.0,-0.82,0.001,-0.13,-0.074,40.0,25.93,0.0,18.0,3880.0,13.0,-0.11,0.0,-0.94,-0.38,0.58,1.05,0.49,543.0,TEST2RR,AKR_TEST2RR,0.0,1.0,1.0,100.0
339400,2,walk,walk,17827,,17827.0,20.0,2.0,6.0,2.0,-0.8,0.001,-0.061,-0.102,40.0,25.93,0.0,18.0,3880.0,13.0,-0.11,0.0,-0.94,-0.38,0.63,1.04,0.53,543.0,TEST2RR,AKR_TEST2RR,0.0,1.0,1.0,100.0
339400,2,walk,walk,17828,,17828.0,20.0,2.0,6.0,2.0,-0.77,0.001,-0.007,-0.114,40.0,25.93,0.0,18.0,3880.0,13.0,-0.11,0.0,-0.93,-0.38,0.71,1.03,0.55,543.0,TEST2RR,AKR_TEST2RR,0.0,1.0,1.0,100.0
339420,2,walk,walk,17829,,17829.0,20.0,2.0,6.0,2.0,-0.75,0.001,0.041,-0.069,40.0,25.93,0.0,18.0,3880.0,13.0,-0.11,0.0,-0.93,-0.38,0.81,1.02,0.57,543.0,TEST2RR,AKR_TEST2RR,0.0,1.0,1.0,100.0
339460,2,walk,walk,17830,,17830.0,20.0,2.0,6.0,2.0,-0.73,0.001,0.064,-0.128,40.0,25.93,0.0,18.0,3880.0,13.0,-0.11,0.0,-0.93,-0.38,0.93,1.0,0.57,543.0,TEST2RR,AKR_TEST2RR,0.0,1.0,1.0,100.0
339460,2,walk,walk,17831,,17831.0,20.0,2.0,6.0,2.0,-0.7,0.001,-0.07,-0.136,40.0,25.93,0.0,18.0,3880.0,13.0,-0.1,0.0,-0.93,-0.38,1.04,0.98,0.56,543.0,TEST2RR,AKR_TEST2RR,0.0,1.0,1.0,100.0
339480,2,walk,walk,17832,,17832.0,20.0,2.0,6.0,2.0,-0.68,0.001,-0.092,-0.108,40.0,25.93,0.0,18.0,3880.0,13.0,-0.1,0.0,-0.93,-0.38,1.15,0.96,0.53,543.0,TEST2RR,AKR_TEST2RR,0.0,1.0,1.0,100.0
339520,2,walk,walk,17833,,17833.0,20.0,2.0,6.0,2.0,-0.66,0.001,0.041,-0.098,40.0,25.93,0.0,18.0,3880.0,13.0,-0.1,0.0,-0.93,-0.38,1.23,0.94,0.5,543.0,TEST2RR,AKR_TEST2RR,0.0,1.0,1.0,100.0
339540,2,walk,walk,17834,,17834.0,20.0,2.0,6.0,2.0,-0.64,0.001,-0.042,-0.1,40.0,25.93,0.0,18.0,3880.0,13.0,-0.1,0.0,-0.93,-0.38,1.29,0.92,0.46,543.0,TEST2RR,AKR_TEST2RR,0.0,1.0,1.0,100.0
339580,2,walk,walk,17835,,17835.0,20.0,2.0,6.0,2.0,-0.62,0.001,-0.111,-0.141,40.0,25.9,0.0,18.0,3880.0,13.0,-0.1,0.0,-0.93,-0.38,1.32,0.9,0.43,543.0,TEST2RR,AKR_TEST2RR,0.0,1.0,1.0,100.0
339580,2,walk,walk,17836,,17836.0,20.0,2.0,6.0,2.0,-0.6,0.001,-0.054,-0.082,40.0,25.93,0.0,18.0,3880.0,13.0,-0.1,0.0,-0.93,-0.38,1.33,0.89,0.4,543.0,TEST2RR,AKR_TEST2RR,0.0,1.0,1.0,100.0
339600,2,walk,walk,17837,,17837.0,20.0,2.0,6.0,2.0,-0.58,0.001,0.015,-0.139,40.0,25.93,0.0,18.0,3880.0,13.0,-0.1,0.0,-0.93,-0.38,1.32,0.88,0.39,543.0,TEST2RR,AKR_TEST2RR,0.0,1.0,1.0,100.0
339600,2,walk,walk,17838,,17838.0,20.0,2.0,6.0,2.0,-0.56,0.001,0.002,-0.133,40.0,25.93,0.0,18.0,3880.0,13.0,-0.11,0.0,-0.93,-0.38,1.3,0.87,0.38,543.0,TEST2RR,AKR_TEST2RR,0.0,1.0,1.0,100.0
339640,2,walk,walk,17839,,17839.0,20.0,2.0,6.0,2.0,-0.54,0.001,-0.015,-0.134,40.0,25.93,0.0,18.0,3880.0,13.0,-0.12,0.0,-0.93,-0.38,1.27,0.87,0.38,543.0,TEST2RR,AKR_TEST2RR,0.0,1.0,1.0,100.0
339660,2,walk,walk,17840,,17840.0,20.0,2.0,6.0,2.0,-0.52,0.001,0.054,-0.111,40.0,25.93,0.0,18.0,3880.0,13.0,-0.13,0.0,-0.93,-0.38,1.25,0.88,0.4,543.0,TEST2RR,AKR_TEST2RR,0.0,1.0,1.0,100.0
339660,2,walk,walk,17841,,17841.0,20.0,2.0,6.0,2.0,-0.5,0.001,0.079,-0.099,40.0,25.9,0.0,18.0,3880.0,13.0,-0.13,0.0,-0.93,-0.38,1.24,0.88,0.42,543.0,TEST2RR,AKR_TEST2RR,0.0,1.0,1.0,100.0
339720,2,walk,walk,17842,,17842.0,20.0,2.0,6.0,2.0,-0.49,0.001,-0.037,-0.112,40.0,25.93,0.0,18.0,3880.0,13.0,-0.14,0.0,-0.93,-0.38,1.26,0.88,0.44,543.0,TEST2RR,AKR_TEST2RR,0.0,1.0,1.0,100.0
339720,2,walk,walk,17843,,17843.0,20.0,2.0,6.0,2.0,-0.47,0.001,0.1,-0.148,40.0,25.93,0.0,18.0,3880.0,13.0,-0.15,0.0,-0.93,-0.38,1.3,0.89,0.47,543.0,TEST2RR,AKR_TEST2RR,0.0,1.0,1.0,100.0
339720,2,walk,walk,17844,,17844.0,20.0,2.0,6.0,2.0,-0.45,0.001,0.052,-0.082,40.0,25.9,0.0,18.0,3880.0,13.0,-0.16,0.0,-0.93,-0.38,1.36,0.89,0.5,543.0,TEST2RR,AKR_TEST2RR,0.0,1.0,1.0,100.0
339740,2,walk,walk,17845,,17845.0,20.0,2.0,6.0,2.0,-0.44,0.001,0.029,-0.104,40.0,25.9,0.0,18.0,3880.0,13.0,-0.16,0.0,-0.93,-0.38,1.44,0.89,0.53,543.0,TEST2RR,AKR_TEST2RR,0.0,1.0,1.0,100.0
339760,2,walk,walk,17846,,17846.0,20.0,2.0,6.0,2.0,-0.42,0.001,-0.018,-0.14,40.0,25.93,0.0,18.0,3880.0,13.0,-0.17,0.0,-0.93,-0.38,1.52,0.9,0.56,543.0,TEST2RR,AKR_TEST2RR,0.0,1.0,1.0,100.0
339800,2,walk,walk,17847,,17847.0,20.0,2.0,6.0,2.0,-0.41,0.001,0.044,-0.107,40.0,25.9,0.0,18.0,3880.0,13.0,-0.17,0.0,-0.93,-0.38,1.6,0.9,0.59,543.0,TEST2RR,AKR_TEST2RR,0.0,1.0,1.0,100.0
339820,2,walk,walk,17848,,17848.0,20.0,2.0,6.0,2.0,-0.39,0.001,0.036,-0.111,40.0,25.9,0.0,18.0,3880.0,13.0,-0.17,0.0,-0.93,-0.38,1.67,0.9,0.62,543.0,TEST2RR,AKR_TEST2RR,0.0,1.0,1.0,100.0
339820,2,walk,walk,17849,,17849.0,20.0,2.0,6.0,2.0,-0.38,0.001,0.081,-0.142,40.0,25.93,0.0,18.0,3880.0,13.0,-0.17,0.0,-0.93,-0.38,1.72,0.89,0.66,543.0,TEST2RR,AKR_TEST2RR,0.0,1.0,1.0,100.0
339840,2,walk,walk,17850,,17850.0,20.0,2.0,6.0,2.0,-0.36,0.001,-0.057,-0.144,40.0,25.9,0.0,18.0,3880.0,13.0,-0.17,0.0,-0.93,-0.38,1.75,0.88,0.7,543.0,TEST2RR,AKR_TEST2RR,0.0,1.0,1.0,100.0
339880,2,walk,walk,17851,,17851.0,20.0,2.0,6.0,2.0,-0.35,0.001,-0.013,-0.126,40.0,25.9,0.0,18.0,3880.0,13.0,-0.17,0.0,-0.93,-0.38,1.75,0.86,0.73,543.0,TEST2RR,AKR_TEST2RR,0.0,1.0,1.0,100.0
339900,2,walk,walk,17852,,17852.0,20.0,2.0,6.0,2.0,-0.33,0.001,0.002,-0.07,40.0,25.9,0.0,18.0,3880.0,13.0,-0.16,0.0,-0.93,-0.38,1.72,0.83,0.76,543.0,TEST2RR,AKR_TEST2RR,0.0,1.0,1.0,100.0
339900,2,walk,walk,17853,,17853.0,20.0,2.0,6.0,2.0,-0.32,0.001,-0.01,-0.092,40.0,25.9,0.0,18.0,3880.0,13.0,-0.16,0.0,-0.93,-0.38,1.67,0.8,0.78,543.0,TEST2RR,AKR_TEST2RR,0.0,1.0,1.0,100.0
339940,2,walk,walk,17854,,17854.0,20.0,2.0,6.0,2.0,-0.31,0.001,-0.019,-0.111,40.0,25.93,0.0,18.0,3880.0,13.0,-0.15,0.0,-0.93,-0.38,1.59,0.77,0.8,543.0,TEST2RR,AKR_TEST2RR,0.0,1.0,1.0,100.0
339960,2,walk,walk,17855,,17855.0,20.0,2.0,6.0,2.0,-0.29,0.0,-0.064,-0.149,40.0,25.93,0.0,18.0,3880.0,13.0,-0.14,0.0,-0.93,-0.38,1.5,0.74,0.82,543.0,TEST2RR,AKR_TEST2RR,0.0,1.0,1.0,100.0
339960,2,walk,walk,17856,,17856.0,20.0,2.0,6.0,2.0,-0.28,0.001,-0.045,-0.087,40.0,25.9,0.0,18.0,3880.0,13.0,-0.14,0.0,-0.93,-0.38,1.39,0.72,0.83,543.0,TEST2RR,AKR_TEST2RR,0.0,1.0,1.0,100.0
340000,2,walk,walk,17857,,17857.0,20.0,2.0,6.0,2.0,-0.26,0.001,0.053,-0.069,40.0,25.9,0.0,18.0,3880.0,13.0,-0.13,0.0,-0.93,-0.38,1.29,0.71,0.84,543.0,TEST2RR,AKR_TEST2RR,0.0,1.0,1.0,100.0
340020,2,walk,walk,17858,,17858.0,20.0,2.0,6.0,2.0,-0.25,0.001,0.022,-0.073,40.0,25.93,0.0,18.0,3880.0,13.0,-0.12,0.0,-0.93,-0.38,1.19,0.72,0.85,543.0,TEST2RR,AKR_TEST2RR,0.0,1.0,1.0,100.0
340080,2,walk,walk,17859,,17859.0,20.0,2.0,6.0,2.0,-0.23,0.001,0.103,-0.194,40.0,25.9,0.0,18.0,3880.0,13.0,-0.12,0.0,-0.93,-0.38,1.09,0.73,0.85,543.0,TEST2RR,AKR_TEST2RR,0.0,1.0,1.0,100.0
340080,2,walk,walk,17860,,17860.0,20.0,2.0,6.0,2.0,-0.22,0.001,-0.007,-0.138,40.0,25.9,0.0,18.0,3880.0,13.0,-0.11,0.0,-0.93,-0.38,1.02,0.75,0.84,543.0,TEST2RR,AKR_TEST2RR,0.0,1.0,1.0,100.0
340080,2,walk,walk,17861,,17861.0,20.0,2.0,6.0,2.0,-0.2,0.001,0.015,-0.044,40.0,25.93,0.0,18.0,3880.0,13.0,-0.11,0.0,-0.93,-0.38,0.96,0.76,0.83,543.0,TEST2RR,AKR_TEST2RR,0.0,1.0,1.0,100.0
340080,2,walk,walk,17862,,17862.0,20.0,2.0,6.0,2.0,-0.19,0.001,0.228,-0.12,40.0,25.93,0.0,18.0,3880.0,13.0,-0.11,0.0,-0.93,-0.38,0.93,0.78,0.82,543.0,TEST2RR,AKR_TEST2RR,0.0,1.0,1.0,100.0
340120,2,walk,walk,17863,,17863.0,20.0,2.0,6.0,2.0,-0.17,0.001,-0.028,-0.157,40.0,25.93,0.0,18.0,3880.0,13.0,-0.11,0.0,-0.93,-0.38,0.92,0.8,0.81,543.0,TEST2RR,AKR_TEST2RR,0.0,1.0,1.0,100.0
340160,2,walk,walk,17864,,17864.0,20.0,2.0,6.0,2.0,-0.16,0.001,0.009,-0.132,40.0,25.93,0.0,18.0,3880.0,13.0,-0.11,0.0,-0.93,-0.38,0.93,0.83,0.81,543.0,TEST2RR,AKR_TEST2RR,0.0,1.0,1.0,100.0
340180,2,walk,walk,17865,,17865.0,20.0,2.0,6.0,2.0,-0.14,0.001,0.028,-0.116,40.0,25.93,0.0,18.0,3880.0,13.0,-0.1,0.0,-0.93,-0.38,0.96,0.86,0.8,544.0,TEST2RR,AKR_TEST2RR,0.0,1.0,1.0,100.0
340240,2,walk,walk,17866,,17866.0,20.0,2.0,6.0,2.0,-0.13,0.001,0.079,-0.109,40.0,25.93,0.0,18.0,3880.0,13.0,-0.1,0.0,-0.93,-0.38,1.02,0.89,0.8,544.0,TEST2RR,AKR_TEST2RR,0.0,1.0,1.0,100.0
340260,2,walk,walk,17867,,17867.0,20.0,2.0,6.0,2.0,-0.11,0.001,0.009,-0.119,40.0,25.93,0.0,18.0,3880.0,13.0,-0.1,0.0,-0.93,-0.38,1.09,0.92,0.8,544.0,TEST2RR,AKR_TEST2RR,0.0,1.0,1.0,100.0
340260,2,walk,walk,17868,,17868.0,20.0,2.0,6.0,2.0,-0.1,0.001,0.021,-0.084,40.0,25.93,0.0,18.0,3880.0,13.0,-0.1,0.0,-0.93,-0.38,1.17,0.95,0.8,544.0,TEST2RR,AKR_TEST2RR,0.0,1.0,1.0,100.0
340300,2,walk,walk,17869,,17869.0,20.0,2.0,6.0,2.0,-0.08,0.0,0.01,-0.105,40.0,25.9,0.0,18.0,3880.0,13.0,-0.09,0.0,-0.93,-0.38,1.26,0.98,0.79,544.0,TEST2RR,AKR_TEST2RR,0.0,1.0,1.0,100.0
340300,2,walk,walk,17870,,17870.0,20.0,2.0,6.0,2.0,-0.07,0.001,0.073,-0.111,40.0,25.93,0.0,18.0,3880.0,13.0,-0.09,0.0,-0.93,-0.38,1.34,1.01,0.78,544.0,TEST2RR,AKR_TEST2RR,0.0,1.0,1.0,100.0
340320,2,walk,walk,17871,,17871.0,20.0,2.0,6.0,2.0,-0.05,0.001,-0.069,-0.131,40.0,25.93,0.0,18.0,3880.0,13.0,-0.09,0.0,-0.93,-0.38,1.41,1.03,0.77,544.0,TEST2RR,AKR_TEST2RR,0.0,1.0,1.0,100.0
340320,2,walk,walk,17872,,17872.0,20.0,2.0,6.0,2.0,-0.04,0.001,-0.045,-0.125,40.0,25.93,0.0,18.0,3880.0,13.0,-0.08,0.0,-0.93,-0.38,1.46,1.05,0.75,544.0,TEST2RR,AKR_TEST2RR,0.0,1.0,1.0,100.0
340320,2,walk,walk,17873,,17873.0,20.0,2.0,6.0,2.0,-0.03,0.001,0.006,-0.108,40.0,25.93,0.0,18.0,3880.0,13.0,-0.08,0.0,-0.93,-0.38,1.49,1.06,0.73,544.0,TEST2RR,AKR_TEST2RR,0.0,1.0,1.0,100.0
340320,2,walk,walk,17874,,17874.0,20.0,2.0,6.0,2.0,-0.01,0.001,0.019,-0.14,40.0,25.93,0.0,18.0,3880.0,13.0,-0.08,0.0,-0.93,-0.38,1.5,1.07,0.71,544.0,TEST2RR,AKR_TEST2RR,0.0,1.0,1.0,100.0
340360,2,walk,walk,17875,,17875.0,20.0,2.0,6.0,2.0,0.0,0.001,-0.005,-0.096,40.0,25.93,0.0,18.0,3880.0,13.0,-0.08,0.0,-0.93,-0.38,1.49,1.07,0.69,544.0,TEST2RR,AKR_TEST2RR,0.0,1.0,1.0,100.0
340380,2,walk,walk,17876,,17876.0,20.0,2.0,6.0,2.0,0.02,0.001,-0.061,-0.138,40.0,25.93,0.0,18.0,3880.0,13.0,-0.09,0.0,-0.93,-0.38,1.46,1.07,0.68,544.0,TEST2RR,AKR_TEST2RR,0.0,1.0,1.0,100.0
340380,2,walk,walk,17877,,17877.0,20.0,2.0,6.0,2.0,0.03,0.001,-0.057,-0.134,40.0,25.93,0.0,18.0,3880.0,13.0,-0.09,0.0,-0.93,-0.38,1.42,1.06,0.66,544.0,TEST2RR,AKR_TEST2RR,0.0,1.0,1.0,100.0
340420,2,walk,walk,17878,,17878.0,20.0,2.0,6.0,2.0,0.04,0.001,0.04,-0.13,40.0,25.93,0.0,18.0,3880.0,13.0,-0.09,0.0,-0.93,-0.38,1.38,1.06,0.66,544.0,TEST2RR,AKR_TEST2RR,0.0,1.0,1.0,100.0
340420,2,walk,walk,17879,,17879.0,20.0,2.0,6.0,2.0,0.05,0.0,-0.1,-0.111,40.0,25.93,0.0,18.0,3880.0,13.0,-0.09,0.0,-0.93,-0.38,1.35,1.05,0.65,544.0,TEST2RR,AKR_TEST2RR,0.0,1.0,1.0,100.0
340440,2,walk,walk,17880,,17880.0,20.0,2.0,6.0,2.0,0.07,0.0,-0.058,-0.141,40.0,25.93,0.0,18.0,3880.0,13.0,-0.09,0.0,-0.93,-0.38,1.32,1.05,0.65,544.0,TEST2RR,AKR_TEST2RR,0.0,1.0,1.0,100.0
340480,2,walk,walk,17881,,17881.0,20.0,2.0,6.0,2.0,0.08,0.001,-0.01,-0.083,40.0,25.93,0.0,18.0,3880.0,13.0,-0.09,0.0,-0.93,-0.38,1.32,1.03,0.65,544.0,TEST2RR,AKR_TEST2RR,0.0,1.0,1.0,100.0
340500,2,walk,walk,17882,,17882.0,20.0,2.0,6.0,2.0,0.09,0.001,0.011,-0.067,40.0,25.9,0.0,18.0,3880.0,13.0,-0.09,0.0,-0.93,-0.38,1.33,1.02,0.66,544.0,TEST2RR,AKR_TEST2RR,0.0,1.0,1.0,100.0
340520,2,walk,walk,17883,,17883.0,20.0,2.0,6.0,2.0,0.1,0.001,0.101,-0.097,40.0,25.93,0.0,18.0,3880.0,13.0,-0.09,0.0,-0.93,-0.38,1.35,1.01,0.67,544.0,TEST2RR,AKR_TEST2RR,0.0,1.0,1.0,100.0
340540,2,walk,walk,17884,,17884.0,20.0,2.0,6.0,2.0,0.11,0.001,0.03,-0.072,40.0,25.93,0.0,18.0,3880.0,13.0,-0.09,0.0,-0.93,-0.38,1.39,1.01,0.67,544.0,TEST2RR,AKR_TEST2RR,0.0,1.0,1.0,100.0
340540,2,walk,walk,17885,,17885.0,20.0,2.0,6.0,2.0,0.12,0.001,0.068,-0.109,40.0,25.9,0.0,18.0,3880.0,13.0,-0.09,0.0,-0.93,-0.38,1.44,1.0,0.68,544.0,TEST2RR,AKR_TEST2RR,0.0,1.0,1.0,100.0
340560,2,walk,walk,17886,,17886.0,20.0,2.0,6.0,2.0,0.13,0.001,0.048,-0.093,40.0,25.93,0.0,18.0,3880.0,13.0,-0.08,0.0,-0.93,-0.38,1.48,1.0,0.69,544.0,TEST2RR,AKR_TEST2RR,0.0,1.0,1.0,100.0
340580,2,walk,walk,17887,,17887.0,20.0,2.0,6.0,2.0,0.14,0.001,-0.029,-0.115,40.0,25.93,0.0,18.0,3880.0,13.0,-0.08,0.0,-0.93,-0.38,1.51,0.99,0.71,544.0,TEST2RR,AKR_TEST2RR,0.0,1.0,1.0,100.0
340600,2,walk,walk,17888,,17888.0,20.0,2.0,6.0,2.0,0.15,0.001,-0.005,-0.137,40.0,25.93,0.0,18.0,3880.0,13.0,-0.08,0.0,-0.93,-0.38,1.53,0.99,0.71,544.0,TEST2RR,AKR_TEST2RR,0.0,1.0,1.0,100.0
340620,2,walk,walk,17889,,17889.0,20.0,2.0,6.0,2.0,0.16,0.001,-0.05,-0.084,40.0,25.93,0.0,18.0,3880.0,13.0,-0.07,0.0,-0.93,-0.38,1.52,0.98,0.72,544.0,TEST2RR,AKR_TEST2RR,0.0,1.0,1.0,100.0
340660,2,walk,walk,17890,,17890.0,20.0,2.0,6.0,2.0,0.16,0.001,0.037,-0.115,40.0,25.93,0.0,18.0,3880.0,13.0,-0.06,0.0,-0.93,-0.38,1.48,0.97,0.71,544.0,TEST2RR,AKR_TEST2RR,0.0,1.0,1.0,100.0
340680,2,walk,walk,17891,,17891.0,20.0,2.0,6.0,2.0,0.17,0.001,-0.022,-0.113,40.0,25.9,0.0,18.0,3880.0,13.0,-0.06,0.0,-0.93,-0.38,1.41,0.96,0.69,544.0,TEST2RR,AKR_TEST2RR,0.0,1.0,1.0,100.0
340680,2,walk,walk,17892,,17892.0,20.0,2.0,6.0,2.0,0.18,0.0,0.064,-0.122,40.0,25.93,0.0,18.0,3880.0,13.0,-0.05,0.0,-0.93,-0.38,1.32,0.94,0.66,544.0,TEST2RR,AKR_TEST2RR,0.0,1.0,1.0,100.0
340720,2,walk,walk,17893,,17893.0,20.0,2.0,6.0,2.0,0.19,0.001,0.04,-0.125,40.0,25.93,0.0,18.0,3880.0,13.0,-0.04,0.0,-0.93,-0.38,1.19,0.92,0.61,544.0,TEST2RR,AKR_TEST2RR,0.0,1.0,1.0,100.0
340740,2,walk,walk,17894,,17894.0,20.0,2.0,6.0,2.0,0.2,0.001,0.045,-0.121,40.0,25.9,0.0,18.0,3880.0,13.0,-0.03,0.0,-0.93,-0.38,1.04,0.89,0.55,544.0,TEST2RR,AKR_TEST2RR,0.0,1.0,1.0,100.0
340740,2,walk,walk,17895,,17895.0,20.0,2.0,6.0,2.0,0.2,0.001,-0.066,-0.156,40.0,25.93,0.0,18.0,3880.0,13.0,-0.03,0.0,-0.93,-0.38,0.89,0.87,0.49,544.0,TEST2RR,AKR_TEST2RR,0.0,1.0,1.0,100.0
340780,2,walk,walk,17896,,17896.0,20.0,2.0,6.0,2.0,0.21,0.001,0.073,-0.153,40.0,25.93,0.0,18.0,3880.0,13.0,-0.04,0.0,-0.93,-0.38,0.74,0.84,0.42,544.0,TEST2RR,AKR_TEST2RR,0.0,1.0,1.0,100.0
